ticker,trading_day,sentiment_score_title,prob_pos_title,prob_neu_title,prob_neg_title,dir_positive_title,dir_neutral_title,dir_negative_title,confidence_title,strength_title,article_count
1155.KL,1/1/2020,0.0,0.0,0.0,0.0,0.0,0.0,0.0,0.0,0.0,0
1155.KL,1/1/2021,-0.286524,0.233246,0.246985,0.51977,0.0,0.5,0.5,0.286524,0.55443,2
1155.KL,1/1/2022,0.846712,0.908061,0.03059,0.061349,1.0,0.0,0.0,0.846712,0.908061,1
1155.KL,1/1/2023,0.0,0.0,0.0,0.0,0.0,0.0,0.0,0.0,0.0,0
1155.KL,1/1/2024,0.0,0.0,0.0,0.0,0.0,0.0,0.0,0.0,0.0,0
1155.KL,1/1/2025,0.889967,0.918808,0.05235,0.028842,1.0,0.0,0.0,0.889967,0.918808,1
1155.KL,1/1/2026,-0.648216,0.160622,0.030539,0.808839,0.0,0.0,1.0,0.648216,0.808839,1
1155.KL,1/10/2020,0.09332,0.225245,0.64283,0.131925,0.333333,0.666667,0.0,0.09332,0.756976,3
1155.KL,1/10/2021,0.17432,0.203372,0.767576,0.029052,1.0,0.0,0.0,0.17432,0.767576,1
1155.KL,1/10/2022,-0.423308,0.033165,0.510362,0.456473,0.0,0.333333,0.666667,0.455976,0.824342,3
1155.KL,1/10/2023,0.139967,0.196372,0.747223,0.056405,1.0,0.0,0.0,0.139967,0.747223,1
1155.KL,1/10/2024,-0.010535,0.48017,0.029126,0.490704,0.5,0.0,0.5,0.944426,0.95765,2
1155.KL,1/10/2025,-0.018137,0.357424,0.267014,0.375561,0.333333,0.333333,0.333333,0.501547,0.688975,3
1155.KL,1/11/2020,0.0,0.0,0.0,0.0,0.0,0.0,0.0,0.0,0.0,0
1155.KL,1/11/2021,-0.946613,0.017023,0.019341,0.963636,0.0,0.0,1.0,0.946613,0.963636,3
1155.KL,1/11/2022,0.0,0.0,0.0,0.0,0.0,0.0,0.0,0.0,0.0,0
1155.KL,1/11/2023,0.253919,0.273583,0.706753,0.019664,0.5,0.5,0.0,0.260769,0.896535,4
1155.KL,1/11/2024,-0.951412,0.012546,0.023495,0.963959,0.0,0.0,1.0,0.951412,0.963959,1
1155.KL,1/11/2025,0.176564,0.349983,0.476597,0.173419,0.4,0.2,0.4,0.347774,0.674715,5
1155.KL,1/12/2020,0.091251,0.378237,0.334776,0.286987,0.333333,0.333333,0.333333,0.393242,0.801187,3
1155.KL,1/12/2021,-0.239578,0.26423,0.231962,0.503808,0.25,0.0,0.75,0.701993,0.884923,4
1155.KL,1/12/2022,0.0,0.0,0.0,0.0,0.0,0.0,0.0,0.0,0.0,0
1155.KL,1/12/2023,0.262715,0.4615,0.339714,0.198786,0.5,0.166667,0.333333,0.58726,0.85097,6
1155.KL,1/12/2024,0.561834,0.59612,0.369595,0.034286,1.0,0.0,0.0,0.561834,0.748294,2
1155.KL,1/12/2025,0.795111,0.869049,0.057012,0.073939,1.0,0.0,0.0,0.795111,0.869049,1
1155.KL,1/2/2020,-0.916362,0.031615,0.020408,0.947977,0.0,0.0,1.0,0.916362,0.947977,2
1155.KL,1/2/2021,0.910302,0.933287,0.043728,0.022985,1.0,0.0,0.0,0.910302,0.933287,1
1155.KL,1/2/2022,0.22759,0.234716,0.758158,0.007126,1.0,0.0,0.0,0.22759,0.758158,1
1155.KL,1/2/2023,0.0,0.0,0.0,0.0,0.0,0.0,0.0,0.0,0.0,0
1155.KL,1/2/2024,0.018356,0.038498,0.941359,0.020142,0.0,1.0,0.0,0.018356,0.941359,1
1155.KL,1/2/2025,0.916247,0.944452,0.027343,0.028205,1.0,0.0,0.0,0.916247,0.944452,1
1155.KL,1/2/2026,0.0,0.0,0.0,0.0,0.0,0.0,0.0,0.0,0.0,0
1155.KL,1/3/2020,0.0,0.0,0.0,0.0,0.0,0.0,0.0,0.0,0.0,0
1155.KL,1/3/2021,0.0,0.0,0.0,0.0,0.0,0.0,0.0,0.0,0.0,0
1155.KL,1/3/2022,0.844962,0.907147,0.030667,0.062186,1.0,0.0,0.0,0.844962,0.907147,2
1155.KL,1/3/2023,0.0,0.0,0.0,0.0,0.0,0.0,0.0,0.0,0.0,0
1155.KL,1/3/2024,0.127755,0.381574,0.364606,0.253819,0.75,0.0,0.25,0.60698,0.780237,4
1155.KL,1/3/2025,-0.707633,0.042992,0.206383,0.750625,0.0,0.0,1.0,0.707633,0.750625,1
1155.KL,1/3/2026,0.0,0.0,0.0,0.0,0.0,0.0,0.0,0.0,0.0,0
1155.KL,1/4/2020,-0.685164,0.13984,0.035156,0.825004,0.0,0.0,1.0,0.685164,0.825004,3
1155.KL,1/4/2021,0.279777,0.60898,0.061818,0.329203,0.666667,0.0,0.333333,0.910587,0.924385,3
1155.KL,1/4/2022,0.0,0.0,0.0,0.0,0.0,0.0,0.0,0.0,0.0,0
1155.KL,1/4/2023,-0.091208,0.396242,0.116307,0.48745,0.5,0.0,0.5,0.86448,0.874087,2
1155.KL,1/4/2024,0.0,0.0,0.0,0.0,0.0,0.0,0.0,0.0,0.0,0
1155.KL,1/4/2025,0.0,0.0,0.0,0.0,0.0,0.0,0.0,0.0,0.0,0
1155.KL,1/5/2020,0.0,0.0,0.0,0.0,0.0,0.0,0.0,0.0,0.0,0
1155.KL,1/5/2021,0.0,0.0,0.0,0.0,0.0,0.0,0.0,0.0,0.0,0
1155.KL,1/5/2022,0.0,0.0,0.0,0.0,0.0,0.0,0.0,0.0,0.0,0
1155.KL,1/5/2023,0.0,0.0,0.0,0.0,0.0,0.0,0.0,0.0,0.0,0
1155.KL,1/5/2024,0.0,0.0,0.0,0.0,0.0,0.0,0.0,0.0,0.0,0
1155.KL,1/5/2025,0.018261,0.042,0.934262,0.023738,0.0,1.0,0.0,0.018261,0.934262,1
1155.KL,1/6/2020,0.679903,0.70746,0.264983,0.027557,1.0,0.0,0.0,0.679903,0.70746,1
1155.KL,1/6/2021,0.254845,0.48583,0.283184,0.230985,0.5,0.25,0.25,0.565618,0.874267,4
1155.KL,1/6/2022,0.0,0.0,0.0,0.0,0.0,0.0,0.0,0.0,0.0,0
1155.KL,1/6/2023,0.065151,0.442258,0.180636,0.377107,0.571429,0.0,0.428571,0.762238,0.878736,7
1155.KL,1/6/2024,0.0,0.0,0.0,0.0,0.0,0.0,0.0,0.0,0.0,0
1155.KL,1/6/2025,0.284367,0.295335,0.693697,0.010968,1.0,0.0,0.0,0.284367,0.693697,1
1155.KL,1/7/2020,0.807519,0.828672,0.150174,0.021153,1.0,0.0,0.0,0.807519,0.828672,1
1155.KL,1/7/2021,0.360471,0.377558,0.605355,0.017087,0.5,0.5,0.0,0.360471,0.801225,2
1155.KL,1/7/2022,0.318224,0.420591,0.477041,0.102368,1.0,0.0,0.0,0.318224,0.737657,2
1155.KL,1/7/2023,0.0,0.0,0.0,0.0,0.0,0.0,0.0,0.0,0.0,0
1155.KL,1/7/2024,0.0,0.0,0.0,0.0,0.0,0.0,0.0,0.0,0.0,0
1155.KL,1/7/2025,0.445827,0.498253,0.449321,0.052426,1.0,0.0,0.0,0.445827,0.84524,2
1155.KL,1/8/2020,0.0,0.0,0.0,0.0,0.0,0.0,0.0,0.0,0.0,0
1155.KL,1/8/2021,0.0,0.0,0.0,0.0,0.0,0.0,0.0,0.0,0.0,0
1155.KL,1/8/2022,-0.150558,0.254007,0.341427,0.404566,0.333333,0.333333,0.333333,0.492198,0.874724,3
1155.KL,1/8/2023,0.499426,0.71842,0.062586,0.218994,1.0,0.0,0.0,0.499426,0.71842,3
1155.KL,1/8/2024,0.862822,0.898585,0.065653,0.035762,1.0,0.0,0.0,0.862822,0.898585,1
1155.KL,1/8/2025,0.0,0.0,0.0,0.0,0.0,0.0,0.0,0.0,0.0,0
1155.KL,1/9/2020,0.007192,0.036048,0.935095,0.028856,0.0,1.0,0.0,0.007192,0.935095,1
1155.KL,1/9/2021,0.316323,0.593131,0.130061,0.276808,0.666667,0.0,0.333333,0.695599,0.782769,3
1155.KL,1/9/2022,0.136585,0.152334,0.831918,0.015748,0.25,0.75,0.0,0.136585,0.831918,4
1155.KL,1/9/2023,0.399963,0.439302,0.52136,0.039338,0.6,0.4,0.0,0.399963,0.871065,5
1155.KL,1/9/2024,0.0,0.0,0.0,0.0,0.0,0.0,0.0,0.0,0.0,0
1155.KL,1/9/2025,0.305362,0.403951,0.49746,0.098589,1.0,0.0,0.0,0.305362,0.49746,1
1155.KL,10/1/2020,-0.051493,0.450313,0.04788,0.501806,0.5,0.0,0.5,0.895829,0.923974,2
1155.KL,10/1/2021,0.0,0.0,0.0,0.0,0.0,0.0,0.0,0.0,0.0,0
1155.KL,10/1/2022,-0.00983,0.039757,0.910656,0.049587,0.0,1.0,0.0,0.00983,0.910656,1
1155.KL,10/1/2023,0.0,0.0,0.0,0.0,0.0,0.0,0.0,0.0,0.0,0
1155.KL,10/1/2024,0.0,0.0,0.0,0.0,0.0,0.0,0.0,0.0,0.0,0
1155.KL,10/1/2025,0.905545,0.934987,0.035571,0.029442,1.0,0.0,0.0,0.905545,0.934987,1
1155.KL,10/1/2026,0.012966,0.074843,0.86328,0.061877,0.0,1.0,0.0,0.012966,0.86328,1
1155.KL,10/10/2020,0.696334,0.743907,0.208521,0.047573,1.0,0.0,0.0,0.696334,0.743907,1
1155.KL,10/10/2021,0.0,0.0,0.0,0.0,0.0,0.0,0.0,0.0,0.0,0
1155.KL,10/10/2022,0.0,0.0,0.0,0.0,0.0,0.0,0.0,0.0,0.0,0
1155.KL,10/10/2023,0.0,0.0,0.0,0.0,0.0,0.0,0.0,0.0,0.0,0
1155.KL,10/10/2024,0.128666,0.465283,0.1981,0.336617,0.666667,0.0,0.333333,0.6962,0.791857,3
1155.KL,10/10/2025,-0.306909,0.061057,0.570976,0.367966,0.333333,0.333333,0.333333,0.384427,0.873684,3
1155.KL,10/11/2020,-0.790824,0.055568,0.09804,0.846392,0.0,0.0,1.0,0.790824,0.846392,1
1155.KL,10/11/2021,0.651385,0.662945,0.325496,0.011559,1.0,0.0,0.0,0.651385,0.722569,3
1155.KL,10/11/2022,0.526991,0.624253,0.278486,0.097261,1.0,0.0,0.0,0.526991,0.811282,3
1155.KL,10/11/2023,-0.282732,0.040388,0.636491,0.323121,0.0,0.666667,0.333333,0.293694,0.872186,3
1155.KL,10/11/2024,0.0,0.0,0.0,0.0,0.0,0.0,0.0,0.0,0.0,0
1155.KL,10/11/2025,-0.195082,0.112344,0.58023,0.307426,0.0,0.5,0.5,0.243372,0.58023,2
1155.KL,10/12/2020,0.356807,0.439894,0.477019,0.083087,0.8,0.2,0.0,0.356807,0.759639,5
1155.KL,10/12/2021,0.0,0.0,0.0,0.0,0.0,0.0,0.0,0.0,0.0,0
1155.KL,10/12/2022,0.902808,0.911148,0.080512,0.00834,1.0,0.0,0.0,0.902808,0.911148,1
1155.KL,10/12/2023,0.0,0.0,0.0,0.0,0.0,0.0,0.0,0.0,0.0,0
1155.KL,10/12/2024,0.838136,0.905123,0.027889,0.066988,1.0,0.0,0.0,0.838136,0.905123,1
1155.KL,10/12/2025,-0.016259,0.472214,0.039313,0.488473,0.5,0.0,0.5,0.936161,0.948424,2
1155.KL,10/2/2020,0.898615,0.935717,0.02718,0.037102,1.0,0.0,0.0,0.898615,0.935717,1
1155.KL,10/2/2021,0.789667,0.86857,0.052527,0.078903,1.0,0.0,0.0,0.789667,0.86857,1
1155.KL,10/2/2022,0.781023,0.848025,0.084974,0.067001,1.0,0.0,0.0,0.781023,0.848025,1
1155.KL,10/2/2023,0.0,0.0,0.0,0.0,0.0,0.0,0.0,0.0,0.0,0
1155.KL,10/2/2024,0.0,0.0,0.0,0.0,0.0,0.0,0.0,0.0,0.0,0
1155.KL,10/2/2025,-0.237954,0.158505,0.445037,0.396459,0.0,0.5,0.5,0.33704,0.794222,2
1155.KL,10/2/2026,0.345155,0.356669,0.631816,0.011514,0.75,0.25,0.0,0.345155,0.817555,4
1155.KL,10/3/2020,-0.363793,0.267125,0.101957,0.630918,0.5,0.0,0.5,0.572024,0.735034,2
1155.KL,10/3/2021,0.632102,0.725541,0.18102,0.093439,1.0,0.0,0.0,0.632102,0.725541,1
1155.KL,10/3/2022,0.763468,0.790361,0.182746,0.026893,1.0,0.0,0.0,0.763468,0.790361,2
1155.KL,10/3/2023,-0.39942,0.079324,0.441932,0.478744,0.5,0.0,0.5,0.524707,0.900614,2
1155.KL,10/3/2024,0.0,0.0,0.0,0.0,0.0,0.0,0.0,0.0,0.0,0
1155.KL,10/3/2025,-0.960674,0.009618,0.02009,0.970292,0.0,0.0,1.0,0.960674,0.970292,1
1155.KL,10/3/2026,-0.281395,0.135593,0.447419,0.416988,0.5,0.0,0.5,0.412944,0.836357,2
1155.KL,10/4/2020,-0.020977,0.476134,0.026754,0.497111,0.5,0.0,0.5,0.945204,0.959225,2
1155.KL,10/4/2021,0.055706,0.071919,0.911867,0.016213,0.0,1.0,0.0,0.055706,0.911867,1
1155.KL,10/4/2022,0.048716,0.068831,0.911053,0.020115,0.0,1.0,0.0,0.048716,0.911053,1
1155.KL,10/4/2023,-0.140947,0.144268,0.570517,0.285215,0.333333,0.333333,0.333333,0.284122,0.806169,3
1155.KL,10/4/2024,-0.048399,0.032536,0.886528,0.080935,0.0,1.0,0.0,0.048399,0.886528,1
1155.KL,10/4/2025,-0.154608,0.3821,0.081191,0.536708,0.333333,0.0,0.666667,0.718158,0.818483,3
1155.KL,10/5/2020,0.0,0.0,0.0,0.0,0.0,0.0,0.0,0.0,0.0,0
1155.KL,10/5/2021,0.125492,0.337481,0.450529,0.21199,0.333333,0.333333,0.333333,0.495578,0.806818,3
1155.KL,10/5/2022,-0.07601,0.362506,0.198978,0.438516,0.333333,0.0,0.666667,0.663108,0.812418,3
1155.KL,10/5/2023,0.93823,0.950845,0.036539,0.012616,1.0,0.0,0.0,0.93823,0.950845,1
1155.KL,10/5/2024,0.0,0.0,0.0,0.0,0.0,0.0,0.0,0.0,0.0,0
1155.KL,10/5/2025,0.0,0.0,0.0,0.0,0.0,0.0,0.0,0.0,0.0,0
1155.KL,10/6/2020,-0.07937,0.382206,0.156218,0.461576,0.5,0.0,0.5,0.572105,0.707944,4
1155.KL,10/6/2021,-0.04386,0.291543,0.373055,0.335403,0.5,0.25,0.25,0.405706,0.722106,4
1155.KL,10/6/2022,0.0,0.0,0.0,0.0,0.0,0.0,0.0,0.0,0.0,0
1155.KL,10/6/2023,0.843032,0.850372,0.142288,0.00734,1.0,0.0,0.0,0.843032,0.850372,1
1155.KL,10/6/2024,0.373485,0.648427,0.07663,0.274943,0.666667,0.0,0.333333,0.857528,0.890449,3
1155.KL,10/6/2025,0.5346,0.620541,0.293518,0.085941,1.0,0.0,0.0,0.5346,0.65876,2
1155.KL,10/7/2020,-0.759065,0.103483,0.033969,0.862548,0.0,0.0,1.0,0.759065,0.862548,1
1155.KL,10/7/2021,-0.937699,0.018942,0.024418,0.95664,0.0,0.0,1.0,0.937699,0.95664,1
1155.KL,10/7/2022,0.0,0.0,0.0,0.0,0.0,0.0,0.0,0.0,0.0,0
1155.KL,10/7/2023,0.0,0.0,0.0,0.0,0.0,0.0,0.0,0.0,0.0,0
1155.KL,10/7/2024,0.813811,0.860396,0.09302,0.046585,1.0,0.0,0.0,0.813811,0.860396,2
1155.KL,10/7/2025,-0.395518,0.169063,0.266356,0.564581,0.5,0.0,0.5,0.533815,0.725498,2
1155.KL,10/8/2020,0.434883,0.542106,0.350671,0.107223,1.0,0.0,0.0,0.434883,0.542106,1
1155.KL,10/8/2021,0.0,0.0,0.0,0.0,0.0,0.0,0.0,0.0,0.0,0
1155.KL,10/8/2022,0.063609,0.079634,0.90434,0.016026,0.0,1.0,0.0,0.063609,0.90434,1
1155.KL,10/8/2023,0.0,0.0,0.0,0.0,0.0,0.0,0.0,0.0,0.0,0
1155.KL,10/8/2024,0.232428,0.243389,0.745649,0.010961,1.0,0.0,0.0,0.232428,0.745649,1
1155.KL,10/8/2025,0.0,0.0,0.0,0.0,0.0,0.0,0.0,0.0,0.0,0
1155.KL,10/9/2020,0.179559,0.518967,0.141625,0.339408,0.5,0.0,0.5,0.707954,0.783165,2
1155.KL,10/9/2021,-0.340586,0.129768,0.399877,0.470354,0.0,0.5,0.5,0.341199,0.693637,4
1155.KL,10/9/2022,0.30448,0.614795,0.07489,0.310315,0.666667,0.0,0.333333,0.877316,0.901213,3
1155.KL,10/9/2023,0.0,0.0,0.0,0.0,0.0,0.0,0.0,0.0,0.0,0
1155.KL,10/9/2024,0.2344,0.589538,0.055324,0.355138,0.666667,0.0,0.333333,0.846121,0.895398,3
1155.KL,10/9/2025,-0.047738,0.15064,0.650983,0.198378,0.4,0.4,0.2,0.271227,0.821922,5
1155.KL,11/1/2020,0.804806,0.865073,0.07466,0.060267,1.0,0.0,0.0,0.804806,0.865073,2
1155.KL,11/1/2021,-0.943178,0.009348,0.038126,0.952526,0.0,0.0,1.0,0.943178,0.952526,1
1155.KL,11/1/2022,0.311766,0.481188,0.34939,0.169422,0.5,0.0,0.5,0.478307,0.753706,2
1155.KL,11/1/2023,0.212632,0.396181,0.420269,0.18355,1.0,0.0,0.0,0.212632,0.674078,2
1155.KL,11/1/2024,-0.449181,0.054348,0.442122,0.503529,0.0,0.5,0.5,0.499992,0.91936,2
1155.KL,11/1/2025,0.211529,0.28476,0.64201,0.073231,1.0,0.0,0.0,0.211529,0.721562,4
1155.KL,11/1/2026,0.0,0.0,0.0,0.0,0.0,0.0,0.0,0.0,0.0,0
1155.KL,11/10/2020,-0.560098,0.024546,0.39081,0.584644,0.0,0.0,1.0,0.560098,0.584644,1
1155.KL,11/10/2021,0.800019,0.863733,0.072553,0.063714,1.0,0.0,0.0,0.800019,0.863733,1
1155.KL,11/10/2022,-0.950643,0.017793,0.013771,0.968436,0.0,0.0,1.0,0.950643,0.968436,1
1155.KL,11/10/2023,0.652322,0.677983,0.296356,0.025661,1.0,0.0,0.0,0.652322,0.904781,3
1155.KL,11/10/2024,0.929053,0.950689,0.027676,0.021636,1.0,0.0,0.0,0.929053,0.950689,1
1155.KL,11/10/2025,-0.075043,0.128984,0.66699,0.204026,0.0,1.0,0.0,0.075043,0.66699,1
1155.KL,11/11/2020,0.541574,0.682775,0.176023,0.141201,1.0,0.0,0.0,0.541574,0.689826,3
1155.KL,11/11/2021,0.09751,0.407592,0.282326,0.310082,0.5,0.0,0.5,0.54846,0.633067,2
1155.KL,11/11/2022,-0.904972,0.041778,0.011472,0.94675,0.0,0.0,1.0,0.904972,0.94675,1
1155.KL,11/11/2023,0.0,0.0,0.0,0.0,0.0,0.0,0.0,0.0,0.0,0
1155.KL,11/11/2024,0.00335,0.360799,0.281752,0.357449,0.333333,0.333333,0.333333,0.64244,0.901529,3
1155.KL,11/11/2025,0.269327,0.300682,0.667963,0.031355,0.5,0.5,0.0,0.271125,0.893026,4
1155.KL,11/12/2020,0.621254,0.666234,0.288786,0.04498,1.0,0.0,0.0,0.621254,0.666234,2
1155.KL,11/12/2021,0.0,0.0,0.0,0.0,0.0,0.0,0.0,0.0,0.0,0
1155.KL,11/12/2022,0.0,0.0,0.0,0.0,0.0,0.0,0.0,0.0,0.0,0
1155.KL,11/12/2023,0.0,0.0,0.0,0.0,0.0,0.0,0.0,0.0,0.0,0
1155.KL,11/12/2024,-0.025845,0.461982,0.050192,0.487826,0.5,0.0,0.5,0.911164,0.930486,4
1155.KL,11/12/2025,-0.155786,0.303903,0.236409,0.459688,0.333333,0.0,0.666667,0.645008,0.761672,3
1155.KL,11/2/2020,0.036335,0.379848,0.276638,0.343513,0.6,0.0,0.4,0.542142,0.752158,5
1155.KL,11/2/2021,-0.024891,0.329178,0.316754,0.354068,0.333333,0.333333,0.333333,0.605703,0.919464,3
1155.KL,11/2/2022,0.723508,0.810097,0.103313,0.08659,1.0,0.0,0.0,0.723508,0.810097,3
1155.KL,11/2/2023,-0.897735,0.041065,0.020136,0.938799,0.0,0.0,1.0,0.897735,0.938799,1
1155.KL,11/2/2024,-0.954341,0.011175,0.023309,0.965516,0.0,0.0,1.0,0.954341,0.965516,1
1155.KL,11/2/2025,-0.010265,0.475168,0.039399,0.485433,0.5,0.0,0.5,0.917994,0.939298,2
1155.KL,11/2/2026,0.41535,0.439145,0.537059,0.023795,1.0,0.0,0.0,0.41535,0.787159,3
1155.KL,11/3/2020,-0.039538,0.385782,0.188898,0.42532,0.428571,0.142857,0.428571,0.742628,0.902897,7
1155.KL,11/3/2021,0.326721,0.451044,0.424632,0.124323,0.5,0.0,0.5,0.523578,0.796611,2
1155.KL,11/3/2022,0.007057,0.026871,0.953316,0.019813,0.0,1.0,0.0,0.007057,0.953316,1
1155.KL,11/3/2023,-0.807161,0.03878,0.115279,0.845941,0.0,0.0,1.0,0.807161,0.845941,1
1155.KL,11/3/2024,0.0,0.0,0.0,0.0,0.0,0.0,0.0,0.0,0.0,0
1155.KL,11/3/2025,-0.934426,0.024094,0.017386,0.95852,0.0,0.0,1.0,0.934426,0.95852,1
1155.KL,11/3/2026,-0.102923,0.425537,0.046004,0.52846,0.5,0.0,0.5,0.81134,0.882668,2
1155.KL,11/4/2020,0.540443,0.721135,0.098174,0.180692,1.0,0.0,0.0,0.540443,0.721135,2
1155.KL,11/4/2021,0.0,0.0,0.0,0.0,0.0,0.0,0.0,0.0,0.0,0
1155.KL,11/4/2022,0.017591,0.033303,0.950985,0.015712,0.0,1.0,0.0,0.017591,0.950985,1
1155.KL,11/4/2023,-0.273625,0.249612,0.227151,0.523237,0.0,0.666667,0.333333,0.307271,0.653283,3
1155.KL,11/4/2024,0.0,0.0,0.0,0.0,0.0,0.0,0.0,0.0,0.0,0
1155.KL,11/4/2025,0.274758,0.415581,0.443597,0.140822,0.75,0.25,0.0,0.301673,0.702978,4
1155.KL,11/5/2020,0.433896,0.448099,0.537697,0.014204,0.5,0.5,0.0,0.433896,0.899087,2
1155.KL,11/5/2021,-0.375495,0.295879,0.032746,0.671374,0.5,0.0,0.5,0.57993,0.773592,2
1155.KL,11/5/2022,0.769047,0.867045,0.034957,0.097998,1.0,0.0,0.0,0.769047,0.867045,1
1155.KL,11/5/2023,-0.655449,0.03274,0.279072,0.688188,0.0,0.333333,0.666667,0.655449,0.89093,3
1155.KL,11/5/2024,0.039314,0.06127,0.916773,0.021957,0.0,1.0,0.0,0.039314,0.916773,1
1155.KL,11/5/2025,0.041528,0.06336,0.914808,0.021832,0.0,1.0,0.0,0.041528,0.914808,1
1155.KL,11/6/2020,-0.19581,0.320996,0.162199,0.516805,0.333333,0.0,0.666667,0.717973,0.777887,3
1155.KL,11/6/2021,0.015949,0.477329,0.061291,0.46138,0.5,0.0,0.5,0.898548,0.918629,2
1155.KL,11/6/2022,0.0,0.0,0.0,0.0,0.0,0.0,0.0,0.0,0.0,0
1155.KL,11/6/2023,0.0,0.0,0.0,0.0,0.0,0.0,0.0,0.0,0.0,0
1155.KL,11/6/2024,-0.013982,0.476935,0.032149,0.490917,0.5,0.0,0.5,0.937677,0.952764,2
1155.KL,11/6/2025,0.417475,0.492475,0.432526,0.075,0.666667,0.0,0.333333,0.510409,0.714823,3
1155.KL,11/7/2020,0.170909,0.220983,0.728943,0.050074,0.333333,0.666667,0.0,0.170909,0.728943,3
1155.KL,11/7/2021,0.0,0.0,0.0,0.0,0.0,0.0,0.0,0.0,0.0,0
1155.KL,11/7/2022,0.0,0.0,0.0,0.0,0.0,0.0,0.0,0.0,0.0,0
1155.KL,11/7/2023,-0.728898,0.024411,0.222281,0.753309,0.0,0.0,1.0,0.728898,0.753309,1
1155.KL,11/7/2024,0.148539,0.452751,0.243037,0.304212,0.5,0.5,0.0,0.157339,0.457151,2
1155.KL,11/7/2025,-0.015597,0.033158,0.918088,0.048755,0.0,1.0,0.0,0.015597,0.918088,1
1155.KL,11/8/2020,-0.813622,0.078453,0.029471,0.892075,0.0,0.0,1.0,0.813622,0.892075,2
1155.KL,11/8/2021,-0.950487,0.012027,0.02546,0.962514,0.0,0.0,1.0,0.950487,0.962514,1
1155.KL,11/8/2022,0.634925,0.659451,0.316023,0.024526,1.0,0.0,0.0,0.634925,0.887294,3
1155.KL,11/8/2023,-0.471504,0.153851,0.220795,0.625355,0.333333,0.0,0.666667,0.732555,0.817852,3
1155.KL,11/8/2024,0.0,0.0,0.0,0.0,0.0,0.0,0.0,0.0,0.0,0
1155.KL,11/8/2025,-0.757085,0.024877,0.19316,0.781962,0.0,0.0,1.0,0.757085,0.781962,1
1155.KL,11/9/2020,-0.599975,0.176483,0.047059,0.776458,0.0,0.0,1.0,0.599975,0.776458,1
1155.KL,11/9/2021,-0.336921,0.052293,0.558493,0.389214,0.0,0.0,1.0,0.336921,0.558493,1
1155.KL,11/9/2022,0.0,0.0,0.0,0.0,0.0,0.0,0.0,0.0,0.0,0
1155.KL,11/9/2023,-0.050994,0.463096,0.022815,0.514089,0.5,0.0,0.5,0.877939,0.927562,2
1155.KL,11/9/2024,0.0,0.0,0.0,0.0,0.0,0.0,0.0,0.0,0.0,0
1155.KL,11/9/2025,-0.302952,0.336642,0.023765,0.639594,0.333333,0.0,0.666667,0.851492,0.913864,3
1155.KL,12/1/2020,0.0,0.0,0.0,0.0,0.0,0.0,0.0,0.0,0.0,0
1155.KL,12/1/2021,-0.376027,0.291217,0.04154,0.667244,0.25,0.0,0.75,0.837457,0.897959,4
1155.KL,12/1/2022,0.584581,0.7031,0.178381,0.118519,0.833333,0.166667,0.0,0.584581,0.806,6
1155.KL,12/1/2023,0.880879,0.917577,0.045725,0.036698,1.0,0.0,0.0,0.880879,0.917577,2
1155.KL,12/1/2024,-0.652895,0.04754,0.252025,0.700435,0.0,0.0,1.0,0.652895,0.700435,1
1155.KL,12/1/2025,0.55122,0.59157,0.36808,0.04035,1.0,0.0,0.0,0.55122,0.59157,1
1155.KL,12/1/2026,-0.543035,0.203814,0.049338,0.746848,0.0,0.0,1.0,0.543035,0.746848,1
1155.KL,12/10/2020,-0.029907,0.046045,0.878003,0.075952,0.0,1.0,0.0,0.029907,0.878003,1
1155.KL,12/10/2021,0.14715,0.205536,0.736077,0.058387,0.5,0.5,0.0,0.189141,0.736077,2
1155.KL,12/10/2022,-0.504142,0.198975,0.097908,0.703117,0.2,0.0,0.8,0.849977,0.876035,5
1155.KL,12/10/2023,0.816452,0.851973,0.112507,0.035521,1.0,0.0,0.0,0.816452,0.851973,1
1155.KL,12/10/2024,0.138077,0.146929,0.844219,0.008852,1.0,0.0,0.0,0.138077,0.844219,1
1155.KL,12/10/2025,-0.01681,0.057312,0.868566,0.074122,0.0,1.0,0.0,0.01681,0.868566,1
1155.KL,12/11/2020,-0.273073,0.220595,0.285737,0.493668,0.0,0.0,1.0,0.273073,0.493668,1
1155.KL,12/11/2021,0.003817,0.486459,0.030899,0.482642,0.5,0.0,0.5,0.918863,0.943982,4
1155.KL,12/11/2022,-0.564392,0.022053,0.391502,0.586445,0.0,0.0,1.0,0.564392,0.586445,1
1155.KL,12/11/2023,0.0,0.0,0.0,0.0,0.0,0.0,0.0,0.0,0.0,0
1155.KL,12/11/2024,0.151796,0.358161,0.435474,0.206365,0.333333,0.5,0.166667,0.433381,0.86491,6
1155.KL,12/11/2025,-0.035222,0.305237,0.354304,0.340459,0.333333,0.333333,0.333333,0.597648,0.91721,3
1155.KL,12/12/2020,0.133197,0.485614,0.161969,0.352417,0.5,0.0,0.5,0.788631,0.813331,2
1155.KL,12/12/2021,0.0,0.0,0.0,0.0,0.0,0.0,0.0,0.0,0.0,0
1155.KL,12/12/2022,0.0,0.0,0.0,0.0,0.0,0.0,0.0,0.0,0.0,0
1155.KL,12/12/2023,0.0,0.0,0.0,0.0,0.0,0.0,0.0,0.0,0.0,0
1155.KL,12/12/2024,-0.042682,0.037089,0.883139,0.079772,0.0,1.0,0.0,0.042682,0.883139,2
1155.KL,12/12/2025,0.713962,0.820864,0.072234,0.106902,1.0,0.0,0.0,0.713962,0.820864,1
1155.KL,12/2/2020,0.081562,0.333376,0.414809,0.251815,0.5,0.25,0.25,0.556746,0.831262,4
1155.KL,12/2/2021,0.0,0.0,0.0,0.0,0.0,0.0,0.0,0.0,0.0,0
1155.KL,12/2/2022,-0.34489,0.310651,0.033808,0.655541,0.0,0.5,0.5,0.34489,0.655541,2
1155.KL,12/2/2023,-0.328567,0.148232,0.37497,0.476798,0.0,0.0,1.0,0.328567,0.476798,1
1155.KL,12/2/2024,0.0,0.0,0.0,0.0,0.0,0.0,0.0,0.0,0.0,0
1155.KL,12/2/2025,0.713336,0.74559,0.222157,0.032253,1.0,0.0,0.0,0.713336,0.809726,5
1155.KL,12/2/2026,-0.03089,0.463395,0.04232,0.494285,0.5,0.0,0.5,0.922996,0.940338,2
1155.KL,12/3/2020,0.043365,0.50788,0.027606,0.464515,0.5,0.0,0.5,0.870972,0.921683,2
1155.KL,12/3/2021,-0.476293,0.02246,0.478786,0.498753,0.0,0.5,0.5,0.482119,0.953712,2
1155.KL,12/3/2022,-0.790169,0.029967,0.149897,0.820136,0.0,0.0,1.0,0.790169,0.820136,2
1155.KL,12/3/2023,0.599462,0.686964,0.225535,0.087502,1.0,0.0,0.0,0.599462,0.686964,2
1155.KL,12/3/2024,0.497019,0.505166,0.486687,0.008147,1.0,0.0,0.0,0.497019,0.701727,2
1155.KL,12/3/2025,0.0187,0.492426,0.033847,0.473727,0.5,0.0,0.5,0.901217,0.933685,2
1155.KL,12/3/2026,0.0,0.0,0.0,0.0,0.0,0.0,0.0,0.0,0.0,0
1155.KL,12/4/2020,0.0,0.0,0.0,0.0,0.0,0.0,0.0,0.0,0.0,0
1155.KL,12/4/2021,0.0,0.0,0.0,0.0,0.0,0.0,0.0,0.0,0.0,0
1155.KL,12/4/2022,0.312764,0.474729,0.363305,0.161965,0.5,0.25,0.25,0.36817,0.632108,4
1155.KL,12/4/2023,-0.141083,0.203211,0.452496,0.344294,0.2,0.4,0.4,0.443168,0.837864,5
1155.KL,12/4/2024,-0.117507,0.265234,0.352025,0.382741,0.0,0.5,0.5,0.117507,0.592172,2
1155.KL,12/4/2025,0.0,0.0,0.0,0.0,0.0,0.0,0.0,0.0,0.0,0
1155.KL,12/5/2020,0.0,0.0,0.0,0.0,0.0,0.0,0.0,0.0,0.0,0
1155.KL,12/5/2021,0.0,0.0,0.0,0.0,0.0,0.0,0.0,0.0,0.0,0
1155.KL,12/5/2022,0.422108,0.615093,0.191923,0.192984,0.666667,0.333333,0.0,0.4667,0.637389,3
1155.KL,12/5/2023,-0.410319,0.100434,0.388813,0.510753,0.0,0.5,0.5,0.440857,0.838942,2
1155.KL,12/5/2024,0.0,0.0,0.0,0.0,0.0,0.0,0.0,0.0,0.0,0
1155.KL,12/5/2025,0.0,0.0,0.0,0.0,0.0,0.0,0.0,0.0,0.0,0
1155.KL,12/6/2020,-0.756888,0.052243,0.138625,0.809131,0.0,0.0,1.0,0.756888,0.809131,3
1155.KL,12/6/2021,0.0,0.0,0.0,0.0,0.0,0.0,0.0,0.0,0.0,0
1155.KL,12/6/2022,0.0,0.0,0.0,0.0,0.0,0.0,0.0,0.0,0.0,0
1155.KL,12/6/2023,0.0,0.0,0.0,0.0,0.0,0.0,0.0,0.0,0.0,0
1155.KL,12/6/2024,0.872144,0.898017,0.076109,0.025874,1.0,0.0,0.0,0.872144,0.898017,1
1155.KL,12/6/2025,0.732349,0.783995,0.164358,0.051647,1.0,0.0,0.0,0.732349,0.783995,2
1155.KL,12/7/2020,0.0,0.0,0.0,0.0,0.0,0.0,0.0,0.0,0.0,0
1155.KL,12/7/2021,0.0,0.0,0.0,0.0,0.0,0.0,0.0,0.0,0.0,0
1155.KL,12/7/2022,0.304303,0.316494,0.671316,0.01219,1.0,0.0,0.0,0.304303,0.671316,1
1155.KL,12/7/2023,0.449083,0.470006,0.509071,0.020923,1.0,0.0,0.0,0.449083,0.811802,2
1155.KL,12/7/2024,0.17275,0.544237,0.084275,0.371487,0.666667,0.0,0.333333,0.801662,0.858693,3
1155.KL,12/7/2025,0.0,0.0,0.0,0.0,0.0,0.0,0.0,0.0,0.0,0
1155.KL,12/8/2020,-0.914219,0.030364,0.025053,0.944583,0.0,0.0,1.0,0.914219,0.944583,1
1155.KL,12/8/2021,0.083556,0.107914,0.867729,0.024358,0.25,0.75,0.0,0.106411,0.867729,4
1155.KL,12/8/2022,0.304622,0.626146,0.052331,0.321524,0.666667,0.0,0.333333,0.854307,0.900988,3
1155.KL,12/8/2023,0.0,0.0,0.0,0.0,0.0,0.0,0.0,0.0,0.0,0
1155.KL,12/8/2024,0.0,0.0,0.0,0.0,0.0,0.0,0.0,0.0,0.0,0
1155.KL,12/8/2025,0.089223,0.486657,0.11591,0.397434,0.5,0.0,0.5,0.825224,0.854657,4
1155.KL,12/9/2020,0.0,0.0,0.0,0.0,0.0,0.0,0.0,0.0,0.0,0
1155.KL,12/9/2021,0.0,0.0,0.0,0.0,0.0,0.0,0.0,0.0,0.0,0
1155.KL,12/9/2022,0.141009,0.376175,0.388659,0.235166,0.333333,0.666667,0.0,0.149667,0.674395,3
1155.KL,12/9/2023,0.219875,0.590044,0.039786,0.37017,0.666667,0.0,0.333333,0.827511,0.893863,3
1155.KL,12/9/2024,0.0,0.0,0.0,0.0,0.0,0.0,0.0,0.0,0.0,0
1155.KL,12/9/2025,0.147536,0.302518,0.542501,0.154981,0.6,0.2,0.2,0.279588,0.804941,5
1155.KL,13/1/2020,-0.082441,0.434468,0.048622,0.51691,0.5,0.0,0.5,0.861558,0.906468,2
1155.KL,13/1/2021,-0.422766,0.126991,0.323251,0.549758,0.0,0.25,0.75,0.430931,0.783774,4
1155.KL,13/1/2022,-0.48173,0.036395,0.445479,0.518125,0.0,0.333333,0.666667,0.48173,0.791467,3
1155.KL,13/1/2023,0.170441,0.549183,0.072075,0.378742,1.0,0.0,0.0,0.170441,0.549183,1
1155.KL,13/1/2024,0.453384,0.590582,0.272221,0.137197,0.5,0.5,0.0,0.453384,0.679565,2
1155.KL,13/1/2025,-0.010535,0.281471,0.426523,0.292006,0.25,0.5,0.25,0.482096,0.88456,4
1155.KL,13/1/2026,0.851837,0.878193,0.09545,0.026356,1.0,0.0,0.0,0.851837,0.878193,1
1155.KL,13/10/2020,-0.176353,0.12324,0.577166,0.299594,0.333333,0.333333,0.333333,0.337203,0.861813,3
1155.KL,13/10/2021,0.027785,0.202478,0.62283,0.174692,0.0,1.0,0.0,0.027785,0.62283,1
1155.KL,13/10/2022,0.066986,0.082481,0.902025,0.015495,0.0,1.0,0.0,0.066986,0.902025,1
1155.KL,13/10/2023,0.421003,0.458335,0.504333,0.037332,0.571429,0.428571,0.0,0.422147,0.828811,7
1155.KL,13/10/2024,-0.007721,0.08553,0.821218,0.093251,0.0,1.0,0.0,0.007721,0.821218,1
1155.KL,13/10/2025,0.220885,0.260108,0.70067,0.039223,1.0,0.0,0.0,0.220885,0.70067,1
1155.KL,13/11/2020,0.253729,0.316066,0.621596,0.062337,1.0,0.0,0.0,0.253729,0.621596,1
1155.KL,13/11/2021,0.0,0.0,0.0,0.0,0.0,0.0,0.0,0.0,0.0,0
1155.KL,13/11/2022,0.0,0.0,0.0,0.0,0.0,0.0,0.0,0.0,0.0,0
1155.KL,13/11/2023,0.0,0.0,0.0,0.0,0.0,0.0,0.0,0.0,0.0,0
1155.KL,13/11/2024,-0.545435,0.048769,0.357027,0.594204,0.0,0.25,0.75,0.563702,0.825209,4
1155.KL,13/11/2025,0.493527,0.663142,0.167243,0.169615,0.833333,0.0,0.166667,0.602652,0.717704,6
1155.KL,13/12/2020,0.0,0.0,0.0,0.0,0.0,0.0,0.0,0.0,0.0,0
1155.KL,13/12/2021,-0.00806,0.033431,0.925079,0.041491,0.0,1.0,0.0,0.038238,0.925079,2
1155.KL,13/12/2022,0.0,0.0,0.0,0.0,0.0,0.0,0.0,0.0,0.0,0
1155.KL,13/12/2023,0.757306,0.768017,0.221272,0.010711,1.0,0.0,0.0,0.757306,0.768017,2
1155.KL,13/12/2024,-0.244154,0.175302,0.405242,0.419456,0.2,0.0,0.8,0.40492,0.718318,5
1155.KL,13/12/2025,0.0,0.0,0.0,0.0,0.0,0.0,0.0,0.0,0.0,0
1155.KL,13/2/2020,-0.313641,0.28462,0.117119,0.598261,0.5,0.0,0.5,0.511168,0.697024,2
1155.KL,13/2/2021,0.0,0.0,0.0,0.0,0.0,0.0,0.0,0.0,0.0,0
1155.KL,13/2/2022,0.0,0.0,0.0,0.0,0.0,0.0,0.0,0.0,0.0,0
1155.KL,13/2/2023,0.736759,0.749056,0.238648,0.012297,1.0,0.0,0.0,0.736759,0.749056,1
1155.KL,13/2/2024,0.117681,0.131308,0.855065,0.013627,0.5,0.5,0.0,0.117681,0.855065,2
1155.KL,13/2/2025,-0.627969,0.050535,0.27096,0.678504,0.0,0.333333,0.666667,0.630415,0.89548,3
1155.KL,13/2/2026,0.115907,0.468338,0.17923,0.352432,0.4,0.4,0.2,0.489902,0.748391,5
1155.KL,13/3/2020,-0.276786,0.203107,0.316999,0.479894,0.4,0.0,0.6,0.642704,0.795632,5
1155.KL,13/3/2021,-0.550138,0.043319,0.363225,0.593457,0.0,0.0,1.0,0.550138,0.593457,1
1155.KL,13/3/2022,0.025663,0.060005,0.905652,0.034343,0.0,1.0,0.0,0.025663,0.905652,1
1155.KL,13/3/2023,-0.372637,0.248051,0.131261,0.620688,0.333333,0.0,0.666667,0.486256,0.677497,3
1155.KL,13/3/2024,0.0,0.0,0.0,0.0,0.0,0.0,0.0,0.0,0.0,0
1155.KL,13/3/2025,-0.310742,0.036687,0.615883,0.347429,0.0,0.0,1.0,0.310742,0.615883,1
1155.KL,13/3/2026,-0.295742,0.191201,0.321855,0.486943,0.25,0.25,0.5,0.648812,0.88249,4
1155.KL,13/4/2020,0.655616,0.812143,0.031329,0.156527,1.0,0.0,0.0,0.655616,0.812143,1
1155.KL,13/4/2021,0.828774,0.875894,0.076987,0.04712,1.0,0.0,0.0,0.828774,0.875894,1
1155.KL,13/4/2022,-0.312269,0.225264,0.237203,0.537533,0.5,0.0,0.5,0.635996,0.703468,2
1155.KL,13/4/2023,0.301749,0.41192,0.477909,0.110171,0.5,0.5,0.0,0.301749,0.838424,2
1155.KL,13/4/2024,0.0,0.0,0.0,0.0,0.0,0.0,0.0,0.0,0.0,0
1155.KL,13/4/2025,-0.26606,0.096919,0.540102,0.362979,0.0,0.0,1.0,0.26606,0.540102,1
1155.KL,13/5/2020,-0.050411,0.448362,0.052864,0.498773,0.5,0.0,0.5,0.883037,0.915086,2
1155.KL,13/5/2021,0.0,0.0,0.0,0.0,0.0,0.0,0.0,0.0,0.0,0
1155.KL,13/5/2022,-0.091457,0.425517,0.057508,0.516975,0.5,0.0,0.5,0.866713,0.904603,2
1155.KL,13/5/2023,-0.118313,0.027112,0.827464,0.145425,0.0,0.0,1.0,0.118313,0.827464,1
1155.KL,13/5/2024,-0.565237,0.196073,0.042616,0.761311,0.25,0.0,0.75,0.80097,0.879177,4
1155.KL,13/5/2025,0.527618,0.575211,0.377196,0.047593,1.0,0.0,0.0,0.527618,0.803823,2
1155.KL,13/6/2020,0.383134,0.440786,0.501562,0.057652,0.5,0.5,0.0,0.383134,0.833881,2
1155.KL,13/6/2021,-0.140022,0.020117,0.819744,0.160139,0.0,0.0,1.0,0.140022,0.819744,1
1155.KL,13/6/2022,-0.949192,0.012299,0.026211,0.961491,0.0,0.0,1.0,0.949192,0.961491,1
1155.KL,13/6/2023,0.489671,0.511074,0.467524,0.021403,0.5,0.5,0.0,0.489671,0.923757,2
1155.KL,13/6/2024,0.889943,0.927998,0.033947,0.038055,1.0,0.0,0.0,0.889943,0.927998,1
1155.KL,13/6/2025,-0.246412,0.3357,0.082189,0.582112,0.5,0.0,0.5,0.664267,0.791039,2
1155.KL,13/7/2020,0.0,0.0,0.0,0.0,0.0,0.0,0.0,0.0,0.0,0
1155.KL,13/7/2021,-0.59696,0.045099,0.312842,0.642059,0.0,0.333333,0.666667,0.637979,0.92735,3
1155.KL,13/7/2022,-0.907213,0.032676,0.027436,0.939889,0.0,0.0,1.0,0.907213,0.939889,2
1155.KL,13/7/2023,0.209671,0.560885,0.087901,0.351214,0.5,0.0,0.5,0.710647,0.811373,2
1155.KL,13/7/2024,0.0,0.0,0.0,0.0,0.0,0.0,0.0,0.0,0.0,0
1155.KL,13/7/2025,0.0,0.0,0.0,0.0,0.0,0.0,0.0,0.0,0.0,0
1155.KL,13/8/2020,0.264919,0.586969,0.090981,0.32205,0.666667,0.0,0.333333,0.857287,0.883153,3
1155.KL,13/8/2021,0.051873,0.061977,0.927919,0.010104,0.0,1.0,0.0,0.051873,0.927919,1
1155.KL,13/8/2022,0.85674,0.912722,0.031296,0.055982,1.0,0.0,0.0,0.85674,0.912722,1
1155.KL,13/8/2023,0.0,0.0,0.0,0.0,0.0,0.0,0.0,0.0,0.0,0
1155.KL,13/8/2024,0.203959,0.214642,0.774675,0.010683,1.0,0.0,0.0,0.203959,0.774675,2
1155.KL,13/8/2025,0.289387,0.377026,0.535334,0.08764,0.6,0.2,0.2,0.373021,0.789833,5
1155.KL,13/9/2020,0.0,0.0,0.0,0.0,0.0,0.0,0.0,0.0,0.0,0
1155.KL,13/9/2021,-0.052899,0.221466,0.50417,0.274364,0.75,0.0,0.25,0.428418,0.742976,4
1155.KL,13/9/2022,0.75116,0.863734,0.023692,0.112574,1.0,0.0,0.0,0.75116,0.863734,1
1155.KL,13/9/2023,0.367299,0.649621,0.068056,0.282322,0.75,0.0,0.25,0.832913,0.882429,4
1155.KL,13/9/2024,0.323178,0.440153,0.442871,0.116975,1.0,0.0,0.0,0.323178,0.737419,2
1155.KL,13/9/2025,0.0,0.0,0.0,0.0,0.0,0.0,0.0,0.0,0.0,0
1155.KL,14/1/2020,-0.389989,0.100466,0.409079,0.490455,0.5,0.0,0.5,0.53128,0.871164,2
1155.KL,14/1/2021,0.45564,0.484816,0.486008,0.029176,0.5,0.5,0.0,0.45564,0.93377,2
1155.KL,14/1/2022,0.0,0.0,0.0,0.0,0.0,0.0,0.0,0.0,0.0,0
1155.KL,14/1/2023,0.787585,0.866486,0.054613,0.078901,1.0,0.0,0.0,0.787585,0.866486,1
1155.KL,14/1/2024,0.0,0.0,0.0,0.0,0.0,0.0,0.0,0.0,0.0,0
1155.KL,14/1/2025,-0.618489,0.154551,0.072409,0.77304,0.0,0.0,1.0,0.618489,0.77304,1
1155.KL,14/1/2026,0.195493,0.463281,0.26893,0.267789,0.5,0.25,0.25,0.659117,0.907307,4
1155.KL,14/10/2020,0.626371,0.647386,0.331599,0.021015,1.0,0.0,0.0,0.626371,0.80407,3
1155.KL,14/10/2021,-0.958521,0.010242,0.020996,0.968762,0.0,0.0,1.0,0.958521,0.968762,1
1155.KL,14/10/2022,-0.094211,0.425715,0.054359,0.519926,0.5,0.0,0.5,0.86373,0.904686,2
1155.KL,14/10/2023,0.097475,0.524173,0.049128,0.426698,0.0,1.0,0.0,0.097475,0.524173,1
1155.KL,14/10/2024,0.505671,0.673086,0.159498,0.167415,0.666667,0.333333,0.0,0.505671,0.673086,3
1155.KL,14/10/2025,-0.265987,0.312432,0.109148,0.578419,0.5,0.0,0.5,0.63519,0.763021,2
1155.KL,14/11/2020,0.785607,0.868031,0.049546,0.082423,1.0,0.0,0.0,0.785607,0.868031,1
1155.KL,14/11/2021,0.0,0.0,0.0,0.0,0.0,0.0,0.0,0.0,0.0,0
1155.KL,14/11/2022,0.303225,0.466194,0.370836,0.16297,1.0,0.0,0.0,0.303225,0.466194,1
1155.KL,14/11/2023,0.049402,0.060961,0.92748,0.011559,0.0,1.0,0.0,0.049402,0.92748,1
1155.KL,14/11/2024,-0.256236,0.221212,0.301341,0.477447,0.5,0.0,0.5,0.669165,0.760339,2
1155.KL,14/11/2025,-0.414027,0.069524,0.446926,0.483551,0.5,0.0,0.5,0.527677,0.911225,2
1155.KL,14/12/2020,0.179497,0.391534,0.39643,0.212036,0.333333,0.333333,0.333333,0.278043,0.541682,3
1155.KL,14/12/2021,0.446076,0.489825,0.466426,0.043749,0.5,0.5,0.0,0.464257,0.918731,2
1155.KL,14/12/2022,0.503283,0.583205,0.336874,0.079922,1.0,0.0,0.0,0.503283,0.725063,2
1155.KL,14/12/2023,0.914967,0.942195,0.030578,0.027228,1.0,0.0,0.0,0.914967,0.942195,1
1155.KL,14/12/2024,-0.175325,0.09834,0.627995,0.273665,0.333333,0.333333,0.333333,0.305609,0.806318,3
1155.KL,14/12/2025,0.0,0.0,0.0,0.0,0.0,0.0,0.0,0.0,0.0,0
1155.KL,14/2/2020,-0.122202,0.427093,0.023613,0.549295,0.5,0.0,0.5,0.797741,0.887064,2
1155.KL,14/2/2021,-0.511307,0.058433,0.371827,0.56974,0.0,0.333333,0.666667,0.574308,0.854665,3
1155.KL,14/2/2022,-0.798532,0.077925,0.045619,0.876456,0.0,0.0,1.0,0.798532,0.876456,1
1155.KL,14/2/2023,0.236738,0.293688,0.649362,0.05695,0.333333,0.666667,0.0,0.245554,0.880952,3
1155.KL,14/2/2024,-0.208525,0.288812,0.21385,0.497338,0.5,0.0,0.5,0.736689,0.893443,4
1155.KL,14/2/2025,0.174387,0.407104,0.36018,0.232717,0.666667,0.0,0.333333,0.551882,0.810517,3
1155.KL,14/2/2026,0.0,0.0,0.0,0.0,0.0,0.0,0.0,0.0,0.0,0
1155.KL,14/3/2020,-0.466071,0.183075,0.167779,0.649146,0.0,0.5,0.5,0.466071,0.649146,2
1155.KL,14/3/2021,0.353486,0.40494,0.543606,0.051454,1.0,0.0,0.0,0.353486,0.543606,1
1155.KL,14/3/2022,0.0,0.0,0.0,0.0,0.0,0.0,0.0,0.0,0.0,0
1155.KL,14/3/2023,0.02357,0.04979,0.923991,0.02622,0.0,1.0,0.0,0.030573,0.923991,3
1155.KL,14/3/2024,-0.252078,0.172723,0.402476,0.424801,0.333333,0.333333,0.333333,0.377664,0.748939,3
1155.KL,14/3/2025,-0.778772,0.018741,0.183746,0.797513,0.0,0.0,1.0,0.778772,0.797513,1
1155.KL,14/3/2026,0.0,0.0,0.0,0.0,0.0,0.0,0.0,0.0,0.0,0
1155.KL,14/4/2020,0.235813,0.480876,0.274061,0.245063,0.5,0.25,0.25,0.680299,0.926717,4
1155.KL,14/4/2021,-0.797065,0.073058,0.056819,0.870123,0.0,0.0,1.0,0.797065,0.870123,2
1155.KL,14/4/2022,-0.012634,0.478004,0.031358,0.490638,0.5,0.0,0.5,0.929738,0.94919,2
1155.KL,14/4/2023,-0.321498,0.132943,0.412616,0.454441,0.5,0.0,0.5,0.539943,0.823884,2
1155.KL,14/4/2024,0.0,0.0,0.0,0.0,0.0,0.0,0.0,0.0,0.0,0
1155.KL,14/4/2025,0.098764,0.123314,0.852136,0.02455,0.5,0.5,0.0,0.098764,0.852136,2
1155.KL,14/5/2020,0.147619,0.167076,0.813468,0.019457,0.5,0.5,0.0,0.147619,0.813468,2
1155.KL,14/5/2021,0.0,0.0,0.0,0.0,0.0,0.0,0.0,0.0,0.0,0
1155.KL,14/5/2022,0.897012,0.935164,0.026684,0.038152,1.0,0.0,0.0,0.897012,0.935164,1
1155.KL,14/5/2023,0.0,0.0,0.0,0.0,0.0,0.0,0.0,0.0,0.0,0
1155.KL,14/5/2024,-0.147895,0.236641,0.378823,0.384536,0.333333,0.333333,0.333333,0.327384,0.74773,3
1155.KL,14/5/2025,0.153589,0.351612,0.450366,0.198023,0.6,0.2,0.2,0.521234,0.770509,5
1155.KL,14/6/2020,0.0,0.0,0.0,0.0,0.0,0.0,0.0,0.0,0.0,0
1155.KL,14/6/2021,0.0,0.0,0.0,0.0,0.0,0.0,0.0,0.0,0.0,0
1155.KL,14/6/2022,-0.41932,0.077729,0.425222,0.497049,0.5,0.0,0.5,0.534796,0.892866,2
1155.KL,14/6/2023,0.379726,0.389146,0.601434,0.00942,1.0,0.0,0.0,0.379726,0.733659,2
1155.KL,14/6/2024,0.0,0.0,0.0,0.0,0.0,0.0,0.0,0.0,0.0,0
1155.KL,14/6/2025,0.0,0.0,0.0,0.0,0.0,0.0,0.0,0.0,0.0,0
1155.KL,14/7/2020,-0.053833,0.450402,0.045362,0.504236,0.5,0.0,0.5,0.906651,0.930645,2
1155.KL,14/7/2021,0.70119,0.783195,0.1348,0.082005,1.0,0.0,0.0,0.70119,0.783195,1
1155.KL,14/7/2022,-0.956964,0.009047,0.024942,0.966011,0.0,0.0,1.0,0.956964,0.966011,1
1155.KL,14/7/2023,0.0,0.0,0.0,0.0,0.0,0.0,0.0,0.0,0.0,0
1155.KL,14/7/2024,0.0,0.0,0.0,0.0,0.0,0.0,0.0,0.0,0.0,0
1155.KL,14/7/2025,0.605678,0.614808,0.376061,0.00913,1.0,0.0,0.0,0.605678,0.682161,2
1155.KL,14/8/2020,0.759653,0.795135,0.169382,0.035483,1.0,0.0,0.0,0.759653,0.795135,1
1155.KL,14/8/2021,0.608507,0.654286,0.299935,0.045779,1.0,0.0,0.0,0.608507,0.727373,2
1155.KL,14/8/2022,0.921462,0.947408,0.026647,0.025946,1.0,0.0,0.0,0.921462,0.947408,1
1155.KL,14/8/2023,-0.881579,0.050351,0.017718,0.931931,0.0,0.0,1.0,0.881579,0.931931,1
1155.KL,14/8/2024,0.440711,0.492905,0.454902,0.052194,0.5,0.5,0.0,0.440711,0.901163,2
1155.KL,14/8/2025,0.424719,0.477308,0.470102,0.052589,0.75,0.25,0.0,0.433156,0.813255,4
1155.KL,14/9/2020,0.682804,0.698368,0.286068,0.015564,1.0,0.0,0.0,0.682804,0.838453,3
1155.KL,14/9/2021,0.0,0.0,0.0,0.0,0.0,0.0,0.0,0.0,0.0,0
1155.KL,14/9/2022,-0.508209,0.119057,0.253677,0.627266,0.333333,0.0,0.666667,0.624705,0.850515,3
1155.KL,14/9/2023,-0.25484,0.336847,0.071467,0.591686,0.333333,0.0,0.666667,0.77918,0.853856,3
1155.KL,14/9/2024,0.083988,0.097986,0.888016,0.013998,0.0,1.0,0.0,0.083988,0.888016,1
1155.KL,14/9/2025,0.0,0.0,0.0,0.0,0.0,0.0,0.0,0.0,0.0,0
1155.KL,15/1/2020,-0.419288,0.048682,0.483348,0.46797,0.0,0.5,0.5,0.419288,0.854004,2
1155.KL,15/1/2021,0.499148,0.509684,0.479779,0.010536,1.0,0.0,0.0,0.499148,0.509684,1
1155.KL,15/1/2022,0.137005,0.148152,0.840702,0.011147,1.0,0.0,0.0,0.137005,0.840702,1
1155.KL,15/1/2023,0.0,0.0,0.0,0.0,0.0,0.0,0.0,0.0,0.0,0
1155.KL,15/1/2024,0.0,0.0,0.0,0.0,0.0,0.0,0.0,0.0,0.0,0
1155.KL,15/1/2025,-0.275791,0.049585,0.62504,0.325376,0.0,0.5,0.5,0.288969,0.834501,4
1155.KL,15/1/2026,-0.953897,0.012646,0.02081,0.966544,0.0,0.0,1.0,0.953897,0.966544,1
1155.KL,15/10/2020,0.059845,0.072615,0.914616,0.012769,0.0,1.0,0.0,0.059845,0.914616,1
1155.KL,15/10/2021,0.0,0.0,0.0,0.0,0.0,0.0,0.0,0.0,0.0,0
1155.KL,15/10/2022,0.892613,0.929468,0.033678,0.036855,1.0,0.0,0.0,0.892613,0.929468,1
1155.KL,15/10/2023,0.0,0.0,0.0,0.0,0.0,0.0,0.0,0.0,0.0,0
1155.KL,15/10/2024,0.302048,0.628578,0.044891,0.32653,0.666667,0.0,0.333333,0.83136,0.893234,3
1155.KL,15/10/2025,0.02312,0.330295,0.36253,0.307175,0.333333,0.333333,0.333333,0.60172,0.914848,3
1155.KL,15/11/2020,0.0,0.0,0.0,0.0,0.0,0.0,0.0,0.0,0.0,0
1155.KL,15/11/2021,0.821585,0.841556,0.138472,0.019972,1.0,0.0,0.0,0.821585,0.841556,2
1155.KL,15/11/2022,0.162837,0.486329,0.190178,0.323493,0.333333,0.0,0.666667,0.41332,0.612307,3
1155.KL,15/11/2023,0.802811,0.867036,0.068739,0.064225,1.0,0.0,0.0,0.802811,0.867036,1
1155.KL,15/11/2024,0.791066,0.837331,0.116404,0.046265,1.0,0.0,0.0,0.791066,0.837331,2
1155.KL,15/11/2025,-0.073207,0.413907,0.098979,0.487114,0.5,0.0,0.5,0.879511,0.890266,2
1155.KL,15/12/2020,0.035491,0.049493,0.936504,0.014003,0.0,1.0,0.0,0.035491,0.936504,1
1155.KL,15/12/2021,-0.363995,0.070145,0.495715,0.43414,0.0,0.5,0.5,0.391535,0.891753,4
1155.KL,15/12/2022,-0.091413,0.090354,0.72788,0.181767,0.0,0.75,0.25,0.10303,0.853431,4
1155.KL,15/12/2023,0.758285,0.846539,0.065206,0.088255,1.0,0.0,0.0,0.758285,0.846539,2
1155.KL,15/12/2024,0.0,0.0,0.0,0.0,0.0,0.0,0.0,0.0,0.0,0
1155.KL,15/12/2025,0.889007,0.918339,0.052329,0.029332,1.0,0.0,0.0,0.889007,0.918339,1
1155.KL,15/2/2020,-0.883735,0.027173,0.061919,0.910908,0.0,0.0,1.0,0.883735,0.910908,2
1155.KL,15/2/2021,-0.506981,0.049724,0.393572,0.556705,0.0,0.333333,0.666667,0.560669,0.839884,3
1155.KL,15/2/2022,0.01436,0.327481,0.359397,0.313122,0.333333,0.333333,0.333333,0.586247,0.905163,3
1155.KL,15/2/2023,0.185487,0.432255,0.320978,0.246767,0.5,0.0,0.5,0.393574,0.666978,4
1155.KL,15/2/2024,-0.23224,0.059737,0.648286,0.291977,0.0,0.75,0.25,0.28224,0.879585,4
1155.KL,15/2/2025,0.0,0.0,0.0,0.0,0.0,0.0,0.0,0.0,0.0,0
1155.KL,15/2/2026,0.0,0.0,0.0,0.0,0.0,0.0,0.0,0.0,0.0,0
1155.KL,15/3/2020,0.0,0.0,0.0,0.0,0.0,0.0,0.0,0.0,0.0,0
1155.KL,15/3/2021,-0.021502,0.319114,0.340269,0.340616,0.333333,0.333333,0.333333,0.610447,0.889867,3
1155.KL,15/3/2022,0.059176,0.46723,0.124715,0.408054,0.5,0.0,0.5,0.812028,0.843656,4
1155.KL,15/3/2023,-0.107568,0.322349,0.247733,0.429918,0.5,0.0,0.5,0.646716,0.802686,4
1155.KL,15/3/2024,-0.951947,0.017741,0.01257,0.969688,0.0,0.0,1.0,0.951947,0.969688,1
1155.KL,15/3/2025,0.0,0.0,0.0,0.0,0.0,0.0,0.0,0.0,0.0,0
1155.KL,15/3/2026,0.0,0.0,0.0,0.0,0.0,0.0,0.0,0.0,0.0,0
1155.KL,15/4/2020,0.405392,0.481013,0.443366,0.075621,0.5,0.5,0.0,0.405392,0.811385,2
1155.KL,15/4/2021,-0.477376,0.018571,0.485482,0.495947,0.0,0.5,0.5,0.477376,0.917971,2
1155.KL,15/4/2022,-0.493963,0.13428,0.237478,0.628243,0.333333,0.0,0.666667,0.719933,0.837194,3
1155.KL,15/4/2023,0.0,0.0,0.0,0.0,0.0,0.0,0.0,0.0,0.0,0
1155.KL,15/4/2024,0.211269,0.222048,0.767173,0.010779,1.0,0.0,0.0,0.211269,0.767173,1
1155.KL,15/4/2025,0.744838,0.754244,0.236349,0.009407,1.0,0.0,0.0,0.744838,0.754244,2
1155.KL,15/5/2020,0.038369,0.499059,0.040251,0.46069,0.0,1.0,0.0,0.038369,0.499059,1
1155.KL,15/5/2021,0.0,0.0,0.0,0.0,0.0,0.0,0.0,0.0,0.0,0
1155.KL,15/5/2022,0.0,0.0,0.0,0.0,0.0,0.0,0.0,0.0,0.0,0
1155.KL,15/5/2023,0.315516,0.42456,0.466396,0.109044,0.666667,0.333333,0.0,0.36476,0.764515,3
1155.KL,15/5/2024,0.527452,0.554497,0.418459,0.027044,0.666667,0.333333,0.0,0.527452,0.821048,3
1155.KL,15/5/2025,0.72867,0.757071,0.214527,0.028401,1.0,0.0,0.0,0.72867,0.821239,4
1155.KL,15/6/2020,-0.9365,0.015093,0.033314,0.951593,0.0,0.0,1.0,0.9365,0.951593,1
1155.KL,15/6/2021,0.671145,0.715299,0.240547,0.044154,1.0,0.0,0.0,0.671145,0.715299,2
1155.KL,15/6/2022,0.638883,0.725002,0.188878,0.08612,1.0,0.0,0.0,0.638883,0.725002,1
1155.KL,15/6/2023,0.0,0.0,0.0,0.0,0.0,0.0,0.0,0.0,0.0,0
1155.KL,15/6/2024,0.0,0.0,0.0,0.0,0.0,0.0,0.0,0.0,0.0,0
1155.KL,15/6/2025,0.0,0.0,0.0,0.0,0.0,0.0,0.0,0.0,0.0,0
1155.KL,15/7/2020,-0.194846,0.152665,0.499824,0.347511,0.5,0.0,0.5,0.325239,0.766629,2
1155.KL,15/7/2021,-0.037823,0.044256,0.873665,0.082079,0.0,0.5,0.5,0.067525,0.873665,2
1155.KL,15/7/2022,-0.219263,0.374384,0.031968,0.593647,0.5,0.0,0.5,0.738524,0.853278,2
1155.KL,15/7/2023,0.0,0.0,0.0,0.0,0.0,0.0,0.0,0.0,0.0,0
1155.KL,15/7/2024,0.852595,0.903714,0.045168,0.051119,1.0,0.0,0.0,0.852595,0.903714,1
1155.KL,15/7/2025,0.219569,0.242973,0.733624,0.023404,0.333333,0.666667,0.0,0.235845,0.839771,3
1155.KL,15/8/2020,-0.215699,0.095559,0.593182,0.311259,0.0,0.0,1.0,0.215699,0.593182,1
1155.KL,15/8/2021,0.844342,0.901097,0.042147,0.056756,1.0,0.0,0.0,0.844342,0.901097,1
1155.KL,15/8/2022,-0.081478,0.389209,0.140105,0.470686,0.4,0.0,0.6,0.800998,0.831854,5
1155.KL,15/8/2023,0.30956,0.557524,0.194512,0.247964,0.666667,0.0,0.333333,0.451153,0.62832,3
1155.KL,15/8/2024,-0.716801,0.054693,0.173812,0.771494,0.2,0.0,0.8,0.802298,0.921419,5
1155.KL,15/8/2025,-0.02529,0.473486,0.027738,0.498776,0.5,0.0,0.5,0.932278,0.95227,2
1155.KL,15/9/2020,0.0,0.0,0.0,0.0,0.0,0.0,0.0,0.0,0.0,0
1155.KL,15/9/2021,0.120603,0.387508,0.345588,0.266904,0.75,0.0,0.25,0.601463,0.799584,4
1155.KL,15/9/2022,-0.260494,0.098791,0.541925,0.359285,0.5,0.0,0.5,0.397414,0.771459,2
1155.KL,15/9/2023,0.515514,0.70724,0.101035,0.191725,1.0,0.0,0.0,0.515514,0.70724,2
1155.KL,15/9/2024,0.815875,0.847019,0.121836,0.031145,1.0,0.0,0.0,0.815875,0.847019,1
1155.KL,15/9/2025,0.0,0.0,0.0,0.0,0.0,0.0,0.0,0.0,0.0,0
1155.KL,16/1/2020,0.836192,0.889481,0.05723,0.053289,1.0,0.0,0.0,0.836192,0.889481,2
1155.KL,16/1/2021,-0.387511,0.04433,0.523828,0.431842,0.0,0.5,0.5,0.387511,0.84863,2
1155.KL,16/1/2022,0.0,0.0,0.0,0.0,0.0,0.0,0.0,0.0,0.0,0
1155.KL,16/1/2023,-0.281478,0.180211,0.3581,0.461689,0.333333,0.0,0.666667,0.416861,0.718767,3
1155.KL,16/1/2024,-0.773441,0.094751,0.037056,0.868193,0.0,0.0,1.0,0.773441,0.868193,2
1155.KL,16/1/2025,0.625042,0.637709,0.349625,0.012666,1.0,0.0,0.0,0.625042,0.804639,2
1155.KL,16/1/2026,0.298765,0.63102,0.036724,0.332256,0.666667,0.0,0.333333,0.897871,0.930573,3
1155.KL,16/10/2020,0.0,0.0,0.0,0.0,0.0,0.0,0.0,0.0,0.0,0
1155.KL,16/10/2021,0.770131,0.793794,0.182543,0.023663,1.0,0.0,0.0,0.770131,0.793794,1
1155.KL,16/10/2022,0.0,0.0,0.0,0.0,0.0,0.0,0.0,0.0,0.0,0
1155.KL,16/10/2023,0.040486,0.069532,0.901422,0.029046,0.0,1.0,0.0,0.040486,0.901422,2
1155.KL,16/10/2024,0.298984,0.331221,0.636542,0.032237,0.5,0.5,0.0,0.298984,0.705998,2
1155.KL,16/10/2025,0.391133,0.50965,0.371833,0.118517,1.0,0.0,0.0,0.391133,0.72559,2
1155.KL,16/11/2020,0.068787,0.085351,0.898086,0.016563,0.0,1.0,0.0,0.068787,0.898086,1
1155.KL,16/11/2021,0.865249,0.906562,0.052125,0.041313,1.0,0.0,0.0,0.865249,0.906562,2
1155.KL,16/11/2022,-0.655888,0.15139,0.041331,0.807278,0.0,0.0,1.0,0.655888,0.807278,1
1155.KL,16/11/2023,0.104617,0.443134,0.218349,0.338517,0.5,0.0,0.5,0.705117,0.743384,2
1155.KL,16/11/2024,-0.93855,0.016005,0.02944,0.954555,0.0,0.0,1.0,0.93855,0.954555,1
1155.KL,16/11/2025,0.0,0.0,0.0,0.0,0.0,0.0,0.0,0.0,0.0,0
1155.KL,16/12/2020,-0.415469,0.230003,0.124526,0.645472,0.0,0.0,1.0,0.415469,0.645472,1
1155.KL,16/12/2021,0.298899,0.523771,0.251356,0.224872,0.6,0.2,0.2,0.64498,0.874301,5
1155.KL,16/12/2022,-0.90009,0.030682,0.038545,0.930773,0.0,0.0,1.0,0.90009,0.930773,2
1155.KL,16/12/2023,0.921732,0.943338,0.035056,0.021606,1.0,0.0,0.0,0.921732,0.943338,1
1155.KL,16/12/2024,0.35326,0.491052,0.371155,0.137793,0.5,0.0,0.5,0.580085,0.832657,2
1155.KL,16/12/2025,0.899029,0.931039,0.036951,0.03201,1.0,0.0,0.0,0.899029,0.931039,2
1155.KL,16/2/2020,0.0,0.0,0.0,0.0,0.0,0.0,0.0,0.0,0.0,0
1155.KL,16/2/2021,0.337516,0.473692,0.390132,0.136176,1.0,0.0,0.0,0.337516,0.700361,3
1155.KL,16/2/2022,-0.735414,0.023792,0.217002,0.759206,0.0,0.0,1.0,0.735414,0.759206,1
1155.KL,16/2/2023,-0.096433,0.245864,0.41184,0.342296,0.5,0.0,0.5,0.302674,0.651971,2
1155.KL,16/2/2024,0.337463,0.485403,0.366657,0.14794,0.75,0.0,0.25,0.50218,0.751941,4
1155.KL,16/2/2025,0.0,0.0,0.0,0.0,0.0,0.0,0.0,0.0,0.0,0
1155.KL,16/2/2026,0.275793,0.598231,0.079331,0.322438,0.666667,0.0,0.333333,0.89194,0.906304,3
1155.KL,16/3/2020,0.235486,0.478254,0.278978,0.242768,1.0,0.0,0.0,0.235486,0.478254,1
1155.KL,16/3/2021,0.565522,0.636251,0.293019,0.070729,1.0,0.0,0.0,0.565522,0.636251,2
1155.KL,16/3/2022,0.356235,0.618819,0.118597,0.262584,0.75,0.0,0.25,0.787258,0.834331,4
1155.KL,16/3/2023,-0.45845,0.12138,0.29879,0.57983,0.333333,0.0,0.666667,0.596253,0.833258,3
1155.KL,16/3/2024,-0.016074,0.035091,0.913744,0.051165,0.0,1.0,0.0,0.016074,0.913744,1
1155.KL,16/3/2025,0.45002,0.466243,0.517534,0.016223,1.0,0.0,0.0,0.45002,0.517534,1
1155.KL,16/3/2026,-0.240835,0.255293,0.248579,0.496128,0.25,0.25,0.5,0.709243,0.938665,4
1155.KL,16/4/2020,0.595217,0.643363,0.308492,0.048146,1.0,0.0,0.0,0.595217,0.87594,3
1155.KL,16/4/2021,0.398976,0.687578,0.02382,0.288602,0.5,0.5,0.0,0.455501,0.715841,2
1155.KL,16/4/2022,-0.949751,0.015254,0.019741,0.965005,0.0,0.0,1.0,0.949751,0.965005,1
1155.KL,16/4/2023,-0.009187,0.055093,0.880626,0.064281,0.0,1.0,0.0,0.009187,0.880626,1
1155.KL,16/4/2024,-0.387958,0.206073,0.199897,0.594031,0.5,0.0,0.5,0.50084,0.650873,2
1155.KL,16/4/2025,0.0,0.0,0.0,0.0,0.0,0.0,0.0,0.0,0.0,0
1155.KL,16/5/2020,0.0,0.0,0.0,0.0,0.0,0.0,0.0,0.0,0.0,0
1155.KL,16/5/2021,0.0,0.0,0.0,0.0,0.0,0.0,0.0,0.0,0.0,0
1155.KL,16/5/2022,0.0,0.0,0.0,0.0,0.0,0.0,0.0,0.0,0.0,0
1155.KL,16/5/2023,-0.754469,0.102635,0.040262,0.857104,0.0,0.0,1.0,0.754469,0.857104,1
1155.KL,16/5/2024,0.100171,0.42024,0.259692,0.320068,0.5,0.0,0.5,0.612347,0.676327,2
1155.KL,16/5/2025,-0.641926,0.157151,0.043772,0.799077,0.0,0.0,1.0,0.641926,0.799077,2
1155.KL,16/6/2020,0.03322,0.064867,0.903487,0.031647,0.0,1.0,0.0,0.034437,0.903487,2
1155.KL,16/6/2021,0.110666,0.121927,0.866811,0.011262,0.5,0.5,0.0,0.110666,0.866811,2
1155.KL,16/6/2022,-0.354031,0.119276,0.407417,0.473307,0.0,0.25,0.75,0.356763,0.764706,4
1155.KL,16/6/2023,-0.959758,0.014102,0.012038,0.97386,0.0,0.0,1.0,0.959758,0.97386,1
1155.KL,16/6/2024,0.0,0.0,0.0,0.0,0.0,0.0,0.0,0.0,0.0,0
1155.KL,16/6/2025,0.0,0.0,0.0,0.0,0.0,0.0,0.0,0.0,0.0,0
1155.KL,16/7/2020,-0.892426,0.019738,0.068098,0.912164,0.0,0.0,1.0,0.892426,0.912164,2
1155.KL,16/7/2021,0.523482,0.54732,0.428841,0.023838,1.0,0.0,0.0,0.523482,0.888095,2
1155.KL,16/7/2022,0.0,0.0,0.0,0.0,0.0,0.0,0.0,0.0,0.0,0
1155.KL,16/7/2023,0.836217,0.89249,0.051238,0.056273,1.0,0.0,0.0,0.836217,0.89249,1
1155.KL,16/7/2024,0.465242,0.670979,0.123284,0.205737,0.75,0.0,0.25,0.816801,0.846758,4
1155.KL,16/7/2025,-0.499527,0.177748,0.144978,0.677274,0.0,0.5,0.5,0.499527,0.677274,2
1155.KL,16/8/2020,0.0,0.0,0.0,0.0,0.0,0.0,0.0,0.0,0.0,0
1155.KL,16/8/2021,0.558833,0.581632,0.395569,0.022799,1.0,0.0,0.0,0.558833,0.818521,2
1155.KL,16/8/2022,0.23612,0.483539,0.269042,0.247419,0.5,0.25,0.25,0.69888,0.922929,4
1155.KL,16/8/2023,0.691447,0.747627,0.196194,0.056179,1.0,0.0,0.0,0.691447,0.75124,5
1155.KL,16/8/2024,0.189625,0.391506,0.406612,0.201882,0.5,0.0,0.5,0.521405,0.630651,2
1155.KL,16/8/2025,0.021665,0.240812,0.54004,0.219148,0.0,1.0,0.0,0.035473,0.671884,2
1155.KL,16/9/2020,0.0,0.0,0.0,0.0,0.0,0.0,0.0,0.0,0.0,0
1155.KL,16/9/2021,0.413782,0.517915,0.377951,0.104134,1.0,0.0,0.0,0.413782,0.775745,2
1155.KL,16/9/2022,0.222375,0.232847,0.75668,0.010472,1.0,0.0,0.0,0.222375,0.75668,1
1155.KL,16/9/2023,0.0,0.0,0.0,0.0,0.0,0.0,0.0,0.0,0.0,0
1155.KL,16/9/2024,0.0,0.0,0.0,0.0,0.0,0.0,0.0,0.0,0.0,0
1155.KL,16/9/2025,0.0,0.0,0.0,0.0,0.0,0.0,0.0,0.0,0.0,0
1155.KL,17/1/2020,-0.919768,0.021382,0.037467,0.94115,0.0,0.0,1.0,0.919768,0.94115,1
1155.KL,17/1/2021,-0.80662,0.081647,0.030087,0.888266,0.0,0.0,1.0,0.80662,0.888266,1
1155.KL,17/1/2022,-0.00744,0.469722,0.053117,0.477162,0.5,0.0,0.5,0.859691,0.903287,2
1155.KL,17/1/2023,0.0,0.0,0.0,0.0,0.0,0.0,0.0,0.0,0.0,0
1155.KL,17/1/2024,-0.964467,0.007727,0.020079,0.972194,0.0,0.0,1.0,0.964467,0.972194,1
1155.KL,17/1/2025,0.270954,0.293746,0.683461,0.022792,0.5,0.5,0.0,0.270954,0.742951,2
1155.KL,17/1/2026,0.0,0.0,0.0,0.0,0.0,0.0,0.0,0.0,0.0,0
1155.KL,17/10/2020,-0.63272,0.054124,0.259032,0.686844,0.0,0.0,1.0,0.63272,0.692472,3
1155.KL,17/10/2021,0.0,0.0,0.0,0.0,0.0,0.0,0.0,0.0,0.0,0
1155.KL,17/10/2022,-0.323109,0.16816,0.340571,0.491269,0.5,0.0,0.5,0.610201,0.800216,4
1155.KL,17/10/2023,-0.485273,0.021202,0.472322,0.506475,0.0,0.5,0.5,0.485273,0.950608,2
1155.KL,17/10/2024,0.258326,0.553435,0.151456,0.295109,0.6,0.0,0.4,0.785522,0.817033,5
1155.KL,17/10/2025,0.859944,0.868497,0.12295,0.008553,1.0,0.0,0.0,0.859944,0.868497,1
1155.KL,17/11/2020,0.0,0.0,0.0,0.0,0.0,0.0,0.0,0.0,0.0,0
1155.KL,17/11/2021,0.598117,0.65027,0.297577,0.052153,1.0,0.0,0.0,0.598117,0.786873,4
1155.KL,17/11/2022,-0.893232,0.033413,0.039941,0.926646,0.0,0.0,1.0,0.893232,0.926646,3
1155.KL,17/11/2023,-0.410518,0.061815,0.465853,0.472333,0.0,0.5,0.5,0.503953,0.911012,2
1155.KL,17/11/2024,0.0,0.0,0.0,0.0,0.0,0.0,0.0,0.0,0.0,0
1155.KL,17/11/2025,0.459589,0.663627,0.132336,0.204037,1.0,0.0,0.0,0.459589,0.663627,1
1155.KL,17/12/2020,0.311378,0.378873,0.553632,0.067495,1.0,0.0,0.0,0.311378,0.553632,1
1155.KL,17/12/2021,0.0,0.0,0.0,0.0,0.0,0.0,0.0,0.0,0.0,0
1155.KL,17/12/2022,0.676929,0.804615,0.0677,0.127686,1.0,0.0,0.0,0.676929,0.804615,1
1155.KL,17/12/2023,0.0,0.0,0.0,0.0,0.0,0.0,0.0,0.0,0.0,0
1155.KL,17/12/2024,-0.956294,0.01306,0.017586,0.969353,0.0,0.0,1.0,0.956294,0.969353,1
1155.KL,17/12/2025,0.454452,0.481961,0.49053,0.027509,0.5,0.5,0.0,0.454452,0.919056,2
1155.KL,17/2/2020,-0.917783,0.032316,0.017584,0.950099,0.0,0.0,1.0,0.917783,0.950099,1
1155.KL,17/2/2021,0.310517,0.589437,0.131644,0.278919,0.666667,0.0,0.333333,0.780051,0.824203,3
1155.KL,17/2/2022,-0.837329,0.013756,0.13516,0.851085,0.0,0.0,1.0,0.837329,0.851085,1
1155.KL,17/2/2023,-0.120888,0.372304,0.134503,0.493193,0.5,0.0,0.5,0.826824,0.846161,4
1155.KL,17/2/2024,0.926637,0.948103,0.030432,0.021465,1.0,0.0,0.0,0.926637,0.948103,2
1155.KL,17/2/2025,0.302211,0.410918,0.480375,0.108707,0.75,0.25,0.0,0.302211,0.793258,4
1155.KL,17/2/2026,0.774906,0.872251,0.030405,0.097344,1.0,0.0,0.0,0.774906,0.872251,2
1155.KL,17/3/2020,-0.949232,0.019573,0.011621,0.968806,0.0,0.0,1.0,0.949232,0.968806,1
1155.KL,17/3/2021,0.046411,0.483137,0.080136,0.436726,0.5,0.0,0.5,0.86506,0.892462,2
1155.KL,17/3/2022,0.795879,0.845481,0.104918,0.049602,1.0,0.0,0.0,0.795879,0.845481,1
1155.KL,17/3/2023,-0.145851,0.389405,0.075338,0.535257,0.5,0.0,0.5,0.720696,0.822679,4
1155.KL,17/3/2024,0.0,0.0,0.0,0.0,0.0,0.0,0.0,0.0,0.0,0
1155.KL,17/3/2025,0.906152,0.935712,0.034727,0.02956,1.0,0.0,0.0,0.906152,0.935712,1
1155.KL,17/3/2026,0.724719,0.830227,0.064264,0.105508,1.0,0.0,0.0,0.724719,0.830227,1
1155.KL,17/4/2020,0.255455,0.365795,0.523866,0.11034,0.5,0.5,0.0,0.255455,0.80512,2
1155.KL,17/4/2021,0.0,0.0,0.0,0.0,0.0,0.0,0.0,0.0,0.0,0
1155.KL,17/4/2022,-0.783991,0.022588,0.170833,0.806579,0.0,0.0,1.0,0.783991,0.806579,2
1155.KL,17/4/2023,0.751203,0.765896,0.219412,0.014693,1.0,0.0,0.0,0.751203,0.765896,2
1155.KL,17/4/2024,-0.963353,0.009281,0.018085,0.972634,0.0,0.0,1.0,0.963353,0.972634,1
1155.KL,17/4/2025,-0.181979,0.057619,0.702783,0.239598,0.0,0.8,0.2,0.221556,0.893324,5
1155.KL,17/5/2020,0.677697,0.695113,0.287472,0.017415,1.0,0.0,0.0,0.677697,0.695113,1
1155.KL,17/5/2021,0.123567,0.133356,0.856854,0.00979,0.5,0.5,0.0,0.123567,0.856854,2
1155.KL,17/5/2022,0.457957,0.489959,0.478039,0.032002,0.5,0.5,0.0,0.457957,0.913353,2
1155.KL,17/5/2023,0.0,0.0,0.0,0.0,0.0,0.0,0.0,0.0,0.0,0
1155.KL,17/5/2024,0.917425,0.941846,0.033733,0.024421,1.0,0.0,0.0,0.917425,0.941846,1
1155.KL,17/5/2025,0.596644,0.781812,0.033019,0.185168,1.0,0.0,0.0,0.596644,0.781812,1
1155.KL,17/6/2020,-0.014117,0.480219,0.025445,0.494336,0.5,0.0,0.5,0.944751,0.959653,2
1155.KL,17/6/2021,-0.304887,0.32066,0.053793,0.625547,0.333333,0.0,0.666667,0.885091,0.915649,3
1155.KL,17/6/2022,-0.277755,0.056113,0.610019,0.333868,0.166667,0.5,0.333333,0.331216,0.886742,6
1155.KL,17/6/2023,0.770267,0.798344,0.173579,0.028077,1.0,0.0,0.0,0.770267,0.798344,2
1155.KL,17/6/2024,0.0,0.0,0.0,0.0,0.0,0.0,0.0,0.0,0.0,0
1155.KL,17/6/2025,-0.228555,0.255389,0.260667,0.483944,0.25,0.25,0.5,0.689679,0.942341,4
1155.KL,17/7/2020,-0.805286,0.018249,0.158217,0.823534,0.0,0.0,1.0,0.805286,0.823534,1
1155.KL,17/7/2021,0.0,0.0,0.0,0.0,0.0,0.0,0.0,0.0,0.0,0
1155.KL,17/7/2022,0.0,0.0,0.0,0.0,0.0,0.0,0.0,0.0,0.0,0
1155.KL,17/7/2023,0.827697,0.837951,0.151795,0.010254,1.0,0.0,0.0,0.827697,0.837951,1
1155.KL,17/7/2024,0.161963,0.435243,0.291476,0.27328,0.5,0.25,0.25,0.658645,0.881678,4
1155.KL,17/7/2025,0.441393,0.563226,0.314942,0.121832,0.75,0.25,0.0,0.441393,0.747141,4
1155.KL,17/8/2020,0.0,0.0,0.0,0.0,0.0,0.0,0.0,0.0,0.0,0
1155.KL,17/8/2021,-0.03433,0.374421,0.216827,0.408751,0.4,0.2,0.4,0.513872,0.664965,5
1155.KL,17/8/2022,0.36621,0.485135,0.395941,0.118924,0.6,0.2,0.2,0.517026,0.740632,5
1155.KL,17/8/2023,0.545978,0.748108,0.049762,0.20213,1.0,0.0,0.0,0.545978,0.748108,1
1155.KL,17/8/2024,0.681749,0.692193,0.297364,0.010443,1.0,0.0,0.0,0.681749,0.692193,1
1155.KL,17/8/2025,0.0,0.0,0.0,0.0,0.0,0.0,0.0,0.0,0.0,0
1155.KL,17/9/2020,0.015285,0.445259,0.124767,0.429974,0.5,0.0,0.5,0.844957,0.860095,2
1155.KL,17/9/2021,0.0,0.0,0.0,0.0,0.0,0.0,0.0,0.0,0.0,0
1155.KL,17/9/2022,0.0,0.0,0.0,0.0,0.0,0.0,0.0,0.0,0.0,0
1155.KL,17/9/2023,-0.001812,0.030932,0.936325,0.032743,0.0,1.0,0.0,0.001812,0.936325,1
1155.KL,17/9/2024,0.347669,0.542764,0.262142,0.195094,1.0,0.0,0.0,0.347669,0.542764,3
1155.KL,17/9/2025,0.0,0.0,0.0,0.0,0.0,0.0,0.0,0.0,0.0,0
1155.KL,18/1/2020,0.0,0.0,0.0,0.0,0.0,0.0,0.0,0.0,0.0,0
1155.KL,18/1/2021,-0.866175,0.028171,0.077483,0.894346,0.0,0.0,1.0,0.866175,0.894346,1
1155.KL,18/1/2022,-0.512703,0.027353,0.432592,0.540056,0.0,0.5,0.5,0.512703,0.905153,2
1155.KL,18/1/2023,-0.204798,0.091557,0.612089,0.296355,0.5,0.0,0.5,0.358592,0.709434,2
1155.KL,18/1/2024,0.041675,0.098639,0.844397,0.056964,0.0,1.0,0.0,0.041675,0.844397,1
1155.KL,18/1/2025,-0.809098,0.042339,0.106225,0.851436,0.0,0.0,1.0,0.809098,0.851436,1
1155.KL,18/1/2026,0.0,0.0,0.0,0.0,0.0,0.0,0.0,0.0,0.0,0
1155.KL,18/10/2020,0.0,0.0,0.0,0.0,0.0,0.0,0.0,0.0,0.0,0
1155.KL,18/10/2021,0.825156,0.893581,0.037994,0.068425,1.0,0.0,0.0,0.825156,0.893581,2
1155.KL,18/10/2022,-0.930126,0.02418,0.021515,0.954306,0.0,0.0,1.0,0.930126,0.954306,1
1155.KL,18/10/2023,-0.394466,0.083658,0.438217,0.478124,0.5,0.0,0.5,0.514217,0.899074,2
1155.KL,18/10/2024,0.009847,0.047383,0.915081,0.037536,0.0,1.0,0.0,0.009847,0.915081,1
1155.KL,18/10/2025,-0.127416,0.201665,0.469253,0.329081,0.333333,0.333333,0.333333,0.472281,0.750728,3
1155.KL,18/11/2020,0.633725,0.661963,0.3098,0.028237,1.0,0.0,0.0,0.633725,0.893379,3
1155.KL,18/11/2021,0.300903,0.434249,0.432405,0.133346,1.0,0.0,0.0,0.300903,0.434249,1
1155.KL,18/11/2022,-0.904397,0.027642,0.040318,0.932039,0.0,0.0,1.0,0.904397,0.932039,1
1155.KL,18/11/2023,0.060588,0.32148,0.417628,0.260892,0.75,0.0,0.25,0.520136,0.865136,4
1155.KL,18/11/2024,0.0,0.0,0.0,0.0,0.0,0.0,0.0,0.0,0.0,0
1155.KL,18/11/2025,-0.258897,0.080616,0.579872,0.339513,0.333333,0.333333,0.333333,0.381701,0.887933,3
1155.KL,18/12/2020,0.59015,0.59844,0.39327,0.00829,1.0,0.0,0.0,0.59015,0.59844,1
1155.KL,18/12/2021,-0.930606,0.017541,0.034312,0.948147,0.0,0.0,1.0,0.930606,0.948147,1
1155.KL,18/12/2022,0.0,0.0,0.0,0.0,0.0,0.0,0.0,0.0,0.0,0
1155.KL,18/12/2023,-0.58183,0.026477,0.365215,0.608307,0.0,0.333333,0.666667,0.58183,0.901458,3
1155.KL,18/12/2024,0.811584,0.823727,0.164129,0.012143,1.0,0.0,0.0,0.811584,0.823727,1
1155.KL,18/12/2025,-0.207498,0.266526,0.25945,0.474024,0.25,0.25,0.5,0.67141,0.912278,4
1155.KL,18/2/2020,-0.027512,0.302466,0.367557,0.329977,0.333333,0.333333,0.333333,0.589241,0.894583,6
1155.KL,18/2/2021,0.495449,0.711563,0.072322,0.216114,0.5,0.5,0.0,0.495449,0.711563,2
1155.KL,18/2/2022,-0.072093,0.263688,0.40053,0.335781,0.666667,0.0,0.333333,0.461513,0.767411,3
1155.KL,18/2/2023,0.047155,0.096208,0.854739,0.049053,0.0,1.0,0.0,0.047155,0.854739,1
1155.KL,18/2/2024,0.273494,0.288051,0.697392,0.014557,1.0,0.0,0.0,0.273494,0.697392,1
1155.KL,18/2/2025,0.606554,0.632604,0.341345,0.026051,0.666667,0.333333,0.0,0.606554,0.921839,3
1155.KL,18/2/2026,0.0,0.0,0.0,0.0,0.0,0.0,0.0,0.0,0.0,0
1155.KL,18/3/2020,-0.072689,0.435965,0.055382,0.508653,0.5,0.0,0.5,0.876543,0.910581,2
1155.KL,18/3/2021,0.209408,0.577702,0.054005,0.368293,0.5,0.25,0.25,0.513198,0.729596,4
1155.KL,18/3/2022,0.880363,0.917662,0.045039,0.037299,1.0,0.0,0.0,0.880363,0.917662,2
1155.KL,18/3/2023,0.295135,0.386992,0.521152,0.091856,0.666667,0.333333,0.0,0.295135,0.724834,3
1155.KL,18/3/2024,0.73262,0.841686,0.049248,0.109066,1.0,0.0,0.0,0.73262,0.841686,1
1155.KL,18/3/2025,0.567491,0.59043,0.386631,0.022939,1.0,0.0,0.0,0.567491,0.83312,2
1155.KL,18/3/2026,0.826247,0.897424,0.031399,0.071177,1.0,0.0,0.0,0.826247,0.897424,2
1155.KL,18/4/2020,0.305076,0.480889,0.343299,0.175813,0.333333,0.666667,0.0,0.305076,0.780112,3
1155.KL,18/4/2021,0.0,0.0,0.0,0.0,0.0,0.0,0.0,0.0,0.0,0
1155.KL,18/4/2022,0.0,0.0,0.0,0.0,0.0,0.0,0.0,0.0,0.0,0
1155.KL,18/4/2023,0.027971,0.302682,0.422608,0.274711,0.428571,0.285714,0.285714,0.531371,0.873992,7
1155.KL,18/4/2024,0.241416,0.557322,0.126772,0.315906,0.666667,0.0,0.333333,0.768818,0.821023,3
1155.KL,18/4/2025,0.421904,0.476909,0.468086,0.055005,0.5,0.5,0.0,0.47542,0.91737,2
1155.KL,18/5/2020,0.800395,0.841968,0.116459,0.041573,1.0,0.0,0.0,0.800395,0.841968,2
1155.KL,18/5/2021,0.162362,0.172171,0.818019,0.009809,1.0,0.0,0.0,0.162362,0.818019,2
1155.KL,18/5/2022,0.506451,0.727925,0.050601,0.221474,1.0,0.0,0.0,0.506451,0.727925,1
1155.KL,18/5/2023,0.180037,0.188266,0.803505,0.008229,1.0,0.0,0.0,0.180037,0.803505,1
1155.KL,18/5/2024,0.0,0.0,0.0,0.0,0.0,0.0,0.0,0.0,0.0,0
1155.KL,18/5/2025,0.0,0.0,0.0,0.0,0.0,0.0,0.0,0.0,0.0,0
1155.KL,18/6/2020,-0.749156,0.05924,0.132365,0.808395,0.0,0.0,1.0,0.749156,0.808395,2
1155.KL,18/6/2021,0.182512,0.488435,0.205641,0.305923,0.5,0.0,0.5,0.72848,0.894895,4
1155.KL,18/6/2022,0.015834,0.42857,0.158694,0.412736,0.5,0.0,0.5,0.779414,0.81036,2
1155.KL,18/6/2023,0.0,0.0,0.0,0.0,0.0,0.0,0.0,0.0,0.0,0
1155.KL,18/6/2024,-0.180543,0.08509,0.649277,0.265633,0.333333,0.333333,0.333333,0.306778,0.843254,3
1155.KL,18/6/2025,0.290246,0.417082,0.456082,0.126836,0.666667,0.333333,0.0,0.290246,0.675722,3
1155.KL,18/7/2020,0.0,0.0,0.0,0.0,0.0,0.0,0.0,0.0,0.0,0
1155.KL,18/7/2021,-0.922466,0.025718,0.026099,0.948184,0.0,0.0,1.0,0.922466,0.948184,1
1155.KL,18/7/2022,-0.475578,0.078225,0.367972,0.553803,0.0,0.0,1.0,0.475578,0.553803,1
1155.KL,18/7/2023,0.0,0.0,0.0,0.0,0.0,0.0,0.0,0.0,0.0,0
1155.KL,18/7/2024,0.474282,0.664616,0.14505,0.190334,1.0,0.0,0.0,0.474282,0.664616,1
1155.KL,18/7/2025,0.851881,0.869415,0.113052,0.017534,1.0,0.0,0.0,0.851881,0.869415,2
1155.KL,18/8/2020,-0.305555,0.316956,0.060533,0.622511,0.0,0.0,1.0,0.305555,0.622511,1
1155.KL,18/8/2021,0.0,0.0,0.0,0.0,0.0,0.0,0.0,0.0,0.0,0
1155.KL,18/8/2022,0.897924,0.932559,0.032806,0.034635,1.0,0.0,0.0,0.897924,0.932559,1
1155.KL,18/8/2023,0.0,0.0,0.0,0.0,0.0,0.0,0.0,0.0,0.0,0
1155.KL,18/8/2024,0.0,0.0,0.0,0.0,0.0,0.0,0.0,0.0,0.0,0
1155.KL,18/8/2025,0.076609,0.443747,0.189115,0.367138,0.5,0.0,0.5,0.619228,0.715056,2
1155.KL,18/9/2020,0.809234,0.817514,0.174206,0.00828,1.0,0.0,0.0,0.809234,0.817514,2
1155.KL,18/9/2021,0.0,0.0,0.0,0.0,0.0,0.0,0.0,0.0,0.0,0
1155.KL,18/9/2022,0.0,0.0,0.0,0.0,0.0,0.0,0.0,0.0,0.0,0
1155.KL,18/9/2023,0.0,0.0,0.0,0.0,0.0,0.0,0.0,0.0,0.0,0
1155.KL,18/9/2024,0.0,0.0,0.0,0.0,0.0,0.0,0.0,0.0,0.0,0
1155.KL,18/9/2025,-0.339481,0.036604,0.587312,0.376084,0.0,0.5,0.5,0.339734,0.825758,4
1155.KL,19/1/2020,0.0,0.0,0.0,0.0,0.0,0.0,0.0,0.0,0.0,0
1155.KL,19/1/2021,0.528762,0.669246,0.19027,0.140484,1.0,0.0,0.0,0.528762,0.669246,2
1155.KL,19/1/2022,0.0,0.0,0.0,0.0,0.0,0.0,0.0,0.0,0.0,0
1155.KL,19/1/2023,-0.770797,0.045605,0.137993,0.816402,0.0,0.0,1.0,0.770797,0.816402,2
1155.KL,19/1/2024,0.404813,0.452403,0.500006,0.047591,0.5,0.5,0.0,0.404813,0.790654,2
1155.KL,19/1/2025,0.0,0.0,0.0,0.0,0.0,0.0,0.0,0.0,0.0,0
1155.KL,19/1/2026,-0.892393,0.036761,0.034085,0.929154,0.0,0.0,1.0,0.892393,0.929154,1
1155.KL,19/10/2020,0.144407,0.465219,0.213968,0.320812,0.5,0.0,0.5,0.609108,0.69757,2
1155.KL,19/10/2021,0.936879,0.952523,0.031834,0.015644,1.0,0.0,0.0,0.936879,0.952523,1
1155.KL,19/10/2022,-0.883641,0.025992,0.064375,0.909633,0.0,0.0,1.0,0.883641,0.909633,1
1155.KL,19/10/2023,0.079098,0.50116,0.076778,0.422062,0.5,0.0,0.5,0.732564,0.827893,2
1155.KL,19/10/2024,0.0692,0.081528,0.906144,0.012328,0.0,1.0,0.0,0.0692,0.906144,1
1155.KL,19/10/2025,0.0,0.0,0.0,0.0,0.0,0.0,0.0,0.0,0.0,0
1155.KL,19/11/2020,-0.899094,0.037255,0.026396,0.936349,0.0,0.0,1.0,0.899094,0.936349,1
1155.KL,19/11/2021,-0.224712,0.318437,0.138413,0.543149,0.5,0.0,0.5,0.650438,0.756012,2
1155.KL,19/11/2022,0.0,0.0,0.0,0.0,0.0,0.0,0.0,0.0,0.0,0
1155.KL,19/11/2023,0.0,0.0,0.0,0.0,0.0,0.0,0.0,0.0,0.0,0
1155.KL,19/11/2024,0.0,0.0,0.0,0.0,0.0,0.0,0.0,0.0,0.0,0
1155.KL,19/11/2025,0.081498,0.105489,0.870519,0.023991,0.0,1.0,0.0,0.081498,0.870519,2
1155.KL,19/12/2020,0.118714,0.13223,0.854253,0.013516,0.666667,0.333333,0.0,0.118714,0.854253,3
1155.KL,19/12/2021,0.0,0.0,0.0,0.0,0.0,0.0,0.0,0.0,0.0,0
1155.KL,19/12/2022,0.885249,0.900349,0.084551,0.0151,1.0,0.0,0.0,0.885249,0.900349,1
1155.KL,19/12/2023,-0.03197,0.460068,0.047893,0.492039,0.5,0.0,0.5,0.920302,0.936204,2
1155.KL,19/12/2024,-0.913256,0.018323,0.050098,0.931579,0.0,0.0,1.0,0.913256,0.931579,1
1155.KL,19/12/2025,-0.350358,0.155347,0.338948,0.505705,0.0,0.333333,0.666667,0.404797,0.765343,3
1155.KL,19/2/2020,0.145858,0.419192,0.307474,0.273334,0.5,0.25,0.25,0.623373,0.848256,4
1155.KL,19/2/2021,0.036598,0.332034,0.37253,0.295436,0.666667,0.0,0.333333,0.534281,0.669305,3
1155.KL,19/2/2022,0.0,0.0,0.0,0.0,0.0,0.0,0.0,0.0,0.0,0
1155.KL,19/2/2023,0.643472,0.722024,0.199423,0.078552,1.0,0.0,0.0,0.643472,0.722024,1
1155.KL,19/2/2024,0.032122,0.144009,0.744104,0.111887,0.0,1.0,0.0,0.032122,0.744104,1
1155.KL,19/2/2025,0.104702,0.504344,0.096013,0.399642,0.571429,0.0,0.428571,0.8518,0.877893,7
1155.KL,19/2/2026,0.894389,0.91246,0.069468,0.018072,1.0,0.0,0.0,0.894389,0.91246,1
1155.KL,19/3/2020,-0.345048,0.103826,0.447299,0.448875,0.5,0.0,0.5,0.470521,0.869798,2
1155.KL,19/3/2021,0.432044,0.661352,0.109341,0.229307,0.75,0.0,0.25,0.696688,0.793674,4
1155.KL,19/3/2022,0.0,0.0,0.0,0.0,0.0,0.0,0.0,0.0,0.0,0
1155.KL,19/3/2023,0.774354,0.804081,0.166191,0.029728,1.0,0.0,0.0,0.774354,0.804081,1
1155.KL,19/3/2024,-0.058336,0.053984,0.833696,0.11232,0.0,1.0,0.0,0.058336,0.833696,1
1155.KL,19/3/2025,-0.869558,0.023833,0.082776,0.893391,0.0,0.0,1.0,0.869558,0.893391,1
1155.KL,19/3/2026,0.885306,0.924684,0.035937,0.039378,1.0,0.0,0.0,0.885306,0.924684,1
1155.KL,19/4/2020,0.0,0.0,0.0,0.0,0.0,0.0,0.0,0.0,0.0,0
1155.KL,19/4/2021,0.073006,0.289064,0.494878,0.216058,0.0,1.0,0.0,0.073006,0.494878,1
1155.KL,19/4/2022,0.0,0.0,0.0,0.0,0.0,0.0,0.0,0.0,0.0,0
1155.KL,19/4/2023,-0.361484,0.068016,0.502484,0.4295,0.0,0.5,0.5,0.408228,0.795757,2
1155.KL,19/4/2024,0.0,0.0,0.0,0.0,0.0,0.0,0.0,0.0,0.0,0
1155.KL,19/4/2025,0.259718,0.546061,0.167596,0.286343,0.5,0.0,0.5,0.445539,0.638971,2
1155.KL,19/5/2020,0.0,0.0,0.0,0.0,0.0,0.0,0.0,0.0,0.0,0
1155.KL,19/5/2021,0.136731,0.148085,0.84056,0.011354,1.0,0.0,0.0,0.136731,0.84056,1
1155.KL,19/5/2022,0.0,0.0,0.0,0.0,0.0,0.0,0.0,0.0,0.0,0
1155.KL,19/5/2023,0.416294,0.493109,0.430076,0.076815,0.5,0.5,0.0,0.461757,0.867595,2
1155.KL,19/5/2024,-0.326443,0.104801,0.463955,0.431244,0.5,0.0,0.5,0.497181,0.834406,2
1155.KL,19/5/2025,0.618393,0.629267,0.35986,0.010874,1.0,0.0,0.0,0.618393,0.757937,4
1155.KL,19/6/2020,0.050299,0.069011,0.912276,0.018713,0.0,1.0,0.0,0.050299,0.912276,2
1155.KL,19/6/2021,0.145504,0.157725,0.830054,0.012221,0.5,0.5,0.0,0.145504,0.830054,2
1155.KL,19/6/2022,-0.002953,0.189743,0.61756,0.192696,0.0,1.0,0.0,0.002953,0.61756,1
1155.KL,19/6/2023,-0.630141,0.116016,0.137827,0.746157,0.0,0.0,1.0,0.630141,0.746157,2
1155.KL,19/6/2024,0.226713,0.400527,0.42566,0.173814,0.5,0.25,0.25,0.543089,0.779368,4
1155.KL,19/6/2025,0.0,0.0,0.0,0.0,0.0,0.0,0.0,0.0,0.0,0
1155.KL,19/7/2020,0.0,0.0,0.0,0.0,0.0,0.0,0.0,0.0,0.0,0
1155.KL,19/7/2021,0.691272,0.757266,0.17674,0.065994,0.75,0.25,0.0,0.691272,0.831258,4
1155.KL,19/7/2022,-0.198313,0.032184,0.73732,0.230496,0.0,0.0,1.0,0.198313,0.73732,1
1155.KL,19/7/2023,-0.943488,0.015667,0.025178,0.959155,0.0,0.0,1.0,0.943488,0.959155,2
1155.KL,19/7/2024,0.13568,0.415161,0.305357,0.279481,0.666667,0.0,0.333333,0.5647,0.873917,3
1155.KL,19/7/2025,0.0,0.0,0.0,0.0,0.0,0.0,0.0,0.0,0.0,0
1155.KL,19/8/2020,0.90891,0.933441,0.042029,0.024531,1.0,0.0,0.0,0.90891,0.933441,1
1155.KL,19/8/2021,0.070946,0.14623,0.778485,0.075285,0.0,1.0,0.0,0.070946,0.778485,1
1155.KL,19/8/2022,-0.319384,0.102897,0.474822,0.422281,0.0,0.5,0.5,0.352902,0.871034,2
1155.KL,19/8/2023,0.0,0.0,0.0,0.0,0.0,0.0,0.0,0.0,0.0,0
1155.KL,19/8/2024,0.244861,0.255588,0.733684,0.010727,1.0,0.0,0.0,0.244861,0.733684,1
1155.KL,19/8/2025,0.906011,0.914283,0.077445,0.008272,1.0,0.0,0.0,0.906011,0.914283,1
1155.KL,19/9/2020,0.208934,0.217396,0.774143,0.008461,1.0,0.0,0.0,0.208934,0.774143,1
1155.KL,19/9/2021,0.0,0.0,0.0,0.0,0.0,0.0,0.0,0.0,0.0,0
1155.KL,19/9/2022,-0.410362,0.069212,0.451214,0.479574,0.5,0.0,0.5,0.522018,0.908862,2
1155.KL,19/9/2023,-0.873919,0.037008,0.052064,0.910927,0.0,0.0,1.0,0.873919,0.910927,1
1155.KL,19/9/2024,-0.412608,0.049088,0.489215,0.461697,0.0,0.5,0.5,0.412608,0.926808,2
1155.KL,19/9/2025,0.571795,0.592927,0.38594,0.021133,1.0,0.0,0.0,0.571795,0.84583,2
1155.KL,2/1/2020,0.0,0.0,0.0,0.0,0.0,0.0,0.0,0.0,0.0,0
1155.KL,2/1/2021,0.0,0.0,0.0,0.0,0.0,0.0,0.0,0.0,0.0,0
1155.KL,2/1/2022,0.0,0.0,0.0,0.0,0.0,0.0,0.0,0.0,0.0,0
1155.KL,2/1/2023,0.0,0.0,0.0,0.0,0.0,0.0,0.0,0.0,0.0,0
1155.KL,2/1/2024,0.924613,0.946292,0.032029,0.021679,1.0,0.0,0.0,0.924613,0.946292,2
1155.KL,2/1/2025,0.350495,0.372861,0.604774,0.022366,0.666667,0.333333,0.0,0.350495,0.882713,3
1155.KL,2/1/2026,0.0,0.0,0.0,0.0,0.0,0.0,0.0,0.0,0.0,0
1155.KL,2/10/2020,0.868448,0.879535,0.109378,0.011087,1.0,0.0,0.0,0.868448,0.879535,1
1155.KL,2/10/2021,-0.928789,0.026593,0.018025,0.955382,0.0,0.0,1.0,0.928789,0.955382,1
1155.KL,2/10/2022,0.0,0.0,0.0,0.0,0.0,0.0,0.0,0.0,0.0,0
1155.KL,2/10/2023,-0.581081,0.035051,0.348818,0.616131,0.0,0.0,1.0,0.581081,0.823399,3
1155.KL,2/10/2024,-0.543482,0.210722,0.035073,0.754205,0.0,0.333333,0.666667,0.564311,0.764619,3
1155.KL,2/10/2025,0.253188,0.5974,0.058387,0.344212,0.333333,0.333333,0.333333,0.356546,0.649079,3
1155.KL,2/11/2020,0.457058,0.470986,0.515087,0.013928,1.0,0.0,0.0,0.457058,0.515087,1
1155.KL,2/11/2021,-0.253193,0.113657,0.519494,0.366849,0.5,0.0,0.5,0.384835,0.766331,4
1155.KL,2/11/2022,-0.05793,0.234894,0.472282,0.292824,0.5,0.0,0.5,0.460252,0.555238,2
1155.KL,2/11/2023,0.0,0.0,0.0,0.0,0.0,0.0,0.0,0.0,0.0,0
1155.KL,2/11/2024,0.915234,0.934073,0.047088,0.018839,1.0,0.0,0.0,0.915234,0.934073,1
1155.KL,2/11/2025,0.268174,0.407984,0.452205,0.139811,0.727273,0.090909,0.181818,0.481066,0.746489,11
1155.KL,2/12/2020,0.276837,0.336764,0.603309,0.059927,0.666667,0.333333,0.0,0.276837,0.866054,3
1155.KL,2/12/2021,-0.369727,0.113679,0.402916,0.483406,0.5,0.0,0.5,0.565035,0.869147,2
1155.KL,2/12/2022,-0.568913,0.116664,0.197758,0.685578,0.0,0.0,1.0,0.568913,0.685578,1
1155.KL,2/12/2023,0.032546,0.454511,0.123524,0.421965,0.5,0.0,0.5,0.734974,0.805725,4
1155.KL,2/12/2024,0.658754,0.704668,0.249419,0.045913,1.0,0.0,0.0,0.658754,0.704668,2
1155.KL,2/12/2025,0.886044,0.912996,0.060053,0.026952,1.0,0.0,0.0,0.886044,0.912996,2
1155.KL,2/2/2020,0.046562,0.06075,0.925062,0.014188,0.0,1.0,0.0,0.046562,0.925062,1
1155.KL,2/2/2021,0.158487,0.168398,0.821691,0.009911,1.0,0.0,0.0,0.158487,0.821691,1
1155.KL,2/2/2022,0.0,0.0,0.0,0.0,0.0,0.0,0.0,0.0,0.0,0
1155.KL,2/2/2023,-0.199242,0.255398,0.289961,0.45464,0.333333,0.0,0.666667,0.673575,0.691807,3
1155.KL,2/2/2024,0.73678,0.77164,0.193499,0.03486,1.0,0.0,0.0,0.73678,0.77164,2
1155.KL,2/2/2025,0.161753,0.174024,0.813705,0.012271,1.0,0.0,0.0,0.161753,0.813705,1
1155.KL,2/2/2026,-0.952956,0.012636,0.021772,0.965592,0.0,0.0,1.0,0.952956,0.965592,2
1155.KL,2/3/2020,0.054099,0.109234,0.83563,0.055135,0.333333,0.666667,0.0,0.111808,0.83563,3
1155.KL,2/3/2021,0.333062,0.433844,0.465373,0.100783,0.75,0.0,0.25,0.484134,0.60427,4
1155.KL,2/3/2022,0.0,0.0,0.0,0.0,0.0,0.0,0.0,0.0,0.0,0
1155.KL,2/3/2023,-0.139677,0.34967,0.160983,0.489347,0.5,0.0,0.5,0.776913,0.807965,2
1155.KL,2/3/2024,0.0,0.0,0.0,0.0,0.0,0.0,0.0,0.0,0.0,0
1155.KL,2/3/2025,0.0,0.0,0.0,0.0,0.0,0.0,0.0,0.0,0.0,0
1155.KL,2/3/2026,-0.151194,0.401877,0.045052,0.553071,0.5,0.0,0.5,0.753123,0.854035,4
1155.KL,2/4/2020,0.825272,0.83924,0.146792,0.013968,1.0,0.0,0.0,0.825272,0.83924,1
1155.KL,2/4/2021,0.0,0.0,0.0,0.0,0.0,0.0,0.0,0.0,0.0,0
1155.KL,2/4/2022,0.515355,0.742137,0.03108,0.226783,1.0,0.0,0.0,0.515355,0.742137,1
1155.KL,2/4/2023,0.0,0.0,0.0,0.0,0.0,0.0,0.0,0.0,0.0,0
1155.KL,2/4/2024,0.255249,0.287648,0.679952,0.0324,1.0,0.0,0.0,0.255249,0.679952,1
1155.KL,2/4/2025,-0.119538,0.246867,0.386728,0.366405,0.4,0.2,0.4,0.578851,0.886324,5
1155.KL,2/5/2020,0.885311,0.901009,0.083293,0.015698,1.0,0.0,0.0,0.885311,0.901009,1
1155.KL,2/5/2021,-0.953558,0.012403,0.021636,0.965961,0.0,0.0,1.0,0.953558,0.965961,1
1155.KL,2/5/2022,0.0,0.0,0.0,0.0,0.0,0.0,0.0,0.0,0.0,0
1155.KL,2/5/2023,0.698231,0.748476,0.201279,0.050245,1.0,0.0,0.0,0.698231,0.748476,1
1155.KL,2/5/2024,0.829358,0.899972,0.029413,0.070614,1.0,0.0,0.0,0.829358,0.899972,1
1155.KL,2/5/2025,0.303276,0.320302,0.662672,0.017026,0.5,0.5,0.0,0.303276,0.892828,4
1155.KL,2/6/2020,0.922799,0.935452,0.051896,0.012652,1.0,0.0,0.0,0.922799,0.935452,1
1155.KL,2/6/2021,0.41462,0.682794,0.049032,0.268174,0.5,0.5,0.0,0.509074,0.730021,2
1155.KL,2/6/2022,0.255831,0.263838,0.728154,0.008008,1.0,0.0,0.0,0.255831,0.728154,2
1155.KL,2/6/2023,-0.389521,0.033882,0.542714,0.423404,0.0,0.333333,0.666667,0.40302,0.859873,3
1155.KL,2/6/2024,-0.844878,0.033449,0.088223,0.878328,0.0,0.0,1.0,0.844878,0.878328,2
1155.KL,2/6/2025,0.893642,0.933762,0.026117,0.040121,1.0,0.0,0.0,0.893642,0.933762,1
1155.KL,2/7/2020,0.204098,0.445946,0.312206,0.241848,0.75,0.0,0.25,0.62283,0.817249,4
1155.KL,2/7/2021,0.194398,0.257808,0.678783,0.06341,0.666667,0.0,0.333333,0.266561,0.678783,3
1155.KL,2/7/2022,0.0,0.0,0.0,0.0,0.0,0.0,0.0,0.0,0.0,0
1155.KL,2/7/2023,0.0,0.0,0.0,0.0,0.0,0.0,0.0,0.0,0.0,0
1155.KL,2/7/2024,0.335121,0.632312,0.070497,0.297191,1.0,0.0,0.0,0.335121,0.632312,1
1155.KL,2/7/2025,0.0,0.0,0.0,0.0,0.0,0.0,0.0,0.0,0.0,0
1155.KL,2/8/2020,0.0,0.0,0.0,0.0,0.0,0.0,0.0,0.0,0.0,0
1155.KL,2/8/2021,0.469728,0.500416,0.468895,0.030688,0.5,0.5,0.0,0.469728,0.902383,2
1155.KL,2/8/2022,0.145258,0.408514,0.32823,0.263256,0.333333,0.333333,0.333333,0.396345,0.830637,3
1155.KL,2/8/2023,-0.319558,0.061058,0.558326,0.380616,0.0,0.6,0.4,0.376949,0.906188,5
1155.KL,2/8/2024,-0.417793,0.053869,0.474469,0.471662,0.0,0.5,0.5,0.461834,0.915522,2
1155.KL,2/8/2025,0.423878,0.442364,0.53915,0.018486,0.5,0.5,0.0,0.423878,0.897045,2
1155.KL,2/9/2020,0.354659,0.388697,0.577266,0.034038,0.5,0.5,0.0,0.354659,0.806218,2
1155.KL,2/9/2021,0.0,0.0,0.0,0.0,0.0,0.0,0.0,0.0,0.0,0
1155.KL,2/9/2022,0.0,0.0,0.0,0.0,0.0,0.0,0.0,0.0,0.0,0
1155.KL,2/9/2023,0.304258,0.631817,0.040624,0.327559,0.5,0.0,0.5,0.553827,0.756601,2
1155.KL,2/9/2024,0.0,0.0,0.0,0.0,0.0,0.0,0.0,0.0,0.0,0
1155.KL,2/9/2025,-0.125369,0.204556,0.46552,0.329925,0.333333,0.333333,0.333333,0.49948,0.918422,6
1155.KL,20/1/2020,0.029092,0.053049,0.922994,0.023957,0.0,1.0,0.0,0.029092,0.922994,1
1155.KL,20/1/2021,0.106611,0.116115,0.874381,0.009504,1.0,0.0,0.0,0.106611,0.874381,1
1155.KL,20/1/2022,-0.547052,0.187955,0.077038,0.735007,0.0,0.0,1.0,0.547052,0.735007,2
1155.KL,20/1/2023,0.113357,0.367894,0.377569,0.254537,0.4,0.0,0.6,0.45814,0.670552,5
1155.KL,20/1/2024,0.0,0.0,0.0,0.0,0.0,0.0,0.0,0.0,0.0,0
1155.KL,20/1/2025,0.454098,0.573016,0.308067,0.118917,1.0,0.0,0.0,0.454098,0.818456,3
1155.KL,20/1/2026,-0.396185,0.096513,0.41079,0.492697,0.5,0.0,0.5,0.545565,0.883126,2
1155.KL,20/10/2020,-0.548198,0.112762,0.226279,0.66096,0.0,0.0,1.0,0.548198,0.66096,1
1155.KL,20/10/2021,0.310364,0.521699,0.266966,0.211335,0.666667,0.333333,0.0,0.317297,0.586941,3
1155.KL,20/10/2022,0.266202,0.279989,0.706224,0.013787,1.0,0.0,0.0,0.266202,0.706224,1
1155.KL,20/10/2023,-0.292025,0.03963,0.628714,0.331656,0.0,0.666667,0.333333,0.343684,0.945006,3
1155.KL,20/10/2024,0.177076,0.212657,0.751762,0.035581,0.5,0.5,0.0,0.194433,0.751762,2
1155.KL,20/10/2025,0.563212,0.607529,0.348154,0.044317,1.0,0.0,0.0,0.563212,0.607529,1
1155.KL,20/11/2020,0.076872,0.088749,0.899374,0.011877,0.0,1.0,0.0,0.076872,0.899374,1
1155.KL,20/11/2021,0.0,0.0,0.0,0.0,0.0,0.0,0.0,0.0,0.0,0
1155.KL,20/11/2022,0.0,0.0,0.0,0.0,0.0,0.0,0.0,0.0,0.0,0
1155.KL,20/11/2023,0.82794,0.866377,0.095187,0.038436,1.0,0.0,0.0,0.82794,0.866377,1
1155.KL,20/11/2024,-0.945046,0.013553,0.027849,0.958599,0.0,0.0,1.0,0.945046,0.958599,1
1155.KL,20/11/2025,0.049173,0.065273,0.918628,0.016099,0.0,1.0,0.0,0.049173,0.918628,1
1155.KL,20/12/2020,0.0,0.0,0.0,0.0,0.0,0.0,0.0,0.0,0.0,0
1155.KL,20/12/2021,0.11132,0.127088,0.857145,0.015767,0.5,0.5,0.0,0.11132,0.857145,2
1155.KL,20/12/2022,0.784033,0.794838,0.194357,0.010805,1.0,0.0,0.0,0.784033,0.794838,1
1155.KL,20/12/2023,0.342701,0.614903,0.112895,0.272202,0.666667,0.0,0.333333,0.853589,0.870347,3
1155.KL,20/12/2024,0.285365,0.6189,0.047565,0.333535,1.0,0.0,0.0,0.285365,0.6189,1
1155.KL,20/12/2025,0.561294,0.576624,0.408045,0.015331,1.0,0.0,0.0,0.561294,0.688594,2
1155.KL,20/2/2020,-0.159108,0.110081,0.62073,0.269189,0.0,0.666667,0.333333,0.203896,0.864671,3
1155.KL,20/2/2021,-0.18372,0.137356,0.541567,0.321077,0.666667,0.0,0.333333,0.419011,0.84812,3
1155.KL,20/2/2022,0.0,0.0,0.0,0.0,0.0,0.0,0.0,0.0,0.0,0
1155.KL,20/2/2023,-0.047541,0.08844,0.77558,0.135981,0.0,1.0,0.0,0.047541,0.77558,1
1155.KL,20/2/2024,0.219229,0.42475,0.369729,0.205521,0.6,0.2,0.2,0.594825,0.849642,5
1155.KL,20/2/2025,0.466227,0.579953,0.30632,0.113727,1.0,0.0,0.0,0.466227,0.786606,3
1155.KL,20/2/2026,0.238744,0.603006,0.032733,0.364261,0.666667,0.0,0.333333,0.825126,0.896197,3
1155.KL,20/3/2020,0.920688,0.945031,0.030627,0.024342,1.0,0.0,0.0,0.920688,0.945031,2
1155.KL,20/3/2021,0.408247,0.424294,0.559659,0.016047,1.0,0.0,0.0,0.408247,0.559659,1
1155.KL,20/3/2022,0.690486,0.709963,0.270561,0.019477,1.0,0.0,0.0,0.690486,0.709963,1
1155.KL,20/3/2023,-0.439273,0.157536,0.245655,0.596809,0.0,0.0,1.0,0.439273,0.596809,1
1155.KL,20/3/2024,0.0,0.0,0.0,0.0,0.0,0.0,0.0,0.0,0.0,0
1155.KL,20/3/2025,-0.271006,0.151143,0.426708,0.422149,0.4,0.0,0.6,0.514633,0.775189,5
1155.KL,20/3/2026,-0.455997,0.026219,0.491565,0.482216,0.0,0.5,0.5,0.455997,0.945318,2
1155.KL,20/4/2020,0.891665,0.907362,0.076942,0.015697,1.0,0.0,0.0,0.891665,0.907362,1
1155.KL,20/4/2021,0.641375,0.654865,0.331644,0.01349,1.0,0.0,0.0,0.641375,0.654865,1
1155.KL,20/4/2022,0.0,0.0,0.0,0.0,0.0,0.0,0.0,0.0,0.0,0
1155.KL,20/4/2023,0.816591,0.836623,0.143345,0.020032,1.0,0.0,0.0,0.816591,0.836623,2
1155.KL,20/4/2024,0.0,0.0,0.0,0.0,0.0,0.0,0.0,0.0,0.0,0
1155.KL,20/4/2025,0.042821,0.092087,0.858647,0.049266,0.0,1.0,0.0,0.042821,0.858647,1
1155.KL,20/5/2020,0.431611,0.462958,0.505695,0.031347,0.5,0.5,0.0,0.431611,0.89277,2
1155.KL,20/5/2021,0.0,0.0,0.0,0.0,0.0,0.0,0.0,0.0,0.0,0
1155.KL,20/5/2022,0.113884,0.151272,0.81134,0.037388,1.0,0.0,0.0,0.113884,0.81134,1
1155.KL,20/5/2023,-0.299466,0.066846,0.566843,0.366311,0.0,0.5,0.5,0.384677,0.787886,2
1155.KL,20/5/2024,-0.591574,0.16465,0.079126,0.756224,0.0,0.0,1.0,0.591574,0.756224,1
1155.KL,20/5/2025,-0.277741,0.205685,0.310889,0.483426,0.25,0.25,0.5,0.65935,0.898187,4
1155.KL,20/6/2020,0.579403,0.599571,0.38026,0.020169,1.0,0.0,0.0,0.579403,0.607168,2
1155.KL,20/6/2021,0.911153,0.926805,0.057543,0.015652,1.0,0.0,0.0,0.911153,0.926805,1
1155.KL,20/6/2022,-0.040763,0.409199,0.140838,0.449962,0.666667,0.0,0.333333,0.576167,0.717664,3
1155.KL,20/6/2023,-0.192696,0.266922,0.27346,0.459618,0.25,0.25,0.5,0.685909,0.910166,4
1155.KL,20/6/2024,0.0,0.0,0.0,0.0,0.0,0.0,0.0,0.0,0.0,0
1155.KL,20/6/2025,0.909439,0.941884,0.025671,0.032445,1.0,0.0,0.0,0.909439,0.941884,1
1155.KL,20/7/2020,0.906423,0.923075,0.060272,0.016653,1.0,0.0,0.0,0.906423,0.923075,1
1155.KL,20/7/2021,0.859562,0.873754,0.112053,0.014193,1.0,0.0,0.0,0.859562,0.873754,2
1155.KL,20/7/2022,-0.541996,0.040811,0.376382,0.582807,0.0,0.0,1.0,0.541996,0.838041,2
1155.KL,20/7/2023,0.027273,0.439897,0.147479,0.412624,0.5,0.0,0.5,0.811443,0.831982,2
1155.KL,20/7/2024,-0.004465,0.037623,0.920289,0.042088,0.0,1.0,0.0,0.004465,0.920289,1
1155.KL,20/7/2025,0.0,0.0,0.0,0.0,0.0,0.0,0.0,0.0,0.0,0
1155.KL,20/8/2020,0.0,0.0,0.0,0.0,0.0,0.0,0.0,0.0,0.0,0
1155.KL,20/8/2021,-0.958914,0.010157,0.020771,0.969072,0.0,0.0,1.0,0.958914,0.969072,1
1155.KL,20/8/2022,-0.947938,0.019274,0.013513,0.967212,0.0,0.0,1.0,0.947938,0.967212,1
1155.KL,20/8/2023,0.0,0.0,0.0,0.0,0.0,0.0,0.0,0.0,0.0,0
1155.KL,20/8/2024,0.346603,0.376031,0.594541,0.029428,0.666667,0.333333,0.0,0.346603,0.895688,3
1155.KL,20/8/2025,0.0,0.0,0.0,0.0,0.0,0.0,0.0,0.0,0.0,0
1155.KL,20/9/2020,0.0,0.0,0.0,0.0,0.0,0.0,0.0,0.0,0.0,0
1155.KL,20/9/2021,0.068321,0.146372,0.775577,0.078051,0.5,0.5,0.0,0.080114,0.775577,2
1155.KL,20/9/2022,-0.947308,0.020946,0.0108,0.968254,0.0,0.0,1.0,0.947308,0.968254,1
1155.KL,20/9/2023,0.254441,0.367025,0.520392,0.112584,0.333333,0.333333,0.333333,0.35622,0.804131,3
1155.KL,20/9/2024,0.223811,0.242806,0.738198,0.018996,1.0,0.0,0.0,0.223811,0.738198,3
1155.KL,20/9/2025,-0.01139,0.027732,0.933146,0.039122,0.0,1.0,0.0,0.01139,0.933146,1
1155.KL,21/1/2020,0.438183,0.48072,0.476743,0.042537,0.5,0.5,0.0,0.438183,0.881089,2
1155.KL,21/1/2021,0.057231,0.0711,0.915031,0.013869,0.0,1.0,0.0,0.057231,0.915031,1
1155.KL,21/1/2022,0.769607,0.778795,0.212017,0.009188,1.0,0.0,0.0,0.769607,0.778795,1
1155.KL,21/1/2023,0.048186,0.071005,0.906176,0.022819,0.0,1.0,0.0,0.048186,0.906176,1
1155.KL,21/1/2024,0.0,0.0,0.0,0.0,0.0,0.0,0.0,0.0,0.0,0
1155.KL,21/1/2025,0.432418,0.442972,0.546475,0.010553,1.0,0.0,0.0,0.432418,0.546475,1
1155.KL,21/1/2026,0.258291,0.498055,0.26218,0.239764,0.8,0.0,0.2,0.59599,0.813531,5
1155.KL,21/10/2020,0.043075,0.133354,0.776367,0.090279,0.333333,0.333333,0.333333,0.112927,0.776367,3
1155.KL,21/10/2021,0.0,0.0,0.0,0.0,0.0,0.0,0.0,0.0,0.0,0
1155.KL,21/10/2022,-0.935329,0.016075,0.032522,0.951403,0.0,0.0,1.0,0.935329,0.951403,1
1155.KL,21/10/2023,0.69373,0.711151,0.271427,0.017421,1.0,0.0,0.0,0.69373,0.723294,2
1155.KL,21/10/2024,-0.122011,0.163573,0.550844,0.285584,0.25,0.5,0.25,0.354782,0.847742,4
1155.KL,21/10/2025,0.822572,0.843286,0.136,0.020714,1.0,0.0,0.0,0.822572,0.843286,3
1155.KL,21/11/2020,0.0,0.0,0.0,0.0,0.0,0.0,0.0,0.0,0.0,0
1155.KL,21/11/2021,0.0,0.0,0.0,0.0,0.0,0.0,0.0,0.0,0.0,0
1155.KL,21/11/2022,-0.000972,0.135802,0.727425,0.136773,0.0,1.0,0.0,0.057334,0.72748,3
1155.KL,21/11/2023,-0.265517,0.071056,0.592371,0.336573,0.333333,0.333333,0.333333,0.363167,0.906627,3
1155.KL,21/11/2024,-0.222531,0.256883,0.263702,0.479415,0.25,0.25,0.5,0.618402,0.887229,4
1155.KL,21/11/2025,0.342802,0.605503,0.131797,0.262701,0.75,0.0,0.25,0.814968,0.841586,4
1155.KL,21/12/2020,-0.942825,0.014038,0.029099,0.956863,0.0,0.0,1.0,0.942825,0.956863,2
1155.KL,21/12/2021,-0.582001,0.049417,0.319165,0.631418,0.0,0.333333,0.666667,0.636726,0.911434,3
1155.KL,21/12/2022,-0.521951,0.060746,0.356557,0.582697,0.2,0.0,0.8,0.563775,0.837141,5
1155.KL,21/12/2023,0.500068,0.534623,0.430823,0.034555,0.6,0.4,0.0,0.500068,0.859516,5
1155.KL,21/12/2024,0.0,0.0,0.0,0.0,0.0,0.0,0.0,0.0,0.0,0
1155.KL,21/12/2025,0.0,0.0,0.0,0.0,0.0,0.0,0.0,0.0,0.0,0
1155.KL,21/2/2020,0.909951,0.936618,0.036715,0.026667,1.0,0.0,0.0,0.909951,0.936618,1
1155.KL,21/2/2021,0.0,0.0,0.0,0.0,0.0,0.0,0.0,0.0,0.0,0
1155.KL,21/2/2022,-0.941956,0.016743,0.024559,0.958699,0.0,0.0,1.0,0.941956,0.958699,2
1155.KL,21/2/2023,-0.254542,0.050654,0.644149,0.305197,0.0,0.0,1.0,0.254542,0.644149,1
1155.KL,21/2/2024,-0.24683,0.047141,0.658887,0.293972,0.0,0.5,0.5,0.301635,0.742066,2
1155.KL,21/2/2025,0.316292,0.544681,0.22693,0.228389,0.666667,0.0,0.333333,0.608746,0.690908,3
1155.KL,21/2/2026,-0.139924,0.383647,0.092781,0.523571,0.5,0.0,0.5,0.755956,0.831587,2
1155.KL,21/3/2020,-0.903853,0.015337,0.065472,0.919191,0.0,0.0,1.0,0.903853,0.919191,1
1155.KL,21/3/2021,0.080497,0.498048,0.084401,0.417551,0.5,0.0,0.5,0.803524,0.859561,2
1155.KL,21/3/2022,0.863565,0.872558,0.118449,0.008993,1.0,0.0,0.0,0.863565,0.872558,1
1155.KL,21/3/2023,0.471473,0.592278,0.286917,0.120805,0.5,0.5,0.0,0.471473,0.746484,2
1155.KL,21/3/2024,0.83024,0.882042,0.066157,0.051802,1.0,0.0,0.0,0.83024,0.882042,2
1155.KL,21/3/2025,0.338346,0.517058,0.30423,0.178712,0.714286,0.142857,0.142857,0.617966,0.835836,7
1155.KL,21/4/2020,0.593427,0.775268,0.042891,0.181841,1.0,0.0,0.0,0.593427,0.775268,1
1155.KL,21/4/2021,0.509159,0.522984,0.46319,0.013826,0.5,0.5,0.0,0.509159,0.917743,2
1155.KL,21/4/2022,0.105609,0.433971,0.237666,0.328363,1.0,0.0,0.0,0.105609,0.433971,1
1155.KL,21/4/2023,0.0,0.0,0.0,0.0,0.0,0.0,0.0,0.0,0.0,0
1155.KL,21/4/2024,0.162419,0.173445,0.815528,0.011026,1.0,0.0,0.0,0.162419,0.815528,1
1155.KL,21/4/2025,0.15905,0.174295,0.810459,0.015245,1.0,0.0,0.0,0.15905,0.810459,1
1155.KL,21/5/2020,0.05386,0.491514,0.070833,0.437654,0.5,0.0,0.5,0.884825,0.906996,2
1155.KL,21/5/2021,-0.013649,0.47942,0.027512,0.493068,0.5,0.0,0.5,0.945192,0.95884,2
1155.KL,21/5/2022,0.0,0.0,0.0,0.0,0.0,0.0,0.0,0.0,0.0,0
1155.KL,21/5/2023,0.0,0.0,0.0,0.0,0.0,0.0,0.0,0.0,0.0,0
1155.KL,21/5/2024,0.486014,0.540909,0.404196,0.054895,0.75,0.0,0.25,0.545131,0.810666,4
1155.KL,21/5/2025,0.333356,0.344088,0.645179,0.010732,0.5,0.5,0.0,0.333356,0.796557,2
1155.KL,21/6/2020,0.0,0.0,0.0,0.0,0.0,0.0,0.0,0.0,0.0,0
1155.KL,21/6/2021,0.19121,0.199552,0.792106,0.008342,1.0,0.0,0.0,0.19121,0.792106,1
1155.KL,21/6/2022,-0.389735,0.240504,0.129257,0.630239,0.25,0.0,0.75,0.801862,0.836302,4
1155.KL,21/6/2023,0.770172,0.776781,0.216609,0.00661,1.0,0.0,0.0,0.770172,0.776781,1
1155.KL,21/6/2024,-0.147606,0.401587,0.04922,0.549193,0.333333,0.0,0.666667,0.765304,0.858042,3
1155.KL,21/6/2025,0.0,0.0,0.0,0.0,0.0,0.0,0.0,0.0,0.0,0
1155.KL,21/7/2020,0.841122,0.866738,0.107646,0.025616,1.0,0.0,0.0,0.841122,0.866738,2
1155.KL,21/7/2021,0.030493,0.048819,0.932856,0.018326,0.0,1.0,0.0,0.030493,0.932856,1
1155.KL,21/7/2022,-0.343588,0.049846,0.556719,0.393435,0.0,0.0,1.0,0.343588,0.556719,1
1155.KL,21/7/2023,0.374949,0.391606,0.591737,0.016657,0.5,0.5,0.0,0.374949,0.809458,2
1155.KL,21/7/2024,0.874178,0.886069,0.102041,0.01189,1.0,0.0,0.0,0.874178,0.886069,2
1155.KL,21/7/2025,0.0,0.0,0.0,0.0,0.0,0.0,0.0,0.0,0.0,0
1155.KL,21/8/2020,0.0,0.0,0.0,0.0,0.0,0.0,0.0,0.0,0.0,0
1155.KL,21/8/2021,0.0,0.0,0.0,0.0,0.0,0.0,0.0,0.0,0.0,0
1155.KL,21/8/2022,0.0,0.0,0.0,0.0,0.0,0.0,0.0,0.0,0.0,0
1155.KL,21/8/2023,0.0,0.0,0.0,0.0,0.0,0.0,0.0,0.0,0.0,0
1155.KL,21/8/2024,-0.032764,0.326231,0.314774,0.358995,0.666667,0.0,0.333333,0.589685,0.801183,3
1155.KL,21/8/2025,0.906681,0.916423,0.073835,0.009742,1.0,0.0,0.0,0.906681,0.916423,1
1155.KL,21/9/2020,-0.904849,0.041273,0.012604,0.946122,0.0,0.0,1.0,0.904849,0.946122,1
1155.KL,21/9/2021,-0.392193,0.044427,0.518954,0.436619,0.0,0.5,0.5,0.416361,0.878205,2
1155.KL,21/9/2022,-0.852742,0.043133,0.060992,0.895875,0.0,0.0,1.0,0.852742,0.895875,1
1155.KL,21/9/2023,-0.024132,0.026585,0.922699,0.050716,0.0,1.0,0.0,0.024132,0.922699,1
1155.KL,21/9/2024,0.0,0.0,0.0,0.0,0.0,0.0,0.0,0.0,0.0,0
1155.KL,21/9/2025,0.0,0.0,0.0,0.0,0.0,0.0,0.0,0.0,0.0,0
1155.KL,22/1/2020,-0.248684,0.342093,0.06713,0.590777,0.0,0.0,1.0,0.248684,0.590777,1
1155.KL,22/1/2021,-0.094135,0.239233,0.427398,0.333369,0.333333,0.333333,0.333333,0.533687,0.833022,3
1155.KL,22/1/2022,-0.007178,0.031776,0.92927,0.038954,0.0,1.0,0.0,0.007178,0.92927,1
1155.KL,22/1/2023,0.0,0.0,0.0,0.0,0.0,0.0,0.0,0.0,0.0,0
1155.KL,22/1/2024,0.056145,0.088059,0.880027,0.031914,0.0,1.0,0.0,0.056145,0.880027,1
1155.KL,22/1/2025,0.109769,0.305093,0.499582,0.195324,0.5,0.25,0.25,0.453009,0.835284,4
1155.KL,22/1/2026,0.052357,0.190663,0.671031,0.138306,0.333333,0.333333,0.333333,0.129494,0.695706,3
1155.KL,22/10/2020,0.160786,0.358567,0.443651,0.197782,1.0,0.0,0.0,0.160786,0.713805,2
1155.KL,22/10/2021,0.66061,0.691658,0.277294,0.031048,1.0,0.0,0.0,0.66061,0.691658,2
1155.KL,22/10/2022,-0.937494,0.013815,0.034875,0.95131,0.0,0.0,1.0,0.937494,0.95131,1
1155.KL,22/10/2023,0.0,0.0,0.0,0.0,0.0,0.0,0.0,0.0,0.0,0
1155.KL,22/10/2024,-0.011341,0.321353,0.345952,0.332695,0.4,0.2,0.4,0.484156,0.822877,5
1155.KL,22/10/2025,0.210398,0.531755,0.146889,0.321356,0.666667,0.0,0.333333,0.808903,0.831007,3
1155.KL,22/11/2020,0.0,0.0,0.0,0.0,0.0,0.0,0.0,0.0,0.0,0
1155.KL,22/11/2021,0.728626,0.771492,0.185643,0.042865,1.0,0.0,0.0,0.728626,0.771492,1
1155.KL,22/11/2022,-0.925392,0.02414,0.026328,0.949532,0.0,0.0,1.0,0.925392,0.949532,1
1155.KL,22/11/2023,-0.16399,0.38073,0.074549,0.544721,0.25,0.25,0.5,0.647016,0.786234,4
1155.KL,22/11/2024,-0.019033,0.479911,0.021145,0.498944,0.5,0.0,0.5,0.935125,0.95699,2
1155.KL,22/11/2025,-0.224538,0.363903,0.047657,0.58844,0.333333,0.0,0.666667,0.81523,0.883786,3
1155.KL,22/12/2020,0.0,0.0,0.0,0.0,0.0,0.0,0.0,0.0,0.0,0
1155.KL,22/12/2021,0.080665,0.099356,0.881953,0.018691,0.0,1.0,0.0,0.080665,0.881953,2
1155.KL,22/12/2022,0.018825,0.278396,0.462034,0.259571,0.5,0.25,0.25,0.49262,0.868045,4
1155.KL,22/12/2023,0.756508,0.765757,0.224993,0.00925,1.0,0.0,0.0,0.756508,0.765757,1
1155.KL,22/12/2024,0.0,0.0,0.0,0.0,0.0,0.0,0.0,0.0,0.0,0
1155.KL,22/12/2025,0.0,0.0,0.0,0.0,0.0,0.0,0.0,0.0,0.0,0
1155.KL,22/2/2020,0.190864,0.208588,0.773687,0.017724,1.0,0.0,0.0,0.190864,0.773687,2
1155.KL,22/2/2021,-0.531246,0.218844,0.031066,0.75009,0.0,0.0,1.0,0.531246,0.75009,1
1155.KL,22/2/2022,0.018405,0.375287,0.267831,0.356882,0.5,0.166667,0.333333,0.654629,0.841022,6
1155.KL,22/2/2023,-0.245325,0.082168,0.590339,0.327493,0.4,0.0,0.6,0.361367,0.724183,5
1155.KL,22/2/2024,-0.259191,0.081243,0.578323,0.340434,0.5,0.0,0.5,0.373379,0.756885,2
1155.KL,22/2/2025,0.437895,0.529371,0.379153,0.091476,1.0,0.0,0.0,0.437895,0.726142,3
1155.KL,22/2/2026,-0.795173,0.024554,0.15572,0.819727,0.0,0.0,1.0,0.795173,0.819727,1
1155.KL,22/3/2020,0.523737,0.564288,0.395162,0.04055,1.0,0.0,0.0,0.523737,0.713984,2
1155.KL,22/3/2021,0.295971,0.330839,0.634294,0.034867,0.333333,0.666667,0.0,0.324799,0.922513,3
1155.KL,22/3/2022,-0.55229,0.12866,0.19039,0.68095,0.0,0.0,1.0,0.55229,0.68095,1
1155.KL,22/3/2023,0.484217,0.542514,0.399189,0.058297,0.8,0.0,0.2,0.534691,0.837602,5
1155.KL,22/3/2024,-0.083927,0.374017,0.168038,0.457945,0.5,0.0,0.5,0.803635,0.817798,4
1155.KL,22/3/2025,0.0,0.0,0.0,0.0,0.0,0.0,0.0,0.0,0.0,0
1155.KL,22/4/2020,-0.417817,0.064978,0.452227,0.482795,0.0,0.5,0.5,0.51658,0.904334,2
1155.KL,22/4/2021,-0.061862,0.262907,0.412325,0.324769,0.666667,0.0,0.333333,0.330143,0.663047,3
1155.KL,22/4/2022,0.025885,0.042691,0.940503,0.016806,0.0,1.0,0.0,0.025885,0.940503,1
1155.KL,22/4/2023,0.0,0.0,0.0,0.0,0.0,0.0,0.0,0.0,0.0,0
1155.KL,22/4/2024,0.060147,0.069837,0.920473,0.00969,0.0,1.0,0.0,0.060147,0.920473,1
1155.KL,22/4/2025,0.734562,0.743956,0.246651,0.009394,1.0,0.0,0.0,0.734562,0.743956,4
1155.KL,22/5/2020,0.332731,0.356028,0.620676,0.023296,0.333333,0.666667,0.0,0.332731,0.91297,3
1155.KL,22/5/2021,-0.950547,0.013883,0.021688,0.96443,0.0,0.0,1.0,0.950547,0.96443,1
1155.KL,22/5/2022,0.161745,0.176615,0.808515,0.01487,1.0,0.0,0.0,0.161745,0.808515,1
1155.KL,22/5/2023,-0.916471,0.02996,0.023609,0.946431,0.0,0.0,1.0,0.916471,0.946431,1
1155.KL,22/5/2024,-0.057191,0.274313,0.394184,0.331503,0.666667,0.0,0.333333,0.580722,0.753531,3
1155.KL,22/5/2025,0.049271,0.497079,0.055113,0.447808,0.5,0.0,0.5,0.866104,0.905495,4
1155.KL,22/6/2020,0.0,0.0,0.0,0.0,0.0,0.0,0.0,0.0,0.0,0
1155.KL,22/6/2021,0.597252,0.641924,0.313404,0.044672,1.0,0.0,0.0,0.597252,0.683569,2
1155.KL,22/6/2022,0.032858,0.376893,0.279072,0.344035,0.5,0.0,0.5,0.508137,0.636602,4
1155.KL,22/6/2023,-0.117489,0.427699,0.027114,0.545187,0.0,0.0,1.0,0.117489,0.545187,1
1155.KL,22/6/2024,0.0,0.0,0.0,0.0,0.0,0.0,0.0,0.0,0.0,0
1155.KL,22/6/2025,0.0,0.0,0.0,0.0,0.0,0.0,0.0,0.0,0.0,0
1155.KL,22/7/2020,0.626016,0.658953,0.30811,0.032937,0.75,0.25,0.0,0.626016,0.862157,4
1155.KL,22/7/2021,-0.729262,0.025554,0.219631,0.754816,0.0,0.0,1.0,0.729262,0.754816,2
1155.KL,22/7/2022,0.24945,0.394749,0.459952,0.145299,0.4,0.2,0.4,0.43372,0.777403,5
1155.KL,22/7/2023,-0.216948,0.030476,0.7221,0.247424,0.0,0.0,1.0,0.216948,0.7221,1
1155.KL,22/7/2024,0.0,0.0,0.0,0.0,0.0,0.0,0.0,0.0,0.0,0
1155.KL,22/7/2025,-0.57885,0.058846,0.303457,0.637697,0.333333,0.0,0.666667,0.658176,0.90878,3
1155.KL,22/8/2020,0.068297,0.155744,0.756808,0.087448,0.0,1.0,0.0,0.068297,0.756808,1
1155.KL,22/8/2021,0.0,0.0,0.0,0.0,0.0,0.0,0.0,0.0,0.0,0
1155.KL,22/8/2022,0.187643,0.441104,0.305435,0.253461,0.75,0.0,0.25,0.578281,0.725611,4
1155.KL,22/8/2023,-0.156023,0.249991,0.343996,0.406013,0.25,0.25,0.5,0.585912,0.848633,4
1155.KL,22/8/2024,0.2864,0.314634,0.657132,0.028234,0.333333,0.666667,0.0,0.307075,0.901003,3
1155.KL,22/8/2025,0.579313,0.631889,0.315536,0.052575,1.0,0.0,0.0,0.579313,0.86139,3
1155.KL,22/9/2020,0.081296,0.091016,0.899264,0.00972,0.0,1.0,0.0,0.081296,0.899264,1
1155.KL,22/9/2021,0.809351,0.818846,0.171659,0.009495,1.0,0.0,0.0,0.809351,0.818846,1
1155.KL,22/9/2022,-0.632962,0.033188,0.300662,0.66615,0.0,0.0,1.0,0.632962,0.66615,1
1155.KL,22/9/2023,-0.880315,0.050904,0.017877,0.931219,0.0,0.0,1.0,0.880315,0.931219,2
1155.KL,22/9/2024,0.0,0.0,0.0,0.0,0.0,0.0,0.0,0.0,0.0,0
1155.KL,22/9/2025,0.193479,0.518378,0.156724,0.324898,0.5,0.0,0.5,0.659685,0.751481,4
1155.KL,23/1/2020,-0.190215,0.086169,0.637447,0.276384,0.428571,0.285714,0.285714,0.33327,0.894781,7
1155.KL,23/1/2021,0.707287,0.755871,0.195544,0.048584,1.0,0.0,0.0,0.707287,0.755871,1
1155.KL,23/1/2022,0.003917,0.032889,0.93814,0.028972,0.0,1.0,0.0,0.003917,0.93814,1
1155.KL,23/1/2023,0.0,0.0,0.0,0.0,0.0,0.0,0.0,0.0,0.0,0
1155.KL,23/1/2024,0.619117,0.642053,0.335011,0.022936,0.666667,0.333333,0.0,0.619117,0.906049,3
1155.KL,23/1/2025,0.179177,0.505637,0.167904,0.32646,0.666667,0.0,0.333333,0.715082,0.773589,3
1155.KL,23/1/2026,0.0,0.0,0.0,0.0,0.0,0.0,0.0,0.0,0.0,0
1155.KL,23/10/2020,0.779861,0.788703,0.202456,0.008842,1.0,0.0,0.0,0.779861,0.788703,1
1155.KL,23/10/2021,0.0,0.0,0.0,0.0,0.0,0.0,0.0,0.0,0.0,0
1155.KL,23/10/2022,0.0,0.0,0.0,0.0,0.0,0.0,0.0,0.0,0.0,0
1155.KL,23/10/2023,-0.836501,0.07414,0.01522,0.91064,0.0,0.0,1.0,0.836501,0.91064,1
1155.KL,23/10/2024,0.12511,0.270057,0.584996,0.144947,0.4,0.4,0.2,0.30615,0.775821,10
1155.KL,23/10/2025,0.0,0.0,0.0,0.0,0.0,0.0,0.0,0.0,0.0,0
1155.KL,23/11/2020,0.449981,0.476277,0.497428,0.026295,0.5,0.5,0.0,0.449981,0.889962,4
1155.KL,23/11/2021,0.0,0.0,0.0,0.0,0.0,0.0,0.0,0.0,0.0,0
1155.KL,23/11/2022,-0.934537,0.017273,0.030917,0.95181,0.0,0.0,1.0,0.934537,0.95181,3
1155.KL,23/11/2023,0.013887,0.030923,0.952042,0.017035,0.0,1.0,0.0,0.013887,0.952042,1
1155.KL,23/11/2024,0.0,0.0,0.0,0.0,0.0,0.0,0.0,0.0,0.0,0
1155.KL,23/11/2025,0.0,0.0,0.0,0.0,0.0,0.0,0.0,0.0,0.0,0
1155.KL,23/12/2020,0.31767,0.571292,0.175085,0.253622,0.75,0.0,0.25,0.778711,0.8547,4
1155.KL,23/12/2021,0.0,0.0,0.0,0.0,0.0,0.0,0.0,0.0,0.0,0
1155.KL,23/12/2022,-0.884253,0.047342,0.021063,0.931595,0.0,0.0,1.0,0.884253,0.931595,1
1155.KL,23/12/2023,0.904346,0.915328,0.073691,0.010982,1.0,0.0,0.0,0.904346,0.915328,1
1155.KL,23/12/2024,-0.933785,0.012675,0.040866,0.946459,0.0,0.0,1.0,0.933785,0.946459,2
1155.KL,23/12/2025,0.482449,0.594139,0.294172,0.11169,0.5,0.5,0.0,0.482449,0.736768,2
1155.KL,23/2/2020,0.0,0.0,0.0,0.0,0.0,0.0,0.0,0.0,0.0,0
1155.KL,23/2/2021,0.0,0.0,0.0,0.0,0.0,0.0,0.0,0.0,0.0,0
1155.KL,23/2/2022,0.429349,0.447705,0.533939,0.018356,1.0,0.0,0.0,0.429349,0.533939,1
1155.KL,23/2/2023,-0.32576,0.03297,0.608299,0.358731,0.0,0.5,0.5,0.33528,0.841139,4
1155.KL,23/2/2024,0.542447,0.600452,0.341543,0.058005,1.0,0.0,0.0,0.542447,0.796324,2
1155.KL,23/2/2025,0.766491,0.790656,0.185178,0.024166,1.0,0.0,0.0,0.766491,0.790656,1
1155.KL,23/2/2026,0.476364,0.502216,0.471932,0.025852,0.5,0.5,0.0,0.476364,0.934554,2
1155.KL,23/3/2020,0.0,0.0,0.0,0.0,0.0,0.0,0.0,0.0,0.0,0
1155.KL,23/3/2021,0.451992,0.477129,0.497733,0.025138,0.5,0.5,0.0,0.451992,0.895472,2
1155.KL,23/3/2022,0.598827,0.61869,0.361447,0.019863,1.0,0.0,0.0,0.598827,0.804728,2
1155.KL,23/3/2023,-0.513519,0.183544,0.119393,0.697063,0.0,0.0,1.0,0.513519,0.697063,1
1155.KL,23/3/2024,0.939005,0.95353,0.031945,0.014525,1.0,0.0,0.0,0.939005,0.95353,1
1155.KL,23/3/2025,0.0,0.0,0.0,0.0,0.0,0.0,0.0,0.0,0.0,0
1155.KL,23/4/2020,-0.961783,0.010761,0.016695,0.972544,0.0,0.0,1.0,0.961783,0.972544,2
1155.KL,23/4/2021,0.0,0.0,0.0,0.0,0.0,0.0,0.0,0.0,0.0,0
1155.KL,23/4/2022,0.0,0.0,0.0,0.0,0.0,0.0,0.0,0.0,0.0,0
1155.KL,23/4/2023,0.0,0.0,0.0,0.0,0.0,0.0,0.0,0.0,0.0,0
1155.KL,23/4/2024,0.925908,0.94979,0.026328,0.023882,1.0,0.0,0.0,0.925908,0.94979,1
1155.KL,23/4/2025,-0.15481,0.270117,0.304955,0.424927,0.333333,0.333333,0.333333,0.483878,0.833069,3
1155.KL,23/5/2020,0.0,0.0,0.0,0.0,0.0,0.0,0.0,0.0,0.0,0
1155.KL,23/5/2021,0.0,0.0,0.0,0.0,0.0,0.0,0.0,0.0,0.0,0
1155.KL,23/5/2022,-0.007398,0.246688,0.499226,0.254086,0.5,0.25,0.25,0.292011,0.740034,4
1155.KL,23/5/2023,-0.108667,0.312251,0.266831,0.420918,0.0,0.0,1.0,0.108667,0.420918,1
1155.KL,23/5/2024,0.0,0.0,0.0,0.0,0.0,0.0,0.0,0.0,0.0,0
1155.KL,23/5/2025,0.779966,0.810833,0.1583,0.030867,1.0,0.0,0.0,0.779966,0.810833,5
1155.KL,23/6/2020,-0.586812,0.194166,0.024856,0.780978,0.0,0.0,1.0,0.586812,0.780978,1
1155.KL,23/6/2021,-0.001072,0.026727,0.945475,0.027799,0.0,1.0,0.0,0.001072,0.945475,1
1155.KL,23/6/2022,-0.249815,0.308604,0.132976,0.55842,0.333333,0.0,0.666667,0.800382,0.833703,3
1155.KL,23/6/2023,-0.340852,0.311091,0.036966,0.651943,0.25,0.0,0.75,0.775055,0.869044,4
1155.KL,23/6/2024,0.0,0.0,0.0,0.0,0.0,0.0,0.0,0.0,0.0,0
1155.KL,23/6/2025,0.864341,0.873136,0.118068,0.008796,1.0,0.0,0.0,0.864341,0.873136,1
1155.KL,23/7/2020,0.330608,0.388307,0.553995,0.057699,0.666667,0.333333,0.0,0.343256,0.68743,3
1155.KL,23/7/2021,-0.911311,0.015803,0.057083,0.927114,0.0,0.0,1.0,0.911311,0.927114,1
1155.KL,23/7/2022,0.0,0.0,0.0,0.0,0.0,0.0,0.0,0.0,0.0,0
1155.KL,23/7/2023,0.0,0.0,0.0,0.0,0.0,0.0,0.0,0.0,0.0,0
1155.KL,23/7/2024,0.384253,0.627375,0.129503,0.243122,0.75,0.0,0.25,0.815208,0.842852,4
1155.KL,23/7/2025,0.430395,0.461427,0.507542,0.031032,0.666667,0.333333,0.0,0.430395,0.80746,3
1155.KL,23/8/2020,0.904835,0.935469,0.033898,0.030633,1.0,0.0,0.0,0.904835,0.935469,1
1155.KL,23/8/2021,0.915799,0.940559,0.034681,0.02476,1.0,0.0,0.0,0.915799,0.940559,1
1155.KL,23/8/2022,-0.885961,0.026557,0.060925,0.912518,0.0,0.0,1.0,0.885961,0.912518,2
1155.KL,23/8/2023,-0.944805,0.009285,0.036625,0.95409,0.0,0.0,1.0,0.944805,0.95409,1
1155.KL,23/8/2024,0.315792,0.488157,0.339479,0.172365,0.666667,0.333333,0.0,0.315792,0.778893,3
1155.KL,23/8/2025,0.0,0.0,0.0,0.0,0.0,0.0,0.0,0.0,0.0,0
1155.KL,23/9/2020,0.0,0.0,0.0,0.0,0.0,0.0,0.0,0.0,0.0,0
1155.KL,23/9/2021,0.53741,0.545932,0.445547,0.008521,1.0,0.0,0.0,0.53741,0.545932,1
1155.KL,23/9/2022,-0.017264,0.35547,0.271795,0.372734,0.75,0.0,0.25,0.375839,0.552022,4
1155.KL,23/9/2023,0.0,0.0,0.0,0.0,0.0,0.0,0.0,0.0,0.0,0
1155.KL,23/9/2024,0.745477,0.787145,0.171187,0.041668,1.0,0.0,0.0,0.745477,0.787145,3
1155.KL,23/9/2025,0.055136,0.348668,0.3578,0.293532,0.4,0.2,0.4,0.564453,0.79602,5
1155.KL,24/1/2020,-0.030857,0.32144,0.326264,0.352297,0.666667,0.0,0.333333,0.578107,0.811744,3
1155.KL,24/1/2021,0.0,0.0,0.0,0.0,0.0,0.0,0.0,0.0,0.0,0
1155.KL,24/1/2022,-0.547291,0.067131,0.318447,0.614422,0.25,0.0,0.75,0.639972,0.808544,4
1155.KL,24/1/2023,0.0,0.0,0.0,0.0,0.0,0.0,0.0,0.0,0.0,0
1155.KL,24/1/2024,0.70801,0.79901,0.10999,0.091,1.0,0.0,0.0,0.70801,0.79901,2
1155.KL,24/1/2025,-0.360622,0.073498,0.492382,0.43412,0.25,0.0,0.75,0.41384,0.743012,4
1155.KL,24/1/2026,0.0,0.0,0.0,0.0,0.0,0.0,0.0,0.0,0.0,0
1155.KL,24/10/2020,-0.949778,0.013508,0.023206,0.963286,0.0,0.0,1.0,0.949778,0.963286,1
1155.KL,24/10/2021,0.0,0.0,0.0,0.0,0.0,0.0,0.0,0.0,0.0,0
1155.KL,24/10/2022,0.0,0.0,0.0,0.0,0.0,0.0,0.0,0.0,0.0,0
1155.KL,24/10/2023,-0.34478,0.094326,0.466568,0.439106,0.0,0.5,0.5,0.34478,0.817336,2
1155.KL,24/10/2024,0.100651,0.252022,0.596607,0.151371,0.583333,0.25,0.166667,0.352142,0.772428,12
1155.KL,24/10/2025,0.072529,0.287458,0.497613,0.214929,0.5,0.5,0.0,0.113052,0.603798,2
1155.KL,24/11/2020,0.0,0.0,0.0,0.0,0.0,0.0,0.0,0.0,0.0,0
1155.KL,24/11/2021,0.335768,0.37517,0.585427,0.039403,0.666667,0.333333,0.0,0.335768,0.883393,3
1155.KL,24/11/2022,-0.099944,0.198084,0.503889,0.298028,0.0,0.5,0.5,0.138024,0.760043,2
1155.KL,24/11/2023,-0.437362,0.05513,0.452377,0.492492,0.0,0.5,0.5,0.512917,0.923069,2
1155.KL,24/11/2024,0.0,0.0,0.0,0.0,0.0,0.0,0.0,0.0,0.0,0
1155.KL,24/11/2025,0.376079,0.508876,0.358327,0.132797,0.75,0.125,0.125,0.479754,0.671206,8
1155.KL,24/12/2020,0.0,0.0,0.0,0.0,0.0,0.0,0.0,0.0,0.0,0
1155.KL,24/12/2021,-0.359442,0.127287,0.385983,0.486729,0.5,0.0,0.5,0.589964,0.852284,2
1155.KL,24/12/2022,0.0,0.0,0.0,0.0,0.0,0.0,0.0,0.0,0.0,0
1155.KL,24/12/2023,0.0,0.0,0.0,0.0,0.0,0.0,0.0,0.0,0.0,0
1155.KL,24/12/2024,0.022317,0.470128,0.082061,0.447811,0.5,0.0,0.5,0.868792,0.893365,2
1155.KL,24/12/2025,-0.663604,0.148488,0.039421,0.812092,0.0,0.0,1.0,0.663604,0.812092,3
1155.KL,24/2/2020,0.0,0.0,0.0,0.0,0.0,0.0,0.0,0.0,0.0,0
1155.KL,24/2/2021,0.600372,0.66643,0.267511,0.066059,1.0,0.0,0.0,0.600372,0.66643,1
1155.KL,24/2/2022,-0.119894,0.129952,0.620201,0.249846,0.25,0.5,0.25,0.33784,0.849753,4
1155.KL,24/2/2023,-0.327819,0.036277,0.599627,0.364096,0.0,0.333333,0.666667,0.332239,0.818182,3
1155.KL,24/2/2024,0.375252,0.533235,0.308782,0.157983,0.666667,0.333333,0.0,0.375252,0.752904,3
1155.KL,24/2/2025,0.091991,0.107409,0.877173,0.015418,0.5,0.5,0.0,0.091991,0.877173,2
1155.KL,24/2/2026,-0.17455,0.08011,0.66523,0.25466,0.25,0.5,0.25,0.304627,0.903761,4
1155.KL,24/3/2020,0.2376,0.248424,0.740753,0.010823,1.0,0.0,0.0,0.2376,0.740753,1
1155.KL,24/3/2021,-0.695006,0.017984,0.269026,0.71299,0.0,0.0,1.0,0.695006,0.876949,3
1155.KL,24/3/2022,-0.763081,0.020478,0.195962,0.783559,0.0,0.0,1.0,0.763081,0.783559,1
1155.KL,24/3/2023,0.0,0.0,0.0,0.0,0.0,0.0,0.0,0.0,0.0,0
1155.KL,24/3/2024,0.0,0.0,0.0,0.0,0.0,0.0,0.0,0.0,0.0,0
1155.KL,24/3/2025,-0.955658,0.010771,0.022799,0.96643,0.0,0.0,1.0,0.955658,0.96643,1
1155.KL,24/4/2020,-0.934816,0.019965,0.025253,0.954782,0.0,0.0,1.0,0.934816,0.954782,1
1155.KL,24/4/2021,0.0,0.0,0.0,0.0,0.0,0.0,0.0,0.0,0.0,0
1155.KL,24/4/2022,0.0,0.0,0.0,0.0,0.0,0.0,0.0,0.0,0.0,0
1155.KL,24/4/2023,0.478773,0.636314,0.206146,0.157541,0.666667,0.333333,0.0,0.519777,0.656816,3
1155.KL,24/4/2024,0.712542,0.775017,0.162507,0.062475,1.0,0.0,0.0,0.712542,0.775017,2
1155.KL,24/4/2025,0.278734,0.403515,0.471705,0.12478,0.5,0.0,0.5,0.422883,0.775998,2
1155.KL,24/5/2020,0.0,0.0,0.0,0.0,0.0,0.0,0.0,0.0,0.0,0
1155.KL,24/5/2021,0.0,0.0,0.0,0.0,0.0,0.0,0.0,0.0,0.0,0
1155.KL,24/5/2022,-0.471476,0.022996,0.482532,0.494472,0.0,0.5,0.5,0.471476,0.9424,2
1155.KL,24/5/2023,0.310627,0.369985,0.570657,0.059358,0.333333,0.666667,0.0,0.351639,0.875653,3
1155.KL,24/5/2024,0.263639,0.363219,0.537202,0.09958,0.5,0.5,0.0,0.289929,0.813155,2
1155.KL,24/5/2025,0.047463,0.085359,0.876746,0.037895,0.0,1.0,0.0,0.047463,0.876746,2
1155.KL,24/6/2020,-0.796013,0.077497,0.048993,0.87351,0.0,0.0,1.0,0.796013,0.87351,2
1155.KL,24/6/2021,0.0,0.0,0.0,0.0,0.0,0.0,0.0,0.0,0.0,0
1155.KL,24/6/2022,0.192159,0.240427,0.711304,0.048268,0.5,0.5,0.0,0.192159,0.711304,2
1155.KL,24/6/2023,0.698511,0.708399,0.281714,0.009888,1.0,0.0,0.0,0.698511,0.708399,1
1155.KL,24/6/2024,-0.074353,0.448147,0.029352,0.522501,0.5,0.0,0.5,0.882585,0.926617,2
1155.KL,24/6/2025,-0.306299,0.038238,0.617226,0.344536,0.0,0.666667,0.333333,0.321116,0.931121,3
1155.KL,24/7/2020,-0.149425,0.193187,0.4642,0.342613,0.5,0.0,0.5,0.259835,0.768211,2
1155.KL,24/7/2021,0.0,0.0,0.0,0.0,0.0,0.0,0.0,0.0,0.0,0
1155.KL,24/7/2022,0.0,0.0,0.0,0.0,0.0,0.0,0.0,0.0,0.0,0
1155.KL,24/7/2023,0.0,0.0,0.0,0.0,0.0,0.0,0.0,0.0,0.0,0
1155.KL,24/7/2024,0.033978,0.411951,0.210076,0.377973,0.4,0.2,0.4,0.619551,0.882058,5
1155.KL,24/7/2025,0.769008,0.860811,0.047386,0.091803,1.0,0.0,0.0,0.769008,0.860811,2
1155.KL,24/8/2020,0.0,0.0,0.0,0.0,0.0,0.0,0.0,0.0,0.0,0
1155.KL,24/8/2021,-0.078383,0.065582,0.790452,0.143966,0.0,0.666667,0.333333,0.150166,0.790452,3
1155.KL,24/8/2022,0.009272,0.164355,0.680562,0.155083,0.0,1.0,0.0,0.009272,0.680562,1
1155.KL,24/8/2023,-0.273025,0.020433,0.686109,0.293458,0.0,0.0,1.0,0.273025,0.686109,1
1155.KL,24/8/2024,-0.124417,0.204813,0.465956,0.329231,0.0,0.0,1.0,0.124417,0.657801,2
1155.KL,24/8/2025,0.0,0.0,0.0,0.0,0.0,0.0,0.0,0.0,0.0,0
1155.KL,24/9/2020,-0.446256,0.043485,0.466773,0.489742,0.0,0.5,0.5,0.498824,0.934963,2
1155.KL,24/9/2021,-0.078615,0.333226,0.254934,0.41184,0.25,0.25,0.5,0.558488,0.846153,4
1155.KL,24/9/2022,0.0,0.0,0.0,0.0,0.0,0.0,0.0,0.0,0.0,0
1155.KL,24/9/2023,0.0,0.0,0.0,0.0,0.0,0.0,0.0,0.0,0.0,0
1155.KL,24/9/2024,0.721912,0.767551,0.18681,0.045639,1.0,0.0,0.0,0.721912,0.799402,8
1155.KL,24/9/2025,0.463273,0.68099,0.101293,0.217717,0.666667,0.0,0.333333,0.716645,0.807676,3
1155.KL,25/1/2020,-0.85938,0.019919,0.100783,0.879298,0.0,0.0,1.0,0.85938,0.879298,1
1155.KL,25/1/2021,0.0,0.0,0.0,0.0,0.0,0.0,0.0,0.0,0.0,0
1155.KL,25/1/2022,-0.534984,0.121125,0.222766,0.656109,0.2,0.2,0.6,0.600948,0.871559,5
1155.KL,25/1/2023,0.0,0.0,0.0,0.0,0.0,0.0,0.0,0.0,0.0,0
1155.KL,25/1/2024,-0.010384,0.052214,0.885188,0.062598,0.0,1.0,0.0,0.068864,0.885188,2
1155.KL,25/1/2025,0.485431,0.501086,0.483258,0.015656,0.5,0.5,0.0,0.485431,0.933613,2
1155.KL,25/1/2026,0.0,0.0,0.0,0.0,0.0,0.0,0.0,0.0,0.0,0
1155.KL,25/10/2020,0.0,0.0,0.0,0.0,0.0,0.0,0.0,0.0,0.0,0
1155.KL,25/10/2021,0.010926,0.048321,0.914284,0.037395,0.0,1.0,0.0,0.010926,0.914284,1
1155.KL,25/10/2022,0.901431,0.932951,0.035528,0.031521,1.0,0.0,0.0,0.901431,0.932951,1
1155.KL,25/10/2023,0.549793,0.5728,0.404193,0.023007,1.0,0.0,0.0,0.549793,0.786875,4
1155.KL,25/10/2024,0.261519,0.448524,0.364472,0.187004,0.666667,0.0,0.333333,0.543345,0.594318,3
1155.KL,25/10/2025,0.906314,0.93737,0.031574,0.031056,1.0,0.0,0.0,0.906314,0.93737,1
1155.KL,25/11/2020,-0.505071,0.211453,0.072024,0.716524,0.0,0.0,1.0,0.505071,0.716524,2
1155.KL,25/11/2021,-0.380004,0.21606,0.187875,0.596064,0.333333,0.0,0.666667,0.678836,0.759464,3
1155.KL,25/11/2022,0.233352,0.352957,0.527439,0.119605,0.333333,0.333333,0.333333,0.330362,0.727629,3
1155.KL,25/11/2023,0.0,0.0,0.0,0.0,0.0,0.0,0.0,0.0,0.0,0
1155.KL,25/11/2024,-0.125197,0.31213,0.250543,0.437327,0.333333,0.0,0.666667,0.706256,0.853932,3
1155.KL,25/11/2025,0.08408,0.502613,0.078853,0.418534,0.0,1.0,0.0,0.08408,0.502613,1
1155.KL,25/12/2020,0.0,0.0,0.0,0.0,0.0,0.0,0.0,0.0,0.0,0
1155.KL,25/12/2021,0.0,0.0,0.0,0.0,0.0,0.0,0.0,0.0,0.0,0
1155.KL,25/12/2022,0.0,0.0,0.0,0.0,0.0,0.0,0.0,0.0,0.0,0
1155.KL,25/12/2023,0.0,0.0,0.0,0.0,0.0,0.0,0.0,0.0,0.0,0
1155.KL,25/12/2024,0.0,0.0,0.0,0.0,0.0,0.0,0.0,0.0,0.0,0
1155.KL,25/12/2025,0.498781,0.513343,0.472095,0.014562,0.5,0.5,0.0,0.498781,0.929707,2
1155.KL,25/2/2020,0.331702,0.640066,0.051571,0.308363,1.0,0.0,0.0,0.331702,0.640066,1
1155.KL,25/2/2021,0.03165,0.050947,0.929756,0.019297,0.0,1.0,0.0,0.03165,0.929756,1
1155.KL,25/2/2022,0.475127,0.50155,0.472027,0.026423,0.75,0.25,0.0,0.475127,0.847254,4
1155.KL,25/2/2023,-0.364947,0.028499,0.578055,0.393446,0.0,0.0,1.0,0.364947,0.687827,2
1155.KL,25/2/2024,0.79241,0.804867,0.182675,0.012457,1.0,0.0,0.0,0.79241,0.804867,1
1155.KL,25/2/2025,-0.954661,0.011751,0.021838,0.966412,0.0,0.0,1.0,0.954661,0.966412,1
1155.KL,25/2/2026,0.0,0.0,0.0,0.0,0.0,0.0,0.0,0.0,0.0,0
1155.KL,25/3/2020,0.0,0.0,0.0,0.0,0.0,0.0,0.0,0.0,0.0,0
1155.KL,25/3/2021,0.370671,0.460341,0.449988,0.089671,0.666667,0.0,0.333333,0.456676,0.730542,3
1155.KL,25/3/2022,0.273014,0.336926,0.599163,0.063912,0.5,0.5,0.0,0.273014,0.775822,2
1155.KL,25/3/2023,-0.395166,0.093077,0.418681,0.488243,0.5,0.0,0.5,0.562898,0.89113,2
1155.KL,25/3/2024,-0.421243,0.047853,0.48305,0.469097,0.0,0.5,0.5,0.451272,0.932904,2
1155.KL,25/3/2025,0.266894,0.539472,0.18795,0.272578,0.666667,0.0,0.333333,0.527423,0.669736,3
1155.KL,25/4/2020,0.0,0.0,0.0,0.0,0.0,0.0,0.0,0.0,0.0,0
1155.KL,25/4/2021,0.0,0.0,0.0,0.0,0.0,0.0,0.0,0.0,0.0,0
1155.KL,25/4/2022,-0.779271,0.018064,0.184602,0.797334,0.0,0.0,1.0,0.779271,0.797334,2
1155.KL,25/4/2023,0.681225,0.753311,0.174602,0.072087,1.0,0.0,0.0,0.681225,0.753311,2
1155.KL,25/4/2024,0.88197,0.922586,0.036799,0.040615,1.0,0.0,0.0,0.88197,0.922586,1
1155.KL,25/4/2025,0.019419,0.334272,0.350875,0.314853,0.333333,0.333333,0.333333,0.593375,0.924751,3
1155.KL,25/5/2020,0.0,0.0,0.0,0.0,0.0,0.0,0.0,0.0,0.0,0
1155.KL,25/5/2021,0.0,0.0,0.0,0.0,0.0,0.0,0.0,0.0,0.0,0
1155.KL,25/5/2022,-0.051524,0.31333,0.321815,0.364854,0.333333,0.333333,0.333333,0.582932,0.887727,3
1155.KL,25/5/2023,0.381596,0.394183,0.593229,0.012588,0.666667,0.333333,0.0,0.381596,0.883515,3
1155.KL,25/5/2024,0.761602,0.770784,0.220034,0.009182,1.0,0.0,0.0,0.761602,0.770784,1
1155.KL,25/5/2025,0.902869,0.911775,0.07932,0.008905,1.0,0.0,0.0,0.902869,0.911775,1
1155.KL,25/6/2020,0.22918,0.269037,0.691107,0.039856,1.0,0.0,0.0,0.22918,0.691107,1
1155.KL,25/6/2021,0.343237,0.383203,0.576832,0.039966,0.666667,0.333333,0.0,0.363909,0.658023,3
1155.KL,25/6/2022,-0.559208,0.046849,0.347095,0.606057,0.0,0.0,1.0,0.559208,0.606057,1
1155.KL,25/6/2023,0.296426,0.305936,0.684554,0.00951,1.0,0.0,0.0,0.296426,0.684554,1
1155.KL,25/6/2024,0.0,0.0,0.0,0.0,0.0,0.0,0.0,0.0,0.0,0
1155.KL,25/6/2025,0.556488,0.698339,0.159809,0.141851,1.0,0.0,0.0,0.556488,0.698339,1
1155.KL,25/7/2020,-0.514375,0.106808,0.272008,0.621184,0.0,0.0,1.0,0.514375,0.621184,1
1155.KL,25/7/2021,-0.914427,0.035465,0.014642,0.949892,0.0,0.0,1.0,0.914427,0.949892,1
1155.KL,25/7/2022,-0.388196,0.079193,0.453418,0.467389,0.25,0.25,0.5,0.477375,0.843897,4
1155.KL,25/7/2023,0.892652,0.92766,0.037332,0.035008,1.0,0.0,0.0,0.892652,0.92766,1
1155.KL,25/7/2024,-0.038841,0.024007,0.913146,0.062847,0.0,1.0,0.0,0.038841,0.913146,1
1155.KL,25/7/2025,-0.468836,0.105678,0.319808,0.574514,0.333333,0.0,0.666667,0.609339,0.810376,3
1155.KL,25/8/2020,-0.648621,0.055261,0.240856,0.703883,0.0,0.0,1.0,0.648621,0.703883,2
1155.KL,25/8/2021,-0.049164,0.196624,0.557587,0.245789,0.333333,0.0,0.666667,0.134986,0.722981,3
1155.KL,25/8/2022,0.158739,0.295957,0.566826,0.137217,0.25,0.5,0.25,0.287812,0.803767,4
1155.KL,25/8/2023,0.133003,0.148989,0.835026,0.015986,1.0,0.0,0.0,0.133003,0.835026,1
1155.KL,25/8/2024,0.0,0.0,0.0,0.0,0.0,0.0,0.0,0.0,0.0,0
1155.KL,25/8/2025,-0.163515,0.166881,0.502722,0.330397,0.666667,0.0,0.333333,0.463066,0.810256,3
1155.KL,25/9/2020,0.752311,0.776227,0.199857,0.023916,1.0,0.0,0.0,0.752311,0.776227,5
1155.KL,25/9/2021,0.355876,0.580652,0.194572,0.224776,1.0,0.0,0.0,0.355876,0.580652,1
1155.KL,25/9/2022,0.0,0.0,0.0,0.0,0.0,0.0,0.0,0.0,0.0,0
1155.KL,25/9/2023,0.0,0.0,0.0,0.0,0.0,0.0,0.0,0.0,0.0,0
1155.KL,25/9/2024,-0.935817,0.016789,0.030605,0.952606,0.0,0.0,1.0,0.935817,0.952606,2
1155.KL,25/9/2025,0.0,0.0,0.0,0.0,0.0,0.0,0.0,0.0,0.0,0
1155.KL,26/1/2020,0.0,0.0,0.0,0.0,0.0,0.0,0.0,0.0,0.0,0
1155.KL,26/1/2021,0.0,0.0,0.0,0.0,0.0,0.0,0.0,0.0,0.0,0
1155.KL,26/1/2022,0.719072,0.83858,0.041913,0.119508,1.0,0.0,0.0,0.719072,0.83858,1
1155.KL,26/1/2023,0.145795,0.365924,0.413947,0.220129,0.5,0.0,0.5,0.285052,0.753616,2
1155.KL,26/1/2024,0.0,0.0,0.0,0.0,0.0,0.0,0.0,0.0,0.0,0
1155.KL,26/1/2025,0.191535,0.206164,0.779206,0.01463,1.0,0.0,0.0,0.191535,0.779206,2
1155.KL,26/1/2026,0.878818,0.905814,0.067189,0.026997,1.0,0.0,0.0,0.878818,0.905814,2
1155.KL,26/10/2020,-0.913239,0.033386,0.019988,0.946626,0.0,0.0,1.0,0.913239,0.946626,1
1155.KL,26/10/2021,-0.176861,0.107014,0.609111,0.283875,0.0,0.0,1.0,0.176861,0.609111,1
1155.KL,26/10/2022,0.496667,0.563167,0.370333,0.0665,1.0,0.0,0.0,0.496667,0.563167,1
1155.KL,26/10/2023,0.088095,0.302694,0.482707,0.214599,0.6,0.2,0.2,0.471923,0.833473,5
1155.KL,26/10/2024,0.30285,0.335606,0.631639,0.032755,0.5,0.5,0.0,0.30285,0.821823,6
1155.KL,26/10/2025,0.181209,0.188941,0.803326,0.007733,1.0,0.0,0.0,0.181209,0.803326,1
1155.KL,26/11/2020,0.598935,0.612751,0.373433,0.013816,1.0,0.0,0.0,0.598935,0.612751,2
1155.KL,26/11/2021,-0.421511,0.059543,0.459404,0.481054,0.25,0.25,0.5,0.511819,0.919851,4
1155.KL,26/11/2022,-0.910188,0.020412,0.048988,0.9306,0.0,0.0,1.0,0.910188,0.9306,1
1155.KL,26/11/2023,0.0,0.0,0.0,0.0,0.0,0.0,0.0,0.0,0.0,0
1155.KL,26/11/2024,0.234014,0.485471,0.263072,0.251457,0.75,0.0,0.25,0.709639,0.890057,4
1155.KL,26/11/2025,0.698471,0.710801,0.27687,0.012329,1.0,0.0,0.0,0.698471,0.719769,2
1155.KL,26/12/2020,0.0,0.0,0.0,0.0,0.0,0.0,0.0,0.0,0.0,0
1155.KL,26/12/2021,0.0,0.0,0.0,0.0,0.0,0.0,0.0,0.0,0.0,0
1155.KL,26/12/2022,0.0,0.0,0.0,0.0,0.0,0.0,0.0,0.0,0.0,0
1155.KL,26/12/2023,0.039711,0.055109,0.929494,0.015397,0.0,1.0,0.0,0.039711,0.929494,1
1155.KL,26/12/2024,0.0,0.0,0.0,0.0,0.0,0.0,0.0,0.0,0.0,0
1155.KL,26/12/2025,0.0,0.0,0.0,0.0,0.0,0.0,0.0,0.0,0.0,0
1155.KL,26/2/2020,-0.379097,0.0633,0.494303,0.442397,0.0,0.333333,0.666667,0.379097,0.784228,3
1155.KL,26/2/2021,-0.343487,0.050764,0.554984,0.394252,0.0,0.5,0.5,0.369403,0.860739,2
1155.KL,26/2/2022,0.876648,0.919877,0.036894,0.043229,1.0,0.0,0.0,0.876648,0.919877,1
1155.KL,26/2/2023,0.601499,0.682362,0.236775,0.080863,1.0,0.0,0.0,0.601499,0.682362,1
1155.KL,26/2/2024,-0.430548,0.050875,0.467702,0.481423,0.0,0.5,0.5,0.480059,0.927342,2
1155.KL,26/2/2025,0.19193,0.549086,0.093759,0.357155,0.6,0.0,0.4,0.871956,0.889098,5
1155.KL,26/2/2026,0.772492,0.817789,0.136915,0.045296,1.0,0.0,0.0,0.772492,0.817789,2
1155.KL,26/3/2020,0.034032,0.05416,0.925712,0.020128,0.0,1.0,0.0,0.034032,0.925712,1
1155.KL,26/3/2021,0.81425,0.828667,0.156916,0.014417,1.0,0.0,0.0,0.81425,0.828667,1
1155.KL,26/3/2022,-0.266548,0.341865,0.049722,0.608413,0.5,0.0,0.5,0.660397,0.805337,2
1155.KL,26/3/2023,0.0,0.0,0.0,0.0,0.0,0.0,0.0,0.0,0.0,0
1155.KL,26/3/2024,-0.177597,0.145374,0.531656,0.322971,0.2,0.4,0.4,0.35873,0.737973,5
1155.KL,26/3/2025,0.0,0.0,0.0,0.0,0.0,0.0,0.0,0.0,0.0,0
1155.KL,26/4/2020,0.0,0.0,0.0,0.0,0.0,0.0,0.0,0.0,0.0,0
1155.KL,26/4/2021,0.549941,0.580075,0.38979,0.030135,1.0,0.0,0.0,0.549941,0.769148,2
1155.KL,26/4/2022,0.269107,0.451233,0.36664,0.182127,0.6,0.2,0.2,0.331732,0.717959,5
1155.KL,26/4/2023,-0.928121,0.023795,0.024289,0.951916,0.0,0.0,1.0,0.928121,0.951916,2
1155.KL,26/4/2024,0.906168,0.933019,0.04013,0.026851,1.0,0.0,0.0,0.906168,0.933019,1
1155.KL,26/4/2025,-0.645659,0.062708,0.228925,0.708367,0.0,0.0,1.0,0.645659,0.708367,1
1155.KL,26/5/2020,0.0,0.0,0.0,0.0,0.0,0.0,0.0,0.0,0.0,0
1155.KL,26/5/2021,0.0,0.0,0.0,0.0,0.0,0.0,0.0,0.0,0.0,0
1155.KL,26/5/2022,-0.001009,0.289081,0.42083,0.29009,0.5,0.166667,0.333333,0.387322,0.726365,6
1155.KL,26/5/2023,0.019102,0.03435,0.950402,0.015248,0.0,1.0,0.0,0.019102,0.950402,2
1155.KL,26/5/2024,0.0,0.0,0.0,0.0,0.0,0.0,0.0,0.0,0.0,0
1155.KL,26/5/2025,0.156999,0.320284,0.516431,0.163285,0.5,0.333333,0.166667,0.385557,0.802576,6
1155.KL,26/6/2020,-0.351165,0.066386,0.516063,0.417551,0.333333,0.0,0.666667,0.438275,0.711676,3
1155.KL,26/6/2021,0.0,0.0,0.0,0.0,0.0,0.0,0.0,0.0,0.0,0
1155.KL,26/6/2022,0.0,0.0,0.0,0.0,0.0,0.0,0.0,0.0,0.0,0
1155.KL,26/6/2023,-0.067483,0.449435,0.033646,0.516919,0.5,0.0,0.5,0.851028,0.908691,2
1155.KL,26/6/2024,0.517406,0.599282,0.318842,0.081876,0.666667,0.333333,0.0,0.517406,0.868748,3
1155.KL,26/6/2025,0.793081,0.868079,0.056923,0.074998,1.0,0.0,0.0,0.793081,0.868079,1
1155.KL,26/7/2020,0.0,0.0,0.0,0.0,0.0,0.0,0.0,0.0,0.0,0
1155.KL,26/7/2021,0.0,0.0,0.0,0.0,0.0,0.0,0.0,0.0,0.0,0
1155.KL,26/7/2022,-0.260969,0.077021,0.584988,0.337991,0.0,0.333333,0.666667,0.260969,0.725306,3
1155.KL,26/7/2023,-0.940583,0.019295,0.020826,0.959879,0.0,0.0,1.0,0.940583,0.959879,1
1155.KL,26/7/2024,-0.071966,0.047128,0.833778,0.119094,0.0,1.0,0.0,0.071966,0.833778,1
1155.KL,26/7/2025,-0.855242,0.041218,0.062322,0.89646,0.0,0.0,1.0,0.855242,0.89646,1
1155.KL,26/8/2020,-0.633191,0.086643,0.193524,0.719834,0.0,0.0,1.0,0.633191,0.719834,2
1155.KL,26/8/2021,0.090446,0.107223,0.876,0.016777,0.25,0.75,0.0,0.090446,0.876,4
1155.KL,26/8/2022,0.006189,0.042034,0.92212,0.035846,0.0,1.0,0.0,0.006189,0.92212,1
1155.KL,26/8/2023,0.0,0.0,0.0,0.0,0.0,0.0,0.0,0.0,0.0,0
1155.KL,26/8/2024,0.350382,0.626711,0.09696,0.276329,0.666667,0.0,0.333333,0.746413,0.824726,3
1155.KL,26/8/2025,0.383739,0.613764,0.15621,0.230025,0.5,0.0,0.5,0.546719,0.695255,2
1155.KL,26/9/2020,-0.892795,0.032385,0.042434,0.92518,0.0,0.0,1.0,0.892795,0.92518,1
1155.KL,26/9/2021,0.0,0.0,0.0,0.0,0.0,0.0,0.0,0.0,0.0,0
1155.KL,26/9/2022,0.0,0.0,0.0,0.0,0.0,0.0,0.0,0.0,0.0,0
1155.KL,26/9/2023,-0.92738,0.016914,0.038791,0.944294,0.0,0.0,1.0,0.92738,0.944294,1
1155.KL,26/9/2024,-0.087496,0.439212,0.03408,0.526708,0.5,0.0,0.5,0.867884,0.916902,2
1155.KL,26/9/2025,0.0,0.0,0.0,0.0,0.0,0.0,0.0,0.0,0.0,0
1155.KL,27/1/2020,0.355355,0.379317,0.596721,0.023962,1.0,0.0,0.0,0.355355,0.596721,1
1155.KL,27/1/2021,0.060739,0.492034,0.07667,0.431295,0.0,1.0,0.0,0.060739,0.492034,1
1155.KL,27/1/2022,-0.088508,0.042685,0.826122,0.131193,0.0,0.5,0.5,0.13708,0.826122,2
1155.KL,27/1/2023,0.0,0.0,0.0,0.0,0.0,0.0,0.0,0.0,0.0,0
1155.KL,27/1/2024,0.0,0.0,0.0,0.0,0.0,0.0,0.0,0.0,0.0,0
1155.KL,27/1/2025,-0.068397,0.283637,0.364329,0.352034,0.25,0.25,0.5,0.562897,0.819066,4
1155.KL,27/1/2026,0.087583,0.305857,0.47587,0.218273,0.0,1.0,0.0,0.087583,0.47587,1
1155.KL,27/10/2020,-0.044282,0.023944,0.90783,0.068226,0.0,1.0,0.0,0.044282,0.90783,1
1155.KL,27/10/2021,0.188557,0.571901,0.044756,0.383343,0.6,0.0,0.4,0.909976,0.93261,5
1155.KL,27/10/2022,0.457897,0.479411,0.499076,0.021513,0.5,0.5,0.0,0.457897,0.929514,2
1155.KL,27/10/2023,0.446101,0.545248,0.355605,0.099147,0.8,0.0,0.2,0.552786,0.761161,5
1155.KL,27/10/2024,0.428087,0.462936,0.502215,0.034849,0.9,0.1,0.0,0.431756,0.740985,10
1155.KL,27/10/2025,0.614834,0.74946,0.115914,0.134626,1.0,0.0,0.0,0.614834,0.74946,2
1155.KL,27/11/2020,-0.090979,0.419746,0.069529,0.510725,0.0,1.0,0.0,0.090979,0.510725,1
1155.KL,27/11/2021,0.0,0.0,0.0,0.0,0.0,0.0,0.0,0.0,0.0,0
1155.KL,27/11/2022,0.0,0.0,0.0,0.0,0.0,0.0,0.0,0.0,0.0,0
1155.KL,27/11/2023,-0.553133,0.192761,0.061344,0.745894,0.0,0.0,1.0,0.553133,0.745894,1
1155.KL,27/11/2024,0.106204,0.359054,0.388097,0.25285,0.5,0.25,0.25,0.572103,0.854638,4
1155.KL,27/11/2025,0.648843,0.725612,0.197619,0.076769,1.0,0.0,0.0,0.648843,0.788628,3
1155.KL,27/12/2020,0.0,0.0,0.0,0.0,0.0,0.0,0.0,0.0,0.0,0
1155.KL,27/12/2021,0.870158,0.919078,0.032001,0.04892,1.0,0.0,0.0,0.870158,0.919078,1
1155.KL,27/12/2022,-0.615651,0.052096,0.280157,0.667747,0.0,0.0,1.0,0.615651,0.667747,1
1155.KL,27/12/2023,-0.943228,0.018527,0.019719,0.961754,0.0,0.0,1.0,0.943228,0.961754,2
1155.KL,27/12/2024,0.0,0.0,0.0,0.0,0.0,0.0,0.0,0.0,0.0,0
1155.KL,27/12/2025,0.93421,0.954167,0.025877,0.019956,1.0,0.0,0.0,0.93421,0.954167,1
1155.KL,27/2/2020,-0.938606,0.011505,0.038384,0.950111,0.0,0.0,1.0,0.938606,0.950111,1
1155.KL,27/2/2021,0.0,0.0,0.0,0.0,0.0,0.0,0.0,0.0,0.0,0
1155.KL,27/2/2022,0.637908,0.729026,0.179857,0.091117,1.0,0.0,0.0,0.637908,0.729026,1
1155.KL,27/2/2023,0.942751,0.958301,0.026149,0.01555,1.0,0.0,0.0,0.942751,0.958301,1
1155.KL,27/2/2024,0.353806,0.383717,0.586373,0.02991,0.5,0.5,0.0,0.353806,0.739953,2
1155.KL,27/2/2025,0.461085,0.486016,0.489054,0.024931,0.5,0.5,0.0,0.461085,0.9366,2
1155.KL,27/2/2026,-0.058491,0.289921,0.361667,0.348412,0.5,0.125,0.375,0.57228,0.840638,8
1155.KL,27/3/2020,0.154023,0.256832,0.640358,0.102809,0.333333,0.333333,0.333333,0.232862,0.808752,3
1155.KL,27/3/2021,0.733819,0.750164,0.233491,0.016345,1.0,0.0,0.0,0.733819,0.750164,1
1155.KL,27/3/2022,0.0,0.0,0.0,0.0,0.0,0.0,0.0,0.0,0.0,0
1155.KL,27/3/2023,0.177161,0.344227,0.488708,0.167065,1.0,0.0,0.0,0.177161,0.69188,2
1155.KL,27/3/2024,0.52594,0.555709,0.414521,0.02977,0.75,0.25,0.0,0.52594,0.854865,4
1155.KL,27/3/2025,0.539898,0.578767,0.382365,0.038868,0.666667,0.333333,0.0,0.539898,0.881813,3
1155.KL,27/4/2020,-0.245336,0.251483,0.251699,0.496819,0.5,0.0,0.5,0.685098,0.7167,2
1155.KL,27/4/2021,-0.189652,0.209188,0.391972,0.39884,0.0,0.5,0.5,0.259551,0.43379,2
1155.KL,27/4/2022,0.630072,0.670598,0.288877,0.040525,1.0,0.0,0.0,0.630072,0.670598,1
1155.KL,27/4/2023,0.341384,0.485525,0.370335,0.14414,1.0,0.0,0.0,0.341384,0.63603,2
1155.KL,27/4/2024,0.0,0.0,0.0,0.0,0.0,0.0,0.0,0.0,0.0,0
1155.KL,27/4/2025,0.0,0.0,0.0,0.0,0.0,0.0,0.0,0.0,0.0,0
1155.KL,27/5/2020,0.498692,0.517774,0.463145,0.019082,0.5,0.5,0.0,0.498692,0.887493,2
1155.KL,27/5/2021,0.870411,0.884619,0.101173,0.014208,1.0,0.0,0.0,0.870411,0.884619,2
1155.KL,27/5/2022,-0.587387,0.03955,0.333513,0.626937,0.0,0.0,1.0,0.587387,0.626937,1
1155.KL,27/5/2023,-0.171399,0.11655,0.595501,0.287949,0.5,0.0,0.5,0.339422,0.685578,2
1155.KL,27/5/2024,0.042734,0.054537,0.933661,0.011802,0.0,1.0,0.0,0.042734,0.933661,1
1155.KL,27/5/2025,-0.134707,0.193408,0.478477,0.328115,0.333333,0.333333,0.333333,0.484854,0.800213,3
1155.KL,27/6/2020,-0.547111,0.165799,0.121291,0.71291,0.0,0.0,1.0,0.547111,0.71291,1
1155.KL,27/6/2021,-0.858738,0.019452,0.102358,0.87819,0.0,0.0,1.0,0.858738,0.87819,1
1155.KL,27/6/2022,-0.377009,0.284216,0.054559,0.661225,0.25,0.0,0.75,0.787625,0.866533,4
1155.KL,27/6/2023,0.035689,0.062505,0.91068,0.026815,0.0,1.0,0.0,0.047898,0.91068,2
1155.KL,27/6/2024,0.850284,0.881015,0.088254,0.030731,1.0,0.0,0.0,0.850284,0.881015,1
1155.KL,27/6/2025,0.0,0.0,0.0,0.0,0.0,0.0,0.0,0.0,0.0,0
1155.KL,27/7/2020,-0.446172,0.037906,0.478015,0.484078,0.0,0.5,0.5,0.484338,0.946487,2
1155.KL,27/7/2021,0.482065,0.526765,0.428536,0.0447,1.0,0.0,0.0,0.482065,0.842952,2
1155.KL,27/7/2022,0.803094,0.830558,0.141979,0.027464,1.0,0.0,0.0,0.803094,0.830558,1
1155.KL,27/7/2023,-0.00406,0.333862,0.328215,0.337922,0.333333,0.333333,0.333333,0.634136,0.950004,3
1155.KL,27/7/2024,0.0,0.0,0.0,0.0,0.0,0.0,0.0,0.0,0.0,0
1155.KL,27/7/2025,0.0,0.0,0.0,0.0,0.0,0.0,0.0,0.0,0.0,0
1155.KL,27/8/2020,0.415285,0.428126,0.559033,0.012841,1.0,0.0,0.0,0.415285,0.559033,1
1155.KL,27/8/2021,-0.692647,0.023558,0.260238,0.716204,0.0,0.25,0.75,0.710039,0.94744,4
1155.KL,27/8/2022,0.014101,0.484612,0.044877,0.470511,0.0,1.0,0.0,0.014101,0.484612,1
1155.KL,27/8/2023,0.052524,0.065123,0.922278,0.012599,0.0,1.0,0.0,0.052524,0.922278,1
1155.KL,27/8/2024,0.31706,0.640398,0.036264,0.323338,0.666667,0.0,0.333333,0.727538,0.845637,3
1155.KL,27/8/2025,0.039688,0.392466,0.254756,0.352778,0.25,0.25,0.5,0.437282,0.806534,4
1155.KL,27/9/2020,0.0,0.0,0.0,0.0,0.0,0.0,0.0,0.0,0.0,0
1155.KL,27/9/2021,0.0,0.0,0.0,0.0,0.0,0.0,0.0,0.0,0.0,0
1155.KL,27/9/2022,-0.495255,0.075396,0.353952,0.570652,0.0,0.0,1.0,0.495255,0.570652,1
1155.KL,27/9/2023,-0.163936,0.032544,0.770975,0.196481,0.0,0.0,1.0,0.163936,0.770975,1
1155.KL,27/9/2024,-0.166319,0.245719,0.342243,0.412038,0.2,0.4,0.4,0.592724,0.902737,5
1155.KL,27/9/2025,0.264128,0.383485,0.497159,0.119357,0.5,0.5,0.0,0.264128,0.844428,2
1155.KL,28/1/2020,0.572454,0.589429,0.393595,0.016975,1.0,0.0,0.0,0.572454,0.857852,2
1155.KL,28/1/2021,-0.148168,0.127946,0.595939,0.276114,0.0,0.666667,0.333333,0.254679,0.818651,3
1155.KL,28/1/2022,0.271495,0.39184,0.487815,0.120345,0.5,0.5,0.0,0.271495,0.807678,4
1155.KL,28/1/2023,-0.960318,0.010072,0.019538,0.97039,0.0,0.0,1.0,0.960318,0.97039,1
1155.KL,28/1/2024,0.0,0.0,0.0,0.0,0.0,0.0,0.0,0.0,0.0,0
1155.KL,28/1/2025,0.0,0.0,0.0,0.0,0.0,0.0,0.0,0.0,0.0,0
1155.KL,28/1/2026,0.009632,0.484616,0.0404,0.474984,0.5,0.0,0.5,0.867207,0.913404,2
1155.KL,28/10/2020,0.0,0.0,0.0,0.0,0.0,0.0,0.0,0.0,0.0,0
1155.KL,28/10/2021,-0.47402,0.198291,0.129399,0.67231,0.25,0.0,0.75,0.840238,0.855419,4
1155.KL,28/10/2022,-0.13302,0.163746,0.539488,0.296766,0.333333,0.333333,0.333333,0.402167,0.770438,3
1155.KL,28/10/2023,0.514635,0.549793,0.41505,0.035157,0.666667,0.333333,0.0,0.514635,0.826786,3
1155.KL,28/10/2024,0.542468,0.568237,0.405994,0.025769,0.833333,0.166667,0.0,0.547443,0.797943,6
1155.KL,28/10/2025,-0.193218,0.061702,0.683377,0.254921,0.0,0.75,0.25,0.284371,0.914763,4
1155.KL,28/11/2020,0.0,0.0,0.0,0.0,0.0,0.0,0.0,0.0,0.0,0
1155.KL,28/11/2021,0.0,0.0,0.0,0.0,0.0,0.0,0.0,0.0,0.0,0
1155.KL,28/11/2022,0.0,0.0,0.0,0.0,0.0,0.0,0.0,0.0,0.0,0
1155.KL,28/11/2023,0.0,0.0,0.0,0.0,0.0,0.0,0.0,0.0,0.0,0
1155.KL,28/11/2024,0.0,0.0,0.0,0.0,0.0,0.0,0.0,0.0,0.0,0
1155.KL,28/11/2025,0.0,0.0,0.0,0.0,0.0,0.0,0.0,0.0,0.0,0
1155.KL,28/12/2020,0.680991,0.695537,0.289917,0.014546,1.0,0.0,0.0,0.680991,0.695537,1
1155.KL,28/12/2021,0.892148,0.926807,0.038534,0.034659,1.0,0.0,0.0,0.892148,0.926807,1
1155.KL,28/12/2022,-0.138099,0.35062,0.160662,0.488719,0.333333,0.0,0.666667,0.744513,0.791926,3
1155.KL,28/12/2023,-0.867931,0.055699,0.020672,0.923629,0.0,0.0,1.0,0.867931,0.923629,1
1155.KL,28/12/2024,0.171783,0.48729,0.197203,0.315507,0.5,0.0,0.5,0.724493,0.763645,2
1155.KL,28/12/2025,0.0,0.0,0.0,0.0,0.0,0.0,0.0,0.0,0.0,0
1155.KL,28/2/2020,-0.418472,0.05405,0.473428,0.472522,0.0,0.5,0.5,0.461183,0.929269,2
1155.KL,28/2/2021,0.0,0.0,0.0,0.0,0.0,0.0,0.0,0.0,0.0,0
1155.KL,28/2/2022,-0.226451,0.077273,0.619003,0.303724,0.2,0.4,0.4,0.295624,0.807144,5
1155.KL,28/2/2023,-0.435304,0.040065,0.484567,0.475368,0.0,0.5,0.5,0.452804,0.943419,2
1155.KL,28/2/2024,0.595355,0.640229,0.314898,0.044873,1.0,0.0,0.0,0.595355,0.761562,2
1155.KL,28/2/2025,0.0,0.0,0.0,0.0,0.0,0.0,0.0,0.0,0.0,0
1155.KL,28/2/2026,0.0,0.0,0.0,0.0,0.0,0.0,0.0,0.0,0.0,0
1155.KL,28/3/2020,0.244011,0.507408,0.229194,0.263398,0.75,0.0,0.25,0.714135,0.869518,4
1155.KL,28/3/2021,-0.852292,0.016603,0.114502,0.868895,0.0,0.0,1.0,0.852292,0.868895,1
1155.KL,28/3/2022,-0.043242,0.035786,0.885185,0.079029,0.0,1.0,0.0,0.043242,0.885185,1
1155.KL,28/3/2023,0.920879,0.939327,0.042225,0.018448,1.0,0.0,0.0,0.920879,0.939327,1
1155.KL,28/3/2024,0.063138,0.389442,0.284254,0.326304,0.5,0.0,0.5,0.661365,0.787395,4
1155.KL,28/3/2025,0.81576,0.888984,0.037793,0.073224,1.0,0.0,0.0,0.81576,0.888984,2
1155.KL,28/4/2020,-0.327535,0.312279,0.047907,0.639814,0.333333,0.0,0.666667,0.917978,0.935036,3
1155.KL,28/4/2021,0.437887,0.552986,0.331915,0.115099,1.0,0.0,0.0,0.437887,0.704311,2
1155.KL,28/4/2022,-0.46779,0.027348,0.477514,0.495138,0.0,0.5,0.5,0.496837,0.953402,2
1155.KL,28/4/2023,0.257608,0.279459,0.69869,0.021851,0.666667,0.333333,0.0,0.257608,0.822333,3
1155.KL,28/4/2024,0.0,0.0,0.0,0.0,0.0,0.0,0.0,0.0,0.0,0
1155.KL,28/4/2025,0.0,0.0,0.0,0.0,0.0,0.0,0.0,0.0,0.0,0
1155.KL,28/5/2020,0.699421,0.715604,0.268213,0.016183,1.0,0.0,0.0,0.699421,0.715604,1
1155.KL,28/5/2021,-0.00514,0.339094,0.316673,0.344234,0.4,0.2,0.4,0.393331,0.711026,5
1155.KL,28/5/2022,-0.435932,0.163081,0.237905,0.599014,0.0,0.0,1.0,0.435932,0.599014,1
1155.KL,28/5/2023,0.0,0.0,0.0,0.0,0.0,0.0,0.0,0.0,0.0,0
1155.KL,28/5/2024,0.888516,0.897595,0.093326,0.009079,1.0,0.0,0.0,0.888516,0.897595,1
1155.KL,28/5/2025,0.380763,0.445199,0.490366,0.064435,0.75,0.25,0.0,0.384491,0.838241,4
1155.KL,28/6/2020,-0.478954,0.056536,0.407974,0.53549,0.0,0.0,1.0,0.478954,0.53549,1
1155.KL,28/6/2021,-0.873744,0.053419,0.019417,0.927163,0.0,0.0,1.0,0.873744,0.927163,1
1155.KL,28/6/2022,-0.474736,0.054369,0.416527,0.529105,0.0,0.0,1.0,0.474736,0.608814,3
1155.KL,28/6/2023,0.24781,0.29142,0.664969,0.04361,0.5,0.5,0.0,0.251036,0.863808,4
1155.KL,28/6/2024,0.357469,0.371728,0.614013,0.014259,0.5,0.5,0.0,0.357469,0.81075,2
1155.KL,28/6/2025,0.0,0.0,0.0,0.0,0.0,0.0,0.0,0.0,0.0,0
1155.KL,28/7/2020,0.399867,0.449227,0.501413,0.04936,0.5,0.5,0.0,0.399867,0.906064,2
1155.KL,28/7/2021,-0.253069,0.24121,0.264512,0.494278,0.333333,0.333333,0.333333,0.424696,0.732522,3
1155.KL,28/7/2022,-0.055895,0.300896,0.342314,0.35679,0.333333,0.0,0.666667,0.563495,0.847617,3
1155.KL,28/7/2023,0.50495,0.533578,0.437794,0.028628,1.0,0.0,0.0,0.50495,0.817319,4
1155.KL,28/7/2024,0.587921,0.598252,0.391416,0.010332,1.0,0.0,0.0,0.587921,0.598252,1
1155.KL,28/7/2025,-0.228724,0.2172,0.336877,0.445924,0.0,0.333333,0.666667,0.228724,0.738117,3
1155.KL,28/8/2020,0.120612,0.267564,0.585484,0.146952,0.333333,0.333333,0.333333,0.305735,0.765831,3
1155.KL,28/8/2021,0.0,0.0,0.0,0.0,0.0,0.0,0.0,0.0,0.0,0
1155.KL,28/8/2022,0.0,0.0,0.0,0.0,0.0,0.0,0.0,0.0,0.0,0
1155.KL,28/8/2023,0.392343,0.676035,0.040273,0.283692,0.666667,0.0,0.333333,0.737152,0.848439,3
1155.KL,28/8/2024,0.59598,0.613558,0.368865,0.017577,0.8,0.2,0.0,0.59598,0.877816,5
1155.KL,28/8/2025,0.686016,0.762108,0.161801,0.076092,1.0,0.0,0.0,0.686016,0.762108,3
1155.KL,28/9/2020,0.0,0.0,0.0,0.0,0.0,0.0,0.0,0.0,0.0,0
1155.KL,28/9/2021,0.012751,0.254376,0.503999,0.241625,0.2,0.6,0.2,0.330288,0.773388,5
1155.KL,28/9/2022,0.114054,0.13253,0.848993,0.018477,0.333333,0.666667,0.0,0.118265,0.848993,3
1155.KL,28/9/2023,-0.47175,0.020473,0.487303,0.492224,0.0,0.5,0.5,0.47175,0.916124,2
1155.KL,28/9/2024,-0.958621,0.012976,0.015426,0.971597,0.0,0.0,1.0,0.958621,0.971597,1
1155.KL,28/9/2025,0.0,0.0,0.0,0.0,0.0,0.0,0.0,0.0,0.0,0
1155.KL,29/1/2020,-0.26503,0.084251,0.566468,0.349281,0.0,0.333333,0.666667,0.330683,0.843519,3
1155.KL,29/1/2021,0.0856,0.204178,0.677243,0.118579,0.0,1.0,0.0,0.0856,0.677243,1
1155.KL,29/1/2022,0.0,0.0,0.0,0.0,0.0,0.0,0.0,0.0,0.0,0
1155.KL,29/1/2023,0.0,0.0,0.0,0.0,0.0,0.0,0.0,0.0,0.0,0
1155.KL,29/1/2024,0.0,0.0,0.0,0.0,0.0,0.0,0.0,0.0,0.0,0
1155.KL,29/1/2025,-0.955813,0.00976,0.024668,0.965573,0.0,0.0,1.0,0.955813,0.965573,2
1155.KL,29/1/2026,0.002945,0.396802,0.209341,0.393857,0.6,0.0,0.4,0.487713,0.683716,5
1155.KL,29/10/2020,0.0,0.0,0.0,0.0,0.0,0.0,0.0,0.0,0.0,0
1155.KL,29/10/2021,-0.921774,0.014561,0.049103,0.936335,0.0,0.0,1.0,0.921774,0.936335,2
1155.KL,29/10/2022,-0.879599,0.016493,0.087415,0.896092,0.0,0.0,1.0,0.879599,0.896092,1
1155.KL,29/10/2023,0.264488,0.318599,0.627289,0.054112,0.6,0.4,0.0,0.312837,0.749241,5
1155.KL,29/10/2024,0.331214,0.492416,0.346382,0.161202,0.571429,0.285714,0.142857,0.59059,0.863395,7
1155.KL,29/10/2025,0.360557,0.416867,0.526823,0.05631,0.5,0.5,0.0,0.391476,0.775011,6
1155.KL,29/11/2020,0.0,0.0,0.0,0.0,0.0,0.0,0.0,0.0,0.0,0
1155.KL,29/11/2021,0.025431,0.414018,0.197396,0.388586,0.5,0.0,0.5,0.747257,0.77493,2
1155.KL,29/11/2022,0.217007,0.228932,0.759144,0.011924,1.0,0.0,0.0,0.217007,0.759144,1
1155.KL,29/11/2023,-0.807208,0.020204,0.152384,0.827412,0.0,0.0,1.0,0.807208,0.827412,2
1155.KL,29/11/2024,-0.353491,0.028674,0.589162,0.382164,0.0,0.0,1.0,0.353491,0.589162,1
1155.KL,29/11/2025,0.0,0.0,0.0,0.0,0.0,0.0,0.0,0.0,0.0,0
1155.KL,29/12/2020,0.0,0.0,0.0,0.0,0.0,0.0,0.0,0.0,0.0,0
1155.KL,29/12/2021,0.0,0.0,0.0,0.0,0.0,0.0,0.0,0.0,0.0,0
1155.KL,29/12/2022,-0.956049,0.009709,0.024534,0.965758,0.0,0.0,1.0,0.956049,0.965758,1
1155.KL,29/12/2023,0.64616,0.67831,0.28954,0.03215,1.0,0.0,0.0,0.64616,0.77976,3
1155.KL,29/12/2024,0.0,0.0,0.0,0.0,0.0,0.0,0.0,0.0,0.0,0
1155.KL,29/12/2025,0.058707,0.486055,0.086598,0.427347,0.5,0.0,0.5,0.844122,0.878762,2
1155.KL,29/2/2020,-0.514415,0.048363,0.388859,0.562778,0.0,0.5,0.5,0.514415,0.859183,2
1155.KL,29/2/2024,0.022849,0.038396,0.946056,0.015547,0.0,1.0,0.0,0.022849,0.946056,1
1155.KL,29/3/2020,0.0,0.0,0.0,0.0,0.0,0.0,0.0,0.0,0.0,0
1155.KL,29/3/2021,0.437098,0.45282,0.531458,0.015722,1.0,0.0,0.0,0.437098,0.747071,4
1155.KL,29/3/2022,-0.325594,0.161552,0.351301,0.487146,0.5,0.0,0.5,0.627306,0.822676,2
1155.KL,29/3/2023,0.061322,0.451518,0.158286,0.390196,0.6,0.0,0.4,0.776214,0.808964,5
1155.KL,29/3/2024,0.856965,0.876441,0.104083,0.019476,1.0,0.0,0.0,0.856965,0.876441,3
1155.KL,29/3/2025,-0.400716,0.091252,0.41678,0.491968,0.5,0.0,0.5,0.564551,0.895554,2
1155.KL,29/4/2020,0.924776,0.937533,0.049711,0.012756,1.0,0.0,0.0,0.924776,0.937533,1
1155.KL,29/4/2021,-0.920915,0.029521,0.020043,0.950436,0.0,0.0,1.0,0.920915,0.950436,1
1155.KL,29/4/2022,0.291817,0.539698,0.212421,0.247881,0.75,0.0,0.25,0.754648,0.896496,4
1155.KL,29/4/2023,0.0,0.0,0.0,0.0,0.0,0.0,0.0,0.0,0.0,0
1155.KL,29/4/2024,0.106355,0.229653,0.647049,0.123298,0.666667,0.333333,0.0,0.106355,0.773702,3
1155.KL,29/4/2025,-0.119858,0.205387,0.469368,0.325245,0.666667,0.0,0.333333,0.49613,0.769574,3
1155.KL,29/5/2020,0.049183,0.502484,0.044215,0.453301,0.5,0.0,0.5,0.812183,0.883984,2
1155.KL,29/5/2021,0.0,0.0,0.0,0.0,0.0,0.0,0.0,0.0,0.0,0
1155.KL,29/5/2022,0.0,0.0,0.0,0.0,0.0,0.0,0.0,0.0,0.0,0
1155.KL,29/5/2023,0.510716,0.726008,0.058699,0.215293,1.0,0.0,0.0,0.510716,0.726008,1
1155.KL,29/5/2024,-0.393245,0.098082,0.410591,0.491327,0.5,0.0,0.5,0.566174,0.889055,2
1155.KL,29/5/2025,-0.408936,0.274791,0.041482,0.683727,0.25,0.0,0.75,0.856338,0.907428,4
1155.KL,29/6/2020,0.0,0.0,0.0,0.0,0.0,0.0,0.0,0.0,0.0,0
1155.KL,29/6/2021,-0.073145,0.292674,0.341506,0.365819,0.333333,0.333333,0.333333,0.567318,0.901444,3
1155.KL,29/6/2022,0.005876,0.488014,0.029847,0.482138,0.5,0.0,0.5,0.923239,0.946696,2
1155.KL,29/6/2023,0.458122,0.498886,0.460349,0.040765,0.5,0.5,0.0,0.458122,0.901748,2
1155.KL,29/6/2024,0.0,0.0,0.0,0.0,0.0,0.0,0.0,0.0,0.0,0
1155.KL,29/6/2025,0.0,0.0,0.0,0.0,0.0,0.0,0.0,0.0,0.0,0
1155.KL,29/7/2020,0.532547,0.589304,0.353939,0.056757,1.0,0.0,0.0,0.532547,0.742825,2
1155.KL,29/7/2021,-0.191482,0.360573,0.087372,0.552055,0.5,0.0,0.5,0.762956,0.837792,2
1155.KL,29/7/2022,0.445876,0.696035,0.053806,0.250159,0.666667,0.0,0.333333,0.739928,0.843061,3
1155.KL,29/7/2023,-0.262537,0.078836,0.579791,0.341373,0.333333,0.333333,0.333333,0.366648,0.894741,3
1155.KL,29/7/2024,0.219126,0.359248,0.500629,0.140122,0.5,0.5,0.0,0.219126,0.74454,2
1155.KL,29/7/2025,-0.909767,0.029989,0.030255,0.939756,0.0,0.0,1.0,0.909767,0.939756,1
1155.KL,29/8/2020,-0.305248,0.062529,0.569694,0.367777,0.0,0.666667,0.333333,0.33077,0.88255,3
1155.KL,29/8/2021,0.0,0.0,0.0,0.0,0.0,0.0,0.0,0.0,0.0,0
1155.KL,29/8/2022,0.0,0.0,0.0,0.0,0.0,0.0,0.0,0.0,0.0,0
1155.KL,29/8/2023,0.28264,0.387393,0.507854,0.104753,0.5,0.5,0.0,0.28264,0.794916,2
1155.KL,29/8/2024,0.154205,0.396592,0.361022,0.242386,0.571429,0.142857,0.285714,0.522056,0.788144,7
1155.KL,29/8/2025,0.049665,0.225062,0.599542,0.175397,0.285714,0.571429,0.142857,0.320169,0.861557,7
1155.KL,29/9/2020,0.0,0.0,0.0,0.0,0.0,0.0,0.0,0.0,0.0,0
1155.KL,29/9/2021,-0.101447,0.42215,0.054253,0.523597,0.5,0.0,0.5,0.861258,0.903502,2
1155.KL,29/9/2022,-0.172801,0.264731,0.297737,0.437532,0.5,0.0,0.5,0.619797,0.668742,4
1155.KL,29/9/2023,-0.151521,0.166284,0.51591,0.317806,0.0,0.5,0.5,0.151521,0.51591,2
1155.KL,29/9/2024,0.0,0.0,0.0,0.0,0.0,0.0,0.0,0.0,0.0,0
1155.KL,29/9/2025,0.035509,0.049917,0.935676,0.014407,0.0,1.0,0.0,0.035509,0.935676,1
1155.KL,3/1/2020,0.206254,0.564271,0.077713,0.358016,0.666667,0.0,0.333333,0.832748,0.877517,3
1155.KL,3/1/2021,0.0,0.0,0.0,0.0,0.0,0.0,0.0,0.0,0.0,0
1155.KL,3/1/2022,-0.334438,0.112765,0.440032,0.447203,0.0,0.0,1.0,0.334438,0.447203,1
1155.KL,3/1/2023,0.0,0.0,0.0,0.0,0.0,0.0,0.0,0.0,0.0,0
1155.KL,3/1/2024,-0.041749,0.462562,0.033128,0.504311,0.5,0.0,0.5,0.890628,0.92875,2
1155.KL,3/1/2025,0.485767,0.503046,0.479676,0.017279,0.5,0.5,0.0,0.485767,0.942633,2
1155.KL,3/1/2026,-0.023461,0.46896,0.038619,0.492421,0.5,0.0,0.5,0.913538,0.937459,2
1155.KL,3/10/2020,0.0,0.0,0.0,0.0,0.0,0.0,0.0,0.0,0.0,0
1155.KL,3/10/2021,0.0,0.0,0.0,0.0,0.0,0.0,0.0,0.0,0.0,0
1155.KL,3/10/2022,-0.107279,0.21599,0.460741,0.323269,0.666667,0.0,0.333333,0.503462,0.771897,3
1155.KL,3/10/2023,-0.467899,0.165136,0.201829,0.633035,0.0,0.0,1.0,0.467899,0.633035,1
1155.KL,3/10/2024,0.117837,0.386168,0.3455,0.268332,0.333333,0.333333,0.333333,0.465365,0.82957,6
1155.KL,3/10/2025,0.207236,0.220987,0.765262,0.013751,1.0,0.0,0.0,0.207236,0.765262,1
1155.KL,3/11/2020,0.112989,0.12521,0.862568,0.012221,1.0,0.0,0.0,0.112989,0.862568,1
1155.KL,3/11/2021,0.0,0.0,0.0,0.0,0.0,0.0,0.0,0.0,0.0,0
1155.KL,3/11/2022,-0.160901,0.224417,0.390266,0.385318,0.25,0.5,0.25,0.356801,0.710627,4
1155.KL,3/11/2023,0.836119,0.885835,0.06445,0.049715,1.0,0.0,0.0,0.836119,0.885835,2
1155.KL,3/11/2024,0.558335,0.578304,0.401728,0.019968,1.0,0.0,0.0,0.558335,0.578304,1
1155.KL,3/11/2025,0.31025,0.343929,0.622392,0.033679,0.888889,0.111111,0.0,0.313577,0.721807,9
1155.KL,3/12/2020,0.0,0.0,0.0,0.0,0.0,0.0,0.0,0.0,0.0,0
1155.KL,3/12/2021,0.92656,0.949305,0.02795,0.022745,1.0,0.0,0.0,0.92656,0.949305,1
1155.KL,3/12/2022,0.0,0.0,0.0,0.0,0.0,0.0,0.0,0.0,0.0,0
1155.KL,3/12/2023,0.0,0.0,0.0,0.0,0.0,0.0,0.0,0.0,0.0,0
1155.KL,3/12/2024,-0.069559,0.454105,0.022232,0.523664,0.5,0.0,0.5,0.849131,0.91345,2
1155.KL,3/12/2025,-0.949357,0.011596,0.027452,0.960952,0.0,0.0,1.0,0.949357,0.960952,1
1155.KL,3/2/2020,0.094824,0.11383,0.867164,0.019006,0.0,1.0,0.0,0.094824,0.867164,1
1155.KL,3/2/2021,-0.022172,0.468527,0.040775,0.490699,0.5,0.0,0.5,0.907786,0.933506,2
1155.KL,3/2/2022,0.911193,0.942106,0.026981,0.030913,1.0,0.0,0.0,0.911193,0.942106,1
1155.KL,3/2/2023,-0.935848,0.016489,0.031174,0.952337,0.0,0.0,1.0,0.935848,0.952337,2
1155.KL,3/2/2024,0.142357,0.17169,0.798977,0.029333,1.0,0.0,0.0,0.142357,0.798977,1
1155.KL,3/2/2025,0.093283,0.139864,0.813556,0.04658,0.0,1.0,0.0,0.093283,0.813556,2
1155.KL,3/2/2026,0.734457,0.826173,0.082112,0.091715,1.0,0.0,0.0,0.734457,0.826173,2
1155.KL,3/3/2020,0.106765,0.122395,0.861975,0.01563,1.0,0.0,0.0,0.106765,0.861975,1
1155.KL,3/3/2021,0.072306,0.089508,0.893291,0.017201,0.0,1.0,0.0,0.072306,0.893291,1
1155.KL,3/3/2022,0.658548,0.806142,0.046265,0.147593,1.0,0.0,0.0,0.658548,0.806142,1
1155.KL,3/3/2023,0.42823,0.577655,0.272919,0.149425,1.0,0.0,0.0,0.42823,0.577655,1
1155.KL,3/3/2024,0.848277,0.864345,0.119588,0.016068,1.0,0.0,0.0,0.848277,0.864345,1
1155.KL,3/3/2025,-0.212002,0.269216,0.249566,0.481218,0.333333,0.333333,0.333333,0.388557,0.590164,3
1155.KL,3/3/2026,-0.391948,0.220194,0.167664,0.612142,0.333333,0.0,0.666667,0.576523,0.704429,3
1155.KL,3/4/2020,-0.445228,0.232665,0.089441,0.677894,0.0,0.0,1.0,0.445228,0.677894,1
1155.KL,3/4/2021,0.0,0.0,0.0,0.0,0.0,0.0,0.0,0.0,0.0,0
1155.KL,3/4/2022,-0.371605,0.211916,0.204563,0.583521,0.5,0.0,0.5,0.587141,0.691289,2
1155.KL,3/4/2023,-0.875522,0.054251,0.015977,0.929772,0.0,0.0,1.0,0.875522,0.929772,1
1155.KL,3/4/2024,0.882037,0.9202,0.041638,0.038162,1.0,0.0,0.0,0.882037,0.9202,1
1155.KL,3/4/2025,-0.0577,0.450387,0.041525,0.508088,0.5,0.0,0.5,0.819375,0.888925,2
1155.KL,3/5/2020,0.0,0.0,0.0,0.0,0.0,0.0,0.0,0.0,0.0,0
1155.KL,3/5/2021,0.074174,0.088783,0.896608,0.014609,0.0,1.0,0.0,0.074174,0.896608,1
1155.KL,3/5/2022,0.0,0.0,0.0,0.0,0.0,0.0,0.0,0.0,0.0,0
1155.KL,3/5/2023,0.0,0.0,0.0,0.0,0.0,0.0,0.0,0.0,0.0,0
1155.KL,3/5/2024,0.130982,0.143281,0.84442,0.012299,1.0,0.0,0.0,0.130982,0.84442,1
1155.KL,3/5/2025,0.0,0.0,0.0,0.0,0.0,0.0,0.0,0.0,0.0,0
1155.KL,3/6/2020,0.210406,0.487619,0.235168,0.277213,1.0,0.0,0.0,0.210406,0.487619,1
1155.KL,3/6/2021,0.919904,0.948251,0.023402,0.028347,1.0,0.0,0.0,0.919904,0.948251,1
1155.KL,3/6/2022,-0.380455,0.103244,0.413057,0.483699,0.5,0.0,0.5,0.564665,0.87435,2
1155.KL,3/6/2023,0.0,0.0,0.0,0.0,0.0,0.0,0.0,0.0,0.0,0
1155.KL,3/6/2024,0.0,0.0,0.0,0.0,0.0,0.0,0.0,0.0,0.0,0
1155.KL,3/6/2025,-0.95347,0.010827,0.024876,0.964297,0.0,0.0,1.0,0.95347,0.964297,1
1155.KL,3/7/2020,0.575563,0.593381,0.388802,0.017817,1.0,0.0,0.0,0.575563,0.769294,4
1155.KL,3/7/2021,0.011429,0.047455,0.916519,0.036026,0.0,1.0,0.0,0.011429,0.916519,2
1155.KL,3/7/2022,0.0,0.0,0.0,0.0,0.0,0.0,0.0,0.0,0.0,0
1155.KL,3/7/2023,0.0,0.0,0.0,0.0,0.0,0.0,0.0,0.0,0.0,0
1155.KL,3/7/2024,0.0,0.0,0.0,0.0,0.0,0.0,0.0,0.0,0.0,0
1155.KL,3/7/2025,0.894856,0.911821,0.071214,0.016965,1.0,0.0,0.0,0.894856,0.911821,1
1155.KL,3/8/2020,0.0,0.0,0.0,0.0,0.0,0.0,0.0,0.0,0.0,0
1155.KL,3/8/2021,0.070505,0.440655,0.189195,0.37015,0.333333,0.0,0.666667,0.536423,0.708824,3
1155.KL,3/8/2022,-0.887429,0.016345,0.079882,0.903773,0.0,0.0,1.0,0.887429,0.903773,1
1155.KL,3/8/2023,0.744547,0.777856,0.188834,0.03331,1.0,0.0,0.0,0.744547,0.777856,1
1155.KL,3/8/2024,0.0,0.0,0.0,0.0,0.0,0.0,0.0,0.0,0.0,0
1155.KL,3/8/2025,0.0,0.0,0.0,0.0,0.0,0.0,0.0,0.0,0.0,0
1155.KL,3/9/2020,-0.007114,0.473551,0.045784,0.480665,0.5,0.0,0.5,0.912406,0.933311,2
1155.KL,3/9/2021,0.338545,0.347503,0.64354,0.008958,1.0,0.0,0.0,0.338545,0.64354,1
1155.KL,3/9/2022,-0.838005,0.022887,0.116221,0.860892,0.0,0.0,1.0,0.838005,0.860892,2
1155.KL,3/9/2023,0.0,0.0,0.0,0.0,0.0,0.0,0.0,0.0,0.0,0
1155.KL,3/9/2024,0.175202,0.183339,0.808524,0.008137,1.0,0.0,0.0,0.175202,0.808524,1
1155.KL,3/9/2025,-0.081897,0.246872,0.424359,0.328769,0.333333,0.333333,0.333333,0.555001,0.864201,3
1155.KL,30/1/2020,-0.433199,0.077681,0.411439,0.51088,0.0,0.5,0.5,0.509279,0.876612,2
1155.KL,30/1/2021,0.0,0.0,0.0,0.0,0.0,0.0,0.0,0.0,0.0,0
1155.KL,30/1/2022,0.0,0.0,0.0,0.0,0.0,0.0,0.0,0.0,0.0,0
1155.KL,30/1/2023,0.329949,0.398765,0.53242,0.068816,0.857143,0.142857,0.0,0.343753,0.745369,7
1155.KL,30/1/2024,0.196728,0.454389,0.28795,0.257661,0.5,0.25,0.25,0.657869,0.896674,4
1155.KL,30/1/2025,0.0,0.0,0.0,0.0,0.0,0.0,0.0,0.0,0.0,0
1155.KL,30/1/2026,-0.259479,0.319185,0.10215,0.578665,0.0,0.0,1.0,0.259479,0.578665,1
1155.KL,30/10/2020,-0.442353,0.058666,0.440316,0.501019,0.0,0.333333,0.666667,0.461017,0.801859,3
1155.KL,30/10/2021,0.0,0.0,0.0,0.0,0.0,0.0,0.0,0.0,0.0,0
1155.KL,30/10/2022,0.0,0.0,0.0,0.0,0.0,0.0,0.0,0.0,0.0,0
1155.KL,30/10/2023,0.222343,0.426599,0.369145,0.204256,0.666667,0.166667,0.166667,0.512725,0.719096,6
1155.KL,30/10/2024,0.298828,0.313998,0.670832,0.01517,0.666667,0.333333,0.0,0.298828,0.833728,3
1155.KL,30/10/2025,0.309324,0.459654,0.390016,0.15033,0.75,0.125,0.125,0.529669,0.746975,8
1155.KL,30/11/2020,0.102129,0.117955,0.86622,0.015825,0.5,0.5,0.0,0.102129,0.86622,2
1155.KL,30/11/2021,0.505458,0.512831,0.479797,0.007373,1.0,0.0,0.0,0.505458,0.512831,1
1155.KL,30/11/2022,0.055324,0.094498,0.866328,0.039174,0.0,1.0,0.0,0.055324,0.866328,1
1155.KL,30/11/2023,0.0,0.0,0.0,0.0,0.0,0.0,0.0,0.0,0.0,0
1155.KL,30/11/2024,-0.522177,0.033401,0.41102,0.555578,0.0,0.5,0.5,0.522177,0.886555,2
1155.KL,30/11/2025,0.0,0.0,0.0,0.0,0.0,0.0,0.0,0.0,0.0,0
1155.KL,30/12/2020,-0.96396,0.009307,0.017426,0.973267,0.0,0.0,1.0,0.96396,0.973267,1
1155.KL,30/12/2021,0.747268,0.757983,0.231302,0.010715,1.0,0.0,0.0,0.747268,0.757983,2
1155.KL,30/12/2022,0.047577,0.30261,0.442357,0.255033,0.5,0.0,0.5,0.497973,0.816944,4
1155.KL,30/12/2023,-0.321653,0.050322,0.577703,0.371975,0.0,0.0,1.0,0.321653,0.577703,1
1155.KL,30/12/2024,0.0,0.0,0.0,0.0,0.0,0.0,0.0,0.0,0.0,0
1155.KL,30/12/2025,-0.000994,0.485842,0.027321,0.486837,0.5,0.0,0.5,0.907342,0.94001,2
1155.KL,30/3/2020,-0.754586,0.075273,0.094868,0.829859,0.0,0.0,1.0,0.754586,0.829859,1
1155.KL,30/3/2021,-0.125732,0.212321,0.449626,0.338053,0.4,0.2,0.4,0.437685,0.780234,5
1155.KL,30/3/2022,0.194131,0.376278,0.441575,0.182147,0.6,0.2,0.2,0.421908,0.735108,5
1155.KL,30/3/2023,0.215735,0.385256,0.445223,0.169521,0.4,0.4,0.2,0.503532,0.864378,5
1155.KL,30/3/2024,0.92529,0.936162,0.052967,0.010871,1.0,0.0,0.0,0.92529,0.936162,1
1155.KL,30/3/2025,0.0,0.0,0.0,0.0,0.0,0.0,0.0,0.0,0.0,0
1155.KL,30/4/2020,0.890991,0.924552,0.041887,0.033561,1.0,0.0,0.0,0.890991,0.924552,1
1155.KL,30/4/2021,0.834684,0.844045,0.146594,0.009361,1.0,0.0,0.0,0.834684,0.844045,1
1155.KL,30/4/2022,0.897308,0.917586,0.062136,0.020278,1.0,0.0,0.0,0.897308,0.917586,2
1155.KL,30/4/2023,0.0,0.0,0.0,0.0,0.0,0.0,0.0,0.0,0.0,0
1155.KL,30/4/2024,-0.950323,0.015483,0.018711,0.965806,0.0,0.0,1.0,0.950323,0.965806,1
1155.KL,30/4/2025,0.033071,0.046383,0.940306,0.013312,0.0,1.0,0.0,0.033071,0.940306,1
1155.KL,30/5/2020,0.896268,0.915935,0.064398,0.019667,1.0,0.0,0.0,0.896268,0.915935,1
1155.KL,30/5/2021,-0.803113,0.021108,0.15467,0.824222,0.0,0.0,1.0,0.803113,0.824222,1
1155.KL,30/5/2022,-0.292646,0.328645,0.050063,0.621291,0.333333,0.0,0.666667,0.916654,0.933295,3
1155.KL,30/5/2023,-0.931278,0.020473,0.027775,0.951751,0.0,0.0,1.0,0.931278,0.951751,1
1155.KL,30/5/2024,0.0,0.0,0.0,0.0,0.0,0.0,0.0,0.0,0.0,0
1155.KL,30/5/2025,-0.339925,0.1361,0.387874,0.476025,0.5,0.0,0.5,0.551698,0.841128,2
1155.KL,30/6/2020,0.105456,0.142597,0.820263,0.03714,0.5,0.5,0.0,0.107426,0.820263,2
1155.KL,30/6/2021,0.19151,0.210754,0.770001,0.019245,0.4,0.6,0.0,0.197565,0.863211,5
1155.KL,30/6/2022,0.265074,0.324691,0.615692,0.059617,0.666667,0.333333,0.0,0.320237,0.619703,3
1155.KL,30/6/2023,0.253658,0.273545,0.706567,0.019887,0.5,0.5,0.0,0.253658,0.753488,4
1155.KL,30/6/2024,0.0,0.0,0.0,0.0,0.0,0.0,0.0,0.0,0.0,0
1155.KL,30/6/2025,0.039615,0.270297,0.49902,0.230683,0.4,0.4,0.2,0.323072,0.772558,5
1155.KL,30/7/2020,-0.306069,0.031651,0.63063,0.33772,0.0,0.666667,0.333333,0.322135,0.942975,3
1155.KL,30/7/2021,-0.497237,0.04862,0.405523,0.545857,0.0,0.5,0.5,0.497237,0.872762,2
1155.KL,30/7/2022,0.393883,0.458004,0.477875,0.064121,0.5,0.5,0.0,0.410831,0.907316,2
1155.KL,30/7/2023,0.0,0.0,0.0,0.0,0.0,0.0,0.0,0.0,0.0,0
1155.KL,30/7/2024,-0.472317,0.211909,0.103865,0.684226,0.0,0.5,0.5,0.472317,0.684226,2
1155.KL,30/7/2025,0.0,0.0,0.0,0.0,0.0,0.0,0.0,0.0,0.0,0
1155.KL,30/8/2020,0.0,0.0,0.0,0.0,0.0,0.0,0.0,0.0,0.0,0
1155.KL,30/8/2021,0.372822,0.412799,0.547223,0.039978,1.0,0.0,0.0,0.372822,0.547223,1
1155.KL,30/8/2022,-0.022208,0.447477,0.082838,0.469685,0.5,0.0,0.5,0.878291,0.897726,2
1155.KL,30/8/2023,0.342944,0.373213,0.596519,0.030269,0.333333,0.666667,0.0,0.342944,0.894901,3
1155.KL,30/8/2024,0.463897,0.488097,0.487702,0.024201,0.5,0.5,0.0,0.463897,0.935547,2
1155.KL,30/8/2025,0.0,0.0,0.0,0.0,0.0,0.0,0.0,0.0,0.0,0
1155.KL,30/9/2020,0.463968,0.492649,0.47867,0.028681,0.5,0.5,0.0,0.463968,0.928247,2
1155.KL,30/9/2021,-0.055382,0.405424,0.13377,0.460806,0.5,0.0,0.5,0.801561,0.833895,2
1155.KL,30/9/2022,-0.839965,0.01504,0.129954,0.855006,0.0,0.0,1.0,0.839965,0.855006,3
1155.KL,30/9/2023,-0.86363,0.043221,0.049929,0.906851,0.0,0.0,1.0,0.86363,0.906851,1
1155.KL,30/9/2024,0.0,0.0,0.0,0.0,0.0,0.0,0.0,0.0,0.0,0
1155.KL,30/9/2025,-0.211019,0.135923,0.517135,0.346942,0.333333,0.333333,0.333333,0.379818,0.786895,3
1155.KL,31/1/2020,-0.093386,0.166273,0.574068,0.259659,0.0,0.5,0.5,0.140101,0.710394,2
1155.KL,31/1/2021,0.0,0.0,0.0,0.0,0.0,0.0,0.0,0.0,0.0,0
1155.KL,31/1/2022,0.015723,0.047763,0.920198,0.03204,0.0,1.0,0.0,0.015723,0.920198,1
1155.KL,31/1/2023,-0.249972,0.308287,0.133454,0.558259,0.333333,0.0,0.666667,0.792543,0.829545,3
1155.KL,31/1/2024,-0.471207,0.105661,0.317472,0.576867,0.2,0.2,0.6,0.626066,0.848349,5
1155.KL,31/1/2025,0.0,0.0,0.0,0.0,0.0,0.0,0.0,0.0,0.0,0
1155.KL,31/1/2026,-0.005206,0.034347,0.9261,0.039553,0.0,1.0,0.0,0.005206,0.9261,1
1155.KL,31/10/2020,-0.891304,0.026421,0.055853,0.917726,0.0,0.0,1.0,0.891304,0.917726,2
1155.KL,31/10/2021,0.0,0.0,0.0,0.0,0.0,0.0,0.0,0.0,0.0,0
1155.KL,31/10/2022,0.250904,0.324697,0.60151,0.073793,0.333333,0.666667,0.0,0.250904,0.825473,3
1155.KL,31/10/2023,0.876428,0.89104,0.094349,0.014612,1.0,0.0,0.0,0.876428,0.89104,2
1155.KL,31/10/2024,-0.278802,0.032563,0.656072,0.311365,0.0,0.666667,0.333333,0.286912,0.880817,3
1155.KL,31/10/2025,0.23228,0.350953,0.530374,0.118673,0.6,0.3,0.1,0.401398,0.775273,10
1155.KL,31/12/2020,0.7526,0.776988,0.198625,0.024387,1.0,0.0,0.0,0.7526,0.776988,1
1155.KL,31/12/2021,0.072736,0.243926,0.584883,0.171191,0.5,0.5,0.0,0.117078,0.654532,2
1155.KL,31/12/2022,-0.401222,0.117043,0.364692,0.518265,0.25,0.0,0.75,0.578991,0.685691,4
1155.KL,31/12/2023,0.0,0.0,0.0,0.0,0.0,0.0,0.0,0.0,0.0,0
1155.KL,31/12/2024,-0.457278,0.253063,0.036596,0.710341,0.0,0.0,1.0,0.457278,0.710341,3
1155.KL,31/12/2025,0.876504,0.903088,0.070328,0.026584,1.0,0.0,0.0,0.876504,0.903088,2
1155.KL,31/3/2020,0.3497,0.364715,0.620269,0.015016,0.666667,0.333333,0.0,0.3497,0.882991,3
1155.KL,31/3/2021,-0.933191,0.022746,0.021317,0.955937,0.0,0.0,1.0,0.933191,0.955937,1
1155.KL,31/3/2022,-0.009488,0.020362,0.949788,0.02985,0.0,1.0,0.0,0.009488,0.949788,1
1155.KL,31/3/2023,-0.40507,0.072891,0.449148,0.477961,0.0,0.0,1.0,0.40507,0.579976,2
1155.KL,31/3/2024,0.0,0.0,0.0,0.0,0.0,0.0,0.0,0.0,0.0,0
1155.KL,31/3/2025,0.803979,0.892546,0.018888,0.088567,1.0,0.0,0.0,0.803979,0.892546,1
1155.KL,31/5/2020,0.0,0.0,0.0,0.0,0.0,0.0,0.0,0.0,0.0,0
1155.KL,31/5/2021,0.0,0.0,0.0,0.0,0.0,0.0,0.0,0.0,0.0,0
1155.KL,31/5/2022,-0.942111,0.015751,0.026387,0.957862,0.0,0.0,1.0,0.942111,0.957862,2
1155.KL,31/5/2023,0.446772,0.466107,0.514558,0.019335,1.0,0.0,0.0,0.446772,0.802663,2
1155.KL,31/5/2024,-0.421084,0.045981,0.486955,0.467065,0.0,0.5,0.5,0.45686,0.929558,2
1155.KL,31/5/2025,0.0,0.0,0.0,0.0,0.0,0.0,0.0,0.0,0.0,0
1155.KL,31/7/2020,0.466559,0.594376,0.277806,0.127818,1.0,0.0,0.0,0.466559,0.594376,1
1155.KL,31/7/2021,-0.959688,0.013417,0.013479,0.973105,0.0,0.0,1.0,0.959688,0.973105,1
1155.KL,31/7/2022,-0.018019,0.025321,0.931339,0.04334,0.0,1.0,0.0,0.018019,0.931339,1
1155.KL,31/7/2023,0.533348,0.570456,0.392437,0.037107,1.0,0.0,0.0,0.533348,0.820111,2
1155.KL,31/7/2024,-0.698065,0.103525,0.094885,0.80159,0.0,0.0,1.0,0.698065,0.80159,2
1155.KL,31/7/2025,0.0,0.0,0.0,0.0,0.0,0.0,0.0,0.0,0.0,0
1155.KL,31/8/2020,0.0,0.0,0.0,0.0,0.0,0.0,0.0,0.0,0.0,0
1155.KL,31/8/2021,0.0,0.0,0.0,0.0,0.0,0.0,0.0,0.0,0.0,0
1155.KL,31/8/2022,0.085755,0.334831,0.416093,0.249076,0.333333,0.333333,0.333333,0.538949,0.865397,3
1155.KL,31/8/2023,0.473907,0.495984,0.481939,0.022077,0.75,0.25,0.0,0.473907,0.737569,4
1155.KL,31/8/2024,0.0,0.0,0.0,0.0,0.0,0.0,0.0,0.0,0.0,0
1155.KL,31/8/2025,0.0,0.0,0.0,0.0,0.0,0.0,0.0,0.0,0.0,0
1155.KL,4/1/2020,0.0,0.0,0.0,0.0,0.0,0.0,0.0,0.0,0.0,0
1155.KL,4/1/2021,0.689701,0.825613,0.038475,0.135912,1.0,0.0,0.0,0.689701,0.825613,1
1155.KL,4/1/2022,-0.108584,0.153866,0.583684,0.26245,0.333333,0.0,0.666667,0.299726,0.583684,3
1155.KL,4/1/2023,-0.937966,0.011136,0.039762,0.949102,0.0,0.0,1.0,0.937966,0.949102,1
1155.KL,4/1/2024,0.325429,0.373359,0.578712,0.04793,0.4,0.6,0.0,0.325429,0.90663,5
1155.KL,4/1/2025,0.0,0.0,0.0,0.0,0.0,0.0,0.0,0.0,0.0,0
1155.KL,4/1/2026,0.0,0.0,0.0,0.0,0.0,0.0,0.0,0.0,0.0,0
1155.KL,4/10/2020,0.0,0.0,0.0,0.0,0.0,0.0,0.0,0.0,0.0,0
1155.KL,4/10/2021,0.0,0.0,0.0,0.0,0.0,0.0,0.0,0.0,0.0,0
1155.KL,4/10/2022,0.051675,0.308355,0.434965,0.25668,0.5,0.25,0.25,0.503417,0.887439,4
1155.KL,4/10/2023,-0.056864,0.458443,0.026249,0.515308,0.5,0.0,0.5,0.885116,0.929433,2
1155.KL,4/10/2024,0.448299,0.460526,0.527246,0.012228,0.5,0.5,0.0,0.448299,0.91748,2
1155.KL,4/10/2025,0.039804,0.059103,0.921598,0.019299,0.0,1.0,0.0,0.039804,0.921598,1
1155.KL,4/11/2020,0.88602,0.897255,0.091509,0.011236,1.0,0.0,0.0,0.88602,0.897255,1
1155.KL,4/11/2021,0.0,0.0,0.0,0.0,0.0,0.0,0.0,0.0,0.0,0
1155.KL,4/11/2022,0.714234,0.834131,0.045972,0.119897,1.0,0.0,0.0,0.714234,0.834131,2
1155.KL,4/11/2023,0.900134,0.926772,0.046589,0.026638,1.0,0.0,0.0,0.900134,0.926772,1
1155.KL,4/11/2024,0.0,0.0,0.0,0.0,0.0,0.0,0.0,0.0,0.0,0
1155.KL,4/11/2025,-0.460608,0.103222,0.332947,0.563831,0.0,0.333333,0.666667,0.460608,0.861969,3
1155.KL,4/12/2020,0.423693,0.476336,0.471022,0.052642,0.5,0.5,0.0,0.423693,0.862165,4
1155.KL,4/12/2021,0.0,0.0,0.0,0.0,0.0,0.0,0.0,0.0,0.0,0
1155.KL,4/12/2022,0.0,0.0,0.0,0.0,0.0,0.0,0.0,0.0,0.0,0
1155.KL,4/12/2023,-0.716587,0.037942,0.20753,0.754528,0.0,0.0,1.0,0.716587,0.754528,1
1155.KL,4/12/2024,0.100043,0.383191,0.333662,0.283148,0.5,0.0,0.5,0.580991,0.783732,4
1155.KL,4/12/2025,0.566328,0.583923,0.398482,0.017595,1.0,0.0,0.0,0.566328,0.676715,3
1155.KL,4/2/2020,-0.871173,0.017169,0.09449,0.888341,0.0,0.0,1.0,0.871173,0.888341,1
1155.KL,4/2/2021,-0.885607,0.014963,0.084467,0.90057,0.0,0.0,1.0,0.885607,0.90057,1
1155.KL,4/2/2022,0.910931,0.936798,0.037335,0.025867,1.0,0.0,0.0,0.910931,0.936798,1
1155.KL,4/2/2023,0.0,0.0,0.0,0.0,0.0,0.0,0.0,0.0,0.0,0
1155.KL,4/2/2024,0.729002,0.75879,0.211422,0.029788,1.0,0.0,0.0,0.729002,0.75879,1
1155.KL,4/2/2025,-0.016601,0.468322,0.046755,0.484923,0.5,0.0,0.5,0.928073,0.940659,2
1155.KL,4/2/2026,0.881836,0.9148,0.052236,0.032964,1.0,0.0,0.0,0.881836,0.9148,1
1155.KL,4/3/2020,-0.12802,0.229985,0.412011,0.358005,0.25,0.25,0.5,0.484368,0.833471,4
1155.KL,4/3/2021,0.026666,0.392952,0.240763,0.366285,0.0,1.0,0.0,0.026666,0.392952,1
1155.KL,4/3/2022,-0.047631,0.459667,0.033035,0.507298,0.5,0.0,0.5,0.892765,0.929865,2
1155.KL,4/3/2023,0.098867,0.143664,0.81154,0.044796,0.0,1.0,0.0,0.098867,0.81154,1
1155.KL,4/3/2024,0.374826,0.428086,0.518653,0.053261,0.857143,0.142857,0.0,0.374826,0.774116,7
1155.KL,4/3/2025,-0.360342,0.184055,0.271547,0.544398,0.285714,0.142857,0.571429,0.688873,0.832913,7
1155.KL,4/3/2026,-0.910565,0.030744,0.027948,0.941308,0.0,0.0,1.0,0.910565,0.941308,1
1155.KL,4/4/2020,0.178226,0.203716,0.770795,0.025489,1.0,0.0,0.0,0.178226,0.770795,1
1155.KL,4/4/2021,0.0,0.0,0.0,0.0,0.0,0.0,0.0,0.0,0.0,0
1155.KL,4/4/2022,0.0,0.0,0.0,0.0,0.0,0.0,0.0,0.0,0.0,0
1155.KL,4/4/2023,0.661951,0.673868,0.314215,0.011917,1.0,0.0,0.0,0.661951,0.673868,1
1155.KL,4/4/2024,0.043819,0.342408,0.359003,0.298589,0.333333,0.333333,0.333333,0.606908,0.9198,3
1155.KL,4/4/2025,-0.238269,0.255161,0.251409,0.49343,0.333333,0.0,0.666667,0.639777,0.694184,3
1155.KL,4/5/2020,-0.308073,0.041182,0.609563,0.349255,0.0,0.0,1.0,0.308073,0.609563,1
1155.KL,4/5/2021,0.0,0.0,0.0,0.0,0.0,0.0,0.0,0.0,0.0,0
1155.KL,4/5/2022,0.0,0.0,0.0,0.0,0.0,0.0,0.0,0.0,0.0,0
1155.KL,4/5/2023,-0.874218,0.055656,0.014471,0.929873,0.0,0.0,1.0,0.874218,0.929873,1
1155.KL,4/5/2024,0.020166,0.052684,0.914798,0.032518,0.0,1.0,0.0,0.020166,0.914798,1
1155.KL,4/5/2025,0.0,0.0,0.0,0.0,0.0,0.0,0.0,0.0,0.0,0
1155.KL,4/6/2020,-0.111514,0.134591,0.619305,0.246105,0.0,0.5,0.5,0.146989,0.700802,2
1155.KL,4/6/2021,-0.900899,0.017976,0.063148,0.918876,0.0,0.0,1.0,0.900899,0.918876,5
1155.KL,4/6/2022,0.0,0.0,0.0,0.0,0.0,0.0,0.0,0.0,0.0,0
1155.KL,4/6/2023,0.0,0.0,0.0,0.0,0.0,0.0,0.0,0.0,0.0,0
1155.KL,4/6/2024,0.878909,0.890813,0.097282,0.011904,1.0,0.0,0.0,0.878909,0.890813,2
1155.KL,4/6/2025,-0.095286,0.374593,0.155528,0.469879,0.5,0.0,0.5,0.803737,0.824104,2
1155.KL,4/7/2020,0.334067,0.432454,0.469158,0.098388,0.5,0.5,0.0,0.3768,0.851342,6
1155.KL,4/7/2021,0.0,0.0,0.0,0.0,0.0,0.0,0.0,0.0,0.0,0
1155.KL,4/7/2022,-0.538583,0.018835,0.423747,0.557418,0.0,0.0,1.0,0.538583,0.90075,2
1155.KL,4/7/2023,-0.337031,0.309678,0.043614,0.646709,0.333333,0.0,0.666667,0.905554,0.93097,3
1155.KL,4/7/2024,-0.797332,0.087979,0.02671,0.885311,0.0,0.0,1.0,0.797332,0.885311,1
1155.KL,4/7/2025,0.006615,0.255915,0.494786,0.2493,0.25,0.5,0.25,0.456788,0.919721,4
1155.KL,4/8/2020,0.475065,0.714658,0.045748,0.239594,1.0,0.0,0.0,0.475065,0.714658,1
1155.KL,4/8/2021,0.0,0.0,0.0,0.0,0.0,0.0,0.0,0.0,0.0,0
1155.KL,4/8/2022,0.287116,0.294362,0.698392,0.007246,1.0,0.0,0.0,0.287116,0.698392,1
1155.KL,4/8/2023,0.283558,0.328112,0.627334,0.044554,0.333333,0.666667,0.0,0.295176,0.919573,3
1155.KL,4/8/2024,0.0,0.0,0.0,0.0,0.0,0.0,0.0,0.0,0.0,0
1155.KL,4/8/2025,0.117891,0.511441,0.09501,0.393549,1.0,0.0,0.0,0.117891,0.511441,1
1155.KL,4/9/2020,0.394437,0.52356,0.347317,0.129123,0.666667,0.333333,0.0,0.394437,0.733637,3
1155.KL,4/9/2021,0.0,0.0,0.0,0.0,0.0,0.0,0.0,0.0,0.0,0
1155.KL,4/9/2022,0.0,0.0,0.0,0.0,0.0,0.0,0.0,0.0,0.0,0
1155.KL,4/9/2023,0.072843,0.11147,0.849903,0.038627,0.0,1.0,0.0,0.072843,0.849903,1
1155.KL,4/9/2024,0.596196,0.741247,0.113702,0.145051,1.0,0.0,0.0,0.596196,0.741247,1
1155.KL,4/9/2025,0.106546,0.487367,0.131811,0.380821,0.5,0.0,0.5,0.800722,0.834455,2
1155.KL,5/1/2020,0.0,0.0,0.0,0.0,0.0,0.0,0.0,0.0,0.0,0
1155.KL,5/1/2021,-0.957173,0.011018,0.020791,0.968191,0.0,0.0,1.0,0.957173,0.968191,2
1155.KL,5/1/2022,0.439802,0.480427,0.478948,0.040625,0.5,0.5,0.0,0.439802,0.909576,2
1155.KL,5/1/2023,-0.738381,0.024592,0.212434,0.762974,0.0,0.0,1.0,0.738381,0.762974,2
1155.KL,5/1/2024,0.851342,0.895198,0.060947,0.043855,1.0,0.0,0.0,0.851342,0.895198,2
1155.KL,5/1/2025,0.0,0.0,0.0,0.0,0.0,0.0,0.0,0.0,0.0,0
1155.KL,5/1/2026,0.360186,0.436553,0.48708,0.076367,0.5,0.5,0.0,0.365148,0.857577,4
1155.KL,5/10/2020,0.090044,0.104119,0.881805,0.014075,0.0,1.0,0.0,0.090044,0.881805,1
1155.KL,5/10/2021,0.103125,0.24973,0.603664,0.146605,0.4,0.2,0.4,0.311561,0.760865,5
1155.KL,5/10/2022,0.665336,0.694818,0.2757,0.029482,1.0,0.0,0.0,0.665336,0.863882,3
1155.KL,5/10/2023,0.025767,0.050022,0.925723,0.024255,0.0,1.0,0.0,0.025767,0.925723,1
1155.KL,5/10/2024,0.0,0.0,0.0,0.0,0.0,0.0,0.0,0.0,0.0,0
1155.KL,5/10/2025,0.0,0.0,0.0,0.0,0.0,0.0,0.0,0.0,0.0,0
1155.KL,5/11/2020,0.1133,0.446565,0.220169,0.333266,0.5,0.0,0.5,0.546269,0.66305,2
1155.KL,5/11/2021,0.0,0.0,0.0,0.0,0.0,0.0,0.0,0.0,0.0,0
1155.KL,5/11/2022,0.56312,0.698977,0.165166,0.135857,1.0,0.0,0.0,0.56312,0.698977,1
1155.KL,5/11/2023,0.087819,0.101324,0.885171,0.013505,0.5,0.5,0.0,0.087819,0.885171,2
1155.KL,5/11/2024,0.647137,0.7051,0.236937,0.057963,1.0,0.0,0.0,0.647137,0.790168,3
1155.KL,5/11/2025,-0.617497,0.101443,0.179616,0.71894,0.25,0.0,0.75,0.78456,0.876216,4
1155.KL,5/12/2020,0.366404,0.394575,0.577254,0.028171,1.0,0.0,0.0,0.366404,0.577254,1
1155.KL,5/12/2021,0.0,0.0,0.0,0.0,0.0,0.0,0.0,0.0,0.0,0
1155.KL,5/12/2022,0.652569,0.689894,0.272782,0.037324,1.0,0.0,0.0,0.652569,0.860963,3
1155.KL,5/12/2023,0.332335,0.537106,0.258123,0.204771,0.8,0.0,0.2,0.715669,0.839161,5
1155.KL,5/12/2024,0.922183,0.943415,0.035352,0.021233,1.0,0.0,0.0,0.922183,0.943415,1
1155.KL,5/12/2025,-0.557755,0.048724,0.344797,0.606479,0.0,0.0,1.0,0.557755,0.814273,2
1155.KL,5/2/2020,-0.254201,0.060753,0.624293,0.314954,0.0,0.666667,0.333333,0.346875,0.906073,3
1155.KL,5/2/2021,-0.363981,0.136354,0.363312,0.500335,0.25,0.0,0.75,0.602483,0.633537,4
1155.KL,5/2/2022,0.0,0.0,0.0,0.0,0.0,0.0,0.0,0.0,0.0,0
1155.KL,5/2/2023,0.0,0.0,0.0,0.0,0.0,0.0,0.0,0.0,0.0,0
1155.KL,5/2/2024,0.116022,0.542764,0.030494,0.426742,0.5,0.0,0.5,0.816494,0.893,2
1155.KL,5/2/2025,0.67036,0.802281,0.065797,0.131922,1.0,0.0,0.0,0.67036,0.802281,2
1155.KL,5/2/2026,0.847282,0.899802,0.047679,0.05252,1.0,0.0,0.0,0.847282,0.899802,2
1155.KL,5/3/2020,-0.02309,0.226445,0.524021,0.249534,0.5,0.0,0.5,0.222488,0.626655,2
1155.KL,5/3/2021,0.332148,0.354982,0.622183,0.022834,0.333333,0.666667,0.0,0.332148,0.928825,3
1155.KL,5/3/2022,-0.503336,0.107726,0.281211,0.611062,0.333333,0.0,0.666667,0.692862,0.83606,3
1155.KL,5/3/2023,0.761433,0.782344,0.196745,0.020911,1.0,0.0,0.0,0.761433,0.782344,1
1155.KL,5/3/2024,0.853922,0.896713,0.060495,0.042791,1.0,0.0,0.0,0.853922,0.896713,1
1155.KL,5/3/2025,0.01938,0.455726,0.107927,0.436346,0.5,0.0,0.5,0.800721,0.846397,2
1155.KL,5/3/2026,0.783919,0.853814,0.076291,0.069895,1.0,0.0,0.0,0.783919,0.853814,3
1155.KL,5/4/2020,-0.857714,0.018967,0.104351,0.876682,0.0,0.0,1.0,0.857714,0.876682,1
1155.KL,5/4/2021,0.0,0.0,0.0,0.0,0.0,0.0,0.0,0.0,0.0,0
1155.KL,5/4/2022,-0.388658,0.144416,0.322509,0.533074,0.0,0.0,1.0,0.388658,0.533074,1
1155.KL,5/4/2023,0.0,0.0,0.0,0.0,0.0,0.0,0.0,0.0,0.0,0
1155.KL,5/4/2024,0.0,0.0,0.0,0.0,0.0,0.0,0.0,0.0,0.0,0
1155.KL,5/4/2025,0.008239,0.065998,0.876243,0.057759,0.0,1.0,0.0,0.008239,0.876243,1
1155.KL,5/5/2020,0.083115,0.290627,0.50186,0.207512,0.0,1.0,0.0,0.083115,0.50186,1
1155.KL,5/5/2021,0.0,0.0,0.0,0.0,0.0,0.0,0.0,0.0,0.0,0
1155.KL,5/5/2022,-0.273741,0.230564,0.265131,0.504305,0.5,0.0,0.5,0.640025,0.856005,4
1155.KL,5/5/2023,-0.137998,0.416429,0.029144,0.554427,0.0,0.0,1.0,0.137998,0.554427,1
1155.KL,5/5/2024,0.0,0.0,0.0,0.0,0.0,0.0,0.0,0.0,0.0,0
1155.KL,5/5/2025,-0.286551,0.158928,0.395593,0.445479,0.5,0.0,0.5,0.553037,0.755558,4
1155.KL,5/6/2020,0.0,0.0,0.0,0.0,0.0,0.0,0.0,0.0,0.0,0
1155.KL,5/6/2021,-0.907181,0.030775,0.03127,0.937956,0.0,0.0,1.0,0.907181,0.937956,1
1155.KL,5/6/2022,0.0,0.0,0.0,0.0,0.0,0.0,0.0,0.0,0.0,0
1155.KL,5/6/2023,0.0,0.0,0.0,0.0,0.0,0.0,0.0,0.0,0.0,0
1155.KL,5/6/2024,-0.937079,0.016271,0.03038,0.95335,0.0,0.0,1.0,0.937079,0.95335,1
1155.KL,5/6/2025,-0.077872,0.438314,0.045501,0.516185,0.5,0.0,0.5,0.796469,0.875484,2
1155.KL,5/7/2020,0.0,0.0,0.0,0.0,0.0,0.0,0.0,0.0,0.0,0
1155.KL,5/7/2021,0.224194,0.231937,0.76032,0.007743,1.0,0.0,0.0,0.224194,0.76032,2
1155.KL,5/7/2022,0.061603,0.281189,0.499226,0.219586,0.333333,0.166667,0.5,0.4244,0.769445,6
1155.KL,5/7/2023,0.410039,0.550994,0.308051,0.140955,0.75,0.25,0.0,0.410081,0.776361,4
1155.KL,5/7/2024,-0.83486,0.06556,0.03402,0.90042,0.0,0.0,1.0,0.83486,0.90042,2
1155.KL,5/7/2025,0.0,0.0,0.0,0.0,0.0,0.0,0.0,0.0,0.0,0
1155.KL,5/8/2020,0.7171,0.753559,0.209981,0.036459,1.0,0.0,0.0,0.7171,0.753559,1
1155.KL,5/8/2021,-0.344791,0.113813,0.427584,0.458603,0.333333,0.0,0.666667,0.511473,0.700654,3
1155.KL,5/8/2022,0.0,0.0,0.0,0.0,0.0,0.0,0.0,0.0,0.0,0
1155.KL,5/8/2023,0.431004,0.464549,0.501906,0.033545,0.5,0.5,0.0,0.431004,0.922546,2
1155.KL,5/8/2024,-0.509318,0.036329,0.418024,0.545647,0.0,0.0,1.0,0.509318,0.83665,2
1155.KL,5/8/2025,-0.240687,0.271326,0.216662,0.512012,0.4,0.0,0.6,0.736672,0.824596,5
1155.KL,5/9/2020,0.0,0.0,0.0,0.0,0.0,0.0,0.0,0.0,0.0,0
1155.KL,5/9/2021,0.0,0.0,0.0,0.0,0.0,0.0,0.0,0.0,0.0,0
1155.KL,5/9/2022,0.690696,0.698666,0.293364,0.00797,1.0,0.0,0.0,0.690696,0.698666,1
1155.KL,5/9/2023,0.0,0.0,0.0,0.0,0.0,0.0,0.0,0.0,0.0,0
1155.KL,5/9/2024,0.305089,0.613112,0.078866,0.308023,1.0,0.0,0.0,0.305089,0.613112,1
1155.KL,5/9/2025,0.111253,0.12385,0.863554,0.012596,1.0,0.0,0.0,0.111253,0.863554,1
1155.KL,6/1/2020,0.0,0.0,0.0,0.0,0.0,0.0,0.0,0.0,0.0,0
1155.KL,6/1/2021,-0.909014,0.026337,0.038312,0.935351,0.0,0.0,1.0,0.909014,0.935351,1
1155.KL,6/1/2022,0.0,0.0,0.0,0.0,0.0,0.0,0.0,0.0,0.0,0
1155.KL,6/1/2023,0.0,0.0,0.0,0.0,0.0,0.0,0.0,0.0,0.0,0
1155.KL,6/1/2024,0.0,0.0,0.0,0.0,0.0,0.0,0.0,0.0,0.0,0
1155.KL,6/1/2025,0.030854,0.379586,0.271683,0.348732,0.666667,0.0,0.333333,0.649984,0.857384,3
1155.KL,6/1/2026,0.722199,0.819728,0.082743,0.097529,1.0,0.0,0.0,0.722199,0.819728,2
1155.KL,6/10/2020,0.344471,0.438548,0.467375,0.094077,0.5,0.0,0.5,0.482169,0.815639,2
1155.KL,6/10/2021,0.507595,0.551462,0.40467,0.043868,0.6,0.4,0.0,0.519028,0.896526,5
1155.KL,6/10/2022,0.906601,0.933987,0.038626,0.027387,1.0,0.0,0.0,0.906601,0.933987,2
1155.KL,6/10/2023,-0.534208,0.187023,0.091745,0.721231,0.333333,0.0,0.666667,0.702943,0.805599,3
1155.KL,6/10/2024,0.299524,0.384914,0.529695,0.085391,1.0,0.0,0.0,0.299524,0.529695,1
1155.KL,6/10/2025,0.064807,0.389922,0.284963,0.325115,0.666667,0.0,0.333333,0.683602,0.858382,3
1155.KL,6/11/2020,0.19356,0.474785,0.24399,0.281225,1.0,0.0,0.0,0.19356,0.474785,1
1155.KL,6/11/2021,0.0,0.0,0.0,0.0,0.0,0.0,0.0,0.0,0.0,0
1155.KL,6/11/2022,0.0,0.0,0.0,0.0,0.0,0.0,0.0,0.0,0.0,0
1155.KL,6/11/2023,-0.946099,0.018179,0.017543,0.964278,0.0,0.0,1.0,0.946099,0.964278,1
1155.KL,6/11/2024,0.7321,0.831662,0.068775,0.099562,1.0,0.0,0.0,0.7321,0.831662,2
1155.KL,6/11/2025,0.58204,0.608787,0.364466,0.026747,0.666667,0.333333,0.0,0.592405,0.910764,3
1155.KL,6/12/2020,0.0,0.0,0.0,0.0,0.0,0.0,0.0,0.0,0.0,0
1155.KL,6/12/2021,0.0,0.0,0.0,0.0,0.0,0.0,0.0,0.0,0.0,0
1155.KL,6/12/2022,0.641054,0.784611,0.071832,0.143557,1.0,0.0,0.0,0.641054,0.784611,1
1155.KL,6/12/2023,0.576669,0.589607,0.397454,0.012939,1.0,0.0,0.0,0.576669,0.589607,1
1155.KL,6/12/2024,0.471287,0.5032,0.464887,0.031913,0.5,0.5,0.0,0.471287,0.90171,2
1155.KL,6/12/2025,-0.397906,0.077453,0.447188,0.475359,0.5,0.0,0.5,0.519822,0.899706,2
1155.KL,6/2/2020,0.55255,0.584067,0.384416,0.031517,0.8,0.2,0.0,0.55255,0.835542,5
1155.KL,6/2/2021,0.0,0.0,0.0,0.0,0.0,0.0,0.0,0.0,0.0,0
1155.KL,6/2/2022,0.0,0.0,0.0,0.0,0.0,0.0,0.0,0.0,0.0,0
1155.KL,6/2/2023,0.0,0.0,0.0,0.0,0.0,0.0,0.0,0.0,0.0,0
1155.KL,6/2/2024,0.0,0.0,0.0,0.0,0.0,0.0,0.0,0.0,0.0,0
1155.KL,6/2/2025,0.519601,0.548183,0.423235,0.028582,1.0,0.0,0.0,0.519601,0.883583,2
1155.KL,6/2/2026,-0.073446,0.298903,0.328747,0.37235,0.571429,0.0,0.428571,0.629582,0.765262,7
1155.KL,6/3/2020,-0.925919,0.020171,0.03374,0.946089,0.0,0.0,1.0,0.925919,0.946089,1
1155.KL,6/3/2021,-0.52969,0.028138,0.414035,0.557827,0.0,0.0,1.0,0.52969,0.865594,2
1155.KL,6/3/2022,0.0,0.0,0.0,0.0,0.0,0.0,0.0,0.0,0.0,0
1155.KL,6/3/2023,0.0,0.0,0.0,0.0,0.0,0.0,0.0,0.0,0.0,0
1155.KL,6/3/2024,0.0,0.0,0.0,0.0,0.0,0.0,0.0,0.0,0.0,0
1155.KL,6/3/2025,-0.823101,0.072151,0.032597,0.895252,0.0,0.0,1.0,0.823101,0.895252,3
1155.KL,6/3/2026,-0.426428,0.250561,0.072451,0.676989,0.0,0.5,0.5,0.515023,0.721286,2
1155.KL,6/4/2020,0.076616,0.100803,0.87501,0.024187,0.0,1.0,0.0,0.076616,0.87501,1
1155.KL,6/4/2021,0.0,0.0,0.0,0.0,0.0,0.0,0.0,0.0,0.0,0
1155.KL,6/4/2022,-0.3833,0.094507,0.427686,0.477807,0.5,0.0,0.5,0.533246,0.890309,2
1155.KL,6/4/2023,0.130259,0.468925,0.192408,0.338667,0.5,0.0,0.5,0.656061,0.731826,2
1155.KL,6/4/2024,0.63059,0.798848,0.032894,0.168258,1.0,0.0,0.0,0.63059,0.798848,1
1155.KL,6/4/2025,0.0,0.0,0.0,0.0,0.0,0.0,0.0,0.0,0.0,0
1155.KL,6/5/2020,0.012668,0.351582,0.309504,0.338914,0.666667,0.0,0.333333,0.623083,0.890201,3
1155.KL,6/5/2021,0.94253,0.959247,0.024035,0.016718,1.0,0.0,0.0,0.94253,0.959247,1
1155.KL,6/5/2022,-0.860071,0.035258,0.069414,0.895328,0.0,0.0,1.0,0.860071,0.895328,2
1155.KL,6/5/2023,0.0,0.0,0.0,0.0,0.0,0.0,0.0,0.0,0.0,0
1155.KL,6/5/2024,0.026785,0.054699,0.917387,0.027914,0.0,1.0,0.0,0.026785,0.917387,1
1155.KL,6/5/2025,-0.061602,0.169395,0.599607,0.230997,0.166667,0.5,0.333333,0.348926,0.863249,6
1155.KL,6/6/2020,0.0,0.0,0.0,0.0,0.0,0.0,0.0,0.0,0.0,0
1155.KL,6/6/2021,0.121711,0.139775,0.842161,0.018064,0.5,0.5,0.0,0.121711,0.842161,2
1155.KL,6/6/2022,0.0,0.0,0.0,0.0,0.0,0.0,0.0,0.0,0.0,0
1155.KL,6/6/2023,0.0,0.0,0.0,0.0,0.0,0.0,0.0,0.0,0.0,0
1155.KL,6/6/2024,0.223963,0.426652,0.370659,0.202689,0.5,0.0,0.5,0.463946,0.654997,2
1155.KL,6/6/2025,0.0,0.0,0.0,0.0,0.0,0.0,0.0,0.0,0.0,0
1155.KL,6/7/2020,0.060942,0.073789,0.913363,0.012847,0.0,1.0,0.0,0.060942,0.913363,1
1155.KL,6/7/2021,0.855191,0.862991,0.129209,0.0078,1.0,0.0,0.0,0.855191,0.862991,1
1155.KL,6/7/2022,-0.457321,0.032097,0.478484,0.489418,0.0,0.5,0.5,0.457321,0.92242,2
1155.KL,6/7/2023,-0.17059,0.253658,0.322093,0.424249,0.25,0.25,0.5,0.6139,0.844057,4
1155.KL,6/7/2024,0.261213,0.565901,0.129412,0.304688,0.666667,0.0,0.333333,0.837455,0.854022,3
1155.KL,6/7/2025,0.0,0.0,0.0,0.0,0.0,0.0,0.0,0.0,0.0,0
1155.KL,6/8/2020,0.835297,0.875479,0.084339,0.040182,1.0,0.0,0.0,0.835297,0.875479,1
1155.KL,6/8/2021,-0.732681,0.040452,0.186414,0.773134,0.0,0.0,1.0,0.732681,0.773134,2
1155.KL,6/8/2022,0.0,0.0,0.0,0.0,0.0,0.0,0.0,0.0,0.0,0
1155.KL,6/8/2023,0.0,0.0,0.0,0.0,0.0,0.0,0.0,0.0,0.0,0
1155.KL,6/8/2024,-0.010255,0.038067,0.91361,0.048323,0.0,1.0,0.0,0.036849,0.91361,2
1155.KL,6/8/2025,0.368542,0.386877,0.594787,0.018335,0.666667,0.333333,0.0,0.368542,0.88871,3
1155.KL,6/9/2020,0.0,0.0,0.0,0.0,0.0,0.0,0.0,0.0,0.0,0
1155.KL,6/9/2021,0.758255,0.78772,0.182816,0.029464,1.0,0.0,0.0,0.758255,0.78772,1
1155.KL,6/9/2022,0.863448,0.907435,0.048577,0.043987,1.0,0.0,0.0,0.863448,0.907435,2
1155.KL,6/9/2023,0.428197,0.544427,0.339343,0.11623,0.666667,0.0,0.333333,0.539187,0.795062,3
1155.KL,6/9/2024,0.172117,0.457171,0.257775,0.285054,0.666667,0.0,0.333333,0.565531,0.767645,3
1155.KL,6/9/2025,0.0,0.0,0.0,0.0,0.0,0.0,0.0,0.0,0.0,0
1155.KL,7/1/2020,-0.002121,0.484671,0.028536,0.486792,0.5,0.0,0.5,0.94067,0.956067,2
1155.KL,7/1/2021,0.537912,0.582381,0.373151,0.044468,1.0,0.0,0.0,0.537912,0.582381,1
1155.KL,7/1/2022,-0.266314,0.049824,0.634037,0.316139,0.0,0.0,1.0,0.266314,0.634037,1
1155.KL,7/1/2023,-0.01672,0.024734,0.933812,0.041454,0.0,1.0,0.0,0.01672,0.933812,1
1155.KL,7/1/2024,0.0,0.0,0.0,0.0,0.0,0.0,0.0,0.0,0.0,0
1155.KL,7/1/2025,0.899486,0.908123,0.08324,0.008637,1.0,0.0,0.0,0.899486,0.908123,1
1155.KL,7/1/2026,-0.626715,0.105364,0.162557,0.732079,0.0,0.0,1.0,0.626715,0.732079,1
1155.KL,7/10/2020,-0.107212,0.309494,0.2738,0.416706,0.333333,0.0,0.666667,0.677356,0.824819,3
1155.KL,7/10/2021,0.762391,0.77062,0.221151,0.008229,1.0,0.0,0.0,0.762391,0.77062,2
1155.KL,7/10/2022,0.119387,0.324624,0.470139,0.205237,0.4,0.4,0.2,0.497577,0.856936,5
1155.KL,7/10/2023,0.0,0.0,0.0,0.0,0.0,0.0,0.0,0.0,0.0,0
1155.KL,7/10/2024,0.79175,0.877236,0.037279,0.085485,1.0,0.0,0.0,0.79175,0.877236,1
1155.KL,7/10/2025,-0.093044,0.244769,0.417418,0.337813,0.333333,0.333333,0.333333,0.532794,0.841941,3
1155.KL,7/11/2020,0.434571,0.48279,0.468991,0.048219,0.5,0.5,0.0,0.480685,0.920195,2
1155.KL,7/11/2021,0.0,0.0,0.0,0.0,0.0,0.0,0.0,0.0,0.0,0
1155.KL,7/11/2022,0.881579,0.902764,0.076051,0.021185,1.0,0.0,0.0,0.881579,0.902764,2
1155.KL,7/11/2023,0.214963,0.58755,0.039863,0.372587,0.5,0.0,0.5,0.646453,0.803295,2
1155.KL,7/11/2024,0.044958,0.237397,0.570163,0.19244,0.333333,0.333333,0.333333,0.15331,0.737873,3
1155.KL,7/11/2025,0.494292,0.546947,0.400397,0.052655,0.75,0.25,0.0,0.494292,0.753418,4
1155.KL,7/12/2020,0.0,0.0,0.0,0.0,0.0,0.0,0.0,0.0,0.0,0
1155.KL,7/12/2021,0.413718,0.688703,0.036312,0.274985,0.75,0.0,0.25,0.87734,0.920514,4
1155.KL,7/12/2022,-0.101794,0.354533,0.18914,0.456327,0.333333,0.0,0.666667,0.670174,0.759874,3
1155.KL,7/12/2023,-0.24476,0.325285,0.10467,0.570045,0.333333,0.0,0.666667,0.848712,0.872021,3
1155.KL,7/12/2024,-0.945064,0.017216,0.020504,0.96228,0.0,0.0,1.0,0.945064,0.96228,1
1155.KL,7/12/2025,0.0,0.0,0.0,0.0,0.0,0.0,0.0,0.0,0.0,0
1155.KL,7/2/2020,0.584758,0.744227,0.096305,0.159468,0.75,0.0,0.25,0.687593,0.795644,4
1155.KL,7/2/2021,0.0,0.0,0.0,0.0,0.0,0.0,0.0,0.0,0.0,0
1155.KL,7/2/2022,-0.082263,0.382558,0.152622,0.46482,0.5,0.0,0.5,0.816433,0.831905,2
1155.KL,7/2/2023,0.0,0.0,0.0,0.0,0.0,0.0,0.0,0.0,0.0,0
1155.KL,7/2/2024,0.007578,0.284061,0.439456,0.276483,0.0,1.0,0.0,0.036095,0.640182,2
1155.KL,7/2/2025,-0.038033,0.464752,0.032463,0.502785,0.5,0.0,0.5,0.904476,0.936007,2
1155.KL,7/2/2026,0.638222,0.759849,0.118525,0.121626,1.0,0.0,0.0,0.638222,0.759849,1
1155.KL,7/3/2020,-0.471861,0.025339,0.477462,0.4972,0.0,0.5,0.5,0.471861,0.938551,2
1155.KL,7/3/2021,0.0,0.0,0.0,0.0,0.0,0.0,0.0,0.0,0.0,0
1155.KL,7/3/2022,-0.244787,0.314356,0.126501,0.559143,0.333333,0.0,0.666667,0.729722,0.80161,3
1155.KL,7/3/2023,0.414556,0.486161,0.442234,0.071605,0.75,0.25,0.0,0.414556,0.728475,4
1155.KL,7/3/2024,-0.202807,0.1869,0.423393,0.389707,0.6,0.0,0.4,0.449524,0.733261,5
1155.KL,7/3/2025,0.047671,0.296184,0.455304,0.248512,0.5,0.25,0.25,0.514934,0.831297,4
1155.KL,7/3/2026,0.303338,0.314566,0.674207,0.011227,1.0,0.0,0.0,0.303338,0.674207,3
1155.KL,7/4/2020,0.228242,0.512495,0.203252,0.284253,0.75,0.0,0.25,0.626509,0.711628,4
1155.KL,7/4/2021,-0.074501,0.322507,0.280486,0.397007,0.333333,0.0,0.666667,0.69518,0.894057,3
1155.KL,7/4/2022,-0.81316,0.031408,0.124025,0.844567,0.0,0.0,1.0,0.81316,0.844567,1
1155.KL,7/4/2023,0.0,0.0,0.0,0.0,0.0,0.0,0.0,0.0,0.0,0
1155.KL,7/4/2024,-0.909309,0.016647,0.057397,0.925956,0.0,0.0,1.0,0.909309,0.925956,1
1155.KL,7/4/2025,-0.041902,0.447754,0.062591,0.489655,0.5,0.0,0.5,0.875843,0.906626,2
1155.KL,7/5/2020,-0.323379,0.170161,0.3363,0.493539,0.5,0.0,0.5,0.614792,0.811516,2
1155.KL,7/5/2021,0.229578,0.580619,0.06834,0.351041,0.5,0.0,0.5,0.646492,0.789076,2
1155.KL,7/5/2022,-0.361509,0.127113,0.384264,0.488623,0.5,0.0,0.5,0.551348,0.817383,2
1155.KL,7/5/2023,0.0,0.0,0.0,0.0,0.0,0.0,0.0,0.0,0.0,0
1155.KL,7/5/2024,0.010181,0.063744,0.882693,0.053563,0.0,1.0,0.0,0.010181,0.882693,1
1155.KL,7/5/2025,0.0,0.0,0.0,0.0,0.0,0.0,0.0,0.0,0.0,0
1155.KL,7/6/2020,0.0,0.0,0.0,0.0,0.0,0.0,0.0,0.0,0.0,0
1155.KL,7/6/2021,0.0,0.0,0.0,0.0,0.0,0.0,0.0,0.0,0.0,0
1155.KL,7/6/2022,-0.905778,0.027098,0.040026,0.932876,0.0,0.0,1.0,0.905778,0.932876,1
1155.KL,7/6/2023,0.0,0.0,0.0,0.0,0.0,0.0,0.0,0.0,0.0,0
1155.KL,7/6/2024,0.280364,0.289873,0.700619,0.009509,1.0,0.0,0.0,0.280364,0.700619,1
1155.KL,7/6/2025,0.0,0.0,0.0,0.0,0.0,0.0,0.0,0.0,0.0,0
1155.KL,7/7/2020,0.697624,0.717986,0.261652,0.020362,1.0,0.0,0.0,0.697624,0.825784,5
1155.KL,7/7/2021,-0.672004,0.015702,0.296592,0.687706,0.0,0.0,1.0,0.672004,0.766014,2
1155.KL,7/7/2022,-0.058356,0.297684,0.346276,0.35604,0.25,0.25,0.5,0.507308,0.806881,4
1155.KL,7/7/2023,-0.374981,0.265078,0.094862,0.64006,0.166667,0.166667,0.666667,0.635658,0.770398,6
1155.KL,7/7/2024,0.140288,0.167768,0.804753,0.02748,0.5,0.5,0.0,0.159119,0.804753,2
1155.KL,7/7/2025,0.151734,0.524063,0.103607,0.37233,1.0,0.0,0.0,0.151734,0.524063,1
1155.KL,7/8/2020,0.045151,0.3619,0.32135,0.316749,0.333333,0.333333,0.333333,0.631036,0.912177,3
1155.KL,7/8/2021,-0.925699,0.022581,0.029138,0.948281,0.0,0.0,1.0,0.925699,0.948281,1
1155.KL,7/8/2022,0.0,0.0,0.0,0.0,0.0,0.0,0.0,0.0,0.0,0
1155.KL,7/8/2023,0.106401,0.477981,0.150438,0.37158,0.5,0.0,0.5,0.801583,0.825572,2
1155.KL,7/8/2024,0.891076,0.918592,0.053892,0.027516,1.0,0.0,0.0,0.891076,0.918592,2
1155.KL,7/8/2025,0.920077,0.944858,0.030361,0.024781,1.0,0.0,0.0,0.920077,0.944858,2
1155.KL,7/9/2020,0.0,0.0,0.0,0.0,0.0,0.0,0.0,0.0,0.0,0
1155.KL,7/9/2021,0.129993,0.141548,0.846897,0.011555,1.0,0.0,0.0,0.129993,0.846897,1
1155.KL,7/9/2022,0.000777,0.35182,0.297137,0.351043,0.5,0.0,0.5,0.309653,0.54649,2
1155.KL,7/9/2023,0.841763,0.886944,0.067875,0.045181,1.0,0.0,0.0,0.841763,0.886944,2
1155.KL,7/9/2024,0.0,0.0,0.0,0.0,0.0,0.0,0.0,0.0,0.0,0
1155.KL,7/9/2025,0.0,0.0,0.0,0.0,0.0,0.0,0.0,0.0,0.0,0
1155.KL,8/1/2020,0.034524,0.054788,0.924949,0.020263,0.0,1.0,0.0,0.034524,0.924949,2
1155.KL,8/1/2021,0.344147,0.370243,0.603661,0.026096,1.0,0.0,0.0,0.344147,0.603661,1
1155.KL,8/1/2022,0.417269,0.676432,0.064405,0.259163,1.0,0.0,0.0,0.417269,0.676432,1
1155.KL,8/1/2023,0.0,0.0,0.0,0.0,0.0,0.0,0.0,0.0,0.0,0
1155.KL,8/1/2024,0.011777,0.384549,0.242679,0.372772,0.5,0.0,0.5,0.737222,0.747272,2
1155.KL,8/1/2025,0.873342,0.881531,0.11028,0.008189,1.0,0.0,0.0,0.873342,0.881531,3
1155.KL,8/1/2026,0.775443,0.786854,0.201736,0.01141,1.0,0.0,0.0,0.775443,0.786854,2
1155.KL,8/10/2020,-0.952435,0.010449,0.026668,0.962883,0.0,0.0,1.0,0.952435,0.962883,1
1155.KL,8/10/2021,0.357981,0.596004,0.165974,0.238022,0.666667,0.0,0.333333,0.628701,0.731364,3
1155.KL,8/10/2022,0.0,0.0,0.0,0.0,0.0,0.0,0.0,0.0,0.0,0
1155.KL,8/10/2023,0.0,0.0,0.0,0.0,0.0,0.0,0.0,0.0,0.0,0
1155.KL,8/10/2024,-0.160257,0.050864,0.738015,0.211121,0.0,0.0,1.0,0.160257,0.738015,1
1155.KL,8/10/2025,0.0,0.0,0.0,0.0,0.0,0.0,0.0,0.0,0.0,0
1155.KL,8/11/2020,0.0,0.0,0.0,0.0,0.0,0.0,0.0,0.0,0.0,0
1155.KL,8/11/2021,0.098026,0.131898,0.83423,0.033872,0.333333,0.666667,0.0,0.098026,0.83423,3
1155.KL,8/11/2022,0.722298,0.746476,0.229346,0.024178,1.0,0.0,0.0,0.722298,0.771292,3
1155.KL,8/11/2023,0.45271,0.562408,0.327894,0.109698,0.833333,0.166667,0.0,0.458156,0.707293,6
1155.KL,8/11/2024,0.040861,0.053698,0.933465,0.012837,0.0,1.0,0.0,0.040861,0.933465,1
1155.KL,8/11/2025,0.0,0.0,0.0,0.0,0.0,0.0,0.0,0.0,0.0,0
1155.KL,8/12/2020,0.0,0.0,0.0,0.0,0.0,0.0,0.0,0.0,0.0,0
1155.KL,8/12/2021,-0.394079,0.056869,0.492183,0.450948,0.0,0.5,0.5,0.450521,0.907123,2
1155.KL,8/12/2022,0.274869,0.571184,0.1325,0.296315,0.5,0.0,0.5,0.625069,0.746284,2
1155.KL,8/12/2023,-0.003631,0.031694,0.93298,0.035326,0.0,1.0,0.0,0.003631,0.93298,1
1155.KL,8/12/2024,0.0,0.0,0.0,0.0,0.0,0.0,0.0,0.0,0.0,0
1155.KL,8/12/2025,0.02058,0.443792,0.132996,0.423212,0.5,0.0,0.5,0.510971,0.688988,2
1155.KL,8/2/2020,0.499568,0.52819,0.443188,0.028622,1.0,0.0,0.0,0.499568,0.891598,2
1155.KL,8/2/2021,0.313842,0.323512,0.666818,0.00967,0.5,0.5,0.0,0.313842,0.714002,2
1155.KL,8/2/2022,0.559426,0.668297,0.222831,0.108872,1.0,0.0,0.0,0.559426,0.724867,4
1155.KL,8/2/2023,0.0,0.0,0.0,0.0,0.0,0.0,0.0,0.0,0.0,0
1155.KL,8/2/2024,-0.780669,0.060629,0.098073,0.841298,0.0,0.0,1.0,0.780669,0.841298,1
1155.KL,8/2/2025,0.880209,0.908096,0.064017,0.027887,1.0,0.0,0.0,0.880209,0.908096,1
1155.KL,8/2/2026,0.0,0.0,0.0,0.0,0.0,0.0,0.0,0.0,0.0,0
1155.KL,8/3/2020,0.012985,0.473238,0.066509,0.460253,0.5,0.0,0.5,0.903352,0.918421,2
1155.KL,8/3/2021,0.0,0.0,0.0,0.0,0.0,0.0,0.0,0.0,0.0,0
1155.KL,8/3/2022,0.184099,0.252009,0.680082,0.06791,1.0,0.0,0.0,0.184099,0.680082,1
1155.KL,8/3/2023,0.308671,0.339028,0.630616,0.030357,0.666667,0.333333,0.0,0.308671,0.801976,3
1155.KL,8/3/2024,0.520913,0.561714,0.397484,0.040801,0.75,0.25,0.0,0.520913,0.77941,4
1155.KL,8/3/2025,0.0,0.0,0.0,0.0,0.0,0.0,0.0,0.0,0.0,0
1155.KL,8/3/2026,0.0,0.0,0.0,0.0,0.0,0.0,0.0,0.0,0.0,0
1155.KL,8/4/2020,0.037126,0.503363,0.030401,0.466236,0.5,0.0,0.5,0.885322,0.927461,2
1155.KL,8/4/2021,0.519939,0.558335,0.403268,0.038397,0.6,0.4,0.0,0.544739,0.882618,5
1155.KL,8/4/2022,0.368779,0.414583,0.539612,0.045805,0.5,0.5,0.0,0.41568,0.853141,2
1155.KL,8/4/2023,0.0,0.0,0.0,0.0,0.0,0.0,0.0,0.0,0.0,0
1155.KL,8/4/2024,0.0,0.0,0.0,0.0,0.0,0.0,0.0,0.0,0.0,0
1155.KL,8/4/2025,-0.295879,0.33069,0.042742,0.626568,0.333333,0.0,0.666667,0.888207,0.922732,3
1155.KL,8/5/2020,-0.913453,0.014773,0.057,0.928226,0.0,0.0,1.0,0.913453,0.928226,1
1155.KL,8/5/2021,0.700842,0.711304,0.278233,0.010463,1.0,0.0,0.0,0.700842,0.711304,2
1155.KL,8/5/2022,0.039514,0.059597,0.92032,0.020083,0.0,1.0,0.0,0.039514,0.92032,2
1155.KL,8/5/2023,-0.298952,0.086078,0.528893,0.38503,0.0,0.5,0.5,0.377829,0.806469,2
1155.KL,8/5/2024,0.705538,0.716695,0.272148,0.011157,1.0,0.0,0.0,0.705538,0.851419,3
1155.KL,8/5/2025,0.0,0.0,0.0,0.0,0.0,0.0,0.0,0.0,0.0,0
1155.KL,8/6/2020,-0.785648,0.046257,0.121839,0.831905,0.0,0.0,1.0,0.785648,0.831905,1
1155.KL,8/6/2021,-0.227714,0.259592,0.253101,0.487306,0.5,0.0,0.5,0.6115,0.69053,4
1155.KL,8/6/2022,-0.566558,0.096297,0.240848,0.662855,0.2,0.0,0.8,0.713792,0.776834,5
1155.KL,8/6/2023,0.0,0.0,0.0,0.0,0.0,0.0,0.0,0.0,0.0,0
1155.KL,8/6/2024,0.0,0.0,0.0,0.0,0.0,0.0,0.0,0.0,0.0,0
1155.KL,8/6/2025,0.0,0.0,0.0,0.0,0.0,0.0,0.0,0.0,0.0,0
1155.KL,8/7/2020,-0.126021,0.243564,0.386852,0.369584,0.285714,0.142857,0.571429,0.360129,0.722794,7
1155.KL,8/7/2021,-0.076815,0.33085,0.261485,0.407665,0.333333,0.0,0.666667,0.699703,0.836587,3
1155.KL,8/7/2022,0.03032,0.41887,0.192579,0.388551,0.5,0.0,0.5,0.714653,0.761037,4
1155.KL,8/7/2023,-0.579452,0.056308,0.307932,0.63576,0.333333,0.0,0.666667,0.669646,0.911519,3
1155.KL,8/7/2024,0.0,0.0,0.0,0.0,0.0,0.0,0.0,0.0,0.0,0
1155.KL,8/7/2025,0.912062,0.926184,0.059695,0.014122,1.0,0.0,0.0,0.912062,0.926184,1
1155.KL,8/8/2020,0.08455,0.488757,0.107035,0.404207,0.5,0.0,0.5,0.812845,0.852905,2
1155.KL,8/8/2021,0.0,0.0,0.0,0.0,0.0,0.0,0.0,0.0,0.0,0
1155.KL,8/8/2022,-0.438878,0.214603,0.131916,0.653481,0.0,0.5,0.5,0.438878,0.653481,2
1155.KL,8/8/2023,0.0,0.0,0.0,0.0,0.0,0.0,0.0,0.0,0.0,0
1155.KL,8/8/2024,0.407601,0.468417,0.470767,0.060816,0.5,0.5,0.0,0.420013,0.838354,4
1155.KL,8/8/2025,0.855409,0.880051,0.095306,0.024642,1.0,0.0,0.0,0.855409,0.880051,2
1155.KL,8/9/2020,0.601713,0.637584,0.326546,0.03587,1.0,0.0,0.0,0.601713,0.637584,3
1155.KL,8/9/2021,0.0,0.0,0.0,0.0,0.0,0.0,0.0,0.0,0.0,0
1155.KL,8/9/2022,-0.032917,0.419514,0.128054,0.452431,0.5,0.0,0.5,0.845294,0.85862,2
1155.KL,8/9/2023,0.0,0.0,0.0,0.0,0.0,0.0,0.0,0.0,0.0,0
1155.KL,8/9/2024,0.0,0.0,0.0,0.0,0.0,0.0,0.0,0.0,0.0,0
1155.KL,8/9/2025,0.282501,0.611056,0.060389,0.328555,0.75,0.0,0.25,0.759116,0.849364,4
1155.KL,9/1/2020,-0.440706,0.264252,0.03079,0.704958,0.0,0.5,0.5,0.509055,0.739132,2
1155.KL,9/1/2021,0.804648,0.84921,0.106228,0.044562,1.0,0.0,0.0,0.804648,0.84921,1
1155.KL,9/1/2022,0.0,0.0,0.0,0.0,0.0,0.0,0.0,0.0,0.0,0
1155.KL,9/1/2023,0.326173,0.412414,0.501345,0.086241,0.5,0.5,0.0,0.392006,0.844524,2
1155.KL,9/1/2024,0.567566,0.577706,0.412153,0.01014,1.0,0.0,0.0,0.567566,0.796192,3
1155.KL,9/1/2025,-0.438336,0.107818,0.346029,0.546153,0.333333,0.0,0.666667,0.616145,0.781134,3
1155.KL,9/1/2026,0.125331,0.53981,0.045712,0.414479,0.5,0.0,0.5,0.780248,0.867268,2
1155.KL,9/10/2020,0.123289,0.13276,0.857768,0.009472,0.5,0.5,0.0,0.123289,0.857768,2
1155.KL,9/10/2021,0.0,0.0,0.0,0.0,0.0,0.0,0.0,0.0,0.0,0
1155.KL,9/10/2022,0.0,0.0,0.0,0.0,0.0,0.0,0.0,0.0,0.0,0
1155.KL,9/10/2023,0.0,0.0,0.0,0.0,0.0,0.0,0.0,0.0,0.0,0
1155.KL,9/10/2024,0.381401,0.445117,0.491166,0.063716,0.5,0.5,0.0,0.381401,0.8608,2
1155.KL,9/10/2025,0.004408,0.493375,0.017659,0.488966,0.5,0.0,0.5,0.906677,0.944509,2
1155.KL,9/11/2020,0.656696,0.676163,0.304371,0.019466,1.0,0.0,0.0,0.656696,0.676163,1
1155.KL,9/11/2021,0.142896,0.151458,0.83998,0.008562,1.0,0.0,0.0,0.142896,0.83998,1
1155.KL,9/11/2022,0.74563,0.84235,0.060931,0.09672,1.0,0.0,0.0,0.74563,0.84235,3
1155.KL,9/11/2023,-0.376224,0.052255,0.519266,0.428479,0.0,0.375,0.625,0.395062,0.855516,8
1155.KL,9/11/2024,0.459856,0.553947,0.351962,0.094091,1.0,0.0,0.0,0.459856,0.553947,1
1155.KL,9/11/2025,0.129545,0.217703,0.694139,0.088158,1.0,0.0,0.0,0.129545,0.694139,1
1155.KL,9/12/2020,0.316983,0.576961,0.163062,0.259978,0.666667,0.0,0.333333,0.619971,0.728455,3
1155.KL,9/12/2021,0.889337,0.930636,0.028065,0.041299,1.0,0.0,0.0,0.889337,0.930636,2
1155.KL,9/12/2022,0.664903,0.673555,0.317793,0.008652,1.0,0.0,0.0,0.664903,0.673555,1
1155.KL,9/12/2023,0.0,0.0,0.0,0.0,0.0,0.0,0.0,0.0,0.0,0
1155.KL,9/12/2024,-0.456017,0.022726,0.498531,0.478743,0.0,0.5,0.5,0.456017,0.908838,2
1155.KL,9/12/2025,0.287308,0.394798,0.497711,0.107491,0.5,0.5,0.0,0.292238,0.851661,2
1155.KL,9/2/2020,0.0,0.0,0.0,0.0,0.0,0.0,0.0,0.0,0.0,0
1155.KL,9/2/2021,0.0,0.0,0.0,0.0,0.0,0.0,0.0,0.0,0.0,0
1155.KL,9/2/2022,0.882652,0.917846,0.046959,0.035195,1.0,0.0,0.0,0.882652,0.917846,2
1155.KL,9/2/2023,-0.435403,0.066719,0.431159,0.502122,0.0,0.333333,0.666667,0.435403,0.716086,3
1155.KL,9/2/2024,0.165642,0.481386,0.202869,0.315745,0.5,0.0,0.5,0.643206,0.720169,2
1155.KL,9/2/2025,0.0,0.0,0.0,0.0,0.0,0.0,0.0,0.0,0.0,0
1155.KL,9/2/2026,0.857044,0.866086,0.124872,0.009042,1.0,0.0,0.0,0.857044,0.866086,2
1155.KL,9/3/2020,0.099189,0.197023,0.705143,0.097834,0.333333,0.666667,0.0,0.099189,0.769311,3
1155.KL,9/3/2021,-0.198989,0.05273,0.695551,0.251719,0.0,0.5,0.5,0.198989,0.695551,2
1155.KL,9/3/2022,0.0,0.0,0.0,0.0,0.0,0.0,0.0,0.0,0.0,0
1155.KL,9/3/2023,-0.328274,0.151569,0.368588,0.479843,0.5,0.0,0.5,0.597825,0.821652,4
1155.KL,9/3/2024,0.044895,0.062882,0.919131,0.017987,0.0,1.0,0.0,0.044895,0.919131,1
1155.KL,9/3/2025,0.0,0.0,0.0,0.0,0.0,0.0,0.0,0.0,0.0,0
1155.KL,9/3/2026,-0.928444,0.021874,0.027808,0.950318,0.0,0.0,1.0,0.928444,0.950318,2
1155.KL,9/4/2020,0.488924,0.692584,0.103756,0.20366,1.0,0.0,0.0,0.488924,0.692584,2
1155.KL,9/4/2021,0.0,0.0,0.0,0.0,0.0,0.0,0.0,0.0,0.0,0
1155.KL,9/4/2022,0.827432,0.884794,0.057844,0.057362,1.0,0.0,0.0,0.827432,0.884794,1
1155.KL,9/4/2023,0.0,0.0,0.0,0.0,0.0,0.0,0.0,0.0,0.0,0
1155.KL,9/4/2024,0.560023,0.68564,0.188744,0.125617,1.0,0.0,0.0,0.560023,0.68564,1
1155.KL,9/4/2025,-0.224187,0.157455,0.460902,0.381643,0.0,0.75,0.25,0.23714,0.790385,4
1155.KL,9/5/2020,0.930177,0.949044,0.032088,0.018868,1.0,0.0,0.0,0.930177,0.949044,1
1155.KL,9/5/2021,0.0,0.0,0.0,0.0,0.0,0.0,0.0,0.0,0.0,0
1155.KL,9/5/2022,-0.531402,0.09925,0.270098,0.630652,0.0,0.0,1.0,0.531402,0.630652,1
1155.KL,9/5/2023,-0.674755,0.103686,0.117873,0.778441,0.0,0.0,1.0,0.674755,0.778441,2
1155.KL,9/5/2024,0.0,0.0,0.0,0.0,0.0,0.0,0.0,0.0,0.0,0
1155.KL,9/5/2025,0.0,0.0,0.0,0.0,0.0,0.0,0.0,0.0,0.0,0
1155.KL,9/6/2020,0.0,0.0,0.0,0.0,0.0,0.0,0.0,0.0,0.0,0
1155.KL,9/6/2021,0.0,0.0,0.0,0.0,0.0,0.0,0.0,0.0,0.0,0
1155.KL,9/6/2022,-0.445872,0.036697,0.480735,0.482568,0.0,0.5,0.5,0.49255,0.941525,2
1155.KL,9/6/2023,-0.003805,0.035236,0.925724,0.03904,0.0,1.0,0.0,0.003805,0.925724,1
1155.KL,9/6/2024,0.0,0.0,0.0,0.0,0.0,0.0,0.0,0.0,0.0,0
1155.KL,9/6/2025,0.892612,0.933339,0.025933,0.040728,1.0,0.0,0.0,0.892612,0.933339,1
1155.KL,9/7/2020,0.214679,0.467324,0.280031,0.252645,0.5,0.25,0.25,0.666842,0.913258,4
1155.KL,9/7/2021,0.283116,0.593583,0.095949,0.310467,0.666667,0.0,0.333333,0.725394,0.814722,3
1155.KL,9/7/2022,-0.90717,0.01397,0.06489,0.92114,0.0,0.0,1.0,0.90717,0.92114,1
1155.KL,9/7/2023,0.0,0.0,0.0,0.0,0.0,0.0,0.0,0.0,0.0,0
1155.KL,9/7/2024,0.024691,0.038937,0.946817,0.014246,0.0,1.0,0.0,0.024691,0.946817,1
1155.KL,9/7/2025,0.051856,0.293758,0.46434,0.241902,0.5,0.5,0.0,0.108935,0.649978,2
1155.KL,9/8/2020,0.0,0.0,0.0,0.0,0.0,0.0,0.0,0.0,0.0,0
1155.KL,9/8/2021,0.225403,0.527846,0.169711,0.302443,0.5,0.0,0.5,0.686597,0.758443,2
1155.KL,9/8/2022,-0.425714,0.077025,0.420237,0.502738,0.0,0.0,1.0,0.425714,0.502738,1
1155.KL,9/8/2023,0.056784,0.069381,0.918022,0.012597,0.0,1.0,0.0,0.056784,0.918022,1
1155.KL,9/8/2024,-0.593637,0.0182,0.369964,0.611836,0.0,0.0,1.0,0.593637,0.611836,1
1155.KL,9/8/2025,0.0,0.0,0.0,0.0,0.0,0.0,0.0,0.0,0.0,0
1155.KL,9/9/2020,-0.770206,0.045838,0.138118,0.816044,0.0,0.0,1.0,0.770206,0.816044,1
1155.KL,9/9/2021,-0.925893,0.020702,0.032703,0.946595,0.0,0.0,1.0,0.925893,0.946595,1
1155.KL,9/9/2022,0.188714,0.462499,0.263717,0.273785,0.5,0.25,0.25,0.647765,0.895663,4
1155.KL,9/9/2023,-0.096513,0.228848,0.445792,0.32536,0.0,0.5,0.5,0.096513,0.554714,2
1155.KL,9/9/2024,-0.338765,0.316245,0.028746,0.655009,0.5,0.0,0.5,0.600845,0.78605,2
1155.KL,9/9/2025,0.290711,0.469203,0.352304,0.178493,0.5,0.0,0.5,0.508617,0.769962,2
