ticker,trading_day,sentiment_score_title,prob_pos_title,prob_neu_title,prob_neg_title,dir_positive_title,dir_neutral_title,dir_negative_title,confidence_title,strength_title,article_count
5211.KL,1/1/2020,0.115723,0.154934,0.805855,0.039211,1.0,0.0,0.0,0.115723,0.805855,1
5211.KL,1/1/2021,0.926458,0.950115,0.026228,0.023657,1.0,0.0,0.0,0.926458,0.950115,1
5211.KL,1/1/2022,0.0,0.0,0.0,0.0,0.0,0.0,0.0,0.0,0.0,0
5211.KL,1/1/2023,0.068664,0.106434,0.855796,0.03777,0.0,1.0,0.0,0.068664,0.855796,1
5211.KL,1/1/2024,0.200481,0.213331,0.773818,0.01285,1.0,0.0,0.0,0.200481,0.773818,1
5211.KL,1/1/2025,0.280562,0.492209,0.296143,0.211647,0.5,0.0,0.5,0.646263,0.741872,2
5211.KL,1/1/2026,0.203591,0.234202,0.735188,0.030611,0.5,0.5,0.0,0.224383,0.735188,2
5211.KL,1/10/2020,0.135252,0.151506,0.83224,0.016254,0.333333,0.666667,0.0,0.135252,0.83224,3
5211.KL,1/10/2021,0.264553,0.276334,0.711885,0.011781,1.0,0.0,0.0,0.264553,0.711885,1
5211.KL,1/10/2022,0.760624,0.771256,0.218112,0.010632,1.0,0.0,0.0,0.760624,0.771256,1
5211.KL,1/10/2023,0.0,0.0,0.0,0.0,0.0,0.0,0.0,0.0,0.0,0
5211.KL,1/10/2024,0.384282,0.506596,0.37109,0.122314,0.666667,0.333333,0.0,0.384282,0.778247,3
5211.KL,1/10/2025,0.165371,0.176096,0.813179,0.010725,0.5,0.5,0.0,0.165371,0.813179,2
5211.KL,1/11/2020,0.0,0.0,0.0,0.0,0.0,0.0,0.0,0.0,0.0,0
5211.KL,1/11/2021,0.125166,0.139282,0.846602,0.014116,1.0,0.0,0.0,0.125166,0.846602,1
5211.KL,1/11/2022,0.143757,0.153698,0.836361,0.009941,1.0,0.0,0.0,0.143757,0.836361,1
5211.KL,1/11/2023,0.121543,0.137094,0.847354,0.015552,1.0,0.0,0.0,0.121543,0.847354,1
5211.KL,1/11/2024,0.024916,0.038756,0.947404,0.01384,0.0,1.0,0.0,0.024916,0.947404,1
5211.KL,1/11/2025,-0.516074,0.026651,0.430625,0.542725,0.0,0.0,1.0,0.516074,0.542725,1
5211.KL,1/12/2020,0.084875,0.096325,0.892224,0.011451,0.0,1.0,0.0,0.084875,0.892224,1
5211.KL,1/12/2021,0.042257,0.058503,0.925252,0.016245,0.0,1.0,0.0,0.042257,0.925252,1
5211.KL,1/12/2022,0.027013,0.043794,0.939425,0.016781,0.0,1.0,0.0,0.027013,0.939425,1
5211.KL,1/12/2023,0.393848,0.404956,0.583937,0.011108,0.5,0.5,0.0,0.393848,0.850764,2
5211.KL,1/12/2024,0.0,0.0,0.0,0.0,0.0,0.0,0.0,0.0,0.0,0
5211.KL,1/12/2025,0.415569,0.466855,0.48186,0.051286,0.5,0.5,0.0,0.415569,0.887878,2
5211.KL,1/2/2020,0.0,0.0,0.0,0.0,0.0,0.0,0.0,0.0,0.0,0
5211.KL,1/2/2021,0.360176,0.375655,0.608866,0.015479,1.0,0.0,0.0,0.360176,0.635463,3
5211.KL,1/2/2022,0.793809,0.816633,0.160542,0.022825,1.0,0.0,0.0,0.793809,0.816633,1
5211.KL,1/2/2023,0.0,0.0,0.0,0.0,0.0,0.0,0.0,0.0,0.0,0
5211.KL,1/2/2024,0.121765,0.137023,0.84772,0.015257,1.0,0.0,0.0,0.121765,0.84772,1
5211.KL,1/2/2025,0.0,0.0,0.0,0.0,0.0,0.0,0.0,0.0,0.0,0
5211.KL,1/2/2026,0.906003,0.91581,0.074383,0.009807,1.0,0.0,0.0,0.906003,0.91581,1
5211.KL,1/3/2020,0.122148,0.132723,0.856703,0.010575,1.0,0.0,0.0,0.122148,0.856703,1
5211.KL,1/3/2021,0.0,0.0,0.0,0.0,0.0,0.0,0.0,0.0,0.0,0
5211.KL,1/3/2022,0.0,0.0,0.0,0.0,0.0,0.0,0.0,0.0,0.0,0
5211.KL,1/3/2023,0.033266,0.104752,0.823761,0.071487,0.0,1.0,0.0,0.033266,0.823761,1
5211.KL,1/3/2024,0.613348,0.623831,0.365685,0.010483,1.0,0.0,0.0,0.613348,0.623831,1
5211.KL,1/3/2025,0.0,0.0,0.0,0.0,0.0,0.0,0.0,0.0,0.0,0
5211.KL,1/3/2026,0.0,0.0,0.0,0.0,0.0,0.0,0.0,0.0,0.0,0
5211.KL,1/4/2020,0.0,0.0,0.0,0.0,0.0,0.0,0.0,0.0,0.0,0
5211.KL,1/4/2021,0.0,0.0,0.0,0.0,0.0,0.0,0.0,0.0,0.0,0
5211.KL,1/4/2022,0.0,0.0,0.0,0.0,0.0,0.0,0.0,0.0,0.0,0
5211.KL,1/4/2023,0.797294,0.817114,0.163067,0.01982,1.0,0.0,0.0,0.797294,0.817114,1
5211.KL,1/4/2024,0.105666,0.244287,0.617092,0.138621,0.5,0.0,0.5,0.285959,0.617092,2
5211.KL,1/4/2025,0.0,0.0,0.0,0.0,0.0,0.0,0.0,0.0,0.0,0
5211.KL,1/5/2020,0.912251,0.924888,0.062474,0.012637,1.0,0.0,0.0,0.912251,0.924888,1
5211.KL,1/5/2021,0.0,0.0,0.0,0.0,0.0,0.0,0.0,0.0,0.0,0
5211.KL,1/5/2022,0.0,0.0,0.0,0.0,0.0,0.0,0.0,0.0,0.0,0
5211.KL,1/5/2023,0.891219,0.899283,0.092654,0.008064,1.0,0.0,0.0,0.891219,0.899283,1
5211.KL,1/5/2024,0.0,0.0,0.0,0.0,0.0,0.0,0.0,0.0,0.0,0
5211.KL,1/5/2025,0.634833,0.659038,0.316756,0.024205,1.0,0.0,0.0,0.634833,0.659038,1
5211.KL,1/6/2020,0.0,0.0,0.0,0.0,0.0,0.0,0.0,0.0,0.0,0
5211.KL,1/6/2021,0.0,0.0,0.0,0.0,0.0,0.0,0.0,0.0,0.0,0
5211.KL,1/6/2022,0.445123,0.45704,0.531042,0.011917,0.5,0.5,0.0,0.445123,0.862307,2
5211.KL,1/6/2023,0.84292,0.862711,0.117498,0.019791,1.0,0.0,0.0,0.84292,0.862711,1
5211.KL,1/6/2024,0.669555,0.776068,0.117418,0.106513,1.0,0.0,0.0,0.669555,0.776068,1
5211.KL,1/6/2025,0.0,0.0,0.0,0.0,0.0,0.0,0.0,0.0,0.0,0
5211.KL,1/7/2020,0.0,0.0,0.0,0.0,0.0,0.0,0.0,0.0,0.0,0
5211.KL,1/7/2021,0.0,0.0,0.0,0.0,0.0,0.0,0.0,0.0,0.0,0
5211.KL,1/7/2022,0.259436,0.545727,0.167981,0.286292,0.666667,0.0,0.333333,0.748841,0.79043,3
5211.KL,1/7/2023,-0.849049,0.019187,0.112578,0.868236,0.0,0.0,1.0,0.849049,0.868236,1
5211.KL,1/7/2024,0.901758,0.917703,0.066353,0.015944,1.0,0.0,0.0,0.901758,0.917703,1
5211.KL,1/7/2025,0.120389,0.142139,0.836112,0.02175,1.0,0.0,0.0,0.120389,0.836112,1
5211.KL,1/8/2020,0.0,0.0,0.0,0.0,0.0,0.0,0.0,0.0,0.0,0
5211.KL,1/8/2021,0.0,0.0,0.0,0.0,0.0,0.0,0.0,0.0,0.0,0
5211.KL,1/8/2022,0.0,0.0,0.0,0.0,0.0,0.0,0.0,0.0,0.0,0
5211.KL,1/8/2023,0.210033,0.222655,0.764722,0.012622,1.0,0.0,0.0,0.210033,0.764722,1
5211.KL,1/8/2024,0.117684,0.500558,0.116568,0.382874,0.5,0.0,0.5,0.670762,0.777097,2
5211.KL,1/8/2025,0.0,0.0,0.0,0.0,0.0,0.0,0.0,0.0,0.0,0
5211.KL,1/9/2020,0.688396,0.69773,0.292935,0.009334,1.0,0.0,0.0,0.688396,0.69773,1
5211.KL,1/9/2021,0.0,0.0,0.0,0.0,0.0,0.0,0.0,0.0,0.0,0
5211.KL,1/9/2022,0.53449,0.542971,0.448548,0.008481,1.0,0.0,0.0,0.53449,0.542971,1
5211.KL,1/9/2023,0.0,0.0,0.0,0.0,0.0,0.0,0.0,0.0,0.0,0
5211.KL,1/9/2024,0.0,0.0,0.0,0.0,0.0,0.0,0.0,0.0,0.0,0
5211.KL,1/9/2025,0.0,0.0,0.0,0.0,0.0,0.0,0.0,0.0,0.0,0
5211.KL,10/1/2020,0.0,0.0,0.0,0.0,0.0,0.0,0.0,0.0,0.0,0
5211.KL,10/1/2021,0.0,0.0,0.0,0.0,0.0,0.0,0.0,0.0,0.0,0
5211.KL,10/1/2022,-0.193176,0.048589,0.709646,0.241765,0.0,0.0,1.0,0.193176,0.709646,1
5211.KL,10/1/2023,0.913937,0.933018,0.047901,0.019081,1.0,0.0,0.0,0.913937,0.933018,1
5211.KL,10/1/2024,0.006031,0.026057,0.953917,0.020026,0.0,1.0,0.0,0.006031,0.953917,1
5211.KL,10/1/2025,0.439046,0.449599,0.539849,0.010553,0.5,0.5,0.0,0.439046,0.846581,2
5211.KL,10/1/2026,0.0,0.0,0.0,0.0,0.0,0.0,0.0,0.0,0.0,0
5211.KL,10/10/2020,0.070449,0.098433,0.873583,0.027984,0.0,1.0,0.0,0.070449,0.873583,1
5211.KL,10/10/2021,0.0,0.0,0.0,0.0,0.0,0.0,0.0,0.0,0.0,0
5211.KL,10/10/2022,0.0,0.0,0.0,0.0,0.0,0.0,0.0,0.0,0.0,0
5211.KL,10/10/2023,0.0,0.0,0.0,0.0,0.0,0.0,0.0,0.0,0.0,0
5211.KL,10/10/2024,0.815138,0.86317,0.088798,0.048032,1.0,0.0,0.0,0.815138,0.86317,1
5211.KL,10/10/2025,0.611895,0.622261,0.367372,0.010367,1.0,0.0,0.0,0.611895,0.622261,1
5211.KL,10/11/2020,-0.904601,0.011929,0.071542,0.91653,0.0,0.0,1.0,0.904601,0.91653,1
5211.KL,10/11/2021,0.551699,0.563281,0.425138,0.011581,0.8,0.2,0.0,0.551699,0.778989,5
5211.KL,10/11/2022,0.196346,0.207016,0.782313,0.010671,1.0,0.0,0.0,0.196346,0.782313,1
5211.KL,10/11/2023,0.0,0.0,0.0,0.0,0.0,0.0,0.0,0.0,0.0,0
5211.KL,10/11/2024,0.0,0.0,0.0,0.0,0.0,0.0,0.0,0.0,0.0,0
5211.KL,10/11/2025,0.121348,0.132456,0.856435,0.011108,0.5,0.5,0.0,0.121348,0.856435,2
5211.KL,10/12/2020,0.0,0.0,0.0,0.0,0.0,0.0,0.0,0.0,0.0,0
5211.KL,10/12/2021,0.0,0.0,0.0,0.0,0.0,0.0,0.0,0.0,0.0,0
5211.KL,10/12/2022,0.093224,0.110605,0.872014,0.017381,0.5,0.5,0.0,0.093224,0.872014,2
5211.KL,10/12/2023,0.091092,0.126034,0.839025,0.034941,0.5,0.5,0.0,0.091092,0.839025,2
5211.KL,10/12/2024,0.0,0.0,0.0,0.0,0.0,0.0,0.0,0.0,0.0,0
5211.KL,10/12/2025,0.023026,0.056658,0.909711,0.033631,0.0,1.0,0.0,0.023026,0.909711,1
5211.KL,10/2/2020,-0.277748,0.036622,0.649008,0.31437,0.0,0.0,1.0,0.277748,0.649008,1
5211.KL,10/2/2021,0.058467,0.073061,0.912345,0.014594,0.0,1.0,0.0,0.058467,0.912345,2
5211.KL,10/2/2022,0.246165,0.253868,0.738429,0.007703,1.0,0.0,0.0,0.246165,0.738429,1
5211.KL,10/2/2023,0.0,0.0,0.0,0.0,0.0,0.0,0.0,0.0,0.0,0
5211.KL,10/2/2024,0.0,0.0,0.0,0.0,0.0,0.0,0.0,0.0,0.0,0
5211.KL,10/2/2025,0.280345,0.296285,0.687776,0.015939,0.333333,0.666667,0.0,0.280345,0.885612,3
5211.KL,10/2/2026,0.224688,0.236732,0.751223,0.012044,1.0,0.0,0.0,0.224688,0.751223,2
5211.KL,10/3/2020,0.158373,0.172175,0.814023,0.013802,0.5,0.5,0.0,0.158373,0.814023,2
5211.KL,10/3/2021,0.940102,0.953555,0.032992,0.013453,1.0,0.0,0.0,0.940102,0.953555,1
5211.KL,10/3/2022,0.04745,0.068962,0.909526,0.021512,0.0,1.0,0.0,0.04745,0.909526,1
5211.KL,10/3/2023,0.0,0.0,0.0,0.0,0.0,0.0,0.0,0.0,0.0,0
5211.KL,10/3/2024,0.156911,0.170393,0.816124,0.013482,1.0,0.0,0.0,0.156911,0.816124,1
5211.KL,10/3/2025,0.668116,0.729958,0.2082,0.061842,1.0,0.0,0.0,0.668116,0.729958,2
5211.KL,10/3/2026,0.033833,0.050277,0.933279,0.016444,0.0,1.0,0.0,0.033833,0.933279,2
5211.KL,10/4/2020,0.0,0.0,0.0,0.0,0.0,0.0,0.0,0.0,0.0,0
5211.KL,10/4/2021,0.0,0.0,0.0,0.0,0.0,0.0,0.0,0.0,0.0,0
5211.KL,10/4/2022,0.0,0.0,0.0,0.0,0.0,0.0,0.0,0.0,0.0,0
5211.KL,10/4/2023,0.624311,0.643495,0.337321,0.019184,1.0,0.0,0.0,0.624311,0.860769,3
5211.KL,10/4/2024,0.898518,0.906587,0.085343,0.008069,1.0,0.0,0.0,0.898518,0.906587,1
5211.KL,10/4/2025,0.0,0.0,0.0,0.0,0.0,0.0,0.0,0.0,0.0,0
5211.KL,10/5/2020,0.0,0.0,0.0,0.0,0.0,0.0,0.0,0.0,0.0,0
5211.KL,10/5/2021,0.0,0.0,0.0,0.0,0.0,0.0,0.0,0.0,0.0,0
5211.KL,10/5/2022,0.0,0.0,0.0,0.0,0.0,0.0,0.0,0.0,0.0,0
5211.KL,10/5/2023,0.56058,0.568291,0.423998,0.007711,1.0,0.0,0.0,0.56058,0.568291,1
5211.KL,10/5/2024,0.0,0.0,0.0,0.0,0.0,0.0,0.0,0.0,0.0,0
5211.KL,10/5/2025,0.228361,0.264102,0.700156,0.035742,1.0,0.0,0.0,0.228361,0.700156,1
5211.KL,10/6/2020,0.319278,0.373796,0.571687,0.054517,0.5,0.5,0.0,0.319278,0.805217,4
5211.KL,10/6/2021,-0.12902,0.246365,0.37825,0.375385,0.25,0.25,0.5,0.566199,0.801362,4
5211.KL,10/6/2022,0.185407,0.197695,0.790017,0.012288,1.0,0.0,0.0,0.185407,0.790017,1
5211.KL,10/6/2023,0.0,0.0,0.0,0.0,0.0,0.0,0.0,0.0,0.0,0
5211.KL,10/6/2024,0.442034,0.470883,0.500268,0.028849,0.5,0.5,0.0,0.460822,0.91748,2
5211.KL,10/6/2025,0.576355,0.594423,0.38751,0.018067,1.0,0.0,0.0,0.576355,0.823903,2
5211.KL,10/7/2020,0.211009,0.219796,0.771416,0.008788,1.0,0.0,0.0,0.211009,0.771416,1
5211.KL,10/7/2021,0.0,0.0,0.0,0.0,0.0,0.0,0.0,0.0,0.0,0
5211.KL,10/7/2022,0.0,0.0,0.0,0.0,0.0,0.0,0.0,0.0,0.0,0
5211.KL,10/7/2023,0.0,0.0,0.0,0.0,0.0,0.0,0.0,0.0,0.0,0
5211.KL,10/7/2024,0.817505,0.86715,0.083205,0.049645,1.0,0.0,0.0,0.817505,0.86715,2
5211.KL,10/7/2025,0.12551,0.35616,0.413189,0.23065,0.333333,0.333333,0.333333,0.483085,0.833744,3
5211.KL,10/8/2020,0.0,0.0,0.0,0.0,0.0,0.0,0.0,0.0,0.0,0
5211.KL,10/8/2021,0.0,0.0,0.0,0.0,0.0,0.0,0.0,0.0,0.0,0
5211.KL,10/8/2022,0.0,0.0,0.0,0.0,0.0,0.0,0.0,0.0,0.0,0
5211.KL,10/8/2023,0.484412,0.50643,0.471552,0.022018,1.0,0.0,0.0,0.484412,0.814543,2
5211.KL,10/8/2024,0.0,0.0,0.0,0.0,0.0,0.0,0.0,0.0,0.0,0
5211.KL,10/8/2025,0.0,0.0,0.0,0.0,0.0,0.0,0.0,0.0,0.0,0
5211.KL,10/9/2020,0.0,0.0,0.0,0.0,0.0,0.0,0.0,0.0,0.0,0
5211.KL,10/9/2021,0.0,0.0,0.0,0.0,0.0,0.0,0.0,0.0,0.0,0
5211.KL,10/9/2022,0.171526,0.181846,0.807834,0.01032,1.0,0.0,0.0,0.171526,0.807834,1
5211.KL,10/9/2023,0.064504,0.260071,0.544361,0.195568,0.5,0.0,0.5,0.247231,0.619121,2
5211.KL,10/9/2024,0.13824,0.164461,0.809318,0.026221,0.5,0.5,0.0,0.13824,0.809318,2
5211.KL,10/9/2025,0.0,0.0,0.0,0.0,0.0,0.0,0.0,0.0,0.0,0
5211.KL,11/1/2020,0.0,0.0,0.0,0.0,0.0,0.0,0.0,0.0,0.0,0
5211.KL,11/1/2021,-0.017105,0.039193,0.904509,0.056298,0.0,1.0,0.0,0.017105,0.904509,1
5211.KL,11/1/2022,0.0,0.0,0.0,0.0,0.0,0.0,0.0,0.0,0.0,0
5211.KL,11/1/2023,0.755782,0.766751,0.222279,0.01097,1.0,0.0,0.0,0.755782,0.766751,1
5211.KL,11/1/2024,0.108668,0.123717,0.861233,0.015049,0.5,0.5,0.0,0.108668,0.861233,2
5211.KL,11/1/2025,-0.350463,0.027057,0.595423,0.37752,0.0,0.0,1.0,0.350463,0.595423,1
5211.KL,11/1/2026,0.540602,0.552769,0.435064,0.012167,1.0,0.0,0.0,0.540602,0.552769,1
5211.KL,11/10/2020,0.0,0.0,0.0,0.0,0.0,0.0,0.0,0.0,0.0,0
5211.KL,11/10/2021,0.0,0.0,0.0,0.0,0.0,0.0,0.0,0.0,0.0,0
5211.KL,11/10/2022,0.0,0.0,0.0,0.0,0.0,0.0,0.0,0.0,0.0,0
5211.KL,11/10/2023,0.044292,0.078481,0.887329,0.03419,0.0,1.0,0.0,0.044292,0.887329,1
5211.KL,11/10/2024,0.413796,0.429128,0.55554,0.015332,0.5,0.5,0.0,0.413796,0.87427,2
5211.KL,11/10/2025,0.0,0.0,0.0,0.0,0.0,0.0,0.0,0.0,0.0,0
5211.KL,11/11/2020,0.0,0.0,0.0,0.0,0.0,0.0,0.0,0.0,0.0,0
5211.KL,11/11/2021,0.0,0.0,0.0,0.0,0.0,0.0,0.0,0.0,0.0,0
5211.KL,11/11/2022,0.0,0.0,0.0,0.0,0.0,0.0,0.0,0.0,0.0,0
5211.KL,11/11/2023,0.359284,0.535414,0.288456,0.17613,1.0,0.0,0.0,0.359284,0.535414,1
5211.KL,11/11/2024,0.0323,0.050807,0.930687,0.018507,0.0,1.0,0.0,0.0323,0.930687,1
5211.KL,11/11/2025,0.476042,0.495433,0.485176,0.019391,0.666667,0.333333,0.0,0.476042,0.78868,3
5211.KL,11/12/2020,-0.787138,0.046571,0.11972,0.833709,0.0,0.0,1.0,0.787138,0.833709,1
5211.KL,11/12/2021,0.004776,0.037503,0.929769,0.032728,0.0,1.0,0.0,0.004776,0.929769,1
5211.KL,11/12/2022,0.103919,0.118372,0.867176,0.014452,1.0,0.0,0.0,0.103919,0.867176,1
5211.KL,11/12/2023,0.164545,0.177618,0.809309,0.013073,0.5,0.5,0.0,0.164545,0.809309,2
5211.KL,11/12/2024,0.233409,0.48342,0.266568,0.250012,0.5,0.25,0.25,0.689403,0.921817,4
5211.KL,11/12/2025,0.072881,0.087946,0.896989,0.015065,0.0,1.0,0.0,0.072881,0.896989,2
5211.KL,11/2/2020,0.0,0.0,0.0,0.0,0.0,0.0,0.0,0.0,0.0,0
5211.KL,11/2/2021,-0.943895,0.013644,0.028818,0.957539,0.0,0.0,1.0,0.943895,0.957539,1
5211.KL,11/2/2022,0.027701,0.049168,0.929364,0.021468,0.0,1.0,0.0,0.027701,0.929364,1
5211.KL,11/2/2023,-0.628472,0.030709,0.310111,0.659181,0.0,0.0,1.0,0.628472,0.659181,1
5211.KL,11/2/2024,0.0,0.0,0.0,0.0,0.0,0.0,0.0,0.0,0.0,0
5211.KL,11/2/2025,-0.638981,0.053209,0.254602,0.69219,0.0,0.0,1.0,0.638981,0.69219,1
5211.KL,11/2/2026,0.79399,0.848096,0.097798,0.054106,1.0,0.0,0.0,0.79399,0.848096,1
5211.KL,11/3/2020,-0.351718,0.110577,0.427129,0.462295,0.5,0.0,0.5,0.526396,0.846704,4
5211.KL,11/3/2021,0.0,0.0,0.0,0.0,0.0,0.0,0.0,0.0,0.0,0
5211.KL,11/3/2022,0.744519,0.758204,0.22811,0.013686,1.0,0.0,0.0,0.744519,0.758204,2
5211.KL,11/3/2023,0.0,0.0,0.0,0.0,0.0,0.0,0.0,0.0,0.0,0
5211.KL,11/3/2024,0.0,0.0,0.0,0.0,0.0,0.0,0.0,0.0,0.0,0
5211.KL,11/3/2025,0.0,0.0,0.0,0.0,0.0,0.0,0.0,0.0,0.0,0
5211.KL,11/3/2026,-0.228326,0.086641,0.598392,0.314967,0.333333,0.333333,0.333333,0.364938,0.875038,3
5211.KL,11/4/2020,0.0,0.0,0.0,0.0,0.0,0.0,0.0,0.0,0.0,0
5211.KL,11/4/2021,0.0,0.0,0.0,0.0,0.0,0.0,0.0,0.0,0.0,0
5211.KL,11/4/2022,-0.441777,0.021728,0.514768,0.463505,0.0,0.5,0.5,0.459369,0.931142,2
5211.KL,11/4/2023,0.0,0.0,0.0,0.0,0.0,0.0,0.0,0.0,0.0,0
5211.KL,11/4/2024,0.0,0.0,0.0,0.0,0.0,0.0,0.0,0.0,0.0,0
5211.KL,11/4/2025,0.216045,0.225757,0.76453,0.009712,1.0,0.0,0.0,0.216045,0.76453,1
5211.KL,11/5/2020,0.035676,0.058958,0.91776,0.023282,0.0,1.0,0.0,0.035676,0.91776,1
5211.KL,11/5/2021,-0.578232,0.025336,0.371097,0.603567,0.0,0.333333,0.666667,0.595508,0.907207,3
5211.KL,11/5/2022,0.0,0.0,0.0,0.0,0.0,0.0,0.0,0.0,0.0,0
5211.KL,11/5/2023,0.0,0.0,0.0,0.0,0.0,0.0,0.0,0.0,0.0,0
5211.KL,11/5/2024,0.0,0.0,0.0,0.0,0.0,0.0,0.0,0.0,0.0,0
5211.KL,11/5/2025,0.0,0.0,0.0,0.0,0.0,0.0,0.0,0.0,0.0,0
5211.KL,11/6/2020,0.000454,0.027956,0.944542,0.027502,0.0,1.0,0.0,0.000454,0.944542,1
5211.KL,11/6/2021,0.767566,0.851359,0.064849,0.083792,1.0,0.0,0.0,0.767566,0.851359,1
5211.KL,11/6/2022,0.0,0.0,0.0,0.0,0.0,0.0,0.0,0.0,0.0,0
5211.KL,11/6/2023,0.007963,0.045141,0.917681,0.037178,0.0,1.0,0.0,0.007963,0.917681,1
5211.KL,11/6/2024,0.432839,0.466793,0.499254,0.033954,0.5,0.5,0.0,0.433096,0.923143,2
5211.KL,11/6/2025,0.215612,0.271097,0.673417,0.055485,0.5,0.5,0.0,0.215612,0.852117,4
5211.KL,11/7/2020,0.055915,0.091927,0.872061,0.036012,0.333333,0.666667,0.0,0.055915,0.872061,3
5211.KL,11/7/2021,0.0,0.0,0.0,0.0,0.0,0.0,0.0,0.0,0.0,0
5211.KL,11/7/2022,0.0,0.0,0.0,0.0,0.0,0.0,0.0,0.0,0.0,0
5211.KL,11/7/2023,0.020816,0.089456,0.841904,0.06864,0.0,1.0,0.0,0.020816,0.841904,1
5211.KL,11/7/2024,0.494972,0.574867,0.345237,0.079895,1.0,0.0,0.0,0.494972,0.574867,2
5211.KL,11/7/2025,0.06599,0.076257,0.913477,0.010267,0.0,1.0,0.0,0.06599,0.913477,2
5211.KL,11/8/2020,0.0,0.0,0.0,0.0,0.0,0.0,0.0,0.0,0.0,0
5211.KL,11/8/2021,0.386737,0.400416,0.585904,0.01368,0.666667,0.333333,0.0,0.386737,0.889478,3
5211.KL,11/8/2022,0.389563,0.404731,0.580101,0.015168,1.0,0.0,0.0,0.389563,0.769298,2
5211.KL,11/8/2023,0.051879,0.069147,0.913586,0.017268,0.0,1.0,0.0,0.051879,0.913586,1
5211.KL,11/8/2024,0.0,0.0,0.0,0.0,0.0,0.0,0.0,0.0,0.0,0
5211.KL,11/8/2025,0.0,0.0,0.0,0.0,0.0,0.0,0.0,0.0,0.0,0
5211.KL,11/9/2020,0.0,0.0,0.0,0.0,0.0,0.0,0.0,0.0,0.0,0
5211.KL,11/9/2021,0.69788,0.722507,0.252867,0.024627,1.0,0.0,0.0,0.69788,0.722507,1
5211.KL,11/9/2022,-0.021362,0.036035,0.906568,0.057397,0.0,1.0,0.0,0.038075,0.906568,2
5211.KL,11/9/2023,0.0,0.0,0.0,0.0,0.0,0.0,0.0,0.0,0.0,0
5211.KL,11/9/2024,0.399213,0.410221,0.578771,0.011008,1.0,0.0,0.0,0.399213,0.578771,1
5211.KL,11/9/2025,0.481331,0.492674,0.495983,0.011343,0.5,0.5,0.0,0.481331,0.907366,2
5211.KL,12/1/2020,0.122071,0.132446,0.857179,0.010375,1.0,0.0,0.0,0.122071,0.857179,1
5211.KL,12/1/2021,0.0,0.0,0.0,0.0,0.0,0.0,0.0,0.0,0.0,0
5211.KL,12/1/2022,0.018882,0.033985,0.950913,0.015103,0.0,1.0,0.0,0.018882,0.950913,1
5211.KL,12/1/2023,0.0,0.0,0.0,0.0,0.0,0.0,0.0,0.0,0.0,0
5211.KL,12/1/2024,0.653424,0.669815,0.313793,0.016392,1.0,0.0,0.0,0.653424,0.669815,1
5211.KL,12/1/2025,0.0,0.0,0.0,0.0,0.0,0.0,0.0,0.0,0.0,0
5211.KL,12/1/2026,-0.800597,0.011826,0.175751,0.812423,0.0,0.0,1.0,0.800597,0.812423,1
5211.KL,12/10/2020,0.004765,0.02722,0.950325,0.022455,0.0,1.0,0.0,0.004765,0.950325,1
5211.KL,12/10/2021,0.036115,0.056254,0.923608,0.020139,0.0,1.0,0.0,0.036115,0.923608,1
5211.KL,12/10/2022,0.451054,0.463747,0.52356,0.012693,1.0,0.0,0.0,0.451054,0.695618,2
5211.KL,12/10/2023,-0.436032,0.072586,0.418797,0.508618,0.0,0.333333,0.666667,0.460723,0.817624,3
5211.KL,12/10/2024,-0.073714,0.154499,0.617287,0.228213,0.5,0.25,0.25,0.344766,0.801151,4
5211.KL,12/10/2025,0.0,0.0,0.0,0.0,0.0,0.0,0.0,0.0,0.0,0
5211.KL,12/11/2020,0.723854,0.756585,0.210684,0.032731,1.0,0.0,0.0,0.723854,0.756585,1
5211.KL,12/11/2021,0.452445,0.48021,0.492025,0.027765,0.5,0.5,0.0,0.469766,0.941532,2
5211.KL,12/11/2022,-0.564392,0.022053,0.391502,0.586445,0.0,0.0,1.0,0.564392,0.586445,1
5211.KL,12/11/2023,0.0,0.0,0.0,0.0,0.0,0.0,0.0,0.0,0.0,0
5211.KL,12/11/2024,0.127497,0.139346,0.848805,0.011849,0.5,0.5,0.0,0.127497,0.848805,2
5211.KL,12/11/2025,0.347686,0.634799,0.078088,0.287113,0.666667,0.0,0.333333,0.856885,0.889398,3
5211.KL,12/12/2020,0.836028,0.848814,0.1384,0.012786,1.0,0.0,0.0,0.836028,0.848814,1
5211.KL,12/12/2021,0.36511,0.567765,0.229579,0.202655,0.75,0.0,0.25,0.738426,0.754424,4
5211.KL,12/12/2022,0.036957,0.055876,0.925206,0.018918,0.0,1.0,0.0,0.036957,0.925206,1
5211.KL,12/12/2023,0.086709,0.09857,0.889569,0.011861,0.0,1.0,0.0,0.086709,0.889569,1
5211.KL,12/12/2024,-0.917916,0.027772,0.02654,0.945688,0.0,0.0,1.0,0.917916,0.945688,1
5211.KL,12/12/2025,0.47644,0.492458,0.491523,0.016018,0.5,0.5,0.0,0.47644,0.904955,2
5211.KL,12/2/2020,-0.150451,0.024376,0.800798,0.174826,0.0,0.0,1.0,0.150451,0.800798,1
5211.KL,12/2/2021,0.0,0.0,0.0,0.0,0.0,0.0,0.0,0.0,0.0,0
5211.KL,12/2/2022,0.172069,0.185366,0.801338,0.013297,0.5,0.5,0.0,0.172069,0.801338,2
5211.KL,12/2/2023,0.0,0.0,0.0,0.0,0.0,0.0,0.0,0.0,0.0,0
5211.KL,12/2/2024,0.317748,0.324815,0.668118,0.007067,1.0,0.0,0.0,0.317748,0.668118,1
5211.KL,12/2/2025,0.0,0.0,0.0,0.0,0.0,0.0,0.0,0.0,0.0,0
5211.KL,12/2/2026,-0.266893,0.065555,0.601996,0.332449,0.0,0.5,0.5,0.320916,0.790164,2
5211.KL,12/3/2020,0.113025,0.334568,0.443889,0.221543,0.666667,0.0,0.333333,0.509384,0.710281,3
5211.KL,12/3/2021,0.553715,0.565153,0.423409,0.011438,1.0,0.0,0.0,0.553715,0.813763,2
5211.KL,12/3/2022,0.17323,0.189446,0.794338,0.016216,1.0,0.0,0.0,0.17323,0.794338,1
5211.KL,12/3/2023,0.0,0.0,0.0,0.0,0.0,0.0,0.0,0.0,0.0,0
5211.KL,12/3/2024,0.0,0.0,0.0,0.0,0.0,0.0,0.0,0.0,0.0,0
5211.KL,12/3/2025,0.540039,0.553046,0.433946,0.013007,0.666667,0.333333,0.0,0.540039,0.819056,3
5211.KL,12/3/2026,-0.111034,0.045442,0.798083,0.156476,0.0,0.0,1.0,0.111034,0.798083,1
5211.KL,12/4/2020,0.0,0.0,0.0,0.0,0.0,0.0,0.0,0.0,0.0,0
5211.KL,12/4/2021,0.0,0.0,0.0,0.0,0.0,0.0,0.0,0.0,0.0,0
5211.KL,12/4/2022,0.0,0.0,0.0,0.0,0.0,0.0,0.0,0.0,0.0,0
5211.KL,12/4/2023,0.0,0.0,0.0,0.0,0.0,0.0,0.0,0.0,0.0,0
5211.KL,12/4/2024,0.0,0.0,0.0,0.0,0.0,0.0,0.0,0.0,0.0,0
5211.KL,12/4/2025,0.0,0.0,0.0,0.0,0.0,0.0,0.0,0.0,0.0,0
5211.KL,12/5/2020,0.0,0.0,0.0,0.0,0.0,0.0,0.0,0.0,0.0,0
5211.KL,12/5/2021,-0.30345,0.085065,0.526419,0.388515,0.333333,0.0,0.666667,0.394834,0.666526,3
5211.KL,12/5/2022,0.600725,0.614578,0.371569,0.013853,1.0,0.0,0.0,0.600725,0.614578,1
5211.KL,12/5/2023,0.0,0.0,0.0,0.0,0.0,0.0,0.0,0.0,0.0,0
5211.KL,12/5/2024,0.0,0.0,0.0,0.0,0.0,0.0,0.0,0.0,0.0,0
5211.KL,12/5/2025,0.460376,0.474588,0.511199,0.014213,1.0,0.0,0.0,0.460376,0.704657,2
5211.KL,12/6/2020,-0.927114,0.010842,0.051203,0.937955,0.0,0.0,1.0,0.927114,0.937955,1
5211.KL,12/6/2021,0.0,0.0,0.0,0.0,0.0,0.0,0.0,0.0,0.0,0
5211.KL,12/6/2022,0.0,0.0,0.0,0.0,0.0,0.0,0.0,0.0,0.0,0
5211.KL,12/6/2023,0.849234,0.860065,0.129105,0.01083,1.0,0.0,0.0,0.849234,0.860065,1
5211.KL,12/6/2024,0.0,0.0,0.0,0.0,0.0,0.0,0.0,0.0,0.0,0
5211.KL,12/6/2025,0.361004,0.400795,0.559415,0.03979,0.666667,0.333333,0.0,0.361004,0.826072,3
5211.KL,12/7/2020,0.0,0.0,0.0,0.0,0.0,0.0,0.0,0.0,0.0,0
5211.KL,12/7/2021,0.17404,0.186082,0.801876,0.012042,1.0,0.0,0.0,0.17404,0.801876,2
5211.KL,12/7/2022,0.0,0.0,0.0,0.0,0.0,0.0,0.0,0.0,0.0,0
5211.KL,12/7/2023,-0.05712,0.113832,0.715215,0.170952,0.5,0.0,0.5,0.157434,0.715215,2
5211.KL,12/7/2024,0.0,0.0,0.0,0.0,0.0,0.0,0.0,0.0,0.0,0
5211.KL,12/7/2025,0.893464,0.903166,0.087132,0.009702,1.0,0.0,0.0,0.893464,0.903166,1
5211.KL,12/8/2020,0.0,0.0,0.0,0.0,0.0,0.0,0.0,0.0,0.0,0
5211.KL,12/8/2021,0.140168,0.162561,0.815045,0.022393,1.0,0.0,0.0,0.140168,0.815045,1
5211.KL,12/8/2022,0.0,0.0,0.0,0.0,0.0,0.0,0.0,0.0,0.0,0
5211.KL,12/8/2023,-0.421087,0.028271,0.522371,0.449358,0.0,0.5,0.5,0.421087,0.877274,2
5211.KL,12/8/2024,0.0,0.0,0.0,0.0,0.0,0.0,0.0,0.0,0.0,0
5211.KL,12/8/2025,0.344092,0.360184,0.623725,0.016091,1.0,0.0,0.0,0.344092,0.623725,1
5211.KL,12/9/2020,0.0,0.0,0.0,0.0,0.0,0.0,0.0,0.0,0.0,0
5211.KL,12/9/2021,0.0,0.0,0.0,0.0,0.0,0.0,0.0,0.0,0.0,0
5211.KL,12/9/2022,0.18716,0.20079,0.78558,0.01363,1.0,0.0,0.0,0.18716,0.78558,2
5211.KL,12/9/2023,0.09237,0.301928,0.488513,0.209558,0.5,0.25,0.25,0.464815,0.728762,4
5211.KL,12/9/2024,0.0,0.0,0.0,0.0,0.0,0.0,0.0,0.0,0.0,0
5211.KL,12/9/2025,0.566762,0.590697,0.385368,0.023935,0.666667,0.333333,0.0,0.58158,0.890482,3
5211.KL,13/1/2020,0.043331,0.057249,0.928833,0.013918,0.0,1.0,0.0,0.043331,0.928833,1
5211.KL,13/1/2021,0.033667,0.261344,0.510979,0.227677,0.5,0.5,0.0,0.104136,0.522929,2
5211.KL,13/1/2022,0.359313,0.372357,0.6146,0.013044,1.0,0.0,0.0,0.359313,0.624968,2
5211.KL,13/1/2023,0.905344,0.915198,0.074947,0.009855,1.0,0.0,0.0,0.905344,0.915198,1
5211.KL,13/1/2024,0.0,0.0,0.0,0.0,0.0,0.0,0.0,0.0,0.0,0
5211.KL,13/1/2025,-0.572163,0.048781,0.330276,0.620943,0.0,0.333333,0.666667,0.59937,0.92137,3
5211.KL,13/1/2026,0.440685,0.457468,0.525749,0.016783,0.5,0.5,0.0,0.440685,0.89149,4
5211.KL,13/10/2020,-0.628447,0.024512,0.32253,0.652959,0.0,0.0,1.0,0.628447,0.652959,1
5211.KL,13/10/2021,0.339265,0.348886,0.641493,0.009621,1.0,0.0,0.0,0.339265,0.641493,1
5211.KL,13/10/2022,0.265919,0.283497,0.698926,0.017578,1.0,0.0,0.0,0.265919,0.698926,2
5211.KL,13/10/2023,0.0,0.0,0.0,0.0,0.0,0.0,0.0,0.0,0.0,0
5211.KL,13/10/2024,-0.934196,0.010394,0.045016,0.94459,0.0,0.0,1.0,0.934196,0.94459,1
5211.KL,13/10/2025,-0.019086,0.025489,0.929936,0.044575,0.0,1.0,0.0,0.019086,0.929936,1
5211.KL,13/11/2020,0.0,0.0,0.0,0.0,0.0,0.0,0.0,0.0,0.0,0
5211.KL,13/11/2021,0.0,0.0,0.0,0.0,0.0,0.0,0.0,0.0,0.0,0
5211.KL,13/11/2022,-0.321065,0.027712,0.623511,0.348777,0.0,0.666667,0.333333,0.321065,0.88336,3
5211.KL,13/11/2023,0.0,0.0,0.0,0.0,0.0,0.0,0.0,0.0,0.0,0
5211.KL,13/11/2024,0.0,0.0,0.0,0.0,0.0,0.0,0.0,0.0,0.0,0
5211.KL,13/11/2025,0.039666,0.073888,0.89189,0.034222,0.0,1.0,0.0,0.039666,0.89189,1
5211.KL,13/12/2020,0.0,0.0,0.0,0.0,0.0,0.0,0.0,0.0,0.0,0
5211.KL,13/12/2021,0.338941,0.358878,0.621185,0.019937,0.666667,0.333333,0.0,0.338941,0.899698,3
5211.KL,13/12/2022,0.398068,0.405704,0.586659,0.007636,1.0,0.0,0.0,0.398068,0.586659,1
5211.KL,13/12/2023,0.855198,0.867119,0.120959,0.011922,1.0,0.0,0.0,0.855198,0.867119,2
5211.KL,13/12/2024,-0.205096,0.166327,0.462249,0.371423,0.0,0.5,0.5,0.292572,0.807746,2
5211.KL,13/12/2025,0.0,0.0,0.0,0.0,0.0,0.0,0.0,0.0,0.0,0
5211.KL,13/2/2020,0.281998,0.297324,0.68735,0.015326,1.0,0.0,0.0,0.281998,0.68735,1
5211.KL,13/2/2021,0.0,0.0,0.0,0.0,0.0,0.0,0.0,0.0,0.0,0
5211.KL,13/2/2022,0.063143,0.076964,0.909216,0.013821,0.0,1.0,0.0,0.063143,0.909216,2
5211.KL,13/2/2023,-0.330406,0.087673,0.494248,0.418079,0.5,0.0,0.5,0.463414,0.832484,2
5211.KL,13/2/2024,0.0,0.0,0.0,0.0,0.0,0.0,0.0,0.0,0.0,0
5211.KL,13/2/2025,0.435502,0.462575,0.510352,0.027073,0.666667,0.333333,0.0,0.453333,0.752794,3
5211.KL,13/2/2026,0.223604,0.240371,0.742862,0.016767,0.5,0.5,0.0,0.223604,0.742862,2
5211.KL,13/3/2020,0.0,0.0,0.0,0.0,0.0,0.0,0.0,0.0,0.0,0
5211.KL,13/3/2021,0.806729,0.819637,0.167455,0.012908,1.0,0.0,0.0,0.806729,0.819637,1
5211.KL,13/3/2022,0.0,0.0,0.0,0.0,0.0,0.0,0.0,0.0,0.0,0
5211.KL,13/3/2023,0.0,0.0,0.0,0.0,0.0,0.0,0.0,0.0,0.0,0
5211.KL,13/3/2024,0.0,0.0,0.0,0.0,0.0,0.0,0.0,0.0,0.0,0
5211.KL,13/3/2025,0.364043,0.439211,0.48562,0.075169,0.8,0.2,0.0,0.369865,0.742367,5
5211.KL,13/3/2026,-0.199493,0.093844,0.61282,0.293337,0.5,0.0,0.5,0.322461,0.708913,2
5211.KL,13/4/2020,0.014077,0.031497,0.951083,0.01742,0.0,1.0,0.0,0.014077,0.951083,1
5211.KL,13/4/2021,0.0,0.0,0.0,0.0,0.0,0.0,0.0,0.0,0.0,0
5211.KL,13/4/2022,0.0,0.0,0.0,0.0,0.0,0.0,0.0,0.0,0.0,0
5211.KL,13/4/2023,0.0,0.0,0.0,0.0,0.0,0.0,0.0,0.0,0.0,0
5211.KL,13/4/2024,0.886842,0.895624,0.095593,0.008782,1.0,0.0,0.0,0.886842,0.895624,1
5211.KL,13/4/2025,0.0,0.0,0.0,0.0,0.0,0.0,0.0,0.0,0.0,0
5211.KL,13/5/2020,0.0,0.0,0.0,0.0,0.0,0.0,0.0,0.0,0.0,0
5211.KL,13/5/2021,0.0,0.0,0.0,0.0,0.0,0.0,0.0,0.0,0.0,0
5211.KL,13/5/2022,0.911946,0.931879,0.048188,0.019933,1.0,0.0,0.0,0.911946,0.931879,1
5211.KL,13/5/2023,0.075746,0.103837,0.868072,0.028091,0.0,1.0,0.0,0.075746,0.868072,1
5211.KL,13/5/2024,0.0,0.0,0.0,0.0,0.0,0.0,0.0,0.0,0.0,0
5211.KL,13/5/2025,0.0,0.0,0.0,0.0,0.0,0.0,0.0,0.0,0.0,0
5211.KL,13/6/2020,0.047336,0.335148,0.37704,0.287812,0.333333,0.333333,0.333333,0.571238,0.877943,3
5211.KL,13/6/2021,0.0,0.0,0.0,0.0,0.0,0.0,0.0,0.0,0.0,0
5211.KL,13/6/2022,0.0,0.0,0.0,0.0,0.0,0.0,0.0,0.0,0.0,0
5211.KL,13/6/2023,0.0,0.0,0.0,0.0,0.0,0.0,0.0,0.0,0.0,0
5211.KL,13/6/2024,-0.443756,0.026294,0.503655,0.47005,0.0,0.0,1.0,0.443756,0.803162,3
5211.KL,13/6/2025,0.019455,0.037775,0.943905,0.01832,0.0,1.0,0.0,0.019455,0.943905,1
5211.KL,13/7/2020,0.020035,0.042422,0.935191,0.022387,0.0,1.0,0.0,0.020035,0.935191,1
5211.KL,13/7/2021,0.0,0.0,0.0,0.0,0.0,0.0,0.0,0.0,0.0,0
5211.KL,13/7/2022,0.0,0.0,0.0,0.0,0.0,0.0,0.0,0.0,0.0,0
5211.KL,13/7/2023,0.0,0.0,0.0,0.0,0.0,0.0,0.0,0.0,0.0,0
5211.KL,13/7/2024,0.07001,0.086578,0.896854,0.016568,0.0,1.0,0.0,0.07001,0.896854,1
5211.KL,13/7/2025,0.0,0.0,0.0,0.0,0.0,0.0,0.0,0.0,0.0,0
5211.KL,13/8/2020,0.93739,0.955495,0.0264,0.018105,1.0,0.0,0.0,0.93739,0.955495,1
5211.KL,13/8/2021,0.114609,0.127,0.860608,0.012391,1.0,0.0,0.0,0.114609,0.860608,1
5211.KL,13/8/2022,0.0,0.0,0.0,0.0,0.0,0.0,0.0,0.0,0.0,0
5211.KL,13/8/2023,0.0,0.0,0.0,0.0,0.0,0.0,0.0,0.0,0.0,0
5211.KL,13/8/2024,0.101759,0.119256,0.863246,0.017498,1.0,0.0,0.0,0.101759,0.863246,1
5211.KL,13/8/2025,0.046705,0.058286,0.930132,0.011581,0.0,1.0,0.0,0.046705,0.930132,1
5211.KL,13/9/2020,0.0,0.0,0.0,0.0,0.0,0.0,0.0,0.0,0.0,0
5211.KL,13/9/2021,0.366757,0.386068,0.594621,0.019311,0.666667,0.333333,0.0,0.36797,0.859507,3
5211.KL,13/9/2022,0.0,0.0,0.0,0.0,0.0,0.0,0.0,0.0,0.0,0
5211.KL,13/9/2023,-0.593655,0.057956,0.290433,0.651611,0.0,0.0,1.0,0.593655,0.651611,1
5211.KL,13/9/2024,0.0,0.0,0.0,0.0,0.0,0.0,0.0,0.0,0.0,0
5211.KL,13/9/2025,0.362422,0.415951,0.53052,0.053529,0.5,0.5,0.0,0.362422,0.864805,2
5211.KL,14/1/2020,0.298125,0.324905,0.648315,0.02678,0.666667,0.333333,0.0,0.298125,0.81049,3
5211.KL,14/1/2021,0.041559,0.063252,0.915055,0.021693,0.0,1.0,0.0,0.041559,0.915055,1
5211.KL,14/1/2022,0.453439,0.475972,0.501495,0.022533,1.0,0.0,0.0,0.453439,0.541277,2
5211.KL,14/1/2023,0.0,0.0,0.0,0.0,0.0,0.0,0.0,0.0,0.0,0
5211.KL,14/1/2024,0.09498,0.105748,0.883484,0.010768,0.0,1.0,0.0,0.09498,0.883484,1
5211.KL,14/1/2025,0.258798,0.446843,0.365111,0.188045,0.6,0.2,0.2,0.580575,0.779169,5
5211.KL,14/1/2026,0.345428,0.384723,0.575982,0.039295,0.666667,0.333333,0.0,0.345428,0.794756,3
5211.KL,14/10/2020,0.116889,0.389439,0.338011,0.27255,0.5,0.0,0.5,0.627008,0.644499,2
5211.KL,14/10/2021,0.0,0.0,0.0,0.0,0.0,0.0,0.0,0.0,0.0,0
5211.KL,14/10/2022,0.0,0.0,0.0,0.0,0.0,0.0,0.0,0.0,0.0,0
5211.KL,14/10/2023,0.0,0.0,0.0,0.0,0.0,0.0,0.0,0.0,0.0,0
5211.KL,14/10/2024,-0.048945,0.037225,0.876604,0.08617,0.0,0.5,0.5,0.086997,0.876604,2
5211.KL,14/10/2025,0.0,0.0,0.0,0.0,0.0,0.0,0.0,0.0,0.0,0
5211.KL,14/11/2020,0.0,0.0,0.0,0.0,0.0,0.0,0.0,0.0,0.0,0
5211.KL,14/11/2021,0.0,0.0,0.0,0.0,0.0,0.0,0.0,0.0,0.0,0
5211.KL,14/11/2022,0.091566,0.111601,0.868364,0.020035,0.0,1.0,0.0,0.091566,0.868364,1
5211.KL,14/11/2023,0.0,0.0,0.0,0.0,0.0,0.0,0.0,0.0,0.0,0
5211.KL,14/11/2024,0.0,0.0,0.0,0.0,0.0,0.0,0.0,0.0,0.0,0
5211.KL,14/11/2025,0.752353,0.764867,0.222618,0.012514,1.0,0.0,0.0,0.752353,0.764867,1
5211.KL,14/12/2020,0.0,0.0,0.0,0.0,0.0,0.0,0.0,0.0,0.0,0
5211.KL,14/12/2021,0.0,0.0,0.0,0.0,0.0,0.0,0.0,0.0,0.0,0
5211.KL,14/12/2022,0.0,0.0,0.0,0.0,0.0,0.0,0.0,0.0,0.0,0
5211.KL,14/12/2023,0.756414,0.776059,0.204297,0.019644,1.0,0.0,0.0,0.756414,0.776059,1
5211.KL,14/12/2024,0.0,0.0,0.0,0.0,0.0,0.0,0.0,0.0,0.0,0
5211.KL,14/12/2025,0.0,0.0,0.0,0.0,0.0,0.0,0.0,0.0,0.0,0
5211.KL,14/2/2020,0.049709,0.061732,0.926245,0.012023,0.0,1.0,0.0,0.049709,0.926245,1
5211.KL,14/2/2021,0.0,0.0,0.0,0.0,0.0,0.0,0.0,0.0,0.0,0
5211.KL,14/2/2022,-0.190858,0.079763,0.649616,0.270621,0.0,0.0,1.0,0.190858,0.649616,1
5211.KL,14/2/2023,0.0,0.0,0.0,0.0,0.0,0.0,0.0,0.0,0.0,0
5211.KL,14/2/2024,0.0,0.0,0.0,0.0,0.0,0.0,0.0,0.0,0.0,0
5211.KL,14/2/2025,0.192283,0.202557,0.787168,0.010274,0.666667,0.333333,0.0,0.192283,0.787168,3
5211.KL,14/2/2026,-0.900506,0.018883,0.061727,0.91939,0.0,0.0,1.0,0.900506,0.91939,1
5211.KL,14/3/2020,0.0,0.0,0.0,0.0,0.0,0.0,0.0,0.0,0.0,0
5211.KL,14/3/2021,0.0,0.0,0.0,0.0,0.0,0.0,0.0,0.0,0.0,0
5211.KL,14/3/2022,0.0,0.0,0.0,0.0,0.0,0.0,0.0,0.0,0.0,0
5211.KL,14/3/2023,0.0,0.0,0.0,0.0,0.0,0.0,0.0,0.0,0.0,0
5211.KL,14/3/2024,0.178315,0.186788,0.80474,0.008472,1.0,0.0,0.0,0.178315,0.80474,1
5211.KL,14/3/2025,0.840755,0.855277,0.130202,0.014521,1.0,0.0,0.0,0.840755,0.855277,2
5211.KL,14/3/2026,0.010188,0.172702,0.664783,0.162514,0.2,0.4,0.4,0.122877,0.759946,5
5211.KL,14/4/2020,0.31415,0.323696,0.666758,0.009546,1.0,0.0,0.0,0.31415,0.666758,1
5211.KL,14/4/2021,0.0,0.0,0.0,0.0,0.0,0.0,0.0,0.0,0.0,0
5211.KL,14/4/2022,0.177236,0.488687,0.199863,0.31145,0.5,0.0,0.5,0.754645,0.777391,2
5211.KL,14/4/2023,0.123091,0.148444,0.826203,0.025353,0.5,0.5,0.0,0.138166,0.826203,2
5211.KL,14/4/2024,0.0,0.0,0.0,0.0,0.0,0.0,0.0,0.0,0.0,0
5211.KL,14/4/2025,0.192998,0.20294,0.787119,0.009942,1.0,0.0,0.0,0.192998,0.787119,1
5211.KL,14/5/2020,0.09911,0.118994,0.861121,0.019884,0.0,1.0,0.0,0.09911,0.861121,1
5211.KL,14/5/2021,-0.017948,0.099987,0.782078,0.117935,0.0,1.0,0.0,0.017948,0.782078,1
5211.KL,14/5/2022,-0.03229,0.03765,0.892411,0.069939,0.0,1.0,0.0,0.03229,0.892411,1
5211.KL,14/5/2023,0.0,0.0,0.0,0.0,0.0,0.0,0.0,0.0,0.0,0
5211.KL,14/5/2024,0.465211,0.474835,0.515541,0.009624,0.5,0.5,0.0,0.465211,0.909999,2
5211.KL,14/5/2025,0.001187,0.337013,0.327161,0.335826,0.333333,0.333333,0.333333,0.638643,0.930703,3
5211.KL,14/6/2020,0.0,0.0,0.0,0.0,0.0,0.0,0.0,0.0,0.0,0
5211.KL,14/6/2021,0.0,0.0,0.0,0.0,0.0,0.0,0.0,0.0,0.0,0
5211.KL,14/6/2022,0.633092,0.642033,0.349026,0.008941,1.0,0.0,0.0,0.633092,0.642033,1
5211.KL,14/6/2023,0.0,0.0,0.0,0.0,0.0,0.0,0.0,0.0,0.0,0
5211.KL,14/6/2024,0.144547,0.179292,0.785962,0.034746,1.0,0.0,0.0,0.144547,0.785962,1
5211.KL,14/6/2025,0.0,0.0,0.0,0.0,0.0,0.0,0.0,0.0,0.0,0
5211.KL,14/7/2020,-0.320183,0.048729,0.582359,0.368912,0.0,0.0,1.0,0.320183,0.582359,2
5211.KL,14/7/2021,0.0,0.0,0.0,0.0,0.0,0.0,0.0,0.0,0.0,0
5211.KL,14/7/2022,0.0,0.0,0.0,0.0,0.0,0.0,0.0,0.0,0.0,0
5211.KL,14/7/2023,0.82673,0.839809,0.147112,0.013079,1.0,0.0,0.0,0.82673,0.839809,1
5211.KL,14/7/2024,0.0,0.0,0.0,0.0,0.0,0.0,0.0,0.0,0.0,0
5211.KL,14/7/2025,0.680505,0.696761,0.286983,0.016256,1.0,0.0,0.0,0.680505,0.696761,2
5211.KL,14/8/2020,0.0,0.0,0.0,0.0,0.0,0.0,0.0,0.0,0.0,0
5211.KL,14/8/2021,0.0,0.0,0.0,0.0,0.0,0.0,0.0,0.0,0.0,0
5211.KL,14/8/2022,0.781942,0.78866,0.204622,0.006718,1.0,0.0,0.0,0.781942,0.78866,1
5211.KL,14/8/2023,-0.28393,0.110911,0.494249,0.394841,0.25,0.25,0.5,0.460492,0.774684,4
5211.KL,14/8/2024,0.0,0.0,0.0,0.0,0.0,0.0,0.0,0.0,0.0,0
5211.KL,14/8/2025,0.016784,0.038789,0.939206,0.022005,0.0,1.0,0.0,0.016784,0.939206,1
5211.KL,14/9/2020,-0.209446,0.042911,0.704733,0.252356,0.0,0.0,1.0,0.209446,0.704733,1
5211.KL,14/9/2021,0.479455,0.493087,0.493281,0.013632,0.666667,0.333333,0.0,0.479455,0.799184,3
5211.KL,14/9/2022,0.10493,0.122198,0.860534,0.017268,1.0,0.0,0.0,0.10493,0.860534,1
5211.KL,14/9/2023,0.0,0.0,0.0,0.0,0.0,0.0,0.0,0.0,0.0,0
5211.KL,14/9/2024,0.003466,0.038195,0.927075,0.034729,0.0,1.0,0.0,0.003466,0.927075,1
5211.KL,14/9/2025,0.0,0.0,0.0,0.0,0.0,0.0,0.0,0.0,0.0,0
5211.KL,15/1/2020,0.0,0.0,0.0,0.0,0.0,0.0,0.0,0.0,0.0,0
5211.KL,15/1/2021,0.453076,0.465957,0.521161,0.012882,0.5,0.5,0.0,0.453076,0.908971,2
5211.KL,15/1/2022,0.0,0.0,0.0,0.0,0.0,0.0,0.0,0.0,0.0,0
5211.KL,15/1/2023,0.0,0.0,0.0,0.0,0.0,0.0,0.0,0.0,0.0,0
5211.KL,15/1/2024,0.088996,0.100755,0.887486,0.011759,0.0,1.0,0.0,0.088996,0.887486,1
5211.KL,15/1/2025,0.296971,0.315273,0.666424,0.018302,0.666667,0.333333,0.0,0.296971,0.748625,3
5211.KL,15/1/2026,0.0,0.0,0.0,0.0,0.0,0.0,0.0,0.0,0.0,0
5211.KL,15/10/2020,-0.154144,0.087003,0.67185,0.241147,0.0,0.5,0.5,0.214983,0.678417,2
5211.KL,15/10/2021,-0.002294,0.048483,0.900741,0.050776,0.0,1.0,0.0,0.002294,0.900741,1
5211.KL,15/10/2022,0.0,0.0,0.0,0.0,0.0,0.0,0.0,0.0,0.0,0
5211.KL,15/10/2023,0.0,0.0,0.0,0.0,0.0,0.0,0.0,0.0,0.0,0
5211.KL,15/10/2024,0.922215,0.931774,0.058667,0.009559,1.0,0.0,0.0,0.922215,0.931774,1
5211.KL,15/10/2025,0.496843,0.512317,0.47221,0.015474,1.0,0.0,0.0,0.496843,0.512317,1
5211.KL,15/11/2020,0.0,0.0,0.0,0.0,0.0,0.0,0.0,0.0,0.0,0
5211.KL,15/11/2021,0.0,0.0,0.0,0.0,0.0,0.0,0.0,0.0,0.0,0
5211.KL,15/11/2022,0.263201,0.284713,0.693776,0.021511,1.0,0.0,0.0,0.263201,0.693776,1
5211.KL,15/11/2023,0.0,0.0,0.0,0.0,0.0,0.0,0.0,0.0,0.0,0
5211.KL,15/11/2024,0.08235,0.30098,0.480391,0.218629,0.25,0.5,0.25,0.424248,0.907824,4
5211.KL,15/11/2025,0.0,0.0,0.0,0.0,0.0,0.0,0.0,0.0,0.0,0
5211.KL,15/12/2020,0.389141,0.409441,0.57026,0.020299,0.5,0.5,0.0,0.389141,0.812788,2
5211.KL,15/12/2021,0.0,0.0,0.0,0.0,0.0,0.0,0.0,0.0,0.0,0
5211.KL,15/12/2022,0.155018,0.181879,0.79126,0.026861,0.5,0.5,0.0,0.155018,0.79126,2
5211.KL,15/12/2023,0.33737,0.375154,0.587063,0.037783,1.0,0.0,0.0,0.33737,0.587063,1
5211.KL,15/12/2024,0.19702,0.215196,0.766629,0.018176,1.0,0.0,0.0,0.19702,0.766629,1
5211.KL,15/12/2025,0.052887,0.076552,0.899783,0.023665,0.0,1.0,0.0,0.052887,0.899783,1
5211.KL,15/2/2020,0.0,0.0,0.0,0.0,0.0,0.0,0.0,0.0,0.0,0
5211.KL,15/2/2021,-0.310274,0.042637,0.604452,0.352911,0.0,0.5,0.5,0.340378,0.790822,2
5211.KL,15/2/2022,0.182513,0.199115,0.784283,0.016602,0.5,0.5,0.0,0.182513,0.784283,2
5211.KL,15/2/2023,0.821816,0.828115,0.165585,0.006299,1.0,0.0,0.0,0.821816,0.828115,1
5211.KL,15/2/2024,0.365871,0.393803,0.578265,0.027932,0.5,0.5,0.0,0.38366,0.84569,2
5211.KL,15/2/2025,0.0,0.0,0.0,0.0,0.0,0.0,0.0,0.0,0.0,0
5211.KL,15/2/2026,0.0,0.0,0.0,0.0,0.0,0.0,0.0,0.0,0.0,0
5211.KL,15/3/2020,0.202302,0.224891,0.75252,0.022589,0.5,0.5,0.0,0.202302,0.75252,2
5211.KL,15/3/2021,0.0,0.0,0.0,0.0,0.0,0.0,0.0,0.0,0.0,0
5211.KL,15/3/2022,0.0,0.0,0.0,0.0,0.0,0.0,0.0,0.0,0.0,0
5211.KL,15/3/2023,0.0,0.0,0.0,0.0,0.0,0.0,0.0,0.0,0.0,0
5211.KL,15/3/2024,0.15386,0.162643,0.828574,0.008783,1.0,0.0,0.0,0.15386,0.828574,1
5211.KL,15/3/2025,-0.853269,0.025184,0.096363,0.878453,0.0,0.0,1.0,0.853269,0.878453,1
5211.KL,15/3/2026,0.0,0.0,0.0,0.0,0.0,0.0,0.0,0.0,0.0,0
5211.KL,15/4/2020,-0.034895,0.02031,0.924484,0.055206,0.0,1.0,0.0,0.034895,0.924484,1
5211.KL,15/4/2021,0.458702,0.48049,0.497722,0.021788,1.0,0.0,0.0,0.458702,0.754518,2
5211.KL,15/4/2022,0.338955,0.350352,0.638251,0.011397,1.0,0.0,0.0,0.338955,0.638251,1
5211.KL,15/4/2023,0.0,0.0,0.0,0.0,0.0,0.0,0.0,0.0,0.0,0
5211.KL,15/4/2024,0.0,0.0,0.0,0.0,0.0,0.0,0.0,0.0,0.0,0
5211.KL,15/4/2025,0.206858,0.2222,0.762457,0.015343,1.0,0.0,0.0,0.206858,0.762457,1
5211.KL,15/5/2020,0.0,0.0,0.0,0.0,0.0,0.0,0.0,0.0,0.0,0
5211.KL,15/5/2021,0.052924,0.081359,0.890206,0.028435,0.0,1.0,0.0,0.052924,0.890206,1
5211.KL,15/5/2022,0.0,0.0,0.0,0.0,0.0,0.0,0.0,0.0,0.0,0
5211.KL,15/5/2023,-0.031727,0.024521,0.919231,0.056248,0.0,1.0,0.0,0.031727,0.919231,1
5211.KL,15/5/2024,0.028588,0.045285,0.938018,0.016697,0.0,1.0,0.0,0.028588,0.938018,1
5211.KL,15/5/2025,0.47985,0.515327,0.449196,0.035477,0.666667,0.333333,0.0,0.47985,0.82148,3
5211.KL,15/6/2020,0.612472,0.628305,0.355863,0.015832,1.0,0.0,0.0,0.612472,0.628305,2
5211.KL,15/6/2021,0.0,0.0,0.0,0.0,0.0,0.0,0.0,0.0,0.0,0
5211.KL,15/6/2022,0.0,0.0,0.0,0.0,0.0,0.0,0.0,0.0,0.0,0
5211.KL,15/6/2023,0.870754,0.884835,0.101085,0.01408,1.0,0.0,0.0,0.870754,0.884835,2
5211.KL,15/6/2024,-0.057682,0.02355,0.895219,0.081232,0.0,1.0,0.0,0.057682,0.895219,1
5211.KL,15/6/2025,0.882193,0.894978,0.092236,0.012785,1.0,0.0,0.0,0.882193,0.894978,1
5211.KL,15/7/2020,0.182386,0.200186,0.782013,0.0178,0.333333,0.666667,0.0,0.182386,0.782013,3
5211.KL,15/7/2021,0.046228,0.077766,0.890696,0.031538,0.0,1.0,0.0,0.046228,0.890696,1
5211.KL,15/7/2022,-0.092421,0.102048,0.703483,0.194469,0.5,0.0,0.5,0.194507,0.703483,2
5211.KL,15/7/2023,-0.15251,0.059248,0.728993,0.211758,0.0,0.5,0.5,0.230502,0.728993,2
5211.KL,15/7/2024,0.179293,0.467434,0.244424,0.288141,0.625,0.0,0.375,0.697944,0.740124,8
5211.KL,15/7/2025,0.359222,0.373794,0.611634,0.014572,0.5,0.5,0.0,0.359222,0.791953,2
5211.KL,15/8/2020,0.0,0.0,0.0,0.0,0.0,0.0,0.0,0.0,0.0,0
5211.KL,15/8/2021,0.0,0.0,0.0,0.0,0.0,0.0,0.0,0.0,0.0,0
5211.KL,15/8/2022,-0.944974,0.014049,0.026927,0.959023,0.0,0.0,1.0,0.944974,0.959023,1
5211.KL,15/8/2023,0.580368,0.590032,0.400303,0.009665,0.666667,0.333333,0.0,0.580368,0.887355,3
5211.KL,15/8/2024,0.083434,0.415672,0.252089,0.332239,0.666667,0.0,0.333333,0.719374,0.733642,3
5211.KL,15/8/2025,0.0,0.0,0.0,0.0,0.0,0.0,0.0,0.0,0.0,0
5211.KL,15/9/2020,-0.211192,0.038831,0.711146,0.250023,0.0,0.5,0.5,0.248374,0.711146,2
5211.KL,15/9/2021,0.0,0.0,0.0,0.0,0.0,0.0,0.0,0.0,0.0,0
5211.KL,15/9/2022,0.0,0.0,0.0,0.0,0.0,0.0,0.0,0.0,0.0,0
5211.KL,15/9/2023,0.925441,0.934471,0.056499,0.00903,1.0,0.0,0.0,0.925441,0.934471,1
5211.KL,15/9/2024,0.003538,0.034519,0.9345,0.030981,0.0,1.0,0.0,0.003538,0.9345,1
5211.KL,15/9/2025,0.0,0.0,0.0,0.0,0.0,0.0,0.0,0.0,0.0,0
5211.KL,16/1/2020,-0.349725,0.059312,0.531651,0.409037,0.0,0.5,0.5,0.434507,0.838065,2
5211.KL,16/1/2021,0.192718,0.342888,0.506942,0.15017,1.0,0.0,0.0,0.192718,0.620701,2
5211.KL,16/1/2022,0.0,0.0,0.0,0.0,0.0,0.0,0.0,0.0,0.0,0
5211.KL,16/1/2023,0.137458,0.147646,0.842166,0.010188,0.5,0.5,0.0,0.137458,0.842166,2
5211.KL,16/1/2024,0.126703,0.192716,0.74127,0.066013,0.333333,0.666667,0.0,0.126703,0.74127,3
5211.KL,16/1/2025,0.008731,0.335357,0.338017,0.326626,0.333333,0.333333,0.333333,0.602781,0.926823,3
5211.KL,16/1/2026,0.0,0.0,0.0,0.0,0.0,0.0,0.0,0.0,0.0,0
5211.KL,16/10/2020,0.323525,0.339991,0.643542,0.016466,0.5,0.5,0.0,0.323525,0.786729,2
5211.KL,16/10/2021,-0.011859,0.020841,0.946459,0.0327,0.0,1.0,0.0,0.011859,0.946459,1
5211.KL,16/10/2022,0.853375,0.8642,0.124975,0.010825,1.0,0.0,0.0,0.853375,0.8642,1
5211.KL,16/10/2023,0.0,0.0,0.0,0.0,0.0,0.0,0.0,0.0,0.0,0
5211.KL,16/10/2024,0.114536,0.122932,0.868673,0.008396,1.0,0.0,0.0,0.114536,0.868673,1
5211.KL,16/10/2025,0.000428,0.071868,0.856691,0.071441,0.0,1.0,0.0,0.062982,0.856691,2
5211.KL,16/11/2020,0.010808,0.042353,0.926102,0.031545,0.0,1.0,0.0,0.010808,0.926102,1
5211.KL,16/11/2021,0.0,0.0,0.0,0.0,0.0,0.0,0.0,0.0,0.0,0
5211.KL,16/11/2022,0.191138,0.473431,0.244277,0.282292,0.5,0.0,0.5,0.645536,0.70063,2
5211.KL,16/11/2023,0.166124,0.177474,0.811176,0.01135,1.0,0.0,0.0,0.166124,0.811176,2
5211.KL,16/11/2024,0.0,0.0,0.0,0.0,0.0,0.0,0.0,0.0,0.0,0
5211.KL,16/11/2025,0.0,0.0,0.0,0.0,0.0,0.0,0.0,0.0,0.0,0
5211.KL,16/12/2020,0.041743,0.054151,0.933441,0.012408,0.0,1.0,0.0,0.041743,0.933441,1
5211.KL,16/12/2021,0.0,0.0,0.0,0.0,0.0,0.0,0.0,0.0,0.0,0
5211.KL,16/12/2022,0.758259,0.783496,0.191267,0.025237,1.0,0.0,0.0,0.758259,0.783496,2
5211.KL,16/12/2023,-0.028185,0.045968,0.879879,0.074153,0.0,1.0,0.0,0.028185,0.879879,1
5211.KL,16/12/2024,0.20361,0.308722,0.586165,0.105112,1.0,0.0,0.0,0.20361,0.586165,2
5211.KL,16/12/2025,0.420431,0.437626,0.545179,0.017195,0.666667,0.333333,0.0,0.420431,0.832992,3
5211.KL,16/2/2020,0.0,0.0,0.0,0.0,0.0,0.0,0.0,0.0,0.0,0
5211.KL,16/2/2021,0.0,0.0,0.0,0.0,0.0,0.0,0.0,0.0,0.0,0
5211.KL,16/2/2022,0.0,0.0,0.0,0.0,0.0,0.0,0.0,0.0,0.0,0
5211.KL,16/2/2023,0.371981,0.385899,0.600182,0.013918,1.0,0.0,0.0,0.371981,0.600182,1
5211.KL,16/2/2024,-0.022496,0.02882,0.919863,0.051316,0.0,1.0,0.0,0.022496,0.919863,2
5211.KL,16/2/2025,0.02934,0.069281,0.890777,0.039941,0.0,1.0,0.0,0.02934,0.890777,1
5211.KL,16/2/2026,0.076701,0.458664,0.159373,0.381963,0.5,0.0,0.5,0.788086,0.814356,2
5211.KL,16/3/2020,0.58078,0.59703,0.386719,0.016251,1.0,0.0,0.0,0.58078,0.728491,3
5211.KL,16/3/2021,-0.059853,0.198963,0.542222,0.258816,0.0,1.0,0.0,0.059853,0.542222,1
5211.KL,16/3/2022,0.39343,0.491721,0.409987,0.098292,0.5,0.0,0.5,0.524242,0.870869,2
5211.KL,16/3/2023,0.92767,0.944011,0.039647,0.016342,1.0,0.0,0.0,0.92767,0.944011,1
5211.KL,16/3/2024,0.500152,0.512452,0.475248,0.0123,1.0,0.0,0.0,0.500152,0.512452,1
5211.KL,16/3/2025,0.0,0.0,0.0,0.0,0.0,0.0,0.0,0.0,0.0,0
5211.KL,16/3/2026,0.262071,0.28205,0.69797,0.019979,0.333333,0.666667,0.0,0.266396,0.856572,3
5211.KL,16/4/2020,0.0,0.0,0.0,0.0,0.0,0.0,0.0,0.0,0.0,0
5211.KL,16/4/2021,0.0,0.0,0.0,0.0,0.0,0.0,0.0,0.0,0.0,0
5211.KL,16/4/2022,0.082958,0.101031,0.880897,0.018072,0.5,0.5,0.0,0.082958,0.880897,2
5211.KL,16/4/2023,0.793999,0.807863,0.178272,0.013865,1.0,0.0,0.0,0.793999,0.807863,1
5211.KL,16/4/2024,0.540683,0.557577,0.425529,0.016894,1.0,0.0,0.0,0.540683,0.705066,3
5211.KL,16/4/2025,0.212759,0.245213,0.722334,0.032453,0.5,0.5,0.0,0.212759,0.722334,2
5211.KL,16/5/2020,0.0,0.0,0.0,0.0,0.0,0.0,0.0,0.0,0.0,0
5211.KL,16/5/2021,0.056442,0.074567,0.907307,0.018126,0.0,1.0,0.0,0.056442,0.907307,1
5211.KL,16/5/2022,0.0,0.0,0.0,0.0,0.0,0.0,0.0,0.0,0.0,0
5211.KL,16/5/2023,0.286153,0.33516,0.615834,0.049007,0.5,0.5,0.0,0.286153,0.792117,2
5211.KL,16/5/2024,0.0,0.0,0.0,0.0,0.0,0.0,0.0,0.0,0.0,0
5211.KL,16/5/2025,0.494457,0.526648,0.441162,0.03219,1.0,0.0,0.0,0.494457,0.84421,2
5211.KL,16/6/2020,0.0,0.0,0.0,0.0,0.0,0.0,0.0,0.0,0.0,0
5211.KL,16/6/2021,0.0,0.0,0.0,0.0,0.0,0.0,0.0,0.0,0.0,0
5211.KL,16/6/2022,-0.109386,0.398092,0.094431,0.507477,0.5,0.0,0.5,0.824174,0.864871,2
5211.KL,16/6/2023,0.0,0.0,0.0,0.0,0.0,0.0,0.0,0.0,0.0,0
5211.KL,16/6/2024,0.0,0.0,0.0,0.0,0.0,0.0,0.0,0.0,0.0,0
5211.KL,16/6/2025,0.450697,0.458516,0.533665,0.007819,1.0,0.0,0.0,0.450697,0.533665,1
5211.KL,16/7/2020,-0.286733,0.054755,0.603757,0.341488,0.0,0.5,0.5,0.359154,0.782651,2
5211.KL,16/7/2021,0.0,0.0,0.0,0.0,0.0,0.0,0.0,0.0,0.0,0
5211.KL,16/7/2022,0.296409,0.304079,0.688251,0.00767,1.0,0.0,0.0,0.296409,0.688251,1
5211.KL,16/7/2023,0.0,0.0,0.0,0.0,0.0,0.0,0.0,0.0,0.0,0
5211.KL,16/7/2024,0.931986,0.954106,0.023775,0.022119,1.0,0.0,0.0,0.931986,0.954106,1
5211.KL,16/7/2025,0.498661,0.539125,0.420411,0.040464,0.5,0.5,0.0,0.498661,0.884179,2
5211.KL,16/8/2020,0.0,0.0,0.0,0.0,0.0,0.0,0.0,0.0,0.0,0
5211.KL,16/8/2021,0.0,0.0,0.0,0.0,0.0,0.0,0.0,0.0,0.0,0
5211.KL,16/8/2022,0.590128,0.600927,0.388273,0.0108,1.0,0.0,0.0,0.590128,0.600927,1
5211.KL,16/8/2023,0.0,0.0,0.0,0.0,0.0,0.0,0.0,0.0,0.0,0
5211.KL,16/8/2024,0.441323,0.451215,0.538894,0.009891,0.75,0.25,0.0,0.441323,0.846993,4
5211.KL,16/8/2025,0.135152,0.147909,0.839335,0.012756,0.5,0.5,0.0,0.135152,0.839335,2
5211.KL,16/9/2020,0.098495,0.120504,0.857488,0.022008,0.5,0.5,0.0,0.098495,0.857488,2
5211.KL,16/9/2021,0.0,0.0,0.0,0.0,0.0,0.0,0.0,0.0,0.0,0
5211.KL,16/9/2022,0.037209,0.062999,0.911211,0.02579,0.0,1.0,0.0,0.037209,0.911211,3
5211.KL,16/9/2023,0.0,0.0,0.0,0.0,0.0,0.0,0.0,0.0,0.0,0
5211.KL,16/9/2024,0.0,0.0,0.0,0.0,0.0,0.0,0.0,0.0,0.0,0
5211.KL,16/9/2025,0.0,0.0,0.0,0.0,0.0,0.0,0.0,0.0,0.0,0
5211.KL,17/1/2020,0.305467,0.501972,0.301523,0.196505,0.5,0.0,0.5,0.621991,0.752479,2
5211.KL,17/1/2021,0.0,0.0,0.0,0.0,0.0,0.0,0.0,0.0,0.0,0
5211.KL,17/1/2022,0.0,0.0,0.0,0.0,0.0,0.0,0.0,0.0,0.0,0
5211.KL,17/1/2023,0.191357,0.214159,0.76304,0.022801,1.0,0.0,0.0,0.191357,0.76304,1
5211.KL,17/1/2024,-0.658954,0.02608,0.288885,0.685034,0.0,0.0,1.0,0.658954,0.685034,1
5211.KL,17/1/2025,-0.498643,0.13975,0.221858,0.638392,0.333333,0.0,0.666667,0.737032,0.837873,3
5211.KL,17/1/2026,0.393423,0.408785,0.575853,0.015362,1.0,0.0,0.0,0.393423,0.575853,1
5211.KL,17/10/2020,0.0,0.0,0.0,0.0,0.0,0.0,0.0,0.0,0.0,0
5211.KL,17/10/2021,0.014438,0.049531,0.915376,0.035093,0.0,1.0,0.0,0.014438,0.915376,1
5211.KL,17/10/2022,0.0,0.0,0.0,0.0,0.0,0.0,0.0,0.0,0.0,0
5211.KL,17/10/2023,0.83479,0.851698,0.131394,0.016908,1.0,0.0,0.0,0.83479,0.851698,3
5211.KL,17/10/2024,0.042489,0.383559,0.275372,0.34107,0.666667,0.0,0.333333,0.679584,0.876448,3
5211.KL,17/10/2025,0.124138,0.136004,0.85213,0.011866,1.0,0.0,0.0,0.124138,0.85213,1
5211.KL,17/11/2020,0.0,0.0,0.0,0.0,0.0,0.0,0.0,0.0,0.0,0
5211.KL,17/11/2021,0.393951,0.402767,0.588417,0.008816,0.5,0.5,0.0,0.393951,0.792009,2
5211.KL,17/11/2022,0.0,0.0,0.0,0.0,0.0,0.0,0.0,0.0,0.0,0
5211.KL,17/11/2023,0.48347,0.497109,0.489253,0.013638,0.5,0.5,0.0,0.48347,0.951975,2
5211.KL,17/11/2024,0.153109,0.179338,0.794432,0.026229,1.0,0.0,0.0,0.153109,0.794432,1
5211.KL,17/11/2025,0.0,0.0,0.0,0.0,0.0,0.0,0.0,0.0,0.0,0
5211.KL,17/12/2020,0.115954,0.127665,0.860623,0.011712,1.0,0.0,0.0,0.115954,0.860623,1
5211.KL,17/12/2021,0.064443,0.07984,0.904763,0.015397,0.0,1.0,0.0,0.064443,0.904763,1
5211.KL,17/12/2022,0.0,0.0,0.0,0.0,0.0,0.0,0.0,0.0,0.0,0
5211.KL,17/12/2023,0.0,0.0,0.0,0.0,0.0,0.0,0.0,0.0,0.0,0
5211.KL,17/12/2024,0.13532,0.144145,0.847031,0.008825,1.0,0.0,0.0,0.13532,0.847031,1
5211.KL,17/12/2025,0.0,0.0,0.0,0.0,0.0,0.0,0.0,0.0,0.0,0
5211.KL,17/2/2020,-0.545236,0.033574,0.387616,0.57881,0.0,0.0,1.0,0.545236,0.57881,1
5211.KL,17/2/2021,0.022314,0.049213,0.923888,0.026899,0.0,1.0,0.0,0.022314,0.923888,1
5211.KL,17/2/2022,0.0,0.0,0.0,0.0,0.0,0.0,0.0,0.0,0.0,0
5211.KL,17/2/2023,0.485854,0.504264,0.477325,0.018411,1.0,0.0,0.0,0.485854,0.866725,2
5211.KL,17/2/2024,0.0,0.0,0.0,0.0,0.0,0.0,0.0,0.0,0.0,0
5211.KL,17/2/2025,0.071683,0.14738,0.776924,0.075696,0.333333,0.666667,0.0,0.099648,0.776924,3
5211.KL,17/2/2026,0.0,0.0,0.0,0.0,0.0,0.0,0.0,0.0,0.0,0
5211.KL,17/3/2020,0.009224,0.027623,0.953978,0.018399,0.0,1.0,0.0,0.009224,0.953978,1
5211.KL,17/3/2021,0.118197,0.182095,0.754008,0.063898,1.0,0.0,0.0,0.118197,0.754008,1
5211.KL,17/3/2022,0.0,0.0,0.0,0.0,0.0,0.0,0.0,0.0,0.0,0
5211.KL,17/3/2023,0.258201,0.269035,0.720132,0.010833,0.5,0.5,0.0,0.258201,0.720132,2
5211.KL,17/3/2024,0.0,0.0,0.0,0.0,0.0,0.0,0.0,0.0,0.0,0
5211.KL,17/3/2025,0.808278,0.817591,0.173095,0.009314,1.0,0.0,0.0,0.808278,0.817591,1
5211.KL,17/3/2026,0.32262,0.366855,0.58891,0.044235,0.5,0.5,0.0,0.32262,0.824771,2
5211.KL,17/4/2020,-0.905398,0.01626,0.062081,0.921659,0.0,0.0,1.0,0.905398,0.921659,2
5211.KL,17/4/2021,0.126451,0.531399,0.063653,0.404948,0.5,0.0,0.5,0.802449,0.869398,2
5211.KL,17/4/2022,0.0,0.0,0.0,0.0,0.0,0.0,0.0,0.0,0.0,0
5211.KL,17/4/2023,0.0,0.0,0.0,0.0,0.0,0.0,0.0,0.0,0.0,0
5211.KL,17/4/2024,0.0,0.0,0.0,0.0,0.0,0.0,0.0,0.0,0.0,0
5211.KL,17/4/2025,0.814731,0.847228,0.120275,0.032497,1.0,0.0,0.0,0.814731,0.847228,2
5211.KL,17/5/2020,0.0,0.0,0.0,0.0,0.0,0.0,0.0,0.0,0.0,0
5211.KL,17/5/2021,0.0,0.0,0.0,0.0,0.0,0.0,0.0,0.0,0.0,0
5211.KL,17/5/2022,-0.580104,0.065316,0.289264,0.64542,0.0,0.0,1.0,0.580104,0.64542,1
5211.KL,17/5/2023,0.12792,0.167866,0.792189,0.039945,0.5,0.5,0.0,0.12792,0.792189,2
5211.KL,17/5/2024,-0.008513,0.208035,0.575418,0.216548,0.6,0.2,0.2,0.376933,0.829885,5
5211.KL,17/5/2025,-0.073558,0.25324,0.419961,0.326799,0.666667,0.0,0.333333,0.550738,0.786815,3
5211.KL,17/6/2020,0.060677,0.454935,0.150808,0.394257,0.5,0.0,0.5,0.810164,0.829678,2
5211.KL,17/6/2021,0.402184,0.441906,0.518372,0.039722,0.666667,0.333333,0.0,0.402184,0.75662,3
5211.KL,17/6/2022,0.344248,0.357655,0.628937,0.013408,1.0,0.0,0.0,0.344248,0.725311,2
5211.KL,17/6/2023,-0.015611,0.031006,0.922376,0.046617,0.0,1.0,0.0,0.015611,0.922376,1
5211.KL,17/6/2024,0.395516,0.419541,0.556434,0.024025,0.5,0.5,0.0,0.395516,0.787633,2
5211.KL,17/6/2025,-0.622621,0.094023,0.189333,0.716644,0.0,0.0,1.0,0.622621,0.716644,2
5211.KL,17/7/2020,0.0,0.0,0.0,0.0,0.0,0.0,0.0,0.0,0.0,0
5211.KL,17/7/2021,0.0,0.0,0.0,0.0,0.0,0.0,0.0,0.0,0.0,0
5211.KL,17/7/2022,0.0,0.0,0.0,0.0,0.0,0.0,0.0,0.0,0.0,0
5211.KL,17/7/2023,0.239053,0.248103,0.742848,0.009049,1.0,0.0,0.0,0.239053,0.742848,1
5211.KL,17/7/2024,0.711996,0.731995,0.248006,0.019999,1.0,0.0,0.0,0.711996,0.731995,2
5211.KL,17/7/2025,0.07774,0.087919,0.901902,0.010179,0.0,1.0,0.0,0.07774,0.901902,1
5211.KL,17/8/2020,0.0,0.0,0.0,0.0,0.0,0.0,0.0,0.0,0.0,0
5211.KL,17/8/2021,0.0,0.0,0.0,0.0,0.0,0.0,0.0,0.0,0.0,0
5211.KL,17/8/2022,-0.296523,0.042441,0.618594,0.338965,0.0,0.666667,0.333333,0.339171,0.922848,3
5211.KL,17/8/2023,0.309327,0.322967,0.663392,0.013641,1.0,0.0,0.0,0.309327,0.663392,2
5211.KL,17/8/2024,0.558982,0.574376,0.41023,0.015394,0.666667,0.333333,0.0,0.558982,0.848604,3
5211.KL,17/8/2025,0.0,0.0,0.0,0.0,0.0,0.0,0.0,0.0,0.0,0
5211.KL,17/9/2020,0.0,0.0,0.0,0.0,0.0,0.0,0.0,0.0,0.0,0
5211.KL,17/9/2021,0.160645,0.169941,0.820762,0.009297,1.0,0.0,0.0,0.160645,0.820762,1
5211.KL,17/9/2022,0.0,0.0,0.0,0.0,0.0,0.0,0.0,0.0,0.0,0
5211.KL,17/9/2023,0.0,0.0,0.0,0.0,0.0,0.0,0.0,0.0,0.0,0
5211.KL,17/9/2024,0.933196,0.947822,0.037551,0.014626,1.0,0.0,0.0,0.933196,0.947822,1
5211.KL,17/9/2025,0.586353,0.605798,0.374758,0.019445,0.666667,0.333333,0.0,0.586353,0.903281,3
5211.KL,18/1/2020,0.625462,0.642551,0.340359,0.017089,1.0,0.0,0.0,0.625462,0.642551,1
5211.KL,18/1/2021,-0.384433,0.04863,0.518307,0.433063,0.0,0.5,0.5,0.395296,0.889997,2
5211.KL,18/1/2022,0.0,0.0,0.0,0.0,0.0,0.0,0.0,0.0,0.0,0
5211.KL,18/1/2023,0.042671,0.059862,0.922947,0.017191,0.0,1.0,0.0,0.042671,0.922947,3
5211.KL,18/1/2024,0.57903,0.609075,0.36088,0.030045,1.0,0.0,0.0,0.57903,0.609075,1
5211.KL,18/1/2025,-0.580428,0.023713,0.372146,0.604141,0.0,0.0,1.0,0.580428,0.604141,1
5211.KL,18/1/2026,0.0,0.0,0.0,0.0,0.0,0.0,0.0,0.0,0.0,0
5211.KL,18/10/2020,0.0,0.0,0.0,0.0,0.0,0.0,0.0,0.0,0.0,0
5211.KL,18/10/2021,0.89218,0.901651,0.088878,0.009471,1.0,0.0,0.0,0.89218,0.901651,1
5211.KL,18/10/2022,0.064584,0.079302,0.90598,0.014718,0.0,1.0,0.0,0.064584,0.90598,1
5211.KL,18/10/2023,0.0,0.0,0.0,0.0,0.0,0.0,0.0,0.0,0.0,0
5211.KL,18/10/2024,-0.053373,0.030156,0.886315,0.083529,0.0,1.0,0.0,0.053373,0.886315,1
5211.KL,18/10/2025,0.0,0.0,0.0,0.0,0.0,0.0,0.0,0.0,0.0,0
5211.KL,18/11/2020,-0.276743,0.098436,0.526386,0.375178,0.5,0.0,0.5,0.427341,0.777445,2
5211.KL,18/11/2021,0.0,0.0,0.0,0.0,0.0,0.0,0.0,0.0,0.0,0
5211.KL,18/11/2022,0.928345,0.947175,0.033996,0.01883,1.0,0.0,0.0,0.928345,0.947175,3
5211.KL,18/11/2023,0.086313,0.10809,0.870133,0.021777,0.0,1.0,0.0,0.086313,0.870133,1
5211.KL,18/11/2024,0.0,0.0,0.0,0.0,0.0,0.0,0.0,0.0,0.0,0
5211.KL,18/11/2025,0.135734,0.148696,0.838341,0.012963,0.5,0.5,0.0,0.135734,0.838341,2
5211.KL,18/12/2020,0.0,0.0,0.0,0.0,0.0,0.0,0.0,0.0,0.0,0
5211.KL,18/12/2021,0.0,0.0,0.0,0.0,0.0,0.0,0.0,0.0,0.0,0
5211.KL,18/12/2022,-0.000295,0.053747,0.89221,0.054043,0.0,1.0,0.0,0.045685,0.89221,2
5211.KL,18/12/2023,0.0,0.0,0.0,0.0,0.0,0.0,0.0,0.0,0.0,0
5211.KL,18/12/2024,0.088642,0.108675,0.871291,0.020034,0.5,0.5,0.0,0.088642,0.871291,2
5211.KL,18/12/2025,-0.462511,0.032253,0.472983,0.494764,0.0,0.5,0.5,0.495884,0.951254,2
5211.KL,18/2/2020,0.081606,0.094224,0.893158,0.012618,0.0,1.0,0.0,0.081606,0.893158,1
5211.KL,18/2/2021,-0.266846,0.083225,0.566704,0.350071,0.2,0.2,0.6,0.337823,0.767716,5
5211.KL,18/2/2022,-0.800642,0.017022,0.165314,0.817664,0.0,0.0,1.0,0.800642,0.817664,1
5211.KL,18/2/2023,0.0,0.0,0.0,0.0,0.0,0.0,0.0,0.0,0.0,0
5211.KL,18/2/2024,0.0,0.0,0.0,0.0,0.0,0.0,0.0,0.0,0.0,0
5211.KL,18/2/2025,0.0,0.0,0.0,0.0,0.0,0.0,0.0,0.0,0.0,0
5211.KL,18/2/2026,0.0,0.0,0.0,0.0,0.0,0.0,0.0,0.0,0.0,0
5211.KL,18/3/2020,0.05088,0.067855,0.91517,0.016975,0.0,1.0,0.0,0.05088,0.91517,1
5211.KL,18/3/2021,0.0,0.0,0.0,0.0,0.0,0.0,0.0,0.0,0.0,0
5211.KL,18/3/2022,0.0,0.0,0.0,0.0,0.0,0.0,0.0,0.0,0.0,0
5211.KL,18/3/2023,0.203485,0.211172,0.781141,0.007687,1.0,0.0,0.0,0.203485,0.781141,1
5211.KL,18/3/2024,0.501342,0.515215,0.470912,0.013873,1.0,0.0,0.0,0.501342,0.878303,2
5211.KL,18/3/2025,-0.280269,0.028167,0.663397,0.308436,0.0,0.0,1.0,0.280269,0.663397,1
5211.KL,18/3/2026,0.622507,0.74894,0.124627,0.126433,1.0,0.0,0.0,0.622507,0.74894,3
5211.KL,18/4/2020,0.536066,0.591408,0.35325,0.055342,1.0,0.0,0.0,0.536066,0.591408,1
5211.KL,18/4/2021,0.894566,0.906823,0.08092,0.012257,1.0,0.0,0.0,0.894566,0.906823,1
5211.KL,18/4/2022,0.044909,0.071671,0.901567,0.026762,0.0,1.0,0.0,0.044909,0.901567,1
5211.KL,18/4/2023,0.0,0.0,0.0,0.0,0.0,0.0,0.0,0.0,0.0,0
5211.KL,18/4/2024,0.0,0.0,0.0,0.0,0.0,0.0,0.0,0.0,0.0,0
5211.KL,18/4/2025,0.194884,0.207472,0.779941,0.012588,1.0,0.0,0.0,0.194884,0.779941,2
5211.KL,18/5/2020,0.0,0.0,0.0,0.0,0.0,0.0,0.0,0.0,0.0,0
5211.KL,18/5/2021,0.0,0.0,0.0,0.0,0.0,0.0,0.0,0.0,0.0,0
5211.KL,18/5/2022,0.06413,0.086331,0.891468,0.022201,0.0,1.0,0.0,0.06413,0.891468,1
5211.KL,18/5/2023,0.929303,0.953233,0.022836,0.02393,1.0,0.0,0.0,0.929303,0.953233,1
5211.KL,18/5/2024,0.0,0.0,0.0,0.0,0.0,0.0,0.0,0.0,0.0,0
5211.KL,18/5/2025,0.0,0.0,0.0,0.0,0.0,0.0,0.0,0.0,0.0,0
5211.KL,18/6/2020,0.0,0.0,0.0,0.0,0.0,0.0,0.0,0.0,0.0,0
5211.KL,18/6/2021,0.816624,0.827686,0.161253,0.011062,1.0,0.0,0.0,0.816624,0.827686,1
5211.KL,18/6/2022,0.0,0.0,0.0,0.0,0.0,0.0,0.0,0.0,0.0,0
5211.KL,18/6/2023,0.0,0.0,0.0,0.0,0.0,0.0,0.0,0.0,0.0,0
5211.KL,18/6/2024,0.0,0.0,0.0,0.0,0.0,0.0,0.0,0.0,0.0,0
5211.KL,18/6/2025,-0.864405,0.059231,0.017134,0.923636,0.0,0.0,1.0,0.864405,0.923636,1
5211.KL,18/7/2020,0.0,0.0,0.0,0.0,0.0,0.0,0.0,0.0,0.0,0
5211.KL,18/7/2021,0.902294,0.918764,0.064765,0.01647,1.0,0.0,0.0,0.902294,0.918764,1
5211.KL,18/7/2022,-0.087643,0.218812,0.474732,0.306455,0.0,1.0,0.0,0.087643,0.474732,1
5211.KL,18/7/2023,0.579608,0.58994,0.399728,0.010332,0.666667,0.333333,0.0,0.579608,0.879748,3
5211.KL,18/7/2024,-0.698125,0.071243,0.159389,0.769368,0.0,0.0,1.0,0.698125,0.769368,1
5211.KL,18/7/2025,0.305938,0.377159,0.551619,0.071221,0.4,0.4,0.2,0.409671,0.870779,5
5211.KL,18/8/2020,0.0,0.0,0.0,0.0,0.0,0.0,0.0,0.0,0.0,0
5211.KL,18/8/2021,0.439948,0.495438,0.449072,0.05549,1.0,0.0,0.0,0.439948,0.495438,1
5211.KL,18/8/2022,0.043448,0.057886,0.927676,0.014438,0.0,1.0,0.0,0.043448,0.927676,1
5211.KL,18/8/2023,-0.409209,0.052074,0.486643,0.461283,0.0,0.5,0.5,0.437578,0.925539,2
5211.KL,18/8/2024,0.0,0.0,0.0,0.0,0.0,0.0,0.0,0.0,0.0,0
5211.KL,18/8/2025,0.44111,0.46106,0.51899,0.01995,1.0,0.0,0.0,0.44111,0.748411,3
5211.KL,18/9/2020,0.0,0.0,0.0,0.0,0.0,0.0,0.0,0.0,0.0,0
5211.KL,18/9/2021,0.0,0.0,0.0,0.0,0.0,0.0,0.0,0.0,0.0,0
5211.KL,18/9/2022,0.0,0.0,0.0,0.0,0.0,0.0,0.0,0.0,0.0,0
5211.KL,18/9/2023,0.360339,0.370546,0.619248,0.010206,1.0,0.0,0.0,0.360339,0.619248,1
5211.KL,18/9/2024,-0.204298,0.370716,0.054269,0.575015,0.0,0.0,1.0,0.204298,0.575015,1
5211.KL,18/9/2025,0.112412,0.226739,0.658935,0.114327,0.2,0.6,0.2,0.164402,0.76815,5
5211.KL,19/1/2020,0.0,0.0,0.0,0.0,0.0,0.0,0.0,0.0,0.0,0
5211.KL,19/1/2021,0.0,0.0,0.0,0.0,0.0,0.0,0.0,0.0,0.0,0
5211.KL,19/1/2022,0.45539,0.485833,0.483725,0.030442,0.5,0.5,0.0,0.45539,0.943384,2
5211.KL,19/1/2023,-0.293247,0.078375,0.550003,0.371622,0.0,0.0,1.0,0.293247,0.550003,1
5211.KL,19/1/2024,0.0,0.0,0.0,0.0,0.0,0.0,0.0,0.0,0.0,0
5211.KL,19/1/2025,0.033736,0.053541,0.926653,0.019805,0.0,1.0,0.0,0.033736,0.926653,1
5211.KL,19/1/2026,-0.002371,0.33688,0.32387,0.339251,0.333333,0.333333,0.333333,0.630648,0.946538,3
5211.KL,19/10/2020,0.0,0.0,0.0,0.0,0.0,0.0,0.0,0.0,0.0,0
5211.KL,19/10/2021,0.0,0.0,0.0,0.0,0.0,0.0,0.0,0.0,0.0,0
5211.KL,19/10/2022,0.809859,0.82626,0.157339,0.016401,1.0,0.0,0.0,0.809859,0.82626,3
5211.KL,19/10/2023,0.127101,0.310037,0.507027,0.182936,0.5,0.333333,0.166667,0.448835,0.795357,6
5211.KL,19/10/2024,0.060596,0.074561,0.911474,0.013965,0.0,1.0,0.0,0.060596,0.911474,1
5211.KL,19/10/2025,0.070598,0.081719,0.90716,0.011121,0.0,1.0,0.0,0.070598,0.90716,1
5211.KL,19/11/2020,0.0,0.0,0.0,0.0,0.0,0.0,0.0,0.0,0.0,0
5211.KL,19/11/2021,0.186438,0.193408,0.799622,0.00697,1.0,0.0,0.0,0.186438,0.799622,1
5211.KL,19/11/2022,0.0,0.0,0.0,0.0,0.0,0.0,0.0,0.0,0.0,0
5211.KL,19/11/2023,0.0,0.0,0.0,0.0,0.0,0.0,0.0,0.0,0.0,0
5211.KL,19/11/2024,0.348895,0.52073,0.307435,0.171835,0.666667,0.0,0.333333,0.439131,0.702046,3
5211.KL,19/11/2025,0.481101,0.497242,0.486617,0.016141,0.5,0.5,0.0,0.481101,0.945823,2
5211.KL,19/12/2020,0.0,0.0,0.0,0.0,0.0,0.0,0.0,0.0,0.0,0
5211.KL,19/12/2021,0.0,0.0,0.0,0.0,0.0,0.0,0.0,0.0,0.0,0
5211.KL,19/12/2022,0.255956,0.301242,0.653471,0.045286,1.0,0.0,0.0,0.255956,0.653471,1
5211.KL,19/12/2023,0.117721,0.135059,0.847603,0.017338,0.5,0.5,0.0,0.117721,0.847603,2
5211.KL,19/12/2024,0.0,0.0,0.0,0.0,0.0,0.0,0.0,0.0,0.0,0
5211.KL,19/12/2025,0.100962,0.254995,0.590972,0.154033,0.4,0.4,0.2,0.232198,0.809822,5
5211.KL,19/2/2020,-0.386567,0.254149,0.105135,0.640716,0.5,0.0,0.5,0.55149,0.723177,2
5211.KL,19/2/2021,0.0,0.0,0.0,0.0,0.0,0.0,0.0,0.0,0.0,0
5211.KL,19/2/2022,0.0,0.0,0.0,0.0,0.0,0.0,0.0,0.0,0.0,0
5211.KL,19/2/2023,0.0,0.0,0.0,0.0,0.0,0.0,0.0,0.0,0.0,0
5211.KL,19/2/2024,0.0,0.0,0.0,0.0,0.0,0.0,0.0,0.0,0.0,0
5211.KL,19/2/2025,0.191694,0.489683,0.212327,0.29799,0.666667,0.0,0.333333,0.757074,0.772374,3
5211.KL,19/2/2026,0.0,0.0,0.0,0.0,0.0,0.0,0.0,0.0,0.0,0
5211.KL,19/3/2020,-0.880808,0.011335,0.096523,0.892142,0.0,0.0,1.0,0.880808,0.892142,1
5211.KL,19/3/2021,0.084893,0.100697,0.883499,0.015804,0.0,1.0,0.0,0.084893,0.883499,1
5211.KL,19/3/2022,0.450269,0.459389,0.531492,0.00912,1.0,0.0,0.0,0.450269,0.531492,1
5211.KL,19/3/2023,0.13534,0.144597,0.846145,0.009257,1.0,0.0,0.0,0.13534,0.846145,1
5211.KL,19/3/2024,-0.326801,0.038809,0.59558,0.365611,0.0,0.5,0.5,0.328167,0.809129,2
5211.KL,19/3/2025,0.349998,0.391074,0.567851,0.041076,1.0,0.0,0.0,0.349998,0.567851,1
5211.KL,19/3/2026,0.021372,0.230188,0.560995,0.208817,0.4,0.4,0.2,0.397798,0.926241,5
5211.KL,19/4/2020,0.0,0.0,0.0,0.0,0.0,0.0,0.0,0.0,0.0,0
5211.KL,19/4/2021,0.847099,0.855192,0.136714,0.008094,1.0,0.0,0.0,0.847099,0.855192,1
5211.KL,19/4/2022,0.0,0.0,0.0,0.0,0.0,0.0,0.0,0.0,0.0,0
5211.KL,19/4/2023,0.0,0.0,0.0,0.0,0.0,0.0,0.0,0.0,0.0,0
5211.KL,19/4/2024,0.0,0.0,0.0,0.0,0.0,0.0,0.0,0.0,0.0,0
5211.KL,19/4/2025,0.324684,0.348987,0.62671,0.024303,0.5,0.5,0.0,0.324684,0.772642,2
5211.KL,19/5/2020,0.0,0.0,0.0,0.0,0.0,0.0,0.0,0.0,0.0,0
5211.KL,19/5/2021,0.0,0.0,0.0,0.0,0.0,0.0,0.0,0.0,0.0,0
5211.KL,19/5/2022,0.330413,0.352801,0.624811,0.022388,0.333333,0.666667,0.0,0.330413,0.918757,3
5211.KL,19/5/2023,0.070456,0.086528,0.8974,0.016072,0.0,1.0,0.0,0.070456,0.8974,1
5211.KL,19/5/2024,0.838049,0.847966,0.142117,0.009917,1.0,0.0,0.0,0.838049,0.847966,1
5211.KL,19/5/2025,-0.031539,0.466393,0.035676,0.497932,0.5,0.0,0.5,0.912522,0.938423,2
5211.KL,19/6/2020,0.189894,0.200272,0.789351,0.010377,1.0,0.0,0.0,0.189894,0.789351,1
5211.KL,19/6/2021,0.026749,0.041169,0.94441,0.014421,0.0,1.0,0.0,0.026749,0.94441,1
5211.KL,19/6/2022,0.0,0.0,0.0,0.0,0.0,0.0,0.0,0.0,0.0,0
5211.KL,19/6/2023,0.131686,0.142335,0.847015,0.01065,1.0,0.0,0.0,0.131686,0.847015,1
5211.KL,19/6/2024,0.208894,0.218423,0.772048,0.009529,1.0,0.0,0.0,0.208894,0.772048,1
5211.KL,19/6/2025,0.664458,0.763846,0.136766,0.099388,1.0,0.0,0.0,0.664458,0.763846,1
5211.KL,19/7/2020,0.090388,0.114167,0.862054,0.023779,0.0,1.0,0.0,0.090388,0.862054,1
5211.KL,19/7/2021,0.093226,0.113764,0.865699,0.020537,0.0,1.0,0.0,0.093226,0.865699,1
5211.KL,19/7/2022,-0.284355,0.160714,0.394217,0.445069,0.0,0.0,1.0,0.284355,0.445069,1
5211.KL,19/7/2023,0.057568,0.080662,0.896243,0.023095,0.0,1.0,0.0,0.057568,0.896243,1
5211.KL,19/7/2024,0.489875,0.502898,0.484078,0.013024,1.0,0.0,0.0,0.489875,0.757441,2
5211.KL,19/7/2025,0.090666,0.101674,0.887319,0.011008,0.0,1.0,0.0,0.090666,0.887319,1
5211.KL,19/8/2020,0.046154,0.061508,0.923138,0.015354,0.0,1.0,0.0,0.046154,0.923138,1
5211.KL,19/8/2021,0.0,0.0,0.0,0.0,0.0,0.0,0.0,0.0,0.0,0
5211.KL,19/8/2022,0.030728,0.043572,0.943585,0.012844,0.0,1.0,0.0,0.030728,0.943585,1
5211.KL,19/8/2023,0.204871,0.570904,0.063063,0.366033,1.0,0.0,0.0,0.204871,0.570904,1
5211.KL,19/8/2024,0.0,0.0,0.0,0.0,0.0,0.0,0.0,0.0,0.0,0
5211.KL,19/8/2025,0.363464,0.436371,0.490721,0.072907,0.75,0.125,0.125,0.456823,0.723948,8
5211.KL,19/9/2020,0.0,0.0,0.0,0.0,0.0,0.0,0.0,0.0,0.0,0
5211.KL,19/9/2021,0.0,0.0,0.0,0.0,0.0,0.0,0.0,0.0,0.0,0
5211.KL,19/9/2022,0.33402,0.357798,0.618424,0.023778,1.0,0.0,0.0,0.33402,0.618424,1
5211.KL,19/9/2023,0.0,0.0,0.0,0.0,0.0,0.0,0.0,0.0,0.0,0
5211.KL,19/9/2024,0.56044,0.597147,0.366145,0.036708,1.0,0.0,0.0,0.56044,0.811968,2
5211.KL,19/9/2025,0.016074,0.262258,0.491559,0.246184,0.25,0.5,0.25,0.475713,0.938344,4
5211.KL,2/1/2020,0.0,0.0,0.0,0.0,0.0,0.0,0.0,0.0,0.0,0
5211.KL,2/1/2021,0.0,0.0,0.0,0.0,0.0,0.0,0.0,0.0,0.0,0
5211.KL,2/1/2022,0.0,0.0,0.0,0.0,0.0,0.0,0.0,0.0,0.0,0
5211.KL,2/1/2023,0.231656,0.243859,0.743939,0.012202,1.0,0.0,0.0,0.231656,0.743939,1
5211.KL,2/1/2024,0.0,0.0,0.0,0.0,0.0,0.0,0.0,0.0,0.0,0
5211.KL,2/1/2025,0.035507,0.418244,0.19902,0.382736,0.666667,0.0,0.333333,0.560794,0.680887,3
5211.KL,2/1/2026,0.278638,0.292339,0.693959,0.013702,0.5,0.5,0.0,0.278638,0.73202,2
5211.KL,2/10/2020,0.0,0.0,0.0,0.0,0.0,0.0,0.0,0.0,0.0,0
5211.KL,2/10/2021,0.0,0.0,0.0,0.0,0.0,0.0,0.0,0.0,0.0,0
5211.KL,2/10/2022,0.0,0.0,0.0,0.0,0.0,0.0,0.0,0.0,0.0,0
5211.KL,2/10/2023,0.0,0.0,0.0,0.0,0.0,0.0,0.0,0.0,0.0,0
5211.KL,2/10/2024,0.789095,0.807271,0.174553,0.018176,1.0,0.0,0.0,0.789095,0.807271,2
5211.KL,2/10/2025,0.447035,0.484606,0.477824,0.03757,1.0,0.0,0.0,0.447035,0.484606,1
5211.KL,2/11/2020,0.0,0.0,0.0,0.0,0.0,0.0,0.0,0.0,0.0,0
5211.KL,2/11/2021,0.757849,0.80593,0.14599,0.04808,1.0,0.0,0.0,0.757849,0.80593,1
5211.KL,2/11/2022,-0.012848,0.020532,0.946087,0.033381,0.0,1.0,0.0,0.012848,0.946087,1
5211.KL,2/11/2023,0.0,0.0,0.0,0.0,0.0,0.0,0.0,0.0,0.0,0
5211.KL,2/11/2024,0.0,0.0,0.0,0.0,0.0,0.0,0.0,0.0,0.0,0
5211.KL,2/11/2025,-0.926185,0.008266,0.057283,0.934451,0.0,0.0,1.0,0.926185,0.934451,1
5211.KL,2/12/2020,0.0,0.0,0.0,0.0,0.0,0.0,0.0,0.0,0.0,0
5211.KL,2/12/2021,0.482154,0.497041,0.488073,0.014886,0.5,0.5,0.0,0.482154,0.94395,2
5211.KL,2/12/2022,-0.116724,0.101634,0.680007,0.218359,0.25,0.5,0.25,0.277887,0.847386,4
5211.KL,2/12/2023,0.120427,0.135942,0.848542,0.015516,1.0,0.0,0.0,0.120427,0.848542,1
5211.KL,2/12/2024,0.295737,0.306712,0.682313,0.010975,1.0,0.0,0.0,0.295737,0.682313,1
5211.KL,2/12/2025,0.399772,0.424536,0.550699,0.024764,0.666667,0.333333,0.0,0.399772,0.713082,3
5211.KL,2/2/2020,0.0,0.0,0.0,0.0,0.0,0.0,0.0,0.0,0.0,0
5211.KL,2/2/2021,0.0,0.0,0.0,0.0,0.0,0.0,0.0,0.0,0.0,0
5211.KL,2/2/2022,0.0,0.0,0.0,0.0,0.0,0.0,0.0,0.0,0.0,0
5211.KL,2/2/2023,0.0,0.0,0.0,0.0,0.0,0.0,0.0,0.0,0.0,0
5211.KL,2/2/2024,0.477377,0.4938,0.489777,0.016423,0.5,0.5,0.0,0.477377,0.948377,2
5211.KL,2/2/2025,0.0,0.0,0.0,0.0,0.0,0.0,0.0,0.0,0.0,0
5211.KL,2/2/2026,0.0,0.0,0.0,0.0,0.0,0.0,0.0,0.0,0.0,0
5211.KL,2/3/2020,0.0,0.0,0.0,0.0,0.0,0.0,0.0,0.0,0.0,0
5211.KL,2/3/2021,0.0,0.0,0.0,0.0,0.0,0.0,0.0,0.0,0.0,0
5211.KL,2/3/2022,0.0,0.0,0.0,0.0,0.0,0.0,0.0,0.0,0.0,0
5211.KL,2/3/2023,0.159762,0.17151,0.816741,0.011748,1.0,0.0,0.0,0.159762,0.816741,1
5211.KL,2/3/2024,-0.01435,0.039232,0.907185,0.053582,0.0,1.0,0.0,0.01435,0.907185,1
5211.KL,2/3/2025,0.0,0.0,0.0,0.0,0.0,0.0,0.0,0.0,0.0,0
5211.KL,2/3/2026,0.0317,0.04584,0.94002,0.01414,0.0,1.0,0.0,0.0317,0.94002,1
5211.KL,2/4/2020,0.100404,0.111316,0.877772,0.010912,1.0,0.0,0.0,0.100404,0.877772,1
5211.KL,2/4/2021,0.0,0.0,0.0,0.0,0.0,0.0,0.0,0.0,0.0,0
5211.KL,2/4/2022,0.0,0.0,0.0,0.0,0.0,0.0,0.0,0.0,0.0,0
5211.KL,2/4/2023,0.0,0.0,0.0,0.0,0.0,0.0,0.0,0.0,0.0,0
5211.KL,2/4/2024,0.554945,0.604877,0.345191,0.049932,0.666667,0.333333,0.0,0.607385,0.859056,3
5211.KL,2/4/2025,-0.564655,0.043245,0.348855,0.6079,0.0,0.333333,0.666667,0.564655,0.884868,3
5211.KL,2/5/2020,0.0,0.0,0.0,0.0,0.0,0.0,0.0,0.0,0.0,0
5211.KL,2/5/2021,0.0,0.0,0.0,0.0,0.0,0.0,0.0,0.0,0.0,0
5211.KL,2/5/2022,0.0,0.0,0.0,0.0,0.0,0.0,0.0,0.0,0.0,0
5211.KL,2/5/2023,0.665488,0.675682,0.314124,0.010194,1.0,0.0,0.0,0.665488,0.675682,1
5211.KL,2/5/2024,0.0,0.0,0.0,0.0,0.0,0.0,0.0,0.0,0.0,0
5211.KL,2/5/2025,0.0,0.0,0.0,0.0,0.0,0.0,0.0,0.0,0.0,0
5211.KL,2/6/2020,0.0,0.0,0.0,0.0,0.0,0.0,0.0,0.0,0.0,0
5211.KL,2/6/2021,0.0,0.0,0.0,0.0,0.0,0.0,0.0,0.0,0.0,0
5211.KL,2/6/2022,-0.824174,0.01954,0.136746,0.843714,0.0,0.0,1.0,0.824174,0.843714,1
5211.KL,2/6/2023,0.0,0.0,0.0,0.0,0.0,0.0,0.0,0.0,0.0,0
5211.KL,2/6/2024,0.149862,0.159492,0.830879,0.009629,1.0,0.0,0.0,0.149862,0.830879,1
5211.KL,2/6/2025,0.560072,0.596297,0.367477,0.036225,1.0,0.0,0.0,0.560072,0.596297,1
5211.KL,2/7/2020,0.0,0.0,0.0,0.0,0.0,0.0,0.0,0.0,0.0,0
5211.KL,2/7/2021,0.0,0.0,0.0,0.0,0.0,0.0,0.0,0.0,0.0,0
5211.KL,2/7/2022,0.209996,0.235381,0.739235,0.025385,1.0,0.0,0.0,0.209996,0.739235,2
5211.KL,2/7/2023,0.0,0.0,0.0,0.0,0.0,0.0,0.0,0.0,0.0,0
5211.KL,2/7/2024,0.215486,0.225694,0.764097,0.010209,1.0,0.0,0.0,0.215486,0.764097,2
5211.KL,2/7/2025,0.261069,0.275842,0.709386,0.014773,1.0,0.0,0.0,0.261069,0.709386,1
5211.KL,2/8/2020,0.0,0.0,0.0,0.0,0.0,0.0,0.0,0.0,0.0,0
5211.KL,2/8/2021,0.260457,0.298167,0.664122,0.03771,1.0,0.0,0.0,0.260457,0.664122,2
5211.KL,2/8/2022,0.112176,0.147162,0.817851,0.034986,1.0,0.0,0.0,0.112176,0.817851,1
5211.KL,2/8/2023,0.608902,0.637541,0.33382,0.028639,1.0,0.0,0.0,0.608902,0.637541,2
5211.KL,2/8/2024,0.0,0.0,0.0,0.0,0.0,0.0,0.0,0.0,0.0,0
5211.KL,2/8/2025,0.073964,0.095612,0.882741,0.021648,0.0,1.0,0.0,0.073964,0.882741,1
5211.KL,2/9/2020,0.252733,0.262553,0.727628,0.00982,1.0,0.0,0.0,0.252733,0.727628,1
5211.KL,2/9/2021,-0.335349,0.119442,0.425767,0.454791,0.0,0.0,1.0,0.335349,0.454791,1
5211.KL,2/9/2022,0.784495,0.794074,0.196347,0.009579,1.0,0.0,0.0,0.784495,0.794074,1
5211.KL,2/9/2023,0.078823,0.093535,0.891753,0.014712,0.0,1.0,0.0,0.078823,0.891753,1
5211.KL,2/9/2024,0.0,0.0,0.0,0.0,0.0,0.0,0.0,0.0,0.0,0
5211.KL,2/9/2025,0.47415,0.488499,0.497152,0.014349,0.5,0.5,0.0,0.47415,0.939192,2
5211.KL,20/1/2020,0.12261,0.152139,0.818333,0.029528,1.0,0.0,0.0,0.12261,0.818333,1
5211.KL,20/1/2021,0.069244,0.084915,0.899413,0.015672,0.0,1.0,0.0,0.069244,0.899413,1
5211.KL,20/1/2022,-0.519564,0.044696,0.391044,0.56426,0.0,0.0,1.0,0.519564,0.56426,1
5211.KL,20/1/2023,-0.763895,0.021242,0.193621,0.785137,0.0,0.0,1.0,0.763895,0.785137,1
5211.KL,20/1/2024,0.703156,0.716138,0.27088,0.012982,1.0,0.0,0.0,0.703156,0.729781,2
5211.KL,20/1/2025,-0.741522,0.069742,0.118995,0.811263,0.0,0.0,1.0,0.741522,0.811263,1
5211.KL,20/1/2026,0.14938,0.172634,0.804112,0.023254,1.0,0.0,0.0,0.14938,0.804112,1
5211.KL,20/10/2020,0.0,0.0,0.0,0.0,0.0,0.0,0.0,0.0,0.0,0
5211.KL,20/10/2021,0.0,0.0,0.0,0.0,0.0,0.0,0.0,0.0,0.0,0
5211.KL,20/10/2022,0.206692,0.228941,0.74881,0.022249,1.0,0.0,0.0,0.206692,0.74881,2
5211.KL,20/10/2023,0.159087,0.208818,0.74145,0.049732,1.0,0.0,0.0,0.159087,0.74145,1
5211.KL,20/10/2024,0.0,0.0,0.0,0.0,0.0,0.0,0.0,0.0,0.0,0
5211.KL,20/10/2025,0.0,0.0,0.0,0.0,0.0,0.0,0.0,0.0,0.0,0
5211.KL,20/11/2020,0.0,0.0,0.0,0.0,0.0,0.0,0.0,0.0,0.0,0
5211.KL,20/11/2021,0.571235,0.585403,0.400429,0.014168,1.0,0.0,0.0,0.571235,0.671694,2
5211.KL,20/11/2022,0.0,0.0,0.0,0.0,0.0,0.0,0.0,0.0,0.0,0
5211.KL,20/11/2023,0.397029,0.563086,0.270858,0.166057,0.6,0.2,0.2,0.692949,0.879142,5
5211.KL,20/11/2024,0.0,0.0,0.0,0.0,0.0,0.0,0.0,0.0,0.0,0
5211.KL,20/11/2025,0.649928,0.806315,0.037297,0.156388,1.0,0.0,0.0,0.649928,0.806315,2
5211.KL,20/12/2020,0.0,0.0,0.0,0.0,0.0,0.0,0.0,0.0,0.0,0
5211.KL,20/12/2021,0.462742,0.472588,0.517566,0.009846,1.0,0.0,0.0,0.462742,0.517566,1
5211.KL,20/12/2022,0.316968,0.41446,0.488049,0.097492,1.0,0.0,0.0,0.316968,0.488049,1
5211.KL,20/12/2023,0.691791,0.760101,0.171588,0.06831,1.0,0.0,0.0,0.691791,0.760101,1
5211.KL,20/12/2024,-0.286329,0.164695,0.384281,0.451024,0.5,0.0,0.5,0.58011,0.784356,4
5211.KL,20/12/2025,0.67945,0.693757,0.291936,0.014307,1.0,0.0,0.0,0.67945,0.901896,3
5211.KL,20/2/2020,-0.01409,0.023939,0.938032,0.038029,0.0,1.0,0.0,0.01409,0.938032,1
5211.KL,20/2/2021,0.580615,0.598451,0.383713,0.017836,0.666667,0.333333,0.0,0.580615,0.864143,3
5211.KL,20/2/2022,0.0,0.0,0.0,0.0,0.0,0.0,0.0,0.0,0.0,0
5211.KL,20/2/2023,0.197394,0.21185,0.773694,0.014456,1.0,0.0,0.0,0.197394,0.773694,2
5211.KL,20/2/2024,0.634167,0.641447,0.351273,0.00728,1.0,0.0,0.0,0.634167,0.641447,1
5211.KL,20/2/2025,-0.067452,0.071479,0.78959,0.138931,0.0,1.0,0.0,0.067452,0.78959,1
5211.KL,20/2/2026,-0.879572,0.051275,0.017878,0.930847,0.0,0.0,1.0,0.879572,0.930847,1
5211.KL,20/3/2020,-0.573642,0.026457,0.373444,0.600099,0.0,0.0,1.0,0.573642,0.600099,1
5211.KL,20/3/2021,0.030236,0.046549,0.937138,0.016313,0.0,1.0,0.0,0.030236,0.937138,1
5211.KL,20/3/2022,0.0,0.0,0.0,0.0,0.0,0.0,0.0,0.0,0.0,0
5211.KL,20/3/2023,-0.095497,0.047369,0.809764,0.142866,0.0,0.5,0.5,0.158959,0.809764,2
5211.KL,20/3/2024,0.11878,0.205597,0.707586,0.086817,0.5,0.5,0.0,0.212481,0.707586,2
5211.KL,20/3/2025,0.0,0.0,0.0,0.0,0.0,0.0,0.0,0.0,0.0,0
5211.KL,20/3/2026,0.395619,0.472863,0.449893,0.077244,0.5,0.5,0.0,0.395619,0.761249,2
5211.KL,20/4/2020,0.891665,0.907362,0.076942,0.015697,1.0,0.0,0.0,0.891665,0.907362,1
5211.KL,20/4/2021,0.027147,0.041781,0.943585,0.014634,0.0,1.0,0.0,0.027147,0.943585,1
5211.KL,20/4/2022,0.0,0.0,0.0,0.0,0.0,0.0,0.0,0.0,0.0,0
5211.KL,20/4/2023,0.924878,0.942681,0.039516,0.017803,1.0,0.0,0.0,0.924878,0.942681,1
5211.KL,20/4/2024,0.0,0.0,0.0,0.0,0.0,0.0,0.0,0.0,0.0,0
5211.KL,20/4/2025,0.201795,0.223614,0.754567,0.021819,1.0,0.0,0.0,0.201795,0.754567,1
5211.KL,20/5/2020,0.2591,0.29343,0.672239,0.03433,0.333333,0.666667,0.0,0.27501,0.867411,3
5211.KL,20/5/2021,0.030132,0.04668,0.936772,0.016548,0.0,1.0,0.0,0.030132,0.936772,1
5211.KL,20/5/2022,0.0,0.0,0.0,0.0,0.0,0.0,0.0,0.0,0.0,0
5211.KL,20/5/2023,0.14666,0.159039,0.828582,0.012379,1.0,0.0,0.0,0.14666,0.828582,1
5211.KL,20/5/2024,0.331578,0.362426,0.606725,0.030849,0.666667,0.333333,0.0,0.350614,0.899985,3
5211.KL,20/5/2025,0.168545,0.181055,0.806436,0.01251,1.0,0.0,0.0,0.168545,0.806436,1
5211.KL,20/6/2020,0.0,0.0,0.0,0.0,0.0,0.0,0.0,0.0,0.0,0
5211.KL,20/6/2021,0.007499,0.054709,0.89808,0.047211,0.0,1.0,0.0,0.063928,0.89808,2
5211.KL,20/6/2022,0.0,0.0,0.0,0.0,0.0,0.0,0.0,0.0,0.0,0
5211.KL,20/6/2023,0.518604,0.531841,0.454922,0.013237,1.0,0.0,0.0,0.518604,0.766832,2
5211.KL,20/6/2024,0.907002,0.925082,0.056838,0.01808,1.0,0.0,0.0,0.907002,0.925082,1
5211.KL,20/6/2025,0.0,0.0,0.0,0.0,0.0,0.0,0.0,0.0,0.0,0
5211.KL,20/7/2020,0.0,0.0,0.0,0.0,0.0,0.0,0.0,0.0,0.0,0
5211.KL,20/7/2021,0.0,0.0,0.0,0.0,0.0,0.0,0.0,0.0,0.0,0
5211.KL,20/7/2022,-0.705782,0.025231,0.243756,0.731013,0.0,0.0,1.0,0.705782,0.731013,1
5211.KL,20/7/2023,0.0,0.0,0.0,0.0,0.0,0.0,0.0,0.0,0.0,0
5211.KL,20/7/2024,0.897295,0.909843,0.077609,0.012548,1.0,0.0,0.0,0.897295,0.909843,1
5211.KL,20/7/2025,0.0,0.0,0.0,0.0,0.0,0.0,0.0,0.0,0.0,0
5211.KL,20/8/2020,0.294711,0.450412,0.393887,0.155701,0.5,0.0,0.5,0.535571,0.746166,2
5211.KL,20/8/2021,0.023408,0.038767,0.945873,0.01536,0.0,1.0,0.0,0.023408,0.945873,1
5211.KL,20/8/2022,0.123474,0.456878,0.209719,0.333404,0.666667,0.0,0.333333,0.745242,0.767762,3
5211.KL,20/8/2023,0.0,0.0,0.0,0.0,0.0,0.0,0.0,0.0,0.0,0
5211.KL,20/8/2024,0.0,0.0,0.0,0.0,0.0,0.0,0.0,0.0,0.0,0
5211.KL,20/8/2025,0.550075,0.569097,0.411881,0.019022,0.6,0.4,0.0,0.550075,0.908357,5
5211.KL,20/9/2020,0.0,0.0,0.0,0.0,0.0,0.0,0.0,0.0,0.0,0
5211.KL,20/9/2021,0.0,0.0,0.0,0.0,0.0,0.0,0.0,0.0,0.0,0
5211.KL,20/9/2022,0.0,0.0,0.0,0.0,0.0,0.0,0.0,0.0,0.0,0
5211.KL,20/9/2023,0.124081,0.144003,0.836076,0.019922,1.0,0.0,0.0,0.124081,0.836076,1
5211.KL,20/9/2024,0.320377,0.32827,0.663836,0.007894,1.0,0.0,0.0,0.320377,0.663836,1
5211.KL,20/9/2025,-0.215782,0.205002,0.374215,0.420784,0.0,0.0,1.0,0.215782,0.420784,1
5211.KL,21/1/2020,0.0,0.0,0.0,0.0,0.0,0.0,0.0,0.0,0.0,0
5211.KL,21/1/2021,0.0,0.0,0.0,0.0,0.0,0.0,0.0,0.0,0.0,0
5211.KL,21/1/2022,0.0,0.0,0.0,0.0,0.0,0.0,0.0,0.0,0.0,0
5211.KL,21/1/2023,0.0,0.0,0.0,0.0,0.0,0.0,0.0,0.0,0.0,0
5211.KL,21/1/2024,-0.700769,0.080938,0.137355,0.781707,0.0,0.0,1.0,0.700769,0.781707,1
5211.KL,21/1/2025,-0.512063,0.158264,0.17141,0.670327,0.0,0.0,1.0,0.512063,0.670327,2
5211.KL,21/1/2026,0.050849,0.333334,0.384181,0.282485,0.333333,0.333333,0.333333,0.550983,0.870692,3
5211.KL,21/10/2020,0.0,0.0,0.0,0.0,0.0,0.0,0.0,0.0,0.0,0
5211.KL,21/10/2021,0.0,0.0,0.0,0.0,0.0,0.0,0.0,0.0,0.0,0
5211.KL,21/10/2022,0.0,0.0,0.0,0.0,0.0,0.0,0.0,0.0,0.0,0
5211.KL,21/10/2023,0.0,0.0,0.0,0.0,0.0,0.0,0.0,0.0,0.0,0
5211.KL,21/10/2024,-0.102299,0.194201,0.509298,0.296501,0.0,0.0,1.0,0.102299,0.509298,1
5211.KL,21/10/2025,0.082526,0.102992,0.876541,0.020466,0.0,1.0,0.0,0.082526,0.876541,1
5211.KL,21/11/2020,0.0,0.0,0.0,0.0,0.0,0.0,0.0,0.0,0.0,0
5211.KL,21/11/2021,0.0,0.0,0.0,0.0,0.0,0.0,0.0,0.0,0.0,0
5211.KL,21/11/2022,0.037041,0.057116,0.922808,0.020075,0.0,1.0,0.0,0.037041,0.922808,2
5211.KL,21/11/2023,0.049598,0.066192,0.917213,0.016594,0.0,1.0,0.0,0.049598,0.917213,1
5211.KL,21/11/2024,0.745905,0.810407,0.125091,0.064502,1.0,0.0,0.0,0.745905,0.810407,2
5211.KL,21/11/2025,0.345761,0.370434,0.604892,0.024674,0.666667,0.333333,0.0,0.345761,0.899332,3
5211.KL,21/12/2020,0.0,0.0,0.0,0.0,0.0,0.0,0.0,0.0,0.0,0
5211.KL,21/12/2021,0.209384,0.221757,0.76587,0.012373,1.0,0.0,0.0,0.209384,0.76587,1
5211.KL,21/12/2022,0.154461,0.168904,0.816654,0.014443,1.0,0.0,0.0,0.154461,0.816654,2
5211.KL,21/12/2023,0.91907,0.940378,0.038314,0.021308,1.0,0.0,0.0,0.91907,0.940378,1
5211.KL,21/12/2024,-0.606729,0.177128,0.039015,0.783857,0.0,0.0,1.0,0.606729,0.783857,1
5211.KL,21/12/2025,0.0,0.0,0.0,0.0,0.0,0.0,0.0,0.0,0.0,0
5211.KL,21/2/2020,0.107928,0.494792,0.118344,0.386864,0.5,0.0,0.5,0.821496,0.851576,2
5211.KL,21/2/2021,0.461572,0.489751,0.482069,0.028179,1.0,0.0,0.0,0.461572,0.489751,1
5211.KL,21/2/2022,0.0,0.0,0.0,0.0,0.0,0.0,0.0,0.0,0.0,0
5211.KL,21/2/2023,0.366766,0.384048,0.598671,0.017281,0.666667,0.333333,0.0,0.366766,0.875579,3
5211.KL,21/2/2024,0.387764,0.424482,0.5388,0.036718,0.6,0.4,0.0,0.387764,0.84196,5
5211.KL,21/2/2025,0.386774,0.438933,0.508907,0.052159,0.4,0.6,0.0,0.389193,0.874982,5
5211.KL,21/2/2026,0.0,0.0,0.0,0.0,0.0,0.0,0.0,0.0,0.0,0
5211.KL,21/3/2020,-0.734543,0.016181,0.233095,0.750724,0.0,0.0,1.0,0.734543,0.750724,1
5211.KL,21/3/2021,0.0,0.0,0.0,0.0,0.0,0.0,0.0,0.0,0.0,0
5211.KL,21/3/2022,0.0,0.0,0.0,0.0,0.0,0.0,0.0,0.0,0.0,0
5211.KL,21/3/2023,0.052415,0.164987,0.72244,0.112573,0.5,0.5,0.0,0.105807,0.72244,2
5211.KL,21/3/2024,0.086868,0.097997,0.890873,0.011129,0.0,1.0,0.0,0.086868,0.890873,1
5211.KL,21/3/2025,0.270855,0.300915,0.669026,0.030059,0.5,0.5,0.0,0.270855,0.739119,2
5211.KL,21/4/2020,0.04077,0.057331,0.926107,0.016562,0.0,1.0,0.0,0.04077,0.926107,1
5211.KL,21/4/2021,0.0,0.0,0.0,0.0,0.0,0.0,0.0,0.0,0.0,0
5211.KL,21/4/2022,0.0,0.0,0.0,0.0,0.0,0.0,0.0,0.0,0.0,0
5211.KL,21/4/2023,0.0,0.0,0.0,0.0,0.0,0.0,0.0,0.0,0.0,0
5211.KL,21/4/2024,0.518724,0.541473,0.435779,0.022748,1.0,0.0,0.0,0.518724,0.710778,2
5211.KL,21/4/2025,0.617953,0.643772,0.33041,0.025818,1.0,0.0,0.0,0.617953,0.831315,3
5211.KL,21/5/2020,0.0,0.0,0.0,0.0,0.0,0.0,0.0,0.0,0.0,0
5211.KL,21/5/2021,0.035577,0.363293,0.308992,0.327715,0.666667,0.0,0.333333,0.657732,0.922692,3
5211.KL,21/5/2022,0.486932,0.496373,0.494185,0.009441,1.0,0.0,0.0,0.486932,0.496373,1
5211.KL,21/5/2023,0.0,0.0,0.0,0.0,0.0,0.0,0.0,0.0,0.0,0
5211.KL,21/5/2024,0.028651,0.042775,0.943101,0.014124,0.0,1.0,0.0,0.028651,0.943101,1
5211.KL,21/5/2025,0.48622,0.562525,0.36117,0.076305,0.666667,0.333333,0.0,0.48622,0.864171,3
5211.KL,21/6/2020,0.0,0.0,0.0,0.0,0.0,0.0,0.0,0.0,0.0,0
5211.KL,21/6/2021,0.759607,0.767967,0.223674,0.008359,1.0,0.0,0.0,0.759607,0.767967,1
5211.KL,21/6/2022,0.656012,0.667283,0.321445,0.011272,1.0,0.0,0.0,0.656012,0.730135,2
5211.KL,21/6/2023,0.305237,0.314479,0.676279,0.009242,1.0,0.0,0.0,0.305237,0.693471,3
5211.KL,21/6/2024,0.584762,0.60294,0.378883,0.018177,0.75,0.25,0.0,0.584762,0.824718,4
5211.KL,21/6/2025,0.0,0.0,0.0,0.0,0.0,0.0,0.0,0.0,0.0,0
5211.KL,21/7/2020,0.0,0.0,0.0,0.0,0.0,0.0,0.0,0.0,0.0,0
5211.KL,21/7/2021,0.0,0.0,0.0,0.0,0.0,0.0,0.0,0.0,0.0,0
5211.KL,21/7/2022,0.0,0.0,0.0,0.0,0.0,0.0,0.0,0.0,0.0,0
5211.KL,21/7/2023,-0.021889,0.043704,0.890702,0.065594,0.0,1.0,0.0,0.021889,0.890702,1
5211.KL,21/7/2024,0.0,0.0,0.0,0.0,0.0,0.0,0.0,0.0,0.0,0
5211.KL,21/7/2025,0.204441,0.484771,0.2349,0.280329,0.5,0.0,0.5,0.724417,0.744759,2
5211.KL,21/8/2020,0.10944,0.126291,0.856859,0.01685,0.5,0.5,0.0,0.10944,0.856859,2
5211.KL,21/8/2021,0.0,0.0,0.0,0.0,0.0,0.0,0.0,0.0,0.0,0
5211.KL,21/8/2022,0.0,0.0,0.0,0.0,0.0,0.0,0.0,0.0,0.0,0
5211.KL,21/8/2023,0.057217,0.079863,0.89749,0.022647,0.0,1.0,0.0,0.057217,0.89749,1
5211.KL,21/8/2024,-0.420196,0.039257,0.50129,0.459453,0.0,0.333333,0.666667,0.420196,0.698218,3
5211.KL,21/8/2025,0.0,0.0,0.0,0.0,0.0,0.0,0.0,0.0,0.0,0
5211.KL,21/9/2020,0.0,0.0,0.0,0.0,0.0,0.0,0.0,0.0,0.0,0
5211.KL,21/9/2021,-0.120161,0.036173,0.807494,0.156333,0.0,0.5,0.5,0.144329,0.807494,2
5211.KL,21/9/2022,0.090359,0.299044,0.492271,0.208685,0.333333,0.333333,0.333333,0.409693,0.69109,3
5211.KL,21/9/2023,0.296767,0.305467,0.685832,0.008701,1.0,0.0,0.0,0.296767,0.685832,1
5211.KL,21/9/2024,0.914092,0.943623,0.026846,0.029531,1.0,0.0,0.0,0.914092,0.943623,1
5211.KL,21/9/2025,0.0,0.0,0.0,0.0,0.0,0.0,0.0,0.0,0.0,0
5211.KL,22/1/2020,0.897639,0.90537,0.0869,0.007731,1.0,0.0,0.0,0.897639,0.90537,1
5211.KL,22/1/2021,0.0,0.0,0.0,0.0,0.0,0.0,0.0,0.0,0.0,0
5211.KL,22/1/2022,0.40978,0.422087,0.565605,0.012308,1.0,0.0,0.0,0.40978,0.766753,2
5211.KL,22/1/2023,0.096157,0.112881,0.870394,0.016725,0.0,1.0,0.0,0.096157,0.870394,1
5211.KL,22/1/2024,0.0,0.0,0.0,0.0,0.0,0.0,0.0,0.0,0.0,0
5211.KL,22/1/2025,0.243058,0.281008,0.681042,0.03795,0.428571,0.571429,0.0,0.245197,0.843798,7
5211.KL,22/1/2026,0.246522,0.299388,0.647747,0.052865,0.6,0.4,0.0,0.256156,0.728212,5
5211.KL,22/10/2020,-0.584863,0.05329,0.308557,0.638153,0.0,0.0,1.0,0.584863,0.638153,3
5211.KL,22/10/2021,0.0,0.0,0.0,0.0,0.0,0.0,0.0,0.0,0.0,0
5211.KL,22/10/2022,0.0,0.0,0.0,0.0,0.0,0.0,0.0,0.0,0.0,0
5211.KL,22/10/2023,0.0,0.0,0.0,0.0,0.0,0.0,0.0,0.0,0.0,0
5211.KL,22/10/2024,0.0,0.0,0.0,0.0,0.0,0.0,0.0,0.0,0.0,0
5211.KL,22/10/2025,0.0,0.0,0.0,0.0,0.0,0.0,0.0,0.0,0.0,0
5211.KL,22/11/2020,0.0,0.0,0.0,0.0,0.0,0.0,0.0,0.0,0.0,0
5211.KL,22/11/2021,0.163294,0.172328,0.818639,0.009034,0.5,0.5,0.0,0.163294,0.818639,2
5211.KL,22/11/2022,0.0,0.0,0.0,0.0,0.0,0.0,0.0,0.0,0.0,0
5211.KL,22/11/2023,0.027099,0.042616,0.941867,0.015517,0.0,1.0,0.0,0.027099,0.941867,2
5211.KL,22/11/2024,0.187607,0.426109,0.33539,0.238502,0.5,0.333333,0.166667,0.50566,0.863485,6
5211.KL,22/11/2025,0.0,0.0,0.0,0.0,0.0,0.0,0.0,0.0,0.0,0
5211.KL,22/12/2020,0.0,0.0,0.0,0.0,0.0,0.0,0.0,0.0,0.0,0
5211.KL,22/12/2021,0.269012,0.280533,0.707946,0.011521,1.0,0.0,0.0,0.269012,0.707946,1
5211.KL,22/12/2022,0.485048,0.505046,0.474956,0.019998,0.5,0.5,0.0,0.485048,0.909777,2
5211.KL,22/12/2023,0.0,0.0,0.0,0.0,0.0,0.0,0.0,0.0,0.0,0
5211.KL,22/12/2024,0.031195,0.046515,0.938164,0.01532,0.0,1.0,0.0,0.031195,0.938164,1
5211.KL,22/12/2025,0.4719,0.486777,0.498347,0.014876,0.5,0.5,0.0,0.4719,0.936614,2
5211.KL,22/2/2020,0.0,0.0,0.0,0.0,0.0,0.0,0.0,0.0,0.0,0
5211.KL,22/2/2021,0.448958,0.485483,0.477992,0.036525,0.5,0.5,0.0,0.484567,0.935746,2
5211.KL,22/2/2022,0.340766,0.348289,0.644187,0.007524,1.0,0.0,0.0,0.340766,0.644187,1
5211.KL,22/2/2023,-0.254806,0.068877,0.60744,0.323683,0.333333,0.333333,0.333333,0.364224,0.905758,3
5211.KL,22/2/2024,0.28172,0.292946,0.695828,0.011226,0.5,0.5,0.0,0.28172,0.867715,4
5211.KL,22/2/2025,0.0,0.0,0.0,0.0,0.0,0.0,0.0,0.0,0.0,0
5211.KL,22/2/2026,0.0,0.0,0.0,0.0,0.0,0.0,0.0,0.0,0.0,0
5211.KL,22/3/2020,0.90823,0.923339,0.061552,0.015109,1.0,0.0,0.0,0.90823,0.923339,1
5211.KL,22/3/2021,0.880156,0.890007,0.100142,0.009851,1.0,0.0,0.0,0.880156,0.890007,1
5211.KL,22/3/2022,0.0,0.0,0.0,0.0,0.0,0.0,0.0,0.0,0.0,0
5211.KL,22/3/2023,-0.004077,0.044396,0.907132,0.048472,0.0,1.0,0.0,0.004077,0.907132,1
5211.KL,22/3/2024,-0.214742,0.186583,0.412091,0.401325,0.25,0.25,0.5,0.379027,0.734341,4
5211.KL,22/3/2025,0.114345,0.125191,0.863962,0.010846,0.5,0.5,0.0,0.114345,0.863962,2
5211.KL,22/4/2020,0.02678,0.043321,0.940139,0.016541,0.0,1.0,0.0,0.02678,0.940139,1
5211.KL,22/4/2021,0.0,0.0,0.0,0.0,0.0,0.0,0.0,0.0,0.0,0
5211.KL,22/4/2022,0.0,0.0,0.0,0.0,0.0,0.0,0.0,0.0,0.0,0
5211.KL,22/4/2023,0.911716,0.927266,0.057184,0.01555,1.0,0.0,0.0,0.911716,0.927266,1
5211.KL,22/4/2024,0.373503,0.390485,0.592533,0.016982,1.0,0.0,0.0,0.373503,0.70332,2
5211.KL,22/4/2025,0.720908,0.733835,0.253238,0.012927,1.0,0.0,0.0,0.720908,0.733835,1
5211.KL,22/5/2020,-0.076514,0.170471,0.582545,0.246985,0.333333,0.333333,0.333333,0.20492,0.797033,3
5211.KL,22/5/2021,0.0,0.0,0.0,0.0,0.0,0.0,0.0,0.0,0.0,0
5211.KL,22/5/2022,0.0,0.0,0.0,0.0,0.0,0.0,0.0,0.0,0.0,0
5211.KL,22/5/2023,0.052313,0.316569,0.419174,0.264256,0.5,0.0,0.5,0.359672,0.698852,4
5211.KL,22/5/2024,0.58635,0.596693,0.392965,0.010343,1.0,0.0,0.0,0.58635,0.837085,2
5211.KL,22/5/2025,-0.816833,0.05836,0.066448,0.875192,0.0,0.0,1.0,0.816833,0.875192,2
5211.KL,22/6/2020,0.0,0.0,0.0,0.0,0.0,0.0,0.0,0.0,0.0,0
5211.KL,22/6/2021,0.0,0.0,0.0,0.0,0.0,0.0,0.0,0.0,0.0,0
5211.KL,22/6/2022,0.212218,0.46042,0.291378,0.248202,0.75,0.0,0.25,0.682501,0.865791,4
5211.KL,22/6/2023,-0.161999,0.129086,0.579829,0.291085,0.333333,0.333333,0.333333,0.384241,0.811466,3
5211.KL,22/6/2024,0.494227,0.504454,0.485319,0.010227,1.0,0.0,0.0,0.494227,0.649403,2
5211.KL,22/6/2025,0.17005,0.179927,0.810197,0.009876,1.0,0.0,0.0,0.17005,0.810197,1
5211.KL,22/7/2020,0.292918,0.30301,0.686898,0.010092,1.0,0.0,0.0,0.292918,0.686898,1
5211.KL,22/7/2021,0.091856,0.105643,0.88057,0.013787,0.0,1.0,0.0,0.091856,0.88057,1
5211.KL,22/7/2022,0.0,0.0,0.0,0.0,0.0,0.0,0.0,0.0,0.0,0
5211.KL,22/7/2023,0.0,0.0,0.0,0.0,0.0,0.0,0.0,0.0,0.0,0
5211.KL,22/7/2024,0.028814,0.042445,0.943923,0.013631,0.0,1.0,0.0,0.028814,0.943923,1
5211.KL,22/7/2025,-0.604469,0.031075,0.333381,0.635544,0.0,0.333333,0.666667,0.625981,0.943964,3
5211.KL,22/8/2020,0.0,0.0,0.0,0.0,0.0,0.0,0.0,0.0,0.0,0
5211.KL,22/8/2021,0.0,0.0,0.0,0.0,0.0,0.0,0.0,0.0,0.0,0
5211.KL,22/8/2022,0.19281,0.451631,0.289549,0.258821,0.75,0.0,0.25,0.62656,0.787983,4
5211.KL,22/8/2023,0.025378,0.043369,0.93864,0.017991,0.0,1.0,0.0,0.025378,0.93864,1
5211.KL,22/8/2024,-0.153566,0.108863,0.628708,0.262429,0.333333,0.333333,0.333333,0.307855,0.78109,3
5211.KL,22/8/2025,0.511292,0.549115,0.413061,0.037824,0.8,0.2,0.0,0.511292,0.78845,5
5211.KL,22/9/2020,-0.77078,0.017876,0.193468,0.788656,0.0,0.0,1.0,0.77078,0.788656,1
5211.KL,22/9/2021,0.024169,0.055056,0.914058,0.030887,0.0,1.0,0.0,0.024169,0.914058,1
5211.KL,22/9/2022,0.067929,0.0786,0.910729,0.010671,0.0,1.0,0.0,0.067929,0.910729,1
5211.KL,22/9/2023,-0.766147,0.019501,0.194851,0.785648,0.0,0.0,1.0,0.766147,0.785648,1
5211.KL,22/9/2024,0.0,0.0,0.0,0.0,0.0,0.0,0.0,0.0,0.0,0
5211.KL,22/9/2025,0.097709,0.111069,0.875572,0.01336,0.5,0.5,0.0,0.097709,0.875572,2
5211.KL,23/1/2020,0.0,0.0,0.0,0.0,0.0,0.0,0.0,0.0,0.0,0
5211.KL,23/1/2021,0.0,0.0,0.0,0.0,0.0,0.0,0.0,0.0,0.0,0
5211.KL,23/1/2022,0.158704,0.175121,0.808463,0.016416,1.0,0.0,0.0,0.158704,0.808463,1
5211.KL,23/1/2023,0.0,0.0,0.0,0.0,0.0,0.0,0.0,0.0,0.0,0
5211.KL,23/1/2024,0.0,0.0,0.0,0.0,0.0,0.0,0.0,0.0,0.0,0
5211.KL,23/1/2025,-0.171422,0.122608,0.583363,0.294029,0.333333,0.333333,0.333333,0.383157,0.829043,3
5211.KL,23/1/2026,-0.440481,0.132284,0.294952,0.572764,0.0,0.0,1.0,0.440481,0.572764,1
5211.KL,23/10/2020,-0.268576,0.063594,0.604236,0.33217,0.0,0.0,1.0,0.268576,0.604236,1
5211.KL,23/10/2021,0.891255,0.90143,0.088396,0.010175,1.0,0.0,0.0,0.891255,0.90143,1
5211.KL,23/10/2022,0.0,0.0,0.0,0.0,0.0,0.0,0.0,0.0,0.0,0
5211.KL,23/10/2023,0.473362,0.485194,0.502973,0.011832,1.0,0.0,0.0,0.473362,0.8357,2
5211.KL,23/10/2024,0.0,0.0,0.0,0.0,0.0,0.0,0.0,0.0,0.0,0
5211.KL,23/10/2025,-0.370698,0.09172,0.445862,0.462418,0.5,0.0,0.5,0.474418,0.892353,2
5211.KL,23/11/2020,0.020815,0.138538,0.743739,0.117723,0.5,0.0,0.5,0.208171,0.743739,2
5211.KL,23/11/2021,0.0,0.0,0.0,0.0,0.0,0.0,0.0,0.0,0.0,0
5211.KL,23/11/2022,0.0381,0.335853,0.366394,0.297753,0.333333,0.333333,0.333333,0.589084,0.917369,3
5211.KL,23/11/2023,0.066241,0.086383,0.893474,0.020142,0.5,0.5,0.0,0.066241,0.893474,2
5211.KL,23/11/2024,0.709718,0.732956,0.243807,0.023237,1.0,0.0,0.0,0.709718,0.732956,1
5211.KL,23/11/2025,-0.443229,0.261494,0.033783,0.704723,0.0,0.0,1.0,0.443229,0.704723,1
5211.KL,23/12/2020,0.0,0.0,0.0,0.0,0.0,0.0,0.0,0.0,0.0,0
5211.KL,23/12/2021,0.603607,0.619882,0.363842,0.016275,1.0,0.0,0.0,0.603607,0.769731,2
5211.KL,23/12/2022,0.064691,0.094538,0.875616,0.029847,0.5,0.5,0.0,0.081849,0.875616,2
5211.KL,23/12/2023,0.059365,0.0768,0.905764,0.017435,0.0,1.0,0.0,0.059365,0.905764,1
5211.KL,23/12/2024,0.0,0.0,0.0,0.0,0.0,0.0,0.0,0.0,0.0,0
5211.KL,23/12/2025,0.0,0.0,0.0,0.0,0.0,0.0,0.0,0.0,0.0,0
5211.KL,23/2/2020,0.0,0.0,0.0,0.0,0.0,0.0,0.0,0.0,0.0,0
5211.KL,23/2/2021,0.626912,0.641923,0.343066,0.015011,1.0,0.0,0.0,0.626912,0.712561,2
5211.KL,23/2/2022,0.0,0.0,0.0,0.0,0.0,0.0,0.0,0.0,0.0,0
5211.KL,23/2/2023,0.918567,0.92958,0.059408,0.011012,1.0,0.0,0.0,0.918567,0.92958,1
5211.KL,23/2/2024,0.0,0.0,0.0,0.0,0.0,0.0,0.0,0.0,0.0,0
5211.KL,23/2/2025,0.0,0.0,0.0,0.0,0.0,0.0,0.0,0.0,0.0,0
5211.KL,23/2/2026,-0.457841,0.082429,0.377301,0.54027,0.0,0.0,1.0,0.457841,0.699797,2
5211.KL,23/3/2020,0.117485,0.450203,0.21708,0.332718,1.0,0.0,0.0,0.117485,0.450203,1
5211.KL,23/3/2021,-0.302968,0.13732,0.422392,0.440288,0.5,0.0,0.5,0.55684,0.802814,2
5211.KL,23/3/2022,0.891913,0.899136,0.093642,0.007223,1.0,0.0,0.0,0.891913,0.899136,1
5211.KL,23/3/2023,-0.402295,0.076233,0.445239,0.478528,0.5,0.0,0.5,0.523375,0.894818,2
5211.KL,23/3/2024,-0.178244,0.095951,0.629853,0.274195,0.0,0.666667,0.333333,0.216585,0.801294,3
5211.KL,23/3/2025,0.0,0.0,0.0,0.0,0.0,0.0,0.0,0.0,0.0,0
5211.KL,23/4/2020,0.163488,0.174747,0.813994,0.011259,0.5,0.5,0.0,0.163488,0.813994,2
5211.KL,23/4/2021,0.0,0.0,0.0,0.0,0.0,0.0,0.0,0.0,0.0,0
5211.KL,23/4/2022,0.0,0.0,0.0,0.0,0.0,0.0,0.0,0.0,0.0,0
5211.KL,23/4/2023,0.0,0.0,0.0,0.0,0.0,0.0,0.0,0.0,0.0,0
5211.KL,23/4/2024,0.037649,0.0506,0.936448,0.012952,0.0,1.0,0.0,0.037649,0.936448,1
5211.KL,23/4/2025,0.107627,0.366866,0.373896,0.259239,0.5,0.25,0.25,0.569415,0.780466,4
5211.KL,23/5/2020,0.455519,0.516372,0.422774,0.060854,0.5,0.5,0.0,0.471865,0.877812,2
5211.KL,23/5/2021,0.0,0.0,0.0,0.0,0.0,0.0,0.0,0.0,0.0,0
5211.KL,23/5/2022,0.696041,0.705029,0.285983,0.008988,1.0,0.0,0.0,0.696041,0.705029,1
5211.KL,23/5/2023,0.474583,0.489981,0.494621,0.015398,0.5,0.5,0.0,0.474583,0.932696,2
5211.KL,23/5/2024,0.018692,0.035092,0.948508,0.0164,0.0,1.0,0.0,0.018692,0.948508,1
5211.KL,23/5/2025,0.914223,0.931462,0.0513,0.017239,1.0,0.0,0.0,0.914223,0.931462,2
5211.KL,23/6/2020,-0.510021,0.041203,0.407573,0.551224,0.0,0.0,1.0,0.510021,0.551224,1
5211.KL,23/6/2021,-0.001072,0.026727,0.945475,0.027799,0.0,1.0,0.0,0.001072,0.945475,1
5211.KL,23/6/2022,0.858106,0.86771,0.122687,0.009604,1.0,0.0,0.0,0.858106,0.86771,1
5211.KL,23/6/2023,-0.673265,0.023806,0.279123,0.697071,0.0,0.0,1.0,0.673265,0.697071,1
5211.KL,23/6/2024,0.111046,0.177998,0.75505,0.066952,1.0,0.0,0.0,0.111046,0.75505,1
5211.KL,23/6/2025,0.428322,0.43883,0.550663,0.010507,1.0,0.0,0.0,0.428322,0.550663,1
5211.KL,23/7/2020,-0.026937,0.02189,0.929283,0.048827,0.0,1.0,0.0,0.026937,0.929283,1
5211.KL,23/7/2021,0.0,0.0,0.0,0.0,0.0,0.0,0.0,0.0,0.0,0
5211.KL,23/7/2022,0.0,0.0,0.0,0.0,0.0,0.0,0.0,0.0,0.0,0
5211.KL,23/7/2023,0.0,0.0,0.0,0.0,0.0,0.0,0.0,0.0,0.0,0
5211.KL,23/7/2024,0.911868,0.924678,0.062513,0.01281,1.0,0.0,0.0,0.911868,0.924678,1
5211.KL,23/7/2025,0.660871,0.683184,0.294503,0.022313,0.75,0.25,0.0,0.661448,0.907447,4
5211.KL,23/8/2020,0.0,0.0,0.0,0.0,0.0,0.0,0.0,0.0,0.0,0
5211.KL,23/8/2021,0.0,0.0,0.0,0.0,0.0,0.0,0.0,0.0,0.0,0
5211.KL,23/8/2022,0.108328,0.12349,0.861348,0.015162,0.333333,0.666667,0.0,0.108328,0.861348,3
5211.KL,23/8/2023,0.036417,0.055951,0.924515,0.019534,0.0,1.0,0.0,0.036417,0.924515,1
5211.KL,23/8/2024,0.508937,0.523716,0.461506,0.014779,0.75,0.25,0.0,0.508937,0.79158,4
5211.KL,23/8/2025,0.250481,0.301393,0.647694,0.050913,0.666667,0.333333,0.0,0.250481,0.725949,3
5211.KL,23/9/2020,0.174878,0.485821,0.203236,0.310943,0.5,0.0,0.5,0.759888,0.778326,2
5211.KL,23/9/2021,0.0,0.0,0.0,0.0,0.0,0.0,0.0,0.0,0.0,0
5211.KL,23/9/2022,0.139954,0.147836,0.844282,0.007882,1.0,0.0,0.0,0.139954,0.844282,1
5211.KL,23/9/2023,0.048317,0.070756,0.906805,0.022439,0.0,1.0,0.0,0.048317,0.906805,1
5211.KL,23/9/2024,0.0,0.0,0.0,0.0,0.0,0.0,0.0,0.0,0.0,0
5211.KL,23/9/2025,0.0,0.0,0.0,0.0,0.0,0.0,0.0,0.0,0.0,0
5211.KL,24/1/2020,0.07496,0.095353,0.884254,0.020393,0.5,0.5,0.0,0.07496,0.884254,2
5211.KL,24/1/2021,0.0,0.0,0.0,0.0,0.0,0.0,0.0,0.0,0.0,0
5211.KL,24/1/2022,0.0,0.0,0.0,0.0,0.0,0.0,0.0,0.0,0.0,0
5211.KL,24/1/2023,0.0,0.0,0.0,0.0,0.0,0.0,0.0,0.0,0.0,0
5211.KL,24/1/2024,0.08499,0.096425,0.892139,0.011435,0.0,1.0,0.0,0.08499,0.892139,1
5211.KL,24/1/2025,0.075544,0.285933,0.503678,0.210389,0.5,0.25,0.25,0.45937,0.868063,4
5211.KL,24/1/2026,0.0,0.0,0.0,0.0,0.0,0.0,0.0,0.0,0.0,0
5211.KL,24/10/2020,0.327563,0.381181,0.5652,0.053618,1.0,0.0,0.0,0.327563,0.5652,1
5211.KL,24/10/2021,0.0,0.0,0.0,0.0,0.0,0.0,0.0,0.0,0.0,0
5211.KL,24/10/2022,0.0,0.0,0.0,0.0,0.0,0.0,0.0,0.0,0.0,0
5211.KL,24/10/2023,0.370264,0.380612,0.60904,0.010348,1.0,0.0,0.0,0.370264,0.60904,1
5211.KL,24/10/2024,0.516505,0.532965,0.450575,0.01646,0.666667,0.333333,0.0,0.516505,0.796401,3
5211.KL,24/10/2025,0.281934,0.29386,0.694214,0.011926,0.5,0.5,0.0,0.281934,0.749364,2
5211.KL,24/11/2020,0.113626,0.127924,0.857777,0.014298,0.5,0.5,0.0,0.113626,0.857777,2
5211.KL,24/11/2021,0.0,0.0,0.0,0.0,0.0,0.0,0.0,0.0,0.0,0
5211.KL,24/11/2022,-0.322686,0.05702,0.563274,0.379706,0.333333,0.0,0.666667,0.391651,0.815576,3
5211.KL,24/11/2023,0.0,0.0,0.0,0.0,0.0,0.0,0.0,0.0,0.0,0
5211.KL,24/11/2024,0.0,0.0,0.0,0.0,0.0,0.0,0.0,0.0,0.0,0
5211.KL,24/11/2025,0.594268,0.606967,0.380333,0.0127,1.0,0.0,0.0,0.594268,0.684097,3
5211.KL,24/12/2020,0.007026,0.030035,0.946957,0.023008,0.0,1.0,0.0,0.007026,0.946957,1
5211.KL,24/12/2021,0.122724,0.137337,0.848051,0.014612,1.0,0.0,0.0,0.122724,0.848051,1
5211.KL,24/12/2022,-0.010172,0.046946,0.895935,0.057118,0.0,1.0,0.0,0.054743,0.895935,3
5211.KL,24/12/2023,0.0,0.0,0.0,0.0,0.0,0.0,0.0,0.0,0.0,0
5211.KL,24/12/2024,0.929049,0.947292,0.034465,0.018243,1.0,0.0,0.0,0.929049,0.947292,1
5211.KL,24/12/2025,-0.179055,0.053452,0.71404,0.232507,0.0,0.0,1.0,0.179055,0.71404,1
5211.KL,24/2/2020,-0.869839,0.040083,0.049996,0.909922,0.0,0.0,1.0,0.869839,0.909922,2
5211.KL,24/2/2021,0.346794,0.368495,0.609803,0.021702,0.333333,0.666667,0.0,0.346794,0.916772,3
5211.KL,24/2/2022,0.352221,0.37248,0.60726,0.020259,0.333333,0.666667,0.0,0.352221,0.905414,3
5211.KL,24/2/2023,0.598905,0.615502,0.367901,0.016597,0.666667,0.333333,0.0,0.598905,0.917174,3
5211.KL,24/2/2024,-0.003484,0.037404,0.921707,0.040888,0.0,1.0,0.0,0.003484,0.921707,1
5211.KL,24/2/2025,0.162697,0.171016,0.820665,0.008319,1.0,0.0,0.0,0.162697,0.820665,1
5211.KL,24/2/2026,0.018731,0.403381,0.211969,0.38465,0.4,0.2,0.4,0.731766,0.936778,5
5211.KL,24/3/2020,0.072522,0.084415,0.903692,0.011893,0.0,1.0,0.0,0.072522,0.903692,3
5211.KL,24/3/2021,-0.940121,0.011234,0.037412,0.951355,0.0,0.0,1.0,0.940121,0.951355,1
5211.KL,24/3/2022,0.911252,0.924002,0.063248,0.01275,1.0,0.0,0.0,0.911252,0.924002,1
5211.KL,24/3/2023,0.482037,0.498665,0.484707,0.016628,0.5,0.5,0.0,0.482037,0.947833,2
5211.KL,24/3/2024,-0.061261,0.22127,0.4962,0.28253,0.5,0.0,0.5,0.467983,0.560087,2
5211.KL,24/3/2025,0.0,0.0,0.0,0.0,0.0,0.0,0.0,0.0,0.0,0
5211.KL,24/4/2020,0.492422,0.505754,0.480914,0.013332,0.5,0.5,0.0,0.492422,0.898114,2
5211.KL,24/4/2021,0.007798,0.044248,0.919303,0.036449,0.0,1.0,0.0,0.007798,0.919303,1
5211.KL,24/4/2022,0.104775,0.120648,0.863479,0.015873,1.0,0.0,0.0,0.104775,0.863479,1
5211.KL,24/4/2023,0.0,0.0,0.0,0.0,0.0,0.0,0.0,0.0,0.0,0
5211.KL,24/4/2024,0.147518,0.167824,0.81187,0.020306,0.666667,0.333333,0.0,0.147518,0.81187,3
5211.KL,24/4/2025,0.023817,0.044453,0.934911,0.020636,0.0,1.0,0.0,0.023817,0.934911,1
5211.KL,24/5/2020,0.540659,0.558646,0.423368,0.017986,1.0,0.0,0.0,0.540659,0.558646,1
5211.KL,24/5/2021,0.013455,0.062843,0.887768,0.049388,0.0,1.0,0.0,0.013455,0.887768,1
5211.KL,24/5/2022,0.0,0.0,0.0,0.0,0.0,0.0,0.0,0.0,0.0,0
5211.KL,24/5/2023,0.899485,0.919889,0.059708,0.020404,1.0,0.0,0.0,0.899485,0.919889,1
5211.KL,24/5/2024,0.0,0.0,0.0,0.0,0.0,0.0,0.0,0.0,0.0,0
5211.KL,24/5/2025,-0.746232,0.105807,0.042155,0.852039,0.0,0.0,1.0,0.746232,0.852039,1
5211.KL,24/6/2020,0.0,0.0,0.0,0.0,0.0,0.0,0.0,0.0,0.0,0
5211.KL,24/6/2021,0.122617,0.137652,0.847314,0.015034,0.666667,0.333333,0.0,0.122617,0.847314,3
5211.KL,24/6/2022,0.055364,0.065749,0.923865,0.010385,0.0,1.0,0.0,0.055364,0.923865,1
5211.KL,24/6/2023,0.203551,0.458945,0.285661,0.255394,0.5,0.25,0.25,0.674374,0.908054,4
5211.KL,24/6/2024,-0.223795,0.092625,0.590955,0.31642,0.333333,0.333333,0.333333,0.342821,0.891293,3
5211.KL,24/6/2025,0.902409,0.923939,0.054531,0.02153,1.0,0.0,0.0,0.902409,0.923939,1
5211.KL,24/7/2020,-0.135385,0.335467,0.19368,0.470852,0.5,0.0,0.5,0.780675,0.793497,2
5211.KL,24/7/2021,0.243892,0.252931,0.738031,0.009039,1.0,0.0,0.0,0.243892,0.738031,1
5211.KL,24/7/2022,0.0,0.0,0.0,0.0,0.0,0.0,0.0,0.0,0.0,0
5211.KL,24/7/2023,-0.393771,0.06376,0.478709,0.457531,0.0,0.0,1.0,0.393771,0.478709,1
5211.KL,24/7/2024,-0.466079,0.066889,0.400142,0.532968,0.0,0.5,0.5,0.489711,0.872876,2
5211.KL,24/7/2025,0.052922,0.073946,0.90503,0.021024,0.0,1.0,0.0,0.052922,0.90503,1
5211.KL,24/8/2020,0.0,0.0,0.0,0.0,0.0,0.0,0.0,0.0,0.0,0
5211.KL,24/8/2021,0.0,0.0,0.0,0.0,0.0,0.0,0.0,0.0,0.0,0
5211.KL,24/8/2022,-0.373601,0.069428,0.487544,0.443029,0.0,0.5,0.5,0.39615,0.893819,2
5211.KL,24/8/2023,0.0,0.0,0.0,0.0,0.0,0.0,0.0,0.0,0.0,0
5211.KL,24/8/2024,-0.101458,0.046648,0.805246,0.148106,0.0,0.0,1.0,0.101458,0.805246,1
5211.KL,24/8/2025,-0.673813,0.024241,0.277706,0.698053,0.0,0.0,1.0,0.673813,0.698053,1
5211.KL,24/9/2020,0.0,0.0,0.0,0.0,0.0,0.0,0.0,0.0,0.0,0
5211.KL,24/9/2021,0.359528,0.384329,0.590871,0.024801,1.0,0.0,0.0,0.359528,0.590871,1
5211.KL,24/9/2022,0.0,0.0,0.0,0.0,0.0,0.0,0.0,0.0,0.0,0
5211.KL,24/9/2023,0.0,0.0,0.0,0.0,0.0,0.0,0.0,0.0,0.0,0
5211.KL,24/9/2024,0.0,0.0,0.0,0.0,0.0,0.0,0.0,0.0,0.0,0
5211.KL,24/9/2025,0.453232,0.501308,0.450616,0.048076,0.75,0.0,0.25,0.510852,0.685019,4
5211.KL,25/1/2020,0.0,0.0,0.0,0.0,0.0,0.0,0.0,0.0,0.0,0
5211.KL,25/1/2021,0.0,0.0,0.0,0.0,0.0,0.0,0.0,0.0,0.0,0
5211.KL,25/1/2022,0.401073,0.491135,0.418803,0.090062,1.0,0.0,0.0,0.401073,0.491135,1
5211.KL,25/1/2023,0.0,0.0,0.0,0.0,0.0,0.0,0.0,0.0,0.0,0
5211.KL,25/1/2024,0.077297,0.097044,0.883209,0.019747,0.0,1.0,0.0,0.077297,0.883209,1
5211.KL,25/1/2025,-0.518566,0.033541,0.414352,0.552107,0.0,0.333333,0.666667,0.542539,0.849748,3
5211.KL,25/1/2026,0.0,0.0,0.0,0.0,0.0,0.0,0.0,0.0,0.0,0
5211.KL,25/10/2020,-0.908503,0.015487,0.060522,0.923991,0.0,0.0,1.0,0.908503,0.923991,1
5211.KL,25/10/2021,0.0,0.0,0.0,0.0,0.0,0.0,0.0,0.0,0.0,0
5211.KL,25/10/2022,0.0,0.0,0.0,0.0,0.0,0.0,0.0,0.0,0.0,0
5211.KL,25/10/2023,-0.359883,0.079477,0.481164,0.439359,0.0,0.5,0.5,0.454402,0.860529,2
5211.KL,25/10/2024,0.0,0.0,0.0,0.0,0.0,0.0,0.0,0.0,0.0,0
5211.KL,25/10/2025,0.0,0.0,0.0,0.0,0.0,0.0,0.0,0.0,0.0,0
5211.KL,25/11/2020,0.118698,0.492203,0.134292,0.373505,0.5,0.0,0.5,0.793387,0.829547,2
5211.KL,25/11/2021,0.608171,0.623502,0.361167,0.015331,1.0,0.0,0.0,0.608171,0.623502,1
5211.KL,25/11/2022,-0.002827,0.029566,0.938041,0.032393,0.0,1.0,0.0,0.002827,0.938041,1
5211.KL,25/11/2023,0.0,0.0,0.0,0.0,0.0,0.0,0.0,0.0,0.0,0
5211.KL,25/11/2024,0.0,0.0,0.0,0.0,0.0,0.0,0.0,0.0,0.0,0
5211.KL,25/11/2025,0.0,0.0,0.0,0.0,0.0,0.0,0.0,0.0,0.0,0
5211.KL,25/12/2020,0.936279,0.95055,0.03518,0.01427,1.0,0.0,0.0,0.936279,0.95055,1
5211.KL,25/12/2021,-0.00096,0.064544,0.869952,0.065504,0.0,1.0,0.0,0.063626,0.869952,2
5211.KL,25/12/2022,-0.159611,0.070282,0.699824,0.229894,0.0,0.0,1.0,0.159611,0.699824,1
5211.KL,25/12/2023,0.0,0.0,0.0,0.0,0.0,0.0,0.0,0.0,0.0,0
5211.KL,25/12/2024,0.620838,0.633428,0.353981,0.01259,1.0,0.0,0.0,0.620838,0.7509,3
5211.KL,25/12/2025,-0.059283,0.044542,0.851633,0.103825,0.0,1.0,0.0,0.059283,0.851633,2
5211.KL,25/2/2020,0.0,0.0,0.0,0.0,0.0,0.0,0.0,0.0,0.0,0
5211.KL,25/2/2021,0.748812,0.760432,0.227948,0.01162,1.0,0.0,0.0,0.748812,0.760432,1
5211.KL,25/2/2022,0.075845,0.095935,0.883974,0.02009,0.0,1.0,0.0,0.075845,0.883974,1
5211.KL,25/2/2023,0.816408,0.830312,0.155785,0.013903,1.0,0.0,0.0,0.816408,0.830312,1
5211.KL,25/2/2024,-0.184147,0.062221,0.691411,0.246368,0.0,0.0,1.0,0.184147,0.691411,1
5211.KL,25/2/2025,0.027256,0.049266,0.928725,0.022009,0.0,1.0,0.0,0.027256,0.928725,1
5211.KL,25/2/2026,-0.137372,0.133857,0.594914,0.271229,0.0,0.666667,0.333333,0.137372,0.803605,3
5211.KL,25/3/2020,0.0,0.0,0.0,0.0,0.0,0.0,0.0,0.0,0.0,0
5211.KL,25/3/2021,0.0,0.0,0.0,0.0,0.0,0.0,0.0,0.0,0.0,0
5211.KL,25/3/2022,-0.230716,0.145054,0.479176,0.37577,0.5,0.0,0.5,0.464942,0.741094,2
5211.KL,25/3/2023,0.167732,0.176563,0.814606,0.008831,1.0,0.0,0.0,0.167732,0.814606,1
5211.KL,25/3/2024,0.028025,0.06767,0.892685,0.039645,0.0,1.0,0.0,0.028025,0.892685,1
5211.KL,25/3/2025,-0.43307,0.051513,0.463903,0.484584,0.0,0.5,0.5,0.463907,0.924929,2
5211.KL,25/4/2020,0.0,0.0,0.0,0.0,0.0,0.0,0.0,0.0,0.0,0
5211.KL,25/4/2021,0.0,0.0,0.0,0.0,0.0,0.0,0.0,0.0,0.0,0
5211.KL,25/4/2022,0.629455,0.641744,0.345966,0.012289,1.0,0.0,0.0,0.629455,0.641744,1
5211.KL,25/4/2023,0.09839,0.116404,0.865582,0.018014,0.5,0.5,0.0,0.09839,0.865582,2
5211.KL,25/4/2024,0.571074,0.586926,0.397222,0.015852,1.0,0.0,0.0,0.571074,0.813272,2
5211.KL,25/4/2025,0.0,0.0,0.0,0.0,0.0,0.0,0.0,0.0,0.0,0
5211.KL,25/5/2020,0.0,0.0,0.0,0.0,0.0,0.0,0.0,0.0,0.0,0
5211.KL,25/5/2021,0.094919,0.104688,0.885542,0.00977,0.0,1.0,0.0,0.094919,0.885542,1
5211.KL,25/5/2022,0.935882,0.948043,0.039796,0.012161,1.0,0.0,0.0,0.935882,0.948043,1
5211.KL,25/5/2023,0.577623,0.605275,0.367073,0.027652,0.666667,0.333333,0.0,0.577623,0.909272,3
5211.KL,25/5/2024,0.861903,0.870496,0.120911,0.008593,1.0,0.0,0.0,0.861903,0.870496,1
5211.KL,25/5/2025,0.396139,0.467805,0.460529,0.071666,1.0,0.0,0.0,0.396139,0.652257,2
5211.KL,25/6/2020,0.0,0.0,0.0,0.0,0.0,0.0,0.0,0.0,0.0,0
5211.KL,25/6/2021,0.0,0.0,0.0,0.0,0.0,0.0,0.0,0.0,0.0,0
5211.KL,25/6/2022,0.653209,0.665916,0.321377,0.012707,0.666667,0.333333,0.0,0.653209,0.931615,3
5211.KL,25/6/2023,0.0,0.0,0.0,0.0,0.0,0.0,0.0,0.0,0.0,0
5211.KL,25/6/2024,0.293979,0.306061,0.681857,0.012082,0.5,0.5,0.0,0.293979,0.869606,4
5211.KL,25/6/2025,0.487218,0.500775,0.485668,0.013557,0.5,0.5,0.0,0.487218,0.933841,2
5211.KL,25/7/2020,0.0,0.0,0.0,0.0,0.0,0.0,0.0,0.0,0.0,0
5211.KL,25/7/2021,0.0,0.0,0.0,0.0,0.0,0.0,0.0,0.0,0.0,0
5211.KL,25/7/2022,0.756486,0.767193,0.222101,0.010706,1.0,0.0,0.0,0.756486,0.767193,1
5211.KL,25/7/2023,0.0,0.0,0.0,0.0,0.0,0.0,0.0,0.0,0.0,0
5211.KL,25/7/2024,0.0,0.0,0.0,0.0,0.0,0.0,0.0,0.0,0.0,0
5211.KL,25/7/2025,0.0,0.0,0.0,0.0,0.0,0.0,0.0,0.0,0.0,0
5211.KL,25/8/2020,0.0,0.0,0.0,0.0,0.0,0.0,0.0,0.0,0.0,0
5211.KL,25/8/2021,0.06704,0.07835,0.910338,0.011311,0.0,1.0,0.0,0.06704,0.910338,1
5211.KL,25/8/2022,0.330514,0.345889,0.638735,0.015375,0.333333,0.666667,0.0,0.330514,0.942304,3
5211.KL,25/8/2023,0.572381,0.582873,0.406635,0.010492,0.666667,0.333333,0.0,0.572381,0.886662,3
5211.KL,25/8/2024,0.849147,0.868115,0.112917,0.018968,1.0,0.0,0.0,0.849147,0.868115,1
5211.KL,25/8/2025,0.21271,0.247016,0.718678,0.034306,0.5,0.5,0.0,0.216838,0.731996,4
5211.KL,25/9/2020,0.0,0.0,0.0,0.0,0.0,0.0,0.0,0.0,0.0,0
5211.KL,25/9/2021,0.100125,0.110307,0.87951,0.010182,1.0,0.0,0.0,0.100125,0.87951,1
5211.KL,25/9/2022,0.018968,0.040295,0.938377,0.021328,0.0,1.0,0.0,0.018968,0.938377,1
5211.KL,25/9/2023,0.495866,0.512293,0.471279,0.016427,0.5,0.5,0.0,0.495866,0.913493,2
5211.KL,25/9/2024,0.646608,0.677477,0.291654,0.030869,1.0,0.0,0.0,0.646608,0.677477,2
5211.KL,25/9/2025,-0.027392,0.456676,0.059255,0.484069,0.5,0.0,0.5,0.902297,0.921521,2
5211.KL,26/1/2020,0.0,0.0,0.0,0.0,0.0,0.0,0.0,0.0,0.0,0
5211.KL,26/1/2021,0.261379,0.272171,0.717036,0.010792,1.0,0.0,0.0,0.261379,0.717036,2
5211.KL,26/1/2022,-0.01065,0.028654,0.932041,0.039305,0.0,1.0,0.0,0.01065,0.932041,1
5211.KL,26/1/2023,0.091493,0.106893,0.877708,0.015399,0.0,1.0,0.0,0.091493,0.877708,1
5211.KL,26/1/2024,0.0,0.0,0.0,0.0,0.0,0.0,0.0,0.0,0.0,0
5211.KL,26/1/2025,0.0,0.0,0.0,0.0,0.0,0.0,0.0,0.0,0.0,0
5211.KL,26/1/2026,0.164905,0.175674,0.813556,0.01077,0.5,0.5,0.0,0.164905,0.813556,2
5211.KL,26/10/2020,0.23775,0.250913,0.735925,0.013162,1.0,0.0,0.0,0.23775,0.735925,1
5211.KL,26/10/2021,-0.361568,0.050623,0.537187,0.41219,0.0,0.5,0.5,0.416553,0.851485,2
5211.KL,26/10/2022,0.0,0.0,0.0,0.0,0.0,0.0,0.0,0.0,0.0,0
5211.KL,26/10/2023,-0.418732,0.194641,0.191986,0.613373,0.0,0.5,0.5,0.418732,0.613373,2
5211.KL,26/10/2024,0.1484,0.162088,0.824223,0.013688,1.0,0.0,0.0,0.1484,0.824223,2
5211.KL,26/10/2025,0.0,0.0,0.0,0.0,0.0,0.0,0.0,0.0,0.0,0
5211.KL,26/11/2020,0.87627,0.90219,0.07189,0.02592,1.0,0.0,0.0,0.87627,0.90219,1
5211.KL,26/11/2021,0.153463,0.164916,0.82363,0.011454,0.666667,0.333333,0.0,0.153463,0.82363,3
5211.KL,26/11/2022,0.04869,0.08606,0.87657,0.03737,0.0,1.0,0.0,0.04869,0.87657,1
5211.KL,26/11/2023,0.174916,0.186754,0.801409,0.011837,1.0,0.0,0.0,0.174916,0.801409,2
5211.KL,26/11/2024,0.0,0.0,0.0,0.0,0.0,0.0,0.0,0.0,0.0,0
5211.KL,26/11/2025,0.0,0.0,0.0,0.0,0.0,0.0,0.0,0.0,0.0,0
5211.KL,26/12/2020,0.0,0.0,0.0,0.0,0.0,0.0,0.0,0.0,0.0,0
5211.KL,26/12/2021,0.0,0.0,0.0,0.0,0.0,0.0,0.0,0.0,0.0,0
5211.KL,26/12/2022,0.0,0.0,0.0,0.0,0.0,0.0,0.0,0.0,0.0,0
5211.KL,26/12/2023,0.0,0.0,0.0,0.0,0.0,0.0,0.0,0.0,0.0,0
5211.KL,26/12/2024,0.0,0.0,0.0,0.0,0.0,0.0,0.0,0.0,0.0,0
5211.KL,26/12/2025,0.0,0.0,0.0,0.0,0.0,0.0,0.0,0.0,0.0,0
5211.KL,26/2/2020,0.480254,0.49455,0.491154,0.014296,0.5,0.5,0.0,0.480254,0.946352,2
5211.KL,26/2/2021,0.715549,0.73064,0.25427,0.015091,1.0,0.0,0.0,0.715549,0.73064,1
5211.KL,26/2/2022,0.871162,0.925522,0.020118,0.05436,1.0,0.0,0.0,0.871162,0.925522,1
5211.KL,26/2/2023,0.0,0.0,0.0,0.0,0.0,0.0,0.0,0.0,0.0,0
5211.KL,26/2/2024,0.0,0.0,0.0,0.0,0.0,0.0,0.0,0.0,0.0,0
5211.KL,26/2/2025,0.0,0.0,0.0,0.0,0.0,0.0,0.0,0.0,0.0,0
5211.KL,26/2/2026,-0.564521,0.035985,0.363509,0.600506,0.0,0.333333,0.666667,0.580015,0.911029,3
5211.KL,26/3/2020,0.033858,0.074221,0.885417,0.040363,0.0,1.0,0.0,0.033858,0.885417,1
5211.KL,26/3/2021,0.0,0.0,0.0,0.0,0.0,0.0,0.0,0.0,0.0,0
5211.KL,26/3/2022,0.0,0.0,0.0,0.0,0.0,0.0,0.0,0.0,0.0,0
5211.KL,26/3/2023,0.0,0.0,0.0,0.0,0.0,0.0,0.0,0.0,0.0,0
5211.KL,26/3/2024,-0.935781,0.011305,0.041609,0.947086,0.0,0.0,1.0,0.935781,0.947086,1
5211.KL,26/3/2025,0.0,0.0,0.0,0.0,0.0,0.0,0.0,0.0,0.0,0
5211.KL,26/4/2020,0.0,0.0,0.0,0.0,0.0,0.0,0.0,0.0,0.0,0
5211.KL,26/4/2021,0.240291,0.249717,0.740856,0.009426,1.0,0.0,0.0,0.240291,0.740856,1
5211.KL,26/4/2022,0.0,0.0,0.0,0.0,0.0,0.0,0.0,0.0,0.0,0
5211.KL,26/4/2023,0.0,0.0,0.0,0.0,0.0,0.0,0.0,0.0,0.0,0
5211.KL,26/4/2024,0.0,0.0,0.0,0.0,0.0,0.0,0.0,0.0,0.0,0
5211.KL,26/4/2025,0.882572,0.89856,0.085451,0.015988,1.0,0.0,0.0,0.882572,0.89856,1
5211.KL,26/5/2020,0.0,0.0,0.0,0.0,0.0,0.0,0.0,0.0,0.0,0
5211.KL,26/5/2021,0.0,0.0,0.0,0.0,0.0,0.0,0.0,0.0,0.0,0
5211.KL,26/5/2022,0.0,0.0,0.0,0.0,0.0,0.0,0.0,0.0,0.0,0
5211.KL,26/5/2023,0.25923,0.402521,0.454188,0.143291,1.0,0.0,0.0,0.25923,0.454188,1
5211.KL,26/5/2024,0.0,0.0,0.0,0.0,0.0,0.0,0.0,0.0,0.0,0
5211.KL,26/5/2025,0.0,0.0,0.0,0.0,0.0,0.0,0.0,0.0,0.0,0
5211.KL,26/6/2020,0.906516,0.937511,0.031493,0.030996,1.0,0.0,0.0,0.906516,0.937511,1
5211.KL,26/6/2021,0.236043,0.259547,0.716949,0.023504,1.0,0.0,0.0,0.236043,0.716949,1
5211.KL,26/6/2022,0.0,0.0,0.0,0.0,0.0,0.0,0.0,0.0,0.0,0
5211.KL,26/6/2023,0.168456,0.180606,0.807245,0.012149,1.0,0.0,0.0,0.168456,0.807245,1
5211.KL,26/6/2024,0.0,0.0,0.0,0.0,0.0,0.0,0.0,0.0,0.0,0
5211.KL,26/6/2025,-0.151827,0.039809,0.768554,0.191637,0.0,0.0,1.0,0.151827,0.768554,1
5211.KL,26/7/2020,0.621036,0.630467,0.360102,0.009431,1.0,0.0,0.0,0.621036,0.630467,1
5211.KL,26/7/2021,0.0,0.0,0.0,0.0,0.0,0.0,0.0,0.0,0.0,0
5211.KL,26/7/2022,0.037573,0.058684,0.920204,0.021112,0.0,1.0,0.0,0.037573,0.920204,1
5211.KL,26/7/2023,-0.02338,0.052278,0.872065,0.075657,0.0,1.0,0.0,0.02338,0.872065,1
5211.KL,26/7/2024,0.0,0.0,0.0,0.0,0.0,0.0,0.0,0.0,0.0,0
5211.KL,26/7/2025,0.19735,0.213918,0.769514,0.016568,1.0,0.0,0.0,0.19735,0.769514,2
5211.KL,26/8/2020,0.078734,0.0994,0.879934,0.020666,0.0,1.0,0.0,0.078734,0.879934,1
5211.KL,26/8/2021,0.0,0.0,0.0,0.0,0.0,0.0,0.0,0.0,0.0,0
5211.KL,26/8/2022,0.0,0.0,0.0,0.0,0.0,0.0,0.0,0.0,0.0,0
5211.KL,26/8/2023,0.0,0.0,0.0,0.0,0.0,0.0,0.0,0.0,0.0,0
5211.KL,26/8/2024,0.204059,0.485077,0.233906,0.281017,0.666667,0.0,0.333333,0.60009,0.692278,3
5211.KL,26/8/2025,0.320469,0.333639,0.653191,0.01317,1.0,0.0,0.0,0.320469,0.653191,1
5211.KL,26/9/2020,0.0,0.0,0.0,0.0,0.0,0.0,0.0,0.0,0.0,0
5211.KL,26/9/2021,0.0,0.0,0.0,0.0,0.0,0.0,0.0,0.0,0.0,0
5211.KL,26/9/2022,0.0,0.0,0.0,0.0,0.0,0.0,0.0,0.0,0.0,0
5211.KL,26/9/2023,-0.309461,0.306627,0.077285,0.616088,0.5,0.0,0.5,0.64675,0.784733,2
5211.KL,26/9/2024,0.075686,0.104255,0.867176,0.028569,0.333333,0.666667,0.0,0.075686,0.867176,3
5211.KL,26/9/2025,0.108766,0.12831,0.852146,0.019544,1.0,0.0,0.0,0.108766,0.852146,1
5211.KL,27/1/2020,0.0,0.0,0.0,0.0,0.0,0.0,0.0,0.0,0.0,0
5211.KL,27/1/2021,0.0,0.0,0.0,0.0,0.0,0.0,0.0,0.0,0.0,0
5211.KL,27/1/2022,0.0,0.0,0.0,0.0,0.0,0.0,0.0,0.0,0.0,0
5211.KL,27/1/2023,0.643597,0.655021,0.333555,0.011424,1.0,0.0,0.0,0.643597,0.657803,2
5211.KL,27/1/2024,0.0,0.0,0.0,0.0,0.0,0.0,0.0,0.0,0.0,0
5211.KL,27/1/2025,-0.021197,0.460448,0.057908,0.481645,0.5,0.0,0.5,0.916032,0.929062,2
5211.KL,27/1/2026,-0.544182,0.206807,0.042204,0.750989,0.0,0.0,1.0,0.544182,0.750989,1
5211.KL,27/10/2020,0.18119,0.191431,0.798328,0.010241,1.0,0.0,0.0,0.18119,0.798328,1
5211.KL,27/10/2021,0.184138,0.196639,0.79086,0.012501,1.0,0.0,0.0,0.184138,0.79086,1
5211.KL,27/10/2022,0.0,0.0,0.0,0.0,0.0,0.0,0.0,0.0,0.0,0
5211.KL,27/10/2023,-0.222276,0.120258,0.537208,0.342534,0.5,0.0,0.5,0.397713,0.691291,2
5211.KL,27/10/2024,0.411014,0.422439,0.566137,0.011424,1.0,0.0,0.0,0.411014,0.566137,1
5211.KL,27/10/2025,0.0,0.0,0.0,0.0,0.0,0.0,0.0,0.0,0.0,0
5211.KL,27/11/2020,0.0,0.0,0.0,0.0,0.0,0.0,0.0,0.0,0.0,0
5211.KL,27/11/2021,0.0,0.0,0.0,0.0,0.0,0.0,0.0,0.0,0.0,0
5211.KL,27/11/2022,-0.589377,0.018715,0.373192,0.608092,0.0,0.0,1.0,0.589377,0.608092,1
5211.KL,27/11/2023,0.707739,0.717576,0.272588,0.009836,1.0,0.0,0.0,0.707739,0.717576,1
5211.KL,27/11/2024,0.481209,0.499522,0.482165,0.018313,0.5,0.5,0.0,0.481209,0.946783,2
5211.KL,27/11/2025,0.047108,0.05877,0.929569,0.011662,0.0,1.0,0.0,0.047108,0.929569,1
5211.KL,27/12/2020,0.0,0.0,0.0,0.0,0.0,0.0,0.0,0.0,0.0,0
5211.KL,27/12/2021,0.305443,0.313066,0.679311,0.007623,1.0,0.0,0.0,0.305443,0.679311,1
5211.KL,27/12/2022,0.280218,0.294574,0.691069,0.014356,1.0,0.0,0.0,0.280218,0.691069,1
5211.KL,27/12/2023,0.0,0.0,0.0,0.0,0.0,0.0,0.0,0.0,0.0,0
5211.KL,27/12/2024,0.0,0.0,0.0,0.0,0.0,0.0,0.0,0.0,0.0,0
5211.KL,27/12/2025,0.29325,0.364747,0.563756,0.071497,1.0,0.0,0.0,0.29325,0.563756,1
5211.KL,27/2/2020,-0.29917,0.118169,0.464492,0.417339,0.5,0.0,0.5,0.508729,0.79608,2
5211.KL,27/2/2021,-0.954045,0.008901,0.028154,0.962945,0.0,0.0,1.0,0.954045,0.962945,1
5211.KL,27/2/2022,0.0,0.0,0.0,0.0,0.0,0.0,0.0,0.0,0.0,0
5211.KL,27/2/2023,0.09046,0.11355,0.86336,0.02309,0.0,1.0,0.0,0.09046,0.86336,1
5211.KL,27/2/2024,0.051633,0.070852,0.909929,0.019219,0.0,1.0,0.0,0.051633,0.909929,1
5211.KL,27/2/2025,0.026802,0.041878,0.943047,0.015075,0.0,1.0,0.0,0.026802,0.943047,1
5211.KL,27/2/2026,0.114287,0.397202,0.319883,0.282915,0.666667,0.0,0.333333,0.60141,0.771153,3
5211.KL,27/3/2020,0.452418,0.488903,0.474612,0.036485,0.5,0.5,0.0,0.453235,0.907752,4
5211.KL,27/3/2021,0.0,0.0,0.0,0.0,0.0,0.0,0.0,0.0,0.0,0
5211.KL,27/3/2022,0.0,0.0,0.0,0.0,0.0,0.0,0.0,0.0,0.0,0
5211.KL,27/3/2023,0.0,0.0,0.0,0.0,0.0,0.0,0.0,0.0,0.0,0
5211.KL,27/3/2024,-0.385944,0.044398,0.52526,0.430342,0.0,0.5,0.5,0.416462,0.864473,4
5211.KL,27/3/2025,0.267023,0.279245,0.708534,0.012222,1.0,0.0,0.0,0.267023,0.708534,1
5211.KL,27/4/2020,0.0,0.0,0.0,0.0,0.0,0.0,0.0,0.0,0.0,0
5211.KL,27/4/2021,0.0,0.0,0.0,0.0,0.0,0.0,0.0,0.0,0.0,0
5211.KL,27/4/2022,0.11344,0.125582,0.862276,0.012142,1.0,0.0,0.0,0.11344,0.862276,1
5211.KL,27/4/2023,0.0,0.0,0.0,0.0,0.0,0.0,0.0,0.0,0.0,0
5211.KL,27/4/2024,0.0,0.0,0.0,0.0,0.0,0.0,0.0,0.0,0.0,0
5211.KL,27/4/2025,0.0,0.0,0.0,0.0,0.0,0.0,0.0,0.0,0.0,0
5211.KL,27/5/2020,0.0,0.0,0.0,0.0,0.0,0.0,0.0,0.0,0.0,0
5211.KL,27/5/2021,0.042395,0.055495,0.931405,0.0131,0.0,1.0,0.0,0.042395,0.931405,1
5211.KL,27/5/2022,0.075313,0.284131,0.507051,0.208818,0.5,0.25,0.25,0.450163,0.87894,4
5211.KL,27/5/2023,0.0,0.0,0.0,0.0,0.0,0.0,0.0,0.0,0.0,0
5211.KL,27/5/2024,0.0,0.0,0.0,0.0,0.0,0.0,0.0,0.0,0.0,0
5211.KL,27/5/2025,0.0,0.0,0.0,0.0,0.0,0.0,0.0,0.0,0.0,0
5211.KL,27/6/2020,0.0,0.0,0.0,0.0,0.0,0.0,0.0,0.0,0.0,0
5211.KL,27/6/2021,0.564293,0.583506,0.39728,0.019213,1.0,0.0,0.0,0.564293,0.826162,3
5211.KL,27/6/2022,0.0,0.0,0.0,0.0,0.0,0.0,0.0,0.0,0.0,0
5211.KL,27/6/2023,0.0,0.0,0.0,0.0,0.0,0.0,0.0,0.0,0.0,0
5211.KL,27/6/2024,0.0,0.0,0.0,0.0,0.0,0.0,0.0,0.0,0.0,0
5211.KL,27/6/2025,0.0,0.0,0.0,0.0,0.0,0.0,0.0,0.0,0.0,0
5211.KL,27/7/2020,0.0,0.0,0.0,0.0,0.0,0.0,0.0,0.0,0.0,0
5211.KL,27/7/2021,0.0,0.0,0.0,0.0,0.0,0.0,0.0,0.0,0.0,0
5211.KL,27/7/2022,-0.747166,0.035341,0.182152,0.782507,0.0,0.0,1.0,0.747166,0.782507,2
5211.KL,27/7/2023,-0.910306,0.013335,0.063023,0.923641,0.0,0.0,1.0,0.910306,0.923641,1
5211.KL,27/7/2024,0.0,0.0,0.0,0.0,0.0,0.0,0.0,0.0,0.0,0
5211.KL,27/7/2025,0.0,0.0,0.0,0.0,0.0,0.0,0.0,0.0,0.0,0
5211.KL,27/8/2020,0.0,0.0,0.0,0.0,0.0,0.0,0.0,0.0,0.0,0
5211.KL,27/8/2021,-0.062732,0.053267,0.830734,0.115999,0.0,0.5,0.5,0.062732,0.830734,2
5211.KL,27/8/2022,-0.002056,0.264106,0.469732,0.266162,0.333333,0.333333,0.333333,0.454948,0.749105,3
5211.KL,27/8/2023,0.0,0.0,0.0,0.0,0.0,0.0,0.0,0.0,0.0,0
5211.KL,27/8/2024,0.104529,0.112192,0.880146,0.007663,1.0,0.0,0.0,0.104529,0.880146,1
5211.KL,27/8/2025,0.308191,0.350639,0.606912,0.042449,1.0,0.0,0.0,0.308191,0.606912,1
5211.KL,27/9/2020,0.091643,0.135087,0.82147,0.043443,0.0,1.0,0.0,0.091643,0.82147,1
5211.KL,27/9/2021,0.0,0.0,0.0,0.0,0.0,0.0,0.0,0.0,0.0,0
5211.KL,27/9/2022,0.0,0.0,0.0,0.0,0.0,0.0,0.0,0.0,0.0,0
5211.KL,27/9/2023,0.150678,0.161503,0.827672,0.010825,1.0,0.0,0.0,0.150678,0.827672,1
5211.KL,27/9/2024,0.301596,0.338241,0.625114,0.036645,0.5,0.5,0.0,0.301596,0.793847,4
5211.KL,27/9/2025,0.527409,0.740649,0.046111,0.21324,1.0,0.0,0.0,0.527409,0.740649,1
5211.KL,28/1/2020,0.0,0.0,0.0,0.0,0.0,0.0,0.0,0.0,0.0,0
5211.KL,28/1/2021,0.0,0.0,0.0,0.0,0.0,0.0,0.0,0.0,0.0,0
5211.KL,28/1/2022,0.0,0.0,0.0,0.0,0.0,0.0,0.0,0.0,0.0,0
5211.KL,28/1/2023,0.402979,0.424994,0.552991,0.022015,1.0,0.0,0.0,0.402979,0.552991,1
5211.KL,28/1/2024,0.774617,0.787077,0.200463,0.01246,1.0,0.0,0.0,0.774617,0.787077,2
5211.KL,28/1/2025,0.0,0.0,0.0,0.0,0.0,0.0,0.0,0.0,0.0,0
5211.KL,28/1/2026,-0.06341,0.032012,0.872566,0.095422,0.0,1.0,0.0,0.06341,0.872566,1
5211.KL,28/10/2020,0.0,0.0,0.0,0.0,0.0,0.0,0.0,0.0,0.0,0
5211.KL,28/10/2021,0.844947,0.858539,0.127869,0.013592,1.0,0.0,0.0,0.844947,0.858539,1
5211.KL,28/10/2022,0.018502,0.045644,0.927214,0.027142,0.0,1.0,0.0,0.018502,0.927214,1
5211.KL,28/10/2023,0.849238,0.866449,0.11634,0.017211,1.0,0.0,0.0,0.849238,0.866449,1
5211.KL,28/10/2024,0.093138,0.101757,0.889624,0.008619,0.0,1.0,0.0,0.093138,0.889624,1
5211.KL,28/10/2025,0.397524,0.408178,0.581168,0.010654,0.5,0.5,0.0,0.397524,0.799935,2
5211.KL,28/11/2020,0.0,0.0,0.0,0.0,0.0,0.0,0.0,0.0,0.0,0
5211.KL,28/11/2021,0.0,0.0,0.0,0.0,0.0,0.0,0.0,0.0,0.0,0
5211.KL,28/11/2022,0.0,0.0,0.0,0.0,0.0,0.0,0.0,0.0,0.0,0
5211.KL,28/11/2023,0.045878,0.087053,0.871772,0.041175,0.5,0.5,0.0,0.066975,0.871772,2
5211.KL,28/11/2024,0.10026,0.110661,0.878937,0.010402,1.0,0.0,0.0,0.10026,0.878937,1
5211.KL,28/11/2025,0.0,0.0,0.0,0.0,0.0,0.0,0.0,0.0,0.0,0
5211.KL,28/12/2020,0.0,0.0,0.0,0.0,0.0,0.0,0.0,0.0,0.0,0
5211.KL,28/12/2021,0.2823,0.306682,0.668936,0.024382,0.5,0.5,0.0,0.2823,0.76511,2
5211.KL,28/12/2022,0.551693,0.571733,0.408227,0.02004,1.0,0.0,0.0,0.551693,0.842829,2
5211.KL,28/12/2023,0.936739,0.952197,0.032345,0.015458,1.0,0.0,0.0,0.936739,0.952197,1
5211.KL,28/12/2024,-0.002132,0.120972,0.755924,0.123104,0.0,1.0,0.0,0.002132,0.755924,1
5211.KL,28/12/2025,0.0,0.0,0.0,0.0,0.0,0.0,0.0,0.0,0.0,0
5211.KL,28/2/2020,0.0,0.0,0.0,0.0,0.0,0.0,0.0,0.0,0.0,0
5211.KL,28/2/2021,0.0,0.0,0.0,0.0,0.0,0.0,0.0,0.0,0.0,0
5211.KL,28/2/2022,0.01928,0.035192,0.948896,0.015912,0.0,1.0,0.0,0.01928,0.948896,1
5211.KL,28/2/2023,0.0,0.0,0.0,0.0,0.0,0.0,0.0,0.0,0.0,0
5211.KL,28/2/2024,0.0,0.0,0.0,0.0,0.0,0.0,0.0,0.0,0.0,0
5211.KL,28/2/2025,0.063312,0.078074,0.907165,0.014761,0.0,1.0,0.0,0.063312,0.907165,1
5211.KL,28/2/2026,-0.478005,0.019937,0.482122,0.497941,0.0,0.5,0.5,0.478005,0.951113,2
5211.KL,28/3/2020,0.0,0.0,0.0,0.0,0.0,0.0,0.0,0.0,0.0,0
5211.KL,28/3/2021,0.0,0.0,0.0,0.0,0.0,0.0,0.0,0.0,0.0,0
5211.KL,28/3/2022,0.0,0.0,0.0,0.0,0.0,0.0,0.0,0.0,0.0,0
5211.KL,28/3/2023,0.0,0.0,0.0,0.0,0.0,0.0,0.0,0.0,0.0,0
5211.KL,28/3/2024,-0.26249,0.050786,0.635938,0.313276,0.0,0.5,0.5,0.292134,0.751071,2
5211.KL,28/3/2025,0.046882,0.060144,0.926594,0.013262,0.0,1.0,0.0,0.046882,0.926594,1
5211.KL,28/4/2020,-0.368077,0.044879,0.542165,0.412956,0.0,0.0,1.0,0.368077,0.542165,1
5211.KL,28/4/2021,0.048151,0.068593,0.910964,0.020443,0.5,0.5,0.0,0.053396,0.910964,2
5211.KL,28/4/2022,0.0,0.0,0.0,0.0,0.0,0.0,0.0,0.0,0.0,0
5211.KL,28/4/2023,0.072787,0.082885,0.907018,0.010097,0.0,1.0,0.0,0.072787,0.907018,1
5211.KL,28/4/2024,0.832985,0.844701,0.143582,0.011716,1.0,0.0,0.0,0.832985,0.844701,1
5211.KL,28/4/2025,0.470691,0.48038,0.509931,0.009689,1.0,0.0,0.0,0.470691,0.509931,1
5211.KL,28/5/2020,-0.335943,0.033771,0.596515,0.369714,0.0,0.5,0.5,0.372327,0.827125,4
5211.KL,28/5/2021,0.0,0.0,0.0,0.0,0.0,0.0,0.0,0.0,0.0,0
5211.KL,28/5/2022,0.0,0.0,0.0,0.0,0.0,0.0,0.0,0.0,0.0,0
5211.KL,28/5/2023,0.0,0.0,0.0,0.0,0.0,0.0,0.0,0.0,0.0,0
5211.KL,28/5/2024,0.094371,0.10404,0.886291,0.009669,0.0,1.0,0.0,0.094371,0.886291,1
5211.KL,28/5/2025,0.0,0.0,0.0,0.0,0.0,0.0,0.0,0.0,0.0,0
5211.KL,28/6/2020,0.0,0.0,0.0,0.0,0.0,0.0,0.0,0.0,0.0,0
5211.KL,28/6/2021,0.0,0.0,0.0,0.0,0.0,0.0,0.0,0.0,0.0,0
5211.KL,28/6/2022,0.0,0.0,0.0,0.0,0.0,0.0,0.0,0.0,0.0,0
5211.KL,28/6/2023,-0.024386,0.027004,0.921606,0.05139,0.0,1.0,0.0,0.024386,0.921606,1
5211.KL,28/6/2024,0.0,0.0,0.0,0.0,0.0,0.0,0.0,0.0,0.0,0
5211.KL,28/6/2025,0.0,0.0,0.0,0.0,0.0,0.0,0.0,0.0,0.0,0
5211.KL,28/7/2020,0.848709,0.880894,0.086921,0.032185,1.0,0.0,0.0,0.848709,0.880894,1
5211.KL,28/7/2021,0.0,0.0,0.0,0.0,0.0,0.0,0.0,0.0,0.0,0
5211.KL,28/7/2022,0.829027,0.84522,0.138586,0.016194,1.0,0.0,0.0,0.829027,0.84522,1
5211.KL,28/7/2023,0.319603,0.330239,0.659124,0.010637,1.0,0.0,0.0,0.319603,0.659124,1
5211.KL,28/7/2024,0.0,0.0,0.0,0.0,0.0,0.0,0.0,0.0,0.0,0
5211.KL,28/7/2025,0.45347,0.508603,0.436263,0.055133,1.0,0.0,0.0,0.45347,0.508603,1
5211.KL,28/8/2020,0.030656,0.051228,0.928201,0.020572,0.0,1.0,0.0,0.030656,0.928201,1
5211.KL,28/8/2021,0.0,0.0,0.0,0.0,0.0,0.0,0.0,0.0,0.0,0
5211.KL,28/8/2022,-0.17121,0.080478,0.667834,0.251688,0.25,0.5,0.25,0.277978,0.884468,4
5211.KL,28/8/2023,0.0,0.0,0.0,0.0,0.0,0.0,0.0,0.0,0.0,0
5211.KL,28/8/2024,0.0,0.0,0.0,0.0,0.0,0.0,0.0,0.0,0.0,0
5211.KL,28/8/2025,0.639149,0.660444,0.318261,0.021295,0.8,0.2,0.0,0.639149,0.842087,5
5211.KL,28/9/2020,0.0,0.0,0.0,0.0,0.0,0.0,0.0,0.0,0.0,0
5211.KL,28/9/2021,-0.098942,0.036732,0.827594,0.135674,0.0,1.0,0.0,0.098942,0.827594,1
5211.KL,28/9/2022,0.0,0.0,0.0,0.0,0.0,0.0,0.0,0.0,0.0,0
5211.KL,28/9/2023,0.188959,0.195996,0.796968,0.007037,1.0,0.0,0.0,0.188959,0.796968,1
5211.KL,28/9/2024,0.241623,0.252328,0.736967,0.010705,1.0,0.0,0.0,0.241623,0.736967,1
5211.KL,28/9/2025,0.070969,0.093889,0.883191,0.02292,0.0,1.0,0.0,0.070969,0.883191,1
5211.KL,29/1/2020,0.091757,0.100177,0.891403,0.00842,0.0,1.0,0.0,0.091757,0.891403,1
5211.KL,29/1/2021,0.0,0.0,0.0,0.0,0.0,0.0,0.0,0.0,0.0,0
5211.KL,29/1/2022,0.677388,0.692788,0.291812,0.0154,1.0,0.0,0.0,0.677388,0.750161,3
5211.KL,29/1/2023,0.0,0.0,0.0,0.0,0.0,0.0,0.0,0.0,0.0,0
5211.KL,29/1/2024,0.922519,0.933293,0.055932,0.010774,1.0,0.0,0.0,0.922519,0.933293,1
5211.KL,29/1/2025,0.249385,0.258798,0.73179,0.009413,1.0,0.0,0.0,0.249385,0.73179,1
5211.KL,29/1/2026,0.321931,0.333634,0.654664,0.011703,0.5,0.5,0.0,0.321931,0.767834,2
5211.KL,29/10/2020,-0.17877,0.16186,0.497509,0.34063,0.5,0.0,0.5,0.470818,0.678795,2
5211.KL,29/10/2021,0.299075,0.330277,0.638521,0.031202,1.0,0.0,0.0,0.299075,0.638521,1
5211.KL,29/10/2022,0.140131,0.160375,0.819382,0.020243,0.5,0.5,0.0,0.140131,0.819382,2
5211.KL,29/10/2023,0.525771,0.541491,0.442789,0.01572,1.0,0.0,0.0,0.525771,0.541491,1
5211.KL,29/10/2024,0.609385,0.623928,0.36153,0.014542,1.0,0.0,0.0,0.609385,0.623928,1
5211.KL,29/10/2025,0.238682,0.33401,0.570662,0.095328,0.333333,0.333333,0.333333,0.331221,0.802633,3
5211.KL,29/11/2020,0.0,0.0,0.0,0.0,0.0,0.0,0.0,0.0,0.0,0
5211.KL,29/11/2021,0.0,0.0,0.0,0.0,0.0,0.0,0.0,0.0,0.0,0
5211.KL,29/11/2022,-0.207283,0.108496,0.575726,0.315778,0.333333,0.333333,0.333333,0.400646,0.86269,3
5211.KL,29/11/2023,0.0,0.0,0.0,0.0,0.0,0.0,0.0,0.0,0.0,0
5211.KL,29/11/2024,0.542658,0.55386,0.434937,0.011202,1.0,0.0,0.0,0.542658,0.55386,1
5211.KL,29/11/2025,0.0,0.0,0.0,0.0,0.0,0.0,0.0,0.0,0.0,0
5211.KL,29/12/2020,-0.220316,0.161128,0.457429,0.381443,0.5,0.0,0.5,0.433891,0.755035,2
5211.KL,29/12/2021,0.098795,0.129681,0.839433,0.030886,0.0,1.0,0.0,0.098795,0.839433,1
5211.KL,29/12/2022,0.900436,0.919287,0.061861,0.018852,1.0,0.0,0.0,0.900436,0.919287,2
5211.KL,29/12/2023,0.792617,0.813495,0.165626,0.020878,1.0,0.0,0.0,0.792617,0.813495,2
5211.KL,29/12/2024,0.0,0.0,0.0,0.0,0.0,0.0,0.0,0.0,0.0,0
5211.KL,29/12/2025,0.0,0.0,0.0,0.0,0.0,0.0,0.0,0.0,0.0,0
5211.KL,29/2/2020,-0.853532,0.016624,0.113219,0.870157,0.0,0.0,1.0,0.853532,0.870157,2
5211.KL,29/2/2024,0.091615,0.124577,0.842461,0.032962,0.0,1.0,0.0,0.091615,0.842461,1
5211.KL,29/3/2020,0.0,0.0,0.0,0.0,0.0,0.0,0.0,0.0,0.0,0
5211.KL,29/3/2021,0.0,0.0,0.0,0.0,0.0,0.0,0.0,0.0,0.0,0
5211.KL,29/3/2022,0.0,0.0,0.0,0.0,0.0,0.0,0.0,0.0,0.0,0
5211.KL,29/3/2023,0.0,0.0,0.0,0.0,0.0,0.0,0.0,0.0,0.0,0
5211.KL,29/3/2024,0.0,0.0,0.0,0.0,0.0,0.0,0.0,0.0,0.0,0
5211.KL,29/3/2025,0.0,0.0,0.0,0.0,0.0,0.0,0.0,0.0,0.0,0
5211.KL,29/4/2020,0.0,0.0,0.0,0.0,0.0,0.0,0.0,0.0,0.0,0
5211.KL,29/4/2021,0.0,0.0,0.0,0.0,0.0,0.0,0.0,0.0,0.0,0
5211.KL,29/4/2022,0.0,0.0,0.0,0.0,0.0,0.0,0.0,0.0,0.0,0
5211.KL,29/4/2023,0.0,0.0,0.0,0.0,0.0,0.0,0.0,0.0,0.0,0
5211.KL,29/4/2024,0.0,0.0,0.0,0.0,0.0,0.0,0.0,0.0,0.0,0
5211.KL,29/4/2025,0.052351,0.063769,0.924812,0.011418,0.0,1.0,0.0,0.052351,0.924812,2
5211.KL,29/5/2020,0.0,0.0,0.0,0.0,0.0,0.0,0.0,0.0,0.0,0
5211.KL,29/5/2021,0.267122,0.275858,0.715406,0.008736,1.0,0.0,0.0,0.267122,0.715406,1
5211.KL,29/5/2022,0.046646,0.069791,0.907063,0.023146,0.0,1.0,0.0,0.046646,0.907063,1
5211.KL,29/5/2023,0.088933,0.10908,0.870773,0.020147,0.0,1.0,0.0,0.088933,0.870773,1
5211.KL,29/5/2024,0.0,0.0,0.0,0.0,0.0,0.0,0.0,0.0,0.0,0
5211.KL,29/5/2025,-0.687123,0.079796,0.153286,0.766918,0.0,0.0,1.0,0.687123,0.766918,3
5211.KL,29/6/2020,0.030437,0.050457,0.929523,0.02002,0.0,1.0,0.0,0.030437,0.929523,2
5211.KL,29/6/2021,0.368164,0.378758,0.610648,0.010594,1.0,0.0,0.0,0.368164,0.610648,1
5211.KL,29/6/2022,0.0,0.0,0.0,0.0,0.0,0.0,0.0,0.0,0.0,0
5211.KL,29/6/2023,0.0,0.0,0.0,0.0,0.0,0.0,0.0,0.0,0.0,0
5211.KL,29/6/2024,0.583473,0.596846,0.389781,0.013373,1.0,0.0,0.0,0.583473,0.596846,1
5211.KL,29/6/2025,0.0,0.0,0.0,0.0,0.0,0.0,0.0,0.0,0.0,0
5211.KL,29/7/2020,0.0,0.0,0.0,0.0,0.0,0.0,0.0,0.0,0.0,0
5211.KL,29/7/2021,0.932494,0.950773,0.030948,0.018279,1.0,0.0,0.0,0.932494,0.950773,1
5211.KL,29/7/2022,0.0,0.0,0.0,0.0,0.0,0.0,0.0,0.0,0.0,0
5211.KL,29/7/2023,0.108227,0.133296,0.841635,0.025069,0.5,0.5,0.0,0.108227,0.841635,2
5211.KL,29/7/2024,0.066238,0.464668,0.136903,0.398429,0.0,1.0,0.0,0.066238,0.464668,1
5211.KL,29/7/2025,0.799986,0.886123,0.02774,0.086137,1.0,0.0,0.0,0.799986,0.886123,1
5211.KL,29/8/2020,0.144303,0.163443,0.817417,0.01914,1.0,0.0,0.0,0.144303,0.817417,1
5211.KL,29/8/2021,0.0,0.0,0.0,0.0,0.0,0.0,0.0,0.0,0.0,0
5211.KL,29/8/2022,-0.085507,0.030307,0.853879,0.115814,0.0,1.0,0.0,0.085507,0.853879,1
5211.KL,29/8/2023,-0.617886,0.030845,0.320425,0.64873,0.0,0.0,1.0,0.617886,0.64873,1
5211.KL,29/8/2024,0.426065,0.500771,0.424522,0.074707,0.666667,0.333333,0.0,0.426065,0.789634,3
5211.KL,29/8/2025,0.047037,0.074976,0.897084,0.027939,0.333333,0.666667,0.0,0.057237,0.897084,3
5211.KL,29/9/2020,-0.028278,0.048867,0.873987,0.077145,0.0,1.0,0.0,0.028278,0.873987,1
5211.KL,29/9/2021,0.0,0.0,0.0,0.0,0.0,0.0,0.0,0.0,0.0,0
5211.KL,29/9/2022,0.0,0.0,0.0,0.0,0.0,0.0,0.0,0.0,0.0,0
5211.KL,29/9/2023,-0.061461,0.057471,0.823596,0.118933,0.0,0.5,0.5,0.10479,0.823596,2
5211.KL,29/9/2024,0.0,0.0,0.0,0.0,0.0,0.0,0.0,0.0,0.0,0
5211.KL,29/9/2025,0.287387,0.299261,0.688865,0.011874,1.0,0.0,0.0,0.287387,0.688865,1
5211.KL,3/1/2020,0.0,0.0,0.0,0.0,0.0,0.0,0.0,0.0,0.0,0
5211.KL,3/1/2021,0.056008,0.070438,0.915133,0.014429,0.0,1.0,0.0,0.056008,0.915133,1
5211.KL,3/1/2022,-0.334438,0.112765,0.440032,0.447203,0.0,0.0,1.0,0.334438,0.447203,1
5211.KL,3/1/2023,0.0,0.0,0.0,0.0,0.0,0.0,0.0,0.0,0.0,0
5211.KL,3/1/2024,0.0,0.0,0.0,0.0,0.0,0.0,0.0,0.0,0.0,0
5211.KL,3/1/2025,-0.580916,0.027407,0.36427,0.608323,0.0,0.25,0.75,0.601642,0.83848,4
5211.KL,3/1/2026,0.058808,0.074007,0.910795,0.015199,0.0,1.0,0.0,0.058808,0.910795,1
5211.KL,3/10/2020,0.0,0.0,0.0,0.0,0.0,0.0,0.0,0.0,0.0,0
5211.KL,3/10/2021,0.0,0.0,0.0,0.0,0.0,0.0,0.0,0.0,0.0,0
5211.KL,3/10/2022,0.57101,0.58117,0.408671,0.01016,1.0,0.0,0.0,0.57101,0.58117,1
5211.KL,3/10/2023,0.0,0.0,0.0,0.0,0.0,0.0,0.0,0.0,0.0,0
5211.KL,3/10/2024,0.180464,0.19179,0.796883,0.011326,0.333333,0.666667,0.0,0.180464,0.796883,3
5211.KL,3/10/2025,-0.495265,0.077179,0.350377,0.572444,0.0,0.0,1.0,0.495265,0.572444,1
5211.KL,3/11/2020,0.0,0.0,0.0,0.0,0.0,0.0,0.0,0.0,0.0,0
5211.KL,3/11/2021,0.013837,0.459154,0.09553,0.445316,0.5,0.0,0.5,0.843421,0.873946,2
5211.KL,3/11/2022,0.256274,0.269833,0.716608,0.013559,0.5,0.5,0.0,0.256274,0.716608,2
5211.KL,3/11/2023,0.201714,0.211717,0.77828,0.010003,1.0,0.0,0.0,0.201714,0.77828,1
5211.KL,3/11/2024,0.0,0.0,0.0,0.0,0.0,0.0,0.0,0.0,0.0,0
5211.KL,3/11/2025,0.0,0.0,0.0,0.0,0.0,0.0,0.0,0.0,0.0,0
5211.KL,3/12/2020,0.0,0.0,0.0,0.0,0.0,0.0,0.0,0.0,0.0,0
5211.KL,3/12/2021,0.629186,0.65354,0.322106,0.024354,1.0,0.0,0.0,0.629186,0.74818,2
5211.KL,3/12/2022,0.127261,0.16419,0.798881,0.036929,1.0,0.0,0.0,0.127261,0.798881,1
5211.KL,3/12/2023,0.0,0.0,0.0,0.0,0.0,0.0,0.0,0.0,0.0,0
5211.KL,3/12/2024,0.370619,0.386287,0.598045,0.015668,0.75,0.25,0.0,0.370619,0.767193,4
5211.KL,3/12/2025,0.922825,0.936612,0.049601,0.013787,1.0,0.0,0.0,0.922825,0.936612,1
5211.KL,3/2/2020,0.0,0.0,0.0,0.0,0.0,0.0,0.0,0.0,0.0,0
5211.KL,3/2/2021,0.009264,0.051488,0.906289,0.042224,0.0,1.0,0.0,0.009264,0.906289,1
5211.KL,3/2/2022,0.461967,0.47228,0.517408,0.010313,1.0,0.0,0.0,0.461967,0.517408,1
5211.KL,3/2/2023,0.073489,0.087976,0.897538,0.014486,0.0,1.0,0.0,0.073489,0.897538,1
5211.KL,3/2/2024,0.0,0.0,0.0,0.0,0.0,0.0,0.0,0.0,0.0,0
5211.KL,3/2/2025,0.735903,0.74932,0.237262,0.013417,1.0,0.0,0.0,0.735903,0.74932,2
5211.KL,3/2/2026,0.097899,0.10983,0.87824,0.011931,0.5,0.5,0.0,0.097899,0.87824,2
5211.KL,3/3/2020,0.238122,0.248135,0.741852,0.010013,1.0,0.0,0.0,0.238122,0.741852,1
5211.KL,3/3/2021,0.0,0.0,0.0,0.0,0.0,0.0,0.0,0.0,0.0,0
5211.KL,3/3/2022,0.0,0.0,0.0,0.0,0.0,0.0,0.0,0.0,0.0,0
5211.KL,3/3/2023,0.576216,0.591623,0.392971,0.015407,1.0,0.0,0.0,0.576216,0.794202,3
5211.KL,3/3/2024,0.186506,0.201516,0.783473,0.015011,1.0,0.0,0.0,0.186506,0.783473,1
5211.KL,3/3/2025,0.0,0.0,0.0,0.0,0.0,0.0,0.0,0.0,0.0,0
5211.KL,3/3/2026,0.430255,0.459487,0.51128,0.029233,0.5,0.5,0.0,0.448927,0.912338,2
5211.KL,3/4/2020,0.0,0.0,0.0,0.0,0.0,0.0,0.0,0.0,0.0,0
5211.KL,3/4/2021,0.020469,0.047334,0.925801,0.026865,0.0,1.0,0.0,0.020469,0.925801,1
5211.KL,3/4/2022,0.0,0.0,0.0,0.0,0.0,0.0,0.0,0.0,0.0,0
5211.KL,3/4/2023,0.0,0.0,0.0,0.0,0.0,0.0,0.0,0.0,0.0,0
5211.KL,3/4/2024,0.0,0.0,0.0,0.0,0.0,0.0,0.0,0.0,0.0,0
5211.KL,3/4/2025,0.076546,0.099902,0.876742,0.023356,0.0,1.0,0.0,0.076546,0.876742,1
5211.KL,3/5/2020,0.0,0.0,0.0,0.0,0.0,0.0,0.0,0.0,0.0,0
5211.KL,3/5/2021,0.907264,0.934078,0.039108,0.026814,1.0,0.0,0.0,0.907264,0.934078,1
5211.KL,3/5/2022,0.0,0.0,0.0,0.0,0.0,0.0,0.0,0.0,0.0,0
5211.KL,3/5/2023,0.0,0.0,0.0,0.0,0.0,0.0,0.0,0.0,0.0,0
5211.KL,3/5/2024,0.348722,0.389526,0.569671,0.040804,0.666667,0.333333,0.0,0.348722,0.744048,3
5211.KL,3/5/2025,-0.392703,0.057335,0.492628,0.450038,0.0,0.5,0.5,0.430204,0.912544,2
5211.KL,3/6/2020,0.094753,0.113992,0.866768,0.01924,0.0,1.0,0.0,0.094753,0.866768,1
5211.KL,3/6/2021,0.0,0.0,0.0,0.0,0.0,0.0,0.0,0.0,0.0,0
5211.KL,3/6/2022,0.0288,0.057387,0.914027,0.028586,0.0,1.0,0.0,0.038719,0.914027,2
5211.KL,3/6/2023,0.398659,0.408174,0.58231,0.009515,1.0,0.0,0.0,0.398659,0.818157,3
5211.KL,3/6/2024,0.0,0.0,0.0,0.0,0.0,0.0,0.0,0.0,0.0,0
5211.KL,3/6/2025,-0.884716,0.045704,0.023877,0.930419,0.0,0.0,1.0,0.884716,0.930419,1
5211.KL,3/7/2020,0.0,0.0,0.0,0.0,0.0,0.0,0.0,0.0,0.0,0
5211.KL,3/7/2021,0.251917,0.293853,0.66421,0.041936,1.0,0.0,0.0,0.251917,0.66421,1
5211.KL,3/7/2022,0.0,0.0,0.0,0.0,0.0,0.0,0.0,0.0,0.0,0
5211.KL,3/7/2023,0.275721,0.285209,0.705303,0.009488,1.0,0.0,0.0,0.275721,0.705303,2
5211.KL,3/7/2024,0.245513,0.406535,0.432444,0.161021,0.75,0.125,0.125,0.465144,0.784655,8
5211.KL,3/7/2025,0.0,0.0,0.0,0.0,0.0,0.0,0.0,0.0,0.0,0
5211.KL,3/8/2020,-0.287594,0.10164,0.509127,0.389233,0.0,0.0,1.0,0.287594,0.509127,1
5211.KL,3/8/2021,0.0,0.0,0.0,0.0,0.0,0.0,0.0,0.0,0.0,0
5211.KL,3/8/2022,0.516423,0.529115,0.458193,0.012692,1.0,0.0,0.0,0.516423,0.529115,1
5211.KL,3/8/2023,0.432722,0.471869,0.488985,0.039147,1.0,0.0,0.0,0.432722,0.776077,2
5211.KL,3/8/2024,0.0,0.0,0.0,0.0,0.0,0.0,0.0,0.0,0.0,0
5211.KL,3/8/2025,0.0,0.0,0.0,0.0,0.0,0.0,0.0,0.0,0.0,0
5211.KL,3/9/2020,0.0,0.0,0.0,0.0,0.0,0.0,0.0,0.0,0.0,0
5211.KL,3/9/2021,0.011683,0.035338,0.941008,0.023655,0.0,1.0,0.0,0.011683,0.941008,1
5211.KL,3/9/2022,0.0,0.0,0.0,0.0,0.0,0.0,0.0,0.0,0.0,0
5211.KL,3/9/2023,0.374042,0.387436,0.599169,0.013395,1.0,0.0,0.0,0.374042,0.599169,1
5211.KL,3/9/2024,-0.000767,0.030461,0.938311,0.031228,0.0,1.0,0.0,0.000767,0.938311,1
5211.KL,3/9/2025,-0.028887,0.247834,0.475445,0.276721,0.25,0.5,0.25,0.419711,0.887422,4
5211.KL,30/1/2020,0.679477,0.68595,0.307578,0.006472,1.0,0.0,0.0,0.679477,0.68595,1
5211.KL,30/1/2021,0.0,0.0,0.0,0.0,0.0,0.0,0.0,0.0,0.0,0
5211.KL,30/1/2022,0.080409,0.09674,0.886929,0.016331,0.0,1.0,0.0,0.080409,0.886929,1
5211.KL,30/1/2023,0.915341,0.94568,0.023981,0.030339,1.0,0.0,0.0,0.915341,0.94568,1
5211.KL,30/1/2024,0.272754,0.290268,0.692218,0.017514,0.25,0.75,0.0,0.272754,0.919201,4
5211.KL,30/1/2025,0.0,0.0,0.0,0.0,0.0,0.0,0.0,0.0,0.0,0
5211.KL,30/1/2026,0.477653,0.49792,0.481813,0.020267,0.5,0.5,0.0,0.477653,0.938585,2
5211.KL,30/10/2020,0.366459,0.565612,0.235235,0.199153,0.666667,0.333333,0.0,0.366459,0.696236,3
5211.KL,30/10/2021,0.0,0.0,0.0,0.0,0.0,0.0,0.0,0.0,0.0,0
5211.KL,30/10/2022,-0.583297,0.029939,0.356824,0.613236,0.0,0.0,1.0,0.583297,0.613236,1
5211.KL,30/10/2023,0.384466,0.404761,0.574944,0.020295,0.5,0.5,0.0,0.384466,0.824146,2
5211.KL,30/10/2024,0.0,0.0,0.0,0.0,0.0,0.0,0.0,0.0,0.0,0
5211.KL,30/10/2025,0.246389,0.445478,0.355434,0.199089,0.666667,0.0,0.333333,0.600267,0.825462,6
5211.KL,30/11/2020,0.034627,0.047535,0.939557,0.012908,0.0,1.0,0.0,0.034627,0.939557,1
5211.KL,30/11/2021,0.0,0.0,0.0,0.0,0.0,0.0,0.0,0.0,0.0,0
5211.KL,30/11/2022,0.002618,0.026285,0.950049,0.023667,0.0,1.0,0.0,0.002618,0.950049,1
5211.KL,30/11/2023,0.720837,0.732208,0.256421,0.011371,1.0,0.0,0.0,0.720837,0.732208,2
5211.KL,30/11/2024,0.572988,0.584148,0.404691,0.011161,1.0,0.0,0.0,0.572988,0.734166,2
5211.KL,30/11/2025,0.0,0.0,0.0,0.0,0.0,0.0,0.0,0.0,0.0,0
5211.KL,30/12/2020,0.087251,0.098866,0.889519,0.011615,0.0,1.0,0.0,0.087251,0.889519,1
5211.KL,30/12/2021,0.0,0.0,0.0,0.0,0.0,0.0,0.0,0.0,0.0,0
5211.KL,30/12/2022,0.326665,0.362825,0.601015,0.03616,0.333333,0.666667,0.0,0.326665,0.909537,3
5211.KL,30/12/2023,0.052161,0.074976,0.902208,0.022816,0.0,1.0,0.0,0.052161,0.902208,1
5211.KL,30/12/2024,-0.442394,0.039277,0.479052,0.481671,0.0,0.5,0.5,0.482247,0.935014,2
5211.KL,30/12/2025,0.0,0.0,0.0,0.0,0.0,0.0,0.0,0.0,0.0,0
5211.KL,30/3/2020,0.0,0.0,0.0,0.0,0.0,0.0,0.0,0.0,0.0,0
5211.KL,30/3/2021,0.499573,0.600981,0.297611,0.101408,1.0,0.0,0.0,0.499573,0.600981,1
5211.KL,30/3/2022,0.0,0.0,0.0,0.0,0.0,0.0,0.0,0.0,0.0,0
5211.KL,30/3/2023,0.257144,0.26961,0.717924,0.012466,1.0,0.0,0.0,0.257144,0.717924,1
5211.KL,30/3/2024,-0.209955,0.327683,0.134678,0.537638,0.333333,0.0,0.666667,0.824674,0.844998,3
5211.KL,30/3/2025,0.0,0.0,0.0,0.0,0.0,0.0,0.0,0.0,0.0,0
5211.KL,30/4/2020,0.0,0.0,0.0,0.0,0.0,0.0,0.0,0.0,0.0,0
5211.KL,30/4/2021,0.0,0.0,0.0,0.0,0.0,0.0,0.0,0.0,0.0,0
5211.KL,30/4/2022,0.0,0.0,0.0,0.0,0.0,0.0,0.0,0.0,0.0,0
5211.KL,30/4/2023,0.0,0.0,0.0,0.0,0.0,0.0,0.0,0.0,0.0,0
5211.KL,30/4/2024,0.032453,0.048524,0.935406,0.016071,0.0,1.0,0.0,0.032453,0.935406,1
5211.KL,30/4/2025,0.188003,0.268348,0.651307,0.080345,0.4,0.4,0.2,0.296096,0.754057,5
5211.KL,30/5/2020,0.079196,0.095049,0.889098,0.015853,0.0,1.0,0.0,0.079196,0.889098,1
5211.KL,30/5/2021,0.0,0.0,0.0,0.0,0.0,0.0,0.0,0.0,0.0,0
5211.KL,30/5/2022,-0.649227,0.063933,0.222907,0.71316,0.0,0.0,1.0,0.649227,0.71316,1
5211.KL,30/5/2023,0.0,0.0,0.0,0.0,0.0,0.0,0.0,0.0,0.0,0
5211.KL,30/5/2024,0.0,0.0,0.0,0.0,0.0,0.0,0.0,0.0,0.0,0
5211.KL,30/5/2025,0.043277,0.055579,0.932119,0.012302,0.0,1.0,0.0,0.043277,0.932119,1
5211.KL,30/6/2020,0.027101,0.040339,0.946423,0.013238,0.0,1.0,0.0,0.027101,0.946423,1
5211.KL,30/6/2021,0.185827,0.195541,0.794744,0.009715,0.5,0.5,0.0,0.185827,0.794744,2
5211.KL,30/6/2022,0.306097,0.319528,0.667042,0.013431,1.0,0.0,0.0,0.306097,0.667042,1
5211.KL,30/6/2023,0.0,0.0,0.0,0.0,0.0,0.0,0.0,0.0,0.0,0
5211.KL,30/6/2024,0.0,0.0,0.0,0.0,0.0,0.0,0.0,0.0,0.0,0
5211.KL,30/6/2025,0.039048,0.051826,0.935395,0.012779,0.0,1.0,0.0,0.039048,0.935395,1
5211.KL,30/7/2020,0.0,0.0,0.0,0.0,0.0,0.0,0.0,0.0,0.0,0
5211.KL,30/7/2021,0.0,0.0,0.0,0.0,0.0,0.0,0.0,0.0,0.0,0
5211.KL,30/7/2022,0.0,0.0,0.0,0.0,0.0,0.0,0.0,0.0,0.0,0
5211.KL,30/7/2023,0.0,0.0,0.0,0.0,0.0,0.0,0.0,0.0,0.0,0
5211.KL,30/7/2024,-0.054214,0.379706,0.186375,0.43392,0.0,1.0,0.0,0.054214,0.43392,1
5211.KL,30/7/2025,0.208146,0.267495,0.673155,0.059349,1.0,0.0,0.0,0.208146,0.706018,3
5211.KL,30/8/2020,0.129612,0.145583,0.838446,0.015971,1.0,0.0,0.0,0.129612,0.838446,1
5211.KL,30/8/2021,-0.00575,0.029454,0.935342,0.035204,0.0,1.0,0.0,0.00575,0.935342,1
5211.KL,30/8/2022,0.514859,0.52446,0.46594,0.0096,1.0,0.0,0.0,0.514859,0.836708,2
5211.KL,30/8/2023,-0.127071,0.175217,0.522495,0.302288,0.5,0.0,0.5,0.429542,0.63494,2
5211.KL,30/8/2024,0.779929,0.790383,0.199164,0.010454,1.0,0.0,0.0,0.779929,0.790383,1
5211.KL,30/8/2025,0.0,0.0,0.0,0.0,0.0,0.0,0.0,0.0,0.0,0
5211.KL,30/9/2020,0.128643,0.156089,0.816465,0.027446,0.666667,0.333333,0.0,0.128643,0.816465,3
5211.KL,30/9/2021,0.0,0.0,0.0,0.0,0.0,0.0,0.0,0.0,0.0,0
5211.KL,30/9/2022,0.580036,0.590612,0.398812,0.010576,1.0,0.0,0.0,0.580036,0.590612,1
5211.KL,30/9/2023,0.0,0.0,0.0,0.0,0.0,0.0,0.0,0.0,0.0,0
5211.KL,30/9/2024,0.0,0.0,0.0,0.0,0.0,0.0,0.0,0.0,0.0,0
5211.KL,30/9/2025,-0.02004,0.445435,0.089091,0.465475,0.5,0.0,0.5,0.87269,0.8918,2
5211.KL,31/1/2020,0.0,0.0,0.0,0.0,0.0,0.0,0.0,0.0,0.0,0
5211.KL,31/1/2021,0.0,0.0,0.0,0.0,0.0,0.0,0.0,0.0,0.0,0
5211.KL,31/1/2022,0.019504,0.035128,0.949249,0.015623,0.0,1.0,0.0,0.019504,0.949249,1
5211.KL,31/1/2023,0.330475,0.342777,0.644922,0.012302,0.5,0.5,0.0,0.330475,0.785113,2
5211.KL,31/1/2024,0.629223,0.645976,0.33727,0.016753,0.666667,0.333333,0.0,0.629223,0.947174,3
5211.KL,31/1/2025,0.007501,0.037811,0.931878,0.030311,0.0,1.0,0.0,0.007501,0.931878,1
5211.KL,31/1/2026,0.439079,0.457925,0.523228,0.018847,1.0,0.0,0.0,0.439079,0.816011,2
5211.KL,31/10/2020,0.066606,0.315528,0.43555,0.248922,0.333333,0.333333,0.333333,0.431478,0.682724,3
5211.KL,31/10/2021,0.0,0.0,0.0,0.0,0.0,0.0,0.0,0.0,0.0,0
5211.KL,31/10/2022,0.0,0.0,0.0,0.0,0.0,0.0,0.0,0.0,0.0,0
5211.KL,31/10/2023,-0.250276,0.070669,0.608386,0.320945,0.0,0.5,0.5,0.343304,0.744162,2
5211.KL,31/10/2024,0.138392,0.152389,0.833613,0.013997,1.0,0.0,0.0,0.138392,0.833613,1
5211.KL,31/10/2025,0.121586,0.134021,0.853544,0.012435,1.0,0.0,0.0,0.121586,0.853544,1
5211.KL,31/12/2020,0.0,0.0,0.0,0.0,0.0,0.0,0.0,0.0,0.0,0
5211.KL,31/12/2021,-0.248027,0.120741,0.510492,0.368768,0.0,0.5,0.5,0.266705,0.836334,2
5211.KL,31/12/2022,0.195543,0.211989,0.771566,0.016446,1.0,0.0,0.0,0.195543,0.771566,1
5211.KL,31/12/2023,0.0,0.0,0.0,0.0,0.0,0.0,0.0,0.0,0.0,0
5211.KL,31/12/2024,0.006969,0.048369,0.91023,0.0414,0.0,1.0,0.0,0.02294,0.91023,3
5211.KL,31/12/2025,0.0,0.0,0.0,0.0,0.0,0.0,0.0,0.0,0.0,0
5211.KL,31/3/2020,0.0,0.0,0.0,0.0,0.0,0.0,0.0,0.0,0.0,0
5211.KL,31/3/2021,0.0,0.0,0.0,0.0,0.0,0.0,0.0,0.0,0.0,0
5211.KL,31/3/2022,0.0,0.0,0.0,0.0,0.0,0.0,0.0,0.0,0.0,0
5211.KL,31/3/2023,0.199264,0.216185,0.766894,0.016921,1.0,0.0,0.0,0.199264,0.766894,1
5211.KL,31/3/2024,-0.105551,0.114558,0.665333,0.220109,0.25,0.5,0.25,0.279093,0.830947,4
5211.KL,31/3/2025,0.059506,0.101041,0.857424,0.041535,0.0,1.0,0.0,0.059506,0.857424,1
5211.KL,31/5/2020,0.0,0.0,0.0,0.0,0.0,0.0,0.0,0.0,0.0,0
5211.KL,31/5/2021,0.0,0.0,0.0,0.0,0.0,0.0,0.0,0.0,0.0,0
5211.KL,31/5/2022,0.0,0.0,0.0,0.0,0.0,0.0,0.0,0.0,0.0,0
5211.KL,31/5/2023,0.0,0.0,0.0,0.0,0.0,0.0,0.0,0.0,0.0,0
5211.KL,31/5/2024,0.0,0.0,0.0,0.0,0.0,0.0,0.0,0.0,0.0,0
5211.KL,31/5/2025,0.0,0.0,0.0,0.0,0.0,0.0,0.0,0.0,0.0,0
5211.KL,31/7/2020,0.0,0.0,0.0,0.0,0.0,0.0,0.0,0.0,0.0,0
5211.KL,31/7/2021,-0.814434,0.034011,0.117543,0.848446,0.0,0.0,1.0,0.814434,0.848446,1
5211.KL,31/7/2022,0.0,0.0,0.0,0.0,0.0,0.0,0.0,0.0,0.0,0
5211.KL,31/7/2023,0.897925,0.916679,0.064566,0.018755,1.0,0.0,0.0,0.897925,0.916679,1
5211.KL,31/7/2024,0.435043,0.447514,0.540014,0.012471,0.5,0.5,0.0,0.435043,0.863333,2
5211.KL,31/7/2025,0.0,0.0,0.0,0.0,0.0,0.0,0.0,0.0,0.0,0
5211.KL,31/8/2020,0.0,0.0,0.0,0.0,0.0,0.0,0.0,0.0,0.0,0
5211.KL,31/8/2021,0.766065,0.774711,0.216643,0.008646,1.0,0.0,0.0,0.766065,0.774711,1
5211.KL,31/8/2022,-0.091167,0.044251,0.820331,0.135418,0.0,1.0,0.0,0.091167,0.820331,1
5211.KL,31/8/2023,0.0,0.0,0.0,0.0,0.0,0.0,0.0,0.0,0.0,0
5211.KL,31/8/2024,0.0,0.0,0.0,0.0,0.0,0.0,0.0,0.0,0.0,0
5211.KL,31/8/2025,0.0,0.0,0.0,0.0,0.0,0.0,0.0,0.0,0.0,0
5211.KL,4/1/2020,0.0,0.0,0.0,0.0,0.0,0.0,0.0,0.0,0.0,0
5211.KL,4/1/2021,0.889282,0.900724,0.087835,0.011442,1.0,0.0,0.0,0.889282,0.900724,1
5211.KL,4/1/2022,0.0,0.0,0.0,0.0,0.0,0.0,0.0,0.0,0.0,0
5211.KL,4/1/2023,0.359263,0.436563,0.486137,0.0773,0.5,0.5,0.0,0.359263,0.892888,2
5211.KL,4/1/2024,0.0,0.0,0.0,0.0,0.0,0.0,0.0,0.0,0.0,0
5211.KL,4/1/2025,0.0,0.0,0.0,0.0,0.0,0.0,0.0,0.0,0.0,0
5211.KL,4/1/2026,0.0,0.0,0.0,0.0,0.0,0.0,0.0,0.0,0.0,0
5211.KL,4/10/2020,0.07666,0.094016,0.888628,0.017356,0.0,1.0,0.0,0.07666,0.888628,1
5211.KL,4/10/2021,0.0,0.0,0.0,0.0,0.0,0.0,0.0,0.0,0.0,0
5211.KL,4/10/2022,0.0,0.0,0.0,0.0,0.0,0.0,0.0,0.0,0.0,0
5211.KL,4/10/2023,0.892306,0.91554,0.061226,0.023234,1.0,0.0,0.0,0.892306,0.91554,1
5211.KL,4/10/2024,0.0,0.0,0.0,0.0,0.0,0.0,0.0,0.0,0.0,0
5211.KL,4/10/2025,0.845811,0.855033,0.135744,0.009223,1.0,0.0,0.0,0.845811,0.855033,1
5211.KL,4/11/2020,-0.952945,0.008015,0.031025,0.96096,0.0,0.0,1.0,0.952945,0.96096,1
5211.KL,4/11/2021,0.0,0.0,0.0,0.0,0.0,0.0,0.0,0.0,0.0,0
5211.KL,4/11/2022,0.229333,0.297166,0.635001,0.067833,0.333333,0.666667,0.0,0.252793,0.879173,3
5211.KL,4/11/2023,0.144235,0.434497,0.275242,0.290261,0.5,0.0,0.5,0.667285,0.696021,2
5211.KL,4/11/2024,0.0,0.0,0.0,0.0,0.0,0.0,0.0,0.0,0.0,0
5211.KL,4/11/2025,0.105519,0.119786,0.865947,0.014267,1.0,0.0,0.0,0.105519,0.865947,1
5211.KL,4/12/2020,0.0,0.0,0.0,0.0,0.0,0.0,0.0,0.0,0.0,0
5211.KL,4/12/2021,0.0,0.0,0.0,0.0,0.0,0.0,0.0,0.0,0.0,0
5211.KL,4/12/2022,0.09694,0.114245,0.86845,0.017305,0.0,1.0,0.0,0.09694,0.86845,1
5211.KL,4/12/2023,0.020159,0.049955,0.92025,0.029796,0.0,1.0,0.0,0.020159,0.92025,1
5211.KL,4/12/2024,0.243434,0.559633,0.124169,0.316199,0.666667,0.0,0.333333,0.84782,0.861826,3
5211.KL,4/12/2025,0.370445,0.383623,0.603198,0.013178,0.333333,0.666667,0.0,0.370445,0.910843,3
5211.KL,4/2/2020,0.0,0.0,0.0,0.0,0.0,0.0,0.0,0.0,0.0,0
5211.KL,4/2/2021,0.0,0.0,0.0,0.0,0.0,0.0,0.0,0.0,0.0,0
5211.KL,4/2/2022,0.0,0.0,0.0,0.0,0.0,0.0,0.0,0.0,0.0,0
5211.KL,4/2/2023,0.029861,0.066114,0.897633,0.036253,0.0,1.0,0.0,0.029861,0.897633,1
5211.KL,4/2/2024,0.001295,0.032552,0.936191,0.031257,0.0,1.0,0.0,0.001295,0.936191,1
5211.KL,4/2/2025,0.263651,0.449813,0.364025,0.186162,0.333333,0.333333,0.333333,0.373913,0.795414,3
5211.KL,4/2/2026,0.305948,0.397566,0.510816,0.091618,0.5,0.5,0.0,0.305948,0.825538,2
5211.KL,4/3/2020,0.0,0.0,0.0,0.0,0.0,0.0,0.0,0.0,0.0,0
5211.KL,4/3/2021,0.0,0.0,0.0,0.0,0.0,0.0,0.0,0.0,0.0,0
5211.KL,4/3/2022,-0.367582,0.07902,0.474379,0.446602,0.5,0.0,0.5,0.494597,0.863967,2
5211.KL,4/3/2023,0.0,0.0,0.0,0.0,0.0,0.0,0.0,0.0,0.0,0
5211.KL,4/3/2024,0.924722,0.937802,0.049118,0.01308,1.0,0.0,0.0,0.924722,0.937802,2
5211.KL,4/3/2025,0.026299,0.049157,0.927984,0.022858,0.0,1.0,0.0,0.026299,0.927984,1
5211.KL,4/3/2026,-0.443175,0.04252,0.471785,0.485695,0.0,0.0,1.0,0.443175,0.485695,1
5211.KL,4/4/2020,-0.231938,0.174788,0.418485,0.406727,0.5,0.0,0.5,0.40044,0.803707,2
5211.KL,4/4/2021,0.0,0.0,0.0,0.0,0.0,0.0,0.0,0.0,0.0,0
5211.KL,4/4/2022,-0.746928,0.033796,0.18548,0.780724,0.0,0.0,1.0,0.746928,0.780724,1
5211.KL,4/4/2023,0.0,0.0,0.0,0.0,0.0,0.0,0.0,0.0,0.0,0
5211.KL,4/4/2024,-0.094368,0.184454,0.536723,0.278822,0.25,0.25,0.5,0.390646,0.615815,4
5211.KL,4/4/2025,0.189975,0.222221,0.745533,0.032246,1.0,0.0,0.0,0.189975,0.745533,2
5211.KL,4/5/2020,0.0,0.0,0.0,0.0,0.0,0.0,0.0,0.0,0.0,0
5211.KL,4/5/2021,0.0,0.0,0.0,0.0,0.0,0.0,0.0,0.0,0.0,0
5211.KL,4/5/2022,0.0,0.0,0.0,0.0,0.0,0.0,0.0,0.0,0.0,0
5211.KL,4/5/2023,0.892055,0.924427,0.043201,0.032372,1.0,0.0,0.0,0.892055,0.924427,1
5211.KL,4/5/2024,0.295063,0.317902,0.659258,0.02284,0.333333,0.666667,0.0,0.295063,0.883514,3
5211.KL,4/5/2025,0.0,0.0,0.0,0.0,0.0,0.0,0.0,0.0,0.0,0
5211.KL,4/6/2020,0.070006,0.086316,0.897374,0.01631,0.0,1.0,0.0,0.070006,0.897374,1
5211.KL,4/6/2021,0.0,0.0,0.0,0.0,0.0,0.0,0.0,0.0,0.0,0
5211.KL,4/6/2022,0.0,0.0,0.0,0.0,0.0,0.0,0.0,0.0,0.0,0
5211.KL,4/6/2023,0.283411,0.315783,0.651845,0.032372,1.0,0.0,0.0,0.283411,0.651845,1
5211.KL,4/6/2024,0.482296,0.497793,0.48671,0.015497,1.0,0.0,0.0,0.482296,0.827656,2
5211.KL,4/6/2025,0.0,0.0,0.0,0.0,0.0,0.0,0.0,0.0,0.0,0
5211.KL,4/7/2020,0.0,0.0,0.0,0.0,0.0,0.0,0.0,0.0,0.0,0
5211.KL,4/7/2021,0.0,0.0,0.0,0.0,0.0,0.0,0.0,0.0,0.0,0
5211.KL,4/7/2022,0.249792,0.260057,0.729678,0.010265,1.0,0.0,0.0,0.249792,0.729678,2
5211.KL,4/7/2023,0.45481,0.467402,0.520006,0.012592,0.5,0.5,0.0,0.45481,0.910405,2
5211.KL,4/7/2024,0.0,0.0,0.0,0.0,0.0,0.0,0.0,0.0,0.0,0
5211.KL,4/7/2025,0.884037,0.926555,0.030926,0.042519,1.0,0.0,0.0,0.884037,0.926555,1
5211.KL,4/8/2020,0.101324,0.127534,0.846256,0.02621,0.666667,0.333333,0.0,0.101324,0.846256,3
5211.KL,4/8/2021,0.0,0.0,0.0,0.0,0.0,0.0,0.0,0.0,0.0,0
5211.KL,4/8/2022,0.0,0.0,0.0,0.0,0.0,0.0,0.0,0.0,0.0,0
5211.KL,4/8/2023,0.039154,0.050998,0.937158,0.011844,0.0,1.0,0.0,0.039154,0.937158,1
5211.KL,4/8/2024,0.0,0.0,0.0,0.0,0.0,0.0,0.0,0.0,0.0,0
5211.KL,4/8/2025,-0.867672,0.053957,0.024414,0.921629,0.0,0.0,1.0,0.867672,0.921629,1
5211.KL,4/9/2020,0.173091,0.180953,0.811184,0.007862,1.0,0.0,0.0,0.173091,0.811184,1
5211.KL,4/9/2021,0.559475,0.569412,0.420651,0.009937,1.0,0.0,0.0,0.559475,0.569412,1
5211.KL,4/9/2022,0.025923,0.077721,0.870481,0.051798,0.0,1.0,0.0,0.025923,0.870481,1
5211.KL,4/9/2023,0.0,0.0,0.0,0.0,0.0,0.0,0.0,0.0,0.0,0
5211.KL,4/9/2024,0.0,0.0,0.0,0.0,0.0,0.0,0.0,0.0,0.0,0
5211.KL,4/9/2025,0.070603,0.192817,0.684969,0.122214,0.2,0.6,0.2,0.169441,0.767736,5
5211.KL,5/1/2020,0.0,0.0,0.0,0.0,0.0,0.0,0.0,0.0,0.0,0
5211.KL,5/1/2021,0.069442,0.080527,0.908388,0.011085,0.0,1.0,0.0,0.069442,0.908388,1
5211.KL,5/1/2022,0.02696,0.044696,0.937569,0.017735,0.0,1.0,0.0,0.02696,0.937569,2
5211.KL,5/1/2023,0.735319,0.746772,0.241776,0.011453,1.0,0.0,0.0,0.735319,0.746772,1
5211.KL,5/1/2024,0.831149,0.853479,0.124191,0.02233,1.0,0.0,0.0,0.831149,0.853479,1
5211.KL,5/1/2025,-0.55069,0.030188,0.388934,0.580878,0.0,0.0,1.0,0.55069,0.729154,2
5211.KL,5/1/2026,0.240484,0.271158,0.698169,0.030673,0.25,0.75,0.0,0.257595,0.925122,4
5211.KL,5/10/2020,0.0,0.0,0.0,0.0,0.0,0.0,0.0,0.0,0.0,0
5211.KL,5/10/2021,-0.145745,0.194747,0.464761,0.340492,0.2,0.0,0.8,0.462439,0.758802,5
5211.KL,5/10/2022,0.889571,0.906969,0.075633,0.017398,1.0,0.0,0.0,0.889571,0.906969,1
5211.KL,5/10/2023,0.533561,0.548182,0.437197,0.014621,1.0,0.0,0.0,0.533561,0.814084,2
5211.KL,5/10/2024,-0.039143,0.077491,0.805874,0.116635,0.0,1.0,0.0,0.050556,0.805874,2
5211.KL,5/10/2025,0.0,0.0,0.0,0.0,0.0,0.0,0.0,0.0,0.0,0
5211.KL,5/11/2020,0.659569,0.695209,0.269151,0.03564,1.0,0.0,0.0,0.659569,0.695209,1
5211.KL,5/11/2021,0.80729,0.817192,0.172907,0.009902,1.0,0.0,0.0,0.80729,0.817192,1
5211.KL,5/11/2022,0.0,0.0,0.0,0.0,0.0,0.0,0.0,0.0,0.0,0
5211.KL,5/11/2023,0.706811,0.748797,0.209217,0.041986,1.0,0.0,0.0,0.706811,0.748797,1
5211.KL,5/11/2024,0.433458,0.446072,0.541314,0.012614,0.5,0.5,0.0,0.433458,0.86972,2
5211.KL,5/11/2025,-0.163488,0.303411,0.229689,0.466899,0.5,0.0,0.5,0.688211,0.908929,4
5211.KL,5/12/2020,0.908666,0.934632,0.039402,0.025966,1.0,0.0,0.0,0.908666,0.934632,1
5211.KL,5/12/2021,0.016699,0.037668,0.941363,0.020969,0.0,1.0,0.0,0.016699,0.941363,1
5211.KL,5/12/2022,0.0,0.0,0.0,0.0,0.0,0.0,0.0,0.0,0.0,0
5211.KL,5/12/2023,0.852186,0.861089,0.130007,0.008904,1.0,0.0,0.0,0.852186,0.861089,1
5211.KL,5/12/2024,0.027975,0.049697,0.92858,0.021723,0.0,1.0,0.0,0.027975,0.92858,1
5211.KL,5/12/2025,0.0,0.0,0.0,0.0,0.0,0.0,0.0,0.0,0.0,0
5211.KL,5/2/2020,-0.592062,0.031536,0.344866,0.623598,0.0,0.0,1.0,0.592062,0.767535,2
5211.KL,5/2/2021,0.0,0.0,0.0,0.0,0.0,0.0,0.0,0.0,0.0,0
5211.KL,5/2/2022,0.0,0.0,0.0,0.0,0.0,0.0,0.0,0.0,0.0,0
5211.KL,5/2/2023,0.166595,0.180061,0.806472,0.013467,1.0,0.0,0.0,0.166595,0.806472,1
5211.KL,5/2/2024,0.194515,0.20741,0.779694,0.012896,1.0,0.0,0.0,0.194515,0.779694,1
5211.KL,5/2/2025,-0.708374,0.133672,0.024282,0.842046,0.0,0.0,1.0,0.708374,0.842046,1
5211.KL,5/2/2026,0.052994,0.06524,0.922514,0.012246,0.0,1.0,0.0,0.052994,0.922514,2
5211.KL,5/3/2020,-0.224573,0.15324,0.468947,0.377813,0.0,0.5,0.5,0.260113,0.81072,2
5211.KL,5/3/2021,0.47847,0.496432,0.485607,0.017962,0.5,0.5,0.0,0.47847,0.950041,2
5211.KL,5/3/2022,0.17092,0.185365,0.80019,0.014445,0.5,0.5,0.0,0.17092,0.80019,4
5211.KL,5/3/2023,0.400554,0.445541,0.509472,0.044987,1.0,0.0,0.0,0.400554,0.509472,1
5211.KL,5/3/2024,0.567221,0.575513,0.416196,0.008291,1.0,0.0,0.0,0.567221,0.575513,1
5211.KL,5/3/2025,0.088944,0.100588,0.887768,0.011644,0.5,0.5,0.0,0.088944,0.887768,2
5211.KL,5/3/2026,0.040842,0.053143,0.934555,0.012302,0.0,1.0,0.0,0.040842,0.934555,1
5211.KL,5/4/2020,0.0,0.0,0.0,0.0,0.0,0.0,0.0,0.0,0.0,0
5211.KL,5/4/2021,0.135294,0.345335,0.444624,0.210041,1.0,0.0,0.0,0.135294,0.688715,2
5211.KL,5/4/2022,0.794449,0.871911,0.050627,0.077462,1.0,0.0,0.0,0.794449,0.871911,1
5211.KL,5/4/2023,0.3648,0.378636,0.607527,0.013836,0.5,0.5,0.0,0.3648,0.836705,2
5211.KL,5/4/2024,0.0,0.0,0.0,0.0,0.0,0.0,0.0,0.0,0.0,0
5211.KL,5/4/2025,0.925115,0.948227,0.028661,0.023112,1.0,0.0,0.0,0.925115,0.948227,1
5211.KL,5/5/2020,0.0,0.0,0.0,0.0,0.0,0.0,0.0,0.0,0.0,0
5211.KL,5/5/2021,0.855471,0.87057,0.114331,0.015099,1.0,0.0,0.0,0.855471,0.87057,1
5211.KL,5/5/2022,0.136752,0.149767,0.837218,0.013015,1.0,0.0,0.0,0.136752,0.837218,1
5211.KL,5/5/2023,0.035621,0.049091,0.937439,0.01347,0.0,1.0,0.0,0.035621,0.937439,1
5211.KL,5/5/2024,0.668781,0.685178,0.298424,0.016398,1.0,0.0,0.0,0.668781,0.685178,1
5211.KL,5/5/2025,0.108362,0.120661,0.867039,0.012299,0.5,0.5,0.0,0.108362,0.867039,2
5211.KL,5/6/2020,0.0,0.0,0.0,0.0,0.0,0.0,0.0,0.0,0.0,0
5211.KL,5/6/2021,-0.42208,0.068477,0.440966,0.490557,0.0,0.5,0.5,0.499924,0.884999,2
5211.KL,5/6/2022,0.909884,0.922614,0.064656,0.01273,1.0,0.0,0.0,0.909884,0.922614,1
5211.KL,5/6/2023,0.0,0.0,0.0,0.0,0.0,0.0,0.0,0.0,0.0,0
5211.KL,5/6/2024,0.0,0.0,0.0,0.0,0.0,0.0,0.0,0.0,0.0,0
5211.KL,5/6/2025,0.056184,0.094717,0.86675,0.038533,0.333333,0.666667,0.0,0.061955,0.86675,3
5211.KL,5/7/2020,0.502289,0.513634,0.475021,0.011345,1.0,0.0,0.0,0.502289,0.513634,1
5211.KL,5/7/2021,0.051186,0.06391,0.923365,0.012724,0.0,1.0,0.0,0.051186,0.923365,1
5211.KL,5/7/2022,0.541364,0.564809,0.411747,0.023445,1.0,0.0,0.0,0.541364,0.850851,2
5211.KL,5/7/2023,0.414618,0.431099,0.552419,0.016481,0.5,0.5,0.0,0.414618,0.854681,4
5211.KL,5/7/2024,-0.081171,0.403624,0.111581,0.484795,0.5,0.0,0.5,0.87393,0.881175,2
5211.KL,5/7/2025,0.0,0.0,0.0,0.0,0.0,0.0,0.0,0.0,0.0,0
5211.KL,5/8/2020,0.002239,0.038553,0.925132,0.036315,0.0,1.0,0.0,0.002239,0.925132,1
5211.KL,5/8/2021,0.0,0.0,0.0,0.0,0.0,0.0,0.0,0.0,0.0,0
5211.KL,5/8/2022,0.0,0.0,0.0,0.0,0.0,0.0,0.0,0.0,0.0,0
5211.KL,5/8/2023,0.0,0.0,0.0,0.0,0.0,0.0,0.0,0.0,0.0,0
5211.KL,5/8/2024,0.094676,0.106062,0.882552,0.011386,0.0,1.0,0.0,0.094676,0.882552,1
5211.KL,5/8/2025,0.029199,0.057571,0.914058,0.028372,0.0,1.0,0.0,0.029199,0.914058,1
5211.KL,5/9/2020,0.369583,0.382174,0.605235,0.012591,0.5,0.5,0.0,0.369583,0.797025,2
5211.KL,5/9/2021,0.398778,0.414758,0.569262,0.01598,1.0,0.0,0.0,0.398778,0.569262,1
5211.KL,5/9/2022,0.328009,0.335873,0.656264,0.007863,1.0,0.0,0.0,0.328009,0.656264,1
5211.KL,5/9/2023,0.836726,0.845281,0.146164,0.008555,1.0,0.0,0.0,0.836726,0.845281,1
5211.KL,5/9/2024,0.329894,0.33744,0.655014,0.007546,1.0,0.0,0.0,0.329894,0.655014,1
5211.KL,5/9/2025,0.0,0.0,0.0,0.0,0.0,0.0,0.0,0.0,0.0,0
5211.KL,6/1/2020,0.0,0.0,0.0,0.0,0.0,0.0,0.0,0.0,0.0,0
5211.KL,6/1/2021,0.077742,0.363694,0.350354,0.285952,0.5,0.0,0.5,0.587736,0.618691,2
5211.KL,6/1/2022,0.0,0.0,0.0,0.0,0.0,0.0,0.0,0.0,0.0,0
5211.KL,6/1/2023,0.0,0.0,0.0,0.0,0.0,0.0,0.0,0.0,0.0,0
5211.KL,6/1/2024,0.0,0.0,0.0,0.0,0.0,0.0,0.0,0.0,0.0,0
5211.KL,6/1/2025,-0.250592,0.086577,0.576254,0.337169,0.333333,0.333333,0.333333,0.384711,0.879029,3
5211.KL,6/1/2026,0.085696,0.099579,0.886538,0.013883,0.5,0.5,0.0,0.085696,0.886538,2
5211.KL,6/10/2020,-0.137698,0.03604,0.790222,0.173738,0.0,0.0,1.0,0.137698,0.790222,1
5211.KL,6/10/2021,0.11327,0.130185,0.8529,0.016915,1.0,0.0,0.0,0.11327,0.8529,1
5211.KL,6/10/2022,0.0,0.0,0.0,0.0,0.0,0.0,0.0,0.0,0.0,0
5211.KL,6/10/2023,0.52488,0.535869,0.453141,0.01099,0.666667,0.333333,0.0,0.52488,0.81707,3
5211.KL,6/10/2024,0.116538,0.132654,0.851231,0.016116,1.0,0.0,0.0,0.116538,0.851231,1
5211.KL,6/10/2025,0.056939,0.265752,0.525434,0.208813,0.333333,0.333333,0.333333,0.426722,0.71026,3
5211.KL,6/11/2020,0.192625,0.202742,0.78714,0.010118,1.0,0.0,0.0,0.192625,0.78714,1
5211.KL,6/11/2021,0.720951,0.732065,0.256821,0.011114,1.0,0.0,0.0,0.720951,0.732065,1
5211.KL,6/11/2022,0.0,0.0,0.0,0.0,0.0,0.0,0.0,0.0,0.0,0
5211.KL,6/11/2023,0.176863,0.193073,0.790716,0.01621,1.0,0.0,0.0,0.176863,0.790716,1
5211.KL,6/11/2024,0.580084,0.599624,0.380835,0.019541,0.666667,0.333333,0.0,0.580084,0.889807,3
5211.KL,6/11/2025,-0.785753,0.064336,0.085574,0.850089,0.0,0.0,1.0,0.785753,0.850089,2
5211.KL,6/12/2020,0.0,0.0,0.0,0.0,0.0,0.0,0.0,0.0,0.0,0
5211.KL,6/12/2021,0.0,0.0,0.0,0.0,0.0,0.0,0.0,0.0,0.0,0
5211.KL,6/12/2022,0.0,0.0,0.0,0.0,0.0,0.0,0.0,0.0,0.0,0
5211.KL,6/12/2023,0.040713,0.053517,0.93368,0.012804,0.0,1.0,0.0,0.040713,0.93368,1
5211.KL,6/12/2024,-0.105632,0.048712,0.796945,0.154344,0.0,0.0,1.0,0.105632,0.796945,1
5211.KL,6/12/2025,-0.074423,0.16851,0.588556,0.242934,0.6,0.0,0.4,0.378533,0.769563,5
5211.KL,6/2/2020,0.087405,0.11512,0.857166,0.027715,0.333333,0.666667,0.0,0.087405,0.857166,3
5211.KL,6/2/2021,0.07943,0.094407,0.890615,0.014978,0.0,1.0,0.0,0.07943,0.890615,1
5211.KL,6/2/2022,0.050157,0.068556,0.913045,0.018399,0.0,1.0,0.0,0.050157,0.913045,1
5211.KL,6/2/2023,0.0,0.0,0.0,0.0,0.0,0.0,0.0,0.0,0.0,0
5211.KL,6/2/2024,0.0,0.0,0.0,0.0,0.0,0.0,0.0,0.0,0.0,0
5211.KL,6/2/2025,-0.294266,0.140824,0.424086,0.43509,0.5,0.0,0.5,0.446881,0.840649,2
5211.KL,6/2/2026,-0.464604,0.027193,0.48101,0.491797,0.0,0.5,0.5,0.467657,0.951733,2
5211.KL,6/3/2020,0.0,0.0,0.0,0.0,0.0,0.0,0.0,0.0,0.0,0
5211.KL,6/3/2021,0.0,0.0,0.0,0.0,0.0,0.0,0.0,0.0,0.0,0
5211.KL,6/3/2022,0.263578,0.339457,0.584663,0.07588,1.0,0.0,0.0,0.263578,0.584663,1
5211.KL,6/3/2023,0.0,0.0,0.0,0.0,0.0,0.0,0.0,0.0,0.0,0
5211.KL,6/3/2024,0.249764,0.32057,0.608624,0.070806,0.333333,0.333333,0.333333,0.33666,0.841197,3
5211.KL,6/3/2025,0.035258,0.048237,0.938785,0.012979,0.0,1.0,0.0,0.035258,0.938785,1
5211.KL,6/3/2026,0.0,0.0,0.0,0.0,0.0,0.0,0.0,0.0,0.0,0
5211.KL,6/4/2020,0.230584,0.239332,0.75192,0.008748,1.0,0.0,0.0,0.230584,0.75192,1
5211.KL,6/4/2021,0.0,0.0,0.0,0.0,0.0,0.0,0.0,0.0,0.0,0
5211.KL,6/4/2022,0.0,0.0,0.0,0.0,0.0,0.0,0.0,0.0,0.0,0
5211.KL,6/4/2023,0.0,0.0,0.0,0.0,0.0,0.0,0.0,0.0,0.0,0
5211.KL,6/4/2024,0.044747,0.107151,0.830446,0.062404,0.0,1.0,0.0,0.044747,0.830446,1
5211.KL,6/4/2025,0.0,0.0,0.0,0.0,0.0,0.0,0.0,0.0,0.0,0
5211.KL,6/5/2020,0.0,0.0,0.0,0.0,0.0,0.0,0.0,0.0,0.0,0
5211.KL,6/5/2021,0.0,0.0,0.0,0.0,0.0,0.0,0.0,0.0,0.0,0
5211.KL,6/5/2022,0.0,0.0,0.0,0.0,0.0,0.0,0.0,0.0,0.0,0
5211.KL,6/5/2023,0.0,0.0,0.0,0.0,0.0,0.0,0.0,0.0,0.0,0
5211.KL,6/5/2024,0.006945,0.064019,0.878908,0.057074,0.0,1.0,0.0,0.019839,0.878908,2
5211.KL,6/5/2025,0.0,0.0,0.0,0.0,0.0,0.0,0.0,0.0,0.0,0
5211.KL,6/6/2020,-0.385678,0.103205,0.407912,0.488883,0.5,0.0,0.5,0.558602,0.866083,2
5211.KL,6/6/2021,0.0,0.0,0.0,0.0,0.0,0.0,0.0,0.0,0.0,0
5211.KL,6/6/2022,-0.00698,0.035353,0.922313,0.042334,0.0,1.0,0.0,0.00698,0.922313,1
5211.KL,6/6/2023,0.0,0.0,0.0,0.0,0.0,0.0,0.0,0.0,0.0,0
5211.KL,6/6/2024,-0.210746,0.076307,0.636641,0.287052,0.0,0.0,1.0,0.210746,0.636641,1
5211.KL,6/6/2025,0.047671,0.086807,0.874056,0.039136,0.0,1.0,0.0,0.047671,0.874056,1
5211.KL,6/7/2020,0.147469,0.156744,0.833982,0.009275,1.0,0.0,0.0,0.147469,0.833982,1
5211.KL,6/7/2021,0.016174,0.041982,0.932211,0.025807,0.0,1.0,0.0,0.016174,0.932211,1
5211.KL,6/7/2022,-0.62574,0.029629,0.315001,0.655369,0.0,0.0,1.0,0.62574,0.655369,1
5211.KL,6/7/2023,0.761659,0.77692,0.207819,0.015261,1.0,0.0,0.0,0.761659,0.77692,1
5211.KL,6/7/2024,0.0,0.0,0.0,0.0,0.0,0.0,0.0,0.0,0.0,0
5211.KL,6/7/2025,0.0,0.0,0.0,0.0,0.0,0.0,0.0,0.0,0.0,0
5211.KL,6/8/2020,0.164795,0.469819,0.225157,0.305024,0.5,0.0,0.5,0.617744,0.696293,2
5211.KL,6/8/2021,0.0,0.0,0.0,0.0,0.0,0.0,0.0,0.0,0.0,0
5211.KL,6/8/2022,0.0,0.0,0.0,0.0,0.0,0.0,0.0,0.0,0.0,0
5211.KL,6/8/2023,0.0,0.0,0.0,0.0,0.0,0.0,0.0,0.0,0.0,0
5211.KL,6/8/2024,0.03616,0.06001,0.916141,0.02385,0.0,1.0,0.0,0.03616,0.916141,1
5211.KL,6/8/2025,0.206944,0.266317,0.67431,0.059373,0.5,0.5,0.0,0.288447,0.683244,2
5211.KL,6/9/2020,0.0,0.0,0.0,0.0,0.0,0.0,0.0,0.0,0.0,0
5211.KL,6/9/2021,0.0,0.0,0.0,0.0,0.0,0.0,0.0,0.0,0.0,0
5211.KL,6/9/2022,0.093786,0.110071,0.873644,0.016285,0.5,0.5,0.0,0.093786,0.873644,2
5211.KL,6/9/2023,0.0,0.0,0.0,0.0,0.0,0.0,0.0,0.0,0.0,0
5211.KL,6/9/2024,0.048232,0.338501,0.371229,0.29027,0.5,0.0,0.5,0.55135,0.765999,4
5211.KL,6/9/2025,0.0,0.0,0.0,0.0,0.0,0.0,0.0,0.0,0.0,0
5211.KL,7/1/2020,0.0,0.0,0.0,0.0,0.0,0.0,0.0,0.0,0.0,0
5211.KL,7/1/2021,0.330194,0.337466,0.655261,0.007273,1.0,0.0,0.0,0.330194,0.655261,1
5211.KL,7/1/2022,0.16433,0.179524,0.805282,0.015194,1.0,0.0,0.0,0.16433,0.805282,1
5211.KL,7/1/2023,0.0,0.0,0.0,0.0,0.0,0.0,0.0,0.0,0.0,0
5211.KL,7/1/2024,0.0,0.0,0.0,0.0,0.0,0.0,0.0,0.0,0.0,0
5211.KL,7/1/2025,-0.037415,0.064634,0.833317,0.102049,0.0,0.5,0.5,0.070573,0.833317,2
5211.KL,7/1/2026,0.878159,0.887736,0.102687,0.009577,1.0,0.0,0.0,0.878159,0.887736,1
5211.KL,7/10/2020,-0.847906,0.026603,0.098887,0.87451,0.0,0.0,1.0,0.847906,0.87451,2
5211.KL,7/10/2021,0.0,0.0,0.0,0.0,0.0,0.0,0.0,0.0,0.0,0
5211.KL,7/10/2022,0.0,0.0,0.0,0.0,0.0,0.0,0.0,0.0,0.0,0
5211.KL,7/10/2023,0.258906,0.272955,0.712997,0.014049,1.0,0.0,0.0,0.258906,0.712997,1
5211.KL,7/10/2024,0.196475,0.207146,0.782182,0.010671,1.0,0.0,0.0,0.196475,0.782182,2
5211.KL,7/10/2025,-0.101281,0.150111,0.598497,0.251392,0.25,0.5,0.25,0.358709,0.819361,4
5211.KL,7/11/2020,0.450634,0.466525,0.517583,0.015892,0.5,0.5,0.0,0.450634,0.890087,2
5211.KL,7/11/2021,0.0,0.0,0.0,0.0,0.0,0.0,0.0,0.0,0.0,0
5211.KL,7/11/2022,0.261434,0.271422,0.718589,0.009988,1.0,0.0,0.0,0.261434,0.718589,1
5211.KL,7/11/2023,0.914561,0.923421,0.067719,0.00886,1.0,0.0,0.0,0.914561,0.923421,1
5211.KL,7/11/2024,0.593235,0.609386,0.374463,0.016151,1.0,0.0,0.0,0.593235,0.609386,1
5211.KL,7/11/2025,0.80771,0.818642,0.170425,0.010933,1.0,0.0,0.0,0.80771,0.818642,1
5211.KL,7/12/2020,0.073944,0.089529,0.894885,0.015586,0.0,1.0,0.0,0.073944,0.894885,1
5211.KL,7/12/2021,0.307501,0.31804,0.671421,0.010539,0.666667,0.333333,0.0,0.307501,0.815917,3
5211.KL,7/12/2022,0.703366,0.71075,0.281866,0.007384,1.0,0.0,0.0,0.703366,0.71075,1
5211.KL,7/12/2023,0.0,0.0,0.0,0.0,0.0,0.0,0.0,0.0,0.0,0
5211.KL,7/12/2024,0.09052,0.100709,0.889103,0.010189,0.0,1.0,0.0,0.09052,0.889103,1
5211.KL,7/12/2025,0.0,0.0,0.0,0.0,0.0,0.0,0.0,0.0,0.0,0
5211.KL,7/2/2020,0.011227,0.457132,0.096963,0.445905,0.5,0.0,0.5,0.854574,0.878805,2
5211.KL,7/2/2021,0.0,0.0,0.0,0.0,0.0,0.0,0.0,0.0,0.0,0
5211.KL,7/2/2022,0.0,0.0,0.0,0.0,0.0,0.0,0.0,0.0,0.0,0
5211.KL,7/2/2023,0.0,0.0,0.0,0.0,0.0,0.0,0.0,0.0,0.0,0
5211.KL,7/2/2024,0.932216,0.953561,0.025093,0.021346,1.0,0.0,0.0,0.932216,0.953561,1
5211.KL,7/2/2025,0.0,0.0,0.0,0.0,0.0,0.0,0.0,0.0,0.0,0
5211.KL,7/2/2026,0.110608,0.125957,0.858694,0.015349,1.0,0.0,0.0,0.110608,0.858694,1
5211.KL,7/3/2020,0.0,0.0,0.0,0.0,0.0,0.0,0.0,0.0,0.0,0
5211.KL,7/3/2021,0.456476,0.475267,0.505942,0.018791,1.0,0.0,0.0,0.456476,0.568804,3
5211.KL,7/3/2022,0.171162,0.189874,0.791414,0.018712,1.0,0.0,0.0,0.171162,0.791414,1
5211.KL,7/3/2023,0.094977,0.10415,0.886676,0.009174,0.0,1.0,0.0,0.094977,0.886676,1
5211.KL,7/3/2024,0.0,0.0,0.0,0.0,0.0,0.0,0.0,0.0,0.0,0
5211.KL,7/3/2025,0.02984,0.04411,0.941621,0.01427,0.0,1.0,0.0,0.02984,0.941621,1
5211.KL,7/3/2026,0.0,0.0,0.0,0.0,0.0,0.0,0.0,0.0,0.0,0
5211.KL,7/4/2020,0.0,0.0,0.0,0.0,0.0,0.0,0.0,0.0,0.0,0
5211.KL,7/4/2021,0.0,0.0,0.0,0.0,0.0,0.0,0.0,0.0,0.0,0
5211.KL,7/4/2022,0.0,0.0,0.0,0.0,0.0,0.0,0.0,0.0,0.0,0
5211.KL,7/4/2023,0.0,0.0,0.0,0.0,0.0,0.0,0.0,0.0,0.0,0
5211.KL,7/4/2024,-0.03262,0.033643,0.900095,0.066262,0.0,1.0,0.0,0.03262,0.900095,1
5211.KL,7/4/2025,0.0,0.0,0.0,0.0,0.0,0.0,0.0,0.0,0.0,0
5211.KL,7/5/2020,0.033785,0.048342,0.9371,0.014557,0.0,1.0,0.0,0.033785,0.9371,1
5211.KL,7/5/2021,0.011693,0.03279,0.946114,0.021097,0.0,1.0,0.0,0.011693,0.946114,2
5211.KL,7/5/2022,0.0,0.0,0.0,0.0,0.0,0.0,0.0,0.0,0.0,0
5211.KL,7/5/2023,0.246205,0.256762,0.73268,0.010557,1.0,0.0,0.0,0.246205,0.73268,1
5211.KL,7/5/2024,0.304784,0.318418,0.667949,0.013634,0.5,0.5,0.0,0.304784,0.706659,2
5211.KL,7/5/2025,0.030377,0.051405,0.927567,0.021028,0.0,1.0,0.0,0.030377,0.927567,1
5211.KL,7/6/2020,0.0,0.0,0.0,0.0,0.0,0.0,0.0,0.0,0.0,0
5211.KL,7/6/2021,0.0,0.0,0.0,0.0,0.0,0.0,0.0,0.0,0.0,0
5211.KL,7/6/2022,-0.152839,0.065617,0.715926,0.218456,0.0,0.0,1.0,0.152839,0.715926,1
5211.KL,7/6/2023,0.320541,0.363282,0.593978,0.04274,0.666667,0.333333,0.0,0.370853,0.796189,3
5211.KL,7/6/2024,0.251373,0.297435,0.656503,0.046062,0.333333,0.666667,0.0,0.311072,0.879572,3
5211.KL,7/6/2025,0.0,0.0,0.0,0.0,0.0,0.0,0.0,0.0,0.0,0
5211.KL,7/7/2020,0.0,0.0,0.0,0.0,0.0,0.0,0.0,0.0,0.0,0
5211.KL,7/7/2021,0.929085,0.943647,0.041791,0.014562,1.0,0.0,0.0,0.929085,0.943647,1
5211.KL,7/7/2022,0.397169,0.434105,0.528958,0.036937,0.5,0.5,0.0,0.438545,0.875448,2
5211.KL,7/7/2023,0.595909,0.607077,0.381755,0.011168,0.666667,0.333333,0.0,0.595909,0.864193,3
5211.KL,7/7/2024,0.0,0.0,0.0,0.0,0.0,0.0,0.0,0.0,0.0,0
5211.KL,7/7/2025,-0.685639,0.080527,0.153308,0.766166,0.0,0.0,1.0,0.685639,0.766166,1
5211.KL,7/8/2020,0.0,0.0,0.0,0.0,0.0,0.0,0.0,0.0,0.0,0
5211.KL,7/8/2021,0.0,0.0,0.0,0.0,0.0,0.0,0.0,0.0,0.0,0
5211.KL,7/8/2022,0.0,0.0,0.0,0.0,0.0,0.0,0.0,0.0,0.0,0
5211.KL,7/8/2023,0.0,0.0,0.0,0.0,0.0,0.0,0.0,0.0,0.0,0
5211.KL,7/8/2024,0.0,0.0,0.0,0.0,0.0,0.0,0.0,0.0,0.0,0
5211.KL,7/8/2025,-0.342481,0.133705,0.390109,0.476186,0.5,0.0,0.5,0.592946,0.839655,2
5211.KL,7/9/2020,0.0,0.0,0.0,0.0,0.0,0.0,0.0,0.0,0.0,0
5211.KL,7/9/2021,0.0,0.0,0.0,0.0,0.0,0.0,0.0,0.0,0.0,0
5211.KL,7/9/2022,0.0,0.0,0.0,0.0,0.0,0.0,0.0,0.0,0.0,0
5211.KL,7/9/2023,0.0,0.0,0.0,0.0,0.0,0.0,0.0,0.0,0.0,0
5211.KL,7/9/2024,0.0,0.0,0.0,0.0,0.0,0.0,0.0,0.0,0.0,0
5211.KL,7/9/2025,0.0,0.0,0.0,0.0,0.0,0.0,0.0,0.0,0.0,0
5211.KL,8/1/2020,0.0,0.0,0.0,0.0,0.0,0.0,0.0,0.0,0.0,0
5211.KL,8/1/2021,-0.505745,0.039125,0.416006,0.544869,0.0,0.0,1.0,0.505745,0.544869,1
5211.KL,8/1/2022,0.169844,0.530813,0.108217,0.360969,1.0,0.0,0.0,0.169844,0.530813,1
5211.KL,8/1/2023,0.0,0.0,0.0,0.0,0.0,0.0,0.0,0.0,0.0,0
5211.KL,8/1/2024,0.097757,0.120347,0.857062,0.022591,0.0,1.0,0.0,0.097757,0.857062,1
5211.KL,8/1/2025,-0.034862,0.165959,0.633221,0.200821,0.5,0.25,0.25,0.247487,0.688549,4
5211.KL,8/1/2026,0.929393,0.947107,0.035178,0.017715,1.0,0.0,0.0,0.929393,0.947107,1
5211.KL,8/10/2020,0.048762,0.137245,0.774271,0.088483,0.5,0.5,0.0,0.06456,0.774271,2
5211.KL,8/10/2021,0.780257,0.798543,0.183171,0.018286,1.0,0.0,0.0,0.780257,0.798543,1
5211.KL,8/10/2022,0.89241,0.902929,0.086552,0.010519,1.0,0.0,0.0,0.89241,0.902929,1
5211.KL,8/10/2023,-0.379918,0.096038,0.428006,0.475956,0.5,0.0,0.5,0.533435,0.86324,2
5211.KL,8/10/2024,0.206288,0.460851,0.284586,0.254563,0.75,0.0,0.25,0.679496,0.78919,4
5211.KL,8/10/2025,0.081502,0.183289,0.714924,0.101787,0.0,1.0,0.0,0.081502,0.714924,1
5211.KL,8/11/2020,0.0,0.0,0.0,0.0,0.0,0.0,0.0,0.0,0.0,0
5211.KL,8/11/2021,0.159953,0.181272,0.797409,0.021319,1.0,0.0,0.0,0.159953,0.797409,1
5211.KL,8/11/2022,0.0,0.0,0.0,0.0,0.0,0.0,0.0,0.0,0.0,0
5211.KL,8/11/2023,0.0,0.0,0.0,0.0,0.0,0.0,0.0,0.0,0.0,0
5211.KL,8/11/2024,0.0,0.0,0.0,0.0,0.0,0.0,0.0,0.0,0.0,0
5211.KL,8/11/2025,0.777732,0.786474,0.204785,0.008741,1.0,0.0,0.0,0.777732,0.786474,1
5211.KL,8/12/2020,-0.174586,0.167928,0.489558,0.342514,0.5,0.0,0.5,0.280874,0.768582,2
5211.KL,8/12/2021,0.110419,0.13465,0.84112,0.02423,1.0,0.0,0.0,0.110419,0.84112,1
5211.KL,8/12/2022,0.0,0.0,0.0,0.0,0.0,0.0,0.0,0.0,0.0,0
5211.KL,8/12/2023,0.0,0.0,0.0,0.0,0.0,0.0,0.0,0.0,0.0,0
5211.KL,8/12/2024,0.0,0.0,0.0,0.0,0.0,0.0,0.0,0.0,0.0,0
5211.KL,8/12/2025,0.45989,0.64456,0.170771,0.18467,1.0,0.0,0.0,0.45989,0.64456,2
5211.KL,8/2/2020,0.022924,0.051498,0.919928,0.028574,0.0,1.0,0.0,0.022924,0.919928,1
5211.KL,8/2/2021,0.0,0.0,0.0,0.0,0.0,0.0,0.0,0.0,0.0,0
5211.KL,8/2/2022,-0.152863,0.273305,0.300527,0.426168,0.5,0.0,0.5,0.630741,0.665107,2
5211.KL,8/2/2023,0.345252,0.356143,0.632965,0.010892,0.5,0.5,0.0,0.345252,0.781602,2
5211.KL,8/2/2024,0.282928,0.337381,0.608167,0.054452,0.333333,0.666667,0.0,0.316823,0.84567,3
5211.KL,8/2/2025,0.754873,0.766238,0.222396,0.011366,1.0,0.0,0.0,0.754873,0.766238,1
5211.KL,8/2/2026,0.0,0.0,0.0,0.0,0.0,0.0,0.0,0.0,0.0,0
5211.KL,8/3/2020,0.0,0.0,0.0,0.0,0.0,0.0,0.0,0.0,0.0,0
5211.KL,8/3/2021,0.0,0.0,0.0,0.0,0.0,0.0,0.0,0.0,0.0,0
5211.KL,8/3/2022,0.48177,0.500273,0.481224,0.018503,0.666667,0.333333,0.0,0.48177,0.798382,3
5211.KL,8/3/2023,0.139821,0.166681,0.806459,0.02686,0.666667,0.333333,0.0,0.140393,0.806459,3
5211.KL,8/3/2024,0.0,0.0,0.0,0.0,0.0,0.0,0.0,0.0,0.0,0
5211.KL,8/3/2025,-0.754353,0.026915,0.191816,0.781269,0.0,0.0,1.0,0.754353,0.781269,1
5211.KL,8/3/2026,0.0,0.0,0.0,0.0,0.0,0.0,0.0,0.0,0.0,0
5211.KL,8/4/2020,0.0,0.0,0.0,0.0,0.0,0.0,0.0,0.0,0.0,0
5211.KL,8/4/2021,0.0,0.0,0.0,0.0,0.0,0.0,0.0,0.0,0.0,0
5211.KL,8/4/2022,-0.041403,0.046774,0.865049,0.088177,0.0,1.0,0.0,0.041403,0.865049,1
5211.KL,8/4/2023,0.0,0.0,0.0,0.0,0.0,0.0,0.0,0.0,0.0,0
5211.KL,8/4/2024,0.539261,0.556936,0.425389,0.017675,1.0,0.0,0.0,0.539261,0.883247,2
5211.KL,8/4/2025,-0.392821,0.090447,0.426286,0.483267,0.5,0.0,0.5,0.5536,0.890232,2
5211.KL,8/5/2020,0.000739,0.037654,0.925432,0.036915,0.0,1.0,0.0,0.000739,0.925432,1
5211.KL,8/5/2021,0.273185,0.480282,0.312621,0.207097,0.5,0.0,0.5,0.604633,0.703864,2
5211.KL,8/5/2022,0.0,0.0,0.0,0.0,0.0,0.0,0.0,0.0,0.0,0
5211.KL,8/5/2023,0.180402,0.193516,0.793369,0.013115,1.0,0.0,0.0,0.180402,0.793369,1
5211.KL,8/5/2024,0.0,0.0,0.0,0.0,0.0,0.0,0.0,0.0,0.0,0
5211.KL,8/5/2025,0.155295,0.169818,0.815659,0.014523,1.0,0.0,0.0,0.155295,0.815659,1
5211.KL,8/6/2020,0.0,0.0,0.0,0.0,0.0,0.0,0.0,0.0,0.0,0
5211.KL,8/6/2021,0.0,0.0,0.0,0.0,0.0,0.0,0.0,0.0,0.0,0
5211.KL,8/6/2022,0.0,0.0,0.0,0.0,0.0,0.0,0.0,0.0,0.0,0
5211.KL,8/6/2023,0.868833,0.878642,0.111549,0.009809,1.0,0.0,0.0,0.868833,0.878642,1
5211.KL,8/6/2024,0.0,0.0,0.0,0.0,0.0,0.0,0.0,0.0,0.0,0
5211.KL,8/6/2025,0.0,0.0,0.0,0.0,0.0,0.0,0.0,0.0,0.0,0
5211.KL,8/7/2020,0.0,0.0,0.0,0.0,0.0,0.0,0.0,0.0,0.0,0
5211.KL,8/7/2021,-0.445355,0.032903,0.488838,0.478259,0.0,0.5,0.5,0.489342,0.937253,2
5211.KL,8/7/2022,0.0,0.0,0.0,0.0,0.0,0.0,0.0,0.0,0.0,0
5211.KL,8/7/2023,-0.189419,0.343826,0.122929,0.533245,0.333333,0.0,0.666667,0.804359,0.840715,3
5211.KL,8/7/2024,0.0,0.0,0.0,0.0,0.0,0.0,0.0,0.0,0.0,0
5211.KL,8/7/2025,0.521666,0.54386,0.433946,0.022194,1.0,0.0,0.0,0.521666,0.867191,2
5211.KL,8/8/2020,0.218241,0.23095,0.756342,0.012708,1.0,0.0,0.0,0.218241,0.756342,1
5211.KL,8/8/2021,-0.94919,0.013719,0.023372,0.962909,0.0,0.0,1.0,0.94919,0.962909,1
5211.KL,8/8/2022,0.0,0.0,0.0,0.0,0.0,0.0,0.0,0.0,0.0,0
5211.KL,8/8/2023,0.018856,0.24816,0.522537,0.229304,0.666667,0.0,0.333333,0.448313,0.700935,3
5211.KL,8/8/2024,0.0,0.0,0.0,0.0,0.0,0.0,0.0,0.0,0.0,0
5211.KL,8/8/2025,0.0,0.0,0.0,0.0,0.0,0.0,0.0,0.0,0.0,0
5211.KL,8/9/2020,0.0,0.0,0.0,0.0,0.0,0.0,0.0,0.0,0.0,0
5211.KL,8/9/2021,0.032206,0.05803,0.916145,0.025825,0.0,1.0,0.0,0.032206,0.916145,1
5211.KL,8/9/2022,0.0,0.0,0.0,0.0,0.0,0.0,0.0,0.0,0.0,0
5211.KL,8/9/2023,0.0,0.0,0.0,0.0,0.0,0.0,0.0,0.0,0.0,0
5211.KL,8/9/2024,0.0,0.0,0.0,0.0,0.0,0.0,0.0,0.0,0.0,0
5211.KL,8/9/2025,0.468134,0.478203,0.511728,0.010069,1.0,0.0,0.0,0.468134,0.511728,1
5211.KL,9/1/2020,0.0,0.0,0.0,0.0,0.0,0.0,0.0,0.0,0.0,0
5211.KL,9/1/2021,0.0,0.0,0.0,0.0,0.0,0.0,0.0,0.0,0.0,0
5211.KL,9/1/2022,0.0,0.0,0.0,0.0,0.0,0.0,0.0,0.0,0.0,0
5211.KL,9/1/2023,0.0,0.0,0.0,0.0,0.0,0.0,0.0,0.0,0.0,0
5211.KL,9/1/2024,0.326968,0.336673,0.653621,0.009705,1.0,0.0,0.0,0.326968,0.664403,2
5211.KL,9/1/2025,-0.359436,0.086179,0.468206,0.445615,0.333333,0.0,0.666667,0.474276,0.78128,3
5211.KL,9/1/2026,0.118787,0.128325,0.862138,0.009538,0.5,0.5,0.0,0.118787,0.862138,2
5211.KL,9/10/2020,0.0,0.0,0.0,0.0,0.0,0.0,0.0,0.0,0.0,0
5211.KL,9/10/2021,0.376405,0.389663,0.59708,0.013258,1.0,0.0,0.0,0.376405,0.59708,1
5211.KL,9/10/2022,0.051623,0.07042,0.910782,0.018798,0.0,1.0,0.0,0.051623,0.910782,1
5211.KL,9/10/2023,-0.079419,0.103052,0.714478,0.182471,0.0,0.5,0.5,0.114041,0.714478,2
5211.KL,9/10/2024,0.674404,0.706356,0.261693,0.031952,1.0,0.0,0.0,0.674404,0.824683,4
5211.KL,9/10/2025,-0.095161,0.38209,0.140659,0.477251,0.5,0.0,0.5,0.807107,0.833224,2
5211.KL,9/11/2020,0.0,0.0,0.0,0.0,0.0,0.0,0.0,0.0,0.0,0
5211.KL,9/11/2021,0.0,0.0,0.0,0.0,0.0,0.0,0.0,0.0,0.0,0
5211.KL,9/11/2022,0.46885,0.487282,0.494285,0.018433,0.5,0.5,0.0,0.46885,0.932236,2
5211.KL,9/11/2023,0.548451,0.561313,0.425824,0.012863,1.0,0.0,0.0,0.548451,0.561313,1
5211.KL,9/11/2024,-0.534143,0.02845,0.408956,0.562594,0.0,0.0,1.0,0.534143,0.562594,1
5211.KL,9/11/2025,0.0,0.0,0.0,0.0,0.0,0.0,0.0,0.0,0.0,0
5211.KL,9/12/2020,0.038146,0.0564,0.925347,0.018254,0.0,1.0,0.0,0.038146,0.925347,1
5211.KL,9/12/2021,0.0,0.0,0.0,0.0,0.0,0.0,0.0,0.0,0.0,0
5211.KL,9/12/2022,0.041197,0.062986,0.915225,0.021789,0.0,1.0,0.0,0.041197,0.915225,1
5211.KL,9/12/2023,0.105755,0.126911,0.851932,0.021156,0.333333,0.666667,0.0,0.105755,0.851932,3
5211.KL,9/12/2024,0.048785,0.077091,0.894603,0.028306,0.0,1.0,0.0,0.048785,0.894603,1
5211.KL,9/12/2025,0.008792,0.170424,0.667944,0.161632,0.5,0.0,0.5,0.221558,0.667944,2
5211.KL,9/2/2020,0.0,0.0,0.0,0.0,0.0,0.0,0.0,0.0,0.0,0
5211.KL,9/2/2021,0.0,0.0,0.0,0.0,0.0,0.0,0.0,0.0,0.0,0
5211.KL,9/2/2022,0.046232,0.064881,0.91647,0.018649,0.0,1.0,0.0,0.046232,0.91647,1
5211.KL,9/2/2023,0.0,0.0,0.0,0.0,0.0,0.0,0.0,0.0,0.0,0
5211.KL,9/2/2024,0.119995,0.131422,0.857152,0.011426,1.0,0.0,0.0,0.119995,0.857152,1
5211.KL,9/2/2025,0.0,0.0,0.0,0.0,0.0,0.0,0.0,0.0,0.0,0
5211.KL,9/2/2026,0.0,0.0,0.0,0.0,0.0,0.0,0.0,0.0,0.0,0
5211.KL,9/3/2020,0.936927,0.95285,0.031228,0.015923,1.0,0.0,0.0,0.936927,0.95285,1
5211.KL,9/3/2021,0.0,0.0,0.0,0.0,0.0,0.0,0.0,0.0,0.0,0
5211.KL,9/3/2022,0.057768,0.089283,0.879202,0.031515,0.0,1.0,0.0,0.057768,0.879202,2
5211.KL,9/3/2023,0.0,0.0,0.0,0.0,0.0,0.0,0.0,0.0,0.0,0
5211.KL,9/3/2024,0.391828,0.404656,0.582515,0.012828,0.666667,0.333333,0.0,0.391828,0.888285,3
5211.KL,9/3/2025,0.0,0.0,0.0,0.0,0.0,0.0,0.0,0.0,0.0,0
5211.KL,9/3/2026,0.0,0.0,0.0,0.0,0.0,0.0,0.0,0.0,0.0,0
5211.KL,9/4/2020,0.0,0.0,0.0,0.0,0.0,0.0,0.0,0.0,0.0,0
5211.KL,9/4/2021,-0.525691,0.106454,0.261401,0.632145,0.25,0.0,0.75,0.702446,0.78395,4
5211.KL,9/4/2022,0.0,0.0,0.0,0.0,0.0,0.0,0.0,0.0,0.0,0
5211.KL,9/4/2023,0.0,0.0,0.0,0.0,0.0,0.0,0.0,0.0,0.0,0
5211.KL,9/4/2024,-0.391563,0.037078,0.534281,0.428641,0.0,0.5,0.5,0.419187,0.894422,2
5211.KL,9/4/2025,0.0,0.0,0.0,0.0,0.0,0.0,0.0,0.0,0.0,0
5211.KL,9/5/2020,0.0,0.0,0.0,0.0,0.0,0.0,0.0,0.0,0.0,0
5211.KL,9/5/2021,-0.787437,0.043209,0.126146,0.830645,0.0,0.0,1.0,0.787437,0.830645,1
5211.KL,9/5/2022,0.0,0.0,0.0,0.0,0.0,0.0,0.0,0.0,0.0,0
5211.KL,9/5/2023,0.0,0.0,0.0,0.0,0.0,0.0,0.0,0.0,0.0,0
5211.KL,9/5/2024,0.095392,0.107472,0.880448,0.01208,0.5,0.5,0.0,0.095392,0.880448,2
5211.KL,9/5/2025,0.016864,0.039177,0.938509,0.022314,0.0,1.0,0.0,0.016864,0.938509,2
5211.KL,9/6/2020,0.037995,0.06606,0.905875,0.028065,0.0,1.0,0.0,0.037995,0.905875,1
5211.KL,9/6/2021,-0.085913,0.086118,0.741852,0.17203,0.0,1.0,0.0,0.085913,0.741852,1
5211.KL,9/6/2022,0.0,0.0,0.0,0.0,0.0,0.0,0.0,0.0,0.0,0
5211.KL,9/6/2023,0.0,0.0,0.0,0.0,0.0,0.0,0.0,0.0,0.0,0
5211.KL,9/6/2024,0.0,0.0,0.0,0.0,0.0,0.0,0.0,0.0,0.0,0
5211.KL,9/6/2025,0.215103,0.492886,0.22933,0.277784,0.666667,0.0,0.333333,0.674709,0.72269,3
5211.KL,9/7/2020,0.0,0.0,0.0,0.0,0.0,0.0,0.0,0.0,0.0,0
5211.KL,9/7/2021,0.096853,0.117806,0.861242,0.020953,0.0,1.0,0.0,0.096853,0.861242,1
5211.KL,9/7/2022,0.0,0.0,0.0,0.0,0.0,0.0,0.0,0.0,0.0,0
5211.KL,9/7/2023,0.0,0.0,0.0,0.0,0.0,0.0,0.0,0.0,0.0,0
5211.KL,9/7/2024,0.0,0.0,0.0,0.0,0.0,0.0,0.0,0.0,0.0,0
5211.KL,9/7/2025,0.891296,0.899684,0.091927,0.008389,1.0,0.0,0.0,0.891296,0.899684,1
5211.KL,9/8/2020,-0.368114,0.064848,0.502189,0.432962,0.0,0.5,0.5,0.459858,0.860078,2
5211.KL,9/8/2021,0.0,0.0,0.0,0.0,0.0,0.0,0.0,0.0,0.0,0
5211.KL,9/8/2022,0.483743,0.493245,0.497253,0.009502,1.0,0.0,0.0,0.483743,0.777534,2
5211.KL,9/8/2023,0.203683,0.214662,0.774358,0.010979,1.0,0.0,0.0,0.203683,0.774358,2
5211.KL,9/8/2024,0.378736,0.411152,0.556432,0.032416,0.5,0.5,0.0,0.378736,0.797343,2
5211.KL,9/8/2025,0.0,0.0,0.0,0.0,0.0,0.0,0.0,0.0,0.0,0
5211.KL,9/9/2020,-0.527756,0.04512,0.382005,0.572875,0.0,0.0,1.0,0.527756,0.698697,2
5211.KL,9/9/2021,-0.914004,0.015571,0.054854,0.929575,0.0,0.0,1.0,0.914004,0.929575,1
5211.KL,9/9/2022,0.0,0.0,0.0,0.0,0.0,0.0,0.0,0.0,0.0,0
5211.KL,9/9/2023,0.022257,0.045351,0.931554,0.023094,0.0,1.0,0.0,0.022257,0.931554,2
5211.KL,9/9/2024,-0.93961,0.014473,0.031444,0.954083,0.0,0.0,1.0,0.93961,0.954083,1
5211.KL,9/9/2025,0.497893,0.532364,0.433165,0.034471,1.0,0.0,0.0,0.497893,0.816033,2
