ticker,trading_day,sentiment_score_title,prob_pos_title,prob_neu_title,prob_neg_title,dir_positive_title,dir_neutral_title,dir_negative_title,confidence_title,strength_title,article_count
5819.KL,1/1/2020,0.0,0.0,0.0,0.0,0.0,0.0,0.0,0.0,0.0,0
5819.KL,1/1/2021,-0.537605,0.179893,0.102608,0.717498,0.0,0.0,1.0,0.537605,0.717498,1
5819.KL,1/1/2022,0.883637,0.8953,0.093038,0.011663,1.0,0.0,0.0,0.883637,0.8953,1
5819.KL,1/1/2023,0.0,0.0,0.0,0.0,0.0,0.0,0.0,0.0,0.0,0
5819.KL,1/1/2024,0.0,0.0,0.0,0.0,0.0,0.0,0.0,0.0,0.0,0
5819.KL,1/1/2025,0.889967,0.918808,0.05235,0.028842,1.0,0.0,0.0,0.889967,0.918808,1
5819.KL,1/1/2026,-0.648216,0.160622,0.030539,0.808839,0.0,0.0,1.0,0.648216,0.808839,1
5819.KL,1/10/2020,0.169747,0.504062,0.161622,0.334316,1.0,0.0,0.0,0.169747,0.504062,1
5819.KL,1/10/2021,0.0,0.0,0.0,0.0,0.0,0.0,0.0,0.0,0.0,0
5819.KL,1/10/2022,-0.955194,0.010518,0.02377,0.965712,0.0,0.0,1.0,0.955194,0.965712,1
5819.KL,1/10/2023,0.0,0.0,0.0,0.0,0.0,0.0,0.0,0.0,0.0,0
5819.KL,1/10/2024,0.369104,0.411844,0.545415,0.042741,0.5,0.5,0.0,0.369104,0.821407,2
5819.KL,1/10/2025,0.831128,0.891665,0.047798,0.060537,1.0,0.0,0.0,0.831128,0.891665,2
5819.KL,1/11/2020,0.0,0.0,0.0,0.0,0.0,0.0,0.0,0.0,0.0,0
5819.KL,1/11/2021,-0.952721,0.018123,0.011034,0.970844,0.0,0.0,1.0,0.952721,0.970844,2
5819.KL,1/11/2022,0.899711,0.936015,0.02768,0.036304,1.0,0.0,0.0,0.899711,0.936015,1
5819.KL,1/11/2023,-0.910688,0.038898,0.011517,0.949585,0.0,0.0,1.0,0.910688,0.949585,1
5819.KL,1/11/2024,-0.951412,0.012546,0.023495,0.963959,0.0,0.0,1.0,0.951412,0.963959,1
5819.KL,1/11/2025,0.0,0.0,0.0,0.0,0.0,0.0,0.0,0.0,0.0,0
5819.KL,1/12/2020,0.100498,0.52454,0.051417,0.424043,0.5,0.0,0.5,0.553485,0.751034,2
5819.KL,1/12/2021,-0.866725,0.035995,0.061284,0.902721,0.0,0.0,1.0,0.866725,0.902721,2
5819.KL,1/12/2022,0.0,0.0,0.0,0.0,0.0,0.0,0.0,0.0,0.0,0
5819.KL,1/12/2023,0.482093,0.495981,0.490131,0.013888,0.5,0.5,0.0,0.482093,0.939806,2
5819.KL,1/12/2024,0.0,0.0,0.0,0.0,0.0,0.0,0.0,0.0,0.0,0
5819.KL,1/12/2025,0.423571,0.693699,0.036173,0.270128,0.75,0.0,0.25,0.905327,0.934577,4
5819.KL,1/2/2020,0.0,0.0,0.0,0.0,0.0,0.0,0.0,0.0,0.0,0
5819.KL,1/2/2021,0.0,0.0,0.0,0.0,0.0,0.0,0.0,0.0,0.0,0
5819.KL,1/2/2022,0.0,0.0,0.0,0.0,0.0,0.0,0.0,0.0,0.0,0
5819.KL,1/2/2023,0.0,0.0,0.0,0.0,0.0,0.0,0.0,0.0,0.0,0
5819.KL,1/2/2024,0.0,0.0,0.0,0.0,0.0,0.0,0.0,0.0,0.0,0
5819.KL,1/2/2025,0.0,0.0,0.0,0.0,0.0,0.0,0.0,0.0,0.0,0
5819.KL,1/2/2026,0.0,0.0,0.0,0.0,0.0,0.0,0.0,0.0,0.0,0
5819.KL,1/3/2020,0.0,0.0,0.0,0.0,0.0,0.0,0.0,0.0,0.0,0
5819.KL,1/3/2021,0.020169,0.035205,0.94976,0.015036,0.0,1.0,0.0,0.020169,0.94976,1
5819.KL,1/3/2022,0.271069,0.493,0.28507,0.221931,0.5,0.25,0.25,0.668636,0.905081,4
5819.KL,1/3/2023,0.0,0.0,0.0,0.0,0.0,0.0,0.0,0.0,0.0,0
5819.KL,1/3/2024,-0.011881,0.482232,0.023656,0.494113,0.5,0.0,0.5,0.946569,0.961457,2
5819.KL,1/3/2025,0.0,0.0,0.0,0.0,0.0,0.0,0.0,0.0,0.0,0
5819.KL,1/3/2026,0.0,0.0,0.0,0.0,0.0,0.0,0.0,0.0,0.0,0
5819.KL,1/4/2020,-0.959743,0.013288,0.01368,0.973031,0.0,0.0,1.0,0.959743,0.973031,1
5819.KL,1/4/2021,-0.946215,0.016185,0.021415,0.9624,0.0,0.0,1.0,0.946215,0.9624,1
5819.KL,1/4/2022,0.0,0.0,0.0,0.0,0.0,0.0,0.0,0.0,0.0,0
5819.KL,1/4/2023,-0.955688,0.010657,0.022997,0.966346,0.0,0.0,1.0,0.955688,0.966346,1
5819.KL,1/4/2024,-0.742462,0.020239,0.21706,0.762701,0.0,0.0,1.0,0.742462,0.762701,1
5819.KL,1/4/2025,0.0,0.0,0.0,0.0,0.0,0.0,0.0,0.0,0.0,0
5819.KL,1/5/2020,0.0,0.0,0.0,0.0,0.0,0.0,0.0,0.0,0.0,0
5819.KL,1/5/2021,0.0,0.0,0.0,0.0,0.0,0.0,0.0,0.0,0.0,0
5819.KL,1/5/2022,0.0,0.0,0.0,0.0,0.0,0.0,0.0,0.0,0.0,0
5819.KL,1/5/2023,-0.803931,0.081524,0.033022,0.885454,0.0,0.0,1.0,0.803931,0.885454,1
5819.KL,1/5/2024,0.937232,0.95525,0.026732,0.018018,1.0,0.0,0.0,0.937232,0.95525,1
5819.KL,1/5/2025,0.485572,0.503196,0.47918,0.017624,1.0,0.0,0.0,0.485572,0.503196,1
5819.KL,1/6/2020,0.030875,0.044483,0.94191,0.013607,0.0,1.0,0.0,0.030875,0.94191,1
5819.KL,1/6/2021,-0.265512,0.13244,0.469609,0.397952,0.0,0.5,0.5,0.356036,0.838645,2
5819.KL,1/6/2022,0.926318,0.94781,0.030698,0.021492,1.0,0.0,0.0,0.926318,0.94781,1
5819.KL,1/6/2023,-0.460388,0.029065,0.481481,0.489454,0.0,0.5,0.5,0.491553,0.953432,2
5819.KL,1/6/2024,0.107318,0.123275,0.860767,0.015957,1.0,0.0,0.0,0.107318,0.860767,1
5819.KL,1/6/2025,0.0,0.0,0.0,0.0,0.0,0.0,0.0,0.0,0.0,0
5819.KL,1/7/2020,0.0,0.0,0.0,0.0,0.0,0.0,0.0,0.0,0.0,0
5819.KL,1/7/2021,0.0,0.0,0.0,0.0,0.0,0.0,0.0,0.0,0.0,0
5819.KL,1/7/2022,-0.233488,0.341295,0.083923,0.574782,0.5,0.0,0.5,0.725603,0.82084,2
5819.KL,1/7/2023,0.0,0.0,0.0,0.0,0.0,0.0,0.0,0.0,0.0,0
5819.KL,1/7/2024,0.734987,0.823847,0.087293,0.08886,1.0,0.0,0.0,0.734987,0.823847,1
5819.KL,1/7/2025,0.771264,0.854368,0.062529,0.083103,1.0,0.0,0.0,0.771264,0.854368,1
5819.KL,1/8/2020,0.0,0.0,0.0,0.0,0.0,0.0,0.0,0.0,0.0,0
5819.KL,1/8/2021,0.0,0.0,0.0,0.0,0.0,0.0,0.0,0.0,0.0,0
5819.KL,1/8/2022,0.0,0.0,0.0,0.0,0.0,0.0,0.0,0.0,0.0,0
5819.KL,1/8/2023,0.504781,0.676665,0.151452,0.171884,1.0,0.0,0.0,0.504781,0.676665,2
5819.KL,1/8/2024,-0.3301,0.167033,0.335834,0.497133,0.5,0.0,0.5,0.632696,0.81247,2
5819.KL,1/8/2025,-0.944865,0.01357,0.027995,0.958435,0.0,0.0,1.0,0.944865,0.958435,1
5819.KL,1/9/2020,0.048723,0.061337,0.92605,0.012613,0.0,1.0,0.0,0.048723,0.92605,1
5819.KL,1/9/2021,-0.568913,0.116664,0.197758,0.685578,0.0,0.0,1.0,0.568913,0.685578,1
5819.KL,1/9/2022,0.129849,0.139532,0.850784,0.009683,1.0,0.0,0.0,0.129849,0.850784,1
5819.KL,1/9/2023,0.053601,0.065263,0.923075,0.011662,0.0,1.0,0.0,0.053601,0.923075,1
5819.KL,1/9/2024,0.0,0.0,0.0,0.0,0.0,0.0,0.0,0.0,0.0,0
5819.KL,1/9/2025,0.0,0.0,0.0,0.0,0.0,0.0,0.0,0.0,0.0,0
5819.KL,10/1/2020,-0.947323,0.016464,0.019749,0.963787,0.0,0.0,1.0,0.947323,0.963787,1
5819.KL,10/1/2021,0.0,0.0,0.0,0.0,0.0,0.0,0.0,0.0,0.0,0
5819.KL,10/1/2022,-0.193176,0.048589,0.709646,0.241765,0.0,0.0,1.0,0.193176,0.709646,1
5819.KL,10/1/2023,0.0,0.0,0.0,0.0,0.0,0.0,0.0,0.0,0.0,0
5819.KL,10/1/2024,0.935491,0.95091,0.033672,0.015418,1.0,0.0,0.0,0.935491,0.95091,1
5819.KL,10/1/2025,0.905545,0.934987,0.035571,0.029442,1.0,0.0,0.0,0.905545,0.934987,1
5819.KL,10/1/2026,0.461359,0.507151,0.447056,0.045792,0.5,0.5,0.0,0.461359,0.90137,2
5819.KL,10/10/2020,0.696334,0.743907,0.208521,0.047573,1.0,0.0,0.0,0.696334,0.743907,1
5819.KL,10/10/2021,0.0,0.0,0.0,0.0,0.0,0.0,0.0,0.0,0.0,0
5819.KL,10/10/2022,0.768906,0.784632,0.199643,0.015725,1.0,0.0,0.0,0.768906,0.784632,1
5819.KL,10/10/2023,0.0,0.0,0.0,0.0,0.0,0.0,0.0,0.0,0.0,0
5819.KL,10/10/2024,0.0,0.0,0.0,0.0,0.0,0.0,0.0,0.0,0.0,0
5819.KL,10/10/2025,-0.119142,0.364114,0.15263,0.483256,0.5,0.0,0.5,0.819536,0.833453,2
5819.KL,10/11/2020,-0.790824,0.055568,0.09804,0.846392,0.0,0.0,1.0,0.790824,0.846392,1
5819.KL,10/11/2021,0.0,0.0,0.0,0.0,0.0,0.0,0.0,0.0,0.0,0
5819.KL,10/11/2022,-0.172162,0.395603,0.036631,0.567766,0.5,0.0,0.5,0.752759,0.858064,2
5819.KL,10/11/2023,0.0,0.0,0.0,0.0,0.0,0.0,0.0,0.0,0.0,0
5819.KL,10/11/2024,0.0,0.0,0.0,0.0,0.0,0.0,0.0,0.0,0.0,0
5819.KL,10/11/2025,0.699083,0.719999,0.259085,0.020916,1.0,0.0,0.0,0.699083,0.753461,3
5819.KL,10/12/2020,0.716565,0.816624,0.083317,0.100059,1.0,0.0,0.0,0.716565,0.816624,2
5819.KL,10/12/2021,-0.895236,0.021234,0.062295,0.91647,0.0,0.0,1.0,0.895236,0.91647,1
5819.KL,10/12/2022,0.89556,0.910391,0.074779,0.014831,1.0,0.0,0.0,0.89556,0.910391,1
5819.KL,10/12/2023,0.0,0.0,0.0,0.0,0.0,0.0,0.0,0.0,0.0,0
5819.KL,10/12/2024,0.0,0.0,0.0,0.0,0.0,0.0,0.0,0.0,0.0,0
5819.KL,10/12/2025,-0.071187,0.415287,0.098238,0.486475,0.5,0.0,0.5,0.881232,0.891497,2
5819.KL,10/2/2020,-0.81175,0.082984,0.022282,0.894734,0.0,0.0,1.0,0.81175,0.894734,1
5819.KL,10/2/2021,0.0,0.0,0.0,0.0,0.0,0.0,0.0,0.0,0.0,0
5819.KL,10/2/2022,0.0,0.0,0.0,0.0,0.0,0.0,0.0,0.0,0.0,0
5819.KL,10/2/2023,0.0,0.0,0.0,0.0,0.0,0.0,0.0,0.0,0.0,0
5819.KL,10/2/2024,0.0,0.0,0.0,0.0,0.0,0.0,0.0,0.0,0.0,0
5819.KL,10/2/2025,0.0,0.0,0.0,0.0,0.0,0.0,0.0,0.0,0.0,0
5819.KL,10/2/2026,0.0,0.0,0.0,0.0,0.0,0.0,0.0,0.0,0.0,0
5819.KL,10/3/2020,0.0,0.0,0.0,0.0,0.0,0.0,0.0,0.0,0.0,0
5819.KL,10/3/2021,0.632102,0.725541,0.18102,0.093439,1.0,0.0,0.0,0.632102,0.725541,1
5819.KL,10/3/2022,0.872855,0.919326,0.034202,0.046471,1.0,0.0,0.0,0.872855,0.919326,1
5819.KL,10/3/2023,-0.924126,0.023037,0.029799,0.947164,0.0,0.0,1.0,0.924126,0.947164,1
5819.KL,10/3/2024,0.0,0.0,0.0,0.0,0.0,0.0,0.0,0.0,0.0,0
5819.KL,10/3/2025,0.0,0.0,0.0,0.0,0.0,0.0,0.0,0.0,0.0,0
5819.KL,10/3/2026,0.0,0.0,0.0,0.0,0.0,0.0,0.0,0.0,0.0,0
5819.KL,10/4/2020,0.0,0.0,0.0,0.0,0.0,0.0,0.0,0.0,0.0,0
5819.KL,10/4/2021,0.0,0.0,0.0,0.0,0.0,0.0,0.0,0.0,0.0,0
5819.KL,10/4/2022,0.0,0.0,0.0,0.0,0.0,0.0,0.0,0.0,0.0,0
5819.KL,10/4/2023,0.0,0.0,0.0,0.0,0.0,0.0,0.0,0.0,0.0,0
5819.KL,10/4/2024,0.0,0.0,0.0,0.0,0.0,0.0,0.0,0.0,0.0,0
5819.KL,10/4/2025,0.260236,0.608444,0.043348,0.348208,0.666667,0.0,0.333333,0.863266,0.909959,3
5819.KL,10/5/2020,0.0,0.0,0.0,0.0,0.0,0.0,0.0,0.0,0.0,0
5819.KL,10/5/2021,0.445093,0.471572,0.501948,0.02648,0.5,0.5,0.0,0.445093,0.928555,2
5819.KL,10/5/2022,0.880647,0.925905,0.028836,0.045259,1.0,0.0,0.0,0.880647,0.925905,1
5819.KL,10/5/2023,0.915309,0.941801,0.031706,0.026492,1.0,0.0,0.0,0.915309,0.941801,2
5819.KL,10/5/2024,0.0,0.0,0.0,0.0,0.0,0.0,0.0,0.0,0.0,0
5819.KL,10/5/2025,0.0,0.0,0.0,0.0,0.0,0.0,0.0,0.0,0.0,0
5819.KL,10/6/2020,0.338626,0.628719,0.081188,0.290093,1.0,0.0,0.0,0.338626,0.628719,1
5819.KL,10/6/2021,-0.026435,0.210049,0.553466,0.236484,0.0,1.0,0.0,0.026435,0.553466,1
5819.KL,10/6/2022,-0.898646,0.03915,0.023054,0.937796,0.0,0.0,1.0,0.898646,0.937796,1
5819.KL,10/6/2023,0.0,0.0,0.0,0.0,0.0,0.0,0.0,0.0,0.0,0
5819.KL,10/6/2024,0.0,0.0,0.0,0.0,0.0,0.0,0.0,0.0,0.0,0
5819.KL,10/6/2025,0.468759,0.493342,0.482076,0.024582,0.5,0.5,0.0,0.468759,0.918469,2
5819.KL,10/7/2020,-0.759065,0.103483,0.033969,0.862548,0.0,0.0,1.0,0.759065,0.862548,1
5819.KL,10/7/2021,0.0,0.0,0.0,0.0,0.0,0.0,0.0,0.0,0.0,0
5819.KL,10/7/2022,0.0,0.0,0.0,0.0,0.0,0.0,0.0,0.0,0.0,0
5819.KL,10/7/2023,0.0,0.0,0.0,0.0,0.0,0.0,0.0,0.0,0.0,0
5819.KL,10/7/2024,0.904816,0.938126,0.028564,0.03331,1.0,0.0,0.0,0.904816,0.938126,2
5819.KL,10/7/2025,0.299853,0.627278,0.045298,0.327425,0.666667,0.0,0.333333,0.919408,0.937055,3
5819.KL,10/8/2020,0.434883,0.542106,0.350671,0.107223,1.0,0.0,0.0,0.434883,0.542106,1
5819.KL,10/8/2021,0.0,0.0,0.0,0.0,0.0,0.0,0.0,0.0,0.0,0
5819.KL,10/8/2022,-0.703659,0.054916,0.18651,0.758574,0.0,0.0,1.0,0.703659,0.758574,1
5819.KL,10/8/2023,-0.96483,0.009044,0.017083,0.973873,0.0,0.0,1.0,0.96483,0.973873,1
5819.KL,10/8/2024,0.0,0.0,0.0,0.0,0.0,0.0,0.0,0.0,0.0,0
5819.KL,10/8/2025,0.0,0.0,0.0,0.0,0.0,0.0,0.0,0.0,0.0,0
5819.KL,10/9/2020,0.064702,0.074613,0.915476,0.009911,0.0,1.0,0.0,0.064702,0.915476,1
5819.KL,10/9/2021,-0.793286,0.089206,0.028301,0.882493,0.0,0.0,1.0,0.793286,0.882493,1
5819.KL,10/9/2022,0.0,0.0,0.0,0.0,0.0,0.0,0.0,0.0,0.0,0
5819.KL,10/9/2023,0.0,0.0,0.0,0.0,0.0,0.0,0.0,0.0,0.0,0
5819.KL,10/9/2024,0.718771,0.824726,0.069319,0.105955,1.0,0.0,0.0,0.718771,0.824726,1
5819.KL,10/9/2025,0.0,0.0,0.0,0.0,0.0,0.0,0.0,0.0,0.0,0
5819.KL,11/1/2020,0.0,0.0,0.0,0.0,0.0,0.0,0.0,0.0,0.0,0
5819.KL,11/1/2021,0.0,0.0,0.0,0.0,0.0,0.0,0.0,0.0,0.0,0
5819.KL,11/1/2022,0.863395,0.907767,0.047862,0.044372,1.0,0.0,0.0,0.863395,0.907767,2
5819.KL,11/1/2023,0.304524,0.604048,0.096429,0.299523,1.0,0.0,0.0,0.304524,0.604048,1
5819.KL,11/1/2024,0.835223,0.901594,0.032034,0.066371,1.0,0.0,0.0,0.835223,0.901594,1
5819.KL,11/1/2025,0.0,0.0,0.0,0.0,0.0,0.0,0.0,0.0,0.0,0
5819.KL,11/1/2026,0.0,0.0,0.0,0.0,0.0,0.0,0.0,0.0,0.0,0
5819.KL,11/10/2020,0.0,0.0,0.0,0.0,0.0,0.0,0.0,0.0,0.0,0
5819.KL,11/10/2021,0.800019,0.863733,0.072553,0.063714,1.0,0.0,0.0,0.800019,0.863733,1
5819.KL,11/10/2022,0.0,0.0,0.0,0.0,0.0,0.0,0.0,0.0,0.0,0
5819.KL,11/10/2023,0.616842,0.692319,0.232204,0.075477,1.0,0.0,0.0,0.616842,0.692319,1
5819.KL,11/10/2024,-0.450549,0.036584,0.476283,0.487133,0.0,0.5,0.5,0.484464,0.949233,2
5819.KL,11/10/2025,0.0,0.0,0.0,0.0,0.0,0.0,0.0,0.0,0.0,0
5819.KL,11/11/2020,0.360467,0.558797,0.242874,0.198329,1.0,0.0,0.0,0.360467,0.569372,2
5819.KL,11/11/2021,-0.45095,0.161741,0.225567,0.612692,0.0,0.0,1.0,0.45095,0.612692,1
5819.KL,11/11/2022,0.483211,0.497057,0.489096,0.013847,0.5,0.5,0.0,0.483211,0.937847,2
5819.KL,11/11/2023,0.0,0.0,0.0,0.0,0.0,0.0,0.0,0.0,0.0,0
5819.KL,11/11/2024,-0.696558,0.134732,0.033977,0.831291,0.0,0.0,1.0,0.696558,0.831291,1
5819.KL,11/11/2025,0.857069,0.908689,0.039691,0.05162,1.0,0.0,0.0,0.857069,0.908689,2
5819.KL,11/12/2020,0.560506,0.64115,0.278206,0.080644,1.0,0.0,0.0,0.560506,0.64115,1
5819.KL,11/12/2021,0.0,0.0,0.0,0.0,0.0,0.0,0.0,0.0,0.0,0
5819.KL,11/12/2022,0.0,0.0,0.0,0.0,0.0,0.0,0.0,0.0,0.0,0
5819.KL,11/12/2023,0.0,0.0,0.0,0.0,0.0,0.0,0.0,0.0,0.0,0
5819.KL,11/12/2024,-0.89951,0.028649,0.043192,0.928159,0.0,0.0,1.0,0.89951,0.928159,2
5819.KL,11/12/2025,-0.176107,0.164029,0.495836,0.340136,0.666667,0.0,0.333333,0.464792,0.811976,3
5819.KL,11/2/2020,0.0,0.0,0.0,0.0,0.0,0.0,0.0,0.0,0.0,0
5819.KL,11/2/2021,0.0,0.0,0.0,0.0,0.0,0.0,0.0,0.0,0.0,0
5819.KL,11/2/2022,0.403389,0.586365,0.230659,0.182976,1.0,0.0,0.0,0.403389,0.586365,1
5819.KL,11/2/2023,0.0,0.0,0.0,0.0,0.0,0.0,0.0,0.0,0.0,0
5819.KL,11/2/2024,0.0,0.0,0.0,0.0,0.0,0.0,0.0,0.0,0.0,0
5819.KL,11/2/2025,0.931307,0.944609,0.042089,0.013302,1.0,0.0,0.0,0.931307,0.944609,1
5819.KL,11/2/2026,0.0,0.0,0.0,0.0,0.0,0.0,0.0,0.0,0.0,0
5819.KL,11/3/2020,-0.059931,0.456641,0.026788,0.516572,0.5,0.0,0.5,0.901254,0.937233,2
5819.KL,11/3/2021,0.0,0.0,0.0,0.0,0.0,0.0,0.0,0.0,0.0,0
5819.KL,11/3/2022,-0.183135,0.298648,0.219568,0.481783,0.5,0.0,0.5,0.758726,0.769579,2
5819.KL,11/3/2023,0.0,0.0,0.0,0.0,0.0,0.0,0.0,0.0,0.0,0
5819.KL,11/3/2024,0.0,0.0,0.0,0.0,0.0,0.0,0.0,0.0,0.0,0
5819.KL,11/3/2025,-0.73351,0.039394,0.187702,0.772904,0.0,0.0,1.0,0.73351,0.772904,2
5819.KL,11/3/2026,0.317583,0.590974,0.135636,0.27339,0.6,0.0,0.4,0.709313,0.80827,5
5819.KL,11/4/2020,0.540443,0.721135,0.098174,0.180692,1.0,0.0,0.0,0.540443,0.721135,2
5819.KL,11/4/2021,0.0,0.0,0.0,0.0,0.0,0.0,0.0,0.0,0.0,0
5819.KL,11/4/2022,0.833086,0.872157,0.088771,0.039072,1.0,0.0,0.0,0.833086,0.872157,1
5819.KL,11/4/2023,0.426183,0.554495,0.317193,0.128312,0.5,0.5,0.0,0.499172,0.760825,2
5819.KL,11/4/2024,0.0,0.0,0.0,0.0,0.0,0.0,0.0,0.0,0.0,0
5819.KL,11/4/2025,-0.053829,0.382829,0.180513,0.436658,0.0,1.0,0.0,0.053829,0.436658,1
5819.KL,11/5/2020,0.0,0.0,0.0,0.0,0.0,0.0,0.0,0.0,0.0,0
5819.KL,11/5/2021,-0.457264,0.036468,0.4698,0.493732,0.0,0.5,0.5,0.498161,0.943496,2
5819.KL,11/5/2022,0.769047,0.867045,0.034957,0.097998,1.0,0.0,0.0,0.769047,0.867045,1
5819.KL,11/5/2023,-0.767753,0.025237,0.181774,0.792989,0.0,0.0,1.0,0.767753,0.792989,2
5819.KL,11/5/2024,0.0,0.0,0.0,0.0,0.0,0.0,0.0,0.0,0.0,0
5819.KL,11/5/2025,0.0,0.0,0.0,0.0,0.0,0.0,0.0,0.0,0.0,0
5819.KL,11/6/2020,0.783246,0.817152,0.148942,0.033906,1.0,0.0,0.0,0.783246,0.817152,1
5819.KL,11/6/2021,-0.8826,0.027462,0.062477,0.910061,0.0,0.0,1.0,0.8826,0.910061,1
5819.KL,11/6/2022,-0.881443,0.032355,0.053848,0.913797,0.0,0.0,1.0,0.881443,0.913797,2
5819.KL,11/6/2023,0.0,0.0,0.0,0.0,0.0,0.0,0.0,0.0,0.0,0
5819.KL,11/6/2024,0.276173,0.511773,0.252627,0.2356,0.6,0.2,0.2,0.620748,0.859157,5
5819.KL,11/6/2025,0.766178,0.861078,0.044021,0.0949,1.0,0.0,0.0,0.766178,0.861078,2
5819.KL,11/7/2020,0.390225,0.401489,0.587247,0.011264,1.0,0.0,0.0,0.390225,0.587247,1
5819.KL,11/7/2021,0.0,0.0,0.0,0.0,0.0,0.0,0.0,0.0,0.0,0
5819.KL,11/7/2022,0.0,0.0,0.0,0.0,0.0,0.0,0.0,0.0,0.0,0
5819.KL,11/7/2023,-0.127104,0.407249,0.058399,0.534353,0.0,0.0,1.0,0.127104,0.534353,1
5819.KL,11/7/2024,0.148539,0.452751,0.243037,0.304212,0.5,0.5,0.0,0.157339,0.457151,2
5819.KL,11/7/2025,0.090878,0.104942,0.880994,0.014064,0.5,0.5,0.0,0.090878,0.880994,2
5819.KL,11/8/2020,0.0,0.0,0.0,0.0,0.0,0.0,0.0,0.0,0.0,0
5819.KL,11/8/2021,0.0,0.0,0.0,0.0,0.0,0.0,0.0,0.0,0.0,0
5819.KL,11/8/2022,0.883736,0.917997,0.047741,0.034261,1.0,0.0,0.0,0.883736,0.917997,2
5819.KL,11/8/2023,-0.943831,0.018162,0.019844,0.961993,0.0,0.0,1.0,0.943831,0.961993,1
5819.KL,11/8/2024,0.0,0.0,0.0,0.0,0.0,0.0,0.0,0.0,0.0,0
5819.KL,11/8/2025,0.0,0.0,0.0,0.0,0.0,0.0,0.0,0.0,0.0,0
5819.KL,11/9/2020,0.0,0.0,0.0,0.0,0.0,0.0,0.0,0.0,0.0,0
5819.KL,11/9/2021,0.0,0.0,0.0,0.0,0.0,0.0,0.0,0.0,0.0,0
5819.KL,11/9/2022,0.0,0.0,0.0,0.0,0.0,0.0,0.0,0.0,0.0,0
5819.KL,11/9/2023,0.826946,0.896327,0.034291,0.069382,1.0,0.0,0.0,0.826946,0.896327,1
5819.KL,11/9/2024,0.399213,0.410221,0.578771,0.011008,1.0,0.0,0.0,0.399213,0.578771,1
5819.KL,11/9/2025,0.0,0.0,0.0,0.0,0.0,0.0,0.0,0.0,0.0,0
5819.KL,12/1/2020,0.0,0.0,0.0,0.0,0.0,0.0,0.0,0.0,0.0,0
5819.KL,12/1/2021,-0.742667,0.102248,0.052836,0.844915,0.0,0.0,1.0,0.742667,0.844915,2
5819.KL,12/1/2022,0.396215,0.478352,0.439511,0.082137,0.5,0.5,0.0,0.396215,0.78705,2
5819.KL,12/1/2023,0.858583,0.900853,0.056878,0.042269,1.0,0.0,0.0,0.858583,0.900853,1
5819.KL,12/1/2024,0.029584,0.468082,0.09342,0.438498,0.0,1.0,0.0,0.029584,0.468082,1
5819.KL,12/1/2025,0.0,0.0,0.0,0.0,0.0,0.0,0.0,0.0,0.0,0
5819.KL,12/1/2026,0.907371,0.93921,0.028951,0.031839,1.0,0.0,0.0,0.907371,0.93921,1
5819.KL,12/10/2020,0.0,0.0,0.0,0.0,0.0,0.0,0.0,0.0,0.0,0
5819.KL,12/10/2021,-0.041992,0.064325,0.829357,0.106317,0.0,1.0,0.0,0.041992,0.829357,1
5819.KL,12/10/2022,-0.11707,0.394094,0.094742,0.511164,0.5,0.0,0.5,0.834113,0.869685,2
5819.KL,12/10/2023,0.816452,0.851973,0.112507,0.035521,1.0,0.0,0.0,0.816452,0.851973,1
5819.KL,12/10/2024,0.0,0.0,0.0,0.0,0.0,0.0,0.0,0.0,0.0,0
5819.KL,12/10/2025,0.0,0.0,0.0,0.0,0.0,0.0,0.0,0.0,0.0,0
5819.KL,12/11/2020,-0.273073,0.220595,0.285737,0.493668,0.0,0.0,1.0,0.273073,0.493668,1
5819.KL,12/11/2021,0.935288,0.94911,0.037069,0.013822,1.0,0.0,0.0,0.935288,0.94911,1
5819.KL,12/11/2022,-0.196259,0.101551,0.600639,0.29781,0.5,0.0,0.5,0.368134,0.698111,2
5819.KL,12/11/2023,0.0,0.0,0.0,0.0,0.0,0.0,0.0,0.0,0.0,0
5819.KL,12/11/2024,0.0,0.0,0.0,0.0,0.0,0.0,0.0,0.0,0.0,0
5819.KL,12/11/2025,0.0,0.0,0.0,0.0,0.0,0.0,0.0,0.0,0.0,0
5819.KL,12/12/2020,0.0,0.0,0.0,0.0,0.0,0.0,0.0,0.0,0.0,0
5819.KL,12/12/2021,0.0,0.0,0.0,0.0,0.0,0.0,0.0,0.0,0.0,0
5819.KL,12/12/2022,-0.954597,0.012885,0.019632,0.967482,0.0,0.0,1.0,0.954597,0.967482,1
5819.KL,12/12/2023,0.0,0.0,0.0,0.0,0.0,0.0,0.0,0.0,0.0,0
5819.KL,12/12/2024,0.254285,0.589494,0.075297,0.335209,0.666667,0.0,0.333333,0.875645,0.900174,3
5819.KL,12/12/2025,0.908815,0.939484,0.029848,0.030669,1.0,0.0,0.0,0.908815,0.939484,2
5819.KL,12/2/2020,-0.950369,0.01421,0.02121,0.96458,0.0,0.0,1.0,0.950369,0.96458,1
5819.KL,12/2/2021,0.0,0.0,0.0,0.0,0.0,0.0,0.0,0.0,0.0,0
5819.KL,12/2/2022,0.0,0.0,0.0,0.0,0.0,0.0,0.0,0.0,0.0,0
5819.KL,12/2/2023,0.0,0.0,0.0,0.0,0.0,0.0,0.0,0.0,0.0,0
5819.KL,12/2/2024,0.0,0.0,0.0,0.0,0.0,0.0,0.0,0.0,0.0,0
5819.KL,12/2/2025,0.0,0.0,0.0,0.0,0.0,0.0,0.0,0.0,0.0,0
5819.KL,12/2/2026,0.908622,0.937743,0.033136,0.029121,1.0,0.0,0.0,0.908622,0.937743,1
5819.KL,12/3/2020,0.0,0.0,0.0,0.0,0.0,0.0,0.0,0.0,0.0,0
5819.KL,12/3/2021,-0.123676,0.367391,0.141543,0.491066,0.5,0.0,0.5,0.834737,0.846597,2
5819.KL,12/3/2022,-0.218471,0.332661,0.116208,0.551132,0.333333,0.0,0.666667,0.835087,0.85944,3
5819.KL,12/3/2023,0.0,0.0,0.0,0.0,0.0,0.0,0.0,0.0,0.0,0
5819.KL,12/3/2024,0.0,0.0,0.0,0.0,0.0,0.0,0.0,0.0,0.0,0
5819.KL,12/3/2025,0.084056,0.498543,0.086971,0.414486,0.5,0.0,0.5,0.853668,0.883349,2
5819.KL,12/3/2026,-0.795895,0.088311,0.027483,0.884206,0.0,0.0,1.0,0.795895,0.884206,1
5819.KL,12/4/2020,0.0,0.0,0.0,0.0,0.0,0.0,0.0,0.0,0.0,0
5819.KL,12/4/2021,0.0,0.0,0.0,0.0,0.0,0.0,0.0,0.0,0.0,0
5819.KL,12/4/2022,0.0,0.0,0.0,0.0,0.0,0.0,0.0,0.0,0.0,0
5819.KL,12/4/2023,-0.926847,0.019917,0.033319,0.946764,0.0,0.0,1.0,0.926847,0.946764,1
5819.KL,12/4/2024,0.033463,0.045429,0.942604,0.011966,0.0,1.0,0.0,0.033463,0.942604,1
5819.KL,12/4/2025,0.0,0.0,0.0,0.0,0.0,0.0,0.0,0.0,0.0,0
5819.KL,12/5/2020,0.0,0.0,0.0,0.0,0.0,0.0,0.0,0.0,0.0,0
5819.KL,12/5/2021,-0.869525,0.057008,0.016458,0.926533,0.0,0.0,1.0,0.869525,0.926533,1
5819.KL,12/5/2022,0.365535,0.547592,0.27035,0.182057,0.666667,0.333333,0.0,0.410127,0.685164,3
5819.KL,12/5/2023,0.803898,0.817564,0.168769,0.013666,1.0,0.0,0.0,0.803898,0.817564,2
5819.KL,12/5/2024,0.0,0.0,0.0,0.0,0.0,0.0,0.0,0.0,0.0,0
5819.KL,12/5/2025,0.918168,0.93117,0.055828,0.013002,1.0,0.0,0.0,0.918168,0.93117,1
5819.KL,12/6/2020,0.0,0.0,0.0,0.0,0.0,0.0,0.0,0.0,0.0,0
5819.KL,12/6/2021,0.0,0.0,0.0,0.0,0.0,0.0,0.0,0.0,0.0,0
5819.KL,12/6/2022,0.0,0.0,0.0,0.0,0.0,0.0,0.0,0.0,0.0,0
5819.KL,12/6/2023,0.0,0.0,0.0,0.0,0.0,0.0,0.0,0.0,0.0,0
5819.KL,12/6/2024,0.691784,0.712438,0.266908,0.020654,0.75,0.25,0.0,0.691784,0.931491,4
5819.KL,12/6/2025,0.246441,0.401762,0.442917,0.155321,0.5,0.5,0.0,0.246441,0.76435,2
5819.KL,12/7/2020,0.0,0.0,0.0,0.0,0.0,0.0,0.0,0.0,0.0,0
5819.KL,12/7/2021,0.0,0.0,0.0,0.0,0.0,0.0,0.0,0.0,0.0,0
5819.KL,12/7/2022,0.0,0.0,0.0,0.0,0.0,0.0,0.0,0.0,0.0,0
5819.KL,12/7/2023,-0.939961,0.015355,0.029329,0.955316,0.0,0.0,1.0,0.939961,0.955316,1
5819.KL,12/7/2024,0.0,0.0,0.0,0.0,0.0,0.0,0.0,0.0,0.0,0
5819.KL,12/7/2025,-0.934772,0.027673,0.009882,0.962445,0.0,0.0,1.0,0.934772,0.962445,1
5819.KL,12/8/2020,0.842012,0.852385,0.137242,0.010373,1.0,0.0,0.0,0.842012,0.852385,1
5819.KL,12/8/2021,0.258727,0.266297,0.726133,0.00757,1.0,0.0,0.0,0.258727,0.726133,1
5819.KL,12/8/2022,0.90833,0.939613,0.029103,0.031283,1.0,0.0,0.0,0.90833,0.939613,1
5819.KL,12/8/2023,0.27837,0.382176,0.514017,0.103807,0.5,0.5,0.0,0.27837,0.647899,2
5819.KL,12/8/2024,0.0,0.0,0.0,0.0,0.0,0.0,0.0,0.0,0.0,0
5819.KL,12/8/2025,0.673263,0.729242,0.214778,0.05598,0.8,0.2,0.0,0.673263,0.857054,5
5819.KL,12/9/2020,0.002733,0.031984,0.938765,0.029251,0.0,1.0,0.0,0.002733,0.938765,1
5819.KL,12/9/2021,0.0,0.0,0.0,0.0,0.0,0.0,0.0,0.0,0.0,0
5819.KL,12/9/2022,0.427927,0.662321,0.103286,0.234394,0.666667,0.333333,0.0,0.436584,0.666649,3
5819.KL,12/9/2023,-0.815461,0.028803,0.126933,0.844264,0.0,0.0,1.0,0.815461,0.844264,2
5819.KL,12/9/2024,0.078672,0.454781,0.16911,0.376109,0.666667,0.0,0.333333,0.717894,0.774392,3
5819.KL,12/9/2025,0.807182,0.883849,0.039484,0.076667,1.0,0.0,0.0,0.807182,0.883849,2
5819.KL,13/1/2020,-0.18042,0.378847,0.061887,0.559266,0.0,0.0,1.0,0.18042,0.559266,1
5819.KL,13/1/2021,-0.095686,0.374446,0.155422,0.470132,0.5,0.0,0.5,0.778466,0.811522,2
5819.KL,13/1/2022,0.397166,0.641261,0.114645,0.244094,0.75,0.0,0.25,0.839131,0.862243,4
5819.KL,13/1/2023,0.0,0.0,0.0,0.0,0.0,0.0,0.0,0.0,0.0,0
5819.KL,13/1/2024,0.0,0.0,0.0,0.0,0.0,0.0,0.0,0.0,0.0,0
5819.KL,13/1/2025,0.0,0.0,0.0,0.0,0.0,0.0,0.0,0.0,0.0,0
5819.KL,13/1/2026,0.851837,0.878193,0.09545,0.026356,1.0,0.0,0.0,0.851837,0.878193,1
5819.KL,13/10/2020,0.0,0.0,0.0,0.0,0.0,0.0,0.0,0.0,0.0,0
5819.KL,13/10/2021,0.027785,0.202478,0.62283,0.174692,0.0,1.0,0.0,0.027785,0.62283,1
5819.KL,13/10/2022,0.0,0.0,0.0,0.0,0.0,0.0,0.0,0.0,0.0,0
5819.KL,13/10/2023,0.040588,0.068821,0.902947,0.028232,0.0,1.0,0.0,0.040588,0.902947,1
5819.KL,13/10/2024,0.0,0.0,0.0,0.0,0.0,0.0,0.0,0.0,0.0,0
5819.KL,13/10/2025,0.0,0.0,0.0,0.0,0.0,0.0,0.0,0.0,0.0,0
5819.KL,13/11/2020,0.253729,0.316066,0.621596,0.062337,1.0,0.0,0.0,0.253729,0.621596,1
5819.KL,13/11/2021,0.0,0.0,0.0,0.0,0.0,0.0,0.0,0.0,0.0,0
5819.KL,13/11/2022,0.0,0.0,0.0,0.0,0.0,0.0,0.0,0.0,0.0,0
5819.KL,13/11/2023,0.797579,0.861555,0.074469,0.063976,1.0,0.0,0.0,0.797579,0.861555,1
5819.KL,13/11/2024,0.909166,0.922079,0.065009,0.012913,1.0,0.0,0.0,0.909166,0.922079,1
5819.KL,13/11/2025,0.142763,0.153995,0.834774,0.011232,1.0,0.0,0.0,0.142763,0.834774,1
5819.KL,13/12/2020,0.0,0.0,0.0,0.0,0.0,0.0,0.0,0.0,0.0,0
5819.KL,13/12/2021,-0.91009,0.023,0.04391,0.93309,0.0,0.0,1.0,0.91009,0.93309,1
5819.KL,13/12/2022,0.849605,0.897827,0.053951,0.048222,1.0,0.0,0.0,0.849605,0.897827,1
5819.KL,13/12/2023,0.0,0.0,0.0,0.0,0.0,0.0,0.0,0.0,0.0,0
5819.KL,13/12/2024,0.810299,0.853763,0.102773,0.043464,1.0,0.0,0.0,0.810299,0.853763,1
5819.KL,13/12/2025,0.0,0.0,0.0,0.0,0.0,0.0,0.0,0.0,0.0,0
5819.KL,13/2/2020,0.0,0.0,0.0,0.0,0.0,0.0,0.0,0.0,0.0,0
5819.KL,13/2/2021,0.0,0.0,0.0,0.0,0.0,0.0,0.0,0.0,0.0,0
5819.KL,13/2/2022,0.435376,0.67067,0.094037,0.235293,1.0,0.0,0.0,0.435376,0.67067,1
5819.KL,13/2/2023,0.0,0.0,0.0,0.0,0.0,0.0,0.0,0.0,0.0,0
5819.KL,13/2/2024,0.0,0.0,0.0,0.0,0.0,0.0,0.0,0.0,0.0,0
5819.KL,13/2/2025,-0.229245,0.336998,0.096758,0.566244,0.5,0.0,0.5,0.709143,0.806193,2
5819.KL,13/2/2026,0.935172,0.950144,0.034885,0.014972,1.0,0.0,0.0,0.935172,0.950144,1
5819.KL,13/3/2020,-0.793395,0.032926,0.140753,0.826321,0.0,0.0,1.0,0.793395,0.826321,1
5819.KL,13/3/2021,0.0,0.0,0.0,0.0,0.0,0.0,0.0,0.0,0.0,0
5819.KL,13/3/2022,0.0,0.0,0.0,0.0,0.0,0.0,0.0,0.0,0.0,0
5819.KL,13/3/2023,-0.364669,0.300294,0.034744,0.664962,0.5,0.0,0.5,0.535098,0.750177,2
5819.KL,13/3/2024,0.526983,0.537416,0.452152,0.010433,1.0,0.0,0.0,0.526983,0.777117,3
5819.KL,13/3/2025,0.581473,0.596907,0.387659,0.015434,1.0,0.0,0.0,0.581473,0.812641,2
5819.KL,13/3/2026,-0.03413,0.470946,0.023977,0.505077,0.5,0.0,0.5,0.919268,0.947646,2
5819.KL,13/4/2020,0.655616,0.812143,0.031329,0.156527,1.0,0.0,0.0,0.655616,0.812143,1
5819.KL,13/4/2021,-0.400684,0.088247,0.422822,0.488931,0.5,0.0,0.5,0.559011,0.897178,2
5819.KL,13/4/2022,0.323727,0.438528,0.446671,0.114801,1.0,0.0,0.0,0.323727,0.446671,1
5819.KL,13/4/2023,0.500432,0.722871,0.054689,0.222439,1.0,0.0,0.0,0.500432,0.722871,1
5819.KL,13/4/2024,0.0,0.0,0.0,0.0,0.0,0.0,0.0,0.0,0.0,0
5819.KL,13/4/2025,0.0,0.0,0.0,0.0,0.0,0.0,0.0,0.0,0.0,0
5819.KL,13/5/2020,0.0,0.0,0.0,0.0,0.0,0.0,0.0,0.0,0.0,0
5819.KL,13/5/2021,0.0,0.0,0.0,0.0,0.0,0.0,0.0,0.0,0.0,0
5819.KL,13/5/2022,-0.091457,0.425517,0.057508,0.516975,0.5,0.0,0.5,0.866713,0.904603,2
5819.KL,13/5/2023,-0.788621,0.0914,0.028578,0.880021,0.0,0.0,1.0,0.788621,0.880021,1
5819.KL,13/5/2024,0.707871,0.718661,0.270548,0.010791,1.0,0.0,0.0,0.707871,0.718661,1
5819.KL,13/5/2025,0.306252,0.328579,0.649093,0.022327,1.0,0.0,0.0,0.306252,0.649093,1
5819.KL,13/6/2020,0.678716,0.781118,0.11648,0.102402,1.0,0.0,0.0,0.678716,0.781118,1
5819.KL,13/6/2021,0.0,0.0,0.0,0.0,0.0,0.0,0.0,0.0,0.0,0
5819.KL,13/6/2022,-0.949192,0.012299,0.026211,0.961491,0.0,0.0,1.0,0.949192,0.961491,1
5819.KL,13/6/2023,0.89419,0.903446,0.087298,0.009256,1.0,0.0,0.0,0.89419,0.903446,1
5819.KL,13/6/2024,0.889943,0.927998,0.033947,0.038055,1.0,0.0,0.0,0.889943,0.927998,1
5819.KL,13/6/2025,0.713262,0.797999,0.117264,0.084737,1.0,0.0,0.0,0.713262,0.797999,3
5819.KL,13/7/2020,0.0,0.0,0.0,0.0,0.0,0.0,0.0,0.0,0.0,0
5819.KL,13/7/2021,0.0,0.0,0.0,0.0,0.0,0.0,0.0,0.0,0.0,0
5819.KL,13/7/2022,-0.878773,0.051001,0.019224,0.929775,0.0,0.0,1.0,0.878773,0.929775,1
5819.KL,13/7/2023,0.091982,0.110251,0.871481,0.018268,0.0,1.0,0.0,0.091982,0.871481,1
5819.KL,13/7/2024,0.0,0.0,0.0,0.0,0.0,0.0,0.0,0.0,0.0,0
5819.KL,13/7/2025,0.0,0.0,0.0,0.0,0.0,0.0,0.0,0.0,0.0,0
5819.KL,13/8/2020,-0.888552,0.040902,0.029643,0.929455,0.0,0.0,1.0,0.888552,0.929455,1
5819.KL,13/8/2021,0.0,0.0,0.0,0.0,0.0,0.0,0.0,0.0,0.0,0
5819.KL,13/8/2022,0.0,0.0,0.0,0.0,0.0,0.0,0.0,0.0,0.0,0
5819.KL,13/8/2023,0.0,0.0,0.0,0.0,0.0,0.0,0.0,0.0,0.0,0
5819.KL,13/8/2024,0.8565,0.872189,0.112123,0.015688,1.0,0.0,0.0,0.8565,0.872189,1
5819.KL,13/8/2025,0.807097,0.873152,0.060794,0.066054,1.0,0.0,0.0,0.807097,0.873152,2
5819.KL,13/9/2020,0.0,0.0,0.0,0.0,0.0,0.0,0.0,0.0,0.0,0
5819.KL,13/9/2021,-0.962633,0.009985,0.017396,0.972618,0.0,0.0,1.0,0.962633,0.972618,1
5819.KL,13/9/2022,0.755659,0.827779,0.100101,0.07212,1.0,0.0,0.0,0.755659,0.827779,1
5819.KL,13/9/2023,-0.072136,0.431858,0.064147,0.503994,0.5,0.0,0.5,0.859093,0.897473,2
5819.KL,13/9/2024,0.683425,0.710975,0.261475,0.02755,1.0,0.0,0.0,0.683425,0.710975,1
5819.KL,13/9/2025,-0.318177,0.051976,0.577871,0.370153,0.0,0.0,1.0,0.318177,0.577871,1
5819.KL,14/1/2020,-0.921269,0.027211,0.02431,0.94848,0.0,0.0,1.0,0.921269,0.94848,1
5819.KL,14/1/2021,0.52692,0.555087,0.416745,0.028167,1.0,0.0,0.0,0.52692,0.864507,2
5819.KL,14/1/2022,0.0,0.0,0.0,0.0,0.0,0.0,0.0,0.0,0.0,0
5819.KL,14/1/2023,0.0,0.0,0.0,0.0,0.0,0.0,0.0,0.0,0.0,0
5819.KL,14/1/2024,0.0,0.0,0.0,0.0,0.0,0.0,0.0,0.0,0.0,0
5819.KL,14/1/2025,0.0,0.0,0.0,0.0,0.0,0.0,0.0,0.0,0.0,0
5819.KL,14/1/2026,0.206495,0.474155,0.258185,0.26766,0.75,0.0,0.25,0.67012,0.837357,4
5819.KL,14/10/2020,0.893006,0.924286,0.044435,0.03128,1.0,0.0,0.0,0.893006,0.924286,1
5819.KL,14/10/2021,-0.958521,0.010242,0.020996,0.968762,0.0,0.0,1.0,0.958521,0.968762,1
5819.KL,14/10/2022,0.898038,0.928322,0.041394,0.030284,1.0,0.0,0.0,0.898038,0.928322,1
5819.KL,14/10/2023,0.0,0.0,0.0,0.0,0.0,0.0,0.0,0.0,0.0,0
5819.KL,14/10/2024,0.480573,0.576565,0.327443,0.095992,1.0,0.0,0.0,0.480573,0.647315,2
5819.KL,14/10/2025,0.727565,0.820459,0.086646,0.092894,1.0,0.0,0.0,0.727565,0.820459,3
5819.KL,14/11/2020,0.785607,0.868031,0.049546,0.082423,1.0,0.0,0.0,0.785607,0.868031,1
5819.KL,14/11/2021,0.0,0.0,0.0,0.0,0.0,0.0,0.0,0.0,0.0,0
5819.KL,14/11/2022,0.932789,0.945623,0.041544,0.012833,1.0,0.0,0.0,0.932789,0.945623,1
5819.KL,14/11/2023,0.71639,0.730787,0.254816,0.014397,1.0,0.0,0.0,0.71639,0.730787,1
5819.KL,14/11/2024,0.0,0.0,0.0,0.0,0.0,0.0,0.0,0.0,0.0,0
5819.KL,14/11/2025,0.0,0.0,0.0,0.0,0.0,0.0,0.0,0.0,0.0,0
5819.KL,14/12/2020,0.343155,0.459716,0.423723,0.116561,0.5,0.5,0.0,0.343155,0.611029,2
5819.KL,14/12/2021,0.0,0.0,0.0,0.0,0.0,0.0,0.0,0.0,0.0,0
5819.KL,14/12/2022,0.663839,0.719491,0.224856,0.055653,1.0,0.0,0.0,0.663839,0.719491,1
5819.KL,14/12/2023,0.476672,0.554898,0.366876,0.078226,1.0,0.0,0.0,0.476672,0.554898,1
5819.KL,14/12/2024,0.0,0.0,0.0,0.0,0.0,0.0,0.0,0.0,0.0,0
5819.KL,14/12/2025,0.0,0.0,0.0,0.0,0.0,0.0,0.0,0.0,0.0,0
5819.KL,14/2/2020,0.675539,0.820415,0.034709,0.144876,1.0,0.0,0.0,0.675539,0.820415,1
5819.KL,14/2/2021,0.0,0.0,0.0,0.0,0.0,0.0,0.0,0.0,0.0,0
5819.KL,14/2/2022,-0.319544,0.176084,0.328289,0.495627,0.5,0.0,0.5,0.478988,0.743708,2
5819.KL,14/2/2023,0.67852,0.791096,0.096327,0.112577,1.0,0.0,0.0,0.67852,0.791096,1
5819.KL,14/2/2024,0.0,0.0,0.0,0.0,0.0,0.0,0.0,0.0,0.0,0
5819.KL,14/2/2025,0.01397,0.490052,0.033866,0.476082,0.5,0.0,0.5,0.918594,0.942364,2
5819.KL,14/2/2026,-0.917477,0.022675,0.037172,0.940152,0.0,0.0,1.0,0.917477,0.940152,1
5819.KL,14/3/2020,0.0,0.0,0.0,0.0,0.0,0.0,0.0,0.0,0.0,0
5819.KL,14/3/2021,0.0,0.0,0.0,0.0,0.0,0.0,0.0,0.0,0.0,0
5819.KL,14/3/2022,0.199095,0.210076,0.778942,0.010981,1.0,0.0,0.0,0.199095,0.778942,1
5819.KL,14/3/2023,0.0,0.0,0.0,0.0,0.0,0.0,0.0,0.0,0.0,0
5819.KL,14/3/2024,0.0,0.0,0.0,0.0,0.0,0.0,0.0,0.0,0.0,0
5819.KL,14/3/2025,0.0,0.0,0.0,0.0,0.0,0.0,0.0,0.0,0.0,0
5819.KL,14/3/2026,0.0,0.0,0.0,0.0,0.0,0.0,0.0,0.0,0.0,0
5819.KL,14/4/2020,-0.878664,0.038179,0.044977,0.916844,0.0,0.0,1.0,0.878664,0.916844,1
5819.KL,14/4/2021,0.137616,0.543735,0.050146,0.406119,0.5,0.0,0.5,0.800978,0.875416,2
5819.KL,14/4/2022,0.485758,0.583689,0.318379,0.097932,1.0,0.0,0.0,0.485758,0.815506,3
5819.KL,14/4/2023,0.0,0.0,0.0,0.0,0.0,0.0,0.0,0.0,0.0,0
5819.KL,14/4/2024,0.0,0.0,0.0,0.0,0.0,0.0,0.0,0.0,0.0,0
5819.KL,14/4/2025,0.89638,0.911789,0.072802,0.015409,1.0,0.0,0.0,0.89638,0.911789,1
5819.KL,14/5/2020,0.0,0.0,0.0,0.0,0.0,0.0,0.0,0.0,0.0,0
5819.KL,14/5/2021,0.0,0.0,0.0,0.0,0.0,0.0,0.0,0.0,0.0,0
5819.KL,14/5/2022,0.0,0.0,0.0,0.0,0.0,0.0,0.0,0.0,0.0,0
5819.KL,14/5/2023,0.0,0.0,0.0,0.0,0.0,0.0,0.0,0.0,0.0,0
5819.KL,14/5/2024,0.688203,0.808773,0.070656,0.120571,1.0,0.0,0.0,0.688203,0.808773,3
5819.KL,14/5/2025,0.465437,0.707957,0.049522,0.24252,0.75,0.0,0.25,0.914403,0.932441,4
5819.KL,14/6/2020,0.0,0.0,0.0,0.0,0.0,0.0,0.0,0.0,0.0,0
5819.KL,14/6/2021,0.0,0.0,0.0,0.0,0.0,0.0,0.0,0.0,0.0,0
5819.KL,14/6/2022,-0.954116,0.009018,0.027847,0.963135,0.0,0.0,1.0,0.954116,0.963135,1
5819.KL,14/6/2023,0.615228,0.62656,0.362109,0.011332,1.0,0.0,0.0,0.615228,0.62656,1
5819.KL,14/6/2024,0.0,0.0,0.0,0.0,0.0,0.0,0.0,0.0,0.0,0
5819.KL,14/6/2025,-0.014389,0.025618,0.934375,0.040007,0.0,1.0,0.0,0.014389,0.934375,1
5819.KL,14/7/2020,0.852818,0.890455,0.071909,0.037636,1.0,0.0,0.0,0.852818,0.890455,1
5819.KL,14/7/2021,0.0,0.0,0.0,0.0,0.0,0.0,0.0,0.0,0.0,0
5819.KL,14/7/2022,0.0,0.0,0.0,0.0,0.0,0.0,0.0,0.0,0.0,0
5819.KL,14/7/2023,0.0,0.0,0.0,0.0,0.0,0.0,0.0,0.0,0.0,0
5819.KL,14/7/2024,0.0,0.0,0.0,0.0,0.0,0.0,0.0,0.0,0.0,0
5819.KL,14/7/2025,0.02095,0.098647,0.823656,0.077697,0.0,1.0,0.0,0.033781,0.823656,2
5819.KL,14/8/2020,0.0,0.0,0.0,0.0,0.0,0.0,0.0,0.0,0.0,0
5819.KL,14/8/2021,0.0,0.0,0.0,0.0,0.0,0.0,0.0,0.0,0.0,0
5819.KL,14/8/2022,0.0,0.0,0.0,0.0,0.0,0.0,0.0,0.0,0.0,0
5819.KL,14/8/2023,0.0,0.0,0.0,0.0,0.0,0.0,0.0,0.0,0.0,0
5819.KL,14/8/2024,0.941202,0.955626,0.029949,0.014425,1.0,0.0,0.0,0.941202,0.955626,1
5819.KL,14/8/2025,-0.274785,0.249509,0.226197,0.524294,0.5,0.0,0.5,0.657528,0.715665,2
5819.KL,14/9/2020,0.605946,0.620174,0.365597,0.014229,1.0,0.0,0.0,0.605946,0.736641,2
5819.KL,14/9/2021,-0.867786,0.014196,0.103822,0.881982,0.0,0.0,1.0,0.867786,0.881982,1
5819.KL,14/9/2022,-0.508658,0.125055,0.241232,0.633713,0.2,0.0,0.8,0.578556,0.767663,5
5819.KL,14/9/2023,0.072819,0.514627,0.043564,0.441808,0.5,0.0,0.5,0.848334,0.902385,4
5819.KL,14/9/2024,0.081764,0.120071,0.841621,0.038307,0.0,1.0,0.0,0.081764,0.841621,1
5819.KL,14/9/2025,0.0,0.0,0.0,0.0,0.0,0.0,0.0,0.0,0.0,0
5819.KL,15/1/2020,0.0,0.0,0.0,0.0,0.0,0.0,0.0,0.0,0.0,0
5819.KL,15/1/2021,0.035777,0.081124,0.873528,0.045347,0.0,1.0,0.0,0.035777,0.873528,1
5819.KL,15/1/2022,0.137005,0.148152,0.840702,0.011147,1.0,0.0,0.0,0.137005,0.840702,1
5819.KL,15/1/2023,0.0,0.0,0.0,0.0,0.0,0.0,0.0,0.0,0.0,0
5819.KL,15/1/2024,-0.509495,0.175643,0.139219,0.685138,0.0,0.0,1.0,0.509495,0.685138,1
5819.KL,15/1/2025,0.033315,0.349862,0.333592,0.316547,0.333333,0.333333,0.333333,0.600865,0.910695,3
5819.KL,15/1/2026,-0.953897,0.012646,0.02081,0.966544,0.0,0.0,1.0,0.953897,0.966544,1
5819.KL,15/10/2020,0.0,0.0,0.0,0.0,0.0,0.0,0.0,0.0,0.0,0
5819.KL,15/10/2021,0.0,0.0,0.0,0.0,0.0,0.0,0.0,0.0,0.0,0
5819.KL,15/10/2022,0.075603,0.090585,0.894433,0.014982,0.5,0.5,0.0,0.075603,0.894433,2
5819.KL,15/10/2023,0.0,0.0,0.0,0.0,0.0,0.0,0.0,0.0,0.0,0
5819.KL,15/10/2024,0.647816,0.68183,0.284157,0.034014,1.0,0.0,0.0,0.647816,0.834666,5
5819.KL,15/10/2025,0.0,0.0,0.0,0.0,0.0,0.0,0.0,0.0,0.0,0
5819.KL,15/11/2020,0.0,0.0,0.0,0.0,0.0,0.0,0.0,0.0,0.0,0
5819.KL,15/11/2021,-0.041672,0.434632,0.089065,0.476303,0.5,0.0,0.5,0.884514,0.897725,2
5819.KL,15/11/2022,0.481217,0.494963,0.491291,0.013746,0.5,0.5,0.0,0.481217,0.94333,2
5819.KL,15/11/2023,0.434038,0.47258,0.488879,0.038541,0.5,0.5,0.0,0.434038,0.888028,2
5819.KL,15/11/2024,0.50474,0.512618,0.479504,0.007878,1.0,0.0,0.0,0.50474,0.512618,1
5819.KL,15/11/2025,-0.952718,0.013994,0.019294,0.966712,0.0,0.0,1.0,0.952718,0.966712,1
5819.KL,15/12/2020,0.0,0.0,0.0,0.0,0.0,0.0,0.0,0.0,0.0,0
5819.KL,15/12/2021,-0.822527,0.049428,0.078617,0.871955,0.0,0.0,1.0,0.822527,0.871955,1
5819.KL,15/12/2022,-0.963027,0.008453,0.020067,0.97148,0.0,0.0,1.0,0.963027,0.97148,1
5819.KL,15/12/2023,0.889295,0.929211,0.030874,0.039915,1.0,0.0,0.0,0.889295,0.929211,1
5819.KL,15/12/2024,0.0,0.0,0.0,0.0,0.0,0.0,0.0,0.0,0.0,0
5819.KL,15/12/2025,0.889007,0.918339,0.052329,0.029332,1.0,0.0,0.0,0.889007,0.918339,1
5819.KL,15/2/2020,0.0,0.0,0.0,0.0,0.0,0.0,0.0,0.0,0.0,0
5819.KL,15/2/2021,0.918153,0.937734,0.042685,0.019581,1.0,0.0,0.0,0.918153,0.937734,1
5819.KL,15/2/2022,0.886533,0.923706,0.03912,0.037173,1.0,0.0,0.0,0.886533,0.923706,1
5819.KL,15/2/2023,-0.623567,0.167039,0.042354,0.790606,0.0,0.0,1.0,0.623567,0.790606,2
5819.KL,15/2/2024,0.748355,0.771391,0.205573,0.023036,1.0,0.0,0.0,0.748355,0.771391,1
5819.KL,15/2/2025,0.0,0.0,0.0,0.0,0.0,0.0,0.0,0.0,0.0,0
5819.KL,15/2/2026,0.0,0.0,0.0,0.0,0.0,0.0,0.0,0.0,0.0,0
5819.KL,15/3/2020,0.0,0.0,0.0,0.0,0.0,0.0,0.0,0.0,0.0,0
5819.KL,15/3/2021,0.0,0.0,0.0,0.0,0.0,0.0,0.0,0.0,0.0,0
5819.KL,15/3/2022,0.053547,0.068769,0.916009,0.015222,0.0,1.0,0.0,0.053547,0.916009,1
5819.KL,15/3/2023,-0.005688,0.481632,0.031049,0.48732,0.5,0.0,0.5,0.937446,0.953199,2
5819.KL,15/3/2024,0.0,0.0,0.0,0.0,0.0,0.0,0.0,0.0,0.0,0
5819.KL,15/3/2025,0.0,0.0,0.0,0.0,0.0,0.0,0.0,0.0,0.0,0
5819.KL,15/3/2026,0.0,0.0,0.0,0.0,0.0,0.0,0.0,0.0,0.0,0
5819.KL,15/4/2020,-0.412812,0.078371,0.430446,0.491183,0.0,0.5,0.5,0.44912,0.839709,2
5819.KL,15/4/2021,0.0,0.0,0.0,0.0,0.0,0.0,0.0,0.0,0.0,0
5819.KL,15/4/2022,-0.902298,0.034946,0.027811,0.937244,0.0,0.0,1.0,0.902298,0.937244,1
5819.KL,15/4/2023,0.0,0.0,0.0,0.0,0.0,0.0,0.0,0.0,0.0,0
5819.KL,15/4/2024,0.65608,0.799556,0.056968,0.143476,1.0,0.0,0.0,0.65608,0.799556,1
5819.KL,15/4/2025,0.86337,0.915736,0.031898,0.052366,1.0,0.0,0.0,0.86337,0.915736,1
5819.KL,15/5/2020,0.0,0.0,0.0,0.0,0.0,0.0,0.0,0.0,0.0,0
5819.KL,15/5/2021,0.0,0.0,0.0,0.0,0.0,0.0,0.0,0.0,0.0,0
5819.KL,15/5/2022,0.0,0.0,0.0,0.0,0.0,0.0,0.0,0.0,0.0,0
5819.KL,15/5/2023,-0.073866,0.215848,0.494438,0.289714,0.0,1.0,0.0,0.073866,0.494438,1
5819.KL,15/5/2024,0.891387,0.901482,0.088423,0.010095,1.0,0.0,0.0,0.891387,0.901482,1
5819.KL,15/5/2025,0.817627,0.890896,0.035835,0.073269,1.0,0.0,0.0,0.817627,0.890896,1
5819.KL,15/6/2020,-0.932433,0.018099,0.031369,0.950532,0.0,0.0,1.0,0.932433,0.950532,2
5819.KL,15/6/2021,-0.730878,0.085383,0.098355,0.816261,0.0,0.0,1.0,0.730878,0.816261,1
5819.KL,15/6/2022,0.0,0.0,0.0,0.0,0.0,0.0,0.0,0.0,0.0,0
5819.KL,15/6/2023,0.252564,0.516083,0.220399,0.263519,0.666667,0.0,0.333333,0.72541,0.752506,3
5819.KL,15/6/2024,0.179101,0.229365,0.720371,0.050263,1.0,0.0,0.0,0.179101,0.720371,1
5819.KL,15/6/2025,0.0,0.0,0.0,0.0,0.0,0.0,0.0,0.0,0.0,0
5819.KL,15/7/2020,0.0,0.0,0.0,0.0,0.0,0.0,0.0,0.0,0.0,0
5819.KL,15/7/2021,0.0,0.0,0.0,0.0,0.0,0.0,0.0,0.0,0.0,0
5819.KL,15/7/2022,-0.247185,0.083891,0.585032,0.331077,0.333333,0.333333,0.333333,0.361939,0.88273,3
5819.KL,15/7/2023,0.0,0.0,0.0,0.0,0.0,0.0,0.0,0.0,0.0,0
5819.KL,15/7/2024,0.798306,0.808917,0.180472,0.010611,1.0,0.0,0.0,0.798306,0.808917,1
5819.KL,15/7/2025,0.191747,0.479873,0.232001,0.288126,0.75,0.0,0.25,0.668353,0.875025,4
5819.KL,15/8/2020,0.01026,0.17049,0.669279,0.160231,0.5,0.0,0.5,0.225959,0.669279,2
5819.KL,15/8/2021,0.0,0.0,0.0,0.0,0.0,0.0,0.0,0.0,0.0,0
5819.KL,15/8/2022,0.899848,0.919594,0.06066,0.019746,1.0,0.0,0.0,0.899848,0.919594,1
5819.KL,15/8/2023,0.0,0.0,0.0,0.0,0.0,0.0,0.0,0.0,0.0,0
5819.KL,15/8/2024,-0.467074,0.027333,0.47826,0.494407,0.0,0.5,0.5,0.488402,0.952133,2
5819.KL,15/8/2025,0.906988,0.936344,0.034301,0.029356,1.0,0.0,0.0,0.906988,0.936344,1
5819.KL,15/9/2020,0.0,0.0,0.0,0.0,0.0,0.0,0.0,0.0,0.0,0
5819.KL,15/9/2021,0.0,0.0,0.0,0.0,0.0,0.0,0.0,0.0,0.0,0
5819.KL,15/9/2022,0.0,0.0,0.0,0.0,0.0,0.0,0.0,0.0,0.0,0
5819.KL,15/9/2023,0.856914,0.865352,0.126209,0.008439,1.0,0.0,0.0,0.856914,0.865352,2
5819.KL,15/9/2024,0.0,0.0,0.0,0.0,0.0,0.0,0.0,0.0,0.0,0
5819.KL,15/9/2025,0.0,0.0,0.0,0.0,0.0,0.0,0.0,0.0,0.0,0
5819.KL,16/1/2020,0.0,0.0,0.0,0.0,0.0,0.0,0.0,0.0,0.0,0
5819.KL,16/1/2021,-0.027922,0.03686,0.898358,0.064782,0.0,1.0,0.0,0.027922,0.898358,1
5819.KL,16/1/2022,0.0,0.0,0.0,0.0,0.0,0.0,0.0,0.0,0.0,0
5819.KL,16/1/2023,-0.234201,0.247356,0.271086,0.481558,0.0,0.0,1.0,0.234201,0.481558,1
5819.KL,16/1/2024,0.0,0.0,0.0,0.0,0.0,0.0,0.0,0.0,0.0,0
5819.KL,16/1/2025,-0.222113,0.142209,0.493469,0.364322,0.0,0.0,1.0,0.222113,0.493469,1
5819.KL,16/1/2026,-0.188899,0.383881,0.043339,0.57278,0.5,0.0,0.5,0.70976,0.833211,2
5819.KL,16/10/2020,0.0,0.0,0.0,0.0,0.0,0.0,0.0,0.0,0.0,0
5819.KL,16/10/2021,0.0,0.0,0.0,0.0,0.0,0.0,0.0,0.0,0.0,0
5819.KL,16/10/2022,0.0,0.0,0.0,0.0,0.0,0.0,0.0,0.0,0.0,0
5819.KL,16/10/2023,0.0,0.0,0.0,0.0,0.0,0.0,0.0,0.0,0.0,0
5819.KL,16/10/2024,0.0,0.0,0.0,0.0,0.0,0.0,0.0,0.0,0.0,0
5819.KL,16/10/2025,0.665392,0.673751,0.31789,0.008359,1.0,0.0,0.0,0.665392,0.673751,1
5819.KL,16/11/2020,0.131129,0.141663,0.847803,0.010534,1.0,0.0,0.0,0.131129,0.847803,1
5819.KL,16/11/2021,0.89264,0.917839,0.056963,0.025199,1.0,0.0,0.0,0.89264,0.917839,1
5819.KL,16/11/2022,0.929514,0.942354,0.044807,0.01284,1.0,0.0,0.0,0.929514,0.942354,1
5819.KL,16/11/2023,-0.687305,0.02672,0.259255,0.714025,0.0,0.0,1.0,0.687305,0.714025,1
5819.KL,16/11/2024,-0.93855,0.016005,0.02944,0.954555,0.0,0.0,1.0,0.93855,0.954555,1
5819.KL,16/11/2025,0.0,0.0,0.0,0.0,0.0,0.0,0.0,0.0,0.0,0
5819.KL,16/12/2020,0.663159,0.801905,0.059349,0.138746,1.0,0.0,0.0,0.663159,0.801905,1
5819.KL,16/12/2021,0.836314,0.869466,0.097383,0.033152,1.0,0.0,0.0,0.836314,0.869466,2
5819.KL,16/12/2022,-0.849498,0.04624,0.058022,0.895738,0.0,0.0,1.0,0.849498,0.895738,1
5819.KL,16/12/2023,0.0,0.0,0.0,0.0,0.0,0.0,0.0,0.0,0.0,0
5819.KL,16/12/2024,0.933345,0.952117,0.029111,0.018772,1.0,0.0,0.0,0.933345,0.952117,1
5819.KL,16/12/2025,0.718671,0.780442,0.157788,0.06177,1.0,0.0,0.0,0.718671,0.783223,4
5819.KL,16/2/2020,0.0,0.0,0.0,0.0,0.0,0.0,0.0,0.0,0.0,0
5819.KL,16/2/2021,0.908043,0.924541,0.058962,0.016498,1.0,0.0,0.0,0.908043,0.924541,1
5819.KL,16/2/2022,0.0,0.0,0.0,0.0,0.0,0.0,0.0,0.0,0.0,0
5819.KL,16/2/2023,0.379347,0.388089,0.603169,0.008742,1.0,0.0,0.0,0.379347,0.603169,1
5819.KL,16/2/2024,0.0,0.0,0.0,0.0,0.0,0.0,0.0,0.0,0.0,0
5819.KL,16/2/2025,0.0,0.0,0.0,0.0,0.0,0.0,0.0,0.0,0.0,0
5819.KL,16/2/2026,-0.058112,0.419704,0.102479,0.477816,0.5,0.0,0.5,0.866109,0.881815,2
5819.KL,16/3/2020,0.0,0.0,0.0,0.0,0.0,0.0,0.0,0.0,0.0,0
5819.KL,16/3/2021,0.0,0.0,0.0,0.0,0.0,0.0,0.0,0.0,0.0,0
5819.KL,16/3/2022,0.811532,0.882028,0.047477,0.070496,1.0,0.0,0.0,0.811532,0.882028,1
5819.KL,16/3/2023,-0.791027,0.073216,0.062541,0.864243,0.0,0.0,1.0,0.791027,0.864243,2
5819.KL,16/3/2024,0.0,0.0,0.0,0.0,0.0,0.0,0.0,0.0,0.0,0
5819.KL,16/3/2025,0.0,0.0,0.0,0.0,0.0,0.0,0.0,0.0,0.0,0
5819.KL,16/3/2026,0.868991,0.918785,0.031421,0.049794,1.0,0.0,0.0,0.868991,0.918785,1
5819.KL,16/4/2020,0.832117,0.89443,0.043257,0.062313,1.0,0.0,0.0,0.832117,0.89443,2
5819.KL,16/4/2021,0.398976,0.687578,0.02382,0.288602,0.5,0.5,0.0,0.455501,0.715841,2
5819.KL,16/4/2022,0.0,0.0,0.0,0.0,0.0,0.0,0.0,0.0,0.0,0
5819.KL,16/4/2023,0.0,0.0,0.0,0.0,0.0,0.0,0.0,0.0,0.0,0
5819.KL,16/4/2024,0.0,0.0,0.0,0.0,0.0,0.0,0.0,0.0,0.0,0
5819.KL,16/4/2025,0.930089,0.949116,0.031857,0.019027,1.0,0.0,0.0,0.930089,0.949116,1
5819.KL,16/5/2020,0.0,0.0,0.0,0.0,0.0,0.0,0.0,0.0,0.0,0
5819.KL,16/5/2021,0.0,0.0,0.0,0.0,0.0,0.0,0.0,0.0,0.0,0
5819.KL,16/5/2022,0.0,0.0,0.0,0.0,0.0,0.0,0.0,0.0,0.0,0
5819.KL,16/5/2023,-0.318799,0.1166,0.448,0.4354,0.5,0.0,0.5,0.43567,0.856421,2
5819.KL,16/5/2024,0.624833,0.68135,0.262132,0.056517,1.0,0.0,0.0,0.624833,0.68135,2
5819.KL,16/5/2025,-0.704669,0.040171,0.214988,0.744841,0.0,0.0,1.0,0.704669,0.744841,2
5819.KL,16/6/2020,-0.001217,0.027455,0.943873,0.028672,0.0,1.0,0.0,0.001217,0.943873,1
5819.KL,16/6/2021,0.049844,0.065003,0.919837,0.015159,0.0,1.0,0.0,0.049844,0.919837,1
5819.KL,16/6/2022,-0.60015,0.171425,0.056999,0.771576,0.0,0.0,1.0,0.60015,0.771576,2
5819.KL,16/6/2023,0.0,0.0,0.0,0.0,0.0,0.0,0.0,0.0,0.0,0
5819.KL,16/6/2024,0.0,0.0,0.0,0.0,0.0,0.0,0.0,0.0,0.0,0
5819.KL,16/6/2025,0.0,0.0,0.0,0.0,0.0,0.0,0.0,0.0,0.0,0
5819.KL,16/7/2020,-0.358872,0.119192,0.402743,0.478064,0.5,0.0,0.5,0.560515,0.857525,2
5819.KL,16/7/2021,0.0,0.0,0.0,0.0,0.0,0.0,0.0,0.0,0.0,0
5819.KL,16/7/2022,0.0,0.0,0.0,0.0,0.0,0.0,0.0,0.0,0.0,0
5819.KL,16/7/2023,0.0,0.0,0.0,0.0,0.0,0.0,0.0,0.0,0.0,0
5819.KL,16/7/2024,0.83965,0.899495,0.04066,0.059845,1.0,0.0,0.0,0.83965,0.899495,1
5819.KL,16/7/2025,-0.309655,0.165026,0.360292,0.474681,0.0,0.666667,0.333333,0.350527,0.725153,3
5819.KL,16/8/2020,0.0,0.0,0.0,0.0,0.0,0.0,0.0,0.0,0.0,0
5819.KL,16/8/2021,0.0,0.0,0.0,0.0,0.0,0.0,0.0,0.0,0.0,0
5819.KL,16/8/2022,0.019409,0.056084,0.907242,0.036674,0.0,1.0,0.0,0.019409,0.907242,1
5819.KL,16/8/2023,0.515589,0.708933,0.097723,0.193344,1.0,0.0,0.0,0.515589,0.708933,1
5819.KL,16/8/2024,0.898773,0.922379,0.054014,0.023606,1.0,0.0,0.0,0.898773,0.922379,1
5819.KL,16/8/2025,0.0,0.0,0.0,0.0,0.0,0.0,0.0,0.0,0.0,0
5819.KL,16/9/2020,0.0,0.0,0.0,0.0,0.0,0.0,0.0,0.0,0.0,0
5819.KL,16/9/2021,0.0,0.0,0.0,0.0,0.0,0.0,0.0,0.0,0.0,0
5819.KL,16/9/2022,0.0,0.0,0.0,0.0,0.0,0.0,0.0,0.0,0.0,0
5819.KL,16/9/2023,0.892513,0.919786,0.052941,0.027273,1.0,0.0,0.0,0.892513,0.919786,1
5819.KL,16/9/2024,0.049933,0.080972,0.887989,0.031039,0.0,1.0,0.0,0.049933,0.887989,1
5819.KL,16/9/2025,0.0,0.0,0.0,0.0,0.0,0.0,0.0,0.0,0.0,0
5819.KL,17/1/2020,0.0,0.0,0.0,0.0,0.0,0.0,0.0,0.0,0.0,0
5819.KL,17/1/2021,0.0,0.0,0.0,0.0,0.0,0.0,0.0,0.0,0.0,0
5819.KL,17/1/2022,0.0,0.0,0.0,0.0,0.0,0.0,0.0,0.0,0.0,0
5819.KL,17/1/2023,0.880695,0.89572,0.089254,0.015025,1.0,0.0,0.0,0.880695,0.89572,1
5819.KL,17/1/2024,-0.582584,0.06589,0.285636,0.648474,0.333333,0.0,0.666667,0.686863,0.914807,3
5819.KL,17/1/2025,0.216657,0.24074,0.735177,0.024083,0.25,0.75,0.0,0.216657,0.906263,4
5819.KL,17/1/2026,0.0,0.0,0.0,0.0,0.0,0.0,0.0,0.0,0.0,0
5819.KL,17/10/2020,0.0,0.0,0.0,0.0,0.0,0.0,0.0,0.0,0.0,0
5819.KL,17/10/2021,0.0,0.0,0.0,0.0,0.0,0.0,0.0,0.0,0.0,0
5819.KL,17/10/2022,0.17364,0.217783,0.738074,0.044143,1.0,0.0,0.0,0.17364,0.738074,1
5819.KL,17/10/2023,0.0,0.0,0.0,0.0,0.0,0.0,0.0,0.0,0.0,0
5819.KL,17/10/2024,0.855432,0.902531,0.050369,0.0471,1.0,0.0,0.0,0.855432,0.902531,1
5819.KL,17/10/2025,0.095458,0.481872,0.131715,0.386414,0.666667,0.0,0.333333,0.711202,0.789744,3
5819.KL,17/11/2020,0.0,0.0,0.0,0.0,0.0,0.0,0.0,0.0,0.0,0
5819.KL,17/11/2021,0.316507,0.476946,0.362616,0.160438,1.0,0.0,0.0,0.316507,0.476946,1
5819.KL,17/11/2022,0.0,0.0,0.0,0.0,0.0,0.0,0.0,0.0,0.0,0
5819.KL,17/11/2023,-0.279328,0.1257,0.469273,0.405027,0.0,0.5,0.5,0.372763,0.843707,2
5819.KL,17/11/2024,0.0,0.0,0.0,0.0,0.0,0.0,0.0,0.0,0.0,0
5819.KL,17/11/2025,0.895199,0.933016,0.029167,0.037817,1.0,0.0,0.0,0.895199,0.933016,1
5819.KL,17/12/2020,0.311378,0.378873,0.553632,0.067495,1.0,0.0,0.0,0.311378,0.553632,1
5819.KL,17/12/2021,0.0,0.0,0.0,0.0,0.0,0.0,0.0,0.0,0.0,0
5819.KL,17/12/2022,0.0,0.0,0.0,0.0,0.0,0.0,0.0,0.0,0.0,0
5819.KL,17/12/2023,0.0,0.0,0.0,0.0,0.0,0.0,0.0,0.0,0.0,0
5819.KL,17/12/2024,0.470621,0.693734,0.083153,0.223113,1.0,0.0,0.0,0.470621,0.693734,1
5819.KL,17/12/2025,0.880078,0.916536,0.047005,0.036459,1.0,0.0,0.0,0.880078,0.916536,2
5819.KL,17/2/2020,-0.917783,0.032316,0.017584,0.950099,0.0,0.0,1.0,0.917783,0.950099,1
5819.KL,17/2/2021,-0.265468,0.12969,0.475152,0.395158,0.5,0.0,0.5,0.438832,0.795743,2
5819.KL,17/2/2022,-0.260506,0.071362,0.596769,0.331869,0.0,0.0,1.0,0.260506,0.596769,1
5819.KL,17/2/2023,-0.957591,0.010497,0.021416,0.968087,0.0,0.0,1.0,0.957591,0.968087,1
5819.KL,17/2/2024,0.900406,0.910766,0.078874,0.01036,1.0,0.0,0.0,0.900406,0.910766,1
5819.KL,17/2/2025,0.909675,0.924189,0.061297,0.014514,1.0,0.0,0.0,0.909675,0.924189,1
5819.KL,17/2/2026,0.626099,0.797114,0.031871,0.171015,1.0,0.0,0.0,0.626099,0.797114,1
5819.KL,17/3/2020,0.0,0.0,0.0,0.0,0.0,0.0,0.0,0.0,0.0,0
5819.KL,17/3/2021,0.0,0.0,0.0,0.0,0.0,0.0,0.0,0.0,0.0,0
5819.KL,17/3/2022,0.858389,0.895371,0.067647,0.036982,1.0,0.0,0.0,0.858389,0.895371,2
5819.KL,17/3/2023,-0.211218,0.337185,0.114413,0.548403,0.333333,0.0,0.666667,0.799462,0.842525,3
5819.KL,17/3/2024,0.0,0.0,0.0,0.0,0.0,0.0,0.0,0.0,0.0,0
5819.KL,17/3/2025,0.0,0.0,0.0,0.0,0.0,0.0,0.0,0.0,0.0,0
5819.KL,17/3/2026,0.724719,0.830227,0.064264,0.105508,1.0,0.0,0.0,0.724719,0.830227,1
5819.KL,17/4/2020,0.00488,0.042076,0.920727,0.037197,0.0,1.0,0.0,0.00488,0.920727,1
5819.KL,17/4/2021,0.0,0.0,0.0,0.0,0.0,0.0,0.0,0.0,0.0,0
5819.KL,17/4/2022,0.0,0.0,0.0,0.0,0.0,0.0,0.0,0.0,0.0,0
5819.KL,17/4/2023,0.0,0.0,0.0,0.0,0.0,0.0,0.0,0.0,0.0,0
5819.KL,17/4/2024,-0.29191,0.198753,0.310584,0.490663,0.5,0.0,0.5,0.671443,0.787859,2
5819.KL,17/4/2025,0.906933,0.923158,0.060616,0.016225,1.0,0.0,0.0,0.906933,0.923158,1
5819.KL,17/5/2020,0.0,0.0,0.0,0.0,0.0,0.0,0.0,0.0,0.0,0
5819.KL,17/5/2021,0.086903,0.09671,0.893483,0.009807,0.0,1.0,0.0,0.086903,0.893483,1
5819.KL,17/5/2022,0.0,0.0,0.0,0.0,0.0,0.0,0.0,0.0,0.0,0
5819.KL,17/5/2023,0.0,0.0,0.0,0.0,0.0,0.0,0.0,0.0,0.0,0
5819.KL,17/5/2024,0.484985,0.49788,0.489224,0.012896,0.5,0.5,0.0,0.484985,0.943523,2
5819.KL,17/5/2025,0.0,0.0,0.0,0.0,0.0,0.0,0.0,0.0,0.0,0
5819.KL,17/6/2020,0.0,0.0,0.0,0.0,0.0,0.0,0.0,0.0,0.0,0
5819.KL,17/6/2021,-0.248684,0.241169,0.268978,0.489853,0.5,0.0,0.5,0.69574,0.73768,2
5819.KL,17/6/2022,-0.81524,0.037191,0.110378,0.852431,0.0,0.0,1.0,0.81524,0.852431,3
5819.KL,17/6/2023,0.0,0.0,0.0,0.0,0.0,0.0,0.0,0.0,0.0,0
5819.KL,17/6/2024,0.0,0.0,0.0,0.0,0.0,0.0,0.0,0.0,0.0,0
5819.KL,17/6/2025,-0.025875,0.327301,0.319522,0.353176,0.333333,0.333333,0.333333,0.556436,0.878296,3
5819.KL,17/7/2020,0.0,0.0,0.0,0.0,0.0,0.0,0.0,0.0,0.0,0
5819.KL,17/7/2021,0.0,0.0,0.0,0.0,0.0,0.0,0.0,0.0,0.0,0
5819.KL,17/7/2022,0.0,0.0,0.0,0.0,0.0,0.0,0.0,0.0,0.0,0
5819.KL,17/7/2023,0.936304,0.955478,0.025349,0.019174,1.0,0.0,0.0,0.936304,0.955478,1
5819.KL,17/7/2024,-0.955527,0.014868,0.014737,0.970395,0.0,0.0,1.0,0.955527,0.970395,1
5819.KL,17/7/2025,0.0,0.0,0.0,0.0,0.0,0.0,0.0,0.0,0.0,0
5819.KL,17/8/2020,0.0,0.0,0.0,0.0,0.0,0.0,0.0,0.0,0.0,0
5819.KL,17/8/2021,-0.074014,0.366353,0.19328,0.440367,0.0,1.0,0.0,0.074014,0.440367,1
5819.KL,17/8/2022,0.811753,0.818272,0.175209,0.006519,1.0,0.0,0.0,0.811753,0.818272,1
5819.KL,17/8/2023,0.650184,0.760641,0.128902,0.110457,1.0,0.0,0.0,0.650184,0.760641,2
5819.KL,17/8/2024,0.0,0.0,0.0,0.0,0.0,0.0,0.0,0.0,0.0,0
5819.KL,17/8/2025,0.0,0.0,0.0,0.0,0.0,0.0,0.0,0.0,0.0,0
5819.KL,17/9/2020,0.0,0.0,0.0,0.0,0.0,0.0,0.0,0.0,0.0,0
5819.KL,17/9/2021,0.0,0.0,0.0,0.0,0.0,0.0,0.0,0.0,0.0,0
5819.KL,17/9/2022,0.0,0.0,0.0,0.0,0.0,0.0,0.0,0.0,0.0,0
5819.KL,17/9/2023,0.0,0.0,0.0,0.0,0.0,0.0,0.0,0.0,0.0,0
5819.KL,17/9/2024,0.329184,0.614724,0.099737,0.285539,1.0,0.0,0.0,0.329184,0.614724,1
5819.KL,17/9/2025,0.0,0.0,0.0,0.0,0.0,0.0,0.0,0.0,0.0,0
5819.KL,18/1/2020,0.0,0.0,0.0,0.0,0.0,0.0,0.0,0.0,0.0,0
5819.KL,18/1/2021,-0.866175,0.028171,0.077483,0.894346,0.0,0.0,1.0,0.866175,0.894346,1
5819.KL,18/1/2022,0.0,0.0,0.0,0.0,0.0,0.0,0.0,0.0,0.0,0
5819.KL,18/1/2023,0.293745,0.618815,0.056114,0.325071,0.666667,0.0,0.333333,0.919722,0.931804,3
5819.KL,18/1/2024,0.0,0.0,0.0,0.0,0.0,0.0,0.0,0.0,0.0,0
5819.KL,18/1/2025,0.0,0.0,0.0,0.0,0.0,0.0,0.0,0.0,0.0,0
5819.KL,18/1/2026,0.0,0.0,0.0,0.0,0.0,0.0,0.0,0.0,0.0,0
5819.KL,18/10/2020,0.0,0.0,0.0,0.0,0.0,0.0,0.0,0.0,0.0,0
5819.KL,18/10/2021,0.903388,0.931403,0.040581,0.028016,1.0,0.0,0.0,0.903388,0.931403,1
5819.KL,18/10/2022,0.819612,0.867938,0.083736,0.048326,1.0,0.0,0.0,0.819612,0.867938,2
5819.KL,18/10/2023,-0.908683,0.034783,0.021751,0.943466,0.0,0.0,1.0,0.908683,0.943466,1
5819.KL,18/10/2024,0.720002,0.809132,0.101737,0.089131,1.0,0.0,0.0,0.720002,0.809132,1
5819.KL,18/10/2025,0.069674,0.130712,0.808249,0.061039,0.0,1.0,0.0,0.069674,0.808249,1
5819.KL,18/11/2020,0.883871,0.919746,0.044378,0.035875,1.0,0.0,0.0,0.883871,0.919746,2
5819.KL,18/11/2021,0.0,0.0,0.0,0.0,0.0,0.0,0.0,0.0,0.0,0
5819.KL,18/11/2022,0.927451,0.944651,0.038148,0.017201,1.0,0.0,0.0,0.927451,0.944651,1
5819.KL,18/11/2023,0.0,0.0,0.0,0.0,0.0,0.0,0.0,0.0,0.0,0
5819.KL,18/11/2024,0.907342,0.934301,0.038741,0.026959,1.0,0.0,0.0,0.907342,0.934301,2
5819.KL,18/11/2025,0.0,0.0,0.0,0.0,0.0,0.0,0.0,0.0,0.0,0
5819.KL,18/12/2020,0.0,0.0,0.0,0.0,0.0,0.0,0.0,0.0,0.0,0
5819.KL,18/12/2021,-0.387611,0.094278,0.423832,0.48189,0.5,0.0,0.5,0.542994,0.88075,2
5819.KL,18/12/2022,0.0,0.0,0.0,0.0,0.0,0.0,0.0,0.0,0.0,0
5819.KL,18/12/2023,0.0,0.0,0.0,0.0,0.0,0.0,0.0,0.0,0.0,0
5819.KL,18/12/2024,-0.946852,0.020928,0.011292,0.96778,0.0,0.0,1.0,0.946852,0.96778,1
5819.KL,18/12/2025,-0.336974,0.31504,0.032946,0.652014,0.333333,0.0,0.666667,0.926071,0.946563,3
5819.KL,18/2/2020,-0.922523,0.014129,0.049219,0.936652,0.0,0.0,1.0,0.922523,0.936652,1
5819.KL,18/2/2021,0.074163,0.475778,0.122608,0.401615,0.0,1.0,0.0,0.074163,0.475778,1
5819.KL,18/2/2022,-0.050276,0.287473,0.374779,0.337748,0.666667,0.0,0.333333,0.483331,0.74166,3
5819.KL,18/2/2023,0.848016,0.905848,0.03632,0.057832,1.0,0.0,0.0,0.848016,0.905848,1
5819.KL,18/2/2024,0.0,0.0,0.0,0.0,0.0,0.0,0.0,0.0,0.0,0
5819.KL,18/2/2025,0.867364,0.921921,0.023522,0.054557,1.0,0.0,0.0,0.867364,0.921921,1
5819.KL,18/2/2026,0.0,0.0,0.0,0.0,0.0,0.0,0.0,0.0,0.0,0
5819.KL,18/3/2020,0.0,0.0,0.0,0.0,0.0,0.0,0.0,0.0,0.0,0
5819.KL,18/3/2021,0.0,0.0,0.0,0.0,0.0,0.0,0.0,0.0,0.0,0
5819.KL,18/3/2022,0.880363,0.917662,0.045039,0.037299,1.0,0.0,0.0,0.880363,0.917662,2
5819.KL,18/3/2023,0.0,0.0,0.0,0.0,0.0,0.0,0.0,0.0,0.0,0
5819.KL,18/3/2024,0.0,0.0,0.0,0.0,0.0,0.0,0.0,0.0,0.0,0
5819.KL,18/3/2025,0.0,0.0,0.0,0.0,0.0,0.0,0.0,0.0,0.0,0
5819.KL,18/3/2026,0.826247,0.897424,0.031399,0.071177,1.0,0.0,0.0,0.826247,0.897424,2
5819.KL,18/4/2020,0.816996,0.880423,0.056149,0.063428,1.0,0.0,0.0,0.816996,0.880423,1
5819.KL,18/4/2021,0.0,0.0,0.0,0.0,0.0,0.0,0.0,0.0,0.0,0
5819.KL,18/4/2022,-0.363843,0.09511,0.445937,0.458953,0.5,0.0,0.5,0.507365,0.862062,2
5819.KL,18/4/2023,0.0,0.0,0.0,0.0,0.0,0.0,0.0,0.0,0.0,0
5819.KL,18/4/2024,0.862587,0.871039,0.120509,0.008452,1.0,0.0,0.0,0.862587,0.871039,2
5819.KL,18/4/2025,0.581351,0.747325,0.086701,0.165974,1.0,0.0,0.0,0.581351,0.747325,2
5819.KL,18/5/2020,0.0,0.0,0.0,0.0,0.0,0.0,0.0,0.0,0.0,0
5819.KL,18/5/2021,0.935303,0.951199,0.032905,0.015896,1.0,0.0,0.0,0.935303,0.951199,1
5819.KL,18/5/2022,0.506451,0.727925,0.050601,0.221474,1.0,0.0,0.0,0.506451,0.727925,1
5819.KL,18/5/2023,0.0,0.0,0.0,0.0,0.0,0.0,0.0,0.0,0.0,0
5819.KL,18/5/2024,0.0,0.0,0.0,0.0,0.0,0.0,0.0,0.0,0.0,0
5819.KL,18/5/2025,0.0,0.0,0.0,0.0,0.0,0.0,0.0,0.0,0.0,0
5819.KL,18/6/2020,0.083348,0.395355,0.292637,0.312007,0.666667,0.0,0.333333,0.648159,0.797202,3
5819.KL,18/6/2021,0.199715,0.493393,0.212928,0.293678,1.0,0.0,0.0,0.199715,0.493393,1
5819.KL,18/6/2022,0.0,0.0,0.0,0.0,0.0,0.0,0.0,0.0,0.0,0
5819.KL,18/6/2023,0.0,0.0,0.0,0.0,0.0,0.0,0.0,0.0,0.0,0
5819.KL,18/6/2024,0.0,0.0,0.0,0.0,0.0,0.0,0.0,0.0,0.0,0
5819.KL,18/6/2025,0.0,0.0,0.0,0.0,0.0,0.0,0.0,0.0,0.0,0
5819.KL,18/7/2020,0.0,0.0,0.0,0.0,0.0,0.0,0.0,0.0,0.0,0
5819.KL,18/7/2021,0.0,0.0,0.0,0.0,0.0,0.0,0.0,0.0,0.0,0
5819.KL,18/7/2022,-0.087643,0.218812,0.474732,0.306455,0.0,1.0,0.0,0.087643,0.474732,1
5819.KL,18/7/2023,0.0,0.0,0.0,0.0,0.0,0.0,0.0,0.0,0.0,0
5819.KL,18/7/2024,0.0,0.0,0.0,0.0,0.0,0.0,0.0,0.0,0.0,0
5819.KL,18/7/2025,0.728835,0.830285,0.068266,0.10145,1.0,0.0,0.0,0.728835,0.830285,1
5819.KL,18/8/2020,0.197132,0.518555,0.160022,0.321423,0.5,0.0,0.5,0.502687,0.671333,2
5819.KL,18/8/2021,0.0,0.0,0.0,0.0,0.0,0.0,0.0,0.0,0.0,0
5819.KL,18/8/2022,0.911901,0.940682,0.030538,0.028781,1.0,0.0,0.0,0.911901,0.940682,2
5819.KL,18/8/2023,0.065979,0.075653,0.914672,0.009674,0.0,1.0,0.0,0.065979,0.914672,1
5819.KL,18/8/2024,0.0,0.0,0.0,0.0,0.0,0.0,0.0,0.0,0.0,0
5819.KL,18/8/2025,0.770979,0.840906,0.089167,0.069927,1.0,0.0,0.0,0.770979,0.840906,1
5819.KL,18/9/2020,0.0,0.0,0.0,0.0,0.0,0.0,0.0,0.0,0.0,0
5819.KL,18/9/2021,0.91214,0.92813,0.05588,0.01599,1.0,0.0,0.0,0.91214,0.92813,1
5819.KL,18/9/2022,0.0,0.0,0.0,0.0,0.0,0.0,0.0,0.0,0.0,0
5819.KL,18/9/2023,0.0,0.0,0.0,0.0,0.0,0.0,0.0,0.0,0.0,0
5819.KL,18/9/2024,0.0,0.0,0.0,0.0,0.0,0.0,0.0,0.0,0.0,0
5819.KL,18/9/2025,0.110267,0.396438,0.317392,0.286171,0.4,0.2,0.4,0.479497,0.758351,5
5819.KL,19/1/2020,0.0,0.0,0.0,0.0,0.0,0.0,0.0,0.0,0.0,0
5819.KL,19/1/2021,0.167894,0.436904,0.294086,0.26901,1.0,0.0,0.0,0.167894,0.436904,1
5819.KL,19/1/2022,0.0,0.0,0.0,0.0,0.0,0.0,0.0,0.0,0.0,0
5819.KL,19/1/2023,0.638576,0.65033,0.337915,0.011754,1.0,0.0,0.0,0.638576,0.65033,1
5819.KL,19/1/2024,-0.460796,0.065196,0.408811,0.525993,0.0,0.5,0.5,0.491378,0.879534,2
5819.KL,19/1/2025,0.0,0.0,0.0,0.0,0.0,0.0,0.0,0.0,0.0,0
5819.KL,19/1/2026,-0.940271,0.016964,0.025801,0.957235,0.0,0.0,1.0,0.940271,0.957235,2
5819.KL,19/10/2020,0.0,0.0,0.0,0.0,0.0,0.0,0.0,0.0,0.0,0
5819.KL,19/10/2021,0.0,0.0,0.0,0.0,0.0,0.0,0.0,0.0,0.0,0
5819.KL,19/10/2022,0.0,0.0,0.0,0.0,0.0,0.0,0.0,0.0,0.0,0
5819.KL,19/10/2023,0.874131,0.923044,0.028044,0.048913,1.0,0.0,0.0,0.874131,0.923044,1
5819.KL,19/10/2024,0.0,0.0,0.0,0.0,0.0,0.0,0.0,0.0,0.0,0
5819.KL,19/10/2025,0.0,0.0,0.0,0.0,0.0,0.0,0.0,0.0,0.0,0
5819.KL,19/11/2020,0.214728,0.252914,0.7089,0.038186,1.0,0.0,0.0,0.214728,0.7089,1
5819.KL,19/11/2021,0.425726,0.592895,0.239936,0.167169,1.0,0.0,0.0,0.425726,0.592895,1
5819.KL,19/11/2022,0.0,0.0,0.0,0.0,0.0,0.0,0.0,0.0,0.0,0
5819.KL,19/11/2023,0.0,0.0,0.0,0.0,0.0,0.0,0.0,0.0,0.0,0
5819.KL,19/11/2024,0.906938,0.928352,0.050234,0.021414,1.0,0.0,0.0,0.906938,0.928352,2
5819.KL,19/11/2025,-0.77145,0.10095,0.02665,0.8724,0.0,0.0,1.0,0.77145,0.8724,1
5819.KL,19/12/2020,0.102838,0.115305,0.872228,0.012467,1.0,0.0,0.0,0.102838,0.872228,1
5819.KL,19/12/2021,0.74171,0.780149,0.181412,0.038439,1.0,0.0,0.0,0.74171,0.780149,1
5819.KL,19/12/2022,0.0,0.0,0.0,0.0,0.0,0.0,0.0,0.0,0.0,0
5819.KL,19/12/2023,0.0,0.0,0.0,0.0,0.0,0.0,0.0,0.0,0.0,0
5819.KL,19/12/2024,0.0,0.0,0.0,0.0,0.0,0.0,0.0,0.0,0.0,0
5819.KL,19/12/2025,0.299968,0.62927,0.041428,0.329302,0.5,0.0,0.5,0.628059,0.793315,2
5819.KL,19/2/2020,-0.870899,0.049262,0.030577,0.920161,0.0,0.0,1.0,0.870899,0.920161,1
5819.KL,19/2/2021,0.0,0.0,0.0,0.0,0.0,0.0,0.0,0.0,0.0,0
5819.KL,19/2/2022,0.0,0.0,0.0,0.0,0.0,0.0,0.0,0.0,0.0,0
5819.KL,19/2/2023,0.0,0.0,0.0,0.0,0.0,0.0,0.0,0.0,0.0,0
5819.KL,19/2/2024,0.482942,0.545925,0.391091,0.062983,0.5,0.5,0.0,0.482942,0.845973,2
5819.KL,19/2/2025,0.936161,0.953619,0.028923,0.017458,1.0,0.0,0.0,0.936161,0.953619,2
5819.KL,19/2/2026,0.894389,0.91246,0.069468,0.018072,1.0,0.0,0.0,0.894389,0.91246,1
5819.KL,19/3/2020,-0.815569,0.071287,0.041857,0.886856,0.0,0.0,1.0,0.815569,0.886856,1
5819.KL,19/3/2021,0.0,0.0,0.0,0.0,0.0,0.0,0.0,0.0,0.0,0
5819.KL,19/3/2022,0.0,0.0,0.0,0.0,0.0,0.0,0.0,0.0,0.0,0
5819.KL,19/3/2023,0.0,0.0,0.0,0.0,0.0,0.0,0.0,0.0,0.0,0
5819.KL,19/3/2024,0.137321,0.211602,0.714117,0.074281,1.0,0.0,0.0,0.137321,0.714117,1
5819.KL,19/3/2025,0.0,0.0,0.0,0.0,0.0,0.0,0.0,0.0,0.0,0
5819.KL,19/3/2026,0.885306,0.924684,0.035937,0.039378,1.0,0.0,0.0,0.885306,0.924684,1
5819.KL,19/4/2020,0.0,0.0,0.0,0.0,0.0,0.0,0.0,0.0,0.0,0
5819.KL,19/4/2021,0.0,0.0,0.0,0.0,0.0,0.0,0.0,0.0,0.0,0
5819.KL,19/4/2022,0.0,0.0,0.0,0.0,0.0,0.0,0.0,0.0,0.0,0
5819.KL,19/4/2023,0.795312,0.804562,0.186189,0.009249,1.0,0.0,0.0,0.795312,0.804562,1
5819.KL,19/4/2024,0.0,0.0,0.0,0.0,0.0,0.0,0.0,0.0,0.0,0
5819.KL,19/4/2025,0.0,0.0,0.0,0.0,0.0,0.0,0.0,0.0,0.0,0
5819.KL,19/5/2020,0.0,0.0,0.0,0.0,0.0,0.0,0.0,0.0,0.0,0
5819.KL,19/5/2021,0.0,0.0,0.0,0.0,0.0,0.0,0.0,0.0,0.0,0
5819.KL,19/5/2022,0.73511,0.741682,0.251747,0.006572,1.0,0.0,0.0,0.73511,0.741682,1
5819.KL,19/5/2023,-0.045463,0.068522,0.817494,0.113985,0.0,1.0,0.0,0.045463,0.817494,1
5819.KL,19/5/2024,0.0,0.0,0.0,0.0,0.0,0.0,0.0,0.0,0.0,0
5819.KL,19/5/2025,-0.24112,0.302546,0.153788,0.543666,0.333333,0.0,0.666667,0.591484,0.718848,3
5819.KL,19/6/2020,0.076478,0.093455,0.889567,0.016977,0.0,1.0,0.0,0.076478,0.889567,1
5819.KL,19/6/2021,0.0,0.0,0.0,0.0,0.0,0.0,0.0,0.0,0.0,0
5819.KL,19/6/2022,0.0,0.0,0.0,0.0,0.0,0.0,0.0,0.0,0.0,0
5819.KL,19/6/2023,0.675581,0.821659,0.032262,0.146079,1.0,0.0,0.0,0.675581,0.821659,1
5819.KL,19/6/2024,0.0,0.0,0.0,0.0,0.0,0.0,0.0,0.0,0.0,0
5819.KL,19/6/2025,0.0,0.0,0.0,0.0,0.0,0.0,0.0,0.0,0.0,0
5819.KL,19/7/2020,0.0,0.0,0.0,0.0,0.0,0.0,0.0,0.0,0.0,0
5819.KL,19/7/2021,0.048186,0.250739,0.546708,0.202553,0.0,1.0,0.0,0.048186,0.546708,1
5819.KL,19/7/2022,0.145396,0.153048,0.839301,0.007651,1.0,0.0,0.0,0.145396,0.839301,1
5819.KL,19/7/2023,0.923501,0.949324,0.024853,0.025823,1.0,0.0,0.0,0.923501,0.949324,1
5819.KL,19/7/2024,0.689577,0.702584,0.28441,0.013006,1.0,0.0,0.0,0.689577,0.894987,3
5819.KL,19/7/2025,0.0,0.0,0.0,0.0,0.0,0.0,0.0,0.0,0.0,0
5819.KL,19/8/2020,0.16973,0.538079,0.093571,0.368349,1.0,0.0,0.0,0.16973,0.538079,1
5819.KL,19/8/2021,0.0,0.0,0.0,0.0,0.0,0.0,0.0,0.0,0.0,0
5819.KL,19/8/2022,-0.672286,0.149284,0.029146,0.82157,0.0,0.0,1.0,0.672286,0.82157,1
5819.KL,19/8/2023,0.0,0.0,0.0,0.0,0.0,0.0,0.0,0.0,0.0,0
5819.KL,19/8/2024,0.462381,0.498015,0.466351,0.035634,0.5,0.5,0.0,0.468995,0.931366,2
5819.KL,19/8/2025,0.892514,0.906202,0.080111,0.013687,1.0,0.0,0.0,0.892514,0.906202,2
5819.KL,19/9/2020,0.0,0.0,0.0,0.0,0.0,0.0,0.0,0.0,0.0,0
5819.KL,19/9/2021,0.0,0.0,0.0,0.0,0.0,0.0,0.0,0.0,0.0,0
5819.KL,19/9/2022,0.0,0.0,0.0,0.0,0.0,0.0,0.0,0.0,0.0,0
5819.KL,19/9/2023,-0.041662,0.417962,0.122413,0.459624,0.5,0.0,0.5,0.832257,0.854922,2
5819.KL,19/9/2024,0.006536,0.331264,0.344009,0.324727,0.333333,0.333333,0.333333,0.556364,0.874246,3
5819.KL,19/9/2025,0.913786,0.932864,0.048058,0.019078,1.0,0.0,0.0,0.913786,0.932864,1
5819.KL,2/1/2020,0.0,0.0,0.0,0.0,0.0,0.0,0.0,0.0,0.0,0
5819.KL,2/1/2021,0.0,0.0,0.0,0.0,0.0,0.0,0.0,0.0,0.0,0
5819.KL,2/1/2022,0.0,0.0,0.0,0.0,0.0,0.0,0.0,0.0,0.0,0
5819.KL,2/1/2023,0.0,0.0,0.0,0.0,0.0,0.0,0.0,0.0,0.0,0
5819.KL,2/1/2024,0.0,0.0,0.0,0.0,0.0,0.0,0.0,0.0,0.0,0
5819.KL,2/1/2025,0.0,0.0,0.0,0.0,0.0,0.0,0.0,0.0,0.0,0
5819.KL,2/1/2026,0.0,0.0,0.0,0.0,0.0,0.0,0.0,0.0,0.0,0
5819.KL,2/10/2020,0.0,0.0,0.0,0.0,0.0,0.0,0.0,0.0,0.0,0
5819.KL,2/10/2021,0.0,0.0,0.0,0.0,0.0,0.0,0.0,0.0,0.0,0
5819.KL,2/10/2022,0.0,0.0,0.0,0.0,0.0,0.0,0.0,0.0,0.0,0
5819.KL,2/10/2023,-0.692772,0.03721,0.232807,0.729983,0.0,0.0,1.0,0.692772,0.729983,1
5819.KL,2/10/2024,0.031243,0.499735,0.031774,0.468491,0.0,1.0,0.0,0.031243,0.499735,1
5819.KL,2/10/2025,0.502797,0.712536,0.077725,0.209739,0.75,0.25,0.0,0.519457,0.720866,4
5819.KL,2/11/2020,0.0,0.0,0.0,0.0,0.0,0.0,0.0,0.0,0.0,0
5819.KL,2/11/2021,-0.105836,0.142139,0.609887,0.247974,0.5,0.0,0.5,0.225602,0.642853,2
5819.KL,2/11/2022,0.0,0.0,0.0,0.0,0.0,0.0,0.0,0.0,0.0,0
5819.KL,2/11/2023,0.0,0.0,0.0,0.0,0.0,0.0,0.0,0.0,0.0,0
5819.KL,2/11/2024,0.0,0.0,0.0,0.0,0.0,0.0,0.0,0.0,0.0,0
5819.KL,2/11/2025,0.0,0.0,0.0,0.0,0.0,0.0,0.0,0.0,0.0,0
5819.KL,2/12/2020,0.555588,0.623591,0.308406,0.068003,1.0,0.0,0.0,0.555588,0.870324,3
5819.KL,2/12/2021,-0.934761,0.02098,0.023278,0.955742,0.0,0.0,1.0,0.934761,0.955742,1
5819.KL,2/12/2022,-0.269086,0.080162,0.57059,0.349248,0.0,0.5,0.5,0.299828,0.8145,2
5819.KL,2/12/2023,0.0,0.0,0.0,0.0,0.0,0.0,0.0,0.0,0.0,0
5819.KL,2/12/2024,0.896085,0.910015,0.076055,0.01393,1.0,0.0,0.0,0.896085,0.910015,2
5819.KL,2/12/2025,0.886044,0.912996,0.060053,0.026952,1.0,0.0,0.0,0.886044,0.912996,2
5819.KL,2/2/2020,0.0,0.0,0.0,0.0,0.0,0.0,0.0,0.0,0.0,0
5819.KL,2/2/2021,0.0,0.0,0.0,0.0,0.0,0.0,0.0,0.0,0.0,0
5819.KL,2/2/2022,0.0,0.0,0.0,0.0,0.0,0.0,0.0,0.0,0.0,0
5819.KL,2/2/2023,0.0,0.0,0.0,0.0,0.0,0.0,0.0,0.0,0.0,0
5819.KL,2/2/2024,0.0,0.0,0.0,0.0,0.0,0.0,0.0,0.0,0.0,0
5819.KL,2/2/2025,0.0,0.0,0.0,0.0,0.0,0.0,0.0,0.0,0.0,0
5819.KL,2/2/2026,0.0,0.0,0.0,0.0,0.0,0.0,0.0,0.0,0.0,0
5819.KL,2/3/2020,0.0,0.0,0.0,0.0,0.0,0.0,0.0,0.0,0.0,0
5819.KL,2/3/2021,0.0,0.0,0.0,0.0,0.0,0.0,0.0,0.0,0.0,0
5819.KL,2/3/2022,0.0,0.0,0.0,0.0,0.0,0.0,0.0,0.0,0.0,0
5819.KL,2/3/2023,0.415391,0.615832,0.183726,0.200441,1.0,0.0,0.0,0.415391,0.615832,1
5819.KL,2/3/2024,0.0,0.0,0.0,0.0,0.0,0.0,0.0,0.0,0.0,0
5819.KL,2/3/2025,0.0,0.0,0.0,0.0,0.0,0.0,0.0,0.0,0.0,0
5819.KL,2/3/2026,-0.592312,0.028529,0.35063,0.620841,0.0,0.333333,0.666667,0.613445,0.929467,3
5819.KL,2/4/2020,0.0,0.0,0.0,0.0,0.0,0.0,0.0,0.0,0.0,0
5819.KL,2/4/2021,0.0,0.0,0.0,0.0,0.0,0.0,0.0,0.0,0.0,0
5819.KL,2/4/2022,0.0,0.0,0.0,0.0,0.0,0.0,0.0,0.0,0.0,0
5819.KL,2/4/2023,0.0,0.0,0.0,0.0,0.0,0.0,0.0,0.0,0.0,0
5819.KL,2/4/2024,0.732835,0.741767,0.249301,0.008932,1.0,0.0,0.0,0.732835,0.741767,2
5819.KL,2/4/2025,0.880428,0.927501,0.025425,0.047073,1.0,0.0,0.0,0.880428,0.927501,1
5819.KL,2/5/2020,0.0,0.0,0.0,0.0,0.0,0.0,0.0,0.0,0.0,0
5819.KL,2/5/2021,0.0,0.0,0.0,0.0,0.0,0.0,0.0,0.0,0.0,0
5819.KL,2/5/2022,0.0,0.0,0.0,0.0,0.0,0.0,0.0,0.0,0.0,0
5819.KL,2/5/2023,0.0,0.0,0.0,0.0,0.0,0.0,0.0,0.0,0.0,0
5819.KL,2/5/2024,0.681564,0.695501,0.290561,0.013938,1.0,0.0,0.0,0.681564,0.695501,1
5819.KL,2/5/2025,0.0,0.0,0.0,0.0,0.0,0.0,0.0,0.0,0.0,0
5819.KL,2/6/2020,0.0,0.0,0.0,0.0,0.0,0.0,0.0,0.0,0.0,0
5819.KL,2/6/2021,0.095452,0.391926,0.3116,0.296474,0.5,0.5,0.0,0.189905,0.540606,2
5819.KL,2/6/2022,0.786466,0.796334,0.193798,0.009868,1.0,0.0,0.0,0.786466,0.796334,1
5819.KL,2/6/2023,-0.594406,0.0237,0.358193,0.618107,0.0,0.0,1.0,0.594406,0.833932,2
5819.KL,2/6/2024,0.0,0.0,0.0,0.0,0.0,0.0,0.0,0.0,0.0,0
5819.KL,2/6/2025,0.0,0.0,0.0,0.0,0.0,0.0,0.0,0.0,0.0,0
5819.KL,2/7/2020,0.843611,0.877374,0.088863,0.033763,1.0,0.0,0.0,0.843611,0.877374,1
5819.KL,2/7/2021,0.0,0.0,0.0,0.0,0.0,0.0,0.0,0.0,0.0,0
5819.KL,2/7/2022,0.205923,0.215115,0.775693,0.009192,1.0,0.0,0.0,0.205923,0.775693,1
5819.KL,2/7/2023,0.29121,0.416539,0.458131,0.12533,1.0,0.0,0.0,0.29121,0.458131,1
5819.KL,2/7/2024,0.539224,0.601974,0.335275,0.062751,0.666667,0.333333,0.0,0.549268,0.904309,3
5819.KL,2/7/2025,0.0,0.0,0.0,0.0,0.0,0.0,0.0,0.0,0.0,0
5819.KL,2/8/2020,0.0,0.0,0.0,0.0,0.0,0.0,0.0,0.0,0.0,0
5819.KL,2/8/2021,0.0,0.0,0.0,0.0,0.0,0.0,0.0,0.0,0.0,0
5819.KL,2/8/2022,0.0,0.0,0.0,0.0,0.0,0.0,0.0,0.0,0.0,0
5819.KL,2/8/2023,0.0,0.0,0.0,0.0,0.0,0.0,0.0,0.0,0.0,0
5819.KL,2/8/2024,0.0,0.0,0.0,0.0,0.0,0.0,0.0,0.0,0.0,0
5819.KL,2/8/2025,0.0,0.0,0.0,0.0,0.0,0.0,0.0,0.0,0.0,0
5819.KL,2/9/2020,0.0,0.0,0.0,0.0,0.0,0.0,0.0,0.0,0.0,0
5819.KL,2/9/2021,0.0,0.0,0.0,0.0,0.0,0.0,0.0,0.0,0.0,0
5819.KL,2/9/2022,0.918428,0.937706,0.043016,0.019278,1.0,0.0,0.0,0.918428,0.937706,1
5819.KL,2/9/2023,0.0,0.0,0.0,0.0,0.0,0.0,0.0,0.0,0.0,0
5819.KL,2/9/2024,0.76813,0.827889,0.112353,0.059758,1.0,0.0,0.0,0.76813,0.827889,1
5819.KL,2/9/2025,-0.150088,0.303241,0.24343,0.453329,0.5,0.0,0.5,0.701801,0.888883,4
5819.KL,20/1/2020,-0.798468,0.060516,0.0805,0.858984,0.0,0.0,1.0,0.798468,0.858984,2
5819.KL,20/1/2021,0.0,0.0,0.0,0.0,0.0,0.0,0.0,0.0,0.0,0
5819.KL,20/1/2022,-0.922902,0.024938,0.027223,0.947839,0.0,0.0,1.0,0.922902,0.947839,1
5819.KL,20/1/2023,0.0,0.0,0.0,0.0,0.0,0.0,0.0,0.0,0.0,0
5819.KL,20/1/2024,0.0,0.0,0.0,0.0,0.0,0.0,0.0,0.0,0.0,0
5819.KL,20/1/2025,0.02985,0.042961,0.943927,0.013111,0.0,1.0,0.0,0.02985,0.943927,1
5819.KL,20/1/2026,-0.853517,0.059696,0.027091,0.913213,0.0,0.0,1.0,0.853517,0.913213,2
5819.KL,20/10/2020,0.225304,0.235498,0.754307,0.010194,1.0,0.0,0.0,0.225304,0.754307,1
5819.KL,20/10/2021,0.381196,0.618653,0.14389,0.237457,0.5,0.5,0.0,0.391596,0.623853,2
5819.KL,20/10/2022,0.282079,0.358485,0.565109,0.076406,0.5,0.5,0.0,0.282079,0.792561,2
5819.KL,20/10/2023,0.0,0.0,0.0,0.0,0.0,0.0,0.0,0.0,0.0,0
5819.KL,20/10/2024,0.0,0.0,0.0,0.0,0.0,0.0,0.0,0.0,0.0,0
5819.KL,20/10/2025,0.0,0.0,0.0,0.0,0.0,0.0,0.0,0.0,0.0,0
5819.KL,20/11/2020,0.0,0.0,0.0,0.0,0.0,0.0,0.0,0.0,0.0,0
5819.KL,20/11/2021,0.0,0.0,0.0,0.0,0.0,0.0,0.0,0.0,0.0,0
5819.KL,20/11/2022,0.0,0.0,0.0,0.0,0.0,0.0,0.0,0.0,0.0,0
5819.KL,20/11/2023,0.043709,0.055212,0.933285,0.011503,0.0,1.0,0.0,0.043709,0.933285,1
5819.KL,20/11/2024,0.931809,0.950591,0.030628,0.018781,1.0,0.0,0.0,0.931809,0.950591,1
5819.KL,20/11/2025,0.0,0.0,0.0,0.0,0.0,0.0,0.0,0.0,0.0,0
5819.KL,20/12/2020,0.0,0.0,0.0,0.0,0.0,0.0,0.0,0.0,0.0,0
5819.KL,20/12/2021,0.523318,0.58661,0.350097,0.063293,1.0,0.0,0.0,0.523318,0.600909,2
5819.KL,20/12/2022,0.0,0.0,0.0,0.0,0.0,0.0,0.0,0.0,0.0,0
5819.KL,20/12/2023,0.691791,0.760101,0.171588,0.06831,1.0,0.0,0.0,0.691791,0.760101,1
5819.KL,20/12/2024,-0.30951,0.163509,0.363472,0.473019,0.5,0.0,0.5,0.607137,0.805655,2
5819.KL,20/12/2025,0.0,0.0,0.0,0.0,0.0,0.0,0.0,0.0,0.0,0
5819.KL,20/2/2020,-0.216676,0.166233,0.450858,0.382909,0.0,0.5,0.5,0.31374,0.816769,2
5819.KL,20/2/2021,-0.904097,0.037155,0.021592,0.941252,0.0,0.0,1.0,0.904097,0.941252,1
5819.KL,20/2/2022,0.0,0.0,0.0,0.0,0.0,0.0,0.0,0.0,0.0,0
5819.KL,20/2/2023,0.0,0.0,0.0,0.0,0.0,0.0,0.0,0.0,0.0,0
5819.KL,20/2/2024,0.127868,0.138639,0.850589,0.010772,0.5,0.5,0.0,0.127868,0.850589,2
5819.KL,20/2/2025,0.0,0.0,0.0,0.0,0.0,0.0,0.0,0.0,0.0,0
5819.KL,20/2/2026,0.016056,0.493559,0.028938,0.477503,0.5,0.0,0.5,0.895628,0.933345,2
5819.KL,20/3/2020,0.866965,0.905508,0.055948,0.038544,1.0,0.0,0.0,0.866965,0.905508,3
5819.KL,20/3/2021,0.0,0.0,0.0,0.0,0.0,0.0,0.0,0.0,0.0,0
5819.KL,20/3/2022,0.0,0.0,0.0,0.0,0.0,0.0,0.0,0.0,0.0,0
5819.KL,20/3/2023,-0.439273,0.157536,0.245655,0.596809,0.0,0.0,1.0,0.439273,0.596809,1
5819.KL,20/3/2024,-0.76519,0.061314,0.112183,0.826504,0.0,0.0,1.0,0.76519,0.826504,1
5819.KL,20/3/2025,0.0,0.0,0.0,0.0,0.0,0.0,0.0,0.0,0.0,0
5819.KL,20/3/2026,-0.012726,0.477723,0.031829,0.490448,0.5,0.0,0.5,0.899182,0.933677,2
5819.KL,20/4/2020,0.0,0.0,0.0,0.0,0.0,0.0,0.0,0.0,0.0,0
5819.KL,20/4/2021,0.0,0.0,0.0,0.0,0.0,0.0,0.0,0.0,0.0,0
5819.KL,20/4/2022,0.0,0.0,0.0,0.0,0.0,0.0,0.0,0.0,0.0,0
5819.KL,20/4/2023,0.931848,0.94988,0.032089,0.018031,1.0,0.0,0.0,0.931848,0.94988,1
5819.KL,20/4/2024,0.0,0.0,0.0,0.0,0.0,0.0,0.0,0.0,0.0,0
5819.KL,20/4/2025,0.0,0.0,0.0,0.0,0.0,0.0,0.0,0.0,0.0,0
5819.KL,20/5/2020,0.813645,0.862598,0.088449,0.048953,1.0,0.0,0.0,0.813645,0.862598,1
5819.KL,20/5/2021,0.901537,0.936504,0.02853,0.034967,1.0,0.0,0.0,0.901537,0.936504,1
5819.KL,20/5/2022,0.836442,0.889825,0.056792,0.053383,1.0,0.0,0.0,0.836442,0.889825,1
5819.KL,20/5/2023,0.0,0.0,0.0,0.0,0.0,0.0,0.0,0.0,0.0,0
5819.KL,20/5/2024,0.0,0.0,0.0,0.0,0.0,0.0,0.0,0.0,0.0,0
5819.KL,20/5/2025,0.250561,0.605159,0.040242,0.354598,0.5,0.0,0.5,0.671285,0.815521,2
5819.KL,20/6/2020,0.0,0.0,0.0,0.0,0.0,0.0,0.0,0.0,0.0,0
5819.KL,20/6/2021,0.0,0.0,0.0,0.0,0.0,0.0,0.0,0.0,0.0,0
5819.KL,20/6/2022,-0.925394,0.022849,0.028907,0.948243,0.0,0.0,1.0,0.925394,0.948243,1
5819.KL,20/6/2023,0.0,0.0,0.0,0.0,0.0,0.0,0.0,0.0,0.0,0
5819.KL,20/6/2024,0.047016,0.505077,0.036863,0.458061,0.5,0.0,0.5,0.878493,0.920815,2
5819.KL,20/6/2025,0.909439,0.941884,0.025671,0.032445,1.0,0.0,0.0,0.909439,0.941884,1
5819.KL,20/7/2020,0.0,0.0,0.0,0.0,0.0,0.0,0.0,0.0,0.0,0
5819.KL,20/7/2021,0.0,0.0,0.0,0.0,0.0,0.0,0.0,0.0,0.0,0
5819.KL,20/7/2022,0.0,0.0,0.0,0.0,0.0,0.0,0.0,0.0,0.0,0
5819.KL,20/7/2023,0.0,0.0,0.0,0.0,0.0,0.0,0.0,0.0,0.0,0
5819.KL,20/7/2024,0.0,0.0,0.0,0.0,0.0,0.0,0.0,0.0,0.0,0
5819.KL,20/7/2025,0.0,0.0,0.0,0.0,0.0,0.0,0.0,0.0,0.0,0
5819.KL,20/8/2020,0.0,0.0,0.0,0.0,0.0,0.0,0.0,0.0,0.0,0
5819.KL,20/8/2021,-0.958914,0.010157,0.020771,0.969072,0.0,0.0,1.0,0.958914,0.969072,1
5819.KL,20/8/2022,0.845781,0.876684,0.092413,0.030903,1.0,0.0,0.0,0.845781,0.876684,1
5819.KL,20/8/2023,0.0,0.0,0.0,0.0,0.0,0.0,0.0,0.0,0.0,0
5819.KL,20/8/2024,0.89344,0.932293,0.028854,0.038853,1.0,0.0,0.0,0.89344,0.932293,1
5819.KL,20/8/2025,0.445449,0.455498,0.534453,0.010049,0.5,0.5,0.0,0.445449,0.906325,2
5819.KL,20/9/2020,0.219329,0.230815,0.757698,0.011486,1.0,0.0,0.0,0.219329,0.757698,1
5819.KL,20/9/2021,0.0,0.0,0.0,0.0,0.0,0.0,0.0,0.0,0.0,0
5819.KL,20/9/2022,0.786537,0.833562,0.119413,0.047025,1.0,0.0,0.0,0.786537,0.833562,1
5819.KL,20/9/2023,-0.041258,0.280744,0.397254,0.322002,0.25,0.25,0.5,0.499254,0.840663,4
5819.KL,20/9/2024,0.0,0.0,0.0,0.0,0.0,0.0,0.0,0.0,0.0,0
5819.KL,20/9/2025,0.0,0.0,0.0,0.0,0.0,0.0,0.0,0.0,0.0,0
5819.KL,21/1/2020,0.0,0.0,0.0,0.0,0.0,0.0,0.0,0.0,0.0,0
5819.KL,21/1/2021,0.0,0.0,0.0,0.0,0.0,0.0,0.0,0.0,0.0,0
5819.KL,21/1/2022,-0.571798,0.195154,0.037895,0.766952,0.0,0.0,1.0,0.571798,0.766952,1
5819.KL,21/1/2023,0.0,0.0,0.0,0.0,0.0,0.0,0.0,0.0,0.0,0
5819.KL,21/1/2024,0.0,0.0,0.0,0.0,0.0,0.0,0.0,0.0,0.0,0
5819.KL,21/1/2025,0.0,0.0,0.0,0.0,0.0,0.0,0.0,0.0,0.0,0
5819.KL,21/1/2026,-0.033446,0.471928,0.022698,0.505374,0.5,0.0,0.5,0.927539,0.952421,2
5819.KL,21/10/2020,0.0,0.0,0.0,0.0,0.0,0.0,0.0,0.0,0.0,0
5819.KL,21/10/2021,0.0,0.0,0.0,0.0,0.0,0.0,0.0,0.0,0.0,0
5819.KL,21/10/2022,0.0,0.0,0.0,0.0,0.0,0.0,0.0,0.0,0.0,0
5819.KL,21/10/2023,0.0,0.0,0.0,0.0,0.0,0.0,0.0,0.0,0.0,0
5819.KL,21/10/2024,0.0,0.0,0.0,0.0,0.0,0.0,0.0,0.0,0.0,0
5819.KL,21/10/2025,0.920606,0.947724,0.025158,0.027118,1.0,0.0,0.0,0.920606,0.947724,1
5819.KL,21/11/2020,0.0,0.0,0.0,0.0,0.0,0.0,0.0,0.0,0.0,0
5819.KL,21/11/2021,0.0,0.0,0.0,0.0,0.0,0.0,0.0,0.0,0.0,0
5819.KL,21/11/2022,0.707401,0.727216,0.25297,0.019814,1.0,0.0,0.0,0.707401,0.727216,1
5819.KL,21/11/2023,0.095506,0.104271,0.886965,0.008764,0.0,1.0,0.0,0.095506,0.886965,1
5819.KL,21/11/2024,0.91293,0.925207,0.062516,0.012277,1.0,0.0,0.0,0.91293,0.925207,1
5819.KL,21/11/2025,0.833953,0.842895,0.148162,0.008943,1.0,0.0,0.0,0.833953,0.842895,1
5819.KL,21/12/2020,-0.052621,0.033771,0.879837,0.086392,0.0,1.0,0.0,0.052621,0.879837,1
5819.KL,21/12/2021,0.0,0.0,0.0,0.0,0.0,0.0,0.0,0.0,0.0,0
5819.KL,21/12/2022,-0.604541,0.155666,0.084127,0.760207,0.0,0.0,1.0,0.604541,0.760207,3
5819.KL,21/12/2023,0.0,0.0,0.0,0.0,0.0,0.0,0.0,0.0,0.0,0
5819.KL,21/12/2024,0.89457,0.914312,0.065946,0.019742,1.0,0.0,0.0,0.89457,0.914312,1
5819.KL,21/12/2025,0.0,0.0,0.0,0.0,0.0,0.0,0.0,0.0,0.0,0
5819.KL,21/2/2020,-0.95713,0.010037,0.022797,0.967167,0.0,0.0,1.0,0.95713,0.967167,1
5819.KL,21/2/2021,0.0,0.0,0.0,0.0,0.0,0.0,0.0,0.0,0.0,0
5819.KL,21/2/2022,0.0,0.0,0.0,0.0,0.0,0.0,0.0,0.0,0.0,0
5819.KL,21/2/2023,0.0,0.0,0.0,0.0,0.0,0.0,0.0,0.0,0.0,0
5819.KL,21/2/2024,0.775775,0.798191,0.179392,0.022417,1.0,0.0,0.0,0.775775,0.798191,1
5819.KL,21/2/2025,0.0,0.0,0.0,0.0,0.0,0.0,0.0,0.0,0.0,0
5819.KL,21/2/2026,0.616032,0.754658,0.106717,0.138626,1.0,0.0,0.0,0.616032,0.754658,1
5819.KL,21/3/2020,0.0,0.0,0.0,0.0,0.0,0.0,0.0,0.0,0.0,0
5819.KL,21/3/2021,0.0,0.0,0.0,0.0,0.0,0.0,0.0,0.0,0.0,0
5819.KL,21/3/2022,0.0,0.0,0.0,0.0,0.0,0.0,0.0,0.0,0.0,0
5819.KL,21/3/2023,-0.952786,0.016518,0.014179,0.969303,0.0,0.0,1.0,0.952786,0.969303,1
5819.KL,21/3/2024,0.0,0.0,0.0,0.0,0.0,0.0,0.0,0.0,0.0,0
5819.KL,21/3/2025,0.364089,0.457722,0.448646,0.093632,1.0,0.0,0.0,0.364089,0.811822,2
5819.KL,21/4/2020,0.749696,0.845136,0.059423,0.09544,1.0,0.0,0.0,0.749696,0.845136,2
5819.KL,21/4/2021,0.0,0.0,0.0,0.0,0.0,0.0,0.0,0.0,0.0,0
5819.KL,21/4/2022,0.937432,0.952011,0.03341,0.014579,1.0,0.0,0.0,0.937432,0.952011,1
5819.KL,21/4/2023,0.0,0.0,0.0,0.0,0.0,0.0,0.0,0.0,0.0,0
5819.KL,21/4/2024,0.0,0.0,0.0,0.0,0.0,0.0,0.0,0.0,0.0,0
5819.KL,21/4/2025,0.0,0.0,0.0,0.0,0.0,0.0,0.0,0.0,0.0,0
5819.KL,21/5/2020,0.931402,0.949251,0.0329,0.017849,1.0,0.0,0.0,0.931402,0.949251,3
5819.KL,21/5/2021,-0.958841,0.008657,0.023846,0.967497,0.0,0.0,1.0,0.958841,0.967497,1
5819.KL,21/5/2022,0.0,0.0,0.0,0.0,0.0,0.0,0.0,0.0,0.0,0
5819.KL,21/5/2023,0.0,0.0,0.0,0.0,0.0,0.0,0.0,0.0,0.0,0
5819.KL,21/5/2024,0.575139,0.594965,0.385209,0.019826,0.75,0.25,0.0,0.575139,0.820047,4
5819.KL,21/5/2025,0.511632,0.704691,0.10225,0.193059,1.0,0.0,0.0,0.511632,0.704691,1
5819.KL,21/6/2020,0.0,0.0,0.0,0.0,0.0,0.0,0.0,0.0,0.0,0
5819.KL,21/6/2021,0.0,0.0,0.0,0.0,0.0,0.0,0.0,0.0,0.0,0
5819.KL,21/6/2022,0.414915,0.642934,0.129047,0.228019,0.666667,0.0,0.333333,0.758313,0.814633,3
5819.KL,21/6/2023,0.0,0.0,0.0,0.0,0.0,0.0,0.0,0.0,0.0,0
5819.KL,21/6/2024,-0.773315,0.103986,0.018713,0.877301,0.0,0.0,1.0,0.773315,0.877301,1
5819.KL,21/6/2025,0.031589,0.050655,0.930279,0.019066,0.0,1.0,0.0,0.031589,0.930279,1
5819.KL,21/7/2020,0.781296,0.801911,0.177474,0.020615,1.0,0.0,0.0,0.781296,0.801911,1
5819.KL,21/7/2021,0.0,0.0,0.0,0.0,0.0,0.0,0.0,0.0,0.0,0
5819.KL,21/7/2022,-0.199226,0.059622,0.68153,0.258848,0.0,0.0,1.0,0.199226,0.68153,1
5819.KL,21/7/2023,0.936403,0.946543,0.043317,0.01014,1.0,0.0,0.0,0.936403,0.946543,1
5819.KL,21/7/2024,0.0,0.0,0.0,0.0,0.0,0.0,0.0,0.0,0.0,0
5819.KL,21/7/2025,0.895722,0.910829,0.074065,0.015106,1.0,0.0,0.0,0.895722,0.910829,2
5819.KL,21/8/2020,0.0,0.0,0.0,0.0,0.0,0.0,0.0,0.0,0.0,0
5819.KL,21/8/2021,0.0,0.0,0.0,0.0,0.0,0.0,0.0,0.0,0.0,0
5819.KL,21/8/2022,0.0,0.0,0.0,0.0,0.0,0.0,0.0,0.0,0.0,0
5819.KL,21/8/2023,0.0,0.0,0.0,0.0,0.0,0.0,0.0,0.0,0.0,0
5819.KL,21/8/2024,-0.792235,0.043095,0.121575,0.83533,0.0,0.0,1.0,0.792235,0.83533,1
5819.KL,21/8/2025,0.0,0.0,0.0,0.0,0.0,0.0,0.0,0.0,0.0,0
5819.KL,21/9/2020,0.0,0.0,0.0,0.0,0.0,0.0,0.0,0.0,0.0,0
5819.KL,21/9/2021,0.0,0.0,0.0,0.0,0.0,0.0,0.0,0.0,0.0,0
5819.KL,21/9/2022,-0.92062,0.021316,0.036747,0.941937,0.0,0.0,1.0,0.92062,0.941937,1
5819.KL,21/9/2023,0.0,0.0,0.0,0.0,0.0,0.0,0.0,0.0,0.0,0
5819.KL,21/9/2024,0.914092,0.943623,0.026846,0.029531,1.0,0.0,0.0,0.914092,0.943623,1
5819.KL,21/9/2025,0.0,0.0,0.0,0.0,0.0,0.0,0.0,0.0,0.0,0
5819.KL,22/1/2020,-0.248684,0.342093,0.06713,0.590777,0.0,0.0,1.0,0.248684,0.590777,1
5819.KL,22/1/2021,-0.941734,0.016179,0.025909,0.957912,0.0,0.0,1.0,0.941734,0.957912,1
5819.KL,22/1/2022,0.0,0.0,0.0,0.0,0.0,0.0,0.0,0.0,0.0,0
5819.KL,22/1/2023,0.0,0.0,0.0,0.0,0.0,0.0,0.0,0.0,0.0,0
5819.KL,22/1/2024,0.0,0.0,0.0,0.0,0.0,0.0,0.0,0.0,0.0,0
5819.KL,22/1/2025,-0.007486,0.019805,0.952903,0.027292,0.0,1.0,0.0,0.007486,0.952903,1
5819.KL,22/1/2026,0.272777,0.448934,0.374909,0.176157,1.0,0.0,0.0,0.272777,0.448934,1
5819.KL,22/10/2020,0.193616,0.577974,0.037667,0.384358,1.0,0.0,0.0,0.193616,0.577974,1
5819.KL,22/10/2021,0.474299,0.528029,0.418241,0.05373,1.0,0.0,0.0,0.474299,0.528029,1
5819.KL,22/10/2022,0.0,0.0,0.0,0.0,0.0,0.0,0.0,0.0,0.0,0
5819.KL,22/10/2023,0.0,0.0,0.0,0.0,0.0,0.0,0.0,0.0,0.0,0
5819.KL,22/10/2024,-0.804985,0.088882,0.017251,0.893867,0.0,0.0,1.0,0.804985,0.893867,1
5819.KL,22/10/2025,-0.897756,0.041225,0.019794,0.938981,0.0,0.0,1.0,0.897756,0.938981,1
5819.KL,22/11/2020,0.0,0.0,0.0,0.0,0.0,0.0,0.0,0.0,0.0,0
5819.KL,22/11/2021,0.728626,0.771492,0.185643,0.042865,1.0,0.0,0.0,0.728626,0.771492,1
5819.KL,22/11/2022,-0.850444,0.054876,0.039803,0.90532,0.0,0.0,1.0,0.850444,0.90532,3
5819.KL,22/11/2023,0.0,0.0,0.0,0.0,0.0,0.0,0.0,0.0,0.0,0
5819.KL,22/11/2024,0.0,0.0,0.0,0.0,0.0,0.0,0.0,0.0,0.0,0
5819.KL,22/11/2025,-0.614097,0.177003,0.031896,0.791101,0.0,0.0,1.0,0.614097,0.791101,1
5819.KL,22/12/2020,0.0,0.0,0.0,0.0,0.0,0.0,0.0,0.0,0.0,0
5819.KL,22/12/2021,0.317781,0.474025,0.369731,0.156244,0.5,0.0,0.5,0.56691,0.787595,2
5819.KL,22/12/2022,0.549397,0.748117,0.053162,0.19872,1.0,0.0,0.0,0.549397,0.748117,2
5819.KL,22/12/2023,0.756508,0.765757,0.224993,0.00925,1.0,0.0,0.0,0.756508,0.765757,1
5819.KL,22/12/2024,0.0,0.0,0.0,0.0,0.0,0.0,0.0,0.0,0.0,0
5819.KL,22/12/2025,0.0,0.0,0.0,0.0,0.0,0.0,0.0,0.0,0.0,0
5819.KL,22/2/2020,0.0,0.0,0.0,0.0,0.0,0.0,0.0,0.0,0.0,0
5819.KL,22/2/2021,0.331811,0.338852,0.654107,0.007041,1.0,0.0,0.0,0.331811,0.654107,1
5819.KL,22/2/2022,-0.021551,0.469364,0.039721,0.490915,0.5,0.0,0.5,0.909337,0.934808,2
5819.KL,22/2/2023,0.931243,0.948503,0.034237,0.01726,1.0,0.0,0.0,0.931243,0.948503,1
5819.KL,22/2/2024,0.084582,0.093897,0.896788,0.009315,0.0,1.0,0.0,0.084582,0.896788,1
5819.KL,22/2/2025,0.334263,0.583416,0.16743,0.249154,1.0,0.0,0.0,0.334263,0.583416,1
5819.KL,22/2/2026,0.913034,0.941438,0.030158,0.028404,1.0,0.0,0.0,0.913034,0.941438,1
5819.KL,22/3/2020,0.0,0.0,0.0,0.0,0.0,0.0,0.0,0.0,0.0,0
5819.KL,22/3/2021,0.0,0.0,0.0,0.0,0.0,0.0,0.0,0.0,0.0,0
5819.KL,22/3/2022,-0.379299,0.232129,0.156443,0.611428,0.0,0.0,1.0,0.379299,0.611428,2
5819.KL,22/3/2023,-0.36913,0.069794,0.491282,0.438924,0.5,0.0,0.5,0.479739,0.865659,2
5819.KL,22/3/2024,0.833766,0.842395,0.148975,0.008629,1.0,0.0,0.0,0.833766,0.842395,1
5819.KL,22/3/2025,0.0,0.0,0.0,0.0,0.0,0.0,0.0,0.0,0.0,0
5819.KL,22/4/2020,-0.934396,0.011807,0.041989,0.946204,0.0,0.0,1.0,0.934396,0.946204,1
5819.KL,22/4/2021,-0.321593,0.225907,0.226594,0.547499,0.0,0.0,1.0,0.321593,0.547499,1
5819.KL,22/4/2022,0.0,0.0,0.0,0.0,0.0,0.0,0.0,0.0,0.0,0
5819.KL,22/4/2023,0.0,0.0,0.0,0.0,0.0,0.0,0.0,0.0,0.0,0
5819.KL,22/4/2024,0.0,0.0,0.0,0.0,0.0,0.0,0.0,0.0,0.0,0
5819.KL,22/4/2025,0.78576,0.79277,0.20022,0.00701,1.0,0.0,0.0,0.78576,0.79277,1
5819.KL,22/5/2020,0.869724,0.915535,0.038655,0.045811,1.0,0.0,0.0,0.869724,0.915535,1
5819.KL,22/5/2021,0.0,0.0,0.0,0.0,0.0,0.0,0.0,0.0,0.0,0
5819.KL,22/5/2022,0.0,0.0,0.0,0.0,0.0,0.0,0.0,0.0,0.0,0
5819.KL,22/5/2023,-0.001699,0.476011,0.046279,0.47771,0.5,0.0,0.5,0.914773,0.934247,2
5819.KL,22/5/2024,-0.956869,0.013339,0.016454,0.970208,0.0,0.0,1.0,0.956869,0.970208,1
5819.KL,22/5/2025,-0.036766,0.384131,0.194972,0.420897,0.6,0.0,0.4,0.6167,0.827532,5
5819.KL,22/6/2020,0.513453,0.717214,0.079025,0.203761,1.0,0.0,0.0,0.513453,0.717214,1
5819.KL,22/6/2021,0.395021,0.437244,0.520533,0.042223,1.0,0.0,0.0,0.395021,0.520533,1
5819.KL,22/6/2022,0.62571,0.633986,0.357737,0.008276,1.0,0.0,0.0,0.62571,0.633986,1
5819.KL,22/6/2023,-0.04187,0.241864,0.474402,0.283734,0.0,0.5,0.5,0.075618,0.733439,2
5819.KL,22/6/2024,0.0,0.0,0.0,0.0,0.0,0.0,0.0,0.0,0.0,0
5819.KL,22/6/2025,0.0,0.0,0.0,0.0,0.0,0.0,0.0,0.0,0.0,0
5819.KL,22/7/2020,0.672539,0.726726,0.219087,0.054187,1.0,0.0,0.0,0.672539,0.726726,1
5819.KL,22/7/2021,0.0,0.0,0.0,0.0,0.0,0.0,0.0,0.0,0.0,0
5819.KL,22/7/2022,0.817021,0.864964,0.087093,0.047943,1.0,0.0,0.0,0.817021,0.864964,1
5819.KL,22/7/2023,0.0,0.0,0.0,0.0,0.0,0.0,0.0,0.0,0.0,0
5819.KL,22/7/2024,0.929545,0.949356,0.030834,0.01981,1.0,0.0,0.0,0.929545,0.949356,1
5819.KL,22/7/2025,0.0,0.0,0.0,0.0,0.0,0.0,0.0,0.0,0.0,0
5819.KL,22/8/2020,0.068297,0.155744,0.756808,0.087448,0.0,1.0,0.0,0.068297,0.756808,1
5819.KL,22/8/2021,0.0,0.0,0.0,0.0,0.0,0.0,0.0,0.0,0.0,0
5819.KL,22/8/2022,0.280044,0.459265,0.361514,0.179221,1.0,0.0,0.0,0.280044,0.459265,1
5819.KL,22/8/2023,-0.901464,0.031215,0.036106,0.932679,0.0,0.0,1.0,0.901464,0.932679,1
5819.KL,22/8/2024,-0.954151,0.011905,0.02204,0.966055,0.0,0.0,1.0,0.954151,0.966055,1
5819.KL,22/8/2025,0.0,0.0,0.0,0.0,0.0,0.0,0.0,0.0,0.0,0
5819.KL,22/9/2020,0.852169,0.89411,0.063948,0.041941,1.0,0.0,0.0,0.852169,0.89411,1
5819.KL,22/9/2021,0.0,0.0,0.0,0.0,0.0,0.0,0.0,0.0,0.0,0
5819.KL,22/9/2022,-0.925994,0.020626,0.032753,0.94662,0.0,0.0,1.0,0.925994,0.94662,2
5819.KL,22/9/2023,0.587675,0.59715,0.393374,0.009475,1.0,0.0,0.0,0.587675,0.725891,2
5819.KL,22/9/2024,0.0,0.0,0.0,0.0,0.0,0.0,0.0,0.0,0.0,0
5819.KL,22/9/2025,0.0,0.0,0.0,0.0,0.0,0.0,0.0,0.0,0.0,0
5819.KL,23/1/2020,-0.232088,0.088047,0.591817,0.320136,0.5,0.166667,0.333333,0.378644,0.89204,6
5819.KL,23/1/2021,0.0,0.0,0.0,0.0,0.0,0.0,0.0,0.0,0.0,0
5819.KL,23/1/2022,0.0,0.0,0.0,0.0,0.0,0.0,0.0,0.0,0.0,0
5819.KL,23/1/2023,0.0,0.0,0.0,0.0,0.0,0.0,0.0,0.0,0.0,0
5819.KL,23/1/2024,0.817369,0.891145,0.03508,0.073775,1.0,0.0,0.0,0.817369,0.891145,1
5819.KL,23/1/2025,0.849421,0.900791,0.047839,0.05137,1.0,0.0,0.0,0.849421,0.900791,2
5819.KL,23/1/2026,-0.037494,0.350017,0.262472,0.387511,0.5,0.0,0.5,0.402986,0.570257,2
5819.KL,23/10/2020,0.0,0.0,0.0,0.0,0.0,0.0,0.0,0.0,0.0,0
5819.KL,23/10/2021,0.0,0.0,0.0,0.0,0.0,0.0,0.0,0.0,0.0,0
5819.KL,23/10/2022,0.0,0.0,0.0,0.0,0.0,0.0,0.0,0.0,0.0,0
5819.KL,23/10/2023,0.857472,0.913633,0.030205,0.056161,1.0,0.0,0.0,0.857472,0.913633,1
5819.KL,23/10/2024,-0.454313,0.091113,0.363461,0.545426,0.0,0.0,1.0,0.454313,0.545426,1
5819.KL,23/10/2025,-0.327896,0.16049,0.351123,0.488387,0.5,0.0,0.5,0.619902,0.828538,2
5819.KL,23/11/2020,0.830937,0.843344,0.144248,0.012408,1.0,0.0,0.0,0.830937,0.843344,1
5819.KL,23/11/2021,0.0,0.0,0.0,0.0,0.0,0.0,0.0,0.0,0.0,0
5819.KL,23/11/2022,-0.675777,0.144291,0.035642,0.820067,0.0,0.0,1.0,0.675777,0.820067,2
5819.KL,23/11/2023,0.0,0.0,0.0,0.0,0.0,0.0,0.0,0.0,0.0,0
5819.KL,23/11/2024,0.0,0.0,0.0,0.0,0.0,0.0,0.0,0.0,0.0,0
5819.KL,23/11/2025,0.0,0.0,0.0,0.0,0.0,0.0,0.0,0.0,0.0,0
5819.KL,23/12/2020,-0.897451,0.026977,0.048595,0.924428,0.0,0.0,1.0,0.897451,0.924428,2
5819.KL,23/12/2021,0.0,0.0,0.0,0.0,0.0,0.0,0.0,0.0,0.0,0
5819.KL,23/12/2022,0.850092,0.874798,0.100497,0.024705,1.0,0.0,0.0,0.850092,0.874798,2
5819.KL,23/12/2023,0.904346,0.915328,0.073691,0.010982,1.0,0.0,0.0,0.904346,0.915328,1
5819.KL,23/12/2024,0.094524,0.104236,0.886053,0.009711,0.0,1.0,0.0,0.094524,0.886053,1
5819.KL,23/12/2025,0.0,0.0,0.0,0.0,0.0,0.0,0.0,0.0,0.0,0
5819.KL,23/2/2020,0.0,0.0,0.0,0.0,0.0,0.0,0.0,0.0,0.0,0
5819.KL,23/2/2021,0.0,0.0,0.0,0.0,0.0,0.0,0.0,0.0,0.0,0
5819.KL,23/2/2022,0.0,0.0,0.0,0.0,0.0,0.0,0.0,0.0,0.0,0
5819.KL,23/2/2023,0.911367,0.930044,0.051279,0.018677,1.0,0.0,0.0,0.911367,0.930044,1
5819.KL,23/2/2024,-0.523493,0.105011,0.266485,0.628504,0.0,0.0,1.0,0.523493,0.797166,3
5819.KL,23/2/2025,0.0,0.0,0.0,0.0,0.0,0.0,0.0,0.0,0.0,0
5819.KL,23/2/2026,0.546083,0.734359,0.077365,0.188276,1.0,0.0,0.0,0.546083,0.734359,1
5819.KL,23/3/2020,0.0,0.0,0.0,0.0,0.0,0.0,0.0,0.0,0.0,0
5819.KL,23/3/2021,0.173131,0.556122,0.060886,0.382991,0.5,0.0,0.5,0.673065,0.80609,2
5819.KL,23/3/2022,0.894077,0.913369,0.06734,0.019291,1.0,0.0,0.0,0.894077,0.913369,2
5819.KL,23/3/2023,-0.513519,0.183544,0.119393,0.697063,0.0,0.0,1.0,0.513519,0.697063,1
5819.KL,23/3/2024,0.0,0.0,0.0,0.0,0.0,0.0,0.0,0.0,0.0,0
5819.KL,23/3/2025,0.0,0.0,0.0,0.0,0.0,0.0,0.0,0.0,0.0,0
5819.KL,23/4/2020,0.0,0.0,0.0,0.0,0.0,0.0,0.0,0.0,0.0,0
5819.KL,23/4/2021,0.0,0.0,0.0,0.0,0.0,0.0,0.0,0.0,0.0,0
5819.KL,23/4/2022,-0.346686,0.024377,0.60456,0.371063,0.0,0.0,1.0,0.346686,0.60456,1
5819.KL,23/4/2023,0.0,0.0,0.0,0.0,0.0,0.0,0.0,0.0,0.0,0
5819.KL,23/4/2024,0.0,0.0,0.0,0.0,0.0,0.0,0.0,0.0,0.0,0
5819.KL,23/4/2025,0.34143,0.576148,0.189133,0.234719,0.666667,0.166667,0.166667,0.658935,0.874403,6
5819.KL,23/5/2020,0.927384,0.94582,0.035745,0.018436,1.0,0.0,0.0,0.927384,0.94582,1
5819.KL,23/5/2021,0.0,0.0,0.0,0.0,0.0,0.0,0.0,0.0,0.0,0
5819.KL,23/5/2022,0.119316,0.457131,0.205053,0.337816,0.5,0.0,0.5,0.718133,0.75654,2
5819.KL,23/5/2023,-0.009274,0.207823,0.57508,0.217097,0.0,0.5,0.5,0.099394,0.652123,2
5819.KL,23/5/2024,0.906895,0.931337,0.044222,0.024441,1.0,0.0,0.0,0.906895,0.931337,3
5819.KL,23/5/2025,0.842279,0.849424,0.143431,0.007145,1.0,0.0,0.0,0.842279,0.849424,2
5819.KL,23/6/2020,0.0,0.0,0.0,0.0,0.0,0.0,0.0,0.0,0.0,0
5819.KL,23/6/2021,0.0,0.0,0.0,0.0,0.0,0.0,0.0,0.0,0.0,0
5819.KL,23/6/2022,-0.064345,0.450665,0.034325,0.51501,0.5,0.0,0.5,0.890195,0.927935,2
5819.KL,23/6/2023,0.241749,0.471987,0.297776,0.230238,0.666667,0.0,0.333333,0.480349,0.8128,3
5819.KL,23/6/2024,0.0,0.0,0.0,0.0,0.0,0.0,0.0,0.0,0.0,0
5819.KL,23/6/2025,0.033818,0.047354,0.93911,0.013536,0.0,1.0,0.0,0.033818,0.93911,1
5819.KL,23/7/2020,0.596855,0.665366,0.266124,0.06851,0.666667,0.333333,0.0,0.609503,0.86206,3
5819.KL,23/7/2021,0.0,0.0,0.0,0.0,0.0,0.0,0.0,0.0,0.0,0
5819.KL,23/7/2022,0.0,0.0,0.0,0.0,0.0,0.0,0.0,0.0,0.0,0
5819.KL,23/7/2023,0.0,0.0,0.0,0.0,0.0,0.0,0.0,0.0,0.0,0
5819.KL,23/7/2024,0.031706,0.501841,0.028023,0.470136,0.5,0.0,0.5,0.893614,0.932796,2
5819.KL,23/7/2025,0.870511,0.89174,0.08703,0.02123,1.0,0.0,0.0,0.870511,0.89174,2
5819.KL,23/8/2020,0.0,0.0,0.0,0.0,0.0,0.0,0.0,0.0,0.0,0
5819.KL,23/8/2021,0.915799,0.940559,0.034681,0.02476,1.0,0.0,0.0,0.915799,0.940559,1
5819.KL,23/8/2022,-0.24262,0.35654,0.0443,0.59916,0.5,0.0,0.5,0.641541,0.79862,2
5819.KL,23/8/2023,0.834529,0.842761,0.149007,0.008232,1.0,0.0,0.0,0.834529,0.842761,1
5819.KL,23/8/2024,0.240035,0.602618,0.034798,0.362584,1.0,0.0,0.0,0.240035,0.602618,1
5819.KL,23/8/2025,0.0,0.0,0.0,0.0,0.0,0.0,0.0,0.0,0.0,0
5819.KL,23/9/2020,0.822247,0.830866,0.160515,0.008619,1.0,0.0,0.0,0.822247,0.830866,1
5819.KL,23/9/2021,0.0,0.0,0.0,0.0,0.0,0.0,0.0,0.0,0.0,0
5819.KL,23/9/2022,-0.406211,0.274906,0.043977,0.681117,0.0,0.0,1.0,0.406211,0.681117,1
5819.KL,23/9/2023,0.0,0.0,0.0,0.0,0.0,0.0,0.0,0.0,0.0,0
5819.KL,23/9/2024,0.305883,0.634774,0.036335,0.328891,0.666667,0.0,0.333333,0.911093,0.937379,3
5819.KL,23/9/2025,0.0,0.0,0.0,0.0,0.0,0.0,0.0,0.0,0.0,0
5819.KL,24/1/2020,0.0,0.0,0.0,0.0,0.0,0.0,0.0,0.0,0.0,0
5819.KL,24/1/2021,0.0,0.0,0.0,0.0,0.0,0.0,0.0,0.0,0.0,0
5819.KL,24/1/2022,-0.952286,0.013674,0.020366,0.96596,0.0,0.0,1.0,0.952286,0.96596,1
5819.KL,24/1/2023,0.0,0.0,0.0,0.0,0.0,0.0,0.0,0.0,0.0,0
5819.KL,24/1/2024,0.480249,0.647714,0.184822,0.167464,1.0,0.0,0.0,0.480249,0.647714,1
5819.KL,24/1/2025,0.0,0.0,0.0,0.0,0.0,0.0,0.0,0.0,0.0,0
5819.KL,24/1/2026,0.760509,0.86185,0.036809,0.101341,1.0,0.0,0.0,0.760509,0.86185,1
5819.KL,24/10/2020,-0.949778,0.013508,0.023206,0.963286,0.0,0.0,1.0,0.949778,0.963286,1
5819.KL,24/10/2021,0.0,0.0,0.0,0.0,0.0,0.0,0.0,0.0,0.0,0
5819.KL,24/10/2022,0.0,0.0,0.0,0.0,0.0,0.0,0.0,0.0,0.0,0
5819.KL,24/10/2023,-0.626267,0.149667,0.074399,0.775934,0.0,0.0,1.0,0.626267,0.775934,1
5819.KL,24/10/2024,-0.014779,0.479951,0.025319,0.49473,0.5,0.0,0.5,0.928808,0.951744,2
5819.KL,24/10/2025,0.32484,0.590233,0.144375,0.265392,0.5,0.5,0.0,0.365363,0.610494,2
5819.KL,24/11/2020,0.0,0.0,0.0,0.0,0.0,0.0,0.0,0.0,0.0,0
5819.KL,24/11/2021,0.422927,0.477832,0.467263,0.054905,0.5,0.5,0.0,0.422927,0.900087,2
5819.KL,24/11/2022,0.033258,0.416976,0.199306,0.383718,0.5,0.0,0.5,0.601595,0.767253,4
5819.KL,24/11/2023,0.0,0.0,0.0,0.0,0.0,0.0,0.0,0.0,0.0,0
5819.KL,24/11/2024,0.0,0.0,0.0,0.0,0.0,0.0,0.0,0.0,0.0,0
5819.KL,24/11/2025,0.527175,0.552791,0.421592,0.025616,1.0,0.0,0.0,0.527175,0.552791,1
5819.KL,24/12/2020,0.0,0.0,0.0,0.0,0.0,0.0,0.0,0.0,0.0,0
5819.KL,24/12/2021,-0.949406,0.011263,0.028068,0.960669,0.0,0.0,1.0,0.949406,0.960669,1
5819.KL,24/12/2022,0.0,0.0,0.0,0.0,0.0,0.0,0.0,0.0,0.0,0
5819.KL,24/12/2023,0.0,0.0,0.0,0.0,0.0,0.0,0.0,0.0,0.0,0
5819.KL,24/12/2024,0.753097,0.8389,0.075298,0.085802,1.0,0.0,0.0,0.753097,0.8389,2
5819.KL,24/12/2025,0.883912,0.925415,0.033081,0.041503,1.0,0.0,0.0,0.883912,0.925415,1
5819.KL,24/2/2020,0.0,0.0,0.0,0.0,0.0,0.0,0.0,0.0,0.0,0
5819.KL,24/2/2021,-0.959912,0.008207,0.023673,0.96812,0.0,0.0,1.0,0.959912,0.96812,1
5819.KL,24/2/2022,-0.42676,0.057848,0.457544,0.484608,0.0,0.5,0.5,0.488709,0.916647,2
5819.KL,24/2/2023,0.0,0.0,0.0,0.0,0.0,0.0,0.0,0.0,0.0,0
5819.KL,24/2/2024,0.0,0.0,0.0,0.0,0.0,0.0,0.0,0.0,0.0,0
5819.KL,24/2/2025,0.212052,0.284814,0.642424,0.072762,0.666667,0.333333,0.0,0.269893,0.731673,3
5819.KL,24/2/2026,0.0,0.0,0.0,0.0,0.0,0.0,0.0,0.0,0.0,0
5819.KL,24/3/2020,0.023336,0.374725,0.273886,0.351389,0.666667,0.0,0.333333,0.656402,0.855368,3
5819.KL,24/3/2021,-0.916711,0.014925,0.053439,0.931636,0.0,0.0,1.0,0.916711,0.931636,1
5819.KL,24/3/2022,-0.546144,0.19854,0.056775,0.744684,0.0,0.0,1.0,0.546144,0.744684,1
5819.KL,24/3/2023,0.932578,0.952944,0.02669,0.020366,1.0,0.0,0.0,0.932578,0.952944,1
5819.KL,24/3/2024,0.0,0.0,0.0,0.0,0.0,0.0,0.0,0.0,0.0,0
5819.KL,24/3/2025,0.0,0.0,0.0,0.0,0.0,0.0,0.0,0.0,0.0,0
5819.KL,24/4/2020,-0.934816,0.019965,0.025253,0.954782,0.0,0.0,1.0,0.934816,0.954782,1
5819.KL,24/4/2021,0.0,0.0,0.0,0.0,0.0,0.0,0.0,0.0,0.0,0
5819.KL,24/4/2022,0.0,0.0,0.0,0.0,0.0,0.0,0.0,0.0,0.0,0
5819.KL,24/4/2023,0.0,0.0,0.0,0.0,0.0,0.0,0.0,0.0,0.0,0
5819.KL,24/4/2024,0.173204,0.180149,0.812905,0.006946,1.0,0.0,0.0,0.173204,0.812905,1
5819.KL,24/4/2025,0.0,0.0,0.0,0.0,0.0,0.0,0.0,0.0,0.0,0
5819.KL,24/5/2020,0.0,0.0,0.0,0.0,0.0,0.0,0.0,0.0,0.0,0
5819.KL,24/5/2021,0.0,0.0,0.0,0.0,0.0,0.0,0.0,0.0,0.0,0
5819.KL,24/5/2022,-0.03137,0.457613,0.053404,0.488983,0.5,0.0,0.5,0.902911,0.924753,2
5819.KL,24/5/2023,0.0,0.0,0.0,0.0,0.0,0.0,0.0,0.0,0.0,0
5819.KL,24/5/2024,0.556249,0.564257,0.427735,0.008008,1.0,0.0,0.0,0.556249,0.636948,2
5819.KL,24/5/2025,0.0,0.0,0.0,0.0,0.0,0.0,0.0,0.0,0.0,0
5819.KL,24/6/2020,-0.651355,0.143865,0.060914,0.795221,0.0,0.0,1.0,0.651355,0.795221,1
5819.KL,24/6/2021,0.0,0.0,0.0,0.0,0.0,0.0,0.0,0.0,0.0,0
5819.KL,24/6/2022,0.097064,0.156272,0.78452,0.059208,0.0,1.0,0.0,0.097064,0.78452,1
5819.KL,24/6/2023,0.0,0.0,0.0,0.0,0.0,0.0,0.0,0.0,0.0,0
5819.KL,24/6/2024,-0.849924,0.067055,0.015965,0.916979,0.0,0.0,1.0,0.849924,0.916979,1
5819.KL,24/6/2025,0.0,0.0,0.0,0.0,0.0,0.0,0.0,0.0,0.0,0
5819.KL,24/7/2020,-0.409261,0.263167,0.064405,0.672428,0.0,0.0,1.0,0.409261,0.672428,1
5819.KL,24/7/2021,0.0,0.0,0.0,0.0,0.0,0.0,0.0,0.0,0.0,0
5819.KL,24/7/2022,0.0,0.0,0.0,0.0,0.0,0.0,0.0,0.0,0.0,0
5819.KL,24/7/2023,0.0,0.0,0.0,0.0,0.0,0.0,0.0,0.0,0.0,0
5819.KL,24/7/2024,0.0,0.0,0.0,0.0,0.0,0.0,0.0,0.0,0.0,0
5819.KL,24/7/2025,0.624279,0.782605,0.059069,0.158326,1.0,0.0,0.0,0.624279,0.782605,1
5819.KL,24/8/2020,0.0,0.0,0.0,0.0,0.0,0.0,0.0,0.0,0.0,0
5819.KL,24/8/2021,0.0,0.0,0.0,0.0,0.0,0.0,0.0,0.0,0.0,0
5819.KL,24/8/2022,0.0,0.0,0.0,0.0,0.0,0.0,0.0,0.0,0.0,0
5819.KL,24/8/2023,0.305152,0.475671,0.353811,0.170519,0.5,0.0,0.5,0.578177,0.808509,2
5819.KL,24/8/2024,0.0,0.0,0.0,0.0,0.0,0.0,0.0,0.0,0.0,0
5819.KL,24/8/2025,0.0,0.0,0.0,0.0,0.0,0.0,0.0,0.0,0.0,0
5819.KL,24/9/2020,-0.012777,0.048607,0.890009,0.061384,0.0,1.0,0.0,0.047822,0.890009,3
5819.KL,24/9/2021,0.0,0.0,0.0,0.0,0.0,0.0,0.0,0.0,0.0,0
5819.KL,24/9/2022,0.0,0.0,0.0,0.0,0.0,0.0,0.0,0.0,0.0,0
5819.KL,24/9/2023,-0.388263,0.199187,0.213363,0.58745,0.0,0.0,1.0,0.388263,0.58745,1
5819.KL,24/9/2024,0.0,0.0,0.0,0.0,0.0,0.0,0.0,0.0,0.0,0
5819.KL,24/9/2025,-0.849742,0.019612,0.111033,0.869355,0.0,0.0,1.0,0.849742,0.869355,1
5819.KL,25/1/2020,0.0,0.0,0.0,0.0,0.0,0.0,0.0,0.0,0.0,0
5819.KL,25/1/2021,-0.057369,0.086548,0.769534,0.143918,0.0,1.0,0.0,0.057369,0.769534,1
5819.KL,25/1/2022,0.0,0.0,0.0,0.0,0.0,0.0,0.0,0.0,0.0,0
5819.KL,25/1/2023,0.863439,0.874522,0.114395,0.011083,1.0,0.0,0.0,0.863439,0.874522,1
5819.KL,25/1/2024,0.0,0.0,0.0,0.0,0.0,0.0,0.0,0.0,0.0,0
5819.KL,25/1/2025,0.0,0.0,0.0,0.0,0.0,0.0,0.0,0.0,0.0,0
5819.KL,25/1/2026,0.0,0.0,0.0,0.0,0.0,0.0,0.0,0.0,0.0,0
5819.KL,25/10/2020,0.0,0.0,0.0,0.0,0.0,0.0,0.0,0.0,0.0,0
5819.KL,25/10/2021,0.010926,0.048321,0.914284,0.037395,0.0,1.0,0.0,0.010926,0.914284,1
5819.KL,25/10/2022,0.0,0.0,0.0,0.0,0.0,0.0,0.0,0.0,0.0,0
5819.KL,25/10/2023,0.126068,0.549933,0.026202,0.423865,0.5,0.0,0.5,0.808774,0.891286,2
5819.KL,25/10/2024,0.878376,0.928413,0.02155,0.050037,1.0,0.0,0.0,0.878376,0.928413,1
5819.KL,25/10/2025,0.0,0.0,0.0,0.0,0.0,0.0,0.0,0.0,0.0,0
5819.KL,25/11/2020,0.137682,0.517811,0.102059,0.38013,0.5,0.0,0.5,0.642753,0.770347,4
5819.KL,25/11/2021,-0.79413,0.089708,0.026454,0.883838,0.0,0.0,1.0,0.79413,0.883838,2
5819.KL,25/11/2022,0.370982,0.463826,0.44333,0.092844,0.5,0.25,0.25,0.443739,0.74483,4
5819.KL,25/11/2023,0.0,0.0,0.0,0.0,0.0,0.0,0.0,0.0,0.0,0
5819.KL,25/11/2024,0.871588,0.91244,0.046708,0.040852,1.0,0.0,0.0,0.871588,0.91244,1
5819.KL,25/11/2025,0.001454,0.481066,0.039322,0.479612,0.5,0.0,0.5,0.772835,0.866756,2
5819.KL,25/12/2020,0.0,0.0,0.0,0.0,0.0,0.0,0.0,0.0,0.0,0
5819.KL,25/12/2021,0.0,0.0,0.0,0.0,0.0,0.0,0.0,0.0,0.0,0
5819.KL,25/12/2022,0.0,0.0,0.0,0.0,0.0,0.0,0.0,0.0,0.0,0
5819.KL,25/12/2023,0.869836,0.894193,0.08145,0.024357,1.0,0.0,0.0,0.869836,0.894193,2
5819.KL,25/12/2024,0.899024,0.933742,0.031539,0.034719,1.0,0.0,0.0,0.899024,0.933742,1
5819.KL,25/12/2025,0.876132,0.910448,0.055237,0.034315,1.0,0.0,0.0,0.876132,0.910448,1
5819.KL,25/2/2020,0.0,0.0,0.0,0.0,0.0,0.0,0.0,0.0,0.0,0
5819.KL,25/2/2021,0.0,0.0,0.0,0.0,0.0,0.0,0.0,0.0,0.0,0
5819.KL,25/2/2022,0.811752,0.854068,0.103615,0.042317,1.0,0.0,0.0,0.811752,0.854068,2
5819.KL,25/2/2023,0.0,0.0,0.0,0.0,0.0,0.0,0.0,0.0,0.0,0
5819.KL,25/2/2024,0.0,0.0,0.0,0.0,0.0,0.0,0.0,0.0,0.0,0
5819.KL,25/2/2025,-0.586586,0.062264,0.288887,0.64885,0.333333,0.0,0.666667,0.684221,0.923801,3
5819.KL,25/2/2026,0.784151,0.795575,0.193001,0.011424,1.0,0.0,0.0,0.784151,0.831854,4
5819.KL,25/3/2020,-0.35386,0.233142,0.179855,0.587002,0.333333,0.0,0.666667,0.599472,0.709808,3
5819.KL,25/3/2021,0.014698,0.412112,0.190474,0.397414,0.5,0.0,0.5,0.493025,0.651275,2
5819.KL,25/3/2022,0.0,0.0,0.0,0.0,0.0,0.0,0.0,0.0,0.0,0
5819.KL,25/3/2023,-0.958064,0.00959,0.022756,0.967654,0.0,0.0,1.0,0.958064,0.967654,1
5819.KL,25/3/2024,-0.872515,0.051559,0.024366,0.924074,0.0,0.0,1.0,0.872515,0.924074,1
5819.KL,25/3/2025,0.0,0.0,0.0,0.0,0.0,0.0,0.0,0.0,0.0,0
5819.KL,25/4/2020,0.0,0.0,0.0,0.0,0.0,0.0,0.0,0.0,0.0,0
5819.KL,25/4/2021,0.0,0.0,0.0,0.0,0.0,0.0,0.0,0.0,0.0,0
5819.KL,25/4/2022,0.811889,0.82733,0.157229,0.015441,1.0,0.0,0.0,0.811889,0.82733,2
5819.KL,25/4/2023,0.0,0.0,0.0,0.0,0.0,0.0,0.0,0.0,0.0,0
5819.KL,25/4/2024,0.0,0.0,0.0,0.0,0.0,0.0,0.0,0.0,0.0,0
5819.KL,25/4/2025,0.735017,0.850292,0.034432,0.115276,1.0,0.0,0.0,0.735017,0.850292,1
5819.KL,25/5/2020,0.0,0.0,0.0,0.0,0.0,0.0,0.0,0.0,0.0,0
5819.KL,25/5/2021,0.926785,0.935323,0.056139,0.008538,1.0,0.0,0.0,0.926785,0.935323,1
5819.KL,25/5/2022,0.699093,0.82222,0.054653,0.123127,1.0,0.0,0.0,0.699093,0.82222,1
5819.KL,25/5/2023,0.687338,0.701245,0.284849,0.013907,1.0,0.0,0.0,0.687338,0.88658,3
5819.KL,25/5/2024,0.0,0.0,0.0,0.0,0.0,0.0,0.0,0.0,0.0,0
5819.KL,25/5/2025,0.0,0.0,0.0,0.0,0.0,0.0,0.0,0.0,0.0,0
5819.KL,25/6/2020,0.0,0.0,0.0,0.0,0.0,0.0,0.0,0.0,0.0,0
5819.KL,25/6/2021,0.387366,0.409378,0.56861,0.022012,0.666667,0.333333,0.0,0.387366,0.87577,3
5819.KL,25/6/2022,-0.781372,0.031586,0.155456,0.812958,0.0,0.0,1.0,0.781372,0.812958,1
5819.KL,25/6/2023,0.0,0.0,0.0,0.0,0.0,0.0,0.0,0.0,0.0,0
5819.KL,25/6/2024,-0.34525,0.240976,0.172798,0.586226,0.5,0.0,0.5,0.493042,0.660122,2
5819.KL,25/6/2025,0.657361,0.664652,0.328057,0.007291,1.0,0.0,0.0,0.657361,0.664652,1
5819.KL,25/7/2020,0.0,0.0,0.0,0.0,0.0,0.0,0.0,0.0,0.0,0
5819.KL,25/7/2021,0.0,0.0,0.0,0.0,0.0,0.0,0.0,0.0,0.0,0
5819.KL,25/7/2022,-0.870022,0.054791,0.020397,0.924812,0.0,0.0,1.0,0.870022,0.924812,1
5819.KL,25/7/2023,0.892652,0.92766,0.037332,0.035008,1.0,0.0,0.0,0.892652,0.92766,1
5819.KL,25/7/2024,-0.56048,0.074214,0.291092,0.634694,0.0,0.0,1.0,0.56048,0.634694,1
5819.KL,25/7/2025,0.0,0.0,0.0,0.0,0.0,0.0,0.0,0.0,0.0,0
5819.KL,25/8/2020,-0.361289,0.102304,0.434104,0.463593,0.0,0.0,1.0,0.361289,0.463593,1
5819.KL,25/8/2021,-0.168198,0.386596,0.058611,0.554794,0.0,0.0,1.0,0.168198,0.554794,1
5819.KL,25/8/2022,0.831658,0.900856,0.029945,0.069198,1.0,0.0,0.0,0.831658,0.900856,1
5819.KL,25/8/2023,0.919723,0.933862,0.051999,0.014139,1.0,0.0,0.0,0.919723,0.933862,1
5819.KL,25/8/2024,0.0,0.0,0.0,0.0,0.0,0.0,0.0,0.0,0.0,0
5819.KL,25/8/2025,0.0,0.0,0.0,0.0,0.0,0.0,0.0,0.0,0.0,0
5819.KL,25/9/2020,0.557539,0.585717,0.386105,0.028178,0.666667,0.333333,0.0,0.557539,0.855563,3
5819.KL,25/9/2021,0.446477,0.456719,0.53304,0.010241,1.0,0.0,0.0,0.446477,0.53304,1
5819.KL,25/9/2022,0.0,0.0,0.0,0.0,0.0,0.0,0.0,0.0,0.0,0
5819.KL,25/9/2023,0.0,0.0,0.0,0.0,0.0,0.0,0.0,0.0,0.0,0
5819.KL,25/9/2024,0.576654,0.709161,0.158332,0.132507,1.0,0.0,0.0,0.576654,0.709161,3
5819.KL,25/9/2025,0.0,0.0,0.0,0.0,0.0,0.0,0.0,0.0,0.0,0
5819.KL,26/1/2020,0.0,0.0,0.0,0.0,0.0,0.0,0.0,0.0,0.0,0
5819.KL,26/1/2021,0.0,0.0,0.0,0.0,0.0,0.0,0.0,0.0,0.0,0
5819.KL,26/1/2022,0.719072,0.83858,0.041913,0.119508,1.0,0.0,0.0,0.719072,0.83858,1
5819.KL,26/1/2023,0.0,0.0,0.0,0.0,0.0,0.0,0.0,0.0,0.0,0
5819.KL,26/1/2024,0.0,0.0,0.0,0.0,0.0,0.0,0.0,0.0,0.0,0
5819.KL,26/1/2025,0.0,0.0,0.0,0.0,0.0,0.0,0.0,0.0,0.0,0
5819.KL,26/1/2026,0.903636,0.933571,0.036495,0.029935,1.0,0.0,0.0,0.903636,0.933571,2
5819.KL,26/10/2020,0.937199,0.952636,0.031927,0.015437,1.0,0.0,0.0,0.937199,0.952636,1
5819.KL,26/10/2021,-0.176861,0.107014,0.609111,0.283875,0.0,0.0,1.0,0.176861,0.609111,1
5819.KL,26/10/2022,0.860334,0.873308,0.113717,0.012975,1.0,0.0,0.0,0.860334,0.873308,1
5819.KL,26/10/2023,-0.06433,0.151262,0.633146,0.215592,0.0,0.666667,0.333333,0.067944,0.806161,3
5819.KL,26/10/2024,0.0,0.0,0.0,0.0,0.0,0.0,0.0,0.0,0.0,0
5819.KL,26/10/2025,0.0,0.0,0.0,0.0,0.0,0.0,0.0,0.0,0.0,0
5819.KL,26/11/2020,0.0,0.0,0.0,0.0,0.0,0.0,0.0,0.0,0.0,0
5819.KL,26/11/2021,-0.937835,0.016857,0.028451,0.954692,0.0,0.0,1.0,0.937835,0.954692,1
5819.KL,26/11/2022,0.0,0.0,0.0,0.0,0.0,0.0,0.0,0.0,0.0,0
5819.KL,26/11/2023,0.0,0.0,0.0,0.0,0.0,0.0,0.0,0.0,0.0,0
5819.KL,26/11/2024,0.935883,0.953916,0.028051,0.018033,1.0,0.0,0.0,0.935883,0.953916,1
5819.KL,26/11/2025,0.924056,0.940971,0.042114,0.016915,1.0,0.0,0.0,0.924056,0.940971,1
5819.KL,26/12/2020,0.0,0.0,0.0,0.0,0.0,0.0,0.0,0.0,0.0,0
5819.KL,26/12/2021,0.0,0.0,0.0,0.0,0.0,0.0,0.0,0.0,0.0,0
5819.KL,26/12/2022,0.0,0.0,0.0,0.0,0.0,0.0,0.0,0.0,0.0,0
5819.KL,26/12/2023,0.0,0.0,0.0,0.0,0.0,0.0,0.0,0.0,0.0,0
5819.KL,26/12/2024,0.0,0.0,0.0,0.0,0.0,0.0,0.0,0.0,0.0,0
5819.KL,26/12/2025,0.0,0.0,0.0,0.0,0.0,0.0,0.0,0.0,0.0,0
5819.KL,26/2/2020,0.0,0.0,0.0,0.0,0.0,0.0,0.0,0.0,0.0,0
5819.KL,26/2/2021,0.365744,0.646551,0.072643,0.280806,0.666667,0.0,0.333333,0.841005,0.884181,3
5819.KL,26/2/2022,0.0,0.0,0.0,0.0,0.0,0.0,0.0,0.0,0.0,0
5819.KL,26/2/2023,0.0,0.0,0.0,0.0,0.0,0.0,0.0,0.0,0.0,0
5819.KL,26/2/2024,0.0,0.0,0.0,0.0,0.0,0.0,0.0,0.0,0.0,0
5819.KL,26/2/2025,0.927304,0.949262,0.02878,0.021958,1.0,0.0,0.0,0.927304,0.949262,2
5819.KL,26/2/2026,0.123483,0.132462,0.858558,0.00898,1.0,0.0,0.0,0.123483,0.858558,1
5819.KL,26/3/2020,0.0,0.0,0.0,0.0,0.0,0.0,0.0,0.0,0.0,0
5819.KL,26/3/2021,0.0,0.0,0.0,0.0,0.0,0.0,0.0,0.0,0.0,0
5819.KL,26/3/2022,0.0,0.0,0.0,0.0,0.0,0.0,0.0,0.0,0.0,0
5819.KL,26/3/2023,0.0,0.0,0.0,0.0,0.0,0.0,0.0,0.0,0.0,0
5819.KL,26/3/2024,-0.848454,0.063737,0.024072,0.912191,0.0,0.0,1.0,0.848454,0.912191,1
5819.KL,26/3/2025,0.869927,0.911032,0.047862,0.041106,1.0,0.0,0.0,0.869927,0.911032,2
5819.KL,26/4/2020,0.0,0.0,0.0,0.0,0.0,0.0,0.0,0.0,0.0,0
5819.KL,26/4/2021,0.806228,0.854982,0.096265,0.048753,1.0,0.0,0.0,0.806228,0.854982,1
5819.KL,26/4/2022,0.528783,0.715504,0.097776,0.186721,1.0,0.0,0.0,0.528783,0.715504,3
5819.KL,26/4/2023,-0.671494,0.073633,0.18124,0.745127,0.0,0.0,1.0,0.671494,0.745127,2
5819.KL,26/4/2024,0.0,0.0,0.0,0.0,0.0,0.0,0.0,0.0,0.0,0
5819.KL,26/4/2025,0.0,0.0,0.0,0.0,0.0,0.0,0.0,0.0,0.0,0
5819.KL,26/5/2020,0.0,0.0,0.0,0.0,0.0,0.0,0.0,0.0,0.0,0
5819.KL,26/5/2021,0.0,0.0,0.0,0.0,0.0,0.0,0.0,0.0,0.0,0
5819.KL,26/5/2022,0.510083,0.624915,0.260252,0.114832,1.0,0.0,0.0,0.510083,0.624915,3
5819.KL,26/5/2023,0.0,0.0,0.0,0.0,0.0,0.0,0.0,0.0,0.0,0
5819.KL,26/5/2024,0.786292,0.799911,0.186469,0.013619,1.0,0.0,0.0,0.786292,0.799911,1
5819.KL,26/5/2025,0.928745,0.941662,0.045422,0.012916,1.0,0.0,0.0,0.928745,0.941662,1
5819.KL,26/6/2020,0.0,0.0,0.0,0.0,0.0,0.0,0.0,0.0,0.0,0
5819.KL,26/6/2021,-0.802714,0.015715,0.165857,0.818429,0.0,0.0,1.0,0.802714,0.818429,1
5819.KL,26/6/2022,0.0,0.0,0.0,0.0,0.0,0.0,0.0,0.0,0.0,0
5819.KL,26/6/2023,0.0,0.0,0.0,0.0,0.0,0.0,0.0,0.0,0.0,0
5819.KL,26/6/2024,0.767894,0.868846,0.030202,0.100952,1.0,0.0,0.0,0.767894,0.868846,1
5819.KL,26/6/2025,0.935016,0.954032,0.026953,0.019015,1.0,0.0,0.0,0.935016,0.954032,1
5819.KL,26/7/2020,0.0,0.0,0.0,0.0,0.0,0.0,0.0,0.0,0.0,0
5819.KL,26/7/2021,0.457115,0.689065,0.078986,0.23195,1.0,0.0,0.0,0.457115,0.689065,1
5819.KL,26/7/2022,-0.857307,0.036031,0.070631,0.893338,0.0,0.0,1.0,0.857307,0.893338,1
5819.KL,26/7/2023,0.014731,0.465553,0.083625,0.450822,0.5,0.0,0.5,0.877877,0.897126,2
5819.KL,26/7/2024,0.0,0.0,0.0,0.0,0.0,0.0,0.0,0.0,0.0,0
5819.KL,26/7/2025,0.0,0.0,0.0,0.0,0.0,0.0,0.0,0.0,0.0,0
5819.KL,26/8/2020,-0.91504,0.021243,0.042476,0.936282,0.0,0.0,1.0,0.91504,0.936282,2
5819.KL,26/8/2021,0.0,0.0,0.0,0.0,0.0,0.0,0.0,0.0,0.0,0
5819.KL,26/8/2022,-0.350883,0.269722,0.109674,0.620604,0.0,0.0,1.0,0.350883,0.620604,1
5819.KL,26/8/2023,0.0,0.0,0.0,0.0,0.0,0.0,0.0,0.0,0.0,0
5819.KL,26/8/2024,0.442028,0.467993,0.506042,0.025965,1.0,0.0,0.0,0.442028,0.506042,1
5819.KL,26/8/2025,0.0,0.0,0.0,0.0,0.0,0.0,0.0,0.0,0.0,0
5819.KL,26/9/2020,0.0,0.0,0.0,0.0,0.0,0.0,0.0,0.0,0.0,0
5819.KL,26/9/2021,0.0,0.0,0.0,0.0,0.0,0.0,0.0,0.0,0.0,0
5819.KL,26/9/2022,0.0,0.0,0.0,0.0,0.0,0.0,0.0,0.0,0.0,0
5819.KL,26/9/2023,0.0,0.0,0.0,0.0,0.0,0.0,0.0,0.0,0.0,0
5819.KL,26/9/2024,0.0,0.0,0.0,0.0,0.0,0.0,0.0,0.0,0.0,0
5819.KL,26/9/2025,0.0,0.0,0.0,0.0,0.0,0.0,0.0,0.0,0.0,0
5819.KL,27/1/2020,0.0,0.0,0.0,0.0,0.0,0.0,0.0,0.0,0.0,0
5819.KL,27/1/2021,0.060739,0.492034,0.07667,0.431295,0.0,1.0,0.0,0.060739,0.492034,1
5819.KL,27/1/2022,0.0,0.0,0.0,0.0,0.0,0.0,0.0,0.0,0.0,0
5819.KL,27/1/2023,-0.082513,0.437464,0.04256,0.519977,0.5,0.0,0.5,0.862948,0.910194,2
5819.KL,27/1/2024,0.0,0.0,0.0,0.0,0.0,0.0,0.0,0.0,0.0,0
5819.KL,27/1/2025,0.0,0.0,0.0,0.0,0.0,0.0,0.0,0.0,0.0,0
5819.KL,27/1/2026,0.087583,0.305857,0.47587,0.218273,0.0,1.0,0.0,0.087583,0.47587,1
5819.KL,27/10/2020,0.0,0.0,0.0,0.0,0.0,0.0,0.0,0.0,0.0,0
5819.KL,27/10/2021,0.014617,0.485617,0.043382,0.471001,0.5,0.0,0.5,0.897216,0.926917,2
5819.KL,27/10/2022,0.0,0.0,0.0,0.0,0.0,0.0,0.0,0.0,0.0,0
5819.KL,27/10/2023,0.792844,0.87304,0.046764,0.080196,1.0,0.0,0.0,0.792844,0.87304,1
5819.KL,27/10/2024,0.0,0.0,0.0,0.0,0.0,0.0,0.0,0.0,0.0,0
5819.KL,27/10/2025,0.830064,0.844453,0.141157,0.014389,1.0,0.0,0.0,0.830064,0.844453,1
5819.KL,27/11/2020,-0.090979,0.419746,0.069529,0.510725,0.0,1.0,0.0,0.090979,0.510725,1
5819.KL,27/11/2021,0.0,0.0,0.0,0.0,0.0,0.0,0.0,0.0,0.0,0
5819.KL,27/11/2022,0.0,0.0,0.0,0.0,0.0,0.0,0.0,0.0,0.0,0
5819.KL,27/11/2023,0.918996,0.932137,0.054722,0.013141,1.0,0.0,0.0,0.918996,0.932137,1
5819.KL,27/11/2024,0.925738,0.94767,0.030398,0.021932,1.0,0.0,0.0,0.925738,0.94767,2
5819.KL,27/11/2025,0.515709,0.537472,0.440766,0.021763,1.0,0.0,0.0,0.515709,0.790077,2
5819.KL,27/12/2020,0.0,0.0,0.0,0.0,0.0,0.0,0.0,0.0,0.0,0
5819.KL,27/12/2021,0.870158,0.919078,0.032001,0.04892,1.0,0.0,0.0,0.870158,0.919078,1
5819.KL,27/12/2022,0.0,0.0,0.0,0.0,0.0,0.0,0.0,0.0,0.0,0
5819.KL,27/12/2023,0.0,0.0,0.0,0.0,0.0,0.0,0.0,0.0,0.0,0
5819.KL,27/12/2024,0.0,0.0,0.0,0.0,0.0,0.0,0.0,0.0,0.0,0
5819.KL,27/12/2025,0.0,0.0,0.0,0.0,0.0,0.0,0.0,0.0,0.0,0
5819.KL,27/2/2020,-0.938606,0.011505,0.038384,0.950111,0.0,0.0,1.0,0.938606,0.950111,1
5819.KL,27/2/2021,0.0,0.0,0.0,0.0,0.0,0.0,0.0,0.0,0.0,0
5819.KL,27/2/2022,0.0,0.0,0.0,0.0,0.0,0.0,0.0,0.0,0.0,0
5819.KL,27/2/2023,0.0,0.0,0.0,0.0,0.0,0.0,0.0,0.0,0.0,0
5819.KL,27/2/2024,0.118778,0.388023,0.342733,0.269245,0.333333,0.333333,0.333333,0.450386,0.791317,3
5819.KL,27/2/2025,0.524663,0.622608,0.279448,0.097945,0.75,0.25,0.0,0.524663,0.8479,4
5819.KL,27/2/2026,-0.018765,0.477191,0.026854,0.495955,0.5,0.0,0.5,0.936024,0.954585,2
5819.KL,27/3/2020,0.139654,0.514225,0.111205,0.37457,0.666667,0.0,0.333333,0.76532,0.827057,3
5819.KL,27/3/2021,0.733819,0.750164,0.233491,0.016345,1.0,0.0,0.0,0.733819,0.750164,1
5819.KL,27/3/2022,0.0,0.0,0.0,0.0,0.0,0.0,0.0,0.0,0.0,0
5819.KL,27/3/2023,0.941147,0.953993,0.033161,0.012846,1.0,0.0,0.0,0.941147,0.953993,1
5819.KL,27/3/2024,0.0,0.0,0.0,0.0,0.0,0.0,0.0,0.0,0.0,0
5819.KL,27/3/2025,0.802341,0.850504,0.101332,0.048164,1.0,0.0,0.0,0.802341,0.850504,2
5819.KL,27/4/2020,0.0,0.0,0.0,0.0,0.0,0.0,0.0,0.0,0.0,0
5819.KL,27/4/2021,0.069899,0.377448,0.315004,0.307548,0.0,1.0,0.0,0.069899,0.377448,1
5819.KL,27/4/2022,0.0,0.0,0.0,0.0,0.0,0.0,0.0,0.0,0.0,0
5819.KL,27/4/2023,0.714817,0.819219,0.07638,0.104402,1.0,0.0,0.0,0.714817,0.819219,3
5819.KL,27/4/2024,0.0,0.0,0.0,0.0,0.0,0.0,0.0,0.0,0.0,0
5819.KL,27/4/2025,0.0,0.0,0.0,0.0,0.0,0.0,0.0,0.0,0.0,0
5819.KL,27/5/2020,0.506166,0.522769,0.460629,0.016603,0.5,0.5,0.0,0.506166,0.926923,2
5819.KL,27/5/2021,0.0,0.0,0.0,0.0,0.0,0.0,0.0,0.0,0.0,0
5819.KL,27/5/2022,0.738616,0.758597,0.221421,0.019982,1.0,0.0,0.0,0.738616,0.758597,1
5819.KL,27/5/2023,0.0,0.0,0.0,0.0,0.0,0.0,0.0,0.0,0.0,0
5819.KL,27/5/2024,0.0,0.0,0.0,0.0,0.0,0.0,0.0,0.0,0.0,0
5819.KL,27/5/2025,0.81028,0.880316,0.049649,0.070036,1.0,0.0,0.0,0.81028,0.880316,2
5819.KL,27/6/2020,-0.547111,0.165799,0.121291,0.71291,0.0,0.0,1.0,0.547111,0.71291,1
5819.KL,27/6/2021,-0.858738,0.019452,0.102358,0.87819,0.0,0.0,1.0,0.858738,0.87819,1
5819.KL,27/6/2022,0.476167,0.714328,0.047512,0.238161,1.0,0.0,0.0,0.476167,0.714328,1
5819.KL,27/6/2023,0.919424,0.946009,0.027406,0.026585,1.0,0.0,0.0,0.919424,0.946009,2
5819.KL,27/6/2024,0.92295,0.936172,0.050606,0.013222,1.0,0.0,0.0,0.92295,0.936172,2
5819.KL,27/6/2025,0.0,0.0,0.0,0.0,0.0,0.0,0.0,0.0,0.0,0
5819.KL,27/7/2020,0.0,0.0,0.0,0.0,0.0,0.0,0.0,0.0,0.0,0
5819.KL,27/7/2021,0.154099,0.474173,0.205753,0.320074,0.5,0.0,0.5,0.642105,0.718176,2
5819.KL,27/7/2022,0.769542,0.866163,0.037216,0.096621,1.0,0.0,0.0,0.769542,0.866163,1
5819.KL,27/7/2023,0.604283,0.685444,0.233394,0.081161,1.0,0.0,0.0,0.604283,0.685444,2
5819.KL,27/7/2024,0.0,0.0,0.0,0.0,0.0,0.0,0.0,0.0,0.0,0
5819.KL,27/7/2025,0.0,0.0,0.0,0.0,0.0,0.0,0.0,0.0,0.0,0
5819.KL,27/8/2020,0.0,0.0,0.0,0.0,0.0,0.0,0.0,0.0,0.0,0
5819.KL,27/8/2021,0.0,0.0,0.0,0.0,0.0,0.0,0.0,0.0,0.0,0
5819.KL,27/8/2022,0.014101,0.484612,0.044877,0.470511,0.0,1.0,0.0,0.014101,0.484612,1
5819.KL,27/8/2023,0.0,0.0,0.0,0.0,0.0,0.0,0.0,0.0,0.0,0
5819.KL,27/8/2024,-0.354896,0.083161,0.478783,0.438057,0.0,0.5,0.5,0.390868,0.901286,2
5819.KL,27/8/2025,0.919646,0.941458,0.03673,0.021812,1.0,0.0,0.0,0.919646,0.941458,2
5819.KL,27/9/2020,0.0,0.0,0.0,0.0,0.0,0.0,0.0,0.0,0.0,0
5819.KL,27/9/2021,0.0,0.0,0.0,0.0,0.0,0.0,0.0,0.0,0.0,0
5819.KL,27/9/2022,-0.886259,0.045346,0.023048,0.931606,0.0,0.0,1.0,0.886259,0.931606,2
5819.KL,27/9/2023,-0.940802,0.012629,0.03394,0.953431,0.0,0.0,1.0,0.940802,0.953431,1
5819.KL,27/9/2024,0.925876,0.944684,0.036508,0.018808,1.0,0.0,0.0,0.925876,0.944684,2
5819.KL,27/9/2025,0.527409,0.740649,0.046111,0.21324,1.0,0.0,0.0,0.527409,0.740649,1
5819.KL,28/1/2020,0.0,0.0,0.0,0.0,0.0,0.0,0.0,0.0,0.0,0
5819.KL,28/1/2021,0.0,0.0,0.0,0.0,0.0,0.0,0.0,0.0,0.0,0
5819.KL,28/1/2022,0.872173,0.915105,0.041962,0.042932,1.0,0.0,0.0,0.872173,0.915105,1
5819.KL,28/1/2023,-0.960318,0.010072,0.019538,0.97039,0.0,0.0,1.0,0.960318,0.97039,1
5819.KL,28/1/2024,0.0,0.0,0.0,0.0,0.0,0.0,0.0,0.0,0.0,0
5819.KL,28/1/2025,0.775371,0.79664,0.182091,0.021269,1.0,0.0,0.0,0.775371,0.79664,2
5819.KL,28/1/2026,0.009632,0.484616,0.0404,0.474984,0.5,0.0,0.5,0.867207,0.913404,2
5819.KL,28/10/2020,0.0,0.0,0.0,0.0,0.0,0.0,0.0,0.0,0.0,0
5819.KL,28/10/2021,0.0,0.0,0.0,0.0,0.0,0.0,0.0,0.0,0.0,0
5819.KL,28/10/2022,-0.948286,0.013299,0.025116,0.961585,0.0,0.0,1.0,0.948286,0.961585,1
5819.KL,28/10/2023,0.0,0.0,0.0,0.0,0.0,0.0,0.0,0.0,0.0,0
5819.KL,28/10/2024,0.788788,0.794354,0.200079,0.005567,1.0,0.0,0.0,0.788788,0.794354,1
5819.KL,28/10/2025,0.704663,0.714065,0.276532,0.009402,1.0,0.0,0.0,0.704663,0.714065,1
5819.KL,28/11/2020,0.0,0.0,0.0,0.0,0.0,0.0,0.0,0.0,0.0,0
5819.KL,28/11/2021,0.0,0.0,0.0,0.0,0.0,0.0,0.0,0.0,0.0,0
5819.KL,28/11/2022,0.0,0.0,0.0,0.0,0.0,0.0,0.0,0.0,0.0,0
5819.KL,28/11/2023,0.156416,0.165922,0.824573,0.009505,1.0,0.0,0.0,0.156416,0.824573,2
5819.KL,28/11/2024,0.53191,0.714543,0.102825,0.182632,0.75,0.0,0.25,0.779808,0.838491,4
5819.KL,28/11/2025,0.028484,0.042425,0.943634,0.013941,0.0,1.0,0.0,0.028484,0.943634,1
5819.KL,28/12/2020,0.0,0.0,0.0,0.0,0.0,0.0,0.0,0.0,0.0,0
5819.KL,28/12/2021,0.505261,0.534156,0.436949,0.028895,0.666667,0.333333,0.0,0.505261,0.797156,3
5819.KL,28/12/2022,-0.941856,0.01851,0.021123,0.960367,0.0,0.0,1.0,0.941856,0.960367,1
5819.KL,28/12/2023,-0.889295,0.033449,0.043806,0.922745,0.0,0.0,1.0,0.889295,0.922745,1
5819.KL,28/12/2024,0.0,0.0,0.0,0.0,0.0,0.0,0.0,0.0,0.0,0
5819.KL,28/12/2025,0.0,0.0,0.0,0.0,0.0,0.0,0.0,0.0,0.0,0
5819.KL,28/2/2020,0.0,0.0,0.0,0.0,0.0,0.0,0.0,0.0,0.0,0
5819.KL,28/2/2021,0.0,0.0,0.0,0.0,0.0,0.0,0.0,0.0,0.0,0
5819.KL,28/2/2022,0.55195,0.576375,0.399199,0.024425,1.0,0.0,0.0,0.55195,0.838886,2
5819.KL,28/2/2023,0.921962,0.947946,0.02607,0.025984,1.0,0.0,0.0,0.921962,0.947946,1
5819.KL,28/2/2024,-0.012642,0.48146,0.024439,0.494102,0.5,0.0,0.5,0.941125,0.958343,2
5819.KL,28/2/2025,-0.965523,0.00741,0.019658,0.972932,0.0,0.0,1.0,0.965523,0.972932,1
5819.KL,28/2/2026,0.0,0.0,0.0,0.0,0.0,0.0,0.0,0.0,0.0,0
5819.KL,28/3/2020,0.779949,0.853114,0.073721,0.073165,1.0,0.0,0.0,0.779949,0.853114,1
5819.KL,28/3/2021,0.0,0.0,0.0,0.0,0.0,0.0,0.0,0.0,0.0,0
5819.KL,28/3/2022,0.0,0.0,0.0,0.0,0.0,0.0,0.0,0.0,0.0,0
5819.KL,28/3/2023,0.0,0.0,0.0,0.0,0.0,0.0,0.0,0.0,0.0,0
5819.KL,28/3/2024,0.0,0.0,0.0,0.0,0.0,0.0,0.0,0.0,0.0,0
5819.KL,28/3/2025,0.0,0.0,0.0,0.0,0.0,0.0,0.0,0.0,0.0,0
5819.KL,28/4/2020,0.0,0.0,0.0,0.0,0.0,0.0,0.0,0.0,0.0,0
5819.KL,28/4/2021,0.0,0.0,0.0,0.0,0.0,0.0,0.0,0.0,0.0,0
5819.KL,28/4/2022,0.0,0.0,0.0,0.0,0.0,0.0,0.0,0.0,0.0,0
5819.KL,28/4/2023,0.0,0.0,0.0,0.0,0.0,0.0,0.0,0.0,0.0,0
5819.KL,28/4/2024,0.0,0.0,0.0,0.0,0.0,0.0,0.0,0.0,0.0,0
5819.KL,28/4/2025,0.0,0.0,0.0,0.0,0.0,0.0,0.0,0.0,0.0,0
5819.KL,28/5/2020,0.0,0.0,0.0,0.0,0.0,0.0,0.0,0.0,0.0,0
5819.KL,28/5/2021,0.246988,0.504773,0.237442,0.257785,0.5,0.0,0.5,0.38343,0.576779,2
5819.KL,28/5/2022,0.0,0.0,0.0,0.0,0.0,0.0,0.0,0.0,0.0,0
5819.KL,28/5/2023,0.0,0.0,0.0,0.0,0.0,0.0,0.0,0.0,0.0,0
5819.KL,28/5/2024,0.725634,0.75664,0.212353,0.031007,1.0,0.0,0.0,0.725634,0.75664,1
5819.KL,28/5/2025,0.81292,0.88421,0.0445,0.07129,1.0,0.0,0.0,0.81292,0.88421,3
5819.KL,28/6/2020,0.0,0.0,0.0,0.0,0.0,0.0,0.0,0.0,0.0,0
5819.KL,28/6/2021,0.0,0.0,0.0,0.0,0.0,0.0,0.0,0.0,0.0,0
5819.KL,28/6/2022,0.51364,0.547749,0.418141,0.03411,1.0,0.0,0.0,0.51364,0.547749,1
5819.KL,28/6/2023,0.914617,0.943959,0.026699,0.029342,1.0,0.0,0.0,0.914617,0.943959,1
5819.KL,28/6/2024,0.0,0.0,0.0,0.0,0.0,0.0,0.0,0.0,0.0,0
5819.KL,28/6/2025,0.936133,0.950415,0.035303,0.014282,1.0,0.0,0.0,0.936133,0.950415,1
5819.KL,28/7/2020,0.796368,0.868557,0.059255,0.072188,1.0,0.0,0.0,0.796368,0.868557,1
5819.KL,28/7/2021,0.0,0.0,0.0,0.0,0.0,0.0,0.0,0.0,0.0,0
5819.KL,28/7/2022,0.696997,0.734752,0.227493,0.037755,1.0,0.0,0.0,0.696997,0.88635,5
5819.KL,28/7/2023,-0.947787,0.011598,0.029017,0.959385,0.0,0.0,1.0,0.947787,0.959385,1
5819.KL,28/7/2024,0.431795,0.445605,0.540584,0.01381,1.0,0.0,0.0,0.431795,0.540584,1
5819.KL,28/7/2025,-0.330264,0.313778,0.042181,0.644041,0.0,0.0,1.0,0.330264,0.644041,2
5819.KL,28/8/2020,0.327697,0.393125,0.541446,0.065429,0.5,0.5,0.0,0.327697,0.811966,2
5819.KL,28/8/2021,0.0,0.0,0.0,0.0,0.0,0.0,0.0,0.0,0.0,0
5819.KL,28/8/2022,0.0,0.0,0.0,0.0,0.0,0.0,0.0,0.0,0.0,0
5819.KL,28/8/2023,0.392343,0.676035,0.040273,0.283692,0.666667,0.0,0.333333,0.737152,0.848439,3
5819.KL,28/8/2024,0.87549,0.896306,0.082877,0.020817,1.0,0.0,0.0,0.87549,0.896306,1
5819.KL,28/8/2025,0.023902,0.038563,0.946776,0.014661,0.0,1.0,0.0,0.023902,0.946776,1
5819.KL,28/9/2020,0.0,0.0,0.0,0.0,0.0,0.0,0.0,0.0,0.0,0
5819.KL,28/9/2021,0.438887,0.591979,0.254929,0.153092,0.666667,0.333333,0.0,0.454991,0.620141,3
5819.KL,28/9/2022,0.0,0.0,0.0,0.0,0.0,0.0,0.0,0.0,0.0,0
5819.KL,28/9/2023,-0.37854,0.065815,0.48983,0.444355,0.0,0.0,1.0,0.37854,0.678291,2
5819.KL,28/9/2024,0.0,0.0,0.0,0.0,0.0,0.0,0.0,0.0,0.0,0
5819.KL,28/9/2025,0.0,0.0,0.0,0.0,0.0,0.0,0.0,0.0,0.0,0
5819.KL,29/1/2020,0.0,0.0,0.0,0.0,0.0,0.0,0.0,0.0,0.0,0
5819.KL,29/1/2021,0.0,0.0,0.0,0.0,0.0,0.0,0.0,0.0,0.0,0
5819.KL,29/1/2022,0.0,0.0,0.0,0.0,0.0,0.0,0.0,0.0,0.0,0
5819.KL,29/1/2023,0.0,0.0,0.0,0.0,0.0,0.0,0.0,0.0,0.0,0
5819.KL,29/1/2024,0.0,0.0,0.0,0.0,0.0,0.0,0.0,0.0,0.0,0
5819.KL,29/1/2025,0.0,0.0,0.0,0.0,0.0,0.0,0.0,0.0,0.0,0
5819.KL,29/1/2026,0.844639,0.890472,0.063696,0.045832,1.0,0.0,0.0,0.844639,0.890472,1
5819.KL,29/10/2020,0.0,0.0,0.0,0.0,0.0,0.0,0.0,0.0,0.0,0
5819.KL,29/10/2021,0.0,0.0,0.0,0.0,0.0,0.0,0.0,0.0,0.0,0
5819.KL,29/10/2022,0.0,0.0,0.0,0.0,0.0,0.0,0.0,0.0,0.0,0
5819.KL,29/10/2023,0.0,0.0,0.0,0.0,0.0,0.0,0.0,0.0,0.0,0
5819.KL,29/10/2024,-0.018427,0.477523,0.026527,0.49595,0.5,0.0,0.5,0.927457,0.950465,2
5819.KL,29/10/2025,0.0,0.0,0.0,0.0,0.0,0.0,0.0,0.0,0.0,0
5819.KL,29/11/2020,0.0,0.0,0.0,0.0,0.0,0.0,0.0,0.0,0.0,0
5819.KL,29/11/2021,0.095268,0.496326,0.102616,0.401058,0.5,0.0,0.5,0.817094,0.857239,2
5819.KL,29/11/2022,0.480609,0.50105,0.478508,0.020441,0.5,0.5,0.0,0.480609,0.929434,2
5819.KL,29/11/2023,-0.815572,0.031907,0.120614,0.847479,0.0,0.0,1.0,0.815572,0.847479,2
5819.KL,29/11/2024,-0.01559,0.340243,0.303924,0.355833,0.333333,0.333333,0.333333,0.64244,0.926097,6
5819.KL,29/11/2025,0.0,0.0,0.0,0.0,0.0,0.0,0.0,0.0,0.0,0
5819.KL,29/12/2020,0.0,0.0,0.0,0.0,0.0,0.0,0.0,0.0,0.0,0
5819.KL,29/12/2021,0.173392,0.406668,0.360057,0.233275,0.5,0.0,0.5,0.280942,0.601261,2
5819.KL,29/12/2022,-0.944205,0.014913,0.025969,0.959118,0.0,0.0,1.0,0.944205,0.959118,1
5819.KL,29/12/2023,0.899626,0.933441,0.032745,0.033814,1.0,0.0,0.0,0.899626,0.933441,1
5819.KL,29/12/2024,-0.016557,0.025026,0.93339,0.041584,0.0,1.0,0.0,0.016557,0.93339,1
5819.KL,29/12/2025,0.0,0.0,0.0,0.0,0.0,0.0,0.0,0.0,0.0,0
5819.KL,29/2/2020,0.0,0.0,0.0,0.0,0.0,0.0,0.0,0.0,0.0,0
5819.KL,29/2/2024,0.301713,0.357367,0.586979,0.055654,0.666667,0.333333,0.0,0.301713,0.838149,3
5819.KL,29/3/2020,0.0,0.0,0.0,0.0,0.0,0.0,0.0,0.0,0.0,0
5819.KL,29/3/2021,0.0,0.0,0.0,0.0,0.0,0.0,0.0,0.0,0.0,0
5819.KL,29/3/2022,0.873211,0.889763,0.093684,0.016553,1.0,0.0,0.0,0.873211,0.889763,1
5819.KL,29/3/2023,-0.111804,0.411923,0.064349,0.523727,0.5,0.0,0.5,0.847593,0.891622,2
5819.KL,29/3/2024,0.330918,0.529039,0.27284,0.198121,0.5,0.0,0.5,0.588738,0.729833,2
5819.KL,29/3/2025,-0.965267,0.009004,0.016725,0.974271,0.0,0.0,1.0,0.965267,0.974271,1
5819.KL,29/4/2020,-0.788351,0.098332,0.014986,0.886682,0.0,0.0,1.0,0.788351,0.886682,1
5819.KL,29/4/2021,0.0,0.0,0.0,0.0,0.0,0.0,0.0,0.0,0.0,0
5819.KL,29/4/2022,0.0,0.0,0.0,0.0,0.0,0.0,0.0,0.0,0.0,0
5819.KL,29/4/2023,0.240309,0.248298,0.743713,0.007989,1.0,0.0,0.0,0.240309,0.743713,1
5819.KL,29/4/2024,0.0,0.0,0.0,0.0,0.0,0.0,0.0,0.0,0.0,0
5819.KL,29/4/2025,-0.176466,0.316125,0.191283,0.492592,0.25,0.0,0.75,0.637725,0.83204,4
5819.KL,29/5/2020,0.0,0.0,0.0,0.0,0.0,0.0,0.0,0.0,0.0,0
5819.KL,29/5/2021,0.0,0.0,0.0,0.0,0.0,0.0,0.0,0.0,0.0,0
5819.KL,29/5/2022,0.0,0.0,0.0,0.0,0.0,0.0,0.0,0.0,0.0,0
5819.KL,29/5/2023,0.510716,0.726008,0.058699,0.215293,1.0,0.0,0.0,0.510716,0.726008,1
5819.KL,29/5/2024,0.459961,0.524023,0.411916,0.064062,0.5,0.5,0.0,0.470192,0.873268,2
5819.KL,29/5/2025,-0.53337,0.092923,0.280784,0.626293,0.0,0.25,0.75,0.553345,0.856736,4
5819.KL,29/6/2020,0.342989,0.399296,0.544398,0.056306,1.0,0.0,0.0,0.342989,0.544398,2
5819.KL,29/6/2021,-0.960694,0.008767,0.021773,0.96946,0.0,0.0,1.0,0.960694,0.96946,1
5819.KL,29/6/2022,-0.734135,0.046144,0.173577,0.780279,0.0,0.0,1.0,0.734135,0.780279,1
5819.KL,29/6/2023,0.050518,0.084472,0.881573,0.033954,0.0,1.0,0.0,0.050518,0.881573,1
5819.KL,29/6/2024,0.028142,0.052756,0.92263,0.024614,0.0,1.0,0.0,0.028142,0.92263,1
5819.KL,29/6/2025,0.0,0.0,0.0,0.0,0.0,0.0,0.0,0.0,0.0,0
5819.KL,29/7/2020,0.843082,0.873618,0.095846,0.030536,1.0,0.0,0.0,0.843082,0.873618,1
5819.KL,29/7/2021,0.0,0.0,0.0,0.0,0.0,0.0,0.0,0.0,0.0,0
5819.KL,29/7/2022,0.0,0.0,0.0,0.0,0.0,0.0,0.0,0.0,0.0,0
5819.KL,29/7/2023,0.0,0.0,0.0,0.0,0.0,0.0,0.0,0.0,0.0,0
5819.KL,29/7/2024,0.0,0.0,0.0,0.0,0.0,0.0,0.0,0.0,0.0,0
5819.KL,29/7/2025,0.0,0.0,0.0,0.0,0.0,0.0,0.0,0.0,0.0,0
5819.KL,29/8/2020,-0.216459,0.167225,0.449091,0.383684,0.333333,0.333333,0.333333,0.419559,0.761947,3
5819.KL,29/8/2021,0.0,0.0,0.0,0.0,0.0,0.0,0.0,0.0,0.0,0
5819.KL,29/8/2022,0.180817,0.462572,0.255674,0.281755,1.0,0.0,0.0,0.180817,0.462572,1
5819.KL,29/8/2023,0.012004,0.065653,0.880699,0.053648,0.0,1.0,0.0,0.012004,0.880699,1
5819.KL,29/8/2024,0.911124,0.939787,0.03155,0.028663,1.0,0.0,0.0,0.911124,0.939787,2
5819.KL,29/8/2025,0.0,0.0,0.0,0.0,0.0,0.0,0.0,0.0,0.0,0
5819.KL,29/9/2020,0.0,0.0,0.0,0.0,0.0,0.0,0.0,0.0,0.0,0
5819.KL,29/9/2021,0.0,0.0,0.0,0.0,0.0,0.0,0.0,0.0,0.0,0
5819.KL,29/9/2022,0.672791,0.680088,0.312616,0.007296,1.0,0.0,0.0,0.672791,0.680088,1
5819.KL,29/9/2023,0.762078,0.83727,0.087539,0.075191,1.0,0.0,0.0,0.762078,0.83727,1
5819.KL,29/9/2024,0.0,0.0,0.0,0.0,0.0,0.0,0.0,0.0,0.0,0
5819.KL,29/9/2025,0.095554,0.111712,0.872131,0.016158,0.0,1.0,0.0,0.095554,0.872131,1
5819.KL,3/1/2020,0.750003,0.795725,0.158553,0.045722,1.0,0.0,0.0,0.750003,0.795725,1
5819.KL,3/1/2021,0.0,0.0,0.0,0.0,0.0,0.0,0.0,0.0,0.0,0
5819.KL,3/1/2022,0.0,0.0,0.0,0.0,0.0,0.0,0.0,0.0,0.0,0
5819.KL,3/1/2023,0.904519,0.929526,0.045467,0.025007,1.0,0.0,0.0,0.904519,0.929526,1
5819.KL,3/1/2024,-0.932377,0.020845,0.025934,0.953222,0.0,0.0,1.0,0.932377,0.953222,1
5819.KL,3/1/2025,-0.560227,0.185942,0.067889,0.746169,0.0,0.0,1.0,0.560227,0.746169,1
5819.KL,3/1/2026,-0.936999,0.012323,0.038355,0.949322,0.0,0.0,1.0,0.936999,0.949322,1
5819.KL,3/10/2020,0.0,0.0,0.0,0.0,0.0,0.0,0.0,0.0,0.0,0
5819.KL,3/10/2021,0.0,0.0,0.0,0.0,0.0,0.0,0.0,0.0,0.0,0
5819.KL,3/10/2022,-0.916111,0.033749,0.016391,0.94986,0.0,0.0,1.0,0.916111,0.94986,1
5819.KL,3/10/2023,0.932897,0.951227,0.030444,0.018329,1.0,0.0,0.0,0.932897,0.951227,1
5819.KL,3/10/2024,-0.445337,0.176614,0.201435,0.621951,0.333333,0.0,0.666667,0.727628,0.800804,3
5819.KL,3/10/2025,-0.760611,0.069436,0.100517,0.830047,0.0,0.0,1.0,0.760611,0.830047,1
5819.KL,3/11/2020,0.0,0.0,0.0,0.0,0.0,0.0,0.0,0.0,0.0,0
5819.KL,3/11/2021,0.0,0.0,0.0,0.0,0.0,0.0,0.0,0.0,0.0,0
5819.KL,3/11/2022,-0.937895,0.016272,0.029561,0.954167,0.0,0.0,1.0,0.937895,0.954167,2
5819.KL,3/11/2023,0.871903,0.917782,0.036339,0.045879,1.0,0.0,0.0,0.871903,0.917782,1
5819.KL,3/11/2024,0.0,0.0,0.0,0.0,0.0,0.0,0.0,0.0,0.0,0
5819.KL,3/11/2025,0.884499,0.914303,0.055893,0.029804,1.0,0.0,0.0,0.884499,0.914303,2
5819.KL,3/12/2020,0.0,0.0,0.0,0.0,0.0,0.0,0.0,0.0,0.0,0
5819.KL,3/12/2021,0.0,0.0,0.0,0.0,0.0,0.0,0.0,0.0,0.0,0
5819.KL,3/12/2022,0.0,0.0,0.0,0.0,0.0,0.0,0.0,0.0,0.0,0
5819.KL,3/12/2023,0.0,0.0,0.0,0.0,0.0,0.0,0.0,0.0,0.0,0
5819.KL,3/12/2024,0.925597,0.938887,0.047822,0.013291,1.0,0.0,0.0,0.925597,0.938887,1
5819.KL,3/12/2025,-0.332685,0.306268,0.054779,0.638953,0.333333,0.0,0.666667,0.917017,0.931119,3
5819.KL,3/2/2020,0.0,0.0,0.0,0.0,0.0,0.0,0.0,0.0,0.0,0
5819.KL,3/2/2021,0.885614,0.918295,0.049023,0.032681,1.0,0.0,0.0,0.885614,0.918295,1
5819.KL,3/2/2022,0.911193,0.942106,0.026981,0.030913,1.0,0.0,0.0,0.911193,0.942106,1
5819.KL,3/2/2023,0.0,0.0,0.0,0.0,0.0,0.0,0.0,0.0,0.0,0
5819.KL,3/2/2024,0.0,0.0,0.0,0.0,0.0,0.0,0.0,0.0,0.0,0
5819.KL,3/2/2025,0.076732,0.089326,0.898079,0.012594,0.0,1.0,0.0,0.076732,0.898079,2
5819.KL,3/2/2026,0.862462,0.90533,0.051802,0.042868,1.0,0.0,0.0,0.862462,0.90533,1
5819.KL,3/3/2020,0.569925,0.714598,0.140728,0.144674,1.0,0.0,0.0,0.569925,0.714598,2
5819.KL,3/3/2021,0.0,0.0,0.0,0.0,0.0,0.0,0.0,0.0,0.0,0
5819.KL,3/3/2022,0.0,0.0,0.0,0.0,0.0,0.0,0.0,0.0,0.0,0
5819.KL,3/3/2023,0.0,0.0,0.0,0.0,0.0,0.0,0.0,0.0,0.0,0
5819.KL,3/3/2024,0.0,0.0,0.0,0.0,0.0,0.0,0.0,0.0,0.0,0
5819.KL,3/3/2025,0.086016,0.485105,0.115807,0.399089,0.666667,0.0,0.333333,0.641573,0.762883,3
5819.KL,3/3/2026,0.943438,0.956856,0.029726,0.013418,1.0,0.0,0.0,0.943438,0.956856,1
5819.KL,3/4/2020,0.0,0.0,0.0,0.0,0.0,0.0,0.0,0.0,0.0,0
5819.KL,3/4/2021,0.0,0.0,0.0,0.0,0.0,0.0,0.0,0.0,0.0,0
5819.KL,3/4/2022,0.0,0.0,0.0,0.0,0.0,0.0,0.0,0.0,0.0,0
5819.KL,3/4/2023,0.0,0.0,0.0,0.0,0.0,0.0,0.0,0.0,0.0,0
5819.KL,3/4/2024,-0.462615,0.023335,0.490715,0.48595,0.0,0.5,0.5,0.468493,0.947708,2
5819.KL,3/4/2025,0.175885,0.448674,0.278537,0.272789,0.5,0.25,0.25,0.606998,0.86521,4
5819.KL,3/5/2020,0.0,0.0,0.0,0.0,0.0,0.0,0.0,0.0,0.0,0
5819.KL,3/5/2021,0.0,0.0,0.0,0.0,0.0,0.0,0.0,0.0,0.0,0
5819.KL,3/5/2022,0.0,0.0,0.0,0.0,0.0,0.0,0.0,0.0,0.0,0
5819.KL,3/5/2023,0.0,0.0,0.0,0.0,0.0,0.0,0.0,0.0,0.0,0
5819.KL,3/5/2024,0.51433,0.53121,0.451911,0.01688,1.0,0.0,0.0,0.51433,0.902423,2
5819.KL,3/5/2025,0.0,0.0,0.0,0.0,0.0,0.0,0.0,0.0,0.0,0
5819.KL,3/6/2020,0.461235,0.64423,0.172775,0.182995,1.0,0.0,0.0,0.461235,0.64423,2
5819.KL,3/6/2021,0.0,0.0,0.0,0.0,0.0,0.0,0.0,0.0,0.0,0
5819.KL,3/6/2022,0.0,0.0,0.0,0.0,0.0,0.0,0.0,0.0,0.0,0
5819.KL,3/6/2023,0.622623,0.781385,0.059854,0.158761,1.0,0.0,0.0,0.622623,0.781385,1
5819.KL,3/6/2024,0.0,0.0,0.0,0.0,0.0,0.0,0.0,0.0,0.0,0
5819.KL,3/6/2025,0.247168,0.605747,0.035675,0.358578,0.666667,0.0,0.333333,0.836978,0.900652,3
5819.KL,3/7/2020,0.539489,0.56049,0.418509,0.021001,1.0,0.0,0.0,0.539489,0.871832,2
5819.KL,3/7/2021,0.0,0.0,0.0,0.0,0.0,0.0,0.0,0.0,0.0,0
5819.KL,3/7/2022,0.0,0.0,0.0,0.0,0.0,0.0,0.0,0.0,0.0,0
5819.KL,3/7/2023,0.117406,0.127205,0.862997,0.009798,1.0,0.0,0.0,0.117406,0.862997,1
5819.KL,3/7/2024,0.747116,0.838997,0.069123,0.091881,1.0,0.0,0.0,0.747116,0.838997,1
5819.KL,3/7/2025,0.890739,0.919709,0.05132,0.02897,1.0,0.0,0.0,0.890739,0.919709,2
5819.KL,3/8/2020,0.0,0.0,0.0,0.0,0.0,0.0,0.0,0.0,0.0,0
5819.KL,3/8/2021,0.070505,0.440655,0.189195,0.37015,0.333333,0.0,0.666667,0.536423,0.708824,3
5819.KL,3/8/2022,0.0,0.0,0.0,0.0,0.0,0.0,0.0,0.0,0.0,0
5819.KL,3/8/2023,0.767588,0.773763,0.220061,0.006176,1.0,0.0,0.0,0.767588,0.773763,1
5819.KL,3/8/2024,0.0,0.0,0.0,0.0,0.0,0.0,0.0,0.0,0.0,0
5819.KL,3/8/2025,0.0,0.0,0.0,0.0,0.0,0.0,0.0,0.0,0.0,0
5819.KL,3/9/2020,0.905292,0.93456,0.036173,0.029268,1.0,0.0,0.0,0.905292,0.93456,1
5819.KL,3/9/2021,0.0,0.0,0.0,0.0,0.0,0.0,0.0,0.0,0.0,0
5819.KL,3/9/2022,0.0,0.0,0.0,0.0,0.0,0.0,0.0,0.0,0.0,0
5819.KL,3/9/2023,0.0,0.0,0.0,0.0,0.0,0.0,0.0,0.0,0.0,0
5819.KL,3/9/2024,0.0,0.0,0.0,0.0,0.0,0.0,0.0,0.0,0.0,0
5819.KL,3/9/2025,-0.744033,0.116861,0.022246,0.860894,0.0,0.0,1.0,0.744033,0.860894,1
5819.KL,30/1/2020,-0.933846,0.018142,0.029869,0.951989,0.0,0.0,1.0,0.933846,0.951989,1
5819.KL,30/1/2021,0.0,0.0,0.0,0.0,0.0,0.0,0.0,0.0,0.0,0
5819.KL,30/1/2022,0.388703,0.588403,0.211896,0.199701,1.0,0.0,0.0,0.388703,0.588403,1
5819.KL,30/1/2023,0.536926,0.575429,0.386068,0.038503,1.0,0.0,0.0,0.536926,0.575429,1
5819.KL,30/1/2024,0.0,0.0,0.0,0.0,0.0,0.0,0.0,0.0,0.0,0
5819.KL,30/1/2025,0.0,0.0,0.0,0.0,0.0,0.0,0.0,0.0,0.0,0
5819.KL,30/1/2026,-0.779175,0.099028,0.022769,0.878203,0.0,0.0,1.0,0.779175,0.878203,1
5819.KL,30/10/2020,-0.480944,0.103114,0.312827,0.584059,0.0,0.0,1.0,0.480944,0.584059,1
5819.KL,30/10/2021,0.0,0.0,0.0,0.0,0.0,0.0,0.0,0.0,0.0,0
5819.KL,30/10/2022,0.0,0.0,0.0,0.0,0.0,0.0,0.0,0.0,0.0,0
5819.KL,30/10/2023,0.0,0.0,0.0,0.0,0.0,0.0,0.0,0.0,0.0,0
5819.KL,30/10/2024,0.446997,0.458109,0.53078,0.011111,0.75,0.25,0.0,0.446997,0.835659,4
5819.KL,30/10/2025,0.0,0.0,0.0,0.0,0.0,0.0,0.0,0.0,0.0,0
5819.KL,30/11/2020,0.323248,0.342682,0.637884,0.019434,0.333333,0.666667,0.0,0.323248,0.938212,3
5819.KL,30/11/2021,0.046115,0.057244,0.931626,0.01113,0.0,1.0,0.0,0.046115,0.931626,1
5819.KL,30/11/2022,0.0,0.0,0.0,0.0,0.0,0.0,0.0,0.0,0.0,0
5819.KL,30/11/2023,0.904617,0.919144,0.066329,0.014527,1.0,0.0,0.0,0.904617,0.919144,2
5819.KL,30/11/2024,-0.012961,0.026641,0.933757,0.039602,0.0,1.0,0.0,0.012961,0.933757,1
5819.KL,30/11/2025,0.0,0.0,0.0,0.0,0.0,0.0,0.0,0.0,0.0,0
5819.KL,30/12/2020,0.0,0.0,0.0,0.0,0.0,0.0,0.0,0.0,0.0,0
5819.KL,30/12/2021,0.642335,0.650984,0.340367,0.008649,1.0,0.0,0.0,0.642335,0.650984,1
5819.KL,30/12/2022,0.682323,0.704974,0.272374,0.022651,1.0,0.0,0.0,0.682323,0.858598,3
5819.KL,30/12/2023,0.0,0.0,0.0,0.0,0.0,0.0,0.0,0.0,0.0,0
5819.KL,30/12/2024,0.0,0.0,0.0,0.0,0.0,0.0,0.0,0.0,0.0,0
5819.KL,30/12/2025,0.906348,0.93532,0.035708,0.028972,1.0,0.0,0.0,0.906348,0.93532,1
5819.KL,30/3/2020,0.0,0.0,0.0,0.0,0.0,0.0,0.0,0.0,0.0,0
5819.KL,30/3/2021,-0.704271,0.095941,0.103846,0.800213,0.0,0.0,1.0,0.704271,0.800213,2
5819.KL,30/3/2022,0.112276,0.122689,0.866898,0.010413,1.0,0.0,0.0,0.112276,0.866898,1
5819.KL,30/3/2023,0.021379,0.479318,0.062743,0.457939,0.5,0.0,0.5,0.893801,0.915529,2
5819.KL,30/3/2024,0.0,0.0,0.0,0.0,0.0,0.0,0.0,0.0,0.0,0
5819.KL,30/3/2025,0.0,0.0,0.0,0.0,0.0,0.0,0.0,0.0,0.0,0
5819.KL,30/4/2020,0.0,0.0,0.0,0.0,0.0,0.0,0.0,0.0,0.0,0
5819.KL,30/4/2021,0.0,0.0,0.0,0.0,0.0,0.0,0.0,0.0,0.0,0
5819.KL,30/4/2022,0.031406,0.048635,0.934136,0.017229,0.0,1.0,0.0,0.031406,0.934136,1
5819.KL,30/4/2023,0.0,0.0,0.0,0.0,0.0,0.0,0.0,0.0,0.0,0
5819.KL,30/4/2024,0.0,0.0,0.0,0.0,0.0,0.0,0.0,0.0,0.0,0
5819.KL,30/4/2025,0.757762,0.76733,0.223103,0.009568,1.0,0.0,0.0,0.757762,0.76733,1
5819.KL,30/5/2020,0.0,0.0,0.0,0.0,0.0,0.0,0.0,0.0,0.0,0
5819.KL,30/5/2021,0.0,0.0,0.0,0.0,0.0,0.0,0.0,0.0,0.0,0
5819.KL,30/5/2022,0.015533,0.367147,0.281239,0.351614,0.333333,0.333333,0.333333,0.620216,0.866445,3
5819.KL,30/5/2023,-0.942812,0.014237,0.028713,0.95705,0.0,0.0,1.0,0.942812,0.95705,1
5819.KL,30/5/2024,-0.247726,0.257256,0.237762,0.504982,0.5,0.0,0.5,0.667867,0.715053,2
5819.KL,30/5/2025,0.076487,0.512426,0.051635,0.435939,0.5,0.0,0.5,0.817737,0.883051,4
5819.KL,30/6/2020,0.240044,0.250889,0.738266,0.010845,0.5,0.5,0.0,0.240044,0.738266,2
5819.KL,30/6/2021,-0.003066,0.478907,0.03912,0.481973,0.5,0.0,0.5,0.932062,0.946471,2
5819.KL,30/6/2022,0.394127,0.452433,0.489261,0.058306,1.0,0.0,0.0,0.394127,0.489261,1
5819.KL,30/6/2023,0.282389,0.294526,0.693336,0.012138,1.0,0.0,0.0,0.282389,0.693336,2
5819.KL,30/6/2024,0.0,0.0,0.0,0.0,0.0,0.0,0.0,0.0,0.0,0
5819.KL,30/6/2025,0.111834,0.539906,0.032023,0.428072,0.5,0.0,0.5,0.818337,0.893157,2
5819.KL,30/7/2020,0.0,0.0,0.0,0.0,0.0,0.0,0.0,0.0,0.0,0
5819.KL,30/7/2021,0.0,0.0,0.0,0.0,0.0,0.0,0.0,0.0,0.0,0
5819.KL,30/7/2022,0.893664,0.903232,0.0872,0.009568,1.0,0.0,0.0,0.893664,0.903232,1
5819.KL,30/7/2023,0.0,0.0,0.0,0.0,0.0,0.0,0.0,0.0,0.0,0
5819.KL,30/7/2024,0.101496,0.111371,0.878754,0.009875,1.0,0.0,0.0,0.101496,0.878754,1
5819.KL,30/7/2025,0.0,0.0,0.0,0.0,0.0,0.0,0.0,0.0,0.0,0
5819.KL,30/8/2020,0.0,0.0,0.0,0.0,0.0,0.0,0.0,0.0,0.0,0
5819.KL,30/8/2021,0.925838,0.949605,0.026629,0.023767,1.0,0.0,0.0,0.925838,0.949605,1
5819.KL,30/8/2022,0.298748,0.631936,0.034876,0.333188,0.666667,0.0,0.333333,0.89908,0.932102,3
5819.KL,30/8/2023,0.354766,0.377639,0.599488,0.022873,0.333333,0.666667,0.0,0.354766,0.909607,3
5819.KL,30/8/2024,0.48304,0.498765,0.48551,0.015725,0.5,0.5,0.0,0.48304,0.933355,2
5819.KL,30/8/2025,0.0,0.0,0.0,0.0,0.0,0.0,0.0,0.0,0.0,0
5819.KL,30/9/2020,0.886848,0.928667,0.029514,0.041819,1.0,0.0,0.0,0.886848,0.928667,1
5819.KL,30/9/2021,-0.856944,0.031086,0.080885,0.888029,0.0,0.0,1.0,0.856944,0.888029,1
5819.KL,30/9/2022,0.685198,0.691543,0.302112,0.006345,1.0,0.0,0.0,0.685198,0.691543,1
5819.KL,30/9/2023,0.056143,0.143967,0.768209,0.087824,0.5,0.5,0.0,0.056143,0.768209,2
5819.KL,30/9/2024,-0.891229,0.041609,0.025553,0.932838,0.0,0.0,1.0,0.891229,0.932838,2
5819.KL,30/9/2025,0.0,0.0,0.0,0.0,0.0,0.0,0.0,0.0,0.0,0
5819.KL,31/1/2020,0.0,0.0,0.0,0.0,0.0,0.0,0.0,0.0,0.0,0
5819.KL,31/1/2021,0.0,0.0,0.0,0.0,0.0,0.0,0.0,0.0,0.0,0
5819.KL,31/1/2022,0.469117,0.498589,0.471938,0.029472,0.5,0.5,0.0,0.469117,0.934807,2
5819.KL,31/1/2023,-0.878442,0.04006,0.041438,0.918502,0.0,0.0,1.0,0.878442,0.918502,2
5819.KL,31/1/2024,0.913557,0.929149,0.05526,0.015592,1.0,0.0,0.0,0.913557,0.929149,2
5819.KL,31/1/2025,0.0,0.0,0.0,0.0,0.0,0.0,0.0,0.0,0.0,0
5819.KL,31/1/2026,0.0,0.0,0.0,0.0,0.0,0.0,0.0,0.0,0.0,0
5819.KL,31/10/2020,-0.858916,0.022662,0.095759,0.881579,0.0,0.0,1.0,0.858916,0.881579,1
5819.KL,31/10/2021,0.0,0.0,0.0,0.0,0.0,0.0,0.0,0.0,0.0,0
5819.KL,31/10/2022,0.31798,0.574625,0.16873,0.256645,0.5,0.5,0.0,0.371533,0.601402,2
5819.KL,31/10/2023,0.865783,0.875827,0.11413,0.010044,1.0,0.0,0.0,0.865783,0.875827,1
5819.KL,31/10/2024,-0.811918,0.0168,0.154482,0.828718,0.0,0.0,1.0,0.811918,0.828718,1
5819.KL,31/10/2025,0.0,0.0,0.0,0.0,0.0,0.0,0.0,0.0,0.0,0
5819.KL,31/12/2020,0.0,0.0,0.0,0.0,0.0,0.0,0.0,0.0,0.0,0
5819.KL,31/12/2021,0.189813,0.443037,0.30374,0.253223,1.0,0.0,0.0,0.189813,0.443037,1
5819.KL,31/12/2022,0.0,0.0,0.0,0.0,0.0,0.0,0.0,0.0,0.0,0
5819.KL,31/12/2023,0.0,0.0,0.0,0.0,0.0,0.0,0.0,0.0,0.0,0
5819.KL,31/12/2024,0.244091,0.542142,0.159806,0.298051,0.5,0.0,0.5,0.464259,0.652226,2
5819.KL,31/12/2025,0.0,0.0,0.0,0.0,0.0,0.0,0.0,0.0,0.0,0
5819.KL,31/3/2020,0.124907,0.142432,0.840043,0.017525,1.0,0.0,0.0,0.124907,0.840043,1
5819.KL,31/3/2021,0.0,0.0,0.0,0.0,0.0,0.0,0.0,0.0,0.0,0
5819.KL,31/3/2022,0.0,0.0,0.0,0.0,0.0,0.0,0.0,0.0,0.0,0
5819.KL,31/3/2023,0.0,0.0,0.0,0.0,0.0,0.0,0.0,0.0,0.0,0
5819.KL,31/3/2024,0.0,0.0,0.0,0.0,0.0,0.0,0.0,0.0,0.0,0
5819.KL,31/3/2025,0.0,0.0,0.0,0.0,0.0,0.0,0.0,0.0,0.0,0
5819.KL,31/5/2020,0.0,0.0,0.0,0.0,0.0,0.0,0.0,0.0,0.0,0
5819.KL,31/5/2021,0.0,0.0,0.0,0.0,0.0,0.0,0.0,0.0,0.0,0
5819.KL,31/5/2022,-0.615622,0.027418,0.329542,0.64304,0.0,0.333333,0.666667,0.640525,0.950526,3
5819.KL,31/5/2023,0.055984,0.076731,0.902523,0.020746,0.0,1.0,0.0,0.055984,0.902523,1
5819.KL,31/5/2024,0.311441,0.561252,0.188937,0.249811,0.5,0.333333,0.166667,0.622219,0.864843,6
5819.KL,31/5/2025,0.0,0.0,0.0,0.0,0.0,0.0,0.0,0.0,0.0,0
5819.KL,31/7/2020,0.519945,0.530541,0.458864,0.010596,1.0,0.0,0.0,0.519945,0.530541,1
5819.KL,31/7/2021,0.0,0.0,0.0,0.0,0.0,0.0,0.0,0.0,0.0,0
5819.KL,31/7/2022,0.0,0.0,0.0,0.0,0.0,0.0,0.0,0.0,0.0,0
5819.KL,31/7/2023,0.796746,0.803137,0.190472,0.006391,1.0,0.0,0.0,0.796746,0.803137,1
5819.KL,31/7/2024,0.0,0.0,0.0,0.0,0.0,0.0,0.0,0.0,0.0,0
5819.KL,31/7/2025,-0.889318,0.042568,0.025547,0.931885,0.0,0.0,1.0,0.889318,0.931885,1
5819.KL,31/8/2020,0.0,0.0,0.0,0.0,0.0,0.0,0.0,0.0,0.0,0
5819.KL,31/8/2021,0.0,0.0,0.0,0.0,0.0,0.0,0.0,0.0,0.0,0
5819.KL,31/8/2022,-0.679791,0.022811,0.274588,0.702601,0.0,0.0,1.0,0.679791,0.702601,1
5819.KL,31/8/2023,-0.136764,0.412509,0.038218,0.549273,0.5,0.0,0.5,0.816644,0.889213,2
5819.KL,31/8/2024,0.0,0.0,0.0,0.0,0.0,0.0,0.0,0.0,0.0,0
5819.KL,31/8/2025,0.0,0.0,0.0,0.0,0.0,0.0,0.0,0.0,0.0,0
5819.KL,4/1/2020,0.0,0.0,0.0,0.0,0.0,0.0,0.0,0.0,0.0,0
5819.KL,4/1/2021,0.0,0.0,0.0,0.0,0.0,0.0,0.0,0.0,0.0,0
5819.KL,4/1/2022,0.318754,0.479754,0.359247,0.160999,0.5,0.0,0.5,0.580096,0.788417,2
5819.KL,4/1/2023,-0.129348,0.424284,0.022084,0.553632,0.5,0.0,0.5,0.826159,0.902038,2
5819.KL,4/1/2024,0.44358,0.686276,0.071028,0.242696,0.5,0.5,0.0,0.44358,0.686276,2
5819.KL,4/1/2025,0.0,0.0,0.0,0.0,0.0,0.0,0.0,0.0,0.0,0
5819.KL,4/1/2026,0.0,0.0,0.0,0.0,0.0,0.0,0.0,0.0,0.0,0
5819.KL,4/10/2020,0.0,0.0,0.0,0.0,0.0,0.0,0.0,0.0,0.0,0
5819.KL,4/10/2021,-0.911149,0.028922,0.031007,0.940071,0.0,0.0,1.0,0.911149,0.940071,1
5819.KL,4/10/2022,0.917783,0.938876,0.040031,0.021093,1.0,0.0,0.0,0.917783,0.938876,1
5819.KL,4/10/2023,-0.43781,0.04506,0.47207,0.48287,0.0,0.5,0.5,0.50417,0.935033,2
5819.KL,4/10/2024,0.215951,0.48728,0.241391,0.271329,0.5,0.0,0.5,0.673832,0.716221,2
5819.KL,4/10/2025,0.0,0.0,0.0,0.0,0.0,0.0,0.0,0.0,0.0,0
5819.KL,4/11/2020,0.366472,0.658142,0.050189,0.291669,1.0,0.0,0.0,0.366472,0.658142,1
5819.KL,4/11/2021,0.0,0.0,0.0,0.0,0.0,0.0,0.0,0.0,0.0,0
5819.KL,4/11/2022,0.21913,0.587093,0.044943,0.367964,0.666667,0.0,0.333333,0.733182,0.844119,3
5819.KL,4/11/2023,0.0,0.0,0.0,0.0,0.0,0.0,0.0,0.0,0.0,0
5819.KL,4/11/2024,0.738939,0.82417,0.0906,0.085231,1.0,0.0,0.0,0.738939,0.82417,1
5819.KL,4/11/2025,0.211022,0.468351,0.274319,0.25733,0.666667,0.0,0.333333,0.520255,0.709598,3
5819.KL,4/12/2020,0.787039,0.836883,0.113272,0.049844,1.0,0.0,0.0,0.787039,0.836883,1
5819.KL,4/12/2021,0.0,0.0,0.0,0.0,0.0,0.0,0.0,0.0,0.0,0
5819.KL,4/12/2022,0.0,0.0,0.0,0.0,0.0,0.0,0.0,0.0,0.0,0
5819.KL,4/12/2023,0.0,0.0,0.0,0.0,0.0,0.0,0.0,0.0,0.0,0
5819.KL,4/12/2024,0.0,0.0,0.0,0.0,0.0,0.0,0.0,0.0,0.0,0
5819.KL,4/12/2025,0.94131,0.954748,0.031815,0.013438,1.0,0.0,0.0,0.94131,0.954748,1
5819.KL,4/2/2020,0.0,0.0,0.0,0.0,0.0,0.0,0.0,0.0,0.0,0
5819.KL,4/2/2021,0.062816,0.383887,0.295042,0.321071,0.666667,0.0,0.333333,0.653221,0.703424,3
5819.KL,4/2/2022,0.0,0.0,0.0,0.0,0.0,0.0,0.0,0.0,0.0,0
5819.KL,4/2/2023,0.0,0.0,0.0,0.0,0.0,0.0,0.0,0.0,0.0,0
5819.KL,4/2/2024,0.0,0.0,0.0,0.0,0.0,0.0,0.0,0.0,0.0,0
5819.KL,4/2/2025,0.596754,0.74491,0.106933,0.148156,0.75,0.0,0.25,0.679451,0.786259,4
5819.KL,4/2/2026,0.659399,0.799005,0.061389,0.139606,1.0,0.0,0.0,0.659399,0.799005,1
5819.KL,4/3/2020,-0.102529,0.424892,0.047686,0.527421,0.5,0.0,0.5,0.832525,0.892419,4
5819.KL,4/3/2021,0.026666,0.392952,0.240763,0.366285,0.0,1.0,0.0,0.026666,0.392952,1
5819.KL,4/3/2022,0.0,0.0,0.0,0.0,0.0,0.0,0.0,0.0,0.0,0
5819.KL,4/3/2023,0.0,0.0,0.0,0.0,0.0,0.0,0.0,0.0,0.0,0
5819.KL,4/3/2024,-0.433226,0.107275,0.352224,0.540501,0.0,0.0,1.0,0.433226,0.540501,1
5819.KL,4/3/2025,-0.351055,0.16161,0.325724,0.512665,0.25,0.125,0.625,0.599774,0.850995,8
5819.KL,4/3/2026,-0.910565,0.030744,0.027948,0.941308,0.0,0.0,1.0,0.910565,0.941308,1
5819.KL,4/4/2020,-0.632378,0.168563,0.030496,0.800941,0.0,0.0,1.0,0.632378,0.800941,1
5819.KL,4/4/2021,0.0,0.0,0.0,0.0,0.0,0.0,0.0,0.0,0.0,0
5819.KL,4/4/2022,0.0,0.0,0.0,0.0,0.0,0.0,0.0,0.0,0.0,0
5819.KL,4/4/2023,0.0,0.0,0.0,0.0,0.0,0.0,0.0,0.0,0.0,0
5819.KL,4/4/2024,0.00578,0.028136,0.949507,0.022357,0.0,1.0,0.0,0.00578,0.949507,1
5819.KL,4/4/2025,-0.944648,0.019409,0.016534,0.964057,0.0,0.0,1.0,0.944648,0.964057,1
5819.KL,4/5/2020,-0.915257,0.020387,0.043969,0.935644,0.0,0.0,1.0,0.915257,0.935644,2
5819.KL,4/5/2021,0.0,0.0,0.0,0.0,0.0,0.0,0.0,0.0,0.0,0
5819.KL,4/5/2022,0.875287,0.884308,0.106671,0.009021,1.0,0.0,0.0,0.875287,0.884308,1
5819.KL,4/5/2023,0.876755,0.886398,0.10396,0.009642,1.0,0.0,0.0,0.876755,0.886398,1
5819.KL,4/5/2024,0.0,0.0,0.0,0.0,0.0,0.0,0.0,0.0,0.0,0
5819.KL,4/5/2025,0.0,0.0,0.0,0.0,0.0,0.0,0.0,0.0,0.0,0
5819.KL,4/6/2020,-0.258503,0.21533,0.310838,0.473833,0.0,0.0,1.0,0.258503,0.473833,1
5819.KL,4/6/2021,-0.962271,0.011098,0.015533,0.973369,0.0,0.0,1.0,0.962271,0.973369,1
5819.KL,4/6/2022,-0.946229,0.009551,0.034669,0.95578,0.0,0.0,1.0,0.946229,0.95578,1
5819.KL,4/6/2023,0.0,0.0,0.0,0.0,0.0,0.0,0.0,0.0,0.0,0
5819.KL,4/6/2024,0.788266,0.883556,0.021155,0.09529,1.0,0.0,0.0,0.788266,0.883556,1
5819.KL,4/6/2025,0.057408,0.074286,0.908836,0.016878,0.0,1.0,0.0,0.057408,0.908836,1
5819.KL,4/7/2020,0.901445,0.923804,0.053837,0.022359,1.0,0.0,0.0,0.901445,0.923804,1
5819.KL,4/7/2021,0.0,0.0,0.0,0.0,0.0,0.0,0.0,0.0,0.0,0
5819.KL,4/7/2022,0.0,0.0,0.0,0.0,0.0,0.0,0.0,0.0,0.0,0
5819.KL,4/7/2023,-0.004388,0.249288,0.497037,0.253675,0.25,0.5,0.25,0.47278,0.880878,4
5819.KL,4/7/2024,0.0,0.0,0.0,0.0,0.0,0.0,0.0,0.0,0.0,0
5819.KL,4/7/2025,0.607137,0.63695,0.333238,0.029813,1.0,0.0,0.0,0.607137,0.781052,2
5819.KL,4/8/2020,0.0,0.0,0.0,0.0,0.0,0.0,0.0,0.0,0.0,0
5819.KL,4/8/2021,0.032305,0.047861,0.936583,0.015556,0.0,1.0,0.0,0.032305,0.936583,1
5819.KL,4/8/2022,0.0,0.0,0.0,0.0,0.0,0.0,0.0,0.0,0.0,0
5819.KL,4/8/2023,0.76824,0.856005,0.05623,0.087765,1.0,0.0,0.0,0.76824,0.856005,2
5819.KL,4/8/2024,0.0,0.0,0.0,0.0,0.0,0.0,0.0,0.0,0.0,0
5819.KL,4/8/2025,-0.910666,0.032458,0.024418,0.943124,0.0,0.0,1.0,0.910666,0.943124,2
5819.KL,4/9/2020,0.93088,0.952375,0.02613,0.021495,1.0,0.0,0.0,0.93088,0.952375,1
5819.KL,4/9/2021,0.0,0.0,0.0,0.0,0.0,0.0,0.0,0.0,0.0,0
5819.KL,4/9/2022,0.0,0.0,0.0,0.0,0.0,0.0,0.0,0.0,0.0,0
5819.KL,4/9/2023,0.684151,0.813762,0.056626,0.129612,1.0,0.0,0.0,0.684151,0.813762,1
5819.KL,4/9/2024,0.0,0.0,0.0,0.0,0.0,0.0,0.0,0.0,0.0,0
5819.KL,4/9/2025,0.044728,0.511057,0.022614,0.466329,0.0,1.0,0.0,0.044728,0.511057,1
5819.KL,5/1/2020,0.0,0.0,0.0,0.0,0.0,0.0,0.0,0.0,0.0,0
5819.KL,5/1/2021,-0.957173,0.011018,0.020791,0.968191,0.0,0.0,1.0,0.957173,0.968191,2
5819.KL,5/1/2022,-0.951407,0.015856,0.016881,0.967263,0.0,0.0,1.0,0.951407,0.967263,1
5819.KL,5/1/2023,0.793786,0.804769,0.184248,0.010983,1.0,0.0,0.0,0.793786,0.804769,1
5819.KL,5/1/2024,0.890962,0.915799,0.059365,0.024837,1.0,0.0,0.0,0.890962,0.915799,3
5819.KL,5/1/2025,0.0,0.0,0.0,0.0,0.0,0.0,0.0,0.0,0.0,0
5819.KL,5/1/2026,0.641169,0.672091,0.296987,0.030922,0.75,0.25,0.0,0.641169,0.888813,4
5819.KL,5/10/2020,0.0,0.0,0.0,0.0,0.0,0.0,0.0,0.0,0.0,0
5819.KL,5/10/2021,-0.897847,0.018745,0.064663,0.916592,0.0,0.0,1.0,0.897847,0.916592,1
5819.KL,5/10/2022,-7.1e-05,0.482308,0.035313,0.482379,0.5,0.0,0.5,0.912904,0.938796,2
5819.KL,5/10/2023,-0.954441,0.015774,0.014012,0.970215,0.0,0.0,1.0,0.954441,0.970215,1
5819.KL,5/10/2024,0.0,0.0,0.0,0.0,0.0,0.0,0.0,0.0,0.0,0
5819.KL,5/10/2025,0.0,0.0,0.0,0.0,0.0,0.0,0.0,0.0,0.0,0
5819.KL,5/11/2020,0.135944,0.366605,0.402733,0.230661,0.666667,0.0,0.333333,0.424591,0.697987,3
5819.KL,5/11/2021,0.0,0.0,0.0,0.0,0.0,0.0,0.0,0.0,0.0,0
5819.KL,5/11/2022,0.359016,0.366762,0.625491,0.007747,1.0,0.0,0.0,0.359016,0.625491,1
5819.KL,5/11/2023,0.0,0.0,0.0,0.0,0.0,0.0,0.0,0.0,0.0,0
5819.KL,5/11/2024,0.0,0.0,0.0,0.0,0.0,0.0,0.0,0.0,0.0,0
5819.KL,5/11/2025,-0.043039,0.465218,0.026526,0.508256,0.5,0.0,0.5,0.874998,0.924236,2
5819.KL,5/12/2020,0.366404,0.394575,0.577254,0.028171,1.0,0.0,0.0,0.366404,0.577254,1
5819.KL,5/12/2021,0.0,0.0,0.0,0.0,0.0,0.0,0.0,0.0,0.0,0
5819.KL,5/12/2022,0.0,0.0,0.0,0.0,0.0,0.0,0.0,0.0,0.0,0
5819.KL,5/12/2023,0.0,0.0,0.0,0.0,0.0,0.0,0.0,0.0,0.0,0
5819.KL,5/12/2024,0.907214,0.939551,0.028113,0.032337,1.0,0.0,0.0,0.907214,0.939551,1
5819.KL,5/12/2025,-0.006236,0.482735,0.028294,0.488971,0.5,0.0,0.5,0.940362,0.956034,2
5819.KL,5/2/2020,0.0,0.0,0.0,0.0,0.0,0.0,0.0,0.0,0.0,0
5819.KL,5/2/2021,-0.885607,0.014963,0.084467,0.90057,0.0,0.0,1.0,0.885607,0.90057,1
5819.KL,5/2/2022,0.0,0.0,0.0,0.0,0.0,0.0,0.0,0.0,0.0,0
5819.KL,5/2/2023,-0.764985,0.096109,0.042796,0.861095,0.0,0.0,1.0,0.764985,0.861095,1
5819.KL,5/2/2024,0.930721,0.947646,0.035428,0.016926,1.0,0.0,0.0,0.930721,0.947646,2
5819.KL,5/2/2025,0.935309,0.951534,0.032241,0.016225,1.0,0.0,0.0,0.935309,0.951534,2
5819.KL,5/2/2026,0.914181,0.937191,0.039798,0.023011,1.0,0.0,0.0,0.914181,0.937191,1
5819.KL,5/3/2020,-0.235281,0.151697,0.461324,0.386979,0.0,0.0,1.0,0.235281,0.563958,2
5819.KL,5/3/2021,0.884401,0.927838,0.028726,0.043436,1.0,0.0,0.0,0.884401,0.927838,1
5819.KL,5/3/2022,0.0,0.0,0.0,0.0,0.0,0.0,0.0,0.0,0.0,0
5819.KL,5/3/2023,0.0,0.0,0.0,0.0,0.0,0.0,0.0,0.0,0.0,0
5819.KL,5/3/2024,0.608622,0.638646,0.331331,0.030024,1.0,0.0,0.0,0.608622,0.74944,2
5819.KL,5/3/2025,0.0,0.0,0.0,0.0,0.0,0.0,0.0,0.0,0.0,0
5819.KL,5/3/2026,-0.799383,0.055668,0.08928,0.855052,0.0,0.0,1.0,0.799383,0.855052,1
5819.KL,5/4/2020,0.0,0.0,0.0,0.0,0.0,0.0,0.0,0.0,0.0,0
5819.KL,5/4/2021,0.0,0.0,0.0,0.0,0.0,0.0,0.0,0.0,0.0,0
5819.KL,5/4/2022,0.0,0.0,0.0,0.0,0.0,0.0,0.0,0.0,0.0,0
5819.KL,5/4/2023,0.713387,0.723914,0.265558,0.010528,1.0,0.0,0.0,0.713387,0.723914,1
5819.KL,5/4/2024,0.0,0.0,0.0,0.0,0.0,0.0,0.0,0.0,0.0,0
5819.KL,5/4/2025,0.0,0.0,0.0,0.0,0.0,0.0,0.0,0.0,0.0,0
5819.KL,5/5/2020,0.140437,0.253986,0.632466,0.113548,0.5,0.5,0.0,0.140437,0.632466,2
5819.KL,5/5/2021,0.0,0.0,0.0,0.0,0.0,0.0,0.0,0.0,0.0,0
5819.KL,5/5/2022,0.148284,0.452596,0.243093,0.304312,0.75,0.0,0.25,0.610262,0.740945,4
5819.KL,5/5/2023,-0.137998,0.416429,0.029144,0.554427,0.0,0.0,1.0,0.137998,0.554427,1
5819.KL,5/5/2024,0.0,0.0,0.0,0.0,0.0,0.0,0.0,0.0,0.0,0
5819.KL,5/5/2025,0.0,0.0,0.0,0.0,0.0,0.0,0.0,0.0,0.0,0
5819.KL,5/6/2020,0.0,0.0,0.0,0.0,0.0,0.0,0.0,0.0,0.0,0
5819.KL,5/6/2021,0.0,0.0,0.0,0.0,0.0,0.0,0.0,0.0,0.0,0
5819.KL,5/6/2022,0.0,0.0,0.0,0.0,0.0,0.0,0.0,0.0,0.0,0
5819.KL,5/6/2023,0.0,0.0,0.0,0.0,0.0,0.0,0.0,0.0,0.0,0
5819.KL,5/6/2024,0.286402,0.611317,0.063767,0.324916,0.666667,0.0,0.333333,0.911121,0.923677,3
5819.KL,5/6/2025,0.922796,0.931668,0.05946,0.008872,1.0,0.0,0.0,0.922796,0.931668,1
5819.KL,5/7/2020,0.0,0.0,0.0,0.0,0.0,0.0,0.0,0.0,0.0,0
5819.KL,5/7/2021,-0.937165,0.020306,0.022222,0.957472,0.0,0.0,1.0,0.937165,0.957472,1
5819.KL,5/7/2022,0.902245,0.926818,0.048609,0.024573,1.0,0.0,0.0,0.902245,0.926818,1
5819.KL,5/7/2023,0.534925,0.725656,0.083613,0.190731,0.833333,0.0,0.166667,0.628894,0.77264,6
5819.KL,5/7/2024,-0.921013,0.02301,0.032967,0.944023,0.0,0.0,1.0,0.921013,0.944023,1
5819.KL,5/7/2025,0.0,0.0,0.0,0.0,0.0,0.0,0.0,0.0,0.0,0
5819.KL,5/8/2020,0.7171,0.753559,0.209981,0.036459,1.0,0.0,0.0,0.7171,0.753559,1
5819.KL,5/8/2021,0.0,0.0,0.0,0.0,0.0,0.0,0.0,0.0,0.0,0
5819.KL,5/8/2022,0.0,0.0,0.0,0.0,0.0,0.0,0.0,0.0,0.0,0
5819.KL,5/8/2023,0.884766,0.918478,0.04781,0.033712,1.0,0.0,0.0,0.884766,0.918478,2
5819.KL,5/8/2024,0.0,0.0,0.0,0.0,0.0,0.0,0.0,0.0,0.0,0
5819.KL,5/8/2025,-0.896067,0.029378,0.045177,0.925445,0.0,0.0,1.0,0.896067,0.925445,2
5819.KL,5/9/2020,0.0,0.0,0.0,0.0,0.0,0.0,0.0,0.0,0.0,0
5819.KL,5/9/2021,0.0,0.0,0.0,0.0,0.0,0.0,0.0,0.0,0.0,0
5819.KL,5/9/2022,0.040663,0.053162,0.934339,0.012499,0.0,1.0,0.0,0.040663,0.934339,1
5819.KL,5/9/2023,0.0,0.0,0.0,0.0,0.0,0.0,0.0,0.0,0.0,0
5819.KL,5/9/2024,0.941304,0.953157,0.03499,0.011853,1.0,0.0,0.0,0.941304,0.953157,1
5819.KL,5/9/2025,0.931336,0.941041,0.049254,0.009705,1.0,0.0,0.0,0.931336,0.941041,1
5819.KL,6/1/2020,-0.936845,0.016728,0.029699,0.953573,0.0,0.0,1.0,0.936845,0.953573,1
5819.KL,6/1/2021,-0.909014,0.026337,0.038312,0.935351,0.0,0.0,1.0,0.909014,0.935351,1
5819.KL,6/1/2022,0.0,0.0,0.0,0.0,0.0,0.0,0.0,0.0,0.0,0
5819.KL,6/1/2023,0.0,0.0,0.0,0.0,0.0,0.0,0.0,0.0,0.0,0
5819.KL,6/1/2024,0.0,0.0,0.0,0.0,0.0,0.0,0.0,0.0,0.0,0
5819.KL,6/1/2025,-0.928695,0.011151,0.049002,0.939846,0.0,0.0,1.0,0.928695,0.939846,1
5819.KL,6/1/2026,0.893618,0.929432,0.034755,0.035813,1.0,0.0,0.0,0.893618,0.929432,1
5819.KL,6/10/2020,0.0,0.0,0.0,0.0,0.0,0.0,0.0,0.0,0.0,0
5819.KL,6/10/2021,0.776261,0.859974,0.056313,0.083713,1.0,0.0,0.0,0.776261,0.859974,1
5819.KL,6/10/2022,0.86421,0.915457,0.033297,0.051247,1.0,0.0,0.0,0.86421,0.915457,1
5819.KL,6/10/2023,0.0,0.0,0.0,0.0,0.0,0.0,0.0,0.0,0.0,0
5819.KL,6/10/2024,0.0,0.0,0.0,0.0,0.0,0.0,0.0,0.0,0.0,0
5819.KL,6/10/2025,0.825056,0.884231,0.056594,0.059175,1.0,0.0,0.0,0.825056,0.884231,1
5819.KL,6/11/2020,0.0,0.0,0.0,0.0,0.0,0.0,0.0,0.0,0.0,0
5819.KL,6/11/2021,0.0,0.0,0.0,0.0,0.0,0.0,0.0,0.0,0.0,0
5819.KL,6/11/2022,0.0,0.0,0.0,0.0,0.0,0.0,0.0,0.0,0.0,0
5819.KL,6/11/2023,0.0,0.0,0.0,0.0,0.0,0.0,0.0,0.0,0.0,0
5819.KL,6/11/2024,0.0,0.0,0.0,0.0,0.0,0.0,0.0,0.0,0.0,0
5819.KL,6/11/2025,-0.954549,0.011283,0.022885,0.965832,0.0,0.0,1.0,0.954549,0.965832,1
5819.KL,6/12/2020,0.0,0.0,0.0,0.0,0.0,0.0,0.0,0.0,0.0,0
5819.KL,6/12/2021,0.0,0.0,0.0,0.0,0.0,0.0,0.0,0.0,0.0,0
5819.KL,6/12/2022,0.465414,0.49867,0.468073,0.033256,0.5,0.5,0.0,0.465414,0.916099,2
5819.KL,6/12/2023,0.0,0.0,0.0,0.0,0.0,0.0,0.0,0.0,0.0,0
5819.KL,6/12/2024,0.901477,0.932897,0.035684,0.031419,1.0,0.0,0.0,0.901477,0.932897,2
5819.KL,6/12/2025,0.0,0.0,0.0,0.0,0.0,0.0,0.0,0.0,0.0,0
5819.KL,6/2/2020,0.897838,0.934697,0.028444,0.036859,1.0,0.0,0.0,0.897838,0.934697,2
5819.KL,6/2/2021,0.098615,0.112409,0.873797,0.013794,0.0,1.0,0.0,0.098615,0.873797,1
5819.KL,6/2/2022,0.0,0.0,0.0,0.0,0.0,0.0,0.0,0.0,0.0,0
5819.KL,6/2/2023,0.112653,0.463723,0.185207,0.35107,1.0,0.0,0.0,0.112653,0.463723,1
5819.KL,6/2/2024,0.0,0.0,0.0,0.0,0.0,0.0,0.0,0.0,0.0,0
5819.KL,6/2/2025,0.0,0.0,0.0,0.0,0.0,0.0,0.0,0.0,0.0,0
5819.KL,6/2/2026,-0.624298,0.02544,0.324822,0.649738,0.0,0.333333,0.666667,0.628778,0.950063,3
5819.KL,6/3/2020,-0.925919,0.020171,0.03374,0.946089,0.0,0.0,1.0,0.925919,0.946089,1
5819.KL,6/3/2021,0.0,0.0,0.0,0.0,0.0,0.0,0.0,0.0,0.0,0
5819.KL,6/3/2022,0.0,0.0,0.0,0.0,0.0,0.0,0.0,0.0,0.0,0
5819.KL,6/3/2023,0.0,0.0,0.0,0.0,0.0,0.0,0.0,0.0,0.0,0
5819.KL,6/3/2024,0.0,0.0,0.0,0.0,0.0,0.0,0.0,0.0,0.0,0
5819.KL,6/3/2025,-0.638123,0.160368,0.041142,0.798491,0.0,0.0,1.0,0.638123,0.798491,1
5819.KL,6/3/2026,-0.003749,0.263515,0.469222,0.267263,0.0,1.0,0.0,0.092344,0.652642,2
5819.KL,6/4/2020,0.0,0.0,0.0,0.0,0.0,0.0,0.0,0.0,0.0,0
5819.KL,6/4/2021,0.209969,0.388907,0.432155,0.178938,0.333333,0.666667,0.0,0.259549,0.702149,3
5819.KL,6/4/2022,-0.916546,0.030719,0.022017,0.947264,0.0,0.0,1.0,0.916546,0.947264,1
5819.KL,6/4/2023,0.0,0.0,0.0,0.0,0.0,0.0,0.0,0.0,0.0,0
5819.KL,6/4/2024,0.0,0.0,0.0,0.0,0.0,0.0,0.0,0.0,0.0,0
5819.KL,6/4/2025,0.0,0.0,0.0,0.0,0.0,0.0,0.0,0.0,0.0,0
5819.KL,6/5/2020,0.817152,0.889186,0.038779,0.072035,1.0,0.0,0.0,0.817152,0.889186,1
5819.KL,6/5/2021,0.0,0.0,0.0,0.0,0.0,0.0,0.0,0.0,0.0,0
5819.KL,6/5/2022,-0.829727,0.054733,0.060808,0.88446,0.0,0.0,1.0,0.829727,0.88446,1
5819.KL,6/5/2023,0.021029,0.03902,0.942989,0.017991,0.0,1.0,0.0,0.021029,0.942989,1
5819.KL,6/5/2024,-0.889038,0.047328,0.016305,0.936367,0.0,0.0,1.0,0.889038,0.936367,1
5819.KL,6/5/2025,-0.019137,0.433875,0.113113,0.453012,0.5,0.0,0.5,0.82211,0.854498,2
5819.KL,6/6/2020,0.0,0.0,0.0,0.0,0.0,0.0,0.0,0.0,0.0,0
5819.KL,6/6/2021,0.0,0.0,0.0,0.0,0.0,0.0,0.0,0.0,0.0,0
5819.KL,6/6/2022,0.0,0.0,0.0,0.0,0.0,0.0,0.0,0.0,0.0,0
5819.KL,6/6/2023,0.017945,0.054092,0.909761,0.036147,0.0,1.0,0.0,0.017945,0.909761,1
5819.KL,6/6/2024,0.568906,0.670029,0.228848,0.101123,0.75,0.0,0.25,0.674279,0.810113,4
5819.KL,6/6/2025,0.0,0.0,0.0,0.0,0.0,0.0,0.0,0.0,0.0,0
5819.KL,6/7/2020,0.0,0.0,0.0,0.0,0.0,0.0,0.0,0.0,0.0,0
5819.KL,6/7/2021,0.0,0.0,0.0,0.0,0.0,0.0,0.0,0.0,0.0,0
5819.KL,6/7/2022,-0.077765,0.052577,0.817082,0.130342,0.0,1.0,0.0,0.077765,0.817082,1
5819.KL,6/7/2023,-0.017768,0.468907,0.044419,0.486675,0.5,0.0,0.5,0.930608,0.943094,2
5819.KL,6/7/2024,0.0,0.0,0.0,0.0,0.0,0.0,0.0,0.0,0.0,0
5819.KL,6/7/2025,0.0,0.0,0.0,0.0,0.0,0.0,0.0,0.0,0.0,0
5819.KL,6/8/2020,0.835297,0.875479,0.084339,0.040182,1.0,0.0,0.0,0.835297,0.875479,1
5819.KL,6/8/2021,0.0,0.0,0.0,0.0,0.0,0.0,0.0,0.0,0.0,0
5819.KL,6/8/2022,0.0,0.0,0.0,0.0,0.0,0.0,0.0,0.0,0.0,0
5819.KL,6/8/2023,0.0,0.0,0.0,0.0,0.0,0.0,0.0,0.0,0.0,0
5819.KL,6/8/2024,0.0,0.0,0.0,0.0,0.0,0.0,0.0,0.0,0.0,0
5819.KL,6/8/2025,0.0,0.0,0.0,0.0,0.0,0.0,0.0,0.0,0.0,0
5819.KL,6/9/2020,0.0,0.0,0.0,0.0,0.0,0.0,0.0,0.0,0.0,0
5819.KL,6/9/2021,0.0,0.0,0.0,0.0,0.0,0.0,0.0,0.0,0.0,0
5819.KL,6/9/2022,-0.058311,0.449519,0.04265,0.50783,0.5,0.0,0.5,0.867667,0.912508,2
5819.KL,6/9/2023,0.383477,0.539409,0.304659,0.155932,1.0,0.0,0.0,0.383477,0.539409,1
5819.KL,6/9/2024,-0.287092,0.129625,0.453659,0.416717,0.5,0.0,0.5,0.514436,0.793193,2
5819.KL,6/9/2025,0.0,0.0,0.0,0.0,0.0,0.0,0.0,0.0,0.0,0
5819.KL,7/1/2020,-0.44448,0.043659,0.468202,0.488139,0.0,0.5,0.5,0.498311,0.932543,2
5819.KL,7/1/2021,0.0,0.0,0.0,0.0,0.0,0.0,0.0,0.0,0.0,0
5819.KL,7/1/2022,0.925038,0.940316,0.044406,0.015278,1.0,0.0,0.0,0.925038,0.940316,1
5819.KL,7/1/2023,0.0,0.0,0.0,0.0,0.0,0.0,0.0,0.0,0.0,0
5819.KL,7/1/2024,0.0,0.0,0.0,0.0,0.0,0.0,0.0,0.0,0.0,0
5819.KL,7/1/2025,0.0,0.0,0.0,0.0,0.0,0.0,0.0,0.0,0.0,0
5819.KL,7/1/2026,0.84567,0.861964,0.121742,0.016294,1.0,0.0,0.0,0.84567,0.861964,1
5819.KL,7/10/2020,0.0,0.0,0.0,0.0,0.0,0.0,0.0,0.0,0.0,0
5819.KL,7/10/2021,0.0,0.0,0.0,0.0,0.0,0.0,0.0,0.0,0.0,0
5819.KL,7/10/2022,-0.011847,0.317392,0.353368,0.32924,0.333333,0.333333,0.333333,0.61442,0.89903,3
5819.KL,7/10/2023,0.0,0.0,0.0,0.0,0.0,0.0,0.0,0.0,0.0,0
5819.KL,7/10/2024,0.0,0.0,0.0,0.0,0.0,0.0,0.0,0.0,0.0,0
5819.KL,7/10/2025,0.923376,0.936932,0.049511,0.013557,1.0,0.0,0.0,0.923376,0.936932,1
5819.KL,7/11/2020,0.0,0.0,0.0,0.0,0.0,0.0,0.0,0.0,0.0,0
5819.KL,7/11/2021,0.0,0.0,0.0,0.0,0.0,0.0,0.0,0.0,0.0,0
5819.KL,7/11/2022,0.0,0.0,0.0,0.0,0.0,0.0,0.0,0.0,0.0,0
5819.KL,7/11/2023,0.0,0.0,0.0,0.0,0.0,0.0,0.0,0.0,0.0,0
5819.KL,7/11/2024,0.142444,0.544475,0.053495,0.40203,0.666667,0.0,0.333333,0.775654,0.86108,3
5819.KL,7/11/2025,0.839622,0.896715,0.046193,0.057093,1.0,0.0,0.0,0.839622,0.896715,3
5819.KL,7/12/2020,0.0,0.0,0.0,0.0,0.0,0.0,0.0,0.0,0.0,0
5819.KL,7/12/2021,0.0,0.0,0.0,0.0,0.0,0.0,0.0,0.0,0.0,0
5819.KL,7/12/2022,-0.450161,0.065497,0.418844,0.515658,0.0,0.0,1.0,0.450161,0.714059,3
5819.KL,7/12/2023,0.136656,0.529495,0.077665,0.39284,0.5,0.0,0.5,0.790739,0.856537,2
5819.KL,7/12/2024,0.0,0.0,0.0,0.0,0.0,0.0,0.0,0.0,0.0,0
5819.KL,7/12/2025,0.0,0.0,0.0,0.0,0.0,0.0,0.0,0.0,0.0,0
5819.KL,7/2/2020,0.0,0.0,0.0,0.0,0.0,0.0,0.0,0.0,0.0,0
5819.KL,7/2/2021,0.0,0.0,0.0,0.0,0.0,0.0,0.0,0.0,0.0,0
5819.KL,7/2/2022,0.0,0.0,0.0,0.0,0.0,0.0,0.0,0.0,0.0,0
5819.KL,7/2/2023,0.0,0.0,0.0,0.0,0.0,0.0,0.0,0.0,0.0,0
5819.KL,7/2/2024,0.228805,0.276637,0.67553,0.047833,1.0,0.0,0.0,0.228805,0.67553,1
5819.KL,7/2/2025,-0.128654,0.352283,0.166781,0.480937,0.5,0.0,0.5,0.813855,0.823537,2
5819.KL,7/2/2026,0.0,0.0,0.0,0.0,0.0,0.0,0.0,0.0,0.0,0
5819.KL,7/3/2020,-0.825832,0.054815,0.064537,0.880648,0.0,0.0,1.0,0.825832,0.880648,2
5819.KL,7/3/2021,0.0,0.0,0.0,0.0,0.0,0.0,0.0,0.0,0.0,0
5819.KL,7/3/2022,-0.616598,0.168934,0.045534,0.785532,0.0,0.0,1.0,0.616598,0.785532,1
5819.KL,7/3/2023,0.656393,0.786873,0.082646,0.130481,1.0,0.0,0.0,0.656393,0.786873,1
5819.KL,7/3/2024,0.0,0.0,0.0,0.0,0.0,0.0,0.0,0.0,0.0,0
5819.KL,7/3/2025,0.100551,0.469329,0.161894,0.368778,0.666667,0.0,0.333333,0.723568,0.780837,3
5819.KL,7/3/2026,0.119683,0.12769,0.864303,0.008007,1.0,0.0,0.0,0.119683,0.864303,1
5819.KL,7/4/2020,0.0,0.0,0.0,0.0,0.0,0.0,0.0,0.0,0.0,0
5819.KL,7/4/2021,0.0,0.0,0.0,0.0,0.0,0.0,0.0,0.0,0.0,0
5819.KL,7/4/2022,0.0,0.0,0.0,0.0,0.0,0.0,0.0,0.0,0.0,0
5819.KL,7/4/2023,0.0,0.0,0.0,0.0,0.0,0.0,0.0,0.0,0.0,0
5819.KL,7/4/2024,0.0,0.0,0.0,0.0,0.0,0.0,0.0,0.0,0.0,0
5819.KL,7/4/2025,0.0,0.0,0.0,0.0,0.0,0.0,0.0,0.0,0.0,0
5819.KL,7/5/2020,-0.033837,0.467614,0.030934,0.501451,0.5,0.0,0.5,0.904334,0.9367,2
5819.KL,7/5/2021,-0.416914,0.245884,0.091318,0.662798,0.0,0.0,1.0,0.416914,0.662798,1
5819.KL,7/5/2022,0.0,0.0,0.0,0.0,0.0,0.0,0.0,0.0,0.0,0
5819.KL,7/5/2023,0.0,0.0,0.0,0.0,0.0,0.0,0.0,0.0,0.0,0
5819.KL,7/5/2024,-0.808358,0.031718,0.128206,0.840076,0.0,0.0,1.0,0.808358,0.840076,1
5819.KL,7/5/2025,-0.921099,0.028718,0.021464,0.949818,0.0,0.0,1.0,0.921099,0.949818,1
5819.KL,7/6/2020,0.0,0.0,0.0,0.0,0.0,0.0,0.0,0.0,0.0,0
5819.KL,7/6/2021,0.0,0.0,0.0,0.0,0.0,0.0,0.0,0.0,0.0,0
5819.KL,7/6/2022,-0.003322,0.468292,0.060094,0.471614,0.5,0.0,0.5,0.902455,0.921181,2
5819.KL,7/6/2023,0.475673,0.498848,0.477977,0.023175,1.0,0.0,0.0,0.475673,0.805216,2
5819.KL,7/6/2024,-0.756825,0.038135,0.166906,0.79496,0.0,0.0,1.0,0.756825,0.79496,1
5819.KL,7/6/2025,0.0,0.0,0.0,0.0,0.0,0.0,0.0,0.0,0.0,0
5819.KL,7/7/2020,0.878768,0.9082,0.062368,0.029432,1.0,0.0,0.0,0.878768,0.9082,1
5819.KL,7/7/2021,0.0,0.0,0.0,0.0,0.0,0.0,0.0,0.0,0.0,0
5819.KL,7/7/2022,0.0,0.0,0.0,0.0,0.0,0.0,0.0,0.0,0.0,0
5819.KL,7/7/2023,-0.595091,0.167659,0.069591,0.76275,0.0,0.333333,0.666667,0.651068,0.790739,3
5819.KL,7/7/2024,0.0,0.0,0.0,0.0,0.0,0.0,0.0,0.0,0.0,0
5819.KL,7/7/2025,0.0,0.0,0.0,0.0,0.0,0.0,0.0,0.0,0.0,0
5819.KL,7/8/2020,0.9164,0.933461,0.049478,0.017061,1.0,0.0,0.0,0.9164,0.933461,1
5819.KL,7/8/2021,0.0,0.0,0.0,0.0,0.0,0.0,0.0,0.0,0.0,0
5819.KL,7/8/2022,0.0,0.0,0.0,0.0,0.0,0.0,0.0,0.0,0.0,0
5819.KL,7/8/2023,0.0,0.0,0.0,0.0,0.0,0.0,0.0,0.0,0.0,0
5819.KL,7/8/2024,0.0,0.0,0.0,0.0,0.0,0.0,0.0,0.0,0.0,0
5819.KL,7/8/2025,0.535506,0.702221,0.131064,0.166715,1.0,0.0,0.0,0.535506,0.702221,1
5819.KL,7/9/2020,0.0,0.0,0.0,0.0,0.0,0.0,0.0,0.0,0.0,0
5819.KL,7/9/2021,0.0,0.0,0.0,0.0,0.0,0.0,0.0,0.0,0.0,0
5819.KL,7/9/2022,0.310431,0.603046,0.10434,0.292615,1.0,0.0,0.0,0.310431,0.603046,1
5819.KL,7/9/2023,0.0,0.0,0.0,0.0,0.0,0.0,0.0,0.0,0.0,0
5819.KL,7/9/2024,0.0,0.0,0.0,0.0,0.0,0.0,0.0,0.0,0.0,0
5819.KL,7/9/2025,0.0,0.0,0.0,0.0,0.0,0.0,0.0,0.0,0.0,0
5819.KL,8/1/2020,0.0,0.0,0.0,0.0,0.0,0.0,0.0,0.0,0.0,0
5819.KL,8/1/2021,0.344147,0.370243,0.603661,0.026096,1.0,0.0,0.0,0.344147,0.603661,1
5819.KL,8/1/2022,0.0,0.0,0.0,0.0,0.0,0.0,0.0,0.0,0.0,0
5819.KL,8/1/2023,0.0,0.0,0.0,0.0,0.0,0.0,0.0,0.0,0.0,0
5819.KL,8/1/2024,-0.94201,0.014851,0.028288,0.956861,0.0,0.0,1.0,0.94201,0.956861,1
5819.KL,8/1/2025,0.867926,0.875668,0.11659,0.007742,1.0,0.0,0.0,0.867926,0.875668,1
5819.KL,8/1/2026,0.929393,0.947107,0.035178,0.017715,1.0,0.0,0.0,0.929393,0.947107,1
5819.KL,8/10/2020,-0.952435,0.010449,0.026668,0.962883,0.0,0.0,1.0,0.952435,0.962883,1
5819.KL,8/10/2021,0.844543,0.902173,0.040197,0.05763,1.0,0.0,0.0,0.844543,0.902173,1
5819.KL,8/10/2022,0.0,0.0,0.0,0.0,0.0,0.0,0.0,0.0,0.0,0
5819.KL,8/10/2023,0.0,0.0,0.0,0.0,0.0,0.0,0.0,0.0,0.0,0
5819.KL,8/10/2024,-0.437489,0.210347,0.141817,0.647836,0.0,0.0,1.0,0.437489,0.647836,1
5819.KL,8/10/2025,0.0,0.0,0.0,0.0,0.0,0.0,0.0,0.0,0.0,0
5819.KL,8/11/2020,0.0,0.0,0.0,0.0,0.0,0.0,0.0,0.0,0.0,0
5819.KL,8/11/2021,-0.872926,0.022066,0.082942,0.894992,0.0,0.0,1.0,0.872926,0.894992,1
5819.KL,8/11/2022,0.89422,0.924564,0.045093,0.030344,1.0,0.0,0.0,0.89422,0.924564,1
5819.KL,8/11/2023,0.108834,0.474347,0.16014,0.365513,0.666667,0.0,0.333333,0.729032,0.784446,3
5819.KL,8/11/2024,0.909388,0.93545,0.038489,0.026061,1.0,0.0,0.0,0.909388,0.93545,2
5819.KL,8/11/2025,0.777732,0.786474,0.204785,0.008741,1.0,0.0,0.0,0.777732,0.786474,1
5819.KL,8/12/2020,0.0,0.0,0.0,0.0,0.0,0.0,0.0,0.0,0.0,0
5819.KL,8/12/2021,0.827075,0.83501,0.157054,0.007936,1.0,0.0,0.0,0.827075,0.83501,1
5819.KL,8/12/2022,-0.715424,0.132427,0.019722,0.847851,0.0,0.0,1.0,0.715424,0.847851,1
5819.KL,8/12/2023,0.0,0.0,0.0,0.0,0.0,0.0,0.0,0.0,0.0,0
5819.KL,8/12/2024,0.0,0.0,0.0,0.0,0.0,0.0,0.0,0.0,0.0,0
5819.KL,8/12/2025,0.0,0.0,0.0,0.0,0.0,0.0,0.0,0.0,0.0,0
5819.KL,8/2/2020,0.0,0.0,0.0,0.0,0.0,0.0,0.0,0.0,0.0,0
5819.KL,8/2/2021,0.225776,0.237202,0.751372,0.011426,1.0,0.0,0.0,0.225776,0.751372,1
5819.KL,8/2/2022,0.727968,0.790558,0.146851,0.06259,1.0,0.0,0.0,0.727968,0.790558,1
5819.KL,8/2/2023,-0.93808,0.016424,0.029073,0.954504,0.0,0.0,1.0,0.93808,0.954504,1
5819.KL,8/2/2024,0.0,0.0,0.0,0.0,0.0,0.0,0.0,0.0,0.0,0
5819.KL,8/2/2025,0.880209,0.908096,0.064017,0.027887,1.0,0.0,0.0,0.880209,0.908096,1
5819.KL,8/2/2026,0.0,0.0,0.0,0.0,0.0,0.0,0.0,0.0,0.0,0
5819.KL,8/3/2020,0.0,0.0,0.0,0.0,0.0,0.0,0.0,0.0,0.0,0
5819.KL,8/3/2021,0.0,0.0,0.0,0.0,0.0,0.0,0.0,0.0,0.0,0
5819.KL,8/3/2022,0.907209,0.938854,0.029502,0.031645,1.0,0.0,0.0,0.907209,0.938854,1
5819.KL,8/3/2023,-0.942143,0.015502,0.026853,0.957645,0.0,0.0,1.0,0.942143,0.957645,1
5819.KL,8/3/2024,0.175109,0.573328,0.028453,0.398219,1.0,0.0,0.0,0.175109,0.573328,1
5819.KL,8/3/2025,0.0,0.0,0.0,0.0,0.0,0.0,0.0,0.0,0.0,0
5819.KL,8/3/2026,0.0,0.0,0.0,0.0,0.0,0.0,0.0,0.0,0.0,0
5819.KL,8/4/2020,-0.848196,0.0665,0.018805,0.914696,0.0,0.0,1.0,0.848196,0.914696,1
5819.KL,8/4/2021,0.0,0.0,0.0,0.0,0.0,0.0,0.0,0.0,0.0,0
5819.KL,8/4/2022,0.0,0.0,0.0,0.0,0.0,0.0,0.0,0.0,0.0,0
5819.KL,8/4/2023,0.0,0.0,0.0,0.0,0.0,0.0,0.0,0.0,0.0,0
5819.KL,8/4/2024,0.0,0.0,0.0,0.0,0.0,0.0,0.0,0.0,0.0,0
5819.KL,8/4/2025,-0.268903,0.083958,0.563181,0.352861,0.0,0.666667,0.333333,0.303197,0.855974,3
5819.KL,8/5/2020,-0.429374,0.04312,0.484385,0.472494,0.0,0.5,0.5,0.48408,0.919998,2
5819.KL,8/5/2021,0.367234,0.399913,0.567408,0.032679,0.5,0.5,0.0,0.382885,0.833595,2
5819.KL,8/5/2022,0.0,0.0,0.0,0.0,0.0,0.0,0.0,0.0,0.0,0
5819.KL,8/5/2023,0.0,0.0,0.0,0.0,0.0,0.0,0.0,0.0,0.0,0
5819.KL,8/5/2024,0.0,0.0,0.0,0.0,0.0,0.0,0.0,0.0,0.0,0
5819.KL,8/5/2025,0.0,0.0,0.0,0.0,0.0,0.0,0.0,0.0,0.0,0
5819.KL,8/6/2020,0.0,0.0,0.0,0.0,0.0,0.0,0.0,0.0,0.0,0
5819.KL,8/6/2021,-0.797457,0.091561,0.019422,0.889018,0.0,0.0,1.0,0.797457,0.889018,1
5819.KL,8/6/2022,0.0,0.0,0.0,0.0,0.0,0.0,0.0,0.0,0.0,0
5819.KL,8/6/2023,-0.456752,0.040825,0.461598,0.497577,0.0,0.5,0.5,0.481381,0.92268,2
5819.KL,8/6/2024,0.0,0.0,0.0,0.0,0.0,0.0,0.0,0.0,0.0,0
5819.KL,8/6/2025,0.0,0.0,0.0,0.0,0.0,0.0,0.0,0.0,0.0,0
5819.KL,8/7/2020,-0.211977,0.226341,0.335342,0.438318,0.2,0.0,0.8,0.412749,0.624821,5
5819.KL,8/7/2021,0.0,0.0,0.0,0.0,0.0,0.0,0.0,0.0,0.0,0
5819.KL,8/7/2022,-0.229218,0.249784,0.271215,0.479001,0.25,0.25,0.5,0.652383,0.911566,4
5819.KL,8/7/2023,0.0,0.0,0.0,0.0,0.0,0.0,0.0,0.0,0.0,0
5819.KL,8/7/2024,0.0,0.0,0.0,0.0,0.0,0.0,0.0,0.0,0.0,0
5819.KL,8/7/2025,0.911216,0.934215,0.042786,0.022999,1.0,0.0,0.0,0.911216,0.934215,1
5819.KL,8/8/2020,0.897395,0.932572,0.032252,0.035176,1.0,0.0,0.0,0.897395,0.932572,1
5819.KL,8/8/2021,0.0,0.0,0.0,0.0,0.0,0.0,0.0,0.0,0.0,0
5819.KL,8/8/2022,0.0,0.0,0.0,0.0,0.0,0.0,0.0,0.0,0.0,0
5819.KL,8/8/2023,0.333242,0.505968,0.321305,0.172727,0.5,0.0,0.5,0.562901,0.730339,2
5819.KL,8/8/2024,0.0,0.0,0.0,0.0,0.0,0.0,0.0,0.0,0.0,0
5819.KL,8/8/2025,0.342166,0.637201,0.067765,0.295034,0.666667,0.0,0.333333,0.872606,0.902421,3
5819.KL,8/9/2020,0.77297,0.864829,0.043311,0.091859,1.0,0.0,0.0,0.77297,0.864829,1
5819.KL,8/9/2021,0.158153,0.167472,0.82321,0.009319,1.0,0.0,0.0,0.158153,0.82321,1
5819.KL,8/9/2022,-0.81006,0.037617,0.114707,0.847677,0.0,0.0,1.0,0.81006,0.847677,2
5819.KL,8/9/2023,0.511973,0.592602,0.32677,0.080628,1.0,0.0,0.0,0.511973,0.771596,2
5819.KL,8/9/2024,0.0,0.0,0.0,0.0,0.0,0.0,0.0,0.0,0.0,0
5819.KL,8/9/2025,0.813655,0.876795,0.060066,0.06314,1.0,0.0,0.0,0.813655,0.876795,1
5819.KL,9/1/2020,-0.607773,0.179822,0.032582,0.787596,0.0,0.333333,0.666667,0.65334,0.810379,3
5819.KL,9/1/2021,0.804648,0.84921,0.106228,0.044562,1.0,0.0,0.0,0.804648,0.84921,1
5819.KL,9/1/2022,0.0,0.0,0.0,0.0,0.0,0.0,0.0,0.0,0.0,0
5819.KL,9/1/2023,0.0,0.0,0.0,0.0,0.0,0.0,0.0,0.0,0.0,0
5819.KL,9/1/2024,0.926483,0.948909,0.028665,0.022426,1.0,0.0,0.0,0.926483,0.948909,1
5819.KL,9/1/2025,0.888149,0.921249,0.045651,0.0331,1.0,0.0,0.0,0.888149,0.921249,1
5819.KL,9/1/2026,0.125331,0.53981,0.045712,0.414479,0.5,0.0,0.5,0.780248,0.867268,2
5819.KL,9/10/2020,0.199059,0.205717,0.787626,0.006658,1.0,0.0,0.0,0.199059,0.787626,1
5819.KL,9/10/2021,0.0,0.0,0.0,0.0,0.0,0.0,0.0,0.0,0.0,0
5819.KL,9/10/2022,0.0,0.0,0.0,0.0,0.0,0.0,0.0,0.0,0.0,0
5819.KL,9/10/2023,0.0,0.0,0.0,0.0,0.0,0.0,0.0,0.0,0.0,0
5819.KL,9/10/2024,0.747224,0.834575,0.078075,0.08735,1.0,0.0,0.0,0.747224,0.834575,2
5819.KL,9/10/2025,0.0,0.0,0.0,0.0,0.0,0.0,0.0,0.0,0.0,0
5819.KL,9/11/2020,0.0,0.0,0.0,0.0,0.0,0.0,0.0,0.0,0.0,0
5819.KL,9/11/2021,0.0,0.0,0.0,0.0,0.0,0.0,0.0,0.0,0.0,0
5819.KL,9/11/2022,0.589127,0.639482,0.310163,0.050355,1.0,0.0,0.0,0.589127,0.836788,3
5819.KL,9/11/2023,-0.199263,0.286106,0.228525,0.485369,0.5,0.0,0.5,0.747713,0.759594,2
5819.KL,9/11/2024,0.0,0.0,0.0,0.0,0.0,0.0,0.0,0.0,0.0,0
5819.KL,9/11/2025,0.0,0.0,0.0,0.0,0.0,0.0,0.0,0.0,0.0,0
5819.KL,9/12/2020,0.928259,0.943413,0.041433,0.015154,1.0,0.0,0.0,0.928259,0.943413,1
5819.KL,9/12/2021,0.735064,0.769346,0.196371,0.034282,1.0,0.0,0.0,0.735064,0.769346,2
5819.KL,9/12/2022,0.0,0.0,0.0,0.0,0.0,0.0,0.0,0.0,0.0,0
5819.KL,9/12/2023,0.0,0.0,0.0,0.0,0.0,0.0,0.0,0.0,0.0,0
5819.KL,9/12/2024,0.0,0.0,0.0,0.0,0.0,0.0,0.0,0.0,0.0,0
5819.KL,9/12/2025,0.0,0.0,0.0,0.0,0.0,0.0,0.0,0.0,0.0,0
5819.KL,9/2/2020,0.0,0.0,0.0,0.0,0.0,0.0,0.0,0.0,0.0,0
5819.KL,9/2/2021,0.0,0.0,0.0,0.0,0.0,0.0,0.0,0.0,0.0,0
5819.KL,9/2/2022,0.882652,0.917846,0.046959,0.035195,1.0,0.0,0.0,0.882652,0.917846,2
5819.KL,9/2/2023,0.0,0.0,0.0,0.0,0.0,0.0,0.0,0.0,0.0,0
5819.KL,9/2/2024,0.232969,0.481224,0.270521,0.248255,0.5,0.0,0.5,0.665386,0.697433,2
5819.KL,9/2/2025,0.0,0.0,0.0,0.0,0.0,0.0,0.0,0.0,0.0,0
5819.KL,9/2/2026,0.0,0.0,0.0,0.0,0.0,0.0,0.0,0.0,0.0,0
5819.KL,9/3/2020,0.490805,0.502186,0.486434,0.01138,1.0,0.0,0.0,0.490805,0.502186,1
5819.KL,9/3/2021,0.0,0.0,0.0,0.0,0.0,0.0,0.0,0.0,0.0,0
5819.KL,9/3/2022,0.0,0.0,0.0,0.0,0.0,0.0,0.0,0.0,0.0,0
5819.KL,9/3/2023,-0.959666,0.009462,0.02141,0.969128,0.0,0.0,1.0,0.959666,0.969128,1
5819.KL,9/3/2024,0.0,0.0,0.0,0.0,0.0,0.0,0.0,0.0,0.0,0
5819.KL,9/3/2025,0.0,0.0,0.0,0.0,0.0,0.0,0.0,0.0,0.0,0
5819.KL,9/3/2026,0.0,0.0,0.0,0.0,0.0,0.0,0.0,0.0,0.0,0
5819.KL,9/4/2020,0.600503,0.738303,0.123897,0.1378,1.0,0.0,0.0,0.600503,0.738303,3
5819.KL,9/4/2021,0.0,0.0,0.0,0.0,0.0,0.0,0.0,0.0,0.0,0
5819.KL,9/4/2022,0.0,0.0,0.0,0.0,0.0,0.0,0.0,0.0,0.0,0
5819.KL,9/4/2023,0.0,0.0,0.0,0.0,0.0,0.0,0.0,0.0,0.0,0
5819.KL,9/4/2024,0.718856,0.799895,0.119067,0.081039,1.0,0.0,0.0,0.718856,0.799895,3
5819.KL,9/4/2025,0.025906,0.491987,0.041931,0.466081,0.0,1.0,0.0,0.025906,0.491987,1
5819.KL,9/5/2020,0.869729,0.883455,0.102819,0.013726,1.0,0.0,0.0,0.869729,0.883455,2
5819.KL,9/5/2021,0.0,0.0,0.0,0.0,0.0,0.0,0.0,0.0,0.0,0
5819.KL,9/5/2022,-0.493526,0.030256,0.445963,0.523781,0.0,0.0,1.0,0.493526,0.523781,1
5819.KL,9/5/2023,0.04821,0.058993,0.930225,0.010783,0.0,1.0,0.0,0.04821,0.930225,1
5819.KL,9/5/2024,0.872822,0.917904,0.037014,0.045082,1.0,0.0,0.0,0.872822,0.917904,1
5819.KL,9/5/2025,0.0,0.0,0.0,0.0,0.0,0.0,0.0,0.0,0.0,0
5819.KL,9/6/2020,0.0,0.0,0.0,0.0,0.0,0.0,0.0,0.0,0.0,0
5819.KL,9/6/2021,0.0,0.0,0.0,0.0,0.0,0.0,0.0,0.0,0.0,0
5819.KL,9/6/2022,0.0,0.0,0.0,0.0,0.0,0.0,0.0,0.0,0.0,0
5819.KL,9/6/2023,0.819094,0.835031,0.149031,0.015937,1.0,0.0,0.0,0.819094,0.835031,2
5819.KL,9/6/2024,0.0,0.0,0.0,0.0,0.0,0.0,0.0,0.0,0.0,0
5819.KL,9/6/2025,0.531706,0.68781,0.156085,0.156105,0.75,0.0,0.25,0.757117,0.807518,4
5819.KL,9/7/2020,0.856855,0.891214,0.074426,0.03436,1.0,0.0,0.0,0.856855,0.891214,3
5819.KL,9/7/2021,0.0,0.0,0.0,0.0,0.0,0.0,0.0,0.0,0.0,0
5819.KL,9/7/2022,0.0,0.0,0.0,0.0,0.0,0.0,0.0,0.0,0.0,0
5819.KL,9/7/2023,0.0,0.0,0.0,0.0,0.0,0.0,0.0,0.0,0.0,0
5819.KL,9/7/2024,0.783679,0.830479,0.122722,0.0468,1.0,0.0,0.0,0.783679,0.830479,1
5819.KL,9/7/2025,-0.929497,0.015552,0.039399,0.945049,0.0,0.0,1.0,0.929497,0.945049,2
5819.KL,9/8/2020,0.0,0.0,0.0,0.0,0.0,0.0,0.0,0.0,0.0,0
5819.KL,9/8/2021,0.0,0.0,0.0,0.0,0.0,0.0,0.0,0.0,0.0,0
5819.KL,9/8/2022,-0.203806,0.058407,0.679381,0.262213,0.0,0.5,0.5,0.221908,0.720631,2
5819.KL,9/8/2023,0.0,0.0,0.0,0.0,0.0,0.0,0.0,0.0,0.0,0
5819.KL,9/8/2024,0.0,0.0,0.0,0.0,0.0,0.0,0.0,0.0,0.0,0
5819.KL,9/8/2025,0.0,0.0,0.0,0.0,0.0,0.0,0.0,0.0,0.0,0
5819.KL,9/9/2020,0.0,0.0,0.0,0.0,0.0,0.0,0.0,0.0,0.0,0
5819.KL,9/9/2021,-0.056373,0.421508,0.100612,0.47788,0.5,0.0,0.5,0.86952,0.884454,2
5819.KL,9/9/2022,0.764578,0.804101,0.156377,0.039523,1.0,0.0,0.0,0.764578,0.804101,2
5819.KL,9/9/2023,0.448195,0.665457,0.11728,0.217262,0.5,0.5,0.0,0.458499,0.670609,2
5819.KL,9/9/2024,0.262081,0.618017,0.026047,0.355936,1.0,0.0,0.0,0.262081,0.618017,1
5819.KL,9/9/2025,0.797962,0.866162,0.065637,0.068201,1.0,0.0,0.0,0.797962,0.866162,2
