ticker,trading_day,sentiment_score_title,prob_pos_title,prob_neu_title,prob_neg_title,dir_positive_title,dir_neutral_title,dir_negative_title,confidence_title,strength_title,article_count
6947.KL,1/1/2020,0.0,0.0,0.0,0.0,0.0,0.0,0.0,0.0,0.0,0
6947.KL,1/1/2021,-0.537605,0.179893,0.102608,0.717498,0.0,0.0,1.0,0.537605,0.717498,1
6947.KL,1/1/2022,0.846712,0.908061,0.03059,0.061349,1.0,0.0,0.0,0.846712,0.908061,1
6947.KL,1/1/2023,0.078637,0.095226,0.888185,0.016589,0.0,1.0,0.0,0.078637,0.888185,1
6947.KL,1/1/2024,0.0,0.0,0.0,0.0,0.0,0.0,0.0,0.0,0.0,0
6947.KL,1/1/2025,0.889967,0.918808,0.05235,0.028842,1.0,0.0,0.0,0.889967,0.918808,1
6947.KL,1/1/2026,0.0,0.0,0.0,0.0,0.0,0.0,0.0,0.0,0.0,0
6947.KL,1/10/2020,0.0,0.0,0.0,0.0,0.0,0.0,0.0,0.0,0.0,0
6947.KL,1/10/2021,0.0,0.0,0.0,0.0,0.0,0.0,0.0,0.0,0.0,0
6947.KL,1/10/2022,0.0,0.0,0.0,0.0,0.0,0.0,0.0,0.0,0.0,0
6947.KL,1/10/2023,0.0,0.0,0.0,0.0,0.0,0.0,0.0,0.0,0.0,0
6947.KL,1/10/2024,0.202735,0.217601,0.767532,0.014867,1.0,0.0,0.0,0.202735,0.767532,1
6947.KL,1/10/2025,0.0,0.0,0.0,0.0,0.0,0.0,0.0,0.0,0.0,0
6947.KL,1/11/2020,0.0,0.0,0.0,0.0,0.0,0.0,0.0,0.0,0.0,0
6947.KL,1/11/2021,-0.57299,0.077401,0.272208,0.650391,0.333333,0.0,0.666667,0.697305,0.912081,3
6947.KL,1/11/2022,0.179661,0.213213,0.753236,0.033551,0.25,0.75,0.0,0.197324,0.868406,4
6947.KL,1/11/2023,0.0,0.0,0.0,0.0,0.0,0.0,0.0,0.0,0.0,0
6947.KL,1/11/2024,0.0,0.0,0.0,0.0,0.0,0.0,0.0,0.0,0.0,0
6947.KL,1/11/2025,0.0,0.0,0.0,0.0,0.0,0.0,0.0,0.0,0.0,0
6947.KL,1/12/2020,0.0,0.0,0.0,0.0,0.0,0.0,0.0,0.0,0.0,0
6947.KL,1/12/2021,-0.866725,0.035995,0.061284,0.902721,0.0,0.0,1.0,0.866725,0.902721,2
6947.KL,1/12/2022,0.026598,0.04064,0.945318,0.014042,0.0,1.0,0.0,0.026598,0.945318,1
6947.KL,1/12/2023,0.818384,0.892669,0.033046,0.074285,1.0,0.0,0.0,0.818384,0.892669,2
6947.KL,1/12/2024,0.0,0.0,0.0,0.0,0.0,0.0,0.0,0.0,0.0,0
6947.KL,1/12/2025,0.164003,0.171157,0.821689,0.007154,1.0,0.0,0.0,0.164003,0.821689,1
6947.KL,1/2/2020,-0.917938,0.034856,0.012349,0.952794,0.0,0.0,1.0,0.917938,0.952794,1
6947.KL,1/2/2021,0.0,0.0,0.0,0.0,0.0,0.0,0.0,0.0,0.0,0
6947.KL,1/2/2022,0.929828,0.949033,0.031762,0.019205,1.0,0.0,0.0,0.929828,0.949033,1
6947.KL,1/2/2023,0.845922,0.860989,0.123944,0.015067,1.0,0.0,0.0,0.845922,0.860989,1
6947.KL,1/2/2024,0.0,0.0,0.0,0.0,0.0,0.0,0.0,0.0,0.0,0
6947.KL,1/2/2025,0.0,0.0,0.0,0.0,0.0,0.0,0.0,0.0,0.0,0
6947.KL,1/2/2026,0.0,0.0,0.0,0.0,0.0,0.0,0.0,0.0,0.0,0
6947.KL,1/3/2020,0.0,0.0,0.0,0.0,0.0,0.0,0.0,0.0,0.0,0
6947.KL,1/3/2021,0.0,0.0,0.0,0.0,0.0,0.0,0.0,0.0,0.0,0
6947.KL,1/3/2022,0.236019,0.247412,0.741195,0.011393,1.0,0.0,0.0,0.236019,0.741195,1
6947.KL,1/3/2023,0.145945,0.156484,0.832977,0.010539,0.5,0.5,0.0,0.145945,0.832977,2
6947.KL,1/3/2024,0.090033,0.103712,0.882609,0.013679,0.0,1.0,0.0,0.090033,0.882609,1
6947.KL,1/3/2025,-0.933571,0.02244,0.021548,0.956011,0.0,0.0,1.0,0.933571,0.956011,1
6947.KL,1/3/2026,0.0,0.0,0.0,0.0,0.0,0.0,0.0,0.0,0.0,0
6947.KL,1/4/2020,-0.254618,0.144591,0.4562,0.399209,0.0,0.5,0.5,0.294192,0.813531,4
6947.KL,1/4/2021,0.0,0.0,0.0,0.0,0.0,0.0,0.0,0.0,0.0,0
6947.KL,1/4/2022,-0.663749,0.014165,0.307921,0.677914,0.0,0.0,1.0,0.663749,0.677914,1
6947.KL,1/4/2023,0.926176,0.936839,0.052498,0.010663,1.0,0.0,0.0,0.926176,0.936839,1
6947.KL,1/4/2024,0.0,0.0,0.0,0.0,0.0,0.0,0.0,0.0,0.0,0
6947.KL,1/4/2025,0.0,0.0,0.0,0.0,0.0,0.0,0.0,0.0,0.0,0
6947.KL,1/5/2020,0.480421,0.487628,0.505166,0.007207,1.0,0.0,0.0,0.480421,0.505166,1
6947.KL,1/5/2021,0.0,0.0,0.0,0.0,0.0,0.0,0.0,0.0,0.0,0
6947.KL,1/5/2022,0.0,0.0,0.0,0.0,0.0,0.0,0.0,0.0,0.0,0
6947.KL,1/5/2023,-0.749011,0.017132,0.216725,0.766143,0.0,0.0,1.0,0.749011,0.766143,1
6947.KL,1/5/2024,0.937232,0.95525,0.026732,0.018018,1.0,0.0,0.0,0.937232,0.95525,1
6947.KL,1/5/2025,0.0,0.0,0.0,0.0,0.0,0.0,0.0,0.0,0.0,0
6947.KL,1/6/2020,0.0,0.0,0.0,0.0,0.0,0.0,0.0,0.0,0.0,0
6947.KL,1/6/2021,0.0,0.0,0.0,0.0,0.0,0.0,0.0,0.0,0.0,0
6947.KL,1/6/2022,-0.156834,0.055997,0.731171,0.212831,0.0,0.0,1.0,0.156834,0.731171,1
6947.KL,1/6/2023,-0.046104,0.440261,0.073374,0.486365,0.5,0.0,0.5,0.905837,0.916232,2
6947.KL,1/6/2024,0.0,0.0,0.0,0.0,0.0,0.0,0.0,0.0,0.0,0
6947.KL,1/6/2025,0.0,0.0,0.0,0.0,0.0,0.0,0.0,0.0,0.0,0
6947.KL,1/7/2020,0.034541,0.04833,0.937882,0.013789,0.0,1.0,0.0,0.034541,0.937882,1
6947.KL,1/7/2021,0.382507,0.396734,0.589039,0.014227,0.5,0.5,0.0,0.382507,0.820401,2
6947.KL,1/7/2022,-0.790792,0.065942,0.077324,0.856734,0.0,0.0,1.0,0.790792,0.856734,1
6947.KL,1/7/2023,0.0,0.0,0.0,0.0,0.0,0.0,0.0,0.0,0.0,0
6947.KL,1/7/2024,0.035842,0.048974,0.937894,0.013132,0.0,1.0,0.0,0.035842,0.937894,1
6947.KL,1/7/2025,0.0,0.0,0.0,0.0,0.0,0.0,0.0,0.0,0.0,0
6947.KL,1/8/2020,0.0,0.0,0.0,0.0,0.0,0.0,0.0,0.0,0.0,0
6947.KL,1/8/2021,0.0,0.0,0.0,0.0,0.0,0.0,0.0,0.0,0.0,0
6947.KL,1/8/2022,0.0,0.0,0.0,0.0,0.0,0.0,0.0,0.0,0.0,0
6947.KL,1/8/2023,0.0,0.0,0.0,0.0,0.0,0.0,0.0,0.0,0.0,0
6947.KL,1/8/2024,0.028639,0.046951,0.934736,0.018313,0.0,1.0,0.0,0.028639,0.934736,2
6947.KL,1/8/2025,0.0,0.0,0.0,0.0,0.0,0.0,0.0,0.0,0.0,0
6947.KL,1/9/2020,0.119022,0.129469,0.860085,0.010446,1.0,0.0,0.0,0.119022,0.860085,1
6947.KL,1/9/2021,-0.568913,0.116664,0.197758,0.685578,0.0,0.0,1.0,0.568913,0.685578,1
6947.KL,1/9/2022,0.53449,0.542971,0.448548,0.008481,1.0,0.0,0.0,0.53449,0.542971,1
6947.KL,1/9/2023,0.0,0.0,0.0,0.0,0.0,0.0,0.0,0.0,0.0,0
6947.KL,1/9/2024,0.0,0.0,0.0,0.0,0.0,0.0,0.0,0.0,0.0,0
6947.KL,1/9/2025,0.0,0.0,0.0,0.0,0.0,0.0,0.0,0.0,0.0,0
6947.KL,10/1/2020,0.457222,0.481964,0.493294,0.024742,0.5,0.5,0.0,0.457222,0.897369,2
6947.KL,10/1/2021,0.0,0.0,0.0,0.0,0.0,0.0,0.0,0.0,0.0,0
6947.KL,10/1/2022,0.0,0.0,0.0,0.0,0.0,0.0,0.0,0.0,0.0,0
6947.KL,10/1/2023,0.0,0.0,0.0,0.0,0.0,0.0,0.0,0.0,0.0,0
6947.KL,10/1/2024,0.0,0.0,0.0,0.0,0.0,0.0,0.0,0.0,0.0,0
6947.KL,10/1/2025,0.500968,0.515036,0.470897,0.014068,1.0,0.0,0.0,0.500968,0.515036,1
6947.KL,10/1/2026,0.0,0.0,0.0,0.0,0.0,0.0,0.0,0.0,0.0,0
6947.KL,10/10/2020,0.696334,0.743907,0.208521,0.047573,1.0,0.0,0.0,0.696334,0.743907,1
6947.KL,10/10/2021,0.0,0.0,0.0,0.0,0.0,0.0,0.0,0.0,0.0,0
6947.KL,10/10/2022,0.0,0.0,0.0,0.0,0.0,0.0,0.0,0.0,0.0,0
6947.KL,10/10/2023,0.0,0.0,0.0,0.0,0.0,0.0,0.0,0.0,0.0,0
6947.KL,10/10/2024,0.0,0.0,0.0,0.0,0.0,0.0,0.0,0.0,0.0,0
6947.KL,10/10/2025,0.0,0.0,0.0,0.0,0.0,0.0,0.0,0.0,0.0,0
6947.KL,10/11/2020,0.0,0.0,0.0,0.0,0.0,0.0,0.0,0.0,0.0,0
6947.KL,10/11/2021,0.0,0.0,0.0,0.0,0.0,0.0,0.0,0.0,0.0,0
6947.KL,10/11/2022,0.0,0.0,0.0,0.0,0.0,0.0,0.0,0.0,0.0,0
6947.KL,10/11/2023,0.0,0.0,0.0,0.0,0.0,0.0,0.0,0.0,0.0,0
6947.KL,10/11/2024,0.0,0.0,0.0,0.0,0.0,0.0,0.0,0.0,0.0,0
6947.KL,10/11/2025,0.0,0.0,0.0,0.0,0.0,0.0,0.0,0.0,0.0,0
6947.KL,10/12/2020,0.0,0.0,0.0,0.0,0.0,0.0,0.0,0.0,0.0,0
6947.KL,10/12/2021,0.0,0.0,0.0,0.0,0.0,0.0,0.0,0.0,0.0,0
6947.KL,10/12/2022,0.0,0.0,0.0,0.0,0.0,0.0,0.0,0.0,0.0,0
6947.KL,10/12/2023,0.0,0.0,0.0,0.0,0.0,0.0,0.0,0.0,0.0,0
6947.KL,10/12/2024,0.0,0.0,0.0,0.0,0.0,0.0,0.0,0.0,0.0,0
6947.KL,10/12/2025,0.0,0.0,0.0,0.0,0.0,0.0,0.0,0.0,0.0,0
6947.KL,10/2/2020,0.0,0.0,0.0,0.0,0.0,0.0,0.0,0.0,0.0,0
6947.KL,10/2/2021,0.0,0.0,0.0,0.0,0.0,0.0,0.0,0.0,0.0,0
6947.KL,10/2/2022,0.0,0.0,0.0,0.0,0.0,0.0,0.0,0.0,0.0,0
6947.KL,10/2/2023,0.0,0.0,0.0,0.0,0.0,0.0,0.0,0.0,0.0,0
6947.KL,10/2/2024,0.0,0.0,0.0,0.0,0.0,0.0,0.0,0.0,0.0,0
6947.KL,10/2/2025,0.0,0.0,0.0,0.0,0.0,0.0,0.0,0.0,0.0,0
6947.KL,10/2/2026,0.0,0.0,0.0,0.0,0.0,0.0,0.0,0.0,0.0,0
6947.KL,10/3/2020,-0.064115,0.053681,0.828522,0.117797,0.0,1.0,0.0,0.064115,0.828522,1
6947.KL,10/3/2021,0.490823,0.540782,0.409259,0.049959,1.0,0.0,0.0,0.490823,0.68152,2
6947.KL,10/3/2022,0.0,0.0,0.0,0.0,0.0,0.0,0.0,0.0,0.0,0
6947.KL,10/3/2023,-0.249162,0.077806,0.595227,0.326968,0.333333,0.333333,0.333333,0.366922,0.901015,3
6947.KL,10/3/2024,0.599192,0.607409,0.384375,0.008216,1.0,0.0,0.0,0.599192,0.607409,1
6947.KL,10/3/2025,0.0,0.0,0.0,0.0,0.0,0.0,0.0,0.0,0.0,0
6947.KL,10/3/2026,0.0,0.0,0.0,0.0,0.0,0.0,0.0,0.0,0.0,0
6947.KL,10/4/2020,0.0,0.0,0.0,0.0,0.0,0.0,0.0,0.0,0.0,0
6947.KL,10/4/2021,0.030602,0.048912,0.932778,0.01831,0.0,1.0,0.0,0.030602,0.932778,1
6947.KL,10/4/2022,0.0,0.0,0.0,0.0,0.0,0.0,0.0,0.0,0.0,0
6947.KL,10/4/2023,0.0,0.0,0.0,0.0,0.0,0.0,0.0,0.0,0.0,0
6947.KL,10/4/2024,0.0,0.0,0.0,0.0,0.0,0.0,0.0,0.0,0.0,0
6947.KL,10/4/2025,0.862983,0.896074,0.070835,0.033091,1.0,0.0,0.0,0.862983,0.896074,1
6947.KL,10/5/2020,0.0,0.0,0.0,0.0,0.0,0.0,0.0,0.0,0.0,0
6947.KL,10/5/2021,0.0,0.0,0.0,0.0,0.0,0.0,0.0,0.0,0.0,0
6947.KL,10/5/2022,0.0,0.0,0.0,0.0,0.0,0.0,0.0,0.0,0.0,0
6947.KL,10/5/2023,0.0,0.0,0.0,0.0,0.0,0.0,0.0,0.0,0.0,0
6947.KL,10/5/2024,0.577807,0.586542,0.404722,0.008735,1.0,0.0,0.0,0.577807,0.85402,2
6947.KL,10/5/2025,0.0,0.0,0.0,0.0,0.0,0.0,0.0,0.0,0.0,0
6947.KL,10/6/2020,0.0,0.0,0.0,0.0,0.0,0.0,0.0,0.0,0.0,0
6947.KL,10/6/2021,0.0,0.0,0.0,0.0,0.0,0.0,0.0,0.0,0.0,0
6947.KL,10/6/2022,0.0,0.0,0.0,0.0,0.0,0.0,0.0,0.0,0.0,0
6947.KL,10/6/2023,0.0,0.0,0.0,0.0,0.0,0.0,0.0,0.0,0.0,0
6947.KL,10/6/2024,0.0,0.0,0.0,0.0,0.0,0.0,0.0,0.0,0.0,0
6947.KL,10/6/2025,0.0,0.0,0.0,0.0,0.0,0.0,0.0,0.0,0.0,0
6947.KL,10/7/2020,0.131689,0.140796,0.850096,0.009107,1.0,0.0,0.0,0.131689,0.850096,1
6947.KL,10/7/2021,0.0,0.0,0.0,0.0,0.0,0.0,0.0,0.0,0.0,0
6947.KL,10/7/2022,0.0,0.0,0.0,0.0,0.0,0.0,0.0,0.0,0.0,0
6947.KL,10/7/2023,0.0,0.0,0.0,0.0,0.0,0.0,0.0,0.0,0.0,0
6947.KL,10/7/2024,-0.879801,0.022413,0.075373,0.902214,0.0,0.0,1.0,0.879801,0.902214,1
6947.KL,10/7/2025,0.0,0.0,0.0,0.0,0.0,0.0,0.0,0.0,0.0,0
6947.KL,10/8/2020,0.0,0.0,0.0,0.0,0.0,0.0,0.0,0.0,0.0,0
6947.KL,10/8/2021,0.0,0.0,0.0,0.0,0.0,0.0,0.0,0.0,0.0,0
6947.KL,10/8/2022,0.0,0.0,0.0,0.0,0.0,0.0,0.0,0.0,0.0,0
6947.KL,10/8/2023,0.0,0.0,0.0,0.0,0.0,0.0,0.0,0.0,0.0,0
6947.KL,10/8/2024,0.0,0.0,0.0,0.0,0.0,0.0,0.0,0.0,0.0,0
6947.KL,10/8/2025,0.0,0.0,0.0,0.0,0.0,0.0,0.0,0.0,0.0,0
6947.KL,10/9/2020,0.0,0.0,0.0,0.0,0.0,0.0,0.0,0.0,0.0,0
6947.KL,10/9/2021,0.0,0.0,0.0,0.0,0.0,0.0,0.0,0.0,0.0,0
6947.KL,10/9/2022,0.908845,0.942819,0.023208,0.033974,1.0,0.0,0.0,0.908845,0.942819,1
6947.KL,10/9/2023,0.0,0.0,0.0,0.0,0.0,0.0,0.0,0.0,0.0,0
6947.KL,10/9/2024,-0.924823,0.018634,0.037908,0.943458,0.0,0.0,1.0,0.924823,0.943458,2
6947.KL,10/9/2025,-0.78311,0.096159,0.024571,0.87927,0.0,0.0,1.0,0.78311,0.87927,1
6947.KL,11/1/2020,0.740399,0.841596,0.057208,0.101196,1.0,0.0,0.0,0.740399,0.841596,1
6947.KL,11/1/2021,-0.017105,0.039193,0.904509,0.056298,0.0,1.0,0.0,0.017105,0.904509,1
6947.KL,11/1/2022,0.0,0.0,0.0,0.0,0.0,0.0,0.0,0.0,0.0,0
6947.KL,11/1/2023,0.0,0.0,0.0,0.0,0.0,0.0,0.0,0.0,0.0,0
6947.KL,11/1/2024,-0.857367,0.020923,0.100788,0.87829,0.0,0.0,1.0,0.857367,0.87829,1
6947.KL,11/1/2025,0.0,0.0,0.0,0.0,0.0,0.0,0.0,0.0,0.0,0
6947.KL,11/1/2026,0.0,0.0,0.0,0.0,0.0,0.0,0.0,0.0,0.0,0
6947.KL,11/10/2020,0.0,0.0,0.0,0.0,0.0,0.0,0.0,0.0,0.0,0
6947.KL,11/10/2021,-0.03177,0.098388,0.771454,0.130158,0.0,1.0,0.0,0.03177,0.771454,1
6947.KL,11/10/2022,0.063283,0.073277,0.916728,0.009994,0.0,1.0,0.0,0.063283,0.916728,1
6947.KL,11/10/2023,0.0,0.0,0.0,0.0,0.0,0.0,0.0,0.0,0.0,0
6947.KL,11/10/2024,0.0,0.0,0.0,0.0,0.0,0.0,0.0,0.0,0.0,0
6947.KL,11/10/2025,0.0,0.0,0.0,0.0,0.0,0.0,0.0,0.0,0.0,0
6947.KL,11/11/2020,0.0,0.0,0.0,0.0,0.0,0.0,0.0,0.0,0.0,0
6947.KL,11/11/2021,-0.525963,0.128473,0.217091,0.654436,0.0,0.0,1.0,0.525963,0.654436,2
6947.KL,11/11/2022,0.917844,0.943218,0.031407,0.025374,1.0,0.0,0.0,0.917844,0.943218,1
6947.KL,11/11/2023,0.0,0.0,0.0,0.0,0.0,0.0,0.0,0.0,0.0,0
6947.KL,11/11/2024,0.0,0.0,0.0,0.0,0.0,0.0,0.0,0.0,0.0,0
6947.KL,11/11/2025,0.0,0.0,0.0,0.0,0.0,0.0,0.0,0.0,0.0,0
6947.KL,11/12/2020,0.0,0.0,0.0,0.0,0.0,0.0,0.0,0.0,0.0,0
6947.KL,11/12/2021,0.0,0.0,0.0,0.0,0.0,0.0,0.0,0.0,0.0,0
6947.KL,11/12/2022,0.0,0.0,0.0,0.0,0.0,0.0,0.0,0.0,0.0,0
6947.KL,11/12/2023,0.062541,0.074654,0.913233,0.012113,0.0,1.0,0.0,0.062541,0.913233,1
6947.KL,11/12/2024,0.0,0.0,0.0,0.0,0.0,0.0,0.0,0.0,0.0,0
6947.KL,11/12/2025,0.0,0.0,0.0,0.0,0.0,0.0,0.0,0.0,0.0,0
6947.KL,11/2/2020,0.0,0.0,0.0,0.0,0.0,0.0,0.0,0.0,0.0,0
6947.KL,11/2/2021,0.0,0.0,0.0,0.0,0.0,0.0,0.0,0.0,0.0,0
6947.KL,11/2/2022,0.0,0.0,0.0,0.0,0.0,0.0,0.0,0.0,0.0,0
6947.KL,11/2/2023,0.0,0.0,0.0,0.0,0.0,0.0,0.0,0.0,0.0,0
6947.KL,11/2/2024,0.0,0.0,0.0,0.0,0.0,0.0,0.0,0.0,0.0,0
6947.KL,11/2/2025,0.0,0.0,0.0,0.0,0.0,0.0,0.0,0.0,0.0,0
6947.KL,11/2/2026,0.440254,0.469046,0.502161,0.028792,0.5,0.5,0.0,0.440254,0.919433,4
6947.KL,11/3/2020,0.841323,0.904783,0.031758,0.06346,1.0,0.0,0.0,0.841323,0.904783,1
6947.KL,11/3/2021,0.0,0.0,0.0,0.0,0.0,0.0,0.0,0.0,0.0,0
6947.KL,11/3/2022,0.0,0.0,0.0,0.0,0.0,0.0,0.0,0.0,0.0,0
6947.KL,11/3/2023,0.0,0.0,0.0,0.0,0.0,0.0,0.0,0.0,0.0,0
6947.KL,11/3/2024,0.199467,0.2157,0.768067,0.016233,1.0,0.0,0.0,0.199467,0.768067,1
6947.KL,11/3/2025,0.0,0.0,0.0,0.0,0.0,0.0,0.0,0.0,0.0,0
6947.KL,11/3/2026,0.927278,0.948146,0.030986,0.020868,1.0,0.0,0.0,0.927278,0.948146,1
6947.KL,11/4/2020,0.254461,0.599754,0.054954,0.345292,1.0,0.0,0.0,0.254461,0.599754,1
6947.KL,11/4/2021,0.0,0.0,0.0,0.0,0.0,0.0,0.0,0.0,0.0,0
6947.KL,11/4/2022,0.0,0.0,0.0,0.0,0.0,0.0,0.0,0.0,0.0,0
6947.KL,11/4/2023,0.0,0.0,0.0,0.0,0.0,0.0,0.0,0.0,0.0,0
6947.KL,11/4/2024,0.0,0.0,0.0,0.0,0.0,0.0,0.0,0.0,0.0,0
6947.KL,11/4/2025,0.0,0.0,0.0,0.0,0.0,0.0,0.0,0.0,0.0,0
6947.KL,11/5/2020,0.0,0.0,0.0,0.0,0.0,0.0,0.0,0.0,0.0,0
6947.KL,11/5/2021,0.0,0.0,0.0,0.0,0.0,0.0,0.0,0.0,0.0,0
6947.KL,11/5/2022,0.0,0.0,0.0,0.0,0.0,0.0,0.0,0.0,0.0,0
6947.KL,11/5/2023,0.027483,0.041692,0.944099,0.014209,0.0,1.0,0.0,0.027483,0.944099,1
6947.KL,11/5/2024,0.0,0.0,0.0,0.0,0.0,0.0,0.0,0.0,0.0,0
6947.KL,11/5/2025,0.0,0.0,0.0,0.0,0.0,0.0,0.0,0.0,0.0,0
6947.KL,11/6/2020,0.0,0.0,0.0,0.0,0.0,0.0,0.0,0.0,0.0,0
6947.KL,11/6/2021,0.0,0.0,0.0,0.0,0.0,0.0,0.0,0.0,0.0,0
6947.KL,11/6/2022,0.0,0.0,0.0,0.0,0.0,0.0,0.0,0.0,0.0,0
6947.KL,11/6/2023,0.0,0.0,0.0,0.0,0.0,0.0,0.0,0.0,0.0,0
6947.KL,11/6/2024,0.0,0.0,0.0,0.0,0.0,0.0,0.0,0.0,0.0,0
6947.KL,11/6/2025,0.659324,0.671547,0.31623,0.012223,1.0,0.0,0.0,0.659324,0.860664,3
6947.KL,11/7/2020,0.0,0.0,0.0,0.0,0.0,0.0,0.0,0.0,0.0,0
6947.KL,11/7/2021,0.0,0.0,0.0,0.0,0.0,0.0,0.0,0.0,0.0,0
6947.KL,11/7/2022,0.929517,0.938695,0.052127,0.009178,1.0,0.0,0.0,0.929517,0.938695,1
6947.KL,11/7/2023,0.0,0.0,0.0,0.0,0.0,0.0,0.0,0.0,0.0,0
6947.KL,11/7/2024,0.079658,0.09198,0.895697,0.012323,0.0,1.0,0.0,0.079658,0.895697,1
6947.KL,11/7/2025,0.0,0.0,0.0,0.0,0.0,0.0,0.0,0.0,0.0,0
6947.KL,11/8/2020,0.0,0.0,0.0,0.0,0.0,0.0,0.0,0.0,0.0,0
6947.KL,11/8/2021,0.0,0.0,0.0,0.0,0.0,0.0,0.0,0.0,0.0,0
6947.KL,11/8/2022,0.0,0.0,0.0,0.0,0.0,0.0,0.0,0.0,0.0,0
6947.KL,11/8/2023,0.0,0.0,0.0,0.0,0.0,0.0,0.0,0.0,0.0,0
6947.KL,11/8/2024,0.0,0.0,0.0,0.0,0.0,0.0,0.0,0.0,0.0,0
6947.KL,11/8/2025,0.0,0.0,0.0,0.0,0.0,0.0,0.0,0.0,0.0,0
6947.KL,11/9/2020,0.0,0.0,0.0,0.0,0.0,0.0,0.0,0.0,0.0,0
6947.KL,11/9/2021,0.0,0.0,0.0,0.0,0.0,0.0,0.0,0.0,0.0,0
6947.KL,11/9/2022,0.0,0.0,0.0,0.0,0.0,0.0,0.0,0.0,0.0,0
6947.KL,11/9/2023,0.745389,0.754861,0.235667,0.009472,1.0,0.0,0.0,0.745389,0.754861,1
6947.KL,11/9/2024,0.0,0.0,0.0,0.0,0.0,0.0,0.0,0.0,0.0,0
6947.KL,11/9/2025,-0.499345,0.018375,0.463905,0.51772,0.0,0.5,0.5,0.499345,0.934066,2
6947.KL,12/1/2020,0.0,0.0,0.0,0.0,0.0,0.0,0.0,0.0,0.0,0
6947.KL,12/1/2021,-0.941595,0.012711,0.032983,0.954306,0.0,0.0,1.0,0.941595,0.954306,1
6947.KL,12/1/2022,0.0,0.0,0.0,0.0,0.0,0.0,0.0,0.0,0.0,0
6947.KL,12/1/2023,0.880879,0.917577,0.045725,0.036698,1.0,0.0,0.0,0.880879,0.917577,2
6947.KL,12/1/2024,0.0,0.0,0.0,0.0,0.0,0.0,0.0,0.0,0.0,0
6947.KL,12/1/2025,0.0,0.0,0.0,0.0,0.0,0.0,0.0,0.0,0.0,0
6947.KL,12/1/2026,0.0,0.0,0.0,0.0,0.0,0.0,0.0,0.0,0.0,0
6947.KL,12/10/2020,0.0,0.0,0.0,0.0,0.0,0.0,0.0,0.0,0.0,0
6947.KL,12/10/2021,0.074713,0.087632,0.899449,0.012919,0.0,1.0,0.0,0.074713,0.899449,1
6947.KL,12/10/2022,0.0,0.0,0.0,0.0,0.0,0.0,0.0,0.0,0.0,0
6947.KL,12/10/2023,0.698073,0.719482,0.259108,0.02141,1.0,0.0,0.0,0.698073,0.719482,2
6947.KL,12/10/2024,0.0,0.0,0.0,0.0,0.0,0.0,0.0,0.0,0.0,0
6947.KL,12/10/2025,0.0,0.0,0.0,0.0,0.0,0.0,0.0,0.0,0.0,0
6947.KL,12/11/2020,0.0,0.0,0.0,0.0,0.0,0.0,0.0,0.0,0.0,0
6947.KL,12/11/2021,0.0,0.0,0.0,0.0,0.0,0.0,0.0,0.0,0.0,0
6947.KL,12/11/2022,0.0,0.0,0.0,0.0,0.0,0.0,0.0,0.0,0.0,0
6947.KL,12/11/2023,0.0,0.0,0.0,0.0,0.0,0.0,0.0,0.0,0.0,0
6947.KL,12/11/2024,0.0,0.0,0.0,0.0,0.0,0.0,0.0,0.0,0.0,0
6947.KL,12/11/2025,0.0,0.0,0.0,0.0,0.0,0.0,0.0,0.0,0.0,0
6947.KL,12/12/2020,0.0,0.0,0.0,0.0,0.0,0.0,0.0,0.0,0.0,0
6947.KL,12/12/2021,0.021437,0.412881,0.195675,0.391444,0.5,0.0,0.5,0.76807,0.786198,2
6947.KL,12/12/2022,0.0,0.0,0.0,0.0,0.0,0.0,0.0,0.0,0.0,0
6947.KL,12/12/2023,0.28446,0.298491,0.687478,0.014031,0.5,0.5,0.0,0.28446,0.747307,2
6947.KL,12/12/2024,0.505753,0.512632,0.480489,0.006879,1.0,0.0,0.0,0.505753,0.512632,1
6947.KL,12/12/2025,0.0,0.0,0.0,0.0,0.0,0.0,0.0,0.0,0.0,0
6947.KL,12/2/2020,-0.004123,0.025812,0.944253,0.029935,0.0,1.0,0.0,0.004123,0.944253,1
6947.KL,12/2/2021,0.0,0.0,0.0,0.0,0.0,0.0,0.0,0.0,0.0,0
6947.KL,12/2/2022,0.223648,0.23113,0.761387,0.007482,1.0,0.0,0.0,0.223648,0.761387,1
6947.KL,12/2/2023,0.0,0.0,0.0,0.0,0.0,0.0,0.0,0.0,0.0,0
6947.KL,12/2/2024,0.0,0.0,0.0,0.0,0.0,0.0,0.0,0.0,0.0,0
6947.KL,12/2/2025,0.650623,0.658457,0.33371,0.007833,1.0,0.0,0.0,0.650623,0.658457,1
6947.KL,12/2/2026,0.033977,0.047424,0.93913,0.013446,0.0,1.0,0.0,0.033977,0.93913,1
6947.KL,12/3/2020,0.0,0.0,0.0,0.0,0.0,0.0,0.0,0.0,0.0,0
6947.KL,12/3/2021,-0.958412,0.011009,0.019569,0.969422,0.0,0.0,1.0,0.958412,0.969422,1
6947.KL,12/3/2022,0.0,0.0,0.0,0.0,0.0,0.0,0.0,0.0,0.0,0
6947.KL,12/3/2023,0.0,0.0,0.0,0.0,0.0,0.0,0.0,0.0,0.0,0
6947.KL,12/3/2024,0.0,0.0,0.0,0.0,0.0,0.0,0.0,0.0,0.0,0
6947.KL,12/3/2025,0.0,0.0,0.0,0.0,0.0,0.0,0.0,0.0,0.0,0
6947.KL,12/3/2026,0.0,0.0,0.0,0.0,0.0,0.0,0.0,0.0,0.0,0
6947.KL,12/4/2020,0.0,0.0,0.0,0.0,0.0,0.0,0.0,0.0,0.0,0
6947.KL,12/4/2021,0.0,0.0,0.0,0.0,0.0,0.0,0.0,0.0,0.0,0
6947.KL,12/4/2022,0.0,0.0,0.0,0.0,0.0,0.0,0.0,0.0,0.0,0
6947.KL,12/4/2023,0.654016,0.661161,0.331695,0.007145,1.0,0.0,0.0,0.654016,0.661161,1
6947.KL,12/4/2024,0.152431,0.162229,0.827972,0.009798,1.0,0.0,0.0,0.152431,0.827972,1
6947.KL,12/4/2025,0.0,0.0,0.0,0.0,0.0,0.0,0.0,0.0,0.0,0
6947.KL,12/5/2020,0.031176,0.046044,0.939087,0.014868,0.0,1.0,0.0,0.031176,0.939087,1
6947.KL,12/5/2021,0.022106,0.039732,0.942642,0.017626,0.0,1.0,0.0,0.022106,0.942642,2
6947.KL,12/5/2022,0.0,0.0,0.0,0.0,0.0,0.0,0.0,0.0,0.0,0
6947.KL,12/5/2023,0.0,0.0,0.0,0.0,0.0,0.0,0.0,0.0,0.0,0
6947.KL,12/5/2024,0.0,0.0,0.0,0.0,0.0,0.0,0.0,0.0,0.0,0
6947.KL,12/5/2025,0.0,0.0,0.0,0.0,0.0,0.0,0.0,0.0,0.0,0
6947.KL,12/6/2020,0.0,0.0,0.0,0.0,0.0,0.0,0.0,0.0,0.0,0
6947.KL,12/6/2021,0.0,0.0,0.0,0.0,0.0,0.0,0.0,0.0,0.0,0
6947.KL,12/6/2022,0.0,0.0,0.0,0.0,0.0,0.0,0.0,0.0,0.0,0
6947.KL,12/6/2023,0.0,0.0,0.0,0.0,0.0,0.0,0.0,0.0,0.0,0
6947.KL,12/6/2024,0.462133,0.46929,0.523552,0.007158,1.0,0.0,0.0,0.462133,0.523552,1
6947.KL,12/6/2025,0.0,0.0,0.0,0.0,0.0,0.0,0.0,0.0,0.0,0
6947.KL,12/7/2020,0.0,0.0,0.0,0.0,0.0,0.0,0.0,0.0,0.0,0
6947.KL,12/7/2021,0.0,0.0,0.0,0.0,0.0,0.0,0.0,0.0,0.0,0
6947.KL,12/7/2022,0.0,0.0,0.0,0.0,0.0,0.0,0.0,0.0,0.0,0
6947.KL,12/7/2023,0.0,0.0,0.0,0.0,0.0,0.0,0.0,0.0,0.0,0
6947.KL,12/7/2024,0.0,0.0,0.0,0.0,0.0,0.0,0.0,0.0,0.0,0
6947.KL,12/7/2025,0.0,0.0,0.0,0.0,0.0,0.0,0.0,0.0,0.0,0
6947.KL,12/8/2020,0.0,0.0,0.0,0.0,0.0,0.0,0.0,0.0,0.0,0
6947.KL,12/8/2021,0.0,0.0,0.0,0.0,0.0,0.0,0.0,0.0,0.0,0
6947.KL,12/8/2022,0.0,0.0,0.0,0.0,0.0,0.0,0.0,0.0,0.0,0
6947.KL,12/8/2023,0.0,0.0,0.0,0.0,0.0,0.0,0.0,0.0,0.0,0
6947.KL,12/8/2024,0.0,0.0,0.0,0.0,0.0,0.0,0.0,0.0,0.0,0
6947.KL,12/8/2025,0.0,0.0,0.0,0.0,0.0,0.0,0.0,0.0,0.0,0
6947.KL,12/9/2020,0.0,0.0,0.0,0.0,0.0,0.0,0.0,0.0,0.0,0
6947.KL,12/9/2021,0.0,0.0,0.0,0.0,0.0,0.0,0.0,0.0,0.0,0
6947.KL,12/9/2022,0.0,0.0,0.0,0.0,0.0,0.0,0.0,0.0,0.0,0
6947.KL,12/9/2023,0.524932,0.534576,0.455779,0.009645,1.0,0.0,0.0,0.524932,0.534576,1
6947.KL,12/9/2024,-0.876678,0.021388,0.080545,0.898067,0.0,0.0,1.0,0.876678,0.898067,1
6947.KL,12/9/2025,0.683684,0.690993,0.301697,0.00731,1.0,0.0,0.0,0.683684,0.690993,1
6947.KL,13/1/2020,0.553205,0.574629,0.403948,0.021423,1.0,0.0,0.0,0.553205,0.574629,1
6947.KL,13/1/2021,0.0,0.0,0.0,0.0,0.0,0.0,0.0,0.0,0.0,0
6947.KL,13/1/2022,0.0,0.0,0.0,0.0,0.0,0.0,0.0,0.0,0.0,0
6947.KL,13/1/2023,0.0,0.0,0.0,0.0,0.0,0.0,0.0,0.0,0.0,0
6947.KL,13/1/2024,0.0,0.0,0.0,0.0,0.0,0.0,0.0,0.0,0.0,0
6947.KL,13/1/2025,0.0,0.0,0.0,0.0,0.0,0.0,0.0,0.0,0.0,0
6947.KL,13/1/2026,0.0,0.0,0.0,0.0,0.0,0.0,0.0,0.0,0.0,0
6947.KL,13/10/2020,0.0,0.0,0.0,0.0,0.0,0.0,0.0,0.0,0.0,0
6947.KL,13/10/2021,0.027785,0.202478,0.62283,0.174692,0.0,1.0,0.0,0.027785,0.62283,1
6947.KL,13/10/2022,0.0,0.0,0.0,0.0,0.0,0.0,0.0,0.0,0.0,0
6947.KL,13/10/2023,0.0,0.0,0.0,0.0,0.0,0.0,0.0,0.0,0.0,0
6947.KL,13/10/2024,0.0,0.0,0.0,0.0,0.0,0.0,0.0,0.0,0.0,0
6947.KL,13/10/2025,0.0,0.0,0.0,0.0,0.0,0.0,0.0,0.0,0.0,0
6947.KL,13/11/2020,0.0,0.0,0.0,0.0,0.0,0.0,0.0,0.0,0.0,0
6947.KL,13/11/2021,0.0,0.0,0.0,0.0,0.0,0.0,0.0,0.0,0.0,0
6947.KL,13/11/2022,0.0,0.0,0.0,0.0,0.0,0.0,0.0,0.0,0.0,0
6947.KL,13/11/2023,0.0,0.0,0.0,0.0,0.0,0.0,0.0,0.0,0.0,0
6947.KL,13/11/2024,0.243046,0.25,0.743045,0.006954,1.0,0.0,0.0,0.243046,0.743045,1
6947.KL,13/11/2025,0.0,0.0,0.0,0.0,0.0,0.0,0.0,0.0,0.0,0
6947.KL,13/12/2020,0.0,0.0,0.0,0.0,0.0,0.0,0.0,0.0,0.0,0
6947.KL,13/12/2021,0.0,0.0,0.0,0.0,0.0,0.0,0.0,0.0,0.0,0
6947.KL,13/12/2022,0.0,0.0,0.0,0.0,0.0,0.0,0.0,0.0,0.0,0
6947.KL,13/12/2023,0.0,0.0,0.0,0.0,0.0,0.0,0.0,0.0,0.0,0
6947.KL,13/12/2024,0.0,0.0,0.0,0.0,0.0,0.0,0.0,0.0,0.0,0
6947.KL,13/12/2025,0.0,0.0,0.0,0.0,0.0,0.0,0.0,0.0,0.0,0
6947.KL,13/2/2020,-0.824808,0.040265,0.094663,0.865073,0.0,0.0,1.0,0.824808,0.865073,1
6947.KL,13/2/2021,0.0,0.0,0.0,0.0,0.0,0.0,0.0,0.0,0.0,0
6947.KL,13/2/2022,0.0,0.0,0.0,0.0,0.0,0.0,0.0,0.0,0.0,0
6947.KL,13/2/2023,0.0,0.0,0.0,0.0,0.0,0.0,0.0,0.0,0.0,0
6947.KL,13/2/2024,0.0,0.0,0.0,0.0,0.0,0.0,0.0,0.0,0.0,0
6947.KL,13/2/2025,0.892619,0.922031,0.048558,0.029411,1.0,0.0,0.0,0.892619,0.922031,1
6947.KL,13/2/2026,0.0,0.0,0.0,0.0,0.0,0.0,0.0,0.0,0.0,0
6947.KL,13/3/2020,0.0,0.0,0.0,0.0,0.0,0.0,0.0,0.0,0.0,0
6947.KL,13/3/2021,0.0,0.0,0.0,0.0,0.0,0.0,0.0,0.0,0.0,0
6947.KL,13/3/2022,0.0,0.0,0.0,0.0,0.0,0.0,0.0,0.0,0.0,0
6947.KL,13/3/2023,0.0,0.0,0.0,0.0,0.0,0.0,0.0,0.0,0.0,0
6947.KL,13/3/2024,0.11169,0.125925,0.85984,0.014235,1.0,0.0,0.0,0.11169,0.85984,1
6947.KL,13/3/2025,0.0,0.0,0.0,0.0,0.0,0.0,0.0,0.0,0.0,0
6947.KL,13/3/2026,0.0,0.0,0.0,0.0,0.0,0.0,0.0,0.0,0.0,0
6947.KL,13/4/2020,0.0,0.0,0.0,0.0,0.0,0.0,0.0,0.0,0.0,0
6947.KL,13/4/2021,-0.959695,0.009774,0.020757,0.969469,0.0,0.0,1.0,0.959695,0.969469,1
6947.KL,13/4/2022,0.933811,0.950062,0.033687,0.016251,1.0,0.0,0.0,0.933811,0.950062,1
6947.KL,13/4/2023,0.500432,0.722871,0.054689,0.222439,1.0,0.0,0.0,0.500432,0.722871,1
6947.KL,13/4/2024,0.0,0.0,0.0,0.0,0.0,0.0,0.0,0.0,0.0,0
6947.KL,13/4/2025,0.0,0.0,0.0,0.0,0.0,0.0,0.0,0.0,0.0,0
6947.KL,13/5/2020,0.0,0.0,0.0,0.0,0.0,0.0,0.0,0.0,0.0,0
6947.KL,13/5/2021,0.693392,0.702478,0.288435,0.009086,1.0,0.0,0.0,0.693392,0.702478,1
6947.KL,13/5/2022,0.0,0.0,0.0,0.0,0.0,0.0,0.0,0.0,0.0,0
6947.KL,13/5/2023,0.0,0.0,0.0,0.0,0.0,0.0,0.0,0.0,0.0,0
6947.KL,13/5/2024,0.057741,0.068694,0.920352,0.010953,0.0,1.0,0.0,0.057741,0.920352,1
6947.KL,13/5/2025,0.90451,0.91404,0.07643,0.00953,1.0,0.0,0.0,0.90451,0.91404,1
6947.KL,13/6/2020,0.0,0.0,0.0,0.0,0.0,0.0,0.0,0.0,0.0,0
6947.KL,13/6/2021,0.0,0.0,0.0,0.0,0.0,0.0,0.0,0.0,0.0,0
6947.KL,13/6/2022,0.0,0.0,0.0,0.0,0.0,0.0,0.0,0.0,0.0,0
6947.KL,13/6/2023,0.0,0.0,0.0,0.0,0.0,0.0,0.0,0.0,0.0,0
6947.KL,13/6/2024,-0.934364,0.017215,0.031205,0.951579,0.0,0.0,1.0,0.934364,0.951579,1
6947.KL,13/6/2025,0.0,0.0,0.0,0.0,0.0,0.0,0.0,0.0,0.0,0
6947.KL,13/7/2020,-0.351983,0.091838,0.464341,0.443821,0.0,0.0,1.0,0.351983,0.464341,1
6947.KL,13/7/2021,0.0,0.0,0.0,0.0,0.0,0.0,0.0,0.0,0.0,0
6947.KL,13/7/2022,0.0,0.0,0.0,0.0,0.0,0.0,0.0,0.0,0.0,0
6947.KL,13/7/2023,0.0,0.0,0.0,0.0,0.0,0.0,0.0,0.0,0.0,0
6947.KL,13/7/2024,0.0,0.0,0.0,0.0,0.0,0.0,0.0,0.0,0.0,0
6947.KL,13/7/2025,0.0,0.0,0.0,0.0,0.0,0.0,0.0,0.0,0.0,0
6947.KL,13/8/2020,0.0,0.0,0.0,0.0,0.0,0.0,0.0,0.0,0.0,0
6947.KL,13/8/2021,0.0,0.0,0.0,0.0,0.0,0.0,0.0,0.0,0.0,0
6947.KL,13/8/2022,0.0,0.0,0.0,0.0,0.0,0.0,0.0,0.0,0.0,0
6947.KL,13/8/2023,0.0,0.0,0.0,0.0,0.0,0.0,0.0,0.0,0.0,0
6947.KL,13/8/2024,0.0,0.0,0.0,0.0,0.0,0.0,0.0,0.0,0.0,0
6947.KL,13/8/2025,0.0,0.0,0.0,0.0,0.0,0.0,0.0,0.0,0.0,0
6947.KL,13/9/2020,0.0,0.0,0.0,0.0,0.0,0.0,0.0,0.0,0.0,0
6947.KL,13/9/2021,0.0,0.0,0.0,0.0,0.0,0.0,0.0,0.0,0.0,0
6947.KL,13/9/2022,0.0,0.0,0.0,0.0,0.0,0.0,0.0,0.0,0.0,0
6947.KL,13/9/2023,-0.343848,0.136789,0.382574,0.480637,0.5,0.0,0.5,0.58738,0.847533,2
6947.KL,13/9/2024,-0.876678,0.021388,0.080545,0.898067,0.0,0.0,1.0,0.876678,0.898067,1
6947.KL,13/9/2025,0.0,0.0,0.0,0.0,0.0,0.0,0.0,0.0,0.0,0
6947.KL,14/1/2020,-0.921269,0.027211,0.02431,0.94848,0.0,0.0,1.0,0.921269,0.94848,1
6947.KL,14/1/2021,0.885697,0.927074,0.03155,0.041377,1.0,0.0,0.0,0.885697,0.927074,1
6947.KL,14/1/2022,0.0,0.0,0.0,0.0,0.0,0.0,0.0,0.0,0.0,0
6947.KL,14/1/2023,0.710748,0.74238,0.225988,0.031632,1.0,0.0,0.0,0.710748,0.74238,1
6947.KL,14/1/2024,0.0,0.0,0.0,0.0,0.0,0.0,0.0,0.0,0.0,0
6947.KL,14/1/2025,0.0,0.0,0.0,0.0,0.0,0.0,0.0,0.0,0.0,0
6947.KL,14/1/2026,0.0,0.0,0.0,0.0,0.0,0.0,0.0,0.0,0.0,0
6947.KL,14/10/2020,0.893006,0.924286,0.044435,0.03128,1.0,0.0,0.0,0.893006,0.924286,1
6947.KL,14/10/2021,-0.381656,0.107279,0.403785,0.488935,0.5,0.0,0.5,0.576865,0.877668,2
6947.KL,14/10/2022,0.769519,0.842154,0.085212,0.072635,1.0,0.0,0.0,0.769519,0.842154,1
6947.KL,14/10/2023,0.0,0.0,0.0,0.0,0.0,0.0,0.0,0.0,0.0,0
6947.KL,14/10/2024,0.0,0.0,0.0,0.0,0.0,0.0,0.0,0.0,0.0,0
6947.KL,14/10/2025,0.0,0.0,0.0,0.0,0.0,0.0,0.0,0.0,0.0,0
6947.KL,14/11/2020,0.0,0.0,0.0,0.0,0.0,0.0,0.0,0.0,0.0,0
6947.KL,14/11/2021,0.0,0.0,0.0,0.0,0.0,0.0,0.0,0.0,0.0,0
6947.KL,14/11/2022,0.0,0.0,0.0,0.0,0.0,0.0,0.0,0.0,0.0,0
6947.KL,14/11/2023,0.0,0.0,0.0,0.0,0.0,0.0,0.0,0.0,0.0,0
6947.KL,14/11/2024,0.0,0.0,0.0,0.0,0.0,0.0,0.0,0.0,0.0,0
6947.KL,14/11/2025,0.0,0.0,0.0,0.0,0.0,0.0,0.0,0.0,0.0,0
6947.KL,14/12/2020,0.458964,0.483545,0.491875,0.02458,0.5,0.5,0.0,0.461553,0.924764,2
6947.KL,14/12/2021,0.0,0.0,0.0,0.0,0.0,0.0,0.0,0.0,0.0,0
6947.KL,14/12/2022,0.82939,0.837054,0.155281,0.007665,1.0,0.0,0.0,0.82939,0.837054,1
6947.KL,14/12/2023,0.043696,0.05572,0.932256,0.012024,0.0,1.0,0.0,0.043696,0.932256,1
6947.KL,14/12/2024,0.0,0.0,0.0,0.0,0.0,0.0,0.0,0.0,0.0,0
6947.KL,14/12/2025,0.0,0.0,0.0,0.0,0.0,0.0,0.0,0.0,0.0,0
6947.KL,14/2/2020,-0.919943,0.03377,0.012517,0.953713,0.0,0.0,1.0,0.919943,0.953713,1
6947.KL,14/2/2021,0.0,0.0,0.0,0.0,0.0,0.0,0.0,0.0,0.0,0
6947.KL,14/2/2022,-0.40987,0.045642,0.498845,0.455512,0.0,0.5,0.5,0.457356,0.915678,2
6947.KL,14/2/2023,0.0,0.0,0.0,0.0,0.0,0.0,0.0,0.0,0.0,0
6947.KL,14/2/2024,0.0,0.0,0.0,0.0,0.0,0.0,0.0,0.0,0.0,0
6947.KL,14/2/2025,0.058194,0.069458,0.919279,0.011264,0.0,1.0,0.0,0.058194,0.919279,1
6947.KL,14/2/2026,0.0,0.0,0.0,0.0,0.0,0.0,0.0,0.0,0.0,0
6947.KL,14/3/2020,0.0,0.0,0.0,0.0,0.0,0.0,0.0,0.0,0.0,0
6947.KL,14/3/2021,0.0,0.0,0.0,0.0,0.0,0.0,0.0,0.0,0.0,0
6947.KL,14/3/2022,0.0,0.0,0.0,0.0,0.0,0.0,0.0,0.0,0.0,0
6947.KL,14/3/2023,0.0,0.0,0.0,0.0,0.0,0.0,0.0,0.0,0.0,0
6947.KL,14/3/2024,0.0,0.0,0.0,0.0,0.0,0.0,0.0,0.0,0.0,0
6947.KL,14/3/2025,0.0,0.0,0.0,0.0,0.0,0.0,0.0,0.0,0.0,0
6947.KL,14/3/2026,0.0,0.0,0.0,0.0,0.0,0.0,0.0,0.0,0.0,0
6947.KL,14/4/2020,0.889595,0.923479,0.042637,0.033884,1.0,0.0,0.0,0.889595,0.923479,1
6947.KL,14/4/2021,-0.307584,0.097602,0.497212,0.405186,0.0,0.5,0.5,0.355779,0.863704,2
6947.KL,14/4/2022,0.493601,0.502766,0.488069,0.009165,1.0,0.0,0.0,0.493601,0.502766,1
6947.KL,14/4/2023,0.0,0.0,0.0,0.0,0.0,0.0,0.0,0.0,0.0,0
6947.KL,14/4/2024,0.0,0.0,0.0,0.0,0.0,0.0,0.0,0.0,0.0,0
6947.KL,14/4/2025,0.0,0.0,0.0,0.0,0.0,0.0,0.0,0.0,0.0,0
6947.KL,14/5/2020,-0.24859,0.328547,0.094316,0.577137,0.0,0.0,1.0,0.24859,0.577137,1
6947.KL,14/5/2021,0.0,0.0,0.0,0.0,0.0,0.0,0.0,0.0,0.0,0
6947.KL,14/5/2022,0.0,0.0,0.0,0.0,0.0,0.0,0.0,0.0,0.0,0
6947.KL,14/5/2023,0.0,0.0,0.0,0.0,0.0,0.0,0.0,0.0,0.0,0
6947.KL,14/5/2024,0.0,0.0,0.0,0.0,0.0,0.0,0.0,0.0,0.0,0
6947.KL,14/5/2025,0.631117,0.647806,0.335505,0.016689,1.0,0.0,0.0,0.631117,0.647806,1
6947.KL,14/6/2020,0.0,0.0,0.0,0.0,0.0,0.0,0.0,0.0,0.0,0
6947.KL,14/6/2021,0.800055,0.810287,0.179481,0.010232,1.0,0.0,0.0,0.800055,0.810287,1
6947.KL,14/6/2022,0.0,0.0,0.0,0.0,0.0,0.0,0.0,0.0,0.0,0
6947.KL,14/6/2023,0.0,0.0,0.0,0.0,0.0,0.0,0.0,0.0,0.0,0
6947.KL,14/6/2024,0.0,0.0,0.0,0.0,0.0,0.0,0.0,0.0,0.0,0
6947.KL,14/6/2025,0.0,0.0,0.0,0.0,0.0,0.0,0.0,0.0,0.0,0
6947.KL,14/7/2020,0.619256,0.657378,0.304499,0.038122,1.0,0.0,0.0,0.619256,0.729567,2
6947.KL,14/7/2021,0.0,0.0,0.0,0.0,0.0,0.0,0.0,0.0,0.0,0
6947.KL,14/7/2022,0.0,0.0,0.0,0.0,0.0,0.0,0.0,0.0,0.0,0
6947.KL,14/7/2023,0.0,0.0,0.0,0.0,0.0,0.0,0.0,0.0,0.0,0
6947.KL,14/7/2024,0.0,0.0,0.0,0.0,0.0,0.0,0.0,0.0,0.0,0
6947.KL,14/7/2025,0.0,0.0,0.0,0.0,0.0,0.0,0.0,0.0,0.0,0
6947.KL,14/8/2020,0.0,0.0,0.0,0.0,0.0,0.0,0.0,0.0,0.0,0
6947.KL,14/8/2021,0.205842,0.252377,0.701087,0.046536,1.0,0.0,0.0,0.205842,0.701087,2
6947.KL,14/8/2022,0.0,0.0,0.0,0.0,0.0,0.0,0.0,0.0,0.0,0
6947.KL,14/8/2023,0.0,0.0,0.0,0.0,0.0,0.0,0.0,0.0,0.0,0
6947.KL,14/8/2024,0.866543,0.919689,0.027166,0.053145,1.0,0.0,0.0,0.866543,0.919689,1
6947.KL,14/8/2025,0.0,0.0,0.0,0.0,0.0,0.0,0.0,0.0,0.0,0
6947.KL,14/9/2020,0.0,0.0,0.0,0.0,0.0,0.0,0.0,0.0,0.0,0
6947.KL,14/9/2021,0.0,0.0,0.0,0.0,0.0,0.0,0.0,0.0,0.0,0
6947.KL,14/9/2022,0.0,0.0,0.0,0.0,0.0,0.0,0.0,0.0,0.0,0
6947.KL,14/9/2023,0.0,0.0,0.0,0.0,0.0,0.0,0.0,0.0,0.0,0
6947.KL,14/9/2024,0.0,0.0,0.0,0.0,0.0,0.0,0.0,0.0,0.0,0
6947.KL,14/9/2025,0.0,0.0,0.0,0.0,0.0,0.0,0.0,0.0,0.0,0
6947.KL,15/1/2020,0.0,0.0,0.0,0.0,0.0,0.0,0.0,0.0,0.0,0
6947.KL,15/1/2021,0.0,0.0,0.0,0.0,0.0,0.0,0.0,0.0,0.0,0
6947.KL,15/1/2022,0.0,0.0,0.0,0.0,0.0,0.0,0.0,0.0,0.0,0
6947.KL,15/1/2023,0.0,0.0,0.0,0.0,0.0,0.0,0.0,0.0,0.0,0
6947.KL,15/1/2024,0.202999,0.344375,0.514249,0.141376,0.5,0.0,0.5,0.395208,0.700802,2
6947.KL,15/1/2025,0.0,0.0,0.0,0.0,0.0,0.0,0.0,0.0,0.0,0
6947.KL,15/1/2026,0.0,0.0,0.0,0.0,0.0,0.0,0.0,0.0,0.0,0
6947.KL,15/10/2020,0.0,0.0,0.0,0.0,0.0,0.0,0.0,0.0,0.0,0
6947.KL,15/10/2021,0.0,0.0,0.0,0.0,0.0,0.0,0.0,0.0,0.0,0
6947.KL,15/10/2022,0.0,0.0,0.0,0.0,0.0,0.0,0.0,0.0,0.0,0
6947.KL,15/10/2023,0.0,0.0,0.0,0.0,0.0,0.0,0.0,0.0,0.0,0
6947.KL,15/10/2024,0.0,0.0,0.0,0.0,0.0,0.0,0.0,0.0,0.0,0
6947.KL,15/10/2025,0.0,0.0,0.0,0.0,0.0,0.0,0.0,0.0,0.0,0
6947.KL,15/11/2020,0.0,0.0,0.0,0.0,0.0,0.0,0.0,0.0,0.0,0
6947.KL,15/11/2021,-0.393947,0.081871,0.442312,0.475818,0.5,0.0,0.5,0.532239,0.894963,2
6947.KL,15/11/2022,0.0,0.0,0.0,0.0,0.0,0.0,0.0,0.0,0.0,0
6947.KL,15/11/2023,0.0,0.0,0.0,0.0,0.0,0.0,0.0,0.0,0.0,0
6947.KL,15/11/2024,-0.847687,0.025744,0.100826,0.87343,0.0,0.0,1.0,0.847687,0.87343,1
6947.KL,15/11/2025,0.0,0.0,0.0,0.0,0.0,0.0,0.0,0.0,0.0,0
6947.KL,15/12/2020,0.0,0.0,0.0,0.0,0.0,0.0,0.0,0.0,0.0,0
6947.KL,15/12/2021,-0.822527,0.049428,0.078617,0.871955,0.0,0.0,1.0,0.822527,0.871955,1
6947.KL,15/12/2022,0.0,0.0,0.0,0.0,0.0,0.0,0.0,0.0,0.0,0
6947.KL,15/12/2023,0.0,0.0,0.0,0.0,0.0,0.0,0.0,0.0,0.0,0
6947.KL,15/12/2024,0.0,0.0,0.0,0.0,0.0,0.0,0.0,0.0,0.0,0
6947.KL,15/12/2025,0.0,0.0,0.0,0.0,0.0,0.0,0.0,0.0,0.0,0
6947.KL,15/2/2020,0.0,0.0,0.0,0.0,0.0,0.0,0.0,0.0,0.0,0
6947.KL,15/2/2021,0.0,0.0,0.0,0.0,0.0,0.0,0.0,0.0,0.0,0
6947.KL,15/2/2022,0.0,0.0,0.0,0.0,0.0,0.0,0.0,0.0,0.0,0
6947.KL,15/2/2023,0.022669,0.490816,0.041037,0.468147,0.5,0.0,0.5,0.847862,0.903412,2
6947.KL,15/2/2024,-0.932191,0.020271,0.027267,0.952462,0.0,0.0,1.0,0.932191,0.952462,1
6947.KL,15/2/2025,0.421096,0.676154,0.068787,0.255058,1.0,0.0,0.0,0.421096,0.676154,1
6947.KL,15/2/2026,0.0,0.0,0.0,0.0,0.0,0.0,0.0,0.0,0.0,0
6947.KL,15/3/2020,0.0,0.0,0.0,0.0,0.0,0.0,0.0,0.0,0.0,0
6947.KL,15/3/2021,0.0,0.0,0.0,0.0,0.0,0.0,0.0,0.0,0.0,0
6947.KL,15/3/2022,-0.201126,0.024037,0.7508,0.225163,0.0,0.0,1.0,0.201126,0.7508,1
6947.KL,15/3/2023,0.0,0.0,0.0,0.0,0.0,0.0,0.0,0.0,0.0,0
6947.KL,15/3/2024,-0.951947,0.017741,0.01257,0.969688,0.0,0.0,1.0,0.951947,0.969688,1
6947.KL,15/3/2025,0.0,0.0,0.0,0.0,0.0,0.0,0.0,0.0,0.0,0
6947.KL,15/3/2026,0.0,0.0,0.0,0.0,0.0,0.0,0.0,0.0,0.0,0
6947.KL,15/4/2020,0.036308,0.125188,0.785932,0.08888,0.0,1.0,0.0,0.036308,0.785932,1
6947.KL,15/4/2021,0.0,0.0,0.0,0.0,0.0,0.0,0.0,0.0,0.0,0
6947.KL,15/4/2022,0.0,0.0,0.0,0.0,0.0,0.0,0.0,0.0,0.0,0
6947.KL,15/4/2023,0.0,0.0,0.0,0.0,0.0,0.0,0.0,0.0,0.0,0
6947.KL,15/4/2024,0.65608,0.799556,0.056968,0.143476,1.0,0.0,0.0,0.65608,0.799556,1
6947.KL,15/4/2025,0.0,0.0,0.0,0.0,0.0,0.0,0.0,0.0,0.0,0
6947.KL,15/5/2020,0.038369,0.499059,0.040251,0.46069,0.0,1.0,0.0,0.038369,0.499059,1
6947.KL,15/5/2021,0.0,0.0,0.0,0.0,0.0,0.0,0.0,0.0,0.0,0
6947.KL,15/5/2022,0.0,0.0,0.0,0.0,0.0,0.0,0.0,0.0,0.0,0
6947.KL,15/5/2023,-0.073866,0.215848,0.494438,0.289714,0.0,1.0,0.0,0.073866,0.494438,1
6947.KL,15/5/2024,0.0,0.0,0.0,0.0,0.0,0.0,0.0,0.0,0.0,0
6947.KL,15/5/2025,0.0,0.0,0.0,0.0,0.0,0.0,0.0,0.0,0.0,0
6947.KL,15/6/2020,0.0,0.0,0.0,0.0,0.0,0.0,0.0,0.0,0.0,0
6947.KL,15/6/2021,0.817559,0.830287,0.156985,0.012728,1.0,0.0,0.0,0.817559,0.830287,1
6947.KL,15/6/2022,0.0,0.0,0.0,0.0,0.0,0.0,0.0,0.0,0.0,0
6947.KL,15/6/2023,0.0,0.0,0.0,0.0,0.0,0.0,0.0,0.0,0.0,0
6947.KL,15/6/2024,0.0,0.0,0.0,0.0,0.0,0.0,0.0,0.0,0.0,0
6947.KL,15/6/2025,0.0,0.0,0.0,0.0,0.0,0.0,0.0,0.0,0.0,0
6947.KL,15/7/2020,-0.2459,0.10312,0.54786,0.34902,0.0,0.5,0.5,0.274185,0.814664,2
6947.KL,15/7/2021,0.029702,0.046335,0.937032,0.016633,0.0,1.0,0.0,0.029702,0.937032,1
6947.KL,15/7/2022,-0.964618,0.009099,0.017184,0.973717,0.0,0.0,1.0,0.964618,0.973717,1
6947.KL,15/7/2023,0.0,0.0,0.0,0.0,0.0,0.0,0.0,0.0,0.0,0
6947.KL,15/7/2024,0.501984,0.517301,0.467383,0.015317,1.0,0.0,0.0,0.501984,0.517301,1
6947.KL,15/7/2025,0.0,0.0,0.0,0.0,0.0,0.0,0.0,0.0,0.0,0
6947.KL,15/8/2020,-0.215699,0.095559,0.593182,0.311259,0.0,0.0,1.0,0.215699,0.593182,1
6947.KL,15/8/2021,0.0,0.0,0.0,0.0,0.0,0.0,0.0,0.0,0.0,0
6947.KL,15/8/2022,0.35119,0.450708,0.449774,0.099518,1.0,0.0,0.0,0.35119,0.668185,2
6947.KL,15/8/2023,-0.212389,0.361508,0.064596,0.573896,0.0,0.0,1.0,0.212389,0.573896,1
6947.KL,15/8/2024,0.0,0.0,0.0,0.0,0.0,0.0,0.0,0.0,0.0,0
6947.KL,15/8/2025,0.0,0.0,0.0,0.0,0.0,0.0,0.0,0.0,0.0,0
6947.KL,15/9/2020,0.0,0.0,0.0,0.0,0.0,0.0,0.0,0.0,0.0,0
6947.KL,15/9/2021,0.0,0.0,0.0,0.0,0.0,0.0,0.0,0.0,0.0,0
6947.KL,15/9/2022,0.0,0.0,0.0,0.0,0.0,0.0,0.0,0.0,0.0,0
6947.KL,15/9/2023,0.0,0.0,0.0,0.0,0.0,0.0,0.0,0.0,0.0,0
6947.KL,15/9/2024,0.0,0.0,0.0,0.0,0.0,0.0,0.0,0.0,0.0,0
6947.KL,15/9/2025,0.0,0.0,0.0,0.0,0.0,0.0,0.0,0.0,0.0,0
6947.KL,16/1/2020,0.835677,0.902166,0.031345,0.066489,1.0,0.0,0.0,0.835677,0.902166,1
6947.KL,16/1/2021,0.0,0.0,0.0,0.0,0.0,0.0,0.0,0.0,0.0,0
6947.KL,16/1/2022,0.0,0.0,0.0,0.0,0.0,0.0,0.0,0.0,0.0,0
6947.KL,16/1/2023,0.0,0.0,0.0,0.0,0.0,0.0,0.0,0.0,0.0,0
6947.KL,16/1/2024,0.887056,0.895319,0.096419,0.008262,1.0,0.0,0.0,0.887056,0.895319,1
6947.KL,16/1/2025,0.0,0.0,0.0,0.0,0.0,0.0,0.0,0.0,0.0,0
6947.KL,16/1/2026,0.0,0.0,0.0,0.0,0.0,0.0,0.0,0.0,0.0,0
6947.KL,16/10/2020,0.0,0.0,0.0,0.0,0.0,0.0,0.0,0.0,0.0,0
6947.KL,16/10/2021,0.0,0.0,0.0,0.0,0.0,0.0,0.0,0.0,0.0,0
6947.KL,16/10/2022,0.0,0.0,0.0,0.0,0.0,0.0,0.0,0.0,0.0,0
6947.KL,16/10/2023,0.0,0.0,0.0,0.0,0.0,0.0,0.0,0.0,0.0,0
6947.KL,16/10/2024,0.0,0.0,0.0,0.0,0.0,0.0,0.0,0.0,0.0,0
6947.KL,16/10/2025,0.094155,0.118129,0.857898,0.023973,0.0,1.0,0.0,0.094155,0.857898,1
6947.KL,16/11/2020,0.0,0.0,0.0,0.0,0.0,0.0,0.0,0.0,0.0,0
6947.KL,16/11/2021,0.89264,0.917839,0.056963,0.025199,1.0,0.0,0.0,0.89264,0.917839,1
6947.KL,16/11/2022,0.0,0.0,0.0,0.0,0.0,0.0,0.0,0.0,0.0,0
6947.KL,16/11/2023,0.0,0.0,0.0,0.0,0.0,0.0,0.0,0.0,0.0,0
6947.KL,16/11/2024,0.11193,0.124167,0.863597,0.012237,1.0,0.0,0.0,0.11193,0.863597,1
6947.KL,16/11/2025,0.0,0.0,0.0,0.0,0.0,0.0,0.0,0.0,0.0,0
6947.KL,16/12/2020,0.0,0.0,0.0,0.0,0.0,0.0,0.0,0.0,0.0,0
6947.KL,16/12/2021,0.0,0.0,0.0,0.0,0.0,0.0,0.0,0.0,0.0,0
6947.KL,16/12/2022,-0.898144,0.030087,0.041683,0.92823,0.0,0.0,1.0,0.898144,0.92823,2
6947.KL,16/12/2023,0.0,0.0,0.0,0.0,0.0,0.0,0.0,0.0,0.0,0
6947.KL,16/12/2024,0.0,0.0,0.0,0.0,0.0,0.0,0.0,0.0,0.0,0
6947.KL,16/12/2025,0.0,0.0,0.0,0.0,0.0,0.0,0.0,0.0,0.0,0
6947.KL,16/2/2020,0.0,0.0,0.0,0.0,0.0,0.0,0.0,0.0,0.0,0
6947.KL,16/2/2021,0.0,0.0,0.0,0.0,0.0,0.0,0.0,0.0,0.0,0
6947.KL,16/2/2022,0.0,0.0,0.0,0.0,0.0,0.0,0.0,0.0,0.0,0
6947.KL,16/2/2023,0.0,0.0,0.0,0.0,0.0,0.0,0.0,0.0,0.0,0
6947.KL,16/2/2024,0.729567,0.833378,0.062811,0.103811,1.0,0.0,0.0,0.729567,0.833378,2
6947.KL,16/2/2025,0.0,0.0,0.0,0.0,0.0,0.0,0.0,0.0,0.0,0
6947.KL,16/2/2026,0.0,0.0,0.0,0.0,0.0,0.0,0.0,0.0,0.0,0
6947.KL,16/3/2020,0.0,0.0,0.0,0.0,0.0,0.0,0.0,0.0,0.0,0
6947.KL,16/3/2021,0.149153,0.159679,0.829795,0.010526,1.0,0.0,0.0,0.149153,0.829795,1
6947.KL,16/3/2022,0.426752,0.467747,0.491258,0.040995,0.5,0.5,0.0,0.426752,0.908534,2
6947.KL,16/3/2023,0.195077,0.204417,0.786244,0.009339,1.0,0.0,0.0,0.195077,0.786244,1
6947.KL,16/3/2024,0.0,0.0,0.0,0.0,0.0,0.0,0.0,0.0,0.0,0
6947.KL,16/3/2025,0.0,0.0,0.0,0.0,0.0,0.0,0.0,0.0,0.0,0
6947.KL,16/3/2026,0.0,0.0,0.0,0.0,0.0,0.0,0.0,0.0,0.0,0
6947.KL,16/4/2020,0.832117,0.89443,0.043257,0.062313,1.0,0.0,0.0,0.832117,0.89443,2
6947.KL,16/4/2021,0.0,0.0,0.0,0.0,0.0,0.0,0.0,0.0,0.0,0
6947.KL,16/4/2022,0.0,0.0,0.0,0.0,0.0,0.0,0.0,0.0,0.0,0
6947.KL,16/4/2023,0.0,0.0,0.0,0.0,0.0,0.0,0.0,0.0,0.0,0
6947.KL,16/4/2024,0.0,0.0,0.0,0.0,0.0,0.0,0.0,0.0,0.0,0
6947.KL,16/4/2025,0.890658,0.903073,0.084512,0.012415,1.0,0.0,0.0,0.890658,0.903073,1
6947.KL,16/5/2020,0.0,0.0,0.0,0.0,0.0,0.0,0.0,0.0,0.0,0
6947.KL,16/5/2021,0.0,0.0,0.0,0.0,0.0,0.0,0.0,0.0,0.0,0
6947.KL,16/5/2022,0.0,0.0,0.0,0.0,0.0,0.0,0.0,0.0,0.0,0
6947.KL,16/5/2023,0.0,0.0,0.0,0.0,0.0,0.0,0.0,0.0,0.0,0
6947.KL,16/5/2024,0.915452,0.923845,0.067762,0.008393,1.0,0.0,0.0,0.915452,0.923845,1
6947.KL,16/5/2025,0.0,0.0,0.0,0.0,0.0,0.0,0.0,0.0,0.0,0
6947.KL,16/6/2020,0.0,0.0,0.0,0.0,0.0,0.0,0.0,0.0,0.0,0
6947.KL,16/6/2021,0.049224,0.063203,0.922817,0.013979,0.0,1.0,0.0,0.049224,0.922817,2
6947.KL,16/6/2022,0.0,0.0,0.0,0.0,0.0,0.0,0.0,0.0,0.0,0
6947.KL,16/6/2023,-0.734753,0.016533,0.232181,0.751286,0.0,0.0,1.0,0.734753,0.751286,1
6947.KL,16/6/2024,0.0,0.0,0.0,0.0,0.0,0.0,0.0,0.0,0.0,0
6947.KL,16/6/2025,0.121404,0.532898,0.055608,0.411494,1.0,0.0,0.0,0.121404,0.532898,1
6947.KL,16/7/2020,0.898756,0.908437,0.081882,0.009681,1.0,0.0,0.0,0.898756,0.908437,1
6947.KL,16/7/2021,0.930857,0.956211,0.018434,0.025354,1.0,0.0,0.0,0.930857,0.956211,1
6947.KL,16/7/2022,0.0,0.0,0.0,0.0,0.0,0.0,0.0,0.0,0.0,0
6947.KL,16/7/2023,0.0,0.0,0.0,0.0,0.0,0.0,0.0,0.0,0.0,0
6947.KL,16/7/2024,0.461206,0.559366,0.342474,0.09816,0.5,0.5,0.0,0.461206,0.771892,2
6947.KL,16/7/2025,0.936013,0.954516,0.026981,0.018503,1.0,0.0,0.0,0.936013,0.954516,1
6947.KL,16/8/2020,0.0,0.0,0.0,0.0,0.0,0.0,0.0,0.0,0.0,0
6947.KL,16/8/2021,0.24191,0.253231,0.735449,0.01132,1.0,0.0,0.0,0.24191,0.735449,1
6947.KL,16/8/2022,0.0,0.0,0.0,0.0,0.0,0.0,0.0,0.0,0.0,0
6947.KL,16/8/2023,0.90866,0.936968,0.034724,0.028308,1.0,0.0,0.0,0.90866,0.936968,1
6947.KL,16/8/2024,0.0,0.0,0.0,0.0,0.0,0.0,0.0,0.0,0.0,0
6947.KL,16/8/2025,0.101865,0.112212,0.877441,0.010347,1.0,0.0,0.0,0.101865,0.877441,1
6947.KL,16/9/2020,0.0,0.0,0.0,0.0,0.0,0.0,0.0,0.0,0.0,0
6947.KL,16/9/2021,0.0,0.0,0.0,0.0,0.0,0.0,0.0,0.0,0.0,0
6947.KL,16/9/2022,0.924986,0.939783,0.04542,0.014797,1.0,0.0,0.0,0.924986,0.939783,1
6947.KL,16/9/2023,0.0,0.0,0.0,0.0,0.0,0.0,0.0,0.0,0.0,0
6947.KL,16/9/2024,0.03129,0.057554,0.916181,0.026264,0.0,1.0,0.0,0.03129,0.916181,1
6947.KL,16/9/2025,0.0,0.0,0.0,0.0,0.0,0.0,0.0,0.0,0.0,0
6947.KL,17/1/2020,0.652288,0.778755,0.094778,0.126467,1.0,0.0,0.0,0.652288,0.778755,1
6947.KL,17/1/2021,0.0,0.0,0.0,0.0,0.0,0.0,0.0,0.0,0.0,0
6947.KL,17/1/2022,0.0,0.0,0.0,0.0,0.0,0.0,0.0,0.0,0.0,0
6947.KL,17/1/2023,0.0,0.0,0.0,0.0,0.0,0.0,0.0,0.0,0.0,0
6947.KL,17/1/2024,-0.955199,0.011654,0.021493,0.966853,0.0,0.0,1.0,0.955199,0.966853,1
6947.KL,17/1/2025,0.0,0.0,0.0,0.0,0.0,0.0,0.0,0.0,0.0,0
6947.KL,17/1/2026,0.0,0.0,0.0,0.0,0.0,0.0,0.0,0.0,0.0,0
6947.KL,17/10/2020,0.0,0.0,0.0,0.0,0.0,0.0,0.0,0.0,0.0,0
6947.KL,17/10/2021,0.0,0.0,0.0,0.0,0.0,0.0,0.0,0.0,0.0,0
6947.KL,17/10/2022,0.17364,0.217783,0.738074,0.044143,1.0,0.0,0.0,0.17364,0.738074,1
6947.KL,17/10/2023,-0.941744,0.01272,0.032817,0.954463,0.0,0.0,1.0,0.941744,0.954463,1
6947.KL,17/10/2024,-0.955643,0.013261,0.017836,0.968904,0.0,0.0,1.0,0.955643,0.968904,1
6947.KL,17/10/2025,0.0,0.0,0.0,0.0,0.0,0.0,0.0,0.0,0.0,0
6947.KL,17/11/2020,0.0,0.0,0.0,0.0,0.0,0.0,0.0,0.0,0.0,0
6947.KL,17/11/2021,0.0928,0.17053,0.75174,0.07773,0.0,1.0,0.0,0.0928,0.75174,1
6947.KL,17/11/2022,0.0,0.0,0.0,0.0,0.0,0.0,0.0,0.0,0.0,0
6947.KL,17/11/2023,0.059397,0.481119,0.097159,0.421722,0.5,0.0,0.5,0.852654,0.877748,2
6947.KL,17/11/2024,0.0,0.0,0.0,0.0,0.0,0.0,0.0,0.0,0.0,0
6947.KL,17/11/2025,-0.966886,0.006738,0.019639,0.973623,0.0,0.0,1.0,0.966886,0.973623,1
6947.KL,17/12/2020,0.0,0.0,0.0,0.0,0.0,0.0,0.0,0.0,0.0,0
6947.KL,17/12/2021,0.0,0.0,0.0,0.0,0.0,0.0,0.0,0.0,0.0,0
6947.KL,17/12/2022,0.0,0.0,0.0,0.0,0.0,0.0,0.0,0.0,0.0,0
6947.KL,17/12/2023,0.0,0.0,0.0,0.0,0.0,0.0,0.0,0.0,0.0,0
6947.KL,17/12/2024,0.348049,0.356598,0.634853,0.008549,1.0,0.0,0.0,0.348049,0.634853,1
6947.KL,17/12/2025,0.0,0.0,0.0,0.0,0.0,0.0,0.0,0.0,0.0,0
6947.KL,17/2/2020,-0.458763,0.03973,0.461777,0.498493,0.0,0.5,0.5,0.45902,0.928035,2
6947.KL,17/2/2021,0.0,0.0,0.0,0.0,0.0,0.0,0.0,0.0,0.0,0
6947.KL,17/2/2022,0.0,0.0,0.0,0.0,0.0,0.0,0.0,0.0,0.0,0
6947.KL,17/2/2023,0.234651,0.243558,0.747535,0.008907,1.0,0.0,0.0,0.234651,0.747535,2
6947.KL,17/2/2024,0.0,0.0,0.0,0.0,0.0,0.0,0.0,0.0,0.0,0
6947.KL,17/2/2025,-0.395973,0.062814,0.478399,0.458787,0.0,0.0,1.0,0.395973,0.478399,1
6947.KL,17/2/2026,0.0,0.0,0.0,0.0,0.0,0.0,0.0,0.0,0.0,0
6947.KL,17/3/2020,0.0,0.0,0.0,0.0,0.0,0.0,0.0,0.0,0.0,0
6947.KL,17/3/2021,0.0,0.0,0.0,0.0,0.0,0.0,0.0,0.0,0.0,0
6947.KL,17/3/2022,0.0,0.0,0.0,0.0,0.0,0.0,0.0,0.0,0.0,0
6947.KL,17/3/2023,0.400164,0.409091,0.581981,0.008927,1.0,0.0,0.0,0.400164,0.581981,1
6947.KL,17/3/2024,0.0,0.0,0.0,0.0,0.0,0.0,0.0,0.0,0.0,0
6947.KL,17/3/2025,0.0,0.0,0.0,0.0,0.0,0.0,0.0,0.0,0.0,0
6947.KL,17/3/2026,0.014122,0.03713,0.939862,0.023008,0.0,1.0,0.0,0.014122,0.939862,1
6947.KL,17/4/2020,0.0,0.0,0.0,0.0,0.0,0.0,0.0,0.0,0.0,0
6947.KL,17/4/2021,0.0,0.0,0.0,0.0,0.0,0.0,0.0,0.0,0.0,0
6947.KL,17/4/2022,0.0,0.0,0.0,0.0,0.0,0.0,0.0,0.0,0.0,0
6947.KL,17/4/2023,0.181403,0.188482,0.80444,0.007079,1.0,0.0,0.0,0.181403,0.80444,1
6947.KL,17/4/2024,-0.89361,0.028412,0.049566,0.922022,0.0,0.0,1.0,0.89361,0.922022,2
6947.KL,17/4/2025,0.0,0.0,0.0,0.0,0.0,0.0,0.0,0.0,0.0,0
6947.KL,17/5/2020,0.082407,0.091568,0.89927,0.009161,0.0,1.0,0.0,0.082407,0.89927,1
6947.KL,17/5/2021,0.0,0.0,0.0,0.0,0.0,0.0,0.0,0.0,0.0,0
6947.KL,17/5/2022,0.0,0.0,0.0,0.0,0.0,0.0,0.0,0.0,0.0,0
6947.KL,17/5/2023,0.0,0.0,0.0,0.0,0.0,0.0,0.0,0.0,0.0,0
6947.KL,17/5/2024,-0.027684,0.021271,0.929775,0.048955,0.0,1.0,0.0,0.027684,0.929775,1
6947.KL,17/5/2025,0.0,0.0,0.0,0.0,0.0,0.0,0.0,0.0,0.0,0
6947.KL,17/6/2020,0.0,0.0,0.0,0.0,0.0,0.0,0.0,0.0,0.0,0
6947.KL,17/6/2021,-0.944424,0.016185,0.023206,0.960609,0.0,0.0,1.0,0.944424,0.960609,1
6947.KL,17/6/2022,0.0,0.0,0.0,0.0,0.0,0.0,0.0,0.0,0.0,0
6947.KL,17/6/2023,0.0,0.0,0.0,0.0,0.0,0.0,0.0,0.0,0.0,0
6947.KL,17/6/2024,0.0,0.0,0.0,0.0,0.0,0.0,0.0,0.0,0.0,0
6947.KL,17/6/2025,0.0,0.0,0.0,0.0,0.0,0.0,0.0,0.0,0.0,0
6947.KL,17/7/2020,0.0,0.0,0.0,0.0,0.0,0.0,0.0,0.0,0.0,0
6947.KL,17/7/2021,-0.946639,0.013142,0.027077,0.959781,0.0,0.0,1.0,0.946639,0.959781,1
6947.KL,17/7/2022,0.0,0.0,0.0,0.0,0.0,0.0,0.0,0.0,0.0,0
6947.KL,17/7/2023,0.0,0.0,0.0,0.0,0.0,0.0,0.0,0.0,0.0,0
6947.KL,17/7/2024,0.0,0.0,0.0,0.0,0.0,0.0,0.0,0.0,0.0,0
6947.KL,17/7/2025,0.07774,0.087919,0.901902,0.010179,0.0,1.0,0.0,0.07774,0.901902,1
6947.KL,17/8/2020,0.131347,0.145164,0.841019,0.013817,1.0,0.0,0.0,0.131347,0.841019,1
6947.KL,17/8/2021,0.0,0.0,0.0,0.0,0.0,0.0,0.0,0.0,0.0,0
6947.KL,17/8/2022,0.787555,0.854124,0.079307,0.066569,1.0,0.0,0.0,0.787555,0.854124,2
6947.KL,17/8/2023,0.0,0.0,0.0,0.0,0.0,0.0,0.0,0.0,0.0,0
6947.KL,17/8/2024,0.917552,0.943293,0.030966,0.025741,1.0,0.0,0.0,0.917552,0.943293,1
6947.KL,17/8/2025,0.0,0.0,0.0,0.0,0.0,0.0,0.0,0.0,0.0,0
6947.KL,17/9/2020,0.0,0.0,0.0,0.0,0.0,0.0,0.0,0.0,0.0,0
6947.KL,17/9/2021,0.064611,0.08677,0.891072,0.022159,0.0,1.0,0.0,0.064611,0.891072,1
6947.KL,17/9/2022,0.0,0.0,0.0,0.0,0.0,0.0,0.0,0.0,0.0,0
6947.KL,17/9/2023,0.0,0.0,0.0,0.0,0.0,0.0,0.0,0.0,0.0,0
6947.KL,17/9/2024,0.0,0.0,0.0,0.0,0.0,0.0,0.0,0.0,0.0,0
6947.KL,17/9/2025,0.0,0.0,0.0,0.0,0.0,0.0,0.0,0.0,0.0,0
6947.KL,18/1/2020,0.828828,0.843774,0.14128,0.014946,1.0,0.0,0.0,0.828828,0.843774,2
6947.KL,18/1/2021,0.0,0.0,0.0,0.0,0.0,0.0,0.0,0.0,0.0,0
6947.KL,18/1/2022,0.0,0.0,0.0,0.0,0.0,0.0,0.0,0.0,0.0,0
6947.KL,18/1/2023,-0.06953,0.429488,0.071493,0.499019,0.5,0.0,0.5,0.869436,0.898972,2
6947.KL,18/1/2024,0.08792,0.106665,0.874591,0.018744,0.0,1.0,0.0,0.08792,0.874591,1
6947.KL,18/1/2025,0.0,0.0,0.0,0.0,0.0,0.0,0.0,0.0,0.0,0
6947.KL,18/1/2026,0.0,0.0,0.0,0.0,0.0,0.0,0.0,0.0,0.0,0
6947.KL,18/10/2020,0.0,0.0,0.0,0.0,0.0,0.0,0.0,0.0,0.0,0
6947.KL,18/10/2021,0.0,0.0,0.0,0.0,0.0,0.0,0.0,0.0,0.0,0
6947.KL,18/10/2022,0.0,0.0,0.0,0.0,0.0,0.0,0.0,0.0,0.0,0
6947.KL,18/10/2023,0.0,0.0,0.0,0.0,0.0,0.0,0.0,0.0,0.0,0
6947.KL,18/10/2024,0.0,0.0,0.0,0.0,0.0,0.0,0.0,0.0,0.0,0
6947.KL,18/10/2025,0.0,0.0,0.0,0.0,0.0,0.0,0.0,0.0,0.0,0
6947.KL,18/11/2020,0.834858,0.861251,0.112355,0.026394,1.0,0.0,0.0,0.834858,0.861251,3
6947.KL,18/11/2021,0.0,0.0,0.0,0.0,0.0,0.0,0.0,0.0,0.0,0
6947.KL,18/11/2022,0.553911,0.570611,0.412689,0.0167,1.0,0.0,0.0,0.553911,0.570611,1
6947.KL,18/11/2023,0.0,0.0,0.0,0.0,0.0,0.0,0.0,0.0,0.0,0
6947.KL,18/11/2024,0.298049,0.33741,0.623229,0.039361,1.0,0.0,0.0,0.298049,0.623229,1
6947.KL,18/11/2025,0.041271,0.054811,0.93165,0.013539,0.0,1.0,0.0,0.041271,0.93165,1
6947.KL,18/12/2020,-0.651631,0.057328,0.233713,0.708959,0.0,0.0,1.0,0.651631,0.708959,1
6947.KL,18/12/2021,0.0,0.0,0.0,0.0,0.0,0.0,0.0,0.0,0.0,0
6947.KL,18/12/2022,0.0,0.0,0.0,0.0,0.0,0.0,0.0,0.0,0.0,0
6947.KL,18/12/2023,0.0,0.0,0.0,0.0,0.0,0.0,0.0,0.0,0.0,0
6947.KL,18/12/2024,0.0,0.0,0.0,0.0,0.0,0.0,0.0,0.0,0.0,0
6947.KL,18/12/2025,0.0,0.0,0.0,0.0,0.0,0.0,0.0,0.0,0.0,0
6947.KL,18/2/2020,0.0,0.0,0.0,0.0,0.0,0.0,0.0,0.0,0.0,0
6947.KL,18/2/2021,0.0,0.0,0.0,0.0,0.0,0.0,0.0,0.0,0.0,0
6947.KL,18/2/2022,0.0,0.0,0.0,0.0,0.0,0.0,0.0,0.0,0.0,0
6947.KL,18/2/2023,0.0,0.0,0.0,0.0,0.0,0.0,0.0,0.0,0.0,0
6947.KL,18/2/2024,0.0,0.0,0.0,0.0,0.0,0.0,0.0,0.0,0.0,0
6947.KL,18/2/2025,0.0,0.0,0.0,0.0,0.0,0.0,0.0,0.0,0.0,0
6947.KL,18/2/2026,0.0,0.0,0.0,0.0,0.0,0.0,0.0,0.0,0.0,0
6947.KL,18/3/2020,0.0,0.0,0.0,0.0,0.0,0.0,0.0,0.0,0.0,0
6947.KL,18/3/2021,0.513661,0.529246,0.455169,0.015585,1.0,0.0,0.0,0.513661,0.529246,1
6947.KL,18/3/2022,0.0,0.0,0.0,0.0,0.0,0.0,0.0,0.0,0.0,0
6947.KL,18/3/2023,0.0,0.0,0.0,0.0,0.0,0.0,0.0,0.0,0.0,0
6947.KL,18/3/2024,0.0,0.0,0.0,0.0,0.0,0.0,0.0,0.0,0.0,0
6947.KL,18/3/2025,0.0,0.0,0.0,0.0,0.0,0.0,0.0,0.0,0.0,0
6947.KL,18/3/2026,0.924785,0.937842,0.049101,0.013057,1.0,0.0,0.0,0.924785,0.937842,1
6947.KL,18/4/2020,0.816996,0.880423,0.056149,0.063428,1.0,0.0,0.0,0.816996,0.880423,1
6947.KL,18/4/2021,0.0,0.0,0.0,0.0,0.0,0.0,0.0,0.0,0.0,0
6947.KL,18/4/2022,0.0,0.0,0.0,0.0,0.0,0.0,0.0,0.0,0.0,0
6947.KL,18/4/2023,0.353899,0.362502,0.628895,0.008603,1.0,0.0,0.0,0.353899,0.628895,1
6947.KL,18/4/2024,0.0,0.0,0.0,0.0,0.0,0.0,0.0,0.0,0.0,0
6947.KL,18/4/2025,0.0,0.0,0.0,0.0,0.0,0.0,0.0,0.0,0.0,0
6947.KL,18/5/2020,0.0,0.0,0.0,0.0,0.0,0.0,0.0,0.0,0.0,0
6947.KL,18/5/2021,0.0,0.0,0.0,0.0,0.0,0.0,0.0,0.0,0.0,0
6947.KL,18/5/2022,0.0,0.0,0.0,0.0,0.0,0.0,0.0,0.0,0.0,0
6947.KL,18/5/2023,0.0,0.0,0.0,0.0,0.0,0.0,0.0,0.0,0.0,0
6947.KL,18/5/2024,0.0,0.0,0.0,0.0,0.0,0.0,0.0,0.0,0.0,0
6947.KL,18/5/2025,0.0,0.0,0.0,0.0,0.0,0.0,0.0,0.0,0.0,0
6947.KL,18/6/2020,0.0,0.0,0.0,0.0,0.0,0.0,0.0,0.0,0.0,0
6947.KL,18/6/2021,0.938333,0.953148,0.032036,0.014815,1.0,0.0,0.0,0.938333,0.953148,1
6947.KL,18/6/2022,0.019566,0.136619,0.746327,0.117053,0.0,1.0,0.0,0.049028,0.746327,2
6947.KL,18/6/2023,0.0,0.0,0.0,0.0,0.0,0.0,0.0,0.0,0.0,0
6947.KL,18/6/2024,0.0,0.0,0.0,0.0,0.0,0.0,0.0,0.0,0.0,0
6947.KL,18/6/2025,0.0,0.0,0.0,0.0,0.0,0.0,0.0,0.0,0.0,0
6947.KL,18/7/2020,0.0,0.0,0.0,0.0,0.0,0.0,0.0,0.0,0.0,0
6947.KL,18/7/2021,0.0,0.0,0.0,0.0,0.0,0.0,0.0,0.0,0.0,0
6947.KL,18/7/2022,0.032824,0.046449,0.939926,0.013625,0.0,1.0,0.0,0.032824,0.939926,1
6947.KL,18/7/2023,0.280668,0.288448,0.703772,0.00778,1.0,0.0,0.0,0.280668,0.703772,1
6947.KL,18/7/2024,0.099327,0.450822,0.197684,0.351495,0.5,0.0,0.5,0.778221,0.790269,2
6947.KL,18/7/2025,0.904633,0.935989,0.032656,0.031356,1.0,0.0,0.0,0.904633,0.935989,1
6947.KL,18/8/2020,0.109295,0.118614,0.872068,0.009319,1.0,0.0,0.0,0.109295,0.872068,1
6947.KL,18/8/2021,0.359602,0.36693,0.625743,0.007327,1.0,0.0,0.0,0.359602,0.625743,1
6947.KL,18/8/2022,0.06058,0.092194,0.876192,0.031614,0.0,1.0,0.0,0.06058,0.876192,1
6947.KL,18/8/2023,-0.146121,0.339241,0.175396,0.485362,0.5,0.0,0.5,0.700667,0.762635,2
6947.KL,18/8/2024,0.0,0.0,0.0,0.0,0.0,0.0,0.0,0.0,0.0,0
6947.KL,18/8/2025,0.486113,0.504255,0.477603,0.018142,0.5,0.5,0.0,0.486113,0.937226,2
6947.KL,18/9/2020,0.0,0.0,0.0,0.0,0.0,0.0,0.0,0.0,0.0,0
6947.KL,18/9/2021,0.0,0.0,0.0,0.0,0.0,0.0,0.0,0.0,0.0,0
6947.KL,18/9/2022,0.0,0.0,0.0,0.0,0.0,0.0,0.0,0.0,0.0,0
6947.KL,18/9/2023,0.261367,0.268498,0.72437,0.007131,1.0,0.0,0.0,0.261367,0.72437,1
6947.KL,18/9/2024,0.0,0.0,0.0,0.0,0.0,0.0,0.0,0.0,0.0,0
6947.KL,18/9/2025,0.0,0.0,0.0,0.0,0.0,0.0,0.0,0.0,0.0,0
6947.KL,19/1/2020,0.0,0.0,0.0,0.0,0.0,0.0,0.0,0.0,0.0,0
6947.KL,19/1/2021,0.0,0.0,0.0,0.0,0.0,0.0,0.0,0.0,0.0,0
6947.KL,19/1/2022,0.0,0.0,0.0,0.0,0.0,0.0,0.0,0.0,0.0,0
6947.KL,19/1/2023,0.0,0.0,0.0,0.0,0.0,0.0,0.0,0.0,0.0,0
6947.KL,19/1/2024,0.0,0.0,0.0,0.0,0.0,0.0,0.0,0.0,0.0,0
6947.KL,19/1/2025,0.0,0.0,0.0,0.0,0.0,0.0,0.0,0.0,0.0,0
6947.KL,19/1/2026,0.0,0.0,0.0,0.0,0.0,0.0,0.0,0.0,0.0,0
6947.KL,19/10/2020,0.030273,0.046179,0.937915,0.015906,0.0,1.0,0.0,0.030273,0.937915,2
6947.KL,19/10/2021,0.0,0.0,0.0,0.0,0.0,0.0,0.0,0.0,0.0,0
6947.KL,19/10/2022,0.771799,0.78337,0.205058,0.011571,1.0,0.0,0.0,0.771799,0.78337,1
6947.KL,19/10/2023,0.0,0.0,0.0,0.0,0.0,0.0,0.0,0.0,0.0,0
6947.KL,19/10/2024,0.0,0.0,0.0,0.0,0.0,0.0,0.0,0.0,0.0,0
6947.KL,19/10/2025,0.0,0.0,0.0,0.0,0.0,0.0,0.0,0.0,0.0,0
6947.KL,19/11/2020,0.0,0.0,0.0,0.0,0.0,0.0,0.0,0.0,0.0,0
6947.KL,19/11/2021,0.425726,0.592895,0.239936,0.167169,1.0,0.0,0.0,0.425726,0.592895,1
6947.KL,19/11/2022,0.783703,0.800468,0.182767,0.016765,1.0,0.0,0.0,0.783703,0.800468,1
6947.KL,19/11/2023,0.0,0.0,0.0,0.0,0.0,0.0,0.0,0.0,0.0,0
6947.KL,19/11/2024,0.043079,0.055978,0.931122,0.0129,0.0,1.0,0.0,0.043079,0.931122,1
6947.KL,19/11/2025,0.845767,0.859048,0.127671,0.013281,1.0,0.0,0.0,0.845767,0.859048,1
6947.KL,19/12/2020,0.415461,0.427715,0.56003,0.012255,1.0,0.0,0.0,0.415461,0.862157,3
6947.KL,19/12/2021,0.0,0.0,0.0,0.0,0.0,0.0,0.0,0.0,0.0,0
6947.KL,19/12/2022,0.22408,0.233705,0.75667,0.009625,1.0,0.0,0.0,0.22408,0.75667,1
6947.KL,19/12/2023,-0.543063,0.054222,0.348494,0.597285,0.0,0.0,1.0,0.543063,0.597285,1
6947.KL,19/12/2024,0.047367,0.064659,0.91805,0.017292,0.0,1.0,0.0,0.047367,0.91805,1
6947.KL,19/12/2025,0.689192,0.699453,0.290287,0.01026,1.0,0.0,0.0,0.689192,0.699453,1
6947.KL,19/2/2020,-0.870899,0.049262,0.030577,0.920161,0.0,0.0,1.0,0.870899,0.920161,1
6947.KL,19/2/2021,0.0,0.0,0.0,0.0,0.0,0.0,0.0,0.0,0.0,0
6947.KL,19/2/2022,0.0,0.0,0.0,0.0,0.0,0.0,0.0,0.0,0.0,0
6947.KL,19/2/2023,0.0,0.0,0.0,0.0,0.0,0.0,0.0,0.0,0.0,0
6947.KL,19/2/2024,0.0,0.0,0.0,0.0,0.0,0.0,0.0,0.0,0.0,0
6947.KL,19/2/2025,0.0,0.0,0.0,0.0,0.0,0.0,0.0,0.0,0.0,0
6947.KL,19/2/2026,0.0,0.0,0.0,0.0,0.0,0.0,0.0,0.0,0.0,0
6947.KL,19/3/2020,0.719613,0.729408,0.260797,0.009795,1.0,0.0,0.0,0.719613,0.729408,2
6947.KL,19/3/2021,-0.713472,0.051529,0.18347,0.765001,0.0,0.0,1.0,0.713472,0.765001,1
6947.KL,19/3/2022,-0.790016,0.028238,0.153509,0.818253,0.0,0.0,1.0,0.790016,0.818253,1
6947.KL,19/3/2023,0.0,0.0,0.0,0.0,0.0,0.0,0.0,0.0,0.0,0
6947.KL,19/3/2024,0.0,0.0,0.0,0.0,0.0,0.0,0.0,0.0,0.0,0
6947.KL,19/3/2025,0.0,0.0,0.0,0.0,0.0,0.0,0.0,0.0,0.0,0
6947.KL,19/3/2026,0.0,0.0,0.0,0.0,0.0,0.0,0.0,0.0,0.0,0
6947.KL,19/4/2020,0.0,0.0,0.0,0.0,0.0,0.0,0.0,0.0,0.0,0
6947.KL,19/4/2021,0.0,0.0,0.0,0.0,0.0,0.0,0.0,0.0,0.0,0
6947.KL,19/4/2022,0.0,0.0,0.0,0.0,0.0,0.0,0.0,0.0,0.0,0
6947.KL,19/4/2023,0.0,0.0,0.0,0.0,0.0,0.0,0.0,0.0,0.0,0
6947.KL,19/4/2024,0.0,0.0,0.0,0.0,0.0,0.0,0.0,0.0,0.0,0
6947.KL,19/4/2025,0.0,0.0,0.0,0.0,0.0,0.0,0.0,0.0,0.0,0
6947.KL,19/5/2020,0.0,0.0,0.0,0.0,0.0,0.0,0.0,0.0,0.0,0
6947.KL,19/5/2021,0.0,0.0,0.0,0.0,0.0,0.0,0.0,0.0,0.0,0
6947.KL,19/5/2022,0.0,0.0,0.0,0.0,0.0,0.0,0.0,0.0,0.0,0
6947.KL,19/5/2023,0.0,0.0,0.0,0.0,0.0,0.0,0.0,0.0,0.0,0
6947.KL,19/5/2024,0.0,0.0,0.0,0.0,0.0,0.0,0.0,0.0,0.0,0
6947.KL,19/5/2025,0.0,0.0,0.0,0.0,0.0,0.0,0.0,0.0,0.0,0
6947.KL,19/6/2020,0.0,0.0,0.0,0.0,0.0,0.0,0.0,0.0,0.0,0
6947.KL,19/6/2021,0.0,0.0,0.0,0.0,0.0,0.0,0.0,0.0,0.0,0
6947.KL,19/6/2022,0.0,0.0,0.0,0.0,0.0,0.0,0.0,0.0,0.0,0
6947.KL,19/6/2023,0.0,0.0,0.0,0.0,0.0,0.0,0.0,0.0,0.0,0
6947.KL,19/6/2024,0.0,0.0,0.0,0.0,0.0,0.0,0.0,0.0,0.0,0
6947.KL,19/6/2025,0.0,0.0,0.0,0.0,0.0,0.0,0.0,0.0,0.0,0
6947.KL,19/7/2020,0.0,0.0,0.0,0.0,0.0,0.0,0.0,0.0,0.0,0
6947.KL,19/7/2021,-0.04461,0.021871,0.911648,0.066481,0.0,1.0,0.0,0.04461,0.911648,1
6947.KL,19/7/2022,0.0,0.0,0.0,0.0,0.0,0.0,0.0,0.0,0.0,0
6947.KL,19/7/2023,0.0,0.0,0.0,0.0,0.0,0.0,0.0,0.0,0.0,0
6947.KL,19/7/2024,0.0,0.0,0.0,0.0,0.0,0.0,0.0,0.0,0.0,0
6947.KL,19/7/2025,0.0,0.0,0.0,0.0,0.0,0.0,0.0,0.0,0.0,0
6947.KL,19/8/2020,0.0,0.0,0.0,0.0,0.0,0.0,0.0,0.0,0.0,0
6947.KL,19/8/2021,0.0,0.0,0.0,0.0,0.0,0.0,0.0,0.0,0.0,0
6947.KL,19/8/2022,0.0,0.0,0.0,0.0,0.0,0.0,0.0,0.0,0.0,0
6947.KL,19/8/2023,0.0,0.0,0.0,0.0,0.0,0.0,0.0,0.0,0.0,0
6947.KL,19/8/2024,0.035555,0.048258,0.93904,0.012703,0.0,1.0,0.0,0.035555,0.93904,1
6947.KL,19/8/2025,0.588381,0.629881,0.328618,0.041501,0.666667,0.333333,0.0,0.588381,0.916624,3
6947.KL,19/9/2020,0.0,0.0,0.0,0.0,0.0,0.0,0.0,0.0,0.0,0
6947.KL,19/9/2021,0.0,0.0,0.0,0.0,0.0,0.0,0.0,0.0,0.0,0
6947.KL,19/9/2022,0.0,0.0,0.0,0.0,0.0,0.0,0.0,0.0,0.0,0
6947.KL,19/9/2023,0.0,0.0,0.0,0.0,0.0,0.0,0.0,0.0,0.0,0
6947.KL,19/9/2024,0.0,0.0,0.0,0.0,0.0,0.0,0.0,0.0,0.0,0
6947.KL,19/9/2025,0.0,0.0,0.0,0.0,0.0,0.0,0.0,0.0,0.0,0
6947.KL,2/1/2020,0.0,0.0,0.0,0.0,0.0,0.0,0.0,0.0,0.0,0
6947.KL,2/1/2021,0.0,0.0,0.0,0.0,0.0,0.0,0.0,0.0,0.0,0
6947.KL,2/1/2022,0.0,0.0,0.0,0.0,0.0,0.0,0.0,0.0,0.0,0
6947.KL,2/1/2023,0.0,0.0,0.0,0.0,0.0,0.0,0.0,0.0,0.0,0
6947.KL,2/1/2024,0.0,0.0,0.0,0.0,0.0,0.0,0.0,0.0,0.0,0
6947.KL,2/1/2025,0.0,0.0,0.0,0.0,0.0,0.0,0.0,0.0,0.0,0
6947.KL,2/1/2026,0.0,0.0,0.0,0.0,0.0,0.0,0.0,0.0,0.0,0
6947.KL,2/10/2020,0.0,0.0,0.0,0.0,0.0,0.0,0.0,0.0,0.0,0
6947.KL,2/10/2021,0.0,0.0,0.0,0.0,0.0,0.0,0.0,0.0,0.0,0
6947.KL,2/10/2022,0.0,0.0,0.0,0.0,0.0,0.0,0.0,0.0,0.0,0
6947.KL,2/10/2023,0.0,0.0,0.0,0.0,0.0,0.0,0.0,0.0,0.0,0
6947.KL,2/10/2024,0.0,0.0,0.0,0.0,0.0,0.0,0.0,0.0,0.0,0
6947.KL,2/10/2025,0.0,0.0,0.0,0.0,0.0,0.0,0.0,0.0,0.0,0
6947.KL,2/11/2020,0.153054,0.165175,0.822705,0.01212,1.0,0.0,0.0,0.153054,0.822705,1
6947.KL,2/11/2021,0.119767,0.149925,0.819916,0.030159,1.0,0.0,0.0,0.119767,0.819916,1
6947.KL,2/11/2022,0.783198,0.797065,0.189067,0.013868,1.0,0.0,0.0,0.783198,0.797065,2
6947.KL,2/11/2023,0.941159,0.96067,0.019819,0.019511,1.0,0.0,0.0,0.941159,0.96067,1
6947.KL,2/11/2024,-0.010688,0.098003,0.793307,0.108691,0.0,1.0,0.0,0.010688,0.793307,1
6947.KL,2/11/2025,0.063419,0.08088,0.901658,0.017462,0.0,1.0,0.0,0.063419,0.901658,1
6947.KL,2/12/2020,0.0,0.0,0.0,0.0,0.0,0.0,0.0,0.0,0.0,0
6947.KL,2/12/2021,0.0,0.0,0.0,0.0,0.0,0.0,0.0,0.0,0.0,0
6947.KL,2/12/2022,-0.290998,0.069397,0.570209,0.360394,0.0,0.5,0.5,0.290998,0.814119,2
6947.KL,2/12/2023,0.098547,0.107841,0.882866,0.009294,0.0,1.0,0.0,0.098547,0.882866,1
6947.KL,2/12/2024,0.0,0.0,0.0,0.0,0.0,0.0,0.0,0.0,0.0,0
6947.KL,2/12/2025,0.048066,0.06131,0.925446,0.013244,0.0,1.0,0.0,0.048066,0.925446,2
6947.KL,2/2/2020,0.0,0.0,0.0,0.0,0.0,0.0,0.0,0.0,0.0,0
6947.KL,2/2/2021,0.158487,0.168398,0.821691,0.009911,1.0,0.0,0.0,0.158487,0.821691,1
6947.KL,2/2/2022,0.0,0.0,0.0,0.0,0.0,0.0,0.0,0.0,0.0,0
6947.KL,2/2/2023,0.357183,0.374335,0.608513,0.017152,1.0,0.0,0.0,0.357183,0.734242,2
6947.KL,2/2/2024,0.0,0.0,0.0,0.0,0.0,0.0,0.0,0.0,0.0,0
6947.KL,2/2/2025,0.0,0.0,0.0,0.0,0.0,0.0,0.0,0.0,0.0,0
6947.KL,2/2/2026,0.0,0.0,0.0,0.0,0.0,0.0,0.0,0.0,0.0,0
6947.KL,2/3/2020,0.887311,0.926965,0.033381,0.039654,1.0,0.0,0.0,0.887311,0.926965,1
6947.KL,2/3/2021,0.0,0.0,0.0,0.0,0.0,0.0,0.0,0.0,0.0,0
6947.KL,2/3/2022,0.0,0.0,0.0,0.0,0.0,0.0,0.0,0.0,0.0,0
6947.KL,2/3/2023,0.0,0.0,0.0,0.0,0.0,0.0,0.0,0.0,0.0,0
6947.KL,2/3/2024,0.916607,0.924081,0.068444,0.007475,1.0,0.0,0.0,0.916607,0.924081,1
6947.KL,2/3/2025,0.0,0.0,0.0,0.0,0.0,0.0,0.0,0.0,0.0,0
6947.KL,2/3/2026,-0.530305,0.034029,0.401636,0.564334,0.0,0.0,1.0,0.530305,0.564334,1
6947.KL,2/4/2020,0.371212,0.392931,0.58535,0.021719,1.0,0.0,0.0,0.371212,0.58535,1
6947.KL,2/4/2021,0.0,0.0,0.0,0.0,0.0,0.0,0.0,0.0,0.0,0
6947.KL,2/4/2022,0.0,0.0,0.0,0.0,0.0,0.0,0.0,0.0,0.0,0
6947.KL,2/4/2023,0.0,0.0,0.0,0.0,0.0,0.0,0.0,0.0,0.0,0
6947.KL,2/4/2024,0.0,0.0,0.0,0.0,0.0,0.0,0.0,0.0,0.0,0
6947.KL,2/4/2025,0.0,0.0,0.0,0.0,0.0,0.0,0.0,0.0,0.0,0
6947.KL,2/5/2020,0.0,0.0,0.0,0.0,0.0,0.0,0.0,0.0,0.0,0
6947.KL,2/5/2021,0.0,0.0,0.0,0.0,0.0,0.0,0.0,0.0,0.0,0
6947.KL,2/5/2022,0.0,0.0,0.0,0.0,0.0,0.0,0.0,0.0,0.0,0
6947.KL,2/5/2023,0.0,0.0,0.0,0.0,0.0,0.0,0.0,0.0,0.0,0
6947.KL,2/5/2024,0.0,0.0,0.0,0.0,0.0,0.0,0.0,0.0,0.0,0
6947.KL,2/5/2025,0.048288,0.060467,0.927355,0.012179,0.0,1.0,0.0,0.048288,0.927355,1
6947.KL,2/6/2020,0.898791,0.909677,0.079437,0.010886,1.0,0.0,0.0,0.898791,0.909677,1
6947.KL,2/6/2021,0.003564,0.03008,0.943404,0.026516,0.0,1.0,0.0,0.003564,0.943404,1
6947.KL,2/6/2022,0.0,0.0,0.0,0.0,0.0,0.0,0.0,0.0,0.0,0
6947.KL,2/6/2023,0.754095,0.760893,0.23231,0.006798,1.0,0.0,0.0,0.754095,0.760893,1
6947.KL,2/6/2024,0.0,0.0,0.0,0.0,0.0,0.0,0.0,0.0,0.0,0
6947.KL,2/6/2025,0.0,0.0,0.0,0.0,0.0,0.0,0.0,0.0,0.0,0
6947.KL,2/7/2020,0.0,0.0,0.0,0.0,0.0,0.0,0.0,0.0,0.0,0
6947.KL,2/7/2021,0.089238,0.108449,0.87234,0.019211,0.0,1.0,0.0,0.089238,0.87234,1
6947.KL,2/7/2022,0.096562,0.121886,0.85279,0.025324,0.5,0.5,0.0,0.109361,0.85279,2
6947.KL,2/7/2023,0.0,0.0,0.0,0.0,0.0,0.0,0.0,0.0,0.0,0
6947.KL,2/7/2024,0.0,0.0,0.0,0.0,0.0,0.0,0.0,0.0,0.0,0
6947.KL,2/7/2025,0.72729,0.802106,0.123078,0.074816,1.0,0.0,0.0,0.72729,0.802106,1
6947.KL,2/8/2020,0.0,0.0,0.0,0.0,0.0,0.0,0.0,0.0,0.0,0
6947.KL,2/8/2021,0.0,0.0,0.0,0.0,0.0,0.0,0.0,0.0,0.0,0
6947.KL,2/8/2022,0.0,0.0,0.0,0.0,0.0,0.0,0.0,0.0,0.0,0
6947.KL,2/8/2023,0.098655,0.140465,0.817724,0.041811,0.0,1.0,0.0,0.098655,0.817724,1
6947.KL,2/8/2024,0.0,0.0,0.0,0.0,0.0,0.0,0.0,0.0,0.0,0
6947.KL,2/8/2025,0.0,0.0,0.0,0.0,0.0,0.0,0.0,0.0,0.0,0
6947.KL,2/9/2020,0.0,0.0,0.0,0.0,0.0,0.0,0.0,0.0,0.0,0
6947.KL,2/9/2021,0.0,0.0,0.0,0.0,0.0,0.0,0.0,0.0,0.0,0
6947.KL,2/9/2022,0.0,0.0,0.0,0.0,0.0,0.0,0.0,0.0,0.0,0
6947.KL,2/9/2023,0.695192,0.711244,0.272704,0.016052,1.0,0.0,0.0,0.695192,0.711244,1
6947.KL,2/9/2024,-0.302466,0.021045,0.655444,0.323511,0.0,0.0,1.0,0.302466,0.674041,2
6947.KL,2/9/2025,0.0,0.0,0.0,0.0,0.0,0.0,0.0,0.0,0.0,0
6947.KL,20/1/2020,-0.944475,0.017931,0.019664,0.962406,0.0,0.0,1.0,0.944475,0.962406,1
6947.KL,20/1/2021,0.112496,0.121889,0.868718,0.009393,1.0,0.0,0.0,0.112496,0.868718,1
6947.KL,20/1/2022,0.0,0.0,0.0,0.0,0.0,0.0,0.0,0.0,0.0,0
6947.KL,20/1/2023,0.0,0.0,0.0,0.0,0.0,0.0,0.0,0.0,0.0,0
6947.KL,20/1/2024,0.0,0.0,0.0,0.0,0.0,0.0,0.0,0.0,0.0,0
6947.KL,20/1/2025,0.0,0.0,0.0,0.0,0.0,0.0,0.0,0.0,0.0,0
6947.KL,20/1/2026,0.0,0.0,0.0,0.0,0.0,0.0,0.0,0.0,0.0,0
6947.KL,20/10/2020,0.08662,0.10232,0.88198,0.0157,0.0,1.0,0.0,0.08662,0.88198,1
6947.KL,20/10/2021,0.0,0.0,0.0,0.0,0.0,0.0,0.0,0.0,0.0,0
6947.KL,20/10/2022,0.01758,0.040407,0.936766,0.022827,0.0,1.0,0.0,0.01758,0.936766,1
6947.KL,20/10/2023,0.0,0.0,0.0,0.0,0.0,0.0,0.0,0.0,0.0,0
6947.KL,20/10/2024,0.0,0.0,0.0,0.0,0.0,0.0,0.0,0.0,0.0,0
6947.KL,20/10/2025,0.0,0.0,0.0,0.0,0.0,0.0,0.0,0.0,0.0,0
6947.KL,20/11/2020,0.0,0.0,0.0,0.0,0.0,0.0,0.0,0.0,0.0,0
6947.KL,20/11/2021,0.0,0.0,0.0,0.0,0.0,0.0,0.0,0.0,0.0,0
6947.KL,20/11/2022,0.0,0.0,0.0,0.0,0.0,0.0,0.0,0.0,0.0,0
6947.KL,20/11/2023,0.043709,0.055212,0.933285,0.011503,0.0,1.0,0.0,0.043709,0.933285,1
6947.KL,20/11/2024,0.0,0.0,0.0,0.0,0.0,0.0,0.0,0.0,0.0,0
6947.KL,20/11/2025,0.0,0.0,0.0,0.0,0.0,0.0,0.0,0.0,0.0,0
6947.KL,20/12/2020,0.084544,0.094271,0.896001,0.009727,0.0,1.0,0.0,0.084544,0.896001,1
6947.KL,20/12/2021,0.0,0.0,0.0,0.0,0.0,0.0,0.0,0.0,0.0,0
6947.KL,20/12/2022,0.142735,0.150607,0.841522,0.007872,1.0,0.0,0.0,0.142735,0.841522,1
6947.KL,20/12/2023,0.0,0.0,0.0,0.0,0.0,0.0,0.0,0.0,0.0,0
6947.KL,20/12/2024,0.0,0.0,0.0,0.0,0.0,0.0,0.0,0.0,0.0,0
6947.KL,20/12/2025,0.0,0.0,0.0,0.0,0.0,0.0,0.0,0.0,0.0,0
6947.KL,20/2/2020,-0.530415,0.223664,0.022257,0.754079,0.0,0.0,1.0,0.530415,0.754079,1
6947.KL,20/2/2021,0.0,0.0,0.0,0.0,0.0,0.0,0.0,0.0,0.0,0
6947.KL,20/2/2022,0.0,0.0,0.0,0.0,0.0,0.0,0.0,0.0,0.0,0
6947.KL,20/2/2023,-0.006466,0.036725,0.920085,0.04319,0.0,1.0,0.0,0.006466,0.920085,1
6947.KL,20/2/2024,0.039492,0.48708,0.065332,0.447588,0.5,0.0,0.5,0.887447,0.911058,2
6947.KL,20/2/2025,0.0,0.0,0.0,0.0,0.0,0.0,0.0,0.0,0.0,0
6947.KL,20/2/2026,0.0,0.0,0.0,0.0,0.0,0.0,0.0,0.0,0.0,0
6947.KL,20/3/2020,0.224026,0.233591,0.756844,0.009565,1.0,0.0,0.0,0.224026,0.756844,1
6947.KL,20/3/2021,0.0,0.0,0.0,0.0,0.0,0.0,0.0,0.0,0.0,0
6947.KL,20/3/2022,0.0,0.0,0.0,0.0,0.0,0.0,0.0,0.0,0.0,0
6947.KL,20/3/2023,0.041222,0.061213,0.918796,0.019991,0.0,1.0,0.0,0.041222,0.918796,1
6947.KL,20/3/2024,-0.965914,0.008506,0.017073,0.974421,0.0,0.0,1.0,0.965914,0.974421,1
6947.KL,20/3/2025,0.0,0.0,0.0,0.0,0.0,0.0,0.0,0.0,0.0,0
6947.KL,20/3/2026,0.0,0.0,0.0,0.0,0.0,0.0,0.0,0.0,0.0,0
6947.KL,20/4/2020,0.743895,0.814884,0.114126,0.07099,1.0,0.0,0.0,0.743895,0.814884,1
6947.KL,20/4/2021,0.0,0.0,0.0,0.0,0.0,0.0,0.0,0.0,0.0,0
6947.KL,20/4/2022,0.0,0.0,0.0,0.0,0.0,0.0,0.0,0.0,0.0,0
6947.KL,20/4/2023,0.0,0.0,0.0,0.0,0.0,0.0,0.0,0.0,0.0,0
6947.KL,20/4/2024,0.743324,0.749866,0.243591,0.006543,1.0,0.0,0.0,0.743324,0.749866,2
6947.KL,20/4/2025,0.0,0.0,0.0,0.0,0.0,0.0,0.0,0.0,0.0,0
6947.KL,20/5/2020,0.813645,0.862598,0.088449,0.048953,1.0,0.0,0.0,0.813645,0.862598,1
6947.KL,20/5/2021,0.0,0.0,0.0,0.0,0.0,0.0,0.0,0.0,0.0,0
6947.KL,20/5/2022,0.082702,0.09157,0.899563,0.008868,0.0,1.0,0.0,0.082702,0.899563,1
6947.KL,20/5/2023,0.05016,0.067237,0.915685,0.017078,0.0,1.0,0.0,0.05016,0.915685,1
6947.KL,20/5/2024,0.0,0.0,0.0,0.0,0.0,0.0,0.0,0.0,0.0,0
6947.KL,20/5/2025,0.0,0.0,0.0,0.0,0.0,0.0,0.0,0.0,0.0,0
6947.KL,20/6/2020,0.684877,0.712898,0.259082,0.028021,1.0,0.0,0.0,0.684877,0.712898,1
6947.KL,20/6/2021,0.0,0.0,0.0,0.0,0.0,0.0,0.0,0.0,0.0,0
6947.KL,20/6/2022,0.294175,0.305903,0.682368,0.011729,0.5,0.5,0.0,0.294175,0.765115,2
6947.KL,20/6/2023,0.0,0.0,0.0,0.0,0.0,0.0,0.0,0.0,0.0,0
6947.KL,20/6/2024,0.0,0.0,0.0,0.0,0.0,0.0,0.0,0.0,0.0,0
6947.KL,20/6/2025,0.0,0.0,0.0,0.0,0.0,0.0,0.0,0.0,0.0,0
6947.KL,20/7/2020,0.0,0.0,0.0,0.0,0.0,0.0,0.0,0.0,0.0,0
6947.KL,20/7/2021,0.790928,0.798317,0.194294,0.007389,1.0,0.0,0.0,0.790928,0.798317,1
6947.KL,20/7/2022,0.485786,0.495921,0.493944,0.010135,1.0,0.0,0.0,0.485786,0.495921,1
6947.KL,20/7/2023,0.0,0.0,0.0,0.0,0.0,0.0,0.0,0.0,0.0,0
6947.KL,20/7/2024,0.0,0.0,0.0,0.0,0.0,0.0,0.0,0.0,0.0,0
6947.KL,20/7/2025,0.0,0.0,0.0,0.0,0.0,0.0,0.0,0.0,0.0,0
6947.KL,20/8/2020,0.0,0.0,0.0,0.0,0.0,0.0,0.0,0.0,0.0,0
6947.KL,20/8/2021,0.0,0.0,0.0,0.0,0.0,0.0,0.0,0.0,0.0,0
6947.KL,20/8/2022,0.0,0.0,0.0,0.0,0.0,0.0,0.0,0.0,0.0,0
6947.KL,20/8/2023,0.0,0.0,0.0,0.0,0.0,0.0,0.0,0.0,0.0,0
6947.KL,20/8/2024,0.89344,0.932293,0.028854,0.038853,1.0,0.0,0.0,0.89344,0.932293,1
6947.KL,20/8/2025,-0.397552,0.016361,0.569727,0.413913,0.0,0.0,1.0,0.397552,0.569727,1
6947.KL,20/9/2020,0.0,0.0,0.0,0.0,0.0,0.0,0.0,0.0,0.0,0
6947.KL,20/9/2021,0.0,0.0,0.0,0.0,0.0,0.0,0.0,0.0,0.0,0
6947.KL,20/9/2022,0.274896,0.28322,0.708456,0.008324,1.0,0.0,0.0,0.274896,0.708456,1
6947.KL,20/9/2023,0.23252,0.344048,0.544423,0.111529,0.333333,0.333333,0.333333,0.334299,0.781155,3
6947.KL,20/9/2024,0.0,0.0,0.0,0.0,0.0,0.0,0.0,0.0,0.0,0
6947.KL,20/9/2025,0.0,0.0,0.0,0.0,0.0,0.0,0.0,0.0,0.0,0
6947.KL,21/1/2020,0.0,0.0,0.0,0.0,0.0,0.0,0.0,0.0,0.0,0
6947.KL,21/1/2021,0.0,0.0,0.0,0.0,0.0,0.0,0.0,0.0,0.0,0
6947.KL,21/1/2022,0.0,0.0,0.0,0.0,0.0,0.0,0.0,0.0,0.0,0
6947.KL,21/1/2023,-0.059451,0.0405,0.859548,0.099952,0.0,1.0,0.0,0.059451,0.859548,1
6947.KL,21/1/2024,0.0,0.0,0.0,0.0,0.0,0.0,0.0,0.0,0.0,0
6947.KL,21/1/2025,0.0,0.0,0.0,0.0,0.0,0.0,0.0,0.0,0.0,0
6947.KL,21/1/2026,0.0,0.0,0.0,0.0,0.0,0.0,0.0,0.0,0.0,0
6947.KL,21/10/2020,0.0,0.0,0.0,0.0,0.0,0.0,0.0,0.0,0.0,0
6947.KL,21/10/2021,0.011859,0.032434,0.946992,0.020575,0.0,1.0,0.0,0.011859,0.946992,1
6947.KL,21/10/2022,0.0317,0.045502,0.940696,0.013802,0.0,1.0,0.0,0.0317,0.940696,1
6947.KL,21/10/2023,0.187708,0.197333,0.793042,0.009625,1.0,0.0,0.0,0.187708,0.793042,1
6947.KL,21/10/2024,0.0,0.0,0.0,0.0,0.0,0.0,0.0,0.0,0.0,0
6947.KL,21/10/2025,0.0,0.0,0.0,0.0,0.0,0.0,0.0,0.0,0.0,0
6947.KL,21/11/2020,0.0,0.0,0.0,0.0,0.0,0.0,0.0,0.0,0.0,0
6947.KL,21/11/2021,0.0,0.0,0.0,0.0,0.0,0.0,0.0,0.0,0.0,0
6947.KL,21/11/2022,-0.515738,0.14663,0.191002,0.662368,0.0,0.5,0.5,0.515738,0.662368,2
6947.KL,21/11/2023,0.0,0.0,0.0,0.0,0.0,0.0,0.0,0.0,0.0,0
6947.KL,21/11/2024,0.77773,0.792897,0.191937,0.015166,1.0,0.0,0.0,0.77773,0.792897,1
6947.KL,21/11/2025,0.0,0.0,0.0,0.0,0.0,0.0,0.0,0.0,0.0,0
6947.KL,21/12/2020,0.0,0.0,0.0,0.0,0.0,0.0,0.0,0.0,0.0,0
6947.KL,21/12/2021,0.0,0.0,0.0,0.0,0.0,0.0,0.0,0.0,0.0,0
6947.KL,21/12/2022,0.263811,0.273786,0.716239,0.009975,1.0,0.0,0.0,0.263811,0.716239,1
6947.KL,21/12/2023,0.0,0.0,0.0,0.0,0.0,0.0,0.0,0.0,0.0,0
6947.KL,21/12/2024,0.0,0.0,0.0,0.0,0.0,0.0,0.0,0.0,0.0,0
6947.KL,21/12/2025,0.0,0.0,0.0,0.0,0.0,0.0,0.0,0.0,0.0,0
6947.KL,21/2/2020,-0.018747,0.475995,0.029262,0.494743,0.5,0.0,0.5,0.928698,0.949718,2
6947.KL,21/2/2021,0.0,0.0,0.0,0.0,0.0,0.0,0.0,0.0,0.0,0
6947.KL,21/2/2022,0.0,0.0,0.0,0.0,0.0,0.0,0.0,0.0,0.0,0
6947.KL,21/2/2023,-0.572385,0.024238,0.379138,0.596624,0.0,0.0,1.0,0.572385,0.859346,2
6947.KL,21/2/2024,-0.415312,0.053717,0.477253,0.46903,0.0,0.5,0.5,0.459218,0.929472,2
6947.KL,21/2/2025,0.0,0.0,0.0,0.0,0.0,0.0,0.0,0.0,0.0,0
6947.KL,21/2/2026,0.0,0.0,0.0,0.0,0.0,0.0,0.0,0.0,0.0,0
6947.KL,21/3/2020,0.039999,0.053917,0.932165,0.013918,0.0,1.0,0.0,0.039999,0.932165,1
6947.KL,21/3/2021,0.0,0.0,0.0,0.0,0.0,0.0,0.0,0.0,0.0,0
6947.KL,21/3/2022,0.11607,0.168797,0.778476,0.052727,1.0,0.0,0.0,0.11607,0.778476,1
6947.KL,21/3/2023,-0.401097,0.08733,0.424243,0.488427,0.5,0.0,0.5,0.551688,0.901805,2
6947.KL,21/3/2024,0.0,0.0,0.0,0.0,0.0,0.0,0.0,0.0,0.0,0
6947.KL,21/3/2025,0.0,0.0,0.0,0.0,0.0,0.0,0.0,0.0,0.0,0
6947.KL,21/4/2020,0.593427,0.775268,0.042891,0.181841,1.0,0.0,0.0,0.593427,0.775268,1
6947.KL,21/4/2021,0.0,0.0,0.0,0.0,0.0,0.0,0.0,0.0,0.0,0
6947.KL,21/4/2022,0.0,0.0,0.0,0.0,0.0,0.0,0.0,0.0,0.0,0
6947.KL,21/4/2023,0.0,0.0,0.0,0.0,0.0,0.0,0.0,0.0,0.0,0
6947.KL,21/4/2024,0.0,0.0,0.0,0.0,0.0,0.0,0.0,0.0,0.0,0
6947.KL,21/4/2025,0.0,0.0,0.0,0.0,0.0,0.0,0.0,0.0,0.0,0
6947.KL,21/5/2020,0.618402,0.627234,0.363934,0.008832,1.0,0.0,0.0,0.618402,0.627234,1
6947.KL,21/5/2021,0.0,0.0,0.0,0.0,0.0,0.0,0.0,0.0,0.0,0
6947.KL,21/5/2022,0.0,0.0,0.0,0.0,0.0,0.0,0.0,0.0,0.0,0
6947.KL,21/5/2023,0.029801,0.048262,0.933277,0.018461,0.0,1.0,0.0,0.029801,0.933277,1
6947.KL,21/5/2024,0.0,0.0,0.0,0.0,0.0,0.0,0.0,0.0,0.0,0
6947.KL,21/5/2025,0.0,0.0,0.0,0.0,0.0,0.0,0.0,0.0,0.0,0
6947.KL,21/6/2020,0.0,0.0,0.0,0.0,0.0,0.0,0.0,0.0,0.0,0
6947.KL,21/6/2021,0.870112,0.880372,0.109367,0.01026,1.0,0.0,0.0,0.870112,0.880372,1
6947.KL,21/6/2022,0.0,0.0,0.0,0.0,0.0,0.0,0.0,0.0,0.0,0
6947.KL,21/6/2023,-0.446502,0.020056,0.513386,0.466558,0.0,0.0,1.0,0.446502,0.513386,1
6947.KL,21/6/2024,0.429136,0.439358,0.55042,0.010222,0.5,0.5,0.0,0.429136,0.882914,2
6947.KL,21/6/2025,0.0,0.0,0.0,0.0,0.0,0.0,0.0,0.0,0.0,0
6947.KL,21/7/2020,0.781296,0.801911,0.177474,0.020615,1.0,0.0,0.0,0.781296,0.801911,1
6947.KL,21/7/2021,0.0,0.0,0.0,0.0,0.0,0.0,0.0,0.0,0.0,0
6947.KL,21/7/2022,0.0,0.0,0.0,0.0,0.0,0.0,0.0,0.0,0.0,0
6947.KL,21/7/2023,0.917714,0.930451,0.056812,0.012737,1.0,0.0,0.0,0.917714,0.930451,1
6947.KL,21/7/2024,0.0,0.0,0.0,0.0,0.0,0.0,0.0,0.0,0.0,0
6947.KL,21/7/2025,0.0,0.0,0.0,0.0,0.0,0.0,0.0,0.0,0.0,0
6947.KL,21/8/2020,0.0,0.0,0.0,0.0,0.0,0.0,0.0,0.0,0.0,0
6947.KL,21/8/2021,0.0,0.0,0.0,0.0,0.0,0.0,0.0,0.0,0.0,0
6947.KL,21/8/2022,0.0,0.0,0.0,0.0,0.0,0.0,0.0,0.0,0.0,0
6947.KL,21/8/2023,0.052169,0.063205,0.925759,0.011036,0.0,1.0,0.0,0.052169,0.925759,1
6947.KL,21/8/2024,0.0,0.0,0.0,0.0,0.0,0.0,0.0,0.0,0.0,0
6947.KL,21/8/2025,0.045547,0.057045,0.931456,0.011498,0.0,1.0,0.0,0.045547,0.931456,1
6947.KL,21/9/2020,0.001908,0.036681,0.928546,0.034773,0.0,1.0,0.0,0.001908,0.928546,1
6947.KL,21/9/2021,0.0,0.0,0.0,0.0,0.0,0.0,0.0,0.0,0.0,0
6947.KL,21/9/2022,0.48329,0.491798,0.499693,0.008509,0.5,0.5,0.0,0.48329,0.894922,2
6947.KL,21/9/2023,0.0,0.0,0.0,0.0,0.0,0.0,0.0,0.0,0.0,0
6947.KL,21/9/2024,0.0,0.0,0.0,0.0,0.0,0.0,0.0,0.0,0.0,0
6947.KL,21/9/2025,0.0,0.0,0.0,0.0,0.0,0.0,0.0,0.0,0.0,0
6947.KL,22/1/2020,0.0,0.0,0.0,0.0,0.0,0.0,0.0,0.0,0.0,0
6947.KL,22/1/2021,0.0,0.0,0.0,0.0,0.0,0.0,0.0,0.0,0.0,0
6947.KL,22/1/2022,0.0,0.0,0.0,0.0,0.0,0.0,0.0,0.0,0.0,0
6947.KL,22/1/2023,0.0,0.0,0.0,0.0,0.0,0.0,0.0,0.0,0.0,0
6947.KL,22/1/2024,0.0,0.0,0.0,0.0,0.0,0.0,0.0,0.0,0.0,0
6947.KL,22/1/2025,0.0,0.0,0.0,0.0,0.0,0.0,0.0,0.0,0.0,0
6947.KL,22/1/2026,0.0,0.0,0.0,0.0,0.0,0.0,0.0,0.0,0.0,0
6947.KL,22/10/2020,0.0,0.0,0.0,0.0,0.0,0.0,0.0,0.0,0.0,0
6947.KL,22/10/2021,0.474299,0.528029,0.418241,0.05373,1.0,0.0,0.0,0.474299,0.528029,1
6947.KL,22/10/2022,0.354632,0.362265,0.630103,0.007632,1.0,0.0,0.0,0.354632,0.630103,1
6947.KL,22/10/2023,0.0,0.0,0.0,0.0,0.0,0.0,0.0,0.0,0.0,0
6947.KL,22/10/2024,0.0,0.0,0.0,0.0,0.0,0.0,0.0,0.0,0.0,0
6947.KL,22/10/2025,0.039583,0.065771,0.90804,0.026189,0.0,1.0,0.0,0.039583,0.90804,1
6947.KL,22/11/2020,0.0,0.0,0.0,0.0,0.0,0.0,0.0,0.0,0.0,0
6947.KL,22/11/2021,0.0,0.0,0.0,0.0,0.0,0.0,0.0,0.0,0.0,0
6947.KL,22/11/2022,-0.891046,0.024282,0.060391,0.915328,0.0,0.0,1.0,0.891046,0.915328,1
6947.KL,22/11/2023,0.0,0.0,0.0,0.0,0.0,0.0,0.0,0.0,0.0,0
6947.KL,22/11/2024,0.0,0.0,0.0,0.0,0.0,0.0,0.0,0.0,0.0,0
6947.KL,22/11/2025,0.0,0.0,0.0,0.0,0.0,0.0,0.0,0.0,0.0,0
6947.KL,22/12/2020,0.0,0.0,0.0,0.0,0.0,0.0,0.0,0.0,0.0,0
6947.KL,22/12/2021,0.0,0.0,0.0,0.0,0.0,0.0,0.0,0.0,0.0,0
6947.KL,22/12/2022,0.45448,0.470499,0.513483,0.016019,1.0,0.0,0.0,0.45448,0.805045,2
6947.KL,22/12/2023,0.0,0.0,0.0,0.0,0.0,0.0,0.0,0.0,0.0,0
6947.KL,22/12/2024,0.0,0.0,0.0,0.0,0.0,0.0,0.0,0.0,0.0,0
6947.KL,22/12/2025,0.0,0.0,0.0,0.0,0.0,0.0,0.0,0.0,0.0,0
6947.KL,22/2/2020,0.0,0.0,0.0,0.0,0.0,0.0,0.0,0.0,0.0,0
6947.KL,22/2/2021,-0.47122,0.019953,0.488873,0.491173,0.0,0.5,0.5,0.47122,0.890673,2
6947.KL,22/2/2022,0.0,0.0,0.0,0.0,0.0,0.0,0.0,0.0,0.0,0
6947.KL,22/2/2023,0.031217,0.054436,0.922345,0.023219,0.0,1.0,0.0,0.031217,0.922345,1
6947.KL,22/2/2024,0.936717,0.95248,0.031757,0.015763,1.0,0.0,0.0,0.936717,0.95248,1
6947.KL,22/2/2025,0.0,0.0,0.0,0.0,0.0,0.0,0.0,0.0,0.0,0
6947.KL,22/2/2026,0.0,0.0,0.0,0.0,0.0,0.0,0.0,0.0,0.0,0
6947.KL,22/3/2020,0.0,0.0,0.0,0.0,0.0,0.0,0.0,0.0,0.0,0
6947.KL,22/3/2021,0.472346,0.706732,0.058883,0.234386,1.0,0.0,0.0,0.472346,0.706732,1
6947.KL,22/3/2022,0.0,0.0,0.0,0.0,0.0,0.0,0.0,0.0,0.0,0
6947.KL,22/3/2023,0.0,0.0,0.0,0.0,0.0,0.0,0.0,0.0,0.0,0
6947.KL,22/3/2024,0.0,0.0,0.0,0.0,0.0,0.0,0.0,0.0,0.0,0
6947.KL,22/3/2025,-0.042725,0.026655,0.903965,0.06938,0.0,1.0,0.0,0.042725,0.903965,1
6947.KL,22/4/2020,-0.945413,0.018365,0.017857,0.963778,0.0,0.0,1.0,0.945413,0.963778,1
6947.KL,22/4/2021,0.0,0.0,0.0,0.0,0.0,0.0,0.0,0.0,0.0,0
6947.KL,22/4/2022,0.0,0.0,0.0,0.0,0.0,0.0,0.0,0.0,0.0,0
6947.KL,22/4/2023,0.930349,0.942708,0.044932,0.012359,1.0,0.0,0.0,0.930349,0.942708,1
6947.KL,22/4/2024,0.0,0.0,0.0,0.0,0.0,0.0,0.0,0.0,0.0,0
6947.KL,22/4/2025,0.0,0.0,0.0,0.0,0.0,0.0,0.0,0.0,0.0,0
6947.KL,22/5/2020,0.869724,0.915535,0.038655,0.045811,1.0,0.0,0.0,0.869724,0.915535,1
6947.KL,22/5/2021,-0.950547,0.013883,0.021688,0.96443,0.0,0.0,1.0,0.950547,0.96443,1
6947.KL,22/5/2022,0.0,0.0,0.0,0.0,0.0,0.0,0.0,0.0,0.0,0
6947.KL,22/5/2023,0.0,0.0,0.0,0.0,0.0,0.0,0.0,0.0,0.0,0
6947.KL,22/5/2024,0.0,0.0,0.0,0.0,0.0,0.0,0.0,0.0,0.0,0
6947.KL,22/5/2025,0.096396,0.121328,0.85374,0.024932,0.0,1.0,0.0,0.096396,0.85374,1
6947.KL,22/6/2020,0.0,0.0,0.0,0.0,0.0,0.0,0.0,0.0,0.0,0
6947.KL,22/6/2021,0.227342,0.253853,0.719637,0.02651,0.5,0.5,0.0,0.227342,0.719637,2
6947.KL,22/6/2022,0.0,0.0,0.0,0.0,0.0,0.0,0.0,0.0,0.0,0
6947.KL,22/6/2023,0.0,0.0,0.0,0.0,0.0,0.0,0.0,0.0,0.0,0
6947.KL,22/6/2024,0.045845,0.057541,0.930763,0.011696,0.0,1.0,0.0,0.045845,0.930763,2
6947.KL,22/6/2025,0.0,0.0,0.0,0.0,0.0,0.0,0.0,0.0,0.0,0
6947.KL,22/7/2020,0.672539,0.726726,0.219087,0.054187,1.0,0.0,0.0,0.672539,0.726726,1
6947.KL,22/7/2021,0.0,0.0,0.0,0.0,0.0,0.0,0.0,0.0,0.0,0
6947.KL,22/7/2022,0.0,0.0,0.0,0.0,0.0,0.0,0.0,0.0,0.0,0
6947.KL,22/7/2023,0.0,0.0,0.0,0.0,0.0,0.0,0.0,0.0,0.0,0
6947.KL,22/7/2024,-0.849497,0.015189,0.120126,0.864685,0.0,0.0,1.0,0.849497,0.864685,1
6947.KL,22/7/2025,0.0,0.0,0.0,0.0,0.0,0.0,0.0,0.0,0.0,0
6947.KL,22/8/2020,0.0,0.0,0.0,0.0,0.0,0.0,0.0,0.0,0.0,0
6947.KL,22/8/2021,0.0,0.0,0.0,0.0,0.0,0.0,0.0,0.0,0.0,0
6947.KL,22/8/2022,0.0,0.0,0.0,0.0,0.0,0.0,0.0,0.0,0.0,0
6947.KL,22/8/2023,-0.021603,0.473307,0.031782,0.494911,0.5,0.0,0.5,0.87986,0.924039,2
6947.KL,22/8/2024,0.0,0.0,0.0,0.0,0.0,0.0,0.0,0.0,0.0,0
6947.KL,22/8/2025,0.0,0.0,0.0,0.0,0.0,0.0,0.0,0.0,0.0,0
6947.KL,22/9/2020,0.922992,0.932416,0.058159,0.009425,1.0,0.0,0.0,0.922992,0.932416,1
6947.KL,22/9/2021,0.0,0.0,0.0,0.0,0.0,0.0,0.0,0.0,0.0,0
6947.KL,22/9/2022,0.212173,0.220076,0.77202,0.007904,1.0,0.0,0.0,0.212173,0.77202,1
6947.KL,22/9/2023,0.0,0.0,0.0,0.0,0.0,0.0,0.0,0.0,0.0,0
6947.KL,22/9/2024,0.0,0.0,0.0,0.0,0.0,0.0,0.0,0.0,0.0,0
6947.KL,22/9/2025,0.0,0.0,0.0,0.0,0.0,0.0,0.0,0.0,0.0,0
6947.KL,23/1/2020,0.02465,0.463786,0.097078,0.439136,0.5,0.0,0.5,0.858159,0.88054,2
6947.KL,23/1/2021,0.0,0.0,0.0,0.0,0.0,0.0,0.0,0.0,0.0,0
6947.KL,23/1/2022,0.0,0.0,0.0,0.0,0.0,0.0,0.0,0.0,0.0,0
6947.KL,23/1/2023,0.0,0.0,0.0,0.0,0.0,0.0,0.0,0.0,0.0,0
6947.KL,23/1/2024,0.209796,0.426878,0.356041,0.217081,0.666667,0.0,0.333333,0.568852,0.765373,3
6947.KL,23/1/2025,0.034286,0.046329,0.941629,0.012043,0.0,1.0,0.0,0.034286,0.941629,1
6947.KL,23/1/2026,0.298597,0.305183,0.688231,0.006586,1.0,0.0,0.0,0.298597,0.688231,1
6947.KL,23/10/2020,0.0,0.0,0.0,0.0,0.0,0.0,0.0,0.0,0.0,0
6947.KL,23/10/2021,0.0,0.0,0.0,0.0,0.0,0.0,0.0,0.0,0.0,0
6947.KL,23/10/2022,0.0,0.0,0.0,0.0,0.0,0.0,0.0,0.0,0.0,0
6947.KL,23/10/2023,0.0,0.0,0.0,0.0,0.0,0.0,0.0,0.0,0.0,0
6947.KL,23/10/2024,0.0,0.0,0.0,0.0,0.0,0.0,0.0,0.0,0.0,0
6947.KL,23/10/2025,-0.845116,0.067584,0.019717,0.9127,0.0,0.0,1.0,0.845116,0.9127,1
6947.KL,23/11/2020,0.0,0.0,0.0,0.0,0.0,0.0,0.0,0.0,0.0,0
6947.KL,23/11/2021,0.0,0.0,0.0,0.0,0.0,0.0,0.0,0.0,0.0,0
6947.KL,23/11/2022,-0.898994,0.028293,0.044421,0.927286,0.0,0.0,1.0,0.898994,0.927286,1
6947.KL,23/11/2023,0.0,0.0,0.0,0.0,0.0,0.0,0.0,0.0,0.0,0
6947.KL,23/11/2024,0.0,0.0,0.0,0.0,0.0,0.0,0.0,0.0,0.0,0
6947.KL,23/11/2025,0.0,0.0,0.0,0.0,0.0,0.0,0.0,0.0,0.0,0
6947.KL,23/12/2020,0.0,0.0,0.0,0.0,0.0,0.0,0.0,0.0,0.0,0
6947.KL,23/12/2021,-0.938604,0.010237,0.040922,0.948841,0.0,0.0,1.0,0.938604,0.948841,1
6947.KL,23/12/2022,0.0,0.0,0.0,0.0,0.0,0.0,0.0,0.0,0.0,0
6947.KL,23/12/2023,0.0,0.0,0.0,0.0,0.0,0.0,0.0,0.0,0.0,0
6947.KL,23/12/2024,0.0,0.0,0.0,0.0,0.0,0.0,0.0,0.0,0.0,0
6947.KL,23/12/2025,0.0,0.0,0.0,0.0,0.0,0.0,0.0,0.0,0.0,0
6947.KL,23/2/2020,0.0,0.0,0.0,0.0,0.0,0.0,0.0,0.0,0.0,0
6947.KL,23/2/2021,0.086443,0.102141,0.882161,0.015698,0.0,1.0,0.0,0.086443,0.882161,1
6947.KL,23/2/2022,0.0,0.0,0.0,0.0,0.0,0.0,0.0,0.0,0.0,0
6947.KL,23/2/2023,0.230721,0.245749,0.739222,0.015029,0.5,0.5,0.0,0.230721,0.739222,2
6947.KL,23/2/2024,0.0,0.0,0.0,0.0,0.0,0.0,0.0,0.0,0.0,0
6947.KL,23/2/2025,0.0,0.0,0.0,0.0,0.0,0.0,0.0,0.0,0.0,0
6947.KL,23/2/2026,0.0,0.0,0.0,0.0,0.0,0.0,0.0,0.0,0.0,0
6947.KL,23/3/2020,0.068337,0.08082,0.906698,0.012483,0.0,1.0,0.0,0.068337,0.906698,1
6947.KL,23/3/2021,0.846196,0.880558,0.08508,0.034362,1.0,0.0,0.0,0.846196,0.880558,1
6947.KL,23/3/2022,0.0,0.0,0.0,0.0,0.0,0.0,0.0,0.0,0.0,0
6947.KL,23/3/2023,0.0,0.0,0.0,0.0,0.0,0.0,0.0,0.0,0.0,0
6947.KL,23/3/2024,0.152431,0.162229,0.827972,0.009798,1.0,0.0,0.0,0.152431,0.827972,1
6947.KL,23/3/2025,0.0,0.0,0.0,0.0,0.0,0.0,0.0,0.0,0.0,0
6947.KL,23/4/2020,0.0,0.0,0.0,0.0,0.0,0.0,0.0,0.0,0.0,0
6947.KL,23/4/2021,0.041762,0.063341,0.915079,0.02158,0.0,1.0,0.0,0.041762,0.915079,1
6947.KL,23/4/2022,0.0,0.0,0.0,0.0,0.0,0.0,0.0,0.0,0.0,0
6947.KL,23/4/2023,0.0,0.0,0.0,0.0,0.0,0.0,0.0,0.0,0.0,0
6947.KL,23/4/2024,0.925908,0.94979,0.026328,0.023882,1.0,0.0,0.0,0.925908,0.94979,1
6947.KL,23/4/2025,0.053218,0.082831,0.887556,0.029613,0.0,1.0,0.0,0.053218,0.887556,2
6947.KL,23/5/2020,0.0,0.0,0.0,0.0,0.0,0.0,0.0,0.0,0.0,0
6947.KL,23/5/2021,0.0,0.0,0.0,0.0,0.0,0.0,0.0,0.0,0.0,0
6947.KL,23/5/2022,0.0,0.0,0.0,0.0,0.0,0.0,0.0,0.0,0.0,0
6947.KL,23/5/2023,0.09012,0.103396,0.883328,0.013276,0.0,1.0,0.0,0.09012,0.883328,1
6947.KL,23/5/2024,0.0,0.0,0.0,0.0,0.0,0.0,0.0,0.0,0.0,0
6947.KL,23/5/2025,0.066967,0.077055,0.912857,0.010088,0.0,1.0,0.0,0.066967,0.912857,1
6947.KL,23/6/2020,0.092814,0.104156,0.884502,0.011342,0.0,1.0,0.0,0.092814,0.884502,1
6947.KL,23/6/2021,-0.039115,0.459821,0.041244,0.498935,0.5,0.0,0.5,0.909744,0.93425,2
6947.KL,23/6/2022,0.0,0.0,0.0,0.0,0.0,0.0,0.0,0.0,0.0,0
6947.KL,23/6/2023,0.0,0.0,0.0,0.0,0.0,0.0,0.0,0.0,0.0,0
6947.KL,23/6/2024,0.0,0.0,0.0,0.0,0.0,0.0,0.0,0.0,0.0,0
6947.KL,23/6/2025,0.0,0.0,0.0,0.0,0.0,0.0,0.0,0.0,0.0,0
6947.KL,23/7/2020,0.0,0.0,0.0,0.0,0.0,0.0,0.0,0.0,0.0,0
6947.KL,23/7/2021,0.0,0.0,0.0,0.0,0.0,0.0,0.0,0.0,0.0,0
6947.KL,23/7/2022,0.0,0.0,0.0,0.0,0.0,0.0,0.0,0.0,0.0,0
6947.KL,23/7/2023,0.0,0.0,0.0,0.0,0.0,0.0,0.0,0.0,0.0,0
6947.KL,23/7/2024,0.0,0.0,0.0,0.0,0.0,0.0,0.0,0.0,0.0,0
6947.KL,23/7/2025,0.0,0.0,0.0,0.0,0.0,0.0,0.0,0.0,0.0,0
6947.KL,23/8/2020,0.0,0.0,0.0,0.0,0.0,0.0,0.0,0.0,0.0,0
6947.KL,23/8/2021,0.0,0.0,0.0,0.0,0.0,0.0,0.0,0.0,0.0,0
6947.KL,23/8/2022,0.0,0.0,0.0,0.0,0.0,0.0,0.0,0.0,0.0,0
6947.KL,23/8/2023,0.0,0.0,0.0,0.0,0.0,0.0,0.0,0.0,0.0,0
6947.KL,23/8/2024,0.0,0.0,0.0,0.0,0.0,0.0,0.0,0.0,0.0,0
6947.KL,23/8/2025,0.0,0.0,0.0,0.0,0.0,0.0,0.0,0.0,0.0,0
6947.KL,23/9/2020,0.0,0.0,0.0,0.0,0.0,0.0,0.0,0.0,0.0,0
6947.KL,23/9/2021,0.0,0.0,0.0,0.0,0.0,0.0,0.0,0.0,0.0,0
6947.KL,23/9/2022,0.313718,0.324003,0.665712,0.010285,1.0,0.0,0.0,0.313718,0.665712,1
6947.KL,23/9/2023,0.0,0.0,0.0,0.0,0.0,0.0,0.0,0.0,0.0,0
6947.KL,23/9/2024,0.0,0.0,0.0,0.0,0.0,0.0,0.0,0.0,0.0,0
6947.KL,23/9/2025,0.0,0.0,0.0,0.0,0.0,0.0,0.0,0.0,0.0,0
6947.KL,24/1/2020,0.601584,0.644878,0.311829,0.043293,1.0,0.0,0.0,0.601584,0.644878,2
6947.KL,24/1/2021,0.0,0.0,0.0,0.0,0.0,0.0,0.0,0.0,0.0,0
6947.KL,24/1/2022,0.0,0.0,0.0,0.0,0.0,0.0,0.0,0.0,0.0,0
6947.KL,24/1/2023,0.0,0.0,0.0,0.0,0.0,0.0,0.0,0.0,0.0,0
6947.KL,24/1/2024,0.232285,0.243805,0.744676,0.01152,0.5,0.5,0.0,0.232285,0.744676,2
6947.KL,24/1/2025,0.0,0.0,0.0,0.0,0.0,0.0,0.0,0.0,0.0,0
6947.KL,24/1/2026,0.0,0.0,0.0,0.0,0.0,0.0,0.0,0.0,0.0,0
6947.KL,24/10/2020,0.0,0.0,0.0,0.0,0.0,0.0,0.0,0.0,0.0,0
6947.KL,24/10/2021,0.0,0.0,0.0,0.0,0.0,0.0,0.0,0.0,0.0,0
6947.KL,24/10/2022,0.0,0.0,0.0,0.0,0.0,0.0,0.0,0.0,0.0,0
6947.KL,24/10/2023,0.013735,0.035845,0.942044,0.022111,0.0,1.0,0.0,0.013735,0.942044,1
6947.KL,24/10/2024,0.0,0.0,0.0,0.0,0.0,0.0,0.0,0.0,0.0,0
6947.KL,24/10/2025,0.0,0.0,0.0,0.0,0.0,0.0,0.0,0.0,0.0,0
6947.KL,24/11/2020,0.0,0.0,0.0,0.0,0.0,0.0,0.0,0.0,0.0,0
6947.KL,24/11/2021,-0.185482,0.0301,0.754319,0.215581,0.0,0.5,0.5,0.215335,0.754319,2
6947.KL,24/11/2022,-0.237969,0.345457,0.071118,0.583426,0.0,0.0,1.0,0.237969,0.583426,1
6947.KL,24/11/2023,0.0,0.0,0.0,0.0,0.0,0.0,0.0,0.0,0.0,0
6947.KL,24/11/2024,0.127199,0.137284,0.852631,0.010085,1.0,0.0,0.0,0.127199,0.852631,1
6947.KL,24/11/2025,0.0,0.0,0.0,0.0,0.0,0.0,0.0,0.0,0.0,0
6947.KL,24/12/2020,0.0,0.0,0.0,0.0,0.0,0.0,0.0,0.0,0.0,0
6947.KL,24/12/2021,0.0,0.0,0.0,0.0,0.0,0.0,0.0,0.0,0.0,0
6947.KL,24/12/2022,0.0,0.0,0.0,0.0,0.0,0.0,0.0,0.0,0.0,0
6947.KL,24/12/2023,0.0,0.0,0.0,0.0,0.0,0.0,0.0,0.0,0.0,0
6947.KL,24/12/2024,0.0,0.0,0.0,0.0,0.0,0.0,0.0,0.0,0.0,0
6947.KL,24/12/2025,0.0,0.0,0.0,0.0,0.0,0.0,0.0,0.0,0.0,0
6947.KL,24/2/2020,0.0,0.0,0.0,0.0,0.0,0.0,0.0,0.0,0.0,0
6947.KL,24/2/2021,0.29111,0.301481,0.688148,0.010371,1.0,0.0,0.0,0.29111,0.688148,1
6947.KL,24/2/2022,0.0,0.0,0.0,0.0,0.0,0.0,0.0,0.0,0.0,0
6947.KL,24/2/2023,0.9365,0.95243,0.03164,0.01593,1.0,0.0,0.0,0.9365,0.95243,1
6947.KL,24/2/2024,0.0,0.0,0.0,0.0,0.0,0.0,0.0,0.0,0.0,0
6947.KL,24/2/2025,0.0,0.0,0.0,0.0,0.0,0.0,0.0,0.0,0.0,0
6947.KL,24/2/2026,0.0,0.0,0.0,0.0,0.0,0.0,0.0,0.0,0.0,0
6947.KL,24/3/2020,0.0,0.0,0.0,0.0,0.0,0.0,0.0,0.0,0.0,0
6947.KL,24/3/2021,0.0,0.0,0.0,0.0,0.0,0.0,0.0,0.0,0.0,0
6947.KL,24/3/2022,0.0,0.0,0.0,0.0,0.0,0.0,0.0,0.0,0.0,0
6947.KL,24/3/2023,0.0,0.0,0.0,0.0,0.0,0.0,0.0,0.0,0.0,0
6947.KL,24/3/2024,0.0,0.0,0.0,0.0,0.0,0.0,0.0,0.0,0.0,0
6947.KL,24/3/2025,0.067471,0.077441,0.912589,0.00997,0.0,1.0,0.0,0.067471,0.912589,1
6947.KL,24/4/2020,-0.563737,0.041753,0.352758,0.60549,0.0,0.333333,0.666667,0.610566,0.903388,3
6947.KL,24/4/2021,0.347616,0.356532,0.634552,0.008916,1.0,0.0,0.0,0.347616,0.634552,1
6947.KL,24/4/2022,0.0,0.0,0.0,0.0,0.0,0.0,0.0,0.0,0.0,0
6947.KL,24/4/2023,0.0,0.0,0.0,0.0,0.0,0.0,0.0,0.0,0.0,0
6947.KL,24/4/2024,0.0,0.0,0.0,0.0,0.0,0.0,0.0,0.0,0.0,0
6947.KL,24/4/2025,0.0,0.0,0.0,0.0,0.0,0.0,0.0,0.0,0.0,0
6947.KL,24/5/2020,0.0,0.0,0.0,0.0,0.0,0.0,0.0,0.0,0.0,0
6947.KL,24/5/2021,0.0,0.0,0.0,0.0,0.0,0.0,0.0,0.0,0.0,0
6947.KL,24/5/2022,0.0,0.0,0.0,0.0,0.0,0.0,0.0,0.0,0.0,0
6947.KL,24/5/2023,0.064695,0.090097,0.884501,0.025402,0.0,1.0,0.0,0.064695,0.884501,1
6947.KL,24/5/2024,0.0,0.0,0.0,0.0,0.0,0.0,0.0,0.0,0.0,0
6947.KL,24/5/2025,0.0,0.0,0.0,0.0,0.0,0.0,0.0,0.0,0.0,0
6947.KL,24/6/2020,0.0,0.0,0.0,0.0,0.0,0.0,0.0,0.0,0.0,0
6947.KL,24/6/2021,0.0,0.0,0.0,0.0,0.0,0.0,0.0,0.0,0.0,0
6947.KL,24/6/2022,0.0,0.0,0.0,0.0,0.0,0.0,0.0,0.0,0.0,0
6947.KL,24/6/2023,0.0,0.0,0.0,0.0,0.0,0.0,0.0,0.0,0.0,0
6947.KL,24/6/2024,0.0,0.0,0.0,0.0,0.0,0.0,0.0,0.0,0.0,0
6947.KL,24/6/2025,0.0,0.0,0.0,0.0,0.0,0.0,0.0,0.0,0.0,0
6947.KL,24/7/2020,0.0,0.0,0.0,0.0,0.0,0.0,0.0,0.0,0.0,0
6947.KL,24/7/2021,0.0,0.0,0.0,0.0,0.0,0.0,0.0,0.0,0.0,0
6947.KL,24/7/2022,0.0,0.0,0.0,0.0,0.0,0.0,0.0,0.0,0.0,0
6947.KL,24/7/2023,0.0,0.0,0.0,0.0,0.0,0.0,0.0,0.0,0.0,0
6947.KL,24/7/2024,0.038972,0.329178,0.380615,0.290207,0.333333,0.333333,0.333333,0.5782,0.896959,3
6947.KL,24/7/2025,0.624279,0.782605,0.059069,0.158326,1.0,0.0,0.0,0.624279,0.782605,1
6947.KL,24/8/2020,0.0,0.0,0.0,0.0,0.0,0.0,0.0,0.0,0.0,0
6947.KL,24/8/2021,0.0,0.0,0.0,0.0,0.0,0.0,0.0,0.0,0.0,0
6947.KL,24/8/2022,0.0,0.0,0.0,0.0,0.0,0.0,0.0,0.0,0.0,0
6947.KL,24/8/2023,0.0,0.0,0.0,0.0,0.0,0.0,0.0,0.0,0.0,0
6947.KL,24/8/2024,0.0,0.0,0.0,0.0,0.0,0.0,0.0,0.0,0.0,0
6947.KL,24/8/2025,0.0,0.0,0.0,0.0,0.0,0.0,0.0,0.0,0.0,0
6947.KL,24/9/2020,-0.692802,0.029216,0.248766,0.722018,0.0,0.0,1.0,0.692802,0.722018,1
6947.KL,24/9/2021,0.866753,0.918306,0.030142,0.051553,1.0,0.0,0.0,0.866753,0.918306,1
6947.KL,24/9/2022,0.0,0.0,0.0,0.0,0.0,0.0,0.0,0.0,0.0,0
6947.KL,24/9/2023,0.0,0.0,0.0,0.0,0.0,0.0,0.0,0.0,0.0,0
6947.KL,24/9/2024,0.0,0.0,0.0,0.0,0.0,0.0,0.0,0.0,0.0,0
6947.KL,24/9/2025,0.040835,0.055404,0.930028,0.014568,0.0,1.0,0.0,0.040835,0.930028,2
6947.KL,25/1/2020,0.0,0.0,0.0,0.0,0.0,0.0,0.0,0.0,0.0,0
6947.KL,25/1/2021,0.0,0.0,0.0,0.0,0.0,0.0,0.0,0.0,0.0,0
6947.KL,25/1/2022,-0.932072,0.011977,0.043974,0.944049,0.0,0.0,1.0,0.932072,0.944049,1
6947.KL,25/1/2023,0.0,0.0,0.0,0.0,0.0,0.0,0.0,0.0,0.0,0
6947.KL,25/1/2024,0.0,0.0,0.0,0.0,0.0,0.0,0.0,0.0,0.0,0
6947.KL,25/1/2025,0.0,0.0,0.0,0.0,0.0,0.0,0.0,0.0,0.0,0
6947.KL,25/1/2026,0.0,0.0,0.0,0.0,0.0,0.0,0.0,0.0,0.0,0
6947.KL,25/10/2020,0.0,0.0,0.0,0.0,0.0,0.0,0.0,0.0,0.0,0
6947.KL,25/10/2021,0.010926,0.048321,0.914284,0.037395,0.0,1.0,0.0,0.010926,0.914284,1
6947.KL,25/10/2022,0.0,0.0,0.0,0.0,0.0,0.0,0.0,0.0,0.0,0
6947.KL,25/10/2023,0.056963,0.068892,0.919179,0.011929,0.0,1.0,0.0,0.056963,0.919179,1
6947.KL,25/10/2024,0.0,0.0,0.0,0.0,0.0,0.0,0.0,0.0,0.0,0
6947.KL,25/10/2025,0.0,0.0,0.0,0.0,0.0,0.0,0.0,0.0,0.0,0
6947.KL,25/11/2020,0.0,0.0,0.0,0.0,0.0,0.0,0.0,0.0,0.0,0
6947.KL,25/11/2021,-0.928542,0.022143,0.027172,0.950685,0.0,0.0,1.0,0.928542,0.950685,1
6947.KL,25/11/2022,0.261404,0.395686,0.470031,0.134282,0.333333,0.333333,0.333333,0.358414,0.770358,3
6947.KL,25/11/2023,0.0,0.0,0.0,0.0,0.0,0.0,0.0,0.0,0.0,0
6947.KL,25/11/2024,0.0,0.0,0.0,0.0,0.0,0.0,0.0,0.0,0.0,0
6947.KL,25/11/2025,0.0,0.0,0.0,0.0,0.0,0.0,0.0,0.0,0.0,0
6947.KL,25/12/2020,0.0,0.0,0.0,0.0,0.0,0.0,0.0,0.0,0.0,0
6947.KL,25/12/2021,0.0,0.0,0.0,0.0,0.0,0.0,0.0,0.0,0.0,0
6947.KL,25/12/2022,0.0,0.0,0.0,0.0,0.0,0.0,0.0,0.0,0.0,0
6947.KL,25/12/2023,0.0,0.0,0.0,0.0,0.0,0.0,0.0,0.0,0.0,0
6947.KL,25/12/2024,0.0,0.0,0.0,0.0,0.0,0.0,0.0,0.0,0.0,0
6947.KL,25/12/2025,0.0,0.0,0.0,0.0,0.0,0.0,0.0,0.0,0.0,0
6947.KL,25/2/2020,0.0,0.0,0.0,0.0,0.0,0.0,0.0,0.0,0.0,0
6947.KL,25/2/2021,0.0,0.0,0.0,0.0,0.0,0.0,0.0,0.0,0.0,0
6947.KL,25/2/2022,0.0,0.0,0.0,0.0,0.0,0.0,0.0,0.0,0.0,0
6947.KL,25/2/2023,0.0,0.0,0.0,0.0,0.0,0.0,0.0,0.0,0.0,0
6947.KL,25/2/2024,0.0,0.0,0.0,0.0,0.0,0.0,0.0,0.0,0.0,0
6947.KL,25/2/2025,0.0,0.0,0.0,0.0,0.0,0.0,0.0,0.0,0.0,0
6947.KL,25/2/2026,0.0,0.0,0.0,0.0,0.0,0.0,0.0,0.0,0.0,0
6947.KL,25/3/2020,0.0,0.0,0.0,0.0,0.0,0.0,0.0,0.0,0.0,0
6947.KL,25/3/2021,0.507724,0.593573,0.320579,0.085849,1.0,0.0,0.0,0.507724,0.593573,1
6947.KL,25/3/2022,-0.016592,0.023688,0.936032,0.04028,0.0,1.0,0.0,0.016592,0.936032,1
6947.KL,25/3/2023,0.0,0.0,0.0,0.0,0.0,0.0,0.0,0.0,0.0,0
6947.KL,25/3/2024,-0.872515,0.051559,0.024366,0.924074,0.0,0.0,1.0,0.872515,0.924074,1
6947.KL,25/3/2025,0.110111,0.185452,0.739208,0.07534,1.0,0.0,0.0,0.110111,0.739208,1
6947.KL,25/4/2020,0.0,0.0,0.0,0.0,0.0,0.0,0.0,0.0,0.0,0
6947.KL,25/4/2021,0.0,0.0,0.0,0.0,0.0,0.0,0.0,0.0,0.0,0
6947.KL,25/4/2022,0.0,0.0,0.0,0.0,0.0,0.0,0.0,0.0,0.0,0
6947.KL,25/4/2023,0.0,0.0,0.0,0.0,0.0,0.0,0.0,0.0,0.0,0
6947.KL,25/4/2024,0.398477,0.416862,0.564753,0.018385,0.5,0.5,0.0,0.398477,0.869535,2
6947.KL,25/4/2025,0.0,0.0,0.0,0.0,0.0,0.0,0.0,0.0,0.0,0
6947.KL,25/5/2020,0.0,0.0,0.0,0.0,0.0,0.0,0.0,0.0,0.0,0
6947.KL,25/5/2021,0.0,0.0,0.0,0.0,0.0,0.0,0.0,0.0,0.0,0
6947.KL,25/5/2022,0.0,0.0,0.0,0.0,0.0,0.0,0.0,0.0,0.0,0
6947.KL,25/5/2023,0.097221,0.109427,0.878366,0.012207,0.5,0.5,0.0,0.097221,0.878366,2
6947.KL,25/5/2024,0.936045,0.94908,0.037885,0.013035,1.0,0.0,0.0,0.936045,0.94908,1
6947.KL,25/5/2025,0.0,0.0,0.0,0.0,0.0,0.0,0.0,0.0,0.0,0
6947.KL,25/6/2020,0.0,0.0,0.0,0.0,0.0,0.0,0.0,0.0,0.0,0
6947.KL,25/6/2021,0.019991,0.079746,0.860499,0.059755,0.5,0.5,0.0,0.093102,0.860499,2
6947.KL,25/6/2022,0.0,0.0,0.0,0.0,0.0,0.0,0.0,0.0,0.0,0
6947.KL,25/6/2023,0.0,0.0,0.0,0.0,0.0,0.0,0.0,0.0,0.0,0
6947.KL,25/6/2024,0.45945,0.466598,0.526255,0.007147,1.0,0.0,0.0,0.45945,0.526255,1
6947.KL,25/6/2025,0.0,0.0,0.0,0.0,0.0,0.0,0.0,0.0,0.0,0
6947.KL,25/7/2020,0.0,0.0,0.0,0.0,0.0,0.0,0.0,0.0,0.0,0
6947.KL,25/7/2021,0.0,0.0,0.0,0.0,0.0,0.0,0.0,0.0,0.0,0
6947.KL,25/7/2022,-0.074211,0.172484,0.580821,0.246695,0.75,0.0,0.25,0.3608,0.806925,4
6947.KL,25/7/2023,0.0,0.0,0.0,0.0,0.0,0.0,0.0,0.0,0.0,0
6947.KL,25/7/2024,0.0,0.0,0.0,0.0,0.0,0.0,0.0,0.0,0.0,0
6947.KL,25/7/2025,-0.928335,0.023099,0.025468,0.951434,0.0,0.0,1.0,0.928335,0.951434,1
6947.KL,25/8/2020,0.0,0.0,0.0,0.0,0.0,0.0,0.0,0.0,0.0,0
6947.KL,25/8/2021,0.0,0.0,0.0,0.0,0.0,0.0,0.0,0.0,0.0,0
6947.KL,25/8/2022,-0.258145,0.186854,0.368148,0.444999,0.0,0.0,1.0,0.258145,0.444999,1
6947.KL,25/8/2023,0.0,0.0,0.0,0.0,0.0,0.0,0.0,0.0,0.0,0
6947.KL,25/8/2024,0.0,0.0,0.0,0.0,0.0,0.0,0.0,0.0,0.0,0
6947.KL,25/8/2025,0.0,0.0,0.0,0.0,0.0,0.0,0.0,0.0,0.0,0
6947.KL,25/9/2020,0.741958,0.758298,0.225362,0.01634,1.0,0.0,0.0,0.741958,0.758298,1
6947.KL,25/9/2021,0.0,0.0,0.0,0.0,0.0,0.0,0.0,0.0,0.0,0
6947.KL,25/9/2022,0.116525,0.128411,0.859702,0.011886,1.0,0.0,0.0,0.116525,0.859702,1
6947.KL,25/9/2023,0.0,0.0,0.0,0.0,0.0,0.0,0.0,0.0,0.0,0
6947.KL,25/9/2024,0.0,0.0,0.0,0.0,0.0,0.0,0.0,0.0,0.0,0
6947.KL,25/9/2025,-0.929689,0.027115,0.016081,0.956804,0.0,0.0,1.0,0.929689,0.956804,1
6947.KL,26/1/2020,0.0,0.0,0.0,0.0,0.0,0.0,0.0,0.0,0.0,0
6947.KL,26/1/2021,0.0,0.0,0.0,0.0,0.0,0.0,0.0,0.0,0.0,0
6947.KL,26/1/2022,0.0,0.0,0.0,0.0,0.0,0.0,0.0,0.0,0.0,0
6947.KL,26/1/2023,0.795852,0.803245,0.189362,0.007393,1.0,0.0,0.0,0.795852,0.803245,1
6947.KL,26/1/2024,0.0,0.0,0.0,0.0,0.0,0.0,0.0,0.0,0.0,0
6947.KL,26/1/2025,0.0,0.0,0.0,0.0,0.0,0.0,0.0,0.0,0.0,0
6947.KL,26/1/2026,0.0,0.0,0.0,0.0,0.0,0.0,0.0,0.0,0.0,0
6947.KL,26/10/2020,0.0,0.0,0.0,0.0,0.0,0.0,0.0,0.0,0.0,0
6947.KL,26/10/2021,0.0,0.0,0.0,0.0,0.0,0.0,0.0,0.0,0.0,0
6947.KL,26/10/2022,0.860334,0.873308,0.113717,0.012975,1.0,0.0,0.0,0.860334,0.873308,1
6947.KL,26/10/2023,0.0,0.0,0.0,0.0,0.0,0.0,0.0,0.0,0.0,0
6947.KL,26/10/2024,0.0,0.0,0.0,0.0,0.0,0.0,0.0,0.0,0.0,0
6947.KL,26/10/2025,0.0,0.0,0.0,0.0,0.0,0.0,0.0,0.0,0.0,0
6947.KL,26/11/2020,0.0,0.0,0.0,0.0,0.0,0.0,0.0,0.0,0.0,0
6947.KL,26/11/2021,-0.937835,0.016857,0.028451,0.954692,0.0,0.0,1.0,0.937835,0.954692,1
6947.KL,26/11/2022,0.0,0.0,0.0,0.0,0.0,0.0,0.0,0.0,0.0,0
6947.KL,26/11/2023,0.0,0.0,0.0,0.0,0.0,0.0,0.0,0.0,0.0,0
6947.KL,26/11/2024,0.0,0.0,0.0,0.0,0.0,0.0,0.0,0.0,0.0,0
6947.KL,26/11/2025,0.0,0.0,0.0,0.0,0.0,0.0,0.0,0.0,0.0,0
6947.KL,26/12/2020,0.0,0.0,0.0,0.0,0.0,0.0,0.0,0.0,0.0,0
6947.KL,26/12/2021,-0.89386,0.035554,0.035032,0.929414,0.0,0.0,1.0,0.89386,0.929414,1
6947.KL,26/12/2022,0.0,0.0,0.0,0.0,0.0,0.0,0.0,0.0,0.0,0
6947.KL,26/12/2023,0.0,0.0,0.0,0.0,0.0,0.0,0.0,0.0,0.0,0
6947.KL,26/12/2024,0.0,0.0,0.0,0.0,0.0,0.0,0.0,0.0,0.0,0
6947.KL,26/12/2025,0.0,0.0,0.0,0.0,0.0,0.0,0.0,0.0,0.0,0
6947.KL,26/2/2020,-0.877182,0.038469,0.045879,0.915652,0.0,0.0,1.0,0.877182,0.915652,1
6947.KL,26/2/2021,0.715549,0.73064,0.25427,0.015091,1.0,0.0,0.0,0.715549,0.73064,1
6947.KL,26/2/2022,0.876648,0.919877,0.036894,0.043229,1.0,0.0,0.0,0.876648,0.919877,1
6947.KL,26/2/2023,0.0,0.0,0.0,0.0,0.0,0.0,0.0,0.0,0.0,0
6947.KL,26/2/2024,0.0,0.0,0.0,0.0,0.0,0.0,0.0,0.0,0.0,0
6947.KL,26/2/2025,0.0,0.0,0.0,0.0,0.0,0.0,0.0,0.0,0.0,0
6947.KL,26/2/2026,0.0,0.0,0.0,0.0,0.0,0.0,0.0,0.0,0.0,0
6947.KL,26/3/2020,0.10202,0.112481,0.877058,0.010461,1.0,0.0,0.0,0.10202,0.877058,1
6947.KL,26/3/2021,0.0,0.0,0.0,0.0,0.0,0.0,0.0,0.0,0.0,0
6947.KL,26/3/2022,0.0,0.0,0.0,0.0,0.0,0.0,0.0,0.0,0.0,0
6947.KL,26/3/2023,0.0,0.0,0.0,0.0,0.0,0.0,0.0,0.0,0.0,0
6947.KL,26/3/2024,0.0,0.0,0.0,0.0,0.0,0.0,0.0,0.0,0.0,0
6947.KL,26/3/2025,0.801131,0.810377,0.180377,0.009246,1.0,0.0,0.0,0.801131,0.810377,1
6947.KL,26/4/2020,0.0,0.0,0.0,0.0,0.0,0.0,0.0,0.0,0.0,0
6947.KL,26/4/2021,0.017856,0.035095,0.947666,0.017239,0.0,1.0,0.0,0.017856,0.947666,1
6947.KL,26/4/2022,0.0,0.0,0.0,0.0,0.0,0.0,0.0,0.0,0.0,0
6947.KL,26/4/2023,-0.908749,0.032868,0.025515,0.941617,0.0,0.0,1.0,0.908749,0.941617,1
6947.KL,26/4/2024,0.549107,0.558627,0.431853,0.00952,1.0,0.0,0.0,0.549107,0.773426,2
6947.KL,26/4/2025,0.0,0.0,0.0,0.0,0.0,0.0,0.0,0.0,0.0,0
6947.KL,26/5/2020,0.0,0.0,0.0,0.0,0.0,0.0,0.0,0.0,0.0,0
6947.KL,26/5/2021,0.0,0.0,0.0,0.0,0.0,0.0,0.0,0.0,0.0,0
6947.KL,26/5/2022,0.0,0.0,0.0,0.0,0.0,0.0,0.0,0.0,0.0,0
6947.KL,26/5/2023,0.0,0.0,0.0,0.0,0.0,0.0,0.0,0.0,0.0,0
6947.KL,26/5/2024,0.0,0.0,0.0,0.0,0.0,0.0,0.0,0.0,0.0,0
6947.KL,26/5/2025,0.0,0.0,0.0,0.0,0.0,0.0,0.0,0.0,0.0,0
6947.KL,26/6/2020,0.0,0.0,0.0,0.0,0.0,0.0,0.0,0.0,0.0,0
6947.KL,26/6/2021,0.0,0.0,0.0,0.0,0.0,0.0,0.0,0.0,0.0,0
6947.KL,26/6/2022,0.0,0.0,0.0,0.0,0.0,0.0,0.0,0.0,0.0,0
6947.KL,26/6/2023,0.0,0.0,0.0,0.0,0.0,0.0,0.0,0.0,0.0,0
6947.KL,26/6/2024,0.185173,0.193587,0.797999,0.008414,1.0,0.0,0.0,0.185173,0.797999,1
6947.KL,26/6/2025,0.0,0.0,0.0,0.0,0.0,0.0,0.0,0.0,0.0,0
6947.KL,26/7/2020,0.0,0.0,0.0,0.0,0.0,0.0,0.0,0.0,0.0,0
6947.KL,26/7/2021,0.082452,0.097847,0.886758,0.015395,0.0,1.0,0.0,0.082452,0.886758,1
6947.KL,26/7/2022,-0.102741,0.174302,0.548656,0.277043,0.0,0.0,1.0,0.102741,0.548656,1
6947.KL,26/7/2023,0.042391,0.055783,0.930824,0.013392,0.0,1.0,0.0,0.042391,0.930824,2
6947.KL,26/7/2024,0.0,0.0,0.0,0.0,0.0,0.0,0.0,0.0,0.0,0
6947.KL,26/7/2025,-0.855242,0.041218,0.062322,0.89646,0.0,0.0,1.0,0.855242,0.89646,1
6947.KL,26/8/2020,-0.900697,0.02918,0.040943,0.929877,0.0,0.0,1.0,0.900697,0.929877,1
6947.KL,26/8/2021,0.12018,0.135482,0.849216,0.015302,1.0,0.0,0.0,0.12018,0.849216,1
6947.KL,26/8/2022,-0.721039,0.128904,0.021153,0.849943,0.0,0.0,1.0,0.721039,0.849943,1
6947.KL,26/8/2023,0.600745,0.61286,0.375025,0.012115,1.0,0.0,0.0,0.600745,0.61286,1
6947.KL,26/8/2024,0.0,0.0,0.0,0.0,0.0,0.0,0.0,0.0,0.0,0
6947.KL,26/8/2025,0.0,0.0,0.0,0.0,0.0,0.0,0.0,0.0,0.0,0
6947.KL,26/9/2020,0.0,0.0,0.0,0.0,0.0,0.0,0.0,0.0,0.0,0
6947.KL,26/9/2021,0.0,0.0,0.0,0.0,0.0,0.0,0.0,0.0,0.0,0
6947.KL,26/9/2022,0.0,0.0,0.0,0.0,0.0,0.0,0.0,0.0,0.0,0
6947.KL,26/9/2023,0.579988,0.588559,0.40287,0.008571,1.0,0.0,0.0,0.579988,0.588559,1
6947.KL,26/9/2024,0.0,0.0,0.0,0.0,0.0,0.0,0.0,0.0,0.0,0
6947.KL,26/9/2025,0.0,0.0,0.0,0.0,0.0,0.0,0.0,0.0,0.0,0
6947.KL,27/1/2020,0.0,0.0,0.0,0.0,0.0,0.0,0.0,0.0,0.0,0
6947.KL,27/1/2021,0.009683,0.0322,0.945283,0.022517,0.0,1.0,0.0,0.009683,0.945283,1
6947.KL,27/1/2022,-0.448391,0.040543,0.470524,0.488933,0.0,0.5,0.5,0.496963,0.940417,2
6947.KL,27/1/2023,0.0,0.0,0.0,0.0,0.0,0.0,0.0,0.0,0.0,0
6947.KL,27/1/2024,0.895185,0.90323,0.088726,0.008044,1.0,0.0,0.0,0.895185,0.90323,1
6947.KL,27/1/2025,0.0,0.0,0.0,0.0,0.0,0.0,0.0,0.0,0.0,0
6947.KL,27/1/2026,0.0,0.0,0.0,0.0,0.0,0.0,0.0,0.0,0.0,0
6947.KL,27/10/2020,0.85467,0.908463,0.037744,0.053793,1.0,0.0,0.0,0.85467,0.908463,1
6947.KL,27/10/2021,-0.8826,0.027462,0.062477,0.910061,0.0,0.0,1.0,0.8826,0.910061,1
6947.KL,27/10/2022,0.041927,0.173068,0.695791,0.131141,0.0,1.0,0.0,0.041927,0.695791,1
6947.KL,27/10/2023,0.0,0.0,0.0,0.0,0.0,0.0,0.0,0.0,0.0,0
6947.KL,27/10/2024,0.0,0.0,0.0,0.0,0.0,0.0,0.0,0.0,0.0,0
6947.KL,27/10/2025,0.0,0.0,0.0,0.0,0.0,0.0,0.0,0.0,0.0,0
6947.KL,27/11/2020,0.0,0.0,0.0,0.0,0.0,0.0,0.0,0.0,0.0,0
6947.KL,27/11/2021,0.0,0.0,0.0,0.0,0.0,0.0,0.0,0.0,0.0,0
6947.KL,27/11/2022,0.0,0.0,0.0,0.0,0.0,0.0,0.0,0.0,0.0,0
6947.KL,27/11/2023,0.0,0.0,0.0,0.0,0.0,0.0,0.0,0.0,0.0,0
6947.KL,27/11/2024,0.0,0.0,0.0,0.0,0.0,0.0,0.0,0.0,0.0,0
6947.KL,27/11/2025,0.0,0.0,0.0,0.0,0.0,0.0,0.0,0.0,0.0,0
6947.KL,27/12/2020,0.0,0.0,0.0,0.0,0.0,0.0,0.0,0.0,0.0,0
6947.KL,27/12/2021,0.870158,0.919078,0.032001,0.04892,1.0,0.0,0.0,0.870158,0.919078,1
6947.KL,27/12/2022,0.0,0.0,0.0,0.0,0.0,0.0,0.0,0.0,0.0,0
6947.KL,27/12/2023,0.0,0.0,0.0,0.0,0.0,0.0,0.0,0.0,0.0,0
6947.KL,27/12/2024,0.0,0.0,0.0,0.0,0.0,0.0,0.0,0.0,0.0,0
6947.KL,27/12/2025,0.0,0.0,0.0,0.0,0.0,0.0,0.0,0.0,0.0,0
6947.KL,27/2/2020,0.0,0.0,0.0,0.0,0.0,0.0,0.0,0.0,0.0,0
6947.KL,27/2/2021,0.0,0.0,0.0,0.0,0.0,0.0,0.0,0.0,0.0,0
6947.KL,27/2/2022,0.0,0.0,0.0,0.0,0.0,0.0,0.0,0.0,0.0,0
6947.KL,27/2/2023,-0.9421,0.015825,0.02625,0.957925,0.0,0.0,1.0,0.9421,0.957925,1
6947.KL,27/2/2024,0.0,0.0,0.0,0.0,0.0,0.0,0.0,0.0,0.0,0
6947.KL,27/2/2025,0.0,0.0,0.0,0.0,0.0,0.0,0.0,0.0,0.0,0
6947.KL,27/2/2026,0.0,0.0,0.0,0.0,0.0,0.0,0.0,0.0,0.0,0
6947.KL,27/3/2020,0.0,0.0,0.0,0.0,0.0,0.0,0.0,0.0,0.0,0
6947.KL,27/3/2021,0.733819,0.750164,0.233491,0.016345,1.0,0.0,0.0,0.733819,0.750164,1
6947.KL,27/3/2022,0.0,0.0,0.0,0.0,0.0,0.0,0.0,0.0,0.0,0
6947.KL,27/3/2023,0.0,0.0,0.0,0.0,0.0,0.0,0.0,0.0,0.0,0
6947.KL,27/3/2024,0.593997,0.685876,0.222244,0.091879,1.0,0.0,0.0,0.593997,0.685876,2
6947.KL,27/3/2025,0.477181,0.49872,0.47974,0.021539,0.5,0.5,0.0,0.477181,0.941715,2
6947.KL,27/4/2020,-0.959117,0.012551,0.01578,0.971669,0.0,0.0,1.0,0.959117,0.971669,1
6947.KL,27/4/2021,0.079774,0.23809,0.603593,0.158316,0.0,1.0,0.0,0.079774,0.634815,2
6947.KL,27/4/2022,0.0,0.0,0.0,0.0,0.0,0.0,0.0,0.0,0.0,0
6947.KL,27/4/2023,0.0,0.0,0.0,0.0,0.0,0.0,0.0,0.0,0.0,0
6947.KL,27/4/2024,0.0,0.0,0.0,0.0,0.0,0.0,0.0,0.0,0.0,0
6947.KL,27/4/2025,0.0,0.0,0.0,0.0,0.0,0.0,0.0,0.0,0.0,0
6947.KL,27/5/2020,0.878099,0.916631,0.044838,0.038531,1.0,0.0,0.0,0.878099,0.916631,1
6947.KL,27/5/2021,-0.650795,0.047718,0.25377,0.698513,0.0,0.0,1.0,0.650795,0.698513,1
6947.KL,27/5/2022,0.0,0.0,0.0,0.0,0.0,0.0,0.0,0.0,0.0,0
6947.KL,27/5/2023,0.0,0.0,0.0,0.0,0.0,0.0,0.0,0.0,0.0,0
6947.KL,27/5/2024,0.0,0.0,0.0,0.0,0.0,0.0,0.0,0.0,0.0,0
6947.KL,27/5/2025,0.0,0.0,0.0,0.0,0.0,0.0,0.0,0.0,0.0,0
6947.KL,27/6/2020,-0.547111,0.165799,0.121291,0.71291,0.0,0.0,1.0,0.547111,0.71291,1
6947.KL,27/6/2021,0.0,0.0,0.0,0.0,0.0,0.0,0.0,0.0,0.0,0
6947.KL,27/6/2022,0.0,0.0,0.0,0.0,0.0,0.0,0.0,0.0,0.0,0
6947.KL,27/6/2023,-0.30436,0.019226,0.657188,0.323586,0.0,0.0,1.0,0.30436,0.657188,1
6947.KL,27/6/2024,0.0,0.0,0.0,0.0,0.0,0.0,0.0,0.0,0.0,0
6947.KL,27/6/2025,0.0,0.0,0.0,0.0,0.0,0.0,0.0,0.0,0.0,0
6947.KL,27/7/2020,0.0,0.0,0.0,0.0,0.0,0.0,0.0,0.0,0.0,0
6947.KL,27/7/2021,0.0,0.0,0.0,0.0,0.0,0.0,0.0,0.0,0.0,0
6947.KL,27/7/2022,-0.09179,0.436926,0.034358,0.528716,0.5,0.0,0.5,0.861331,0.913487,2
6947.KL,27/7/2023,0.0,0.0,0.0,0.0,0.0,0.0,0.0,0.0,0.0,0
6947.KL,27/7/2024,0.0,0.0,0.0,0.0,0.0,0.0,0.0,0.0,0.0,0
6947.KL,27/7/2025,0.0,0.0,0.0,0.0,0.0,0.0,0.0,0.0,0.0,0
6947.KL,27/8/2020,0.0,0.0,0.0,0.0,0.0,0.0,0.0,0.0,0.0,0
6947.KL,27/8/2021,0.0,0.0,0.0,0.0,0.0,0.0,0.0,0.0,0.0,0
6947.KL,27/8/2022,0.0,0.0,0.0,0.0,0.0,0.0,0.0,0.0,0.0,0
6947.KL,27/8/2023,0.0,0.0,0.0,0.0,0.0,0.0,0.0,0.0,0.0,0
6947.KL,27/8/2024,0.0,0.0,0.0,0.0,0.0,0.0,0.0,0.0,0.0,0
6947.KL,27/8/2025,0.209464,0.223764,0.761937,0.014299,0.5,0.5,0.0,0.209464,0.761937,2
6947.KL,27/9/2020,0.0,0.0,0.0,0.0,0.0,0.0,0.0,0.0,0.0,0
6947.KL,27/9/2021,0.0,0.0,0.0,0.0,0.0,0.0,0.0,0.0,0.0,0
6947.KL,27/9/2022,0.0,0.0,0.0,0.0,0.0,0.0,0.0,0.0,0.0,0
6947.KL,27/9/2023,0.0,0.0,0.0,0.0,0.0,0.0,0.0,0.0,0.0,0
6947.KL,27/9/2024,0.0,0.0,0.0,0.0,0.0,0.0,0.0,0.0,0.0,0
6947.KL,27/9/2025,0.0,0.0,0.0,0.0,0.0,0.0,0.0,0.0,0.0,0
6947.KL,28/1/2020,0.0,0.0,0.0,0.0,0.0,0.0,0.0,0.0,0.0,0
6947.KL,28/1/2021,-0.604271,0.153198,0.089333,0.757469,0.0,0.0,1.0,0.604271,0.757469,1
6947.KL,28/1/2022,0.028819,0.049314,0.93019,0.020495,0.0,1.0,0.0,0.028819,0.93019,1
6947.KL,28/1/2023,0.015905,0.0346,0.946704,0.018695,0.0,1.0,0.0,0.015905,0.946704,1
6947.KL,28/1/2024,0.0,0.0,0.0,0.0,0.0,0.0,0.0,0.0,0.0,0
6947.KL,28/1/2025,0.833414,0.840528,0.152357,0.007115,1.0,0.0,0.0,0.833414,0.840528,1
6947.KL,28/1/2026,0.139609,0.147884,0.843841,0.008275,1.0,0.0,0.0,0.139609,0.843841,1
6947.KL,28/10/2020,0.0,0.0,0.0,0.0,0.0,0.0,0.0,0.0,0.0,0
6947.KL,28/10/2021,-0.933542,0.009842,0.046774,0.943384,0.0,0.0,1.0,0.933542,0.943384,1
6947.KL,28/10/2022,0.119612,0.131108,0.857396,0.011496,0.5,0.5,0.0,0.119612,0.857396,2
6947.KL,28/10/2023,0.0,0.0,0.0,0.0,0.0,0.0,0.0,0.0,0.0,0
6947.KL,28/10/2024,0.0,0.0,0.0,0.0,0.0,0.0,0.0,0.0,0.0,0
6947.KL,28/10/2025,0.404671,0.413226,0.578219,0.008555,1.0,0.0,0.0,0.404671,0.715005,2
6947.KL,28/11/2020,0.0,0.0,0.0,0.0,0.0,0.0,0.0,0.0,0.0,0
6947.KL,28/11/2021,0.0,0.0,0.0,0.0,0.0,0.0,0.0,0.0,0.0,0
6947.KL,28/11/2022,0.0,0.0,0.0,0.0,0.0,0.0,0.0,0.0,0.0,0
6947.KL,28/11/2023,0.0,0.0,0.0,0.0,0.0,0.0,0.0,0.0,0.0,0
6947.KL,28/11/2024,0.0,0.0,0.0,0.0,0.0,0.0,0.0,0.0,0.0,0
6947.KL,28/11/2025,0.0,0.0,0.0,0.0,0.0,0.0,0.0,0.0,0.0,0
6947.KL,28/12/2020,0.0,0.0,0.0,0.0,0.0,0.0,0.0,0.0,0.0,0
6947.KL,28/12/2021,0.0,0.0,0.0,0.0,0.0,0.0,0.0,0.0,0.0,0
6947.KL,28/12/2022,0.0,0.0,0.0,0.0,0.0,0.0,0.0,0.0,0.0,0
6947.KL,28/12/2023,0.0,0.0,0.0,0.0,0.0,0.0,0.0,0.0,0.0,0
6947.KL,28/12/2024,0.0,0.0,0.0,0.0,0.0,0.0,0.0,0.0,0.0,0
6947.KL,28/12/2025,0.0,0.0,0.0,0.0,0.0,0.0,0.0,0.0,0.0,0
6947.KL,28/2/2020,0.0,0.0,0.0,0.0,0.0,0.0,0.0,0.0,0.0,0
6947.KL,28/2/2021,0.0,0.0,0.0,0.0,0.0,0.0,0.0,0.0,0.0,0
6947.KL,28/2/2022,0.0,0.0,0.0,0.0,0.0,0.0,0.0,0.0,0.0,0
6947.KL,28/2/2023,0.0,0.0,0.0,0.0,0.0,0.0,0.0,0.0,0.0,0
6947.KL,28/2/2024,0.0,0.0,0.0,0.0,0.0,0.0,0.0,0.0,0.0,0
6947.KL,28/2/2025,0.0,0.0,0.0,0.0,0.0,0.0,0.0,0.0,0.0,0
6947.KL,28/2/2026,0.0,0.0,0.0,0.0,0.0,0.0,0.0,0.0,0.0,0
6947.KL,28/3/2020,0.314776,0.345898,0.62298,0.031122,0.5,0.5,0.0,0.314776,0.817828,4
6947.KL,28/3/2021,0.0,0.0,0.0,0.0,0.0,0.0,0.0,0.0,0.0,0
6947.KL,28/3/2022,0.0,0.0,0.0,0.0,0.0,0.0,0.0,0.0,0.0,0
6947.KL,28/3/2023,0.0,0.0,0.0,0.0,0.0,0.0,0.0,0.0,0.0,0
6947.KL,28/3/2024,0.0,0.0,0.0,0.0,0.0,0.0,0.0,0.0,0.0,0
6947.KL,28/3/2025,0.0,0.0,0.0,0.0,0.0,0.0,0.0,0.0,0.0,0
6947.KL,28/4/2020,0.483841,0.675964,0.131914,0.192122,1.0,0.0,0.0,0.483841,0.675964,1
6947.KL,28/4/2021,0.0,0.0,0.0,0.0,0.0,0.0,0.0,0.0,0.0,0
6947.KL,28/4/2022,0.06546,0.076048,0.913365,0.010588,0.0,1.0,0.0,0.06546,0.913365,1
6947.KL,28/4/2023,0.0,0.0,0.0,0.0,0.0,0.0,0.0,0.0,0.0,0
6947.KL,28/4/2024,0.0,0.0,0.0,0.0,0.0,0.0,0.0,0.0,0.0,0
6947.KL,28/4/2025,0.0,0.0,0.0,0.0,0.0,0.0,0.0,0.0,0.0,0
6947.KL,28/5/2020,0.0,0.0,0.0,0.0,0.0,0.0,0.0,0.0,0.0,0
6947.KL,28/5/2021,0.0,0.0,0.0,0.0,0.0,0.0,0.0,0.0,0.0,0
6947.KL,28/5/2022,0.0,0.0,0.0,0.0,0.0,0.0,0.0,0.0,0.0,0
6947.KL,28/5/2023,0.0,0.0,0.0,0.0,0.0,0.0,0.0,0.0,0.0,0
6947.KL,28/5/2024,0.027021,0.046415,0.934192,0.019393,0.0,1.0,0.0,0.027021,0.934192,1
6947.KL,28/5/2025,0.0,0.0,0.0,0.0,0.0,0.0,0.0,0.0,0.0,0
6947.KL,28/6/2020,0.0,0.0,0.0,0.0,0.0,0.0,0.0,0.0,0.0,0
6947.KL,28/6/2021,0.006887,0.073689,0.859508,0.066803,0.0,1.0,0.0,0.006887,0.859508,1
6947.KL,28/6/2022,-0.718803,0.037313,0.206571,0.756116,0.0,0.0,1.0,0.718803,0.756116,1
6947.KL,28/6/2023,0.0,0.0,0.0,0.0,0.0,0.0,0.0,0.0,0.0,0
6947.KL,28/6/2024,0.233747,0.242807,0.748132,0.00906,1.0,0.0,0.0,0.233747,0.748132,1
6947.KL,28/6/2025,0.0,0.0,0.0,0.0,0.0,0.0,0.0,0.0,0.0,0
6947.KL,28/7/2020,0.0,0.0,0.0,0.0,0.0,0.0,0.0,0.0,0.0,0
6947.KL,28/7/2021,0.0,0.0,0.0,0.0,0.0,0.0,0.0,0.0,0.0,0
6947.KL,28/7/2022,0.0,0.0,0.0,0.0,0.0,0.0,0.0,0.0,0.0,0
6947.KL,28/7/2023,0.0,0.0,0.0,0.0,0.0,0.0,0.0,0.0,0.0,0
6947.KL,28/7/2024,0.0,0.0,0.0,0.0,0.0,0.0,0.0,0.0,0.0,0
6947.KL,28/7/2025,0.0,0.0,0.0,0.0,0.0,0.0,0.0,0.0,0.0,0
6947.KL,28/8/2020,0.0,0.0,0.0,0.0,0.0,0.0,0.0,0.0,0.0,0
6947.KL,28/8/2021,0.0,0.0,0.0,0.0,0.0,0.0,0.0,0.0,0.0,0
6947.KL,28/8/2022,0.0,0.0,0.0,0.0,0.0,0.0,0.0,0.0,0.0,0
6947.KL,28/8/2023,-0.517213,0.218298,0.046191,0.735511,0.0,0.0,1.0,0.517213,0.735511,1
6947.KL,28/8/2024,0.87549,0.896306,0.082877,0.020817,1.0,0.0,0.0,0.87549,0.896306,1
6947.KL,28/8/2025,0.881408,0.929664,0.022081,0.048255,1.0,0.0,0.0,0.881408,0.929664,1
6947.KL,28/9/2020,0.0,0.0,0.0,0.0,0.0,0.0,0.0,0.0,0.0,0
6947.KL,28/9/2021,0.376717,0.572679,0.23136,0.195961,0.5,0.5,0.0,0.400873,0.614922,2
6947.KL,28/9/2022,0.387413,0.396119,0.595175,0.008706,1.0,0.0,0.0,0.387413,0.595175,1
6947.KL,28/9/2023,0.0,0.0,0.0,0.0,0.0,0.0,0.0,0.0,0.0,0
6947.KL,28/9/2024,0.0,0.0,0.0,0.0,0.0,0.0,0.0,0.0,0.0,0
6947.KL,28/9/2025,0.0,0.0,0.0,0.0,0.0,0.0,0.0,0.0,0.0,0
6947.KL,29/1/2020,0.147994,0.171167,0.805659,0.023174,1.0,0.0,0.0,0.147994,0.805659,1
6947.KL,29/1/2021,0.067629,0.078747,0.910135,0.011118,0.0,1.0,0.0,0.067629,0.910135,1
6947.KL,29/1/2022,0.0,0.0,0.0,0.0,0.0,0.0,0.0,0.0,0.0,0
6947.KL,29/1/2023,0.0,0.0,0.0,0.0,0.0,0.0,0.0,0.0,0.0,0
6947.KL,29/1/2024,0.0,0.0,0.0,0.0,0.0,0.0,0.0,0.0,0.0,0
6947.KL,29/1/2025,0.0,0.0,0.0,0.0,0.0,0.0,0.0,0.0,0.0,0
6947.KL,29/1/2026,0.0,0.0,0.0,0.0,0.0,0.0,0.0,0.0,0.0,0
6947.KL,29/10/2020,0.0,0.0,0.0,0.0,0.0,0.0,0.0,0.0,0.0,0
6947.KL,29/10/2021,0.19792,0.210278,0.777364,0.012358,0.5,0.5,0.0,0.19792,0.777364,2
6947.KL,29/10/2022,0.0,0.0,0.0,0.0,0.0,0.0,0.0,0.0,0.0,0
6947.KL,29/10/2023,0.182226,0.191661,0.798905,0.009434,1.0,0.0,0.0,0.182226,0.798905,1
6947.KL,29/10/2024,0.0,0.0,0.0,0.0,0.0,0.0,0.0,0.0,0.0,0
6947.KL,29/10/2025,-0.843071,0.070012,0.016904,0.913084,0.0,0.0,1.0,0.843071,0.913084,1
6947.KL,29/11/2020,0.0,0.0,0.0,0.0,0.0,0.0,0.0,0.0,0.0,0
6947.KL,29/11/2021,0.0,0.0,0.0,0.0,0.0,0.0,0.0,0.0,0.0,0
6947.KL,29/11/2022,-0.908346,0.029106,0.033442,0.937452,0.0,0.0,1.0,0.908346,0.937452,1
6947.KL,29/11/2023,0.904185,0.940857,0.022471,0.036672,1.0,0.0,0.0,0.904185,0.940857,1
6947.KL,29/11/2024,-0.589523,0.017653,0.375171,0.607176,0.0,0.0,1.0,0.589523,0.607176,1
6947.KL,29/11/2025,0.0,0.0,0.0,0.0,0.0,0.0,0.0,0.0,0.0,0
6947.KL,29/12/2020,0.0,0.0,0.0,0.0,0.0,0.0,0.0,0.0,0.0,0
6947.KL,29/12/2021,0.0,0.0,0.0,0.0,0.0,0.0,0.0,0.0,0.0,0
6947.KL,29/12/2022,-0.944205,0.014913,0.025969,0.959118,0.0,0.0,1.0,0.944205,0.959118,1
6947.KL,29/12/2023,0.0,0.0,0.0,0.0,0.0,0.0,0.0,0.0,0.0,0
6947.KL,29/12/2024,0.0,0.0,0.0,0.0,0.0,0.0,0.0,0.0,0.0,0
6947.KL,29/12/2025,0.0,0.0,0.0,0.0,0.0,0.0,0.0,0.0,0.0,0
6947.KL,29/2/2020,0.0,0.0,0.0,0.0,0.0,0.0,0.0,0.0,0.0,0
6947.KL,29/2/2024,0.267017,0.276942,0.713133,0.009925,1.0,0.0,0.0,0.267017,0.713133,1
6947.KL,29/3/2020,0.0,0.0,0.0,0.0,0.0,0.0,0.0,0.0,0.0,0
6947.KL,29/3/2021,0.0,0.0,0.0,0.0,0.0,0.0,0.0,0.0,0.0,0
6947.KL,29/3/2022,0.0,0.0,0.0,0.0,0.0,0.0,0.0,0.0,0.0,0
6947.KL,29/3/2023,0.068486,0.080105,0.908276,0.011619,0.0,1.0,0.0,0.068486,0.908276,1
6947.KL,29/3/2024,0.0,0.0,0.0,0.0,0.0,0.0,0.0,0.0,0.0,0
6947.KL,29/3/2025,0.0,0.0,0.0,0.0,0.0,0.0,0.0,0.0,0.0,0
6947.KL,29/4/2020,0.0,0.0,0.0,0.0,0.0,0.0,0.0,0.0,0.0,0
6947.KL,29/4/2021,0.0,0.0,0.0,0.0,0.0,0.0,0.0,0.0,0.0,0
6947.KL,29/4/2022,0.013698,0.031237,0.951225,0.017539,0.0,1.0,0.0,0.013698,0.951225,1
6947.KL,29/4/2023,0.048071,0.06069,0.926692,0.012618,0.0,1.0,0.0,0.048071,0.926692,1
6947.KL,29/4/2024,0.0,0.0,0.0,0.0,0.0,0.0,0.0,0.0,0.0,0
6947.KL,29/4/2025,0.0,0.0,0.0,0.0,0.0,0.0,0.0,0.0,0.0,0
6947.KL,29/5/2020,0.087652,0.097136,0.89338,0.009484,0.0,1.0,0.0,0.087652,0.89338,1
6947.KL,29/5/2021,0.0,0.0,0.0,0.0,0.0,0.0,0.0,0.0,0.0,0
6947.KL,29/5/2022,0.0,0.0,0.0,0.0,0.0,0.0,0.0,0.0,0.0,0
6947.KL,29/5/2023,0.0,0.0,0.0,0.0,0.0,0.0,0.0,0.0,0.0,0
6947.KL,29/5/2024,0.059086,0.069952,0.919181,0.010866,0.0,1.0,0.0,0.059086,0.919181,1
6947.KL,29/5/2025,0.03995,0.05271,0.934531,0.012759,0.0,1.0,0.0,0.03995,0.934531,1
6947.KL,29/6/2020,0.0,0.0,0.0,0.0,0.0,0.0,0.0,0.0,0.0,0
6947.KL,29/6/2021,0.0,0.0,0.0,0.0,0.0,0.0,0.0,0.0,0.0,0
6947.KL,29/6/2022,0.129045,0.246061,0.636923,0.117016,1.0,0.0,0.0,0.129045,0.636923,1
6947.KL,29/6/2023,0.0,0.0,0.0,0.0,0.0,0.0,0.0,0.0,0.0,0
6947.KL,29/6/2024,0.090825,0.099027,0.892772,0.008202,0.0,1.0,0.0,0.090825,0.892772,1
6947.KL,29/6/2025,0.0,0.0,0.0,0.0,0.0,0.0,0.0,0.0,0.0,0
6947.KL,29/7/2020,0.843082,0.873618,0.095846,0.030536,1.0,0.0,0.0,0.843082,0.873618,1
6947.KL,29/7/2021,0.571474,0.709618,0.152237,0.138145,1.0,0.0,0.0,0.571474,0.709618,1
6947.KL,29/7/2022,0.206025,0.214994,0.776037,0.008969,1.0,0.0,0.0,0.206025,0.776037,1
6947.KL,29/7/2023,0.0,0.0,0.0,0.0,0.0,0.0,0.0,0.0,0.0,0
6947.KL,29/7/2024,0.0,0.0,0.0,0.0,0.0,0.0,0.0,0.0,0.0,0
6947.KL,29/7/2025,0.877987,0.893862,0.090262,0.015875,1.0,0.0,0.0,0.877987,0.893862,1
6947.KL,29/8/2020,-0.954028,0.010171,0.025631,0.964199,0.0,0.0,1.0,0.954028,0.964199,1
6947.KL,29/8/2021,0.0,0.0,0.0,0.0,0.0,0.0,0.0,0.0,0.0,0
6947.KL,29/8/2022,0.0,0.0,0.0,0.0,0.0,0.0,0.0,0.0,0.0,0
6947.KL,29/8/2023,-0.186093,0.362256,0.089395,0.548349,0.5,0.0,0.5,0.739369,0.824987,2
6947.KL,29/8/2024,0.913077,0.924363,0.06435,0.011287,1.0,0.0,0.0,0.913077,0.924363,1
6947.KL,29/8/2025,0.906363,0.917859,0.070645,0.011496,1.0,0.0,0.0,0.906363,0.917859,1
6947.KL,29/9/2020,0.0,0.0,0.0,0.0,0.0,0.0,0.0,0.0,0.0,0
6947.KL,29/9/2021,0.0,0.0,0.0,0.0,0.0,0.0,0.0,0.0,0.0,0
6947.KL,29/9/2022,0.0,0.0,0.0,0.0,0.0,0.0,0.0,0.0,0.0,0
6947.KL,29/9/2023,0.0,0.0,0.0,0.0,0.0,0.0,0.0,0.0,0.0,0
6947.KL,29/9/2024,0.0,0.0,0.0,0.0,0.0,0.0,0.0,0.0,0.0,0
6947.KL,29/9/2025,0.0,0.0,0.0,0.0,0.0,0.0,0.0,0.0,0.0,0
6947.KL,3/1/2020,0.750003,0.795725,0.158553,0.045722,1.0,0.0,0.0,0.750003,0.795725,1
6947.KL,3/1/2021,0.0,0.0,0.0,0.0,0.0,0.0,0.0,0.0,0.0,0
6947.KL,3/1/2022,-0.95735,0.010452,0.021746,0.967802,0.0,0.0,1.0,0.95735,0.967802,1
6947.KL,3/1/2023,0.530277,0.543275,0.443727,0.012998,1.0,0.0,0.0,0.530277,0.543275,1
6947.KL,3/1/2024,0.0,0.0,0.0,0.0,0.0,0.0,0.0,0.0,0.0,0
6947.KL,3/1/2025,0.0,0.0,0.0,0.0,0.0,0.0,0.0,0.0,0.0,0
6947.KL,3/1/2026,0.0,0.0,0.0,0.0,0.0,0.0,0.0,0.0,0.0,0
6947.KL,3/10/2020,0.0,0.0,0.0,0.0,0.0,0.0,0.0,0.0,0.0,0
6947.KL,3/10/2021,0.0,0.0,0.0,0.0,0.0,0.0,0.0,0.0,0.0,0
6947.KL,3/10/2022,0.094906,0.103439,0.888029,0.008533,0.0,1.0,0.0,0.094906,0.888029,1
6947.KL,3/10/2023,0.0,0.0,0.0,0.0,0.0,0.0,0.0,0.0,0.0,0
6947.KL,3/10/2024,0.0,0.0,0.0,0.0,0.0,0.0,0.0,0.0,0.0,0
6947.KL,3/10/2025,0.0,0.0,0.0,0.0,0.0,0.0,0.0,0.0,0.0,0
6947.KL,3/11/2020,0.0,0.0,0.0,0.0,0.0,0.0,0.0,0.0,0.0,0
6947.KL,3/11/2021,0.0,0.0,0.0,0.0,0.0,0.0,0.0,0.0,0.0,0
6947.KL,3/11/2022,-0.945807,0.018593,0.017008,0.9644,0.0,0.0,1.0,0.945807,0.9644,1
6947.KL,3/11/2023,0.0,0.0,0.0,0.0,0.0,0.0,0.0,0.0,0.0,0
6947.KL,3/11/2024,0.0,0.0,0.0,0.0,0.0,0.0,0.0,0.0,0.0,0
6947.KL,3/11/2025,0.0,0.0,0.0,0.0,0.0,0.0,0.0,0.0,0.0,0
6947.KL,3/12/2020,0.0,0.0,0.0,0.0,0.0,0.0,0.0,0.0,0.0,0
6947.KL,3/12/2021,0.0,0.0,0.0,0.0,0.0,0.0,0.0,0.0,0.0,0
6947.KL,3/12/2022,0.0,0.0,0.0,0.0,0.0,0.0,0.0,0.0,0.0,0
6947.KL,3/12/2023,0.912245,0.931633,0.04898,0.019388,1.0,0.0,0.0,0.912245,0.931633,1
6947.KL,3/12/2024,-0.413203,0.249414,0.087968,0.662617,0.0,0.0,1.0,0.413203,0.662617,1
6947.KL,3/12/2025,0.066072,0.077193,0.911686,0.011121,0.0,1.0,0.0,0.066072,0.911686,1
6947.KL,3/2/2020,0.0,0.0,0.0,0.0,0.0,0.0,0.0,0.0,0.0,0
6947.KL,3/2/2021,0.0,0.0,0.0,0.0,0.0,0.0,0.0,0.0,0.0,0
6947.KL,3/2/2022,0.911193,0.942106,0.026981,0.030913,1.0,0.0,0.0,0.911193,0.942106,1
6947.KL,3/2/2023,-0.066175,0.256008,0.42181,0.322182,0.666667,0.0,0.333333,0.553715,0.725907,3
6947.KL,3/2/2024,0.145929,0.159194,0.827541,0.013265,1.0,0.0,0.0,0.145929,0.827541,1
6947.KL,3/2/2025,0.0,0.0,0.0,0.0,0.0,0.0,0.0,0.0,0.0,0
6947.KL,3/2/2026,0.0,0.0,0.0,0.0,0.0,0.0,0.0,0.0,0.0,0
6947.KL,3/3/2020,0.0,0.0,0.0,0.0,0.0,0.0,0.0,0.0,0.0,0
6947.KL,3/3/2021,0.0,0.0,0.0,0.0,0.0,0.0,0.0,0.0,0.0,0
6947.KL,3/3/2022,0.0,0.0,0.0,0.0,0.0,0.0,0.0,0.0,0.0,0
6947.KL,3/3/2023,-0.902963,0.037666,0.021705,0.940629,0.0,0.0,1.0,0.902963,0.940629,1
6947.KL,3/3/2024,0.0,0.0,0.0,0.0,0.0,0.0,0.0,0.0,0.0,0
6947.KL,3/3/2025,0.0,0.0,0.0,0.0,0.0,0.0,0.0,0.0,0.0,0
6947.KL,3/3/2026,0.0,0.0,0.0,0.0,0.0,0.0,0.0,0.0,0.0,0
6947.KL,3/4/2020,0.0,0.0,0.0,0.0,0.0,0.0,0.0,0.0,0.0,0
6947.KL,3/4/2021,0.0,0.0,0.0,0.0,0.0,0.0,0.0,0.0,0.0,0
6947.KL,3/4/2022,0.0,0.0,0.0,0.0,0.0,0.0,0.0,0.0,0.0,0
6947.KL,3/4/2023,0.0,0.0,0.0,0.0,0.0,0.0,0.0,0.0,0.0,0
6947.KL,3/4/2024,0.0,0.0,0.0,0.0,0.0,0.0,0.0,0.0,0.0,0
6947.KL,3/4/2025,0.0,0.0,0.0,0.0,0.0,0.0,0.0,0.0,0.0,0
6947.KL,3/5/2020,0.0,0.0,0.0,0.0,0.0,0.0,0.0,0.0,0.0,0
6947.KL,3/5/2021,0.0,0.0,0.0,0.0,0.0,0.0,0.0,0.0,0.0,0
6947.KL,3/5/2022,0.007174,0.053764,0.899646,0.04659,0.0,1.0,0.0,0.007174,0.899646,1
6947.KL,3/5/2023,0.903448,0.913245,0.076959,0.009796,1.0,0.0,0.0,0.903448,0.913245,1
6947.KL,3/5/2024,0.024245,0.041714,0.940817,0.017469,0.0,1.0,0.0,0.024245,0.940817,1
6947.KL,3/5/2025,-0.822907,0.064673,0.047747,0.88758,0.0,0.0,1.0,0.822907,0.88758,1
6947.KL,3/6/2020,0.051888,0.0767,0.898487,0.024812,0.0,1.0,0.0,0.051888,0.898487,2
6947.KL,3/6/2021,0.0,0.0,0.0,0.0,0.0,0.0,0.0,0.0,0.0,0
6947.KL,3/6/2022,0.0,0.0,0.0,0.0,0.0,0.0,0.0,0.0,0.0,0
6947.KL,3/6/2023,0.622623,0.781385,0.059854,0.158761,1.0,0.0,0.0,0.622623,0.781385,1
6947.KL,3/6/2024,0.0,0.0,0.0,0.0,0.0,0.0,0.0,0.0,0.0,0
6947.KL,3/6/2025,-0.935444,0.019241,0.026074,0.954685,0.0,0.0,1.0,0.935444,0.954685,1
6947.KL,3/7/2020,-0.036841,0.020818,0.921524,0.057658,0.0,1.0,0.0,0.036841,0.921524,1
6947.KL,3/7/2021,0.0,0.0,0.0,0.0,0.0,0.0,0.0,0.0,0.0,0
6947.KL,3/7/2022,0.0,0.0,0.0,0.0,0.0,0.0,0.0,0.0,0.0,0
6947.KL,3/7/2023,0.0,0.0,0.0,0.0,0.0,0.0,0.0,0.0,0.0,0
6947.KL,3/7/2024,0.0,0.0,0.0,0.0,0.0,0.0,0.0,0.0,0.0,0
6947.KL,3/7/2025,0.0,0.0,0.0,0.0,0.0,0.0,0.0,0.0,0.0,0
6947.KL,3/8/2020,0.0,0.0,0.0,0.0,0.0,0.0,0.0,0.0,0.0,0
6947.KL,3/8/2021,-0.246434,0.133834,0.485897,0.380268,0.0,0.0,1.0,0.246434,0.485897,1
6947.KL,3/8/2022,0.0,0.0,0.0,0.0,0.0,0.0,0.0,0.0,0.0,0
6947.KL,3/8/2023,0.0,0.0,0.0,0.0,0.0,0.0,0.0,0.0,0.0,0
6947.KL,3/8/2024,0.0,0.0,0.0,0.0,0.0,0.0,0.0,0.0,0.0,0
6947.KL,3/8/2025,0.0,0.0,0.0,0.0,0.0,0.0,0.0,0.0,0.0,0
6947.KL,3/9/2020,0.905292,0.93456,0.036173,0.029268,1.0,0.0,0.0,0.905292,0.93456,1
6947.KL,3/9/2021,0.0,0.0,0.0,0.0,0.0,0.0,0.0,0.0,0.0,0
6947.KL,3/9/2022,-0.416964,0.033066,0.516904,0.45003,0.0,0.5,0.5,0.441272,0.89646,2
6947.KL,3/9/2023,0.0,0.0,0.0,0.0,0.0,0.0,0.0,0.0,0.0,0
6947.KL,3/9/2024,0.257457,0.27069,0.716076,0.013233,0.666667,0.333333,0.0,0.257457,0.815097,3
6947.KL,3/9/2025,0.0,0.0,0.0,0.0,0.0,0.0,0.0,0.0,0.0,0
6947.KL,30/1/2020,-0.477188,0.025745,0.471321,0.502934,0.0,0.5,0.5,0.477188,0.932381,2
6947.KL,30/1/2021,0.0,0.0,0.0,0.0,0.0,0.0,0.0,0.0,0.0,0
6947.KL,30/1/2022,0.0,0.0,0.0,0.0,0.0,0.0,0.0,0.0,0.0,0
6947.KL,30/1/2023,0.0,0.0,0.0,0.0,0.0,0.0,0.0,0.0,0.0,0
6947.KL,30/1/2024,0.933684,0.948516,0.036653,0.014832,1.0,0.0,0.0,0.933684,0.948516,1
6947.KL,30/1/2025,0.0,0.0,0.0,0.0,0.0,0.0,0.0,0.0,0.0,0
6947.KL,30/1/2026,0.0,0.0,0.0,0.0,0.0,0.0,0.0,0.0,0.0,0
6947.KL,30/10/2020,0.0,0.0,0.0,0.0,0.0,0.0,0.0,0.0,0.0,0
6947.KL,30/10/2021,0.0,0.0,0.0,0.0,0.0,0.0,0.0,0.0,0.0,0
6947.KL,30/10/2022,0.0,0.0,0.0,0.0,0.0,0.0,0.0,0.0,0.0,0
6947.KL,30/10/2023,0.0,0.0,0.0,0.0,0.0,0.0,0.0,0.0,0.0,0
6947.KL,30/10/2024,0.0,0.0,0.0,0.0,0.0,0.0,0.0,0.0,0.0,0
6947.KL,30/10/2025,0.0,0.0,0.0,0.0,0.0,0.0,0.0,0.0,0.0,0
6947.KL,30/11/2020,0.0,0.0,0.0,0.0,0.0,0.0,0.0,0.0,0.0,0
6947.KL,30/11/2021,0.0,0.0,0.0,0.0,0.0,0.0,0.0,0.0,0.0,0
6947.KL,30/11/2022,0.0,0.0,0.0,0.0,0.0,0.0,0.0,0.0,0.0,0
6947.KL,30/11/2023,0.591323,0.604155,0.383012,0.012832,0.75,0.25,0.0,0.591323,0.825929,4
6947.KL,30/11/2024,0.0,0.0,0.0,0.0,0.0,0.0,0.0,0.0,0.0,0
6947.KL,30/11/2025,0.0,0.0,0.0,0.0,0.0,0.0,0.0,0.0,0.0,0
6947.KL,30/12/2020,0.0,0.0,0.0,0.0,0.0,0.0,0.0,0.0,0.0,0
6947.KL,30/12/2021,0.0,0.0,0.0,0.0,0.0,0.0,0.0,0.0,0.0,0
6947.KL,30/12/2022,0.0,0.0,0.0,0.0,0.0,0.0,0.0,0.0,0.0,0
6947.KL,30/12/2023,0.0,0.0,0.0,0.0,0.0,0.0,0.0,0.0,0.0,0
6947.KL,30/12/2024,0.0,0.0,0.0,0.0,0.0,0.0,0.0,0.0,0.0,0
6947.KL,30/12/2025,0.0,0.0,0.0,0.0,0.0,0.0,0.0,0.0,0.0,0
6947.KL,30/3/2020,0.0,0.0,0.0,0.0,0.0,0.0,0.0,0.0,0.0,0
6947.KL,30/3/2021,-0.49876,0.166838,0.167563,0.665599,0.0,0.0,1.0,0.49876,0.665599,1
6947.KL,30/3/2022,0.0,0.0,0.0,0.0,0.0,0.0,0.0,0.0,0.0,0
6947.KL,30/3/2023,0.0,0.0,0.0,0.0,0.0,0.0,0.0,0.0,0.0,0
6947.KL,30/3/2024,0.0,0.0,0.0,0.0,0.0,0.0,0.0,0.0,0.0,0
6947.KL,30/3/2025,0.0,0.0,0.0,0.0,0.0,0.0,0.0,0.0,0.0,0
6947.KL,30/4/2020,0.0,0.0,0.0,0.0,0.0,0.0,0.0,0.0,0.0,0
6947.KL,30/4/2021,0.078084,0.0983,0.881483,0.020216,0.0,1.0,0.0,0.078084,0.881483,1
6947.KL,30/4/2022,0.855575,0.912245,0.031085,0.05667,1.0,0.0,0.0,0.855575,0.912245,1
6947.KL,30/4/2023,0.0,0.0,0.0,0.0,0.0,0.0,0.0,0.0,0.0,0
6947.KL,30/4/2024,0.0,0.0,0.0,0.0,0.0,0.0,0.0,0.0,0.0,0
6947.KL,30/4/2025,0.48855,0.497087,0.494375,0.008538,1.0,0.0,0.0,0.48855,0.497087,1
6947.KL,30/5/2020,0.896268,0.915935,0.064398,0.019667,1.0,0.0,0.0,0.896268,0.915935,1
6947.KL,30/5/2021,0.0,0.0,0.0,0.0,0.0,0.0,0.0,0.0,0.0,0
6947.KL,30/5/2022,0.0,0.0,0.0,0.0,0.0,0.0,0.0,0.0,0.0,0
6947.KL,30/5/2023,-0.945378,0.011371,0.031881,0.956749,0.0,0.0,1.0,0.945378,0.956749,1
6947.KL,30/5/2024,0.347977,0.360008,0.627961,0.012031,1.0,0.0,0.0,0.347977,0.627961,1
6947.KL,30/5/2025,0.0,0.0,0.0,0.0,0.0,0.0,0.0,0.0,0.0,0
6947.KL,30/6/2020,0.0,0.0,0.0,0.0,0.0,0.0,0.0,0.0,0.0,0
6947.KL,30/6/2021,0.159894,0.178308,0.803277,0.018415,1.0,0.0,0.0,0.159894,0.803277,1
6947.KL,30/6/2022,0.0,0.0,0.0,0.0,0.0,0.0,0.0,0.0,0.0,0
6947.KL,30/6/2023,0.0,0.0,0.0,0.0,0.0,0.0,0.0,0.0,0.0,0
6947.KL,30/6/2024,0.0,0.0,0.0,0.0,0.0,0.0,0.0,0.0,0.0,0
6947.KL,30/6/2025,0.0,0.0,0.0,0.0,0.0,0.0,0.0,0.0,0.0,0
6947.KL,30/7/2020,0.166152,0.177459,0.811235,0.011306,1.0,0.0,0.0,0.166152,0.811235,1
6947.KL,30/7/2021,-0.91906,0.032119,0.016701,0.951179,0.0,0.0,1.0,0.91906,0.951179,1
6947.KL,30/7/2022,0.0,0.0,0.0,0.0,0.0,0.0,0.0,0.0,0.0,0
6947.KL,30/7/2023,0.0,0.0,0.0,0.0,0.0,0.0,0.0,0.0,0.0,0
6947.KL,30/7/2024,0.0,0.0,0.0,0.0,0.0,0.0,0.0,0.0,0.0,0
6947.KL,30/7/2025,0.835713,0.846066,0.143581,0.010353,1.0,0.0,0.0,0.835713,0.846066,1
6947.KL,30/8/2020,0.0,0.0,0.0,0.0,0.0,0.0,0.0,0.0,0.0,0
6947.KL,30/8/2021,0.0,0.0,0.0,0.0,0.0,0.0,0.0,0.0,0.0,0
6947.KL,30/8/2022,0.572105,0.583202,0.405701,0.011097,1.0,0.0,0.0,0.572105,0.776469,2
6947.KL,30/8/2023,-0.000843,0.075641,0.847876,0.076484,0.0,0.75,0.25,0.10627,0.847876,4
6947.KL,30/8/2024,0.879762,0.888746,0.10227,0.008984,1.0,0.0,0.0,0.879762,0.888746,1
6947.KL,30/8/2025,0.0,0.0,0.0,0.0,0.0,0.0,0.0,0.0,0.0,0
6947.KL,30/9/2020,0.886848,0.928667,0.029514,0.041819,1.0,0.0,0.0,0.886848,0.928667,1
6947.KL,30/9/2021,0.0,0.0,0.0,0.0,0.0,0.0,0.0,0.0,0.0,0
6947.KL,30/9/2022,0.0,0.0,0.0,0.0,0.0,0.0,0.0,0.0,0.0,0
6947.KL,30/9/2023,-0.447907,0.019915,0.512263,0.467822,0.0,0.0,1.0,0.447907,0.512263,1
6947.KL,30/9/2024,0.036333,0.055315,0.925702,0.018982,0.0,1.0,0.0,0.036333,0.925702,1
6947.KL,30/9/2025,0.0,0.0,0.0,0.0,0.0,0.0,0.0,0.0,0.0,0
6947.KL,31/1/2020,0.012162,0.032013,0.948137,0.019851,0.0,1.0,0.0,0.012162,0.948137,1
6947.KL,31/1/2021,0.0,0.0,0.0,0.0,0.0,0.0,0.0,0.0,0.0,0
6947.KL,31/1/2022,0.019504,0.035128,0.949249,0.015623,0.0,1.0,0.0,0.019504,0.949249,1
6947.KL,31/1/2023,0.0,0.0,0.0,0.0,0.0,0.0,0.0,0.0,0.0,0
6947.KL,31/1/2024,0.0,0.0,0.0,0.0,0.0,0.0,0.0,0.0,0.0,0
6947.KL,31/1/2025,0.0,0.0,0.0,0.0,0.0,0.0,0.0,0.0,0.0,0
6947.KL,31/1/2026,0.0,0.0,0.0,0.0,0.0,0.0,0.0,0.0,0.0,0
6947.KL,31/10/2020,0.0,0.0,0.0,0.0,0.0,0.0,0.0,0.0,0.0,0
6947.KL,31/10/2021,0.0,0.0,0.0,0.0,0.0,0.0,0.0,0.0,0.0,0
6947.KL,31/10/2022,0.0,0.0,0.0,0.0,0.0,0.0,0.0,0.0,0.0,0
6947.KL,31/10/2023,0.0,0.0,0.0,0.0,0.0,0.0,0.0,0.0,0.0,0
6947.KL,31/10/2024,0.0,0.0,0.0,0.0,0.0,0.0,0.0,0.0,0.0,0
6947.KL,31/10/2025,0.0,0.0,0.0,0.0,0.0,0.0,0.0,0.0,0.0,0
6947.KL,31/12/2020,0.0,0.0,0.0,0.0,0.0,0.0,0.0,0.0,0.0,0
6947.KL,31/12/2021,0.0,0.0,0.0,0.0,0.0,0.0,0.0,0.0,0.0,0
6947.KL,31/12/2022,0.0,0.0,0.0,0.0,0.0,0.0,0.0,0.0,0.0,0
6947.KL,31/12/2023,0.0,0.0,0.0,0.0,0.0,0.0,0.0,0.0,0.0,0
6947.KL,31/12/2024,0.0,0.0,0.0,0.0,0.0,0.0,0.0,0.0,0.0,0
6947.KL,31/12/2025,0.0,0.0,0.0,0.0,0.0,0.0,0.0,0.0,0.0,0
6947.KL,31/3/2020,0.124907,0.142432,0.840043,0.017525,1.0,0.0,0.0,0.124907,0.840043,1
6947.KL,31/3/2021,0.0,0.0,0.0,0.0,0.0,0.0,0.0,0.0,0.0,0
6947.KL,31/3/2022,0.0,0.0,0.0,0.0,0.0,0.0,0.0,0.0,0.0,0
6947.KL,31/3/2023,0.651759,0.794912,0.061935,0.143153,1.0,0.0,0.0,0.651759,0.794912,1
6947.KL,31/3/2024,0.0,0.0,0.0,0.0,0.0,0.0,0.0,0.0,0.0,0
6947.KL,31/3/2025,0.0,0.0,0.0,0.0,0.0,0.0,0.0,0.0,0.0,0
6947.KL,31/5/2020,0.0,0.0,0.0,0.0,0.0,0.0,0.0,0.0,0.0,0
6947.KL,31/5/2021,0.0,0.0,0.0,0.0,0.0,0.0,0.0,0.0,0.0,0
6947.KL,31/5/2022,0.0,0.0,0.0,0.0,0.0,0.0,0.0,0.0,0.0,0
6947.KL,31/5/2023,-0.925083,0.027173,0.02057,0.952257,0.0,0.0,1.0,0.925083,0.952257,1
6947.KL,31/5/2024,0.361358,0.371635,0.618088,0.010277,1.0,0.0,0.0,0.361358,0.618088,1
6947.KL,31/5/2025,0.0,0.0,0.0,0.0,0.0,0.0,0.0,0.0,0.0,0
6947.KL,31/7/2020,0.270315,0.340439,0.589437,0.070124,0.5,0.5,0.0,0.270315,0.747722,2
6947.KL,31/7/2021,-0.959688,0.013417,0.013479,0.973105,0.0,0.0,1.0,0.959688,0.973105,1
6947.KL,31/7/2022,0.0,0.0,0.0,0.0,0.0,0.0,0.0,0.0,0.0,0
6947.KL,31/7/2023,0.0,0.0,0.0,0.0,0.0,0.0,0.0,0.0,0.0,0
6947.KL,31/7/2024,0.070427,0.081377,0.907672,0.010951,0.0,1.0,0.0,0.070427,0.907672,2
6947.KL,31/7/2025,0.0,0.0,0.0,0.0,0.0,0.0,0.0,0.0,0.0,0
6947.KL,31/8/2020,0.0,0.0,0.0,0.0,0.0,0.0,0.0,0.0,0.0,0
6947.KL,31/8/2021,0.0,0.0,0.0,0.0,0.0,0.0,0.0,0.0,0.0,0
6947.KL,31/8/2022,-0.948055,0.014245,0.023455,0.9623,0.0,0.0,1.0,0.948055,0.9623,1
6947.KL,31/8/2023,0.043875,0.054855,0.934165,0.01098,0.0,1.0,0.0,0.043875,0.934165,1
6947.KL,31/8/2024,0.0,0.0,0.0,0.0,0.0,0.0,0.0,0.0,0.0,0
6947.KL,31/8/2025,0.0,0.0,0.0,0.0,0.0,0.0,0.0,0.0,0.0,0
6947.KL,4/1/2020,0.0,0.0,0.0,0.0,0.0,0.0,0.0,0.0,0.0,0
6947.KL,4/1/2021,0.0,0.0,0.0,0.0,0.0,0.0,0.0,0.0,0.0,0
6947.KL,4/1/2022,-0.261342,0.040444,0.657771,0.301786,0.0,0.0,1.0,0.261342,0.657771,1
6947.KL,4/1/2023,0.0,0.0,0.0,0.0,0.0,0.0,0.0,0.0,0.0,0
6947.KL,4/1/2024,0.618119,0.64478,0.32856,0.02666,1.0,0.0,0.0,0.618119,0.64478,1
6947.KL,4/1/2025,0.0,0.0,0.0,0.0,0.0,0.0,0.0,0.0,0.0,0
6947.KL,4/1/2026,0.0,0.0,0.0,0.0,0.0,0.0,0.0,0.0,0.0,0
6947.KL,4/10/2020,0.0,0.0,0.0,0.0,0.0,0.0,0.0,0.0,0.0,0
6947.KL,4/10/2021,0.0,0.0,0.0,0.0,0.0,0.0,0.0,0.0,0.0,0
6947.KL,4/10/2022,0.917783,0.938876,0.040031,0.021093,1.0,0.0,0.0,0.917783,0.938876,1
6947.KL,4/10/2023,0.0,0.0,0.0,0.0,0.0,0.0,0.0,0.0,0.0,0
6947.KL,4/10/2024,0.040924,0.058016,0.924891,0.017092,0.0,1.0,0.0,0.040924,0.924891,1
6947.KL,4/10/2025,0.0,0.0,0.0,0.0,0.0,0.0,0.0,0.0,0.0,0
6947.KL,4/11/2020,0.0,0.0,0.0,0.0,0.0,0.0,0.0,0.0,0.0,0
6947.KL,4/11/2021,0.0,0.0,0.0,0.0,0.0,0.0,0.0,0.0,0.0,0
6947.KL,4/11/2022,0.634867,0.787259,0.060349,0.152392,1.0,0.0,0.0,0.634867,0.787259,1
6947.KL,4/11/2023,0.0,0.0,0.0,0.0,0.0,0.0,0.0,0.0,0.0,0
6947.KL,4/11/2024,0.456718,0.465092,0.526533,0.008375,1.0,0.0,0.0,0.456718,0.526533,1
6947.KL,4/11/2025,0.0,0.0,0.0,0.0,0.0,0.0,0.0,0.0,0.0,0
6947.KL,4/12/2020,0.809798,0.838572,0.132654,0.028774,1.0,0.0,0.0,0.809798,0.838572,2
6947.KL,4/12/2021,0.0,0.0,0.0,0.0,0.0,0.0,0.0,0.0,0.0,0
6947.KL,4/12/2022,0.0,0.0,0.0,0.0,0.0,0.0,0.0,0.0,0.0,0
6947.KL,4/12/2023,0.033923,0.047366,0.939191,0.013443,0.0,1.0,0.0,0.033923,0.939191,1
6947.KL,4/12/2024,-0.910441,0.013142,0.063275,0.923583,0.0,0.0,1.0,0.910441,0.923583,1
6947.KL,4/12/2025,0.0,0.0,0.0,0.0,0.0,0.0,0.0,0.0,0.0,0
6947.KL,4/2/2020,0.065096,0.076974,0.911147,0.011879,0.0,1.0,0.0,0.065096,0.911147,1
6947.KL,4/2/2021,0.0,0.0,0.0,0.0,0.0,0.0,0.0,0.0,0.0,0
6947.KL,4/2/2022,0.0,0.0,0.0,0.0,0.0,0.0,0.0,0.0,0.0,0
6947.KL,4/2/2023,0.0,0.0,0.0,0.0,0.0,0.0,0.0,0.0,0.0,0
6947.KL,4/2/2024,0.0,0.0,0.0,0.0,0.0,0.0,0.0,0.0,0.0,0
6947.KL,4/2/2025,0.0,0.0,0.0,0.0,0.0,0.0,0.0,0.0,0.0,0
6947.KL,4/2/2026,0.0,0.0,0.0,0.0,0.0,0.0,0.0,0.0,0.0,0
6947.KL,4/3/2020,0.0,0.0,0.0,0.0,0.0,0.0,0.0,0.0,0.0,0
6947.KL,4/3/2021,0.0,0.0,0.0,0.0,0.0,0.0,0.0,0.0,0.0,0
6947.KL,4/3/2022,0.0,0.0,0.0,0.0,0.0,0.0,0.0,0.0,0.0,0
6947.KL,4/3/2023,0.0,0.0,0.0,0.0,0.0,0.0,0.0,0.0,0.0,0
6947.KL,4/3/2024,0.0,0.0,0.0,0.0,0.0,0.0,0.0,0.0,0.0,0
6947.KL,4/3/2025,0.0,0.0,0.0,0.0,0.0,0.0,0.0,0.0,0.0,0
6947.KL,4/3/2026,0.0,0.0,0.0,0.0,0.0,0.0,0.0,0.0,0.0,0
6947.KL,4/4/2020,-0.632378,0.168563,0.030496,0.800941,0.0,0.0,1.0,0.632378,0.800941,1
6947.KL,4/4/2021,0.0,0.0,0.0,0.0,0.0,0.0,0.0,0.0,0.0,0
6947.KL,4/4/2022,0.0,0.0,0.0,0.0,0.0,0.0,0.0,0.0,0.0,0
6947.KL,4/4/2023,0.0,0.0,0.0,0.0,0.0,0.0,0.0,0.0,0.0,0
6947.KL,4/4/2024,0.877799,0.92735,0.0231,0.04955,1.0,0.0,0.0,0.877799,0.92735,1
6947.KL,4/4/2025,0.0,0.0,0.0,0.0,0.0,0.0,0.0,0.0,0.0,0
6947.KL,4/5/2020,0.0,0.0,0.0,0.0,0.0,0.0,0.0,0.0,0.0,0
6947.KL,4/5/2021,0.940463,0.953088,0.034286,0.012625,1.0,0.0,0.0,0.940463,0.953088,1
6947.KL,4/5/2022,0.0,0.0,0.0,0.0,0.0,0.0,0.0,0.0,0.0,0
6947.KL,4/5/2023,-0.004605,0.469425,0.056545,0.47403,0.5,0.0,0.5,0.869613,0.906534,2
6947.KL,4/5/2024,0.0,0.0,0.0,0.0,0.0,0.0,0.0,0.0,0.0,0
6947.KL,4/5/2025,0.0,0.0,0.0,0.0,0.0,0.0,0.0,0.0,0.0,0
6947.KL,4/6/2020,-0.551122,0.113292,0.222293,0.664415,0.0,0.0,1.0,0.551122,0.664415,2
6947.KL,4/6/2021,-0.962271,0.011098,0.015533,0.973369,0.0,0.0,1.0,0.962271,0.973369,1
6947.KL,4/6/2022,0.0,0.0,0.0,0.0,0.0,0.0,0.0,0.0,0.0,0
6947.KL,4/6/2023,0.0,0.0,0.0,0.0,0.0,0.0,0.0,0.0,0.0,0
6947.KL,4/6/2024,0.0,0.0,0.0,0.0,0.0,0.0,0.0,0.0,0.0,0
6947.KL,4/6/2025,0.0,0.0,0.0,0.0,0.0,0.0,0.0,0.0,0.0,0
6947.KL,4/7/2020,0.0,0.0,0.0,0.0,0.0,0.0,0.0,0.0,0.0,0
6947.KL,4/7/2021,0.0,0.0,0.0,0.0,0.0,0.0,0.0,0.0,0.0,0
6947.KL,4/7/2022,0.0,0.0,0.0,0.0,0.0,0.0,0.0,0.0,0.0,0
6947.KL,4/7/2023,0.855478,0.861688,0.132102,0.00621,1.0,0.0,0.0,0.855478,0.861688,1
6947.KL,4/7/2024,0.0,0.0,0.0,0.0,0.0,0.0,0.0,0.0,0.0,0
6947.KL,4/7/2025,0.0,0.0,0.0,0.0,0.0,0.0,0.0,0.0,0.0,0
6947.KL,4/8/2020,0.0,0.0,0.0,0.0,0.0,0.0,0.0,0.0,0.0,0
6947.KL,4/8/2021,0.0,0.0,0.0,0.0,0.0,0.0,0.0,0.0,0.0,0
6947.KL,4/8/2022,0.0,0.0,0.0,0.0,0.0,0.0,0.0,0.0,0.0,0
6947.KL,4/8/2023,0.0,0.0,0.0,0.0,0.0,0.0,0.0,0.0,0.0,0
6947.KL,4/8/2024,0.0,0.0,0.0,0.0,0.0,0.0,0.0,0.0,0.0,0
6947.KL,4/8/2025,0.0,0.0,0.0,0.0,0.0,0.0,0.0,0.0,0.0,0
6947.KL,4/9/2020,0.0,0.0,0.0,0.0,0.0,0.0,0.0,0.0,0.0,0
6947.KL,4/9/2021,0.0,0.0,0.0,0.0,0.0,0.0,0.0,0.0,0.0,0
6947.KL,4/9/2022,0.0,0.0,0.0,0.0,0.0,0.0,0.0,0.0,0.0,0
6947.KL,4/9/2023,0.0,0.0,0.0,0.0,0.0,0.0,0.0,0.0,0.0,0
6947.KL,4/9/2024,0.086511,0.098722,0.889067,0.012211,0.5,0.5,0.0,0.086511,0.889067,2
6947.KL,4/9/2025,0.0,0.0,0.0,0.0,0.0,0.0,0.0,0.0,0.0,0
6947.KL,5/1/2020,0.0,0.0,0.0,0.0,0.0,0.0,0.0,0.0,0.0,0
6947.KL,5/1/2021,0.0,0.0,0.0,0.0,0.0,0.0,0.0,0.0,0.0,0
6947.KL,5/1/2022,0.0,0.0,0.0,0.0,0.0,0.0,0.0,0.0,0.0,0
6947.KL,5/1/2023,0.125269,0.13323,0.858808,0.007961,1.0,0.0,0.0,0.125269,0.858808,1
6947.KL,5/1/2024,0.0,0.0,0.0,0.0,0.0,0.0,0.0,0.0,0.0,0
6947.KL,5/1/2025,0.0,0.0,0.0,0.0,0.0,0.0,0.0,0.0,0.0,0
6947.KL,5/1/2026,0.0,0.0,0.0,0.0,0.0,0.0,0.0,0.0,0.0,0
6947.KL,5/10/2020,0.0,0.0,0.0,0.0,0.0,0.0,0.0,0.0,0.0,0
6947.KL,5/10/2021,-0.897847,0.018745,0.064663,0.916592,0.0,0.0,1.0,0.897847,0.916592,1
6947.KL,5/10/2022,0.0,0.0,0.0,0.0,0.0,0.0,0.0,0.0,0.0,0
6947.KL,5/10/2023,0.0,0.0,0.0,0.0,0.0,0.0,0.0,0.0,0.0,0
6947.KL,5/10/2024,0.0,0.0,0.0,0.0,0.0,0.0,0.0,0.0,0.0,0
6947.KL,5/10/2025,0.0,0.0,0.0,0.0,0.0,0.0,0.0,0.0,0.0,0
6947.KL,5/11/2020,0.0,0.0,0.0,0.0,0.0,0.0,0.0,0.0,0.0,0
6947.KL,5/11/2021,0.0,0.0,0.0,0.0,0.0,0.0,0.0,0.0,0.0,0
6947.KL,5/11/2022,0.0,0.0,0.0,0.0,0.0,0.0,0.0,0.0,0.0,0
6947.KL,5/11/2023,0.0,0.0,0.0,0.0,0.0,0.0,0.0,0.0,0.0,0
6947.KL,5/11/2024,0.0,0.0,0.0,0.0,0.0,0.0,0.0,0.0,0.0,0
6947.KL,5/11/2025,0.0,0.0,0.0,0.0,0.0,0.0,0.0,0.0,0.0,0
6947.KL,5/12/2020,0.366404,0.394575,0.577254,0.028171,1.0,0.0,0.0,0.366404,0.577254,1
6947.KL,5/12/2021,0.0,0.0,0.0,0.0,0.0,0.0,0.0,0.0,0.0,0
6947.KL,5/12/2022,-0.790988,0.075751,0.05751,0.866739,0.0,0.0,1.0,0.790988,0.866739,1
6947.KL,5/12/2023,0.0,0.0,0.0,0.0,0.0,0.0,0.0,0.0,0.0,0
6947.KL,5/12/2024,0.0,0.0,0.0,0.0,0.0,0.0,0.0,0.0,0.0,0
6947.KL,5/12/2025,0.0,0.0,0.0,0.0,0.0,0.0,0.0,0.0,0.0,0
6947.KL,5/2/2020,0.0,0.0,0.0,0.0,0.0,0.0,0.0,0.0,0.0,0
6947.KL,5/2/2021,0.0,0.0,0.0,0.0,0.0,0.0,0.0,0.0,0.0,0
6947.KL,5/2/2022,0.0,0.0,0.0,0.0,0.0,0.0,0.0,0.0,0.0,0
6947.KL,5/2/2023,0.0,0.0,0.0,0.0,0.0,0.0,0.0,0.0,0.0,0
6947.KL,5/2/2024,0.0,0.0,0.0,0.0,0.0,0.0,0.0,0.0,0.0,0
6947.KL,5/2/2025,0.0,0.0,0.0,0.0,0.0,0.0,0.0,0.0,0.0,0
6947.KL,5/2/2026,0.03777,0.050558,0.936654,0.012788,0.0,1.0,0.0,0.03777,0.936654,1
6947.KL,5/3/2020,0.0,0.0,0.0,0.0,0.0,0.0,0.0,0.0,0.0,0
6947.KL,5/3/2021,0.0,0.0,0.0,0.0,0.0,0.0,0.0,0.0,0.0,0
6947.KL,5/3/2022,0.0,0.0,0.0,0.0,0.0,0.0,0.0,0.0,0.0,0
6947.KL,5/3/2023,0.0,0.0,0.0,0.0,0.0,0.0,0.0,0.0,0.0,0
6947.KL,5/3/2024,0.906115,0.914198,0.07772,0.008083,1.0,0.0,0.0,0.906115,0.914198,1
6947.KL,5/3/2025,0.0,0.0,0.0,0.0,0.0,0.0,0.0,0.0,0.0,0
6947.KL,5/3/2026,0.0,0.0,0.0,0.0,0.0,0.0,0.0,0.0,0.0,0
6947.KL,5/4/2020,0.0,0.0,0.0,0.0,0.0,0.0,0.0,0.0,0.0,0
6947.KL,5/4/2021,0.0,0.0,0.0,0.0,0.0,0.0,0.0,0.0,0.0,0
6947.KL,5/4/2022,-0.388658,0.144416,0.322509,0.533074,0.0,0.0,1.0,0.388658,0.533074,1
6947.KL,5/4/2023,0.0,0.0,0.0,0.0,0.0,0.0,0.0,0.0,0.0,0
6947.KL,5/4/2024,0.0,0.0,0.0,0.0,0.0,0.0,0.0,0.0,0.0,0
6947.KL,5/4/2025,0.0,0.0,0.0,0.0,0.0,0.0,0.0,0.0,0.0,0
6947.KL,5/5/2020,0.083115,0.290627,0.50186,0.207512,0.0,1.0,0.0,0.083115,0.50186,1
6947.KL,5/5/2021,0.685785,0.693303,0.299179,0.007518,1.0,0.0,0.0,0.685785,0.693303,1
6947.KL,5/5/2022,-0.447506,0.033093,0.486308,0.480599,0.0,0.5,0.5,0.476451,0.944741,2
6947.KL,5/5/2023,0.077364,0.090875,0.895613,0.013512,0.333333,0.666667,0.0,0.077364,0.895613,3
6947.KL,5/5/2024,0.0,0.0,0.0,0.0,0.0,0.0,0.0,0.0,0.0,0
6947.KL,5/5/2025,0.0,0.0,0.0,0.0,0.0,0.0,0.0,0.0,0.0,0
6947.KL,5/6/2020,0.007876,0.027742,0.952392,0.019866,0.0,1.0,0.0,0.007876,0.952392,1
6947.KL,5/6/2021,0.0,0.0,0.0,0.0,0.0,0.0,0.0,0.0,0.0,0
6947.KL,5/6/2022,0.0,0.0,0.0,0.0,0.0,0.0,0.0,0.0,0.0,0
6947.KL,5/6/2023,0.0,0.0,0.0,0.0,0.0,0.0,0.0,0.0,0.0,0
6947.KL,5/6/2024,0.0,0.0,0.0,0.0,0.0,0.0,0.0,0.0,0.0,0
6947.KL,5/6/2025,0.787031,0.871179,0.044672,0.084149,1.0,0.0,0.0,0.787031,0.871179,1
6947.KL,5/7/2020,0.0,0.0,0.0,0.0,0.0,0.0,0.0,0.0,0.0,0
6947.KL,5/7/2021,0.0,0.0,0.0,0.0,0.0,0.0,0.0,0.0,0.0,0
6947.KL,5/7/2022,0.0,0.0,0.0,0.0,0.0,0.0,0.0,0.0,0.0,0
6947.KL,5/7/2023,0.0,0.0,0.0,0.0,0.0,0.0,0.0,0.0,0.0,0
6947.KL,5/7/2024,0.0,0.0,0.0,0.0,0.0,0.0,0.0,0.0,0.0,0
6947.KL,5/7/2025,0.492671,0.500324,0.492023,0.007653,1.0,0.0,0.0,0.492671,0.500324,1
6947.KL,5/8/2020,0.7171,0.753559,0.209981,0.036459,1.0,0.0,0.0,0.7171,0.753559,1
6947.KL,5/8/2021,0.0,0.0,0.0,0.0,0.0,0.0,0.0,0.0,0.0,0
6947.KL,5/8/2022,0.0,0.0,0.0,0.0,0.0,0.0,0.0,0.0,0.0,0
6947.KL,5/8/2023,0.0,0.0,0.0,0.0,0.0,0.0,0.0,0.0,0.0,0
6947.KL,5/8/2024,0.0,0.0,0.0,0.0,0.0,0.0,0.0,0.0,0.0,0
6947.KL,5/8/2025,0.0,0.0,0.0,0.0,0.0,0.0,0.0,0.0,0.0,0
6947.KL,5/9/2020,0.0,0.0,0.0,0.0,0.0,0.0,0.0,0.0,0.0,0
6947.KL,5/9/2021,0.0,0.0,0.0,0.0,0.0,0.0,0.0,0.0,0.0,0
6947.KL,5/9/2022,0.0,0.0,0.0,0.0,0.0,0.0,0.0,0.0,0.0,0
6947.KL,5/9/2023,0.0,0.0,0.0,0.0,0.0,0.0,0.0,0.0,0.0,0
6947.KL,5/9/2024,0.0,0.0,0.0,0.0,0.0,0.0,0.0,0.0,0.0,0
6947.KL,5/9/2025,0.0,0.0,0.0,0.0,0.0,0.0,0.0,0.0,0.0,0
6947.KL,6/1/2020,0.0,0.0,0.0,0.0,0.0,0.0,0.0,0.0,0.0,0
6947.KL,6/1/2021,0.0,0.0,0.0,0.0,0.0,0.0,0.0,0.0,0.0,0
6947.KL,6/1/2022,0.0,0.0,0.0,0.0,0.0,0.0,0.0,0.0,0.0,0
6947.KL,6/1/2023,0.0,0.0,0.0,0.0,0.0,0.0,0.0,0.0,0.0,0
6947.KL,6/1/2024,-0.020824,0.02175,0.935675,0.042574,0.0,1.0,0.0,0.020824,0.935675,1
6947.KL,6/1/2025,0.0,0.0,0.0,0.0,0.0,0.0,0.0,0.0,0.0,0
6947.KL,6/1/2026,0.233573,0.284833,0.663906,0.05126,1.0,0.0,0.0,0.233573,0.663906,1
6947.KL,6/10/2020,0.0,0.0,0.0,0.0,0.0,0.0,0.0,0.0,0.0,0
6947.KL,6/10/2021,0.0,0.0,0.0,0.0,0.0,0.0,0.0,0.0,0.0,0
6947.KL,6/10/2022,-0.046036,0.052732,0.8485,0.098768,0.0,1.0,0.0,0.046036,0.8485,1
6947.KL,6/10/2023,0.0,0.0,0.0,0.0,0.0,0.0,0.0,0.0,0.0,0
6947.KL,6/10/2024,0.0,0.0,0.0,0.0,0.0,0.0,0.0,0.0,0.0,0
6947.KL,6/10/2025,0.0,0.0,0.0,0.0,0.0,0.0,0.0,0.0,0.0,0
6947.KL,6/11/2020,0.0,0.0,0.0,0.0,0.0,0.0,0.0,0.0,0.0,0
6947.KL,6/11/2021,0.0,0.0,0.0,0.0,0.0,0.0,0.0,0.0,0.0,0
6947.KL,6/11/2022,0.0,0.0,0.0,0.0,0.0,0.0,0.0,0.0,0.0,0
6947.KL,6/11/2023,0.0,0.0,0.0,0.0,0.0,0.0,0.0,0.0,0.0,0
6947.KL,6/11/2024,0.0,0.0,0.0,0.0,0.0,0.0,0.0,0.0,0.0,0
6947.KL,6/11/2025,0.0,0.0,0.0,0.0,0.0,0.0,0.0,0.0,0.0,0
6947.KL,6/12/2020,0.0,0.0,0.0,0.0,0.0,0.0,0.0,0.0,0.0,0
6947.KL,6/12/2021,0.0,0.0,0.0,0.0,0.0,0.0,0.0,0.0,0.0,0
6947.KL,6/12/2022,0.0,0.0,0.0,0.0,0.0,0.0,0.0,0.0,0.0,0
6947.KL,6/12/2023,0.0,0.0,0.0,0.0,0.0,0.0,0.0,0.0,0.0,0
6947.KL,6/12/2024,0.0,0.0,0.0,0.0,0.0,0.0,0.0,0.0,0.0,0
6947.KL,6/12/2025,0.0,0.0,0.0,0.0,0.0,0.0,0.0,0.0,0.0,0
6947.KL,6/2/2020,0.0,0.0,0.0,0.0,0.0,0.0,0.0,0.0,0.0,0
6947.KL,6/2/2021,0.0,0.0,0.0,0.0,0.0,0.0,0.0,0.0,0.0,0
6947.KL,6/2/2022,0.0,0.0,0.0,0.0,0.0,0.0,0.0,0.0,0.0,0
6947.KL,6/2/2023,0.0,0.0,0.0,0.0,0.0,0.0,0.0,0.0,0.0,0
6947.KL,6/2/2024,0.0,0.0,0.0,0.0,0.0,0.0,0.0,0.0,0.0,0
6947.KL,6/2/2025,0.0,0.0,0.0,0.0,0.0,0.0,0.0,0.0,0.0,0
6947.KL,6/2/2026,0.348723,0.35774,0.633243,0.009017,1.0,0.0,0.0,0.348723,0.633243,1
6947.KL,6/3/2020,0.794601,0.802686,0.189229,0.008085,1.0,0.0,0.0,0.794601,0.802686,1
6947.KL,6/3/2021,0.0,0.0,0.0,0.0,0.0,0.0,0.0,0.0,0.0,0
6947.KL,6/3/2022,0.0,0.0,0.0,0.0,0.0,0.0,0.0,0.0,0.0,0
6947.KL,6/3/2023,0.0,0.0,0.0,0.0,0.0,0.0,0.0,0.0,0.0,0
6947.KL,6/3/2024,0.479629,0.503946,0.471737,0.024317,0.5,0.5,0.0,0.479629,0.924991,2
6947.KL,6/3/2025,0.91386,0.922613,0.068634,0.008753,1.0,0.0,0.0,0.91386,0.922613,2
6947.KL,6/3/2026,0.0,0.0,0.0,0.0,0.0,0.0,0.0,0.0,0.0,0
6947.KL,6/4/2020,0.065944,0.07714,0.911663,0.011197,0.0,1.0,0.0,0.065944,0.911663,1
6947.KL,6/4/2021,0.0,0.0,0.0,0.0,0.0,0.0,0.0,0.0,0.0,0
6947.KL,6/4/2022,-0.916546,0.030719,0.022017,0.947264,0.0,0.0,1.0,0.916546,0.947264,1
6947.KL,6/4/2023,0.0,0.0,0.0,0.0,0.0,0.0,0.0,0.0,0.0,0
6947.KL,6/4/2024,0.0,0.0,0.0,0.0,0.0,0.0,0.0,0.0,0.0,0
6947.KL,6/4/2025,0.0,0.0,0.0,0.0,0.0,0.0,0.0,0.0,0.0,0
6947.KL,6/5/2020,0.817152,0.889186,0.038779,0.072035,1.0,0.0,0.0,0.817152,0.889186,1
6947.KL,6/5/2021,0.0,0.0,0.0,0.0,0.0,0.0,0.0,0.0,0.0,0
6947.KL,6/5/2022,-0.829727,0.054733,0.060808,0.88446,0.0,0.0,1.0,0.829727,0.88446,1
6947.KL,6/5/2023,0.0,0.0,0.0,0.0,0.0,0.0,0.0,0.0,0.0,0
6947.KL,6/5/2024,0.0,0.0,0.0,0.0,0.0,0.0,0.0,0.0,0.0,0
6947.KL,6/5/2025,0.0,0.0,0.0,0.0,0.0,0.0,0.0,0.0,0.0,0
6947.KL,6/6/2020,0.0,0.0,0.0,0.0,0.0,0.0,0.0,0.0,0.0,0
6947.KL,6/6/2021,0.0,0.0,0.0,0.0,0.0,0.0,0.0,0.0,0.0,0
6947.KL,6/6/2022,0.0,0.0,0.0,0.0,0.0,0.0,0.0,0.0,0.0,0
6947.KL,6/6/2023,0.0,0.0,0.0,0.0,0.0,0.0,0.0,0.0,0.0,0
6947.KL,6/6/2024,0.0,0.0,0.0,0.0,0.0,0.0,0.0,0.0,0.0,0
6947.KL,6/6/2025,0.0,0.0,0.0,0.0,0.0,0.0,0.0,0.0,0.0,0
6947.KL,6/7/2020,0.0,0.0,0.0,0.0,0.0,0.0,0.0,0.0,0.0,0
6947.KL,6/7/2021,0.0,0.0,0.0,0.0,0.0,0.0,0.0,0.0,0.0,0
6947.KL,6/7/2022,0.0,0.0,0.0,0.0,0.0,0.0,0.0,0.0,0.0,0
6947.KL,6/7/2023,-0.951432,0.011376,0.025817,0.962808,0.0,0.0,1.0,0.951432,0.962808,1
6947.KL,6/7/2024,0.0,0.0,0.0,0.0,0.0,0.0,0.0,0.0,0.0,0
6947.KL,6/7/2025,0.0,0.0,0.0,0.0,0.0,0.0,0.0,0.0,0.0,0
6947.KL,6/8/2020,0.0,0.0,0.0,0.0,0.0,0.0,0.0,0.0,0.0,0
6947.KL,6/8/2021,0.068814,0.079142,0.91053,0.010328,0.0,1.0,0.0,0.068814,0.91053,1
6947.KL,6/8/2022,0.0,0.0,0.0,0.0,0.0,0.0,0.0,0.0,0.0,0
6947.KL,6/8/2023,0.0,0.0,0.0,0.0,0.0,0.0,0.0,0.0,0.0,0
6947.KL,6/8/2024,0.0,0.0,0.0,0.0,0.0,0.0,0.0,0.0,0.0,0
6947.KL,6/8/2025,0.0,0.0,0.0,0.0,0.0,0.0,0.0,0.0,0.0,0
6947.KL,6/9/2020,0.0,0.0,0.0,0.0,0.0,0.0,0.0,0.0,0.0,0
6947.KL,6/9/2021,0.0,0.0,0.0,0.0,0.0,0.0,0.0,0.0,0.0,0
6947.KL,6/9/2022,0.863448,0.907435,0.048577,0.043987,1.0,0.0,0.0,0.863448,0.907435,2
6947.KL,6/9/2023,0.0,0.0,0.0,0.0,0.0,0.0,0.0,0.0,0.0,0
6947.KL,6/9/2024,0.0,0.0,0.0,0.0,0.0,0.0,0.0,0.0,0.0,0
6947.KL,6/9/2025,0.0,0.0,0.0,0.0,0.0,0.0,0.0,0.0,0.0,0
6947.KL,7/1/2020,-0.942791,0.014366,0.028476,0.957158,0.0,0.0,1.0,0.942791,0.957158,1
6947.KL,7/1/2021,0.0,0.0,0.0,0.0,0.0,0.0,0.0,0.0,0.0,0
6947.KL,7/1/2022,0.0,0.0,0.0,0.0,0.0,0.0,0.0,0.0,0.0,0
6947.KL,7/1/2023,0.36361,0.37222,0.619171,0.008609,1.0,0.0,0.0,0.36361,0.619171,1
6947.KL,7/1/2024,0.0,0.0,0.0,0.0,0.0,0.0,0.0,0.0,0.0,0
6947.KL,7/1/2025,-0.943522,0.012224,0.03203,0.955746,0.0,0.0,1.0,0.943522,0.955746,1
6947.KL,7/1/2026,-0.882248,0.0339,0.049952,0.916148,0.0,0.0,1.0,0.882248,0.916148,1
6947.KL,7/10/2020,0.107963,0.141969,0.824025,0.034006,1.0,0.0,0.0,0.107963,0.824025,1
6947.KL,7/10/2021,0.0,0.0,0.0,0.0,0.0,0.0,0.0,0.0,0.0,0
6947.KL,7/10/2022,-0.939401,0.021223,0.018153,0.960624,0.0,0.0,1.0,0.939401,0.960624,1
6947.KL,7/10/2023,0.0,0.0,0.0,0.0,0.0,0.0,0.0,0.0,0.0,0
6947.KL,7/10/2024,0.0,0.0,0.0,0.0,0.0,0.0,0.0,0.0,0.0,0
6947.KL,7/10/2025,-0.42203,0.045706,0.486559,0.467736,0.0,0.5,0.5,0.475294,0.924936,2
6947.KL,7/11/2020,0.104473,0.115928,0.872616,0.011455,1.0,0.0,0.0,0.104473,0.872616,1
6947.KL,7/11/2021,0.0,0.0,0.0,0.0,0.0,0.0,0.0,0.0,0.0,0
6947.KL,7/11/2022,0.0,0.0,0.0,0.0,0.0,0.0,0.0,0.0,0.0,0
6947.KL,7/11/2023,0.0,0.0,0.0,0.0,0.0,0.0,0.0,0.0,0.0,0
6947.KL,7/11/2024,-0.101525,0.092558,0.71336,0.194083,0.5,0.0,0.5,0.222197,0.71336,2
6947.KL,7/11/2025,0.0,0.0,0.0,0.0,0.0,0.0,0.0,0.0,0.0,0
6947.KL,7/12/2020,0.0,0.0,0.0,0.0,0.0,0.0,0.0,0.0,0.0,0
6947.KL,7/12/2021,0.0,0.0,0.0,0.0,0.0,0.0,0.0,0.0,0.0,0
6947.KL,7/12/2022,-0.046174,0.105695,0.742437,0.151868,0.333333,0.333333,0.333333,0.184736,0.742437,3
6947.KL,7/12/2023,0.902199,0.924468,0.053263,0.022269,1.0,0.0,0.0,0.902199,0.924468,1
6947.KL,7/12/2024,0.0,0.0,0.0,0.0,0.0,0.0,0.0,0.0,0.0,0
6947.KL,7/12/2025,0.0,0.0,0.0,0.0,0.0,0.0,0.0,0.0,0.0,0
6947.KL,7/2/2020,-0.205669,0.353642,0.087047,0.559311,0.0,0.0,1.0,0.205669,0.559311,1
6947.KL,7/2/2021,0.0,0.0,0.0,0.0,0.0,0.0,0.0,0.0,0.0,0
6947.KL,7/2/2022,0.0,0.0,0.0,0.0,0.0,0.0,0.0,0.0,0.0,0
6947.KL,7/2/2023,0.0,0.0,0.0,0.0,0.0,0.0,0.0,0.0,0.0,0
6947.KL,7/2/2024,0.05016,0.07776,0.89464,0.0276,0.0,1.0,0.0,0.05016,0.89464,2
6947.KL,7/2/2025,0.866444,0.916943,0.032557,0.0505,1.0,0.0,0.0,0.866444,0.916943,1
6947.KL,7/2/2026,0.0,0.0,0.0,0.0,0.0,0.0,0.0,0.0,0.0,0
6947.KL,7/3/2020,0.0,0.0,0.0,0.0,0.0,0.0,0.0,0.0,0.0,0
6947.KL,7/3/2021,0.0,0.0,0.0,0.0,0.0,0.0,0.0,0.0,0.0,0
6947.KL,7/3/2022,0.0,0.0,0.0,0.0,0.0,0.0,0.0,0.0,0.0,0
6947.KL,7/3/2023,-0.247089,0.073273,0.606365,0.320362,0.0,0.0,1.0,0.247089,0.606365,1
6947.KL,7/3/2024,0.44584,0.477146,0.491548,0.031306,0.5,0.5,0.0,0.44584,0.941197,2
6947.KL,7/3/2025,0.036674,0.284764,0.467145,0.248091,0.5,0.25,0.25,0.503936,0.916786,4
6947.KL,7/3/2026,0.255135,0.265918,0.723298,0.010783,0.5,0.5,0.0,0.255135,0.723298,2
6947.KL,7/4/2020,0.0,0.0,0.0,0.0,0.0,0.0,0.0,0.0,0.0,0
6947.KL,7/4/2021,0.0,0.0,0.0,0.0,0.0,0.0,0.0,0.0,0.0,0
6947.KL,7/4/2022,0.0,0.0,0.0,0.0,0.0,0.0,0.0,0.0,0.0,0
6947.KL,7/4/2023,0.0,0.0,0.0,0.0,0.0,0.0,0.0,0.0,0.0,0
6947.KL,7/4/2024,0.0,0.0,0.0,0.0,0.0,0.0,0.0,0.0,0.0,0
6947.KL,7/4/2025,0.0,0.0,0.0,0.0,0.0,0.0,0.0,0.0,0.0,0
6947.KL,7/5/2020,0.0,0.0,0.0,0.0,0.0,0.0,0.0,0.0,0.0,0
6947.KL,7/5/2021,-0.416914,0.245884,0.091318,0.662798,0.0,0.0,1.0,0.416914,0.662798,1
6947.KL,7/5/2022,0.0,0.0,0.0,0.0,0.0,0.0,0.0,0.0,0.0,0
6947.KL,7/5/2023,0.0,0.0,0.0,0.0,0.0,0.0,0.0,0.0,0.0,0
6947.KL,7/5/2024,-0.229565,0.031288,0.707859,0.260853,0.0,0.0,1.0,0.229565,0.707859,1
6947.KL,7/5/2025,0.0,0.0,0.0,0.0,0.0,0.0,0.0,0.0,0.0,0
6947.KL,7/6/2020,0.0,0.0,0.0,0.0,0.0,0.0,0.0,0.0,0.0,0
6947.KL,7/6/2021,0.0,0.0,0.0,0.0,0.0,0.0,0.0,0.0,0.0,0
6947.KL,7/6/2022,0.0,0.0,0.0,0.0,0.0,0.0,0.0,0.0,0.0,0
6947.KL,7/6/2023,0.0,0.0,0.0,0.0,0.0,0.0,0.0,0.0,0.0,0
6947.KL,7/6/2024,0.08079,0.092156,0.896477,0.011366,0.0,1.0,0.0,0.08079,0.896477,1
6947.KL,7/6/2025,-0.042782,0.017,0.923218,0.059782,0.0,1.0,0.0,0.042782,0.923218,1
6947.KL,7/7/2020,0.504491,0.523118,0.458256,0.018627,1.0,0.0,0.0,0.504491,0.881171,2
6947.KL,7/7/2021,0.0,0.0,0.0,0.0,0.0,0.0,0.0,0.0,0.0,0
6947.KL,7/7/2022,0.0,0.0,0.0,0.0,0.0,0.0,0.0,0.0,0.0,0
6947.KL,7/7/2023,0.0,0.0,0.0,0.0,0.0,0.0,0.0,0.0,0.0,0
6947.KL,7/7/2024,0.0,0.0,0.0,0.0,0.0,0.0,0.0,0.0,0.0,0
6947.KL,7/7/2025,0.0,0.0,0.0,0.0,0.0,0.0,0.0,0.0,0.0,0
6947.KL,7/8/2020,0.9164,0.933461,0.049478,0.017061,1.0,0.0,0.0,0.9164,0.933461,1
6947.KL,7/8/2021,0.0,0.0,0.0,0.0,0.0,0.0,0.0,0.0,0.0,0
6947.KL,7/8/2022,0.312756,0.320441,0.671874,0.007685,1.0,0.0,0.0,0.312756,0.671874,1
6947.KL,7/8/2023,0.0,0.0,0.0,0.0,0.0,0.0,0.0,0.0,0.0,0
6947.KL,7/8/2024,0.040923,0.057791,0.925342,0.016868,0.0,1.0,0.0,0.040923,0.925342,1
6947.KL,7/8/2025,0.0,0.0,0.0,0.0,0.0,0.0,0.0,0.0,0.0,0
6947.KL,7/9/2020,0.0,0.0,0.0,0.0,0.0,0.0,0.0,0.0,0.0,0
6947.KL,7/9/2021,0.0,0.0,0.0,0.0,0.0,0.0,0.0,0.0,0.0,0
6947.KL,7/9/2022,0.0,0.0,0.0,0.0,0.0,0.0,0.0,0.0,0.0,0
6947.KL,7/9/2023,0.0,0.0,0.0,0.0,0.0,0.0,0.0,0.0,0.0,0
6947.KL,7/9/2024,0.1943,0.515896,0.162508,0.321596,0.666667,0.0,0.333333,0.810161,0.823827,3
6947.KL,7/9/2025,0.0,0.0,0.0,0.0,0.0,0.0,0.0,0.0,0.0,0
6947.KL,8/1/2020,0.0,0.0,0.0,0.0,0.0,0.0,0.0,0.0,0.0,0
6947.KL,8/1/2021,0.18329,0.194809,0.793672,0.011519,1.0,0.0,0.0,0.18329,0.793672,1
6947.KL,8/1/2022,0.0,0.0,0.0,0.0,0.0,0.0,0.0,0.0,0.0,0
6947.KL,8/1/2023,0.0,0.0,0.0,0.0,0.0,0.0,0.0,0.0,0.0,0
6947.KL,8/1/2024,0.0,0.0,0.0,0.0,0.0,0.0,0.0,0.0,0.0,0
6947.KL,8/1/2025,0.918016,0.927661,0.062693,0.009646,1.0,0.0,0.0,0.918016,0.927661,1
6947.KL,8/1/2026,0.0,0.0,0.0,0.0,0.0,0.0,0.0,0.0,0.0,0
6947.KL,8/10/2020,-0.952435,0.010449,0.026668,0.962883,0.0,0.0,1.0,0.952435,0.962883,1
6947.KL,8/10/2021,0.780257,0.798543,0.183171,0.018286,1.0,0.0,0.0,0.780257,0.798543,1
6947.KL,8/10/2022,0.178208,0.185101,0.808006,0.006893,1.0,0.0,0.0,0.178208,0.808006,1
6947.KL,8/10/2023,0.0,0.0,0.0,0.0,0.0,0.0,0.0,0.0,0.0,0
6947.KL,8/10/2024,-0.3797,0.237498,0.145303,0.617199,0.5,0.0,0.5,0.566716,0.710707,2
6947.KL,8/10/2025,0.173682,0.18797,0.797742,0.014288,1.0,0.0,0.0,0.173682,0.797742,1
6947.KL,8/11/2020,0.0,0.0,0.0,0.0,0.0,0.0,0.0,0.0,0.0,0
6947.KL,8/11/2021,0.0,0.0,0.0,0.0,0.0,0.0,0.0,0.0,0.0,0
6947.KL,8/11/2022,0.0,0.0,0.0,0.0,0.0,0.0,0.0,0.0,0.0,0
6947.KL,8/11/2023,-0.953872,0.009591,0.026945,0.963463,0.0,0.0,1.0,0.953872,0.963463,1
6947.KL,8/11/2024,0.0,0.0,0.0,0.0,0.0,0.0,0.0,0.0,0.0,0
6947.KL,8/11/2025,0.0,0.0,0.0,0.0,0.0,0.0,0.0,0.0,0.0,0
6947.KL,8/12/2020,0.0,0.0,0.0,0.0,0.0,0.0,0.0,0.0,0.0,0
6947.KL,8/12/2021,0.0,0.0,0.0,0.0,0.0,0.0,0.0,0.0,0.0,0
6947.KL,8/12/2022,0.0,0.0,0.0,0.0,0.0,0.0,0.0,0.0,0.0,0
6947.KL,8/12/2023,0.0,0.0,0.0,0.0,0.0,0.0,0.0,0.0,0.0,0
6947.KL,8/12/2024,0.0,0.0,0.0,0.0,0.0,0.0,0.0,0.0,0.0,0
6947.KL,8/12/2025,0.0,0.0,0.0,0.0,0.0,0.0,0.0,0.0,0.0,0
6947.KL,8/2/2020,0.897642,0.931487,0.034667,0.033845,1.0,0.0,0.0,0.897642,0.931487,1
6947.KL,8/2/2021,0.0,0.0,0.0,0.0,0.0,0.0,0.0,0.0,0.0,0
6947.KL,8/2/2022,0.0,0.0,0.0,0.0,0.0,0.0,0.0,0.0,0.0,0
6947.KL,8/2/2023,0.0,0.0,0.0,0.0,0.0,0.0,0.0,0.0,0.0,0
6947.KL,8/2/2024,0.0,0.0,0.0,0.0,0.0,0.0,0.0,0.0,0.0,0
6947.KL,8/2/2025,0.0,0.0,0.0,0.0,0.0,0.0,0.0,0.0,0.0,0
6947.KL,8/2/2026,0.0,0.0,0.0,0.0,0.0,0.0,0.0,0.0,0.0,0
6947.KL,8/3/2020,0.0,0.0,0.0,0.0,0.0,0.0,0.0,0.0,0.0,0
6947.KL,8/3/2021,0.0,0.0,0.0,0.0,0.0,0.0,0.0,0.0,0.0,0
6947.KL,8/3/2022,0.0,0.0,0.0,0.0,0.0,0.0,0.0,0.0,0.0,0
6947.KL,8/3/2023,0.0,0.0,0.0,0.0,0.0,0.0,0.0,0.0,0.0,0
6947.KL,8/3/2024,0.660885,0.667902,0.32508,0.007018,1.0,0.0,0.0,0.660885,0.667902,1
6947.KL,8/3/2025,0.0,0.0,0.0,0.0,0.0,0.0,0.0,0.0,0.0,0
6947.KL,8/3/2026,0.0,0.0,0.0,0.0,0.0,0.0,0.0,0.0,0.0,0
6947.KL,8/4/2020,-0.848196,0.0665,0.018805,0.914696,0.0,0.0,1.0,0.848196,0.914696,1
6947.KL,8/4/2021,0.605849,0.619108,0.367633,0.013259,1.0,0.0,0.0,0.605849,0.619108,1
6947.KL,8/4/2022,0.0,0.0,0.0,0.0,0.0,0.0,0.0,0.0,0.0,0
6947.KL,8/4/2023,0.0,0.0,0.0,0.0,0.0,0.0,0.0,0.0,0.0,0
6947.KL,8/4/2024,0.0,0.0,0.0,0.0,0.0,0.0,0.0,0.0,0.0,0
6947.KL,8/4/2025,0.0,0.0,0.0,0.0,0.0,0.0,0.0,0.0,0.0,0
6947.KL,8/5/2020,0.0,0.0,0.0,0.0,0.0,0.0,0.0,0.0,0.0,0
6947.KL,8/5/2021,0.750119,0.760831,0.228456,0.010712,1.0,0.0,0.0,0.750119,0.760831,1
6947.KL,8/5/2022,0.0,0.0,0.0,0.0,0.0,0.0,0.0,0.0,0.0,0
6947.KL,8/5/2023,0.0,0.0,0.0,0.0,0.0,0.0,0.0,0.0,0.0,0
6947.KL,8/5/2024,0.908876,0.941258,0.026359,0.032382,1.0,0.0,0.0,0.908876,0.941258,1
6947.KL,8/5/2025,0.614579,0.622959,0.368661,0.00838,1.0,0.0,0.0,0.614579,0.622959,1
6947.KL,8/6/2020,0.0,0.0,0.0,0.0,0.0,0.0,0.0,0.0,0.0,0
6947.KL,8/6/2021,0.0,0.0,0.0,0.0,0.0,0.0,0.0,0.0,0.0,0
6947.KL,8/6/2022,0.0,0.0,0.0,0.0,0.0,0.0,0.0,0.0,0.0,0
6947.KL,8/6/2023,0.0,0.0,0.0,0.0,0.0,0.0,0.0,0.0,0.0,0
6947.KL,8/6/2024,0.0,0.0,0.0,0.0,0.0,0.0,0.0,0.0,0.0,0
6947.KL,8/6/2025,0.033358,0.050681,0.931995,0.017323,0.0,1.0,0.0,0.033358,0.931995,1
6947.KL,8/7/2020,-0.182876,0.214223,0.388677,0.397099,0.0,0.0,1.0,0.182876,0.612393,2
6947.KL,8/7/2021,0.0,0.0,0.0,0.0,0.0,0.0,0.0,0.0,0.0,0
6947.KL,8/7/2022,0.0,0.0,0.0,0.0,0.0,0.0,0.0,0.0,0.0,0
6947.KL,8/7/2023,-0.94003,0.011958,0.036054,0.951988,0.0,0.0,1.0,0.94003,0.951988,1
6947.KL,8/7/2024,0.073015,0.089155,0.894705,0.01614,0.0,1.0,0.0,0.073015,0.894705,1
6947.KL,8/7/2025,0.768456,0.775442,0.217573,0.006985,1.0,0.0,0.0,0.768456,0.775442,1
6947.KL,8/8/2020,0.0,0.0,0.0,0.0,0.0,0.0,0.0,0.0,0.0,0
6947.KL,8/8/2021,0.0,0.0,0.0,0.0,0.0,0.0,0.0,0.0,0.0,0
6947.KL,8/8/2022,0.306245,0.514995,0.276256,0.20875,0.5,0.5,0.0,0.37088,0.547312,2
6947.KL,8/8/2023,0.782866,0.789231,0.204405,0.006364,1.0,0.0,0.0,0.782866,0.789231,1
6947.KL,8/8/2024,0.404152,0.414072,0.576008,0.00992,0.5,0.5,0.0,0.404152,0.856843,2
6947.KL,8/8/2025,0.0,0.0,0.0,0.0,0.0,0.0,0.0,0.0,0.0,0
6947.KL,8/9/2020,0.0,0.0,0.0,0.0,0.0,0.0,0.0,0.0,0.0,0
6947.KL,8/9/2021,0.0,0.0,0.0,0.0,0.0,0.0,0.0,0.0,0.0,0
6947.KL,8/9/2022,0.0,0.0,0.0,0.0,0.0,0.0,0.0,0.0,0.0,0
6947.KL,8/9/2023,-0.018207,0.424834,0.132126,0.44304,0.5,0.0,0.5,0.845169,0.856521,2
6947.KL,8/9/2024,0.0,0.0,0.0,0.0,0.0,0.0,0.0,0.0,0.0,0
6947.KL,8/9/2025,0.531753,0.747345,0.037063,0.215592,1.0,0.0,0.0,0.531753,0.747345,1
6947.KL,9/1/2020,-0.440706,0.264252,0.03079,0.704958,0.0,0.5,0.5,0.509055,0.739132,2
6947.KL,9/1/2021,0.0,0.0,0.0,0.0,0.0,0.0,0.0,0.0,0.0,0
6947.KL,9/1/2022,0.0,0.0,0.0,0.0,0.0,0.0,0.0,0.0,0.0,0
6947.KL,9/1/2023,0.0,0.0,0.0,0.0,0.0,0.0,0.0,0.0,0.0,0
6947.KL,9/1/2024,0.0,0.0,0.0,0.0,0.0,0.0,0.0,0.0,0.0,0
6947.KL,9/1/2025,0.367101,0.382808,0.601485,0.015707,0.5,0.5,0.0,0.367101,0.82519,2
6947.KL,9/1/2026,0.0,0.0,0.0,0.0,0.0,0.0,0.0,0.0,0.0,0
6947.KL,9/10/2020,0.0,0.0,0.0,0.0,0.0,0.0,0.0,0.0,0.0,0
6947.KL,9/10/2021,0.0,0.0,0.0,0.0,0.0,0.0,0.0,0.0,0.0,0
6947.KL,9/10/2022,0.0,0.0,0.0,0.0,0.0,0.0,0.0,0.0,0.0,0
6947.KL,9/10/2023,-0.213094,0.205014,0.376877,0.418108,0.5,0.0,0.5,0.453009,0.779951,2
6947.KL,9/10/2024,0.0,0.0,0.0,0.0,0.0,0.0,0.0,0.0,0.0,0
6947.KL,9/10/2025,0.0,0.0,0.0,0.0,0.0,0.0,0.0,0.0,0.0,0
6947.KL,9/11/2020,0.0,0.0,0.0,0.0,0.0,0.0,0.0,0.0,0.0,0
6947.KL,9/11/2021,0.0,0.0,0.0,0.0,0.0,0.0,0.0,0.0,0.0,0
6947.KL,9/11/2022,0.416649,0.483357,0.449935,0.066708,1.0,0.0,0.0,0.416649,0.779315,2
6947.KL,9/11/2023,0.0,0.0,0.0,0.0,0.0,0.0,0.0,0.0,0.0,0
6947.KL,9/11/2024,0.354911,0.370553,0.613805,0.015642,0.666667,0.333333,0.0,0.354911,0.911174,3
6947.KL,9/11/2025,0.515997,0.528398,0.459202,0.012401,1.0,0.0,0.0,0.515997,0.528398,1
6947.KL,9/12/2020,-0.944766,0.016021,0.023192,0.960787,0.0,0.0,1.0,0.944766,0.960787,1
6947.KL,9/12/2021,0.849721,0.91058,0.028562,0.060859,1.0,0.0,0.0,0.849721,0.91058,1
6947.KL,9/12/2022,0.058202,0.069161,0.919881,0.010958,0.0,1.0,0.0,0.058202,0.919881,1
6947.KL,9/12/2023,0.0,0.0,0.0,0.0,0.0,0.0,0.0,0.0,0.0,0
6947.KL,9/12/2024,0.0,0.0,0.0,0.0,0.0,0.0,0.0,0.0,0.0,0
6947.KL,9/12/2025,0.0,0.0,0.0,0.0,0.0,0.0,0.0,0.0,0.0,0
6947.KL,9/2/2020,0.0,0.0,0.0,0.0,0.0,0.0,0.0,0.0,0.0,0
6947.KL,9/2/2021,0.0,0.0,0.0,0.0,0.0,0.0,0.0,0.0,0.0,0
6947.KL,9/2/2022,0.882652,0.917846,0.046959,0.035195,1.0,0.0,0.0,0.882652,0.917846,2
6947.KL,9/2/2023,0.0,0.0,0.0,0.0,0.0,0.0,0.0,0.0,0.0,0
6947.KL,9/2/2024,0.0,0.0,0.0,0.0,0.0,0.0,0.0,0.0,0.0,0
6947.KL,9/2/2025,0.0,0.0,0.0,0.0,0.0,0.0,0.0,0.0,0.0,0
6947.KL,9/2/2026,0.0,0.0,0.0,0.0,0.0,0.0,0.0,0.0,0.0,0
6947.KL,9/3/2020,-0.015898,0.049922,0.884258,0.06582,0.0,1.0,0.0,0.015898,0.884258,1
6947.KL,9/3/2021,0.0,0.0,0.0,0.0,0.0,0.0,0.0,0.0,0.0,0
6947.KL,9/3/2022,0.0,0.0,0.0,0.0,0.0,0.0,0.0,0.0,0.0,0
6947.KL,9/3/2023,0.0,0.0,0.0,0.0,0.0,0.0,0.0,0.0,0.0,0
6947.KL,9/3/2024,0.0,0.0,0.0,0.0,0.0,0.0,0.0,0.0,0.0,0
6947.KL,9/3/2025,0.0,0.0,0.0,0.0,0.0,0.0,0.0,0.0,0.0,0
6947.KL,9/3/2026,0.058797,0.070234,0.918329,0.011437,0.0,1.0,0.0,0.058797,0.918329,1
6947.KL,9/4/2020,0.300364,0.589611,0.121142,0.289247,1.0,0.0,0.0,0.300364,0.589611,1
6947.KL,9/4/2021,0.209546,0.278237,0.653073,0.068691,0.333333,0.666667,0.0,0.226208,0.871616,6
6947.KL,9/4/2022,-0.812964,0.022559,0.141919,0.835523,0.0,0.0,1.0,0.812964,0.835523,1
6947.KL,9/4/2023,0.0,0.0,0.0,0.0,0.0,0.0,0.0,0.0,0.0,0
6947.KL,9/4/2024,0.0,0.0,0.0,0.0,0.0,0.0,0.0,0.0,0.0,0
6947.KL,9/4/2025,0.0,0.0,0.0,0.0,0.0,0.0,0.0,0.0,0.0,0
6947.KL,9/5/2020,0.930177,0.949044,0.032088,0.018868,1.0,0.0,0.0,0.930177,0.949044,1
6947.KL,9/5/2021,0.0,0.0,0.0,0.0,0.0,0.0,0.0,0.0,0.0,0
6947.KL,9/5/2022,0.0,0.0,0.0,0.0,0.0,0.0,0.0,0.0,0.0,0
6947.KL,9/5/2023,0.116941,0.126792,0.863356,0.009851,1.0,0.0,0.0,0.116941,0.863356,1
6947.KL,9/5/2024,0.03986,0.065103,0.909654,0.025243,0.0,1.0,0.0,0.045432,0.909654,2
6947.KL,9/5/2025,0.0,0.0,0.0,0.0,0.0,0.0,0.0,0.0,0.0,0
6947.KL,9/6/2020,0.0,0.0,0.0,0.0,0.0,0.0,0.0,0.0,0.0,0
6947.KL,9/6/2021,0.0,0.0,0.0,0.0,0.0,0.0,0.0,0.0,0.0,0
6947.KL,9/6/2022,0.0,0.0,0.0,0.0,0.0,0.0,0.0,0.0,0.0,0
6947.KL,9/6/2023,0.061702,0.0721,0.917501,0.010398,0.0,1.0,0.0,0.061702,0.917501,1
6947.KL,9/6/2024,0.0,0.0,0.0,0.0,0.0,0.0,0.0,0.0,0.0,0
6947.KL,9/6/2025,0.078516,0.093462,0.891592,0.014946,0.0,1.0,0.0,0.078516,0.891592,1
6947.KL,9/7/2020,0.0,0.0,0.0,0.0,0.0,0.0,0.0,0.0,0.0,0
6947.KL,9/7/2021,0.0,0.0,0.0,0.0,0.0,0.0,0.0,0.0,0.0,0
6947.KL,9/7/2022,0.0,0.0,0.0,0.0,0.0,0.0,0.0,0.0,0.0,0
6947.KL,9/7/2023,0.0,0.0,0.0,0.0,0.0,0.0,0.0,0.0,0.0,0
6947.KL,9/7/2024,0.0,0.0,0.0,0.0,0.0,0.0,0.0,0.0,0.0,0
6947.KL,9/7/2025,0.0,0.0,0.0,0.0,0.0,0.0,0.0,0.0,0.0,0
6947.KL,9/8/2020,0.0,0.0,0.0,0.0,0.0,0.0,0.0,0.0,0.0,0
6947.KL,9/8/2021,0.0,0.0,0.0,0.0,0.0,0.0,0.0,0.0,0.0,0
6947.KL,9/8/2022,0.0,0.0,0.0,0.0,0.0,0.0,0.0,0.0,0.0,0
6947.KL,9/8/2023,0.0,0.0,0.0,0.0,0.0,0.0,0.0,0.0,0.0,0
6947.KL,9/8/2024,0.0,0.0,0.0,0.0,0.0,0.0,0.0,0.0,0.0,0
6947.KL,9/8/2025,0.0,0.0,0.0,0.0,0.0,0.0,0.0,0.0,0.0,0
6947.KL,9/9/2020,0.0,0.0,0.0,0.0,0.0,0.0,0.0,0.0,0.0,0
6947.KL,9/9/2021,0.929588,0.940232,0.049124,0.010644,1.0,0.0,0.0,0.929588,0.940232,1
6947.KL,9/9/2022,0.0,0.0,0.0,0.0,0.0,0.0,0.0,0.0,0.0,0
6947.KL,9/9/2023,0.0,0.0,0.0,0.0,0.0,0.0,0.0,0.0,0.0,0
6947.KL,9/9/2024,0.0,0.0,0.0,0.0,0.0,0.0,0.0,0.0,0.0,0
6947.KL,9/9/2025,0.0,0.0,0.0,0.0,0.0,0.0,0.0,0.0,0.0,0
