ticker,trading_day,sentiment_score_title,prob_pos_title,prob_neu_title,prob_neg_title,dir_positive_title,dir_neutral_title,dir_negative_title,confidence_title,strength_title,article_count
1023.KL,1/1/2020,0.0,0.0,0.0,0.0,0.0,0.0,0.0,0.0,0.0,0
1023.KL,1/1/2021,-0.537605,0.179893,0.102608,0.717498,0.0,0.0,1.0,0.537605,0.717498,1
1023.KL,1/1/2022,0.846712,0.908061,0.03059,0.061349,1.0,0.0,0.0,0.846712,0.908061,1
1023.KL,1/1/2023,0.0,0.0,0.0,0.0,0.0,0.0,0.0,0.0,0.0,0
1023.KL,1/1/2024,0.0,0.0,0.0,0.0,0.0,0.0,0.0,0.0,0.0,0
1023.KL,1/1/2025,0.427672,0.637166,0.15334,0.209494,0.666667,0.0,0.333333,0.778005,0.812332,3
1023.KL,1/1/2026,-0.648216,0.160622,0.030539,0.808839,0.0,0.0,1.0,0.648216,0.808839,1
1023.KL,1/10/2020,0.169747,0.504062,0.161622,0.334316,1.0,0.0,0.0,0.169747,0.504062,1
1023.KL,1/10/2021,0.360003,0.383637,0.592729,0.023634,0.666667,0.333333,0.0,0.360003,0.872378,3
1023.KL,1/10/2022,-0.955194,0.010518,0.02377,0.965712,0.0,0.0,1.0,0.955194,0.965712,1
1023.KL,1/10/2023,0.0,0.0,0.0,0.0,0.0,0.0,0.0,0.0,0.0,0
1023.KL,1/10/2024,-0.009534,0.484047,0.022373,0.49358,0.5,0.0,0.5,0.943425,0.960526,2
1023.KL,1/10/2025,0.694959,0.717184,0.260591,0.022225,1.0,0.0,0.0,0.694959,0.717184,1
1023.KL,1/11/2020,0.0,0.0,0.0,0.0,0.0,0.0,0.0,0.0,0.0,0
1023.KL,1/11/2021,-0.952721,0.018123,0.011034,0.970844,0.0,0.0,1.0,0.952721,0.970844,2
1023.KL,1/11/2022,0.0,0.0,0.0,0.0,0.0,0.0,0.0,0.0,0.0,0
1023.KL,1/11/2023,0.257496,0.265011,0.727474,0.007515,1.0,0.0,0.0,0.257496,0.727474,1
1023.KL,1/11/2024,-0.951412,0.012546,0.023495,0.963959,0.0,0.0,1.0,0.951412,0.963959,1
1023.KL,1/11/2025,0.440338,0.464579,0.511179,0.024242,1.0,0.0,0.0,0.440338,0.511179,1
1023.KL,1/12/2020,0.0,0.0,0.0,0.0,0.0,0.0,0.0,0.0,0.0,0
1023.KL,1/12/2021,-0.325182,0.131732,0.411353,0.456915,0.25,0.25,0.5,0.541543,0.832072,4
1023.KL,1/12/2022,0.026598,0.04064,0.945318,0.014042,0.0,1.0,0.0,0.026598,0.945318,1
1023.KL,1/12/2023,0.385469,0.477191,0.431086,0.091722,0.5,0.25,0.25,0.483383,0.870287,4
1023.KL,1/12/2024,0.0,0.0,0.0,0.0,0.0,0.0,0.0,0.0,0.0,0
1023.KL,1/12/2025,0.179809,0.463313,0.253183,0.283504,0.5,0.25,0.25,0.661565,0.916539,4
1023.KL,1/2/2020,-0.916362,0.031615,0.020408,0.947977,0.0,0.0,1.0,0.916362,0.947977,2
1023.KL,1/2/2021,0.546295,0.609902,0.32649,0.063607,1.0,0.0,0.0,0.546295,0.609902,1
1023.KL,1/2/2022,0.0,0.0,0.0,0.0,0.0,0.0,0.0,0.0,0.0,0
1023.KL,1/2/2023,0.904349,0.93832,0.027709,0.033971,1.0,0.0,0.0,0.904349,0.93832,1
1023.KL,1/2/2024,0.121765,0.137023,0.84772,0.015257,1.0,0.0,0.0,0.121765,0.84772,1
1023.KL,1/2/2025,0.916247,0.944452,0.027343,0.028205,1.0,0.0,0.0,0.916247,0.944452,1
1023.KL,1/2/2026,0.0,0.0,0.0,0.0,0.0,0.0,0.0,0.0,0.0,0
1023.KL,1/3/2020,0.0,0.0,0.0,0.0,0.0,0.0,0.0,0.0,0.0,0
1023.KL,1/3/2021,0.020169,0.035205,0.94976,0.015036,0.0,1.0,0.0,0.020169,0.94976,1
1023.KL,1/3/2022,-0.249356,0.042453,0.665738,0.291809,0.0,0.666667,0.333333,0.280733,0.892477,3
1023.KL,1/3/2023,0.043142,0.065531,0.912081,0.022389,0.0,1.0,0.0,0.043142,0.912081,1
1023.KL,1/3/2024,-0.285787,0.04774,0.618732,0.333528,0.0,0.666667,0.333333,0.353179,0.936646,3
1023.KL,1/3/2025,-0.157552,0.366684,0.109081,0.524236,0.5,0.0,0.5,0.656767,0.773843,2
1023.KL,1/3/2026,0.0,0.0,0.0,0.0,0.0,0.0,0.0,0.0,0.0,0
1023.KL,1/4/2020,-0.468189,0.036761,0.458288,0.50495,0.0,0.5,0.5,0.491554,0.937964,2
1023.KL,1/4/2021,-0.018965,0.46714,0.046754,0.486105,0.5,0.0,0.5,0.92725,0.940248,2
1023.KL,1/4/2022,0.891519,0.9021,0.087319,0.010581,1.0,0.0,0.0,0.891519,0.9021,1
1023.KL,1/4/2023,-0.955688,0.010657,0.022997,0.966346,0.0,0.0,1.0,0.955688,0.966346,1
1023.KL,1/4/2024,-0.166871,0.134099,0.564931,0.30097,0.666667,0.0,0.333333,0.328104,0.746811,3
1023.KL,1/4/2025,0.0,0.0,0.0,0.0,0.0,0.0,0.0,0.0,0.0,0
1023.KL,1/5/2020,-0.082591,0.032585,0.852239,0.115176,0.0,1.0,0.0,0.082591,0.852239,1
1023.KL,1/5/2021,0.0,0.0,0.0,0.0,0.0,0.0,0.0,0.0,0.0,0
1023.KL,1/5/2022,0.0,0.0,0.0,0.0,0.0,0.0,0.0,0.0,0.0,0
1023.KL,1/5/2023,0.0,0.0,0.0,0.0,0.0,0.0,0.0,0.0,0.0,0
1023.KL,1/5/2024,0.926276,0.949724,0.026828,0.023448,1.0,0.0,0.0,0.926276,0.949724,1
1023.KL,1/5/2025,0.150262,0.196537,0.757189,0.046275,0.5,0.5,0.0,0.155035,0.763193,4
1023.KL,1/6/2020,0.0,0.0,0.0,0.0,0.0,0.0,0.0,0.0,0.0,0
1023.KL,1/6/2021,0.633476,0.681161,0.271153,0.047685,0.75,0.25,0.0,0.633476,0.901336,4
1023.KL,1/6/2022,0.200756,0.453509,0.293737,0.252753,0.5,0.25,0.25,0.630926,0.895765,4
1023.KL,1/6/2023,-0.147029,0.26036,0.332251,0.407389,0.25,0.25,0.5,0.595288,0.855716,4
1023.KL,1/6/2024,-0.187178,0.0493,0.714223,0.236478,0.0,0.0,1.0,0.187178,0.714223,1
1023.KL,1/6/2025,0.0,0.0,0.0,0.0,0.0,0.0,0.0,0.0,0.0,0
1023.KL,1/7/2020,-0.663769,0.01974,0.296751,0.683509,0.0,0.0,1.0,0.663769,0.683509,1
1023.KL,1/7/2021,0.053275,0.34918,0.354915,0.295905,0.4,0.2,0.4,0.588135,0.791032,5
1023.KL,1/7/2022,-0.019929,0.356702,0.266666,0.376632,0.5,0.0,0.5,0.512045,0.622689,2
1023.KL,1/7/2023,0.0,0.0,0.0,0.0,0.0,0.0,0.0,0.0,0.0,0
1023.KL,1/7/2024,-0.014726,0.042064,0.901147,0.056789,0.0,1.0,0.0,0.050567,0.901147,2
1023.KL,1/7/2025,0.051522,0.2639,0.523721,0.212379,0.6,0.2,0.2,0.412752,0.85498,5
1023.KL,1/8/2020,0.0,0.0,0.0,0.0,0.0,0.0,0.0,0.0,0.0,0
1023.KL,1/8/2021,0.0,0.0,0.0,0.0,0.0,0.0,0.0,0.0,0.0,0
1023.KL,1/8/2022,0.331233,0.363372,0.60449,0.032138,0.5,0.5,0.0,0.331233,0.786596,2
1023.KL,1/8/2023,0.691822,0.815183,0.061457,0.12336,1.0,0.0,0.0,0.691822,0.815183,3
1023.KL,1/8/2024,-0.008564,0.032048,0.927339,0.040613,0.0,1.0,0.0,0.026177,0.927339,2
1023.KL,1/8/2025,0.851888,0.905042,0.041804,0.053154,1.0,0.0,0.0,0.851888,0.905042,2
1023.KL,1/9/2020,0.048723,0.061337,0.92605,0.012613,0.0,1.0,0.0,0.048723,0.92605,1
1023.KL,1/9/2021,0.316323,0.593131,0.130061,0.276808,0.666667,0.0,0.333333,0.695599,0.782769,3
1023.KL,1/9/2022,-0.412116,0.077183,0.433518,0.489299,0.5,0.0,0.5,0.541965,0.90985,2
1023.KL,1/9/2023,0.053601,0.065263,0.923075,0.011662,0.0,1.0,0.0,0.053601,0.923075,1
1023.KL,1/9/2024,0.0,0.0,0.0,0.0,0.0,0.0,0.0,0.0,0.0,0
1023.KL,1/9/2025,0.0,0.0,0.0,0.0,0.0,0.0,0.0,0.0,0.0,0
1023.KL,10/1/2020,-0.051493,0.450313,0.04788,0.501806,0.5,0.0,0.5,0.895829,0.923974,2
1023.KL,10/1/2021,0.0,0.0,0.0,0.0,0.0,0.0,0.0,0.0,0.0,0
1023.KL,10/1/2022,-0.00983,0.039757,0.910656,0.049587,0.0,1.0,0.0,0.00983,0.910656,1
1023.KL,10/1/2023,0.0,0.0,0.0,0.0,0.0,0.0,0.0,0.0,0.0,0
1023.KL,10/1/2024,0.79587,0.842064,0.111742,0.046194,1.0,0.0,0.0,0.79587,0.842064,1
1023.KL,10/1/2025,0.111495,0.528662,0.05417,0.417167,0.5,0.0,0.5,0.794049,0.86994,2
1023.KL,10/1/2026,0.012966,0.074843,0.86328,0.061877,0.0,1.0,0.0,0.012966,0.86328,1
1023.KL,10/10/2020,0.696334,0.743907,0.208521,0.047573,1.0,0.0,0.0,0.696334,0.743907,1
1023.KL,10/10/2021,0.0,0.0,0.0,0.0,0.0,0.0,0.0,0.0,0.0,0
1023.KL,10/10/2022,0.0,0.0,0.0,0.0,0.0,0.0,0.0,0.0,0.0,0
1023.KL,10/10/2023,0.0,0.0,0.0,0.0,0.0,0.0,0.0,0.0,0.0,0
1023.KL,10/10/2024,0.0084,0.491128,0.026144,0.482728,0.5,0.0,0.5,0.859701,0.916778,2
1023.KL,10/10/2025,-0.938679,0.010255,0.040811,0.948934,0.0,0.0,1.0,0.938679,0.948934,1
1023.KL,10/11/2020,-0.790824,0.055568,0.09804,0.846392,0.0,0.0,1.0,0.790824,0.846392,1
1023.KL,10/11/2021,0.705758,0.721934,0.261889,0.016177,1.0,0.0,0.0,0.705758,0.721934,2
1023.KL,10/11/2022,0.628562,0.706578,0.215405,0.078016,1.0,0.0,0.0,0.628562,0.84685,4
1023.KL,10/11/2023,-0.432319,0.034921,0.497838,0.467241,0.0,0.5,0.5,0.432319,0.85138,2
1023.KL,10/11/2024,0.0,0.0,0.0,0.0,0.0,0.0,0.0,0.0,0.0,0
1023.KL,10/11/2025,-0.012518,0.426213,0.135056,0.438731,0.5,0.0,0.5,0.815952,0.840448,2
1023.KL,10/12/2020,0.704913,0.816292,0.07233,0.111379,1.0,0.0,0.0,0.704913,0.816292,4
1023.KL,10/12/2021,-0.44198,0.121195,0.31563,0.563175,0.333333,0.0,0.666667,0.528827,0.840533,3
1023.KL,10/12/2022,0.0,0.0,0.0,0.0,0.0,0.0,0.0,0.0,0.0,0
1023.KL,10/12/2023,0.0,0.0,0.0,0.0,0.0,0.0,0.0,0.0,0.0,0
1023.KL,10/12/2024,-0.081045,0.041713,0.83553,0.122757,0.0,1.0,0.0,0.081045,0.83553,1
1023.KL,10/12/2025,-0.952419,0.013794,0.019993,0.966213,0.0,0.0,1.0,0.952419,0.966213,1
1023.KL,10/2/2020,-0.004724,0.485386,0.024503,0.490111,0.5,0.0,0.5,0.903339,0.939418,2
1023.KL,10/2/2021,0.0,0.0,0.0,0.0,0.0,0.0,0.0,0.0,0.0,0
1023.KL,10/2/2022,0.0,0.0,0.0,0.0,0.0,0.0,0.0,0.0,0.0,0
1023.KL,10/2/2023,0.0,0.0,0.0,0.0,0.0,0.0,0.0,0.0,0.0,0
1023.KL,10/2/2024,0.0,0.0,0.0,0.0,0.0,0.0,0.0,0.0,0.0,0
1023.KL,10/2/2025,0.017006,0.033549,0.949908,0.016543,0.0,1.0,0.0,0.017006,0.949908,1
1023.KL,10/2/2026,0.207456,0.222168,0.76312,0.014712,1.0,0.0,0.0,0.207456,0.76312,1
1023.KL,10/3/2020,-0.315107,0.16147,0.361952,0.476578,0.142857,0.285714,0.571429,0.573512,0.876694,7
1023.KL,10/3/2021,0.0,0.0,0.0,0.0,0.0,0.0,0.0,0.0,0.0,0
1023.KL,10/3/2022,0.872855,0.919326,0.034202,0.046471,1.0,0.0,0.0,0.872855,0.919326,1
1023.KL,10/3/2023,-0.549124,0.067705,0.315467,0.616829,0.333333,0.0,0.666667,0.648584,0.887188,3
1023.KL,10/3/2024,0.0,0.0,0.0,0.0,0.0,0.0,0.0,0.0,0.0,0
1023.KL,10/3/2025,-0.960674,0.009618,0.02009,0.970292,0.0,0.0,1.0,0.960674,0.970292,1
1023.KL,10/3/2026,-0.266397,0.079142,0.57532,0.345539,0.0,0.333333,0.666667,0.309158,0.834612,3
1023.KL,10/4/2020,0.0,0.0,0.0,0.0,0.0,0.0,0.0,0.0,0.0,0
1023.KL,10/4/2021,-0.612505,0.03283,0.321835,0.645335,0.0,0.0,1.0,0.612505,0.645335,1
1023.KL,10/4/2022,0.0,0.0,0.0,0.0,0.0,0.0,0.0,0.0,0.0,0
1023.KL,10/4/2023,0.588132,0.623592,0.340947,0.03546,0.666667,0.333333,0.0,0.622149,0.914765,3
1023.KL,10/4/2024,-0.048399,0.032536,0.886528,0.080935,0.0,1.0,0.0,0.048399,0.886528,1
1023.KL,10/4/2025,0.285245,0.616964,0.051318,0.331719,0.666667,0.0,0.333333,0.888274,0.918478,3
1023.KL,10/5/2020,0.0,0.0,0.0,0.0,0.0,0.0,0.0,0.0,0.0,0
1023.KL,10/5/2021,0.0,0.0,0.0,0.0,0.0,0.0,0.0,0.0,0.0,0
1023.KL,10/5/2022,0.88901,0.920898,0.047214,0.031888,1.0,0.0,0.0,0.88901,0.920898,3
1023.KL,10/5/2023,0.0,0.0,0.0,0.0,0.0,0.0,0.0,0.0,0.0,0
1023.KL,10/5/2024,0.931771,0.947396,0.03698,0.015624,1.0,0.0,0.0,0.931771,0.947396,1
1023.KL,10/5/2025,0.0,0.0,0.0,0.0,0.0,0.0,0.0,0.0,0.0,0
1023.KL,10/6/2020,0.527197,0.630144,0.26691,0.102946,0.75,0.25,0.0,0.549181,0.851317,4
1023.KL,10/6/2021,0.053343,0.175769,0.701806,0.122426,0.5,0.5,0.0,0.079778,0.701806,2
1023.KL,10/6/2022,0.0,0.0,0.0,0.0,0.0,0.0,0.0,0.0,0.0,0
1023.KL,10/6/2023,0.0,0.0,0.0,0.0,0.0,0.0,0.0,0.0,0.0,0
1023.KL,10/6/2024,-0.742624,0.063933,0.12951,0.806557,0.0,0.0,1.0,0.742624,0.806557,1
1023.KL,10/6/2025,-0.951769,0.009777,0.028676,0.961547,0.0,0.0,1.0,0.951769,0.961547,1
1023.KL,10/7/2020,-0.055188,0.434923,0.074967,0.49011,0.5,0.0,0.5,0.703877,0.814455,2
1023.KL,10/7/2021,-0.952838,0.013126,0.020911,0.965964,0.0,0.0,1.0,0.952838,0.965964,1
1023.KL,10/7/2022,0.0,0.0,0.0,0.0,0.0,0.0,0.0,0.0,0.0,0
1023.KL,10/7/2023,0.064529,0.253348,0.557833,0.188819,0.5,0.0,0.5,0.352862,0.557833,2
1023.KL,10/7/2024,0.700362,0.783294,0.133774,0.082932,1.0,0.0,0.0,0.700362,0.783294,1
1023.KL,10/7/2025,-0.536824,0.108811,0.245553,0.645635,0.25,0.0,0.75,0.605972,0.726094,4
1023.KL,10/8/2020,0.434883,0.542106,0.350671,0.107223,1.0,0.0,0.0,0.434883,0.542106,1
1023.KL,10/8/2021,0.0,0.0,0.0,0.0,0.0,0.0,0.0,0.0,0.0,0
1023.KL,10/8/2022,0.0,0.0,0.0,0.0,0.0,0.0,0.0,0.0,0.0,0
1023.KL,10/8/2023,0.932748,0.94378,0.045187,0.011033,1.0,0.0,0.0,0.932748,0.94378,1
1023.KL,10/8/2024,0.0,0.0,0.0,0.0,0.0,0.0,0.0,0.0,0.0,0
1023.KL,10/8/2025,0.0,0.0,0.0,0.0,0.0,0.0,0.0,0.0,0.0,0
1023.KL,10/9/2020,0.064702,0.074613,0.915476,0.009911,0.0,1.0,0.0,0.064702,0.915476,1
1023.KL,10/9/2021,0.160464,0.338588,0.483289,0.178123,0.666667,0.166667,0.166667,0.424893,0.773328,6
1023.KL,10/9/2022,0.886347,0.911901,0.062545,0.025554,1.0,0.0,0.0,0.886347,0.911901,2
1023.KL,10/9/2023,0.0,0.0,0.0,0.0,0.0,0.0,0.0,0.0,0.0,0
1023.KL,10/9/2024,-0.099405,0.425535,0.049524,0.524941,0.5,0.0,0.5,0.818177,0.884326,2
1023.KL,10/9/2025,-0.366154,0.079207,0.475433,0.445361,0.0,0.5,0.5,0.416956,0.902782,2
1023.KL,11/1/2020,0.740399,0.841596,0.057208,0.101196,1.0,0.0,0.0,0.740399,0.841596,1
1023.KL,11/1/2021,0.0,0.0,0.0,0.0,0.0,0.0,0.0,0.0,0.0,0
1023.KL,11/1/2022,0.311766,0.481188,0.34939,0.169422,0.5,0.0,0.5,0.478307,0.753706,2
1023.KL,11/1/2023,0.304524,0.604048,0.096429,0.299523,1.0,0.0,0.0,0.304524,0.604048,1
1023.KL,11/1/2024,-0.585645,0.053104,0.308146,0.63875,0.0,0.0,1.0,0.585645,0.785384,2
1023.KL,11/1/2025,0.0,0.0,0.0,0.0,0.0,0.0,0.0,0.0,0.0,0
1023.KL,11/1/2026,0.0,0.0,0.0,0.0,0.0,0.0,0.0,0.0,0.0,0
1023.KL,11/10/2020,0.0,0.0,0.0,0.0,0.0,0.0,0.0,0.0,0.0,0
1023.KL,11/10/2021,0.800019,0.863733,0.072553,0.063714,1.0,0.0,0.0,0.800019,0.863733,1
1023.KL,11/10/2022,0.0,0.0,0.0,0.0,0.0,0.0,0.0,0.0,0.0,0
1023.KL,11/10/2023,0.910285,0.941888,0.026509,0.031603,1.0,0.0,0.0,0.910285,0.941888,3
1023.KL,11/10/2024,0.0,0.0,0.0,0.0,0.0,0.0,0.0,0.0,0.0,0
1023.KL,11/10/2025,0.0,0.0,0.0,0.0,0.0,0.0,0.0,0.0,0.0,0
1023.KL,11/11/2020,0.211141,0.396663,0.417815,0.185522,1.0,0.0,0.0,0.211141,0.417815,1
1023.KL,11/11/2021,-0.45095,0.161741,0.225567,0.612692,0.0,0.0,1.0,0.45095,0.612692,1
1023.KL,11/11/2022,0.908903,0.941706,0.025491,0.032803,1.0,0.0,0.0,0.908903,0.941706,1
1023.KL,11/11/2023,0.0,0.0,0.0,0.0,0.0,0.0,0.0,0.0,0.0,0
1023.KL,11/11/2024,0.0,0.0,0.0,0.0,0.0,0.0,0.0,0.0,0.0,0
1023.KL,11/11/2025,0.900566,0.933606,0.033354,0.03304,1.0,0.0,0.0,0.900566,0.933606,1
1023.KL,11/12/2020,0.560506,0.64115,0.278206,0.080644,1.0,0.0,0.0,0.560506,0.64115,1
1023.KL,11/12/2021,0.25247,0.260079,0.732312,0.007609,1.0,0.0,0.0,0.25247,0.732312,1
1023.KL,11/12/2022,0.0,0.0,0.0,0.0,0.0,0.0,0.0,0.0,0.0,0
1023.KL,11/12/2023,0.04744,0.424013,0.199415,0.376572,0.5,0.0,0.5,0.640163,0.720374,2
1023.KL,11/12/2024,0.01642,0.353823,0.308774,0.337403,0.666667,0.0,0.333333,0.650355,0.881255,3
1023.KL,11/12/2025,-0.600595,0.06232,0.274764,0.662916,0.0,0.0,1.0,0.600595,0.748975,2
1023.KL,11/2/2020,0.063714,0.293495,0.476724,0.229781,0.333333,0.333333,0.333333,0.286592,0.700859,3
1023.KL,11/2/2021,0.0,0.0,0.0,0.0,0.0,0.0,0.0,0.0,0.0,0
1023.KL,11/2/2022,0.117077,0.308291,0.500496,0.191213,0.5,0.0,0.5,0.286311,0.678349,2
1023.KL,11/2/2023,-0.897735,0.041065,0.020136,0.938799,0.0,0.0,1.0,0.897735,0.938799,1
1023.KL,11/2/2024,0.0,0.0,0.0,0.0,0.0,0.0,0.0,0.0,0.0,0
1023.KL,11/2/2025,-0.021845,0.471742,0.034672,0.493586,0.5,0.0,0.5,0.941933,0.95363,2
1023.KL,11/2/2026,0.513415,0.544013,0.425389,0.030598,1.0,0.0,0.0,0.513415,0.800538,2
1023.KL,11/3/2020,-0.030078,0.36361,0.242703,0.393687,0.4,0.2,0.4,0.699695,0.904941,5
1023.KL,11/3/2021,0.0,0.0,0.0,0.0,0.0,0.0,0.0,0.0,0.0,0
1023.KL,11/3/2022,0.052484,0.13446,0.783563,0.081976,0.333333,0.333333,0.333333,0.182911,0.783563,3
1023.KL,11/3/2023,0.0,0.0,0.0,0.0,0.0,0.0,0.0,0.0,0.0,0
1023.KL,11/3/2024,0.0,0.0,0.0,0.0,0.0,0.0,0.0,0.0,0.0,0
1023.KL,11/3/2025,-0.934426,0.024094,0.017386,0.95852,0.0,0.0,1.0,0.934426,0.95852,1
1023.KL,11/3/2026,-0.102923,0.425537,0.046004,0.52846,0.5,0.0,0.5,0.81134,0.882668,2
1023.KL,11/4/2020,0.254461,0.599754,0.054954,0.345292,1.0,0.0,0.0,0.254461,0.599754,1
1023.KL,11/4/2021,0.0,0.0,0.0,0.0,0.0,0.0,0.0,0.0,0.0,0
1023.KL,11/4/2022,0.0,0.0,0.0,0.0,0.0,0.0,0.0,0.0,0.0,0
1023.KL,11/4/2023,-0.01126,0.330329,0.328083,0.341589,0.0,1.0,0.0,0.06173,0.536658,2
1023.KL,11/4/2024,0.0,0.0,0.0,0.0,0.0,0.0,0.0,0.0,0.0,0
1023.KL,11/4/2025,-0.070535,0.418574,0.092317,0.489109,0.333333,0.333333,0.333333,0.590833,0.749258,3
1023.KL,11/5/2020,0.843687,0.855489,0.132709,0.011802,1.0,0.0,0.0,0.843687,0.855489,1
1023.KL,11/5/2021,-0.907053,0.012744,0.067459,0.919797,0.0,0.0,1.0,0.907053,0.919797,2
1023.KL,11/5/2022,0.0,0.0,0.0,0.0,0.0,0.0,0.0,0.0,0.0,0
1023.KL,11/5/2023,-0.425171,0.062532,0.449764,0.487704,0.0,0.5,0.5,0.52343,0.919645,2
1023.KL,11/5/2024,0.918199,0.926723,0.064754,0.008523,1.0,0.0,0.0,0.918199,0.926723,1
1023.KL,11/5/2025,0.0,0.0,0.0,0.0,0.0,0.0,0.0,0.0,0.0,0
1023.KL,11/6/2020,-0.000618,0.253968,0.491445,0.254587,0.5,0.25,0.25,0.474565,0.888876,4
1023.KL,11/6/2021,-0.8826,0.027462,0.062477,0.910061,0.0,0.0,1.0,0.8826,0.910061,1
1023.KL,11/6/2022,-0.855579,0.025499,0.093423,0.881078,0.0,0.0,1.0,0.855579,0.881078,1
1023.KL,11/6/2023,-0.493747,0.05053,0.405192,0.544278,0.0,0.0,1.0,0.493747,0.544278,1
1023.KL,11/6/2024,0.0,0.0,0.0,0.0,0.0,0.0,0.0,0.0,0.0,0
1023.KL,11/6/2025,0.907001,0.917964,0.071073,0.010963,1.0,0.0,0.0,0.907001,0.917964,1
1023.KL,11/7/2020,-0.056131,0.208061,0.527746,0.264192,0.5,0.25,0.25,0.416239,0.758906,4
1023.KL,11/7/2021,0.0,0.0,0.0,0.0,0.0,0.0,0.0,0.0,0.0,0
1023.KL,11/7/2022,0.0,0.0,0.0,0.0,0.0,0.0,0.0,0.0,0.0,0
1023.KL,11/7/2023,-0.332208,0.0558,0.556191,0.388009,0.0,0.0,1.0,0.332208,0.556191,1
1023.KL,11/7/2024,0.148539,0.452751,0.243037,0.304212,0.5,0.5,0.0,0.157339,0.457151,2
1023.KL,11/7/2025,0.888613,0.927914,0.032785,0.039301,1.0,0.0,0.0,0.888613,0.927914,1
1023.KL,11/8/2020,-0.386001,0.032504,0.54899,0.418506,0.0,0.0,1.0,0.386001,0.54899,1
1023.KL,11/8/2021,-0.394683,0.05325,0.498816,0.447933,0.0,0.5,0.5,0.402913,0.823265,2
1023.KL,11/8/2022,0.899612,0.935219,0.029173,0.035608,1.0,0.0,0.0,0.899612,0.935219,2
1023.KL,11/8/2023,0.0,0.0,0.0,0.0,0.0,0.0,0.0,0.0,0.0,0
1023.KL,11/8/2024,0.0,0.0,0.0,0.0,0.0,0.0,0.0,0.0,0.0,0
1023.KL,11/8/2025,0.917453,0.927552,0.062348,0.0101,1.0,0.0,0.0,0.917453,0.927552,1
1023.KL,11/9/2020,0.0,0.0,0.0,0.0,0.0,0.0,0.0,0.0,0.0,0
1023.KL,11/9/2021,0.0,0.0,0.0,0.0,0.0,0.0,0.0,0.0,0.0,0
1023.KL,11/9/2022,0.0,0.0,0.0,0.0,0.0,0.0,0.0,0.0,0.0,0
1023.KL,11/9/2023,-0.050994,0.463096,0.022815,0.514089,0.5,0.0,0.5,0.877939,0.927562,2
1023.KL,11/9/2024,0.056382,0.069885,0.916612,0.013503,0.0,1.0,0.0,0.056382,0.916612,1
1023.KL,11/9/2025,0.403499,0.460676,0.482147,0.057177,0.5,0.5,0.0,0.419312,0.913177,2
1023.KL,12/1/2020,0.0,0.0,0.0,0.0,0.0,0.0,0.0,0.0,0.0,0
1023.KL,12/1/2021,-0.827042,0.063951,0.045055,0.890994,0.0,0.0,1.0,0.827042,0.890994,4
1023.KL,12/1/2022,-0.070569,0.41757,0.09429,0.488139,0.5,0.0,0.5,0.827541,0.866625,2
1023.KL,12/1/2023,0.880879,0.917577,0.045725,0.036698,1.0,0.0,0.0,0.880879,0.917577,2
1023.KL,12/1/2024,-0.444815,0.060305,0.434574,0.50512,0.0,0.0,1.0,0.444815,0.65878,2
1023.KL,12/1/2025,0.0,0.0,0.0,0.0,0.0,0.0,0.0,0.0,0.0,0
1023.KL,12/1/2026,0.907371,0.93921,0.028951,0.031839,1.0,0.0,0.0,0.907371,0.93921,1
1023.KL,12/10/2020,0.0,0.0,0.0,0.0,0.0,0.0,0.0,0.0,0.0,0
1023.KL,12/10/2021,-0.06148,0.213032,0.512457,0.274511,0.25,0.5,0.25,0.437949,0.853263,4
1023.KL,12/10/2022,-0.901085,0.015557,0.067802,0.916641,0.0,0.0,1.0,0.901085,0.916641,2
1023.KL,12/10/2023,0.816452,0.851973,0.112507,0.035521,1.0,0.0,0.0,0.816452,0.851973,1
1023.KL,12/10/2024,0.0,0.0,0.0,0.0,0.0,0.0,0.0,0.0,0.0,0
1023.KL,12/10/2025,0.0,0.0,0.0,0.0,0.0,0.0,0.0,0.0,0.0,0
1023.KL,12/11/2020,0.140078,0.488479,0.163119,0.348401,0.5,0.0,0.5,0.41315,0.625015,2
1023.KL,12/11/2021,0.935288,0.94911,0.037069,0.013822,1.0,0.0,0.0,0.935288,0.94911,1
1023.KL,12/11/2022,0.0,0.0,0.0,0.0,0.0,0.0,0.0,0.0,0.0,0
1023.KL,12/11/2023,0.0,0.0,0.0,0.0,0.0,0.0,0.0,0.0,0.0,0
1023.KL,12/11/2024,0.560729,0.625047,0.310635,0.064318,0.666667,0.333333,0.0,0.582835,0.892345,3
1023.KL,12/11/2025,-0.454238,0.036118,0.473526,0.490356,0.0,0.5,0.5,0.495068,0.950137,2
1023.KL,12/12/2020,0.362546,0.60186,0.158826,0.239314,0.666667,0.0,0.333333,0.799502,0.820338,3
1023.KL,12/12/2021,0.0,0.0,0.0,0.0,0.0,0.0,0.0,0.0,0.0,0
1023.KL,12/12/2022,0.0,0.0,0.0,0.0,0.0,0.0,0.0,0.0,0.0,0
1023.KL,12/12/2023,-0.41301,0.02583,0.535329,0.438841,0.0,0.5,0.5,0.41301,0.873496,2
1023.KL,12/12/2024,0.0,0.0,0.0,0.0,0.0,0.0,0.0,0.0,0.0,0
1023.KL,12/12/2025,0.463874,0.491805,0.480265,0.027931,0.5,0.5,0.0,0.466747,0.933737,2
1023.KL,12/2/2020,-0.548897,0.06937,0.312363,0.618267,0.0,0.25,0.75,0.562866,0.791941,4
1023.KL,12/2/2021,0.01058,0.036264,0.938052,0.025684,0.0,1.0,0.0,0.01058,0.938052,1
1023.KL,12/2/2022,-0.375157,0.214511,0.19582,0.589669,0.0,0.333333,0.666667,0.375157,0.610308,3
1023.KL,12/2/2023,0.0,0.0,0.0,0.0,0.0,0.0,0.0,0.0,0.0,0
1023.KL,12/2/2024,0.0,0.0,0.0,0.0,0.0,0.0,0.0,0.0,0.0,0
1023.KL,12/2/2025,0.267905,0.38686,0.494185,0.118955,0.666667,0.333333,0.0,0.267905,0.678311,3
1023.KL,12/2/2026,0.100187,0.353175,0.393837,0.252988,0.75,0.0,0.25,0.57713,0.857474,4
1023.KL,12/3/2020,0.914337,0.941437,0.031463,0.0271,1.0,0.0,0.0,0.914337,0.941437,1
1023.KL,12/3/2021,-0.578917,0.052618,0.315847,0.631535,0.0,0.333333,0.666667,0.610481,0.900259,3
1023.KL,12/3/2022,-0.424324,0.06303,0.449616,0.487354,0.0,0.5,0.5,0.503343,0.911715,2
1023.KL,12/3/2023,0.0,0.0,0.0,0.0,0.0,0.0,0.0,0.0,0.0,0
1023.KL,12/3/2024,0.004983,0.032226,0.940532,0.027243,0.0,1.0,0.0,0.004983,0.940532,1
1023.KL,12/3/2025,-0.049696,0.41887,0.112563,0.468567,0.5,0.0,0.5,0.832821,0.860129,2
1023.KL,12/3/2026,0.866359,0.883247,0.099864,0.016889,1.0,0.0,0.0,0.866359,0.883247,1
1023.KL,12/4/2020,0.0,0.0,0.0,0.0,0.0,0.0,0.0,0.0,0.0,0
1023.KL,12/4/2021,-0.317001,0.068665,0.545669,0.385666,0.0,0.0,1.0,0.317001,0.545669,1
1023.KL,12/4/2022,0.0,0.0,0.0,0.0,0.0,0.0,0.0,0.0,0.0,0
1023.KL,12/4/2023,0.051323,0.299113,0.453097,0.24779,0.333333,0.333333,0.333333,0.452153,0.801185,3
1023.KL,12/4/2024,0.0,0.0,0.0,0.0,0.0,0.0,0.0,0.0,0.0,0
1023.KL,12/4/2025,-0.13416,0.332585,0.20067,0.466745,0.5,0.0,0.5,0.742756,0.771043,2
1023.KL,12/5/2020,0.074941,0.088519,0.897903,0.013578,0.5,0.5,0.0,0.074941,0.897903,2
1023.KL,12/5/2021,-0.710746,0.058327,0.172599,0.769073,0.0,0.0,1.0,0.710746,0.769073,2
1023.KL,12/5/2022,0.891519,0.901152,0.089215,0.009633,1.0,0.0,0.0,0.891519,0.901152,1
1023.KL,12/5/2023,-0.851176,0.065969,0.016886,0.917145,0.0,0.0,1.0,0.851176,0.917145,1
1023.KL,12/5/2024,0.0,0.0,0.0,0.0,0.0,0.0,0.0,0.0,0.0,0
1023.KL,12/5/2025,0.0,0.0,0.0,0.0,0.0,0.0,0.0,0.0,0.0,0
1023.KL,12/6/2020,-0.722776,0.061993,0.153239,0.784768,0.0,0.0,1.0,0.722776,0.784768,2
1023.KL,12/6/2021,0.0,0.0,0.0,0.0,0.0,0.0,0.0,0.0,0.0,0
1023.KL,12/6/2022,0.0,0.0,0.0,0.0,0.0,0.0,0.0,0.0,0.0,0
1023.KL,12/6/2023,0.554665,0.573777,0.40711,0.019112,1.0,0.0,0.0,0.554665,0.573777,1
1023.KL,12/6/2024,0.706165,0.801412,0.103341,0.095247,1.0,0.0,0.0,0.706165,0.801412,3
1023.KL,12/6/2025,0.398156,0.418406,0.561343,0.020251,0.5,0.5,0.0,0.398156,0.780994,2
1023.KL,12/7/2020,0.216775,0.225009,0.766757,0.008234,1.0,0.0,0.0,0.216775,0.766757,1
1023.KL,12/7/2021,0.436375,0.467586,0.501203,0.031211,0.5,0.5,0.0,0.450029,0.918915,2
1023.KL,12/7/2022,0.596971,0.621261,0.354449,0.02429,1.0,0.0,0.0,0.596971,0.798672,2
1023.KL,12/7/2023,0.13077,0.338534,0.453703,0.207763,0.333333,0.0,0.666667,0.452563,0.740012,3
1023.KL,12/7/2024,0.764904,0.84929,0.066324,0.084386,1.0,0.0,0.0,0.764904,0.84929,1
1023.KL,12/7/2025,0.61776,0.62894,0.359879,0.01118,1.0,0.0,0.0,0.61776,0.62894,1
1023.KL,12/8/2020,0.937764,0.950306,0.037152,0.012542,1.0,0.0,0.0,0.937764,0.950306,1
1023.KL,12/8/2021,0.0,0.0,0.0,0.0,0.0,0.0,0.0,0.0,0.0,0
1023.KL,12/8/2022,0.90833,0.939613,0.029103,0.031283,1.0,0.0,0.0,0.90833,0.939613,1
1023.KL,12/8/2023,0.514858,0.523583,0.467693,0.008725,1.0,0.0,0.0,0.514858,0.523583,1
1023.KL,12/8/2024,0.0,0.0,0.0,0.0,0.0,0.0,0.0,0.0,0.0,0
1023.KL,12/8/2025,-0.191528,0.329255,0.149961,0.520783,0.333333,0.0,0.666667,0.789807,0.819923,3
1023.KL,12/9/2020,0.002733,0.031984,0.938765,0.029251,0.0,1.0,0.0,0.002733,0.938765,1
1023.KL,12/9/2021,0.0,0.0,0.0,0.0,0.0,0.0,0.0,0.0,0.0,0
1023.KL,12/9/2022,0.191924,0.538012,0.1159,0.346088,0.5,0.5,0.0,0.20491,0.544505,2
1023.KL,12/9/2023,-0.911455,0.03797,0.012606,0.949424,0.0,0.0,1.0,0.911455,0.949424,1
1023.KL,12/9/2024,0.819178,0.825758,0.167662,0.00658,1.0,0.0,0.0,0.819178,0.825758,1
1023.KL,12/9/2025,0.711114,0.833777,0.04356,0.122663,1.0,0.0,0.0,0.711114,0.833777,1
1023.KL,13/1/2020,0.021355,0.043171,0.935014,0.021816,0.0,1.0,0.0,0.021355,0.935014,1
1023.KL,13/1/2021,-0.095686,0.374446,0.155422,0.470132,0.5,0.0,0.5,0.778466,0.811522,2
1023.KL,13/1/2022,-0.402689,0.073834,0.449643,0.476523,0.0,0.5,0.5,0.481241,0.911525,2
1023.KL,13/1/2023,-0.078063,0.343028,0.23588,0.421092,0.666667,0.0,0.333333,0.496261,0.650449,3
1023.KL,13/1/2024,0.284909,0.30629,0.67233,0.021381,0.5,0.5,0.0,0.284909,0.752359,2
1023.KL,13/1/2025,-0.886441,0.046949,0.01966,0.93339,0.0,0.0,1.0,0.886441,0.93339,1
1023.KL,13/1/2026,0.895233,0.914273,0.066686,0.019041,1.0,0.0,0.0,0.895233,0.914273,2
1023.KL,13/10/2020,-0.770334,0.104424,0.020818,0.874758,0.0,0.0,1.0,0.770334,0.874758,1
1023.KL,13/10/2021,0.027785,0.202478,0.62283,0.174692,0.0,1.0,0.0,0.027785,0.62283,1
1023.KL,13/10/2022,0.0,0.0,0.0,0.0,0.0,0.0,0.0,0.0,0.0,0
1023.KL,13/10/2023,0.0,0.0,0.0,0.0,0.0,0.0,0.0,0.0,0.0,0
1023.KL,13/10/2024,0.0,0.0,0.0,0.0,0.0,0.0,0.0,0.0,0.0,0
1023.KL,13/10/2025,0.0,0.0,0.0,0.0,0.0,0.0,0.0,0.0,0.0,0
1023.KL,13/11/2020,-0.453329,0.25754,0.03159,0.71087,0.0,0.0,1.0,0.453329,0.71087,1
1023.KL,13/11/2021,0.0,0.0,0.0,0.0,0.0,0.0,0.0,0.0,0.0,0
1023.KL,13/11/2022,0.0,0.0,0.0,0.0,0.0,0.0,0.0,0.0,0.0,0
1023.KL,13/11/2023,0.0,0.0,0.0,0.0,0.0,0.0,0.0,0.0,0.0,0
1023.KL,13/11/2024,-0.669307,0.055464,0.219765,0.724771,0.0,0.0,1.0,0.669307,0.724771,2
1023.KL,13/11/2025,0.500214,0.733086,0.034042,0.232872,0.666667,0.0,0.333333,0.718462,0.84221,3
1023.KL,13/12/2020,0.0,0.0,0.0,0.0,0.0,0.0,0.0,0.0,0.0,0
1023.KL,13/12/2021,0.571168,0.59004,0.391088,0.018872,1.0,0.0,0.0,0.571168,0.756798,3
1023.KL,13/12/2022,0.0,0.0,0.0,0.0,0.0,0.0,0.0,0.0,0.0,0
1023.KL,13/12/2023,-0.065473,0.050463,0.833602,0.115935,0.0,0.5,0.5,0.091299,0.833602,2
1023.KL,13/12/2024,0.044628,0.333752,0.377125,0.289124,0.5,0.0,0.5,0.551115,0.74663,4
1023.KL,13/12/2025,0.202714,0.23709,0.728534,0.034376,0.5,0.5,0.0,0.222776,0.728534,2
1023.KL,13/2/2020,-0.155113,0.146595,0.551697,0.301708,0.666667,0.0,0.333333,0.394759,0.808501,3
1023.KL,13/2/2021,0.0,0.0,0.0,0.0,0.0,0.0,0.0,0.0,0.0,0
1023.KL,13/2/2022,0.0,0.0,0.0,0.0,0.0,0.0,0.0,0.0,0.0,0
1023.KL,13/2/2023,0.02006,0.485251,0.049558,0.465191,0.5,0.0,0.5,0.903505,0.926974,2
1023.KL,13/2/2024,0.634849,0.649684,0.335481,0.014835,0.666667,0.333333,0.0,0.634849,0.921404,3
1023.KL,13/2/2025,-0.949188,0.015437,0.019939,0.964624,0.0,0.0,1.0,0.949188,0.964624,1
1023.KL,13/2/2026,-0.355752,0.117941,0.408367,0.473693,0.0,0.5,0.5,0.399757,0.728331,2
1023.KL,13/3/2020,-0.464498,0.210135,0.115232,0.674633,0.25,0.0,0.75,0.844197,0.864483,4
1023.KL,13/3/2021,-0.349951,0.066872,0.516305,0.416823,0.0,0.333333,0.666667,0.349951,0.722166,3
1023.KL,13/3/2022,0.0,0.0,0.0,0.0,0.0,0.0,0.0,0.0,0.0,0
1023.KL,13/3/2023,-0.519958,0.222311,0.035419,0.742269,0.333333,0.0,0.666667,0.633578,0.799079,3
1023.KL,13/3/2024,0.766919,0.842719,0.081481,0.0758,1.0,0.0,0.0,0.766919,0.842719,1
1023.KL,13/3/2025,-0.116175,0.402517,0.07879,0.518693,0.0,0.0,1.0,0.116175,0.518693,1
1023.KL,13/3/2026,-0.448257,0.036055,0.479633,0.484312,0.0,0.5,0.5,0.487453,0.941933,2
1023.KL,13/4/2020,0.655616,0.812143,0.031329,0.156527,1.0,0.0,0.0,0.655616,0.812143,1
1023.KL,13/4/2021,0.0,0.0,0.0,0.0,0.0,0.0,0.0,0.0,0.0,0
1023.KL,13/4/2022,0.323727,0.438528,0.446671,0.114801,1.0,0.0,0.0,0.323727,0.446671,1
1023.KL,13/4/2023,0.390173,0.53784,0.314492,0.147667,1.0,0.0,0.0,0.390173,0.777563,3
1023.KL,13/4/2024,0.0,0.0,0.0,0.0,0.0,0.0,0.0,0.0,0.0,0
1023.KL,13/4/2025,0.0,0.0,0.0,0.0,0.0,0.0,0.0,0.0,0.0,0
1023.KL,13/5/2020,-0.050411,0.448362,0.052864,0.498773,0.5,0.0,0.5,0.883037,0.915086,2
1023.KL,13/5/2021,0.0,0.0,0.0,0.0,0.0,0.0,0.0,0.0,0.0,0
1023.KL,13/5/2022,-0.04144,0.308326,0.341908,0.349766,0.333333,0.333333,0.333333,0.59734,0.906638,3
1023.KL,13/5/2023,0.0,0.0,0.0,0.0,0.0,0.0,0.0,0.0,0.0,0
1023.KL,13/5/2024,0.026943,0.055585,0.915774,0.028641,0.0,1.0,0.0,0.026943,0.915774,1
1023.KL,13/5/2025,0.39999,0.610998,0.177993,0.211008,0.666667,0.0,0.333333,0.771381,0.796694,3
1023.KL,13/6/2020,0.678716,0.781118,0.11648,0.102402,1.0,0.0,0.0,0.678716,0.781118,1
1023.KL,13/6/2021,-0.59507,0.02156,0.361811,0.61663,0.0,0.0,1.0,0.59507,0.61663,1
1023.KL,13/6/2022,-0.949192,0.012299,0.026211,0.961491,0.0,0.0,1.0,0.949192,0.961491,1
1023.KL,13/6/2023,0.914208,0.942225,0.029758,0.028017,1.0,0.0,0.0,0.914208,0.942225,1
1023.KL,13/6/2024,0.322512,0.362659,0.597194,0.040147,0.333333,0.666667,0.0,0.322512,0.895211,3
1023.KL,13/6/2025,0.678445,0.802329,0.073787,0.123884,1.0,0.0,0.0,0.678445,0.802329,2
1023.KL,13/7/2020,-0.010507,0.029333,0.930827,0.03984,0.0,1.0,0.0,0.010507,0.930827,1
1023.KL,13/7/2021,0.0,0.0,0.0,0.0,0.0,0.0,0.0,0.0,0.0,0
1023.KL,13/7/2022,-0.343627,0.294782,0.06681,0.638408,0.333333,0.0,0.666667,0.885026,0.909108,3
1023.KL,13/7/2023,0.920317,0.932679,0.054959,0.012362,1.0,0.0,0.0,0.920317,0.932679,1
1023.KL,13/7/2024,0.0,0.0,0.0,0.0,0.0,0.0,0.0,0.0,0.0,0
1023.KL,13/7/2025,0.0,0.0,0.0,0.0,0.0,0.0,0.0,0.0,0.0,0
1023.KL,13/8/2020,-0.888552,0.040902,0.029643,0.929455,0.0,0.0,1.0,0.888552,0.929455,1
1023.KL,13/8/2021,-0.23257,0.092069,0.583292,0.324639,0.5,0.0,0.5,0.368717,0.744415,2
1023.KL,13/8/2022,0.0,0.0,0.0,0.0,0.0,0.0,0.0,0.0,0.0,0
1023.KL,13/8/2023,0.0,0.0,0.0,0.0,0.0,0.0,0.0,0.0,0.0,0
1023.KL,13/8/2024,-0.164514,0.132997,0.569492,0.297511,0.5,0.0,0.5,0.387944,0.667331,2
1023.KL,13/8/2025,0.759596,0.864604,0.030387,0.105008,1.0,0.0,0.0,0.759596,0.864604,1
1023.KL,13/9/2020,0.256041,0.287451,0.681138,0.03141,1.0,0.0,0.0,0.256041,0.681138,1
1023.KL,13/9/2021,-0.324208,0.152853,0.370086,0.477061,0.333333,0.0,0.666667,0.465047,0.688493,3
1023.KL,13/9/2022,0.75116,0.863734,0.023692,0.112574,1.0,0.0,0.0,0.75116,0.863734,1
1023.KL,13/9/2023,0.0,0.0,0.0,0.0,0.0,0.0,0.0,0.0,0.0,0
1023.KL,13/9/2024,0.622091,0.722154,0.177783,0.100063,1.0,0.0,0.0,0.622091,0.722154,2
1023.KL,13/9/2025,0.0,0.0,0.0,0.0,0.0,0.0,0.0,0.0,0.0,0
1023.KL,14/1/2020,-0.017512,0.463281,0.055925,0.480793,0.5,0.0,0.5,0.903757,0.923916,2
1023.KL,14/1/2021,0.478946,0.508676,0.461594,0.02973,0.5,0.5,0.0,0.478946,0.909356,2
1023.KL,14/1/2022,0.195898,0.215276,0.765346,0.019378,0.5,0.5,0.0,0.195898,0.765346,2
1023.KL,14/1/2023,0.0,0.0,0.0,0.0,0.0,0.0,0.0,0.0,0.0,0
1023.KL,14/1/2024,0.0,0.0,0.0,0.0,0.0,0.0,0.0,0.0,0.0,0
1023.KL,14/1/2025,0.908477,0.931019,0.046439,0.022542,1.0,0.0,0.0,0.908477,0.931019,1
1023.KL,14/1/2026,-0.089225,0.425777,0.05922,0.515003,0.5,0.0,0.5,0.838023,0.889401,2
1023.KL,14/10/2020,0.0,0.0,0.0,0.0,0.0,0.0,0.0,0.0,0.0,0
1023.KL,14/10/2021,-0.75832,0.015562,0.210556,0.773882,0.0,0.0,1.0,0.75832,0.773882,2
1023.KL,14/10/2022,-0.08885,0.309167,0.292816,0.398017,0.25,0.25,0.5,0.501967,0.814089,4
1023.KL,14/10/2023,0.097475,0.524173,0.049128,0.426698,0.0,1.0,0.0,0.097475,0.524173,1
1023.KL,14/10/2024,0.56356,0.734435,0.094691,0.170875,1.0,0.0,0.0,0.56356,0.734435,1
1023.KL,14/10/2025,-0.906523,0.016691,0.060095,0.923214,0.0,0.0,1.0,0.906523,0.923214,3
1023.KL,14/11/2020,0.785607,0.868031,0.049546,0.082423,1.0,0.0,0.0,0.785607,0.868031,1
1023.KL,14/11/2021,0.0,0.0,0.0,0.0,0.0,0.0,0.0,0.0,0.0,0
1023.KL,14/11/2022,0.0,0.0,0.0,0.0,0.0,0.0,0.0,0.0,0.0,0
1023.KL,14/11/2023,0.0,0.0,0.0,0.0,0.0,0.0,0.0,0.0,0.0,0
1023.KL,14/11/2024,0.409258,0.468978,0.471303,0.05972,0.5,0.5,0.0,0.409258,0.87977,2
1023.KL,14/11/2025,-0.941704,0.015063,0.028169,0.956767,0.0,0.0,1.0,0.941704,0.956767,1
1023.KL,14/12/2020,0.069691,0.176343,0.717004,0.106652,0.0,1.0,0.0,0.069691,0.717004,2
1023.KL,14/12/2021,0.469392,0.490236,0.488921,0.020843,0.5,0.5,0.0,0.469392,0.941227,2
1023.KL,14/12/2022,-0.6124,0.17302,0.041561,0.78542,0.0,0.0,1.0,0.6124,0.78542,1
1023.KL,14/12/2023,0.705145,0.751806,0.201534,0.046661,1.0,0.0,0.0,0.705145,0.751806,2
1023.KL,14/12/2024,0.011814,0.046926,0.917961,0.035113,0.0,1.0,0.0,0.027502,0.917961,2
1023.KL,14/12/2025,0.0,0.0,0.0,0.0,0.0,0.0,0.0,0.0,0.0,0
1023.KL,14/2/2020,0.073633,0.414318,0.244998,0.340685,0.75,0.0,0.25,0.533604,0.82033,4
1023.KL,14/2/2021,0.0,0.0,0.0,0.0,0.0,0.0,0.0,0.0,0.0,0
1023.KL,14/2/2022,-0.023755,0.033329,0.909586,0.057085,0.0,1.0,0.0,0.023755,0.909586,1
1023.KL,14/2/2023,0.363596,0.556573,0.250449,0.192977,0.666667,0.0,0.333333,0.581454,0.665502,3
1023.KL,14/2/2024,-0.054063,0.457115,0.031707,0.511178,0.5,0.0,0.5,0.896107,0.9322,2
1023.KL,14/2/2025,-0.433387,0.04449,0.477633,0.477877,0.0,0.5,0.5,0.471236,0.923754,2
1023.KL,14/2/2026,0.0,0.0,0.0,0.0,0.0,0.0,0.0,0.0,0.0,0
1023.KL,14/3/2020,0.0,0.0,0.0,0.0,0.0,0.0,0.0,0.0,0.0,0
1023.KL,14/3/2021,0.0,0.0,0.0,0.0,0.0,0.0,0.0,0.0,0.0,0
1023.KL,14/3/2022,-0.1231,0.072541,0.731819,0.195641,0.0,0.0,1.0,0.1231,0.731819,1
1023.KL,14/3/2023,0.043866,0.330463,0.382941,0.286596,0.333333,0.333333,0.333333,0.571822,0.89206,3
1023.KL,14/3/2024,0.18838,0.448094,0.292192,0.259714,1.0,0.0,0.0,0.18838,0.448094,1
1023.KL,14/3/2025,-0.426142,0.073026,0.427806,0.499168,0.0,0.5,0.5,0.426142,0.756789,2
1023.KL,14/3/2026,0.0,0.0,0.0,0.0,0.0,0.0,0.0,0.0,0.0,0
1023.KL,14/4/2020,-0.878664,0.038179,0.044977,0.916844,0.0,0.0,1.0,0.878664,0.916844,1
1023.KL,14/4/2021,0.027224,0.437885,0.151454,0.410661,0.5,0.0,0.5,0.690587,0.769567,2
1023.KL,14/4/2022,0.659949,0.796741,0.066467,0.136792,1.0,0.0,0.0,0.659949,0.796741,2
1023.KL,14/4/2023,0.716555,0.723449,0.269657,0.006894,1.0,0.0,0.0,0.716555,0.723449,1
1023.KL,14/4/2024,0.0,0.0,0.0,0.0,0.0,0.0,0.0,0.0,0.0,0
1023.KL,14/4/2025,0.0,0.0,0.0,0.0,0.0,0.0,0.0,0.0,0.0,0
1023.KL,14/5/2020,-0.24859,0.328547,0.094316,0.577137,0.0,0.0,1.0,0.24859,0.577137,1
1023.KL,14/5/2021,0.0,0.0,0.0,0.0,0.0,0.0,0.0,0.0,0.0,0
1023.KL,14/5/2022,-0.013967,0.280558,0.424917,0.294525,0.5,0.0,0.5,0.517854,0.888711,4
1023.KL,14/5/2023,0.0,0.0,0.0,0.0,0.0,0.0,0.0,0.0,0.0,0
1023.KL,14/5/2024,-0.712918,0.100987,0.085109,0.813904,0.0,0.0,1.0,0.712918,0.813904,1
1023.KL,14/5/2025,-0.219468,0.223639,0.333255,0.443106,0.25,0.25,0.5,0.5352,0.82116,4
1023.KL,14/6/2020,0.0,0.0,0.0,0.0,0.0,0.0,0.0,0.0,0.0,0
1023.KL,14/6/2021,-0.036301,0.086994,0.789711,0.123295,0.0,1.0,0.0,0.036301,0.789711,1
1023.KL,14/6/2022,-0.954116,0.009018,0.027847,0.963135,0.0,0.0,1.0,0.954116,0.963135,1
1023.KL,14/6/2023,0.013479,0.404528,0.204423,0.391049,0.5,0.0,0.5,0.601749,0.698663,2
1023.KL,14/6/2024,0.510468,0.519907,0.470654,0.009439,1.0,0.0,0.0,0.510468,0.896524,2
1023.KL,14/6/2025,0.0,0.0,0.0,0.0,0.0,0.0,0.0,0.0,0.0,0
1023.KL,14/7/2020,0.253226,0.469664,0.313898,0.216438,0.5,0.0,0.5,0.599592,0.723171,2
1023.KL,14/7/2021,-0.013237,0.203775,0.579214,0.217011,0.0,1.0,0.0,0.013237,0.579214,1
1023.KL,14/7/2022,0.0,0.0,0.0,0.0,0.0,0.0,0.0,0.0,0.0,0
1023.KL,14/7/2023,0.098546,0.141222,0.816103,0.042675,0.0,1.0,0.0,0.098546,0.816103,1
1023.KL,14/7/2024,0.0,0.0,0.0,0.0,0.0,0.0,0.0,0.0,0.0,0
1023.KL,14/7/2025,0.309329,0.324904,0.65952,0.015575,0.5,0.5,0.0,0.309329,0.761112,2
1023.KL,14/8/2020,0.0,0.0,0.0,0.0,0.0,0.0,0.0,0.0,0.0,0
1023.KL,14/8/2021,0.913362,0.922746,0.06787,0.009384,1.0,0.0,0.0,0.913362,0.922746,1
1023.KL,14/8/2022,0.0,0.0,0.0,0.0,0.0,0.0,0.0,0.0,0.0,0
1023.KL,14/8/2023,-0.881579,0.050351,0.017718,0.931931,0.0,0.0,1.0,0.881579,0.931931,1
1023.KL,14/8/2024,0.440711,0.492905,0.454902,0.052194,0.5,0.5,0.0,0.440711,0.901163,2
1023.KL,14/8/2025,0.187162,0.507282,0.172598,0.32012,0.5,0.0,0.5,0.541731,0.684566,2
1023.KL,14/9/2020,0.0,0.0,0.0,0.0,0.0,0.0,0.0,0.0,0.0,0
1023.KL,14/9/2021,0.0,0.0,0.0,0.0,0.0,0.0,0.0,0.0,0.0,0
1023.KL,14/9/2022,-0.144909,0.304823,0.245445,0.449732,0.4,0.0,0.6,0.589331,0.770943,5
1023.KL,14/9/2023,0.0,0.0,0.0,0.0,0.0,0.0,0.0,0.0,0.0,0
1023.KL,14/9/2024,0.0,0.0,0.0,0.0,0.0,0.0,0.0,0.0,0.0,0
1023.KL,14/9/2025,0.0,0.0,0.0,0.0,0.0,0.0,0.0,0.0,0.0,0
1023.KL,15/1/2020,0.923901,0.938592,0.046716,0.014691,1.0,0.0,0.0,0.923901,0.938592,1
1023.KL,15/1/2021,0.916089,0.926227,0.063635,0.010138,1.0,0.0,0.0,0.916089,0.926227,1
1023.KL,15/1/2022,0.137005,0.148152,0.840702,0.011147,1.0,0.0,0.0,0.137005,0.840702,1
1023.KL,15/1/2023,0.0,0.0,0.0,0.0,0.0,0.0,0.0,0.0,0.0,0
1023.KL,15/1/2024,0.358715,0.366308,0.6261,0.007593,1.0,0.0,0.0,0.358715,0.6261,1
1023.KL,15/1/2025,-0.084757,0.23863,0.437982,0.323388,0.333333,0.333333,0.333333,0.482793,0.799464,3
1023.KL,15/1/2026,-0.828655,0.039927,0.091491,0.868582,0.0,0.0,1.0,0.828655,0.868582,2
1023.KL,15/10/2020,-0.369126,0.091627,0.447619,0.460754,0.0,0.0,1.0,0.369126,0.460754,1
1023.KL,15/10/2021,0.0,0.0,0.0,0.0,0.0,0.0,0.0,0.0,0.0,0
1023.KL,15/10/2022,0.892613,0.929468,0.033678,0.036855,1.0,0.0,0.0,0.892613,0.929468,1
1023.KL,15/10/2023,0.033323,0.058656,0.916011,0.025333,0.0,1.0,0.0,0.033323,0.916011,1
1023.KL,15/10/2024,0.476567,0.70276,0.071047,0.226193,0.75,0.0,0.25,0.834597,0.881775,4
1023.KL,15/10/2025,0.919277,0.931417,0.056443,0.01214,1.0,0.0,0.0,0.919277,0.931417,2
1023.KL,15/11/2020,0.0,0.0,0.0,0.0,0.0,0.0,0.0,0.0,0.0,0
1023.KL,15/11/2021,-0.016518,0.31365,0.356183,0.330168,0.333333,0.333333,0.333333,0.600939,0.895289,3
1023.KL,15/11/2022,-0.334293,0.15331,0.359088,0.487602,0.0,0.333333,0.666667,0.354056,0.796395,3
1023.KL,15/11/2023,0.802811,0.867036,0.068739,0.064225,1.0,0.0,0.0,0.802811,0.867036,1
1023.KL,15/11/2024,0.0,0.0,0.0,0.0,0.0,0.0,0.0,0.0,0.0,0
1023.KL,15/11/2025,-0.073207,0.413907,0.098979,0.487114,0.5,0.0,0.5,0.879511,0.890266,2
1023.KL,15/12/2020,0.0,0.0,0.0,0.0,0.0,0.0,0.0,0.0,0.0,0
1023.KL,15/12/2021,-0.49139,0.081296,0.346018,0.572686,0.0,0.333333,0.666667,0.515983,0.87407,3
1023.KL,15/12/2022,-0.129629,0.104707,0.660957,0.234336,0.0,0.666667,0.333333,0.129629,0.828359,3
1023.KL,15/12/2023,0.758285,0.846539,0.065206,0.088255,1.0,0.0,0.0,0.758285,0.846539,2
1023.KL,15/12/2024,0.0,0.0,0.0,0.0,0.0,0.0,0.0,0.0,0.0,0
1023.KL,15/12/2025,0.889007,0.918339,0.052329,0.029332,1.0,0.0,0.0,0.889007,0.918339,1
1023.KL,15/2/2020,-0.395847,0.284183,0.035786,0.680031,0.5,0.0,0.5,0.499701,0.731957,2
1023.KL,15/2/2021,0.909525,0.940922,0.027681,0.031397,1.0,0.0,0.0,0.909525,0.940922,1
1023.KL,15/2/2022,0.115943,0.478624,0.158695,0.362681,0.5,0.0,0.5,0.77059,0.805948,2
1023.KL,15/2/2023,-0.310803,0.315965,0.057267,0.626768,0.0,0.0,1.0,0.310803,0.626768,1
1023.KL,15/2/2024,-0.044944,0.219466,0.516123,0.264411,0.25,0.5,0.25,0.423663,0.888876,4
1023.KL,15/2/2025,0.0,0.0,0.0,0.0,0.0,0.0,0.0,0.0,0.0,0
1023.KL,15/2/2026,0.0,0.0,0.0,0.0,0.0,0.0,0.0,0.0,0.0,0
1023.KL,15/3/2020,0.0,0.0,0.0,0.0,0.0,0.0,0.0,0.0,0.0,0
1023.KL,15/3/2021,-0.085114,0.021813,0.871261,0.106926,0.0,1.0,0.0,0.085114,0.871261,1
1023.KL,15/3/2022,-0.86558,0.036082,0.062256,0.901662,0.0,0.0,1.0,0.86558,0.901662,2
1023.KL,15/3/2023,0.255218,0.589251,0.076716,0.334033,0.666667,0.0,0.333333,0.883974,0.903629,3
1023.KL,15/3/2024,-0.048417,0.443927,0.063728,0.492345,0.5,0.0,0.5,0.903529,0.919901,2
1023.KL,15/3/2025,0.0,0.0,0.0,0.0,0.0,0.0,0.0,0.0,0.0,0
1023.KL,15/3/2026,0.0,0.0,0.0,0.0,0.0,0.0,0.0,0.0,0.0,0
1023.KL,15/4/2020,0.036308,0.125188,0.785932,0.08888,0.0,1.0,0.0,0.036308,0.785932,1
1023.KL,15/4/2021,0.797293,0.822525,0.152242,0.025233,1.0,0.0,0.0,0.797293,0.822525,2
1023.KL,15/4/2022,-0.200925,0.272108,0.25486,0.473033,0.5,0.0,0.5,0.709497,0.799293,4
1023.KL,15/4/2023,0.0,0.0,0.0,0.0,0.0,0.0,0.0,0.0,0.0,0
1023.KL,15/4/2024,-0.342789,0.020326,0.61656,0.363115,0.0,0.0,1.0,0.342789,0.61656,1
1023.KL,15/4/2025,0.0,0.0,0.0,0.0,0.0,0.0,0.0,0.0,0.0,0
1023.KL,15/5/2020,0.038369,0.499059,0.040251,0.46069,0.0,1.0,0.0,0.038369,0.499059,1
1023.KL,15/5/2021,0.0,0.0,0.0,0.0,0.0,0.0,0.0,0.0,0.0,0
1023.KL,15/5/2022,0.0,0.0,0.0,0.0,0.0,0.0,0.0,0.0,0.0,0
1023.KL,15/5/2023,-0.073866,0.215848,0.494438,0.289714,0.0,1.0,0.0,0.073866,0.494438,1
1023.KL,15/5/2024,0.039526,0.079958,0.879611,0.040432,0.0,1.0,0.0,0.039526,0.879611,1
1023.KL,15/5/2025,0.817627,0.890896,0.035835,0.073269,1.0,0.0,0.0,0.817627,0.890896,1
1023.KL,15/6/2020,-0.9365,0.015093,0.033314,0.951593,0.0,0.0,1.0,0.9365,0.951593,1
1023.KL,15/6/2021,0.644164,0.656466,0.331233,0.012302,1.0,0.0,0.0,0.644164,0.656466,1
1023.KL,15/6/2022,0.0,0.0,0.0,0.0,0.0,0.0,0.0,0.0,0.0,0
1023.KL,15/6/2023,0.08131,0.344959,0.391392,0.263649,0.333333,0.333333,0.333333,0.554156,0.85178,3
1023.KL,15/6/2024,0.0,0.0,0.0,0.0,0.0,0.0,0.0,0.0,0.0,0
1023.KL,15/6/2025,0.0,0.0,0.0,0.0,0.0,0.0,0.0,0.0,0.0,0
1023.KL,15/7/2020,-0.229877,0.117343,0.535436,0.34722,0.0,0.5,0.5,0.290207,0.802241,2
1023.KL,15/7/2021,0.370719,0.646707,0.077304,0.275988,1.0,0.0,0.0,0.370719,0.646707,1
1023.KL,15/7/2022,0.028048,0.281934,0.464179,0.253886,0.4,0.4,0.2,0.411163,0.816295,5
1023.KL,15/7/2023,0.930133,0.93974,0.050653,0.009607,1.0,0.0,0.0,0.930133,0.93974,1
1023.KL,15/7/2024,0.0,0.0,0.0,0.0,0.0,0.0,0.0,0.0,0.0,0
1023.KL,15/7/2025,0.03965,0.053177,0.933296,0.013527,0.0,1.0,0.0,0.03965,0.933296,2
1023.KL,15/8/2020,-0.215699,0.095559,0.593182,0.311259,0.0,0.0,1.0,0.215699,0.593182,1
1023.KL,15/8/2021,0.0,0.0,0.0,0.0,0.0,0.0,0.0,0.0,0.0,0
1023.KL,15/8/2022,0.286561,0.624377,0.037808,0.337815,0.666667,0.0,0.333333,0.912639,0.937415,3
1023.KL,15/8/2023,0.071277,0.416092,0.239094,0.344815,0.5,0.0,0.5,0.283666,0.522286,2
1023.KL,15/8/2024,-0.565833,0.077897,0.278373,0.64373,0.333333,0.0,0.666667,0.693076,0.891554,3
1023.KL,15/8/2025,0.236624,0.493912,0.248801,0.257287,0.75,0.0,0.25,0.715408,0.915695,4
1023.KL,15/9/2020,0.0,0.0,0.0,0.0,0.0,0.0,0.0,0.0,0.0,0
1023.KL,15/9/2021,0.0,0.0,0.0,0.0,0.0,0.0,0.0,0.0,0.0,0
1023.KL,15/9/2022,-0.042149,0.027369,0.903113,0.069518,0.0,1.0,0.0,0.049878,0.903113,2
1023.KL,15/9/2023,0.0,0.0,0.0,0.0,0.0,0.0,0.0,0.0,0.0,0
1023.KL,15/9/2024,0.0,0.0,0.0,0.0,0.0,0.0,0.0,0.0,0.0,0
1023.KL,15/9/2025,0.0,0.0,0.0,0.0,0.0,0.0,0.0,0.0,0.0,0
1023.KL,16/1/2020,0.835677,0.902166,0.031345,0.066489,1.0,0.0,0.0,0.835677,0.902166,1
1023.KL,16/1/2021,-0.57686,0.032653,0.357834,0.609513,0.0,0.333333,0.666667,0.57686,0.887372,3
1023.KL,16/1/2022,0.0,0.0,0.0,0.0,0.0,0.0,0.0,0.0,0.0,0
1023.KL,16/1/2023,-0.234201,0.247356,0.271086,0.481558,0.0,0.0,1.0,0.234201,0.481558,1
1023.KL,16/1/2024,0.89464,0.902653,0.089334,0.008013,1.0,0.0,0.0,0.89464,0.902653,1
1023.KL,16/1/2025,-0.206078,0.224337,0.345247,0.430416,0.2,0.4,0.4,0.574756,0.886911,5
1023.KL,16/1/2026,0.085442,0.401533,0.282375,0.316091,0.666667,0.0,0.333333,0.684548,0.862198,3
1023.KL,16/10/2020,0.0,0.0,0.0,0.0,0.0,0.0,0.0,0.0,0.0,0
1023.KL,16/10/2021,0.0,0.0,0.0,0.0,0.0,0.0,0.0,0.0,0.0,0
1023.KL,16/10/2022,0.0,0.0,0.0,0.0,0.0,0.0,0.0,0.0,0.0,0
1023.KL,16/10/2023,0.0,0.0,0.0,0.0,0.0,0.0,0.0,0.0,0.0,0
1023.KL,16/10/2024,0.904056,0.921724,0.060607,0.017668,1.0,0.0,0.0,0.904056,0.921724,1
1023.KL,16/10/2025,0.867845,0.888934,0.089976,0.021089,1.0,0.0,0.0,0.867845,0.888934,1
1023.KL,16/11/2020,0.0,0.0,0.0,0.0,0.0,0.0,0.0,0.0,0.0,0
1023.KL,16/11/2021,0.463214,0.494762,0.47369,0.031548,0.5,0.5,0.0,0.463214,0.904128,2
1023.KL,16/11/2022,-0.39394,0.093401,0.419257,0.487341,0.0,0.0,1.0,0.39394,0.802231,2
1023.KL,16/11/2023,0.809734,0.861342,0.087051,0.051608,1.0,0.0,0.0,0.809734,0.861342,1
1023.KL,16/11/2024,0.0,0.0,0.0,0.0,0.0,0.0,0.0,0.0,0.0,0
1023.KL,16/11/2025,0.037852,0.09382,0.850212,0.055968,0.0,1.0,0.0,0.037852,0.850212,1
1023.KL,16/12/2020,0.0,0.0,0.0,0.0,0.0,0.0,0.0,0.0,0.0,0
1023.KL,16/12/2021,0.202263,0.448681,0.304901,0.246418,0.5,0.25,0.25,0.634864,0.886844,4
1023.KL,16/12/2022,-0.950683,0.015124,0.019069,0.965807,0.0,0.0,1.0,0.950683,0.965807,1
1023.KL,16/12/2023,0.921732,0.943338,0.035056,0.021606,1.0,0.0,0.0,0.921732,0.943338,1
1023.KL,16/12/2024,0.933345,0.952117,0.029111,0.018772,1.0,0.0,0.0,0.933345,0.952117,1
1023.KL,16/12/2025,0.569859,0.711719,0.146421,0.14186,0.75,0.0,0.25,0.796628,0.826301,4
1023.KL,16/2/2020,0.0,0.0,0.0,0.0,0.0,0.0,0.0,0.0,0.0,0
1023.KL,16/2/2021,0.326039,0.340297,0.645445,0.014258,1.0,0.0,0.0,0.326039,0.645445,1
1023.KL,16/2/2022,0.041912,0.088934,0.864044,0.047022,0.5,0.5,0.0,0.082157,0.864044,2
1023.KL,16/2/2023,0.537354,0.57158,0.394194,0.034226,1.0,0.0,0.0,0.537354,0.778133,2
1023.KL,16/2/2024,0.432286,0.56551,0.301267,0.133223,0.5,0.25,0.25,0.50837,0.755785,4
1023.KL,16/2/2025,0.0,0.0,0.0,0.0,0.0,0.0,0.0,0.0,0.0,0
1023.KL,16/2/2026,-0.924221,0.014623,0.046532,0.938844,0.0,0.0,1.0,0.924221,0.938844,1
1023.KL,16/3/2020,0.0,0.0,0.0,0.0,0.0,0.0,0.0,0.0,0.0,0
1023.KL,16/3/2021,0.0,0.0,0.0,0.0,0.0,0.0,0.0,0.0,0.0,0
1023.KL,16/3/2022,0.371333,0.598363,0.174606,0.22703,0.666667,0.0,0.333333,0.694661,0.760027,3
1023.KL,16/3/2023,-0.791027,0.073216,0.062541,0.864243,0.0,0.0,1.0,0.791027,0.864243,2
1023.KL,16/3/2024,-0.016074,0.035091,0.913744,0.051165,0.0,1.0,0.0,0.016074,0.913744,1
1023.KL,16/3/2025,0.0,0.0,0.0,0.0,0.0,0.0,0.0,0.0,0.0,0
1023.KL,16/3/2026,0.0,0.0,0.0,0.0,0.0,0.0,0.0,0.0,0.0,0
1023.KL,16/4/2020,0.832117,0.89443,0.043257,0.062313,1.0,0.0,0.0,0.832117,0.89443,2
1023.KL,16/4/2021,0.122039,0.474715,0.172609,0.352676,0.333333,0.333333,0.333333,0.447612,0.637502,3
1023.KL,16/4/2022,-0.33676,0.125756,0.411729,0.462516,0.5,0.0,0.5,0.554698,0.823752,2
1023.KL,16/4/2023,0.0,0.0,0.0,0.0,0.0,0.0,0.0,0.0,0.0,0
1023.KL,16/4/2024,-0.219007,0.085663,0.609667,0.30467,0.333333,0.333333,0.333333,0.321664,0.856309,3
1023.KL,16/4/2025,0.509003,0.519999,0.469005,0.010996,1.0,0.0,0.0,0.509003,0.650635,2
1023.KL,16/5/2020,0.060577,0.088422,0.883733,0.027845,0.0,1.0,0.0,0.060577,0.883733,1
1023.KL,16/5/2021,0.0,0.0,0.0,0.0,0.0,0.0,0.0,0.0,0.0,0
1023.KL,16/5/2022,0.0,0.0,0.0,0.0,0.0,0.0,0.0,0.0,0.0,0
1023.KL,16/5/2023,-0.754469,0.102635,0.040262,0.857104,0.0,0.0,1.0,0.754469,0.857104,1
1023.KL,16/5/2024,0.0,0.0,0.0,0.0,0.0,0.0,0.0,0.0,0.0,0
1023.KL,16/5/2025,-0.641926,0.157151,0.043772,0.799077,0.0,0.0,1.0,0.641926,0.799077,2
1023.KL,16/6/2020,0.03322,0.064867,0.903487,0.031647,0.0,1.0,0.0,0.034437,0.903487,2
1023.KL,16/6/2021,0.344356,0.380595,0.583166,0.036239,0.666667,0.333333,0.0,0.344356,0.86302,3
1023.KL,16/6/2022,-0.60015,0.171425,0.056999,0.771576,0.0,0.0,1.0,0.60015,0.771576,2
1023.KL,16/6/2023,-0.200884,0.288837,0.221442,0.489721,0.5,0.0,0.5,0.761915,0.770236,2
1023.KL,16/6/2024,0.0,0.0,0.0,0.0,0.0,0.0,0.0,0.0,0.0,0
1023.KL,16/6/2025,0.181625,0.201704,0.778217,0.020079,1.0,0.0,0.0,0.181625,0.778217,1
1023.KL,16/7/2020,0.0,0.0,0.0,0.0,0.0,0.0,0.0,0.0,0.0,0
1023.KL,16/7/2021,-0.382148,0.238758,0.140336,0.620906,0.0,0.0,1.0,0.382148,0.620906,1
1023.KL,16/7/2022,-0.572985,0.130335,0.166346,0.70332,0.0,0.0,1.0,0.572985,0.70332,1
1023.KL,16/7/2023,0.0,0.0,0.0,0.0,0.0,0.0,0.0,0.0,0.0,0
1023.KL,16/7/2024,0.532125,0.74808,0.035965,0.215955,1.0,0.0,0.0,0.532125,0.74808,2
1023.KL,16/7/2025,-0.077371,0.346225,0.230178,0.423596,0.0,1.0,0.0,0.077371,0.423596,1
1023.KL,16/8/2020,0.0,0.0,0.0,0.0,0.0,0.0,0.0,0.0,0.0,0
1023.KL,16/8/2021,0.0,0.0,0.0,0.0,0.0,0.0,0.0,0.0,0.0,0
1023.KL,16/8/2022,0.0,0.0,0.0,0.0,0.0,0.0,0.0,0.0,0.0,0
1023.KL,16/8/2023,0.712124,0.822951,0.066224,0.110826,1.0,0.0,0.0,0.712124,0.822951,2
1023.KL,16/8/2024,0.056282,0.365511,0.325259,0.30923,0.5,0.0,0.5,0.388062,0.604656,2
1023.KL,16/8/2025,0.021665,0.240812,0.54004,0.219148,0.0,1.0,0.0,0.035473,0.671884,2
1023.KL,16/9/2020,0.044772,0.059057,0.926659,0.014284,0.0,1.0,0.0,0.044772,0.926659,1
1023.KL,16/9/2021,0.0,0.0,0.0,0.0,0.0,0.0,0.0,0.0,0.0,0
1023.KL,16/9/2022,-0.057607,0.040496,0.8614,0.098103,0.0,1.0,0.0,0.057607,0.8614,1
1023.KL,16/9/2023,0.585281,0.628965,0.327351,0.043684,1.0,0.0,0.0,0.585281,0.751745,2
1023.KL,16/9/2024,-0.0543,0.061017,0.823666,0.115317,0.0,1.0,0.0,0.0543,0.823666,1
1023.KL,16/9/2025,0.0,0.0,0.0,0.0,0.0,0.0,0.0,0.0,0.0,0
1023.KL,17/1/2020,0.039007,0.051109,0.93679,0.012102,0.0,1.0,0.0,0.039007,0.93679,1
1023.KL,17/1/2021,0.0,0.0,0.0,0.0,0.0,0.0,0.0,0.0,0.0,0
1023.KL,17/1/2022,0.0,0.0,0.0,0.0,0.0,0.0,0.0,0.0,0.0,0
1023.KL,17/1/2023,0.0,0.0,0.0,0.0,0.0,0.0,0.0,0.0,0.0,0
1023.KL,17/1/2024,0.156417,0.171278,0.813861,0.014861,1.0,0.0,0.0,0.156417,0.813861,1
1023.KL,17/1/2025,-0.453983,0.034809,0.476398,0.488792,0.0,0.5,0.5,0.466807,0.944409,2
1023.KL,17/1/2026,0.0,0.0,0.0,0.0,0.0,0.0,0.0,0.0,0.0,0
1023.KL,17/10/2020,-0.788998,0.024055,0.162892,0.813053,0.0,0.0,1.0,0.788998,0.813053,2
1023.KL,17/10/2021,0.0,0.0,0.0,0.0,0.0,0.0,0.0,0.0,0.0,0
1023.KL,17/10/2022,-0.3255,0.129845,0.41481,0.455345,0.5,0.0,0.5,0.499141,0.802311,2
1023.KL,17/10/2023,0.0,0.0,0.0,0.0,0.0,0.0,0.0,0.0,0.0,0
1023.KL,17/10/2024,0.0,0.0,0.0,0.0,0.0,0.0,0.0,0.0,0.0,0
1023.KL,17/10/2025,0.468129,0.477966,0.512196,0.009837,1.0,0.0,0.0,0.468129,0.512196,1
1023.KL,17/11/2020,0.0,0.0,0.0,0.0,0.0,0.0,0.0,0.0,0.0,0
1023.KL,17/11/2021,0.316507,0.476946,0.362616,0.160438,1.0,0.0,0.0,0.316507,0.476946,1
1023.KL,17/11/2022,-0.107117,0.3594,0.174082,0.466518,0.5,0.0,0.5,0.769664,0.833886,4
1023.KL,17/11/2023,-0.914471,0.020459,0.044611,0.93493,0.0,0.0,1.0,0.914471,0.93493,1
1023.KL,17/11/2024,0.0,0.0,0.0,0.0,0.0,0.0,0.0,0.0,0.0,0
1023.KL,17/11/2025,0.459589,0.663627,0.132336,0.204037,1.0,0.0,0.0,0.459589,0.663627,1
1023.KL,17/12/2020,0.199287,0.246012,0.707262,0.046726,0.5,0.5,0.0,0.199287,0.707262,2
1023.KL,17/12/2021,0.504685,0.561406,0.381873,0.056721,0.666667,0.333333,0.0,0.545933,0.795274,3
1023.KL,17/12/2022,0.738298,0.786648,0.165003,0.04835,1.0,0.0,0.0,0.738298,0.786648,3
1023.KL,17/12/2023,0.0,0.0,0.0,0.0,0.0,0.0,0.0,0.0,0.0,0
1023.KL,17/12/2024,-0.009349,0.482413,0.025825,0.491762,0.5,0.0,0.5,0.946944,0.96056,2
1023.KL,17/12/2025,0.544526,0.572509,0.399508,0.027983,0.666667,0.333333,0.0,0.544526,0.863906,3
1023.KL,17/2/2020,-0.373133,0.107733,0.411402,0.480866,0.5,0.0,0.5,0.54465,0.877659,2
1023.KL,17/2/2021,-0.7043,0.077528,0.140645,0.781828,0.0,0.0,1.0,0.7043,0.781828,1
1023.KL,17/2/2022,-0.198491,0.051273,0.698962,0.249765,0.0,0.0,1.0,0.198491,0.698962,2
1023.KL,17/2/2023,-0.341741,0.203953,0.250353,0.545694,0.333333,0.0,0.666667,0.712251,0.730949,3
1023.KL,17/2/2024,0.925033,0.946995,0.031044,0.021962,1.0,0.0,0.0,0.925033,0.946995,1
1023.KL,17/2/2025,0.925947,0.945639,0.034669,0.019692,1.0,0.0,0.0,0.925947,0.945639,1
1023.KL,17/2/2026,0.626099,0.797114,0.031871,0.171015,1.0,0.0,0.0,0.626099,0.797114,1
1023.KL,17/3/2020,-0.920114,0.03507,0.009745,0.955184,0.0,0.0,1.0,0.920114,0.955184,1
1023.KL,17/3/2021,0.332405,0.342894,0.646617,0.010489,1.0,0.0,0.0,0.332405,0.646617,1
1023.KL,17/3/2022,0.312615,0.560641,0.191334,0.248025,0.75,0.0,0.25,0.733891,0.823278,4
1023.KL,17/3/2023,0.05725,0.487998,0.081254,0.430748,0.5,0.0,0.5,0.825116,0.871931,2
1023.KL,17/3/2024,-0.948962,0.009636,0.031766,0.958598,0.0,0.0,1.0,0.948962,0.958598,1
1023.KL,17/3/2025,0.906152,0.935712,0.034727,0.02956,1.0,0.0,0.0,0.906152,0.935712,1
1023.KL,17/3/2026,0.0,0.0,0.0,0.0,0.0,0.0,0.0,0.0,0.0,0
1023.KL,17/4/2020,0.936221,0.953968,0.028284,0.017747,1.0,0.0,0.0,0.936221,0.953968,1
1023.KL,17/4/2021,0.0,0.0,0.0,0.0,0.0,0.0,0.0,0.0,0.0,0
1023.KL,17/4/2022,0.0,0.0,0.0,0.0,0.0,0.0,0.0,0.0,0.0,0
1023.KL,17/4/2023,0.593183,0.607861,0.377461,0.014678,1.0,0.0,0.0,0.593183,0.607861,1
1023.KL,17/4/2024,-0.459945,0.035002,0.47005,0.494948,0.0,0.5,0.5,0.503408,0.947325,2
1023.KL,17/4/2025,-0.955613,0.013825,0.016736,0.969439,0.0,0.0,1.0,0.955613,0.969439,1
1023.KL,17/5/2020,0.0,0.0,0.0,0.0,0.0,0.0,0.0,0.0,0.0,0
1023.KL,17/5/2021,0.0,0.0,0.0,0.0,0.0,0.0,0.0,0.0,0.0,0
1023.KL,17/5/2022,0.872724,0.914451,0.043822,0.041727,1.0,0.0,0.0,0.872724,0.914451,1
1023.KL,17/5/2023,0.779522,0.822143,0.135235,0.042622,1.0,0.0,0.0,0.779522,0.822143,1
1023.KL,17/5/2024,0.0,0.0,0.0,0.0,0.0,0.0,0.0,0.0,0.0,0
1023.KL,17/5/2025,0.596644,0.781812,0.033019,0.185168,1.0,0.0,0.0,0.596644,0.781812,1
1023.KL,17/6/2020,0.905214,0.926479,0.052257,0.021264,1.0,0.0,0.0,0.905214,0.926479,3
1023.KL,17/6/2021,-0.944424,0.016185,0.023206,0.960609,0.0,0.0,1.0,0.944424,0.960609,1
1023.KL,17/6/2022,0.0,0.0,0.0,0.0,0.0,0.0,0.0,0.0,0.0,0
1023.KL,17/6/2023,0.440922,0.475206,0.49051,0.034284,0.5,0.5,0.0,0.440922,0.928029,2
1023.KL,17/6/2024,0.0,0.0,0.0,0.0,0.0,0.0,0.0,0.0,0.0,0
1023.KL,17/6/2025,0.012253,0.259772,0.492709,0.247519,0.25,0.5,0.25,0.453398,0.935305,4
1023.KL,17/7/2020,-0.420641,0.023203,0.532952,0.443844,0.0,0.5,0.5,0.420641,0.865611,2
1023.KL,17/7/2021,0.0,0.0,0.0,0.0,0.0,0.0,0.0,0.0,0.0,0
1023.KL,17/7/2022,0.0,0.0,0.0,0.0,0.0,0.0,0.0,0.0,0.0,0
1023.KL,17/7/2023,-0.885039,0.025675,0.06361,0.910715,0.0,0.0,1.0,0.885039,0.910715,1
1023.KL,17/7/2024,-0.214937,0.037798,0.709466,0.252735,0.0,0.0,1.0,0.214937,0.709466,1
1023.KL,17/7/2025,0.012008,0.488134,0.035741,0.476125,0.5,0.0,0.5,0.895996,0.930127,2
1023.KL,17/8/2020,0.175407,0.417468,0.340471,0.242061,0.5,0.0,0.5,0.604241,0.637631,2
1023.KL,17/8/2021,0.102208,0.374419,0.35337,0.272211,0.25,0.5,0.25,0.325982,0.704386,4
1023.KL,17/8/2022,0.572394,0.582072,0.40825,0.009678,1.0,0.0,0.0,0.572394,0.582072,1
1023.KL,17/8/2023,0.545978,0.748108,0.049762,0.20213,1.0,0.0,0.0,0.545978,0.748108,1
1023.KL,17/8/2024,0.0,0.0,0.0,0.0,0.0,0.0,0.0,0.0,0.0,0
1023.KL,17/8/2025,0.0,0.0,0.0,0.0,0.0,0.0,0.0,0.0,0.0,0
1023.KL,17/9/2020,0.053925,0.06849,0.916946,0.014565,0.0,1.0,0.0,0.053925,0.916946,1
1023.KL,17/9/2021,0.836293,0.856128,0.124037,0.019835,1.0,0.0,0.0,0.836293,0.856128,1
1023.KL,17/9/2022,0.0,0.0,0.0,0.0,0.0,0.0,0.0,0.0,0.0,0
1023.KL,17/9/2023,0.146346,0.156643,0.83306,0.010297,1.0,0.0,0.0,0.146346,0.83306,1
1023.KL,17/9/2024,0.817506,0.884011,0.049484,0.066505,1.0,0.0,0.0,0.817506,0.884011,1
1023.KL,17/9/2025,0.874323,0.911103,0.052117,0.03678,1.0,0.0,0.0,0.874323,0.911103,1
1023.KL,18/1/2020,0.90545,0.926786,0.051877,0.021337,1.0,0.0,0.0,0.90545,0.926786,1
1023.KL,18/1/2021,-0.866175,0.028171,0.077483,0.894346,0.0,0.0,1.0,0.866175,0.894346,1
1023.KL,18/1/2022,0.0,0.0,0.0,0.0,0.0,0.0,0.0,0.0,0.0,0
1023.KL,18/1/2023,-0.41643,0.068773,0.446025,0.485202,0.5,0.0,0.5,0.522537,0.907366,2
1023.KL,18/1/2024,-0.022288,0.2675,0.442713,0.289788,0.0,1.0,0.0,0.063963,0.683504,2
1023.KL,18/1/2025,-0.038915,0.035598,0.889889,0.074513,0.0,1.0,0.0,0.038915,0.889889,1
1023.KL,18/1/2026,0.0,0.0,0.0,0.0,0.0,0.0,0.0,0.0,0.0,0
1023.KL,18/10/2020,0.0,0.0,0.0,0.0,0.0,0.0,0.0,0.0,0.0,0
1023.KL,18/10/2021,0.47652,0.519776,0.436968,0.043256,0.75,0.25,0.0,0.47652,0.864761,4
1023.KL,18/10/2022,0.0,0.0,0.0,0.0,0.0,0.0,0.0,0.0,0.0,0
1023.KL,18/10/2023,-0.908683,0.034783,0.021751,0.943466,0.0,0.0,1.0,0.908683,0.943466,1
1023.KL,18/10/2024,0.0,0.0,0.0,0.0,0.0,0.0,0.0,0.0,0.0,0
1023.KL,18/10/2025,0.069674,0.130712,0.808249,0.061039,0.0,1.0,0.0,0.069674,0.808249,1
1023.KL,18/11/2020,0.446355,0.685066,0.076224,0.23871,0.75,0.0,0.25,0.869986,0.896881,4
1023.KL,18/11/2021,0.073237,0.087446,0.898345,0.014209,0.0,1.0,0.0,0.073237,0.898345,1
1023.KL,18/11/2022,-0.904397,0.027642,0.040318,0.932039,0.0,0.0,1.0,0.904397,0.932039,1
1023.KL,18/11/2023,-0.180404,0.103472,0.612653,0.283875,0.5,0.0,0.5,0.348134,0.841741,4
1023.KL,18/11/2024,0.921261,0.937674,0.045912,0.016414,1.0,0.0,0.0,0.921261,0.937674,2
1023.KL,18/11/2025,0.024366,0.366532,0.291301,0.342167,0.0,1.0,0.0,0.024366,0.366532,1
1023.KL,18/12/2020,0.314115,0.375648,0.562819,0.061533,1.0,0.0,0.0,0.314115,0.562819,1
1023.KL,18/12/2021,-0.466991,0.025,0.48301,0.491991,0.0,0.5,0.5,0.466991,0.939927,2
1023.KL,18/12/2022,0.076137,0.087503,0.90113,0.011367,0.0,1.0,0.0,0.076137,0.90113,1
1023.KL,18/12/2023,0.0,0.0,0.0,0.0,0.0,0.0,0.0,0.0,0.0,0
1023.KL,18/12/2024,0.339617,0.347989,0.643639,0.008372,1.0,0.0,0.0,0.339617,0.643639,1
1023.KL,18/12/2025,-0.362257,0.124587,0.38857,0.486843,0.25,0.25,0.5,0.585027,0.861275,4
1023.KL,18/2/2020,-0.122636,0.213401,0.450561,0.336038,0.333333,0.333333,0.333333,0.492379,0.810672,3
1023.KL,18/2/2021,0.0,0.0,0.0,0.0,0.0,0.0,0.0,0.0,0.0,0
1023.KL,18/2/2022,-0.079714,0.256312,0.407662,0.336026,0.666667,0.0,0.333333,0.453893,0.774544,3
1023.KL,18/2/2023,0.0,0.0,0.0,0.0,0.0,0.0,0.0,0.0,0.0,0
1023.KL,18/2/2024,-0.910636,0.015868,0.057628,0.926504,0.0,0.0,1.0,0.910636,0.926504,1
1023.KL,18/2/2025,-0.20277,0.024467,0.748297,0.227236,0.0,0.0,1.0,0.20277,0.748297,1
1023.KL,18/2/2026,0.0,0.0,0.0,0.0,0.0,0.0,0.0,0.0,0.0,0
1023.KL,18/3/2020,0.0,0.0,0.0,0.0,0.0,0.0,0.0,0.0,0.0,0
1023.KL,18/3/2021,-0.052959,0.033949,0.879143,0.086908,0.0,1.0,0.0,0.052959,0.879143,2
1023.KL,18/3/2022,0.489982,0.71414,0.061702,0.224158,0.75,0.0,0.25,0.854249,0.896274,4
1023.KL,18/3/2023,0.0,0.0,0.0,0.0,0.0,0.0,0.0,0.0,0.0,0
1023.KL,18/3/2024,0.73262,0.841686,0.049248,0.109066,1.0,0.0,0.0,0.73262,0.841686,1
1023.KL,18/3/2025,0.901744,0.931574,0.038596,0.02983,1.0,0.0,0.0,0.901744,0.931574,1
1023.KL,18/3/2026,0.855413,0.905649,0.044115,0.050236,1.0,0.0,0.0,0.855413,0.905649,3
1023.KL,18/4/2020,0.34584,0.522059,0.301722,0.176219,0.666667,0.333333,0.0,0.34584,0.738535,3
1023.KL,18/4/2021,0.0,0.0,0.0,0.0,0.0,0.0,0.0,0.0,0.0,0
1023.KL,18/4/2022,0.028688,0.042678,0.943332,0.01399,0.0,1.0,0.0,0.028688,0.943332,1
1023.KL,18/4/2023,0.100134,0.36766,0.364815,0.267526,0.5,0.25,0.25,0.574887,0.79601,4
1023.KL,18/4/2024,-0.02804,0.442039,0.087882,0.470079,0.5,0.0,0.5,0.763063,0.837591,2
1023.KL,18/4/2025,0.473786,0.510285,0.453217,0.036498,0.75,0.25,0.0,0.500544,0.91131,4
1023.KL,18/5/2020,0.059429,0.311884,0.43566,0.252455,0.5,0.25,0.25,0.503712,0.830637,4
1023.KL,18/5/2021,0.935303,0.951199,0.032905,0.015896,1.0,0.0,0.0,0.935303,0.951199,1
1023.KL,18/5/2022,0.705947,0.824729,0.05649,0.118782,1.0,0.0,0.0,0.705947,0.824729,2
1023.KL,18/5/2023,0.180037,0.188266,0.803505,0.008229,1.0,0.0,0.0,0.180037,0.803505,1
1023.KL,18/5/2024,0.912951,0.925279,0.062392,0.012329,1.0,0.0,0.0,0.912951,0.925279,1
1023.KL,18/5/2025,0.0,0.0,0.0,0.0,0.0,0.0,0.0,0.0,0.0,0
1023.KL,18/6/2020,-0.158498,0.268248,0.305005,0.426746,0.25,0.25,0.5,0.590658,0.815178,4
1023.KL,18/6/2021,0.15206,0.484228,0.183604,0.332168,0.666667,0.0,0.333333,0.791835,0.804116,3
1023.KL,18/6/2022,0.0,0.0,0.0,0.0,0.0,0.0,0.0,0.0,0.0,0
1023.KL,18/6/2023,0.0,0.0,0.0,0.0,0.0,0.0,0.0,0.0,0.0,0
1023.KL,18/6/2024,0.123325,0.135102,0.85312,0.011777,1.0,0.0,0.0,0.123325,0.85312,1
1023.KL,18/6/2025,0.093538,0.105873,0.881793,0.012335,0.0,1.0,0.0,0.093538,0.881793,1
1023.KL,18/7/2020,0.0,0.0,0.0,0.0,0.0,0.0,0.0,0.0,0.0,0
1023.KL,18/7/2021,0.0,0.0,0.0,0.0,0.0,0.0,0.0,0.0,0.0,0
1023.KL,18/7/2022,0.0,0.0,0.0,0.0,0.0,0.0,0.0,0.0,0.0,0
1023.KL,18/7/2023,0.0,0.0,0.0,0.0,0.0,0.0,0.0,0.0,0.0,0
1023.KL,18/7/2024,0.0,0.0,0.0,0.0,0.0,0.0,0.0,0.0,0.0,0
1023.KL,18/7/2025,0.905169,0.936328,0.032513,0.031159,1.0,0.0,0.0,0.905169,0.936328,2
1023.KL,18/8/2020,-0.26288,0.174877,0.387365,0.437758,0.0,0.0,1.0,0.26288,0.668354,2
1023.KL,18/8/2021,0.0,0.0,0.0,0.0,0.0,0.0,0.0,0.0,0.0,0
1023.KL,18/8/2022,0.142125,0.150481,0.841162,0.008357,1.0,0.0,0.0,0.142125,0.841162,1
1023.KL,18/8/2023,-0.52013,0.060049,0.359772,0.580179,0.0,0.333333,0.666667,0.564116,0.881845,3
1023.KL,18/8/2024,0.0,0.0,0.0,0.0,0.0,0.0,0.0,0.0,0.0,0
1023.KL,18/8/2025,0.0,0.0,0.0,0.0,0.0,0.0,0.0,0.0,0.0,0
1023.KL,18/9/2020,0.411597,0.420702,0.570192,0.009105,1.0,0.0,0.0,0.411597,0.808289,3
1023.KL,18/9/2021,0.070107,0.089924,0.890258,0.019818,0.0,1.0,0.0,0.070107,0.890258,1
1023.KL,18/9/2022,0.0,0.0,0.0,0.0,0.0,0.0,0.0,0.0,0.0,0
1023.KL,18/9/2023,0.567687,0.577814,0.412059,0.010127,1.0,0.0,0.0,0.567687,0.577814,1
1023.KL,18/9/2024,-0.204298,0.370716,0.054269,0.575015,0.0,0.0,1.0,0.204298,0.575015,1
1023.KL,18/9/2025,0.0,0.0,0.0,0.0,0.0,0.0,0.0,0.0,0.0,0
1023.KL,19/1/2020,0.0,0.0,0.0,0.0,0.0,0.0,0.0,0.0,0.0,0
1023.KL,19/1/2021,0.167894,0.436904,0.294086,0.26901,1.0,0.0,0.0,0.167894,0.436904,1
1023.KL,19/1/2022,0.063929,0.457157,0.149614,0.393229,0.5,0.0,0.5,0.777029,0.813707,2
1023.KL,19/1/2023,-0.909651,0.033555,0.023239,0.943206,0.0,0.0,1.0,0.909651,0.943206,1
1023.KL,19/1/2024,-0.468241,0.062871,0.406017,0.531112,0.0,0.5,0.5,0.498822,0.884653,2
1023.KL,19/1/2025,0.0,0.0,0.0,0.0,0.0,0.0,0.0,0.0,0.0,0
1023.KL,19/1/2026,0.929406,0.939239,0.050928,0.009833,1.0,0.0,0.0,0.929406,0.939239,1
1023.KL,19/10/2020,0.0,0.0,0.0,0.0,0.0,0.0,0.0,0.0,0.0,0
1023.KL,19/10/2021,0.719905,0.737744,0.244417,0.017839,1.0,0.0,0.0,0.719905,0.737744,2
1023.KL,19/10/2022,0.0,0.0,0.0,0.0,0.0,0.0,0.0,0.0,0.0,0
1023.KL,19/10/2023,0.079098,0.50116,0.076778,0.422062,0.5,0.0,0.5,0.732564,0.827893,2
1023.KL,19/10/2024,0.0,0.0,0.0,0.0,0.0,0.0,0.0,0.0,0.0,0
1023.KL,19/10/2025,0.0,0.0,0.0,0.0,0.0,0.0,0.0,0.0,0.0,0
1023.KL,19/11/2020,0.304781,0.330669,0.643443,0.025888,1.0,0.0,0.0,0.304781,0.643443,2
1023.KL,19/11/2021,0.425726,0.592895,0.239936,0.167169,1.0,0.0,0.0,0.425726,0.592895,1
1023.KL,19/11/2022,0.0,0.0,0.0,0.0,0.0,0.0,0.0,0.0,0.0,0
1023.KL,19/11/2023,0.0,0.0,0.0,0.0,0.0,0.0,0.0,0.0,0.0,0
1023.KL,19/11/2024,-0.135353,0.346297,0.172053,0.48165,0.0,0.0,1.0,0.135353,0.48165,1
1023.KL,19/11/2025,0.056275,0.077891,0.900494,0.021615,0.0,1.0,0.0,0.056275,0.900494,2
1023.KL,19/12/2020,0.102838,0.115305,0.872228,0.012467,1.0,0.0,0.0,0.102838,0.872228,1
1023.KL,19/12/2021,0.0,0.0,0.0,0.0,0.0,0.0,0.0,0.0,0.0,0
1023.KL,19/12/2022,-0.009384,0.477343,0.035929,0.486728,0.5,0.0,0.5,0.91374,0.938906,2
1023.KL,19/12/2023,0.888332,0.909589,0.069154,0.021257,1.0,0.0,0.0,0.888332,0.909589,1
1023.KL,19/12/2024,-0.062229,0.245658,0.446456,0.307886,0.2,0.4,0.4,0.465466,0.848816,5
1023.KL,19/12/2025,0.129366,0.294002,0.541362,0.164636,0.5,0.333333,0.166667,0.39758,0.82001,6
1023.KL,19/2/2020,-0.299366,0.329928,0.040778,0.629294,0.333333,0.0,0.666667,0.906605,0.932914,3
1023.KL,19/2/2021,0.102073,0.125195,0.851684,0.023121,0.5,0.5,0.0,0.102073,0.851684,2
1023.KL,19/2/2022,0.0,0.0,0.0,0.0,0.0,0.0,0.0,0.0,0.0,0
1023.KL,19/2/2023,0.0,0.0,0.0,0.0,0.0,0.0,0.0,0.0,0.0,0
1023.KL,19/2/2024,0.032122,0.144009,0.744104,0.111887,0.0,1.0,0.0,0.032122,0.744104,1
1023.KL,19/2/2025,0.0,0.0,0.0,0.0,0.0,0.0,0.0,0.0,0.0,0
1023.KL,19/2/2026,0.894389,0.91246,0.069468,0.018072,1.0,0.0,0.0,0.894389,0.91246,1
1023.KL,19/3/2020,0.915126,0.932508,0.05011,0.017382,1.0,0.0,0.0,0.915126,0.932508,2
1023.KL,19/3/2021,-0.011795,0.032899,0.922406,0.044695,0.0,1.0,0.0,0.032597,0.922406,2
1023.KL,19/3/2022,-0.879546,0.016038,0.088379,0.895583,0.0,0.0,1.0,0.879546,0.895583,1
1023.KL,19/3/2023,0.0,0.0,0.0,0.0,0.0,0.0,0.0,0.0,0.0,0
1023.KL,19/3/2024,0.137321,0.211602,0.714117,0.074281,1.0,0.0,0.0,0.137321,0.714117,1
1023.KL,19/3/2025,-0.072391,0.385654,0.156301,0.458045,0.333333,0.0,0.666667,0.684318,0.764009,3
1023.KL,19/3/2026,0.885306,0.924684,0.035937,0.039378,1.0,0.0,0.0,0.885306,0.924684,1
1023.KL,19/4/2020,0.0,0.0,0.0,0.0,0.0,0.0,0.0,0.0,0.0,0
1023.KL,19/4/2021,0.0,0.0,0.0,0.0,0.0,0.0,0.0,0.0,0.0,0
1023.KL,19/4/2022,0.905907,0.924439,0.057029,0.018532,1.0,0.0,0.0,0.905907,0.924439,1
1023.KL,19/4/2023,-0.361484,0.068016,0.502484,0.4295,0.0,0.5,0.5,0.408228,0.795757,2
1023.KL,19/4/2024,0.902084,0.935944,0.030197,0.033859,1.0,0.0,0.0,0.902084,0.935944,1
1023.KL,19/4/2025,-0.06273,0.146944,0.643382,0.209674,0.0,0.666667,0.333333,0.070184,0.808061,3
1023.KL,19/5/2020,0.0,0.0,0.0,0.0,0.0,0.0,0.0,0.0,0.0,0
1023.KL,19/5/2021,0.303781,0.557505,0.188771,0.253724,0.666667,0.0,0.333333,0.758707,0.784968,3
1023.KL,19/5/2022,0.0,0.0,0.0,0.0,0.0,0.0,0.0,0.0,0.0,0
1023.KL,19/5/2023,0.004071,0.288913,0.426245,0.284842,0.5,0.25,0.25,0.504884,0.880261,4
1023.KL,19/5/2024,0.0,0.0,0.0,0.0,0.0,0.0,0.0,0.0,0.0,0
1023.KL,19/5/2025,0.690587,0.71393,0.262726,0.023343,1.0,0.0,0.0,0.690587,0.71393,3
1023.KL,19/6/2020,0.0,0.0,0.0,0.0,0.0,0.0,0.0,0.0,0.0,0
1023.KL,19/6/2021,0.0,0.0,0.0,0.0,0.0,0.0,0.0,0.0,0.0,0
1023.KL,19/6/2022,0.0,0.0,0.0,0.0,0.0,0.0,0.0,0.0,0.0,0
1023.KL,19/6/2023,0.0,0.0,0.0,0.0,0.0,0.0,0.0,0.0,0.0,0
1023.KL,19/6/2024,-0.612147,0.018116,0.351621,0.630263,0.0,0.0,1.0,0.612147,0.630263,1
1023.KL,19/6/2025,0.0,0.0,0.0,0.0,0.0,0.0,0.0,0.0,0.0,0
1023.KL,19/7/2020,0.0,0.0,0.0,0.0,0.0,0.0,0.0,0.0,0.0,0
1023.KL,19/7/2021,0.20566,0.223467,0.758726,0.017807,1.0,0.0,0.0,0.20566,0.758726,1
1023.KL,19/7/2022,0.066735,0.076003,0.914728,0.009268,0.0,1.0,0.0,0.066735,0.914728,1
1023.KL,19/7/2023,-0.945868,0.012985,0.028162,0.958853,0.0,0.0,1.0,0.945868,0.958853,1
1023.KL,19/7/2024,0.115906,0.395087,0.325732,0.279181,0.666667,0.0,0.333333,0.544926,0.853843,3
1023.KL,19/7/2025,0.003184,0.036138,0.930909,0.032954,0.0,1.0,0.0,0.003184,0.930909,1
1023.KL,19/8/2020,0.067533,0.283536,0.500461,0.216003,0.25,0.75,0.0,0.073746,0.710978,4
1023.KL,19/8/2021,0.0,0.0,0.0,0.0,0.0,0.0,0.0,0.0,0.0,0
1023.KL,19/8/2022,-0.260738,0.153534,0.432194,0.414272,0.5,0.0,0.5,0.411548,0.828406,2
1023.KL,19/8/2023,0.0,0.0,0.0,0.0,0.0,0.0,0.0,0.0,0.0,0
1023.KL,19/8/2024,0.86944,0.902982,0.063476,0.033542,1.0,0.0,0.0,0.86944,0.902982,2
1023.KL,19/8/2025,0.906011,0.914283,0.077445,0.008272,1.0,0.0,0.0,0.906011,0.914283,1
1023.KL,19/9/2020,-0.108123,0.165128,0.561621,0.273251,0.0,0.0,1.0,0.108123,0.561621,1
1023.KL,19/9/2021,0.0,0.0,0.0,0.0,0.0,0.0,0.0,0.0,0.0,0
1023.KL,19/9/2022,0.188247,0.196234,0.795778,0.007987,1.0,0.0,0.0,0.188247,0.795778,1
1023.KL,19/9/2023,0.0,0.0,0.0,0.0,0.0,0.0,0.0,0.0,0.0,0
1023.KL,19/9/2024,-0.658497,0.043548,0.254407,0.702045,0.0,0.0,1.0,0.658497,0.702045,3
1023.KL,19/9/2025,0.0,0.0,0.0,0.0,0.0,0.0,0.0,0.0,0.0,0
1023.KL,2/1/2020,0.247667,0.302892,0.641884,0.055224,0.333333,0.666667,0.0,0.249,0.907666,3
1023.KL,2/1/2021,0.0,0.0,0.0,0.0,0.0,0.0,0.0,0.0,0.0,0
1023.KL,2/1/2022,0.0,0.0,0.0,0.0,0.0,0.0,0.0,0.0,0.0,0
1023.KL,2/1/2023,0.0,0.0,0.0,0.0,0.0,0.0,0.0,0.0,0.0,0
1023.KL,2/1/2024,0.0,0.0,0.0,0.0,0.0,0.0,0.0,0.0,0.0,0
1023.KL,2/1/2025,0.928214,0.948738,0.030737,0.020525,1.0,0.0,0.0,0.928214,0.948738,1
1023.KL,2/1/2026,0.0,0.0,0.0,0.0,0.0,0.0,0.0,0.0,0.0,0
1023.KL,2/10/2020,0.868448,0.879535,0.109378,0.011087,1.0,0.0,0.0,0.868448,0.879535,1
1023.KL,2/10/2021,0.177414,0.187658,0.802099,0.010243,1.0,0.0,0.0,0.177414,0.802099,1
1023.KL,2/10/2022,0.0,0.0,0.0,0.0,0.0,0.0,0.0,0.0,0.0,0
1023.KL,2/10/2023,-0.479165,0.042188,0.436459,0.521353,0.0,0.0,1.0,0.479165,0.728621,3
1023.KL,2/10/2024,0.029275,0.394727,0.239821,0.365452,0.4,0.2,0.4,0.693951,0.89982,5
1023.KL,2/10/2025,0.440641,0.698224,0.044194,0.257583,0.5,0.5,0.0,0.473961,0.714883,2
1023.KL,2/11/2020,0.0,0.0,0.0,0.0,0.0,0.0,0.0,0.0,0.0,0
1023.KL,2/11/2021,-0.105836,0.142139,0.609887,0.247974,0.5,0.0,0.5,0.225602,0.642853,2
1023.KL,2/11/2022,0.228625,0.499469,0.229687,0.270844,0.5,0.0,0.5,0.707136,0.738725,2
1023.KL,2/11/2023,0.0,0.0,0.0,0.0,0.0,0.0,0.0,0.0,0.0,0
1023.KL,2/11/2024,0.0,0.0,0.0,0.0,0.0,0.0,0.0,0.0,0.0,0
1023.KL,2/11/2025,0.0,0.0,0.0,0.0,0.0,0.0,0.0,0.0,0.0,0
1023.KL,2/12/2020,0.385163,0.469727,0.445709,0.084564,1.0,0.0,0.0,0.385163,0.839827,2
1023.KL,2/12/2021,0.0,0.0,0.0,0.0,0.0,0.0,0.0,0.0,0.0,0
1023.KL,2/12/2022,-0.220911,0.126901,0.525287,0.347812,0.5,0.0,0.5,0.348003,0.769197,2
1023.KL,2/12/2023,0.804714,0.887866,0.028983,0.083152,1.0,0.0,0.0,0.804714,0.887866,1
1023.KL,2/12/2024,0.522178,0.535962,0.450253,0.013785,1.0,0.0,0.0,0.522178,0.535962,1
1023.KL,2/12/2025,-0.30735,0.325793,0.041064,0.633143,0.333333,0.0,0.666667,0.886159,0.922547,3
1023.KL,2/2/2020,0.0,0.0,0.0,0.0,0.0,0.0,0.0,0.0,0.0,0
1023.KL,2/2/2021,0.0,0.0,0.0,0.0,0.0,0.0,0.0,0.0,0.0,0
1023.KL,2/2/2022,0.0,0.0,0.0,0.0,0.0,0.0,0.0,0.0,0.0,0
1023.KL,2/2/2023,0.0,0.0,0.0,0.0,0.0,0.0,0.0,0.0,0.0,0
1023.KL,2/2/2024,-0.03339,0.433636,0.099338,0.467026,0.5,0.0,0.5,0.874444,0.887553,2
1023.KL,2/2/2025,0.0,0.0,0.0,0.0,0.0,0.0,0.0,0.0,0.0,0
1023.KL,2/2/2026,0.0,0.0,0.0,0.0,0.0,0.0,0.0,0.0,0.0,0
1023.KL,2/3/2020,0.093705,0.474472,0.144762,0.380766,0.5,0.0,0.5,0.793606,0.824422,2
1023.KL,2/3/2021,0.610709,0.639493,0.331723,0.028784,0.666667,0.333333,0.0,0.610709,0.931506,3
1023.KL,2/3/2022,-0.902374,0.028726,0.040173,0.931101,0.0,0.0,1.0,0.902374,0.931101,1
1023.KL,2/3/2023,-0.91659,0.030267,0.022876,0.946857,0.0,0.0,1.0,0.91659,0.946857,1
1023.KL,2/3/2024,0.0,0.0,0.0,0.0,0.0,0.0,0.0,0.0,0.0,0
1023.KL,2/3/2025,0.0,0.0,0.0,0.0,0.0,0.0,0.0,0.0,0.0,0
1023.KL,2/3/2026,-0.440288,0.05111,0.457492,0.491398,0.0,0.5,0.5,0.464029,0.89162,4
1023.KL,2/4/2020,-0.04228,0.431726,0.094268,0.474006,0.5,0.0,0.5,0.867553,0.886642,2
1023.KL,2/4/2021,0.792177,0.876551,0.039074,0.084374,1.0,0.0,0.0,0.792177,0.876551,1
1023.KL,2/4/2022,0.270221,0.279641,0.710938,0.00942,1.0,0.0,0.0,0.270221,0.710938,1
1023.KL,2/4/2023,0.0,0.0,0.0,0.0,0.0,0.0,0.0,0.0,0.0,0
1023.KL,2/4/2024,0.346014,0.366809,0.612396,0.020795,1.0,0.0,0.0,0.346014,0.612396,2
1023.KL,2/4/2025,0.09091,0.110692,0.869526,0.019782,0.5,0.5,0.0,0.09091,0.869526,2
1023.KL,2/5/2020,0.885311,0.901009,0.083293,0.015698,1.0,0.0,0.0,0.885311,0.901009,1
1023.KL,2/5/2021,-0.402621,0.267262,0.062855,0.669883,0.0,0.0,1.0,0.402621,0.669883,1
1023.KL,2/5/2022,0.160598,0.200579,0.75944,0.039981,1.0,0.0,0.0,0.160598,0.75944,1
1023.KL,2/5/2023,0.740188,0.751699,0.23679,0.011511,1.0,0.0,0.0,0.740188,0.751699,1
1023.KL,2/5/2024,0.0,0.0,0.0,0.0,0.0,0.0,0.0,0.0,0.0,0
1023.KL,2/5/2025,0.0,0.0,0.0,0.0,0.0,0.0,0.0,0.0,0.0,0
1023.KL,2/6/2020,-0.933089,0.014451,0.03801,0.94754,0.0,0.0,1.0,0.933089,0.94754,1
1023.KL,2/6/2021,0.0,0.0,0.0,0.0,0.0,0.0,0.0,0.0,0.0,0
1023.KL,2/6/2022,0.0,0.0,0.0,0.0,0.0,0.0,0.0,0.0,0.0,0
1023.KL,2/6/2023,-0.957737,0.012002,0.01826,0.969738,0.0,0.0,1.0,0.957737,0.969738,1
1023.KL,2/6/2024,0.0,0.0,0.0,0.0,0.0,0.0,0.0,0.0,0.0,0
1023.KL,2/6/2025,0.0,0.0,0.0,0.0,0.0,0.0,0.0,0.0,0.0,0
1023.KL,2/7/2020,0.134335,0.38493,0.364475,0.250595,0.75,0.0,0.25,0.588841,0.777006,4
1023.KL,2/7/2021,0.0,0.0,0.0,0.0,0.0,0.0,0.0,0.0,0.0,0
1023.KL,2/7/2022,0.0,0.0,0.0,0.0,0.0,0.0,0.0,0.0,0.0,0
1023.KL,2/7/2023,0.0,0.0,0.0,0.0,0.0,0.0,0.0,0.0,0.0,0
1023.KL,2/7/2024,0.335121,0.632312,0.070497,0.297191,1.0,0.0,0.0,0.335121,0.632312,1
1023.KL,2/7/2025,0.0,0.0,0.0,0.0,0.0,0.0,0.0,0.0,0.0,0
1023.KL,2/8/2020,0.0,0.0,0.0,0.0,0.0,0.0,0.0,0.0,0.0,0
1023.KL,2/8/2021,0.869869,0.912282,0.045306,0.042412,1.0,0.0,0.0,0.869869,0.912282,1
1023.KL,2/8/2022,0.109912,0.366155,0.377601,0.256244,0.333333,0.333333,0.333333,0.431692,0.823625,3
1023.KL,2/8/2023,-0.400237,0.084582,0.430598,0.48482,0.0,0.5,0.5,0.498892,0.872777,2
1023.KL,2/8/2024,0.0,0.0,0.0,0.0,0.0,0.0,0.0,0.0,0.0,0
1023.KL,2/8/2025,0.002725,0.486196,0.030333,0.483471,0.0,1.0,0.0,0.002725,0.486196,1
1023.KL,2/9/2020,-0.822403,0.014543,0.14851,0.836947,0.0,0.0,1.0,0.822403,0.836947,1
1023.KL,2/9/2021,0.683993,0.692499,0.298996,0.008505,1.0,0.0,0.0,0.683993,0.692499,1
1023.KL,2/9/2022,0.705583,0.715767,0.274049,0.010184,1.0,0.0,0.0,0.705583,0.715767,1
1023.KL,2/9/2023,0.556764,0.591064,0.374636,0.0343,1.0,0.0,0.0,0.556764,0.807302,2
1023.KL,2/9/2024,0.029635,0.042782,0.944071,0.013147,0.0,1.0,0.0,0.029635,0.944071,1
1023.KL,2/9/2025,-0.43801,0.181362,0.199265,0.619373,0.142857,0.142857,0.714286,0.712973,0.885623,7
1023.KL,20/1/2020,-0.882376,0.023431,0.070762,0.905807,0.0,0.0,1.0,0.882376,0.905807,1
1023.KL,20/1/2021,0.0,0.0,0.0,0.0,0.0,0.0,0.0,0.0,0.0,0
1023.KL,20/1/2022,-0.681149,0.067955,0.18294,0.749104,0.0,0.0,1.0,0.681149,0.749104,2
1023.KL,20/1/2023,0.33813,0.477354,0.383423,0.139224,0.5,0.0,0.5,0.569505,0.828036,2
1023.KL,20/1/2024,0.890505,0.898545,0.093415,0.00804,1.0,0.0,0.0,0.890505,0.898545,1
1023.KL,20/1/2025,0.087893,0.111979,0.863935,0.024086,0.5,0.5,0.0,0.087893,0.863935,2
1023.KL,20/1/2026,-0.406999,0.090545,0.41191,0.497545,0.5,0.0,0.5,0.556379,0.887973,2
1023.KL,20/10/2020,-0.548198,0.112762,0.226279,0.66096,0.0,0.0,1.0,0.548198,0.66096,1
1023.KL,20/10/2021,0.452486,0.577365,0.297756,0.124879,0.75,0.25,0.0,0.457686,0.63658,4
1023.KL,20/10/2022,0.672175,0.745973,0.180229,0.073798,1.0,0.0,0.0,0.672175,0.745973,1
1023.KL,20/10/2023,-0.953565,0.013915,0.018605,0.96748,0.0,0.0,1.0,0.953565,0.96748,1
1023.KL,20/10/2024,0.0,0.0,0.0,0.0,0.0,0.0,0.0,0.0,0.0,0
1023.KL,20/10/2025,0.0,0.0,0.0,0.0,0.0,0.0,0.0,0.0,0.0,0
1023.KL,20/11/2020,-0.677173,0.123408,0.076011,0.800581,0.0,0.0,1.0,0.677173,0.800581,1
1023.KL,20/11/2021,0.0,0.0,0.0,0.0,0.0,0.0,0.0,0.0,0.0,0
1023.KL,20/11/2022,0.0,0.0,0.0,0.0,0.0,0.0,0.0,0.0,0.0,0
1023.KL,20/11/2023,0.874372,0.902372,0.069628,0.028,1.0,0.0,0.0,0.874372,0.902372,2
1023.KL,20/11/2024,0.379422,0.387718,0.603986,0.008296,1.0,0.0,0.0,0.379422,0.603986,1
1023.KL,20/11/2025,0.296787,0.468125,0.360536,0.171339,0.5,0.25,0.25,0.588736,0.827439,4
1023.KL,20/12/2020,0.0,0.0,0.0,0.0,0.0,0.0,0.0,0.0,0.0,0
1023.KL,20/12/2021,0.045071,0.058925,0.92722,0.013855,0.0,1.0,0.0,0.045071,0.92722,1
1023.KL,20/12/2022,0.0,0.0,0.0,0.0,0.0,0.0,0.0,0.0,0.0,0
1023.KL,20/12/2023,0.89287,0.912301,0.068269,0.019431,1.0,0.0,0.0,0.89287,0.912301,1
1023.KL,20/12/2024,0.525538,0.652462,0.220614,0.126924,1.0,0.0,0.0,0.525538,0.652462,1
1023.KL,20/12/2025,0.0,0.0,0.0,0.0,0.0,0.0,0.0,0.0,0.0,0
1023.KL,20/2/2020,-0.216676,0.166233,0.450858,0.382909,0.0,0.5,0.5,0.31374,0.816769,2
1023.KL,20/2/2021,0.0,0.0,0.0,0.0,0.0,0.0,0.0,0.0,0.0,0
1023.KL,20/2/2022,0.0,0.0,0.0,0.0,0.0,0.0,0.0,0.0,0.0,0
1023.KL,20/2/2023,0.0,0.0,0.0,0.0,0.0,0.0,0.0,0.0,0.0,0
1023.KL,20/2/2024,0.029738,0.482278,0.065182,0.45254,0.5,0.0,0.5,0.877694,0.906256,2
1023.KL,20/2/2025,-0.933993,0.022589,0.020829,0.956582,0.0,0.0,1.0,0.933993,0.956582,1
1023.KL,20/2/2026,0.016056,0.493559,0.028938,0.477503,0.5,0.0,0.5,0.895628,0.933345,2
1023.KL,20/3/2020,0.907492,0.939245,0.029002,0.031753,1.0,0.0,0.0,0.907492,0.939245,1
1023.KL,20/3/2021,0.0,0.0,0.0,0.0,0.0,0.0,0.0,0.0,0.0,0
1023.KL,20/3/2022,0.0,0.0,0.0,0.0,0.0,0.0,0.0,0.0,0.0,0
1023.KL,20/3/2023,-0.439273,0.157536,0.245655,0.596809,0.0,0.0,1.0,0.439273,0.596809,1
1023.KL,20/3/2024,0.134063,0.149589,0.834886,0.015525,1.0,0.0,0.0,0.134063,0.834886,1
1023.KL,20/3/2025,-0.244465,0.239919,0.275698,0.484384,0.25,0.0,0.75,0.502728,0.654618,4
1023.KL,20/3/2026,-0.911908,0.027897,0.032298,0.939805,0.0,0.0,1.0,0.911908,0.939805,1
1023.KL,20/4/2020,0.139737,0.537176,0.065384,0.397439,0.5,0.0,0.5,0.751928,0.843272,2
1023.KL,20/4/2021,0.0,0.0,0.0,0.0,0.0,0.0,0.0,0.0,0.0,0
1023.KL,20/4/2022,-0.204993,0.025316,0.744375,0.230309,0.0,0.0,1.0,0.204993,0.744375,1
1023.KL,20/4/2023,-0.026102,0.023733,0.926432,0.049835,0.0,1.0,0.0,0.026102,0.926432,1
1023.KL,20/4/2024,-0.961516,0.010526,0.017431,0.972043,0.0,0.0,1.0,0.961516,0.972043,1
1023.KL,20/4/2025,0.0,0.0,0.0,0.0,0.0,0.0,0.0,0.0,0.0,0
1023.KL,20/5/2020,0.735098,0.763352,0.208394,0.028254,1.0,0.0,0.0,0.735098,0.763352,2
1023.KL,20/5/2021,0.003389,0.485288,0.032813,0.481899,0.5,0.0,0.5,0.924955,0.946071,2
1023.KL,20/5/2022,0.0,0.0,0.0,0.0,0.0,0.0,0.0,0.0,0.0,0
1023.KL,20/5/2023,-0.31677,0.054113,0.575004,0.370883,0.0,0.5,0.5,0.367373,0.796047,2
1023.KL,20/5/2024,0.0,0.0,0.0,0.0,0.0,0.0,0.0,0.0,0.0,0
1023.KL,20/5/2025,-0.011679,0.483857,0.020607,0.495536,0.5,0.0,0.5,0.933524,0.956459,2
1023.KL,20/6/2020,0.684877,0.712898,0.259082,0.028021,1.0,0.0,0.0,0.684877,0.712898,1
1023.KL,20/6/2021,0.0,0.0,0.0,0.0,0.0,0.0,0.0,0.0,0.0,0
1023.KL,20/6/2022,-0.345959,0.131796,0.390449,0.477755,0.5,0.0,0.5,0.579436,0.850117,2
1023.KL,20/6/2023,-0.645819,0.109116,0.135949,0.754935,0.0,0.0,1.0,0.645819,0.754935,1
1023.KL,20/6/2024,0.0,0.0,0.0,0.0,0.0,0.0,0.0,0.0,0.0,0
1023.KL,20/6/2025,0.909439,0.941884,0.025671,0.032445,1.0,0.0,0.0,0.909439,0.941884,1
1023.KL,20/7/2020,0.497765,0.65878,0.180206,0.161015,1.0,0.0,0.0,0.497765,0.65878,1
1023.KL,20/7/2021,0.044172,0.290384,0.463404,0.246212,0.333333,0.333333,0.333333,0.387126,0.718764,3
1023.KL,20/7/2022,0.865548,0.878032,0.109484,0.012484,1.0,0.0,0.0,0.865548,0.878032,1
1023.KL,20/7/2023,-0.464129,0.064028,0.407816,0.528156,0.0,0.0,1.0,0.464129,0.528156,1
1023.KL,20/7/2024,0.0,0.0,0.0,0.0,0.0,0.0,0.0,0.0,0.0,0
1023.KL,20/7/2025,0.0,0.0,0.0,0.0,0.0,0.0,0.0,0.0,0.0,0
1023.KL,20/8/2020,0.374521,0.399361,0.575799,0.02484,0.666667,0.333333,0.0,0.374521,0.880603,3
1023.KL,20/8/2021,-0.33713,0.319891,0.023089,0.65702,0.333333,0.0,0.666667,0.943587,0.960249,3
1023.KL,20/8/2022,-0.947938,0.019274,0.013513,0.967212,0.0,0.0,1.0,0.947938,0.967212,1
1023.KL,20/8/2023,0.0,0.0,0.0,0.0,0.0,0.0,0.0,0.0,0.0,0
1023.KL,20/8/2024,0.269628,0.432688,0.404251,0.163061,0.6,0.2,0.2,0.446258,0.832798,5
1023.KL,20/8/2025,0.09751,0.116597,0.864316,0.019087,0.0,1.0,0.0,0.09751,0.864316,1
1023.KL,20/9/2020,0.219329,0.230815,0.757698,0.011486,1.0,0.0,0.0,0.219329,0.757698,1
1023.KL,20/9/2021,0.260008,0.267514,0.724981,0.007505,1.0,0.0,0.0,0.260008,0.724981,1
1023.KL,20/9/2022,-0.071672,0.290945,0.346438,0.362617,0.666667,0.0,0.333333,0.559866,0.786013,3
1023.KL,20/9/2023,0.743104,0.821057,0.100991,0.077953,1.0,0.0,0.0,0.743104,0.821057,1
1023.KL,20/9/2024,0.10356,0.336547,0.430466,0.232987,0.4,0.2,0.4,0.517841,0.80112,5
1023.KL,20/9/2025,0.689464,0.794245,0.100974,0.104781,1.0,0.0,0.0,0.689464,0.794245,1
1023.KL,21/1/2020,0.460109,0.497055,0.465999,0.036946,0.75,0.25,0.0,0.460109,0.783105,4
1023.KL,21/1/2021,-0.208188,0.272043,0.247726,0.480231,0.25,0.25,0.5,0.696674,0.91728,4
1023.KL,21/1/2022,-0.370257,0.089458,0.450827,0.459715,0.5,0.0,0.5,0.49805,0.882437,2
1023.KL,21/1/2023,0.480077,0.500784,0.478509,0.020707,0.5,0.5,0.0,0.480077,0.935391,2
1023.KL,21/1/2024,0.0,0.0,0.0,0.0,0.0,0.0,0.0,0.0,0.0,0
1023.KL,21/1/2025,0.928618,0.939716,0.049186,0.011098,1.0,0.0,0.0,0.928618,0.939716,1
1023.KL,21/1/2026,0.436746,0.688238,0.060269,0.251493,1.0,0.0,0.0,0.436746,0.688238,1
1023.KL,21/10/2020,0.340198,0.37788,0.584439,0.037681,0.5,0.5,0.0,0.340198,0.805418,2
1023.KL,21/10/2021,0.45234,0.467252,0.517837,0.014911,1.0,0.0,0.0,0.45234,0.830573,3
1023.KL,21/10/2022,0.807326,0.879726,0.047875,0.0724,1.0,0.0,0.0,0.807326,0.879726,1
1023.KL,21/10/2023,0.927877,0.940691,0.046496,0.012814,1.0,0.0,0.0,0.927877,0.940691,1
1023.KL,21/10/2024,0.043338,0.058662,0.926015,0.015323,0.0,1.0,0.0,0.043338,0.926015,1
1023.KL,21/10/2025,0.86768,0.911857,0.043965,0.044178,1.0,0.0,0.0,0.86768,0.911857,1
1023.KL,21/11/2020,0.0,0.0,0.0,0.0,0.0,0.0,0.0,0.0,0.0,0
1023.KL,21/11/2021,0.0,0.0,0.0,0.0,0.0,0.0,0.0,0.0,0.0,0
1023.KL,21/11/2022,0.082415,0.177223,0.727969,0.094808,0.4,0.6,0.0,0.117399,0.728003,5
1023.KL,21/11/2023,-0.928585,0.02877,0.013875,0.957355,0.0,0.0,1.0,0.928585,0.957355,2
1023.KL,21/11/2024,-0.722537,0.053861,0.169741,0.776398,0.0,0.0,1.0,0.722537,0.776398,2
1023.KL,21/11/2025,-0.010665,0.484451,0.020433,0.495116,0.5,0.0,0.5,0.933667,0.956617,2
1023.KL,21/12/2020,-0.052621,0.033771,0.879837,0.086392,0.0,1.0,0.0,0.052621,0.879837,1
1023.KL,21/12/2021,0.77016,0.793852,0.182456,0.023692,1.0,0.0,0.0,0.77016,0.793852,2
1023.KL,21/12/2022,-0.675294,0.138882,0.046943,0.814175,0.0,0.0,1.0,0.675294,0.814175,3
1023.KL,21/12/2023,0.759571,0.861576,0.036418,0.102006,1.0,0.0,0.0,0.759571,0.861576,1
1023.KL,21/12/2024,0.0,0.0,0.0,0.0,0.0,0.0,0.0,0.0,0.0,0
1023.KL,21/12/2025,0.0,0.0,0.0,0.0,0.0,0.0,0.0,0.0,0.0,0
1023.KL,21/2/2020,-0.327393,0.322381,0.027845,0.649774,0.333333,0.0,0.666667,0.934027,0.953091,3
1023.KL,21/2/2021,0.0,0.0,0.0,0.0,0.0,0.0,0.0,0.0,0.0,0
1023.KL,21/2/2022,-0.059655,0.438638,0.063069,0.498293,0.5,0.0,0.5,0.873595,0.905263,2
1023.KL,21/2/2023,-0.148616,0.158597,0.53419,0.307213,0.333333,0.0,0.666667,0.38143,0.629106,3
1023.KL,21/2/2024,-0.776584,0.02291,0.177597,0.799494,0.0,0.0,1.0,0.776584,0.799494,1
1023.KL,21/2/2025,0.918658,0.933549,0.051561,0.014891,1.0,0.0,0.0,0.918658,0.933549,2
1023.KL,21/2/2026,0.616032,0.754658,0.106717,0.138626,1.0,0.0,0.0,0.616032,0.754658,1
1023.KL,21/3/2020,-0.553503,0.042875,0.360748,0.596378,0.0,0.333333,0.666667,0.606954,0.891338,3
1023.KL,21/3/2021,0.0,0.0,0.0,0.0,0.0,0.0,0.0,0.0,0.0,0
1023.KL,21/3/2022,0.0,0.0,0.0,0.0,0.0,0.0,0.0,0.0,0.0,0
1023.KL,21/3/2023,0.010908,0.035624,0.939659,0.024716,0.0,1.0,0.0,0.010908,0.939659,1
1023.KL,21/3/2024,0.768787,0.853762,0.061262,0.084976,1.0,0.0,0.0,0.768787,0.853762,1
1023.KL,21/3/2025,0.112991,0.535481,0.042028,0.422491,0.5,0.0,0.5,0.811674,0.884823,2
1023.KL,21/4/2020,0.593427,0.775268,0.042891,0.181841,1.0,0.0,0.0,0.593427,0.775268,1
1023.KL,21/4/2021,0.0,0.0,0.0,0.0,0.0,0.0,0.0,0.0,0.0,0
1023.KL,21/4/2022,0.519176,0.693849,0.131478,0.174673,1.0,0.0,0.0,0.519176,0.693849,2
1023.KL,21/4/2023,0.0,0.0,0.0,0.0,0.0,0.0,0.0,0.0,0.0,0
1023.KL,21/4/2024,0.0,0.0,0.0,0.0,0.0,0.0,0.0,0.0,0.0,0
1023.KL,21/4/2025,0.472428,0.483896,0.504635,0.011468,0.5,0.5,0.0,0.472428,0.924306,2
1023.KL,21/5/2020,0.406994,0.633058,0.140877,0.226065,0.75,0.0,0.25,0.822476,0.8408,4
1023.KL,21/5/2021,-0.958841,0.008657,0.023846,0.967497,0.0,0.0,1.0,0.958841,0.967497,1
1023.KL,21/5/2022,0.0,0.0,0.0,0.0,0.0,0.0,0.0,0.0,0.0,0
1023.KL,21/5/2023,-0.802463,0.015665,0.166207,0.818128,0.0,0.0,1.0,0.802463,0.818128,2
1023.KL,21/5/2024,-0.118234,0.033913,0.813941,0.152147,0.0,0.0,1.0,0.118234,0.813941,1
1023.KL,21/5/2025,0.009469,0.04106,0.927349,0.031591,0.0,1.0,0.0,0.009469,0.927349,1
1023.KL,21/6/2020,0.0,0.0,0.0,0.0,0.0,0.0,0.0,0.0,0.0,0
1023.KL,21/6/2021,0.086458,0.098072,0.890314,0.011614,0.0,1.0,0.0,0.086458,0.890314,1
1023.KL,21/6/2022,0.104362,0.463627,0.177109,0.359265,0.5,0.0,0.5,0.719892,0.771392,2
1023.KL,21/6/2023,0.934885,0.950173,0.034539,0.015288,1.0,0.0,0.0,0.934885,0.950173,1
1023.KL,21/6/2024,0.0,0.0,0.0,0.0,0.0,0.0,0.0,0.0,0.0,0
1023.KL,21/6/2025,0.0,0.0,0.0,0.0,0.0,0.0,0.0,0.0,0.0,0
1023.KL,21/7/2020,0.781296,0.801911,0.177474,0.020615,1.0,0.0,0.0,0.781296,0.801911,1
1023.KL,21/7/2021,0.252837,0.271799,0.70924,0.018961,1.0,0.0,0.0,0.252837,0.70924,1
1023.KL,21/7/2022,0.832512,0.840844,0.150824,0.008332,1.0,0.0,0.0,0.832512,0.840844,1
1023.KL,21/7/2023,0.429757,0.44551,0.538737,0.015753,0.5,0.5,0.0,0.429757,0.872996,2
1023.KL,21/7/2024,0.883095,0.900882,0.081332,0.017787,1.0,0.0,0.0,0.883095,0.900882,1
1023.KL,21/7/2025,0.065625,0.075971,0.913683,0.010346,0.0,1.0,0.0,0.065625,0.913683,1
1023.KL,21/8/2020,0.139797,0.148114,0.843568,0.008318,1.0,0.0,0.0,0.139797,0.843568,1
1023.KL,21/8/2021,0.0,0.0,0.0,0.0,0.0,0.0,0.0,0.0,0.0,0
1023.KL,21/8/2022,0.0,0.0,0.0,0.0,0.0,0.0,0.0,0.0,0.0,0
1023.KL,21/8/2023,0.0,0.0,0.0,0.0,0.0,0.0,0.0,0.0,0.0,0
1023.KL,21/8/2024,0.616535,0.726626,0.163284,0.11009,1.0,0.0,0.0,0.616535,0.726626,1
1023.KL,21/8/2025,0.0,0.0,0.0,0.0,0.0,0.0,0.0,0.0,0.0,0
1023.KL,21/9/2020,0.412053,0.440191,0.531672,0.028138,0.5,0.5,0.0,0.412053,0.886123,2
1023.KL,21/9/2021,0.039336,0.06734,0.904656,0.028004,0.0,1.0,0.0,0.039336,0.904656,4
1023.KL,21/9/2022,0.00326,0.294061,0.415138,0.290801,0.666667,0.0,0.333333,0.550428,0.803395,3
1023.KL,21/9/2023,-0.024132,0.026585,0.922699,0.050716,0.0,1.0,0.0,0.024132,0.922699,1
1023.KL,21/9/2024,0.064872,0.486237,0.092397,0.421365,0.5,0.0,0.5,0.849221,0.878412,2
1023.KL,21/9/2025,0.0,0.0,0.0,0.0,0.0,0.0,0.0,0.0,0.0,0
1023.KL,22/1/2020,-0.248684,0.342093,0.06713,0.590777,0.0,0.0,1.0,0.248684,0.590777,1
1023.KL,22/1/2021,0.003023,0.223741,0.555541,0.220718,0.428571,0.285714,0.285714,0.302005,0.797048,7
1023.KL,22/1/2022,0.035505,0.064028,0.907449,0.028523,0.0,1.0,0.0,0.054281,0.907449,2
1023.KL,22/1/2023,0.0,0.0,0.0,0.0,0.0,0.0,0.0,0.0,0.0,0
1023.KL,22/1/2024,0.0,0.0,0.0,0.0,0.0,0.0,0.0,0.0,0.0,0
1023.KL,22/1/2025,0.029732,0.047879,0.933974,0.018147,0.0,1.0,0.0,0.029732,0.933974,1
1023.KL,22/1/2026,0.162438,0.298452,0.565535,0.136014,0.4,0.4,0.2,0.322184,0.764819,5
1023.KL,22/10/2020,0.7682,0.776972,0.214255,0.008773,1.0,0.0,0.0,0.7682,0.776972,1
1023.KL,22/10/2021,0.151775,0.497988,0.155798,0.346213,0.666667,0.0,0.333333,0.786937,0.815569,3
1023.KL,22/10/2022,0.05122,0.068694,0.913832,0.017474,0.0,1.0,0.0,0.05122,0.913832,1
1023.KL,22/10/2023,0.0,0.0,0.0,0.0,0.0,0.0,0.0,0.0,0.0,0
1023.KL,22/10/2024,-0.303315,0.107523,0.481639,0.410838,0.0,0.5,0.5,0.322611,0.86523,4
1023.KL,22/10/2025,0.460724,0.493056,0.474612,0.032332,0.5,0.5,0.0,0.467975,0.933775,4
1023.KL,22/11/2020,0.69557,0.709173,0.277225,0.013602,1.0,0.0,0.0,0.69557,0.709173,1
1023.KL,22/11/2021,0.728626,0.771492,0.185643,0.042865,1.0,0.0,0.0,0.728626,0.771492,1
1023.KL,22/11/2022,-0.133381,0.192301,0.482018,0.325682,0.333333,0.333333,0.333333,0.483547,0.789752,3
1023.KL,22/11/2023,-0.231696,0.3626,0.043104,0.594296,0.333333,0.0,0.666667,0.849646,0.903271,3
1023.KL,22/11/2024,0.0,0.0,0.0,0.0,0.0,0.0,0.0,0.0,0.0,0
1023.KL,22/11/2025,0.13597,0.538142,0.059686,0.402172,0.5,0.0,0.5,0.750068,0.845191,2
1023.KL,22/12/2020,0.0,0.0,0.0,0.0,0.0,0.0,0.0,0.0,0.0,0
1023.KL,22/12/2021,-0.738979,0.043553,0.173916,0.782531,0.0,0.0,1.0,0.738979,0.782531,1
1023.KL,22/12/2022,-0.737943,0.02396,0.214137,0.761903,0.0,0.0,1.0,0.737943,0.761903,2
1023.KL,22/12/2023,0.0,0.0,0.0,0.0,0.0,0.0,0.0,0.0,0.0,0
1023.KL,22/12/2024,0.0,0.0,0.0,0.0,0.0,0.0,0.0,0.0,0.0,0
1023.KL,22/12/2025,0.822792,0.828785,0.165221,0.005993,1.0,0.0,0.0,0.822792,0.828785,1
1023.KL,22/2/2020,0.0,0.0,0.0,0.0,0.0,0.0,0.0,0.0,0.0,0
1023.KL,22/2/2021,0.616466,0.635566,0.345335,0.019099,1.0,0.0,0.0,0.616466,0.635566,1
1023.KL,22/2/2022,0.227351,0.481764,0.263822,0.254414,0.5,0.25,0.25,0.692795,0.937366,4
1023.KL,22/2/2023,-0.464493,0.037952,0.459603,0.502445,0.0,0.2,0.8,0.464493,0.711618,5
1023.KL,22/2/2024,0.350331,0.373401,0.603529,0.02307,0.5,0.5,0.0,0.350331,0.763667,2
1023.KL,22/2/2025,0.334263,0.583416,0.16743,0.249154,1.0,0.0,0.0,0.334263,0.583416,1
1023.KL,22/2/2026,0.0,0.0,0.0,0.0,0.0,0.0,0.0,0.0,0.0,0
1023.KL,22/3/2020,0.0,0.0,0.0,0.0,0.0,0.0,0.0,0.0,0.0,0
1023.KL,22/3/2021,0.0,0.0,0.0,0.0,0.0,0.0,0.0,0.0,0.0,0
1023.KL,22/3/2022,-0.379299,0.232129,0.156443,0.611428,0.0,0.0,1.0,0.379299,0.611428,2
1023.KL,22/3/2023,0.305671,0.371801,0.562069,0.06613,0.666667,0.0,0.333333,0.389795,0.863615,3
1023.KL,22/3/2024,0.0,0.0,0.0,0.0,0.0,0.0,0.0,0.0,0.0,0
1023.KL,22/3/2025,0.0,0.0,0.0,0.0,0.0,0.0,0.0,0.0,0.0,0
1023.KL,22/4/2020,-0.597214,0.02793,0.346927,0.625144,0.0,0.333333,0.666667,0.613227,0.936152,3
1023.KL,22/4/2021,-0.610165,0.131023,0.12779,0.741187,0.0,0.0,1.0,0.610165,0.741187,2
1023.KL,22/4/2022,0.008054,0.464739,0.078576,0.456685,0.5,0.0,0.5,0.895879,0.908651,2
1023.KL,22/4/2023,0.0,0.0,0.0,0.0,0.0,0.0,0.0,0.0,0.0,0
1023.KL,22/4/2024,0.0,0.0,0.0,0.0,0.0,0.0,0.0,0.0,0.0,0
1023.KL,22/4/2025,0.015216,0.040009,0.935198,0.024793,0.0,1.0,0.0,0.027016,0.935198,2
1023.KL,22/5/2020,0.323591,0.572509,0.178572,0.248919,0.666667,0.0,0.333333,0.605025,0.713227,3
1023.KL,22/5/2021,-0.950547,0.013883,0.021688,0.96443,0.0,0.0,1.0,0.950547,0.96443,1
1023.KL,22/5/2022,0.0,0.0,0.0,0.0,0.0,0.0,0.0,0.0,0.0,0
1023.KL,22/5/2023,-0.001699,0.476011,0.046279,0.47771,0.5,0.0,0.5,0.914773,0.934247,2
1023.KL,22/5/2024,-0.014963,0.319076,0.346886,0.334039,0.666667,0.0,0.333333,0.62295,0.706233,3
1023.KL,22/5/2025,-0.23947,0.35021,0.060109,0.58968,0.333333,0.0,0.666667,0.84964,0.894765,3
1023.KL,22/6/2020,0.011842,0.468368,0.075105,0.456527,0.5,0.0,0.5,0.901128,0.913012,2
1023.KL,22/6/2021,0.395021,0.437244,0.520533,0.042223,1.0,0.0,0.0,0.395021,0.520533,1
1023.KL,22/6/2022,-0.191626,0.155374,0.497626,0.347,0.25,0.25,0.5,0.283653,0.631258,4
1023.KL,22/6/2023,-0.117489,0.427699,0.027114,0.545187,0.0,0.0,1.0,0.117489,0.545187,1
1023.KL,22/6/2024,0.0,0.0,0.0,0.0,0.0,0.0,0.0,0.0,0.0,0
1023.KL,22/6/2025,0.0,0.0,0.0,0.0,0.0,0.0,0.0,0.0,0.0,0
1023.KL,22/7/2020,0.349972,0.383705,0.582562,0.033733,0.5,0.5,0.0,0.349972,0.836381,2
1023.KL,22/7/2021,-0.447769,0.025767,0.500697,0.473536,0.0,0.0,1.0,0.447769,0.801308,2
1023.KL,22/7/2022,0.169121,0.262603,0.643916,0.093482,0.25,0.5,0.25,0.23939,0.838383,4
1023.KL,22/7/2023,-0.293004,0.177014,0.352968,0.470018,0.333333,0.0,0.666667,0.48548,0.724481,3
1023.KL,22/7/2024,0.328685,0.340562,0.647562,0.011876,0.5,0.5,0.0,0.328685,0.7913,2
1023.KL,22/7/2025,-0.458057,0.036632,0.46868,0.494689,0.0,0.5,0.5,0.493195,0.94712,2
1023.KL,22/8/2020,0.068297,0.155744,0.756808,0.087448,0.0,1.0,0.0,0.068297,0.756808,1
1023.KL,22/8/2021,0.0,0.0,0.0,0.0,0.0,0.0,0.0,0.0,0.0,0
1023.KL,22/8/2022,-0.250615,0.246934,0.255516,0.49755,0.5,0.0,0.5,0.530659,0.637572,2
1023.KL,22/8/2023,-0.013895,0.325629,0.334847,0.339524,0.333333,0.333333,0.333333,0.587081,0.929685,3
1023.KL,22/8/2024,-0.492936,0.017084,0.472896,0.51002,0.0,0.5,0.5,0.492936,0.943554,2
1023.KL,22/8/2025,0.0,0.0,0.0,0.0,0.0,0.0,0.0,0.0,0.0,0
1023.KL,22/9/2020,-0.059506,0.034083,0.872328,0.093589,0.0,1.0,0.0,0.059506,0.872328,1
1023.KL,22/9/2021,0.443346,0.451982,0.539381,0.008637,1.0,0.0,0.0,0.443346,0.539381,1
1023.KL,22/9/2022,0.0,0.0,0.0,0.0,0.0,0.0,0.0,0.0,0.0,0
1023.KL,22/9/2023,-0.420622,0.261273,0.056832,0.681895,0.333333,0.0,0.666667,0.843918,0.893543,3
1023.KL,22/9/2024,0.0,0.0,0.0,0.0,0.0,0.0,0.0,0.0,0.0,0
1023.KL,22/9/2025,-0.093947,0.414316,0.077421,0.508263,0.333333,0.0,0.666667,0.708036,0.815308,3
1023.KL,23/1/2020,-0.418936,0.082266,0.416531,0.501203,0.333333,0.111111,0.555556,0.51664,0.882472,9
1023.KL,23/1/2021,0.0,0.0,0.0,0.0,0.0,0.0,0.0,0.0,0.0,0
1023.KL,23/1/2022,0.0,0.0,0.0,0.0,0.0,0.0,0.0,0.0,0.0,0
1023.KL,23/1/2023,0.0,0.0,0.0,0.0,0.0,0.0,0.0,0.0,0.0,0
1023.KL,23/1/2024,0.0,0.0,0.0,0.0,0.0,0.0,0.0,0.0,0.0,0
1023.KL,23/1/2025,0.438569,0.484887,0.468796,0.046317,1.0,0.0,0.0,0.438569,0.867575,2
1023.KL,23/1/2026,0.0,0.0,0.0,0.0,0.0,0.0,0.0,0.0,0.0,0
1023.KL,23/10/2020,0.430859,0.464426,0.502006,0.033567,0.5,0.5,0.0,0.430859,0.861822,2
1023.KL,23/10/2021,0.027552,0.048031,0.93149,0.020479,0.0,1.0,0.0,0.027552,0.93149,1
1023.KL,23/10/2022,0.0,0.0,0.0,0.0,0.0,0.0,0.0,0.0,0.0,0
1023.KL,23/10/2023,0.857472,0.913633,0.030205,0.056161,1.0,0.0,0.0,0.857472,0.913633,1
1023.KL,23/10/2024,-0.039131,0.25076,0.459348,0.289891,0.5,0.0,0.5,0.415182,0.550331,2
1023.KL,23/10/2025,-0.909702,0.036637,0.017024,0.946339,0.0,0.0,1.0,0.909702,0.946339,2
1023.KL,23/11/2020,0.85473,0.875642,0.103446,0.020912,1.0,0.0,0.0,0.85473,0.875642,3
1023.KL,23/11/2021,0.0,0.0,0.0,0.0,0.0,0.0,0.0,0.0,0.0,0
1023.KL,23/11/2022,-0.949044,0.013998,0.02296,0.963042,0.0,0.0,1.0,0.949044,0.963042,1
1023.KL,23/11/2023,0.359116,0.390053,0.57901,0.030937,0.5,0.5,0.0,0.381338,0.831501,2
1023.KL,23/11/2024,0.0,0.0,0.0,0.0,0.0,0.0,0.0,0.0,0.0,0
1023.KL,23/11/2025,0.0,0.0,0.0,0.0,0.0,0.0,0.0,0.0,0.0,0
1023.KL,23/12/2020,-0.227091,0.261751,0.249406,0.488842,0.25,0.25,0.5,0.693723,0.91516,4
1023.KL,23/12/2021,0.0,0.0,0.0,0.0,0.0,0.0,0.0,0.0,0.0,0
1023.KL,23/12/2022,0.011386,0.488154,0.035077,0.476769,0.5,0.0,0.5,0.895638,0.930281,2
1023.KL,23/12/2023,0.904346,0.915328,0.073691,0.010982,1.0,0.0,0.0,0.904346,0.915328,1
1023.KL,23/12/2024,0.641047,0.649286,0.342474,0.008239,1.0,0.0,0.0,0.641047,0.649286,1
1023.KL,23/12/2025,0.903741,0.914267,0.075207,0.010526,1.0,0.0,0.0,0.903741,0.914267,1
1023.KL,23/2/2020,0.0,0.0,0.0,0.0,0.0,0.0,0.0,0.0,0.0,0
1023.KL,23/2/2021,0.0,0.0,0.0,0.0,0.0,0.0,0.0,0.0,0.0,0
1023.KL,23/2/2022,0.0,0.0,0.0,0.0,0.0,0.0,0.0,0.0,0.0,0
1023.KL,23/2/2023,-0.120853,0.038361,0.802425,0.159214,0.0,0.666667,0.333333,0.133546,0.802425,3
1023.KL,23/2/2024,-0.870263,0.039985,0.049767,0.910248,0.0,0.0,1.0,0.870263,0.910248,1
1023.KL,23/2/2025,0.0,0.0,0.0,0.0,0.0,0.0,0.0,0.0,0.0,0
1023.KL,23/2/2026,0.0807,0.37012,0.34046,0.28942,0.333333,0.333333,0.333333,0.53703,0.863871,3
1023.KL,23/3/2020,0.122516,0.153186,0.816143,0.030671,0.5,0.5,0.0,0.122516,0.816143,2
1023.KL,23/3/2021,0.846196,0.880558,0.08508,0.034362,1.0,0.0,0.0,0.846196,0.880558,1
1023.KL,23/3/2022,0.000515,0.47525,0.050014,0.474736,0.5,0.0,0.5,0.895727,0.922857,2
1023.KL,23/3/2023,-0.291303,0.106686,0.495324,0.39799,0.0,0.5,0.5,0.291303,0.784159,2
1023.KL,23/3/2024,0.0,0.0,0.0,0.0,0.0,0.0,0.0,0.0,0.0,0
1023.KL,23/3/2025,0.0,0.0,0.0,0.0,0.0,0.0,0.0,0.0,0.0,0
1023.KL,23/4/2020,0.421821,0.444761,0.532299,0.02294,0.666667,0.333333,0.0,0.421821,0.835632,3
1023.KL,23/4/2021,0.012418,0.040615,0.931188,0.028197,0.0,1.0,0.0,0.012418,0.931188,2
1023.KL,23/4/2022,0.071867,0.511857,0.048152,0.43999,0.0,1.0,0.0,0.071867,0.511857,1
1023.KL,23/4/2023,0.0,0.0,0.0,0.0,0.0,0.0,0.0,0.0,0.0,0
1023.KL,23/4/2024,0.88015,0.888921,0.102308,0.008771,1.0,0.0,0.0,0.88015,0.888921,1
1023.KL,23/4/2025,0.246801,0.400136,0.446529,0.153335,0.5,0.5,0.0,0.246801,0.765548,2
1023.KL,23/5/2020,0.927384,0.94582,0.035745,0.018436,1.0,0.0,0.0,0.927384,0.94582,1
1023.KL,23/5/2021,0.046179,0.069222,0.907735,0.023043,0.0,1.0,0.0,0.046179,0.907735,1
1023.KL,23/5/2022,0.837449,0.870751,0.095946,0.033302,1.0,0.0,0.0,0.837449,0.870751,1
1023.KL,23/5/2023,0.191601,0.205356,0.78089,0.013754,0.5,0.5,0.0,0.191601,0.78089,2
1023.KL,23/5/2024,0.886871,0.930682,0.025507,0.043811,1.0,0.0,0.0,0.886871,0.930682,1
1023.KL,23/5/2025,0.75883,0.856269,0.046293,0.097439,1.0,0.0,0.0,0.75883,0.856269,1
1023.KL,23/6/2020,-0.586812,0.194166,0.024856,0.780978,0.0,0.0,1.0,0.586812,0.780978,1
1023.KL,23/6/2021,0.0,0.0,0.0,0.0,0.0,0.0,0.0,0.0,0.0,0
1023.KL,23/6/2022,-0.119802,0.214601,0.450996,0.334403,0.2,0.4,0.4,0.510316,0.885009,5
1023.KL,23/6/2023,0.175437,0.43605,0.303336,0.260613,0.333333,0.333333,0.333333,0.414037,0.799695,3
1023.KL,23/6/2024,0.0,0.0,0.0,0.0,0.0,0.0,0.0,0.0,0.0,0
1023.KL,23/6/2025,0.877878,0.92454,0.028799,0.046662,1.0,0.0,0.0,0.877878,0.92454,1
1023.KL,23/7/2020,-0.018972,0.130315,0.720399,0.149286,0.0,1.0,0.0,0.018972,0.720399,1
1023.KL,23/7/2021,-0.911311,0.015803,0.057083,0.927114,0.0,0.0,1.0,0.911311,0.927114,1
1023.KL,23/7/2022,0.0,0.0,0.0,0.0,0.0,0.0,0.0,0.0,0.0,0
1023.KL,23/7/2023,0.0,0.0,0.0,0.0,0.0,0.0,0.0,0.0,0.0,0
1023.KL,23/7/2024,-0.861909,0.054794,0.028503,0.916703,0.0,0.0,1.0,0.861909,0.916703,1
1023.KL,23/7/2025,0.449187,0.474118,0.500952,0.024931,0.5,0.5,0.0,0.458422,0.903307,4
1023.KL,23/8/2020,0.0,0.0,0.0,0.0,0.0,0.0,0.0,0.0,0.0,0
1023.KL,23/8/2021,0.033046,0.488803,0.05544,0.455757,0.5,0.0,0.5,0.882753,0.913656,2
1023.KL,23/8/2022,-0.283212,0.333396,0.049996,0.616608,0.333333,0.0,0.666667,0.898069,0.924037,3
1023.KL,23/8/2023,0.0,0.0,0.0,0.0,0.0,0.0,0.0,0.0,0.0,0
1023.KL,23/8/2024,0.240035,0.602618,0.034798,0.362584,1.0,0.0,0.0,0.240035,0.602618,1
1023.KL,23/8/2025,0.0,0.0,0.0,0.0,0.0,0.0,0.0,0.0,0.0,0
1023.KL,23/9/2020,-0.394624,0.094705,0.415967,0.489329,0.5,0.0,0.5,0.560395,0.88319,2
1023.KL,23/9/2021,0.815799,0.825981,0.163836,0.010182,1.0,0.0,0.0,0.815799,0.825981,1
1023.KL,23/9/2022,0.52199,0.672324,0.177342,0.150334,1.0,0.0,0.0,0.52199,0.672324,2
1023.KL,23/9/2023,0.0,0.0,0.0,0.0,0.0,0.0,0.0,0.0,0.0,0
1023.KL,23/9/2024,0.0,0.0,0.0,0.0,0.0,0.0,0.0,0.0,0.0,0
1023.KL,23/9/2025,0.809644,0.830813,0.148018,0.021169,1.0,0.0,0.0,0.809644,0.830813,3
1023.KL,24/1/2020,-0.120601,0.383632,0.112135,0.504233,0.5,0.0,0.5,0.792845,0.840355,2
1023.KL,24/1/2021,0.0,0.0,0.0,0.0,0.0,0.0,0.0,0.0,0.0,0
1023.KL,24/1/2022,-0.94368,0.012075,0.032171,0.955754,0.0,0.0,1.0,0.94368,0.955754,2
1023.KL,24/1/2023,0.0,0.0,0.0,0.0,0.0,0.0,0.0,0.0,0.0,0
1023.KL,24/1/2024,0.213478,0.522262,0.168953,0.308784,0.666667,0.0,0.333333,0.67598,0.753513,3
1023.KL,24/1/2025,0.324174,0.333977,0.656219,0.009804,1.0,0.0,0.0,0.324174,0.656219,1
1023.KL,24/1/2026,0.0,0.0,0.0,0.0,0.0,0.0,0.0,0.0,0.0,0
1023.KL,24/10/2020,-0.949778,0.013508,0.023206,0.963286,0.0,0.0,1.0,0.949778,0.963286,1
1023.KL,24/10/2021,0.0,0.0,0.0,0.0,0.0,0.0,0.0,0.0,0.0,0
1023.KL,24/10/2022,0.0,0.0,0.0,0.0,0.0,0.0,0.0,0.0,0.0,0
1023.KL,24/10/2023,-0.626267,0.149667,0.074399,0.775934,0.0,0.0,1.0,0.626267,0.775934,1
1023.KL,24/10/2024,-0.943586,0.014224,0.027965,0.957811,0.0,0.0,1.0,0.943586,0.957811,1
1023.KL,24/10/2025,0.682759,0.790783,0.101192,0.108025,1.0,0.0,0.0,0.682759,0.790783,3
1023.KL,24/11/2020,0.0,0.0,0.0,0.0,0.0,0.0,0.0,0.0,0.0,0
1023.KL,24/11/2021,0.003413,0.052968,0.897478,0.049554,0.0,1.0,0.0,0.003413,0.897478,1
1023.KL,24/11/2022,-0.066541,0.333794,0.265871,0.400335,0.25,0.25,0.5,0.529464,0.853214,4
1023.KL,24/11/2023,0.51088,0.519912,0.471056,0.009032,1.0,0.0,0.0,0.51088,0.519912,1
1023.KL,24/11/2024,0.0,0.0,0.0,0.0,0.0,0.0,0.0,0.0,0.0,0
1023.KL,24/11/2025,-0.4147,0.223245,0.138809,0.637945,0.0,0.0,1.0,0.4147,0.637945,1
1023.KL,24/12/2020,0.0,0.0,0.0,0.0,0.0,0.0,0.0,0.0,0.0,0
1023.KL,24/12/2021,-0.949406,0.011263,0.028068,0.960669,0.0,0.0,1.0,0.949406,0.960669,1
1023.KL,24/12/2022,0.0,0.0,0.0,0.0,0.0,0.0,0.0,0.0,0.0,0
1023.KL,24/12/2023,0.0,0.0,0.0,0.0,0.0,0.0,0.0,0.0,0.0,0
1023.KL,24/12/2024,0.0,0.0,0.0,0.0,0.0,0.0,0.0,0.0,0.0,0
1023.KL,24/12/2025,0.0,0.0,0.0,0.0,0.0,0.0,0.0,0.0,0.0,0
1023.KL,24/2/2020,0.0,0.0,0.0,0.0,0.0,0.0,0.0,0.0,0.0,0
1023.KL,24/2/2021,0.0,0.0,0.0,0.0,0.0,0.0,0.0,0.0,0.0,0
1023.KL,24/2/2022,0.129798,0.270794,0.588211,0.140995,0.5,0.5,0.0,0.129798,0.671859,2
1023.KL,24/2/2023,0.2105,0.451969,0.306562,0.241469,0.5,0.25,0.25,0.604104,0.867681,4
1023.KL,24/2/2024,0.149845,0.163612,0.822621,0.013767,1.0,0.0,0.0,0.149845,0.822621,1
1023.KL,24/2/2025,0.0,0.0,0.0,0.0,0.0,0.0,0.0,0.0,0.0,0
1023.KL,24/2/2026,0.931967,0.952827,0.026312,0.020861,1.0,0.0,0.0,0.931967,0.952827,1
1023.KL,24/3/2020,0.056217,0.080482,0.895253,0.024265,0.0,1.0,0.0,0.056217,0.895253,2
1023.KL,24/3/2021,0.630558,0.671836,0.286885,0.041279,1.0,0.0,0.0,0.630558,0.671836,1
1023.KL,24/3/2022,-0.021451,0.282549,0.413451,0.304,0.666667,0.0,0.333333,0.48727,0.761271,3
1023.KL,24/3/2023,-0.172188,0.043917,0.739979,0.216104,0.0,0.0,1.0,0.172188,0.739979,1
1023.KL,24/3/2024,0.0,0.0,0.0,0.0,0.0,0.0,0.0,0.0,0.0,0
1023.KL,24/3/2025,-0.181672,0.393444,0.031439,0.575117,0.5,0.0,0.5,0.746994,0.857778,2
1023.KL,24/4/2020,-0.934816,0.019965,0.025253,0.954782,0.0,0.0,1.0,0.934816,0.954782,1
1023.KL,24/4/2021,0.056194,0.07305,0.910093,0.016856,0.0,1.0,0.0,0.056194,0.910093,1
1023.KL,24/4/2022,0.0,0.0,0.0,0.0,0.0,0.0,0.0,0.0,0.0,0
1023.KL,24/4/2023,0.0,0.0,0.0,0.0,0.0,0.0,0.0,0.0,0.0,0
1023.KL,24/4/2024,0.712542,0.775017,0.162507,0.062475,1.0,0.0,0.0,0.712542,0.775017,2
1023.KL,24/4/2025,0.746869,0.851823,0.043222,0.104954,1.0,0.0,0.0,0.746869,0.851823,1
1023.KL,24/5/2020,0.0,0.0,0.0,0.0,0.0,0.0,0.0,0.0,0.0,0
1023.KL,24/5/2021,0.85152,0.87594,0.099641,0.024419,1.0,0.0,0.0,0.85152,0.87594,1
1023.KL,24/5/2022,-0.934281,0.017058,0.031602,0.951339,0.0,0.0,1.0,0.934281,0.951339,1
1023.KL,24/5/2023,0.013181,0.073139,0.866902,0.059959,0.0,1.0,0.0,0.054193,0.866902,3
1023.KL,24/5/2024,-0.309256,0.137484,0.415776,0.44674,0.5,0.0,0.5,0.557109,0.812193,2
1023.KL,24/5/2025,0.0,0.0,0.0,0.0,0.0,0.0,0.0,0.0,0.0,0
1023.KL,24/6/2020,0.140433,0.545492,0.049448,0.405059,0.5,0.0,0.5,0.791789,0.87117,2
1023.KL,24/6/2021,0.0,0.0,0.0,0.0,0.0,0.0,0.0,0.0,0.0,0
1023.KL,24/6/2022,-0.079414,0.110678,0.69923,0.190092,0.0,0.5,0.5,0.176478,0.69923,2
1023.KL,24/6/2023,0.0,0.0,0.0,0.0,0.0,0.0,0.0,0.0,0.0,0
1023.KL,24/6/2024,-0.849924,0.067055,0.015965,0.916979,0.0,0.0,1.0,0.849924,0.916979,1
1023.KL,24/6/2025,0.253931,0.454164,0.345602,0.200233,0.5,0.333333,0.166667,0.567638,0.900606,6
1023.KL,24/7/2020,-0.173557,0.345407,0.135629,0.518964,0.333333,0.0,0.666667,0.523747,0.694059,3
1023.KL,24/7/2021,0.0,0.0,0.0,0.0,0.0,0.0,0.0,0.0,0.0,0
1023.KL,24/7/2022,0.0,0.0,0.0,0.0,0.0,0.0,0.0,0.0,0.0,0
1023.KL,24/7/2023,0.0,0.0,0.0,0.0,0.0,0.0,0.0,0.0,0.0,0
1023.KL,24/7/2024,0.0,0.0,0.0,0.0,0.0,0.0,0.0,0.0,0.0,0
1023.KL,24/7/2025,0.76037,0.823648,0.113074,0.063278,1.0,0.0,0.0,0.76037,0.823648,3
1023.KL,24/8/2020,0.0,0.0,0.0,0.0,0.0,0.0,0.0,0.0,0.0,0
1023.KL,24/8/2021,0.053837,0.082008,0.889821,0.028171,0.0,1.0,0.0,0.053837,0.889821,2
1023.KL,24/8/2022,0.042491,0.494222,0.054047,0.451731,0.5,0.0,0.5,0.893684,0.919819,2
1023.KL,24/8/2023,-0.273025,0.020433,0.686109,0.293458,0.0,0.0,1.0,0.273025,0.686109,1
1023.KL,24/8/2024,0.0,0.0,0.0,0.0,0.0,0.0,0.0,0.0,0.0,0
1023.KL,24/8/2025,0.0,0.0,0.0,0.0,0.0,0.0,0.0,0.0,0.0,0
1023.KL,24/9/2020,0.159018,0.334942,0.489135,0.175923,0.428571,0.428571,0.142857,0.455013,0.874521,7
1023.KL,24/9/2021,-0.399199,0.282712,0.035377,0.681911,0.0,0.0,1.0,0.399199,0.681911,1
1023.KL,24/9/2022,0.0,0.0,0.0,0.0,0.0,0.0,0.0,0.0,0.0,0
1023.KL,24/9/2023,0.0,0.0,0.0,0.0,0.0,0.0,0.0,0.0,0.0,0
1023.KL,24/9/2024,0.833538,0.841448,0.150643,0.00791,1.0,0.0,0.0,0.833538,0.841448,1
1023.KL,24/9/2025,0.053159,0.259287,0.534584,0.206129,0.4,0.4,0.2,0.222814,0.676314,5
1023.KL,25/1/2020,-0.371521,0.087038,0.454402,0.45856,0.5,0.0,0.5,0.487858,0.843659,2
1023.KL,25/1/2021,0.060617,0.148376,0.763865,0.087759,0.333333,0.666667,0.0,0.098863,0.763865,3
1023.KL,25/1/2022,-0.071006,0.336765,0.255463,0.407771,0.333333,0.0,0.666667,0.696334,0.878621,3
1023.KL,25/1/2023,0.928115,0.948629,0.030857,0.020514,1.0,0.0,0.0,0.928115,0.948629,1
1023.KL,25/1/2024,0.0,0.0,0.0,0.0,0.0,0.0,0.0,0.0,0.0,0
1023.KL,25/1/2025,0.0,0.0,0.0,0.0,0.0,0.0,0.0,0.0,0.0,0
1023.KL,25/1/2026,0.0,0.0,0.0,0.0,0.0,0.0,0.0,0.0,0.0,0
1023.KL,25/10/2020,-0.94872,0.008582,0.034115,0.957302,0.0,0.0,1.0,0.94872,0.957302,1
1023.KL,25/10/2021,-0.264244,0.064182,0.607392,0.328426,0.0,0.5,0.5,0.27517,0.76687,2
1023.KL,25/10/2022,0.248677,0.268354,0.711969,0.019677,0.25,0.75,0.0,0.248677,0.936325,4
1023.KL,25/10/2023,0.190282,0.407817,0.374648,0.217535,0.666667,0.0,0.333333,0.586618,0.695255,3
1023.KL,25/10/2024,0.097086,0.11064,0.875805,0.013555,0.0,1.0,0.0,0.097086,0.875805,1
1023.KL,25/10/2025,0.525882,0.549166,0.427551,0.023284,1.0,0.0,0.0,0.525882,0.880448,2
1023.KL,25/11/2020,-0.025475,0.458085,0.058354,0.48356,0.333333,0.0,0.666667,0.647953,0.794799,3
1023.KL,25/11/2021,-0.131654,0.350736,0.166874,0.48239,0.5,0.0,0.5,0.662476,0.758289,4
1023.KL,25/11/2022,-0.008001,0.112748,0.766504,0.120749,0.0,0.666667,0.333333,0.08901,0.766504,3
1023.KL,25/11/2023,0.674558,0.69232,0.289917,0.017762,1.0,0.0,0.0,0.674558,0.69232,1
1023.KL,25/11/2024,0.317068,0.434896,0.447275,0.117828,0.666667,0.0,0.333333,0.509409,0.735853,3
1023.KL,25/11/2025,0.0,0.0,0.0,0.0,0.0,0.0,0.0,0.0,0.0,0
1023.KL,25/12/2020,0.0,0.0,0.0,0.0,0.0,0.0,0.0,0.0,0.0,0
1023.KL,25/12/2021,0.10281,0.14541,0.81199,0.0426,1.0,0.0,0.0,0.10281,0.81199,1
1023.KL,25/12/2022,0.0,0.0,0.0,0.0,0.0,0.0,0.0,0.0,0.0,0
1023.KL,25/12/2023,0.0,0.0,0.0,0.0,0.0,0.0,0.0,0.0,0.0,0
1023.KL,25/12/2024,0.902175,0.926011,0.050153,0.023836,1.0,0.0,0.0,0.902175,0.926011,1
1023.KL,25/12/2025,0.876132,0.910448,0.055237,0.034315,1.0,0.0,0.0,0.876132,0.910448,1
1023.KL,25/2/2020,0.20763,0.366035,0.475561,0.158405,0.5,0.5,0.0,0.20763,0.769808,2
1023.KL,25/2/2021,0.087214,0.103148,0.880917,0.015934,0.0,1.0,0.0,0.087214,0.880917,1
1023.KL,25/2/2022,0.481431,0.584096,0.31324,0.102665,0.666667,0.0,0.333333,0.600905,0.813542,3
1023.KL,25/2/2023,-0.157545,0.032049,0.778356,0.189595,0.0,0.0,1.0,0.157545,0.778356,1
1023.KL,25/2/2024,0.0,0.0,0.0,0.0,0.0,0.0,0.0,0.0,0.0,0
1023.KL,25/2/2025,-0.953105,0.015387,0.016121,0.968492,0.0,0.0,1.0,0.953105,0.968492,2
1023.KL,25/2/2026,0.0,0.0,0.0,0.0,0.0,0.0,0.0,0.0,0.0,0
1023.KL,25/3/2020,0.02333,0.042354,0.938622,0.019024,0.0,1.0,0.0,0.02333,0.938622,1
1023.KL,25/3/2021,0.265533,0.317492,0.63055,0.051959,0.5,0.5,0.0,0.265533,0.767047,2
1023.KL,25/3/2022,-0.467008,0.021689,0.489615,0.488697,0.0,0.5,0.5,0.484197,0.95615,2
1023.KL,25/3/2023,0.0,0.0,0.0,0.0,0.0,0.0,0.0,0.0,0.0,0
1023.KL,25/3/2024,-0.872515,0.051559,0.024366,0.924074,0.0,0.0,1.0,0.872515,0.924074,1
1023.KL,25/3/2025,0.390881,0.490502,0.409877,0.099621,0.6,0.4,0.0,0.395891,0.806112,5
1023.KL,25/4/2020,0.0,0.0,0.0,0.0,0.0,0.0,0.0,0.0,0.0,0
1023.KL,25/4/2021,0.0,0.0,0.0,0.0,0.0,0.0,0.0,0.0,0.0,0
1023.KL,25/4/2022,0.919627,0.933317,0.052994,0.01369,1.0,0.0,0.0,0.919627,0.933317,1
1023.KL,25/4/2023,0.914646,0.93368,0.047287,0.019033,1.0,0.0,0.0,0.914646,0.93368,1
1023.KL,25/4/2024,0.345028,0.530961,0.283106,0.185933,1.0,0.0,0.0,0.345028,0.530961,1
1023.KL,25/4/2025,-0.41615,0.091654,0.400542,0.507804,0.5,0.0,0.5,0.536686,0.869241,2
1023.KL,25/5/2020,0.0,0.0,0.0,0.0,0.0,0.0,0.0,0.0,0.0,0
1023.KL,25/5/2021,0.937935,0.950546,0.036843,0.012611,1.0,0.0,0.0,0.937935,0.950546,1
1023.KL,25/5/2022,0.699093,0.82222,0.054653,0.123127,1.0,0.0,0.0,0.699093,0.82222,1
1023.KL,25/5/2023,0.0,0.0,0.0,0.0,0.0,0.0,0.0,0.0,0.0,0
1023.KL,25/5/2024,0.0,0.0,0.0,0.0,0.0,0.0,0.0,0.0,0.0,0
1023.KL,25/5/2025,0.902869,0.911775,0.07932,0.008905,1.0,0.0,0.0,0.902869,0.911775,1
1023.KL,25/6/2020,-0.36138,0.141484,0.355653,0.502864,0.5,0.0,0.5,0.59056,0.828489,2
1023.KL,25/6/2021,0.480602,0.509712,0.461177,0.02911,1.0,0.0,0.0,0.480602,0.509712,1
1023.KL,25/6/2022,0.0,0.0,0.0,0.0,0.0,0.0,0.0,0.0,0.0,0
1023.KL,25/6/2023,0.0,0.0,0.0,0.0,0.0,0.0,0.0,0.0,0.0,0
1023.KL,25/6/2024,-0.078658,0.022653,0.876036,0.101311,0.0,1.0,0.0,0.078658,0.876036,1
1023.KL,25/6/2025,0.571794,0.648541,0.274711,0.076747,1.0,0.0,0.0,0.571794,0.648541,2
1023.KL,25/7/2020,-0.146306,0.169473,0.514749,0.315778,0.5,0.0,0.5,0.36807,0.689337,2
1023.KL,25/7/2021,0.0,0.0,0.0,0.0,0.0,0.0,0.0,0.0,0.0,0
1023.KL,25/7/2022,0.052162,0.233651,0.584861,0.181489,0.5,0.333333,0.166667,0.371428,0.792629,6
1023.KL,25/7/2023,0.528766,0.700248,0.128271,0.171482,1.0,0.0,0.0,0.528766,0.700248,2
1023.KL,25/7/2024,0.0,0.0,0.0,0.0,0.0,0.0,0.0,0.0,0.0,0
1023.KL,25/7/2025,0.11902,0.3686,0.38182,0.24958,0.75,0.0,0.25,0.583187,0.831105,4
1023.KL,25/8/2020,-0.361289,0.102304,0.434104,0.463593,0.0,0.0,1.0,0.361289,0.463593,1
1023.KL,25/8/2021,-0.138113,0.219765,0.422356,0.357878,0.0,0.0,1.0,0.138113,0.670448,2
1023.KL,25/8/2022,-0.01975,0.325375,0.329499,0.345126,0.333333,0.333333,0.333333,0.60514,0.927265,3
1023.KL,25/8/2023,0.0,0.0,0.0,0.0,0.0,0.0,0.0,0.0,0.0,0
1023.KL,25/8/2024,0.0,0.0,0.0,0.0,0.0,0.0,0.0,0.0,0.0,0
1023.KL,25/8/2025,0.0,0.0,0.0,0.0,0.0,0.0,0.0,0.0,0.0,0
1023.KL,25/9/2020,0.669864,0.705362,0.259141,0.035497,1.0,0.0,0.0,0.669864,0.827756,4
1023.KL,25/9/2021,0.0,0.0,0.0,0.0,0.0,0.0,0.0,0.0,0.0,0
1023.KL,25/9/2022,0.0,0.0,0.0,0.0,0.0,0.0,0.0,0.0,0.0,0
1023.KL,25/9/2023,0.0,0.0,0.0,0.0,0.0,0.0,0.0,0.0,0.0,0
1023.KL,25/9/2024,0.576969,0.77428,0.028409,0.197311,1.0,0.0,0.0,0.576969,0.77428,2
1023.KL,25/9/2025,0.797679,0.803759,0.190161,0.00608,1.0,0.0,0.0,0.797679,0.803759,1
1023.KL,26/1/2020,0.0,0.0,0.0,0.0,0.0,0.0,0.0,0.0,0.0,0
1023.KL,26/1/2021,0.901311,0.918064,0.065183,0.016753,1.0,0.0,0.0,0.901311,0.918064,1
1023.KL,26/1/2022,0.778584,0.794173,0.190237,0.01559,1.0,0.0,0.0,0.778584,0.794173,1
1023.KL,26/1/2023,0.430847,0.703395,0.024058,0.272548,1.0,0.0,0.0,0.430847,0.703395,1
1023.KL,26/1/2024,0.48024,0.635828,0.208585,0.155588,1.0,0.0,0.0,0.48024,0.635828,1
1023.KL,26/1/2025,0.0,0.0,0.0,0.0,0.0,0.0,0.0,0.0,0.0,0
1023.KL,26/1/2026,0.73998,0.76026,0.21946,0.02028,1.0,0.0,0.0,0.73998,0.76026,2
1023.KL,26/10/2020,-0.913239,0.033386,0.019988,0.946626,0.0,0.0,1.0,0.913239,0.946626,1
1023.KL,26/10/2021,0.315268,0.419568,0.476133,0.104299,0.666667,0.0,0.333333,0.433176,0.757384,3
1023.KL,26/10/2022,0.496667,0.563167,0.370333,0.0665,1.0,0.0,0.0,0.496667,0.563167,1
1023.KL,26/10/2023,-0.714082,0.022482,0.240954,0.736564,0.0,0.0,1.0,0.714082,0.736564,1
1023.KL,26/10/2024,0.104545,0.116498,0.871549,0.011953,1.0,0.0,0.0,0.104545,0.871549,1
1023.KL,26/10/2025,0.0,0.0,0.0,0.0,0.0,0.0,0.0,0.0,0.0,0
1023.KL,26/11/2020,0.0,0.0,0.0,0.0,0.0,0.0,0.0,0.0,0.0,0
1023.KL,26/11/2021,-0.937835,0.016857,0.028451,0.954692,0.0,0.0,1.0,0.937835,0.954692,1
1023.KL,26/11/2022,0.0,0.0,0.0,0.0,0.0,0.0,0.0,0.0,0.0,0
1023.KL,26/11/2023,0.0,0.0,0.0,0.0,0.0,0.0,0.0,0.0,0.0,0
1023.KL,26/11/2024,0.88433,0.925072,0.034186,0.040742,1.0,0.0,0.0,0.88433,0.925072,1
1023.KL,26/11/2025,0.924056,0.940971,0.042114,0.016915,1.0,0.0,0.0,0.924056,0.940971,1
1023.KL,26/12/2020,0.0,0.0,0.0,0.0,0.0,0.0,0.0,0.0,0.0,0
1023.KL,26/12/2021,0.0,0.0,0.0,0.0,0.0,0.0,0.0,0.0,0.0,0
1023.KL,26/12/2022,0.0,0.0,0.0,0.0,0.0,0.0,0.0,0.0,0.0,0
1023.KL,26/12/2023,0.0,0.0,0.0,0.0,0.0,0.0,0.0,0.0,0.0,0
1023.KL,26/12/2024,0.0,0.0,0.0,0.0,0.0,0.0,0.0,0.0,0.0,0
1023.KL,26/12/2025,0.0,0.0,0.0,0.0,0.0,0.0,0.0,0.0,0.0,0
1023.KL,26/2/2020,0.0,0.0,0.0,0.0,0.0,0.0,0.0,0.0,0.0,0
1023.KL,26/2/2021,-0.71289,0.06191,0.16329,0.7748,0.0,0.0,1.0,0.71289,0.7748,1
1023.KL,26/2/2022,0.876648,0.919877,0.036894,0.043229,1.0,0.0,0.0,0.876648,0.919877,1
1023.KL,26/2/2023,0.0,0.0,0.0,0.0,0.0,0.0,0.0,0.0,0.0,0
1023.KL,26/2/2024,0.067876,0.088438,0.891,0.020562,0.0,1.0,0.0,0.067876,0.891,1
1023.KL,26/2/2025,-0.954547,0.009771,0.025912,0.964317,0.0,0.0,1.0,0.954547,0.964317,1
1023.KL,26/2/2026,0.279059,0.285884,0.707292,0.006824,1.0,0.0,0.0,0.279059,0.707292,1
1023.KL,26/3/2020,0.360764,0.384984,0.590796,0.02422,1.0,0.0,0.0,0.360764,0.590796,1
1023.KL,26/3/2021,0.0,0.0,0.0,0.0,0.0,0.0,0.0,0.0,0.0,0
1023.KL,26/3/2022,0.437466,0.446985,0.543495,0.009519,1.0,0.0,0.0,0.437466,0.543495,1
1023.KL,26/3/2023,0.0,0.0,0.0,0.0,0.0,0.0,0.0,0.0,0.0,0
1023.KL,26/3/2024,-0.164121,0.067194,0.701492,0.231315,0.0,0.666667,0.333333,0.164121,0.749313,3
1023.KL,26/3/2025,0.934983,0.954607,0.025769,0.019624,1.0,0.0,0.0,0.934983,0.954607,1
1023.KL,26/4/2020,0.0,0.0,0.0,0.0,0.0,0.0,0.0,0.0,0.0,0
1023.KL,26/4/2021,0.806228,0.854982,0.096265,0.048753,1.0,0.0,0.0,0.806228,0.854982,1
1023.KL,26/4/2022,-0.196867,0.352225,0.098683,0.549092,0.5,0.0,0.5,0.52222,0.711769,4
1023.KL,26/4/2023,-0.928121,0.023795,0.024289,0.951916,0.0,0.0,1.0,0.928121,0.951916,2
1023.KL,26/4/2024,0.461704,0.504598,0.452509,0.042893,0.5,0.5,0.0,0.461704,0.898954,2
1023.KL,26/4/2025,0.0,0.0,0.0,0.0,0.0,0.0,0.0,0.0,0.0,0
1023.KL,26/5/2020,0.0,0.0,0.0,0.0,0.0,0.0,0.0,0.0,0.0,0
1023.KL,26/5/2021,0.0,0.0,0.0,0.0,0.0,0.0,0.0,0.0,0.0,0
1023.KL,26/5/2022,0.109157,0.459534,0.190089,0.350377,0.6,0.0,0.4,0.632481,0.721196,5
1023.KL,26/5/2023,0.021307,0.03673,0.947846,0.015424,0.0,1.0,0.0,0.021307,0.947846,1
1023.KL,26/5/2024,0.0,0.0,0.0,0.0,0.0,0.0,0.0,0.0,0.0,0
1023.KL,26/5/2025,-0.573877,0.086956,0.252212,0.660832,0.0,0.0,1.0,0.573877,0.660832,2
1023.KL,26/6/2020,0.0,0.0,0.0,0.0,0.0,0.0,0.0,0.0,0.0,0
1023.KL,26/6/2021,0.0,0.0,0.0,0.0,0.0,0.0,0.0,0.0,0.0,0
1023.KL,26/6/2022,0.0,0.0,0.0,0.0,0.0,0.0,0.0,0.0,0.0,0
1023.KL,26/6/2023,0.8269,0.87652,0.073861,0.04962,1.0,0.0,0.0,0.8269,0.87652,2
1023.KL,26/6/2024,0.288105,0.333951,0.620203,0.045846,0.333333,0.666667,0.0,0.288105,0.899751,3
1023.KL,26/6/2025,0.793081,0.868079,0.056923,0.074998,1.0,0.0,0.0,0.793081,0.868079,1
1023.KL,26/7/2020,0.0,0.0,0.0,0.0,0.0,0.0,0.0,0.0,0.0,0
1023.KL,26/7/2021,0.0,0.0,0.0,0.0,0.0,0.0,0.0,0.0,0.0,0
1023.KL,26/7/2022,-0.54448,0.078352,0.298816,0.622832,0.0,0.0,1.0,0.54448,0.713369,3
1023.KL,26/7/2023,0.0,0.0,0.0,0.0,0.0,0.0,0.0,0.0,0.0,0
1023.KL,26/7/2024,0.165371,0.179832,0.805707,0.014461,0.5,0.5,0.0,0.165371,0.805707,2
1023.KL,26/7/2025,-0.354496,0.100436,0.444632,0.454932,0.5,0.0,0.5,0.500746,0.861701,2
1023.KL,26/8/2020,-0.038097,0.431497,0.098909,0.469594,0.5,0.0,0.5,0.862601,0.881846,2
1023.KL,26/8/2021,-0.451263,0.043984,0.460768,0.495248,0.0,0.5,0.5,0.498805,0.929896,2
1023.KL,26/8/2022,-0.135309,0.066606,0.731479,0.201915,0.0,0.0,1.0,0.135309,0.731479,1
1023.KL,26/8/2023,0.0,0.0,0.0,0.0,0.0,0.0,0.0,0.0,0.0,0
1023.KL,26/8/2024,0.755967,0.834672,0.086623,0.078705,1.0,0.0,0.0,0.755967,0.834672,1
1023.KL,26/8/2025,0.0,0.0,0.0,0.0,0.0,0.0,0.0,0.0,0.0,0
1023.KL,26/9/2020,0.237714,0.250526,0.736661,0.012813,1.0,0.0,0.0,0.237714,0.736661,1
1023.KL,26/9/2021,0.0,0.0,0.0,0.0,0.0,0.0,0.0,0.0,0.0,0
1023.KL,26/9/2022,0.0,0.0,0.0,0.0,0.0,0.0,0.0,0.0,0.0,0
1023.KL,26/9/2023,0.0,0.0,0.0,0.0,0.0,0.0,0.0,0.0,0.0,0
1023.KL,26/9/2024,0.780388,0.86762,0.045149,0.087232,1.0,0.0,0.0,0.780388,0.86762,1
1023.KL,26/9/2025,0.403847,0.425045,0.553757,0.021198,0.666667,0.333333,0.0,0.414349,0.809501,3
1023.KL,27/1/2020,0.0,0.0,0.0,0.0,0.0,0.0,0.0,0.0,0.0,0
1023.KL,27/1/2021,0.060739,0.492034,0.07667,0.431295,0.0,1.0,0.0,0.060739,0.492034,1
1023.KL,27/1/2022,0.914521,0.928306,0.05791,0.013785,1.0,0.0,0.0,0.914521,0.928306,1
1023.KL,27/1/2023,0.889953,0.908939,0.072075,0.018986,1.0,0.0,0.0,0.889953,0.908939,1
1023.KL,27/1/2024,-0.755044,0.076523,0.09191,0.831567,0.0,0.0,1.0,0.755044,0.831567,1
1023.KL,27/1/2025,-0.964966,0.008984,0.017066,0.97395,0.0,0.0,1.0,0.964966,0.97395,1
1023.KL,27/1/2026,0.0,0.0,0.0,0.0,0.0,0.0,0.0,0.0,0.0,0
1023.KL,27/10/2020,-0.044282,0.023944,0.90783,0.068226,0.0,1.0,0.0,0.044282,0.90783,1
1023.KL,27/10/2021,0.137079,0.45675,0.223578,0.319672,0.666667,0.0,0.333333,0.725478,0.812601,3
1023.KL,27/10/2022,0.414655,0.484884,0.444886,0.070229,0.5,0.25,0.25,0.505297,0.889146,4
1023.KL,27/10/2023,0.899961,0.911252,0.077456,0.011292,1.0,0.0,0.0,0.899961,0.911252,1
1023.KL,27/10/2024,0.0,0.0,0.0,0.0,0.0,0.0,0.0,0.0,0.0,0
1023.KL,27/10/2025,0.713771,0.808021,0.097729,0.09425,1.0,0.0,0.0,0.713771,0.808021,2
1023.KL,27/11/2020,0.356694,0.635214,0.086266,0.27852,0.5,0.5,0.0,0.447673,0.680704,2
1023.KL,27/11/2021,0.0,0.0,0.0,0.0,0.0,0.0,0.0,0.0,0.0,0
1023.KL,27/11/2022,0.0,0.0,0.0,0.0,0.0,0.0,0.0,0.0,0.0,0
1023.KL,27/11/2023,0.765271,0.773647,0.217976,0.008377,1.0,0.0,0.0,0.765271,0.773647,1
1023.KL,27/11/2024,0.404331,0.413104,0.578123,0.008773,0.5,0.5,0.0,0.404331,0.829943,2
1023.KL,27/11/2025,0.549372,0.634359,0.280654,0.084987,1.0,0.0,0.0,0.549372,0.728882,2
1023.KL,27/12/2020,0.0,0.0,0.0,0.0,0.0,0.0,0.0,0.0,0.0,0
1023.KL,27/12/2021,0.870158,0.919078,0.032001,0.04892,1.0,0.0,0.0,0.870158,0.919078,1
1023.KL,27/12/2022,0.0,0.0,0.0,0.0,0.0,0.0,0.0,0.0,0.0,0
1023.KL,27/12/2023,-0.928872,0.026743,0.017642,0.955615,0.0,0.0,1.0,0.928872,0.955615,1
1023.KL,27/12/2024,0.0,0.0,0.0,0.0,0.0,0.0,0.0,0.0,0.0,0
1023.KL,27/12/2025,0.0,0.0,0.0,0.0,0.0,0.0,0.0,0.0,0.0,0
1023.KL,27/2/2020,-0.213183,0.314358,0.158102,0.527541,0.5,0.0,0.5,0.725423,0.783661,2
1023.KL,27/2/2021,-0.169297,0.101424,0.627856,0.27072,0.0,0.0,1.0,0.169297,0.627856,1
1023.KL,27/2/2022,0.0,0.0,0.0,0.0,0.0,0.0,0.0,0.0,0.0,0
1023.KL,27/2/2023,-0.112309,0.218933,0.449825,0.331242,0.0,0.0,1.0,0.112309,0.449825,1
1023.KL,27/2/2024,-0.193378,0.07014,0.666341,0.263518,0.0,0.5,0.5,0.262321,0.666341,2
1023.KL,27/2/2025,0.0,0.0,0.0,0.0,0.0,0.0,0.0,0.0,0.0,0
1023.KL,27/2/2026,0.325815,0.537307,0.2512,0.211493,0.6,0.2,0.2,0.71529,0.9071,5
1023.KL,27/3/2020,0.38895,0.534537,0.319876,0.145587,0.75,0.0,0.25,0.448079,0.741582,4
1023.KL,27/3/2021,0.733819,0.750164,0.233491,0.016345,1.0,0.0,0.0,0.733819,0.750164,1
1023.KL,27/3/2022,0.0,0.0,0.0,0.0,0.0,0.0,0.0,0.0,0.0,0
1023.KL,27/3/2023,0.0,0.0,0.0,0.0,0.0,0.0,0.0,0.0,0.0,0
1023.KL,27/3/2024,0.369588,0.410196,0.549196,0.040608,0.666667,0.333333,0.0,0.369588,0.83549,3
1023.KL,27/3/2025,0.545366,0.57505,0.395267,0.029684,1.0,0.0,0.0,0.545366,0.836111,4
1023.KL,27/4/2020,0.0,0.0,0.0,0.0,0.0,0.0,0.0,0.0,0.0,0
1023.KL,27/4/2021,0.069899,0.377448,0.315004,0.307548,0.0,1.0,0.0,0.069899,0.377448,1
1023.KL,27/4/2022,-0.011134,0.031397,0.926072,0.042531,0.0,1.0,0.0,0.011134,0.926072,1
1023.KL,27/4/2023,0.561546,0.663616,0.234314,0.10207,1.0,0.0,0.0,0.561546,0.703552,3
1023.KL,27/4/2024,-0.789208,0.068312,0.074168,0.85752,0.0,0.0,1.0,0.789208,0.85752,1
1023.KL,27/4/2025,0.0,0.0,0.0,0.0,0.0,0.0,0.0,0.0,0.0,0
1023.KL,27/5/2020,-0.241467,0.227617,0.303299,0.469084,0.25,0.25,0.5,0.644799,0.872827,4
1023.KL,27/5/2021,0.0,0.0,0.0,0.0,0.0,0.0,0.0,0.0,0.0,0
1023.KL,27/5/2022,0.0,0.0,0.0,0.0,0.0,0.0,0.0,0.0,0.0,0
1023.KL,27/5/2023,0.0,0.0,0.0,0.0,0.0,0.0,0.0,0.0,0.0,0
1023.KL,27/5/2024,0.0,0.0,0.0,0.0,0.0,0.0,0.0,0.0,0.0,0
1023.KL,27/5/2025,-0.025653,0.02459,0.925166,0.050244,0.0,1.0,0.0,0.025653,0.925166,1
1023.KL,27/6/2020,-0.149807,0.214031,0.42213,0.363839,0.5,0.0,0.5,0.397303,0.717939,2
1023.KL,27/6/2021,0.0,0.0,0.0,0.0,0.0,0.0,0.0,0.0,0.0,0
1023.KL,27/6/2022,0.0,0.0,0.0,0.0,0.0,0.0,0.0,0.0,0.0,0
1023.KL,27/6/2023,0.619892,0.701737,0.216417,0.081845,1.0,0.0,0.0,0.619892,0.703695,3
1023.KL,27/6/2024,0.0,0.0,0.0,0.0,0.0,0.0,0.0,0.0,0.0,0
1023.KL,27/6/2025,0.0,0.0,0.0,0.0,0.0,0.0,0.0,0.0,0.0,0
1023.KL,27/7/2020,0.0,0.0,0.0,0.0,0.0,0.0,0.0,0.0,0.0,0
1023.KL,27/7/2021,0.408492,0.456294,0.495904,0.047802,0.5,0.5,0.0,0.408492,0.91032,2
1023.KL,27/7/2022,0.0,0.0,0.0,0.0,0.0,0.0,0.0,0.0,0.0,0
1023.KL,27/7/2023,0.218964,0.477251,0.264461,0.258288,0.5,0.25,0.25,0.69761,0.939357,4
1023.KL,27/7/2024,0.0,0.0,0.0,0.0,0.0,0.0,0.0,0.0,0.0,0
1023.KL,27/7/2025,0.0,0.0,0.0,0.0,0.0,0.0,0.0,0.0,0.0,0
1023.KL,27/8/2020,0.0,0.0,0.0,0.0,0.0,0.0,0.0,0.0,0.0,0
1023.KL,27/8/2021,0.0,0.0,0.0,0.0,0.0,0.0,0.0,0.0,0.0,0
1023.KL,27/8/2022,0.014101,0.484612,0.044877,0.470511,0.0,1.0,0.0,0.014101,0.484612,1
1023.KL,27/8/2023,0.0,0.0,0.0,0.0,0.0,0.0,0.0,0.0,0.0,0
1023.KL,27/8/2024,0.93249,0.949332,0.033826,0.016842,1.0,0.0,0.0,0.93249,0.949332,2
1023.KL,27/8/2025,-0.020405,0.362829,0.253937,0.383234,0.25,0.25,0.5,0.50628,0.833827,4
1023.KL,27/9/2020,0.0,0.0,0.0,0.0,0.0,0.0,0.0,0.0,0.0,0
1023.KL,27/9/2021,0.0,0.0,0.0,0.0,0.0,0.0,0.0,0.0,0.0,0
1023.KL,27/9/2022,-0.495255,0.075396,0.353952,0.570652,0.0,0.0,1.0,0.495255,0.570652,1
1023.KL,27/9/2023,-0.055742,0.277623,0.389013,0.333365,0.5,0.0,0.5,0.473062,0.610376,2
1023.KL,27/9/2024,-0.257176,0.264799,0.213225,0.521976,0.25,0.25,0.5,0.717843,0.913843,4
1023.KL,27/9/2025,0.264128,0.383485,0.497159,0.119357,0.5,0.5,0.0,0.264128,0.844428,2
1023.KL,28/1/2020,-0.243441,0.032997,0.690564,0.276439,0.0,0.5,0.5,0.265023,0.739001,2
1023.KL,28/1/2021,-0.03115,0.320277,0.328296,0.351427,0.333333,0.0,0.666667,0.551694,0.748885,3
1023.KL,28/1/2022,0.490198,0.709975,0.070248,0.219777,1.0,0.0,0.0,0.490198,0.709975,2
1023.KL,28/1/2023,-0.960318,0.010072,0.019538,0.97039,0.0,0.0,1.0,0.960318,0.97039,1
1023.KL,28/1/2024,0.0,0.0,0.0,0.0,0.0,0.0,0.0,0.0,0.0,0
1023.KL,28/1/2025,0.0,0.0,0.0,0.0,0.0,0.0,0.0,0.0,0.0,0
1023.KL,28/1/2026,0.018627,0.348648,0.321331,0.330021,0.333333,0.333333,0.333333,0.590344,0.903334,3
1023.KL,28/10/2020,-0.746125,0.094088,0.065699,0.840213,0.0,0.0,1.0,0.746125,0.840213,1
1023.KL,28/10/2021,-0.954163,0.007676,0.030485,0.961839,0.0,0.0,1.0,0.954163,0.961839,1
1023.KL,28/10/2022,-0.293852,0.038782,0.628583,0.332635,0.0,0.666667,0.333333,0.293852,0.859534,3
1023.KL,28/10/2023,0.485286,0.508688,0.467909,0.023403,0.5,0.5,0.0,0.485286,0.924179,2
1023.KL,28/10/2024,0.0,0.0,0.0,0.0,0.0,0.0,0.0,0.0,0.0,0
1023.KL,28/10/2025,-0.428044,0.055396,0.461164,0.48344,0.0,0.5,0.5,0.515377,0.923936,2
1023.KL,28/11/2020,0.932654,0.957243,0.018169,0.024588,1.0,0.0,0.0,0.932654,0.957243,1
1023.KL,28/11/2021,0.0,0.0,0.0,0.0,0.0,0.0,0.0,0.0,0.0,0
1023.KL,28/11/2022,0.0,0.0,0.0,0.0,0.0,0.0,0.0,0.0,0.0,0
1023.KL,28/11/2023,0.12548,0.378216,0.369048,0.252736,1.0,0.0,0.0,0.12548,0.378216,1
1023.KL,28/11/2024,0.453664,0.695041,0.063581,0.241378,0.666667,0.0,0.333333,0.784193,0.860306,3
1023.KL,28/11/2025,0.0,0.0,0.0,0.0,0.0,0.0,0.0,0.0,0.0,0
1023.KL,28/12/2020,0.0,0.0,0.0,0.0,0.0,0.0,0.0,0.0,0.0,0
1023.KL,28/12/2021,0.892148,0.926807,0.038534,0.034659,1.0,0.0,0.0,0.892148,0.926807,1
1023.KL,28/12/2022,-0.941856,0.01851,0.021123,0.960367,0.0,0.0,1.0,0.941856,0.960367,1
1023.KL,28/12/2023,-0.878613,0.044574,0.032239,0.923187,0.0,0.0,1.0,0.878613,0.923187,2
1023.KL,28/12/2024,0.896276,0.935089,0.026098,0.038813,1.0,0.0,0.0,0.896276,0.935089,1
1023.KL,28/12/2025,0.0,0.0,0.0,0.0,0.0,0.0,0.0,0.0,0.0,0
1023.KL,28/2/2020,-0.176091,0.335673,0.152563,0.511764,0.0,0.0,1.0,0.176091,0.511764,1
1023.KL,28/2/2021,0.0,0.0,0.0,0.0,0.0,0.0,0.0,0.0,0.0,0
1023.KL,28/2/2022,0.0,0.0,0.0,0.0,0.0,0.0,0.0,0.0,0.0,0
1023.KL,28/2/2023,0.069696,0.086476,0.896744,0.01678,0.0,1.0,0.0,0.069696,0.896744,1
1023.KL,28/2/2024,0.091942,0.382612,0.326718,0.29067,0.5,0.0,0.5,0.614061,0.643671,2
1023.KL,28/2/2025,0.0,0.0,0.0,0.0,0.0,0.0,0.0,0.0,0.0,0
1023.KL,28/2/2026,0.0,0.0,0.0,0.0,0.0,0.0,0.0,0.0,0.0,0
1023.KL,28/3/2020,0.779949,0.853114,0.073721,0.073165,1.0,0.0,0.0,0.779949,0.853114,1
1023.KL,28/3/2021,0.0,0.0,0.0,0.0,0.0,0.0,0.0,0.0,0.0,0
1023.KL,28/3/2022,-0.256124,0.036112,0.671652,0.292236,0.0,0.0,1.0,0.256124,0.671652,1
1023.KL,28/3/2023,0.574819,0.774318,0.026184,0.199499,1.0,0.0,0.0,0.574819,0.774318,1
1023.KL,28/3/2024,-0.160145,0.206215,0.427424,0.36636,0.4,0.2,0.4,0.509395,0.815245,5
1023.KL,28/3/2025,0.0,0.0,0.0,0.0,0.0,0.0,0.0,0.0,0.0,0
1023.KL,28/4/2020,0.0,0.0,0.0,0.0,0.0,0.0,0.0,0.0,0.0,0
1023.KL,28/4/2021,0.0,0.0,0.0,0.0,0.0,0.0,0.0,0.0,0.0,0
1023.KL,28/4/2022,0.0,0.0,0.0,0.0,0.0,0.0,0.0,0.0,0.0,0
1023.KL,28/4/2023,0.519194,0.534447,0.450299,0.015253,1.0,0.0,0.0,0.519194,0.914128,2
1023.KL,28/4/2024,0.0,0.0,0.0,0.0,0.0,0.0,0.0,0.0,0.0,0
1023.KL,28/4/2025,-0.951856,0.009148,0.029848,0.961004,0.0,0.0,1.0,0.951856,0.961004,1
1023.KL,28/5/2020,0.067143,0.44919,0.168764,0.382046,0.5,0.0,0.5,0.632278,0.731757,2
1023.KL,28/5/2021,0.385773,0.517684,0.350405,0.131911,0.6,0.2,0.2,0.47118,0.711776,5
1023.KL,28/5/2022,0.0,0.0,0.0,0.0,0.0,0.0,0.0,0.0,0.0,0
1023.KL,28/5/2023,0.0,0.0,0.0,0.0,0.0,0.0,0.0,0.0,0.0,0
1023.KL,28/5/2024,0.09908,0.114512,0.870057,0.015431,0.5,0.5,0.0,0.09908,0.870057,2
1023.KL,28/5/2025,0.80394,0.850078,0.103783,0.046139,1.0,0.0,0.0,0.80394,0.850078,5
1023.KL,28/6/2020,0.0,0.0,0.0,0.0,0.0,0.0,0.0,0.0,0.0,0
1023.KL,28/6/2021,0.0,0.0,0.0,0.0,0.0,0.0,0.0,0.0,0.0,0
1023.KL,28/6/2022,0.081406,0.220837,0.639732,0.139431,0.0,1.0,0.0,0.081406,0.639732,1
1023.KL,28/6/2023,-0.006453,0.056324,0.8809,0.062777,0.0,1.0,0.0,0.006453,0.8809,1
1023.KL,28/6/2024,0.0,0.0,0.0,0.0,0.0,0.0,0.0,0.0,0.0,0
1023.KL,28/6/2025,0.0,0.0,0.0,0.0,0.0,0.0,0.0,0.0,0.0,0
1023.KL,28/7/2020,0.522842,0.565522,0.391797,0.04268,1.0,0.0,0.0,0.522842,0.796448,2
1023.KL,28/7/2021,0.0,0.0,0.0,0.0,0.0,0.0,0.0,0.0,0.0,0
1023.KL,28/7/2022,0.661505,0.702643,0.256219,0.041138,1.0,0.0,0.0,0.661505,0.892141,4
1023.KL,28/7/2023,0.0,0.0,0.0,0.0,0.0,0.0,0.0,0.0,0.0,0
1023.KL,28/7/2024,0.923267,0.939992,0.043283,0.016725,1.0,0.0,0.0,0.923267,0.939992,1
1023.KL,28/7/2025,0.147187,0.422664,0.30186,0.275476,0.4,0.2,0.4,0.421656,0.735214,5
1023.KL,28/8/2020,0.601546,0.714195,0.173156,0.112649,1.0,0.0,0.0,0.601546,0.714195,1
1023.KL,28/8/2021,0.0,0.0,0.0,0.0,0.0,0.0,0.0,0.0,0.0,0
1023.KL,28/8/2022,0.0,0.0,0.0,0.0,0.0,0.0,0.0,0.0,0.0,0
1023.KL,28/8/2023,0.121905,0.541695,0.038514,0.41979,0.5,0.0,0.5,0.639118,0.800302,2
1023.KL,28/8/2024,0.880736,0.904984,0.070769,0.024248,1.0,0.0,0.0,0.880736,0.904984,3
1023.KL,28/8/2025,0.233659,0.596995,0.039669,0.363336,0.666667,0.0,0.333333,0.793662,0.876997,3
1023.KL,28/9/2020,0.218342,0.230381,0.75758,0.012039,1.0,0.0,0.0,0.218342,0.75758,1
1023.KL,28/9/2021,0.376717,0.572679,0.23136,0.195961,0.5,0.5,0.0,0.400873,0.614922,2
1023.KL,28/9/2022,-0.006317,0.02958,0.934524,0.035896,0.0,1.0,0.0,0.006317,0.934524,1
1023.KL,28/9/2023,-0.280501,0.131031,0.457436,0.411532,0.333333,0.0,0.666667,0.432892,0.754215,3
1023.KL,28/9/2024,-0.958621,0.012976,0.015426,0.971597,0.0,0.0,1.0,0.958621,0.971597,1
1023.KL,28/9/2025,0.0,0.0,0.0,0.0,0.0,0.0,0.0,0.0,0.0,0
1023.KL,29/1/2020,-0.040576,0.252997,0.45343,0.293573,0.333333,0.333333,0.333333,0.45941,0.766732,3
1023.KL,29/1/2021,0.032116,0.048468,0.935179,0.016353,0.0,1.0,0.0,0.032116,0.935179,1
1023.KL,29/1/2022,-0.946866,0.014544,0.024045,0.961411,0.0,0.0,1.0,0.946866,0.961411,1
1023.KL,29/1/2023,0.0,0.0,0.0,0.0,0.0,0.0,0.0,0.0,0.0,0
1023.KL,29/1/2024,0.0,0.0,0.0,0.0,0.0,0.0,0.0,0.0,0.0,0
1023.KL,29/1/2025,-0.960463,0.009909,0.019719,0.970372,0.0,0.0,1.0,0.960463,0.970372,2
1023.KL,29/1/2026,-0.047723,0.454573,0.043131,0.502296,0.5,0.0,0.5,0.892363,0.924616,2
1023.KL,29/10/2020,0.0,0.0,0.0,0.0,0.0,0.0,0.0,0.0,0.0,0
1023.KL,29/10/2021,0.0,0.0,0.0,0.0,0.0,0.0,0.0,0.0,0.0,0
1023.KL,29/10/2022,-0.521163,0.047292,0.384253,0.568455,0.0,0.0,1.0,0.521163,0.788591,2
1023.KL,29/10/2023,0.0,0.0,0.0,0.0,0.0,0.0,0.0,0.0,0.0,0
1023.KL,29/10/2024,0.899093,0.932371,0.034351,0.033278,1.0,0.0,0.0,0.899093,0.932371,1
1023.KL,29/10/2025,0.0,0.0,0.0,0.0,0.0,0.0,0.0,0.0,0.0,0
1023.KL,29/11/2020,0.0,0.0,0.0,0.0,0.0,0.0,0.0,0.0,0.0,0
1023.KL,29/11/2021,-0.721825,0.047907,0.182362,0.769732,0.0,0.0,1.0,0.721825,0.769732,1
1023.KL,29/11/2022,0.458088,0.571538,0.315012,0.11345,1.0,0.0,0.0,0.458088,0.748275,3
1023.KL,29/11/2023,-0.57855,0.023256,0.374938,0.601806,0.0,0.25,0.75,0.57855,0.828905,4
1023.KL,29/11/2024,-0.464574,0.026706,0.482013,0.491281,0.0,0.5,0.5,0.493965,0.955597,2
1023.KL,29/11/2025,0.085444,0.123224,0.838995,0.037781,0.0,1.0,0.0,0.085444,0.838995,1
1023.KL,29/12/2020,0.0,0.0,0.0,0.0,0.0,0.0,0.0,0.0,0.0,0
1023.KL,29/12/2021,0.742166,0.75267,0.236827,0.010503,1.0,0.0,0.0,0.742166,0.75267,1
1023.KL,29/12/2022,-0.517989,0.017144,0.447724,0.535133,0.0,0.5,0.5,0.517989,0.914298,2
1023.KL,29/12/2023,0.875444,0.912141,0.051162,0.036697,1.0,0.0,0.0,0.875444,0.912141,1
1023.KL,29/12/2024,0.0,0.0,0.0,0.0,0.0,0.0,0.0,0.0,0.0,0
1023.KL,29/12/2025,0.0,0.0,0.0,0.0,0.0,0.0,0.0,0.0,0.0,0
1023.KL,29/2/2020,-0.921216,0.013376,0.052032,0.934592,0.0,0.0,1.0,0.921216,0.934592,2
1023.KL,29/2/2024,0.0,0.0,0.0,0.0,0.0,0.0,0.0,0.0,0.0,0
1023.KL,29/3/2020,0.0,0.0,0.0,0.0,0.0,0.0,0.0,0.0,0.0,0
1023.KL,29/3/2021,0.0,0.0,0.0,0.0,0.0,0.0,0.0,0.0,0.0,0
1023.KL,29/3/2022,-0.145226,0.051973,0.750828,0.197199,0.0,0.0,1.0,0.145226,0.750828,1
1023.KL,29/3/2023,-0.392159,0.279607,0.048626,0.671767,0.333333,0.0,0.666667,0.882686,0.91703,3
1023.KL,29/3/2024,0.919656,0.944547,0.030561,0.024892,1.0,0.0,0.0,0.919656,0.944547,1
1023.KL,29/3/2025,-0.965267,0.009004,0.016725,0.974271,0.0,0.0,1.0,0.965267,0.974271,1
1023.KL,29/4/2020,-0.190096,0.071897,0.666111,0.261992,0.0,0.0,1.0,0.190096,0.666111,1
1023.KL,29/4/2021,0.0,0.0,0.0,0.0,0.0,0.0,0.0,0.0,0.0,0
1023.KL,29/4/2022,0.920157,0.94659,0.026978,0.026433,1.0,0.0,0.0,0.920157,0.94659,1
1023.KL,29/4/2023,0.059623,0.082379,0.894864,0.022756,0.0,1.0,0.0,0.059623,0.894864,1
1023.KL,29/4/2024,0.113813,0.126904,0.860005,0.013091,1.0,0.0,0.0,0.113813,0.860005,1
1023.KL,29/4/2025,-0.010301,0.02625,0.937199,0.036551,0.0,1.0,0.0,0.010301,0.937199,1
1023.KL,29/5/2020,-0.763,0.10058,0.035839,0.86358,0.0,0.0,1.0,0.763,0.86358,1
1023.KL,29/5/2021,0.0,0.0,0.0,0.0,0.0,0.0,0.0,0.0,0.0,0
1023.KL,29/5/2022,0.0,0.0,0.0,0.0,0.0,0.0,0.0,0.0,0.0,0
1023.KL,29/5/2023,0.0,0.0,0.0,0.0,0.0,0.0,0.0,0.0,0.0,0
1023.KL,29/5/2024,0.0,0.0,0.0,0.0,0.0,0.0,0.0,0.0,0.0,0
1023.KL,29/5/2025,0.384418,0.655137,0.074144,0.270719,0.666667,0.0,0.333333,0.813491,0.869674,3
1023.KL,29/6/2020,0.0,0.0,0.0,0.0,0.0,0.0,0.0,0.0,0.0,0
1023.KL,29/6/2021,0.174955,0.531144,0.112666,0.35619,0.666667,0.0,0.333333,0.815417,0.851376,3
1023.KL,29/6/2022,-0.734135,0.046144,0.173577,0.780279,0.0,0.0,1.0,0.734135,0.780279,1
1023.KL,29/6/2023,0.833752,0.905516,0.02272,0.071764,1.0,0.0,0.0,0.833752,0.905516,1
1023.KL,29/6/2024,0.040438,0.066558,0.907321,0.02612,0.0,1.0,0.0,0.040438,0.907321,1
1023.KL,29/6/2025,0.0,0.0,0.0,0.0,0.0,0.0,0.0,0.0,0.0,0
1023.KL,29/7/2020,0.582066,0.718458,0.145151,0.136392,1.0,0.0,0.0,0.582066,0.718458,2
1023.KL,29/7/2021,0.0,0.0,0.0,0.0,0.0,0.0,0.0,0.0,0.0,0
1023.KL,29/7/2022,0.210931,0.572184,0.066564,0.361252,0.5,0.0,0.5,0.652009,0.792723,2
1023.KL,29/7/2023,-0.943778,0.019098,0.018025,0.962876,0.0,0.0,1.0,0.943778,0.962876,1
1023.KL,29/7/2024,0.460863,0.473432,0.514,0.012568,0.5,0.5,0.0,0.460863,0.908698,2
1023.KL,29/7/2025,-0.909767,0.029989,0.030255,0.939756,0.0,0.0,1.0,0.909767,0.939756,1
1023.KL,29/8/2020,-0.1856,0.221974,0.370452,0.407574,0.2,0.4,0.4,0.548364,0.893539,5
1023.KL,29/8/2021,0.0,0.0,0.0,0.0,0.0,0.0,0.0,0.0,0.0,0
1023.KL,29/8/2022,0.180817,0.462572,0.255674,0.281755,1.0,0.0,0.0,0.180817,0.462572,1
1023.KL,29/8/2023,0.28264,0.387393,0.507854,0.104753,0.5,0.5,0.0,0.28264,0.794916,2
1023.KL,29/8/2024,0.251387,0.548197,0.154992,0.296811,0.666667,0.0,0.333333,0.692542,0.768775,6
1023.KL,29/8/2025,-0.294181,0.041984,0.62185,0.336165,0.0,0.666667,0.333333,0.3222,0.936124,3
1023.KL,29/9/2020,-0.025156,0.039134,0.896576,0.06429,0.0,1.0,0.0,0.025156,0.896576,1
1023.KL,29/9/2021,0.821472,0.875426,0.070621,0.053954,1.0,0.0,0.0,0.821472,0.875426,3
1023.KL,29/9/2022,0.666579,0.717319,0.231942,0.05074,1.0,0.0,0.0,0.666579,0.717319,2
1023.KL,29/9/2023,-0.305446,0.166056,0.362441,0.471503,0.0,0.5,0.5,0.305446,0.480734,2
1023.KL,29/9/2024,0.0,0.0,0.0,0.0,0.0,0.0,0.0,0.0,0.0,0
1023.KL,29/9/2025,0.161986,0.174726,0.812534,0.01274,0.5,0.5,0.0,0.161986,0.812534,2
1023.KL,3/1/2020,0.380999,0.414832,0.551335,0.033833,0.5,0.5,0.0,0.380999,0.869921,2
1023.KL,3/1/2021,0.0,0.0,0.0,0.0,0.0,0.0,0.0,0.0,0.0,0
1023.KL,3/1/2022,0.249527,0.435979,0.377569,0.186452,1.0,0.0,0.0,0.249527,0.435979,1
1023.KL,3/1/2023,0.765978,0.792788,0.180401,0.026811,1.0,0.0,0.0,0.765978,0.792788,2
1023.KL,3/1/2024,0.0,0.0,0.0,0.0,0.0,0.0,0.0,0.0,0.0,0
1023.KL,3/1/2025,0.935988,0.950141,0.035705,0.014154,1.0,0.0,0.0,0.935988,0.950141,1
1023.KL,3/1/2026,-0.936999,0.012323,0.038355,0.949322,0.0,0.0,1.0,0.936999,0.949322,1
1023.KL,3/10/2020,0.141414,0.155679,0.830055,0.014265,1.0,0.0,0.0,0.141414,0.830055,1
1023.KL,3/10/2021,0.0,0.0,0.0,0.0,0.0,0.0,0.0,0.0,0.0,0
1023.KL,3/10/2022,-0.916111,0.033749,0.016391,0.94986,0.0,0.0,1.0,0.916111,0.94986,1
1023.KL,3/10/2023,0.932897,0.951227,0.030444,0.018329,1.0,0.0,0.0,0.932897,0.951227,1
1023.KL,3/10/2024,-0.411441,0.046543,0.495474,0.457983,0.0,0.5,0.5,0.411441,0.918855,2
1023.KL,3/10/2025,-0.760611,0.069436,0.100517,0.830047,0.0,0.0,1.0,0.760611,0.830047,1
1023.KL,3/11/2020,0.0,0.0,0.0,0.0,0.0,0.0,0.0,0.0,0.0,0
1023.KL,3/11/2021,0.0,0.0,0.0,0.0,0.0,0.0,0.0,0.0,0.0,0
1023.KL,3/11/2022,-0.006587,0.484752,0.023908,0.491339,0.5,0.0,0.5,0.93922,0.957656,2
1023.KL,3/11/2023,0.871903,0.917782,0.036339,0.045879,1.0,0.0,0.0,0.871903,0.917782,1
1023.KL,3/11/2024,0.0,0.0,0.0,0.0,0.0,0.0,0.0,0.0,0.0,0
1023.KL,3/11/2025,0.560488,0.580647,0.399194,0.020159,0.75,0.25,0.0,0.560488,0.828399,4
1023.KL,3/12/2020,0.0,0.0,0.0,0.0,0.0,0.0,0.0,0.0,0.0,0
1023.KL,3/12/2021,0.0,0.0,0.0,0.0,0.0,0.0,0.0,0.0,0.0,0
1023.KL,3/12/2022,-0.033049,0.335543,0.295865,0.368592,0.666667,0.0,0.333333,0.599496,0.770321,3
1023.KL,3/12/2023,-0.414455,0.15685,0.271844,0.571305,0.0,0.0,1.0,0.414455,0.571305,1
1023.KL,3/12/2024,0.779572,0.875507,0.028558,0.095935,1.0,0.0,0.0,0.779572,0.875507,1
1023.KL,3/12/2025,-0.94464,0.013229,0.028903,0.957869,0.0,0.0,1.0,0.94464,0.957869,1
1023.KL,3/2/2020,0.020267,0.071276,0.877715,0.051009,0.0,1.0,0.0,0.074557,0.877715,2
1023.KL,3/2/2021,0.885614,0.918295,0.049023,0.032681,1.0,0.0,0.0,0.885614,0.918295,1
1023.KL,3/2/2022,0.911193,0.942106,0.026981,0.030913,1.0,0.0,0.0,0.911193,0.942106,1
1023.KL,3/2/2023,-0.929834,0.017541,0.035085,0.947375,0.0,0.0,1.0,0.929834,0.947375,1
1023.KL,3/2/2024,0.0,0.0,0.0,0.0,0.0,0.0,0.0,0.0,0.0,0
1023.KL,3/2/2025,0.0,0.0,0.0,0.0,0.0,0.0,0.0,0.0,0.0,0
1023.KL,3/2/2026,0.0,0.0,0.0,0.0,0.0,0.0,0.0,0.0,0.0,0
1023.KL,3/3/2020,0.393546,0.427442,0.538662,0.033896,1.0,0.0,0.0,0.393546,0.538662,1
1023.KL,3/3/2021,0.0,0.0,0.0,0.0,0.0,0.0,0.0,0.0,0.0,0
1023.KL,3/3/2022,0.406983,0.477416,0.45215,0.070434,1.0,0.0,0.0,0.406983,0.705442,3
1023.KL,3/3/2023,0.0,0.0,0.0,0.0,0.0,0.0,0.0,0.0,0.0,0
1023.KL,3/3/2024,0.0,0.0,0.0,0.0,0.0,0.0,0.0,0.0,0.0,0
1023.KL,3/3/2025,-0.289461,0.182968,0.344603,0.472429,0.2,0.4,0.4,0.404208,0.724371,5
1023.KL,3/3/2026,0.101872,0.528735,0.044402,0.426863,0.666667,0.0,0.333333,0.704162,0.82988,3
1023.KL,3/4/2020,0.34368,0.356565,0.63055,0.012885,1.0,0.0,0.0,0.34368,0.700243,2
1023.KL,3/4/2021,0.457467,0.465455,0.526558,0.007988,1.0,0.0,0.0,0.457467,0.526558,1
1023.KL,3/4/2022,-0.878013,0.016221,0.089545,0.894234,0.0,0.0,1.0,0.878013,0.894234,1
1023.KL,3/4/2023,0.637946,0.647893,0.34216,0.009947,1.0,0.0,0.0,0.637946,0.647893,1
1023.KL,3/4/2024,-0.008176,0.471261,0.049302,0.479437,0.5,0.0,0.5,0.890213,0.920455,2
1023.KL,3/4/2025,0.761674,0.847809,0.066056,0.086135,1.0,0.0,0.0,0.761674,0.847809,1
1023.KL,3/5/2020,0.0,0.0,0.0,0.0,0.0,0.0,0.0,0.0,0.0,0
1023.KL,3/5/2021,0.035964,0.107424,0.821116,0.07146,0.0,1.0,0.0,0.035964,0.821116,1
1023.KL,3/5/2022,0.0,0.0,0.0,0.0,0.0,0.0,0.0,0.0,0.0,0
1023.KL,3/5/2023,-0.961882,0.010265,0.017588,0.972147,0.0,0.0,1.0,0.961882,0.972147,1
1023.KL,3/5/2024,0.105841,0.121138,0.863565,0.015297,1.0,0.0,0.0,0.105841,0.863565,1
1023.KL,3/5/2025,0.063447,0.073881,0.915686,0.010434,0.0,1.0,0.0,0.063447,0.915686,1
1023.KL,3/6/2020,0.569997,0.715015,0.139967,0.145018,1.0,0.0,0.0,0.569997,0.715015,2
1023.KL,3/6/2021,0.734251,0.854634,0.024982,0.120384,1.0,0.0,0.0,0.734251,0.854634,1
1023.KL,3/6/2022,0.0,0.0,0.0,0.0,0.0,0.0,0.0,0.0,0.0,0
1023.KL,3/6/2023,0.622623,0.781385,0.059854,0.158761,1.0,0.0,0.0,0.622623,0.781385,1
1023.KL,3/6/2024,0.896195,0.904616,0.086962,0.008422,1.0,0.0,0.0,0.896195,0.904616,1
1023.KL,3/6/2025,-0.213796,0.048304,0.689596,0.2621,0.0,0.75,0.25,0.257358,0.921748,4
1023.KL,3/7/2020,-0.10573,0.325702,0.242865,0.431433,0.5,0.0,0.5,0.645219,0.856848,4
1023.KL,3/7/2021,0.0,0.0,0.0,0.0,0.0,0.0,0.0,0.0,0.0,0
1023.KL,3/7/2022,0.0,0.0,0.0,0.0,0.0,0.0,0.0,0.0,0.0,0
1023.KL,3/7/2023,0.0,0.0,0.0,0.0,0.0,0.0,0.0,0.0,0.0,0
1023.KL,3/7/2024,0.097881,0.118559,0.860763,0.020678,0.5,0.5,0.0,0.097881,0.860763,2
1023.KL,3/7/2025,0.428898,0.514558,0.399783,0.08566,1.0,0.0,0.0,0.428898,0.701514,3
1023.KL,3/8/2020,-0.538508,0.064988,0.331517,0.603495,0.0,0.0,1.0,0.538508,0.603495,2
1023.KL,3/8/2021,0.070505,0.440655,0.189195,0.37015,0.333333,0.0,0.666667,0.536423,0.708824,3
1023.KL,3/8/2022,0.0,0.0,0.0,0.0,0.0,0.0,0.0,0.0,0.0,0
1023.KL,3/8/2023,0.0,0.0,0.0,0.0,0.0,0.0,0.0,0.0,0.0,0
1023.KL,3/8/2024,0.0,0.0,0.0,0.0,0.0,0.0,0.0,0.0,0.0,0
1023.KL,3/8/2025,0.0,0.0,0.0,0.0,0.0,0.0,0.0,0.0,0.0,0
1023.KL,3/9/2020,0.905292,0.93456,0.036173,0.029268,1.0,0.0,0.0,0.905292,0.93456,1
1023.KL,3/9/2021,0.0,0.0,0.0,0.0,0.0,0.0,0.0,0.0,0.0,0
1023.KL,3/9/2022,0.0,0.0,0.0,0.0,0.0,0.0,0.0,0.0,0.0,0
1023.KL,3/9/2023,0.0,0.0,0.0,0.0,0.0,0.0,0.0,0.0,0.0,0
1023.KL,3/9/2024,0.935082,0.947918,0.039247,0.012835,1.0,0.0,0.0,0.935082,0.947918,1
1023.KL,3/9/2025,0.0,0.0,0.0,0.0,0.0,0.0,0.0,0.0,0.0,0
1023.KL,30/1/2020,-0.933846,0.018142,0.029869,0.951989,0.0,0.0,1.0,0.933846,0.951989,1
1023.KL,30/1/2021,0.042303,0.056469,0.929365,0.014166,0.0,1.0,0.0,0.042303,0.929365,1
1023.KL,30/1/2022,0.0,0.0,0.0,0.0,0.0,0.0,0.0,0.0,0.0,0
1023.KL,30/1/2023,0.345159,0.370852,0.603454,0.025693,1.0,0.0,0.0,0.345159,0.698135,2
1023.KL,30/1/2024,0.015553,0.056232,0.903089,0.040679,0.0,1.0,0.0,0.015553,0.903089,1
1023.KL,30/1/2025,0.0,0.0,0.0,0.0,0.0,0.0,0.0,0.0,0.0,0
1023.KL,30/1/2026,0.0,0.0,0.0,0.0,0.0,0.0,0.0,0.0,0.0,0
1023.KL,30/10/2020,0.382431,0.552308,0.277815,0.169877,0.75,0.0,0.25,0.622904,0.776167,4
1023.KL,30/10/2021,0.0,0.0,0.0,0.0,0.0,0.0,0.0,0.0,0.0,0
1023.KL,30/10/2022,0.0,0.0,0.0,0.0,0.0,0.0,0.0,0.0,0.0,0
1023.KL,30/10/2023,0.0,0.0,0.0,0.0,0.0,0.0,0.0,0.0,0.0,0
1023.KL,30/10/2024,0.719705,0.736131,0.247443,0.016426,1.0,0.0,0.0,0.719705,0.736131,1
1023.KL,30/10/2025,0.91741,0.946417,0.024575,0.029008,1.0,0.0,0.0,0.91741,0.946417,1
1023.KL,30/11/2020,0.284017,0.305788,0.67244,0.021771,0.5,0.5,0.0,0.284017,0.897686,4
1023.KL,30/11/2021,0.0,0.0,0.0,0.0,0.0,0.0,0.0,0.0,0.0,0
1023.KL,30/11/2022,0.228244,0.25293,0.722384,0.024686,0.5,0.5,0.0,0.228244,0.722384,2
1023.KL,30/11/2023,0.0,0.0,0.0,0.0,0.0,0.0,0.0,0.0,0.0,0
1023.KL,30/11/2024,0.542225,0.555215,0.431796,0.012989,1.0,0.0,0.0,0.542225,0.555215,1
1023.KL,30/11/2025,0.0,0.0,0.0,0.0,0.0,0.0,0.0,0.0,0.0,0
1023.KL,30/12/2020,0.0,0.0,0.0,0.0,0.0,0.0,0.0,0.0,0.0,0
1023.KL,30/12/2021,0.0,0.0,0.0,0.0,0.0,0.0,0.0,0.0,0.0,0
1023.KL,30/12/2022,0.903043,0.928763,0.045517,0.02572,1.0,0.0,0.0,0.903043,0.928763,3
1023.KL,30/12/2023,0.03979,0.05994,0.919909,0.020151,0.0,1.0,0.0,0.040005,0.919909,2
1023.KL,30/12/2024,0.0,0.0,0.0,0.0,0.0,0.0,0.0,0.0,0.0,0
1023.KL,30/12/2025,-0.000994,0.485842,0.027321,0.486837,0.5,0.0,0.5,0.907342,0.94001,2
1023.KL,30/3/2020,-0.195564,0.302947,0.198541,0.498511,0.333333,0.333333,0.333333,0.399386,0.637288,3
1023.KL,30/3/2021,-0.704271,0.095941,0.103846,0.800213,0.0,0.0,1.0,0.704271,0.800213,2
1023.KL,30/3/2022,-0.558598,0.024684,0.392034,0.583282,0.0,0.0,1.0,0.558598,0.583282,1
1023.KL,30/3/2023,0.578333,0.607831,0.362671,0.029498,0.666667,0.333333,0.0,0.578333,0.89532,3
1023.KL,30/3/2024,0.0,0.0,0.0,0.0,0.0,0.0,0.0,0.0,0.0,0
1023.KL,30/3/2025,0.0,0.0,0.0,0.0,0.0,0.0,0.0,0.0,0.0,0
1023.KL,30/4/2020,0.890991,0.924552,0.041887,0.033561,1.0,0.0,0.0,0.890991,0.924552,1
1023.KL,30/4/2021,0.016774,0.048352,0.92007,0.031578,0.0,1.0,0.0,0.029749,0.92007,2
1023.KL,30/4/2022,-0.020557,0.029706,0.920032,0.050263,0.0,1.0,0.0,0.020557,0.920032,1
1023.KL,30/4/2023,0.0,0.0,0.0,0.0,0.0,0.0,0.0,0.0,0.0,0
1023.KL,30/4/2024,0.192351,0.502433,0.187486,0.310082,0.5,0.0,0.5,0.74872,0.780617,2
1023.KL,30/4/2025,0.053162,0.064408,0.924347,0.011245,0.0,1.0,0.0,0.053162,0.924347,1
1023.KL,30/5/2020,0.206164,0.327221,0.551723,0.121057,0.333333,0.333333,0.333333,0.391348,0.835569,3
1023.KL,30/5/2021,0.0,0.0,0.0,0.0,0.0,0.0,0.0,0.0,0.0,0
1023.KL,30/5/2022,0.023956,0.372819,0.278318,0.348863,0.333333,0.333333,0.333333,0.62864,0.872117,3
1023.KL,30/5/2023,0.0,0.0,0.0,0.0,0.0,0.0,0.0,0.0,0.0,0
1023.KL,30/5/2024,-0.5582,0.036356,0.369088,0.594556,0.0,0.333333,0.666667,0.5582,0.868798,3
1023.KL,30/5/2025,0.016459,0.493067,0.030326,0.476607,0.5,0.0,0.5,0.908083,0.938878,2
1023.KL,30/6/2020,0.024859,0.358798,0.307263,0.333939,0.333333,0.333333,0.333333,0.664581,0.932461,3
1023.KL,30/6/2021,-0.327134,0.063766,0.545335,0.390899,0.5,0.0,0.5,0.427947,0.821162,2
1023.KL,30/6/2022,0.081709,0.192453,0.696802,0.110744,0.333333,0.333333,0.333333,0.181042,0.696802,3
1023.KL,30/6/2023,0.482932,0.495614,0.491705,0.012682,1.0,0.0,0.0,0.482932,0.585546,2
1023.KL,30/6/2024,0.0,0.0,0.0,0.0,0.0,0.0,0.0,0.0,0.0,0
1023.KL,30/6/2025,0.930171,0.949176,0.031819,0.019005,1.0,0.0,0.0,0.930171,0.949176,1
1023.KL,30/7/2020,-0.88736,0.024728,0.063184,0.912088,0.0,0.0,1.0,0.88736,0.912088,2
1023.KL,30/7/2021,-0.257881,0.223889,0.294341,0.48177,0.5,0.0,0.5,0.661179,0.76158,2
1023.KL,30/7/2022,0.804714,0.887866,0.028983,0.083152,1.0,0.0,0.0,0.804714,0.887866,1
1023.KL,30/7/2023,0.0,0.0,0.0,0.0,0.0,0.0,0.0,0.0,0.0,0
1023.KL,30/7/2024,-0.905775,0.03674,0.020745,0.942515,0.0,0.0,1.0,0.905775,0.942515,2
1023.KL,30/7/2025,0.314411,0.446514,0.421382,0.132103,1.0,0.0,0.0,0.314411,0.446514,1
1023.KL,30/8/2020,0.0,0.0,0.0,0.0,0.0,0.0,0.0,0.0,0.0,0
1023.KL,30/8/2021,0.372822,0.412799,0.547223,0.039978,1.0,0.0,0.0,0.372822,0.547223,1
1023.KL,30/8/2022,-0.015952,0.471373,0.041302,0.487325,0.5,0.0,0.5,0.884547,0.921623,2
1023.KL,30/8/2023,0.088209,0.115209,0.857792,0.026999,0.0,1.0,0.0,0.088209,0.857792,1
1023.KL,30/8/2024,0.328841,0.60113,0.126581,0.272289,0.5,0.5,0.0,0.417724,0.645571,2
1023.KL,30/8/2025,0.0,0.0,0.0,0.0,0.0,0.0,0.0,0.0,0.0,0
1023.KL,30/9/2020,0.886848,0.928667,0.029514,0.041819,1.0,0.0,0.0,0.886848,0.928667,1
1023.KL,30/9/2021,0.078535,0.385842,0.30685,0.307307,0.666667,0.0,0.333333,0.649831,0.880063,3
1023.KL,30/9/2022,-0.575824,0.071233,0.28171,0.647057,0.333333,0.0,0.666667,0.690855,0.906722,3
1023.KL,30/9/2023,-0.86363,0.043221,0.049929,0.906851,0.0,0.0,1.0,0.86363,0.906851,1
1023.KL,30/9/2024,0.0,0.0,0.0,0.0,0.0,0.0,0.0,0.0,0.0,0
1023.KL,30/9/2025,-0.886256,0.012257,0.08923,0.898513,0.0,0.0,1.0,0.886256,0.898513,1
1023.KL,31/1/2020,-0.529784,0.160767,0.148682,0.690551,0.0,0.0,1.0,0.529784,0.690551,2
1023.KL,31/1/2021,0.0,0.0,0.0,0.0,0.0,0.0,0.0,0.0,0.0,0
1023.KL,31/1/2022,0.015723,0.047763,0.920198,0.03204,0.0,1.0,0.0,0.015723,0.920198,1
1023.KL,31/1/2023,-0.955636,0.010445,0.023473,0.966081,0.0,0.0,1.0,0.955636,0.966081,1
1023.KL,31/1/2024,0.426488,0.457317,0.511854,0.030829,0.5,0.5,0.0,0.426488,0.868764,2
1023.KL,31/1/2025,-0.967048,0.007226,0.0185,0.974274,0.0,0.0,1.0,0.967048,0.974274,1
1023.KL,31/1/2026,0.589188,0.598453,0.392282,0.009265,1.0,0.0,0.0,0.589188,0.598453,1
1023.KL,31/10/2020,-0.858916,0.022662,0.095759,0.881579,0.0,0.0,1.0,0.858916,0.881579,1
1023.KL,31/10/2021,0.0,0.0,0.0,0.0,0.0,0.0,0.0,0.0,0.0,0
1023.KL,31/10/2022,0.36271,0.466013,0.430683,0.103304,0.5,0.5,0.0,0.36271,0.766627,2
1023.KL,31/10/2023,0.082352,0.332484,0.417383,0.250132,0.333333,0.333333,0.333333,0.533314,0.8181,3
1023.KL,31/10/2024,0.003451,0.488135,0.027182,0.484684,0.5,0.0,0.5,0.928379,0.950599,2
1023.KL,31/10/2025,0.111618,0.421889,0.26784,0.310271,0.666667,0.0,0.333333,0.664771,0.872243,3
1023.KL,31/12/2020,0.7526,0.776988,0.198625,0.024387,1.0,0.0,0.0,0.7526,0.776988,1
1023.KL,31/12/2021,0.0,0.0,0.0,0.0,0.0,0.0,0.0,0.0,0.0,0
1023.KL,31/12/2022,0.0,0.0,0.0,0.0,0.0,0.0,0.0,0.0,0.0,0
1023.KL,31/12/2023,0.0,0.0,0.0,0.0,0.0,0.0,0.0,0.0,0.0,0
1023.KL,31/12/2024,-0.131921,0.211751,0.444576,0.343672,0.0,0.5,0.5,0.131921,0.719469,2
1023.KL,31/12/2025,0.876504,0.903088,0.070328,0.026584,1.0,0.0,0.0,0.876504,0.903088,2
1023.KL,31/3/2020,0.500504,0.51526,0.469984,0.014756,1.0,0.0,0.0,0.500504,0.864066,2
1023.KL,31/3/2021,0.0,0.0,0.0,0.0,0.0,0.0,0.0,0.0,0.0,0
1023.KL,31/3/2022,0.0,0.0,0.0,0.0,0.0,0.0,0.0,0.0,0.0,0
1023.KL,31/3/2023,-0.531261,0.066378,0.335984,0.597639,0.0,0.0,1.0,0.531261,0.597639,1
1023.KL,31/3/2024,0.0,0.0,0.0,0.0,0.0,0.0,0.0,0.0,0.0,0
1023.KL,31/3/2025,0.716931,0.767436,0.18206,0.050505,1.0,0.0,0.0,0.716931,0.767436,2
1023.KL,31/5/2020,0.0,0.0,0.0,0.0,0.0,0.0,0.0,0.0,0.0,0
1023.KL,31/5/2021,-0.949063,0.010508,0.02992,0.959571,0.0,0.0,1.0,0.949063,0.959571,1
1023.KL,31/5/2022,-0.940829,0.016352,0.026466,0.957182,0.0,0.0,1.0,0.940829,0.957182,3
1023.KL,31/5/2023,-0.225438,0.128086,0.51839,0.353524,0.0,0.5,0.5,0.225438,0.547995,2
1023.KL,31/5/2024,-0.427228,0.05002,0.472732,0.477248,0.0,0.0,1.0,0.427228,0.668195,2
1023.KL,31/5/2025,0.0,0.0,0.0,0.0,0.0,0.0,0.0,0.0,0.0,0
1023.KL,31/7/2020,-0.123121,0.234387,0.408105,0.357508,0.333333,0.333333,0.333333,0.478788,0.806754,3
1023.KL,31/7/2021,-0.959688,0.013417,0.013479,0.973105,0.0,0.0,1.0,0.959688,0.973105,1
1023.KL,31/7/2022,0.0,0.0,0.0,0.0,0.0,0.0,0.0,0.0,0.0,0
1023.KL,31/7/2023,0.887562,0.919264,0.049033,0.031703,1.0,0.0,0.0,0.887562,0.919264,2
1023.KL,31/7/2024,0.286393,0.626212,0.033969,0.339819,0.666667,0.0,0.333333,0.926963,0.946497,3
1023.KL,31/7/2025,0.137259,0.148943,0.839373,0.011684,0.333333,0.666667,0.0,0.137259,0.839373,3
1023.KL,31/8/2020,0.0,0.0,0.0,0.0,0.0,0.0,0.0,0.0,0.0,0
1023.KL,31/8/2021,-0.034389,0.470229,0.025153,0.504618,0.5,0.0,0.5,0.498389,0.736618,2
1023.KL,31/8/2022,0.92502,0.945621,0.033777,0.020601,1.0,0.0,0.0,0.92502,0.945621,2
1023.KL,31/8/2023,0.000935,0.47981,0.041315,0.478875,0.5,0.0,0.5,0.901351,0.930018,4
1023.KL,31/8/2024,0.380753,0.412638,0.555477,0.031885,0.666667,0.333333,0.0,0.380753,0.855727,3
1023.KL,31/8/2025,0.0,0.0,0.0,0.0,0.0,0.0,0.0,0.0,0.0,0
1023.KL,4/1/2020,0.0,0.0,0.0,0.0,0.0,0.0,0.0,0.0,0.0,0
1023.KL,4/1/2021,-0.463076,0.029877,0.477169,0.492953,0.0,0.5,0.5,0.477399,0.955144,2
1023.KL,4/1/2022,-0.261342,0.040444,0.657771,0.301786,0.0,0.0,1.0,0.261342,0.657771,1
1023.KL,4/1/2023,-0.955507,0.011797,0.020898,0.967305,0.0,0.0,1.0,0.955507,0.967305,1
1023.KL,4/1/2024,0.851427,0.896575,0.058276,0.045149,1.0,0.0,0.0,0.851427,0.896575,1
1023.KL,4/1/2025,0.0,0.0,0.0,0.0,0.0,0.0,0.0,0.0,0.0,0
1023.KL,4/1/2026,0.0,0.0,0.0,0.0,0.0,0.0,0.0,0.0,0.0,0
1023.KL,4/10/2020,0.0,0.0,0.0,0.0,0.0,0.0,0.0,0.0,0.0,0
1023.KL,4/10/2021,-0.401936,0.106926,0.384212,0.508862,0.0,0.0,1.0,0.401936,0.508862,1
1023.KL,4/10/2022,0.06947,0.402199,0.265072,0.332729,0.666667,0.0,0.333333,0.670652,0.868371,3
1023.KL,4/10/2023,0.828251,0.902898,0.022455,0.074647,1.0,0.0,0.0,0.828251,0.902898,1
1023.KL,4/10/2024,0.0,0.0,0.0,0.0,0.0,0.0,0.0,0.0,0.0,0
1023.KL,4/10/2025,0.0,0.0,0.0,0.0,0.0,0.0,0.0,0.0,0.0,0
1023.KL,4/11/2020,-0.293236,0.333078,0.040607,0.626314,0.5,0.0,0.5,0.659709,0.809551,2
1023.KL,4/11/2021,0.0,0.0,0.0,0.0,0.0,0.0,0.0,0.0,0.0,0
1023.KL,4/11/2022,0.322965,0.411968,0.499029,0.089003,0.5,0.5,0.0,0.322965,0.862484,2
1023.KL,4/11/2023,0.0,0.0,0.0,0.0,0.0,0.0,0.0,0.0,0.0,0
1023.KL,4/11/2024,0.738939,0.82417,0.0906,0.085231,1.0,0.0,0.0,0.738939,0.82417,1
1023.KL,4/11/2025,-0.179165,0.188296,0.444243,0.367461,0.5,0.0,0.5,0.284684,0.793301,2
1023.KL,4/12/2020,0.787925,0.856737,0.07445,0.068812,1.0,0.0,0.0,0.787925,0.856737,2
1023.KL,4/12/2021,0.0,0.0,0.0,0.0,0.0,0.0,0.0,0.0,0.0,0
1023.KL,4/12/2022,0.0,0.0,0.0,0.0,0.0,0.0,0.0,0.0,0.0,0
1023.KL,4/12/2023,-0.733905,0.117766,0.030563,0.851671,0.0,0.0,1.0,0.733905,0.851671,1
1023.KL,4/12/2024,0.874809,0.9056,0.063608,0.030792,1.0,0.0,0.0,0.874809,0.9056,1
1023.KL,4/12/2025,0.327428,0.349684,0.62806,0.022256,1.0,0.0,0.0,0.327428,0.62806,1
1023.KL,4/2/2020,0.370374,0.657044,0.056286,0.28667,0.5,0.5,0.0,0.370374,0.657044,2
1023.KL,4/2/2021,0.0,0.0,0.0,0.0,0.0,0.0,0.0,0.0,0.0,0
1023.KL,4/2/2022,0.0,0.0,0.0,0.0,0.0,0.0,0.0,0.0,0.0,0
1023.KL,4/2/2023,0.0,0.0,0.0,0.0,0.0,0.0,0.0,0.0,0.0,0
1023.KL,4/2/2024,0.0,0.0,0.0,0.0,0.0,0.0,0.0,0.0,0.0,0
1023.KL,4/2/2025,0.781528,0.797908,0.185711,0.016381,1.0,0.0,0.0,0.781528,0.797908,1
1023.KL,4/2/2026,0.881836,0.9148,0.052236,0.032964,1.0,0.0,0.0,0.881836,0.9148,1
1023.KL,4/3/2020,0.748068,0.816575,0.114918,0.068507,1.0,0.0,0.0,0.748068,0.816575,3
1023.KL,4/3/2021,0.319309,0.453522,0.412266,0.134213,0.333333,0.666667,0.0,0.319309,0.745794,3
1023.KL,4/3/2022,0.579175,0.587988,0.403198,0.008814,1.0,0.0,0.0,0.579175,0.587988,1
1023.KL,4/3/2023,-0.848315,0.062329,0.027027,0.910644,0.0,0.0,1.0,0.848315,0.910644,1
1023.KL,4/3/2024,0.589124,0.718169,0.152786,0.129045,1.0,0.0,0.0,0.589124,0.718169,2
1023.KL,4/3/2025,0.758084,0.771319,0.215445,0.013236,1.0,0.0,0.0,0.758084,0.771319,2
1023.KL,4/3/2026,-0.905414,0.028558,0.037471,0.933972,0.0,0.0,1.0,0.905414,0.933972,2
1023.KL,4/4/2020,-0.268876,0.131504,0.468115,0.40038,0.333333,0.0,0.666667,0.387693,0.72493,3
1023.KL,4/4/2021,0.0,0.0,0.0,0.0,0.0,0.0,0.0,0.0,0.0,0
1023.KL,4/4/2022,0.0,0.0,0.0,0.0,0.0,0.0,0.0,0.0,0.0,0
1023.KL,4/4/2023,0.4792,0.492382,0.494436,0.013182,1.0,0.0,0.0,0.4792,0.494436,1
1023.KL,4/4/2024,-0.172049,0.209151,0.409648,0.3812,0.2,0.4,0.4,0.538597,0.904775,5
1023.KL,4/4/2025,0.0,0.0,0.0,0.0,0.0,0.0,0.0,0.0,0.0,0
1023.KL,4/5/2020,0.0,0.0,0.0,0.0,0.0,0.0,0.0,0.0,0.0,0
1023.KL,4/5/2021,0.912436,0.928645,0.055145,0.016209,1.0,0.0,0.0,0.912436,0.928645,1
1023.KL,4/5/2022,0.875287,0.884308,0.106671,0.009021,1.0,0.0,0.0,0.875287,0.884308,1
1023.KL,4/5/2023,-0.874218,0.055656,0.014471,0.929873,0.0,0.0,1.0,0.874218,0.929873,1
1023.KL,4/5/2024,0.0,0.0,0.0,0.0,0.0,0.0,0.0,0.0,0.0,0
1023.KL,4/5/2025,0.0,0.0,0.0,0.0,0.0,0.0,0.0,0.0,0.0,0
1023.KL,4/6/2020,0.0,0.0,0.0,0.0,0.0,0.0,0.0,0.0,0.0,0
1023.KL,4/6/2021,-0.464805,0.062501,0.410192,0.527306,0.0,0.5,0.5,0.497466,0.889111,2
1023.KL,4/6/2022,0.0,0.0,0.0,0.0,0.0,0.0,0.0,0.0,0.0,0
1023.KL,4/6/2023,0.0,0.0,0.0,0.0,0.0,0.0,0.0,0.0,0.0,0
1023.KL,4/6/2024,0.310305,0.398589,0.513126,0.088285,0.5,0.5,0.0,0.310305,0.844282,2
1023.KL,4/6/2025,-0.012382,0.032085,0.923448,0.044467,0.0,1.0,0.0,0.012382,0.923448,1
1023.KL,4/7/2020,0.572685,0.760597,0.051491,0.187912,1.0,0.0,0.0,0.572685,0.760597,1
1023.KL,4/7/2021,0.0,0.0,0.0,0.0,0.0,0.0,0.0,0.0,0.0,0
1023.KL,4/7/2022,0.371223,0.428981,0.51326,0.057759,0.666667,0.0,0.333333,0.452383,0.816619,3
1023.KL,4/7/2023,0.225275,0.564665,0.095944,0.33939,0.666667,0.0,0.333333,0.861499,0.882777,3
1023.KL,4/7/2024,0.881408,0.894917,0.091574,0.013509,1.0,0.0,0.0,0.881408,0.894917,1
1023.KL,4/7/2025,0.0,0.0,0.0,0.0,0.0,0.0,0.0,0.0,0.0,0
1023.KL,4/8/2020,-0.927377,0.023274,0.026075,0.950651,0.0,0.0,1.0,0.927377,0.950651,1
1023.KL,4/8/2021,0.0,0.0,0.0,0.0,0.0,0.0,0.0,0.0,0.0,0
1023.KL,4/8/2022,0.908007,0.937865,0.032276,0.029859,1.0,0.0,0.0,0.908007,0.937865,2
1023.KL,4/8/2023,0.868101,0.91494,0.038222,0.046839,1.0,0.0,0.0,0.868101,0.91494,1
1023.KL,4/8/2024,0.0,0.0,0.0,0.0,0.0,0.0,0.0,0.0,0.0,0
1023.KL,4/8/2025,0.0,0.0,0.0,0.0,0.0,0.0,0.0,0.0,0.0,0
1023.KL,4/9/2020,0.148945,0.497103,0.154738,0.348159,0.333333,0.333333,0.333333,0.398289,0.621776,3
1023.KL,4/9/2021,0.0,0.0,0.0,0.0,0.0,0.0,0.0,0.0,0.0,0
1023.KL,4/9/2022,0.0,0.0,0.0,0.0,0.0,0.0,0.0,0.0,0.0,0
1023.KL,4/9/2023,0.607778,0.627395,0.352987,0.019617,0.666667,0.333333,0.0,0.607778,0.87354,3
1023.KL,4/9/2024,0.412725,0.420009,0.572706,0.007284,1.0,0.0,0.0,0.412725,0.800263,2
1023.KL,4/9/2025,-0.859523,0.020172,0.100132,0.879695,0.0,0.0,1.0,0.859523,0.879695,1
1023.KL,5/1/2020,0.0,0.0,0.0,0.0,0.0,0.0,0.0,0.0,0.0,0
1023.KL,5/1/2021,-0.95181,0.010935,0.02632,0.962745,0.0,0.0,1.0,0.95181,0.962745,2
1023.KL,5/1/2022,0.844302,0.907152,0.029998,0.06285,1.0,0.0,0.0,0.844302,0.907152,1
1023.KL,5/1/2023,-0.805795,0.020776,0.152653,0.826571,0.0,0.0,1.0,0.805795,0.826571,3
1023.KL,5/1/2024,0.796036,0.84947,0.097095,0.053434,1.0,0.0,0.0,0.796036,0.84947,1
1023.KL,5/1/2025,0.0,0.0,0.0,0.0,0.0,0.0,0.0,0.0,0.0,0
1023.KL,5/1/2026,0.546027,0.581187,0.383652,0.03516,0.666667,0.333333,0.0,0.546027,0.870149,3
1023.KL,5/10/2020,0.0641,0.078601,0.906898,0.014501,0.0,1.0,0.0,0.0641,0.906898,1
1023.KL,5/10/2021,0.0,0.0,0.0,0.0,0.0,0.0,0.0,0.0,0.0,0
1023.KL,5/10/2022,0.270758,0.526642,0.217474,0.255884,0.75,0.0,0.25,0.727246,0.881684,4
1023.KL,5/10/2023,0.0,0.0,0.0,0.0,0.0,0.0,0.0,0.0,0.0,0
1023.KL,5/10/2024,0.0,0.0,0.0,0.0,0.0,0.0,0.0,0.0,0.0,0
1023.KL,5/10/2025,0.0,0.0,0.0,0.0,0.0,0.0,0.0,0.0,0.0,0
1023.KL,5/11/2020,-0.43297,0.197921,0.171188,0.630891,0.0,0.0,1.0,0.43297,0.630891,1
1023.KL,5/11/2021,0.252384,0.496309,0.259766,0.243925,0.5,0.0,0.5,0.642617,0.713905,2
1023.KL,5/11/2022,0.0,0.0,0.0,0.0,0.0,0.0,0.0,0.0,0.0,0
1023.KL,5/11/2023,0.088854,0.10629,0.876274,0.017436,0.0,1.0,0.0,0.088854,0.876274,1
1023.KL,5/11/2024,0.821601,0.886928,0.047746,0.065327,1.0,0.0,0.0,0.821601,0.886928,3
1023.KL,5/11/2025,0.10717,0.308818,0.489534,0.201648,0.6,0.2,0.2,0.474384,0.860999,5
1023.KL,5/12/2020,0.366404,0.394575,0.577254,0.028171,1.0,0.0,0.0,0.366404,0.577254,1
1023.KL,5/12/2021,0.0,0.0,0.0,0.0,0.0,0.0,0.0,0.0,0.0,0
1023.KL,5/12/2022,0.0,0.0,0.0,0.0,0.0,0.0,0.0,0.0,0.0,0
1023.KL,5/12/2023,0.162767,0.492156,0.178456,0.329389,0.5,0.0,0.5,0.771704,0.796624,2
1023.KL,5/12/2024,0.820479,0.86555,0.089379,0.045071,1.0,0.0,0.0,0.820479,0.86555,2
1023.KL,5/12/2025,-0.527499,0.033892,0.404716,0.561392,0.0,0.0,1.0,0.527499,0.874191,2
1023.KL,5/2/2020,0.003603,0.339155,0.325293,0.335552,0.333333,0.333333,0.333333,0.644348,0.948694,3
1023.KL,5/2/2021,-0.199096,0.064539,0.671826,0.263635,0.333333,0.0,0.666667,0.271586,0.671826,3
1023.KL,5/2/2022,0.0,0.0,0.0,0.0,0.0,0.0,0.0,0.0,0.0,0
1023.KL,5/2/2023,0.069699,0.091857,0.885986,0.022157,0.0,1.0,0.0,0.069699,0.885986,1
1023.KL,5/2/2024,0.932517,0.948215,0.036087,0.015698,1.0,0.0,0.0,0.932517,0.948215,1
1023.KL,5/2/2025,0.740583,0.832753,0.075076,0.092171,1.0,0.0,0.0,0.740583,0.832753,2
1023.KL,5/2/2026,0.0,0.0,0.0,0.0,0.0,0.0,0.0,0.0,0.0,0
1023.KL,5/3/2020,-0.318505,0.133778,0.413939,0.452283,0.25,0.0,0.75,0.418204,0.729332,4
1023.KL,5/3/2021,-0.35648,0.025118,0.593285,0.381598,0.0,0.0,1.0,0.35648,0.593285,1
1023.KL,5/3/2022,0.0,0.0,0.0,0.0,0.0,0.0,0.0,0.0,0.0,0
1023.KL,5/3/2023,0.0,0.0,0.0,0.0,0.0,0.0,0.0,0.0,0.0,0
1023.KL,5/3/2024,0.827056,0.852863,0.12133,0.025807,1.0,0.0,0.0,0.827056,0.852863,2
1023.KL,5/3/2025,0.0,0.0,0.0,0.0,0.0,0.0,0.0,0.0,0.0,0
1023.KL,5/3/2026,0.338139,0.398497,0.541145,0.060358,0.5,0.5,0.0,0.338139,0.829802,2
1023.KL,5/4/2020,0.0,0.0,0.0,0.0,0.0,0.0,0.0,0.0,0.0,0
1023.KL,5/4/2021,0.0,0.0,0.0,0.0,0.0,0.0,0.0,0.0,0.0,0
1023.KL,5/4/2022,-0.388658,0.144416,0.322509,0.533074,0.0,0.0,1.0,0.388658,0.533074,1
1023.KL,5/4/2023,0.0,0.0,0.0,0.0,0.0,0.0,0.0,0.0,0.0,0
1023.KL,5/4/2024,0.009577,0.486232,0.037112,0.476655,0.5,0.0,0.5,0.926565,0.944727,2
1023.KL,5/4/2025,0.008239,0.065998,0.876243,0.057759,0.0,1.0,0.0,0.008239,0.876243,1
1023.KL,5/5/2020,0.503279,0.616401,0.270478,0.113122,0.5,0.5,0.0,0.503279,0.722017,2
1023.KL,5/5/2021,0.936098,0.950239,0.035621,0.014141,1.0,0.0,0.0,0.936098,0.950239,1
1023.KL,5/5/2022,0.131545,0.495787,0.13997,0.364242,0.666667,0.0,0.333333,0.747516,0.803773,3
1023.KL,5/5/2023,0.101996,0.387841,0.326314,0.285845,0.5,0.0,0.5,0.239994,0.588955,2
1023.KL,5/5/2024,0.0,0.0,0.0,0.0,0.0,0.0,0.0,0.0,0.0,0
1023.KL,5/5/2025,0.031866,0.04581,0.940246,0.013944,0.0,1.0,0.0,0.031866,0.940246,1
1023.KL,5/6/2020,0.0,0.0,0.0,0.0,0.0,0.0,0.0,0.0,0.0,0
1023.KL,5/6/2021,-0.323299,0.070126,0.536448,0.393426,0.0,0.666667,0.333333,0.323299,0.838677,3
1023.KL,5/6/2022,0.0,0.0,0.0,0.0,0.0,0.0,0.0,0.0,0.0,0
1023.KL,5/6/2023,0.0,0.0,0.0,0.0,0.0,0.0,0.0,0.0,0.0,0
1023.KL,5/6/2024,-0.076078,0.295113,0.333696,0.371191,0.25,0.25,0.5,0.552983,0.832626,4
1023.KL,5/6/2025,-0.874341,0.056347,0.012965,0.930688,0.0,0.0,1.0,0.874341,0.930688,1
1023.KL,5/7/2020,-0.075709,0.046669,0.830953,0.122378,0.0,1.0,0.0,0.075709,0.830953,1
1023.KL,5/7/2021,0.042563,0.373542,0.295479,0.330979,0.666667,0.0,0.333333,0.67786,0.882628,3
1023.KL,5/7/2022,0.074592,0.162271,0.750049,0.087679,0.5,0.166667,0.333333,0.182401,0.750049,6
1023.KL,5/7/2023,0.106757,0.503909,0.09894,0.397151,0.6,0.0,0.4,0.673441,0.78725,5
1023.KL,5/7/2024,0.086308,0.286268,0.513771,0.199961,0.0,1.0,0.0,0.086308,0.513771,1
1023.KL,5/7/2025,-0.955835,0.010883,0.022399,0.966718,0.0,0.0,1.0,0.955835,0.966718,1
1023.KL,5/8/2020,0.012673,0.327258,0.358157,0.314585,0.666667,0.0,0.333333,0.602613,0.809171,3
1023.KL,5/8/2021,-0.642198,0.041737,0.274329,0.683934,0.0,0.0,1.0,0.642198,0.683934,2
1023.KL,5/8/2022,0.871491,0.890291,0.090909,0.0188,1.0,0.0,0.0,0.871491,0.890291,1
1023.KL,5/8/2023,0.857071,0.89945,0.05817,0.04238,1.0,0.0,0.0,0.857071,0.89945,1
1023.KL,5/8/2024,-0.869162,0.036245,0.058348,0.905407,0.0,0.0,1.0,0.869162,0.905407,2
1023.KL,5/8/2025,0.215008,0.546366,0.122277,0.331357,0.666667,0.0,0.333333,0.848901,0.863312,3
1023.KL,5/9/2020,0.830205,0.837288,0.15563,0.007082,1.0,0.0,0.0,0.830205,0.837288,1
1023.KL,5/9/2021,0.0,0.0,0.0,0.0,0.0,0.0,0.0,0.0,0.0,0
1023.KL,5/9/2022,0.079407,0.092019,0.895369,0.012612,0.5,0.5,0.0,0.079407,0.895369,2
1023.KL,5/9/2023,0.427464,0.436454,0.554556,0.00899,1.0,0.0,0.0,0.427464,0.80787,2
1023.KL,5/9/2024,0.872529,0.918049,0.036431,0.04552,1.0,0.0,0.0,0.872529,0.918049,1
1023.KL,5/9/2025,0.0,0.0,0.0,0.0,0.0,0.0,0.0,0.0,0.0,0
1023.KL,6/1/2020,0.134746,0.153788,0.82717,0.019042,1.0,0.0,0.0,0.134746,0.82717,2
1023.KL,6/1/2021,-0.386596,0.08975,0.433903,0.476346,0.5,0.0,0.5,0.522418,0.882423,2
1023.KL,6/1/2022,0.034305,0.062141,0.910023,0.027836,0.0,1.0,0.0,0.034305,0.910023,1
1023.KL,6/1/2023,0.910687,0.918883,0.072922,0.008196,1.0,0.0,0.0,0.910687,0.918883,1
1023.KL,6/1/2024,0.0,0.0,0.0,0.0,0.0,0.0,0.0,0.0,0.0,0
1023.KL,6/1/2025,-0.928695,0.011151,0.049002,0.939846,0.0,0.0,1.0,0.928695,0.939846,1
1023.KL,6/1/2026,0.131592,0.164065,0.803461,0.032473,0.5,0.5,0.0,0.131592,0.803461,2
1023.KL,6/10/2020,-0.137698,0.03604,0.790222,0.173738,0.0,0.0,1.0,0.137698,0.790222,1
1023.KL,6/10/2021,0.803436,0.842769,0.117897,0.039333,1.0,0.0,0.0,0.803436,0.842769,3
1023.KL,6/10/2022,0.59491,0.637057,0.320797,0.042147,0.666667,0.333333,0.0,0.59491,0.912491,3
1023.KL,6/10/2023,0.497774,0.527977,0.441821,0.030203,1.0,0.0,0.0,0.497774,0.772983,4
1023.KL,6/10/2024,0.0,0.0,0.0,0.0,0.0,0.0,0.0,0.0,0.0,0
1023.KL,6/10/2025,0.0,0.0,0.0,0.0,0.0,0.0,0.0,0.0,0.0,0
1023.KL,6/11/2020,0.528593,0.693249,0.142094,0.164656,1.0,0.0,0.0,0.528593,0.693249,2
1023.KL,6/11/2021,-0.0036,0.035622,0.925156,0.039222,0.0,1.0,0.0,0.0036,0.925156,1
1023.KL,6/11/2022,0.0,0.0,0.0,0.0,0.0,0.0,0.0,0.0,0.0,0
1023.KL,6/11/2023,0.0,0.0,0.0,0.0,0.0,0.0,0.0,0.0,0.0,0
1023.KL,6/11/2024,0.5923,0.646091,0.300119,0.053791,1.0,0.0,0.0,0.5923,0.835249,4
1023.KL,6/11/2025,0.0,0.0,0.0,0.0,0.0,0.0,0.0,0.0,0.0,0
1023.KL,6/12/2020,0.0,0.0,0.0,0.0,0.0,0.0,0.0,0.0,0.0,0
1023.KL,6/12/2021,0.0,0.0,0.0,0.0,0.0,0.0,0.0,0.0,0.0,0
1023.KL,6/12/2022,0.0,0.0,0.0,0.0,0.0,0.0,0.0,0.0,0.0,0
1023.KL,6/12/2023,0.0,0.0,0.0,0.0,0.0,0.0,0.0,0.0,0.0,0
1023.KL,6/12/2024,0.864838,0.912828,0.039182,0.04799,1.0,0.0,0.0,0.864838,0.912828,1
1023.KL,6/12/2025,-0.917728,0.023193,0.035885,0.940921,0.0,0.0,1.0,0.917728,0.940921,1
1023.KL,6/2/2020,0.750175,0.779094,0.191987,0.028919,1.0,0.0,0.0,0.750175,0.854833,6
1023.KL,6/2/2021,0.0,0.0,0.0,0.0,0.0,0.0,0.0,0.0,0.0,0
1023.KL,6/2/2022,0.647063,0.799742,0.047578,0.152679,1.0,0.0,0.0,0.647063,0.799742,1
1023.KL,6/2/2023,-0.425094,0.068996,0.436914,0.49409,0.0,0.5,0.5,0.452183,0.88481,2
1023.KL,6/2/2024,0.0,0.0,0.0,0.0,0.0,0.0,0.0,0.0,0.0,0
1023.KL,6/2/2025,0.0,0.0,0.0,0.0,0.0,0.0,0.0,0.0,0.0,0
1023.KL,6/2/2026,-0.440979,0.2056,0.147821,0.646579,0.333333,0.0,0.666667,0.812097,0.832138,3
1023.KL,6/3/2020,-0.876419,0.03371,0.05616,0.910129,0.0,0.0,1.0,0.876419,0.910129,2
1023.KL,6/3/2021,0.0,0.0,0.0,0.0,0.0,0.0,0.0,0.0,0.0,0
1023.KL,6/3/2022,0.0,0.0,0.0,0.0,0.0,0.0,0.0,0.0,0.0,0
1023.KL,6/3/2023,0.0,0.0,0.0,0.0,0.0,0.0,0.0,0.0,0.0,0
1023.KL,6/3/2024,-0.215531,0.036692,0.711084,0.252223,0.0,0.75,0.25,0.255083,0.942945,4
1023.KL,6/3/2025,-0.13835,0.295754,0.270142,0.434104,0.25,0.25,0.5,0.619164,0.897148,4
1023.KL,6/3/2026,0.088595,0.485144,0.118306,0.39655,0.0,1.0,0.0,0.088595,0.485144,1
1023.KL,6/4/2020,0.56467,0.772178,0.020313,0.207509,1.0,0.0,0.0,0.56467,0.772178,1
1023.KL,6/4/2021,0.112739,0.358698,0.395343,0.245959,0.333333,0.666667,0.0,0.162319,0.67194,3
1023.KL,6/4/2022,0.149946,0.158296,0.833354,0.00835,1.0,0.0,0.0,0.149946,0.833354,1
1023.KL,6/4/2023,0.0,0.0,0.0,0.0,0.0,0.0,0.0,0.0,0.0,0
1023.KL,6/4/2024,0.63059,0.798848,0.032894,0.168258,1.0,0.0,0.0,0.63059,0.798848,1
1023.KL,6/4/2025,0.0,0.0,0.0,0.0,0.0,0.0,0.0,0.0,0.0,0
1023.KL,6/5/2020,0.340666,0.487631,0.365403,0.146965,0.5,0.0,0.5,0.476486,0.790607,2
1023.KL,6/5/2021,0.0,0.0,0.0,0.0,0.0,0.0,0.0,0.0,0.0,0
1023.KL,6/5/2022,0.039921,0.051918,0.936085,0.011997,0.0,1.0,0.0,0.039921,0.936085,1
1023.KL,6/5/2023,0.0,0.0,0.0,0.0,0.0,0.0,0.0,0.0,0.0,0
1023.KL,6/5/2024,0.026785,0.054699,0.917387,0.027914,0.0,1.0,0.0,0.026785,0.917387,1
1023.KL,6/5/2025,-0.445085,0.04143,0.472056,0.486514,0.0,0.5,0.5,0.492919,0.9449,2
1023.KL,6/6/2020,0.112938,0.131363,0.850212,0.018425,0.5,0.5,0.0,0.112938,0.850212,2
1023.KL,6/6/2021,0.070325,0.098754,0.872817,0.028429,0.0,1.0,0.0,0.070325,0.872817,1
1023.KL,6/6/2022,0.0,0.0,0.0,0.0,0.0,0.0,0.0,0.0,0.0,0
1023.KL,6/6/2023,0.594586,0.602191,0.390204,0.007605,1.0,0.0,0.0,0.594586,0.602191,1
1023.KL,6/6/2024,0.0,0.0,0.0,0.0,0.0,0.0,0.0,0.0,0.0,0
1023.KL,6/6/2025,0.0,0.0,0.0,0.0,0.0,0.0,0.0,0.0,0.0,0
1023.KL,6/7/2020,-0.045508,0.437538,0.079416,0.483046,0.5,0.0,0.5,0.884002,0.902293,4
1023.KL,6/7/2021,0.0,0.0,0.0,0.0,0.0,0.0,0.0,0.0,0.0,0
1023.KL,6/7/2022,0.022495,0.057792,0.906911,0.035297,0.0,1.0,0.0,0.03459,0.906911,2
1023.KL,6/7/2023,-0.803824,0.01906,0.158057,0.822884,0.0,0.0,1.0,0.803824,0.822884,3
1023.KL,6/7/2024,-0.864363,0.031115,0.073406,0.895479,0.0,0.0,1.0,0.864363,0.895479,1
1023.KL,6/7/2025,0.0,0.0,0.0,0.0,0.0,0.0,0.0,0.0,0.0,0
1023.KL,6/8/2020,0.287722,0.610931,0.065861,0.323208,0.666667,0.0,0.333333,0.876554,0.905347,3
1023.KL,6/8/2021,-0.338057,0.225366,0.211211,0.563423,0.0,0.5,0.5,0.338057,0.563423,2
1023.KL,6/8/2022,0.558974,0.648691,0.261591,0.089717,1.0,0.0,0.0,0.558974,0.648691,2
1023.KL,6/8/2023,0.0,0.0,0.0,0.0,0.0,0.0,0.0,0.0,0.0,0
1023.KL,6/8/2024,-0.758074,0.023647,0.194632,0.781721,0.0,0.0,1.0,0.758074,0.781721,1
1023.KL,6/8/2025,-0.143482,0.076961,0.702596,0.220443,0.0,0.5,0.5,0.175915,0.702596,2
1023.KL,6/9/2020,0.0,0.0,0.0,0.0,0.0,0.0,0.0,0.0,0.0,0
1023.KL,6/9/2021,0.0,0.0,0.0,0.0,0.0,0.0,0.0,0.0,0.0,0
1023.KL,6/9/2022,0.450247,0.679961,0.090325,0.229714,0.75,0.0,0.25,0.849843,0.879759,4
1023.KL,6/9/2023,0.480465,0.598815,0.282836,0.118349,0.666667,0.0,0.333333,0.591455,0.849449,3
1023.KL,6/9/2024,0.0,0.0,0.0,0.0,0.0,0.0,0.0,0.0,0.0,0
1023.KL,6/9/2025,0.48662,0.509941,0.466738,0.023321,1.0,0.0,0.0,0.48662,0.509941,1
1023.KL,7/1/2020,-0.002121,0.484671,0.028536,0.486792,0.5,0.0,0.5,0.94067,0.956067,2
1023.KL,7/1/2021,0.808014,0.815207,0.177601,0.007193,1.0,0.0,0.0,0.808014,0.815207,1
1023.KL,7/1/2022,-0.857247,0.02124,0.100273,0.878487,0.0,0.0,1.0,0.857247,0.878487,1
1023.KL,7/1/2023,0.62373,0.634113,0.355503,0.010384,1.0,0.0,0.0,0.62373,0.634113,1
1023.KL,7/1/2024,0.0,0.0,0.0,0.0,0.0,0.0,0.0,0.0,0.0,0
1023.KL,7/1/2025,0.0,0.0,0.0,0.0,0.0,0.0,0.0,0.0,0.0,0
1023.KL,7/1/2026,-0.218796,0.15618,0.468845,0.374975,0.0,0.5,0.5,0.218796,0.80923,2
1023.KL,7/10/2020,-0.042685,0.43785,0.081615,0.480535,0.5,0.0,0.5,0.8979,0.908143,2
1023.KL,7/10/2021,0.0,0.0,0.0,0.0,0.0,0.0,0.0,0.0,0.0,0
1023.KL,7/10/2022,-0.006075,0.025759,0.942406,0.031835,0.0,1.0,0.0,0.006075,0.942406,1
1023.KL,7/10/2023,0.0,0.0,0.0,0.0,0.0,0.0,0.0,0.0,0.0,0
1023.KL,7/10/2024,0.79175,0.877236,0.037279,0.085485,1.0,0.0,0.0,0.79175,0.877236,1
1023.KL,7/10/2025,-0.181384,0.23372,0.351176,0.415104,0.333333,0.0,0.666667,0.568831,0.780009,3
1023.KL,7/11/2020,0.915256,0.939221,0.036813,0.023965,1.0,0.0,0.0,0.915256,0.939221,1
1023.KL,7/11/2021,0.007075,0.034328,0.938419,0.027253,0.0,1.0,0.0,0.007075,0.938419,1
1023.KL,7/11/2022,0.542588,0.561339,0.419909,0.018752,1.0,0.0,0.0,0.542588,0.878051,2
1023.KL,7/11/2023,-0.43149,0.266245,0.036021,0.697735,0.0,0.0,1.0,0.43149,0.697735,1
1023.KL,7/11/2024,0.373912,0.388989,0.595934,0.015077,0.666667,0.333333,0.0,0.373912,0.889339,3
1023.KL,7/11/2025,0.426419,0.478552,0.469315,0.052133,0.5,0.5,0.0,0.426419,0.87133,2
1023.KL,7/12/2020,0.020823,0.105299,0.810226,0.084476,0.0,1.0,0.0,0.020823,0.810226,2
1023.KL,7/12/2021,-0.927246,0.014958,0.042838,0.942204,0.0,0.0,1.0,0.927246,0.942204,1
1023.KL,7/12/2022,-0.084439,0.305605,0.304351,0.390044,0.333333,0.166667,0.5,0.611329,0.810825,6
1023.KL,7/12/2023,0.045769,0.300688,0.444394,0.254919,0.5,0.5,0.0,0.133875,0.651586,2
1023.KL,7/12/2024,-0.127436,0.362652,0.14726,0.490088,0.5,0.0,0.5,0.817628,0.835184,2
1023.KL,7/12/2025,0.0,0.0,0.0,0.0,0.0,0.0,0.0,0.0,0.0,0
1023.KL,7/2/2020,0.151741,0.468091,0.215559,0.31635,0.6,0.0,0.4,0.614668,0.819248,5
1023.KL,7/2/2021,0.0,0.0,0.0,0.0,0.0,0.0,0.0,0.0,0.0,0
1023.KL,7/2/2022,0.0,0.0,0.0,0.0,0.0,0.0,0.0,0.0,0.0,0
1023.KL,7/2/2023,0.0,0.0,0.0,0.0,0.0,0.0,0.0,0.0,0.0,0
1023.KL,7/2/2024,0.132339,0.384758,0.362824,0.252419,0.333333,0.333333,0.333333,0.30704,0.620788,3
1023.KL,7/2/2025,-0.942509,0.012561,0.032368,0.95507,0.0,0.0,1.0,0.942509,0.95507,1
1023.KL,7/2/2026,0.638222,0.759849,0.118525,0.121626,1.0,0.0,0.0,0.638222,0.759849,1
1023.KL,7/3/2020,-0.601856,0.020455,0.357234,0.622311,0.0,0.25,0.75,0.601856,0.842987,4
1023.KL,7/3/2021,0.0,0.0,0.0,0.0,0.0,0.0,0.0,0.0,0.0,0
1023.KL,7/3/2022,-0.730882,0.102303,0.064513,0.833185,0.0,0.0,1.0,0.730882,0.833185,2
1023.KL,7/3/2023,0.315422,0.379531,0.55636,0.064109,0.5,0.5,0.0,0.315422,0.776728,2
1023.KL,7/3/2024,0.191686,0.441336,0.309014,0.24965,0.666667,0.0,0.333333,0.541705,0.802054,3
1023.KL,7/3/2025,0.14053,0.501349,0.137832,0.360819,0.6,0.0,0.4,0.72673,0.794449,5
1023.KL,7/3/2026,0.119683,0.12769,0.864303,0.008007,1.0,0.0,0.0,0.119683,0.864303,1
1023.KL,7/4/2020,0.0,0.0,0.0,0.0,0.0,0.0,0.0,0.0,0.0,0
1023.KL,7/4/2021,0.337,0.34855,0.639901,0.01155,0.5,0.5,0.0,0.337,0.77476,2
1023.KL,7/4/2022,0.0,0.0,0.0,0.0,0.0,0.0,0.0,0.0,0.0,0
1023.KL,7/4/2023,-0.258491,0.207485,0.32654,0.465976,0.0,0.0,1.0,0.258491,0.465976,1
1023.KL,7/4/2024,0.0,0.0,0.0,0.0,0.0,0.0,0.0,0.0,0.0,0
1023.KL,7/4/2025,0.833942,0.872548,0.088846,0.038606,1.0,0.0,0.0,0.833942,0.872548,1
1023.KL,7/5/2020,-0.541531,0.106055,0.246359,0.647586,0.0,0.0,1.0,0.541531,0.721575,2
1023.KL,7/5/2021,-0.205489,0.140363,0.513785,0.345852,0.0,0.5,0.5,0.211425,0.799525,2
1023.KL,7/5/2022,0.0,0.0,0.0,0.0,0.0,0.0,0.0,0.0,0.0,0
1023.KL,7/5/2023,0.0,0.0,0.0,0.0,0.0,0.0,0.0,0.0,0.0,0
1023.KL,7/5/2024,0.132985,0.509393,0.1142,0.376408,0.5,0.0,0.5,0.769137,0.827469,2
1023.KL,7/5/2025,-0.519776,0.05444,0.371344,0.574216,0.0,0.0,1.0,0.519776,0.835521,2
1023.KL,7/6/2020,0.880771,0.90736,0.066051,0.026589,1.0,0.0,0.0,0.880771,0.90736,1
1023.KL,7/6/2021,0.0,0.0,0.0,0.0,0.0,0.0,0.0,0.0,0.0,0
1023.KL,7/6/2022,-0.115293,0.270772,0.343163,0.386065,0.333333,0.0,0.666667,0.590451,0.789468,3
1023.KL,7/6/2023,-0.959728,0.007722,0.024827,0.96745,0.0,0.0,1.0,0.959728,0.96745,1
1023.KL,7/6/2024,-0.010808,0.090426,0.80834,0.101234,0.0,1.0,0.0,0.010808,0.80834,1
1023.KL,7/6/2025,-0.933432,0.011601,0.043365,0.945034,0.0,0.0,1.0,0.933432,0.945034,1
1023.KL,7/7/2020,0.548519,0.585564,0.37739,0.037046,0.666667,0.333333,0.0,0.562446,0.869725,3
1023.KL,7/7/2021,0.644402,0.653811,0.33678,0.009409,1.0,0.0,0.0,0.644402,0.849493,3
1023.KL,7/7/2022,0.745901,0.770458,0.204985,0.024557,1.0,0.0,0.0,0.745901,0.770458,3
1023.KL,7/7/2023,-0.353155,0.282527,0.08179,0.635683,0.0,0.333333,0.666667,0.409133,0.663672,3
1023.KL,7/7/2024,0.0,0.0,0.0,0.0,0.0,0.0,0.0,0.0,0.0,0
1023.KL,7/7/2025,0.0,0.0,0.0,0.0,0.0,0.0,0.0,0.0,0.0,0
1023.KL,7/8/2020,0.9164,0.933461,0.049478,0.017061,1.0,0.0,0.0,0.9164,0.933461,1
1023.KL,7/8/2021,0.474326,0.589601,0.295125,0.115275,1.0,0.0,0.0,0.474326,0.589601,1
1023.KL,7/8/2022,0.0,0.0,0.0,0.0,0.0,0.0,0.0,0.0,0.0,0
1023.KL,7/8/2023,0.543734,0.647965,0.247804,0.104231,1.0,0.0,0.0,0.543734,0.647965,2
1023.KL,7/8/2024,0.0,0.0,0.0,0.0,0.0,0.0,0.0,0.0,0.0,0
1023.KL,7/8/2025,0.900392,0.935412,0.029567,0.03502,1.0,0.0,0.0,0.900392,0.935412,1
1023.KL,7/9/2020,0.0,0.0,0.0,0.0,0.0,0.0,0.0,0.0,0.0,0
1023.KL,7/9/2021,-0.187258,0.039884,0.732975,0.227142,0.0,0.5,0.5,0.187258,0.732975,2
1023.KL,7/9/2022,0.287053,0.523062,0.240929,0.236009,0.666667,0.0,0.333333,0.49297,0.652842,3
1023.KL,7/9/2023,0.098378,0.332626,0.433127,0.234247,0.333333,0.333333,0.333333,0.484284,0.804244,3
1023.KL,7/9/2024,-0.160167,0.117078,0.605677,0.277245,0.333333,0.333333,0.333333,0.362809,0.819626,3
1023.KL,7/9/2025,0.0,0.0,0.0,0.0,0.0,0.0,0.0,0.0,0.0,0
1023.KL,8/1/2020,0.932552,0.950191,0.03217,0.017639,1.0,0.0,0.0,0.932552,0.950191,1
1023.KL,8/1/2021,0.641587,0.661437,0.318714,0.019849,1.0,0.0,0.0,0.641587,0.778146,2
1023.KL,8/1/2022,0.425514,0.618474,0.188565,0.19296,1.0,0.0,0.0,0.425514,0.618474,2
1023.KL,8/1/2023,0.0,0.0,0.0,0.0,0.0,0.0,0.0,0.0,0.0,0
1023.KL,8/1/2024,0.0,0.0,0.0,0.0,0.0,0.0,0.0,0.0,0.0,0
1023.KL,8/1/2025,0.0,0.0,0.0,0.0,0.0,0.0,0.0,0.0,0.0,0
1023.KL,8/1/2026,0.0,0.0,0.0,0.0,0.0,0.0,0.0,0.0,0.0,0
1023.KL,8/10/2020,-0.952435,0.010449,0.026668,0.962883,0.0,0.0,1.0,0.952435,0.962883,1
1023.KL,8/10/2021,0.220448,0.459609,0.301231,0.23916,0.666667,0.0,0.333333,0.491168,0.7686,3
1023.KL,8/10/2022,0.0,0.0,0.0,0.0,0.0,0.0,0.0,0.0,0.0,0
1023.KL,8/10/2023,0.0,0.0,0.0,0.0,0.0,0.0,0.0,0.0,0.0,0
1023.KL,8/10/2024,0.0,0.0,0.0,0.0,0.0,0.0,0.0,0.0,0.0,0
1023.KL,8/10/2025,0.055205,0.069609,0.915987,0.014404,0.0,1.0,0.0,0.055205,0.915987,1
1023.KL,8/11/2020,0.0,0.0,0.0,0.0,0.0,0.0,0.0,0.0,0.0,0
1023.KL,8/11/2021,-0.581698,0.04168,0.334942,0.623378,0.0,0.333333,0.666667,0.610435,0.909518,3
1023.KL,8/11/2022,0.0,0.0,0.0,0.0,0.0,0.0,0.0,0.0,0.0,0
1023.KL,8/11/2023,0.352138,0.460776,0.430586,0.108638,0.8,0.2,0.0,0.358674,0.744764,5
1023.KL,8/11/2024,0.695362,0.804443,0.086475,0.109081,1.0,0.0,0.0,0.695362,0.804443,3
1023.KL,8/11/2025,0.0,0.0,0.0,0.0,0.0,0.0,0.0,0.0,0.0,0
1023.KL,8/12/2020,-0.154868,0.042143,0.760846,0.197011,0.0,0.5,0.5,0.163715,0.760846,2
1023.KL,8/12/2021,0.031162,0.046049,0.939063,0.014887,0.0,1.0,0.0,0.031162,0.939063,2
1023.KL,8/12/2022,0.305475,0.465439,0.374597,0.159964,0.6,0.0,0.4,0.503377,0.780484,5
1023.KL,8/12/2023,0.284595,0.327508,0.629579,0.042913,1.0,0.0,0.0,0.284595,0.629579,1
1023.KL,8/12/2024,0.0,0.0,0.0,0.0,0.0,0.0,0.0,0.0,0.0,0
1023.KL,8/12/2025,0.531551,0.676011,0.179529,0.14446,1.0,0.0,0.0,0.531551,0.676011,1
1023.KL,8/2/2020,0.897642,0.931487,0.034667,0.033845,1.0,0.0,0.0,0.897642,0.931487,1
1023.KL,8/2/2021,0.0,0.0,0.0,0.0,0.0,0.0,0.0,0.0,0.0,0
1023.KL,8/2/2022,0.727968,0.790558,0.146851,0.06259,1.0,0.0,0.0,0.727968,0.790558,1
1023.KL,8/2/2023,0.062739,0.485784,0.09117,0.423045,0.5,0.0,0.5,0.85845,0.88364,2
1023.KL,8/2/2024,-0.780669,0.060629,0.098073,0.841298,0.0,0.0,1.0,0.780669,0.841298,1
1023.KL,8/2/2025,0.62254,0.639621,0.343297,0.017082,1.0,0.0,0.0,0.62254,0.805937,3
1023.KL,8/2/2026,0.0,0.0,0.0,0.0,0.0,0.0,0.0,0.0,0.0,0
1023.KL,8/3/2020,0.0,0.0,0.0,0.0,0.0,0.0,0.0,0.0,0.0,0
1023.KL,8/3/2021,0.0,0.0,0.0,0.0,0.0,0.0,0.0,0.0,0.0,0
1023.KL,8/3/2022,-0.898654,0.033698,0.033951,0.932352,0.0,0.0,1.0,0.898654,0.932352,1
1023.KL,8/3/2023,0.092459,0.135818,0.820823,0.043359,0.5,0.5,0.0,0.092459,0.820823,2
1023.KL,8/3/2024,0.541084,0.757116,0.026852,0.216032,1.0,0.0,0.0,0.541084,0.757116,2
1023.KL,8/3/2025,0.0,0.0,0.0,0.0,0.0,0.0,0.0,0.0,0.0,0
1023.KL,8/3/2026,-0.232083,0.025358,0.717202,0.257441,0.0,0.0,1.0,0.232083,0.717202,1
1023.KL,8/4/2020,0.017298,0.346112,0.325074,0.328814,0.333333,0.333333,0.333333,0.582762,0.886962,3
1023.KL,8/4/2021,0.871182,0.912749,0.045685,0.041566,1.0,0.0,0.0,0.871182,0.912749,1
1023.KL,8/4/2022,0.0,0.0,0.0,0.0,0.0,0.0,0.0,0.0,0.0,0
1023.KL,8/4/2023,0.015721,0.038885,0.93795,0.023164,0.0,1.0,0.0,0.015721,0.93795,1
1023.KL,8/4/2024,0.0,0.0,0.0,0.0,0.0,0.0,0.0,0.0,0.0,0
1023.KL,8/4/2025,-0.814149,0.08336,0.019132,0.897509,0.0,0.0,1.0,0.814149,0.897509,1
1023.KL,8/5/2020,0.054706,0.071468,0.91177,0.016762,0.0,1.0,0.0,0.054706,0.91177,1
1023.KL,8/5/2021,0.367234,0.399913,0.567408,0.032679,0.5,0.5,0.0,0.382885,0.833595,2
1023.KL,8/5/2022,0.0,0.0,0.0,0.0,0.0,0.0,0.0,0.0,0.0,0
1023.KL,8/5/2023,0.243368,0.262456,0.718456,0.019088,0.333333,0.666667,0.0,0.243368,0.859928,3
1023.KL,8/5/2024,0.906825,0.920369,0.066086,0.013545,1.0,0.0,0.0,0.906825,0.920369,1
1023.KL,8/5/2025,-0.046202,0.050445,0.852908,0.096647,0.0,1.0,0.0,0.046202,0.852908,2
1023.KL,8/6/2020,0.0,0.0,0.0,0.0,0.0,0.0,0.0,0.0,0.0,0
1023.KL,8/6/2021,-0.476543,0.089166,0.345125,0.565709,0.0,0.0,1.0,0.476543,0.779923,2
1023.KL,8/6/2022,-0.936124,0.014075,0.035727,0.950198,0.0,0.0,1.0,0.936124,0.950198,1
1023.KL,8/6/2023,0.0,0.0,0.0,0.0,0.0,0.0,0.0,0.0,0.0,0
1023.KL,8/6/2024,0.0,0.0,0.0,0.0,0.0,0.0,0.0,0.0,0.0,0
1023.KL,8/6/2025,0.0,0.0,0.0,0.0,0.0,0.0,0.0,0.0,0.0,0
1023.KL,8/7/2020,-0.280108,0.098698,0.522496,0.378806,0.0,0.333333,0.666667,0.280108,0.737193,6
1023.KL,8/7/2021,-0.149527,0.304775,0.240923,0.454302,0.5,0.0,0.5,0.718792,0.881226,4
1023.KL,8/7/2022,0.011672,0.252419,0.506835,0.240746,0.25,0.5,0.25,0.415169,0.912276,4
1023.KL,8/7/2023,0.007268,0.32743,0.352408,0.320162,0.333333,0.333333,0.333333,0.612918,0.939279,3
1023.KL,8/7/2024,0.0,0.0,0.0,0.0,0.0,0.0,0.0,0.0,0.0,0
1023.KL,8/7/2025,0.659411,0.806101,0.047208,0.14669,1.0,0.0,0.0,0.659411,0.806101,1
1023.KL,8/8/2020,0.897395,0.932572,0.032252,0.035176,1.0,0.0,0.0,0.897395,0.932572,1
1023.KL,8/8/2021,0.443469,0.454312,0.534845,0.010843,1.0,0.0,0.0,0.443469,0.534845,1
1023.KL,8/8/2022,0.0,0.0,0.0,0.0,0.0,0.0,0.0,0.0,0.0,0
1023.KL,8/8/2023,0.0,0.0,0.0,0.0,0.0,0.0,0.0,0.0,0.0,0
1023.KL,8/8/2024,-0.024825,0.107137,0.760902,0.131962,0.0,1.0,0.0,0.024825,0.760902,1
1023.KL,8/8/2025,0.655824,0.680613,0.294597,0.02479,1.0,0.0,0.0,0.655824,0.740987,2
1023.KL,8/9/2020,0.516085,0.523961,0.468163,0.007876,1.0,0.0,0.0,0.516085,0.523961,2
1023.KL,8/9/2021,0.0,0.0,0.0,0.0,0.0,0.0,0.0,0.0,0.0,0
1023.KL,8/9/2022,-0.87821,0.014927,0.091936,0.893137,0.0,0.0,1.0,0.87821,0.893137,1
1023.KL,8/9/2023,0.105129,0.249047,0.607035,0.143918,1.0,0.0,0.0,0.105129,0.607035,1
1023.KL,8/9/2024,0.0,0.0,0.0,0.0,0.0,0.0,0.0,0.0,0.0,0
1023.KL,8/9/2025,0.531753,0.747345,0.037063,0.215592,1.0,0.0,0.0,0.531753,0.747345,1
1023.KL,9/1/2020,-0.011638,0.461224,0.065914,0.472862,0.333333,0.333333,0.333333,0.621537,0.777811,3
1023.KL,9/1/2021,0.405311,0.442272,0.520767,0.036961,0.5,0.5,0.0,0.405311,0.892258,2
1023.KL,9/1/2022,0.0,0.0,0.0,0.0,0.0,0.0,0.0,0.0,0.0,0
1023.KL,9/1/2023,0.0,0.0,0.0,0.0,0.0,0.0,0.0,0.0,0.0,0
1023.KL,9/1/2024,-0.017716,0.036835,0.908613,0.054552,0.0,1.0,0.0,0.017716,0.908613,1
1023.KL,9/1/2025,0.0,0.0,0.0,0.0,0.0,0.0,0.0,0.0,0.0,0
1023.KL,9/1/2026,0.394274,0.676977,0.04032,0.282703,0.666667,0.0,0.333333,0.830886,0.895283,3
1023.KL,9/10/2020,0.146417,0.156005,0.834406,0.009588,1.0,0.0,0.0,0.146417,0.834406,1
1023.KL,9/10/2021,0.861714,0.871256,0.119202,0.009542,1.0,0.0,0.0,0.861714,0.871256,1
1023.KL,9/10/2022,0.0,0.0,0.0,0.0,0.0,0.0,0.0,0.0,0.0,0
1023.KL,9/10/2023,0.0,0.0,0.0,0.0,0.0,0.0,0.0,0.0,0.0,0
1023.KL,9/10/2024,0.751505,0.830257,0.090991,0.078752,1.0,0.0,0.0,0.751505,0.830257,1
1023.KL,9/10/2025,0.004408,0.493375,0.017659,0.488966,0.5,0.0,0.5,0.906677,0.944509,2
1023.KL,9/11/2020,0.234363,0.561907,0.110549,0.327544,1.0,0.0,0.0,0.234363,0.561907,1
1023.KL,9/11/2021,0.0,0.0,0.0,0.0,0.0,0.0,0.0,0.0,0.0,0
1023.KL,9/11/2022,0.347384,0.419152,0.50908,0.071768,0.5,0.5,0.0,0.347384,0.83846,2
1023.KL,9/11/2023,-0.424233,0.055933,0.463901,0.480166,0.0,0.285714,0.714286,0.445762,0.848188,7
1023.KL,9/11/2024,0.0,0.0,0.0,0.0,0.0,0.0,0.0,0.0,0.0,0
1023.KL,9/11/2025,0.0,0.0,0.0,0.0,0.0,0.0,0.0,0.0,0.0,0
1023.KL,9/12/2020,0.559192,0.597878,0.363436,0.038686,0.666667,0.333333,0.0,0.609671,0.889775,3
1023.KL,9/12/2021,0.356614,0.592829,0.170956,0.236215,0.75,0.0,0.25,0.763593,0.807947,4
1023.KL,9/12/2022,0.395807,0.4051,0.585607,0.009293,1.0,0.0,0.0,0.395807,0.763488,2
1023.KL,9/12/2023,0.0,0.0,0.0,0.0,0.0,0.0,0.0,0.0,0.0,0
1023.KL,9/12/2024,0.257422,0.318626,0.620169,0.061204,0.333333,0.666667,0.0,0.278353,0.903577,3
1023.KL,9/12/2025,-0.703623,0.124397,0.047582,0.828021,0.0,0.0,1.0,0.703623,0.828021,1
1023.KL,9/2/2020,0.073109,0.089342,0.894425,0.016233,0.0,1.0,0.0,0.073109,0.894425,1
1023.KL,9/2/2021,0.03066,0.134361,0.761937,0.103702,0.333333,0.666667,0.0,0.066235,0.761937,3
1023.KL,9/2/2022,0.775466,0.860814,0.053839,0.085348,1.0,0.0,0.0,0.775466,0.860814,3
1023.KL,9/2/2023,0.0,0.0,0.0,0.0,0.0,0.0,0.0,0.0,0.0,0
1023.KL,9/2/2024,0.937377,0.953615,0.030146,0.016238,1.0,0.0,0.0,0.937377,0.953615,1
1023.KL,9/2/2025,0.068404,0.080956,0.906492,0.012552,0.0,1.0,0.0,0.068404,0.906492,2
1023.KL,9/2/2026,-0.451255,0.027995,0.492755,0.47925,0.0,0.5,0.5,0.482219,0.943395,2
1023.KL,9/3/2020,0.579952,0.592993,0.393967,0.013041,1.0,0.0,0.0,0.579952,0.592993,2
1023.KL,9/3/2021,-0.044035,0.414124,0.127717,0.458159,0.5,0.0,0.5,0.776929,0.824606,2
1023.KL,9/3/2022,0.223649,0.344973,0.533703,0.121324,0.333333,0.333333,0.333333,0.318639,0.795577,3
1023.KL,9/3/2023,-0.355356,0.27974,0.085164,0.635096,0.333333,0.0,0.666667,0.879443,0.897139,3
1023.KL,9/3/2024,0.0,0.0,0.0,0.0,0.0,0.0,0.0,0.0,0.0,0
1023.KL,9/3/2025,0.0,0.0,0.0,0.0,0.0,0.0,0.0,0.0,0.0,0
1023.KL,9/3/2026,-0.511926,0.028737,0.4306,0.540663,0.0,0.5,0.5,0.511926,0.899332,2
1023.KL,9/4/2020,0.227871,0.524605,0.178661,0.296734,0.75,0.0,0.25,0.599008,0.710174,4
1023.KL,9/4/2021,0.0,0.0,0.0,0.0,0.0,0.0,0.0,0.0,0.0,0
1023.KL,9/4/2022,0.0,0.0,0.0,0.0,0.0,0.0,0.0,0.0,0.0,0
1023.KL,9/4/2023,0.0,0.0,0.0,0.0,0.0,0.0,0.0,0.0,0.0,0
1023.KL,9/4/2024,0.7064,0.774188,0.158023,0.067788,1.0,0.0,0.0,0.7064,0.774188,2
1023.KL,9/4/2025,0.025906,0.491987,0.041931,0.466081,0.0,1.0,0.0,0.025906,0.491987,1
1023.KL,9/5/2020,0.667292,0.683829,0.299633,0.016538,1.0,0.0,0.0,0.667292,0.917253,3
1023.KL,9/5/2021,0.0,0.0,0.0,0.0,0.0,0.0,0.0,0.0,0.0,0
1023.KL,9/5/2022,-0.512464,0.064753,0.358031,0.577217,0.0,0.0,1.0,0.512464,0.577217,2
1023.KL,9/5/2023,-0.745743,0.023306,0.207644,0.76905,0.0,0.0,1.0,0.745743,0.76905,1
1023.KL,9/5/2024,0.073994,0.083678,0.906638,0.009684,0.0,1.0,0.0,0.073994,0.906638,1
1023.KL,9/5/2025,0.0,0.0,0.0,0.0,0.0,0.0,0.0,0.0,0.0,0
1023.KL,9/6/2020,0.620057,0.635117,0.349823,0.01506,1.0,0.0,0.0,0.620057,0.635117,1
1023.KL,9/6/2021,0.760384,0.87014,0.020105,0.109755,1.0,0.0,0.0,0.760384,0.87014,1
1023.KL,9/6/2022,0.0,0.0,0.0,0.0,0.0,0.0,0.0,0.0,0.0,0
1023.KL,9/6/2023,0.295313,0.414183,0.466947,0.11887,0.666667,0.333333,0.0,0.297849,0.711012,3
1023.KL,9/6/2024,0.0,0.0,0.0,0.0,0.0,0.0,0.0,0.0,0.0,0
1023.KL,9/6/2025,0.298779,0.402326,0.494127,0.103547,0.666667,0.333333,0.0,0.298779,0.68586,3
1023.KL,9/7/2020,0.862916,0.893353,0.076209,0.030437,1.0,0.0,0.0,0.862916,0.893353,2
1023.KL,9/7/2021,-0.27628,0.18458,0.35456,0.46086,0.166667,0.333333,0.5,0.515901,0.852444,6
1023.KL,9/7/2022,-0.90717,0.01397,0.06489,0.92114,0.0,0.0,1.0,0.90717,0.92114,1
1023.KL,9/7/2023,0.0,0.0,0.0,0.0,0.0,0.0,0.0,0.0,0.0,0
1023.KL,9/7/2024,0.901153,0.917177,0.0668,0.016023,1.0,0.0,0.0,0.901153,0.917177,1
1023.KL,9/7/2025,0.152001,0.161393,0.829215,0.009392,1.0,0.0,0.0,0.152001,0.829215,1
1023.KL,9/8/2020,0.0,0.0,0.0,0.0,0.0,0.0,0.0,0.0,0.0,0
1023.KL,9/8/2021,-0.461194,0.125022,0.288763,0.586216,0.0,0.0,1.0,0.461194,0.586216,1
1023.KL,9/8/2022,-0.425714,0.077025,0.420237,0.502738,0.0,0.0,1.0,0.425714,0.502738,1
1023.KL,9/8/2023,0.607709,0.619495,0.368719,0.011786,0.666667,0.333333,0.0,0.607709,0.902375,3
1023.KL,9/8/2024,-0.593637,0.0182,0.369964,0.611836,0.0,0.0,1.0,0.593637,0.611836,1
1023.KL,9/8/2025,0.0,0.0,0.0,0.0,0.0,0.0,0.0,0.0,0.0,0
1023.KL,9/9/2020,-0.051805,0.022607,0.902982,0.074412,0.0,1.0,0.0,0.051805,0.902982,1
1023.KL,9/9/2021,0.041656,0.384984,0.271689,0.343328,0.666667,0.0,0.333333,0.658918,0.873355,3
1023.KL,9/9/2022,0.851031,0.896156,0.058719,0.045125,1.0,0.0,0.0,0.851031,0.896156,3
1023.KL,9/9/2023,-0.096513,0.228848,0.445792,0.32536,0.0,0.5,0.5,0.096513,0.554714,2
1023.KL,9/9/2024,0.262081,0.618017,0.026047,0.355936,1.0,0.0,0.0,0.262081,0.618017,1
1023.KL,9/9/2025,-0.217906,0.060192,0.66171,0.278098,0.0,0.0,1.0,0.217906,0.66171,1
