ticker,trading_day,sentiment_score_title,prob_pos_title,prob_neu_title,prob_neg_title,dir_positive_title,dir_neutral_title,dir_negative_title,confidence_title,strength_title,article_count
1295.KL,1/1/2020,0.0,0.0,0.0,0.0,0.0,0.0,0.0,0.0,0.0,0
1295.KL,1/1/2021,-0.115191,0.16152,0.561768,0.276712,0.6,0.0,0.4,0.32276,0.745497,5
1295.KL,1/1/2022,0.107673,0.38577,0.336132,0.278097,0.4,0.2,0.4,0.594208,0.831402,5
1295.KL,1/1/2023,-0.004245,0.043808,0.908139,0.048053,0.0,1.0,0.0,0.004245,0.908139,1
1295.KL,1/1/2024,0.91401,0.928097,0.057816,0.014087,1.0,0.0,0.0,0.91401,0.928097,1
1295.KL,1/1/2025,-0.121906,0.195861,0.486372,0.317767,0.333333,0.166667,0.5,0.456069,0.816342,6
1295.KL,1/1/2026,-0.38023,0.084531,0.450709,0.464761,0.25,0.25,0.5,0.447291,0.88148,4
1295.KL,1/10/2020,-0.386122,0.258065,0.097748,0.644187,0.5,0.0,0.5,0.555868,0.72906,2
1295.KL,1/10/2021,-0.163283,0.078067,0.680583,0.24135,0.285714,0.428571,0.285714,0.265696,0.839323,7
1295.KL,1/10/2022,-0.21725,0.257647,0.267455,0.474898,0.5,0.0,0.5,0.711639,0.912904,4
1295.KL,1/10/2023,0.181499,0.238817,0.703864,0.057318,0.75,0.25,0.0,0.188535,0.703864,4
1295.KL,1/10/2024,-0.063851,0.231113,0.473923,0.294964,0.333333,0.333333,0.333333,0.483095,0.828376,9
1295.KL,1/10/2025,0.050538,0.287857,0.474824,0.237319,0.5,0.25,0.25,0.467782,0.869434,4
1295.KL,1/11/2020,0.0,0.0,0.0,0.0,0.0,0.0,0.0,0.0,0.0,0
1295.KL,1/11/2021,-0.36898,0.202677,0.225665,0.571657,0.2,0.2,0.6,0.684267,0.884672,5
1295.KL,1/11/2022,0.195252,0.292954,0.609343,0.097702,0.5,0.5,0.0,0.195252,0.719172,2
1295.KL,1/11/2023,0.173948,0.209878,0.754191,0.035931,0.4,0.6,0.0,0.179427,0.875018,5
1295.KL,1/11/2024,-0.403421,0.076298,0.443983,0.479719,0.25,0.0,0.75,0.477371,0.695592,4
1295.KL,1/11/2025,0.0,0.0,0.0,0.0,0.0,0.0,0.0,0.0,0.0,0
1295.KL,1/12/2020,0.143621,0.384383,0.374856,0.240761,0.625,0.125,0.25,0.443444,0.73495,8
1295.KL,1/12/2021,-0.105958,0.239987,0.414067,0.345946,0.333333,0.333333,0.333333,0.492478,0.84564,6
1295.KL,1/12/2022,-0.001183,0.047984,0.902849,0.049167,0.0,0.75,0.25,0.054883,0.902849,4
1295.KL,1/12/2023,0.096741,0.434875,0.22699,0.338135,0.555556,0.111111,0.333333,0.698577,0.895362,9
1295.KL,1/12/2024,-0.94588,0.012383,0.029354,0.958263,0.0,0.0,1.0,0.94588,0.958263,2
1295.KL,1/12/2025,0.046872,0.060206,0.92646,0.013334,0.0,1.0,0.0,0.046872,0.92646,1
1295.KL,1/2/2020,-0.236624,0.254557,0.254262,0.491181,0.5,0.0,0.5,0.681314,0.724484,2
1295.KL,1/2/2021,0.867875,0.89018,0.087514,0.022305,1.0,0.0,0.0,0.867875,0.89018,1
1295.KL,1/2/2022,-0.364203,0.02775,0.580297,0.391953,0.0,0.0,1.0,0.364203,0.580297,1
1295.KL,1/2/2023,-0.265276,0.054929,0.624866,0.320205,0.0,0.666667,0.333333,0.318385,0.912414,3
1295.KL,1/2/2024,-0.446659,0.044479,0.464383,0.491138,0.0,0.4,0.6,0.462214,0.809266,5
1295.KL,1/2/2025,0.406543,0.443618,0.519306,0.037076,0.8,0.0,0.2,0.447161,0.886067,5
1295.KL,1/2/2026,0.435296,0.447634,0.540028,0.012338,1.0,0.0,0.0,0.435296,0.540028,1
1295.KL,1/3/2020,0.286993,0.573467,0.140059,0.286474,1.0,0.0,0.0,0.286993,0.573467,1
1295.KL,1/3/2021,0.067896,0.296512,0.474872,0.228616,0.5,0.25,0.25,0.480978,0.849742,4
1295.KL,1/3/2022,-0.393658,0.192188,0.221966,0.585846,0.2,0.0,0.8,0.697602,0.812608,5
1295.KL,1/3/2023,0.403318,0.417487,0.568344,0.014169,0.5,0.5,0.0,0.403318,0.816822,2
1295.KL,1/3/2024,-0.278806,0.164494,0.392207,0.443299,0.25,0.25,0.5,0.565826,0.792825,4
1295.KL,1/3/2025,-0.517091,0.023188,0.436533,0.540279,0.0,0.333333,0.666667,0.517091,0.838775,3
1295.KL,1/3/2026,-0.212837,0.04444,0.698284,0.257276,0.0,0.5,0.5,0.212837,0.698284,2
1295.KL,1/4/2020,-0.457734,0.071408,0.399449,0.529142,0.111111,0.222222,0.666667,0.534145,0.791279,9
1295.KL,1/4/2021,-0.005583,0.3306,0.333218,0.336182,0.5,0.25,0.25,0.487555,0.790961,4
1295.KL,1/4/2022,0.849293,0.865335,0.118623,0.016042,1.0,0.0,0.0,0.849293,0.865335,1
1295.KL,1/4/2023,-0.010151,0.378517,0.232815,0.388668,0.6,0.0,0.4,0.741861,0.885418,5
1295.KL,1/4/2024,-0.951979,0.014281,0.019459,0.96626,0.0,0.0,1.0,0.951979,0.96626,1
1295.KL,1/4/2025,0.806069,0.826747,0.152574,0.020678,1.0,0.0,0.0,0.806069,0.826747,1
1295.KL,1/5/2020,0.047547,0.062248,0.92305,0.014702,0.0,1.0,0.0,0.047547,0.92305,1
1295.KL,1/5/2021,-0.321605,0.066393,0.545609,0.387998,0.2,0.4,0.4,0.368682,0.899905,5
1295.KL,1/5/2022,0.162682,0.407755,0.347172,0.245073,0.5,0.25,0.25,0.613729,0.85585,4
1295.KL,1/5/2023,-0.374423,0.056044,0.513488,0.430468,0.25,0.0,0.75,0.432564,0.701919,4
1295.KL,1/5/2024,-0.016851,0.156116,0.670916,0.172967,0.5,0.333333,0.166667,0.283363,0.836785,6
1295.KL,1/5/2025,0.065144,0.09564,0.873865,0.030495,0.5,0.5,0.0,0.065144,0.873865,4
1295.KL,1/6/2020,0.525656,0.537938,0.44978,0.012282,1.0,0.0,0.0,0.525656,0.537938,1
1295.KL,1/6/2021,-0.130237,0.20013,0.469503,0.330367,0.444444,0.111111,0.444444,0.415554,0.751884,9
1295.KL,1/6/2022,0.300868,0.341176,0.618516,0.040308,0.4,0.6,0.0,0.300868,0.84084,5
1295.KL,1/6/2023,-0.041711,0.237869,0.48255,0.279581,0.363636,0.272727,0.363636,0.422552,0.808955,11
1295.KL,1/6/2024,0.032505,0.056278,0.919948,0.023773,0.0,1.0,0.0,0.032505,0.919948,1
1295.KL,1/6/2025,-0.26457,0.231531,0.272369,0.4961,0.5,0.0,0.5,0.630911,0.710884,4
1295.KL,1/7/2020,0.295261,0.313289,0.668682,0.018029,0.5,0.5,0.0,0.295261,0.690397,2
1295.KL,1/7/2021,-0.101745,0.227934,0.442388,0.329679,0.25,0.25,0.5,0.503141,0.826572,8
1295.KL,1/7/2022,-0.023104,0.175906,0.625085,0.199009,0.333333,0.5,0.166667,0.268075,0.852556,6
1295.KL,1/7/2023,-0.295215,0.222036,0.260713,0.517251,0.333333,0.0,0.666667,0.583848,0.661567,3
1295.KL,1/7/2024,-0.026093,0.451277,0.071354,0.477369,0.5,0.0,0.5,0.900278,0.914462,4
1295.KL,1/7/2025,-0.186708,0.178319,0.456655,0.365026,0.285714,0.285714,0.428571,0.466451,0.849999,7
1295.KL,1/8/2020,-0.929976,0.025282,0.019459,0.955259,0.0,0.0,1.0,0.929976,0.955259,1
1295.KL,1/8/2021,0.049055,0.0835,0.882055,0.034445,0.0,1.0,0.0,0.049055,0.882055,4
1295.KL,1/8/2022,0.051758,0.218975,0.613808,0.167217,0.4,0.4,0.2,0.341366,0.77905,5
1295.KL,1/8/2023,-0.129179,0.322765,0.225291,0.451944,0.4,0.2,0.4,0.614059,0.863464,5
1295.KL,1/8/2024,-0.092557,0.078853,0.749737,0.17141,0.285714,0.571429,0.142857,0.200621,0.881998,7
1295.KL,1/8/2025,0.065408,0.07841,0.908588,0.013002,0.0,1.0,0.0,0.065408,0.908588,1
1295.KL,1/9/2020,-0.505449,0.033567,0.427418,0.539016,0.0,0.333333,0.666667,0.537931,0.843494,3
1295.KL,1/9/2021,-0.712712,0.067138,0.153012,0.77985,0.0,0.0,1.0,0.712712,0.77985,2
1295.KL,1/9/2022,-0.084502,0.170938,0.573622,0.25544,0.125,0.5,0.375,0.312121,0.773322,8
1295.KL,1/9/2023,0.012209,0.33578,0.340648,0.323571,0.333333,0.333333,0.333333,0.627097,0.914703,3
1295.KL,1/9/2024,-0.69111,0.026643,0.255604,0.717753,0.0,0.0,1.0,0.69111,0.717753,2
1295.KL,1/9/2025,-0.17421,0.343879,0.138032,0.518089,0.5,0.0,0.5,0.664211,0.763089,2
1295.KL,10/1/2020,-0.345658,0.249322,0.155697,0.59498,0.25,0.0,0.75,0.767826,0.818274,4
1295.KL,10/1/2021,0.0,0.0,0.0,0.0,0.0,0.0,0.0,0.0,0.0,0
1295.KL,10/1/2022,0.170257,0.183295,0.803667,0.013038,1.0,0.0,0.0,0.170257,0.803667,2
1295.KL,10/1/2023,-0.094453,0.263645,0.378257,0.358098,0.25,0.25,0.5,0.5589,0.812788,4
1295.KL,10/1/2024,-0.052961,0.121811,0.703416,0.174773,0.25,0.5,0.25,0.256444,0.771335,4
1295.KL,10/1/2025,-0.249624,0.041124,0.668128,0.290748,0.0,0.4,0.6,0.25723,0.832482,5
1295.KL,10/1/2026,-0.118447,0.153203,0.575147,0.27165,0.166667,0.5,0.333333,0.317696,0.763327,6
1295.KL,10/10/2020,0.135744,0.291228,0.553287,0.155485,0.5,0.25,0.25,0.349617,0.719674,4
1295.KL,10/10/2021,-0.244768,0.080978,0.593276,0.325746,0.0,0.666667,0.333333,0.259832,0.82235,3
1295.KL,10/10/2022,-0.417172,0.071074,0.44068,0.488246,0.5,0.0,0.5,0.535628,0.90905,2
1295.KL,10/10/2023,-0.183422,0.146131,0.524316,0.329553,0.4,0.2,0.4,0.410877,0.756658,10
1295.KL,10/10/2024,0.063805,0.31119,0.441425,0.247385,0.444444,0.222222,0.333333,0.506195,0.767185,9
1295.KL,10/10/2025,-0.087734,0.111557,0.689151,0.199291,0.375,0.375,0.25,0.248874,0.802667,8
1295.KL,10/11/2020,0.056079,0.402534,0.251011,0.346455,0.666667,0.0,0.333333,0.583295,0.666142,3
1295.KL,10/11/2021,0.124133,0.132864,0.858406,0.00873,1.0,0.0,0.0,0.124133,0.858406,1
1295.KL,10/11/2022,0.019586,0.398165,0.223256,0.378579,0.5,0.166667,0.333333,0.638484,0.857073,6
1295.KL,10/11/2023,0.033619,0.298492,0.436634,0.264874,0.571429,0.0,0.428571,0.492032,0.781245,7
1295.KL,10/11/2024,0.152772,0.163114,0.826544,0.010342,0.5,0.5,0.0,0.152772,0.826544,2
1295.KL,10/11/2025,0.027238,0.461203,0.104831,0.433966,0.5,0.0,0.5,0.862565,0.878867,2
1295.KL,10/12/2020,0.217461,0.508982,0.199497,0.291521,0.571429,0.142857,0.285714,0.588154,0.822098,7
1295.KL,10/12/2021,-0.439182,0.030059,0.500699,0.469242,0.0,0.5,0.5,0.456054,0.927787,2
1295.KL,10/12/2022,0.4752,0.505585,0.46403,0.030385,0.5,0.5,0.0,0.4752,0.896105,2
1295.KL,10/12/2023,0.017442,0.067138,0.883167,0.049696,0.0,1.0,0.0,0.035082,0.883167,2
1295.KL,10/12/2024,-0.152471,0.234093,0.379342,0.386564,0.375,0.25,0.375,0.562597,0.878313,8
1295.KL,10/12/2025,0.042893,0.303548,0.435798,0.260655,0.5,0.25,0.25,0.524858,0.855017,8
1295.KL,10/2/2020,-0.077762,0.411362,0.099514,0.489124,0.4,0.0,0.6,0.796582,0.848534,5
1295.KL,10/2/2021,0.105253,0.474798,0.155657,0.369545,0.5,0.0,0.5,0.786339,0.815341,2
1295.KL,10/2/2022,-0.07018,0.429186,0.071448,0.499366,0.5,0.0,0.5,0.851203,0.889877,2
1295.KL,10/2/2023,0.205045,0.318879,0.567287,0.113834,1.0,0.0,0.0,0.205045,0.567287,1
1295.KL,10/2/2024,0.079784,0.397556,0.284673,0.317772,0.666667,0.0,0.333333,0.657688,0.844478,3
1295.KL,10/2/2025,0.050003,0.062362,0.92528,0.012358,0.0,1.0,0.0,0.050003,0.92528,1
1295.KL,10/2/2026,0.090707,0.255692,0.579323,0.164985,0.5,0.333333,0.166667,0.386642,0.855916,6
1295.KL,10/3/2020,-0.501614,0.176395,0.145596,0.678009,0.166667,0.166667,0.666667,0.571025,0.712714,6
1295.KL,10/3/2021,-0.002761,0.25368,0.489879,0.256441,0.5,0.25,0.25,0.429162,0.817424,4
1295.KL,10/3/2022,-0.176941,0.24365,0.33576,0.42059,0.333333,0.166667,0.5,0.6144,0.803597,6
1295.KL,10/3/2023,-0.235426,0.141672,0.481231,0.377098,0.142857,0.142857,0.714286,0.479247,0.803104,7
1295.KL,10/3/2024,-0.312259,0.024447,0.638847,0.336706,0.0,0.5,0.5,0.312259,0.781349,2
1295.KL,10/3/2025,-0.317388,0.024212,0.634187,0.341601,0.0,0.666667,0.333333,0.333796,0.950921,3
1295.KL,10/3/2026,-0.15468,0.142832,0.559656,0.297512,0.222222,0.333333,0.444444,0.373199,0.787698,9
1295.KL,10/4/2020,0.01601,0.464004,0.088003,0.447994,0.5,0.0,0.5,0.876935,0.894466,2
1295.KL,10/4/2021,-0.065067,0.076916,0.781101,0.141983,0.0,0.666667,0.333333,0.135406,0.781101,3
1295.KL,10/4/2022,-0.609321,0.078075,0.23453,0.687395,0.25,0.0,0.75,0.672375,0.86244,4
1295.KL,10/4/2023,-0.422319,0.031013,0.515655,0.453332,0.0,0.5,0.5,0.422319,0.852042,2
1295.KL,10/4/2024,0.3796,0.476732,0.426137,0.097131,0.5,0.0,0.5,0.52815,0.851811,2
1295.KL,10/4/2025,0.360652,0.382681,0.595291,0.022028,0.75,0.25,0.0,0.360652,0.766127,4
1295.KL,10/5/2020,0.0,0.0,0.0,0.0,0.0,0.0,0.0,0.0,0.0,0
1295.KL,10/5/2021,-0.188156,0.125682,0.56048,0.313838,0.5,0.166667,0.333333,0.400398,0.835081,6
1295.KL,10/5/2022,0.813997,0.856641,0.100716,0.042643,1.0,0.0,0.0,0.813997,0.856641,3
1295.KL,10/5/2023,-0.236766,0.064301,0.634632,0.301067,0.0,0.5,0.5,0.325603,0.734771,2
1295.KL,10/5/2024,-0.571011,0.088007,0.252974,0.659019,0.0,0.333333,0.666667,0.602659,0.798667,3
1295.KL,10/5/2025,-0.232646,0.050449,0.666457,0.283094,0.0,0.666667,0.333333,0.294953,0.873497,3
1295.KL,10/6/2020,-0.287864,0.16818,0.375776,0.456044,0.2,0.2,0.6,0.439256,0.747907,5
1295.KL,10/6/2021,-0.020086,0.238975,0.501964,0.259061,0.2,0.6,0.2,0.374903,0.812323,5
1295.KL,10/6/2022,0.331352,0.468693,0.393965,0.137341,0.833333,0.0,0.166667,0.472891,0.72402,6
1295.KL,10/6/2023,0.147613,0.163615,0.820383,0.016002,1.0,0.0,0.0,0.147613,0.820383,1
1295.KL,10/6/2024,0.059219,0.134536,0.790146,0.075318,0.333333,0.666667,0.0,0.070762,0.790146,3
1295.KL,10/6/2025,0.262058,0.283363,0.695332,0.021305,0.5,0.5,0.0,0.267761,0.795612,4
1295.KL,10/7/2020,-0.043268,0.286077,0.384579,0.329345,0.285714,0.285714,0.428571,0.531924,0.830942,7
1295.KL,10/7/2021,-0.421215,0.225737,0.12731,0.646952,0.25,0.0,0.75,0.805469,0.839079,4
1295.KL,10/7/2022,-0.347089,0.031186,0.590538,0.378275,0.0,0.0,1.0,0.347089,0.590538,1
1295.KL,10/7/2023,-0.147842,0.249261,0.353637,0.397102,0.25,0.0,0.75,0.582548,0.698505,4
1295.KL,10/7/2024,0.097913,0.242078,0.613756,0.144165,0.5,0.375,0.125,0.353032,0.84889,8
1295.KL,10/7/2025,-0.505567,0.064377,0.365679,0.569944,0.111111,0.222222,0.666667,0.5363,0.856983,9
1295.KL,10/8/2020,-0.363918,0.242328,0.151426,0.606246,0.333333,0.0,0.666667,0.65384,0.751207,3
1295.KL,10/8/2021,-0.190174,0.354291,0.101244,0.544465,0.5,0.0,0.5,0.719801,0.809278,2
1295.KL,10/8/2022,0.031364,0.06917,0.893024,0.037806,0.0,1.0,0.0,0.031364,0.893024,1
1295.KL,10/8/2023,-0.499945,0.039319,0.421416,0.539264,0.0,0.0,1.0,0.499945,0.801742,2
1295.KL,10/8/2024,0.30696,0.334983,0.636995,0.028023,0.666667,0.333333,0.0,0.30696,0.813768,3
1295.KL,10/8/2025,-0.245065,0.233086,0.288764,0.47815,0.25,0.25,0.5,0.648732,0.864919,4
1295.KL,10/9/2020,0.356274,0.528107,0.30006,0.171833,0.714286,0.142857,0.142857,0.63703,0.874509,7
1295.KL,10/9/2021,-0.571647,0.150779,0.126796,0.722426,0.0,0.333333,0.666667,0.571647,0.722426,3
1295.KL,10/9/2022,0.908845,0.942819,0.023208,0.033974,1.0,0.0,0.0,0.908845,0.942819,1
1295.KL,10/9/2023,-0.054059,0.259755,0.426432,0.313813,0.333333,0.333333,0.333333,0.524954,0.814929,3
1295.KL,10/9/2024,0.164023,0.408503,0.347018,0.24448,0.5,0.25,0.25,0.622814,0.863094,4
1295.KL,10/9/2025,-0.067597,0.13961,0.653183,0.207207,0.4,0.4,0.2,0.269807,0.824123,5
1295.KL,11/1/2020,0.740399,0.841596,0.057208,0.101196,1.0,0.0,0.0,0.740399,0.841596,1
1295.KL,11/1/2021,0.386826,0.399154,0.588517,0.012328,1.0,0.0,0.0,0.386826,0.641058,2
1295.KL,11/1/2022,-0.046731,0.442392,0.068486,0.489123,0.5,0.0,0.5,0.836803,0.884159,2
1295.KL,11/1/2023,-0.101185,0.22329,0.452234,0.324475,0.4,0.4,0.2,0.274186,0.728316,5
1295.KL,11/1/2024,-0.1623,0.06828,0.70114,0.23058,0.2,0.6,0.2,0.257283,0.892035,5
1295.KL,11/1/2025,0.113687,0.138266,0.837155,0.024579,0.5,0.5,0.0,0.128234,0.837155,2
1295.KL,11/1/2026,-0.819736,0.027171,0.125921,0.846908,0.0,0.0,1.0,0.819736,0.846908,5
1295.KL,11/10/2020,0.0,0.0,0.0,0.0,0.0,0.0,0.0,0.0,0.0,0
1295.KL,11/10/2021,0.388269,0.506656,0.374956,0.118388,0.75,0.0,0.25,0.54965,0.629393,4
1295.KL,11/10/2022,0.468006,0.485497,0.497011,0.017491,0.666667,0.333333,0.0,0.468006,0.771576,3
1295.KL,11/10/2023,0.209437,0.581426,0.046584,0.37199,0.6,0.0,0.4,0.882905,0.918161,5
1295.KL,11/10/2024,-0.368991,0.112631,0.405747,0.481622,0.142857,0.285714,0.571429,0.417963,0.777766,7
1295.KL,11/10/2025,0.086417,0.305658,0.475101,0.219241,0.625,0.125,0.25,0.478827,0.700802,8
1295.KL,11/11/2020,0.211143,0.442601,0.32594,0.231458,0.625,0.25,0.125,0.44813,0.76647,8
1295.KL,11/11/2021,-0.203077,0.127377,0.542168,0.330455,0.285714,0.142857,0.571429,0.333344,0.732112,7
1295.KL,11/11/2022,-0.335063,0.040097,0.584742,0.37516,0.0,0.6,0.4,0.36811,0.899027,5
1295.KL,11/11/2023,-0.129123,0.091003,0.688871,0.220126,0.25,0.5,0.25,0.233258,0.873165,4
1295.KL,11/11/2024,0.486216,0.537842,0.410532,0.051626,0.5,0.5,0.0,0.486216,0.86962,2
1295.KL,11/11/2025,-0.070995,0.245751,0.437503,0.316746,0.2,0.2,0.6,0.431222,0.735196,5
1295.KL,11/12/2020,0.172372,0.409765,0.352843,0.237393,0.5,0.25,0.25,0.582195,0.836295,4
1295.KL,11/12/2021,0.651418,0.666981,0.317456,0.015563,1.0,0.0,0.0,0.651418,0.731303,4
1295.KL,11/12/2022,-0.459199,0.090903,0.358994,0.550103,0.0,0.333333,0.666667,0.459199,0.844831,3
1295.KL,11/12/2023,-0.235463,0.140656,0.483226,0.376118,0.5,0.0,0.5,0.35726,0.788756,2
1295.KL,11/12/2024,-0.382882,0.135038,0.347043,0.51792,0.333333,0.111111,0.555556,0.598477,0.828905,9
1295.KL,11/12/2025,-0.236383,0.261088,0.241442,0.497471,0.5,0.0,0.5,0.724966,0.741762,2
1295.KL,11/2/2020,-0.227808,0.23054,0.311112,0.458348,0.25,0.25,0.5,0.433736,0.724093,8
1295.KL,11/2/2021,-0.425372,0.062034,0.45056,0.487406,0.25,0.25,0.5,0.512699,0.925836,4
1295.KL,11/2/2022,0.123878,0.390994,0.34189,0.267116,0.571429,0.142857,0.285714,0.562376,0.813453,7
1295.KL,11/2/2023,-0.475484,0.05545,0.413617,0.530934,0.2,0.2,0.6,0.530429,0.880857,5
1295.KL,11/2/2024,0.0,0.0,0.0,0.0,0.0,0.0,0.0,0.0,0.0,0
1295.KL,11/2/2025,0.269197,0.386546,0.496104,0.117349,0.75,0.0,0.25,0.387423,0.71755,4
1295.KL,11/2/2026,0.425603,0.462245,0.501114,0.036641,0.666667,0.333333,0.0,0.43842,0.761844,3
1295.KL,11/3/2020,-0.151511,0.286095,0.276299,0.437606,0.285714,0.285714,0.428571,0.641304,0.878377,7
1295.KL,11/3/2021,0.0,0.0,0.0,0.0,0.0,0.0,0.0,0.0,0.0,0
1295.KL,11/3/2022,-0.530685,0.024234,0.420846,0.55492,0.0,0.0,1.0,0.530685,0.727297,3
1295.KL,11/3/2023,0.0,0.0,0.0,0.0,0.0,0.0,0.0,0.0,0.0,0
1295.KL,11/3/2024,0.0,0.0,0.0,0.0,0.0,0.0,0.0,0.0,0.0,0
1295.KL,11/3/2025,-0.062999,0.210407,0.516187,0.273406,0.285714,0.428571,0.285714,0.407949,0.876725,7
1295.KL,11/3/2026,-0.195119,0.200596,0.40369,0.395715,0.2,0.4,0.4,0.515962,0.887761,5
1295.KL,11/4/2020,-0.131669,0.09863,0.671072,0.230299,0.25,0.5,0.25,0.256565,0.800253,4
1295.KL,11/4/2021,-0.344074,0.039215,0.577496,0.383289,0.0,0.0,1.0,0.344074,0.577496,1
1295.KL,11/4/2022,-0.274669,0.149886,0.425558,0.424555,0.2,0.2,0.6,0.404874,0.70155,5
1295.KL,11/4/2023,-0.339181,0.144206,0.372407,0.483387,0.0,0.6,0.4,0.359369,0.739378,5
1295.KL,11/4/2024,0.1398,0.1499,0.840001,0.010099,1.0,0.0,0.0,0.1398,0.840001,2
1295.KL,11/4/2025,-0.307871,0.199276,0.293576,0.507147,0.428571,0.0,0.571429,0.614237,0.852501,7
1295.KL,11/5/2020,0.101309,0.355939,0.389431,0.25463,0.5,0.25,0.25,0.554133,0.816727,4
1295.KL,11/5/2021,-0.485914,0.062731,0.388624,0.548645,0.2,0.2,0.6,0.580673,0.885509,5
1295.KL,11/5/2022,0.049763,0.183643,0.682478,0.133879,0.285714,0.571429,0.142857,0.214475,0.843867,7
1295.KL,11/5/2023,-0.343263,0.195881,0.264975,0.539144,0.2,0.0,0.8,0.655342,0.71041,5
1295.KL,11/5/2024,0.456565,0.489532,0.4775,0.032967,0.5,0.5,0.0,0.456565,0.846488,2
1295.KL,11/5/2025,-0.84638,0.017288,0.119044,0.863668,0.0,0.0,1.0,0.84638,0.863668,1
1295.KL,11/6/2020,-0.424299,0.15552,0.264661,0.579819,0.2,0.2,0.6,0.690194,0.884127,5
1295.KL,11/6/2021,-0.384779,0.056127,0.502967,0.440906,0.166667,0.166667,0.666667,0.431231,0.80249,6
1295.KL,11/6/2022,-0.076497,0.433679,0.056146,0.510175,0.5,0.0,0.5,0.87673,0.910292,2
1295.KL,11/6/2023,-0.925883,0.0128,0.048517,0.938683,0.0,0.0,1.0,0.925883,0.938683,1
1295.KL,11/6/2024,-0.354935,0.166219,0.312628,0.521153,0.5,0.0,0.5,0.599078,0.785155,4
1295.KL,11/6/2025,-0.690262,0.027629,0.25448,0.717891,0.0,0.0,1.0,0.690262,0.717891,3
1295.KL,11/7/2020,0.207745,0.251063,0.705618,0.043319,0.5,0.5,0.0,0.207745,0.705618,2
1295.KL,11/7/2021,-0.364044,0.075757,0.484442,0.439801,0.25,0.25,0.5,0.441046,0.843668,4
1295.KL,11/7/2022,-0.832402,0.022955,0.121689,0.855356,0.0,0.0,1.0,0.832402,0.855356,1
1295.KL,11/7/2023,-0.695046,0.032994,0.238966,0.72804,0.0,0.0,1.0,0.695046,0.7841,3
1295.KL,11/7/2024,0.306405,0.557994,0.190418,0.251589,0.75,0.0,0.25,0.771849,0.878085,4
1295.KL,11/7/2025,-0.446807,0.063925,0.425342,0.510733,0.0,0.285714,0.714286,0.453653,0.766632,7
1295.KL,11/8/2020,-0.402233,0.069024,0.459719,0.471257,0.0,0.222222,0.777778,0.405812,0.769391,9
1295.KL,11/8/2021,0.461386,0.492573,0.476241,0.031186,0.5,0.5,0.0,0.461386,0.931551,2
1295.KL,11/8/2022,0.067258,0.449085,0.169087,0.381827,0.5,0.0,0.5,0.752585,0.791749,4
1295.KL,11/8/2023,0.089952,0.120321,0.84931,0.030369,0.5,0.5,0.0,0.109559,0.84931,4
1295.KL,11/8/2024,0.223485,0.251523,0.720438,0.028039,0.5,0.5,0.0,0.223485,0.720438,2
1295.KL,11/8/2025,0.06694,0.195899,0.675142,0.128959,0.2,0.6,0.2,0.283404,0.804122,5
1295.KL,11/9/2020,0.03658,0.283127,0.470326,0.246547,0.5,0.25,0.25,0.497131,0.900476,4
1295.KL,11/9/2021,-0.454712,0.027762,0.489764,0.482474,0.0,0.333333,0.666667,0.454712,0.780225,3
1295.KL,11/9/2022,0.201414,0.489942,0.221529,0.288529,1.0,0.0,0.0,0.201414,0.489942,1
1295.KL,11/9/2023,0.263624,0.614768,0.034089,0.351143,0.666667,0.0,0.333333,0.882913,0.924412,3
1295.KL,11/9/2024,0.083974,0.197115,0.689743,0.113141,0.333333,0.666667,0.0,0.114672,0.689743,3
1295.KL,11/9/2025,0.085253,0.402602,0.280049,0.317349,0.6,0.0,0.4,0.601617,0.712693,5
1295.KL,12/1/2020,0.0,0.0,0.0,0.0,0.0,0.0,0.0,0.0,0.0,0
1295.KL,12/1/2021,-0.438548,0.237056,0.08734,0.675604,0.2,0.0,0.8,0.799755,0.856208,5
1295.KL,12/1/2022,-0.169243,0.185839,0.45908,0.355081,0.375,0.125,0.5,0.459986,0.752933,8
1295.KL,12/1/2023,0.411407,0.474666,0.462075,0.063259,0.5,0.5,0.0,0.447176,0.884062,2
1295.KL,12/1/2024,-0.715338,0.107032,0.070598,0.82237,0.0,0.0,1.0,0.715338,0.82237,3
1295.KL,12/1/2025,-0.221683,0.290373,0.197572,0.512055,0.5,0.0,0.5,0.701565,0.751996,2
1295.KL,12/1/2026,-0.085997,0.220148,0.473706,0.306146,0.5,0.166667,0.333333,0.46958,0.853586,6
1295.KL,12/10/2020,0.327114,0.355123,0.616867,0.028009,0.333333,0.666667,0.0,0.327114,0.910533,3
1295.KL,12/10/2021,-0.054896,0.053046,0.839011,0.107943,0.0,1.0,0.0,0.054896,0.839011,2
1295.KL,12/10/2022,-0.571625,0.02348,0.381416,0.595105,0.0,0.0,1.0,0.571625,0.726347,3
1295.KL,12/10/2023,-0.25067,0.179187,0.390956,0.429857,0.2,0.3,0.5,0.473601,0.795743,10
1295.KL,12/10/2024,0.009406,0.337589,0.334227,0.328184,0.666667,0.0,0.333333,0.644614,0.887623,3
1295.KL,12/10/2025,-0.913062,0.013666,0.059605,0.926728,0.0,0.0,1.0,0.913062,0.926728,1
1295.KL,12/11/2020,-0.285678,0.128042,0.458239,0.41372,0.2,0.2,0.6,0.387114,0.696132,5
1295.KL,12/11/2021,-0.391145,0.289337,0.030181,0.680482,0.25,0.0,0.75,0.858789,0.914304,4
1295.KL,12/11/2022,-0.166716,0.141182,0.55092,0.307898,0.5,0.0,0.5,0.397676,0.648392,2
1295.KL,12/11/2023,0.0,0.0,0.0,0.0,0.0,0.0,0.0,0.0,0.0,0
1295.KL,12/11/2024,0.349246,0.455987,0.437272,0.106741,0.571429,0.285714,0.142857,0.457931,0.81652,7
1295.KL,12/11/2025,-0.627709,0.051245,0.2698,0.678954,0.0,0.25,0.75,0.66385,0.892345,4
1295.KL,12/12/2020,0.274627,0.595865,0.082897,0.321238,0.666667,0.0,0.333333,0.887421,0.902262,3
1295.KL,12/12/2021,0.729815,0.743175,0.243465,0.01336,1.0,0.0,0.0,0.729815,0.743175,1
1295.KL,12/12/2022,-0.562785,0.017354,0.402507,0.580139,0.0,0.0,1.0,0.562785,0.874654,2
1295.KL,12/12/2023,0.033984,0.112409,0.809166,0.078425,0.0,1.0,0.0,0.033984,0.809166,1
1295.KL,12/12/2024,-0.022343,0.206121,0.565416,0.228464,0.2,0.6,0.2,0.379647,0.898861,5
1295.KL,12/12/2025,0.337501,0.501509,0.334484,0.164008,0.666667,0.333333,0.0,0.343145,0.576418,3
1295.KL,12/2/2020,-0.539805,0.058134,0.343927,0.597939,0.0,0.25,0.75,0.571958,0.823506,4
1295.KL,12/2/2021,-0.224627,0.054309,0.666755,0.278936,0.0,0.5,0.5,0.224627,0.822848,4
1295.KL,12/2/2022,-0.136112,0.384964,0.093959,0.521077,0.5,0.0,0.5,0.472279,0.68916,2
1295.KL,12/2/2023,-0.196949,0.075527,0.651998,0.272476,0.0,0.5,0.5,0.224884,0.76386,4
1295.KL,12/2/2024,-0.123984,0.042561,0.790893,0.166546,0.0,0.666667,0.333333,0.143007,0.790893,3
1295.KL,12/2/2025,0.227647,0.437346,0.352955,0.209699,0.714286,0.142857,0.142857,0.49067,0.777293,7
1295.KL,12/2/2026,-0.173212,0.253579,0.31963,0.426791,0.285714,0.285714,0.428571,0.640057,0.898736,7
1295.KL,12/3/2020,-0.050714,0.272342,0.404603,0.323055,0.4,0.2,0.4,0.505326,0.789367,5
1295.KL,12/3/2021,-0.010062,0.2963,0.397337,0.306363,0.428571,0.285714,0.285714,0.49968,0.883428,7
1295.KL,12/3/2022,-0.478342,0.073707,0.374243,0.552049,0.0,0.25,0.75,0.478342,0.772793,4
1295.KL,12/3/2023,-0.32744,0.07908,0.514399,0.406521,0.0,0.333333,0.666667,0.32744,0.674968,3
1295.KL,12/3/2024,-0.087895,0.157101,0.597903,0.244996,0.2,0.4,0.4,0.359602,0.865202,5
1295.KL,12/3/2025,-0.882517,0.044533,0.028416,0.927051,0.0,0.0,1.0,0.882517,0.927051,1
1295.KL,12/3/2026,0.57575,0.589683,0.396383,0.013933,1.0,0.0,0.0,0.57575,0.774907,2
1295.KL,12/4/2020,0.154616,0.201866,0.750885,0.04725,0.666667,0.333333,0.0,0.154616,0.750885,3
1295.KL,12/4/2021,-0.314729,0.126943,0.431384,0.441672,0.2,0.2,0.6,0.430259,0.681285,5
1295.KL,12/4/2022,0.01891,0.226707,0.565496,0.207797,0.4,0.4,0.2,0.395506,0.890003,5
1295.KL,12/4/2023,-0.296586,0.295136,0.113141,0.591723,0.333333,0.0,0.666667,0.800062,0.843461,3
1295.KL,12/4/2024,-0.151734,0.173369,0.501529,0.325102,0.333333,0.333333,0.333333,0.45735,0.795885,3
1295.KL,12/4/2025,0.037894,0.268675,0.500545,0.23078,0.333333,0.333333,0.333333,0.425371,0.780887,6
1295.KL,12/5/2020,0.068329,0.145295,0.77774,0.076966,0.5,0.0,0.5,0.171404,0.77774,2
1295.KL,12/5/2021,-0.266587,0.236575,0.260263,0.503162,0.25,0.125,0.625,0.617732,0.791985,8
1295.KL,12/5/2022,-0.014254,0.162433,0.660881,0.176687,0.222222,0.666667,0.111111,0.168964,0.779925,9
1295.KL,12/5/2023,-0.316138,0.154256,0.375351,0.470393,0.5,0.0,0.5,0.535038,0.825481,2
1295.KL,12/5/2024,-0.021951,0.023936,0.930177,0.045887,0.0,1.0,0.0,0.021951,0.930177,1
1295.KL,12/5/2025,-0.429807,0.115334,0.339525,0.545141,0.0,0.5,0.5,0.473467,0.789067,2
1295.KL,12/6/2020,-0.446524,0.063231,0.427015,0.509754,0.0,0.2,0.8,0.455156,0.783504,5
1295.KL,12/6/2021,0.273648,0.367932,0.537784,0.094284,0.5,0.0,0.5,0.404818,0.743595,2
1295.KL,12/6/2022,0.0,0.0,0.0,0.0,0.0,0.0,0.0,0.0,0.0,0
1295.KL,12/6/2023,-0.080737,0.043243,0.832777,0.12398,0.0,0.5,0.5,0.108829,0.832777,2
1295.KL,12/6/2024,-0.0003,0.376362,0.246976,0.376662,0.5,0.1,0.4,0.65475,0.843836,10
1295.KL,12/6/2025,0.31877,0.373567,0.571636,0.054797,0.5,0.5,0.0,0.339136,0.826621,2
1295.KL,12/7/2020,-0.345127,0.121514,0.411845,0.466641,0.5,0.0,0.5,0.561902,0.845903,2
1295.KL,12/7/2021,0.268935,0.405373,0.458188,0.136439,0.571429,0.285714,0.142857,0.513532,0.863006,7
1295.KL,12/7/2022,-0.299457,0.176106,0.348332,0.475562,0.166667,0.333333,0.5,0.596073,0.919984,6
1295.KL,12/7/2023,0.255558,0.339605,0.576348,0.084047,0.5,0.25,0.25,0.368154,0.79108,4
1295.KL,12/7/2024,-0.035452,0.329171,0.306206,0.364623,0.375,0.25,0.375,0.603984,0.86612,8
1295.KL,12/7/2025,-0.048206,0.175793,0.600209,0.223999,0.0,1.0,0.0,0.048206,0.600209,1
1295.KL,12/8/2020,-0.058296,0.191232,0.55924,0.249528,0.2,0.4,0.4,0.382687,0.765273,5
1295.KL,12/8/2021,-0.298945,0.057404,0.586247,0.356349,0.0,0.5,0.5,0.298945,0.777777,2
1295.KL,12/8/2022,-0.229899,0.232632,0.304836,0.462531,0.25,0.25,0.5,0.64493,0.870368,4
1295.KL,12/8/2023,-0.067295,0.232853,0.466998,0.300148,0.25,0.25,0.5,0.468783,0.858581,4
1295.KL,12/8/2024,-0.051156,0.175637,0.59757,0.226793,0.5,0.0,0.5,0.16178,0.59757,2
1295.KL,12/8/2025,-0.052407,0.228498,0.490596,0.280906,0.333333,0.333333,0.333333,0.45504,0.814697,6
1295.KL,12/9/2020,-0.192323,0.055872,0.695934,0.248195,0.0,0.666667,0.333333,0.217778,0.857581,3
1295.KL,12/9/2021,0.0,0.0,0.0,0.0,0.0,0.0,0.0,0.0,0.0,0
1295.KL,12/9/2022,-0.134286,0.286863,0.291988,0.421149,0.25,0.5,0.25,0.332703,0.738026,4
1295.KL,12/9/2023,-0.199022,0.216359,0.36826,0.415381,0.25,0.083333,0.666667,0.442127,0.690422,12
1295.KL,12/9/2024,-0.317996,0.024906,0.632191,0.342903,0.0,0.666667,0.333333,0.326218,0.935307,3
1295.KL,12/9/2025,0.298955,0.517459,0.264038,0.218503,0.666667,0.0,0.333333,0.639714,0.745371,6
1295.KL,13/1/2020,0.359562,0.472248,0.415067,0.112686,0.75,0.25,0.0,0.359562,0.690143,4
1295.KL,13/1/2021,0.128397,0.458417,0.211563,0.33002,0.5,0.25,0.25,0.600708,0.694572,4
1295.KL,13/1/2022,-0.506096,0.037651,0.418602,0.543747,0.0,0.333333,0.666667,0.506096,0.817089,3
1295.KL,13/1/2023,-0.196045,0.23496,0.334035,0.431005,0.666667,0.0,0.333333,0.399082,0.767147,3
1295.KL,13/1/2024,-0.117551,0.198673,0.485102,0.316224,0.333333,0.333333,0.333333,0.469258,0.893811,6
1295.KL,13/1/2025,0.087276,0.10682,0.873635,0.019544,0.0,1.0,0.0,0.087276,0.873635,1
1295.KL,13/1/2026,0.177297,0.333073,0.51115,0.155776,0.333333,0.333333,0.333333,0.440176,0.830287,6
1295.KL,13/10/2020,0.153797,0.340976,0.471845,0.187179,0.571429,0.142857,0.285714,0.413767,0.820247,7
1295.KL,13/10/2021,-0.194071,0.177963,0.450004,0.372034,0.25,0.25,0.5,0.343075,0.678543,4
1295.KL,13/10/2022,-0.008765,0.402165,0.186904,0.41093,0.5,0.0,0.5,0.707125,0.76011,2
1295.KL,13/10/2023,-0.03016,0.238516,0.492808,0.268676,0.2,0.4,0.4,0.411442,0.865588,5
1295.KL,13/10/2024,0.065591,0.087099,0.891393,0.021508,0.0,1.0,0.0,0.065591,0.891393,1
1295.KL,13/10/2025,-0.226252,0.267228,0.239293,0.49348,0.2,0.2,0.6,0.589375,0.783258,5
1295.KL,13/11/2020,-0.051772,0.226599,0.49503,0.278371,0.5,0.0,0.5,0.305501,0.558001,2
1295.KL,13/11/2021,0.213404,0.22777,0.757864,0.014366,1.0,0.0,0.0,0.213404,0.757864,1
1295.KL,13/11/2022,0.02203,0.043286,0.935458,0.021256,0.0,1.0,0.0,0.02203,0.935458,1
1295.KL,13/11/2023,0.195299,0.210958,0.773383,0.015659,1.0,0.0,0.0,0.195299,0.773383,1
1295.KL,13/11/2024,-0.335554,0.217157,0.230133,0.552711,0.333333,0.0,0.666667,0.701046,0.82286,6
1295.KL,13/11/2025,-0.435508,0.16798,0.228532,0.603488,0.142857,0.142857,0.714286,0.631204,0.825084,7
1295.KL,13/12/2020,-0.242553,0.041501,0.674446,0.284053,0.0,0.0,1.0,0.242553,0.674446,1
1295.KL,13/12/2021,0.066729,0.496597,0.073535,0.429868,0.333333,0.0,0.666667,0.514363,0.720414,3
1295.KL,13/12/2022,-0.044561,0.236545,0.48235,0.281106,0.5,0.2,0.3,0.409786,0.774445,10
1295.KL,13/12/2023,-0.453021,0.090981,0.365017,0.544002,0.0,0.0,1.0,0.453021,0.712759,3
1295.KL,13/12/2024,0.149409,0.39728,0.354848,0.247872,0.75,0.0,0.25,0.574302,0.691943,4
1295.KL,13/12/2025,0.131231,0.489174,0.152884,0.357943,0.5,0.0,0.5,0.802705,0.824911,2
1295.KL,13/2/2020,-0.155931,0.221403,0.401264,0.377334,0.4,0.2,0.4,0.553553,0.835102,5
1295.KL,13/2/2021,0.062808,0.093527,0.875754,0.030719,0.0,1.0,0.0,0.062808,0.875754,1
1295.KL,13/2/2022,0.0,0.0,0.0,0.0,0.0,0.0,0.0,0.0,0.0,0
1295.KL,13/2/2023,-0.191169,0.138326,0.53218,0.329494,0.0,0.333333,0.666667,0.217634,0.629644,3
1295.KL,13/2/2024,0.048667,0.065368,0.91793,0.016701,0.0,1.0,0.0,0.048667,0.91793,2
1295.KL,13/2/2025,0.03496,0.060402,0.914155,0.025443,0.0,1.0,0.0,0.03496,0.914155,2
1295.KL,13/2/2026,0.504973,0.59098,0.323014,0.086006,1.0,0.0,0.0,0.504973,0.831655,3
1295.KL,13/3/2020,-0.168298,0.224575,0.382552,0.392873,0.333333,0.166667,0.5,0.474392,0.770438,6
1295.KL,13/3/2021,-0.536152,0.077832,0.308183,0.613985,0.142857,0.142857,0.714286,0.65099,0.832023,7
1295.KL,13/3/2022,0.177934,0.301317,0.575301,0.123383,1.0,0.0,0.0,0.177934,0.575301,1
1295.KL,13/3/2023,-0.506575,0.136217,0.220991,0.642792,0.2,0.2,0.6,0.574747,0.838471,5
1295.KL,13/3/2024,0.511371,0.556256,0.39886,0.044884,1.0,0.0,0.0,0.511371,0.779479,2
1295.KL,13/3/2025,0.343405,0.367894,0.607617,0.024489,0.666667,0.333333,0.0,0.356682,0.888835,3
1295.KL,13/3/2026,-0.127387,0.366315,0.139984,0.493702,0.5,0.0,0.5,0.80659,0.833303,6
1295.KL,13/4/2020,-0.272442,0.243474,0.24061,0.515916,0.5,0.0,0.5,0.651209,0.887198,4
1295.KL,13/4/2021,-0.381116,0.064078,0.490727,0.445194,0.166667,0.333333,0.5,0.481248,0.870949,6
1295.KL,13/4/2022,0.490265,0.533627,0.42301,0.043363,0.666667,0.333333,0.0,0.490265,0.803606,3
1295.KL,13/4/2023,0.475226,0.601669,0.271888,0.126443,0.75,0.25,0.0,0.494646,0.824402,4
1295.KL,13/4/2024,-0.171443,0.023178,0.7822,0.194621,0.0,0.0,1.0,0.171443,0.7822,1
1295.KL,13/4/2025,-0.101433,0.028678,0.841211,0.130111,0.0,0.5,0.5,0.108314,0.841211,2
1295.KL,13/5/2020,-0.639367,0.058567,0.243499,0.697934,0.166667,0.0,0.833333,0.68447,0.856699,6
1295.KL,13/5/2021,0.651015,0.680116,0.290783,0.029101,1.0,0.0,0.0,0.651015,0.680116,2
1295.KL,13/5/2022,0.002734,0.392385,0.217964,0.389651,0.571429,0.0,0.428571,0.726007,0.848974,7
1295.KL,13/5/2023,0.075982,0.130385,0.815211,0.054403,0.333333,0.666667,0.0,0.087751,0.815211,3
1295.KL,13/5/2024,-0.922344,0.011711,0.054235,0.934054,0.0,0.0,1.0,0.922344,0.934054,1
1295.KL,13/5/2025,0.635319,0.648284,0.338752,0.012964,0.666667,0.333333,0.0,0.635319,0.921453,3
1295.KL,13/6/2020,0.367516,0.425874,0.515769,0.058358,0.5,0.5,0.0,0.367516,0.848088,2
1295.KL,13/6/2021,0.0,0.0,0.0,0.0,0.0,0.0,0.0,0.0,0.0,0
1295.KL,13/6/2022,-0.471721,0.028265,0.471748,0.499987,0.0,0.5,0.5,0.477471,0.939388,2
1295.KL,13/6/2023,0.556204,0.636757,0.28269,0.080553,0.666667,0.0,0.333333,0.66578,0.890942,3
1295.KL,13/6/2024,-0.012824,0.349169,0.288838,0.361993,0.6,0.0,0.4,0.667623,0.773588,5
1295.KL,13/6/2025,0.03778,0.249509,0.538762,0.211729,0.333333,0.333333,0.333333,0.273391,0.714532,3
1295.KL,13/7/2020,-0.175804,0.151731,0.520734,0.327535,0.333333,0.333333,0.333333,0.446991,0.824645,3
1295.KL,13/7/2021,-0.541768,0.127804,0.202624,0.669572,0.285714,0.0,0.714286,0.754196,0.831876,7
1295.KL,13/7/2022,-0.697312,0.041152,0.220383,0.738465,0.0,0.0,1.0,0.697312,0.738465,1
1295.KL,13/7/2023,-0.277043,0.083924,0.555109,0.360967,0.333333,0.0,0.666667,0.383468,0.797981,3
1295.KL,13/7/2024,0.0,0.0,0.0,0.0,0.0,0.0,0.0,0.0,0.0,0
1295.KL,13/7/2025,0.224865,0.237898,0.749068,0.013033,1.0,0.0,0.0,0.224865,0.749068,1
1295.KL,13/8/2020,-0.521533,0.154408,0.16965,0.675942,0.125,0.125,0.75,0.59495,0.746949,8
1295.KL,13/8/2021,-0.218966,0.305393,0.170249,0.524358,0.5,0.0,0.5,0.526967,0.678359,2
1295.KL,13/8/2022,0.643216,0.685662,0.271892,0.042446,1.0,0.0,0.0,0.643216,0.712606,2
1295.KL,13/8/2023,0.171809,0.234008,0.703794,0.062198,0.5,0.5,0.0,0.259402,0.703794,2
1295.KL,13/8/2024,-0.349454,0.04427,0.562006,0.393724,0.0,0.5,0.5,0.349454,0.832807,4
1295.KL,13/8/2025,-0.068238,0.283487,0.364788,0.351725,0.2,0.4,0.4,0.372077,0.794504,5
1295.KL,13/9/2020,0.642339,0.649632,0.343074,0.007294,1.0,0.0,0.0,0.642339,0.649632,1
1295.KL,13/9/2021,-0.153956,0.193486,0.459071,0.347443,0.5,0.0,0.5,0.484724,0.697876,4
1295.KL,13/9/2022,-0.173326,0.181578,0.463519,0.354903,0.285714,0.285714,0.428571,0.445201,0.832604,7
1295.KL,13/9/2023,-0.258901,0.181183,0.378733,0.440084,0.2,0.4,0.4,0.541034,0.903986,5
1295.KL,13/9/2024,-0.507742,0.052753,0.386751,0.560496,0.0,0.0,1.0,0.507742,0.560496,2
1295.KL,13/9/2025,0.221371,0.554237,0.112898,0.332865,0.666667,0.0,0.333333,0.860194,0.873648,3
1295.KL,14/1/2020,-0.232038,0.105743,0.556476,0.337781,0.25,0.25,0.5,0.332023,0.787519,4
1295.KL,14/1/2021,0.359808,0.384244,0.591319,0.024437,0.666667,0.333333,0.0,0.359808,0.889827,3
1295.KL,14/1/2022,-0.26004,0.177317,0.385325,0.437358,0.0,0.5,0.5,0.260667,0.446049,2
1295.KL,14/1/2023,0.106776,0.336592,0.433593,0.229815,0.333333,0.333333,0.333333,0.512481,0.818756,3
1295.KL,14/1/2024,-0.840214,0.02426,0.111265,0.864474,0.0,0.0,1.0,0.840214,0.864474,1
1295.KL,14/1/2025,0.038316,0.285397,0.467522,0.247081,0.375,0.375,0.25,0.464538,0.824421,8
1295.KL,14/1/2026,-0.084683,0.32084,0.273638,0.405523,0.428571,0.142857,0.428571,0.64274,0.811496,7
1295.KL,14/10/2020,-0.1921,0.232226,0.343448,0.424326,0.333333,0.166667,0.5,0.583971,0.792502,6
1295.KL,14/10/2021,-0.508237,0.100573,0.290617,0.60881,0.142857,0.142857,0.714286,0.592559,0.824983,7
1295.KL,14/10/2022,-0.022005,0.32199,0.334015,0.343995,0.333333,0.333333,0.333333,0.519021,0.777931,6
1295.KL,14/10/2023,0.064251,0.278431,0.507389,0.21418,0.571429,0.285714,0.142857,0.332701,0.76119,7
1295.KL,14/10/2024,-0.144055,0.215702,0.424541,0.359757,0.4,0.2,0.4,0.437593,0.72148,10
1295.KL,14/10/2025,-0.320912,0.251334,0.17642,0.572246,0.25,0.0,0.75,0.773238,0.817546,4
1295.KL,14/11/2020,0.643573,0.701546,0.240481,0.057973,1.0,0.0,0.0,0.643573,0.781345,4
1295.KL,14/11/2021,0.0,0.0,0.0,0.0,0.0,0.0,0.0,0.0,0.0,0
1295.KL,14/11/2022,0.0,0.0,0.0,0.0,0.0,0.0,0.0,0.0,0.0,0
1295.KL,14/11/2023,-0.022105,0.280175,0.417545,0.30228,0.333333,0.333333,0.333333,0.548732,0.833576,3
1295.KL,14/11/2024,-0.077206,0.1963,0.530195,0.273506,0.0,0.5,0.5,0.135096,0.688878,2
1295.KL,14/11/2025,0.026507,0.311799,0.402908,0.285292,0.571429,0.142857,0.285714,0.512736,0.834097,7
1295.KL,14/12/2020,0.387018,0.48188,0.423257,0.094863,0.5,0.333333,0.166667,0.445992,0.773194,6
1295.KL,14/12/2021,0.14291,0.315034,0.512842,0.172124,0.25,0.25,0.5,0.345095,0.770331,4
1295.KL,14/12/2022,-0.446131,0.13292,0.288029,0.579051,0.333333,0.0,0.666667,0.676172,0.788644,3
1295.KL,14/12/2023,0.476672,0.554898,0.366876,0.078226,1.0,0.0,0.0,0.476672,0.554898,1
1295.KL,14/12/2024,-0.381738,0.05163,0.515001,0.433368,0.166667,0.166667,0.666667,0.432857,0.801815,6
1295.KL,14/12/2025,0.0,0.0,0.0,0.0,0.0,0.0,0.0,0.0,0.0,0
1295.KL,14/2/2020,-0.393325,0.209179,0.188316,0.602504,0.2,0.2,0.6,0.66354,0.848797,5
1295.KL,14/2/2021,0.121391,0.155701,0.809989,0.03431,0.333333,0.666667,0.0,0.121391,0.809989,3
1295.KL,14/2/2022,-0.587458,0.039522,0.333497,0.626981,0.0,0.333333,0.666667,0.593087,0.90558,3
1295.KL,14/2/2023,0.184007,0.374543,0.434922,0.190535,0.5,0.0,0.5,0.460715,0.671183,4
1295.KL,14/2/2024,-0.036466,0.323408,0.316717,0.359874,0.333333,0.333333,0.333333,0.597829,0.917046,3
1295.KL,14/2/2025,0.443668,0.480881,0.481907,0.037213,0.5,0.5,0.0,0.462995,0.931955,2
1295.KL,14/2/2026,0.0,0.0,0.0,0.0,0.0,0.0,0.0,0.0,0.0,0
1295.KL,14/3/2020,-0.898252,0.031506,0.038736,0.929758,0.0,0.0,1.0,0.898252,0.929758,2
1295.KL,14/3/2021,0.751289,0.765565,0.220159,0.014276,1.0,0.0,0.0,0.751289,0.765565,2
1295.KL,14/3/2022,0.569891,0.613126,0.343639,0.043235,0.75,0.25,0.0,0.580099,0.838187,4
1295.KL,14/3/2023,-0.552385,0.019961,0.407693,0.572346,0.0,0.333333,0.666667,0.552385,0.868999,3
1295.KL,14/3/2024,-0.002514,0.290573,0.41634,0.293087,0.75,0.0,0.25,0.409395,0.665842,4
1295.KL,14/3/2025,0.065033,0.161945,0.741143,0.096912,0.333333,0.333333,0.333333,0.158054,0.741143,3
1295.KL,14/3/2026,0.053553,0.156131,0.741291,0.102578,0.5,0.333333,0.166667,0.220718,0.764662,6
1295.KL,14/4/2020,0.429639,0.450691,0.528258,0.021052,0.5,0.5,0.0,0.429639,0.871119,4
1295.KL,14/4/2021,-0.049402,0.232024,0.48655,0.281426,0.333333,0.333333,0.333333,0.427125,0.830834,12
1295.KL,14/4/2022,0.134316,0.538518,0.05728,0.404202,0.666667,0.0,0.333333,0.745616,0.844168,3
1295.KL,14/4/2023,-0.001647,0.057659,0.883035,0.059306,0.0,1.0,0.0,0.001647,0.883035,1
1295.KL,14/4/2024,-0.054119,0.136331,0.673219,0.19045,0.0,0.5,0.5,0.138238,0.673219,2
1295.KL,14/4/2025,0.396157,0.414867,0.566423,0.01871,0.5,0.5,0.0,0.396157,0.858443,2
1295.KL,14/5/2020,0.38954,0.581209,0.227123,0.191669,0.666667,0.166667,0.166667,0.60896,0.690918,6
1295.KL,14/5/2021,-0.277236,0.308284,0.106196,0.58552,0.333333,0.0,0.666667,0.74901,0.821407,3
1295.KL,14/5/2022,0.529609,0.569725,0.390159,0.040116,0.666667,0.333333,0.0,0.54341,0.868461,3
1295.KL,14/5/2023,0.0,0.0,0.0,0.0,0.0,0.0,0.0,0.0,0.0,0
1295.KL,14/5/2024,-0.290964,0.115715,0.477605,0.406679,0.285714,0.142857,0.571429,0.428196,0.789793,7
1295.KL,14/5/2025,-0.07907,0.325221,0.270488,0.404291,0.5,0.0,0.5,0.69668,0.79588,4
1295.KL,14/6/2020,0.0,0.0,0.0,0.0,0.0,0.0,0.0,0.0,0.0,0
1295.KL,14/6/2021,0.18505,0.33661,0.511831,0.15156,0.5,0.375,0.125,0.397456,0.792648,8
1295.KL,14/6/2022,-0.401427,0.093194,0.412186,0.49462,0.25,0.0,0.75,0.538155,0.841037,4
1295.KL,14/6/2023,0.209558,0.398473,0.412613,0.188915,0.5,0.333333,0.166667,0.412128,0.788506,6
1295.KL,14/6/2024,0.126492,0.353649,0.419194,0.227157,0.5,0.25,0.25,0.539026,0.816931,4
1295.KL,14/6/2025,-0.165707,0.104329,0.625635,0.270036,0.333333,0.333333,0.333333,0.333753,0.807959,3
1295.KL,14/7/2020,0.852818,0.890455,0.071909,0.037636,1.0,0.0,0.0,0.852818,0.890455,1
1295.KL,14/7/2021,0.185596,0.395704,0.394189,0.210107,0.333333,0.333333,0.333333,0.426392,0.702171,6
1295.KL,14/7/2022,-0.510172,0.04205,0.405729,0.552221,0.0,0.0,1.0,0.510172,0.828189,2
1295.KL,14/7/2023,0.110747,0.220734,0.669279,0.109987,0.333333,0.5,0.166667,0.251734,0.815908,6
1295.KL,14/7/2024,-0.776997,0.022104,0.178795,0.799101,0.0,0.0,1.0,0.776997,0.799101,1
1295.KL,14/7/2025,-0.516831,0.053499,0.376171,0.57033,0.0,0.333333,0.666667,0.516831,0.785805,3
1295.KL,14/8/2020,-0.192161,0.267958,0.271922,0.460119,0.25,0.25,0.5,0.570785,0.789625,4
1295.KL,14/8/2021,0.0,0.0,0.0,0.0,0.0,0.0,0.0,0.0,0.0,0
1295.KL,14/8/2022,-0.474887,0.023083,0.478948,0.497969,0.0,0.5,0.5,0.474887,0.938862,2
1295.KL,14/8/2023,-0.381535,0.089665,0.439135,0.4712,0.5,0.0,0.5,0.500044,0.896241,2
1295.KL,14/8/2024,-0.25807,0.26903,0.203871,0.5271,0.4,0.0,0.6,0.71475,0.83688,5
1295.KL,14/8/2025,-0.024873,0.329544,0.316038,0.354418,0.666667,0.0,0.333333,0.583005,0.875724,3
1295.KL,14/9/2020,-0.380406,0.145279,0.329037,0.525684,0.333333,0.0,0.666667,0.625004,0.725628,3
1295.KL,14/9/2021,-0.330937,0.094644,0.479775,0.425581,0.0,0.5,0.5,0.38551,0.854229,6
1295.KL,14/9/2022,-0.41973,0.140148,0.299975,0.559878,0.25,0.0,0.75,0.507102,0.748716,4
1295.KL,14/9/2023,-0.518954,0.166143,0.148759,0.685097,0.2,0.0,0.8,0.61399,0.732615,5
1295.KL,14/9/2024,0.215918,0.228186,0.759546,0.012268,1.0,0.0,0.0,0.215918,0.759546,1
1295.KL,14/9/2025,-0.60869,0.059153,0.273005,0.667843,0.0,0.0,1.0,0.60869,0.717044,3
1295.KL,15/1/2020,-0.254937,0.063998,0.617066,0.318935,0.0,0.5,0.5,0.336002,0.745777,2
1295.KL,15/1/2021,-0.353542,0.030191,0.586076,0.383733,0.0,0.5,0.5,0.353542,0.827235,4
1295.KL,15/1/2022,0.069981,0.081257,0.907466,0.011276,0.0,1.0,0.0,0.069981,0.907466,2
1295.KL,15/1/2023,-0.591604,0.01924,0.369917,0.610843,0.0,0.25,0.75,0.591604,0.807326,4
1295.KL,15/1/2024,-0.210067,0.113521,0.56289,0.323589,0.333333,0.333333,0.333333,0.389971,0.846427,3
1295.KL,15/1/2025,-0.368811,0.108833,0.413523,0.477644,0.111111,0.333333,0.555556,0.521864,0.81278,9
1295.KL,15/1/2026,-0.270879,0.038693,0.651735,0.309572,0.0,0.4,0.6,0.294935,0.840881,5
1295.KL,15/10/2020,0.065125,0.385591,0.293943,0.320466,0.5,0.166667,0.333333,0.561904,0.845105,6
1295.KL,15/10/2021,-0.115155,0.025392,0.834061,0.140547,0.0,0.5,0.5,0.115155,0.834061,2
1295.KL,15/10/2022,0.290424,0.614665,0.061094,0.324241,0.666667,0.0,0.333333,0.853324,0.896115,3
1295.KL,15/10/2023,-0.305992,0.032285,0.629439,0.338276,0.0,0.0,1.0,0.305992,0.629439,1
1295.KL,15/10/2024,0.348051,0.583213,0.181626,0.235161,0.625,0.125,0.25,0.750956,0.895988,8
1295.KL,15/10/2025,-0.081516,0.244931,0.428622,0.326447,0.333333,0.333333,0.333333,0.542236,0.837223,3
1295.KL,15/11/2020,0.085075,0.377443,0.330189,0.292368,0.5,0.0,0.5,0.32066,0.515718,2
1295.KL,15/11/2021,-0.008041,0.380336,0.231287,0.388377,0.4,0.2,0.4,0.739661,0.904526,5
1295.KL,15/11/2022,0.0,0.0,0.0,0.0,0.0,0.0,0.0,0.0,0.0,0
1295.KL,15/11/2023,-0.701062,0.018901,0.261136,0.719963,0.0,0.0,1.0,0.701062,0.719963,1
1295.KL,15/11/2024,-0.007787,0.030612,0.930989,0.038399,0.0,1.0,0.0,0.007787,0.930989,1
1295.KL,15/11/2025,-0.018238,0.225647,0.530468,0.243885,0.428571,0.285714,0.285714,0.29178,0.71069,7
1295.KL,15/12/2020,-0.069113,0.391707,0.147473,0.46082,0.5,0.0,0.5,0.81146,0.831993,2
1295.KL,15/12/2021,-0.586447,0.062605,0.288342,0.649053,0.0,0.166667,0.833333,0.586447,0.799863,6
1295.KL,15/12/2022,-0.317054,0.091613,0.499721,0.408667,0.0,0.5,0.5,0.339419,0.857203,4
1295.KL,15/12/2023,0.275234,0.529487,0.21626,0.254253,0.6,0.2,0.2,0.680957,0.864108,5
1295.KL,15/12/2024,-0.812166,0.021521,0.144792,0.833687,0.0,0.0,1.0,0.812166,0.833687,2
1295.KL,15/12/2025,0.250502,0.334828,0.580845,0.084327,0.333333,0.333333,0.333333,0.373433,0.869515,3
1295.KL,15/2/2020,-0.347377,0.261333,0.129958,0.608709,0.333333,0.0,0.666667,0.785914,0.827978,3
1295.KL,15/2/2021,-0.513756,0.027619,0.431006,0.541375,0.0,0.0,1.0,0.513756,0.541375,1
1295.KL,15/2/2022,0.256189,0.349774,0.556641,0.093585,0.333333,0.333333,0.333333,0.371896,0.851503,3
1295.KL,15/2/2023,0.127016,0.391301,0.344415,0.264284,0.25,0.25,0.5,0.354595,0.716525,4
1295.KL,15/2/2024,0.197617,0.345773,0.506071,0.148156,0.5,0.333333,0.166667,0.438303,0.883032,6
1295.KL,15/2/2025,0.271219,0.291709,0.6878,0.020491,0.5,0.5,0.0,0.27414,0.888163,4
1295.KL,15/2/2026,-0.430869,0.048222,0.472687,0.479091,0.0,0.5,0.5,0.469126,0.918763,2
1295.KL,15/3/2020,0.494203,0.510791,0.47262,0.016589,1.0,0.0,0.0,0.494203,0.866396,2
1295.KL,15/3/2021,0.397329,0.459922,0.477485,0.062593,0.5,0.5,0.0,0.471043,0.861344,4
1295.KL,15/3/2022,-0.44907,0.088815,0.373301,0.537885,0.4,0.0,0.6,0.587045,0.852064,5
1295.KL,15/3/2023,-0.943134,0.011565,0.033737,0.954698,0.0,0.0,1.0,0.943134,0.954698,1
1295.KL,15/3/2024,-0.364767,0.048724,0.537785,0.413491,0.2,0.4,0.4,0.414412,0.899785,5
1295.KL,15/3/2025,-0.224853,0.268902,0.237342,0.493755,0.25,0.0,0.75,0.561167,0.661912,4
1295.KL,15/3/2026,-0.150076,0.120394,0.609135,0.27047,0.0,0.5,0.5,0.150898,0.725072,2
1295.KL,15/4/2020,-0.361287,0.032581,0.573551,0.393868,0.0,0.333333,0.666667,0.37307,0.846392,3
1295.KL,15/4/2021,-0.018595,0.087991,0.805423,0.106586,0.2,0.6,0.2,0.101082,0.805423,5
1295.KL,15/4/2022,0.130531,0.165653,0.799224,0.035122,0.5,0.5,0.0,0.166306,0.799224,2
1295.KL,15/4/2023,-0.684366,0.024262,0.26711,0.708628,0.0,0.0,1.0,0.684366,0.708628,2
1295.KL,15/4/2024,-0.244194,0.244908,0.26599,0.489102,0.25,0.25,0.5,0.70171,0.939938,4
1295.KL,15/4/2025,0.05352,0.283413,0.486694,0.229893,0.5,0.25,0.25,0.462815,0.828343,4
1295.KL,15/5/2020,0.319164,0.496032,0.327101,0.176867,0.333333,0.666667,0.0,0.328517,0.784336,3
1295.KL,15/5/2021,0.017084,0.035955,0.945174,0.018871,0.0,1.0,0.0,0.017084,0.945174,1
1295.KL,15/5/2022,-0.16171,0.229105,0.380081,0.390814,0.333333,0.333333,0.333333,0.416483,0.810097,3
1295.KL,15/5/2023,0.300128,0.370997,0.558135,0.070868,0.6,0.4,0.0,0.329675,0.755481,5
1295.KL,15/5/2024,0.0,0.0,0.0,0.0,0.0,0.0,0.0,0.0,0.0,0
1295.KL,15/5/2025,0.154047,0.34479,0.464467,0.190743,0.333333,0.5,0.166667,0.433046,0.840237,6
1295.KL,15/6/2020,-0.940303,0.015389,0.028919,0.955692,0.0,0.0,1.0,0.940303,0.955692,3
1295.KL,15/6/2021,-0.176178,0.248885,0.326052,0.425063,0.5,0.0,0.5,0.61958,0.727347,6
1295.KL,15/6/2022,-0.689182,0.022521,0.265775,0.711703,0.0,0.25,0.75,0.689182,0.930043,4
1295.KL,15/6/2023,-0.852447,0.02788,0.091794,0.880326,0.0,0.0,1.0,0.852447,0.880326,3
1295.KL,15/6/2024,0.387136,0.424743,0.537651,0.037606,0.666667,0.333333,0.0,0.425591,0.715299,3
1295.KL,15/6/2025,0.574996,0.616044,0.342908,0.041048,1.0,0.0,0.0,0.574996,0.616044,1
1295.KL,15/7/2020,-0.139535,0.294249,0.271966,0.433784,0.25,0.25,0.5,0.605477,0.873701,4
1295.KL,15/7/2021,-0.808196,0.039698,0.112408,0.847894,0.0,0.0,1.0,0.808196,0.847894,4
1295.KL,15/7/2022,0.030599,0.316944,0.396711,0.286345,0.571429,0.142857,0.285714,0.486979,0.710457,7
1295.KL,15/7/2023,-0.905911,0.014168,0.065754,0.920078,0.0,0.0,1.0,0.905911,0.920078,2
1295.KL,15/7/2024,-0.028307,0.282705,0.406283,0.311012,0.333333,0.333333,0.333333,0.566991,0.881437,3
1295.KL,15/7/2025,0.195289,0.247345,0.700599,0.052056,0.5,0.5,0.0,0.230129,0.82576,4
1295.KL,15/8/2020,-0.049048,0.226824,0.497304,0.275872,0.333333,0.0,0.666667,0.362862,0.539321,3
1295.KL,15/8/2021,-0.646744,0.024544,0.304168,0.671288,0.0,0.0,1.0,0.646744,0.847778,3
1295.KL,15/8/2022,0.608558,0.667347,0.273864,0.058789,0.75,0.0,0.25,0.659304,0.862771,4
1295.KL,15/8/2023,0.49126,0.669263,0.152735,0.178002,0.75,0.0,0.25,0.597455,0.72236,4
1295.KL,15/8/2024,0.002817,0.078683,0.84545,0.075867,0.333333,0.666667,0.0,0.071616,0.84545,3
1295.KL,15/8/2025,0.039256,0.351396,0.336465,0.312139,0.5,0.166667,0.333333,0.6194,0.887265,6
1295.KL,15/9/2020,0.068354,0.472648,0.123057,0.404294,0.5,0.0,0.5,0.779035,0.827989,2
1295.KL,15/9/2021,0.153684,0.165851,0.821982,0.012167,0.5,0.5,0.0,0.153684,0.821982,2
1295.KL,15/9/2022,-0.021452,0.109092,0.760365,0.130544,0.333333,0.5,0.166667,0.172412,0.797789,6
1295.KL,15/9/2023,0.597146,0.624931,0.347284,0.027785,0.666667,0.333333,0.0,0.597146,0.888572,3
1295.KL,15/9/2024,-0.398196,0.028876,0.544051,0.427072,0.0,0.0,1.0,0.398196,0.544051,1
1295.KL,15/9/2025,0.000584,0.473128,0.054327,0.472545,0.5,0.0,0.5,0.922211,0.933942,2
1295.KL,16/1/2020,0.497649,0.551617,0.394415,0.053968,1.0,0.0,0.0,0.497649,0.829826,2
1295.KL,16/1/2021,-0.027922,0.03686,0.898358,0.064782,0.0,1.0,0.0,0.027922,0.898358,1
1295.KL,16/1/2022,0.20624,0.453046,0.300148,0.246806,0.428571,0.285714,0.285714,0.593495,0.857931,7
1295.KL,16/1/2023,-0.083477,0.168943,0.578638,0.252419,0.0,0.5,0.5,0.150725,0.683873,2
1295.KL,16/1/2024,-0.208906,0.213954,0.363185,0.422861,0.25,0.25,0.5,0.607247,0.815854,4
1295.KL,16/1/2025,-0.358386,0.082207,0.477201,0.440592,0.25,0.25,0.5,0.478137,0.84451,4
1295.KL,16/1/2026,0.571767,0.666974,0.237819,0.095207,0.666667,0.333333,0.0,0.613266,0.818351,3
1295.KL,16/10/2020,-0.578702,0.037225,0.346849,0.615926,0.0,0.0,1.0,0.578702,0.793992,4
1295.KL,16/10/2021,0.0,0.0,0.0,0.0,0.0,0.0,0.0,0.0,0.0,0
1295.KL,16/10/2022,0.41103,0.5946,0.22183,0.18357,0.666667,0.0,0.333333,0.65561,0.71689,3
1295.KL,16/10/2023,0.157185,0.208586,0.740013,0.051401,1.0,0.0,0.0,0.157185,0.740013,1
1295.KL,16/10/2024,-0.297951,0.203791,0.294467,0.501742,0.2,0.2,0.6,0.627381,0.830586,5
1295.KL,16/10/2025,-0.345936,0.095546,0.462971,0.441483,0.0,0.5,0.5,0.425596,0.77137,2
1295.KL,16/11/2020,0.055027,0.093947,0.867133,0.03892,0.5,0.5,0.0,0.091298,0.867133,2
1295.KL,16/11/2021,0.101672,0.331817,0.438039,0.230144,0.5,0.25,0.25,0.513174,0.84169,4
1295.KL,16/11/2022,-0.39394,0.093401,0.419257,0.487341,0.0,0.0,1.0,0.39394,0.802231,2
1295.KL,16/11/2023,0.055079,0.314705,0.42567,0.259625,0.333333,0.333333,0.333333,0.513282,0.835357,3
1295.KL,16/11/2024,-0.390355,0.078657,0.452331,0.469012,0.333333,0.0,0.666667,0.497949,0.748557,3
1295.KL,16/11/2025,0.06813,0.331401,0.405328,0.263271,0.5,0.25,0.25,0.544123,0.862438,4
1295.KL,16/12/2020,0.272683,0.467581,0.33752,0.194898,0.571429,0.142857,0.285714,0.579428,0.829319,7
1295.KL,16/12/2021,0.2553,0.477833,0.299634,0.222533,0.6,0.2,0.2,0.601381,0.828363,5
1295.KL,16/12/2022,-0.311236,0.190665,0.307434,0.501901,0.25,0.25,0.5,0.596058,0.863619,4
1295.KL,16/12/2023,0.326988,0.626373,0.074242,0.299385,0.666667,0.0,0.333333,0.880131,0.902944,3
1295.KL,16/12/2024,0.602432,0.64957,0.303292,0.047138,1.0,0.0,0.0,0.602432,0.747557,4
1295.KL,16/12/2025,0.190798,0.479799,0.231199,0.289001,0.5,0.25,0.25,0.708231,0.912663,4
1295.KL,16/2/2020,0.311678,0.329908,0.651861,0.01823,1.0,0.0,0.0,0.311678,0.651861,1
1295.KL,16/2/2021,0.331984,0.344528,0.642928,0.012544,1.0,0.0,0.0,0.331984,0.821532,3
1295.KL,16/2/2022,0.388882,0.397136,0.59461,0.008254,1.0,0.0,0.0,0.388882,0.59461,1
1295.KL,16/2/2023,0.245961,0.42206,0.401841,0.176099,0.833333,0.0,0.166667,0.556767,0.816094,6
1295.KL,16/2/2024,0.880196,0.905336,0.069523,0.02514,1.0,0.0,0.0,0.880196,0.905336,2
1295.KL,16/2/2025,0.348908,0.374121,0.600667,0.025213,0.666667,0.333333,0.0,0.353944,0.777437,6
1295.KL,16/2/2026,-0.227675,0.100903,0.570518,0.328579,0.333333,0.333333,0.333333,0.388472,0.867955,3
1295.KL,16/3/2020,-0.461842,0.115298,0.307561,0.57714,0.166667,0.166667,0.666667,0.566314,0.75552,6
1295.KL,16/3/2021,0.191687,0.42998,0.331726,0.238294,0.5,0.0,0.5,0.602987,0.645023,2
1295.KL,16/3/2022,0.441486,0.475235,0.491016,0.033749,0.5,0.5,0.0,0.462876,0.925698,2
1295.KL,16/3/2023,-0.683272,0.068012,0.180703,0.751285,0.0,0.0,1.0,0.683272,0.751285,4
1295.KL,16/3/2024,-0.057786,0.062233,0.817748,0.120019,0.0,0.666667,0.333333,0.121616,0.817748,3
1295.KL,16/3/2025,0.350959,0.366651,0.617656,0.015693,1.0,0.0,0.0,0.350959,0.68155,2
1295.KL,16/3/2026,-0.948599,0.012107,0.027187,0.960706,0.0,0.0,1.0,0.948599,0.960706,2
1295.KL,16/4/2020,0.243528,0.561081,0.121365,0.317553,0.666667,0.0,0.333333,0.813743,0.846189,6
1295.KL,16/4/2021,0.06109,0.349887,0.361316,0.288797,0.333333,0.333333,0.333333,0.454667,0.741619,9
1295.KL,16/4/2022,-0.282604,0.042724,0.631948,0.325328,0.0,0.5,0.5,0.302755,0.868264,4
1295.KL,16/4/2023,-0.054983,0.144354,0.656309,0.199337,0.0,1.0,0.0,0.054983,0.656309,1
1295.KL,16/4/2024,-0.182034,0.156661,0.504643,0.338695,0.333333,0.166667,0.5,0.448764,0.793025,6
1295.KL,16/4/2025,-0.640379,0.15113,0.057361,0.791509,0.0,0.0,1.0,0.640379,0.791509,1
1295.KL,16/5/2020,0.282453,0.305311,0.671831,0.022858,0.5,0.5,0.0,0.282453,0.898877,4
1295.KL,16/5/2021,0.0,0.0,0.0,0.0,0.0,0.0,0.0,0.0,0.0,0
1295.KL,16/5/2022,-0.311624,0.031214,0.625947,0.342839,0.0,0.666667,0.333333,0.325053,0.938711,3
1295.KL,16/5/2023,-0.062132,0.332167,0.273534,0.394299,0.5,0.1,0.4,0.640628,0.807023,10
1295.KL,16/5/2024,0.586907,0.607548,0.371811,0.020641,1.0,0.0,0.0,0.586907,0.607548,1
1295.KL,16/5/2025,-0.203817,0.268917,0.258349,0.472734,0.2,0.2,0.6,0.562382,0.835213,5
1295.KL,16/6/2020,0.268455,0.293282,0.681892,0.024826,0.333333,0.666667,0.0,0.269267,0.852362,3
1295.KL,16/6/2021,-0.103858,0.16907,0.558002,0.272928,0.333333,0.333333,0.333333,0.308352,0.680632,6
1295.KL,16/6/2022,-0.174376,0.180886,0.463851,0.355263,0.125,0.375,0.5,0.410814,0.866259,8
1295.KL,16/6/2023,-0.658981,0.141862,0.057295,0.800843,0.0,0.333333,0.666667,0.658981,0.800843,3
1295.KL,16/6/2024,0.013772,0.041206,0.93136,0.027434,0.0,1.0,0.0,0.032194,0.93136,2
1295.KL,16/6/2025,0.31766,0.340193,0.637274,0.022533,0.75,0.25,0.0,0.325347,0.801376,4
1295.KL,16/7/2020,-0.154612,0.280794,0.2838,0.435406,0.333333,0.166667,0.5,0.557334,0.805864,6
1295.KL,16/7/2021,-0.429923,0.066991,0.436095,0.496914,0.0,0.428571,0.571429,0.452511,0.85978,7
1295.KL,16/7/2022,-0.550223,0.04186,0.366056,0.592083,0.0,0.333333,0.666667,0.59271,0.887434,3
1295.KL,16/7/2023,0.0,0.0,0.0,0.0,0.0,0.0,0.0,0.0,0.0,0
1295.KL,16/7/2024,0.057022,0.299879,0.457264,0.242857,0.428571,0.285714,0.285714,0.490242,0.848964,7
1295.KL,16/7/2025,0.196057,0.315585,0.564886,0.119528,0.6,0.4,0.0,0.243727,0.619416,5
1295.KL,16/8/2020,-0.305889,0.202165,0.28978,0.508054,0.5,0.0,0.5,0.567428,0.69396,2
1295.KL,16/8/2021,0.283076,0.315183,0.652709,0.032107,0.75,0.25,0.0,0.283076,0.835638,4
1295.KL,16/8/2022,0.356296,0.381561,0.593175,0.025264,0.5,0.5,0.0,0.372599,0.833148,2
1295.KL,16/8/2023,0.057667,0.396616,0.264435,0.338949,0.6,0.0,0.4,0.568608,0.789879,5
1295.KL,16/8/2024,0.371668,0.514235,0.343199,0.142566,0.666667,0.0,0.333333,0.592855,0.673665,3
1295.KL,16/8/2025,-0.148208,0.247308,0.357176,0.395516,0.166667,0.5,0.333333,0.478742,0.850933,6
1295.KL,16/9/2020,-0.617642,0.052137,0.278084,0.669779,0.0,0.25,0.75,0.641099,0.851726,4
1295.KL,16/9/2021,0.191771,0.220289,0.751192,0.028518,0.75,0.25,0.0,0.209463,0.751192,4
1295.KL,16/9/2022,-0.569247,0.024577,0.381599,0.593824,0.0,0.333333,0.666667,0.58543,0.897408,3
1295.KL,16/9/2023,0.148452,0.368527,0.411398,0.220075,0.4,0.4,0.2,0.531955,0.89363,5
1295.KL,16/9/2024,0.079838,0.204519,0.6708,0.124681,0.25,0.5,0.25,0.287464,0.751234,4
1295.KL,16/9/2025,-0.12362,0.28523,0.30592,0.40885,0.4,0.0,0.6,0.517059,0.749398,5
1295.KL,17/1/2020,-0.332981,0.052551,0.561917,0.385532,0.0,0.5,0.5,0.398659,0.838909,2
1295.KL,17/1/2021,0.917037,0.930354,0.056329,0.013317,1.0,0.0,0.0,0.917037,0.930354,1
1295.KL,17/1/2022,-0.935265,0.00907,0.046596,0.944334,0.0,0.0,1.0,0.935265,0.944334,1
1295.KL,17/1/2023,-0.214955,0.065928,0.65319,0.280883,0.0,0.5,0.5,0.237025,0.709022,2
1295.KL,17/1/2024,-0.108651,0.146692,0.597966,0.255342,0.333333,0.333333,0.333333,0.272312,0.745011,3
1295.KL,17/1/2025,-0.930831,0.010795,0.047579,0.941626,0.0,0.0,1.0,0.930831,0.941626,1
1295.KL,17/1/2026,-0.294822,0.041511,0.622156,0.336333,0.0,0.5,0.5,0.294822,0.825107,4
1295.KL,17/10/2020,0.19718,0.448499,0.300182,0.251319,0.5,0.25,0.25,0.628899,0.81899,4
1295.KL,17/10/2021,0.0,0.0,0.0,0.0,0.0,0.0,0.0,0.0,0.0,0
1295.KL,17/10/2022,0.254547,0.445624,0.363298,0.191077,0.8,0.0,0.2,0.576003,0.850693,5
1295.KL,17/10/2023,-0.402351,0.135035,0.327579,0.537386,0.0,0.0,1.0,0.402351,0.616444,3
1295.KL,17/10/2024,-0.026615,0.260667,0.45205,0.287282,0.285714,0.428571,0.285714,0.367163,0.772462,7
1295.KL,17/10/2025,-0.787202,0.031355,0.150089,0.818557,0.0,0.0,1.0,0.787202,0.818557,1
1295.KL,17/11/2020,0.694572,0.713132,0.268307,0.01856,0.75,0.25,0.0,0.694572,0.918801,4
1295.KL,17/11/2021,0.189465,0.270538,0.648389,0.081073,0.8,0.0,0.2,0.262992,0.684133,5
1295.KL,17/11/2022,-0.824272,0.030199,0.11533,0.854471,0.0,0.0,1.0,0.824272,0.854471,4
1295.KL,17/11/2023,-0.708666,0.071911,0.147512,0.780577,0.0,0.0,1.0,0.708666,0.780577,2
1295.KL,17/11/2024,0.116988,0.175665,0.765657,0.058678,0.333333,0.666667,0.0,0.145757,0.765657,3
1295.KL,17/11/2025,0.336248,0.390669,0.55491,0.054421,0.8,0.2,0.0,0.342132,0.768339,5
1295.KL,17/12/2020,0.420836,0.554776,0.311284,0.13394,0.666667,0.166667,0.166667,0.559315,0.712912,6
1295.KL,17/12/2021,-0.315978,0.168642,0.346738,0.48462,0.5,0.0,0.5,0.6177,0.807016,2
1295.KL,17/12/2022,0.120473,0.361543,0.397388,0.241069,0.625,0.125,0.25,0.46187,0.719313,8
1295.KL,17/12/2023,-0.373827,0.078117,0.469938,0.451944,0.0,0.5,0.5,0.442266,0.889042,2
1295.KL,17/12/2024,-0.589091,0.059066,0.292777,0.648157,0.333333,0.0,0.666667,0.671924,0.915395,3
1295.KL,17/12/2025,0.264362,0.403022,0.458319,0.13866,0.714286,0.142857,0.142857,0.505284,0.799366,7
1295.KL,17/2/2020,-0.326808,0.105076,0.463039,0.431884,0.285714,0.142857,0.571429,0.486119,0.804941,7
1295.KL,17/2/2021,-0.356378,0.099472,0.444677,0.455851,0.0,0.25,0.75,0.387463,0.778246,4
1295.KL,17/2/2022,0.014884,0.114773,0.785339,0.099888,0.4,0.4,0.2,0.135248,0.785339,5
1295.KL,17/2/2023,-0.07463,0.204514,0.516342,0.279144,0.666667,0.0,0.333333,0.44578,0.753548,6
1295.KL,17/2/2024,0.251474,0.483857,0.283761,0.232383,0.5,0.0,0.5,0.673559,0.741736,2
1295.KL,17/2/2025,0.433323,0.443731,0.545861,0.010408,0.5,0.5,0.0,0.433323,0.861896,2
1295.KL,17/2/2026,-0.031635,0.356465,0.255434,0.3881,0.6,0.0,0.4,0.593455,0.813783,5
1295.KL,17/3/2020,-0.39909,0.06161,0.47769,0.4607,0.166667,0.333333,0.5,0.452098,0.848746,6
1295.KL,17/3/2021,0.125948,0.133743,0.858462,0.007795,1.0,0.0,0.0,0.125948,0.858462,1
1295.KL,17/3/2022,0.166405,0.333424,0.499557,0.167019,0.428571,0.428571,0.142857,0.446164,0.86899,7
1295.KL,17/3/2023,0.031678,0.333861,0.363955,0.302183,0.333333,0.333333,0.333333,0.556566,0.891074,3
1295.KL,17/3/2024,0.373279,0.383001,0.607278,0.009721,1.0,0.0,0.0,0.373279,0.607278,1
1295.KL,17/3/2025,0.340625,0.350596,0.639433,0.009971,1.0,0.0,0.0,0.340625,0.690941,2
1295.KL,17/3/2026,0.095198,0.321277,0.452645,0.226079,0.75,0.0,0.25,0.414785,0.651597,4
1295.KL,17/4/2020,-0.109616,0.169701,0.550981,0.279318,0.142857,0.428571,0.428571,0.381387,0.877603,7
1295.KL,17/4/2021,0.142455,0.247697,0.647061,0.105242,0.333333,0.666667,0.0,0.153049,0.776437,3
1295.KL,17/4/2022,-0.020209,0.024875,0.93004,0.045084,0.0,1.0,0.0,0.020209,0.93004,1
1295.KL,17/4/2023,0.593183,0.607861,0.377461,0.014678,1.0,0.0,0.0,0.593183,0.607861,1
1295.KL,17/4/2024,0.328455,0.585593,0.157269,0.257138,0.75,0.0,0.25,0.810131,0.826431,4
1295.KL,17/4/2025,0.028596,0.191446,0.645704,0.16285,0.285714,0.571429,0.142857,0.306073,0.911673,7
1295.KL,17/5/2020,0.863175,0.877077,0.10902,0.013902,1.0,0.0,0.0,0.863175,0.877077,1
1295.KL,17/5/2021,-0.229741,0.204502,0.361255,0.434243,0.5,0.0,0.5,0.504474,0.782992,2
1295.KL,17/5/2022,0.349921,0.528275,0.293372,0.178354,0.666667,0.0,0.333333,0.640052,0.675256,3
1295.KL,17/5/2023,-0.712713,0.063478,0.16033,0.776192,0.0,0.0,1.0,0.712713,0.788436,5
1295.KL,17/5/2024,0.138544,0.489641,0.159262,0.351097,0.5,0.0,0.5,0.778881,0.80981,2
1295.KL,17/5/2025,-0.010329,0.231455,0.526761,0.241784,0.4,0.4,0.2,0.364314,0.853431,5
1295.KL,17/6/2020,0.07245,0.318254,0.435941,0.245804,0.5,0.0,0.5,0.518683,0.828679,4
1295.KL,17/6/2021,-0.944424,0.016185,0.023206,0.960609,0.0,0.0,1.0,0.944424,0.960609,1
1295.KL,17/6/2022,0.035694,0.178769,0.678156,0.143075,0.333333,0.333333,0.333333,0.274055,0.678156,3
1295.KL,17/6/2023,0.249382,0.319257,0.610867,0.069875,0.5,0.5,0.0,0.287864,0.829627,4
1295.KL,17/6/2024,-0.214194,0.172685,0.440436,0.386879,0.0,0.0,1.0,0.214194,0.440436,1
1295.KL,17/6/2025,-0.087444,0.267627,0.377303,0.35507,0.375,0.25,0.375,0.570904,0.873356,8
1295.KL,17/7/2020,0.004051,0.30358,0.396891,0.299529,0.333333,0.333333,0.333333,0.564906,0.865185,3
1295.KL,17/7/2021,-0.425517,0.144299,0.285884,0.569817,0.333333,0.0,0.666667,0.594564,0.80653,3
1295.KL,17/7/2022,-0.300246,0.046996,0.605762,0.347242,0.0,0.666667,0.333333,0.320018,0.908679,3
1295.KL,17/7/2023,0.143586,0.43179,0.280007,0.288203,0.666667,0.0,0.333333,0.524466,0.62223,3
1295.KL,17/7/2024,0.025111,0.056642,0.911827,0.031531,0.0,1.0,0.0,0.045738,0.911827,2
1295.KL,17/7/2025,0.30595,0.330139,0.645673,0.024189,0.75,0.25,0.0,0.315417,0.867345,4
1295.KL,17/8/2020,0.405012,0.414389,0.576233,0.009377,1.0,0.0,0.0,0.405012,0.576233,1
1295.KL,17/8/2021,-0.106926,0.247331,0.398411,0.354257,0.333333,0.333333,0.333333,0.191439,0.626,3
1295.KL,17/8/2022,0.273995,0.427006,0.419983,0.153011,0.5,0.375,0.125,0.509352,0.8565,8
1295.KL,17/8/2023,-0.49817,0.170505,0.160819,0.668675,0.2,0.0,0.8,0.716561,0.787742,5
1295.KL,17/8/2024,-0.414857,0.056472,0.4722,0.471328,0.0,0.333333,0.666667,0.459925,0.770677,6
1295.KL,17/8/2025,0.0,0.0,0.0,0.0,0.0,0.0,0.0,0.0,0.0,0
1295.KL,17/9/2020,-0.474295,0.065309,0.395086,0.539604,0.0,0.2,0.8,0.474295,0.772626,5
1295.KL,17/9/2021,-0.377394,0.04811,0.526385,0.425504,0.0,0.5,0.5,0.423226,0.849379,2
1295.KL,17/9/2022,-0.432388,0.093392,0.380829,0.525779,0.0,0.333333,0.666667,0.432388,0.820373,3
1295.KL,17/9/2023,0.357497,0.377173,0.60315,0.019677,0.666667,0.333333,0.0,0.357497,0.883658,3
1295.KL,17/9/2024,0.077138,0.358654,0.359829,0.281516,0.5,0.25,0.25,0.552655,0.819375,4
1295.KL,17/9/2025,-0.604088,0.031257,0.333397,0.635345,0.0,0.333333,0.666667,0.647247,0.936516,3
1295.KL,18/1/2020,0.60858,0.621964,0.364651,0.013384,1.0,0.0,0.0,0.60858,0.80739,3
1295.KL,18/1/2021,-0.876853,0.022622,0.077902,0.899475,0.0,0.0,1.0,0.876853,0.899475,2
1295.KL,18/1/2022,-0.266505,0.081642,0.57021,0.348148,0.333333,0.333333,0.333333,0.370852,0.885251,3
1295.KL,18/1/2023,-0.606918,0.027971,0.33714,0.634889,0.0,0.25,0.75,0.620793,0.864037,4
1295.KL,18/1/2024,-0.118033,0.336657,0.208654,0.454689,0.25,0.25,0.5,0.503388,0.693414,4
1295.KL,18/1/2025,-0.548329,0.034478,0.382715,0.582807,0.2,0.2,0.6,0.588925,0.934791,5
1295.KL,18/1/2026,0.072253,0.091774,0.888706,0.01952,0.0,1.0,0.0,0.072253,0.888706,1
1295.KL,18/10/2020,-0.569913,0.051295,0.327497,0.621208,0.0,0.0,1.0,0.569913,0.621208,1
1295.KL,18/10/2021,0.6082,0.651013,0.306173,0.042813,0.75,0.25,0.0,0.6082,0.859488,4
1295.KL,18/10/2022,-0.562794,0.066255,0.304696,0.629049,0.25,0.0,0.75,0.616655,0.833318,4
1295.KL,18/10/2023,-0.463676,0.02991,0.476504,0.493586,0.0,0.333333,0.666667,0.463676,0.784924,3
1295.KL,18/10/2024,0.782103,0.844616,0.092871,0.062513,1.0,0.0,0.0,0.782103,0.844616,2
1295.KL,18/10/2025,-0.17802,0.07285,0.67628,0.25087,0.0,0.75,0.25,0.271753,0.887386,4
1295.KL,18/11/2020,0.403101,0.625089,0.152923,0.221988,0.75,0.0,0.25,0.783605,0.815341,4
1295.KL,18/11/2021,0.328871,0.40427,0.520332,0.075398,0.666667,0.333333,0.0,0.328871,0.615713,3
1295.KL,18/11/2022,-0.1195,0.224199,0.432102,0.343699,0.25,0.5,0.25,0.340197,0.747255,4
1295.KL,18/11/2023,0.034669,0.385582,0.263504,0.350913,0.666667,0.0,0.333333,0.6474,0.807378,3
1295.KL,18/11/2024,-0.649736,0.048532,0.253201,0.698268,0.0,0.25,0.75,0.693929,0.89854,4
1295.KL,18/11/2025,-0.228125,0.199786,0.372304,0.427911,0.2,0.4,0.4,0.431634,0.706138,5
1295.KL,18/12/2020,-0.692453,0.037097,0.233353,0.72955,0.0,0.2,0.8,0.697456,0.897649,5
1295.KL,18/12/2021,-0.307035,0.221118,0.25073,0.528153,0.25,0.25,0.5,0.548363,0.787833,4
1295.KL,18/12/2022,-0.943048,0.012436,0.032081,0.955483,0.0,0.0,1.0,0.943048,0.955483,1
1295.KL,18/12/2023,-0.01159,0.251296,0.485818,0.262886,0.25,0.5,0.25,0.447931,0.879794,4
1295.KL,18/12/2024,0.041492,0.364781,0.31193,0.323289,0.428571,0.285714,0.285714,0.576807,0.765554,7
1295.KL,18/12/2025,-0.322033,0.174892,0.328184,0.496924,0.25,0.125,0.625,0.625522,0.851585,8
1295.KL,18/2/2020,-0.623761,0.021248,0.333744,0.645009,0.0,0.333333,0.666667,0.630996,0.946242,3
1295.KL,18/2/2021,-0.016259,0.347424,0.288894,0.363683,0.25,0.5,0.25,0.454961,0.808491,4
1295.KL,18/2/2022,-0.079714,0.256312,0.407662,0.336026,0.666667,0.0,0.333333,0.453893,0.774544,3
1295.KL,18/2/2023,0.0,0.0,0.0,0.0,0.0,0.0,0.0,0.0,0.0,0
1295.KL,18/2/2024,-0.090228,0.119516,0.67074,0.209744,0.0,1.0,0.0,0.090228,0.67074,1
1295.KL,18/2/2025,-0.348731,0.040676,0.569916,0.389407,0.0,0.333333,0.666667,0.348731,0.837812,3
1295.KL,18/2/2026,-0.304166,0.046219,0.603396,0.350385,0.0,0.666667,0.333333,0.30857,0.913102,3
1295.KL,18/3/2020,-0.178348,0.160246,0.501161,0.338593,0.142857,0.285714,0.571429,0.425117,0.807022,7
1295.KL,18/3/2021,0.048196,0.358173,0.331851,0.309976,0.4,0.4,0.2,0.419115,0.75474,5
1295.KL,18/3/2022,0.103208,0.394011,0.315186,0.290803,0.4,0.2,0.4,0.601082,0.819693,5
1295.KL,18/3/2023,0.877554,0.89787,0.081814,0.020316,1.0,0.0,0.0,0.877554,0.89787,2
1295.KL,18/3/2024,0.195223,0.409089,0.377046,0.213865,0.6,0.2,0.2,0.524461,0.790916,5
1295.KL,18/3/2025,0.204381,0.48203,0.240322,0.277648,0.5,0.0,0.5,0.709174,0.912854,4
1295.KL,18/3/2026,-0.034181,0.309944,0.345931,0.344125,0.285714,0.285714,0.428571,0.516139,0.838421,7
1295.KL,18/4/2020,0.018784,0.277236,0.464311,0.258453,0.5,0.25,0.25,0.479205,0.894221,4
1295.KL,18/4/2021,-0.089493,0.083364,0.743779,0.172857,0.166667,0.666667,0.166667,0.219612,0.872641,6
1295.KL,18/4/2022,-0.343173,0.118977,0.418872,0.462151,0.0,0.25,0.75,0.343173,0.701441,4
1295.KL,18/4/2023,-0.371414,0.12305,0.382486,0.494464,0.222222,0.222222,0.555556,0.576406,0.855367,9
1295.KL,18/4/2024,-0.322766,0.230111,0.217012,0.552877,0.25,0.0,0.75,0.690278,0.803866,4
1295.KL,18/4/2025,0.868575,0.910003,0.048569,0.041428,1.0,0.0,0.0,0.868575,0.910003,2
1295.KL,18/5/2020,-0.294252,0.195575,0.314598,0.489827,0.333333,0.166667,0.5,0.638332,0.893863,6
1295.KL,18/5/2021,0.254417,0.393932,0.466553,0.139515,0.333333,0.333333,0.333333,0.369118,0.772651,3
1295.KL,18/5/2022,0.007096,0.290894,0.425309,0.283798,0.4,0.2,0.4,0.437304,0.786405,10
1295.KL,18/5/2023,0.0,0.0,0.0,0.0,0.0,0.0,0.0,0.0,0.0,0
1295.KL,18/5/2024,-0.365538,0.096932,0.440597,0.46247,0.166667,0.166667,0.666667,0.49483,0.8271,6
1295.KL,18/5/2025,0.0,0.0,0.0,0.0,0.0,0.0,0.0,0.0,0.0,0
1295.KL,18/6/2020,0.20283,0.434601,0.333629,0.231771,0.75,0.0,0.25,0.618695,0.827747,8
1295.KL,18/6/2021,-0.089125,0.240665,0.429546,0.32979,0.666667,0.0,0.333333,0.55065,0.746486,3
1295.KL,18/6/2022,-0.799307,0.036662,0.12737,0.835968,0.0,0.0,1.0,0.799307,0.835968,1
1295.KL,18/6/2023,-0.920712,0.012359,0.05457,0.933071,0.0,0.0,1.0,0.920712,0.933071,2
1295.KL,18/6/2024,0.087217,0.379367,0.328484,0.29215,0.625,0.0,0.375,0.583258,0.837095,8
1295.KL,18/6/2025,0.061338,0.22032,0.620698,0.158982,0.285714,0.571429,0.142857,0.333543,0.873281,7
1295.KL,18/7/2020,0.034323,0.429396,0.175531,0.395073,0.666667,0.0,0.333333,0.648224,0.736347,3
1295.KL,18/7/2021,-0.811622,0.032768,0.122843,0.844389,0.0,0.0,1.0,0.811622,0.844389,1
1295.KL,18/7/2022,0.0,0.0,0.0,0.0,0.0,0.0,0.0,0.0,0.0,0
1295.KL,18/7/2023,-0.694852,0.032544,0.24006,0.727396,0.0,0.0,1.0,0.694852,0.727396,3
1295.KL,18/7/2024,-0.139869,0.107944,0.644244,0.247813,0.4,0.2,0.4,0.301702,0.727099,5
1295.KL,18/7/2025,0.802664,0.851379,0.099906,0.048715,1.0,0.0,0.0,0.802664,0.851379,2
1295.KL,18/8/2020,-0.217351,0.194045,0.39456,0.411395,0.333333,0.166667,0.5,0.471939,0.760537,6
1295.KL,18/8/2021,-0.027328,0.265974,0.440724,0.293302,0.5,0.166667,0.333333,0.508418,0.811041,6
1295.KL,18/8/2022,0.052761,0.429865,0.19303,0.377105,0.571429,0.0,0.428571,0.699769,0.857399,7
1295.KL,18/8/2023,-0.249141,0.114175,0.52251,0.363315,0.333333,0.333333,0.333333,0.329555,0.815107,3
1295.KL,18/8/2024,-0.017068,0.032289,0.918354,0.049357,0.0,1.0,0.0,0.038495,0.918354,2
1295.KL,18/8/2025,-0.188397,0.241982,0.327639,0.430379,0.2,0.2,0.6,0.567269,0.790635,5
1295.KL,18/9/2020,0.180523,0.237594,0.705336,0.057071,0.4,0.6,0.0,0.236938,0.861783,5
1295.KL,18/9/2021,0.0,0.0,0.0,0.0,0.0,0.0,0.0,0.0,0.0,0
1295.KL,18/9/2022,0.091051,0.120132,0.850787,0.029081,0.0,1.0,0.0,0.091051,0.850787,1
1295.KL,18/9/2023,-0.441654,0.035821,0.486704,0.477475,0.0,0.5,0.5,0.441654,0.916452,2
1295.KL,18/9/2024,-0.321495,0.174601,0.329303,0.496096,0.333333,0.0,0.666667,0.488879,0.736286,6
1295.KL,18/9/2025,0.116857,0.401233,0.31439,0.284376,0.5,0.0,0.5,0.642055,0.809443,4
1295.KL,19/1/2020,0.36048,0.422021,0.516437,0.061542,0.5,0.5,0.0,0.42561,0.830257,2
1295.KL,19/1/2021,0.262365,0.576264,0.109837,0.313899,0.75,0.0,0.25,0.736825,0.813494,4
1295.KL,19/1/2022,-0.398395,0.101762,0.39808,0.500157,0.333333,0.0,0.666667,0.541508,0.751274,3
1295.KL,19/1/2023,-0.3112,0.148541,0.391718,0.459741,0.166667,0.166667,0.666667,0.534851,0.673039,6
1295.KL,19/1/2024,0.079134,0.129489,0.820155,0.050356,0.5,0.5,0.0,0.079134,0.820155,2
1295.KL,19/1/2025,-0.197461,0.086563,0.629412,0.284024,0.25,0.5,0.25,0.31825,0.859397,4
1295.KL,19/1/2026,0.079091,0.437995,0.2031,0.358905,0.6,0.0,0.4,0.626609,0.840043,5
1295.KL,19/10/2020,0.767057,0.778471,0.210115,0.011414,1.0,0.0,0.0,0.767057,0.778471,1
1295.KL,19/10/2021,-0.16755,0.150339,0.531773,0.317888,0.333333,0.333333,0.333333,0.434056,0.828618,3
1295.KL,19/10/2022,-0.559747,0.157206,0.125841,0.716953,0.0,0.0,1.0,0.559747,0.716953,1
1295.KL,19/10/2023,0.295844,0.524693,0.246458,0.228849,0.75,0.0,0.25,0.622578,0.773651,4
1295.KL,19/10/2024,0.213757,0.407198,0.39936,0.193441,0.6,0.2,0.2,0.569983,0.835057,5
1295.KL,19/10/2025,-0.358677,0.06042,0.520483,0.419097,0.0,0.5,0.5,0.431511,0.860133,2
1295.KL,19/11/2020,0.006296,0.229814,0.546668,0.223518,0.5,0.166667,0.333333,0.359676,0.801269,6
1295.KL,19/11/2021,0.19024,0.471409,0.247422,0.281169,0.75,0.0,0.25,0.627815,0.787073,4
1295.KL,19/11/2022,0.353746,0.386185,0.581376,0.032439,0.666667,0.333333,0.0,0.353746,0.681219,3
1295.KL,19/11/2023,0.912835,0.929543,0.053748,0.016708,1.0,0.0,0.0,0.912835,0.929543,1
1295.KL,19/11/2024,0.327225,0.362659,0.601907,0.035434,0.666667,0.333333,0.0,0.343817,0.895906,3
1295.KL,19/11/2025,-0.460339,0.246318,0.047025,0.706657,0.25,0.0,0.75,0.904742,0.928858,4
1295.KL,19/12/2020,0.462152,0.510136,0.441881,0.047984,1.0,0.0,0.0,0.462152,0.831414,6
1295.KL,19/12/2021,-0.040717,0.066992,0.825299,0.107709,0.0,0.5,0.5,0.138325,0.825299,2
1295.KL,19/12/2022,-0.069725,0.02929,0.871694,0.099016,0.0,1.0,0.0,0.069725,0.871694,1
1295.KL,19/12/2023,0.318052,0.351497,0.615059,0.033445,0.333333,0.666667,0.0,0.330509,0.895203,3
1295.KL,19/12/2024,-0.406037,0.068975,0.456013,0.475012,0.0,0.333333,0.666667,0.406037,0.768468,3
1295.KL,19/12/2025,-0.139428,0.291914,0.276744,0.431342,0.3,0.0,0.7,0.53412,0.74186,10
1295.KL,19/2/2020,-0.571025,0.040762,0.34745,0.611787,0.0,0.0,1.0,0.571025,0.792243,2
1295.KL,19/2/2021,-0.304826,0.225326,0.244522,0.530152,0.333333,0.0,0.666667,0.667346,0.775624,6
1295.KL,19/2/2022,-0.775309,0.036728,0.151235,0.812037,0.0,0.0,1.0,0.775309,0.812037,1
1295.KL,19/2/2023,-0.851043,0.020363,0.10823,0.871407,0.0,0.0,1.0,0.851043,0.871407,2
1295.KL,19/2/2024,0.0,0.0,0.0,0.0,0.0,0.0,0.0,0.0,0.0,0
1295.KL,19/2/2025,-0.518872,0.09787,0.285389,0.616742,0.333333,0.0,0.666667,0.637918,0.86114,3
1295.KL,19/2/2026,0.511894,0.530139,0.451616,0.018245,1.0,0.0,0.0,0.511894,0.873112,2
1295.KL,19/3/2020,-0.209904,0.126943,0.536209,0.336848,0.2,0.2,0.6,0.381718,0.750549,10
1295.KL,19/3/2021,-0.658067,0.055637,0.230658,0.713704,0.25,0.0,0.75,0.739204,0.916678,4
1295.KL,19/3/2022,-0.150659,0.243998,0.361346,0.394656,0.333333,0.0,0.666667,0.597803,0.618229,3
1295.KL,19/3/2023,0.0,0.0,0.0,0.0,0.0,0.0,0.0,0.0,0.0,0
1295.KL,19/3/2024,-0.070066,0.148151,0.633631,0.218217,0.25,0.5,0.25,0.245099,0.763084,12
1295.KL,19/3/2025,0.059843,0.22186,0.616123,0.162017,0.333333,0.5,0.166667,0.311929,0.837127,6
1295.KL,19/3/2026,0.423709,0.570955,0.281798,0.147247,0.714286,0.0,0.285714,0.57751,0.804532,7
1295.KL,19/4/2020,0.0,0.0,0.0,0.0,0.0,0.0,0.0,0.0,0.0,0
1295.KL,19/4/2021,0.0989,0.223295,0.652309,0.124396,0.333333,0.666667,0.0,0.0989,0.808241,3
1295.KL,19/4/2022,-0.923156,0.013791,0.049261,0.936947,0.0,0.0,1.0,0.923156,0.936947,2
1295.KL,19/4/2023,-0.140503,0.172661,0.514174,0.313165,0.25,0.25,0.5,0.427804,0.761447,4
1295.KL,19/4/2024,0.32075,0.342456,0.635838,0.021706,0.5,0.5,0.0,0.32075,0.862274,4
1295.KL,19/4/2025,-0.026991,0.281413,0.410182,0.308405,0.5,0.0,0.5,0.15883,0.657201,2
1295.KL,19/5/2020,0.049868,0.075571,0.898726,0.025703,0.5,0.5,0.0,0.055972,0.898726,2
1295.KL,19/5/2021,0.033119,0.064004,0.90511,0.030886,0.0,1.0,0.0,0.033119,0.90511,1
1295.KL,19/5/2022,0.196175,0.461376,0.273422,0.265201,0.5,0.25,0.25,0.685539,0.894173,4
1295.KL,19/5/2023,-0.065978,0.23018,0.473662,0.296158,0.4,0.2,0.4,0.457705,0.836875,5
1295.KL,19/5/2024,0.913605,0.927697,0.058211,0.014092,1.0,0.0,0.0,0.913605,0.927697,1
1295.KL,19/5/2025,-0.058747,0.214826,0.511602,0.273573,0.166667,0.333333,0.5,0.264705,0.702021,6
1295.KL,19/6/2020,-0.744856,0.055714,0.143716,0.80057,0.0,0.0,1.0,0.744856,0.80057,2
1295.KL,19/6/2021,0.022096,0.045726,0.930644,0.02363,0.0,1.0,0.0,0.022096,0.930644,1
1295.KL,19/6/2022,-0.187191,0.165339,0.482131,0.35253,0.5,0.0,0.5,0.460911,0.704146,2
1295.KL,19/6/2023,-0.015436,0.232582,0.519401,0.248018,0.666667,0.0,0.333333,0.443055,0.667515,3
1295.KL,19/6/2024,-0.388828,0.189355,0.232461,0.578184,0.2,0.2,0.6,0.739684,0.918126,5
1295.KL,19/6/2025,-0.314243,0.045115,0.595526,0.359358,0.0,0.6,0.4,0.347891,0.901021,5
1295.KL,19/7/2020,0.00291,0.083662,0.835585,0.080753,0.0,1.0,0.0,0.087507,0.835585,2
1295.KL,19/7/2021,0.462461,0.487358,0.487745,0.024897,0.6,0.4,0.0,0.480305,0.826466,5
1295.KL,19/7/2022,-0.035494,0.169089,0.626328,0.204583,0.0,0.666667,0.333333,0.068545,0.797457,3
1295.KL,19/7/2023,-0.532154,0.042276,0.383294,0.57443,0.0,0.0,1.0,0.532154,0.84864,2
1295.KL,19/7/2024,-0.384956,0.099081,0.416883,0.484036,0.0,0.0,1.0,0.384956,0.809269,2
1295.KL,19/7/2025,-0.194537,0.284639,0.236184,0.479177,0.5,0.0,0.5,0.728916,0.912245,4
1295.KL,19/8/2020,-0.293687,0.129533,0.447247,0.42322,0.333333,0.0,0.666667,0.410118,0.618633,3
1295.KL,19/8/2021,-0.474825,0.070638,0.383898,0.545463,0.333333,0.0,0.666667,0.567353,0.812606,3
1295.KL,19/8/2022,-0.42248,0.218093,0.141334,0.640573,0.333333,0.0,0.666667,0.668808,0.763737,6
1295.KL,19/8/2023,0.923841,0.943385,0.037072,0.019543,1.0,0.0,0.0,0.923841,0.943385,1
1295.KL,19/8/2024,0.452032,0.480588,0.490856,0.028556,0.666667,0.333333,0.0,0.456442,0.794238,3
1295.KL,19/8/2025,-0.930474,0.017689,0.034148,0.948163,0.0,0.0,1.0,0.930474,0.948163,2
1295.KL,19/9/2020,0.228148,0.428454,0.371239,0.200306,0.333333,0.333333,0.333333,0.41677,0.798341,3
1295.KL,19/9/2021,0.0,0.0,0.0,0.0,0.0,0.0,0.0,0.0,0.0,0
1295.KL,19/9/2022,-0.249221,0.08063,0.589519,0.329851,0.333333,0.333333,0.333333,0.378741,0.895716,3
1295.KL,19/9/2023,-0.33311,0.130001,0.406888,0.463111,0.2,0.2,0.6,0.546243,0.745745,5
1295.KL,19/9/2024,-0.353155,0.247214,0.152417,0.600369,0.333333,0.0,0.666667,0.760061,0.803822,3
1295.KL,19/9/2025,0.929609,0.950184,0.029241,0.020575,1.0,0.0,0.0,0.929609,0.950184,1
1295.KL,2/1/2020,-0.01251,0.32703,0.333429,0.33954,0.444444,0.222222,0.333333,0.601422,0.869968,9
1295.KL,2/1/2021,0.034889,0.049775,0.93534,0.014886,0.0,1.0,0.0,0.034889,0.93534,2
1295.KL,2/1/2022,-0.940742,0.010831,0.037597,0.951573,0.0,0.0,1.0,0.940742,0.951573,1
1295.KL,2/1/2023,0.380834,0.406413,0.568008,0.025579,0.5,0.5,0.0,0.39038,0.855993,2
1295.KL,2/1/2024,0.103698,0.486386,0.130925,0.382688,0.5,0.0,0.5,0.828033,0.848554,2
1295.KL,2/1/2025,0.685224,0.695823,0.293577,0.010599,1.0,0.0,0.0,0.685224,0.695823,1
1295.KL,2/1/2026,-0.889623,0.020005,0.070368,0.909627,0.0,0.0,1.0,0.889623,0.909627,1
1295.KL,2/10/2020,-0.508352,0.069572,0.352503,0.577925,0.333333,0.0,0.666667,0.592977,0.851807,3
1295.KL,2/10/2021,0.069674,0.109854,0.849966,0.04018,0.5,0.5,0.0,0.107741,0.849966,2
1295.KL,2/10/2022,0.01744,0.269576,0.478287,0.252137,0.5,0.25,0.25,0.466998,0.841916,4
1295.KL,2/10/2023,-0.173928,0.220123,0.385826,0.394051,0.333333,0.0,0.666667,0.522782,0.694843,6
1295.KL,2/10/2024,-0.127853,0.274339,0.323469,0.402192,0.3,0.3,0.4,0.522572,0.798446,10
1295.KL,2/10/2025,0.176182,0.271485,0.633212,0.095303,0.5,0.333333,0.166667,0.216754,0.724964,6
1295.KL,2/11/2020,-0.912313,0.026468,0.034751,0.938781,0.0,0.0,1.0,0.912313,0.938781,2
1295.KL,2/11/2021,-0.030301,0.248303,0.473094,0.278603,0.666667,0.0,0.333333,0.395051,0.736298,6
1295.KL,2/11/2022,0.177846,0.226094,0.725659,0.048248,0.5,0.5,0.0,0.197961,0.725659,2
1295.KL,2/11/2023,-0.026926,0.336489,0.300095,0.363415,0.5,0.0,0.5,0.560584,0.630244,2
1295.KL,2/11/2024,0.886017,0.917728,0.050561,0.031711,1.0,0.0,0.0,0.886017,0.917728,2
1295.KL,2/11/2025,-0.388086,0.054092,0.503729,0.442178,0.0,0.5,0.5,0.458274,0.878354,2
1295.KL,2/12/2020,0.288653,0.426059,0.436535,0.137406,0.714286,0.142857,0.142857,0.465486,0.829732,7
1295.KL,2/12/2021,-0.381937,0.05339,0.511282,0.435327,0.0,0.5,0.5,0.443741,0.860024,4
1295.KL,2/12/2022,-0.272944,0.109474,0.508107,0.382419,0.0,0.5,0.5,0.295969,0.752017,2
1295.KL,2/12/2023,0.069793,0.454881,0.160031,0.385088,0.5,0.0,0.5,0.734921,0.787445,2
1295.KL,2/12/2024,-0.440465,0.033206,0.493122,0.473672,0.0,0.5,0.5,0.482921,0.934225,2
1295.KL,2/12/2025,-0.112716,0.380321,0.126643,0.493037,0.5,0.0,0.5,0.797227,0.835292,4
1295.KL,2/2/2020,0.863894,0.879892,0.104109,0.015999,1.0,0.0,0.0,0.863894,0.879892,1
1295.KL,2/2/2021,0.420303,0.570894,0.278515,0.150591,0.75,0.0,0.25,0.611538,0.680561,4
1295.KL,2/2/2022,-0.536783,0.025874,0.411468,0.562657,0.0,0.0,1.0,0.536783,0.783556,3
1295.KL,2/2/2023,0.111605,0.209085,0.693436,0.09748,0.5,0.5,0.0,0.111605,0.693436,2
1295.KL,2/2/2024,-0.439292,0.219032,0.122645,0.658323,0.25,0.0,0.75,0.845414,0.861385,4
1295.KL,2/2/2025,0.204991,0.222782,0.759427,0.017791,0.5,0.5,0.0,0.204991,0.759427,2
1295.KL,2/2/2026,-0.288309,0.147527,0.416637,0.435836,0.5,0.0,0.5,0.491841,0.814508,2
1295.KL,2/3/2020,-0.526624,0.034668,0.404041,0.561291,0.0,0.333333,0.666667,0.531319,0.861292,3
1295.KL,2/3/2021,-0.243343,0.200739,0.355179,0.444082,0.5,0.0,0.5,0.590503,0.727953,6
1295.KL,2/3/2022,-0.033467,0.437907,0.09072,0.471374,0.5,0.0,0.5,0.89227,0.900775,2
1295.KL,2/3/2023,-0.240541,0.122046,0.515367,0.362587,0.2,0.4,0.4,0.347406,0.757826,5
1295.KL,2/3/2024,-0.907849,0.009607,0.072938,0.917456,0.0,0.0,1.0,0.907849,0.917456,1
1295.KL,2/3/2025,-0.645721,0.041711,0.270858,0.687432,0.0,0.0,1.0,0.645721,0.687432,1
1295.KL,2/3/2026,-0.144572,0.2166,0.422228,0.361172,0.25,0.5,0.25,0.299363,0.784202,4
1295.KL,2/4/2020,-0.13963,0.173335,0.513701,0.312965,0.5,0.0,0.5,0.25087,0.729476,2
1295.KL,2/4/2021,-0.371947,0.074644,0.478765,0.446591,0.0,0.0,1.0,0.371947,0.478765,1
1295.KL,2/4/2022,0.022546,0.182797,0.656951,0.160251,0.333333,0.5,0.166667,0.213752,0.815037,6
1295.KL,2/4/2023,0.0,0.0,0.0,0.0,0.0,0.0,0.0,0.0,0.0,0
1295.KL,2/4/2024,-0.149109,0.266576,0.31774,0.415684,0.5,0.0,0.5,0.622894,0.652577,2
1295.KL,2/4/2025,-0.536815,0.089984,0.283216,0.626799,0.25,0.0,0.75,0.642029,0.817916,4
1295.KL,2/5/2020,0.350933,0.430795,0.489342,0.079863,0.5,0.25,0.25,0.42625,0.803869,4
1295.KL,2/5/2021,-0.428518,0.253694,0.064093,0.682213,0.2,0.0,0.8,0.802902,0.869404,5
1295.KL,2/5/2022,0.926804,0.948729,0.029346,0.021926,1.0,0.0,0.0,0.926804,0.948729,1
1295.KL,2/5/2023,-0.325419,0.037189,0.600203,0.362608,0.0,0.0,1.0,0.325419,0.600203,1
1295.KL,2/5/2024,-0.21343,0.249362,0.287846,0.462792,0.5,0.0,0.5,0.623415,0.850578,4
1295.KL,2/5/2025,-0.289205,0.157964,0.394867,0.447169,0.0,0.666667,0.333333,0.344818,0.751943,3
1295.KL,2/6/2020,-0.070126,0.119322,0.691231,0.189448,0.5,0.0,0.5,0.183755,0.691231,2
1295.KL,2/6/2021,0.426659,0.467114,0.492432,0.040455,1.0,0.0,0.0,0.426659,0.492432,1
1295.KL,2/6/2022,-0.257919,0.182959,0.376163,0.440878,0.166667,0.333333,0.5,0.549385,0.848018,6
1295.KL,2/6/2023,-0.069869,0.266836,0.396459,0.336705,0.333333,0.333333,0.333333,0.568622,0.871918,3
1295.KL,2/6/2024,-0.418219,0.065523,0.450736,0.483741,0.333333,0.0,0.666667,0.486959,0.770715,3
1295.KL,2/6/2025,-0.83297,0.043819,0.079392,0.876789,0.0,0.0,1.0,0.83297,0.876789,1
1295.KL,2/7/2020,-0.105258,0.278722,0.337299,0.38398,0.5,0.0,0.5,0.602165,0.794371,4
1295.KL,2/7/2021,-0.225654,0.057197,0.659952,0.282851,0.25,0.25,0.5,0.295492,0.887488,4
1295.KL,2/7/2022,0.439498,0.461082,0.517334,0.021584,0.75,0.25,0.0,0.448245,0.830352,4
1295.KL,2/7/2023,-0.190785,0.261638,0.28594,0.452423,0.25,0.25,0.5,0.676804,0.883928,4
1295.KL,2/7/2024,0.551026,0.70472,0.141586,0.153694,1.0,0.0,0.0,0.551026,0.70472,2
1295.KL,2/7/2025,-0.363391,0.039209,0.558192,0.4026,0.0,0.333333,0.666667,0.363391,0.750244,3
1295.KL,2/8/2020,-0.916459,0.009694,0.064153,0.926153,0.0,0.0,1.0,0.916459,0.926153,1
1295.KL,2/8/2021,0.0,0.0,0.0,0.0,0.0,0.0,0.0,0.0,0.0,0
1295.KL,2/8/2022,0.408031,0.487811,0.432409,0.07978,0.5,0.5,0.0,0.408031,0.857681,2
1295.KL,2/8/2023,-0.436764,0.044823,0.473591,0.481586,0.0,0.5,0.5,0.436764,0.922675,2
1295.KL,2/8/2024,-0.438071,0.040375,0.481179,0.478446,0.0,0.5,0.5,0.472658,0.924816,2
1295.KL,2/8/2025,-0.588223,0.02943,0.352917,0.617653,0.0,0.333333,0.666667,0.588223,0.916087,3
1295.KL,2/9/2020,0.149947,0.239878,0.67019,0.089931,0.6,0.2,0.2,0.276457,0.761771,5
1295.KL,2/9/2021,0.056877,0.268486,0.519905,0.211609,0.428571,0.285714,0.285714,0.429994,0.770702,7
1295.KL,2/9/2022,-0.232113,0.186501,0.394884,0.418614,0.166667,0.166667,0.666667,0.538256,0.769653,6
1295.KL,2/9/2023,0.029256,0.359593,0.310069,0.330337,0.428571,0.142857,0.428571,0.622681,0.783498,7
1295.KL,2/9/2024,-0.16125,0.092846,0.653057,0.254096,0.0,0.333333,0.666667,0.16125,0.653057,3
1295.KL,2/9/2025,0.0,0.0,0.0,0.0,0.0,0.0,0.0,0.0,0.0,0
1295.KL,20/1/2020,-0.798468,0.060516,0.0805,0.858984,0.0,0.0,1.0,0.798468,0.858984,2
1295.KL,20/1/2021,-0.009569,0.216715,0.557001,0.226284,0.3,0.3,0.4,0.386755,0.797159,10
1295.KL,20/1/2022,-0.775925,0.02512,0.173836,0.801045,0.0,0.0,1.0,0.775925,0.801045,3
1295.KL,20/1/2023,-0.391291,0.02572,0.557269,0.417011,0.0,0.333333,0.666667,0.397711,0.869785,3
1295.KL,20/1/2024,0.602738,0.655753,0.291231,0.053015,1.0,0.0,0.0,0.602738,0.662575,4
1295.KL,20/1/2025,0.01166,0.329488,0.352683,0.317829,0.5,0.166667,0.333333,0.591065,0.897267,6
1295.KL,20/1/2026,-0.337092,0.048979,0.564951,0.386071,0.0,0.6,0.4,0.397888,0.912116,5
1295.KL,20/10/2020,0.118727,0.320908,0.476912,0.202181,0.333333,0.333333,0.333333,0.480873,0.771514,3
1295.KL,20/10/2021,0.212697,0.505614,0.201468,0.292917,0.6,0.2,0.2,0.532671,0.702666,5
1295.KL,20/10/2022,-0.035461,0.233627,0.497286,0.269087,0.3,0.3,0.4,0.425845,0.805956,10
1295.KL,20/10/2023,-0.454357,0.16832,0.209004,0.622677,0.333333,0.0,0.666667,0.745244,0.772541,3
1295.KL,20/10/2024,0.0,0.0,0.0,0.0,0.0,0.0,0.0,0.0,0.0,0
1295.KL,20/10/2025,-0.546135,0.064488,0.32489,0.610622,0.0,0.0,1.0,0.546135,0.610622,1
1295.KL,20/11/2020,0.108646,0.38609,0.336466,0.277444,0.571429,0.142857,0.285714,0.575123,0.822072,7
1295.KL,20/11/2021,0.282804,0.353725,0.575355,0.070921,0.333333,0.333333,0.333333,0.38175,0.86969,3
1295.KL,20/11/2022,0.093782,0.131405,0.830972,0.037623,0.0,1.0,0.0,0.093782,0.830972,1
1295.KL,20/11/2023,0.152797,0.338175,0.476447,0.185378,0.333333,0.5,0.166667,0.462725,0.879811,6
1295.KL,20/11/2024,-0.432022,0.051935,0.464107,0.483957,0.0,0.25,0.75,0.456016,0.715271,4
1295.KL,20/11/2025,-0.2374,0.29418,0.17424,0.53158,0.2,0.2,0.6,0.582097,0.703928,5
1295.KL,20/12/2020,0.0,0.0,0.0,0.0,0.0,0.0,0.0,0.0,0.0,0
1295.KL,20/12/2021,0.395037,0.405633,0.583771,0.010596,1.0,0.0,0.0,0.395037,0.643819,3
1295.KL,20/12/2022,-0.592226,0.045999,0.315776,0.638225,0.0,0.333333,0.666667,0.592226,0.886548,3
1295.KL,20/12/2023,-0.012288,0.352102,0.283508,0.36439,0.4,0.2,0.4,0.650599,0.864041,5
1295.KL,20/12/2024,-0.172861,0.197986,0.431167,0.370847,0.2,0.4,0.4,0.530882,0.887119,5
1295.KL,20/12/2025,0.040008,0.194898,0.650213,0.15489,0.285714,0.571429,0.142857,0.30736,0.855825,7
1295.KL,20/2/2020,-0.314282,0.102868,0.479983,0.417149,0.0,0.333333,0.666667,0.336893,0.723923,3
1295.KL,20/2/2021,-0.647175,0.032971,0.286884,0.680145,0.0,0.25,0.75,0.660039,0.910347,4
1295.KL,20/2/2022,-0.161755,0.089284,0.659677,0.251039,0.5,0.25,0.25,0.294151,0.873435,4
1295.KL,20/2/2023,-0.250644,0.119841,0.509675,0.370484,0.166667,0.333333,0.5,0.287591,0.736457,6
1295.KL,20/2/2024,0.080849,0.308975,0.462899,0.228126,0.428571,0.285714,0.285714,0.413977,0.802328,7
1295.KL,20/2/2025,-0.347767,0.079296,0.493641,0.427063,0.166667,0.333333,0.5,0.398895,0.865671,6
1295.KL,20/2/2026,-0.147562,0.264757,0.322924,0.412319,0.4,0.2,0.4,0.586777,0.865825,5
1295.KL,20/3/2020,0.331027,0.537758,0.255512,0.20673,0.571429,0.142857,0.285714,0.63143,0.854223,7
1295.KL,20/3/2021,0.01856,0.139195,0.74017,0.120635,0.333333,0.333333,0.333333,0.196291,0.74017,3
1295.KL,20/3/2022,-0.45222,0.031333,0.485115,0.483552,0.0,0.5,0.5,0.461009,0.91184,2
1295.KL,20/3/2023,0.294929,0.419489,0.455951,0.12456,0.5,0.333333,0.166667,0.441369,0.80541,6
1295.KL,20/3/2024,0.069289,0.237201,0.594887,0.167912,0.5,0.333333,0.166667,0.330297,0.809408,6
1295.KL,20/3/2025,-0.344878,0.196343,0.262435,0.541221,0.333333,0.0,0.666667,0.670751,0.704158,6
1295.KL,20/3/2026,-0.924245,0.017132,0.041492,0.941376,0.0,0.0,1.0,0.924245,0.941376,3
1295.KL,20/4/2020,-0.668489,0.055091,0.221329,0.72358,0.0,0.2,0.8,0.680706,0.905818,5
1295.KL,20/4/2021,0.227098,0.25735,0.712399,0.030251,0.6,0.4,0.0,0.240417,0.751635,5
1295.KL,20/4/2022,0.060727,0.33307,0.394587,0.272343,0.5,0.25,0.25,0.570324,0.794154,4
1295.KL,20/4/2023,-0.379525,0.125435,0.369606,0.50496,0.0,0.333333,0.666667,0.443675,0.795127,3
1295.KL,20/4/2024,0.0,0.0,0.0,0.0,0.0,0.0,0.0,0.0,0.0,0
1295.KL,20/4/2025,0.0,0.0,0.0,0.0,0.0,0.0,0.0,0.0,0.0,0
1295.KL,20/5/2020,0.636445,0.666204,0.304037,0.029759,1.0,0.0,0.0,0.636445,0.691112,2
1295.KL,20/5/2021,0.0,0.0,0.0,0.0,0.0,0.0,0.0,0.0,0.0,0
1295.KL,20/5/2022,-0.089764,0.272727,0.364781,0.362492,0.25,0.0,0.75,0.507985,0.743494,4
1295.KL,20/5/2023,-0.108749,0.073555,0.74414,0.182305,0.0,0.5,0.5,0.140252,0.74414,2
1295.KL,20/5/2024,-0.36272,0.221558,0.194164,0.584278,0.2,0.0,0.8,0.705334,0.851085,5
1295.KL,20/5/2025,-0.185154,0.192981,0.428884,0.378135,0.4,0.2,0.4,0.354312,0.78126,5
1295.KL,20/6/2020,-0.124989,0.155297,0.564417,0.280286,0.285714,0.428571,0.285714,0.369002,0.815207,7
1295.KL,20/6/2021,0.055927,0.094354,0.867218,0.038428,0.0,1.0,0.0,0.055927,0.867218,1
1295.KL,20/6/2022,-0.925394,0.022849,0.028907,0.948243,0.0,0.0,1.0,0.925394,0.948243,1
1295.KL,20/6/2023,0.0,0.0,0.0,0.0,0.0,0.0,0.0,0.0,0.0,0
1295.KL,20/6/2024,0.078796,0.322975,0.432845,0.244179,0.75,0.0,0.25,0.537118,0.829119,4
1295.KL,20/6/2025,-0.018822,0.335694,0.30979,0.354516,0.25,0.5,0.25,0.473541,0.803371,4
1295.KL,20/7/2020,-0.761793,0.03581,0.166588,0.797603,0.0,0.0,1.0,0.761793,0.797603,2
1295.KL,20/7/2021,-0.337061,0.119359,0.424221,0.45642,0.2,0.2,0.6,0.473275,0.773816,5
1295.KL,20/7/2022,-0.088834,0.217129,0.476908,0.305963,0.333333,0.0,0.666667,0.409903,0.670525,6
1295.KL,20/7/2023,-0.127192,0.072161,0.728486,0.199353,0.0,0.666667,0.333333,0.182227,0.7686,3
1295.KL,20/7/2024,-0.659669,0.023954,0.292422,0.683623,0.0,0.0,1.0,0.659669,0.683623,2
1295.KL,20/7/2025,-0.507138,0.025303,0.442257,0.532441,0.0,0.4,0.6,0.507138,0.862207,5
1295.KL,20/8/2020,0.102695,0.118438,0.865819,0.015743,0.5,0.5,0.0,0.102695,0.865819,2
1295.KL,20/8/2021,-0.930976,0.015482,0.038059,0.946459,0.0,0.0,1.0,0.930976,0.946459,2
1295.KL,20/8/2022,-0.314037,0.3039,0.078163,0.617937,0.333333,0.0,0.666667,0.880339,0.901088,3
1295.KL,20/8/2023,-0.041346,0.078887,0.800879,0.120233,0.0,1.0,0.0,0.041346,0.800879,1
1295.KL,20/8/2024,0.51198,0.557615,0.396749,0.045636,0.75,0.25,0.0,0.553049,0.805262,4
1295.KL,20/8/2025,0.0,0.0,0.0,0.0,0.0,0.0,0.0,0.0,0.0,0
1295.KL,20/9/2020,0.219329,0.230815,0.757698,0.011486,1.0,0.0,0.0,0.219329,0.757698,1
1295.KL,20/9/2021,0.158025,0.244924,0.668177,0.086899,0.25,0.75,0.0,0.163591,0.74526,4
1295.KL,20/9/2022,-0.294364,0.090829,0.523979,0.385192,0.333333,0.0,0.666667,0.418384,0.843131,3
1295.KL,20/9/2023,0.0,0.0,0.0,0.0,0.0,0.0,0.0,0.0,0.0,0
1295.KL,20/9/2024,-0.127031,0.18116,0.510649,0.308191,0.333333,0.0,0.666667,0.272702,0.558484,3
1295.KL,20/9/2025,0.098616,0.247617,0.603382,0.149001,0.5,0.5,0.0,0.156579,0.603382,2
1295.KL,21/1/2020,-0.07021,0.336744,0.256303,0.406953,0.5,0.0,0.5,0.707934,0.725816,6
1295.KL,21/1/2021,0.507288,0.597893,0.311502,0.090605,0.666667,0.333333,0.0,0.567531,0.760606,3
1295.KL,21/1/2022,-0.099184,0.168406,0.564003,0.267591,0.333333,0.333333,0.333333,0.21239,0.755497,6
1295.KL,21/1/2023,0.237176,0.277281,0.682614,0.040105,0.333333,0.666667,0.0,0.275869,0.862745,6
1295.KL,21/1/2024,0.295524,0.347939,0.599646,0.052415,0.5,0.5,0.0,0.314827,0.801265,2
1295.KL,21/1/2025,-0.20772,0.133986,0.524309,0.341705,0.4,0.2,0.4,0.43843,0.794354,5
1295.KL,21/1/2026,-0.347869,0.204693,0.242745,0.552562,0.2,0.0,0.8,0.522567,0.731831,5
1295.KL,21/10/2020,-0.354838,0.061936,0.521289,0.416775,0.0,0.5,0.5,0.395902,0.864844,2
1295.KL,21/10/2021,-0.541505,0.037298,0.383899,0.578803,0.0,0.333333,0.666667,0.577325,0.874502,3
1295.KL,21/10/2022,-0.195477,0.039068,0.726386,0.234545,0.0,0.5,0.5,0.195477,0.726386,2
1295.KL,21/10/2023,-0.305862,0.122265,0.449608,0.428127,0.0,0.0,1.0,0.305862,0.449608,1
1295.KL,21/10/2024,-0.609164,0.04694,0.296956,0.656104,0.0,0.0,1.0,0.609164,0.656104,1
1295.KL,21/10/2025,0.117446,0.473391,0.170663,0.355946,0.5,0.0,0.5,0.750234,0.789786,2
1295.KL,21/11/2020,0.506163,0.534994,0.436176,0.02883,0.75,0.25,0.0,0.517787,0.822613,4
1295.KL,21/11/2021,0.0,0.0,0.0,0.0,0.0,0.0,0.0,0.0,0.0,0
1295.KL,21/11/2022,-0.420562,0.110179,0.359081,0.53074,0.0,0.4,0.6,0.43096,0.708678,5
1295.KL,21/11/2023,-0.494161,0.105351,0.295137,0.599512,0.166667,0.166667,0.666667,0.617281,0.793101,6
1295.KL,21/11/2024,-0.465164,0.025143,0.48455,0.490307,0.0,0.5,0.5,0.479821,0.937013,4
1295.KL,21/11/2025,-0.584775,0.027981,0.359264,0.612756,0.0,0.25,0.75,0.607345,0.838924,4
1295.KL,21/12/2020,-0.370587,0.063833,0.501748,0.43442,0.166667,0.166667,0.666667,0.414513,0.794733,6
1295.KL,21/12/2021,-0.568294,0.037076,0.357553,0.605371,0.0,0.333333,0.666667,0.568294,0.859204,3
1295.KL,21/12/2022,0.015745,0.357704,0.300337,0.341959,0.375,0.125,0.5,0.53288,0.772663,8
1295.KL,21/12/2023,0.369545,0.448133,0.473278,0.078588,0.5,0.5,0.0,0.394986,0.835407,4
1295.KL,21/12/2024,0.27476,0.451792,0.371177,0.177031,0.5,0.25,0.25,0.589565,0.832817,4
1295.KL,21/12/2025,0.0,0.0,0.0,0.0,0.0,0.0,0.0,0.0,0.0,0
1295.KL,21/2/2020,-0.085872,0.339284,0.235561,0.425155,0.5,0.0,0.5,0.716656,0.807411,4
1295.KL,21/2/2021,0.0,0.0,0.0,0.0,0.0,0.0,0.0,0.0,0.0,0
1295.KL,21/2/2022,-0.351847,0.171946,0.304262,0.523792,0.166667,0.0,0.833333,0.650511,0.870889,6
1295.KL,21/2/2023,-0.510814,0.054245,0.380697,0.565059,0.333333,0.0,0.666667,0.588874,0.843598,3
1295.KL,21/2/2024,0.875709,0.896594,0.082522,0.020885,1.0,0.0,0.0,0.875709,0.896594,1
1295.KL,21/2/2025,-0.014817,0.030285,0.924613,0.045102,0.0,1.0,0.0,0.014817,0.924613,1
1295.KL,21/2/2026,-0.08485,0.284688,0.345773,0.369538,0.333333,0.333333,0.333333,0.545633,0.87039,3
1295.KL,21/3/2020,-0.223672,0.215254,0.345821,0.438925,0.333333,0.333333,0.333333,0.430797,0.799404,3
1295.KL,21/3/2021,0.617042,0.649302,0.318439,0.032259,1.0,0.0,0.0,0.617042,0.866655,3
1295.KL,21/3/2022,0.232397,0.257648,0.717101,0.025251,0.4,0.6,0.0,0.232397,0.894548,5
1295.KL,21/3/2023,-0.413717,0.135729,0.314825,0.549446,0.2,0.2,0.6,0.605595,0.823962,5
1295.KL,21/3/2024,0.096712,0.348186,0.40034,0.251474,0.375,0.25,0.375,0.529078,0.80827,8
1295.KL,21/3/2025,-0.608219,0.172181,0.047418,0.780401,0.166667,0.0,0.833333,0.914729,0.933655,6
1295.KL,21/4/2020,0.022537,0.396689,0.229159,0.374152,0.5,0.125,0.375,0.643471,0.860385,8
1295.KL,21/4/2021,-0.436691,0.071252,0.420805,0.507943,0.166667,0.166667,0.666667,0.518658,0.774395,6
1295.KL,21/4/2022,-0.098585,0.288766,0.323882,0.387352,0.333333,0.166667,0.5,0.593748,0.776978,6
1295.KL,21/4/2023,0.501154,0.521492,0.458171,0.020338,1.0,0.0,0.0,0.501154,0.902832,2
1295.KL,21/4/2024,-0.902319,0.014949,0.067782,0.917269,0.0,0.0,1.0,0.902319,0.917269,2
1295.KL,21/4/2025,-0.253678,0.042354,0.661614,0.296032,0.0,0.333333,0.666667,0.253678,0.723258,3
1295.KL,21/5/2020,0.462949,0.546991,0.368968,0.084042,0.666667,0.333333,0.0,0.462949,0.841639,3
1295.KL,21/5/2021,-0.191745,0.167377,0.473501,0.359122,0.6,0.0,0.4,0.495315,0.813777,5
1295.KL,21/5/2022,0.486932,0.496373,0.494185,0.009441,1.0,0.0,0.0,0.486932,0.496373,1
1295.KL,21/5/2023,-0.952921,0.010005,0.027069,0.962926,0.0,0.0,1.0,0.952921,0.962926,2
1295.KL,21/5/2024,0.213442,0.266058,0.681326,0.052616,0.25,0.5,0.25,0.272558,0.912747,4
1295.KL,21/5/2025,0.041244,0.26801,0.505225,0.226765,0.25,0.5,0.25,0.448775,0.900252,4
1295.KL,21/6/2020,-0.389438,0.100475,0.409612,0.489913,0.5,0.0,0.5,0.565599,0.882098,2
1295.KL,21/6/2021,-0.961354,0.008586,0.021474,0.96994,0.0,0.0,1.0,0.961354,0.96994,1
1295.KL,21/6/2022,0.326293,0.501813,0.322667,0.17552,0.6,0.2,0.2,0.61072,0.800977,5
1295.KL,21/6/2023,0.702736,0.786308,0.130121,0.083572,1.0,0.0,0.0,0.702736,0.786308,2
1295.KL,21/6/2024,-0.148101,0.231161,0.389577,0.379262,0.4,0.2,0.4,0.566841,0.893018,5
1295.KL,21/6/2025,-0.391308,0.251676,0.10534,0.642984,0.333333,0.0,0.666667,0.857184,0.875922,3
1295.KL,21/7/2020,0.088941,0.447836,0.193268,0.358896,0.6,0.0,0.4,0.765161,0.803593,5
1295.KL,21/7/2021,0.74589,0.761953,0.221985,0.016062,1.0,0.0,0.0,0.74589,0.761953,2
1295.KL,21/7/2022,-0.502394,0.022164,0.453277,0.524559,0.0,0.333333,0.666667,0.502394,0.814798,3
1295.KL,21/7/2023,0.198405,0.446169,0.306066,0.247764,0.666667,0.0,0.333333,0.657923,0.73901,3
1295.KL,21/7/2024,-0.079395,0.219042,0.48252,0.298437,0.333333,0.333333,0.333333,0.231056,0.675186,3
1295.KL,21/7/2025,0.829968,0.844841,0.140285,0.014873,1.0,0.0,0.0,0.829968,0.844841,3
1295.KL,21/8/2020,0.546213,0.569057,0.408099,0.022844,1.0,0.0,0.0,0.546213,0.569057,1
1295.KL,21/8/2021,-0.007271,0.046966,0.898798,0.054237,0.0,1.0,0.0,0.007271,0.898798,1
1295.KL,21/8/2022,-0.107429,0.306839,0.278893,0.414268,0.5,0.0,0.5,0.690666,0.705886,2
1295.KL,21/8/2023,0.083664,0.330521,0.422622,0.246857,0.333333,0.333333,0.333333,0.509822,0.831118,3
1295.KL,21/8/2024,-0.059425,0.245468,0.449639,0.304893,0.444444,0.111111,0.444444,0.494652,0.761131,9
1295.KL,21/8/2025,-0.206589,0.039478,0.714456,0.246066,0.0,0.75,0.25,0.247967,0.923218,4
1295.KL,21/9/2020,-0.166375,0.240895,0.351834,0.407271,0.5,0.0,0.5,0.373249,0.510707,2
1295.KL,21/9/2021,-0.121176,0.051343,0.776138,0.172519,0.0,0.0,1.0,0.121176,0.776138,1
1295.KL,21/9/2022,-0.678404,0.066833,0.18793,0.745237,0.0,0.0,1.0,0.678404,0.745237,1
1295.KL,21/9/2023,-0.481657,0.081493,0.355357,0.56315,0.0,0.2,0.8,0.516159,0.743133,5
1295.KL,21/9/2024,-0.245703,0.254936,0.244425,0.500639,0.25,0.0,0.75,0.702749,0.797625,4
1295.KL,21/9/2025,0.840826,0.86036,0.120106,0.019534,1.0,0.0,0.0,0.840826,0.86036,1
1295.KL,22/1/2020,-0.439761,0.257363,0.045513,0.697124,0.0,0.0,1.0,0.439761,0.697124,2
1295.KL,22/1/2021,-0.216003,0.15532,0.473358,0.371322,0.375,0.125,0.5,0.456931,0.70413,8
1295.KL,22/1/2022,0.051512,0.070207,0.911098,0.018695,0.0,1.0,0.0,0.055101,0.911098,4
1295.KL,22/1/2023,0.0,0.0,0.0,0.0,0.0,0.0,0.0,0.0,0.0,0
1295.KL,22/1/2024,-0.224805,0.095599,0.583997,0.320404,0.166667,0.333333,0.5,0.362966,0.742618,6
1295.KL,22/1/2025,0.057465,0.152452,0.752561,0.094987,0.75,0.0,0.25,0.211626,0.752561,4
1295.KL,22/1/2026,0.259732,0.360997,0.537737,0.101266,0.5,0.5,0.0,0.286639,0.712148,6
1295.KL,22/10/2020,0.235624,0.490618,0.254387,0.254995,0.6,0.2,0.2,0.609696,0.678481,5
1295.KL,22/10/2021,0.159946,0.389828,0.38029,0.229882,0.5,0.25,0.25,0.507822,0.727422,4
1295.KL,22/10/2022,-0.397679,0.057623,0.487074,0.455303,0.0,0.5,0.5,0.471399,0.882637,2
1295.KL,22/10/2023,0.025131,0.047799,0.929534,0.022667,0.0,1.0,0.0,0.025131,0.929534,1
1295.KL,22/10/2024,-0.140499,0.139478,0.580544,0.279977,0.166667,0.5,0.333333,0.276785,0.836272,6
1295.KL,22/10/2025,0.103653,0.355956,0.391741,0.252303,0.5,0.25,0.25,0.559782,0.805886,4
1295.KL,22/11/2020,0.290048,0.476968,0.336112,0.18692,0.75,0.0,0.25,0.625184,0.723965,4
1295.KL,22/11/2021,-0.172297,0.186716,0.454272,0.359013,0.2,0.4,0.4,0.468235,0.810169,5
1295.KL,22/11/2022,-0.24892,0.151176,0.448728,0.400096,0.4,0.2,0.4,0.477655,0.804356,5
1295.KL,22/11/2023,-0.86816,0.040037,0.051766,0.908197,0.0,0.0,1.0,0.86816,0.908197,4
1295.KL,22/11/2024,-0.332617,0.196973,0.273438,0.52959,0.166667,0.166667,0.666667,0.64352,0.822609,6
1295.KL,22/11/2025,-0.540122,0.088363,0.283153,0.628485,0.0,0.0,1.0,0.540122,0.816781,3
1295.KL,22/12/2020,-0.219223,0.061342,0.658094,0.280565,0.0,0.5,0.5,0.26908,0.835333,4
1295.KL,22/12/2021,0.88469,0.906806,0.071078,0.022116,1.0,0.0,0.0,0.88469,0.906806,1
1295.KL,22/12/2022,-0.551898,0.016852,0.414398,0.56875,0.0,0.0,1.0,0.551898,0.880492,2
1295.KL,22/12/2023,-0.410936,0.029872,0.529319,0.440808,0.0,0.5,0.5,0.435654,0.895666,2
1295.KL,22/12/2024,0.0,0.0,0.0,0.0,0.0,0.0,0.0,0.0,0.0,0
1295.KL,22/12/2025,0.745174,0.803826,0.137522,0.058652,1.0,0.0,0.0,0.745174,0.803826,2
1295.KL,22/2/2020,0.423288,0.434748,0.553792,0.01146,1.0,0.0,0.0,0.423288,0.709575,2
1295.KL,22/2/2021,0.0,0.0,0.0,0.0,0.0,0.0,0.0,0.0,0.0,0
1295.KL,22/2/2022,-0.071549,0.3315,0.26545,0.40305,0.4,0.2,0.4,0.679463,0.861411,5
1295.KL,22/2/2023,0.053517,0.077775,0.897967,0.024258,0.0,1.0,0.0,0.053517,0.897967,1
1295.KL,22/2/2024,0.064032,0.270392,0.523247,0.206361,0.6,0.2,0.2,0.416138,0.703449,5
1295.KL,22/2/2025,0.334263,0.583416,0.16743,0.249154,1.0,0.0,0.0,0.334263,0.583416,1
1295.KL,22/2/2026,-0.875785,0.018492,0.087231,0.894277,0.0,0.0,1.0,0.875785,0.894277,1
1295.KL,22/3/2020,-0.080058,0.230533,0.458875,0.310591,0.285714,0.142857,0.571429,0.461511,0.677746,7
1295.KL,22/3/2021,-0.36158,0.083964,0.470492,0.445544,0.25,0.25,0.5,0.483826,0.836657,4
1295.KL,22/3/2022,-0.088125,0.170036,0.571804,0.258161,0.2,0.4,0.4,0.21952,0.753798,5
1295.KL,22/3/2023,0.003492,0.120446,0.762599,0.116955,0.25,0.5,0.25,0.082566,0.773516,4
1295.KL,22/3/2024,-0.131881,0.149942,0.568234,0.281824,0.2,0.6,0.2,0.278887,0.841294,5
1295.KL,22/3/2025,0.0,0.0,0.0,0.0,0.0,0.0,0.0,0.0,0.0,0
1295.KL,22/4/2020,0.052184,0.088559,0.875067,0.036374,0.0,1.0,0.0,0.052184,0.875067,1
1295.KL,22/4/2021,0.109762,0.413216,0.28333,0.303454,0.5,0.0,0.5,0.431355,0.574013,2
1295.KL,22/4/2022,0.277436,0.316635,0.644166,0.039199,0.4,0.6,0.0,0.313405,0.821019,5
1295.KL,22/4/2023,0.243553,0.26371,0.716133,0.020157,1.0,0.0,0.0,0.243553,0.716133,2
1295.KL,22/4/2024,0.159453,0.207889,0.743675,0.048436,0.4,0.6,0.0,0.213825,0.81812,5
1295.KL,22/4/2025,0.200059,0.208072,0.783915,0.008013,1.0,0.0,0.0,0.200059,0.783915,1
1295.KL,22/5/2020,0.869724,0.915535,0.038655,0.045811,1.0,0.0,0.0,0.869724,0.915535,1
1295.KL,22/5/2021,0.006309,0.271638,0.463033,0.265329,0.5,0.25,0.25,0.481583,0.761964,4
1295.KL,22/5/2022,0.0,0.0,0.0,0.0,0.0,0.0,0.0,0.0,0.0,0
1295.KL,22/5/2023,-0.458044,0.089744,0.362469,0.547788,0.2,0.2,0.6,0.529804,0.862547,5
1295.KL,22/5/2024,-0.624435,0.02983,0.315905,0.654265,0.0,0.0,1.0,0.624435,0.792782,2
1295.KL,22/5/2025,-0.511073,0.045689,0.397548,0.556763,0.0,0.4,0.6,0.534715,0.890905,5
1295.KL,22/6/2020,-0.758846,0.034476,0.172201,0.793323,0.0,0.0,1.0,0.758846,0.793323,3
1295.KL,22/6/2021,0.152696,0.460477,0.231742,0.307781,0.666667,0.0,0.333333,0.712009,0.767896,3
1295.KL,22/6/2022,0.008343,0.301329,0.405685,0.292986,0.5,0.25,0.25,0.379137,0.70536,4
1295.KL,22/6/2023,-0.002515,0.234705,0.528075,0.23722,0.2,0.2,0.6,0.265097,0.664101,5
1295.KL,22/6/2024,-0.499034,0.072607,0.355752,0.571641,0.0,0.25,0.75,0.501848,0.79336,4
1295.KL,22/6/2025,-0.658863,0.04289,0.255356,0.701754,0.0,0.0,1.0,0.658863,0.701754,3
1295.KL,22/7/2020,-0.119419,0.376404,0.127774,0.495823,0.5,0.0,0.5,0.791958,0.832092,2
1295.KL,22/7/2021,0.369607,0.526867,0.315873,0.15726,0.5,0.5,0.0,0.369607,0.567689,2
1295.KL,22/7/2022,-0.058523,0.214511,0.512454,0.273035,0.166667,0.333333,0.5,0.330864,0.787689,6
1295.KL,22/7/2023,0.479292,0.507025,0.465242,0.027733,0.5,0.5,0.0,0.479292,0.928706,2
1295.KL,22/7/2024,0.219052,0.498307,0.222438,0.279255,0.666667,0.0,0.333333,0.738076,0.757819,3
1295.KL,22/7/2025,-0.230634,0.146087,0.477192,0.376721,0.333333,0.166667,0.5,0.469021,0.820389,6
1295.KL,22/8/2020,-0.324042,0.138961,0.398037,0.463003,0.25,0.25,0.5,0.477594,0.813047,4
1295.KL,22/8/2021,-0.047443,0.331559,0.289439,0.379002,0.4,0.0,0.6,0.396619,0.691363,5
1295.KL,22/8/2022,0.054233,0.363229,0.327774,0.308997,0.333333,0.333333,0.333333,0.612475,0.892579,3
1295.KL,22/8/2023,0.022548,0.236375,0.549798,0.213827,0.4,0.4,0.2,0.388555,0.906701,5
1295.KL,22/8/2024,-0.110748,0.21483,0.459591,0.325579,0.5,0.166667,0.333333,0.509901,0.873605,6
1295.KL,22/8/2025,-0.356142,0.056095,0.531669,0.412236,0.0,0.5,0.5,0.401941,0.832897,4
1295.KL,22/9/2020,-0.853455,0.031043,0.084458,0.884498,0.0,0.0,1.0,0.853455,0.884498,3
1295.KL,22/9/2021,0.173297,0.460319,0.252658,0.287023,0.571429,0.142857,0.285714,0.697574,0.849697,7
1295.KL,22/9/2022,-0.535898,0.152585,0.158933,0.688482,0.2,0.0,0.8,0.726523,0.785735,5
1295.KL,22/9/2023,-0.463152,0.155596,0.225656,0.618748,0.142857,0.142857,0.714286,0.719294,0.868753,7
1295.KL,22/9/2024,-0.465468,0.025459,0.483614,0.490927,0.0,0.25,0.75,0.465468,0.774146,4
1295.KL,22/9/2025,0.106438,0.247317,0.611803,0.140879,0.25,0.5,0.25,0.340362,0.830928,8
1295.KL,23/1/2020,-0.848614,0.056029,0.039329,0.904642,0.0,0.0,1.0,0.848614,0.904642,3
1295.KL,23/1/2021,0.0,0.0,0.0,0.0,0.0,0.0,0.0,0.0,0.0,0
1295.KL,23/1/2022,-0.933505,0.01842,0.029655,0.951925,0.0,0.0,1.0,0.933505,0.951925,1
1295.KL,23/1/2023,-0.033621,0.218873,0.528634,0.252494,0.5,0.25,0.25,0.436823,0.826621,4
1295.KL,23/1/2024,-0.29665,0.123221,0.456909,0.419871,0.2,0.2,0.6,0.499313,0.796383,5
1295.KL,23/1/2025,-0.293781,0.230526,0.245167,0.524307,0.25,0.125,0.625,0.699629,0.837914,8
1295.KL,23/1/2026,-0.233003,0.189134,0.38873,0.422137,0.375,0.125,0.5,0.575525,0.821299,8
1295.KL,23/10/2020,0.116775,0.326495,0.463786,0.209719,0.8,0.0,0.2,0.48673,0.759136,5
1295.KL,23/10/2021,-0.032648,0.460567,0.046218,0.493215,0.5,0.0,0.5,0.889412,0.921597,2
1295.KL,23/10/2022,-0.030831,0.030737,0.907695,0.061568,0.0,1.0,0.0,0.030831,0.907695,2
1295.KL,23/10/2023,0.208311,0.360352,0.487607,0.152041,0.428571,0.428571,0.142857,0.456488,0.841844,7
1295.KL,23/10/2024,0.183095,0.31774,0.547616,0.134644,0.428571,0.428571,0.142857,0.268155,0.701528,7
1295.KL,23/10/2025,-0.68827,0.024976,0.261779,0.713245,0.0,0.2,0.8,0.68827,0.891002,5
1295.KL,23/11/2020,0.830456,0.842234,0.145987,0.011778,1.0,0.0,0.0,0.830456,0.842234,3
1295.KL,23/11/2021,-0.701692,0.041672,0.214965,0.743363,0.0,0.0,1.0,0.701692,0.775294,4
1295.KL,23/11/2022,-0.949044,0.013998,0.02296,0.963042,0.0,0.0,1.0,0.949044,0.963042,1
1295.KL,23/11/2023,-0.004269,0.326144,0.343443,0.330413,0.333333,0.333333,0.333333,0.594796,0.907034,3
1295.KL,23/11/2024,-0.188087,0.146019,0.519874,0.334106,0.285714,0.285714,0.428571,0.433254,0.800359,7
1295.KL,23/11/2025,-0.01571,0.024957,0.934376,0.040667,0.0,1.0,0.0,0.01571,0.934376,1
1295.KL,23/12/2020,-0.165234,0.385848,0.063071,0.551081,0.4,0.0,0.6,0.860397,0.898663,5
1295.KL,23/12/2021,-0.154969,0.327546,0.18994,0.482515,0.333333,0.166667,0.5,0.622766,0.746077,6
1295.KL,23/12/2022,-0.222146,0.083293,0.611269,0.305438,0.2,0.4,0.4,0.331574,0.813183,5
1295.KL,23/12/2023,-0.958317,0.009325,0.023033,0.967642,0.0,0.0,1.0,0.958317,0.967642,1
1295.KL,23/12/2024,-0.383213,0.224935,0.166917,0.608148,0.333333,0.0,0.666667,0.810578,0.82183,3
1295.KL,23/12/2025,0.154405,0.334194,0.486018,0.179789,0.6,0.2,0.2,0.372774,0.735722,5
1295.KL,23/2/2020,-0.876515,0.017989,0.087506,0.894505,0.0,0.0,1.0,0.876515,0.894505,1
1295.KL,23/2/2021,-0.059393,0.169342,0.601922,0.228736,0.5,0.25,0.25,0.346979,0.740209,4
1295.KL,23/2/2022,-0.205312,0.038193,0.718302,0.243505,0.0,0.5,0.5,0.205312,0.718302,2
1295.KL,23/2/2023,0.013581,0.481464,0.050653,0.467883,0.5,0.0,0.5,0.897786,0.923566,2
1295.KL,23/2/2024,-0.5698,0.023384,0.383431,0.593185,0.0,0.0,1.0,0.5698,0.846178,2
1295.KL,23/2/2025,-0.452844,0.024865,0.497426,0.477709,0.0,0.5,0.5,0.452844,0.924344,2
1295.KL,23/2/2026,0.482482,0.662273,0.157936,0.179791,0.666667,0.0,0.333333,0.727713,0.784889,3
1295.KL,23/3/2020,-0.13985,0.145316,0.569518,0.285166,0.25,0.5,0.25,0.310609,0.780858,4
1295.KL,23/3/2021,-0.256461,0.262368,0.218803,0.518829,0.25,0.0,0.75,0.679559,0.730378,4
1295.KL,23/3/2022,-0.206703,0.261214,0.270868,0.467918,0.5,0.0,0.5,0.683029,0.844485,6
1295.KL,23/3/2023,-0.376794,0.094462,0.434282,0.471256,0.0,0.333333,0.666667,0.407064,0.771178,3
1295.KL,23/3/2024,-0.095,0.396103,0.112794,0.491103,0.333333,0.0,0.666667,0.712593,0.7999,3
1295.KL,23/3/2025,-0.511739,0.037275,0.413711,0.549014,0.0,0.4,0.6,0.546269,0.900426,5
1295.KL,23/4/2020,0.387171,0.483897,0.419376,0.096727,0.833333,0.0,0.166667,0.471287,0.762127,6
1295.KL,23/4/2021,-0.571695,0.021664,0.384977,0.593359,0.0,0.333333,0.666667,0.571695,0.86453,3
1295.KL,23/4/2022,-0.869932,0.015872,0.098323,0.885805,0.0,0.0,1.0,0.869932,0.885805,1
1295.KL,23/4/2023,0.381151,0.41005,0.56105,0.0289,0.5,0.5,0.0,0.399042,0.863472,2
1295.KL,23/4/2024,0.329651,0.348222,0.633208,0.018571,0.666667,0.333333,0.0,0.330659,0.893348,3
1295.KL,23/4/2025,0.215326,0.249291,0.716744,0.033965,0.25,0.75,0.0,0.217735,0.852249,4
1295.KL,23/5/2020,0.173877,0.188175,0.797526,0.014299,1.0,0.0,0.0,0.173877,0.797526,2
1295.KL,23/5/2021,0.130328,0.155567,0.819194,0.025239,1.0,0.0,0.0,0.130328,0.819194,1
1295.KL,23/5/2022,0.020162,0.32496,0.370242,0.304798,0.444444,0.111111,0.444444,0.588058,0.830742,9
1295.KL,23/5/2023,-0.860235,0.020053,0.099659,0.880288,0.0,0.0,1.0,0.860235,0.880288,1
1295.KL,23/5/2024,0.559565,0.570505,0.418555,0.01094,1.0,0.0,0.0,0.559565,0.664348,2
1295.KL,23/5/2025,0.21554,0.35765,0.50024,0.14211,0.571429,0.285714,0.142857,0.465847,0.874322,7
1295.KL,23/6/2020,-0.227445,0.302458,0.167639,0.529903,0.4,0.0,0.6,0.691839,0.836008,5
1295.KL,23/6/2021,0.120615,0.322963,0.474689,0.202348,0.6,0.2,0.2,0.491851,0.797052,5
1295.KL,23/6/2022,-0.307181,0.173602,0.345615,0.480783,0.166667,0.166667,0.666667,0.59384,0.784801,6
1295.KL,23/6/2023,-0.346825,0.226977,0.199221,0.573802,0.166667,0.166667,0.666667,0.641562,0.843343,6
1295.KL,23/6/2024,-0.383577,0.027369,0.561684,0.410947,0.0,0.5,0.5,0.383577,0.855896,2
1295.KL,23/6/2025,0.295343,0.34286,0.609623,0.047517,0.666667,0.333333,0.0,0.295343,0.660714,3
1295.KL,23/7/2020,-0.205957,0.257571,0.278902,0.463527,0.2,0.2,0.6,0.562752,0.778045,5
1295.KL,23/7/2021,0.301546,0.415562,0.470422,0.114016,0.5,0.25,0.25,0.464996,0.760139,4
1295.KL,23/7/2022,0.414241,0.443315,0.527611,0.029074,0.5,0.5,0.0,0.4341,0.892884,2
1295.KL,23/7/2023,-0.160428,0.028864,0.781845,0.189292,0.0,0.5,0.5,0.160428,0.781845,2
1295.KL,23/7/2024,-0.200699,0.125931,0.54744,0.32663,0.4,0.2,0.4,0.365778,0.724582,5
1295.KL,23/7/2025,0.26944,0.460773,0.347895,0.191332,0.5,0.333333,0.166667,0.588582,0.920105,6
1295.KL,23/8/2020,0.0,0.0,0.0,0.0,0.0,0.0,0.0,0.0,0.0,0
1295.KL,23/8/2021,-0.137685,0.257737,0.346841,0.395422,0.4,0.2,0.4,0.60222,0.881965,5
1295.KL,23/8/2022,-0.311043,0.234177,0.220603,0.54522,0.4,0.0,0.6,0.731577,0.865907,5
1295.KL,23/8/2023,0.078852,0.094609,0.889634,0.015757,0.0,1.0,0.0,0.078852,0.889634,1
1295.KL,23/8/2024,-0.201984,0.178568,0.44088,0.380552,0.222222,0.444444,0.333333,0.434729,0.849176,9
1295.KL,23/8/2025,0.589232,0.601873,0.385486,0.012641,1.0,0.0,0.0,0.589232,0.601873,1
1295.KL,23/9/2020,0.231273,0.26758,0.696112,0.036307,0.4,0.6,0.0,0.231273,0.860364,5
1295.KL,23/9/2021,0.351356,0.467855,0.415646,0.116499,0.666667,0.333333,0.0,0.364227,0.768071,3
1295.KL,23/9/2022,-0.338819,0.047777,0.565627,0.386596,0.0,0.5,0.5,0.338819,0.769727,2
1295.KL,23/9/2023,0.015523,0.164052,0.68742,0.148528,0.333333,0.0,0.666667,0.213854,0.68742,3
1295.KL,23/9/2024,0.251535,0.42418,0.403174,0.172646,0.666667,0.0,0.333333,0.329846,0.609323,3
1295.KL,23/9/2025,0.235476,0.437348,0.360781,0.201872,0.6,0.2,0.2,0.472494,0.600225,5
1295.KL,24/1/2020,0.009227,0.305352,0.398524,0.296125,0.5,0.166667,0.333333,0.452811,0.758194,6
1295.KL,24/1/2021,0.0,0.0,0.0,0.0,0.0,0.0,0.0,0.0,0.0,0
1295.KL,24/1/2022,0.158683,0.4886,0.181483,0.329917,0.666667,0.0,0.333333,0.79354,0.806028,3
1295.KL,24/1/2023,0.175406,0.18668,0.802046,0.011274,1.0,0.0,0.0,0.175406,0.802046,1
1295.KL,24/1/2024,0.258583,0.554199,0.150184,0.295617,0.666667,0.0,0.333333,0.754666,0.802241,6
1295.KL,24/1/2025,-0.399804,0.206165,0.187866,0.605969,0.25,0.0,0.75,0.760939,0.786537,4
1295.KL,24/1/2026,0.150119,0.189594,0.770931,0.039475,0.75,0.25,0.0,0.150119,0.770931,4
1295.KL,24/10/2020,-0.341092,0.277544,0.10382,0.618636,0.333333,0.0,0.666667,0.860502,0.878341,3
1295.KL,24/10/2021,0.6043,0.621905,0.36049,0.017605,1.0,0.0,0.0,0.6043,0.621905,1
1295.KL,24/10/2022,0.0,0.0,0.0,0.0,0.0,0.0,0.0,0.0,0.0,0
1295.KL,24/10/2023,-0.11723,0.11695,0.64887,0.23418,0.25,0.5,0.25,0.195904,0.824254,4
1295.KL,24/10/2024,-0.668809,0.057959,0.215272,0.726769,0.2,0.0,0.8,0.746016,0.877648,5
1295.KL,24/10/2025,-0.338063,0.288645,0.084648,0.626708,0.5,0.0,0.5,0.598236,0.756794,2
1295.KL,24/11/2020,-0.168385,0.105476,0.620662,0.273862,0.25,0.0,0.75,0.294694,0.620662,4
1295.KL,24/11/2021,-0.358048,0.048903,0.544146,0.406951,0.0,0.5,0.5,0.384761,0.843454,4
1295.KL,24/11/2022,-0.284869,0.254063,0.207005,0.538932,0.25,0.0,0.75,0.581304,0.68715,4
1295.KL,24/11/2023,0.369781,0.56003,0.249721,0.190249,0.8,0.0,0.2,0.569867,0.660073,5
1295.KL,24/11/2024,0.02722,0.228489,0.570241,0.201269,0.5,0.0,0.5,0.280438,0.570241,2
1295.KL,24/11/2025,0.036921,0.261854,0.513213,0.224933,0.333333,0.333333,0.333333,0.313387,0.679591,3
1295.KL,24/12/2020,0.422856,0.485906,0.451045,0.063049,0.5,0.5,0.0,0.489738,0.9022,2
1295.KL,24/12/2021,-0.397748,0.051228,0.499796,0.448976,0.25,0.25,0.5,0.472749,0.896582,4
1295.KL,24/12/2022,-0.208004,0.057531,0.676935,0.265534,0.0,0.75,0.25,0.259373,0.907574,4
1295.KL,24/12/2023,-0.738054,0.076046,0.109854,0.8141,0.0,0.0,1.0,0.738054,0.8141,1
1295.KL,24/12/2024,-0.659031,0.020308,0.300353,0.679339,0.0,0.0,1.0,0.659031,0.815458,4
1295.KL,24/12/2025,-0.525202,0.202909,0.06898,0.728111,0.0,0.0,1.0,0.525202,0.728111,2
1295.KL,24/2/2020,-0.954261,0.010729,0.024281,0.96499,0.0,0.0,1.0,0.954261,0.96499,2
1295.KL,24/2/2021,0.133209,0.161321,0.810567,0.028112,1.0,0.0,0.0,0.133209,0.810567,2
1295.KL,24/2/2022,-0.670158,0.037445,0.254951,0.707604,0.0,0.2,0.8,0.694938,0.880419,5
1295.KL,24/2/2023,-0.088755,0.141811,0.627622,0.230566,0.375,0.375,0.25,0.208424,0.740468,8
1295.KL,24/2/2024,0.239959,0.251488,0.736983,0.011529,1.0,0.0,0.0,0.239959,0.736983,2
1295.KL,24/2/2025,0.0,0.0,0.0,0.0,0.0,0.0,0.0,0.0,0.0,0
1295.KL,24/2/2026,-0.628394,0.017771,0.336064,0.646165,0.0,0.333333,0.666667,0.628394,0.944113,3
1295.KL,24/3/2020,-0.322795,0.128317,0.420572,0.451112,0.166667,0.333333,0.5,0.507178,0.84375,12
1295.KL,24/3/2021,-0.459993,0.042414,0.455179,0.502407,0.0,0.5,0.5,0.487058,0.915663,4
1295.KL,24/3/2022,-0.353525,0.165173,0.316129,0.518698,0.25,0.0,0.75,0.63977,0.702718,4
1295.KL,24/3/2023,-0.087544,0.048751,0.814955,0.136294,0.0,1.0,0.0,0.087544,0.814955,1
1295.KL,24/3/2024,0.0,0.0,0.0,0.0,0.0,0.0,0.0,0.0,0.0,0
1295.KL,24/3/2025,0.166759,0.334995,0.496769,0.168236,0.444444,0.222222,0.333333,0.428185,0.850053,9
1295.KL,24/4/2020,-0.387104,0.116957,0.378981,0.504061,0.142857,0.285714,0.571429,0.476545,0.805441,7
1295.KL,24/4/2021,0.362349,0.590593,0.181163,0.228244,0.75,0.0,0.25,0.664407,0.741622,4
1295.KL,24/4/2022,0.348501,0.377006,0.594488,0.028505,1.0,0.0,0.0,0.348501,0.718304,3
1295.KL,24/4/2023,-0.943124,0.011367,0.034142,0.954491,0.0,0.0,1.0,0.943124,0.954491,1
1295.KL,24/4/2024,0.747481,0.791478,0.164525,0.043997,1.0,0.0,0.0,0.747481,0.791478,3
1295.KL,24/4/2025,-0.129494,0.260133,0.350239,0.389628,0.333333,0.0,0.666667,0.599294,0.783691,3
1295.KL,24/5/2020,-0.455474,0.055708,0.43311,0.511182,0.0,0.333333,0.666667,0.460773,0.760717,3
1295.KL,24/5/2021,0.062666,0.074516,0.913634,0.01185,0.0,1.0,0.0,0.062666,0.913634,1
1295.KL,24/5/2022,0.177124,0.442956,0.291211,0.265833,0.5,0.25,0.25,0.631041,0.888913,4
1295.KL,24/5/2023,-0.35444,0.037566,0.570428,0.392006,0.0,0.2,0.8,0.364833,0.737379,5
1295.KL,24/5/2024,-0.33917,0.091535,0.47776,0.430705,0.25,0.25,0.5,0.463096,0.831827,4
1295.KL,24/5/2025,0.156291,0.189811,0.776668,0.033521,0.333333,0.666667,0.0,0.166398,0.776668,3
1295.KL,24/6/2020,-0.62586,0.097008,0.180124,0.722868,0.0,0.25,0.75,0.62586,0.794258,4
1295.KL,24/6/2021,-0.254649,0.031034,0.683282,0.285683,0.0,0.5,0.5,0.273952,0.851843,4
1295.KL,24/6/2022,-0.558836,0.08325,0.274664,0.642086,0.0,0.25,0.75,0.607368,0.823414,4
1295.KL,24/6/2023,-0.632101,0.019958,0.327983,0.652059,0.0,0.0,1.0,0.632101,0.724666,2
1295.KL,24/6/2024,-0.393486,0.022895,0.560724,0.416381,0.0,0.5,0.5,0.393486,0.860503,2
1295.KL,24/6/2025,0.078566,0.347664,0.383238,0.269098,0.4,0.4,0.2,0.48586,0.786879,5
1295.KL,24/7/2020,-0.11687,0.241563,0.400004,0.358433,0.428571,0.142857,0.428571,0.454578,0.83458,7
1295.KL,24/7/2021,-0.399593,0.095673,0.409062,0.495265,0.5,0.0,0.5,0.540256,0.875826,2
1295.KL,24/7/2022,0.0,0.0,0.0,0.0,0.0,0.0,0.0,0.0,0.0,0
1295.KL,24/7/2023,-0.272183,0.025069,0.677678,0.297253,0.0,0.0,1.0,0.272183,0.677678,1
1295.KL,24/7/2024,-0.224516,0.178553,0.418378,0.403069,0.333333,0.166667,0.5,0.425178,0.648448,6
1295.KL,24/7/2025,0.253498,0.452866,0.347767,0.199367,0.5,0.333333,0.166667,0.522626,0.877665,6
1295.KL,24/8/2020,-0.62382,0.068141,0.239897,0.691961,0.0,0.0,1.0,0.62382,0.691961,3
1295.KL,24/8/2021,-0.293443,0.186741,0.333075,0.480184,0.5,0.0,0.5,0.506391,0.753183,4
1295.KL,24/8/2022,-0.088859,0.040397,0.830347,0.129256,0.0,0.5,0.5,0.117031,0.830347,2
1295.KL,24/8/2023,0.025661,0.06944,0.886781,0.043779,0.333333,0.666667,0.0,0.059575,0.886781,3
1295.KL,24/8/2024,0.151849,0.222706,0.706438,0.070856,0.2,0.6,0.2,0.24507,0.884367,5
1295.KL,24/8/2025,-0.451289,0.021196,0.50632,0.472485,0.0,0.333333,0.666667,0.451289,0.813882,3
1295.KL,24/9/2020,0.142382,0.372106,0.39817,0.229724,0.4,0.4,0.2,0.556774,0.898388,5
1295.KL,24/9/2021,0.233777,0.600509,0.032759,0.366732,0.5,0.0,0.5,0.632976,0.800108,2
1295.KL,24/9/2022,-0.178244,0.097815,0.626127,0.276059,0.25,0.5,0.25,0.288178,0.85887,4
1295.KL,24/9/2023,-0.916861,0.018864,0.045412,0.935724,0.0,0.0,1.0,0.916861,0.935724,3
1295.KL,24/9/2024,0.884182,0.925879,0.032423,0.041697,1.0,0.0,0.0,0.884182,0.925879,1
1295.KL,24/9/2025,0.134834,0.319029,0.496775,0.184196,0.666667,0.0,0.333333,0.358576,0.618519,6
1295.KL,25/1/2020,0.0,0.0,0.0,0.0,0.0,0.0,0.0,0.0,0.0,0
1295.KL,25/1/2021,0.212145,0.31006,0.592025,0.097915,0.333333,0.666667,0.0,0.251869,0.825667,3
1295.KL,25/1/2022,0.034842,0.364071,0.3067,0.329229,0.666667,0.0,0.333333,0.672399,0.867985,3
1295.KL,25/1/2023,-0.118654,0.051188,0.77897,0.169842,0.0,0.333333,0.666667,0.166149,0.77897,3
1295.KL,25/1/2024,-0.096232,0.127998,0.647772,0.22423,0.0,0.666667,0.333333,0.154385,0.834234,3
1295.KL,25/1/2025,-0.282439,0.080282,0.556997,0.362721,0.166667,0.5,0.333333,0.355902,0.843915,6
1295.KL,25/1/2026,-0.558738,0.023245,0.394771,0.581983,0.0,0.0,1.0,0.558738,0.784778,2
1295.KL,25/10/2020,-0.784261,0.024277,0.167184,0.808538,0.0,0.0,1.0,0.784261,0.808538,1
1295.KL,25/10/2021,-0.007407,0.329622,0.333349,0.337029,0.333333,0.333333,0.333333,0.627323,0.935641,3
1295.KL,25/10/2022,-0.156355,0.071092,0.701461,0.227447,0.25,0.25,0.5,0.225005,0.758991,4
1295.KL,25/10/2023,-0.175901,0.215147,0.393805,0.391048,0.5,0.0,0.5,0.542324,0.826908,6
1295.KL,25/10/2024,-0.061473,0.411852,0.114824,0.473325,0.5,0.0,0.5,0.84701,0.866093,4
1295.KL,25/10/2025,-0.048296,0.252194,0.447317,0.30049,0.6,0.0,0.4,0.501314,0.818977,5
1295.KL,25/11/2020,-0.328798,0.266381,0.138441,0.595179,0.2,0.0,0.8,0.633825,0.747692,5
1295.KL,25/11/2021,-0.10412,0.348176,0.199528,0.452296,0.5,0.0,0.5,0.69001,0.745241,4
1295.KL,25/11/2022,0.028678,0.122188,0.784302,0.09351,0.0,1.0,0.0,0.032426,0.784302,2
1295.KL,25/11/2023,-0.415416,0.210006,0.164572,0.625422,0.333333,0.0,0.666667,0.799612,0.81752,3
1295.KL,25/11/2024,-0.018809,0.314854,0.351483,0.333663,0.5,0.25,0.25,0.492462,0.679315,4
1295.KL,25/11/2025,0.0,0.0,0.0,0.0,0.0,0.0,0.0,0.0,0.0,0
1295.KL,25/12/2020,0.139462,0.253332,0.632797,0.113871,0.4,0.4,0.2,0.282813,0.760533,5
1295.KL,25/12/2021,-0.19524,0.086616,0.631528,0.281856,0.5,0.0,0.5,0.29805,0.666551,2
1295.KL,25/12/2022,-0.472987,0.044843,0.437327,0.51783,0.0,0.0,1.0,0.472987,0.752796,2
1295.KL,25/12/2023,-0.015652,0.027575,0.929197,0.043227,0.0,1.0,0.0,0.015652,0.929197,1
1295.KL,25/12/2024,-0.212744,0.253432,0.280393,0.466175,0.25,0.125,0.625,0.663427,0.87284,8
1295.KL,25/12/2025,0.597743,0.643025,0.311692,0.045283,1.0,0.0,0.0,0.597743,0.643025,3
1295.KL,25/2/2020,-0.898545,0.025511,0.050434,0.924056,0.0,0.0,1.0,0.898545,0.924056,1
1295.KL,25/2/2021,0.261128,0.393989,0.473149,0.132861,0.75,0.0,0.25,0.354221,0.700986,4
1295.KL,25/2/2022,0.049386,0.267482,0.514421,0.218096,0.375,0.375,0.25,0.418133,0.799491,8
1295.KL,25/2/2023,-0.243865,0.22611,0.303915,0.469975,0.25,0.0,0.75,0.65207,0.821268,4
1295.KL,25/2/2024,0.0,0.0,0.0,0.0,0.0,0.0,0.0,0.0,0.0,0
1295.KL,25/2/2025,-0.382074,0.24717,0.123587,0.629243,0.25,0.0,0.75,0.798961,0.837687,4
1295.KL,25/2/2026,-0.2455,0.160936,0.432629,0.406435,0.222222,0.333333,0.444444,0.481599,0.860153,9
1295.KL,25/3/2020,-0.290642,0.111394,0.48657,0.402036,0.1,0.4,0.5,0.384862,0.787825,10
1295.KL,25/3/2021,0.03436,0.258917,0.516526,0.224557,0.4,0.4,0.2,0.41393,0.794962,5
1295.KL,25/3/2022,-0.098115,0.111845,0.678195,0.20996,0.4,0.4,0.2,0.288339,0.856723,5
1295.KL,25/3/2023,-0.408418,0.084002,0.423578,0.49242,0.5,0.0,0.5,0.549646,0.896027,2
1295.KL,25/3/2024,0.014112,0.482197,0.049719,0.468085,0.5,0.0,0.5,0.886627,0.918454,2
1295.KL,25/3/2025,0.307898,0.341952,0.623994,0.034054,0.571429,0.428571,0.0,0.315317,0.875697,7
1295.KL,25/4/2020,-0.49031,0.092388,0.324913,0.582698,0.333333,0.0,0.666667,0.618454,0.834904,3
1295.KL,25/4/2021,0.076512,0.092828,0.890857,0.016316,0.333333,0.666667,0.0,0.076512,0.890857,3
1295.KL,25/4/2022,-0.680306,0.023398,0.272899,0.703704,0.0,0.0,1.0,0.680306,0.703704,2
1295.KL,25/4/2023,0.018882,0.045797,0.927288,0.026915,0.0,1.0,0.0,0.027971,0.927288,3
1295.KL,25/4/2024,0.215954,0.408451,0.399052,0.192497,0.5,0.0,0.5,0.533998,0.691829,4
1295.KL,25/4/2025,-0.018448,0.054093,0.873365,0.072542,0.0,1.0,0.0,0.018448,0.873365,2
1295.KL,25/5/2020,-0.02461,0.034781,0.905827,0.059392,0.0,1.0,0.0,0.02461,0.905827,1
1295.KL,25/5/2021,-0.778571,0.022804,0.175822,0.801374,0.0,0.0,1.0,0.778571,0.801374,2
1295.KL,25/5/2022,-0.153137,0.286901,0.27306,0.440039,0.5,0.0,0.5,0.629243,0.79551,6
1295.KL,25/5/2023,-0.57049,0.051461,0.326588,0.621951,0.0,0.333333,0.666667,0.631286,0.905535,3
1295.KL,25/5/2024,0.174026,0.186725,0.800576,0.012699,1.0,0.0,0.0,0.174026,0.800576,1
1295.KL,25/5/2025,-0.003031,0.464721,0.067528,0.467751,0.5,0.0,0.5,0.9059,0.919186,2
1295.KL,25/6/2020,-0.660848,0.023555,0.292042,0.684403,0.0,0.0,1.0,0.660848,0.759067,4
1295.KL,25/6/2021,-0.433728,0.035724,0.494825,0.469451,0.0,0.5,0.5,0.433728,0.866178,2
1295.KL,25/6/2022,0.0,0.0,0.0,0.0,0.0,0.0,0.0,0.0,0.0,0
1295.KL,25/6/2023,0.280741,0.450674,0.379392,0.169934,0.8,0.0,0.2,0.530999,0.792751,5
1295.KL,25/6/2024,-0.617988,0.023044,0.335924,0.641032,0.0,0.333333,0.666667,0.617988,0.939218,3
1295.KL,25/6/2025,-0.229028,0.240965,0.289041,0.469993,0.25,0.25,0.5,0.671746,0.914762,4
1295.KL,25/7/2020,-0.118341,0.26824,0.345179,0.386581,0.333333,0.0,0.666667,0.541056,0.597938,3
1295.KL,25/7/2021,-0.641629,0.020485,0.317401,0.662114,0.0,0.333333,0.666667,0.641629,0.936807,3
1295.KL,25/7/2022,-0.382063,0.104464,0.409008,0.486528,0.5,0.0,0.5,0.534475,0.872909,4
1295.KL,25/7/2023,0.090864,0.412266,0.266333,0.321402,0.5,0.0,0.5,0.579213,0.737211,6
1295.KL,25/7/2024,-0.590324,0.07374,0.262196,0.664064,0.25,0.0,0.75,0.710634,0.846345,4
1295.KL,25/7/2025,-0.120551,0.256514,0.366421,0.377065,0.4,0.2,0.4,0.585678,0.858304,5
1295.KL,25/8/2020,-0.077808,0.086045,0.750101,0.163853,0.0,0.666667,0.333333,0.163051,0.759931,3
1295.KL,25/8/2021,0.008871,0.328674,0.351523,0.319803,0.333333,0.0,0.666667,0.338525,0.651034,6
1295.KL,25/8/2022,-0.832876,0.019691,0.127743,0.852567,0.0,0.0,1.0,0.832876,0.852567,3
1295.KL,25/8/2023,0.191266,0.287333,0.6166,0.096067,0.666667,0.333333,0.0,0.191266,0.688218,3
1295.KL,25/8/2024,0.50673,0.549251,0.408228,0.042521,1.0,0.0,0.0,0.50673,0.549251,1
1295.KL,25/8/2025,0.197477,0.397139,0.403199,0.199662,0.666667,0.333333,0.0,0.201822,0.615377,3
1295.KL,25/9/2020,0.153169,0.435547,0.282076,0.282377,0.714286,0.0,0.285714,0.67356,0.864626,7
1295.KL,25/9/2021,-0.077882,0.113335,0.695448,0.191217,0.5,0.25,0.25,0.246135,0.787812,4
1295.KL,25/9/2022,-0.732854,0.025589,0.215969,0.758442,0.0,0.0,1.0,0.732854,0.874061,4
1295.KL,25/9/2023,-0.342943,0.051306,0.554446,0.394249,0.0,0.0,1.0,0.342943,0.554446,1
1295.KL,25/9/2024,-0.046818,0.154499,0.644184,0.201317,0.6,0.2,0.2,0.327221,0.828771,5
1295.KL,25/9/2025,-0.288736,0.057459,0.596347,0.346194,0.0,0.6,0.4,0.327998,0.811507,5
1295.KL,26/1/2020,0.0,0.0,0.0,0.0,0.0,0.0,0.0,0.0,0.0,0
1295.KL,26/1/2021,-0.056814,0.284277,0.374631,0.341091,0.571429,0.0,0.428571,0.591095,0.722931,7
1295.KL,26/1/2022,0.234333,0.403751,0.426831,0.169418,0.666667,0.0,0.333333,0.456948,0.692387,3
1295.KL,26/1/2023,0.430847,0.703395,0.024058,0.272548,1.0,0.0,0.0,0.430847,0.703395,1
1295.KL,26/1/2024,-0.041377,0.243768,0.471087,0.285145,0.4,0.3,0.3,0.386489,0.783546,10
1295.KL,26/1/2025,-0.95247,0.009975,0.02758,0.962445,0.0,0.0,1.0,0.95247,0.962445,1
1295.KL,26/1/2026,0.063574,0.301323,0.460928,0.237749,0.4,0.2,0.4,0.425934,0.699696,5
1295.KL,26/10/2020,-0.007838,0.477526,0.037111,0.485364,0.5,0.0,0.5,0.901841,0.932365,2
1295.KL,26/10/2021,0.020862,0.171379,0.678104,0.150517,0.5,0.0,0.5,0.197724,0.678104,2
1295.KL,26/10/2022,0.44592,0.507907,0.430106,0.061987,0.833333,0.166667,0.0,0.450583,0.704265,6
1295.KL,26/10/2023,0.197442,0.323108,0.551225,0.125666,0.428571,0.428571,0.142857,0.250136,0.820899,7
1295.KL,26/10/2024,0.084567,0.374853,0.334862,0.290286,0.666667,0.0,0.333333,0.575762,0.872134,3
1295.KL,26/10/2025,-0.226596,0.067805,0.637793,0.294402,0.333333,0.333333,0.333333,0.330008,0.879509,3
1295.KL,26/11/2020,-0.755321,0.093721,0.057238,0.849041,0.0,0.0,1.0,0.755321,0.849041,2
1295.KL,26/11/2021,-0.15143,0.273256,0.302058,0.424686,0.5,0.0,0.5,0.667107,0.805265,4
1295.KL,26/11/2022,-0.564918,0.062583,0.309915,0.627502,0.0,0.25,0.75,0.564918,0.75344,4
1295.KL,26/11/2023,0.394007,0.40274,0.588527,0.008733,1.0,0.0,0.0,0.394007,0.588527,1
1295.KL,26/11/2024,-0.036836,0.155476,0.652213,0.192312,0.333333,0.0,0.666667,0.122763,0.708613,3
1295.KL,26/11/2025,-0.453364,0.168439,0.209758,0.621803,0.25,0.0,0.75,0.688411,0.74381,4
1295.KL,26/12/2020,-0.944083,0.011187,0.033544,0.955269,0.0,0.0,1.0,0.944083,0.955269,1
1295.KL,26/12/2021,-0.017346,0.051013,0.880628,0.068359,0.0,1.0,0.0,0.017346,0.880628,1
1295.KL,26/12/2022,0.0,0.0,0.0,0.0,0.0,0.0,0.0,0.0,0.0,0
1295.KL,26/12/2023,-0.166349,0.076266,0.681118,0.242616,0.333333,0.333333,0.333333,0.262441,0.836712,6
1295.KL,26/12/2024,0.0,0.0,0.0,0.0,0.0,0.0,0.0,0.0,0.0,0
1295.KL,26/12/2025,-0.948577,0.009374,0.032675,0.957951,0.0,0.0,1.0,0.948577,0.957951,1
1295.KL,26/2/2020,-0.495471,0.055702,0.393126,0.551173,0.0,0.0,1.0,0.495471,0.828012,2
1295.KL,26/2/2021,0.056549,0.262714,0.531121,0.206165,0.25,0.5,0.25,0.412995,0.883037,4
1295.KL,26/2/2022,-0.22075,0.181695,0.41586,0.402445,0.166667,0.333333,0.5,0.369521,0.697766,6
1295.KL,26/2/2023,-0.431826,0.030602,0.50697,0.462428,0.0,0.0,1.0,0.431826,0.78982,3
1295.KL,26/2/2024,-0.910607,0.032689,0.024015,0.943296,0.0,0.0,1.0,0.910607,0.943296,1
1295.KL,26/2/2025,0.381542,0.540589,0.300364,0.159047,0.5,0.25,0.25,0.534866,0.840797,4
1295.KL,26/2/2026,-0.10547,0.267217,0.360097,0.372686,0.444444,0.222222,0.333333,0.490611,0.750748,9
1295.KL,26/3/2020,-0.677019,0.037013,0.248954,0.714033,0.0,0.2,0.8,0.712704,0.883525,5
1295.KL,26/3/2021,-0.294056,0.25746,0.191025,0.551515,0.333333,0.0,0.666667,0.741185,0.77508,3
1295.KL,26/3/2022,-0.309659,0.023172,0.643998,0.33283,0.0,0.666667,0.333333,0.310434,0.929632,3
1295.KL,26/3/2023,-0.002739,0.11722,0.76282,0.119959,0.5,0.25,0.25,0.19409,0.76282,4
1295.KL,26/3/2024,0.206359,0.261271,0.683816,0.054912,0.6,0.4,0.0,0.257293,0.684142,5
1295.KL,26/3/2025,0.160144,0.34904,0.462064,0.188896,0.4,0.4,0.2,0.508025,0.859048,5
1295.KL,26/4/2020,-0.675764,0.030432,0.263372,0.706196,0.0,0.0,1.0,0.675764,0.706196,2
1295.KL,26/4/2021,0.135811,0.46587,0.20407,0.33006,0.5,0.0,0.5,0.657125,0.792828,6
1295.KL,26/4/2022,0.172382,0.370838,0.430706,0.198456,0.5,0.333333,0.166667,0.357563,0.760815,6
1295.KL,26/4/2023,-0.716837,0.030953,0.221258,0.74779,0.0,0.0,1.0,0.716837,0.839676,3
1295.KL,26/4/2024,0.136231,0.240153,0.655926,0.103921,0.166667,0.666667,0.166667,0.22687,0.804741,6
1295.KL,26/4/2025,-0.325297,0.263084,0.148535,0.588381,0.333333,0.0,0.666667,0.815203,0.833334,3
1295.KL,26/5/2020,0.020309,0.279116,0.462076,0.258807,0.25,0.5,0.25,0.500144,0.897163,4
1295.KL,26/5/2021,-0.830739,0.013938,0.141385,0.844677,0.0,0.0,1.0,0.830739,0.844677,1
1295.KL,26/5/2022,-0.059648,0.278256,0.383839,0.337904,0.444444,0.222222,0.333333,0.473488,0.764265,9
1295.KL,26/5/2023,-0.364313,0.036978,0.561731,0.401291,0.0,0.5,0.5,0.383087,0.83934,4
1295.KL,26/5/2024,0.186342,0.304296,0.577751,0.117954,0.333333,0.333333,0.333333,0.337853,0.782231,3
1295.KL,26/5/2025,-0.129299,0.261545,0.347612,0.390844,0.5,0.0,0.5,0.602679,0.798991,4
1295.KL,26/6/2020,0.072515,0.353586,0.365343,0.281071,0.333333,0.333333,0.333333,0.550149,0.852645,6
1295.KL,26/6/2021,-0.34778,0.06756,0.517101,0.41534,0.5,0.0,0.5,0.454934,0.843387,2
1295.KL,26/6/2022,-0.264358,0.305328,0.124986,0.569686,0.333333,0.0,0.666667,0.775047,0.82503,3
1295.KL,26/6/2023,0.369172,0.391897,0.585378,0.022725,0.666667,0.333333,0.0,0.369172,0.893892,3
1295.KL,26/6/2024,0.06065,0.084085,0.892481,0.023434,0.0,1.0,0.0,0.06065,0.892481,1
1295.KL,26/6/2025,0.156772,0.243383,0.670006,0.086611,0.333333,0.5,0.166667,0.270115,0.805199,6
1295.KL,26/7/2020,0.0,0.0,0.0,0.0,0.0,0.0,0.0,0.0,0.0,0
1295.KL,26/7/2021,-0.091049,0.413765,0.081421,0.504814,0.5,0.0,0.5,0.825206,0.871893,2
1295.KL,26/7/2022,-0.255886,0.24718,0.249754,0.503066,0.5,0.0,0.5,0.653654,0.880698,4
1295.KL,26/7/2023,0.919378,0.930585,0.058208,0.011207,1.0,0.0,0.0,0.919378,0.930585,1
1295.KL,26/7/2024,0.054122,0.100921,0.852281,0.046798,0.25,0.75,0.0,0.10086,0.852281,4
1295.KL,26/7/2025,-0.075284,0.125932,0.672851,0.201217,0.375,0.375,0.25,0.246403,0.777118,8
1295.KL,26/8/2020,-0.114734,0.411697,0.061872,0.526431,0.5,0.0,0.5,0.800306,0.869217,4
1295.KL,26/8/2021,-0.38007,0.256709,0.106512,0.636779,0.25,0.0,0.75,0.835062,0.864275,4
1295.KL,26/8/2022,-0.440594,0.115251,0.328905,0.555844,0.166667,0.166667,0.666667,0.528408,0.80081,6
1295.KL,26/8/2023,0.932352,0.951219,0.029914,0.018867,1.0,0.0,0.0,0.932352,0.951219,1
1295.KL,26/8/2024,0.218485,0.452105,0.314275,0.23362,0.333333,0.333333,0.333333,0.288452,0.721876,3
1295.KL,26/8/2025,-0.332187,0.268616,0.130581,0.600803,0.25,0.0,0.75,0.793017,0.831218,4
1295.KL,26/9/2020,0.609215,0.62181,0.365595,0.012595,1.0,0.0,0.0,0.609215,0.740761,2
1295.KL,26/9/2021,0.170178,0.211513,0.747151,0.041335,0.333333,0.666667,0.0,0.170979,0.747151,3
1295.KL,26/9/2022,0.436285,0.668468,0.099348,0.232184,0.666667,0.166667,0.166667,0.735519,0.818085,6
1295.KL,26/9/2023,-0.083423,0.243121,0.430334,0.326544,0.5,0.0,0.5,0.522796,0.835259,4
1295.KL,26/9/2024,0.499434,0.561477,0.376481,0.062042,0.8,0.0,0.2,0.561827,0.85431,5
1295.KL,26/9/2025,0.131409,0.147321,0.836767,0.015912,0.5,0.5,0.0,0.131409,0.836767,2
1295.KL,27/1/2020,0.0,0.0,0.0,0.0,0.0,0.0,0.0,0.0,0.0,0
1295.KL,27/1/2021,0.085064,0.191497,0.70207,0.106433,0.4,0.6,0.0,0.085064,0.785143,5
1295.KL,27/1/2022,-0.314957,0.052519,0.580005,0.367476,0.166667,0.333333,0.5,0.366693,0.834107,6
1295.KL,27/1/2023,-0.25126,0.249886,0.248968,0.501146,0.5,0.0,0.5,0.692997,0.911858,4
1295.KL,27/1/2024,0.086433,0.095457,0.895519,0.009024,0.0,1.0,0.0,0.086433,0.895519,1
1295.KL,27/1/2025,-0.201463,0.104587,0.589364,0.306049,0.0,0.5,0.5,0.297122,0.644711,2
1295.KL,27/1/2026,0.179246,0.45059,0.278067,0.271344,0.5,0.25,0.25,0.512559,0.659749,4
1295.KL,27/10/2020,0.467035,0.488657,0.489722,0.021621,0.5,0.5,0.0,0.467035,0.895178,2
1295.KL,27/10/2021,-0.06113,0.262997,0.412877,0.324127,0.5,0.166667,0.333333,0.543126,0.858842,6
1295.KL,27/10/2022,-0.112992,0.240767,0.405475,0.353758,0.375,0.125,0.5,0.450665,0.731779,8
1295.KL,27/10/2023,-0.335235,0.023386,0.617992,0.358621,0.0,0.5,0.5,0.335235,0.846922,4
1295.KL,27/10/2024,-0.749836,0.029446,0.191271,0.779282,0.0,0.0,1.0,0.749836,0.779282,2
1295.KL,27/10/2025,-0.462846,0.149542,0.238071,0.612388,0.142857,0.142857,0.714286,0.654693,0.823153,7
1295.KL,27/11/2020,-0.581097,0.155546,0.107812,0.736643,0.0,0.25,0.75,0.581097,0.736643,4
1295.KL,27/11/2021,0.040468,0.060538,0.919392,0.02007,0.0,1.0,0.0,0.040468,0.919392,1
1295.KL,27/11/2022,0.0,0.0,0.0,0.0,0.0,0.0,0.0,0.0,0.0,0
1295.KL,27/11/2023,-0.122215,0.263357,0.351072,0.385572,0.428571,0.0,0.571429,0.600499,0.765063,7
1295.KL,27/11/2024,-0.089443,0.183409,0.54374,0.272852,0.2,0.4,0.4,0.411124,0.828267,5
1295.KL,27/11/2025,-0.493585,0.206147,0.09412,0.699732,0.25,0.0,0.75,0.871835,0.888857,4
1295.KL,27/12/2020,-0.094583,0.023502,0.858413,0.118085,0.0,1.0,0.0,0.094583,0.858413,1
1295.KL,27/12/2021,0.881804,0.917821,0.046163,0.036016,1.0,0.0,0.0,0.881804,0.917821,3
1295.KL,27/12/2022,-0.18162,0.329786,0.158808,0.511406,0.333333,0.0,0.666667,0.785756,0.813474,3
1295.KL,27/12/2023,0.18146,0.50754,0.16638,0.32608,0.666667,0.0,0.333333,0.800708,0.817164,3
1295.KL,27/12/2024,-0.289264,0.046904,0.616928,0.336168,0.0,0.333333,0.666667,0.320392,0.806893,3
1295.KL,27/12/2025,-0.229297,0.262082,0.246539,0.491379,0.25,0.0,0.75,0.675055,0.714258,4
1295.KL,27/2/2020,-0.155967,0.341756,0.160521,0.497723,0.333333,0.0,0.666667,0.774557,0.807018,3
1295.KL,27/2/2021,0.117978,0.236783,0.644413,0.118804,0.4,0.4,0.2,0.310803,0.824705,5
1295.KL,27/2/2022,0.068947,0.270683,0.527582,0.201736,0.5,0.25,0.25,0.415731,0.817518,4
1295.KL,27/2/2023,0.208192,0.449491,0.309209,0.241299,0.5,0.25,0.25,0.634532,0.885515,4
1295.KL,27/2/2024,-0.481511,0.178176,0.162138,0.659686,0.333333,0.0,0.666667,0.64268,0.740271,3
1295.KL,27/2/2025,0.428811,0.598287,0.232236,0.169477,0.666667,0.166667,0.166667,0.723984,0.896069,6
1295.KL,27/2/2026,-0.51171,0.044866,0.398559,0.556576,0.0,0.333333,0.666667,0.5176,0.834654,6
1295.KL,27/3/2020,-0.12997,0.278393,0.313245,0.408362,0.285714,0.142857,0.571429,0.607483,0.879274,7
1295.KL,27/3/2021,-0.017881,0.23416,0.513799,0.252041,0.5,0.25,0.25,0.438422,0.854662,4
1295.KL,27/3/2022,-0.104176,0.205012,0.485801,0.309187,0.666667,0.0,0.333333,0.476321,0.751818,3
1295.KL,27/3/2023,0.0,0.0,0.0,0.0,0.0,0.0,0.0,0.0,0.0,0
1295.KL,27/3/2024,-0.387378,0.20352,0.205583,0.590897,0.285714,0.0,0.714286,0.719753,0.788139,7
1295.KL,27/3/2025,-0.105317,0.030633,0.833417,0.13595,0.0,0.666667,0.333333,0.105317,0.833417,3
1295.KL,27/4/2020,0.053257,0.109563,0.834132,0.056306,0.333333,0.666667,0.0,0.082986,0.834132,3
1295.KL,27/4/2021,-0.083983,0.131031,0.653954,0.215014,0.0,0.6,0.4,0.1727,0.670681,5
1295.KL,27/4/2022,-0.13762,0.066023,0.730335,0.203643,0.25,0.5,0.25,0.238219,0.87199,4
1295.KL,27/4/2023,-0.350904,0.207434,0.234228,0.558338,0.333333,0.0,0.666667,0.610765,0.712608,6
1295.KL,27/4/2024,-0.915736,0.013378,0.057507,0.929115,0.0,0.0,1.0,0.915736,0.929115,1
1295.KL,27/4/2025,0.894919,0.907602,0.079714,0.012684,1.0,0.0,0.0,0.894919,0.907602,1
1295.KL,27/5/2020,0.039221,0.25645,0.52632,0.217229,0.4,0.4,0.2,0.417325,0.857799,5
1295.KL,27/5/2021,-0.343363,0.093648,0.46934,0.437011,0.25,0.0,0.75,0.456816,0.595879,4
1295.KL,27/5/2022,0.378092,0.540537,0.297018,0.162445,0.666667,0.166667,0.166667,0.656131,0.812612,6
1295.KL,27/5/2023,-0.537471,0.034213,0.394104,0.571684,0.0,0.0,1.0,0.537471,0.783804,3
1295.KL,27/5/2024,0.0,0.0,0.0,0.0,0.0,0.0,0.0,0.0,0.0,0
1295.KL,27/5/2025,-0.291838,0.052257,0.603649,0.344095,0.0,0.5,0.5,0.324556,0.805991,2
1295.KL,27/6/2020,0.118809,0.499134,0.120542,0.380325,0.5,0.0,0.5,0.66592,0.772689,2
1295.KL,27/6/2021,-0.200672,0.270059,0.25921,0.470731,0.5,0.0,0.5,0.705675,0.78223,4
1295.KL,27/6/2022,-0.657393,0.033523,0.275561,0.690916,0.0,0.25,0.75,0.657393,0.912227,4
1295.KL,27/6/2023,-0.299188,0.110082,0.480648,0.40927,0.142857,0.285714,0.571429,0.477292,0.813864,7
1295.KL,27/6/2024,0.25172,0.485514,0.280691,0.233795,0.75,0.0,0.25,0.689735,0.832524,4
1295.KL,27/6/2025,-0.19947,0.09622,0.60809,0.29569,0.4,0.2,0.4,0.35116,0.794515,5
1295.KL,27/7/2020,0.291595,0.338784,0.614027,0.047189,1.0,0.0,0.0,0.291595,0.701443,3
1295.KL,27/7/2021,0.534287,0.567808,0.398671,0.033521,0.666667,0.333333,0.0,0.534287,0.835099,3
1295.KL,27/7/2022,0.247773,0.266637,0.714499,0.018864,0.333333,0.666667,0.0,0.247773,0.821571,3
1295.KL,27/7/2023,0.20166,0.329892,0.541876,0.128232,0.4,0.4,0.2,0.364869,0.762245,5
1295.KL,27/7/2024,0.158189,0.386451,0.385287,0.228262,0.666667,0.0,0.333333,0.536744,0.806553,3
1295.KL,27/7/2025,-0.547536,0.025592,0.401281,0.573127,0.0,0.0,1.0,0.547536,0.573127,1
1295.KL,27/8/2020,-0.028185,0.160638,0.650539,0.188823,0.6,0.2,0.2,0.275072,0.761528,5
1295.KL,27/8/2021,-0.195647,0.038838,0.726677,0.234485,0.0,0.5,0.5,0.225193,0.726677,2
1295.KL,27/8/2022,0.122952,0.376468,0.370017,0.253515,0.4,0.4,0.2,0.37461,0.73836,5
1295.KL,27/8/2023,-0.075286,0.057031,0.810652,0.132317,0.0,0.5,0.5,0.12781,0.810652,2
1295.KL,27/8/2024,-0.151089,0.377079,0.094752,0.528168,0.333333,0.0,0.666667,0.741999,0.823623,3
1295.KL,27/8/2025,-0.084244,0.213001,0.489754,0.297245,0.166667,0.333333,0.5,0.402224,0.806468,6
1295.KL,27/9/2020,-0.484171,0.201742,0.112345,0.685913,0.0,0.0,1.0,0.484171,0.685913,1
1295.KL,27/9/2021,-0.128917,0.073545,0.723994,0.202461,0.333333,0.333333,0.333333,0.220997,0.758233,3
1295.KL,27/9/2022,0.020719,0.207741,0.605238,0.187021,0.333333,0.333333,0.333333,0.292802,0.725171,6
1295.KL,27/9/2023,-0.630426,0.082548,0.204477,0.712974,0.0,0.0,1.0,0.630426,0.712974,3
1295.KL,27/9/2024,0.047693,0.40035,0.246992,0.352658,0.5,0.125,0.375,0.71838,0.891063,8
1295.KL,27/9/2025,-0.111427,0.291421,0.30573,0.402849,0.333333,0.333333,0.333333,0.47534,0.805309,3
1295.KL,28/1/2020,-0.081675,0.039245,0.839834,0.12092,0.0,0.5,0.5,0.081675,0.839834,2
1295.KL,28/1/2021,-0.275306,0.110643,0.503409,0.385948,0.0,0.5,0.5,0.328965,0.837477,2
1295.KL,28/1/2022,0.279621,0.396891,0.485839,0.11727,0.75,0.25,0.0,0.279621,0.805702,4
1295.KL,28/1/2023,-0.228042,0.075745,0.620469,0.303786,0.0,0.75,0.25,0.257604,0.858182,4
1295.KL,28/1/2024,-0.576375,0.141833,0.139959,0.718208,0.25,0.0,0.75,0.638355,0.749198,4
1295.KL,28/1/2025,-0.171633,0.081697,0.664973,0.25333,0.333333,0.333333,0.333333,0.266908,0.825869,3
1295.KL,28/1/2026,-0.088053,0.269933,0.37208,0.357986,0.375,0.25,0.375,0.568322,0.894095,8
1295.KL,28/10/2020,-0.151132,0.191675,0.465519,0.342807,0.333333,0.333333,0.333333,0.40752,0.72338,3
1295.KL,28/10/2021,-0.014105,0.31383,0.358235,0.327935,0.333333,0.333333,0.333333,0.617026,0.919563,3
1295.KL,28/10/2022,-0.802027,0.029599,0.138775,0.831626,0.0,0.0,1.0,0.802027,0.831626,1
1295.KL,28/10/2023,-0.047574,0.069846,0.812733,0.11742,0.0,1.0,0.0,0.048662,0.812733,2
1295.KL,28/10/2024,-0.293736,0.130217,0.44583,0.423953,0.5,0.0,0.5,0.525187,0.797297,2
1295.KL,28/10/2025,-0.093977,0.231215,0.443593,0.325192,0.4,0.2,0.4,0.51082,0.733519,5
1295.KL,28/11/2020,0.17327,0.242305,0.688661,0.069034,0.333333,0.666667,0.0,0.252302,0.81002,3
1295.KL,28/11/2021,-0.588262,0.073642,0.264454,0.661904,0.0,0.0,1.0,0.588262,0.683707,2
1295.KL,28/11/2022,0.266031,0.276154,0.713724,0.010122,1.0,0.0,0.0,0.266031,0.713724,1
1295.KL,28/11/2023,-0.087586,0.073137,0.76614,0.160723,0.0,0.75,0.25,0.101471,0.76614,4
1295.KL,28/11/2024,0.008851,0.050571,0.90771,0.04172,0.0,1.0,0.0,0.008851,0.90771,1
1295.KL,28/11/2025,-0.107376,0.226281,0.440061,0.333658,0.333333,0.333333,0.333333,0.519826,0.829676,3
1295.KL,28/12/2020,-0.196796,0.227996,0.347212,0.424792,0.166667,0.333333,0.5,0.51484,0.857718,6
1295.KL,28/12/2021,0.620369,0.638455,0.343458,0.018087,1.0,0.0,0.0,0.620369,0.872714,3
1295.KL,28/12/2022,0.038489,0.050382,0.937726,0.011893,0.0,1.0,0.0,0.038489,0.937726,1
1295.KL,28/12/2023,0.029199,0.365587,0.298026,0.336387,0.666667,0.0,0.333333,0.60782,0.686759,3
1295.KL,28/12/2024,0.068559,0.095857,0.876845,0.027298,0.5,0.5,0.0,0.081097,0.876845,2
1295.KL,28/12/2025,-0.084932,0.104948,0.705172,0.18988,0.333333,0.333333,0.333333,0.242009,0.73284,3
1295.KL,28/2/2020,-0.007816,0.431653,0.128878,0.439469,0.5,0.0,0.5,0.616231,0.743676,2
1295.KL,28/2/2021,0.058135,0.070488,0.917159,0.012353,0.0,1.0,0.0,0.058135,0.917159,1
1295.KL,28/2/2022,0.113842,0.227831,0.65818,0.113989,0.4,0.4,0.2,0.278568,0.772238,5
1295.KL,28/2/2023,-0.490696,0.026839,0.455625,0.517535,0.0,0.25,0.75,0.499446,0.815169,4
1295.KL,28/2/2024,-0.163588,0.209008,0.418395,0.372596,0.25,0.375,0.375,0.402907,0.80486,8
1295.KL,28/2/2025,-0.029148,0.230759,0.509335,0.259906,0.375,0.375,0.25,0.406021,0.799324,8
1295.KL,28/2/2026,-0.36645,0.056698,0.520154,0.423148,0.0,0.5,0.5,0.36645,0.869906,2
1295.KL,28/3/2020,0.822946,0.859261,0.104423,0.036316,1.0,0.0,0.0,0.822946,0.859261,3
1295.KL,28/3/2021,0.030812,0.076882,0.877048,0.04607,0.333333,0.666667,0.0,0.061602,0.877048,3
1295.KL,28/3/2022,0.241852,0.251572,0.738708,0.00972,1.0,0.0,0.0,0.241852,0.738708,1
1295.KL,28/3/2023,-0.545345,0.161295,0.132065,0.70664,0.25,0.0,0.75,0.845173,0.856554,4
1295.KL,28/3/2024,-0.418492,0.02528,0.530949,0.443772,0.0,0.0,1.0,0.418492,0.848011,3
1295.KL,28/3/2025,-0.214682,0.071025,0.643268,0.285707,0.25,0.25,0.5,0.280595,0.840875,4
1295.KL,28/4/2020,-0.195065,0.23959,0.325756,0.434654,0.4,0.0,0.6,0.621842,0.798861,5
1295.KL,28/4/2021,0.044311,0.229835,0.58464,0.185524,0.285714,0.428571,0.285714,0.324271,0.812221,7
1295.KL,28/4/2022,-0.180052,0.106022,0.607903,0.286074,0.285714,0.428571,0.285714,0.273761,0.796408,7
1295.KL,28/4/2023,-0.298993,0.062124,0.576758,0.361117,0.25,0.25,0.5,0.38492,0.796786,4
1295.KL,28/4/2024,0.817694,0.870507,0.07668,0.052813,1.0,0.0,0.0,0.817694,0.870507,1
1295.KL,28/4/2025,0.193433,0.224493,0.744447,0.03106,1.0,0.0,0.0,0.193433,0.744447,1
1295.KL,28/5/2020,0.490764,0.554261,0.382241,0.063497,0.75,0.25,0.0,0.490764,0.773356,4
1295.KL,28/5/2021,0.186332,0.340685,0.504962,0.154353,0.5,0.25,0.25,0.26743,0.67463,4
1295.KL,28/5/2022,-0.178692,0.086056,0.649196,0.264748,0.4,0.2,0.4,0.298755,0.832872,5
1295.KL,28/5/2023,-0.919951,0.018819,0.042412,0.93877,0.0,0.0,1.0,0.919951,0.93877,1
1295.KL,28/5/2024,-0.226015,0.260764,0.252457,0.486779,0.5,0.0,0.5,0.717496,0.904335,4
1295.KL,28/5/2025,0.153393,0.532097,0.0892,0.378703,0.666667,0.0,0.333333,0.711134,0.810967,3
1295.KL,28/6/2020,-0.190044,0.036203,0.737549,0.226247,0.0,0.666667,0.333333,0.190044,0.780055,3
1295.KL,28/6/2021,0.646996,0.671691,0.303614,0.024695,1.0,0.0,0.0,0.646996,0.671691,2
1295.KL,28/6/2022,-0.296433,0.103179,0.49721,0.399611,0.0,0.333333,0.666667,0.350703,0.797976,3
1295.KL,28/6/2023,-0.492522,0.06624,0.374999,0.558762,0.2,0.2,0.6,0.558664,0.858967,5
1295.KL,28/6/2024,-0.351852,0.047585,0.552979,0.399437,0.0,0.5,0.5,0.374941,0.814101,6
1295.KL,28/6/2025,-0.353969,0.029593,0.586844,0.383563,0.0,0.0,1.0,0.353969,0.586844,1
1295.KL,28/7/2020,-0.00438,0.319728,0.356165,0.324108,0.5,0.0,0.5,0.540385,0.740159,4
1295.KL,28/7/2021,-0.152993,0.248033,0.350941,0.401026,0.25,0.25,0.5,0.403605,0.687447,8
1295.KL,28/7/2022,0.061265,0.348064,0.365137,0.286799,0.333333,0.166667,0.5,0.4746,0.823338,6
1295.KL,28/7/2023,0.047855,0.228656,0.590544,0.180801,0.5,0.25,0.25,0.131468,0.724951,4
1295.KL,28/7/2024,-0.148625,0.272808,0.305759,0.421433,0.5,0.0,0.5,0.658483,0.700107,4
1295.KL,28/7/2025,0.150658,0.214074,0.72251,0.063416,0.333333,0.666667,0.0,0.172717,0.726435,3
1295.KL,28/8/2020,0.003892,0.249685,0.504523,0.245792,0.4,0.2,0.4,0.335271,0.701695,5
1295.KL,28/8/2021,0.85274,0.862423,0.127893,0.009684,1.0,0.0,0.0,0.85274,0.862423,1
1295.KL,28/8/2022,0.0,0.0,0.0,0.0,0.0,0.0,0.0,0.0,0.0,0
1295.KL,28/8/2023,-0.27504,0.23354,0.257881,0.508579,0.166667,0.166667,0.666667,0.552365,0.762728,6
1295.KL,28/8/2024,0.748661,0.773456,0.201749,0.024795,0.833333,0.166667,0.0,0.748661,0.922388,6
1295.KL,28/8/2025,0.234406,0.478088,0.278229,0.243683,0.666667,0.0,0.333333,0.538152,0.699397,6
1295.KL,28/9/2020,0.455144,0.477151,0.500843,0.022006,0.5,0.5,0.0,0.455144,0.932617,2
1295.KL,28/9/2021,-0.067682,0.218442,0.495435,0.286123,0.166667,0.333333,0.5,0.326879,0.74571,6
1295.KL,28/9/2022,-0.500439,0.072747,0.354067,0.573186,0.142857,0.142857,0.714286,0.598001,0.787248,7
1295.KL,28/9/2023,-0.225431,0.192402,0.389766,0.417833,0.285714,0.142857,0.571429,0.575163,0.805401,7
1295.KL,28/9/2024,-0.386707,0.024671,0.563951,0.411378,0.0,0.333333,0.666667,0.386707,0.882675,3
1295.KL,28/9/2025,-0.097027,0.203464,0.496044,0.300491,0.333333,0.0,0.666667,0.445369,0.574385,3
1295.KL,29/1/2020,-0.403181,0.083145,0.430529,0.486326,0.0,0.5,0.5,0.403181,0.846104,2
1295.KL,29/1/2021,0.143058,0.162597,0.817865,0.019538,0.666667,0.333333,0.0,0.143058,0.817865,3
1295.KL,29/1/2022,0.007585,0.47725,0.053084,0.469666,0.5,0.0,0.5,0.914618,0.930767,2
1295.KL,29/1/2023,-0.614138,0.065302,0.255258,0.67944,0.0,0.0,1.0,0.614138,0.67944,1
1295.KL,29/1/2024,-0.03656,0.281088,0.401264,0.317648,0.333333,0.333333,0.333333,0.566385,0.881537,3
1295.KL,29/1/2025,-0.015462,0.027764,0.92901,0.043226,0.0,1.0,0.0,0.015462,0.92901,1
1295.KL,29/1/2026,-0.202155,0.208678,0.380489,0.410833,0.166667,0.333333,0.5,0.501862,0.8438,6
1295.KL,29/10/2020,-0.078256,0.196619,0.528506,0.274875,0.25,0.5,0.25,0.415498,0.843021,4
1295.KL,29/10/2021,-0.663244,0.020706,0.295344,0.68395,0.0,0.0,1.0,0.663244,0.729464,2
1295.KL,29/10/2022,-0.761696,0.023533,0.191238,0.785229,0.0,0.0,1.0,0.761696,0.785229,2
1295.KL,29/10/2023,0.0,0.0,0.0,0.0,0.0,0.0,0.0,0.0,0.0,0
1295.KL,29/10/2024,0.760454,0.767729,0.224995,0.007275,1.0,0.0,0.0,0.760454,0.767729,1
1295.KL,29/10/2025,0.017305,0.471712,0.07388,0.454407,0.5,0.0,0.5,0.901155,0.913637,2
1295.KL,29/11/2020,0.43978,0.653358,0.133065,0.213578,1.0,0.0,0.0,0.43978,0.653358,1
1295.KL,29/11/2021,0.007636,0.443912,0.119813,0.436276,0.5,0.0,0.5,0.833603,0.856895,4
1295.KL,29/11/2022,0.002025,0.229614,0.542796,0.22759,0.6,0.2,0.2,0.372773,0.83145,5
1295.KL,29/11/2023,-0.406401,0.054793,0.484013,0.461194,0.0,0.4,0.6,0.435716,0.815672,10
1295.KL,29/11/2024,-0.009605,0.362351,0.265693,0.371956,0.5,0.0,0.5,0.697257,0.882465,6
1295.KL,29/11/2025,-0.332314,0.206235,0.255217,0.538548,0.2,0.2,0.6,0.631816,0.867723,5
1295.KL,29/12/2020,0.032672,0.389532,0.253608,0.35686,0.6,0.0,0.4,0.711188,0.857735,5
1295.KL,29/12/2021,-0.871141,0.02217,0.08452,0.89331,0.0,0.0,1.0,0.871141,0.89331,2
1295.KL,29/12/2022,-0.186938,0.119224,0.574614,0.306162,0.0,0.8,0.2,0.230443,0.831838,5
1295.KL,29/12/2023,-0.336448,0.310336,0.042881,0.646783,0.333333,0.0,0.666667,0.920077,0.938598,3
1295.KL,29/12/2024,0.481852,0.510723,0.460405,0.028872,0.75,0.25,0.0,0.49013,0.909022,4
1295.KL,29/12/2025,-0.347673,0.029626,0.593075,0.377299,0.0,0.333333,0.666667,0.3584,0.685544,3
1295.KL,29/2/2020,-0.773916,0.023625,0.178833,0.797541,0.0,0.0,1.0,0.773916,0.797541,3
1295.KL,29/2/2024,-0.193634,0.055625,0.695116,0.249259,0.25,0.5,0.25,0.264141,0.899383,4
1295.KL,29/3/2020,-0.31024,0.045026,0.599707,0.355266,0.0,0.0,1.0,0.31024,0.599707,1
1295.KL,29/3/2021,-0.249571,0.146467,0.457494,0.396039,0.166667,0.333333,0.5,0.344592,0.713941,6
1295.KL,29/3/2022,0.06335,0.096602,0.870146,0.033252,0.333333,0.666667,0.0,0.082608,0.870146,3
1295.KL,29/3/2023,-0.228313,0.271591,0.228506,0.499903,0.5,0.0,0.5,0.709512,0.740503,2
1295.KL,29/3/2024,0.919656,0.944547,0.030561,0.024892,1.0,0.0,0.0,0.919656,0.944547,1
1295.KL,29/3/2025,-0.540948,0.056109,0.346835,0.597056,0.0,0.25,0.75,0.583716,0.817254,4
1295.KL,29/4/2020,0.285452,0.534557,0.216338,0.249105,0.666667,0.0,0.333333,0.711509,0.747586,3
1295.KL,29/4/2021,-0.010063,0.07003,0.849876,0.080093,0.0,0.5,0.5,0.109787,0.849876,2
1295.KL,29/4/2022,0.029894,0.332163,0.365568,0.302269,0.375,0.125,0.5,0.572638,0.744652,8
1295.KL,29/4/2023,-0.063768,0.063341,0.80955,0.127109,0.0,0.666667,0.333333,0.13847,0.80955,3
1295.KL,29/4/2024,-0.094843,0.18067,0.543818,0.275513,0.285714,0.428571,0.285714,0.409235,0.88118,7
1295.KL,29/4/2025,0.049721,0.2729,0.503921,0.223179,0.25,0.5,0.25,0.436809,0.894759,4
1295.KL,29/5/2020,-0.533814,0.0586,0.348986,0.592414,0.333333,0.0,0.666667,0.616148,0.872433,3
1295.KL,29/5/2021,0.05839,0.080125,0.89814,0.021735,0.0,1.0,0.0,0.05839,0.89814,1
1295.KL,29/5/2022,0.006606,0.41688,0.172846,0.410274,0.5,0.0,0.5,0.784171,0.805662,2
1295.KL,29/5/2023,0.241104,0.483588,0.273929,0.242483,0.6,0.2,0.2,0.613255,0.846645,5
1295.KL,29/5/2024,-0.211165,0.165745,0.457345,0.37691,0.4,0.2,0.4,0.3525,0.741929,5
1295.KL,29/5/2025,-0.363341,0.187996,0.260668,0.551337,0.166667,0.166667,0.666667,0.649674,0.842395,6
1295.KL,29/6/2020,0.089558,0.240269,0.609021,0.15071,0.25,0.75,0.0,0.11024,0.672418,4
1295.KL,29/6/2021,-0.030762,0.367285,0.234668,0.398047,0.6,0.0,0.4,0.711577,0.846921,5
1295.KL,29/6/2022,-0.066707,0.289007,0.355279,0.355714,0.5,0.166667,0.333333,0.549192,0.805565,6
1295.KL,29/6/2023,0.057083,0.411536,0.23401,0.354453,0.428571,0.285714,0.285714,0.537412,0.775448,7
1295.KL,29/6/2024,0.142692,0.159741,0.82321,0.017049,0.666667,0.333333,0.0,0.142692,0.82321,3
1295.KL,29/6/2025,0.660527,0.745853,0.168821,0.085326,1.0,0.0,0.0,0.660527,0.745853,1
1295.KL,29/7/2020,0.462125,0.483221,0.495682,0.021097,0.5,0.5,0.0,0.462125,0.909719,4
1295.KL,29/7/2021,0.20884,0.266778,0.675283,0.057938,0.4,0.6,0.0,0.2238,0.78676,5
1295.KL,29/7/2022,-0.047719,0.379252,0.193776,0.426972,0.4,0.2,0.4,0.742381,0.893653,5
1295.KL,29/7/2023,-0.193947,0.135274,0.535505,0.329221,0.4,0.0,0.6,0.42008,0.724475,5
1295.KL,29/7/2024,-0.445047,0.024361,0.506232,0.469407,0.0,0.5,0.5,0.445047,0.835408,2
1295.KL,29/7/2025,0.088379,0.261122,0.566134,0.172744,0.666667,0.166667,0.166667,0.395819,0.858127,6
1295.KL,29/8/2020,-0.420345,0.062658,0.454339,0.483003,0.0,0.5,0.5,0.427023,0.843359,4
1295.KL,29/8/2021,0.011535,0.088929,0.833676,0.077395,0.0,0.666667,0.333333,0.104117,0.833676,3
1295.KL,29/8/2022,0.437964,0.496787,0.44439,0.058823,0.714286,0.285714,0.0,0.442687,0.80704,7
1295.KL,29/8/2023,0.008094,0.212209,0.583675,0.204115,0.4,0.4,0.2,0.292684,0.804012,5
1295.KL,29/8/2024,0.625375,0.682043,0.26129,0.056667,0.75,0.25,0.0,0.650789,0.900599,4
1295.KL,29/8/2025,-0.137203,0.113949,0.634899,0.251152,0.375,0.375,0.25,0.326548,0.862484,8
1295.KL,29/9/2020,-0.400694,0.085613,0.428079,0.486308,0.2,0.2,0.6,0.470877,0.809855,5
1295.KL,29/9/2021,0.132889,0.309472,0.513945,0.176583,0.444444,0.333333,0.222222,0.416356,0.798557,9
1295.KL,29/9/2022,0.09806,0.41212,0.273821,0.314059,0.4,0.0,0.6,0.594231,0.771707,5
1295.KL,29/9/2023,-0.389974,0.168015,0.273995,0.55799,0.2,0.2,0.6,0.575186,0.661073,5
1295.KL,29/9/2024,0.495829,0.549446,0.396937,0.053617,0.666667,0.333333,0.0,0.506332,0.851064,3
1295.KL,29/9/2025,0.062951,0.102405,0.85814,0.039454,0.5,0.5,0.0,0.087244,0.85814,2
1295.KL,3/1/2020,0.181909,0.444113,0.293684,0.262204,0.5,0.25,0.25,0.651779,0.906592,4
1295.KL,3/1/2021,0.0,0.0,0.0,0.0,0.0,0.0,0.0,0.0,0.0,0
1295.KL,3/1/2022,-0.214072,0.073347,0.639235,0.287418,0.0,0.666667,0.333333,0.299943,0.86926,3
1295.KL,3/1/2023,0.285673,0.468583,0.348508,0.182909,0.5,0.5,0.0,0.361339,0.510831,2
1295.KL,3/1/2024,-0.241614,0.097998,0.562391,0.339612,0.333333,0.333333,0.333333,0.392805,0.871487,3
1295.KL,3/1/2025,0.404108,0.44439,0.515329,0.040282,1.0,0.0,0.0,0.404108,0.707185,3
1295.KL,3/1/2026,-0.450101,0.087675,0.37455,0.537776,0.333333,0.0,0.666667,0.586858,0.787329,3
1295.KL,3/10/2020,0.422152,0.444237,0.533679,0.022084,1.0,0.0,0.0,0.422152,0.817923,3
1295.KL,3/10/2021,0.0,0.0,0.0,0.0,0.0,0.0,0.0,0.0,0.0,0
1295.KL,3/10/2022,-0.608049,0.08592,0.22011,0.693969,0.2,0.0,0.8,0.722655,0.831503,5
1295.KL,3/10/2023,0.437349,0.451953,0.533444,0.014603,0.5,0.5,0.0,0.437349,0.850068,2
1295.KL,3/10/2024,-0.531461,0.152643,0.163252,0.684104,0.166667,0.0,0.833333,0.673398,0.771039,6
1295.KL,3/10/2025,0.03943,0.28425,0.47093,0.24482,0.5,0.25,0.25,0.377923,0.792062,4
1295.KL,3/11/2020,0.388859,0.481731,0.425397,0.092872,0.666667,0.333333,0.0,0.421475,0.692035,3
1295.KL,3/11/2021,-0.354645,0.076697,0.49196,0.431342,0.0,0.333333,0.666667,0.360741,0.719831,6
1295.KL,3/11/2022,-0.677645,0.031446,0.259463,0.709091,0.0,0.25,0.75,0.691036,0.940817,4
1295.KL,3/11/2023,0.058618,0.372543,0.313533,0.313925,0.333333,0.111111,0.555556,0.553682,0.806569,9
1295.KL,3/11/2024,-0.437619,0.044514,0.473354,0.482133,0.0,0.5,0.5,0.437619,0.886836,2
1295.KL,3/11/2025,0.431233,0.45658,0.518073,0.025347,0.5,0.5,0.0,0.431233,0.876994,6
1295.KL,3/12/2020,-0.229973,0.227068,0.315892,0.457041,0.25,0.0,0.75,0.641425,0.795059,4
1295.KL,3/12/2021,-0.313441,0.240083,0.206393,0.553524,0.333333,0.0,0.666667,0.765876,0.779741,3
1295.KL,3/12/2022,0.267962,0.333288,0.601387,0.065326,0.333333,0.666667,0.0,0.329801,0.853759,3
1295.KL,3/12/2023,0.018189,0.25541,0.507368,0.237221,0.25,0.5,0.25,0.403694,0.881814,4
1295.KL,3/12/2024,0.340262,0.391226,0.55781,0.050964,0.5,0.5,0.0,0.353554,0.803303,4
1295.KL,3/12/2025,-0.883194,0.014384,0.088039,0.897578,0.0,0.0,1.0,0.883194,0.897578,1
1295.KL,3/2/2020,-0.860654,0.023559,0.092228,0.884213,0.0,0.0,1.0,0.860654,0.884213,4
1295.KL,3/2/2021,-0.233101,0.144893,0.477112,0.377994,0.2,0.4,0.4,0.4611,0.843683,5
1295.KL,3/2/2022,-0.309422,0.326228,0.038122,0.63565,0.333333,0.0,0.666667,0.916884,0.939381,3
1295.KL,3/2/2023,-0.207432,0.113797,0.564974,0.321229,0.5,0.0,0.5,0.404154,0.745491,4
1295.KL,3/2/2024,0.000535,0.043015,0.914504,0.042481,0.0,1.0,0.0,0.000535,0.914504,1
1295.KL,3/2/2025,0.168356,0.318111,0.532134,0.149755,0.666667,0.166667,0.166667,0.436353,0.778744,6
1295.KL,3/2/2026,-0.006638,0.338508,0.316347,0.345146,0.5,0.0,0.5,0.498563,0.769744,4
1295.KL,3/3/2020,-0.194009,0.148184,0.509623,0.342193,0.125,0.5,0.375,0.418495,0.872109,8
1295.KL,3/3/2021,0.033867,0.091139,0.851589,0.057272,0.5,0.5,0.0,0.09363,0.851589,2
1295.KL,3/3/2022,0.149313,0.448877,0.25156,0.299563,0.5,0.25,0.25,0.616829,0.823437,4
1295.KL,3/3/2023,-0.233775,0.046386,0.673453,0.280161,0.0,0.714286,0.285714,0.268859,0.846068,7
1295.KL,3/3/2024,-0.322178,0.09059,0.496643,0.412768,0.2,0.2,0.6,0.400963,0.743019,5
1295.KL,3/3/2025,-0.051988,0.293732,0.360549,0.345719,0.333333,0.333333,0.333333,0.434699,0.686547,6
1295.KL,3/3/2026,-0.210597,0.261256,0.26689,0.471854,0.571429,0.0,0.428571,0.473171,0.718548,7
1295.KL,3/4/2020,-0.045324,0.274958,0.404761,0.320281,0.25,0.25,0.5,0.483553,0.799254,8
1295.KL,3/4/2021,-0.161433,0.216537,0.405494,0.377969,0.25,0.25,0.5,0.552006,0.77367,4
1295.KL,3/4/2022,0.144166,0.187142,0.769881,0.042976,0.5,0.5,0.0,0.144166,0.769881,2
1295.KL,3/4/2023,-0.221232,0.234259,0.31025,0.455491,0.333333,0.0,0.666667,0.646529,0.668139,3
1295.KL,3/4/2024,-0.89965,0.024136,0.052078,0.923786,0.0,0.0,1.0,0.89965,0.923786,1
1295.KL,3/4/2025,0.117167,0.378898,0.359371,0.261731,0.5,0.25,0.25,0.571328,0.800189,4
1295.KL,3/5/2020,-0.321714,0.131296,0.415693,0.453011,0.5,0.0,0.5,0.548206,0.806294,2
1295.KL,3/5/2021,0.188279,0.492352,0.203575,0.304073,0.5,0.0,0.5,0.718985,0.757705,2
1295.KL,3/5/2022,-0.0627,0.300945,0.33541,0.363645,0.333333,0.333333,0.333333,0.569469,0.897298,3
1295.KL,3/5/2023,0.136615,0.46697,0.202674,0.330355,0.666667,0.0,0.333333,0.770397,0.783861,3
1295.KL,3/5/2024,-0.573216,0.075341,0.276103,0.648557,0.166667,0.0,0.833333,0.617184,0.807358,6
1295.KL,3/5/2025,0.0,0.0,0.0,0.0,0.0,0.0,0.0,0.0,0.0,0
1295.KL,3/6/2020,0.183774,0.517848,0.148078,0.334074,0.75,0.0,0.25,0.659465,0.755693,4
1295.KL,3/6/2021,-0.176344,0.320295,0.183065,0.49664,0.333333,0.0,0.666667,0.726267,0.771601,3
1295.KL,3/6/2022,-0.095284,0.078818,0.747081,0.174101,0.0,0.75,0.25,0.099568,0.795937,4
1295.KL,3/6/2023,-0.241833,0.25232,0.253527,0.494153,0.5,0.0,0.5,0.626044,0.836566,4
1295.KL,3/6/2024,-0.293864,0.177982,0.350172,0.471846,0.333333,0.0,0.666667,0.474973,0.68281,3
1295.KL,3/6/2025,0.401075,0.538243,0.324589,0.137168,0.75,0.125,0.125,0.634936,0.807333,8
1295.KL,3/7/2020,0.073089,0.330969,0.411152,0.257879,0.571429,0.142857,0.285714,0.503261,0.818739,7
1295.KL,3/7/2021,0.376074,0.3903,0.595474,0.014226,1.0,0.0,0.0,0.376074,0.595474,1
1295.KL,3/7/2022,-0.824859,0.019201,0.136739,0.84406,0.0,0.0,1.0,0.824859,0.84406,1
1295.KL,3/7/2023,-0.902011,0.012212,0.073565,0.914223,0.0,0.0,1.0,0.902011,0.914223,1
1295.KL,3/7/2024,0.558858,0.569016,0.420826,0.010158,1.0,0.0,0.0,0.558858,0.569016,1
1295.KL,3/7/2025,0.062781,0.090425,0.881932,0.027643,0.5,0.5,0.0,0.080334,0.881932,2
1295.KL,3/8/2020,-0.299623,0.268439,0.163499,0.568062,0.25,0.0,0.75,0.737332,0.81689,4
1295.KL,3/8/2021,-0.069495,0.25136,0.427785,0.320855,0.222222,0.333333,0.444444,0.438536,0.776179,9
1295.KL,3/8/2022,-0.814746,0.022913,0.139429,0.837658,0.0,0.0,1.0,0.814746,0.837658,1
1295.KL,3/8/2023,0.0,0.0,0.0,0.0,0.0,0.0,0.0,0.0,0.0,0
1295.KL,3/8/2024,-0.051909,0.395553,0.156986,0.447461,0.5,0.0,0.5,0.820687,0.831851,2
1295.KL,3/8/2025,-0.023695,0.399383,0.177538,0.423079,0.5,0.0,0.5,0.770853,0.796657,4
1295.KL,3/9/2020,-0.017889,0.270129,0.441853,0.288018,0.333333,0.333333,0.333333,0.468177,0.768921,6
1295.KL,3/9/2021,-0.228009,0.078376,0.61524,0.306384,0.333333,0.333333,0.333333,0.332893,0.868754,3
1295.KL,3/9/2022,-0.874664,0.022383,0.080569,0.897047,0.0,0.0,1.0,0.874664,0.897047,1
1295.KL,3/9/2023,0.0,0.0,0.0,0.0,0.0,0.0,0.0,0.0,0.0,0
1295.KL,3/9/2024,0.415726,0.45089,0.513945,0.035164,0.75,0.25,0.0,0.415726,0.743832,4
1295.KL,3/9/2025,0.123861,0.141291,0.841278,0.017431,1.0,0.0,0.0,0.123861,0.841278,1
1295.KL,30/1/2020,-0.026554,0.448255,0.076936,0.474809,0.5,0.0,0.5,0.831889,0.877476,4
1295.KL,30/1/2021,0.051538,0.492279,0.06698,0.440741,0.5,0.0,0.5,0.87985,0.906435,2
1295.KL,30/1/2022,-0.282584,0.042325,0.632766,0.324909,0.0,0.666667,0.333333,0.311972,0.915727,3
1295.KL,30/1/2023,0.483915,0.506135,0.471644,0.022221,0.8,0.2,0.0,0.483915,0.794936,5
1295.KL,30/1/2024,0.017176,0.226318,0.56454,0.209142,0.285714,0.428571,0.285714,0.381723,0.775095,7
1295.KL,30/1/2025,-0.872298,0.01696,0.093782,0.889258,0.0,0.0,1.0,0.872298,0.889258,1
1295.KL,30/1/2026,0.008303,0.276308,0.455688,0.268004,0.4,0.0,0.6,0.483,0.74488,5
1295.KL,30/10/2020,-0.108113,0.165695,0.560496,0.273809,0.5,0.166667,0.333333,0.369989,0.741268,6
1295.KL,30/10/2021,0.11183,0.345639,0.420551,0.233809,0.5,0.25,0.25,0.549844,0.842509,4
1295.KL,30/10/2022,0.0,0.0,0.0,0.0,0.0,0.0,0.0,0.0,0.0,0
1295.KL,30/10/2023,-0.392401,0.056495,0.494609,0.448896,0.25,0.25,0.5,0.450665,0.892415,4
1295.KL,30/10/2024,-0.001434,0.102561,0.793444,0.103995,0.5,0.25,0.25,0.158175,0.793444,4
1295.KL,30/10/2025,-0.065684,0.299907,0.334501,0.365592,0.333333,0.333333,0.333333,0.542044,0.865354,6
1295.KL,30/11/2020,-0.057366,0.081923,0.778787,0.13929,0.25,0.5,0.25,0.179452,0.787897,4
1295.KL,30/11/2021,0.067703,0.082827,0.902049,0.015124,0.0,1.0,0.0,0.067703,0.902049,2
1295.KL,30/11/2022,-0.026417,0.120395,0.732792,0.146812,0.166667,0.666667,0.166667,0.212255,0.830319,6
1295.KL,30/11/2023,-0.009708,0.119463,0.751367,0.129171,0.2,0.6,0.2,0.195569,0.77883,5
1295.KL,30/11/2024,0.161045,0.361132,0.438781,0.200087,0.333333,0.333333,0.333333,0.516247,0.804925,3
1295.KL,30/11/2025,-0.326013,0.054434,0.56512,0.380446,0.0,0.333333,0.666667,0.326013,0.725226,3
1295.KL,30/12/2020,-0.395357,0.170687,0.263268,0.566044,0.333333,0.0,0.666667,0.497211,0.790221,3
1295.KL,30/12/2021,0.0,0.0,0.0,0.0,0.0,0.0,0.0,0.0,0.0,0
1295.KL,30/12/2022,0.666741,0.752854,0.161033,0.086113,0.75,0.25,0.0,0.687823,0.823468,4
1295.KL,30/12/2023,0.384867,0.399211,0.586445,0.014344,0.666667,0.333333,0.0,0.384867,0.89639,3
1295.KL,30/12/2024,-0.081714,0.026941,0.864403,0.108656,0.0,1.0,0.0,0.081714,0.864403,1
1295.KL,30/12/2025,0.016983,0.337834,0.341314,0.320852,0.333333,0.333333,0.333333,0.611793,0.923871,6
1295.KL,30/3/2020,-0.373035,0.20833,0.210306,0.581364,0.0,0.0,1.0,0.373035,0.581364,1
1295.KL,30/3/2021,-0.447915,0.076503,0.399079,0.524418,0.0,0.4,0.6,0.480372,0.834207,5
1295.KL,30/3/2022,0.189362,0.511806,0.16575,0.322444,0.75,0.0,0.25,0.649489,0.741869,4
1295.KL,30/3/2023,0.29886,0.330314,0.638233,0.031454,0.5,0.5,0.0,0.319486,0.860928,4
1295.KL,30/3/2024,-0.448443,0.041213,0.469131,0.489656,0.0,0.5,0.5,0.48398,0.929352,2
1295.KL,30/3/2025,0.0,0.0,0.0,0.0,0.0,0.0,0.0,0.0,0.0,0
1295.KL,30/4/2020,0.364519,0.395723,0.573073,0.031204,0.6,0.4,0.0,0.378151,0.865017,5
1295.KL,30/4/2021,-0.234545,0.171315,0.422826,0.40586,0.333333,0.333333,0.333333,0.387334,0.721055,3
1295.KL,30/4/2022,-0.012745,0.317677,0.3519,0.330422,0.4,0.2,0.4,0.562724,0.733736,5
1295.KL,30/4/2023,0.0,0.0,0.0,0.0,0.0,0.0,0.0,0.0,0.0,0
1295.KL,30/4/2024,-0.021582,0.090901,0.796616,0.112483,0.5,0.0,0.5,0.156174,0.796616,2
1295.KL,30/4/2025,-0.164639,0.091499,0.652362,0.256139,0.333333,0.0,0.666667,0.240222,0.771554,3
1295.KL,30/5/2020,0.212219,0.477257,0.257705,0.265038,0.5,0.0,0.5,0.697611,0.816353,4
1295.KL,30/5/2021,-0.482189,0.03546,0.44689,0.517649,0.0,0.0,1.0,0.482189,0.707602,2
1295.KL,30/5/2022,-0.419713,0.078702,0.422883,0.498415,0.25,0.25,0.5,0.50142,0.866895,4
1295.KL,30/5/2023,-0.834051,0.020982,0.123985,0.855033,0.0,0.0,1.0,0.834051,0.855033,1
1295.KL,30/5/2024,-0.13675,0.244181,0.374889,0.380931,0.5,0.0,0.5,0.443986,0.701692,4
1295.KL,30/5/2025,-0.317866,0.093801,0.494532,0.411667,0.25,0.25,0.5,0.43717,0.809372,4
1295.KL,30/6/2020,-0.430811,0.060802,0.447585,0.491613,0.0,0.5,0.5,0.528772,0.921296,2
1295.KL,30/6/2021,0.076259,0.23371,0.608839,0.157451,0.428571,0.428571,0.142857,0.353923,0.86954,7
1295.KL,30/6/2022,0.105711,0.327237,0.451237,0.221526,0.5,0.25,0.25,0.480959,0.715434,4
1295.KL,30/6/2023,-0.084946,0.208716,0.497623,0.293662,0.5,0.166667,0.333333,0.465475,0.76882,6
1295.KL,30/6/2024,-0.485162,0.01683,0.481177,0.501992,0.0,0.5,0.5,0.485162,0.948168,2
1295.KL,30/6/2025,0.459749,0.605552,0.248645,0.145803,0.714286,0.142857,0.142857,0.722599,0.858427,7
1295.KL,30/7/2020,0.144221,0.417714,0.308794,0.273492,0.5,0.166667,0.333333,0.461873,0.667794,6
1295.KL,30/7/2021,-0.230192,0.095516,0.578776,0.325708,0.333333,0.333333,0.333333,0.382515,0.890269,3
1295.KL,30/7/2022,0.068627,0.389313,0.29,0.320686,0.4,0.2,0.4,0.647122,0.846517,5
1295.KL,30/7/2023,0.200684,0.220777,0.759129,0.020094,1.0,0.0,0.0,0.200684,0.759129,1
1295.KL,30/7/2024,-0.586498,0.052232,0.309037,0.638731,0.25,0.0,0.75,0.637246,0.85595,4
1295.KL,30/7/2025,-0.770409,0.021572,0.186447,0.791981,0.0,0.0,1.0,0.770409,0.791981,2
1295.KL,30/8/2020,0.833651,0.90061,0.032432,0.066958,1.0,0.0,0.0,0.833651,0.90061,1
1295.KL,30/8/2021,-0.018468,0.322785,0.335962,0.341253,0.333333,0.333333,0.333333,0.618737,0.947814,3
1295.KL,30/8/2022,-0.19471,0.161775,0.481739,0.356486,0.222222,0.333333,0.444444,0.472214,0.858846,9
1295.KL,30/8/2023,-0.215014,0.066105,0.652775,0.281119,0.166667,0.5,0.333333,0.306299,0.86073,6
1295.KL,30/8/2024,0.068004,0.099011,0.869981,0.031007,0.5,0.5,0.0,0.09543,0.869981,4
1295.KL,30/8/2025,0.254624,0.301957,0.650711,0.047333,0.6,0.2,0.2,0.302465,0.816877,5
1295.KL,30/9/2020,0.240338,0.362743,0.514851,0.122405,0.333333,0.333333,0.333333,0.386143,0.814569,3
1295.KL,30/9/2021,0.067484,0.279916,0.507651,0.212433,0.5,0.166667,0.333333,0.421526,0.790749,6
1295.KL,30/9/2022,-0.318704,0.250476,0.180345,0.569179,0.2,0.0,0.8,0.667395,0.751171,5
1295.KL,30/9/2023,-0.085741,0.185633,0.542994,0.271373,0.166667,0.5,0.333333,0.375849,0.841048,6
1295.KL,30/9/2024,0.043283,0.325628,0.392028,0.282344,0.333333,0.333333,0.333333,0.573509,0.877039,3
1295.KL,30/9/2025,0.412513,0.429429,0.553654,0.016916,0.666667,0.333333,0.0,0.412513,0.783676,6
1295.KL,31/1/2020,-0.098103,0.168843,0.56421,0.266947,0.0,0.5,0.5,0.135384,0.700536,2
1295.KL,31/1/2021,0.908602,0.939994,0.028613,0.031392,1.0,0.0,0.0,0.908602,0.939994,1
1295.KL,31/1/2022,0.033115,0.096141,0.840834,0.063026,0.333333,0.333333,0.333333,0.113402,0.840834,3
1295.KL,31/1/2023,-0.326651,0.164218,0.344914,0.490869,0.166667,0.333333,0.5,0.614604,0.906758,6
1295.KL,31/1/2024,-0.437014,0.027668,0.50765,0.464682,0.0,0.5,0.5,0.460231,0.924525,2
1295.KL,31/1/2025,-0.549223,0.042608,0.365561,0.591831,0.0,0.166667,0.833333,0.553753,0.78382,6
1295.KL,31/1/2026,0.105525,0.230953,0.643618,0.125428,0.5,0.25,0.25,0.305971,0.695161,4
1295.KL,31/10/2020,-0.146885,0.284572,0.283971,0.431457,0.4,0.0,0.6,0.586422,0.651226,5
1295.KL,31/10/2021,-0.915978,0.012771,0.05848,0.928749,0.0,0.0,1.0,0.915978,0.928749,1
1295.KL,31/10/2022,0.226797,0.325457,0.575884,0.09866,0.333333,0.666667,0.0,0.256816,0.799846,3
1295.KL,31/10/2023,-0.013424,0.313305,0.359967,0.326729,0.25,0.25,0.5,0.45502,0.70827,4
1295.KL,31/10/2024,-0.386319,0.067437,0.478806,0.453757,0.25,0.25,0.5,0.471792,0.878171,4
1295.KL,31/10/2025,0.10243,0.294064,0.514301,0.191635,0.6,0.2,0.2,0.434321,0.782443,5
1295.KL,31/12/2020,-0.086777,0.180747,0.55173,0.267524,0.25,0.375,0.375,0.39453,0.830475,8
1295.KL,31/12/2021,-0.372576,0.226315,0.174793,0.598892,0.5,0.0,0.5,0.56239,0.693799,2
1295.KL,31/12/2022,-0.367185,0.052533,0.52775,0.419717,0.0,0.333333,0.666667,0.414708,0.756944,3
1295.KL,31/12/2023,-0.487246,0.016291,0.480172,0.503537,0.0,0.5,0.5,0.487246,0.950934,2
1295.KL,31/12/2024,0.063915,0.227512,0.608892,0.163596,0.444444,0.333333,0.222222,0.262612,0.772592,9
1295.KL,31/12/2025,0.893708,0.931512,0.030684,0.037804,1.0,0.0,0.0,0.893708,0.931512,1
1295.KL,31/3/2020,0.039255,0.3355,0.368254,0.296245,0.5,0.166667,0.333333,0.497587,0.792081,6
1295.KL,31/3/2021,0.108512,0.373155,0.362202,0.264643,0.6,0.0,0.4,0.599939,0.814464,5
1295.KL,31/3/2022,-0.631427,0.047042,0.274489,0.678469,0.0,0.0,1.0,0.631427,0.682394,2
1295.KL,31/3/2023,0.022731,0.404627,0.213476,0.381897,0.5,0.0,0.5,0.225466,0.505995,2
1295.KL,31/3/2024,-0.860274,0.015186,0.109354,0.87546,0.0,0.0,1.0,0.860274,0.87546,2
1295.KL,31/3/2025,-0.394205,0.085554,0.434687,0.479759,0.5,0.0,0.5,0.539117,0.886905,2
1295.KL,31/5/2020,-0.887813,0.020149,0.07189,0.907961,0.0,0.0,1.0,0.887813,0.907961,1
1295.KL,31/5/2021,0.034776,0.387028,0.26072,0.352252,0.4,0.2,0.4,0.688251,0.873002,5
1295.KL,31/5/2022,-0.377125,0.152542,0.317791,0.529667,0.142857,0.285714,0.571429,0.630875,0.909833,7
1295.KL,31/5/2023,-0.061247,0.162855,0.613043,0.224102,0.0,1.0,0.0,0.061247,0.613043,1
1295.KL,31/5/2024,-0.439901,0.040394,0.479312,0.480295,0.0,0.5,0.5,0.439901,0.921915,2
1295.KL,31/5/2025,-0.067939,0.190217,0.551627,0.258156,0.25,0.5,0.25,0.411012,0.856701,4
1295.KL,31/7/2020,-0.508315,0.131807,0.22807,0.640123,0.333333,0.0,0.666667,0.697771,0.85957,6
1295.KL,31/7/2021,-0.587802,0.085245,0.241709,0.673047,0.0,0.25,0.75,0.587802,0.875271,4
1295.KL,31/7/2022,0.107643,0.119686,0.868272,0.012043,1.0,0.0,0.0,0.107643,0.868272,1
1295.KL,31/7/2023,-0.040002,0.312163,0.335671,0.352165,0.333333,0.333333,0.333333,0.604558,0.931688,3
1295.KL,31/7/2024,-0.596556,0.037679,0.328085,0.634235,0.0,0.0,1.0,0.596556,0.805275,2
1295.KL,31/7/2025,-0.218719,0.3008,0.17968,0.51952,0.333333,0.0,0.666667,0.65834,0.73933,3
1295.KL,31/8/2020,0.257928,0.310865,0.636198,0.052937,0.5,0.5,0.0,0.305286,0.846084,4
1295.KL,31/8/2021,-0.310095,0.06633,0.557244,0.376425,0.2,0.4,0.4,0.409072,0.886433,5
1295.KL,31/8/2022,-0.222402,0.059709,0.65818,0.282111,0.166667,0.5,0.333333,0.289155,0.8499,6
1295.KL,31/8/2023,-0.220231,0.062859,0.654052,0.283089,0.0,0.6,0.4,0.26222,0.817031,5
1295.KL,31/8/2024,-0.258561,0.132917,0.475605,0.391478,0.0,0.666667,0.333333,0.284762,0.687958,3
1295.KL,31/8/2025,-0.417237,0.122524,0.337716,0.53976,0.0,0.333333,0.666667,0.417237,0.840394,3
1295.KL,4/1/2020,0.03824,0.053502,0.931237,0.015261,0.0,1.0,0.0,0.03824,0.931237,1
1295.KL,4/1/2021,0.344949,0.381508,0.581933,0.036559,0.666667,0.333333,0.0,0.344949,0.822976,3
1295.KL,4/1/2022,-0.261342,0.040444,0.657771,0.301786,0.0,0.0,1.0,0.261342,0.657771,1
1295.KL,4/1/2023,-0.353178,0.206378,0.234065,0.559557,0.2,0.2,0.6,0.684639,0.879702,5
1295.KL,4/1/2024,-0.047926,0.147661,0.656752,0.195587,0.333333,0.333333,0.333333,0.14488,0.779921,3
1295.KL,4/1/2025,0.420009,0.432958,0.554094,0.012949,0.5,0.5,0.0,0.420009,0.824312,2
1295.KL,4/1/2026,0.072368,0.085278,0.901813,0.012909,0.0,1.0,0.0,0.072368,0.901813,3
1295.KL,4/10/2020,-0.895409,0.036984,0.030623,0.932393,0.0,0.0,1.0,0.895409,0.932393,1
1295.KL,4/10/2021,-0.183401,0.059689,0.697221,0.24309,0.0,0.333333,0.666667,0.183401,0.697221,3
1295.KL,4/10/2022,-0.266151,0.20982,0.314209,0.475971,0.333333,0.166667,0.5,0.628574,0.903658,6
1295.KL,4/10/2023,-0.313537,0.196916,0.292631,0.510453,0.333333,0.0,0.666667,0.636021,0.873237,6
1295.KL,4/10/2024,0.335194,0.393132,0.54893,0.057938,0.666667,0.333333,0.0,0.379176,0.812736,3
1295.KL,4/10/2025,-0.026808,0.318095,0.337002,0.344903,0.4,0.2,0.4,0.503132,0.742561,5
1295.KL,4/11/2020,-0.132239,0.241535,0.384692,0.373774,0.444444,0.111111,0.444444,0.50999,0.767761,9
1295.KL,4/11/2021,0.0,0.0,0.0,0.0,0.0,0.0,0.0,0.0,0.0,0
1295.KL,4/11/2022,0.461458,0.5461,0.369257,0.084642,1.0,0.0,0.0,0.461458,0.766795,7
1295.KL,4/11/2023,0.0,0.0,0.0,0.0,0.0,0.0,0.0,0.0,0.0,0
1295.KL,4/11/2024,0.077877,0.39777,0.282337,0.319893,0.6,0.0,0.4,0.689034,0.797127,5
1295.KL,4/11/2025,-0.043129,0.212457,0.531956,0.255587,0.333333,0.333333,0.333333,0.266104,0.764661,3
1295.KL,4/12/2020,-0.049201,0.377299,0.196201,0.4265,0.428571,0.0,0.571429,0.681082,0.827122,7
1295.KL,4/12/2021,-0.290664,0.078384,0.552568,0.369048,0.0,0.666667,0.333333,0.31775,0.81499,3
1295.KL,4/12/2022,-0.004532,0.054318,0.886831,0.058851,0.0,1.0,0.0,0.004532,0.886831,1
1295.KL,4/12/2023,0.395605,0.410436,0.574734,0.01483,1.0,0.0,0.0,0.395605,0.800288,4
1295.KL,4/12/2024,-0.444774,0.149314,0.256599,0.594088,0.125,0.25,0.625,0.698518,0.910192,8
1295.KL,4/12/2025,-0.337833,0.08333,0.495506,0.421164,0.2,0.4,0.4,0.460685,0.849947,5
1295.KL,4/2/2020,-0.269984,0.257554,0.214907,0.527539,0.5,0.0,0.5,0.649161,0.801238,4
1295.KL,4/2/2021,0.464493,0.506039,0.452416,0.041545,0.8,0.2,0.0,0.464493,0.716988,5
1295.KL,4/2/2022,0.05676,0.276448,0.503863,0.219689,0.333333,0.5,0.166667,0.355581,0.836925,6
1295.KL,4/2/2023,0.314098,0.353912,0.606274,0.039814,0.5,0.5,0.0,0.334252,0.820377,4
1295.KL,4/2/2024,0.006882,0.310938,0.385006,0.304056,0.4,0.0,0.6,0.572255,0.709773,5
1295.KL,4/2/2025,0.236814,0.597576,0.041662,0.360762,0.5,0.0,0.5,0.674658,0.816498,2
1295.KL,4/2/2026,0.881836,0.9148,0.052236,0.032964,1.0,0.0,0.0,0.881836,0.9148,1
1295.KL,4/3/2020,-0.070535,0.284976,0.359512,0.355512,0.428571,0.0,0.571429,0.545056,0.825554,7
1295.KL,4/3/2021,0.112932,0.367732,0.377468,0.2548,0.4,0.4,0.2,0.442738,0.729422,5
1295.KL,4/3/2022,-0.086304,0.226339,0.461019,0.312642,0.333333,0.333333,0.333333,0.467371,0.831674,6
1295.KL,4/3/2023,-0.886816,0.045727,0.021729,0.932543,0.0,0.0,1.0,0.886816,0.932543,1
1295.KL,4/3/2024,-0.562307,0.02595,0.385793,0.588257,0.0,0.0,1.0,0.562307,0.588257,1
1295.KL,4/3/2025,-0.299605,0.099272,0.501851,0.398877,0.2,0.4,0.4,0.441673,0.865222,5
1295.KL,4/3/2026,-0.344816,0.104199,0.446786,0.449015,0.5,0.0,0.5,0.510781,0.842736,4
1295.KL,4/4/2020,-0.375018,0.199679,0.225624,0.574697,0.4,0.0,0.6,0.658739,0.824249,5
1295.KL,4/4/2021,0.309047,0.318637,0.671773,0.00959,1.0,0.0,0.0,0.309047,0.671773,1
1295.KL,4/4/2022,-0.366056,0.109264,0.415416,0.47532,0.166667,0.166667,0.666667,0.526248,0.777507,6
1295.KL,4/4/2023,0.047033,0.256282,0.53447,0.209249,0.4,0.4,0.2,0.427744,0.800475,5
1295.KL,4/4/2024,-0.620167,0.042939,0.293955,0.663106,0.0,0.25,0.75,0.66893,0.87634,4
1295.KL,4/4/2025,-0.672226,0.035658,0.256459,0.707884,0.0,0.25,0.75,0.700422,0.924842,4
1295.KL,4/5/2020,-0.176201,0.087439,0.648922,0.263639,0.25,0.5,0.25,0.260432,0.859955,4
1295.KL,4/5/2021,0.112662,0.124106,0.864451,0.011443,1.0,0.0,0.0,0.112662,0.864451,1
1295.KL,4/5/2022,0.875287,0.884308,0.106671,0.009021,1.0,0.0,0.0,0.875287,0.884308,1
1295.KL,4/5/2023,0.041586,0.354539,0.332507,0.312953,0.428571,0.142857,0.428571,0.573402,0.742416,7
1295.KL,4/5/2024,0.373589,0.419404,0.534782,0.045815,0.5,0.5,0.0,0.422161,0.856404,2
1295.KL,4/5/2025,0.042398,0.230198,0.582002,0.1878,0.333333,0.333333,0.333333,0.258364,0.695793,3
1295.KL,4/6/2020,0.437389,0.574461,0.288467,0.137072,0.75,0.0,0.25,0.56664,0.644453,4
1295.KL,4/6/2021,0.048098,0.267718,0.512662,0.21962,0.5,0.333333,0.166667,0.396662,0.806707,6
1295.KL,4/6/2022,0.0,0.0,0.0,0.0,0.0,0.0,0.0,0.0,0.0,0
1295.KL,4/6/2023,0.0,0.0,0.0,0.0,0.0,0.0,0.0,0.0,0.0,0
1295.KL,4/6/2024,0.254722,0.422514,0.409693,0.167793,0.6,0.2,0.2,0.491544,0.821321,5
1295.KL,4/6/2025,0.056893,0.084266,0.88836,0.027374,0.5,0.5,0.0,0.069275,0.88836,2
1295.KL,4/7/2020,-0.032436,0.256353,0.454858,0.288789,0.25,0.5,0.25,0.483159,0.886706,4
1295.KL,4/7/2021,-0.129388,0.094165,0.682283,0.223552,0.0,0.0,1.0,0.129388,0.682283,1
1295.KL,4/7/2022,0.84673,0.869582,0.107566,0.022852,1.0,0.0,0.0,0.84673,0.869582,1
1295.KL,4/7/2023,-0.173445,0.282758,0.26104,0.456202,0.2,0.4,0.4,0.573091,0.819938,5
1295.KL,4/7/2024,-0.252888,0.051109,0.644894,0.303997,0.0,0.666667,0.333333,0.306875,0.888589,3
1295.KL,4/7/2025,0.305058,0.589822,0.125413,0.284764,0.666667,0.0,0.333333,0.609573,0.74208,3
1295.KL,4/8/2020,0.0,0.0,0.0,0.0,0.0,0.0,0.0,0.0,0.0,0
1295.KL,4/8/2021,-0.147027,0.252073,0.348827,0.3991,0.4,0.2,0.4,0.496868,0.752919,5
1295.KL,4/8/2022,-0.469079,0.088626,0.353668,0.557706,0.0,0.0,1.0,0.469079,0.558458,4
1295.KL,4/8/2023,-0.070353,0.280003,0.369641,0.350356,0.333333,0.333333,0.333333,0.570311,0.868774,6
1295.KL,4/8/2024,-0.085646,0.147276,0.619802,0.232922,0.0,0.5,0.5,0.128495,0.619802,2
1295.KL,4/8/2025,-0.042304,0.422187,0.113322,0.464491,0.5,0.0,0.5,0.825934,0.856306,4
1295.KL,4/9/2020,0.208015,0.375424,0.457167,0.167409,0.25,0.5,0.25,0.311953,0.746907,4
1295.KL,4/9/2021,0.322549,0.34832,0.625909,0.025771,0.333333,0.666667,0.0,0.322549,0.892395,3
1295.KL,4/9/2022,0.0,0.0,0.0,0.0,0.0,0.0,0.0,0.0,0.0,0
1295.KL,4/9/2023,-0.008654,0.292071,0.407204,0.300725,0.333333,0.333333,0.333333,0.464754,0.829658,3
1295.KL,4/9/2024,0.150761,0.347591,0.455579,0.19683,0.571429,0.142857,0.285714,0.49924,0.725331,7
1295.KL,4/9/2025,-0.527026,0.048648,0.375677,0.575674,0.125,0.125,0.75,0.579526,0.847286,8
1295.KL,5/1/2020,0.0,0.0,0.0,0.0,0.0,0.0,0.0,0.0,0.0,0
1295.KL,5/1/2021,-0.501727,0.021361,0.455552,0.523087,0.0,0.5,0.5,0.501727,0.923839,2
1295.KL,5/1/2022,0.105439,0.321338,0.462764,0.215898,0.333333,0.5,0.166667,0.469984,0.909633,6
1295.KL,5/1/2023,-0.587344,0.039258,0.33414,0.626602,0.0,0.2,0.8,0.599794,0.792552,5
1295.KL,5/1/2024,0.463064,0.497878,0.467307,0.034814,1.0,0.0,0.0,0.463064,0.843495,2
1295.KL,5/1/2025,-0.424772,0.048937,0.477355,0.473709,0.0,0.333333,0.666667,0.424772,0.76878,3
1295.KL,5/1/2026,0.066017,0.089551,0.886914,0.023534,0.5,0.5,0.0,0.066017,0.886914,2
1295.KL,5/10/2020,0.199812,0.278465,0.642883,0.078653,0.5,0.0,0.5,0.330045,0.68588,2
1295.KL,5/10/2021,-0.410424,0.181771,0.226034,0.592195,0.333333,0.0,0.666667,0.740676,0.815736,6
1295.KL,5/10/2022,0.162948,0.325062,0.512823,0.162115,0.375,0.5,0.125,0.397962,0.870517,8
1295.KL,5/10/2023,-0.620223,0.055659,0.268459,0.675882,0.0,0.166667,0.833333,0.648256,0.824381,6
1295.KL,5/10/2024,-0.071032,0.282898,0.363172,0.35393,0.333333,0.0,0.666667,0.583632,0.744991,6
1295.KL,5/10/2025,0.410155,0.508679,0.392798,0.098524,0.75,0.0,0.25,0.514584,0.676323,4
1295.KL,5/11/2020,0.10298,0.371675,0.359629,0.268696,0.5,0.2,0.3,0.563939,0.822289,10
1295.KL,5/11/2021,-0.099599,0.072851,0.754699,0.17245,0.0,1.0,0.0,0.099599,0.754699,1
1295.KL,5/11/2022,0.358977,0.453338,0.452301,0.094361,0.666667,0.333333,0.0,0.382386,0.673811,3
1295.KL,5/11/2023,0.588245,0.611643,0.364959,0.023398,1.0,0.0,0.0,0.588245,0.802665,2
1295.KL,5/11/2024,0.171356,0.37707,0.417216,0.205714,0.333333,0.333333,0.333333,0.448226,0.797937,3
1295.KL,5/11/2025,0.061264,0.244038,0.573189,0.182774,0.5,0.333333,0.166667,0.386287,0.852828,6
1295.KL,5/12/2020,-0.176889,0.176473,0.470165,0.353362,0.333333,0.333333,0.333333,0.421159,0.74442,3
1295.KL,5/12/2021,0.0,0.0,0.0,0.0,0.0,0.0,0.0,0.0,0.0,0
1295.KL,5/12/2022,-0.10133,0.183011,0.532648,0.284341,0.5,0.25,0.25,0.391959,0.809426,4
1295.KL,5/12/2023,0.463971,0.478559,0.506852,0.014589,0.5,0.5,0.0,0.463971,0.897316,2
1295.KL,5/12/2024,0.011036,0.279079,0.452879,0.268042,0.333333,0.222222,0.444444,0.45366,0.760692,9
1295.KL,5/12/2025,-0.276216,0.324236,0.075313,0.600451,0.333333,0.0,0.666667,0.88463,0.904658,3
1295.KL,5/2/2020,-0.209563,0.141456,0.507525,0.351019,0.5,0.166667,0.333333,0.404458,0.806303,6
1295.KL,5/2/2021,0.059157,0.3272,0.404757,0.268043,0.5,0.0,0.5,0.542216,0.673028,8
1295.KL,5/2/2022,0.731766,0.750122,0.231522,0.018356,1.0,0.0,0.0,0.731766,0.750122,1
1295.KL,5/2/2023,0.051883,0.090391,0.871102,0.038508,0.0,1.0,0.0,0.051883,0.871102,1
1295.KL,5/2/2024,0.016926,0.333331,0.350263,0.316406,0.333333,0.333333,0.333333,0.604752,0.899983,3
1295.KL,5/2/2025,0.173538,0.501233,0.171071,0.327696,0.666667,0.0,0.333333,0.804338,0.816633,3
1295.KL,5/2/2026,-0.199834,0.06073,0.678705,0.260564,0.0,0.333333,0.666667,0.199834,0.678705,3
1295.KL,5/3/2020,0.005726,0.238053,0.52962,0.232327,0.428571,0.142857,0.428571,0.368749,0.774087,7
1295.KL,5/3/2021,-0.52769,0.031186,0.409938,0.558876,0.0,0.0,1.0,0.52769,0.622017,2
1295.KL,5/3/2022,-0.906776,0.016315,0.060593,0.923092,0.0,0.0,1.0,0.906776,0.923092,3
1295.KL,5/3/2023,0.0,0.0,0.0,0.0,0.0,0.0,0.0,0.0,0.0,0
1295.KL,5/3/2024,-0.003205,0.025576,0.945644,0.02878,0.0,1.0,0.0,0.003205,0.945644,1
1295.KL,5/3/2025,-0.106286,0.192768,0.508179,0.299053,0.0,0.5,0.5,0.135111,0.759611,2
1295.KL,5/3/2026,0.069592,0.150436,0.768719,0.080845,0.142857,0.714286,0.142857,0.146395,0.851192,7
1295.KL,5/4/2020,-0.935051,0.011178,0.042593,0.946229,0.0,0.0,1.0,0.935051,0.946229,1
1295.KL,5/4/2021,0.397567,0.512731,0.372105,0.115164,1.0,0.0,0.0,0.397567,0.747774,3
1295.KL,5/4/2022,-0.101383,0.262079,0.37446,0.363461,0.25,0.0,0.75,0.4878,0.683864,4
1295.KL,5/4/2023,0.187176,0.348679,0.489818,0.161503,0.4,0.4,0.2,0.453873,0.808705,5
1295.KL,5/4/2024,-0.200844,0.15914,0.480876,0.359984,0.4,0.2,0.4,0.464566,0.789205,5
1295.KL,5/4/2025,-0.492403,0.044468,0.418661,0.536871,0.0,0.25,0.75,0.49664,0.845859,4
1295.KL,5/5/2020,-0.069655,0.123624,0.683096,0.193279,0.285714,0.571429,0.142857,0.208724,0.802514,7
1295.KL,5/5/2021,-0.521812,0.149727,0.178733,0.67154,0.25,0.0,0.75,0.618202,0.738585,4
1295.KL,5/5/2022,0.131545,0.495787,0.13997,0.364242,0.666667,0.0,0.333333,0.747516,0.803773,3
1295.KL,5/5/2023,-0.277133,0.221182,0.280503,0.498315,0.4,0.0,0.6,0.481342,0.742096,5
1295.KL,5/5/2024,-0.296382,0.085076,0.533466,0.381458,0.0,0.5,0.5,0.296382,0.824565,2
1295.KL,5/5/2025,0.0,0.0,0.0,0.0,0.0,0.0,0.0,0.0,0.0,0
1295.KL,5/6/2020,0.248594,0.563606,0.121383,0.315011,0.666667,0.0,0.333333,0.845307,0.861962,3
1295.KL,5/6/2021,-0.445852,0.034837,0.484473,0.480689,0.0,0.5,0.5,0.461329,0.937816,2
1295.KL,5/6/2022,-0.484805,0.050362,0.414471,0.535167,0.0,0.5,0.5,0.484805,0.889638,2
1295.KL,5/6/2023,0.00144,0.03391,0.933619,0.03247,0.0,1.0,0.0,0.020594,0.933619,2
1295.KL,5/6/2024,0.010542,0.262957,0.484629,0.252414,0.333333,0.333333,0.333333,0.392187,0.792081,6
1295.KL,5/6/2025,-0.014173,0.289849,0.406128,0.304023,0.666667,0.0,0.333333,0.570448,0.786502,3
1295.KL,5/7/2020,-0.954094,0.008421,0.029063,0.962515,0.0,0.0,1.0,0.954094,0.962515,1
1295.KL,5/7/2021,0.10187,0.224973,0.651924,0.123103,0.5,0.25,0.25,0.292098,0.701837,4
1295.KL,5/7/2022,0.0,0.0,0.0,0.0,0.0,0.0,0.0,0.0,0.0,0
1295.KL,5/7/2023,-0.288804,0.15598,0.399236,0.444784,0.25,0.25,0.5,0.338832,0.758503,4
1295.KL,5/7/2024,0.136512,0.324189,0.488134,0.187677,0.4,0.4,0.2,0.433151,0.756402,5
1295.KL,5/7/2025,-0.886477,0.012616,0.088292,0.899092,0.0,0.0,1.0,0.886477,0.899092,1
1295.KL,5/8/2020,-0.302221,0.284818,0.128143,0.587039,0.333333,0.0,0.666667,0.780288,0.826072,3
1295.KL,5/8/2021,0.0,0.0,0.0,0.0,0.0,0.0,0.0,0.0,0.0,0
1295.KL,5/8/2022,-0.364886,0.056176,0.522763,0.421061,0.0,0.4,0.6,0.408117,0.790499,5
1295.KL,5/8/2023,-0.023829,0.251065,0.47404,0.274895,0.2,0.4,0.4,0.366658,0.750492,5
1295.KL,5/8/2024,-0.299691,0.038897,0.622514,0.338588,0.0,0.5,0.5,0.330552,0.802299,2
1295.KL,5/8/2025,0.013499,0.471284,0.07093,0.457786,0.5,0.0,0.5,0.889768,0.909419,4
1295.KL,5/9/2020,-0.029385,0.050856,0.868904,0.080241,0.0,1.0,0.0,0.029385,0.868904,1
1295.KL,5/9/2021,0.829518,0.850694,0.12813,0.021176,1.0,0.0,0.0,0.829518,0.850694,1
1295.KL,5/9/2022,0.324484,0.397934,0.528615,0.07345,0.75,0.25,0.0,0.356601,0.692745,4
1295.KL,5/9/2023,-0.104483,0.069344,0.75683,0.173827,0.25,0.5,0.25,0.16195,0.81469,4
1295.KL,5/9/2024,0.079543,0.293117,0.493309,0.213574,0.666667,0.0,0.333333,0.476507,0.770119,6
1295.KL,5/9/2025,-0.084062,0.182155,0.551628,0.266217,0.2,0.4,0.4,0.347135,0.836542,5
1295.KL,6/1/2020,-0.148269,0.113911,0.623908,0.26218,0.5,0.25,0.25,0.320153,0.854877,4
1295.KL,6/1/2021,0.033897,0.351427,0.331043,0.31753,0.444444,0.222222,0.333333,0.625243,0.871708,9
1295.KL,6/1/2022,-0.109921,0.086529,0.717022,0.196449,0.333333,0.333333,0.333333,0.238789,0.762839,3
1295.KL,6/1/2023,0.0,0.0,0.0,0.0,0.0,0.0,0.0,0.0,0.0,0
1295.KL,6/1/2024,0.193563,0.201867,0.789829,0.008304,1.0,0.0,0.0,0.193563,0.789829,1
1295.KL,6/1/2025,0.424836,0.491281,0.442273,0.066446,1.0,0.0,0.0,0.424836,0.731025,3
1295.KL,6/1/2026,0.313039,0.339359,0.63432,0.02632,0.333333,0.666667,0.0,0.313039,0.927617,3
1295.KL,6/10/2020,-0.149879,0.332333,0.185456,0.482211,0.25,0.0,0.75,0.573142,0.693843,4
1295.KL,6/10/2021,0.30991,0.528668,0.252573,0.218758,0.6,0.2,0.2,0.689561,0.874355,5
1295.KL,6/10/2022,0.582332,0.623335,0.335661,0.041004,0.666667,0.333333,0.0,0.591693,0.927356,3
1295.KL,6/10/2023,-0.330392,0.172386,0.324835,0.502779,0.333333,0.166667,0.5,0.527974,0.753999,6
1295.KL,6/10/2024,0.526615,0.545403,0.435809,0.018788,1.0,0.0,0.0,0.526615,0.834737,2
1295.KL,6/10/2025,-0.272615,0.046159,0.635067,0.318774,0.0,0.666667,0.333333,0.328555,0.923307,3
1295.KL,6/11/2020,-0.303351,0.04006,0.616529,0.343411,0.0,0.5,0.5,0.332356,0.797818,4
1295.KL,6/11/2021,0.00763,0.335533,0.336564,0.327903,0.333333,0.333333,0.333333,0.577559,0.846782,3
1295.KL,6/11/2022,-0.035084,0.101638,0.761639,0.136722,0.333333,0.333333,0.333333,0.135567,0.761639,3
1295.KL,6/11/2023,-0.078726,0.046216,0.828842,0.124942,0.0,1.0,0.0,0.078726,0.828842,1
1295.KL,6/11/2024,0.098114,0.286089,0.525936,0.187975,0.428571,0.428571,0.142857,0.378012,0.871746,7
1295.KL,6/11/2025,0.312193,0.4428,0.426593,0.130607,0.75,0.0,0.25,0.448024,0.671148,4
1295.KL,6/12/2020,0.274329,0.291433,0.691464,0.017104,0.666667,0.333333,0.0,0.274329,0.799113,3
1295.KL,6/12/2021,0.0,0.0,0.0,0.0,0.0,0.0,0.0,0.0,0.0,0
1295.KL,6/12/2022,-0.247356,0.28312,0.186404,0.530476,0.4,0.0,0.6,0.713402,0.763499,5
1295.KL,6/12/2023,0.912544,0.923603,0.065338,0.011059,1.0,0.0,0.0,0.912544,0.923603,1
1295.KL,6/12/2024,0.077829,0.352322,0.373185,0.274493,0.333333,0.333333,0.333333,0.507012,0.801055,3
1295.KL,6/12/2025,-0.182558,0.16485,0.487742,0.347408,0.333333,0.166667,0.5,0.427846,0.759298,6
1295.KL,6/2/2020,0.363841,0.529117,0.305607,0.165276,0.714286,0.0,0.285714,0.60107,0.774484,7
1295.KL,6/2/2021,0.0,0.0,0.0,0.0,0.0,0.0,0.0,0.0,0.0,0
1295.KL,6/2/2022,0.366949,0.60351,0.15993,0.23656,0.5,0.5,0.0,0.366949,0.60351,2
1295.KL,6/2/2023,-0.402739,0.093147,0.410966,0.495886,0.5,0.0,0.5,0.525183,0.863755,2
1295.KL,6/2/2024,0.0,0.0,0.0,0.0,0.0,0.0,0.0,0.0,0.0,0
1295.KL,6/2/2025,-0.31091,0.025974,0.637142,0.336884,0.0,0.666667,0.333333,0.323502,0.937648,3
1295.KL,6/2/2026,-0.271396,0.22914,0.270323,0.500537,0.4,0.2,0.4,0.489132,0.784647,5
1295.KL,6/3/2020,-0.722399,0.05628,0.165041,0.778679,0.0,0.0,1.0,0.722399,0.778679,4
1295.KL,6/3/2021,-0.073052,0.032784,0.86138,0.105836,0.0,0.5,0.5,0.073052,0.86138,2
1295.KL,6/3/2022,0.0,0.0,0.0,0.0,0.0,0.0,0.0,0.0,0.0,0
1295.KL,6/3/2023,-0.161885,0.211408,0.415299,0.373293,0.5,0.25,0.25,0.307761,0.753342,4
1295.KL,6/3/2024,0.255489,0.470135,0.315219,0.214646,0.5,0.0,0.5,0.637742,0.728737,2
1295.KL,6/3/2025,-0.185743,0.142317,0.529622,0.328061,0.2,0.4,0.4,0.324424,0.810799,5
1295.KL,6/3/2026,-0.16933,0.054705,0.72126,0.224035,0.0,0.6,0.4,0.207816,0.856921,5
1295.KL,6/4/2020,-0.142991,0.312571,0.231867,0.455562,0.5,0.0,0.5,0.710796,0.86524,6
1295.KL,6/4/2021,-0.130141,0.152546,0.564768,0.282686,0.25,0.5,0.25,0.221945,0.696916,4
1295.KL,6/4/2022,-0.021282,0.027855,0.923008,0.049137,0.0,1.0,0.0,0.021282,0.923008,1
1295.KL,6/4/2023,-0.772502,0.032614,0.16227,0.805116,0.0,0.0,1.0,0.772502,0.805116,1
1295.KL,6/4/2024,-0.070046,0.337255,0.255444,0.407301,0.6,0.0,0.4,0.653949,0.77818,5
1295.KL,6/4/2025,-0.014623,0.057004,0.87137,0.071626,0.0,1.0,0.0,0.025523,0.87137,2
1295.KL,6/5/2020,-0.177901,0.21682,0.388459,0.394721,0.4,0.2,0.4,0.556489,0.905637,5
1295.KL,6/5/2021,0.296046,0.636705,0.022636,0.340659,0.666667,0.0,0.333333,0.909907,0.943636,3
1295.KL,6/5/2022,-0.33537,0.218572,0.227486,0.553942,0.4,0.0,0.6,0.723582,0.895861,5
1295.KL,6/5/2023,-0.096425,0.095626,0.712323,0.192051,0.25,0.5,0.25,0.220426,0.797616,4
1295.KL,6/5/2024,0.140508,0.161581,0.817347,0.021072,0.5,0.5,0.0,0.140508,0.817347,2
1295.KL,6/5/2025,-0.880745,0.024059,0.071136,0.904804,0.0,0.0,1.0,0.880745,0.904804,2
1295.KL,6/6/2020,-0.801093,0.064115,0.070678,0.865207,0.0,0.0,1.0,0.801093,0.865207,1
1295.KL,6/6/2021,0.09708,0.115698,0.865684,0.018618,0.5,0.5,0.0,0.09708,0.865684,2
1295.KL,6/6/2022,-0.317501,0.141527,0.399446,0.459027,0.5,0.0,0.5,0.537872,0.834672,2
1295.KL,6/6/2023,-0.198505,0.189246,0.423004,0.38775,0.25,0.25,0.5,0.506034,0.808796,8
1295.KL,6/6/2024,-0.05088,0.219856,0.509409,0.270735,0.285714,0.428571,0.285714,0.308008,0.77988,7
1295.KL,6/6/2025,0.203957,0.292726,0.618505,0.088769,0.571429,0.285714,0.142857,0.333557,0.756624,7
1295.KL,6/7/2020,-0.02814,0.18472,0.60242,0.21286,0.666667,0.0,0.333333,0.372277,0.687164,3
1295.KL,6/7/2021,0.363512,0.559737,0.244037,0.196225,0.75,0.0,0.25,0.731451,0.743707,4
1295.KL,6/7/2022,-0.455117,0.036219,0.472446,0.491335,0.0,0.5,0.5,0.455117,0.834705,2
1295.KL,6/7/2023,-0.226479,0.097513,0.578494,0.323992,0.0,0.5,0.5,0.236518,0.799589,6
1295.KL,6/7/2024,-0.501421,0.118877,0.260825,0.620298,0.0,0.0,1.0,0.501421,0.671861,2
1295.KL,6/7/2025,-0.183493,0.295048,0.226411,0.478541,0.5,0.0,0.5,0.742274,0.757932,2
1295.KL,6/8/2020,0.008422,0.366465,0.275493,0.358042,0.6,0.0,0.4,0.668997,0.848435,5
1295.KL,6/8/2021,-0.109258,0.052537,0.785667,0.161795,0.0,0.666667,0.333333,0.14307,0.785667,3
1295.KL,6/8/2022,-0.310039,0.029419,0.631122,0.339459,0.0,0.5,0.5,0.310039,0.699539,2
1295.KL,6/8/2023,0.0,0.0,0.0,0.0,0.0,0.0,0.0,0.0,0.0,0
1295.KL,6/8/2024,-0.183319,0.042181,0.732319,0.2255,0.0,0.666667,0.333333,0.183319,0.789617,3
1295.KL,6/8/2025,-0.487159,0.018795,0.475251,0.505954,0.0,0.5,0.5,0.487159,0.951565,2
1295.KL,6/9/2020,0.508507,0.517069,0.474369,0.008562,1.0,0.0,0.0,0.508507,0.733399,3
1295.KL,6/9/2021,0.0,0.0,0.0,0.0,0.0,0.0,0.0,0.0,0.0,0
1295.KL,6/9/2022,0.315082,0.42856,0.457963,0.113478,0.333333,0.666667,0.0,0.315082,0.759923,3
1295.KL,6/9/2023,-0.054643,0.273765,0.397828,0.328408,0.333333,0.333333,0.333333,0.499209,0.825205,6
1295.KL,6/9/2024,-0.861075,0.015486,0.107953,0.876561,0.0,0.0,1.0,0.861075,0.876561,2
1295.KL,6/9/2025,-0.841897,0.017687,0.122729,0.859584,0.0,0.0,1.0,0.841897,0.859584,2
1295.KL,7/1/2020,-0.021832,0.333128,0.311911,0.35496,0.333333,0.333333,0.333333,0.606696,0.906676,3
1295.KL,7/1/2021,0.046395,0.281995,0.482405,0.2356,0.5,0.25,0.25,0.484635,0.869735,4
1295.KL,7/1/2022,0.844497,0.858691,0.127116,0.014194,1.0,0.0,0.0,0.844497,0.858691,1
1295.KL,7/1/2023,0.218146,0.331363,0.55542,0.113217,0.5,0.0,0.5,0.405584,0.694725,2
1295.KL,7/1/2024,0.0,0.0,0.0,0.0,0.0,0.0,0.0,0.0,0.0,0
1295.KL,7/1/2025,0.200328,0.323822,0.552685,0.123493,0.333333,0.333333,0.333333,0.388365,0.84333,3
1295.KL,7/1/2026,-0.552787,0.027355,0.392503,0.580142,0.0,0.333333,0.666667,0.559275,0.876303,6
1295.KL,7/10/2020,-0.669105,0.024976,0.280942,0.694081,0.0,0.0,1.0,0.669105,0.821611,4
1295.KL,7/10/2021,0.033456,0.107506,0.818445,0.07405,0.333333,0.666667,0.0,0.06886,0.818445,3
1295.KL,7/10/2022,-0.450647,0.025537,0.498279,0.476184,0.0,0.5,0.5,0.459341,0.933334,6
1295.KL,7/10/2023,0.045906,0.404383,0.237139,0.358477,0.5,0.0,0.5,0.719874,0.741367,2
1295.KL,7/10/2024,0.767421,0.785075,0.197271,0.017654,1.0,0.0,0.0,0.767421,0.785075,1
1295.KL,7/10/2025,-0.200776,0.140769,0.517686,0.341545,0.142857,0.428571,0.428571,0.36953,0.819238,7
1295.KL,7/11/2020,0.33669,0.578899,0.178892,0.242209,0.75,0.0,0.25,0.719967,0.815557,4
1295.KL,7/11/2021,0.007075,0.034328,0.938419,0.027253,0.0,1.0,0.0,0.007075,0.938419,1
1295.KL,7/11/2022,-0.219498,0.112676,0.55515,0.332174,0.333333,0.333333,0.333333,0.41259,0.864411,3
1295.KL,7/11/2023,-0.320114,0.293494,0.092899,0.613608,0.2,0.0,0.8,0.654865,0.780983,5
1295.KL,7/11/2024,-0.552682,0.042483,0.362351,0.595165,0.0,0.0,1.0,0.552682,0.595165,1
1295.KL,7/11/2025,0.208008,0.439998,0.328013,0.231989,0.5,0.166667,0.333333,0.605493,0.850347,6
1295.KL,7/12/2020,0.408974,0.464046,0.480882,0.055072,0.6,0.4,0.0,0.408974,0.825182,5
1295.KL,7/12/2021,0.231241,0.508761,0.213719,0.27752,0.6,0.0,0.4,0.634901,0.764759,5
1295.KL,7/12/2022,-0.488073,0.04671,0.418508,0.534783,0.0,0.333333,0.666667,0.495,0.835768,6
1295.KL,7/12/2023,-0.474091,0.062908,0.400092,0.537,0.25,0.0,0.75,0.572358,0.805298,4
1295.KL,7/12/2024,-0.479694,0.021385,0.477535,0.501079,0.0,0.5,0.5,0.479694,0.948423,2
1295.KL,7/12/2025,-0.032573,0.436251,0.094924,0.468824,0.5,0.0,0.5,0.869674,0.887375,2
1295.KL,7/2/2020,0.1503,0.446427,0.257446,0.296127,0.5,0.166667,0.333333,0.656803,0.847453,6
1295.KL,7/2/2021,0.1289,0.485022,0.158856,0.356122,0.5,0.0,0.5,0.766887,0.804016,2
1295.KL,7/2/2022,0.384547,0.396019,0.592509,0.011472,0.5,0.5,0.0,0.384547,0.836622,2
1295.KL,7/2/2023,-0.011339,0.035552,0.917556,0.046891,0.0,1.0,0.0,0.011339,0.917556,2
1295.KL,7/2/2024,-0.312847,0.168893,0.349367,0.48174,0.0,0.666667,0.333333,0.312847,0.772266,3
1295.KL,7/2/2025,-0.519465,0.069444,0.341647,0.588909,0.0,0.25,0.75,0.529459,0.735232,4
1295.KL,7/2/2026,-0.197915,0.238182,0.325721,0.436097,0.5,0.0,0.5,0.57233,0.806489,4
1295.KL,7/3/2020,-0.336851,0.028287,0.606576,0.365138,0.0,0.5,0.5,0.336851,0.83712,4
1295.KL,7/3/2021,0.0,0.0,0.0,0.0,0.0,0.0,0.0,0.0,0.0,0
1295.KL,7/3/2022,-0.296518,0.216216,0.27105,0.512734,0.2,0.2,0.6,0.60208,0.833285,5
1295.KL,7/3/2023,-0.134051,0.399213,0.067523,0.533264,0.5,0.0,0.5,0.790444,0.86146,2
1295.KL,7/3/2024,0.208229,0.285586,0.637056,0.077358,0.25,0.75,0.0,0.266591,0.868721,4
1295.KL,7/3/2025,-0.213664,0.230488,0.325361,0.444152,0.333333,0.166667,0.5,0.629628,0.839673,6
1295.KL,7/3/2026,-0.857931,0.013723,0.114622,0.871655,0.0,0.0,1.0,0.857931,0.871655,1
1295.KL,7/4/2020,-0.219643,0.161867,0.456623,0.38151,0.125,0.25,0.625,0.45728,0.802036,8
1295.KL,7/4/2021,0.456946,0.590606,0.275733,0.133661,0.666667,0.222222,0.111111,0.670313,0.888257,9
1295.KL,7/4/2022,-0.108052,0.081494,0.728959,0.189547,0.25,0.5,0.25,0.211723,0.781048,4
1295.KL,7/4/2023,-0.594787,0.111449,0.182315,0.706236,0.0,0.0,1.0,0.594787,0.706236,2
1295.KL,7/4/2024,-0.016001,0.310939,0.36212,0.326941,0.333333,0.333333,0.333333,0.596139,0.912917,3
1295.KL,7/4/2025,0.053784,0.379659,0.294465,0.325875,0.666667,0.0,0.333333,0.682999,0.877368,3
1295.KL,7/5/2020,-0.945364,0.015761,0.023114,0.961125,0.0,0.0,1.0,0.945364,0.961125,3
1295.KL,7/5/2021,-0.405372,0.187675,0.219277,0.593047,0.2,0.0,0.8,0.617222,0.698972,5
1295.KL,7/5/2022,-0.939126,0.012758,0.035357,0.951884,0.0,0.0,1.0,0.939126,0.951884,2
1295.KL,7/5/2023,0.0,0.0,0.0,0.0,0.0,0.0,0.0,0.0,0.0,0
1295.KL,7/5/2024,0.071564,0.481899,0.107766,0.410335,0.5,0.0,0.5,0.830557,0.861396,2
1295.KL,7/5/2025,0.080962,0.104106,0.87275,0.023144,0.666667,0.333333,0.0,0.09409,0.87275,3
1295.KL,7/6/2020,-0.460183,0.086501,0.366816,0.546684,0.0,0.5,0.5,0.469482,0.813286,2
1295.KL,7/6/2021,-0.267848,0.059141,0.613869,0.326989,0.0,0.0,1.0,0.267848,0.613869,1
1295.KL,7/6/2022,-0.278469,0.065468,0.590595,0.343937,0.333333,0.333333,0.333333,0.353181,0.888212,3
1295.KL,7/6/2023,-0.382046,0.252637,0.11268,0.634683,0.333333,0.0,0.666667,0.864541,0.875931,3
1295.KL,7/6/2024,-0.71054,0.033027,0.223407,0.743566,0.0,0.0,1.0,0.71054,0.743566,2
1295.KL,7/6/2025,-0.314942,0.168264,0.34853,0.483206,0.166667,0.166667,0.666667,0.563293,0.782677,6
1295.KL,7/7/2020,0.201603,0.464365,0.272874,0.262762,0.5,0.25,0.25,0.651083,0.889746,4
1295.KL,7/7/2021,-0.199329,0.083868,0.632935,0.283197,0.25,0.5,0.25,0.30214,0.867646,4
1295.KL,7/7/2022,0.117832,0.408368,0.301095,0.290537,0.5,0.0,0.5,0.638283,0.815779,4
1295.KL,7/7/2023,-0.351304,0.185875,0.276947,0.537179,0.142857,0.285714,0.571429,0.443118,0.73004,7
1295.KL,7/7/2024,-0.299739,0.061758,0.576744,0.361497,0.0,0.4,0.6,0.301939,0.742502,5
1295.KL,7/7/2025,-0.136436,0.052489,0.758585,0.188925,0.25,0.5,0.25,0.197221,0.848058,4
1295.KL,7/8/2020,0.038456,0.388177,0.262101,0.349722,0.4,0.2,0.4,0.677086,0.870095,5
1295.KL,7/8/2021,-0.277154,0.062133,0.598579,0.339287,0.0,0.666667,0.333333,0.339979,0.90496,3
1295.KL,7/8/2022,0.088506,0.10758,0.873346,0.019074,0.0,1.0,0.0,0.088506,0.873346,1
1295.KL,7/8/2023,-0.401051,0.082916,0.433116,0.483967,0.25,0.25,0.5,0.523852,0.875492,4
1295.KL,7/8/2024,0.252716,0.284322,0.684072,0.031606,0.4,0.6,0.0,0.259616,0.795593,5
1295.KL,7/8/2025,0.900392,0.935412,0.029567,0.03502,1.0,0.0,0.0,0.900392,0.935412,1
1295.KL,7/9/2020,-0.599173,0.032379,0.33607,0.631551,0.0,0.0,1.0,0.599173,0.675098,2
1295.KL,7/9/2021,0.204484,0.408972,0.386541,0.204488,0.571429,0.142857,0.285714,0.534957,0.767463,7
1295.KL,7/9/2022,-0.183141,0.156326,0.504207,0.339467,0.333333,0.333333,0.333333,0.351246,0.81091,6
1295.KL,7/9/2023,-0.196241,0.178834,0.446092,0.375075,0.166667,0.166667,0.666667,0.473894,0.782905,6
1295.KL,7/9/2024,0.159669,0.359375,0.44092,0.199706,0.666667,0.0,0.333333,0.503254,0.784886,3
1295.KL,7/9/2025,-0.560963,0.045602,0.347833,0.606565,0.0,0.285714,0.714286,0.560963,0.847034,7
1295.KL,8/1/2020,0.117677,0.358729,0.40022,0.241052,0.5,0.25,0.25,0.522682,0.754347,4
1295.KL,8/1/2021,-0.246115,0.175098,0.403689,0.421213,0.333333,0.0,0.666667,0.475546,0.613734,3
1295.KL,8/1/2022,0.097059,0.411931,0.273198,0.314872,0.5,0.25,0.25,0.560963,0.87341,4
1295.KL,8/1/2023,0.139257,0.177136,0.784984,0.03788,1.0,0.0,0.0,0.139257,0.784984,1
1295.KL,8/1/2024,0.497082,0.507921,0.481241,0.010838,1.0,0.0,0.0,0.497082,0.892436,2
1295.KL,8/1/2025,-0.38875,0.080484,0.450281,0.469234,0.25,0.25,0.5,0.517918,0.86721,4
1295.KL,8/1/2026,0.078021,0.090233,0.897555,0.012212,0.333333,0.666667,0.0,0.078021,0.897555,3
1295.KL,8/10/2020,-0.595892,0.045868,0.312373,0.64176,0.0,0.285714,0.714286,0.619773,0.872918,7
1295.KL,8/10/2021,0.084866,0.496838,0.091189,0.411972,0.5,0.0,0.5,0.737482,0.823146,4
1295.KL,8/10/2022,0.050445,0.241383,0.56768,0.190938,0.666667,0.0,0.333333,0.343665,0.611398,3
1295.KL,8/10/2023,0.154701,0.16764,0.819421,0.012939,1.0,0.0,0.0,0.154701,0.819421,1
1295.KL,8/10/2024,-0.392631,0.076893,0.453584,0.469523,0.5,0.0,0.5,0.523906,0.892238,2
1295.KL,8/10/2025,-0.054638,0.27569,0.393981,0.330328,0.333333,0.333333,0.333333,0.5707,0.884915,3
1295.KL,8/11/2020,0.250203,0.265019,0.720165,0.014816,0.5,0.5,0.0,0.250203,0.720165,2
1295.KL,8/11/2021,-0.869091,0.02038,0.090149,0.889471,0.0,0.0,1.0,0.869091,0.889471,2
1295.KL,8/11/2022,0.135565,0.20205,0.731465,0.066485,1.0,0.0,0.0,0.135565,0.731465,2
1295.KL,8/11/2023,-0.161522,0.239242,0.359993,0.400764,0.4,0.2,0.4,0.429962,0.707079,5
1295.KL,8/11/2024,-0.532412,0.066332,0.334923,0.598744,0.0,0.333333,0.666667,0.532412,0.857757,3
1295.KL,8/11/2025,-0.160492,0.272674,0.294161,0.433166,0.5,0.0,0.5,0.652851,0.785148,4
1295.KL,8/12/2020,-0.001221,0.260367,0.478046,0.261588,0.5,0.166667,0.333333,0.393421,0.70387,6
1295.KL,8/12/2021,-0.305433,0.044622,0.605322,0.350055,0.0,0.5,0.5,0.313282,0.79122,2
1295.KL,8/12/2022,0.045862,0.26579,0.514283,0.219927,0.416667,0.25,0.333333,0.440284,0.80922,12
1295.KL,8/12/2023,-0.417312,0.073357,0.435974,0.490669,0.333333,0.0,0.666667,0.497963,0.736487,3
1295.KL,8/12/2024,0.090671,0.116242,0.858186,0.025572,0.333333,0.666667,0.0,0.10156,0.858186,3
1295.KL,8/12/2025,0.278347,0.347396,0.583554,0.069049,0.5,0.25,0.25,0.366881,0.798199,4
1295.KL,8/2/2020,0.130699,0.345239,0.44022,0.21454,0.333333,0.333333,0.333333,0.483011,0.810872,3
1295.KL,8/2/2021,0.316314,0.323877,0.66856,0.007563,1.0,0.0,0.0,0.316314,0.66856,1
1295.KL,8/2/2022,0.013166,0.230424,0.552318,0.217258,0.25,0.5,0.25,0.385991,0.818047,4
1295.KL,8/2/2023,-0.559546,0.037897,0.36466,0.597443,0.0,0.333333,0.666667,0.596304,0.893277,3
1295.KL,8/2/2024,-0.090348,0.120315,0.669023,0.210662,0.4,0.4,0.2,0.255537,0.817668,5
1295.KL,8/2/2025,-0.447365,0.243315,0.066005,0.69068,0.25,0.0,0.75,0.88747,0.910733,4
1295.KL,8/2/2026,-0.317988,0.134968,0.412077,0.452955,0.142857,0.285714,0.571429,0.533987,0.791736,7
1295.KL,8/3/2020,-0.070126,0.225563,0.478748,0.295689,0.25,0.25,0.5,0.470435,0.719647,4
1295.KL,8/3/2021,0.426904,0.519135,0.388634,0.092231,0.75,0.0,0.25,0.567783,0.808151,4
1295.KL,8/3/2022,-0.619787,0.014865,0.350483,0.634652,0.0,0.0,1.0,0.619787,0.634652,1
1295.KL,8/3/2023,-0.091861,0.079717,0.748705,0.171578,0.166667,0.5,0.333333,0.153587,0.750638,6
1295.KL,8/3/2024,-0.338801,0.082825,0.49555,0.421626,0.142857,0.285714,0.571429,0.44496,0.763957,7
1295.KL,8/3/2025,-0.296124,0.080373,0.543129,0.376498,0.25,0.25,0.5,0.406096,0.789767,4
1295.KL,8/3/2026,0.693377,0.742345,0.208687,0.048968,1.0,0.0,0.0,0.693377,0.742345,1
1295.KL,8/4/2020,-0.59637,0.161398,0.080835,0.757768,0.0,0.25,0.75,0.644717,0.781941,4
1295.KL,8/4/2021,0.22068,0.377248,0.466185,0.156567,0.4,0.4,0.2,0.481443,0.838351,5
1295.KL,8/4/2022,0.329441,0.356218,0.617006,0.026776,0.4,0.6,0.0,0.329441,0.854536,5
1295.KL,8/4/2023,0.076252,0.091296,0.89366,0.015044,0.0,1.0,0.0,0.076252,0.89366,1
1295.KL,8/4/2024,-0.536459,0.068557,0.326427,0.605016,0.0,0.0,1.0,0.536459,0.794621,3
1295.KL,8/4/2025,0.108331,0.430679,0.246973,0.322348,0.666667,0.0,0.333333,0.649893,0.809478,6
1295.KL,8/5/2020,-0.507012,0.121529,0.249929,0.628541,0.111111,0.222222,0.666667,0.702405,0.906753,9
1295.KL,8/5/2021,0.367234,0.399913,0.567408,0.032679,0.5,0.5,0.0,0.382885,0.833595,2
1295.KL,8/5/2022,-0.166094,0.089151,0.655605,0.255245,0.5,0.0,0.5,0.299884,0.66189,2
1295.KL,8/5/2023,-0.329057,0.062288,0.546368,0.391344,0.0,0.5,0.5,0.407933,0.812784,2
1295.KL,8/5/2024,0.423746,0.53769,0.348365,0.113944,0.666667,0.333333,0.0,0.423746,0.633126,3
1295.KL,8/5/2025,0.177067,0.224681,0.727704,0.047614,0.2,0.8,0.0,0.20298,0.900072,5
1295.KL,8/6/2020,0.0,0.0,0.0,0.0,0.0,0.0,0.0,0.0,0.0,0
1295.KL,8/6/2021,-0.341961,0.107096,0.443846,0.449058,0.5,0.0,0.5,0.455495,0.878644,2
1295.KL,8/6/2022,-0.118877,0.262267,0.356588,0.381144,0.375,0.125,0.5,0.604132,0.880876,8
1295.KL,8/6/2023,-0.131498,0.191328,0.485845,0.322826,0.25,0.25,0.5,0.47445,0.772067,4
1295.KL,8/6/2024,0.047509,0.316517,0.414475,0.269008,0.333333,0.333333,0.333333,0.555555,0.841726,3
1295.KL,8/6/2025,0.331731,0.348764,0.634203,0.017033,1.0,0.0,0.0,0.331731,0.696573,2
1295.KL,8/7/2020,-0.338384,0.159947,0.341721,0.498331,0.125,0.25,0.625,0.464593,0.729509,8
1295.KL,8/7/2021,-0.043581,0.072355,0.811709,0.115936,0.0,0.666667,0.333333,0.134343,0.811709,3
1295.KL,8/7/2022,-0.027477,0.326844,0.318836,0.354321,0.666667,0.0,0.333333,0.495851,0.780255,6
1295.KL,8/7/2023,-0.182447,0.106604,0.604346,0.289051,0.333333,0.333333,0.333333,0.360459,0.837645,3
1295.KL,8/7/2024,0.136847,0.379769,0.377308,0.242923,0.5,0.25,0.25,0.582896,0.823074,4
1295.KL,8/7/2025,0.284909,0.335433,0.614044,0.050524,0.75,0.0,0.25,0.346542,0.650024,4
1295.KL,8/8/2020,0.637124,0.662557,0.31201,0.025433,1.0,0.0,0.0,0.637124,0.902633,3
1295.KL,8/8/2021,-0.574467,0.046951,0.33163,0.621418,0.0,0.0,1.0,0.574467,0.621418,1
1295.KL,8/8/2022,-0.005315,0.25423,0.486225,0.259545,0.0,1.0,0.0,0.059321,0.56943,2
1295.KL,8/8/2023,0.211969,0.313073,0.585822,0.101104,0.333333,0.666667,0.0,0.219396,0.790563,6
1295.KL,8/8/2024,-0.056017,0.279936,0.384112,0.335952,0.4,0.2,0.4,0.409701,0.733206,5
1295.KL,8/8/2025,-0.223297,0.247601,0.2815,0.470898,0.25,0.25,0.5,0.664875,0.913464,4
1295.KL,8/9/2020,-0.925771,0.016075,0.042078,0.941847,0.0,0.0,1.0,0.925771,0.941847,1
1295.KL,8/9/2021,0.310662,0.341517,0.627627,0.030856,0.666667,0.333333,0.0,0.310719,0.836306,3
1295.KL,8/9/2022,-0.374159,0.086896,0.452049,0.461055,0.25,0.25,0.5,0.471496,0.85031,4
1295.KL,8/9/2023,0.105129,0.249047,0.607035,0.143918,1.0,0.0,0.0,0.105129,0.607035,1
1295.KL,8/9/2024,-0.196606,0.092272,0.618849,0.288879,0.333333,0.333333,0.333333,0.323076,0.816978,3
1295.KL,8/9/2025,0.273636,0.443797,0.386042,0.170161,0.6,0.2,0.2,0.334075,0.776258,5
1295.KL,9/1/2020,-0.440706,0.264252,0.03079,0.704958,0.0,0.5,0.5,0.509055,0.739132,2
1295.KL,9/1/2021,-0.06177,0.42942,0.07939,0.49119,0.5,0.0,0.5,0.866418,0.893514,2
1295.KL,9/1/2022,0.0,0.0,0.0,0.0,0.0,0.0,0.0,0.0,0.0,0
1295.KL,9/1/2023,-0.034576,0.446088,0.073248,0.480664,0.5,0.0,0.5,0.860929,0.89384,2
1295.KL,9/1/2024,0.27335,0.603729,0.065893,0.330378,0.666667,0.0,0.333333,0.912369,0.923238,3
1295.KL,9/1/2025,0.259053,0.331538,0.595977,0.072485,0.666667,0.333333,0.0,0.272657,0.85271,3
1295.KL,9/1/2026,0.005683,0.207663,0.590357,0.20198,0.2,0.6,0.2,0.352202,0.899003,5
1295.KL,9/10/2020,0.215494,0.254749,0.705996,0.039255,0.6,0.4,0.0,0.247512,0.786512,5
1295.KL,9/10/2021,0.347057,0.40343,0.540197,0.056373,0.666667,0.333333,0.0,0.364847,0.776238,3
1295.KL,9/10/2022,-0.91903,0.018562,0.043847,0.937592,0.0,0.0,1.0,0.91903,0.937592,1
1295.KL,9/10/2023,0.39611,0.54685,0.30241,0.15074,0.666667,0.0,0.333333,0.58162,0.639605,3
1295.KL,9/10/2024,0.085467,0.302136,0.481195,0.216669,0.5,0.3,0.2,0.4181,0.849965,10
1295.KL,9/10/2025,-0.025543,0.364402,0.245654,0.389945,0.428571,0.0,0.571429,0.662808,0.788369,7
1295.KL,9/11/2020,-0.300602,0.087019,0.525359,0.387622,0.333333,0.0,0.666667,0.38766,0.79387,3
1295.KL,9/11/2021,0.159778,0.218443,0.722892,0.058665,0.666667,0.333333,0.0,0.159778,0.722892,6
1295.KL,9/11/2022,-0.000251,0.036276,0.927197,0.036527,0.0,1.0,0.0,0.019184,0.927197,2
1295.KL,9/11/2023,-0.360881,0.166681,0.305757,0.527562,0.166667,0.166667,0.666667,0.611555,0.839536,6
1295.KL,9/11/2024,0.0,0.0,0.0,0.0,0.0,0.0,0.0,0.0,0.0,0
1295.KL,9/11/2025,-0.799925,0.027354,0.145366,0.827279,0.0,0.0,1.0,0.799925,0.827279,1
1295.KL,9/12/2020,0.481192,0.559954,0.361284,0.078762,0.666667,0.333333,0.0,0.481192,0.849603,3
1295.KL,9/12/2021,0.265747,0.483197,0.299353,0.21745,0.6,0.0,0.4,0.630419,0.791401,5
1295.KL,9/12/2022,-0.280578,0.041536,0.636351,0.322113,0.0,0.666667,0.333333,0.320613,0.928006,3
1295.KL,9/12/2023,0.170054,0.189625,0.790804,0.019571,1.0,0.0,0.0,0.170054,0.790804,1
1295.KL,9/12/2024,-0.301963,0.157474,0.383089,0.459437,0.5,0.0,0.5,0.456913,0.797859,2
1295.KL,9/12/2025,-0.373894,0.052026,0.522054,0.42592,0.0,0.333333,0.666667,0.393695,0.826904,3
1295.KL,9/2/2020,0.0,0.0,0.0,0.0,0.0,0.0,0.0,0.0,0.0,0
1295.KL,9/2/2021,0.0,0.0,0.0,0.0,0.0,0.0,0.0,0.0,0.0,0
1295.KL,9/2/2022,-0.306929,0.320102,0.052867,0.627031,0.333333,0.0,0.666667,0.903375,0.925254,3
1295.KL,9/2/2023,-0.749754,0.025616,0.199014,0.77537,0.0,0.0,1.0,0.749754,0.77537,4
1295.KL,9/2/2024,0.0,0.0,0.0,0.0,0.0,0.0,0.0,0.0,0.0,0
1295.KL,9/2/2025,-0.323882,0.066817,0.542485,0.390698,0.0,0.25,0.75,0.323882,0.7342,4
1295.KL,9/2/2026,0.067481,0.377548,0.312385,0.310067,0.4,0.2,0.4,0.619718,0.818181,5
1295.KL,9/3/2020,-0.445622,0.072056,0.410266,0.517678,0.0,0.375,0.625,0.47512,0.836761,8
1295.KL,9/3/2021,-0.19252,0.052768,0.701943,0.245289,0.0,0.75,0.25,0.260705,0.91083,4
1295.KL,9/3/2022,0.029225,0.080139,0.868948,0.050914,0.0,1.0,0.0,0.065456,0.868948,2
1295.KL,9/3/2023,-0.604983,0.029853,0.335312,0.634836,0.0,0.333333,0.666667,0.629816,0.939397,3
1295.KL,9/3/2024,-0.137533,0.224361,0.413744,0.361895,0.0,0.0,1.0,0.137533,0.413744,1
1295.KL,9/3/2025,0.022855,0.057813,0.907229,0.034958,0.0,1.0,0.0,0.031546,0.907229,4
1295.KL,9/3/2026,-0.208583,0.072147,0.647123,0.28073,0.2,0.4,0.4,0.309946,0.834616,5
1295.KL,9/4/2020,-0.161416,0.217718,0.403148,0.379134,0.375,0.25,0.375,0.436017,0.823452,8
1295.KL,9/4/2021,-0.927414,0.01391,0.044766,0.941324,0.0,0.0,1.0,0.927414,0.941324,1
1295.KL,9/4/2022,0.026727,0.076552,0.873624,0.049825,0.0,1.0,0.0,0.026727,0.873624,1
1295.KL,9/4/2023,-0.632971,0.038802,0.289425,0.671773,0.0,0.0,1.0,0.632971,0.671773,2
1295.KL,9/4/2024,-0.147657,0.030417,0.791508,0.178075,0.0,0.666667,0.333333,0.147657,0.791508,3
1295.KL,9/4/2025,-0.051575,0.245081,0.458263,0.296656,0.285714,0.285714,0.428571,0.349404,0.77353,7
1295.KL,9/5/2020,0.05712,0.258646,0.539828,0.201526,0.4,0.4,0.2,0.437819,0.908932,5
1295.KL,9/5/2021,-0.235649,0.238297,0.287758,0.473946,0.5,0.0,0.5,0.58265,0.779516,4
1295.KL,9/5/2022,-0.415541,0.02509,0.53428,0.440631,0.0,0.2,0.8,0.415541,0.728707,5
1295.KL,9/5/2023,0.04821,0.058993,0.930225,0.010783,0.0,1.0,0.0,0.04821,0.930225,1
1295.KL,9/5/2024,-0.073626,0.306401,0.313571,0.380028,0.25,0.25,0.5,0.540345,0.772781,4
1295.KL,9/5/2025,-0.071255,0.303097,0.322551,0.374352,0.25,0.25,0.5,0.557664,0.841627,4
1295.KL,9/6/2020,-0.024275,0.355615,0.264495,0.37989,0.333333,0.333333,0.333333,0.579765,0.774584,3
1295.KL,9/6/2021,0.55875,0.60471,0.34933,0.04596,0.666667,0.333333,0.0,0.55875,0.878433,3
1295.KL,9/6/2022,-0.891214,0.033347,0.042091,0.924562,0.0,0.0,1.0,0.891214,0.924562,3
1295.KL,9/6/2023,-0.390225,0.165841,0.278094,0.556065,0.25,0.25,0.5,0.548112,0.839954,4
1295.KL,9/6/2024,0.0,0.0,0.0,0.0,0.0,0.0,0.0,0.0,0.0,0
1295.KL,9/6/2025,0.286492,0.341511,0.603471,0.055018,0.333333,0.666667,0.0,0.344144,0.90594,3
1295.KL,9/7/2020,0.399628,0.456106,0.487416,0.056478,0.571429,0.285714,0.142857,0.456206,0.837468,7
1295.KL,9/7/2021,-0.517281,0.078202,0.326316,0.595482,0.0,0.333333,0.666667,0.562516,0.892479,3
1295.KL,9/7/2022,-0.009468,0.176956,0.636619,0.186425,0.4,0.4,0.2,0.279905,0.798538,5
1295.KL,9/7/2023,0.0,0.0,0.0,0.0,0.0,0.0,0.0,0.0,0.0,0
1295.KL,9/7/2024,0.290674,0.426879,0.436917,0.136204,0.5,0.25,0.25,0.494884,0.766177,4
1295.KL,9/7/2025,-0.158872,0.133413,0.574302,0.292285,0.166667,0.5,0.333333,0.241464,0.787235,6
1295.KL,9/8/2020,-0.065841,0.082144,0.76987,0.147985,0.5,0.0,0.5,0.184896,0.76987,2
1295.KL,9/8/2021,0.011855,0.34191,0.328035,0.330055,0.5,0.25,0.25,0.342364,0.643463,4
1295.KL,9/8/2022,-0.07795,0.185064,0.551923,0.263013,0.5,0.0,0.5,0.347764,0.593173,2
1295.KL,9/8/2023,-0.666777,0.047772,0.23768,0.714549,0.0,0.0,1.0,0.666777,0.714549,2
1295.KL,9/8/2024,0.066772,0.3452,0.376371,0.278429,0.333333,0.333333,0.333333,0.524475,0.724179,3
1295.KL,9/8/2025,-0.044942,0.230578,0.493902,0.27552,0.4,0.2,0.4,0.410082,0.805764,5
1295.KL,9/9/2020,0.55859,0.573152,0.412286,0.014562,1.0,0.0,0.0,0.55859,0.859084,2
1295.KL,9/9/2021,-0.380907,0.06185,0.495394,0.442757,0.0,0.285714,0.714286,0.387005,0.723293,7
1295.KL,9/9/2022,0.6615,0.695964,0.269572,0.034464,1.0,0.0,0.0,0.6615,0.84497,4
1295.KL,9/9/2023,-0.064058,0.387223,0.161496,0.451281,0.333333,0.333333,0.333333,0.554197,0.696351,3
1295.KL,9/9/2024,-0.178056,0.198684,0.424576,0.37674,0.25,0.125,0.625,0.460933,0.763899,8
1295.KL,9/9/2025,0.116455,0.295674,0.525107,0.179219,0.363636,0.272727,0.363636,0.41171,0.782282,11
