ticker,trading_day,sentiment_score_title,prob_pos_title,prob_neu_title,prob_neg_title,dir_positive_title,dir_neutral_title,dir_negative_title,confidence_title,strength_title,article_count
5225.KL,1/1/2020,0.0,0.0,0.0,0.0,0.0,0.0,0.0,0.0,0.0,0
5225.KL,1/1/2021,-0.537605,0.179893,0.102608,0.717498,0.0,0.0,1.0,0.537605,0.717498,1
5225.KL,1/1/2022,0.0,0.0,0.0,0.0,0.0,0.0,0.0,0.0,0.0,0
5225.KL,1/1/2023,0.0,0.0,0.0,0.0,0.0,0.0,0.0,0.0,0.0,0
5225.KL,1/1/2024,0.0,0.0,0.0,0.0,0.0,0.0,0.0,0.0,0.0,0
5225.KL,1/1/2025,0.889967,0.918808,0.05235,0.028842,1.0,0.0,0.0,0.889967,0.918808,1
5225.KL,1/1/2026,0.0,0.0,0.0,0.0,0.0,0.0,0.0,0.0,0.0,0
5225.KL,1/10/2020,0.0,0.0,0.0,0.0,0.0,0.0,0.0,0.0,0.0,0
5225.KL,1/10/2021,0.0,0.0,0.0,0.0,0.0,0.0,0.0,0.0,0.0,0
5225.KL,1/10/2022,-0.955194,0.010518,0.02377,0.965712,0.0,0.0,1.0,0.955194,0.965712,1
5225.KL,1/10/2023,0.0,0.0,0.0,0.0,0.0,0.0,0.0,0.0,0.0,0
5225.KL,1/10/2024,0.490705,0.50769,0.475324,0.016985,0.5,0.5,0.0,0.490705,0.915167,2
5225.KL,1/10/2025,0.0,0.0,0.0,0.0,0.0,0.0,0.0,0.0,0.0,0
5225.KL,1/11/2020,0.0,0.0,0.0,0.0,0.0,0.0,0.0,0.0,0.0,0
5225.KL,1/11/2021,0.0,0.0,0.0,0.0,0.0,0.0,0.0,0.0,0.0,0
5225.KL,1/11/2022,0.0,0.0,0.0,0.0,0.0,0.0,0.0,0.0,0.0,0
5225.KL,1/11/2023,0.0,0.0,0.0,0.0,0.0,0.0,0.0,0.0,0.0,0
5225.KL,1/11/2024,0.0,0.0,0.0,0.0,0.0,0.0,0.0,0.0,0.0,0
5225.KL,1/11/2025,0.43198,0.447591,0.536798,0.015611,1.0,0.0,0.0,0.43198,0.536798,1
5225.KL,1/12/2020,0.0,0.0,0.0,0.0,0.0,0.0,0.0,0.0,0.0,0
5225.KL,1/12/2021,0.39655,0.405971,0.584608,0.009421,1.0,0.0,0.0,0.39655,0.584608,1
5225.KL,1/12/2022,0.0,0.0,0.0,0.0,0.0,0.0,0.0,0.0,0.0,0
5225.KL,1/12/2023,0.480868,0.497971,0.484926,0.017103,0.5,0.5,0.0,0.480868,0.941795,2
5225.KL,1/12/2024,0.0,0.0,0.0,0.0,0.0,0.0,0.0,0.0,0.0,0
5225.KL,1/12/2025,0.0,0.0,0.0,0.0,0.0,0.0,0.0,0.0,0.0,0
5225.KL,1/2/2020,0.0,0.0,0.0,0.0,0.0,0.0,0.0,0.0,0.0,0
5225.KL,1/2/2021,0.0,0.0,0.0,0.0,0.0,0.0,0.0,0.0,0.0,0
5225.KL,1/2/2022,0.0,0.0,0.0,0.0,0.0,0.0,0.0,0.0,0.0,0
5225.KL,1/2/2023,0.0,0.0,0.0,0.0,0.0,0.0,0.0,0.0,0.0,0
5225.KL,1/2/2024,0.0,0.0,0.0,0.0,0.0,0.0,0.0,0.0,0.0,0
5225.KL,1/2/2025,0.916247,0.944452,0.027343,0.028205,1.0,0.0,0.0,0.916247,0.944452,1
5225.KL,1/2/2026,0.0,0.0,0.0,0.0,0.0,0.0,0.0,0.0,0.0,0
5225.KL,1/3/2020,0.0,0.0,0.0,0.0,0.0,0.0,0.0,0.0,0.0,0
5225.KL,1/3/2021,0.0,0.0,0.0,0.0,0.0,0.0,0.0,0.0,0.0,0
5225.KL,1/3/2022,0.0,0.0,0.0,0.0,0.0,0.0,0.0,0.0,0.0,0
5225.KL,1/3/2023,0.0,0.0,0.0,0.0,0.0,0.0,0.0,0.0,0.0,0
5225.KL,1/3/2024,0.038926,0.051574,0.935778,0.012648,0.0,1.0,0.0,0.038926,0.935778,1
5225.KL,1/3/2025,-0.933571,0.02244,0.021548,0.956011,0.0,0.0,1.0,0.933571,0.956011,1
5225.KL,1/3/2026,0.0,0.0,0.0,0.0,0.0,0.0,0.0,0.0,0.0,0
5225.KL,1/4/2020,0.897164,0.912864,0.071436,0.0157,1.0,0.0,0.0,0.897164,0.912864,1
5225.KL,1/4/2021,0.0,0.0,0.0,0.0,0.0,0.0,0.0,0.0,0.0,0
5225.KL,1/4/2022,0.0,0.0,0.0,0.0,0.0,0.0,0.0,0.0,0.0,0
5225.KL,1/4/2023,0.0,0.0,0.0,0.0,0.0,0.0,0.0,0.0,0.0,0
5225.KL,1/4/2024,0.0,0.0,0.0,0.0,0.0,0.0,0.0,0.0,0.0,0
5225.KL,1/4/2025,0.0,0.0,0.0,0.0,0.0,0.0,0.0,0.0,0.0,0
5225.KL,1/5/2020,0.0,0.0,0.0,0.0,0.0,0.0,0.0,0.0,0.0,0
5225.KL,1/5/2021,0.0,0.0,0.0,0.0,0.0,0.0,0.0,0.0,0.0,0
5225.KL,1/5/2022,0.0,0.0,0.0,0.0,0.0,0.0,0.0,0.0,0.0,0
5225.KL,1/5/2023,0.0,0.0,0.0,0.0,0.0,0.0,0.0,0.0,0.0,0
5225.KL,1/5/2024,0.0,0.0,0.0,0.0,0.0,0.0,0.0,0.0,0.0,0
5225.KL,1/5/2025,0.0,0.0,0.0,0.0,0.0,0.0,0.0,0.0,0.0,0
5225.KL,1/6/2020,0.0,0.0,0.0,0.0,0.0,0.0,0.0,0.0,0.0,0
5225.KL,1/6/2021,0.520108,0.576363,0.367381,0.056256,0.666667,0.333333,0.0,0.520108,0.869929,3
5225.KL,1/6/2022,0.0,0.0,0.0,0.0,0.0,0.0,0.0,0.0,0.0,0
5225.KL,1/6/2023,0.476578,0.496812,0.482953,0.020235,0.5,0.5,0.0,0.476578,0.945208,2
5225.KL,1/6/2024,0.0,0.0,0.0,0.0,0.0,0.0,0.0,0.0,0.0,0
5225.KL,1/6/2025,0.0,0.0,0.0,0.0,0.0,0.0,0.0,0.0,0.0,0
5225.KL,1/7/2020,0.0,0.0,0.0,0.0,0.0,0.0,0.0,0.0,0.0,0
5225.KL,1/7/2021,0.0447,0.065789,0.913122,0.021089,0.0,1.0,0.0,0.0447,0.913122,1
5225.KL,1/7/2022,0.0,0.0,0.0,0.0,0.0,0.0,0.0,0.0,0.0,0
5225.KL,1/7/2023,0.0,0.0,0.0,0.0,0.0,0.0,0.0,0.0,0.0,0
5225.KL,1/7/2024,0.0,0.0,0.0,0.0,0.0,0.0,0.0,0.0,0.0,0
5225.KL,1/7/2025,0.0,0.0,0.0,0.0,0.0,0.0,0.0,0.0,0.0,0
5225.KL,1/8/2020,0.0,0.0,0.0,0.0,0.0,0.0,0.0,0.0,0.0,0
5225.KL,1/8/2021,0.0,0.0,0.0,0.0,0.0,0.0,0.0,0.0,0.0,0
5225.KL,1/8/2022,0.0,0.0,0.0,0.0,0.0,0.0,0.0,0.0,0.0,0
5225.KL,1/8/2023,0.0,0.0,0.0,0.0,0.0,0.0,0.0,0.0,0.0,0
5225.KL,1/8/2024,0.0,0.0,0.0,0.0,0.0,0.0,0.0,0.0,0.0,0
5225.KL,1/8/2025,0.0,0.0,0.0,0.0,0.0,0.0,0.0,0.0,0.0,0
5225.KL,1/9/2020,0.0,0.0,0.0,0.0,0.0,0.0,0.0,0.0,0.0,0
5225.KL,1/9/2021,0.0,0.0,0.0,0.0,0.0,0.0,0.0,0.0,0.0,0
5225.KL,1/9/2022,0.0,0.0,0.0,0.0,0.0,0.0,0.0,0.0,0.0,0
5225.KL,1/9/2023,0.0,0.0,0.0,0.0,0.0,0.0,0.0,0.0,0.0,0
5225.KL,1/9/2024,0.0,0.0,0.0,0.0,0.0,0.0,0.0,0.0,0.0,0
5225.KL,1/9/2025,0.0,0.0,0.0,0.0,0.0,0.0,0.0,0.0,0.0,0
5225.KL,10/1/2020,0.0,0.0,0.0,0.0,0.0,0.0,0.0,0.0,0.0,0
5225.KL,10/1/2021,0.0,0.0,0.0,0.0,0.0,0.0,0.0,0.0,0.0,0
5225.KL,10/1/2022,0.0,0.0,0.0,0.0,0.0,0.0,0.0,0.0,0.0,0
5225.KL,10/1/2023,0.0,0.0,0.0,0.0,0.0,0.0,0.0,0.0,0.0,0
5225.KL,10/1/2024,0.0,0.0,0.0,0.0,0.0,0.0,0.0,0.0,0.0,0
5225.KL,10/1/2025,0.0,0.0,0.0,0.0,0.0,0.0,0.0,0.0,0.0,0
5225.KL,10/1/2026,0.0,0.0,0.0,0.0,0.0,0.0,0.0,0.0,0.0,0
5225.KL,10/10/2020,0.0,0.0,0.0,0.0,0.0,0.0,0.0,0.0,0.0,0
5225.KL,10/10/2021,0.0,0.0,0.0,0.0,0.0,0.0,0.0,0.0,0.0,0
5225.KL,10/10/2022,0.0,0.0,0.0,0.0,0.0,0.0,0.0,0.0,0.0,0
5225.KL,10/10/2023,0.0,0.0,0.0,0.0,0.0,0.0,0.0,0.0,0.0,0
5225.KL,10/10/2024,-0.851301,0.067316,0.014067,0.918617,0.0,0.0,1.0,0.851301,0.918617,1
5225.KL,10/10/2025,-0.446252,0.034376,0.484996,0.480628,0.0,0.5,0.5,0.492427,0.939058,2
5225.KL,10/11/2020,0.0,0.0,0.0,0.0,0.0,0.0,0.0,0.0,0.0,0
5225.KL,10/11/2021,0.0,0.0,0.0,0.0,0.0,0.0,0.0,0.0,0.0,0
5225.KL,10/11/2022,0.803537,0.885987,0.031562,0.08245,1.0,0.0,0.0,0.803537,0.885987,1
5225.KL,10/11/2023,0.0,0.0,0.0,0.0,0.0,0.0,0.0,0.0,0.0,0
5225.KL,10/11/2024,0.0,0.0,0.0,0.0,0.0,0.0,0.0,0.0,0.0,0
5225.KL,10/11/2025,0.0,0.0,0.0,0.0,0.0,0.0,0.0,0.0,0.0,0
5225.KL,10/12/2020,0.0,0.0,0.0,0.0,0.0,0.0,0.0,0.0,0.0,0
5225.KL,10/12/2021,0.0,0.0,0.0,0.0,0.0,0.0,0.0,0.0,0.0,0
5225.KL,10/12/2022,0.0,0.0,0.0,0.0,0.0,0.0,0.0,0.0,0.0,0
5225.KL,10/12/2023,0.0,0.0,0.0,0.0,0.0,0.0,0.0,0.0,0.0,0
5225.KL,10/12/2024,0.0,0.0,0.0,0.0,0.0,0.0,0.0,0.0,0.0,0
5225.KL,10/12/2025,-0.952419,0.013794,0.019993,0.966213,0.0,0.0,1.0,0.952419,0.966213,1
5225.KL,10/2/2020,0.0,0.0,0.0,0.0,0.0,0.0,0.0,0.0,0.0,0
5225.KL,10/2/2021,0.0,0.0,0.0,0.0,0.0,0.0,0.0,0.0,0.0,0
5225.KL,10/2/2022,0.0,0.0,0.0,0.0,0.0,0.0,0.0,0.0,0.0,0
5225.KL,10/2/2023,0.0,0.0,0.0,0.0,0.0,0.0,0.0,0.0,0.0,0
5225.KL,10/2/2024,0.0,0.0,0.0,0.0,0.0,0.0,0.0,0.0,0.0,0
5225.KL,10/2/2025,0.017006,0.033549,0.949908,0.016543,0.0,1.0,0.0,0.017006,0.949908,1
5225.KL,10/2/2026,0.0,0.0,0.0,0.0,0.0,0.0,0.0,0.0,0.0,0
5225.KL,10/3/2020,0.0,0.0,0.0,0.0,0.0,0.0,0.0,0.0,0.0,0
5225.KL,10/3/2021,0.0,0.0,0.0,0.0,0.0,0.0,0.0,0.0,0.0,0
5225.KL,10/3/2022,0.0,0.0,0.0,0.0,0.0,0.0,0.0,0.0,0.0,0
5225.KL,10/3/2023,0.0,0.0,0.0,0.0,0.0,0.0,0.0,0.0,0.0,0
5225.KL,10/3/2024,0.484712,0.495393,0.493926,0.010681,1.0,0.0,0.0,0.484712,0.495393,1
5225.KL,10/3/2025,0.0,0.0,0.0,0.0,0.0,0.0,0.0,0.0,0.0,0
5225.KL,10/3/2026,0.0,0.0,0.0,0.0,0.0,0.0,0.0,0.0,0.0,0
5225.KL,10/4/2020,0.0,0.0,0.0,0.0,0.0,0.0,0.0,0.0,0.0,0
5225.KL,10/4/2021,0.0,0.0,0.0,0.0,0.0,0.0,0.0,0.0,0.0,0
5225.KL,10/4/2022,0.0,0.0,0.0,0.0,0.0,0.0,0.0,0.0,0.0,0
5225.KL,10/4/2023,0.0,0.0,0.0,0.0,0.0,0.0,0.0,0.0,0.0,0
5225.KL,10/4/2024,0.0,0.0,0.0,0.0,0.0,0.0,0.0,0.0,0.0,0
5225.KL,10/4/2025,0.0,0.0,0.0,0.0,0.0,0.0,0.0,0.0,0.0,0
5225.KL,10/5/2020,0.0,0.0,0.0,0.0,0.0,0.0,0.0,0.0,0.0,0
5225.KL,10/5/2021,0.0,0.0,0.0,0.0,0.0,0.0,0.0,0.0,0.0,0
5225.KL,10/5/2022,0.0,0.0,0.0,0.0,0.0,0.0,0.0,0.0,0.0,0
5225.KL,10/5/2023,0.928717,0.950485,0.027746,0.021769,1.0,0.0,0.0,0.928717,0.950485,1
5225.KL,10/5/2024,0.0,0.0,0.0,0.0,0.0,0.0,0.0,0.0,0.0,0
5225.KL,10/5/2025,0.0,0.0,0.0,0.0,0.0,0.0,0.0,0.0,0.0,0
5225.KL,10/6/2020,0.0,0.0,0.0,0.0,0.0,0.0,0.0,0.0,0.0,0
5225.KL,10/6/2021,0.0,0.0,0.0,0.0,0.0,0.0,0.0,0.0,0.0,0
5225.KL,10/6/2022,0.0,0.0,0.0,0.0,0.0,0.0,0.0,0.0,0.0,0
5225.KL,10/6/2023,0.0,0.0,0.0,0.0,0.0,0.0,0.0,0.0,0.0,0
5225.KL,10/6/2024,0.0,0.0,0.0,0.0,0.0,0.0,0.0,0.0,0.0,0
5225.KL,10/6/2025,0.088043,0.09552,0.897003,0.007477,0.0,1.0,0.0,0.088043,0.897003,1
5225.KL,10/7/2020,0.0,0.0,0.0,0.0,0.0,0.0,0.0,0.0,0.0,0
5225.KL,10/7/2021,0.0,0.0,0.0,0.0,0.0,0.0,0.0,0.0,0.0,0
5225.KL,10/7/2022,0.0,0.0,0.0,0.0,0.0,0.0,0.0,0.0,0.0,0
5225.KL,10/7/2023,0.0,0.0,0.0,0.0,0.0,0.0,0.0,0.0,0.0,0
5225.KL,10/7/2024,0.934648,0.951005,0.032637,0.016357,1.0,0.0,0.0,0.934648,0.951005,1
5225.KL,10/7/2025,0.009227,0.037281,0.934664,0.028054,0.0,1.0,0.0,0.028477,0.934664,2
5225.KL,10/8/2020,0.0,0.0,0.0,0.0,0.0,0.0,0.0,0.0,0.0,0
5225.KL,10/8/2021,0.0,0.0,0.0,0.0,0.0,0.0,0.0,0.0,0.0,0
5225.KL,10/8/2022,0.0,0.0,0.0,0.0,0.0,0.0,0.0,0.0,0.0,0
5225.KL,10/8/2023,0.0,0.0,0.0,0.0,0.0,0.0,0.0,0.0,0.0,0
5225.KL,10/8/2024,0.0,0.0,0.0,0.0,0.0,0.0,0.0,0.0,0.0,0
5225.KL,10/8/2025,0.0,0.0,0.0,0.0,0.0,0.0,0.0,0.0,0.0,0
5225.KL,10/9/2020,0.0,0.0,0.0,0.0,0.0,0.0,0.0,0.0,0.0,0
5225.KL,10/9/2021,-0.036311,0.342646,0.278396,0.378958,0.0,1.0,0.0,0.036311,0.378958,1
5225.KL,10/9/2022,0.0,0.0,0.0,0.0,0.0,0.0,0.0,0.0,0.0,0
5225.KL,10/9/2023,0.0,0.0,0.0,0.0,0.0,0.0,0.0,0.0,0.0,0
5225.KL,10/9/2024,-0.917582,0.026345,0.029729,0.943927,0.0,0.0,1.0,0.917582,0.943927,1
5225.KL,10/9/2025,-0.037046,0.455149,0.052657,0.492195,0.5,0.0,0.5,0.746064,0.846704,2
5225.KL,11/1/2020,0.0,0.0,0.0,0.0,0.0,0.0,0.0,0.0,0.0,0
5225.KL,11/1/2021,-0.088766,0.439117,0.033001,0.527882,0.5,0.0,0.5,0.854412,0.910705,2
5225.KL,11/1/2022,0.0,0.0,0.0,0.0,0.0,0.0,0.0,0.0,0.0,0
5225.KL,11/1/2023,0.0,0.0,0.0,0.0,0.0,0.0,0.0,0.0,0.0,0
5225.KL,11/1/2024,0.0,0.0,0.0,0.0,0.0,0.0,0.0,0.0,0.0,0
5225.KL,11/1/2025,0.0,0.0,0.0,0.0,0.0,0.0,0.0,0.0,0.0,0
5225.KL,11/1/2026,0.0,0.0,0.0,0.0,0.0,0.0,0.0,0.0,0.0,0
5225.KL,11/10/2020,0.0,0.0,0.0,0.0,0.0,0.0,0.0,0.0,0.0,0
5225.KL,11/10/2021,0.0,0.0,0.0,0.0,0.0,0.0,0.0,0.0,0.0,0
5225.KL,11/10/2022,0.0,0.0,0.0,0.0,0.0,0.0,0.0,0.0,0.0,0
5225.KL,11/10/2023,0.0,0.0,0.0,0.0,0.0,0.0,0.0,0.0,0.0,0
5225.KL,11/10/2024,0.0,0.0,0.0,0.0,0.0,0.0,0.0,0.0,0.0,0
5225.KL,11/10/2025,0.0,0.0,0.0,0.0,0.0,0.0,0.0,0.0,0.0,0
5225.KL,11/11/2020,0.0,0.0,0.0,0.0,0.0,0.0,0.0,0.0,0.0,0
5225.KL,11/11/2021,0.0,0.0,0.0,0.0,0.0,0.0,0.0,0.0,0.0,0
5225.KL,11/11/2022,-0.904972,0.041778,0.011472,0.94675,0.0,0.0,1.0,0.904972,0.94675,1
5225.KL,11/11/2023,0.0,0.0,0.0,0.0,0.0,0.0,0.0,0.0,0.0,0
5225.KL,11/11/2024,0.0,0.0,0.0,0.0,0.0,0.0,0.0,0.0,0.0,0
5225.KL,11/11/2025,0.4711,0.493785,0.483529,0.022685,0.5,0.5,0.0,0.4711,0.933655,2
5225.KL,11/12/2020,0.431475,0.451845,0.527785,0.02037,1.0,0.0,0.0,0.431475,0.527785,1
5225.KL,11/12/2021,0.0,0.0,0.0,0.0,0.0,0.0,0.0,0.0,0.0,0
5225.KL,11/12/2022,0.0,0.0,0.0,0.0,0.0,0.0,0.0,0.0,0.0,0
5225.KL,11/12/2023,0.0,0.0,0.0,0.0,0.0,0.0,0.0,0.0,0.0,0
5225.KL,11/12/2024,-0.010997,0.480907,0.027189,0.491904,0.5,0.0,0.5,0.939905,0.956358,2
5225.KL,11/12/2025,-0.961349,0.008575,0.021501,0.969924,0.0,0.0,1.0,0.961349,0.969924,1
5225.KL,11/2/2020,0.0,0.0,0.0,0.0,0.0,0.0,0.0,0.0,0.0,0
5225.KL,11/2/2021,0.0,0.0,0.0,0.0,0.0,0.0,0.0,0.0,0.0,0
5225.KL,11/2/2022,0.878136,0.924327,0.029482,0.046191,1.0,0.0,0.0,0.878136,0.924327,1
5225.KL,11/2/2023,0.0,0.0,0.0,0.0,0.0,0.0,0.0,0.0,0.0,0
5225.KL,11/2/2024,0.0,0.0,0.0,0.0,0.0,0.0,0.0,0.0,0.0,0
5225.KL,11/2/2025,0.0,0.0,0.0,0.0,0.0,0.0,0.0,0.0,0.0,0
5225.KL,11/2/2026,-0.453777,0.260188,0.025847,0.713965,0.0,0.0,1.0,0.453777,0.713965,1
5225.KL,11/3/2020,0.0,0.0,0.0,0.0,0.0,0.0,0.0,0.0,0.0,0
5225.KL,11/3/2021,0.0,0.0,0.0,0.0,0.0,0.0,0.0,0.0,0.0,0
5225.KL,11/3/2022,0.0,0.0,0.0,0.0,0.0,0.0,0.0,0.0,0.0,0
5225.KL,11/3/2023,0.0,0.0,0.0,0.0,0.0,0.0,0.0,0.0,0.0,0
5225.KL,11/3/2024,0.140875,0.15364,0.833596,0.012765,0.5,0.5,0.0,0.140875,0.833596,2
5225.KL,11/3/2025,0.0,0.0,0.0,0.0,0.0,0.0,0.0,0.0,0.0,0
5225.KL,11/3/2026,0.0,0.0,0.0,0.0,0.0,0.0,0.0,0.0,0.0,0
5225.KL,11/4/2020,0.0,0.0,0.0,0.0,0.0,0.0,0.0,0.0,0.0,0
5225.KL,11/4/2021,0.0,0.0,0.0,0.0,0.0,0.0,0.0,0.0,0.0,0
5225.KL,11/4/2022,0.0,0.0,0.0,0.0,0.0,0.0,0.0,0.0,0.0,0
5225.KL,11/4/2023,0.0,0.0,0.0,0.0,0.0,0.0,0.0,0.0,0.0,0
5225.KL,11/4/2024,0.0,0.0,0.0,0.0,0.0,0.0,0.0,0.0,0.0,0
5225.KL,11/4/2025,0.0,0.0,0.0,0.0,0.0,0.0,0.0,0.0,0.0,0
5225.KL,11/5/2020,0.0,0.0,0.0,0.0,0.0,0.0,0.0,0.0,0.0,0
5225.KL,11/5/2021,-0.955425,0.01218,0.020214,0.967605,0.0,0.0,1.0,0.955425,0.967605,1
5225.KL,11/5/2022,0.0,0.0,0.0,0.0,0.0,0.0,0.0,0.0,0.0,0
5225.KL,11/5/2023,0.0,0.0,0.0,0.0,0.0,0.0,0.0,0.0,0.0,0
5225.KL,11/5/2024,0.0,0.0,0.0,0.0,0.0,0.0,0.0,0.0,0.0,0
5225.KL,11/5/2025,0.0,0.0,0.0,0.0,0.0,0.0,0.0,0.0,0.0,0
5225.KL,11/6/2020,0.369251,0.444718,0.479815,0.075467,1.0,0.0,0.0,0.369251,0.825088,2
5225.KL,11/6/2021,0.0,0.0,0.0,0.0,0.0,0.0,0.0,0.0,0.0,0
5225.KL,11/6/2022,-0.907307,0.03921,0.014273,0.946517,0.0,0.0,1.0,0.907307,0.946517,1
5225.KL,11/6/2023,0.144378,0.157815,0.828748,0.013437,1.0,0.0,0.0,0.144378,0.828748,1
5225.KL,11/6/2024,0.0,0.0,0.0,0.0,0.0,0.0,0.0,0.0,0.0,0
5225.KL,11/6/2025,0.0,0.0,0.0,0.0,0.0,0.0,0.0,0.0,0.0,0
5225.KL,11/7/2020,0.0,0.0,0.0,0.0,0.0,0.0,0.0,0.0,0.0,0
5225.KL,11/7/2021,0.0,0.0,0.0,0.0,0.0,0.0,0.0,0.0,0.0,0
5225.KL,11/7/2022,0.0,0.0,0.0,0.0,0.0,0.0,0.0,0.0,0.0,0
5225.KL,11/7/2023,0.0,0.0,0.0,0.0,0.0,0.0,0.0,0.0,0.0,0
5225.KL,11/7/2024,0.0,0.0,0.0,0.0,0.0,0.0,0.0,0.0,0.0,0
5225.KL,11/7/2025,0.0,0.0,0.0,0.0,0.0,0.0,0.0,0.0,0.0,0
5225.KL,11/8/2020,0.0,0.0,0.0,0.0,0.0,0.0,0.0,0.0,0.0,0
5225.KL,11/8/2021,0.0,0.0,0.0,0.0,0.0,0.0,0.0,0.0,0.0,0
5225.KL,11/8/2022,0.0,0.0,0.0,0.0,0.0,0.0,0.0,0.0,0.0,0
5225.KL,11/8/2023,0.303819,0.32205,0.659719,0.018231,0.666667,0.333333,0.0,0.303819,0.858452,3
5225.KL,11/8/2024,0.0,0.0,0.0,0.0,0.0,0.0,0.0,0.0,0.0,0
5225.KL,11/8/2025,0.0,0.0,0.0,0.0,0.0,0.0,0.0,0.0,0.0,0
5225.KL,11/9/2020,0.0,0.0,0.0,0.0,0.0,0.0,0.0,0.0,0.0,0
5225.KL,11/9/2021,0.0,0.0,0.0,0.0,0.0,0.0,0.0,0.0,0.0,0
5225.KL,11/9/2022,0.407931,0.438613,0.530705,0.030682,1.0,0.0,0.0,0.407931,0.530705,1
5225.KL,11/9/2023,0.0,0.0,0.0,0.0,0.0,0.0,0.0,0.0,0.0,0
5225.KL,11/9/2024,0.0,0.0,0.0,0.0,0.0,0.0,0.0,0.0,0.0,0
5225.KL,11/9/2025,0.82281,0.894957,0.032896,0.072147,1.0,0.0,0.0,0.82281,0.894957,1
5225.KL,12/1/2020,0.0,0.0,0.0,0.0,0.0,0.0,0.0,0.0,0.0,0
5225.KL,12/1/2021,0.0,0.0,0.0,0.0,0.0,0.0,0.0,0.0,0.0,0
5225.KL,12/1/2022,0.0,0.0,0.0,0.0,0.0,0.0,0.0,0.0,0.0,0
5225.KL,12/1/2023,0.0,0.0,0.0,0.0,0.0,0.0,0.0,0.0,0.0,0
5225.KL,12/1/2024,0.0,0.0,0.0,0.0,0.0,0.0,0.0,0.0,0.0,0
5225.KL,12/1/2025,0.0,0.0,0.0,0.0,0.0,0.0,0.0,0.0,0.0,0
5225.KL,12/1/2026,-0.511804,0.033749,0.420699,0.545552,0.0,0.0,1.0,0.511804,0.545552,1
5225.KL,12/10/2020,0.0,0.0,0.0,0.0,0.0,0.0,0.0,0.0,0.0,0
5225.KL,12/10/2021,0.0,0.0,0.0,0.0,0.0,0.0,0.0,0.0,0.0,0
5225.KL,12/10/2022,0.0,0.0,0.0,0.0,0.0,0.0,0.0,0.0,0.0,0
5225.KL,12/10/2023,0.0,0.0,0.0,0.0,0.0,0.0,0.0,0.0,0.0,0
5225.KL,12/10/2024,0.0,0.0,0.0,0.0,0.0,0.0,0.0,0.0,0.0,0
5225.KL,12/10/2025,0.0,0.0,0.0,0.0,0.0,0.0,0.0,0.0,0.0,0
5225.KL,12/11/2020,0.0,0.0,0.0,0.0,0.0,0.0,0.0,0.0,0.0,0
5225.KL,12/11/2021,-0.947589,0.012337,0.027737,0.959926,0.0,0.0,1.0,0.947589,0.959926,1
5225.KL,12/11/2022,0.339823,0.34753,0.644763,0.007707,1.0,0.0,0.0,0.339823,0.644763,1
5225.KL,12/11/2023,0.0,0.0,0.0,0.0,0.0,0.0,0.0,0.0,0.0,0
5225.KL,12/11/2024,0.0,0.0,0.0,0.0,0.0,0.0,0.0,0.0,0.0,0
5225.KL,12/11/2025,-0.949306,0.018204,0.014286,0.96751,0.0,0.0,1.0,0.949306,0.96751,1
5225.KL,12/12/2020,0.0,0.0,0.0,0.0,0.0,0.0,0.0,0.0,0.0,0
5225.KL,12/12/2021,0.0,0.0,0.0,0.0,0.0,0.0,0.0,0.0,0.0,0
5225.KL,12/12/2022,-0.954597,0.012885,0.019632,0.967482,0.0,0.0,1.0,0.954597,0.967482,1
5225.KL,12/12/2023,0.0,0.0,0.0,0.0,0.0,0.0,0.0,0.0,0.0,0
5225.KL,12/12/2024,-0.917916,0.027772,0.02654,0.945688,0.0,0.0,1.0,0.917916,0.945688,1
5225.KL,12/12/2025,0.0,0.0,0.0,0.0,0.0,0.0,0.0,0.0,0.0,0
5225.KL,12/2/2020,0.0,0.0,0.0,0.0,0.0,0.0,0.0,0.0,0.0,0
5225.KL,12/2/2021,0.0,0.0,0.0,0.0,0.0,0.0,0.0,0.0,0.0,0
5225.KL,12/2/2022,0.0,0.0,0.0,0.0,0.0,0.0,0.0,0.0,0.0,0
5225.KL,12/2/2023,0.0,0.0,0.0,0.0,0.0,0.0,0.0,0.0,0.0,0
5225.KL,12/2/2024,0.0,0.0,0.0,0.0,0.0,0.0,0.0,0.0,0.0,0
5225.KL,12/2/2025,0.0,0.0,0.0,0.0,0.0,0.0,0.0,0.0,0.0,0
5225.KL,12/2/2026,0.908622,0.937743,0.033136,0.029121,1.0,0.0,0.0,0.908622,0.937743,1
5225.KL,12/3/2020,0.216057,0.224411,0.767235,0.008354,1.0,0.0,0.0,0.216057,0.767235,1
5225.KL,12/3/2021,0.0,0.0,0.0,0.0,0.0,0.0,0.0,0.0,0.0,0
5225.KL,12/3/2022,0.0,0.0,0.0,0.0,0.0,0.0,0.0,0.0,0.0,0
5225.KL,12/3/2023,0.0,0.0,0.0,0.0,0.0,0.0,0.0,0.0,0.0,0
5225.KL,12/3/2024,0.172596,0.18396,0.804676,0.011364,1.0,0.0,0.0,0.172596,0.804676,1
5225.KL,12/3/2025,0.13782,0.149112,0.839596,0.011292,1.0,0.0,0.0,0.13782,0.839596,1
5225.KL,12/3/2026,0.0,0.0,0.0,0.0,0.0,0.0,0.0,0.0,0.0,0
5225.KL,12/4/2020,0.0,0.0,0.0,0.0,0.0,0.0,0.0,0.0,0.0,0
5225.KL,12/4/2021,0.0,0.0,0.0,0.0,0.0,0.0,0.0,0.0,0.0,0
5225.KL,12/4/2022,0.0,0.0,0.0,0.0,0.0,0.0,0.0,0.0,0.0,0
5225.KL,12/4/2023,0.0,0.0,0.0,0.0,0.0,0.0,0.0,0.0,0.0,0
5225.KL,12/4/2024,0.0,0.0,0.0,0.0,0.0,0.0,0.0,0.0,0.0,0
5225.KL,12/4/2025,0.0,0.0,0.0,0.0,0.0,0.0,0.0,0.0,0.0,0
5225.KL,12/5/2020,0.0,0.0,0.0,0.0,0.0,0.0,0.0,0.0,0.0,0
5225.KL,12/5/2021,0.0,0.0,0.0,0.0,0.0,0.0,0.0,0.0,0.0,0
5225.KL,12/5/2022,0.0,0.0,0.0,0.0,0.0,0.0,0.0,0.0,0.0,0
5225.KL,12/5/2023,0.0,0.0,0.0,0.0,0.0,0.0,0.0,0.0,0.0,0
5225.KL,12/5/2024,0.0,0.0,0.0,0.0,0.0,0.0,0.0,0.0,0.0,0
5225.KL,12/5/2025,0.0,0.0,0.0,0.0,0.0,0.0,0.0,0.0,0.0,0
5225.KL,12/6/2020,0.0,0.0,0.0,0.0,0.0,0.0,0.0,0.0,0.0,0
5225.KL,12/6/2021,0.0,0.0,0.0,0.0,0.0,0.0,0.0,0.0,0.0,0
5225.KL,12/6/2022,0.0,0.0,0.0,0.0,0.0,0.0,0.0,0.0,0.0,0
5225.KL,12/6/2023,0.0,0.0,0.0,0.0,0.0,0.0,0.0,0.0,0.0,0
5225.KL,12/6/2024,0.919492,0.931343,0.056805,0.011852,1.0,0.0,0.0,0.919492,0.931343,1
5225.KL,12/6/2025,0.0,0.0,0.0,0.0,0.0,0.0,0.0,0.0,0.0,0
5225.KL,12/7/2020,0.0,0.0,0.0,0.0,0.0,0.0,0.0,0.0,0.0,0
5225.KL,12/7/2021,0.634433,0.646049,0.342335,0.011616,1.0,0.0,0.0,0.634433,0.646049,1
5225.KL,12/7/2022,0.0,0.0,0.0,0.0,0.0,0.0,0.0,0.0,0.0,0
5225.KL,12/7/2023,0.875,0.911309,0.052382,0.036309,1.0,0.0,0.0,0.875,0.911309,1
5225.KL,12/7/2024,0.764904,0.84929,0.066324,0.084386,1.0,0.0,0.0,0.764904,0.84929,1
5225.KL,12/7/2025,0.0,0.0,0.0,0.0,0.0,0.0,0.0,0.0,0.0,0
5225.KL,12/8/2020,0.0,0.0,0.0,0.0,0.0,0.0,0.0,0.0,0.0,0
5225.KL,12/8/2021,0.0,0.0,0.0,0.0,0.0,0.0,0.0,0.0,0.0,0
5225.KL,12/8/2022,0.0,0.0,0.0,0.0,0.0,0.0,0.0,0.0,0.0,0
5225.KL,12/8/2023,0.0,0.0,0.0,0.0,0.0,0.0,0.0,0.0,0.0,0
5225.KL,12/8/2024,0.0,0.0,0.0,0.0,0.0,0.0,0.0,0.0,0.0,0
5225.KL,12/8/2025,0.0,0.0,0.0,0.0,0.0,0.0,0.0,0.0,0.0,0
5225.KL,12/9/2020,0.0,0.0,0.0,0.0,0.0,0.0,0.0,0.0,0.0,0
5225.KL,12/9/2021,0.0,0.0,0.0,0.0,0.0,0.0,0.0,0.0,0.0,0
5225.KL,12/9/2022,0.0,0.0,0.0,0.0,0.0,0.0,0.0,0.0,0.0,0
5225.KL,12/9/2023,0.398198,0.410366,0.577465,0.012169,1.0,0.0,0.0,0.398198,0.577465,1
5225.KL,12/9/2024,0.092658,0.10234,0.887979,0.009681,0.333333,0.666667,0.0,0.092658,0.887979,3
5225.KL,12/9/2025,0.711114,0.833777,0.04356,0.122663,1.0,0.0,0.0,0.711114,0.833777,1
5225.KL,13/1/2020,0.0,0.0,0.0,0.0,0.0,0.0,0.0,0.0,0.0,0
5225.KL,13/1/2021,-0.874152,0.052251,0.021346,0.926403,0.0,0.0,1.0,0.874152,0.926403,1
5225.KL,13/1/2022,0.0,0.0,0.0,0.0,0.0,0.0,0.0,0.0,0.0,0
5225.KL,13/1/2023,0.0,0.0,0.0,0.0,0.0,0.0,0.0,0.0,0.0,0
5225.KL,13/1/2024,0.0,0.0,0.0,0.0,0.0,0.0,0.0,0.0,0.0,0
5225.KL,13/1/2025,0.0,0.0,0.0,0.0,0.0,0.0,0.0,0.0,0.0,0
5225.KL,13/1/2026,0.0,0.0,0.0,0.0,0.0,0.0,0.0,0.0,0.0,0
5225.KL,13/10/2020,0.0,0.0,0.0,0.0,0.0,0.0,0.0,0.0,0.0,0
5225.KL,13/10/2021,0.0,0.0,0.0,0.0,0.0,0.0,0.0,0.0,0.0,0
5225.KL,13/10/2022,0.0,0.0,0.0,0.0,0.0,0.0,0.0,0.0,0.0,0
5225.KL,13/10/2023,0.040588,0.068821,0.902947,0.028232,0.0,1.0,0.0,0.040588,0.902947,1
5225.KL,13/10/2024,0.0,0.0,0.0,0.0,0.0,0.0,0.0,0.0,0.0,0
5225.KL,13/10/2025,0.0,0.0,0.0,0.0,0.0,0.0,0.0,0.0,0.0,0
5225.KL,13/11/2020,0.0,0.0,0.0,0.0,0.0,0.0,0.0,0.0,0.0,0
5225.KL,13/11/2021,0.0,0.0,0.0,0.0,0.0,0.0,0.0,0.0,0.0,0
5225.KL,13/11/2022,0.0,0.0,0.0,0.0,0.0,0.0,0.0,0.0,0.0,0
5225.KL,13/11/2023,0.0,0.0,0.0,0.0,0.0,0.0,0.0,0.0,0.0,0
5225.KL,13/11/2024,0.0,0.0,0.0,0.0,0.0,0.0,0.0,0.0,0.0,0
5225.KL,13/11/2025,-0.327372,0.313202,0.046224,0.640574,0.0,0.0,1.0,0.327372,0.640574,1
5225.KL,13/12/2020,0.0,0.0,0.0,0.0,0.0,0.0,0.0,0.0,0.0,0
5225.KL,13/12/2021,0.0,0.0,0.0,0.0,0.0,0.0,0.0,0.0,0.0,0
5225.KL,13/12/2022,0.0,0.0,0.0,0.0,0.0,0.0,0.0,0.0,0.0,0
5225.KL,13/12/2023,0.0,0.0,0.0,0.0,0.0,0.0,0.0,0.0,0.0,0
5225.KL,13/12/2024,-0.849786,0.058271,0.033673,0.908057,0.0,0.0,1.0,0.849786,0.908057,1
5225.KL,13/12/2025,0.0,0.0,0.0,0.0,0.0,0.0,0.0,0.0,0.0,0
5225.KL,13/2/2020,0.0,0.0,0.0,0.0,0.0,0.0,0.0,0.0,0.0,0
5225.KL,13/2/2021,0.0,0.0,0.0,0.0,0.0,0.0,0.0,0.0,0.0,0
5225.KL,13/2/2022,0.0,0.0,0.0,0.0,0.0,0.0,0.0,0.0,0.0,0
5225.KL,13/2/2023,0.0,0.0,0.0,0.0,0.0,0.0,0.0,0.0,0.0,0
5225.KL,13/2/2024,0.0,0.0,0.0,0.0,0.0,0.0,0.0,0.0,0.0,0
5225.KL,13/2/2025,0.0,0.0,0.0,0.0,0.0,0.0,0.0,0.0,0.0,0
5225.KL,13/2/2026,0.0,0.0,0.0,0.0,0.0,0.0,0.0,0.0,0.0,0
5225.KL,13/3/2020,0.869605,0.918217,0.033171,0.048612,1.0,0.0,0.0,0.869605,0.918217,1
5225.KL,13/3/2021,0.0,0.0,0.0,0.0,0.0,0.0,0.0,0.0,0.0,0
5225.KL,13/3/2022,0.0,0.0,0.0,0.0,0.0,0.0,0.0,0.0,0.0,0
5225.KL,13/3/2023,0.0,0.0,0.0,0.0,0.0,0.0,0.0,0.0,0.0,0
5225.KL,13/3/2024,0.0,0.0,0.0,0.0,0.0,0.0,0.0,0.0,0.0,0
5225.KL,13/3/2025,0.0,0.0,0.0,0.0,0.0,0.0,0.0,0.0,0.0,0
5225.KL,13/3/2026,-0.93571,0.017727,0.028836,0.953437,0.0,0.0,1.0,0.93571,0.953437,1
5225.KL,13/4/2020,0.0,0.0,0.0,0.0,0.0,0.0,0.0,0.0,0.0,0
5225.KL,13/4/2021,0.0,0.0,0.0,0.0,0.0,0.0,0.0,0.0,0.0,0
5225.KL,13/4/2022,0.0,0.0,0.0,0.0,0.0,0.0,0.0,0.0,0.0,0
5225.KL,13/4/2023,0.0,0.0,0.0,0.0,0.0,0.0,0.0,0.0,0.0,0
5225.KL,13/4/2024,0.0,0.0,0.0,0.0,0.0,0.0,0.0,0.0,0.0,0
5225.KL,13/4/2025,0.0,0.0,0.0,0.0,0.0,0.0,0.0,0.0,0.0,0
5225.KL,13/5/2020,-0.029142,0.457945,0.054967,0.487087,0.5,0.0,0.5,0.904306,0.924669,2
5225.KL,13/5/2021,0.0,0.0,0.0,0.0,0.0,0.0,0.0,0.0,0.0,0
5225.KL,13/5/2022,-0.958171,0.009543,0.022743,0.967714,0.0,0.0,1.0,0.958171,0.967714,1
5225.KL,13/5/2023,0.0,0.0,0.0,0.0,0.0,0.0,0.0,0.0,0.0,0
5225.KL,13/5/2024,0.0,0.0,0.0,0.0,0.0,0.0,0.0,0.0,0.0,0
5225.KL,13/5/2025,0.90451,0.91404,0.07643,0.00953,1.0,0.0,0.0,0.90451,0.91404,1
5225.KL,13/6/2020,0.678716,0.781118,0.11648,0.102402,1.0,0.0,0.0,0.678716,0.781118,1
5225.KL,13/6/2021,0.0,0.0,0.0,0.0,0.0,0.0,0.0,0.0,0.0,0
5225.KL,13/6/2022,0.0,0.0,0.0,0.0,0.0,0.0,0.0,0.0,0.0,0
5225.KL,13/6/2023,0.0,0.0,0.0,0.0,0.0,0.0,0.0,0.0,0.0,0
5225.KL,13/6/2024,0.0,0.0,0.0,0.0,0.0,0.0,0.0,0.0,0.0,0
5225.KL,13/6/2025,0.932391,0.950694,0.031003,0.018303,1.0,0.0,0.0,0.932391,0.950694,1
5225.KL,13/7/2020,0.0,0.0,0.0,0.0,0.0,0.0,0.0,0.0,0.0,0
5225.KL,13/7/2021,0.001731,0.030281,0.941169,0.02855,0.0,1.0,0.0,0.001731,0.941169,1
5225.KL,13/7/2022,0.0,0.0,0.0,0.0,0.0,0.0,0.0,0.0,0.0,0
5225.KL,13/7/2023,0.0,0.0,0.0,0.0,0.0,0.0,0.0,0.0,0.0,0
5225.KL,13/7/2024,-0.150249,0.155616,0.53852,0.305864,0.0,0.0,1.0,0.150249,0.53852,1
5225.KL,13/7/2025,0.0,0.0,0.0,0.0,0.0,0.0,0.0,0.0,0.0,0
5225.KL,13/8/2020,0.0,0.0,0.0,0.0,0.0,0.0,0.0,0.0,0.0,0
5225.KL,13/8/2021,0.0,0.0,0.0,0.0,0.0,0.0,0.0,0.0,0.0,0
5225.KL,13/8/2022,0.0,0.0,0.0,0.0,0.0,0.0,0.0,0.0,0.0,0
5225.KL,13/8/2023,0.0,0.0,0.0,0.0,0.0,0.0,0.0,0.0,0.0,0
5225.KL,13/8/2024,0.0,0.0,0.0,0.0,0.0,0.0,0.0,0.0,0.0,0
5225.KL,13/8/2025,0.0,0.0,0.0,0.0,0.0,0.0,0.0,0.0,0.0,0
5225.KL,13/9/2020,0.0,0.0,0.0,0.0,0.0,0.0,0.0,0.0,0.0,0
5225.KL,13/9/2021,0.0,0.0,0.0,0.0,0.0,0.0,0.0,0.0,0.0,0
5225.KL,13/9/2022,0.75116,0.863734,0.023692,0.112574,1.0,0.0,0.0,0.75116,0.863734,1
5225.KL,13/9/2023,0.0,0.0,0.0,0.0,0.0,0.0,0.0,0.0,0.0,0
5225.KL,13/9/2024,0.0,0.0,0.0,0.0,0.0,0.0,0.0,0.0,0.0,0
5225.KL,13/9/2025,0.0,0.0,0.0,0.0,0.0,0.0,0.0,0.0,0.0,0
5225.KL,14/1/2020,0.0,0.0,0.0,0.0,0.0,0.0,0.0,0.0,0.0,0
5225.KL,14/1/2021,0.0,0.0,0.0,0.0,0.0,0.0,0.0,0.0,0.0,0
5225.KL,14/1/2022,0.0,0.0,0.0,0.0,0.0,0.0,0.0,0.0,0.0,0
5225.KL,14/1/2023,0.787585,0.866486,0.054613,0.078901,1.0,0.0,0.0,0.787585,0.866486,1
5225.KL,14/1/2024,0.0,0.0,0.0,0.0,0.0,0.0,0.0,0.0,0.0,0
5225.KL,14/1/2025,0.864535,0.87388,0.116775,0.009345,1.0,0.0,0.0,0.864535,0.87388,1
5225.KL,14/1/2026,0.778872,0.811732,0.155408,0.03286,1.0,0.0,0.0,0.778872,0.811732,1
5225.KL,14/10/2020,0.0,0.0,0.0,0.0,0.0,0.0,0.0,0.0,0.0,0
5225.KL,14/10/2021,0.0,0.0,0.0,0.0,0.0,0.0,0.0,0.0,0.0,0
5225.KL,14/10/2022,-0.957942,0.009276,0.023505,0.967218,0.0,0.0,1.0,0.957942,0.967218,1
5225.KL,14/10/2023,0.0,0.0,0.0,0.0,0.0,0.0,0.0,0.0,0.0,0
5225.KL,14/10/2024,0.0,0.0,0.0,0.0,0.0,0.0,0.0,0.0,0.0,0
5225.KL,14/10/2025,-0.899821,0.014002,0.072175,0.913823,0.0,0.0,1.0,0.899821,0.913823,2
5225.KL,14/11/2020,0.0,0.0,0.0,0.0,0.0,0.0,0.0,0.0,0.0,0
5225.KL,14/11/2021,0.0,0.0,0.0,0.0,0.0,0.0,0.0,0.0,0.0,0
5225.KL,14/11/2022,0.0,0.0,0.0,0.0,0.0,0.0,0.0,0.0,0.0,0
5225.KL,14/11/2023,-0.934258,0.014841,0.036059,0.9491,0.0,0.0,1.0,0.934258,0.9491,1
5225.KL,14/11/2024,0.0,0.0,0.0,0.0,0.0,0.0,0.0,0.0,0.0,0
5225.KL,14/11/2025,-0.094676,0.389965,0.125394,0.484641,0.5,0.0,0.5,0.847028,0.860817,2
5225.KL,14/12/2020,0.0,0.0,0.0,0.0,0.0,0.0,0.0,0.0,0.0,0
5225.KL,14/12/2021,0.910334,0.938315,0.033703,0.027981,1.0,0.0,0.0,0.910334,0.938315,1
5225.KL,14/12/2022,0.0,0.0,0.0,0.0,0.0,0.0,0.0,0.0,0.0,0
5225.KL,14/12/2023,0.0,0.0,0.0,0.0,0.0,0.0,0.0,0.0,0.0,0
5225.KL,14/12/2024,0.0,0.0,0.0,0.0,0.0,0.0,0.0,0.0,0.0,0
5225.KL,14/12/2025,0.0,0.0,0.0,0.0,0.0,0.0,0.0,0.0,0.0,0
5225.KL,14/2/2020,-0.919943,0.03377,0.012517,0.953713,0.0,0.0,1.0,0.919943,0.953713,1
5225.KL,14/2/2021,0.0,0.0,0.0,0.0,0.0,0.0,0.0,0.0,0.0,0
5225.KL,14/2/2022,0.0,0.0,0.0,0.0,0.0,0.0,0.0,0.0,0.0,0
5225.KL,14/2/2023,0.0,0.0,0.0,0.0,0.0,0.0,0.0,0.0,0.0,0
5225.KL,14/2/2024,0.0,0.0,0.0,0.0,0.0,0.0,0.0,0.0,0.0,0
5225.KL,14/2/2025,0.034476,0.058823,0.916831,0.024346,0.0,1.0,0.0,0.034476,0.916831,1
5225.KL,14/2/2026,0.0,0.0,0.0,0.0,0.0,0.0,0.0,0.0,0.0,0
5225.KL,14/3/2020,0.0,0.0,0.0,0.0,0.0,0.0,0.0,0.0,0.0,0
5225.KL,14/3/2021,0.0,0.0,0.0,0.0,0.0,0.0,0.0,0.0,0.0,0
5225.KL,14/3/2022,0.0,0.0,0.0,0.0,0.0,0.0,0.0,0.0,0.0,0
5225.KL,14/3/2023,0.0,0.0,0.0,0.0,0.0,0.0,0.0,0.0,0.0,0
5225.KL,14/3/2024,0.0,0.0,0.0,0.0,0.0,0.0,0.0,0.0,0.0,0
5225.KL,14/3/2025,-0.926967,0.022737,0.027559,0.949704,0.0,0.0,1.0,0.926967,0.949704,1
5225.KL,14/3/2026,0.0,0.0,0.0,0.0,0.0,0.0,0.0,0.0,0.0,0
5225.KL,14/4/2020,0.0,0.0,0.0,0.0,0.0,0.0,0.0,0.0,0.0,0
5225.KL,14/4/2021,0.0,0.0,0.0,0.0,0.0,0.0,0.0,0.0,0.0,0
5225.KL,14/4/2022,0.0,0.0,0.0,0.0,0.0,0.0,0.0,0.0,0.0,0
5225.KL,14/4/2023,0.0,0.0,0.0,0.0,0.0,0.0,0.0,0.0,0.0,0
5225.KL,14/4/2024,0.0,0.0,0.0,0.0,0.0,0.0,0.0,0.0,0.0,0
5225.KL,14/4/2025,0.0,0.0,0.0,0.0,0.0,0.0,0.0,0.0,0.0,0
5225.KL,14/5/2020,0.0,0.0,0.0,0.0,0.0,0.0,0.0,0.0,0.0,0
5225.KL,14/5/2021,0.0,0.0,0.0,0.0,0.0,0.0,0.0,0.0,0.0,0
5225.KL,14/5/2022,0.0,0.0,0.0,0.0,0.0,0.0,0.0,0.0,0.0,0
5225.KL,14/5/2023,0.0,0.0,0.0,0.0,0.0,0.0,0.0,0.0,0.0,0
5225.KL,14/5/2024,0.0,0.0,0.0,0.0,0.0,0.0,0.0,0.0,0.0,0
5225.KL,14/5/2025,0.0,0.0,0.0,0.0,0.0,0.0,0.0,0.0,0.0,0
5225.KL,14/6/2020,0.0,0.0,0.0,0.0,0.0,0.0,0.0,0.0,0.0,0
5225.KL,14/6/2021,0.0,0.0,0.0,0.0,0.0,0.0,0.0,0.0,0.0,0
5225.KL,14/6/2022,0.0,0.0,0.0,0.0,0.0,0.0,0.0,0.0,0.0,0
5225.KL,14/6/2023,0.0,0.0,0.0,0.0,0.0,0.0,0.0,0.0,0.0,0
5225.KL,14/6/2024,0.0,0.0,0.0,0.0,0.0,0.0,0.0,0.0,0.0,0
5225.KL,14/6/2025,0.0,0.0,0.0,0.0,0.0,0.0,0.0,0.0,0.0,0
5225.KL,14/7/2020,0.0,0.0,0.0,0.0,0.0,0.0,0.0,0.0,0.0,0
5225.KL,14/7/2021,0.0,0.0,0.0,0.0,0.0,0.0,0.0,0.0,0.0,0
5225.KL,14/7/2022,0.0,0.0,0.0,0.0,0.0,0.0,0.0,0.0,0.0,0
5225.KL,14/7/2023,0.0,0.0,0.0,0.0,0.0,0.0,0.0,0.0,0.0,0
5225.KL,14/7/2024,0.0,0.0,0.0,0.0,0.0,0.0,0.0,0.0,0.0,0
5225.KL,14/7/2025,0.0,0.0,0.0,0.0,0.0,0.0,0.0,0.0,0.0,0
5225.KL,14/8/2020,0.0,0.0,0.0,0.0,0.0,0.0,0.0,0.0,0.0,0
5225.KL,14/8/2021,0.0,0.0,0.0,0.0,0.0,0.0,0.0,0.0,0.0,0
5225.KL,14/8/2022,0.0,0.0,0.0,0.0,0.0,0.0,0.0,0.0,0.0,0
5225.KL,14/8/2023,0.0,0.0,0.0,0.0,0.0,0.0,0.0,0.0,0.0,0
5225.KL,14/8/2024,0.803401,0.835018,0.133365,0.031617,1.0,0.0,0.0,0.803401,0.835018,2
5225.KL,14/8/2025,-0.185997,0.346762,0.12048,0.532758,0.333333,0.0,0.666667,0.671925,0.775723,3
5225.KL,14/9/2020,0.0,0.0,0.0,0.0,0.0,0.0,0.0,0.0,0.0,0
5225.KL,14/9/2021,0.0,0.0,0.0,0.0,0.0,0.0,0.0,0.0,0.0,0
5225.KL,14/9/2022,0.0,0.0,0.0,0.0,0.0,0.0,0.0,0.0,0.0,0
5225.KL,14/9/2023,-0.029215,0.030625,0.909535,0.05984,0.0,1.0,0.0,0.029215,0.909535,1
5225.KL,14/9/2024,0.0,0.0,0.0,0.0,0.0,0.0,0.0,0.0,0.0,0
5225.KL,14/9/2025,0.0,0.0,0.0,0.0,0.0,0.0,0.0,0.0,0.0,0
5225.KL,15/1/2020,0.0,0.0,0.0,0.0,0.0,0.0,0.0,0.0,0.0,0
5225.KL,15/1/2021,0.0,0.0,0.0,0.0,0.0,0.0,0.0,0.0,0.0,0
5225.KL,15/1/2022,0.0,0.0,0.0,0.0,0.0,0.0,0.0,0.0,0.0,0
5225.KL,15/1/2023,0.0,0.0,0.0,0.0,0.0,0.0,0.0,0.0,0.0,0
5225.KL,15/1/2024,0.0,0.0,0.0,0.0,0.0,0.0,0.0,0.0,0.0,0
5225.KL,15/1/2025,0.919782,0.943796,0.032191,0.024013,1.0,0.0,0.0,0.919782,0.943796,1
5225.KL,15/1/2026,0.0,0.0,0.0,0.0,0.0,0.0,0.0,0.0,0.0,0
5225.KL,15/10/2020,0.0,0.0,0.0,0.0,0.0,0.0,0.0,0.0,0.0,0
5225.KL,15/10/2021,0.0,0.0,0.0,0.0,0.0,0.0,0.0,0.0,0.0,0
5225.KL,15/10/2022,0.892613,0.929468,0.033678,0.036855,1.0,0.0,0.0,0.892613,0.929468,1
5225.KL,15/10/2023,0.0,0.0,0.0,0.0,0.0,0.0,0.0,0.0,0.0,0
5225.KL,15/10/2024,0.0,0.0,0.0,0.0,0.0,0.0,0.0,0.0,0.0,0
5225.KL,15/10/2025,0.0,0.0,0.0,0.0,0.0,0.0,0.0,0.0,0.0,0
5225.KL,15/11/2020,0.0,0.0,0.0,0.0,0.0,0.0,0.0,0.0,0.0,0
5225.KL,15/11/2021,0.0,0.0,0.0,0.0,0.0,0.0,0.0,0.0,0.0,0
5225.KL,15/11/2022,-0.114815,0.397447,0.090291,0.512262,0.0,0.0,1.0,0.114815,0.512262,1
5225.KL,15/11/2023,0.034323,0.047079,0.940166,0.012755,0.0,1.0,0.0,0.034323,0.940166,1
5225.KL,15/11/2024,0.0,0.0,0.0,0.0,0.0,0.0,0.0,0.0,0.0,0
5225.KL,15/11/2025,-0.952718,0.013994,0.019294,0.966712,0.0,0.0,1.0,0.952718,0.966712,1
5225.KL,15/12/2020,0.0,0.0,0.0,0.0,0.0,0.0,0.0,0.0,0.0,0
5225.KL,15/12/2021,-0.274818,0.142124,0.440935,0.416941,0.5,0.0,0.5,0.413715,0.836344,2
5225.KL,15/12/2022,0.0,0.0,0.0,0.0,0.0,0.0,0.0,0.0,0.0,0
5225.KL,15/12/2023,0.0,0.0,0.0,0.0,0.0,0.0,0.0,0.0,0.0,0
5225.KL,15/12/2024,0.0,0.0,0.0,0.0,0.0,0.0,0.0,0.0,0.0,0
5225.KL,15/12/2025,0.889007,0.918339,0.052329,0.029332,1.0,0.0,0.0,0.889007,0.918339,1
5225.KL,15/2/2020,0.0,0.0,0.0,0.0,0.0,0.0,0.0,0.0,0.0,0
5225.KL,15/2/2021,0.0,0.0,0.0,0.0,0.0,0.0,0.0,0.0,0.0,0
5225.KL,15/2/2022,0.0,0.0,0.0,0.0,0.0,0.0,0.0,0.0,0.0,0
5225.KL,15/2/2023,0.917759,0.945565,0.026629,0.027806,1.0,0.0,0.0,0.917759,0.945565,1
5225.KL,15/2/2024,0.0,0.0,0.0,0.0,0.0,0.0,0.0,0.0,0.0,0
5225.KL,15/2/2025,0.0,0.0,0.0,0.0,0.0,0.0,0.0,0.0,0.0,0
5225.KL,15/2/2026,0.0,0.0,0.0,0.0,0.0,0.0,0.0,0.0,0.0,0
5225.KL,15/3/2020,0.0,0.0,0.0,0.0,0.0,0.0,0.0,0.0,0.0,0
5225.KL,15/3/2021,0.0,0.0,0.0,0.0,0.0,0.0,0.0,0.0,0.0,0
5225.KL,15/3/2022,0.0,0.0,0.0,0.0,0.0,0.0,0.0,0.0,0.0,0
5225.KL,15/3/2023,0.0,0.0,0.0,0.0,0.0,0.0,0.0,0.0,0.0,0
5225.KL,15/3/2024,0.0,0.0,0.0,0.0,0.0,0.0,0.0,0.0,0.0,0
5225.KL,15/3/2025,0.0,0.0,0.0,0.0,0.0,0.0,0.0,0.0,0.0,0
5225.KL,15/3/2026,0.0,0.0,0.0,0.0,0.0,0.0,0.0,0.0,0.0,0
5225.KL,15/4/2020,0.774476,0.836838,0.100801,0.062362,1.0,0.0,0.0,0.774476,0.836838,1
5225.KL,15/4/2021,0.0,0.0,0.0,0.0,0.0,0.0,0.0,0.0,0.0,0
5225.KL,15/4/2022,0.0,0.0,0.0,0.0,0.0,0.0,0.0,0.0,0.0,0
5225.KL,15/4/2023,0.0,0.0,0.0,0.0,0.0,0.0,0.0,0.0,0.0,0
5225.KL,15/4/2024,0.0,0.0,0.0,0.0,0.0,0.0,0.0,0.0,0.0,0
5225.KL,15/4/2025,0.0,0.0,0.0,0.0,0.0,0.0,0.0,0.0,0.0,0
5225.KL,15/5/2020,0.038369,0.499059,0.040251,0.46069,0.0,1.0,0.0,0.038369,0.499059,1
5225.KL,15/5/2021,0.0,0.0,0.0,0.0,0.0,0.0,0.0,0.0,0.0,0
5225.KL,15/5/2022,0.0,0.0,0.0,0.0,0.0,0.0,0.0,0.0,0.0,0
5225.KL,15/5/2023,0.0,0.0,0.0,0.0,0.0,0.0,0.0,0.0,0.0,0
5225.KL,15/5/2024,0.0,0.0,0.0,0.0,0.0,0.0,0.0,0.0,0.0,0
5225.KL,15/5/2025,0.0,0.0,0.0,0.0,0.0,0.0,0.0,0.0,0.0,0
5225.KL,15/6/2020,0.0,0.0,0.0,0.0,0.0,0.0,0.0,0.0,0.0,0
5225.KL,15/6/2021,0.0,0.0,0.0,0.0,0.0,0.0,0.0,0.0,0.0,0
5225.KL,15/6/2022,0.0,0.0,0.0,0.0,0.0,0.0,0.0,0.0,0.0,0
5225.KL,15/6/2023,0.0,0.0,0.0,0.0,0.0,0.0,0.0,0.0,0.0,0
5225.KL,15/6/2024,0.0,0.0,0.0,0.0,0.0,0.0,0.0,0.0,0.0,0
5225.KL,15/6/2025,0.0,0.0,0.0,0.0,0.0,0.0,0.0,0.0,0.0,0
5225.KL,15/7/2020,0.0,0.0,0.0,0.0,0.0,0.0,0.0,0.0,0.0,0
5225.KL,15/7/2021,0.585681,0.596043,0.393596,0.010362,0.666667,0.333333,0.0,0.585681,0.892942,3
5225.KL,15/7/2022,0.519261,0.734768,0.049725,0.215507,1.0,0.0,0.0,0.519261,0.734768,1
5225.KL,15/7/2023,0.0,0.0,0.0,0.0,0.0,0.0,0.0,0.0,0.0,0
5225.KL,15/7/2024,0.0,0.0,0.0,0.0,0.0,0.0,0.0,0.0,0.0,0
5225.KL,15/7/2025,0.0,0.0,0.0,0.0,0.0,0.0,0.0,0.0,0.0,0
5225.KL,15/8/2020,0.0,0.0,0.0,0.0,0.0,0.0,0.0,0.0,0.0,0
5225.KL,15/8/2021,0.0,0.0,0.0,0.0,0.0,0.0,0.0,0.0,0.0,0
5225.KL,15/8/2022,0.0,0.0,0.0,0.0,0.0,0.0,0.0,0.0,0.0,0
5225.KL,15/8/2023,-0.212389,0.361508,0.064596,0.573896,0.0,0.0,1.0,0.212389,0.573896,1
5225.KL,15/8/2024,0.0,0.0,0.0,0.0,0.0,0.0,0.0,0.0,0.0,0
5225.KL,15/8/2025,-0.008799,0.33446,0.322281,0.343259,0.333333,0.333333,0.333333,0.62958,0.938635,3
5225.KL,15/9/2020,0.0,0.0,0.0,0.0,0.0,0.0,0.0,0.0,0.0,0
5225.KL,15/9/2021,0.0,0.0,0.0,0.0,0.0,0.0,0.0,0.0,0.0,0
5225.KL,15/9/2022,0.035987,0.055292,0.925403,0.019305,0.0,1.0,0.0,0.035987,0.925403,2
5225.KL,15/9/2023,0.0,0.0,0.0,0.0,0.0,0.0,0.0,0.0,0.0,0
5225.KL,15/9/2024,0.0,0.0,0.0,0.0,0.0,0.0,0.0,0.0,0.0,0
5225.KL,15/9/2025,0.0,0.0,0.0,0.0,0.0,0.0,0.0,0.0,0.0,0
5225.KL,16/1/2020,0.0,0.0,0.0,0.0,0.0,0.0,0.0,0.0,0.0,0
5225.KL,16/1/2021,-0.027922,0.03686,0.898358,0.064782,0.0,1.0,0.0,0.027922,0.898358,1
5225.KL,16/1/2022,0.0,0.0,0.0,0.0,0.0,0.0,0.0,0.0,0.0,0
5225.KL,16/1/2023,0.0,0.0,0.0,0.0,0.0,0.0,0.0,0.0,0.0,0
5225.KL,16/1/2024,0.0,0.0,0.0,0.0,0.0,0.0,0.0,0.0,0.0,0
5225.KL,16/1/2025,0.0,0.0,0.0,0.0,0.0,0.0,0.0,0.0,0.0,0
5225.KL,16/1/2026,0.0,0.0,0.0,0.0,0.0,0.0,0.0,0.0,0.0,0
5225.KL,16/10/2020,0.0,0.0,0.0,0.0,0.0,0.0,0.0,0.0,0.0,0
5225.KL,16/10/2021,-0.011859,0.020841,0.946459,0.0327,0.0,1.0,0.0,0.011859,0.946459,1
5225.KL,16/10/2022,0.0,0.0,0.0,0.0,0.0,0.0,0.0,0.0,0.0,0
5225.KL,16/10/2023,0.0,0.0,0.0,0.0,0.0,0.0,0.0,0.0,0.0,0
5225.KL,16/10/2024,0.0,0.0,0.0,0.0,0.0,0.0,0.0,0.0,0.0,0
5225.KL,16/10/2025,0.0,0.0,0.0,0.0,0.0,0.0,0.0,0.0,0.0,0
5225.KL,16/11/2020,0.0,0.0,0.0,0.0,0.0,0.0,0.0,0.0,0.0,0
5225.KL,16/11/2021,0.0,0.0,0.0,0.0,0.0,0.0,0.0,0.0,0.0,0
5225.KL,16/11/2022,0.0,0.0,0.0,0.0,0.0,0.0,0.0,0.0,0.0,0
5225.KL,16/11/2023,0.0,0.0,0.0,0.0,0.0,0.0,0.0,0.0,0.0,0
5225.KL,16/11/2024,0.131346,0.145914,0.839518,0.014568,1.0,0.0,0.0,0.131346,0.839518,1
5225.KL,16/11/2025,0.0,0.0,0.0,0.0,0.0,0.0,0.0,0.0,0.0,0
5225.KL,16/12/2020,0.0,0.0,0.0,0.0,0.0,0.0,0.0,0.0,0.0,0
5225.KL,16/12/2021,0.685442,0.824131,0.03718,0.138689,1.0,0.0,0.0,0.685442,0.824131,1
5225.KL,16/12/2022,0.0,0.0,0.0,0.0,0.0,0.0,0.0,0.0,0.0,0
5225.KL,16/12/2023,0.0,0.0,0.0,0.0,0.0,0.0,0.0,0.0,0.0,0
5225.KL,16/12/2024,0.0,0.0,0.0,0.0,0.0,0.0,0.0,0.0,0.0,0
5225.KL,16/12/2025,0.899029,0.931039,0.036951,0.03201,1.0,0.0,0.0,0.899029,0.931039,2
5225.KL,16/2/2020,0.0,0.0,0.0,0.0,0.0,0.0,0.0,0.0,0.0,0
5225.KL,16/2/2021,0.0,0.0,0.0,0.0,0.0,0.0,0.0,0.0,0.0,0
5225.KL,16/2/2022,0.0,0.0,0.0,0.0,0.0,0.0,0.0,0.0,0.0,0
5225.KL,16/2/2023,0.0,0.0,0.0,0.0,0.0,0.0,0.0,0.0,0.0,0
5225.KL,16/2/2024,0.0,0.0,0.0,0.0,0.0,0.0,0.0,0.0,0.0,0
5225.KL,16/2/2025,0.0,0.0,0.0,0.0,0.0,0.0,0.0,0.0,0.0,0
5225.KL,16/2/2026,-0.924221,0.014623,0.046532,0.938844,0.0,0.0,1.0,0.924221,0.938844,1
5225.KL,16/3/2020,0.0,0.0,0.0,0.0,0.0,0.0,0.0,0.0,0.0,0
5225.KL,16/3/2021,0.0,0.0,0.0,0.0,0.0,0.0,0.0,0.0,0.0,0
5225.KL,16/3/2022,0.0,0.0,0.0,0.0,0.0,0.0,0.0,0.0,0.0,0
5225.KL,16/3/2023,0.0,0.0,0.0,0.0,0.0,0.0,0.0,0.0,0.0,0
5225.KL,16/3/2024,0.0,0.0,0.0,0.0,0.0,0.0,0.0,0.0,0.0,0
5225.KL,16/3/2025,0.0,0.0,0.0,0.0,0.0,0.0,0.0,0.0,0.0,0
5225.KL,16/3/2026,-0.764839,0.091628,0.051905,0.856467,0.0,0.0,1.0,0.764839,0.856467,1
5225.KL,16/4/2020,0.890627,0.924768,0.041091,0.034141,1.0,0.0,0.0,0.890627,0.924768,1
5225.KL,16/4/2021,-0.039609,0.020301,0.919788,0.05991,0.0,1.0,0.0,0.039609,0.919788,2
5225.KL,16/4/2022,-0.949751,0.015254,0.019741,0.965005,0.0,0.0,1.0,0.949751,0.965005,1
5225.KL,16/4/2023,0.0,0.0,0.0,0.0,0.0,0.0,0.0,0.0,0.0,0
5225.KL,16/4/2024,0.0,0.0,0.0,0.0,0.0,0.0,0.0,0.0,0.0,0
5225.KL,16/4/2025,0.0,0.0,0.0,0.0,0.0,0.0,0.0,0.0,0.0,0
5225.KL,16/5/2020,0.019683,0.037737,0.944208,0.018054,0.0,1.0,0.0,0.019683,0.944208,1
5225.KL,16/5/2021,0.0,0.0,0.0,0.0,0.0,0.0,0.0,0.0,0.0,0
5225.KL,16/5/2022,0.0,0.0,0.0,0.0,0.0,0.0,0.0,0.0,0.0,0
5225.KL,16/5/2023,0.0,0.0,0.0,0.0,0.0,0.0,0.0,0.0,0.0,0
5225.KL,16/5/2024,0.0,0.0,0.0,0.0,0.0,0.0,0.0,0.0,0.0,0
5225.KL,16/5/2025,-0.355172,0.293551,0.057726,0.648723,0.0,0.0,1.0,0.355172,0.648723,1
5225.KL,16/6/2020,0.0,0.0,0.0,0.0,0.0,0.0,0.0,0.0,0.0,0
5225.KL,16/6/2021,0.049844,0.065003,0.919837,0.015159,0.0,1.0,0.0,0.049844,0.919837,1
5225.KL,16/6/2022,-0.934274,0.013816,0.038095,0.948089,0.0,0.0,1.0,0.934274,0.948089,1
5225.KL,16/6/2023,0.0,0.0,0.0,0.0,0.0,0.0,0.0,0.0,0.0,0
5225.KL,16/6/2024,0.0,0.0,0.0,0.0,0.0,0.0,0.0,0.0,0.0,0
5225.KL,16/6/2025,0.0,0.0,0.0,0.0,0.0,0.0,0.0,0.0,0.0,0
5225.KL,16/7/2020,0.0,0.0,0.0,0.0,0.0,0.0,0.0,0.0,0.0,0
5225.KL,16/7/2021,0.929511,0.951585,0.026341,0.022074,1.0,0.0,0.0,0.929511,0.951585,1
5225.KL,16/7/2022,0.001191,0.031666,0.937859,0.030475,0.0,1.0,0.0,0.001191,0.937859,1
5225.KL,16/7/2023,0.0,0.0,0.0,0.0,0.0,0.0,0.0,0.0,0.0,0
5225.KL,16/7/2024,0.0,0.0,0.0,0.0,0.0,0.0,0.0,0.0,0.0,0
5225.KL,16/7/2025,-0.077371,0.346225,0.230178,0.423596,0.0,1.0,0.0,0.077371,0.423596,1
5225.KL,16/8/2020,0.0,0.0,0.0,0.0,0.0,0.0,0.0,0.0,0.0,0
5225.KL,16/8/2021,0.0,0.0,0.0,0.0,0.0,0.0,0.0,0.0,0.0,0
5225.KL,16/8/2022,0.003586,0.039998,0.92359,0.036412,0.0,1.0,0.0,0.003586,0.92359,1
5225.KL,16/8/2023,0.90866,0.936968,0.034724,0.028308,1.0,0.0,0.0,0.90866,0.936968,1
5225.KL,16/8/2024,0.0,0.0,0.0,0.0,0.0,0.0,0.0,0.0,0.0,0
5225.KL,16/8/2025,-0.013808,0.412024,0.162144,0.425832,0.0,1.0,0.0,0.013808,0.425832,1
5225.KL,16/9/2020,0.0,0.0,0.0,0.0,0.0,0.0,0.0,0.0,0.0,0
5225.KL,16/9/2021,0.0,0.0,0.0,0.0,0.0,0.0,0.0,0.0,0.0,0
5225.KL,16/9/2022,-0.95425,0.013803,0.018144,0.968053,0.0,0.0,1.0,0.95425,0.968053,1
5225.KL,16/9/2023,0.0,0.0,0.0,0.0,0.0,0.0,0.0,0.0,0.0,0
5225.KL,16/9/2024,0.0,0.0,0.0,0.0,0.0,0.0,0.0,0.0,0.0,0
5225.KL,16/9/2025,0.0,0.0,0.0,0.0,0.0,0.0,0.0,0.0,0.0,0
5225.KL,17/1/2020,0.0,0.0,0.0,0.0,0.0,0.0,0.0,0.0,0.0,0
5225.KL,17/1/2021,0.0,0.0,0.0,0.0,0.0,0.0,0.0,0.0,0.0,0
5225.KL,17/1/2022,0.0,0.0,0.0,0.0,0.0,0.0,0.0,0.0,0.0,0
5225.KL,17/1/2023,0.0,0.0,0.0,0.0,0.0,0.0,0.0,0.0,0.0,0
5225.KL,17/1/2024,0.0,0.0,0.0,0.0,0.0,0.0,0.0,0.0,0.0,0
5225.KL,17/1/2025,0.0,0.0,0.0,0.0,0.0,0.0,0.0,0.0,0.0,0
5225.KL,17/1/2026,0.0,0.0,0.0,0.0,0.0,0.0,0.0,0.0,0.0,0
5225.KL,17/10/2020,0.0,0.0,0.0,0.0,0.0,0.0,0.0,0.0,0.0,0
5225.KL,17/10/2021,0.0,0.0,0.0,0.0,0.0,0.0,0.0,0.0,0.0,0
5225.KL,17/10/2022,0.0,0.0,0.0,0.0,0.0,0.0,0.0,0.0,0.0,0
5225.KL,17/10/2023,0.0,0.0,0.0,0.0,0.0,0.0,0.0,0.0,0.0,0
5225.KL,17/10/2024,0.0,0.0,0.0,0.0,0.0,0.0,0.0,0.0,0.0,0
5225.KL,17/10/2025,-0.923616,0.027946,0.020491,0.951562,0.0,0.0,1.0,0.923616,0.951562,1
5225.KL,17/11/2020,0.0,0.0,0.0,0.0,0.0,0.0,0.0,0.0,0.0,0
5225.KL,17/11/2021,0.0,0.0,0.0,0.0,0.0,0.0,0.0,0.0,0.0,0
5225.KL,17/11/2022,0.0,0.0,0.0,0.0,0.0,0.0,0.0,0.0,0.0,0
5225.KL,17/11/2023,-0.914471,0.020459,0.044611,0.93493,0.0,0.0,1.0,0.914471,0.93493,1
5225.KL,17/11/2024,0.0,0.0,0.0,0.0,0.0,0.0,0.0,0.0,0.0,0
5225.KL,17/11/2025,0.0,0.0,0.0,0.0,0.0,0.0,0.0,0.0,0.0,0
5225.KL,17/12/2020,0.0,0.0,0.0,0.0,0.0,0.0,0.0,0.0,0.0,0
5225.KL,17/12/2021,0.0,0.0,0.0,0.0,0.0,0.0,0.0,0.0,0.0,0
5225.KL,17/12/2022,0.0,0.0,0.0,0.0,0.0,0.0,0.0,0.0,0.0,0
5225.KL,17/12/2023,0.0,0.0,0.0,0.0,0.0,0.0,0.0,0.0,0.0,0
5225.KL,17/12/2024,0.0,0.0,0.0,0.0,0.0,0.0,0.0,0.0,0.0,0
5225.KL,17/12/2025,0.864556,0.907203,0.050151,0.042647,1.0,0.0,0.0,0.864556,0.907203,1
5225.KL,17/2/2020,0.0,0.0,0.0,0.0,0.0,0.0,0.0,0.0,0.0,0
5225.KL,17/2/2021,0.0,0.0,0.0,0.0,0.0,0.0,0.0,0.0,0.0,0
5225.KL,17/2/2022,0.0,0.0,0.0,0.0,0.0,0.0,0.0,0.0,0.0,0
5225.KL,17/2/2023,0.0,0.0,0.0,0.0,0.0,0.0,0.0,0.0,0.0,0
5225.KL,17/2/2024,0.0,0.0,0.0,0.0,0.0,0.0,0.0,0.0,0.0,0
5225.KL,17/2/2025,0.057502,0.072582,0.912337,0.01508,0.0,1.0,0.0,0.057502,0.912337,1
5225.KL,17/2/2026,0.626099,0.797114,0.031871,0.171015,1.0,0.0,0.0,0.626099,0.797114,1
5225.KL,17/3/2020,-0.844697,0.014732,0.125839,0.859429,0.0,0.0,1.0,0.844697,0.859429,1
5225.KL,17/3/2021,0.118197,0.182095,0.754008,0.063898,1.0,0.0,0.0,0.118197,0.754008,1
5225.KL,17/3/2022,0.0,0.0,0.0,0.0,0.0,0.0,0.0,0.0,0.0,0
5225.KL,17/3/2023,0.0,0.0,0.0,0.0,0.0,0.0,0.0,0.0,0.0,0
5225.KL,17/3/2024,0.0,0.0,0.0,0.0,0.0,0.0,0.0,0.0,0.0,0
5225.KL,17/3/2025,0.0,0.0,0.0,0.0,0.0,0.0,0.0,0.0,0.0,0
5225.KL,17/3/2026,0.0,0.0,0.0,0.0,0.0,0.0,0.0,0.0,0.0,0
5225.KL,17/4/2020,0.0,0.0,0.0,0.0,0.0,0.0,0.0,0.0,0.0,0
5225.KL,17/4/2021,-0.104651,0.017766,0.859818,0.122417,0.0,0.0,1.0,0.104651,0.859818,1
5225.KL,17/4/2022,0.0,0.0,0.0,0.0,0.0,0.0,0.0,0.0,0.0,0
5225.KL,17/4/2023,0.0,0.0,0.0,0.0,0.0,0.0,0.0,0.0,0.0,0
5225.KL,17/4/2024,0.676782,0.68669,0.303402,0.009909,1.0,0.0,0.0,0.676782,0.68669,1
5225.KL,17/4/2025,-0.02434,0.468492,0.038676,0.492832,0.5,0.0,0.5,0.931273,0.946299,2
5225.KL,17/5/2020,0.0,0.0,0.0,0.0,0.0,0.0,0.0,0.0,0.0,0
5225.KL,17/5/2021,-0.965355,0.008661,0.017323,0.974016,0.0,0.0,1.0,0.965355,0.974016,1
5225.KL,17/5/2022,0.0,0.0,0.0,0.0,0.0,0.0,0.0,0.0,0.0,0
5225.KL,17/5/2023,0.0,0.0,0.0,0.0,0.0,0.0,0.0,0.0,0.0,0
5225.KL,17/5/2024,0.0,0.0,0.0,0.0,0.0,0.0,0.0,0.0,0.0,0
5225.KL,17/5/2025,0.334351,0.432585,0.469181,0.098234,0.5,0.5,0.0,0.334351,0.843577,2
5225.KL,17/6/2020,0.0,0.0,0.0,0.0,0.0,0.0,0.0,0.0,0.0,0
5225.KL,17/6/2021,-0.944424,0.016185,0.023206,0.960609,0.0,0.0,1.0,0.944424,0.960609,1
5225.KL,17/6/2022,0.0,0.0,0.0,0.0,0.0,0.0,0.0,0.0,0.0,0
5225.KL,17/6/2023,0.87805,0.917696,0.042658,0.039646,1.0,0.0,0.0,0.87805,0.917696,1
5225.KL,17/6/2024,0.0,0.0,0.0,0.0,0.0,0.0,0.0,0.0,0.0,0
5225.KL,17/6/2025,0.0,0.0,0.0,0.0,0.0,0.0,0.0,0.0,0.0,0
5225.KL,17/7/2020,0.0,0.0,0.0,0.0,0.0,0.0,0.0,0.0,0.0,0
5225.KL,17/7/2021,0.0,0.0,0.0,0.0,0.0,0.0,0.0,0.0,0.0,0
5225.KL,17/7/2022,0.0,0.0,0.0,0.0,0.0,0.0,0.0,0.0,0.0,0
5225.KL,17/7/2023,0.0,0.0,0.0,0.0,0.0,0.0,0.0,0.0,0.0,0
5225.KL,17/7/2024,0.0,0.0,0.0,0.0,0.0,0.0,0.0,0.0,0.0,0
5225.KL,17/7/2025,0.908004,0.931564,0.044876,0.02356,1.0,0.0,0.0,0.908004,0.931564,1
5225.KL,17/8/2020,0.0,0.0,0.0,0.0,0.0,0.0,0.0,0.0,0.0,0
5225.KL,17/8/2021,0.928111,0.944361,0.039389,0.01625,1.0,0.0,0.0,0.928111,0.944361,1
5225.KL,17/8/2022,0.0,0.0,0.0,0.0,0.0,0.0,0.0,0.0,0.0,0
5225.KL,17/8/2023,0.0,0.0,0.0,0.0,0.0,0.0,0.0,0.0,0.0,0
5225.KL,17/8/2024,0.0,0.0,0.0,0.0,0.0,0.0,0.0,0.0,0.0,0
5225.KL,17/8/2025,0.0,0.0,0.0,0.0,0.0,0.0,0.0,0.0,0.0,0
5225.KL,17/9/2020,0.0,0.0,0.0,0.0,0.0,0.0,0.0,0.0,0.0,0
5225.KL,17/9/2021,0.0,0.0,0.0,0.0,0.0,0.0,0.0,0.0,0.0,0
5225.KL,17/9/2022,0.0,0.0,0.0,0.0,0.0,0.0,0.0,0.0,0.0,0
5225.KL,17/9/2023,0.0,0.0,0.0,0.0,0.0,0.0,0.0,0.0,0.0,0
5225.KL,17/9/2024,0.008832,0.059299,0.890234,0.050467,0.0,1.0,0.0,0.008832,0.890234,1
5225.KL,17/9/2025,0.874323,0.911103,0.052117,0.03678,1.0,0.0,0.0,0.874323,0.911103,1
5225.KL,18/1/2020,0.0,0.0,0.0,0.0,0.0,0.0,0.0,0.0,0.0,0
5225.KL,18/1/2021,0.0,0.0,0.0,0.0,0.0,0.0,0.0,0.0,0.0,0
5225.KL,18/1/2022,0.0,0.0,0.0,0.0,0.0,0.0,0.0,0.0,0.0,0
5225.KL,18/1/2023,0.0,0.0,0.0,0.0,0.0,0.0,0.0,0.0,0.0,0
5225.KL,18/1/2024,0.0,0.0,0.0,0.0,0.0,0.0,0.0,0.0,0.0,0
5225.KL,18/1/2025,0.0,0.0,0.0,0.0,0.0,0.0,0.0,0.0,0.0,0
5225.KL,18/1/2026,0.0,0.0,0.0,0.0,0.0,0.0,0.0,0.0,0.0,0
5225.KL,18/10/2020,0.0,0.0,0.0,0.0,0.0,0.0,0.0,0.0,0.0,0
5225.KL,18/10/2021,0.0,0.0,0.0,0.0,0.0,0.0,0.0,0.0,0.0,0
5225.KL,18/10/2022,0.0,0.0,0.0,0.0,0.0,0.0,0.0,0.0,0.0,0
5225.KL,18/10/2023,0.854885,0.866271,0.122343,0.011386,1.0,0.0,0.0,0.854885,0.866271,1
5225.KL,18/10/2024,0.0,0.0,0.0,0.0,0.0,0.0,0.0,0.0,0.0,0
5225.KL,18/10/2025,0.069674,0.130712,0.808249,0.061039,0.0,1.0,0.0,0.069674,0.808249,1
5225.KL,18/11/2020,0.0,0.0,0.0,0.0,0.0,0.0,0.0,0.0,0.0,0
5225.KL,18/11/2021,0.300903,0.434249,0.432405,0.133346,1.0,0.0,0.0,0.300903,0.434249,1
5225.KL,18/11/2022,-0.904397,0.027642,0.040318,0.932039,0.0,0.0,1.0,0.904397,0.932039,1
5225.KL,18/11/2023,-0.919097,0.026053,0.028797,0.94515,0.0,0.0,1.0,0.919097,0.94515,1
5225.KL,18/11/2024,0.0,0.0,0.0,0.0,0.0,0.0,0.0,0.0,0.0,0
5225.KL,18/11/2025,0.0,0.0,0.0,0.0,0.0,0.0,0.0,0.0,0.0,0
5225.KL,18/12/2020,0.0,0.0,0.0,0.0,0.0,0.0,0.0,0.0,0.0,0
5225.KL,18/12/2021,0.0,0.0,0.0,0.0,0.0,0.0,0.0,0.0,0.0,0
5225.KL,18/12/2022,0.0,0.0,0.0,0.0,0.0,0.0,0.0,0.0,0.0,0
5225.KL,18/12/2023,0.0,0.0,0.0,0.0,0.0,0.0,0.0,0.0,0.0,0
5225.KL,18/12/2024,0.811584,0.823727,0.164129,0.012143,1.0,0.0,0.0,0.811584,0.823727,1
5225.KL,18/12/2025,-0.900599,0.035989,0.027424,0.936588,0.0,0.0,1.0,0.900599,0.936588,3
5225.KL,18/2/2020,0.0,0.0,0.0,0.0,0.0,0.0,0.0,0.0,0.0,0
5225.KL,18/2/2021,0.0,0.0,0.0,0.0,0.0,0.0,0.0,0.0,0.0,0
5225.KL,18/2/2022,0.0,0.0,0.0,0.0,0.0,0.0,0.0,0.0,0.0,0
5225.KL,18/2/2023,0.0,0.0,0.0,0.0,0.0,0.0,0.0,0.0,0.0,0
5225.KL,18/2/2024,0.0,0.0,0.0,0.0,0.0,0.0,0.0,0.0,0.0,0
5225.KL,18/2/2025,0.0,0.0,0.0,0.0,0.0,0.0,0.0,0.0,0.0,0
5225.KL,18/2/2026,0.0,0.0,0.0,0.0,0.0,0.0,0.0,0.0,0.0,0
5225.KL,18/3/2020,0.0,0.0,0.0,0.0,0.0,0.0,0.0,0.0,0.0,0
5225.KL,18/3/2021,0.0,0.0,0.0,0.0,0.0,0.0,0.0,0.0,0.0,0
5225.KL,18/3/2022,0.0,0.0,0.0,0.0,0.0,0.0,0.0,0.0,0.0,0
5225.KL,18/3/2023,0.0,0.0,0.0,0.0,0.0,0.0,0.0,0.0,0.0,0
5225.KL,18/3/2024,0.0,0.0,0.0,0.0,0.0,0.0,0.0,0.0,0.0,0
5225.KL,18/3/2025,0.901744,0.931574,0.038596,0.02983,1.0,0.0,0.0,0.901744,0.931574,1
5225.KL,18/3/2026,0.822442,0.875352,0.071738,0.05291,1.0,0.0,0.0,0.822442,0.875352,3
5225.KL,18/4/2020,0.0,0.0,0.0,0.0,0.0,0.0,0.0,0.0,0.0,0
5225.KL,18/4/2021,0.0,0.0,0.0,0.0,0.0,0.0,0.0,0.0,0.0,0
5225.KL,18/4/2022,0.0,0.0,0.0,0.0,0.0,0.0,0.0,0.0,0.0,0
5225.KL,18/4/2023,0.0,0.0,0.0,0.0,0.0,0.0,0.0,0.0,0.0,0
5225.KL,18/4/2024,0.0,0.0,0.0,0.0,0.0,0.0,0.0,0.0,0.0,0
5225.KL,18/4/2025,0.897324,0.931964,0.033396,0.03464,1.0,0.0,0.0,0.897324,0.931964,1
5225.KL,18/5/2020,0.84207,0.891433,0.059204,0.049363,1.0,0.0,0.0,0.84207,0.891433,2
5225.KL,18/5/2021,0.0,0.0,0.0,0.0,0.0,0.0,0.0,0.0,0.0,0
5225.KL,18/5/2022,0.916919,0.946636,0.023646,0.029717,1.0,0.0,0.0,0.916919,0.946636,1
5225.KL,18/5/2023,0.0,0.0,0.0,0.0,0.0,0.0,0.0,0.0,0.0,0
5225.KL,18/5/2024,0.0,0.0,0.0,0.0,0.0,0.0,0.0,0.0,0.0,0
5225.KL,18/5/2025,0.0,0.0,0.0,0.0,0.0,0.0,0.0,0.0,0.0,0
5225.KL,18/6/2020,0.0,0.0,0.0,0.0,0.0,0.0,0.0,0.0,0.0,0
5225.KL,18/6/2021,0.0,0.0,0.0,0.0,0.0,0.0,0.0,0.0,0.0,0
5225.KL,18/6/2022,0.0,0.0,0.0,0.0,0.0,0.0,0.0,0.0,0.0,0
5225.KL,18/6/2023,0.0,0.0,0.0,0.0,0.0,0.0,0.0,0.0,0.0,0
5225.KL,18/6/2024,0.0,0.0,0.0,0.0,0.0,0.0,0.0,0.0,0.0,0
5225.KL,18/6/2025,0.093538,0.105873,0.881793,0.012335,0.0,1.0,0.0,0.093538,0.881793,1
5225.KL,18/7/2020,0.0,0.0,0.0,0.0,0.0,0.0,0.0,0.0,0.0,0
5225.KL,18/7/2021,0.0,0.0,0.0,0.0,0.0,0.0,0.0,0.0,0.0,0
5225.KL,18/7/2022,0.0,0.0,0.0,0.0,0.0,0.0,0.0,0.0,0.0,0
5225.KL,18/7/2023,0.0,0.0,0.0,0.0,0.0,0.0,0.0,0.0,0.0,0
5225.KL,18/7/2024,0.0,0.0,0.0,0.0,0.0,0.0,0.0,0.0,0.0,0
5225.KL,18/7/2025,0.0,0.0,0.0,0.0,0.0,0.0,0.0,0.0,0.0,0
5225.KL,18/8/2020,0.0,0.0,0.0,0.0,0.0,0.0,0.0,0.0,0.0,0
5225.KL,18/8/2021,0.0,0.0,0.0,0.0,0.0,0.0,0.0,0.0,0.0,0
5225.KL,18/8/2022,0.0,0.0,0.0,0.0,0.0,0.0,0.0,0.0,0.0,0
5225.KL,18/8/2023,0.0,0.0,0.0,0.0,0.0,0.0,0.0,0.0,0.0,0
5225.KL,18/8/2024,0.0,0.0,0.0,0.0,0.0,0.0,0.0,0.0,0.0,0
5225.KL,18/8/2025,0.0,0.0,0.0,0.0,0.0,0.0,0.0,0.0,0.0,0
5225.KL,18/9/2020,-0.634498,0.126567,0.112367,0.761066,0.0,0.0,1.0,0.634498,0.761066,1
5225.KL,18/9/2021,0.0,0.0,0.0,0.0,0.0,0.0,0.0,0.0,0.0,0
5225.KL,18/9/2022,0.0,0.0,0.0,0.0,0.0,0.0,0.0,0.0,0.0,0
5225.KL,18/9/2023,0.0,0.0,0.0,0.0,0.0,0.0,0.0,0.0,0.0,0
5225.KL,18/9/2024,0.0,0.0,0.0,0.0,0.0,0.0,0.0,0.0,0.0,0
5225.KL,18/9/2025,0.0,0.0,0.0,0.0,0.0,0.0,0.0,0.0,0.0,0
5225.KL,19/1/2020,0.0,0.0,0.0,0.0,0.0,0.0,0.0,0.0,0.0,0
5225.KL,19/1/2021,0.0,0.0,0.0,0.0,0.0,0.0,0.0,0.0,0.0,0
5225.KL,19/1/2022,0.0,0.0,0.0,0.0,0.0,0.0,0.0,0.0,0.0,0
5225.KL,19/1/2023,0.0,0.0,0.0,0.0,0.0,0.0,0.0,0.0,0.0,0
5225.KL,19/1/2024,0.0,0.0,0.0,0.0,0.0,0.0,0.0,0.0,0.0,0
5225.KL,19/1/2025,0.0,0.0,0.0,0.0,0.0,0.0,0.0,0.0,0.0,0
5225.KL,19/1/2026,0.0,0.0,0.0,0.0,0.0,0.0,0.0,0.0,0.0,0
5225.KL,19/10/2020,0.0,0.0,0.0,0.0,0.0,0.0,0.0,0.0,0.0,0
5225.KL,19/10/2021,0.0,0.0,0.0,0.0,0.0,0.0,0.0,0.0,0.0,0
5225.KL,19/10/2022,0.0,0.0,0.0,0.0,0.0,0.0,0.0,0.0,0.0,0
5225.KL,19/10/2023,0.0,0.0,0.0,0.0,0.0,0.0,0.0,0.0,0.0,0
5225.KL,19/10/2024,0.0,0.0,0.0,0.0,0.0,0.0,0.0,0.0,0.0,0
5225.KL,19/10/2025,0.0,0.0,0.0,0.0,0.0,0.0,0.0,0.0,0.0,0
5225.KL,19/11/2020,0.0,0.0,0.0,0.0,0.0,0.0,0.0,0.0,0.0,0
5225.KL,19/11/2021,0.0,0.0,0.0,0.0,0.0,0.0,0.0,0.0,0.0,0
5225.KL,19/11/2022,0.0,0.0,0.0,0.0,0.0,0.0,0.0,0.0,0.0,0
5225.KL,19/11/2023,0.0,0.0,0.0,0.0,0.0,0.0,0.0,0.0,0.0,0
5225.KL,19/11/2024,0.0,0.0,0.0,0.0,0.0,0.0,0.0,0.0,0.0,0
5225.KL,19/11/2025,0.0,0.0,0.0,0.0,0.0,0.0,0.0,0.0,0.0,0
5225.KL,19/12/2020,0.0,0.0,0.0,0.0,0.0,0.0,0.0,0.0,0.0,0
5225.KL,19/12/2021,0.0,0.0,0.0,0.0,0.0,0.0,0.0,0.0,0.0,0
5225.KL,19/12/2022,0.0,0.0,0.0,0.0,0.0,0.0,0.0,0.0,0.0,0
5225.KL,19/12/2023,-0.952272,0.010548,0.026632,0.96282,0.0,0.0,1.0,0.952272,0.96282,1
5225.KL,19/12/2024,0.0,0.0,0.0,0.0,0.0,0.0,0.0,0.0,0.0,0
5225.KL,19/12/2025,0.0,0.0,0.0,0.0,0.0,0.0,0.0,0.0,0.0,0
5225.KL,19/2/2020,0.0,0.0,0.0,0.0,0.0,0.0,0.0,0.0,0.0,0
5225.KL,19/2/2021,0.0,0.0,0.0,0.0,0.0,0.0,0.0,0.0,0.0,0
5225.KL,19/2/2022,0.0,0.0,0.0,0.0,0.0,0.0,0.0,0.0,0.0,0
5225.KL,19/2/2023,0.0,0.0,0.0,0.0,0.0,0.0,0.0,0.0,0.0,0
5225.KL,19/2/2024,0.0,0.0,0.0,0.0,0.0,0.0,0.0,0.0,0.0,0
5225.KL,19/2/2025,0.0,0.0,0.0,0.0,0.0,0.0,0.0,0.0,0.0,0
5225.KL,19/2/2026,0.894389,0.91246,0.069468,0.018072,1.0,0.0,0.0,0.894389,0.91246,1
5225.KL,19/3/2020,0.0,0.0,0.0,0.0,0.0,0.0,0.0,0.0,0.0,0
5225.KL,19/3/2021,0.0,0.0,0.0,0.0,0.0,0.0,0.0,0.0,0.0,0
5225.KL,19/3/2022,0.0,0.0,0.0,0.0,0.0,0.0,0.0,0.0,0.0,0
5225.KL,19/3/2023,0.0,0.0,0.0,0.0,0.0,0.0,0.0,0.0,0.0,0
5225.KL,19/3/2024,0.0,0.0,0.0,0.0,0.0,0.0,0.0,0.0,0.0,0
5225.KL,19/3/2025,0.0,0.0,0.0,0.0,0.0,0.0,0.0,0.0,0.0,0
5225.KL,19/3/2026,0.885306,0.924684,0.035937,0.039378,1.0,0.0,0.0,0.885306,0.924684,1
5225.KL,19/4/2020,0.0,0.0,0.0,0.0,0.0,0.0,0.0,0.0,0.0,0
5225.KL,19/4/2021,0.0,0.0,0.0,0.0,0.0,0.0,0.0,0.0,0.0,0
5225.KL,19/4/2022,0.0,0.0,0.0,0.0,0.0,0.0,0.0,0.0,0.0,0
5225.KL,19/4/2023,0.0,0.0,0.0,0.0,0.0,0.0,0.0,0.0,0.0,0
5225.KL,19/4/2024,0.0,0.0,0.0,0.0,0.0,0.0,0.0,0.0,0.0,0
5225.KL,19/4/2025,-0.185821,0.374132,0.065915,0.559953,0.0,0.0,1.0,0.185821,0.559953,1
5225.KL,19/5/2020,0.0,0.0,0.0,0.0,0.0,0.0,0.0,0.0,0.0,0
5225.KL,19/5/2021,0.0,0.0,0.0,0.0,0.0,0.0,0.0,0.0,0.0,0
5225.KL,19/5/2022,0.0,0.0,0.0,0.0,0.0,0.0,0.0,0.0,0.0,0
5225.KL,19/5/2023,0.0,0.0,0.0,0.0,0.0,0.0,0.0,0.0,0.0,0
5225.KL,19/5/2024,0.0,0.0,0.0,0.0,0.0,0.0,0.0,0.0,0.0,0
5225.KL,19/5/2025,0.0,0.0,0.0,0.0,0.0,0.0,0.0,0.0,0.0,0
5225.KL,19/6/2020,0.0,0.0,0.0,0.0,0.0,0.0,0.0,0.0,0.0,0
5225.KL,19/6/2021,0.0,0.0,0.0,0.0,0.0,0.0,0.0,0.0,0.0,0
5225.KL,19/6/2022,0.0,0.0,0.0,0.0,0.0,0.0,0.0,0.0,0.0,0
5225.KL,19/6/2023,0.0,0.0,0.0,0.0,0.0,0.0,0.0,0.0,0.0,0
5225.KL,19/6/2024,0.0,0.0,0.0,0.0,0.0,0.0,0.0,0.0,0.0,0
5225.KL,19/6/2025,0.0,0.0,0.0,0.0,0.0,0.0,0.0,0.0,0.0,0
5225.KL,19/7/2020,0.0,0.0,0.0,0.0,0.0,0.0,0.0,0.0,0.0,0
5225.KL,19/7/2021,0.0,0.0,0.0,0.0,0.0,0.0,0.0,0.0,0.0,0
5225.KL,19/7/2022,0.0,0.0,0.0,0.0,0.0,0.0,0.0,0.0,0.0,0
5225.KL,19/7/2023,-0.945868,0.012985,0.028162,0.958853,0.0,0.0,1.0,0.945868,0.958853,1
5225.KL,19/7/2024,-0.64353,0.165904,0.024662,0.809434,0.0,0.0,1.0,0.64353,0.809434,1
5225.KL,19/7/2025,0.0,0.0,0.0,0.0,0.0,0.0,0.0,0.0,0.0,0
5225.KL,19/8/2020,0.0,0.0,0.0,0.0,0.0,0.0,0.0,0.0,0.0,0
5225.KL,19/8/2021,0.0,0.0,0.0,0.0,0.0,0.0,0.0,0.0,0.0,0
5225.KL,19/8/2022,0.0,0.0,0.0,0.0,0.0,0.0,0.0,0.0,0.0,0
5225.KL,19/8/2023,0.0,0.0,0.0,0.0,0.0,0.0,0.0,0.0,0.0,0
5225.KL,19/8/2024,0.0,0.0,0.0,0.0,0.0,0.0,0.0,0.0,0.0,0
5225.KL,19/8/2025,0.0,0.0,0.0,0.0,0.0,0.0,0.0,0.0,0.0,0
5225.KL,19/9/2020,0.0,0.0,0.0,0.0,0.0,0.0,0.0,0.0,0.0,0
5225.KL,19/9/2021,0.0,0.0,0.0,0.0,0.0,0.0,0.0,0.0,0.0,0
5225.KL,19/9/2022,-0.937162,0.014207,0.034425,0.951368,0.0,0.0,1.0,0.937162,0.951368,2
5225.KL,19/9/2023,0.0,0.0,0.0,0.0,0.0,0.0,0.0,0.0,0.0,0
5225.KL,19/9/2024,-0.824741,0.075234,0.02479,0.899976,0.0,0.0,1.0,0.824741,0.899976,1
5225.KL,19/9/2025,0.0,0.0,0.0,0.0,0.0,0.0,0.0,0.0,0.0,0
5225.KL,2/1/2020,0.0,0.0,0.0,0.0,0.0,0.0,0.0,0.0,0.0,0
5225.KL,2/1/2021,0.0,0.0,0.0,0.0,0.0,0.0,0.0,0.0,0.0,0
5225.KL,2/1/2022,0.0,0.0,0.0,0.0,0.0,0.0,0.0,0.0,0.0,0
5225.KL,2/1/2023,0.0,0.0,0.0,0.0,0.0,0.0,0.0,0.0,0.0,0
5225.KL,2/1/2024,0.0,0.0,0.0,0.0,0.0,0.0,0.0,0.0,0.0,0
5225.KL,2/1/2025,0.0,0.0,0.0,0.0,0.0,0.0,0.0,0.0,0.0,0
5225.KL,2/1/2026,0.0,0.0,0.0,0.0,0.0,0.0,0.0,0.0,0.0,0
5225.KL,2/10/2020,0.0,0.0,0.0,0.0,0.0,0.0,0.0,0.0,0.0,0
5225.KL,2/10/2021,-0.823045,0.021988,0.132978,0.845033,0.0,0.0,1.0,0.823045,0.845033,1
5225.KL,2/10/2022,0.0,0.0,0.0,0.0,0.0,0.0,0.0,0.0,0.0,0
5225.KL,2/10/2023,-0.692772,0.03721,0.232807,0.729983,0.0,0.0,1.0,0.692772,0.729983,1
5225.KL,2/10/2024,0.0,0.0,0.0,0.0,0.0,0.0,0.0,0.0,0.0,0
5225.KL,2/10/2025,0.552057,0.718583,0.114891,0.166526,1.0,0.0,0.0,0.552057,0.718583,2
5225.KL,2/11/2020,0.0,0.0,0.0,0.0,0.0,0.0,0.0,0.0,0.0,0
5225.KL,2/11/2021,-0.331438,0.134352,0.399858,0.46579,0.0,0.0,1.0,0.331438,0.46579,1
5225.KL,2/11/2022,0.0,0.0,0.0,0.0,0.0,0.0,0.0,0.0,0.0,0
5225.KL,2/11/2023,0.0,0.0,0.0,0.0,0.0,0.0,0.0,0.0,0.0,0
5225.KL,2/11/2024,0.0,0.0,0.0,0.0,0.0,0.0,0.0,0.0,0.0,0
5225.KL,2/11/2025,0.0,0.0,0.0,0.0,0.0,0.0,0.0,0.0,0.0,0
5225.KL,2/12/2020,0.0,0.0,0.0,0.0,0.0,0.0,0.0,0.0,0.0,0
5225.KL,2/12/2021,-0.934761,0.02098,0.023278,0.955742,0.0,0.0,1.0,0.934761,0.955742,1
5225.KL,2/12/2022,0.023024,0.102284,0.818457,0.07926,0.0,1.0,0.0,0.023024,0.818457,1
5225.KL,2/12/2023,0.805256,0.817399,0.170458,0.012143,1.0,0.0,0.0,0.805256,0.817399,1
5225.KL,2/12/2024,0.0,0.0,0.0,0.0,0.0,0.0,0.0,0.0,0.0,0
5225.KL,2/12/2025,0.0,0.0,0.0,0.0,0.0,0.0,0.0,0.0,0.0,0
5225.KL,2/2/2020,0.0,0.0,0.0,0.0,0.0,0.0,0.0,0.0,0.0,0
5225.KL,2/2/2021,0.0,0.0,0.0,0.0,0.0,0.0,0.0,0.0,0.0,0
5225.KL,2/2/2022,0.0,0.0,0.0,0.0,0.0,0.0,0.0,0.0,0.0,0
5225.KL,2/2/2023,0.0,0.0,0.0,0.0,0.0,0.0,0.0,0.0,0.0,0
5225.KL,2/2/2024,0.0,0.0,0.0,0.0,0.0,0.0,0.0,0.0,0.0,0
5225.KL,2/2/2025,0.0,0.0,0.0,0.0,0.0,0.0,0.0,0.0,0.0,0
5225.KL,2/2/2026,0.0,0.0,0.0,0.0,0.0,0.0,0.0,0.0,0.0,0
5225.KL,2/3/2020,0.0,0.0,0.0,0.0,0.0,0.0,0.0,0.0,0.0,0
5225.KL,2/3/2021,0.0,0.0,0.0,0.0,0.0,0.0,0.0,0.0,0.0,0
5225.KL,2/3/2022,0.0,0.0,0.0,0.0,0.0,0.0,0.0,0.0,0.0,0
5225.KL,2/3/2023,0.0,0.0,0.0,0.0,0.0,0.0,0.0,0.0,0.0,0
5225.KL,2/3/2024,0.0,0.0,0.0,0.0,0.0,0.0,0.0,0.0,0.0,0
5225.KL,2/3/2025,0.0,0.0,0.0,0.0,0.0,0.0,0.0,0.0,0.0,0
5225.KL,2/3/2026,0.0317,0.04584,0.94002,0.01414,0.0,1.0,0.0,0.0317,0.94002,1
5225.KL,2/4/2020,0.0,0.0,0.0,0.0,0.0,0.0,0.0,0.0,0.0,0
5225.KL,2/4/2021,0.0,0.0,0.0,0.0,0.0,0.0,0.0,0.0,0.0,0
5225.KL,2/4/2022,0.917823,0.942912,0.032,0.025089,1.0,0.0,0.0,0.917823,0.942912,1
5225.KL,2/4/2023,0.0,0.0,0.0,0.0,0.0,0.0,0.0,0.0,0.0,0
5225.KL,2/4/2024,0.0,0.0,0.0,0.0,0.0,0.0,0.0,0.0,0.0,0
5225.KL,2/4/2025,0.0,0.0,0.0,0.0,0.0,0.0,0.0,0.0,0.0,0
5225.KL,2/5/2020,0.0,0.0,0.0,0.0,0.0,0.0,0.0,0.0,0.0,0
5225.KL,2/5/2021,0.619988,0.665365,0.289258,0.045377,1.0,0.0,0.0,0.619988,0.665365,1
5225.KL,2/5/2022,0.0,0.0,0.0,0.0,0.0,0.0,0.0,0.0,0.0,0
5225.KL,2/5/2023,0.446854,0.455162,0.53653,0.008308,1.0,0.0,0.0,0.446854,0.53653,1
5225.KL,2/5/2024,0.0,0.0,0.0,0.0,0.0,0.0,0.0,0.0,0.0,0
5225.KL,2/5/2025,0.0,0.0,0.0,0.0,0.0,0.0,0.0,0.0,0.0,0
5225.KL,2/6/2020,0.0,0.0,0.0,0.0,0.0,0.0,0.0,0.0,0.0,0
5225.KL,2/6/2021,0.285357,0.360816,0.563724,0.07546,1.0,0.0,0.0,0.285357,0.563724,1
5225.KL,2/6/2022,0.0,0.0,0.0,0.0,0.0,0.0,0.0,0.0,0.0,0
5225.KL,2/6/2023,0.0,0.0,0.0,0.0,0.0,0.0,0.0,0.0,0.0,0
5225.KL,2/6/2024,0.0,0.0,0.0,0.0,0.0,0.0,0.0,0.0,0.0,0
5225.KL,2/6/2025,0.833818,0.840221,0.153375,0.006404,1.0,0.0,0.0,0.833818,0.840221,1
5225.KL,2/7/2020,0.0,0.0,0.0,0.0,0.0,0.0,0.0,0.0,0.0,0
5225.KL,2/7/2021,0.0,0.0,0.0,0.0,0.0,0.0,0.0,0.0,0.0,0
5225.KL,2/7/2022,0.0,0.0,0.0,0.0,0.0,0.0,0.0,0.0,0.0,0
5225.KL,2/7/2023,0.0,0.0,0.0,0.0,0.0,0.0,0.0,0.0,0.0,0
5225.KL,2/7/2024,0.0,0.0,0.0,0.0,0.0,0.0,0.0,0.0,0.0,0
5225.KL,2/7/2025,0.795843,0.808415,0.179013,0.012572,1.0,0.0,0.0,0.795843,0.808415,1
5225.KL,2/8/2020,0.0,0.0,0.0,0.0,0.0,0.0,0.0,0.0,0.0,0
5225.KL,2/8/2021,-0.257318,0.278445,0.185791,0.535764,0.0,0.0,1.0,0.257318,0.535764,1
5225.KL,2/8/2022,0.799605,0.883383,0.032839,0.083778,1.0,0.0,0.0,0.799605,0.883383,1
5225.KL,2/8/2023,0.0,0.0,0.0,0.0,0.0,0.0,0.0,0.0,0.0,0
5225.KL,2/8/2024,0.0,0.0,0.0,0.0,0.0,0.0,0.0,0.0,0.0,0
5225.KL,2/8/2025,0.0,0.0,0.0,0.0,0.0,0.0,0.0,0.0,0.0,0
5225.KL,2/9/2020,0.0,0.0,0.0,0.0,0.0,0.0,0.0,0.0,0.0,0
5225.KL,2/9/2021,0.0,0.0,0.0,0.0,0.0,0.0,0.0,0.0,0.0,0
5225.KL,2/9/2022,0.0,0.0,0.0,0.0,0.0,0.0,0.0,0.0,0.0,0
5225.KL,2/9/2023,0.0,0.0,0.0,0.0,0.0,0.0,0.0,0.0,0.0,0
5225.KL,2/9/2024,0.0,0.0,0.0,0.0,0.0,0.0,0.0,0.0,0.0,0
5225.KL,2/9/2025,0.028534,0.042383,0.943768,0.013849,0.0,1.0,0.0,0.028534,0.943768,1
5225.KL,20/1/2020,0.0,0.0,0.0,0.0,0.0,0.0,0.0,0.0,0.0,0
5225.KL,20/1/2021,0.0,0.0,0.0,0.0,0.0,0.0,0.0,0.0,0.0,0
5225.KL,20/1/2022,-0.922902,0.024938,0.027223,0.947839,0.0,0.0,1.0,0.922902,0.947839,1
5225.KL,20/1/2023,0.0,0.0,0.0,0.0,0.0,0.0,0.0,0.0,0.0,0
5225.KL,20/1/2024,0.0,0.0,0.0,0.0,0.0,0.0,0.0,0.0,0.0,0
5225.KL,20/1/2025,0.0,0.0,0.0,0.0,0.0,0.0,0.0,0.0,0.0,0
5225.KL,20/1/2026,0.14938,0.172634,0.804112,0.023254,1.0,0.0,0.0,0.14938,0.804112,1
5225.KL,20/10/2020,0.0,0.0,0.0,0.0,0.0,0.0,0.0,0.0,0.0,0
5225.KL,20/10/2021,0.381196,0.618653,0.14389,0.237457,0.5,0.5,0.0,0.391596,0.623853,2
5225.KL,20/10/2022,0.0,0.0,0.0,0.0,0.0,0.0,0.0,0.0,0.0,0
5225.KL,20/10/2023,0.0,0.0,0.0,0.0,0.0,0.0,0.0,0.0,0.0,0
5225.KL,20/10/2024,0.0,0.0,0.0,0.0,0.0,0.0,0.0,0.0,0.0,0
5225.KL,20/10/2025,0.0,0.0,0.0,0.0,0.0,0.0,0.0,0.0,0.0,0
5225.KL,20/11/2020,0.0,0.0,0.0,0.0,0.0,0.0,0.0,0.0,0.0,0
5225.KL,20/11/2021,0.0,0.0,0.0,0.0,0.0,0.0,0.0,0.0,0.0,0
5225.KL,20/11/2022,0.0,0.0,0.0,0.0,0.0,0.0,0.0,0.0,0.0,0
5225.KL,20/11/2023,0.0,0.0,0.0,0.0,0.0,0.0,0.0,0.0,0.0,0
5225.KL,20/11/2024,0.0,0.0,0.0,0.0,0.0,0.0,0.0,0.0,0.0,0
5225.KL,20/11/2025,0.0,0.0,0.0,0.0,0.0,0.0,0.0,0.0,0.0,0
5225.KL,20/12/2020,0.0,0.0,0.0,0.0,0.0,0.0,0.0,0.0,0.0,0
5225.KL,20/12/2021,0.0,0.0,0.0,0.0,0.0,0.0,0.0,0.0,0.0,0
5225.KL,20/12/2022,0.0,0.0,0.0,0.0,0.0,0.0,0.0,0.0,0.0,0
5225.KL,20/12/2023,0.0,0.0,0.0,0.0,0.0,0.0,0.0,0.0,0.0,0
5225.KL,20/12/2024,-0.916648,0.017024,0.049305,0.933671,0.0,0.0,1.0,0.916648,0.933671,1
5225.KL,20/12/2025,0.0,0.0,0.0,0.0,0.0,0.0,0.0,0.0,0.0,0
5225.KL,20/2/2020,0.0,0.0,0.0,0.0,0.0,0.0,0.0,0.0,0.0,0
5225.KL,20/2/2021,0.0,0.0,0.0,0.0,0.0,0.0,0.0,0.0,0.0,0
5225.KL,20/2/2022,0.0,0.0,0.0,0.0,0.0,0.0,0.0,0.0,0.0,0
5225.KL,20/2/2023,0.0,0.0,0.0,0.0,0.0,0.0,0.0,0.0,0.0,0
5225.KL,20/2/2024,0.0,0.0,0.0,0.0,0.0,0.0,0.0,0.0,0.0,0
5225.KL,20/2/2025,0.0,0.0,0.0,0.0,0.0,0.0,0.0,0.0,0.0,0
5225.KL,20/2/2026,0.024437,0.346768,0.3309,0.322331,0.333333,0.333333,0.333333,0.610819,0.933839,3
5225.KL,20/3/2020,0.0,0.0,0.0,0.0,0.0,0.0,0.0,0.0,0.0,0
5225.KL,20/3/2021,0.0,0.0,0.0,0.0,0.0,0.0,0.0,0.0,0.0,0
5225.KL,20/3/2022,0.0,0.0,0.0,0.0,0.0,0.0,0.0,0.0,0.0,0
5225.KL,20/3/2023,0.0,0.0,0.0,0.0,0.0,0.0,0.0,0.0,0.0,0
5225.KL,20/3/2024,0.0,0.0,0.0,0.0,0.0,0.0,0.0,0.0,0.0,0
5225.KL,20/3/2025,-0.944853,0.01607,0.023007,0.960923,0.0,0.0,1.0,0.944853,0.960923,1
5225.KL,20/3/2026,0.0,0.0,0.0,0.0,0.0,0.0,0.0,0.0,0.0,0
5225.KL,20/4/2020,0.0,0.0,0.0,0.0,0.0,0.0,0.0,0.0,0.0,0
5225.KL,20/4/2021,0.0,0.0,0.0,0.0,0.0,0.0,0.0,0.0,0.0,0
5225.KL,20/4/2022,0.651313,0.661174,0.328965,0.009861,1.0,0.0,0.0,0.651313,0.661174,1
5225.KL,20/4/2023,0.0,0.0,0.0,0.0,0.0,0.0,0.0,0.0,0.0,0
5225.KL,20/4/2024,0.0,0.0,0.0,0.0,0.0,0.0,0.0,0.0,0.0,0
5225.KL,20/4/2025,0.0,0.0,0.0,0.0,0.0,0.0,0.0,0.0,0.0,0
5225.KL,20/5/2020,0.0,0.0,0.0,0.0,0.0,0.0,0.0,0.0,0.0,0
5225.KL,20/5/2021,0.0,0.0,0.0,0.0,0.0,0.0,0.0,0.0,0.0,0
5225.KL,20/5/2022,0.0,0.0,0.0,0.0,0.0,0.0,0.0,0.0,0.0,0
5225.KL,20/5/2023,0.0,0.0,0.0,0.0,0.0,0.0,0.0,0.0,0.0,0
5225.KL,20/5/2024,0.0,0.0,0.0,0.0,0.0,0.0,0.0,0.0,0.0,0
5225.KL,20/5/2025,-0.945203,0.021598,0.011602,0.966801,0.0,0.0,1.0,0.945203,0.966801,1
5225.KL,20/6/2020,0.0,0.0,0.0,0.0,0.0,0.0,0.0,0.0,0.0,0
5225.KL,20/6/2021,0.0,0.0,0.0,0.0,0.0,0.0,0.0,0.0,0.0,0
5225.KL,20/6/2022,0.0,0.0,0.0,0.0,0.0,0.0,0.0,0.0,0.0,0
5225.KL,20/6/2023,0.0,0.0,0.0,0.0,0.0,0.0,0.0,0.0,0.0,0
5225.KL,20/6/2024,0.0,0.0,0.0,0.0,0.0,0.0,0.0,0.0,0.0,0
5225.KL,20/6/2025,0.0,0.0,0.0,0.0,0.0,0.0,0.0,0.0,0.0,0
5225.KL,20/7/2020,0.0,0.0,0.0,0.0,0.0,0.0,0.0,0.0,0.0,0
5225.KL,20/7/2021,0.0,0.0,0.0,0.0,0.0,0.0,0.0,0.0,0.0,0
5225.KL,20/7/2022,0.485786,0.495921,0.493944,0.010135,1.0,0.0,0.0,0.485786,0.495921,1
5225.KL,20/7/2023,0.072132,0.082875,0.906382,0.010743,0.0,1.0,0.0,0.072132,0.906382,1
5225.KL,20/7/2024,0.0,0.0,0.0,0.0,0.0,0.0,0.0,0.0,0.0,0
5225.KL,20/7/2025,0.0,0.0,0.0,0.0,0.0,0.0,0.0,0.0,0.0,0
5225.KL,20/8/2020,0.0,0.0,0.0,0.0,0.0,0.0,0.0,0.0,0.0,0
5225.KL,20/8/2021,0.0,0.0,0.0,0.0,0.0,0.0,0.0,0.0,0.0,0
5225.KL,20/8/2022,-0.947938,0.019274,0.013513,0.967212,0.0,0.0,1.0,0.947938,0.967212,1
5225.KL,20/8/2023,0.0,0.0,0.0,0.0,0.0,0.0,0.0,0.0,0.0,0
5225.KL,20/8/2024,0.0,0.0,0.0,0.0,0.0,0.0,0.0,0.0,0.0,0
5225.KL,20/8/2025,0.0,0.0,0.0,0.0,0.0,0.0,0.0,0.0,0.0,0
5225.KL,20/9/2020,0.0,0.0,0.0,0.0,0.0,0.0,0.0,0.0,0.0,0
5225.KL,20/9/2021,0.0,0.0,0.0,0.0,0.0,0.0,0.0,0.0,0.0,0
5225.KL,20/9/2022,-0.200524,0.328395,0.142686,0.528919,0.5,0.0,0.5,0.746784,0.802049,2
5225.KL,20/9/2023,0.0,0.0,0.0,0.0,0.0,0.0,0.0,0.0,0.0,0
5225.KL,20/9/2024,0.0,0.0,0.0,0.0,0.0,0.0,0.0,0.0,0.0,0
5225.KL,20/9/2025,0.0,0.0,0.0,0.0,0.0,0.0,0.0,0.0,0.0,0
5225.KL,21/1/2020,0.0,0.0,0.0,0.0,0.0,0.0,0.0,0.0,0.0,0
5225.KL,21/1/2021,0.0,0.0,0.0,0.0,0.0,0.0,0.0,0.0,0.0,0
5225.KL,21/1/2022,0.0,0.0,0.0,0.0,0.0,0.0,0.0,0.0,0.0,0
5225.KL,21/1/2023,0.0,0.0,0.0,0.0,0.0,0.0,0.0,0.0,0.0,0
5225.KL,21/1/2024,0.0,0.0,0.0,0.0,0.0,0.0,0.0,0.0,0.0,0
5225.KL,21/1/2025,0.0,0.0,0.0,0.0,0.0,0.0,0.0,0.0,0.0,0
5225.KL,21/1/2026,0.0,0.0,0.0,0.0,0.0,0.0,0.0,0.0,0.0,0
5225.KL,21/10/2020,0.859517,0.901631,0.056254,0.042114,1.0,0.0,0.0,0.859517,0.901631,1
5225.KL,21/10/2021,0.0,0.0,0.0,0.0,0.0,0.0,0.0,0.0,0.0,0
5225.KL,21/10/2022,0.0,0.0,0.0,0.0,0.0,0.0,0.0,0.0,0.0,0
5225.KL,21/10/2023,0.0,0.0,0.0,0.0,0.0,0.0,0.0,0.0,0.0,0
5225.KL,21/10/2024,0.0,0.0,0.0,0.0,0.0,0.0,0.0,0.0,0.0,0
5225.KL,21/10/2025,0.86768,0.911857,0.043965,0.044178,1.0,0.0,0.0,0.86768,0.911857,1
5225.KL,21/11/2020,0.0,0.0,0.0,0.0,0.0,0.0,0.0,0.0,0.0,0
5225.KL,21/11/2021,0.0,0.0,0.0,0.0,0.0,0.0,0.0,0.0,0.0,0
5225.KL,21/11/2022,0.0,0.0,0.0,0.0,0.0,0.0,0.0,0.0,0.0,0
5225.KL,21/11/2023,0.0,0.0,0.0,0.0,0.0,0.0,0.0,0.0,0.0,0
5225.KL,21/11/2024,0.0,0.0,0.0,0.0,0.0,0.0,0.0,0.0,0.0,0
5225.KL,21/11/2025,-0.944332,0.019909,0.015849,0.964242,0.0,0.0,1.0,0.944332,0.964242,1
5225.KL,21/12/2020,0.0,0.0,0.0,0.0,0.0,0.0,0.0,0.0,0.0,0
5225.KL,21/12/2021,-0.946685,0.021263,0.010788,0.967948,0.0,0.0,1.0,0.946685,0.967948,1
5225.KL,21/12/2022,0.0,0.0,0.0,0.0,0.0,0.0,0.0,0.0,0.0,0
5225.KL,21/12/2023,0.0,0.0,0.0,0.0,0.0,0.0,0.0,0.0,0.0,0
5225.KL,21/12/2024,0.0,0.0,0.0,0.0,0.0,0.0,0.0,0.0,0.0,0
5225.KL,21/12/2025,0.0,0.0,0.0,0.0,0.0,0.0,0.0,0.0,0.0,0
5225.KL,21/2/2020,0.0,0.0,0.0,0.0,0.0,0.0,0.0,0.0,0.0,0
5225.KL,21/2/2021,0.0,0.0,0.0,0.0,0.0,0.0,0.0,0.0,0.0,0
5225.KL,21/2/2022,0.0,0.0,0.0,0.0,0.0,0.0,0.0,0.0,0.0,0
5225.KL,21/2/2023,0.0,0.0,0.0,0.0,0.0,0.0,0.0,0.0,0.0,0
5225.KL,21/2/2024,0.0,0.0,0.0,0.0,0.0,0.0,0.0,0.0,0.0,0
5225.KL,21/2/2025,0.0,0.0,0.0,0.0,0.0,0.0,0.0,0.0,0.0,0
5225.KL,21/2/2026,0.616032,0.754658,0.106717,0.138626,1.0,0.0,0.0,0.616032,0.754658,1
5225.KL,21/3/2020,0.0,0.0,0.0,0.0,0.0,0.0,0.0,0.0,0.0,0
5225.KL,21/3/2021,0.0,0.0,0.0,0.0,0.0,0.0,0.0,0.0,0.0,0
5225.KL,21/3/2022,0.0,0.0,0.0,0.0,0.0,0.0,0.0,0.0,0.0,0
5225.KL,21/3/2023,-0.952786,0.016518,0.014179,0.969303,0.0,0.0,1.0,0.952786,0.969303,1
5225.KL,21/3/2024,0.0,0.0,0.0,0.0,0.0,0.0,0.0,0.0,0.0,0
5225.KL,21/3/2025,-0.957197,0.012545,0.017713,0.969742,0.0,0.0,1.0,0.957197,0.969742,1
5225.KL,21/4/2020,0.0,0.0,0.0,0.0,0.0,0.0,0.0,0.0,0.0,0
5225.KL,21/4/2021,0.0,0.0,0.0,0.0,0.0,0.0,0.0,0.0,0.0,0
5225.KL,21/4/2022,0.0,0.0,0.0,0.0,0.0,0.0,0.0,0.0,0.0,0
5225.KL,21/4/2023,0.0,0.0,0.0,0.0,0.0,0.0,0.0,0.0,0.0,0
5225.KL,21/4/2024,0.0,0.0,0.0,0.0,0.0,0.0,0.0,0.0,0.0,0
5225.KL,21/4/2025,0.773218,0.779908,0.213402,0.00669,1.0,0.0,0.0,0.773218,0.779908,1
5225.KL,21/5/2020,0.0,0.0,0.0,0.0,0.0,0.0,0.0,0.0,0.0,0
5225.KL,21/5/2021,0.0,0.0,0.0,0.0,0.0,0.0,0.0,0.0,0.0,0
5225.KL,21/5/2022,0.0,0.0,0.0,0.0,0.0,0.0,0.0,0.0,0.0,0
5225.KL,21/5/2023,0.0,0.0,0.0,0.0,0.0,0.0,0.0,0.0,0.0,0
5225.KL,21/5/2024,0.0,0.0,0.0,0.0,0.0,0.0,0.0,0.0,0.0,0
5225.KL,21/5/2025,0.02681,0.040624,0.945562,0.013814,0.0,1.0,0.0,0.02681,0.945562,1
5225.KL,21/6/2020,0.0,0.0,0.0,0.0,0.0,0.0,0.0,0.0,0.0,0
5225.KL,21/6/2021,0.0,0.0,0.0,0.0,0.0,0.0,0.0,0.0,0.0,0
5225.KL,21/6/2022,0.0,0.0,0.0,0.0,0.0,0.0,0.0,0.0,0.0,0
5225.KL,21/6/2023,0.0,0.0,0.0,0.0,0.0,0.0,0.0,0.0,0.0,0
5225.KL,21/6/2024,0.037625,0.050171,0.937284,0.012546,0.0,1.0,0.0,0.037625,0.937284,1
5225.KL,21/6/2025,0.0,0.0,0.0,0.0,0.0,0.0,0.0,0.0,0.0,0
5225.KL,21/7/2020,0.0,0.0,0.0,0.0,0.0,0.0,0.0,0.0,0.0,0
5225.KL,21/7/2021,0.0,0.0,0.0,0.0,0.0,0.0,0.0,0.0,0.0,0
5225.KL,21/7/2022,0.0,0.0,0.0,0.0,0.0,0.0,0.0,0.0,0.0,0
5225.KL,21/7/2023,0.0,0.0,0.0,0.0,0.0,0.0,0.0,0.0,0.0,0
5225.KL,21/7/2024,0.0,0.0,0.0,0.0,0.0,0.0,0.0,0.0,0.0,0
5225.KL,21/7/2025,0.0,0.0,0.0,0.0,0.0,0.0,0.0,0.0,0.0,0
5225.KL,21/8/2020,0.0,0.0,0.0,0.0,0.0,0.0,0.0,0.0,0.0,0
5225.KL,21/8/2021,0.0,0.0,0.0,0.0,0.0,0.0,0.0,0.0,0.0,0
5225.KL,21/8/2022,0.0,0.0,0.0,0.0,0.0,0.0,0.0,0.0,0.0,0
5225.KL,21/8/2023,0.0,0.0,0.0,0.0,0.0,0.0,0.0,0.0,0.0,0
5225.KL,21/8/2024,0.0,0.0,0.0,0.0,0.0,0.0,0.0,0.0,0.0,0
5225.KL,21/8/2025,0.0,0.0,0.0,0.0,0.0,0.0,0.0,0.0,0.0,0
5225.KL,21/9/2020,0.897251,0.927435,0.042382,0.030183,1.0,0.0,0.0,0.897251,0.927435,1
5225.KL,21/9/2021,0.0,0.0,0.0,0.0,0.0,0.0,0.0,0.0,0.0,0
5225.KL,21/9/2022,0.0,0.0,0.0,0.0,0.0,0.0,0.0,0.0,0.0,0
5225.KL,21/9/2023,0.283605,0.29964,0.684326,0.016034,1.0,0.0,0.0,0.283605,0.684326,1
5225.KL,21/9/2024,0.914092,0.943623,0.026846,0.029531,1.0,0.0,0.0,0.914092,0.943623,1
5225.KL,21/9/2025,0.0,0.0,0.0,0.0,0.0,0.0,0.0,0.0,0.0,0
5225.KL,22/1/2020,0.0,0.0,0.0,0.0,0.0,0.0,0.0,0.0,0.0,0
5225.KL,22/1/2021,0.0,0.0,0.0,0.0,0.0,0.0,0.0,0.0,0.0,0
5225.KL,22/1/2022,0.0,0.0,0.0,0.0,0.0,0.0,0.0,0.0,0.0,0
5225.KL,22/1/2023,0.0,0.0,0.0,0.0,0.0,0.0,0.0,0.0,0.0,0
5225.KL,22/1/2024,0.0,0.0,0.0,0.0,0.0,0.0,0.0,0.0,0.0,0
5225.KL,22/1/2025,-0.68648,0.034968,0.243584,0.721448,0.0,0.0,1.0,0.68648,0.721448,1
5225.KL,22/1/2026,0.0,0.0,0.0,0.0,0.0,0.0,0.0,0.0,0.0,0
5225.KL,22/10/2020,0.0,0.0,0.0,0.0,0.0,0.0,0.0,0.0,0.0,0
5225.KL,22/10/2021,0.0,0.0,0.0,0.0,0.0,0.0,0.0,0.0,0.0,0
5225.KL,22/10/2022,0.911175,0.941302,0.028572,0.030127,1.0,0.0,0.0,0.911175,0.941302,1
5225.KL,22/10/2023,0.0,0.0,0.0,0.0,0.0,0.0,0.0,0.0,0.0,0
5225.KL,22/10/2024,-0.433758,0.263411,0.03942,0.697169,0.0,0.0,1.0,0.433758,0.697169,1
5225.KL,22/10/2025,-0.897756,0.041225,0.019794,0.938981,0.0,0.0,1.0,0.897756,0.938981,1
5225.KL,22/11/2020,0.0,0.0,0.0,0.0,0.0,0.0,0.0,0.0,0.0,0
5225.KL,22/11/2021,0.728626,0.771492,0.185643,0.042865,1.0,0.0,0.0,0.728626,0.771492,1
5225.KL,22/11/2022,-0.925392,0.02414,0.026328,0.949532,0.0,0.0,1.0,0.925392,0.949532,1
5225.KL,22/11/2023,0.0,0.0,0.0,0.0,0.0,0.0,0.0,0.0,0.0,0
5225.KL,22/11/2024,0.0,0.0,0.0,0.0,0.0,0.0,0.0,0.0,0.0,0
5225.KL,22/11/2025,0.0,0.0,0.0,0.0,0.0,0.0,0.0,0.0,0.0,0
5225.KL,22/12/2020,0.0,0.0,0.0,0.0,0.0,0.0,0.0,0.0,0.0,0
5225.KL,22/12/2021,0.0,0.0,0.0,0.0,0.0,0.0,0.0,0.0,0.0,0
5225.KL,22/12/2022,0.0,0.0,0.0,0.0,0.0,0.0,0.0,0.0,0.0,0
5225.KL,22/12/2023,0.0,0.0,0.0,0.0,0.0,0.0,0.0,0.0,0.0,0
5225.KL,22/12/2024,0.0,0.0,0.0,0.0,0.0,0.0,0.0,0.0,0.0,0
5225.KL,22/12/2025,0.822792,0.828785,0.165221,0.005993,1.0,0.0,0.0,0.822792,0.828785,1
5225.KL,22/2/2020,0.0,0.0,0.0,0.0,0.0,0.0,0.0,0.0,0.0,0
5225.KL,22/2/2021,0.0,0.0,0.0,0.0,0.0,0.0,0.0,0.0,0.0,0
5225.KL,22/2/2022,0.0,0.0,0.0,0.0,0.0,0.0,0.0,0.0,0.0,0
5225.KL,22/2/2023,0.0,0.0,0.0,0.0,0.0,0.0,0.0,0.0,0.0,0
5225.KL,22/2/2024,0.323485,0.331906,0.659672,0.008422,1.0,0.0,0.0,0.323485,0.659672,1
5225.KL,22/2/2025,0.0,0.0,0.0,0.0,0.0,0.0,0.0,0.0,0.0,0
5225.KL,22/2/2026,0.0,0.0,0.0,0.0,0.0,0.0,0.0,0.0,0.0,0
5225.KL,22/3/2020,0.0,0.0,0.0,0.0,0.0,0.0,0.0,0.0,0.0,0
5225.KL,22/3/2021,0.399663,0.670163,0.059336,0.2705,1.0,0.0,0.0,0.399663,0.670163,2
5225.KL,22/3/2022,0.179796,0.188731,0.802334,0.008935,1.0,0.0,0.0,0.179796,0.802334,1
5225.KL,22/3/2023,0.0,0.0,0.0,0.0,0.0,0.0,0.0,0.0,0.0,0
5225.KL,22/3/2024,0.0,0.0,0.0,0.0,0.0,0.0,0.0,0.0,0.0,0
5225.KL,22/3/2025,0.0,0.0,0.0,0.0,0.0,0.0,0.0,0.0,0.0,0
5225.KL,22/4/2020,0.0,0.0,0.0,0.0,0.0,0.0,0.0,0.0,0.0,0
5225.KL,22/4/2021,0.0,0.0,0.0,0.0,0.0,0.0,0.0,0.0,0.0,0
5225.KL,22/4/2022,0.0,0.0,0.0,0.0,0.0,0.0,0.0,0.0,0.0,0
5225.KL,22/4/2023,0.0,0.0,0.0,0.0,0.0,0.0,0.0,0.0,0.0,0
5225.KL,22/4/2024,0.0,0.0,0.0,0.0,0.0,0.0,0.0,0.0,0.0,0
5225.KL,22/4/2025,0.0,0.0,0.0,0.0,0.0,0.0,0.0,0.0,0.0,0
5225.KL,22/5/2020,0.0,0.0,0.0,0.0,0.0,0.0,0.0,0.0,0.0,0
5225.KL,22/5/2021,0.0,0.0,0.0,0.0,0.0,0.0,0.0,0.0,0.0,0
5225.KL,22/5/2022,0.0,0.0,0.0,0.0,0.0,0.0,0.0,0.0,0.0,0
5225.KL,22/5/2023,0.0,0.0,0.0,0.0,0.0,0.0,0.0,0.0,0.0,0
5225.KL,22/5/2024,0.0,0.0,0.0,0.0,0.0,0.0,0.0,0.0,0.0,0
5225.KL,22/5/2025,0.0,0.0,0.0,0.0,0.0,0.0,0.0,0.0,0.0,0
5225.KL,22/6/2020,0.0,0.0,0.0,0.0,0.0,0.0,0.0,0.0,0.0,0
5225.KL,22/6/2021,0.0,0.0,0.0,0.0,0.0,0.0,0.0,0.0,0.0,0
5225.KL,22/6/2022,0.0,0.0,0.0,0.0,0.0,0.0,0.0,0.0,0.0,0
5225.KL,22/6/2023,0.0,0.0,0.0,0.0,0.0,0.0,0.0,0.0,0.0,0
5225.KL,22/6/2024,0.0,0.0,0.0,0.0,0.0,0.0,0.0,0.0,0.0,0
5225.KL,22/6/2025,0.0,0.0,0.0,0.0,0.0,0.0,0.0,0.0,0.0,0
5225.KL,22/7/2020,0.672539,0.726726,0.219087,0.054187,1.0,0.0,0.0,0.672539,0.726726,1
5225.KL,22/7/2021,0.0,0.0,0.0,0.0,0.0,0.0,0.0,0.0,0.0,0
5225.KL,22/7/2022,0.0,0.0,0.0,0.0,0.0,0.0,0.0,0.0,0.0,0
5225.KL,22/7/2023,0.0,0.0,0.0,0.0,0.0,0.0,0.0,0.0,0.0,0
5225.KL,22/7/2024,0.0,0.0,0.0,0.0,0.0,0.0,0.0,0.0,0.0,0
5225.KL,22/7/2025,-0.951252,0.018126,0.012497,0.969378,0.0,0.0,1.0,0.951252,0.969378,1
5225.KL,22/8/2020,0.068297,0.155744,0.756808,0.087448,0.0,1.0,0.0,0.068297,0.756808,1
5225.KL,22/8/2021,0.0,0.0,0.0,0.0,0.0,0.0,0.0,0.0,0.0,0
5225.KL,22/8/2022,0.0,0.0,0.0,0.0,0.0,0.0,0.0,0.0,0.0,0
5225.KL,22/8/2023,0.858257,0.915399,0.027458,0.057143,1.0,0.0,0.0,0.858257,0.915399,1
5225.KL,22/8/2024,-0.95486,0.010532,0.024076,0.965392,0.0,0.0,1.0,0.95486,0.965392,1
5225.KL,22/8/2025,0.0,0.0,0.0,0.0,0.0,0.0,0.0,0.0,0.0,0
5225.KL,22/9/2020,0.0,0.0,0.0,0.0,0.0,0.0,0.0,0.0,0.0,0
5225.KL,22/9/2021,0.0,0.0,0.0,0.0,0.0,0.0,0.0,0.0,0.0,0
5225.KL,22/9/2022,0.0,0.0,0.0,0.0,0.0,0.0,0.0,0.0,0.0,0
5225.KL,22/9/2023,0.0,0.0,0.0,0.0,0.0,0.0,0.0,0.0,0.0,0
5225.KL,22/9/2024,0.0,0.0,0.0,0.0,0.0,0.0,0.0,0.0,0.0,0
5225.KL,22/9/2025,0.921134,0.947739,0.025656,0.026605,1.0,0.0,0.0,0.921134,0.947739,1
5225.KL,23/1/2020,-0.882232,0.035591,0.046587,0.917823,0.0,0.0,1.0,0.882232,0.917823,1
5225.KL,23/1/2021,0.0,0.0,0.0,0.0,0.0,0.0,0.0,0.0,0.0,0
5225.KL,23/1/2022,0.0,0.0,0.0,0.0,0.0,0.0,0.0,0.0,0.0,0
5225.KL,23/1/2023,0.0,0.0,0.0,0.0,0.0,0.0,0.0,0.0,0.0,0
5225.KL,23/1/2024,0.0,0.0,0.0,0.0,0.0,0.0,0.0,0.0,0.0,0
5225.KL,23/1/2025,0.0,0.0,0.0,0.0,0.0,0.0,0.0,0.0,0.0,0
5225.KL,23/1/2026,0.0,0.0,0.0,0.0,0.0,0.0,0.0,0.0,0.0,0
5225.KL,23/10/2020,0.0,0.0,0.0,0.0,0.0,0.0,0.0,0.0,0.0,0
5225.KL,23/10/2021,0.0,0.0,0.0,0.0,0.0,0.0,0.0,0.0,0.0,0
5225.KL,23/10/2022,0.0,0.0,0.0,0.0,0.0,0.0,0.0,0.0,0.0,0
5225.KL,23/10/2023,0.0,0.0,0.0,0.0,0.0,0.0,0.0,0.0,0.0,0
5225.KL,23/10/2024,0.37605,0.410407,0.555236,0.034357,1.0,0.0,0.0,0.37605,0.555236,1
5225.KL,23/10/2025,0.0,0.0,0.0,0.0,0.0,0.0,0.0,0.0,0.0,0
5225.KL,23/11/2020,0.0,0.0,0.0,0.0,0.0,0.0,0.0,0.0,0.0,0
5225.KL,23/11/2021,0.03594,0.047657,0.940626,0.011717,0.0,1.0,0.0,0.03594,0.940626,1
5225.KL,23/11/2022,-0.949044,0.013998,0.02296,0.963042,0.0,0.0,1.0,0.949044,0.963042,1
5225.KL,23/11/2023,0.0,0.0,0.0,0.0,0.0,0.0,0.0,0.0,0.0,0
5225.KL,23/11/2024,0.0,0.0,0.0,0.0,0.0,0.0,0.0,0.0,0.0,0
5225.KL,23/11/2025,0.0,0.0,0.0,0.0,0.0,0.0,0.0,0.0,0.0,0
5225.KL,23/12/2020,0.906246,0.937314,0.031619,0.031067,1.0,0.0,0.0,0.906246,0.937314,1
5225.KL,23/12/2021,0.0,0.0,0.0,0.0,0.0,0.0,0.0,0.0,0.0,0
5225.KL,23/12/2022,0.0,0.0,0.0,0.0,0.0,0.0,0.0,0.0,0.0,0
5225.KL,23/12/2023,0.0,0.0,0.0,0.0,0.0,0.0,0.0,0.0,0.0,0
5225.KL,23/12/2024,0.0,0.0,0.0,0.0,0.0,0.0,0.0,0.0,0.0,0
5225.KL,23/12/2025,0.0,0.0,0.0,0.0,0.0,0.0,0.0,0.0,0.0,0
5225.KL,23/2/2020,0.0,0.0,0.0,0.0,0.0,0.0,0.0,0.0,0.0,0
5225.KL,23/2/2021,0.0,0.0,0.0,0.0,0.0,0.0,0.0,0.0,0.0,0
5225.KL,23/2/2022,0.0,0.0,0.0,0.0,0.0,0.0,0.0,0.0,0.0,0
5225.KL,23/2/2023,-0.021039,0.023755,0.931451,0.044794,0.0,1.0,0.0,0.021039,0.931451,1
5225.KL,23/2/2024,0.454268,0.471942,0.510384,0.017674,1.0,0.0,0.0,0.454268,0.770236,2
5225.KL,23/2/2025,0.0,0.0,0.0,0.0,0.0,0.0,0.0,0.0,0.0,0
5225.KL,23/2/2026,0.0,0.0,0.0,0.0,0.0,0.0,0.0,0.0,0.0,0
5225.KL,23/3/2020,0.0,0.0,0.0,0.0,0.0,0.0,0.0,0.0,0.0,0
5225.KL,23/3/2021,0.846196,0.880558,0.08508,0.034362,1.0,0.0,0.0,0.846196,0.880558,1
5225.KL,23/3/2022,0.466432,0.476287,0.513857,0.009855,0.5,0.5,0.0,0.466432,0.916604,2
5225.KL,23/3/2023,0.0,0.0,0.0,0.0,0.0,0.0,0.0,0.0,0.0,0
5225.KL,23/3/2024,0.0,0.0,0.0,0.0,0.0,0.0,0.0,0.0,0.0,0
5225.KL,23/3/2025,0.0,0.0,0.0,0.0,0.0,0.0,0.0,0.0,0.0,0
5225.KL,23/4/2020,0.0,0.0,0.0,0.0,0.0,0.0,0.0,0.0,0.0,0
5225.KL,23/4/2021,0.0,0.0,0.0,0.0,0.0,0.0,0.0,0.0,0.0,0
5225.KL,23/4/2022,0.772234,0.779393,0.213448,0.007159,1.0,0.0,0.0,0.772234,0.779393,1
5225.KL,23/4/2023,0.0,0.0,0.0,0.0,0.0,0.0,0.0,0.0,0.0,0
5225.KL,23/4/2024,0.0,0.0,0.0,0.0,0.0,0.0,0.0,0.0,0.0,0
5225.KL,23/4/2025,0.0,0.0,0.0,0.0,0.0,0.0,0.0,0.0,0.0,0
5225.KL,23/5/2020,0.0,0.0,0.0,0.0,0.0,0.0,0.0,0.0,0.0,0
5225.KL,23/5/2021,0.0,0.0,0.0,0.0,0.0,0.0,0.0,0.0,0.0,0
5225.KL,23/5/2022,0.0,0.0,0.0,0.0,0.0,0.0,0.0,0.0,0.0,0
5225.KL,23/5/2023,0.0,0.0,0.0,0.0,0.0,0.0,0.0,0.0,0.0,0
5225.KL,23/5/2024,0.0,0.0,0.0,0.0,0.0,0.0,0.0,0.0,0.0,0
5225.KL,23/5/2025,0.0,0.0,0.0,0.0,0.0,0.0,0.0,0.0,0.0,0
5225.KL,23/6/2020,0.0,0.0,0.0,0.0,0.0,0.0,0.0,0.0,0.0,0
5225.KL,23/6/2021,0.0,0.0,0.0,0.0,0.0,0.0,0.0,0.0,0.0,0
5225.KL,23/6/2022,0.0,0.0,0.0,0.0,0.0,0.0,0.0,0.0,0.0,0
5225.KL,23/6/2023,0.868405,0.903795,0.060815,0.03539,1.0,0.0,0.0,0.868405,0.903795,1
5225.KL,23/6/2024,0.0,0.0,0.0,0.0,0.0,0.0,0.0,0.0,0.0,0
5225.KL,23/6/2025,0.0,0.0,0.0,0.0,0.0,0.0,0.0,0.0,0.0,0
5225.KL,23/7/2020,0.0,0.0,0.0,0.0,0.0,0.0,0.0,0.0,0.0,0
5225.KL,23/7/2021,0.0,0.0,0.0,0.0,0.0,0.0,0.0,0.0,0.0,0
5225.KL,23/7/2022,0.0,0.0,0.0,0.0,0.0,0.0,0.0,0.0,0.0,0
5225.KL,23/7/2023,0.0,0.0,0.0,0.0,0.0,0.0,0.0,0.0,0.0,0
5225.KL,23/7/2024,0.0,0.0,0.0,0.0,0.0,0.0,0.0,0.0,0.0,0
5225.KL,23/7/2025,0.899148,0.932967,0.033213,0.03382,1.0,0.0,0.0,0.899148,0.932967,1
5225.KL,23/8/2020,0.0,0.0,0.0,0.0,0.0,0.0,0.0,0.0,0.0,0
5225.KL,23/8/2021,-0.849707,0.037046,0.0762,0.886753,0.0,0.0,1.0,0.849707,0.886753,1
5225.KL,23/8/2022,0.0,0.0,0.0,0.0,0.0,0.0,0.0,0.0,0.0,0
5225.KL,23/8/2023,0.0,0.0,0.0,0.0,0.0,0.0,0.0,0.0,0.0,0
5225.KL,23/8/2024,0.0,0.0,0.0,0.0,0.0,0.0,0.0,0.0,0.0,0
5225.KL,23/8/2025,0.0,0.0,0.0,0.0,0.0,0.0,0.0,0.0,0.0,0
5225.KL,23/9/2020,0.0,0.0,0.0,0.0,0.0,0.0,0.0,0.0,0.0,0
5225.KL,23/9/2021,0.0,0.0,0.0,0.0,0.0,0.0,0.0,0.0,0.0,0
5225.KL,23/9/2022,-0.406211,0.274906,0.043977,0.681117,0.0,0.0,1.0,0.406211,0.681117,1
5225.KL,23/9/2023,0.0,0.0,0.0,0.0,0.0,0.0,0.0,0.0,0.0,0
5225.KL,23/9/2024,0.0,0.0,0.0,0.0,0.0,0.0,0.0,0.0,0.0,0
5225.KL,23/9/2025,0.0,0.0,0.0,0.0,0.0,0.0,0.0,0.0,0.0,0
5225.KL,24/1/2020,0.0,0.0,0.0,0.0,0.0,0.0,0.0,0.0,0.0,0
5225.KL,24/1/2021,0.0,0.0,0.0,0.0,0.0,0.0,0.0,0.0,0.0,0
5225.KL,24/1/2022,0.0,0.0,0.0,0.0,0.0,0.0,0.0,0.0,0.0,0
5225.KL,24/1/2023,0.267698,0.311433,0.644832,0.043735,1.0,0.0,0.0,0.267698,0.644832,1
5225.KL,24/1/2024,0.0,0.0,0.0,0.0,0.0,0.0,0.0,0.0,0.0,0
5225.KL,24/1/2025,0.0,0.0,0.0,0.0,0.0,0.0,0.0,0.0,0.0,0
5225.KL,24/1/2026,0.0,0.0,0.0,0.0,0.0,0.0,0.0,0.0,0.0,0
5225.KL,24/10/2020,0.0,0.0,0.0,0.0,0.0,0.0,0.0,0.0,0.0,0
5225.KL,24/10/2021,0.0,0.0,0.0,0.0,0.0,0.0,0.0,0.0,0.0,0
5225.KL,24/10/2022,0.0,0.0,0.0,0.0,0.0,0.0,0.0,0.0,0.0,0
5225.KL,24/10/2023,0.0,0.0,0.0,0.0,0.0,0.0,0.0,0.0,0.0,0
5225.KL,24/10/2024,0.0,0.0,0.0,0.0,0.0,0.0,0.0,0.0,0.0,0
5225.KL,24/10/2025,0.0,0.0,0.0,0.0,0.0,0.0,0.0,0.0,0.0,0
5225.KL,24/11/2020,0.0,0.0,0.0,0.0,0.0,0.0,0.0,0.0,0.0,0
5225.KL,24/11/2021,0.0,0.0,0.0,0.0,0.0,0.0,0.0,0.0,0.0,0
5225.KL,24/11/2022,0.0,0.0,0.0,0.0,0.0,0.0,0.0,0.0,0.0,0
5225.KL,24/11/2023,0.0,0.0,0.0,0.0,0.0,0.0,0.0,0.0,0.0,0
5225.KL,24/11/2024,0.0,0.0,0.0,0.0,0.0,0.0,0.0,0.0,0.0,0
5225.KL,24/11/2025,0.589468,0.599316,0.390835,0.009849,1.0,0.0,0.0,0.589468,0.599316,1
5225.KL,24/12/2020,0.0,0.0,0.0,0.0,0.0,0.0,0.0,0.0,0.0,0
5225.KL,24/12/2021,0.0,0.0,0.0,0.0,0.0,0.0,0.0,0.0,0.0,0
5225.KL,24/12/2022,0.0,0.0,0.0,0.0,0.0,0.0,0.0,0.0,0.0,0
5225.KL,24/12/2023,0.0,0.0,0.0,0.0,0.0,0.0,0.0,0.0,0.0,0
5225.KL,24/12/2024,-0.957073,0.011308,0.02031,0.968382,0.0,0.0,1.0,0.957073,0.968382,1
5225.KL,24/12/2025,0.0,0.0,0.0,0.0,0.0,0.0,0.0,0.0,0.0,0
5225.KL,24/2/2020,0.0,0.0,0.0,0.0,0.0,0.0,0.0,0.0,0.0,0
5225.KL,24/2/2021,0.0,0.0,0.0,0.0,0.0,0.0,0.0,0.0,0.0,0
5225.KL,24/2/2022,0.622419,0.645551,0.331317,0.023132,0.666667,0.333333,0.0,0.622419,0.948239,3
5225.KL,24/2/2023,0.0,0.0,0.0,0.0,0.0,0.0,0.0,0.0,0.0,0
5225.KL,24/2/2024,0.0,0.0,0.0,0.0,0.0,0.0,0.0,0.0,0.0,0
5225.KL,24/2/2025,0.866884,0.877018,0.112848,0.010134,1.0,0.0,0.0,0.866884,0.877018,1
5225.KL,24/2/2026,0.0,0.0,0.0,0.0,0.0,0.0,0.0,0.0,0.0,0
5225.KL,24/3/2020,0.0,0.0,0.0,0.0,0.0,0.0,0.0,0.0,0.0,0
5225.KL,24/3/2021,0.0,0.0,0.0,0.0,0.0,0.0,0.0,0.0,0.0,0
5225.KL,24/3/2022,0.0,0.0,0.0,0.0,0.0,0.0,0.0,0.0,0.0,0
5225.KL,24/3/2023,0.0,0.0,0.0,0.0,0.0,0.0,0.0,0.0,0.0,0
5225.KL,24/3/2024,0.0,0.0,0.0,0.0,0.0,0.0,0.0,0.0,0.0,0
5225.KL,24/3/2025,0.0,0.0,0.0,0.0,0.0,0.0,0.0,0.0,0.0,0
5225.KL,24/4/2020,0.0,0.0,0.0,0.0,0.0,0.0,0.0,0.0,0.0,0
5225.KL,24/4/2021,0.0,0.0,0.0,0.0,0.0,0.0,0.0,0.0,0.0,0
5225.KL,24/4/2022,0.0,0.0,0.0,0.0,0.0,0.0,0.0,0.0,0.0,0
5225.KL,24/4/2023,0.0,0.0,0.0,0.0,0.0,0.0,0.0,0.0,0.0,0
5225.KL,24/4/2024,0.888746,0.897184,0.094379,0.008437,1.0,0.0,0.0,0.888746,0.897184,1
5225.KL,24/4/2025,0.0,0.0,0.0,0.0,0.0,0.0,0.0,0.0,0.0,0
5225.KL,24/5/2020,0.0,0.0,0.0,0.0,0.0,0.0,0.0,0.0,0.0,0
5225.KL,24/5/2021,0.0,0.0,0.0,0.0,0.0,0.0,0.0,0.0,0.0,0
5225.KL,24/5/2022,0.0,0.0,0.0,0.0,0.0,0.0,0.0,0.0,0.0,0
5225.KL,24/5/2023,0.0,0.0,0.0,0.0,0.0,0.0,0.0,0.0,0.0,0
5225.KL,24/5/2024,0.0,0.0,0.0,0.0,0.0,0.0,0.0,0.0,0.0,0
5225.KL,24/5/2025,0.0,0.0,0.0,0.0,0.0,0.0,0.0,0.0,0.0,0
5225.KL,24/6/2020,0.0,0.0,0.0,0.0,0.0,0.0,0.0,0.0,0.0,0
5225.KL,24/6/2021,-0.372221,0.121813,0.384154,0.494034,0.5,0.0,0.5,0.584982,0.86142,2
5225.KL,24/6/2022,0.0,0.0,0.0,0.0,0.0,0.0,0.0,0.0,0.0,0
5225.KL,24/6/2023,0.0,0.0,0.0,0.0,0.0,0.0,0.0,0.0,0.0,0
5225.KL,24/6/2024,0.0,0.0,0.0,0.0,0.0,0.0,0.0,0.0,0.0,0
5225.KL,24/6/2025,-0.927459,0.028922,0.014697,0.956381,0.0,0.0,1.0,0.927459,0.956381,1
5225.KL,24/7/2020,0.0,0.0,0.0,0.0,0.0,0.0,0.0,0.0,0.0,0
5225.KL,24/7/2021,0.0,0.0,0.0,0.0,0.0,0.0,0.0,0.0,0.0,0
5225.KL,24/7/2022,0.0,0.0,0.0,0.0,0.0,0.0,0.0,0.0,0.0,0
5225.KL,24/7/2023,0.115797,0.129468,0.856861,0.013671,1.0,0.0,0.0,0.115797,0.856861,1
5225.KL,24/7/2024,0.0,0.0,0.0,0.0,0.0,0.0,0.0,0.0,0.0,0
5225.KL,24/7/2025,0.472134,0.524102,0.423929,0.051968,0.75,0.25,0.0,0.472134,0.830642,4
5225.KL,24/8/2020,-0.010695,0.028793,0.931719,0.039488,0.0,1.0,0.0,0.010695,0.931719,1
5225.KL,24/8/2021,0.0,0.0,0.0,0.0,0.0,0.0,0.0,0.0,0.0,0
5225.KL,24/8/2022,0.0,0.0,0.0,0.0,0.0,0.0,0.0,0.0,0.0,0
5225.KL,24/8/2023,0.0,0.0,0.0,0.0,0.0,0.0,0.0,0.0,0.0,0
5225.KL,24/8/2024,0.0,0.0,0.0,0.0,0.0,0.0,0.0,0.0,0.0,0
5225.KL,24/8/2025,0.0,0.0,0.0,0.0,0.0,0.0,0.0,0.0,0.0,0
5225.KL,24/9/2020,0.0,0.0,0.0,0.0,0.0,0.0,0.0,0.0,0.0,0
5225.KL,24/9/2021,0.0,0.0,0.0,0.0,0.0,0.0,0.0,0.0,0.0,0
5225.KL,24/9/2022,0.0,0.0,0.0,0.0,0.0,0.0,0.0,0.0,0.0,0
5225.KL,24/9/2023,0.0,0.0,0.0,0.0,0.0,0.0,0.0,0.0,0.0,0
5225.KL,24/9/2024,0.0,0.0,0.0,0.0,0.0,0.0,0.0,0.0,0.0,0
5225.KL,24/9/2025,-0.380058,0.253778,0.112387,0.633835,0.0,0.0,1.0,0.380058,0.633835,1
5225.KL,25/1/2020,0.0,0.0,0.0,0.0,0.0,0.0,0.0,0.0,0.0,0
5225.KL,25/1/2021,0.0,0.0,0.0,0.0,0.0,0.0,0.0,0.0,0.0,0
5225.KL,25/1/2022,-0.951424,0.016718,0.015139,0.968143,0.0,0.0,1.0,0.951424,0.968143,1
5225.KL,25/1/2023,0.0,0.0,0.0,0.0,0.0,0.0,0.0,0.0,0.0,0
5225.KL,25/1/2024,0.362624,0.372496,0.617632,0.009872,1.0,0.0,0.0,0.362624,0.617632,1
5225.KL,25/1/2025,0.0,0.0,0.0,0.0,0.0,0.0,0.0,0.0,0.0,0
5225.KL,25/1/2026,0.0,0.0,0.0,0.0,0.0,0.0,0.0,0.0,0.0,0
5225.KL,25/10/2020,0.0,0.0,0.0,0.0,0.0,0.0,0.0,0.0,0.0,0
5225.KL,25/10/2021,0.0,0.0,0.0,0.0,0.0,0.0,0.0,0.0,0.0,0
5225.KL,25/10/2022,0.0,0.0,0.0,0.0,0.0,0.0,0.0,0.0,0.0,0
5225.KL,25/10/2023,0.0,0.0,0.0,0.0,0.0,0.0,0.0,0.0,0.0,0
5225.KL,25/10/2024,-0.961401,0.008323,0.021954,0.969723,0.0,0.0,1.0,0.961401,0.969723,1
5225.KL,25/10/2025,0.906314,0.93737,0.031574,0.031056,1.0,0.0,0.0,0.906314,0.93737,1
5225.KL,25/11/2020,0.762568,0.840225,0.082118,0.077657,1.0,0.0,0.0,0.762568,0.840225,1
5225.KL,25/11/2021,-0.448968,0.032674,0.485683,0.481642,0.0,0.5,0.5,0.479575,0.94744,2
5225.KL,25/11/2022,0.0,0.0,0.0,0.0,0.0,0.0,0.0,0.0,0.0,0
5225.KL,25/11/2023,0.775355,0.790786,0.193783,0.015431,1.0,0.0,0.0,0.775355,0.790786,1
5225.KL,25/11/2024,0.0,0.0,0.0,0.0,0.0,0.0,0.0,0.0,0.0,0
5225.KL,25/11/2025,0.0,0.0,0.0,0.0,0.0,0.0,0.0,0.0,0.0,0
5225.KL,25/12/2020,0.0,0.0,0.0,0.0,0.0,0.0,0.0,0.0,0.0,0
5225.KL,25/12/2021,0.0,0.0,0.0,0.0,0.0,0.0,0.0,0.0,0.0,0
5225.KL,25/12/2022,0.0,0.0,0.0,0.0,0.0,0.0,0.0,0.0,0.0,0
5225.KL,25/12/2023,0.0,0.0,0.0,0.0,0.0,0.0,0.0,0.0,0.0,0
5225.KL,25/12/2024,0.902175,0.926011,0.050153,0.023836,1.0,0.0,0.0,0.902175,0.926011,1
5225.KL,25/12/2025,0.0,0.0,0.0,0.0,0.0,0.0,0.0,0.0,0.0,0
5225.KL,25/2/2020,0.0,0.0,0.0,0.0,0.0,0.0,0.0,0.0,0.0,0
5225.KL,25/2/2021,0.0,0.0,0.0,0.0,0.0,0.0,0.0,0.0,0.0,0
5225.KL,25/2/2022,0.737409,0.788301,0.160807,0.050892,1.0,0.0,0.0,0.737409,0.788301,1
5225.KL,25/2/2023,0.0,0.0,0.0,0.0,0.0,0.0,0.0,0.0,0.0,0
5225.KL,25/2/2024,0.0,0.0,0.0,0.0,0.0,0.0,0.0,0.0,0.0,0
5225.KL,25/2/2025,0.288748,0.30293,0.682889,0.014181,0.5,0.5,0.0,0.288748,0.743318,2
5225.KL,25/2/2026,0.0,0.0,0.0,0.0,0.0,0.0,0.0,0.0,0.0,0
5225.KL,25/3/2020,0.0,0.0,0.0,0.0,0.0,0.0,0.0,0.0,0.0,0
5225.KL,25/3/2021,0.507724,0.593573,0.320579,0.085849,1.0,0.0,0.0,0.507724,0.593573,1
5225.KL,25/3/2022,0.0,0.0,0.0,0.0,0.0,0.0,0.0,0.0,0.0,0
5225.KL,25/3/2023,0.0,0.0,0.0,0.0,0.0,0.0,0.0,0.0,0.0,0
5225.KL,25/3/2024,0.0,0.0,0.0,0.0,0.0,0.0,0.0,0.0,0.0,0
5225.KL,25/3/2025,0.010015,0.038027,0.93396,0.028013,0.0,1.0,0.0,0.010015,0.93396,1
5225.KL,25/4/2020,0.0,0.0,0.0,0.0,0.0,0.0,0.0,0.0,0.0,0
5225.KL,25/4/2021,0.0,0.0,0.0,0.0,0.0,0.0,0.0,0.0,0.0,0
5225.KL,25/4/2022,0.0,0.0,0.0,0.0,0.0,0.0,0.0,0.0,0.0,0
5225.KL,25/4/2023,0.0,0.0,0.0,0.0,0.0,0.0,0.0,0.0,0.0,0
5225.KL,25/4/2024,0.0,0.0,0.0,0.0,0.0,0.0,0.0,0.0,0.0,0
5225.KL,25/4/2025,0.0,0.0,0.0,0.0,0.0,0.0,0.0,0.0,0.0,0
5225.KL,25/5/2020,0.0,0.0,0.0,0.0,0.0,0.0,0.0,0.0,0.0,0
5225.KL,25/5/2021,0.0,0.0,0.0,0.0,0.0,0.0,0.0,0.0,0.0,0
5225.KL,25/5/2022,0.0,0.0,0.0,0.0,0.0,0.0,0.0,0.0,0.0,0
5225.KL,25/5/2023,0.0,0.0,0.0,0.0,0.0,0.0,0.0,0.0,0.0,0
5225.KL,25/5/2024,0.0,0.0,0.0,0.0,0.0,0.0,0.0,0.0,0.0,0
5225.KL,25/5/2025,0.0,0.0,0.0,0.0,0.0,0.0,0.0,0.0,0.0,0
5225.KL,25/6/2020,0.0,0.0,0.0,0.0,0.0,0.0,0.0,0.0,0.0,0
5225.KL,25/6/2021,0.0,0.0,0.0,0.0,0.0,0.0,0.0,0.0,0.0,0
5225.KL,25/6/2022,-0.011797,0.039536,0.909131,0.051333,0.0,1.0,0.0,0.016641,0.909131,3
5225.KL,25/6/2023,0.0,0.0,0.0,0.0,0.0,0.0,0.0,0.0,0.0,0
5225.KL,25/6/2024,0.0,0.0,0.0,0.0,0.0,0.0,0.0,0.0,0.0,0
5225.KL,25/6/2025,-0.715813,0.126396,0.031396,0.842208,0.0,0.0,1.0,0.715813,0.842208,1
5225.KL,25/7/2020,0.0,0.0,0.0,0.0,0.0,0.0,0.0,0.0,0.0,0
5225.KL,25/7/2021,0.0,0.0,0.0,0.0,0.0,0.0,0.0,0.0,0.0,0
5225.KL,25/7/2022,0.0,0.0,0.0,0.0,0.0,0.0,0.0,0.0,0.0,0
5225.KL,25/7/2023,0.0,0.0,0.0,0.0,0.0,0.0,0.0,0.0,0.0,0
5225.KL,25/7/2024,-0.912424,0.021266,0.045045,0.93369,0.0,0.0,1.0,0.912424,0.93369,1
5225.KL,25/7/2025,-0.928335,0.023099,0.025468,0.951434,0.0,0.0,1.0,0.928335,0.951434,1
5225.KL,25/8/2020,0.0,0.0,0.0,0.0,0.0,0.0,0.0,0.0,0.0,0
5225.KL,25/8/2021,0.0,0.0,0.0,0.0,0.0,0.0,0.0,0.0,0.0,0
5225.KL,25/8/2022,0.0,0.0,0.0,0.0,0.0,0.0,0.0,0.0,0.0,0
5225.KL,25/8/2023,0.0,0.0,0.0,0.0,0.0,0.0,0.0,0.0,0.0,0
5225.KL,25/8/2024,0.0,0.0,0.0,0.0,0.0,0.0,0.0,0.0,0.0,0
5225.KL,25/8/2025,0.0,0.0,0.0,0.0,0.0,0.0,0.0,0.0,0.0,0
5225.KL,25/9/2020,0.0,0.0,0.0,0.0,0.0,0.0,0.0,0.0,0.0,0
5225.KL,25/9/2021,0.0,0.0,0.0,0.0,0.0,0.0,0.0,0.0,0.0,0
5225.KL,25/9/2022,0.0,0.0,0.0,0.0,0.0,0.0,0.0,0.0,0.0,0
5225.KL,25/9/2023,0.0,0.0,0.0,0.0,0.0,0.0,0.0,0.0,0.0,0
5225.KL,25/9/2024,0.576969,0.77428,0.028409,0.197311,1.0,0.0,0.0,0.576969,0.77428,2
5225.KL,25/9/2025,0.0,0.0,0.0,0.0,0.0,0.0,0.0,0.0,0.0,0
5225.KL,26/1/2020,0.0,0.0,0.0,0.0,0.0,0.0,0.0,0.0,0.0,0
5225.KL,26/1/2021,0.0,0.0,0.0,0.0,0.0,0.0,0.0,0.0,0.0,0
5225.KL,26/1/2022,0.0,0.0,0.0,0.0,0.0,0.0,0.0,0.0,0.0,0
5225.KL,26/1/2023,0.0,0.0,0.0,0.0,0.0,0.0,0.0,0.0,0.0,0
5225.KL,26/1/2024,0.030519,0.043662,0.943195,0.013143,0.0,1.0,0.0,0.030519,0.943195,1
5225.KL,26/1/2025,0.0,0.0,0.0,0.0,0.0,0.0,0.0,0.0,0.0,0
5225.KL,26/1/2026,0.0,0.0,0.0,0.0,0.0,0.0,0.0,0.0,0.0,0
5225.KL,26/10/2020,0.0,0.0,0.0,0.0,0.0,0.0,0.0,0.0,0.0,0
5225.KL,26/10/2021,0.0,0.0,0.0,0.0,0.0,0.0,0.0,0.0,0.0,0
5225.KL,26/10/2022,0.0,0.0,0.0,0.0,0.0,0.0,0.0,0.0,0.0,0
5225.KL,26/10/2023,0.0,0.0,0.0,0.0,0.0,0.0,0.0,0.0,0.0,0
5225.KL,26/10/2024,0.0,0.0,0.0,0.0,0.0,0.0,0.0,0.0,0.0,0
5225.KL,26/10/2025,0.0,0.0,0.0,0.0,0.0,0.0,0.0,0.0,0.0,0
5225.KL,26/11/2020,0.0,0.0,0.0,0.0,0.0,0.0,0.0,0.0,0.0,0
5225.KL,26/11/2021,0.0,0.0,0.0,0.0,0.0,0.0,0.0,0.0,0.0,0
5225.KL,26/11/2022,0.0,0.0,0.0,0.0,0.0,0.0,0.0,0.0,0.0,0
5225.KL,26/11/2023,0.0,0.0,0.0,0.0,0.0,0.0,0.0,0.0,0.0,0
5225.KL,26/11/2024,0.0,0.0,0.0,0.0,0.0,0.0,0.0,0.0,0.0,0
5225.KL,26/11/2025,0.0,0.0,0.0,0.0,0.0,0.0,0.0,0.0,0.0,0
5225.KL,26/12/2020,0.0,0.0,0.0,0.0,0.0,0.0,0.0,0.0,0.0,0
5225.KL,26/12/2021,0.0,0.0,0.0,0.0,0.0,0.0,0.0,0.0,0.0,0
5225.KL,26/12/2022,0.0,0.0,0.0,0.0,0.0,0.0,0.0,0.0,0.0,0
5225.KL,26/12/2023,0.0,0.0,0.0,0.0,0.0,0.0,0.0,0.0,0.0,0
5225.KL,26/12/2024,0.0,0.0,0.0,0.0,0.0,0.0,0.0,0.0,0.0,0
5225.KL,26/12/2025,0.0,0.0,0.0,0.0,0.0,0.0,0.0,0.0,0.0,0
5225.KL,26/2/2020,0.0,0.0,0.0,0.0,0.0,0.0,0.0,0.0,0.0,0
5225.KL,26/2/2021,0.0,0.0,0.0,0.0,0.0,0.0,0.0,0.0,0.0,0
5225.KL,26/2/2022,0.0,0.0,0.0,0.0,0.0,0.0,0.0,0.0,0.0,0
5225.KL,26/2/2023,0.0,0.0,0.0,0.0,0.0,0.0,0.0,0.0,0.0,0
5225.KL,26/2/2024,0.0,0.0,0.0,0.0,0.0,0.0,0.0,0.0,0.0,0
5225.KL,26/2/2025,-0.954547,0.009771,0.025912,0.964317,0.0,0.0,1.0,0.954547,0.964317,1
5225.KL,26/2/2026,0.0,0.0,0.0,0.0,0.0,0.0,0.0,0.0,0.0,0
5225.KL,26/3/2020,0.0,0.0,0.0,0.0,0.0,0.0,0.0,0.0,0.0,0
5225.KL,26/3/2021,0.0,0.0,0.0,0.0,0.0,0.0,0.0,0.0,0.0,0
5225.KL,26/3/2022,0.001162,0.03008,0.941003,0.028917,0.0,1.0,0.0,0.001162,0.941003,1
5225.KL,26/3/2023,0.0,0.0,0.0,0.0,0.0,0.0,0.0,0.0,0.0,0
5225.KL,26/3/2024,0.0,0.0,0.0,0.0,0.0,0.0,0.0,0.0,0.0,0
5225.KL,26/3/2025,0.0,0.0,0.0,0.0,0.0,0.0,0.0,0.0,0.0,0
5225.KL,26/4/2020,0.0,0.0,0.0,0.0,0.0,0.0,0.0,0.0,0.0,0
5225.KL,26/4/2021,0.0,0.0,0.0,0.0,0.0,0.0,0.0,0.0,0.0,0
5225.KL,26/4/2022,0.0,0.0,0.0,0.0,0.0,0.0,0.0,0.0,0.0,0
5225.KL,26/4/2023,0.0,0.0,0.0,0.0,0.0,0.0,0.0,0.0,0.0,0
5225.KL,26/4/2024,0.906168,0.933019,0.04013,0.026851,1.0,0.0,0.0,0.906168,0.933019,1
5225.KL,26/4/2025,0.0,0.0,0.0,0.0,0.0,0.0,0.0,0.0,0.0,0
5225.KL,26/5/2020,0.0,0.0,0.0,0.0,0.0,0.0,0.0,0.0,0.0,0
5225.KL,26/5/2021,0.0,0.0,0.0,0.0,0.0,0.0,0.0,0.0,0.0,0
5225.KL,26/5/2022,-0.632529,0.075013,0.217444,0.707542,0.0,0.0,1.0,0.632529,0.707542,1
5225.KL,26/5/2023,0.0,0.0,0.0,0.0,0.0,0.0,0.0,0.0,0.0,0
5225.KL,26/5/2024,0.0,0.0,0.0,0.0,0.0,0.0,0.0,0.0,0.0,0
5225.KL,26/5/2025,0.0,0.0,0.0,0.0,0.0,0.0,0.0,0.0,0.0,0
5225.KL,26/6/2020,0.0,0.0,0.0,0.0,0.0,0.0,0.0,0.0,0.0,0
5225.KL,26/6/2021,0.0,0.0,0.0,0.0,0.0,0.0,0.0,0.0,0.0,0
5225.KL,26/6/2022,0.0,0.0,0.0,0.0,0.0,0.0,0.0,0.0,0.0,0
5225.KL,26/6/2023,0.0,0.0,0.0,0.0,0.0,0.0,0.0,0.0,0.0,0
5225.KL,26/6/2024,0.0,0.0,0.0,0.0,0.0,0.0,0.0,0.0,0.0,0
5225.KL,26/6/2025,0.839032,0.884333,0.070365,0.045302,1.0,0.0,0.0,0.839032,0.884333,2
5225.KL,26/7/2020,0.0,0.0,0.0,0.0,0.0,0.0,0.0,0.0,0.0,0
5225.KL,26/7/2021,0.0,0.0,0.0,0.0,0.0,0.0,0.0,0.0,0.0,0
5225.KL,26/7/2022,0.0,0.0,0.0,0.0,0.0,0.0,0.0,0.0,0.0,0
5225.KL,26/7/2023,0.0,0.0,0.0,0.0,0.0,0.0,0.0,0.0,0.0,0
5225.KL,26/7/2024,0.0,0.0,0.0,0.0,0.0,0.0,0.0,0.0,0.0,0
5225.KL,26/7/2025,-0.855242,0.041218,0.062322,0.89646,0.0,0.0,1.0,0.855242,0.89646,1
5225.KL,26/8/2020,0.0,0.0,0.0,0.0,0.0,0.0,0.0,0.0,0.0,0
5225.KL,26/8/2021,0.0,0.0,0.0,0.0,0.0,0.0,0.0,0.0,0.0,0
5225.KL,26/8/2022,0.198037,0.212118,0.773802,0.014081,0.5,0.5,0.0,0.198037,0.773802,2
5225.KL,26/8/2023,0.080417,0.093181,0.894055,0.012764,0.0,1.0,0.0,0.080417,0.894055,1
5225.KL,26/8/2024,0.273841,0.290062,0.693718,0.01622,1.0,0.0,0.0,0.273841,0.693718,1
5225.KL,26/8/2025,0.0,0.0,0.0,0.0,0.0,0.0,0.0,0.0,0.0,0
5225.KL,26/9/2020,0.0,0.0,0.0,0.0,0.0,0.0,0.0,0.0,0.0,0
5225.KL,26/9/2021,0.0,0.0,0.0,0.0,0.0,0.0,0.0,0.0,0.0,0
5225.KL,26/9/2022,0.0,0.0,0.0,0.0,0.0,0.0,0.0,0.0,0.0,0
5225.KL,26/9/2023,0.0,0.0,0.0,0.0,0.0,0.0,0.0,0.0,0.0,0
5225.KL,26/9/2024,0.780388,0.86762,0.045149,0.087232,1.0,0.0,0.0,0.780388,0.86762,1
5225.KL,26/9/2025,0.0,0.0,0.0,0.0,0.0,0.0,0.0,0.0,0.0,0
5225.KL,27/1/2020,0.0,0.0,0.0,0.0,0.0,0.0,0.0,0.0,0.0,0
5225.KL,27/1/2021,0.0,0.0,0.0,0.0,0.0,0.0,0.0,0.0,0.0,0
5225.KL,27/1/2022,-0.945354,0.016359,0.021927,0.961713,0.0,0.0,1.0,0.945354,0.961713,1
5225.KL,27/1/2023,0.0,0.0,0.0,0.0,0.0,0.0,0.0,0.0,0.0,0
5225.KL,27/1/2024,0.0,0.0,0.0,0.0,0.0,0.0,0.0,0.0,0.0,0
5225.KL,27/1/2025,-0.613051,0.03952,0.30791,0.652571,0.0,0.0,1.0,0.613051,0.652571,1
5225.KL,27/1/2026,0.0,0.0,0.0,0.0,0.0,0.0,0.0,0.0,0.0,0
5225.KL,27/10/2020,0.0,0.0,0.0,0.0,0.0,0.0,0.0,0.0,0.0,0
5225.KL,27/10/2021,0.0,0.0,0.0,0.0,0.0,0.0,0.0,0.0,0.0,0
5225.KL,27/10/2022,0.0,0.0,0.0,0.0,0.0,0.0,0.0,0.0,0.0,0
5225.KL,27/10/2023,0.0,0.0,0.0,0.0,0.0,0.0,0.0,0.0,0.0,0
5225.KL,27/10/2024,0.0,0.0,0.0,0.0,0.0,0.0,0.0,0.0,0.0,0
5225.KL,27/10/2025,0.0,0.0,0.0,0.0,0.0,0.0,0.0,0.0,0.0,0
5225.KL,27/11/2020,0.49826,0.515884,0.466492,0.017624,0.5,0.5,0.0,0.49826,0.935795,2
5225.KL,27/11/2021,0.0,0.0,0.0,0.0,0.0,0.0,0.0,0.0,0.0,0
5225.KL,27/11/2022,0.0,0.0,0.0,0.0,0.0,0.0,0.0,0.0,0.0,0
5225.KL,27/11/2023,0.023169,0.038274,0.946621,0.015105,0.0,1.0,0.0,0.023169,0.946621,1
5225.KL,27/11/2024,0.0,0.0,0.0,0.0,0.0,0.0,0.0,0.0,0.0,0
5225.KL,27/11/2025,0.484623,0.499017,0.486588,0.014394,0.5,0.5,0.0,0.484623,0.934417,2
5225.KL,27/12/2020,0.0,0.0,0.0,0.0,0.0,0.0,0.0,0.0,0.0,0
5225.KL,27/12/2021,0.0,0.0,0.0,0.0,0.0,0.0,0.0,0.0,0.0,0
5225.KL,27/12/2022,-0.90351,0.039661,0.017169,0.943171,0.0,0.0,1.0,0.90351,0.943171,1
5225.KL,27/12/2023,0.0,0.0,0.0,0.0,0.0,0.0,0.0,0.0,0.0,0
5225.KL,27/12/2024,0.0,0.0,0.0,0.0,0.0,0.0,0.0,0.0,0.0,0
5225.KL,27/12/2025,0.0,0.0,0.0,0.0,0.0,0.0,0.0,0.0,0.0,0
5225.KL,27/2/2020,0.0,0.0,0.0,0.0,0.0,0.0,0.0,0.0,0.0,0
5225.KL,27/2/2021,0.0,0.0,0.0,0.0,0.0,0.0,0.0,0.0,0.0,0
5225.KL,27/2/2022,0.0,0.0,0.0,0.0,0.0,0.0,0.0,0.0,0.0,0
5225.KL,27/2/2023,0.0,0.0,0.0,0.0,0.0,0.0,0.0,0.0,0.0,0
5225.KL,27/2/2024,0.0,0.0,0.0,0.0,0.0,0.0,0.0,0.0,0.0,0
5225.KL,27/2/2025,0.0,0.0,0.0,0.0,0.0,0.0,0.0,0.0,0.0,0
5225.KL,27/2/2026,0.0,0.0,0.0,0.0,0.0,0.0,0.0,0.0,0.0,0
5225.KL,27/3/2020,0.0,0.0,0.0,0.0,0.0,0.0,0.0,0.0,0.0,0
5225.KL,27/3/2021,0.0,0.0,0.0,0.0,0.0,0.0,0.0,0.0,0.0,0
5225.KL,27/3/2022,0.0,0.0,0.0,0.0,0.0,0.0,0.0,0.0,0.0,0
5225.KL,27/3/2023,0.0,0.0,0.0,0.0,0.0,0.0,0.0,0.0,0.0,0
5225.KL,27/3/2024,0.0,0.0,0.0,0.0,0.0,0.0,0.0,0.0,0.0,0
5225.KL,27/3/2025,0.0,0.0,0.0,0.0,0.0,0.0,0.0,0.0,0.0,0
5225.KL,27/4/2020,-0.959117,0.012551,0.01578,0.971669,0.0,0.0,1.0,0.959117,0.971669,1
5225.KL,27/4/2021,0.0,0.0,0.0,0.0,0.0,0.0,0.0,0.0,0.0,0
5225.KL,27/4/2022,0.0,0.0,0.0,0.0,0.0,0.0,0.0,0.0,0.0,0
5225.KL,27/4/2023,0.0,0.0,0.0,0.0,0.0,0.0,0.0,0.0,0.0,0
5225.KL,27/4/2024,0.0,0.0,0.0,0.0,0.0,0.0,0.0,0.0,0.0,0
5225.KL,27/4/2025,0.0,0.0,0.0,0.0,0.0,0.0,0.0,0.0,0.0,0
5225.KL,27/5/2020,0.0,0.0,0.0,0.0,0.0,0.0,0.0,0.0,0.0,0
5225.KL,27/5/2021,0.0,0.0,0.0,0.0,0.0,0.0,0.0,0.0,0.0,0
5225.KL,27/5/2022,0.473752,0.493462,0.486828,0.01971,0.5,0.5,0.0,0.473752,0.946119,2
5225.KL,27/5/2023,0.0,0.0,0.0,0.0,0.0,0.0,0.0,0.0,0.0,0
5225.KL,27/5/2024,0.0,0.0,0.0,0.0,0.0,0.0,0.0,0.0,0.0,0
5225.KL,27/5/2025,0.0,0.0,0.0,0.0,0.0,0.0,0.0,0.0,0.0,0
5225.KL,27/6/2020,0.0,0.0,0.0,0.0,0.0,0.0,0.0,0.0,0.0,0
5225.KL,27/6/2021,0.0,0.0,0.0,0.0,0.0,0.0,0.0,0.0,0.0,0
5225.KL,27/6/2022,0.0,0.0,0.0,0.0,0.0,0.0,0.0,0.0,0.0,0
5225.KL,27/6/2023,0.513874,0.743118,0.027637,0.229244,1.0,0.0,0.0,0.513874,0.743118,1
5225.KL,27/6/2024,0.013741,0.050561,0.912619,0.03682,0.0,1.0,0.0,0.049931,0.912619,2
5225.KL,27/6/2025,0.0,0.0,0.0,0.0,0.0,0.0,0.0,0.0,0.0,0
5225.KL,27/7/2020,0.0,0.0,0.0,0.0,0.0,0.0,0.0,0.0,0.0,0
5225.KL,27/7/2021,0.0,0.0,0.0,0.0,0.0,0.0,0.0,0.0,0.0,0
5225.KL,27/7/2022,0.0,0.0,0.0,0.0,0.0,0.0,0.0,0.0,0.0,0
5225.KL,27/7/2023,0.0,0.0,0.0,0.0,0.0,0.0,0.0,0.0,0.0,0
5225.KL,27/7/2024,0.0,0.0,0.0,0.0,0.0,0.0,0.0,0.0,0.0,0
5225.KL,27/7/2025,0.0,0.0,0.0,0.0,0.0,0.0,0.0,0.0,0.0,0
5225.KL,27/8/2020,0.0,0.0,0.0,0.0,0.0,0.0,0.0,0.0,0.0,0
5225.KL,27/8/2021,0.0,0.0,0.0,0.0,0.0,0.0,0.0,0.0,0.0,0
5225.KL,27/8/2022,0.0,0.0,0.0,0.0,0.0,0.0,0.0,0.0,0.0,0
5225.KL,27/8/2023,0.0,0.0,0.0,0.0,0.0,0.0,0.0,0.0,0.0,0
5225.KL,27/8/2024,0.0,0.0,0.0,0.0,0.0,0.0,0.0,0.0,0.0,0
5225.KL,27/8/2025,0.902145,0.935445,0.031255,0.0333,1.0,0.0,0.0,0.902145,0.935445,1
5225.KL,27/9/2020,0.0,0.0,0.0,0.0,0.0,0.0,0.0,0.0,0.0,0
5225.KL,27/9/2021,0.0,0.0,0.0,0.0,0.0,0.0,0.0,0.0,0.0,0
5225.KL,27/9/2022,-0.84763,0.050752,0.050867,0.898382,0.0,0.0,1.0,0.84763,0.898382,1
5225.KL,27/9/2023,0.0,0.0,0.0,0.0,0.0,0.0,0.0,0.0,0.0,0
5225.KL,27/9/2024,-0.943845,0.023443,0.00927,0.967287,0.0,0.0,1.0,0.943845,0.967287,1
5225.KL,27/9/2025,0.0,0.0,0.0,0.0,0.0,0.0,0.0,0.0,0.0,0
5225.KL,28/1/2020,0.122477,0.170986,0.780504,0.04851,1.0,0.0,0.0,0.122477,0.780504,1
5225.KL,28/1/2021,0.0,0.0,0.0,0.0,0.0,0.0,0.0,0.0,0.0,0
5225.KL,28/1/2022,0.108224,0.504845,0.098535,0.396621,1.0,0.0,0.0,0.108224,0.504845,1
5225.KL,28/1/2023,0.0,0.0,0.0,0.0,0.0,0.0,0.0,0.0,0.0,0
5225.KL,28/1/2024,0.0,0.0,0.0,0.0,0.0,0.0,0.0,0.0,0.0,0
5225.KL,28/1/2025,0.0,0.0,0.0,0.0,0.0,0.0,0.0,0.0,0.0,0
5225.KL,28/1/2026,0.0,0.0,0.0,0.0,0.0,0.0,0.0,0.0,0.0,0
5225.KL,28/10/2020,0.0,0.0,0.0,0.0,0.0,0.0,0.0,0.0,0.0,0
5225.KL,28/10/2021,0.0,0.0,0.0,0.0,0.0,0.0,0.0,0.0,0.0,0
5225.KL,28/10/2022,0.0,0.0,0.0,0.0,0.0,0.0,0.0,0.0,0.0,0
5225.KL,28/10/2023,0.0,0.0,0.0,0.0,0.0,0.0,0.0,0.0,0.0,0
5225.KL,28/10/2024,0.0,0.0,0.0,0.0,0.0,0.0,0.0,0.0,0.0,0
5225.KL,28/10/2025,-0.943421,0.0129,0.030778,0.956322,0.0,0.0,1.0,0.943421,0.956322,1
5225.KL,28/11/2020,0.0,0.0,0.0,0.0,0.0,0.0,0.0,0.0,0.0,0
5225.KL,28/11/2021,0.0,0.0,0.0,0.0,0.0,0.0,0.0,0.0,0.0,0
5225.KL,28/11/2022,0.0,0.0,0.0,0.0,0.0,0.0,0.0,0.0,0.0,0
5225.KL,28/11/2023,0.0,0.0,0.0,0.0,0.0,0.0,0.0,0.0,0.0,0
5225.KL,28/11/2024,0.0,0.0,0.0,0.0,0.0,0.0,0.0,0.0,0.0,0
5225.KL,28/11/2025,0.0,0.0,0.0,0.0,0.0,0.0,0.0,0.0,0.0,0
5225.KL,28/12/2020,0.0,0.0,0.0,0.0,0.0,0.0,0.0,0.0,0.0,0
5225.KL,28/12/2021,0.892148,0.926807,0.038534,0.034659,1.0,0.0,0.0,0.892148,0.926807,1
5225.KL,28/12/2022,0.832109,0.849099,0.133911,0.01699,1.0,0.0,0.0,0.832109,0.849099,1
5225.KL,28/12/2023,0.0,0.0,0.0,0.0,0.0,0.0,0.0,0.0,0.0,0
5225.KL,28/12/2024,0.0,0.0,0.0,0.0,0.0,0.0,0.0,0.0,0.0,0
5225.KL,28/12/2025,0.0,0.0,0.0,0.0,0.0,0.0,0.0,0.0,0.0,0
5225.KL,28/2/2020,0.0,0.0,0.0,0.0,0.0,0.0,0.0,0.0,0.0,0
5225.KL,28/2/2021,0.0,0.0,0.0,0.0,0.0,0.0,0.0,0.0,0.0,0
5225.KL,28/2/2022,0.0,0.0,0.0,0.0,0.0,0.0,0.0,0.0,0.0,0
5225.KL,28/2/2023,0.0,0.0,0.0,0.0,0.0,0.0,0.0,0.0,0.0,0
5225.KL,28/2/2024,0.0,0.0,0.0,0.0,0.0,0.0,0.0,0.0,0.0,0
5225.KL,28/2/2025,0.382698,0.392073,0.598552,0.009375,0.5,0.5,0.0,0.382698,0.821004,2
5225.KL,28/2/2026,-0.964861,0.007789,0.019561,0.97265,0.0,0.0,1.0,0.964861,0.97265,1
5225.KL,28/3/2020,0.779949,0.853114,0.073721,0.073165,1.0,0.0,0.0,0.779949,0.853114,1
5225.KL,28/3/2021,0.0,0.0,0.0,0.0,0.0,0.0,0.0,0.0,0.0,0
5225.KL,28/3/2022,0.0,0.0,0.0,0.0,0.0,0.0,0.0,0.0,0.0,0
5225.KL,28/3/2023,0.0,0.0,0.0,0.0,0.0,0.0,0.0,0.0,0.0,0
5225.KL,28/3/2024,0.0,0.0,0.0,0.0,0.0,0.0,0.0,0.0,0.0,0
5225.KL,28/3/2025,0.0,0.0,0.0,0.0,0.0,0.0,0.0,0.0,0.0,0
5225.KL,28/4/2020,0.0,0.0,0.0,0.0,0.0,0.0,0.0,0.0,0.0,0
5225.KL,28/4/2021,0.0,0.0,0.0,0.0,0.0,0.0,0.0,0.0,0.0,0
5225.KL,28/4/2022,0.0,0.0,0.0,0.0,0.0,0.0,0.0,0.0,0.0,0
5225.KL,28/4/2023,0.0,0.0,0.0,0.0,0.0,0.0,0.0,0.0,0.0,0
5225.KL,28/4/2024,0.0,0.0,0.0,0.0,0.0,0.0,0.0,0.0,0.0,0
5225.KL,28/4/2025,0.0,0.0,0.0,0.0,0.0,0.0,0.0,0.0,0.0,0
5225.KL,28/5/2020,0.0,0.0,0.0,0.0,0.0,0.0,0.0,0.0,0.0,0
5225.KL,28/5/2021,0.0,0.0,0.0,0.0,0.0,0.0,0.0,0.0,0.0,0
5225.KL,28/5/2022,0.0,0.0,0.0,0.0,0.0,0.0,0.0,0.0,0.0,0
5225.KL,28/5/2023,0.0,0.0,0.0,0.0,0.0,0.0,0.0,0.0,0.0,0
5225.KL,28/5/2024,0.0,0.0,0.0,0.0,0.0,0.0,0.0,0.0,0.0,0
5225.KL,28/5/2025,0.60243,0.782183,0.038064,0.179753,1.0,0.0,0.0,0.60243,0.782183,1
5225.KL,28/6/2020,0.0,0.0,0.0,0.0,0.0,0.0,0.0,0.0,0.0,0
5225.KL,28/6/2021,0.0,0.0,0.0,0.0,0.0,0.0,0.0,0.0,0.0,0
5225.KL,28/6/2022,-0.718803,0.037313,0.206571,0.756116,0.0,0.0,1.0,0.718803,0.756116,1
5225.KL,28/6/2023,0.0,0.0,0.0,0.0,0.0,0.0,0.0,0.0,0.0,0
5225.KL,28/6/2024,0.0,0.0,0.0,0.0,0.0,0.0,0.0,0.0,0.0,0
5225.KL,28/6/2025,0.0,0.0,0.0,0.0,0.0,0.0,0.0,0.0,0.0,0
5225.KL,28/7/2020,0.0,0.0,0.0,0.0,0.0,0.0,0.0,0.0,0.0,0
5225.KL,28/7/2021,0.0,0.0,0.0,0.0,0.0,0.0,0.0,0.0,0.0,0
5225.KL,28/7/2022,0.0,0.0,0.0,0.0,0.0,0.0,0.0,0.0,0.0,0
5225.KL,28/7/2023,0.0,0.0,0.0,0.0,0.0,0.0,0.0,0.0,0.0,0
5225.KL,28/7/2024,0.0,0.0,0.0,0.0,0.0,0.0,0.0,0.0,0.0,0
5225.KL,28/7/2025,0.0,0.0,0.0,0.0,0.0,0.0,0.0,0.0,0.0,0
5225.KL,28/8/2020,0.897222,0.938175,0.020872,0.040953,1.0,0.0,0.0,0.897222,0.938175,1
5225.KL,28/8/2021,0.0,0.0,0.0,0.0,0.0,0.0,0.0,0.0,0.0,0
5225.KL,28/8/2022,0.0,0.0,0.0,0.0,0.0,0.0,0.0,0.0,0.0,0
5225.KL,28/8/2023,0.027408,0.041116,0.945177,0.013707,0.0,1.0,0.0,0.027408,0.945177,1
5225.KL,28/8/2024,0.864338,0.905343,0.053652,0.041005,1.0,0.0,0.0,0.864338,0.905343,1
5225.KL,28/8/2025,0.607297,0.774289,0.058719,0.166992,1.0,0.0,0.0,0.607297,0.774289,1
5225.KL,28/9/2020,0.0,0.0,0.0,0.0,0.0,0.0,0.0,0.0,0.0,0
5225.KL,28/9/2021,0.0,0.0,0.0,0.0,0.0,0.0,0.0,0.0,0.0,0
5225.KL,28/9/2022,0.104245,0.519019,0.066206,0.414775,1.0,0.0,0.0,0.104245,0.519019,1
5225.KL,28/9/2023,0.0,0.0,0.0,0.0,0.0,0.0,0.0,0.0,0.0,0
5225.KL,28/9/2024,-0.958621,0.012976,0.015426,0.971597,0.0,0.0,1.0,0.958621,0.971597,1
5225.KL,28/9/2025,0.0,0.0,0.0,0.0,0.0,0.0,0.0,0.0,0.0,0
5225.KL,29/1/2020,-0.74998,0.110397,0.029226,0.860377,0.0,0.0,1.0,0.74998,0.860377,1
5225.KL,29/1/2021,0.0,0.0,0.0,0.0,0.0,0.0,0.0,0.0,0.0,0
5225.KL,29/1/2022,0.0,0.0,0.0,0.0,0.0,0.0,0.0,0.0,0.0,0
5225.KL,29/1/2023,0.0,0.0,0.0,0.0,0.0,0.0,0.0,0.0,0.0,0
5225.KL,29/1/2024,0.0,0.0,0.0,0.0,0.0,0.0,0.0,0.0,0.0,0
5225.KL,29/1/2025,0.0,0.0,0.0,0.0,0.0,0.0,0.0,0.0,0.0,0
5225.KL,29/1/2026,-0.870804,0.054551,0.020094,0.925355,0.0,0.0,1.0,0.870804,0.925355,2
5225.KL,29/10/2020,0.0,0.0,0.0,0.0,0.0,0.0,0.0,0.0,0.0,0
5225.KL,29/10/2021,0.0,0.0,0.0,0.0,0.0,0.0,0.0,0.0,0.0,0
5225.KL,29/10/2022,0.0,0.0,0.0,0.0,0.0,0.0,0.0,0.0,0.0,0
5225.KL,29/10/2023,0.0,0.0,0.0,0.0,0.0,0.0,0.0,0.0,0.0,0
5225.KL,29/10/2024,0.0,0.0,0.0,0.0,0.0,0.0,0.0,0.0,0.0,0
5225.KL,29/10/2025,0.52861,0.729258,0.070095,0.200648,1.0,0.0,0.0,0.52861,0.729258,1
5225.KL,29/11/2020,0.0,0.0,0.0,0.0,0.0,0.0,0.0,0.0,0.0,0
5225.KL,29/11/2021,0.0,0.0,0.0,0.0,0.0,0.0,0.0,0.0,0.0,0
5225.KL,29/11/2022,0.0,0.0,0.0,0.0,0.0,0.0,0.0,0.0,0.0,0
5225.KL,29/11/2023,0.0,0.0,0.0,0.0,0.0,0.0,0.0,0.0,0.0,0
5225.KL,29/11/2024,0.02939,0.043382,0.942626,0.013992,0.0,1.0,0.0,0.02939,0.942626,1
5225.KL,29/11/2025,0.0,0.0,0.0,0.0,0.0,0.0,0.0,0.0,0.0,0
5225.KL,29/12/2020,0.0,0.0,0.0,0.0,0.0,0.0,0.0,0.0,0.0,0
5225.KL,29/12/2021,0.0,0.0,0.0,0.0,0.0,0.0,0.0,0.0,0.0,0
5225.KL,29/12/2022,0.0,0.0,0.0,0.0,0.0,0.0,0.0,0.0,0.0,0
5225.KL,29/12/2023,0.0,0.0,0.0,0.0,0.0,0.0,0.0,0.0,0.0,0
5225.KL,29/12/2024,0.0,0.0,0.0,0.0,0.0,0.0,0.0,0.0,0.0,0
5225.KL,29/12/2025,0.256259,0.273597,0.709065,0.017338,1.0,0.0,0.0,0.256259,0.709065,1
5225.KL,29/2/2020,0.0,0.0,0.0,0.0,0.0,0.0,0.0,0.0,0.0,0
5225.KL,29/2/2024,0.0,0.0,0.0,0.0,0.0,0.0,0.0,0.0,0.0,0
5225.KL,29/3/2020,0.0,0.0,0.0,0.0,0.0,0.0,0.0,0.0,0.0,0
5225.KL,29/3/2021,0.0,0.0,0.0,0.0,0.0,0.0,0.0,0.0,0.0,0
5225.KL,29/3/2022,-0.952901,0.012316,0.022468,0.965216,0.0,0.0,1.0,0.952901,0.965216,1
5225.KL,29/3/2023,0.0,0.0,0.0,0.0,0.0,0.0,0.0,0.0,0.0,0
5225.KL,29/3/2024,0.0,0.0,0.0,0.0,0.0,0.0,0.0,0.0,0.0,0
5225.KL,29/3/2025,0.0,0.0,0.0,0.0,0.0,0.0,0.0,0.0,0.0,0
5225.KL,29/4/2020,0.0,0.0,0.0,0.0,0.0,0.0,0.0,0.0,0.0,0
5225.KL,29/4/2021,0.0,0.0,0.0,0.0,0.0,0.0,0.0,0.0,0.0,0
5225.KL,29/4/2022,0.920157,0.94659,0.026978,0.026433,1.0,0.0,0.0,0.920157,0.94659,1
5225.KL,29/4/2023,0.0,0.0,0.0,0.0,0.0,0.0,0.0,0.0,0.0,0
5225.KL,29/4/2024,0.742427,0.752017,0.238394,0.00959,1.0,0.0,0.0,0.742427,0.752017,1
5225.KL,29/4/2025,0.0,0.0,0.0,0.0,0.0,0.0,0.0,0.0,0.0,0
5225.KL,29/5/2020,0.0,0.0,0.0,0.0,0.0,0.0,0.0,0.0,0.0,0
5225.KL,29/5/2021,0.0,0.0,0.0,0.0,0.0,0.0,0.0,0.0,0.0,0
5225.KL,29/5/2022,0.0,0.0,0.0,0.0,0.0,0.0,0.0,0.0,0.0,0
5225.KL,29/5/2023,0.0,0.0,0.0,0.0,0.0,0.0,0.0,0.0,0.0,0
5225.KL,29/5/2024,0.059086,0.069952,0.919181,0.010866,0.0,1.0,0.0,0.059086,0.919181,1
5225.KL,29/5/2025,0.0,0.0,0.0,0.0,0.0,0.0,0.0,0.0,0.0,0
5225.KL,29/6/2020,0.0,0.0,0.0,0.0,0.0,0.0,0.0,0.0,0.0,0
5225.KL,29/6/2021,0.0,0.0,0.0,0.0,0.0,0.0,0.0,0.0,0.0,0
5225.KL,29/6/2022,0.0,0.0,0.0,0.0,0.0,0.0,0.0,0.0,0.0,0
5225.KL,29/6/2023,0.833752,0.905516,0.02272,0.071764,1.0,0.0,0.0,0.833752,0.905516,1
5225.KL,29/6/2024,0.0,0.0,0.0,0.0,0.0,0.0,0.0,0.0,0.0,0
5225.KL,29/6/2025,0.0,0.0,0.0,0.0,0.0,0.0,0.0,0.0,0.0,0
5225.KL,29/7/2020,0.843082,0.873618,0.095846,0.030536,1.0,0.0,0.0,0.843082,0.873618,1
5225.KL,29/7/2021,0.244722,0.252963,0.738796,0.008241,1.0,0.0,0.0,0.244722,0.738796,1
5225.KL,29/7/2022,0.859335,0.884216,0.090904,0.02488,1.0,0.0,0.0,0.859335,0.884216,2
5225.KL,29/7/2023,0.0,0.0,0.0,0.0,0.0,0.0,0.0,0.0,0.0,0
5225.KL,29/7/2024,0.0,0.0,0.0,0.0,0.0,0.0,0.0,0.0,0.0,0
5225.KL,29/7/2025,-0.125534,0.35715,0.160167,0.482684,0.5,0.0,0.5,0.784233,0.812033,2
5225.KL,29/8/2020,0.0,0.0,0.0,0.0,0.0,0.0,0.0,0.0,0.0,0
5225.KL,29/8/2021,0.0,0.0,0.0,0.0,0.0,0.0,0.0,0.0,0.0,0
5225.KL,29/8/2022,0.0,0.0,0.0,0.0,0.0,0.0,0.0,0.0,0.0,0
5225.KL,29/8/2023,0.0,0.0,0.0,0.0,0.0,0.0,0.0,0.0,0.0,0
5225.KL,29/8/2024,0.767265,0.843803,0.079658,0.076538,1.0,0.0,0.0,0.767265,0.843803,1
5225.KL,29/8/2025,-0.111638,0.215478,0.457406,0.327116,0.333333,0.333333,0.333333,0.504744,0.82478,3
5225.KL,29/9/2020,0.0,0.0,0.0,0.0,0.0,0.0,0.0,0.0,0.0,0
5225.KL,29/9/2021,0.759811,0.835082,0.089646,0.075271,1.0,0.0,0.0,0.759811,0.835082,1
5225.KL,29/9/2022,-0.26811,0.26364,0.204611,0.531749,0.5,0.0,0.5,0.69102,0.743204,2
5225.KL,29/9/2023,0.0,0.0,0.0,0.0,0.0,0.0,0.0,0.0,0.0,0
5225.KL,29/9/2024,0.0,0.0,0.0,0.0,0.0,0.0,0.0,0.0,0.0,0
5225.KL,29/9/2025,0.287387,0.299261,0.688865,0.011874,1.0,0.0,0.0,0.287387,0.688865,1
5225.KL,3/1/2020,0.750003,0.795725,0.158553,0.045722,1.0,0.0,0.0,0.750003,0.795725,1
5225.KL,3/1/2021,0.0,0.0,0.0,0.0,0.0,0.0,0.0,0.0,0.0,0
5225.KL,3/1/2022,0.0,0.0,0.0,0.0,0.0,0.0,0.0,0.0,0.0,0
5225.KL,3/1/2023,0.0,0.0,0.0,0.0,0.0,0.0,0.0,0.0,0.0,0
5225.KL,3/1/2024,0.0,0.0,0.0,0.0,0.0,0.0,0.0,0.0,0.0,0
5225.KL,3/1/2025,0.524954,0.735008,0.054937,0.210055,1.0,0.0,0.0,0.524954,0.735008,1
5225.KL,3/1/2026,-0.936999,0.012323,0.038355,0.949322,0.0,0.0,1.0,0.936999,0.949322,1
5225.KL,3/10/2020,0.0,0.0,0.0,0.0,0.0,0.0,0.0,0.0,0.0,0
5225.KL,3/10/2021,0.0,0.0,0.0,0.0,0.0,0.0,0.0,0.0,0.0,0
5225.KL,3/10/2022,0.0,0.0,0.0,0.0,0.0,0.0,0.0,0.0,0.0,0
5225.KL,3/10/2023,0.0,0.0,0.0,0.0,0.0,0.0,0.0,0.0,0.0,0
5225.KL,3/10/2024,-0.821539,0.067895,0.042671,0.889434,0.0,0.0,1.0,0.821539,0.889434,1
5225.KL,3/10/2025,0.007496,0.451457,0.104581,0.443961,0.5,0.0,0.5,0.768107,0.831763,2
5225.KL,3/11/2020,0.0,0.0,0.0,0.0,0.0,0.0,0.0,0.0,0.0,0
5225.KL,3/11/2021,0.0,0.0,0.0,0.0,0.0,0.0,0.0,0.0,0.0,0
5225.KL,3/11/2022,0.0,0.0,0.0,0.0,0.0,0.0,0.0,0.0,0.0,0
5225.KL,3/11/2023,0.0,0.0,0.0,0.0,0.0,0.0,0.0,0.0,0.0,0
5225.KL,3/11/2024,0.0,0.0,0.0,0.0,0.0,0.0,0.0,0.0,0.0,0
5225.KL,3/11/2025,0.879174,0.924637,0.029901,0.045462,1.0,0.0,0.0,0.879174,0.924637,1
5225.KL,3/12/2020,0.0,0.0,0.0,0.0,0.0,0.0,0.0,0.0,0.0,0
5225.KL,3/12/2021,0.0,0.0,0.0,0.0,0.0,0.0,0.0,0.0,0.0,0
5225.KL,3/12/2022,0.0,0.0,0.0,0.0,0.0,0.0,0.0,0.0,0.0,0
5225.KL,3/12/2023,0.0,0.0,0.0,0.0,0.0,0.0,0.0,0.0,0.0,0
5225.KL,3/12/2024,0.779572,0.875507,0.028558,0.095935,1.0,0.0,0.0,0.779572,0.875507,1
5225.KL,3/12/2025,0.0,0.0,0.0,0.0,0.0,0.0,0.0,0.0,0.0,0
5225.KL,3/2/2020,0.0,0.0,0.0,0.0,0.0,0.0,0.0,0.0,0.0,0
5225.KL,3/2/2021,0.885614,0.918295,0.049023,0.032681,1.0,0.0,0.0,0.885614,0.918295,1
5225.KL,3/2/2022,0.0,0.0,0.0,0.0,0.0,0.0,0.0,0.0,0.0,0
5225.KL,3/2/2023,0.045522,0.060577,0.924369,0.015055,0.0,1.0,0.0,0.045522,0.924369,2
5225.KL,3/2/2024,0.0,0.0,0.0,0.0,0.0,0.0,0.0,0.0,0.0,0
5225.KL,3/2/2025,0.0,0.0,0.0,0.0,0.0,0.0,0.0,0.0,0.0,0
5225.KL,3/2/2026,0.0,0.0,0.0,0.0,0.0,0.0,0.0,0.0,0.0,0
5225.KL,3/3/2020,0.0,0.0,0.0,0.0,0.0,0.0,0.0,0.0,0.0,0
5225.KL,3/3/2021,0.0,0.0,0.0,0.0,0.0,0.0,0.0,0.0,0.0,0
5225.KL,3/3/2022,0.0,0.0,0.0,0.0,0.0,0.0,0.0,0.0,0.0,0
5225.KL,3/3/2023,-0.902963,0.037666,0.021705,0.940629,0.0,0.0,1.0,0.902963,0.940629,1
5225.KL,3/3/2024,0.0,0.0,0.0,0.0,0.0,0.0,0.0,0.0,0.0,0
5225.KL,3/3/2025,0.0,0.0,0.0,0.0,0.0,0.0,0.0,0.0,0.0,0
5225.KL,3/3/2026,0.0,0.0,0.0,0.0,0.0,0.0,0.0,0.0,0.0,0
5225.KL,3/4/2020,0.0,0.0,0.0,0.0,0.0,0.0,0.0,0.0,0.0,0
5225.KL,3/4/2021,0.0,0.0,0.0,0.0,0.0,0.0,0.0,0.0,0.0,0
5225.KL,3/4/2022,0.0,0.0,0.0,0.0,0.0,0.0,0.0,0.0,0.0,0
5225.KL,3/4/2023,0.0,0.0,0.0,0.0,0.0,0.0,0.0,0.0,0.0,0
5225.KL,3/4/2024,0.0,0.0,0.0,0.0,0.0,0.0,0.0,0.0,0.0,0
5225.KL,3/4/2025,0.761674,0.847809,0.066056,0.086135,1.0,0.0,0.0,0.761674,0.847809,1
5225.KL,3/5/2020,0.0,0.0,0.0,0.0,0.0,0.0,0.0,0.0,0.0,0
5225.KL,3/5/2021,0.0,0.0,0.0,0.0,0.0,0.0,0.0,0.0,0.0,0
5225.KL,3/5/2022,0.0,0.0,0.0,0.0,0.0,0.0,0.0,0.0,0.0,0
5225.KL,3/5/2023,0.0,0.0,0.0,0.0,0.0,0.0,0.0,0.0,0.0,0
5225.KL,3/5/2024,0.0,0.0,0.0,0.0,0.0,0.0,0.0,0.0,0.0,0
5225.KL,3/5/2025,-0.822907,0.064673,0.047747,0.88758,0.0,0.0,1.0,0.822907,0.88758,1
5225.KL,3/6/2020,0.0,0.0,0.0,0.0,0.0,0.0,0.0,0.0,0.0,0
5225.KL,3/6/2021,0.0,0.0,0.0,0.0,0.0,0.0,0.0,0.0,0.0,0
5225.KL,3/6/2022,0.0,0.0,0.0,0.0,0.0,0.0,0.0,0.0,0.0,0
5225.KL,3/6/2023,0.0,0.0,0.0,0.0,0.0,0.0,0.0,0.0,0.0,0
5225.KL,3/6/2024,0.0,0.0,0.0,0.0,0.0,0.0,0.0,0.0,0.0,0
5225.KL,3/6/2025,0.0,0.0,0.0,0.0,0.0,0.0,0.0,0.0,0.0,0
5225.KL,3/7/2020,0.0,0.0,0.0,0.0,0.0,0.0,0.0,0.0,0.0,0
5225.KL,3/7/2021,0.0,0.0,0.0,0.0,0.0,0.0,0.0,0.0,0.0,0
5225.KL,3/7/2022,0.0,0.0,0.0,0.0,0.0,0.0,0.0,0.0,0.0,0
5225.KL,3/7/2023,0.0,0.0,0.0,0.0,0.0,0.0,0.0,0.0,0.0,0
5225.KL,3/7/2024,0.0,0.0,0.0,0.0,0.0,0.0,0.0,0.0,0.0,0
5225.KL,3/7/2025,0.0,0.0,0.0,0.0,0.0,0.0,0.0,0.0,0.0,0
5225.KL,3/8/2020,0.0,0.0,0.0,0.0,0.0,0.0,0.0,0.0,0.0,0
5225.KL,3/8/2021,-0.246434,0.133834,0.485897,0.380268,0.0,0.0,1.0,0.246434,0.485897,1
5225.KL,3/8/2022,0.0,0.0,0.0,0.0,0.0,0.0,0.0,0.0,0.0,0
5225.KL,3/8/2023,0.0,0.0,0.0,0.0,0.0,0.0,0.0,0.0,0.0,0
5225.KL,3/8/2024,0.0,0.0,0.0,0.0,0.0,0.0,0.0,0.0,0.0,0
5225.KL,3/8/2025,0.0,0.0,0.0,0.0,0.0,0.0,0.0,0.0,0.0,0
5225.KL,3/9/2020,0.0,0.0,0.0,0.0,0.0,0.0,0.0,0.0,0.0,0
5225.KL,3/9/2021,0.0,0.0,0.0,0.0,0.0,0.0,0.0,0.0,0.0,0
5225.KL,3/9/2022,0.0,0.0,0.0,0.0,0.0,0.0,0.0,0.0,0.0,0
5225.KL,3/9/2023,0.0,0.0,0.0,0.0,0.0,0.0,0.0,0.0,0.0,0
5225.KL,3/9/2024,0.0,0.0,0.0,0.0,0.0,0.0,0.0,0.0,0.0,0
5225.KL,3/9/2025,0.0,0.0,0.0,0.0,0.0,0.0,0.0,0.0,0.0,0
5225.KL,30/1/2020,-0.933846,0.018142,0.029869,0.951989,0.0,0.0,1.0,0.933846,0.951989,1
5225.KL,30/1/2021,0.0,0.0,0.0,0.0,0.0,0.0,0.0,0.0,0.0,0
5225.KL,30/1/2022,0.0,0.0,0.0,0.0,0.0,0.0,0.0,0.0,0.0,0
5225.KL,30/1/2023,0.0,0.0,0.0,0.0,0.0,0.0,0.0,0.0,0.0,0
5225.KL,30/1/2024,0.0,0.0,0.0,0.0,0.0,0.0,0.0,0.0,0.0,0
5225.KL,30/1/2025,0.0,0.0,0.0,0.0,0.0,0.0,0.0,0.0,0.0,0
5225.KL,30/1/2026,0.0,0.0,0.0,0.0,0.0,0.0,0.0,0.0,0.0,0
5225.KL,30/10/2020,-0.480944,0.103114,0.312827,0.584059,0.0,0.0,1.0,0.480944,0.584059,1
5225.KL,30/10/2021,0.0,0.0,0.0,0.0,0.0,0.0,0.0,0.0,0.0,0
5225.KL,30/10/2022,0.0,0.0,0.0,0.0,0.0,0.0,0.0,0.0,0.0,0
5225.KL,30/10/2023,0.0,0.0,0.0,0.0,0.0,0.0,0.0,0.0,0.0,0
5225.KL,30/10/2024,0.0,0.0,0.0,0.0,0.0,0.0,0.0,0.0,0.0,0
5225.KL,30/10/2025,0.632104,0.78906,0.053983,0.156957,1.0,0.0,0.0,0.632104,0.78906,2
5225.KL,30/11/2020,0.0,0.0,0.0,0.0,0.0,0.0,0.0,0.0,0.0,0
5225.KL,30/11/2021,0.0,0.0,0.0,0.0,0.0,0.0,0.0,0.0,0.0,0
5225.KL,30/11/2022,-0.955822,0.007554,0.02907,0.963376,0.0,0.0,1.0,0.955822,0.963376,1
5225.KL,30/11/2023,0.0,0.0,0.0,0.0,0.0,0.0,0.0,0.0,0.0,0
5225.KL,30/11/2024,0.0,0.0,0.0,0.0,0.0,0.0,0.0,0.0,0.0,0
5225.KL,30/11/2025,0.0,0.0,0.0,0.0,0.0,0.0,0.0,0.0,0.0,0
5225.KL,30/12/2020,0.0,0.0,0.0,0.0,0.0,0.0,0.0,0.0,0.0,0
5225.KL,30/12/2021,0.0,0.0,0.0,0.0,0.0,0.0,0.0,0.0,0.0,0
5225.KL,30/12/2022,0.908253,0.933107,0.042039,0.024854,1.0,0.0,0.0,0.908253,0.933107,1
5225.KL,30/12/2023,0.0,0.0,0.0,0.0,0.0,0.0,0.0,0.0,0.0,0
5225.KL,30/12/2024,0.0,0.0,0.0,0.0,0.0,0.0,0.0,0.0,0.0,0
5225.KL,30/12/2025,0.906348,0.93532,0.035708,0.028972,1.0,0.0,0.0,0.906348,0.93532,1
5225.KL,30/3/2020,0.0,0.0,0.0,0.0,0.0,0.0,0.0,0.0,0.0,0
5225.KL,30/3/2021,0.0,0.0,0.0,0.0,0.0,0.0,0.0,0.0,0.0,0
5225.KL,30/3/2022,0.0,0.0,0.0,0.0,0.0,0.0,0.0,0.0,0.0,0
5225.KL,30/3/2023,0.0,0.0,0.0,0.0,0.0,0.0,0.0,0.0,0.0,0
5225.KL,30/3/2024,0.0,0.0,0.0,0.0,0.0,0.0,0.0,0.0,0.0,0
5225.KL,30/3/2025,0.0,0.0,0.0,0.0,0.0,0.0,0.0,0.0,0.0,0
5225.KL,30/4/2020,0.0,0.0,0.0,0.0,0.0,0.0,0.0,0.0,0.0,0
5225.KL,30/4/2021,0.0,0.0,0.0,0.0,0.0,0.0,0.0,0.0,0.0,0
5225.KL,30/4/2022,0.855575,0.912245,0.031085,0.05667,1.0,0.0,0.0,0.855575,0.912245,1
5225.KL,30/4/2023,0.0,0.0,0.0,0.0,0.0,0.0,0.0,0.0,0.0,0
5225.KL,30/4/2024,0.326712,0.333763,0.659185,0.007051,1.0,0.0,0.0,0.326712,0.659185,1
5225.KL,30/4/2025,0.0,0.0,0.0,0.0,0.0,0.0,0.0,0.0,0.0,0
5225.KL,30/5/2020,0.0,0.0,0.0,0.0,0.0,0.0,0.0,0.0,0.0,0
5225.KL,30/5/2021,0.0,0.0,0.0,0.0,0.0,0.0,0.0,0.0,0.0,0
5225.KL,30/5/2022,0.0,0.0,0.0,0.0,0.0,0.0,0.0,0.0,0.0,0
5225.KL,30/5/2023,0.0,0.0,0.0,0.0,0.0,0.0,0.0,0.0,0.0,0
5225.KL,30/5/2024,-0.459511,0.033631,0.473227,0.493142,0.0,0.5,0.5,0.499258,0.954281,2
5225.KL,30/5/2025,-0.202255,0.115814,0.566117,0.318069,0.333333,0.333333,0.333333,0.39216,0.868286,3
5225.KL,30/6/2020,-0.309434,0.025003,0.64056,0.334437,0.0,0.666667,0.333333,0.33073,0.954774,3
5225.KL,30/6/2021,0.0,0.0,0.0,0.0,0.0,0.0,0.0,0.0,0.0,0
5225.KL,30/6/2022,0.0,0.0,0.0,0.0,0.0,0.0,0.0,0.0,0.0,0
5225.KL,30/6/2023,0.0,0.0,0.0,0.0,0.0,0.0,0.0,0.0,0.0,0
5225.KL,30/6/2024,0.0,0.0,0.0,0.0,0.0,0.0,0.0,0.0,0.0,0
5225.KL,30/6/2025,0.039048,0.051826,0.935395,0.012779,0.0,1.0,0.0,0.039048,0.935395,1
5225.KL,30/7/2020,0.0,0.0,0.0,0.0,0.0,0.0,0.0,0.0,0.0,0
5225.KL,30/7/2021,0.0,0.0,0.0,0.0,0.0,0.0,0.0,0.0,0.0,0
5225.KL,30/7/2022,0.804714,0.887866,0.028983,0.083152,1.0,0.0,0.0,0.804714,0.887866,1
5225.KL,30/7/2023,0.0,0.0,0.0,0.0,0.0,0.0,0.0,0.0,0.0,0
5225.KL,30/7/2024,-0.595553,0.037756,0.328935,0.633309,0.0,0.333333,0.666667,0.612147,0.943448,3
5225.KL,30/7/2025,0.0,0.0,0.0,0.0,0.0,0.0,0.0,0.0,0.0,0
5225.KL,30/8/2020,0.0,0.0,0.0,0.0,0.0,0.0,0.0,0.0,0.0,0
5225.KL,30/8/2021,0.0,0.0,0.0,0.0,0.0,0.0,0.0,0.0,0.0,0
5225.KL,30/8/2022,0.0,0.0,0.0,0.0,0.0,0.0,0.0,0.0,0.0,0
5225.KL,30/8/2023,0.024658,0.03961,0.945439,0.014951,0.0,1.0,0.0,0.024658,0.945439,1
5225.KL,30/8/2024,0.540757,0.607629,0.325499,0.066872,0.666667,0.333333,0.0,0.540757,0.897356,3
5225.KL,30/8/2025,0.765539,0.773766,0.218007,0.008227,1.0,0.0,0.0,0.765539,0.773766,1
5225.KL,30/9/2020,0.0,0.0,0.0,0.0,0.0,0.0,0.0,0.0,0.0,0
5225.KL,30/9/2021,0.0,0.0,0.0,0.0,0.0,0.0,0.0,0.0,0.0,0
5225.KL,30/9/2022,-0.950859,0.01216,0.024822,0.963018,0.0,0.0,1.0,0.950859,0.963018,1
5225.KL,30/9/2023,-0.376159,0.01542,0.593002,0.391579,0.0,0.0,1.0,0.376159,0.593002,1
5225.KL,30/9/2024,0.0,0.0,0.0,0.0,0.0,0.0,0.0,0.0,0.0,0
5225.KL,30/9/2025,0.0,0.0,0.0,0.0,0.0,0.0,0.0,0.0,0.0,0
5225.KL,31/1/2020,0.0,0.0,0.0,0.0,0.0,0.0,0.0,0.0,0.0,0
5225.KL,31/1/2021,0.0,0.0,0.0,0.0,0.0,0.0,0.0,0.0,0.0,0
5225.KL,31/1/2022,0.0,0.0,0.0,0.0,0.0,0.0,0.0,0.0,0.0,0
5225.KL,31/1/2023,0.0,0.0,0.0,0.0,0.0,0.0,0.0,0.0,0.0,0
5225.KL,31/1/2024,0.837584,0.888581,0.060422,0.050997,1.0,0.0,0.0,0.837584,0.888581,1
5225.KL,31/1/2025,0.0,0.0,0.0,0.0,0.0,0.0,0.0,0.0,0.0,0
5225.KL,31/1/2026,0.0,0.0,0.0,0.0,0.0,0.0,0.0,0.0,0.0,0
5225.KL,31/10/2020,-0.858916,0.022662,0.095759,0.881579,0.0,0.0,1.0,0.858916,0.881579,1
5225.KL,31/10/2021,0.0,0.0,0.0,0.0,0.0,0.0,0.0,0.0,0.0,0
5225.KL,31/10/2022,0.0,0.0,0.0,0.0,0.0,0.0,0.0,0.0,0.0,0
5225.KL,31/10/2023,0.0,0.0,0.0,0.0,0.0,0.0,0.0,0.0,0.0,0
5225.KL,31/10/2024,0.0,0.0,0.0,0.0,0.0,0.0,0.0,0.0,0.0,0
5225.KL,31/10/2025,-0.829728,0.078468,0.013336,0.908196,0.0,0.0,1.0,0.829728,0.908196,1
5225.KL,31/12/2020,0.0,0.0,0.0,0.0,0.0,0.0,0.0,0.0,0.0,0
5225.KL,31/12/2021,0.0,0.0,0.0,0.0,0.0,0.0,0.0,0.0,0.0,0
5225.KL,31/12/2022,0.0,0.0,0.0,0.0,0.0,0.0,0.0,0.0,0.0,0
5225.KL,31/12/2023,0.0,0.0,0.0,0.0,0.0,0.0,0.0,0.0,0.0,0
5225.KL,31/12/2024,-0.220168,0.369816,0.040199,0.589985,0.0,0.0,1.0,0.220168,0.589985,1
5225.KL,31/12/2025,0.893708,0.931512,0.030684,0.037804,1.0,0.0,0.0,0.893708,0.931512,1
5225.KL,31/3/2020,0.124907,0.142432,0.840043,0.017525,1.0,0.0,0.0,0.124907,0.840043,1
5225.KL,31/3/2021,-0.933191,0.022746,0.021317,0.955937,0.0,0.0,1.0,0.933191,0.955937,1
5225.KL,31/3/2022,0.0,0.0,0.0,0.0,0.0,0.0,0.0,0.0,0.0,0
5225.KL,31/3/2023,0.0,0.0,0.0,0.0,0.0,0.0,0.0,0.0,0.0,0
5225.KL,31/3/2024,0.0,0.0,0.0,0.0,0.0,0.0,0.0,0.0,0.0,0
5225.KL,31/3/2025,0.0,0.0,0.0,0.0,0.0,0.0,0.0,0.0,0.0,0
5225.KL,31/5/2020,0.0,0.0,0.0,0.0,0.0,0.0,0.0,0.0,0.0,0
5225.KL,31/5/2021,0.0,0.0,0.0,0.0,0.0,0.0,0.0,0.0,0.0,0
5225.KL,31/5/2022,0.0,0.0,0.0,0.0,0.0,0.0,0.0,0.0,0.0,0
5225.KL,31/5/2023,0.019424,0.044605,0.930213,0.025181,0.0,1.0,0.0,0.019424,0.930213,1
5225.KL,31/5/2024,0.0,0.0,0.0,0.0,0.0,0.0,0.0,0.0,0.0,0
5225.KL,31/5/2025,0.0,0.0,0.0,0.0,0.0,0.0,0.0,0.0,0.0,0
5225.KL,31/7/2020,0.466559,0.594376,0.277806,0.127818,1.0,0.0,0.0,0.466559,0.594376,1
5225.KL,31/7/2021,0.809948,0.819499,0.17095,0.009551,1.0,0.0,0.0,0.809948,0.819499,1
5225.KL,31/7/2022,0.0,0.0,0.0,0.0,0.0,0.0,0.0,0.0,0.0,0
5225.KL,31/7/2023,0.0,0.0,0.0,0.0,0.0,0.0,0.0,0.0,0.0,0
5225.KL,31/7/2024,-0.461451,0.112718,0.313113,0.574169,0.0,0.5,0.5,0.499404,0.790303,2
5225.KL,31/7/2025,0.0,0.0,0.0,0.0,0.0,0.0,0.0,0.0,0.0,0
5225.KL,31/8/2020,0.0,0.0,0.0,0.0,0.0,0.0,0.0,0.0,0.0,0
5225.KL,31/8/2021,0.0,0.0,0.0,0.0,0.0,0.0,0.0,0.0,0.0,0
5225.KL,31/8/2022,0.0,0.0,0.0,0.0,0.0,0.0,0.0,0.0,0.0,0
5225.KL,31/8/2023,0.0,0.0,0.0,0.0,0.0,0.0,0.0,0.0,0.0,0
5225.KL,31/8/2024,0.0,0.0,0.0,0.0,0.0,0.0,0.0,0.0,0.0,0
5225.KL,31/8/2025,0.0,0.0,0.0,0.0,0.0,0.0,0.0,0.0,0.0,0
5225.KL,4/1/2020,0.0,0.0,0.0,0.0,0.0,0.0,0.0,0.0,0.0,0
5225.KL,4/1/2021,0.923911,0.938135,0.047642,0.014223,1.0,0.0,0.0,0.923911,0.938135,1
5225.KL,4/1/2022,0.0,0.0,0.0,0.0,0.0,0.0,0.0,0.0,0.0,0
5225.KL,4/1/2023,0.0,0.0,0.0,0.0,0.0,0.0,0.0,0.0,0.0,0
5225.KL,4/1/2024,0.0,0.0,0.0,0.0,0.0,0.0,0.0,0.0,0.0,0
5225.KL,4/1/2025,0.0,0.0,0.0,0.0,0.0,0.0,0.0,0.0,0.0,0
5225.KL,4/1/2026,0.0,0.0,0.0,0.0,0.0,0.0,0.0,0.0,0.0,0
5225.KL,4/10/2020,0.0,0.0,0.0,0.0,0.0,0.0,0.0,0.0,0.0,0
5225.KL,4/10/2021,0.0,0.0,0.0,0.0,0.0,0.0,0.0,0.0,0.0,0
5225.KL,4/10/2022,-0.901772,0.035837,0.026554,0.937609,0.0,0.0,1.0,0.901772,0.937609,1
5225.KL,4/10/2023,0.0,0.0,0.0,0.0,0.0,0.0,0.0,0.0,0.0,0
5225.KL,4/10/2024,0.0,0.0,0.0,0.0,0.0,0.0,0.0,0.0,0.0,0
5225.KL,4/10/2025,0.0,0.0,0.0,0.0,0.0,0.0,0.0,0.0,0.0,0
5225.KL,4/11/2020,0.0,0.0,0.0,0.0,0.0,0.0,0.0,0.0,0.0,0
5225.KL,4/11/2021,0.0,0.0,0.0,0.0,0.0,0.0,0.0,0.0,0.0,0
5225.KL,4/11/2022,0.7936,0.881002,0.031596,0.087402,1.0,0.0,0.0,0.7936,0.881002,1
5225.KL,4/11/2023,0.0,0.0,0.0,0.0,0.0,0.0,0.0,0.0,0.0,0
5225.KL,4/11/2024,0.049773,0.060908,0.927956,0.011135,0.0,1.0,0.0,0.049773,0.927956,1
5225.KL,4/11/2025,0.0,0.0,0.0,0.0,0.0,0.0,0.0,0.0,0.0,0
5225.KL,4/12/2020,0.787039,0.836883,0.113272,0.049844,1.0,0.0,0.0,0.787039,0.836883,1
5225.KL,4/12/2021,0.0,0.0,0.0,0.0,0.0,0.0,0.0,0.0,0.0,0
5225.KL,4/12/2022,0.0,0.0,0.0,0.0,0.0,0.0,0.0,0.0,0.0,0
5225.KL,4/12/2023,0.0,0.0,0.0,0.0,0.0,0.0,0.0,0.0,0.0,0
5225.KL,4/12/2024,0.813317,0.87662,0.060078,0.063302,1.0,0.0,0.0,0.813317,0.87662,2
5225.KL,4/12/2025,0.0,0.0,0.0,0.0,0.0,0.0,0.0,0.0,0.0,0
5225.KL,4/2/2020,0.0,0.0,0.0,0.0,0.0,0.0,0.0,0.0,0.0,0
5225.KL,4/2/2021,0.0,0.0,0.0,0.0,0.0,0.0,0.0,0.0,0.0,0
5225.KL,4/2/2022,0.787808,0.795086,0.197636,0.007278,1.0,0.0,0.0,0.787808,0.795086,1
5225.KL,4/2/2023,0.0,0.0,0.0,0.0,0.0,0.0,0.0,0.0,0.0,0
5225.KL,4/2/2024,0.0,0.0,0.0,0.0,0.0,0.0,0.0,0.0,0.0,0
5225.KL,4/2/2025,0.0,0.0,0.0,0.0,0.0,0.0,0.0,0.0,0.0,0
5225.KL,4/2/2026,0.881836,0.9148,0.052236,0.032964,1.0,0.0,0.0,0.881836,0.9148,1
5225.KL,4/3/2020,0.747297,0.83375,0.079798,0.086452,1.0,0.0,0.0,0.747297,0.83375,1
5225.KL,4/3/2021,0.0,0.0,0.0,0.0,0.0,0.0,0.0,0.0,0.0,0
5225.KL,4/3/2022,0.845134,0.908177,0.02878,0.063043,1.0,0.0,0.0,0.845134,0.908177,1
5225.KL,4/3/2023,0.0,0.0,0.0,0.0,0.0,0.0,0.0,0.0,0.0,0
5225.KL,4/3/2024,0.0,0.0,0.0,0.0,0.0,0.0,0.0,0.0,0.0,0
5225.KL,4/3/2025,0.0,0.0,0.0,0.0,0.0,0.0,0.0,0.0,0.0,0
5225.KL,4/3/2026,-0.910565,0.030744,0.027948,0.941308,0.0,0.0,1.0,0.910565,0.941308,1
5225.KL,4/4/2020,0.0,0.0,0.0,0.0,0.0,0.0,0.0,0.0,0.0,0
5225.KL,4/4/2021,0.0,0.0,0.0,0.0,0.0,0.0,0.0,0.0,0.0,0
5225.KL,4/4/2022,0.0,0.0,0.0,0.0,0.0,0.0,0.0,0.0,0.0,0
5225.KL,4/4/2023,0.0,0.0,0.0,0.0,0.0,0.0,0.0,0.0,0.0,0
5225.KL,4/4/2024,0.0,0.0,0.0,0.0,0.0,0.0,0.0,0.0,0.0,0
5225.KL,4/4/2025,-0.944638,0.013446,0.02847,0.958084,0.0,0.0,1.0,0.944638,0.958084,1
5225.KL,4/5/2020,-0.957249,0.00824,0.02627,0.965489,0.0,0.0,1.0,0.957249,0.965489,1
5225.KL,4/5/2021,0.0,0.0,0.0,0.0,0.0,0.0,0.0,0.0,0.0,0
5225.KL,4/5/2022,0.0,0.0,0.0,0.0,0.0,0.0,0.0,0.0,0.0,0
5225.KL,4/5/2023,0.0,0.0,0.0,0.0,0.0,0.0,0.0,0.0,0.0,0
5225.KL,4/5/2024,0.0,0.0,0.0,0.0,0.0,0.0,0.0,0.0,0.0,0
5225.KL,4/5/2025,0.0,0.0,0.0,0.0,0.0,0.0,0.0,0.0,0.0,0
5225.KL,4/6/2020,0.0,0.0,0.0,0.0,0.0,0.0,0.0,0.0,0.0,0
5225.KL,4/6/2021,0.0,0.0,0.0,0.0,0.0,0.0,0.0,0.0,0.0,0
5225.KL,4/6/2022,0.0,0.0,0.0,0.0,0.0,0.0,0.0,0.0,0.0,0
5225.KL,4/6/2023,0.0,0.0,0.0,0.0,0.0,0.0,0.0,0.0,0.0,0
5225.KL,4/6/2024,0.0,0.0,0.0,0.0,0.0,0.0,0.0,0.0,0.0,0
5225.KL,4/6/2025,0.0,0.0,0.0,0.0,0.0,0.0,0.0,0.0,0.0,0
5225.KL,4/7/2020,0.0,0.0,0.0,0.0,0.0,0.0,0.0,0.0,0.0,0
5225.KL,4/7/2021,0.0,0.0,0.0,0.0,0.0,0.0,0.0,0.0,0.0,0
5225.KL,4/7/2022,0.0,0.0,0.0,0.0,0.0,0.0,0.0,0.0,0.0,0
5225.KL,4/7/2023,0.852784,0.892639,0.067506,0.039855,1.0,0.0,0.0,0.852784,0.892639,1
5225.KL,4/7/2024,0.0,0.0,0.0,0.0,0.0,0.0,0.0,0.0,0.0,0
5225.KL,4/7/2025,0.046927,0.060163,0.926602,0.013236,0.0,1.0,0.0,0.046927,0.926602,1
5225.KL,4/8/2020,0.0,0.0,0.0,0.0,0.0,0.0,0.0,0.0,0.0,0
5225.KL,4/8/2021,0.0,0.0,0.0,0.0,0.0,0.0,0.0,0.0,0.0,0
5225.KL,4/8/2022,0.0,0.0,0.0,0.0,0.0,0.0,0.0,0.0,0.0,0
5225.KL,4/8/2023,0.0,0.0,0.0,0.0,0.0,0.0,0.0,0.0,0.0,0
5225.KL,4/8/2024,0.0,0.0,0.0,0.0,0.0,0.0,0.0,0.0,0.0,0
5225.KL,4/8/2025,0.0,0.0,0.0,0.0,0.0,0.0,0.0,0.0,0.0,0
5225.KL,4/9/2020,0.0,0.0,0.0,0.0,0.0,0.0,0.0,0.0,0.0,0
5225.KL,4/9/2021,0.0,0.0,0.0,0.0,0.0,0.0,0.0,0.0,0.0,0
5225.KL,4/9/2022,0.0,0.0,0.0,0.0,0.0,0.0,0.0,0.0,0.0,0
5225.KL,4/9/2023,0.0,0.0,0.0,0.0,0.0,0.0,0.0,0.0,0.0,0
5225.KL,4/9/2024,0.0,0.0,0.0,0.0,0.0,0.0,0.0,0.0,0.0,0
5225.KL,4/9/2025,0.0,0.0,0.0,0.0,0.0,0.0,0.0,0.0,0.0,0
5225.KL,5/1/2020,0.0,0.0,0.0,0.0,0.0,0.0,0.0,0.0,0.0,0
5225.KL,5/1/2021,0.0,0.0,0.0,0.0,0.0,0.0,0.0,0.0,0.0,0
5225.KL,5/1/2022,0.0,0.0,0.0,0.0,0.0,0.0,0.0,0.0,0.0,0
5225.KL,5/1/2023,0.0,0.0,0.0,0.0,0.0,0.0,0.0,0.0,0.0,0
5225.KL,5/1/2024,0.0,0.0,0.0,0.0,0.0,0.0,0.0,0.0,0.0,0
5225.KL,5/1/2025,0.0,0.0,0.0,0.0,0.0,0.0,0.0,0.0,0.0,0
5225.KL,5/1/2026,0.0,0.0,0.0,0.0,0.0,0.0,0.0,0.0,0.0,0
5225.KL,5/10/2020,0.206871,0.216658,0.773554,0.009787,1.0,0.0,0.0,0.206871,0.773554,1
5225.KL,5/10/2021,0.913746,0.923109,0.067528,0.009363,1.0,0.0,0.0,0.913746,0.923109,1
5225.KL,5/10/2022,0.0,0.0,0.0,0.0,0.0,0.0,0.0,0.0,0.0,0
5225.KL,5/10/2023,0.0,0.0,0.0,0.0,0.0,0.0,0.0,0.0,0.0,0
5225.KL,5/10/2024,0.0,0.0,0.0,0.0,0.0,0.0,0.0,0.0,0.0,0
5225.KL,5/10/2025,0.0,0.0,0.0,0.0,0.0,0.0,0.0,0.0,0.0,0
5225.KL,5/11/2020,0.0,0.0,0.0,0.0,0.0,0.0,0.0,0.0,0.0,0
5225.KL,5/11/2021,0.0,0.0,0.0,0.0,0.0,0.0,0.0,0.0,0.0,0
5225.KL,5/11/2022,0.682988,0.785998,0.110991,0.103011,1.0,0.0,0.0,0.682988,0.785998,2
5225.KL,5/11/2023,0.0,0.0,0.0,0.0,0.0,0.0,0.0,0.0,0.0,0
5225.KL,5/11/2024,0.871138,0.91451,0.042118,0.043372,1.0,0.0,0.0,0.871138,0.91451,1
5225.KL,5/11/2025,0.0,0.0,0.0,0.0,0.0,0.0,0.0,0.0,0.0,0
5225.KL,5/12/2020,0.366404,0.394575,0.577254,0.028171,1.0,0.0,0.0,0.366404,0.577254,1
5225.KL,5/12/2021,0.0,0.0,0.0,0.0,0.0,0.0,0.0,0.0,0.0,0
5225.KL,5/12/2022,0.0,0.0,0.0,0.0,0.0,0.0,0.0,0.0,0.0,0
5225.KL,5/12/2023,0.0,0.0,0.0,0.0,0.0,0.0,0.0,0.0,0.0,0
5225.KL,5/12/2024,0.922183,0.943415,0.035352,0.021233,1.0,0.0,0.0,0.922183,0.943415,1
5225.KL,5/12/2025,0.0,0.0,0.0,0.0,0.0,0.0,0.0,0.0,0.0,0
5225.KL,5/2/2020,0.0,0.0,0.0,0.0,0.0,0.0,0.0,0.0,0.0,0
5225.KL,5/2/2021,0.0,0.0,0.0,0.0,0.0,0.0,0.0,0.0,0.0,0
5225.KL,5/2/2022,0.576716,0.584604,0.407508,0.007888,1.0,0.0,0.0,0.576716,0.706233,2
5225.KL,5/2/2023,0.0,0.0,0.0,0.0,0.0,0.0,0.0,0.0,0.0,0
5225.KL,5/2/2024,0.0,0.0,0.0,0.0,0.0,0.0,0.0,0.0,0.0,0
5225.KL,5/2/2025,0.0,0.0,0.0,0.0,0.0,0.0,0.0,0.0,0.0,0
5225.KL,5/2/2026,0.0,0.0,0.0,0.0,0.0,0.0,0.0,0.0,0.0,0
5225.KL,5/3/2020,0.0,0.0,0.0,0.0,0.0,0.0,0.0,0.0,0.0,0
5225.KL,5/3/2021,0.0,0.0,0.0,0.0,0.0,0.0,0.0,0.0,0.0,0
5225.KL,5/3/2022,-0.927395,0.014447,0.043712,0.941842,0.0,0.0,1.0,0.927395,0.941842,1
5225.KL,5/3/2023,0.0,0.0,0.0,0.0,0.0,0.0,0.0,0.0,0.0,0
5225.KL,5/3/2024,0.717638,0.74129,0.235057,0.023653,1.0,0.0,0.0,0.717638,0.74129,1
5225.KL,5/3/2025,0.0,0.0,0.0,0.0,0.0,0.0,0.0,0.0,0.0,0
5225.KL,5/3/2026,0.0,0.0,0.0,0.0,0.0,0.0,0.0,0.0,0.0,0
5225.KL,5/4/2020,0.0,0.0,0.0,0.0,0.0,0.0,0.0,0.0,0.0,0
5225.KL,5/4/2021,0.022067,0.039668,0.94273,0.017601,0.0,1.0,0.0,0.022067,0.94273,1
5225.KL,5/4/2022,0.0,0.0,0.0,0.0,0.0,0.0,0.0,0.0,0.0,0
5225.KL,5/4/2023,0.0,0.0,0.0,0.0,0.0,0.0,0.0,0.0,0.0,0
5225.KL,5/4/2024,0.0,0.0,0.0,0.0,0.0,0.0,0.0,0.0,0.0,0
5225.KL,5/4/2025,0.0,0.0,0.0,0.0,0.0,0.0,0.0,0.0,0.0,0
5225.KL,5/5/2020,0.083115,0.290627,0.50186,0.207512,0.0,1.0,0.0,0.083115,0.50186,1
5225.KL,5/5/2021,0.0,0.0,0.0,0.0,0.0,0.0,0.0,0.0,0.0,0
5225.KL,5/5/2022,0.0,0.0,0.0,0.0,0.0,0.0,0.0,0.0,0.0,0
5225.KL,5/5/2023,0.0,0.0,0.0,0.0,0.0,0.0,0.0,0.0,0.0,0
5225.KL,5/5/2024,0.0,0.0,0.0,0.0,0.0,0.0,0.0,0.0,0.0,0
5225.KL,5/5/2025,0.0,0.0,0.0,0.0,0.0,0.0,0.0,0.0,0.0,0
5225.KL,5/6/2020,0.0,0.0,0.0,0.0,0.0,0.0,0.0,0.0,0.0,0
5225.KL,5/6/2021,0.0,0.0,0.0,0.0,0.0,0.0,0.0,0.0,0.0,0
5225.KL,5/6/2022,0.0,0.0,0.0,0.0,0.0,0.0,0.0,0.0,0.0,0
5225.KL,5/6/2023,0.0,0.0,0.0,0.0,0.0,0.0,0.0,0.0,0.0,0
5225.KL,5/6/2024,0.0,0.0,0.0,0.0,0.0,0.0,0.0,0.0,0.0,0
5225.KL,5/6/2025,0.0,0.0,0.0,0.0,0.0,0.0,0.0,0.0,0.0,0
5225.KL,5/7/2020,0.0,0.0,0.0,0.0,0.0,0.0,0.0,0.0,0.0,0
5225.KL,5/7/2021,0.051186,0.06391,0.923365,0.012724,0.0,1.0,0.0,0.051186,0.923365,1
5225.KL,5/7/2022,0.0,0.0,0.0,0.0,0.0,0.0,0.0,0.0,0.0,0
5225.KL,5/7/2023,-0.927542,0.029929,0.0126,0.957471,0.0,0.0,1.0,0.927542,0.957471,1
5225.KL,5/7/2024,0.0,0.0,0.0,0.0,0.0,0.0,0.0,0.0,0.0,0
5225.KL,5/7/2025,0.0,0.0,0.0,0.0,0.0,0.0,0.0,0.0,0.0,0
5225.KL,5/8/2020,0.0,0.0,0.0,0.0,0.0,0.0,0.0,0.0,0.0,0
5225.KL,5/8/2021,0.0,0.0,0.0,0.0,0.0,0.0,0.0,0.0,0.0,0
5225.KL,5/8/2022,0.0,0.0,0.0,0.0,0.0,0.0,0.0,0.0,0.0,0
5225.KL,5/8/2023,0.0,0.0,0.0,0.0,0.0,0.0,0.0,0.0,0.0,0
5225.KL,5/8/2024,0.0,0.0,0.0,0.0,0.0,0.0,0.0,0.0,0.0,0
5225.KL,5/8/2025,0.912556,0.928668,0.05522,0.016112,1.0,0.0,0.0,0.912556,0.928668,1
5225.KL,5/9/2020,0.0,0.0,0.0,0.0,0.0,0.0,0.0,0.0,0.0,0
5225.KL,5/9/2021,0.0,0.0,0.0,0.0,0.0,0.0,0.0,0.0,0.0,0
5225.KL,5/9/2022,0.0,0.0,0.0,0.0,0.0,0.0,0.0,0.0,0.0,0
5225.KL,5/9/2023,0.0,0.0,0.0,0.0,0.0,0.0,0.0,0.0,0.0,0
5225.KL,5/9/2024,0.044318,0.056244,0.931829,0.011927,0.0,1.0,0.0,0.044318,0.931829,2
5225.KL,5/9/2025,0.0,0.0,0.0,0.0,0.0,0.0,0.0,0.0,0.0,0
5225.KL,6/1/2020,0.0,0.0,0.0,0.0,0.0,0.0,0.0,0.0,0.0,0
5225.KL,6/1/2021,0.0,0.0,0.0,0.0,0.0,0.0,0.0,0.0,0.0,0
5225.KL,6/1/2022,-0.407151,0.036534,0.519782,0.443685,0.0,0.333333,0.666667,0.425935,0.753639,3
5225.KL,6/1/2023,0.867793,0.920725,0.026342,0.052933,1.0,0.0,0.0,0.867793,0.920725,1
5225.KL,6/1/2024,0.0,0.0,0.0,0.0,0.0,0.0,0.0,0.0,0.0,0
5225.KL,6/1/2025,0.0,0.0,0.0,0.0,0.0,0.0,0.0,0.0,0.0,0
5225.KL,6/1/2026,0.0,0.0,0.0,0.0,0.0,0.0,0.0,0.0,0.0,0
5225.KL,6/10/2020,0.0,0.0,0.0,0.0,0.0,0.0,0.0,0.0,0.0,0
5225.KL,6/10/2021,0.0,0.0,0.0,0.0,0.0,0.0,0.0,0.0,0.0,0
5225.KL,6/10/2022,0.896827,0.929917,0.036993,0.03309,1.0,0.0,0.0,0.896827,0.929917,1
5225.KL,6/10/2023,0.0,0.0,0.0,0.0,0.0,0.0,0.0,0.0,0.0,0
5225.KL,6/10/2024,0.0,0.0,0.0,0.0,0.0,0.0,0.0,0.0,0.0,0
5225.KL,6/10/2025,0.035357,0.048527,0.938304,0.013169,0.0,1.0,0.0,0.035357,0.938304,1
5225.KL,6/11/2020,0.0,0.0,0.0,0.0,0.0,0.0,0.0,0.0,0.0,0
5225.KL,6/11/2021,0.0,0.0,0.0,0.0,0.0,0.0,0.0,0.0,0.0,0
5225.KL,6/11/2022,0.0,0.0,0.0,0.0,0.0,0.0,0.0,0.0,0.0,0
5225.KL,6/11/2023,0.0,0.0,0.0,0.0,0.0,0.0,0.0,0.0,0.0,0
5225.KL,6/11/2024,0.616643,0.783067,0.050508,0.166425,1.0,0.0,0.0,0.616643,0.783067,1
5225.KL,6/11/2025,0.0,0.0,0.0,0.0,0.0,0.0,0.0,0.0,0.0,0
5225.KL,6/12/2020,0.0,0.0,0.0,0.0,0.0,0.0,0.0,0.0,0.0,0
5225.KL,6/12/2021,0.0,0.0,0.0,0.0,0.0,0.0,0.0,0.0,0.0,0
5225.KL,6/12/2022,0.0,0.0,0.0,0.0,0.0,0.0,0.0,0.0,0.0,0
5225.KL,6/12/2023,0.0,0.0,0.0,0.0,0.0,0.0,0.0,0.0,0.0,0
5225.KL,6/12/2024,0.864838,0.912828,0.039182,0.04799,1.0,0.0,0.0,0.864838,0.912828,1
5225.KL,6/12/2025,-0.917728,0.023193,0.035885,0.940921,0.0,0.0,1.0,0.917728,0.940921,1
5225.KL,6/2/2020,0.881316,0.929903,0.021509,0.048587,1.0,0.0,0.0,0.881316,0.929903,1
5225.KL,6/2/2021,0.0,0.0,0.0,0.0,0.0,0.0,0.0,0.0,0.0,0
5225.KL,6/2/2022,0.0,0.0,0.0,0.0,0.0,0.0,0.0,0.0,0.0,0
5225.KL,6/2/2023,0.0,0.0,0.0,0.0,0.0,0.0,0.0,0.0,0.0,0
5225.KL,6/2/2024,0.0,0.0,0.0,0.0,0.0,0.0,0.0,0.0,0.0,0
5225.KL,6/2/2025,0.0,0.0,0.0,0.0,0.0,0.0,0.0,0.0,0.0,0
5225.KL,6/2/2026,-0.947353,0.01319,0.026268,0.960543,0.0,0.0,1.0,0.947353,0.960543,1
5225.KL,6/3/2020,0.0,0.0,0.0,0.0,0.0,0.0,0.0,0.0,0.0,0
5225.KL,6/3/2021,0.0,0.0,0.0,0.0,0.0,0.0,0.0,0.0,0.0,0
5225.KL,6/3/2022,0.0,0.0,0.0,0.0,0.0,0.0,0.0,0.0,0.0,0
5225.KL,6/3/2023,0.0,0.0,0.0,0.0,0.0,0.0,0.0,0.0,0.0,0
5225.KL,6/3/2024,0.0,0.0,0.0,0.0,0.0,0.0,0.0,0.0,0.0,0
5225.KL,6/3/2025,0.0,0.0,0.0,0.0,0.0,0.0,0.0,0.0,0.0,0
5225.KL,6/3/2026,0.0,0.0,0.0,0.0,0.0,0.0,0.0,0.0,0.0,0
5225.KL,6/4/2020,0.0,0.0,0.0,0.0,0.0,0.0,0.0,0.0,0.0,0
5225.KL,6/4/2021,0.0,0.0,0.0,0.0,0.0,0.0,0.0,0.0,0.0,0
5225.KL,6/4/2022,0.0,0.0,0.0,0.0,0.0,0.0,0.0,0.0,0.0,0
5225.KL,6/4/2023,0.0,0.0,0.0,0.0,0.0,0.0,0.0,0.0,0.0,0
5225.KL,6/4/2024,0.0,0.0,0.0,0.0,0.0,0.0,0.0,0.0,0.0,0
5225.KL,6/4/2025,0.0,0.0,0.0,0.0,0.0,0.0,0.0,0.0,0.0,0
5225.KL,6/5/2020,0.0,0.0,0.0,0.0,0.0,0.0,0.0,0.0,0.0,0
5225.KL,6/5/2021,0.0,0.0,0.0,0.0,0.0,0.0,0.0,0.0,0.0,0
5225.KL,6/5/2022,0.0,0.0,0.0,0.0,0.0,0.0,0.0,0.0,0.0,0
5225.KL,6/5/2023,0.0,0.0,0.0,0.0,0.0,0.0,0.0,0.0,0.0,0
5225.KL,6/5/2024,0.0,0.0,0.0,0.0,0.0,0.0,0.0,0.0,0.0,0
5225.KL,6/5/2025,-0.938003,0.023227,0.015542,0.961231,0.0,0.0,1.0,0.938003,0.961231,1
5225.KL,6/6/2020,0.0,0.0,0.0,0.0,0.0,0.0,0.0,0.0,0.0,0
5225.KL,6/6/2021,0.0,0.0,0.0,0.0,0.0,0.0,0.0,0.0,0.0,0
5225.KL,6/6/2022,0.0,0.0,0.0,0.0,0.0,0.0,0.0,0.0,0.0,0
5225.KL,6/6/2023,0.0,0.0,0.0,0.0,0.0,0.0,0.0,0.0,0.0,0
5225.KL,6/6/2024,-0.907419,0.014962,0.062657,0.922381,0.0,0.0,1.0,0.907419,0.922381,1
5225.KL,6/6/2025,0.0,0.0,0.0,0.0,0.0,0.0,0.0,0.0,0.0,0
5225.KL,6/7/2020,0.0,0.0,0.0,0.0,0.0,0.0,0.0,0.0,0.0,0
5225.KL,6/7/2021,0.016174,0.041982,0.932211,0.025807,0.0,1.0,0.0,0.016174,0.932211,1
5225.KL,6/7/2022,0.0,0.0,0.0,0.0,0.0,0.0,0.0,0.0,0.0,0
5225.KL,6/7/2023,0.0,0.0,0.0,0.0,0.0,0.0,0.0,0.0,0.0,0
5225.KL,6/7/2024,-0.864363,0.031115,0.073406,0.895479,0.0,0.0,1.0,0.864363,0.895479,1
5225.KL,6/7/2025,0.0,0.0,0.0,0.0,0.0,0.0,0.0,0.0,0.0,0
5225.KL,6/8/2020,0.835297,0.875479,0.084339,0.040182,1.0,0.0,0.0,0.835297,0.875479,1
5225.KL,6/8/2021,0.0,0.0,0.0,0.0,0.0,0.0,0.0,0.0,0.0,0
5225.KL,6/8/2022,0.0,0.0,0.0,0.0,0.0,0.0,0.0,0.0,0.0,0
5225.KL,6/8/2023,0.0,0.0,0.0,0.0,0.0,0.0,0.0,0.0,0.0,0
5225.KL,6/8/2024,0.0,0.0,0.0,0.0,0.0,0.0,0.0,0.0,0.0,0
5225.KL,6/8/2025,0.0,0.0,0.0,0.0,0.0,0.0,0.0,0.0,0.0,0
5225.KL,6/9/2020,0.0,0.0,0.0,0.0,0.0,0.0,0.0,0.0,0.0,0
5225.KL,6/9/2021,0.0,0.0,0.0,0.0,0.0,0.0,0.0,0.0,0.0,0
5225.KL,6/9/2022,0.0,0.0,0.0,0.0,0.0,0.0,0.0,0.0,0.0,0
5225.KL,6/9/2023,0.0,0.0,0.0,0.0,0.0,0.0,0.0,0.0,0.0,0
5225.KL,6/9/2024,0.0,0.0,0.0,0.0,0.0,0.0,0.0,0.0,0.0,0
5225.KL,6/9/2025,0.0,0.0,0.0,0.0,0.0,0.0,0.0,0.0,0.0,0
5225.KL,7/1/2020,0.0,0.0,0.0,0.0,0.0,0.0,0.0,0.0,0.0,0
5225.KL,7/1/2021,0.0,0.0,0.0,0.0,0.0,0.0,0.0,0.0,0.0,0
5225.KL,7/1/2022,-0.857247,0.02124,0.100273,0.878487,0.0,0.0,1.0,0.857247,0.878487,1
5225.KL,7/1/2023,0.0,0.0,0.0,0.0,0.0,0.0,0.0,0.0,0.0,0
5225.KL,7/1/2024,0.0,0.0,0.0,0.0,0.0,0.0,0.0,0.0,0.0,0
5225.KL,7/1/2025,0.0,0.0,0.0,0.0,0.0,0.0,0.0,0.0,0.0,0
5225.KL,7/1/2026,0.0,0.0,0.0,0.0,0.0,0.0,0.0,0.0,0.0,0
5225.KL,7/10/2020,0.0,0.0,0.0,0.0,0.0,0.0,0.0,0.0,0.0,0
5225.KL,7/10/2021,0.0,0.0,0.0,0.0,0.0,0.0,0.0,0.0,0.0,0
5225.KL,7/10/2022,0.0,0.0,0.0,0.0,0.0,0.0,0.0,0.0,0.0,0
5225.KL,7/10/2023,0.0,0.0,0.0,0.0,0.0,0.0,0.0,0.0,0.0,0
5225.KL,7/10/2024,0.0,0.0,0.0,0.0,0.0,0.0,0.0,0.0,0.0,0
5225.KL,7/10/2025,0.506338,0.544897,0.416543,0.03856,1.0,0.0,0.0,0.506338,0.599935,2
5225.KL,7/11/2020,0.0,0.0,0.0,0.0,0.0,0.0,0.0,0.0,0.0,0
5225.KL,7/11/2021,0.171384,0.190583,0.790218,0.019199,1.0,0.0,0.0,0.171384,0.790218,1
5225.KL,7/11/2022,0.0,0.0,0.0,0.0,0.0,0.0,0.0,0.0,0.0,0
5225.KL,7/11/2023,0.0,0.0,0.0,0.0,0.0,0.0,0.0,0.0,0.0,0
5225.KL,7/11/2024,0.065536,0.075493,0.91455,0.009957,0.0,1.0,0.0,0.065536,0.91455,1
5225.KL,7/11/2025,0.426419,0.478552,0.469315,0.052133,0.5,0.5,0.0,0.426419,0.87133,2
5225.KL,7/12/2020,0.0,0.0,0.0,0.0,0.0,0.0,0.0,0.0,0.0,0
5225.KL,7/12/2021,0.0,0.0,0.0,0.0,0.0,0.0,0.0,0.0,0.0,0
5225.KL,7/12/2022,-0.811588,0.08749,0.013432,0.899078,0.0,0.0,1.0,0.811588,0.899078,1
5225.KL,7/12/2023,0.0,0.0,0.0,0.0,0.0,0.0,0.0,0.0,0.0,0
5225.KL,7/12/2024,-0.945064,0.017216,0.020504,0.96228,0.0,0.0,1.0,0.945064,0.96228,1
5225.KL,7/12/2025,0.0,0.0,0.0,0.0,0.0,0.0,0.0,0.0,0.0,0
5225.KL,7/2/2020,0.0,0.0,0.0,0.0,0.0,0.0,0.0,0.0,0.0,0
5225.KL,7/2/2021,0.0,0.0,0.0,0.0,0.0,0.0,0.0,0.0,0.0,0
5225.KL,7/2/2022,0.0,0.0,0.0,0.0,0.0,0.0,0.0,0.0,0.0,0
5225.KL,7/2/2023,0.0,0.0,0.0,0.0,0.0,0.0,0.0,0.0,0.0,0
5225.KL,7/2/2024,0.0,0.0,0.0,0.0,0.0,0.0,0.0,0.0,0.0,0
5225.KL,7/2/2025,0.242066,0.303737,0.634592,0.061671,0.666667,0.333333,0.0,0.242066,0.778118,3
5225.KL,7/2/2026,0.638222,0.759849,0.118525,0.121626,1.0,0.0,0.0,0.638222,0.759849,1
5225.KL,7/3/2020,-0.941234,0.013237,0.032292,0.954471,0.0,0.0,1.0,0.941234,0.954471,1
5225.KL,7/3/2021,0.0,0.0,0.0,0.0,0.0,0.0,0.0,0.0,0.0,0
5225.KL,7/3/2022,0.0,0.0,0.0,0.0,0.0,0.0,0.0,0.0,0.0,0
5225.KL,7/3/2023,0.031745,0.0444,0.942945,0.012655,0.0,1.0,0.0,0.031745,0.942945,1
5225.KL,7/3/2024,0.0,0.0,0.0,0.0,0.0,0.0,0.0,0.0,0.0,0
5225.KL,7/3/2025,0.0,0.0,0.0,0.0,0.0,0.0,0.0,0.0,0.0,0
5225.KL,7/3/2026,0.0,0.0,0.0,0.0,0.0,0.0,0.0,0.0,0.0,0
5225.KL,7/4/2020,0.897729,0.907138,0.083454,0.009408,1.0,0.0,0.0,0.897729,0.907138,1
5225.KL,7/4/2021,0.0,0.0,0.0,0.0,0.0,0.0,0.0,0.0,0.0,0
5225.KL,7/4/2022,0.0,0.0,0.0,0.0,0.0,0.0,0.0,0.0,0.0,0
5225.KL,7/4/2023,-0.258491,0.207485,0.32654,0.465976,0.0,0.0,1.0,0.258491,0.465976,1
5225.KL,7/4/2024,0.0,0.0,0.0,0.0,0.0,0.0,0.0,0.0,0.0,0
5225.KL,7/4/2025,0.0,0.0,0.0,0.0,0.0,0.0,0.0,0.0,0.0,0
5225.KL,7/5/2020,-0.964545,0.009158,0.017138,0.973704,0.0,0.0,1.0,0.964545,0.973704,1
5225.KL,7/5/2021,-0.054201,0.175471,0.594856,0.229673,0.333333,0.333333,0.333333,0.223741,0.785349,3
5225.KL,7/5/2022,0.0,0.0,0.0,0.0,0.0,0.0,0.0,0.0,0.0,0
5225.KL,7/5/2023,-0.268004,0.349386,0.033224,0.61739,0.0,0.0,1.0,0.268004,0.61739,1
5225.KL,7/5/2024,0.0,0.0,0.0,0.0,0.0,0.0,0.0,0.0,0.0,0
5225.KL,7/5/2025,0.0,0.0,0.0,0.0,0.0,0.0,0.0,0.0,0.0,0
5225.KL,7/6/2020,0.0,0.0,0.0,0.0,0.0,0.0,0.0,0.0,0.0,0
5225.KL,7/6/2021,0.0,0.0,0.0,0.0,0.0,0.0,0.0,0.0,0.0,0
5225.KL,7/6/2022,0.0,0.0,0.0,0.0,0.0,0.0,0.0,0.0,0.0,0
5225.KL,7/6/2023,0.0,0.0,0.0,0.0,0.0,0.0,0.0,0.0,0.0,0
5225.KL,7/6/2024,0.0,0.0,0.0,0.0,0.0,0.0,0.0,0.0,0.0,0
5225.KL,7/6/2025,0.0,0.0,0.0,0.0,0.0,0.0,0.0,0.0,0.0,0
5225.KL,7/7/2020,0.0,0.0,0.0,0.0,0.0,0.0,0.0,0.0,0.0,0
5225.KL,7/7/2021,0.0,0.0,0.0,0.0,0.0,0.0,0.0,0.0,0.0,0
5225.KL,7/7/2022,0.454055,0.46165,0.530754,0.007596,1.0,0.0,0.0,0.454055,0.530754,1
5225.KL,7/7/2023,-0.234525,0.3549,0.055676,0.589425,0.0,0.0,1.0,0.234525,0.589425,1
5225.KL,7/7/2024,0.0,0.0,0.0,0.0,0.0,0.0,0.0,0.0,0.0,0
5225.KL,7/7/2025,0.0,0.0,0.0,0.0,0.0,0.0,0.0,0.0,0.0,0
5225.KL,7/8/2020,0.9164,0.933461,0.049478,0.017061,1.0,0.0,0.0,0.9164,0.933461,1
5225.KL,7/8/2021,0.0,0.0,0.0,0.0,0.0,0.0,0.0,0.0,0.0,0
5225.KL,7/8/2022,-0.933798,0.013704,0.038794,0.947502,0.0,0.0,1.0,0.933798,0.947502,1
5225.KL,7/8/2023,0.157421,0.166578,0.824265,0.009157,1.0,0.0,0.0,0.157421,0.824265,1
5225.KL,7/8/2024,-0.546179,0.017977,0.417867,0.564156,0.0,0.0,1.0,0.546179,0.564156,1
5225.KL,7/8/2025,0.900392,0.935412,0.029567,0.03502,1.0,0.0,0.0,0.900392,0.935412,1
5225.KL,7/9/2020,0.0,0.0,0.0,0.0,0.0,0.0,0.0,0.0,0.0,0
5225.KL,7/9/2021,0.0,0.0,0.0,0.0,0.0,0.0,0.0,0.0,0.0,0
5225.KL,7/9/2022,-0.886034,0.032724,0.048519,0.918758,0.0,0.0,1.0,0.886034,0.918758,1
5225.KL,7/9/2023,0.806585,0.887442,0.031701,0.080857,1.0,0.0,0.0,0.806585,0.887442,1
5225.KL,7/9/2024,0.0,0.0,0.0,0.0,0.0,0.0,0.0,0.0,0.0,0
5225.KL,7/9/2025,0.0,0.0,0.0,0.0,0.0,0.0,0.0,0.0,0.0,0
5225.KL,8/1/2020,0.0,0.0,0.0,0.0,0.0,0.0,0.0,0.0,0.0,0
5225.KL,8/1/2021,0.0,0.0,0.0,0.0,0.0,0.0,0.0,0.0,0.0,0
5225.KL,8/1/2022,0.417269,0.676432,0.064405,0.259163,1.0,0.0,0.0,0.417269,0.676432,1
5225.KL,8/1/2023,0.0,0.0,0.0,0.0,0.0,0.0,0.0,0.0,0.0,0
5225.KL,8/1/2024,0.0,0.0,0.0,0.0,0.0,0.0,0.0,0.0,0.0,0
5225.KL,8/1/2025,0.0,0.0,0.0,0.0,0.0,0.0,0.0,0.0,0.0,0
5225.KL,8/1/2026,0.0,0.0,0.0,0.0,0.0,0.0,0.0,0.0,0.0,0
5225.KL,8/10/2020,-0.952435,0.010449,0.026668,0.962883,0.0,0.0,1.0,0.952435,0.962883,1
5225.KL,8/10/2021,0.0,0.0,0.0,0.0,0.0,0.0,0.0,0.0,0.0,0
5225.KL,8/10/2022,0.0,0.0,0.0,0.0,0.0,0.0,0.0,0.0,0.0,0
5225.KL,8/10/2023,0.0,0.0,0.0,0.0,0.0,0.0,0.0,0.0,0.0,0
5225.KL,8/10/2024,0.0,0.0,0.0,0.0,0.0,0.0,0.0,0.0,0.0,0
5225.KL,8/10/2025,-0.102976,0.030232,0.83656,0.133208,0.0,0.0,1.0,0.102976,0.83656,1
5225.KL,8/11/2020,0.0,0.0,0.0,0.0,0.0,0.0,0.0,0.0,0.0,0
5225.KL,8/11/2021,0.0,0.0,0.0,0.0,0.0,0.0,0.0,0.0,0.0,0
5225.KL,8/11/2022,0.0,0.0,0.0,0.0,0.0,0.0,0.0,0.0,0.0,0
5225.KL,8/11/2023,0.211913,0.385444,0.441025,0.173531,1.0,0.0,0.0,0.211913,0.748941,2
5225.KL,8/11/2024,0.0,0.0,0.0,0.0,0.0,0.0,0.0,0.0,0.0,0
5225.KL,8/11/2025,0.0,0.0,0.0,0.0,0.0,0.0,0.0,0.0,0.0,0
5225.KL,8/12/2020,-0.935624,0.02236,0.019656,0.957984,0.0,0.0,1.0,0.935624,0.957984,1
5225.KL,8/12/2021,0.0,0.0,0.0,0.0,0.0,0.0,0.0,0.0,0.0,0
5225.KL,8/12/2022,-0.3502,0.228469,0.192861,0.578669,0.0,0.0,1.0,0.3502,0.578669,1
5225.KL,8/12/2023,0.0,0.0,0.0,0.0,0.0,0.0,0.0,0.0,0.0,0
5225.KL,8/12/2024,0.0,0.0,0.0,0.0,0.0,0.0,0.0,0.0,0.0,0
5225.KL,8/12/2025,0.0,0.0,0.0,0.0,0.0,0.0,0.0,0.0,0.0,0
5225.KL,8/2/2020,0.0,0.0,0.0,0.0,0.0,0.0,0.0,0.0,0.0,0
5225.KL,8/2/2021,0.0,0.0,0.0,0.0,0.0,0.0,0.0,0.0,0.0,0
5225.KL,8/2/2022,0.0,0.0,0.0,0.0,0.0,0.0,0.0,0.0,0.0,0
5225.KL,8/2/2023,0.0,0.0,0.0,0.0,0.0,0.0,0.0,0.0,0.0,0
5225.KL,8/2/2024,0.0,0.0,0.0,0.0,0.0,0.0,0.0,0.0,0.0,0
5225.KL,8/2/2025,0.672826,0.693965,0.284897,0.021139,1.0,0.0,0.0,0.672826,0.693965,1
5225.KL,8/2/2026,0.0,0.0,0.0,0.0,0.0,0.0,0.0,0.0,0.0,0
5225.KL,8/3/2020,0.0,0.0,0.0,0.0,0.0,0.0,0.0,0.0,0.0,0
5225.KL,8/3/2021,0.045187,0.056885,0.931417,0.011698,0.0,1.0,0.0,0.045187,0.931417,1
5225.KL,8/3/2022,0.0,0.0,0.0,0.0,0.0,0.0,0.0,0.0,0.0,0
5225.KL,8/3/2023,0.936752,0.95195,0.032853,0.015197,1.0,0.0,0.0,0.936752,0.95195,1
5225.KL,8/3/2024,0.920282,0.931402,0.057478,0.01112,1.0,0.0,0.0,0.920282,0.931402,1
5225.KL,8/3/2025,0.0,0.0,0.0,0.0,0.0,0.0,0.0,0.0,0.0,0
5225.KL,8/3/2026,0.0,0.0,0.0,0.0,0.0,0.0,0.0,0.0,0.0,0
5225.KL,8/4/2020,-0.848196,0.0665,0.018805,0.914696,0.0,0.0,1.0,0.848196,0.914696,1
5225.KL,8/4/2021,0.0,0.0,0.0,0.0,0.0,0.0,0.0,0.0,0.0,0
5225.KL,8/4/2022,0.0,0.0,0.0,0.0,0.0,0.0,0.0,0.0,0.0,0
5225.KL,8/4/2023,0.0,0.0,0.0,0.0,0.0,0.0,0.0,0.0,0.0,0
5225.KL,8/4/2024,0.0,0.0,0.0,0.0,0.0,0.0,0.0,0.0,0.0,0
5225.KL,8/4/2025,0.0,0.0,0.0,0.0,0.0,0.0,0.0,0.0,0.0,0
5225.KL,8/5/2020,0.0,0.0,0.0,0.0,0.0,0.0,0.0,0.0,0.0,0
5225.KL,8/5/2021,0.750119,0.760831,0.228456,0.010712,1.0,0.0,0.0,0.750119,0.760831,1
5225.KL,8/5/2022,0.0,0.0,0.0,0.0,0.0,0.0,0.0,0.0,0.0,0
5225.KL,8/5/2023,0.0,0.0,0.0,0.0,0.0,0.0,0.0,0.0,0.0,0
5225.KL,8/5/2024,0.906825,0.920369,0.066086,0.013545,1.0,0.0,0.0,0.906825,0.920369,1
5225.KL,8/5/2025,0.0,0.0,0.0,0.0,0.0,0.0,0.0,0.0,0.0,0
5225.KL,8/6/2020,0.0,0.0,0.0,0.0,0.0,0.0,0.0,0.0,0.0,0
5225.KL,8/6/2021,0.083517,0.093883,0.895751,0.010366,0.0,1.0,0.0,0.083517,0.895751,1
5225.KL,8/6/2022,-0.227762,0.030137,0.711963,0.257899,0.0,0.75,0.25,0.257951,0.940581,4
5225.KL,8/6/2023,0.936618,0.951508,0.033602,0.01489,1.0,0.0,0.0,0.936618,0.951508,1
5225.KL,8/6/2024,0.0,0.0,0.0,0.0,0.0,0.0,0.0,0.0,0.0,0
5225.KL,8/6/2025,0.0,0.0,0.0,0.0,0.0,0.0,0.0,0.0,0.0,0
5225.KL,8/7/2020,0.0,0.0,0.0,0.0,0.0,0.0,0.0,0.0,0.0,0
5225.KL,8/7/2021,0.0,0.0,0.0,0.0,0.0,0.0,0.0,0.0,0.0,0
5225.KL,8/7/2022,0.0,0.0,0.0,0.0,0.0,0.0,0.0,0.0,0.0,0
5225.KL,8/7/2023,0.0,0.0,0.0,0.0,0.0,0.0,0.0,0.0,0.0,0
5225.KL,8/7/2024,0.0,0.0,0.0,0.0,0.0,0.0,0.0,0.0,0.0,0
5225.KL,8/7/2025,0.164717,0.17436,0.815997,0.009643,1.0,0.0,0.0,0.164717,0.815997,1
5225.KL,8/8/2020,0.0,0.0,0.0,0.0,0.0,0.0,0.0,0.0,0.0,0
5225.KL,8/8/2021,0.0,0.0,0.0,0.0,0.0,0.0,0.0,0.0,0.0,0
5225.KL,8/8/2022,0.0,0.0,0.0,0.0,0.0,0.0,0.0,0.0,0.0,0
5225.KL,8/8/2023,0.022236,0.036864,0.948508,0.014628,0.0,1.0,0.0,0.022236,0.948508,1
5225.KL,8/8/2024,0.0,0.0,0.0,0.0,0.0,0.0,0.0,0.0,0.0,0
5225.KL,8/8/2025,0.883156,0.925312,0.032532,0.042156,1.0,0.0,0.0,0.883156,0.925312,1
5225.KL,8/9/2020,0.0,0.0,0.0,0.0,0.0,0.0,0.0,0.0,0.0,0
5225.KL,8/9/2021,0.0,0.0,0.0,0.0,0.0,0.0,0.0,0.0,0.0,0
5225.KL,8/9/2022,0.0,0.0,0.0,0.0,0.0,0.0,0.0,0.0,0.0,0
5225.KL,8/9/2023,0.0,0.0,0.0,0.0,0.0,0.0,0.0,0.0,0.0,0
5225.KL,8/9/2024,0.0,0.0,0.0,0.0,0.0,0.0,0.0,0.0,0.0,0
5225.KL,8/9/2025,0.0,0.0,0.0,0.0,0.0,0.0,0.0,0.0,0.0,0
5225.KL,9/1/2020,0.06835,0.511594,0.045162,0.443244,0.0,1.0,0.0,0.06835,0.511594,1
5225.KL,9/1/2021,0.0,0.0,0.0,0.0,0.0,0.0,0.0,0.0,0.0,0
5225.KL,9/1/2022,0.0,0.0,0.0,0.0,0.0,0.0,0.0,0.0,0.0,0
5225.KL,9/1/2023,0.0,0.0,0.0,0.0,0.0,0.0,0.0,0.0,0.0,0
5225.KL,9/1/2024,0.0,0.0,0.0,0.0,0.0,0.0,0.0,0.0,0.0,0
5225.KL,9/1/2025,0.0,0.0,0.0,0.0,0.0,0.0,0.0,0.0,0.0,0
5225.KL,9/1/2026,0.0,0.0,0.0,0.0,0.0,0.0,0.0,0.0,0.0,0
5225.KL,9/10/2020,0.0,0.0,0.0,0.0,0.0,0.0,0.0,0.0,0.0,0
5225.KL,9/10/2021,0.0,0.0,0.0,0.0,0.0,0.0,0.0,0.0,0.0,0
5225.KL,9/10/2022,0.0,0.0,0.0,0.0,0.0,0.0,0.0,0.0,0.0,0
5225.KL,9/10/2023,0.0,0.0,0.0,0.0,0.0,0.0,0.0,0.0,0.0,0
5225.KL,9/10/2024,0.0,0.0,0.0,0.0,0.0,0.0,0.0,0.0,0.0,0
5225.KL,9/10/2025,0.004408,0.493375,0.017659,0.488966,0.5,0.0,0.5,0.906677,0.944509,2
5225.KL,9/11/2020,0.0,0.0,0.0,0.0,0.0,0.0,0.0,0.0,0.0,0
5225.KL,9/11/2021,0.0,0.0,0.0,0.0,0.0,0.0,0.0,0.0,0.0,0
5225.KL,9/11/2022,0.0,0.0,0.0,0.0,0.0,0.0,0.0,0.0,0.0,0
5225.KL,9/11/2023,-0.199263,0.286106,0.228525,0.485369,0.5,0.0,0.5,0.747713,0.759594,2
5225.KL,9/11/2024,0.0,0.0,0.0,0.0,0.0,0.0,0.0,0.0,0.0,0
5225.KL,9/11/2025,0.0,0.0,0.0,0.0,0.0,0.0,0.0,0.0,0.0,0
5225.KL,9/12/2020,0.0,0.0,0.0,0.0,0.0,0.0,0.0,0.0,0.0,0
5225.KL,9/12/2021,0.849721,0.91058,0.028562,0.060859,1.0,0.0,0.0,0.849721,0.91058,1
5225.KL,9/12/2022,0.0,0.0,0.0,0.0,0.0,0.0,0.0,0.0,0.0,0
5225.KL,9/12/2023,0.0,0.0,0.0,0.0,0.0,0.0,0.0,0.0,0.0,0
5225.KL,9/12/2024,0.0,0.0,0.0,0.0,0.0,0.0,0.0,0.0,0.0,0
5225.KL,9/12/2025,0.0,0.0,0.0,0.0,0.0,0.0,0.0,0.0,0.0,0
5225.KL,9/2/2020,0.0,0.0,0.0,0.0,0.0,0.0,0.0,0.0,0.0,0
5225.KL,9/2/2021,0.0,0.0,0.0,0.0,0.0,0.0,0.0,0.0,0.0,0
5225.KL,9/2/2022,0.0,0.0,0.0,0.0,0.0,0.0,0.0,0.0,0.0,0
5225.KL,9/2/2023,0.027027,0.04177,0.943487,0.014743,0.0,1.0,0.0,0.027027,0.943487,1
5225.KL,9/2/2024,0.0,0.0,0.0,0.0,0.0,0.0,0.0,0.0,0.0,0
5225.KL,9/2/2025,0.0,0.0,0.0,0.0,0.0,0.0,0.0,0.0,0.0,0
5225.KL,9/2/2026,0.0,0.0,0.0,0.0,0.0,0.0,0.0,0.0,0.0,0
5225.KL,9/3/2020,0.0,0.0,0.0,0.0,0.0,0.0,0.0,0.0,0.0,0
5225.KL,9/3/2021,0.0,0.0,0.0,0.0,0.0,0.0,0.0,0.0,0.0,0
5225.KL,9/3/2022,0.0,0.0,0.0,0.0,0.0,0.0,0.0,0.0,0.0,0
5225.KL,9/3/2023,0.0,0.0,0.0,0.0,0.0,0.0,0.0,0.0,0.0,0
5225.KL,9/3/2024,0.0,0.0,0.0,0.0,0.0,0.0,0.0,0.0,0.0,0
5225.KL,9/3/2025,0.0,0.0,0.0,0.0,0.0,0.0,0.0,0.0,0.0,0
5225.KL,9/3/2026,0.726987,0.740114,0.246759,0.013127,1.0,0.0,0.0,0.726987,0.740114,1
5225.KL,9/4/2020,0.300364,0.589611,0.121142,0.289247,1.0,0.0,0.0,0.300364,0.589611,1
5225.KL,9/4/2021,0.0,0.0,0.0,0.0,0.0,0.0,0.0,0.0,0.0,0
5225.KL,9/4/2022,0.0,0.0,0.0,0.0,0.0,0.0,0.0,0.0,0.0,0
5225.KL,9/4/2023,0.0,0.0,0.0,0.0,0.0,0.0,0.0,0.0,0.0,0
5225.KL,9/4/2024,0.0,0.0,0.0,0.0,0.0,0.0,0.0,0.0,0.0,0
5225.KL,9/4/2025,0.0,0.0,0.0,0.0,0.0,0.0,0.0,0.0,0.0,0
5225.KL,9/5/2020,0.0,0.0,0.0,0.0,0.0,0.0,0.0,0.0,0.0,0
5225.KL,9/5/2021,0.0,0.0,0.0,0.0,0.0,0.0,0.0,0.0,0.0,0
5225.KL,9/5/2022,0.0,0.0,0.0,0.0,0.0,0.0,0.0,0.0,0.0,0
5225.KL,9/5/2023,0.0,0.0,0.0,0.0,0.0,0.0,0.0,0.0,0.0,0
5225.KL,9/5/2024,0.073994,0.083678,0.906638,0.009684,0.0,1.0,0.0,0.073994,0.906638,1
5225.KL,9/5/2025,0.0,0.0,0.0,0.0,0.0,0.0,0.0,0.0,0.0,0
5225.KL,9/6/2020,0.0,0.0,0.0,0.0,0.0,0.0,0.0,0.0,0.0,0
5225.KL,9/6/2021,0.760384,0.87014,0.020105,0.109755,1.0,0.0,0.0,0.760384,0.87014,1
5225.KL,9/6/2022,0.0,0.0,0.0,0.0,0.0,0.0,0.0,0.0,0.0,0
5225.KL,9/6/2023,0.0,0.0,0.0,0.0,0.0,0.0,0.0,0.0,0.0,0
5225.KL,9/6/2024,0.0,0.0,0.0,0.0,0.0,0.0,0.0,0.0,0.0,0
5225.KL,9/6/2025,0.0,0.0,0.0,0.0,0.0,0.0,0.0,0.0,0.0,0
5225.KL,9/7/2020,0.0,0.0,0.0,0.0,0.0,0.0,0.0,0.0,0.0,0
5225.KL,9/7/2021,0.0,0.0,0.0,0.0,0.0,0.0,0.0,0.0,0.0,0
5225.KL,9/7/2022,0.0,0.0,0.0,0.0,0.0,0.0,0.0,0.0,0.0,0
5225.KL,9/7/2023,0.0,0.0,0.0,0.0,0.0,0.0,0.0,0.0,0.0,0
5225.KL,9/7/2024,0.0,0.0,0.0,0.0,0.0,0.0,0.0,0.0,0.0,0
5225.KL,9/7/2025,0.076958,0.088168,0.900622,0.01121,0.0,1.0,0.0,0.076958,0.900622,1
5225.KL,9/8/2020,0.0,0.0,0.0,0.0,0.0,0.0,0.0,0.0,0.0,0
5225.KL,9/8/2021,0.912,0.93067,0.050659,0.01867,1.0,0.0,0.0,0.912,0.93067,1
5225.KL,9/8/2022,0.0,0.0,0.0,0.0,0.0,0.0,0.0,0.0,0.0,0
5225.KL,9/8/2023,0.0,0.0,0.0,0.0,0.0,0.0,0.0,0.0,0.0,0
5225.KL,9/8/2024,0.0,0.0,0.0,0.0,0.0,0.0,0.0,0.0,0.0,0
5225.KL,9/8/2025,0.0,0.0,0.0,0.0,0.0,0.0,0.0,0.0,0.0,0
5225.KL,9/9/2020,0.0,0.0,0.0,0.0,0.0,0.0,0.0,0.0,0.0,0
5225.KL,9/9/2021,-0.925893,0.020702,0.032703,0.946595,0.0,0.0,1.0,0.925893,0.946595,1
5225.KL,9/9/2022,0.003083,0.039336,0.924411,0.036253,0.0,1.0,0.0,0.003083,0.924411,1
5225.KL,9/9/2023,0.0,0.0,0.0,0.0,0.0,0.0,0.0,0.0,0.0,0
5225.KL,9/9/2024,0.0,0.0,0.0,0.0,0.0,0.0,0.0,0.0,0.0,0
5225.KL,9/9/2025,0.0,0.0,0.0,0.0,0.0,0.0,0.0,0.0,0.0,0
