ticker,trading_day,sentiment_score_title,prob_pos_title,prob_neu_title,prob_neg_title,dir_positive_title,dir_neutral_title,dir_negative_title,confidence_title,strength_title,article_count
5285.KL,1/1/2020,0.0,0.0,0.0,0.0,0.0,0.0,0.0,0.0,0.0,0
5285.KL,1/1/2021,0.0,0.0,0.0,0.0,0.0,0.0,0.0,0.0,0.0,0
5285.KL,1/1/2022,0.0,0.0,0.0,0.0,0.0,0.0,0.0,0.0,0.0,0
5285.KL,1/1/2023,0.0,0.0,0.0,0.0,0.0,0.0,0.0,0.0,0.0,0
5285.KL,1/1/2024,0.0,0.0,0.0,0.0,0.0,0.0,0.0,0.0,0.0,0
5285.KL,1/1/2025,0.0,0.0,0.0,0.0,0.0,0.0,0.0,0.0,0.0,0
5285.KL,1/1/2026,0.0,0.0,0.0,0.0,0.0,0.0,0.0,0.0,0.0,0
5285.KL,1/10/2020,0.0,0.0,0.0,0.0,0.0,0.0,0.0,0.0,0.0,0
5285.KL,1/10/2021,0.0,0.0,0.0,0.0,0.0,0.0,0.0,0.0,0.0,0
5285.KL,1/10/2022,0.0,0.0,0.0,0.0,0.0,0.0,0.0,0.0,0.0,0
5285.KL,1/10/2023,0.0,0.0,0.0,0.0,0.0,0.0,0.0,0.0,0.0,0
5285.KL,1/10/2024,0.0,0.0,0.0,0.0,0.0,0.0,0.0,0.0,0.0,0
5285.KL,1/10/2025,0.0,0.0,0.0,0.0,0.0,0.0,0.0,0.0,0.0,0
5285.KL,1/11/2020,0.0,0.0,0.0,0.0,0.0,0.0,0.0,0.0,0.0,0
5285.KL,1/11/2021,0.0,0.0,0.0,0.0,0.0,0.0,0.0,0.0,0.0,0
5285.KL,1/11/2022,0.0,0.0,0.0,0.0,0.0,0.0,0.0,0.0,0.0,0
5285.KL,1/11/2023,0.0,0.0,0.0,0.0,0.0,0.0,0.0,0.0,0.0,0
5285.KL,1/11/2024,0.0,0.0,0.0,0.0,0.0,0.0,0.0,0.0,0.0,0
5285.KL,1/11/2025,0.0,0.0,0.0,0.0,0.0,0.0,0.0,0.0,0.0,0
5285.KL,1/12/2020,0.0,0.0,0.0,0.0,0.0,0.0,0.0,0.0,0.0,0
5285.KL,1/12/2021,0.0,0.0,0.0,0.0,0.0,0.0,0.0,0.0,0.0,0
5285.KL,1/12/2022,0.0,0.0,0.0,0.0,0.0,0.0,0.0,0.0,0.0,0
5285.KL,1/12/2023,0.0,0.0,0.0,0.0,0.0,0.0,0.0,0.0,0.0,0
5285.KL,1/12/2024,0.0,0.0,0.0,0.0,0.0,0.0,0.0,0.0,0.0,0
5285.KL,1/12/2025,0.795111,0.869049,0.057012,0.073939,1.0,0.0,0.0,0.795111,0.869049,1
5285.KL,1/2/2020,0.0,0.0,0.0,0.0,0.0,0.0,0.0,0.0,0.0,0
5285.KL,1/2/2021,0.0,0.0,0.0,0.0,0.0,0.0,0.0,0.0,0.0,0
5285.KL,1/2/2022,0.0,0.0,0.0,0.0,0.0,0.0,0.0,0.0,0.0,0
5285.KL,1/2/2023,0.0,0.0,0.0,0.0,0.0,0.0,0.0,0.0,0.0,0
5285.KL,1/2/2024,0.0,0.0,0.0,0.0,0.0,0.0,0.0,0.0,0.0,0
5285.KL,1/2/2025,0.0,0.0,0.0,0.0,0.0,0.0,0.0,0.0,0.0,0
5285.KL,1/2/2026,0.0,0.0,0.0,0.0,0.0,0.0,0.0,0.0,0.0,0
5285.KL,1/3/2020,0.0,0.0,0.0,0.0,0.0,0.0,0.0,0.0,0.0,0
5285.KL,1/3/2021,0.0,0.0,0.0,0.0,0.0,0.0,0.0,0.0,0.0,0
5285.KL,1/3/2022,0.0,0.0,0.0,0.0,0.0,0.0,0.0,0.0,0.0,0
5285.KL,1/3/2023,0.0,0.0,0.0,0.0,0.0,0.0,0.0,0.0,0.0,0
5285.KL,1/3/2024,0.0,0.0,0.0,0.0,0.0,0.0,0.0,0.0,0.0,0
5285.KL,1/3/2025,0.0,0.0,0.0,0.0,0.0,0.0,0.0,0.0,0.0,0
5285.KL,1/3/2026,0.0,0.0,0.0,0.0,0.0,0.0,0.0,0.0,0.0,0
5285.KL,1/4/2020,0.0,0.0,0.0,0.0,0.0,0.0,0.0,0.0,0.0,0
5285.KL,1/4/2021,0.0,0.0,0.0,0.0,0.0,0.0,0.0,0.0,0.0,0
5285.KL,1/4/2022,0.0,0.0,0.0,0.0,0.0,0.0,0.0,0.0,0.0,0
5285.KL,1/4/2023,0.0,0.0,0.0,0.0,0.0,0.0,0.0,0.0,0.0,0
5285.KL,1/4/2024,0.0,0.0,0.0,0.0,0.0,0.0,0.0,0.0,0.0,0
5285.KL,1/4/2025,0.0,0.0,0.0,0.0,0.0,0.0,0.0,0.0,0.0,0
5285.KL,1/5/2020,0.0,0.0,0.0,0.0,0.0,0.0,0.0,0.0,0.0,0
5285.KL,1/5/2021,0.0,0.0,0.0,0.0,0.0,0.0,0.0,0.0,0.0,0
5285.KL,1/5/2022,0.0,0.0,0.0,0.0,0.0,0.0,0.0,0.0,0.0,0
5285.KL,1/5/2023,0.0,0.0,0.0,0.0,0.0,0.0,0.0,0.0,0.0,0
5285.KL,1/5/2024,0.0,0.0,0.0,0.0,0.0,0.0,0.0,0.0,0.0,0
5285.KL,1/5/2025,0.0,0.0,0.0,0.0,0.0,0.0,0.0,0.0,0.0,0
5285.KL,1/6/2020,0.0,0.0,0.0,0.0,0.0,0.0,0.0,0.0,0.0,0
5285.KL,1/6/2021,0.0,0.0,0.0,0.0,0.0,0.0,0.0,0.0,0.0,0
5285.KL,1/6/2022,0.0,0.0,0.0,0.0,0.0,0.0,0.0,0.0,0.0,0
5285.KL,1/6/2023,0.0,0.0,0.0,0.0,0.0,0.0,0.0,0.0,0.0,0
5285.KL,1/6/2024,0.895525,0.93361,0.028306,0.038084,1.0,0.0,0.0,0.895525,0.93361,1
5285.KL,1/6/2025,0.0,0.0,0.0,0.0,0.0,0.0,0.0,0.0,0.0,0
5285.KL,1/7/2020,0.0,0.0,0.0,0.0,0.0,0.0,0.0,0.0,0.0,0
5285.KL,1/7/2021,0.0,0.0,0.0,0.0,0.0,0.0,0.0,0.0,0.0,0
5285.KL,1/7/2022,0.0,0.0,0.0,0.0,0.0,0.0,0.0,0.0,0.0,0
5285.KL,1/7/2023,0.0,0.0,0.0,0.0,0.0,0.0,0.0,0.0,0.0,0
5285.KL,1/7/2024,0.0,0.0,0.0,0.0,0.0,0.0,0.0,0.0,0.0,0
5285.KL,1/7/2025,0.0,0.0,0.0,0.0,0.0,0.0,0.0,0.0,0.0,0
5285.KL,1/8/2020,0.0,0.0,0.0,0.0,0.0,0.0,0.0,0.0,0.0,0
5285.KL,1/8/2021,0.0,0.0,0.0,0.0,0.0,0.0,0.0,0.0,0.0,0
5285.KL,1/8/2022,0.0,0.0,0.0,0.0,0.0,0.0,0.0,0.0,0.0,0
5285.KL,1/8/2023,0.0,0.0,0.0,0.0,0.0,0.0,0.0,0.0,0.0,0
5285.KL,1/8/2024,0.0,0.0,0.0,0.0,0.0,0.0,0.0,0.0,0.0,0
5285.KL,1/8/2025,0.0,0.0,0.0,0.0,0.0,0.0,0.0,0.0,0.0,0
5285.KL,1/9/2020,0.0,0.0,0.0,0.0,0.0,0.0,0.0,0.0,0.0,0
5285.KL,1/9/2021,0.0,0.0,0.0,0.0,0.0,0.0,0.0,0.0,0.0,0
5285.KL,1/9/2022,0.0,0.0,0.0,0.0,0.0,0.0,0.0,0.0,0.0,0
5285.KL,1/9/2023,0.0,0.0,0.0,0.0,0.0,0.0,0.0,0.0,0.0,0
5285.KL,1/9/2024,0.0,0.0,0.0,0.0,0.0,0.0,0.0,0.0,0.0,0
5285.KL,1/9/2025,0.0,0.0,0.0,0.0,0.0,0.0,0.0,0.0,0.0,0
5285.KL,10/1/2020,0.0,0.0,0.0,0.0,0.0,0.0,0.0,0.0,0.0,0
5285.KL,10/1/2021,0.0,0.0,0.0,0.0,0.0,0.0,0.0,0.0,0.0,0
5285.KL,10/1/2022,0.0,0.0,0.0,0.0,0.0,0.0,0.0,0.0,0.0,0
5285.KL,10/1/2023,0.0,0.0,0.0,0.0,0.0,0.0,0.0,0.0,0.0,0
5285.KL,10/1/2024,0.0,0.0,0.0,0.0,0.0,0.0,0.0,0.0,0.0,0
5285.KL,10/1/2025,0.0,0.0,0.0,0.0,0.0,0.0,0.0,0.0,0.0,0
5285.KL,10/1/2026,0.0,0.0,0.0,0.0,0.0,0.0,0.0,0.0,0.0,0
5285.KL,10/10/2020,0.0,0.0,0.0,0.0,0.0,0.0,0.0,0.0,0.0,0
5285.KL,10/10/2021,0.0,0.0,0.0,0.0,0.0,0.0,0.0,0.0,0.0,0
5285.KL,10/10/2022,0.0,0.0,0.0,0.0,0.0,0.0,0.0,0.0,0.0,0
5285.KL,10/10/2023,0.0,0.0,0.0,0.0,0.0,0.0,0.0,0.0,0.0,0
5285.KL,10/10/2024,0.0,0.0,0.0,0.0,0.0,0.0,0.0,0.0,0.0,0
5285.KL,10/10/2025,0.0,0.0,0.0,0.0,0.0,0.0,0.0,0.0,0.0,0
5285.KL,10/11/2020,0.0,0.0,0.0,0.0,0.0,0.0,0.0,0.0,0.0,0
5285.KL,10/11/2021,0.0,0.0,0.0,0.0,0.0,0.0,0.0,0.0,0.0,0
5285.KL,10/11/2022,0.0,0.0,0.0,0.0,0.0,0.0,0.0,0.0,0.0,0
5285.KL,10/11/2023,0.0,0.0,0.0,0.0,0.0,0.0,0.0,0.0,0.0,0
5285.KL,10/11/2024,0.0,0.0,0.0,0.0,0.0,0.0,0.0,0.0,0.0,0
5285.KL,10/11/2025,0.034966,0.047556,0.939855,0.012589,0.0,1.0,0.0,0.034966,0.939855,1
5285.KL,10/12/2020,0.0,0.0,0.0,0.0,0.0,0.0,0.0,0.0,0.0,0
5285.KL,10/12/2021,0.0,0.0,0.0,0.0,0.0,0.0,0.0,0.0,0.0,0
5285.KL,10/12/2022,0.0,0.0,0.0,0.0,0.0,0.0,0.0,0.0,0.0,0
5285.KL,10/12/2023,0.0,0.0,0.0,0.0,0.0,0.0,0.0,0.0,0.0,0
5285.KL,10/12/2024,0.0,0.0,0.0,0.0,0.0,0.0,0.0,0.0,0.0,0
5285.KL,10/12/2025,0.0,0.0,0.0,0.0,0.0,0.0,0.0,0.0,0.0,0
5285.KL,10/2/2020,0.0,0.0,0.0,0.0,0.0,0.0,0.0,0.0,0.0,0
5285.KL,10/2/2021,0.0,0.0,0.0,0.0,0.0,0.0,0.0,0.0,0.0,0
5285.KL,10/2/2022,0.0,0.0,0.0,0.0,0.0,0.0,0.0,0.0,0.0,0
5285.KL,10/2/2023,0.0,0.0,0.0,0.0,0.0,0.0,0.0,0.0,0.0,0
5285.KL,10/2/2024,0.0,0.0,0.0,0.0,0.0,0.0,0.0,0.0,0.0,0
5285.KL,10/2/2025,0.0,0.0,0.0,0.0,0.0,0.0,0.0,0.0,0.0,0
5285.KL,10/2/2026,0.024975,0.275182,0.474611,0.250207,0.5,0.25,0.25,0.506185,0.85931,4
5285.KL,10/3/2020,0.0,0.0,0.0,0.0,0.0,0.0,0.0,0.0,0.0,0
5285.KL,10/3/2021,0.0,0.0,0.0,0.0,0.0,0.0,0.0,0.0,0.0,0
5285.KL,10/3/2022,0.0,0.0,0.0,0.0,0.0,0.0,0.0,0.0,0.0,0
5285.KL,10/3/2023,0.0,0.0,0.0,0.0,0.0,0.0,0.0,0.0,0.0,0
5285.KL,10/3/2024,0.0,0.0,0.0,0.0,0.0,0.0,0.0,0.0,0.0,0
5285.KL,10/3/2025,0.0,0.0,0.0,0.0,0.0,0.0,0.0,0.0,0.0,0
5285.KL,10/3/2026,0.0,0.0,0.0,0.0,0.0,0.0,0.0,0.0,0.0,0
5285.KL,10/4/2020,0.0,0.0,0.0,0.0,0.0,0.0,0.0,0.0,0.0,0
5285.KL,10/4/2021,0.0,0.0,0.0,0.0,0.0,0.0,0.0,0.0,0.0,0
5285.KL,10/4/2022,0.0,0.0,0.0,0.0,0.0,0.0,0.0,0.0,0.0,0
5285.KL,10/4/2023,0.0,0.0,0.0,0.0,0.0,0.0,0.0,0.0,0.0,0
5285.KL,10/4/2024,0.0,0.0,0.0,0.0,0.0,0.0,0.0,0.0,0.0,0
5285.KL,10/4/2025,0.0,0.0,0.0,0.0,0.0,0.0,0.0,0.0,0.0,0
5285.KL,10/5/2020,0.0,0.0,0.0,0.0,0.0,0.0,0.0,0.0,0.0,0
5285.KL,10/5/2021,0.0,0.0,0.0,0.0,0.0,0.0,0.0,0.0,0.0,0
5285.KL,10/5/2022,0.0,0.0,0.0,0.0,0.0,0.0,0.0,0.0,0.0,0
5285.KL,10/5/2023,0.0,0.0,0.0,0.0,0.0,0.0,0.0,0.0,0.0,0
5285.KL,10/5/2024,0.0,0.0,0.0,0.0,0.0,0.0,0.0,0.0,0.0,0
5285.KL,10/5/2025,0.0,0.0,0.0,0.0,0.0,0.0,0.0,0.0,0.0,0
5285.KL,10/6/2020,0.0,0.0,0.0,0.0,0.0,0.0,0.0,0.0,0.0,0
5285.KL,10/6/2021,0.0,0.0,0.0,0.0,0.0,0.0,0.0,0.0,0.0,0
5285.KL,10/6/2022,0.0,0.0,0.0,0.0,0.0,0.0,0.0,0.0,0.0,0
5285.KL,10/6/2023,0.0,0.0,0.0,0.0,0.0,0.0,0.0,0.0,0.0,0
5285.KL,10/6/2024,0.0,0.0,0.0,0.0,0.0,0.0,0.0,0.0,0.0,0
5285.KL,10/6/2025,-0.275281,0.131213,0.462294,0.406493,0.0,0.0,1.0,0.275281,0.462294,1
5285.KL,10/7/2020,0.0,0.0,0.0,0.0,0.0,0.0,0.0,0.0,0.0,0
5285.KL,10/7/2021,0.0,0.0,0.0,0.0,0.0,0.0,0.0,0.0,0.0,0
5285.KL,10/7/2022,0.0,0.0,0.0,0.0,0.0,0.0,0.0,0.0,0.0,0
5285.KL,10/7/2023,0.0,0.0,0.0,0.0,0.0,0.0,0.0,0.0,0.0,0
5285.KL,10/7/2024,0.0,0.0,0.0,0.0,0.0,0.0,0.0,0.0,0.0,0
5285.KL,10/7/2025,0.0,0.0,0.0,0.0,0.0,0.0,0.0,0.0,0.0,0
5285.KL,10/8/2020,0.0,0.0,0.0,0.0,0.0,0.0,0.0,0.0,0.0,0
5285.KL,10/8/2021,0.0,0.0,0.0,0.0,0.0,0.0,0.0,0.0,0.0,0
5285.KL,10/8/2022,0.0,0.0,0.0,0.0,0.0,0.0,0.0,0.0,0.0,0
5285.KL,10/8/2023,0.0,0.0,0.0,0.0,0.0,0.0,0.0,0.0,0.0,0
5285.KL,10/8/2024,0.0,0.0,0.0,0.0,0.0,0.0,0.0,0.0,0.0,0
5285.KL,10/8/2025,0.0,0.0,0.0,0.0,0.0,0.0,0.0,0.0,0.0,0
5285.KL,10/9/2020,0.0,0.0,0.0,0.0,0.0,0.0,0.0,0.0,0.0,0
5285.KL,10/9/2021,0.0,0.0,0.0,0.0,0.0,0.0,0.0,0.0,0.0,0
5285.KL,10/9/2022,0.0,0.0,0.0,0.0,0.0,0.0,0.0,0.0,0.0,0
5285.KL,10/9/2023,0.0,0.0,0.0,0.0,0.0,0.0,0.0,0.0,0.0,0
5285.KL,10/9/2024,0.0,0.0,0.0,0.0,0.0,0.0,0.0,0.0,0.0,0
5285.KL,10/9/2025,0.0,0.0,0.0,0.0,0.0,0.0,0.0,0.0,0.0,0
5285.KL,11/1/2020,0.0,0.0,0.0,0.0,0.0,0.0,0.0,0.0,0.0,0
5285.KL,11/1/2021,0.0,0.0,0.0,0.0,0.0,0.0,0.0,0.0,0.0,0
5285.KL,11/1/2022,0.0,0.0,0.0,0.0,0.0,0.0,0.0,0.0,0.0,0
5285.KL,11/1/2023,0.0,0.0,0.0,0.0,0.0,0.0,0.0,0.0,0.0,0
5285.KL,11/1/2024,0.0,0.0,0.0,0.0,0.0,0.0,0.0,0.0,0.0,0
5285.KL,11/1/2025,0.0,0.0,0.0,0.0,0.0,0.0,0.0,0.0,0.0,0
5285.KL,11/1/2026,0.0,0.0,0.0,0.0,0.0,0.0,0.0,0.0,0.0,0
5285.KL,11/10/2020,0.0,0.0,0.0,0.0,0.0,0.0,0.0,0.0,0.0,0
5285.KL,11/10/2021,0.0,0.0,0.0,0.0,0.0,0.0,0.0,0.0,0.0,0
5285.KL,11/10/2022,0.0,0.0,0.0,0.0,0.0,0.0,0.0,0.0,0.0,0
5285.KL,11/10/2023,0.0,0.0,0.0,0.0,0.0,0.0,0.0,0.0,0.0,0
5285.KL,11/10/2024,0.0,0.0,0.0,0.0,0.0,0.0,0.0,0.0,0.0,0
5285.KL,11/10/2025,0.0,0.0,0.0,0.0,0.0,0.0,0.0,0.0,0.0,0
5285.KL,11/11/2020,0.0,0.0,0.0,0.0,0.0,0.0,0.0,0.0,0.0,0
5285.KL,11/11/2021,0.0,0.0,0.0,0.0,0.0,0.0,0.0,0.0,0.0,0
5285.KL,11/11/2022,0.0,0.0,0.0,0.0,0.0,0.0,0.0,0.0,0.0,0
5285.KL,11/11/2023,0.0,0.0,0.0,0.0,0.0,0.0,0.0,0.0,0.0,0
5285.KL,11/11/2024,0.0,0.0,0.0,0.0,0.0,0.0,0.0,0.0,0.0,0
5285.KL,11/11/2025,0.041634,0.053965,0.933704,0.012331,0.0,1.0,0.0,0.041634,0.933704,1
5285.KL,11/12/2020,0.0,0.0,0.0,0.0,0.0,0.0,0.0,0.0,0.0,0
5285.KL,11/12/2021,0.0,0.0,0.0,0.0,0.0,0.0,0.0,0.0,0.0,0
5285.KL,11/12/2022,0.0,0.0,0.0,0.0,0.0,0.0,0.0,0.0,0.0,0
5285.KL,11/12/2023,0.0,0.0,0.0,0.0,0.0,0.0,0.0,0.0,0.0,0
5285.KL,11/12/2024,0.0,0.0,0.0,0.0,0.0,0.0,0.0,0.0,0.0,0
5285.KL,11/12/2025,0.0,0.0,0.0,0.0,0.0,0.0,0.0,0.0,0.0,0
5285.KL,11/2/2020,0.0,0.0,0.0,0.0,0.0,0.0,0.0,0.0,0.0,0
5285.KL,11/2/2021,0.0,0.0,0.0,0.0,0.0,0.0,0.0,0.0,0.0,0
5285.KL,11/2/2022,0.0,0.0,0.0,0.0,0.0,0.0,0.0,0.0,0.0,0
5285.KL,11/2/2023,0.0,0.0,0.0,0.0,0.0,0.0,0.0,0.0,0.0,0
5285.KL,11/2/2024,0.0,0.0,0.0,0.0,0.0,0.0,0.0,0.0,0.0,0
5285.KL,11/2/2025,-0.92826,0.029035,0.013669,0.957295,0.0,0.0,1.0,0.92826,0.957295,1
5285.KL,11/2/2026,0.0,0.0,0.0,0.0,0.0,0.0,0.0,0.0,0.0,0
5285.KL,11/3/2020,0.0,0.0,0.0,0.0,0.0,0.0,0.0,0.0,0.0,0
5285.KL,11/3/2021,0.0,0.0,0.0,0.0,0.0,0.0,0.0,0.0,0.0,0
5285.KL,11/3/2022,0.0,0.0,0.0,0.0,0.0,0.0,0.0,0.0,0.0,0
5285.KL,11/3/2023,0.0,0.0,0.0,0.0,0.0,0.0,0.0,0.0,0.0,0
5285.KL,11/3/2024,0.0,0.0,0.0,0.0,0.0,0.0,0.0,0.0,0.0,0
5285.KL,11/3/2025,0.0,0.0,0.0,0.0,0.0,0.0,0.0,0.0,0.0,0
5285.KL,11/3/2026,-0.914264,0.027956,0.029824,0.94222,0.0,0.0,1.0,0.914264,0.94222,1
5285.KL,11/4/2020,0.0,0.0,0.0,0.0,0.0,0.0,0.0,0.0,0.0,0
5285.KL,11/4/2021,0.0,0.0,0.0,0.0,0.0,0.0,0.0,0.0,0.0,0
5285.KL,11/4/2022,0.0,0.0,0.0,0.0,0.0,0.0,0.0,0.0,0.0,0
5285.KL,11/4/2023,0.0,0.0,0.0,0.0,0.0,0.0,0.0,0.0,0.0,0
5285.KL,11/4/2024,0.0,0.0,0.0,0.0,0.0,0.0,0.0,0.0,0.0,0
5285.KL,11/4/2025,0.0,0.0,0.0,0.0,0.0,0.0,0.0,0.0,0.0,0
5285.KL,11/5/2020,0.0,0.0,0.0,0.0,0.0,0.0,0.0,0.0,0.0,0
5285.KL,11/5/2021,0.0,0.0,0.0,0.0,0.0,0.0,0.0,0.0,0.0,0
5285.KL,11/5/2022,0.0,0.0,0.0,0.0,0.0,0.0,0.0,0.0,0.0,0
5285.KL,11/5/2023,0.0,0.0,0.0,0.0,0.0,0.0,0.0,0.0,0.0,0
5285.KL,11/5/2024,0.0,0.0,0.0,0.0,0.0,0.0,0.0,0.0,0.0,0
5285.KL,11/5/2025,0.0,0.0,0.0,0.0,0.0,0.0,0.0,0.0,0.0,0
5285.KL,11/6/2020,0.0,0.0,0.0,0.0,0.0,0.0,0.0,0.0,0.0,0
5285.KL,11/6/2021,0.0,0.0,0.0,0.0,0.0,0.0,0.0,0.0,0.0,0
5285.KL,11/6/2022,0.0,0.0,0.0,0.0,0.0,0.0,0.0,0.0,0.0,0
5285.KL,11/6/2023,0.0,0.0,0.0,0.0,0.0,0.0,0.0,0.0,0.0,0
5285.KL,11/6/2024,-0.861438,0.060724,0.017114,0.922162,0.0,0.0,1.0,0.861438,0.922162,1
5285.KL,11/6/2025,0.0,0.0,0.0,0.0,0.0,0.0,0.0,0.0,0.0,0
5285.KL,11/7/2020,0.0,0.0,0.0,0.0,0.0,0.0,0.0,0.0,0.0,0
5285.KL,11/7/2021,0.0,0.0,0.0,0.0,0.0,0.0,0.0,0.0,0.0,0
5285.KL,11/7/2022,0.0,0.0,0.0,0.0,0.0,0.0,0.0,0.0,0.0,0
5285.KL,11/7/2023,0.0,0.0,0.0,0.0,0.0,0.0,0.0,0.0,0.0,0
5285.KL,11/7/2024,0.0,0.0,0.0,0.0,0.0,0.0,0.0,0.0,0.0,0
5285.KL,11/7/2025,0.0,0.0,0.0,0.0,0.0,0.0,0.0,0.0,0.0,0
5285.KL,11/8/2020,0.0,0.0,0.0,0.0,0.0,0.0,0.0,0.0,0.0,0
5285.KL,11/8/2021,0.0,0.0,0.0,0.0,0.0,0.0,0.0,0.0,0.0,0
5285.KL,11/8/2022,0.0,0.0,0.0,0.0,0.0,0.0,0.0,0.0,0.0,0
5285.KL,11/8/2023,0.0,0.0,0.0,0.0,0.0,0.0,0.0,0.0,0.0,0
5285.KL,11/8/2024,0.0,0.0,0.0,0.0,0.0,0.0,0.0,0.0,0.0,0
5285.KL,11/8/2025,0.0,0.0,0.0,0.0,0.0,0.0,0.0,0.0,0.0,0
5285.KL,11/9/2020,0.0,0.0,0.0,0.0,0.0,0.0,0.0,0.0,0.0,0
5285.KL,11/9/2021,0.0,0.0,0.0,0.0,0.0,0.0,0.0,0.0,0.0,0
5285.KL,11/9/2022,0.0,0.0,0.0,0.0,0.0,0.0,0.0,0.0,0.0,0
5285.KL,11/9/2023,0.0,0.0,0.0,0.0,0.0,0.0,0.0,0.0,0.0,0
5285.KL,11/9/2024,0.0,0.0,0.0,0.0,0.0,0.0,0.0,0.0,0.0,0
5285.KL,11/9/2025,0.0,0.0,0.0,0.0,0.0,0.0,0.0,0.0,0.0,0
5285.KL,12/1/2020,0.0,0.0,0.0,0.0,0.0,0.0,0.0,0.0,0.0,0
5285.KL,12/1/2021,0.0,0.0,0.0,0.0,0.0,0.0,0.0,0.0,0.0,0
5285.KL,12/1/2022,0.0,0.0,0.0,0.0,0.0,0.0,0.0,0.0,0.0,0
5285.KL,12/1/2023,0.0,0.0,0.0,0.0,0.0,0.0,0.0,0.0,0.0,0
5285.KL,12/1/2024,0.0,0.0,0.0,0.0,0.0,0.0,0.0,0.0,0.0,0
5285.KL,12/1/2025,0.0,0.0,0.0,0.0,0.0,0.0,0.0,0.0,0.0,0
5285.KL,12/1/2026,0.0,0.0,0.0,0.0,0.0,0.0,0.0,0.0,0.0,0
5285.KL,12/10/2020,0.0,0.0,0.0,0.0,0.0,0.0,0.0,0.0,0.0,0
5285.KL,12/10/2021,0.0,0.0,0.0,0.0,0.0,0.0,0.0,0.0,0.0,0
5285.KL,12/10/2022,0.0,0.0,0.0,0.0,0.0,0.0,0.0,0.0,0.0,0
5285.KL,12/10/2023,0.0,0.0,0.0,0.0,0.0,0.0,0.0,0.0,0.0,0
5285.KL,12/10/2024,0.0,0.0,0.0,0.0,0.0,0.0,0.0,0.0,0.0,0
5285.KL,12/10/2025,0.0,0.0,0.0,0.0,0.0,0.0,0.0,0.0,0.0,0
5285.KL,12/11/2020,0.0,0.0,0.0,0.0,0.0,0.0,0.0,0.0,0.0,0
5285.KL,12/11/2021,0.0,0.0,0.0,0.0,0.0,0.0,0.0,0.0,0.0,0
5285.KL,12/11/2022,0.0,0.0,0.0,0.0,0.0,0.0,0.0,0.0,0.0,0
5285.KL,12/11/2023,0.0,0.0,0.0,0.0,0.0,0.0,0.0,0.0,0.0,0
5285.KL,12/11/2024,0.0,0.0,0.0,0.0,0.0,0.0,0.0,0.0,0.0,0
5285.KL,12/11/2025,0.912159,0.922281,0.067597,0.010122,1.0,0.0,0.0,0.912159,0.922281,1
5285.KL,12/12/2020,0.0,0.0,0.0,0.0,0.0,0.0,0.0,0.0,0.0,0
5285.KL,12/12/2021,0.0,0.0,0.0,0.0,0.0,0.0,0.0,0.0,0.0,0
5285.KL,12/12/2022,0.0,0.0,0.0,0.0,0.0,0.0,0.0,0.0,0.0,0
5285.KL,12/12/2023,0.0,0.0,0.0,0.0,0.0,0.0,0.0,0.0,0.0,0
5285.KL,12/12/2024,0.8713,0.905558,0.060184,0.034258,1.0,0.0,0.0,0.8713,0.905558,1
5285.KL,12/12/2025,0.0,0.0,0.0,0.0,0.0,0.0,0.0,0.0,0.0,0
5285.KL,12/2/2020,0.0,0.0,0.0,0.0,0.0,0.0,0.0,0.0,0.0,0
5285.KL,12/2/2021,0.0,0.0,0.0,0.0,0.0,0.0,0.0,0.0,0.0,0
5285.KL,12/2/2022,0.0,0.0,0.0,0.0,0.0,0.0,0.0,0.0,0.0,0
5285.KL,12/2/2023,0.0,0.0,0.0,0.0,0.0,0.0,0.0,0.0,0.0,0
5285.KL,12/2/2024,0.0,0.0,0.0,0.0,0.0,0.0,0.0,0.0,0.0,0
5285.KL,12/2/2025,0.821559,0.87909,0.063378,0.057531,1.0,0.0,0.0,0.821559,0.87909,1
5285.KL,12/2/2026,-0.953886,0.014057,0.018001,0.967943,0.0,0.0,1.0,0.953886,0.967943,1
5285.KL,12/3/2020,0.0,0.0,0.0,0.0,0.0,0.0,0.0,0.0,0.0,0
5285.KL,12/3/2021,0.0,0.0,0.0,0.0,0.0,0.0,0.0,0.0,0.0,0
5285.KL,12/3/2022,0.0,0.0,0.0,0.0,0.0,0.0,0.0,0.0,0.0,0
5285.KL,12/3/2023,0.0,0.0,0.0,0.0,0.0,0.0,0.0,0.0,0.0,0
5285.KL,12/3/2024,0.0,0.0,0.0,0.0,0.0,0.0,0.0,0.0,0.0,0
5285.KL,12/3/2025,0.0,0.0,0.0,0.0,0.0,0.0,0.0,0.0,0.0,0
5285.KL,12/3/2026,0.0,0.0,0.0,0.0,0.0,0.0,0.0,0.0,0.0,0
5285.KL,12/4/2020,0.0,0.0,0.0,0.0,0.0,0.0,0.0,0.0,0.0,0
5285.KL,12/4/2021,0.0,0.0,0.0,0.0,0.0,0.0,0.0,0.0,0.0,0
5285.KL,12/4/2022,0.0,0.0,0.0,0.0,0.0,0.0,0.0,0.0,0.0,0
5285.KL,12/4/2023,0.0,0.0,0.0,0.0,0.0,0.0,0.0,0.0,0.0,0
5285.KL,12/4/2024,0.0,0.0,0.0,0.0,0.0,0.0,0.0,0.0,0.0,0
5285.KL,12/4/2025,0.0,0.0,0.0,0.0,0.0,0.0,0.0,0.0,0.0,0
5285.KL,12/5/2020,0.0,0.0,0.0,0.0,0.0,0.0,0.0,0.0,0.0,0
5285.KL,12/5/2021,0.0,0.0,0.0,0.0,0.0,0.0,0.0,0.0,0.0,0
5285.KL,12/5/2022,0.0,0.0,0.0,0.0,0.0,0.0,0.0,0.0,0.0,0
5285.KL,12/5/2023,0.0,0.0,0.0,0.0,0.0,0.0,0.0,0.0,0.0,0
5285.KL,12/5/2024,0.0,0.0,0.0,0.0,0.0,0.0,0.0,0.0,0.0,0
5285.KL,12/5/2025,0.0,0.0,0.0,0.0,0.0,0.0,0.0,0.0,0.0,0
5285.KL,12/6/2020,0.0,0.0,0.0,0.0,0.0,0.0,0.0,0.0,0.0,0
5285.KL,12/6/2021,0.0,0.0,0.0,0.0,0.0,0.0,0.0,0.0,0.0,0
5285.KL,12/6/2022,0.0,0.0,0.0,0.0,0.0,0.0,0.0,0.0,0.0,0
5285.KL,12/6/2023,0.0,0.0,0.0,0.0,0.0,0.0,0.0,0.0,0.0,0
5285.KL,12/6/2024,0.0,0.0,0.0,0.0,0.0,0.0,0.0,0.0,0.0,0
5285.KL,12/6/2025,0.0,0.0,0.0,0.0,0.0,0.0,0.0,0.0,0.0,0
5285.KL,12/7/2020,0.0,0.0,0.0,0.0,0.0,0.0,0.0,0.0,0.0,0
5285.KL,12/7/2021,0.0,0.0,0.0,0.0,0.0,0.0,0.0,0.0,0.0,0
5285.KL,12/7/2022,0.0,0.0,0.0,0.0,0.0,0.0,0.0,0.0,0.0,0
5285.KL,12/7/2023,0.0,0.0,0.0,0.0,0.0,0.0,0.0,0.0,0.0,0
5285.KL,12/7/2024,0.0,0.0,0.0,0.0,0.0,0.0,0.0,0.0,0.0,0
5285.KL,12/7/2025,0.0,0.0,0.0,0.0,0.0,0.0,0.0,0.0,0.0,0
5285.KL,12/8/2020,0.0,0.0,0.0,0.0,0.0,0.0,0.0,0.0,0.0,0
5285.KL,12/8/2021,0.0,0.0,0.0,0.0,0.0,0.0,0.0,0.0,0.0,0
5285.KL,12/8/2022,0.0,0.0,0.0,0.0,0.0,0.0,0.0,0.0,0.0,0
5285.KL,12/8/2023,0.0,0.0,0.0,0.0,0.0,0.0,0.0,0.0,0.0,0
5285.KL,12/8/2024,0.0,0.0,0.0,0.0,0.0,0.0,0.0,0.0,0.0,0
5285.KL,12/8/2025,0.0,0.0,0.0,0.0,0.0,0.0,0.0,0.0,0.0,0
5285.KL,12/9/2020,0.0,0.0,0.0,0.0,0.0,0.0,0.0,0.0,0.0,0
5285.KL,12/9/2021,0.0,0.0,0.0,0.0,0.0,0.0,0.0,0.0,0.0,0
5285.KL,12/9/2022,0.0,0.0,0.0,0.0,0.0,0.0,0.0,0.0,0.0,0
5285.KL,12/9/2023,0.0,0.0,0.0,0.0,0.0,0.0,0.0,0.0,0.0,0
5285.KL,12/9/2024,0.0,0.0,0.0,0.0,0.0,0.0,0.0,0.0,0.0,0
5285.KL,12/9/2025,0.0,0.0,0.0,0.0,0.0,0.0,0.0,0.0,0.0,0
5285.KL,13/1/2020,0.0,0.0,0.0,0.0,0.0,0.0,0.0,0.0,0.0,0
5285.KL,13/1/2021,0.0,0.0,0.0,0.0,0.0,0.0,0.0,0.0,0.0,0
5285.KL,13/1/2022,0.0,0.0,0.0,0.0,0.0,0.0,0.0,0.0,0.0,0
5285.KL,13/1/2023,0.0,0.0,0.0,0.0,0.0,0.0,0.0,0.0,0.0,0
5285.KL,13/1/2024,0.0,0.0,0.0,0.0,0.0,0.0,0.0,0.0,0.0,0
5285.KL,13/1/2025,0.0,0.0,0.0,0.0,0.0,0.0,0.0,0.0,0.0,0
5285.KL,13/1/2026,0.85949,0.909778,0.039934,0.050288,1.0,0.0,0.0,0.85949,0.909778,1
5285.KL,13/10/2020,0.0,0.0,0.0,0.0,0.0,0.0,0.0,0.0,0.0,0
5285.KL,13/10/2021,0.0,0.0,0.0,0.0,0.0,0.0,0.0,0.0,0.0,0
5285.KL,13/10/2022,0.0,0.0,0.0,0.0,0.0,0.0,0.0,0.0,0.0,0
5285.KL,13/10/2023,0.0,0.0,0.0,0.0,0.0,0.0,0.0,0.0,0.0,0
5285.KL,13/10/2024,0.0,0.0,0.0,0.0,0.0,0.0,0.0,0.0,0.0,0
5285.KL,13/10/2025,0.0,0.0,0.0,0.0,0.0,0.0,0.0,0.0,0.0,0
5285.KL,13/11/2020,0.0,0.0,0.0,0.0,0.0,0.0,0.0,0.0,0.0,0
5285.KL,13/11/2021,0.0,0.0,0.0,0.0,0.0,0.0,0.0,0.0,0.0,0
5285.KL,13/11/2022,0.0,0.0,0.0,0.0,0.0,0.0,0.0,0.0,0.0,0
5285.KL,13/11/2023,0.0,0.0,0.0,0.0,0.0,0.0,0.0,0.0,0.0,0
5285.KL,13/11/2024,0.0,0.0,0.0,0.0,0.0,0.0,0.0,0.0,0.0,0
5285.KL,13/11/2025,0.928356,0.940368,0.04762,0.012012,1.0,0.0,0.0,0.928356,0.940368,2
5285.KL,13/12/2020,0.0,0.0,0.0,0.0,0.0,0.0,0.0,0.0,0.0,0
5285.KL,13/12/2021,0.0,0.0,0.0,0.0,0.0,0.0,0.0,0.0,0.0,0
5285.KL,13/12/2022,0.0,0.0,0.0,0.0,0.0,0.0,0.0,0.0,0.0,0
5285.KL,13/12/2023,0.0,0.0,0.0,0.0,0.0,0.0,0.0,0.0,0.0,0
5285.KL,13/12/2024,0.0,0.0,0.0,0.0,0.0,0.0,0.0,0.0,0.0,0
5285.KL,13/12/2025,0.0,0.0,0.0,0.0,0.0,0.0,0.0,0.0,0.0,0
5285.KL,13/2/2020,0.0,0.0,0.0,0.0,0.0,0.0,0.0,0.0,0.0,0
5285.KL,13/2/2021,0.0,0.0,0.0,0.0,0.0,0.0,0.0,0.0,0.0,0
5285.KL,13/2/2022,0.0,0.0,0.0,0.0,0.0,0.0,0.0,0.0,0.0,0
5285.KL,13/2/2023,0.0,0.0,0.0,0.0,0.0,0.0,0.0,0.0,0.0,0
5285.KL,13/2/2024,0.0,0.0,0.0,0.0,0.0,0.0,0.0,0.0,0.0,0
5285.KL,13/2/2025,0.0,0.0,0.0,0.0,0.0,0.0,0.0,0.0,0.0,0
5285.KL,13/2/2026,0.0,0.0,0.0,0.0,0.0,0.0,0.0,0.0,0.0,0
5285.KL,13/3/2020,0.0,0.0,0.0,0.0,0.0,0.0,0.0,0.0,0.0,0
5285.KL,13/3/2021,0.0,0.0,0.0,0.0,0.0,0.0,0.0,0.0,0.0,0
5285.KL,13/3/2022,0.0,0.0,0.0,0.0,0.0,0.0,0.0,0.0,0.0,0
5285.KL,13/3/2023,0.0,0.0,0.0,0.0,0.0,0.0,0.0,0.0,0.0,0
5285.KL,13/3/2024,0.0,0.0,0.0,0.0,0.0,0.0,0.0,0.0,0.0,0
5285.KL,13/3/2025,0.0,0.0,0.0,0.0,0.0,0.0,0.0,0.0,0.0,0
5285.KL,13/3/2026,0.0,0.0,0.0,0.0,0.0,0.0,0.0,0.0,0.0,0
5285.KL,13/4/2020,0.0,0.0,0.0,0.0,0.0,0.0,0.0,0.0,0.0,0
5285.KL,13/4/2021,0.0,0.0,0.0,0.0,0.0,0.0,0.0,0.0,0.0,0
5285.KL,13/4/2022,0.0,0.0,0.0,0.0,0.0,0.0,0.0,0.0,0.0,0
5285.KL,13/4/2023,0.0,0.0,0.0,0.0,0.0,0.0,0.0,0.0,0.0,0
5285.KL,13/4/2024,0.0,0.0,0.0,0.0,0.0,0.0,0.0,0.0,0.0,0
5285.KL,13/4/2025,0.0,0.0,0.0,0.0,0.0,0.0,0.0,0.0,0.0,0
5285.KL,13/5/2020,0.0,0.0,0.0,0.0,0.0,0.0,0.0,0.0,0.0,0
5285.KL,13/5/2021,0.0,0.0,0.0,0.0,0.0,0.0,0.0,0.0,0.0,0
5285.KL,13/5/2022,0.0,0.0,0.0,0.0,0.0,0.0,0.0,0.0,0.0,0
5285.KL,13/5/2023,0.0,0.0,0.0,0.0,0.0,0.0,0.0,0.0,0.0,0
5285.KL,13/5/2024,0.0,0.0,0.0,0.0,0.0,0.0,0.0,0.0,0.0,0
5285.KL,13/5/2025,0.90451,0.91404,0.07643,0.00953,1.0,0.0,0.0,0.90451,0.91404,1
5285.KL,13/6/2020,0.0,0.0,0.0,0.0,0.0,0.0,0.0,0.0,0.0,0
5285.KL,13/6/2021,0.0,0.0,0.0,0.0,0.0,0.0,0.0,0.0,0.0,0
5285.KL,13/6/2022,0.0,0.0,0.0,0.0,0.0,0.0,0.0,0.0,0.0,0
5285.KL,13/6/2023,0.0,0.0,0.0,0.0,0.0,0.0,0.0,0.0,0.0,0
5285.KL,13/6/2024,0.0,0.0,0.0,0.0,0.0,0.0,0.0,0.0,0.0,0
5285.KL,13/6/2025,0.0,0.0,0.0,0.0,0.0,0.0,0.0,0.0,0.0,0
5285.KL,13/7/2020,0.0,0.0,0.0,0.0,0.0,0.0,0.0,0.0,0.0,0
5285.KL,13/7/2021,0.0,0.0,0.0,0.0,0.0,0.0,0.0,0.0,0.0,0
5285.KL,13/7/2022,0.0,0.0,0.0,0.0,0.0,0.0,0.0,0.0,0.0,0
5285.KL,13/7/2023,0.0,0.0,0.0,0.0,0.0,0.0,0.0,0.0,0.0,0
5285.KL,13/7/2024,0.0,0.0,0.0,0.0,0.0,0.0,0.0,0.0,0.0,0
5285.KL,13/7/2025,0.0,0.0,0.0,0.0,0.0,0.0,0.0,0.0,0.0,0
5285.KL,13/8/2020,0.0,0.0,0.0,0.0,0.0,0.0,0.0,0.0,0.0,0
5285.KL,13/8/2021,0.0,0.0,0.0,0.0,0.0,0.0,0.0,0.0,0.0,0
5285.KL,13/8/2022,0.0,0.0,0.0,0.0,0.0,0.0,0.0,0.0,0.0,0
5285.KL,13/8/2023,0.0,0.0,0.0,0.0,0.0,0.0,0.0,0.0,0.0,0
5285.KL,13/8/2024,0.0,0.0,0.0,0.0,0.0,0.0,0.0,0.0,0.0,0
5285.KL,13/8/2025,0.0,0.0,0.0,0.0,0.0,0.0,0.0,0.0,0.0,0
5285.KL,13/9/2020,0.0,0.0,0.0,0.0,0.0,0.0,0.0,0.0,0.0,0
5285.KL,13/9/2021,0.0,0.0,0.0,0.0,0.0,0.0,0.0,0.0,0.0,0
5285.KL,13/9/2022,0.0,0.0,0.0,0.0,0.0,0.0,0.0,0.0,0.0,0
5285.KL,13/9/2023,0.0,0.0,0.0,0.0,0.0,0.0,0.0,0.0,0.0,0
5285.KL,13/9/2024,0.0,0.0,0.0,0.0,0.0,0.0,0.0,0.0,0.0,0
5285.KL,13/9/2025,0.0,0.0,0.0,0.0,0.0,0.0,0.0,0.0,0.0,0
5285.KL,14/1/2020,0.0,0.0,0.0,0.0,0.0,0.0,0.0,0.0,0.0,0
5285.KL,14/1/2021,0.0,0.0,0.0,0.0,0.0,0.0,0.0,0.0,0.0,0
5285.KL,14/1/2022,0.0,0.0,0.0,0.0,0.0,0.0,0.0,0.0,0.0,0
5285.KL,14/1/2023,0.0,0.0,0.0,0.0,0.0,0.0,0.0,0.0,0.0,0
5285.KL,14/1/2024,0.0,0.0,0.0,0.0,0.0,0.0,0.0,0.0,0.0,0
5285.KL,14/1/2025,0.815868,0.894086,0.027696,0.078218,1.0,0.0,0.0,0.815868,0.894086,1
5285.KL,14/1/2026,0.0,0.0,0.0,0.0,0.0,0.0,0.0,0.0,0.0,0
5285.KL,14/10/2020,0.0,0.0,0.0,0.0,0.0,0.0,0.0,0.0,0.0,0
5285.KL,14/10/2021,0.0,0.0,0.0,0.0,0.0,0.0,0.0,0.0,0.0,0
5285.KL,14/10/2022,0.0,0.0,0.0,0.0,0.0,0.0,0.0,0.0,0.0,0
5285.KL,14/10/2023,0.0,0.0,0.0,0.0,0.0,0.0,0.0,0.0,0.0,0
5285.KL,14/10/2024,0.0,0.0,0.0,0.0,0.0,0.0,0.0,0.0,0.0,0
5285.KL,14/10/2025,0.0,0.0,0.0,0.0,0.0,0.0,0.0,0.0,0.0,0
5285.KL,14/11/2020,0.0,0.0,0.0,0.0,0.0,0.0,0.0,0.0,0.0,0
5285.KL,14/11/2021,0.0,0.0,0.0,0.0,0.0,0.0,0.0,0.0,0.0,0
5285.KL,14/11/2022,0.0,0.0,0.0,0.0,0.0,0.0,0.0,0.0,0.0,0
5285.KL,14/11/2023,0.0,0.0,0.0,0.0,0.0,0.0,0.0,0.0,0.0,0
5285.KL,14/11/2024,-0.786585,0.093078,0.027259,0.879663,0.0,0.0,1.0,0.786585,0.879663,2
5285.KL,14/11/2025,0.0,0.0,0.0,0.0,0.0,0.0,0.0,0.0,0.0,0
5285.KL,14/12/2020,0.0,0.0,0.0,0.0,0.0,0.0,0.0,0.0,0.0,0
5285.KL,14/12/2021,0.0,0.0,0.0,0.0,0.0,0.0,0.0,0.0,0.0,0
5285.KL,14/12/2022,0.0,0.0,0.0,0.0,0.0,0.0,0.0,0.0,0.0,0
5285.KL,14/12/2023,0.0,0.0,0.0,0.0,0.0,0.0,0.0,0.0,0.0,0
5285.KL,14/12/2024,0.0,0.0,0.0,0.0,0.0,0.0,0.0,0.0,0.0,0
5285.KL,14/12/2025,0.0,0.0,0.0,0.0,0.0,0.0,0.0,0.0,0.0,0
5285.KL,14/2/2020,0.0,0.0,0.0,0.0,0.0,0.0,0.0,0.0,0.0,0
5285.KL,14/2/2021,0.0,0.0,0.0,0.0,0.0,0.0,0.0,0.0,0.0,0
5285.KL,14/2/2022,0.0,0.0,0.0,0.0,0.0,0.0,0.0,0.0,0.0,0
5285.KL,14/2/2023,0.0,0.0,0.0,0.0,0.0,0.0,0.0,0.0,0.0,0
5285.KL,14/2/2024,0.0,0.0,0.0,0.0,0.0,0.0,0.0,0.0,0.0,0
5285.KL,14/2/2025,0.0,0.0,0.0,0.0,0.0,0.0,0.0,0.0,0.0,0
5285.KL,14/2/2026,0.138714,0.152137,0.834439,0.013423,1.0,0.0,0.0,0.138714,0.834439,1
5285.KL,14/3/2020,0.0,0.0,0.0,0.0,0.0,0.0,0.0,0.0,0.0,0
5285.KL,14/3/2021,0.0,0.0,0.0,0.0,0.0,0.0,0.0,0.0,0.0,0
5285.KL,14/3/2022,0.0,0.0,0.0,0.0,0.0,0.0,0.0,0.0,0.0,0
5285.KL,14/3/2023,0.0,0.0,0.0,0.0,0.0,0.0,0.0,0.0,0.0,0
5285.KL,14/3/2024,0.0,0.0,0.0,0.0,0.0,0.0,0.0,0.0,0.0,0
5285.KL,14/3/2025,0.0,0.0,0.0,0.0,0.0,0.0,0.0,0.0,0.0,0
5285.KL,14/3/2026,0.0,0.0,0.0,0.0,0.0,0.0,0.0,0.0,0.0,0
5285.KL,14/4/2020,0.0,0.0,0.0,0.0,0.0,0.0,0.0,0.0,0.0,0
5285.KL,14/4/2021,0.0,0.0,0.0,0.0,0.0,0.0,0.0,0.0,0.0,0
5285.KL,14/4/2022,0.0,0.0,0.0,0.0,0.0,0.0,0.0,0.0,0.0,0
5285.KL,14/4/2023,0.0,0.0,0.0,0.0,0.0,0.0,0.0,0.0,0.0,0
5285.KL,14/4/2024,0.0,0.0,0.0,0.0,0.0,0.0,0.0,0.0,0.0,0
5285.KL,14/4/2025,0.0,0.0,0.0,0.0,0.0,0.0,0.0,0.0,0.0,0
5285.KL,14/5/2020,0.0,0.0,0.0,0.0,0.0,0.0,0.0,0.0,0.0,0
5285.KL,14/5/2021,0.0,0.0,0.0,0.0,0.0,0.0,0.0,0.0,0.0,0
5285.KL,14/5/2022,0.0,0.0,0.0,0.0,0.0,0.0,0.0,0.0,0.0,0
5285.KL,14/5/2023,0.0,0.0,0.0,0.0,0.0,0.0,0.0,0.0,0.0,0
5285.KL,14/5/2024,0.0,0.0,0.0,0.0,0.0,0.0,0.0,0.0,0.0,0
5285.KL,14/5/2025,0.924999,0.946808,0.031384,0.021808,1.0,0.0,0.0,0.924999,0.946808,1
5285.KL,14/6/2020,0.0,0.0,0.0,0.0,0.0,0.0,0.0,0.0,0.0,0
5285.KL,14/6/2021,0.0,0.0,0.0,0.0,0.0,0.0,0.0,0.0,0.0,0
5285.KL,14/6/2022,0.0,0.0,0.0,0.0,0.0,0.0,0.0,0.0,0.0,0
5285.KL,14/6/2023,0.0,0.0,0.0,0.0,0.0,0.0,0.0,0.0,0.0,0
5285.KL,14/6/2024,0.0,0.0,0.0,0.0,0.0,0.0,0.0,0.0,0.0,0
5285.KL,14/6/2025,0.331282,0.348266,0.634749,0.016984,1.0,0.0,0.0,0.331282,0.634749,1
5285.KL,14/7/2020,0.0,0.0,0.0,0.0,0.0,0.0,0.0,0.0,0.0,0
5285.KL,14/7/2021,0.0,0.0,0.0,0.0,0.0,0.0,0.0,0.0,0.0,0
5285.KL,14/7/2022,0.0,0.0,0.0,0.0,0.0,0.0,0.0,0.0,0.0,0
5285.KL,14/7/2023,0.0,0.0,0.0,0.0,0.0,0.0,0.0,0.0,0.0,0
5285.KL,14/7/2024,0.0,0.0,0.0,0.0,0.0,0.0,0.0,0.0,0.0,0
5285.KL,14/7/2025,0.0,0.0,0.0,0.0,0.0,0.0,0.0,0.0,0.0,0
5285.KL,14/8/2020,0.0,0.0,0.0,0.0,0.0,0.0,0.0,0.0,0.0,0
5285.KL,14/8/2021,0.0,0.0,0.0,0.0,0.0,0.0,0.0,0.0,0.0,0
5285.KL,14/8/2022,0.0,0.0,0.0,0.0,0.0,0.0,0.0,0.0,0.0,0
5285.KL,14/8/2023,0.0,0.0,0.0,0.0,0.0,0.0,0.0,0.0,0.0,0
5285.KL,14/8/2024,0.0,0.0,0.0,0.0,0.0,0.0,0.0,0.0,0.0,0
5285.KL,14/8/2025,0.0,0.0,0.0,0.0,0.0,0.0,0.0,0.0,0.0,0
5285.KL,14/9/2020,0.0,0.0,0.0,0.0,0.0,0.0,0.0,0.0,0.0,0
5285.KL,14/9/2021,0.0,0.0,0.0,0.0,0.0,0.0,0.0,0.0,0.0,0
5285.KL,14/9/2022,0.0,0.0,0.0,0.0,0.0,0.0,0.0,0.0,0.0,0
5285.KL,14/9/2023,0.0,0.0,0.0,0.0,0.0,0.0,0.0,0.0,0.0,0
5285.KL,14/9/2024,0.0,0.0,0.0,0.0,0.0,0.0,0.0,0.0,0.0,0
5285.KL,14/9/2025,0.0,0.0,0.0,0.0,0.0,0.0,0.0,0.0,0.0,0
5285.KL,15/1/2020,0.0,0.0,0.0,0.0,0.0,0.0,0.0,0.0,0.0,0
5285.KL,15/1/2021,0.0,0.0,0.0,0.0,0.0,0.0,0.0,0.0,0.0,0
5285.KL,15/1/2022,0.0,0.0,0.0,0.0,0.0,0.0,0.0,0.0,0.0,0
5285.KL,15/1/2023,0.0,0.0,0.0,0.0,0.0,0.0,0.0,0.0,0.0,0
5285.KL,15/1/2024,0.0,0.0,0.0,0.0,0.0,0.0,0.0,0.0,0.0,0
5285.KL,15/1/2025,0.000318,0.049676,0.900967,0.049357,0.0,1.0,0.0,0.000318,0.900967,1
5285.KL,15/1/2026,-0.703413,0.067207,0.162173,0.77062,0.0,0.0,1.0,0.703413,0.77062,1
5285.KL,15/10/2020,0.0,0.0,0.0,0.0,0.0,0.0,0.0,0.0,0.0,0
5285.KL,15/10/2021,0.0,0.0,0.0,0.0,0.0,0.0,0.0,0.0,0.0,0
5285.KL,15/10/2022,0.0,0.0,0.0,0.0,0.0,0.0,0.0,0.0,0.0,0
5285.KL,15/10/2023,0.0,0.0,0.0,0.0,0.0,0.0,0.0,0.0,0.0,0
5285.KL,15/10/2024,0.0,0.0,0.0,0.0,0.0,0.0,0.0,0.0,0.0,0
5285.KL,15/10/2025,0.0,0.0,0.0,0.0,0.0,0.0,0.0,0.0,0.0,0
5285.KL,15/11/2020,0.0,0.0,0.0,0.0,0.0,0.0,0.0,0.0,0.0,0
5285.KL,15/11/2021,0.0,0.0,0.0,0.0,0.0,0.0,0.0,0.0,0.0,0
5285.KL,15/11/2022,0.0,0.0,0.0,0.0,0.0,0.0,0.0,0.0,0.0,0
5285.KL,15/11/2023,0.0,0.0,0.0,0.0,0.0,0.0,0.0,0.0,0.0,0
5285.KL,15/11/2024,-0.847687,0.025744,0.100826,0.87343,0.0,0.0,1.0,0.847687,0.87343,1
5285.KL,15/11/2025,0.0,0.0,0.0,0.0,0.0,0.0,0.0,0.0,0.0,0
5285.KL,15/12/2020,0.0,0.0,0.0,0.0,0.0,0.0,0.0,0.0,0.0,0
5285.KL,15/12/2021,0.0,0.0,0.0,0.0,0.0,0.0,0.0,0.0,0.0,0
5285.KL,15/12/2022,0.0,0.0,0.0,0.0,0.0,0.0,0.0,0.0,0.0,0
5285.KL,15/12/2023,0.0,0.0,0.0,0.0,0.0,0.0,0.0,0.0,0.0,0
5285.KL,15/12/2024,0.0,0.0,0.0,0.0,0.0,0.0,0.0,0.0,0.0,0
5285.KL,15/12/2025,0.0,0.0,0.0,0.0,0.0,0.0,0.0,0.0,0.0,0
5285.KL,15/2/2020,0.0,0.0,0.0,0.0,0.0,0.0,0.0,0.0,0.0,0
5285.KL,15/2/2021,0.0,0.0,0.0,0.0,0.0,0.0,0.0,0.0,0.0,0
5285.KL,15/2/2022,0.0,0.0,0.0,0.0,0.0,0.0,0.0,0.0,0.0,0
5285.KL,15/2/2023,0.0,0.0,0.0,0.0,0.0,0.0,0.0,0.0,0.0,0
5285.KL,15/2/2024,0.0,0.0,0.0,0.0,0.0,0.0,0.0,0.0,0.0,0
5285.KL,15/2/2025,0.0,0.0,0.0,0.0,0.0,0.0,0.0,0.0,0.0,0
5285.KL,15/2/2026,0.0,0.0,0.0,0.0,0.0,0.0,0.0,0.0,0.0,0
5285.KL,15/3/2020,0.0,0.0,0.0,0.0,0.0,0.0,0.0,0.0,0.0,0
5285.KL,15/3/2021,0.0,0.0,0.0,0.0,0.0,0.0,0.0,0.0,0.0,0
5285.KL,15/3/2022,0.0,0.0,0.0,0.0,0.0,0.0,0.0,0.0,0.0,0
5285.KL,15/3/2023,0.0,0.0,0.0,0.0,0.0,0.0,0.0,0.0,0.0,0
5285.KL,15/3/2024,0.0,0.0,0.0,0.0,0.0,0.0,0.0,0.0,0.0,0
5285.KL,15/3/2025,0.0,0.0,0.0,0.0,0.0,0.0,0.0,0.0,0.0,0
5285.KL,15/3/2026,0.0,0.0,0.0,0.0,0.0,0.0,0.0,0.0,0.0,0
5285.KL,15/4/2020,0.0,0.0,0.0,0.0,0.0,0.0,0.0,0.0,0.0,0
5285.KL,15/4/2021,0.0,0.0,0.0,0.0,0.0,0.0,0.0,0.0,0.0,0
5285.KL,15/4/2022,0.0,0.0,0.0,0.0,0.0,0.0,0.0,0.0,0.0,0
5285.KL,15/4/2023,0.0,0.0,0.0,0.0,0.0,0.0,0.0,0.0,0.0,0
5285.KL,15/4/2024,0.0,0.0,0.0,0.0,0.0,0.0,0.0,0.0,0.0,0
5285.KL,15/4/2025,0.0,0.0,0.0,0.0,0.0,0.0,0.0,0.0,0.0,0
5285.KL,15/5/2020,0.0,0.0,0.0,0.0,0.0,0.0,0.0,0.0,0.0,0
5285.KL,15/5/2021,0.0,0.0,0.0,0.0,0.0,0.0,0.0,0.0,0.0,0
5285.KL,15/5/2022,0.0,0.0,0.0,0.0,0.0,0.0,0.0,0.0,0.0,0
5285.KL,15/5/2023,0.0,0.0,0.0,0.0,0.0,0.0,0.0,0.0,0.0,0
5285.KL,15/5/2024,0.0,0.0,0.0,0.0,0.0,0.0,0.0,0.0,0.0,0
5285.KL,15/5/2025,0.0,0.0,0.0,0.0,0.0,0.0,0.0,0.0,0.0,0
5285.KL,15/6/2020,0.0,0.0,0.0,0.0,0.0,0.0,0.0,0.0,0.0,0
5285.KL,15/6/2021,0.0,0.0,0.0,0.0,0.0,0.0,0.0,0.0,0.0,0
5285.KL,15/6/2022,0.0,0.0,0.0,0.0,0.0,0.0,0.0,0.0,0.0,0
5285.KL,15/6/2023,0.0,0.0,0.0,0.0,0.0,0.0,0.0,0.0,0.0,0
5285.KL,15/6/2024,0.0,0.0,0.0,0.0,0.0,0.0,0.0,0.0,0.0,0
5285.KL,15/6/2025,0.0,0.0,0.0,0.0,0.0,0.0,0.0,0.0,0.0,0
5285.KL,15/7/2020,0.0,0.0,0.0,0.0,0.0,0.0,0.0,0.0,0.0,0
5285.KL,15/7/2021,0.0,0.0,0.0,0.0,0.0,0.0,0.0,0.0,0.0,0
5285.KL,15/7/2022,0.0,0.0,0.0,0.0,0.0,0.0,0.0,0.0,0.0,0
5285.KL,15/7/2023,0.0,0.0,0.0,0.0,0.0,0.0,0.0,0.0,0.0,0
5285.KL,15/7/2024,0.0,0.0,0.0,0.0,0.0,0.0,0.0,0.0,0.0,0
5285.KL,15/7/2025,0.0,0.0,0.0,0.0,0.0,0.0,0.0,0.0,0.0,0
5285.KL,15/8/2020,0.0,0.0,0.0,0.0,0.0,0.0,0.0,0.0,0.0,0
5285.KL,15/8/2021,0.0,0.0,0.0,0.0,0.0,0.0,0.0,0.0,0.0,0
5285.KL,15/8/2022,0.0,0.0,0.0,0.0,0.0,0.0,0.0,0.0,0.0,0
5285.KL,15/8/2023,0.0,0.0,0.0,0.0,0.0,0.0,0.0,0.0,0.0,0
5285.KL,15/8/2024,-0.95391,0.014307,0.017476,0.968217,0.0,0.0,1.0,0.95391,0.968217,1
5285.KL,15/8/2025,0.0,0.0,0.0,0.0,0.0,0.0,0.0,0.0,0.0,0
5285.KL,15/9/2020,0.0,0.0,0.0,0.0,0.0,0.0,0.0,0.0,0.0,0
5285.KL,15/9/2021,0.0,0.0,0.0,0.0,0.0,0.0,0.0,0.0,0.0,0
5285.KL,15/9/2022,0.0,0.0,0.0,0.0,0.0,0.0,0.0,0.0,0.0,0
5285.KL,15/9/2023,0.0,0.0,0.0,0.0,0.0,0.0,0.0,0.0,0.0,0
5285.KL,15/9/2024,0.0,0.0,0.0,0.0,0.0,0.0,0.0,0.0,0.0,0
5285.KL,15/9/2025,0.0,0.0,0.0,0.0,0.0,0.0,0.0,0.0,0.0,0
5285.KL,16/1/2020,0.0,0.0,0.0,0.0,0.0,0.0,0.0,0.0,0.0,0
5285.KL,16/1/2021,0.0,0.0,0.0,0.0,0.0,0.0,0.0,0.0,0.0,0
5285.KL,16/1/2022,0.0,0.0,0.0,0.0,0.0,0.0,0.0,0.0,0.0,0
5285.KL,16/1/2023,0.0,0.0,0.0,0.0,0.0,0.0,0.0,0.0,0.0,0
5285.KL,16/1/2024,0.0,0.0,0.0,0.0,0.0,0.0,0.0,0.0,0.0,0
5285.KL,16/1/2025,0.0,0.0,0.0,0.0,0.0,0.0,0.0,0.0,0.0,0
5285.KL,16/1/2026,0.0,0.0,0.0,0.0,0.0,0.0,0.0,0.0,0.0,0
5285.KL,16/10/2020,0.0,0.0,0.0,0.0,0.0,0.0,0.0,0.0,0.0,0
5285.KL,16/10/2021,0.0,0.0,0.0,0.0,0.0,0.0,0.0,0.0,0.0,0
5285.KL,16/10/2022,0.0,0.0,0.0,0.0,0.0,0.0,0.0,0.0,0.0,0
5285.KL,16/10/2023,0.0,0.0,0.0,0.0,0.0,0.0,0.0,0.0,0.0,0
5285.KL,16/10/2024,0.551076,0.563329,0.424418,0.012253,1.0,0.0,0.0,0.551076,0.563329,1
5285.KL,16/10/2025,0.0,0.0,0.0,0.0,0.0,0.0,0.0,0.0,0.0,0
5285.KL,16/11/2020,0.0,0.0,0.0,0.0,0.0,0.0,0.0,0.0,0.0,0
5285.KL,16/11/2021,0.0,0.0,0.0,0.0,0.0,0.0,0.0,0.0,0.0,0
5285.KL,16/11/2022,0.0,0.0,0.0,0.0,0.0,0.0,0.0,0.0,0.0,0
5285.KL,16/11/2023,0.0,0.0,0.0,0.0,0.0,0.0,0.0,0.0,0.0,0
5285.KL,16/11/2024,0.0,0.0,0.0,0.0,0.0,0.0,0.0,0.0,0.0,0
5285.KL,16/11/2025,0.0,0.0,0.0,0.0,0.0,0.0,0.0,0.0,0.0,0
5285.KL,16/12/2020,0.0,0.0,0.0,0.0,0.0,0.0,0.0,0.0,0.0,0
5285.KL,16/12/2021,0.0,0.0,0.0,0.0,0.0,0.0,0.0,0.0,0.0,0
5285.KL,16/12/2022,0.0,0.0,0.0,0.0,0.0,0.0,0.0,0.0,0.0,0
5285.KL,16/12/2023,0.0,0.0,0.0,0.0,0.0,0.0,0.0,0.0,0.0,0
5285.KL,16/12/2024,0.0,0.0,0.0,0.0,0.0,0.0,0.0,0.0,0.0,0
5285.KL,16/12/2025,0.0,0.0,0.0,0.0,0.0,0.0,0.0,0.0,0.0,0
5285.KL,16/2/2020,0.0,0.0,0.0,0.0,0.0,0.0,0.0,0.0,0.0,0
5285.KL,16/2/2021,0.0,0.0,0.0,0.0,0.0,0.0,0.0,0.0,0.0,0
5285.KL,16/2/2022,0.0,0.0,0.0,0.0,0.0,0.0,0.0,0.0,0.0,0
5285.KL,16/2/2023,0.0,0.0,0.0,0.0,0.0,0.0,0.0,0.0,0.0,0
5285.KL,16/2/2024,0.0,0.0,0.0,0.0,0.0,0.0,0.0,0.0,0.0,0
5285.KL,16/2/2025,0.0,0.0,0.0,0.0,0.0,0.0,0.0,0.0,0.0,0
5285.KL,16/2/2026,0.0,0.0,0.0,0.0,0.0,0.0,0.0,0.0,0.0,0
5285.KL,16/3/2020,0.0,0.0,0.0,0.0,0.0,0.0,0.0,0.0,0.0,0
5285.KL,16/3/2021,0.0,0.0,0.0,0.0,0.0,0.0,0.0,0.0,0.0,0
5285.KL,16/3/2022,0.0,0.0,0.0,0.0,0.0,0.0,0.0,0.0,0.0,0
5285.KL,16/3/2023,0.0,0.0,0.0,0.0,0.0,0.0,0.0,0.0,0.0,0
5285.KL,16/3/2024,0.0,0.0,0.0,0.0,0.0,0.0,0.0,0.0,0.0,0
5285.KL,16/3/2025,0.0,0.0,0.0,0.0,0.0,0.0,0.0,0.0,0.0,0
5285.KL,16/3/2026,-0.764839,0.091628,0.051905,0.856467,0.0,0.0,1.0,0.764839,0.856467,1
5285.KL,16/4/2020,0.0,0.0,0.0,0.0,0.0,0.0,0.0,0.0,0.0,0
5285.KL,16/4/2021,0.0,0.0,0.0,0.0,0.0,0.0,0.0,0.0,0.0,0
5285.KL,16/4/2022,0.0,0.0,0.0,0.0,0.0,0.0,0.0,0.0,0.0,0
5285.KL,16/4/2023,0.0,0.0,0.0,0.0,0.0,0.0,0.0,0.0,0.0,0
5285.KL,16/4/2024,0.0,0.0,0.0,0.0,0.0,0.0,0.0,0.0,0.0,0
5285.KL,16/4/2025,0.0,0.0,0.0,0.0,0.0,0.0,0.0,0.0,0.0,0
5285.KL,16/5/2020,0.0,0.0,0.0,0.0,0.0,0.0,0.0,0.0,0.0,0
5285.KL,16/5/2021,0.0,0.0,0.0,0.0,0.0,0.0,0.0,0.0,0.0,0
5285.KL,16/5/2022,0.0,0.0,0.0,0.0,0.0,0.0,0.0,0.0,0.0,0
5285.KL,16/5/2023,0.0,0.0,0.0,0.0,0.0,0.0,0.0,0.0,0.0,0
5285.KL,16/5/2024,0.0,0.0,0.0,0.0,0.0,0.0,0.0,0.0,0.0,0
5285.KL,16/5/2025,0.26812,0.278748,0.710625,0.010628,1.0,0.0,0.0,0.26812,0.710625,1
5285.KL,16/6/2020,0.0,0.0,0.0,0.0,0.0,0.0,0.0,0.0,0.0,0
5285.KL,16/6/2021,0.0,0.0,0.0,0.0,0.0,0.0,0.0,0.0,0.0,0
5285.KL,16/6/2022,0.0,0.0,0.0,0.0,0.0,0.0,0.0,0.0,0.0,0
5285.KL,16/6/2023,0.0,0.0,0.0,0.0,0.0,0.0,0.0,0.0,0.0,0
5285.KL,16/6/2024,0.0,0.0,0.0,0.0,0.0,0.0,0.0,0.0,0.0,0
5285.KL,16/6/2025,0.0,0.0,0.0,0.0,0.0,0.0,0.0,0.0,0.0,0
5285.KL,16/7/2020,0.0,0.0,0.0,0.0,0.0,0.0,0.0,0.0,0.0,0
5285.KL,16/7/2021,0.0,0.0,0.0,0.0,0.0,0.0,0.0,0.0,0.0,0
5285.KL,16/7/2022,0.0,0.0,0.0,0.0,0.0,0.0,0.0,0.0,0.0,0
5285.KL,16/7/2023,0.0,0.0,0.0,0.0,0.0,0.0,0.0,0.0,0.0,0
5285.KL,16/7/2024,0.0,0.0,0.0,0.0,0.0,0.0,0.0,0.0,0.0,0
5285.KL,16/7/2025,0.0,0.0,0.0,0.0,0.0,0.0,0.0,0.0,0.0,0
5285.KL,16/8/2020,0.0,0.0,0.0,0.0,0.0,0.0,0.0,0.0,0.0,0
5285.KL,16/8/2021,0.0,0.0,0.0,0.0,0.0,0.0,0.0,0.0,0.0,0
5285.KL,16/8/2022,0.0,0.0,0.0,0.0,0.0,0.0,0.0,0.0,0.0,0
5285.KL,16/8/2023,0.0,0.0,0.0,0.0,0.0,0.0,0.0,0.0,0.0,0
5285.KL,16/8/2024,0.0,0.0,0.0,0.0,0.0,0.0,0.0,0.0,0.0,0
5285.KL,16/8/2025,0.0,0.0,0.0,0.0,0.0,0.0,0.0,0.0,0.0,0
5285.KL,16/9/2020,0.0,0.0,0.0,0.0,0.0,0.0,0.0,0.0,0.0,0
5285.KL,16/9/2021,0.0,0.0,0.0,0.0,0.0,0.0,0.0,0.0,0.0,0
5285.KL,16/9/2022,0.0,0.0,0.0,0.0,0.0,0.0,0.0,0.0,0.0,0
5285.KL,16/9/2023,0.0,0.0,0.0,0.0,0.0,0.0,0.0,0.0,0.0,0
5285.KL,16/9/2024,0.0,0.0,0.0,0.0,0.0,0.0,0.0,0.0,0.0,0
5285.KL,16/9/2025,0.0,0.0,0.0,0.0,0.0,0.0,0.0,0.0,0.0,0
5285.KL,17/1/2020,0.0,0.0,0.0,0.0,0.0,0.0,0.0,0.0,0.0,0
5285.KL,17/1/2021,0.0,0.0,0.0,0.0,0.0,0.0,0.0,0.0,0.0,0
5285.KL,17/1/2022,0.0,0.0,0.0,0.0,0.0,0.0,0.0,0.0,0.0,0
5285.KL,17/1/2023,0.0,0.0,0.0,0.0,0.0,0.0,0.0,0.0,0.0,0
5285.KL,17/1/2024,0.0,0.0,0.0,0.0,0.0,0.0,0.0,0.0,0.0,0
5285.KL,17/1/2025,0.0,0.0,0.0,0.0,0.0,0.0,0.0,0.0,0.0,0
5285.KL,17/1/2026,0.0,0.0,0.0,0.0,0.0,0.0,0.0,0.0,0.0,0
5285.KL,17/10/2020,0.0,0.0,0.0,0.0,0.0,0.0,0.0,0.0,0.0,0
5285.KL,17/10/2021,0.0,0.0,0.0,0.0,0.0,0.0,0.0,0.0,0.0,0
5285.KL,17/10/2022,0.0,0.0,0.0,0.0,0.0,0.0,0.0,0.0,0.0,0
5285.KL,17/10/2023,0.0,0.0,0.0,0.0,0.0,0.0,0.0,0.0,0.0,0
5285.KL,17/10/2024,-0.955643,0.013261,0.017836,0.968904,0.0,0.0,1.0,0.955643,0.968904,1
5285.KL,17/10/2025,0.0,0.0,0.0,0.0,0.0,0.0,0.0,0.0,0.0,0
5285.KL,17/11/2020,0.0,0.0,0.0,0.0,0.0,0.0,0.0,0.0,0.0,0
5285.KL,17/11/2021,0.0,0.0,0.0,0.0,0.0,0.0,0.0,0.0,0.0,0
5285.KL,17/11/2022,0.0,0.0,0.0,0.0,0.0,0.0,0.0,0.0,0.0,0
5285.KL,17/11/2023,0.0,0.0,0.0,0.0,0.0,0.0,0.0,0.0,0.0,0
5285.KL,17/11/2024,0.0,0.0,0.0,0.0,0.0,0.0,0.0,0.0,0.0,0
5285.KL,17/11/2025,0.459589,0.663627,0.132336,0.204037,1.0,0.0,0.0,0.459589,0.663627,1
5285.KL,17/12/2020,0.0,0.0,0.0,0.0,0.0,0.0,0.0,0.0,0.0,0
5285.KL,17/12/2021,0.0,0.0,0.0,0.0,0.0,0.0,0.0,0.0,0.0,0
5285.KL,17/12/2022,0.0,0.0,0.0,0.0,0.0,0.0,0.0,0.0,0.0,0
5285.KL,17/12/2023,0.0,0.0,0.0,0.0,0.0,0.0,0.0,0.0,0.0,0
5285.KL,17/12/2024,0.0,0.0,0.0,0.0,0.0,0.0,0.0,0.0,0.0,0
5285.KL,17/12/2025,0.0,0.0,0.0,0.0,0.0,0.0,0.0,0.0,0.0,0
5285.KL,17/2/2020,0.0,0.0,0.0,0.0,0.0,0.0,0.0,0.0,0.0,0
5285.KL,17/2/2021,0.0,0.0,0.0,0.0,0.0,0.0,0.0,0.0,0.0,0
5285.KL,17/2/2022,0.0,0.0,0.0,0.0,0.0,0.0,0.0,0.0,0.0,0
5285.KL,17/2/2023,0.0,0.0,0.0,0.0,0.0,0.0,0.0,0.0,0.0,0
5285.KL,17/2/2024,0.0,0.0,0.0,0.0,0.0,0.0,0.0,0.0,0.0,0
5285.KL,17/2/2025,0.0,0.0,0.0,0.0,0.0,0.0,0.0,0.0,0.0,0
5285.KL,17/2/2026,0.0,0.0,0.0,0.0,0.0,0.0,0.0,0.0,0.0,0
5285.KL,17/3/2020,0.0,0.0,0.0,0.0,0.0,0.0,0.0,0.0,0.0,0
5285.KL,17/3/2021,0.0,0.0,0.0,0.0,0.0,0.0,0.0,0.0,0.0,0
5285.KL,17/3/2022,0.0,0.0,0.0,0.0,0.0,0.0,0.0,0.0,0.0,0
5285.KL,17/3/2023,0.0,0.0,0.0,0.0,0.0,0.0,0.0,0.0,0.0,0
5285.KL,17/3/2024,0.0,0.0,0.0,0.0,0.0,0.0,0.0,0.0,0.0,0
5285.KL,17/3/2025,0.0,0.0,0.0,0.0,0.0,0.0,0.0,0.0,0.0,0
5285.KL,17/3/2026,0.0,0.0,0.0,0.0,0.0,0.0,0.0,0.0,0.0,0
5285.KL,17/4/2020,0.0,0.0,0.0,0.0,0.0,0.0,0.0,0.0,0.0,0
5285.KL,17/4/2021,0.0,0.0,0.0,0.0,0.0,0.0,0.0,0.0,0.0,0
5285.KL,17/4/2022,0.0,0.0,0.0,0.0,0.0,0.0,0.0,0.0,0.0,0
5285.KL,17/4/2023,0.0,0.0,0.0,0.0,0.0,0.0,0.0,0.0,0.0,0
5285.KL,17/4/2024,0.0,0.0,0.0,0.0,0.0,0.0,0.0,0.0,0.0,0
5285.KL,17/4/2025,0.0,0.0,0.0,0.0,0.0,0.0,0.0,0.0,0.0,0
5285.KL,17/5/2020,0.0,0.0,0.0,0.0,0.0,0.0,0.0,0.0,0.0,0
5285.KL,17/5/2021,0.0,0.0,0.0,0.0,0.0,0.0,0.0,0.0,0.0,0
5285.KL,17/5/2022,0.0,0.0,0.0,0.0,0.0,0.0,0.0,0.0,0.0,0
5285.KL,17/5/2023,0.0,0.0,0.0,0.0,0.0,0.0,0.0,0.0,0.0,0
5285.KL,17/5/2024,0.0,0.0,0.0,0.0,0.0,0.0,0.0,0.0,0.0,0
5285.KL,17/5/2025,0.0,0.0,0.0,0.0,0.0,0.0,0.0,0.0,0.0,0
5285.KL,17/6/2020,0.0,0.0,0.0,0.0,0.0,0.0,0.0,0.0,0.0,0
5285.KL,17/6/2021,0.0,0.0,0.0,0.0,0.0,0.0,0.0,0.0,0.0,0
5285.KL,17/6/2022,0.0,0.0,0.0,0.0,0.0,0.0,0.0,0.0,0.0,0
5285.KL,17/6/2023,0.0,0.0,0.0,0.0,0.0,0.0,0.0,0.0,0.0,0
5285.KL,17/6/2024,0.0,0.0,0.0,0.0,0.0,0.0,0.0,0.0,0.0,0
5285.KL,17/6/2025,0.0,0.0,0.0,0.0,0.0,0.0,0.0,0.0,0.0,0
5285.KL,17/7/2020,0.0,0.0,0.0,0.0,0.0,0.0,0.0,0.0,0.0,0
5285.KL,17/7/2021,0.0,0.0,0.0,0.0,0.0,0.0,0.0,0.0,0.0,0
5285.KL,17/7/2022,0.0,0.0,0.0,0.0,0.0,0.0,0.0,0.0,0.0,0
5285.KL,17/7/2023,0.0,0.0,0.0,0.0,0.0,0.0,0.0,0.0,0.0,0
5285.KL,17/7/2024,0.0,0.0,0.0,0.0,0.0,0.0,0.0,0.0,0.0,0
5285.KL,17/7/2025,0.0,0.0,0.0,0.0,0.0,0.0,0.0,0.0,0.0,0
5285.KL,17/8/2020,0.0,0.0,0.0,0.0,0.0,0.0,0.0,0.0,0.0,0
5285.KL,17/8/2021,0.0,0.0,0.0,0.0,0.0,0.0,0.0,0.0,0.0,0
5285.KL,17/8/2022,0.0,0.0,0.0,0.0,0.0,0.0,0.0,0.0,0.0,0
5285.KL,17/8/2023,0.0,0.0,0.0,0.0,0.0,0.0,0.0,0.0,0.0,0
5285.KL,17/8/2024,0.0,0.0,0.0,0.0,0.0,0.0,0.0,0.0,0.0,0
5285.KL,17/8/2025,0.0,0.0,0.0,0.0,0.0,0.0,0.0,0.0,0.0,0
5285.KL,17/9/2020,0.0,0.0,0.0,0.0,0.0,0.0,0.0,0.0,0.0,0
5285.KL,17/9/2021,0.0,0.0,0.0,0.0,0.0,0.0,0.0,0.0,0.0,0
5285.KL,17/9/2022,0.0,0.0,0.0,0.0,0.0,0.0,0.0,0.0,0.0,0
5285.KL,17/9/2023,0.0,0.0,0.0,0.0,0.0,0.0,0.0,0.0,0.0,0
5285.KL,17/9/2024,0.0,0.0,0.0,0.0,0.0,0.0,0.0,0.0,0.0,0
5285.KL,17/9/2025,0.874323,0.911103,0.052117,0.03678,1.0,0.0,0.0,0.874323,0.911103,1
5285.KL,18/1/2020,0.0,0.0,0.0,0.0,0.0,0.0,0.0,0.0,0.0,0
5285.KL,18/1/2021,0.0,0.0,0.0,0.0,0.0,0.0,0.0,0.0,0.0,0
5285.KL,18/1/2022,0.0,0.0,0.0,0.0,0.0,0.0,0.0,0.0,0.0,0
5285.KL,18/1/2023,0.0,0.0,0.0,0.0,0.0,0.0,0.0,0.0,0.0,0
5285.KL,18/1/2024,0.0,0.0,0.0,0.0,0.0,0.0,0.0,0.0,0.0,0
5285.KL,18/1/2025,0.0,0.0,0.0,0.0,0.0,0.0,0.0,0.0,0.0,0
5285.KL,18/1/2026,0.0,0.0,0.0,0.0,0.0,0.0,0.0,0.0,0.0,0
5285.KL,18/10/2020,0.0,0.0,0.0,0.0,0.0,0.0,0.0,0.0,0.0,0
5285.KL,18/10/2021,0.0,0.0,0.0,0.0,0.0,0.0,0.0,0.0,0.0,0
5285.KL,18/10/2022,0.0,0.0,0.0,0.0,0.0,0.0,0.0,0.0,0.0,0
5285.KL,18/10/2023,0.0,0.0,0.0,0.0,0.0,0.0,0.0,0.0,0.0,0
5285.KL,18/10/2024,0.0,0.0,0.0,0.0,0.0,0.0,0.0,0.0,0.0,0
5285.KL,18/10/2025,0.0,0.0,0.0,0.0,0.0,0.0,0.0,0.0,0.0,0
5285.KL,18/11/2020,0.0,0.0,0.0,0.0,0.0,0.0,0.0,0.0,0.0,0
5285.KL,18/11/2021,0.0,0.0,0.0,0.0,0.0,0.0,0.0,0.0,0.0,0
5285.KL,18/11/2022,0.0,0.0,0.0,0.0,0.0,0.0,0.0,0.0,0.0,0
5285.KL,18/11/2023,0.0,0.0,0.0,0.0,0.0,0.0,0.0,0.0,0.0,0
5285.KL,18/11/2024,0.0,0.0,0.0,0.0,0.0,0.0,0.0,0.0,0.0,0
5285.KL,18/11/2025,0.0,0.0,0.0,0.0,0.0,0.0,0.0,0.0,0.0,0
5285.KL,18/12/2020,0.0,0.0,0.0,0.0,0.0,0.0,0.0,0.0,0.0,0
5285.KL,18/12/2021,0.0,0.0,0.0,0.0,0.0,0.0,0.0,0.0,0.0,0
5285.KL,18/12/2022,0.0,0.0,0.0,0.0,0.0,0.0,0.0,0.0,0.0,0
5285.KL,18/12/2023,0.0,0.0,0.0,0.0,0.0,0.0,0.0,0.0,0.0,0
5285.KL,18/12/2024,0.0,0.0,0.0,0.0,0.0,0.0,0.0,0.0,0.0,0
5285.KL,18/12/2025,0.0,0.0,0.0,0.0,0.0,0.0,0.0,0.0,0.0,0
5285.KL,18/2/2020,0.0,0.0,0.0,0.0,0.0,0.0,0.0,0.0,0.0,0
5285.KL,18/2/2021,0.0,0.0,0.0,0.0,0.0,0.0,0.0,0.0,0.0,0
5285.KL,18/2/2022,0.0,0.0,0.0,0.0,0.0,0.0,0.0,0.0,0.0,0
5285.KL,18/2/2023,0.0,0.0,0.0,0.0,0.0,0.0,0.0,0.0,0.0,0
5285.KL,18/2/2024,0.0,0.0,0.0,0.0,0.0,0.0,0.0,0.0,0.0,0
5285.KL,18/2/2025,0.0,0.0,0.0,0.0,0.0,0.0,0.0,0.0,0.0,0
5285.KL,18/2/2026,0.0,0.0,0.0,0.0,0.0,0.0,0.0,0.0,0.0,0
5285.KL,18/3/2020,0.0,0.0,0.0,0.0,0.0,0.0,0.0,0.0,0.0,0
5285.KL,18/3/2021,0.0,0.0,0.0,0.0,0.0,0.0,0.0,0.0,0.0,0
5285.KL,18/3/2022,0.0,0.0,0.0,0.0,0.0,0.0,0.0,0.0,0.0,0
5285.KL,18/3/2023,0.0,0.0,0.0,0.0,0.0,0.0,0.0,0.0,0.0,0
5285.KL,18/3/2024,0.0,0.0,0.0,0.0,0.0,0.0,0.0,0.0,0.0,0
5285.KL,18/3/2025,0.0,0.0,0.0,0.0,0.0,0.0,0.0,0.0,0.0,0
5285.KL,18/3/2026,0.0,0.0,0.0,0.0,0.0,0.0,0.0,0.0,0.0,0
5285.KL,18/4/2020,0.0,0.0,0.0,0.0,0.0,0.0,0.0,0.0,0.0,0
5285.KL,18/4/2021,0.0,0.0,0.0,0.0,0.0,0.0,0.0,0.0,0.0,0
5285.KL,18/4/2022,0.0,0.0,0.0,0.0,0.0,0.0,0.0,0.0,0.0,0
5285.KL,18/4/2023,0.0,0.0,0.0,0.0,0.0,0.0,0.0,0.0,0.0,0
5285.KL,18/4/2024,0.0,0.0,0.0,0.0,0.0,0.0,0.0,0.0,0.0,0
5285.KL,18/4/2025,0.0,0.0,0.0,0.0,0.0,0.0,0.0,0.0,0.0,0
5285.KL,18/5/2020,0.0,0.0,0.0,0.0,0.0,0.0,0.0,0.0,0.0,0
5285.KL,18/5/2021,0.0,0.0,0.0,0.0,0.0,0.0,0.0,0.0,0.0,0
5285.KL,18/5/2022,0.0,0.0,0.0,0.0,0.0,0.0,0.0,0.0,0.0,0
5285.KL,18/5/2023,0.0,0.0,0.0,0.0,0.0,0.0,0.0,0.0,0.0,0
5285.KL,18/5/2024,0.0,0.0,0.0,0.0,0.0,0.0,0.0,0.0,0.0,0
5285.KL,18/5/2025,0.0,0.0,0.0,0.0,0.0,0.0,0.0,0.0,0.0,0
5285.KL,18/6/2020,0.0,0.0,0.0,0.0,0.0,0.0,0.0,0.0,0.0,0
5285.KL,18/6/2021,0.0,0.0,0.0,0.0,0.0,0.0,0.0,0.0,0.0,0
5285.KL,18/6/2022,0.0,0.0,0.0,0.0,0.0,0.0,0.0,0.0,0.0,0
5285.KL,18/6/2023,0.0,0.0,0.0,0.0,0.0,0.0,0.0,0.0,0.0,0
5285.KL,18/6/2024,0.0,0.0,0.0,0.0,0.0,0.0,0.0,0.0,0.0,0
5285.KL,18/6/2025,0.0,0.0,0.0,0.0,0.0,0.0,0.0,0.0,0.0,0
5285.KL,18/7/2020,0.0,0.0,0.0,0.0,0.0,0.0,0.0,0.0,0.0,0
5285.KL,18/7/2021,0.0,0.0,0.0,0.0,0.0,0.0,0.0,0.0,0.0,0
5285.KL,18/7/2022,0.0,0.0,0.0,0.0,0.0,0.0,0.0,0.0,0.0,0
5285.KL,18/7/2023,0.0,0.0,0.0,0.0,0.0,0.0,0.0,0.0,0.0,0
5285.KL,18/7/2024,0.0,0.0,0.0,0.0,0.0,0.0,0.0,0.0,0.0,0
5285.KL,18/7/2025,0.0,0.0,0.0,0.0,0.0,0.0,0.0,0.0,0.0,0
5285.KL,18/8/2020,0.0,0.0,0.0,0.0,0.0,0.0,0.0,0.0,0.0,0
5285.KL,18/8/2021,0.0,0.0,0.0,0.0,0.0,0.0,0.0,0.0,0.0,0
5285.KL,18/8/2022,0.0,0.0,0.0,0.0,0.0,0.0,0.0,0.0,0.0,0
5285.KL,18/8/2023,0.0,0.0,0.0,0.0,0.0,0.0,0.0,0.0,0.0,0
5285.KL,18/8/2024,0.0,0.0,0.0,0.0,0.0,0.0,0.0,0.0,0.0,0
5285.KL,18/8/2025,0.0,0.0,0.0,0.0,0.0,0.0,0.0,0.0,0.0,0
5285.KL,18/9/2020,0.0,0.0,0.0,0.0,0.0,0.0,0.0,0.0,0.0,0
5285.KL,18/9/2021,0.0,0.0,0.0,0.0,0.0,0.0,0.0,0.0,0.0,0
5285.KL,18/9/2022,0.0,0.0,0.0,0.0,0.0,0.0,0.0,0.0,0.0,0
5285.KL,18/9/2023,0.0,0.0,0.0,0.0,0.0,0.0,0.0,0.0,0.0,0
5285.KL,18/9/2024,0.0,0.0,0.0,0.0,0.0,0.0,0.0,0.0,0.0,0
5285.KL,18/9/2025,0.0,0.0,0.0,0.0,0.0,0.0,0.0,0.0,0.0,0
5285.KL,19/1/2020,0.0,0.0,0.0,0.0,0.0,0.0,0.0,0.0,0.0,0
5285.KL,19/1/2021,0.0,0.0,0.0,0.0,0.0,0.0,0.0,0.0,0.0,0
5285.KL,19/1/2022,0.0,0.0,0.0,0.0,0.0,0.0,0.0,0.0,0.0,0
5285.KL,19/1/2023,0.0,0.0,0.0,0.0,0.0,0.0,0.0,0.0,0.0,0
5285.KL,19/1/2024,0.0,0.0,0.0,0.0,0.0,0.0,0.0,0.0,0.0,0
5285.KL,19/1/2025,0.0,0.0,0.0,0.0,0.0,0.0,0.0,0.0,0.0,0
5285.KL,19/1/2026,-0.953114,0.010931,0.025024,0.964045,0.0,0.0,1.0,0.953114,0.964045,1
5285.KL,19/10/2020,0.0,0.0,0.0,0.0,0.0,0.0,0.0,0.0,0.0,0
5285.KL,19/10/2021,0.0,0.0,0.0,0.0,0.0,0.0,0.0,0.0,0.0,0
5285.KL,19/10/2022,0.0,0.0,0.0,0.0,0.0,0.0,0.0,0.0,0.0,0
5285.KL,19/10/2023,0.0,0.0,0.0,0.0,0.0,0.0,0.0,0.0,0.0,0
5285.KL,19/10/2024,0.542949,0.590014,0.362922,0.047065,1.0,0.0,0.0,0.542949,0.590014,1
5285.KL,19/10/2025,0.0,0.0,0.0,0.0,0.0,0.0,0.0,0.0,0.0,0
5285.KL,19/11/2020,0.0,0.0,0.0,0.0,0.0,0.0,0.0,0.0,0.0,0
5285.KL,19/11/2021,0.0,0.0,0.0,0.0,0.0,0.0,0.0,0.0,0.0,0
5285.KL,19/11/2022,0.0,0.0,0.0,0.0,0.0,0.0,0.0,0.0,0.0,0
5285.KL,19/11/2023,0.0,0.0,0.0,0.0,0.0,0.0,0.0,0.0,0.0,0
5285.KL,19/11/2024,0.0,0.0,0.0,0.0,0.0,0.0,0.0,0.0,0.0,0
5285.KL,19/11/2025,0.253793,0.269674,0.714445,0.015881,0.666667,0.333333,0.0,0.253793,0.767637,3
5285.KL,19/12/2020,0.0,0.0,0.0,0.0,0.0,0.0,0.0,0.0,0.0,0
5285.KL,19/12/2021,0.0,0.0,0.0,0.0,0.0,0.0,0.0,0.0,0.0,0
5285.KL,19/12/2022,0.0,0.0,0.0,0.0,0.0,0.0,0.0,0.0,0.0,0
5285.KL,19/12/2023,0.0,0.0,0.0,0.0,0.0,0.0,0.0,0.0,0.0,0
5285.KL,19/12/2024,0.078638,0.08785,0.902938,0.009212,0.5,0.5,0.0,0.078638,0.902938,2
5285.KL,19/12/2025,0.0,0.0,0.0,0.0,0.0,0.0,0.0,0.0,0.0,0
5285.KL,19/2/2020,0.0,0.0,0.0,0.0,0.0,0.0,0.0,0.0,0.0,0
5285.KL,19/2/2021,0.0,0.0,0.0,0.0,0.0,0.0,0.0,0.0,0.0,0
5285.KL,19/2/2022,0.0,0.0,0.0,0.0,0.0,0.0,0.0,0.0,0.0,0
5285.KL,19/2/2023,0.0,0.0,0.0,0.0,0.0,0.0,0.0,0.0,0.0,0
5285.KL,19/2/2024,0.0,0.0,0.0,0.0,0.0,0.0,0.0,0.0,0.0,0
5285.KL,19/2/2025,0.0,0.0,0.0,0.0,0.0,0.0,0.0,0.0,0.0,0
5285.KL,19/2/2026,0.0,0.0,0.0,0.0,0.0,0.0,0.0,0.0,0.0,0
5285.KL,19/3/2020,0.0,0.0,0.0,0.0,0.0,0.0,0.0,0.0,0.0,0
5285.KL,19/3/2021,0.0,0.0,0.0,0.0,0.0,0.0,0.0,0.0,0.0,0
5285.KL,19/3/2022,0.0,0.0,0.0,0.0,0.0,0.0,0.0,0.0,0.0,0
5285.KL,19/3/2023,0.0,0.0,0.0,0.0,0.0,0.0,0.0,0.0,0.0,0
5285.KL,19/3/2024,0.0,0.0,0.0,0.0,0.0,0.0,0.0,0.0,0.0,0
5285.KL,19/3/2025,0.0,0.0,0.0,0.0,0.0,0.0,0.0,0.0,0.0,0
5285.KL,19/3/2026,0.0,0.0,0.0,0.0,0.0,0.0,0.0,0.0,0.0,0
5285.KL,19/4/2020,0.0,0.0,0.0,0.0,0.0,0.0,0.0,0.0,0.0,0
5285.KL,19/4/2021,0.0,0.0,0.0,0.0,0.0,0.0,0.0,0.0,0.0,0
5285.KL,19/4/2022,0.0,0.0,0.0,0.0,0.0,0.0,0.0,0.0,0.0,0
5285.KL,19/4/2023,0.0,0.0,0.0,0.0,0.0,0.0,0.0,0.0,0.0,0
5285.KL,19/4/2024,0.0,0.0,0.0,0.0,0.0,0.0,0.0,0.0,0.0,0
5285.KL,19/4/2025,0.667475,0.675203,0.317069,0.007728,1.0,0.0,0.0,0.667475,0.675203,1
5285.KL,19/5/2020,0.0,0.0,0.0,0.0,0.0,0.0,0.0,0.0,0.0,0
5285.KL,19/5/2021,0.0,0.0,0.0,0.0,0.0,0.0,0.0,0.0,0.0,0
5285.KL,19/5/2022,0.0,0.0,0.0,0.0,0.0,0.0,0.0,0.0,0.0,0
5285.KL,19/5/2023,0.0,0.0,0.0,0.0,0.0,0.0,0.0,0.0,0.0,0
5285.KL,19/5/2024,0.0,0.0,0.0,0.0,0.0,0.0,0.0,0.0,0.0,0
5285.KL,19/5/2025,0.0,0.0,0.0,0.0,0.0,0.0,0.0,0.0,0.0,0
5285.KL,19/6/2020,0.0,0.0,0.0,0.0,0.0,0.0,0.0,0.0,0.0,0
5285.KL,19/6/2021,0.0,0.0,0.0,0.0,0.0,0.0,0.0,0.0,0.0,0
5285.KL,19/6/2022,0.0,0.0,0.0,0.0,0.0,0.0,0.0,0.0,0.0,0
5285.KL,19/6/2023,0.0,0.0,0.0,0.0,0.0,0.0,0.0,0.0,0.0,0
5285.KL,19/6/2024,0.929369,0.93881,0.051749,0.009441,1.0,0.0,0.0,0.929369,0.93881,1
5285.KL,19/6/2025,0.0,0.0,0.0,0.0,0.0,0.0,0.0,0.0,0.0,0
5285.KL,19/7/2020,0.0,0.0,0.0,0.0,0.0,0.0,0.0,0.0,0.0,0
5285.KL,19/7/2021,0.0,0.0,0.0,0.0,0.0,0.0,0.0,0.0,0.0,0
5285.KL,19/7/2022,0.0,0.0,0.0,0.0,0.0,0.0,0.0,0.0,0.0,0
5285.KL,19/7/2023,0.0,0.0,0.0,0.0,0.0,0.0,0.0,0.0,0.0,0
5285.KL,19/7/2024,0.0,0.0,0.0,0.0,0.0,0.0,0.0,0.0,0.0,0
5285.KL,19/7/2025,0.810098,0.816962,0.176174,0.006864,1.0,0.0,0.0,0.810098,0.816962,1
5285.KL,19/8/2020,0.0,0.0,0.0,0.0,0.0,0.0,0.0,0.0,0.0,0
5285.KL,19/8/2021,0.0,0.0,0.0,0.0,0.0,0.0,0.0,0.0,0.0,0
5285.KL,19/8/2022,0.0,0.0,0.0,0.0,0.0,0.0,0.0,0.0,0.0,0
5285.KL,19/8/2023,0.0,0.0,0.0,0.0,0.0,0.0,0.0,0.0,0.0,0
5285.KL,19/8/2024,0.0,0.0,0.0,0.0,0.0,0.0,0.0,0.0,0.0,0
5285.KL,19/8/2025,0.0,0.0,0.0,0.0,0.0,0.0,0.0,0.0,0.0,0
5285.KL,19/9/2020,0.0,0.0,0.0,0.0,0.0,0.0,0.0,0.0,0.0,0
5285.KL,19/9/2021,0.0,0.0,0.0,0.0,0.0,0.0,0.0,0.0,0.0,0
5285.KL,19/9/2022,0.0,0.0,0.0,0.0,0.0,0.0,0.0,0.0,0.0,0
5285.KL,19/9/2023,0.0,0.0,0.0,0.0,0.0,0.0,0.0,0.0,0.0,0
5285.KL,19/9/2024,0.0,0.0,0.0,0.0,0.0,0.0,0.0,0.0,0.0,0
5285.KL,19/9/2025,0.0,0.0,0.0,0.0,0.0,0.0,0.0,0.0,0.0,0
5285.KL,2/1/2020,0.0,0.0,0.0,0.0,0.0,0.0,0.0,0.0,0.0,0
5285.KL,2/1/2021,0.0,0.0,0.0,0.0,0.0,0.0,0.0,0.0,0.0,0
5285.KL,2/1/2022,0.0,0.0,0.0,0.0,0.0,0.0,0.0,0.0,0.0,0
5285.KL,2/1/2023,0.0,0.0,0.0,0.0,0.0,0.0,0.0,0.0,0.0,0
5285.KL,2/1/2024,0.0,0.0,0.0,0.0,0.0,0.0,0.0,0.0,0.0,0
5285.KL,2/1/2025,0.923137,0.949722,0.023693,0.026585,1.0,0.0,0.0,0.923137,0.949722,1
5285.KL,2/1/2026,0.0,0.0,0.0,0.0,0.0,0.0,0.0,0.0,0.0,0
5285.KL,2/10/2020,0.0,0.0,0.0,0.0,0.0,0.0,0.0,0.0,0.0,0
5285.KL,2/10/2021,0.0,0.0,0.0,0.0,0.0,0.0,0.0,0.0,0.0,0
5285.KL,2/10/2022,0.0,0.0,0.0,0.0,0.0,0.0,0.0,0.0,0.0,0
5285.KL,2/10/2023,0.0,0.0,0.0,0.0,0.0,0.0,0.0,0.0,0.0,0
5285.KL,2/10/2024,0.0,0.0,0.0,0.0,0.0,0.0,0.0,0.0,0.0,0
5285.KL,2/10/2025,0.0,0.0,0.0,0.0,0.0,0.0,0.0,0.0,0.0,0
5285.KL,2/11/2020,0.0,0.0,0.0,0.0,0.0,0.0,0.0,0.0,0.0,0
5285.KL,2/11/2021,0.0,0.0,0.0,0.0,0.0,0.0,0.0,0.0,0.0,0
5285.KL,2/11/2022,0.0,0.0,0.0,0.0,0.0,0.0,0.0,0.0,0.0,0
5285.KL,2/11/2023,0.0,0.0,0.0,0.0,0.0,0.0,0.0,0.0,0.0,0
5285.KL,2/11/2024,0.915234,0.934073,0.047088,0.018839,1.0,0.0,0.0,0.915234,0.934073,1
5285.KL,2/11/2025,0.0,0.0,0.0,0.0,0.0,0.0,0.0,0.0,0.0,0
5285.KL,2/12/2020,0.0,0.0,0.0,0.0,0.0,0.0,0.0,0.0,0.0,0
5285.KL,2/12/2021,0.0,0.0,0.0,0.0,0.0,0.0,0.0,0.0,0.0,0
5285.KL,2/12/2022,0.0,0.0,0.0,0.0,0.0,0.0,0.0,0.0,0.0,0
5285.KL,2/12/2023,0.0,0.0,0.0,0.0,0.0,0.0,0.0,0.0,0.0,0
5285.KL,2/12/2024,0.0,0.0,0.0,0.0,0.0,0.0,0.0,0.0,0.0,0
5285.KL,2/12/2025,0.0,0.0,0.0,0.0,0.0,0.0,0.0,0.0,0.0,0
5285.KL,2/2/2020,0.0,0.0,0.0,0.0,0.0,0.0,0.0,0.0,0.0,0
5285.KL,2/2/2021,0.0,0.0,0.0,0.0,0.0,0.0,0.0,0.0,0.0,0
5285.KL,2/2/2022,0.0,0.0,0.0,0.0,0.0,0.0,0.0,0.0,0.0,0
5285.KL,2/2/2023,0.0,0.0,0.0,0.0,0.0,0.0,0.0,0.0,0.0,0
5285.KL,2/2/2024,0.0,0.0,0.0,0.0,0.0,0.0,0.0,0.0,0.0,0
5285.KL,2/2/2025,0.0,0.0,0.0,0.0,0.0,0.0,0.0,0.0,0.0,0
5285.KL,2/2/2026,0.0,0.0,0.0,0.0,0.0,0.0,0.0,0.0,0.0,0
5285.KL,2/3/2020,0.0,0.0,0.0,0.0,0.0,0.0,0.0,0.0,0.0,0
5285.KL,2/3/2021,0.0,0.0,0.0,0.0,0.0,0.0,0.0,0.0,0.0,0
5285.KL,2/3/2022,0.0,0.0,0.0,0.0,0.0,0.0,0.0,0.0,0.0,0
5285.KL,2/3/2023,0.0,0.0,0.0,0.0,0.0,0.0,0.0,0.0,0.0,0
5285.KL,2/3/2024,0.0,0.0,0.0,0.0,0.0,0.0,0.0,0.0,0.0,0
5285.KL,2/3/2025,0.0,0.0,0.0,0.0,0.0,0.0,0.0,0.0,0.0,0
5285.KL,2/3/2026,0.0,0.0,0.0,0.0,0.0,0.0,0.0,0.0,0.0,0
5285.KL,2/4/2020,0.0,0.0,0.0,0.0,0.0,0.0,0.0,0.0,0.0,0
5285.KL,2/4/2021,0.0,0.0,0.0,0.0,0.0,0.0,0.0,0.0,0.0,0
5285.KL,2/4/2022,0.0,0.0,0.0,0.0,0.0,0.0,0.0,0.0,0.0,0
5285.KL,2/4/2023,0.0,0.0,0.0,0.0,0.0,0.0,0.0,0.0,0.0,0
5285.KL,2/4/2024,0.0,0.0,0.0,0.0,0.0,0.0,0.0,0.0,0.0,0
5285.KL,2/4/2025,0.0,0.0,0.0,0.0,0.0,0.0,0.0,0.0,0.0,0
5285.KL,2/5/2020,0.0,0.0,0.0,0.0,0.0,0.0,0.0,0.0,0.0,0
5285.KL,2/5/2021,0.0,0.0,0.0,0.0,0.0,0.0,0.0,0.0,0.0,0
5285.KL,2/5/2022,0.0,0.0,0.0,0.0,0.0,0.0,0.0,0.0,0.0,0
5285.KL,2/5/2023,0.0,0.0,0.0,0.0,0.0,0.0,0.0,0.0,0.0,0
5285.KL,2/5/2024,0.0,0.0,0.0,0.0,0.0,0.0,0.0,0.0,0.0,0
5285.KL,2/5/2025,0.4098,0.419614,0.570571,0.009814,1.0,0.0,0.0,0.4098,0.570571,1
5285.KL,2/6/2020,0.0,0.0,0.0,0.0,0.0,0.0,0.0,0.0,0.0,0
5285.KL,2/6/2021,0.0,0.0,0.0,0.0,0.0,0.0,0.0,0.0,0.0,0
5285.KL,2/6/2022,0.0,0.0,0.0,0.0,0.0,0.0,0.0,0.0,0.0,0
5285.KL,2/6/2023,0.0,0.0,0.0,0.0,0.0,0.0,0.0,0.0,0.0,0
5285.KL,2/6/2024,0.0,0.0,0.0,0.0,0.0,0.0,0.0,0.0,0.0,0
5285.KL,2/6/2025,0.0,0.0,0.0,0.0,0.0,0.0,0.0,0.0,0.0,0
5285.KL,2/7/2020,0.0,0.0,0.0,0.0,0.0,0.0,0.0,0.0,0.0,0
5285.KL,2/7/2021,0.0,0.0,0.0,0.0,0.0,0.0,0.0,0.0,0.0,0
5285.KL,2/7/2022,0.0,0.0,0.0,0.0,0.0,0.0,0.0,0.0,0.0,0
5285.KL,2/7/2023,0.0,0.0,0.0,0.0,0.0,0.0,0.0,0.0,0.0,0
5285.KL,2/7/2024,0.0,0.0,0.0,0.0,0.0,0.0,0.0,0.0,0.0,0
5285.KL,2/7/2025,0.0,0.0,0.0,0.0,0.0,0.0,0.0,0.0,0.0,0
5285.KL,2/8/2020,0.0,0.0,0.0,0.0,0.0,0.0,0.0,0.0,0.0,0
5285.KL,2/8/2021,0.0,0.0,0.0,0.0,0.0,0.0,0.0,0.0,0.0,0
5285.KL,2/8/2022,0.0,0.0,0.0,0.0,0.0,0.0,0.0,0.0,0.0,0
5285.KL,2/8/2023,0.0,0.0,0.0,0.0,0.0,0.0,0.0,0.0,0.0,0
5285.KL,2/8/2024,0.0,0.0,0.0,0.0,0.0,0.0,0.0,0.0,0.0,0
5285.KL,2/8/2025,0.0,0.0,0.0,0.0,0.0,0.0,0.0,0.0,0.0,0
5285.KL,2/9/2020,0.0,0.0,0.0,0.0,0.0,0.0,0.0,0.0,0.0,0
5285.KL,2/9/2021,0.0,0.0,0.0,0.0,0.0,0.0,0.0,0.0,0.0,0
5285.KL,2/9/2022,0.0,0.0,0.0,0.0,0.0,0.0,0.0,0.0,0.0,0
5285.KL,2/9/2023,0.0,0.0,0.0,0.0,0.0,0.0,0.0,0.0,0.0,0
5285.KL,2/9/2024,0.0,0.0,0.0,0.0,0.0,0.0,0.0,0.0,0.0,0
5285.KL,2/9/2025,0.0,0.0,0.0,0.0,0.0,0.0,0.0,0.0,0.0,0
5285.KL,20/1/2020,0.0,0.0,0.0,0.0,0.0,0.0,0.0,0.0,0.0,0
5285.KL,20/1/2021,0.0,0.0,0.0,0.0,0.0,0.0,0.0,0.0,0.0,0
5285.KL,20/1/2022,0.0,0.0,0.0,0.0,0.0,0.0,0.0,0.0,0.0,0
5285.KL,20/1/2023,0.0,0.0,0.0,0.0,0.0,0.0,0.0,0.0,0.0,0
5285.KL,20/1/2024,0.0,0.0,0.0,0.0,0.0,0.0,0.0,0.0,0.0,0
5285.KL,20/1/2025,0.0,0.0,0.0,0.0,0.0,0.0,0.0,0.0,0.0,0
5285.KL,20/1/2026,0.0,0.0,0.0,0.0,0.0,0.0,0.0,0.0,0.0,0
5285.KL,20/10/2020,0.0,0.0,0.0,0.0,0.0,0.0,0.0,0.0,0.0,0
5285.KL,20/10/2021,0.0,0.0,0.0,0.0,0.0,0.0,0.0,0.0,0.0,0
5285.KL,20/10/2022,0.0,0.0,0.0,0.0,0.0,0.0,0.0,0.0,0.0,0
5285.KL,20/10/2023,0.0,0.0,0.0,0.0,0.0,0.0,0.0,0.0,0.0,0
5285.KL,20/10/2024,0.0,0.0,0.0,0.0,0.0,0.0,0.0,0.0,0.0,0
5285.KL,20/10/2025,0.0,0.0,0.0,0.0,0.0,0.0,0.0,0.0,0.0,0
5285.KL,20/11/2020,0.0,0.0,0.0,0.0,0.0,0.0,0.0,0.0,0.0,0
5285.KL,20/11/2021,0.0,0.0,0.0,0.0,0.0,0.0,0.0,0.0,0.0,0
5285.KL,20/11/2022,0.0,0.0,0.0,0.0,0.0,0.0,0.0,0.0,0.0,0
5285.KL,20/11/2023,0.0,0.0,0.0,0.0,0.0,0.0,0.0,0.0,0.0,0
5285.KL,20/11/2024,0.0,0.0,0.0,0.0,0.0,0.0,0.0,0.0,0.0,0
5285.KL,20/11/2025,0.051919,0.063995,0.923929,0.012076,0.0,1.0,0.0,0.051919,0.923929,1
5285.KL,20/12/2020,0.0,0.0,0.0,0.0,0.0,0.0,0.0,0.0,0.0,0
5285.KL,20/12/2021,0.0,0.0,0.0,0.0,0.0,0.0,0.0,0.0,0.0,0
5285.KL,20/12/2022,0.0,0.0,0.0,0.0,0.0,0.0,0.0,0.0,0.0,0
5285.KL,20/12/2023,0.0,0.0,0.0,0.0,0.0,0.0,0.0,0.0,0.0,0
5285.KL,20/12/2024,0.0,0.0,0.0,0.0,0.0,0.0,0.0,0.0,0.0,0
5285.KL,20/12/2025,0.0,0.0,0.0,0.0,0.0,0.0,0.0,0.0,0.0,0
5285.KL,20/2/2020,0.0,0.0,0.0,0.0,0.0,0.0,0.0,0.0,0.0,0
5285.KL,20/2/2021,0.0,0.0,0.0,0.0,0.0,0.0,0.0,0.0,0.0,0
5285.KL,20/2/2022,0.0,0.0,0.0,0.0,0.0,0.0,0.0,0.0,0.0,0
5285.KL,20/2/2023,0.0,0.0,0.0,0.0,0.0,0.0,0.0,0.0,0.0,0
5285.KL,20/2/2024,0.0,0.0,0.0,0.0,0.0,0.0,0.0,0.0,0.0,0
5285.KL,20/2/2025,0.0,0.0,0.0,0.0,0.0,0.0,0.0,0.0,0.0,0
5285.KL,20/2/2026,0.0,0.0,0.0,0.0,0.0,0.0,0.0,0.0,0.0,0
5285.KL,20/3/2020,0.0,0.0,0.0,0.0,0.0,0.0,0.0,0.0,0.0,0
5285.KL,20/3/2021,0.0,0.0,0.0,0.0,0.0,0.0,0.0,0.0,0.0,0
5285.KL,20/3/2022,0.0,0.0,0.0,0.0,0.0,0.0,0.0,0.0,0.0,0
5285.KL,20/3/2023,0.0,0.0,0.0,0.0,0.0,0.0,0.0,0.0,0.0,0
5285.KL,20/3/2024,0.0,0.0,0.0,0.0,0.0,0.0,0.0,0.0,0.0,0
5285.KL,20/3/2025,0.0,0.0,0.0,0.0,0.0,0.0,0.0,0.0,0.0,0
5285.KL,20/3/2026,0.0,0.0,0.0,0.0,0.0,0.0,0.0,0.0,0.0,0
5285.KL,20/4/2020,0.0,0.0,0.0,0.0,0.0,0.0,0.0,0.0,0.0,0
5285.KL,20/4/2021,0.0,0.0,0.0,0.0,0.0,0.0,0.0,0.0,0.0,0
5285.KL,20/4/2022,0.0,0.0,0.0,0.0,0.0,0.0,0.0,0.0,0.0,0
5285.KL,20/4/2023,0.0,0.0,0.0,0.0,0.0,0.0,0.0,0.0,0.0,0
5285.KL,20/4/2024,0.0,0.0,0.0,0.0,0.0,0.0,0.0,0.0,0.0,0
5285.KL,20/4/2025,0.0,0.0,0.0,0.0,0.0,0.0,0.0,0.0,0.0,0
5285.KL,20/5/2020,0.0,0.0,0.0,0.0,0.0,0.0,0.0,0.0,0.0,0
5285.KL,20/5/2021,0.0,0.0,0.0,0.0,0.0,0.0,0.0,0.0,0.0,0
5285.KL,20/5/2022,0.0,0.0,0.0,0.0,0.0,0.0,0.0,0.0,0.0,0
5285.KL,20/5/2023,0.0,0.0,0.0,0.0,0.0,0.0,0.0,0.0,0.0,0
5285.KL,20/5/2024,0.0,0.0,0.0,0.0,0.0,0.0,0.0,0.0,0.0,0
5285.KL,20/5/2025,0.0,0.0,0.0,0.0,0.0,0.0,0.0,0.0,0.0,0
5285.KL,20/6/2020,0.0,0.0,0.0,0.0,0.0,0.0,0.0,0.0,0.0,0
5285.KL,20/6/2021,0.0,0.0,0.0,0.0,0.0,0.0,0.0,0.0,0.0,0
5285.KL,20/6/2022,0.0,0.0,0.0,0.0,0.0,0.0,0.0,0.0,0.0,0
5285.KL,20/6/2023,0.0,0.0,0.0,0.0,0.0,0.0,0.0,0.0,0.0,0
5285.KL,20/6/2024,0.879002,0.886681,0.105639,0.007679,1.0,0.0,0.0,0.879002,0.886681,1
5285.KL,20/6/2025,0.0,0.0,0.0,0.0,0.0,0.0,0.0,0.0,0.0,0
5285.KL,20/7/2020,0.0,0.0,0.0,0.0,0.0,0.0,0.0,0.0,0.0,0
5285.KL,20/7/2021,0.0,0.0,0.0,0.0,0.0,0.0,0.0,0.0,0.0,0
5285.KL,20/7/2022,0.0,0.0,0.0,0.0,0.0,0.0,0.0,0.0,0.0,0
5285.KL,20/7/2023,0.0,0.0,0.0,0.0,0.0,0.0,0.0,0.0,0.0,0
5285.KL,20/7/2024,0.394195,0.677663,0.038869,0.283468,1.0,0.0,0.0,0.394195,0.677663,1
5285.KL,20/7/2025,0.0,0.0,0.0,0.0,0.0,0.0,0.0,0.0,0.0,0
5285.KL,20/8/2020,0.0,0.0,0.0,0.0,0.0,0.0,0.0,0.0,0.0,0
5285.KL,20/8/2021,0.0,0.0,0.0,0.0,0.0,0.0,0.0,0.0,0.0,0
5285.KL,20/8/2022,0.0,0.0,0.0,0.0,0.0,0.0,0.0,0.0,0.0,0
5285.KL,20/8/2023,0.0,0.0,0.0,0.0,0.0,0.0,0.0,0.0,0.0,0
5285.KL,20/8/2024,0.0,0.0,0.0,0.0,0.0,0.0,0.0,0.0,0.0,0
5285.KL,20/8/2025,0.662936,0.669777,0.323382,0.006841,1.0,0.0,0.0,0.662936,0.669777,1
5285.KL,20/9/2020,0.0,0.0,0.0,0.0,0.0,0.0,0.0,0.0,0.0,0
5285.KL,20/9/2021,0.0,0.0,0.0,0.0,0.0,0.0,0.0,0.0,0.0,0
5285.KL,20/9/2022,0.0,0.0,0.0,0.0,0.0,0.0,0.0,0.0,0.0,0
5285.KL,20/9/2023,0.0,0.0,0.0,0.0,0.0,0.0,0.0,0.0,0.0,0
5285.KL,20/9/2024,0.0,0.0,0.0,0.0,0.0,0.0,0.0,0.0,0.0,0
5285.KL,20/9/2025,0.0,0.0,0.0,0.0,0.0,0.0,0.0,0.0,0.0,0
5285.KL,21/1/2020,0.0,0.0,0.0,0.0,0.0,0.0,0.0,0.0,0.0,0
5285.KL,21/1/2021,0.0,0.0,0.0,0.0,0.0,0.0,0.0,0.0,0.0,0
5285.KL,21/1/2022,0.0,0.0,0.0,0.0,0.0,0.0,0.0,0.0,0.0,0
5285.KL,21/1/2023,0.0,0.0,0.0,0.0,0.0,0.0,0.0,0.0,0.0,0
5285.KL,21/1/2024,0.0,0.0,0.0,0.0,0.0,0.0,0.0,0.0,0.0,0
5285.KL,21/1/2025,0.0,0.0,0.0,0.0,0.0,0.0,0.0,0.0,0.0,0
5285.KL,21/1/2026,0.0,0.0,0.0,0.0,0.0,0.0,0.0,0.0,0.0,0
5285.KL,21/10/2020,0.0,0.0,0.0,0.0,0.0,0.0,0.0,0.0,0.0,0
5285.KL,21/10/2021,0.0,0.0,0.0,0.0,0.0,0.0,0.0,0.0,0.0,0
5285.KL,21/10/2022,0.0,0.0,0.0,0.0,0.0,0.0,0.0,0.0,0.0,0
5285.KL,21/10/2023,0.0,0.0,0.0,0.0,0.0,0.0,0.0,0.0,0.0,0
5285.KL,21/10/2024,0.0,0.0,0.0,0.0,0.0,0.0,0.0,0.0,0.0,0
5285.KL,21/10/2025,0.0,0.0,0.0,0.0,0.0,0.0,0.0,0.0,0.0,0
5285.KL,21/11/2020,0.0,0.0,0.0,0.0,0.0,0.0,0.0,0.0,0.0,0
5285.KL,21/11/2021,0.0,0.0,0.0,0.0,0.0,0.0,0.0,0.0,0.0,0
5285.KL,21/11/2022,0.0,0.0,0.0,0.0,0.0,0.0,0.0,0.0,0.0,0
5285.KL,21/11/2023,0.0,0.0,0.0,0.0,0.0,0.0,0.0,0.0,0.0,0
5285.KL,21/11/2024,0.44644,0.482186,0.482067,0.035747,0.5,0.5,0.0,0.44644,0.930872,2
5285.KL,21/11/2025,0.0,0.0,0.0,0.0,0.0,0.0,0.0,0.0,0.0,0
5285.KL,21/12/2020,0.0,0.0,0.0,0.0,0.0,0.0,0.0,0.0,0.0,0
5285.KL,21/12/2021,0.0,0.0,0.0,0.0,0.0,0.0,0.0,0.0,0.0,0
5285.KL,21/12/2022,0.0,0.0,0.0,0.0,0.0,0.0,0.0,0.0,0.0,0
5285.KL,21/12/2023,0.0,0.0,0.0,0.0,0.0,0.0,0.0,0.0,0.0,0
5285.KL,21/12/2024,0.0,0.0,0.0,0.0,0.0,0.0,0.0,0.0,0.0,0
5285.KL,21/12/2025,0.0,0.0,0.0,0.0,0.0,0.0,0.0,0.0,0.0,0
5285.KL,21/2/2020,0.0,0.0,0.0,0.0,0.0,0.0,0.0,0.0,0.0,0
5285.KL,21/2/2021,0.0,0.0,0.0,0.0,0.0,0.0,0.0,0.0,0.0,0
5285.KL,21/2/2022,0.0,0.0,0.0,0.0,0.0,0.0,0.0,0.0,0.0,0
5285.KL,21/2/2023,0.0,0.0,0.0,0.0,0.0,0.0,0.0,0.0,0.0,0
5285.KL,21/2/2024,0.0,0.0,0.0,0.0,0.0,0.0,0.0,0.0,0.0,0
5285.KL,21/2/2025,0.0,0.0,0.0,0.0,0.0,0.0,0.0,0.0,0.0,0
5285.KL,21/2/2026,0.0,0.0,0.0,0.0,0.0,0.0,0.0,0.0,0.0,0
5285.KL,21/3/2020,0.0,0.0,0.0,0.0,0.0,0.0,0.0,0.0,0.0,0
5285.KL,21/3/2021,0.0,0.0,0.0,0.0,0.0,0.0,0.0,0.0,0.0,0
5285.KL,21/3/2022,0.0,0.0,0.0,0.0,0.0,0.0,0.0,0.0,0.0,0
5285.KL,21/3/2023,0.0,0.0,0.0,0.0,0.0,0.0,0.0,0.0,0.0,0
5285.KL,21/3/2024,0.0,0.0,0.0,0.0,0.0,0.0,0.0,0.0,0.0,0
5285.KL,21/3/2025,-0.957197,0.012545,0.017713,0.969742,0.0,0.0,1.0,0.957197,0.969742,1
5285.KL,21/4/2020,0.0,0.0,0.0,0.0,0.0,0.0,0.0,0.0,0.0,0
5285.KL,21/4/2021,0.0,0.0,0.0,0.0,0.0,0.0,0.0,0.0,0.0,0
5285.KL,21/4/2022,0.0,0.0,0.0,0.0,0.0,0.0,0.0,0.0,0.0,0
5285.KL,21/4/2023,0.0,0.0,0.0,0.0,0.0,0.0,0.0,0.0,0.0,0
5285.KL,21/4/2024,0.0,0.0,0.0,0.0,0.0,0.0,0.0,0.0,0.0,0
5285.KL,21/4/2025,0.042166,0.053782,0.934601,0.011616,0.0,1.0,0.0,0.042166,0.934601,1
5285.KL,21/5/2020,0.0,0.0,0.0,0.0,0.0,0.0,0.0,0.0,0.0,0
5285.KL,21/5/2021,0.0,0.0,0.0,0.0,0.0,0.0,0.0,0.0,0.0,0
5285.KL,21/5/2022,0.0,0.0,0.0,0.0,0.0,0.0,0.0,0.0,0.0,0
5285.KL,21/5/2023,0.0,0.0,0.0,0.0,0.0,0.0,0.0,0.0,0.0,0
5285.KL,21/5/2024,0.0,0.0,0.0,0.0,0.0,0.0,0.0,0.0,0.0,0
5285.KL,21/5/2025,0.138668,0.151337,0.835994,0.012669,0.5,0.5,0.0,0.138668,0.835994,2
5285.KL,21/6/2020,0.0,0.0,0.0,0.0,0.0,0.0,0.0,0.0,0.0,0
5285.KL,21/6/2021,0.0,0.0,0.0,0.0,0.0,0.0,0.0,0.0,0.0,0
5285.KL,21/6/2022,0.0,0.0,0.0,0.0,0.0,0.0,0.0,0.0,0.0,0
5285.KL,21/6/2023,0.0,0.0,0.0,0.0,0.0,0.0,0.0,0.0,0.0,0
5285.KL,21/6/2024,0.0,0.0,0.0,0.0,0.0,0.0,0.0,0.0,0.0,0
5285.KL,21/6/2025,0.7551,0.763457,0.228186,0.008357,1.0,0.0,0.0,0.7551,0.763457,1
5285.KL,21/7/2020,0.0,0.0,0.0,0.0,0.0,0.0,0.0,0.0,0.0,0
5285.KL,21/7/2021,0.0,0.0,0.0,0.0,0.0,0.0,0.0,0.0,0.0,0
5285.KL,21/7/2022,0.0,0.0,0.0,0.0,0.0,0.0,0.0,0.0,0.0,0
5285.KL,21/7/2023,0.0,0.0,0.0,0.0,0.0,0.0,0.0,0.0,0.0,0
5285.KL,21/7/2024,0.0,0.0,0.0,0.0,0.0,0.0,0.0,0.0,0.0,0
5285.KL,21/7/2025,0.065625,0.075971,0.913683,0.010346,0.0,1.0,0.0,0.065625,0.913683,1
5285.KL,21/8/2020,0.0,0.0,0.0,0.0,0.0,0.0,0.0,0.0,0.0,0
5285.KL,21/8/2021,0.0,0.0,0.0,0.0,0.0,0.0,0.0,0.0,0.0,0
5285.KL,21/8/2022,0.0,0.0,0.0,0.0,0.0,0.0,0.0,0.0,0.0,0
5285.KL,21/8/2023,0.0,0.0,0.0,0.0,0.0,0.0,0.0,0.0,0.0,0
5285.KL,21/8/2024,0.616535,0.726626,0.163284,0.11009,1.0,0.0,0.0,0.616535,0.726626,1
5285.KL,21/8/2025,0.443012,0.45293,0.537152,0.009918,0.5,0.5,0.0,0.443012,0.890135,2
5285.KL,21/9/2020,0.0,0.0,0.0,0.0,0.0,0.0,0.0,0.0,0.0,0
5285.KL,21/9/2021,0.0,0.0,0.0,0.0,0.0,0.0,0.0,0.0,0.0,0
5285.KL,21/9/2022,0.0,0.0,0.0,0.0,0.0,0.0,0.0,0.0,0.0,0
5285.KL,21/9/2023,0.0,0.0,0.0,0.0,0.0,0.0,0.0,0.0,0.0,0
5285.KL,21/9/2024,0.0,0.0,0.0,0.0,0.0,0.0,0.0,0.0,0.0,0
5285.KL,21/9/2025,0.0,0.0,0.0,0.0,0.0,0.0,0.0,0.0,0.0,0
5285.KL,22/1/2020,0.0,0.0,0.0,0.0,0.0,0.0,0.0,0.0,0.0,0
5285.KL,22/1/2021,0.0,0.0,0.0,0.0,0.0,0.0,0.0,0.0,0.0,0
5285.KL,22/1/2022,0.0,0.0,0.0,0.0,0.0,0.0,0.0,0.0,0.0,0
5285.KL,22/1/2023,0.0,0.0,0.0,0.0,0.0,0.0,0.0,0.0,0.0,0
5285.KL,22/1/2024,0.0,0.0,0.0,0.0,0.0,0.0,0.0,0.0,0.0,0
5285.KL,22/1/2025,0.0,0.0,0.0,0.0,0.0,0.0,0.0,0.0,0.0,0
5285.KL,22/1/2026,0.0,0.0,0.0,0.0,0.0,0.0,0.0,0.0,0.0,0
5285.KL,22/10/2020,0.0,0.0,0.0,0.0,0.0,0.0,0.0,0.0,0.0,0
5285.KL,22/10/2021,0.0,0.0,0.0,0.0,0.0,0.0,0.0,0.0,0.0,0
5285.KL,22/10/2022,0.0,0.0,0.0,0.0,0.0,0.0,0.0,0.0,0.0,0
5285.KL,22/10/2023,0.0,0.0,0.0,0.0,0.0,0.0,0.0,0.0,0.0,0
5285.KL,22/10/2024,0.0,0.0,0.0,0.0,0.0,0.0,0.0,0.0,0.0,0
5285.KL,22/10/2025,0.0,0.0,0.0,0.0,0.0,0.0,0.0,0.0,0.0,0
5285.KL,22/11/2020,0.0,0.0,0.0,0.0,0.0,0.0,0.0,0.0,0.0,0
5285.KL,22/11/2021,0.0,0.0,0.0,0.0,0.0,0.0,0.0,0.0,0.0,0
5285.KL,22/11/2022,0.0,0.0,0.0,0.0,0.0,0.0,0.0,0.0,0.0,0
5285.KL,22/11/2023,0.0,0.0,0.0,0.0,0.0,0.0,0.0,0.0,0.0,0
5285.KL,22/11/2024,0.54415,0.557933,0.428285,0.013783,1.0,0.0,0.0,0.54415,0.884648,2
5285.KL,22/11/2025,0.0,0.0,0.0,0.0,0.0,0.0,0.0,0.0,0.0,0
5285.KL,22/12/2020,0.0,0.0,0.0,0.0,0.0,0.0,0.0,0.0,0.0,0
5285.KL,22/12/2021,0.0,0.0,0.0,0.0,0.0,0.0,0.0,0.0,0.0,0
5285.KL,22/12/2022,0.0,0.0,0.0,0.0,0.0,0.0,0.0,0.0,0.0,0
5285.KL,22/12/2023,0.0,0.0,0.0,0.0,0.0,0.0,0.0,0.0,0.0,0
5285.KL,22/12/2024,0.0,0.0,0.0,0.0,0.0,0.0,0.0,0.0,0.0,0
5285.KL,22/12/2025,0.0,0.0,0.0,0.0,0.0,0.0,0.0,0.0,0.0,0
5285.KL,22/2/2020,0.0,0.0,0.0,0.0,0.0,0.0,0.0,0.0,0.0,0
5285.KL,22/2/2021,0.0,0.0,0.0,0.0,0.0,0.0,0.0,0.0,0.0,0
5285.KL,22/2/2022,0.0,0.0,0.0,0.0,0.0,0.0,0.0,0.0,0.0,0
5285.KL,22/2/2023,0.0,0.0,0.0,0.0,0.0,0.0,0.0,0.0,0.0,0
5285.KL,22/2/2024,0.0,0.0,0.0,0.0,0.0,0.0,0.0,0.0,0.0,0
5285.KL,22/2/2025,0.0,0.0,0.0,0.0,0.0,0.0,0.0,0.0,0.0,0
5285.KL,22/2/2026,0.0,0.0,0.0,0.0,0.0,0.0,0.0,0.0,0.0,0
5285.KL,22/3/2020,0.0,0.0,0.0,0.0,0.0,0.0,0.0,0.0,0.0,0
5285.KL,22/3/2021,0.0,0.0,0.0,0.0,0.0,0.0,0.0,0.0,0.0,0
5285.KL,22/3/2022,0.0,0.0,0.0,0.0,0.0,0.0,0.0,0.0,0.0,0
5285.KL,22/3/2023,0.0,0.0,0.0,0.0,0.0,0.0,0.0,0.0,0.0,0
5285.KL,22/3/2024,0.0,0.0,0.0,0.0,0.0,0.0,0.0,0.0,0.0,0
5285.KL,22/3/2025,0.0,0.0,0.0,0.0,0.0,0.0,0.0,0.0,0.0,0
5285.KL,22/4/2020,0.0,0.0,0.0,0.0,0.0,0.0,0.0,0.0,0.0,0
5285.KL,22/4/2021,0.0,0.0,0.0,0.0,0.0,0.0,0.0,0.0,0.0,0
5285.KL,22/4/2022,0.0,0.0,0.0,0.0,0.0,0.0,0.0,0.0,0.0,0
5285.KL,22/4/2023,0.0,0.0,0.0,0.0,0.0,0.0,0.0,0.0,0.0,0
5285.KL,22/4/2024,0.0,0.0,0.0,0.0,0.0,0.0,0.0,0.0,0.0,0
5285.KL,22/4/2025,0.839351,0.846344,0.146663,0.006993,1.0,0.0,0.0,0.839351,0.846344,2
5285.KL,22/5/2020,0.0,0.0,0.0,0.0,0.0,0.0,0.0,0.0,0.0,0
5285.KL,22/5/2021,0.0,0.0,0.0,0.0,0.0,0.0,0.0,0.0,0.0,0
5285.KL,22/5/2022,0.0,0.0,0.0,0.0,0.0,0.0,0.0,0.0,0.0,0
5285.KL,22/5/2023,0.0,0.0,0.0,0.0,0.0,0.0,0.0,0.0,0.0,0
5285.KL,22/5/2024,0.0,0.0,0.0,0.0,0.0,0.0,0.0,0.0,0.0,0
5285.KL,22/5/2025,0.0,0.0,0.0,0.0,0.0,0.0,0.0,0.0,0.0,0
5285.KL,22/6/2020,0.0,0.0,0.0,0.0,0.0,0.0,0.0,0.0,0.0,0
5285.KL,22/6/2021,0.0,0.0,0.0,0.0,0.0,0.0,0.0,0.0,0.0,0
5285.KL,22/6/2022,0.0,0.0,0.0,0.0,0.0,0.0,0.0,0.0,0.0,0
5285.KL,22/6/2023,0.0,0.0,0.0,0.0,0.0,0.0,0.0,0.0,0.0,0
5285.KL,22/6/2024,0.0,0.0,0.0,0.0,0.0,0.0,0.0,0.0,0.0,0
5285.KL,22/6/2025,0.0,0.0,0.0,0.0,0.0,0.0,0.0,0.0,0.0,0
5285.KL,22/7/2020,0.0,0.0,0.0,0.0,0.0,0.0,0.0,0.0,0.0,0
5285.KL,22/7/2021,0.0,0.0,0.0,0.0,0.0,0.0,0.0,0.0,0.0,0
5285.KL,22/7/2022,0.0,0.0,0.0,0.0,0.0,0.0,0.0,0.0,0.0,0
5285.KL,22/7/2023,0.0,0.0,0.0,0.0,0.0,0.0,0.0,0.0,0.0,0
5285.KL,22/7/2024,0.0,0.0,0.0,0.0,0.0,0.0,0.0,0.0,0.0,0
5285.KL,22/7/2025,0.0,0.0,0.0,0.0,0.0,0.0,0.0,0.0,0.0,0
5285.KL,22/8/2020,0.0,0.0,0.0,0.0,0.0,0.0,0.0,0.0,0.0,0
5285.KL,22/8/2021,0.0,0.0,0.0,0.0,0.0,0.0,0.0,0.0,0.0,0
5285.KL,22/8/2022,0.0,0.0,0.0,0.0,0.0,0.0,0.0,0.0,0.0,0
5285.KL,22/8/2023,0.0,0.0,0.0,0.0,0.0,0.0,0.0,0.0,0.0,0
5285.KL,22/8/2024,0.416739,0.519956,0.376828,0.103217,0.666667,0.333333,0.0,0.416739,0.816269,3
5285.KL,22/8/2025,0.0,0.0,0.0,0.0,0.0,0.0,0.0,0.0,0.0,0
5285.KL,22/9/2020,0.0,0.0,0.0,0.0,0.0,0.0,0.0,0.0,0.0,0
5285.KL,22/9/2021,0.0,0.0,0.0,0.0,0.0,0.0,0.0,0.0,0.0,0
5285.KL,22/9/2022,0.0,0.0,0.0,0.0,0.0,0.0,0.0,0.0,0.0,0
5285.KL,22/9/2023,0.0,0.0,0.0,0.0,0.0,0.0,0.0,0.0,0.0,0
5285.KL,22/9/2024,0.0,0.0,0.0,0.0,0.0,0.0,0.0,0.0,0.0,0
5285.KL,22/9/2025,0.0,0.0,0.0,0.0,0.0,0.0,0.0,0.0,0.0,0
5285.KL,23/1/2020,0.0,0.0,0.0,0.0,0.0,0.0,0.0,0.0,0.0,0
5285.KL,23/1/2021,0.0,0.0,0.0,0.0,0.0,0.0,0.0,0.0,0.0,0
5285.KL,23/1/2022,0.0,0.0,0.0,0.0,0.0,0.0,0.0,0.0,0.0,0
5285.KL,23/1/2023,0.0,0.0,0.0,0.0,0.0,0.0,0.0,0.0,0.0,0
5285.KL,23/1/2024,0.0,0.0,0.0,0.0,0.0,0.0,0.0,0.0,0.0,0
5285.KL,23/1/2025,0.565203,0.572257,0.42069,0.007053,1.0,0.0,0.0,0.565203,0.572257,1
5285.KL,23/1/2026,0.0,0.0,0.0,0.0,0.0,0.0,0.0,0.0,0.0,0
5285.KL,23/10/2020,0.0,0.0,0.0,0.0,0.0,0.0,0.0,0.0,0.0,0
5285.KL,23/10/2021,0.0,0.0,0.0,0.0,0.0,0.0,0.0,0.0,0.0,0
5285.KL,23/10/2022,0.0,0.0,0.0,0.0,0.0,0.0,0.0,0.0,0.0,0
5285.KL,23/10/2023,0.0,0.0,0.0,0.0,0.0,0.0,0.0,0.0,0.0,0
5285.KL,23/10/2024,0.0,0.0,0.0,0.0,0.0,0.0,0.0,0.0,0.0,0
5285.KL,23/10/2025,-0.871559,0.017747,0.092947,0.889306,0.0,0.0,1.0,0.871559,0.889306,1
5285.KL,23/11/2020,0.0,0.0,0.0,0.0,0.0,0.0,0.0,0.0,0.0,0
5285.KL,23/11/2021,0.0,0.0,0.0,0.0,0.0,0.0,0.0,0.0,0.0,0
5285.KL,23/11/2022,0.0,0.0,0.0,0.0,0.0,0.0,0.0,0.0,0.0,0
5285.KL,23/11/2023,0.0,0.0,0.0,0.0,0.0,0.0,0.0,0.0,0.0,0
5285.KL,23/11/2024,0.0,0.0,0.0,0.0,0.0,0.0,0.0,0.0,0.0,0
5285.KL,23/11/2025,0.0,0.0,0.0,0.0,0.0,0.0,0.0,0.0,0.0,0
5285.KL,23/12/2020,0.0,0.0,0.0,0.0,0.0,0.0,0.0,0.0,0.0,0
5285.KL,23/12/2021,0.0,0.0,0.0,0.0,0.0,0.0,0.0,0.0,0.0,0
5285.KL,23/12/2022,0.0,0.0,0.0,0.0,0.0,0.0,0.0,0.0,0.0,0
5285.KL,23/12/2023,0.0,0.0,0.0,0.0,0.0,0.0,0.0,0.0,0.0,0
5285.KL,23/12/2024,0.77085,0.779117,0.212616,0.008267,1.0,0.0,0.0,0.77085,0.779117,1
5285.KL,23/12/2025,0.0,0.0,0.0,0.0,0.0,0.0,0.0,0.0,0.0,0
5285.KL,23/2/2020,0.0,0.0,0.0,0.0,0.0,0.0,0.0,0.0,0.0,0
5285.KL,23/2/2021,0.0,0.0,0.0,0.0,0.0,0.0,0.0,0.0,0.0,0
5285.KL,23/2/2022,0.0,0.0,0.0,0.0,0.0,0.0,0.0,0.0,0.0,0
5285.KL,23/2/2023,0.0,0.0,0.0,0.0,0.0,0.0,0.0,0.0,0.0,0
5285.KL,23/2/2024,0.0,0.0,0.0,0.0,0.0,0.0,0.0,0.0,0.0,0
5285.KL,23/2/2025,0.0,0.0,0.0,0.0,0.0,0.0,0.0,0.0,0.0,0
5285.KL,23/2/2026,0.0,0.0,0.0,0.0,0.0,0.0,0.0,0.0,0.0,0
5285.KL,23/3/2020,0.0,0.0,0.0,0.0,0.0,0.0,0.0,0.0,0.0,0
5285.KL,23/3/2021,0.0,0.0,0.0,0.0,0.0,0.0,0.0,0.0,0.0,0
5285.KL,23/3/2022,0.0,0.0,0.0,0.0,0.0,0.0,0.0,0.0,0.0,0
5285.KL,23/3/2023,0.0,0.0,0.0,0.0,0.0,0.0,0.0,0.0,0.0,0
5285.KL,23/3/2024,0.0,0.0,0.0,0.0,0.0,0.0,0.0,0.0,0.0,0
5285.KL,23/3/2025,0.0,0.0,0.0,0.0,0.0,0.0,0.0,0.0,0.0,0
5285.KL,23/4/2020,0.0,0.0,0.0,0.0,0.0,0.0,0.0,0.0,0.0,0
5285.KL,23/4/2021,0.0,0.0,0.0,0.0,0.0,0.0,0.0,0.0,0.0,0
5285.KL,23/4/2022,0.0,0.0,0.0,0.0,0.0,0.0,0.0,0.0,0.0,0
5285.KL,23/4/2023,0.0,0.0,0.0,0.0,0.0,0.0,0.0,0.0,0.0,0
5285.KL,23/4/2024,0.0,0.0,0.0,0.0,0.0,0.0,0.0,0.0,0.0,0
5285.KL,23/4/2025,0.0,0.0,0.0,0.0,0.0,0.0,0.0,0.0,0.0,0
5285.KL,23/5/2020,0.0,0.0,0.0,0.0,0.0,0.0,0.0,0.0,0.0,0
5285.KL,23/5/2021,0.0,0.0,0.0,0.0,0.0,0.0,0.0,0.0,0.0,0
5285.KL,23/5/2022,0.0,0.0,0.0,0.0,0.0,0.0,0.0,0.0,0.0,0
5285.KL,23/5/2023,0.0,0.0,0.0,0.0,0.0,0.0,0.0,0.0,0.0,0
5285.KL,23/5/2024,0.0,0.0,0.0,0.0,0.0,0.0,0.0,0.0,0.0,0
5285.KL,23/5/2025,0.0,0.0,0.0,0.0,0.0,0.0,0.0,0.0,0.0,0
5285.KL,23/6/2020,0.0,0.0,0.0,0.0,0.0,0.0,0.0,0.0,0.0,0
5285.KL,23/6/2021,0.0,0.0,0.0,0.0,0.0,0.0,0.0,0.0,0.0,0
5285.KL,23/6/2022,0.0,0.0,0.0,0.0,0.0,0.0,0.0,0.0,0.0,0
5285.KL,23/6/2023,0.0,0.0,0.0,0.0,0.0,0.0,0.0,0.0,0.0,0
5285.KL,23/6/2024,0.0,0.0,0.0,0.0,0.0,0.0,0.0,0.0,0.0,0
5285.KL,23/6/2025,0.033818,0.047354,0.93911,0.013536,0.0,1.0,0.0,0.033818,0.93911,1
5285.KL,23/7/2020,0.0,0.0,0.0,0.0,0.0,0.0,0.0,0.0,0.0,0
5285.KL,23/7/2021,0.0,0.0,0.0,0.0,0.0,0.0,0.0,0.0,0.0,0
5285.KL,23/7/2022,0.0,0.0,0.0,0.0,0.0,0.0,0.0,0.0,0.0,0
5285.KL,23/7/2023,0.0,0.0,0.0,0.0,0.0,0.0,0.0,0.0,0.0,0
5285.KL,23/7/2024,0.0,0.0,0.0,0.0,0.0,0.0,0.0,0.0,0.0,0
5285.KL,23/7/2025,0.0,0.0,0.0,0.0,0.0,0.0,0.0,0.0,0.0,0
5285.KL,23/8/2020,0.0,0.0,0.0,0.0,0.0,0.0,0.0,0.0,0.0,0
5285.KL,23/8/2021,0.0,0.0,0.0,0.0,0.0,0.0,0.0,0.0,0.0,0
5285.KL,23/8/2022,0.0,0.0,0.0,0.0,0.0,0.0,0.0,0.0,0.0,0
5285.KL,23/8/2023,0.0,0.0,0.0,0.0,0.0,0.0,0.0,0.0,0.0,0
5285.KL,23/8/2024,0.671249,0.807224,0.056801,0.135975,1.0,0.0,0.0,0.671249,0.807224,1
5285.KL,23/8/2025,0.0,0.0,0.0,0.0,0.0,0.0,0.0,0.0,0.0,0
5285.KL,23/9/2020,0.0,0.0,0.0,0.0,0.0,0.0,0.0,0.0,0.0,0
5285.KL,23/9/2021,0.0,0.0,0.0,0.0,0.0,0.0,0.0,0.0,0.0,0
5285.KL,23/9/2022,0.0,0.0,0.0,0.0,0.0,0.0,0.0,0.0,0.0,0
5285.KL,23/9/2023,0.0,0.0,0.0,0.0,0.0,0.0,0.0,0.0,0.0,0
5285.KL,23/9/2024,0.0,0.0,0.0,0.0,0.0,0.0,0.0,0.0,0.0,0
5285.KL,23/9/2025,0.0,0.0,0.0,0.0,0.0,0.0,0.0,0.0,0.0,0
5285.KL,24/1/2020,0.0,0.0,0.0,0.0,0.0,0.0,0.0,0.0,0.0,0
5285.KL,24/1/2021,0.0,0.0,0.0,0.0,0.0,0.0,0.0,0.0,0.0,0
5285.KL,24/1/2022,0.0,0.0,0.0,0.0,0.0,0.0,0.0,0.0,0.0,0
5285.KL,24/1/2023,0.0,0.0,0.0,0.0,0.0,0.0,0.0,0.0,0.0,0
5285.KL,24/1/2024,0.0,0.0,0.0,0.0,0.0,0.0,0.0,0.0,0.0,0
5285.KL,24/1/2025,0.0,0.0,0.0,0.0,0.0,0.0,0.0,0.0,0.0,0
5285.KL,24/1/2026,0.0,0.0,0.0,0.0,0.0,0.0,0.0,0.0,0.0,0
5285.KL,24/10/2020,0.0,0.0,0.0,0.0,0.0,0.0,0.0,0.0,0.0,0
5285.KL,24/10/2021,0.0,0.0,0.0,0.0,0.0,0.0,0.0,0.0,0.0,0
5285.KL,24/10/2022,0.0,0.0,0.0,0.0,0.0,0.0,0.0,0.0,0.0,0
5285.KL,24/10/2023,0.0,0.0,0.0,0.0,0.0,0.0,0.0,0.0,0.0,0
5285.KL,24/10/2024,0.0,0.0,0.0,0.0,0.0,0.0,0.0,0.0,0.0,0
5285.KL,24/10/2025,0.0,0.0,0.0,0.0,0.0,0.0,0.0,0.0,0.0,0
5285.KL,24/11/2020,0.0,0.0,0.0,0.0,0.0,0.0,0.0,0.0,0.0,0
5285.KL,24/11/2021,0.0,0.0,0.0,0.0,0.0,0.0,0.0,0.0,0.0,0
5285.KL,24/11/2022,0.0,0.0,0.0,0.0,0.0,0.0,0.0,0.0,0.0,0
5285.KL,24/11/2023,0.0,0.0,0.0,0.0,0.0,0.0,0.0,0.0,0.0,0
5285.KL,24/11/2024,0.0,0.0,0.0,0.0,0.0,0.0,0.0,0.0,0.0,0
5285.KL,24/11/2025,0.589468,0.599316,0.390835,0.009849,1.0,0.0,0.0,0.589468,0.599316,1
5285.KL,24/12/2020,0.0,0.0,0.0,0.0,0.0,0.0,0.0,0.0,0.0,0
5285.KL,24/12/2021,0.0,0.0,0.0,0.0,0.0,0.0,0.0,0.0,0.0,0
5285.KL,24/12/2022,0.0,0.0,0.0,0.0,0.0,0.0,0.0,0.0,0.0,0
5285.KL,24/12/2023,0.0,0.0,0.0,0.0,0.0,0.0,0.0,0.0,0.0,0
5285.KL,24/12/2024,0.0,0.0,0.0,0.0,0.0,0.0,0.0,0.0,0.0,0
5285.KL,24/12/2025,0.0,0.0,0.0,0.0,0.0,0.0,0.0,0.0,0.0,0
5285.KL,24/2/2020,0.0,0.0,0.0,0.0,0.0,0.0,0.0,0.0,0.0,0
5285.KL,24/2/2021,0.0,0.0,0.0,0.0,0.0,0.0,0.0,0.0,0.0,0
5285.KL,24/2/2022,0.0,0.0,0.0,0.0,0.0,0.0,0.0,0.0,0.0,0
5285.KL,24/2/2023,0.0,0.0,0.0,0.0,0.0,0.0,0.0,0.0,0.0,0
5285.KL,24/2/2024,0.0,0.0,0.0,0.0,0.0,0.0,0.0,0.0,0.0,0
5285.KL,24/2/2025,0.0,0.0,0.0,0.0,0.0,0.0,0.0,0.0,0.0,0
5285.KL,24/2/2026,0.0,0.0,0.0,0.0,0.0,0.0,0.0,0.0,0.0,0
5285.KL,24/3/2020,0.0,0.0,0.0,0.0,0.0,0.0,0.0,0.0,0.0,0
5285.KL,24/3/2021,0.0,0.0,0.0,0.0,0.0,0.0,0.0,0.0,0.0,0
5285.KL,24/3/2022,0.0,0.0,0.0,0.0,0.0,0.0,0.0,0.0,0.0,0
5285.KL,24/3/2023,0.0,0.0,0.0,0.0,0.0,0.0,0.0,0.0,0.0,0
5285.KL,24/3/2024,0.0,0.0,0.0,0.0,0.0,0.0,0.0,0.0,0.0,0
5285.KL,24/3/2025,0.0,0.0,0.0,0.0,0.0,0.0,0.0,0.0,0.0,0
5285.KL,24/4/2020,0.0,0.0,0.0,0.0,0.0,0.0,0.0,0.0,0.0,0
5285.KL,24/4/2021,0.0,0.0,0.0,0.0,0.0,0.0,0.0,0.0,0.0,0
5285.KL,24/4/2022,0.0,0.0,0.0,0.0,0.0,0.0,0.0,0.0,0.0,0
5285.KL,24/4/2023,0.0,0.0,0.0,0.0,0.0,0.0,0.0,0.0,0.0,0
5285.KL,24/4/2024,0.0,0.0,0.0,0.0,0.0,0.0,0.0,0.0,0.0,0
5285.KL,24/4/2025,0.0,0.0,0.0,0.0,0.0,0.0,0.0,0.0,0.0,0
5285.KL,24/5/2020,0.0,0.0,0.0,0.0,0.0,0.0,0.0,0.0,0.0,0
5285.KL,24/5/2021,0.0,0.0,0.0,0.0,0.0,0.0,0.0,0.0,0.0,0
5285.KL,24/5/2022,0.0,0.0,0.0,0.0,0.0,0.0,0.0,0.0,0.0,0
5285.KL,24/5/2023,0.0,0.0,0.0,0.0,0.0,0.0,0.0,0.0,0.0,0
5285.KL,24/5/2024,0.0,0.0,0.0,0.0,0.0,0.0,0.0,0.0,0.0,0
5285.KL,24/5/2025,0.0,0.0,0.0,0.0,0.0,0.0,0.0,0.0,0.0,0
5285.KL,24/6/2020,0.0,0.0,0.0,0.0,0.0,0.0,0.0,0.0,0.0,0
5285.KL,24/6/2021,0.0,0.0,0.0,0.0,0.0,0.0,0.0,0.0,0.0,0
5285.KL,24/6/2022,0.0,0.0,0.0,0.0,0.0,0.0,0.0,0.0,0.0,0
5285.KL,24/6/2023,0.0,0.0,0.0,0.0,0.0,0.0,0.0,0.0,0.0,0
5285.KL,24/6/2024,0.0,0.0,0.0,0.0,0.0,0.0,0.0,0.0,0.0,0
5285.KL,24/6/2025,0.234689,0.241739,0.751211,0.00705,1.0,0.0,0.0,0.234689,0.751211,1
5285.KL,24/7/2020,0.0,0.0,0.0,0.0,0.0,0.0,0.0,0.0,0.0,0
5285.KL,24/7/2021,0.0,0.0,0.0,0.0,0.0,0.0,0.0,0.0,0.0,0
5285.KL,24/7/2022,0.0,0.0,0.0,0.0,0.0,0.0,0.0,0.0,0.0,0
5285.KL,24/7/2023,0.0,0.0,0.0,0.0,0.0,0.0,0.0,0.0,0.0,0
5285.KL,24/7/2024,0.0,0.0,0.0,0.0,0.0,0.0,0.0,0.0,0.0,0
5285.KL,24/7/2025,0.0,0.0,0.0,0.0,0.0,0.0,0.0,0.0,0.0,0
5285.KL,24/8/2020,0.0,0.0,0.0,0.0,0.0,0.0,0.0,0.0,0.0,0
5285.KL,24/8/2021,0.0,0.0,0.0,0.0,0.0,0.0,0.0,0.0,0.0,0
5285.KL,24/8/2022,0.0,0.0,0.0,0.0,0.0,0.0,0.0,0.0,0.0,0
5285.KL,24/8/2023,0.0,0.0,0.0,0.0,0.0,0.0,0.0,0.0,0.0,0
5285.KL,24/8/2024,0.0,0.0,0.0,0.0,0.0,0.0,0.0,0.0,0.0,0
5285.KL,24/8/2025,0.0,0.0,0.0,0.0,0.0,0.0,0.0,0.0,0.0,0
5285.KL,24/9/2020,0.0,0.0,0.0,0.0,0.0,0.0,0.0,0.0,0.0,0
5285.KL,24/9/2021,0.0,0.0,0.0,0.0,0.0,0.0,0.0,0.0,0.0,0
5285.KL,24/9/2022,0.0,0.0,0.0,0.0,0.0,0.0,0.0,0.0,0.0,0
5285.KL,24/9/2023,0.0,0.0,0.0,0.0,0.0,0.0,0.0,0.0,0.0,0
5285.KL,24/9/2024,-0.797179,0.074695,0.053432,0.871873,0.0,0.0,1.0,0.797179,0.871873,1
5285.KL,24/9/2025,0.0,0.0,0.0,0.0,0.0,0.0,0.0,0.0,0.0,0
5285.KL,25/1/2020,0.0,0.0,0.0,0.0,0.0,0.0,0.0,0.0,0.0,0
5285.KL,25/1/2021,0.0,0.0,0.0,0.0,0.0,0.0,0.0,0.0,0.0,0
5285.KL,25/1/2022,0.0,0.0,0.0,0.0,0.0,0.0,0.0,0.0,0.0,0
5285.KL,25/1/2023,0.0,0.0,0.0,0.0,0.0,0.0,0.0,0.0,0.0,0
5285.KL,25/1/2024,0.0,0.0,0.0,0.0,0.0,0.0,0.0,0.0,0.0,0
5285.KL,25/1/2025,0.0,0.0,0.0,0.0,0.0,0.0,0.0,0.0,0.0,0
5285.KL,25/1/2026,0.0,0.0,0.0,0.0,0.0,0.0,0.0,0.0,0.0,0
5285.KL,25/10/2020,0.0,0.0,0.0,0.0,0.0,0.0,0.0,0.0,0.0,0
5285.KL,25/10/2021,0.0,0.0,0.0,0.0,0.0,0.0,0.0,0.0,0.0,0
5285.KL,25/10/2022,0.0,0.0,0.0,0.0,0.0,0.0,0.0,0.0,0.0,0
5285.KL,25/10/2023,0.0,0.0,0.0,0.0,0.0,0.0,0.0,0.0,0.0,0
5285.KL,25/10/2024,0.810686,0.821468,0.16775,0.010782,1.0,0.0,0.0,0.810686,0.821468,1
5285.KL,25/10/2025,0.0,0.0,0.0,0.0,0.0,0.0,0.0,0.0,0.0,0
5285.KL,25/11/2020,0.0,0.0,0.0,0.0,0.0,0.0,0.0,0.0,0.0,0
5285.KL,25/11/2021,0.0,0.0,0.0,0.0,0.0,0.0,0.0,0.0,0.0,0
5285.KL,25/11/2022,0.0,0.0,0.0,0.0,0.0,0.0,0.0,0.0,0.0,0
5285.KL,25/11/2023,0.0,0.0,0.0,0.0,0.0,0.0,0.0,0.0,0.0,0
5285.KL,25/11/2024,0.0,0.0,0.0,0.0,0.0,0.0,0.0,0.0,0.0,0
5285.KL,25/11/2025,0.0,0.0,0.0,0.0,0.0,0.0,0.0,0.0,0.0,0
5285.KL,25/12/2020,0.0,0.0,0.0,0.0,0.0,0.0,0.0,0.0,0.0,0
5285.KL,25/12/2021,0.0,0.0,0.0,0.0,0.0,0.0,0.0,0.0,0.0,0
5285.KL,25/12/2022,0.0,0.0,0.0,0.0,0.0,0.0,0.0,0.0,0.0,0
5285.KL,25/12/2023,0.0,0.0,0.0,0.0,0.0,0.0,0.0,0.0,0.0,0
5285.KL,25/12/2024,0.0,0.0,0.0,0.0,0.0,0.0,0.0,0.0,0.0,0
5285.KL,25/12/2025,0.0,0.0,0.0,0.0,0.0,0.0,0.0,0.0,0.0,0
5285.KL,25/2/2020,0.0,0.0,0.0,0.0,0.0,0.0,0.0,0.0,0.0,0
5285.KL,25/2/2021,0.0,0.0,0.0,0.0,0.0,0.0,0.0,0.0,0.0,0
5285.KL,25/2/2022,0.0,0.0,0.0,0.0,0.0,0.0,0.0,0.0,0.0,0
5285.KL,25/2/2023,0.0,0.0,0.0,0.0,0.0,0.0,0.0,0.0,0.0,0
5285.KL,25/2/2024,0.0,0.0,0.0,0.0,0.0,0.0,0.0,0.0,0.0,0
5285.KL,25/2/2025,0.0,0.0,0.0,0.0,0.0,0.0,0.0,0.0,0.0,0
5285.KL,25/2/2026,0.0,0.0,0.0,0.0,0.0,0.0,0.0,0.0,0.0,0
5285.KL,25/3/2020,0.0,0.0,0.0,0.0,0.0,0.0,0.0,0.0,0.0,0
5285.KL,25/3/2021,0.0,0.0,0.0,0.0,0.0,0.0,0.0,0.0,0.0,0
5285.KL,25/3/2022,0.0,0.0,0.0,0.0,0.0,0.0,0.0,0.0,0.0,0
5285.KL,25/3/2023,0.0,0.0,0.0,0.0,0.0,0.0,0.0,0.0,0.0,0
5285.KL,25/3/2024,0.0,0.0,0.0,0.0,0.0,0.0,0.0,0.0,0.0,0
5285.KL,25/3/2025,0.0,0.0,0.0,0.0,0.0,0.0,0.0,0.0,0.0,0
5285.KL,25/4/2020,0.0,0.0,0.0,0.0,0.0,0.0,0.0,0.0,0.0,0
5285.KL,25/4/2021,0.0,0.0,0.0,0.0,0.0,0.0,0.0,0.0,0.0,0
5285.KL,25/4/2022,0.0,0.0,0.0,0.0,0.0,0.0,0.0,0.0,0.0,0
5285.KL,25/4/2023,0.0,0.0,0.0,0.0,0.0,0.0,0.0,0.0,0.0,0
5285.KL,25/4/2024,0.0,0.0,0.0,0.0,0.0,0.0,0.0,0.0,0.0,0
5285.KL,25/4/2025,0.0,0.0,0.0,0.0,0.0,0.0,0.0,0.0,0.0,0
5285.KL,25/5/2020,0.0,0.0,0.0,0.0,0.0,0.0,0.0,0.0,0.0,0
5285.KL,25/5/2021,0.0,0.0,0.0,0.0,0.0,0.0,0.0,0.0,0.0,0
5285.KL,25/5/2022,0.0,0.0,0.0,0.0,0.0,0.0,0.0,0.0,0.0,0
5285.KL,25/5/2023,0.0,0.0,0.0,0.0,0.0,0.0,0.0,0.0,0.0,0
5285.KL,25/5/2024,0.0,0.0,0.0,0.0,0.0,0.0,0.0,0.0,0.0,0
5285.KL,25/5/2025,0.0,0.0,0.0,0.0,0.0,0.0,0.0,0.0,0.0,0
5285.KL,25/6/2020,0.0,0.0,0.0,0.0,0.0,0.0,0.0,0.0,0.0,0
5285.KL,25/6/2021,0.0,0.0,0.0,0.0,0.0,0.0,0.0,0.0,0.0,0
5285.KL,25/6/2022,0.0,0.0,0.0,0.0,0.0,0.0,0.0,0.0,0.0,0
5285.KL,25/6/2023,0.0,0.0,0.0,0.0,0.0,0.0,0.0,0.0,0.0,0
5285.KL,25/6/2024,0.0,0.0,0.0,0.0,0.0,0.0,0.0,0.0,0.0,0
5285.KL,25/6/2025,0.047337,0.060402,0.926534,0.013065,0.0,1.0,0.0,0.047337,0.926534,1
5285.KL,25/7/2020,0.0,0.0,0.0,0.0,0.0,0.0,0.0,0.0,0.0,0
5285.KL,25/7/2021,0.0,0.0,0.0,0.0,0.0,0.0,0.0,0.0,0.0,0
5285.KL,25/7/2022,0.0,0.0,0.0,0.0,0.0,0.0,0.0,0.0,0.0,0
5285.KL,25/7/2023,0.0,0.0,0.0,0.0,0.0,0.0,0.0,0.0,0.0,0
5285.KL,25/7/2024,0.0,0.0,0.0,0.0,0.0,0.0,0.0,0.0,0.0,0
5285.KL,25/7/2025,0.0,0.0,0.0,0.0,0.0,0.0,0.0,0.0,0.0,0
5285.KL,25/8/2020,0.0,0.0,0.0,0.0,0.0,0.0,0.0,0.0,0.0,0
5285.KL,25/8/2021,0.0,0.0,0.0,0.0,0.0,0.0,0.0,0.0,0.0,0
5285.KL,25/8/2022,0.0,0.0,0.0,0.0,0.0,0.0,0.0,0.0,0.0,0
5285.KL,25/8/2023,0.0,0.0,0.0,0.0,0.0,0.0,0.0,0.0,0.0,0
5285.KL,25/8/2024,0.0,0.0,0.0,0.0,0.0,0.0,0.0,0.0,0.0,0
5285.KL,25/8/2025,-0.028578,0.026773,0.917877,0.055351,0.0,1.0,0.0,0.028578,0.917877,1
5285.KL,25/9/2020,0.0,0.0,0.0,0.0,0.0,0.0,0.0,0.0,0.0,0
5285.KL,25/9/2021,0.0,0.0,0.0,0.0,0.0,0.0,0.0,0.0,0.0,0
5285.KL,25/9/2022,0.0,0.0,0.0,0.0,0.0,0.0,0.0,0.0,0.0,0
5285.KL,25/9/2023,0.0,0.0,0.0,0.0,0.0,0.0,0.0,0.0,0.0,0
5285.KL,25/9/2024,0.0,0.0,0.0,0.0,0.0,0.0,0.0,0.0,0.0,0
5285.KL,25/9/2025,0.0,0.0,0.0,0.0,0.0,0.0,0.0,0.0,0.0,0
5285.KL,26/1/2020,0.0,0.0,0.0,0.0,0.0,0.0,0.0,0.0,0.0,0
5285.KL,26/1/2021,0.0,0.0,0.0,0.0,0.0,0.0,0.0,0.0,0.0,0
5285.KL,26/1/2022,0.0,0.0,0.0,0.0,0.0,0.0,0.0,0.0,0.0,0
5285.KL,26/1/2023,0.0,0.0,0.0,0.0,0.0,0.0,0.0,0.0,0.0,0
5285.KL,26/1/2024,0.0,0.0,0.0,0.0,0.0,0.0,0.0,0.0,0.0,0
5285.KL,26/1/2025,0.0,0.0,0.0,0.0,0.0,0.0,0.0,0.0,0.0,0
5285.KL,26/1/2026,0.0,0.0,0.0,0.0,0.0,0.0,0.0,0.0,0.0,0
5285.KL,26/10/2020,0.0,0.0,0.0,0.0,0.0,0.0,0.0,0.0,0.0,0
5285.KL,26/10/2021,0.0,0.0,0.0,0.0,0.0,0.0,0.0,0.0,0.0,0
5285.KL,26/10/2022,0.0,0.0,0.0,0.0,0.0,0.0,0.0,0.0,0.0,0
5285.KL,26/10/2023,0.0,0.0,0.0,0.0,0.0,0.0,0.0,0.0,0.0,0
5285.KL,26/10/2024,0.0,0.0,0.0,0.0,0.0,0.0,0.0,0.0,0.0,0
5285.KL,26/10/2025,0.0,0.0,0.0,0.0,0.0,0.0,0.0,0.0,0.0,0
5285.KL,26/11/2020,0.0,0.0,0.0,0.0,0.0,0.0,0.0,0.0,0.0,0
5285.KL,26/11/2021,0.0,0.0,0.0,0.0,0.0,0.0,0.0,0.0,0.0,0
5285.KL,26/11/2022,0.0,0.0,0.0,0.0,0.0,0.0,0.0,0.0,0.0,0
5285.KL,26/11/2023,0.0,0.0,0.0,0.0,0.0,0.0,0.0,0.0,0.0,0
5285.KL,26/11/2024,0.0,0.0,0.0,0.0,0.0,0.0,0.0,0.0,0.0,0
5285.KL,26/11/2025,0.0,0.0,0.0,0.0,0.0,0.0,0.0,0.0,0.0,0
5285.KL,26/12/2020,0.0,0.0,0.0,0.0,0.0,0.0,0.0,0.0,0.0,0
5285.KL,26/12/2021,0.0,0.0,0.0,0.0,0.0,0.0,0.0,0.0,0.0,0
5285.KL,26/12/2022,0.0,0.0,0.0,0.0,0.0,0.0,0.0,0.0,0.0,0
5285.KL,26/12/2023,0.0,0.0,0.0,0.0,0.0,0.0,0.0,0.0,0.0,0
5285.KL,26/12/2024,0.0,0.0,0.0,0.0,0.0,0.0,0.0,0.0,0.0,0
5285.KL,26/12/2025,0.0,0.0,0.0,0.0,0.0,0.0,0.0,0.0,0.0,0
5285.KL,26/2/2020,0.0,0.0,0.0,0.0,0.0,0.0,0.0,0.0,0.0,0
5285.KL,26/2/2021,0.0,0.0,0.0,0.0,0.0,0.0,0.0,0.0,0.0,0
5285.KL,26/2/2022,0.0,0.0,0.0,0.0,0.0,0.0,0.0,0.0,0.0,0
5285.KL,26/2/2023,0.0,0.0,0.0,0.0,0.0,0.0,0.0,0.0,0.0,0
5285.KL,26/2/2024,0.0,0.0,0.0,0.0,0.0,0.0,0.0,0.0,0.0,0
5285.KL,26/2/2025,-0.954547,0.009771,0.025912,0.964317,0.0,0.0,1.0,0.954547,0.964317,1
5285.KL,26/2/2026,0.023242,0.038304,0.946633,0.015063,0.0,1.0,0.0,0.023242,0.946633,1
5285.KL,26/3/2020,0.0,0.0,0.0,0.0,0.0,0.0,0.0,0.0,0.0,0
5285.KL,26/3/2021,0.0,0.0,0.0,0.0,0.0,0.0,0.0,0.0,0.0,0
5285.KL,26/3/2022,0.0,0.0,0.0,0.0,0.0,0.0,0.0,0.0,0.0,0
5285.KL,26/3/2023,0.0,0.0,0.0,0.0,0.0,0.0,0.0,0.0,0.0,0
5285.KL,26/3/2024,0.0,0.0,0.0,0.0,0.0,0.0,0.0,0.0,0.0,0
5285.KL,26/3/2025,0.0,0.0,0.0,0.0,0.0,0.0,0.0,0.0,0.0,0
5285.KL,26/4/2020,0.0,0.0,0.0,0.0,0.0,0.0,0.0,0.0,0.0,0
5285.KL,26/4/2021,0.0,0.0,0.0,0.0,0.0,0.0,0.0,0.0,0.0,0
5285.KL,26/4/2022,0.0,0.0,0.0,0.0,0.0,0.0,0.0,0.0,0.0,0
5285.KL,26/4/2023,0.0,0.0,0.0,0.0,0.0,0.0,0.0,0.0,0.0,0
5285.KL,26/4/2024,0.0,0.0,0.0,0.0,0.0,0.0,0.0,0.0,0.0,0
5285.KL,26/4/2025,0.0,0.0,0.0,0.0,0.0,0.0,0.0,0.0,0.0,0
5285.KL,26/5/2020,0.0,0.0,0.0,0.0,0.0,0.0,0.0,0.0,0.0,0
5285.KL,26/5/2021,0.0,0.0,0.0,0.0,0.0,0.0,0.0,0.0,0.0,0
5285.KL,26/5/2022,0.0,0.0,0.0,0.0,0.0,0.0,0.0,0.0,0.0,0
5285.KL,26/5/2023,0.0,0.0,0.0,0.0,0.0,0.0,0.0,0.0,0.0,0
5285.KL,26/5/2024,0.0,0.0,0.0,0.0,0.0,0.0,0.0,0.0,0.0,0
5285.KL,26/5/2025,0.539194,0.549717,0.43976,0.010523,1.0,0.0,0.0,0.539194,0.549717,1
5285.KL,26/6/2020,0.0,0.0,0.0,0.0,0.0,0.0,0.0,0.0,0.0,0
5285.KL,26/6/2021,0.0,0.0,0.0,0.0,0.0,0.0,0.0,0.0,0.0,0
5285.KL,26/6/2022,0.0,0.0,0.0,0.0,0.0,0.0,0.0,0.0,0.0,0
5285.KL,26/6/2023,0.0,0.0,0.0,0.0,0.0,0.0,0.0,0.0,0.0,0
5285.KL,26/6/2024,0.0,0.0,0.0,0.0,0.0,0.0,0.0,0.0,0.0,0
5285.KL,26/6/2025,0.0,0.0,0.0,0.0,0.0,0.0,0.0,0.0,0.0,0
5285.KL,26/7/2020,0.0,0.0,0.0,0.0,0.0,0.0,0.0,0.0,0.0,0
5285.KL,26/7/2021,0.0,0.0,0.0,0.0,0.0,0.0,0.0,0.0,0.0,0
5285.KL,26/7/2022,0.0,0.0,0.0,0.0,0.0,0.0,0.0,0.0,0.0,0
5285.KL,26/7/2023,0.0,0.0,0.0,0.0,0.0,0.0,0.0,0.0,0.0,0
5285.KL,26/7/2024,0.0,0.0,0.0,0.0,0.0,0.0,0.0,0.0,0.0,0
5285.KL,26/7/2025,0.0,0.0,0.0,0.0,0.0,0.0,0.0,0.0,0.0,0
5285.KL,26/8/2020,0.0,0.0,0.0,0.0,0.0,0.0,0.0,0.0,0.0,0
5285.KL,26/8/2021,0.0,0.0,0.0,0.0,0.0,0.0,0.0,0.0,0.0,0
5285.KL,26/8/2022,0.0,0.0,0.0,0.0,0.0,0.0,0.0,0.0,0.0,0
5285.KL,26/8/2023,0.0,0.0,0.0,0.0,0.0,0.0,0.0,0.0,0.0,0
5285.KL,26/8/2024,0.0,0.0,0.0,0.0,0.0,0.0,0.0,0.0,0.0,0
5285.KL,26/8/2025,0.047189,0.05886,0.929469,0.011671,0.0,1.0,0.0,0.047189,0.929469,1
5285.KL,26/9/2020,0.0,0.0,0.0,0.0,0.0,0.0,0.0,0.0,0.0,0
5285.KL,26/9/2021,0.0,0.0,0.0,0.0,0.0,0.0,0.0,0.0,0.0,0
5285.KL,26/9/2022,0.0,0.0,0.0,0.0,0.0,0.0,0.0,0.0,0.0,0
5285.KL,26/9/2023,0.0,0.0,0.0,0.0,0.0,0.0,0.0,0.0,0.0,0
5285.KL,26/9/2024,0.714418,0.835655,0.043108,0.121237,1.0,0.0,0.0,0.714418,0.835655,1
5285.KL,26/9/2025,0.607006,0.616209,0.374588,0.009203,1.0,0.0,0.0,0.607006,0.616209,1
5285.KL,27/1/2020,0.0,0.0,0.0,0.0,0.0,0.0,0.0,0.0,0.0,0
5285.KL,27/1/2021,0.0,0.0,0.0,0.0,0.0,0.0,0.0,0.0,0.0,0
5285.KL,27/1/2022,0.0,0.0,0.0,0.0,0.0,0.0,0.0,0.0,0.0,0
5285.KL,27/1/2023,0.0,0.0,0.0,0.0,0.0,0.0,0.0,0.0,0.0,0
5285.KL,27/1/2024,0.0,0.0,0.0,0.0,0.0,0.0,0.0,0.0,0.0,0
5285.KL,27/1/2025,0.0,0.0,0.0,0.0,0.0,0.0,0.0,0.0,0.0,0
5285.KL,27/1/2026,0.0,0.0,0.0,0.0,0.0,0.0,0.0,0.0,0.0,0
5285.KL,27/10/2020,0.0,0.0,0.0,0.0,0.0,0.0,0.0,0.0,0.0,0
5285.KL,27/10/2021,0.0,0.0,0.0,0.0,0.0,0.0,0.0,0.0,0.0,0
5285.KL,27/10/2022,0.0,0.0,0.0,0.0,0.0,0.0,0.0,0.0,0.0,0
5285.KL,27/10/2023,0.0,0.0,0.0,0.0,0.0,0.0,0.0,0.0,0.0,0
5285.KL,27/10/2024,0.0,0.0,0.0,0.0,0.0,0.0,0.0,0.0,0.0,0
5285.KL,27/10/2025,0.0,0.0,0.0,0.0,0.0,0.0,0.0,0.0,0.0,0
5285.KL,27/11/2020,0.0,0.0,0.0,0.0,0.0,0.0,0.0,0.0,0.0,0
5285.KL,27/11/2021,0.0,0.0,0.0,0.0,0.0,0.0,0.0,0.0,0.0,0
5285.KL,27/11/2022,0.0,0.0,0.0,0.0,0.0,0.0,0.0,0.0,0.0,0
5285.KL,27/11/2023,0.0,0.0,0.0,0.0,0.0,0.0,0.0,0.0,0.0,0
5285.KL,27/11/2024,0.0,0.0,0.0,0.0,0.0,0.0,0.0,0.0,0.0,0
5285.KL,27/11/2025,0.0,0.0,0.0,0.0,0.0,0.0,0.0,0.0,0.0,0
5285.KL,27/12/2020,0.0,0.0,0.0,0.0,0.0,0.0,0.0,0.0,0.0,0
5285.KL,27/12/2021,0.0,0.0,0.0,0.0,0.0,0.0,0.0,0.0,0.0,0
5285.KL,27/12/2022,0.0,0.0,0.0,0.0,0.0,0.0,0.0,0.0,0.0,0
5285.KL,27/12/2023,0.0,0.0,0.0,0.0,0.0,0.0,0.0,0.0,0.0,0
5285.KL,27/12/2024,0.0,0.0,0.0,0.0,0.0,0.0,0.0,0.0,0.0,0
5285.KL,27/12/2025,0.0,0.0,0.0,0.0,0.0,0.0,0.0,0.0,0.0,0
5285.KL,27/2/2020,0.0,0.0,0.0,0.0,0.0,0.0,0.0,0.0,0.0,0
5285.KL,27/2/2021,0.0,0.0,0.0,0.0,0.0,0.0,0.0,0.0,0.0,0
5285.KL,27/2/2022,0.0,0.0,0.0,0.0,0.0,0.0,0.0,0.0,0.0,0
5285.KL,27/2/2023,0.0,0.0,0.0,0.0,0.0,0.0,0.0,0.0,0.0,0
5285.KL,27/2/2024,0.0,0.0,0.0,0.0,0.0,0.0,0.0,0.0,0.0,0
5285.KL,27/2/2025,0.925681,0.95062,0.024441,0.024939,1.0,0.0,0.0,0.925681,0.95062,1
5285.KL,27/2/2026,0.60495,0.616353,0.372244,0.011403,1.0,0.0,0.0,0.60495,0.616353,2
5285.KL,27/3/2020,0.0,0.0,0.0,0.0,0.0,0.0,0.0,0.0,0.0,0
5285.KL,27/3/2021,0.0,0.0,0.0,0.0,0.0,0.0,0.0,0.0,0.0,0
5285.KL,27/3/2022,0.0,0.0,0.0,0.0,0.0,0.0,0.0,0.0,0.0,0
5285.KL,27/3/2023,0.0,0.0,0.0,0.0,0.0,0.0,0.0,0.0,0.0,0
5285.KL,27/3/2024,0.0,0.0,0.0,0.0,0.0,0.0,0.0,0.0,0.0,0
5285.KL,27/3/2025,0.0,0.0,0.0,0.0,0.0,0.0,0.0,0.0,0.0,0
5285.KL,27/4/2020,0.0,0.0,0.0,0.0,0.0,0.0,0.0,0.0,0.0,0
5285.KL,27/4/2021,0.0,0.0,0.0,0.0,0.0,0.0,0.0,0.0,0.0,0
5285.KL,27/4/2022,0.0,0.0,0.0,0.0,0.0,0.0,0.0,0.0,0.0,0
5285.KL,27/4/2023,0.0,0.0,0.0,0.0,0.0,0.0,0.0,0.0,0.0,0
5285.KL,27/4/2024,0.0,0.0,0.0,0.0,0.0,0.0,0.0,0.0,0.0,0
5285.KL,27/4/2025,0.0,0.0,0.0,0.0,0.0,0.0,0.0,0.0,0.0,0
5285.KL,27/5/2020,0.0,0.0,0.0,0.0,0.0,0.0,0.0,0.0,0.0,0
5285.KL,27/5/2021,0.0,0.0,0.0,0.0,0.0,0.0,0.0,0.0,0.0,0
5285.KL,27/5/2022,0.0,0.0,0.0,0.0,0.0,0.0,0.0,0.0,0.0,0
5285.KL,27/5/2023,0.0,0.0,0.0,0.0,0.0,0.0,0.0,0.0,0.0,0
5285.KL,27/5/2024,0.0,0.0,0.0,0.0,0.0,0.0,0.0,0.0,0.0,0
5285.KL,27/5/2025,0.0,0.0,0.0,0.0,0.0,0.0,0.0,0.0,0.0,0
5285.KL,27/6/2020,0.0,0.0,0.0,0.0,0.0,0.0,0.0,0.0,0.0,0
5285.KL,27/6/2021,0.0,0.0,0.0,0.0,0.0,0.0,0.0,0.0,0.0,0
5285.KL,27/6/2022,0.0,0.0,0.0,0.0,0.0,0.0,0.0,0.0,0.0,0
5285.KL,27/6/2023,0.0,0.0,0.0,0.0,0.0,0.0,0.0,0.0,0.0,0
5285.KL,27/6/2024,0.0,0.0,0.0,0.0,0.0,0.0,0.0,0.0,0.0,0
5285.KL,27/6/2025,0.0,0.0,0.0,0.0,0.0,0.0,0.0,0.0,0.0,0
5285.KL,27/7/2020,0.0,0.0,0.0,0.0,0.0,0.0,0.0,0.0,0.0,0
5285.KL,27/7/2021,0.0,0.0,0.0,0.0,0.0,0.0,0.0,0.0,0.0,0
5285.KL,27/7/2022,0.0,0.0,0.0,0.0,0.0,0.0,0.0,0.0,0.0,0
5285.KL,27/7/2023,0.0,0.0,0.0,0.0,0.0,0.0,0.0,0.0,0.0,0
5285.KL,27/7/2024,0.0,0.0,0.0,0.0,0.0,0.0,0.0,0.0,0.0,0
5285.KL,27/7/2025,0.0,0.0,0.0,0.0,0.0,0.0,0.0,0.0,0.0,0
5285.KL,27/8/2020,0.0,0.0,0.0,0.0,0.0,0.0,0.0,0.0,0.0,0
5285.KL,27/8/2021,0.0,0.0,0.0,0.0,0.0,0.0,0.0,0.0,0.0,0
5285.KL,27/8/2022,0.0,0.0,0.0,0.0,0.0,0.0,0.0,0.0,0.0,0
5285.KL,27/8/2023,0.0,0.0,0.0,0.0,0.0,0.0,0.0,0.0,0.0,0
5285.KL,27/8/2024,0.0,0.0,0.0,0.0,0.0,0.0,0.0,0.0,0.0,0
5285.KL,27/8/2025,0.090979,0.10114,0.888699,0.010161,0.5,0.5,0.0,0.090979,0.888699,2
5285.KL,27/9/2020,0.0,0.0,0.0,0.0,0.0,0.0,0.0,0.0,0.0,0
5285.KL,27/9/2021,0.0,0.0,0.0,0.0,0.0,0.0,0.0,0.0,0.0,0
5285.KL,27/9/2022,0.0,0.0,0.0,0.0,0.0,0.0,0.0,0.0,0.0,0
5285.KL,27/9/2023,0.0,0.0,0.0,0.0,0.0,0.0,0.0,0.0,0.0,0
5285.KL,27/9/2024,0.0,0.0,0.0,0.0,0.0,0.0,0.0,0.0,0.0,0
5285.KL,27/9/2025,0.0,0.0,0.0,0.0,0.0,0.0,0.0,0.0,0.0,0
5285.KL,28/1/2020,0.0,0.0,0.0,0.0,0.0,0.0,0.0,0.0,0.0,0
5285.KL,28/1/2021,0.0,0.0,0.0,0.0,0.0,0.0,0.0,0.0,0.0,0
5285.KL,28/1/2022,0.0,0.0,0.0,0.0,0.0,0.0,0.0,0.0,0.0,0
5285.KL,28/1/2023,0.0,0.0,0.0,0.0,0.0,0.0,0.0,0.0,0.0,0
5285.KL,28/1/2024,0.0,0.0,0.0,0.0,0.0,0.0,0.0,0.0,0.0,0
5285.KL,28/1/2025,0.0,0.0,0.0,0.0,0.0,0.0,0.0,0.0,0.0,0
5285.KL,28/1/2026,0.0,0.0,0.0,0.0,0.0,0.0,0.0,0.0,0.0,0
5285.KL,28/10/2020,0.0,0.0,0.0,0.0,0.0,0.0,0.0,0.0,0.0,0
5285.KL,28/10/2021,0.0,0.0,0.0,0.0,0.0,0.0,0.0,0.0,0.0,0
5285.KL,28/10/2022,0.0,0.0,0.0,0.0,0.0,0.0,0.0,0.0,0.0,0
5285.KL,28/10/2023,0.0,0.0,0.0,0.0,0.0,0.0,0.0,0.0,0.0,0
5285.KL,28/10/2024,0.0,0.0,0.0,0.0,0.0,0.0,0.0,0.0,0.0,0
5285.KL,28/10/2025,0.900687,0.930098,0.040491,0.029411,1.0,0.0,0.0,0.900687,0.930098,1
5285.KL,28/11/2020,0.0,0.0,0.0,0.0,0.0,0.0,0.0,0.0,0.0,0
5285.KL,28/11/2021,0.0,0.0,0.0,0.0,0.0,0.0,0.0,0.0,0.0,0
5285.KL,28/11/2022,0.0,0.0,0.0,0.0,0.0,0.0,0.0,0.0,0.0,0
5285.KL,28/11/2023,0.0,0.0,0.0,0.0,0.0,0.0,0.0,0.0,0.0,0
5285.KL,28/11/2024,0.0,0.0,0.0,0.0,0.0,0.0,0.0,0.0,0.0,0
5285.KL,28/11/2025,0.0,0.0,0.0,0.0,0.0,0.0,0.0,0.0,0.0,0
5285.KL,28/12/2020,0.0,0.0,0.0,0.0,0.0,0.0,0.0,0.0,0.0,0
5285.KL,28/12/2021,0.0,0.0,0.0,0.0,0.0,0.0,0.0,0.0,0.0,0
5285.KL,28/12/2022,0.0,0.0,0.0,0.0,0.0,0.0,0.0,0.0,0.0,0
5285.KL,28/12/2023,0.0,0.0,0.0,0.0,0.0,0.0,0.0,0.0,0.0,0
5285.KL,28/12/2024,0.0,0.0,0.0,0.0,0.0,0.0,0.0,0.0,0.0,0
5285.KL,28/12/2025,0.0,0.0,0.0,0.0,0.0,0.0,0.0,0.0,0.0,0
5285.KL,28/2/2020,0.0,0.0,0.0,0.0,0.0,0.0,0.0,0.0,0.0,0
5285.KL,28/2/2021,0.0,0.0,0.0,0.0,0.0,0.0,0.0,0.0,0.0,0
5285.KL,28/2/2022,0.0,0.0,0.0,0.0,0.0,0.0,0.0,0.0,0.0,0
5285.KL,28/2/2023,0.0,0.0,0.0,0.0,0.0,0.0,0.0,0.0,0.0,0
5285.KL,28/2/2024,0.0,0.0,0.0,0.0,0.0,0.0,0.0,0.0,0.0,0
5285.KL,28/2/2025,0.165636,0.178514,0.808608,0.012878,1.0,0.0,0.0,0.165636,0.808608,1
5285.KL,28/2/2026,0.0,0.0,0.0,0.0,0.0,0.0,0.0,0.0,0.0,0
5285.KL,28/3/2020,0.0,0.0,0.0,0.0,0.0,0.0,0.0,0.0,0.0,0
5285.KL,28/3/2021,0.0,0.0,0.0,0.0,0.0,0.0,0.0,0.0,0.0,0
5285.KL,28/3/2022,0.0,0.0,0.0,0.0,0.0,0.0,0.0,0.0,0.0,0
5285.KL,28/3/2023,0.0,0.0,0.0,0.0,0.0,0.0,0.0,0.0,0.0,0
5285.KL,28/3/2024,0.0,0.0,0.0,0.0,0.0,0.0,0.0,0.0,0.0,0
5285.KL,28/3/2025,0.0,0.0,0.0,0.0,0.0,0.0,0.0,0.0,0.0,0
5285.KL,28/4/2020,0.0,0.0,0.0,0.0,0.0,0.0,0.0,0.0,0.0,0
5285.KL,28/4/2021,0.0,0.0,0.0,0.0,0.0,0.0,0.0,0.0,0.0,0
5285.KL,28/4/2022,0.0,0.0,0.0,0.0,0.0,0.0,0.0,0.0,0.0,0
5285.KL,28/4/2023,0.0,0.0,0.0,0.0,0.0,0.0,0.0,0.0,0.0,0
5285.KL,28/4/2024,0.0,0.0,0.0,0.0,0.0,0.0,0.0,0.0,0.0,0
5285.KL,28/4/2025,0.0,0.0,0.0,0.0,0.0,0.0,0.0,0.0,0.0,0
5285.KL,28/5/2020,0.0,0.0,0.0,0.0,0.0,0.0,0.0,0.0,0.0,0
5285.KL,28/5/2021,0.0,0.0,0.0,0.0,0.0,0.0,0.0,0.0,0.0,0
5285.KL,28/5/2022,0.0,0.0,0.0,0.0,0.0,0.0,0.0,0.0,0.0,0
5285.KL,28/5/2023,0.0,0.0,0.0,0.0,0.0,0.0,0.0,0.0,0.0,0
5285.KL,28/5/2024,0.0,0.0,0.0,0.0,0.0,0.0,0.0,0.0,0.0,0
5285.KL,28/5/2025,0.0,0.0,0.0,0.0,0.0,0.0,0.0,0.0,0.0,0
5285.KL,28/6/2020,0.0,0.0,0.0,0.0,0.0,0.0,0.0,0.0,0.0,0
5285.KL,28/6/2021,0.0,0.0,0.0,0.0,0.0,0.0,0.0,0.0,0.0,0
5285.KL,28/6/2022,0.0,0.0,0.0,0.0,0.0,0.0,0.0,0.0,0.0,0
5285.KL,28/6/2023,0.0,0.0,0.0,0.0,0.0,0.0,0.0,0.0,0.0,0
5285.KL,28/6/2024,0.0,0.0,0.0,0.0,0.0,0.0,0.0,0.0,0.0,0
5285.KL,28/6/2025,0.0,0.0,0.0,0.0,0.0,0.0,0.0,0.0,0.0,0
5285.KL,28/7/2020,0.0,0.0,0.0,0.0,0.0,0.0,0.0,0.0,0.0,0
5285.KL,28/7/2021,0.0,0.0,0.0,0.0,0.0,0.0,0.0,0.0,0.0,0
5285.KL,28/7/2022,0.0,0.0,0.0,0.0,0.0,0.0,0.0,0.0,0.0,0
5285.KL,28/7/2023,0.0,0.0,0.0,0.0,0.0,0.0,0.0,0.0,0.0,0
5285.KL,28/7/2024,0.0,0.0,0.0,0.0,0.0,0.0,0.0,0.0,0.0,0
5285.KL,28/7/2025,0.0,0.0,0.0,0.0,0.0,0.0,0.0,0.0,0.0,0
5285.KL,28/8/2020,0.0,0.0,0.0,0.0,0.0,0.0,0.0,0.0,0.0,0
5285.KL,28/8/2021,0.0,0.0,0.0,0.0,0.0,0.0,0.0,0.0,0.0,0
5285.KL,28/8/2022,0.0,0.0,0.0,0.0,0.0,0.0,0.0,0.0,0.0,0
5285.KL,28/8/2023,0.0,0.0,0.0,0.0,0.0,0.0,0.0,0.0,0.0,0
5285.KL,28/8/2024,0.0,0.0,0.0,0.0,0.0,0.0,0.0,0.0,0.0,0
5285.KL,28/8/2025,0.0,0.0,0.0,0.0,0.0,0.0,0.0,0.0,0.0,0
5285.KL,28/9/2020,0.0,0.0,0.0,0.0,0.0,0.0,0.0,0.0,0.0,0
5285.KL,28/9/2021,0.0,0.0,0.0,0.0,0.0,0.0,0.0,0.0,0.0,0
5285.KL,28/9/2022,0.0,0.0,0.0,0.0,0.0,0.0,0.0,0.0,0.0,0
5285.KL,28/9/2023,0.0,0.0,0.0,0.0,0.0,0.0,0.0,0.0,0.0,0
5285.KL,28/9/2024,0.0,0.0,0.0,0.0,0.0,0.0,0.0,0.0,0.0,0
5285.KL,28/9/2025,0.0,0.0,0.0,0.0,0.0,0.0,0.0,0.0,0.0,0
5285.KL,29/1/2020,0.0,0.0,0.0,0.0,0.0,0.0,0.0,0.0,0.0,0
5285.KL,29/1/2021,0.0,0.0,0.0,0.0,0.0,0.0,0.0,0.0,0.0,0
5285.KL,29/1/2022,0.0,0.0,0.0,0.0,0.0,0.0,0.0,0.0,0.0,0
5285.KL,29/1/2023,0.0,0.0,0.0,0.0,0.0,0.0,0.0,0.0,0.0,0
5285.KL,29/1/2024,0.0,0.0,0.0,0.0,0.0,0.0,0.0,0.0,0.0,0
5285.KL,29/1/2025,-0.957432,0.011437,0.019695,0.968869,0.0,0.0,1.0,0.957432,0.968869,1
5285.KL,29/1/2026,0.0,0.0,0.0,0.0,0.0,0.0,0.0,0.0,0.0,0
5285.KL,29/10/2020,0.0,0.0,0.0,0.0,0.0,0.0,0.0,0.0,0.0,0
5285.KL,29/10/2021,0.0,0.0,0.0,0.0,0.0,0.0,0.0,0.0,0.0,0
5285.KL,29/10/2022,0.0,0.0,0.0,0.0,0.0,0.0,0.0,0.0,0.0,0
5285.KL,29/10/2023,0.0,0.0,0.0,0.0,0.0,0.0,0.0,0.0,0.0,0
5285.KL,29/10/2024,0.0,0.0,0.0,0.0,0.0,0.0,0.0,0.0,0.0,0
5285.KL,29/10/2025,0.0,0.0,0.0,0.0,0.0,0.0,0.0,0.0,0.0,0
5285.KL,29/11/2020,0.0,0.0,0.0,0.0,0.0,0.0,0.0,0.0,0.0,0
5285.KL,29/11/2021,0.0,0.0,0.0,0.0,0.0,0.0,0.0,0.0,0.0,0
5285.KL,29/11/2022,0.0,0.0,0.0,0.0,0.0,0.0,0.0,0.0,0.0,0
5285.KL,29/11/2023,0.0,0.0,0.0,0.0,0.0,0.0,0.0,0.0,0.0,0
5285.KL,29/11/2024,0.0,0.0,0.0,0.0,0.0,0.0,0.0,0.0,0.0,0
5285.KL,29/11/2025,0.0,0.0,0.0,0.0,0.0,0.0,0.0,0.0,0.0,0
5285.KL,29/12/2020,0.0,0.0,0.0,0.0,0.0,0.0,0.0,0.0,0.0,0
5285.KL,29/12/2021,0.0,0.0,0.0,0.0,0.0,0.0,0.0,0.0,0.0,0
5285.KL,29/12/2022,0.0,0.0,0.0,0.0,0.0,0.0,0.0,0.0,0.0,0
5285.KL,29/12/2023,0.0,0.0,0.0,0.0,0.0,0.0,0.0,0.0,0.0,0
5285.KL,29/12/2024,0.0,0.0,0.0,0.0,0.0,0.0,0.0,0.0,0.0,0
5285.KL,29/12/2025,0.037014,0.048738,0.939538,0.011724,0.0,1.0,0.0,0.037014,0.939538,1
5285.KL,29/2/2020,0.0,0.0,0.0,0.0,0.0,0.0,0.0,0.0,0.0,0
5285.KL,29/2/2024,0.0,0.0,0.0,0.0,0.0,0.0,0.0,0.0,0.0,0
5285.KL,29/3/2020,0.0,0.0,0.0,0.0,0.0,0.0,0.0,0.0,0.0,0
5285.KL,29/3/2021,0.0,0.0,0.0,0.0,0.0,0.0,0.0,0.0,0.0,0
5285.KL,29/3/2022,0.0,0.0,0.0,0.0,0.0,0.0,0.0,0.0,0.0,0
5285.KL,29/3/2023,0.0,0.0,0.0,0.0,0.0,0.0,0.0,0.0,0.0,0
5285.KL,29/3/2024,0.0,0.0,0.0,0.0,0.0,0.0,0.0,0.0,0.0,0
5285.KL,29/3/2025,0.0,0.0,0.0,0.0,0.0,0.0,0.0,0.0,0.0,0
5285.KL,29/4/2020,0.0,0.0,0.0,0.0,0.0,0.0,0.0,0.0,0.0,0
5285.KL,29/4/2021,0.0,0.0,0.0,0.0,0.0,0.0,0.0,0.0,0.0,0
5285.KL,29/4/2022,0.0,0.0,0.0,0.0,0.0,0.0,0.0,0.0,0.0,0
5285.KL,29/4/2023,0.0,0.0,0.0,0.0,0.0,0.0,0.0,0.0,0.0,0
5285.KL,29/4/2024,0.0,0.0,0.0,0.0,0.0,0.0,0.0,0.0,0.0,0
5285.KL,29/4/2025,0.0,0.0,0.0,0.0,0.0,0.0,0.0,0.0,0.0,0
5285.KL,29/5/2020,0.0,0.0,0.0,0.0,0.0,0.0,0.0,0.0,0.0,0
5285.KL,29/5/2021,0.0,0.0,0.0,0.0,0.0,0.0,0.0,0.0,0.0,0
5285.KL,29/5/2022,0.0,0.0,0.0,0.0,0.0,0.0,0.0,0.0,0.0,0
5285.KL,29/5/2023,0.0,0.0,0.0,0.0,0.0,0.0,0.0,0.0,0.0,0
5285.KL,29/5/2024,0.0,0.0,0.0,0.0,0.0,0.0,0.0,0.0,0.0,0
5285.KL,29/5/2025,0.0,0.0,0.0,0.0,0.0,0.0,0.0,0.0,0.0,0
5285.KL,29/6/2020,0.0,0.0,0.0,0.0,0.0,0.0,0.0,0.0,0.0,0
5285.KL,29/6/2021,0.0,0.0,0.0,0.0,0.0,0.0,0.0,0.0,0.0,0
5285.KL,29/6/2022,0.0,0.0,0.0,0.0,0.0,0.0,0.0,0.0,0.0,0
5285.KL,29/6/2023,0.0,0.0,0.0,0.0,0.0,0.0,0.0,0.0,0.0,0
5285.KL,29/6/2024,0.0,0.0,0.0,0.0,0.0,0.0,0.0,0.0,0.0,0
5285.KL,29/6/2025,0.0,0.0,0.0,0.0,0.0,0.0,0.0,0.0,0.0,0
5285.KL,29/7/2020,0.0,0.0,0.0,0.0,0.0,0.0,0.0,0.0,0.0,0
5285.KL,29/7/2021,0.0,0.0,0.0,0.0,0.0,0.0,0.0,0.0,0.0,0
5285.KL,29/7/2022,0.0,0.0,0.0,0.0,0.0,0.0,0.0,0.0,0.0,0
5285.KL,29/7/2023,0.0,0.0,0.0,0.0,0.0,0.0,0.0,0.0,0.0,0
5285.KL,29/7/2024,0.066238,0.464668,0.136903,0.398429,0.0,1.0,0.0,0.066238,0.464668,1
5285.KL,29/7/2025,0.0,0.0,0.0,0.0,0.0,0.0,0.0,0.0,0.0,0
5285.KL,29/8/2020,0.0,0.0,0.0,0.0,0.0,0.0,0.0,0.0,0.0,0
5285.KL,29/8/2021,0.0,0.0,0.0,0.0,0.0,0.0,0.0,0.0,0.0,0
5285.KL,29/8/2022,0.0,0.0,0.0,0.0,0.0,0.0,0.0,0.0,0.0,0
5285.KL,29/8/2023,0.0,0.0,0.0,0.0,0.0,0.0,0.0,0.0,0.0,0
5285.KL,29/8/2024,0.0,0.0,0.0,0.0,0.0,0.0,0.0,0.0,0.0,0
5285.KL,29/8/2025,0.0,0.0,0.0,0.0,0.0,0.0,0.0,0.0,0.0,0
5285.KL,29/9/2020,0.0,0.0,0.0,0.0,0.0,0.0,0.0,0.0,0.0,0
5285.KL,29/9/2021,0.0,0.0,0.0,0.0,0.0,0.0,0.0,0.0,0.0,0
5285.KL,29/9/2022,0.0,0.0,0.0,0.0,0.0,0.0,0.0,0.0,0.0,0
5285.KL,29/9/2023,0.0,0.0,0.0,0.0,0.0,0.0,0.0,0.0,0.0,0
5285.KL,29/9/2024,0.0,0.0,0.0,0.0,0.0,0.0,0.0,0.0,0.0,0
5285.KL,29/9/2025,0.0,0.0,0.0,0.0,0.0,0.0,0.0,0.0,0.0,0
5285.KL,3/1/2020,0.0,0.0,0.0,0.0,0.0,0.0,0.0,0.0,0.0,0
5285.KL,3/1/2021,0.0,0.0,0.0,0.0,0.0,0.0,0.0,0.0,0.0,0
5285.KL,3/1/2022,0.0,0.0,0.0,0.0,0.0,0.0,0.0,0.0,0.0,0
5285.KL,3/1/2023,0.0,0.0,0.0,0.0,0.0,0.0,0.0,0.0,0.0,0
5285.KL,3/1/2024,0.0,0.0,0.0,0.0,0.0,0.0,0.0,0.0,0.0,0
5285.KL,3/1/2025,0.0,0.0,0.0,0.0,0.0,0.0,0.0,0.0,0.0,0
5285.KL,3/1/2026,0.0,0.0,0.0,0.0,0.0,0.0,0.0,0.0,0.0,0
5285.KL,3/10/2020,0.0,0.0,0.0,0.0,0.0,0.0,0.0,0.0,0.0,0
5285.KL,3/10/2021,0.0,0.0,0.0,0.0,0.0,0.0,0.0,0.0,0.0,0
5285.KL,3/10/2022,0.0,0.0,0.0,0.0,0.0,0.0,0.0,0.0,0.0,0
5285.KL,3/10/2023,0.0,0.0,0.0,0.0,0.0,0.0,0.0,0.0,0.0,0
5285.KL,3/10/2024,0.0,0.0,0.0,0.0,0.0,0.0,0.0,0.0,0.0,0
5285.KL,3/10/2025,0.0,0.0,0.0,0.0,0.0,0.0,0.0,0.0,0.0,0
5285.KL,3/11/2020,0.0,0.0,0.0,0.0,0.0,0.0,0.0,0.0,0.0,0
5285.KL,3/11/2021,0.0,0.0,0.0,0.0,0.0,0.0,0.0,0.0,0.0,0
5285.KL,3/11/2022,0.0,0.0,0.0,0.0,0.0,0.0,0.0,0.0,0.0,0
5285.KL,3/11/2023,0.0,0.0,0.0,0.0,0.0,0.0,0.0,0.0,0.0,0
5285.KL,3/11/2024,0.0,0.0,0.0,0.0,0.0,0.0,0.0,0.0,0.0,0
5285.KL,3/11/2025,0.0,0.0,0.0,0.0,0.0,0.0,0.0,0.0,0.0,0
5285.KL,3/12/2020,0.0,0.0,0.0,0.0,0.0,0.0,0.0,0.0,0.0,0
5285.KL,3/12/2021,0.0,0.0,0.0,0.0,0.0,0.0,0.0,0.0,0.0,0
5285.KL,3/12/2022,0.0,0.0,0.0,0.0,0.0,0.0,0.0,0.0,0.0,0
5285.KL,3/12/2023,0.0,0.0,0.0,0.0,0.0,0.0,0.0,0.0,0.0,0
5285.KL,3/12/2024,0.0,0.0,0.0,0.0,0.0,0.0,0.0,0.0,0.0,0
5285.KL,3/12/2025,0.524319,0.539266,0.445787,0.014947,1.0,0.0,0.0,0.524319,0.539266,1
5285.KL,3/2/2020,0.0,0.0,0.0,0.0,0.0,0.0,0.0,0.0,0.0,0
5285.KL,3/2/2021,0.0,0.0,0.0,0.0,0.0,0.0,0.0,0.0,0.0,0
5285.KL,3/2/2022,0.0,0.0,0.0,0.0,0.0,0.0,0.0,0.0,0.0,0
5285.KL,3/2/2023,0.0,0.0,0.0,0.0,0.0,0.0,0.0,0.0,0.0,0
5285.KL,3/2/2024,0.0,0.0,0.0,0.0,0.0,0.0,0.0,0.0,0.0,0
5285.KL,3/2/2025,0.059423,0.071668,0.916087,0.012245,0.0,1.0,0.0,0.059423,0.916087,1
5285.KL,3/2/2026,0.0,0.0,0.0,0.0,0.0,0.0,0.0,0.0,0.0,0
5285.KL,3/3/2020,0.0,0.0,0.0,0.0,0.0,0.0,0.0,0.0,0.0,0
5285.KL,3/3/2021,0.0,0.0,0.0,0.0,0.0,0.0,0.0,0.0,0.0,0
5285.KL,3/3/2022,0.0,0.0,0.0,0.0,0.0,0.0,0.0,0.0,0.0,0
5285.KL,3/3/2023,0.0,0.0,0.0,0.0,0.0,0.0,0.0,0.0,0.0,0
5285.KL,3/3/2024,0.0,0.0,0.0,0.0,0.0,0.0,0.0,0.0,0.0,0
5285.KL,3/3/2025,0.0,0.0,0.0,0.0,0.0,0.0,0.0,0.0,0.0,0
5285.KL,3/3/2026,-0.120168,0.041752,0.796328,0.16192,0.0,0.75,0.25,0.15883,0.840464,4
5285.KL,3/4/2020,0.0,0.0,0.0,0.0,0.0,0.0,0.0,0.0,0.0,0
5285.KL,3/4/2021,0.0,0.0,0.0,0.0,0.0,0.0,0.0,0.0,0.0,0
5285.KL,3/4/2022,0.0,0.0,0.0,0.0,0.0,0.0,0.0,0.0,0.0,0
5285.KL,3/4/2023,0.0,0.0,0.0,0.0,0.0,0.0,0.0,0.0,0.0,0
5285.KL,3/4/2024,0.0,0.0,0.0,0.0,0.0,0.0,0.0,0.0,0.0,0
5285.KL,3/4/2025,0.0,0.0,0.0,0.0,0.0,0.0,0.0,0.0,0.0,0
5285.KL,3/5/2020,0.0,0.0,0.0,0.0,0.0,0.0,0.0,0.0,0.0,0
5285.KL,3/5/2021,0.0,0.0,0.0,0.0,0.0,0.0,0.0,0.0,0.0,0
5285.KL,3/5/2022,0.0,0.0,0.0,0.0,0.0,0.0,0.0,0.0,0.0,0
5285.KL,3/5/2023,0.0,0.0,0.0,0.0,0.0,0.0,0.0,0.0,0.0,0
5285.KL,3/5/2024,0.0,0.0,0.0,0.0,0.0,0.0,0.0,0.0,0.0,0
5285.KL,3/5/2025,0.0,0.0,0.0,0.0,0.0,0.0,0.0,0.0,0.0,0
5285.KL,3/6/2020,0.0,0.0,0.0,0.0,0.0,0.0,0.0,0.0,0.0,0
5285.KL,3/6/2021,0.0,0.0,0.0,0.0,0.0,0.0,0.0,0.0,0.0,0
5285.KL,3/6/2022,0.0,0.0,0.0,0.0,0.0,0.0,0.0,0.0,0.0,0
5285.KL,3/6/2023,0.0,0.0,0.0,0.0,0.0,0.0,0.0,0.0,0.0,0
5285.KL,3/6/2024,0.0,0.0,0.0,0.0,0.0,0.0,0.0,0.0,0.0,0
5285.KL,3/6/2025,0.0,0.0,0.0,0.0,0.0,0.0,0.0,0.0,0.0,0
5285.KL,3/7/2020,0.0,0.0,0.0,0.0,0.0,0.0,0.0,0.0,0.0,0
5285.KL,3/7/2021,0.0,0.0,0.0,0.0,0.0,0.0,0.0,0.0,0.0,0
5285.KL,3/7/2022,0.0,0.0,0.0,0.0,0.0,0.0,0.0,0.0,0.0,0
5285.KL,3/7/2023,0.0,0.0,0.0,0.0,0.0,0.0,0.0,0.0,0.0,0
5285.KL,3/7/2024,0.168958,0.18367,0.801618,0.014712,1.0,0.0,0.0,0.168958,0.801618,1
5285.KL,3/7/2025,0.0,0.0,0.0,0.0,0.0,0.0,0.0,0.0,0.0,0
5285.KL,3/8/2020,0.0,0.0,0.0,0.0,0.0,0.0,0.0,0.0,0.0,0
5285.KL,3/8/2021,0.0,0.0,0.0,0.0,0.0,0.0,0.0,0.0,0.0,0
5285.KL,3/8/2022,0.0,0.0,0.0,0.0,0.0,0.0,0.0,0.0,0.0,0
5285.KL,3/8/2023,0.0,0.0,0.0,0.0,0.0,0.0,0.0,0.0,0.0,0
5285.KL,3/8/2024,0.0,0.0,0.0,0.0,0.0,0.0,0.0,0.0,0.0,0
5285.KL,3/8/2025,0.0,0.0,0.0,0.0,0.0,0.0,0.0,0.0,0.0,0
5285.KL,3/9/2020,0.0,0.0,0.0,0.0,0.0,0.0,0.0,0.0,0.0,0
5285.KL,3/9/2021,0.0,0.0,0.0,0.0,0.0,0.0,0.0,0.0,0.0,0
5285.KL,3/9/2022,0.0,0.0,0.0,0.0,0.0,0.0,0.0,0.0,0.0,0
5285.KL,3/9/2023,0.0,0.0,0.0,0.0,0.0,0.0,0.0,0.0,0.0,0
5285.KL,3/9/2024,0.0,0.0,0.0,0.0,0.0,0.0,0.0,0.0,0.0,0
5285.KL,3/9/2025,0.0,0.0,0.0,0.0,0.0,0.0,0.0,0.0,0.0,0
5285.KL,30/1/2020,0.0,0.0,0.0,0.0,0.0,0.0,0.0,0.0,0.0,0
5285.KL,30/1/2021,0.0,0.0,0.0,0.0,0.0,0.0,0.0,0.0,0.0,0
5285.KL,30/1/2022,0.0,0.0,0.0,0.0,0.0,0.0,0.0,0.0,0.0,0
5285.KL,30/1/2023,0.0,0.0,0.0,0.0,0.0,0.0,0.0,0.0,0.0,0
5285.KL,30/1/2024,0.0,0.0,0.0,0.0,0.0,0.0,0.0,0.0,0.0,0
5285.KL,30/1/2025,0.0,0.0,0.0,0.0,0.0,0.0,0.0,0.0,0.0,0
5285.KL,30/1/2026,0.0,0.0,0.0,0.0,0.0,0.0,0.0,0.0,0.0,0
5285.KL,30/10/2020,0.0,0.0,0.0,0.0,0.0,0.0,0.0,0.0,0.0,0
5285.KL,30/10/2021,0.0,0.0,0.0,0.0,0.0,0.0,0.0,0.0,0.0,0
5285.KL,30/10/2022,0.0,0.0,0.0,0.0,0.0,0.0,0.0,0.0,0.0,0
5285.KL,30/10/2023,0.0,0.0,0.0,0.0,0.0,0.0,0.0,0.0,0.0,0
5285.KL,30/10/2024,0.0,0.0,0.0,0.0,0.0,0.0,0.0,0.0,0.0,0
5285.KL,30/10/2025,0.0,0.0,0.0,0.0,0.0,0.0,0.0,0.0,0.0,0
5285.KL,30/11/2020,0.0,0.0,0.0,0.0,0.0,0.0,0.0,0.0,0.0,0
5285.KL,30/11/2021,0.0,0.0,0.0,0.0,0.0,0.0,0.0,0.0,0.0,0
5285.KL,30/11/2022,0.0,0.0,0.0,0.0,0.0,0.0,0.0,0.0,0.0,0
5285.KL,30/11/2023,0.0,0.0,0.0,0.0,0.0,0.0,0.0,0.0,0.0,0
5285.KL,30/11/2024,0.0,0.0,0.0,0.0,0.0,0.0,0.0,0.0,0.0,0
5285.KL,30/11/2025,0.0,0.0,0.0,0.0,0.0,0.0,0.0,0.0,0.0,0
5285.KL,30/12/2020,0.0,0.0,0.0,0.0,0.0,0.0,0.0,0.0,0.0,0
5285.KL,30/12/2021,0.0,0.0,0.0,0.0,0.0,0.0,0.0,0.0,0.0,0
5285.KL,30/12/2022,0.0,0.0,0.0,0.0,0.0,0.0,0.0,0.0,0.0,0
5285.KL,30/12/2023,0.0,0.0,0.0,0.0,0.0,0.0,0.0,0.0,0.0,0
5285.KL,30/12/2024,0.0,0.0,0.0,0.0,0.0,0.0,0.0,0.0,0.0,0
5285.KL,30/12/2025,0.0,0.0,0.0,0.0,0.0,0.0,0.0,0.0,0.0,0
5285.KL,30/3/2020,0.0,0.0,0.0,0.0,0.0,0.0,0.0,0.0,0.0,0
5285.KL,30/3/2021,0.0,0.0,0.0,0.0,0.0,0.0,0.0,0.0,0.0,0
5285.KL,30/3/2022,0.0,0.0,0.0,0.0,0.0,0.0,0.0,0.0,0.0,0
5285.KL,30/3/2023,0.0,0.0,0.0,0.0,0.0,0.0,0.0,0.0,0.0,0
5285.KL,30/3/2024,0.0,0.0,0.0,0.0,0.0,0.0,0.0,0.0,0.0,0
5285.KL,30/3/2025,0.0,0.0,0.0,0.0,0.0,0.0,0.0,0.0,0.0,0
5285.KL,30/4/2020,0.0,0.0,0.0,0.0,0.0,0.0,0.0,0.0,0.0,0
5285.KL,30/4/2021,0.0,0.0,0.0,0.0,0.0,0.0,0.0,0.0,0.0,0
5285.KL,30/4/2022,0.0,0.0,0.0,0.0,0.0,0.0,0.0,0.0,0.0,0
5285.KL,30/4/2023,0.0,0.0,0.0,0.0,0.0,0.0,0.0,0.0,0.0,0
5285.KL,30/4/2024,0.027353,0.043551,0.940252,0.016198,0.0,1.0,0.0,0.027353,0.940252,1
5285.KL,30/4/2025,0.0,0.0,0.0,0.0,0.0,0.0,0.0,0.0,0.0,0
5285.KL,30/5/2020,0.0,0.0,0.0,0.0,0.0,0.0,0.0,0.0,0.0,0
5285.KL,30/5/2021,0.0,0.0,0.0,0.0,0.0,0.0,0.0,0.0,0.0,0
5285.KL,30/5/2022,0.0,0.0,0.0,0.0,0.0,0.0,0.0,0.0,0.0,0
5285.KL,30/5/2023,0.0,0.0,0.0,0.0,0.0,0.0,0.0,0.0,0.0,0
5285.KL,30/5/2024,0.0,0.0,0.0,0.0,0.0,0.0,0.0,0.0,0.0,0
5285.KL,30/5/2025,0.0,0.0,0.0,0.0,0.0,0.0,0.0,0.0,0.0,0
5285.KL,30/6/2020,0.0,0.0,0.0,0.0,0.0,0.0,0.0,0.0,0.0,0
5285.KL,30/6/2021,0.0,0.0,0.0,0.0,0.0,0.0,0.0,0.0,0.0,0
5285.KL,30/6/2022,0.0,0.0,0.0,0.0,0.0,0.0,0.0,0.0,0.0,0
5285.KL,30/6/2023,0.0,0.0,0.0,0.0,0.0,0.0,0.0,0.0,0.0,0
5285.KL,30/6/2024,0.0,0.0,0.0,0.0,0.0,0.0,0.0,0.0,0.0,0
5285.KL,30/6/2025,0.0,0.0,0.0,0.0,0.0,0.0,0.0,0.0,0.0,0
5285.KL,30/7/2020,0.0,0.0,0.0,0.0,0.0,0.0,0.0,0.0,0.0,0
5285.KL,30/7/2021,0.0,0.0,0.0,0.0,0.0,0.0,0.0,0.0,0.0,0
5285.KL,30/7/2022,0.0,0.0,0.0,0.0,0.0,0.0,0.0,0.0,0.0,0
5285.KL,30/7/2023,0.0,0.0,0.0,0.0,0.0,0.0,0.0,0.0,0.0,0
5285.KL,30/7/2024,0.0,0.0,0.0,0.0,0.0,0.0,0.0,0.0,0.0,0
5285.KL,30/7/2025,0.0,0.0,0.0,0.0,0.0,0.0,0.0,0.0,0.0,0
5285.KL,30/8/2020,0.0,0.0,0.0,0.0,0.0,0.0,0.0,0.0,0.0,0
5285.KL,30/8/2021,0.0,0.0,0.0,0.0,0.0,0.0,0.0,0.0,0.0,0
5285.KL,30/8/2022,0.0,0.0,0.0,0.0,0.0,0.0,0.0,0.0,0.0,0
5285.KL,30/8/2023,0.0,0.0,0.0,0.0,0.0,0.0,0.0,0.0,0.0,0
5285.KL,30/8/2024,0.649557,0.658155,0.333248,0.008597,1.0,0.0,0.0,0.649557,0.658155,1
5285.KL,30/8/2025,0.0,0.0,0.0,0.0,0.0,0.0,0.0,0.0,0.0,0
5285.KL,30/9/2020,0.0,0.0,0.0,0.0,0.0,0.0,0.0,0.0,0.0,0
5285.KL,30/9/2021,0.0,0.0,0.0,0.0,0.0,0.0,0.0,0.0,0.0,0
5285.KL,30/9/2022,0.0,0.0,0.0,0.0,0.0,0.0,0.0,0.0,0.0,0
5285.KL,30/9/2023,0.0,0.0,0.0,0.0,0.0,0.0,0.0,0.0,0.0,0
5285.KL,30/9/2024,0.0,0.0,0.0,0.0,0.0,0.0,0.0,0.0,0.0,0
5285.KL,30/9/2025,0.0,0.0,0.0,0.0,0.0,0.0,0.0,0.0,0.0,0
5285.KL,31/1/2020,0.0,0.0,0.0,0.0,0.0,0.0,0.0,0.0,0.0,0
5285.KL,31/1/2021,0.0,0.0,0.0,0.0,0.0,0.0,0.0,0.0,0.0,0
5285.KL,31/1/2022,0.0,0.0,0.0,0.0,0.0,0.0,0.0,0.0,0.0,0
5285.KL,31/1/2023,0.0,0.0,0.0,0.0,0.0,0.0,0.0,0.0,0.0,0
5285.KL,31/1/2024,0.0,0.0,0.0,0.0,0.0,0.0,0.0,0.0,0.0,0
5285.KL,31/1/2025,0.0,0.0,0.0,0.0,0.0,0.0,0.0,0.0,0.0,0
5285.KL,31/1/2026,0.0,0.0,0.0,0.0,0.0,0.0,0.0,0.0,0.0,0
5285.KL,31/10/2020,0.0,0.0,0.0,0.0,0.0,0.0,0.0,0.0,0.0,0
5285.KL,31/10/2021,0.0,0.0,0.0,0.0,0.0,0.0,0.0,0.0,0.0,0
5285.KL,31/10/2022,0.0,0.0,0.0,0.0,0.0,0.0,0.0,0.0,0.0,0
5285.KL,31/10/2023,0.0,0.0,0.0,0.0,0.0,0.0,0.0,0.0,0.0,0
5285.KL,31/10/2024,-0.924928,0.025259,0.024555,0.950187,0.0,0.0,1.0,0.924928,0.950187,1
5285.KL,31/10/2025,0.0,0.0,0.0,0.0,0.0,0.0,0.0,0.0,0.0,0
5285.KL,31/12/2020,0.0,0.0,0.0,0.0,0.0,0.0,0.0,0.0,0.0,0
5285.KL,31/12/2021,0.0,0.0,0.0,0.0,0.0,0.0,0.0,0.0,0.0,0
5285.KL,31/12/2022,0.0,0.0,0.0,0.0,0.0,0.0,0.0,0.0,0.0,0
5285.KL,31/12/2023,0.0,0.0,0.0,0.0,0.0,0.0,0.0,0.0,0.0,0
5285.KL,31/12/2024,0.0,0.0,0.0,0.0,0.0,0.0,0.0,0.0,0.0,0
5285.KL,31/12/2025,0.859299,0.874664,0.109971,0.015365,1.0,0.0,0.0,0.859299,0.874664,1
5285.KL,31/3/2020,0.0,0.0,0.0,0.0,0.0,0.0,0.0,0.0,0.0,0
5285.KL,31/3/2021,0.0,0.0,0.0,0.0,0.0,0.0,0.0,0.0,0.0,0
5285.KL,31/3/2022,0.0,0.0,0.0,0.0,0.0,0.0,0.0,0.0,0.0,0
5285.KL,31/3/2023,0.0,0.0,0.0,0.0,0.0,0.0,0.0,0.0,0.0,0
5285.KL,31/3/2024,0.0,0.0,0.0,0.0,0.0,0.0,0.0,0.0,0.0,0
5285.KL,31/3/2025,0.0,0.0,0.0,0.0,0.0,0.0,0.0,0.0,0.0,0
5285.KL,31/5/2020,0.0,0.0,0.0,0.0,0.0,0.0,0.0,0.0,0.0,0
5285.KL,31/5/2021,0.0,0.0,0.0,0.0,0.0,0.0,0.0,0.0,0.0,0
5285.KL,31/5/2022,0.0,0.0,0.0,0.0,0.0,0.0,0.0,0.0,0.0,0
5285.KL,31/5/2023,0.0,0.0,0.0,0.0,0.0,0.0,0.0,0.0,0.0,0
5285.KL,31/5/2024,0.0,0.0,0.0,0.0,0.0,0.0,0.0,0.0,0.0,0
5285.KL,31/5/2025,0.0,0.0,0.0,0.0,0.0,0.0,0.0,0.0,0.0,0
5285.KL,31/7/2020,0.0,0.0,0.0,0.0,0.0,0.0,0.0,0.0,0.0,0
5285.KL,31/7/2021,0.0,0.0,0.0,0.0,0.0,0.0,0.0,0.0,0.0,0
5285.KL,31/7/2022,0.0,0.0,0.0,0.0,0.0,0.0,0.0,0.0,0.0,0
5285.KL,31/7/2023,0.0,0.0,0.0,0.0,0.0,0.0,0.0,0.0,0.0,0
5285.KL,31/7/2024,0.0,0.0,0.0,0.0,0.0,0.0,0.0,0.0,0.0,0
5285.KL,31/7/2025,0.0,0.0,0.0,0.0,0.0,0.0,0.0,0.0,0.0,0
5285.KL,31/8/2020,0.0,0.0,0.0,0.0,0.0,0.0,0.0,0.0,0.0,0
5285.KL,31/8/2021,0.0,0.0,0.0,0.0,0.0,0.0,0.0,0.0,0.0,0
5285.KL,31/8/2022,0.0,0.0,0.0,0.0,0.0,0.0,0.0,0.0,0.0,0
5285.KL,31/8/2023,0.0,0.0,0.0,0.0,0.0,0.0,0.0,0.0,0.0,0
5285.KL,31/8/2024,0.0,0.0,0.0,0.0,0.0,0.0,0.0,0.0,0.0,0
5285.KL,31/8/2025,0.0,0.0,0.0,0.0,0.0,0.0,0.0,0.0,0.0,0
5285.KL,4/1/2020,0.0,0.0,0.0,0.0,0.0,0.0,0.0,0.0,0.0,0
5285.KL,4/1/2021,0.0,0.0,0.0,0.0,0.0,0.0,0.0,0.0,0.0,0
5285.KL,4/1/2022,0.0,0.0,0.0,0.0,0.0,0.0,0.0,0.0,0.0,0
5285.KL,4/1/2023,0.0,0.0,0.0,0.0,0.0,0.0,0.0,0.0,0.0,0
5285.KL,4/1/2024,0.0,0.0,0.0,0.0,0.0,0.0,0.0,0.0,0.0,0
5285.KL,4/1/2025,0.0,0.0,0.0,0.0,0.0,0.0,0.0,0.0,0.0,0
5285.KL,4/1/2026,0.0,0.0,0.0,0.0,0.0,0.0,0.0,0.0,0.0,0
5285.KL,4/10/2020,0.0,0.0,0.0,0.0,0.0,0.0,0.0,0.0,0.0,0
5285.KL,4/10/2021,0.0,0.0,0.0,0.0,0.0,0.0,0.0,0.0,0.0,0
5285.KL,4/10/2022,0.0,0.0,0.0,0.0,0.0,0.0,0.0,0.0,0.0,0
5285.KL,4/10/2023,0.0,0.0,0.0,0.0,0.0,0.0,0.0,0.0,0.0,0
5285.KL,4/10/2024,0.0,0.0,0.0,0.0,0.0,0.0,0.0,0.0,0.0,0
5285.KL,4/10/2025,0.0,0.0,0.0,0.0,0.0,0.0,0.0,0.0,0.0,0
5285.KL,4/11/2020,0.0,0.0,0.0,0.0,0.0,0.0,0.0,0.0,0.0,0
5285.KL,4/11/2021,0.0,0.0,0.0,0.0,0.0,0.0,0.0,0.0,0.0,0
5285.KL,4/11/2022,0.0,0.0,0.0,0.0,0.0,0.0,0.0,0.0,0.0,0
5285.KL,4/11/2023,0.0,0.0,0.0,0.0,0.0,0.0,0.0,0.0,0.0,0
5285.KL,4/11/2024,0.0,0.0,0.0,0.0,0.0,0.0,0.0,0.0,0.0,0
5285.KL,4/11/2025,0.0,0.0,0.0,0.0,0.0,0.0,0.0,0.0,0.0,0
5285.KL,4/12/2020,0.0,0.0,0.0,0.0,0.0,0.0,0.0,0.0,0.0,0
5285.KL,4/12/2021,0.0,0.0,0.0,0.0,0.0,0.0,0.0,0.0,0.0,0
5285.KL,4/12/2022,0.0,0.0,0.0,0.0,0.0,0.0,0.0,0.0,0.0,0
5285.KL,4/12/2023,0.0,0.0,0.0,0.0,0.0,0.0,0.0,0.0,0.0,0
5285.KL,4/12/2024,0.0,0.0,0.0,0.0,0.0,0.0,0.0,0.0,0.0,0
5285.KL,4/12/2025,0.807392,0.815581,0.176231,0.008188,1.0,0.0,0.0,0.807392,0.815581,1
5285.KL,4/2/2020,0.0,0.0,0.0,0.0,0.0,0.0,0.0,0.0,0.0,0
5285.KL,4/2/2021,0.0,0.0,0.0,0.0,0.0,0.0,0.0,0.0,0.0,0
5285.KL,4/2/2022,0.0,0.0,0.0,0.0,0.0,0.0,0.0,0.0,0.0,0
5285.KL,4/2/2023,0.0,0.0,0.0,0.0,0.0,0.0,0.0,0.0,0.0,0
5285.KL,4/2/2024,0.0,0.0,0.0,0.0,0.0,0.0,0.0,0.0,0.0,0
5285.KL,4/2/2025,0.045351,0.05798,0.92939,0.012629,0.0,1.0,0.0,0.045351,0.92939,1
5285.KL,4/2/2026,0.0,0.0,0.0,0.0,0.0,0.0,0.0,0.0,0.0,0
5285.KL,4/3/2020,0.0,0.0,0.0,0.0,0.0,0.0,0.0,0.0,0.0,0
5285.KL,4/3/2021,0.0,0.0,0.0,0.0,0.0,0.0,0.0,0.0,0.0,0
5285.KL,4/3/2022,0.0,0.0,0.0,0.0,0.0,0.0,0.0,0.0,0.0,0
5285.KL,4/3/2023,0.0,0.0,0.0,0.0,0.0,0.0,0.0,0.0,0.0,0
5285.KL,4/3/2024,0.0,0.0,0.0,0.0,0.0,0.0,0.0,0.0,0.0,0
5285.KL,4/3/2025,0.0,0.0,0.0,0.0,0.0,0.0,0.0,0.0,0.0,0
5285.KL,4/3/2026,0.0,0.0,0.0,0.0,0.0,0.0,0.0,0.0,0.0,0
5285.KL,4/4/2020,0.0,0.0,0.0,0.0,0.0,0.0,0.0,0.0,0.0,0
5285.KL,4/4/2021,0.0,0.0,0.0,0.0,0.0,0.0,0.0,0.0,0.0,0
5285.KL,4/4/2022,0.0,0.0,0.0,0.0,0.0,0.0,0.0,0.0,0.0,0
5285.KL,4/4/2023,0.0,0.0,0.0,0.0,0.0,0.0,0.0,0.0,0.0,0
5285.KL,4/4/2024,0.0,0.0,0.0,0.0,0.0,0.0,0.0,0.0,0.0,0
5285.KL,4/4/2025,0.0,0.0,0.0,0.0,0.0,0.0,0.0,0.0,0.0,0
5285.KL,4/5/2020,0.0,0.0,0.0,0.0,0.0,0.0,0.0,0.0,0.0,0
5285.KL,4/5/2021,0.0,0.0,0.0,0.0,0.0,0.0,0.0,0.0,0.0,0
5285.KL,4/5/2022,0.0,0.0,0.0,0.0,0.0,0.0,0.0,0.0,0.0,0
5285.KL,4/5/2023,0.0,0.0,0.0,0.0,0.0,0.0,0.0,0.0,0.0,0
5285.KL,4/5/2024,0.0,0.0,0.0,0.0,0.0,0.0,0.0,0.0,0.0,0
5285.KL,4/5/2025,0.0,0.0,0.0,0.0,0.0,0.0,0.0,0.0,0.0,0
5285.KL,4/6/2020,0.0,0.0,0.0,0.0,0.0,0.0,0.0,0.0,0.0,0
5285.KL,4/6/2021,0.0,0.0,0.0,0.0,0.0,0.0,0.0,0.0,0.0,0
5285.KL,4/6/2022,0.0,0.0,0.0,0.0,0.0,0.0,0.0,0.0,0.0,0
5285.KL,4/6/2023,0.0,0.0,0.0,0.0,0.0,0.0,0.0,0.0,0.0,0
5285.KL,4/6/2024,0.033158,0.047257,0.938643,0.014099,0.0,1.0,0.0,0.033158,0.938643,1
5285.KL,4/6/2025,0.0,0.0,0.0,0.0,0.0,0.0,0.0,0.0,0.0,0
5285.KL,4/7/2020,0.0,0.0,0.0,0.0,0.0,0.0,0.0,0.0,0.0,0
5285.KL,4/7/2021,0.0,0.0,0.0,0.0,0.0,0.0,0.0,0.0,0.0,0
5285.KL,4/7/2022,0.0,0.0,0.0,0.0,0.0,0.0,0.0,0.0,0.0,0
5285.KL,4/7/2023,0.0,0.0,0.0,0.0,0.0,0.0,0.0,0.0,0.0,0
5285.KL,4/7/2024,0.0,0.0,0.0,0.0,0.0,0.0,0.0,0.0,0.0,0
5285.KL,4/7/2025,-0.943968,0.015574,0.024884,0.959542,0.0,0.0,1.0,0.943968,0.959542,1
5285.KL,4/8/2020,0.0,0.0,0.0,0.0,0.0,0.0,0.0,0.0,0.0,0
5285.KL,4/8/2021,0.0,0.0,0.0,0.0,0.0,0.0,0.0,0.0,0.0,0
5285.KL,4/8/2022,0.0,0.0,0.0,0.0,0.0,0.0,0.0,0.0,0.0,0
5285.KL,4/8/2023,0.0,0.0,0.0,0.0,0.0,0.0,0.0,0.0,0.0,0
5285.KL,4/8/2024,0.0,0.0,0.0,0.0,0.0,0.0,0.0,0.0,0.0,0
5285.KL,4/8/2025,0.887268,0.909253,0.068762,0.021985,1.0,0.0,0.0,0.887268,0.909253,1
5285.KL,4/9/2020,0.0,0.0,0.0,0.0,0.0,0.0,0.0,0.0,0.0,0
5285.KL,4/9/2021,0.0,0.0,0.0,0.0,0.0,0.0,0.0,0.0,0.0,0
5285.KL,4/9/2022,0.0,0.0,0.0,0.0,0.0,0.0,0.0,0.0,0.0,0
5285.KL,4/9/2023,0.0,0.0,0.0,0.0,0.0,0.0,0.0,0.0,0.0,0
5285.KL,4/9/2024,-0.663867,0.134056,0.068021,0.797923,0.0,0.0,1.0,0.663867,0.797923,1
5285.KL,4/9/2025,0.890639,0.923834,0.042971,0.033195,1.0,0.0,0.0,0.890639,0.923834,1
5285.KL,5/1/2020,0.0,0.0,0.0,0.0,0.0,0.0,0.0,0.0,0.0,0
5285.KL,5/1/2021,0.0,0.0,0.0,0.0,0.0,0.0,0.0,0.0,0.0,0
5285.KL,5/1/2022,0.0,0.0,0.0,0.0,0.0,0.0,0.0,0.0,0.0,0
5285.KL,5/1/2023,0.0,0.0,0.0,0.0,0.0,0.0,0.0,0.0,0.0,0
5285.KL,5/1/2024,0.0,0.0,0.0,0.0,0.0,0.0,0.0,0.0,0.0,0
5285.KL,5/1/2025,0.0,0.0,0.0,0.0,0.0,0.0,0.0,0.0,0.0,0
5285.KL,5/1/2026,0.0,0.0,0.0,0.0,0.0,0.0,0.0,0.0,0.0,0
5285.KL,5/10/2020,0.0,0.0,0.0,0.0,0.0,0.0,0.0,0.0,0.0,0
5285.KL,5/10/2021,0.0,0.0,0.0,0.0,0.0,0.0,0.0,0.0,0.0,0
5285.KL,5/10/2022,0.0,0.0,0.0,0.0,0.0,0.0,0.0,0.0,0.0,0
5285.KL,5/10/2023,0.0,0.0,0.0,0.0,0.0,0.0,0.0,0.0,0.0,0
5285.KL,5/10/2024,0.0,0.0,0.0,0.0,0.0,0.0,0.0,0.0,0.0,0
5285.KL,5/10/2025,0.0,0.0,0.0,0.0,0.0,0.0,0.0,0.0,0.0,0
5285.KL,5/11/2020,0.0,0.0,0.0,0.0,0.0,0.0,0.0,0.0,0.0,0
5285.KL,5/11/2021,0.0,0.0,0.0,0.0,0.0,0.0,0.0,0.0,0.0,0
5285.KL,5/11/2022,0.0,0.0,0.0,0.0,0.0,0.0,0.0,0.0,0.0,0
5285.KL,5/11/2023,0.0,0.0,0.0,0.0,0.0,0.0,0.0,0.0,0.0,0
5285.KL,5/11/2024,0.469545,0.5151,0.439344,0.045556,0.666667,0.333333,0.0,0.469545,0.797533,3
5285.KL,5/11/2025,0.0,0.0,0.0,0.0,0.0,0.0,0.0,0.0,0.0,0
5285.KL,5/12/2020,0.0,0.0,0.0,0.0,0.0,0.0,0.0,0.0,0.0,0
5285.KL,5/12/2021,0.0,0.0,0.0,0.0,0.0,0.0,0.0,0.0,0.0,0
5285.KL,5/12/2022,0.0,0.0,0.0,0.0,0.0,0.0,0.0,0.0,0.0,0
5285.KL,5/12/2023,0.0,0.0,0.0,0.0,0.0,0.0,0.0,0.0,0.0,0
5285.KL,5/12/2024,0.907214,0.939551,0.028113,0.032337,1.0,0.0,0.0,0.907214,0.939551,1
5285.KL,5/12/2025,0.934126,0.950219,0.033688,0.016093,1.0,0.0,0.0,0.934126,0.950219,1
5285.KL,5/2/2020,0.0,0.0,0.0,0.0,0.0,0.0,0.0,0.0,0.0,0
5285.KL,5/2/2021,0.0,0.0,0.0,0.0,0.0,0.0,0.0,0.0,0.0,0
5285.KL,5/2/2022,0.0,0.0,0.0,0.0,0.0,0.0,0.0,0.0,0.0,0
5285.KL,5/2/2023,0.0,0.0,0.0,0.0,0.0,0.0,0.0,0.0,0.0,0
5285.KL,5/2/2024,0.0,0.0,0.0,0.0,0.0,0.0,0.0,0.0,0.0,0
5285.KL,5/2/2025,0.0,0.0,0.0,0.0,0.0,0.0,0.0,0.0,0.0,0
5285.KL,5/2/2026,0.0,0.0,0.0,0.0,0.0,0.0,0.0,0.0,0.0,0
5285.KL,5/3/2020,0.0,0.0,0.0,0.0,0.0,0.0,0.0,0.0,0.0,0
5285.KL,5/3/2021,0.0,0.0,0.0,0.0,0.0,0.0,0.0,0.0,0.0,0
5285.KL,5/3/2022,0.0,0.0,0.0,0.0,0.0,0.0,0.0,0.0,0.0,0
5285.KL,5/3/2023,0.0,0.0,0.0,0.0,0.0,0.0,0.0,0.0,0.0,0
5285.KL,5/3/2024,0.0,0.0,0.0,0.0,0.0,0.0,0.0,0.0,0.0,0
5285.KL,5/3/2025,0.0,0.0,0.0,0.0,0.0,0.0,0.0,0.0,0.0,0
5285.KL,5/3/2026,0.0,0.0,0.0,0.0,0.0,0.0,0.0,0.0,0.0,0
5285.KL,5/4/2020,0.0,0.0,0.0,0.0,0.0,0.0,0.0,0.0,0.0,0
5285.KL,5/4/2021,0.0,0.0,0.0,0.0,0.0,0.0,0.0,0.0,0.0,0
5285.KL,5/4/2022,0.0,0.0,0.0,0.0,0.0,0.0,0.0,0.0,0.0,0
5285.KL,5/4/2023,0.0,0.0,0.0,0.0,0.0,0.0,0.0,0.0,0.0,0
5285.KL,5/4/2024,0.0,0.0,0.0,0.0,0.0,0.0,0.0,0.0,0.0,0
5285.KL,5/4/2025,0.0,0.0,0.0,0.0,0.0,0.0,0.0,0.0,0.0,0
5285.KL,5/5/2020,0.0,0.0,0.0,0.0,0.0,0.0,0.0,0.0,0.0,0
5285.KL,5/5/2021,0.0,0.0,0.0,0.0,0.0,0.0,0.0,0.0,0.0,0
5285.KL,5/5/2022,0.0,0.0,0.0,0.0,0.0,0.0,0.0,0.0,0.0,0
5285.KL,5/5/2023,0.0,0.0,0.0,0.0,0.0,0.0,0.0,0.0,0.0,0
5285.KL,5/5/2024,0.0,0.0,0.0,0.0,0.0,0.0,0.0,0.0,0.0,0
5285.KL,5/5/2025,0.0,0.0,0.0,0.0,0.0,0.0,0.0,0.0,0.0,0
5285.KL,5/6/2020,0.0,0.0,0.0,0.0,0.0,0.0,0.0,0.0,0.0,0
5285.KL,5/6/2021,0.0,0.0,0.0,0.0,0.0,0.0,0.0,0.0,0.0,0
5285.KL,5/6/2022,0.0,0.0,0.0,0.0,0.0,0.0,0.0,0.0,0.0,0
5285.KL,5/6/2023,0.0,0.0,0.0,0.0,0.0,0.0,0.0,0.0,0.0,0
5285.KL,5/6/2024,0.0,0.0,0.0,0.0,0.0,0.0,0.0,0.0,0.0,0
5285.KL,5/6/2025,0.0,0.0,0.0,0.0,0.0,0.0,0.0,0.0,0.0,0
5285.KL,5/7/2020,0.0,0.0,0.0,0.0,0.0,0.0,0.0,0.0,0.0,0
5285.KL,5/7/2021,0.0,0.0,0.0,0.0,0.0,0.0,0.0,0.0,0.0,0
5285.KL,5/7/2022,0.0,0.0,0.0,0.0,0.0,0.0,0.0,0.0,0.0,0
5285.KL,5/7/2023,0.0,0.0,0.0,0.0,0.0,0.0,0.0,0.0,0.0,0
5285.KL,5/7/2024,0.0,0.0,0.0,0.0,0.0,0.0,0.0,0.0,0.0,0
5285.KL,5/7/2025,0.0,0.0,0.0,0.0,0.0,0.0,0.0,0.0,0.0,0
5285.KL,5/8/2020,0.0,0.0,0.0,0.0,0.0,0.0,0.0,0.0,0.0,0
5285.KL,5/8/2021,0.0,0.0,0.0,0.0,0.0,0.0,0.0,0.0,0.0,0
5285.KL,5/8/2022,0.0,0.0,0.0,0.0,0.0,0.0,0.0,0.0,0.0,0
5285.KL,5/8/2023,0.0,0.0,0.0,0.0,0.0,0.0,0.0,0.0,0.0,0
5285.KL,5/8/2024,0.0,0.0,0.0,0.0,0.0,0.0,0.0,0.0,0.0,0
5285.KL,5/8/2025,0.0,0.0,0.0,0.0,0.0,0.0,0.0,0.0,0.0,0
5285.KL,5/9/2020,0.0,0.0,0.0,0.0,0.0,0.0,0.0,0.0,0.0,0
5285.KL,5/9/2021,0.0,0.0,0.0,0.0,0.0,0.0,0.0,0.0,0.0,0
5285.KL,5/9/2022,0.0,0.0,0.0,0.0,0.0,0.0,0.0,0.0,0.0,0
5285.KL,5/9/2023,0.0,0.0,0.0,0.0,0.0,0.0,0.0,0.0,0.0,0
5285.KL,5/9/2024,0.0,0.0,0.0,0.0,0.0,0.0,0.0,0.0,0.0,0
5285.KL,5/9/2025,0.795332,0.803721,0.187889,0.00839,1.0,0.0,0.0,0.795332,0.803721,1
5285.KL,6/1/2020,0.0,0.0,0.0,0.0,0.0,0.0,0.0,0.0,0.0,0
5285.KL,6/1/2021,0.0,0.0,0.0,0.0,0.0,0.0,0.0,0.0,0.0,0
5285.KL,6/1/2022,0.0,0.0,0.0,0.0,0.0,0.0,0.0,0.0,0.0,0
5285.KL,6/1/2023,0.0,0.0,0.0,0.0,0.0,0.0,0.0,0.0,0.0,0
5285.KL,6/1/2024,0.0,0.0,0.0,0.0,0.0,0.0,0.0,0.0,0.0,0
5285.KL,6/1/2025,0.0,0.0,0.0,0.0,0.0,0.0,0.0,0.0,0.0,0
5285.KL,6/1/2026,0.472304,0.482104,0.508096,0.0098,1.0,0.0,0.0,0.472304,0.508096,1
5285.KL,6/10/2020,0.0,0.0,0.0,0.0,0.0,0.0,0.0,0.0,0.0,0
5285.KL,6/10/2021,0.0,0.0,0.0,0.0,0.0,0.0,0.0,0.0,0.0,0
5285.KL,6/10/2022,0.0,0.0,0.0,0.0,0.0,0.0,0.0,0.0,0.0,0
5285.KL,6/10/2023,0.0,0.0,0.0,0.0,0.0,0.0,0.0,0.0,0.0,0
5285.KL,6/10/2024,0.0,0.0,0.0,0.0,0.0,0.0,0.0,0.0,0.0,0
5285.KL,6/10/2025,0.0,0.0,0.0,0.0,0.0,0.0,0.0,0.0,0.0,0
5285.KL,6/11/2020,0.0,0.0,0.0,0.0,0.0,0.0,0.0,0.0,0.0,0
5285.KL,6/11/2021,0.0,0.0,0.0,0.0,0.0,0.0,0.0,0.0,0.0,0
5285.KL,6/11/2022,0.0,0.0,0.0,0.0,0.0,0.0,0.0,0.0,0.0,0
5285.KL,6/11/2023,0.0,0.0,0.0,0.0,0.0,0.0,0.0,0.0,0.0,0
5285.KL,6/11/2024,0.0,0.0,0.0,0.0,0.0,0.0,0.0,0.0,0.0,0
5285.KL,6/11/2025,-0.276744,0.095926,0.531404,0.37267,0.0,0.5,0.5,0.340214,0.824446,2
5285.KL,6/12/2020,0.0,0.0,0.0,0.0,0.0,0.0,0.0,0.0,0.0,0
5285.KL,6/12/2021,0.0,0.0,0.0,0.0,0.0,0.0,0.0,0.0,0.0,0
5285.KL,6/12/2022,0.0,0.0,0.0,0.0,0.0,0.0,0.0,0.0,0.0,0
5285.KL,6/12/2023,0.0,0.0,0.0,0.0,0.0,0.0,0.0,0.0,0.0,0
5285.KL,6/12/2024,0.0,0.0,0.0,0.0,0.0,0.0,0.0,0.0,0.0,0
5285.KL,6/12/2025,0.0,0.0,0.0,0.0,0.0,0.0,0.0,0.0,0.0,0
5285.KL,6/2/2020,0.0,0.0,0.0,0.0,0.0,0.0,0.0,0.0,0.0,0
5285.KL,6/2/2021,0.0,0.0,0.0,0.0,0.0,0.0,0.0,0.0,0.0,0
5285.KL,6/2/2022,0.0,0.0,0.0,0.0,0.0,0.0,0.0,0.0,0.0,0
5285.KL,6/2/2023,0.0,0.0,0.0,0.0,0.0,0.0,0.0,0.0,0.0,0
5285.KL,6/2/2024,0.0,0.0,0.0,0.0,0.0,0.0,0.0,0.0,0.0,0
5285.KL,6/2/2025,0.0,0.0,0.0,0.0,0.0,0.0,0.0,0.0,0.0,0
5285.KL,6/2/2026,0.0,0.0,0.0,0.0,0.0,0.0,0.0,0.0,0.0,0
5285.KL,6/3/2020,0.0,0.0,0.0,0.0,0.0,0.0,0.0,0.0,0.0,0
5285.KL,6/3/2021,0.0,0.0,0.0,0.0,0.0,0.0,0.0,0.0,0.0,0
5285.KL,6/3/2022,0.0,0.0,0.0,0.0,0.0,0.0,0.0,0.0,0.0,0
5285.KL,6/3/2023,0.0,0.0,0.0,0.0,0.0,0.0,0.0,0.0,0.0,0
5285.KL,6/3/2024,0.0,0.0,0.0,0.0,0.0,0.0,0.0,0.0,0.0,0
5285.KL,6/3/2025,0.0,0.0,0.0,0.0,0.0,0.0,0.0,0.0,0.0,0
5285.KL,6/3/2026,0.0,0.0,0.0,0.0,0.0,0.0,0.0,0.0,0.0,0
5285.KL,6/4/2020,0.0,0.0,0.0,0.0,0.0,0.0,0.0,0.0,0.0,0
5285.KL,6/4/2021,0.0,0.0,0.0,0.0,0.0,0.0,0.0,0.0,0.0,0
5285.KL,6/4/2022,0.0,0.0,0.0,0.0,0.0,0.0,0.0,0.0,0.0,0
5285.KL,6/4/2023,0.0,0.0,0.0,0.0,0.0,0.0,0.0,0.0,0.0,0
5285.KL,6/4/2024,0.0,0.0,0.0,0.0,0.0,0.0,0.0,0.0,0.0,0
5285.KL,6/4/2025,0.0,0.0,0.0,0.0,0.0,0.0,0.0,0.0,0.0,0
5285.KL,6/5/2020,0.0,0.0,0.0,0.0,0.0,0.0,0.0,0.0,0.0,0
5285.KL,6/5/2021,0.0,0.0,0.0,0.0,0.0,0.0,0.0,0.0,0.0,0
5285.KL,6/5/2022,0.0,0.0,0.0,0.0,0.0,0.0,0.0,0.0,0.0,0
5285.KL,6/5/2023,0.0,0.0,0.0,0.0,0.0,0.0,0.0,0.0,0.0,0
5285.KL,6/5/2024,0.0,0.0,0.0,0.0,0.0,0.0,0.0,0.0,0.0,0
5285.KL,6/5/2025,0.0,0.0,0.0,0.0,0.0,0.0,0.0,0.0,0.0,0
5285.KL,6/6/2020,0.0,0.0,0.0,0.0,0.0,0.0,0.0,0.0,0.0,0
5285.KL,6/6/2021,0.0,0.0,0.0,0.0,0.0,0.0,0.0,0.0,0.0,0
5285.KL,6/6/2022,0.0,0.0,0.0,0.0,0.0,0.0,0.0,0.0,0.0,0
5285.KL,6/6/2023,0.0,0.0,0.0,0.0,0.0,0.0,0.0,0.0,0.0,0
5285.KL,6/6/2024,0.141061,0.170645,0.79977,0.029584,1.0,0.0,0.0,0.141061,0.79977,1
5285.KL,6/6/2025,0.0,0.0,0.0,0.0,0.0,0.0,0.0,0.0,0.0,0
5285.KL,6/7/2020,0.0,0.0,0.0,0.0,0.0,0.0,0.0,0.0,0.0,0
5285.KL,6/7/2021,0.0,0.0,0.0,0.0,0.0,0.0,0.0,0.0,0.0,0
5285.KL,6/7/2022,0.0,0.0,0.0,0.0,0.0,0.0,0.0,0.0,0.0,0
5285.KL,6/7/2023,0.0,0.0,0.0,0.0,0.0,0.0,0.0,0.0,0.0,0
5285.KL,6/7/2024,0.0,0.0,0.0,0.0,0.0,0.0,0.0,0.0,0.0,0
5285.KL,6/7/2025,0.0,0.0,0.0,0.0,0.0,0.0,0.0,0.0,0.0,0
5285.KL,6/8/2020,0.0,0.0,0.0,0.0,0.0,0.0,0.0,0.0,0.0,0
5285.KL,6/8/2021,0.0,0.0,0.0,0.0,0.0,0.0,0.0,0.0,0.0,0
5285.KL,6/8/2022,0.0,0.0,0.0,0.0,0.0,0.0,0.0,0.0,0.0,0
5285.KL,6/8/2023,0.0,0.0,0.0,0.0,0.0,0.0,0.0,0.0,0.0,0
5285.KL,6/8/2024,0.0,0.0,0.0,0.0,0.0,0.0,0.0,0.0,0.0,0
5285.KL,6/8/2025,0.0,0.0,0.0,0.0,0.0,0.0,0.0,0.0,0.0,0
5285.KL,6/9/2020,0.0,0.0,0.0,0.0,0.0,0.0,0.0,0.0,0.0,0
5285.KL,6/9/2021,0.0,0.0,0.0,0.0,0.0,0.0,0.0,0.0,0.0,0
5285.KL,6/9/2022,0.0,0.0,0.0,0.0,0.0,0.0,0.0,0.0,0.0,0
5285.KL,6/9/2023,0.0,0.0,0.0,0.0,0.0,0.0,0.0,0.0,0.0,0
5285.KL,6/9/2024,0.0,0.0,0.0,0.0,0.0,0.0,0.0,0.0,0.0,0
5285.KL,6/9/2025,0.0,0.0,0.0,0.0,0.0,0.0,0.0,0.0,0.0,0
5285.KL,7/1/2020,0.0,0.0,0.0,0.0,0.0,0.0,0.0,0.0,0.0,0
5285.KL,7/1/2021,0.0,0.0,0.0,0.0,0.0,0.0,0.0,0.0,0.0,0
5285.KL,7/1/2022,0.0,0.0,0.0,0.0,0.0,0.0,0.0,0.0,0.0,0
5285.KL,7/1/2023,0.0,0.0,0.0,0.0,0.0,0.0,0.0,0.0,0.0,0
5285.KL,7/1/2024,0.0,0.0,0.0,0.0,0.0,0.0,0.0,0.0,0.0,0
5285.KL,7/1/2025,0.0,0.0,0.0,0.0,0.0,0.0,0.0,0.0,0.0,0
5285.KL,7/1/2026,0.0,0.0,0.0,0.0,0.0,0.0,0.0,0.0,0.0,0
5285.KL,7/10/2020,0.0,0.0,0.0,0.0,0.0,0.0,0.0,0.0,0.0,0
5285.KL,7/10/2021,0.0,0.0,0.0,0.0,0.0,0.0,0.0,0.0,0.0,0
5285.KL,7/10/2022,0.0,0.0,0.0,0.0,0.0,0.0,0.0,0.0,0.0,0
5285.KL,7/10/2023,0.0,0.0,0.0,0.0,0.0,0.0,0.0,0.0,0.0,0
5285.KL,7/10/2024,0.0,0.0,0.0,0.0,0.0,0.0,0.0,0.0,0.0,0
5285.KL,7/10/2025,0.0,0.0,0.0,0.0,0.0,0.0,0.0,0.0,0.0,0
5285.KL,7/11/2020,0.0,0.0,0.0,0.0,0.0,0.0,0.0,0.0,0.0,0
5285.KL,7/11/2021,0.0,0.0,0.0,0.0,0.0,0.0,0.0,0.0,0.0,0
5285.KL,7/11/2022,0.0,0.0,0.0,0.0,0.0,0.0,0.0,0.0,0.0,0
5285.KL,7/11/2023,0.0,0.0,0.0,0.0,0.0,0.0,0.0,0.0,0.0,0
5285.KL,7/11/2024,0.0,0.0,0.0,0.0,0.0,0.0,0.0,0.0,0.0,0
5285.KL,7/11/2025,0.159247,0.166202,0.826842,0.006956,1.0,0.0,0.0,0.159247,0.826842,1
5285.KL,7/12/2020,0.0,0.0,0.0,0.0,0.0,0.0,0.0,0.0,0.0,0
5285.KL,7/12/2021,0.0,0.0,0.0,0.0,0.0,0.0,0.0,0.0,0.0,0
5285.KL,7/12/2022,0.0,0.0,0.0,0.0,0.0,0.0,0.0,0.0,0.0,0
5285.KL,7/12/2023,0.0,0.0,0.0,0.0,0.0,0.0,0.0,0.0,0.0,0
5285.KL,7/12/2024,-0.343584,0.103159,0.450099,0.446743,0.0,0.0,1.0,0.343584,0.450099,1
5285.KL,7/12/2025,0.028656,0.047156,0.934344,0.0185,0.0,1.0,0.0,0.028656,0.934344,1
5285.KL,7/2/2020,0.0,0.0,0.0,0.0,0.0,0.0,0.0,0.0,0.0,0
5285.KL,7/2/2021,0.0,0.0,0.0,0.0,0.0,0.0,0.0,0.0,0.0,0
5285.KL,7/2/2022,0.0,0.0,0.0,0.0,0.0,0.0,0.0,0.0,0.0,0
5285.KL,7/2/2023,0.0,0.0,0.0,0.0,0.0,0.0,0.0,0.0,0.0,0
5285.KL,7/2/2024,0.0,0.0,0.0,0.0,0.0,0.0,0.0,0.0,0.0,0
5285.KL,7/2/2025,0.0,0.0,0.0,0.0,0.0,0.0,0.0,0.0,0.0,0
5285.KL,7/2/2026,0.0,0.0,0.0,0.0,0.0,0.0,0.0,0.0,0.0,0
5285.KL,7/3/2020,0.0,0.0,0.0,0.0,0.0,0.0,0.0,0.0,0.0,0
5285.KL,7/3/2021,0.0,0.0,0.0,0.0,0.0,0.0,0.0,0.0,0.0,0
5285.KL,7/3/2022,0.0,0.0,0.0,0.0,0.0,0.0,0.0,0.0,0.0,0
5285.KL,7/3/2023,0.0,0.0,0.0,0.0,0.0,0.0,0.0,0.0,0.0,0
5285.KL,7/3/2024,0.0,0.0,0.0,0.0,0.0,0.0,0.0,0.0,0.0,0
5285.KL,7/3/2025,0.0,0.0,0.0,0.0,0.0,0.0,0.0,0.0,0.0,0
5285.KL,7/3/2026,0.0,0.0,0.0,0.0,0.0,0.0,0.0,0.0,0.0,0
5285.KL,7/4/2020,0.0,0.0,0.0,0.0,0.0,0.0,0.0,0.0,0.0,0
5285.KL,7/4/2021,0.0,0.0,0.0,0.0,0.0,0.0,0.0,0.0,0.0,0
5285.KL,7/4/2022,0.0,0.0,0.0,0.0,0.0,0.0,0.0,0.0,0.0,0
5285.KL,7/4/2023,0.0,0.0,0.0,0.0,0.0,0.0,0.0,0.0,0.0,0
5285.KL,7/4/2024,0.0,0.0,0.0,0.0,0.0,0.0,0.0,0.0,0.0,0
5285.KL,7/4/2025,0.0,0.0,0.0,0.0,0.0,0.0,0.0,0.0,0.0,0
5285.KL,7/5/2020,0.0,0.0,0.0,0.0,0.0,0.0,0.0,0.0,0.0,0
5285.KL,7/5/2021,0.0,0.0,0.0,0.0,0.0,0.0,0.0,0.0,0.0,0
5285.KL,7/5/2022,0.0,0.0,0.0,0.0,0.0,0.0,0.0,0.0,0.0,0
5285.KL,7/5/2023,0.0,0.0,0.0,0.0,0.0,0.0,0.0,0.0,0.0,0
5285.KL,7/5/2024,0.0,0.0,0.0,0.0,0.0,0.0,0.0,0.0,0.0,0
5285.KL,7/5/2025,0.0,0.0,0.0,0.0,0.0,0.0,0.0,0.0,0.0,0
5285.KL,7/6/2020,0.0,0.0,0.0,0.0,0.0,0.0,0.0,0.0,0.0,0
5285.KL,7/6/2021,0.0,0.0,0.0,0.0,0.0,0.0,0.0,0.0,0.0,0
5285.KL,7/6/2022,0.0,0.0,0.0,0.0,0.0,0.0,0.0,0.0,0.0,0
5285.KL,7/6/2023,0.0,0.0,0.0,0.0,0.0,0.0,0.0,0.0,0.0,0
5285.KL,7/6/2024,0.0,0.0,0.0,0.0,0.0,0.0,0.0,0.0,0.0,0
5285.KL,7/6/2025,0.0,0.0,0.0,0.0,0.0,0.0,0.0,0.0,0.0,0
5285.KL,7/7/2020,0.0,0.0,0.0,0.0,0.0,0.0,0.0,0.0,0.0,0
5285.KL,7/7/2021,0.0,0.0,0.0,0.0,0.0,0.0,0.0,0.0,0.0,0
5285.KL,7/7/2022,0.0,0.0,0.0,0.0,0.0,0.0,0.0,0.0,0.0,0
5285.KL,7/7/2023,0.0,0.0,0.0,0.0,0.0,0.0,0.0,0.0,0.0,0
5285.KL,7/7/2024,0.0,0.0,0.0,0.0,0.0,0.0,0.0,0.0,0.0,0
5285.KL,7/7/2025,0.0,0.0,0.0,0.0,0.0,0.0,0.0,0.0,0.0,0
5285.KL,7/8/2020,0.0,0.0,0.0,0.0,0.0,0.0,0.0,0.0,0.0,0
5285.KL,7/8/2021,0.0,0.0,0.0,0.0,0.0,0.0,0.0,0.0,0.0,0
5285.KL,7/8/2022,0.0,0.0,0.0,0.0,0.0,0.0,0.0,0.0,0.0,0
5285.KL,7/8/2023,0.0,0.0,0.0,0.0,0.0,0.0,0.0,0.0,0.0,0
5285.KL,7/8/2024,0.0,0.0,0.0,0.0,0.0,0.0,0.0,0.0,0.0,0
5285.KL,7/8/2025,0.0,0.0,0.0,0.0,0.0,0.0,0.0,0.0,0.0,0
5285.KL,7/9/2020,0.0,0.0,0.0,0.0,0.0,0.0,0.0,0.0,0.0,0
5285.KL,7/9/2021,0.0,0.0,0.0,0.0,0.0,0.0,0.0,0.0,0.0,0
5285.KL,7/9/2022,0.0,0.0,0.0,0.0,0.0,0.0,0.0,0.0,0.0,0
5285.KL,7/9/2023,0.0,0.0,0.0,0.0,0.0,0.0,0.0,0.0,0.0,0
5285.KL,7/9/2024,0.0,0.0,0.0,0.0,0.0,0.0,0.0,0.0,0.0,0
5285.KL,7/9/2025,0.0,0.0,0.0,0.0,0.0,0.0,0.0,0.0,0.0,0
5285.KL,8/1/2020,0.0,0.0,0.0,0.0,0.0,0.0,0.0,0.0,0.0,0
5285.KL,8/1/2021,0.0,0.0,0.0,0.0,0.0,0.0,0.0,0.0,0.0,0
5285.KL,8/1/2022,0.0,0.0,0.0,0.0,0.0,0.0,0.0,0.0,0.0,0
5285.KL,8/1/2023,0.0,0.0,0.0,0.0,0.0,0.0,0.0,0.0,0.0,0
5285.KL,8/1/2024,0.0,0.0,0.0,0.0,0.0,0.0,0.0,0.0,0.0,0
5285.KL,8/1/2025,0.0,0.0,0.0,0.0,0.0,0.0,0.0,0.0,0.0,0
5285.KL,8/1/2026,0.0,0.0,0.0,0.0,0.0,0.0,0.0,0.0,0.0,0
5285.KL,8/10/2020,0.0,0.0,0.0,0.0,0.0,0.0,0.0,0.0,0.0,0
5285.KL,8/10/2021,0.0,0.0,0.0,0.0,0.0,0.0,0.0,0.0,0.0,0
5285.KL,8/10/2022,0.0,0.0,0.0,0.0,0.0,0.0,0.0,0.0,0.0,0
5285.KL,8/10/2023,0.0,0.0,0.0,0.0,0.0,0.0,0.0,0.0,0.0,0
5285.KL,8/10/2024,0.0,0.0,0.0,0.0,0.0,0.0,0.0,0.0,0.0,0
5285.KL,8/10/2025,0.0,0.0,0.0,0.0,0.0,0.0,0.0,0.0,0.0,0
5285.KL,8/11/2020,0.0,0.0,0.0,0.0,0.0,0.0,0.0,0.0,0.0,0
5285.KL,8/11/2021,0.0,0.0,0.0,0.0,0.0,0.0,0.0,0.0,0.0,0
5285.KL,8/11/2022,0.0,0.0,0.0,0.0,0.0,0.0,0.0,0.0,0.0,0
5285.KL,8/11/2023,0.0,0.0,0.0,0.0,0.0,0.0,0.0,0.0,0.0,0
5285.KL,8/11/2024,0.0,0.0,0.0,0.0,0.0,0.0,0.0,0.0,0.0,0
5285.KL,8/11/2025,0.0,0.0,0.0,0.0,0.0,0.0,0.0,0.0,0.0,0
5285.KL,8/12/2020,0.0,0.0,0.0,0.0,0.0,0.0,0.0,0.0,0.0,0
5285.KL,8/12/2021,0.0,0.0,0.0,0.0,0.0,0.0,0.0,0.0,0.0,0
5285.KL,8/12/2022,0.0,0.0,0.0,0.0,0.0,0.0,0.0,0.0,0.0,0
5285.KL,8/12/2023,0.0,0.0,0.0,0.0,0.0,0.0,0.0,0.0,0.0,0
5285.KL,8/12/2024,0.0,0.0,0.0,0.0,0.0,0.0,0.0,0.0,0.0,0
5285.KL,8/12/2025,0.0,0.0,0.0,0.0,0.0,0.0,0.0,0.0,0.0,0
5285.KL,8/2/2020,0.0,0.0,0.0,0.0,0.0,0.0,0.0,0.0,0.0,0
5285.KL,8/2/2021,0.0,0.0,0.0,0.0,0.0,0.0,0.0,0.0,0.0,0
5285.KL,8/2/2022,0.0,0.0,0.0,0.0,0.0,0.0,0.0,0.0,0.0,0
5285.KL,8/2/2023,0.0,0.0,0.0,0.0,0.0,0.0,0.0,0.0,0.0,0
5285.KL,8/2/2024,0.0,0.0,0.0,0.0,0.0,0.0,0.0,0.0,0.0,0
5285.KL,8/2/2025,0.0,0.0,0.0,0.0,0.0,0.0,0.0,0.0,0.0,0
5285.KL,8/2/2026,0.0,0.0,0.0,0.0,0.0,0.0,0.0,0.0,0.0,0
5285.KL,8/3/2020,0.0,0.0,0.0,0.0,0.0,0.0,0.0,0.0,0.0,0
5285.KL,8/3/2021,0.0,0.0,0.0,0.0,0.0,0.0,0.0,0.0,0.0,0
5285.KL,8/3/2022,0.0,0.0,0.0,0.0,0.0,0.0,0.0,0.0,0.0,0
5285.KL,8/3/2023,0.0,0.0,0.0,0.0,0.0,0.0,0.0,0.0,0.0,0
5285.KL,8/3/2024,0.0,0.0,0.0,0.0,0.0,0.0,0.0,0.0,0.0,0
5285.KL,8/3/2025,0.0,0.0,0.0,0.0,0.0,0.0,0.0,0.0,0.0,0
5285.KL,8/3/2026,0.0,0.0,0.0,0.0,0.0,0.0,0.0,0.0,0.0,0
5285.KL,8/4/2020,0.0,0.0,0.0,0.0,0.0,0.0,0.0,0.0,0.0,0
5285.KL,8/4/2021,0.0,0.0,0.0,0.0,0.0,0.0,0.0,0.0,0.0,0
5285.KL,8/4/2022,0.0,0.0,0.0,0.0,0.0,0.0,0.0,0.0,0.0,0
5285.KL,8/4/2023,0.0,0.0,0.0,0.0,0.0,0.0,0.0,0.0,0.0,0
5285.KL,8/4/2024,0.0,0.0,0.0,0.0,0.0,0.0,0.0,0.0,0.0,0
5285.KL,8/4/2025,0.0,0.0,0.0,0.0,0.0,0.0,0.0,0.0,0.0,0
5285.KL,8/5/2020,0.0,0.0,0.0,0.0,0.0,0.0,0.0,0.0,0.0,0
5285.KL,8/5/2021,0.0,0.0,0.0,0.0,0.0,0.0,0.0,0.0,0.0,0
5285.KL,8/5/2022,0.0,0.0,0.0,0.0,0.0,0.0,0.0,0.0,0.0,0
5285.KL,8/5/2023,0.0,0.0,0.0,0.0,0.0,0.0,0.0,0.0,0.0,0
5285.KL,8/5/2024,0.0,0.0,0.0,0.0,0.0,0.0,0.0,0.0,0.0,0
5285.KL,8/5/2025,0.170342,0.257673,0.654996,0.087331,0.333333,0.666667,0.0,0.174185,0.778117,3
5285.KL,8/6/2020,0.0,0.0,0.0,0.0,0.0,0.0,0.0,0.0,0.0,0
5285.KL,8/6/2021,0.0,0.0,0.0,0.0,0.0,0.0,0.0,0.0,0.0,0
5285.KL,8/6/2022,0.0,0.0,0.0,0.0,0.0,0.0,0.0,0.0,0.0,0
5285.KL,8/6/2023,0.0,0.0,0.0,0.0,0.0,0.0,0.0,0.0,0.0,0
5285.KL,8/6/2024,0.0,0.0,0.0,0.0,0.0,0.0,0.0,0.0,0.0,0
5285.KL,8/6/2025,0.0,0.0,0.0,0.0,0.0,0.0,0.0,0.0,0.0,0
5285.KL,8/7/2020,0.0,0.0,0.0,0.0,0.0,0.0,0.0,0.0,0.0,0
5285.KL,8/7/2021,0.0,0.0,0.0,0.0,0.0,0.0,0.0,0.0,0.0,0
5285.KL,8/7/2022,0.0,0.0,0.0,0.0,0.0,0.0,0.0,0.0,0.0,0
5285.KL,8/7/2023,0.0,0.0,0.0,0.0,0.0,0.0,0.0,0.0,0.0,0
5285.KL,8/7/2024,0.0,0.0,0.0,0.0,0.0,0.0,0.0,0.0,0.0,0
5285.KL,8/7/2025,0.0,0.0,0.0,0.0,0.0,0.0,0.0,0.0,0.0,0
5285.KL,8/8/2020,0.0,0.0,0.0,0.0,0.0,0.0,0.0,0.0,0.0,0
5285.KL,8/8/2021,0.0,0.0,0.0,0.0,0.0,0.0,0.0,0.0,0.0,0
5285.KL,8/8/2022,0.0,0.0,0.0,0.0,0.0,0.0,0.0,0.0,0.0,0
5285.KL,8/8/2023,0.0,0.0,0.0,0.0,0.0,0.0,0.0,0.0,0.0,0
5285.KL,8/8/2024,0.0,0.0,0.0,0.0,0.0,0.0,0.0,0.0,0.0,0
5285.KL,8/8/2025,0.046635,0.058559,0.929518,0.011924,0.0,1.0,0.0,0.046635,0.929518,1
5285.KL,8/9/2020,0.0,0.0,0.0,0.0,0.0,0.0,0.0,0.0,0.0,0
5285.KL,8/9/2021,0.0,0.0,0.0,0.0,0.0,0.0,0.0,0.0,0.0,0
5285.KL,8/9/2022,0.0,0.0,0.0,0.0,0.0,0.0,0.0,0.0,0.0,0
5285.KL,8/9/2023,0.0,0.0,0.0,0.0,0.0,0.0,0.0,0.0,0.0,0
5285.KL,8/9/2024,0.0,0.0,0.0,0.0,0.0,0.0,0.0,0.0,0.0,0
5285.KL,8/9/2025,0.0,0.0,0.0,0.0,0.0,0.0,0.0,0.0,0.0,0
5285.KL,9/1/2020,0.0,0.0,0.0,0.0,0.0,0.0,0.0,0.0,0.0,0
5285.KL,9/1/2021,0.0,0.0,0.0,0.0,0.0,0.0,0.0,0.0,0.0,0
5285.KL,9/1/2022,0.0,0.0,0.0,0.0,0.0,0.0,0.0,0.0,0.0,0
5285.KL,9/1/2023,0.0,0.0,0.0,0.0,0.0,0.0,0.0,0.0,0.0,0
5285.KL,9/1/2024,0.0,0.0,0.0,0.0,0.0,0.0,0.0,0.0,0.0,0
5285.KL,9/1/2025,0.0,0.0,0.0,0.0,0.0,0.0,0.0,0.0,0.0,0
5285.KL,9/1/2026,0.917099,0.928231,0.060637,0.011132,1.0,0.0,0.0,0.917099,0.928231,1
5285.KL,9/10/2020,0.0,0.0,0.0,0.0,0.0,0.0,0.0,0.0,0.0,0
5285.KL,9/10/2021,0.0,0.0,0.0,0.0,0.0,0.0,0.0,0.0,0.0,0
5285.KL,9/10/2022,0.0,0.0,0.0,0.0,0.0,0.0,0.0,0.0,0.0,0
5285.KL,9/10/2023,0.0,0.0,0.0,0.0,0.0,0.0,0.0,0.0,0.0,0
5285.KL,9/10/2024,0.0,0.0,0.0,0.0,0.0,0.0,0.0,0.0,0.0,0
5285.KL,9/10/2025,0.0,0.0,0.0,0.0,0.0,0.0,0.0,0.0,0.0,0
5285.KL,9/11/2020,0.0,0.0,0.0,0.0,0.0,0.0,0.0,0.0,0.0,0
5285.KL,9/11/2021,0.0,0.0,0.0,0.0,0.0,0.0,0.0,0.0,0.0,0
5285.KL,9/11/2022,0.0,0.0,0.0,0.0,0.0,0.0,0.0,0.0,0.0,0
5285.KL,9/11/2023,0.0,0.0,0.0,0.0,0.0,0.0,0.0,0.0,0.0,0
5285.KL,9/11/2024,0.0,0.0,0.0,0.0,0.0,0.0,0.0,0.0,0.0,0
5285.KL,9/11/2025,0.0,0.0,0.0,0.0,0.0,0.0,0.0,0.0,0.0,0
5285.KL,9/12/2020,0.0,0.0,0.0,0.0,0.0,0.0,0.0,0.0,0.0,0
5285.KL,9/12/2021,0.0,0.0,0.0,0.0,0.0,0.0,0.0,0.0,0.0,0
5285.KL,9/12/2022,0.0,0.0,0.0,0.0,0.0,0.0,0.0,0.0,0.0,0
5285.KL,9/12/2023,0.0,0.0,0.0,0.0,0.0,0.0,0.0,0.0,0.0,0
5285.KL,9/12/2024,0.0,0.0,0.0,0.0,0.0,0.0,0.0,0.0,0.0,0
5285.KL,9/12/2025,0.0,0.0,0.0,0.0,0.0,0.0,0.0,0.0,0.0,0
5285.KL,9/2/2020,0.0,0.0,0.0,0.0,0.0,0.0,0.0,0.0,0.0,0
5285.KL,9/2/2021,0.0,0.0,0.0,0.0,0.0,0.0,0.0,0.0,0.0,0
5285.KL,9/2/2022,0.0,0.0,0.0,0.0,0.0,0.0,0.0,0.0,0.0,0
5285.KL,9/2/2023,0.0,0.0,0.0,0.0,0.0,0.0,0.0,0.0,0.0,0
5285.KL,9/2/2024,0.0,0.0,0.0,0.0,0.0,0.0,0.0,0.0,0.0,0
5285.KL,9/2/2025,0.0,0.0,0.0,0.0,0.0,0.0,0.0,0.0,0.0,0
5285.KL,9/2/2026,0.0,0.0,0.0,0.0,0.0,0.0,0.0,0.0,0.0,0
5285.KL,9/3/2020,0.0,0.0,0.0,0.0,0.0,0.0,0.0,0.0,0.0,0
5285.KL,9/3/2021,0.0,0.0,0.0,0.0,0.0,0.0,0.0,0.0,0.0,0
5285.KL,9/3/2022,0.0,0.0,0.0,0.0,0.0,0.0,0.0,0.0,0.0,0
5285.KL,9/3/2023,0.0,0.0,0.0,0.0,0.0,0.0,0.0,0.0,0.0,0
5285.KL,9/3/2024,0.0,0.0,0.0,0.0,0.0,0.0,0.0,0.0,0.0,0
5285.KL,9/3/2025,0.0,0.0,0.0,0.0,0.0,0.0,0.0,0.0,0.0,0
5285.KL,9/3/2026,0.0,0.0,0.0,0.0,0.0,0.0,0.0,0.0,0.0,0
5285.KL,9/4/2020,0.0,0.0,0.0,0.0,0.0,0.0,0.0,0.0,0.0,0
5285.KL,9/4/2021,0.0,0.0,0.0,0.0,0.0,0.0,0.0,0.0,0.0,0
5285.KL,9/4/2022,0.0,0.0,0.0,0.0,0.0,0.0,0.0,0.0,0.0,0
5285.KL,9/4/2023,0.0,0.0,0.0,0.0,0.0,0.0,0.0,0.0,0.0,0
5285.KL,9/4/2024,0.0,0.0,0.0,0.0,0.0,0.0,0.0,0.0,0.0,0
5285.KL,9/4/2025,0.0,0.0,0.0,0.0,0.0,0.0,0.0,0.0,0.0,0
5285.KL,9/5/2020,0.0,0.0,0.0,0.0,0.0,0.0,0.0,0.0,0.0,0
5285.KL,9/5/2021,0.0,0.0,0.0,0.0,0.0,0.0,0.0,0.0,0.0,0
5285.KL,9/5/2022,0.0,0.0,0.0,0.0,0.0,0.0,0.0,0.0,0.0,0
5285.KL,9/5/2023,0.0,0.0,0.0,0.0,0.0,0.0,0.0,0.0,0.0,0
5285.KL,9/5/2024,0.0,0.0,0.0,0.0,0.0,0.0,0.0,0.0,0.0,0
5285.KL,9/5/2025,0.0,0.0,0.0,0.0,0.0,0.0,0.0,0.0,0.0,0
5285.KL,9/6/2020,0.0,0.0,0.0,0.0,0.0,0.0,0.0,0.0,0.0,0
5285.KL,9/6/2021,0.0,0.0,0.0,0.0,0.0,0.0,0.0,0.0,0.0,0
5285.KL,9/6/2022,0.0,0.0,0.0,0.0,0.0,0.0,0.0,0.0,0.0,0
5285.KL,9/6/2023,0.0,0.0,0.0,0.0,0.0,0.0,0.0,0.0,0.0,0
5285.KL,9/6/2024,0.0,0.0,0.0,0.0,0.0,0.0,0.0,0.0,0.0,0
5285.KL,9/6/2025,0.0,0.0,0.0,0.0,0.0,0.0,0.0,0.0,0.0,0
5285.KL,9/7/2020,0.0,0.0,0.0,0.0,0.0,0.0,0.0,0.0,0.0,0
5285.KL,9/7/2021,0.0,0.0,0.0,0.0,0.0,0.0,0.0,0.0,0.0,0
5285.KL,9/7/2022,0.0,0.0,0.0,0.0,0.0,0.0,0.0,0.0,0.0,0
5285.KL,9/7/2023,0.0,0.0,0.0,0.0,0.0,0.0,0.0,0.0,0.0,0
5285.KL,9/7/2024,0.0,0.0,0.0,0.0,0.0,0.0,0.0,0.0,0.0,0
5285.KL,9/7/2025,0.344575,0.355497,0.633581,0.010922,1.0,0.0,0.0,0.344575,0.674862,2
5285.KL,9/8/2020,0.0,0.0,0.0,0.0,0.0,0.0,0.0,0.0,0.0,0
5285.KL,9/8/2021,0.0,0.0,0.0,0.0,0.0,0.0,0.0,0.0,0.0,0
5285.KL,9/8/2022,0.0,0.0,0.0,0.0,0.0,0.0,0.0,0.0,0.0,0
5285.KL,9/8/2023,0.0,0.0,0.0,0.0,0.0,0.0,0.0,0.0,0.0,0
5285.KL,9/8/2024,0.0,0.0,0.0,0.0,0.0,0.0,0.0,0.0,0.0,0
5285.KL,9/8/2025,0.0,0.0,0.0,0.0,0.0,0.0,0.0,0.0,0.0,0
5285.KL,9/9/2020,0.0,0.0,0.0,0.0,0.0,0.0,0.0,0.0,0.0,0
5285.KL,9/9/2021,0.0,0.0,0.0,0.0,0.0,0.0,0.0,0.0,0.0,0
5285.KL,9/9/2022,0.0,0.0,0.0,0.0,0.0,0.0,0.0,0.0,0.0,0
5285.KL,9/9/2023,0.0,0.0,0.0,0.0,0.0,0.0,0.0,0.0,0.0,0
5285.KL,9/9/2024,0.0,0.0,0.0,0.0,0.0,0.0,0.0,0.0,0.0,0
5285.KL,9/9/2025,0.0,0.0,0.0,0.0,0.0,0.0,0.0,0.0,0.0,0
