ticker,trading_day,sentiment_score_title,prob_pos_title,prob_neu_title,prob_neg_title,dir_positive_title,dir_neutral_title,dir_negative_title,confidence_title,strength_title,article_count
5347.KL,1/1/2020,0.0,0.0,0.0,0.0,0.0,0.0,0.0,0.0,0.0,0
5347.KL,1/1/2021,-0.286524,0.233246,0.246985,0.51977,0.0,0.5,0.5,0.286524,0.55443,2
5347.KL,1/1/2022,-0.008131,0.021246,0.949377,0.029377,0.0,1.0,0.0,0.008131,0.949377,1
5347.KL,1/1/2023,0.0,0.0,0.0,0.0,0.0,0.0,0.0,0.0,0.0,0
5347.KL,1/1/2024,0.0,0.0,0.0,0.0,0.0,0.0,0.0,0.0,0.0,0
5347.KL,1/1/2025,-0.761893,0.102579,0.032948,0.864472,0.0,0.0,1.0,0.761893,0.864472,1
5347.KL,1/1/2026,-0.648216,0.160622,0.030539,0.808839,0.0,0.0,1.0,0.648216,0.808839,1
5347.KL,1/10/2020,0.0,0.0,0.0,0.0,0.0,0.0,0.0,0.0,0.0,0
5347.KL,1/10/2021,0.009123,0.046962,0.915199,0.037839,0.0,1.0,0.0,0.026906,0.915199,2
5347.KL,1/10/2022,-0.870365,0.014521,0.100594,0.884885,0.0,0.0,1.0,0.870365,0.884885,1
5347.KL,1/10/2023,0.0,0.0,0.0,0.0,0.0,0.0,0.0,0.0,0.0,0
5347.KL,1/10/2024,-0.01607,0.474114,0.035702,0.490184,0.5,0.0,0.5,0.936889,0.950593,2
5347.KL,1/10/2025,0.0,0.0,0.0,0.0,0.0,0.0,0.0,0.0,0.0,0
5347.KL,1/11/2020,0.0,0.0,0.0,0.0,0.0,0.0,0.0,0.0,0.0,0
5347.KL,1/11/2021,0.0,0.0,0.0,0.0,0.0,0.0,0.0,0.0,0.0,0
5347.KL,1/11/2022,0.0,0.0,0.0,0.0,0.0,0.0,0.0,0.0,0.0,0
5347.KL,1/11/2023,0.0,0.0,0.0,0.0,0.0,0.0,0.0,0.0,0.0,0
5347.KL,1/11/2024,-0.504535,0.040003,0.415458,0.544538,0.0,0.333333,0.666667,0.521145,0.855726,3
5347.KL,1/11/2025,0.923891,0.939054,0.045782,0.015163,1.0,0.0,0.0,0.923891,0.939054,1
5347.KL,1/12/2020,0.0,0.0,0.0,0.0,0.0,0.0,0.0,0.0,0.0,0
5347.KL,1/12/2021,0.038697,0.052715,0.933267,0.014018,0.0,1.0,0.0,0.038697,0.933267,2
5347.KL,1/12/2022,-0.078894,0.103415,0.714275,0.18231,0.0,1.0,0.0,0.078894,0.714275,1
5347.KL,1/12/2023,0.442511,0.493164,0.456182,0.050653,0.5,0.5,0.0,0.442511,0.885428,2
5347.KL,1/12/2024,-0.960501,0.008736,0.022027,0.969237,0.0,0.0,1.0,0.960501,0.969237,1
5347.KL,1/12/2025,0.795111,0.869049,0.057012,0.073939,1.0,0.0,0.0,0.795111,0.869049,1
5347.KL,1/2/2020,0.0,0.0,0.0,0.0,0.0,0.0,0.0,0.0,0.0,0
5347.KL,1/2/2021,0.0,0.0,0.0,0.0,0.0,0.0,0.0,0.0,0.0,0
5347.KL,1/2/2022,-0.879124,0.030082,0.060711,0.909207,0.0,0.0,1.0,0.879124,0.909207,1
5347.KL,1/2/2023,0.0,0.0,0.0,0.0,0.0,0.0,0.0,0.0,0.0,0
5347.KL,1/2/2024,0.492358,0.505623,0.481112,0.013265,0.5,0.5,0.0,0.492358,0.896542,2
5347.KL,1/2/2025,0.916247,0.944452,0.027343,0.028205,1.0,0.0,0.0,0.916247,0.944452,1
5347.KL,1/2/2026,0.0,0.0,0.0,0.0,0.0,0.0,0.0,0.0,0.0,0
5347.KL,1/3/2020,0.0,0.0,0.0,0.0,0.0,0.0,0.0,0.0,0.0,0
5347.KL,1/3/2021,0.326023,0.367249,0.591526,0.041225,0.5,0.5,0.0,0.326023,0.824526,2
5347.KL,1/3/2022,-0.805202,0.043173,0.108453,0.848374,0.0,0.0,1.0,0.805202,0.848374,2
5347.KL,1/3/2023,0.0,0.0,0.0,0.0,0.0,0.0,0.0,0.0,0.0,0
5347.KL,1/3/2024,-0.264064,0.151205,0.433527,0.415268,0.5,0.0,0.5,0.419203,0.810939,2
5347.KL,1/3/2025,0.050519,0.060885,0.92875,0.010366,0.0,1.0,0.0,0.050519,0.92875,1
5347.KL,1/3/2026,0.0,0.0,0.0,0.0,0.0,0.0,0.0,0.0,0.0,0
5347.KL,1/4/2020,-0.347705,0.179017,0.294261,0.526722,0.0,0.333333,0.666667,0.384041,0.770702,3
5347.KL,1/4/2021,0.877261,0.892658,0.091944,0.015398,1.0,0.0,0.0,0.877261,0.892658,1
5347.KL,1/4/2022,0.0,0.0,0.0,0.0,0.0,0.0,0.0,0.0,0.0,0
5347.KL,1/4/2023,0.0,0.0,0.0,0.0,0.0,0.0,0.0,0.0,0.0,0
5347.KL,1/4/2024,0.0,0.0,0.0,0.0,0.0,0.0,0.0,0.0,0.0,0
5347.KL,1/4/2025,0.909877,0.922687,0.064503,0.01281,1.0,0.0,0.0,0.909877,0.922687,1
5347.KL,1/5/2020,-0.082591,0.032585,0.852239,0.115176,0.0,1.0,0.0,0.082591,0.852239,1
5347.KL,1/5/2021,-0.908761,0.012823,0.065594,0.921583,0.0,0.0,1.0,0.908761,0.921583,1
5347.KL,1/5/2022,0.0,0.0,0.0,0.0,0.0,0.0,0.0,0.0,0.0,0
5347.KL,1/5/2023,0.0,0.0,0.0,0.0,0.0,0.0,0.0,0.0,0.0,0
5347.KL,1/5/2024,0.015357,0.052936,0.909485,0.037579,0.0,1.0,0.0,0.015357,0.909485,1
5347.KL,1/5/2025,0.064593,0.484164,0.096265,0.419571,0.5,0.0,0.5,0.871141,0.887438,2
5347.KL,1/6/2020,0.247364,0.268386,0.710593,0.021021,0.5,0.5,0.0,0.247364,0.710593,2
5347.KL,1/6/2021,-0.621548,0.164993,0.048467,0.78654,0.0,0.0,1.0,0.621548,0.78654,1
5347.KL,1/6/2022,-0.464825,0.02328,0.488615,0.488105,0.0,0.5,0.5,0.486375,0.953222,2
5347.KL,1/6/2023,-0.007099,0.321176,0.350549,0.328275,0.666667,0.0,0.333333,0.627529,0.891704,3
5347.KL,1/6/2024,0.0,0.0,0.0,0.0,0.0,0.0,0.0,0.0,0.0,0
5347.KL,1/6/2025,0.0,0.0,0.0,0.0,0.0,0.0,0.0,0.0,0.0,0
5347.KL,1/7/2020,0.507398,0.564238,0.378921,0.05684,0.666667,0.333333,0.0,0.507398,0.861668,3
5347.KL,1/7/2021,0.805345,0.822606,0.160132,0.017261,1.0,0.0,0.0,0.805345,0.822606,1
5347.KL,1/7/2022,0.072129,0.089303,0.893523,0.017174,0.0,1.0,0.0,0.072129,0.893523,1
5347.KL,1/7/2023,0.554109,0.565758,0.422593,0.011649,1.0,0.0,0.0,0.554109,0.792244,2
5347.KL,1/7/2024,0.417476,0.486809,0.443858,0.069333,0.5,0.5,0.0,0.482769,0.901433,2
5347.KL,1/7/2025,-0.174046,0.28947,0.247013,0.463516,0.5,0.0,0.5,0.675476,0.887725,4
5347.KL,1/8/2020,0.0,0.0,0.0,0.0,0.0,0.0,0.0,0.0,0.0,0
5347.KL,1/8/2021,0.0,0.0,0.0,0.0,0.0,0.0,0.0,0.0,0.0,0
5347.KL,1/8/2022,0.422607,0.435942,0.550722,0.013335,0.5,0.5,0.0,0.422607,0.882912,2
5347.KL,1/8/2023,0.795015,0.807653,0.17971,0.012637,1.0,0.0,0.0,0.795015,0.807653,1
5347.KL,1/8/2024,0.0,0.0,0.0,0.0,0.0,0.0,0.0,0.0,0.0,0
5347.KL,1/8/2025,-0.23086,0.094563,0.580013,0.325424,0.166667,0.5,0.333333,0.36725,0.861958,6
5347.KL,1/9/2020,-0.388383,0.041126,0.529364,0.429509,0.0,0.5,0.5,0.437106,0.886228,2
5347.KL,1/9/2021,0.0,0.0,0.0,0.0,0.0,0.0,0.0,0.0,0.0,0
5347.KL,1/9/2022,0.129849,0.139532,0.850784,0.009683,1.0,0.0,0.0,0.129849,0.850784,1
5347.KL,1/9/2023,0.0,0.0,0.0,0.0,0.0,0.0,0.0,0.0,0.0,0
5347.KL,1/9/2024,-0.080402,0.197914,0.523769,0.278317,0.0,1.0,0.0,0.080402,0.523769,1
5347.KL,1/9/2025,0.0,0.0,0.0,0.0,0.0,0.0,0.0,0.0,0.0,0
5347.KL,10/1/2020,-0.947323,0.016464,0.019749,0.963787,0.0,0.0,1.0,0.947323,0.963787,1
5347.KL,10/1/2021,0.0,0.0,0.0,0.0,0.0,0.0,0.0,0.0,0.0,0
5347.KL,10/1/2022,0.0,0.0,0.0,0.0,0.0,0.0,0.0,0.0,0.0,0
5347.KL,10/1/2023,-0.881056,0.010064,0.098816,0.89112,0.0,0.0,1.0,0.881056,0.89112,1
5347.KL,10/1/2024,0.0,0.0,0.0,0.0,0.0,0.0,0.0,0.0,0.0,0
5347.KL,10/1/2025,0.243963,0.481507,0.280949,0.237544,0.5,0.25,0.25,0.675126,0.925044,4
5347.KL,10/1/2026,0.0,0.0,0.0,0.0,0.0,0.0,0.0,0.0,0.0,0
5347.KL,10/10/2020,0.696334,0.743907,0.208521,0.047573,1.0,0.0,0.0,0.696334,0.743907,1
5347.KL,10/10/2021,0.0,0.0,0.0,0.0,0.0,0.0,0.0,0.0,0.0,0
5347.KL,10/10/2022,0.0,0.0,0.0,0.0,0.0,0.0,0.0,0.0,0.0,0
5347.KL,10/10/2023,0.000738,0.036299,0.928139,0.035561,0.0,1.0,0.0,0.027146,0.928139,2
5347.KL,10/10/2024,0.03691,0.272895,0.49112,0.235985,0.75,0.0,0.25,0.46256,0.758556,4
5347.KL,10/10/2025,-0.938679,0.010255,0.040811,0.948934,0.0,0.0,1.0,0.938679,0.948934,1
5347.KL,10/11/2020,0.04677,0.063546,0.919679,0.016775,0.0,1.0,0.0,0.04677,0.919679,1
5347.KL,10/11/2021,0.0,0.0,0.0,0.0,0.0,0.0,0.0,0.0,0.0,0
5347.KL,10/11/2022,0.0,0.0,0.0,0.0,0.0,0.0,0.0,0.0,0.0,0
5347.KL,10/11/2023,0.0,0.0,0.0,0.0,0.0,0.0,0.0,0.0,0.0,0
5347.KL,10/11/2024,0.0,0.0,0.0,0.0,0.0,0.0,0.0,0.0,0.0,0
5347.KL,10/11/2025,-0.263443,0.221558,0.293442,0.485,0.5,0.0,0.5,0.649873,0.728409,2
5347.KL,10/12/2020,-0.146429,0.379541,0.094489,0.52597,0.5,0.0,0.5,0.712387,0.808949,2
5347.KL,10/12/2021,-0.919101,0.015692,0.049514,0.934794,0.0,0.0,1.0,0.919101,0.934794,1
5347.KL,10/12/2022,0.135136,0.14439,0.846357,0.009254,1.0,0.0,0.0,0.135136,0.846357,1
5347.KL,10/12/2023,0.0,0.0,0.0,0.0,0.0,0.0,0.0,0.0,0.0,0
5347.KL,10/12/2024,0.058015,0.372071,0.313872,0.314057,0.4,0.2,0.4,0.623093,0.826135,5
5347.KL,10/12/2025,-0.454056,0.034966,0.476012,0.489022,0.0,0.5,0.5,0.498363,0.949122,2
5347.KL,10/2/2020,-0.888278,0.031374,0.048973,0.919653,0.0,0.0,1.0,0.888278,0.919653,2
5347.KL,10/2/2021,-0.508479,0.030084,0.431353,0.538563,0.0,0.0,1.0,0.508479,0.538563,1
5347.KL,10/2/2022,0.0,0.0,0.0,0.0,0.0,0.0,0.0,0.0,0.0,0
5347.KL,10/2/2023,0.0,0.0,0.0,0.0,0.0,0.0,0.0,0.0,0.0,0
5347.KL,10/2/2024,0.0,0.0,0.0,0.0,0.0,0.0,0.0,0.0,0.0,0
5347.KL,10/2/2025,0.900925,0.919697,0.061531,0.018772,1.0,0.0,0.0,0.900925,0.919697,1
5347.KL,10/2/2026,0.910924,0.935389,0.040146,0.024465,1.0,0.0,0.0,0.910924,0.935389,1
5347.KL,10/3/2020,0.0,0.0,0.0,0.0,0.0,0.0,0.0,0.0,0.0,0
5347.KL,10/3/2021,-0.053774,0.115422,0.715382,0.169196,0.0,1.0,0.0,0.053774,0.715382,1
5347.KL,10/3/2022,0.110913,0.12345,0.864014,0.012537,1.0,0.0,0.0,0.110913,0.864014,1
5347.KL,10/3/2023,0.048231,0.345117,0.357997,0.296886,0.5,0.25,0.25,0.547445,0.813286,4
5347.KL,10/3/2024,0.0,0.0,0.0,0.0,0.0,0.0,0.0,0.0,0.0,0
5347.KL,10/3/2025,-0.695201,0.026336,0.252127,0.721537,0.0,0.25,0.75,0.723078,0.949228,4
5347.KL,10/3/2026,0.297015,0.30749,0.682035,0.010475,0.333333,0.666667,0.0,0.297015,0.857467,3
5347.KL,10/4/2020,0.443742,0.484615,0.474512,0.040873,0.5,0.5,0.0,0.445163,0.913473,2
5347.KL,10/4/2021,-0.881507,0.014333,0.089826,0.89584,0.0,0.0,1.0,0.881507,0.89584,1
5347.KL,10/4/2022,0.048716,0.068831,0.911053,0.020115,0.0,1.0,0.0,0.048716,0.911053,1
5347.KL,10/4/2023,0.0,0.0,0.0,0.0,0.0,0.0,0.0,0.0,0.0,0
5347.KL,10/4/2024,0.0,0.0,0.0,0.0,0.0,0.0,0.0,0.0,0.0,0
5347.KL,10/4/2025,0.650813,0.704362,0.24209,0.053549,1.0,0.0,0.0,0.650813,0.704362,2
5347.KL,10/5/2020,0.0,0.0,0.0,0.0,0.0,0.0,0.0,0.0,0.0,0
5347.KL,10/5/2021,0.0,0.0,0.0,0.0,0.0,0.0,0.0,0.0,0.0,0
5347.KL,10/5/2022,0.0,0.0,0.0,0.0,0.0,0.0,0.0,0.0,0.0,0
5347.KL,10/5/2023,0.040871,0.063337,0.914197,0.022466,0.0,1.0,0.0,0.040871,0.914197,1
5347.KL,10/5/2024,0.0,0.0,0.0,0.0,0.0,0.0,0.0,0.0,0.0,0
5347.KL,10/5/2025,0.0,0.0,0.0,0.0,0.0,0.0,0.0,0.0,0.0,0
5347.KL,10/6/2020,-0.416552,0.271141,0.041166,0.687693,0.333333,0.0,0.666667,0.642302,0.800568,3
5347.KL,10/6/2021,0.0,0.0,0.0,0.0,0.0,0.0,0.0,0.0,0.0,0
5347.KL,10/6/2022,0.0,0.0,0.0,0.0,0.0,0.0,0.0,0.0,0.0,0
5347.KL,10/6/2023,-0.890851,0.022511,0.064127,0.913362,0.0,0.0,1.0,0.890851,0.913362,1
5347.KL,10/6/2024,0.0,0.0,0.0,0.0,0.0,0.0,0.0,0.0,0.0,0
5347.KL,10/6/2025,0.0,0.0,0.0,0.0,0.0,0.0,0.0,0.0,0.0,0
5347.KL,10/7/2020,0.414538,0.533376,0.347787,0.118837,1.0,0.0,0.0,0.414538,0.533376,1
5347.KL,10/7/2021,0.294733,0.305698,0.683338,0.010965,1.0,0.0,0.0,0.294733,0.683338,1
5347.KL,10/7/2022,0.0,0.0,0.0,0.0,0.0,0.0,0.0,0.0,0.0,0
5347.KL,10/7/2023,0.0,0.0,0.0,0.0,0.0,0.0,0.0,0.0,0.0,0
5347.KL,10/7/2024,0.220601,0.578605,0.063391,0.358004,0.666667,0.0,0.333333,0.858659,0.897634,3
5347.KL,10/7/2025,0.484978,0.49966,0.485657,0.014682,0.5,0.5,0.0,0.484978,0.944,2
5347.KL,10/8/2020,-0.039457,0.034219,0.892106,0.073676,0.0,0.5,0.5,0.075161,0.892106,2
5347.KL,10/8/2021,0.0,0.0,0.0,0.0,0.0,0.0,0.0,0.0,0.0,0
5347.KL,10/8/2022,0.0,0.0,0.0,0.0,0.0,0.0,0.0,0.0,0.0,0
5347.KL,10/8/2023,0.76413,0.776287,0.211557,0.012156,1.0,0.0,0.0,0.76413,0.776287,2
5347.KL,10/8/2024,0.0,0.0,0.0,0.0,0.0,0.0,0.0,0.0,0.0,0
5347.KL,10/8/2025,0.0,0.0,0.0,0.0,0.0,0.0,0.0,0.0,0.0,0
5347.KL,10/9/2020,0.108822,0.11995,0.868923,0.011128,1.0,0.0,0.0,0.108822,0.868923,1
5347.KL,10/9/2021,-0.036311,0.342646,0.278396,0.378958,0.0,1.0,0.0,0.036311,0.378958,1
5347.KL,10/9/2022,0.0,0.0,0.0,0.0,0.0,0.0,0.0,0.0,0.0,0
5347.KL,10/9/2023,0.0,0.0,0.0,0.0,0.0,0.0,0.0,0.0,0.0,0
5347.KL,10/9/2024,0.373724,0.433679,0.506366,0.059955,0.5,0.5,0.0,0.373724,0.88407,2
5347.KL,10/9/2025,0.17369,0.555098,0.063494,0.381408,0.666667,0.0,0.333333,0.695763,0.816135,3
5347.KL,11/1/2020,0.869212,0.88855,0.092112,0.019338,1.0,0.0,0.0,0.869212,0.88855,1
5347.KL,11/1/2021,-0.475784,0.024079,0.476059,0.499862,0.0,0.5,0.5,0.475784,0.933259,2
5347.KL,11/1/2022,0.0,0.0,0.0,0.0,0.0,0.0,0.0,0.0,0.0,0
5347.KL,11/1/2023,0.0,0.0,0.0,0.0,0.0,0.0,0.0,0.0,0.0,0
5347.KL,11/1/2024,0.0,0.0,0.0,0.0,0.0,0.0,0.0,0.0,0.0,0
5347.KL,11/1/2025,-0.29295,0.274916,0.157218,0.567866,0.5,0.0,0.5,0.576435,0.709609,2
5347.KL,11/1/2026,0.0,0.0,0.0,0.0,0.0,0.0,0.0,0.0,0.0,0
5347.KL,11/10/2020,0.0,0.0,0.0,0.0,0.0,0.0,0.0,0.0,0.0,0
5347.KL,11/10/2021,0.0,0.0,0.0,0.0,0.0,0.0,0.0,0.0,0.0,0
5347.KL,11/10/2022,0.0,0.0,0.0,0.0,0.0,0.0,0.0,0.0,0.0,0
5347.KL,11/10/2023,0.906591,0.933219,0.040152,0.026628,1.0,0.0,0.0,0.906591,0.933219,4
5347.KL,11/10/2024,0.0,0.0,0.0,0.0,0.0,0.0,0.0,0.0,0.0,0
5347.KL,11/10/2025,0.0,0.0,0.0,0.0,0.0,0.0,0.0,0.0,0.0,0
5347.KL,11/11/2020,0.509794,0.72093,0.067934,0.211136,1.0,0.0,0.0,0.509794,0.72093,1
5347.KL,11/11/2021,0.801571,0.808595,0.184381,0.007024,1.0,0.0,0.0,0.801571,0.808595,1
5347.KL,11/11/2022,0.917844,0.943218,0.031407,0.025374,1.0,0.0,0.0,0.917844,0.943218,1
5347.KL,11/11/2023,0.091001,0.103779,0.883443,0.012778,0.0,1.0,0.0,0.091001,0.883443,1
5347.KL,11/11/2024,-0.029184,0.408602,0.153612,0.437786,0.5,0.0,0.5,0.667374,0.756881,2
5347.KL,11/11/2025,0.900566,0.933606,0.033354,0.03304,1.0,0.0,0.0,0.900566,0.933606,1
5347.KL,11/12/2020,0.0,0.0,0.0,0.0,0.0,0.0,0.0,0.0,0.0,0
5347.KL,11/12/2021,0.0,0.0,0.0,0.0,0.0,0.0,0.0,0.0,0.0,0
5347.KL,11/12/2022,0.0,0.0,0.0,0.0,0.0,0.0,0.0,0.0,0.0,0
5347.KL,11/12/2023,0.0,0.0,0.0,0.0,0.0,0.0,0.0,0.0,0.0,0
5347.KL,11/12/2024,-0.950902,0.013191,0.022716,0.964093,0.0,0.0,1.0,0.950902,0.964093,1
5347.KL,11/12/2025,-0.098713,0.237837,0.425613,0.33655,0.333333,0.333333,0.333333,0.542186,0.856162,3
5347.KL,11/2/2020,0.264962,0.2793,0.706362,0.014338,1.0,0.0,0.0,0.264962,0.706362,1
5347.KL,11/2/2021,0.806022,0.884892,0.036238,0.07887,1.0,0.0,0.0,0.806022,0.884892,1
5347.KL,11/2/2022,0.326578,0.492814,0.340951,0.166235,0.5,0.0,0.5,0.562419,0.775852,2
5347.KL,11/2/2023,0.877756,0.891467,0.094822,0.013711,1.0,0.0,0.0,0.877756,0.891467,2
5347.KL,11/2/2024,0.0,0.0,0.0,0.0,0.0,0.0,0.0,0.0,0.0,0
5347.KL,11/2/2025,-0.92826,0.029035,0.013669,0.957295,0.0,0.0,1.0,0.92826,0.957295,1
5347.KL,11/2/2026,0.559133,0.579937,0.399259,0.020804,1.0,0.0,0.0,0.559133,0.579937,1
5347.KL,11/3/2020,0.0,0.0,0.0,0.0,0.0,0.0,0.0,0.0,0.0,0
5347.KL,11/3/2021,0.850299,0.864752,0.120794,0.014453,1.0,0.0,0.0,0.850299,0.864752,1
5347.KL,11/3/2022,-0.373376,0.082246,0.462131,0.455623,0.0,0.0,1.0,0.373376,0.462131,1
5347.KL,11/3/2023,0.019948,0.107995,0.803959,0.088047,0.0,1.0,0.0,0.019948,0.803959,1
5347.KL,11/3/2024,0.830332,0.841908,0.146515,0.011576,1.0,0.0,0.0,0.830332,0.841908,1
5347.KL,11/3/2025,0.091492,0.508912,0.073667,0.41742,0.5,0.0,0.5,0.832292,0.879312,2
5347.KL,11/3/2026,0.143128,0.171154,0.80082,0.028026,1.0,0.0,0.0,0.143128,0.80082,1
5347.KL,11/4/2020,0.0,0.0,0.0,0.0,0.0,0.0,0.0,0.0,0.0,0
5347.KL,11/4/2021,-0.647853,0.027886,0.296375,0.675739,0.0,0.0,1.0,0.647853,0.675739,1
5347.KL,11/4/2022,0.0,0.0,0.0,0.0,0.0,0.0,0.0,0.0,0.0,0
5347.KL,11/4/2023,0.0,0.0,0.0,0.0,0.0,0.0,0.0,0.0,0.0,0
5347.KL,11/4/2024,0.0,0.0,0.0,0.0,0.0,0.0,0.0,0.0,0.0,0
5347.KL,11/4/2025,0.780446,0.853941,0.072564,0.073495,1.0,0.0,0.0,0.780446,0.853941,1
5347.KL,11/5/2020,0.059431,0.081501,0.89643,0.02207,0.333333,0.666667,0.0,0.059431,0.89643,3
5347.KL,11/5/2021,0.0,0.0,0.0,0.0,0.0,0.0,0.0,0.0,0.0,0
5347.KL,11/5/2022,0.0,0.0,0.0,0.0,0.0,0.0,0.0,0.0,0.0,0
5347.KL,11/5/2023,-0.948602,0.014186,0.023026,0.962788,0.0,0.0,1.0,0.948602,0.962788,1
5347.KL,11/5/2024,0.0,0.0,0.0,0.0,0.0,0.0,0.0,0.0,0.0,0
5347.KL,11/5/2025,0.0,0.0,0.0,0.0,0.0,0.0,0.0,0.0,0.0,0
5347.KL,11/6/2020,0.104721,0.113611,0.877498,0.00889,1.0,0.0,0.0,0.104721,0.877498,1
5347.KL,11/6/2021,-0.472448,0.232125,0.063302,0.704573,0.0,0.0,1.0,0.472448,0.704573,1
5347.KL,11/6/2022,0.0,0.0,0.0,0.0,0.0,0.0,0.0,0.0,0.0,0
5347.KL,11/6/2023,0.0,0.0,0.0,0.0,0.0,0.0,0.0,0.0,0.0,0
5347.KL,11/6/2024,0.0,0.0,0.0,0.0,0.0,0.0,0.0,0.0,0.0,0
5347.KL,11/6/2025,0.746471,0.75773,0.231011,0.011259,1.0,0.0,0.0,0.746471,0.75773,2
5347.KL,11/7/2020,0.164734,0.198022,0.76869,0.033288,0.333333,0.666667,0.0,0.164734,0.76869,3
5347.KL,11/7/2021,0.0,0.0,0.0,0.0,0.0,0.0,0.0,0.0,0.0,0
5347.KL,11/7/2022,0.0,0.0,0.0,0.0,0.0,0.0,0.0,0.0,0.0,0
5347.KL,11/7/2023,0.865107,0.905087,0.054933,0.03998,1.0,0.0,0.0,0.865107,0.905087,1
5347.KL,11/7/2024,0.0,0.0,0.0,0.0,0.0,0.0,0.0,0.0,0.0,0
5347.KL,11/7/2025,0.888613,0.927914,0.032785,0.039301,1.0,0.0,0.0,0.888613,0.927914,1
5347.KL,11/8/2020,0.0,0.0,0.0,0.0,0.0,0.0,0.0,0.0,0.0,0
5347.KL,11/8/2021,0.0,0.0,0.0,0.0,0.0,0.0,0.0,0.0,0.0,0
5347.KL,11/8/2022,0.895963,0.907327,0.081308,0.011365,1.0,0.0,0.0,0.895963,0.907327,2
5347.KL,11/8/2023,0.01964,0.034973,0.949695,0.015332,0.0,1.0,0.0,0.01964,0.949695,1
5347.KL,11/8/2024,0.0,0.0,0.0,0.0,0.0,0.0,0.0,0.0,0.0,0
5347.KL,11/8/2025,0.466063,0.497461,0.471141,0.031398,0.666667,0.333333,0.0,0.466063,0.790162,3
5347.KL,11/9/2020,0.0,0.0,0.0,0.0,0.0,0.0,0.0,0.0,0.0,0
5347.KL,11/9/2021,0.146797,0.157545,0.831706,0.010749,1.0,0.0,0.0,0.146797,0.831706,2
5347.KL,11/9/2022,0.0,0.0,0.0,0.0,0.0,0.0,0.0,0.0,0.0,0
5347.KL,11/9/2023,0.0,0.0,0.0,0.0,0.0,0.0,0.0,0.0,0.0,0
5347.KL,11/9/2024,0.0,0.0,0.0,0.0,0.0,0.0,0.0,0.0,0.0,0
5347.KL,11/9/2025,0.184376,0.542708,0.098959,0.358332,0.666667,0.0,0.333333,0.704916,0.802979,3
5347.KL,12/1/2020,0.235339,0.250239,0.734861,0.0149,1.0,0.0,0.0,0.235339,0.734861,1
5347.KL,12/1/2021,0.0,0.0,0.0,0.0,0.0,0.0,0.0,0.0,0.0,0
5347.KL,12/1/2022,-0.942088,0.012784,0.032344,0.954872,0.0,0.0,1.0,0.942088,0.954872,1
5347.KL,12/1/2023,0.766748,0.777535,0.211679,0.010787,1.0,0.0,0.0,0.766748,0.777535,2
5347.KL,12/1/2024,-0.754668,0.044727,0.155877,0.799396,0.0,0.0,1.0,0.754668,0.799396,1
5347.KL,12/1/2025,0.0,0.0,0.0,0.0,0.0,0.0,0.0,0.0,0.0,0
5347.KL,12/1/2026,0.000637,0.476894,0.046849,0.476257,0.0,1.0,0.0,0.000637,0.476894,1
5347.KL,12/10/2020,0.0,0.0,0.0,0.0,0.0,0.0,0.0,0.0,0.0,0
5347.KL,12/10/2021,0.0,0.0,0.0,0.0,0.0,0.0,0.0,0.0,0.0,0
5347.KL,12/10/2022,0.0,0.0,0.0,0.0,0.0,0.0,0.0,0.0,0.0,0
5347.KL,12/10/2023,0.426744,0.450495,0.525754,0.023751,0.5,0.5,0.0,0.426744,0.895487,2
5347.KL,12/10/2024,0.0,0.0,0.0,0.0,0.0,0.0,0.0,0.0,0.0,0
5347.KL,12/10/2025,0.0,0.0,0.0,0.0,0.0,0.0,0.0,0.0,0.0,0
5347.KL,12/11/2020,-0.060898,0.309557,0.319988,0.370455,0.25,0.25,0.5,0.538565,0.831554,4
5347.KL,12/11/2021,0.468329,0.48415,0.50003,0.015821,1.0,0.0,0.0,0.468329,0.50003,1
5347.KL,12/11/2022,-0.692775,0.030218,0.246789,0.722993,0.0,0.0,1.0,0.692775,0.722993,1
5347.KL,12/11/2023,0.0,0.0,0.0,0.0,0.0,0.0,0.0,0.0,0.0,0
5347.KL,12/11/2024,0.867291,0.91598,0.03533,0.04869,1.0,0.0,0.0,0.867291,0.91598,1
5347.KL,12/11/2025,-0.41284,0.074584,0.437991,0.487425,0.5,0.0,0.5,0.536465,0.914603,2
5347.KL,12/12/2020,0.0,0.0,0.0,0.0,0.0,0.0,0.0,0.0,0.0,0
5347.KL,12/12/2021,0.0,0.0,0.0,0.0,0.0,0.0,0.0,0.0,0.0,0
5347.KL,12/12/2022,0.0,0.0,0.0,0.0,0.0,0.0,0.0,0.0,0.0,0
5347.KL,12/12/2023,-0.016169,0.031154,0.921523,0.047323,0.0,1.0,0.0,0.016169,0.921523,2
5347.KL,12/12/2024,-0.342121,0.296899,0.064082,0.639019,0.333333,0.0,0.666667,0.891184,0.913551,3
5347.KL,12/12/2025,0.889982,0.92781,0.034362,0.037828,1.0,0.0,0.0,0.889982,0.92781,2
5347.KL,12/2/2020,0.452164,0.464801,0.522562,0.012637,0.5,0.5,0.0,0.452164,0.883782,2
5347.KL,12/2/2021,0.068845,0.091622,0.8856,0.022778,0.5,0.5,0.0,0.068845,0.8856,2
5347.KL,12/2/2022,-0.917894,0.013983,0.054141,0.931876,0.0,0.0,1.0,0.917894,0.931876,1
5347.KL,12/2/2023,-0.328567,0.148232,0.37497,0.476798,0.0,0.0,1.0,0.328567,0.476798,1
5347.KL,12/2/2024,0.0,0.0,0.0,0.0,0.0,0.0,0.0,0.0,0.0,0
5347.KL,12/2/2025,0.121355,0.130531,0.860294,0.009176,1.0,0.0,0.0,0.121355,0.860294,1
5347.KL,12/2/2026,0.175104,0.518515,0.138075,0.34341,0.666667,0.0,0.333333,0.811028,0.836477,3
5347.KL,12/3/2020,0.305664,0.615459,0.074745,0.309796,0.666667,0.0,0.333333,0.857401,0.891328,3
5347.KL,12/3/2021,-0.936391,0.010786,0.042037,0.947177,0.0,0.0,1.0,0.936391,0.947177,1
5347.KL,12/3/2022,0.0,0.0,0.0,0.0,0.0,0.0,0.0,0.0,0.0,0
5347.KL,12/3/2023,0.424732,0.547787,0.329158,0.123055,0.666667,0.333333,0.0,0.424732,0.636777,3
5347.KL,12/3/2024,0.0,0.0,0.0,0.0,0.0,0.0,0.0,0.0,0.0,0
5347.KL,12/3/2025,-0.882517,0.044533,0.028416,0.927051,0.0,0.0,1.0,0.882517,0.927051,1
5347.KL,12/3/2026,0.01664,0.472738,0.071164,0.456098,0.5,0.0,0.5,0.812535,0.870686,2
5347.KL,12/4/2020,0.0,0.0,0.0,0.0,0.0,0.0,0.0,0.0,0.0,0
5347.KL,12/4/2021,0.0,0.0,0.0,0.0,0.0,0.0,0.0,0.0,0.0,0
5347.KL,12/4/2022,-0.036542,0.248416,0.466627,0.284958,0.5,0.0,0.5,0.477918,0.54636,2
5347.KL,12/4/2023,-0.034723,0.319339,0.326599,0.354062,0.333333,0.333333,0.333333,0.538199,0.875021,3
5347.KL,12/4/2024,0.0,0.0,0.0,0.0,0.0,0.0,0.0,0.0,0.0,0
5347.KL,12/4/2025,-0.88659,0.026422,0.060567,0.913011,0.0,0.0,1.0,0.88659,0.913011,1
5347.KL,12/5/2020,0.0,0.0,0.0,0.0,0.0,0.0,0.0,0.0,0.0,0
5347.KL,12/5/2021,0.0,0.0,0.0,0.0,0.0,0.0,0.0,0.0,0.0,0
5347.KL,12/5/2022,0.0,0.0,0.0,0.0,0.0,0.0,0.0,0.0,0.0,0
5347.KL,12/5/2023,-0.851176,0.065969,0.016886,0.917145,0.0,0.0,1.0,0.851176,0.917145,1
5347.KL,12/5/2024,0.0,0.0,0.0,0.0,0.0,0.0,0.0,0.0,0.0,0
5347.KL,12/5/2025,0.0,0.0,0.0,0.0,0.0,0.0,0.0,0.0,0.0,0
5347.KL,12/6/2020,0.0,0.0,0.0,0.0,0.0,0.0,0.0,0.0,0.0,0
5347.KL,12/6/2021,-0.130124,0.038166,0.793545,0.168289,0.0,0.0,1.0,0.130124,0.793545,1
5347.KL,12/6/2022,0.0,0.0,0.0,0.0,0.0,0.0,0.0,0.0,0.0,0
5347.KL,12/6/2023,0.624369,0.634923,0.354523,0.010554,1.0,0.0,0.0,0.624369,0.634923,1
5347.KL,12/6/2024,0.542687,0.751159,0.04037,0.208472,1.0,0.0,0.0,0.542687,0.751159,1
5347.KL,12/6/2025,0.708672,0.715991,0.276689,0.007319,1.0,0.0,0.0,0.708672,0.715991,1
5347.KL,12/7/2020,-0.852546,0.029913,0.087629,0.882459,0.0,0.0,1.0,0.852546,0.882459,1
5347.KL,12/7/2021,0.0,0.0,0.0,0.0,0.0,0.0,0.0,0.0,0.0,0
5347.KL,12/7/2022,0.0,0.0,0.0,0.0,0.0,0.0,0.0,0.0,0.0,0
5347.KL,12/7/2023,0.875,0.911309,0.052382,0.036309,1.0,0.0,0.0,0.875,0.911309,1
5347.KL,12/7/2024,-0.089232,0.431,0.048767,0.520232,0.5,0.0,0.5,0.854135,0.902684,2
5347.KL,12/7/2025,0.935985,0.950428,0.035128,0.014444,1.0,0.0,0.0,0.935985,0.950428,1
5347.KL,12/8/2020,0.0,0.0,0.0,0.0,0.0,0.0,0.0,0.0,0.0,0
5347.KL,12/8/2021,0.908902,0.915915,0.077072,0.007013,1.0,0.0,0.0,0.908902,0.915915,1
5347.KL,12/8/2022,0.037739,0.050469,0.936801,0.01273,0.0,1.0,0.0,0.037739,0.936801,1
5347.KL,12/8/2023,0.341691,0.401498,0.538696,0.059806,1.0,0.0,0.0,0.341691,0.672578,2
5347.KL,12/8/2024,0.351191,0.431264,0.488662,0.080073,0.5,0.5,0.0,0.351191,0.875101,2
5347.KL,12/8/2025,-0.12836,0.377351,0.116938,0.505711,0.5,0.0,0.5,0.768573,0.825817,2
5347.KL,12/9/2020,0.229237,0.24007,0.749097,0.010833,1.0,0.0,0.0,0.229237,0.749097,1
5347.KL,12/9/2021,0.0,0.0,0.0,0.0,0.0,0.0,0.0,0.0,0.0,0
5347.KL,12/9/2022,-0.012986,0.426753,0.133507,0.43974,0.0,1.0,0.0,0.012986,0.43974,1
5347.KL,12/9/2023,0.922562,0.935654,0.051254,0.013092,1.0,0.0,0.0,0.922562,0.935654,1
5347.KL,12/9/2024,-0.192583,0.044859,0.717698,0.237442,0.0,0.0,1.0,0.192583,0.717698,1
5347.KL,12/9/2025,0.527695,0.592842,0.342011,0.065147,1.0,0.0,0.0,0.527695,0.737119,2
5347.KL,13/1/2020,0.779117,0.85666,0.065797,0.077543,1.0,0.0,0.0,0.779117,0.85666,1
5347.KL,13/1/2021,-0.474136,0.071659,0.382547,0.545794,0.0,0.0,1.0,0.474136,0.695695,2
5347.KL,13/1/2022,0.0,0.0,0.0,0.0,0.0,0.0,0.0,0.0,0.0,0
5347.KL,13/1/2023,0.471138,0.629295,0.212547,0.158158,1.0,0.0,0.0,0.471138,0.648463,4
5347.KL,13/1/2024,0.042137,0.059122,0.923892,0.016986,0.0,1.0,0.0,0.042137,0.923892,2
5347.KL,13/1/2025,-9e-05,0.333241,0.333428,0.333331,0.333333,0.333333,0.333333,0.636856,0.944144,3
5347.KL,13/1/2026,0.827137,0.833813,0.159511,0.006676,1.0,0.0,0.0,0.827137,0.833813,1
5347.KL,13/10/2020,0.0,0.0,0.0,0.0,0.0,0.0,0.0,0.0,0.0,0
5347.KL,13/10/2021,0.0,0.0,0.0,0.0,0.0,0.0,0.0,0.0,0.0,0
5347.KL,13/10/2022,0.0,0.0,0.0,0.0,0.0,0.0,0.0,0.0,0.0,0
5347.KL,13/10/2023,-0.119029,0.226348,0.428274,0.345378,0.0,0.0,1.0,0.119029,0.428274,1
5347.KL,13/10/2024,0.0,0.0,0.0,0.0,0.0,0.0,0.0,0.0,0.0,0
5347.KL,13/10/2025,0.0,0.0,0.0,0.0,0.0,0.0,0.0,0.0,0.0,0
5347.KL,13/11/2020,0.0,0.0,0.0,0.0,0.0,0.0,0.0,0.0,0.0,0
5347.KL,13/11/2021,0.122359,0.157579,0.807201,0.03522,1.0,0.0,0.0,0.122359,0.807201,1
5347.KL,13/11/2022,0.0,0.0,0.0,0.0,0.0,0.0,0.0,0.0,0.0,0
5347.KL,13/11/2023,0.0,0.0,0.0,0.0,0.0,0.0,0.0,0.0,0.0,0
5347.KL,13/11/2024,-0.153529,0.076078,0.694315,0.229607,0.25,0.5,0.25,0.270841,0.899251,4
5347.KL,13/11/2025,-0.327372,0.313202,0.046224,0.640574,0.0,0.0,1.0,0.327372,0.640574,1
5347.KL,13/12/2020,0.0,0.0,0.0,0.0,0.0,0.0,0.0,0.0,0.0,0
5347.KL,13/12/2021,-0.704121,0.035816,0.224246,0.739937,0.0,0.0,1.0,0.704121,0.739937,1
5347.KL,13/12/2022,-0.42751,0.068732,0.435025,0.496243,0.0,0.0,1.0,0.42751,0.496243,1
5347.KL,13/12/2023,-0.218355,0.150049,0.481546,0.368404,0.0,0.5,0.5,0.304256,0.77414,2
5347.KL,13/12/2024,-0.550305,0.092336,0.265023,0.642641,0.0,0.25,0.75,0.579352,0.869776,4
5347.KL,13/12/2025,0.89364,0.930589,0.032462,0.036949,1.0,0.0,0.0,0.89364,0.930589,1
5347.KL,13/2/2020,0.0,0.0,0.0,0.0,0.0,0.0,0.0,0.0,0.0,0
5347.KL,13/2/2021,0.0,0.0,0.0,0.0,0.0,0.0,0.0,0.0,0.0,0
5347.KL,13/2/2022,0.0,0.0,0.0,0.0,0.0,0.0,0.0,0.0,0.0,0
5347.KL,13/2/2023,0.0,0.0,0.0,0.0,0.0,0.0,0.0,0.0,0.0,0
5347.KL,13/2/2024,0.925031,0.935774,0.053482,0.010743,1.0,0.0,0.0,0.925031,0.935774,1
5347.KL,13/2/2025,-0.117955,0.074266,0.733513,0.192221,0.0,0.666667,0.333333,0.150772,0.733513,3
5347.KL,13/2/2026,-0.326285,0.233538,0.20664,0.559822,0.333333,0.0,0.666667,0.700845,0.747103,3
5347.KL,13/3/2020,-0.422764,0.048538,0.48016,0.471302,0.0,0.5,0.5,0.48065,0.919028,2
5347.KL,13/3/2021,0.261791,0.290366,0.681059,0.028575,0.5,0.5,0.0,0.272131,0.753551,2
5347.KL,13/3/2022,0.058201,0.17369,0.710821,0.115489,0.25,0.5,0.25,0.229194,0.758334,4
5347.KL,13/3/2023,-0.37293,0.24017,0.14673,0.6131,0.333333,0.0,0.666667,0.48655,0.66991,3
5347.KL,13/3/2024,0.292981,0.322145,0.64869,0.029164,1.0,0.0,0.0,0.292981,0.839,4
5347.KL,13/3/2025,-0.198194,0.248515,0.304776,0.446709,0.25,0.25,0.5,0.332999,0.708259,4
5347.KL,13/3/2026,-0.305259,0.03475,0.625241,0.340009,0.0,0.5,0.5,0.344422,0.835041,4
5347.KL,13/4/2020,0.0,0.0,0.0,0.0,0.0,0.0,0.0,0.0,0.0,0
5347.KL,13/4/2021,0.058684,0.456821,0.145042,0.398137,0.5,0.0,0.5,0.829568,0.842263,2
5347.KL,13/4/2022,0.0,0.0,0.0,0.0,0.0,0.0,0.0,0.0,0.0,0
5347.KL,13/4/2023,0.068069,0.413865,0.24034,0.345795,0.75,0.0,0.25,0.532515,0.813588,4
5347.KL,13/4/2024,0.0,0.0,0.0,0.0,0.0,0.0,0.0,0.0,0.0,0
5347.KL,13/4/2025,-0.019146,0.040891,0.899071,0.060038,0.0,1.0,0.0,0.019146,0.899071,1
5347.KL,13/5/2020,-0.050411,0.448362,0.052864,0.498773,0.5,0.0,0.5,0.883037,0.915086,2
5347.KL,13/5/2021,0.0,0.0,0.0,0.0,0.0,0.0,0.0,0.0,0.0,0
5347.KL,13/5/2022,0.0,0.0,0.0,0.0,0.0,0.0,0.0,0.0,0.0,0
5347.KL,13/5/2023,0.043378,0.4893,0.064778,0.445922,0.5,0.0,0.5,0.831999,0.88361,2
5347.KL,13/5/2024,0.841161,0.853036,0.13509,0.011875,1.0,0.0,0.0,0.841161,0.853036,1
5347.KL,13/5/2025,0.90451,0.91404,0.07643,0.00953,1.0,0.0,0.0,0.90451,0.91404,1
5347.KL,13/6/2020,0.0,0.0,0.0,0.0,0.0,0.0,0.0,0.0,0.0,0
5347.KL,13/6/2021,0.0,0.0,0.0,0.0,0.0,0.0,0.0,0.0,0.0,0
5347.KL,13/6/2022,0.0,0.0,0.0,0.0,0.0,0.0,0.0,0.0,0.0,0
5347.KL,13/6/2023,0.914208,0.942225,0.029758,0.028017,1.0,0.0,0.0,0.914208,0.942225,1
5347.KL,13/6/2024,0.889943,0.927998,0.033947,0.038055,1.0,0.0,0.0,0.889943,0.927998,1
5347.KL,13/6/2025,0.821638,0.831678,0.158281,0.010041,1.0,0.0,0.0,0.821638,0.831678,2
5347.KL,13/7/2020,-0.628953,0.051683,0.267682,0.680635,0.0,0.0,1.0,0.628953,0.690895,2
5347.KL,13/7/2021,-0.645511,0.035356,0.283777,0.680867,0.0,0.0,1.0,0.645511,0.680867,1
5347.KL,13/7/2022,-0.335117,0.084589,0.495704,0.419707,0.0,0.333333,0.666667,0.385444,0.799221,3
5347.KL,13/7/2023,0.0,0.0,0.0,0.0,0.0,0.0,0.0,0.0,0.0,0
5347.KL,13/7/2024,-0.956087,0.007106,0.0297,0.963194,0.0,0.0,1.0,0.956087,0.963194,1
5347.KL,13/7/2025,0.0,0.0,0.0,0.0,0.0,0.0,0.0,0.0,0.0,0
5347.KL,13/8/2020,0.124298,0.486638,0.151022,0.36234,0.5,0.0,0.5,0.795881,0.822429,2
5347.KL,13/8/2021,0.0,0.0,0.0,0.0,0.0,0.0,0.0,0.0,0.0,0
5347.KL,13/8/2022,0.483846,0.494913,0.494021,0.011066,0.5,0.5,0.0,0.483846,0.922733,2
5347.KL,13/8/2023,0.0,0.0,0.0,0.0,0.0,0.0,0.0,0.0,0.0,0
5347.KL,13/8/2024,0.0,0.0,0.0,0.0,0.0,0.0,0.0,0.0,0.0,0
5347.KL,13/8/2025,0.2931,0.344053,0.604995,0.050953,0.4,0.6,0.0,0.293902,0.862752,5
5347.KL,13/9/2020,0.0,0.0,0.0,0.0,0.0,0.0,0.0,0.0,0.0,0
5347.KL,13/9/2021,0.0,0.0,0.0,0.0,0.0,0.0,0.0,0.0,0.0,0
5347.KL,13/9/2022,0.014992,0.424108,0.166777,0.409116,0.5,0.0,0.5,0.740668,0.786945,2
5347.KL,13/9/2023,0.705331,0.819314,0.066704,0.113982,1.0,0.0,0.0,0.705331,0.819314,1
5347.KL,13/9/2024,0.017438,0.060675,0.896089,0.043236,0.0,1.0,0.0,0.033286,0.896089,2
5347.KL,13/9/2025,0.0,0.0,0.0,0.0,0.0,0.0,0.0,0.0,0.0,0
5347.KL,14/1/2020,-0.389989,0.100466,0.409079,0.490455,0.5,0.0,0.5,0.53128,0.871164,2
5347.KL,14/1/2021,-0.430991,0.048816,0.471377,0.479807,0.0,0.5,0.5,0.498705,0.918301,2
5347.KL,14/1/2022,0.0,0.0,0.0,0.0,0.0,0.0,0.0,0.0,0.0,0
5347.KL,14/1/2023,-0.945411,0.009147,0.036294,0.954559,0.0,0.0,1.0,0.945411,0.954559,1
5347.KL,14/1/2024,0.033703,0.047935,0.937833,0.014232,0.0,1.0,0.0,0.033703,0.937833,1
5347.KL,14/1/2025,0.046664,0.058073,0.930517,0.011409,0.0,1.0,0.0,0.046664,0.930517,2
5347.KL,14/1/2026,0.553844,0.600578,0.352688,0.046734,0.666667,0.333333,0.0,0.553844,0.871241,3
5347.KL,14/10/2020,-0.959563,0.008333,0.02377,0.967896,0.0,0.0,1.0,0.959563,0.967896,1
5347.KL,14/10/2021,0.0,0.0,0.0,0.0,0.0,0.0,0.0,0.0,0.0,0
5347.KL,14/10/2022,0.11697,0.128244,0.860482,0.011274,1.0,0.0,0.0,0.11697,0.860482,1
5347.KL,14/10/2023,0.249356,0.473841,0.301673,0.224485,0.5,0.5,0.0,0.249356,0.539196,2
5347.KL,14/10/2024,0.0,0.0,0.0,0.0,0.0,0.0,0.0,0.0,0.0,0
5347.KL,14/10/2025,-0.366096,0.099859,0.434185,0.465956,0.25,0.25,0.5,0.533725,0.855009,4
5347.KL,14/11/2020,0.0,0.0,0.0,0.0,0.0,0.0,0.0,0.0,0.0,0
5347.KL,14/11/2021,0.0,0.0,0.0,0.0,0.0,0.0,0.0,0.0,0.0,0
5347.KL,14/11/2022,0.0,0.0,0.0,0.0,0.0,0.0,0.0,0.0,0.0,0
5347.KL,14/11/2023,0.0,0.0,0.0,0.0,0.0,0.0,0.0,0.0,0.0,0
5347.KL,14/11/2024,-0.634844,0.17067,0.023817,0.805514,0.0,0.0,1.0,0.634844,0.805514,1
5347.KL,14/11/2025,-0.592291,0.037995,0.331719,0.630286,0.0,0.333333,0.666667,0.627744,0.920354,3
5347.KL,14/12/2020,0.493295,0.561622,0.37005,0.068328,0.666667,0.333333,0.0,0.547197,0.795114,3
5347.KL,14/12/2021,0.910334,0.938315,0.033703,0.027981,1.0,0.0,0.0,0.910334,0.938315,1
5347.KL,14/12/2022,0.85374,0.867301,0.119139,0.01356,1.0,0.0,0.0,0.85374,0.867301,2
5347.KL,14/12/2023,0.0,0.0,0.0,0.0,0.0,0.0,0.0,0.0,0.0,0
5347.KL,14/12/2024,0.0,0.0,0.0,0.0,0.0,0.0,0.0,0.0,0.0,0
5347.KL,14/12/2025,0.0,0.0,0.0,0.0,0.0,0.0,0.0,0.0,0.0,0
5347.KL,14/2/2020,0.0,0.0,0.0,0.0,0.0,0.0,0.0,0.0,0.0,0
5347.KL,14/2/2021,-0.828292,0.033095,0.105519,0.861387,0.0,0.0,1.0,0.828292,0.861387,1
5347.KL,14/2/2022,0.0,0.0,0.0,0.0,0.0,0.0,0.0,0.0,0.0,0
5347.KL,14/2/2023,0.0,0.0,0.0,0.0,0.0,0.0,0.0,0.0,0.0,0
5347.KL,14/2/2024,-0.446212,0.029203,0.495381,0.475415,0.0,0.5,0.5,0.466067,0.943669,2
5347.KL,14/2/2025,-0.69858,0.0488,0.20382,0.74738,0.0,0.0,1.0,0.69858,0.74738,2
5347.KL,14/2/2026,0.197446,0.208934,0.779579,0.011488,0.5,0.5,0.0,0.197446,0.779579,2
5347.KL,14/3/2020,0.0,0.0,0.0,0.0,0.0,0.0,0.0,0.0,0.0,0
5347.KL,14/3/2021,0.353486,0.40494,0.543606,0.051454,1.0,0.0,0.0,0.353486,0.543606,1
5347.KL,14/3/2022,0.0,0.0,0.0,0.0,0.0,0.0,0.0,0.0,0.0,0
5347.KL,14/3/2023,0.053894,0.07002,0.913855,0.016125,0.0,1.0,0.0,0.053894,0.913855,1
5347.KL,14/3/2024,-0.293776,0.181562,0.343101,0.475338,0.333333,0.0,0.666667,0.419363,0.689564,3
5347.KL,14/3/2025,-0.06026,0.060354,0.819031,0.120614,0.0,1.0,0.0,0.06026,0.819031,2
5347.KL,14/3/2026,0.0,0.0,0.0,0.0,0.0,0.0,0.0,0.0,0.0,0
5347.KL,14/4/2020,0.450572,0.492822,0.464928,0.04225,0.5,0.5,0.0,0.450572,0.905348,2
5347.KL,14/4/2021,0.0,0.0,0.0,0.0,0.0,0.0,0.0,0.0,0.0,0
5347.KL,14/4/2022,0.0,0.0,0.0,0.0,0.0,0.0,0.0,0.0,0.0,0
5347.KL,14/4/2023,-0.400173,0.026145,0.547537,0.426318,0.0,0.0,1.0,0.400173,0.547537,1
5347.KL,14/4/2024,0.0,0.0,0.0,0.0,0.0,0.0,0.0,0.0,0.0,0
5347.KL,14/4/2025,0.044371,0.056164,0.932042,0.011794,0.0,1.0,0.0,0.044371,0.932042,1
5347.KL,14/5/2020,0.394682,0.637799,0.119084,0.243117,0.666667,0.0,0.333333,0.560409,0.720663,3
5347.KL,14/5/2021,0.0,0.0,0.0,0.0,0.0,0.0,0.0,0.0,0.0,0
5347.KL,14/5/2022,0.0,0.0,0.0,0.0,0.0,0.0,0.0,0.0,0.0,0
5347.KL,14/5/2023,0.0,0.0,0.0,0.0,0.0,0.0,0.0,0.0,0.0,0
5347.KL,14/5/2024,0.0,0.0,0.0,0.0,0.0,0.0,0.0,0.0,0.0,0
5347.KL,14/5/2025,-0.884129,0.023722,0.068427,0.907851,0.0,0.0,1.0,0.884129,0.907851,1
5347.KL,14/6/2020,0.0,0.0,0.0,0.0,0.0,0.0,0.0,0.0,0.0,0
5347.KL,14/6/2021,0.0,0.0,0.0,0.0,0.0,0.0,0.0,0.0,0.0,0
5347.KL,14/6/2022,-0.781085,0.015011,0.188892,0.796097,0.0,0.0,1.0,0.781085,0.796097,2
5347.KL,14/6/2023,0.003747,0.305959,0.39183,0.302211,0.25,0.25,0.5,0.413729,0.73734,4
5347.KL,14/6/2024,0.339325,0.353799,0.631728,0.014473,1.0,0.0,0.0,0.339325,0.631728,1
5347.KL,14/6/2025,0.4295,0.492864,0.443772,0.063364,0.666667,0.333333,0.0,0.4295,0.745287,3
5347.KL,14/7/2020,0.210397,0.237905,0.734587,0.027508,1.0,0.0,0.0,0.210397,0.734587,2
5347.KL,14/7/2021,0.0,0.0,0.0,0.0,0.0,0.0,0.0,0.0,0.0,0
5347.KL,14/7/2022,0.0,0.0,0.0,0.0,0.0,0.0,0.0,0.0,0.0,0
5347.KL,14/7/2023,0.071532,0.401083,0.269366,0.329551,0.666667,0.0,0.333333,0.702337,0.876406,3
5347.KL,14/7/2024,0.0,0.0,0.0,0.0,0.0,0.0,0.0,0.0,0.0,0
5347.KL,14/7/2025,0.0,0.0,0.0,0.0,0.0,0.0,0.0,0.0,0.0,0
5347.KL,14/8/2020,0.0,0.0,0.0,0.0,0.0,0.0,0.0,0.0,0.0,0
5347.KL,14/8/2021,0.0,0.0,0.0,0.0,0.0,0.0,0.0,0.0,0.0,0
5347.KL,14/8/2022,0.0,0.0,0.0,0.0,0.0,0.0,0.0,0.0,0.0,0
5347.KL,14/8/2023,0.0,0.0,0.0,0.0,0.0,0.0,0.0,0.0,0.0,0
5347.KL,14/8/2024,0.0,0.0,0.0,0.0,0.0,0.0,0.0,0.0,0.0,0
5347.KL,14/8/2025,-0.053965,0.303818,0.338399,0.357783,0.333333,0.333333,0.333333,0.567578,0.908459,3
5347.KL,14/9/2020,0.449306,0.46369,0.521926,0.014384,0.5,0.5,0.0,0.449306,0.892969,2
5347.KL,14/9/2021,0.0,0.0,0.0,0.0,0.0,0.0,0.0,0.0,0.0,0
5347.KL,14/9/2022,-0.204424,0.246143,0.30329,0.450567,0.0,0.0,1.0,0.204424,0.450567,1
5347.KL,14/9/2023,0.78651,0.827042,0.132426,0.040532,1.0,0.0,0.0,0.78651,0.827042,1
5347.KL,14/9/2024,0.0,0.0,0.0,0.0,0.0,0.0,0.0,0.0,0.0,0
5347.KL,14/9/2025,0.0,0.0,0.0,0.0,0.0,0.0,0.0,0.0,0.0,0
5347.KL,15/1/2020,-0.068123,0.030562,0.870753,0.098685,0.0,1.0,0.0,0.068123,0.870753,1
5347.KL,15/1/2021,0.0,0.0,0.0,0.0,0.0,0.0,0.0,0.0,0.0,0
5347.KL,15/1/2022,0.0,0.0,0.0,0.0,0.0,0.0,0.0,0.0,0.0,0
5347.KL,15/1/2023,0.0,0.0,0.0,0.0,0.0,0.0,0.0,0.0,0.0,0
5347.KL,15/1/2024,0.0,0.0,0.0,0.0,0.0,0.0,0.0,0.0,0.0,0
5347.KL,15/1/2025,-0.25782,0.066074,0.610032,0.323894,0.0,0.666667,0.333333,0.309731,0.889313,3
5347.KL,15/1/2026,-0.074881,0.253973,0.417173,0.328854,0.333333,0.333333,0.333333,0.561051,0.865155,3
5347.KL,15/10/2020,0.0,0.0,0.0,0.0,0.0,0.0,0.0,0.0,0.0,0
5347.KL,15/10/2021,0.0,0.0,0.0,0.0,0.0,0.0,0.0,0.0,0.0,0
5347.KL,15/10/2022,0.0,0.0,0.0,0.0,0.0,0.0,0.0,0.0,0.0,0
5347.KL,15/10/2023,0.0,0.0,0.0,0.0,0.0,0.0,0.0,0.0,0.0,0
5347.KL,15/10/2024,-0.110532,0.034887,0.819694,0.145419,0.0,0.0,1.0,0.110532,0.819694,1
5347.KL,15/10/2025,0.446693,0.691013,0.064667,0.24432,0.75,0.0,0.25,0.907099,0.921216,4
5347.KL,15/11/2020,0.0,0.0,0.0,0.0,0.0,0.0,0.0,0.0,0.0,0
5347.KL,15/11/2021,0.22727,0.325323,0.576624,0.098053,1.0,0.0,0.0,0.22727,0.576624,1
5347.KL,15/11/2022,0.2501,0.510043,0.230014,0.259943,0.5,0.0,0.5,0.364915,0.567451,2
5347.KL,15/11/2023,-0.624852,0.019321,0.336506,0.644173,0.0,0.333333,0.666667,0.643218,0.955687,3
5347.KL,15/11/2024,0.0,0.0,0.0,0.0,0.0,0.0,0.0,0.0,0.0,0
5347.KL,15/11/2025,-0.952718,0.013994,0.019294,0.966712,0.0,0.0,1.0,0.952718,0.966712,1
5347.KL,15/12/2020,0.0,0.0,0.0,0.0,0.0,0.0,0.0,0.0,0.0,0
5347.KL,15/12/2021,0.266529,0.320058,0.626414,0.053529,0.333333,0.666667,0.0,0.333168,0.881388,3
5347.KL,15/12/2022,-0.663803,0.133068,0.070062,0.796871,0.0,0.0,1.0,0.663803,0.796871,2
5347.KL,15/12/2023,0.758285,0.846539,0.065206,0.088255,1.0,0.0,0.0,0.758285,0.846539,2
5347.KL,15/12/2024,-0.947811,0.010898,0.030394,0.958709,0.0,0.0,1.0,0.947811,0.958709,1
5347.KL,15/12/2025,0.889007,0.918339,0.052329,0.029332,1.0,0.0,0.0,0.889007,0.918339,1
5347.KL,15/2/2020,0.053395,0.092876,0.867644,0.039481,0.5,0.5,0.0,0.083931,0.867644,2
5347.KL,15/2/2021,0.080532,0.103842,0.872848,0.02331,0.0,1.0,0.0,0.080532,0.872848,1
5347.KL,15/2/2022,-0.950693,0.011315,0.026677,0.962008,0.0,0.0,1.0,0.950693,0.962008,1
5347.KL,15/2/2023,0.654239,0.672247,0.309744,0.018008,1.0,0.0,0.0,0.654239,0.769213,2
5347.KL,15/2/2024,0.184536,0.239035,0.706467,0.054499,0.25,0.75,0.0,0.23292,0.820156,4
5347.KL,15/2/2025,0.491414,0.571927,0.34756,0.080513,1.0,0.0,0.0,0.491414,0.663546,2
5347.KL,15/2/2026,0.0,0.0,0.0,0.0,0.0,0.0,0.0,0.0,0.0,0
5347.KL,15/3/2020,0.0,0.0,0.0,0.0,0.0,0.0,0.0,0.0,0.0,0
5347.KL,15/3/2021,0.531665,0.54339,0.444884,0.011726,1.0,0.0,0.0,0.531665,0.54339,1
5347.KL,15/3/2022,0.659545,0.669156,0.321234,0.00961,1.0,0.0,0.0,0.659545,0.669156,2
5347.KL,15/3/2023,0.085131,0.09596,0.893211,0.010829,0.0,1.0,0.0,0.085131,0.893211,1
5347.KL,15/3/2024,0.0,0.0,0.0,0.0,0.0,0.0,0.0,0.0,0.0,0
5347.KL,15/3/2025,0.0,0.0,0.0,0.0,0.0,0.0,0.0,0.0,0.0,0
5347.KL,15/3/2026,0.0,0.0,0.0,0.0,0.0,0.0,0.0,0.0,0.0,0
5347.KL,15/4/2020,0.071503,0.405719,0.260065,0.334216,0.5,0.25,0.25,0.542277,0.806292,4
5347.KL,15/4/2021,0.0,0.0,0.0,0.0,0.0,0.0,0.0,0.0,0.0,0
5347.KL,15/4/2022,0.0,0.0,0.0,0.0,0.0,0.0,0.0,0.0,0.0,0
5347.KL,15/4/2023,0.0,0.0,0.0,0.0,0.0,0.0,0.0,0.0,0.0,0
5347.KL,15/4/2024,-0.022809,0.460468,0.056256,0.483277,0.5,0.0,0.5,0.920963,0.932354,2
5347.KL,15/4/2025,0.92192,0.94059,0.04074,0.01867,1.0,0.0,0.0,0.92192,0.94059,1
5347.KL,15/5/2020,0.0,0.0,0.0,0.0,0.0,0.0,0.0,0.0,0.0,0
5347.KL,15/5/2021,0.0,0.0,0.0,0.0,0.0,0.0,0.0,0.0,0.0,0
5347.KL,15/5/2022,0.0,0.0,0.0,0.0,0.0,0.0,0.0,0.0,0.0,0
5347.KL,15/5/2023,-0.634999,0.04874,0.267522,0.683738,0.0,0.0,1.0,0.634999,0.683738,1
5347.KL,15/5/2024,0.0,0.0,0.0,0.0,0.0,0.0,0.0,0.0,0.0,0
5347.KL,15/5/2025,0.0,0.0,0.0,0.0,0.0,0.0,0.0,0.0,0.0,0
5347.KL,15/6/2020,0.189081,0.201566,0.78595,0.012484,1.0,0.0,0.0,0.189081,0.78595,1
5347.KL,15/6/2021,0.0,0.0,0.0,0.0,0.0,0.0,0.0,0.0,0.0,0
5347.KL,15/6/2022,-0.417903,0.021102,0.539892,0.439005,0.0,0.5,0.5,0.417903,0.804379,2
5347.KL,15/6/2023,-0.34793,0.042866,0.566338,0.390796,0.0,0.5,0.5,0.361339,0.857693,2
5347.KL,15/6/2024,0.0,0.0,0.0,0.0,0.0,0.0,0.0,0.0,0.0,0
5347.KL,15/6/2025,0.100565,0.124843,0.850878,0.024278,1.0,0.0,0.0,0.100565,0.850878,1
5347.KL,15/7/2020,0.037819,0.072586,0.892647,0.034767,0.0,1.0,0.0,0.037819,0.892647,2
5347.KL,15/7/2021,0.786069,0.796221,0.193628,0.010152,1.0,0.0,0.0,0.786069,0.796221,1
5347.KL,15/7/2022,-0.418075,0.072122,0.437682,0.490197,0.5,0.0,0.5,0.539713,0.91647,2
5347.KL,15/7/2023,0.0,0.0,0.0,0.0,0.0,0.0,0.0,0.0,0.0,0
5347.KL,15/7/2024,0.0,0.0,0.0,0.0,0.0,0.0,0.0,0.0,0.0,0
5347.KL,15/7/2025,0.933497,0.951318,0.03086,0.017822,1.0,0.0,0.0,0.933497,0.951318,1
5347.KL,15/8/2020,0.0,0.0,0.0,0.0,0.0,0.0,0.0,0.0,0.0,0
5347.KL,15/8/2021,0.0,0.0,0.0,0.0,0.0,0.0,0.0,0.0,0.0,0
5347.KL,15/8/2022,0.898952,0.937372,0.024208,0.03842,1.0,0.0,0.0,0.898952,0.937372,1
5347.KL,15/8/2023,0.071277,0.416092,0.239094,0.344815,0.5,0.0,0.5,0.283666,0.522286,2
5347.KL,15/8/2024,0.0,0.0,0.0,0.0,0.0,0.0,0.0,0.0,0.0,0
5347.KL,15/8/2025,-0.02529,0.473486,0.027738,0.498776,0.5,0.0,0.5,0.932278,0.95227,2
5347.KL,15/9/2020,0.0,0.0,0.0,0.0,0.0,0.0,0.0,0.0,0.0,0
5347.KL,15/9/2021,0.498277,0.513219,0.471839,0.014942,1.0,0.0,0.0,0.498277,0.513219,1
5347.KL,15/9/2022,0.709247,0.717419,0.27441,0.008172,1.0,0.0,0.0,0.709247,0.717419,1
5347.KL,15/9/2023,0.02945,0.042891,0.943667,0.013442,0.0,1.0,0.0,0.02945,0.943667,1
5347.KL,15/9/2024,0.0,0.0,0.0,0.0,0.0,0.0,0.0,0.0,0.0,0
5347.KL,15/9/2025,-0.125791,0.044715,0.78478,0.170505,0.0,0.0,1.0,0.125791,0.78478,1
5347.KL,16/1/2020,0.444721,0.473073,0.498576,0.028352,1.0,0.0,0.0,0.444721,0.831476,5
5347.KL,16/1/2021,0.0,0.0,0.0,0.0,0.0,0.0,0.0,0.0,0.0,0
5347.KL,16/1/2022,0.0,0.0,0.0,0.0,0.0,0.0,0.0,0.0,0.0,0
5347.KL,16/1/2023,0.112592,0.121335,0.869923,0.008743,1.0,0.0,0.0,0.112592,0.869923,1
5347.KL,16/1/2024,0.294202,0.304706,0.68479,0.010504,1.0,0.0,0.0,0.294202,0.7375,3
5347.KL,16/1/2025,-0.903004,0.033343,0.03031,0.936347,0.0,0.0,1.0,0.903004,0.936347,2
5347.KL,16/1/2026,0.86913,0.914309,0.040511,0.04518,1.0,0.0,0.0,0.86913,0.914309,1
5347.KL,16/10/2020,0.0,0.0,0.0,0.0,0.0,0.0,0.0,0.0,0.0,0
5347.KL,16/10/2021,0.0,0.0,0.0,0.0,0.0,0.0,0.0,0.0,0.0,0
5347.KL,16/10/2022,0.0,0.0,0.0,0.0,0.0,0.0,0.0,0.0,0.0,0
5347.KL,16/10/2023,0.029394,0.330621,0.368153,0.301226,0.0,1.0,0.0,0.029394,0.368153,1
5347.KL,16/10/2024,0.518097,0.52927,0.459558,0.011172,0.666667,0.333333,0.0,0.518097,0.826196,3
5347.KL,16/10/2025,-0.092537,0.398542,0.110379,0.491079,0.5,0.0,0.5,0.848926,0.869273,4
5347.KL,16/11/2020,0.0,0.0,0.0,0.0,0.0,0.0,0.0,0.0,0.0,0
5347.KL,16/11/2021,0.0,0.0,0.0,0.0,0.0,0.0,0.0,0.0,0.0,0
5347.KL,16/11/2022,0.0,0.0,0.0,0.0,0.0,0.0,0.0,0.0,0.0,0
5347.KL,16/11/2023,0.019895,0.038865,0.942165,0.01897,0.0,1.0,0.0,0.019895,0.942165,1
5347.KL,16/11/2024,0.24645,0.278428,0.689595,0.031977,0.5,0.5,0.0,0.270324,0.723792,2
5347.KL,16/11/2025,0.0,0.0,0.0,0.0,0.0,0.0,0.0,0.0,0.0,0
5347.KL,16/12/2020,0.934726,0.951651,0.031425,0.016924,1.0,0.0,0.0,0.934726,0.951651,1
5347.KL,16/12/2021,0.0,0.0,0.0,0.0,0.0,0.0,0.0,0.0,0.0,0
5347.KL,16/12/2022,-0.115613,0.344838,0.194711,0.460451,0.5,0.0,0.5,0.733885,0.769587,2
5347.KL,16/12/2023,0.0,0.0,0.0,0.0,0.0,0.0,0.0,0.0,0.0,0
5347.KL,16/12/2024,0.0,0.0,0.0,0.0,0.0,0.0,0.0,0.0,0.0,0
5347.KL,16/12/2025,0.691172,0.714825,0.261523,0.023653,1.0,0.0,0.0,0.691172,0.877718,4
5347.KL,16/2/2020,0.0,0.0,0.0,0.0,0.0,0.0,0.0,0.0,0.0,0
5347.KL,16/2/2021,0.0,0.0,0.0,0.0,0.0,0.0,0.0,0.0,0.0,0
5347.KL,16/2/2022,0.108818,0.348548,0.411722,0.23973,0.666667,0.0,0.333333,0.54097,0.792333,3
5347.KL,16/2/2023,0.546958,0.581394,0.384169,0.034436,1.0,0.0,0.0,0.546958,0.787948,2
5347.KL,16/2/2024,0.19336,0.337683,0.517993,0.144323,0.333333,0.333333,0.333333,0.412983,0.817737,3
5347.KL,16/2/2025,0.0,0.0,0.0,0.0,0.0,0.0,0.0,0.0,0.0,0
5347.KL,16/2/2026,-0.440125,0.035094,0.489687,0.475219,0.0,0.5,0.5,0.484096,0.935843,2
5347.KL,16/3/2020,-0.252228,0.246381,0.25501,0.498609,0.5,0.0,0.5,0.487715,0.616352,2
5347.KL,16/3/2021,0.177471,0.363985,0.449501,0.186514,0.75,0.0,0.25,0.462628,0.674092,4
5347.KL,16/3/2022,0.400531,0.412822,0.574887,0.012291,1.0,0.0,0.0,0.400531,0.777568,2
5347.KL,16/3/2023,0.129318,0.523394,0.082529,0.394076,0.5,0.0,0.5,0.773738,0.845604,2
5347.KL,16/3/2024,0.069853,0.096177,0.877499,0.026324,0.0,1.0,0.0,0.069853,0.877499,1
5347.KL,16/3/2025,0.0,0.0,0.0,0.0,0.0,0.0,0.0,0.0,0.0,0
5347.KL,16/3/2026,0.550254,0.579554,0.391147,0.0293,1.0,0.0,0.0,0.550254,0.834829,2
5347.KL,16/4/2020,0.518638,0.560905,0.396828,0.042267,1.0,0.0,0.0,0.518638,0.797608,3
5347.KL,16/4/2021,0.0,0.0,0.0,0.0,0.0,0.0,0.0,0.0,0.0,0
5347.KL,16/4/2022,0.0,0.0,0.0,0.0,0.0,0.0,0.0,0.0,0.0,0
5347.KL,16/4/2023,0.0,0.0,0.0,0.0,0.0,0.0,0.0,0.0,0.0,0
5347.KL,16/4/2024,-0.861112,0.015741,0.107405,0.876854,0.0,0.0,1.0,0.861112,0.876854,1
5347.KL,16/4/2025,-0.014474,0.043645,0.898235,0.058119,0.0,1.0,0.0,0.057203,0.898235,2
5347.KL,16/5/2020,0.0,0.0,0.0,0.0,0.0,0.0,0.0,0.0,0.0,0
5347.KL,16/5/2021,0.0,0.0,0.0,0.0,0.0,0.0,0.0,0.0,0.0,0
5347.KL,16/5/2022,0.0,0.0,0.0,0.0,0.0,0.0,0.0,0.0,0.0,0
5347.KL,16/5/2023,-0.754469,0.102635,0.040262,0.857104,0.0,0.0,1.0,0.754469,0.857104,1
5347.KL,16/5/2024,0.712518,0.810185,0.092148,0.097667,1.0,0.0,0.0,0.712518,0.810185,1
5347.KL,16/5/2025,-0.156175,0.174605,0.494615,0.33078,0.0,0.5,0.5,0.198997,0.790113,2
5347.KL,16/6/2020,0.218076,0.22845,0.761176,0.010374,1.0,0.0,0.0,0.218076,0.761176,1
5347.KL,16/6/2021,0.464937,0.485767,0.493403,0.02083,0.5,0.5,0.0,0.464937,0.913184,2
5347.KL,16/6/2022,0.0,0.0,0.0,0.0,0.0,0.0,0.0,0.0,0.0,0
5347.KL,16/6/2023,-0.943187,0.012199,0.032414,0.955387,0.0,0.0,1.0,0.943187,0.955387,2
5347.KL,16/6/2024,0.0,0.0,0.0,0.0,0.0,0.0,0.0,0.0,0.0,0
5347.KL,16/6/2025,0.0,0.0,0.0,0.0,0.0,0.0,0.0,0.0,0.0,0
5347.KL,16/7/2020,0.0,0.0,0.0,0.0,0.0,0.0,0.0,0.0,0.0,0
5347.KL,16/7/2021,0.0,0.0,0.0,0.0,0.0,0.0,0.0,0.0,0.0,0
5347.KL,16/7/2022,0.0,0.0,0.0,0.0,0.0,0.0,0.0,0.0,0.0,0
5347.KL,16/7/2023,-0.871192,0.016174,0.096459,0.887366,0.0,0.0,1.0,0.871192,0.887366,1
5347.KL,16/7/2024,0.0,0.0,0.0,0.0,0.0,0.0,0.0,0.0,0.0,0
5347.KL,16/7/2025,-0.287795,0.184275,0.343654,0.47207,0.0,0.5,0.5,0.287795,0.47207,2
5347.KL,16/8/2020,0.0,0.0,0.0,0.0,0.0,0.0,0.0,0.0,0.0,0
5347.KL,16/8/2021,0.0,0.0,0.0,0.0,0.0,0.0,0.0,0.0,0.0,0
5347.KL,16/8/2022,0.89223,0.921988,0.048254,0.029758,1.0,0.0,0.0,0.89223,0.921988,2
5347.KL,16/8/2023,0.712124,0.822951,0.066224,0.110826,1.0,0.0,0.0,0.712124,0.822951,2
5347.KL,16/8/2024,0.444343,0.667712,0.108919,0.223369,1.0,0.0,0.0,0.444343,0.667712,1
5347.KL,16/8/2025,0.120741,0.341314,0.438113,0.220573,0.5,0.5,0.0,0.134549,0.569957,2
5347.KL,16/9/2020,0.0,0.0,0.0,0.0,0.0,0.0,0.0,0.0,0.0,0
5347.KL,16/9/2021,0.029282,0.071073,0.887136,0.041791,0.0,1.0,0.0,0.029282,0.887136,1
5347.KL,16/9/2022,0.595055,0.602682,0.389691,0.007627,1.0,0.0,0.0,0.595055,0.602682,1
5347.KL,16/9/2023,0.811709,0.886832,0.038044,0.075124,1.0,0.0,0.0,0.811709,0.886832,1
5347.KL,16/9/2024,0.932704,0.947738,0.037229,0.015033,1.0,0.0,0.0,0.932704,0.947738,1
5347.KL,16/9/2025,0.0,0.0,0.0,0.0,0.0,0.0,0.0,0.0,0.0,0
5347.KL,17/1/2020,0.14582,0.204241,0.737338,0.058421,1.0,0.0,0.0,0.14582,0.737338,1
5347.KL,17/1/2021,0.0,0.0,0.0,0.0,0.0,0.0,0.0,0.0,0.0,0
5347.KL,17/1/2022,0.023074,0.051517,0.920039,0.028444,0.0,1.0,0.0,0.023074,0.920039,1
5347.KL,17/1/2023,0.0,0.0,0.0,0.0,0.0,0.0,0.0,0.0,0.0,0
5347.KL,17/1/2024,-0.959808,0.011735,0.016722,0.971543,0.0,0.0,1.0,0.959808,0.971543,2
5347.KL,17/1/2025,-0.433934,0.047735,0.470596,0.481669,0.0,0.5,0.5,0.486857,0.938606,2
5347.KL,17/1/2026,0.0,0.0,0.0,0.0,0.0,0.0,0.0,0.0,0.0,0
5347.KL,17/10/2020,0.0,0.0,0.0,0.0,0.0,0.0,0.0,0.0,0.0,0
5347.KL,17/10/2021,0.0,0.0,0.0,0.0,0.0,0.0,0.0,0.0,0.0,0
5347.KL,17/10/2022,0.012982,0.030397,0.952188,0.017415,0.0,1.0,0.0,0.012982,0.952188,1
5347.KL,17/10/2023,0.0,0.0,0.0,0.0,0.0,0.0,0.0,0.0,0.0,0
5347.KL,17/10/2024,0.615354,0.682633,0.250088,0.067279,0.666667,0.333333,0.0,0.615354,0.831929,3
5347.KL,17/10/2025,0.085236,0.094629,0.895978,0.009393,0.0,1.0,0.0,0.085236,0.895978,1
5347.KL,17/11/2020,0.0,0.0,0.0,0.0,0.0,0.0,0.0,0.0,0.0,0
5347.KL,17/11/2021,0.0,0.0,0.0,0.0,0.0,0.0,0.0,0.0,0.0,0
5347.KL,17/11/2022,-0.31371,0.066409,0.553471,0.38012,0.0,0.0,1.0,0.31371,0.553471,1
5347.KL,17/11/2023,-0.016252,0.468962,0.045825,0.485213,0.5,0.0,0.5,0.887601,0.920888,2
5347.KL,17/11/2024,0.0,0.0,0.0,0.0,0.0,0.0,0.0,0.0,0.0,0
5347.KL,17/11/2025,0.663249,0.769455,0.124338,0.106207,1.0,0.0,0.0,0.663249,0.769455,2
5347.KL,17/12/2020,-0.836262,0.051452,0.060834,0.887714,0.0,0.0,1.0,0.836262,0.887714,1
5347.KL,17/12/2021,0.0,0.0,0.0,0.0,0.0,0.0,0.0,0.0,0.0,0
5347.KL,17/12/2022,0.0,0.0,0.0,0.0,0.0,0.0,0.0,0.0,0.0,0
5347.KL,17/12/2023,0.325439,0.334424,0.656592,0.008985,1.0,0.0,0.0,0.325439,0.656592,1
5347.KL,17/12/2024,0.0,0.0,0.0,0.0,0.0,0.0,0.0,0.0,0.0,0
5347.KL,17/12/2025,-0.046569,0.458391,0.03665,0.504959,0.5,0.0,0.5,0.911125,0.937237,2
5347.KL,17/2/2020,0.0,0.0,0.0,0.0,0.0,0.0,0.0,0.0,0.0,0
5347.KL,17/2/2021,0.0,0.0,0.0,0.0,0.0,0.0,0.0,0.0,0.0,0
5347.KL,17/2/2022,-0.227548,0.120545,0.531363,0.348092,0.5,0.0,0.5,0.396195,0.753737,2
5347.KL,17/2/2023,0.208568,0.220728,0.767113,0.01216,1.0,0.0,0.0,0.208568,0.767113,3
5347.KL,17/2/2024,0.681871,0.696214,0.289443,0.014343,1.0,0.0,0.0,0.681871,0.873203,3
5347.KL,17/2/2025,0.605245,0.623118,0.359009,0.017873,0.666667,0.333333,0.0,0.605245,0.920006,3
5347.KL,17/2/2026,0.314025,0.417808,0.478409,0.103783,0.5,0.5,0.0,0.314025,0.86103,2
5347.KL,17/3/2020,0.0,0.0,0.0,0.0,0.0,0.0,0.0,0.0,0.0,0
5347.KL,17/3/2021,0.0,0.0,0.0,0.0,0.0,0.0,0.0,0.0,0.0,0
5347.KL,17/3/2022,0.0,0.0,0.0,0.0,0.0,0.0,0.0,0.0,0.0,0
5347.KL,17/3/2023,0.0,0.0,0.0,0.0,0.0,0.0,0.0,0.0,0.0,0
5347.KL,17/3/2024,0.078019,0.090326,0.897366,0.012308,0.0,1.0,0.0,0.078019,0.897366,1
5347.KL,17/3/2025,0.906152,0.935712,0.034727,0.02956,1.0,0.0,0.0,0.906152,0.935712,1
5347.KL,17/3/2026,0.017935,0.034035,0.949866,0.0161,0.0,1.0,0.0,0.017935,0.949866,1
5347.KL,17/4/2020,0.0,0.0,0.0,0.0,0.0,0.0,0.0,0.0,0.0,0
5347.KL,17/4/2021,0.0,0.0,0.0,0.0,0.0,0.0,0.0,0.0,0.0,0
5347.KL,17/4/2022,0.0,0.0,0.0,0.0,0.0,0.0,0.0,0.0,0.0,0
5347.KL,17/4/2023,0.0,0.0,0.0,0.0,0.0,0.0,0.0,0.0,0.0,0
5347.KL,17/4/2024,0.0,0.0,0.0,0.0,0.0,0.0,0.0,0.0,0.0,0
5347.KL,17/4/2025,-0.955613,0.013825,0.016736,0.969439,0.0,0.0,1.0,0.955613,0.969439,1
5347.KL,17/5/2020,0.0,0.0,0.0,0.0,0.0,0.0,0.0,0.0,0.0,0
5347.KL,17/5/2021,0.0,0.0,0.0,0.0,0.0,0.0,0.0,0.0,0.0,0
5347.KL,17/5/2022,0.0,0.0,0.0,0.0,0.0,0.0,0.0,0.0,0.0,0
5347.KL,17/5/2023,0.06739,0.461076,0.145239,0.393686,0.5,0.0,0.5,0.796348,0.825554,4
5347.KL,17/5/2024,0.476552,0.494989,0.486575,0.018436,0.5,0.5,0.0,0.476552,0.940631,2
5347.KL,17/5/2025,0.310149,0.41125,0.487648,0.101101,0.5,0.5,0.0,0.310149,0.862045,2
5347.KL,17/6/2020,0.930634,0.949825,0.030985,0.019191,1.0,0.0,0.0,0.930634,0.949825,1
5347.KL,17/6/2021,0.195609,0.205052,0.785504,0.009444,1.0,0.0,0.0,0.195609,0.785504,1
5347.KL,17/6/2022,0.226141,0.41932,0.387501,0.193179,0.666667,0.0,0.333333,0.579773,0.701428,3
5347.KL,17/6/2023,0.87805,0.917696,0.042658,0.039646,1.0,0.0,0.0,0.87805,0.917696,1
5347.KL,17/6/2024,0.830442,0.894563,0.041316,0.064121,1.0,0.0,0.0,0.830442,0.894563,1
5347.KL,17/6/2025,0.258044,0.543103,0.171838,0.285059,0.5,0.0,0.5,0.546132,0.687147,2
5347.KL,17/7/2020,0.232382,0.239759,0.752865,0.007376,1.0,0.0,0.0,0.232382,0.752865,1
5347.KL,17/7/2021,0.0,0.0,0.0,0.0,0.0,0.0,0.0,0.0,0.0,0
5347.KL,17/7/2022,0.0,0.0,0.0,0.0,0.0,0.0,0.0,0.0,0.0,0
5347.KL,17/7/2023,0.0,0.0,0.0,0.0,0.0,0.0,0.0,0.0,0.0,0
5347.KL,17/7/2024,0.03658,0.501378,0.033824,0.464798,0.0,1.0,0.0,0.03658,0.501378,1
5347.KL,17/7/2025,0.016554,0.484907,0.046741,0.468353,0.5,0.0,0.5,0.89145,0.922354,2
5347.KL,17/8/2020,0.0,0.0,0.0,0.0,0.0,0.0,0.0,0.0,0.0,0
5347.KL,17/8/2021,0.127405,0.482081,0.163243,0.354676,0.333333,0.333333,0.333333,0.42577,0.631264,3
5347.KL,17/8/2022,0.696778,0.703828,0.289122,0.007051,1.0,0.0,0.0,0.696778,0.703828,1
5347.KL,17/8/2023,0.0,0.0,0.0,0.0,0.0,0.0,0.0,0.0,0.0,0
5347.KL,17/8/2024,0.0,0.0,0.0,0.0,0.0,0.0,0.0,0.0,0.0,0
5347.KL,17/8/2025,0.0,0.0,0.0,0.0,0.0,0.0,0.0,0.0,0.0,0
5347.KL,17/9/2020,0.037186,0.081387,0.874413,0.0442,0.0,1.0,0.0,0.037186,0.874413,1
5347.KL,17/9/2021,0.232257,0.487786,0.256684,0.255529,0.5,0.0,0.5,0.689782,0.716549,2
5347.KL,17/9/2022,0.0,0.0,0.0,0.0,0.0,0.0,0.0,0.0,0.0,0
5347.KL,17/9/2023,0.65142,0.661505,0.32841,0.010085,1.0,0.0,0.0,0.65142,0.661505,1
5347.KL,17/9/2024,0.0,0.0,0.0,0.0,0.0,0.0,0.0,0.0,0.0,0
5347.KL,17/9/2025,0.874323,0.911103,0.052117,0.03678,1.0,0.0,0.0,0.874323,0.911103,1
5347.KL,18/1/2020,0.0,0.0,0.0,0.0,0.0,0.0,0.0,0.0,0.0,0
5347.KL,18/1/2021,0.0,0.0,0.0,0.0,0.0,0.0,0.0,0.0,0.0,0
5347.KL,18/1/2022,0.0,0.0,0.0,0.0,0.0,0.0,0.0,0.0,0.0,0
5347.KL,18/1/2023,0.614535,0.625283,0.363969,0.010748,1.0,0.0,0.0,0.614535,0.818956,2
5347.KL,18/1/2024,-0.008242,0.468691,0.054375,0.476933,0.333333,0.333333,0.333333,0.60818,0.776902,3
5347.KL,18/1/2025,0.103921,0.523966,0.055988,0.420046,0.5,0.0,0.5,0.785399,0.864705,2
5347.KL,18/1/2026,0.0,0.0,0.0,0.0,0.0,0.0,0.0,0.0,0.0,0
5347.KL,18/10/2020,0.0,0.0,0.0,0.0,0.0,0.0,0.0,0.0,0.0,0
5347.KL,18/10/2021,0.444906,0.500441,0.444025,0.055534,0.5,0.25,0.25,0.505562,0.887458,4
5347.KL,18/10/2022,0.0,0.0,0.0,0.0,0.0,0.0,0.0,0.0,0.0,0
5347.KL,18/10/2023,0.0,0.0,0.0,0.0,0.0,0.0,0.0,0.0,0.0,0
5347.KL,18/10/2024,0.548728,0.564905,0.418918,0.016177,1.0,0.0,0.0,0.548728,0.564905,1
5347.KL,18/10/2025,0.896667,0.906797,0.083073,0.01013,1.0,0.0,0.0,0.896667,0.906797,1
5347.KL,18/11/2020,0.876628,0.9113,0.054029,0.034672,1.0,0.0,0.0,0.876628,0.9113,1
5347.KL,18/11/2021,0.512737,0.520933,0.470871,0.008196,1.0,0.0,0.0,0.512737,0.520933,1
5347.KL,18/11/2022,0.0,0.0,0.0,0.0,0.0,0.0,0.0,0.0,0.0,0
5347.KL,18/11/2023,-0.604959,0.050232,0.294578,0.65519,0.0,0.0,1.0,0.604959,0.752754,2
5347.KL,18/11/2024,0.194977,0.532325,0.130326,0.337349,0.666667,0.0,0.333333,0.830917,0.850295,3
5347.KL,18/11/2025,-0.16824,0.316098,0.199564,0.484338,0.5,0.0,0.5,0.771874,0.786155,2
5347.KL,18/12/2020,0.0,0.0,0.0,0.0,0.0,0.0,0.0,0.0,0.0,0
5347.KL,18/12/2021,0.0,0.0,0.0,0.0,0.0,0.0,0.0,0.0,0.0,0
5347.KL,18/12/2022,0.0,0.0,0.0,0.0,0.0,0.0,0.0,0.0,0.0,0
5347.KL,18/12/2023,-0.011603,0.038893,0.91061,0.050497,0.0,1.0,0.0,0.011603,0.91061,1
5347.KL,18/12/2024,-0.048803,0.45494,0.041316,0.503743,0.5,0.0,0.5,0.898049,0.928367,2
5347.KL,18/12/2025,-0.285862,0.187703,0.338732,0.473565,0.166667,0.333333,0.5,0.614737,0.918389,6
5347.KL,18/2/2020,0.0,0.0,0.0,0.0,0.0,0.0,0.0,0.0,0.0,0
5347.KL,18/2/2021,-0.812968,0.020563,0.145907,0.833531,0.0,0.0,1.0,0.812968,0.833531,2
5347.KL,18/2/2022,0.129388,0.139543,0.850302,0.010155,1.0,0.0,0.0,0.129388,0.850302,1
5347.KL,18/2/2023,0.0,0.0,0.0,0.0,0.0,0.0,0.0,0.0,0.0,0
5347.KL,18/2/2024,0.273494,0.288051,0.697392,0.014557,1.0,0.0,0.0,0.273494,0.697392,1
5347.KL,18/2/2025,0.760222,0.778875,0.202473,0.018653,1.0,0.0,0.0,0.760222,0.778875,1
5347.KL,18/2/2026,0.468165,0.638085,0.191994,0.169921,1.0,0.0,0.0,0.468165,0.638085,1
5347.KL,18/3/2020,-0.600742,0.024151,0.350956,0.624893,0.0,0.0,1.0,0.600742,0.624893,1
5347.KL,18/3/2021,-0.591492,0.164955,0.078598,0.756447,0.0,0.0,1.0,0.591492,0.756447,1
5347.KL,18/3/2022,0.799264,0.809569,0.180127,0.010305,1.0,0.0,0.0,0.799264,0.809569,1
5347.KL,18/3/2023,0.370582,0.396314,0.577954,0.025732,1.0,0.0,0.0,0.370582,0.577954,1
5347.KL,18/3/2024,0.0,0.0,0.0,0.0,0.0,0.0,0.0,0.0,0.0,0
5347.KL,18/3/2025,0.135827,0.381273,0.373282,0.245445,0.5,0.25,0.25,0.58772,0.81123,4
5347.KL,18/3/2026,0.826247,0.897424,0.031399,0.071177,1.0,0.0,0.0,0.826247,0.897424,2
5347.KL,18/4/2020,0.386614,0.462163,0.462288,0.075549,0.5,0.5,0.0,0.430382,0.874426,2
5347.KL,18/4/2021,0.0,0.0,0.0,0.0,0.0,0.0,0.0,0.0,0.0,0
5347.KL,18/4/2022,0.0,0.0,0.0,0.0,0.0,0.0,0.0,0.0,0.0,0
5347.KL,18/4/2023,-0.949507,0.013765,0.022962,0.963272,0.0,0.0,1.0,0.949507,0.963272,1
5347.KL,18/4/2024,-0.02804,0.442039,0.087882,0.470079,0.5,0.0,0.5,0.763063,0.837591,2
5347.KL,18/4/2025,0.897324,0.931964,0.033396,0.03464,1.0,0.0,0.0,0.897324,0.931964,1
5347.KL,18/5/2020,0.0,0.0,0.0,0.0,0.0,0.0,0.0,0.0,0.0,0
5347.KL,18/5/2021,-0.359318,0.087159,0.466365,0.446477,0.25,0.25,0.5,0.456096,0.875528,4
5347.KL,18/5/2022,0.0,0.0,0.0,0.0,0.0,0.0,0.0,0.0,0.0,0
5347.KL,18/5/2023,-0.235893,0.247992,0.268123,0.483885,0.25,0.25,0.5,0.698411,0.933212,4
5347.KL,18/5/2024,0.0,0.0,0.0,0.0,0.0,0.0,0.0,0.0,0.0,0
5347.KL,18/5/2025,0.0,0.0,0.0,0.0,0.0,0.0,0.0,0.0,0.0,0
5347.KL,18/6/2020,0.102308,0.342835,0.416637,0.240528,0.333333,0.333333,0.333333,0.50243,0.772699,3
5347.KL,18/6/2021,0.915093,0.936683,0.041727,0.02159,1.0,0.0,0.0,0.915093,0.936683,1
5347.KL,18/6/2022,0.0,0.0,0.0,0.0,0.0,0.0,0.0,0.0,0.0,0
5347.KL,18/6/2023,0.0,0.0,0.0,0.0,0.0,0.0,0.0,0.0,0.0,0
5347.KL,18/6/2024,0.0,0.0,0.0,0.0,0.0,0.0,0.0,0.0,0.0,0
5347.KL,18/6/2025,0.093538,0.105873,0.881793,0.012335,0.0,1.0,0.0,0.093538,0.881793,1
5347.KL,18/7/2020,0.0,0.0,0.0,0.0,0.0,0.0,0.0,0.0,0.0,0
5347.KL,18/7/2021,0.0,0.0,0.0,0.0,0.0,0.0,0.0,0.0,0.0,0
5347.KL,18/7/2022,0.0,0.0,0.0,0.0,0.0,0.0,0.0,0.0,0.0,0
5347.KL,18/7/2023,0.0,0.0,0.0,0.0,0.0,0.0,0.0,0.0,0.0,0
5347.KL,18/7/2024,-0.441808,0.046119,0.465954,0.487927,0.0,0.5,0.5,0.489987,0.938343,2
5347.KL,18/7/2025,0.904706,0.926139,0.052429,0.021433,1.0,0.0,0.0,0.904706,0.926139,2
5347.KL,18/8/2020,0.0,0.0,0.0,0.0,0.0,0.0,0.0,0.0,0.0,0
5347.KL,18/8/2021,0.0,0.0,0.0,0.0,0.0,0.0,0.0,0.0,0.0,0
5347.KL,18/8/2022,0.077707,0.096037,0.885633,0.01833,0.333333,0.666667,0.0,0.077707,0.885633,3
5347.KL,18/8/2023,-0.449203,0.229517,0.091763,0.67872,0.0,0.5,0.5,0.449203,0.67872,2
5347.KL,18/8/2024,0.0,0.0,0.0,0.0,0.0,0.0,0.0,0.0,0.0,0
5347.KL,18/8/2025,0.0,0.0,0.0,0.0,0.0,0.0,0.0,0.0,0.0,0
5347.KL,18/9/2020,-0.193998,0.163168,0.479666,0.357166,0.0,0.5,0.5,0.262482,0.79869,2
5347.KL,18/9/2021,0.0,0.0,0.0,0.0,0.0,0.0,0.0,0.0,0.0,0
5347.KL,18/9/2022,0.0,0.0,0.0,0.0,0.0,0.0,0.0,0.0,0.0,0
5347.KL,18/9/2023,-0.096644,0.188466,0.526424,0.28511,0.0,1.0,0.0,0.096644,0.526424,1
5347.KL,18/9/2024,0.891877,0.899784,0.092309,0.007907,1.0,0.0,0.0,0.891877,0.899784,1
5347.KL,18/9/2025,-0.931643,0.019522,0.029312,0.951166,0.0,0.0,1.0,0.931643,0.951166,1
5347.KL,19/1/2020,0.0,0.0,0.0,0.0,0.0,0.0,0.0,0.0,0.0,0
5347.KL,19/1/2021,0.0,0.0,0.0,0.0,0.0,0.0,0.0,0.0,0.0,0
5347.KL,19/1/2022,0.0,0.0,0.0,0.0,0.0,0.0,0.0,0.0,0.0,0
5347.KL,19/1/2023,-0.066887,0.411959,0.109196,0.478846,0.5,0.0,0.5,0.856605,0.873705,2
5347.KL,19/1/2024,0.73522,0.745169,0.244882,0.009949,1.0,0.0,0.0,0.73522,0.745169,1
5347.KL,19/1/2025,-0.150527,0.081229,0.687014,0.231757,0.0,0.5,0.5,0.150527,0.687014,2
5347.KL,19/1/2026,-0.940271,0.016964,0.025801,0.957235,0.0,0.0,1.0,0.940271,0.957235,2
5347.KL,19/10/2020,0.0,0.0,0.0,0.0,0.0,0.0,0.0,0.0,0.0,0
5347.KL,19/10/2021,0.557733,0.567642,0.42245,0.009909,1.0,0.0,0.0,0.557733,0.567642,1
5347.KL,19/10/2022,0.0,0.0,0.0,0.0,0.0,0.0,0.0,0.0,0.0,0
5347.KL,19/10/2023,-0.019495,0.341346,0.297813,0.360841,0.333333,0.333333,0.333333,0.611825,0.874077,3
5347.KL,19/10/2024,-0.417364,0.060916,0.460803,0.478281,0.0,0.5,0.5,0.515771,0.908612,2
5347.KL,19/10/2025,0.0,0.0,0.0,0.0,0.0,0.0,0.0,0.0,0.0,0
5347.KL,19/11/2020,0.0,0.0,0.0,0.0,0.0,0.0,0.0,0.0,0.0,0
5347.KL,19/11/2021,0.0,0.0,0.0,0.0,0.0,0.0,0.0,0.0,0.0,0
5347.KL,19/11/2022,0.050288,0.1347,0.780889,0.084411,0.0,1.0,0.0,0.050288,0.780889,1
5347.KL,19/11/2023,0.0,0.0,0.0,0.0,0.0,0.0,0.0,0.0,0.0,0
5347.KL,19/11/2024,0.0,0.0,0.0,0.0,0.0,0.0,0.0,0.0,0.0,0
5347.KL,19/11/2025,-0.891501,0.020401,0.067698,0.911902,0.0,0.0,1.0,0.891501,0.911902,2
5347.KL,19/12/2020,0.0,0.0,0.0,0.0,0.0,0.0,0.0,0.0,0.0,0
5347.KL,19/12/2021,-0.824884,0.014596,0.145923,0.839481,0.0,0.0,1.0,0.824884,0.839481,1
5347.KL,19/12/2022,0.885249,0.900349,0.084551,0.0151,1.0,0.0,0.0,0.885249,0.900349,1
5347.KL,19/12/2023,0.888332,0.909589,0.069154,0.021257,1.0,0.0,0.0,0.888332,0.909589,1
5347.KL,19/12/2024,0.491973,0.725717,0.04054,0.233743,0.5,0.5,0.0,0.491973,0.725717,2
5347.KL,19/12/2025,0.71086,0.72256,0.26574,0.0117,1.0,0.0,0.0,0.71086,0.869545,5
5347.KL,19/2/2020,0.0,0.0,0.0,0.0,0.0,0.0,0.0,0.0,0.0,0
5347.KL,19/2/2021,-0.51409,0.034874,0.416162,0.548964,0.0,0.0,1.0,0.51409,0.548964,1
5347.KL,19/2/2022,-0.81169,0.013432,0.161445,0.825122,0.0,0.0,1.0,0.81169,0.825122,1
5347.KL,19/2/2023,0.0,0.0,0.0,0.0,0.0,0.0,0.0,0.0,0.0,0
5347.KL,19/2/2024,0.517833,0.561898,0.394037,0.044065,0.666667,0.333333,0.0,0.517833,0.761929,3
5347.KL,19/2/2025,0.938957,0.957328,0.024301,0.018371,1.0,0.0,0.0,0.938957,0.957328,1
5347.KL,19/2/2026,0.894389,0.91246,0.069468,0.018072,1.0,0.0,0.0,0.894389,0.91246,1
5347.KL,19/3/2020,0.125473,0.136366,0.85274,0.010893,1.0,0.0,0.0,0.125473,0.85274,1
5347.KL,19/3/2021,-0.03563,0.266485,0.431399,0.302116,0.333333,0.333333,0.333333,0.355419,0.716799,3
5347.KL,19/3/2022,0.0,0.0,0.0,0.0,0.0,0.0,0.0,0.0,0.0,0
5347.KL,19/3/2023,0.244763,0.533984,0.176794,0.289222,0.5,0.0,0.5,0.529591,0.676399,2
5347.KL,19/3/2024,0.0,0.0,0.0,0.0,0.0,0.0,0.0,0.0,0.0,0
5347.KL,19/3/2025,0.244649,0.370332,0.503985,0.125683,0.5,0.25,0.25,0.392759,0.752353,4
5347.KL,19/3/2026,0.885306,0.924684,0.035937,0.039378,1.0,0.0,0.0,0.885306,0.924684,1
5347.KL,19/4/2020,0.0,0.0,0.0,0.0,0.0,0.0,0.0,0.0,0.0,0
5347.KL,19/4/2021,-0.057338,0.281393,0.379877,0.33873,0.333333,0.333333,0.333333,0.523159,0.831289,3
5347.KL,19/4/2022,0.0,0.0,0.0,0.0,0.0,0.0,0.0,0.0,0.0,0
5347.KL,19/4/2023,0.0,0.0,0.0,0.0,0.0,0.0,0.0,0.0,0.0,0
5347.KL,19/4/2024,0.863207,0.918234,0.02674,0.055027,1.0,0.0,0.0,0.863207,0.918234,2
5347.KL,19/4/2025,0.259718,0.546061,0.167596,0.286343,0.5,0.0,0.5,0.445539,0.638971,2
5347.KL,19/5/2020,0.0,0.0,0.0,0.0,0.0,0.0,0.0,0.0,0.0,0
5347.KL,19/5/2021,0.0,0.0,0.0,0.0,0.0,0.0,0.0,0.0,0.0,0
5347.KL,19/5/2022,0.0,0.0,0.0,0.0,0.0,0.0,0.0,0.0,0.0,0
5347.KL,19/5/2023,0.78396,0.808874,0.166212,0.024914,1.0,0.0,0.0,0.78396,0.808874,2
5347.KL,19/5/2024,0.0,0.0,0.0,0.0,0.0,0.0,0.0,0.0,0.0,0
5347.KL,19/5/2025,0.035689,0.048425,0.938838,0.012736,0.0,1.0,0.0,0.035689,0.938838,1
5347.KL,19/6/2020,0.097849,0.112589,0.87267,0.014741,0.0,1.0,0.0,0.097849,0.87267,1
5347.KL,19/6/2021,0.0,0.0,0.0,0.0,0.0,0.0,0.0,0.0,0.0,0
5347.KL,19/6/2022,0.0,0.0,0.0,0.0,0.0,0.0,0.0,0.0,0.0,0
5347.KL,19/6/2023,-0.169617,0.256758,0.316867,0.426375,0.0,0.0,1.0,0.169617,0.426375,1
5347.KL,19/6/2024,0.0,0.0,0.0,0.0,0.0,0.0,0.0,0.0,0.0,0
5347.KL,19/6/2025,-0.301824,0.036255,0.625666,0.338079,0.0,0.0,1.0,0.301824,0.625666,1
5347.KL,19/7/2020,0.0,0.0,0.0,0.0,0.0,0.0,0.0,0.0,0.0,0
5347.KL,19/7/2021,0.0,0.0,0.0,0.0,0.0,0.0,0.0,0.0,0.0,0
5347.KL,19/7/2022,0.468923,0.487156,0.494611,0.018233,0.5,0.5,0.0,0.468923,0.937424,2
5347.KL,19/7/2023,-0.653299,0.018884,0.308932,0.672184,0.0,0.0,1.0,0.653299,0.774278,2
5347.KL,19/7/2024,0.929051,0.946625,0.035802,0.017574,1.0,0.0,0.0,0.929051,0.946625,1
5347.KL,19/7/2025,0.0,0.0,0.0,0.0,0.0,0.0,0.0,0.0,0.0,0
5347.KL,19/8/2020,-0.215557,0.271891,0.240661,0.487448,0.333333,0.0,0.666667,0.701775,0.730557,3
5347.KL,19/8/2021,0.184749,0.191849,0.801051,0.0071,1.0,0.0,0.0,0.184749,0.801051,1
5347.KL,19/8/2022,0.0,0.0,0.0,0.0,0.0,0.0,0.0,0.0,0.0,0
5347.KL,19/8/2023,0.204871,0.570904,0.063063,0.366033,1.0,0.0,0.0,0.204871,0.570904,1
5347.KL,19/8/2024,0.0,0.0,0.0,0.0,0.0,0.0,0.0,0.0,0.0,0
5347.KL,19/8/2025,-0.715335,0.040075,0.204516,0.755409,0.0,0.0,1.0,0.715335,0.755409,1
5347.KL,19/9/2020,-0.282933,0.278674,0.159719,0.561607,0.0,0.0,1.0,0.282933,0.561607,1
5347.KL,19/9/2021,0.0,0.0,0.0,0.0,0.0,0.0,0.0,0.0,0.0,0
5347.KL,19/9/2022,0.025341,0.038724,0.947893,0.013383,0.0,1.0,0.0,0.025341,0.947893,1
5347.KL,19/9/2023,0.341743,0.353625,0.634493,0.011882,1.0,0.0,0.0,0.341743,0.634493,1
5347.KL,19/9/2024,-0.430109,0.034626,0.500639,0.464735,0.0,0.5,0.5,0.474674,0.922953,2
5347.KL,19/9/2025,0.0,0.0,0.0,0.0,0.0,0.0,0.0,0.0,0.0,0
5347.KL,2/1/2020,-0.425677,0.041389,0.491545,0.467066,0.0,0.5,0.5,0.47185,0.912521,2
5347.KL,2/1/2021,-0.394896,0.11215,0.380803,0.507046,0.5,0.0,0.5,0.541293,0.829754,2
5347.KL,2/1/2022,-0.411881,0.045014,0.498091,0.456895,0.0,0.5,0.5,0.461086,0.901902,2
5347.KL,2/1/2023,0.0,0.0,0.0,0.0,0.0,0.0,0.0,0.0,0.0,0
5347.KL,2/1/2024,0.464508,0.475336,0.513837,0.010827,1.0,0.0,0.0,0.464508,0.801847,4
5347.KL,2/1/2025,-0.94058,0.016571,0.026279,0.95715,0.0,0.0,1.0,0.94058,0.95715,1
5347.KL,2/1/2026,0.0,0.0,0.0,0.0,0.0,0.0,0.0,0.0,0.0,0
5347.KL,2/10/2020,0.0,0.0,0.0,0.0,0.0,0.0,0.0,0.0,0.0,0
5347.KL,2/10/2021,0.0,0.0,0.0,0.0,0.0,0.0,0.0,0.0,0.0,0
5347.KL,2/10/2022,-0.360276,0.048724,0.542276,0.409,0.0,0.0,1.0,0.360276,0.542276,1
5347.KL,2/10/2023,-0.692772,0.03721,0.232807,0.729983,0.0,0.0,1.0,0.692772,0.729983,1
5347.KL,2/10/2024,-0.82477,0.072204,0.030821,0.896975,0.0,0.0,1.0,0.82477,0.896975,1
5347.KL,2/10/2025,0.9261,0.934439,0.057222,0.008339,1.0,0.0,0.0,0.9261,0.934439,1
5347.KL,2/11/2020,0.0,0.0,0.0,0.0,0.0,0.0,0.0,0.0,0.0,0
5347.KL,2/11/2021,0.0,0.0,0.0,0.0,0.0,0.0,0.0,0.0,0.0,0
5347.KL,2/11/2022,0.0,0.0,0.0,0.0,0.0,0.0,0.0,0.0,0.0,0
5347.KL,2/11/2023,0.0,0.0,0.0,0.0,0.0,0.0,0.0,0.0,0.0,0
5347.KL,2/11/2024,0.915234,0.934073,0.047088,0.018839,1.0,0.0,0.0,0.915234,0.934073,1
5347.KL,2/11/2025,0.0,0.0,0.0,0.0,0.0,0.0,0.0,0.0,0.0,0
5347.KL,2/12/2020,0.031014,0.4391,0.152814,0.408086,0.5,0.0,0.5,0.63595,0.741568,2
5347.KL,2/12/2021,0.0,0.0,0.0,0.0,0.0,0.0,0.0,0.0,0.0,0
5347.KL,2/12/2022,0.0,0.0,0.0,0.0,0.0,0.0,0.0,0.0,0.0,0
5347.KL,2/12/2023,-0.096254,0.032991,0.837765,0.129244,0.0,1.0,0.0,0.096254,0.837765,1
5347.KL,2/12/2024,0.086257,0.098803,0.88865,0.012547,0.5,0.5,0.0,0.086257,0.88865,2
5347.KL,2/12/2025,0.903875,0.93427,0.035336,0.030395,1.0,0.0,0.0,0.903875,0.93427,1
5347.KL,2/2/2020,0.0,0.0,0.0,0.0,0.0,0.0,0.0,0.0,0.0,0
5347.KL,2/2/2021,0.0,0.0,0.0,0.0,0.0,0.0,0.0,0.0,0.0,0
5347.KL,2/2/2022,0.0,0.0,0.0,0.0,0.0,0.0,0.0,0.0,0.0,0
5347.KL,2/2/2023,0.0,0.0,0.0,0.0,0.0,0.0,0.0,0.0,0.0,0
5347.KL,2/2/2024,0.499081,0.528678,0.441725,0.029597,0.666667,0.333333,0.0,0.499081,0.830272,3
5347.KL,2/2/2025,0.161753,0.174024,0.813705,0.012271,1.0,0.0,0.0,0.161753,0.813705,1
5347.KL,2/2/2026,-0.227302,0.037012,0.698674,0.264314,0.0,0.0,1.0,0.227302,0.698674,1
5347.KL,2/3/2020,0.541467,0.583451,0.374565,0.041984,1.0,0.0,0.0,0.541467,0.821358,2
5347.KL,2/3/2021,0.622103,0.633299,0.355505,0.011196,1.0,0.0,0.0,0.622103,0.633299,2
5347.KL,2/3/2022,-0.514089,0.026684,0.432543,0.540773,0.0,0.0,1.0,0.514089,0.7495,3
5347.KL,2/3/2023,0.657679,0.67627,0.305139,0.018591,1.0,0.0,0.0,0.657679,0.764765,2
5347.KL,2/3/2024,-0.142052,0.06323,0.731489,0.205281,0.0,0.666667,0.333333,0.170003,0.79013,3
5347.KL,2/3/2025,0.0,0.0,0.0,0.0,0.0,0.0,0.0,0.0,0.0,0
5347.KL,2/3/2026,0.0317,0.04584,0.94002,0.01414,0.0,1.0,0.0,0.0317,0.94002,1
5347.KL,2/4/2020,0.371212,0.392931,0.58535,0.021719,1.0,0.0,0.0,0.371212,0.58535,1
5347.KL,2/4/2021,0.0,0.0,0.0,0.0,0.0,0.0,0.0,0.0,0.0,0
5347.KL,2/4/2022,0.0,0.0,0.0,0.0,0.0,0.0,0.0,0.0,0.0,0
5347.KL,2/4/2023,-0.770046,0.023612,0.18273,0.793658,0.0,0.0,1.0,0.770046,0.793658,1
5347.KL,2/4/2024,0.0,0.0,0.0,0.0,0.0,0.0,0.0,0.0,0.0,0
5347.KL,2/4/2025,0.321712,0.458491,0.40473,0.136779,0.6,0.0,0.4,0.489692,0.760932,5
5347.KL,2/5/2020,0.0,0.0,0.0,0.0,0.0,0.0,0.0,0.0,0.0,0
5347.KL,2/5/2021,0.0,0.0,0.0,0.0,0.0,0.0,0.0,0.0,0.0,0
5347.KL,2/5/2022,0.0,0.0,0.0,0.0,0.0,0.0,0.0,0.0,0.0,0
5347.KL,2/5/2023,-0.923769,0.01197,0.05229,0.935739,0.0,0.0,1.0,0.923769,0.935739,1
5347.KL,2/5/2024,0.0,0.0,0.0,0.0,0.0,0.0,0.0,0.0,0.0,0
5347.KL,2/5/2025,0.051346,0.066539,0.918269,0.015192,0.0,1.0,0.0,0.051346,0.918269,1
5347.KL,2/6/2020,-0.894702,0.044339,0.016619,0.939041,0.0,0.0,1.0,0.894702,0.939041,2
5347.KL,2/6/2021,0.0,0.0,0.0,0.0,0.0,0.0,0.0,0.0,0.0,0
5347.KL,2/6/2022,-0.832648,0.051891,0.06357,0.884539,0.0,0.0,1.0,0.832648,0.884539,1
5347.KL,2/6/2023,0.904056,0.911789,0.080479,0.007732,1.0,0.0,0.0,0.904056,0.911789,1
5347.KL,2/6/2024,0.076925,0.089004,0.898916,0.012079,0.0,1.0,0.0,0.076925,0.898916,1
5347.KL,2/6/2025,0.0,0.0,0.0,0.0,0.0,0.0,0.0,0.0,0.0,0
5347.KL,2/7/2020,0.351439,0.40298,0.545479,0.051541,1.0,0.0,0.0,0.351439,0.651099,2
5347.KL,2/7/2021,0.0,0.0,0.0,0.0,0.0,0.0,0.0,0.0,0.0,0
5347.KL,2/7/2022,0.908241,0.918023,0.072195,0.009782,1.0,0.0,0.0,0.908241,0.918023,1
5347.KL,2/7/2023,0.0,0.0,0.0,0.0,0.0,0.0,0.0,0.0,0.0,0
5347.KL,2/7/2024,0.214306,0.296816,0.620675,0.08251,0.75,0.25,0.0,0.214306,0.761128,4
5347.KL,2/7/2025,0.447998,0.605463,0.237071,0.157465,0.75,0.0,0.25,0.683891,0.72341,4
5347.KL,2/8/2020,0.0,0.0,0.0,0.0,0.0,0.0,0.0,0.0,0.0,0
5347.KL,2/8/2021,-0.888646,0.027158,0.057037,0.915805,0.0,0.0,1.0,0.888646,0.915805,1
5347.KL,2/8/2022,0.333298,0.523179,0.28694,0.189881,0.5,0.0,0.5,0.510022,0.642495,2
5347.KL,2/8/2023,0.367634,0.386947,0.593739,0.019313,0.666667,0.333333,0.0,0.367634,0.749811,3
5347.KL,2/8/2024,0.033287,0.046622,0.940042,0.013336,0.0,1.0,0.0,0.033287,0.940042,1
5347.KL,2/8/2025,0.002725,0.486196,0.030333,0.483471,0.0,1.0,0.0,0.002725,0.486196,1
5347.KL,2/9/2020,0.0,0.0,0.0,0.0,0.0,0.0,0.0,0.0,0.0,0
5347.KL,2/9/2021,0.0,0.0,0.0,0.0,0.0,0.0,0.0,0.0,0.0,0
5347.KL,2/9/2022,0.0,0.0,0.0,0.0,0.0,0.0,0.0,0.0,0.0,0
5347.KL,2/9/2023,0.556764,0.591064,0.374636,0.0343,1.0,0.0,0.0,0.556764,0.807302,2
5347.KL,2/9/2024,0.822599,0.82933,0.163939,0.006731,1.0,0.0,0.0,0.822599,0.82933,1
5347.KL,2/9/2025,0.030753,0.044169,0.942414,0.013416,0.0,1.0,0.0,0.030753,0.942414,2
5347.KL,20/1/2020,0.0,0.0,0.0,0.0,0.0,0.0,0.0,0.0,0.0,0
5347.KL,20/1/2021,-0.892062,0.027115,0.053708,0.919177,0.0,0.0,1.0,0.892062,0.919177,1
5347.KL,20/1/2022,0.0,0.0,0.0,0.0,0.0,0.0,0.0,0.0,0.0,0
5347.KL,20/1/2023,0.0,0.0,0.0,0.0,0.0,0.0,0.0,0.0,0.0,0
5347.KL,20/1/2024,0.0,0.0,0.0,0.0,0.0,0.0,0.0,0.0,0.0,0
5347.KL,20/1/2025,0.032538,0.48469,0.063158,0.452152,0.5,0.0,0.5,0.873303,0.905072,4
5347.KL,20/1/2026,0.934439,0.947807,0.038824,0.013368,1.0,0.0,0.0,0.934439,0.947807,1
5347.KL,20/10/2020,0.0,0.0,0.0,0.0,0.0,0.0,0.0,0.0,0.0,0
5347.KL,20/10/2021,0.396355,0.422126,0.552104,0.025771,0.5,0.5,0.0,0.396355,0.88065,2
5347.KL,20/10/2022,0.0,0.0,0.0,0.0,0.0,0.0,0.0,0.0,0.0,0
5347.KL,20/10/2023,-0.618092,0.027223,0.327463,0.645314,0.0,0.333333,0.666667,0.630366,0.956185,3
5347.KL,20/10/2024,0.0,0.0,0.0,0.0,0.0,0.0,0.0,0.0,0.0,0
5347.KL,20/10/2025,0.0,0.0,0.0,0.0,0.0,0.0,0.0,0.0,0.0,0
5347.KL,20/11/2020,0.0,0.0,0.0,0.0,0.0,0.0,0.0,0.0,0.0,0
5347.KL,20/11/2021,0.0,0.0,0.0,0.0,0.0,0.0,0.0,0.0,0.0,0
5347.KL,20/11/2022,0.0,0.0,0.0,0.0,0.0,0.0,0.0,0.0,0.0,0
5347.KL,20/11/2023,0.87757,0.904347,0.068876,0.026777,1.0,0.0,0.0,0.87757,0.904347,2
5347.KL,20/11/2024,-0.945046,0.013553,0.027849,0.958599,0.0,0.0,1.0,0.945046,0.958599,1
5347.KL,20/11/2025,0.788075,0.800589,0.186896,0.012514,1.0,0.0,0.0,0.788075,0.800589,1
5347.KL,20/12/2020,0.0,0.0,0.0,0.0,0.0,0.0,0.0,0.0,0.0,0
5347.KL,20/12/2021,-0.313277,0.283095,0.120533,0.596372,0.333333,0.0,0.666667,0.848148,0.863808,3
5347.KL,20/12/2022,-0.526202,0.031992,0.409814,0.558194,0.0,0.0,1.0,0.526202,0.558194,1
5347.KL,20/12/2023,0.89287,0.912301,0.068269,0.019431,1.0,0.0,0.0,0.89287,0.912301,1
5347.KL,20/12/2024,0.684974,0.774446,0.136081,0.089473,1.0,0.0,0.0,0.684974,0.774446,4
5347.KL,20/12/2025,0.49347,0.505469,0.482531,0.011999,0.5,0.5,0.0,0.49347,0.921268,2
5347.KL,20/2/2020,-0.530415,0.223664,0.022257,0.754079,0.0,0.0,1.0,0.530415,0.754079,1
5347.KL,20/2/2021,-0.298026,0.088975,0.524025,0.387,0.5,0.0,0.5,0.431566,0.807117,4
5347.KL,20/2/2022,0.096161,0.131392,0.833377,0.035231,0.0,1.0,0.0,0.096161,0.833377,1
5347.KL,20/2/2023,-0.006466,0.036725,0.920085,0.04319,0.0,1.0,0.0,0.006466,0.920085,1
5347.KL,20/2/2024,0.0,0.0,0.0,0.0,0.0,0.0,0.0,0.0,0.0,0
5347.KL,20/2/2025,0.169881,0.188465,0.792951,0.018584,0.666667,0.333333,0.0,0.169881,0.792951,3
5347.KL,20/2/2026,-0.043227,0.319394,0.317985,0.362621,0.5,0.0,0.5,0.624158,0.770878,4
5347.KL,20/3/2020,0.193337,0.209915,0.773507,0.016578,1.0,0.0,0.0,0.193337,0.773507,1
5347.KL,20/3/2021,0.408247,0.424294,0.559659,0.016047,1.0,0.0,0.0,0.408247,0.559659,1
5347.KL,20/3/2022,0.0,0.0,0.0,0.0,0.0,0.0,0.0,0.0,0.0,0
5347.KL,20/3/2023,0.845604,0.860127,0.125351,0.014522,1.0,0.0,0.0,0.845604,0.860127,2
5347.KL,20/3/2024,-0.027103,0.263221,0.446456,0.290324,0.333333,0.333333,0.333333,0.494615,0.826239,3
5347.KL,20/3/2025,0.325095,0.33419,0.656716,0.009095,0.75,0.25,0.0,0.325095,0.747613,4
5347.KL,20/3/2026,0.0,0.0,0.0,0.0,0.0,0.0,0.0,0.0,0.0,0
5347.KL,20/4/2020,0.034503,0.05343,0.927643,0.018927,0.0,1.0,0.0,0.034503,0.927643,1
5347.KL,20/4/2021,0.0,0.0,0.0,0.0,0.0,0.0,0.0,0.0,0.0,0
5347.KL,20/4/2022,0.0,0.0,0.0,0.0,0.0,0.0,0.0,0.0,0.0,0
5347.KL,20/4/2023,0.0,0.0,0.0,0.0,0.0,0.0,0.0,0.0,0.0,0
5347.KL,20/4/2024,0.0,0.0,0.0,0.0,0.0,0.0,0.0,0.0,0.0,0
5347.KL,20/4/2025,0.0,0.0,0.0,0.0,0.0,0.0,0.0,0.0,0.0,0
5347.KL,20/5/2020,0.0,0.0,0.0,0.0,0.0,0.0,0.0,0.0,0.0,0
5347.KL,20/5/2021,-0.84145,0.017062,0.124427,0.858512,0.0,0.0,1.0,0.84145,0.858512,1
5347.KL,20/5/2022,0.20384,0.210578,0.782683,0.006738,1.0,0.0,0.0,0.20384,0.782683,1
5347.KL,20/5/2023,-0.05333,0.125975,0.69472,0.179305,0.5,0.0,0.5,0.155422,0.69472,2
5347.KL,20/5/2024,0.0,0.0,0.0,0.0,0.0,0.0,0.0,0.0,0.0,0
5347.KL,20/5/2025,0.0,0.0,0.0,0.0,0.0,0.0,0.0,0.0,0.0,0
5347.KL,20/6/2020,0.077711,0.090214,0.897283,0.012503,0.0,1.0,0.0,0.077711,0.897283,1
5347.KL,20/6/2021,0.0,0.0,0.0,0.0,0.0,0.0,0.0,0.0,0.0,0
5347.KL,20/6/2022,-0.925394,0.022849,0.028907,0.948243,0.0,0.0,1.0,0.925394,0.948243,1
5347.KL,20/6/2023,0.833018,0.859918,0.113183,0.026899,1.0,0.0,0.0,0.833018,0.859918,1
5347.KL,20/6/2024,-0.963736,0.012229,0.011807,0.975965,0.0,0.0,1.0,0.963736,0.975965,1
5347.KL,20/6/2025,0.293699,0.302443,0.688813,0.008744,1.0,0.0,0.0,0.293699,0.688813,1
5347.KL,20/7/2020,0.0,0.0,0.0,0.0,0.0,0.0,0.0,0.0,0.0,0
5347.KL,20/7/2021,0.090816,0.106702,0.877411,0.015886,0.0,1.0,0.0,0.090816,0.877411,1
5347.KL,20/7/2022,0.781417,0.79481,0.191798,0.013393,1.0,0.0,0.0,0.781417,0.79481,1
5347.KL,20/7/2023,0.0,0.0,0.0,0.0,0.0,0.0,0.0,0.0,0.0,0
5347.KL,20/7/2024,0.0,0.0,0.0,0.0,0.0,0.0,0.0,0.0,0.0,0
5347.KL,20/7/2025,0.0,0.0,0.0,0.0,0.0,0.0,0.0,0.0,0.0,0
5347.KL,20/8/2020,0.144383,0.177397,0.78959,0.033013,1.0,0.0,0.0,0.144383,0.78959,2
5347.KL,20/8/2021,0.163568,0.174999,0.81357,0.011431,0.5,0.5,0.0,0.163568,0.81357,2
5347.KL,20/8/2022,-0.349952,0.139243,0.371562,0.489195,0.5,0.0,0.5,0.597986,0.848411,2
5347.KL,20/8/2023,0.0,0.0,0.0,0.0,0.0,0.0,0.0,0.0,0.0,0
5347.KL,20/8/2024,0.0,0.0,0.0,0.0,0.0,0.0,0.0,0.0,0.0,0
5347.KL,20/8/2025,0.692301,0.700103,0.292096,0.007802,1.0,0.0,0.0,0.692301,0.700103,1
5347.KL,20/9/2020,0.0,0.0,0.0,0.0,0.0,0.0,0.0,0.0,0.0,0
5347.KL,20/9/2021,0.0,0.0,0.0,0.0,0.0,0.0,0.0,0.0,0.0,0
5347.KL,20/9/2022,0.186395,0.225093,0.736209,0.038698,1.0,0.0,0.0,0.186395,0.736209,2
5347.KL,20/9/2023,0.0,0.0,0.0,0.0,0.0,0.0,0.0,0.0,0.0,0
5347.KL,20/9/2024,0.905113,0.914754,0.075605,0.009641,1.0,0.0,0.0,0.905113,0.914754,1
5347.KL,20/9/2025,0.0,0.0,0.0,0.0,0.0,0.0,0.0,0.0,0.0,0
5347.KL,21/1/2020,0.0,0.0,0.0,0.0,0.0,0.0,0.0,0.0,0.0,0
5347.KL,21/1/2021,0.0,0.0,0.0,0.0,0.0,0.0,0.0,0.0,0.0,0
5347.KL,21/1/2022,0.404854,0.416127,0.5726,0.011273,0.5,0.5,0.0,0.404854,0.814006,2
5347.KL,21/1/2023,0.39106,0.407299,0.576463,0.016238,0.5,0.5,0.0,0.39106,0.824884,2
5347.KL,21/1/2024,0.0,0.0,0.0,0.0,0.0,0.0,0.0,0.0,0.0,0
5347.KL,21/1/2025,0.629291,0.665967,0.297356,0.036676,1.0,0.0,0.0,0.629291,0.717719,2
5347.KL,21/1/2026,-0.203751,0.366249,0.063752,0.569999,0.5,0.0,0.5,0.640496,0.788372,2
5347.KL,21/10/2020,0.0,0.0,0.0,0.0,0.0,0.0,0.0,0.0,0.0,0
5347.KL,21/10/2021,0.015752,0.262596,0.490559,0.246845,0.5,0.25,0.25,0.48728,0.786822,4
5347.KL,21/10/2022,0.232983,0.243746,0.745491,0.010763,0.5,0.5,0.0,0.232983,0.745491,2
5347.KL,21/10/2023,0.0,0.0,0.0,0.0,0.0,0.0,0.0,0.0,0.0,0
5347.KL,21/10/2024,0.0,0.0,0.0,0.0,0.0,0.0,0.0,0.0,0.0,0
5347.KL,21/10/2025,0.45957,0.487294,0.484983,0.027723,0.5,0.5,0.0,0.45957,0.918929,2
5347.KL,21/11/2020,0.0,0.0,0.0,0.0,0.0,0.0,0.0,0.0,0.0,0
5347.KL,21/11/2021,0.0,0.0,0.0,0.0,0.0,0.0,0.0,0.0,0.0,0
5347.KL,21/11/2022,0.094225,0.109422,0.87538,0.015197,0.5,0.5,0.0,0.094225,0.87538,2
5347.KL,21/11/2023,-0.367017,0.116364,0.400255,0.483381,0.5,0.0,0.5,0.561568,0.871996,4
5347.KL,21/11/2024,0.6599,0.722714,0.214473,0.062814,1.0,0.0,0.0,0.6599,0.722714,2
5347.KL,21/11/2025,0.0,0.0,0.0,0.0,0.0,0.0,0.0,0.0,0.0,0
5347.KL,21/12/2020,-0.52071,0.029416,0.420459,0.550126,0.0,0.5,0.5,0.52071,0.892716,2
5347.KL,21/12/2021,-0.070244,0.420502,0.088753,0.490745,0.5,0.0,0.5,0.876442,0.893844,2
5347.KL,21/12/2022,0.169835,0.53486,0.100115,0.365025,0.5,0.0,0.5,0.627954,0.763919,2
5347.KL,21/12/2023,0.759571,0.861576,0.036418,0.102006,1.0,0.0,0.0,0.759571,0.861576,1
5347.KL,21/12/2024,0.296031,0.317336,0.66136,0.021305,1.0,0.0,0.0,0.296031,0.66136,2
5347.KL,21/12/2025,0.0,0.0,0.0,0.0,0.0,0.0,0.0,0.0,0.0,0
5347.KL,21/2/2020,-0.386409,0.040203,0.533186,0.426611,0.0,0.0,1.0,0.386409,0.533186,1
5347.KL,21/2/2021,0.0,0.0,0.0,0.0,0.0,0.0,0.0,0.0,0.0,0
5347.KL,21/2/2022,-0.063002,0.44766,0.041677,0.510663,0.5,0.0,0.5,0.870247,0.914285,2
5347.KL,21/2/2023,0.0,0.0,0.0,0.0,0.0,0.0,0.0,0.0,0.0,0
5347.KL,21/2/2024,0.0,0.0,0.0,0.0,0.0,0.0,0.0,0.0,0.0,0
5347.KL,21/2/2025,0.466054,0.64336,0.179333,0.177306,0.75,0.0,0.25,0.685395,0.753031,4
5347.KL,21/2/2026,0.611082,0.688333,0.234417,0.07725,1.0,0.0,0.0,0.611082,0.688333,2
5347.KL,21/3/2020,0.758009,0.768951,0.220107,0.010942,1.0,0.0,0.0,0.758009,0.768951,1
5347.KL,21/3/2021,-0.723027,0.0803,0.116374,0.803326,0.0,0.0,1.0,0.723027,0.803326,1
5347.KL,21/3/2022,0.0,0.0,0.0,0.0,0.0,0.0,0.0,0.0,0.0,0
5347.KL,21/3/2023,0.0,0.0,0.0,0.0,0.0,0.0,0.0,0.0,0.0,0
5347.KL,21/3/2024,0.0,0.0,0.0,0.0,0.0,0.0,0.0,0.0,0.0,0
5347.KL,21/3/2025,0.446183,0.541876,0.362431,0.095693,1.0,0.0,0.0,0.446183,0.725607,2
5347.KL,21/4/2020,0.153242,0.163233,0.826776,0.009991,1.0,0.0,0.0,0.153242,0.826776,1
5347.KL,21/4/2021,0.0,0.0,0.0,0.0,0.0,0.0,0.0,0.0,0.0,0
5347.KL,21/4/2022,0.483123,0.491878,0.499366,0.008756,1.0,0.0,0.0,0.483123,0.499366,1
5347.KL,21/4/2023,0.212212,0.221376,0.769461,0.009163,1.0,0.0,0.0,0.212212,0.769461,1
5347.KL,21/4/2024,0.0,0.0,0.0,0.0,0.0,0.0,0.0,0.0,0.0,0
5347.KL,21/4/2025,-0.041819,0.057643,0.842895,0.099462,0.0,1.0,0.0,0.041819,0.842895,1
5347.KL,21/5/2020,0.0,0.0,0.0,0.0,0.0,0.0,0.0,0.0,0.0,0
5347.KL,21/5/2021,0.487105,0.718074,0.050958,0.230968,1.0,0.0,0.0,0.487105,0.718074,1
5347.KL,21/5/2022,-0.629598,0.016226,0.337949,0.645825,0.0,0.0,1.0,0.629598,0.645825,1
5347.KL,21/5/2023,0.0,0.0,0.0,0.0,0.0,0.0,0.0,0.0,0.0,0
5347.KL,21/5/2024,0.505439,0.515069,0.475301,0.00963,1.0,0.0,0.0,0.505439,0.869541,2
5347.KL,21/5/2025,0.0,0.0,0.0,0.0,0.0,0.0,0.0,0.0,0.0,0
5347.KL,21/6/2020,0.40025,0.413075,0.5741,0.012825,1.0,0.0,0.0,0.40025,0.5741,1
5347.KL,21/6/2021,-0.029753,0.305243,0.359761,0.334996,0.333333,0.333333,0.333333,0.600741,0.89745,3
5347.KL,21/6/2022,0.0,0.0,0.0,0.0,0.0,0.0,0.0,0.0,0.0,0
5347.KL,21/6/2023,0.0,0.0,0.0,0.0,0.0,0.0,0.0,0.0,0.0,0
5347.KL,21/6/2024,0.093789,0.103767,0.886254,0.009979,0.0,1.0,0.0,0.093789,0.886254,1
5347.KL,21/6/2025,0.0,0.0,0.0,0.0,0.0,0.0,0.0,0.0,0.0,0
5347.KL,21/7/2020,0.781296,0.801911,0.177474,0.020615,1.0,0.0,0.0,0.781296,0.801911,1
5347.KL,21/7/2021,0.016438,0.032728,0.950981,0.016291,0.0,1.0,0.0,0.016438,0.950981,1
5347.KL,21/7/2022,0.0,0.0,0.0,0.0,0.0,0.0,0.0,0.0,0.0,0
5347.KL,21/7/2023,0.0,0.0,0.0,0.0,0.0,0.0,0.0,0.0,0.0,0
5347.KL,21/7/2024,0.0,0.0,0.0,0.0,0.0,0.0,0.0,0.0,0.0,0
5347.KL,21/7/2025,-0.0966,0.38507,0.133259,0.481671,0.5,0.0,0.5,0.838026,0.852383,2
5347.KL,21/8/2020,0.0,0.0,0.0,0.0,0.0,0.0,0.0,0.0,0.0,0
5347.KL,21/8/2021,0.0,0.0,0.0,0.0,0.0,0.0,0.0,0.0,0.0,0
5347.KL,21/8/2022,0.0,0.0,0.0,0.0,0.0,0.0,0.0,0.0,0.0,0
5347.KL,21/8/2023,0.048118,0.063603,0.920912,0.015485,0.0,1.0,0.0,0.048118,0.920912,1
5347.KL,21/8/2024,-0.102172,0.261903,0.374022,0.364075,0.333333,0.333333,0.333333,0.534429,0.878495,3
5347.KL,21/8/2025,0.008301,0.031974,0.944352,0.023673,0.0,1.0,0.0,0.008301,0.944352,1
5347.KL,21/9/2020,0.0,0.0,0.0,0.0,0.0,0.0,0.0,0.0,0.0,0
5347.KL,21/9/2021,0.024169,0.055056,0.914058,0.030887,0.0,1.0,0.0,0.024169,0.914058,1
5347.KL,21/9/2022,-0.55475,0.064637,0.315976,0.619387,0.333333,0.0,0.666667,0.643106,0.899726,3
5347.KL,21/9/2023,0.259899,0.274376,0.711146,0.014477,1.0,0.0,0.0,0.259899,0.711146,1
5347.KL,21/9/2024,-0.203461,0.041153,0.714233,0.244614,0.0,0.0,1.0,0.203461,0.714233,1
5347.KL,21/9/2025,0.0,0.0,0.0,0.0,0.0,0.0,0.0,0.0,0.0,0
5347.KL,22/1/2020,0.756727,0.847123,0.062482,0.090396,1.0,0.0,0.0,0.756727,0.847123,1
5347.KL,22/1/2021,0.404539,0.42925,0.546039,0.024711,1.0,0.0,0.0,0.404539,0.674468,2
5347.KL,22/1/2022,0.0,0.0,0.0,0.0,0.0,0.0,0.0,0.0,0.0,0
5347.KL,22/1/2023,0.0,0.0,0.0,0.0,0.0,0.0,0.0,0.0,0.0,0
5347.KL,22/1/2024,0.0,0.0,0.0,0.0,0.0,0.0,0.0,0.0,0.0,0
5347.KL,22/1/2025,0.207116,0.475838,0.25544,0.268722,0.5,0.25,0.25,0.683832,0.923332,4
5347.KL,22/1/2026,-0.124716,0.055595,0.764095,0.18031,0.0,0.5,0.5,0.163473,0.764095,2
5347.KL,22/10/2020,0.0,0.0,0.0,0.0,0.0,0.0,0.0,0.0,0.0,0
5347.KL,22/10/2021,0.0,0.0,0.0,0.0,0.0,0.0,0.0,0.0,0.0,0
5347.KL,22/10/2022,0.158721,0.167355,0.824011,0.008634,1.0,0.0,0.0,0.158721,0.824011,1
5347.KL,22/10/2023,-0.946061,0.014759,0.024422,0.960819,0.0,0.0,1.0,0.946061,0.960819,1
5347.KL,22/10/2024,-0.619371,0.176146,0.028336,0.795518,0.0,0.0,1.0,0.619371,0.795518,2
5347.KL,22/10/2025,0.874578,0.885154,0.104271,0.010575,1.0,0.0,0.0,0.874578,0.885154,1
5347.KL,22/11/2020,0.0,0.0,0.0,0.0,0.0,0.0,0.0,0.0,0.0,0
5347.KL,22/11/2021,0.0,0.0,0.0,0.0,0.0,0.0,0.0,0.0,0.0,0
5347.KL,22/11/2022,0.167213,0.249378,0.668457,0.082165,1.0,0.0,0.0,0.167213,0.668457,1
5347.KL,22/11/2023,-0.897816,0.010676,0.080832,0.908492,0.0,0.0,1.0,0.897816,0.908492,1
5347.KL,22/11/2024,0.057528,0.413906,0.229715,0.356379,0.666667,0.0,0.333333,0.605695,0.802017,6
5347.KL,22/11/2025,-0.614097,0.177003,0.031896,0.791101,0.0,0.0,1.0,0.614097,0.791101,1
5347.KL,22/12/2020,0.0,0.0,0.0,0.0,0.0,0.0,0.0,0.0,0.0,0
5347.KL,22/12/2021,-0.223586,0.320302,0.135809,0.543889,0.333333,0.0,0.666667,0.81338,0.838785,3
5347.KL,22/12/2022,0.718972,0.729773,0.259426,0.010801,1.0,0.0,0.0,0.718972,0.729773,1
5347.KL,22/12/2023,0.0,0.0,0.0,0.0,0.0,0.0,0.0,0.0,0.0,0
5347.KL,22/12/2024,0.0,0.0,0.0,0.0,0.0,0.0,0.0,0.0,0.0,0
5347.KL,22/12/2025,-0.098052,0.040103,0.821742,0.138155,0.0,0.5,0.5,0.127091,0.821742,2
5347.KL,22/2/2020,0.175395,0.196869,0.781658,0.021473,1.0,0.0,0.0,0.175395,0.781658,1
5347.KL,22/2/2021,0.004456,0.033668,0.937121,0.029211,0.0,1.0,0.0,0.004456,0.937121,1
5347.KL,22/2/2022,0.758205,0.767811,0.222583,0.009606,1.0,0.0,0.0,0.758205,0.767811,1
5347.KL,22/2/2023,0.15796,0.204187,0.749586,0.046227,0.5,0.5,0.0,0.162765,0.749586,2
5347.KL,22/2/2024,-0.279797,0.064071,0.59206,0.343869,0.0,0.5,0.5,0.352772,0.770622,2
5347.KL,22/2/2025,0.791752,0.805578,0.180596,0.013826,1.0,0.0,0.0,0.791752,0.805578,1
5347.KL,22/2/2026,0.0,0.0,0.0,0.0,0.0,0.0,0.0,0.0,0.0,0
5347.KL,22/3/2020,0.3231,0.341236,0.640629,0.018136,1.0,0.0,0.0,0.3231,0.640629,1
5347.KL,22/3/2021,0.038731,0.051932,0.934868,0.0132,0.0,1.0,0.0,0.038731,0.934868,1
5347.KL,22/3/2022,0.096362,0.47517,0.146022,0.378808,0.5,0.0,0.5,0.802514,0.828246,2
5347.KL,22/3/2023,0.130467,0.431151,0.268165,0.300684,0.666667,0.0,0.333333,0.69638,0.714108,3
5347.KL,22/3/2024,0.131161,0.143194,0.844773,0.012033,0.5,0.5,0.0,0.131161,0.844773,2
5347.KL,22/3/2025,0.0,0.0,0.0,0.0,0.0,0.0,0.0,0.0,0.0,0
5347.KL,22/4/2020,0.096861,0.108672,0.879517,0.011811,0.0,1.0,0.0,0.096861,0.879517,1
5347.KL,22/4/2021,0.0,0.0,0.0,0.0,0.0,0.0,0.0,0.0,0.0,0
5347.KL,22/4/2022,0.0,0.0,0.0,0.0,0.0,0.0,0.0,0.0,0.0,0
5347.KL,22/4/2023,0.361998,0.388357,0.585284,0.026359,1.0,0.0,0.0,0.361998,0.585284,1
5347.KL,22/4/2024,0.0,0.0,0.0,0.0,0.0,0.0,0.0,0.0,0.0,0
5347.KL,22/4/2025,0.0,0.0,0.0,0.0,0.0,0.0,0.0,0.0,0.0,0
5347.KL,22/5/2020,0.0,0.0,0.0,0.0,0.0,0.0,0.0,0.0,0.0,0
5347.KL,22/5/2021,0.0,0.0,0.0,0.0,0.0,0.0,0.0,0.0,0.0,0
5347.KL,22/5/2022,0.0,0.0,0.0,0.0,0.0,0.0,0.0,0.0,0.0,0
5347.KL,22/5/2023,0.001021,0.101529,0.797964,0.100508,0.0,1.0,0.0,0.093626,0.797964,2
5347.KL,22/5/2024,0.881017,0.889275,0.102467,0.008258,1.0,0.0,0.0,0.881017,0.889275,1
5347.KL,22/5/2025,0.0,0.0,0.0,0.0,0.0,0.0,0.0,0.0,0.0,0
5347.KL,22/6/2020,-0.13697,0.040846,0.781338,0.177816,0.0,0.0,1.0,0.13697,0.781338,1
5347.KL,22/6/2021,0.0,0.0,0.0,0.0,0.0,0.0,0.0,0.0,0.0,0
5347.KL,22/6/2022,0.521911,0.702224,0.117463,0.180313,1.0,0.0,0.0,0.521911,0.702224,2
5347.KL,22/6/2023,0.018759,0.033873,0.951014,0.015113,0.0,1.0,0.0,0.018759,0.951014,1
5347.KL,22/6/2024,0.069864,0.083677,0.902511,0.013813,0.0,1.0,0.0,0.069864,0.902511,1
5347.KL,22/6/2025,0.904784,0.915376,0.074032,0.010592,1.0,0.0,0.0,0.904784,0.915376,1
5347.KL,22/7/2020,0.0,0.0,0.0,0.0,0.0,0.0,0.0,0.0,0.0,0
5347.KL,22/7/2021,0.0,0.0,0.0,0.0,0.0,0.0,0.0,0.0,0.0,0
5347.KL,22/7/2022,0.137576,0.146869,0.843839,0.009292,1.0,0.0,0.0,0.137576,0.843839,1
5347.KL,22/7/2023,0.0,0.0,0.0,0.0,0.0,0.0,0.0,0.0,0.0,0
5347.KL,22/7/2024,0.0,0.0,0.0,0.0,0.0,0.0,0.0,0.0,0.0,0
5347.KL,22/7/2025,-0.951252,0.018126,0.012497,0.969378,0.0,0.0,1.0,0.951252,0.969378,1
5347.KL,22/8/2020,-0.949586,0.009183,0.032049,0.958768,0.0,0.0,1.0,0.949586,0.958768,1
5347.KL,22/8/2021,0.0,0.0,0.0,0.0,0.0,0.0,0.0,0.0,0.0,0
5347.KL,22/8/2022,0.15499,0.251425,0.652139,0.096435,0.5,0.5,0.0,0.15499,0.701015,2
5347.KL,22/8/2023,-0.555924,0.164548,0.11498,0.720472,0.0,0.0,1.0,0.555924,0.720472,2
5347.KL,22/8/2024,-0.356881,0.042109,0.558901,0.39899,0.0,0.333333,0.666667,0.379877,0.872673,3
5347.KL,22/8/2025,0.678016,0.807054,0.063908,0.129038,1.0,0.0,0.0,0.678016,0.807054,1
5347.KL,22/9/2020,-0.003495,0.266383,0.463739,0.269878,0.25,0.5,0.25,0.486988,0.910709,4
5347.KL,22/9/2021,0.0,0.0,0.0,0.0,0.0,0.0,0.0,0.0,0.0,0
5347.KL,22/9/2022,0.087527,0.097521,0.892486,0.009994,0.5,0.5,0.0,0.087527,0.892486,2
5347.KL,22/9/2023,-0.948406,0.016133,0.019329,0.964538,0.0,0.0,1.0,0.948406,0.964538,1
5347.KL,22/9/2024,0.0,0.0,0.0,0.0,0.0,0.0,0.0,0.0,0.0,0
5347.KL,22/9/2025,0.921134,0.947739,0.025656,0.026605,1.0,0.0,0.0,0.921134,0.947739,1
5347.KL,23/1/2020,-0.445151,0.02391,0.507028,0.469062,0.0,0.0,1.0,0.445151,0.507028,1
5347.KL,23/1/2021,0.0,0.0,0.0,0.0,0.0,0.0,0.0,0.0,0.0,0
5347.KL,23/1/2022,-0.858977,0.019614,0.101795,0.878591,0.0,0.0,1.0,0.858977,0.878591,1
5347.KL,23/1/2023,0.0,0.0,0.0,0.0,0.0,0.0,0.0,0.0,0.0,0
5347.KL,23/1/2024,0.658121,0.673538,0.311044,0.015418,1.0,0.0,0.0,0.658121,0.673538,1
5347.KL,23/1/2025,-0.032919,0.451964,0.063152,0.484884,0.5,0.0,0.5,0.911814,0.924331,2
5347.KL,23/1/2026,0.0,0.0,0.0,0.0,0.0,0.0,0.0,0.0,0.0,0
5347.KL,23/10/2020,0.0,0.0,0.0,0.0,0.0,0.0,0.0,0.0,0.0,0
5347.KL,23/10/2021,0.0,0.0,0.0,0.0,0.0,0.0,0.0,0.0,0.0,0
5347.KL,23/10/2022,0.0,0.0,0.0,0.0,0.0,0.0,0.0,0.0,0.0,0
5347.KL,23/10/2023,0.261542,0.274544,0.712455,0.013002,0.5,0.5,0.0,0.261542,0.725636,2
5347.KL,23/10/2024,0.656928,0.682129,0.29267,0.025201,1.0,0.0,0.0,0.656928,0.754544,2
5347.KL,23/10/2025,-0.049099,0.438964,0.072973,0.488063,0.5,0.0,0.5,0.898699,0.912863,2
5347.KL,23/11/2020,-0.050033,0.026028,0.89791,0.076061,0.0,1.0,0.0,0.050033,0.89791,1
5347.KL,23/11/2021,0.0,0.0,0.0,0.0,0.0,0.0,0.0,0.0,0.0,0
5347.KL,23/11/2022,-0.590962,0.049426,0.310186,0.640388,0.0,0.0,1.0,0.590962,0.757227,3
5347.KL,23/11/2023,0.634853,0.645038,0.344778,0.010185,1.0,0.0,0.0,0.634853,0.694927,2
5347.KL,23/11/2024,0.0,0.0,0.0,0.0,0.0,0.0,0.0,0.0,0.0,0
5347.KL,23/11/2025,-0.565593,0.082021,0.270365,0.647614,0.333333,0.0,0.666667,0.70091,0.892461,3
5347.KL,23/12/2020,0.0,0.0,0.0,0.0,0.0,0.0,0.0,0.0,0.0,0
5347.KL,23/12/2021,-0.18489,0.237679,0.339752,0.422569,0.5,0.0,0.5,0.613124,0.739687,4
5347.KL,23/12/2022,-0.431548,0.043292,0.481869,0.47484,0.0,0.5,0.5,0.452705,0.937135,2
5347.KL,23/12/2023,0.0,0.0,0.0,0.0,0.0,0.0,0.0,0.0,0.0,0
5347.KL,23/12/2024,0.0,0.0,0.0,0.0,0.0,0.0,0.0,0.0,0.0,0
5347.KL,23/12/2025,0.30179,0.377376,0.547037,0.075587,0.333333,0.666667,0.0,0.30179,0.751813,3
5347.KL,23/2/2020,0.0,0.0,0.0,0.0,0.0,0.0,0.0,0.0,0.0,0
5347.KL,23/2/2021,0.041819,0.098089,0.845641,0.05627,0.0,1.0,0.0,0.041819,0.845641,1
5347.KL,23/2/2022,0.238955,0.246126,0.746702,0.007171,1.0,0.0,0.0,0.238955,0.746702,1
5347.KL,23/2/2023,-0.47962,0.030771,0.458839,0.51039,0.0,0.5,0.5,0.47962,0.92452,2
5347.KL,23/2/2024,0.082267,0.092896,0.896474,0.01063,0.5,0.5,0.0,0.082267,0.896474,2
5347.KL,23/2/2025,0.766491,0.790656,0.185178,0.024166,1.0,0.0,0.0,0.766491,0.790656,1
5347.KL,23/2/2026,-0.654656,0.111893,0.121558,0.766549,0.0,0.0,1.0,0.654656,0.766549,1
5347.KL,23/3/2020,0.043573,0.062432,0.918709,0.018859,0.0,1.0,0.0,0.043573,0.918709,1
5347.KL,23/3/2021,-0.171781,0.116966,0.594286,0.288747,0.333333,0.333333,0.333333,0.379554,0.828589,3
5347.KL,23/3/2022,0.459924,0.485838,0.488248,0.025914,0.5,0.5,0.0,0.459924,0.93153,2
5347.KL,23/3/2023,0.0,0.0,0.0,0.0,0.0,0.0,0.0,0.0,0.0,0
5347.KL,23/3/2024,0.0,0.0,0.0,0.0,0.0,0.0,0.0,0.0,0.0,0
5347.KL,23/3/2025,0.921516,0.941271,0.038975,0.019754,1.0,0.0,0.0,0.921516,0.941271,1
5347.KL,23/4/2020,0.0,0.0,0.0,0.0,0.0,0.0,0.0,0.0,0.0,0
5347.KL,23/4/2021,0.0,0.0,0.0,0.0,0.0,0.0,0.0,0.0,0.0,0
5347.KL,23/4/2022,0.0,0.0,0.0,0.0,0.0,0.0,0.0,0.0,0.0,0
5347.KL,23/4/2023,0.0,0.0,0.0,0.0,0.0,0.0,0.0,0.0,0.0,0
5347.KL,23/4/2024,0.0,0.0,0.0,0.0,0.0,0.0,0.0,0.0,0.0,0
5347.KL,23/4/2025,0.411241,0.437574,0.536093,0.026333,0.5,0.5,0.0,0.425711,0.86885,4
5347.KL,23/5/2020,0.0,0.0,0.0,0.0,0.0,0.0,0.0,0.0,0.0,0
5347.KL,23/5/2021,0.0,0.0,0.0,0.0,0.0,0.0,0.0,0.0,0.0,0
5347.KL,23/5/2022,0.0,0.0,0.0,0.0,0.0,0.0,0.0,0.0,0.0,0
5347.KL,23/5/2023,0.020437,0.242847,0.534744,0.22241,0.5,0.0,0.5,0.333633,0.534744,2
5347.KL,23/5/2024,0.452781,0.482887,0.487008,0.030106,0.5,0.5,0.0,0.452781,0.939595,2
5347.KL,23/5/2025,0.211435,0.466292,0.278851,0.254857,0.5,0.0,0.5,0.688193,0.704671,2
5347.KL,23/6/2020,0.067368,0.097943,0.871483,0.030575,0.0,1.0,0.0,0.067368,0.871483,2
5347.KL,23/6/2021,-0.22111,0.058284,0.662323,0.279394,0.0,0.0,1.0,0.22111,0.662323,1
5347.KL,23/6/2022,0.030295,0.042702,0.944891,0.012407,0.0,1.0,0.0,0.030295,0.944891,1
5347.KL,23/6/2023,0.868405,0.903795,0.060815,0.03539,1.0,0.0,0.0,0.868405,0.903795,1
5347.KL,23/6/2024,0.0,0.0,0.0,0.0,0.0,0.0,0.0,0.0,0.0,0
5347.KL,23/6/2025,-0.912993,0.029072,0.028863,0.942065,0.0,0.0,1.0,0.912993,0.942065,2
5347.KL,23/7/2020,0.0,0.0,0.0,0.0,0.0,0.0,0.0,0.0,0.0,0
5347.KL,23/7/2021,0.0,0.0,0.0,0.0,0.0,0.0,0.0,0.0,0.0,0
5347.KL,23/7/2022,0.0,0.0,0.0,0.0,0.0,0.0,0.0,0.0,0.0,0
5347.KL,23/7/2023,-0.912145,0.013267,0.06132,0.925412,0.0,0.0,1.0,0.912145,0.925412,1
5347.KL,23/7/2024,0.0,0.0,0.0,0.0,0.0,0.0,0.0,0.0,0.0,0
5347.KL,23/7/2025,0.224945,0.34188,0.541185,0.116935,0.333333,0.5,0.166667,0.41488,0.849453,6
5347.KL,23/8/2020,-0.827155,0.040279,0.092288,0.867433,0.0,0.0,1.0,0.827155,0.867433,2
5347.KL,23/8/2021,0.430239,0.467342,0.495554,0.037103,0.666667,0.333333,0.0,0.430239,0.762347,3
5347.KL,23/8/2022,0.0,0.0,0.0,0.0,0.0,0.0,0.0,0.0,0.0,0
5347.KL,23/8/2023,0.586463,0.674607,0.237249,0.088144,1.0,0.0,0.0,0.586463,0.674607,2
5347.KL,23/8/2024,-0.454043,0.24943,0.047097,0.703473,0.0,0.0,1.0,0.454043,0.703473,1
5347.KL,23/8/2025,0.0,0.0,0.0,0.0,0.0,0.0,0.0,0.0,0.0,0
5347.KL,23/9/2020,0.0,0.0,0.0,0.0,0.0,0.0,0.0,0.0,0.0,0
5347.KL,23/9/2021,-0.766736,0.029626,0.174011,0.796362,0.0,0.0,1.0,0.766736,0.796362,2
5347.KL,23/9/2022,-0.389027,0.053613,0.503748,0.442639,0.0,0.5,0.5,0.447161,0.890809,2
5347.KL,23/9/2023,0.0,0.0,0.0,0.0,0.0,0.0,0.0,0.0,0.0,0
5347.KL,23/9/2024,0.508069,0.52829,0.45149,0.020221,0.75,0.25,0.0,0.508069,0.751704,4
5347.KL,23/9/2025,0.877844,0.920183,0.037478,0.042339,1.0,0.0,0.0,0.877844,0.920183,1
5347.KL,24/1/2020,-0.204656,0.375983,0.043377,0.58064,0.5,0.0,0.5,0.708789,0.832706,2
5347.KL,24/1/2021,0.0,0.0,0.0,0.0,0.0,0.0,0.0,0.0,0.0,0
5347.KL,24/1/2022,0.0,0.0,0.0,0.0,0.0,0.0,0.0,0.0,0.0,0
5347.KL,24/1/2023,0.0,0.0,0.0,0.0,0.0,0.0,0.0,0.0,0.0,0
5347.KL,24/1/2024,0.026352,0.04071,0.944933,0.014357,0.0,1.0,0.0,0.026352,0.944933,1
5347.KL,24/1/2025,0.201101,0.223033,0.755035,0.021932,1.0,0.0,0.0,0.201101,0.755035,1
5347.KL,24/1/2026,0.0,0.0,0.0,0.0,0.0,0.0,0.0,0.0,0.0,0
5347.KL,24/10/2020,0.0,0.0,0.0,0.0,0.0,0.0,0.0,0.0,0.0,0
5347.KL,24/10/2021,0.0,0.0,0.0,0.0,0.0,0.0,0.0,0.0,0.0,0
5347.KL,24/10/2022,0.0,0.0,0.0,0.0,0.0,0.0,0.0,0.0,0.0,0
5347.KL,24/10/2023,0.0,0.0,0.0,0.0,0.0,0.0,0.0,0.0,0.0,0
5347.KL,24/10/2024,0.0,0.0,0.0,0.0,0.0,0.0,0.0,0.0,0.0,0
5347.KL,24/10/2025,0.896583,0.924063,0.048457,0.02748,1.0,0.0,0.0,0.896583,0.924063,1
5347.KL,24/11/2020,0.0,0.0,0.0,0.0,0.0,0.0,0.0,0.0,0.0,0
5347.KL,24/11/2021,0.0,0.0,0.0,0.0,0.0,0.0,0.0,0.0,0.0,0
5347.KL,24/11/2022,0.005611,0.085526,0.834558,0.079916,0.0,1.0,0.0,0.03247,0.834558,2
5347.KL,24/11/2023,0.77496,0.782421,0.210119,0.00746,1.0,0.0,0.0,0.77496,0.782421,2
5347.KL,24/11/2024,0.0,0.0,0.0,0.0,0.0,0.0,0.0,0.0,0.0,0
5347.KL,24/11/2025,0.589468,0.599316,0.390835,0.009849,1.0,0.0,0.0,0.589468,0.599316,1
5347.KL,24/12/2020,0.262672,0.275768,0.711135,0.013097,0.666667,0.333333,0.0,0.262672,0.739713,3
5347.KL,24/12/2021,0.698422,0.826721,0.044981,0.128299,1.0,0.0,0.0,0.698422,0.826721,2
5347.KL,24/12/2022,0.0,0.0,0.0,0.0,0.0,0.0,0.0,0.0,0.0,0
5347.KL,24/12/2023,0.0,0.0,0.0,0.0,0.0,0.0,0.0,0.0,0.0,0
5347.KL,24/12/2024,-0.234371,0.037297,0.691035,0.271668,0.0,0.666667,0.333333,0.26658,0.825967,3
5347.KL,24/12/2025,0.030908,0.04382,0.943268,0.012912,0.0,1.0,0.0,0.030908,0.943268,1
5347.KL,24/2/2020,0.0,0.0,0.0,0.0,0.0,0.0,0.0,0.0,0.0,0
5347.KL,24/2/2021,0.0,0.0,0.0,0.0,0.0,0.0,0.0,0.0,0.0,0
5347.KL,24/2/2022,0.905838,0.918896,0.068046,0.013058,1.0,0.0,0.0,0.905838,0.918896,1
5347.KL,24/2/2023,0.0,0.0,0.0,0.0,0.0,0.0,0.0,0.0,0.0,0
5347.KL,24/2/2024,0.0,0.0,0.0,0.0,0.0,0.0,0.0,0.0,0.0,0
5347.KL,24/2/2025,-0.14632,0.161734,0.530212,0.308054,0.5,0.0,0.5,0.26277,0.726548,2
5347.KL,24/2/2026,-0.067811,0.147456,0.637277,0.215267,0.5,0.0,0.5,0.285557,0.637277,2
5347.KL,24/3/2020,-0.238689,0.055631,0.650049,0.29432,0.0,0.5,0.5,0.319562,0.73905,2
5347.KL,24/3/2021,-0.748903,0.029107,0.192883,0.77801,0.0,0.0,1.0,0.748903,0.77801,1
5347.KL,24/3/2022,0.0,0.0,0.0,0.0,0.0,0.0,0.0,0.0,0.0,0
5347.KL,24/3/2023,0.0,0.0,0.0,0.0,0.0,0.0,0.0,0.0,0.0,0
5347.KL,24/3/2024,0.0,0.0,0.0,0.0,0.0,0.0,0.0,0.0,0.0,0
5347.KL,24/3/2025,-0.112753,0.036072,0.815103,0.148825,0.0,0.0,1.0,0.112753,0.815103,1
5347.KL,24/4/2020,0.072074,0.081037,0.910001,0.008962,0.0,1.0,0.0,0.072074,0.910001,1
5347.KL,24/4/2021,0.0,0.0,0.0,0.0,0.0,0.0,0.0,0.0,0.0,0
5347.KL,24/4/2022,-0.16324,0.028269,0.780222,0.191509,0.0,0.0,1.0,0.16324,0.780222,1
5347.KL,24/4/2023,0.0,0.0,0.0,0.0,0.0,0.0,0.0,0.0,0.0,0
5347.KL,24/4/2024,0.381446,0.393793,0.59386,0.012347,1.0,0.0,0.0,0.381446,0.59386,1
5347.KL,24/4/2025,-0.733517,0.029385,0.207713,0.762902,0.0,0.0,1.0,0.733517,0.762902,1
5347.KL,24/5/2020,0.0,0.0,0.0,0.0,0.0,0.0,0.0,0.0,0.0,0
5347.KL,24/5/2021,0.0,0.0,0.0,0.0,0.0,0.0,0.0,0.0,0.0,0
5347.KL,24/5/2022,0.0,0.0,0.0,0.0,0.0,0.0,0.0,0.0,0.0,0
5347.KL,24/5/2023,0.0,0.0,0.0,0.0,0.0,0.0,0.0,0.0,0.0,0
5347.KL,24/5/2024,0.480453,0.543349,0.393755,0.062896,1.0,0.0,0.0,0.480453,0.757149,2
5347.KL,24/5/2025,0.045492,0.469085,0.107322,0.423593,0.5,0.0,0.5,0.830353,0.861515,2
5347.KL,24/6/2020,0.0,0.0,0.0,0.0,0.0,0.0,0.0,0.0,0.0,0
5347.KL,24/6/2021,0.05221,0.065627,0.920956,0.013417,0.0,1.0,0.0,0.05221,0.920956,1
5347.KL,24/6/2022,0.0,0.0,0.0,0.0,0.0,0.0,0.0,0.0,0.0,0
5347.KL,24/6/2023,0.130131,0.137363,0.855406,0.007232,1.0,0.0,0.0,0.130131,0.855406,1
5347.KL,24/6/2024,-0.000514,0.32793,0.343625,0.328445,0.666667,0.0,0.333333,0.637444,0.893414,3
5347.KL,24/6/2025,0.0,0.0,0.0,0.0,0.0,0.0,0.0,0.0,0.0,0
5347.KL,24/7/2020,0.009133,0.028435,0.952264,0.019301,0.0,1.0,0.0,0.009133,0.952264,1
5347.KL,24/7/2021,0.0,0.0,0.0,0.0,0.0,0.0,0.0,0.0,0.0,0
5347.KL,24/7/2022,0.0,0.0,0.0,0.0,0.0,0.0,0.0,0.0,0.0,0
5347.KL,24/7/2023,0.352919,0.397562,0.557795,0.044643,0.666667,0.333333,0.0,0.352919,0.850914,3
5347.KL,24/7/2024,0.0,0.0,0.0,0.0,0.0,0.0,0.0,0.0,0.0,0
5347.KL,24/7/2025,0.769008,0.860811,0.047386,0.091803,1.0,0.0,0.0,0.769008,0.860811,2
5347.KL,24/8/2020,-0.472804,0.021267,0.484661,0.494072,0.0,0.5,0.5,0.472804,0.940187,2
5347.KL,24/8/2021,0.059219,0.078569,0.902082,0.01935,0.0,1.0,0.0,0.059219,0.902082,1
5347.KL,24/8/2022,0.034477,0.047913,0.938652,0.013436,0.0,1.0,0.0,0.034477,0.938652,1
5347.KL,24/8/2023,0.126913,0.141534,0.843844,0.014622,0.5,0.5,0.0,0.126913,0.843844,2
5347.KL,24/8/2024,0.0,0.0,0.0,0.0,0.0,0.0,0.0,0.0,0.0,0
5347.KL,24/8/2025,0.0,0.0,0.0,0.0,0.0,0.0,0.0,0.0,0.0,0
5347.KL,24/9/2020,-0.646777,0.018403,0.316417,0.66518,0.0,0.0,1.0,0.646777,0.66518,1
5347.KL,24/9/2021,0.0,0.0,0.0,0.0,0.0,0.0,0.0,0.0,0.0,0
5347.KL,24/9/2022,-0.057836,0.419447,0.103271,0.477282,0.5,0.0,0.5,0.878762,0.887746,2
5347.KL,24/9/2023,0.0,0.0,0.0,0.0,0.0,0.0,0.0,0.0,0.0,0
5347.KL,24/9/2024,0.725881,0.77119,0.183501,0.045309,1.0,0.0,0.0,0.725881,0.781184,4
5347.KL,24/9/2025,0.138061,0.386733,0.364595,0.248672,0.25,0.5,0.25,0.343833,0.725529,4
5347.KL,25/1/2020,0.0,0.0,0.0,0.0,0.0,0.0,0.0,0.0,0.0,0
5347.KL,25/1/2021,0.0,0.0,0.0,0.0,0.0,0.0,0.0,0.0,0.0,0
5347.KL,25/1/2022,-0.117615,0.428331,0.025723,0.545946,0.0,0.0,1.0,0.117615,0.545946,1
5347.KL,25/1/2023,0.0,0.0,0.0,0.0,0.0,0.0,0.0,0.0,0.0,0
5347.KL,25/1/2024,0.482341,0.493838,0.494665,0.011497,0.5,0.5,0.0,0.482341,0.918971,2
5347.KL,25/1/2025,0.0,0.0,0.0,0.0,0.0,0.0,0.0,0.0,0.0,0
5347.KL,25/1/2026,0.0,0.0,0.0,0.0,0.0,0.0,0.0,0.0,0.0,0
5347.KL,25/10/2020,0.0,0.0,0.0,0.0,0.0,0.0,0.0,0.0,0.0,0
5347.KL,25/10/2021,0.0,0.0,0.0,0.0,0.0,0.0,0.0,0.0,0.0,0
5347.KL,25/10/2022,0.019415,0.03479,0.949835,0.015375,0.0,1.0,0.0,0.019415,0.949835,1
5347.KL,25/10/2023,0.0,0.0,0.0,0.0,0.0,0.0,0.0,0.0,0.0,0
5347.KL,25/10/2024,-0.072684,0.316415,0.294486,0.389099,0.5,0.0,0.5,0.666982,0.686248,2
5347.KL,25/10/2025,0.906314,0.93737,0.031574,0.031056,1.0,0.0,0.0,0.906314,0.93737,1
5347.KL,25/11/2020,0.0,0.0,0.0,0.0,0.0,0.0,0.0,0.0,0.0,0
5347.KL,25/11/2021,0.0,0.0,0.0,0.0,0.0,0.0,0.0,0.0,0.0,0
5347.KL,25/11/2022,0.061104,0.1949,0.671304,0.133796,0.0,1.0,0.0,0.061104,0.671304,1
5347.KL,25/11/2023,0.0,0.0,0.0,0.0,0.0,0.0,0.0,0.0,0.0,0
5347.KL,25/11/2024,0.871588,0.91244,0.046708,0.040852,1.0,0.0,0.0,0.871588,0.91244,1
5347.KL,25/11/2025,0.0,0.0,0.0,0.0,0.0,0.0,0.0,0.0,0.0,0
5347.KL,25/12/2020,0.429363,0.45613,0.517103,0.026767,1.0,0.0,0.0,0.429363,0.517103,1
5347.KL,25/12/2021,0.785439,0.850428,0.084583,0.064989,1.0,0.0,0.0,0.785439,0.850428,1
5347.KL,25/12/2022,-0.881927,0.016094,0.085886,0.898021,0.0,0.0,1.0,0.881927,0.898021,1
5347.KL,25/12/2023,0.855037,0.863223,0.128591,0.008186,1.0,0.0,0.0,0.855037,0.863223,1
5347.KL,25/12/2024,0.900599,0.929877,0.040846,0.029277,1.0,0.0,0.0,0.900599,0.929877,2
5347.KL,25/12/2025,0.0,0.0,0.0,0.0,0.0,0.0,0.0,0.0,0.0,0
5347.KL,25/2/2020,0.331702,0.640066,0.051571,0.308363,1.0,0.0,0.0,0.331702,0.640066,1
5347.KL,25/2/2021,0.658874,0.728516,0.201842,0.069642,1.0,0.0,0.0,0.658874,0.728516,1
5347.KL,25/2/2022,-0.323513,0.03083,0.614828,0.354342,0.0,0.5,0.5,0.323513,0.700256,2
5347.KL,25/2/2023,-0.572349,0.024948,0.377754,0.597297,0.0,0.0,1.0,0.572349,0.597297,1
5347.KL,25/2/2024,0.79241,0.804867,0.182675,0.012457,1.0,0.0,0.0,0.79241,0.804867,1
5347.KL,25/2/2025,-0.083055,0.404747,0.107451,0.487802,0.5,0.0,0.5,0.87005,0.881299,4
5347.KL,25/2/2026,-0.882692,0.017658,0.081993,0.90035,0.0,0.0,1.0,0.882692,0.90035,1
5347.KL,25/3/2020,0.0,0.0,0.0,0.0,0.0,0.0,0.0,0.0,0.0,0
5347.KL,25/3/2021,0.307722,0.378907,0.549908,0.071185,0.714286,0.142857,0.142857,0.364265,0.749569,7
5347.KL,25/3/2022,0.041178,0.079325,0.882528,0.038147,0.25,0.75,0.0,0.069367,0.882528,4
5347.KL,25/3/2023,-0.41286,0.023013,0.541114,0.435873,0.0,0.0,1.0,0.41286,0.541114,1
5347.KL,25/3/2024,-0.04855,0.417515,0.11642,0.466065,0.5,0.0,0.5,0.823965,0.853772,2
5347.KL,25/3/2025,-0.002041,0.290793,0.416373,0.292834,0.333333,0.333333,0.333333,0.475408,0.828162,3
5347.KL,25/4/2020,0.0,0.0,0.0,0.0,0.0,0.0,0.0,0.0,0.0,0
5347.KL,25/4/2021,0.0,0.0,0.0,0.0,0.0,0.0,0.0,0.0,0.0,0
5347.KL,25/4/2022,0.0,0.0,0.0,0.0,0.0,0.0,0.0,0.0,0.0,0
5347.KL,25/4/2023,0.024769,0.0394,0.945969,0.014631,0.0,1.0,0.0,0.024769,0.945969,1
5347.KL,25/4/2024,0.070285,0.114847,0.840591,0.044562,0.0,1.0,0.0,0.070285,0.840591,1
5347.KL,25/4/2025,0.307321,0.353525,0.600272,0.046203,0.333333,0.666667,0.0,0.321238,0.897486,3
5347.KL,25/5/2020,0.0,0.0,0.0,0.0,0.0,0.0,0.0,0.0,0.0,0
5347.KL,25/5/2021,0.0,0.0,0.0,0.0,0.0,0.0,0.0,0.0,0.0,0
5347.KL,25/5/2022,0.0,0.0,0.0,0.0,0.0,0.0,0.0,0.0,0.0,0
5347.KL,25/5/2023,0.0,0.0,0.0,0.0,0.0,0.0,0.0,0.0,0.0,0
5347.KL,25/5/2024,0.0,0.0,0.0,0.0,0.0,0.0,0.0,0.0,0.0,0
5347.KL,25/5/2025,0.659344,0.667028,0.325289,0.007683,1.0,0.0,0.0,0.659344,0.667028,1
5347.KL,25/6/2020,0.0,0.0,0.0,0.0,0.0,0.0,0.0,0.0,0.0,0
5347.KL,25/6/2021,0.108736,0.12501,0.858717,0.016273,1.0,0.0,0.0,0.108736,0.858717,1
5347.KL,25/6/2022,-0.018538,0.021399,0.938664,0.039937,0.0,1.0,0.0,0.018538,0.938664,1
5347.KL,25/6/2023,0.0,0.0,0.0,0.0,0.0,0.0,0.0,0.0,0.0,0
5347.KL,25/6/2024,-0.160104,0.309211,0.221474,0.469315,0.5,0.0,0.5,0.599576,0.689051,4
5347.KL,25/6/2025,0.734315,0.744465,0.245386,0.010149,1.0,0.0,0.0,0.734315,0.744465,2
5347.KL,25/7/2020,0.0,0.0,0.0,0.0,0.0,0.0,0.0,0.0,0.0,0
5347.KL,25/7/2021,0.0,0.0,0.0,0.0,0.0,0.0,0.0,0.0,0.0,0
5347.KL,25/7/2022,0.0,0.0,0.0,0.0,0.0,0.0,0.0,0.0,0.0,0
5347.KL,25/7/2023,-0.632917,0.079813,0.207457,0.71273,0.0,0.0,1.0,0.632917,0.71273,1
5347.KL,25/7/2024,-0.371657,0.022253,0.583837,0.39391,0.0,0.0,1.0,0.371657,0.583837,1
5347.KL,25/7/2025,-0.928335,0.023099,0.025468,0.951434,0.0,0.0,1.0,0.928335,0.951434,1
5347.KL,25/8/2020,0.0,0.0,0.0,0.0,0.0,0.0,0.0,0.0,0.0,0
5347.KL,25/8/2021,0.0,0.0,0.0,0.0,0.0,0.0,0.0,0.0,0.0,0
5347.KL,25/8/2022,0.819093,0.857543,0.104006,0.03845,1.0,0.0,0.0,0.819093,0.857543,2
5347.KL,25/8/2023,0.0,0.0,0.0,0.0,0.0,0.0,0.0,0.0,0.0,0
5347.KL,25/8/2024,0.0,0.0,0.0,0.0,0.0,0.0,0.0,0.0,0.0,0
5347.KL,25/8/2025,0.405637,0.507583,0.390471,0.101946,1.0,0.0,0.0,0.405637,0.725229,2
5347.KL,25/9/2020,0.0,0.0,0.0,0.0,0.0,0.0,0.0,0.0,0.0,0
5347.KL,25/9/2021,0.0,0.0,0.0,0.0,0.0,0.0,0.0,0.0,0.0,0
5347.KL,25/9/2022,0.0,0.0,0.0,0.0,0.0,0.0,0.0,0.0,0.0,0
5347.KL,25/9/2023,0.0,0.0,0.0,0.0,0.0,0.0,0.0,0.0,0.0,0
5347.KL,25/9/2024,0.034333,0.285238,0.463857,0.250905,0.5,0.25,0.25,0.500073,0.879827,4
5347.KL,25/9/2025,-0.929689,0.027115,0.016081,0.956804,0.0,0.0,1.0,0.929689,0.956804,1
5347.KL,26/1/2020,0.0,0.0,0.0,0.0,0.0,0.0,0.0,0.0,0.0,0
5347.KL,26/1/2021,0.0,0.0,0.0,0.0,0.0,0.0,0.0,0.0,0.0,0
5347.KL,26/1/2022,0.719072,0.83858,0.041913,0.119508,1.0,0.0,0.0,0.719072,0.83858,1
5347.KL,26/1/2023,0.259727,0.404034,0.451659,0.144307,0.5,0.5,0.0,0.259727,0.791328,2
5347.KL,26/1/2024,0.0,0.0,0.0,0.0,0.0,0.0,0.0,0.0,0.0,0
5347.KL,26/1/2025,0.191535,0.206164,0.779206,0.01463,1.0,0.0,0.0,0.191535,0.779206,2
5347.KL,26/1/2026,0.0,0.0,0.0,0.0,0.0,0.0,0.0,0.0,0.0,0
5347.KL,26/10/2020,0.0,0.0,0.0,0.0,0.0,0.0,0.0,0.0,0.0,0
5347.KL,26/10/2021,-0.394802,0.024743,0.555712,0.419545,0.0,0.5,0.5,0.416088,0.887438,2
5347.KL,26/10/2022,0.271035,0.310816,0.649403,0.039781,0.5,0.5,0.0,0.271035,0.74582,2
5347.KL,26/10/2023,-0.832795,0.046715,0.073775,0.87951,0.0,0.0,1.0,0.832795,0.87951,1
5347.KL,26/10/2024,-0.840433,0.027736,0.104094,0.86817,0.0,0.0,1.0,0.840433,0.86817,2
5347.KL,26/10/2025,0.0,0.0,0.0,0.0,0.0,0.0,0.0,0.0,0.0,0
5347.KL,26/11/2020,0.0,0.0,0.0,0.0,0.0,0.0,0.0,0.0,0.0,0
5347.KL,26/11/2021,0.39438,0.402878,0.588625,0.008498,1.0,0.0,0.0,0.39438,0.588625,1
5347.KL,26/11/2022,0.0,0.0,0.0,0.0,0.0,0.0,0.0,0.0,0.0,0
5347.KL,26/11/2023,0.394007,0.40274,0.588527,0.008733,1.0,0.0,0.0,0.394007,0.588527,1
5347.KL,26/11/2024,0.592972,0.76599,0.060991,0.173019,1.0,0.0,0.0,0.592972,0.76599,1
5347.KL,26/11/2025,0.802993,0.811417,0.18016,0.008423,1.0,0.0,0.0,0.802993,0.811417,1
5347.KL,26/12/2020,0.0,0.0,0.0,0.0,0.0,0.0,0.0,0.0,0.0,0
5347.KL,26/12/2021,0.282598,0.327524,0.62755,0.044926,0.5,0.5,0.0,0.282598,0.703,2
5347.KL,26/12/2022,0.0,0.0,0.0,0.0,0.0,0.0,0.0,0.0,0.0,0
5347.KL,26/12/2023,-0.951769,0.008555,0.031122,0.960324,0.0,0.0,1.0,0.951769,0.960324,3
5347.KL,26/12/2024,0.427128,0.435187,0.556755,0.008058,1.0,0.0,0.0,0.427128,0.556755,1
5347.KL,26/12/2025,0.0,0.0,0.0,0.0,0.0,0.0,0.0,0.0,0.0,0
5347.KL,26/2/2020,-0.877182,0.038469,0.045879,0.915652,0.0,0.0,1.0,0.877182,0.915652,1
5347.KL,26/2/2021,0.056593,0.432521,0.19155,0.375929,0.5,0.0,0.5,0.728189,0.76832,4
5347.KL,26/2/2022,-0.261422,0.203528,0.331521,0.464951,0.5,0.0,0.5,0.647558,0.761252,2
5347.KL,26/2/2023,0.601499,0.682362,0.236775,0.080863,1.0,0.0,0.0,0.601499,0.682362,1
5347.KL,26/2/2024,0.147449,0.161423,0.824603,0.013974,0.5,0.5,0.0,0.147449,0.824603,2
5347.KL,26/2/2025,-0.285296,0.044035,0.626634,0.329331,0.0,0.666667,0.333333,0.351068,0.939436,3
5347.KL,26/2/2026,-0.659913,0.022253,0.295581,0.682166,0.0,0.0,1.0,0.659913,0.682166,1
5347.KL,26/3/2020,0.0,0.0,0.0,0.0,0.0,0.0,0.0,0.0,0.0,0
5347.KL,26/3/2021,0.0,0.0,0.0,0.0,0.0,0.0,0.0,0.0,0.0,0
5347.KL,26/3/2022,-0.926945,0.013637,0.045781,0.940582,0.0,0.0,1.0,0.926945,0.940582,1
5347.KL,26/3/2023,0.0,0.0,0.0,0.0,0.0,0.0,0.0,0.0,0.0,0
5347.KL,26/3/2024,0.0,0.0,0.0,0.0,0.0,0.0,0.0,0.0,0.0,0
5347.KL,26/3/2025,-0.909105,0.014681,0.061533,0.923786,0.0,0.0,1.0,0.909105,0.923786,1
5347.KL,26/4/2020,0.0,0.0,0.0,0.0,0.0,0.0,0.0,0.0,0.0,0
5347.KL,26/4/2021,0.0,0.0,0.0,0.0,0.0,0.0,0.0,0.0,0.0,0
5347.KL,26/4/2022,-0.00482,0.03553,0.924119,0.04035,0.0,1.0,0.0,0.00482,0.924119,1
5347.KL,26/4/2023,0.0,0.0,0.0,0.0,0.0,0.0,0.0,0.0,0.0,0
5347.KL,26/4/2024,0.906168,0.933019,0.04013,0.026851,1.0,0.0,0.0,0.906168,0.933019,1
5347.KL,26/4/2025,0.0,0.0,0.0,0.0,0.0,0.0,0.0,0.0,0.0,0
5347.KL,26/5/2020,0.0,0.0,0.0,0.0,0.0,0.0,0.0,0.0,0.0,0
5347.KL,26/5/2021,0.0,0.0,0.0,0.0,0.0,0.0,0.0,0.0,0.0,0
5347.KL,26/5/2022,0.0,0.0,0.0,0.0,0.0,0.0,0.0,0.0,0.0,0
5347.KL,26/5/2023,0.0,0.0,0.0,0.0,0.0,0.0,0.0,0.0,0.0,0
5347.KL,26/5/2024,0.0,0.0,0.0,0.0,0.0,0.0,0.0,0.0,0.0,0
5347.KL,26/5/2025,0.578332,0.589522,0.399288,0.01119,1.0,0.0,0.0,0.578332,0.829214,2
5347.KL,26/6/2020,0.0,0.0,0.0,0.0,0.0,0.0,0.0,0.0,0.0,0
5347.KL,26/6/2021,0.107154,0.119405,0.868345,0.012251,1.0,0.0,0.0,0.107154,0.868345,1
5347.KL,26/6/2022,0.0,0.0,0.0,0.0,0.0,0.0,0.0,0.0,0.0,0
5347.KL,26/6/2023,0.318139,0.630955,0.056229,0.312816,0.666667,0.0,0.333333,0.908346,0.926058,3
5347.KL,26/6/2024,-0.862528,0.015989,0.105493,0.878517,0.0,0.0,1.0,0.862528,0.878517,2
5347.KL,26/6/2025,0.098019,0.314803,0.468412,0.216784,0.333333,0.333333,0.333333,0.462537,0.786648,3
5347.KL,26/7/2020,0.080735,0.096912,0.886912,0.016177,0.0,1.0,0.0,0.080735,0.886912,1
5347.KL,26/7/2021,-0.74926,0.026837,0.197067,0.776097,0.0,0.0,1.0,0.74926,0.776097,1
5347.KL,26/7/2022,0.0,0.0,0.0,0.0,0.0,0.0,0.0,0.0,0.0,0
5347.KL,26/7/2023,-0.103171,0.017313,0.862204,0.120483,0.0,0.0,1.0,0.103171,0.862204,1
5347.KL,26/7/2024,0.012416,0.476326,0.059765,0.463909,0.5,0.0,0.5,0.796236,0.868236,2
5347.KL,26/7/2025,-0.29851,0.15783,0.38583,0.45634,0.5,0.0,0.5,0.556732,0.802899,2
5347.KL,26/8/2020,0.0,0.0,0.0,0.0,0.0,0.0,0.0,0.0,0.0,0
5347.KL,26/8/2021,0.0,0.0,0.0,0.0,0.0,0.0,0.0,0.0,0.0,0
5347.KL,26/8/2022,0.423483,0.43144,0.560603,0.007957,1.0,0.0,0.0,0.423483,0.560603,1
5347.KL,26/8/2023,0.033781,0.055957,0.921867,0.022176,0.0,1.0,0.0,0.033781,0.921867,1
5347.KL,26/8/2024,0.035021,0.226942,0.581138,0.191921,0.2,0.6,0.2,0.2858,0.85616,5
5347.KL,26/8/2025,-0.087817,0.154895,0.602394,0.242711,0.0,0.5,0.5,0.087817,0.687586,2
5347.KL,26/9/2020,0.0,0.0,0.0,0.0,0.0,0.0,0.0,0.0,0.0,0
5347.KL,26/9/2021,0.0,0.0,0.0,0.0,0.0,0.0,0.0,0.0,0.0,0
5347.KL,26/9/2022,0.276675,0.283894,0.708887,0.007219,1.0,0.0,0.0,0.276675,0.708887,1
5347.KL,26/9/2023,-0.032323,0.452047,0.063583,0.48437,0.6,0.0,0.4,0.726161,0.831289,5
5347.KL,26/9/2024,0.522966,0.597443,0.328081,0.074476,0.666667,0.333333,0.0,0.522966,0.86642,3
5347.KL,26/9/2025,0.0,0.0,0.0,0.0,0.0,0.0,0.0,0.0,0.0,0
5347.KL,27/1/2020,0.235983,0.251934,0.732116,0.015951,1.0,0.0,0.0,0.235983,0.732116,2
5347.KL,27/1/2021,0.0,0.0,0.0,0.0,0.0,0.0,0.0,0.0,0.0,0
5347.KL,27/1/2022,0.0,0.0,0.0,0.0,0.0,0.0,0.0,0.0,0.0,0
5347.KL,27/1/2023,0.0,0.0,0.0,0.0,0.0,0.0,0.0,0.0,0.0,0
5347.KL,27/1/2024,-0.159359,0.142307,0.556027,0.301666,0.666667,0.0,0.333333,0.421453,0.816412,3
5347.KL,27/1/2025,0.064661,0.147352,0.769957,0.082691,0.0,1.0,0.0,0.064661,0.769957,1
5347.KL,27/1/2026,-0.923197,0.010593,0.055618,0.93379,0.0,0.0,1.0,0.923197,0.93379,1
5347.KL,27/10/2020,0.0,0.0,0.0,0.0,0.0,0.0,0.0,0.0,0.0,0
5347.KL,27/10/2021,0.0,0.0,0.0,0.0,0.0,0.0,0.0,0.0,0.0,0
5347.KL,27/10/2022,0.14222,0.211056,0.720107,0.068837,0.5,0.5,0.0,0.14222,0.720107,2
5347.KL,27/10/2023,0.0,0.0,0.0,0.0,0.0,0.0,0.0,0.0,0.0,0
5347.KL,27/10/2024,0.0,0.0,0.0,0.0,0.0,0.0,0.0,0.0,0.0,0
5347.KL,27/10/2025,0.0,0.0,0.0,0.0,0.0,0.0,0.0,0.0,0.0,0
5347.KL,27/11/2020,0.0,0.0,0.0,0.0,0.0,0.0,0.0,0.0,0.0,0
5347.KL,27/11/2021,0.0,0.0,0.0,0.0,0.0,0.0,0.0,0.0,0.0,0
5347.KL,27/11/2022,0.0,0.0,0.0,0.0,0.0,0.0,0.0,0.0,0.0,0
5347.KL,27/11/2023,0.023169,0.038274,0.946621,0.015105,0.0,1.0,0.0,0.023169,0.946621,1
5347.KL,27/11/2024,0.552974,0.57285,0.407274,0.019876,1.0,0.0,0.0,0.552974,0.870593,2
5347.KL,27/11/2025,-0.294349,0.062973,0.579705,0.357322,0.0,0.5,0.5,0.317092,0.728693,2
5347.KL,27/12/2020,0.177007,0.191047,0.794913,0.01404,1.0,0.0,0.0,0.177007,0.794913,1
5347.KL,27/12/2021,0.0,0.0,0.0,0.0,0.0,0.0,0.0,0.0,0.0,0
5347.KL,27/12/2022,0.0,0.0,0.0,0.0,0.0,0.0,0.0,0.0,0.0,0
5347.KL,27/12/2023,-0.050534,0.34192,0.265625,0.392455,0.333333,0.0,0.666667,0.661109,0.865053,3
5347.KL,27/12/2024,0.430507,0.521678,0.387152,0.091171,0.777778,0.111111,0.111111,0.489703,0.833265,9
5347.KL,27/12/2025,-0.000415,0.023897,0.95179,0.024313,0.0,1.0,0.0,0.000415,0.95179,1
5347.KL,27/2/2020,-0.383157,0.037599,0.541645,0.420756,0.0,0.5,0.5,0.415259,0.865533,2
5347.KL,27/2/2021,0.402023,0.413635,0.574753,0.011612,1.0,0.0,0.0,0.402023,0.574753,1
5347.KL,27/2/2022,0.753833,0.847814,0.058205,0.093981,1.0,0.0,0.0,0.753833,0.847814,1
5347.KL,27/2/2023,0.0,0.0,0.0,0.0,0.0,0.0,0.0,0.0,0.0,0
5347.KL,27/2/2024,0.63867,0.64861,0.34145,0.00994,1.0,0.0,0.0,0.63867,0.64861,1
5347.KL,27/2/2025,0.413817,0.535991,0.341836,0.122174,1.0,0.0,0.0,0.413817,0.690552,2
5347.KL,27/2/2026,0.095876,0.113867,0.868142,0.017991,0.5,0.5,0.0,0.100467,0.868142,4
5347.KL,27/3/2020,0.0,0.0,0.0,0.0,0.0,0.0,0.0,0.0,0.0,0
5347.KL,27/3/2021,0.500236,0.510514,0.479208,0.010278,1.0,0.0,0.0,0.500236,0.661377,2
5347.KL,27/3/2022,0.0,0.0,0.0,0.0,0.0,0.0,0.0,0.0,0.0,0
5347.KL,27/3/2023,0.618188,0.63338,0.351428,0.015192,1.0,0.0,0.0,0.618188,0.63338,1
5347.KL,27/3/2024,0.469448,0.510524,0.448399,0.041076,0.666667,0.333333,0.0,0.469448,0.805103,3
5347.KL,27/3/2025,0.023409,0.329926,0.363556,0.306518,0.333333,0.333333,0.333333,0.542989,0.882521,3
5347.KL,27/4/2020,0.0,0.0,0.0,0.0,0.0,0.0,0.0,0.0,0.0,0
5347.KL,27/4/2021,0.0,0.0,0.0,0.0,0.0,0.0,0.0,0.0,0.0,0
5347.KL,27/4/2022,0.452481,0.459159,0.534163,0.006678,1.0,0.0,0.0,0.452481,0.534163,1
5347.KL,27/4/2023,0.205784,0.348346,0.509092,0.142562,0.5,0.5,0.0,0.205784,0.774787,2
5347.KL,27/4/2024,0.0,0.0,0.0,0.0,0.0,0.0,0.0,0.0,0.0,0
5347.KL,27/4/2025,0.429245,0.445832,0.537582,0.016587,1.0,0.0,0.0,0.429245,0.537582,1
5347.KL,27/5/2020,0.0,0.0,0.0,0.0,0.0,0.0,0.0,0.0,0.0,0
5347.KL,27/5/2021,0.0,0.0,0.0,0.0,0.0,0.0,0.0,0.0,0.0,0
5347.KL,27/5/2022,-0.470355,0.227749,0.074147,0.698104,0.0,0.0,1.0,0.470355,0.698104,1
5347.KL,27/5/2023,0.771523,0.777894,0.215734,0.006372,1.0,0.0,0.0,0.771523,0.777894,1
5347.KL,27/5/2024,0.048512,0.071799,0.904915,0.023287,0.0,1.0,0.0,0.048512,0.904915,1
5347.KL,27/5/2025,-0.820482,0.026686,0.126146,0.847168,0.0,0.0,1.0,0.820482,0.847168,1
5347.KL,27/6/2020,-0.547111,0.165799,0.121291,0.71291,0.0,0.0,1.0,0.547111,0.71291,1
5347.KL,27/6/2021,0.0,0.0,0.0,0.0,0.0,0.0,0.0,0.0,0.0,0
5347.KL,27/6/2022,-0.64848,0.152812,0.045896,0.801292,0.0,0.0,1.0,0.64848,0.801292,1
5347.KL,27/6/2023,0.234287,0.256043,0.722201,0.021756,0.25,0.75,0.0,0.234287,0.880791,4
5347.KL,27/6/2024,0.0,0.0,0.0,0.0,0.0,0.0,0.0,0.0,0.0,0
5347.KL,27/6/2025,0.0,0.0,0.0,0.0,0.0,0.0,0.0,0.0,0.0,0
5347.KL,27/7/2020,0.0,0.0,0.0,0.0,0.0,0.0,0.0,0.0,0.0,0
5347.KL,27/7/2021,-0.032799,0.035288,0.896624,0.068088,0.0,1.0,0.0,0.032799,0.896624,1
5347.KL,27/7/2022,-0.504963,0.153419,0.1882,0.658382,0.222222,0.0,0.777778,0.63468,0.766271,9
5347.KL,27/7/2023,-0.957294,0.0094,0.023906,0.966694,0.0,0.0,1.0,0.957294,0.966694,1
5347.KL,27/7/2024,0.0,0.0,0.0,0.0,0.0,0.0,0.0,0.0,0.0,0
5347.KL,27/7/2025,0.0,0.0,0.0,0.0,0.0,0.0,0.0,0.0,0.0,0
5347.KL,27/8/2020,0.0,0.0,0.0,0.0,0.0,0.0,0.0,0.0,0.0,0
5347.KL,27/8/2021,0.454248,0.487165,0.479917,0.032918,0.5,0.5,0.0,0.454248,0.932245,2
5347.KL,27/8/2022,-0.000957,0.08734,0.824363,0.088297,0.0,1.0,0.0,0.000957,0.824363,1
5347.KL,27/8/2023,0.758537,0.767098,0.224341,0.008561,1.0,0.0,0.0,0.758537,0.767098,1
5347.KL,27/8/2024,0.834188,0.892434,0.049321,0.058246,1.0,0.0,0.0,0.834188,0.892434,1
5347.KL,27/8/2025,0.902145,0.935445,0.031255,0.0333,1.0,0.0,0.0,0.902145,0.935445,1
5347.KL,27/9/2020,0.0,0.0,0.0,0.0,0.0,0.0,0.0,0.0,0.0,0
5347.KL,27/9/2021,0.0,0.0,0.0,0.0,0.0,0.0,0.0,0.0,0.0,0
5347.KL,27/9/2022,0.145937,0.160268,0.825401,0.014331,1.0,0.0,0.0,0.145937,0.825401,1
5347.KL,27/9/2023,0.0,0.0,0.0,0.0,0.0,0.0,0.0,0.0,0.0,0
5347.KL,27/9/2024,-0.943845,0.023443,0.00927,0.967287,0.0,0.0,1.0,0.943845,0.967287,1
5347.KL,27/9/2025,0.411933,0.419318,0.573297,0.007385,1.0,0.0,0.0,0.411933,0.573297,1
5347.KL,28/1/2020,0.210977,0.22471,0.761556,0.013733,1.0,0.0,0.0,0.210977,0.761556,1
5347.KL,28/1/2021,0.0,0.0,0.0,0.0,0.0,0.0,0.0,0.0,0.0,0
5347.KL,28/1/2022,0.0,0.0,0.0,0.0,0.0,0.0,0.0,0.0,0.0,0
5347.KL,28/1/2023,0.0,0.0,0.0,0.0,0.0,0.0,0.0,0.0,0.0,0
5347.KL,28/1/2024,0.0,0.0,0.0,0.0,0.0,0.0,0.0,0.0,0.0,0
5347.KL,28/1/2025,0.693892,0.707208,0.279476,0.013316,1.0,0.0,0.0,0.693892,0.707208,1
5347.KL,28/1/2026,0.809781,0.817234,0.175312,0.007454,1.0,0.0,0.0,0.809781,0.817234,1
5347.KL,28/10/2020,0.614573,0.622766,0.369041,0.008193,1.0,0.0,0.0,0.614573,0.622766,1
5347.KL,28/10/2021,0.0,0.0,0.0,0.0,0.0,0.0,0.0,0.0,0.0,0
5347.KL,28/10/2022,0.0,0.0,0.0,0.0,0.0,0.0,0.0,0.0,0.0,0
5347.KL,28/10/2023,0.0,0.0,0.0,0.0,0.0,0.0,0.0,0.0,0.0,0
5347.KL,28/10/2024,0.223387,0.242691,0.738006,0.019303,0.5,0.5,0.0,0.223387,0.738006,2
5347.KL,28/10/2025,-0.43343,0.049657,0.467257,0.483086,0.0,0.5,0.5,0.509992,0.930029,2
5347.KL,28/11/2020,0.0,0.0,0.0,0.0,0.0,0.0,0.0,0.0,0.0,0
5347.KL,28/11/2021,0.0,0.0,0.0,0.0,0.0,0.0,0.0,0.0,0.0,0
5347.KL,28/11/2022,0.760985,0.817204,0.126577,0.056219,1.0,0.0,0.0,0.760985,0.817204,1
5347.KL,28/11/2023,0.12548,0.378216,0.369048,0.252736,1.0,0.0,0.0,0.12548,0.378216,1
5347.KL,28/11/2024,0.0,0.0,0.0,0.0,0.0,0.0,0.0,0.0,0.0,0
5347.KL,28/11/2025,-0.397665,0.09209,0.418155,0.489755,0.5,0.0,0.5,0.566007,0.895946,2
5347.KL,28/12/2020,0.105183,0.127805,0.849574,0.022621,0.5,0.5,0.0,0.105183,0.849574,2
5347.KL,28/12/2021,0.0,0.0,0.0,0.0,0.0,0.0,0.0,0.0,0.0,0
5347.KL,28/12/2022,0.038489,0.050382,0.937726,0.011893,0.0,1.0,0.0,0.038489,0.937726,1
5347.KL,28/12/2023,0.0,0.0,0.0,0.0,0.0,0.0,0.0,0.0,0.0,0
5347.KL,28/12/2024,0.186727,0.394605,0.397517,0.207878,0.6,0.2,0.2,0.544875,0.834806,5
5347.KL,28/12/2025,0.0,0.0,0.0,0.0,0.0,0.0,0.0,0.0,0.0,0
5347.KL,28/2/2020,-0.017168,0.454228,0.074376,0.471396,0.5,0.0,0.5,0.862487,0.894055,2
5347.KL,28/2/2021,0.0,0.0,0.0,0.0,0.0,0.0,0.0,0.0,0.0,0
5347.KL,28/2/2022,-0.305922,0.116736,0.460605,0.422659,0.5,0.0,0.5,0.468412,0.795883,2
5347.KL,28/2/2023,-0.229742,0.039374,0.691511,0.269116,0.0,0.666667,0.333333,0.257539,0.882512,3
5347.KL,28/2/2024,0.302284,0.325622,0.65104,0.023338,0.75,0.25,0.0,0.302284,0.736722,4
5347.KL,28/2/2025,0.0,0.0,0.0,0.0,0.0,0.0,0.0,0.0,0.0,0
5347.KL,28/2/2026,-0.274645,0.13043,0.464495,0.405075,0.5,0.0,0.5,0.49172,0.781961,2
5347.KL,28/3/2020,0.776411,0.817452,0.141507,0.041041,1.0,0.0,0.0,0.776411,0.817452,2
5347.KL,28/3/2021,0.737211,0.754462,0.228287,0.017251,1.0,0.0,0.0,0.737211,0.754462,1
5347.KL,28/3/2022,0.229711,0.276231,0.677248,0.04652,0.5,0.5,0.0,0.272953,0.700931,2
5347.KL,28/3/2023,0.84319,0.84976,0.143669,0.00657,1.0,0.0,0.0,0.84319,0.84976,1
5347.KL,28/3/2024,-0.95162,0.015983,0.016414,0.967603,0.0,0.0,1.0,0.95162,0.967603,1
5347.KL,28/3/2025,0.384018,0.430981,0.522057,0.046963,0.5,0.5,0.0,0.384018,0.844006,4
5347.KL,28/4/2020,0.483841,0.675964,0.131914,0.192122,1.0,0.0,0.0,0.483841,0.675964,1
5347.KL,28/4/2021,-0.345502,0.028795,0.596909,0.374296,0.0,0.0,1.0,0.345502,0.596909,1
5347.KL,28/4/2022,0.0,0.0,0.0,0.0,0.0,0.0,0.0,0.0,0.0,0
5347.KL,28/4/2023,0.132731,0.151399,0.829934,0.018667,1.0,0.0,0.0,0.132731,0.829934,1
5347.KL,28/4/2024,0.0,0.0,0.0,0.0,0.0,0.0,0.0,0.0,0.0,0
5347.KL,28/4/2025,0.0,0.0,0.0,0.0,0.0,0.0,0.0,0.0,0.0,0
5347.KL,28/5/2020,-0.309524,0.042604,0.605268,0.352128,0.0,0.0,1.0,0.309524,0.605268,1
5347.KL,28/5/2021,0.604275,0.614003,0.376269,0.009728,1.0,0.0,0.0,0.604275,0.614003,1
5347.KL,28/5/2022,0.0,0.0,0.0,0.0,0.0,0.0,0.0,0.0,0.0,0
5347.KL,28/5/2023,0.0,0.0,0.0,0.0,0.0,0.0,0.0,0.0,0.0,0
5347.KL,28/5/2024,-0.404372,0.035762,0.524104,0.440134,0.0,0.5,0.5,0.443306,0.90074,2
5347.KL,28/5/2025,0.582863,0.664888,0.253087,0.082025,0.833333,0.166667,0.0,0.582863,0.815289,6
5347.KL,28/6/2020,0.0,0.0,0.0,0.0,0.0,0.0,0.0,0.0,0.0,0
5347.KL,28/6/2021,0.0,0.0,0.0,0.0,0.0,0.0,0.0,0.0,0.0,0
5347.KL,28/6/2022,0.0,0.0,0.0,0.0,0.0,0.0,0.0,0.0,0.0,0
5347.KL,28/6/2023,-0.336434,0.092432,0.478701,0.428866,0.5,0.0,0.5,0.493147,0.832476,2
5347.KL,28/6/2024,-0.937178,0.015675,0.031471,0.952854,0.0,0.0,1.0,0.937178,0.952854,1
5347.KL,28/6/2025,-0.952945,0.010226,0.026602,0.963171,0.0,0.0,1.0,0.952945,0.963171,1
5347.KL,28/7/2020,0.0,0.0,0.0,0.0,0.0,0.0,0.0,0.0,0.0,0
5347.KL,28/7/2021,-0.41578,0.026715,0.53079,0.442495,0.0,0.0,1.0,0.41578,0.53079,1
5347.KL,28/7/2022,0.181598,0.397632,0.386335,0.216033,0.8,0.0,0.2,0.557976,0.81838,5
5347.KL,28/7/2023,0.398283,0.432724,0.532834,0.034442,1.0,0.0,0.0,0.398283,0.79996,3
5347.KL,28/7/2024,0.0,0.0,0.0,0.0,0.0,0.0,0.0,0.0,0.0,0
5347.KL,28/7/2025,-0.288088,0.104093,0.503725,0.392181,0.0,0.5,0.5,0.308578,0.84225,4
5347.KL,28/8/2020,-0.948881,0.013478,0.024163,0.962359,0.0,0.0,1.0,0.948881,0.962359,1
5347.KL,28/8/2021,0.0,0.0,0.0,0.0,0.0,0.0,0.0,0.0,0.0,0
5347.KL,28/8/2022,0.384778,0.401157,0.582464,0.016379,1.0,0.0,0.0,0.384778,0.720456,2
5347.KL,28/8/2023,0.097344,0.274283,0.548779,0.176938,0.4,0.4,0.2,0.30423,0.853494,5
5347.KL,28/8/2024,0.590775,0.615983,0.358808,0.025209,0.666667,0.333333,0.0,0.590775,0.913848,3
5347.KL,28/8/2025,0.607297,0.774289,0.058719,0.166992,1.0,0.0,0.0,0.607297,0.774289,1
5347.KL,28/9/2020,0.0,0.0,0.0,0.0,0.0,0.0,0.0,0.0,0.0,0
5347.KL,28/9/2021,0.0,0.0,0.0,0.0,0.0,0.0,0.0,0.0,0.0,0
5347.KL,28/9/2022,-0.760907,0.100895,0.037302,0.861803,0.0,0.0,1.0,0.760907,0.861803,1
5347.KL,28/9/2023,0.0,0.0,0.0,0.0,0.0,0.0,0.0,0.0,0.0,0
5347.KL,28/9/2024,-0.795399,0.032968,0.138666,0.828366,0.0,0.0,1.0,0.795399,0.828366,3
5347.KL,28/9/2025,0.0,0.0,0.0,0.0,0.0,0.0,0.0,0.0,0.0,0
5347.KL,29/1/2020,-0.143589,0.03495,0.786511,0.178539,0.0,0.0,1.0,0.143589,0.786511,1
5347.KL,29/1/2021,0.0,0.0,0.0,0.0,0.0,0.0,0.0,0.0,0.0,0
5347.KL,29/1/2022,-0.27779,0.278904,0.164401,0.556695,0.5,0.0,0.5,0.49144,0.66352,2
5347.KL,29/1/2023,0.0,0.0,0.0,0.0,0.0,0.0,0.0,0.0,0.0,0
5347.KL,29/1/2024,0.0,0.0,0.0,0.0,0.0,0.0,0.0,0.0,0.0,0
5347.KL,29/1/2025,-0.443767,0.072953,0.410328,0.516719,0.0,0.5,0.5,0.513666,0.884915,2
5347.KL,29/1/2026,-0.0054,0.48275,0.0291,0.48815,0.5,0.0,0.5,0.934685,0.952793,2
5347.KL,29/10/2020,-0.87353,0.027609,0.071253,0.901139,0.0,0.0,1.0,0.87353,0.901139,1
5347.KL,29/10/2021,0.0,0.0,0.0,0.0,0.0,0.0,0.0,0.0,0.0,0
5347.KL,29/10/2022,0.0,0.0,0.0,0.0,0.0,0.0,0.0,0.0,0.0,0
5347.KL,29/10/2023,0.0,0.0,0.0,0.0,0.0,0.0,0.0,0.0,0.0,0
5347.KL,29/10/2024,0.035153,0.28748,0.460193,0.252327,0.25,0.5,0.25,0.508096,0.910396,4
5347.KL,29/10/2025,-0.09485,0.04195,0.82125,0.1368,0.0,1.0,0.0,0.09485,0.82125,1
5347.KL,29/11/2020,0.0,0.0,0.0,0.0,0.0,0.0,0.0,0.0,0.0,0
5347.KL,29/11/2021,0.23146,0.239897,0.751667,0.008436,1.0,0.0,0.0,0.23146,0.751667,1
5347.KL,29/11/2022,0.305261,0.377723,0.549816,0.072462,0.5,0.5,0.0,0.305261,0.819446,2
5347.KL,29/11/2023,0.0,0.0,0.0,0.0,0.0,0.0,0.0,0.0,0.0,0
5347.KL,29/11/2024,-0.21596,0.073498,0.637045,0.289457,0.0,0.666667,0.333333,0.239061,0.897793,3
5347.KL,29/11/2025,0.063878,0.481731,0.100416,0.417853,0.5,0.0,0.5,0.873122,0.886353,2
5347.KL,29/12/2020,0.735183,0.753267,0.228649,0.018084,1.0,0.0,0.0,0.735183,0.753267,1
5347.KL,29/12/2021,-0.10755,0.167754,0.556941,0.275305,0.0,0.0,1.0,0.10755,0.556941,1
5347.KL,29/12/2022,-0.468765,0.021678,0.487879,0.490443,0.0,0.5,0.5,0.487283,0.958491,2
5347.KL,29/12/2023,0.432855,0.488411,0.456032,0.055557,0.5,0.5,0.0,0.442589,0.886522,2
5347.KL,29/12/2024,0.159665,0.178128,0.803409,0.018463,1.0,0.0,0.0,0.159665,0.803409,1
5347.KL,29/12/2025,0.90283,0.937951,0.026927,0.035122,1.0,0.0,0.0,0.90283,0.937951,1
5347.KL,29/2/2020,0.441293,0.487907,0.465479,0.046614,0.5,0.5,0.0,0.486105,0.930721,2
5347.KL,29/2/2024,0.409883,0.482108,0.445668,0.072225,1.0,0.0,0.0,0.409883,0.822422,2
5347.KL,29/3/2020,0.0,0.0,0.0,0.0,0.0,0.0,0.0,0.0,0.0,0
5347.KL,29/3/2021,0.689328,0.706852,0.275624,0.017524,1.0,0.0,0.0,0.689328,0.706852,2
5347.KL,29/3/2022,-0.281777,0.172946,0.372332,0.454723,0.5,0.0,0.5,0.583489,0.790252,2
5347.KL,29/3/2023,0.608494,0.672054,0.264385,0.06356,1.0,0.0,0.0,0.608494,0.672054,2
5347.KL,29/3/2024,0.050023,0.060469,0.929085,0.010446,0.0,1.0,0.0,0.050023,0.929085,1
5347.KL,29/3/2025,0.0,0.0,0.0,0.0,0.0,0.0,0.0,0.0,0.0,0
5347.KL,29/4/2020,0.0,0.0,0.0,0.0,0.0,0.0,0.0,0.0,0.0,0
5347.KL,29/4/2021,0.0,0.0,0.0,0.0,0.0,0.0,0.0,0.0,0.0,0
5347.KL,29/4/2022,0.0,0.0,0.0,0.0,0.0,0.0,0.0,0.0,0.0,0
5347.KL,29/4/2023,0.0,0.0,0.0,0.0,0.0,0.0,0.0,0.0,0.0,0
5347.KL,29/4/2024,0.926161,0.946257,0.033647,0.020096,1.0,0.0,0.0,0.926161,0.946257,1
5347.KL,29/4/2025,0.331234,0.34525,0.640733,0.014017,0.75,0.25,0.0,0.331234,0.748721,4
5347.KL,29/5/2020,0.62179,0.641504,0.338783,0.019714,1.0,0.0,0.0,0.62179,0.641504,1
5347.KL,29/5/2021,0.0,0.0,0.0,0.0,0.0,0.0,0.0,0.0,0.0,0
5347.KL,29/5/2022,0.0,0.0,0.0,0.0,0.0,0.0,0.0,0.0,0.0,0
5347.KL,29/5/2023,-0.851863,0.051265,0.045607,0.903128,0.0,0.0,1.0,0.851863,0.903128,1
5347.KL,29/5/2024,-0.950854,0.016093,0.016961,0.966946,0.0,0.0,1.0,0.950854,0.966946,1
5347.KL,29/5/2025,0.339682,0.350615,0.638452,0.010933,0.666667,0.333333,0.0,0.339682,0.738198,3
5347.KL,29/6/2020,0.0,0.0,0.0,0.0,0.0,0.0,0.0,0.0,0.0,0
5347.KL,29/6/2021,0.744492,0.76027,0.223953,0.015777,1.0,0.0,0.0,0.744492,0.76027,1
5347.KL,29/6/2022,-0.939913,0.010757,0.038572,0.95067,0.0,0.0,1.0,0.939913,0.95067,1
5347.KL,29/6/2023,0.833752,0.905516,0.02272,0.071764,1.0,0.0,0.0,0.833752,0.905516,1
5347.KL,29/6/2024,0.0,0.0,0.0,0.0,0.0,0.0,0.0,0.0,0.0,0
5347.KL,29/6/2025,0.0,0.0,0.0,0.0,0.0,0.0,0.0,0.0,0.0,0
5347.KL,29/7/2020,0.0,0.0,0.0,0.0,0.0,0.0,0.0,0.0,0.0,0
5347.KL,29/7/2021,-0.074068,0.384761,0.156409,0.45883,0.5,0.0,0.5,0.645542,0.744566,2
5347.KL,29/7/2022,0.443153,0.681779,0.079595,0.238626,1.0,0.0,0.0,0.443153,0.681779,1
5347.KL,29/7/2023,-0.245198,0.104691,0.54542,0.349889,0.333333,0.333333,0.333333,0.383987,0.86037,3
5347.KL,29/7/2024,0.217851,0.541881,0.134088,0.324031,0.5,0.5,0.0,0.217851,0.541881,2
5347.KL,29/7/2025,-0.280837,0.19331,0.332542,0.474147,0.5,0.0,0.5,0.62893,0.787292,2
5347.KL,29/8/2020,0.0,0.0,0.0,0.0,0.0,0.0,0.0,0.0,0.0,0
5347.KL,29/8/2021,0.0,0.0,0.0,0.0,0.0,0.0,0.0,0.0,0.0,0
5347.KL,29/8/2022,0.0,0.0,0.0,0.0,0.0,0.0,0.0,0.0,0.0,0
5347.KL,29/8/2023,0.012004,0.065653,0.880699,0.053648,0.0,1.0,0.0,0.012004,0.880699,1
5347.KL,29/8/2024,0.626034,0.705753,0.214528,0.079719,1.0,0.0,0.0,0.626034,0.705753,2
5347.KL,29/8/2025,0.31641,0.588092,0.140226,0.271682,0.75,0.0,0.25,0.778696,0.827174,4
5347.KL,29/9/2020,0.347124,0.355434,0.636256,0.00831,1.0,0.0,0.0,0.347124,0.636256,1
5347.KL,29/9/2021,0.0,0.0,0.0,0.0,0.0,0.0,0.0,0.0,0.0,0
5347.KL,29/9/2022,-0.124305,0.329114,0.217468,0.453419,0.333333,0.0,0.666667,0.651756,0.717144,3
5347.KL,29/9/2023,-0.363936,0.250461,0.135143,0.614396,0.333333,0.0,0.666667,0.838916,0.851887,3
5347.KL,29/9/2024,0.0,0.0,0.0,0.0,0.0,0.0,0.0,0.0,0.0,0
5347.KL,29/9/2025,0.0,0.0,0.0,0.0,0.0,0.0,0.0,0.0,0.0,0
5347.KL,3/1/2020,0.0,0.0,0.0,0.0,0.0,0.0,0.0,0.0,0.0,0
5347.KL,3/1/2021,0.0,0.0,0.0,0.0,0.0,0.0,0.0,0.0,0.0,0
5347.KL,3/1/2022,0.0,0.0,0.0,0.0,0.0,0.0,0.0,0.0,0.0,0
5347.KL,3/1/2023,0.627436,0.656051,0.315335,0.028615,1.0,0.0,0.0,0.627436,0.656051,1
5347.KL,3/1/2024,-0.276555,0.10233,0.518785,0.378885,0.0,0.5,0.5,0.332578,0.799901,2
5347.KL,3/1/2025,0.301679,0.522045,0.25759,0.220366,0.5,0.25,0.25,0.605397,0.880729,4
5347.KL,3/1/2026,-0.936999,0.012323,0.038355,0.949322,0.0,0.0,1.0,0.936999,0.949322,1
5347.KL,3/10/2020,0.215493,0.226043,0.763407,0.01055,1.0,0.0,0.0,0.215493,0.763407,1
5347.KL,3/10/2021,0.0,0.0,0.0,0.0,0.0,0.0,0.0,0.0,0.0,0
5347.KL,3/10/2022,0.0,0.0,0.0,0.0,0.0,0.0,0.0,0.0,0.0,0
5347.KL,3/10/2023,-0.225119,0.235147,0.304588,0.460265,0.333333,0.166667,0.5,0.661623,0.863423,6
5347.KL,3/10/2024,-0.263288,0.346253,0.044206,0.609541,0.25,0.0,0.75,0.726958,0.841376,4
5347.KL,3/10/2025,0.763874,0.800335,0.163205,0.036461,1.0,0.0,0.0,0.763874,0.800335,2
5347.KL,3/11/2020,0.0,0.0,0.0,0.0,0.0,0.0,0.0,0.0,0.0,0
5347.KL,3/11/2021,0.857259,0.871913,0.113434,0.014654,1.0,0.0,0.0,0.857259,0.871913,1
5347.KL,3/11/2022,-0.890555,0.035254,0.038937,0.925809,0.0,0.0,1.0,0.890555,0.925809,2
5347.KL,3/11/2023,0.0,0.0,0.0,0.0,0.0,0.0,0.0,0.0,0.0,0
5347.KL,3/11/2024,0.0,0.0,0.0,0.0,0.0,0.0,0.0,0.0,0.0,0
5347.KL,3/11/2025,0.879174,0.924637,0.029901,0.045462,1.0,0.0,0.0,0.879174,0.924637,1
5347.KL,3/12/2020,0.0,0.0,0.0,0.0,0.0,0.0,0.0,0.0,0.0,0
5347.KL,3/12/2021,0.92656,0.949305,0.02795,0.022745,1.0,0.0,0.0,0.92656,0.949305,1
5347.KL,3/12/2022,0.0,0.0,0.0,0.0,0.0,0.0,0.0,0.0,0.0,0
5347.KL,3/12/2023,0.408704,0.419735,0.569233,0.011032,1.0,0.0,0.0,0.408704,0.753173,2
5347.KL,3/12/2024,0.819265,0.881185,0.056896,0.06192,1.0,0.0,0.0,0.819265,0.881185,2
5347.KL,3/12/2025,-0.929913,0.020869,0.02835,0.950781,0.0,0.0,1.0,0.929913,0.950781,1
5347.KL,3/2/2020,0.094824,0.11383,0.867164,0.019006,0.0,1.0,0.0,0.094824,0.867164,1
5347.KL,3/2/2021,0.219141,0.549799,0.119544,0.330657,0.666667,0.0,0.333333,0.839114,0.859785,3
5347.KL,3/2/2022,0.911193,0.942106,0.026981,0.030913,1.0,0.0,0.0,0.911193,0.942106,1
5347.KL,3/2/2023,0.0,0.0,0.0,0.0,0.0,0.0,0.0,0.0,0.0,0
5347.KL,3/2/2024,0.142357,0.17169,0.798977,0.029333,1.0,0.0,0.0,0.142357,0.798977,1
5347.KL,3/2/2025,0.011719,0.484077,0.043565,0.472358,0.5,0.0,0.5,0.91861,0.937522,2
5347.KL,3/2/2026,0.606453,0.747016,0.112421,0.140563,1.0,0.0,0.0,0.606453,0.747016,1
5347.KL,3/3/2020,0.881853,0.890225,0.101403,0.008372,1.0,0.0,0.0,0.881853,0.890225,2
5347.KL,3/3/2021,0.421531,0.475857,0.469817,0.054326,0.5,0.5,0.0,0.421531,0.877749,2
5347.KL,3/3/2022,-0.293737,0.186079,0.334104,0.479817,0.333333,0.166667,0.5,0.620423,0.918969,6
5347.KL,3/3/2023,-0.31837,0.314696,0.052237,0.633066,0.5,0.0,0.5,0.584593,0.766178,2
5347.KL,3/3/2024,0.908251,0.930603,0.047045,0.022352,1.0,0.0,0.0,0.908251,0.930603,1
5347.KL,3/3/2025,-0.19225,0.03099,0.745771,0.22324,0.0,0.5,0.5,0.214284,0.745771,2
5347.KL,3/3/2026,0.0,0.0,0.0,0.0,0.0,0.0,0.0,0.0,0.0,0
5347.KL,3/4/2020,0.0,0.0,0.0,0.0,0.0,0.0,0.0,0.0,0.0,0
5347.KL,3/4/2021,0.0,0.0,0.0,0.0,0.0,0.0,0.0,0.0,0.0,0
5347.KL,3/4/2022,0.0,0.0,0.0,0.0,0.0,0.0,0.0,0.0,0.0,0
5347.KL,3/4/2023,0.0,0.0,0.0,0.0,0.0,0.0,0.0,0.0,0.0,0
5347.KL,3/4/2024,0.840596,0.859232,0.122131,0.018637,1.0,0.0,0.0,0.840596,0.859232,1
5347.KL,3/4/2025,-0.321823,0.083596,0.510985,0.405419,0.2,0.0,0.8,0.376007,0.634793,5
5347.KL,3/5/2020,-0.207361,0.028634,0.735371,0.235995,0.0,0.0,1.0,0.207361,0.735371,1
5347.KL,3/5/2021,0.0,0.0,0.0,0.0,0.0,0.0,0.0,0.0,0.0,0
5347.KL,3/5/2022,0.0,0.0,0.0,0.0,0.0,0.0,0.0,0.0,0.0,0
5347.KL,3/5/2023,0.0,0.0,0.0,0.0,0.0,0.0,0.0,0.0,0.0,0
5347.KL,3/5/2024,0.0,0.0,0.0,0.0,0.0,0.0,0.0,0.0,0.0,0
5347.KL,3/5/2025,0.156998,0.170495,0.816007,0.013497,1.0,0.0,0.0,0.156998,0.816007,2
5347.KL,3/6/2020,0.40425,0.428157,0.547936,0.023907,0.5,0.5,0.0,0.412661,0.885203,2
5347.KL,3/6/2021,-0.157959,0.100372,0.641297,0.258331,0.5,0.0,0.5,0.311891,0.661047,2
5347.KL,3/6/2022,0.098645,0.110765,0.877114,0.012121,0.0,1.0,0.0,0.098645,0.877114,2
5347.KL,3/6/2023,0.0,0.0,0.0,0.0,0.0,0.0,0.0,0.0,0.0,0
5347.KL,3/6/2024,0.0,0.0,0.0,0.0,0.0,0.0,0.0,0.0,0.0,0
5347.KL,3/6/2025,-0.935444,0.019241,0.026074,0.954685,0.0,0.0,1.0,0.935444,0.954685,1
5347.KL,3/7/2020,0.278801,0.299537,0.679726,0.020737,0.666667,0.333333,0.0,0.278801,0.754334,3
5347.KL,3/7/2021,-0.010405,0.028794,0.932006,0.039199,0.0,1.0,0.0,0.010405,0.932006,1
5347.KL,3/7/2022,0.0,0.0,0.0,0.0,0.0,0.0,0.0,0.0,0.0,0
5347.KL,3/7/2023,0.926018,0.939647,0.046724,0.013629,1.0,0.0,0.0,0.926018,0.939647,1
5347.KL,3/7/2024,0.324326,0.430003,0.46432,0.105677,1.0,0.0,0.0,0.324326,0.46432,1
5347.KL,3/7/2025,0.260923,0.454271,0.352382,0.193348,0.428571,0.428571,0.142857,0.534897,0.857432,7
5347.KL,3/8/2020,0.0,0.0,0.0,0.0,0.0,0.0,0.0,0.0,0.0,0
5347.KL,3/8/2021,-0.452444,0.24616,0.055236,0.698604,0.0,0.0,1.0,0.452444,0.698604,1
5347.KL,3/8/2022,-0.887429,0.016345,0.079882,0.903773,0.0,0.0,1.0,0.887429,0.903773,1
5347.KL,3/8/2023,0.0,0.0,0.0,0.0,0.0,0.0,0.0,0.0,0.0,0
5347.KL,3/8/2024,0.0,0.0,0.0,0.0,0.0,0.0,0.0,0.0,0.0,0
5347.KL,3/8/2025,0.0,0.0,0.0,0.0,0.0,0.0,0.0,0.0,0.0,0
5347.KL,3/9/2020,-0.260036,0.351386,0.037192,0.611422,0.333333,0.0,0.666667,0.863563,0.913185,3
5347.KL,3/9/2021,0.259143,0.267557,0.724029,0.008414,1.0,0.0,0.0,0.259143,0.724029,1
5347.KL,3/9/2022,0.0,0.0,0.0,0.0,0.0,0.0,0.0,0.0,0.0,0
5347.KL,3/9/2023,0.027423,0.067218,0.892986,0.039795,0.0,1.0,0.0,0.027423,0.892986,1
5347.KL,3/9/2024,0.004104,0.485243,0.033617,0.48114,0.5,0.0,0.5,0.930979,0.948681,2
5347.KL,3/9/2025,0.35492,0.36925,0.616421,0.014329,1.0,0.0,0.0,0.35492,0.616421,1
5347.KL,30/1/2020,-0.428883,0.079187,0.412743,0.50807,0.0,0.5,0.5,0.504963,0.873802,2
5347.KL,30/1/2021,0.0,0.0,0.0,0.0,0.0,0.0,0.0,0.0,0.0,0
5347.KL,30/1/2022,0.747061,0.850274,0.046513,0.103213,1.0,0.0,0.0,0.747061,0.850274,1
5347.KL,30/1/2023,0.0,0.0,0.0,0.0,0.0,0.0,0.0,0.0,0.0,0
5347.KL,30/1/2024,0.0,0.0,0.0,0.0,0.0,0.0,0.0,0.0,0.0,0
5347.KL,30/1/2025,0.0,0.0,0.0,0.0,0.0,0.0,0.0,0.0,0.0,0
5347.KL,30/1/2026,0.029305,0.304481,0.420344,0.275176,0.333333,0.333333,0.333333,0.541827,0.828856,3
5347.KL,30/10/2020,-0.480944,0.103114,0.312827,0.584059,0.0,0.0,1.0,0.480944,0.584059,1
5347.KL,30/10/2021,0.0,0.0,0.0,0.0,0.0,0.0,0.0,0.0,0.0,0
5347.KL,30/10/2022,0.0,0.0,0.0,0.0,0.0,0.0,0.0,0.0,0.0,0
5347.KL,30/10/2023,0.0,0.0,0.0,0.0,0.0,0.0,0.0,0.0,0.0,0
5347.KL,30/10/2024,0.174443,0.192408,0.789626,0.017966,1.0,0.0,0.0,0.174443,0.789626,3
5347.KL,30/10/2025,0.472632,0.494466,0.4837,0.021834,0.5,0.5,0.0,0.472632,0.944621,2
5347.KL,30/11/2020,0.0,0.0,0.0,0.0,0.0,0.0,0.0,0.0,0.0,0
5347.KL,30/11/2021,0.666729,0.677152,0.312425,0.010423,1.0,0.0,0.0,0.666729,0.677152,1
5347.KL,30/11/2022,-0.02777,0.066377,0.839476,0.094147,0.0,0.5,0.5,0.083094,0.839476,2
5347.KL,30/11/2023,0.29258,0.323518,0.645544,0.030938,1.0,0.0,0.0,0.29258,0.645544,1
5347.KL,30/11/2024,-0.486699,0.029293,0.454715,0.515992,0.0,0.0,1.0,0.486699,0.515992,1
5347.KL,30/11/2025,-0.495133,0.022421,0.460025,0.517554,0.0,0.5,0.5,0.495133,0.911975,2
5347.KL,30/12/2020,0.0,0.0,0.0,0.0,0.0,0.0,0.0,0.0,0.0,0
5347.KL,30/12/2021,0.398084,0.416941,0.564202,0.018857,1.0,0.0,0.0,0.398084,0.781776,2
5347.KL,30/12/2022,0.908253,0.933107,0.042039,0.024854,1.0,0.0,0.0,0.908253,0.933107,1
5347.KL,30/12/2023,0.0,0.0,0.0,0.0,0.0,0.0,0.0,0.0,0.0,0
5347.KL,30/12/2024,0.241601,0.248592,0.744417,0.006991,1.0,0.0,0.0,0.241601,0.744417,1
5347.KL,30/12/2025,0.149305,0.398825,0.351654,0.24952,0.4,0.2,0.4,0.588366,0.859957,5
5347.KL,30/3/2020,0.0,0.0,0.0,0.0,0.0,0.0,0.0,0.0,0.0,0
5347.KL,30/3/2021,0.0,0.0,0.0,0.0,0.0,0.0,0.0,0.0,0.0,0
5347.KL,30/3/2022,0.828323,0.86168,0.104964,0.033356,1.0,0.0,0.0,0.828323,0.86168,1
5347.KL,30/3/2023,-0.190783,0.133033,0.54315,0.323817,0.333333,0.333333,0.333333,0.429087,0.845238,3
5347.KL,30/3/2024,0.0,0.0,0.0,0.0,0.0,0.0,0.0,0.0,0.0,0
5347.KL,30/3/2025,0.0,0.0,0.0,0.0,0.0,0.0,0.0,0.0,0.0,0
5347.KL,30/4/2020,0.890991,0.924552,0.041887,0.033561,1.0,0.0,0.0,0.890991,0.924552,1
5347.KL,30/4/2021,0.0,0.0,0.0,0.0,0.0,0.0,0.0,0.0,0.0,0
5347.KL,30/4/2022,0.812579,0.821917,0.168746,0.009337,1.0,0.0,0.0,0.812579,0.821917,1
5347.KL,30/4/2023,0.0,0.0,0.0,0.0,0.0,0.0,0.0,0.0,0.0,0
5347.KL,30/4/2024,0.0,0.0,0.0,0.0,0.0,0.0,0.0,0.0,0.0,0
5347.KL,30/4/2025,-0.070471,0.043204,0.84312,0.113676,0.0,1.0,0.0,0.070471,0.84312,1
5347.KL,30/5/2020,0.0,0.0,0.0,0.0,0.0,0.0,0.0,0.0,0.0,0
5347.KL,30/5/2021,0.0,0.0,0.0,0.0,0.0,0.0,0.0,0.0,0.0,0
5347.KL,30/5/2022,0.042883,0.150671,0.74154,0.107789,0.0,1.0,0.0,0.042883,0.74154,1
5347.KL,30/5/2023,-0.622284,0.021285,0.335147,0.643568,0.0,0.333333,0.666667,0.637445,0.953522,3
5347.KL,30/5/2024,0.0,0.0,0.0,0.0,0.0,0.0,0.0,0.0,0.0,0
5347.KL,30/5/2025,-0.39356,0.08666,0.433119,0.480221,0.5,0.0,0.5,0.542427,0.88842,2
5347.KL,30/6/2020,0.0,0.0,0.0,0.0,0.0,0.0,0.0,0.0,0.0,0
5347.KL,30/6/2021,0.100814,0.113701,0.873412,0.012887,1.0,0.0,0.0,0.100814,0.873412,1
5347.KL,30/6/2022,-0.390244,0.046483,0.51679,0.436727,0.0,0.5,0.5,0.451612,0.890214,2
5347.KL,30/6/2023,0.392994,0.404377,0.584241,0.011383,1.0,0.0,0.0,0.392994,0.584241,1
5347.KL,30/6/2024,0.071089,0.085741,0.899607,0.014652,0.0,1.0,0.0,0.071089,0.899607,1
5347.KL,30/6/2025,0.06758,0.514505,0.038571,0.446924,0.5,0.0,0.5,0.774084,0.867757,2
5347.KL,30/7/2020,-0.381667,0.056705,0.504923,0.438372,0.0,0.5,0.5,0.450748,0.885309,2
5347.KL,30/7/2021,0.0,0.0,0.0,0.0,0.0,0.0,0.0,0.0,0.0,0
5347.KL,30/7/2022,0.652192,0.697064,0.258064,0.044872,1.0,0.0,0.0,0.652192,0.739799,3
5347.KL,30/7/2023,0.0,0.0,0.0,0.0,0.0,0.0,0.0,0.0,0.0,0
5347.KL,30/7/2024,-0.621921,0.151062,0.075955,0.772983,0.0,0.333333,0.666667,0.621921,0.772983,3
5347.KL,30/7/2025,0.19877,0.207427,0.783915,0.008657,1.0,0.0,0.0,0.19877,0.783915,1
5347.KL,30/8/2020,0.0,0.0,0.0,0.0,0.0,0.0,0.0,0.0,0.0,0
5347.KL,30/8/2021,0.0,0.0,0.0,0.0,0.0,0.0,0.0,0.0,0.0,0
5347.KL,30/8/2022,0.0,0.0,0.0,0.0,0.0,0.0,0.0,0.0,0.0,0
5347.KL,30/8/2023,0.802263,0.809057,0.184148,0.006794,1.0,0.0,0.0,0.802263,0.809057,1
5347.KL,30/8/2024,0.431777,0.475315,0.481146,0.043539,0.5,0.5,0.0,0.431777,0.909905,2
5347.KL,30/8/2025,0.146366,0.155063,0.836241,0.008697,1.0,0.0,0.0,0.146366,0.836241,1
5347.KL,30/9/2020,0.0,0.0,0.0,0.0,0.0,0.0,0.0,0.0,0.0,0
5347.KL,30/9/2021,0.0,0.0,0.0,0.0,0.0,0.0,0.0,0.0,0.0,0
5347.KL,30/9/2022,-0.94916,0.01284,0.02516,0.962,0.0,0.0,1.0,0.94916,0.962,1
5347.KL,30/9/2023,-0.858763,0.028388,0.084461,0.887151,0.0,0.0,1.0,0.858763,0.887151,2
5347.KL,30/9/2024,0.928659,0.953257,0.022146,0.024597,1.0,0.0,0.0,0.928659,0.953257,1
5347.KL,30/9/2025,0.658848,0.668303,0.322243,0.009455,1.0,0.0,0.0,0.658848,0.668303,1
5347.KL,31/1/2020,0.082307,0.290555,0.501197,0.208248,0.5,0.5,0.0,0.082307,0.717932,2
5347.KL,31/1/2021,0.0,0.0,0.0,0.0,0.0,0.0,0.0,0.0,0.0,0
5347.KL,31/1/2022,-0.55203,0.021134,0.405703,0.573164,0.0,0.25,0.75,0.561782,0.85027,4
5347.KL,31/1/2023,0.172258,0.182114,0.808029,0.009857,0.5,0.5,0.0,0.172258,0.808029,2
5347.KL,31/1/2024,0.415585,0.432852,0.549881,0.017267,0.666667,0.333333,0.0,0.415585,0.783173,3
5347.KL,31/1/2025,0.189603,0.201936,0.785731,0.012333,0.5,0.5,0.0,0.189603,0.785731,2
5347.KL,31/1/2026,-0.005206,0.034347,0.9261,0.039553,0.0,1.0,0.0,0.005206,0.9261,1
5347.KL,31/10/2020,-0.858916,0.022662,0.095759,0.881579,0.0,0.0,1.0,0.858916,0.881579,1
5347.KL,31/10/2021,0.0,0.0,0.0,0.0,0.0,0.0,0.0,0.0,0.0,0
5347.KL,31/10/2022,0.689513,0.787134,0.115246,0.09762,1.0,0.0,0.0,0.689513,0.787134,1
5347.KL,31/10/2023,0.574,0.584966,0.404068,0.010966,0.666667,0.333333,0.0,0.574,0.86997,3
5347.KL,31/10/2024,-0.008112,0.465247,0.061394,0.473359,0.5,0.0,0.5,0.910604,0.924605,2
5347.KL,31/10/2025,0.172336,0.409294,0.353749,0.236957,0.75,0.0,0.25,0.5872,0.809197,4
5347.KL,31/12/2020,0.0,0.0,0.0,0.0,0.0,0.0,0.0,0.0,0.0,0
5347.KL,31/12/2021,-0.631339,0.106324,0.156012,0.737664,0.0,0.0,1.0,0.631339,0.737664,3
5347.KL,31/12/2022,0.0,0.0,0.0,0.0,0.0,0.0,0.0,0.0,0.0,0
5347.KL,31/12/2023,0.0,0.0,0.0,0.0,0.0,0.0,0.0,0.0,0.0,0
5347.KL,31/12/2024,-0.347145,0.131992,0.38887,0.479137,0.5,0.0,0.5,0.584351,0.849701,2
5347.KL,31/12/2025,0.893708,0.931512,0.030684,0.037804,1.0,0.0,0.0,0.893708,0.931512,1
5347.KL,31/3/2020,0.500504,0.51526,0.469984,0.014756,1.0,0.0,0.0,0.500504,0.864066,2
5347.KL,31/3/2021,0.0,0.0,0.0,0.0,0.0,0.0,0.0,0.0,0.0,0
5347.KL,31/3/2022,-0.498428,0.149019,0.203534,0.647447,0.0,0.0,1.0,0.498428,0.647447,1
5347.KL,31/3/2023,0.651759,0.794912,0.061935,0.143153,1.0,0.0,0.0,0.651759,0.794912,1
5347.KL,31/3/2024,0.0,0.0,0.0,0.0,0.0,0.0,0.0,0.0,0.0,0
5347.KL,31/3/2025,0.0,0.0,0.0,0.0,0.0,0.0,0.0,0.0,0.0,0
5347.KL,31/5/2020,0.026756,0.043903,0.93895,0.017147,0.0,1.0,0.0,0.026756,0.93895,1
5347.KL,31/5/2021,0.0,0.0,0.0,0.0,0.0,0.0,0.0,0.0,0.0,0
5347.KL,31/5/2022,-0.615622,0.027418,0.329542,0.64304,0.0,0.333333,0.666667,0.640525,0.950526,3
5347.KL,31/5/2023,0.0,0.0,0.0,0.0,0.0,0.0,0.0,0.0,0.0,0
5347.KL,31/5/2024,0.0,0.0,0.0,0.0,0.0,0.0,0.0,0.0,0.0,0
5347.KL,31/5/2025,0.0,0.0,0.0,0.0,0.0,0.0,0.0,0.0,0.0,0
5347.KL,31/7/2020,0.466559,0.594376,0.277806,0.127818,1.0,0.0,0.0,0.466559,0.594376,1
5347.KL,31/7/2021,0.0,0.0,0.0,0.0,0.0,0.0,0.0,0.0,0.0,0
5347.KL,31/7/2022,0.0,0.0,0.0,0.0,0.0,0.0,0.0,0.0,0.0,0
5347.KL,31/7/2023,0.0,0.0,0.0,0.0,0.0,0.0,0.0,0.0,0.0,0
5347.KL,31/7/2024,-0.960854,0.01089,0.017365,0.971745,0.0,0.0,1.0,0.960854,0.971745,1
5347.KL,31/7/2025,-0.148767,0.029834,0.791565,0.178601,0.0,0.0,1.0,0.148767,0.791565,1
5347.KL,31/8/2020,0.0,0.0,0.0,0.0,0.0,0.0,0.0,0.0,0.0,0
5347.KL,31/8/2021,0.71435,0.726848,0.260653,0.012498,1.0,0.0,0.0,0.71435,0.726848,1
5347.KL,31/8/2022,0.0,0.0,0.0,0.0,0.0,0.0,0.0,0.0,0.0,0
5347.KL,31/8/2023,0.0,0.0,0.0,0.0,0.0,0.0,0.0,0.0,0.0,0
5347.KL,31/8/2024,0.0,0.0,0.0,0.0,0.0,0.0,0.0,0.0,0.0,0
5347.KL,31/8/2025,0.0,0.0,0.0,0.0,0.0,0.0,0.0,0.0,0.0,0
5347.KL,4/1/2020,0.382013,0.40483,0.572354,0.022816,1.0,0.0,0.0,0.382013,0.572354,1
5347.KL,4/1/2021,-0.06926,0.421025,0.08869,0.490285,0.5,0.0,0.5,0.888058,0.899684,2
5347.KL,4/1/2022,-0.595759,0.023463,0.357315,0.619222,0.0,0.0,1.0,0.595759,0.737884,3
5347.KL,4/1/2023,0.0,0.0,0.0,0.0,0.0,0.0,0.0,0.0,0.0,0
5347.KL,4/1/2024,0.851427,0.896575,0.058276,0.045149,1.0,0.0,0.0,0.851427,0.896575,1
5347.KL,4/1/2025,0.0,0.0,0.0,0.0,0.0,0.0,0.0,0.0,0.0,0
5347.KL,4/1/2026,0.855495,0.863982,0.12753,0.008487,1.0,0.0,0.0,0.855495,0.863982,1
5347.KL,4/10/2020,0.0,0.0,0.0,0.0,0.0,0.0,0.0,0.0,0.0,0
5347.KL,4/10/2021,0.0,0.0,0.0,0.0,0.0,0.0,0.0,0.0,0.0,0
5347.KL,4/10/2022,0.525234,0.546249,0.432737,0.021015,1.0,0.0,0.0,0.525234,0.827622,2
5347.KL,4/10/2023,0.374775,0.63989,0.094995,0.265115,0.75,0.0,0.25,0.843907,0.874456,4
5347.KL,4/10/2024,0.0,0.0,0.0,0.0,0.0,0.0,0.0,0.0,0.0,0
5347.KL,4/10/2025,0.0,0.0,0.0,0.0,0.0,0.0,0.0,0.0,0.0,0
5347.KL,4/11/2020,0.0,0.0,0.0,0.0,0.0,0.0,0.0,0.0,0.0,0
5347.KL,4/11/2021,0.0,0.0,0.0,0.0,0.0,0.0,0.0,0.0,0.0,0
5347.KL,4/11/2022,0.634867,0.787259,0.060349,0.152392,1.0,0.0,0.0,0.634867,0.787259,1
5347.KL,4/11/2023,0.0,0.0,0.0,0.0,0.0,0.0,0.0,0.0,0.0,0
5347.KL,4/11/2024,0.508393,0.719092,0.070208,0.2107,1.0,0.0,0.0,0.508393,0.719092,1
5347.KL,4/11/2025,-0.934239,0.012239,0.041284,0.946478,0.0,0.0,1.0,0.934239,0.946478,1
5347.KL,4/12/2020,0.787039,0.836883,0.113272,0.049844,1.0,0.0,0.0,0.787039,0.836883,1
5347.KL,4/12/2021,0.0,0.0,0.0,0.0,0.0,0.0,0.0,0.0,0.0,0
5347.KL,4/12/2022,0.0,0.0,0.0,0.0,0.0,0.0,0.0,0.0,0.0,0
5347.KL,4/12/2023,-0.733905,0.117766,0.030563,0.851671,0.0,0.0,1.0,0.733905,0.851671,1
5347.KL,4/12/2024,-0.060915,0.444197,0.050692,0.505112,0.5,0.0,0.5,0.874232,0.91177,4
5347.KL,4/12/2025,-0.714516,0.069207,0.14707,0.783723,0.0,0.0,1.0,0.714516,0.783723,3
5347.KL,4/2/2020,0.392468,0.424758,0.542953,0.03229,0.5,0.5,0.0,0.392468,0.865927,2
5347.KL,4/2/2021,0.0,0.0,0.0,0.0,0.0,0.0,0.0,0.0,0.0,0
5347.KL,4/2/2022,0.0,0.0,0.0,0.0,0.0,0.0,0.0,0.0,0.0,0
5347.KL,4/2/2023,0.0,0.0,0.0,0.0,0.0,0.0,0.0,0.0,0.0,0
5347.KL,4/2/2024,0.0,0.0,0.0,0.0,0.0,0.0,0.0,0.0,0.0,0
5347.KL,4/2/2025,0.070323,0.321049,0.428226,0.250726,0.5,0.25,0.25,0.537758,0.847454,4
5347.KL,4/2/2026,0.881836,0.9148,0.052236,0.032964,1.0,0.0,0.0,0.881836,0.9148,1
5347.KL,4/3/2020,0.509234,0.519095,0.471044,0.009861,1.0,0.0,0.0,0.509234,0.519095,1
5347.KL,4/3/2021,0.905536,0.914746,0.076044,0.00921,1.0,0.0,0.0,0.905536,0.914746,1
5347.KL,4/3/2022,-0.658389,0.03289,0.275832,0.691278,0.0,0.25,0.75,0.658389,0.865529,4
5347.KL,4/3/2023,-0.500037,0.060086,0.37979,0.560123,0.0,0.333333,0.666667,0.565949,0.815705,3
5347.KL,4/3/2024,0.92918,0.942425,0.044331,0.013244,1.0,0.0,0.0,0.92918,0.942425,1
5347.KL,4/3/2025,-0.91813,0.012743,0.056384,0.930873,0.0,0.0,1.0,0.91813,0.930873,1
5347.KL,4/3/2026,0.0,0.0,0.0,0.0,0.0,0.0,0.0,0.0,0.0,0
5347.KL,4/4/2020,-0.632378,0.168563,0.030496,0.800941,0.0,0.0,1.0,0.632378,0.800941,1
5347.KL,4/4/2021,0.0,0.0,0.0,0.0,0.0,0.0,0.0,0.0,0.0,0
5347.KL,4/4/2022,0.192227,0.205605,0.781018,0.013377,1.0,0.0,0.0,0.192227,0.781018,1
5347.KL,4/4/2023,0.0,0.0,0.0,0.0,0.0,0.0,0.0,0.0,0.0,0
5347.KL,4/4/2024,0.038571,0.051439,0.935693,0.012868,0.0,1.0,0.0,0.038571,0.935693,1
5347.KL,4/4/2025,0.73593,0.768616,0.198697,0.032687,1.0,0.0,0.0,0.73593,0.768616,1
5347.KL,4/5/2020,-0.957249,0.00824,0.02627,0.965489,0.0,0.0,1.0,0.957249,0.965489,1
5347.KL,4/5/2021,0.0,0.0,0.0,0.0,0.0,0.0,0.0,0.0,0.0,0
5347.KL,4/5/2022,0.0,0.0,0.0,0.0,0.0,0.0,0.0,0.0,0.0,0
5347.KL,4/5/2023,0.0,0.0,0.0,0.0,0.0,0.0,0.0,0.0,0.0,0
5347.KL,4/5/2024,0.0,0.0,0.0,0.0,0.0,0.0,0.0,0.0,0.0,0
5347.KL,4/5/2025,0.0,0.0,0.0,0.0,0.0,0.0,0.0,0.0,0.0,0
5347.KL,4/6/2020,-0.193194,0.051841,0.703125,0.245035,0.0,0.0,1.0,0.193194,0.703125,1
5347.KL,4/6/2021,0.0,0.0,0.0,0.0,0.0,0.0,0.0,0.0,0.0,0
5347.KL,4/6/2022,0.0,0.0,0.0,0.0,0.0,0.0,0.0,0.0,0.0,0
5347.KL,4/6/2023,0.0,0.0,0.0,0.0,0.0,0.0,0.0,0.0,0.0,0
5347.KL,4/6/2024,0.086962,0.10141,0.884142,0.014448,0.333333,0.666667,0.0,0.086962,0.884142,3
5347.KL,4/6/2025,-0.942874,0.009983,0.037159,0.952858,0.0,0.0,1.0,0.942874,0.952858,1
5347.KL,4/7/2020,0.0,0.0,0.0,0.0,0.0,0.0,0.0,0.0,0.0,0
5347.KL,4/7/2021,0.0,0.0,0.0,0.0,0.0,0.0,0.0,0.0,0.0,0
5347.KL,4/7/2022,0.0,0.0,0.0,0.0,0.0,0.0,0.0,0.0,0.0,0
5347.KL,4/7/2023,0.72129,0.740513,0.240265,0.019222,1.0,0.0,0.0,0.72129,0.740513,3
5347.KL,4/7/2024,0.0,0.0,0.0,0.0,0.0,0.0,0.0,0.0,0.0,0
5347.KL,4/7/2025,0.437771,0.687857,0.062057,0.250086,0.666667,0.0,0.333333,0.742286,0.840115,3
5347.KL,4/8/2020,0.475065,0.714658,0.045748,0.239594,1.0,0.0,0.0,0.475065,0.714658,1
5347.KL,4/8/2021,0.0,0.0,0.0,0.0,0.0,0.0,0.0,0.0,0.0,0
5347.KL,4/8/2022,-0.56051,0.031449,0.376592,0.591959,0.0,0.0,1.0,0.56051,0.742204,2
5347.KL,4/8/2023,0.17243,0.17989,0.812649,0.007461,1.0,0.0,0.0,0.17243,0.812649,1
5347.KL,4/8/2024,0.0,0.0,0.0,0.0,0.0,0.0,0.0,0.0,0.0,0
5347.KL,4/8/2025,-0.867672,0.053957,0.024414,0.921629,0.0,0.0,1.0,0.867672,0.921629,1
5347.KL,4/9/2020,-0.927818,0.015595,0.040993,0.943413,0.0,0.0,1.0,0.927818,0.943413,2
5347.KL,4/9/2021,0.0,0.0,0.0,0.0,0.0,0.0,0.0,0.0,0.0,0
5347.KL,4/9/2022,0.0,0.0,0.0,0.0,0.0,0.0,0.0,0.0,0.0,0
5347.KL,4/9/2023,0.0,0.0,0.0,0.0,0.0,0.0,0.0,0.0,0.0,0
5347.KL,4/9/2024,0.18896,0.297993,0.592973,0.109034,0.75,0.0,0.25,0.376513,0.710185,4
5347.KL,4/9/2025,0.879804,0.895528,0.088747,0.015725,1.0,0.0,0.0,0.879804,0.895528,2
5347.KL,5/1/2020,0.0,0.0,0.0,0.0,0.0,0.0,0.0,0.0,0.0,0
5347.KL,5/1/2021,0.0,0.0,0.0,0.0,0.0,0.0,0.0,0.0,0.0,0
5347.KL,5/1/2022,-0.089712,0.020953,0.868383,0.110664,0.0,1.0,0.0,0.089712,0.868383,1
5347.KL,5/1/2023,0.0,0.0,0.0,0.0,0.0,0.0,0.0,0.0,0.0,0
5347.KL,5/1/2024,-0.078914,0.237721,0.445644,0.316635,0.5,0.166667,0.333333,0.517229,0.881819,6
5347.KL,5/1/2025,0.0,0.0,0.0,0.0,0.0,0.0,0.0,0.0,0.0,0
5347.KL,5/1/2026,0.0,0.0,0.0,0.0,0.0,0.0,0.0,0.0,0.0,0
5347.KL,5/10/2020,-0.91725,0.015349,0.052051,0.932599,0.0,0.0,1.0,0.91725,0.932599,1
5347.KL,5/10/2021,0.0,0.0,0.0,0.0,0.0,0.0,0.0,0.0,0.0,0
5347.KL,5/10/2022,0.0,0.0,0.0,0.0,0.0,0.0,0.0,0.0,0.0,0
5347.KL,5/10/2023,0.0,0.0,0.0,0.0,0.0,0.0,0.0,0.0,0.0,0
5347.KL,5/10/2024,0.04738,0.058688,0.930004,0.011308,0.0,1.0,0.0,0.04738,0.930004,1
5347.KL,5/10/2025,0.0,0.0,0.0,0.0,0.0,0.0,0.0,0.0,0.0,0
5347.KL,5/11/2020,0.0,0.0,0.0,0.0,0.0,0.0,0.0,0.0,0.0,0
5347.KL,5/11/2021,0.0,0.0,0.0,0.0,0.0,0.0,0.0,0.0,0.0,0
5347.KL,5/11/2022,0.0,0.0,0.0,0.0,0.0,0.0,0.0,0.0,0.0,0
5347.KL,5/11/2023,0.0,0.0,0.0,0.0,0.0,0.0,0.0,0.0,0.0,0
5347.KL,5/11/2024,0.314694,0.498005,0.318685,0.18331,0.5,0.0,0.5,0.556444,0.754881,2
5347.KL,5/11/2025,-0.918037,0.031238,0.019488,0.949274,0.0,0.0,1.0,0.918037,0.949274,1
5347.KL,5/12/2020,0.378259,0.390921,0.596418,0.012662,1.0,0.0,0.0,0.378259,0.596418,1
5347.KL,5/12/2021,0.0,0.0,0.0,0.0,0.0,0.0,0.0,0.0,0.0,0
5347.KL,5/12/2022,-0.015656,0.421881,0.140582,0.437537,0.5,0.0,0.5,0.775332,0.817375,2
5347.KL,5/12/2023,0.391116,0.40214,0.586836,0.011024,0.5,0.5,0.0,0.391116,0.855933,2
5347.KL,5/12/2024,0.820479,0.86555,0.089379,0.045071,1.0,0.0,0.0,0.820479,0.86555,2
5347.KL,5/12/2025,-0.014288,0.480108,0.025496,0.494396,0.5,0.0,0.5,0.93231,0.953407,2
5347.KL,5/2/2020,0.0,0.0,0.0,0.0,0.0,0.0,0.0,0.0,0.0,0
5347.KL,5/2/2021,0.047492,0.065485,0.916521,0.017994,0.0,1.0,0.0,0.047492,0.916521,1
5347.KL,5/2/2022,0.061496,0.079823,0.90185,0.018327,0.0,1.0,0.0,0.061496,0.90185,1
5347.KL,5/2/2023,0.0,0.0,0.0,0.0,0.0,0.0,0.0,0.0,0.0,0
5347.KL,5/2/2024,0.456133,0.478351,0.499431,0.022218,0.5,0.5,0.0,0.456133,0.904702,2
5347.KL,5/2/2025,0.910472,0.940627,0.029218,0.030155,1.0,0.0,0.0,0.910472,0.940627,1
5347.KL,5/2/2026,0.283333,0.295552,0.692229,0.012219,0.5,0.5,0.0,0.283333,0.7386,2
5347.KL,5/3/2020,0.017651,0.034976,0.947699,0.017325,0.0,1.0,0.0,0.017651,0.947699,1
5347.KL,5/3/2021,0.0,0.0,0.0,0.0,0.0,0.0,0.0,0.0,0.0,0
5347.KL,5/3/2022,-0.618236,0.058436,0.264893,0.676671,0.25,0.0,0.75,0.689723,0.88379,4
5347.KL,5/3/2023,0.223626,0.231836,0.759955,0.00821,1.0,0.0,0.0,0.223626,0.759955,1
5347.KL,5/3/2024,0.564761,0.587925,0.38891,0.023165,0.666667,0.333333,0.0,0.564761,0.89524,3
5347.KL,5/3/2025,-0.241506,0.197078,0.364338,0.438584,0.0,0.5,0.5,0.241506,0.647339,4
5347.KL,5/3/2026,0.07248,0.278284,0.515912,0.205804,0.25,0.5,0.25,0.43736,0.885437,4
5347.KL,5/4/2020,0.0,0.0,0.0,0.0,0.0,0.0,0.0,0.0,0.0,0
5347.KL,5/4/2021,-0.638834,0.042389,0.276387,0.681224,0.0,0.0,1.0,0.638834,0.738348,2
5347.KL,5/4/2022,0.429101,0.458121,0.512858,0.029021,0.75,0.25,0.0,0.429101,0.740464,4
5347.KL,5/4/2023,0.0,0.0,0.0,0.0,0.0,0.0,0.0,0.0,0.0,0
5347.KL,5/4/2024,-0.13839,0.341697,0.178215,0.480088,0.5,0.0,0.5,0.778598,0.800192,2
5347.KL,5/4/2025,0.0,0.0,0.0,0.0,0.0,0.0,0.0,0.0,0.0,0
5347.KL,5/5/2020,0.0,0.0,0.0,0.0,0.0,0.0,0.0,0.0,0.0,0
5347.KL,5/5/2021,-0.925297,0.017164,0.040374,0.942461,0.0,0.0,1.0,0.925297,0.942461,1
5347.KL,5/5/2022,0.0,0.0,0.0,0.0,0.0,0.0,0.0,0.0,0.0,0
5347.KL,5/5/2023,0.0,0.0,0.0,0.0,0.0,0.0,0.0,0.0,0.0,0
5347.KL,5/5/2024,0.121369,0.132963,0.855443,0.011594,0.5,0.5,0.0,0.121369,0.855443,2
5347.KL,5/5/2025,0.0,0.0,0.0,0.0,0.0,0.0,0.0,0.0,0.0,0
5347.KL,5/6/2020,0.0,0.0,0.0,0.0,0.0,0.0,0.0,0.0,0.0,0
5347.KL,5/6/2021,0.0,0.0,0.0,0.0,0.0,0.0,0.0,0.0,0.0,0
5347.KL,5/6/2022,0.0,0.0,0.0,0.0,0.0,0.0,0.0,0.0,0.0,0
5347.KL,5/6/2023,0.0,0.0,0.0,0.0,0.0,0.0,0.0,0.0,0.0,0
5347.KL,5/6/2024,0.003799,0.257985,0.48783,0.254185,0.5,0.25,0.25,0.472339,0.894576,4
5347.KL,5/6/2025,0.057805,0.084365,0.889074,0.02656,0.0,1.0,0.0,0.057805,0.889074,2
5347.KL,5/7/2020,0.0,0.0,0.0,0.0,0.0,0.0,0.0,0.0,0.0,0
5347.KL,5/7/2021,-0.952944,0.010165,0.026727,0.963109,0.0,0.0,1.0,0.952944,0.963109,1
5347.KL,5/7/2022,0.0,0.0,0.0,0.0,0.0,0.0,0.0,0.0,0.0,0
5347.KL,5/7/2023,-0.927542,0.029929,0.0126,0.957471,0.0,0.0,1.0,0.927542,0.957471,1
5347.KL,5/7/2024,0.0,0.0,0.0,0.0,0.0,0.0,0.0,0.0,0.0,0
5347.KL,5/7/2025,0.492671,0.500324,0.492023,0.007653,1.0,0.0,0.0,0.492671,0.500324,1
5347.KL,5/8/2020,0.0,0.0,0.0,0.0,0.0,0.0,0.0,0.0,0.0,0
5347.KL,5/8/2021,0.0,0.0,0.0,0.0,0.0,0.0,0.0,0.0,0.0,0
5347.KL,5/8/2022,-0.738188,0.014075,0.233661,0.752264,0.0,0.0,1.0,0.738188,0.752264,1
5347.KL,5/8/2023,0.0,0.0,0.0,0.0,0.0,0.0,0.0,0.0,0.0,0
5347.KL,5/8/2024,0.027139,0.481743,0.063653,0.454604,0.5,0.0,0.5,0.873825,0.905086,2
5347.KL,5/8/2025,-0.226413,0.254521,0.264545,0.480934,0.25,0.25,0.5,0.70835,0.936956,4
5347.KL,5/9/2020,0.92554,0.947837,0.029865,0.022297,1.0,0.0,0.0,0.92554,0.947837,1
5347.KL,5/9/2021,0.0,0.0,0.0,0.0,0.0,0.0,0.0,0.0,0.0,0
5347.KL,5/9/2022,0.434018,0.444111,0.545796,0.010093,0.666667,0.333333,0.0,0.434018,0.737837,3
5347.KL,5/9/2023,0.0,0.0,0.0,0.0,0.0,0.0,0.0,0.0,0.0,0
5347.KL,5/9/2024,0.872529,0.918049,0.036431,0.04552,1.0,0.0,0.0,0.872529,0.918049,1
5347.KL,5/9/2025,0.0,0.0,0.0,0.0,0.0,0.0,0.0,0.0,0.0,0
5347.KL,6/1/2020,0.869138,0.876915,0.115309,0.007777,1.0,0.0,0.0,0.869138,0.876915,1
5347.KL,6/1/2021,-0.602778,0.031881,0.333459,0.63466,0.0,0.0,1.0,0.602778,0.781979,2
5347.KL,6/1/2022,0.0,0.0,0.0,0.0,0.0,0.0,0.0,0.0,0.0,0
5347.KL,6/1/2023,0.0,0.0,0.0,0.0,0.0,0.0,0.0,0.0,0.0,0
5347.KL,6/1/2024,-0.264673,0.109608,0.516111,0.374281,0.0,0.5,0.5,0.361883,0.751807,2
5347.KL,6/1/2025,0.220793,0.238698,0.743397,0.017905,1.0,0.0,0.0,0.220793,0.743397,1
5347.KL,6/1/2026,0.0,0.0,0.0,0.0,0.0,0.0,0.0,0.0,0.0,0
5347.KL,6/10/2020,0.0,0.0,0.0,0.0,0.0,0.0,0.0,0.0,0.0,0
5347.KL,6/10/2021,0.057109,0.066985,0.923139,0.009876,0.0,1.0,0.0,0.057109,0.923139,1
5347.KL,6/10/2022,-0.018932,0.052496,0.876077,0.071428,0.0,1.0,0.0,0.042625,0.876077,2
5347.KL,6/10/2023,-0.924956,0.010296,0.054452,0.935252,0.0,0.0,1.0,0.924956,0.935252,1
5347.KL,6/10/2024,0.0,0.0,0.0,0.0,0.0,0.0,0.0,0.0,0.0,0
5347.KL,6/10/2025,0.682741,0.691868,0.299006,0.009127,1.0,0.0,0.0,0.682741,0.691868,1
5347.KL,6/11/2020,0.0,0.0,0.0,0.0,0.0,0.0,0.0,0.0,0.0,0
5347.KL,6/11/2021,0.864622,0.872852,0.118917,0.00823,1.0,0.0,0.0,0.864622,0.872852,1
5347.KL,6/11/2022,0.0,0.0,0.0,0.0,0.0,0.0,0.0,0.0,0.0,0
5347.KL,6/11/2023,0.0,0.0,0.0,0.0,0.0,0.0,0.0,0.0,0.0,0
5347.KL,6/11/2024,0.7321,0.831662,0.068775,0.099562,1.0,0.0,0.0,0.7321,0.831662,2
5347.KL,6/11/2025,-0.616957,0.117389,0.148264,0.734347,0.0,0.0,1.0,0.616957,0.734347,1
5347.KL,6/12/2020,0.751548,0.763289,0.22497,0.011741,1.0,0.0,0.0,0.751548,0.763289,1
5347.KL,6/12/2021,0.0,0.0,0.0,0.0,0.0,0.0,0.0,0.0,0.0,0
5347.KL,6/12/2022,-0.939223,0.019015,0.022747,0.958238,0.0,0.0,1.0,0.939223,0.958238,1
5347.KL,6/12/2023,-0.12501,0.217695,0.4396,0.342705,0.25,0.25,0.5,0.47442,0.788202,4
5347.KL,6/12/2024,0.864838,0.912828,0.039182,0.04799,1.0,0.0,0.0,0.864838,0.912828,1
5347.KL,6/12/2025,-0.917728,0.023193,0.035885,0.940921,0.0,0.0,1.0,0.917728,0.940921,1
5347.KL,6/2/2020,0.881316,0.929903,0.021509,0.048587,1.0,0.0,0.0,0.881316,0.929903,1
5347.KL,6/2/2021,0.2775,0.288165,0.70117,0.010665,1.0,0.0,0.0,0.2775,0.70117,1
5347.KL,6/2/2022,0.0,0.0,0.0,0.0,0.0,0.0,0.0,0.0,0.0,0
5347.KL,6/2/2023,0.0,0.0,0.0,0.0,0.0,0.0,0.0,0.0,0.0,0
5347.KL,6/2/2024,0.903999,0.939219,0.025561,0.03522,1.0,0.0,0.0,0.903999,0.939219,1
5347.KL,6/2/2025,-0.859615,0.016093,0.108199,0.875708,0.0,0.0,1.0,0.859615,0.875708,2
5347.KL,6/2/2026,-0.669534,0.053491,0.223485,0.723024,0.25,0.0,0.75,0.744393,0.927588,4
5347.KL,6/3/2020,0.0,0.0,0.0,0.0,0.0,0.0,0.0,0.0,0.0,0
5347.KL,6/3/2021,0.0,0.0,0.0,0.0,0.0,0.0,0.0,0.0,0.0,0
5347.KL,6/3/2022,-0.934582,0.008155,0.049107,0.942738,0.0,0.0,1.0,0.934582,0.942738,1
5347.KL,6/3/2023,0.374291,0.384058,0.606175,0.009767,1.0,0.0,0.0,0.374291,0.606175,1
5347.KL,6/3/2024,-0.904452,0.018972,0.057604,0.923424,0.0,0.0,1.0,0.904452,0.923424,1
5347.KL,6/3/2025,0.0,0.0,0.0,0.0,0.0,0.0,0.0,0.0,0.0,0
5347.KL,6/3/2026,-0.034564,0.447806,0.069825,0.48237,0.5,0.0,0.5,0.906887,0.918531,2
5347.KL,6/4/2020,0.0,0.0,0.0,0.0,0.0,0.0,0.0,0.0,0.0,0
5347.KL,6/4/2021,0.0,0.0,0.0,0.0,0.0,0.0,0.0,0.0,0.0,0
5347.KL,6/4/2022,-0.042702,0.244299,0.468699,0.287001,0.5,0.0,0.5,0.192648,0.699504,2
5347.KL,6/4/2023,0.585588,0.594864,0.395859,0.009277,1.0,0.0,0.0,0.585588,0.594864,1
5347.KL,6/4/2024,0.0,0.0,0.0,0.0,0.0,0.0,0.0,0.0,0.0,0
5347.KL,6/4/2025,-0.020536,0.031763,0.915939,0.052299,0.0,1.0,0.0,0.020536,0.915939,2
5347.KL,6/5/2020,0.145008,0.152965,0.839077,0.007958,1.0,0.0,0.0,0.145008,0.839077,1
5347.KL,6/5/2021,0.0,0.0,0.0,0.0,0.0,0.0,0.0,0.0,0.0,0
5347.KL,6/5/2022,0.0,0.0,0.0,0.0,0.0,0.0,0.0,0.0,0.0,0
5347.KL,6/5/2023,0.0,0.0,0.0,0.0,0.0,0.0,0.0,0.0,0.0,0
5347.KL,6/5/2024,0.0,0.0,0.0,0.0,0.0,0.0,0.0,0.0,0.0,0
5347.KL,6/5/2025,-0.938003,0.023227,0.015542,0.961231,0.0,0.0,1.0,0.938003,0.961231,1
5347.KL,6/6/2020,0.0,0.0,0.0,0.0,0.0,0.0,0.0,0.0,0.0,0
5347.KL,6/6/2021,0.0,0.0,0.0,0.0,0.0,0.0,0.0,0.0,0.0,0
5347.KL,6/6/2022,0.0,0.0,0.0,0.0,0.0,0.0,0.0,0.0,0.0,0
5347.KL,6/6/2023,0.133218,0.154596,0.824026,0.021378,1.0,0.0,0.0,0.133218,0.824026,1
5347.KL,6/6/2024,0.803293,0.839985,0.123323,0.036692,1.0,0.0,0.0,0.803293,0.839985,4
5347.KL,6/6/2025,0.083549,0.134259,0.815031,0.05071,0.0,1.0,0.0,0.083549,0.815031,1
5347.KL,6/7/2020,0.0,0.0,0.0,0.0,0.0,0.0,0.0,0.0,0.0,0
5347.KL,6/7/2021,0.088548,0.111438,0.865673,0.022889,0.0,1.0,0.0,0.088548,0.865673,1
5347.KL,6/7/2022,0.0,0.0,0.0,0.0,0.0,0.0,0.0,0.0,0.0,0
5347.KL,6/7/2023,-0.70813,0.015869,0.260132,0.723999,0.0,0.0,1.0,0.70813,0.723999,2
5347.KL,6/7/2024,-0.864363,0.031115,0.073406,0.895479,0.0,0.0,1.0,0.864363,0.895479,1
5347.KL,6/7/2025,0.106962,0.135851,0.835261,0.028888,1.0,0.0,0.0,0.106962,0.835261,1
5347.KL,6/8/2020,0.0,0.0,0.0,0.0,0.0,0.0,0.0,0.0,0.0,0
5347.KL,6/8/2021,0.0,0.0,0.0,0.0,0.0,0.0,0.0,0.0,0.0,0
5347.KL,6/8/2022,-0.848533,0.034512,0.082444,0.883044,0.0,0.0,1.0,0.848533,0.883044,1
5347.KL,6/8/2023,0.0,0.0,0.0,0.0,0.0,0.0,0.0,0.0,0.0,0
5347.KL,6/8/2024,-0.87595,0.013563,0.096924,0.889513,0.0,0.0,1.0,0.87595,0.889513,1
5347.KL,6/8/2025,0.851701,0.913231,0.025239,0.06153,1.0,0.0,0.0,0.851701,0.913231,1
5347.KL,6/9/2020,0.0,0.0,0.0,0.0,0.0,0.0,0.0,0.0,0.0,0
5347.KL,6/9/2021,0.194774,0.204346,0.786082,0.009572,1.0,0.0,0.0,0.194774,0.786082,2
5347.KL,6/9/2022,0.0,0.0,0.0,0.0,0.0,0.0,0.0,0.0,0.0,0
5347.KL,6/9/2023,0.0,0.0,0.0,0.0,0.0,0.0,0.0,0.0,0.0,0
5347.KL,6/9/2024,-0.461973,0.081666,0.374694,0.543639,0.0,0.0,1.0,0.461973,0.764214,2
5347.KL,6/9/2025,0.0,0.0,0.0,0.0,0.0,0.0,0.0,0.0,0.0,0
5347.KL,7/1/2020,0.861454,0.890021,0.081412,0.028567,1.0,0.0,0.0,0.861454,0.890021,2
5347.KL,7/1/2021,0.0,0.0,0.0,0.0,0.0,0.0,0.0,0.0,0.0,0
5347.KL,7/1/2022,0.031905,0.054744,0.922418,0.022838,0.0,1.0,0.0,0.031905,0.922418,1
5347.KL,7/1/2023,0.0,0.0,0.0,0.0,0.0,0.0,0.0,0.0,0.0,0
5347.KL,7/1/2024,-0.001229,0.143588,0.711595,0.144817,0.0,1.0,0.0,0.001229,0.711595,1
5347.KL,7/1/2025,0.920881,0.939422,0.042036,0.018542,1.0,0.0,0.0,0.920881,0.939422,2
5347.KL,7/1/2026,0.052155,0.316779,0.418597,0.264624,0.333333,0.333333,0.333333,0.552332,0.8572,3
5347.KL,7/10/2020,-0.448397,0.055635,0.440334,0.504032,0.0,0.0,1.0,0.448397,0.504032,1
5347.KL,7/10/2021,0.429432,0.437656,0.554121,0.008224,1.0,0.0,0.0,0.429432,0.701151,2
5347.KL,7/10/2022,-0.873554,0.031235,0.063977,0.904789,0.0,0.0,1.0,0.873554,0.904789,2
5347.KL,7/10/2023,-0.920747,0.009872,0.059509,0.930619,0.0,0.0,1.0,0.920747,0.930619,1
5347.KL,7/10/2024,0.0,0.0,0.0,0.0,0.0,0.0,0.0,0.0,0.0,0
5347.KL,7/10/2025,0.358769,0.399427,0.559915,0.040658,0.5,0.5,0.0,0.358769,0.827902,4
5347.KL,7/11/2020,0.0,0.0,0.0,0.0,0.0,0.0,0.0,0.0,0.0,0
5347.KL,7/11/2021,0.0,0.0,0.0,0.0,0.0,0.0,0.0,0.0,0.0,0
5347.KL,7/11/2022,0.0,0.0,0.0,0.0,0.0,0.0,0.0,0.0,0.0,0
5347.KL,7/11/2023,0.119196,0.393012,0.333171,0.273816,0.333333,0.333333,0.333333,0.406856,0.799488,3
5347.KL,7/11/2024,0.0,0.0,0.0,0.0,0.0,0.0,0.0,0.0,0.0,0
5347.KL,7/11/2025,-0.361387,0.294666,0.049281,0.656053,0.333333,0.0,0.666667,0.867471,0.909095,3
5347.KL,7/12/2020,0.705827,0.738634,0.228559,0.032807,1.0,0.0,0.0,0.705827,0.738634,1
5347.KL,7/12/2021,-0.317216,0.16189,0.359003,0.479107,0.5,0.0,0.5,0.610029,0.808686,2
5347.KL,7/12/2022,-0.459601,0.024279,0.491841,0.48388,0.0,0.5,0.5,0.486511,0.950541,2
5347.KL,7/12/2023,-0.01075,0.043078,0.903094,0.053828,0.0,1.0,0.0,0.01075,0.903094,1
5347.KL,7/12/2024,-0.945064,0.017216,0.020504,0.96228,0.0,0.0,1.0,0.945064,0.96228,1
5347.KL,7/12/2025,-0.829927,0.03006,0.109953,0.859987,0.0,0.0,1.0,0.829927,0.859987,1
5347.KL,7/2/2020,0.395382,0.55629,0.282801,0.160909,0.5,0.25,0.25,0.498216,0.800151,4
5347.KL,7/2/2021,0.0,0.0,0.0,0.0,0.0,0.0,0.0,0.0,0.0,0
5347.KL,7/2/2022,-0.898696,0.024316,0.052672,0.923012,0.0,0.0,1.0,0.898696,0.923012,1
5347.KL,7/2/2023,0.022371,0.045354,0.931663,0.022983,0.0,1.0,0.0,0.022371,0.931663,1
5347.KL,7/2/2024,0.0,0.0,0.0,0.0,0.0,0.0,0.0,0.0,0.0,0
5347.KL,7/2/2025,-0.006798,0.071644,0.849913,0.078442,0.25,0.5,0.25,0.106229,0.849913,4
5347.KL,7/2/2026,0.638222,0.759849,0.118525,0.121626,1.0,0.0,0.0,0.638222,0.759849,1
5347.KL,7/3/2020,0.0,0.0,0.0,0.0,0.0,0.0,0.0,0.0,0.0,0
5347.KL,7/3/2021,0.223314,0.230259,0.762796,0.006945,1.0,0.0,0.0,0.223314,0.762796,1
5347.KL,7/3/2022,0.3828,0.399222,0.584357,0.016421,1.0,0.0,0.0,0.3828,0.699992,2
5347.KL,7/3/2023,0.343202,0.362531,0.61814,0.019329,1.0,0.0,0.0,0.343202,0.61814,2
5347.KL,7/3/2024,0.195745,0.413926,0.367893,0.218181,1.0,0.0,0.0,0.195745,0.413926,1
5347.KL,7/3/2025,-0.354966,0.074771,0.495491,0.429738,0.0,0.5,0.5,0.437411,0.872828,2
5347.KL,7/3/2026,0.0,0.0,0.0,0.0,0.0,0.0,0.0,0.0,0.0,0
5347.KL,7/4/2020,0.45038,0.482577,0.485227,0.032197,0.5,0.5,0.0,0.45038,0.920876,2
5347.KL,7/4/2021,0.0,0.0,0.0,0.0,0.0,0.0,0.0,0.0,0.0,0
5347.KL,7/4/2022,0.0,0.0,0.0,0.0,0.0,0.0,0.0,0.0,0.0,0
5347.KL,7/4/2023,0.835494,0.847057,0.141381,0.011562,1.0,0.0,0.0,0.835494,0.847057,1
5347.KL,7/4/2024,0.0,0.0,0.0,0.0,0.0,0.0,0.0,0.0,0.0,0
5347.KL,7/4/2025,-0.917745,0.022959,0.036337,0.940704,0.0,0.0,1.0,0.917745,0.940704,1
5347.KL,7/5/2020,-0.153125,0.360896,0.125083,0.514021,0.5,0.0,0.5,0.785045,0.829981,2
5347.KL,7/5/2021,0.0,0.0,0.0,0.0,0.0,0.0,0.0,0.0,0.0,0
5347.KL,7/5/2022,0.0,0.0,0.0,0.0,0.0,0.0,0.0,0.0,0.0,0
5347.KL,7/5/2023,0.0,0.0,0.0,0.0,0.0,0.0,0.0,0.0,0.0,0
5347.KL,7/5/2024,0.0,0.0,0.0,0.0,0.0,0.0,0.0,0.0,0.0,0
5347.KL,7/5/2025,-0.089109,0.395176,0.120538,0.484285,0.5,0.0,0.5,0.857494,0.868478,2
5347.KL,7/6/2020,0.0,0.0,0.0,0.0,0.0,0.0,0.0,0.0,0.0,0
5347.KL,7/6/2021,0.0,0.0,0.0,0.0,0.0,0.0,0.0,0.0,0.0,0
5347.KL,7/6/2022,0.0,0.0,0.0,0.0,0.0,0.0,0.0,0.0,0.0,0
5347.KL,7/6/2023,0.0,0.0,0.0,0.0,0.0,0.0,0.0,0.0,0.0,0
5347.KL,7/6/2024,0.455925,0.470645,0.514634,0.014721,0.5,0.5,0.0,0.455925,0.923774,2
5347.KL,7/6/2025,0.0,0.0,0.0,0.0,0.0,0.0,0.0,0.0,0.0,0
5347.KL,7/7/2020,0.008818,0.461231,0.086356,0.452413,0.5,0.0,0.5,0.86995,0.891797,2
5347.KL,7/7/2021,-0.023352,0.462892,0.050865,0.486243,0.5,0.0,0.5,0.926644,0.937889,2
5347.KL,7/7/2022,0.546423,0.572443,0.401537,0.02602,1.0,0.0,0.0,0.546423,0.851106,2
5347.KL,7/7/2023,-0.234525,0.3549,0.055676,0.589425,0.0,0.0,1.0,0.234525,0.589425,1
5347.KL,7/7/2024,0.0,0.0,0.0,0.0,0.0,0.0,0.0,0.0,0.0,0
5347.KL,7/7/2025,-0.273459,0.045854,0.634832,0.319314,0.0,0.666667,0.333333,0.327201,0.914432,3
5347.KL,7/8/2020,0.9164,0.933461,0.049478,0.017061,1.0,0.0,0.0,0.9164,0.933461,1
5347.KL,7/8/2021,0.0,0.0,0.0,0.0,0.0,0.0,0.0,0.0,0.0,0
5347.KL,7/8/2022,0.122294,0.134962,0.852371,0.012668,1.0,0.0,0.0,0.122294,0.852371,2
5347.KL,7/8/2023,-0.164384,0.12858,0.578456,0.292964,0.5,0.0,0.5,0.306838,0.700731,2
5347.KL,7/8/2024,0.902005,0.93187,0.038265,0.029865,1.0,0.0,0.0,0.902005,0.93187,1
5347.KL,7/8/2025,0.51844,0.571988,0.374464,0.053548,1.0,0.0,0.0,0.51844,0.827387,2
5347.KL,7/9/2020,-0.649858,0.049419,0.251304,0.699277,0.0,0.0,1.0,0.649858,0.699277,1
5347.KL,7/9/2021,0.144321,0.152101,0.84012,0.00778,1.0,0.0,0.0,0.144321,0.84012,1
5347.KL,7/9/2022,0.0,0.0,0.0,0.0,0.0,0.0,0.0,0.0,0.0,0
5347.KL,7/9/2023,0.436997,0.482289,0.472418,0.045293,0.5,0.5,0.0,0.436997,0.900288,2
5347.KL,7/9/2024,0.065876,0.080408,0.905059,0.014533,0.0,1.0,0.0,0.065876,0.905059,1
5347.KL,7/9/2025,0.0,0.0,0.0,0.0,0.0,0.0,0.0,0.0,0.0,0
5347.KL,8/1/2020,0.0,0.0,0.0,0.0,0.0,0.0,0.0,0.0,0.0,0
5347.KL,8/1/2021,0.0,0.0,0.0,0.0,0.0,0.0,0.0,0.0,0.0,0
5347.KL,8/1/2022,-0.844547,0.018936,0.117582,0.863482,0.0,0.0,1.0,0.844547,0.863482,1
5347.KL,8/1/2023,0.0,0.0,0.0,0.0,0.0,0.0,0.0,0.0,0.0,0
5347.KL,8/1/2024,0.0,0.0,0.0,0.0,0.0,0.0,0.0,0.0,0.0,0
5347.KL,8/1/2025,0.889956,0.902236,0.085484,0.01228,1.0,0.0,0.0,0.889956,0.902236,1
5347.KL,8/1/2026,0.63294,0.640562,0.351817,0.007621,1.0,0.0,0.0,0.63294,0.640562,1
5347.KL,8/10/2020,0.0,0.0,0.0,0.0,0.0,0.0,0.0,0.0,0.0,0
5347.KL,8/10/2021,0.594324,0.606363,0.381599,0.012038,1.0,0.0,0.0,0.594324,0.684743,3
5347.KL,8/10/2022,0.804606,0.812114,0.180378,0.007508,1.0,0.0,0.0,0.804606,0.812114,1
5347.KL,8/10/2023,0.0,0.0,0.0,0.0,0.0,0.0,0.0,0.0,0.0,0
5347.KL,8/10/2024,0.234635,0.562932,0.108771,0.328297,0.5,0.0,0.5,0.672124,0.781677,2
5347.KL,8/10/2025,0.462422,0.473383,0.515657,0.01096,0.5,0.5,0.0,0.462422,0.896571,2
5347.KL,8/11/2020,0.0,0.0,0.0,0.0,0.0,0.0,0.0,0.0,0.0,0
5347.KL,8/11/2021,0.018744,0.034274,0.950196,0.01553,0.0,1.0,0.0,0.018744,0.950196,1
5347.KL,8/11/2022,0.320119,0.330745,0.65863,0.010625,1.0,0.0,0.0,0.320119,0.65863,1
5347.KL,8/11/2023,0.564115,0.571408,0.421299,0.007293,1.0,0.0,0.0,0.564115,0.571408,1
5347.KL,8/11/2024,0.896317,0.935167,0.025983,0.03885,1.0,0.0,0.0,0.896317,0.935167,1
5347.KL,8/11/2025,0.0,0.0,0.0,0.0,0.0,0.0,0.0,0.0,0.0,0
5347.KL,8/12/2020,0.0,0.0,0.0,0.0,0.0,0.0,0.0,0.0,0.0,0
5347.KL,8/12/2021,-0.418375,0.045675,0.490275,0.46405,0.0,0.5,0.5,0.426225,0.905215,2
5347.KL,8/12/2022,-0.956391,0.008115,0.02738,0.964506,0.0,0.0,1.0,0.956391,0.964506,1
5347.KL,8/12/2023,0.057686,0.068931,0.919824,0.011245,0.0,1.0,0.0,0.057686,0.919824,1
5347.KL,8/12/2024,0.082509,0.093389,0.895731,0.01088,0.0,1.0,0.0,0.082509,0.895731,1
5347.KL,8/12/2025,0.044882,0.475571,0.09374,0.430689,0.666667,0.0,0.333333,0.671411,0.788836,3
5347.KL,8/2/2020,0.101494,0.124893,0.851708,0.023399,1.0,0.0,0.0,0.101494,0.851708,1
5347.KL,8/2/2021,0.0,0.0,0.0,0.0,0.0,0.0,0.0,0.0,0.0,0
5347.KL,8/2/2022,0.0,0.0,0.0,0.0,0.0,0.0,0.0,0.0,0.0,0
5347.KL,8/2/2023,0.795326,0.815702,0.163921,0.020377,1.0,0.0,0.0,0.795326,0.815702,1
5347.KL,8/2/2024,0.789855,0.827415,0.135025,0.03756,1.0,0.0,0.0,0.789855,0.827415,1
5347.KL,8/2/2025,-0.328168,0.073777,0.524278,0.401945,0.5,0.0,0.5,0.431739,0.834296,2
5347.KL,8/2/2026,0.0,0.0,0.0,0.0,0.0,0.0,0.0,0.0,0.0,0
5347.KL,8/3/2020,0.0,0.0,0.0,0.0,0.0,0.0,0.0,0.0,0.0,0
5347.KL,8/3/2021,0.107719,0.488177,0.131366,0.380457,0.5,0.0,0.5,0.821139,0.844887,2
5347.KL,8/3/2022,-0.935829,0.014072,0.036027,0.949901,0.0,0.0,1.0,0.935829,0.949901,2
5347.KL,8/3/2023,0.175865,0.300568,0.57473,0.124702,0.4,0.4,0.2,0.369721,0.687903,5
5347.KL,8/3/2024,0.651434,0.67588,0.299675,0.024446,1.0,0.0,0.0,0.651434,0.67588,2
5347.KL,8/3/2025,0.0,0.0,0.0,0.0,0.0,0.0,0.0,0.0,0.0,0
5347.KL,8/3/2026,-0.625554,0.07405,0.226346,0.699604,0.0,0.0,1.0,0.625554,0.699604,1
5347.KL,8/4/2020,-0.848196,0.0665,0.018805,0.914696,0.0,0.0,1.0,0.848196,0.914696,1
5347.KL,8/4/2021,0.0,0.0,0.0,0.0,0.0,0.0,0.0,0.0,0.0,0
5347.KL,8/4/2022,0.132975,0.141716,0.849543,0.008741,1.0,0.0,0.0,0.132975,0.849543,1
5347.KL,8/4/2023,0.0,0.0,0.0,0.0,0.0,0.0,0.0,0.0,0.0,0
5347.KL,8/4/2024,0.0,0.0,0.0,0.0,0.0,0.0,0.0,0.0,0.0,0
5347.KL,8/4/2025,-0.94642,0.011683,0.030213,0.958104,0.0,0.0,1.0,0.94642,0.958104,1
5347.KL,8/5/2020,0.770509,0.85869,0.05313,0.08818,1.0,0.0,0.0,0.770509,0.85869,1
5347.KL,8/5/2021,0.0,0.0,0.0,0.0,0.0,0.0,0.0,0.0,0.0,0
5347.KL,8/5/2022,0.298554,0.350527,0.5975,0.051973,1.0,0.0,0.0,0.298554,0.661132,2
5347.KL,8/5/2023,0.0,0.0,0.0,0.0,0.0,0.0,0.0,0.0,0.0,0
5347.KL,8/5/2024,0.906825,0.920369,0.066086,0.013545,1.0,0.0,0.0,0.906825,0.920369,1
5347.KL,8/5/2025,0.487896,0.619085,0.249725,0.13119,1.0,0.0,0.0,0.487896,0.619085,1
5347.KL,8/6/2020,0.244508,0.256898,0.730713,0.012389,1.0,0.0,0.0,0.244508,0.730713,1
5347.KL,8/6/2021,0.607219,0.638703,0.329813,0.031484,1.0,0.0,0.0,0.607219,0.638703,2
5347.KL,8/6/2022,0.0,0.0,0.0,0.0,0.0,0.0,0.0,0.0,0.0,0
5347.KL,8/6/2023,0.0,0.0,0.0,0.0,0.0,0.0,0.0,0.0,0.0,0
5347.KL,8/6/2024,0.058578,0.068538,0.921502,0.00996,0.0,1.0,0.0,0.058578,0.921502,1
5347.KL,8/6/2025,0.0,0.0,0.0,0.0,0.0,0.0,0.0,0.0,0.0,0
5347.KL,8/7/2020,-0.14888,0.383224,0.084673,0.532104,0.0,0.0,1.0,0.14888,0.532104,1
5347.KL,8/7/2021,-0.880428,0.017031,0.085511,0.897458,0.0,0.0,1.0,0.880428,0.897458,1
5347.KL,8/7/2022,0.0,0.0,0.0,0.0,0.0,0.0,0.0,0.0,0.0,0
5347.KL,8/7/2023,0.259128,0.269144,0.72084,0.010016,1.0,0.0,0.0,0.259128,0.72084,1
5347.KL,8/7/2024,0.0,0.0,0.0,0.0,0.0,0.0,0.0,0.0,0.0,0
5347.KL,8/7/2025,0.438872,0.483126,0.472621,0.044253,0.6,0.2,0.2,0.49535,0.823115,5
5347.KL,8/8/2020,0.0,0.0,0.0,0.0,0.0,0.0,0.0,0.0,0.0,0
5347.KL,8/8/2021,0.0,0.0,0.0,0.0,0.0,0.0,0.0,0.0,0.0,0
5347.KL,8/8/2022,0.309766,0.520654,0.268459,0.210887,0.5,0.5,0.0,0.374402,0.552971,2
5347.KL,8/8/2023,-0.22966,0.107199,0.555941,0.336859,0.0,0.0,1.0,0.22966,0.555941,1
5347.KL,8/8/2024,0.0,0.0,0.0,0.0,0.0,0.0,0.0,0.0,0.0,0
5347.KL,8/8/2025,0.883156,0.925312,0.032532,0.042156,1.0,0.0,0.0,0.883156,0.925312,1
5347.KL,8/9/2020,0.0,0.0,0.0,0.0,0.0,0.0,0.0,0.0,0.0,0
5347.KL,8/9/2021,0.03308,0.048022,0.937035,0.014943,0.0,1.0,0.0,0.03308,0.937035,1
5347.KL,8/9/2022,0.435107,0.449513,0.536081,0.014406,0.5,0.5,0.0,0.435107,0.910435,2
5347.KL,8/9/2023,0.018627,0.033964,0.950699,0.015337,0.0,1.0,0.0,0.018627,0.950699,1
5347.KL,8/9/2024,0.0,0.0,0.0,0.0,0.0,0.0,0.0,0.0,0.0,0
5347.KL,8/9/2025,0.586678,0.753691,0.079295,0.167013,1.0,0.0,0.0,0.586678,0.753691,2
5347.KL,9/1/2020,0.846499,0.855169,0.13616,0.008671,1.0,0.0,0.0,0.846499,0.855169,1
5347.KL,9/1/2021,-0.852822,0.01519,0.116798,0.868012,0.0,0.0,1.0,0.852822,0.868012,1
5347.KL,9/1/2022,0.0,0.0,0.0,0.0,0.0,0.0,0.0,0.0,0.0,0
5347.KL,9/1/2023,0.428412,0.480186,0.468039,0.051775,1.0,0.0,0.0,0.428412,0.811218,2
5347.KL,9/1/2024,0.270602,0.304281,0.66204,0.033679,1.0,0.0,0.0,0.270602,0.66204,1
5347.KL,9/1/2025,0.865034,0.873788,0.117457,0.008755,1.0,0.0,0.0,0.865034,0.873788,1
5347.KL,9/1/2026,0.0,0.0,0.0,0.0,0.0,0.0,0.0,0.0,0.0,0
5347.KL,9/10/2020,0.340303,0.410523,0.519257,0.07022,0.5,0.5,0.0,0.42035,0.829198,2
5347.KL,9/10/2021,0.0,0.0,0.0,0.0,0.0,0.0,0.0,0.0,0.0,0
5347.KL,9/10/2022,0.0,0.0,0.0,0.0,0.0,0.0,0.0,0.0,0.0,0
5347.KL,9/10/2023,0.921137,0.936501,0.048134,0.015364,1.0,0.0,0.0,0.921137,0.936501,2
5347.KL,9/10/2024,0.742432,0.837713,0.067006,0.095281,1.0,0.0,0.0,0.742432,0.837713,3
5347.KL,9/10/2025,0.240254,0.569151,0.101953,0.328896,0.666667,0.0,0.333333,0.841767,0.869907,3
5347.KL,9/11/2020,0.0,0.0,0.0,0.0,0.0,0.0,0.0,0.0,0.0,0
5347.KL,9/11/2021,0.0,0.0,0.0,0.0,0.0,0.0,0.0,0.0,0.0,0
5347.KL,9/11/2022,0.546322,0.556417,0.433488,0.010095,1.0,0.0,0.0,0.546322,0.87144,2
5347.KL,9/11/2023,0.0,0.0,0.0,0.0,0.0,0.0,0.0,0.0,0.0,0
5347.KL,9/11/2024,0.0,0.0,0.0,0.0,0.0,0.0,0.0,0.0,0.0,0
5347.KL,9/11/2025,0.0,0.0,0.0,0.0,0.0,0.0,0.0,0.0,0.0,0
5347.KL,9/12/2020,-0.301142,0.098234,0.50239,0.399376,0.5,0.0,0.5,0.467252,0.803494,2
5347.KL,9/12/2021,-0.945115,0.008421,0.038043,0.953536,0.0,0.0,1.0,0.945115,0.953536,1
5347.KL,9/12/2022,0.0,0.0,0.0,0.0,0.0,0.0,0.0,0.0,0.0,0
5347.KL,9/12/2023,0.0,0.0,0.0,0.0,0.0,0.0,0.0,0.0,0.0,0
5347.KL,9/12/2024,0.119417,0.189509,0.740399,0.070092,0.5,0.5,0.0,0.124734,0.740399,2
5347.KL,9/12/2025,-0.527308,0.02012,0.432453,0.547428,0.0,0.0,1.0,0.527308,0.547428,1
5347.KL,9/2/2020,0.0,0.0,0.0,0.0,0.0,0.0,0.0,0.0,0.0,0
5347.KL,9/2/2021,0.0,0.0,0.0,0.0,0.0,0.0,0.0,0.0,0.0,0
5347.KL,9/2/2022,-0.042433,0.031308,0.894951,0.073741,0.0,1.0,0.0,0.056496,0.894951,2
5347.KL,9/2/2023,-0.043572,0.090552,0.775325,0.134124,0.0,1.0,0.0,0.043572,0.775325,1
5347.KL,9/2/2024,0.165642,0.481386,0.202869,0.315745,0.5,0.0,0.5,0.643206,0.720169,2
5347.KL,9/2/2025,-0.020645,0.025122,0.92911,0.045768,0.0,1.0,0.0,0.020645,0.92911,1
5347.KL,9/2/2026,0.850822,0.896055,0.058712,0.045233,1.0,0.0,0.0,0.850822,0.896055,1
5347.KL,9/3/2020,0.087342,0.096822,0.893698,0.00948,0.0,1.0,0.0,0.087342,0.893698,1
5347.KL,9/3/2021,0.028468,0.047167,0.934135,0.018698,0.0,1.0,0.0,0.028468,0.934135,2
5347.KL,9/3/2022,-0.171794,0.08061,0.666986,0.252404,0.0,0.5,0.5,0.171794,0.666986,2
5347.KL,9/3/2023,0.115204,0.133364,0.848475,0.018161,1.0,0.0,0.0,0.115204,0.848475,1
5347.KL,9/3/2024,-0.400899,0.045062,0.508977,0.445961,0.0,0.5,0.5,0.445794,0.896533,2
5347.KL,9/3/2025,0.0,0.0,0.0,0.0,0.0,0.0,0.0,0.0,0.0,0
5347.KL,9/3/2026,-0.428632,0.047689,0.47599,0.476321,0.0,0.5,0.5,0.487429,0.929767,2
5347.KL,9/4/2020,0.200277,0.349221,0.501836,0.148944,1.0,0.0,0.0,0.200277,0.73607,2
5347.KL,9/4/2021,0.0,0.0,0.0,0.0,0.0,0.0,0.0,0.0,0.0,0
5347.KL,9/4/2022,0.0,0.0,0.0,0.0,0.0,0.0,0.0,0.0,0.0,0
5347.KL,9/4/2023,0.38101,0.396936,0.587137,0.015927,1.0,0.0,0.0,0.38101,0.587137,1
5347.KL,9/4/2024,-0.091198,0.388877,0.131049,0.480075,0.5,0.0,0.5,0.651221,0.760086,2
5347.KL,9/4/2025,-0.87134,0.041731,0.045197,0.913072,0.0,0.0,1.0,0.87134,0.913072,1
5347.KL,9/5/2020,0.0,0.0,0.0,0.0,0.0,0.0,0.0,0.0,0.0,0
5347.KL,9/5/2021,0.035601,0.06016,0.915281,0.024559,0.0,1.0,0.0,0.035601,0.915281,1
5347.KL,9/5/2022,0.0,0.0,0.0,0.0,0.0,0.0,0.0,0.0,0.0,0
5347.KL,9/5/2023,0.0,0.0,0.0,0.0,0.0,0.0,0.0,0.0,0.0,0
5347.KL,9/5/2024,0.0,0.0,0.0,0.0,0.0,0.0,0.0,0.0,0.0,0
5347.KL,9/5/2025,0.0,0.0,0.0,0.0,0.0,0.0,0.0,0.0,0.0,0
5347.KL,9/6/2020,-0.856563,0.036132,0.071174,0.892695,0.0,0.0,1.0,0.856563,0.892695,1
5347.KL,9/6/2021,0.0,0.0,0.0,0.0,0.0,0.0,0.0,0.0,0.0,0
5347.KL,9/6/2022,0.407343,0.436066,0.535211,0.028723,1.0,0.0,0.0,0.407343,0.535211,1
5347.KL,9/6/2023,0.0,0.0,0.0,0.0,0.0,0.0,0.0,0.0,0.0,0
5347.KL,9/6/2024,0.0,0.0,0.0,0.0,0.0,0.0,0.0,0.0,0.0,0
5347.KL,9/6/2025,0.0,0.0,0.0,0.0,0.0,0.0,0.0,0.0,0.0,0
5347.KL,9/7/2020,0.0,0.0,0.0,0.0,0.0,0.0,0.0,0.0,0.0,0
5347.KL,9/7/2021,0.614141,0.78229,0.04956,0.16815,1.0,0.0,0.0,0.614141,0.78229,1
5347.KL,9/7/2022,0.0,0.0,0.0,0.0,0.0,0.0,0.0,0.0,0.0,0
5347.KL,9/7/2023,0.0,0.0,0.0,0.0,0.0,0.0,0.0,0.0,0.0,0
5347.KL,9/7/2024,0.185152,0.196823,0.791506,0.011671,0.5,0.5,0.0,0.185152,0.791506,2
5347.KL,9/7/2025,0.257135,0.271026,0.715083,0.013891,1.0,0.0,0.0,0.257135,0.715083,1
5347.KL,9/8/2020,0.0,0.0,0.0,0.0,0.0,0.0,0.0,0.0,0.0,0
5347.KL,9/8/2021,0.0,0.0,0.0,0.0,0.0,0.0,0.0,0.0,0.0,0
5347.KL,9/8/2022,-0.350828,0.06589,0.517391,0.416719,0.5,0.0,0.5,0.456177,0.844874,2
5347.KL,9/8/2023,0.921197,0.944379,0.03244,0.023182,1.0,0.0,0.0,0.921197,0.944379,1
5347.KL,9/8/2024,-0.587247,0.035921,0.340911,0.623168,0.0,0.0,1.0,0.587247,0.623168,1
5347.KL,9/8/2025,-0.926008,0.02052,0.032952,0.946528,0.0,0.0,1.0,0.926008,0.946528,1
5347.KL,9/9/2020,0.190433,0.208138,0.774157,0.017705,1.0,0.0,0.0,0.190433,0.774157,1
5347.KL,9/9/2021,0.0,0.0,0.0,0.0,0.0,0.0,0.0,0.0,0.0,0
5347.KL,9/9/2022,0.748558,0.820675,0.107208,0.072117,1.0,0.0,0.0,0.748558,0.820675,1
5347.KL,9/9/2023,-0.072426,0.390542,0.146491,0.462968,0.5,0.0,0.5,0.836288,0.844899,2
5347.KL,9/9/2024,-0.93961,0.014473,0.031444,0.954083,0.0,0.0,1.0,0.93961,0.954083,1
5347.KL,9/9/2025,-0.316029,0.248417,0.187138,0.564445,0.333333,0.0,0.666667,0.781599,0.79723,3
