ticker,trading_day,sentiment_score_title,prob_pos_title,prob_neu_title,prob_neg_title,dir_positive_title,dir_neutral_title,dir_negative_title,confidence_title,strength_title,article_count
8869.KL,1/1/2020,0.0,0.0,0.0,0.0,0.0,0.0,0.0,0.0,0.0,0
8869.KL,1/1/2021,0.0,0.0,0.0,0.0,0.0,0.0,0.0,0.0,0.0,0
8869.KL,1/1/2022,0.0,0.0,0.0,0.0,0.0,0.0,0.0,0.0,0.0,0
8869.KL,1/1/2023,0.0,0.0,0.0,0.0,0.0,0.0,0.0,0.0,0.0,0
8869.KL,1/1/2024,0.0,0.0,0.0,0.0,0.0,0.0,0.0,0.0,0.0,0
8869.KL,1/1/2025,0.0,0.0,0.0,0.0,0.0,0.0,0.0,0.0,0.0,0
8869.KL,1/1/2026,0.0,0.0,0.0,0.0,0.0,0.0,0.0,0.0,0.0,0
8869.KL,1/10/2020,0.0,0.0,0.0,0.0,0.0,0.0,0.0,0.0,0.0,0
8869.KL,1/10/2021,0.915833,0.929922,0.055989,0.014089,1.0,0.0,0.0,0.915833,0.929922,1
8869.KL,1/10/2022,0.0,0.0,0.0,0.0,0.0,0.0,0.0,0.0,0.0,0
8869.KL,1/10/2023,-0.92275,0.021923,0.033404,0.944673,0.0,0.0,1.0,0.92275,0.944673,1
8869.KL,1/10/2024,0.0,0.0,0.0,0.0,0.0,0.0,0.0,0.0,0.0,0
8869.KL,1/10/2025,-0.010581,0.028331,0.932757,0.038912,0.0,1.0,0.0,0.010581,0.932757,1
8869.KL,1/11/2020,0.0,0.0,0.0,0.0,0.0,0.0,0.0,0.0,0.0,0
8869.KL,1/11/2021,0.0,0.0,0.0,0.0,0.0,0.0,0.0,0.0,0.0,0
8869.KL,1/11/2022,0.899711,0.936015,0.02768,0.036304,1.0,0.0,0.0,0.899711,0.936015,1
8869.KL,1/11/2023,0.0,0.0,0.0,0.0,0.0,0.0,0.0,0.0,0.0,0
8869.KL,1/11/2024,-0.951412,0.012546,0.023495,0.963959,0.0,0.0,1.0,0.951412,0.963959,1
8869.KL,1/11/2025,0.0,0.0,0.0,0.0,0.0,0.0,0.0,0.0,0.0,0
8869.KL,1/12/2020,0.211138,0.573822,0.063493,0.362684,0.5,0.0,0.5,0.664126,0.800316,2
8869.KL,1/12/2021,0.0,0.0,0.0,0.0,0.0,0.0,0.0,0.0,0.0,0
8869.KL,1/12/2022,0.0,0.0,0.0,0.0,0.0,0.0,0.0,0.0,0.0,0
8869.KL,1/12/2023,0.0,0.0,0.0,0.0,0.0,0.0,0.0,0.0,0.0,0
8869.KL,1/12/2024,0.0,0.0,0.0,0.0,0.0,0.0,0.0,0.0,0.0,0
8869.KL,1/12/2025,0.795111,0.869049,0.057012,0.073939,1.0,0.0,0.0,0.795111,0.869049,1
8869.KL,1/2/2020,0.0,0.0,0.0,0.0,0.0,0.0,0.0,0.0,0.0,0
8869.KL,1/2/2021,0.0,0.0,0.0,0.0,0.0,0.0,0.0,0.0,0.0,0
8869.KL,1/2/2022,0.0,0.0,0.0,0.0,0.0,0.0,0.0,0.0,0.0,0
8869.KL,1/2/2023,0.032905,0.060959,0.910987,0.028054,0.0,1.0,0.0,0.032905,0.910987,1
8869.KL,1/2/2024,0.0,0.0,0.0,0.0,0.0,0.0,0.0,0.0,0.0,0
8869.KL,1/2/2025,0.0,0.0,0.0,0.0,0.0,0.0,0.0,0.0,0.0,0
8869.KL,1/2/2026,0.0,0.0,0.0,0.0,0.0,0.0,0.0,0.0,0.0,0
8869.KL,1/3/2020,0.0,0.0,0.0,0.0,0.0,0.0,0.0,0.0,0.0,0
8869.KL,1/3/2021,0.0,0.0,0.0,0.0,0.0,0.0,0.0,0.0,0.0,0
8869.KL,1/3/2022,0.919555,0.939823,0.039909,0.020268,1.0,0.0,0.0,0.919555,0.939823,2
8869.KL,1/3/2023,0.0,0.0,0.0,0.0,0.0,0.0,0.0,0.0,0.0,0
8869.KL,1/3/2024,0.0,0.0,0.0,0.0,0.0,0.0,0.0,0.0,0.0,0
8869.KL,1/3/2025,0.0,0.0,0.0,0.0,0.0,0.0,0.0,0.0,0.0,0
8869.KL,1/3/2026,0.0,0.0,0.0,0.0,0.0,0.0,0.0,0.0,0.0,0
8869.KL,1/4/2020,0.0,0.0,0.0,0.0,0.0,0.0,0.0,0.0,0.0,0
8869.KL,1/4/2021,0.0,0.0,0.0,0.0,0.0,0.0,0.0,0.0,0.0,0
8869.KL,1/4/2022,0.0,0.0,0.0,0.0,0.0,0.0,0.0,0.0,0.0,0
8869.KL,1/4/2023,0.0,0.0,0.0,0.0,0.0,0.0,0.0,0.0,0.0,0
8869.KL,1/4/2024,0.0,0.0,0.0,0.0,0.0,0.0,0.0,0.0,0.0,0
8869.KL,1/4/2025,0.0,0.0,0.0,0.0,0.0,0.0,0.0,0.0,0.0,0
8869.KL,1/5/2020,0.0,0.0,0.0,0.0,0.0,0.0,0.0,0.0,0.0,0
8869.KL,1/5/2021,0.0,0.0,0.0,0.0,0.0,0.0,0.0,0.0,0.0,0
8869.KL,1/5/2022,0.0,0.0,0.0,0.0,0.0,0.0,0.0,0.0,0.0,0
8869.KL,1/5/2023,0.0,0.0,0.0,0.0,0.0,0.0,0.0,0.0,0.0,0
8869.KL,1/5/2024,0.0,0.0,0.0,0.0,0.0,0.0,0.0,0.0,0.0,0
8869.KL,1/5/2025,-0.009547,0.123768,0.742918,0.133314,0.0,1.0,0.0,0.009547,0.742918,1
8869.KL,1/6/2020,0.0,0.0,0.0,0.0,0.0,0.0,0.0,0.0,0.0,0
8869.KL,1/6/2021,0.0,0.0,0.0,0.0,0.0,0.0,0.0,0.0,0.0,0
8869.KL,1/6/2022,0.0,0.0,0.0,0.0,0.0,0.0,0.0,0.0,0.0,0
8869.KL,1/6/2023,0.802286,0.843537,0.115212,0.041251,1.0,0.0,0.0,0.802286,0.843537,1
8869.KL,1/6/2024,0.0,0.0,0.0,0.0,0.0,0.0,0.0,0.0,0.0,0
8869.KL,1/6/2025,0.0,0.0,0.0,0.0,0.0,0.0,0.0,0.0,0.0,0
8869.KL,1/7/2020,0.0,0.0,0.0,0.0,0.0,0.0,0.0,0.0,0.0,0
8869.KL,1/7/2021,0.0,0.0,0.0,0.0,0.0,0.0,0.0,0.0,0.0,0
8869.KL,1/7/2022,0.492115,0.671116,0.149883,0.179001,1.0,0.0,0.0,0.492115,0.671116,1
8869.KL,1/7/2023,0.0,0.0,0.0,0.0,0.0,0.0,0.0,0.0,0.0,0
8869.KL,1/7/2024,0.0,0.0,0.0,0.0,0.0,0.0,0.0,0.0,0.0,0
8869.KL,1/7/2025,-0.380637,0.168648,0.282066,0.549286,0.0,0.0,1.0,0.380637,0.549286,1
8869.KL,1/8/2020,0.0,0.0,0.0,0.0,0.0,0.0,0.0,0.0,0.0,0
8869.KL,1/8/2021,0.0,0.0,0.0,0.0,0.0,0.0,0.0,0.0,0.0,0
8869.KL,1/8/2022,0.0,0.0,0.0,0.0,0.0,0.0,0.0,0.0,0.0,0
8869.KL,1/8/2023,0.0,0.0,0.0,0.0,0.0,0.0,0.0,0.0,0.0,0
8869.KL,1/8/2024,0.0,0.0,0.0,0.0,0.0,0.0,0.0,0.0,0.0,0
8869.KL,1/8/2025,0.0,0.0,0.0,0.0,0.0,0.0,0.0,0.0,0.0,0
8869.KL,1/9/2020,0.0,0.0,0.0,0.0,0.0,0.0,0.0,0.0,0.0,0
8869.KL,1/9/2021,0.0,0.0,0.0,0.0,0.0,0.0,0.0,0.0,0.0,0
8869.KL,1/9/2022,0.0,0.0,0.0,0.0,0.0,0.0,0.0,0.0,0.0,0
8869.KL,1/9/2023,0.0,0.0,0.0,0.0,0.0,0.0,0.0,0.0,0.0,0
8869.KL,1/9/2024,0.0,0.0,0.0,0.0,0.0,0.0,0.0,0.0,0.0,0
8869.KL,1/9/2025,0.080107,0.1101,0.859907,0.029993,0.0,1.0,0.0,0.080107,0.859907,1
8869.KL,10/1/2020,0.0,0.0,0.0,0.0,0.0,0.0,0.0,0.0,0.0,0
8869.KL,10/1/2021,0.0,0.0,0.0,0.0,0.0,0.0,0.0,0.0,0.0,0
8869.KL,10/1/2022,0.0,0.0,0.0,0.0,0.0,0.0,0.0,0.0,0.0,0
8869.KL,10/1/2023,0.0,0.0,0.0,0.0,0.0,0.0,0.0,0.0,0.0,0
8869.KL,10/1/2024,0.0,0.0,0.0,0.0,0.0,0.0,0.0,0.0,0.0,0
8869.KL,10/1/2025,-0.001457,0.037516,0.92351,0.038973,0.0,1.0,0.0,0.001457,0.92351,1
8869.KL,10/1/2026,0.0,0.0,0.0,0.0,0.0,0.0,0.0,0.0,0.0,0
8869.KL,10/10/2020,0.0,0.0,0.0,0.0,0.0,0.0,0.0,0.0,0.0,0
8869.KL,10/10/2021,0.0,0.0,0.0,0.0,0.0,0.0,0.0,0.0,0.0,0
8869.KL,10/10/2022,0.0,0.0,0.0,0.0,0.0,0.0,0.0,0.0,0.0,0
8869.KL,10/10/2023,0.925884,0.948265,0.029354,0.022381,1.0,0.0,0.0,0.925884,0.948265,1
8869.KL,10/10/2024,0.0,0.0,0.0,0.0,0.0,0.0,0.0,0.0,0.0,0
8869.KL,10/10/2025,0.0,0.0,0.0,0.0,0.0,0.0,0.0,0.0,0.0,0
8869.KL,10/11/2020,0.0,0.0,0.0,0.0,0.0,0.0,0.0,0.0,0.0,0
8869.KL,10/11/2021,0.0,0.0,0.0,0.0,0.0,0.0,0.0,0.0,0.0,0
8869.KL,10/11/2022,0.580596,0.774853,0.03089,0.194257,1.0,0.0,0.0,0.580596,0.774853,1
8869.KL,10/11/2023,0.0,0.0,0.0,0.0,0.0,0.0,0.0,0.0,0.0,0
8869.KL,10/11/2024,0.0,0.0,0.0,0.0,0.0,0.0,0.0,0.0,0.0,0
8869.KL,10/11/2025,-0.933343,0.010982,0.044694,0.944325,0.0,0.0,1.0,0.933343,0.944325,1
8869.KL,10/12/2020,0.0,0.0,0.0,0.0,0.0,0.0,0.0,0.0,0.0,0
8869.KL,10/12/2021,0.0,0.0,0.0,0.0,0.0,0.0,0.0,0.0,0.0,0
8869.KL,10/12/2022,0.0,0.0,0.0,0.0,0.0,0.0,0.0,0.0,0.0,0
8869.KL,10/12/2023,0.0,0.0,0.0,0.0,0.0,0.0,0.0,0.0,0.0,0
8869.KL,10/12/2024,0.0,0.0,0.0,0.0,0.0,0.0,0.0,0.0,0.0,0
8869.KL,10/12/2025,-0.952419,0.013794,0.019993,0.966213,0.0,0.0,1.0,0.952419,0.966213,1
8869.KL,10/2/2020,0.0,0.0,0.0,0.0,0.0,0.0,0.0,0.0,0.0,0
8869.KL,10/2/2021,0.0,0.0,0.0,0.0,0.0,0.0,0.0,0.0,0.0,0
8869.KL,10/2/2022,0.0,0.0,0.0,0.0,0.0,0.0,0.0,0.0,0.0,0
8869.KL,10/2/2023,0.0,0.0,0.0,0.0,0.0,0.0,0.0,0.0,0.0,0
8869.KL,10/2/2024,0.048137,0.072845,0.902446,0.024708,0.0,1.0,0.0,0.048137,0.902446,1
8869.KL,10/2/2025,0.357812,0.47461,0.408591,0.116799,0.5,0.5,0.0,0.357812,0.788584,2
8869.KL,10/2/2026,0.910924,0.935389,0.040146,0.024465,1.0,0.0,0.0,0.910924,0.935389,1
8869.KL,10/3/2020,0.0,0.0,0.0,0.0,0.0,0.0,0.0,0.0,0.0,0
8869.KL,10/3/2021,0.0,0.0,0.0,0.0,0.0,0.0,0.0,0.0,0.0,0
8869.KL,10/3/2022,0.872855,0.919326,0.034202,0.046471,1.0,0.0,0.0,0.872855,0.919326,1
8869.KL,10/3/2023,0.0,0.0,0.0,0.0,0.0,0.0,0.0,0.0,0.0,0
8869.KL,10/3/2024,0.0,0.0,0.0,0.0,0.0,0.0,0.0,0.0,0.0,0
8869.KL,10/3/2025,0.0,0.0,0.0,0.0,0.0,0.0,0.0,0.0,0.0,0
8869.KL,10/3/2026,0.0,0.0,0.0,0.0,0.0,0.0,0.0,0.0,0.0,0
8869.KL,10/4/2020,-0.951878,0.010979,0.026164,0.962857,0.0,0.0,1.0,0.951878,0.962857,1
8869.KL,10/4/2021,0.0,0.0,0.0,0.0,0.0,0.0,0.0,0.0,0.0,0
8869.KL,10/4/2022,-0.459803,0.032041,0.476114,0.491845,0.0,0.0,1.0,0.459803,0.491845,1
8869.KL,10/4/2023,-0.181983,0.089208,0.639602,0.271191,0.0,0.666667,0.333333,0.209069,0.875254,3
8869.KL,10/4/2024,0.0,0.0,0.0,0.0,0.0,0.0,0.0,0.0,0.0,0
8869.KL,10/4/2025,0.0,0.0,0.0,0.0,0.0,0.0,0.0,0.0,0.0,0
8869.KL,10/5/2020,0.0,0.0,0.0,0.0,0.0,0.0,0.0,0.0,0.0,0
8869.KL,10/5/2021,0.0,0.0,0.0,0.0,0.0,0.0,0.0,0.0,0.0,0
8869.KL,10/5/2022,0.880647,0.925905,0.028836,0.045259,1.0,0.0,0.0,0.880647,0.925905,1
8869.KL,10/5/2023,0.929585,0.944269,0.041047,0.014684,1.0,0.0,0.0,0.929585,0.944269,1
8869.KL,10/5/2024,-0.750955,0.041718,0.165609,0.792673,0.0,0.0,1.0,0.750955,0.792673,1
8869.KL,10/5/2025,0.0,0.0,0.0,0.0,0.0,0.0,0.0,0.0,0.0,0
8869.KL,10/6/2020,0.0,0.0,0.0,0.0,0.0,0.0,0.0,0.0,0.0,0
8869.KL,10/6/2021,0.0,0.0,0.0,0.0,0.0,0.0,0.0,0.0,0.0,0
8869.KL,10/6/2022,0.479843,0.501557,0.476729,0.021714,1.0,0.0,0.0,0.479843,0.642843,2
8869.KL,10/6/2023,0.137669,0.154664,0.82834,0.016996,1.0,0.0,0.0,0.137669,0.82834,1
8869.KL,10/6/2024,-0.022876,0.473975,0.029174,0.496851,0.5,0.0,0.5,0.932678,0.951752,2
8869.KL,10/6/2025,0.0,0.0,0.0,0.0,0.0,0.0,0.0,0.0,0.0,0
8869.KL,10/7/2020,0.0,0.0,0.0,0.0,0.0,0.0,0.0,0.0,0.0,0
8869.KL,10/7/2021,0.0,0.0,0.0,0.0,0.0,0.0,0.0,0.0,0.0,0
8869.KL,10/7/2022,0.0,0.0,0.0,0.0,0.0,0.0,0.0,0.0,0.0,0
8869.KL,10/7/2023,0.0,0.0,0.0,0.0,0.0,0.0,0.0,0.0,0.0,0
8869.KL,10/7/2024,-0.731215,0.023625,0.221535,0.75484,0.0,0.0,1.0,0.731215,0.75484,2
8869.KL,10/7/2025,0.0,0.0,0.0,0.0,0.0,0.0,0.0,0.0,0.0,0
8869.KL,10/8/2020,0.041168,0.053413,0.934342,0.012245,0.0,1.0,0.0,0.041168,0.934342,1
8869.KL,10/8/2021,0.0,0.0,0.0,0.0,0.0,0.0,0.0,0.0,0.0,0
8869.KL,10/8/2022,0.0,0.0,0.0,0.0,0.0,0.0,0.0,0.0,0.0,0
8869.KL,10/8/2023,0.0,0.0,0.0,0.0,0.0,0.0,0.0,0.0,0.0,0
8869.KL,10/8/2024,0.0,0.0,0.0,0.0,0.0,0.0,0.0,0.0,0.0,0
8869.KL,10/8/2025,0.0,0.0,0.0,0.0,0.0,0.0,0.0,0.0,0.0,0
8869.KL,10/9/2020,0.0,0.0,0.0,0.0,0.0,0.0,0.0,0.0,0.0,0
8869.KL,10/9/2021,-0.414799,0.215926,0.153349,0.630725,0.0,0.5,0.5,0.414799,0.630725,2
8869.KL,10/9/2022,0.0,0.0,0.0,0.0,0.0,0.0,0.0,0.0,0.0,0
8869.KL,10/9/2023,0.0,0.0,0.0,0.0,0.0,0.0,0.0,0.0,0.0,0
8869.KL,10/9/2024,-0.822892,0.013404,0.1503,0.836296,0.0,0.0,1.0,0.822892,0.836296,1
8869.KL,10/9/2025,0.0,0.0,0.0,0.0,0.0,0.0,0.0,0.0,0.0,0
8869.KL,11/1/2020,0.0,0.0,0.0,0.0,0.0,0.0,0.0,0.0,0.0,0
8869.KL,11/1/2021,0.0,0.0,0.0,0.0,0.0,0.0,0.0,0.0,0.0,0
8869.KL,11/1/2022,0.0,0.0,0.0,0.0,0.0,0.0,0.0,0.0,0.0,0
8869.KL,11/1/2023,0.0,0.0,0.0,0.0,0.0,0.0,0.0,0.0,0.0,0
8869.KL,11/1/2024,0.835223,0.901594,0.032034,0.066371,1.0,0.0,0.0,0.835223,0.901594,1
8869.KL,11/1/2025,0.443981,0.477498,0.488986,0.033516,1.0,0.0,0.0,0.443981,0.488986,1
8869.KL,11/1/2026,0.0,0.0,0.0,0.0,0.0,0.0,0.0,0.0,0.0,0
8869.KL,11/10/2020,0.0,0.0,0.0,0.0,0.0,0.0,0.0,0.0,0.0,0
8869.KL,11/10/2021,0.562104,0.618799,0.324506,0.056695,1.0,0.0,0.0,0.562104,0.720096,2
8869.KL,11/10/2022,0.0,0.0,0.0,0.0,0.0,0.0,0.0,0.0,0.0,0
8869.KL,11/10/2023,0.0,0.0,0.0,0.0,0.0,0.0,0.0,0.0,0.0,0
8869.KL,11/10/2024,0.0,0.0,0.0,0.0,0.0,0.0,0.0,0.0,0.0,0
8869.KL,11/10/2025,0.0,0.0,0.0,0.0,0.0,0.0,0.0,0.0,0.0,0
8869.KL,11/11/2020,0.0,0.0,0.0,0.0,0.0,0.0,0.0,0.0,0.0,0
8869.KL,11/11/2021,0.0,0.0,0.0,0.0,0.0,0.0,0.0,0.0,0.0,0
8869.KL,11/11/2022,0.917844,0.943218,0.031407,0.025374,1.0,0.0,0.0,0.917844,0.943218,1
8869.KL,11/11/2023,0.0,0.0,0.0,0.0,0.0,0.0,0.0,0.0,0.0,0
8869.KL,11/11/2024,0.0,0.0,0.0,0.0,0.0,0.0,0.0,0.0,0.0,0
8869.KL,11/11/2025,0.0,0.0,0.0,0.0,0.0,0.0,0.0,0.0,0.0,0
8869.KL,11/12/2020,0.0,0.0,0.0,0.0,0.0,0.0,0.0,0.0,0.0,0
8869.KL,11/12/2021,0.0,0.0,0.0,0.0,0.0,0.0,0.0,0.0,0.0,0
8869.KL,11/12/2022,0.0,0.0,0.0,0.0,0.0,0.0,0.0,0.0,0.0,0
8869.KL,11/12/2023,0.278965,0.290091,0.698784,0.011126,1.0,0.0,0.0,0.278965,0.698784,1
8869.KL,11/12/2024,0.0,0.0,0.0,0.0,0.0,0.0,0.0,0.0,0.0,0
8869.KL,11/12/2025,0.0,0.0,0.0,0.0,0.0,0.0,0.0,0.0,0.0,0
8869.KL,11/2/2020,0.0,0.0,0.0,0.0,0.0,0.0,0.0,0.0,0.0,0
8869.KL,11/2/2021,0.0,0.0,0.0,0.0,0.0,0.0,0.0,0.0,0.0,0
8869.KL,11/2/2022,0.403389,0.586365,0.230659,0.182976,1.0,0.0,0.0,0.403389,0.586365,1
8869.KL,11/2/2023,0.0,0.0,0.0,0.0,0.0,0.0,0.0,0.0,0.0,0
8869.KL,11/2/2024,0.0,0.0,0.0,0.0,0.0,0.0,0.0,0.0,0.0,0
8869.KL,11/2/2025,0.0,0.0,0.0,0.0,0.0,0.0,0.0,0.0,0.0,0
8869.KL,11/2/2026,0.79399,0.848096,0.097798,0.054106,1.0,0.0,0.0,0.79399,0.848096,1
8869.KL,11/3/2020,0.841323,0.904783,0.031758,0.06346,1.0,0.0,0.0,0.841323,0.904783,1
8869.KL,11/3/2021,0.467248,0.480402,0.506445,0.013154,0.5,0.5,0.0,0.467248,0.934006,2
8869.KL,11/3/2022,-0.941861,0.011876,0.034385,0.953738,0.0,0.0,1.0,0.941861,0.953738,1
8869.KL,11/3/2023,0.0,0.0,0.0,0.0,0.0,0.0,0.0,0.0,0.0,0
8869.KL,11/3/2024,0.0,0.0,0.0,0.0,0.0,0.0,0.0,0.0,0.0,0
8869.KL,11/3/2025,0.0,0.0,0.0,0.0,0.0,0.0,0.0,0.0,0.0,0
8869.KL,11/3/2026,0.0,0.0,0.0,0.0,0.0,0.0,0.0,0.0,0.0,0
8869.KL,11/4/2020,0.0,0.0,0.0,0.0,0.0,0.0,0.0,0.0,0.0,0
8869.KL,11/4/2021,0.0,0.0,0.0,0.0,0.0,0.0,0.0,0.0,0.0,0
8869.KL,11/4/2022,0.833086,0.872157,0.088771,0.039072,1.0,0.0,0.0,0.833086,0.872157,1
8869.KL,11/4/2023,0.0,0.0,0.0,0.0,0.0,0.0,0.0,0.0,0.0,0
8869.KL,11/4/2024,0.0,0.0,0.0,0.0,0.0,0.0,0.0,0.0,0.0,0
8869.KL,11/4/2025,0.0,0.0,0.0,0.0,0.0,0.0,0.0,0.0,0.0,0
8869.KL,11/5/2020,0.0,0.0,0.0,0.0,0.0,0.0,0.0,0.0,0.0,0
8869.KL,11/5/2021,-0.955425,0.01218,0.020214,0.967605,0.0,0.0,1.0,0.955425,0.967605,1
8869.KL,11/5/2022,0.228731,0.236802,0.755128,0.00807,1.0,0.0,0.0,0.228731,0.755128,1
8869.KL,11/5/2023,0.0,0.0,0.0,0.0,0.0,0.0,0.0,0.0,0.0,0
8869.KL,11/5/2024,-0.750955,0.041718,0.165609,0.792673,0.0,0.0,1.0,0.750955,0.792673,1
8869.KL,11/5/2025,0.0,0.0,0.0,0.0,0.0,0.0,0.0,0.0,0.0,0
8869.KL,11/6/2020,0.560992,0.574396,0.412201,0.013403,1.0,0.0,0.0,0.560992,0.574396,1
8869.KL,11/6/2021,0.0,0.0,0.0,0.0,0.0,0.0,0.0,0.0,0.0,0
8869.KL,11/6/2022,0.0,0.0,0.0,0.0,0.0,0.0,0.0,0.0,0.0,0
8869.KL,11/6/2023,0.0,0.0,0.0,0.0,0.0,0.0,0.0,0.0,0.0,0
8869.KL,11/6/2024,-0.322196,0.30346,0.070885,0.625655,0.0,0.0,1.0,0.322196,0.625655,1
8869.KL,11/6/2025,0.0,0.0,0.0,0.0,0.0,0.0,0.0,0.0,0.0,0
8869.KL,11/7/2020,0.0,0.0,0.0,0.0,0.0,0.0,0.0,0.0,0.0,0
8869.KL,11/7/2021,0.0,0.0,0.0,0.0,0.0,0.0,0.0,0.0,0.0,0
8869.KL,11/7/2022,0.0,0.0,0.0,0.0,0.0,0.0,0.0,0.0,0.0,0
8869.KL,11/7/2023,0.0,0.0,0.0,0.0,0.0,0.0,0.0,0.0,0.0,0
8869.KL,11/7/2024,0.0,0.0,0.0,0.0,0.0,0.0,0.0,0.0,0.0,0
8869.KL,11/7/2025,0.0,0.0,0.0,0.0,0.0,0.0,0.0,0.0,0.0,0
8869.KL,11/8/2020,0.909857,0.94281,0.024237,0.032953,1.0,0.0,0.0,0.909857,0.94281,1
8869.KL,11/8/2021,0.0,0.0,0.0,0.0,0.0,0.0,0.0,0.0,0.0,0
8869.KL,11/8/2022,0.0,0.0,0.0,0.0,0.0,0.0,0.0,0.0,0.0,0
8869.KL,11/8/2023,-0.877611,0.016809,0.088772,0.894419,0.0,0.0,1.0,0.877611,0.894419,1
8869.KL,11/8/2024,0.0,0.0,0.0,0.0,0.0,0.0,0.0,0.0,0.0,0
8869.KL,11/8/2025,0.0,0.0,0.0,0.0,0.0,0.0,0.0,0.0,0.0,0
8869.KL,11/9/2020,0.313325,0.323103,0.66712,0.009777,1.0,0.0,0.0,0.313325,0.66712,1
8869.KL,11/9/2021,0.0,0.0,0.0,0.0,0.0,0.0,0.0,0.0,0.0,0
8869.KL,11/9/2022,0.0,0.0,0.0,0.0,0.0,0.0,0.0,0.0,0.0,0
8869.KL,11/9/2023,0.0,0.0,0.0,0.0,0.0,0.0,0.0,0.0,0.0,0
8869.KL,11/9/2024,0.046046,0.057514,0.931017,0.011468,0.0,1.0,0.0,0.046046,0.931017,1
8869.KL,11/9/2025,0.82281,0.894957,0.032896,0.072147,1.0,0.0,0.0,0.82281,0.894957,1
8869.KL,12/1/2020,0.0,0.0,0.0,0.0,0.0,0.0,0.0,0.0,0.0,0
8869.KL,12/1/2021,0.0,0.0,0.0,0.0,0.0,0.0,0.0,0.0,0.0,0
8869.KL,12/1/2022,0.0,0.0,0.0,0.0,0.0,0.0,0.0,0.0,0.0,0
8869.KL,12/1/2023,0.0,0.0,0.0,0.0,0.0,0.0,0.0,0.0,0.0,0
8869.KL,12/1/2024,0.029584,0.468082,0.09342,0.438498,0.0,1.0,0.0,0.029584,0.468082,1
8869.KL,12/1/2025,0.0,0.0,0.0,0.0,0.0,0.0,0.0,0.0,0.0,0
8869.KL,12/1/2026,0.0,0.0,0.0,0.0,0.0,0.0,0.0,0.0,0.0,0
8869.KL,12/10/2020,0.0,0.0,0.0,0.0,0.0,0.0,0.0,0.0,0.0,0
8869.KL,12/10/2021,0.0,0.0,0.0,0.0,0.0,0.0,0.0,0.0,0.0,0
8869.KL,12/10/2022,0.717042,0.775724,0.165594,0.058682,1.0,0.0,0.0,0.717042,0.775724,1
8869.KL,12/10/2023,0.0,0.0,0.0,0.0,0.0,0.0,0.0,0.0,0.0,0
8869.KL,12/10/2024,0.0,0.0,0.0,0.0,0.0,0.0,0.0,0.0,0.0,0
8869.KL,12/10/2025,0.0,0.0,0.0,0.0,0.0,0.0,0.0,0.0,0.0,0
8869.KL,12/11/2020,0.904851,0.933685,0.03748,0.028835,1.0,0.0,0.0,0.904851,0.933685,1
8869.KL,12/11/2021,-0.947589,0.012337,0.027737,0.959926,0.0,0.0,1.0,0.947589,0.959926,1
8869.KL,12/11/2022,0.0,0.0,0.0,0.0,0.0,0.0,0.0,0.0,0.0,0
8869.KL,12/11/2023,0.0,0.0,0.0,0.0,0.0,0.0,0.0,0.0,0.0,0
8869.KL,12/11/2024,0.0,0.0,0.0,0.0,0.0,0.0,0.0,0.0,0.0,0
8869.KL,12/11/2025,-0.917079,0.013134,0.056653,0.930213,0.0,0.0,1.0,0.917079,0.930213,1
8869.KL,12/12/2020,0.921828,0.941348,0.039132,0.01952,1.0,0.0,0.0,0.921828,0.941348,1
8869.KL,12/12/2021,0.0,0.0,0.0,0.0,0.0,0.0,0.0,0.0,0.0,0
8869.KL,12/12/2022,0.0,0.0,0.0,0.0,0.0,0.0,0.0,0.0,0.0,0
8869.KL,12/12/2023,0.0,0.0,0.0,0.0,0.0,0.0,0.0,0.0,0.0,0
8869.KL,12/12/2024,0.861442,0.910568,0.040307,0.049126,1.0,0.0,0.0,0.861442,0.910568,1
8869.KL,12/12/2025,0.0,0.0,0.0,0.0,0.0,0.0,0.0,0.0,0.0,0
8869.KL,12/2/2020,0.0,0.0,0.0,0.0,0.0,0.0,0.0,0.0,0.0,0
8869.KL,12/2/2021,0.0,0.0,0.0,0.0,0.0,0.0,0.0,0.0,0.0,0
8869.KL,12/2/2022,0.0,0.0,0.0,0.0,0.0,0.0,0.0,0.0,0.0,0
8869.KL,12/2/2023,0.503218,0.51673,0.469757,0.013513,1.0,0.0,0.0,0.503218,0.51673,1
8869.KL,12/2/2024,0.0,0.0,0.0,0.0,0.0,0.0,0.0,0.0,0.0,0
8869.KL,12/2/2025,0.0,0.0,0.0,0.0,0.0,0.0,0.0,0.0,0.0,0
8869.KL,12/2/2026,-0.953886,0.014057,0.018001,0.967943,0.0,0.0,1.0,0.953886,0.967943,1
8869.KL,12/3/2020,0.0,0.0,0.0,0.0,0.0,0.0,0.0,0.0,0.0,0
8869.KL,12/3/2021,0.0,0.0,0.0,0.0,0.0,0.0,0.0,0.0,0.0,0
8869.KL,12/3/2022,0.0,0.0,0.0,0.0,0.0,0.0,0.0,0.0,0.0,0
8869.KL,12/3/2023,0.0,0.0,0.0,0.0,0.0,0.0,0.0,0.0,0.0,0
8869.KL,12/3/2024,0.0,0.0,0.0,0.0,0.0,0.0,0.0,0.0,0.0,0
8869.KL,12/3/2025,0.0,0.0,0.0,0.0,0.0,0.0,0.0,0.0,0.0,0
8869.KL,12/3/2026,0.0,0.0,0.0,0.0,0.0,0.0,0.0,0.0,0.0,0
8869.KL,12/4/2020,0.0,0.0,0.0,0.0,0.0,0.0,0.0,0.0,0.0,0
8869.KL,12/4/2021,0.924159,0.943456,0.037248,0.019297,1.0,0.0,0.0,0.924159,0.943456,1
8869.KL,12/4/2022,-0.032876,0.387298,0.192528,0.420174,0.0,1.0,0.0,0.032876,0.420174,1
8869.KL,12/4/2023,-0.429692,0.059358,0.451593,0.48905,0.0,0.5,0.5,0.429692,0.892882,2
8869.KL,12/4/2024,0.0,0.0,0.0,0.0,0.0,0.0,0.0,0.0,0.0,0
8869.KL,12/4/2025,0.0,0.0,0.0,0.0,0.0,0.0,0.0,0.0,0.0,0
8869.KL,12/5/2020,0.0,0.0,0.0,0.0,0.0,0.0,0.0,0.0,0.0,0
8869.KL,12/5/2021,0.0,0.0,0.0,0.0,0.0,0.0,0.0,0.0,0.0,0
8869.KL,12/5/2022,-0.066888,0.43592,0.061272,0.502808,0.0,1.0,0.0,0.066888,0.502808,1
8869.KL,12/5/2023,0.0,0.0,0.0,0.0,0.0,0.0,0.0,0.0,0.0,0
8869.KL,12/5/2024,0.0,0.0,0.0,0.0,0.0,0.0,0.0,0.0,0.0,0
8869.KL,12/5/2025,0.0,0.0,0.0,0.0,0.0,0.0,0.0,0.0,0.0,0
8869.KL,12/6/2020,0.0,0.0,0.0,0.0,0.0,0.0,0.0,0.0,0.0,0
8869.KL,12/6/2021,0.0,0.0,0.0,0.0,0.0,0.0,0.0,0.0,0.0,0
8869.KL,12/6/2022,0.0,0.0,0.0,0.0,0.0,0.0,0.0,0.0,0.0,0
8869.KL,12/6/2023,0.0,0.0,0.0,0.0,0.0,0.0,0.0,0.0,0.0,0
8869.KL,12/6/2024,-0.917056,0.029619,0.023707,0.946674,0.0,0.0,1.0,0.917056,0.946674,1
8869.KL,12/6/2025,0.0,0.0,0.0,0.0,0.0,0.0,0.0,0.0,0.0,0
8869.KL,12/7/2020,0.0,0.0,0.0,0.0,0.0,0.0,0.0,0.0,0.0,0
8869.KL,12/7/2021,0.0,0.0,0.0,0.0,0.0,0.0,0.0,0.0,0.0,0
8869.KL,12/7/2022,-0.388089,0.162871,0.286168,0.55096,0.0,0.0,1.0,0.388089,0.55096,1
8869.KL,12/7/2023,0.0,0.0,0.0,0.0,0.0,0.0,0.0,0.0,0.0,0
8869.KL,12/7/2024,0.0,0.0,0.0,0.0,0.0,0.0,0.0,0.0,0.0,0
8869.KL,12/7/2025,0.079321,0.094928,0.889466,0.015606,0.0,1.0,0.0,0.079321,0.889466,1
8869.KL,12/8/2020,0.0,0.0,0.0,0.0,0.0,0.0,0.0,0.0,0.0,0
8869.KL,12/8/2021,-0.918443,0.026126,0.029306,0.944569,0.0,0.0,1.0,0.918443,0.944569,1
8869.KL,12/8/2022,0.0,0.0,0.0,0.0,0.0,0.0,0.0,0.0,0.0,0
8869.KL,12/8/2023,0.0,0.0,0.0,0.0,0.0,0.0,0.0,0.0,0.0,0
8869.KL,12/8/2024,0.0,0.0,0.0,0.0,0.0,0.0,0.0,0.0,0.0,0
8869.KL,12/8/2025,-0.908672,0.017198,0.056931,0.925871,0.0,0.0,1.0,0.908672,0.925871,1
8869.KL,12/9/2020,0.0,0.0,0.0,0.0,0.0,0.0,0.0,0.0,0.0,0
8869.KL,12/9/2021,0.0,0.0,0.0,0.0,0.0,0.0,0.0,0.0,0.0,0
8869.KL,12/9/2022,0.0,0.0,0.0,0.0,0.0,0.0,0.0,0.0,0.0,0
8869.KL,12/9/2023,0.0,0.0,0.0,0.0,0.0,0.0,0.0,0.0,0.0,0
8869.KL,12/9/2024,0.0,0.0,0.0,0.0,0.0,0.0,0.0,0.0,0.0,0
8869.KL,12/9/2025,0.0,0.0,0.0,0.0,0.0,0.0,0.0,0.0,0.0,0
8869.KL,13/1/2020,0.0,0.0,0.0,0.0,0.0,0.0,0.0,0.0,0.0,0
8869.KL,13/1/2021,0.0,0.0,0.0,0.0,0.0,0.0,0.0,0.0,0.0,0
8869.KL,13/1/2022,-0.88393,0.051969,0.012133,0.935898,0.0,0.0,1.0,0.88393,0.935898,1
8869.KL,13/1/2023,0.0,0.0,0.0,0.0,0.0,0.0,0.0,0.0,0.0,0
8869.KL,13/1/2024,0.0,0.0,0.0,0.0,0.0,0.0,0.0,0.0,0.0,0
8869.KL,13/1/2025,0.0,0.0,0.0,0.0,0.0,0.0,0.0,0.0,0.0,0
8869.KL,13/1/2026,0.0,0.0,0.0,0.0,0.0,0.0,0.0,0.0,0.0,0
8869.KL,13/10/2020,0.0,0.0,0.0,0.0,0.0,0.0,0.0,0.0,0.0,0
8869.KL,13/10/2021,0.0,0.0,0.0,0.0,0.0,0.0,0.0,0.0,0.0,0
8869.KL,13/10/2022,0.832703,0.872389,0.087925,0.039686,1.0,0.0,0.0,0.832703,0.872389,1
8869.KL,13/10/2023,0.0,0.0,0.0,0.0,0.0,0.0,0.0,0.0,0.0,0
8869.KL,13/10/2024,-0.747894,0.053922,0.144261,0.801817,0.0,0.0,1.0,0.747894,0.801817,1
8869.KL,13/10/2025,0.0,0.0,0.0,0.0,0.0,0.0,0.0,0.0,0.0,0
8869.KL,13/11/2020,0.0,0.0,0.0,0.0,0.0,0.0,0.0,0.0,0.0,0
8869.KL,13/11/2021,0.0,0.0,0.0,0.0,0.0,0.0,0.0,0.0,0.0,0
8869.KL,13/11/2022,0.0,0.0,0.0,0.0,0.0,0.0,0.0,0.0,0.0,0
8869.KL,13/11/2023,0.0,0.0,0.0,0.0,0.0,0.0,0.0,0.0,0.0,0
8869.KL,13/11/2024,0.0,0.0,0.0,0.0,0.0,0.0,0.0,0.0,0.0,0
8869.KL,13/11/2025,0.184366,0.193479,0.797408,0.009113,1.0,0.0,0.0,0.184366,0.797408,1
8869.KL,13/12/2020,0.0,0.0,0.0,0.0,0.0,0.0,0.0,0.0,0.0,0
8869.KL,13/12/2021,0.0,0.0,0.0,0.0,0.0,0.0,0.0,0.0,0.0,0
8869.KL,13/12/2022,0.0,0.0,0.0,0.0,0.0,0.0,0.0,0.0,0.0,0
8869.KL,13/12/2023,0.0,0.0,0.0,0.0,0.0,0.0,0.0,0.0,0.0,0
8869.KL,13/12/2024,-0.497668,0.231886,0.03856,0.729554,0.0,0.0,1.0,0.497668,0.729554,1
8869.KL,13/12/2025,-0.907797,0.014808,0.062586,0.922605,0.0,0.0,1.0,0.907797,0.922605,1
8869.KL,13/2/2020,0.0,0.0,0.0,0.0,0.0,0.0,0.0,0.0,0.0,0
8869.KL,13/2/2021,0.046152,0.120819,0.804515,0.074667,0.0,1.0,0.0,0.046152,0.804515,1
8869.KL,13/2/2022,0.0,0.0,0.0,0.0,0.0,0.0,0.0,0.0,0.0,0
8869.KL,13/2/2023,-0.883445,0.025183,0.066189,0.908628,0.0,0.0,1.0,0.883445,0.908628,1
8869.KL,13/2/2024,0.0,0.0,0.0,0.0,0.0,0.0,0.0,0.0,0.0,0
8869.KL,13/2/2025,0.0,0.0,0.0,0.0,0.0,0.0,0.0,0.0,0.0,0
8869.KL,13/2/2026,0.0,0.0,0.0,0.0,0.0,0.0,0.0,0.0,0.0,0
8869.KL,13/3/2020,0.0,0.0,0.0,0.0,0.0,0.0,0.0,0.0,0.0,0
8869.KL,13/3/2021,0.0,0.0,0.0,0.0,0.0,0.0,0.0,0.0,0.0,0
8869.KL,13/3/2022,0.0,0.0,0.0,0.0,0.0,0.0,0.0,0.0,0.0,0
8869.KL,13/3/2023,0.0,0.0,0.0,0.0,0.0,0.0,0.0,0.0,0.0,0
8869.KL,13/3/2024,0.0,0.0,0.0,0.0,0.0,0.0,0.0,0.0,0.0,0
8869.KL,13/3/2025,0.0,0.0,0.0,0.0,0.0,0.0,0.0,0.0,0.0,0
8869.KL,13/3/2026,-0.953398,0.014374,0.017854,0.967772,0.0,0.0,1.0,0.953398,0.967772,1
8869.KL,13/4/2020,0.0,0.0,0.0,0.0,0.0,0.0,0.0,0.0,0.0,0
8869.KL,13/4/2021,-0.32559,0.165367,0.343675,0.490957,0.5,0.0,0.5,0.634105,0.818032,2
8869.KL,13/4/2022,0.0,0.0,0.0,0.0,0.0,0.0,0.0,0.0,0.0,0
8869.KL,13/4/2023,-0.928892,0.015332,0.040444,0.944224,0.0,0.0,1.0,0.928892,0.944224,1
8869.KL,13/4/2024,0.0,0.0,0.0,0.0,0.0,0.0,0.0,0.0,0.0,0
8869.KL,13/4/2025,0.0,0.0,0.0,0.0,0.0,0.0,0.0,0.0,0.0,0
8869.KL,13/5/2020,0.0,0.0,0.0,0.0,0.0,0.0,0.0,0.0,0.0,0
8869.KL,13/5/2021,0.0,0.0,0.0,0.0,0.0,0.0,0.0,0.0,0.0,0
8869.KL,13/5/2022,-0.091457,0.425517,0.057508,0.516975,0.5,0.0,0.5,0.866713,0.904603,2
8869.KL,13/5/2023,0.0,0.0,0.0,0.0,0.0,0.0,0.0,0.0,0.0,0
8869.KL,13/5/2024,0.0,0.0,0.0,0.0,0.0,0.0,0.0,0.0,0.0,0
8869.KL,13/5/2025,0.0,0.0,0.0,0.0,0.0,0.0,0.0,0.0,0.0,0
8869.KL,13/6/2020,0.0,0.0,0.0,0.0,0.0,0.0,0.0,0.0,0.0,0
8869.KL,13/6/2021,0.0,0.0,0.0,0.0,0.0,0.0,0.0,0.0,0.0,0
8869.KL,13/6/2022,-0.949192,0.012299,0.026211,0.961491,0.0,0.0,1.0,0.949192,0.961491,1
8869.KL,13/6/2023,0.0,0.0,0.0,0.0,0.0,0.0,0.0,0.0,0.0,0
8869.KL,13/6/2024,-0.934364,0.017215,0.031205,0.951579,0.0,0.0,1.0,0.934364,0.951579,1
8869.KL,13/6/2025,0.060358,0.088565,0.883228,0.028207,0.0,1.0,0.0,0.060358,0.883228,1
8869.KL,13/7/2020,0.0,0.0,0.0,0.0,0.0,0.0,0.0,0.0,0.0,0
8869.KL,13/7/2021,0.0,0.0,0.0,0.0,0.0,0.0,0.0,0.0,0.0,0
8869.KL,13/7/2022,-0.878773,0.051001,0.019224,0.929775,0.0,0.0,1.0,0.878773,0.929775,1
8869.KL,13/7/2023,0.0,0.0,0.0,0.0,0.0,0.0,0.0,0.0,0.0,0
8869.KL,13/7/2024,0.0,0.0,0.0,0.0,0.0,0.0,0.0,0.0,0.0,0
8869.KL,13/7/2025,0.0,0.0,0.0,0.0,0.0,0.0,0.0,0.0,0.0,0
8869.KL,13/8/2020,0.0,0.0,0.0,0.0,0.0,0.0,0.0,0.0,0.0,0
8869.KL,13/8/2021,0.0,0.0,0.0,0.0,0.0,0.0,0.0,0.0,0.0,0
8869.KL,13/8/2022,0.0,0.0,0.0,0.0,0.0,0.0,0.0,0.0,0.0,0
8869.KL,13/8/2023,0.0,0.0,0.0,0.0,0.0,0.0,0.0,0.0,0.0,0
8869.KL,13/8/2024,0.0,0.0,0.0,0.0,0.0,0.0,0.0,0.0,0.0,0
8869.KL,13/8/2025,0.0,0.0,0.0,0.0,0.0,0.0,0.0,0.0,0.0,0
8869.KL,13/9/2020,0.0,0.0,0.0,0.0,0.0,0.0,0.0,0.0,0.0,0
8869.KL,13/9/2021,0.315567,0.335183,0.645201,0.019616,1.0,0.0,0.0,0.315567,0.645201,1
8869.KL,13/9/2022,0.0,0.0,0.0,0.0,0.0,0.0,0.0,0.0,0.0,0
8869.KL,13/9/2023,0.0,0.0,0.0,0.0,0.0,0.0,0.0,0.0,0.0,0
8869.KL,13/9/2024,0.365017,0.377358,0.610301,0.012341,1.0,0.0,0.0,0.365017,0.610301,1
8869.KL,13/9/2025,0.0,0.0,0.0,0.0,0.0,0.0,0.0,0.0,0.0,0
8869.KL,14/1/2020,0.0,0.0,0.0,0.0,0.0,0.0,0.0,0.0,0.0,0
8869.KL,14/1/2021,0.11454,0.133304,0.847931,0.018764,0.5,0.5,0.0,0.11454,0.847931,2
8869.KL,14/1/2022,0.0,0.0,0.0,0.0,0.0,0.0,0.0,0.0,0.0,0
8869.KL,14/1/2023,0.787585,0.866486,0.054613,0.078901,1.0,0.0,0.0,0.787585,0.866486,1
8869.KL,14/1/2024,0.0,0.0,0.0,0.0,0.0,0.0,0.0,0.0,0.0,0
8869.KL,14/1/2025,0.0,0.0,0.0,0.0,0.0,0.0,0.0,0.0,0.0,0
8869.KL,14/1/2026,0.0,0.0,0.0,0.0,0.0,0.0,0.0,0.0,0.0,0
8869.KL,14/10/2020,0.0,0.0,0.0,0.0,0.0,0.0,0.0,0.0,0.0,0
8869.KL,14/10/2021,0.0,0.0,0.0,0.0,0.0,0.0,0.0,0.0,0.0,0
8869.KL,14/10/2022,0.0,0.0,0.0,0.0,0.0,0.0,0.0,0.0,0.0,0
8869.KL,14/10/2023,0.0,0.0,0.0,0.0,0.0,0.0,0.0,0.0,0.0,0
8869.KL,14/10/2024,0.0,0.0,0.0,0.0,0.0,0.0,0.0,0.0,0.0,0
8869.KL,14/10/2025,-0.901177,0.01653,0.065763,0.917707,0.0,0.0,1.0,0.901177,0.917707,1
8869.KL,14/11/2020,0.0,0.0,0.0,0.0,0.0,0.0,0.0,0.0,0.0,0
8869.KL,14/11/2021,0.0,0.0,0.0,0.0,0.0,0.0,0.0,0.0,0.0,0
8869.KL,14/11/2022,0.0,0.0,0.0,0.0,0.0,0.0,0.0,0.0,0.0,0
8869.KL,14/11/2023,0.0,0.0,0.0,0.0,0.0,0.0,0.0,0.0,0.0,0
8869.KL,14/11/2024,0.0,0.0,0.0,0.0,0.0,0.0,0.0,0.0,0.0,0
8869.KL,14/11/2025,0.0,0.0,0.0,0.0,0.0,0.0,0.0,0.0,0.0,0
8869.KL,14/12/2020,0.0,0.0,0.0,0.0,0.0,0.0,0.0,0.0,0.0,0
8869.KL,14/12/2021,0.0,0.0,0.0,0.0,0.0,0.0,0.0,0.0,0.0,0
8869.KL,14/12/2022,0.0,0.0,0.0,0.0,0.0,0.0,0.0,0.0,0.0,0
8869.KL,14/12/2023,0.606582,0.693106,0.22037,0.086524,1.0,0.0,0.0,0.606582,0.693106,2
8869.KL,14/12/2024,0.0,0.0,0.0,0.0,0.0,0.0,0.0,0.0,0.0,0
8869.KL,14/12/2025,0.0,0.0,0.0,0.0,0.0,0.0,0.0,0.0,0.0,0
8869.KL,14/2/2020,0.0,0.0,0.0,0.0,0.0,0.0,0.0,0.0,0.0,0
8869.KL,14/2/2021,0.0,0.0,0.0,0.0,0.0,0.0,0.0,0.0,0.0,0
8869.KL,14/2/2022,-0.798532,0.077925,0.045619,0.876456,0.0,0.0,1.0,0.798532,0.876456,1
8869.KL,14/2/2023,0.0,0.0,0.0,0.0,0.0,0.0,0.0,0.0,0.0,0
8869.KL,14/2/2024,-0.912279,0.024006,0.039709,0.936285,0.0,0.0,1.0,0.912279,0.936285,1
8869.KL,14/2/2025,0.576627,0.606388,0.363851,0.029761,1.0,0.0,0.0,0.576627,0.606388,1
8869.KL,14/2/2026,0.0,0.0,0.0,0.0,0.0,0.0,0.0,0.0,0.0,0
8869.KL,14/3/2020,0.0,0.0,0.0,0.0,0.0,0.0,0.0,0.0,0.0,0
8869.KL,14/3/2021,0.0,0.0,0.0,0.0,0.0,0.0,0.0,0.0,0.0,0
8869.KL,14/3/2022,-0.912234,0.020981,0.045803,0.933216,0.0,0.0,1.0,0.912234,0.933216,1
8869.KL,14/3/2023,0.0,0.0,0.0,0.0,0.0,0.0,0.0,0.0,0.0,0
8869.KL,14/3/2024,0.0,0.0,0.0,0.0,0.0,0.0,0.0,0.0,0.0,0
8869.KL,14/3/2025,0.157288,0.533668,0.089952,0.37638,1.0,0.0,0.0,0.157288,0.533668,1
8869.KL,14/3/2026,0.0,0.0,0.0,0.0,0.0,0.0,0.0,0.0,0.0,0
8869.KL,14/4/2020,0.0,0.0,0.0,0.0,0.0,0.0,0.0,0.0,0.0,0
8869.KL,14/4/2021,0.0,0.0,0.0,0.0,0.0,0.0,0.0,0.0,0.0,0
8869.KL,14/4/2022,0.659949,0.796741,0.066467,0.136792,1.0,0.0,0.0,0.659949,0.796741,2
8869.KL,14/4/2023,0.0,0.0,0.0,0.0,0.0,0.0,0.0,0.0,0.0,0
8869.KL,14/4/2024,0.0,0.0,0.0,0.0,0.0,0.0,0.0,0.0,0.0,0
8869.KL,14/4/2025,0.465146,0.475717,0.513711,0.010571,1.0,0.0,0.0,0.465146,0.804688,2
8869.KL,14/5/2020,0.0,0.0,0.0,0.0,0.0,0.0,0.0,0.0,0.0,0
8869.KL,14/5/2021,0.0,0.0,0.0,0.0,0.0,0.0,0.0,0.0,0.0,0
8869.KL,14/5/2022,0.897012,0.935164,0.026684,0.038152,1.0,0.0,0.0,0.897012,0.935164,1
8869.KL,14/5/2023,0.0,0.0,0.0,0.0,0.0,0.0,0.0,0.0,0.0,0
8869.KL,14/5/2024,0.929951,0.945221,0.03951,0.015269,1.0,0.0,0.0,0.929951,0.945221,1
8869.KL,14/5/2025,0.0,0.0,0.0,0.0,0.0,0.0,0.0,0.0,0.0,0
8869.KL,14/6/2020,0.0,0.0,0.0,0.0,0.0,0.0,0.0,0.0,0.0,0
8869.KL,14/6/2021,0.0,0.0,0.0,0.0,0.0,0.0,0.0,0.0,0.0,0
8869.KL,14/6/2022,0.0,0.0,0.0,0.0,0.0,0.0,0.0,0.0,0.0,0
8869.KL,14/6/2023,0.0,0.0,0.0,0.0,0.0,0.0,0.0,0.0,0.0,0
8869.KL,14/6/2024,-0.9454,0.014191,0.026217,0.959592,0.0,0.0,1.0,0.9454,0.959592,1
8869.KL,14/6/2025,0.578915,0.602643,0.373628,0.023729,1.0,0.0,0.0,0.578915,0.602643,1
8869.KL,14/7/2020,0.0,0.0,0.0,0.0,0.0,0.0,0.0,0.0,0.0,0
8869.KL,14/7/2021,0.033124,0.048944,0.935235,0.01582,0.0,1.0,0.0,0.033124,0.935235,1
8869.KL,14/7/2022,0.0,0.0,0.0,0.0,0.0,0.0,0.0,0.0,0.0,0
8869.KL,14/7/2023,0.0,0.0,0.0,0.0,0.0,0.0,0.0,0.0,0.0,0
8869.KL,14/7/2024,0.0,0.0,0.0,0.0,0.0,0.0,0.0,0.0,0.0,0
8869.KL,14/7/2025,0.0,0.0,0.0,0.0,0.0,0.0,0.0,0.0,0.0,0
8869.KL,14/8/2020,0.0,0.0,0.0,0.0,0.0,0.0,0.0,0.0,0.0,0
8869.KL,14/8/2021,0.0,0.0,0.0,0.0,0.0,0.0,0.0,0.0,0.0,0
8869.KL,14/8/2022,0.0,0.0,0.0,0.0,0.0,0.0,0.0,0.0,0.0,0
8869.KL,14/8/2023,0.0,0.0,0.0,0.0,0.0,0.0,0.0,0.0,0.0,0
8869.KL,14/8/2024,0.0,0.0,0.0,0.0,0.0,0.0,0.0,0.0,0.0,0
8869.KL,14/8/2025,0.0,0.0,0.0,0.0,0.0,0.0,0.0,0.0,0.0,0
8869.KL,14/9/2020,0.041119,0.053529,0.934061,0.01241,0.0,1.0,0.0,0.041119,0.934061,1
8869.KL,14/9/2021,0.0,0.0,0.0,0.0,0.0,0.0,0.0,0.0,0.0,0
8869.KL,14/9/2022,-0.01484,0.236362,0.512437,0.251201,0.5,0.0,0.5,0.189585,0.586076,2
8869.KL,14/9/2023,-0.939736,0.019872,0.020519,0.959608,0.0,0.0,1.0,0.939736,0.959608,1
8869.KL,14/9/2024,0.0,0.0,0.0,0.0,0.0,0.0,0.0,0.0,0.0,0
8869.KL,14/9/2025,0.0,0.0,0.0,0.0,0.0,0.0,0.0,0.0,0.0,0
8869.KL,15/1/2020,0.0,0.0,0.0,0.0,0.0,0.0,0.0,0.0,0.0,0
8869.KL,15/1/2021,0.0,0.0,0.0,0.0,0.0,0.0,0.0,0.0,0.0,0
8869.KL,15/1/2022,-0.333692,0.314649,0.037011,0.64834,0.0,0.0,1.0,0.333692,0.64834,1
8869.KL,15/1/2023,0.0,0.0,0.0,0.0,0.0,0.0,0.0,0.0,0.0,0
8869.KL,15/1/2024,0.9265,0.943192,0.040115,0.016693,1.0,0.0,0.0,0.9265,0.943192,1
8869.KL,15/1/2025,0.0,0.0,0.0,0.0,0.0,0.0,0.0,0.0,0.0,0
8869.KL,15/1/2026,0.0,0.0,0.0,0.0,0.0,0.0,0.0,0.0,0.0,0
8869.KL,15/10/2020,0.039344,0.054007,0.931329,0.014664,0.0,1.0,0.0,0.039344,0.931329,1
8869.KL,15/10/2021,0.0,0.0,0.0,0.0,0.0,0.0,0.0,0.0,0.0,0
8869.KL,15/10/2022,0.0,0.0,0.0,0.0,0.0,0.0,0.0,0.0,0.0,0
8869.KL,15/10/2023,0.0,0.0,0.0,0.0,0.0,0.0,0.0,0.0,0.0,0
8869.KL,15/10/2024,0.0,0.0,0.0,0.0,0.0,0.0,0.0,0.0,0.0,0
8869.KL,15/10/2025,0.0,0.0,0.0,0.0,0.0,0.0,0.0,0.0,0.0,0
8869.KL,15/11/2020,0.0,0.0,0.0,0.0,0.0,0.0,0.0,0.0,0.0,0
8869.KL,15/11/2021,0.0,0.0,0.0,0.0,0.0,0.0,0.0,0.0,0.0,0
8869.KL,15/11/2022,0.0,0.0,0.0,0.0,0.0,0.0,0.0,0.0,0.0,0
8869.KL,15/11/2023,0.802811,0.867036,0.068739,0.064225,1.0,0.0,0.0,0.802811,0.867036,1
8869.KL,15/11/2024,-0.847687,0.025744,0.100826,0.87343,0.0,0.0,1.0,0.847687,0.87343,1
8869.KL,15/11/2025,0.0,0.0,0.0,0.0,0.0,0.0,0.0,0.0,0.0,0
8869.KL,15/12/2020,0.0,0.0,0.0,0.0,0.0,0.0,0.0,0.0,0.0,0
8869.KL,15/12/2021,0.0,0.0,0.0,0.0,0.0,0.0,0.0,0.0,0.0,0
8869.KL,15/12/2022,0.0,0.0,0.0,0.0,0.0,0.0,0.0,0.0,0.0,0
8869.KL,15/12/2023,0.0,0.0,0.0,0.0,0.0,0.0,0.0,0.0,0.0,0
8869.KL,15/12/2024,0.0,0.0,0.0,0.0,0.0,0.0,0.0,0.0,0.0,0
8869.KL,15/12/2025,0.0,0.0,0.0,0.0,0.0,0.0,0.0,0.0,0.0,0
8869.KL,15/2/2020,0.0,0.0,0.0,0.0,0.0,0.0,0.0,0.0,0.0,0
8869.KL,15/2/2021,0.0,0.0,0.0,0.0,0.0,0.0,0.0,0.0,0.0,0
8869.KL,15/2/2022,0.886533,0.923706,0.03912,0.037173,1.0,0.0,0.0,0.886533,0.923706,1
8869.KL,15/2/2023,0.0,0.0,0.0,0.0,0.0,0.0,0.0,0.0,0.0,0
8869.KL,15/2/2024,0.090917,0.106943,0.877032,0.016025,0.0,1.0,0.0,0.090917,0.877032,1
8869.KL,15/2/2025,0.0,0.0,0.0,0.0,0.0,0.0,0.0,0.0,0.0,0
8869.KL,15/2/2026,0.0,0.0,0.0,0.0,0.0,0.0,0.0,0.0,0.0,0
8869.KL,15/3/2020,0.0,0.0,0.0,0.0,0.0,0.0,0.0,0.0,0.0,0
8869.KL,15/3/2021,0.0,0.0,0.0,0.0,0.0,0.0,0.0,0.0,0.0,0
8869.KL,15/3/2022,-0.89907,0.035743,0.029444,0.934813,0.0,0.0,1.0,0.89907,0.934813,1
8869.KL,15/3/2023,-0.943134,0.011565,0.033737,0.954698,0.0,0.0,1.0,0.943134,0.954698,1
8869.KL,15/3/2024,0.0,0.0,0.0,0.0,0.0,0.0,0.0,0.0,0.0,0
8869.KL,15/3/2025,0.0,0.0,0.0,0.0,0.0,0.0,0.0,0.0,0.0,0
8869.KL,15/3/2026,0.0,0.0,0.0,0.0,0.0,0.0,0.0,0.0,0.0,0
8869.KL,15/4/2020,0.0,0.0,0.0,0.0,0.0,0.0,0.0,0.0,0.0,0
8869.KL,15/4/2021,0.0,0.0,0.0,0.0,0.0,0.0,0.0,0.0,0.0,0
8869.KL,15/4/2022,-0.918546,0.017541,0.046372,0.936087,0.0,0.0,1.0,0.918546,0.936087,1
8869.KL,15/4/2023,0.0,0.0,0.0,0.0,0.0,0.0,0.0,0.0,0.0,0
8869.KL,15/4/2024,-0.943772,0.013678,0.028871,0.95745,0.0,0.0,1.0,0.943772,0.95745,1
8869.KL,15/4/2025,0.0,0.0,0.0,0.0,0.0,0.0,0.0,0.0,0.0,0
8869.KL,15/5/2020,0.0,0.0,0.0,0.0,0.0,0.0,0.0,0.0,0.0,0
8869.KL,15/5/2021,0.0,0.0,0.0,0.0,0.0,0.0,0.0,0.0,0.0,0
8869.KL,15/5/2022,0.0,0.0,0.0,0.0,0.0,0.0,0.0,0.0,0.0,0
8869.KL,15/5/2023,0.0,0.0,0.0,0.0,0.0,0.0,0.0,0.0,0.0,0
8869.KL,15/5/2024,0.0,0.0,0.0,0.0,0.0,0.0,0.0,0.0,0.0,0
8869.KL,15/5/2025,0.0,0.0,0.0,0.0,0.0,0.0,0.0,0.0,0.0,0
8869.KL,15/6/2020,0.0,0.0,0.0,0.0,0.0,0.0,0.0,0.0,0.0,0
8869.KL,15/6/2021,0.0,0.0,0.0,0.0,0.0,0.0,0.0,0.0,0.0,0
8869.KL,15/6/2022,0.638883,0.725002,0.188878,0.08612,1.0,0.0,0.0,0.638883,0.725002,1
8869.KL,15/6/2023,-0.075138,0.187325,0.550213,0.262463,0.333333,0.333333,0.333333,0.397708,0.744449,3
8869.KL,15/6/2024,0.0,0.0,0.0,0.0,0.0,0.0,0.0,0.0,0.0,0
8869.KL,15/6/2025,0.0,0.0,0.0,0.0,0.0,0.0,0.0,0.0,0.0,0
8869.KL,15/7/2020,0.0,0.0,0.0,0.0,0.0,0.0,0.0,0.0,0.0,0
8869.KL,15/7/2021,0.037491,0.059993,0.917506,0.022501,0.0,1.0,0.0,0.037491,0.917506,1
8869.KL,15/7/2022,-0.957788,0.014,0.014212,0.971788,0.0,0.0,1.0,0.957788,0.971788,1
8869.KL,15/7/2023,0.0,0.0,0.0,0.0,0.0,0.0,0.0,0.0,0.0,0
8869.KL,15/7/2024,0.0,0.0,0.0,0.0,0.0,0.0,0.0,0.0,0.0,0
8869.KL,15/7/2025,0.0,0.0,0.0,0.0,0.0,0.0,0.0,0.0,0.0,0
8869.KL,15/8/2020,0.0,0.0,0.0,0.0,0.0,0.0,0.0,0.0,0.0,0
8869.KL,15/8/2021,0.0,0.0,0.0,0.0,0.0,0.0,0.0,0.0,0.0,0
8869.KL,15/8/2022,0.0,0.0,0.0,0.0,0.0,0.0,0.0,0.0,0.0,0
8869.KL,15/8/2023,0.0,0.0,0.0,0.0,0.0,0.0,0.0,0.0,0.0,0
8869.KL,15/8/2024,-0.943555,0.012365,0.031715,0.95592,0.0,0.0,1.0,0.943555,0.95592,2
8869.KL,15/8/2025,0.0,0.0,0.0,0.0,0.0,0.0,0.0,0.0,0.0,0
8869.KL,15/9/2020,0.0,0.0,0.0,0.0,0.0,0.0,0.0,0.0,0.0,0
8869.KL,15/9/2021,0.0,0.0,0.0,0.0,0.0,0.0,0.0,0.0,0.0,0
8869.KL,15/9/2022,0.0,0.0,0.0,0.0,0.0,0.0,0.0,0.0,0.0,0
8869.KL,15/9/2023,0.129961,0.140019,0.849923,0.010058,1.0,0.0,0.0,0.129961,0.849923,1
8869.KL,15/9/2024,0.0,0.0,0.0,0.0,0.0,0.0,0.0,0.0,0.0,0
8869.KL,15/9/2025,0.0,0.0,0.0,0.0,0.0,0.0,0.0,0.0,0.0,0
8869.KL,16/1/2020,0.0,0.0,0.0,0.0,0.0,0.0,0.0,0.0,0.0,0
8869.KL,16/1/2021,0.0,0.0,0.0,0.0,0.0,0.0,0.0,0.0,0.0,0
8869.KL,16/1/2022,0.0,0.0,0.0,0.0,0.0,0.0,0.0,0.0,0.0,0
8869.KL,16/1/2023,0.0,0.0,0.0,0.0,0.0,0.0,0.0,0.0,0.0,0
8869.KL,16/1/2024,0.0,0.0,0.0,0.0,0.0,0.0,0.0,0.0,0.0,0
8869.KL,16/1/2025,0.0,0.0,0.0,0.0,0.0,0.0,0.0,0.0,0.0,0
8869.KL,16/1/2026,0.0,0.0,0.0,0.0,0.0,0.0,0.0,0.0,0.0,0
8869.KL,16/10/2020,0.0,0.0,0.0,0.0,0.0,0.0,0.0,0.0,0.0,0
8869.KL,16/10/2021,0.0,0.0,0.0,0.0,0.0,0.0,0.0,0.0,0.0,0
8869.KL,16/10/2022,0.0,0.0,0.0,0.0,0.0,0.0,0.0,0.0,0.0,0
8869.KL,16/10/2023,0.0,0.0,0.0,0.0,0.0,0.0,0.0,0.0,0.0,0
8869.KL,16/10/2024,0.0,0.0,0.0,0.0,0.0,0.0,0.0,0.0,0.0,0
8869.KL,16/10/2025,0.0,0.0,0.0,0.0,0.0,0.0,0.0,0.0,0.0,0
8869.KL,16/11/2020,0.0,0.0,0.0,0.0,0.0,0.0,0.0,0.0,0.0,0
8869.KL,16/11/2021,0.0,0.0,0.0,0.0,0.0,0.0,0.0,0.0,0.0,0
8869.KL,16/11/2022,-0.655888,0.15139,0.041331,0.807278,0.0,0.0,1.0,0.655888,0.807278,1
8869.KL,16/11/2023,0.0,0.0,0.0,0.0,0.0,0.0,0.0,0.0,0.0,0
8869.KL,16/11/2024,0.0,0.0,0.0,0.0,0.0,0.0,0.0,0.0,0.0,0
8869.KL,16/11/2025,0.0,0.0,0.0,0.0,0.0,0.0,0.0,0.0,0.0,0
8869.KL,16/12/2020,0.0,0.0,0.0,0.0,0.0,0.0,0.0,0.0,0.0,0
8869.KL,16/12/2021,0.789797,0.81376,0.162277,0.023963,1.0,0.0,0.0,0.789797,0.81376,1
8869.KL,16/12/2022,-0.898144,0.030087,0.041683,0.92823,0.0,0.0,1.0,0.898144,0.92823,2
8869.KL,16/12/2023,0.518519,0.540223,0.438072,0.021704,1.0,0.0,0.0,0.518519,0.540223,1
8869.KL,16/12/2024,0.0,0.0,0.0,0.0,0.0,0.0,0.0,0.0,0.0,0
8869.KL,16/12/2025,0.715366,0.809644,0.096078,0.094278,1.0,0.0,0.0,0.715366,0.809644,1
8869.KL,16/2/2020,0.0,0.0,0.0,0.0,0.0,0.0,0.0,0.0,0.0,0
8869.KL,16/2/2021,0.0,0.0,0.0,0.0,0.0,0.0,0.0,0.0,0.0,0
8869.KL,16/2/2022,0.0,0.0,0.0,0.0,0.0,0.0,0.0,0.0,0.0,0
8869.KL,16/2/2023,0.0,0.0,0.0,0.0,0.0,0.0,0.0,0.0,0.0,0
8869.KL,16/2/2024,0.0,0.0,0.0,0.0,0.0,0.0,0.0,0.0,0.0,0
8869.KL,16/2/2025,0.0,0.0,0.0,0.0,0.0,0.0,0.0,0.0,0.0,0
8869.KL,16/2/2026,0.0,0.0,0.0,0.0,0.0,0.0,0.0,0.0,0.0,0
8869.KL,16/3/2020,0.0,0.0,0.0,0.0,0.0,0.0,0.0,0.0,0.0,0
8869.KL,16/3/2021,0.0,0.0,0.0,0.0,0.0,0.0,0.0,0.0,0.0,0
8869.KL,16/3/2022,0.799495,0.876508,0.04648,0.077012,1.0,0.0,0.0,0.799495,0.876508,2
8869.KL,16/3/2023,-0.791027,0.073216,0.062541,0.864243,0.0,0.0,1.0,0.791027,0.864243,2
8869.KL,16/3/2024,0.0,0.0,0.0,0.0,0.0,0.0,0.0,0.0,0.0,0
8869.KL,16/3/2025,0.0,0.0,0.0,0.0,0.0,0.0,0.0,0.0,0.0,0
8869.KL,16/3/2026,0.0,0.0,0.0,0.0,0.0,0.0,0.0,0.0,0.0,0
8869.KL,16/4/2020,0.0,0.0,0.0,0.0,0.0,0.0,0.0,0.0,0.0,0
8869.KL,16/4/2021,0.854477,0.91593,0.022618,0.061452,1.0,0.0,0.0,0.854477,0.91593,1
8869.KL,16/4/2022,-0.949751,0.015254,0.019741,0.965005,0.0,0.0,1.0,0.949751,0.965005,1
8869.KL,16/4/2023,0.0,0.0,0.0,0.0,0.0,0.0,0.0,0.0,0.0,0
8869.KL,16/4/2024,0.240874,0.266136,0.708602,0.025262,1.0,0.0,0.0,0.240874,0.708602,1
8869.KL,16/4/2025,0.0,0.0,0.0,0.0,0.0,0.0,0.0,0.0,0.0,0
8869.KL,16/5/2020,0.0,0.0,0.0,0.0,0.0,0.0,0.0,0.0,0.0,0
8869.KL,16/5/2021,0.0,0.0,0.0,0.0,0.0,0.0,0.0,0.0,0.0,0
8869.KL,16/5/2022,0.0,0.0,0.0,0.0,0.0,0.0,0.0,0.0,0.0,0
8869.KL,16/5/2023,0.0,0.0,0.0,0.0,0.0,0.0,0.0,0.0,0.0,0
8869.KL,16/5/2024,0.0,0.0,0.0,0.0,0.0,0.0,0.0,0.0,0.0,0
8869.KL,16/5/2025,0.0,0.0,0.0,0.0,0.0,0.0,0.0,0.0,0.0,0
8869.KL,16/6/2020,0.0,0.0,0.0,0.0,0.0,0.0,0.0,0.0,0.0,0
8869.KL,16/6/2021,0.0,0.0,0.0,0.0,0.0,0.0,0.0,0.0,0.0,0
8869.KL,16/6/2022,-0.60015,0.171425,0.056999,0.771576,0.0,0.0,1.0,0.60015,0.771576,2
8869.KL,16/6/2023,0.0,0.0,0.0,0.0,0.0,0.0,0.0,0.0,0.0,0
8869.KL,16/6/2024,0.0,0.0,0.0,0.0,0.0,0.0,0.0,0.0,0.0,0
8869.KL,16/6/2025,0.0,0.0,0.0,0.0,0.0,0.0,0.0,0.0,0.0,0
8869.KL,16/7/2020,0.0,0.0,0.0,0.0,0.0,0.0,0.0,0.0,0.0,0
8869.KL,16/7/2021,0.0,0.0,0.0,0.0,0.0,0.0,0.0,0.0,0.0,0
8869.KL,16/7/2022,0.0,0.0,0.0,0.0,0.0,0.0,0.0,0.0,0.0,0
8869.KL,16/7/2023,0.0,0.0,0.0,0.0,0.0,0.0,0.0,0.0,0.0,0
8869.KL,16/7/2024,0.0,0.0,0.0,0.0,0.0,0.0,0.0,0.0,0.0,0
8869.KL,16/7/2025,0.0,0.0,0.0,0.0,0.0,0.0,0.0,0.0,0.0,0
8869.KL,16/8/2020,0.0,0.0,0.0,0.0,0.0,0.0,0.0,0.0,0.0,0
8869.KL,16/8/2021,0.0,0.0,0.0,0.0,0.0,0.0,0.0,0.0,0.0,0
8869.KL,16/8/2022,0.0,0.0,0.0,0.0,0.0,0.0,0.0,0.0,0.0,0
8869.KL,16/8/2023,0.0,0.0,0.0,0.0,0.0,0.0,0.0,0.0,0.0,0
8869.KL,16/8/2024,0.0,0.0,0.0,0.0,0.0,0.0,0.0,0.0,0.0,0
8869.KL,16/8/2025,0.0,0.0,0.0,0.0,0.0,0.0,0.0,0.0,0.0,0
8869.KL,16/9/2020,0.0,0.0,0.0,0.0,0.0,0.0,0.0,0.0,0.0,0
8869.KL,16/9/2021,0.0,0.0,0.0,0.0,0.0,0.0,0.0,0.0,0.0,0
8869.KL,16/9/2022,-0.95425,0.013803,0.018144,0.968053,0.0,0.0,1.0,0.95425,0.968053,1
8869.KL,16/9/2023,0.0,0.0,0.0,0.0,0.0,0.0,0.0,0.0,0.0,0
8869.KL,16/9/2024,0.0,0.0,0.0,0.0,0.0,0.0,0.0,0.0,0.0,0
8869.KL,16/9/2025,0.0,0.0,0.0,0.0,0.0,0.0,0.0,0.0,0.0,0
8869.KL,17/1/2020,0.0,0.0,0.0,0.0,0.0,0.0,0.0,0.0,0.0,0
8869.KL,17/1/2021,0.0,0.0,0.0,0.0,0.0,0.0,0.0,0.0,0.0,0
8869.KL,17/1/2022,0.0,0.0,0.0,0.0,0.0,0.0,0.0,0.0,0.0,0
8869.KL,17/1/2023,0.0,0.0,0.0,0.0,0.0,0.0,0.0,0.0,0.0,0
8869.KL,17/1/2024,-0.959808,0.011735,0.016722,0.971543,0.0,0.0,1.0,0.959808,0.971543,2
8869.KL,17/1/2025,0.0,0.0,0.0,0.0,0.0,0.0,0.0,0.0,0.0,0
8869.KL,17/1/2026,0.0,0.0,0.0,0.0,0.0,0.0,0.0,0.0,0.0,0
8869.KL,17/10/2020,0.0,0.0,0.0,0.0,0.0,0.0,0.0,0.0,0.0,0
8869.KL,17/10/2021,0.0,0.0,0.0,0.0,0.0,0.0,0.0,0.0,0.0,0
8869.KL,17/10/2022,0.198677,0.224955,0.748768,0.026277,1.0,0.0,0.0,0.198677,0.748768,2
8869.KL,17/10/2023,0.0,0.0,0.0,0.0,0.0,0.0,0.0,0.0,0.0,0
8869.KL,17/10/2024,-0.050106,0.457896,0.034102,0.508002,0.5,0.0,0.5,0.905537,0.935717,2
8869.KL,17/10/2025,0.0,0.0,0.0,0.0,0.0,0.0,0.0,0.0,0.0,0
8869.KL,17/11/2020,0.0,0.0,0.0,0.0,0.0,0.0,0.0,0.0,0.0,0
8869.KL,17/11/2021,0.087043,0.134216,0.818612,0.047172,0.0,1.0,0.0,0.087043,0.818612,2
8869.KL,17/11/2022,0.0,0.0,0.0,0.0,0.0,0.0,0.0,0.0,0.0,0
8869.KL,17/11/2023,0.0,0.0,0.0,0.0,0.0,0.0,0.0,0.0,0.0,0
8869.KL,17/11/2024,0.0,0.0,0.0,0.0,0.0,0.0,0.0,0.0,0.0,0
8869.KL,17/11/2025,0.459589,0.663627,0.132336,0.204037,1.0,0.0,0.0,0.459589,0.663627,1
8869.KL,17/12/2020,0.0,0.0,0.0,0.0,0.0,0.0,0.0,0.0,0.0,0
8869.KL,17/12/2021,0.0,0.0,0.0,0.0,0.0,0.0,0.0,0.0,0.0,0
8869.KL,17/12/2022,0.0,0.0,0.0,0.0,0.0,0.0,0.0,0.0,0.0,0
8869.KL,17/12/2023,0.0,0.0,0.0,0.0,0.0,0.0,0.0,0.0,0.0,0
8869.KL,17/12/2024,0.470621,0.693734,0.083153,0.223113,1.0,0.0,0.0,0.470621,0.693734,1
8869.KL,17/12/2025,0.0,0.0,0.0,0.0,0.0,0.0,0.0,0.0,0.0,0
8869.KL,17/2/2020,0.884447,0.927018,0.030411,0.042571,1.0,0.0,0.0,0.884447,0.927018,1
8869.KL,17/2/2021,0.0,0.0,0.0,0.0,0.0,0.0,0.0,0.0,0.0,0
8869.KL,17/2/2022,0.0,0.0,0.0,0.0,0.0,0.0,0.0,0.0,0.0,0
8869.KL,17/2/2023,0.0,0.0,0.0,0.0,0.0,0.0,0.0,0.0,0.0,0
8869.KL,17/2/2024,0.0,0.0,0.0,0.0,0.0,0.0,0.0,0.0,0.0,0
8869.KL,17/2/2025,0.0,0.0,0.0,0.0,0.0,0.0,0.0,0.0,0.0,0
8869.KL,17/2/2026,0.0,0.0,0.0,0.0,0.0,0.0,0.0,0.0,0.0,0
8869.KL,17/3/2020,0.0,0.0,0.0,0.0,0.0,0.0,0.0,0.0,0.0,0
8869.KL,17/3/2021,0.0,0.0,0.0,0.0,0.0,0.0,0.0,0.0,0.0,0
8869.KL,17/3/2022,0.0,0.0,0.0,0.0,0.0,0.0,0.0,0.0,0.0,0
8869.KL,17/3/2023,0.0,0.0,0.0,0.0,0.0,0.0,0.0,0.0,0.0,0
8869.KL,17/3/2024,0.0,0.0,0.0,0.0,0.0,0.0,0.0,0.0,0.0,0
8869.KL,17/3/2025,0.0,0.0,0.0,0.0,0.0,0.0,0.0,0.0,0.0,0
8869.KL,17/3/2026,0.0,0.0,0.0,0.0,0.0,0.0,0.0,0.0,0.0,0
8869.KL,17/4/2020,0.0,0.0,0.0,0.0,0.0,0.0,0.0,0.0,0.0,0
8869.KL,17/4/2021,0.0,0.0,0.0,0.0,0.0,0.0,0.0,0.0,0.0,0
8869.KL,17/4/2022,0.0,0.0,0.0,0.0,0.0,0.0,0.0,0.0,0.0,0
8869.KL,17/4/2023,0.0,0.0,0.0,0.0,0.0,0.0,0.0,0.0,0.0,0
8869.KL,17/4/2024,0.0,0.0,0.0,0.0,0.0,0.0,0.0,0.0,0.0,0
8869.KL,17/4/2025,0.0,0.0,0.0,0.0,0.0,0.0,0.0,0.0,0.0,0
8869.KL,17/5/2020,0.0,0.0,0.0,0.0,0.0,0.0,0.0,0.0,0.0,0
8869.KL,17/5/2021,0.0,0.0,0.0,0.0,0.0,0.0,0.0,0.0,0.0,0
8869.KL,17/5/2022,0.0,0.0,0.0,0.0,0.0,0.0,0.0,0.0,0.0,0
8869.KL,17/5/2023,0.0,0.0,0.0,0.0,0.0,0.0,0.0,0.0,0.0,0
8869.KL,17/5/2024,0.022239,0.061524,0.899192,0.039285,0.0,1.0,0.0,0.022239,0.899192,1
8869.KL,17/5/2025,0.0,0.0,0.0,0.0,0.0,0.0,0.0,0.0,0.0,0
8869.KL,17/6/2020,0.0,0.0,0.0,0.0,0.0,0.0,0.0,0.0,0.0,0
8869.KL,17/6/2021,-0.944424,0.016185,0.023206,0.960609,0.0,0.0,1.0,0.944424,0.960609,1
8869.KL,17/6/2022,0.0,0.0,0.0,0.0,0.0,0.0,0.0,0.0,0.0,0
8869.KL,17/6/2023,0.0,0.0,0.0,0.0,0.0,0.0,0.0,0.0,0.0,0
8869.KL,17/6/2024,0.0,0.0,0.0,0.0,0.0,0.0,0.0,0.0,0.0,0
8869.KL,17/6/2025,0.0,0.0,0.0,0.0,0.0,0.0,0.0,0.0,0.0,0
8869.KL,17/7/2020,0.0,0.0,0.0,0.0,0.0,0.0,0.0,0.0,0.0,0
8869.KL,17/7/2021,0.0,0.0,0.0,0.0,0.0,0.0,0.0,0.0,0.0,0
8869.KL,17/7/2022,0.0,0.0,0.0,0.0,0.0,0.0,0.0,0.0,0.0,0
8869.KL,17/7/2023,0.0,0.0,0.0,0.0,0.0,0.0,0.0,0.0,0.0,0
8869.KL,17/7/2024,0.0,0.0,0.0,0.0,0.0,0.0,0.0,0.0,0.0,0
8869.KL,17/7/2025,0.0,0.0,0.0,0.0,0.0,0.0,0.0,0.0,0.0,0
8869.KL,17/8/2020,0.0,0.0,0.0,0.0,0.0,0.0,0.0,0.0,0.0,0
8869.KL,17/8/2021,-0.223774,0.297945,0.180336,0.521719,0.0,0.5,0.5,0.223774,0.521719,2
8869.KL,17/8/2022,0.16231,0.17092,0.82047,0.00861,1.0,0.0,0.0,0.16231,0.82047,1
8869.KL,17/8/2023,0.0,0.0,0.0,0.0,0.0,0.0,0.0,0.0,0.0,0
8869.KL,17/8/2024,0.0,0.0,0.0,0.0,0.0,0.0,0.0,0.0,0.0,0
8869.KL,17/8/2025,0.0,0.0,0.0,0.0,0.0,0.0,0.0,0.0,0.0,0
8869.KL,17/9/2020,0.0,0.0,0.0,0.0,0.0,0.0,0.0,0.0,0.0,0
8869.KL,17/9/2021,0.0,0.0,0.0,0.0,0.0,0.0,0.0,0.0,0.0,0
8869.KL,17/9/2022,0.0,0.0,0.0,0.0,0.0,0.0,0.0,0.0,0.0,0
8869.KL,17/9/2023,0.0,0.0,0.0,0.0,0.0,0.0,0.0,0.0,0.0,0
8869.KL,17/9/2024,0.0,0.0,0.0,0.0,0.0,0.0,0.0,0.0,0.0,0
8869.KL,17/9/2025,0.874323,0.911103,0.052117,0.03678,1.0,0.0,0.0,0.874323,0.911103,1
8869.KL,18/1/2020,0.0,0.0,0.0,0.0,0.0,0.0,0.0,0.0,0.0,0
8869.KL,18/1/2021,-0.267583,0.038327,0.655764,0.30591,0.0,0.0,1.0,0.267583,0.655764,1
8869.KL,18/1/2022,0.0,0.0,0.0,0.0,0.0,0.0,0.0,0.0,0.0,0
8869.KL,18/1/2023,-0.038999,0.023597,0.913806,0.062597,0.0,1.0,0.0,0.038999,0.913806,1
8869.KL,18/1/2024,0.0,0.0,0.0,0.0,0.0,0.0,0.0,0.0,0.0,0
8869.KL,18/1/2025,0.0,0.0,0.0,0.0,0.0,0.0,0.0,0.0,0.0,0
8869.KL,18/1/2026,0.0,0.0,0.0,0.0,0.0,0.0,0.0,0.0,0.0,0
8869.KL,18/10/2020,0.0,0.0,0.0,0.0,0.0,0.0,0.0,0.0,0.0,0
8869.KL,18/10/2021,0.0,0.0,0.0,0.0,0.0,0.0,0.0,0.0,0.0,0
8869.KL,18/10/2022,0.0,0.0,0.0,0.0,0.0,0.0,0.0,0.0,0.0,0
8869.KL,18/10/2023,0.0,0.0,0.0,0.0,0.0,0.0,0.0,0.0,0.0,0
8869.KL,18/10/2024,0.0,0.0,0.0,0.0,0.0,0.0,0.0,0.0,0.0,0
8869.KL,18/10/2025,0.0,0.0,0.0,0.0,0.0,0.0,0.0,0.0,0.0,0
8869.KL,18/11/2020,0.0,0.0,0.0,0.0,0.0,0.0,0.0,0.0,0.0,0
8869.KL,18/11/2021,0.0,0.0,0.0,0.0,0.0,0.0,0.0,0.0,0.0,0
8869.KL,18/11/2022,0.807107,0.841375,0.124358,0.034267,1.0,0.0,0.0,0.807107,0.841375,1
8869.KL,18/11/2023,0.0,0.0,0.0,0.0,0.0,0.0,0.0,0.0,0.0,0
8869.KL,18/11/2024,-0.953911,0.015419,0.015252,0.96933,0.0,0.0,1.0,0.953911,0.96933,1
8869.KL,18/11/2025,0.0,0.0,0.0,0.0,0.0,0.0,0.0,0.0,0.0,0
8869.KL,18/12/2020,0.0,0.0,0.0,0.0,0.0,0.0,0.0,0.0,0.0,0
8869.KL,18/12/2021,0.0,0.0,0.0,0.0,0.0,0.0,0.0,0.0,0.0,0
8869.KL,18/12/2022,0.0,0.0,0.0,0.0,0.0,0.0,0.0,0.0,0.0,0
8869.KL,18/12/2023,0.199349,0.213398,0.772552,0.014049,1.0,0.0,0.0,0.199349,0.772552,1
8869.KL,18/12/2024,-0.021811,0.479768,0.018653,0.501579,0.5,0.0,0.5,0.925041,0.953194,2
8869.KL,18/12/2025,-0.807229,0.074072,0.044627,0.881301,0.0,0.0,1.0,0.807229,0.881301,1
8869.KL,18/2/2020,0.0,0.0,0.0,0.0,0.0,0.0,0.0,0.0,0.0,0
8869.KL,18/2/2021,0.0,0.0,0.0,0.0,0.0,0.0,0.0,0.0,0.0,0
8869.KL,18/2/2022,0.454743,0.589821,0.2751,0.135079,1.0,0.0,0.0,0.454743,0.589821,1
8869.KL,18/2/2023,0.0,0.0,0.0,0.0,0.0,0.0,0.0,0.0,0.0,0
8869.KL,18/2/2024,0.0,0.0,0.0,0.0,0.0,0.0,0.0,0.0,0.0,0
8869.KL,18/2/2025,0.0,0.0,0.0,0.0,0.0,0.0,0.0,0.0,0.0,0
8869.KL,18/2/2026,0.0,0.0,0.0,0.0,0.0,0.0,0.0,0.0,0.0,0
8869.KL,18/3/2020,0.0,0.0,0.0,0.0,0.0,0.0,0.0,0.0,0.0,0
8869.KL,18/3/2021,0.0,0.0,0.0,0.0,0.0,0.0,0.0,0.0,0.0,0
8869.KL,18/3/2022,-0.728534,0.068696,0.134074,0.79723,0.0,0.0,1.0,0.728534,0.79723,1
8869.KL,18/3/2023,0.0,0.0,0.0,0.0,0.0,0.0,0.0,0.0,0.0,0
8869.KL,18/3/2024,0.0,0.0,0.0,0.0,0.0,0.0,0.0,0.0,0.0,0
8869.KL,18/3/2025,0.0,0.0,0.0,0.0,0.0,0.0,0.0,0.0,0.0,0
8869.KL,18/3/2026,0.0,0.0,0.0,0.0,0.0,0.0,0.0,0.0,0.0,0
8869.KL,18/4/2020,0.0,0.0,0.0,0.0,0.0,0.0,0.0,0.0,0.0,0
8869.KL,18/4/2021,0.0,0.0,0.0,0.0,0.0,0.0,0.0,0.0,0.0,0
8869.KL,18/4/2022,0.0,0.0,0.0,0.0,0.0,0.0,0.0,0.0,0.0,0
8869.KL,18/4/2023,0.0,0.0,0.0,0.0,0.0,0.0,0.0,0.0,0.0,0
8869.KL,18/4/2024,0.0,0.0,0.0,0.0,0.0,0.0,0.0,0.0,0.0,0
8869.KL,18/4/2025,0.0,0.0,0.0,0.0,0.0,0.0,0.0,0.0,0.0,0
8869.KL,18/5/2020,0.0,0.0,0.0,0.0,0.0,0.0,0.0,0.0,0.0,0
8869.KL,18/5/2021,0.0,0.0,0.0,0.0,0.0,0.0,0.0,0.0,0.0,0
8869.KL,18/5/2022,0.711685,0.837281,0.037124,0.125596,1.0,0.0,0.0,0.711685,0.837281,2
8869.KL,18/5/2023,0.0,0.0,0.0,0.0,0.0,0.0,0.0,0.0,0.0,0
8869.KL,18/5/2024,0.0,0.0,0.0,0.0,0.0,0.0,0.0,0.0,0.0,0
8869.KL,18/5/2025,0.0,0.0,0.0,0.0,0.0,0.0,0.0,0.0,0.0,0
8869.KL,18/6/2020,0.0,0.0,0.0,0.0,0.0,0.0,0.0,0.0,0.0,0
8869.KL,18/6/2021,-0.379973,0.250831,0.118365,0.630804,0.5,0.0,0.5,0.579688,0.730662,2
8869.KL,18/6/2022,0.0,0.0,0.0,0.0,0.0,0.0,0.0,0.0,0.0,0
8869.KL,18/6/2023,0.0,0.0,0.0,0.0,0.0,0.0,0.0,0.0,0.0,0
8869.KL,18/6/2024,0.0,0.0,0.0,0.0,0.0,0.0,0.0,0.0,0.0,0
8869.KL,18/6/2025,0.708322,0.737673,0.232976,0.029351,1.0,0.0,0.0,0.708322,0.737673,1
8869.KL,18/7/2020,0.0,0.0,0.0,0.0,0.0,0.0,0.0,0.0,0.0,0
8869.KL,18/7/2021,0.0,0.0,0.0,0.0,0.0,0.0,0.0,0.0,0.0,0
8869.KL,18/7/2022,0.0,0.0,0.0,0.0,0.0,0.0,0.0,0.0,0.0,0
8869.KL,18/7/2023,0.0,0.0,0.0,0.0,0.0,0.0,0.0,0.0,0.0,0
8869.KL,18/7/2024,-0.931795,0.027063,0.01408,0.958857,0.0,0.0,1.0,0.931795,0.958857,1
8869.KL,18/7/2025,0.904633,0.935989,0.032656,0.031356,1.0,0.0,0.0,0.904633,0.935989,1
8869.KL,18/8/2020,0.0,0.0,0.0,0.0,0.0,0.0,0.0,0.0,0.0,0
8869.KL,18/8/2021,0.0,0.0,0.0,0.0,0.0,0.0,0.0,0.0,0.0,0
8869.KL,18/8/2022,0.0,0.0,0.0,0.0,0.0,0.0,0.0,0.0,0.0,0
8869.KL,18/8/2023,0.0,0.0,0.0,0.0,0.0,0.0,0.0,0.0,0.0,0
8869.KL,18/8/2024,0.0,0.0,0.0,0.0,0.0,0.0,0.0,0.0,0.0,0
8869.KL,18/8/2025,0.0,0.0,0.0,0.0,0.0,0.0,0.0,0.0,0.0,0
8869.KL,18/9/2020,0.0,0.0,0.0,0.0,0.0,0.0,0.0,0.0,0.0,0
8869.KL,18/9/2021,0.0,0.0,0.0,0.0,0.0,0.0,0.0,0.0,0.0,0
8869.KL,18/9/2022,0.0,0.0,0.0,0.0,0.0,0.0,0.0,0.0,0.0,0
8869.KL,18/9/2023,0.0,0.0,0.0,0.0,0.0,0.0,0.0,0.0,0.0,0
8869.KL,18/9/2024,0.0,0.0,0.0,0.0,0.0,0.0,0.0,0.0,0.0,0
8869.KL,18/9/2025,-0.446259,0.068705,0.416332,0.514964,0.0,0.0,1.0,0.446259,0.514964,1
8869.KL,19/1/2020,0.0,0.0,0.0,0.0,0.0,0.0,0.0,0.0,0.0,0
8869.KL,19/1/2021,0.0,0.0,0.0,0.0,0.0,0.0,0.0,0.0,0.0,0
8869.KL,19/1/2022,0.0,0.0,0.0,0.0,0.0,0.0,0.0,0.0,0.0,0
8869.KL,19/1/2023,-0.909651,0.033555,0.023239,0.943206,0.0,0.0,1.0,0.909651,0.943206,1
8869.KL,19/1/2024,0.0,0.0,0.0,0.0,0.0,0.0,0.0,0.0,0.0,0
8869.KL,19/1/2025,0.0,0.0,0.0,0.0,0.0,0.0,0.0,0.0,0.0,0
8869.KL,19/1/2026,0.902817,0.93103,0.040757,0.028213,1.0,0.0,0.0,0.902817,0.93103,1
8869.KL,19/10/2020,0.0,0.0,0.0,0.0,0.0,0.0,0.0,0.0,0.0,0
8869.KL,19/10/2021,0.0,0.0,0.0,0.0,0.0,0.0,0.0,0.0,0.0,0
8869.KL,19/10/2022,0.0,0.0,0.0,0.0,0.0,0.0,0.0,0.0,0.0,0
8869.KL,19/10/2023,0.0,0.0,0.0,0.0,0.0,0.0,0.0,0.0,0.0,0
8869.KL,19/10/2024,0.90286,0.928321,0.046219,0.025461,1.0,0.0,0.0,0.90286,0.928321,1
8869.KL,19/10/2025,0.0,0.0,0.0,0.0,0.0,0.0,0.0,0.0,0.0,0
8869.KL,19/11/2020,0.0,0.0,0.0,0.0,0.0,0.0,0.0,0.0,0.0,0
8869.KL,19/11/2021,0.425726,0.592895,0.239936,0.167169,1.0,0.0,0.0,0.425726,0.592895,1
8869.KL,19/11/2022,0.0,0.0,0.0,0.0,0.0,0.0,0.0,0.0,0.0,0
8869.KL,19/11/2023,0.0,0.0,0.0,0.0,0.0,0.0,0.0,0.0,0.0,0
8869.KL,19/11/2024,0.0,0.0,0.0,0.0,0.0,0.0,0.0,0.0,0.0,0
8869.KL,19/11/2025,0.0,0.0,0.0,0.0,0.0,0.0,0.0,0.0,0.0,0
8869.KL,19/12/2020,0.0,0.0,0.0,0.0,0.0,0.0,0.0,0.0,0.0,0
8869.KL,19/12/2021,0.0,0.0,0.0,0.0,0.0,0.0,0.0,0.0,0.0,0
8869.KL,19/12/2022,0.0,0.0,0.0,0.0,0.0,0.0,0.0,0.0,0.0,0
8869.KL,19/12/2023,0.0,0.0,0.0,0.0,0.0,0.0,0.0,0.0,0.0,0
8869.KL,19/12/2024,0.0,0.0,0.0,0.0,0.0,0.0,0.0,0.0,0.0,0
8869.KL,19/12/2025,-0.32809,0.309096,0.053718,0.637186,0.0,0.0,1.0,0.32809,0.637186,1
8869.KL,19/2/2020,0.0,0.0,0.0,0.0,0.0,0.0,0.0,0.0,0.0,0
8869.KL,19/2/2021,0.0,0.0,0.0,0.0,0.0,0.0,0.0,0.0,0.0,0
8869.KL,19/2/2022,0.0,0.0,0.0,0.0,0.0,0.0,0.0,0.0,0.0,0
8869.KL,19/2/2023,0.0,0.0,0.0,0.0,0.0,0.0,0.0,0.0,0.0,0
8869.KL,19/2/2024,0.0,0.0,0.0,0.0,0.0,0.0,0.0,0.0,0.0,0
8869.KL,19/2/2025,0.0,0.0,0.0,0.0,0.0,0.0,0.0,0.0,0.0,0
8869.KL,19/2/2026,0.0,0.0,0.0,0.0,0.0,0.0,0.0,0.0,0.0,0
8869.KL,19/3/2020,0.0,0.0,0.0,0.0,0.0,0.0,0.0,0.0,0.0,0
8869.KL,19/3/2021,-0.95373,0.014672,0.016925,0.968402,0.0,0.0,1.0,0.95373,0.968402,1
8869.KL,19/3/2022,0.0,0.0,0.0,0.0,0.0,0.0,0.0,0.0,0.0,0
8869.KL,19/3/2023,0.0,0.0,0.0,0.0,0.0,0.0,0.0,0.0,0.0,0
8869.KL,19/3/2024,0.0,0.0,0.0,0.0,0.0,0.0,0.0,0.0,0.0,0
8869.KL,19/3/2025,0.0,0.0,0.0,0.0,0.0,0.0,0.0,0.0,0.0,0
8869.KL,19/3/2026,0.0,0.0,0.0,0.0,0.0,0.0,0.0,0.0,0.0,0
8869.KL,19/4/2020,0.0,0.0,0.0,0.0,0.0,0.0,0.0,0.0,0.0,0
8869.KL,19/4/2021,-0.355679,0.192413,0.259495,0.548092,0.0,0.5,0.5,0.428685,0.687502,2
8869.KL,19/4/2022,0.016169,0.059009,0.898151,0.04284,0.0,1.0,0.0,0.016169,0.898151,1
8869.KL,19/4/2023,0.0,0.0,0.0,0.0,0.0,0.0,0.0,0.0,0.0,0
8869.KL,19/4/2024,0.0,0.0,0.0,0.0,0.0,0.0,0.0,0.0,0.0,0
8869.KL,19/4/2025,0.0,0.0,0.0,0.0,0.0,0.0,0.0,0.0,0.0,0
8869.KL,19/5/2020,0.0,0.0,0.0,0.0,0.0,0.0,0.0,0.0,0.0,0
8869.KL,19/5/2021,0.0,0.0,0.0,0.0,0.0,0.0,0.0,0.0,0.0,0
8869.KL,19/5/2022,0.0,0.0,0.0,0.0,0.0,0.0,0.0,0.0,0.0,0
8869.KL,19/5/2023,0.0,0.0,0.0,0.0,0.0,0.0,0.0,0.0,0.0,0
8869.KL,19/5/2024,0.0,0.0,0.0,0.0,0.0,0.0,0.0,0.0,0.0,0
8869.KL,19/5/2025,0.0,0.0,0.0,0.0,0.0,0.0,0.0,0.0,0.0,0
8869.KL,19/6/2020,0.0,0.0,0.0,0.0,0.0,0.0,0.0,0.0,0.0,0
8869.KL,19/6/2021,0.0,0.0,0.0,0.0,0.0,0.0,0.0,0.0,0.0,0
8869.KL,19/6/2022,0.0,0.0,0.0,0.0,0.0,0.0,0.0,0.0,0.0,0
8869.KL,19/6/2023,-0.169617,0.256758,0.316867,0.426375,0.0,0.0,1.0,0.169617,0.426375,1
8869.KL,19/6/2024,0.939331,0.957979,0.023373,0.018648,1.0,0.0,0.0,0.939331,0.957979,1
8869.KL,19/6/2025,0.0,0.0,0.0,0.0,0.0,0.0,0.0,0.0,0.0,0
8869.KL,19/7/2020,0.0,0.0,0.0,0.0,0.0,0.0,0.0,0.0,0.0,0
8869.KL,19/7/2021,0.0,0.0,0.0,0.0,0.0,0.0,0.0,0.0,0.0,0
8869.KL,19/7/2022,0.0,0.0,0.0,0.0,0.0,0.0,0.0,0.0,0.0,0
8869.KL,19/7/2023,0.0,0.0,0.0,0.0,0.0,0.0,0.0,0.0,0.0,0
8869.KL,19/7/2024,0.041874,0.506672,0.02853,0.464798,0.5,0.0,0.5,0.685403,0.828437,2
8869.KL,19/7/2025,0.0,0.0,0.0,0.0,0.0,0.0,0.0,0.0,0.0,0
8869.KL,19/8/2020,0.940216,0.954333,0.031551,0.014117,1.0,0.0,0.0,0.940216,0.954333,1
8869.KL,19/8/2021,0.0,0.0,0.0,0.0,0.0,0.0,0.0,0.0,0.0,0
8869.KL,19/8/2022,0.0,0.0,0.0,0.0,0.0,0.0,0.0,0.0,0.0,0
8869.KL,19/8/2023,0.0,0.0,0.0,0.0,0.0,0.0,0.0,0.0,0.0,0
8869.KL,19/8/2024,0.849461,0.902304,0.044853,0.052843,1.0,0.0,0.0,0.849461,0.902304,1
8869.KL,19/8/2025,0.0,0.0,0.0,0.0,0.0,0.0,0.0,0.0,0.0,0
8869.KL,19/9/2020,0.0,0.0,0.0,0.0,0.0,0.0,0.0,0.0,0.0,0
8869.KL,19/9/2021,0.0,0.0,0.0,0.0,0.0,0.0,0.0,0.0,0.0,0
8869.KL,19/9/2022,-0.937162,0.014207,0.034425,0.951368,0.0,0.0,1.0,0.937162,0.951368,2
8869.KL,19/9/2023,0.0,0.0,0.0,0.0,0.0,0.0,0.0,0.0,0.0,0
8869.KL,19/9/2024,0.314167,0.338842,0.636483,0.024675,0.333333,0.666667,0.0,0.314167,0.933699,3
8869.KL,19/9/2025,0.0,0.0,0.0,0.0,0.0,0.0,0.0,0.0,0.0,0
8869.KL,2/1/2020,0.0,0.0,0.0,0.0,0.0,0.0,0.0,0.0,0.0,0
8869.KL,2/1/2021,0.0,0.0,0.0,0.0,0.0,0.0,0.0,0.0,0.0,0
8869.KL,2/1/2022,0.0,0.0,0.0,0.0,0.0,0.0,0.0,0.0,0.0,0
8869.KL,2/1/2023,0.0,0.0,0.0,0.0,0.0,0.0,0.0,0.0,0.0,0
8869.KL,2/1/2024,0.0,0.0,0.0,0.0,0.0,0.0,0.0,0.0,0.0,0
8869.KL,2/1/2025,0.0,0.0,0.0,0.0,0.0,0.0,0.0,0.0,0.0,0
8869.KL,2/1/2026,0.0,0.0,0.0,0.0,0.0,0.0,0.0,0.0,0.0,0
8869.KL,2/10/2020,0.0,0.0,0.0,0.0,0.0,0.0,0.0,0.0,0.0,0
8869.KL,2/10/2021,0.0,0.0,0.0,0.0,0.0,0.0,0.0,0.0,0.0,0
8869.KL,2/10/2022,0.0,0.0,0.0,0.0,0.0,0.0,0.0,0.0,0.0,0
8869.KL,2/10/2023,0.0,0.0,0.0,0.0,0.0,0.0,0.0,0.0,0.0,0
8869.KL,2/10/2024,-0.83692,0.060228,0.042623,0.897149,0.0,0.0,1.0,0.83692,0.897149,1
8869.KL,2/10/2025,0.0,0.0,0.0,0.0,0.0,0.0,0.0,0.0,0.0,0
8869.KL,2/11/2020,0.0,0.0,0.0,0.0,0.0,0.0,0.0,0.0,0.0,0
8869.KL,2/11/2021,-0.331438,0.134352,0.399858,0.46579,0.0,0.0,1.0,0.331438,0.46579,1
8869.KL,2/11/2022,0.0,0.0,0.0,0.0,0.0,0.0,0.0,0.0,0.0,0
8869.KL,2/11/2023,0.0,0.0,0.0,0.0,0.0,0.0,0.0,0.0,0.0,0
8869.KL,2/11/2024,0.0,0.0,0.0,0.0,0.0,0.0,0.0,0.0,0.0,0
8869.KL,2/11/2025,0.0,0.0,0.0,0.0,0.0,0.0,0.0,0.0,0.0,0
8869.KL,2/12/2020,0.666964,0.8184,0.030164,0.151436,1.0,0.0,0.0,0.666964,0.8184,1
8869.KL,2/12/2021,-0.252371,0.290483,0.166664,0.542853,0.5,0.0,0.5,0.682391,0.757863,2
8869.KL,2/12/2022,0.026883,0.072972,0.880939,0.046089,0.0,1.0,0.0,0.026883,0.880939,2
8869.KL,2/12/2023,0.0,0.0,0.0,0.0,0.0,0.0,0.0,0.0,0.0,0
8869.KL,2/12/2024,-0.238263,0.141105,0.479526,0.379369,0.0,0.5,0.5,0.280719,0.839922,2
8869.KL,2/12/2025,0.921047,0.930211,0.060625,0.009164,1.0,0.0,0.0,0.921047,0.930211,1
8869.KL,2/2/2020,0.0,0.0,0.0,0.0,0.0,0.0,0.0,0.0,0.0,0
8869.KL,2/2/2021,0.0,0.0,0.0,0.0,0.0,0.0,0.0,0.0,0.0,0
8869.KL,2/2/2022,0.0,0.0,0.0,0.0,0.0,0.0,0.0,0.0,0.0,0
8869.KL,2/2/2023,0.0,0.0,0.0,0.0,0.0,0.0,0.0,0.0,0.0,0
8869.KL,2/2/2024,0.841055,0.85431,0.132434,0.013256,1.0,0.0,0.0,0.841055,0.85431,1
8869.KL,2/2/2025,0.0,0.0,0.0,0.0,0.0,0.0,0.0,0.0,0.0,0
8869.KL,2/2/2026,-0.936594,0.016862,0.029682,0.953456,0.0,0.0,1.0,0.936594,0.953456,1
8869.KL,2/3/2020,0.0,0.0,0.0,0.0,0.0,0.0,0.0,0.0,0.0,0
8869.KL,2/3/2021,0.0,0.0,0.0,0.0,0.0,0.0,0.0,0.0,0.0,0
8869.KL,2/3/2022,-0.902374,0.028726,0.040173,0.931101,0.0,0.0,1.0,0.902374,0.931101,1
8869.KL,2/3/2023,0.0,0.0,0.0,0.0,0.0,0.0,0.0,0.0,0.0,0
8869.KL,2/3/2024,0.0,0.0,0.0,0.0,0.0,0.0,0.0,0.0,0.0,0
8869.KL,2/3/2025,0.0,0.0,0.0,0.0,0.0,0.0,0.0,0.0,0.0,0
8869.KL,2/3/2026,-0.887872,0.02891,0.054309,0.916781,0.0,0.0,1.0,0.887872,0.916781,1
8869.KL,2/4/2020,0.0,0.0,0.0,0.0,0.0,0.0,0.0,0.0,0.0,0
8869.KL,2/4/2021,0.0,0.0,0.0,0.0,0.0,0.0,0.0,0.0,0.0,0
8869.KL,2/4/2022,0.0,0.0,0.0,0.0,0.0,0.0,0.0,0.0,0.0,0
8869.KL,2/4/2023,0.0,0.0,0.0,0.0,0.0,0.0,0.0,0.0,0.0,0
8869.KL,2/4/2024,0.0,0.0,0.0,0.0,0.0,0.0,0.0,0.0,0.0,0
8869.KL,2/4/2025,0.0,0.0,0.0,0.0,0.0,0.0,0.0,0.0,0.0,0
8869.KL,2/5/2020,0.0,0.0,0.0,0.0,0.0,0.0,0.0,0.0,0.0,0
8869.KL,2/5/2021,0.0,0.0,0.0,0.0,0.0,0.0,0.0,0.0,0.0,0
8869.KL,2/5/2022,0.0,0.0,0.0,0.0,0.0,0.0,0.0,0.0,0.0,0
8869.KL,2/5/2023,0.0,0.0,0.0,0.0,0.0,0.0,0.0,0.0,0.0,0
8869.KL,2/5/2024,0.0,0.0,0.0,0.0,0.0,0.0,0.0,0.0,0.0,0
8869.KL,2/5/2025,0.0,0.0,0.0,0.0,0.0,0.0,0.0,0.0,0.0,0
8869.KL,2/6/2020,0.0,0.0,0.0,0.0,0.0,0.0,0.0,0.0,0.0,0
8869.KL,2/6/2021,0.0,0.0,0.0,0.0,0.0,0.0,0.0,0.0,0.0,0
8869.KL,2/6/2022,0.0,0.0,0.0,0.0,0.0,0.0,0.0,0.0,0.0,0
8869.KL,2/6/2023,0.0,0.0,0.0,0.0,0.0,0.0,0.0,0.0,0.0,0
8869.KL,2/6/2024,0.0,0.0,0.0,0.0,0.0,0.0,0.0,0.0,0.0,0
8869.KL,2/6/2025,0.0,0.0,0.0,0.0,0.0,0.0,0.0,0.0,0.0,0
8869.KL,2/7/2020,0.0,0.0,0.0,0.0,0.0,0.0,0.0,0.0,0.0,0
8869.KL,2/7/2021,0.0,0.0,0.0,0.0,0.0,0.0,0.0,0.0,0.0,0
8869.KL,2/7/2022,0.0,0.0,0.0,0.0,0.0,0.0,0.0,0.0,0.0,0
8869.KL,2/7/2023,0.0,0.0,0.0,0.0,0.0,0.0,0.0,0.0,0.0,0
8869.KL,2/7/2024,0.0,0.0,0.0,0.0,0.0,0.0,0.0,0.0,0.0,0
8869.KL,2/7/2025,0.0,0.0,0.0,0.0,0.0,0.0,0.0,0.0,0.0,0
8869.KL,2/8/2020,0.0,0.0,0.0,0.0,0.0,0.0,0.0,0.0,0.0,0
8869.KL,2/8/2021,0.0,0.0,0.0,0.0,0.0,0.0,0.0,0.0,0.0,0
8869.KL,2/8/2022,-0.176724,0.194881,0.433513,0.371605,0.0,0.0,1.0,0.176724,0.433513,1
8869.KL,2/8/2023,-0.899129,0.0287,0.043471,0.927829,0.0,0.0,1.0,0.899129,0.927829,1
8869.KL,2/8/2024,0.0,0.0,0.0,0.0,0.0,0.0,0.0,0.0,0.0,0
8869.KL,2/8/2025,0.0,0.0,0.0,0.0,0.0,0.0,0.0,0.0,0.0,0
8869.KL,2/9/2020,0.0,0.0,0.0,0.0,0.0,0.0,0.0,0.0,0.0,0
8869.KL,2/9/2021,0.0,0.0,0.0,0.0,0.0,0.0,0.0,0.0,0.0,0
8869.KL,2/9/2022,0.0,0.0,0.0,0.0,0.0,0.0,0.0,0.0,0.0,0
8869.KL,2/9/2023,0.0,0.0,0.0,0.0,0.0,0.0,0.0,0.0,0.0,0
8869.KL,2/9/2024,0.0,0.0,0.0,0.0,0.0,0.0,0.0,0.0,0.0,0
8869.KL,2/9/2025,0.0,0.0,0.0,0.0,0.0,0.0,0.0,0.0,0.0,0
8869.KL,20/1/2020,0.0,0.0,0.0,0.0,0.0,0.0,0.0,0.0,0.0,0
8869.KL,20/1/2021,-0.058531,0.023687,0.894094,0.082219,0.0,1.0,0.0,0.058531,0.894094,1
8869.KL,20/1/2022,0.0,0.0,0.0,0.0,0.0,0.0,0.0,0.0,0.0,0
8869.KL,20/1/2023,0.0,0.0,0.0,0.0,0.0,0.0,0.0,0.0,0.0,0
8869.KL,20/1/2024,0.0,0.0,0.0,0.0,0.0,0.0,0.0,0.0,0.0,0
8869.KL,20/1/2025,-0.741522,0.069742,0.118995,0.811263,0.0,0.0,1.0,0.741522,0.811263,1
8869.KL,20/1/2026,0.0,0.0,0.0,0.0,0.0,0.0,0.0,0.0,0.0,0
8869.KL,20/10/2020,0.0,0.0,0.0,0.0,0.0,0.0,0.0,0.0,0.0,0
8869.KL,20/10/2021,-0.0104,0.427344,0.134911,0.437745,0.0,1.0,0.0,0.0104,0.437745,1
8869.KL,20/10/2022,0.0,0.0,0.0,0.0,0.0,0.0,0.0,0.0,0.0,0
8869.KL,20/10/2023,0.0,0.0,0.0,0.0,0.0,0.0,0.0,0.0,0.0,0
8869.KL,20/10/2024,0.0,0.0,0.0,0.0,0.0,0.0,0.0,0.0,0.0,0
8869.KL,20/10/2025,0.0,0.0,0.0,0.0,0.0,0.0,0.0,0.0,0.0,0
8869.KL,20/11/2020,-0.677173,0.123408,0.076011,0.800581,0.0,0.0,1.0,0.677173,0.800581,1
8869.KL,20/11/2021,0.0,0.0,0.0,0.0,0.0,0.0,0.0,0.0,0.0,0
8869.KL,20/11/2022,0.0,0.0,0.0,0.0,0.0,0.0,0.0,0.0,0.0,0
8869.KL,20/11/2023,0.920804,0.938368,0.044068,0.017564,1.0,0.0,0.0,0.920804,0.938368,1
8869.KL,20/11/2024,0.0,0.0,0.0,0.0,0.0,0.0,0.0,0.0,0.0,0
8869.KL,20/11/2025,0.0,0.0,0.0,0.0,0.0,0.0,0.0,0.0,0.0,0
8869.KL,20/12/2020,0.0,0.0,0.0,0.0,0.0,0.0,0.0,0.0,0.0,0
8869.KL,20/12/2021,0.0,0.0,0.0,0.0,0.0,0.0,0.0,0.0,0.0,0
8869.KL,20/12/2022,-0.834175,0.074172,0.017481,0.908347,0.0,0.0,1.0,0.834175,0.908347,1
8869.KL,20/12/2023,0.0,0.0,0.0,0.0,0.0,0.0,0.0,0.0,0.0,0
8869.KL,20/12/2024,0.0,0.0,0.0,0.0,0.0,0.0,0.0,0.0,0.0,0
8869.KL,20/12/2025,0.0,0.0,0.0,0.0,0.0,0.0,0.0,0.0,0.0,0
8869.KL,20/2/2020,0.0,0.0,0.0,0.0,0.0,0.0,0.0,0.0,0.0,0
8869.KL,20/2/2021,0.0,0.0,0.0,0.0,0.0,0.0,0.0,0.0,0.0,0
8869.KL,20/2/2022,0.0,0.0,0.0,0.0,0.0,0.0,0.0,0.0,0.0,0
8869.KL,20/2/2023,-0.006466,0.036725,0.920085,0.04319,0.0,1.0,0.0,0.006466,0.920085,1
8869.KL,20/2/2024,0.0,0.0,0.0,0.0,0.0,0.0,0.0,0.0,0.0,0
8869.KL,20/2/2025,0.652965,0.685919,0.281128,0.032953,1.0,0.0,0.0,0.652965,0.685919,1
8869.KL,20/2/2026,0.0,0.0,0.0,0.0,0.0,0.0,0.0,0.0,0.0,0
8869.KL,20/3/2020,0.0,0.0,0.0,0.0,0.0,0.0,0.0,0.0,0.0,0
8869.KL,20/3/2021,0.0,0.0,0.0,0.0,0.0,0.0,0.0,0.0,0.0,0
8869.KL,20/3/2022,0.0,0.0,0.0,0.0,0.0,0.0,0.0,0.0,0.0,0
8869.KL,20/3/2023,0.0,0.0,0.0,0.0,0.0,0.0,0.0,0.0,0.0,0
8869.KL,20/3/2024,0.0,0.0,0.0,0.0,0.0,0.0,0.0,0.0,0.0,0
8869.KL,20/3/2025,-0.93249,0.014068,0.039373,0.946558,0.0,0.0,1.0,0.93249,0.946558,1
8869.KL,20/3/2026,-0.874142,0.033914,0.05803,0.908056,0.0,0.0,1.0,0.874142,0.908056,1
8869.KL,20/4/2020,0.0,0.0,0.0,0.0,0.0,0.0,0.0,0.0,0.0,0
8869.KL,20/4/2021,-0.899313,0.040572,0.019542,0.939885,0.0,0.0,1.0,0.899313,0.939885,1
8869.KL,20/4/2022,0.0,0.0,0.0,0.0,0.0,0.0,0.0,0.0,0.0,0
8869.KL,20/4/2023,0.0,0.0,0.0,0.0,0.0,0.0,0.0,0.0,0.0,0
8869.KL,20/4/2024,0.0,0.0,0.0,0.0,0.0,0.0,0.0,0.0,0.0,0
8869.KL,20/4/2025,0.0,0.0,0.0,0.0,0.0,0.0,0.0,0.0,0.0,0
8869.KL,20/5/2020,0.0,0.0,0.0,0.0,0.0,0.0,0.0,0.0,0.0,0
8869.KL,20/5/2021,0.0,0.0,0.0,0.0,0.0,0.0,0.0,0.0,0.0,0
8869.KL,20/5/2022,0.0,0.0,0.0,0.0,0.0,0.0,0.0,0.0,0.0,0
8869.KL,20/5/2023,0.0,0.0,0.0,0.0,0.0,0.0,0.0,0.0,0.0,0
8869.KL,20/5/2024,0.0,0.0,0.0,0.0,0.0,0.0,0.0,0.0,0.0,0
8869.KL,20/5/2025,0.0,0.0,0.0,0.0,0.0,0.0,0.0,0.0,0.0,0
8869.KL,20/6/2020,0.0,0.0,0.0,0.0,0.0,0.0,0.0,0.0,0.0,0
8869.KL,20/6/2021,0.0,0.0,0.0,0.0,0.0,0.0,0.0,0.0,0.0,0
8869.KL,20/6/2022,0.0,0.0,0.0,0.0,0.0,0.0,0.0,0.0,0.0,0
8869.KL,20/6/2023,-0.252394,0.330419,0.086768,0.582813,0.333333,0.0,0.666667,0.807739,0.860485,3
8869.KL,20/6/2024,0.0,0.0,0.0,0.0,0.0,0.0,0.0,0.0,0.0,0
8869.KL,20/6/2025,0.0,0.0,0.0,0.0,0.0,0.0,0.0,0.0,0.0,0
8869.KL,20/7/2020,0.0,0.0,0.0,0.0,0.0,0.0,0.0,0.0,0.0,0
8869.KL,20/7/2021,0.0,0.0,0.0,0.0,0.0,0.0,0.0,0.0,0.0,0
8869.KL,20/7/2022,0.0,0.0,0.0,0.0,0.0,0.0,0.0,0.0,0.0,0
8869.KL,20/7/2023,0.0,0.0,0.0,0.0,0.0,0.0,0.0,0.0,0.0,0
8869.KL,20/7/2024,0.0,0.0,0.0,0.0,0.0,0.0,0.0,0.0,0.0,0
8869.KL,20/7/2025,0.618585,0.645308,0.327969,0.026723,1.0,0.0,0.0,0.618585,0.645308,1
8869.KL,20/8/2020,0.927437,0.951034,0.025369,0.023597,1.0,0.0,0.0,0.927437,0.951034,1
8869.KL,20/8/2021,0.0,0.0,0.0,0.0,0.0,0.0,0.0,0.0,0.0,0
8869.KL,20/8/2022,0.0,0.0,0.0,0.0,0.0,0.0,0.0,0.0,0.0,0
8869.KL,20/8/2023,0.0,0.0,0.0,0.0,0.0,0.0,0.0,0.0,0.0,0
8869.KL,20/8/2024,0.0,0.0,0.0,0.0,0.0,0.0,0.0,0.0,0.0,0
8869.KL,20/8/2025,0.0,0.0,0.0,0.0,0.0,0.0,0.0,0.0,0.0,0
8869.KL,20/9/2020,0.0,0.0,0.0,0.0,0.0,0.0,0.0,0.0,0.0,0
8869.KL,20/9/2021,0.0,0.0,0.0,0.0,0.0,0.0,0.0,0.0,0.0,0
8869.KL,20/9/2022,0.54626,0.635844,0.274573,0.089584,1.0,0.0,0.0,0.54626,0.635844,1
8869.KL,20/9/2023,0.0,0.0,0.0,0.0,0.0,0.0,0.0,0.0,0.0,0
8869.KL,20/9/2024,0.782257,0.793419,0.195419,0.011162,1.0,0.0,0.0,0.782257,0.793419,1
8869.KL,20/9/2025,0.0,0.0,0.0,0.0,0.0,0.0,0.0,0.0,0.0,0
8869.KL,21/1/2020,0.0,0.0,0.0,0.0,0.0,0.0,0.0,0.0,0.0,0
8869.KL,21/1/2021,0.0,0.0,0.0,0.0,0.0,0.0,0.0,0.0,0.0,0
8869.KL,21/1/2022,0.0,0.0,0.0,0.0,0.0,0.0,0.0,0.0,0.0,0
8869.KL,21/1/2023,0.0,0.0,0.0,0.0,0.0,0.0,0.0,0.0,0.0,0
8869.KL,21/1/2024,0.0,0.0,0.0,0.0,0.0,0.0,0.0,0.0,0.0,0
8869.KL,21/1/2025,0.0,0.0,0.0,0.0,0.0,0.0,0.0,0.0,0.0,0
8869.KL,21/1/2026,0.0,0.0,0.0,0.0,0.0,0.0,0.0,0.0,0.0,0
8869.KL,21/10/2020,0.0,0.0,0.0,0.0,0.0,0.0,0.0,0.0,0.0,0
8869.KL,21/10/2021,0.0,0.0,0.0,0.0,0.0,0.0,0.0,0.0,0.0,0
8869.KL,21/10/2022,0.0,0.0,0.0,0.0,0.0,0.0,0.0,0.0,0.0,0
8869.KL,21/10/2023,0.0,0.0,0.0,0.0,0.0,0.0,0.0,0.0,0.0,0
8869.KL,21/10/2024,0.0,0.0,0.0,0.0,0.0,0.0,0.0,0.0,0.0,0
8869.KL,21/10/2025,0.0,0.0,0.0,0.0,0.0,0.0,0.0,0.0,0.0,0
8869.KL,21/11/2020,0.0,0.0,0.0,0.0,0.0,0.0,0.0,0.0,0.0,0
8869.KL,21/11/2021,0.0,0.0,0.0,0.0,0.0,0.0,0.0,0.0,0.0,0
8869.KL,21/11/2022,-0.330162,0.041873,0.586091,0.372036,0.0,0.333333,0.666667,0.369195,0.900279,3
8869.KL,21/11/2023,0.0,0.0,0.0,0.0,0.0,0.0,0.0,0.0,0.0,0
8869.KL,21/11/2024,0.0,0.0,0.0,0.0,0.0,0.0,0.0,0.0,0.0,0
8869.KL,21/11/2025,0.052836,0.325255,0.402326,0.272419,0.6,0.2,0.2,0.430569,0.717596,5
8869.KL,21/12/2020,0.0,0.0,0.0,0.0,0.0,0.0,0.0,0.0,0.0,0
8869.KL,21/12/2021,-0.019718,0.332731,0.31482,0.352449,0.333333,0.333333,0.333333,0.642815,0.938664,3
8869.KL,21/12/2022,-0.734879,0.066877,0.131367,0.801756,0.0,0.0,1.0,0.734879,0.801756,1
8869.KL,21/12/2023,0.0,0.0,0.0,0.0,0.0,0.0,0.0,0.0,0.0,0
8869.KL,21/12/2024,0.0,0.0,0.0,0.0,0.0,0.0,0.0,0.0,0.0,0
8869.KL,21/12/2025,0.0,0.0,0.0,0.0,0.0,0.0,0.0,0.0,0.0,0
8869.KL,21/2/2020,0.0,0.0,0.0,0.0,0.0,0.0,0.0,0.0,0.0,0
8869.KL,21/2/2021,0.0,0.0,0.0,0.0,0.0,0.0,0.0,0.0,0.0,0
8869.KL,21/2/2022,-0.941956,0.016743,0.024559,0.958699,0.0,0.0,1.0,0.941956,0.958699,2
8869.KL,21/2/2023,0.0,0.0,0.0,0.0,0.0,0.0,0.0,0.0,0.0,0
8869.KL,21/2/2024,0.0,0.0,0.0,0.0,0.0,0.0,0.0,0.0,0.0,0
8869.KL,21/2/2025,0.0,0.0,0.0,0.0,0.0,0.0,0.0,0.0,0.0,0
8869.KL,21/2/2026,0.0,0.0,0.0,0.0,0.0,0.0,0.0,0.0,0.0,0
8869.KL,21/3/2020,0.0,0.0,0.0,0.0,0.0,0.0,0.0,0.0,0.0,0
8869.KL,21/3/2021,0.0,0.0,0.0,0.0,0.0,0.0,0.0,0.0,0.0,0
8869.KL,21/3/2022,0.0,0.0,0.0,0.0,0.0,0.0,0.0,0.0,0.0,0
8869.KL,21/3/2023,0.0,0.0,0.0,0.0,0.0,0.0,0.0,0.0,0.0,0
8869.KL,21/3/2024,0.0,0.0,0.0,0.0,0.0,0.0,0.0,0.0,0.0,0
8869.KL,21/3/2025,-0.957197,0.012545,0.017713,0.969742,0.0,0.0,1.0,0.957197,0.969742,1
8869.KL,21/4/2020,0.0,0.0,0.0,0.0,0.0,0.0,0.0,0.0,0.0,0
8869.KL,21/4/2021,0.0,0.0,0.0,0.0,0.0,0.0,0.0,0.0,0.0,0
8869.KL,21/4/2022,0.0,0.0,0.0,0.0,0.0,0.0,0.0,0.0,0.0,0
8869.KL,21/4/2023,0.0,0.0,0.0,0.0,0.0,0.0,0.0,0.0,0.0,0
8869.KL,21/4/2024,0.0,0.0,0.0,0.0,0.0,0.0,0.0,0.0,0.0,0
8869.KL,21/4/2025,0.0,0.0,0.0,0.0,0.0,0.0,0.0,0.0,0.0,0
8869.KL,21/5/2020,0.0,0.0,0.0,0.0,0.0,0.0,0.0,0.0,0.0,0
8869.KL,21/5/2021,0.0,0.0,0.0,0.0,0.0,0.0,0.0,0.0,0.0,0
8869.KL,21/5/2022,0.0,0.0,0.0,0.0,0.0,0.0,0.0,0.0,0.0,0
8869.KL,21/5/2023,0.0,0.0,0.0,0.0,0.0,0.0,0.0,0.0,0.0,0
8869.KL,21/5/2024,0.783986,0.874604,0.034778,0.090618,1.0,0.0,0.0,0.783986,0.874604,1
8869.KL,21/5/2025,0.0,0.0,0.0,0.0,0.0,0.0,0.0,0.0,0.0,0
8869.KL,21/6/2020,0.0,0.0,0.0,0.0,0.0,0.0,0.0,0.0,0.0,0
8869.KL,21/6/2021,0.0,0.0,0.0,0.0,0.0,0.0,0.0,0.0,0.0,0
8869.KL,21/6/2022,-0.35772,0.261035,0.12021,0.618755,0.0,0.0,1.0,0.35772,0.618755,1
8869.KL,21/6/2023,0.0,0.0,0.0,0.0,0.0,0.0,0.0,0.0,0.0,0
8869.KL,21/6/2024,0.056121,0.066704,0.922713,0.010583,0.0,1.0,0.0,0.056121,0.922713,2
8869.KL,21/6/2025,0.0,0.0,0.0,0.0,0.0,0.0,0.0,0.0,0.0,0
8869.KL,21/7/2020,0.0,0.0,0.0,0.0,0.0,0.0,0.0,0.0,0.0,0
8869.KL,21/7/2021,0.0,0.0,0.0,0.0,0.0,0.0,0.0,0.0,0.0,0
8869.KL,21/7/2022,0.0,0.0,0.0,0.0,0.0,0.0,0.0,0.0,0.0,0
8869.KL,21/7/2023,-0.00224,0.036656,0.924448,0.038896,0.0,1.0,0.0,0.00224,0.924448,1
8869.KL,21/7/2024,0.0,0.0,0.0,0.0,0.0,0.0,0.0,0.0,0.0,0
8869.KL,21/7/2025,0.0,0.0,0.0,0.0,0.0,0.0,0.0,0.0,0.0,0
8869.KL,21/8/2020,-0.429763,0.040697,0.488843,0.47046,0.0,0.0,1.0,0.429763,0.488843,1
8869.KL,21/8/2021,0.0,0.0,0.0,0.0,0.0,0.0,0.0,0.0,0.0,0
8869.KL,21/8/2022,0.0,0.0,0.0,0.0,0.0,0.0,0.0,0.0,0.0,0
8869.KL,21/8/2023,0.0,0.0,0.0,0.0,0.0,0.0,0.0,0.0,0.0,0
8869.KL,21/8/2024,0.0,0.0,0.0,0.0,0.0,0.0,0.0,0.0,0.0,0
8869.KL,21/8/2025,0.0,0.0,0.0,0.0,0.0,0.0,0.0,0.0,0.0,0
8869.KL,21/9/2020,0.0,0.0,0.0,0.0,0.0,0.0,0.0,0.0,0.0,0
8869.KL,21/9/2021,0.0,0.0,0.0,0.0,0.0,0.0,0.0,0.0,0.0,0
8869.KL,21/9/2022,-0.879789,0.034499,0.051214,0.914287,0.0,0.0,1.0,0.879789,0.914287,2
8869.KL,21/9/2023,0.0,0.0,0.0,0.0,0.0,0.0,0.0,0.0,0.0,0
8869.KL,21/9/2024,0.914092,0.943623,0.026846,0.029531,1.0,0.0,0.0,0.914092,0.943623,1
8869.KL,21/9/2025,0.0,0.0,0.0,0.0,0.0,0.0,0.0,0.0,0.0,0
8869.KL,22/1/2020,-0.25323,0.047812,0.651145,0.301043,0.0,0.0,1.0,0.25323,0.651145,1
8869.KL,22/1/2021,0.0,0.0,0.0,0.0,0.0,0.0,0.0,0.0,0.0,0
8869.KL,22/1/2022,0.0,0.0,0.0,0.0,0.0,0.0,0.0,0.0,0.0,0
8869.KL,22/1/2023,0.0,0.0,0.0,0.0,0.0,0.0,0.0,0.0,0.0,0
8869.KL,22/1/2024,-0.846487,0.023544,0.106425,0.870031,0.0,0.0,1.0,0.846487,0.870031,1
8869.KL,22/1/2025,0.0,0.0,0.0,0.0,0.0,0.0,0.0,0.0,0.0,0
8869.KL,22/1/2026,0.0,0.0,0.0,0.0,0.0,0.0,0.0,0.0,0.0,0
8869.KL,22/10/2020,0.0,0.0,0.0,0.0,0.0,0.0,0.0,0.0,0.0,0
8869.KL,22/10/2021,0.474299,0.528029,0.418241,0.05373,1.0,0.0,0.0,0.474299,0.528029,1
8869.KL,22/10/2022,0.0,0.0,0.0,0.0,0.0,0.0,0.0,0.0,0.0,0
8869.KL,22/10/2023,0.0,0.0,0.0,0.0,0.0,0.0,0.0,0.0,0.0,0
8869.KL,22/10/2024,0.0,0.0,0.0,0.0,0.0,0.0,0.0,0.0,0.0,0
8869.KL,22/10/2025,-0.897756,0.041225,0.019794,0.938981,0.0,0.0,1.0,0.897756,0.938981,1
8869.KL,22/11/2020,0.0,0.0,0.0,0.0,0.0,0.0,0.0,0.0,0.0,0
8869.KL,22/11/2021,0.0,0.0,0.0,0.0,0.0,0.0,0.0,0.0,0.0,0
8869.KL,22/11/2022,0.0,0.0,0.0,0.0,0.0,0.0,0.0,0.0,0.0,0
8869.KL,22/11/2023,-0.855052,0.053901,0.037145,0.908954,0.0,0.0,1.0,0.855052,0.908954,2
8869.KL,22/11/2024,0.807842,0.873104,0.061635,0.065261,1.0,0.0,0.0,0.807842,0.873104,1
8869.KL,22/11/2025,-0.27524,0.13551,0.453741,0.41075,0.0,0.5,0.5,0.338858,0.833343,2
8869.KL,22/12/2020,0.0,0.0,0.0,0.0,0.0,0.0,0.0,0.0,0.0,0
8869.KL,22/12/2021,0.463385,0.480979,0.501427,0.017594,1.0,0.0,0.0,0.463385,0.501427,1
8869.KL,22/12/2022,0.848622,0.897957,0.052708,0.049335,1.0,0.0,0.0,0.848622,0.897957,2
8869.KL,22/12/2023,0.0,0.0,0.0,0.0,0.0,0.0,0.0,0.0,0.0,0
8869.KL,22/12/2024,0.0,0.0,0.0,0.0,0.0,0.0,0.0,0.0,0.0,0
8869.KL,22/12/2025,0.0,0.0,0.0,0.0,0.0,0.0,0.0,0.0,0.0,0
8869.KL,22/2/2020,0.0,0.0,0.0,0.0,0.0,0.0,0.0,0.0,0.0,0
8869.KL,22/2/2021,0.0,0.0,0.0,0.0,0.0,0.0,0.0,0.0,0.0,0
8869.KL,22/2/2022,-0.037036,0.466029,0.030906,0.503065,0.5,0.0,0.5,0.924822,0.946958,2
8869.KL,22/2/2023,0.0,0.0,0.0,0.0,0.0,0.0,0.0,0.0,0.0,0
8869.KL,22/2/2024,0.0,0.0,0.0,0.0,0.0,0.0,0.0,0.0,0.0,0
8869.KL,22/2/2025,0.0,0.0,0.0,0.0,0.0,0.0,0.0,0.0,0.0,0
8869.KL,22/2/2026,0.0,0.0,0.0,0.0,0.0,0.0,0.0,0.0,0.0,0
8869.KL,22/3/2020,0.0,0.0,0.0,0.0,0.0,0.0,0.0,0.0,0.0,0
8869.KL,22/3/2021,0.472346,0.706732,0.058883,0.234386,1.0,0.0,0.0,0.472346,0.706732,1
8869.KL,22/3/2022,-0.153881,0.157084,0.531951,0.310965,0.25,0.25,0.5,0.225418,0.759444,4
8869.KL,22/3/2023,0.0,0.0,0.0,0.0,0.0,0.0,0.0,0.0,0.0,0
8869.KL,22/3/2024,0.0,0.0,0.0,0.0,0.0,0.0,0.0,0.0,0.0,0
8869.KL,22/3/2025,0.0,0.0,0.0,0.0,0.0,0.0,0.0,0.0,0.0,0
8869.KL,22/4/2020,0.0,0.0,0.0,0.0,0.0,0.0,0.0,0.0,0.0,0
8869.KL,22/4/2021,0.0,0.0,0.0,0.0,0.0,0.0,0.0,0.0,0.0,0
8869.KL,22/4/2022,0.100489,0.278511,0.543467,0.178022,0.5,0.5,0.0,0.190411,0.68996,2
8869.KL,22/4/2023,0.0,0.0,0.0,0.0,0.0,0.0,0.0,0.0,0.0,0
8869.KL,22/4/2024,0.0,0.0,0.0,0.0,0.0,0.0,0.0,0.0,0.0,0
8869.KL,22/4/2025,0.0,0.0,0.0,0.0,0.0,0.0,0.0,0.0,0.0,0
8869.KL,22/5/2020,0.0,0.0,0.0,0.0,0.0,0.0,0.0,0.0,0.0,0
8869.KL,22/5/2021,0.0,0.0,0.0,0.0,0.0,0.0,0.0,0.0,0.0,0
8869.KL,22/5/2022,0.0,0.0,0.0,0.0,0.0,0.0,0.0,0.0,0.0,0
8869.KL,22/5/2023,-0.916471,0.02996,0.023609,0.946431,0.0,0.0,1.0,0.916471,0.946431,1
8869.KL,22/5/2024,0.0,0.0,0.0,0.0,0.0,0.0,0.0,0.0,0.0,0
8869.KL,22/5/2025,0.0,0.0,0.0,0.0,0.0,0.0,0.0,0.0,0.0,0
8869.KL,22/6/2020,0.0,0.0,0.0,0.0,0.0,0.0,0.0,0.0,0.0,0
8869.KL,22/6/2021,0.395021,0.437244,0.520533,0.042223,1.0,0.0,0.0,0.395021,0.520533,1
8869.KL,22/6/2022,0.064674,0.263431,0.537811,0.198758,0.5,0.5,0.0,0.084576,0.707293,2
8869.KL,22/6/2023,0.0,0.0,0.0,0.0,0.0,0.0,0.0,0.0,0.0,0
8869.KL,22/6/2024,0.0,0.0,0.0,0.0,0.0,0.0,0.0,0.0,0.0,0
8869.KL,22/6/2025,0.0,0.0,0.0,0.0,0.0,0.0,0.0,0.0,0.0,0
8869.KL,22/7/2020,0.0,0.0,0.0,0.0,0.0,0.0,0.0,0.0,0.0,0
8869.KL,22/7/2021,0.0,0.0,0.0,0.0,0.0,0.0,0.0,0.0,0.0,0
8869.KL,22/7/2022,0.0,0.0,0.0,0.0,0.0,0.0,0.0,0.0,0.0,0
8869.KL,22/7/2023,0.0,0.0,0.0,0.0,0.0,0.0,0.0,0.0,0.0,0
8869.KL,22/7/2024,0.155696,0.402242,0.351212,0.246546,0.333333,0.333333,0.333333,0.48321,0.866492,3
8869.KL,22/7/2025,-0.894423,0.028674,0.048228,0.923097,0.0,0.0,1.0,0.894423,0.923097,1
8869.KL,22/8/2020,0.0,0.0,0.0,0.0,0.0,0.0,0.0,0.0,0.0,0
8869.KL,22/8/2021,0.0,0.0,0.0,0.0,0.0,0.0,0.0,0.0,0.0,0
8869.KL,22/8/2022,0.0,0.0,0.0,0.0,0.0,0.0,0.0,0.0,0.0,0
8869.KL,22/8/2023,-0.555924,0.164548,0.11498,0.720472,0.0,0.0,1.0,0.555924,0.720472,2
8869.KL,22/8/2024,0.0,0.0,0.0,0.0,0.0,0.0,0.0,0.0,0.0,0
8869.KL,22/8/2025,0.487777,0.500042,0.487692,0.012265,0.5,0.5,0.0,0.487777,0.938032,2
8869.KL,22/9/2020,0.123803,0.133142,0.857519,0.009339,1.0,0.0,0.0,0.123803,0.857519,1
8869.KL,22/9/2021,0.0,0.0,0.0,0.0,0.0,0.0,0.0,0.0,0.0,0
8869.KL,22/9/2022,0.0,0.0,0.0,0.0,0.0,0.0,0.0,0.0,0.0,0
8869.KL,22/9/2023,-0.812225,0.085674,0.016426,0.897899,0.0,0.0,1.0,0.812225,0.897899,1
8869.KL,22/9/2024,0.0,0.0,0.0,0.0,0.0,0.0,0.0,0.0,0.0,0
8869.KL,22/9/2025,0.0,0.0,0.0,0.0,0.0,0.0,0.0,0.0,0.0,0
8869.KL,23/1/2020,0.0,0.0,0.0,0.0,0.0,0.0,0.0,0.0,0.0,0
8869.KL,23/1/2021,0.0,0.0,0.0,0.0,0.0,0.0,0.0,0.0,0.0,0
8869.KL,23/1/2022,0.0,0.0,0.0,0.0,0.0,0.0,0.0,0.0,0.0,0
8869.KL,23/1/2023,0.0,0.0,0.0,0.0,0.0,0.0,0.0,0.0,0.0,0
8869.KL,23/1/2024,0.0,0.0,0.0,0.0,0.0,0.0,0.0,0.0,0.0,0
8869.KL,23/1/2025,0.776185,0.857914,0.060357,0.081729,1.0,0.0,0.0,0.776185,0.857914,1
8869.KL,23/1/2026,0.0,0.0,0.0,0.0,0.0,0.0,0.0,0.0,0.0,0
8869.KL,23/10/2020,0.0,0.0,0.0,0.0,0.0,0.0,0.0,0.0,0.0,0
8869.KL,23/10/2021,0.0,0.0,0.0,0.0,0.0,0.0,0.0,0.0,0.0,0
8869.KL,23/10/2022,0.0,0.0,0.0,0.0,0.0,0.0,0.0,0.0,0.0,0
8869.KL,23/10/2023,0.857472,0.913633,0.030205,0.056161,1.0,0.0,0.0,0.857472,0.913633,1
8869.KL,23/10/2024,0.0,0.0,0.0,0.0,0.0,0.0,0.0,0.0,0.0,0
8869.KL,23/10/2025,-0.871605,0.05353,0.021335,0.925135,0.0,0.0,1.0,0.871605,0.925135,1
8869.KL,23/11/2020,0.492341,0.504443,0.483456,0.012101,1.0,0.0,0.0,0.492341,0.833004,2
8869.KL,23/11/2021,0.0,0.0,0.0,0.0,0.0,0.0,0.0,0.0,0.0,0
8869.KL,23/11/2022,0.0,0.0,0.0,0.0,0.0,0.0,0.0,0.0,0.0,0
8869.KL,23/11/2023,0.0,0.0,0.0,0.0,0.0,0.0,0.0,0.0,0.0,0
8869.KL,23/11/2024,0.0,0.0,0.0,0.0,0.0,0.0,0.0,0.0,0.0,0
8869.KL,23/11/2025,0.0,0.0,0.0,0.0,0.0,0.0,0.0,0.0,0.0,0
8869.KL,23/12/2020,-0.000402,0.484128,0.031342,0.48453,0.5,0.0,0.5,0.921679,0.945169,2
8869.KL,23/12/2021,0.0,0.0,0.0,0.0,0.0,0.0,0.0,0.0,0.0,0
8869.KL,23/12/2022,-0.733955,0.021139,0.223767,0.755094,0.0,0.0,1.0,0.733955,0.755094,1
8869.KL,23/12/2023,0.0,0.0,0.0,0.0,0.0,0.0,0.0,0.0,0.0,0
8869.KL,23/12/2024,0.0,0.0,0.0,0.0,0.0,0.0,0.0,0.0,0.0,0
8869.KL,23/12/2025,0.0,0.0,0.0,0.0,0.0,0.0,0.0,0.0,0.0,0
8869.KL,23/2/2020,0.0,0.0,0.0,0.0,0.0,0.0,0.0,0.0,0.0,0
8869.KL,23/2/2021,0.0,0.0,0.0,0.0,0.0,0.0,0.0,0.0,0.0,0
8869.KL,23/2/2022,0.0,0.0,0.0,0.0,0.0,0.0,0.0,0.0,0.0,0
8869.KL,23/2/2023,0.0,0.0,0.0,0.0,0.0,0.0,0.0,0.0,0.0,0
8869.KL,23/2/2024,0.0,0.0,0.0,0.0,0.0,0.0,0.0,0.0,0.0,0
8869.KL,23/2/2025,0.0,0.0,0.0,0.0,0.0,0.0,0.0,0.0,0.0,0
8869.KL,23/2/2026,-0.054287,0.423126,0.099461,0.477413,0.5,0.0,0.5,0.60037,0.750454,2
8869.KL,23/3/2020,0.0,0.0,0.0,0.0,0.0,0.0,0.0,0.0,0.0,0
8869.KL,23/3/2021,-0.066103,0.304539,0.324819,0.370642,0.5,0.0,0.5,0.433832,0.672283,2
8869.KL,23/3/2022,0.896242,0.927601,0.041039,0.03136,1.0,0.0,0.0,0.896242,0.927601,1
8869.KL,23/3/2023,0.0,0.0,0.0,0.0,0.0,0.0,0.0,0.0,0.0,0
8869.KL,23/3/2024,0.0,0.0,0.0,0.0,0.0,0.0,0.0,0.0,0.0,0
8869.KL,23/3/2025,0.0,0.0,0.0,0.0,0.0,0.0,0.0,0.0,0.0,0
8869.KL,23/4/2020,0.0,0.0,0.0,0.0,0.0,0.0,0.0,0.0,0.0,0
8869.KL,23/4/2021,0.0,0.0,0.0,0.0,0.0,0.0,0.0,0.0,0.0,0
8869.KL,23/4/2022,0.0,0.0,0.0,0.0,0.0,0.0,0.0,0.0,0.0,0
8869.KL,23/4/2023,0.0,0.0,0.0,0.0,0.0,0.0,0.0,0.0,0.0,0
8869.KL,23/4/2024,0.0,0.0,0.0,0.0,0.0,0.0,0.0,0.0,0.0,0
8869.KL,23/4/2025,0.0,0.0,0.0,0.0,0.0,0.0,0.0,0.0,0.0,0
8869.KL,23/5/2020,0.0,0.0,0.0,0.0,0.0,0.0,0.0,0.0,0.0,0
8869.KL,23/5/2021,0.0,0.0,0.0,0.0,0.0,0.0,0.0,0.0,0.0,0
8869.KL,23/5/2022,0.119316,0.457131,0.205053,0.337816,0.5,0.0,0.5,0.718133,0.75654,2
8869.KL,23/5/2023,0.142505,0.559043,0.02442,0.416537,1.0,0.0,0.0,0.142505,0.559043,1
8869.KL,23/5/2024,0.0,0.0,0.0,0.0,0.0,0.0,0.0,0.0,0.0,0
8869.KL,23/5/2025,0.481368,0.502022,0.477325,0.020653,0.5,0.5,0.0,0.481368,0.919923,2
8869.KL,23/6/2020,0.0,0.0,0.0,0.0,0.0,0.0,0.0,0.0,0.0,0
8869.KL,23/6/2021,0.0,0.0,0.0,0.0,0.0,0.0,0.0,0.0,0.0,0
8869.KL,23/6/2022,0.0,0.0,0.0,0.0,0.0,0.0,0.0,0.0,0.0,0
8869.KL,23/6/2023,0.0,0.0,0.0,0.0,0.0,0.0,0.0,0.0,0.0,0
8869.KL,23/6/2024,0.0,0.0,0.0,0.0,0.0,0.0,0.0,0.0,0.0,0
8869.KL,23/6/2025,0.0,0.0,0.0,0.0,0.0,0.0,0.0,0.0,0.0,0
8869.KL,23/7/2020,0.0,0.0,0.0,0.0,0.0,0.0,0.0,0.0,0.0,0
8869.KL,23/7/2021,0.096113,0.272963,0.550187,0.17685,0.0,1.0,0.0,0.096113,0.550187,1
8869.KL,23/7/2022,0.0,0.0,0.0,0.0,0.0,0.0,0.0,0.0,0.0,0
8869.KL,23/7/2023,0.0,0.0,0.0,0.0,0.0,0.0,0.0,0.0,0.0,0
8869.KL,23/7/2024,0.0,0.0,0.0,0.0,0.0,0.0,0.0,0.0,0.0,0
8869.KL,23/7/2025,0.0,0.0,0.0,0.0,0.0,0.0,0.0,0.0,0.0,0
8869.KL,23/8/2020,0.0,0.0,0.0,0.0,0.0,0.0,0.0,0.0,0.0,0
8869.KL,23/8/2021,0.915799,0.940559,0.034681,0.02476,1.0,0.0,0.0,0.915799,0.940559,1
8869.KL,23/8/2022,0.0,0.0,0.0,0.0,0.0,0.0,0.0,0.0,0.0,0
8869.KL,23/8/2023,0.0,0.0,0.0,0.0,0.0,0.0,0.0,0.0,0.0,0
8869.KL,23/8/2024,0.0,0.0,0.0,0.0,0.0,0.0,0.0,0.0,0.0,0
8869.KL,23/8/2025,0.0,0.0,0.0,0.0,0.0,0.0,0.0,0.0,0.0,0
8869.KL,23/9/2020,0.0,0.0,0.0,0.0,0.0,0.0,0.0,0.0,0.0,0
8869.KL,23/9/2021,0.0,0.0,0.0,0.0,0.0,0.0,0.0,0.0,0.0,0
8869.KL,23/9/2022,0.0,0.0,0.0,0.0,0.0,0.0,0.0,0.0,0.0,0
8869.KL,23/9/2023,0.0,0.0,0.0,0.0,0.0,0.0,0.0,0.0,0.0,0
8869.KL,23/9/2024,0.0,0.0,0.0,0.0,0.0,0.0,0.0,0.0,0.0,0
8869.KL,23/9/2025,0.0,0.0,0.0,0.0,0.0,0.0,0.0,0.0,0.0,0
8869.KL,24/1/2020,0.504133,0.735239,0.033655,0.231106,1.0,0.0,0.0,0.504133,0.735239,1
8869.KL,24/1/2021,0.0,0.0,0.0,0.0,0.0,0.0,0.0,0.0,0.0,0
8869.KL,24/1/2022,0.0,0.0,0.0,0.0,0.0,0.0,0.0,0.0,0.0,0
8869.KL,24/1/2023,0.0,0.0,0.0,0.0,0.0,0.0,0.0,0.0,0.0,0
8869.KL,24/1/2024,-0.919742,0.013293,0.053672,0.933035,0.0,0.0,1.0,0.919742,0.933035,1
8869.KL,24/1/2025,0.123233,0.18115,0.760933,0.057917,1.0,0.0,0.0,0.123233,0.760933,1
8869.KL,24/1/2026,0.0,0.0,0.0,0.0,0.0,0.0,0.0,0.0,0.0,0
8869.KL,24/10/2020,0.0,0.0,0.0,0.0,0.0,0.0,0.0,0.0,0.0,0
8869.KL,24/10/2021,0.0,0.0,0.0,0.0,0.0,0.0,0.0,0.0,0.0,0
8869.KL,24/10/2022,0.0,0.0,0.0,0.0,0.0,0.0,0.0,0.0,0.0,0
8869.KL,24/10/2023,-0.77203,0.083961,0.060048,0.855991,0.0,0.0,1.0,0.77203,0.855991,2
8869.KL,24/10/2024,0.40158,0.426349,0.548882,0.024769,1.0,0.0,0.0,0.40158,0.548882,1
8869.KL,24/10/2025,0.260173,0.565511,0.129151,0.305338,1.0,0.0,0.0,0.260173,0.565511,1
8869.KL,24/11/2020,0.114826,0.127951,0.858925,0.013124,1.0,0.0,0.0,0.114826,0.858925,1
8869.KL,24/11/2021,0.0,0.0,0.0,0.0,0.0,0.0,0.0,0.0,0.0,0
8869.KL,24/11/2022,0.0,0.0,0.0,0.0,0.0,0.0,0.0,0.0,0.0,0
8869.KL,24/11/2023,0.0,0.0,0.0,0.0,0.0,0.0,0.0,0.0,0.0,0
8869.KL,24/11/2024,0.0,0.0,0.0,0.0,0.0,0.0,0.0,0.0,0.0,0
8869.KL,24/11/2025,0.558321,0.576054,0.406213,0.017733,1.0,0.0,0.0,0.558321,0.576054,2
8869.KL,24/12/2020,0.641201,0.74843,0.144341,0.107229,1.0,0.0,0.0,0.641201,0.74843,1
8869.KL,24/12/2021,0.0,0.0,0.0,0.0,0.0,0.0,0.0,0.0,0.0,0
8869.KL,24/12/2022,0.0,0.0,0.0,0.0,0.0,0.0,0.0,0.0,0.0,0
8869.KL,24/12/2023,0.0,0.0,0.0,0.0,0.0,0.0,0.0,0.0,0.0,0
8869.KL,24/12/2024,0.152971,0.168536,0.8159,0.015564,1.0,0.0,0.0,0.152971,0.8159,1
8869.KL,24/12/2025,0.0,0.0,0.0,0.0,0.0,0.0,0.0,0.0,0.0,0
8869.KL,24/2/2020,0.0,0.0,0.0,0.0,0.0,0.0,0.0,0.0,0.0,0
8869.KL,24/2/2021,0.0,0.0,0.0,0.0,0.0,0.0,0.0,0.0,0.0,0
8869.KL,24/2/2022,-0.915469,0.02909,0.026352,0.944559,0.0,0.0,1.0,0.915469,0.944559,1
8869.KL,24/2/2023,0.0,0.0,0.0,0.0,0.0,0.0,0.0,0.0,0.0,0
8869.KL,24/2/2024,0.0,0.0,0.0,0.0,0.0,0.0,0.0,0.0,0.0,0
8869.KL,24/2/2025,0.0,0.0,0.0,0.0,0.0,0.0,0.0,0.0,0.0,0
8869.KL,24/2/2026,0.904,0.932203,0.039595,0.028202,1.0,0.0,0.0,0.904,0.932203,1
8869.KL,24/3/2020,0.0,0.0,0.0,0.0,0.0,0.0,0.0,0.0,0.0,0
8869.KL,24/3/2021,0.0,0.0,0.0,0.0,0.0,0.0,0.0,0.0,0.0,0
8869.KL,24/3/2022,0.0,0.0,0.0,0.0,0.0,0.0,0.0,0.0,0.0,0
8869.KL,24/3/2023,0.0,0.0,0.0,0.0,0.0,0.0,0.0,0.0,0.0,0
8869.KL,24/3/2024,0.0,0.0,0.0,0.0,0.0,0.0,0.0,0.0,0.0,0
8869.KL,24/3/2025,0.0,0.0,0.0,0.0,0.0,0.0,0.0,0.0,0.0,0
8869.KL,24/4/2020,0.0,0.0,0.0,0.0,0.0,0.0,0.0,0.0,0.0,0
8869.KL,24/4/2021,0.0,0.0,0.0,0.0,0.0,0.0,0.0,0.0,0.0,0
8869.KL,24/4/2022,0.0,0.0,0.0,0.0,0.0,0.0,0.0,0.0,0.0,0
8869.KL,24/4/2023,0.924842,0.941767,0.041307,0.016925,1.0,0.0,0.0,0.924842,0.941767,1
8869.KL,24/4/2024,0.0,0.0,0.0,0.0,0.0,0.0,0.0,0.0,0.0,0
8869.KL,24/4/2025,0.0,0.0,0.0,0.0,0.0,0.0,0.0,0.0,0.0,0
8869.KL,24/5/2020,0.0,0.0,0.0,0.0,0.0,0.0,0.0,0.0,0.0,0
8869.KL,24/5/2021,0.0,0.0,0.0,0.0,0.0,0.0,0.0,0.0,0.0,0
8869.KL,24/5/2022,-0.934281,0.017058,0.031602,0.951339,0.0,0.0,1.0,0.934281,0.951339,1
8869.KL,24/5/2023,0.0,0.0,0.0,0.0,0.0,0.0,0.0,0.0,0.0,0
8869.KL,24/5/2024,0.0,0.0,0.0,0.0,0.0,0.0,0.0,0.0,0.0,0
8869.KL,24/5/2025,0.0,0.0,0.0,0.0,0.0,0.0,0.0,0.0,0.0,0
8869.KL,24/6/2020,-0.629564,0.02244,0.325557,0.652004,0.0,0.0,1.0,0.629564,0.652004,1
8869.KL,24/6/2021,-0.957203,0.013375,0.016047,0.970578,0.0,0.0,1.0,0.957203,0.970578,1
8869.KL,24/6/2022,0.097064,0.156272,0.78452,0.059208,0.0,1.0,0.0,0.097064,0.78452,1
8869.KL,24/6/2023,0.0,0.0,0.0,0.0,0.0,0.0,0.0,0.0,0.0,0
8869.KL,24/6/2024,0.0,0.0,0.0,0.0,0.0,0.0,0.0,0.0,0.0,0
8869.KL,24/6/2025,-0.927459,0.028922,0.014697,0.956381,0.0,0.0,1.0,0.927459,0.956381,1
8869.KL,24/7/2020,-0.645288,0.157387,0.039938,0.802675,0.0,0.0,1.0,0.645288,0.802675,1
8869.KL,24/7/2021,0.0,0.0,0.0,0.0,0.0,0.0,0.0,0.0,0.0,0
8869.KL,24/7/2022,0.0,0.0,0.0,0.0,0.0,0.0,0.0,0.0,0.0,0
8869.KL,24/7/2023,0.878014,0.919123,0.039767,0.041109,1.0,0.0,0.0,0.878014,0.919123,1
8869.KL,24/7/2024,0.0,0.0,0.0,0.0,0.0,0.0,0.0,0.0,0.0,0
8869.KL,24/7/2025,0.0,0.0,0.0,0.0,0.0,0.0,0.0,0.0,0.0,0
8869.KL,24/8/2020,0.0,0.0,0.0,0.0,0.0,0.0,0.0,0.0,0.0,0
8869.KL,24/8/2021,0.0,0.0,0.0,0.0,0.0,0.0,0.0,0.0,0.0,0
8869.KL,24/8/2022,0.0,0.0,0.0,0.0,0.0,0.0,0.0,0.0,0.0,0
8869.KL,24/8/2023,0.0,0.0,0.0,0.0,0.0,0.0,0.0,0.0,0.0,0
8869.KL,24/8/2024,0.0,0.0,0.0,0.0,0.0,0.0,0.0,0.0,0.0,0
8869.KL,24/8/2025,0.0,0.0,0.0,0.0,0.0,0.0,0.0,0.0,0.0,0
8869.KL,24/9/2020,0.0,0.0,0.0,0.0,0.0,0.0,0.0,0.0,0.0,0
8869.KL,24/9/2021,0.0,0.0,0.0,0.0,0.0,0.0,0.0,0.0,0.0,0
8869.KL,24/9/2022,0.0,0.0,0.0,0.0,0.0,0.0,0.0,0.0,0.0,0
8869.KL,24/9/2023,0.0,0.0,0.0,0.0,0.0,0.0,0.0,0.0,0.0,0
8869.KL,24/9/2024,0.0,0.0,0.0,0.0,0.0,0.0,0.0,0.0,0.0,0
8869.KL,24/9/2025,0.0,0.0,0.0,0.0,0.0,0.0,0.0,0.0,0.0,0
8869.KL,25/1/2020,0.0,0.0,0.0,0.0,0.0,0.0,0.0,0.0,0.0,0
8869.KL,25/1/2021,0.0,0.0,0.0,0.0,0.0,0.0,0.0,0.0,0.0,0
8869.KL,25/1/2022,-0.932072,0.011977,0.043974,0.944049,0.0,0.0,1.0,0.932072,0.944049,1
8869.KL,25/1/2023,0.0,0.0,0.0,0.0,0.0,0.0,0.0,0.0,0.0,0
8869.KL,25/1/2024,0.0,0.0,0.0,0.0,0.0,0.0,0.0,0.0,0.0,0
8869.KL,25/1/2025,0.0,0.0,0.0,0.0,0.0,0.0,0.0,0.0,0.0,0
8869.KL,25/1/2026,0.0,0.0,0.0,0.0,0.0,0.0,0.0,0.0,0.0,0
8869.KL,25/10/2020,0.0,0.0,0.0,0.0,0.0,0.0,0.0,0.0,0.0,0
8869.KL,25/10/2021,0.010926,0.048321,0.914284,0.037395,0.0,1.0,0.0,0.010926,0.914284,1
8869.KL,25/10/2022,0.460423,0.483871,0.492682,0.023448,0.5,0.5,0.0,0.460423,0.941393,2
8869.KL,25/10/2023,0.0,0.0,0.0,0.0,0.0,0.0,0.0,0.0,0.0,0
8869.KL,25/10/2024,0.0,0.0,0.0,0.0,0.0,0.0,0.0,0.0,0.0,0
8869.KL,25/10/2025,0.0,0.0,0.0,0.0,0.0,0.0,0.0,0.0,0.0,0
8869.KL,25/11/2020,0.0,0.0,0.0,0.0,0.0,0.0,0.0,0.0,0.0,0
8869.KL,25/11/2021,0.0,0.0,0.0,0.0,0.0,0.0,0.0,0.0,0.0,0
8869.KL,25/11/2022,0.061104,0.1949,0.671304,0.133796,0.0,1.0,0.0,0.061104,0.671304,1
8869.KL,25/11/2023,0.0,0.0,0.0,0.0,0.0,0.0,0.0,0.0,0.0,0
8869.KL,25/11/2024,0.0,0.0,0.0,0.0,0.0,0.0,0.0,0.0,0.0,0
8869.KL,25/11/2025,0.0,0.0,0.0,0.0,0.0,0.0,0.0,0.0,0.0,0
8869.KL,25/12/2020,0.0,0.0,0.0,0.0,0.0,0.0,0.0,0.0,0.0,0
8869.KL,25/12/2021,0.0,0.0,0.0,0.0,0.0,0.0,0.0,0.0,0.0,0
8869.KL,25/12/2022,0.0,0.0,0.0,0.0,0.0,0.0,0.0,0.0,0.0,0
8869.KL,25/12/2023,0.0,0.0,0.0,0.0,0.0,0.0,0.0,0.0,0.0,0
8869.KL,25/12/2024,0.0,0.0,0.0,0.0,0.0,0.0,0.0,0.0,0.0,0
8869.KL,25/12/2025,0.0,0.0,0.0,0.0,0.0,0.0,0.0,0.0,0.0,0
8869.KL,25/2/2020,-0.452282,0.030631,0.486455,0.482913,0.0,0.5,0.5,0.482085,0.946282,2
8869.KL,25/2/2021,-0.441266,0.042643,0.473448,0.483909,0.0,0.5,0.5,0.499547,0.939273,2
8869.KL,25/2/2022,0.263237,0.580123,0.102991,0.316886,0.666667,0.0,0.333333,0.819099,0.858054,3
8869.KL,25/2/2023,0.930484,0.952136,0.026213,0.021651,1.0,0.0,0.0,0.930484,0.952136,1
8869.KL,25/2/2024,0.0,0.0,0.0,0.0,0.0,0.0,0.0,0.0,0.0,0
8869.KL,25/2/2025,0.0,0.0,0.0,0.0,0.0,0.0,0.0,0.0,0.0,0
8869.KL,25/2/2026,0.0,0.0,0.0,0.0,0.0,0.0,0.0,0.0,0.0,0
8869.KL,25/3/2020,0.0,0.0,0.0,0.0,0.0,0.0,0.0,0.0,0.0,0
8869.KL,25/3/2021,0.0,0.0,0.0,0.0,0.0,0.0,0.0,0.0,0.0,0
8869.KL,25/3/2022,-0.951205,0.01022,0.028354,0.961425,0.0,0.0,1.0,0.951205,0.961425,1
8869.KL,25/3/2023,0.0,0.0,0.0,0.0,0.0,0.0,0.0,0.0,0.0,0
8869.KL,25/3/2024,0.0,0.0,0.0,0.0,0.0,0.0,0.0,0.0,0.0,0
8869.KL,25/3/2025,0.025719,0.170381,0.684958,0.144661,0.0,1.0,0.0,0.025719,0.684958,1
8869.KL,25/4/2020,0.0,0.0,0.0,0.0,0.0,0.0,0.0,0.0,0.0,0
8869.KL,25/4/2021,0.0,0.0,0.0,0.0,0.0,0.0,0.0,0.0,0.0,0
8869.KL,25/4/2022,-0.859571,0.061588,0.017252,0.921159,0.0,0.0,1.0,0.859571,0.921159,1
8869.KL,25/4/2023,0.0,0.0,0.0,0.0,0.0,0.0,0.0,0.0,0.0,0
8869.KL,25/4/2024,0.0,0.0,0.0,0.0,0.0,0.0,0.0,0.0,0.0,0
8869.KL,25/4/2025,0.0,0.0,0.0,0.0,0.0,0.0,0.0,0.0,0.0,0
8869.KL,25/5/2020,0.0,0.0,0.0,0.0,0.0,0.0,0.0,0.0,0.0,0
8869.KL,25/5/2021,0.0,0.0,0.0,0.0,0.0,0.0,0.0,0.0,0.0,0
8869.KL,25/5/2022,0.0,0.0,0.0,0.0,0.0,0.0,0.0,0.0,0.0,0
8869.KL,25/5/2023,0.0,0.0,0.0,0.0,0.0,0.0,0.0,0.0,0.0,0
8869.KL,25/5/2024,0.0,0.0,0.0,0.0,0.0,0.0,0.0,0.0,0.0,0
8869.KL,25/5/2025,0.0,0.0,0.0,0.0,0.0,0.0,0.0,0.0,0.0,0
8869.KL,25/6/2020,0.0,0.0,0.0,0.0,0.0,0.0,0.0,0.0,0.0,0
8869.KL,25/6/2021,0.267538,0.276753,0.714031,0.009216,1.0,0.0,0.0,0.267538,0.714031,1
8869.KL,25/6/2022,0.0,0.0,0.0,0.0,0.0,0.0,0.0,0.0,0.0,0
8869.KL,25/6/2023,0.0,0.0,0.0,0.0,0.0,0.0,0.0,0.0,0.0,0
8869.KL,25/6/2024,0.0,0.0,0.0,0.0,0.0,0.0,0.0,0.0,0.0,0
8869.KL,25/6/2025,0.0,0.0,0.0,0.0,0.0,0.0,0.0,0.0,0.0,0
8869.KL,25/7/2020,0.0,0.0,0.0,0.0,0.0,0.0,0.0,0.0,0.0,0
8869.KL,25/7/2021,0.0,0.0,0.0,0.0,0.0,0.0,0.0,0.0,0.0,0
8869.KL,25/7/2022,0.0,0.0,0.0,0.0,0.0,0.0,0.0,0.0,0.0,0
8869.KL,25/7/2023,0.129868,0.503737,0.122394,0.373869,0.5,0.0,0.5,0.762784,0.820195,2
8869.KL,25/7/2024,-0.912424,0.021266,0.045045,0.93369,0.0,0.0,1.0,0.912424,0.93369,1
8869.KL,25/7/2025,0.0,0.0,0.0,0.0,0.0,0.0,0.0,0.0,0.0,0
8869.KL,25/8/2020,0.0,0.0,0.0,0.0,0.0,0.0,0.0,0.0,0.0,0
8869.KL,25/8/2021,0.413777,0.572598,0.268582,0.15882,0.5,0.25,0.25,0.497877,0.822644,4
8869.KL,25/8/2022,0.0,0.0,0.0,0.0,0.0,0.0,0.0,0.0,0.0,0
8869.KL,25/8/2023,0.233776,0.482877,0.268022,0.249101,1.0,0.0,0.0,0.233776,0.482877,1
8869.KL,25/8/2024,0.0,0.0,0.0,0.0,0.0,0.0,0.0,0.0,0.0,0
8869.KL,25/8/2025,-0.47769,0.105075,0.31216,0.582765,0.333333,0.0,0.666667,0.564321,0.850989,3
8869.KL,25/9/2020,0.0,0.0,0.0,0.0,0.0,0.0,0.0,0.0,0.0,0
8869.KL,25/9/2021,0.0,0.0,0.0,0.0,0.0,0.0,0.0,0.0,0.0,0
8869.KL,25/9/2022,0.0,0.0,0.0,0.0,0.0,0.0,0.0,0.0,0.0,0
8869.KL,25/9/2023,0.0,0.0,0.0,0.0,0.0,0.0,0.0,0.0,0.0,0
8869.KL,25/9/2024,0.0,0.0,0.0,0.0,0.0,0.0,0.0,0.0,0.0,0
8869.KL,25/9/2025,0.0,0.0,0.0,0.0,0.0,0.0,0.0,0.0,0.0,0
8869.KL,26/1/2020,0.0,0.0,0.0,0.0,0.0,0.0,0.0,0.0,0.0,0
8869.KL,26/1/2021,0.0,0.0,0.0,0.0,0.0,0.0,0.0,0.0,0.0,0
8869.KL,26/1/2022,0.719072,0.83858,0.041913,0.119508,1.0,0.0,0.0,0.719072,0.83858,1
8869.KL,26/1/2023,0.0,0.0,0.0,0.0,0.0,0.0,0.0,0.0,0.0,0
8869.KL,26/1/2024,0.0,0.0,0.0,0.0,0.0,0.0,0.0,0.0,0.0,0
8869.KL,26/1/2025,0.0,0.0,0.0,0.0,0.0,0.0,0.0,0.0,0.0,0
8869.KL,26/1/2026,0.891579,0.921622,0.048334,0.030044,1.0,0.0,0.0,0.891579,0.921622,1
8869.KL,26/10/2020,0.0,0.0,0.0,0.0,0.0,0.0,0.0,0.0,0.0,0
8869.KL,26/10/2021,-0.176861,0.107014,0.609111,0.283875,0.0,0.0,1.0,0.176861,0.609111,1
8869.KL,26/10/2022,-0.838105,0.02875,0.104396,0.866854,0.0,0.0,1.0,0.838105,0.866854,1
8869.KL,26/10/2023,0.0,0.0,0.0,0.0,0.0,0.0,0.0,0.0,0.0,0
8869.KL,26/10/2024,0.0,0.0,0.0,0.0,0.0,0.0,0.0,0.0,0.0,0
8869.KL,26/10/2025,0.0,0.0,0.0,0.0,0.0,0.0,0.0,0.0,0.0,0
8869.KL,26/11/2020,0.747126,0.758514,0.230099,0.011387,1.0,0.0,0.0,0.747126,0.758514,1
8869.KL,26/11/2021,0.0,0.0,0.0,0.0,0.0,0.0,0.0,0.0,0.0,0
8869.KL,26/11/2022,0.0,0.0,0.0,0.0,0.0,0.0,0.0,0.0,0.0,0
8869.KL,26/11/2023,0.0,0.0,0.0,0.0,0.0,0.0,0.0,0.0,0.0,0
8869.KL,26/11/2024,-0.749681,0.064516,0.121287,0.814197,0.0,0.0,1.0,0.749681,0.814197,1
8869.KL,26/11/2025,0.0,0.0,0.0,0.0,0.0,0.0,0.0,0.0,0.0,0
8869.KL,26/12/2020,0.0,0.0,0.0,0.0,0.0,0.0,0.0,0.0,0.0,0
8869.KL,26/12/2021,0.839284,0.857242,0.1248,0.017958,1.0,0.0,0.0,0.839284,0.857242,1
8869.KL,26/12/2022,0.0,0.0,0.0,0.0,0.0,0.0,0.0,0.0,0.0,0
8869.KL,26/12/2023,0.0,0.0,0.0,0.0,0.0,0.0,0.0,0.0,0.0,0
8869.KL,26/12/2024,0.0,0.0,0.0,0.0,0.0,0.0,0.0,0.0,0.0,0
8869.KL,26/12/2025,0.894192,0.914702,0.064789,0.02051,1.0,0.0,0.0,0.894192,0.914702,1
8869.KL,26/2/2020,0.0,0.0,0.0,0.0,0.0,0.0,0.0,0.0,0.0,0
8869.KL,26/2/2021,0.136542,0.151184,0.834174,0.014642,1.0,0.0,0.0,0.136542,0.834174,1
8869.KL,26/2/2022,0.0,0.0,0.0,0.0,0.0,0.0,0.0,0.0,0.0,0
8869.KL,26/2/2023,0.0,0.0,0.0,0.0,0.0,0.0,0.0,0.0,0.0,0
8869.KL,26/2/2024,0.0,0.0,0.0,0.0,0.0,0.0,0.0,0.0,0.0,0
8869.KL,26/2/2025,0.0,0.0,0.0,0.0,0.0,0.0,0.0,0.0,0.0,0
8869.KL,26/2/2026,0.0,0.0,0.0,0.0,0.0,0.0,0.0,0.0,0.0,0
8869.KL,26/3/2020,0.0,0.0,0.0,0.0,0.0,0.0,0.0,0.0,0.0,0
8869.KL,26/3/2021,0.0,0.0,0.0,0.0,0.0,0.0,0.0,0.0,0.0,0
8869.KL,26/3/2022,0.0,0.0,0.0,0.0,0.0,0.0,0.0,0.0,0.0,0
8869.KL,26/3/2023,0.0,0.0,0.0,0.0,0.0,0.0,0.0,0.0,0.0,0
8869.KL,26/3/2024,-0.440905,0.087219,0.384658,0.528124,0.0,0.0,1.0,0.440905,0.528124,1
8869.KL,26/3/2025,0.0,0.0,0.0,0.0,0.0,0.0,0.0,0.0,0.0,0
8869.KL,26/4/2020,0.0,0.0,0.0,0.0,0.0,0.0,0.0,0.0,0.0,0
8869.KL,26/4/2021,0.0,0.0,0.0,0.0,0.0,0.0,0.0,0.0,0.0,0
8869.KL,26/4/2022,0.025654,0.040435,0.944783,0.014782,0.0,1.0,0.0,0.025654,0.944783,1
8869.KL,26/4/2023,0.0,0.0,0.0,0.0,0.0,0.0,0.0,0.0,0.0,0
8869.KL,26/4/2024,0.0,0.0,0.0,0.0,0.0,0.0,0.0,0.0,0.0,0
8869.KL,26/4/2025,0.0,0.0,0.0,0.0,0.0,0.0,0.0,0.0,0.0,0
8869.KL,26/5/2020,0.0,0.0,0.0,0.0,0.0,0.0,0.0,0.0,0.0,0
8869.KL,26/5/2021,0.0,0.0,0.0,0.0,0.0,0.0,0.0,0.0,0.0,0
8869.KL,26/5/2022,0.36517,0.510145,0.344879,0.144975,1.0,0.0,0.0,0.36517,0.510145,1
8869.KL,26/5/2023,0.0,0.0,0.0,0.0,0.0,0.0,0.0,0.0,0.0,0
8869.KL,26/5/2024,0.0,0.0,0.0,0.0,0.0,0.0,0.0,0.0,0.0,0
8869.KL,26/5/2025,0.0,0.0,0.0,0.0,0.0,0.0,0.0,0.0,0.0,0
8869.KL,26/6/2020,0.0,0.0,0.0,0.0,0.0,0.0,0.0,0.0,0.0,0
8869.KL,26/6/2021,0.171394,0.18131,0.808773,0.009917,1.0,0.0,0.0,0.171394,0.808773,1
8869.KL,26/6/2022,0.0,0.0,0.0,0.0,0.0,0.0,0.0,0.0,0.0,0
8869.KL,26/6/2023,0.0,0.0,0.0,0.0,0.0,0.0,0.0,0.0,0.0,0
8869.KL,26/6/2024,0.0,0.0,0.0,0.0,0.0,0.0,0.0,0.0,0.0,0
8869.KL,26/6/2025,0.0,0.0,0.0,0.0,0.0,0.0,0.0,0.0,0.0,0
8869.KL,26/7/2020,0.0,0.0,0.0,0.0,0.0,0.0,0.0,0.0,0.0,0
8869.KL,26/7/2021,0.0,0.0,0.0,0.0,0.0,0.0,0.0,0.0,0.0,0
8869.KL,26/7/2022,0.0,0.0,0.0,0.0,0.0,0.0,0.0,0.0,0.0,0
8869.KL,26/7/2023,0.0,0.0,0.0,0.0,0.0,0.0,0.0,0.0,0.0,0
8869.KL,26/7/2024,0.0,0.0,0.0,0.0,0.0,0.0,0.0,0.0,0.0,0
8869.KL,26/7/2025,-0.855242,0.041218,0.062322,0.89646,0.0,0.0,1.0,0.855242,0.89646,1
8869.KL,26/8/2020,0.0,0.0,0.0,0.0,0.0,0.0,0.0,0.0,0.0,0
8869.KL,26/8/2021,0.909985,0.938294,0.033396,0.028309,1.0,0.0,0.0,0.909985,0.938294,1
8869.KL,26/8/2022,0.484425,0.50134,0.481745,0.016915,0.5,0.5,0.0,0.484425,0.946329,2
8869.KL,26/8/2023,0.0,0.0,0.0,0.0,0.0,0.0,0.0,0.0,0.0,0
8869.KL,26/8/2024,0.0,0.0,0.0,0.0,0.0,0.0,0.0,0.0,0.0,0
8869.KL,26/8/2025,0.0,0.0,0.0,0.0,0.0,0.0,0.0,0.0,0.0,0
8869.KL,26/9/2020,0.0,0.0,0.0,0.0,0.0,0.0,0.0,0.0,0.0,0
8869.KL,26/9/2021,0.0,0.0,0.0,0.0,0.0,0.0,0.0,0.0,0.0,0
8869.KL,26/9/2022,0.0,0.0,0.0,0.0,0.0,0.0,0.0,0.0,0.0,0
8869.KL,26/9/2023,0.0,0.0,0.0,0.0,0.0,0.0,0.0,0.0,0.0,0
8869.KL,26/9/2024,0.0,0.0,0.0,0.0,0.0,0.0,0.0,0.0,0.0,0
8869.KL,26/9/2025,0.0,0.0,0.0,0.0,0.0,0.0,0.0,0.0,0.0,0
8869.KL,27/1/2020,0.0,0.0,0.0,0.0,0.0,0.0,0.0,0.0,0.0,0
8869.KL,27/1/2021,0.0,0.0,0.0,0.0,0.0,0.0,0.0,0.0,0.0,0
8869.KL,27/1/2022,0.0,0.0,0.0,0.0,0.0,0.0,0.0,0.0,0.0,0
8869.KL,27/1/2023,0.780435,0.863067,0.054301,0.082632,1.0,0.0,0.0,0.780435,0.863067,1
8869.KL,27/1/2024,0.0,0.0,0.0,0.0,0.0,0.0,0.0,0.0,0.0,0
8869.KL,27/1/2025,0.0,0.0,0.0,0.0,0.0,0.0,0.0,0.0,0.0,0
8869.KL,27/1/2026,0.0,0.0,0.0,0.0,0.0,0.0,0.0,0.0,0.0,0
8869.KL,27/10/2020,0.0,0.0,0.0,0.0,0.0,0.0,0.0,0.0,0.0,0
8869.KL,27/10/2021,0.911833,0.943773,0.024287,0.03194,1.0,0.0,0.0,0.911833,0.943773,1
8869.KL,27/10/2022,0.0,0.0,0.0,0.0,0.0,0.0,0.0,0.0,0.0,0
8869.KL,27/10/2023,0.0,0.0,0.0,0.0,0.0,0.0,0.0,0.0,0.0,0
8869.KL,27/10/2024,0.0,0.0,0.0,0.0,0.0,0.0,0.0,0.0,0.0,0
8869.KL,27/10/2025,0.0,0.0,0.0,0.0,0.0,0.0,0.0,0.0,0.0,0
8869.KL,27/11/2020,0.287081,0.47717,0.33274,0.19009,0.333333,0.666667,0.0,0.347733,0.780216,3
8869.KL,27/11/2021,0.0,0.0,0.0,0.0,0.0,0.0,0.0,0.0,0.0,0
8869.KL,27/11/2022,0.0,0.0,0.0,0.0,0.0,0.0,0.0,0.0,0.0,0
8869.KL,27/11/2023,0.0,0.0,0.0,0.0,0.0,0.0,0.0,0.0,0.0,0
8869.KL,27/11/2024,0.0,0.0,0.0,0.0,0.0,0.0,0.0,0.0,0.0,0
8869.KL,27/11/2025,0.0,0.0,0.0,0.0,0.0,0.0,0.0,0.0,0.0,0
8869.KL,27/12/2020,0.0,0.0,0.0,0.0,0.0,0.0,0.0,0.0,0.0,0
8869.KL,27/12/2021,0.870158,0.919078,0.032001,0.04892,1.0,0.0,0.0,0.870158,0.919078,1
8869.KL,27/12/2022,0.0,0.0,0.0,0.0,0.0,0.0,0.0,0.0,0.0,0
8869.KL,27/12/2023,0.933641,0.952431,0.028778,0.01879,1.0,0.0,0.0,0.933641,0.952431,1
8869.KL,27/12/2024,0.0,0.0,0.0,0.0,0.0,0.0,0.0,0.0,0.0,0
8869.KL,27/12/2025,0.0,0.0,0.0,0.0,0.0,0.0,0.0,0.0,0.0,0
8869.KL,27/2/2020,0.0,0.0,0.0,0.0,0.0,0.0,0.0,0.0,0.0,0
8869.KL,27/2/2021,0.0,0.0,0.0,0.0,0.0,0.0,0.0,0.0,0.0,0
8869.KL,27/2/2022,0.0,0.0,0.0,0.0,0.0,0.0,0.0,0.0,0.0,0
8869.KL,27/2/2023,-0.43796,0.037348,0.487344,0.475308,0.0,0.5,0.5,0.456823,0.940974,2
8869.KL,27/2/2024,0.0,0.0,0.0,0.0,0.0,0.0,0.0,0.0,0.0,0
8869.KL,27/2/2025,0.629039,0.754992,0.119055,0.125953,1.0,0.0,0.0,0.629039,0.754992,2
8869.KL,27/2/2026,-0.051474,0.308572,0.331382,0.360046,0.333333,0.333333,0.333333,0.585052,0.924007,3
8869.KL,27/3/2020,0.0,0.0,0.0,0.0,0.0,0.0,0.0,0.0,0.0,0
8869.KL,27/3/2021,0.0,0.0,0.0,0.0,0.0,0.0,0.0,0.0,0.0,0
8869.KL,27/3/2022,0.0,0.0,0.0,0.0,0.0,0.0,0.0,0.0,0.0,0
8869.KL,27/3/2023,0.0,0.0,0.0,0.0,0.0,0.0,0.0,0.0,0.0,0
8869.KL,27/3/2024,0.0,0.0,0.0,0.0,0.0,0.0,0.0,0.0,0.0,0
8869.KL,27/3/2025,0.0,0.0,0.0,0.0,0.0,0.0,0.0,0.0,0.0,0
8869.KL,27/4/2020,0.0,0.0,0.0,0.0,0.0,0.0,0.0,0.0,0.0,0
8869.KL,27/4/2021,0.0,0.0,0.0,0.0,0.0,0.0,0.0,0.0,0.0,0
8869.KL,27/4/2022,0.0,0.0,0.0,0.0,0.0,0.0,0.0,0.0,0.0,0
8869.KL,27/4/2023,0.352368,0.62792,0.096529,0.275551,1.0,0.0,0.0,0.352368,0.62792,1
8869.KL,27/4/2024,0.0,0.0,0.0,0.0,0.0,0.0,0.0,0.0,0.0,0
8869.KL,27/4/2025,0.0,0.0,0.0,0.0,0.0,0.0,0.0,0.0,0.0,0
8869.KL,27/5/2020,0.0,0.0,0.0,0.0,0.0,0.0,0.0,0.0,0.0,0
8869.KL,27/5/2021,0.0,0.0,0.0,0.0,0.0,0.0,0.0,0.0,0.0,0
8869.KL,27/5/2022,0.0,0.0,0.0,0.0,0.0,0.0,0.0,0.0,0.0,0
8869.KL,27/5/2023,0.0,0.0,0.0,0.0,0.0,0.0,0.0,0.0,0.0,0
8869.KL,27/5/2024,0.0,0.0,0.0,0.0,0.0,0.0,0.0,0.0,0.0,0
8869.KL,27/5/2025,0.0,0.0,0.0,0.0,0.0,0.0,0.0,0.0,0.0,0
8869.KL,27/6/2020,0.0,0.0,0.0,0.0,0.0,0.0,0.0,0.0,0.0,0
8869.KL,27/6/2021,0.0,0.0,0.0,0.0,0.0,0.0,0.0,0.0,0.0,0
8869.KL,27/6/2022,0.0,0.0,0.0,0.0,0.0,0.0,0.0,0.0,0.0,0
8869.KL,27/6/2023,0.0,0.0,0.0,0.0,0.0,0.0,0.0,0.0,0.0,0
8869.KL,27/6/2024,0.427914,0.446184,0.535546,0.01827,0.5,0.5,0.0,0.427914,0.888021,2
8869.KL,27/6/2025,0.0,0.0,0.0,0.0,0.0,0.0,0.0,0.0,0.0,0
8869.KL,27/7/2020,0.0,0.0,0.0,0.0,0.0,0.0,0.0,0.0,0.0,0
8869.KL,27/7/2021,0.0,0.0,0.0,0.0,0.0,0.0,0.0,0.0,0.0,0
8869.KL,27/7/2022,0.399821,0.581271,0.237278,0.18145,1.0,0.0,0.0,0.399821,0.581271,1
8869.KL,27/7/2023,-0.957294,0.0094,0.023906,0.966694,0.0,0.0,1.0,0.957294,0.966694,1
8869.KL,27/7/2024,0.0,0.0,0.0,0.0,0.0,0.0,0.0,0.0,0.0,0
8869.KL,27/7/2025,-0.071051,0.036323,0.856303,0.107374,0.0,1.0,0.0,0.071051,0.856303,1
8869.KL,27/8/2020,0.0,0.0,0.0,0.0,0.0,0.0,0.0,0.0,0.0,0
8869.KL,27/8/2021,0.0,0.0,0.0,0.0,0.0,0.0,0.0,0.0,0.0,0
8869.KL,27/8/2022,0.0,0.0,0.0,0.0,0.0,0.0,0.0,0.0,0.0,0
8869.KL,27/8/2023,0.0,0.0,0.0,0.0,0.0,0.0,0.0,0.0,0.0,0
8869.KL,27/8/2024,0.0,0.0,0.0,0.0,0.0,0.0,0.0,0.0,0.0,0
8869.KL,27/8/2025,0.0,0.0,0.0,0.0,0.0,0.0,0.0,0.0,0.0,0
8869.KL,27/9/2020,0.0,0.0,0.0,0.0,0.0,0.0,0.0,0.0,0.0,0
8869.KL,27/9/2021,0.0,0.0,0.0,0.0,0.0,0.0,0.0,0.0,0.0,0
8869.KL,27/9/2022,0.0,0.0,0.0,0.0,0.0,0.0,0.0,0.0,0.0,0
8869.KL,27/9/2023,0.0,0.0,0.0,0.0,0.0,0.0,0.0,0.0,0.0,0
8869.KL,27/9/2024,0.081243,0.175663,0.729917,0.09442,0.0,1.0,0.0,0.081243,0.729917,1
8869.KL,27/9/2025,0.0,0.0,0.0,0.0,0.0,0.0,0.0,0.0,0.0,0
8869.KL,28/1/2020,0.0,0.0,0.0,0.0,0.0,0.0,0.0,0.0,0.0,0
8869.KL,28/1/2021,0.0,0.0,0.0,0.0,0.0,0.0,0.0,0.0,0.0,0
8869.KL,28/1/2022,-0.026586,0.090073,0.793269,0.116658,0.0,1.0,0.0,0.026586,0.793269,1
8869.KL,28/1/2023,0.0,0.0,0.0,0.0,0.0,0.0,0.0,0.0,0.0,0
8869.KL,28/1/2024,0.0,0.0,0.0,0.0,0.0,0.0,0.0,0.0,0.0,0
8869.KL,28/1/2025,0.0,0.0,0.0,0.0,0.0,0.0,0.0,0.0,0.0,0
8869.KL,28/1/2026,0.0,0.0,0.0,0.0,0.0,0.0,0.0,0.0,0.0,0
8869.KL,28/10/2020,0.0,0.0,0.0,0.0,0.0,0.0,0.0,0.0,0.0,0
8869.KL,28/10/2021,0.0,0.0,0.0,0.0,0.0,0.0,0.0,0.0,0.0,0
8869.KL,28/10/2022,0.0,0.0,0.0,0.0,0.0,0.0,0.0,0.0,0.0,0
8869.KL,28/10/2023,0.0,0.0,0.0,0.0,0.0,0.0,0.0,0.0,0.0,0
8869.KL,28/10/2024,0.0,0.0,0.0,0.0,0.0,0.0,0.0,0.0,0.0,0
8869.KL,28/10/2025,0.0,0.0,0.0,0.0,0.0,0.0,0.0,0.0,0.0,0
8869.KL,28/11/2020,0.0,0.0,0.0,0.0,0.0,0.0,0.0,0.0,0.0,0
8869.KL,28/11/2021,0.0,0.0,0.0,0.0,0.0,0.0,0.0,0.0,0.0,0
8869.KL,28/11/2022,0.0,0.0,0.0,0.0,0.0,0.0,0.0,0.0,0.0,0
8869.KL,28/11/2023,0.0,0.0,0.0,0.0,0.0,0.0,0.0,0.0,0.0,0
8869.KL,28/11/2024,0.0,0.0,0.0,0.0,0.0,0.0,0.0,0.0,0.0,0
8869.KL,28/11/2025,0.0,0.0,0.0,0.0,0.0,0.0,0.0,0.0,0.0,0
8869.KL,28/12/2020,0.0,0.0,0.0,0.0,0.0,0.0,0.0,0.0,0.0,0
8869.KL,28/12/2021,0.0,0.0,0.0,0.0,0.0,0.0,0.0,0.0,0.0,0
8869.KL,28/12/2022,0.0,0.0,0.0,0.0,0.0,0.0,0.0,0.0,0.0,0
8869.KL,28/12/2023,0.0,0.0,0.0,0.0,0.0,0.0,0.0,0.0,0.0,0
8869.KL,28/12/2024,0.0,0.0,0.0,0.0,0.0,0.0,0.0,0.0,0.0,0
8869.KL,28/12/2025,0.097746,0.106383,0.884981,0.008637,0.0,1.0,0.0,0.097746,0.884981,1
8869.KL,28/2/2020,0.0,0.0,0.0,0.0,0.0,0.0,0.0,0.0,0.0,0
8869.KL,28/2/2021,0.0,0.0,0.0,0.0,0.0,0.0,0.0,0.0,0.0,0
8869.KL,28/2/2022,0.294987,0.336985,0.621017,0.041998,0.333333,0.666667,0.0,0.323472,0.914142,3
8869.KL,28/2/2023,0.0,0.0,0.0,0.0,0.0,0.0,0.0,0.0,0.0,0
8869.KL,28/2/2024,0.0,0.0,0.0,0.0,0.0,0.0,0.0,0.0,0.0,0
8869.KL,28/2/2025,0.0,0.0,0.0,0.0,0.0,0.0,0.0,0.0,0.0,0
8869.KL,28/2/2026,0.077092,0.143089,0.790914,0.065997,0.0,1.0,0.0,0.077092,0.790914,1
8869.KL,28/3/2020,0.0,0.0,0.0,0.0,0.0,0.0,0.0,0.0,0.0,0
8869.KL,28/3/2021,0.0,0.0,0.0,0.0,0.0,0.0,0.0,0.0,0.0,0
8869.KL,28/3/2022,0.0,0.0,0.0,0.0,0.0,0.0,0.0,0.0,0.0,0
8869.KL,28/3/2023,0.0,0.0,0.0,0.0,0.0,0.0,0.0,0.0,0.0,0
8869.KL,28/3/2024,0.0,0.0,0.0,0.0,0.0,0.0,0.0,0.0,0.0,0
8869.KL,28/3/2025,0.0,0.0,0.0,0.0,0.0,0.0,0.0,0.0,0.0,0
8869.KL,28/4/2020,0.0,0.0,0.0,0.0,0.0,0.0,0.0,0.0,0.0,0
8869.KL,28/4/2021,0.0,0.0,0.0,0.0,0.0,0.0,0.0,0.0,0.0,0
8869.KL,28/4/2022,-0.964627,0.007508,0.020358,0.972134,0.0,0.0,1.0,0.964627,0.972134,1
8869.KL,28/4/2023,0.0,0.0,0.0,0.0,0.0,0.0,0.0,0.0,0.0,0
8869.KL,28/4/2024,0.0,0.0,0.0,0.0,0.0,0.0,0.0,0.0,0.0,0
8869.KL,28/4/2025,0.0,0.0,0.0,0.0,0.0,0.0,0.0,0.0,0.0,0
8869.KL,28/5/2020,0.0,0.0,0.0,0.0,0.0,0.0,0.0,0.0,0.0,0
8869.KL,28/5/2021,0.380334,0.502641,0.375052,0.122307,0.666667,0.333333,0.0,0.380334,0.787947,3
8869.KL,28/5/2022,0.0,0.0,0.0,0.0,0.0,0.0,0.0,0.0,0.0,0
8869.KL,28/5/2023,0.0,0.0,0.0,0.0,0.0,0.0,0.0,0.0,0.0,0
8869.KL,28/5/2024,0.889794,0.932213,0.025367,0.04242,1.0,0.0,0.0,0.889794,0.932213,1
8869.KL,28/5/2025,0.0,0.0,0.0,0.0,0.0,0.0,0.0,0.0,0.0,0
8869.KL,28/6/2020,0.0,0.0,0.0,0.0,0.0,0.0,0.0,0.0,0.0,0
8869.KL,28/6/2021,0.0,0.0,0.0,0.0,0.0,0.0,0.0,0.0,0.0,0
8869.KL,28/6/2022,0.0,0.0,0.0,0.0,0.0,0.0,0.0,0.0,0.0,0
8869.KL,28/6/2023,0.0,0.0,0.0,0.0,0.0,0.0,0.0,0.0,0.0,0
8869.KL,28/6/2024,0.095068,0.111964,0.871139,0.016896,0.0,1.0,0.0,0.095068,0.871139,1
8869.KL,28/6/2025,0.0,0.0,0.0,0.0,0.0,0.0,0.0,0.0,0.0,0
8869.KL,28/7/2020,0.026819,0.050793,0.925233,0.023974,0.0,1.0,0.0,0.026819,0.925233,1
8869.KL,28/7/2021,0.0,0.0,0.0,0.0,0.0,0.0,0.0,0.0,0.0,0
8869.KL,28/7/2022,0.846194,0.884197,0.0778,0.038003,1.0,0.0,0.0,0.846194,0.884197,1
8869.KL,28/7/2023,-0.161173,0.405095,0.028638,0.566267,0.0,0.0,1.0,0.161173,0.566267,1
8869.KL,28/7/2024,0.0,0.0,0.0,0.0,0.0,0.0,0.0,0.0,0.0,0
8869.KL,28/7/2025,-0.340476,0.30727,0.044984,0.647746,0.0,0.0,1.0,0.340476,0.647746,1
8869.KL,28/8/2020,0.0,0.0,0.0,0.0,0.0,0.0,0.0,0.0,0.0,0
8869.KL,28/8/2021,0.0,0.0,0.0,0.0,0.0,0.0,0.0,0.0,0.0,0
8869.KL,28/8/2022,0.0,0.0,0.0,0.0,0.0,0.0,0.0,0.0,0.0,0
8869.KL,28/8/2023,0.0,0.0,0.0,0.0,0.0,0.0,0.0,0.0,0.0,0
8869.KL,28/8/2024,0.0,0.0,0.0,0.0,0.0,0.0,0.0,0.0,0.0,0
8869.KL,28/8/2025,0.0,0.0,0.0,0.0,0.0,0.0,0.0,0.0,0.0,0
8869.KL,28/9/2020,0.0,0.0,0.0,0.0,0.0,0.0,0.0,0.0,0.0,0
8869.KL,28/9/2021,0.77759,0.848238,0.081115,0.070648,1.0,0.0,0.0,0.77759,0.848238,1
8869.KL,28/9/2022,-0.951843,0.013004,0.022149,0.964847,0.0,0.0,1.0,0.951843,0.964847,1
8869.KL,28/9/2023,0.0,0.0,0.0,0.0,0.0,0.0,0.0,0.0,0.0,0
8869.KL,28/9/2024,0.0,0.0,0.0,0.0,0.0,0.0,0.0,0.0,0.0,0
8869.KL,28/9/2025,0.0,0.0,0.0,0.0,0.0,0.0,0.0,0.0,0.0,0
8869.KL,29/1/2020,0.0,0.0,0.0,0.0,0.0,0.0,0.0,0.0,0.0,0
8869.KL,29/1/2021,0.0,0.0,0.0,0.0,0.0,0.0,0.0,0.0,0.0,0
8869.KL,29/1/2022,0.0,0.0,0.0,0.0,0.0,0.0,0.0,0.0,0.0,0
8869.KL,29/1/2023,0.0,0.0,0.0,0.0,0.0,0.0,0.0,0.0,0.0,0
8869.KL,29/1/2024,0.0,0.0,0.0,0.0,0.0,0.0,0.0,0.0,0.0,0
8869.KL,29/1/2025,0.0,0.0,0.0,0.0,0.0,0.0,0.0,0.0,0.0,0
8869.KL,29/1/2026,0.0,0.0,0.0,0.0,0.0,0.0,0.0,0.0,0.0,0
8869.KL,29/10/2020,0.0,0.0,0.0,0.0,0.0,0.0,0.0,0.0,0.0,0
8869.KL,29/10/2021,0.0,0.0,0.0,0.0,0.0,0.0,0.0,0.0,0.0,0
8869.KL,29/10/2022,0.0,0.0,0.0,0.0,0.0,0.0,0.0,0.0,0.0,0
8869.KL,29/10/2023,0.0,0.0,0.0,0.0,0.0,0.0,0.0,0.0,0.0,0
8869.KL,29/10/2024,0.0,0.0,0.0,0.0,0.0,0.0,0.0,0.0,0.0,0
8869.KL,29/10/2025,0.0,0.0,0.0,0.0,0.0,0.0,0.0,0.0,0.0,0
8869.KL,29/11/2020,0.0,0.0,0.0,0.0,0.0,0.0,0.0,0.0,0.0,0
8869.KL,29/11/2021,-0.353407,0.039863,0.566867,0.39327,0.0,0.5,0.5,0.368418,0.860552,2
8869.KL,29/11/2022,-0.168378,0.366362,0.098899,0.534739,0.5,0.0,0.5,0.739968,0.820535,2
8869.KL,29/11/2023,0.135057,0.146855,0.841347,0.011798,0.5,0.5,0.0,0.135057,0.841347,2
8869.KL,29/11/2024,0.0,0.0,0.0,0.0,0.0,0.0,0.0,0.0,0.0,0
8869.KL,29/11/2025,0.0,0.0,0.0,0.0,0.0,0.0,0.0,0.0,0.0,0
8869.KL,29/12/2020,0.0,0.0,0.0,0.0,0.0,0.0,0.0,0.0,0.0,0
8869.KL,29/12/2021,0.403193,0.469412,0.464369,0.066219,1.0,0.0,0.0,0.403193,0.469412,1
8869.KL,29/12/2022,0.0,0.0,0.0,0.0,0.0,0.0,0.0,0.0,0.0,0
8869.KL,29/12/2023,0.0,0.0,0.0,0.0,0.0,0.0,0.0,0.0,0.0,0
8869.KL,29/12/2024,0.0,0.0,0.0,0.0,0.0,0.0,0.0,0.0,0.0,0
8869.KL,29/12/2025,0.0,0.0,0.0,0.0,0.0,0.0,0.0,0.0,0.0,0
8869.KL,29/2/2020,0.0,0.0,0.0,0.0,0.0,0.0,0.0,0.0,0.0,0
8869.KL,29/2/2024,0.022849,0.038396,0.946056,0.015547,0.0,1.0,0.0,0.022849,0.946056,1
8869.KL,29/3/2020,0.0,0.0,0.0,0.0,0.0,0.0,0.0,0.0,0.0,0
8869.KL,29/3/2021,0.0,0.0,0.0,0.0,0.0,0.0,0.0,0.0,0.0,0
8869.KL,29/3/2022,-0.477922,0.019306,0.483467,0.497228,0.0,0.5,0.5,0.477922,0.954841,2
8869.KL,29/3/2023,0.481199,0.531314,0.418571,0.050115,1.0,0.0,0.0,0.481199,0.531314,1
8869.KL,29/3/2024,0.0,0.0,0.0,0.0,0.0,0.0,0.0,0.0,0.0,0
8869.KL,29/3/2025,0.0,0.0,0.0,0.0,0.0,0.0,0.0,0.0,0.0,0
8869.KL,29/4/2020,0.0,0.0,0.0,0.0,0.0,0.0,0.0,0.0,0.0,0
8869.KL,29/4/2021,0.0,0.0,0.0,0.0,0.0,0.0,0.0,0.0,0.0,0
8869.KL,29/4/2022,0.0,0.0,0.0,0.0,0.0,0.0,0.0,0.0,0.0,0
8869.KL,29/4/2023,0.0,0.0,0.0,0.0,0.0,0.0,0.0,0.0,0.0,0
8869.KL,29/4/2024,0.0,0.0,0.0,0.0,0.0,0.0,0.0,0.0,0.0,0
8869.KL,29/4/2025,0.0,0.0,0.0,0.0,0.0,0.0,0.0,0.0,0.0,0
8869.KL,29/5/2020,0.0,0.0,0.0,0.0,0.0,0.0,0.0,0.0,0.0,0
8869.KL,29/5/2021,0.0,0.0,0.0,0.0,0.0,0.0,0.0,0.0,0.0,0
8869.KL,29/5/2022,0.0,0.0,0.0,0.0,0.0,0.0,0.0,0.0,0.0,0
8869.KL,29/5/2023,0.274232,0.398242,0.477748,0.12401,0.5,0.5,0.0,0.274232,0.811403,2
8869.KL,29/5/2024,0.154601,0.165423,0.823755,0.010822,1.0,0.0,0.0,0.154601,0.823755,1
8869.KL,29/5/2025,0.0,0.0,0.0,0.0,0.0,0.0,0.0,0.0,0.0,0
8869.KL,29/6/2020,0.0,0.0,0.0,0.0,0.0,0.0,0.0,0.0,0.0,0
8869.KL,29/6/2021,0.0,0.0,0.0,0.0,0.0,0.0,0.0,0.0,0.0,0
8869.KL,29/6/2022,-0.734135,0.046144,0.173577,0.780279,0.0,0.0,1.0,0.734135,0.780279,1
8869.KL,29/6/2023,0.0,0.0,0.0,0.0,0.0,0.0,0.0,0.0,0.0,0
8869.KL,29/6/2024,0.0,0.0,0.0,0.0,0.0,0.0,0.0,0.0,0.0,0
8869.KL,29/6/2025,0.0,0.0,0.0,0.0,0.0,0.0,0.0,0.0,0.0,0
8869.KL,29/7/2020,0.029378,0.047814,0.93375,0.018436,0.0,1.0,0.0,0.029378,0.93375,1
8869.KL,29/7/2021,0.571474,0.709618,0.152237,0.138145,1.0,0.0,0.0,0.571474,0.709618,1
8869.KL,29/7/2022,0.001037,0.459799,0.08144,0.458761,0.5,0.0,0.5,0.442115,0.680338,2
8869.KL,29/7/2023,0.0,0.0,0.0,0.0,0.0,0.0,0.0,0.0,0.0,0
8869.KL,29/7/2024,0.066238,0.464668,0.136903,0.398429,0.0,1.0,0.0,0.066238,0.464668,1
8869.KL,29/7/2025,0.799986,0.886123,0.02774,0.086137,1.0,0.0,0.0,0.799986,0.886123,1
8869.KL,29/8/2020,0.0,0.0,0.0,0.0,0.0,0.0,0.0,0.0,0.0,0
8869.KL,29/8/2021,0.0,0.0,0.0,0.0,0.0,0.0,0.0,0.0,0.0,0
8869.KL,29/8/2022,0.0,0.0,0.0,0.0,0.0,0.0,0.0,0.0,0.0,0
8869.KL,29/8/2023,0.0,0.0,0.0,0.0,0.0,0.0,0.0,0.0,0.0,0
8869.KL,29/8/2024,0.893005,0.926194,0.040617,0.033189,1.0,0.0,0.0,0.893005,0.926194,1
8869.KL,29/8/2025,0.147906,0.162784,0.822337,0.014879,1.0,0.0,0.0,0.147906,0.822337,1
8869.KL,29/9/2020,0.0,0.0,0.0,0.0,0.0,0.0,0.0,0.0,0.0,0
8869.KL,29/9/2021,0.0,0.0,0.0,0.0,0.0,0.0,0.0,0.0,0.0,0
8869.KL,29/9/2022,-0.26811,0.26364,0.204611,0.531749,0.5,0.0,0.5,0.69102,0.743204,2
8869.KL,29/9/2023,0.0,0.0,0.0,0.0,0.0,0.0,0.0,0.0,0.0,0
8869.KL,29/9/2024,0.0,0.0,0.0,0.0,0.0,0.0,0.0,0.0,0.0,0
8869.KL,29/9/2025,0.0,0.0,0.0,0.0,0.0,0.0,0.0,0.0,0.0,0
8869.KL,3/1/2020,0.0,0.0,0.0,0.0,0.0,0.0,0.0,0.0,0.0,0
8869.KL,3/1/2021,0.0,0.0,0.0,0.0,0.0,0.0,0.0,0.0,0.0,0
8869.KL,3/1/2022,0.0,0.0,0.0,0.0,0.0,0.0,0.0,0.0,0.0,0
8869.KL,3/1/2023,0.0,0.0,0.0,0.0,0.0,0.0,0.0,0.0,0.0,0
8869.KL,3/1/2024,0.654417,0.663229,0.327959,0.008812,1.0,0.0,0.0,0.654417,0.663229,1
8869.KL,3/1/2025,0.0,0.0,0.0,0.0,0.0,0.0,0.0,0.0,0.0,0
8869.KL,3/1/2026,0.0,0.0,0.0,0.0,0.0,0.0,0.0,0.0,0.0,0
8869.KL,3/10/2020,0.0,0.0,0.0,0.0,0.0,0.0,0.0,0.0,0.0,0
8869.KL,3/10/2021,0.0,0.0,0.0,0.0,0.0,0.0,0.0,0.0,0.0,0
8869.KL,3/10/2022,-0.709549,0.135137,0.020177,0.844686,0.0,0.0,1.0,0.709549,0.844686,2
8869.KL,3/10/2023,0.0,0.0,0.0,0.0,0.0,0.0,0.0,0.0,0.0,0
8869.KL,3/10/2024,0.0,0.0,0.0,0.0,0.0,0.0,0.0,0.0,0.0,0
8869.KL,3/10/2025,0.104441,0.113613,0.877215,0.009172,1.0,0.0,0.0,0.104441,0.877215,1
8869.KL,3/11/2020,0.0,0.0,0.0,0.0,0.0,0.0,0.0,0.0,0.0,0
8869.KL,3/11/2021,0.0,0.0,0.0,0.0,0.0,0.0,0.0,0.0,0.0,0
8869.KL,3/11/2022,-0.890555,0.035254,0.038937,0.925809,0.0,0.0,1.0,0.890555,0.925809,2
8869.KL,3/11/2023,0.0,0.0,0.0,0.0,0.0,0.0,0.0,0.0,0.0,0
8869.KL,3/11/2024,0.0,0.0,0.0,0.0,0.0,0.0,0.0,0.0,0.0,0
8869.KL,3/11/2025,0.0,0.0,0.0,0.0,0.0,0.0,0.0,0.0,0.0,0
8869.KL,3/12/2020,0.0,0.0,0.0,0.0,0.0,0.0,0.0,0.0,0.0,0
8869.KL,3/12/2021,0.0,0.0,0.0,0.0,0.0,0.0,0.0,0.0,0.0,0
8869.KL,3/12/2022,0.0,0.0,0.0,0.0,0.0,0.0,0.0,0.0,0.0,0
8869.KL,3/12/2023,0.0,0.0,0.0,0.0,0.0,0.0,0.0,0.0,0.0,0
8869.KL,3/12/2024,0.0,0.0,0.0,0.0,0.0,0.0,0.0,0.0,0.0,0
8869.KL,3/12/2025,-0.929913,0.020869,0.02835,0.950781,0.0,0.0,1.0,0.929913,0.950781,1
8869.KL,3/2/2020,-0.862623,0.050194,0.03699,0.912816,0.0,0.0,1.0,0.862623,0.912816,1
8869.KL,3/2/2021,-0.828882,0.02977,0.111579,0.858652,0.0,0.0,1.0,0.828882,0.858652,1
8869.KL,3/2/2022,0.0,0.0,0.0,0.0,0.0,0.0,0.0,0.0,0.0,0
8869.KL,3/2/2023,-0.929834,0.017541,0.035085,0.947375,0.0,0.0,1.0,0.929834,0.947375,1
8869.KL,3/2/2024,0.0,0.0,0.0,0.0,0.0,0.0,0.0,0.0,0.0,0
8869.KL,3/2/2025,0.0,0.0,0.0,0.0,0.0,0.0,0.0,0.0,0.0,0
8869.KL,3/2/2026,0.885063,0.896611,0.091841,0.011548,1.0,0.0,0.0,0.885063,0.896611,1
8869.KL,3/3/2020,0.0,0.0,0.0,0.0,0.0,0.0,0.0,0.0,0.0,0
8869.KL,3/3/2021,0.795764,0.869701,0.056361,0.073938,1.0,0.0,0.0,0.795764,0.869701,1
8869.KL,3/3/2022,0.658548,0.806142,0.046265,0.147593,1.0,0.0,0.0,0.658548,0.806142,1
8869.KL,3/3/2023,0.0,0.0,0.0,0.0,0.0,0.0,0.0,0.0,0.0,0
8869.KL,3/3/2024,0.0,0.0,0.0,0.0,0.0,0.0,0.0,0.0,0.0,0
8869.KL,3/3/2025,0.0,0.0,0.0,0.0,0.0,0.0,0.0,0.0,0.0,0
8869.KL,3/3/2026,0.0,0.0,0.0,0.0,0.0,0.0,0.0,0.0,0.0,0
8869.KL,3/4/2020,0.0,0.0,0.0,0.0,0.0,0.0,0.0,0.0,0.0,0
8869.KL,3/4/2021,0.0,0.0,0.0,0.0,0.0,0.0,0.0,0.0,0.0,0
8869.KL,3/4/2022,0.0,0.0,0.0,0.0,0.0,0.0,0.0,0.0,0.0,0
8869.KL,3/4/2023,0.0,0.0,0.0,0.0,0.0,0.0,0.0,0.0,0.0,0
8869.KL,3/4/2024,0.0,0.0,0.0,0.0,0.0,0.0,0.0,0.0,0.0,0
8869.KL,3/4/2025,0.41911,0.473856,0.471399,0.054745,0.5,0.5,0.0,0.41911,0.862276,2
8869.KL,3/5/2020,0.0,0.0,0.0,0.0,0.0,0.0,0.0,0.0,0.0,0
8869.KL,3/5/2021,0.0,0.0,0.0,0.0,0.0,0.0,0.0,0.0,0.0,0
8869.KL,3/5/2022,-0.798421,0.047047,0.107485,0.845468,0.0,0.0,1.0,0.798421,0.845468,1
8869.KL,3/5/2023,0.0,0.0,0.0,0.0,0.0,0.0,0.0,0.0,0.0,0
8869.KL,3/5/2024,0.0,0.0,0.0,0.0,0.0,0.0,0.0,0.0,0.0,0
8869.KL,3/5/2025,0.0,0.0,0.0,0.0,0.0,0.0,0.0,0.0,0.0,0
8869.KL,3/6/2020,0.0,0.0,0.0,0.0,0.0,0.0,0.0,0.0,0.0,0
8869.KL,3/6/2021,0.065123,0.102652,0.859819,0.037529,0.0,1.0,0.0,0.065123,0.859819,1
8869.KL,3/6/2022,0.0,0.0,0.0,0.0,0.0,0.0,0.0,0.0,0.0,0
8869.KL,3/6/2023,0.0,0.0,0.0,0.0,0.0,0.0,0.0,0.0,0.0,0
8869.KL,3/6/2024,0.0,0.0,0.0,0.0,0.0,0.0,0.0,0.0,0.0,0
8869.KL,3/6/2025,-0.884716,0.045704,0.023877,0.930419,0.0,0.0,1.0,0.884716,0.930419,1
8869.KL,3/7/2020,0.0,0.0,0.0,0.0,0.0,0.0,0.0,0.0,0.0,0
8869.KL,3/7/2021,0.0,0.0,0.0,0.0,0.0,0.0,0.0,0.0,0.0,0
8869.KL,3/7/2022,0.0,0.0,0.0,0.0,0.0,0.0,0.0,0.0,0.0,0
8869.KL,3/7/2023,0.0,0.0,0.0,0.0,0.0,0.0,0.0,0.0,0.0,0
8869.KL,3/7/2024,0.0,0.0,0.0,0.0,0.0,0.0,0.0,0.0,0.0,0
8869.KL,3/7/2025,-0.139761,0.095816,0.668606,0.235578,0.0,0.0,1.0,0.139761,0.668606,1
8869.KL,3/8/2020,0.0,0.0,0.0,0.0,0.0,0.0,0.0,0.0,0.0,0
8869.KL,3/8/2021,-0.246434,0.133834,0.485897,0.380268,0.0,0.0,1.0,0.246434,0.485897,1
8869.KL,3/8/2022,0.0,0.0,0.0,0.0,0.0,0.0,0.0,0.0,0.0,0
8869.KL,3/8/2023,0.0,0.0,0.0,0.0,0.0,0.0,0.0,0.0,0.0,0
8869.KL,3/8/2024,0.0,0.0,0.0,0.0,0.0,0.0,0.0,0.0,0.0,0
8869.KL,3/8/2025,0.81546,0.848294,0.118873,0.032834,1.0,0.0,0.0,0.81546,0.848294,1
8869.KL,3/9/2020,0.0,0.0,0.0,0.0,0.0,0.0,0.0,0.0,0.0,0
8869.KL,3/9/2021,0.0,0.0,0.0,0.0,0.0,0.0,0.0,0.0,0.0,0
8869.KL,3/9/2022,0.0,0.0,0.0,0.0,0.0,0.0,0.0,0.0,0.0,0
8869.KL,3/9/2023,0.0,0.0,0.0,0.0,0.0,0.0,0.0,0.0,0.0,0
8869.KL,3/9/2024,0.0,0.0,0.0,0.0,0.0,0.0,0.0,0.0,0.0,0
8869.KL,3/9/2025,0.0,0.0,0.0,0.0,0.0,0.0,0.0,0.0,0.0,0
8869.KL,30/1/2020,0.0,0.0,0.0,0.0,0.0,0.0,0.0,0.0,0.0,0
8869.KL,30/1/2021,0.0,0.0,0.0,0.0,0.0,0.0,0.0,0.0,0.0,0
8869.KL,30/1/2022,0.0,0.0,0.0,0.0,0.0,0.0,0.0,0.0,0.0,0
8869.KL,30/1/2023,0.0,0.0,0.0,0.0,0.0,0.0,0.0,0.0,0.0,0
8869.KL,30/1/2024,0.0,0.0,0.0,0.0,0.0,0.0,0.0,0.0,0.0,0
8869.KL,30/1/2025,0.0,0.0,0.0,0.0,0.0,0.0,0.0,0.0,0.0,0
8869.KL,30/1/2026,0.0,0.0,0.0,0.0,0.0,0.0,0.0,0.0,0.0,0
8869.KL,30/10/2020,0.0,0.0,0.0,0.0,0.0,0.0,0.0,0.0,0.0,0
8869.KL,30/10/2021,0.0,0.0,0.0,0.0,0.0,0.0,0.0,0.0,0.0,0
8869.KL,30/10/2022,0.0,0.0,0.0,0.0,0.0,0.0,0.0,0.0,0.0,0
8869.KL,30/10/2023,-0.855696,0.029299,0.085705,0.884996,0.0,0.0,1.0,0.855696,0.884996,1
8869.KL,30/10/2024,0.0,0.0,0.0,0.0,0.0,0.0,0.0,0.0,0.0,0
8869.KL,30/10/2025,0.0,0.0,0.0,0.0,0.0,0.0,0.0,0.0,0.0,0
8869.KL,30/11/2020,0.0,0.0,0.0,0.0,0.0,0.0,0.0,0.0,0.0,0
8869.KL,30/11/2021,0.0,0.0,0.0,0.0,0.0,0.0,0.0,0.0,0.0,0
8869.KL,30/11/2022,0.487229,0.520158,0.446912,0.032929,0.5,0.5,0.0,0.487229,0.906073,2
8869.KL,30/11/2023,0.891331,0.899579,0.092173,0.008248,1.0,0.0,0.0,0.891331,0.899579,1
8869.KL,30/11/2024,0.701028,0.820408,0.060213,0.119379,1.0,0.0,0.0,0.701028,0.820408,1
8869.KL,30/11/2025,0.0,0.0,0.0,0.0,0.0,0.0,0.0,0.0,0.0,0
8869.KL,30/12/2020,0.0,0.0,0.0,0.0,0.0,0.0,0.0,0.0,0.0,0
8869.KL,30/12/2021,-0.018827,0.032954,0.915265,0.051781,0.0,1.0,0.0,0.018827,0.915265,1
8869.KL,30/12/2022,0.896519,0.924347,0.047826,0.027828,1.0,0.0,0.0,0.896519,0.924347,1
8869.KL,30/12/2023,0.0,0.0,0.0,0.0,0.0,0.0,0.0,0.0,0.0,0
8869.KL,30/12/2024,0.0,0.0,0.0,0.0,0.0,0.0,0.0,0.0,0.0,0
8869.KL,30/12/2025,-0.011203,0.026904,0.93499,0.038107,0.0,1.0,0.0,0.011203,0.93499,1
8869.KL,30/3/2020,0.0,0.0,0.0,0.0,0.0,0.0,0.0,0.0,0.0,0
8869.KL,30/3/2021,0.0,0.0,0.0,0.0,0.0,0.0,0.0,0.0,0.0,0
8869.KL,30/3/2022,0.0,0.0,0.0,0.0,0.0,0.0,0.0,0.0,0.0,0
8869.KL,30/3/2023,0.0,0.0,0.0,0.0,0.0,0.0,0.0,0.0,0.0,0
8869.KL,30/3/2024,0.0,0.0,0.0,0.0,0.0,0.0,0.0,0.0,0.0,0
8869.KL,30/3/2025,0.0,0.0,0.0,0.0,0.0,0.0,0.0,0.0,0.0,0
8869.KL,30/4/2020,0.0,0.0,0.0,0.0,0.0,0.0,0.0,0.0,0.0,0
8869.KL,30/4/2021,0.0,0.0,0.0,0.0,0.0,0.0,0.0,0.0,0.0,0
8869.KL,30/4/2022,0.0,0.0,0.0,0.0,0.0,0.0,0.0,0.0,0.0,0
8869.KL,30/4/2023,0.0,0.0,0.0,0.0,0.0,0.0,0.0,0.0,0.0,0
8869.KL,30/4/2024,0.901814,0.911189,0.079435,0.009376,1.0,0.0,0.0,0.901814,0.911189,1
8869.KL,30/4/2025,0.0,0.0,0.0,0.0,0.0,0.0,0.0,0.0,0.0,0
8869.KL,30/5/2020,0.0,0.0,0.0,0.0,0.0,0.0,0.0,0.0,0.0,0
8869.KL,30/5/2021,0.0,0.0,0.0,0.0,0.0,0.0,0.0,0.0,0.0,0
8869.KL,30/5/2022,-0.432071,0.082352,0.403225,0.514423,0.0,0.5,0.5,0.474954,0.831299,2
8869.KL,30/5/2023,-0.944797,0.012656,0.029891,0.957453,0.0,0.0,1.0,0.944797,0.957453,2
8869.KL,30/5/2024,-0.074616,0.100429,0.724527,0.175044,0.5,0.0,0.5,0.229217,0.724527,2
8869.KL,30/5/2025,0.0,0.0,0.0,0.0,0.0,0.0,0.0,0.0,0.0,0
8869.KL,30/6/2020,0.0,0.0,0.0,0.0,0.0,0.0,0.0,0.0,0.0,0
8869.KL,30/6/2021,0.0,0.0,0.0,0.0,0.0,0.0,0.0,0.0,0.0,0
8869.KL,30/6/2022,0.394127,0.452433,0.489261,0.058306,1.0,0.0,0.0,0.394127,0.489261,1
8869.KL,30/6/2023,0.0,0.0,0.0,0.0,0.0,0.0,0.0,0.0,0.0,0
8869.KL,30/6/2024,0.0,0.0,0.0,0.0,0.0,0.0,0.0,0.0,0.0,0
8869.KL,30/6/2025,0.841665,0.898375,0.044915,0.05671,1.0,0.0,0.0,0.841665,0.898375,1
8869.KL,30/7/2020,0.0,0.0,0.0,0.0,0.0,0.0,0.0,0.0,0.0,0
8869.KL,30/7/2021,0.0,0.0,0.0,0.0,0.0,0.0,0.0,0.0,0.0,0
8869.KL,30/7/2022,0.0,0.0,0.0,0.0,0.0,0.0,0.0,0.0,0.0,0
8869.KL,30/7/2023,0.0,0.0,0.0,0.0,0.0,0.0,0.0,0.0,0.0,0
8869.KL,30/7/2024,0.0,0.0,0.0,0.0,0.0,0.0,0.0,0.0,0.0,0
8869.KL,30/7/2025,0.0,0.0,0.0,0.0,0.0,0.0,0.0,0.0,0.0,0
8869.KL,30/8/2020,0.0,0.0,0.0,0.0,0.0,0.0,0.0,0.0,0.0,0
8869.KL,30/8/2021,0.0,0.0,0.0,0.0,0.0,0.0,0.0,0.0,0.0,0
8869.KL,30/8/2022,0.0,0.0,0.0,0.0,0.0,0.0,0.0,0.0,0.0,0
8869.KL,30/8/2023,0.106928,0.132377,0.842175,0.025448,0.5,0.5,0.0,0.106928,0.842175,2
8869.KL,30/8/2024,0.43937,0.460811,0.517749,0.02144,0.5,0.5,0.0,0.43937,0.8954,2
8869.KL,30/8/2025,0.040342,0.081286,0.877769,0.040944,0.0,1.0,0.0,0.040342,0.877769,1
8869.KL,30/9/2020,0.0,0.0,0.0,0.0,0.0,0.0,0.0,0.0,0.0,0
8869.KL,30/9/2021,-0.856944,0.031086,0.080885,0.888029,0.0,0.0,1.0,0.856944,0.888029,1
8869.KL,30/9/2022,-0.95001,0.0125,0.024991,0.962509,0.0,0.0,1.0,0.95001,0.962509,2
8869.KL,30/9/2023,0.0,0.0,0.0,0.0,0.0,0.0,0.0,0.0,0.0,0
8869.KL,30/9/2024,0.0,0.0,0.0,0.0,0.0,0.0,0.0,0.0,0.0,0
8869.KL,30/9/2025,0.0,0.0,0.0,0.0,0.0,0.0,0.0,0.0,0.0,0
8869.KL,31/1/2020,0.0,0.0,0.0,0.0,0.0,0.0,0.0,0.0,0.0,0
8869.KL,31/1/2021,0.0,0.0,0.0,0.0,0.0,0.0,0.0,0.0,0.0,0
8869.KL,31/1/2022,0.0,0.0,0.0,0.0,0.0,0.0,0.0,0.0,0.0,0
8869.KL,31/1/2023,0.0,0.0,0.0,0.0,0.0,0.0,0.0,0.0,0.0,0
8869.KL,31/1/2024,0.837584,0.888581,0.060422,0.050997,1.0,0.0,0.0,0.837584,0.888581,1
8869.KL,31/1/2025,0.0,0.0,0.0,0.0,0.0,0.0,0.0,0.0,0.0,0
8869.KL,31/1/2026,0.0,0.0,0.0,0.0,0.0,0.0,0.0,0.0,0.0,0
8869.KL,31/10/2020,0.0,0.0,0.0,0.0,0.0,0.0,0.0,0.0,0.0,0
8869.KL,31/10/2021,0.0,0.0,0.0,0.0,0.0,0.0,0.0,0.0,0.0,0
8869.KL,31/10/2022,0.36271,0.466013,0.430683,0.103304,0.5,0.5,0.0,0.36271,0.766627,2
8869.KL,31/10/2023,0.837856,0.881913,0.07403,0.044057,1.0,0.0,0.0,0.837856,0.881913,2
8869.KL,31/10/2024,0.0,0.0,0.0,0.0,0.0,0.0,0.0,0.0,0.0,0
8869.KL,31/10/2025,0.0,0.0,0.0,0.0,0.0,0.0,0.0,0.0,0.0,0
8869.KL,31/12/2020,0.7526,0.776988,0.198625,0.024387,1.0,0.0,0.0,0.7526,0.776988,1
8869.KL,31/12/2021,-0.044342,0.044816,0.866026,0.089158,0.0,1.0,0.0,0.044342,0.866026,1
8869.KL,31/12/2022,0.0,0.0,0.0,0.0,0.0,0.0,0.0,0.0,0.0,0
8869.KL,31/12/2023,0.0,0.0,0.0,0.0,0.0,0.0,0.0,0.0,0.0,0
8869.KL,31/12/2024,0.0,0.0,0.0,0.0,0.0,0.0,0.0,0.0,0.0,0
8869.KL,31/12/2025,0.859299,0.874664,0.109971,0.015365,1.0,0.0,0.0,0.859299,0.874664,1
8869.KL,31/3/2020,0.0,0.0,0.0,0.0,0.0,0.0,0.0,0.0,0.0,0
8869.KL,31/3/2021,0.0,0.0,0.0,0.0,0.0,0.0,0.0,0.0,0.0,0
8869.KL,31/3/2022,0.066855,0.078383,0.910088,0.011529,0.0,1.0,0.0,0.066855,0.910088,1
8869.KL,31/3/2023,0.0,0.0,0.0,0.0,0.0,0.0,0.0,0.0,0.0,0
8869.KL,31/3/2024,0.0,0.0,0.0,0.0,0.0,0.0,0.0,0.0,0.0,0
8869.KL,31/3/2025,0.0,0.0,0.0,0.0,0.0,0.0,0.0,0.0,0.0,0
8869.KL,31/5/2020,0.0,0.0,0.0,0.0,0.0,0.0,0.0,0.0,0.0,0
8869.KL,31/5/2021,0.0,0.0,0.0,0.0,0.0,0.0,0.0,0.0,0.0,0
8869.KL,31/5/2022,-0.615622,0.027418,0.329542,0.64304,0.0,0.333333,0.666667,0.640525,0.950526,3
8869.KL,31/5/2023,0.046052,0.058357,0.929339,0.012304,0.0,1.0,0.0,0.046052,0.929339,1
8869.KL,31/5/2024,0.120877,0.505019,0.110839,0.384142,0.5,0.25,0.25,0.621416,0.755289,4
8869.KL,31/5/2025,0.072221,0.467851,0.13652,0.395629,0.5,0.0,0.5,0.831276,0.847378,2
8869.KL,31/7/2020,0.0,0.0,0.0,0.0,0.0,0.0,0.0,0.0,0.0,0
8869.KL,31/7/2021,0.0,0.0,0.0,0.0,0.0,0.0,0.0,0.0,0.0,0
8869.KL,31/7/2022,0.0,0.0,0.0,0.0,0.0,0.0,0.0,0.0,0.0,0
8869.KL,31/7/2023,0.0,0.0,0.0,0.0,0.0,0.0,0.0,0.0,0.0,0
8869.KL,31/7/2024,0.0,0.0,0.0,0.0,0.0,0.0,0.0,0.0,0.0,0
8869.KL,31/7/2025,-0.148767,0.029834,0.791565,0.178601,0.0,0.0,1.0,0.148767,0.791565,1
8869.KL,31/8/2020,0.0,0.0,0.0,0.0,0.0,0.0,0.0,0.0,0.0,0
8869.KL,31/8/2021,0.0,0.0,0.0,0.0,0.0,0.0,0.0,0.0,0.0,0
8869.KL,31/8/2022,0.0,0.0,0.0,0.0,0.0,0.0,0.0,0.0,0.0,0
8869.KL,31/8/2023,0.363551,0.437034,0.489484,0.073483,0.5,0.5,0.0,0.363551,0.866128,2
8869.KL,31/8/2024,0.813479,0.878966,0.055546,0.065488,1.0,0.0,0.0,0.813479,0.878966,1
8869.KL,31/8/2025,0.0,0.0,0.0,0.0,0.0,0.0,0.0,0.0,0.0,0
8869.KL,4/1/2020,0.0,0.0,0.0,0.0,0.0,0.0,0.0,0.0,0.0,0
8869.KL,4/1/2021,0.0,0.0,0.0,0.0,0.0,0.0,0.0,0.0,0.0,0
8869.KL,4/1/2022,-0.261342,0.040444,0.657771,0.301786,0.0,0.0,1.0,0.261342,0.657771,1
8869.KL,4/1/2023,0.0,0.0,0.0,0.0,0.0,0.0,0.0,0.0,0.0,0
8869.KL,4/1/2024,0.063583,0.492065,0.079452,0.428483,0.5,0.0,0.5,0.787844,0.854196,2
8869.KL,4/1/2025,0.0,0.0,0.0,0.0,0.0,0.0,0.0,0.0,0.0,0
8869.KL,4/1/2026,0.0,0.0,0.0,0.0,0.0,0.0,0.0,0.0,0.0,0
8869.KL,4/10/2020,0.0,0.0,0.0,0.0,0.0,0.0,0.0,0.0,0.0,0
8869.KL,4/10/2021,0.0,0.0,0.0,0.0,0.0,0.0,0.0,0.0,0.0,0
8869.KL,4/10/2022,0.169486,0.202247,0.764993,0.03276,1.0,0.0,0.0,0.169486,0.764993,1
8869.KL,4/10/2023,-0.408113,0.081258,0.42937,0.489371,0.5,0.0,0.5,0.533867,0.892333,2
8869.KL,4/10/2024,0.0,0.0,0.0,0.0,0.0,0.0,0.0,0.0,0.0,0
8869.KL,4/10/2025,0.0,0.0,0.0,0.0,0.0,0.0,0.0,0.0,0.0,0
8869.KL,4/11/2020,0.0,0.0,0.0,0.0,0.0,0.0,0.0,0.0,0.0,0
8869.KL,4/11/2021,0.0,0.0,0.0,0.0,0.0,0.0,0.0,0.0,0.0,0
8869.KL,4/11/2022,0.0,0.0,0.0,0.0,0.0,0.0,0.0,0.0,0.0,0
8869.KL,4/11/2023,0.0,0.0,0.0,0.0,0.0,0.0,0.0,0.0,0.0,0
8869.KL,4/11/2024,0.0,0.0,0.0,0.0,0.0,0.0,0.0,0.0,0.0,0
8869.KL,4/11/2025,0.0,0.0,0.0,0.0,0.0,0.0,0.0,0.0,0.0,0
8869.KL,4/12/2020,0.0,0.0,0.0,0.0,0.0,0.0,0.0,0.0,0.0,0
8869.KL,4/12/2021,-0.361611,0.051826,0.534736,0.413437,0.0,0.0,1.0,0.361611,0.534736,1
8869.KL,4/12/2022,0.413582,0.423558,0.566466,0.009976,1.0,0.0,0.0,0.413582,0.566466,1
8869.KL,4/12/2023,0.0,0.0,0.0,0.0,0.0,0.0,0.0,0.0,0.0,0
8869.KL,4/12/2024,0.721079,0.738654,0.243771,0.017575,1.0,0.0,0.0,0.721079,0.738654,1
8869.KL,4/12/2025,0.0,0.0,0.0,0.0,0.0,0.0,0.0,0.0,0.0,0
8869.KL,4/2/2020,0.0,0.0,0.0,0.0,0.0,0.0,0.0,0.0,0.0,0
8869.KL,4/2/2021,-0.1765,0.02385,0.7758,0.20035,0.0,0.0,1.0,0.1765,0.7758,1
8869.KL,4/2/2022,0.064828,0.078284,0.908261,0.013455,0.0,1.0,0.0,0.064828,0.908261,1
8869.KL,4/2/2023,0.0,0.0,0.0,0.0,0.0,0.0,0.0,0.0,0.0,0
8869.KL,4/2/2024,0.0,0.0,0.0,0.0,0.0,0.0,0.0,0.0,0.0,0
8869.KL,4/2/2025,0.0,0.0,0.0,0.0,0.0,0.0,0.0,0.0,0.0,0
8869.KL,4/2/2026,0.0,0.0,0.0,0.0,0.0,0.0,0.0,0.0,0.0,0
8869.KL,4/3/2020,0.0,0.0,0.0,0.0,0.0,0.0,0.0,0.0,0.0,0
8869.KL,4/3/2021,0.0,0.0,0.0,0.0,0.0,0.0,0.0,0.0,0.0,0
8869.KL,4/3/2022,-0.053505,0.459755,0.026985,0.51326,0.5,0.0,0.5,0.898639,0.935827,2
8869.KL,4/3/2023,0.0,0.0,0.0,0.0,0.0,0.0,0.0,0.0,0.0,0
8869.KL,4/3/2024,0.0,0.0,0.0,0.0,0.0,0.0,0.0,0.0,0.0,0
8869.KL,4/3/2025,0.0,0.0,0.0,0.0,0.0,0.0,0.0,0.0,0.0,0
8869.KL,4/3/2026,-0.910565,0.030744,0.027948,0.941308,0.0,0.0,1.0,0.910565,0.941308,1
8869.KL,4/4/2020,0.0,0.0,0.0,0.0,0.0,0.0,0.0,0.0,0.0,0
8869.KL,4/4/2021,0.0,0.0,0.0,0.0,0.0,0.0,0.0,0.0,0.0,0
8869.KL,4/4/2022,0.0,0.0,0.0,0.0,0.0,0.0,0.0,0.0,0.0,0
8869.KL,4/4/2023,0.0,0.0,0.0,0.0,0.0,0.0,0.0,0.0,0.0,0
8869.KL,4/4/2024,0.198139,0.361256,0.475627,0.163117,0.5,0.5,0.0,0.198139,0.738962,2
8869.KL,4/4/2025,0.0,0.0,0.0,0.0,0.0,0.0,0.0,0.0,0.0,0
8869.KL,4/5/2020,0.0,0.0,0.0,0.0,0.0,0.0,0.0,0.0,0.0,0
8869.KL,4/5/2021,0.0,0.0,0.0,0.0,0.0,0.0,0.0,0.0,0.0,0
8869.KL,4/5/2022,0.0,0.0,0.0,0.0,0.0,0.0,0.0,0.0,0.0,0
8869.KL,4/5/2023,0.0,0.0,0.0,0.0,0.0,0.0,0.0,0.0,0.0,0
8869.KL,4/5/2024,0.0,0.0,0.0,0.0,0.0,0.0,0.0,0.0,0.0,0
8869.KL,4/5/2025,0.0,0.0,0.0,0.0,0.0,0.0,0.0,0.0,0.0,0
8869.KL,4/6/2020,0.0,0.0,0.0,0.0,0.0,0.0,0.0,0.0,0.0,0
8869.KL,4/6/2021,-0.870797,0.016824,0.095554,0.887622,0.0,0.0,1.0,0.870797,0.887622,1
8869.KL,4/6/2022,0.0,0.0,0.0,0.0,0.0,0.0,0.0,0.0,0.0,0
8869.KL,4/6/2023,0.0,0.0,0.0,0.0,0.0,0.0,0.0,0.0,0.0,0
8869.KL,4/6/2024,0.587451,0.749921,0.087608,0.16247,1.0,0.0,0.0,0.587451,0.749921,1
8869.KL,4/6/2025,0.673488,0.806626,0.060236,0.133138,1.0,0.0,0.0,0.673488,0.806626,1
8869.KL,4/7/2020,0.0,0.0,0.0,0.0,0.0,0.0,0.0,0.0,0.0,0
8869.KL,4/7/2021,0.0,0.0,0.0,0.0,0.0,0.0,0.0,0.0,0.0,0
8869.KL,4/7/2022,0.0,0.0,0.0,0.0,0.0,0.0,0.0,0.0,0.0,0
8869.KL,4/7/2023,0.0,0.0,0.0,0.0,0.0,0.0,0.0,0.0,0.0,0
8869.KL,4/7/2024,0.0,0.0,0.0,0.0,0.0,0.0,0.0,0.0,0.0,0
8869.KL,4/7/2025,-0.456772,0.256052,0.031124,0.712824,0.0,0.0,1.0,0.456772,0.712824,1
8869.KL,4/8/2020,0.0,0.0,0.0,0.0,0.0,0.0,0.0,0.0,0.0,0
8869.KL,4/8/2021,0.0,0.0,0.0,0.0,0.0,0.0,0.0,0.0,0.0,0
8869.KL,4/8/2022,0.0,0.0,0.0,0.0,0.0,0.0,0.0,0.0,0.0,0
8869.KL,4/8/2023,0.0,0.0,0.0,0.0,0.0,0.0,0.0,0.0,0.0,0
8869.KL,4/8/2024,0.0,0.0,0.0,0.0,0.0,0.0,0.0,0.0,0.0,0
8869.KL,4/8/2025,0.0,0.0,0.0,0.0,0.0,0.0,0.0,0.0,0.0,0
8869.KL,4/9/2020,0.0,0.0,0.0,0.0,0.0,0.0,0.0,0.0,0.0,0
8869.KL,4/9/2021,0.0,0.0,0.0,0.0,0.0,0.0,0.0,0.0,0.0,0
8869.KL,4/9/2022,0.0,0.0,0.0,0.0,0.0,0.0,0.0,0.0,0.0,0
8869.KL,4/9/2023,0.684151,0.813762,0.056626,0.129612,1.0,0.0,0.0,0.684151,0.813762,1
8869.KL,4/9/2024,0.0,0.0,0.0,0.0,0.0,0.0,0.0,0.0,0.0,0
8869.KL,4/9/2025,0.0,0.0,0.0,0.0,0.0,0.0,0.0,0.0,0.0,0
8869.KL,5/1/2020,0.0,0.0,0.0,0.0,0.0,0.0,0.0,0.0,0.0,0
8869.KL,5/1/2021,-0.961381,0.011821,0.014977,0.973202,0.0,0.0,1.0,0.961381,0.973202,1
8869.KL,5/1/2022,0.0,0.0,0.0,0.0,0.0,0.0,0.0,0.0,0.0,0
8869.KL,5/1/2023,-0.901401,0.026518,0.045564,0.927919,0.0,0.0,1.0,0.901401,0.927919,1
8869.KL,5/1/2024,0.649192,0.685997,0.277198,0.036805,1.0,0.0,0.0,0.649192,0.685997,2
8869.KL,5/1/2025,0.0,0.0,0.0,0.0,0.0,0.0,0.0,0.0,0.0,0
8869.KL,5/1/2026,0.071017,0.081854,0.907308,0.010837,0.0,1.0,0.0,0.071017,0.907308,1
8869.KL,5/10/2020,0.0,0.0,0.0,0.0,0.0,0.0,0.0,0.0,0.0,0
8869.KL,5/10/2021,-0.897847,0.018745,0.064663,0.916592,0.0,0.0,1.0,0.897847,0.916592,1
8869.KL,5/10/2022,0.901118,0.927797,0.045525,0.026679,1.0,0.0,0.0,0.901118,0.927797,2
8869.KL,5/10/2023,0.663705,0.6804,0.302905,0.016695,1.0,0.0,0.0,0.663705,0.6804,1
8869.KL,5/10/2024,0.0,0.0,0.0,0.0,0.0,0.0,0.0,0.0,0.0,0
8869.KL,5/10/2025,-0.312754,0.159221,0.368804,0.471975,0.0,0.0,1.0,0.312754,0.471975,1
8869.KL,5/11/2020,0.0,0.0,0.0,0.0,0.0,0.0,0.0,0.0,0.0,0
8869.KL,5/11/2021,0.0,0.0,0.0,0.0,0.0,0.0,0.0,0.0,0.0,0
8869.KL,5/11/2022,0.682988,0.785998,0.110991,0.103011,1.0,0.0,0.0,0.682988,0.785998,2
8869.KL,5/11/2023,0.0,0.0,0.0,0.0,0.0,0.0,0.0,0.0,0.0,0
8869.KL,5/11/2024,0.0,0.0,0.0,0.0,0.0,0.0,0.0,0.0,0.0,0
8869.KL,5/11/2025,0.0,0.0,0.0,0.0,0.0,0.0,0.0,0.0,0.0,0
8869.KL,5/12/2020,0.366404,0.394575,0.577254,0.028171,1.0,0.0,0.0,0.366404,0.577254,1
8869.KL,5/12/2021,0.0,0.0,0.0,0.0,0.0,0.0,0.0,0.0,0.0,0
8869.KL,5/12/2022,0.0,0.0,0.0,0.0,0.0,0.0,0.0,0.0,0.0,0
8869.KL,5/12/2023,0.0,0.0,0.0,0.0,0.0,0.0,0.0,0.0,0.0,0
8869.KL,5/12/2024,0.0,0.0,0.0,0.0,0.0,0.0,0.0,0.0,0.0,0
8869.KL,5/12/2025,0.0,0.0,0.0,0.0,0.0,0.0,0.0,0.0,0.0,0
8869.KL,5/2/2020,0.0,0.0,0.0,0.0,0.0,0.0,0.0,0.0,0.0,0
8869.KL,5/2/2021,-0.056104,0.037868,0.868161,0.093971,0.0,1.0,0.0,0.056104,0.868161,1
8869.KL,5/2/2022,0.0,0.0,0.0,0.0,0.0,0.0,0.0,0.0,0.0,0
8869.KL,5/2/2023,0.0,0.0,0.0,0.0,0.0,0.0,0.0,0.0,0.0,0
8869.KL,5/2/2024,0.0,0.0,0.0,0.0,0.0,0.0,0.0,0.0,0.0,0
8869.KL,5/2/2025,0.0,0.0,0.0,0.0,0.0,0.0,0.0,0.0,0.0,0
8869.KL,5/2/2026,0.0,0.0,0.0,0.0,0.0,0.0,0.0,0.0,0.0,0
8869.KL,5/3/2020,0.0,0.0,0.0,0.0,0.0,0.0,0.0,0.0,0.0,0
8869.KL,5/3/2021,0.0,0.0,0.0,0.0,0.0,0.0,0.0,0.0,0.0,0
8869.KL,5/3/2022,-0.927215,0.014384,0.044017,0.941599,0.0,0.0,1.0,0.927215,0.941599,2
8869.KL,5/3/2023,0.0,0.0,0.0,0.0,0.0,0.0,0.0,0.0,0.0,0
8869.KL,5/3/2024,0.853922,0.896713,0.060495,0.042791,1.0,0.0,0.0,0.853922,0.896713,1
8869.KL,5/3/2025,-0.069078,0.390008,0.150906,0.459086,0.0,1.0,0.0,0.069078,0.459086,1
8869.KL,5/3/2026,0.714804,0.807491,0.099823,0.092687,1.0,0.0,0.0,0.714804,0.807491,2
8869.KL,5/4/2020,0.0,0.0,0.0,0.0,0.0,0.0,0.0,0.0,0.0,0
8869.KL,5/4/2021,-0.716143,0.031162,0.221533,0.747305,0.0,0.0,1.0,0.716143,0.747305,1
8869.KL,5/4/2022,-0.388658,0.144416,0.322509,0.533074,0.0,0.0,1.0,0.388658,0.533074,1
8869.KL,5/4/2023,0.0,0.0,0.0,0.0,0.0,0.0,0.0,0.0,0.0,0
8869.KL,5/4/2024,-0.909947,0.029383,0.031286,0.93933,0.0,0.0,1.0,0.909947,0.93933,2
8869.KL,5/4/2025,0.797535,0.814191,0.169154,0.016656,1.0,0.0,0.0,0.797535,0.814191,1
8869.KL,5/5/2020,0.0,0.0,0.0,0.0,0.0,0.0,0.0,0.0,0.0,0
8869.KL,5/5/2021,0.0,0.0,0.0,0.0,0.0,0.0,0.0,0.0,0.0,0
8869.KL,5/5/2022,0.0,0.0,0.0,0.0,0.0,0.0,0.0,0.0,0.0,0
8869.KL,5/5/2023,0.0,0.0,0.0,0.0,0.0,0.0,0.0,0.0,0.0,0
8869.KL,5/5/2024,0.0,0.0,0.0,0.0,0.0,0.0,0.0,0.0,0.0,0
8869.KL,5/5/2025,0.0,0.0,0.0,0.0,0.0,0.0,0.0,0.0,0.0,0
8869.KL,5/6/2020,-0.459914,0.030252,0.479582,0.490166,0.0,0.5,0.5,0.49594,0.953177,2
8869.KL,5/6/2021,0.0,0.0,0.0,0.0,0.0,0.0,0.0,0.0,0.0,0
8869.KL,5/6/2022,0.0,0.0,0.0,0.0,0.0,0.0,0.0,0.0,0.0,0
8869.KL,5/6/2023,0.0,0.0,0.0,0.0,0.0,0.0,0.0,0.0,0.0,0
8869.KL,5/6/2024,0.0,0.0,0.0,0.0,0.0,0.0,0.0,0.0,0.0,0
8869.KL,5/6/2025,0.0,0.0,0.0,0.0,0.0,0.0,0.0,0.0,0.0,0
8869.KL,5/7/2020,0.0,0.0,0.0,0.0,0.0,0.0,0.0,0.0,0.0,0
8869.KL,5/7/2021,-0.937165,0.020306,0.022222,0.957472,0.0,0.0,1.0,0.937165,0.957472,1
8869.KL,5/7/2022,0.0,0.0,0.0,0.0,0.0,0.0,0.0,0.0,0.0,0
8869.KL,5/7/2023,0.0,0.0,0.0,0.0,0.0,0.0,0.0,0.0,0.0,0
8869.KL,5/7/2024,0.0,0.0,0.0,0.0,0.0,0.0,0.0,0.0,0.0,0
8869.KL,5/7/2025,0.0,0.0,0.0,0.0,0.0,0.0,0.0,0.0,0.0,0
8869.KL,5/8/2020,0.0,0.0,0.0,0.0,0.0,0.0,0.0,0.0,0.0,0
8869.KL,5/8/2021,0.0,0.0,0.0,0.0,0.0,0.0,0.0,0.0,0.0,0
8869.KL,5/8/2022,0.0,0.0,0.0,0.0,0.0,0.0,0.0,0.0,0.0,0
8869.KL,5/8/2023,0.0,0.0,0.0,0.0,0.0,0.0,0.0,0.0,0.0,0
8869.KL,5/8/2024,0.0,0.0,0.0,0.0,0.0,0.0,0.0,0.0,0.0,0
8869.KL,5/8/2025,0.0,0.0,0.0,0.0,0.0,0.0,0.0,0.0,0.0,0
8869.KL,5/9/2020,0.0,0.0,0.0,0.0,0.0,0.0,0.0,0.0,0.0,0
8869.KL,5/9/2021,0.0,0.0,0.0,0.0,0.0,0.0,0.0,0.0,0.0,0
8869.KL,5/9/2022,0.0,0.0,0.0,0.0,0.0,0.0,0.0,0.0,0.0,0
8869.KL,5/9/2023,0.0,0.0,0.0,0.0,0.0,0.0,0.0,0.0,0.0,0
8869.KL,5/9/2024,-0.942085,0.012763,0.032388,0.954849,0.0,0.0,1.0,0.942085,0.954849,1
8869.KL,5/9/2025,0.0,0.0,0.0,0.0,0.0,0.0,0.0,0.0,0.0,0
8869.KL,6/1/2020,-0.15739,0.144703,0.553203,0.302094,0.0,0.0,1.0,0.15739,0.553203,1
8869.KL,6/1/2021,0.0,0.0,0.0,0.0,0.0,0.0,0.0,0.0,0.0,0
8869.KL,6/1/2022,0.0,0.0,0.0,0.0,0.0,0.0,0.0,0.0,0.0,0
8869.KL,6/1/2023,0.0,0.0,0.0,0.0,0.0,0.0,0.0,0.0,0.0,0
8869.KL,6/1/2024,0.502348,0.522523,0.457302,0.020175,1.0,0.0,0.0,0.502348,0.522523,1
8869.KL,6/1/2025,0.0,0.0,0.0,0.0,0.0,0.0,0.0,0.0,0.0,0
8869.KL,6/1/2026,0.233573,0.284833,0.663906,0.05126,1.0,0.0,0.0,0.233573,0.663906,1
8869.KL,6/10/2020,0.0,0.0,0.0,0.0,0.0,0.0,0.0,0.0,0.0,0
8869.KL,6/10/2021,0.835712,0.861067,0.113578,0.025355,1.0,0.0,0.0,0.835712,0.861067,1
8869.KL,6/10/2022,0.0,0.0,0.0,0.0,0.0,0.0,0.0,0.0,0.0,0
8869.KL,6/10/2023,0.0,0.0,0.0,0.0,0.0,0.0,0.0,0.0,0.0,0
8869.KL,6/10/2024,0.0,0.0,0.0,0.0,0.0,0.0,0.0,0.0,0.0,0
8869.KL,6/10/2025,0.035357,0.048527,0.938304,0.013169,0.0,1.0,0.0,0.035357,0.938304,1
8869.KL,6/11/2020,0.0,0.0,0.0,0.0,0.0,0.0,0.0,0.0,0.0,0
8869.KL,6/11/2021,0.0,0.0,0.0,0.0,0.0,0.0,0.0,0.0,0.0,0
8869.KL,6/11/2022,0.0,0.0,0.0,0.0,0.0,0.0,0.0,0.0,0.0,0
8869.KL,6/11/2023,0.0,0.0,0.0,0.0,0.0,0.0,0.0,0.0,0.0,0
8869.KL,6/11/2024,0.0,0.0,0.0,0.0,0.0,0.0,0.0,0.0,0.0,0
8869.KL,6/11/2025,0.0,0.0,0.0,0.0,0.0,0.0,0.0,0.0,0.0,0
8869.KL,6/12/2020,0.0,0.0,0.0,0.0,0.0,0.0,0.0,0.0,0.0,0
8869.KL,6/12/2021,0.0,0.0,0.0,0.0,0.0,0.0,0.0,0.0,0.0,0
8869.KL,6/12/2022,0.0,0.0,0.0,0.0,0.0,0.0,0.0,0.0,0.0,0
8869.KL,6/12/2023,0.0,0.0,0.0,0.0,0.0,0.0,0.0,0.0,0.0,0
8869.KL,6/12/2024,0.152907,0.165572,0.821763,0.012665,1.0,0.0,0.0,0.152907,0.821763,1
8869.KL,6/12/2025,0.0,0.0,0.0,0.0,0.0,0.0,0.0,0.0,0.0,0
8869.KL,6/2/2020,0.0,0.0,0.0,0.0,0.0,0.0,0.0,0.0,0.0,0
8869.KL,6/2/2021,0.0,0.0,0.0,0.0,0.0,0.0,0.0,0.0,0.0,0
8869.KL,6/2/2022,0.0,0.0,0.0,0.0,0.0,0.0,0.0,0.0,0.0,0
8869.KL,6/2/2023,0.0,0.0,0.0,0.0,0.0,0.0,0.0,0.0,0.0,0
8869.KL,6/2/2024,0.0,0.0,0.0,0.0,0.0,0.0,0.0,0.0,0.0,0
8869.KL,6/2/2025,0.0,0.0,0.0,0.0,0.0,0.0,0.0,0.0,0.0,0
8869.KL,6/2/2026,-0.954674,0.012612,0.020102,0.967286,0.0,0.0,1.0,0.954674,0.967286,1
8869.KL,6/3/2020,0.0,0.0,0.0,0.0,0.0,0.0,0.0,0.0,0.0,0
8869.KL,6/3/2021,0.0,0.0,0.0,0.0,0.0,0.0,0.0,0.0,0.0,0
8869.KL,6/3/2022,0.0,0.0,0.0,0.0,0.0,0.0,0.0,0.0,0.0,0
8869.KL,6/3/2023,0.0,0.0,0.0,0.0,0.0,0.0,0.0,0.0,0.0,0
8869.KL,6/3/2024,0.0,0.0,0.0,0.0,0.0,0.0,0.0,0.0,0.0,0
8869.KL,6/3/2025,0.0,0.0,0.0,0.0,0.0,0.0,0.0,0.0,0.0,0
8869.KL,6/3/2026,-0.648256,0.161187,0.02937,0.809443,0.0,0.0,1.0,0.648256,0.809443,1
8869.KL,6/4/2020,0.0,0.0,0.0,0.0,0.0,0.0,0.0,0.0,0.0,0
8869.KL,6/4/2021,0.0,0.0,0.0,0.0,0.0,0.0,0.0,0.0,0.0,0
8869.KL,6/4/2022,0.0,0.0,0.0,0.0,0.0,0.0,0.0,0.0,0.0,0
8869.KL,6/4/2023,0.0,0.0,0.0,0.0,0.0,0.0,0.0,0.0,0.0,0
8869.KL,6/4/2024,0.0,0.0,0.0,0.0,0.0,0.0,0.0,0.0,0.0,0
8869.KL,6/4/2025,0.0,0.0,0.0,0.0,0.0,0.0,0.0,0.0,0.0,0
8869.KL,6/5/2020,0.0,0.0,0.0,0.0,0.0,0.0,0.0,0.0,0.0,0
8869.KL,6/5/2021,0.0,0.0,0.0,0.0,0.0,0.0,0.0,0.0,0.0,0
8869.KL,6/5/2022,0.0,0.0,0.0,0.0,0.0,0.0,0.0,0.0,0.0,0
8869.KL,6/5/2023,0.0,0.0,0.0,0.0,0.0,0.0,0.0,0.0,0.0,0
8869.KL,6/5/2024,0.0,0.0,0.0,0.0,0.0,0.0,0.0,0.0,0.0,0
8869.KL,6/5/2025,0.204089,0.214785,0.77452,0.010695,1.0,0.0,0.0,0.204089,0.77452,1
8869.KL,6/6/2020,0.0,0.0,0.0,0.0,0.0,0.0,0.0,0.0,0.0,0
8869.KL,6/6/2021,0.0,0.0,0.0,0.0,0.0,0.0,0.0,0.0,0.0,0
8869.KL,6/6/2022,0.0,0.0,0.0,0.0,0.0,0.0,0.0,0.0,0.0,0
8869.KL,6/6/2023,0.0,0.0,0.0,0.0,0.0,0.0,0.0,0.0,0.0,0
8869.KL,6/6/2024,0.687909,0.752195,0.183519,0.064286,1.0,0.0,0.0,0.687909,0.752195,1
8869.KL,6/6/2025,0.667653,0.81185,0.043954,0.144197,1.0,0.0,0.0,0.667653,0.81185,1
8869.KL,6/7/2020,0.0,0.0,0.0,0.0,0.0,0.0,0.0,0.0,0.0,0
8869.KL,6/7/2021,0.0,0.0,0.0,0.0,0.0,0.0,0.0,0.0,0.0,0
8869.KL,6/7/2022,0.0,0.0,0.0,0.0,0.0,0.0,0.0,0.0,0.0,0
8869.KL,6/7/2023,-0.949904,0.013894,0.022307,0.963798,0.0,0.0,1.0,0.949904,0.963798,2
8869.KL,6/7/2024,0.0,0.0,0.0,0.0,0.0,0.0,0.0,0.0,0.0,0
8869.KL,6/7/2025,0.0,0.0,0.0,0.0,0.0,0.0,0.0,0.0,0.0,0
8869.KL,6/8/2020,0.0,0.0,0.0,0.0,0.0,0.0,0.0,0.0,0.0,0
8869.KL,6/8/2021,0.0,0.0,0.0,0.0,0.0,0.0,0.0,0.0,0.0,0
8869.KL,6/8/2022,-0.531466,0.212277,0.043979,0.743744,0.0,0.0,1.0,0.531466,0.743744,1
8869.KL,6/8/2023,0.0,0.0,0.0,0.0,0.0,0.0,0.0,0.0,0.0,0
8869.KL,6/8/2024,0.0,0.0,0.0,0.0,0.0,0.0,0.0,0.0,0.0,0
8869.KL,6/8/2025,0.0,0.0,0.0,0.0,0.0,0.0,0.0,0.0,0.0,0
8869.KL,6/9/2020,0.0,0.0,0.0,0.0,0.0,0.0,0.0,0.0,0.0,0
8869.KL,6/9/2021,0.0,0.0,0.0,0.0,0.0,0.0,0.0,0.0,0.0,0
8869.KL,6/9/2022,0.809355,0.87373,0.061896,0.064374,1.0,0.0,0.0,0.809355,0.87373,1
8869.KL,6/9/2023,0.0,0.0,0.0,0.0,0.0,0.0,0.0,0.0,0.0,0
8869.KL,6/9/2024,0.0,0.0,0.0,0.0,0.0,0.0,0.0,0.0,0.0,0
8869.KL,6/9/2025,-0.012077,0.040188,0.907547,0.052265,0.0,1.0,0.0,0.012077,0.907547,1
8869.KL,7/1/2020,0.0,0.0,0.0,0.0,0.0,0.0,0.0,0.0,0.0,0
8869.KL,7/1/2021,0.0,0.0,0.0,0.0,0.0,0.0,0.0,0.0,0.0,0
8869.KL,7/1/2022,0.0,0.0,0.0,0.0,0.0,0.0,0.0,0.0,0.0,0
8869.KL,7/1/2023,0.0,0.0,0.0,0.0,0.0,0.0,0.0,0.0,0.0,0
8869.KL,7/1/2024,0.0,0.0,0.0,0.0,0.0,0.0,0.0,0.0,0.0,0
8869.KL,7/1/2025,0.0,0.0,0.0,0.0,0.0,0.0,0.0,0.0,0.0,0
8869.KL,7/1/2026,0.0,0.0,0.0,0.0,0.0,0.0,0.0,0.0,0.0,0
8869.KL,7/10/2020,0.058912,0.074927,0.909057,0.016015,0.0,1.0,0.0,0.058912,0.909057,1
8869.KL,7/10/2021,0.0,0.0,0.0,0.0,0.0,0.0,0.0,0.0,0.0,0
8869.KL,7/10/2022,0.0,0.0,0.0,0.0,0.0,0.0,0.0,0.0,0.0,0
8869.KL,7/10/2023,0.0,0.0,0.0,0.0,0.0,0.0,0.0,0.0,0.0,0
8869.KL,7/10/2024,0.855786,0.911652,0.032482,0.055866,1.0,0.0,0.0,0.855786,0.911652,2
8869.KL,7/10/2025,0.0,0.0,0.0,0.0,0.0,0.0,0.0,0.0,0.0,0
8869.KL,7/11/2020,0.0,0.0,0.0,0.0,0.0,0.0,0.0,0.0,0.0,0
8869.KL,7/11/2021,0.0,0.0,0.0,0.0,0.0,0.0,0.0,0.0,0.0,0
8869.KL,7/11/2022,0.0,0.0,0.0,0.0,0.0,0.0,0.0,0.0,0.0,0
8869.KL,7/11/2023,0.0,0.0,0.0,0.0,0.0,0.0,0.0,0.0,0.0,0
8869.KL,7/11/2024,0.0,0.0,0.0,0.0,0.0,0.0,0.0,0.0,0.0,0
8869.KL,7/11/2025,0.0,0.0,0.0,0.0,0.0,0.0,0.0,0.0,0.0,0
8869.KL,7/12/2020,0.0,0.0,0.0,0.0,0.0,0.0,0.0,0.0,0.0,0
8869.KL,7/12/2021,0.0,0.0,0.0,0.0,0.0,0.0,0.0,0.0,0.0,0
8869.KL,7/12/2022,0.0,0.0,0.0,0.0,0.0,0.0,0.0,0.0,0.0,0
8869.KL,7/12/2023,0.0,0.0,0.0,0.0,0.0,0.0,0.0,0.0,0.0,0
8869.KL,7/12/2024,0.0,0.0,0.0,0.0,0.0,0.0,0.0,0.0,0.0,0
8869.KL,7/12/2025,0.0,0.0,0.0,0.0,0.0,0.0,0.0,0.0,0.0,0
8869.KL,7/2/2020,0.0,0.0,0.0,0.0,0.0,0.0,0.0,0.0,0.0,0
8869.KL,7/2/2021,0.075931,0.084857,0.906217,0.008926,0.0,1.0,0.0,0.075931,0.906217,1
8869.KL,7/2/2022,-0.898696,0.024316,0.052672,0.923012,0.0,0.0,1.0,0.898696,0.923012,1
8869.KL,7/2/2023,0.0,0.0,0.0,0.0,0.0,0.0,0.0,0.0,0.0,0
8869.KL,7/2/2024,0.0,0.0,0.0,0.0,0.0,0.0,0.0,0.0,0.0,0
8869.KL,7/2/2025,0.0,0.0,0.0,0.0,0.0,0.0,0.0,0.0,0.0,0
8869.KL,7/2/2026,0.0,0.0,0.0,0.0,0.0,0.0,0.0,0.0,0.0,0
8869.KL,7/3/2020,-0.923621,0.014958,0.046464,0.938579,0.0,0.0,1.0,0.923621,0.938579,2
8869.KL,7/3/2021,0.0,0.0,0.0,0.0,0.0,0.0,0.0,0.0,0.0,0
8869.KL,7/3/2022,0.0,0.0,0.0,0.0,0.0,0.0,0.0,0.0,0.0,0
8869.KL,7/3/2023,0.656393,0.786873,0.082646,0.130481,1.0,0.0,0.0,0.656393,0.786873,1
8869.KL,7/3/2024,0.0,0.0,0.0,0.0,0.0,0.0,0.0,0.0,0.0,0
8869.KL,7/3/2025,0.0,0.0,0.0,0.0,0.0,0.0,0.0,0.0,0.0,0
8869.KL,7/3/2026,0.0,0.0,0.0,0.0,0.0,0.0,0.0,0.0,0.0,0
8869.KL,7/4/2020,0.0,0.0,0.0,0.0,0.0,0.0,0.0,0.0,0.0,0
8869.KL,7/4/2021,0.281569,0.292061,0.697446,0.010493,1.0,0.0,0.0,0.281569,0.697446,1
8869.KL,7/4/2022,0.0,0.0,0.0,0.0,0.0,0.0,0.0,0.0,0.0,0
8869.KL,7/4/2023,0.0,0.0,0.0,0.0,0.0,0.0,0.0,0.0,0.0,0
8869.KL,7/4/2024,0.0,0.0,0.0,0.0,0.0,0.0,0.0,0.0,0.0,0
8869.KL,7/4/2025,0.0,0.0,0.0,0.0,0.0,0.0,0.0,0.0,0.0,0
8869.KL,7/5/2020,0.0,0.0,0.0,0.0,0.0,0.0,0.0,0.0,0.0,0
8869.KL,7/5/2021,-0.416914,0.245884,0.091318,0.662798,0.0,0.0,1.0,0.416914,0.662798,1
8869.KL,7/5/2022,0.0,0.0,0.0,0.0,0.0,0.0,0.0,0.0,0.0,0
8869.KL,7/5/2023,0.0,0.0,0.0,0.0,0.0,0.0,0.0,0.0,0.0,0
8869.KL,7/5/2024,0.0,0.0,0.0,0.0,0.0,0.0,0.0,0.0,0.0,0
8869.KL,7/5/2025,0.0,0.0,0.0,0.0,0.0,0.0,0.0,0.0,0.0,0
8869.KL,7/6/2020,0.0,0.0,0.0,0.0,0.0,0.0,0.0,0.0,0.0,0
8869.KL,7/6/2021,0.0,0.0,0.0,0.0,0.0,0.0,0.0,0.0,0.0,0
8869.KL,7/6/2022,-0.529309,0.046357,0.377976,0.575666,0.0,0.0,1.0,0.529309,0.824401,2
8869.KL,7/6/2023,-0.903178,0.025354,0.046114,0.928532,0.0,0.0,1.0,0.903178,0.928532,1
8869.KL,7/6/2024,0.0,0.0,0.0,0.0,0.0,0.0,0.0,0.0,0.0,0
8869.KL,7/6/2025,-0.843664,0.070528,0.015281,0.914192,0.0,0.0,1.0,0.843664,0.914192,1
8869.KL,7/7/2020,0.0,0.0,0.0,0.0,0.0,0.0,0.0,0.0,0.0,0
8869.KL,7/7/2021,-0.949995,0.012951,0.024103,0.962946,0.0,0.0,1.0,0.949995,0.962946,1
8869.KL,7/7/2022,0.0,0.0,0.0,0.0,0.0,0.0,0.0,0.0,0.0,0
8869.KL,7/7/2023,-0.908908,0.026517,0.038059,0.935425,0.0,0.0,1.0,0.908908,0.935425,1
8869.KL,7/7/2024,0.0,0.0,0.0,0.0,0.0,0.0,0.0,0.0,0.0,0
8869.KL,7/7/2025,0.0,0.0,0.0,0.0,0.0,0.0,0.0,0.0,0.0,0
8869.KL,7/8/2020,0.9164,0.933461,0.049478,0.017061,1.0,0.0,0.0,0.9164,0.933461,1
8869.KL,7/8/2021,0.0,0.0,0.0,0.0,0.0,0.0,0.0,0.0,0.0,0
8869.KL,7/8/2022,0.0,0.0,0.0,0.0,0.0,0.0,0.0,0.0,0.0,0
8869.KL,7/8/2023,0.0,0.0,0.0,0.0,0.0,0.0,0.0,0.0,0.0,0
8869.KL,7/8/2024,0.0,0.0,0.0,0.0,0.0,0.0,0.0,0.0,0.0,0
8869.KL,7/8/2025,-0.428436,0.246409,0.078746,0.674845,0.0,0.5,0.5,0.446174,0.683714,2
8869.KL,7/9/2020,0.0,0.0,0.0,0.0,0.0,0.0,0.0,0.0,0.0,0
8869.KL,7/9/2021,0.0,0.0,0.0,0.0,0.0,0.0,0.0,0.0,0.0,0
8869.KL,7/9/2022,-0.287802,0.317885,0.076429,0.605686,0.5,0.0,0.5,0.598232,0.760902,2
8869.KL,7/9/2023,0.0,0.0,0.0,0.0,0.0,0.0,0.0,0.0,0.0,0
8869.KL,7/9/2024,0.0,0.0,0.0,0.0,0.0,0.0,0.0,0.0,0.0,0
8869.KL,7/9/2025,0.0,0.0,0.0,0.0,0.0,0.0,0.0,0.0,0.0,0
8869.KL,8/1/2020,0.0,0.0,0.0,0.0,0.0,0.0,0.0,0.0,0.0,0
8869.KL,8/1/2021,0.0,0.0,0.0,0.0,0.0,0.0,0.0,0.0,0.0,0
8869.KL,8/1/2022,0.0,0.0,0.0,0.0,0.0,0.0,0.0,0.0,0.0,0
8869.KL,8/1/2023,0.0,0.0,0.0,0.0,0.0,0.0,0.0,0.0,0.0,0
8869.KL,8/1/2024,0.0,0.0,0.0,0.0,0.0,0.0,0.0,0.0,0.0,0
8869.KL,8/1/2025,0.878921,0.887609,0.103704,0.008687,1.0,0.0,0.0,0.878921,0.887609,1
8869.KL,8/1/2026,-0.734543,0.035049,0.195359,0.769592,0.0,0.0,1.0,0.734543,0.769592,2
8869.KL,8/10/2020,0.0,0.0,0.0,0.0,0.0,0.0,0.0,0.0,0.0,0
8869.KL,8/10/2021,0.844543,0.902173,0.040197,0.05763,1.0,0.0,0.0,0.844543,0.902173,1
8869.KL,8/10/2022,0.0,0.0,0.0,0.0,0.0,0.0,0.0,0.0,0.0,0
8869.KL,8/10/2023,0.0,0.0,0.0,0.0,0.0,0.0,0.0,0.0,0.0,0
8869.KL,8/10/2024,0.0,0.0,0.0,0.0,0.0,0.0,0.0,0.0,0.0,0
8869.KL,8/10/2025,0.0,0.0,0.0,0.0,0.0,0.0,0.0,0.0,0.0,0
8869.KL,8/11/2020,0.0,0.0,0.0,0.0,0.0,0.0,0.0,0.0,0.0,0
8869.KL,8/11/2021,0.043105,0.07593,0.891244,0.032826,0.0,1.0,0.0,0.043105,0.891244,1
8869.KL,8/11/2022,0.0,0.0,0.0,0.0,0.0,0.0,0.0,0.0,0.0,0
8869.KL,8/11/2023,0.324798,0.457331,0.410136,0.132533,1.0,0.0,0.0,0.324798,0.457331,1
8869.KL,8/11/2024,0.0,0.0,0.0,0.0,0.0,0.0,0.0,0.0,0.0,0
8869.KL,8/11/2025,0.0,0.0,0.0,0.0,0.0,0.0,0.0,0.0,0.0,0
8869.KL,8/12/2020,0.0,0.0,0.0,0.0,0.0,0.0,0.0,0.0,0.0,0
8869.KL,8/12/2021,-0.8446,0.046893,0.061613,0.891493,0.0,0.0,1.0,0.8446,0.891493,1
8869.KL,8/12/2022,0.0,0.0,0.0,0.0,0.0,0.0,0.0,0.0,0.0,0
8869.KL,8/12/2023,0.0,0.0,0.0,0.0,0.0,0.0,0.0,0.0,0.0,0
8869.KL,8/12/2024,0.0,0.0,0.0,0.0,0.0,0.0,0.0,0.0,0.0,0
8869.KL,8/12/2025,0.084256,0.36174,0.360776,0.277484,0.5,0.0,0.5,0.447295,0.609017,2
8869.KL,8/2/2020,0.0,0.0,0.0,0.0,0.0,0.0,0.0,0.0,0.0,0
8869.KL,8/2/2021,0.0,0.0,0.0,0.0,0.0,0.0,0.0,0.0,0.0,0
8869.KL,8/2/2022,0.727968,0.790558,0.146851,0.06259,1.0,0.0,0.0,0.727968,0.790558,1
8869.KL,8/2/2023,-0.809637,0.033304,0.123756,0.842941,0.0,0.0,1.0,0.809637,0.842941,1
8869.KL,8/2/2024,0.0,0.0,0.0,0.0,0.0,0.0,0.0,0.0,0.0,0
8869.KL,8/2/2025,-0.38893,0.089291,0.432489,0.478221,0.5,0.0,0.5,0.543931,0.877959,2
8869.KL,8/2/2026,0.0,0.0,0.0,0.0,0.0,0.0,0.0,0.0,0.0,0
8869.KL,8/3/2020,0.0,0.0,0.0,0.0,0.0,0.0,0.0,0.0,0.0,0
8869.KL,8/3/2021,0.268869,0.59587,0.07713,0.327,1.0,0.0,0.0,0.268869,0.59587,1
8869.KL,8/3/2022,0.0,0.0,0.0,0.0,0.0,0.0,0.0,0.0,0.0,0
8869.KL,8/3/2023,0.0,0.0,0.0,0.0,0.0,0.0,0.0,0.0,0.0,0
8869.KL,8/3/2024,0.175109,0.573328,0.028453,0.398219,1.0,0.0,0.0,0.175109,0.573328,1
8869.KL,8/3/2025,0.0,0.0,0.0,0.0,0.0,0.0,0.0,0.0,0.0,0
8869.KL,8/3/2026,0.0,0.0,0.0,0.0,0.0,0.0,0.0,0.0,0.0,0
8869.KL,8/4/2020,0.0,0.0,0.0,0.0,0.0,0.0,0.0,0.0,0.0,0
8869.KL,8/4/2021,0.0,0.0,0.0,0.0,0.0,0.0,0.0,0.0,0.0,0
8869.KL,8/4/2022,-0.891483,0.016574,0.075369,0.908057,0.0,0.0,1.0,0.891483,0.908057,1
8869.KL,8/4/2023,-0.006944,0.030192,0.932672,0.037136,0.0,1.0,0.0,0.006944,0.932672,1
8869.KL,8/4/2024,0.444349,0.458524,0.527302,0.014175,0.5,0.5,0.0,0.444349,0.896421,2
8869.KL,8/4/2025,0.0,0.0,0.0,0.0,0.0,0.0,0.0,0.0,0.0,0
8869.KL,8/5/2020,0.0,0.0,0.0,0.0,0.0,0.0,0.0,0.0,0.0,0
8869.KL,8/5/2021,0.0,0.0,0.0,0.0,0.0,0.0,0.0,0.0,0.0,0
8869.KL,8/5/2022,0.0,0.0,0.0,0.0,0.0,0.0,0.0,0.0,0.0,0
8869.KL,8/5/2023,0.887744,0.919976,0.047791,0.032232,1.0,0.0,0.0,0.887744,0.919976,1
8869.KL,8/5/2024,0.0,0.0,0.0,0.0,0.0,0.0,0.0,0.0,0.0,0
8869.KL,8/5/2025,0.487896,0.619085,0.249725,0.13119,1.0,0.0,0.0,0.487896,0.619085,1
8869.KL,8/6/2020,0.0,0.0,0.0,0.0,0.0,0.0,0.0,0.0,0.0,0
8869.KL,8/6/2021,0.0,0.0,0.0,0.0,0.0,0.0,0.0,0.0,0.0,0
8869.KL,8/6/2022,-0.883378,0.014907,0.086808,0.898285,0.0,0.0,1.0,0.883378,0.898285,1
8869.KL,8/6/2023,0.0,0.0,0.0,0.0,0.0,0.0,0.0,0.0,0.0,0
8869.KL,8/6/2024,0.0,0.0,0.0,0.0,0.0,0.0,0.0,0.0,0.0,0
8869.KL,8/6/2025,0.0,0.0,0.0,0.0,0.0,0.0,0.0,0.0,0.0,0
8869.KL,8/7/2020,0.0,0.0,0.0,0.0,0.0,0.0,0.0,0.0,0.0,0
8869.KL,8/7/2021,-0.868319,0.029096,0.073488,0.897415,0.0,0.0,1.0,0.868319,0.897415,2
8869.KL,8/7/2022,-0.806994,0.065838,0.061329,0.872832,0.0,0.0,1.0,0.806994,0.872832,1
8869.KL,8/7/2023,0.0,0.0,0.0,0.0,0.0,0.0,0.0,0.0,0.0,0
8869.KL,8/7/2024,0.0,0.0,0.0,0.0,0.0,0.0,0.0,0.0,0.0,0
8869.KL,8/7/2025,0.659411,0.806101,0.047208,0.14669,1.0,0.0,0.0,0.659411,0.806101,1
8869.KL,8/8/2020,0.0,0.0,0.0,0.0,0.0,0.0,0.0,0.0,0.0,0
8869.KL,8/8/2021,0.0,0.0,0.0,0.0,0.0,0.0,0.0,0.0,0.0,0
8869.KL,8/8/2022,-0.064635,0.345713,0.243938,0.410349,0.0,1.0,0.0,0.064635,0.410349,1
8869.KL,8/8/2023,0.0,0.0,0.0,0.0,0.0,0.0,0.0,0.0,0.0,0
8869.KL,8/8/2024,0.0,0.0,0.0,0.0,0.0,0.0,0.0,0.0,0.0,0
8869.KL,8/8/2025,-0.185727,0.044192,0.72589,0.229918,0.0,0.0,1.0,0.185727,0.72589,1
8869.KL,8/9/2020,-0.943227,0.008841,0.039091,0.952068,0.0,0.0,1.0,0.943227,0.952068,1
8869.KL,8/9/2021,0.0,0.0,0.0,0.0,0.0,0.0,0.0,0.0,0.0,0
8869.KL,8/9/2022,-0.87821,0.014927,0.091936,0.893137,0.0,0.0,1.0,0.87821,0.893137,1
8869.KL,8/9/2023,0.0,0.0,0.0,0.0,0.0,0.0,0.0,0.0,0.0,0
8869.KL,8/9/2024,0.0,0.0,0.0,0.0,0.0,0.0,0.0,0.0,0.0,0
8869.KL,8/9/2025,0.0,0.0,0.0,0.0,0.0,0.0,0.0,0.0,0.0,0
8869.KL,9/1/2020,0.0,0.0,0.0,0.0,0.0,0.0,0.0,0.0,0.0,0
8869.KL,9/1/2021,0.0,0.0,0.0,0.0,0.0,0.0,0.0,0.0,0.0,0
8869.KL,9/1/2022,0.0,0.0,0.0,0.0,0.0,0.0,0.0,0.0,0.0,0
8869.KL,9/1/2023,0.0,0.0,0.0,0.0,0.0,0.0,0.0,0.0,0.0,0
8869.KL,9/1/2024,0.0,0.0,0.0,0.0,0.0,0.0,0.0,0.0,0.0,0
8869.KL,9/1/2025,0.0,0.0,0.0,0.0,0.0,0.0,0.0,0.0,0.0,0
8869.KL,9/1/2026,0.0,0.0,0.0,0.0,0.0,0.0,0.0,0.0,0.0,0
8869.KL,9/10/2020,0.0,0.0,0.0,0.0,0.0,0.0,0.0,0.0,0.0,0
8869.KL,9/10/2021,0.0,0.0,0.0,0.0,0.0,0.0,0.0,0.0,0.0,0
8869.KL,9/10/2022,0.0,0.0,0.0,0.0,0.0,0.0,0.0,0.0,0.0,0
8869.KL,9/10/2023,0.0,0.0,0.0,0.0,0.0,0.0,0.0,0.0,0.0,0
8869.KL,9/10/2024,0.0,0.0,0.0,0.0,0.0,0.0,0.0,0.0,0.0,0
8869.KL,9/10/2025,0.0,0.0,0.0,0.0,0.0,0.0,0.0,0.0,0.0,0
8869.KL,9/11/2020,-0.358362,0.10955,0.422537,0.467913,0.5,0.0,0.5,0.553034,0.857394,2
8869.KL,9/11/2021,0.0,0.0,0.0,0.0,0.0,0.0,0.0,0.0,0.0,0
8869.KL,9/11/2022,0.650364,0.787902,0.07456,0.137538,1.0,0.0,0.0,0.650364,0.787902,2
8869.KL,9/11/2023,0.0,0.0,0.0,0.0,0.0,0.0,0.0,0.0,0.0,0
8869.KL,9/11/2024,0.0,0.0,0.0,0.0,0.0,0.0,0.0,0.0,0.0,0
8869.KL,9/11/2025,0.0,0.0,0.0,0.0,0.0,0.0,0.0,0.0,0.0,0
8869.KL,9/12/2020,0.0,0.0,0.0,0.0,0.0,0.0,0.0,0.0,0.0,0
8869.KL,9/12/2021,0.0,0.0,0.0,0.0,0.0,0.0,0.0,0.0,0.0,0
8869.KL,9/12/2022,0.0,0.0,0.0,0.0,0.0,0.0,0.0,0.0,0.0,0
8869.KL,9/12/2023,0.0,0.0,0.0,0.0,0.0,0.0,0.0,0.0,0.0,0
8869.KL,9/12/2024,0.0,0.0,0.0,0.0,0.0,0.0,0.0,0.0,0.0,0
8869.KL,9/12/2025,0.0,0.0,0.0,0.0,0.0,0.0,0.0,0.0,0.0,0
8869.KL,9/2/2020,0.0,0.0,0.0,0.0,0.0,0.0,0.0,0.0,0.0,0
8869.KL,9/2/2021,-0.939984,0.017002,0.026013,0.956985,0.0,0.0,1.0,0.939984,0.956985,1
8869.KL,9/2/2022,0.882652,0.917846,0.046959,0.035195,1.0,0.0,0.0,0.882652,0.917846,2
8869.KL,9/2/2023,0.0,0.0,0.0,0.0,0.0,0.0,0.0,0.0,0.0,0
8869.KL,9/2/2024,-0.432418,0.046851,0.47388,0.479269,0.0,0.0,1.0,0.432418,0.479269,1
8869.KL,9/2/2025,0.0,0.0,0.0,0.0,0.0,0.0,0.0,0.0,0.0,0
8869.KL,9/2/2026,0.0,0.0,0.0,0.0,0.0,0.0,0.0,0.0,0.0,0
8869.KL,9/3/2020,-0.94715,0.009968,0.032914,0.957118,0.0,0.0,1.0,0.94715,0.957118,1
8869.KL,9/3/2021,0.0,0.0,0.0,0.0,0.0,0.0,0.0,0.0,0.0,0
8869.KL,9/3/2022,0.90661,0.932345,0.041919,0.025735,1.0,0.0,0.0,0.90661,0.932345,1
8869.KL,9/3/2023,-0.959666,0.009462,0.02141,0.969128,0.0,0.0,1.0,0.959666,0.969128,1
8869.KL,9/3/2024,0.0,0.0,0.0,0.0,0.0,0.0,0.0,0.0,0.0,0
8869.KL,9/3/2025,0.0,0.0,0.0,0.0,0.0,0.0,0.0,0.0,0.0,0
8869.KL,9/3/2026,-0.916061,0.025144,0.033651,0.941205,0.0,0.0,1.0,0.916061,0.941205,1
8869.KL,9/4/2020,0.300364,0.589611,0.121142,0.289247,1.0,0.0,0.0,0.300364,0.589611,1
8869.KL,9/4/2021,0.0,0.0,0.0,0.0,0.0,0.0,0.0,0.0,0.0,0
8869.KL,9/4/2022,0.894637,0.93212,0.030398,0.037483,1.0,0.0,0.0,0.894637,0.93212,1
8869.KL,9/4/2023,0.0,0.0,0.0,0.0,0.0,0.0,0.0,0.0,0.0,0
8869.KL,9/4/2024,0.560023,0.68564,0.188744,0.125617,1.0,0.0,0.0,0.560023,0.68564,1
8869.KL,9/4/2025,0.0,0.0,0.0,0.0,0.0,0.0,0.0,0.0,0.0,0
8869.KL,9/5/2020,0.0,0.0,0.0,0.0,0.0,0.0,0.0,0.0,0.0,0
8869.KL,9/5/2021,0.0,0.0,0.0,0.0,0.0,0.0,0.0,0.0,0.0,0
8869.KL,9/5/2022,-0.493526,0.030256,0.445963,0.523781,0.0,0.0,1.0,0.493526,0.523781,1
8869.KL,9/5/2023,-0.920304,0.028529,0.022638,0.948833,0.0,0.0,1.0,0.920304,0.948833,1
8869.KL,9/5/2024,0.084198,0.100108,0.883982,0.01591,0.0,1.0,0.0,0.084198,0.883982,1
8869.KL,9/5/2025,0.101701,0.118645,0.864412,0.016944,1.0,0.0,0.0,0.101701,0.864412,1
8869.KL,9/6/2020,0.0,0.0,0.0,0.0,0.0,0.0,0.0,0.0,0.0,0
8869.KL,9/6/2021,-0.096908,0.439682,0.023727,0.536591,0.5,0.0,0.5,0.857293,0.916783,2
8869.KL,9/6/2022,-0.839784,0.048741,0.062734,0.888525,0.0,0.0,1.0,0.839784,0.888525,1
8869.KL,9/6/2023,0.0,0.0,0.0,0.0,0.0,0.0,0.0,0.0,0.0,0
8869.KL,9/6/2024,0.0,0.0,0.0,0.0,0.0,0.0,0.0,0.0,0.0,0
8869.KL,9/6/2025,-0.944745,0.015491,0.024274,0.960235,0.0,0.0,1.0,0.944745,0.960235,1
8869.KL,9/7/2020,-0.318858,0.025114,0.630913,0.343972,0.0,0.0,1.0,0.318858,0.630913,1
8869.KL,9/7/2021,0.0,0.0,0.0,0.0,0.0,0.0,0.0,0.0,0.0,0
8869.KL,9/7/2022,0.0,0.0,0.0,0.0,0.0,0.0,0.0,0.0,0.0,0
8869.KL,9/7/2023,-0.019629,0.025166,0.93004,0.044795,0.0,1.0,0.0,0.019629,0.93004,1
8869.KL,9/7/2024,0.0,0.0,0.0,0.0,0.0,0.0,0.0,0.0,0.0,0
8869.KL,9/7/2025,0.0,0.0,0.0,0.0,0.0,0.0,0.0,0.0,0.0,0
8869.KL,9/8/2020,0.0,0.0,0.0,0.0,0.0,0.0,0.0,0.0,0.0,0
8869.KL,9/8/2021,0.096588,0.305485,0.485618,0.208897,0.0,1.0,0.0,0.096588,0.485618,1
8869.KL,9/8/2022,-0.425714,0.077025,0.420237,0.502738,0.0,0.0,1.0,0.425714,0.502738,1
8869.KL,9/8/2023,0.0,0.0,0.0,0.0,0.0,0.0,0.0,0.0,0.0,0
8869.KL,9/8/2024,0.0,0.0,0.0,0.0,0.0,0.0,0.0,0.0,0.0,0
8869.KL,9/8/2025,0.0,0.0,0.0,0.0,0.0,0.0,0.0,0.0,0.0,0
8869.KL,9/9/2020,0.0,0.0,0.0,0.0,0.0,0.0,0.0,0.0,0.0,0
8869.KL,9/9/2021,0.0,0.0,0.0,0.0,0.0,0.0,0.0,0.0,0.0,0
8869.KL,9/9/2022,-0.174642,0.073932,0.677495,0.248573,0.0,0.0,1.0,0.174642,0.677495,1
8869.KL,9/9/2023,0.0,0.0,0.0,0.0,0.0,0.0,0.0,0.0,0.0,0
8869.KL,9/9/2024,0.0,0.0,0.0,0.0,0.0,0.0,0.0,0.0,0.0,0
8869.KL,9/9/2025,0.0,0.0,0.0,0.0,0.0,0.0,0.0,0.0,0.0,0
