tree
version=v4
num_class=1
num_tree_per_iteration=1
label_index=0
max_feature_idx=29
objective=regression
feature_names=Column_0 Column_1 Column_2 Column_3 Column_4 Column_5 Column_6 Column_7 Column_8 Column_9 Column_10 Column_11 Column_12 Column_13 Column_14 Column_15 Column_16 Column_17 Column_18 Column_19 Column_20 Column_21 Column_22 Column_23 Column_24 Column_25 Column_26 Column_27 Column_28 Column_29
feature_infos=[2.7058198389861268:4.0850641365681986] [2.7669193985100859:4.11188174678768] [2.7058198389861268:4.0189048689987636] [2.7058200836181641:4.0850653648376465] [143100:43538200] [-0.068828930771768299:0.076227423504999878] [-0.068828930771768299:0.076227423504999878] [-0.068828930771768299:0.1733928671526512] [-0.14469645212770174:0.19782593449058611] [0.0047472597472734421:0.094862341678465995] [-3.4028655493260533:3.2816299005700493] [20.788479291106668:82.524287454350997] [-0.010123005836182988:0.016278812315610139] [0.012647753926450317:0.055042314718904722] [0.0044444402058919268:0.087155986881728958] [-0.058171757409815304:0.073394532537190277] [-1.2210909331645969e-16:0.041975207765592944] [0:0.035175905586243117] [-2.5900701899149228:3.5416081426417039] [-0.96688600000000002:0.94115899999999997] [0.0067380000000000001:0.96067000000000002] [0.01257:0.95239200000000002] [0.0062100000000000002:0.97442099999999998] [0:1] [0:1] [0:1] [0.001908:0.96688600000000002] [0.44499899999999998:0.97442099999999998] [0:1] [0:4]
tree_sizes=2608 1689 2886 1623 1312 1435 1426 1694 2527 2440 1795 1609 2174 1699 1806 1706 2157 1254 2090 2455 2075 2085 2174 2442 1899 2640 2088 1813 1805 2176 1539 2285 1256 2632 1545 1341 1993 1813 1912 2166 1995 1634 1359 2094 2826 2842 1908 1812 1713 2465 2346 2844 1711 2831 2664 1710 1806 2741 1625 1517 2379 1709 2453 3019 2934 2924 3018 2837 2742 1716 1349 1444 1535 2652 3014 2549 3010 1446 2658 2377 1636 2188 2354 1996 1638 1816 1721 2304 1435 1991 1710 2273 1626 2186 2108 2732 2744 2930 1625 2191 2919 2277 2572 2178 1447 2449 2259 1912 2763 2383 2470 2647 1806 1262 2080 2188 1728 2276 2483 2640 3001 2361 2748 2094 1817 1627 2111 1718 1536 1990 2729 3021 1718 2756 2283 2559 2849 1355 1725 2467 2832 2918 2753 2743 2184 2182 2191 1807 1830 2745 2372 2460 2747 1522 2655 960 2192 1357 1635 2178 1633 2550 2558 2473 1724 1430 2183 2831 2095 2567 3014 1642 1804 2734 1624 1720 1341 1629 2287 1536 2375 2919 2109 1533 1165 2123 2000 2368 2104 2372 1613 2646 2360 2471 3056 2103 3028 2188 1541 2659 2473 1999 1632 1899 2656 1629 1917 2098 1731 1988 2187 1530 3009 2273 2857 2089 2902 1920 1819 2290 2563 2095 1725 2546 2098 1525 2085 1801 2649 1440 3014 1633 2568 2100 1333 1817 2653 1815 2647 2364 2260 1700 1536 1827 2008 2468 2095 3039 2272 1715 2381 2193 2829 2654 2382 3050 2279 1813 2838 1908 1438 2544 1723 1901 2274 1614 1618 2922 3034 2471 2267 2822 1628 2576 2364 1724 2663 3012 2368 2092 2846 1637 2629 2837 1900 1257 1622 1999 1625 1811 1628 1540 1430 2001 2099 2856 2104 2279 1815 2271

Tree=0
num_leaves=27
num_cat=0
split_feature=10 12 16 16 26 2 15 0 18 16 3 14 12 12 14 18 16 12 2 9 10 27 17 8 14 27
split_gain=0.00441004 0.00301125 0.00256443 0.00238844 0.00286962 0.00292491 0.00252859 0.00236199 0.00247758 0.00221409 0.00186126 0.00183235 0.00175486 0.00209041 0.00167515 0.00163258 0.00161261 0.00159646 0.00123436 0.000996081 0.000934865 0.000799044 0.000709047 0.000678854 0.000607757 0.000531901
threshold=1.2229050258965704 -0.0048728844286544072 0.0046457625072970224 0.01288667126693843 0.10033750000000001 3.4768704736428533 -0.0070423415935161075 3.4116952854111644 -0.13984545321642528 0.0048721097458574751 3.3326145410537724 0.027885349622214218 -0.00083417738122849438 0.00097414389650885426 0.021333312988281217 0.67258697909440845 0.0046457625072970224 -0.0010221634146322098 3.4892709498534704 0.02332139057541913 -1.7211394970020812 0.90198550000000011 0.0067039798645571807 0.0058097019804199982 0.025974032810112881 0.88238500000000009
decision_type=2 2 2 2 2 2 2 2 2 2 2 2 2 2 2 2 2 2 2 2 2 2 2 2 2 2
left_child=1 2 -1 4 5 14 12 8 -8 11 -10 21 20 -14 -3 16 -9 -7 -11 -15 -6 22 -2 -19 -4 -22
right_child=9 3 24 -5 6 17 7 15 10 18 -12 -13 13 19 -16 -17 -18 23 -20 -21 25 -23 -24 -25 -26 -27
leaf_value=0.0046289074885965597 -0.0014032392124552844 -0.0014783420796205015 -0.0002440419943820227 0.0025191700736802661 0.0015167473754678271 0.0014623684842923568 -0.00080570572307686161 -0.0012425027190254296 0.00079916035570063403 0.0015875888539188243 0.0047055661369448821 -0.0050383157747534643 0.0037638742851376591 -0.00055833525301630211 -0.0049540345031243117 -0.0027492274258630153 0.00044050272173561209 -0.0022594894688571202 -0.0012936817950173274 0.0022363351511743637 0.00025307889715197294 -0.00054172176570978139 -0.0038991332919874177 -5.9849065700790392e-05 0.0019951538370253917 -0.0017949484359530098
leaf_weight=24 21 26 24 33 28 31 32 104 23 23 21 20 39 24 24 31 101 28 32 22 25 28 20 23 20 21
leaf_count=24 21 26 24 33 28 31 32 104 23 23 21 20 39 24 24 31 101 28 32 22 25 28 20 23 20 21
internal_value=-7.25079e-05 0.000236906 0.00213441 3.40282e-05 -0.000101975 -0.0013382 0.000244484 -0.000251733 0.00120283 -0.0015852 0.00266358 -0.00250995 0.00121819 0.00214812 -0.00314667 -0.000720151 -0.000413315 -0.000235473 -8.87868e-05 0.000778246 0.000150027 -0.00177709 -0.00262075 -0.00126749 0.000773774 -0.00068189
internal_weight=848 704 68 636 603 132 471 312 76 144 44 89 159 85 50 236 205 82 55 46 74 69 41 51 44 46
internal_count=848 704 68 636 603 132 471 312 76 144 44 89 159 85 50 236 205 82 55 46 74 69 41 51 44 46
is_linear=0
shrinkage=1


Tree=1
num_leaves=17
num_cat=0
split_feature=1 15 27 22 0 17 16 15 2 18 6 9 2 5 6 5
split_gain=0.00241693 0.00202876 0.00205192 0.00192334 0.00197865 0.00243797 0.00359153 0.00190417 0.00194182 0.00163293 0.00235158 0.00199927 0.00135764 0.00114373 0.000748409 0.000746581
threshold=4.0498688817519639 -0.016298203715310426 0.81499050000000006 0.0087835000000000014 2.988024649828914 0.01352875305940149 0.0045924725840773466 0.020022253072088499 3.3856475004707529 -0.23560821071579771 -0.0046080532775992266 0.02341374605031275 3.4403063249587094 -0.0049512675277509953 1.0000000180025095e-35 0.0052016693312907335
decision_type=2 2 2 2 2 2 2 2 2 2 2 2 2 2 2 2
left_child=1 2 -1 13 -5 7 12 9 -9 10 -6 -11 -7 -3 -4 -15
right_child=-2 3 14 4 5 6 -8 8 -10 11 -12 -13 -14 15 -16 -17
leaf_value=0.0034073792615785235 -0.0032587821068591439 -0.0032356035408156454 -0.00048432806939152737 0.0022420429134702618 0.0010868418403939964 -0.0048832043411411261 0.0016362490502069705 0.00086294515474167255 -0.0027316510994416219 0.00035555694013445253 -0.0010361736217196771 0.0021633525737168582 -0.0016810910489696723 0.00044311018637381496 0.0017810522054787724 -0.0018753775069490074
leaf_weight=31 20 24 35 36 72 22 20 21 38 224 135 73 26 25 21 25
leaf_count=31 20 24 35 36 72 22 20 21 38 224 135 73 26 25 21 25
internal_value=-4.1352e-12 7.87145e-05 0.00144919 -8.21913e-05 7.87968e-05 -4.46214e-05 -0.00174138 0.000160316 -0.00145222 0.000349085 -0.000297733 0.000799897 -0.00314873 -0.00153326 0.00036519 -0.000716134
internal_weight=848 828 87 741 667 631 68 563 59 504 207 297 48 74 56 50
internal_count=848 828 87 741 667 631 68 563 59 504 207 297 48 74 56 50
is_linear=0
shrinkage=0.3


Tree=2
num_leaves=30
num_cat=0
split_feature=18 8 14 12 12 1 18 6 0 17 7 15 17 14 17 9 27 26 6 5 13 7 27 3 14 14 7 17 6
split_gain=0.00148693 0.00202175 0.00240843 0.0015322 0.00174576 0.00145805 0.00137085 0.00190506 0.00195537 0.0014899 0.00148004 0.00142212 0.00126196 0.00107416 0.00129875 0.00102623 0.00117814 0.000998447 0.00116907 0.00124754 0.00102882 0.000982095 0.000953353 0.000722478 0.000604947 0.000586437 0.000447553 0.000638484 0.000409535
threshold=0.70328082656182833 0.026285756338956634 0.025000036425060917 -0.0049732640670858133 -0.0060481298852788704 3.8072684255795246 -0.23560821071579771 -0.0090702180226861669 3.4520518807608447 0.01007616270506567 0.0046728812517494393 0.0045454501120512939 0.007075409101562318 0.027397233430072446 0.0051880713595440402 0.011840232865832115 0.77963300000000013 0.11997350000000001 0.019025805547806768 -0.0115273571709194 0.022327837896079204 0.013633898581512703 0.92394200000000015 3.5861669778823857 0.020454579690270421 0.015981719500875641 -0.0071856298058967953 0.0046082903740424621 1.0000000180025095e-35
decision_type=2 2 2 2 2 2 2 2 2 2 2 2 2 2 2 2 2 2 2 2 2 2 2 2 2 2 2 2 2
left_child=3 2 5 4 -1 -2 9 21 13 17 24 15 -3 14 -9 -10 -17 25 19 -19 -21 22 23 -8 -11 -5 -13 -28 -4
right_child=1 12 28 6 -6 -7 7 8 11 10 -12 26 -14 -15 -16 16 -18 18 -20 20 -22 -23 -24 -25 -26 -27 27 -29 -30
leaf_value=-2.7205215560065374e-05 -0.0035500206491269636 -0.0009960709071102818 0.0023138332281178006 9.9676433654332698e-06 0.0033537065938747087 -0.00022042958025222419 0.0016086199196601787 0.0029085804990385297 0.0024038541643676579 -0.0040029898099601269 0.00010617129126330838 0.00039168815128505231 -0.0042849584199887297 0.0039963538193010855 -0.00015180707123363391 -0.0011209583206800743 0.0011260752494854386 0.0027952179087151305 -0.0016655553263262846 -0.00056620902844892337 0.0011295028505452548 -0.0025785728904884312 -0.0018365221907911092 -0.00058754466444952411 -0.0016696395707549527 -0.0019896411172918636 -0.00025687225625006251 -0.0025219718809239566 0.00047571963063091965
leaf_weight=27 20 21 24 22 28 29 26 26 32 20 25 20 21 21 24 30 70 20 24 67 62 20 23 28 20 33 24 21 20
leaf_count=27 20 21 24 22 28 29 26 26 32 20 25 20 21 21 24 30 70 20 24 67 62 20 23 28 20 33 24 21 20
internal_value=-1.89063e-12 -0.000912949 -0.000132758 0.000172858 0.00169399 -0.00157945 4.57125e-05 0.000433676 0.000846009 -0.000437587 -0.00170459 0.000359529 -0.00264051 0.00219582 0.00143959 0.00092515 0.000451965 -7.63801e-05 0.000277597 0.000590587 0.000248784 -0.000705553 -0.000219054 0.000469868 -0.00283631 -0.0011898 -0.000789117 -0.00131392 0.00147833
internal_weight=848 135 93 713 55 49 658 365 268 293 65 197 42 71 50 132 100 228 173 149 129 97 77 54 40 55 65 45 44
internal_count=848 135 93 713 55 49 658 365 268 293 65 197 42 71 50 132 100 228 173 149 129 97 77 54 40 55 65 45 44
is_linear=0
shrinkage=0.3


Tree=3
num_leaves=16
num_cat=0
split_feature=15 22 22 9 12 5 8 17 14 0 11 15 10 6 18
split_gain=0.00132425 0.00111604 0.00125463 0.00110745 0.00106721 0.000967766 0.00142974 0.00153038 0.00138824 0.00114773 0.00103922 0.000893887 0.000711549 0.000661321 0.0005618
threshold=0.031383771496450462 0.0087835000000000014 0.0096350000000000029 0.02410122563354206 -0.0048728844286544072 -0.0022673740452099464 -0.074597842583076931 0.0096852205192837475 0.032135171550568713 3.1628543542824032 56.612003663259166 -1.0000000180025095e-35 -1.5275085056027984 -0.0027175400084091146 -0.39810833925469397
decision_type=2 2 2 2 2 2 2 2 2 2 2 2 2 2 2
left_child=1 3 -3 14 12 6 -6 8 -8 -7 -9 -11 -4 -13 -1
right_child=-2 2 4 -5 5 9 7 10 -10 11 -12 13 -14 -15 -16
leaf_value=-0.0014542302306918744 -0.0022971356266432187 0.0019288977687600501 0.00043306866371553511 -0.0027086919048088022 -0.0020901619936921634 0.0016822524163770771 0.00064047301662558049 0.0001511043423254575 0.0031954741928659912 -0.0021001173115078489 -0.0024801791599946394 0.00017876226175743437 0.0026353648296840813 -0.00073777584575778616 0.00049137733465827557
leaf_weight=22 22 35 31 24 20 23 216 35 21 29 22 122 23 169 34
leaf_count=22 22 35 31 24 20 23 216 35 21 29 22 122 23 169 34
internal_value=-2.19413e-12 6.11828e-05 0.000175378 -0.00100369 8.90582e-05 -1.63137e-05 0.000364231 0.000531197 0.000866866 -0.000364684 -0.000864479 -0.000511808 0.00137108 -0.000353523 -0.000272968
internal_weight=848 826 746 80 711 657 314 294 237 343 57 320 54 291 56
internal_count=848 826 746 80 711 657 314 294 237 343 57 320 54 291 56
is_linear=0
shrinkage=0.3


Tree=4
num_leaves=13
num_cat=0
split_feature=18 4 6 7 6 4 0 0 0 5 5 5
split_gain=0.00109692 0.000804918 0.000909856 0.000909459 0.00170437 0.00151861 0.00113783 0.0011607 0.00206675 0.000901849 0.000702478 0.000517456
threshold=1.4495027766158695 7853050.0000000009 0.022291997919446284 -0.016112389322454356 0.0025350989529235291 3048500.0000000005 2.9793000793999398 3.1496957071565075 3.2836807650996547 0.020775659112680919 -0.0085839784186457022 0.0024814096637680622
decision_type=2 2 2 2 2 2 2 2 2 2 2 2
left_child=1 2 3 4 5 11 -5 -8 -9 -10 -4 -1
right_child=-2 -3 10 6 -6 -7 7 8 9 -11 -12 -13
leaf_value=-0.0020356017027682223 -0.0019992536443169226 0.0016691760839118311 -4.5215914724394674e-06 0.0022502024818095378 -0.002641397477564169 0.0020501268799821642 -0.0015082553870646128 0.002861384307638778 0.0002176819722579759 -0.001447513239127734 -0.0020475125653981441 9.65854739479255e-05
leaf_weight=21 24 27 28 24 30 23 36 26 525 31 33 20
leaf_count=21 24 27 28 24 30 23 36 26 525 31 33 20
internal_value=-2.51613e-12 5.82307e-05 3.65663e-06 9.59359e-05 -0.000775584 9.90155e-05 0.000223542 0.000144836 0.00024709 0.000124838 -0.00110975 -0.00099551
internal_weight=848 824 797 736 94 64 642 618 582 556 61 41
internal_count=848 824 797 736 94 64 642 618 582 556 61 41
is_linear=0
shrinkage=0.3


Tree=5
num_leaves=14
num_cat=0
split_feature=12 1 12 21 12 18 22 8 18 26 6 14 6
split_gain=0.000851069 0.000752956 0.000617279 0.00142344 0.00107292 0.0011702 0.000739491 0.000910838 0.000789155 0.00071567 0.00120162 0.000708071 0.000276265
threshold=0.0086890476218846619 4.0498688817519639 0.0046034734091298952 0.40332750000000006 0.0032436270917123645 0.039744153983902901 0.0087835000000000014 0.021913524081634873 -1.5064904906930381 0.06654450000000002 0.0071175650395723473 0.018757390476080372 -0.0044591443601576033
decision_type=2 2 2 2 2 2 2 2 2 2 2 2 2
left_child=1 2 4 -4 6 -6 7 12 -8 10 -10 -11 -1
right_child=-2 -3 3 -5 5 -7 8 -9 9 11 -12 -13 -14
leaf_value=-0.0022407072765583342 -0.0018860306075241949 -0.0017704474969650618 0.0029228122391610997 -0.00027729867182768364 -5.2188984185564692e-05 -0.0031044994850526562 0.0019454156964733872 0.00094765167455079791 5.0697137772363633e-05 -0.00010537929650608395 -0.0022874328488897942 0.00060690274002218306 -0.00085970373316657245
leaf_weight=22 21 20 22 29 26 20 23 20 74 221 27 291 32
leaf_count=22 21 20 22 29 26 20 23 20 74 221 27 291 32
internal_value=1.00163e-12 4.7892e-05 9.29561e-05 0.00110314 2.48087e-05 -0.00137928 0.000115778 -0.000781798 0.000220213 0.000155483 -0.000574348 0.000299453 -0.00142233
internal_weight=848 827 807 51 756 46 710 74 636 613 101 512 54
internal_count=848 827 807 51 756 46 710 74 636 613 101 512 54
is_linear=0
shrinkage=0.3


Tree=6
num_leaves=14
num_cat=0
split_feature=5 14 14 20 4 4 14 5 9 20 12 9 5
split_gain=0.000727274 0.000829359 0.000820473 0.000634711 0.000627475 0.00125365 0.00208978 0.000799262 0.00140826 0.00107324 0.000997748 0.00115829 0.00081865
threshold=0.030651920373035105 0.037529391692378448 0.034267675258593568 0.19103450000000002 714900.00000000012 1083250.0000000002 0.018226183744387569 0.0070673377565463325 0.033472012121530482 0.049118000000000002 0.0025047149308689196 0.03082616924675418 -0.0047676406342146566
decision_type=2 2 2 2 2 2 2 2 2 2 2 2 2
left_child=1 2 4 -3 -1 6 -6 10 9 -9 11 -7 -12
right_child=-2 3 -4 -5 5 7 -8 8 -10 -11 12 -13 -14
leaf_value=-0.0014756490440049673 -0.0015320114131706457 0.0024568838712928647 -0.001748140663084996 0.00017804848479996012 1.1017881931636381e-06 0.00019380343412144798 0.0036426169539639803 0.0017597126639157066 -0.0029661149333696812 -0.0006059125415049494 -0.0015899804277069052 0.0018943239490909036 0.00014453338200655708
leaf_weight=24 27 22 24 22 37 365 23 20 20 126 48 40 50
leaf_count=24 27 22 24 22 37 365 23 20 20 126 48 40 50
internal_value=1.39417e-12 5.03828e-05 -2.13696e-05 0.00131747 3.36669e-05 8.33563e-05 0.00139702 -3.44607e-05 -0.000605259 -0.000281854 0.000153914 0.000361756 -0.000705024
internal_weight=848 821 777 44 753 729 60 669 166 146 503 405 98
internal_count=848 821 777 44 753 729 60 669 166 146 503 405 98
is_linear=0
shrinkage=0.3


Tree=7
num_leaves=17
num_cat=0
split_feature=9 9 15 11 7 4 12 7 8 11 6 8 22 13 17 16
split_gain=0.000534796 0.00133025 0.00129986 0.00110425 0.001034 0.0011661 0.000992658 0.00106959 0.00129964 0.00106114 0.000884246 0.000800803 0.000799378 0.000773139 0.000552154 0.000489677
threshold=0.034340886594972336 0.030569353834390748 0.0052153406272248499 35.634964317331033 0.0208887536505237 2766100.0000000005 0.00486533760286861 0.0023640114065428975 0.039175609251976128 43.088666548670062 0.002445038476697563 0.061368625851178339 0.037046500000000003 0.027658327636866636 0.011392728687003884 0.0048019231534406669
decision_type=2 2 2 2 2 2 2 2 2 2 2 2 2 2 2 2
left_child=1 3 13 15 6 -6 7 9 14 10 -5 -11 -3 -2 -9 -1
right_child=2 12 -4 4 5 -7 -8 8 -10 11 -12 -13 -14 -15 -16 -17
leaf_value=-0.0024168575106634071 -0.0011673554131200283 0.00047672996806795708 -0.0023418184361773831 2.8723983604532593e-05 -0.00012636872440842644 -0.0029979486734373491 0.0019002782278252637 0.00054275256512357432 0.0022884520799076806 -0.0003237729935790412 0.0020962438100531442 -0.00228825475256599 0.0030112069975335282 0.0011910838412185166 -0.00091240921527579685 -0.00047974123408494045
leaf_weight=23 22 24 29 52 35 20 29 145 36 282 29 20 21 29 28 24
leaf_count=23 22 24 29 52 35 20 29 145 36 282 29 20 21 29 28 24
internal_value=-1.82757e-12 7.68921e-05 -0.000738164 -2.16096e-05 7.61505e-05 -0.00117058 0.000186569 0.000102621 0.000648497 -0.000195259 0.000768947 -0.000453871 0.00165949 0.000173718 0.000307235 -0.00142769
internal_weight=848 768 80 723 676 55 621 592 209 383 81 302 45 51 173 47
internal_count=848 768 80 723 676 55 621 592 209 383 81 302 45 51 173 47
is_linear=0
shrinkage=0.3


Tree=8
num_leaves=26
num_cat=0
split_feature=8 14 26 12 8 20 0 12 20 26 8 18 1 14 11 8 26 5 10 1 26 6 10 7 7
split_gain=0.000467703 0.000822364 0.000558569 0.000924252 0.00158723 0.000727463 0.00064561 0.00145746 0.0012454 0.000842175 0.000777882 0.000741538 0.000729601 0.000714685 0.000561943 0.00054161 0.000528701 0.000949388 0.000684842 0.000584628 0.00119657 0.000485503 0.00041058 0.00036462 0.000549329
threshold=0.079998514044514177 0.01909306028962791 0.06654450000000002 -0.0010221634146322098 -0.012839951353472191 0.052134500000000007 3.4342019395935961 -0.00075812478802733121 0.11629600000000002 0.88417450000000009 -0.076434129373233586 -0.13984545321642528 3.5039823400459622 0.027397233430072446 43.645067475353436 -0.017561577962044685 0.50677300000000014 -0.0098645697675138738 -1.6869331553526101 3.650834278467904 0.79795350000000009 0.0047394855697186463 -0.088104221597443425 -0.006841512580915571 0.0068180244431688157
decision_type=2 2 2 2 2 2 2 2 2 2 2 2 2 2 2 2 2 2 2 2 2 2 2 2 2
left_child=2 -2 3 14 -5 -6 7 9 -9 10 -4 -10 -8 15 -1 -12 17 21 -18 20 -20 -14 -21 -19 -25
right_child=1 -3 6 4 5 -7 12 8 11 -11 13 -13 16 -15 -16 -17 18 23 19 22 -22 -23 -24 24 -26
leaf_value=0.0014978074484970421 0.00032971015321631316 -0.001949648680727415 -0.0018357851838048261 -0.0033153844137400897 0.00085194117855280638 -0.0013334153962942167 -0.0013798761895900083 -8.14548283960903e-05 0.0010791551903821528 0.0015836840670090167 0.00040959287380246676 0.0034221813206620996 0.00068474523432087147 0.0013260639670009439 -0.00063567342411261049 -0.0017982323089381679 0.0014913525211159141 0.00095093616508945284 -0.0025812038919022077 -0.00060379563586400464 6.7103132930830769e-05 0.002750051880450753 0.00032437691698200625 -0.000772781831087741 0.00057361599042087615
leaf_weight=25 28 29 26 22 26 29 33 25 20 23 20 31 20 26 20 20 20 35 28 73 34 21 104 60 50
leaf_count=25 28 29 26 22 26 29 33 25 20 23 20 31 20 26 20 20 20 35 28 73 34 21 104 60 50
internal_value=6.88283e-12 -0.000829964 5.98078e-05 -0.000530535 -0.00116178 -0.000300338 0.000167464 0.000633683 0.00165308 -4.0007e-05 -0.00044593 0.00250335 -1.88291e-05 0.000101589 0.000549594 -0.00069432 8.21025e-05 0.000467971 -0.000195008 -0.000336126 -0.00112891 0.00174259 -5.84287e-05 0.000107563 -0.000160783
internal_weight=848 57 791 122 77 55 669 191 76 115 92 51 478 66 45 40 445 186 259 239 62 41 177 145 110
internal_count=848 57 791 122 77 55 669 191 76 115 92 51 478 66 45 40 445 186 259 239 62 41 177 145 110
is_linear=0
shrinkage=0.3


Tree=9
num_leaves=25
num_cat=0
split_feature=10 20 16 4 27 4 12 28 27 19 4 13 17 13 7 5 16 15 19 8 15 14 21 11
split_gain=0.00052221 0.000389658 0.000410243 0.000457474 0.00102471 0.000840047 0.000964115 0.00148222 0.000926052 0.00117434 0.00115227 0.000814396 0.000745773 0.000914176 0.000733877 0.000639105 0.000982448 0.000815992 0.000634521 0.000519504 0.000518813 0.000384181 0.000815109 0.00036791
threshold=2.0511532174272715 0.94054450000000012 0.01138954254186793 2692450.0000000005 0.93233700000000008 1533900.0000000002 0.00093990452930805429 1.0000000180025095e-35 0.89565500000000009 -0.25974349999999996 1840650.0000000002 0.020472936104664177 0.0027855343436437581 0.022132610251519347 -0.0022700644822859725 -0.0045400599310104709 0.0029680095676301367 -0.015715054553285222 0.10621800000000002 0.016591409220235102 0.0028011178292021107 0.023455847508056051 0.6317235000000001 46.281162509330777
decision_type=2 2 2 2 2 2 2 2 2 2 2 2 2 2 2 2 2 2 2 2 2 2 2 2
left_child=1 2 3 5 12 6 7 18 9 -7 -10 -11 13 -5 -8 17 -17 -14 -1 -6 -15 -4 -23 -12
right_child=-2 -3 21 4 19 8 14 -9 10 11 23 -13 15 20 -16 16 -18 -19 -20 -21 -22 22 -24 -25
leaf_value=-0.0023470584503673128 -0.0012981821621199034 0.0013183295722618432 -0.00030659892718540505 -0.00067269630264490845 -0.0024156215470203936 -0.0020264983376754183 0.0017807955877894223 0.00087421947127123447 -0.00011077078842473301 0.0014376618042660993 0.0012446600362992562 -8.3455663768979322e-05 0.00039008097433411009 0.0027225172231555915 -0.00031416778545141877 -0.00088742557321835349 0.0010628221627563977 -0.0018163034283134036 -0.00074759027588048145 -0.00045636231495466611 0.00058753615230671124 8.9952631133201076e-05 0.002463743840749173 0.0028394561563618481
leaf_weight=41 27 21 25 25 29 21 27 33 33 45 23 107 22 20 34 47 46 48 49 21 21 30 23 30
leaf_count=41 27 21 25 25 29 21 27 33 33 45 23 107 22 20 34 47 46 48 49 21 21 30 23 30
internal_value=2.46513e-12 4.2693e-05 9.2075e-06 -6.1404e-05 -0.000362313 0.000128108 -0.000362023 -0.000845627 0.000476309 7.63501e-05 0.00128088 0.000366875 -9.36627e-05 0.000757139 0.000613111 -0.000438159 7.72131e-05 -0.00112287 -0.00147624 -0.00159273 0.00162899 0.000662817 0.00112009 0.00214737
internal_weight=848 821 800 722 279 443 184 123 259 173 86 152 229 66 61 163 93 70 90 50 41 78 53 53
internal_count=848 821 800 722 279 443 184 123 259 173 86 152 229 66 61 163 93 70 90 50 41 78 53 53
is_linear=0
shrinkage=0.3


Tree=10
num_leaves=18
num_cat=0
split_feature=18 18 6 20 12 9 20 8 24 11 4 26 7 16 1 1 27
split_gain=0.000487948 0.000310721 0.000347709 0.000304361 0.00148295 0.000714676 0.000584205 0.00116834 0.000683941 0.000629673 0.000902961 0.000680956 0.00056863 0.00053016 0.00040833 0.000821448 0.000441167
threshold=1.429801923889906 -1.6963131176393154 0.026301595610863478 0.046700000000000005 -0.0033817391204653108 0.011974718874835871 0.41364900000000004 -0.057113663329062016 1.0000000180025095e-35 43.434391833919044 2686400.0000000005 0.88737900000000003 0.019555612559046202 0.0062505433094971682 3.5321594838953079 3.4111362162817191 0.94032450000000012
decision_type=2 2 2 2 2 2 2 2 2 2 2 2 2 2 2 2 2
left_child=1 -1 3 4 -3 -6 7 -5 9 10 -8 -11 13 -9 15 -7 -16
right_child=-2 2 -4 6 5 14 8 12 -10 11 -12 -13 -14 -15 16 -17 -18
leaf_value=0.001209250127139967 -0.0012548735714517532 0.0026019440316304098 -0.00086158542639728131 -0.0020581066308941152 -0.0016175569192091643 -0.00017969267355510965 0.0001007347976459035 -0.00056365740965296093 0.0017484874380338273 0.00018605893726321391 0.0025760606164112686 -0.0011303255330067654 0.001115290654124692 0.00031620641419725329 -0.0010693606661839616 0.002389532429099615 0.00060218301812710697
leaf_weight=20 27 24 39 31 20 24 36 179 26 153 21 46 30 94 27 21 30
leaf_count=20 27 24 39 31 20 24 36 179 26 153 21 46 30 94 27 21 30
internal_value=-6.05415e-12 4.12687e-05 1.21056e-05 5.68221e-05 0.000446273 2.22063e-05 -3.54828e-05 -0.000303934 0.00028247 0.000133577 0.0010127 -0.000118231 -0.000124464 -0.000260701 0.000343729 0.00101928 -0.000189601
internal_weight=848 821 801 762 146 122 616 334 282 256 57 199 303 273 102 45 57
internal_count=848 821 801 762 146 122 616 334 282 256 57 199 303 273 102 45 57
is_linear=0
shrinkage=0.3


Tree=11
num_leaves=16
num_cat=0
split_feature=5 2 0 27 0 0 2 0 18 18 7 9 26 27 13
split_gain=0.000410985 0.000442938 0.000883936 0.000508472 0.000312754 0.000381091 0.000956578 0.000596093 0.000701301 0.000985663 0.000518883 0.000506063 0.000583663 0.000527701 0.000313709
threshold=0.030651920373035105 2.9589452300517975 3.0941942466709276 0.84127050000000014 3.9971454227519554 3.7669905982656027 3.7611752477429889 3.743336776359516 0.10326678497081064 0.70328082656182833 -0.015368270008723853 0.011974718874835871 0.90931000000000017 0.85340500000000008 0.020603747623492794
decision_type=2 2 2 2 2 2 2 2 2 2 2 2 2 2 2
left_child=1 3 -3 -1 5 7 14 8 10 -10 -4 13 -13 -8 -7
right_child=-2 2 4 -5 -6 6 11 -9 9 -11 -12 12 -14 -15 -16
leaf_value=0.0020811637316364793 -0.0011516640373479782 -0.0016670952442966933 -0.0012673702544118495 -5.8052706881426277e-05 -0.0011209239278105088 0.0008806284804632014 0.0019357807977939954 -0.0015065246298909187 0.00094625720509408759 -0.00054089884040877225 -0.00012751298051364145 -0.00040249989560019894 0.0013348827272420748 0.00020680147377362951 0.0025609198716119862
leaf_weight=20 27 28 43 20 20 20 24 25 121 60 219 134 20 47 20
leaf_count=20 27 28 43 20 20 20 24 25 121 60 219 134 20 47 20
internal_value=2.42089e-12 3.78745e-05 -1.1994e-05 0.00101156 4.95503e-05 8.14868e-05 0.000368951 -8.12867e-05 -8.55694e-07 0.000453277 -0.000314589 0.000128627 -0.000176866 0.000791245 0.00172077
internal_weight=848 821 781 40 753 733 265 468 443 181 262 225 154 71 40
internal_count=848 821 781 40 753 733 265 468 443 181 262 225 154 71 40
is_linear=0
shrinkage=0.3


Tree=12
num_leaves=22
num_cat=0
split_feature=7 4 7 15 16 15 20 20 14 9 12 4 19 0 6 17 15 5 4 14 12
split_gain=0.000327057 0.000921723 0.000691264 0.000720848 0.000930807 0.000514931 0.00077932 0.00101991 0.000616058 0.000662763 0.000535093 0.000616121 0.000514549 0.000520391 0.000501766 0.000463876 0.000292458 0.000410649 0.000287071 0.000190896 0.000118254
threshold=0.011848451171173025 4757850.0000000009 0.0071430402618955198 -0.0047281278572889095 0.0046457625072970224 -0.014201246596333353 0.49934350000000011 0.045988500000000009 0.01182037600695209 0.010124011088190176 0.0046034734091298952 6683600.0000000009 -0.64158649999999995 3.3761262201886084 0.0077723210426580364 0.0031201293813701543 0.0053548335822307331 -0.0049512675277509953 1582600.0000000002 0.021739171044437639 -0.00012460889161869748
decision_type=2 2 2 2 2 2 2 2 2 2 2 2 2 2 2 2 2 2 2 2 2
left_child=2 12 5 -4 -5 6 7 -1 18 19 11 14 -2 -14 -11 -9 17 -15 -7 -10 -20
right_child=1 -3 3 4 -6 8 -8 15 9 10 -12 -13 13 16 -16 -17 -18 -19 20 -21 -22
leaf_value=0.0019210880472746792 -0.0014605319384177814 -0.0021425569171855305 -0.00022127732357556191 0.00050496941179377385 0.0032272219232982024 -7.9689389957789464e-05 0.0022042781811747276 -0.0016833754406044526 0.0015518031106330453 -0.00036323383332769892 0.00084242513228673479 0.0010305837371244865 0.00143158678091941 -0.00045791857212975625 -0.0011834912765577123 0.00024731740122660992 -0.00081782405972311652 0.0011472067066349084 0.0015669648953480647 0.00025675074263874974 0.00061329952064129005
leaf_weight=20 21 23 29 26 20 29 22 21 20 264 30 23 23 32 90 24 37 26 25 21 22
leaf_count=20 21 23 29 26 20 29 22 21 20 264 30 23 23 32 90 24 37 26 25 21 22
internal_value=1.74713e-12 -0.000383389 9.05379e-05 0.000950088 0.00168856 -1.49715e-05 0.000660927 0.000138561 -0.000127191 -0.00026117 -0.000376982 -0.000474017 -9.23035e-05 0.000151195 -0.000571774 -0.000653673 -0.000158795 0.00026162 0.000662575 0.000888484 0.00112057
internal_weight=848 162 686 75 46 611 87 65 524 448 407 377 139 118 354 45 95 58 76 41 47
internal_count=848 162 686 75 46 611 87 65 524 448 407 377 139 118 354 45 95 58 76 41 47
is_linear=0
shrinkage=0.3


Tree=13
num_leaves=17
num_cat=0
split_feature=1 13 0 4 15 12 20 18 27 20 4 6 15 9 4 6
split_gain=0.00028168 0.000439692 0.000431837 0.000523617 0.000319861 0.000420951 0.000401295 0.00105384 0.000907398 0.000849556 0.000485281 0.000955429 0.000679467 0.00041322 0.00029828 0.000257485
threshold=3.9777973753701508 0.022393601663725931 3.9052124490971791 2034700.0000000002 -0.026009963818698377 0.0086890476218846619 0.048616500000000007 0.10326678497081064 0.93233700000000008 0.054972500000000001 1246650.0000000002 -0.0026774429251719511 -0.019607824804414978 0.015313196838795147 1496300.0000000002 0.0045349570445879115
decision_type=2 2 2 2 2 2 2 2 2 2 2 2 2 2 2 2
left_child=2 15 4 -4 -1 6 7 13 -9 -8 11 -11 -12 -6 -15 -2
right_child=1 -3 3 -5 5 -7 9 8 -10 10 12 -13 -14 14 -16 -17
leaf_value=0.0011222061865158717 0.00061506430352164902 -0.0016815744274274699 0.0019588080940909844 -6.2512517615687102e-06 -0.0012656730963499286 -0.0013960642824531533 -0.0020369632283427563 0.0029086100003358137 0.00045393910311924458 0.0020883635216806494 -0.0017915907427033578 -0.00011862836399814113 -8.105491864425771e-05 0.0011543178508873098 -0.0002480257796272527 -0.00069872210452590012
leaf_weight=22 25 22 23 26 24 20 20 23 33 27 22 51 418 20 43 29
leaf_count=22 25 22 23 26 24 20 20 23 33 27 22 51 418 20 43 29
internal_value=-6.60563e-13 -0.000551065 5.425e-05 0.000916124 -4.16194e-06 -3.95116e-05 3.28438e-07 0.000447015 0.00146211 -0.0001184 -4.43247e-05 0.00064533 -0.000166582 -0.000206378 0.000197163 -9.04877e-05
internal_weight=848 76 772 49 723 701 681 143 56 538 518 78 440 87 63 54
internal_count=848 76 772 49 723 701 681 143 56 538 518 78 440 87 63 54
is_linear=0
shrinkage=0.3


Tree=14
num_leaves=18
num_cat=0
split_feature=18 18 18 14 18 27 5 15 4 23 0 0 17 3 12 18 22
split_gain=0.000235599 0.00030116 0.000351294 0.000915688 0.000498737 0.000290999 0.000578067 0.000718199 0.000569209 0.000500017 0.000926178 0.00086179 0.000853921 0.000716769 0.00040301 0.000358439 0.000275344
threshold=1.3597531793304136 1.117618413269132 0.70328082656182833 0.021686725807494915 0.55799590436970292 0.73484550000000015 0.013468225746396317 -1.0000000180025095e-35 2135750.0000000005 1.0000000180025095e-35 3.1232917566986607 3.4342019395935961 0.0055717498224920189 3.498666644096375 0.0016726466609328177 -0.17278612188766929 0.017582500000000004
decision_type=2 2 2 2 2 2 2 2 2 2 2 2 2 2 2 2 2
left_child=1 2 4 -4 5 6 7 14 -9 10 -7 12 -11 -13 -1 -12 -5
right_child=-2 -3 3 16 -6 9 -8 8 -10 11 15 13 -14 -15 -16 -17 -18
leaf_value=-0.00028079644778583623 -0.00075099471626648053 0.00096608728643332131 -0.0020543067523529036 0.0010150572803104296 0.0011031230490726345 -0.0021080382567431246 -0.0017556168953888117 -0.00022479956585749308 0.0017082937074099811 0.001935485368819802 -0.00036488193002099935 -0.0014375850345599106 2.0115784376257045e-06 0.00025927388382182537 -0.0018615905295259185 0.00038295596047516612 -0.0005069425587704324
leaf_weight=47 36 30 26 20 39 21 23 29 26 52 128 26 34 162 21 105 23
leaf_count=47 36 30 26 20 39 21 23 29 26 52 128 26 34 162 21 105 23
internal_value=1.98008e-12 3.32953e-05 -2.48952e-06 -0.000648848 6.00613e-05 -2.93913e-07 -0.000375161 -0.000117028 0.000689026 0.000103363 -0.000199856 0.000384448 0.00117109 2.46019e-05 -0.000768983 -2.78734e-05 0.000200964
internal_weight=848 812 782 69 713 674 146 123 55 528 254 274 86 188 68 233 43
internal_count=848 812 782 69 713 674 146 123 55 528 254 274 86 188 68 233 43
is_linear=0
shrinkage=0.3


Tree=15
num_leaves=17
num_cat=0
split_feature=5 12 15 15 4 10 10 21 27 21 10 1 18 4 9 8
split_gain=0.000197458 0.00067488 0.000381619 0.000388856 0.000335481 0.001562 0.000482802 0.000591505 0.000889432 0.000467176 0.000555059 0.000430271 0.000462361 0.000575463 0.000476165 0.000154723
threshold=0.024657341235875881 0.00024324643119060465 0.021782171078152956 0.016222660263624029 6041600.0000000009 -0.12756640902170754 -0.36904074585407082 0.055551500000000011 0.92701950000000011 0.077141500000000016 -0.54066261245280933 3.9777973753701508 0.42990034219472667 1043550.0000000001 0.018195666757310953 0.019208316209303928
decision_type=2 2 2 2 2 2 2 2 2 2 2 2 2 2 2 2
left_child=2 -2 3 4 6 -6 7 8 -1 -9 -11 12 13 -8 -14 -13
right_child=1 -3 -4 -5 5 -7 11 9 -10 10 -12 15 14 -15 -16 -17
leaf_value=-0.0026538350260670997 -0.0019379131280584259 0.00025831284172668614 0.001299598231188221 -0.00091961255283632239 0.00087036511197220528 -0.0026392581406980754 0.0015620681028979432 0.0012589444908080623 -0.00019314761201922709 4.2717891078720601e-05 -0.0015766984451537221 0.00010812899484087458 0.00037260312272016617 0.00012262868442800738 0.0019723128024700348 -0.00095501660440017329
leaf_weight=20 20 34 21 39 25 21 28 25 39 205 21 22 34 233 33 28
leaf_count=20 20 34 21 39 25 21 28 25 39 205 21 22 34 233 33 28
internal_value=1.61521e-12 -0.000555104 3.77527e-05 3.47227e-06 5.2519e-05 -0.000731854 0.000104963 -0.000172546 -0.00102728 2.8367e-05 -0.000107759 0.000332549 0.000457516 0.000277051 0.00116052 -0.000487233
internal_weight=848 54 794 773 734 46 688 310 59 251 226 378 328 261 67 50
internal_count=848 54 794 773 734 46 688 310 59 251 226 378 328 261 67 50
is_linear=0
shrinkage=0.3


Tree=16
num_leaves=22
num_cat=0
split_feature=16 1 5 4 2 12 4 6 26 18 16 9 9 18 21 0 17 21 26 10 21
split_gain=0.00023351 0.00036785 0.000248875 0.000235913 0.000561664 0.000441438 0.000576858 0.00044726 0.000431212 0.000341332 0.000255271 0.000442352 0.000757172 0.000440542 0.00037747 0.000343429 0.000422775 0.000329714 0.000365275 0.00041133 0.000294778
threshold=0.01138954254186793 3.5654086391111339 0.0051480138233805867 3581300.0000000005 3.2281544953560077 0.0031773402467781668 4976550.0000000009 0.0022911594382499941 0.81797150000000018 1.04807406876959 0.0056577146046421977 0.02176380378961059 0.029089324856212292 0.33578391195651824 0.92622550000000003 3.6557173607863844 0.0024301349922037979 0.90308350000000004 0.10973600000000001 -0.51707390290027722 0.32379450000000004
decision_type=2 2 2 2 2 2 2 2 2 2 2 2 2 2 2 2 2 2 2 2 2
left_child=3 -2 -3 9 -5 6 8 -8 -6 10 14 13 -13 15 17 -12 -17 18 19 -1 -20
right_child=1 2 -4 4 5 -7 7 -9 -10 -11 11 12 -14 -15 -16 16 -18 -19 20 -21 -22
leaf_value=0.00023241698261699639 0.0012174152701793768 0.00047029435577728275 -0.00087085603227023969 -0.0018203713265912873 8.8171640763411657e-05 -0.0012785947330065449 0.00010689213356402303 0.0018331003278779627 -0.0015445984365214825 0.0012223986944133814 0.0014432839908944774 -0.0019319020730273967 0.00034021880617894401 -0.0010846627175218916 -0.0011318562968101885 0.00084269884612876917 -0.00093952686293050645 0.0012511037682997994 -2.7719374520529525e-05 -0.0016685907512770167 0.00053867837469876204
leaf_weight=20 35 33 20 21 37 26 35 22 24 21 21 33 22 23 21 25 23 24 200 21 141
leaf_count=20 35 33 20 21 37 26 35 22 24 21 21 33 22 23 21 25 23 24 200 21 141
internal_value=-3.20146e-12 0.000462638 -3.58001e-05 -5.35686e-05 -0.000370969 -0.000159598 8.69612e-05 0.000773148 -0.00055423 3.44499e-05 -9.01161e-06 -0.000349986 -0.00102305 5.23921e-05 0.000108373 0.00043141 -1.12843e-05 0.000172523 0.000104758 -0.00074127 0.00020648
internal_weight=848 88 53 760 165 144 118 57 61 595 574 147 55 92 427 69 48 406 382 41 341
internal_count=848 88 53 760 165 144 118 57 61 595 574 147 55 92 427 69 48 406 382 41 341
is_linear=0
shrinkage=0.3


Tree=17
num_leaves=12
num_cat=0
split_feature=2 22 0 3 12 12 16 12 27 7 22
split_gain=0.000188459 0.000552833 0.000476996 0.000331115 0.000274888 0.000491785 0.000404963 0.000306489 0.000270165 0.000508915 0.000327136
threshold=3.0098017461371636 0.017582500000000004 3.1496957071565075 3.2723548412323002 0.0065599655740291186 0.0040614389188512838 0.0026315764707210963 0.0032436270917123645 0.88448050000000011 -0.016112389322454356 0.74339850000000018
decision_type=2 2 2 2 2 2 2 2 2 2 2
left_child=1 -1 -2 -4 5 7 -7 8 10 -10 -5
right_child=2 -3 3 4 -6 6 -8 -9 9 -11 -12
leaf_value=-0.00057094727683131799 -0.0012563199952377803 0.0012243226061783438 0.0010566469642351597 -0.00011556306838805597 -0.00095462364593653802 0.0019763139194401446 0.00011110618876479995 -0.0011118162612547165 -0.00077184140786162707 0.00035741451338547071 -0.0012220896050656358
leaf_weight=26 28 38 26 320 28 20 22 24 42 248 26
leaf_count=26 28 38 26 320 28 20 22 24 42 248 26
internal_value=2.12198e-12 0.000494994 -4.04077e-05 4.6261e-06 -3.28431e-05 3.92304e-06 0.0009993 -5.94192e-05 -1.97061e-05 0.000193867 -0.000198712
internal_weight=848 64 784 756 730 702 42 660 636 290 346
internal_count=848 64 784 756 730 702 42 660 636 290 346
is_linear=0
shrinkage=0.3


Tree=18
num_leaves=21
num_cat=0
split_feature=13 13 13 13 17 13 13 14 21 22 5 17 12 4 13 2 12 4 16 8
split_gain=0.000170684 0.000468338 0.000751013 0.00114084 0.000707742 0.000482293 0.000419313 0.000411501 0.000456686 0.000404956 0.000380879 0.000349804 0.000564348 0.00033042 0.000493807 0.000611113 0.000425332 0.00043426 0.000401186 0.000240686
threshold=0.028935900539178602 0.026996071650868477 0.024879103487659666 0.025447152257863932 0.012254832066832044 0.027658327636866636 0.023986401016636204 0.032491268533449351 0.69201100000000015 0.055242500000000007 0.020775659112680919 0.0025906711748779469 0.0013531889619645837 2358850.0000000005 0.019988207653281461 3.6948216953432769 0.0038831922648100868 1548000.0000000002 0.0023837913095758876 1.0000000180025095e-35
decision_type=2 2 2 2 2 2 2 2 2 2 2 2 2 2 2 2 2 2 2 2
left_child=1 2 6 -4 5 -3 10 8 -2 -7 13 -5 -13 16 15 -15 17 -1 -16 -8
right_child=7 4 3 11 -6 9 19 -9 -10 -11 -12 12 -14 14 18 -17 -18 -19 -20 -21
leaf_value=-0.00021264074467970725 -0.00073593763159310159 -0.0012043153453851119 0.0022358956746757028 -0.00087358712873786065 -0.0021404916182456708 0.00088762455804195872 -0.00014347002252179664 0.0014261726376134901 0.0010808169096708296 -0.00079602968733524901 -0.001006942483468265 0.0012138921476434917 -0.0006597841214186147 -0.0021790520994857485 0.0011454762061977567 -0.00031399630263138076 0.0015791654222994111 0.00059545783835921232 -0.00015483991217614081 -0.001392064861746886
leaf_weight=126 33 30 33 22 22 36 24 25 20 20 32 39 23 21 29 64 21 114 81 33
leaf_count=126 33 30 33 22 22 36 24 25 20 20 32 39 23 21 29 64 21 114 81 33
internal_value=-1.33625e-12 -4.28373e-05 5.16642e-05 0.000741303 -0.000622096 -0.000233669 -9.63867e-05 0.000422881 -5.03699e-05 0.000286319 -6.4535e-06 0.000154141 0.000518819 6.37563e-05 -0.000231688 -0.000774775 0.00028449 0.000171206 0.000187971 -0.000866341
internal_weight=848 770 662 117 108 86 545 78 53 56 488 84 62 456 195 85 261 240 110 57
internal_count=848 770 662 117 108 86 545 78 53 56 488 84 62 456 195 85 261 240 110 57
is_linear=0
shrinkage=0.3


Tree=19
num_leaves=25
num_cat=0
split_feature=16 14 12 7 13 12 10 21 7 12 15 18 9 5 10 18 10 22 16 9 18 6 14 4
split_gain=0.000153027 0.000201125 0.0002362 0.000176795 0.000347234 0.000430304 0.000379113 0.00049669 0.000225229 0.000276928 0.00046635 0.000461911 0.000433671 0.000427688 0.000422654 0.000655522 0.000618599 0.00039823 0.000369409 0.000320366 0.000427383 0.00029282 0.000212627 6.46686e-05
threshold=0.01138954254186793 0.032491268533449351 -0.001897738877726599 0.011848451171173025 0.020249659563856891 0.0061491582119578619 0.64584449983735726 0.20925100000000005 0.010269990095603613 0.00029617276055389822 0.0070671409988222753 0.70328082656182833 0.03082616924675418 0.0049261112198518238 0.95818431856062569 -0.38906525981207224 0.62981387457360161 0.024777000000000004 0.0026007822130067145 0.022319500537229617 -0.13108929362374727 0.0023257014670607103 0.022432715067089437 2280900.0000000005
decision_type=2 2 2 2 2 2 2 2 2 2 2 2 2 2 2 2 2 2 2 2 2 2 2 2
left_child=3 2 -2 8 -5 6 7 -6 9 10 11 12 13 -1 15 -11 21 22 -19 20 -12 -17 -16 -9
right_child=1 -3 -4 4 5 -7 -8 23 -10 14 19 -13 -14 -15 17 16 -18 18 -20 -21 -22 -23 -24 -25
leaf_value=-0.00010724054897005592 -0.00063959342474117879 0.0010384286717973216 0.00056775620278131094 -0.0015045124612333893 -0.0013849157115910201 -0.0014264736307086424 0.00087761622956653202 -6.1773341913067269e-05 0.00090777994226664302 -0.00045186219562310721 0.00046233862380436869 -0.0010025310946678344 0.0014665236295383821 0.0012613361369206003 -5.3235150984879243e-05 6.3292660828058917e-05 0.002503534431369709 2.5377343020712333e-05 -0.0013755095897067804 -0.0015984518457994924 -0.0011808577772422595 0.0013702428686277318 0.0012095797499309161 0.00070112706773215903
leaf_weight=193 25 28 35 20 25 20 36 20 25 35 28 35 21 23 28 36 21 36 32 29 29 27 21 20
leaf_count=193 25 28 35 20 25 20 36 20 25 35 28 35 21 23 28 36 21 36 32 29 29 27 21 20
internal_value=-5.30896e-14 0.000374519 6.46939e-05 -4.33653e-05 -0.000346534 -0.000155133 9.66175e-05 -0.000335936 2.56926e-05 -1.14323e-05 -0.000177745 1.47857e-05 0.000165022 3.84875e-05 0.000240856 0.000638942 0.00109344 -0.000164035 -0.000633864 -0.00078668 -0.000373674 0.000623414 0.000487971 0.000319677
internal_weight=848 88 60 760 141 121 101 65 619 594 358 272 237 216 236 119 84 117 68 86 57 63 49 40
internal_count=848 88 60 760 141 121 101 65 619 594 358 272 237 216 236 119 84 117 68 86 57 63 49 40
is_linear=0
shrinkage=0.3


Tree=20
num_leaves=21
num_cat=0
split_feature=22 22 12 14 4 17 26 17 4 4 12 18 17 11 2 4 6 10 17 17
split_gain=0.000192638 0.000369629 0.000187557 0.000496211 0.000334896 0.000196804 0.00048897 0.000435977 0.000269342 0.000489601 0.000433625 0.000478235 0.000355105 0.000348733 0.000378567 0.000283436 0.000406459 0.000306329 0.000156689 0.000134153
threshold=0.0087835000000000014 0.0072425000000000015 -0.0048728844286544072 0.019659451496939599 3466450.0000000005 0.01352875305940149 0.81707400000000019 0.016247654754420967 1533900.0000000002 1613200.0000000002 -0.00048923751430300438 -0.47030950033745539 0.011627950817908799 38.74780750892063 3.2867086621874564 1246650.0000000002 -0.0044591443601576033 0.79098820277675874 0.0050188236738715397 0.0027855343436437581
decision_type=2 2 2 2 2 2 2 2 2 2 2 2 2 2 2 2 2 2 2 2
left_child=1 -1 3 -2 -5 8 7 -7 10 -10 11 -4 13 19 -15 16 -12 -18 -3 -11
right_child=2 18 5 4 -6 6 -8 -9 9 12 15 -13 -14 14 -16 -17 17 -19 -20 -21
leaf_value=0.00040154841088224197 -0.00068288959708297616 -0.00040004778692001797 -1.7801761179511875e-05 0.0019403814826959701 0.00024419018984190189 -0.0018136286538922124 0.00061562972640296298 -7.5015145819634185e-05 0.001626556893606903 -0.0013481061281345318 0.0016324867185903713 -0.0015763871693461379 0.0012076839196379296 0.00093941169926319663 2.1433742119212497e-05 -0.0006306296073156708 -0.00078318867414385411 0.0008390466756281967 -0.0014415721359770173 -0.00024929902836447583
leaf_weight=30 20 26 34 22 20 27 26 25 20 20 20 37 25 46 334 28 22 20 26 20
leaf_count=30 20 26 34 22 20 27 26 25 20 20 20 37 25 46 334 28 22 20 26 20
internal_value=3.60969e-12 -0.00043702 4.67829e-05 0.000547007 0.00113267 2.72907e-06 -0.000446628 -0.000977757 5.87192e-05 0.00017451 -0.000275706 -0.000830022 0.000109249 4.3866e-05 0.000132557 0.000161588 0.000519363 -1.06957e-05 -0.00092081 -0.000798703
internal_weight=848 82 766 62 42 704 78 52 626 465 161 71 445 420 380 90 62 42 52 40
internal_count=848 82 766 62 42 704 78 52 626 465 161 71 445 420 380 90 62 42 52 40
is_linear=0
shrinkage=0.3


Tree=21
num_leaves=21
num_cat=0
split_feature=9 1 13 17 0 12 12 18 8 16 12 19 2 8 7 7 1 3 5 16
split_gain=0.00013641 0.000403237 0.000218399 0.000194567 0.000414927 0.000365156 0.000262134 0.000260136 0.000247681 0.000220785 0.000195088 0.000391613 0.00039272 0.000284827 0.000711949 0.000208393 0.000175891 0.000488781 0.000363825 7.32961e-05
threshold=0.036178346198555443 3.5147215929152735 0.027919784769915218 0.0022547922371753911 3.8961719294068176 -0.0042762396334912077 0.0046034734091298952 -0.26879293462236542 -0.033337108152251528 0.0024330296155311531 0.0025047149308689196 0.049692000000000007 3.5802213997131953 0.034722953604621347 0.0023866720660102761 -0.023420377821474957 3.4892707793449316 3.5004417896270756 -0.0089789278410440185 0.0053333282470703512
decision_type=2 2 2 2 2 2 2 2 2 2 2 2 2 2 2 2 2 2 2 2
left_child=3 2 -2 4 5 -1 10 19 -9 -10 13 -12 -13 15 -15 -5 18 -18 -17 -7
right_child=1 -3 -4 6 -6 7 -8 8 9 -11 11 12 -14 14 -16 16 17 -19 -20 -21
leaf_value=0.0012911679921671748 -0.00060310886955172141 -0.0015392657383927143 0.00067784433276392518 0.00081010199584332959 0.0013541390980365043 0.00012082195476978086 0.00075454943742702849 -0.0012159540473021479 -0.00084859903665346792 0.00040757112880836596 0.00037246132129179648 -0.0018087802867739809 -0.00014091775701672302 -0.00033951472550806765 0.0016095145385817532 -0.0012971659963060278 0.0012328922276501543 -0.00015366487574182327 -0.0001278432882423254 0.00093301973851339431
leaf_weight=20 23 20 25 21 29 20 35 24 20 34 28 27 24 37 31 34 25 270 81 20
leaf_count=20 23 20 25 21 29 20 35 24 20 34 28 27 24 37 31 34 25 270 81 20
internal_value=-2.60203e-12 -0.00040751 6.40543e-05 3.55265e-05 0.000322591 0.000105817 -4.26787e-05 -9.509e-05 -0.00041407 -5.76771e-05 -9.09538e-05 -0.00052899 -0.0010239 -2.16054e-05 0.000549013 -0.000111633 -0.000158844 -3.616e-05 -0.000473556 0.000526921
internal_weight=848 68 48 780 167 138 613 118 78 54 578 79 51 499 68 431 410 295 115 40
internal_count=848 68 48 780 167 138 613 118 78 54 578 79 51 499 68 431 410 295 115 40
is_linear=0
shrinkage=0.3


Tree=22
num_leaves=22
num_cat=0
split_feature=12 15 15 26 18 10 21 26 14 17 5 4 4 2 5 19 22 1 4 9 7
split_gain=0.00015417 0.000157734 0.00036984 0.000318129 0.000376985 0.000266526 0.000238967 0.000242262 0.000340086 0.000389169 0.000636293 0.000225198 0.000357592 0.000256937 0.000255087 0.000222149 0.000400657 0.000336228 0.000377139 0.000366977 0.000216083
threshold=0.0086890476218846619 -0.0029411990260143272 -0.0023556835368480225 0.89373500000000006 0.29794553065011559 0.75729272596761477 0.029058000000000004 0.11997350000000001 0.013683015032271829 0.002743486695550237 0.01049889093037438 1083250.0000000002 1418700.0000000002 3.7611752477429889 1.0000000180025095e-35 -0.39676249999999996 0.06287050000000001 3.5221441310369426 1548000.0000000002 0.024875937296390309 -0.0022700644822859725
decision_type=2 2 2 2 2 2 2 2 2 2 2 2 2 2 2 2 2 2 2 2 2
left_child=1 3 -3 5 -5 15 -4 8 -8 -10 -11 13 -13 -9 -14 -1 17 19 -19 -17 -18
right_child=-2 2 6 4 -6 -7 7 11 9 10 -12 12 14 -15 -16 16 20 18 -20 -21 -22
leaf_value=-0.00083448146936555942 -0.00080272551692490068 -0.0011416456827386616 -0.00077575150278529949 0.001485046530565755 -0.00011818556734149089 0.0009220001088189227 0.0006064786098755172 0.0015602425363405407 -0.0014493184475270482 -0.00097950684303733785 0.0010021180157200433 -0.00094292503864770488 0.00067092941403323393 5.7785117351158986e-05 6.3319969168454938e-06 -0.0016898129908213377 0.0011877666044764576 -0.00085963628535746064 0.00058704924325204706 -0.00013794751985187758 9.2631773335479897e-05
leaf_weight=29 21 28 35 33 22 28 27 21 32 35 25 28 71 20 194 24 34 23 55 32 31
leaf_count=29 21 28 35 33 22 28 27 21 32 35 25 28 71 20 194 24 34 23 55 32 31
internal_value=2.09784e-13 2.03836e-05 -8.13317e-05 0.000189146 0.000843754 4.85075e-05 -2.0494e-05 3.78592e-05 -0.00032969 -0.000604435 -0.00015383 0.000168812 7.66638e-05 0.000827336 0.000184394 -5.87635e-05 5.42809e-05 -0.000242192 0.000160462 -0.000803033 0.000665472
internal_weight=848 827 516 311 55 256 488 453 119 92 60 334 293 41 265 228 199 134 78 56 65
internal_count=848 827 516 311 55 256 488 453 119 92 60 334 293 41 265 228 199 134 78 56 65
is_linear=0
shrinkage=0.3


Tree=23
num_leaves=25
num_cat=0
split_feature=1 2 13 20 20 16 19 11 16 13 1 27 15 9 1 17 1 0 19 6 9 12 2 18
split_gain=0.000142167 0.000521562 0.000260277 0.000260151 0.000295126 0.000439821 0.000273795 0.000472449 0.000370276 0.00031185 0.000394898 0.000283783 0.000205876 0.000355219 0.0002015 0.000358467 0.000252995 0.000295933 0.000274825 0.000247911 0.000269724 0.000219591 0.000148227 8.06764e-05
threshold=3.5671488828447662 3.5114092582717285 0.019841729880690055 0.04798800000000001 0.028265500000000002 0.0051880713595440298 0.87282400000000016 34.94989232937035 0.01120447131680855 0.023514700225935135 3.5062612037402361 0.85407200000000005 -0.013872985859916734 0.014880951579202209 3.650834278467904 0.0069444199502173912 3.8072684255795246 3.769898831256016 0.75210700000000008 -0.0093458121094915896 0.015189964180390128 -0.001738609453066819 3.6948216953432769 0.078285341432257419
decision_type=2 2 2 2 2 2 2 2 2 2 2 2 2 2 2 2 2 2 2 2 2 2 2 2
left_child=2 -2 -1 4 5 -4 7 -5 9 11 -11 -9 13 -3 15 -14 19 -18 21 -16 22 -19 -21 -20
right_child=1 12 3 6 -6 -7 -8 8 -10 10 -12 -13 14 -15 16 -17 17 18 23 20 -22 -23 -24 -25
leaf_value=-0.00091213477368000883 -0.0013187072594882919 -0.0003810520858678501 0.0012368472748097369 -0.0010694976812704805 0.0016340917679785476 -0.00066013315160737631 0.001117412486512746 0.0012794020375936112 0.0013148665484384928 -0.00051282223544021519 0.00053041542149854799 -0.00013168294567351594 4.3863390545504021e-05 0.0012060278752323936 -0.00045138246368878752 -0.001645499926235061 -0.0012885988781636117 -0.00056970629792396296 -0.0003453536879533203 -0.00044735137533280061 0.001279437027679866 0.00022773972929879911 0.00070765781509180665 -0.0011778702157740058
leaf_weight=20 30 22 22 33 22 22 21 29 22 107 47 23 26 30 24 20 20 39 20 20 34 153 20 22
leaf_count=20 30 22 22 33 22 22 21 29 22 107 47 23 26 30 24 20 20 39 20 20 34 153 20 22
internal_value=1.89353e-12 -0.000107554 0.000140288 0.000200772 0.000736935 0.000288357 7.52865e-05 -8.56269e-06 0.000144994 2.00558e-05 -0.000194432 0.000655268 -2.68103e-05 0.000534571 -0.000100157 -0.000690642 -2.29908e-05 -0.000180971 -8.63016e-05 0.000386467 0.000658203 6.57585e-05 0.000130153 -0.000781434
internal_weight=848 480 368 348 66 44 282 261 228 206 154 52 450 52 398 46 352 254 234 98 74 192 40 42
internal_count=848 480 368 348 66 44 282 261 228 206 154 52 450 52 398 46 352 254 234 98 74 192 40 42
is_linear=0
shrinkage=0.3


Tree=24
num_leaves=19
num_cat=0
split_feature=8 14 12 7 10 6 11 1 11 16 6 27 13 13 17 13 16 14
split_gain=0.000123147 0.000381336 0.000322182 0.00034959 0.000289925 0.000392446 0.000284051 0.00022386 0.000187395 0.000163689 0.000183553 0.000273991 0.000157835 0.000515834 0.000337659 0.000310193 0.000296771 0.000196027
threshold=0.03591167433243888 0.034574982969846631 0.0017068238994701246 0.017185535297394586 1.8218133429503529 0.026301595610863478 66.062660339843561 3.5221441310369426 63.095912216341425 0.013449500232775699 -0.020511968606989419 0.9098575000000001 0.021982804838690379 0.023514700225935135 0.002824856093507504 0.021270815996710723 0.0055478887654657775 0.022811514488088009
decision_type=2 2 2 2 2 2 2 2 2 2 2 2 2 2 2 2 2 2
left_child=4 2 7 6 5 9 8 -2 -4 10 11 -1 15 16 -15 17 -14 -12
right_child=1 -3 3 -5 -6 -7 -8 -9 -10 -11 12 -13 13 14 -16 -17 -18 -19
leaf_value=6.0557238498865225e-05 0.0013072206507786176 -0.0012144083507431285 -0.00061274004726917205 0.00069436905654253098 0.0011859761533560232 -0.0011906894492036055 0.00019903916936527821 9.23137346175141e-05 -0.0017700322738528483 0.00069218096435482335 6.5420393477415425e-05 0.0014387530424573925 0.0013491279783400905 0.00049270250706658623 -0.00035302342389124009 -0.0011940555531182327 -1.101969028241001e-05 -0.0005954491718092378
leaf_weight=37 21 29 34 22 20 23 24 39 20 36 181 20 42 61 140 25 22 52
leaf_count=37 21 29 34 22 20 23 24 39 20 36 181 20 42 61 140 25 22 52
internal_value=-6.56924e-13 -0.000213475 -3.20555e-05 -0.000361807 6.12242e-05 2.60207e-05 -0.000659703 0.000517531 -0.00104137 7.14498e-05 3.29216e-05 0.000544135 -2.27938e-05 0.000139821 -9.63603e-05 -0.00018982 0.000881577 -8.20698e-05
internal_weight=848 189 160 100 659 639 78 60 54 616 580 57 523 265 201 258 64 233
internal_count=848 189 160 100 659 639 78 60 54 616 580 57 523 265 201 258 64 233
is_linear=0
shrinkage=0.3


Tree=25
num_leaves=27
num_cat=0
split_feature=7 13 12 13 20 4 4 5 6 9 5 5 14 12 13 10 23 14 12 14 21 4 4 20 9 18
split_gain=0.000122426 0.000266024 0.000349265 0.000248591 0.000350205 0.000204831 0.000164384 0.000307314 0.000290607 0.0002462 0.000360461 0.000241464 0.000234277 0.000335779 0.00041054 0.000323677 0.000224211 0.000245133 0.000225875 0.000207494 0.000203737 0.000201614 0.000179157 0.000129815 0.000123401 0.000137276
threshold=0.010710511203191287 0.020249659563856891 0.0065599655740291186 0.023150535082978294 0.25118850000000009 7853050.0000000009 2358850.0000000005 0.020649837092296692 0.014035252780545132 0.030569353834390748 -1.0000000180025095e-35 0.016412947522430905 0.027397233430072446 -0.00021750340072030079 0.020203201214542357 -0.90506868803931051 0.87500000000000011 0.018181831833886341 0.0011168824490399932 0.025423738516508462 0.23177050000000002 1539100.0000000002 2898100.0000000005 0.90261950000000013 0.02332139057541913 -0.17278612188766929
decision_type=2 2 2 2 2 2 2 2 2 2 2 2 2 2 2 2 2 2 2 2 2 2 2 2 2 2
left_child=5 -2 3 4 -3 6 7 12 9 11 -11 20 13 14 15 -1 17 -15 -18 -10 23 -16 -22 -8 25 -5
right_child=1 2 -4 24 -6 -7 8 -9 19 10 -12 -13 -14 16 21 -17 18 -19 -20 -21 22 -23 -24 -25 -26 -27
leaf_value=0.0014401500384100591 -0.0010888194535962408 0.0016233022289816289 -0.0012330052902689204 0.00014729734726383215 -0.00013077947733108886 0.00085284353096670078 0.00028366149545622796 -0.00096923592238454151 -0.00026049919964360262 0.0014001191103598103 -0.00012022785618910347 0.0007345305749367981 0.0011060381225363996 0.00044566086462298189 -0.00077035085594161494 -0.00021003327827202157 0.0008256921669023789 0.0015989955462929275 -0.00041529739947608586 -0.00148229429455982 -0.0012468446774269418 1.675963568333019e-05 -0.00032637746374181826 -0.00059532060622586864 0.00027086327775448026 -0.00083388373803410844
leaf_weight=23 27 20 20 21 21 28 62 20 29 25 32 24 26 43 64 20 22 27 33 22 26 54 71 20 35 33
leaf_count=23 27 20 20 21 21 28 62 20 29 25 32 24 26 43 64 20 22 27 33 22 26 54 71 20 35 33
internal_value=1.17248e-12 -0.000221939 -6.59009e-05 0.000113654 0.00072487 5.85444e-05 2.39559e-05 0.000170766 -0.000132767 -4.32977e-06 0.000546591 -0.000159022 0.000243843 0.000165462 -0.000120961 0.000672623 0.000534374 0.000890519 8.10984e-05 -0.000787548 -0.000278828 -0.000410148 -0.000573101 6.92756e-05 -0.000167918 -0.000452313
internal_weight=848 177 150 130 41 671 643 332 311 260 57 203 312 286 161 43 125 70 55 51 179 118 97 82 89 54
internal_count=848 177 150 130 41 671 643 332 311 260 57 203 312 286 161 43 125 70 55 51 179 118 97 82 89 54
is_linear=0
shrinkage=0.3


Tree=26
num_leaves=21
num_cat=0
split_feature=27 0 9 17 13 1 6 27 22 20 12 26 8 21 12 12 7 21 15 16
split_gain=9.09036e-05 0.000355702 0.000280086 0.000216636 0.000252959 0.000167559 0.000219473 0.00031139 0.000258644 0.000248892 0.000225654 0.0001837 0.000197882 0.000254269 0.000143191 0.000134246 0.000133335 0.000311469 0.000150806 0.000133365
threshold=0.93328100000000014 3.626903790743 0.014109707781296544 0.0027662544666649238 0.025814105460768799 3.424137670439205 -0.0052289384746654682 0.66804350000000012 0.011545500000000002 0.10357550000000001 0.0025438198320552334 0.045734000000000004 0.064282034484870187 0.23360200000000003 -0.0044333382828560704 -0.0032507960570317472 -0.011990471523768408 0.40332750000000006 0.021782171078152956 0.0046457625072970224
decision_type=2 2 2 2 2 2 2 2 2 2 2 2 2 2 2 2 2 2 2 2
left_child=5 3 -3 -2 -5 6 9 -8 -9 -1 -10 -7 14 -14 -13 -11 17 -16 19 -18
right_child=1 2 -4 4 -6 11 7 8 10 15 -12 12 13 -15 16 -17 18 -19 -20 -21
leaf_value=-0.00074201698822434997 0.00013826475959554638 -0.00044874565848238907 0.0008291004025714325 -0.0016675104971509427 -0.00039389401772496054 0.00064816226262006576 -0.00042434093425981702 3.2274859092597451e-05 0.0018292156654281604 0.00090448351005430921 0.00053793882642431913 -0.00065865599317476147 4.8741511896618511e-05 -0.0014106816045982254 -0.00023172233918087622 -0.00011162313673412427 -0.00025754168714918322 0.0011842070522511171 0.00068208150478312748 0.00011607094893167269
leaf_weight=30 23 26 38 25 32 33 20 21 29 22 21 30 21 22 29 25 198 27 24 152
leaf_count=30 23 26 38 25 32 33 20 21 29 22 21 30 21 22 29 25 198 27 24 152
internal_value=-1.17055e-12 -0.00021718 0.000309975 -0.000638904 -0.000952498 4.44231e-05 0.000305848 0.000621263 0.000915799 -6.69149e-05 0.00128688 -3.75161e-05 -8.25009e-05 -0.00069794 -2.49708e-05 0.000364001 1.92398e-05 0.000450958 -4.54024e-05 -9.52871e-05
internal_weight=848 144 64 80 57 704 168 91 71 77 50 536 503 43 460 47 430 56 374 350
internal_count=848 144 64 80 57 704 168 91 71 77 50 536 503 43 460 47 430 56 374 350
is_linear=0
shrinkage=0.3


Tree=27
num_leaves=18
num_cat=0
split_feature=4 13 27 13 1 15 22 16 13 13 9 17 17 6 8 10 18
split_gain=9.10392e-05 0.000122816 0.000236838 0.00020144 0.000218795 0.000228164 0.000269548 0.000166839 0.000161621 0.000355919 0.000154211 0.000168939 0.000170217 0.000221811 0.000159662 0.000106255 8.18945e-05
threshold=714900.00000000012 0.028935900539178602 0.81220300000000012 0.026642355487780271 3.5654086391111339 0.0052153406272248499 0.026513000000000005 0.0053050720810410507 0.024940455269882398 0.025447152257863932 0.034951282477330904 0.015891038276926419 0.011182560846443619 0.0025350989529235291 0.051921443332593777 -0.10691357862854002 0.028987914663044255
decision_type=2 2 2 2 2 2 2 2 2 2 2 2 2 2 2 2 2
left_child=-1 3 -3 8 5 6 -5 -4 10 -10 11 12 14 -14 -2 -11 -8
right_child=1 2 7 4 -6 -7 16 -9 9 15 -12 -13 13 -15 -16 -17 -18
leaf_value=-0.00057596425963311047 -6.1168948961325083e-05 0.0010935064249982436 -0.00051489735415088944 0.00073129894258540048 -0.0010884782927640681 -0.00095421012019869522 1.164887216873467e-05 0.00058463723145668264 0.0013583815025273139 0.00049813380755949768 -0.00082942580236704082 -0.00077486135870339745 0.0011068382592202396 -5.6695043117385996e-05 0.00062558982456473384 -0.00029775800345911799 -0.00084686774041983878
leaf_weight=24 397 27 27 34 29 24 20 23 26 26 20 23 30 29 33 36 20
leaf_count=24 397 27 27 34 29 24 20 23 26 26 20 23 30 29 33 36 20
internal_value=-2.41445e-12 1.67757e-05 0.000377521 -2.04096e-05 -0.000364623 -0.000150421 0.000110267 -9.11144e-06 5.00987e-05 0.000426706 -1.21973e-05 1.97257e-05 5.70989e-05 0.000534932 -8.46421e-06 3.60031e-05 -0.000417609
internal_weight=848 824 77 747 127 98 74 50 620 88 532 512 489 59 430 62 40
internal_count=848 824 77 747 127 98 74 50 620 88 532 512 489 59 430 62 40
is_linear=0
shrinkage=0.3


Tree=28
num_leaves=18
num_cat=0
split_feature=5 20 26 27 15 18 11 4 5 1 26 7 7 6 14 12 14
split_gain=7.17474e-05 0.000291912 0.00017137 0.000130334 0.000115425 0.00011259 0.000119415 0.000131198 0.000101127 0.00047087 0.000364652 0.000252363 0.000185254 0.000237635 0.000236557 0.000178616 0.000140819
threshold=-0.015368270008723853 0.74703550000000007 0.42132000000000008 0.89494250000000009 -0.020293734679893979 1.429801923889906 32.618228603331922 7853050.0000000009 -0.0082646248546045051 3.4706614225908661 0.58368400000000009 -1.0000000180025095e-35 0.019300856254108482 0.017728026689205739 0.0081753829611428634 0.0019954117875428706 0.02478411710481853
decision_type=2 2 2 2 2 2 2 2 2 2 2 2 2 2 2 2 2
left_child=1 2 4 -4 -1 6 -2 8 9 -8 11 -11 13 14 -10 -14 -15
right_child=5 -3 3 -5 -6 -7 7 -9 12 10 -12 -13 15 16 -16 -17 -18
leaf_value=-9.6793575103220058e-05 -0.00065854370011948044 0.0011511093469380284 -0.00097612489584467501 2.8729152780635137e-05 0.00091022623445106933 -0.00073609883256722244 -0.0013403698769772225 0.00072972730426541104 -0.00087305066990666085 0.0012253390019535658 -0.00073709494993841698 -8.4155881065978771e-05 1.9179917061202493e-05 -0.00019631084337561335 9.4552987462209967e-05 0.0010907422322946202 -0.0012741581337468234
leaf_weight=20 25 24 21 26 21 20 28 22 24 26 31 27 28 24 433 28 20
leaf_count=20 25 24 21 26 21 20 28 22 24 26 31 27 28 24 433 28 20
internal_value=5.48271e-13 0.000223695 -2.92362e-05 -0.000420248 0.000418997 -3.40405e-05 -1.443e-05 8.87371e-06 -1.48315e-05 -0.000274944 8.01984e-05 0.000558238 3.74711e-05 -2.0372e-05 4.37379e-05 0.000554961 -0.000686241
internal_weight=848 112 88 47 41 736 716 691 669 112 84 53 557 501 457 56 44
internal_count=848 112 88 47 41 736 716 691 669 112 84 53 557 501 457 56 44
is_linear=0
shrinkage=0.3


Tree=29
num_leaves=22
num_cat=0
split_feature=7 12 0 9 21 21 7 18 12 8 5 16 5 9 20 19 15 20 0 14 18
split_gain=6.72131e-05 0.000191353 0.000220525 0.00018999 0.000196105 0.000174595 0.000129348 0.000118358 9.17764e-05 0.00012115 0.000112772 0.000186106 0.00018196 0.00014311 0.0001389 0.000285174 0.0002532 0.00024857 0.000259515 0.000110406 7.52633e-05
threshold=0.010710511203191287 -0.0008942368501359462 3.4368489891632525 0.019201827427939234 0.49419100000000005 0.37184300000000009 0.016412947522430905 -1.5064904906930381 0.0046034734091298952 0.036501594288154061 0.011248775750049839 0.0028369617915560666 0.016412947522430905 0.010124011088190176 0.39642650000000007 0.26541400000000009 0.009245005244316892 0.48266050000000005 3.3193223311455742 0.025641139183977552 0.10326678497081064
decision_type=2 2 2 2 2 2 2 2 2 2 2 2 2 2 2 2 2 2 2 2 2
left_child=7 5 -3 6 -5 -2 -4 -1 10 -10 13 19 -13 20 15 16 -15 -16 -19 -12 -9
right_child=1 2 3 4 -6 -7 -8 8 9 -11 11 12 -14 14 17 -17 -18 18 -20 -21 -22
leaf_value=0.00076222247662371956 -0.0002081437509648664 0.00031174760477049006 -0.00074829267013347303 -0.00044995842219340489 -0.0017344182677334174 0.00097399295389715757 0.00018441039983372321 0.00017771065124014222 0.00091442182348818401 -9.5150539600581403e-05 -0.00018877381252605118 -0.00055332869271059392 0.00053291061194613574 -0.00012486840225818337 0.00091677990776588552 -0.0011637502095254604 0.00098668467930110629 0.00094604068587574616 -0.00016116797750991945 -0.0010301870807552405 0.00096243418267311586
leaf_weight=20 23 34 23 23 20 22 32 22 23 20 25 23 35 237 36 22 20 23 111 32 22
leaf_count=20 23 34 23 23 20 22 32 22 23 20 25 23 35 237 36 22 20 23 111 32 22
internal_value=9.43225e-13 -0.000164447 -0.000346573 -0.000574969 -0.00104738 0.00036979 -0.000205629 4.33786e-05 2.12943e-05 0.000444853 -8.66133e-06 -0.000276174 0.000102161 5.37402e-05 3.14197e-06 -0.000127106 -3.83662e-05 0.000216902 2.88753e-05 -0.000661146 0.000570072
internal_weight=848 177 132 98 43 45 55 671 651 43 608 115 58 493 449 279 257 170 134 57 44
internal_count=848 177 132 98 43 45 55 671 651 43 608 115 58 493 449 279 257 170 134 57 44
is_linear=0
shrinkage=0.3


Tree=30
num_leaves=15
num_cat=0
split_feature=4 13 7 17 16 12 12 18 0 0 14 26 24 12
split_gain=5.15742e-05 6.74078e-05 0.000156959 0.000173356 0.000135034 0.000126816 8.15633e-05 0.00021055 8.70666e-05 0.000205648 0.000163442 0.00016017 0.000153301 0.000143509
threshold=714900.00000000012 0.028935900539178602 -0.0071856298058967953 0.0076923613012176428 0.01684782857461371 0.0065599655740291186 0.0040614389188512838 0.028987914663044255 3.4986666947368494 3.4368489891632525 0.033492792400721214 0.90597600000000011 0.41666650000000005 -0.0002876678822652593
decision_type=2 2 2 2 2 2 2 2 2 2 2 2 2 2
left_child=-1 4 -3 -4 5 6 8 -8 9 11 12 -2 -10 -11
right_child=1 2 3 -5 -6 -7 7 -9 10 13 -12 -13 -14 -15
leaf_value=-0.00043350837622710967 0.00011657560104919995 -0.00033784987335093322 0.0010839953827339092 -1.4777686010347679e-05 -0.00073055149278724966 -0.00068534790559130236 -0.00021339293339026524 0.0010847718875993449 -8.3513856352087601e-05 -0.00012577058128954377 0.00077959835359381812 -0.00077191016337435148 0.00031631463197796122 -0.0012039291233522816
leaf_weight=24 140 25 28 24 23 23 23 22 301 20 28 21 121 25
leaf_count=24 140 25 28 24 23 23 23 22 301 20 28 21 121 25
internal_value=1.06131e-12 1.26265e-05 0.000279883 0.000576869 -1.4922e-05 7.81205e-06 3.05548e-05 0.000421265 3.75303e-06 -0.000157782 7.77003e-05 6.86154e-07 3.11289e-05 -0.000724748
internal_weight=848 824 77 52 747 724 701 45 656 206 450 161 422 45
internal_count=848 824 77 52 747 724 701 45 656 206 450 161 422 45
is_linear=0
shrinkage=0.3


Tree=31
num_leaves=23
num_cat=0
split_feature=18 18 14 8 23 17 0 22 15 27 20 20 19 7 12 12 4 6 15 12 10 18
split_gain=6.49699e-05 0.000170515 0.000165379 0.000219684 0.000149658 0.000125257 0.000181792 0.000153703 0.000182219 0.000199657 0.000179404 0.000321936 0.000229877 0.000206306 0.000188498 0.000337162 0.000168541 0.000400861 0.000181756 0.000336387 0.000139763 0.000101398
threshold=0.70328082656182833 0.85058358720153093 0.018757390476080372 0.039546198762913168 1.0000000180025095e-35 0.013711354161655686 3.6115672767257032 0.009478000000000002 -0.0091848484809197838 0.74742100000000011 0.38363300000000006 0.25354200000000005 0.11997350000000001 -0.019567563947872652 -0.0011768702351570258 -0.0016459614649827921 1533900.0000000002 0.0027777317930394803 0.011976191009163183 0.00097414389650885426 1.5931506609288566 -0.018382335750014869
decision_type=2 2 2 2 2 2 2 2 2 2 2 2 2 2 2 2 2 2 2 2 2 2
left_child=5 -2 -3 4 -4 7 21 8 -1 -10 11 12 14 -12 15 -9 17 -15 19 -18 -16 -7
right_child=1 2 3 -5 -6 6 -8 10 9 -11 13 -13 -14 16 20 -17 18 -19 -20 -21 -22 -23
leaf_value=0.00040783366138384734 -0.00091592399548972019 -0.0006094171323695718 0.0010880370497825028 -0.00066024973828461943 0.00010836063690173129 0.0012235532069968505 -0.00025095508591102371 -1.1542748239527158e-05 -9.9707723848041496e-05 -0.001159458407164493 -0.00060781543642016394 -0.0010141496452342835 0.00094905564738755033 0.00068803415810439863 -0.00032248538362119721 0.0012482868260349277 0.0012412802333098003 -0.0010022530668799805 -3.4319977368630298e-05 7.9653521252849536e-05 0.00051490551559254529 0.00029993548843776808
leaf_weight=20 24 32 23 20 36 23 23 94 32 32 21 30 22 28 174 24 57 23 33 37 20 20
leaf_count=20 24 32 23 20 36 23 23 94 32 32 21 30 22 28 174 24 57 23 33 37 20 20
internal_value=-2.80088e-13 -0.000190835 -3.40586e-05 0.000198998 0.000490268 3.61328e-05 0.000429825 -4.02749e-06 -0.000382579 -0.000629583 5.24527e-05 -7.2763e-05 1.17926e-05 0.00028149 -5.42964e-05 0.000244694 0.000386409 -7.42522e-05 0.000571398 0.000784044 -0.000236156 0.000793964
internal_weight=848 135 111 79 59 713 66 647 84 64 563 364 334 199 312 118 178 51 127 94 194 43
internal_count=848 135 111 79 59 713 66 647 84 64 563 364 334 199 312 118 178 51 127 94 194 43
is_linear=0
shrinkage=0.3


Tree=32
num_leaves=12
num_cat=0
split_feature=22 22 7 4 4 26 22 17 9 14 14
split_gain=4.83479e-05 7.02489e-05 6.99807e-05 5.6864e-05 6.81859e-05 0.000267138 7.94272e-05 7.05719e-05 0.000121582 0.000119125 7.43154e-05
threshold=0.0071525000000000009 0.0087835000000000014 -0.0069446902090514176 714900.00000000012 1083250.0000000002 0.58895200000000014 0.0097970000000000019 0.015018782651469154 0.020798820869970886 0.043465893937675283 0.038121152643208027
decision_type=2 2 2 2 2 2 2 2 2 2 2
left_child=-1 2 -2 -3 5 -5 -6 9 -9 10 -8
right_child=1 3 -4 4 6 -7 7 8 -10 -11 -12
leaf_value=0.00044952656940690108 7.7715497582175872e-05 -0.00048594730527838691 -0.00058004670130120187 -0.00020193692389511853 0.00046288955555837672 0.0011560632770521227 1.2329721497054667e-05 -0.00093652050170931031 2.4959734325640401e-05 -0.0006786986520058814 0.00060069522562116622
leaf_weight=21 24 20 37 32 32 22 569 20 29 22 20
leaf_count=21 24 20 37 32 32 22 569 20 29 22 20
internal_value=1.36263e-13 -1.14148e-05 -0.000321255 1.32591e-05 2.66427e-05 0.000351322 1.30641e-06 -2.10734e-05 -0.000367481 6.70728e-06 3.23082e-05
internal_weight=848 827 61 766 746 54 692 660 49 611 589
internal_count=848 827 61 766 746 54 692 660 49 611 589
is_linear=0
shrinkage=0.3


Tree=33
num_leaves=27
num_cat=0
split_feature=27 27 27 4 1 3 22 3 17 11 22 8 8 20 22 20 18 6 27 21 0 17 6 9 18 9
split_gain=4.61026e-05 0.000231839 0.000160564 0.000165656 0.000157454 0.000190488 0.000165503 0.00015203 0.000155938 0.000192193 0.000111681 0.000111209 0.000106035 0.00020253 0.000184922 0.000179191 0.0001246 0.000245281 0.000158713 0.000157407 0.000145703 0.00025397 0.000141385 0.000102803 9.11507e-05 7.20996e-05
threshold=0.91948400000000008 0.92487750000000013 0.91342600000000018 2180300.0000000005 3.7614096134915864 3.8843386173248295 0.036565500000000008 3.5712438821792607 0.0026525360405205609 54.739432263102302 0.49871400000000005 -0.08295621679833752 -0.028171026096936752 0.14342400000000002 0.018311500000000005 0.056662500000000005 -0.38906525981207224 0.0023669299677312786 0.85977100000000017 0.057834500000000004 3.4342019395935961 0.0051216423179097654 -0.009490055204646795 0.019123405566007102 -0.69148895776759767 0.022262152856359994
decision_type=2 2 2 2 2 2 2 2 2 2 2 2 2 2 2 2 2 2 2 2 2 2 2 2 2 2
left_child=2 -2 11 -4 7 6 -6 8 -3 10 -10 -1 13 15 25 -13 17 24 23 -18 21 -21 -22 -19 -14 -15
right_child=1 4 3 -5 5 -7 -8 -9 9 -11 -12 12 16 14 -16 -17 19 18 -20 20 22 -23 -24 -25 -26 -27
leaf_value=-0.00057900741129671964 -0.0010210872689798555 0.00059682204756308747 -4.0491295745596289e-05 0.0010051324932373973 0.0001331334631831851 -0.00029673315634838593 0.001236059677103185 -0.00097172524983761826 -0.0012031849796039751 0.00042022398244755875 -0.00021262993437371082 9.3851472510405904e-05 0.00041877712570272411 -0.00088415356127370605 0.00045528793222426129 0.0012379777359715913 -0.00073401501452151157 -0.0005993006139033241 -7.7056595579382364e-05 0.0011520637407375033 -0.00050893569858134269 9.2023367220203254e-06 0.00011279856265530555 -0.0015611887029444915 -0.00028490604076068847 -8.8260200573131439e-05
leaf_weight=29 23 23 25 30 25 29 24 21 20 21 21 22 37 20 36 28 21 20 22 30 41 42 167 20 30 21
leaf_count=29 23 23 25 30 25 29 24 21 20 21 21 22 37 20 36 28 21 20 22 30 41 42 167 20 30 21
internal_value=1.58573e-12 -0.000123092 3.97505e-05 0.000529849 -1.08426e-05 0.000312673 0.000673342 -0.000248901 -7.03214e-05 -0.00031781 -0.000695828 -6.24854e-06 2.35719e-05 0.000264425 -4.08593e-05 0.000734562 -4.75636e-05 -0.000294244 -0.000724275 5.81564e-05 0.000117569 0.000485395 -9.75483e-06 -0.00108024 0.000103695 -0.000476501
internal_weight=848 207 641 55 184 78 49 106 85 62 41 586 557 127 77 50 430 129 62 301 280 72 208 40 67 41
internal_count=848 207 641 55 184 78 49 106 85 62 41 586 557 127 77 50 430 129 62 301 280 72 208 40 67 41
is_linear=0
shrinkage=0.3


Tree=34
num_leaves=15
num_cat=0
split_feature=20 20 5 19 5 8 26 14 22 15 14 12 11 5
split_gain=4.00897e-05 6.73011e-05 0.000189694 8.31105e-05 0.00010051 7.61256e-05 0.000174568 0.000102891 0.000179929 0.000320348 0.000162747 0.000117957 0.000113809 6.41433e-05
threshold=0.94054450000000012 0.90261950000000013 -0.0045400599310104709 0.80685000000000007 0.030651920373035105 0.064282034484870187 0.35483900000000007 0.0186916257483585 0.14331450000000004 0.0023724804319471076 0.018226183744387569 -0.0013539685783643155 40.449556870196687 -1.0000000180025095e-35
decision_type=2 2 2 2 2 2 2 2 2 2 2 2 2 2
left_child=1 3 -3 4 5 7 -7 10 12 -10 11 -1 -9 -8
right_child=-2 2 -4 -5 -6 6 13 8 9 -11 -12 -13 -14 -15
leaf_value=-0.00031679731120155856 0.00040933894675358062 -0.00097201877979387059 9.9945878789115417e-05 0.00048742312465037684 -0.00063802744050256226 0.00029626271820494104 -0.0010415299462952785 0.00041492413792698445 0.00013922464169115404 0.0011767483238096196 -0.00089793810620903964 0.00012082435344945798 -0.00011045026787428469 -0.00030004535219632086
leaf_weight=84 21 24 39 32 22 28 21 46 97 37 21 163 192 21
leaf_count=84 21 24 39 32 22 28 21 46 97 37 21 163 192 21
internal_value=-5.01938e-14 -1.03943e-05 -0.000308422 1.41812e-05 -6.50696e-06 1.30613e-05 -0.000283968 4.55488e-05 0.000147647 0.000425705 -9.6169e-05 -2.80024e-05 -8.90732e-06 -0.000670788
internal_weight=848 827 63 764 732 710 70 640 372 134 268 247 238 42
internal_count=848 827 63 764 732 710 70 640 372 134 268 247 238 42
is_linear=0
shrinkage=0.3


Tree=35
num_leaves=13
num_cat=0
split_feature=8 7 22 8 27 4 22 26 27 10 19 15
split_gain=5.03093e-05 0.000119406 8.53018e-05 6.35708e-05 6.94752e-05 0.000135169 8.35175e-05 6.24636e-05 0.00012171 0.000132033 0.00011784 0.000110561
threshold=-0.057113663329062016 -0.011376728252856036 0.026513000000000005 -0.05068830676852263 0.94809100000000013 2692450.0000000005 0.91596000000000011 0.90434750000000019 0.93639900000000009 -1.4696028012891447 -0.50724899999999995 -0.013872985859916734
decision_type=2 2 2 2 2 2 2 2 2 2 2 2
left_child=1 -1 -3 -2 6 -6 7 8 9 11 -11 -5
right_child=3 2 -4 4 5 -7 -8 -9 -10 10 -12 -13
leaf_value=0.00028643263177745493 0.00055278202198678623 -0.00016290567591568106 -0.00089306739600942815 6.5036494634114204e-05 0.0001419357603822391 -0.00073703472500651946 0.00058842998459454068 -0.00039013668488223628 0.0007020620951152523 -0.00039991242688785779 9.6854117742601454e-05 -0.00086558820904530074
leaf_weight=29 20 36 24 20 32 31 24 32 24 47 502 27
leaf_count=29 20 36 24 20 32 31 24 32 24 47 502 27
internal_value=8.18867e-14 -0.00021339 -0.00045497 2.5022e-05 1.07389e-05 -0.000290574 3.88198e-05 1.85887e-05 3.96842e-05 1.30113e-05 5.43258e-05 -0.000469578
internal_weight=848 89 60 759 739 63 676 652 620 596 549 47
internal_count=848 89 60 759 739 63 676 652 620 596 549 47
is_linear=0
shrinkage=0.3


Tree=36
num_leaves=20
num_cat=0
split_feature=1 10 10 6 4 8 10 15 18 5 4 27 7 15 1 12 22 16 17
split_gain=4.03009e-05 5.22473e-05 0.000162312 9.28359e-05 7.88528e-05 0.000197168 0.000229898 0.000228946 0.000184794 0.000139639 0.000125439 0.000139233 0.000231982 0.000168189 0.000117371 5.47221e-05 7.9805e-05 0.000101783 5.96331e-05
threshold=4.0415848223884057 1.2723396351283982 1.1880260534995561 0.026301595610863478 1539100.0000000002 -0.00725682868447364 -0.40343680689387473 -0.004662025329731736 -0.48505601376583851 0.0023257014670607103 1774400.0000000002 0.8877925000000001 -0.018200520353746159 0.01338391488766264 3.7944203148408842 0.0025047149308689196 0.035827000000000005 0.0047619004368510132 0.0054869733911003717
decision_type=2 2 2 2 2 2 2 2 2 2 2 2 2 2 2 2 2 2 2
left_child=1 2 3 4 5 6 8 -7 -1 -9 14 13 -13 -12 -6 -3 17 -17 -18
right_child=-2 15 -4 -5 10 7 -8 9 -10 -11 11 12 -14 -15 -16 16 18 -19 -20
leaf_value=0.00039265071443217247 -0.000400736996777017 0.00051551977565609641 -0.00084210825152695177 -0.00060163634526278745 0.00099502145731821651 0.00015714749146614592 0.00095964869390666966 -0.0015268542365811299 -0.00057193768191679669 -0.0004724643701382984 -2.3748069445087149e-05 -0.00060094734039416338 0.00034381551963867549 -0.00077255868466548437 8.4627214835983545e-05 -0.00061446022966993048 2.3251789719903503e-05 0.00029352845387620619 0.00073900496849091727
leaf_weight=33 22 34 21 22 25 28 23 20 39 26 209 27 175 31 26 25 22 20 20
leaf_count=33 22 34 21 22 25 28 23 20 39 26 209 27 175 31 26 25 22 20 20
internal_value=-1.15784e-12 1.06734e-05 -2.05846e-05 4.63759e-06 2.47857e-05 -0.000152054 0.000133935 -0.000519203 -0.000129835 -0.000930895 8.54063e-05 3.40033e-05 0.000217535 -0.000120469 0.000530899 0.000192796 6.66747e-05 -0.00021091 0.000364087
internal_weight=848 826 705 684 662 169 95 74 72 46 493 442 202 240 51 121 87 45 42
internal_count=848 826 705 684 662 169 95 74 72 46 493 442 202 240 51 121 87 45 42
is_linear=0
shrinkage=0.3


Tree=37
num_leaves=18
num_cat=0
split_feature=27 2 7 15 4 22 6 6 13 14 12 10 15 16 11 20 21
split_gain=4.44112e-05 0.000106511 0.00019333 0.000203015 0.000103847 9.83878e-05 6.13447e-05 7.73497e-05 0.000106344 8.20558e-05 0.000132886 6.74285e-05 0.000127002 0.000120078 8.58818e-05 0.000175478 0.00015387
threshold=0.93328100000000014 3.5189621730860217 -0.0093023965524082364 -0.004662025329731736 2692450.0000000005 0.90246750000000009 0.031667059628096884 0.016117059759166368 0.031380409132837704 0.025000036425060917 0.0023486031119955707 -1.2736462137291431 -0.014201246596333353 0.008356636144623503 58.296468909595035 0.22192000000000003 0.064374000000000015
decision_type=2 2 2 2 2 2 2 2 2 2 2 2 2 2 2 2 2
left_child=5 4 -3 -4 -2 6 7 8 11 10 -9 12 -1 -14 16 -16 -13
right_child=1 2 3 -5 -6 -7 -8 9 -10 -11 -12 14 13 -15 15 -17 -18
leaf_value=0.00022836620506446655 -4.1086155654150335e-05 -0.00067120238007711505 0.0011291607288252895 -7.1274895208262021e-05 -0.00077218742432402592 0.00068692155531607573 0.00052953985250496765 0.0004390906320622889 0.00063777851534541693 -0.00068683825229527424 -0.00060795771558332481 -0.00039901316288575928 -0.00080081938739077975 3.1502251515401155e-05 -0.00054154980413119935 0.00014748425002415806 0.0002159194493963702
leaf_weight=37 34 21 21 32 36 20 20 24 25 29 20 42 39 26 58 78 286
leaf_count=37 34 21 21 32 36 20 20 24 25 29 20 42 39 26 58 78 286
internal_value=-8.75657e-13 -0.000151801 9.91396e-05 0.000404369 -0.000417081 3.10502e-05 1.18727e-05 -3.7197e-06 3.22663e-05 -0.000295059 -3.68404e-05 5.5211e-06 -0.000215327 -0.000467891 5.40696e-05 -0.000146369 0.000137178
internal_weight=848 144 74 53 70 704 684 664 591 73 44 566 102 65 464 136 328
internal_count=848 144 74 53 70 704 684 664 591 73 44 566 102 65 464 136 328
is_linear=0
shrinkage=0.3


Tree=38
num_leaves=19
num_cat=0
split_feature=12 12 9 6 27 7 4 17 15 22 18 3 6 10 15 26 14 3
split_gain=3.92502e-05 0.000229163 0.000160633 0.000159771 0.000115073 0.000147676 6.0631e-05 8.33313e-05 0.000112885 0.00013246 0.000112326 0.000124667 0.000104871 9.82692e-05 9.01701e-05 0.00015719 0.000128074 7.61505e-05
threshold=-0.0032507960570317472 -0.0025328022858163513 0.016174050410723183 -0.014517687753713837 0.78606500000000012 -0.0027175400084091146 7239100.0000000009 0.0072202201564984933 0.0079367226137759522 0.012715500000000003 1.1574514036907482 3.1232219934463505 -0.0022728015173717445 0.79098820277675874 0.014527916790691943 0.5450870000000001 0.016470628626206355 3.4372308254241948
decision_type=2 2 2 2 2 2 2 2 2 2 2 2 2 2 2 2 2 2
left_child=2 -2 -1 -4 -5 -6 7 10 9 -9 11 -3 17 -14 16 -16 -13 -11
right_child=1 6 3 4 5 -7 -8 8 -10 12 -12 14 13 -15 15 -17 -18 -19
leaf_value=0.00083361627417616541 -0.00076686389753983033 -0.00071559804099916415 0.00053098939394355209 0.000280355711609965 -9.218263463431818e-05 -0.0010736829280755377 -0.00036288860027451771 0.00081949209826929928 -0.00028231985002333346 4.4792391631744972e-05 0.00064808241091668601 6.7855106382474668e-05 -0.00032888307309804078 0.0003077962526731426 -0.00015321582744945772 0.00085459843117300456 -0.00031915503497051152 0.00079563125935589677
leaf_weight=25 36 26 36 28 37 22 37 34 38 20 20 179 48 40 30 26 135 31
leaf_count=25 36 26 36 28 37 22 37 34 38 20 20 179 48 40 30 26 135 31
internal_value=-1.28219e-12 -2.96774e-05 0.000140366 -5.38242e-07 -0.000220481 -0.000458166 1.02905e-05 3.23122e-05 0.000185879 0.00028872 -4.55786e-05 -8.06119e-05 0.000158891 -3.94834e-05 -3.59913e-05 0.000314698 -9.85346e-05 0.000501185
internal_weight=848 700 148 123 87 59 664 627 211 173 416 396 139 88 370 56 314 51
internal_count=848 700 148 123 87 59 664 627 211 173 416 396 139 88 370 56 314 51
is_linear=0
shrinkage=0.3


Tree=39
num_leaves=22
num_cat=0
split_feature=2 2 19 9 2 2 4 9 9 4 7 9 21 4 27 3 26 5 17 7 22
split_gain=3.99247e-05 0.0001542 0.000116301 9.85154e-05 8.26758e-05 7.55969e-05 9.68185e-05 8.25929e-05 7.52465e-05 9.66981e-05 0.000133924 7.09016e-05 0.000186108 0.000110666 9.1748e-05 8.83309e-05 0.000137683 8.80184e-05 6.8342e-05 6.76187e-05 0.000101636
threshold=3.7386168404776172 3.7180047961037501 0.78511450000000005 0.02052775388948937 3.8283926234430292 3.8460257285834039 2838750.0000000005 0.01357666729118724 0.011656970571646578 1227050.0000000002 -0.0025320323385677932 0.015988815504914749 0.13211400000000004 1533900.0000000002 0.82673500000000011 3.5683456659317021 0.65202350000000009 0.019300856254108482 0.0047004103749118632 -1.0000000180025095e-35 0.035827000000000005
decision_type=2 2 2 2 2 2 2 2 2 2 2 2 2 2 2 2 2 2 2 2 2
left_child=1 8 3 5 -4 6 18 19 -1 10 -10 12 -11 -13 -14 17 -17 -15 -2 -7 -21
right_child=2 -3 4 -5 -6 7 -8 -9 9 11 -12 13 14 15 -16 16 -18 -19 -20 20 -22
leaf_value=-0.00043193137883008604 -0.00038429132156042291 0.00082450522512028169 -0.00096584048483886625 0.00049214930719068846 -0.00016552159501700842 0.00060240751947276288 -0.00079278842685744165 -0.00029571186751127244 0.00083406724099345845 0.00082800444407996933 -5.5079675221350043e-05 -0.00055019690668192006 -0.00041436649838263144 -1.1373677375357839e-05 0.00031704115926090552 -0.00072611393227228229 0.00026586723382933993 0.0004663946434270545 0.0002529355812449856 -0.00033127717565391854 0.00053532874465288065
leaf_weight=32 33 22 21 31 26 30 25 37 31 31 30 38 33 226 29 34 20 41 28 29 21
leaf_count=32 33 22 21 31 26 30 25 37 31 31 30 38 33 226 29 34 20 41 28 29 21
internal_value=8.19043e-13 4.58253e-05 -9.2466e-05 -5.96901e-06 -0.000523111 -8.20363e-05 -0.000295571 7.4921e-05 1.43924e-05 4.22332e-05 0.000396782 -5.61514e-06 0.000227831 -6.60899e-05 -7.22565e-05 -8.78131e-06 -0.000358714 6.19915e-05 -9.17937e-05 0.000246339 3.26973e-05
internal_weight=848 567 281 234 47 203 86 117 545 513 61 452 93 359 62 321 54 267 61 80 50
internal_count=848 567 281 234 47 203 86 117 545 513 61 452 93 359 62 321 54 267 61 80 50
is_linear=0
shrinkage=0.3


Tree=40
num_leaves=20
num_cat=0
split_feature=20 27 5 13 8 5 27 27 16 13 27 9 20 13 8 6 0 8 28
split_gain=3.1232e-05 4.40394e-05 9.71956e-05 0.000129512 0.000117534 0.000104543 5.09648e-05 6.93768e-05 5.64404e-05 4.69449e-05 9.35511e-05 0.000149859 0.000128177 7.54679e-05 0.000155614 7.49834e-05 8.80123e-05 7.29099e-05 4.07597e-05
threshold=0.94054450000000012 0.93328100000000014 0.0027777317930394803 0.020232088257360597 0.0092169788356024473 -0.004705749329737355 0.92487750000000013 0.91948400000000008 0.0024010188201596242 0.018433287682024152 0.89619000000000015 0.028970613246003998 0.48531250000000009 0.020053535714559912 -0.0044209141609721442 -0.0023866533818705706 3.8675660688640972 0.064282034484870187 1.0000000180025095e-35
decision_type=2 2 2 2 2 2 2 2 2 2 2 2 2 2 2 2 2 2 2
left_child=1 6 3 -3 -4 18 7 9 -8 15 13 12 -12 14 -11 -1 -17 -15 -5
right_child=-2 2 4 5 -6 -7 8 -9 -10 10 11 -13 -14 17 -16 16 -18 -19 -20
leaf_value=-0.00052469773970577598 0.00036129873977707962 -0.0010271908809954765 0.00069804287798303573 -0.00016316504050337244 -0.00031813696296012495 -0.00067451610573863779 -7.7251352195162326e-06 -0.00051197756472249787 0.00070499031811777969 -0.00012608447286766022 0.00036089113428747151 0.0010502425663798931 -0.00050410748683914013 4.0491983037844131e-06 0.00098698727600549313 0.00038441112764919506 -0.00031954437212830685 -0.0003653011295812445 0.00044250581609958314
leaf_weight=35 21 20 21 20 20 22 20 23 20 26 58 20 21 341 20 31 33 56 20
leaf_count=35 21 20 21 20 20 22 20 23 20 26 58 20 21 341 20 31 33 56 20
internal_value=2.58611e-13 -9.17445e-06 -0.000174798 -0.00036337 0.000202345 -0.000149234 1.97627e-05 -4.87676e-08 0.000348633 1.832e-05 5.3018e-05 0.000316669 0.000130955 -5.90189e-06 0.00035786 -0.000171643 2.14341e-05 -4.80506e-05 0.00013967
internal_weight=848 827 123 82 41 62 704 664 40 641 542 99 79 443 46 99 64 397 40
internal_count=848 827 123 82 41 62 704 664 40 641 542 99 79 443 46 99 64 397 40
is_linear=0
shrinkage=0.3


Tree=41
num_leaves=16
num_cat=0
split_feature=22 19 7 26 14 26 4 11 18 21 18 18 9 3 16
split_gain=3.03399e-05 6.86749e-05 3.64978e-05 5.02333e-05 0.000143622 9.92648e-05 8.01794e-05 6.47445e-05 0.000102512 6.30417e-05 7.2576e-05 0.000156051 0.000144799 7.24281e-05 5.84429e-05
threshold=0.96313550000000003 -0.92911549999999987 -0.026635920927638859 0.06654450000000002 0.016528989601943132 0.045734000000000004 1827550.0000000002 34.432930784171262 -0.013713610923889076 0.84469900000000009 0.0068252779212579391 -0.37201879354541501 0.023522262200613524 3.709151148796082 0.0055172795454287099
decision_type=2 2 2 2 2 2 2 2 2 2 2 2 2 2 2
left_child=1 -1 -3 4 6 14 -4 8 -5 10 11 -9 -12 -11 -6
right_child=-2 2 3 7 5 -7 -8 9 -10 13 12 -13 -14 -15 -16
leaf_value=-0.00052058738510822871 0.00033985471223865678 0.00035481528158505591 -0.00015930460364870668 -0.00082498981020762586 -0.00045197525418941569 -0.00087528220800062889 0.00068000088420896131 -6.1134698356481206e-05 0.00012403210566844792 0.00064987601372195052 -0.0002289882024150447 0.00038569144258872258 0.00026424765817225574 -3.1626092561054977e-05 0.00019645289361175277
leaf_weight=23 23 26 20 20 29 28 21 170 21 32 194 120 74 25 22
leaf_count=23 23 26 20 20 29 28 21 170 21 32 194 120 74 25 22
internal_value=-2.70274e-13 -9.47474e-06 5.18311e-06 -6.53137e-06 -0.000184994 -0.000421433 0.000270584 2.61142e-05 -0.000338905 5.04489e-05 1.97503e-05 0.000123759 -9.27962e-05 0.000350972 -0.000172261
internal_weight=848 825 802 776 120 79 41 656 41 615 558 290 268 57 51
internal_count=848 825 802 776 120 79 41 656 41 615 558 290 268 57 51
is_linear=0
shrinkage=0.3


Tree=42
num_leaves=13
num_cat=0
split_feature=15 27 18 5 7 14 5 22 15 7 12 27
split_gain=2.97267e-05 2.96142e-05 3.44048e-05 0.0001273 4.13664e-05 5.37182e-05 7.74609e-05 8.0921e-05 6.96043e-05 9.16756e-05 8.44472e-05 5.11066e-05
threshold=-0.026863964012923285 0.51534350000000007 -1.0847706790815956 -0.0053193103412303424 0.023461592102222182 0.039753701356007025 0.020649837092296692 0.035827000000000005 0.014167657118295521 -0.0045716936351172192 0.0058760538905845367 0.90198550000000011
decision_type=2 2 2 2 2 2 2 2 2 2 2 2
left_child=-1 -2 3 -3 5 6 8 -8 10 -10 -4 -6
right_child=1 2 4 -5 11 -7 7 -9 9 -11 -12 -13
leaf_value=0.00036140726093435659 0.00034297886554018729 -0.00039260808349354191 -9.1226590628043347e-06 0.00055617580325425869 -5.7839524422032648e-05 0.00034200555110146523 -0.00084486871076348629 -2.1555476864291865e-05 -8.9195826476498041e-05 0.00080826496331220751 -0.00056239548564637797 -0.00065307930240773469
leaf_weight=20 21 20 551 35 34 36 21 22 20 21 26 21
leaf_count=20 21 20 551 35 34 36 21 22 20 21 26 21
internal_value=1.22267e-14 -8.72964e-06 -1.78819e-05 0.000211163 -3.46339e-05 -1.48687e-05 -3.43051e-05 -0.000423639 -7.21557e-06 0.000370479 -3.40535e-05 -0.000285113
internal_weight=848 828 807 55 752 697 661 43 618 41 577 55
internal_count=848 828 807 55 752 697 661 43 618 41 577 55
is_linear=0
shrinkage=0.3


Tree=43
num_leaves=21
num_cat=0
split_feature=9 9 4 4 6 4 0 21 6 19 6 16 6 12 10 15 18 12 16 9
split_gain=2.44214e-05 3.06174e-05 8.80084e-05 6.12794e-05 0.000138175 8.22113e-05 5.88274e-05 5.8743e-05 4.50053e-05 8.2083e-05 7.16809e-05 9.65015e-05 6.79753e-05 8.85811e-05 0.000109179 6.80919e-05 6.10955e-05 6.03642e-05 5.3939e-05 5.09712e-05
threshold=0.0061938213269746535 0.01091626869722675 1655300.0000000002 1266200.0000000002 -0.0067797847960762029 974200.00000000012 3.786383812333487 0.30816400000000005 -0.010443999047484876 0.88718350000000001 -0.0069687455288070218 0.0026845660178359504 -0.014101231634898523 -0.0031657008557905522 0.079347806911166691 -0.0024420330760051932 1.3597531793304136 -0.005297022308108067 0.0053691320356719337 0.019643589978203913
decision_type=2 2 2 2 2 2 2 2 2 2 2 2 2 2 2 2 2 2 2 2
left_child=-1 2 -2 4 -3 7 -4 -6 12 10 11 -10 13 15 18 -5 17 -12 -15 -14
right_child=1 3 6 8 5 -7 -8 -9 9 -11 16 -13 19 14 -16 -17 -18 -19 -20 -21
leaf_value=0.00031948615973565863 -0.00072969305387232458 0.00072949624842625444 0.00041230754959542537 0.0007050099459593184 0.00010455149022163824 0.00033613111991144252 -0.00026134774244772937 -0.00059160231258630351 -9.7735331128205867e-05 0.00052681241359096018 -0.0005360730762095045 0.00065120734780066414 -0.00016238422582059035 -0.00092617613874608647 0.00014772967716063638 -7.7823072206228969e-05 -0.00053253765303373291 -4.8311100639590721e-07 -0.00022943284042412413 -0.00082336534615023982
leaf_weight=21 20 33 20 20 20 36 28 24 30 27 20 32 21 20 35 20 23 357 20 21
leaf_count=21 20 33 20 20 20 36 28 24 30 27 20 32 21 20 35 20 23 357 20 21
internal_value=1.25942e-12 -8.11271e-06 -0.000200962 9.165e-06 0.000212979 -8.38173e-08 1.9342e-05 -0.000275169 -2.64867e-05 1.83808e-05 -1.13327e-05 0.000288816 -0.000166233 -4.69383e-05 -0.000239222 0.000313593 -5.78557e-05 -2.88964e-05 -0.000577804 -0.000492875
internal_weight=848 827 68 759 113 80 48 44 646 489 462 62 157 115 75 40 400 377 40 42
internal_count=848 827 68 759 113 80 48 44 646 489 462 62 157 115 75 40 400 377 40 42
is_linear=0
shrinkage=0.3


Tree=44
num_leaves=29
num_cat=0
split_feature=5 5 19 4 21 22 1 17 27 13 8 8 18 11 1 2 6 16 4 7 18 6 22 11 14 9 11 10
split_gain=2.41514e-05 0.000146324 6.50379e-05 8.83034e-05 0.000103734 8.34173e-05 0.00020358 0.000120912 9.5437e-05 8.27435e-05 6.01393e-05 0.000121976 0.000104324 8.7994e-05 0.000161709 0.000117748 8.45699e-05 0.00010255 8.18212e-05 6.06731e-05 5.53919e-05 5.34036e-05 5.08283e-05 9.73017e-05 8.73595e-05 7.88419e-05 3.29809e-05 5.4147e-05
threshold=-0.0023309852488380468 -0.0026774429251719511 -0.40548349999999994 4976550.0000000009 0.058976000000000008 0.099143000000000009 3.5127519317284861 0.0068182293541164804 0.88049050000000006 0.022972250520993154 0.010498205365469462 0.018705724707963264 -0.69148895776759767 48.277801976757821 3.8374644453329769 3.7625848311739327 -0.018868864430266388 0.002881865542226815 2165350.0000000005 -0.0044591443601576033 -0.20868560575961559 0.0057067999947813123 0.14331450000000004 60.000008992119234 0.022346375778657102 0.021471539540750442 62.937051137982643 1.3749865212128787
decision_type=2 2 2 2 2 2 2 2 2 2 2 2 2 2 2 2 2 2 2 2 2 2 2 2 2 2 2 2
left_child=1 2 9 4 -4 7 -7 8 -6 -1 13 -12 -13 15 18 16 -2 20 -15 -19 -18 -9 23 25 -24 -14 -25 -28
right_child=10 -3 3 -5 5 6 -8 21 -10 -11 11 12 22 14 -16 -17 17 19 -20 -21 -22 -23 24 26 -26 -27 27 -29
leaf_value=-0.00056085200290859527 -0.00042167115316260606 0.00075755342224147161 -0.00044417918332711494 0.00054159240976332508 -0.00046349469316498326 0.0011742582370061426 -6.1400477225106439e-05 0.00063778138173802284 0.00010745406488778677 7.3605185198667217e-05 0.00063792163293391205 0.00054131276399577751 -0.00019986526138382032 -0.0012314394139268969 6.0408415322724191e-05 -0.00057014046369345279 -0.00044856164446252435 0.00080914544770267739 -0.00039398802743692481 0.00019401027886722718 0.0002029522904138048 5.6929032494924188e-05 -0.00015995568246580659 0.00036735836110892702 0.00061827530153095716 -0.00090583508726922442 -0.00041287469237273475 0.00026206321752397343
leaf_weight=37 23 25 38 32 57 20 30 28 49 37 29 26 35 21 35 29 23 27 21 31 24 29 34 20 21 24 23 20
leaf_count=37 23 25 38 32 57 20 30 28 49 37 29 26 35 21 35 29 23 27 21 31 24 29 34 20 21 24 23 20
internal_value=1.18728e-13 5.59185e-05 6.78442e-06 7.22621e-05 1.24271e-05 9.38874e-05 0.000432863 -1.00928e-05 -0.000199566 -0.000243623 -4.58388e-05 6.23971e-05 -1.98207e-05 -0.00015315 -0.00041584 -2.43142e-05 9.93496e-05 0.000213478 -0.000812714 0.000480366 -0.000115874 0.00034226 -0.000102247 -0.000210189 0.000137187 -0.000487039 4.90843e-05 -9.89501e-05
internal_weight=848 382 357 283 251 213 50 163 106 74 466 232 203 234 77 157 128 105 42 58 47 57 177 122 55 59 63 43
internal_count=848 382 357 283 251 213 50 163 106 74 466 232 203 234 77 157 128 105 42 58 47 57 177 122 55 59 63 43
is_linear=0
shrinkage=0.3


Tree=45
num_leaves=29
num_cat=0
split_feature=9 12 9 12 15 7 6 25 23 16 13 0 7 7 20 16 16 5 9 13 6 15 6 4 13 13 16 6
split_gain=2.358e-05 6.59825e-05 0.000100637 5.19346e-05 0.000125615 5.38564e-05 8.41217e-05 0.000104892 7.42957e-05 8.20267e-05 6.93234e-05 8.05351e-05 6.47628e-05 4.88059e-05 5.46579e-05 4.75334e-05 5.80265e-05 4.70203e-05 0.000108223 0.000168783 9.18984e-05 8.54882e-05 8.41482e-05 9.44215e-05 6.8394e-05 4.87587e-05 4.25037e-05 3.35081e-05
threshold=0.033472012121530482 0.0038831922648100868 0.024288036055960634 0.0025047149308689196 0.0022831572193034756 -0.0023866533818705706 0.0022548832835212313 0.58333350000000006 0.41666650000000005 0.0022779565343908777 0.024260141275226684 3.7269552860900332 0.010416749491758361 0.011876778064342288 0.21371800000000005 0.0068258866736590562 0.0045300128543049123 -0.0047226104131730829 0.015903320183016597 0.027153474957240301 -0.0071260147787002336 -0.0077320335635979237 -0.01158777170245932 2439900.0000000005 0.020203201214542357 0.025008078288619513 0.0045454501120512853 -0.0092169058947185623
decision_type=2 2 2 2 2 2 2 2 2 2 2 2 2 2 2 2 2 2 2 2 2 2 2 2 2 2 2 2
left_child=1 3 -3 5 -5 17 8 10 9 -7 11 -8 -11 14 -2 16 -10 18 21 -20 22 -1 23 -19 26 -26 -22 -17
right_child=13 2 -4 4 -6 6 7 -9 15 12 -12 -13 -14 -15 -16 27 -18 20 19 -21 24 -23 -24 -25 25 -27 -28 -29
leaf_value=-0.00065335718405549407 0.00031730500114564265 -7.4101702583932155e-05 0.00068432626794674429 -0.00063875153260793216 0.00013781612908228693 -0.00061227865004301774 0.00083310095040360459 0.00082415374830209964 0.00012998113613365767 -0.00027471165030094977 -0.00020472447552037919 9.2656237729198227e-05 0.00035749000160285508 -0.00050154353503603481 -0.00024407232625447717 0.00014361720532178878 0.00071882093070598787 0.0003228753120062968 0.0007225199777726979 -0.00024289033857972494 -0.00032853796707058789 0.00016770040196466393 0.0006255554560266319 -0.000556066940223652 -0.00070640554053666578 -0.00020535293085137301 0.00028995445140026275 -0.00039896265137940641
leaf_weight=25 27 31 32 37 38 31 20 27 61 35 32 39 25 25 37 21 20 22 39 28 20 21 20 22 44 29 20 20
leaf_count=25 27 31 32 37 38 31 20 27 61 35 32 39 25 25 37 21 20 22 39 28 20 21 20 22 44 29 20 20
internal_value=-2.50599e-12 1.71305e-05 0.000311132 -9.4817e-06 -0.000245291 1.89976e-05 0.000101693 0.000304886 -1.08747e-05 -0.000216025 0.000150818 0.000343654 -1.12943e-05 -0.00014609 -7.24127e-06 0.000142147 0.000275374 -7.53887e-05 7.57976e-05 0.000319065 -0.000171909 -0.000278527 0.000115326 -0.000116596 -0.000334591 -0.000507357 -1.92918e-05 -0.000121056
internal_weight=848 759 63 696 75 621 331 118 213 91 91 59 60 89 64 122 81 290 113 67 177 46 64 44 113 73 40 41
internal_count=848 759 63 696 75 621 331 118 213 91 91 59 60 89 64 122 81 290 113 67 177 46 64 44 113 73 40 41
is_linear=0
shrinkage=0.3


Tree=46
num_leaves=19
num_cat=0
split_feature=11 22 15 12 17 11 6 16 10 10 10 22 0 18 7 4 19 14
split_gain=2.26848e-05 8.26848e-05 9.95404e-05 6.79105e-05 8.54286e-05 5.15009e-05 0.000108856 6.95478e-05 3.79624e-05 5.67615e-05 6.45551e-05 6.12367e-05 4.9045e-05 7.69591e-05 0.000108664 7.6291e-05 6.19433e-05 4.66813e-05
threshold=39.569390776008369 0.32527700000000004 0.0028619363417018073 -0.0043085114881592614 0.0031201293813701543 43.088666548670062 0.002445038476697563 0.0058394228123467371 -1.4696028012891447 -0.96285767559411528 -0.80753188938970955 0.025388000000000004 3.4368489891632525 -0.27961282830425355 -0.0027623831399622395 7239100.0000000009 0.17667150000000001 0.035674481605143284
decision_type=2 2 2 2 2 2 2 2 2 2 2 2 2 2 2 2 2 2
left_child=1 2 3 -1 -5 6 7 -2 -7 11 -11 -10 13 16 -15 17 -12 -14
right_child=5 -3 -4 4 -6 8 -8 -9 9 10 12 -13 15 14 -16 -17 -18 -19
leaf_value=0.00062941019943017242 0.00027496787031948866 -0.00060623938826029193 -0.00055397846167166292 -0.00035454790777293964 0.00041061918600462374 -0.00037144865153823046 0.00076540916104568166 -0.00038934684765120866 -1.1678004267940362e-05 -0.00054876202630111943 -0.00054285566278849723 0.00070453221186263747 8.6162998098365014e-06 -0.00011045616600313223 0.0006117530253941367 -0.00057942591074606749 0.00017903877337432833 -0.0004068198183981272
leaf_weight=21 37 25 22 29 24 25 25 23 22 20 20 21 382 30 50 23 23 26
leaf_count=21 37 25 22 29 24 25 25 23 22 20 20 21 382 30 50 23 23 26
internal_value=1.01353e-12 -0.000120272 6.28187e-06 0.000172846 -8.05715e-06 2.00178e-05 0.00023946 2.03139e-05 -9.03604e-06 5.64843e-06 -1.92564e-05 0.000338099 -1.40686e-07 0.000166949 0.000340925 -4.78253e-05 -0.000156726 -1.78576e-05
internal_weight=848 121 96 74 53 727 85 60 642 617 574 43 554 123 80 431 43 408
internal_count=848 121 96 74 53 727 85 60 642 617 574 43 554 123 80 431 43 408
is_linear=0
shrinkage=0.3


Tree=47
num_leaves=18
num_cat=0
split_feature=21 0 21 10 11 22 5 25 14 26 26 12 15 15 9 10 12
split_gain=2.2306e-05 5.25641e-05 7.38394e-05 5.92623e-05 7.69233e-05 4.6418e-05 8.17656e-05 4.5568e-05 3.39568e-05 4.15867e-05 7.21883e-05 7.04553e-05 4.31498e-05 6.57272e-05 3.33574e-05 3.31073e-05 9.70652e-05
threshold=0.04454650000000001 3.5105442729989464 0.031831500000000006 -0.65475467604463089 53.034198120227842 0.49670200000000003 0.0036416303218355776 0.58333350000000006 0.043465893937675283 0.042159000000000009 0.061141000000000008 -0.0011768702351570258 0.021782171078152956 0.0030960909660395952 0.014818873762940398 -1.0453922762487324 0.00027292281767568409
decision_type=2 2 2 2 2 2 2 2 2 2 2 2 2 2 2 2 2
left_child=1 2 -1 -3 -5 7 15 8 9 11 -11 -2 13 -12 -6 -7 -17
right_child=5 3 -4 4 14 6 -8 -9 -10 10 12 -13 -14 -15 -16 16 -18
leaf_value=-0.00041349474631715563 0.00062292324914596964 0.00070410105834071144 0.00026250670338273403 -0.00029134653674331136 8.0693730368303863e-05 -8.3719091926468542e-05 0.00028094105816437928 0.0003604812690267159 -0.00036220852034603014 -0.00043628571120279958 6.8998481787597697e-05 -2.2234251530160413e-05 0.00034088076735088179 -0.00017543509163540596 0.000598429846286308 -0.0010122603021695145 -0.00011055135652317073
leaf_weight=33 25 20 26 26 21 20 21 31 24 36 271 39 32 156 24 21 22
leaf_count=33 25 20 26 26 21 20 21 31 24 36 271 39 32 156 24 21 22
internal_value=1.42119e-12 0.000104958 -0.000115596 0.000247955 0.000119463 -2.25555e-05 -0.000231717 6.0594e-06 -1.27864e-05 2.21567e-06 -2.72068e-05 0.00022978 4.87778e-06 -2.03028e-05 0.00035682 -0.000402603 -0.000550921
internal_weight=848 150 59 91 71 698 84 614 583 559 495 64 459 427 45 63 43
internal_count=848 150 59 91 71 698 84 614 583 559 495 64 459 427 45 63 43
is_linear=0
shrinkage=0.3


Tree=48
num_leaves=17
num_cat=0
split_feature=17 17 5 9 13 4 9 10 4 8 18 3 8 4 8 9
split_gain=2.10248e-05 6.34096e-05 3.39422e-05 2.27363e-05 4.54322e-05 3.82719e-05 3.54228e-05 5.36698e-05 4.25837e-05 0.000103716 9.55499e-05 6.20262e-05 3.87021e-05 8.87443e-05 6.57731e-05 1.06418e-05
threshold=0.016125993511252459 0.014492895817998442 0.0047394855697186463 0.033472012121530482 0.027658327636866636 2898100.0000000005 0.03082616924675418 -2.0597345896497559 3899350.0000000005 0.01492646138216934 0.44527265981245151 3.7110534906387334 0.014458184470814687 1548000.0000000002 0.0051361978168837875 0.036651970070434338
decision_type=2 2 2 2 2 2 2 2 2 2 2 2 2 2 2 2
left_child=1 3 -2 6 15 -6 7 -1 12 10 -10 -11 14 -14 -9 -5
right_child=2 -3 -4 4 5 -7 -8 8 9 11 -12 -13 13 -15 -16 -17
leaf_value=-0.00039997166672297419 -2.8775637418640634e-05 -0.00052574452233134904 0.00049106320915598184 -0.00022130760095024016 0.00034467273134478922 -0.00022153357900346496 0.0003570806726606356 -1.8524372191591065e-05 0.00091156507073901591 0.00025362588224067748 0.00012880482840955663 -0.00043957897779854156 -0.00023108104544328797 0.00023638263472432384 -0.00041009576540835207 -0.00053078423399711028
leaf_weight=28 26 21 20 20 22 21 27 315 25 21 32 26 51 129 44 20
leaf_count=28 26 21 20 20 22 21 27 315 25 21 32 26 51 129 44 20
internal_value=-7.17192e-13 -1.13131e-05 0.000197241 2.51925e-06 -0.000145919 6.81534e-05 2.01702e-05 6.61341e-06 2.43185e-05 0.000200077 0.000472121 -0.000129849 -9.594e-06 0.000103935 -6.65164e-05 -0.000376046
internal_weight=848 802 46 781 83 43 698 671 643 104 57 47 539 180 359 40
internal_count=848 802 46 781 83 43 698 671 643 104 57 47 539 180 359 40
is_linear=0
shrinkage=0.3


Tree=49
num_leaves=25
num_cat=0
split_feature=8 22 14 8 6 26 11 11 26 6 10 11 10 1 21 12 23 18 18 20 4 13 5 5
split_gain=2.12373e-05 6.4298e-05 4.95203e-05 3.05032e-05 6.35625e-05 4.36674e-05 9.73922e-05 8.20453e-05 7.61518e-05 5.91089e-05 9.73343e-05 6.58637e-05 5.85496e-05 6.35317e-05 5.11946e-05 4.91548e-05 0.000179047 9.06564e-05 6.58139e-05 4.88001e-05 8.63956e-05 6.47492e-05 4.74246e-05 3.53784e-05
threshold=0.064282034484870187 0.17826650000000002 0.018181831833886341 0.046515538398413027 -0.0022700644822859725 0.11997350000000001 55.997613286655294 52.24536232571959 0.20193050000000004 0.0092273200575606704 -0.80753188938970955 49.623983430210494 -0.12756640902170754 3.5273817892472681 0.098973500000000006 0.00024324643119060465 0.87500000000000011 0.024157662566936616 0.15052582813481677 0.36188200000000009 4126750.0000000005 0.020053535714559912 -0.0024157739674230175 -0.0051882829153408489
decision_type=2 2 2 2 2 2 2 2 2 2 2 2 2 2 2 2 2 2 2 2 2 2 2 2
left_child=3 2 -2 5 -5 6 7 12 -7 15 -11 -12 13 23 -13 19 18 -18 -17 21 -21 -10 -15 -1
right_child=1 -3 -4 4 -6 8 -8 -9 9 10 11 14 -14 22 -16 16 17 -19 -20 20 -22 -23 -24 -25
leaf_value=-0.0005870868753481772 0.00037458084725585652 -0.00049591050923481817 -0.00019177302219346035 -0.00017463162772141263 0.00049302318895404987 0.00052307759365898421 -0.00066744223603074288 0.00052727657335708503 -0.00059341475016481124 -0.0007249363643653772 0.00026880969859408461 3.8286607114373347e-05 -0.00050922151879473983 0.0004121519759417638 -0.00053042587455170824 0.00030711382005392806 0.00020810208563390819 -0.00047049097192939369 0.00090721807425544619 1.1321791471047735e-05 0.00067010941378872041 -3.6126209843767057e-05 -0.00015313157787617951 -2.2812793831690213e-05
leaf_weight=20 24 30 33 21 33 28 26 20 24 23 38 29 28 34 28 38 37 34 29 122 21 86 22 20
leaf_count=20 24 30 33 21 33 28 26 20 24 23 38 29 28 34 28 38 37 34 29 122 21 86 22 20
internal_value=-2.22172e-13 -0.000140412 4.66918e-05 1.60524e-05 0.00023338 -5.46841e-07 -0.000133058 -3.65722e-05 4.14027e-05 1.49059e-05 -0.00017119 -3.71247e-05 -0.000127516 -1.61846e-05 -0.000241081 7.10677e-05 0.000215092 -0.000116858 0.00056686 -7.49111e-06 0.000108067 -0.000157716 0.000190076 -0.00030495
internal_weight=848 87 57 761 54 707 170 144 537 509 118 95 124 96 57 391 138 71 67 253 143 110 56 40
internal_count=848 87 57 761 54 707 170 144 537 509 118 95 124 96 57 391 138 71 67 253 143 110 56 40
is_linear=0
shrinkage=0.3


Tree=50
num_leaves=24
num_cat=0
split_feature=0 0 0 7 4 14 14 15 1 22 14 0 1 16 4 6 6 16 0 2 2 1 13
split_gain=1.64353e-05 8.63981e-05 6.12143e-05 4.33691e-05 4.14373e-05 4.65577e-05 5.86819e-05 5.26784e-05 6.66517e-05 7.71658e-05 6.09915e-05 3.72506e-05 4.54533e-05 9.61565e-05 5.24556e-05 4.41085e-05 6.87964e-05 4.83434e-05 4.73655e-05 4.28142e-05 4.06192e-05 3.84461e-05 3.38573e-05
threshold=3.7761338712644226 3.7917923693335109 3.7353663166859294 0.018626897121511915 998450.00000000012 0.022811514488088009 0.027308850361906143 -0.011627839925551315 3.9480917508036 0.052936000000000004 0.01194743705828584 3.6199860412269982 3.5996509121080393 0.0048019231534406669 5847300.0000000009 0.0055180968451040632 0.01049889093037438 0.005594498860790424 3.5273817678198753 3.4247536307047723 3.6288193637046686 3.7487044732263008 0.018948201353234436
decision_type=2 2 2 2 2 2 2 2 2 2 2 2 2 2 2 2 2 2 2 2 2 2 2
left_child=2 -2 11 4 -3 7 -7 -6 10 -10 -9 12 14 -14 15 18 -17 -18 19 -1 -13 -22 -4
right_child=1 3 22 -5 5 6 -8 8 9 -11 -12 20 13 -15 -16 16 17 -19 -20 -21 21 -23 -24
leaf_value=0.00013576750303823717 0.00064509604404260502 -0.00038137504238525604 -5.5100525059970096e-05 0.00043595769836429098 0.00055937208653631385 -0.00052069358566119003 9.9166417728863753e-05 0.00016861420818630986 0.00056934469809194141 -0.00016207389126066118 -0.00036834354165572828 0.0004916552255356994 -0.00071718073653755717 0.00011488106951583177 -0.00034338373128169525 -0.00044608890036071987 0.00022344938222565412 -0.00024255246171378531 0.00051950379303256653 -0.00018692404741391618 -0.00025834461734616939 0.0002907022244471591 -0.00056616320154197241
leaf_weight=174 21 26 20 20 20 28 27 33 34 21 45 27 25 25 36 38 51 33 23 47 22 24 28
leaf_count=174 21 26 20 20 20 28 27 33 34 21 45 27 25 25 36 38 51 33 23 47 22 24 28
internal_value=2.91349e-13 6.0287e-05 -2.89335e-05 1.19366e-05 -2.43045e-05 2.03293e-05 -0.000216399 0.000105428 3.71652e-05 0.000290076 -0.000141169 7.15559e-07 -3.13989e-05 -0.00030115 2.15223e-06 3.61394e-05 -0.000111145 4.03772e-05 0.000109782 6.71408e-05 0.000199561 2.81146e-05 -0.00035322
internal_weight=848 275 573 254 234 208 55 153 133 55 78 525 452 50 402 366 122 84 244 221 73 46 48
internal_count=848 275 573 254 234 208 55 153 133 55 78 525 452 50 402 366 122 84 244 221 73 46 48
is_linear=0
shrinkage=0.3


Tree=51
num_leaves=29
num_cat=0
split_feature=9 12 18 4 22 14 6 18 8 17 17 17 22 18 0 0 8 26 3 26 10 18 7 4 20 13 11 22
split_gain=1.56205e-05 8.00493e-05 6.25726e-05 6.03121e-05 8.92283e-05 4.98723e-05 4.13867e-05 4.44963e-05 0.000114025 4.58035e-05 4.41651e-05 4.54593e-05 5.12737e-05 4.0261e-05 2.95094e-05 6.8147e-05 6.02762e-05 0.000102124 3.77888e-05 3.60667e-05 3.53507e-05 4.02919e-05 7.79665e-05 4.6273e-05 7.95546e-05 8.98456e-05 4.71208e-05 6.16367e-05
threshold=0.017725460141997912 -0.0031657008557905522 -0.077348226606648321 1300500.0000000002 0.020355500000000002 0.032135171550568713 0.017728026689205739 -0.45147897211619753 0.019208316209303928 0.0026881694586956143 0.0095238008737019587 0.0048192724016655449 0.011499500000000001 0.084205869098436317 3.3405869666568511 3.2938714703543819 0.0024815878747885128 0.46184300000000006 3.0463719367980961 0.5450870000000001 -1.6869331553526101 -0.47030950033745539 -1.0000000180025095e-35 2881550.0000000005 0.069026500000000005 0.027340368749934885 59.620041168940794 0.052936000000000004
decision_type=2 2 2 2 2 2 2 2 2 2 2 2 2 2 2 2 2 2 2 2 2 2 2 2 2 2 2 2
left_child=1 2 -1 4 -2 6 7 8 9 -3 11 12 -9 -13 15 16 18 -18 19 -5 -16 22 -22 24 -23 -26 27 -25
right_child=3 5 -4 14 -6 -7 -8 10 -10 -11 -12 13 -14 -15 20 -17 17 -19 -20 -21 21 23 -24 26 25 -27 -28 -29
leaf_value=7.0166128134587771e-05 0.00074179321870490502 0.00023630549225227667 0.00082060176995582882 -0.00034299476102877749 -5.9116678758366632e-05 0.00040749487114953808 -0.00040306022454751655 -0.00037994328062444354 0.00079107577164125233 -0.00028368352148390842 0.00023232892594564502 -0.00069837897594879903 5.5187031792133649e-05 -0.00015895564108425541 -0.0005124383986445277 0.00049232410929107569 0.00070655690476996815 -0.0002029525291873142 -0.00057019554925235834 0.00020785087122931147 7.5511527912957329e-05 0.00064543427302851339 -0.00070167974655095547 -0.00057129428241751155 0.0002157955556313249 -0.00054727372397402572 8.5856384822154014e-05 1.8361734186732466e-05
leaf_weight=20 21 31 20 23 31 25 25 31 21 30 37 20 114 33 21 24 20 25 22 20 21 20 26 39 41 21 39 27
leaf_count=20 21 31 20 23 31 25 25 31 21 30 37 20 114 33 21 24 20 25 22 20 21 20 26 39 41 21 39 27
internal_value=5.81733e-13 4.23831e-05 0.000445384 -3.91155e-05 0.000264328 -1.54072e-06 -3.1441e-05 -2.13347e-06 0.000188141 -1.94268e-05 -6.85271e-05 -0.000124748 -3.78408e-05 -0.000362512 -7.96785e-05 3.43055e-05 -6.56258e-05 0.000201274 -0.000250403 -8.67875e-05 -0.000139576 -0.000106114 -0.000354424 -4.37046e-05 0.000125165 -4.26634e-05 -0.000175584 -0.000330071
internal_weight=848 407 40 441 52 367 342 317 82 61 235 198 145 53 389 134 110 45 65 43 255 234 47 187 82 62 105 66
internal_count=848 407 40 441 52 367 342 317 82 61 235 198 145 53 389 134 110 45 65 43 255 234 47 187 82 62 105 66
is_linear=0
shrinkage=0.3


Tree=52
num_leaves=17
num_cat=0
split_feature=4 20 14 19 22 1 9 6 0 11 8 15 4 22 14 22
split_gain=1.29243e-05 1.91249e-05 3.67474e-05 3.21253e-05 7.5467e-05 7.88159e-05 9.42873e-05 6.06196e-05 3.48604e-05 2.84029e-05 8.76598e-05 3.32212e-05 2.94138e-05 2.75942e-05 4.47186e-05 4.20446e-05
threshold=7853050.0000000009 0.91785250000000007 0.018291682256266536 0.58985200000000015 0.043209500000000005 3.5911207642453502 0.0270627071583023 -0.0022700644822859725 3.8675660688640972 65.476144409227302 0.064282034484870187 0.0025545108132330493 5949900.0000000009 0.041439000000000011 0.011764757608459077 0.025388000000000004
decision_type=2 2 2 2 2 2 2 2 2 2 2 2 2 2 2 2
left_child=1 3 -3 9 5 6 -5 -6 -7 10 12 -11 13 15 -15 -1
right_child=-2 2 -4 4 7 8 -8 -9 -10 11 -12 -13 -14 14 -16 -17
leaf_value=-3.0727694433966113e-05 0.00017339472174294435 6.1222431771778342e-05 -0.00042060774098250212 0.0010759039217373356 0.00017021027323118267 -0.00026129688762011933 0.00016574955287589025 -0.00048405876517426802 0.00028025821527041009 0.0004937029067548337 -0.00052445653770973879 -2.9819113370876946e-05 -0.00031295227321866798 -0.00026019561029073658 0.00011861945269693465 -0.00047377766251364452
leaf_weight=235 37 29 28 20 26 20 21 25 23 20 32 24 28 32 227 21
leaf_count=235 37 29 28 20 26 20 21 25 23 20 32 24 28 32 227 21
internal_value=4.5102e-13 -7.91073e-06 -0.000175466 4.75592e-06 0.000137354 0.000312129 0.000609727 -0.00015051 2.83721e-05 -2.41629e-05 -4.19396e-05 0.000208145 -1.3504e-05 2.77673e-06 7.1816e-05 -6.70716e-05
internal_weight=848 811 57 754 135 84 41 51 43 619 575 44 543 515 259 256
internal_count=848 811 57 754 135 84 41 51 43 619 575 44 543 515 259 256
is_linear=0
shrinkage=0.3


Tree=53
num_leaves=29
num_cat=0
split_feature=14 14 13 26 26 27 21 9 27 22 8 27 18 4 12 1 14 2 26 11 4 19 26 17 19 14 17 8
split_gain=1.62854e-05 4.56564e-05 4.5996e-05 4.01266e-05 5.34427e-05 4.77587e-05 6.70729e-05 3.45717e-05 3.31939e-05 2.74831e-05 2.73134e-05 2.99093e-05 5.26444e-05 5.25033e-05 3.73108e-05 6.70294e-05 4.55786e-05 8.0401e-05 6.59215e-05 4.96408e-05 3.96405e-05 3.9268e-05 3.3231e-05 3.14684e-05 2.93472e-05 2.65169e-05 4.58868e-05 1.70008e-05
threshold=0.016470628626206355 0.016088829841142679 0.026569172743319915 0.79795350000000009 0.87978150000000011 0.75393900000000003 0.84469900000000009 0.014109707781296544 0.80598500000000006 0.016750500000000005 -0.099661697765942178 0.72125400000000017 -0.32512461276562959 2983100.0000000005 0.0040614389188512838 3.5623822721674707 0.027397233430072446 3.4183067722397458 0.19762200000000005 43.088666548670062 1952050.0000000002 0.055090500000000008 0.82366750000000011 0.0047281278572888453 0.69486300000000012 0.039753701356007025 0.0097919269053490278 1.0000000180025095e-35
decision_type=2 2 2 2 2 2 2 2 2 2 2 2 2 2 2 2 2 2 2 2 2 2 2 2 2 2 2 2
left_child=1 2 3 5 -5 7 8 -1 -7 -8 -2 12 -12 23 16 -16 17 18 -13 21 -18 -19 -20 -14 -21 26 -22 -6
right_child=10 -3 -4 4 27 6 9 -9 -10 -11 11 14 13 -15 15 -17 20 19 22 24 25 -23 -24 -25 -26 -27 -28 -29
leaf_value=0.00039996157846127807 0.00029202607606155492 0.0004857231106663156 0.00035480386749523775 0.00055226868756686929 0.0001570625960704836 -0.00027826361481654907 -0.00018905375526138903 -7.738401750430057e-05 -0.00078818400626914811 0.00027871552403667009 -0.00057574607626520447 -0.00084648289608594488 -0.00011300267287879251 -0.0003288862105507992 0.00046747584237891713 -0.0002069440706691239 0.00042918151668547782 5.2849145583383258e-06 4.3109958583954723e-05 -2.1441349587383649e-05 9.4888875727602593e-05 0.00058005771705893494 -0.00044130904003535619 0.0003949359193583128 -0.00033807760886274456 0.00024062313909367232 -0.00042080001330759844 -0.00022510501912620384
leaf_weight=22 23 21 33 22 22 27 26 36 20 20 24 20 21 38 36 21 27 23 25 117 44 20 26 23 34 33 24 20
leaf_count=22 23 21 33 22 22 27 26 36 20 20 24 20 21 38 36 21 27 23 25 117 44 20 26 23 34 33 24 20
internal_value=3.84417e-13 6.09939e-05 2.50289e-05 -2.55878e-05 0.000173487 -0.000109964 -0.000243203 0.000103678 -0.000495251 1.43242e-05 -2.83374e-05 -4.15898e-05 -0.000184954 -7.05757e-05 -7.81963e-06 0.000219005 -4.07179e-05 -0.000111723 -0.000384872 -1.17555e-05 0.000106284 0.000272621 -0.000203849 0.000152511 -9.27369e-05 1.99651e-05 -8.7119e-05 -2.4922e-05
internal_weight=848 269 248 215 64 151 93 58 47 46 579 556 106 82 450 57 393 265 71 194 128 43 51 44 151 101 68 42
internal_count=848 269 248 215 64 151 93 58 47 46 579 556 106 82 450 57 393 265 71 194 128 43 51 44 151 101 68 42
is_linear=0
shrinkage=0.3


Tree=54
num_leaves=27
num_cat=0
split_feature=10 26 20 12 12 22 13 13 12 27 5 12 21 9 17 21 13 2 21 10 20 10 12 17 2 16
split_gain=1.24513e-05 3.48047e-05 3.04917e-05 2.55605e-05 2.48196e-05 2.50318e-05 6.43279e-05 6.97039e-05 8.53452e-05 6.63561e-05 5.95369e-05 4.88926e-05 8.27061e-05 3.80085e-05 3.07079e-05 4.2757e-05 4.55448e-05 4.21087e-05 3.71759e-05 3.58796e-05 3.58511e-05 4.23339e-05 2.64905e-05 2.64272e-05 2.40253e-05 1.85566e-05
threshold=-1.6212563174621948 0.78878550000000014 0.12302800000000001 -0.0054545742819303014 -0.004582203959374192 0.027130000000000005 0.022046409772970916 0.023278037861281128 -0.00055366560850334207 0.78298750000000006 -1.0000000180025095e-35 -8.4102985128147137e-05 0.49361900000000009 0.015189964180390128 0.0046728925107714482 0.49802850000000004 0.027153474957240301 3.3326143822729657 0.04454650000000001 -0.38266002687438899 0.14063050000000002 0.36948536764192746 -0.00025152870138164238 0.0046511581486919779 3.4849314067830397 0.00450452324228861
decision_type=2 2 2 2 2 2 2 2 2 2 2 2 2 2 2 2 2 2 2 2 2 2 2 2 2 2
left_child=1 2 -1 -2 -5 6 11 -8 10 -10 -9 13 -13 25 17 16 19 -7 -18 -16 21 -19 -22 -14 -17 -6
right_child=3 -3 -4 4 5 14 7 8 9 -11 -12 12 23 -15 15 24 18 20 -20 -21 22 -23 -24 -25 -26 -27
leaf_value=2.693742456904147e-05 0.00031068310209957415 0.00018451480450144467 -0.00040194350060758282 -0.00031922739207012842 9.0740273008123041e-05 0.00042446084116818387 0.00065773854637518527 0.00072262238619649516 -0.00044131989803223139 0.00010402470031205129 0.00010932105065750938 -0.00074495398844841732 0.00012047856473466654 -0.00013499137408375231 -0.00021196969094792925 -0.00015113211351986552 -1.5051835798658431e-05 0.00041110558480384851 -0.00057430347913633225 0.00014076408120496534 -0.00036351424134409169 -8.4686243808978508e-05 -1.1595531324691484e-06 -0.00028583665734913664 -0.00058964909023969715 0.0004945136525618311
leaf_weight=25 25 26 37 21 20 24 25 28 28 71 29 21 34 33 36 22 20 31 23 93 30 31 46 25 23 21
leaf_count=25 25 26 37 21 20 24 25 28 28 71 29 21 34 33 36 22 20 31 23 93 30 31 46 25 23 21
internal_value=1.40768e-13 -0.000106831 -0.000229008 1.23699e-05 2.22314e-06 1.16776e-05 7.14245e-05 0.000192685 0.000118157 -5.02142e-05 0.000410592 -7.10961e-05 -0.000233671 0.00010466 -4.1133e-05 -0.000114916 -4.68015e-05 5.76993e-05 -0.000314186 4.23267e-05 -6.08527e-06 0.00016321 -0.000144194 -5.16889e-05 -0.000375263 0.000297551
internal_weight=848 88 62 760 735 714 335 181 156 99 57 154 80 74 379 217 172 162 43 129 138 62 76 59 45 41
internal_count=848 88 62 760 735 714 335 181 156 99 57 154 80 74 379 217 172 162 43 129 138 62 76 59 45 41
is_linear=0
shrinkage=0.3


Tree=55
num_leaves=17
num_cat=0
split_feature=18 22 27 27 9 2 27 8 4 11 26 16 12 2 26 10
split_gain=1.31979e-05 1.42198e-05 2.59681e-05 2.82593e-05 2.58954e-05 3.95025e-05 3.5904e-05 2.33122e-05 4.59033e-05 2.63645e-05 2.56224e-05 2.4583e-05 2.18216e-05 2.14044e-05 1.44294e-05 2.39072e-05
threshold=-1.6963131176393154 0.96313550000000003 0.93187150000000007 0.92487750000000013 0.015635371810254154 3.5189621730860217 0.94407400000000019 -0.057113663329062016 2285950.0000000005 41.941683352130106 0.88695200000000007 0.0062505433094971682 -0.0047033896811167694 3.3437367143444203 0.19012500000000002 -1.0835417517959087
decision_type=2 2 2 2 2 2 2 2 2 2 2 2 2 2 2 2
left_child=-1 2 3 7 6 13 -4 8 -2 14 12 -10 -11 -6 -9 -16
right_child=1 -3 4 -5 5 -7 -8 9 11 10 -12 -13 -14 -15 15 -17
leaf_value=0.00024081090803520055 -0.0005255861991661897 0.00023214595778633587 -0.00060612528967405005 0.00027734695616827057 -6.7805939649518292e-06 0.00024474622679353442 -7.4027157697855724e-05 0.00040197584130510224 0.00021241856647975511 -0.00026564506083377634 -0.00033894166561367452 -0.00021696748317481251 2.2025141314047801e-05 -0.00039966556796571239 -0.00014129099625279196 0.00030718717627441152
leaf_weight=20 22 22 21 34 26 29 25 21 24 25 20 24 468 24 20 23
leaf_count=20 22 22 21 34 26 29 25 21 24 25 20 24 468 24 20 23
internal_value=1.10266e-12 -5.81669e-06 -1.23119e-05 1.07585e-05 -0.000138 -3.38054e-05 -0.000316942 -3.25083e-06 -0.000166744 1.65837e-05 -6.06665e-06 -2.27446e-06 7.4374e-06 -0.000195365 0.00019814 9.85927e-05
internal_weight=848 828 806 681 125 79 46 647 70 577 513 48 493 50 64 43
internal_count=848 828 806 681 125 79 46 647 70 577 513 48 493 50 64 43
is_linear=0
shrinkage=0.3


Tree=56
num_leaves=18
num_cat=0
split_feature=12 9 4 7 10 13 4 13 8 9 7 9 9 3 17 2 18
split_gain=1.41487e-05 4.4294e-05 3.03563e-05 2.92389e-05 2.8556e-05 2.77836e-05 2.08689e-05 1.73728e-05 2.1653e-05 1.84376e-05 3.45663e-05 3.9629e-05 3.29752e-05 2.15855e-05 4.41676e-05 2.89968e-05 1.29223e-05
threshold=-0.0031657008557905522 0.017725460141997912 3313800.0000000005 -0.010296523997425835 -1.6212563174621948 0.024767967415070119 2397150.0000000005 0.031501040203997487 0.081292888382437187 0.030195372908726686 0.0092273200575606704 0.034164017737481851 0.028695115828159066 3.3804535865783696 0.0050697117333297634 3.4768699262496616 -0.39182595491561745
decision_type=2 2 2 2 2 2 2 2 2 2 2 2 2 2 2 2 2
left_child=1 6 3 -3 -2 -4 -1 8 9 12 11 -11 13 14 -6 -15 -5
right_child=4 2 5 16 7 -7 -8 -9 -10 10 -12 -13 -14 15 -16 -17 -18
leaf_value=0.00013721865694606093 -0.00031491641784100463 0.00012161239723671157 -0.00010357381611356686 -0.00012841268748161382 0.00010921783767367617 0.00035938457928880646 0.00057060057341004719 0.00024494572280673308 -0.00024447070563577913 -0.00028753936203429475 -0.00044840113917851579 0.00028861790269729681 0.00039442963650799352 0.00018500351288602392 -0.00039475233240998078 -1.086535060140772e-05 -0.00046535698462061447
leaf_weight=20 28 23 20 20 29 28 20 24 35 21 23 22 20 83 34 377 21
leaf_count=20 28 23 20 20 29 28 20 24 35 21 23 22 20 83 34 377 21
internal_value=3.94291e-13 8.29211e-05 -1.38605e-05 -0.00014912 -1.81092e-05 0.000166485 0.00035391 -5.66819e-06 -1.50078e-05 -1.82032e-06 -0.000151545 7.23877e-06 1.63782e-05 1.92121e-06 -0.000162766 2.44762e-05 -0.000300994
internal_weight=848 152 112 64 696 48 40 668 644 609 66 43 543 523 63 460 41
internal_count=848 152 112 64 696 48 40 668 644 609 66 43 543 523 63 460 41
is_linear=0
shrinkage=0.3


Tree=57
num_leaves=28
num_cat=0
split_feature=19 7 15 5 5 1 11 18 14 6 28 1 12 19 14 15 5 12 11 13 27 9 2 27 6 15 4
split_gain=1.07306e-05 3.27666e-05 2.96744e-05 3.71329e-05 4.71817e-05 3.70366e-05 3.78197e-05 3.22934e-05 5.62153e-05 4.49966e-05 2.85768e-05 3.15516e-05 2.67623e-05 2.553e-05 3.12699e-05 3.23277e-05 3.65201e-05 4.37856e-05 4.22626e-05 3.36839e-05 3.32297e-05 3.15758e-05 3.02729e-05 2.76916e-05 2.32808e-05 2.26581e-05 1.74929e-05
threshold=0.11997350000000001 -0.019567563947872652 0.0081083371833633039 -0.0051348542939388406 -0.0073891254452822163 3.4622540119678411 54.504853719292299 -0.013713610923889076 0.013620890004308757 0.0023365871699273489 1.0000000180025095e-35 3.4386378654737819 0.00078293972860112558 0.082429500000000003 0.030226199720654288 0.002361276252847573 -1.0000000180025095e-35 -0.0042762396334912077 40.0000451134702 0.022794896782508411 0.8993595000000002 0.016398857539484463 3.3437367143444203 0.80024850000000014 0.015484258960501561 0.014527916790691943 2149250.0000000005
decision_type=2 2 2 2 2 2 2 2 2 2 2 2 2 2 2 2 2 2 2 2 2 2 2 2 2 2 2
left_child=13 -2 3 4 10 -4 25 8 -5 -10 11 -3 -9 14 15 16 17 -1 -19 -18 23 -22 -16 -17 -20 -7 -15
right_child=1 2 5 7 -6 6 -8 12 9 -11 -12 -13 -14 26 22 20 19 18 24 -21 21 -23 -24 -25 -26 -27 -28
leaf_value=0.00043179183662037497 -0.0002509746426188609 0.00025944685978836126 -0.00035315425033331847 4.5200925987129179e-05 -0.00038466962396341839 2.2024807458365102e-05 -0.00018827828896826612 0.00022513437375105361 0.0003034081563883875 0.00089710313521209164 0.00033390889149249517 -0.00018987055182850991 -0.0001676827161847743 -0.00043759823428527774 2.9672741847803236e-05 0.00018476951928667924 -2.9017461291074979e-05 -0.00041459882016748782 0.00010117662240450694 -0.00052187907938332494 0.00052273010631324716 0.00010856412348378373 -0.00038219214044753853 -0.00024518903743368217 -0.00023420216840231263 0.00044872624961759091 -6.3416497711011243e-05
leaf_weight=21 33 22 30 33 24 24 37 37 27 20 29 39 27 22 29 28 26 22 98 24 30 37 36 26 23 21 23
leaf_count=21 33 22 30 33 24 24 37 37 27 20 29 39 27 22 29 28 26 22 98 24 30 37 36 26 23 21 23
internal_value=-1.89755e-12 3.5462e-05 6.1009e-05 0.000116986 -1.09284e-05 -6.79382e-05 3.64091e-05 0.000218252 0.000345321 0.000556044 8.8736e-05 -2.78216e-05 5.94147e-05 -3.2115e-05 -8.0136e-06 2.89342e-05 -4.11422e-05 2.72873e-05 -3.21155e-05 -0.000265591 0.000152871 0.000294012 -0.000198437 -2.22476e-05 3.74269e-05 0.000221152 -0.00024635
internal_weight=848 403 370 258 114 112 82 144 80 47 90 61 64 445 400 335 214 164 143 50 121 67 65 54 121 45 45
internal_count=848 403 370 258 114 112 82 144 80 47 90 61 64 445 400 335 214 164 143 50 121 67 65 54 121 45 45
is_linear=0
shrinkage=0.3


Tree=58
num_leaves=16
num_cat=0
split_feature=9 9 13 22 14 10 6 6 5 6 26 4 5 4 4
split_gain=1.08364e-05 2.86568e-05 3.23888e-05 2.71952e-05 2.82796e-05 1.94949e-05 1.82472e-05 3.8401e-05 2.83058e-05 2.59525e-05 3.90512e-05 3.60061e-05 2.39411e-05 2.34818e-05 1.33665e-05
threshold=0.034340886594972336 0.03082616924675418 0.026499847544497378 0.025795500000000002 0.020506963648211366 -1.9632944980809335 -0.020000570951548554 -0.011848530549368149 0.0047733997601486838 -0.0073530860890311999 0.23419900000000002 7853050.0000000009 -0.0023309852488380468 2810300.0000000005 2486250.0000000005
decision_type=2 2 2 2 2 2 2 2 2 2 2 2 2 2 2
left_child=1 5 -3 -2 -5 -1 13 8 -8 10 -9 12 -11 -7 -12
right_child=3 2 -4 4 -6 6 7 9 -10 11 14 -13 -14 -15 -16
leaf_value=-0.00021513262189408713 9.3257037972632259e-05 0.00051532683958482395 -1.1568164752264108e-05 -0.0005252273043197419 -4.6620033501312717e-05 0.0003597632918611233 -0.00040747492894297464 -6.8507956020766864e-05 -1.3819692568147496e-05 5.1967493262288259e-05 0.00055770247374312023 0.00038950583035330055 -8.2833224396556307e-05 -3.2865782010888396e-05 0.00021086156975798074
leaf_weight=37 35 21 21 20 25 29 35 30 31 218 20 20 260 26 20
leaf_count=37 35 21 21 20 25 29 35 30 31 218 20 20 260 26 20
internal_value=8.25624e-13 1.09454e-05 0.000251879 -0.000105076 -0.000259334 -2.99295e-06 8.39917e-06 -5.98044e-06 -0.000222576 1.91874e-05 0.000190229 -4.85463e-06 -2.13551e-05 0.000174157 0.000384282
internal_weight=848 768 42 80 45 726 689 634 66 568 70 498 478 55 40
internal_count=848 768 42 80 45 726 689 634 66 568 70 498 478 55 40
is_linear=0
shrinkage=0.3


Tree=59
num_leaves=15
num_cat=0
split_feature=11 8 0 2 22 27 4 27 16 1 1 4 12 1
split_gain=1.12083e-05 1.59163e-05 1.18119e-05 4.27259e-05 4.53833e-05 3.88739e-05 3.97982e-05 3.91443e-05 3.08822e-05 2.52317e-05 4.26101e-05 1.51195e-05 3.98144e-05 3.48378e-05
threshold=68.352345129147722 0.079998514044514177 3.3405869666568511 3.3592461147203445 0.049754500000000007 0.7882450000000002 1539100.0000000002 0.90840500000000002 0.0058394228123467371 3.479966002760619 3.5074943031768284 1202800.0000000002 0.0008606668894522593 3.5712438061970784
decision_type=2 2 2 2 2 2 2 2 2 2 2 2 2 2
left_child=1 2 5 4 -4 8 -7 -8 -1 -5 -11 12 -12 -13
right_child=-2 -3 3 9 -6 6 7 -9 -10 10 11 13 -14 -15
leaf_value=0.000455334343453561 0.00017416601550621636 -0.00020185613914994367 -0.00055655525818740269 0.00028414975568011867 2.8897367817328564e-05 -0.00034725656264021789 -0.0001562432885668172 0.00028415447731486678 -8.268291573833928e-07 -0.00033829059807017486 -0.00028158874086697556 0.00024133034791399644 0.00016077284424682148 2.3005372058833018e-07
leaf_weight=34 32 36 26 28 22 27 34 39 22 33 47 63 30 375
leaf_count=34 32 36 26 28 22 27 34 39 22 33 47 63 30 375
internal_value=-1.08753e-13 -6.83004e-06 2.17116e-06 -1.62877e-05 -0.000288223 7.60064e-05 -3.60617e-05 7.90377e-05 0.000276128 6.37361e-06 -7.81933e-06 1.33565e-05 -0.00010924 3.49089e-05
internal_weight=848 816 780 624 48 156 100 73 56 576 548 515 77 438
internal_count=848 816 780 624 48 156 100 73 56 576 548 515 77 438
is_linear=0
shrinkage=0.3


Tree=60
num_leaves=24
num_cat=0
split_feature=18 0 1 2 9 21 5 13 27 17 19 12 27 19 20 12 16 3 27 12 12 5 4
split_gain=9.79034e-06 9.94914e-06 2.71295e-05 2.42861e-05 2.36425e-05 2.42187e-05 2.30832e-05 3.39655e-05 2.90781e-05 3.33276e-05 2.80464e-05 2.76656e-05 2.48593e-05 1.60104e-05 4.17534e-05 3.94116e-05 4.14169e-05 4.3144e-05 3.53843e-05 5.00166e-05 3.09972e-05 2.70947e-05 2.08503e-05
threshold=-1.6963131176393154 3.8275042160996668 3.8072684255795246 3.7099764603244396 0.016367476013390562 0.46001650000000005 -0.0092169058947185623 0.023788591979555265 0.91722200000000009 0.0046728925107714482 0.25941200000000003 0.000166750596953212 0.86146950000000011 0.33119600000000005 0.48266050000000005 -0.0015083595056643339 0.0085227879762862623 3.6267421245574956 0.78188000000000013 -0.0010890124924316142 -0.0022821072926716983 -0.016112389322454356 2041650.0000000002
decision_type=2 2 2 2 2 2 2 2 2 2 2 2 2 2 2 2 2 2 2 2 2 2 2
left_child=-1 2 3 13 -4 -6 12 8 9 11 -11 -8 -3 15 -15 20 17 -17 22 -20 21 -2 -16
right_child=1 6 4 -5 5 -7 7 -9 -10 10 -12 -13 -14 14 18 16 -18 -19 19 -21 -22 -23 -24
leaf_value=0.00020740653824759646 -0.00030779905297094955 0.00045903262936680336 -0.00039516449908279033 0.00024805430783255192 0.00018731941509940954 -0.00027955107623711228 -7.2091487316121793e-05 -0.00033250966389459792 0.00030452904397861854 -0.00045005202473871373 3.5700370581253083e-05 0.00033930235440493561 3.0865921032203077e-05 0.0003646036576185452 -0.00044586492830213891 -0.00014238374675278466 0.00015129365860342954 -0.0006015014650724229 -0.00015109716623555868 0.00026730221310572233 0.00038409507069445679 8.4113062489036975e-05 -5.6109506695065647e-05
leaf_weight=20 20 23 31 33 20 20 31 24 32 23 20 28 26 32 21 150 37 21 45 60 24 77 30
leaf_count=20 20 23 31 33 20 20 31 24 32 23 20 28 26 32 21 150 37 21 45 60 24 77 30
internal_value=5.61945e-13 -5.00982e-06 -2.3996e-05 -1.46691e-06 -0.000198517 -4.61158e-05 5.19488e-05 -3.8409e-06 5.50251e-05 -2.32506e-05 -0.000224121 0.000123146 0.000231842 -1.73938e-05 5.24448e-05 -5.73016e-05 -0.000136496 -0.000198767 -1.15877e-05 8.79882e-05 7.88348e-05 3.30644e-06 -0.000216597
internal_weight=848 828 621 550 71 40 207 158 134 102 43 59 49 517 188 329 208 171 156 105 121 97 51
internal_count=848 828 621 550 71 40 207 158 134 102 43 59 49 517 188 329 208 171 156 105 121 97 51
is_linear=0
shrinkage=0.3


Tree=61
num_leaves=17
num_cat=0
split_feature=0 0 3 8 2 4 19 2 7 27 16 27 6 14 7 14
split_gain=1.25847e-05 1.21766e-05 3.19111e-05 3.18642e-05 3.64049e-05 1.70392e-05 4.13704e-05 1.57752e-05 1.35006e-05 1.73464e-05 3.39023e-05 2.55686e-05 4.47608e-05 2.57854e-05 2.24583e-05 1.40785e-05
threshold=3.990649673141387 3.8725332165829434 3.8843386173248295 0.021913524081634873 3.893446135785954 998450.00000000012 0.12623400000000004 3.9085577517117858 0.022291997919446284 0.62289450000000013 0.0053333282470703512 0.70815750000000011 -0.005154743844523006 0.039753701356007025 -0.017407232273964273 0.01909306028962791
decision_type=2 2 2 2 2 2 2 2 2 2 2 2 2 2 2 2
left_child=1 5 -3 4 -4 6 -1 -5 9 10 -7 12 -11 14 -13 -10
right_child=-2 2 3 7 -6 8 -8 -9 15 11 -12 13 -14 -15 -16 -17
leaf_value=-0.00010331083270522449 -0.00020549164266692689 0.00034020473125137335 -0.00042433160106156723 0.00036109804132138378 5.8248983826642334e-05 -0.00033816941193780058 0.00044289780898907336 3.4148222766816615e-07 -1.3328155829286615e-05 -7.9304343089461326e-05 0.00013907301841494961 -0.00019901039595277969 0.00055539793189382178 0.00022915834520677596 -4.4577238344123987e-06 -0.00031968897845015618
leaf_weight=26 26 34 24 24 34 37 24 20 27 20 21 62 20 37 385 27
leaf_count=26 26 34 24 24 34 37 24 20 27 20 21 62 20 37 385 27
internal_value=-1.86039e-12 6.49973e-06 8.85048e-05 4.6048e-06 -0.00014144 -9.75783e-06 0.000158869 0.000197118 -2.30147e-05 -9.70081e-06 -0.000165375 7.53027e-06 0.000238047 -1.15207e-05 -3.14427e-05 -0.000166509
internal_weight=848 822 136 102 58 686 50 44 636 582 58 524 40 484 447 54
internal_count=848 822 136 102 58 686 50 44 636 582 58 524 40 484 447 54
is_linear=0
shrinkage=0.3


Tree=62
num_leaves=25
num_cat=0
split_feature=15 21 29 8 11 16 4 0 28 7 21 6 14 11 6 9 9 17 4 0 17 2 18 4
split_gain=1.01642e-05 1.32023e-05 4.46152e-05 3.78058e-05 4.34351e-05 2.62815e-05 3.46274e-05 2.9569e-05 2.91756e-05 2.55142e-05 2.19432e-05 2.52671e-05 1.90767e-05 1.79825e-05 2.54136e-05 1.83479e-05 1.88079e-05 3.2665e-05 3.25619e-05 3.044e-05 2.08603e-05 2.44238e-05 1.77904e-05 1.14565e-05
threshold=0.031383771496450462 0.72146750000000004 1.5000000000000002 0.047258928354318261 40.0000451134702 0.0056577146046421977 3331650.0000000005 3.6199860412269982 1.0000000180025095e-35 -0.0046080532775992266 0.58719450000000017 0.0024814096637680622 0.014285701310552982 36.66932860328059 -0.010443999047484876 0.038794153350643602 0.012619359789151669 0.0090601186676964162 4215600.0000000009 3.5446590861541707 0.0067039798645571807 3.8218497450979116 1.0000000180025095e-35 2849400.0000000005
decision_type=2 2 2 2 2 2 2 2 2 2 2 2 2 2 2 2 2 2 2 2 2 2 2 2
left_child=1 10 3 4 23 7 8 9 -7 -6 13 -12 -9 14 -1 16 20 18 -18 -19 21 -15 -22 -3
right_child=-2 2 -4 -5 5 6 -8 12 -10 -11 11 -13 -14 15 -16 -17 17 19 -20 -21 22 -23 -24 -25
leaf_value=7.545720320194959e-05 -0.0002012517324064075 0.00041185292662703431 0.00048188004168748323 0.00032107629998460069 -0.00015579104999363021 -0.00031108745161663345 0.00037129368865862489 -0.00023093218121423637 0.00017086941632442178 -0.00062343757495649963 -5.2095878345426172e-05 -0.00046683741340530104 0.0001688159569831831 -0.00046000532430688119 -0.00037435500500858045 -0.00020945874634890061 8.5151328516985816e-05 7.147690515425479e-05 0.00042370931189687891 -0.00026122575938567632 0.00027169920441727822 -4.8514875626621039e-05 -0.00010285367767210117 9.0747550857486203e-05
leaf_weight=20 22 20 21 33 21 26 20 22 20 21 39 20 21 21 26 30 216 55 29 45 21 34 25 20
leaf_count=20 22 20 21 33 21 26 20 22 20 21 39 20 21 21 26 30 216 55 29 45 21 34 25 20
internal_value=-4.70793e-14 5.36022e-06 6.37666e-05 2.45685e-05 -2.66606e-05 -0.000100293 4.17422e-05 -0.000210579 -0.000101541 -0.000389614 -1.9269e-05 -0.000192686 -3.57063e-05 3.31806e-07 -0.000178784 1.76414e-05 3.29172e-05 6.62502e-05 0.000125226 -7.82393e-05 -8.09433e-05 -0.000205629 6.81379e-05 0.0002513
internal_weight=848 826 245 224 191 151 66 85 46 42 581 59 43 522 46 476 446 345 245 100 101 55 46 40
internal_count=848 826 245 224 191 151 66 85 46 42 581 59 43 522 46 476 446 345 245 100 101 55 46 40
is_linear=0
shrinkage=0.3


Tree=63
num_leaves=31
num_cat=0
split_feature=4 4 18 14 18 12 17 20 7 16 27 17 27 12 20 6 1 8 1 16 6 16 7 22 8 28 13 12 18 13
split_gain=1.08315e-05 2.72022e-05 3.44701e-05 2.93991e-05 2.49559e-05 2.04999e-05 2.45301e-05 3.26828e-05 2.58949e-05 1.50867e-05 3.10891e-05 2.75328e-05 5.67915e-05 5.6494e-05 2.80154e-05 5.57333e-05 5.5285e-05 2.94356e-05 2.65775e-05 2.6676e-05 2.66432e-05 3.3337e-05 2.33413e-05 2.22415e-05 2.3704e-05 1.73959e-05 1.55412e-05 1.50532e-05 1.31302e-05 9.37497e-06
threshold=3581300.0000000005 3799300.0000000005 0.13295385791662515 0.027308850361906143 1.04807406876959 0.0023678449655295257 0.0049019853623155094 0.18741200000000002 0.0023866720660102761 0.0023923993522771566 0.95093200000000011 0.0096852205192837475 0.8590770000000002 0.0038831922648100868 0.13216900000000001 0.0027777317930394803 3.7441608392401089 -0.008704751676968386 3.3667445602936534 0.0055172795454287099 0.0022911594382499941 0.0071429074216074256 -0.0046564660901821705 0.025283500000000004 0.010498205365469462 1.0000000180025095e-35 0.021270815996710723 -0.001404424830792086 -0.12257699931092585 0.027085558307893696
decision_type=2 2 2 2 2 2 2 2 2 2 2 2 2 2 2 2 2 2 2 2 2 2 2 2 2 2 2 2 2 2
left_child=4 -2 3 -3 9 6 7 -4 -8 11 18 13 -13 14 15 16 -1 27 19 -11 23 22 -22 24 -20 -19 -25 -16 -23 -21
right_child=1 2 5 -5 -6 -7 8 -9 -10 10 -12 12 -14 -15 17 -17 -18 25 20 29 21 28 -24 26 -26 -27 -28 -29 -30 -31
leaf_value=0.00032628558883516238 -0.00036035019165865374 0.00046440795578226764 -0.000409024920534446 -1.2836648630372319e-05 0.00031919145128540545 -0.00031677707711423863 -6.1681207047182724e-05 8.998600699539694e-05 0.00036446472222451115 0.00035415094326367579 -0.00037735260769047516 -0.00047174430965242205 0.00011479237921146424 0.00057226833283824483 -0.00042157185314863451 0.00060411440651726234 -0.00034906708911876195 -3.0625708805018801e-05 -0.00020168520150036783 -0.00014979849636022533 -5.6287994812009853e-05 -0.0001286410833057269 -0.00044522406916679223 0.00030983690845459933 0.00012744215034599031 0.00029244639436001309 2.8498235067588188e-05 -5.3497536064242007e-05 0.00019946103774210703 0.00011746234085876494
leaf_weight=24 24 21 27 26 24 30 33 21 21 32 22 24 39 22 20 22 20 40 54 21 21 23 41 30 31 24 43 20 21 27
leaf_count=24 24 21 27 26 24 30 33 21 21 32 22 24 39 22 20 22 20 40 54 21 21 23 41 30 31 24 43 20 21 27
internal_value=1.10652e-12 -6.04364e-05 -2.02245e-05 0.0002004 1.90211e-05 -9.87803e-05 -3.46636e-05 -0.000190708 0.000104042 7.42028e-06 -3.161e-05 6.34403e-05 -0.00010865 0.000119907 6.13666e-05 0.000214243 1.93071e-05 -3.5651e-05 -9.49859e-06 0.000141982 -5.54017e-05 -0.000171758 -0.000313488 2.26597e-05 -8.16505e-05 9.05263e-05 0.000144117 -0.000237535 2.79531e-05 5.35725e-07
internal_weight=848 203 179 47 645 132 102 48 54 621 366 255 63 192 170 66 44 104 344 80 264 106 62 158 85 64 73 40 44 48
internal_count=848 203 179 47 645 132 102 48 54 621 366 255 63 192 170 66 44 104 344 80 264 106 62 158 85 64 73 40 44 48
is_linear=0
shrinkage=0.3


Tree=64
num_leaves=30
num_cat=0
split_feature=20 5 18 13 3 27 12 8 18 10 21 13 21 18 10 9 17 21 27 16 18 8 13 7 14 22 17 13 9
split_gain=7.70887e-06 3.4754e-05 1.99281e-05 2.44552e-05 1.65857e-05 1.19095e-05 2.23306e-05 1.93942e-05 2.17507e-05 4.48958e-05 3.72074e-05 3.40413e-05 3.9484e-05 3.22556e-05 3.93602e-05 3.22899e-05 3.13847e-05 3.91746e-05 2.31328e-05 2.04814e-05 2.78441e-05 2.9786e-05 2.04787e-05 2.37505e-05 1.91226e-05 1.64827e-05 1.40191e-05 1.38586e-05 1.29444e-05
threshold=0.030978000000000002 0.004602942078082815 -0.054367684173819548 0.023329060769813233 3.7014544010162358 0.93187150000000007 -0.00055366560850334207 -0.08295621679833752 -0.17278612188766929 0.45659377813291296 0.11392150000000002 0.022727273675847585 0.058976000000000008 -0.35479197410031665 -0.50847309785639438 0.024467833377213592 0.0024721891866300856 0.46001650000000005 0.82673500000000011 0.0070011139357978912 0.22475666305223904 0.017421230315568064 0.021945826994704529 0.0057973150790876461 0.020238896050265187 0.028575000000000003 0.0053908695490690823 0.024560854972334567 0.016932087622140036
decision_type=2 2 2 2 2 2 2 2 2 2 2 2 2 2 2 2 2 2 2 2 2 2 2 2 2 2 2 2 2
left_child=1 2 4 -4 -1 7 28 -2 9 13 -11 12 -10 15 -15 18 24 -18 -9 20 25 -22 -12 -24 -14 -13 -21 -8 -7
right_child=5 -3 3 -5 -6 6 27 8 11 10 22 19 16 14 -16 -17 17 -19 -20 26 21 -23 23 -25 -26 -27 -28 -29 -30
leaf_value=-0.00029979481458010718 -0.00023225950499181634 0.00039332473224931166 -9.2132596291776269e-05 0.00037701168243074788 5.5686497528638156e-05 0.00022705507405589741 -0.00038514058474642556 -0.00011792158914672932 -0.00032065516404275381 0.00027381618658962127 -0.00035943918288694476 -0.00056837562068332253 -0.00016915430354856652 0.00013661176534420202 0.00071205851392733169 0.00044262407726364472 0.00048011887014061877 7.2656162228668098e-05 0.00018747677776689937 -0.00010847755199322889 -0.00024203924732059282 0.00014214882385203963 -0.00026647728404246402 0.00018471588841098959 0.00017414348644113331 -0.00021677842143097743 0.0001618043436616473 -7.4471292919042753e-05 -0.00011426568795286584
leaf_weight=27 30 24 20 20 21 20 28 49 21 21 32 21 40 23 20 20 35 54 41 39 42 32 21 21 23 28 31 24 20
leaf_count=27 30 24 20 20 21 20 28 49 21 21 32 21 40 23 20 20 35 54 41 39 42 32 21 21 23 28 31 24 20
internal_value=-9.32768e-13 7.33244e-05 -1.39484e-05 0.00014244 -0.000144272 -1.11581e-05 -0.000112125 3.26573e-06 1.47735e-05 8.33678e-05 -7.862e-05 -3.17057e-05 6.49304e-05 0.000183948 0.000404261 9.78261e-05 0.000118202 0.000232894 2.12043e-05 -0.000118328 -0.000192053 -7.59039e-05 -0.000178636 -4.08807e-05 -4.38234e-05 -0.000367463 1.12187e-05 -0.000241755 5.63947e-05
internal_weight=848 112 88 40 48 736 92 644 614 248 95 366 173 153 43 110 152 89 90 193 123 74 74 42 63 49 70 52 40
internal_count=848 112 88 40 48 736 92 644 614 248 95 366 173 153 43 110 152 89 90 193 123 74 74 42 63 49 70 52 40
is_linear=0
shrinkage=0.3


Tree=65
num_leaves=30
num_cat=0
split_feature=18 17 8 18 18 16 15 10 10 14 21 24 13 18 9 22 21 26 11 1 11 3 20 12 26 21 20 12 19
split_gain=8.89242e-06 3.23308e-05 2.85606e-05 1.53081e-05 1.44921e-05 1.29167e-05 1.10388e-05 2.48206e-05 2.17276e-05 2.99754e-05 2.45667e-05 2.4726e-05 2.47396e-05 2.44241e-05 2.37078e-05 1.79821e-05 2.50423e-05 2.61744e-05 2.48357e-05 2.40777e-05 1.94622e-05 1.5676e-05 3.53469e-05 2.4315e-05 1.31156e-05 2.22322e-05 1.73463e-05 1.71646e-05 7.70951e-06
threshold=0.70328082656182833 0.013377930601928734 -0.031267854347706917 1.2528301056279862 0.55799590436970292 0.0071174410274521902 0.0030960909660395952 -0.80753188938970955 -0.84481980164793258 0.017014353215917644 0.42804800000000004 0.41666650000000005 0.02468453975498593 -0.35479197410031665 0.01685627787833922 0.009478000000000002 0.44301950000000007 0.64283100000000004 51.071501473471393 3.8098702050629831 59.051758440053597 3.463958859443665 0.20344750000000003 -0.0043085114881592614 0.77065900000000009 0.064374000000000015 0.5875505000000002 -0.00070957466843600146 0.049692000000000007
decision_type=2 2 2 2 2 2 2 2 2 2 2 2 2 2 2 2 2 2 2 2 2 2 2 2 2 2 2 2 2
left_child=4 2 -2 5 6 -4 8 -8 9 14 24 13 28 -12 -1 -9 17 -17 -18 -19 -20 23 -23 -11 26 27 -10 -26 -13
right_child=1 -3 3 -5 -6 -7 7 15 10 21 11 12 -14 -15 -16 16 18 19 20 -21 -22 22 -24 -25 25 -27 -28 -29 -30
leaf_value=0.0005081512768111469 -0.00025395567521204138 -0.00037120124392318898 -0.00012008135828409649 0.00027742223125339175 0.00019117107138019769 0.00018271463124100201 -0.00026780723365286226 -0.00021580549017075567 -0.00042868972926622852 0.00014544182911497324 1.3688571030238213e-05 -5.2494349669855593e-05 0.00016252227333924646 0.00041095054808465642 0.00011032063696672723 0.0003920997348849106 -0.00038282767170130685 0.00015478476198621408 0.00018862367950431587 -0.00023822417871997457 -0.0001715820631943643 0.00044123322669682751 -0.00010919682515252914 -0.00023995473807992632 -0.00037471180855391139 0.00016199421254441403 -4.2658287202357312e-05 -4.8539709072394785e-05 -0.00030090237367245287
leaf_weight=26 29 26 32 27 39 21 39 31 22 26 26 22 33 30 28 26 20 47 27 20 27 21 21 34 20 32 20 53 23
leaf_count=26 29 26 32 27 39 21 39 31 22 26 26 22 33 30 28 26 20 47 27 20 27 21 21 34 20 32 20 53 23
internal_value=4.13697e-13 -7.06011e-05 1.10174e-06 9.35601e-05 1.33677e-05 -1.05589e-07 3.07933e-06 -4.90544e-05 3.13532e-05 0.000121133 -1.84888e-05 7.44181e-05 -3.47743e-05 0.000226507 0.000301869 -5.9667e-06 3.29854e-05 0.000136613 -9.72491e-05 3.74687e-05 8.52081e-06 2.54489e-05 0.000166018 -7.29496e-05 -0.000103179 -4.6505e-05 -0.000244865 -0.000137902 -0.000179458
internal_weight=848 135 109 80 713 53 674 237 437 156 281 134 78 56 54 198 167 93 74 67 54 102 42 60 147 105 42 73 45
internal_count=848 135 109 80 713 53 674 237 437 156 281 134 78 56 54 198 167 93 74 67 54 102 42 60 147 105 42 73 45
is_linear=0
shrinkage=0.3


Tree=66
num_leaves=31
num_cat=0
split_feature=16 5 22 22 8 10 9 7 5 21 22 8 10 22 27 7 2 20 16 10 5 29 9 22 9 4 8 19 18 11
split_gain=8.90626e-06 1.75987e-05 2.80633e-05 2.41585e-05 3.64259e-05 3.39926e-05 2.8252e-05 3.38851e-05 1.85558e-05 2.03219e-05 1.81753e-05 2.82334e-05 4.11605e-05 2.14461e-05 1.97075e-05 4.08244e-05 1.72314e-05 2.02277e-05 1.6152e-05 2.77762e-05 2.36739e-05 1.70102e-05 1.38585e-05 1.28875e-05 2.09726e-05 1.8944e-05 2.09465e-05 1.83245e-05 1.58405e-05 1.52247e-05
threshold=0.0051347916225565867 0.020649837092296692 0.018311500000000005 0.027130000000000005 9.1723503792273687e-17 -0.088104221597443425 0.015189964180390128 -0.002322993460292847 0.0023365871699273489 0.32858900000000008 0.012715500000000003 -0.010459342612368203 0.70754795576474028 0.018400000000000003 0.8621430000000001 -0.0046080532775992266 3.4111362483337087 0.091569000000000011 0.0070011139357978912 0.81375402771727223 -0.0045400599310104709 1.5000000000000002 0.012763415024706329 0.0099225000000000025 0.016307999362483009 2605100.0000000005 -0.029332965840485718 0.018680000000000006 0.48585178257392475 56.501601626760404
decision_type=2 2 2 2 2 2 2 2 2 2 2 2 2 2 2 2 2 2 2 2 2 2 2 2 2 2 2 2 2 2
left_child=1 3 -3 10 5 6 22 -8 16 -10 14 13 -13 -12 15 -1 -6 -18 19 20 -2 23 -5 -20 27 -26 -27 -25 -29 -28
right_child=18 2 -4 4 8 -7 7 -9 9 -11 11 12 -14 -15 -16 -17 17 -19 21 -21 -22 -23 -24 24 25 26 29 28 -30 -31
leaf_value=-0.00020409534595923365 -0.0004542005549956229 -0.00040806210714176166 5.0712821062656339e-05 5.9988324729991805e-06 2.5415453793747083e-05 0.00042376603778393468 0.00038078683628555153 -8.7134096205633029e-05 0.00014864943110903066 -0.00022269787067281347 -0.00018378397113078142 0.00058497348537428246 5.5293429455638905e-05 0.00023134828807087614 -0.00013832567188058563 0.0003102741566580357 -0.00052043832861686085 -0.00016385482376790605 0.00017295486654485251 0.00010260598534771885 -6.3086819024577446e-05 -0.00023571682797046377 -0.00034293822602194269 0.00032493550580693409 -0.00024079350512086725 -0.00019229423366726091 0.00031490461683874444 0.00015384574090343707 -0.00019572325596527664 -4.674955460359342e-05
leaf_weight=21 30 21 28 21 21 24 30 26 36 21 21 31 23 24 38 41 22 41 43 26 26 25 20 25 45 28 22 28 20 20
leaf_count=21 30 21 28 21 21 24 30 26 36 21 21 31 23 24 38 41 22 41 43 26 26 25 20 25 45 28 22 28 20 20
internal_value=-3.06311e-13 2.5029e-05 -0.000145905 4.31977e-05 -1.66547e-05 0.000104097 2.50034e-05 0.000163538 -0.000120278 1.18373e-05 0.000121998 0.000213119 0.000359369 3.76199e-05 3.17886e-05 0.000136052 -0.000209928 -0.000288376 -3.77657e-05 -0.00015364 -0.000272612 -6.49586e-07 -0.000164214 2.47906e-05 -9.09805e-06 -8.89307e-05 8.69531e-06 0.000116666 8.19199e-06 0.000142688
internal_weight=848 510 49 461 262 121 97 56 141 57 199 99 54 45 100 62 84 63 338 82 56 256 41 231 188 115 70 73 48 42
internal_count=848 510 49 461 262 121 97 56 141 57 199 99 54 45 100 62 84 63 338 82 56 256 41 231 188 115 70 73 48 42
is_linear=0
shrinkage=0.3


Tree=67
num_leaves=29
num_cat=0
split_feature=6 4 26 13 1 13 13 17 22 22 18 21 13 0 9 13 16 3 6 10 10 15 18 27 5 4 9 8
split_gain=6.29995e-06 2.22848e-05 1.77168e-05 1.95718e-05 1.96325e-05 1.79684e-05 1.36082e-05 3.14548e-05 1.91147e-05 1.36586e-05 1.2883e-05 1.06259e-05 1.05478e-05 2.67579e-05 2.1742e-05 2.56576e-05 1.97707e-05 3.00595e-05 2.48251e-05 2.53708e-05 2.44282e-05 2.15435e-05 1.85953e-05 1.68307e-05 2.02881e-05 2.26915e-05 1.53852e-05 1.46456e-05
threshold=-0.0069687455288070218 1017500.0000000001 0.033373500000000007 0.020053535714559912 3.8374644453329769 0.021270815996710723 0.025560887011313784 0.006872926640191312 0.043209500000000005 0.034567500000000008 0.22475666305223904 0.93302750000000012 0.026408341201722751 3.5466831507108574 0.022764929734527536 0.02841718239444127 0.0023529389325310291 3.2892190217971806 -0.0024157739674230175 -0.45115275658123294 -0.87951815900687447 0.013446874573460233 0.15052582813481677 0.82673500000000011 -0.011834410506402396 2069950.0000000002 0.016556662921592743 0.020070281564161904
decision_type=2 2 2 2 2 2 2 2 2 2 2 2 2 2 2 2 2 2 2 2 2 2 2 2 2 2 2 2
left_child=1 -1 -3 4 -4 -5 7 9 10 -7 -8 12 16 14 -14 -16 23 -18 -19 20 -20 -21 -17 26 -25 27 -2 -26
right_child=11 2 3 5 -6 6 8 -9 -10 -11 -12 -13 13 -15 15 22 17 18 19 21 -22 -23 -24 24 25 -27 -28 -29
leaf_value=0.00034192619568784721 -0.00014275789153194078 0.00028466787992783795 -0.0004005856976229032 0.00024788940753406395 1.4728085770912003e-05 -0.00039724649560901945 6.9164832469444565e-05 0.00014568271212267754 -9.8809251004068586e-05 -7.6067632603967056e-05 0.00036483447641200785 -0.00021793546524270861 0.00024698308407096193 -0.00036348138817265865 -0.00027344877567343616 0.00024354347826829322 0.00031354403428849768 -0.00029150284099817948 -3.1675787977292205e-05 -4.9930682362050779e-05 0.00034581331484433679 -0.00038818102253571849 -0.00014813417539699002 -7.7567152600915341e-05 -5.3751730592921374e-05 0.00044622093668177483 0.00014577522173379388 0.00029726650187512861
leaf_weight=20 39 20 21 29 20 26 36 29 37 22 21 23 22 25 37 24 20 38 36 111 27 20 20 22 23 31 29 20
leaf_count=20 39 20 21 29 20 26 36 29 37 22 21 23 22 25 37 24 20 38 36 111 27 20 20 22 23 31 29 20
internal_value=-1.30793e-13 3.67308e-05 1.33442e-05 -9.17231e-06 -0.000197994 2.95361e-05 -7.49463e-06 -0.000101001 6.91012e-05 -0.00025004 0.000178096 -1.82034e-05 -9.75889e-06 -8.50676e-05 -1.74914e-05 -8.9324e-05 1.3413e-05 -3.93473e-05 -6.9769e-05 -2.63366e-05 0.000130105 -0.000101572 6.55082e-05 9.44838e-05 0.000175369 0.000250566 -1.9707e-05 0.000109513
internal_weight=848 281 261 241 41 200 171 77 94 48 57 567 544 128 103 81 416 252 232 194 63 131 44 164 96 74 68 43
internal_count=848 281 261 241 41 200 171 77 94 48 57 567 544 128 103 81 416 252 232 194 63 131 44 164 96 74 68 43
is_linear=0
shrinkage=0.3


Tree=68
num_leaves=28
num_cat=0
split_feature=6 15 15 26 12 3 17 6 7 18 7 13 13 28 3 13 2 7 5 17 20 4 27 16 11 8 12
split_gain=5.56127e-06 1.60266e-05 2.69657e-05 1.76721e-05 3.1713e-05 2.0688e-05 2.01974e-05 1.59286e-05 1.71827e-05 2.08511e-05 1.61898e-05 1.4601e-05 3.0165e-05 1.8688e-05 3.69723e-05 1.76295e-05 1.72717e-05 1.62625e-05 1.52896e-05 2.24303e-05 2.10858e-05 1.42969e-05 1.25638e-05 1.71489e-05 1.48849e-05 1.21718e-05 1.08e-05
threshold=0.0055180968451040632 0.0074355257287610282 0.012788494879851718 0.20774450000000003 -0.0011768702351570258 3.4920575618743901 0.0081633048668203669 0.0046728812517494393 -0.011876811482941162 0.22475666305223904 -0.0093023965524082364 0.02228673688130987 0.021813524888709496 1.0000000180025095e-35 3.3262933492660527 0.023412515959250018 3.368283012052804 0.0093096570405526834 -0.0045716936351172192 0.0048543644373911675 0.17368500000000003 1745650.0000000002 0.7092885000000001 0.0022726708699862025 56.131394097654386 2.3939183968479943e-16 0.0019768182282703726
decision_type=2 2 2 2 2 2 2 2 2 2 2 2 2 2 2 2 2 2 2 2 2 2 2 2 2 2 2
left_child=7 3 -3 4 -2 6 -5 8 9 21 -10 12 18 15 -15 -13 -17 -16 20 -20 -12 -1 -7 -24 -25 -6 -4
right_child=1 2 26 5 25 22 -8 -9 10 -11 11 13 -14 14 17 16 -18 -19 19 -21 -22 -23 23 24 -26 -27 -28
leaf_value=0.0001982439040148165 0.00044904005073476583 -0.00042675511421412401 -0.00017117022860994828 -0.00041929425408323797 -0.00016435233496436426 0.00022196503062911108 -7.0791580947116014e-06 0.00023718664173689571 -0.00020945052631980837 0.00028943689282571609 -0.00035703227905469246 0.00022980001856260718 -0.00040892550945500258 -0.00015966852925802496 0.00016435264545965433 7.5833194169599253e-05 -0.00016516667689217001 0.0004929684463486014 0.00013622472826763085 -0.00012053957072203047 3.7020824155271314e-06 -0.00010714724591978025 0.0001424438263398017 -0.00032143614923330939 2.7903090605312688e-05 0.00015122222314609891 0.00013686561112990602
leaf_weight=22 20 23 21 23 22 22 20 28 37 39 25 22 20 22 33 46 64 23 79 50 35 37 29 23 21 22 20
leaf_count=22 20 23 21 23 22 22 20 28 37 39 25 22 20 22 33 46 64 23 79 50 35 37 29 23 21 22 20
internal_value=2.52115e-13 -3.59361e-05 -0.00016676 5.51298e-06 0.000135812 -5.49153e-05 -0.000227566 1.64244e-05 5.26675e-06 0.000119234 -1.92263e-05 -2.42841e-06 -5.85644e-05 5.34403e-05 0.000169862 -1.53541e-05 -6.43849e-05 0.00029932 -2.14892e-05 3.67037e-05 -0.000146604 6.72742e-06 2.32319e-05 -3.66602e-05 -0.000154706 -6.56506e-06 -2.09088e-05
internal_weight=848 266 64 202 64 138 43 582 554 98 456 419 209 210 78 132 110 56 189 129 60 59 95 73 44 44 41
internal_count=848 266 64 202 64 138 43 582 554 98 456 419 209 210 78 132 110 56 189 129 60 59 95 73 44 44 41
is_linear=0
shrinkage=0.3


Tree=69
num_leaves=17
num_cat=0
split_feature=10 18 10 14 14 11 12 12 11 19 8 6 7 5 8 13
split_gain=6.34306e-06 7.45126e-06 5.84506e-06 2.72924e-05 2.12468e-05 1.42198e-05 1.81979e-05 1.79423e-05 1.46005e-05 1.55858e-05 1.44401e-05 2.66519e-05 1.24979e-05 1.49598e-05 1.11671e-05 2.69175e-06
threshold=-2.2061227919129238 1.4869393783933182 1.2723396351283982 0.032802502872095247 0.02625246838084944 61.50796868513391 0.0041005886580073028 0.0028979570580420946 64.226086679378326 0.41066000000000008 0.021913524081634873 -0.0045400599310104709 0.002445038476697563 0.0045507125326679733 0.0051361978168837875 0.0221939980318509
decision_type=2 2 2 2 2 2 2 2 2 2 2 2 2 2 2 2
left_child=-1 2 5 4 12 6 7 10 -7 -10 14 -12 13 -4 -2 -14
right_child=1 -3 3 -5 -6 8 -8 -9 9 -11 11 -13 15 -15 -16 -17
leaf_value=0.00016694482612365389 3.7049655747040622e-06 -0.00018492127743229505 0.00013911922729416151 0.0003551757930954804 -0.00025367875059600919 -0.00032055179699091237 0.00023662973471173557 -0.00025550202559679748 0.00011049107445485008 -0.00021896949638176011 0.00032376154374694178 -1.9140462031560566e-05 0.00026557272398349593 -0.0002110972024757243 -0.00012419354977893121 0.0001099263902142411
leaf_weight=20 388 20 21 23 24 25 29 25 28 24 34 51 20 23 73 20
leaf_count=20 388 20 21 23 24 25 29 25 28 24 34 51 20 23 73 20
internal_value=-6.20988e-14 -4.03248e-06 4.44962e-07 5.84504e-05 -4.74111e-06 -1.07791e-05 4.7964e-06 -6.97798e-06 -0.000132147 -4.15677e-05 4.40133e-06 0.00011802 6.63839e-05 -4.39485e-05 -1.65479e-05 0.00018775
internal_weight=848 828 808 131 108 677 600 571 77 52 546 85 84 44 461 40
internal_count=848 828 808 131 108 677 600 571 77 52 546 85 84 44 461 40
is_linear=0
shrinkage=0.3


Tree=70
num_leaves=13
num_cat=0
split_feature=5 22 14 3 0 3 17 27 22 9 18 5
split_gain=8.77595e-06 1.68091e-05 7.26633e-06 6.57209e-06 1.03058e-05 1.60485e-05 1.42095e-05 8.75973e-06 2.2867e-05 2.00931e-05 7.74648e-06 6.52087e-06
threshold=0.026037515437629121 0.022214000000000005 0.040843907612256945 2.9749031066894536 3.1496957071565075 3.2723548412323002 0.015018782651469154 0.76524400000000015 0.0085630000000000029 0.014258282256312198 -0.10678777170888319 0.0023257014670607103
decision_type=2 2 2 2 2 2 2 2 2 2 2 2
left_child=2 -2 3 -1 10 -6 7 8 -7 -9 -5 -8
right_child=1 -3 -4 4 5 6 11 9 -10 -11 -12 -13
leaf_value=0.00013357289241288194 -0.0003339149507519323 3.5075101870461365e-05 0.00018137119446432086 -1.5144684584811329e-05 0.00025214123629468857 0.0002021580865143083 -0.00028840187288941313 -5.6004115924606937e-05 -9.2718259293178565e-05 7.6534347366087659e-05 -0.00026414757025043439 -5.7181202978624597e-05
leaf_weight=33 20 25 21 22 23 28 21 157 153 299 23 23
leaf_count=33 20 25 21 22 23 28 21 157 153 299 23 23
internal_value=-3.10252e-13 -0.00012892 7.22468e-06 2.54812e-06 -3.22467e-06 5.6723e-06 -2.65191e-06 8.73729e-06 -4.7102e-05 3.09016e-05 -0.000142413 -0.000167537
internal_weight=848 45 803 782 749 704 681 637 181 456 45 44
internal_count=848 45 803 782 749 704 681 637 181 456 45 44
is_linear=0
shrinkage=0.3


Tree=71
num_leaves=14
num_cat=0
split_feature=15 14 13 22 21 9 9 17 9 9 15 12 9
split_gain=4.48851e-06 4.88966e-06 6.1577e-06 1.41572e-05 1.72149e-05 1.01679e-05 1.219e-05 9.78319e-06 9.39696e-06 2.02074e-05 1.59314e-05 1.31954e-05 8.12851e-06
threshold=0.026846853288269891 0.040843907612256945 0.028140724136659457 0.011475500000000001 0.71324650000000012 0.036651970070434338 0.03082616924675418 0.0062406232844234759 0.026172853755179137 0.023650135360533227 -0.0023781491180298263 0.0037015130082409561 0.033140955903323339
decision_type=2 2 2 2 2 2 2 2 2 2 2 2 2
left_child=1 2 5 -4 7 6 8 -5 9 11 -10 -1 -8
right_child=-2 -3 3 4 -6 -7 12 -9 10 -11 -12 -13 -14
leaf_value=1.8116891905295598e-05 -0.00010218427946096493 0.00013805460048388341 -0.00029389758118668395 4.1206888918481878e-05 0.00022259692528418129 -0.00018067074033751849 0.00030604809528865317 -0.00019151307701454121 -0.00025038012263394193 0.00026796326913297109 5.6620604689293216e-05 -0.00018679801680264064 4.5108488451329645e-05
leaf_weight=494 37 24 20 29 21 24 21 37 32 28 29 30 22
leaf_count=494 37 24 20 29 21 24 21 37 32 28 29 30 22
internal_value=3.69616e-14 4.66192e-06 5.94038e-07 -6.63028e-05 -1.39822e-05 1.11205e-05 1.81372e-05 -8.92573e-05 7.30605e-06 1.96536e-05 -0.000104429 6.38512e-06 0.000172544
internal_weight=848 811 787 107 87 680 656 66 613 552 61 524 43
internal_count=848 811 787 107 87 680 656 66 613 552 61 524 43
is_linear=0
shrinkage=0.3


Tree=72
num_leaves=15
num_cat=0
split_feature=22 4 6 19 12 11 27 22 11 6 18 6 27 14
split_gain=4.10617e-06 2.44925e-05 9.82679e-06 7.63882e-06 1.11945e-05 7.03027e-06 1.63399e-05 1.53054e-05 1.25828e-05 6.78507e-06 7.54686e-06 1.10346e-05 9.45637e-06 5.84833e-06
threshold=0.90246750000000009 2718700.0000000005 0.0023257014670607103 -0.42880999999999997 0.00089737160183149057 37.982652435366127 0.94746500000000011 0.014987500000000003 39.569390776008369 0.028814446937859086 -0.88043515006914486 -0.0023557857079842849 0.72383400000000009 0.021686725807494915
decision_type=2 2 2 2 2 2 2 2 2 2 2 2 2 2
left_child=3 2 -2 4 -1 7 8 -5 -7 10 11 -10 -12 -9
right_child=1 -3 -4 5 -6 6 -8 13 9 -11 12 -13 -14 -15
leaf_value=-0.00020741949954474246 6.3646253914592538e-05 -0.00013341891753952949 0.00033806037138219832 -6.2572109275476698e-05 4.1208344399430126e-05 -0.00023289376895263558 -0.00026219448961703826 0.00030310739384731278 7.7190284819153015e-05 0.00018082815632624262 9.1041579401246705e-05 -0.00020073488109725683 -7.5173206886784798e-06 8.632296906268622e-05
leaf_weight=39 23 33 24 35 28 20 22 24 20 20 113 36 390 21
leaf_count=39 23 33 24 35 28 20 22 24 20 20 113 36 390 21
internal_value=-3.55087e-14 6.46811e-05 0.000203773 -6.73762e-06 -0.000103515 2.51218e-06 -8.27101e-06 8.62167e-05 1.05506e-06 9.13619e-06 2.99337e-06 -0.000101476 1.46241e-05 0.000201941
internal_weight=848 80 47 768 67 701 621 80 599 579 559 56 503 45
internal_count=848 80 47 768 67 701 621 80 599 579 559 56 503 45
is_linear=0
shrinkage=0.3


Tree=73
num_leaves=27
num_cat=0
split_feature=22 4 13 11 13 15 6 18 18 6 14 14 0 2 8 12 18 5 12 17 20 11 4 4 27 12
split_gain=4.42005e-06 1.00382e-05 9.33016e-06 1.3344e-05 1.00928e-05 9.06398e-06 9.81897e-06 1.9346e-05 1.47643e-05 1.14514e-05 1.24617e-05 2.0549e-05 2.9647e-05 1.30954e-05 1.09907e-05 7.17564e-06 2.30015e-05 1.58657e-05 1.20105e-05 1.69657e-05 1.17363e-05 1.13281e-05 1.39288e-05 1.02766e-05 9.79896e-06 9.53182e-06
threshold=0.016973000000000005 961800.00000000012 0.016823055525938279 48.050159953758161 0.017953251029089064 -0.015990824904311203 -0.0073530860890311999 0.12093650506377419 -0.40955176928889087 -0.0027623831399622395 0.011876473126658568 0.020936327943001112 3.4887719454575166 3.7264155630323357 -0.0015816899430193953 0.000166750596953212 0.33578391195651824 0.011876778064342288 0.0011889355971660212 0.0068182293541164804 0.77701150000000008 53.399340674844744 2088750.0000000002 4090350.0000000005 0.72814650000000014 -0.001404424830792086
decision_type=2 2 2 2 2 2 2 2 2 2 2 2 2 2 2 2 2 2 2 2 2 2 2 2 2 2
left_child=5 -2 3 -3 -4 -1 7 8 -7 -8 -11 14 -13 -14 -12 16 17 20 19 -17 -6 22 -20 25 -23 -18
right_child=1 2 4 -5 15 6 9 -9 -10 10 11 12 13 -15 -16 18 23 -19 21 -21 -22 24 -24 -25 -26 -27
leaf_value=0.00021883314070042354 -0.00016723195998614805 0.00030761530964809933 -0.00022640667062660214 -2.4180030231946147e-05 2.8949341144780363e-05 0.00012163615188910624 -0.00019090278839294409 0.00025597237308829787 -0.00019052434450713917 0.00020765097578987477 -0.00031311678058045797 -0.00014310576229945582 0.00038600268553636854 6.1609876242333221e-05 -5.5089596123882354e-05 0.00035799960248616779 -0.00015341486933346672 -0.00017100740233511332 -9.9433394716470509e-05 -6.7285865043231748e-06 0.00027931945041927971 -0.00024405265066889114 0.00021281883606813303 -1.0625732754662117e-05 -1.7352038286424852e-05 -0.00041442156150878868
leaf_weight=21 37 20 20 24 107 30 31 39 25 24 24 32 24 21 39 22 34 31 20 24 20 22 36 23 78 20
leaf_count=21 37 20 20 24 107 30 31 39 25 24 24 32 24 21 39 22 34 31 20 24 20 22 36 23 78 20
internal_value=-9.41134e-14 -1.64409e-05 -5.30467e-06 0.000126636 -1.80079e-05 2.8533e-05 1.47049e-05 9.435e-05 -2.0255e-05 -2.36881e-05 7.9196e-06 -2.63201e-05 7.76427e-05 0.000234619 -0.000153386 -8.47023e-06 -4.41114e-05 2.14097e-05 3.29936e-05 0.000167707 6.83777e-05 -6.72953e-06 0.0001013 -0.000178558 -6.72262e-05 -0.000250084
internal_weight=848 538 501 44 457 310 289 94 55 195 164 140 77 45 63 437 235 158 202 46 127 156 56 77 100 54
internal_count=848 538 501 44 457 310 289 94 55 195 164 140 77 45 63 437 235 158 202 46 127 156 56 77 100 54
is_linear=0
shrinkage=0.3


Tree=74
num_leaves=31
num_cat=0
split_feature=6 6 15 5 7 12 2 26 26 9 7 18 0 9 19 15 2 5 14 6 12 12 12 27 27 14 17 3 17 4
split_gain=3.79449e-06 1.44398e-05 1.21915e-05 1.36761e-05 1.26598e-05 1.65995e-05 1.36929e-05 1.58591e-05 1.05365e-05 9.67401e-06 8.06682e-06 1.34565e-05 1.70796e-05 1.87099e-05 1.76422e-05 1.61709e-05 1.5796e-05 8.34233e-06 2.7208e-05 1.40836e-05 2.28186e-05 1.1855e-05 1.1257e-05 1.80673e-05 1.78915e-05 1.86326e-05 1.16364e-05 8.0097e-06 7.68777e-06 7.36688e-06
threshold=0.0048721706875885064 0.0045349570445879115 0.0074355257287610282 0.010416749491758361 -0.015368270008723853 0.0025047149308689196 3.8492796631141553 0.59237500000000021 0.57800350000000011 0.017505482024564197 -0.0051882829153408489 0.71737299966883861 3.7353663166859294 0.02176380378961059 0.20286700000000005 0.0024479816548980782 3.2901390675895503 -0.002481403911677 0.01447527873710352 -0.0087594917125514531 -0.00080838314641569259 -0.0014549207182855837 0.000166750596953212 0.87156700000000009 0.88435900000000012 0.020385114673667253 0.004728127857288795 3.5646802186965947 0.0044251211111698821 2041650.0000000002
decision_type=2 2 2 2 2 2 2 2 2 2 2 2 2 2 2 2 2 2 2 2 2 2 2 2 2 2 2 2 2 2
left_child=1 10 4 -4 -2 6 7 9 -7 -6 11 12 13 15 -14 -1 -15 18 -12 21 -21 -20 23 29 25 -24 -25 -5 -26 -19
right_child=2 -3 3 27 5 8 -8 -9 -10 -11 17 -13 14 16 -16 -17 -18 22 19 20 -22 -23 24 26 28 -27 -28 -29 -30 -31
leaf_value=0.00012698681684923939 -0.00017702582727310823 0.00024704764587113459 -0.00032054076491476734 7.3554863614845077e-05 2.6631352375261487e-06 -0.0002257936998422996 0.00027686630682778899 -0.00012372141027299221 3.4631830082313779e-05 0.00023332971601727572 -0.00032732298109734866 -0.00012905398783914277 9.9545258116202304e-05 0.00018108973804106319 -0.0002642080555753117 0.00047900736260445502 -0.00012954117653582497 0.00019412462130750769 -6.0155629105265106e-06 -0.00011752251401776447 0.00026769775601179945 -0.00030226703693188029 0.0001417321382819757 -0.00036080581878195517 0.00036619998697590611 -0.00017721280736395783 -6.9101549775041343e-05 -0.00017776611493900419 0.00010631042146997059 -2.443962259089208e-05
leaf_weight=24 29 23 24 25 30 29 29 34 27 36 31 30 28 34 21 23 26 23 31 25 31 20 34 20 21 32 32 21 20 35
leaf_count=24 29 23 24 25 30 29 29 34 27 36 31 30 28 34 21 23 26 23 31 25 31 20 34 20 21 32 32 21 20 35
internal_value=1.16822e-12 1.42403e-05 -2.82801e-05 -0.00013696 7.2694e-06 3.61589e-05 9.53671e-05 4.27324e-05 -0.000100231 0.000128481 4.34279e-06 5.49522e-05 9.0338e-05 0.000157512 -5.6349e-05 0.000299252 4.6483e-05 -2.21737e-05 -7.98425e-05 -8.14258e-06 9.57244e-05 -0.000122193 1.45005e-05 -5.28899e-05 8.37803e-05 -1.29078e-05 -0.000181295 -4.11786e-05 0.000239425 6.22324e-05
internal_weight=848 564 284 70 214 185 129 100 56 66 541 186 156 107 49 47 60 355 138 107 56 51 217 110 107 66 52 46 41 58
internal_count=848 564 284 70 214 185 129 100 56 66 541 186 156 107 49 47 60 355 138 107 56 51 217 110 107 66 52 46 41 58
is_linear=0
shrinkage=0.3


Tree=75
num_leaves=26
num_cat=0
split_feature=24 2 1 5 17 4 22 14 9 9 9 1 6 17 15 15 14 14 20 7 8 14 22 15 11
split_gain=3.56239e-06 2.42877e-05 2.22078e-05 1.39096e-05 1.10972e-05 1.56795e-05 1.40694e-05 1.25631e-05 9.86579e-06 2.30463e-05 1.49615e-05 1.09855e-05 7.88086e-06 8.2057e-06 8.0499e-06 2.04138e-05 2.63859e-05 1.14234e-05 2.35835e-05 1.13471e-05 7.69958e-06 6.99088e-06 7.39028e-06 6.59723e-06 4.47277e-06
threshold=0.41666650000000005 3.4439170356307316 3.424137670439205 0.0025350989529235291 0.0023808934520945335 1974350.0000000002 0.024777000000000004 0.014124280467537508 0.029174307309068559 0.032498613890286847 0.0270627071583023 3.4386378654737819 -0.011848530549368149 0.0096852205192837475 -0.0146235787011417 -0.0073260111385089052 0.021052611765768763 0.022058744469039552 0.41305350000000002 0.0025350989529235291 0.017421230315568064 0.025974032810112881 0.07151250000000002 -0.022567052993635445 47.590011621186477
decision_type=2 2 2 2 2 2 2 2 2 2 2 2 2 2 2 2 2 2 2 2 2 2 2 2 2
left_child=8 2 3 -2 7 -6 20 -3 10 11 12 -10 13 24 23 16 -16 19 -19 -17 -7 22 -11 -14 -1
right_child=1 4 -4 -5 5 6 -8 -9 9 21 -12 -13 14 -15 15 17 -18 18 -20 -21 -22 -23 -24 -25 -26
leaf_value=-0.00010379193352036963 -0.00017515531494486701 0.00010346577837481163 -0.0003978115035861265 0.00012193524269842663 -6.1730906451741338e-05 0.00014658678086231124 -8.5691191998193965e-06 -0.00018920698450363655 0.00043258236175461209 3.9827394763847225e-05 -0.00024759653976864432 0.00011814731566119006 3.6570875652779992e-05 -0.00024567847838625313 0.00037680339883081613 2.2314978111899109e-05 -5.3364034309717156e-05 0.00027124128629601237 -4.7491629835955488e-05 -0.00012854619301184097 0.00039229339736266409 0.00012237561231813742 -0.00019814745472341081 -0.00018128877553831915 5.6099134998212024e-05
leaf_weight=32 37 22 25 23 38 22 24 33 20 24 22 20 22 20 33 125 21 39 45 70 24 24 23 29 31
leaf_count=32 37 22 25 23 38 22 24 33 20 24 22 20 22 20 33 125 21 39 45 70 24 24 23 29 31
internal_value=3.59481e-13 -3.02443e-05 -0.000160253 -6.12706e-05 3.75517e-05 9.34122e-05 0.000177633 -7.21379e-05 1.2501e-05 9.32439e-05 -5.82717e-06 0.000275365 5.5624e-06 -7.82631e-05 2.36809e-05 4.06796e-05 0.000209516 8.00153e-06 0.000100492 -3.18403e-05 0.000274782 -9.35943e-06 -7.66284e-05 -8.73101e-05 -2.51154e-05
internal_weight=848 248 85 60 163 108 70 55 600 111 489 40 467 83 384 333 54 279 84 195 46 71 47 51 63
internal_count=848 248 85 60 163 108 70 55 600 111 489 40 467 83 384 333 54 279 84 195 46 71 47 51 63
is_linear=0
shrinkage=0.3


Tree=76
num_leaves=31
num_cat=0
split_feature=7 13 7 0 12 14 14 20 12 4 26 19 6 20 9 3 10 20 19 18 7 18 21 27 22 17 13 11 27 27
split_gain=4.02945e-06 2.16135e-05 1.4511e-05 1.3713e-05 1.03021e-05 9.75784e-06 1.43192e-05 1.24577e-05 6.52061e-06 1.50821e-05 1.43521e-05 1.40078e-05 1.86222e-05 1.83457e-05 1.82702e-05 1.65297e-05 1.05266e-05 1.00169e-05 1.25565e-05 2.0067e-05 1.06905e-05 1.06872e-05 9.81315e-06 9.3548e-06 1.01588e-05 1.09743e-05 7.991e-06 7.38526e-06 4.95304e-06 4.43201e-06
threshold=-0.0093023965524082364 0.019197577266856499 -0.011876811482941162 3.6063608548246942 0.0020778689857708864 0.014598525749495763 0.024183809206779924 0.12302800000000001 0.00076314234912299177 1274150.0000000002 0.57800350000000011 0.15616250000000004 0.0046728812517494393 0.090486000000000011 0.015635371810254154 3.5683456659317021 -0.11847414102569727 0.45076500000000003 0.58985200000000015 0.16200497141907036 0.0096268553118364578 0.46409538123690414 0.71793800000000008 0.88049050000000006 0.0089215000000000006 0.0047281278572888453 0.022102692251325856 45.317778853944013 0.89133200000000012 0.92012300000000014
decision_type=2 2 2 2 2 2 2 2 2 2 2 2 2 2 2 2 2 2 2 2 2 2 2 2 2 2 2 2 2 2
left_child=1 -1 4 -4 5 -3 7 -7 9 10 -2 13 23 14 29 -15 -10 20 -19 -20 21 26 -22 24 -13 -26 -18 -16 -8 -11
right_child=8 2 3 -5 -6 6 28 -9 16 11 -12 12 -14 15 27 -17 17 18 19 -21 22 -23 -24 -25 25 -27 -28 -29 -30 -31
leaf_value=-0.00033257024502745478 5.5046097501569116e-05 -0.00017631592418183571 -6.0006776420777898e-06 -0.00033928018854794572 0.000215980111490353 0.00029741923942240713 7.1799940487835557e-06 1.3701139650947879e-05 -0.00020483387793669513 0.00032377761343251103 -0.00024644406061270275 -4.3935337052971584e-05 0.000315646570433691 5.3833356960240058e-05 -0.00013493058231688336 -0.00024236699533992999 0.00015024891416292769 -0.00024303999340190784 0.00015875132298054766 -0.00020249687701289076 6.1522331702690283e-05 0.00028239020928436809 -0.00017530945554045178 -4.610367788700387e-05 9.1880915803405259e-05 0.00038074549156590364 -4.9715724531238635e-05 9.7342492914652783e-05 -0.00019311891286633907 0.00013068007108813618
leaf_weight=20 27 22 25 20 25 26 25 30 26 23 30 20 37 30 28 39 35 30 31 25 32 23 31 40 29 20 37 22 20 20
leaf_count=20 27 22 25 20 25 26 25 30 26 23 30 20 37 30 28 39 35 30 31 25 32 23 31 40 29 20 37 22 20 20
internal_value=-9.22311e-13 -3.57062e-05 -4.94307e-06 -0.000154125 4.04163e-05 4.73257e-06 4.41689e-05 0.000145427 1.1977e-05 3.81236e-05 -0.000103633 6.43577e-05 0.00013175 3.62131e-06 9.05803e-05 -0.000113584 -2.33692e-05 -4.0328e-06 -8.64225e-05 -2.52019e-06 4.08122e-05 0.00010436 -5.50139e-05 6.93266e-05 0.000136243 0.000209785 4.74893e-05 -3.27304e-05 -8.18417e-05 0.000233965
internal_weight=848 213 193 45 148 123 101 56 635 365 57 308 146 162 93 69 270 244 86 56 158 95 63 109 69 49 72 50 45 43
internal_count=848 213 193 45 148 123 101 56 635 365 57 308 146 162 93 69 270 244 86 56 158 95 63 109 69 49 72 50 45 43
is_linear=0
shrinkage=0.3


Tree=77
num_leaves=14
num_cat=0
split_feature=5 15 5 22 20 4 6 4 18 11 16 8 16
split_gain=4.15973e-06 6.32336e-06 7.41456e-06 6.27842e-06 6.24899e-06 9.18183e-06 5.26358e-06 1.09007e-05 6.57905e-06 5.41874e-06 8.79789e-06 7.9203e-06 5.14033e-06
threshold=0.026037515437629121 0.021782171078152956 0.020145350432235493 0.022214000000000005 0.93783150000000004 5746850.0000000009 -0.0069687455288070218 1179200.0000000002 -0.13984545321642528 38.974141896238962 0.0026420100401424438 -0.038583933774420341 0.008356636144623503
decision_type=2 2 2 2 2 2 2 2 2 2 2 2 2
left_child=1 2 4 -2 5 6 7 -1 -9 10 -8 -11 -7
right_child=3 -3 -4 -5 -6 12 9 8 -10 11 -12 -13 -14
leaf_value=0.00023468939842132385 -0.00021404187036750953 0.00014503245069395884 -0.00018037611554916566 1.1469185163150541e-05 0.00016223062067927623 -0.00019281015450939198 -0.00024373137275688348 9.5065414671087939e-05 -2.0382622721444538e-05 0.00016679344672593287 6.0385868710000064e-06 -7.4198028210751721e-06 -5.5999026285876013e-06
leaf_weight=25 20 28 20 25 22 33 22 72 116 25 30 388 22
leaf_count=25 20 28 20 25 22 33 22 72 116 25 30 388 22
internal_value=-1.31256e-13 4.97398e-06 -8.61948e-08 -8.8758e-05 4.6897e-06 -3.86798e-08 9.52446e-06 4.85801e-05 2.38315e-05 -8.36555e-06 -9.96333e-05 3.12579e-06 -0.000117926
internal_weight=848 803 775 45 755 733 678 213 188 465 52 413 55
internal_count=848 803 775 45 755 733 678 213 188 465 52 413 55
is_linear=0
shrinkage=0.3


Tree=78
num_leaves=27
num_cat=0
split_feature=12 27 27 17 18 16 22 18 7 7 7 10 18 16 5 14 18 15 5 18 5 18 4 21 18 14
split_gain=3.20186e-06 1.01338e-05 1.05506e-05 3.20831e-06 8.03397e-06 2.12872e-05 5.74365e-06 4.5562e-06 1.17671e-05 1.13393e-05 9.89322e-06 1.56651e-05 9.6716e-06 8.68382e-06 7.85227e-06 7.11492e-06 6.33913e-06 6.2565e-06 1.05332e-05 1.32513e-05 9.61847e-06 1.53484e-05 1.55971e-05 8.90874e-06 7.29654e-06 5.53829e-06
threshold=0.0040614389188512838 0.80326100000000011 0.91342600000000018 0.011627950817908799 -0.018382335750014869 0.0026212340243427701 0.028575000000000003 0.10326678497081064 -0.015368270008723853 -0.0047226104131730829 -0.0023419121182429218 -0.58976868613494171 -0.35241955848788492 0.0050062907608378745 0.0024125111212752654 0.015524006032211964 -0.3345089392923794 -0.020293734679893979 -0.0023557857079842849 0.2489825980834284 0.0045349570445879115 0.42990034219472667 3976800.0000000005 0.37184300000000009 0.48585178257392475 0.015706930340504022
decision_type=2 2 2 2 2 2 2 2 2 2 2 2 2 2 2 2 2 2 2 2 2 2 2 2 2 2
left_child=3 -2 -3 7 5 -5 -6 8 16 12 -11 15 25 -13 -14 -12 -1 -9 19 -19 24 -22 -23 -21 -20 -10
right_child=1 2 -4 4 6 -7 -8 17 9 10 11 13 14 -15 -16 -17 -18 18 20 23 21 22 -24 -25 -26 -27
leaf_value=-4.5884829833084955e-05 -8.5378993108245198e-05 0.00024299800356857303 -1.1643216142450304e-05 -2.9507874404027294e-05 6.723643600707874e-05 0.00035146439629236493 -0.00011505766124173532 -0.00011923329118092494 0.00010033938183369173 -0.0002213759448851407 0.0002407793858583318 -3.2944782598802232e-05 0.00031504663471423558 -0.00019229905815336678 5.8022348932117102e-05 2.7140829200668142e-05 -0.00026702239852381481 0.00032605754309770416 -6.9168288973742163e-06 -5.2941520806524677e-05 -0.00013112481461906677 0.00024793321845700611 -4.8836417850647459e-05 0.00015668134165025549 -0.00023630567918119666 -0.00010794720785472437
leaf_weight=20 31 32 27 33 28 22 35 28 20 27 20 93 20 46 23 47 28 20 24 37 33 37 28 36 26 27
leaf_count=20 31 32 27 33 28 22 35 28 20 27 20 93 20 46 23 47 28 20 24 37 33 37 28 36 26 27
internal_value=-2.16219e-13 5.3498e-05 0.000126467 -6.35201e-06 3.91022e-05 0.000122881 -3.40381e-05 -1.47326e-05 -3.62863e-05 -1.56901e-05 -5.06247e-05 -2.82447e-05 7.47518e-05 -8.56807e-05 0.000177569 9.09135e-05 -0.000174882 1.49939e-05 3.05887e-05 0.000109708 -1.91281e-05 3.54999e-05 0.000120094 5.04341e-05 -0.000126199 -1.93146e-05
internal_weight=848 90 59 758 118 55 63 640 371 323 233 206 90 139 43 67 48 269 241 93 148 98 65 73 50 47
internal_count=848 90 59 758 118 55 63 640 371 323 233 206 90 139 43 67 48 269 241 93 148 98 65 73 50 47
is_linear=0
shrinkage=0.3


Tree=79
num_leaves=24
num_cat=0
split_feature=8 7 7 13 7 12 7 16 9 9 5 20 20 18 6 4 17 3 27 19 27 6 9
split_gain=3.10905e-06 3.70256e-06 3.73824e-06 9.15163e-06 7.3934e-06 6.71024e-06 9.29094e-06 1.17702e-05 4.56008e-06 7.87451e-06 1.00482e-05 1.2612e-05 1.64581e-05 1.14468e-05 7.15947e-06 6.77036e-06 1.12377e-05 9.20546e-06 1.22928e-05 7.87545e-06 7.49955e-06 7.00592e-06 5.5021e-06
threshold=0.11007207956970473 -0.026635920927638859 -0.0093023965524082364 0.019197577266856499 -0.011737537761617926 0.0020535395106276188 -0.014201281792077658 0.0023585446749207779 0.019426936806997388 0.020586478999860918 -0.009401083027999765 0.62509650000000005 0.39642650000000007 0.099330886716308589 -0.0027175400084091146 1517300.0000000002 0.0024509196646245344 3.5740603208541875 0.93680250000000009 0.058198000000000007 0.8190845000000001 -1.0000000180025095e-35 0.013790444482432371
decision_type=2 2 2 2 2 2 2 2 2 2 2 2 2 2 2 2 2 2 2 2 2 2 2
left_child=1 -1 3 -3 5 6 7 -5 15 -10 14 12 -12 -13 -11 16 22 19 20 -17 -19 -18 -4
right_child=-2 2 8 4 -6 -7 -8 -9 9 10 11 13 -14 -15 -16 17 21 18 -20 -21 -22 -23 -24
leaf_value=0.00010791772625592645 9.485351008152065e-05 -0.00023653855605516581 -4.4300323861534703e-05 -0.00021514948592084692 -0.00013868809761039005 0.00017329652610669654 0.00014215300924843175 2.5369587318833667e-05 -0.00017349857255888717 -3.7547225656453517e-06 2.3903796189937135e-05 4.8429848975501953e-05 0.00029551230504876001 -0.00026869540880787617 -0.00020624978110390658 1.6021167621147469e-05 -5.2957078150939191e-06 6.9063215040215871e-05 0.00022967499250586587 0.00025599867408203635 -5.3009324146842113e-05 -0.00023609681244626449 0.00017311175576072523
leaf_weight=26 30 20 20 30 37 20 25 47 29 30 102 20 25 21 33 20 20 77 23 32 110 29 22
leaf_count=26 30 20 20 30 37 20 25 47 29 30 102 20 25 21 33 20 20 77 23 32 110 29 22
internal_value=5.79642e-13 -3.47873e-06 -7.13569e-06 -4.5277e-05 -2.1219e-05 1.44069e-05 -1.67479e-05 -6.83391e-05 4.00183e-06 -2.61475e-05 -7.6489e-06 3.06666e-05 7.737e-05 -0.000114 -0.000109824 2.62082e-05 -4.42887e-05 5.06937e-05 2.27113e-05 0.0001637 -2.74416e-06 -0.000141892 6.95822e-05
internal_weight=848 818 792 179 159 122 102 77 613 260 231 168 127 41 63 353 91 262 210 52 187 49 42
internal_count=848 818 792 179 159 122 102 77 613 260 231 168 127 41 63 353 91 262 210 52 187 49 42
is_linear=0
shrinkage=0.3


Tree=80
num_leaves=16
num_cat=0
split_feature=15 14 22 4 20 15 8 11 15 5 11 27 19 22 22
split_gain=3.04384e-06 7.31183e-06 8.70597e-06 9.87281e-06 5.7044e-06 5.44257e-06 3.82286e-06 4.31424e-06 3.92141e-06 1.74375e-05 7.61984e-06 1.20803e-05 1.07925e-05 5.29854e-06 5.54285e-06
threshold=-0.013872985859916734 0.033720948482441164 0.019302000000000003 3423750.0000000005 0.14342400000000002 -0.011682175571655859 -0.080632611883798069 37.982652435366127 -0.0071259811160037751 -0.0082646248546045051 44.571762553043207 0.78606500000000012 0.14433200000000004 0.0078880000000000009 0.014557000000000002
decision_type=2 2 2 2 2 2 2 2 2 2 2 2 2 2 2
left_child=1 2 -1 4 -4 -2 -7 -8 9 -9 11 -10 -13 -12 -15
right_child=5 -3 3 -5 -6 6 7 8 10 -11 13 12 -14 14 -16
leaf_value=0.00020714591542979509 -0.00012652504261826504 -9.2177335823505149e-05 0.00019142392650246622 -0.00015743605563329764 -2.3531078732048623e-05 -0.00013105024603376591 0.00010459034043638634 -9.5180601213294054e-05 7.9386024689093952e-05 0.00020477324907079567 -0.00013621203720306409 -7.4926278652202773e-05 -0.00032785710806241365 6.3241110379082935e-05 -1.0325914199111898e-05
leaf_weight=33 33 28 25 20 20 20 35 33 28 37 23 49 22 131 311
leaf_count=33 33 28 25 20 20 20 35 33 28 37 23 49 22 131 311
internal_value=2.27813e-13 4.30246e-05 8.16538e-05 1.79424e-05 9.58884e-05 -7.50846e-06 -1.8081e-06 2.05564e-06 -3.60479e-06 6.33664e-05 -1.19168e-05 -8.74892e-05 -0.000153299 4.17279e-06 1.14779e-05
internal_weight=848 126 98 65 45 722 689 669 634 70 564 99 71 465 442
internal_count=848 126 98 65 45 722 689 669 634 70 564 99 71 465 442
is_linear=0
shrinkage=0.3


Tree=81
num_leaves=22
num_cat=0
split_feature=20 4 4 11 11 7 14 14 4 12 19 14 8 10 6 18 6 17 14 17 19
split_gain=3.19941e-06 8.37237e-06 6.97627e-06 6.88687e-06 6.33807e-06 6.18803e-06 5.97308e-06 1.00962e-05 1.2413e-05 1.47471e-05 8.66759e-06 4.78559e-06 5.62368e-06 1.18005e-05 7.80109e-06 9.27564e-06 9.13625e-06 6.12046e-06 1.03499e-05 7.98564e-06 4.15828e-06
threshold=0.60195450000000006 1083250.0000000002 1339500.0000000002 38.347443984190896 65.476144409227302 0.026037515437629121 0.032551317515416137 0.019047658513734893 1840650.0000000002 0.0008606668894522593 0.78208100000000014 0.0078533957890160374 0.03591167433243888 1.4239984565803392 0.0048721706875885064 0.028987914663044255 0.015484258960501561 0.0022371453945809893 0.015132640543750733 0.0047619004368509967 0.037652500000000005
decision_type=2 2 2 2 2 2 2 2 2 2 2 2 2 2 2 2 2 2 2 2 2
left_child=4 -2 -3 -4 5 11 7 8 -5 -10 -9 -1 13 17 15 -14 -16 18 -13 -19 -6
right_child=1 2 3 6 20 -7 -8 10 9 -11 -12 12 14 -15 16 -17 -18 19 -20 -21 -22
leaf_value=-0.00016595876046007367 0.00021144811824862179 -0.00015576403124214266 0.0001969520377315348 -0.00012177552535748956 1.1785554411083219e-05 0.00012425434408494486 0.00013547667312130735 2.9909945296822113e-05 0.00031383754212583882 -3.0405519022938927e-05 -0.00020002977101588233 0.00019960723654678856 -0.00014212238767630998 0.00015826421258680057 -0.00033015627966960888 0.00012448522102204151 -4.6839320553512414e-05 -0.00010285874675388094 -1.8562819157243491e-05 -4.8887195567623657e-06 0.0002007918872186565
leaf_weight=21 21 20 20 22 22 26 28 25 24 21 36 28 23 36 20 24 21 117 65 208 20
leaf_count=21 21 20 20 22 22 26 28 25 24 21 36 28 23 36 20 24 21 117 65 208 20
internal_value=-1.60315e-13 3.14227e-05 1.21342e-05 3.12136e-05 -1.08062e-05 -1.8835e-05 9.96505e-06 -1.74906e-05 6.29033e-05 0.000153191 -0.000105792 -2.54431e-05 -1.99987e-05 -6.54493e-06 -8.94082e-05 -5.98233e-06 -0.000185043 -2.0739e-05 4.71228e-05 -4.01579e-05 0.000101789
internal_weight=848 217 196 176 631 589 156 128 67 45 61 563 542 454 88 47 41 418 93 325 42
internal_count=848 217 196 176 631 589 156 128 67 45 61 563 542 454 88 47 41 418 93 325 42
is_linear=0
shrinkage=0.3


Tree=82
num_leaves=24
num_cat=0
split_feature=3 16 3 21 2 23 4 21 21 17 10 12 17 20 6 3 2 9 1 4 4 4 21
split_gain=3.06496e-06 5.27938e-06 1.04605e-05 9.54477e-06 8.16625e-06 1.18664e-05 7.74169e-06 8.37871e-06 8.26114e-06 6.07514e-06 1.03734e-05 1.20523e-05 1.27158e-05 1.07809e-05 8.05282e-06 7.32052e-06 5.08416e-06 1.04159e-05 4.92676e-06 4.65017e-06 3.85079e-06 3.25577e-06 2.88007e-06
threshold=3.9881731271743779 0.0051347916225565867 3.9413768053054814 0.92622550000000003 3.810248428337514 0.58333350000000006 998450.00000000012 0.026963000000000004 0.031831500000000006 0.0024213051298209352 0.80246139966709384 -6.3425187707430704e-05 0.0051948003693320496 0.24870600000000001 -0.014517687753713837 3.7411497831344609 3.5058569805365254 0.02341374605031275 3.9009690436759219 2898100.0000000005 1803000.0000000002 3278950.0000000005 0.43708250000000004
decision_type=2 2 2 2 2 2 2 2 2 2 2 2 2 2 2 2 2 2 2 2 2 2 2
left_child=1 2 3 4 6 22 -1 -8 -9 14 11 12 13 -11 -3 19 17 -14 -17 -16 -7 -12 -6
right_child=-2 9 -4 -5 5 20 7 8 -10 10 21 -13 16 -15 15 18 -18 -19 -20 -21 -22 -23 -24
leaf_value=0.00018871989959734489 -8.9630850677415507e-05 0.00019246610437138854 0.00022554243193801743 -0.00017457876302891552 -9.8171709396410733e-05 0.00014549313926181639 0.0002130290485313578 -0.00016926690055697692 3.003535125478502e-05 -4.3540585495065896e-05 -4.1389801708646702e-06 -0.0002451613655245416 0.00023018706726124155 -0.00033904897345564676 -0.00019453601277994245 0.00018627690544235518 -8.6147445722417607e-05 -4.4544557047427383e-05 -7.2699267485435915e-06 -3.5868124996341065e-06 -4.0671165597814254e-05 0.00014578059100048532 -0.00025917055419995446
leaf_weight=30 33 22 22 23 20 20 21 20 292 25 32 37 23 20 22 20 24 27 29 24 20 22 20
leaf_count=30 33 22 22 23 20 20 21 20 292 25 32 37 23 20 22 20 24 27 29 24 20 22 20
internal_value=2.44695e-13 3.62922e-06 2.33943e-05 1.38508e-05 2.36338e-05 -6.31301e-05 4.27553e-05 2.96054e-05 1.72596e-05 -2.58672e-05 -5.63889e-05 -9.5618e-05 -4.91213e-05 -0.000174878 2.89153e-05 -8.95964e-06 2.73522e-05 8.1832e-05 7.17288e-05 -9.49103e-05 5.2411e-05 5.69394e-05 -0.000178671
internal_weight=848 815 488 466 443 80 363 333 312 327 210 156 119 45 117 95 74 50 49 46 40 54 40
internal_count=848 815 488 466 443 80 363 333 312 327 210 156 119 45 117 95 74 50 49 46 40 54 40
is_linear=0
shrinkage=0.3


Tree=83
num_leaves=20
num_cat=0
split_feature=2 21 21 11 12 19 5 10 17 13 15 17 22 0 26 3 22 21 17
split_gain=2.78704e-06 2.96065e-06 6.10812e-06 7.64695e-06 6.13522e-06 3.47302e-06 4.4589e-06 9.93518e-06 6.89835e-06 7.08876e-06 6.08838e-06 7.03904e-06 8.92625e-06 7.12074e-06 5.36116e-06 4.33635e-06 3.37756e-06 3.13834e-06 2.08787e-06
threshold=2.9461474146244364 0.040979500000000009 0.032018500000000012 58.129726191548009 0.0008606668894522593 0.88863900000000007 -0.0115273571709194 -1.2484024113642185 0.0024449999682201735 0.027709871607130506 -0.0094675165633210951 0.013377930601928734 0.009478000000000002 3.4986666947368494 0.39932050000000008 3.507494449615479 0.066150500000000015 0.32379450000000004 0.0046838363034779722
decision_type=2 2 2 2 2 2 2 2 2 2 2 2 2 2 2 2 2 2 2
left_child=-1 2 3 4 18 6 8 14 17 15 -9 12 -12 -13 -8 -10 -17 -3 -2
right_child=1 5 -4 -5 -6 -7 7 10 9 -11 11 13 -14 -15 -16 16 -18 -19 -20
leaf_value=8.1681120142699601e-05 -4.6688424336025496e-05 -0.00014067371645069213 0.00014511715250721733 0.00016197468103200662 -0.00015435191608989481 -0.00012352616522548487 -0.00022180553360451612 -0.00016305779442648467 3.6584945233438959e-05 -4.8464547596623837e-05 -9.0784510843982611e-05 -0.0002343724355991331 3.579194461313753e-05 -1.769309744234376e-05 -3.8952563004891597e-05 0.00029210830616648308 0.00011775796556321438 1.8764598455163648e-05 8.5845887129518976e-05
leaf_weight=36 20 20 35 20 29 24 31 21 21 23 59 21 334 39 27 20 20 25 23
leaf_count=36 20 20 35 20 29 24 31 21 21 23 59 21 334 39 27 20 20 25 23
internal_value=-2.566e-14 -3.62133e-06 3.84494e-05 -2.13071e-06 -4.77155e-05 -1.14213e-05 -7.35093e-06 -1.94841e-05 4.26866e-05 9.34634e-05 -5.14313e-06 2.17742e-06 1.67894e-05 -9.35309e-05 -0.000136684 0.000146977 0.000204933 -5.20969e-05 2.4202e-05
internal_weight=848 812 127 92 72 685 661 532 129 84 474 453 393 60 58 61 40 45 43
internal_count=848 812 127 92 72 685 661 532 129 84 474 453 393 60 58 61 40 45 43
is_linear=0
shrinkage=0.3


Tree=84
num_leaves=16
num_cat=0
split_feature=5 19 15 15 3 10 8 21 3 15 12 12 12 8 18
split_gain=2.61198e-06 4.10686e-06 3.98955e-06 4.93448e-06 4.48501e-06 3.0863e-06 7.13178e-06 1.53441e-05 9.9354e-06 1.09453e-05 7.09456e-06 9.09695e-06 7.46769e-06 7.05283e-06 5.40795e-06
threshold=0.026037515437629121 0.23419900000000002 0.021782171078152956 0.018811988849844655 3.9881731271743779 -0.36904074585407082 0.0051361978168837875 0.9124405000000001 3.463958859443665 -0.0023556835368480225 -0.00032013586641139753 -0.00083417738122849438 0.00046445798584371394 0.0117098174475229 -0.95134174125335225
decision_type=2 2 2 2 2 2 2 2 2 2 2 2 2 2 2
left_child=2 -2 3 4 5 10 8 13 -7 -10 11 14 -12 -8 -1
right_child=1 -3 -4 -5 -6 6 7 -9 9 -11 12 -13 -14 -15 -16
leaf_value=0.00014114637840975775 -0.00015897062038793989 2.233326648076234e-05 0.00011519071350838723 -0.00014715652636368757 -0.00011861704863874296 0.00025244279004255077 -0.00019149986068441648 0.00024066079101678703 0.00018847861393624042 -3.4725144869220268e-05 -0.00025283892633264516 0.00020087166667508426 -2.1139224261259511e-05 -5.8917717809984026e-06 -2.1045666081454515e-05
leaf_weight=20 23 22 28 20 26 26 20 22 30 58 21 20 31 234 247
leaf_count=20 23 22 28 20 26 26 20 22 30 58 21 20 31 234 247
internal_value=-1.14143e-13 -7.03332e-05 3.94146e-06 -7.7868e-08 3.81826e-06 8.18495e-06 2.63838e-05 3.11107e-07 8.95071e-05 4.1367e-05 -1.27518e-05 5.72154e-06 -0.00011471 -2.05066e-05 -8.89645e-06
internal_weight=848 45 803 775 755 729 390 276 114 88 339 287 52 254 267
internal_count=848 45 803 775 755 729 390 276 114 88 339 287 52 254 267
is_linear=0
shrinkage=0.3


Tree=85
num_leaves=18
num_cat=0
split_feature=21 16 21 15 7 10 5 15 5 11 10 4 7 27 6 6 14
split_gain=2.18467e-06 5.51626e-06 2.75393e-06 5.35953e-06 3.4142e-06 6.76908e-06 6.27003e-06 4.33238e-06 9.59238e-06 6.89473e-06 6.35696e-06 6.73631e-06 5.3428e-06 4.26467e-06 3.53044e-06 5.84482e-06 3.00469e-06
threshold=0.91958000000000006 0.0052631843123083213 0.8993595000000002 0.0023837914450530813 0.016412947522430905 -0.36904074585407082 -0.0069931313090084391 -0.0078533957890160756 -0.009401083027999765 54.944478870840356 -0.24516643481651182 2849400.0000000005 0.011876778064342288 0.8590770000000002 0.026037515437629121 0.016909829390087745 0.019303723465220354
decision_type=2 2 2 2 2 2 2 2 2 2 2 2 2 2 2 2 2
left_child=2 -2 4 -4 7 -6 -7 8 9 10 11 -1 14 -8 15 16 -9
right_child=1 -3 3 -5 5 6 13 12 -10 -11 -12 -13 -14 -15 -16 -17 -18
leaf_value=-9.410792602064375e-05 -0.00013542232872543322 4.4390617966070873e-05 -2.8150895377621055e-05 0.00018618248213897459 -9.0406317179837396e-05 -3.6025090776092834e-05 6.7285963687817971e-05 -3.3291329305423327e-05 0.00017098059668872639 -0.00015287139598829368 0.00017206060403457906 6.8594409877008799e-05 -0.00014062559436069932 0.00024628503908752462 0.00010945788046228699 -0.0001495355858612035 1.9110234609535712e-05
leaf_weight=43 34 28 21 21 22 21 23 222 36 23 22 49 32 25 20 29 177
leaf_count=43 34 28 21 21 22 21 23 222 36 23 22 49 32 25 20 29 177
internal_value=-4.09376e-13 -5.42165e-05 4.27662e-06 7.90158e-05 5.74707e-08 5.44971e-05 0.000100698 -7.52906e-06 3.31739e-05 -3.03813e-06 2.71914e-05 -7.45125e-06 -2.21991e-05 0.000160515 -1.374e-05 -1.9497e-05 -1.00455e-05
internal_weight=848 62 786 42 744 91 69 653 173 137 114 92 480 48 448 428 399
internal_count=848 62 786 42 744 91 69 653 173 137 114 92 480 48 448 428 399
is_linear=0
shrinkage=0.3


Tree=86
num_leaves=17
num_cat=0
split_feature=12 3 12 6 4 26 13 14 18 26 13 12 16 4 4 18
split_gain=2.06204e-06 9.38773e-06 4.59899e-06 1.45546e-05 3.22122e-06 7.49145e-06 5.26349e-06 3.30123e-06 1.23672e-05 8.56109e-06 4.31939e-06 4.59885e-06 9.26377e-06 3.94103e-06 4.85284e-06 2.51943e-06
threshold=0.0059889816061213077 3.4571167230606084 0.0040614389188512838 0.0026245644495710894 1017500.0000000001 0.77065900000000009 0.021419265661651535 0.01182037600695209 -0.33075770765487306 0.37685950000000007 0.032584081599927137 -0.0045026693629982373 0.0051347916225565867 1179200.0000000002 1300500.0000000002 0.10326678497081064
decision_type=2 2 2 2 2 2 2 2 2 2 2 2 2 2 2 2
left_child=2 -2 4 -4 5 6 -1 8 -6 -10 11 12 -9 -13 -15 -14
right_child=1 -3 3 -5 7 -7 -8 10 9 -11 -12 13 15 14 -16 -17
leaf_value=-0.00024453716788619721 5.1734349550055672e-05 -0.00021737453463174461 0.00028547738354973263 -6.8129225607291039e-05 0.00024075924412159108 8.1835295454116676e-05 -3.6801630947435197e-05 0.00023545581329513385 -0.00016639379401957348 9.1142459146235168e-05 -0.00013989448709253338 -0.00013179499305393123 -6.5574123786063857e-05 0.00013255040014527089 -8.4486064127174478e-06 7.7280405585042905e-05
leaf_weight=21 28 20 20 22 24 21 23 22 21 26 20 22 25 23 490 20
leaf_count=21 28 20 20 22 24 21 23 22 21 26 20 22 25 23 490 20
internal_value=5.58326e-13 -6.03944e-05 3.62366e-06 0.000100255 -1.73057e-06 -6.55873e-05 -0.000135948 4.25888e-06 6.55445e-05 -2.39269e-05 -2.73674e-06 1.81999e-06 7.59147e-05 -7.45915e-06 -2.12701e-06 -2.08322e-06
internal_weight=848 48 800 42 758 65 44 693 71 47 622 602 67 535 513 45
internal_count=848 48 800 42 758 65 44 693 71 47 622 602 67 535 513 45
is_linear=0
shrinkage=0.3


Tree=87
num_leaves=23
num_cat=0
split_feature=9 21 21 21 5 5 12 22 17 16 20 12 13 18 15 18 7 21 13 7 6 6
split_gain=1.73343e-06 1.86599e-06 1.7929e-06 5.60361e-06 4.5804e-06 7.08145e-06 6.84115e-06 6.01065e-06 4.91434e-06 8.47652e-06 8.02479e-06 3.53289e-06 2.48187e-06 5.88357e-06 5.24974e-06 5.03158e-06 7.11555e-06 5.77509e-06 7.09984e-06 4.00757e-06 3.60155e-06 3.41525e-06
threshold=0.0061938213269746535 0.94143050000000017 0.72146750000000004 0.66480900000000009 -1.0000000180025095e-35 -0.0049512675277509953 0.00076314234912299177 0.012875500000000002 0.0095808430364912722 0.0027137065686552069 0.13216900000000001 1.0000000180025095e-35 0.019841729880690055 0.58600611881883125 0.0024479816548980782 0.70328082656182833 -0.0069446902090514176 0.36789050000000006 0.026951905024045424 0.0024125111212752654 -0.0023419121182429218 0.0022911594382499941
decision_type=2 2 2 2 2 2 2 2 2 2 2 2 2 2 2 2 2 2 2 2 2 2
left_child=-1 2 3 12 5 6 7 -4 9 -6 11 -11 13 14 19 17 -17 20 -19 -2 -14 -18
right_child=1 -3 4 -5 8 -7 -8 -9 -10 10 -12 -13 15 -15 -16 16 21 18 -20 -21 -22 -23
leaf_value=8.5117734436477934e-05 3.2154384148510105e-05 -9.2681363967130891e-05 -3.2389197318227761e-05 -0.00014219384815482449 -0.00016482474968662636 0.00020877017235034146 -0.00012095624489510166 0.00016758625518583181 0.00010043632987967262 -0.00015100579053978436 0.00016062936559572573 2.5173047574103942e-05 3.7470717034802476e-05 7.4997499432356555e-05 -0.00018094859394977901 -0.00018578550946889057 -6.4900587269221431e-05 0.00013516510836476906 -2.9551428078775643e-05 -0.00012650688975396484 -3.4296564029796337e-05 0.00010142303053726209
leaf_weight=21 38 20 24 27 35 25 21 31 26 20 23 21 115 30 30 27 25 72 35 23 139 20
leaf_count=21 38 20 24 27 35 25 21 31 26 20 23 21 115 30 30 27 25 72 35 23 139 20
internal_value=-1.54445e-13 -2.16139e-06 8.19761e-08 -8.73722e-06 2.27543e-05 7.02674e-05 2.47073e-05 8.03242e-05 -1.56362e-05 -4.61199e-05 1.87968e-05 -6.07678e-05 -2.23301e-06 -4.02176e-05 -7.82005e-05 8.38161e-06 -6.40314e-05 2.28241e-05 8.12859e-05 -2.76687e-05 -1.8035e-06 9.02102e-06
internal_weight=848 827 807 581 226 101 76 55 125 99 64 41 554 121 91 433 72 361 107 61 254 45
internal_count=848 827 807 581 226 101 76 55 125 99 64 41 554 121 91 433 72 361 107 61 254 45
is_linear=0
shrinkage=0.3


Tree=88
num_leaves=14
num_cat=0
split_feature=2 0 0 8 26 5 17 5 13 5 5 21 22
split_gain=1.80872e-06 2.75866e-06 6.15668e-06 4.36072e-06 6.15473e-06 3.19717e-06 8.41653e-06 3.36056e-06 9.4803e-06 5.27658e-06 4.05987e-06 3.45447e-06 2.5769e-06
threshold=2.9502167773103611 3.2789188640784048 3.31248080334634 -0.023256763411357208 0.46184300000000006 0.020649837092296692 0.0031201293813701543 0.014779393356072595 0.022889839813723282 0.011848451171173025 0.010416749491758361 0.18132600000000001 0.025221000000000004
decision_type=2 2 2 2 2 2 2 2 2 2 2 2 2
left_child=12 3 -3 -2 -5 7 -7 9 -9 10 11 -4 -1
right_child=1 2 5 4 -6 6 -8 8 -10 -11 -12 -13 -14
leaf_value=0.00013841557892646958 -0.00014625144780438859 0.0001670213472107207 2.8800542331574095e-05 0.00011398535836396268 -9.0837174948612818e-05 -0.00020338095341685401 4.0785221896536915e-05 0.00023417565716954414 -5.7924790205561287e-05 -0.00012222255521802223 0.00013121635896492411 -1.9332001364412564e-05 -1.3873917341697959e-05
leaf_weight=20 30 20 223 23 31 24 27 20 20 31 22 337 20
leaf_count=20 30 20 223 23 31 24 27 20 20 31 22 337 20
internal_value=2.06165e-13 -3.08271e-06 2.88812e-06 -5.45456e-05 -3.59795e-06 -1.77475e-06 -7.41165e-05 3.87521e-06 8.81254e-05 -1.62235e-06 4.80137e-06 -1.64935e-07 6.22708e-05
internal_weight=848 808 724 84 54 704 51 653 40 613 582 560 40
internal_count=848 808 724 84 54 704 51 653 40 613 582 560 40
is_linear=0
shrinkage=0.3


Tree=89
num_leaves=20
num_cat=0
split_feature=6 11 10 15 4 18 5 6 18 18 16 21 16 11 11 18 10 27 0
split_gain=1.39192e-06 3.80573e-06 6.17393e-06 4.34361e-06 3.6714e-06 8.95037e-06 6.627e-06 3.31589e-06 6.89061e-06 6.35781e-06 3.44682e-06 3.11491e-06 2.71442e-06 3.26165e-06 4.6009e-06 3.81919e-06 2.75432e-06 2.59534e-06 1.52576e-06
threshold=-0.010443999047484876 58.450601272897806 0.37371843001038657 0.005070363324092211 2849400.0000000005 -0.12257699931092585 -0.0115273571709194 -0.0069687455288070218 0.15052582813481677 -0.11823582445220966 0.015559627509134331 0.93302750000000012 0.01041675857166585 40.892675662129157 43.645067475353436 -0.62290935916453616 -1.0453922762487324 0.85136350000000005 3.4849314163373499
decision_type=2 2 2 2 2 2 2 2 2 2 2 2 2 2 2 2 2 2 2
left_child=1 2 3 4 5 -1 -6 8 9 -2 11 12 13 17 16 -16 -15 -9 -5
right_child=7 -3 -4 18 6 -7 -8 10 -10 -11 -12 -13 -14 14 15 -17 -18 -19 -20
leaf_value=4.6819019396406797e-05 7.9471096615892274e-05 -0.00013983966491650789 0.00010928942600995387 -5.3665743726014627e-05 0.00018599122226338035 -0.00021059426311694551 -4.7103585490296368e-05 -0.00012390363782258411 0.00015487585764136524 -0.00013889451682708959 -0.00012413713782734702 -0.00010792961091448721 8.3444644126127689e-05 2.9056481798761522e-05 -6.4782936674005629e-05 1.4628409944300609e-05 0.00018650127845830868 -5.4840473997804409e-06 -0.00016696295693375009
leaf_weight=31 28 22 33 20 21 20 23 31 39 21 20 22 39 20 66 313 20 36 23
leaf_count=31 28 22 33 20 21 20 23 31 39 21 20 22 39 20 66 313 20 36 23
internal_value=-5.55606e-13 -2.23909e-05 -7.28055e-06 -3.5156e-05 6.51974e-07 -5.41274e-05 6.41462e-05 6.59763e-06 6.07791e-05 -1.41142e-05 -1.8115e-06 2.66111e-06 7.29538e-06 1.18464e-06 1.10123e-05 7.99521e-07 0.000107779 -6.02752e-05 -0.000114267
internal_weight=848 193 171 138 95 51 44 655 88 49 567 547 525 486 419 379 40 67 43
internal_count=848 193 171 138 95 51 44 655 88 49 567 547 525 486 419 379 40 67 43
is_linear=0
shrinkage=0.3


Tree=90
num_leaves=17
num_cat=0
split_feature=8 18 2 8 20 9 11 7 26 11 21 10 27 10 9 4
split_gain=1.39688e-06 1.56511e-06 3.73418e-06 2.59727e-06 4.72793e-06 2.46838e-06 2.17467e-06 5.40443e-06 3.25493e-06 3.06005e-06 3.10882e-06 4.01672e-06 9.17362e-06 9.16843e-06 3.2309e-06 2.68198e-06
threshold=0.11007207956970473 1.0771421458184178 3.5114092582717285 0.064282034484870187 0.18741200000000002 0.014880951579202209 60.000008992119234 -0.0022728015173717445 0.48356550000000004 59.051758440053597 0.32379450000000004 0.16077734815103009 0.62289450000000013 -0.17384510586637494 0.01091626869722675 2667150.0000000005
decision_type=2 2 2 2 2 2 2 2 2 2 2 2 2 2 2 2
left_child=1 3 -3 6 -5 -4 9 -8 -9 10 14 13 -13 -12 -1 -16
right_child=-2 2 5 4 -6 -7 7 8 -10 -11 11 12 -14 -15 15 -17
leaf_value=-0.00012381167325656859 6.3579851625945595e-05 -0.0001353180176045918 -6.1523152139257451e-05 -0.0001685762635051188 1.5853713864936285e-05 8.2270871981953477e-05 0.00018841242948838043 -8.4578231222362128e-05 8.245281819004698e-05 -0.00010388351756773771 2.3883081812935199e-05 -9.8486623166694616e-05 0.00011381130870480168 -0.00015935234782123839 1.6994597311051274e-05 -4.698954854269018e-05
leaf_weight=24 30 26 22 22 29 21 20 21 21 24 201 23 90 28 148 98
leaf_count=24 30 26 22 22 29 21 20 21 21 24 201 23 90 28 148 98
internal_value=1.15269e-13 -2.33178e-06 -4.55665e-05 1.65113e-06 -6.37043e-05 8.70184e-06 6.42638e-06 6.00583e-05 -1.06271e-06 1.19811e-06 5.31896e-06 2.43171e-05 7.06002e-05 1.47875e-06 -1.87454e-05 -8.49502e-06
internal_weight=848 818 69 749 51 43 698 62 42 636 612 342 113 229 270 246
internal_count=848 818 69 749 51 43 698 62 42 636 612 342 113 229 270 246
is_linear=0
shrinkage=0.3


Tree=91
num_leaves=23
num_cat=0
split_feature=16 0 1 3 27 17 7 6 7 19 13 1 9 9 11 21 22 26 13 20 19 27
split_gain=1.22223e-06 4.77998e-06 7.0083e-06 6.81176e-06 4.78033e-06 6.70449e-06 5.14356e-06 4.68255e-06 4.05481e-06 6.99663e-06 5.76757e-06 3.89156e-06 4.19312e-06 3.38607e-06 3.8805e-06 5.89244e-06 4.46351e-06 4.5568e-06 3.68448e-06 3.04553e-06 1.94394e-06 1.15516e-06
threshold=0.0051347916225565867 3.9445804360519428 3.9480917508036 3.8843386173248295 0.62289450000000013 0.0047732650724070366 0.023950345217729044 0.0090910507380132684 -0.0071175830738862073 0.54179850000000018 0.020578070264756616 4.0137045991359281 0.011461081375236198 0.017613420259123842 53.192813203611315 0.49361900000000009 0.0096350000000000029 0.19762200000000005 0.021419265661651535 0.36471600000000004 0.087786000000000017 0.85977100000000017
decision_type=2 2 2 2 2 2 2 2 2 2 2 2 2 2 2 2 2 2 2 2 2 2
left_child=1 2 3 4 5 -1 8 -3 10 -10 -6 12 -2 18 16 -16 -15 -18 20 -19 -14 -20
right_child=11 7 -4 -5 6 -7 -8 -9 9 -11 -12 -13 13 14 15 -17 17 19 21 -21 -22 -23
leaf_value=-0.00019719852347666996 -0.00012918488941068062 -0.00017458620076524765 0.00018347436902827627 -0.00014897086773840864 -0.00013729655570386966 4.2524389845003232e-05 -9.6855431547737683e-05 2.1961579150229224e-05 2.8623286665299334e-05 0.00014307787864040352 2.7128109697827084e-05 0.00010800898598972708 3.6758977159934141e-05 9.6985787978053027e-05 -1.1193930801237242e-05 -0.0001874405689367479 5.9670510017895134e-05 -0.00014286442186527314 5.2229048235728567e-05 -1.4928116182572386e-05 -8.8224901888419742e-05 0.00015173469992727664
leaf_weight=21 30 24 22 23 24 21 27 20 164 68 96 22 24 31 38 31 32 33 21 34 21 21
leaf_count=21 30 24 22 23 24 21 27 20 164 68 96 22 24 31 38 31 32 33 21 34 21 21
internal_value=6.17549e-13 9.27198e-06 1.81965e-05 1.0007e-05 1.86923e-05 -7.73371e-05 2.9334e-05 -8.52463e-05 3.90133e-05 6.21703e-05 -5.75682e-06 -1.39903e-05 -2.24839e-05 -1.12915e-05 -3.28748e-05 -9.03772e-05 -2.35435e-06 -3.34609e-05 3.80774e-05 -7.79415e-05 -2.15668e-05 0.000101982
internal_weight=848 510 466 444 421 42 379 44 352 232 120 338 316 286 199 69 130 99 87 67 45 42
internal_count=848 510 466 444 421 42 379 44 352 232 120 338 316 286 199 69 130 99 87 67 45 42
is_linear=0
shrinkage=0.3


Tree=92
num_leaves=16
num_cat=0
split_feature=7 22 27 17 7 4 7 6 1 1 2 14 6 21 14
split_gain=1.25822e-06 4.65522e-06 5.79435e-06 4.65055e-06 4.49941e-06 4.24207e-06 2.43923e-06 1.72222e-06 2.37902e-06 1.06601e-05 4.71018e-06 4.91096e-06 4.3205e-06 4.18967e-06 4.46445e-06
threshold=0.014252281118277416 0.016242000000000003 0.86146950000000011 0.0023894873572044154 0.011876778064342288 2059200.0000000002 0.010269990095603613 0.025624627350703848 3.4464259658309522 3.4111362162817191 3.4069572186994979 0.037123188949144993 0.0045507125326679733 0.77173700000000012 0.029412060383858778
decision_type=2 2 2 2 2 2 2 2 2 2 2 2 2 2 2
left_child=4 2 -2 -3 6 -5 7 8 9 13 -10 12 -12 14 -1
right_child=1 3 -4 5 -6 -7 -8 -9 10 -11 11 -13 -14 -15 -16
leaf_value=5.914759955023902e-05 5.9606974964085768e-05 0.0001848544592932107 -0.00015111160046217263 -7.8501168512316744e-05 -0.00011862702806013202 8.7849285011691025e-05 8.3717736597463944e-05 6.3045105534084459e-05 0.00012060876336771139 -0.00023809559809576187 -3.3548378782853456e-05 0.00013390107939440811 3.0930194393509018e-05 -9.5029237757050905e-05 -8.6999201739672559e-05
leaf_weight=76 23 23 24 22 30 37 30 33 29 21 274 22 142 37 25
leaf_count=76 23 23 24 22 30 37 30 33 29 21 274 22 142 37 25
internal_value=2.44735e-14 2.72816e-05 -4.7994e-05 7.04274e-05 -4.89476e-06 2.58203e-05 5.72982e-08 -3.75122e-06 -7.27243e-06 -3.89676e-05 3.51886e-06 -4.23366e-06 -1.15389e-05 -8.66554e-06 2.29726e-05
internal_weight=848 129 47 82 719 59 689 659 626 159 467 438 416 138 101
internal_count=848 129 47 82 719 59 689 659 626 159 467 438 416 138 101
is_linear=0
shrinkage=0.3


Tree=93
num_leaves=22
num_cat=0
split_feature=9 4 4 6 6 4 7 17 11 8 20 6 5 0 1 16 27 6 10 15 15
split_gain=1.3852e-06 1.49569e-06 5.52569e-06 3.81632e-06 5.5736e-06 4.35723e-06 5.00675e-06 7.44118e-06 3.98581e-06 4.30579e-06 4.71491e-06 3.33152e-06 4.23069e-06 4.56736e-06 4.28512e-06 5.89627e-06 6.13828e-06 4.91696e-06 4.71803e-06 2.99225e-06 2.59492e-06
threshold=0.0061938213269746535 2667150.0000000005 2827550.0000000005 0.012180891566676601 0.023950345217729044 3466450.0000000005 -0.0023557857079842849 0.0046296250305059876 61.190897059480783 0.012912269187190418 0.79904950000000008 -0.018325312421402267 0.020649837092296692 3.8731434473064668 3.8275038699300787 0.0080536980535078784 0.82450600000000007 0.010416749491758361 -0.24516643481651182 -0.0023556835368480225 -0.0093348927681968213
decision_type=2 2 2 2 2 2 2 2 2 2 2 2 2 2 2 2 2 2 2 2 2
left_child=-1 11 -3 5 -5 6 -4 -8 9 10 -7 -2 13 14 15 16 -13 -17 -16 20 -15
right_child=1 2 3 4 -6 8 7 -9 -10 -11 -12 12 -14 19 18 17 -18 -19 -20 -21 -22
leaf_value=7.6089020902665134e-05 9.434860445899654e-05 -0.00012802132908452298 0.00015075203320791202 -0.00014026669530442003 4.3480900922077125e-05 -4.004933548486633e-05 -0.00012960292951902375 0.00011049843923011884 7.2374473156004742e-05 -0.0001276757337715632 0.00011967238336053143 -2.5490967238673163e-05 -0.00012646785735341836 -7.4903469339915305e-05 -4.7225053342778905e-06 -0.00018235902234664536 7.4314732556536543e-05 1.9048357353312893e-05 0.00017575044874575951 -0.00011545155537437255 6.1893298894014707e-05
leaf_weight=21 38 36 37 39 24 80 21 26 37 36 21 101 22 24 22 24 123 20 32 38 26
leaf_count=21 38 36 37 39 24 80 21 26 37 36 21 101 22 24 22 24 123 20 32 38 26
internal_value=-8.18565e-13 -1.93213e-06 -1.65709e-05 -4.07176e-06 -7.02676e-05 1.20923e-05 6.82038e-05 3.2191e-06 -1.4996e-05 -3.85924e-05 -6.83987e-06 9.18709e-06 1.69603e-06 8.57312e-06 2.51261e-05 9.59132e-06 2.93131e-05 -9.08102e-05 0.000102224 -5.19956e-05 -3.76915e-06
internal_weight=848 827 357 321 63 258 84 47 174 137 101 470 432 410 322 268 224 44 54 88 50
internal_count=848 827 357 321 63 258 84 47 174 137 101 470 432 410 322 268 224 44 54 88 50
is_linear=0
shrinkage=0.3


Tree=94
num_leaves=21
num_cat=0
split_feature=26 26 12 12 26 9 15 4 5 12 12 6 13 9 19 10 7 7 13 7
split_gain=1.49185e-06 3.58877e-06 3.34239e-06 3.816e-06 4.27629e-06 3.19238e-06 3.11439e-06 3.89024e-06 3.56115e-06 2.59474e-06 2.52096e-06 2.70225e-06 2.4231e-06 3.86847e-06 2.26812e-06 3.00043e-06 3.64965e-06 4.3828e-06 4.73364e-06 3.95252e-06
threshold=0.47332250000000003 0.52107250000000016 0.0044334227673399696 0.002646793676032357 0.57462500000000005 0.022661015009000435 -0.0022573838609065665 1339500.0000000002 0.0046512946108820934 0.0054560071513484994 0.0028174267983874309 0.0023528297313892099 0.027153474957240301 0.015504321111375423 -0.24783949999999996 -1.6869331553526101 0.014035252780545132 0.0090910507380132684 0.024511708745259566 0.020145350432235493
decision_type=2 2 2 2 2 2 2 2 2 2 2 2 2 2 2 2 2 2 2 2
left_child=9 -2 3 4 -3 -5 12 -8 -9 10 14 -12 13 -6 -1 -16 17 18 -17 -18
right_child=1 2 -4 5 6 -7 7 8 -10 -11 11 -13 -14 -15 15 16 19 -19 -20 -21
leaf_value=9.6412717231522462e-05 -0.00011248208184042597 0.00012897015646363538 8.3658361904131843e-05 -0.00018061317262306278 -9.2041319131285175e-06 -2.0447384031285765e-05 -0.00014780875643191391 -7.2777003848504155e-05 2.3824156764399578e-05 -6.9329168616150122e-05 0.0001688158242905047 1.4734124176486928e-05 -5.5903296613126127e-05 0.00010528670112906333 -7.7309752668952569e-05 -1.8454796439409225e-05 -0.00016348896613635589 0.00014520293807436245 7.4389110278837964e-05 2.0781867583123544e-05
leaf_weight=26 30 21 35 21 58 24 25 62 77 32 20 21 28 49 36 138 20 26 77 22
leaf_count=26 30 21 35 21 58 24 25 62 77 32 20 21 28 49 36 138 20 26 77 22
internal_value=-4.41207e-14 -1.24062e-05 -4.90054e-06 -1.33925e-05 -1.88951e-06 -9.51914e-05 -1.10803e-05 -3.88593e-05 -1.92641e-05 1.27624e-05 1.95679e-05 8.98959e-05 2.2666e-05 4.32262e-05 1.12101e-05 4.26566e-06 1.46427e-05 2.8865e-05 1.47963e-05 -6.69661e-05
internal_weight=848 430 400 365 320 45 299 164 139 418 386 41 135 107 345 319 283 241 215 42
internal_count=848 430 400 365 320 45 299 164 139 418 386 41 135 107 345 319 283 241 215 42
is_linear=0
shrinkage=0.3


Tree=95
num_leaves=28
num_cat=0
split_feature=13 13 13 2 7 16 1 2 13 13 16 7 5 1 4 4 3 1 20 19 9 27 5 14 12 27 15
split_gain=1.46354e-06 4.19096e-06 6.04483e-06 5.05624e-06 5.00508e-06 6.22675e-06 3.88408e-06 4.1229e-06 4.63629e-06 3.92815e-06 3.52054e-06 5.27108e-06 5.13586e-06 2.99991e-06 2.68571e-06 4.04694e-06 2.37484e-06 3.851e-06 4.63724e-06 4.53047e-06 4.28328e-06 3.83772e-06 3.52779e-06 3.386e-06 3.95983e-06 3.65683e-06 1.81984e-06
threshold=0.023150535082978294 0.021982804838690379 0.021270815996710723 3.7310599023096729 -0.0051882829153408489 0.0026666641235351439 3.5074943031768284 3.7352884175376233 0.020603747623492794 0.019197577266856499 0.0046189333207645074 0.0070175202566840596 0.0045349570445879115 3.959919168576358 2652900.0000000005 1645400.0000000002 3.7874526977539067 3.5623822721674707 0.046700000000000005 0.39932050000000008 0.015903320183016597 0.91667600000000016 -0.0054355035678213632 0.021226452227886817 0.0023678449655295257 0.73679250000000007 -1.0000000180025095e-35
decision_type=2 2 2 2 2 2 2 2 2 2 2 2 2 2 2 2 2 2 2 2 2 2 2 2 2 2 2
left_child=1 2 6 -4 -3 -6 -1 8 9 -8 11 12 -9 16 15 -12 17 18 22 20 -19 23 -2 24 -20 -25 -11
right_child=13 4 3 -5 5 -7 7 10 -10 26 14 -13 -14 -15 -16 -17 -18 19 21 -21 -22 -23 -24 25 -26 -27 -28
leaf_value=-8.9885235520341657e-05 0.00016744318945711713 -1.6418733658236519e-05 -0.00020350678959917074 2.741539356065914e-06 0.00025220793130839326 3.8929589196154017e-05 0.00013760247256868751 -4.4176522263522453e-05 0.00020428832383004192 -8.0114283200600773e-05 8.3189699940843491e-05 -0.00014859935512764164 0.00012605790492340349 -0.00012316617254068009 0.00011748480495043622 -9.163684188189852e-05 6.5555508147529485e-05 -2.0371729952666615e-05 -4.5599300248891506e-06 2.804111643074845e-05 -0.00018902020760420285 -0.00011243024711120596 1.3130035185895394e-05 -4.0796163576535604e-05 -0.00015202973871687983 7.4513528131358046e-05 4.2415923371663662e-05
leaf_weight=30 24 34 23 20 22 28 24 58 20 20 26 28 22 21 30 22 37 23 57 28 33 32 30 38 23 71 24
leaf_count=30 24 34 23 20 22 28 24 58 20 20 26 28 22 21 30 22 37 23 57 28 33 32 30 38 23 71 24
internal_value=2.2362e-13 1.2259e-05 -2.29608e-06 -0.000107577 7.23853e-05 0.000132772 1.25957e-05 2.38162e-05 7.73173e-05 3.99729e-05 -1.49613e-06 -3.65717e-05 2.63795e-06 -1.26706e-05 4.70701e-05 3.06087e-06 -6.81095e-06 -1.42693e-05 2.90319e-06 -7.04889e-05 -0.000119754 -1.63537e-05 8.17137e-05 -8.67393e-08 -4.69575e-05 3.43138e-05 -1.32796e-05
internal_weight=848 431 347 43 84 50 304 274 88 68 186 108 80 417 78 48 396 359 275 84 56 221 54 189 80 109 44
internal_count=848 431 347 43 84 50 304 274 88 68 186 108 80 417 78 48 396 359 275 84 56 221 54 189 80 109 44
is_linear=0
shrinkage=0.3


Tree=96
num_leaves=28
num_cat=0
split_feature=4 12 27 19 7 10 4 14 21 26 20 17 14 12 16 13 9 7 13 16 16 2 22 16 27 27 20
split_gain=1.47211e-06 3.04762e-06 6.10722e-06 5.30711e-06 4.68033e-06 5.63427e-06 5.60032e-06 7.74646e-06 5.46976e-06 7.17327e-06 4.94413e-06 2.74987e-06 3.27821e-06 2.50536e-06 4.23733e-06 4.06446e-06 3.93302e-06 4.15651e-06 4.67642e-06 4.82373e-06 5.3579e-06 4.24264e-06 3.02397e-06 2.49972e-06 2.46862e-06 2.46503e-06 2.02913e-06
threshold=2259300.0000000005 -0.0013539685783643155 0.79787050000000004 0.24247800000000003 0.010710511203191287 -0.83688435183899745 1974350.0000000002 0.013683015032271829 0.46586200000000005 0.78878550000000014 0.12555650000000004 0.0069444199502173912 0.018845709506607116 -0.0030586030314399804 0.0098160744501536133 0.021945826994704529 0.010124011088190176 0.016909829390087745 0.02946750657811743 0.0069364186997252055 0.0051880713595440298 3.8257053638717209 0.018400000000000003 0.0024753042020448902 0.89872950000000007 0.84818800000000005 0.34567750000000003
decision_type=2 2 2 2 2 2 2 2 2 2 2 2 2 2 2 2 2 2 2 2 2 2 2 2 2 2 2
left_child=1 2 3 -1 5 -3 7 -7 9 -9 -6 12 -4 14 15 -2 -15 18 19 20 21 -18 -21 -10 -17 -24 -19
right_child=13 4 11 -5 10 6 -8 8 23 -11 -12 -13 -14 16 -16 24 17 26 -20 22 -22 -23 25 -25 -26 -27 -28
leaf_value=0.00016058934161264916 0.0001871813470841488 0.00020680750261817591 -9.5260203330150452e-05 -2.7318568188474597e-05 -0.00011670660950023696 -0.00010468298376891701 0.00014062536721260249 0.00024273430303765054 -8.8618315579997611e-05 1.5291330048337561e-05 3.9808369547245095e-05 -0.00014489220588104451 5.6160557406573465e-05 7.8195317514802163e-05 -6.1595303577632876e-05 -4.0793313151965548e-05 -4.874494934784323e-05 9.4924073473521268e-05 8.0595633287726807e-05 -7.288799967939407e-05 -0.00023619835075805893 -0.00019482164963327317 0.00012670808679104083 4.7154988477324457e-05 0.00010191648578256719 -1.0195901355975115e-05 -2.8439177440304772e-05
leaf_weight=24 20 20 31 31 34 38 38 24 23 26 39 31 22 31 30 24 121 30 23 32 20 21 20 26 20 29 20
leaf_count=24 20 20 31 31 34 38 38 24 23 26 39 31 22 31 30 24 121 30 23 32 20 21 20 26 20 29 20
internal_value=-6.18046e-14 1.30112e-05 -2.30354e-05 5.46776e-05 3.1707e-05 5.59639e-05 3.87247e-05 1.04602e-05 5.46566e-05 0.000124464 -3.3089e-05 -7.3919e-05 -3.24063e-05 -1.2008e-05 3.14368e-05 7.50456e-05 -2.3777e-05 -3.37806e-05 -4.86977e-05 -6.09354e-05 -9.08232e-05 -7.03478e-05 -1.1597e-06 -1.65753e-05 2.40748e-05 4.56833e-05 4.55788e-05
internal_weight=848 407 139 55 268 195 175 137 99 50 73 84 53 441 94 64 347 316 266 243 162 142 81 49 44 49 50
internal_count=848 407 139 55 268 195 175 137 99 50 73 84 53 441 94 64 347 316 266 243 162 142 81 49 44 49 50
is_linear=0
shrinkage=0.3


Tree=97
num_leaves=30
num_cat=0
split_feature=14 15 18 6 0 18 12 14 18 21 1 2 0 9 13 18 18 16 22 8 11 6 6 27 26 8 13 22 3
split_gain=1.94346e-06 4.32791e-06 4.5304e-06 6.86064e-06 3.72781e-06 2.02588e-06 3.29278e-06 4.0562e-06 3.63764e-06 2.90701e-06 2.08731e-06 6.07062e-06 5.25976e-06 3.83592e-06 3.33602e-06 3.52996e-06 5.36044e-06 3.37217e-06 2.82063e-06 3.20041e-06 2.88661e-06 2.86533e-06 2.77153e-06 2.45215e-06 3.70861e-06 5.31105e-06 2.69638e-06 3.1797e-06 2.36031e-06
threshold=0.012239908560247122 -0.0047732650724069655 -0.3345089392923794 -1.0000000180025095e-35 3.8011908479622281 -0.5537091101971211 0.0012062191242393214 0.020930211669113997 -0.95134174125335225 0.36789050000000006 3.479966002760619 3.3592461147203445 3.6199860412269982 0.012345445051408046 0.02468453975498593 -0.17835290709651727 0.056471522208370449 0.0048721097458574751 0.011475500000000001 0.0073887377892001786 33.874387855761995 -0.0025940620930183455 -0.0027623831399622395 0.94066250000000007 0.79040400000000022 0.024895209165263773 0.017232897074184298 0.025388000000000004 3.1232219934463505
decision_type=2 2 2 2 2 2 2 2 2 2 2 2 2 2 2 2 2 2 2 2 2 2 2 2 2 2 2 2 2
left_child=1 -1 3 -3 -4 6 8 -8 -2 -10 11 18 13 -12 17 -16 -17 -15 28 20 -20 -22 -21 24 26 -26 -14 -28 -7
right_child=5 2 4 -5 -6 10 7 -9 9 -11 12 -13 23 14 15 16 -18 -19 19 22 21 -23 -24 -25 25 -27 27 -29 -30
leaf_value=-8.6768150520749097e-05 1.1566975338021566e-06 3.1632266582164443e-05 -7.1491226958642076e-05 0.00025520472575278418 8.7136395295317462e-05 1.1928823669222766e-05 0.00011804949187370023 -5.8574049471644682e-05 -0.00019305349980843148 -4.9556804697203916e-05 6.7451370050548569e-05 0.00017965654956892001 -5.583526405079565e-05 -0.00020089382621869123 6.9487260069373799e-05 -0.00020044976565259274 -1.1006292580288308e-05 -4.076849589182529e-05 9.3762573515050461e-05 1.1400868829696263e-05 2.2319920820088803e-05 -0.00010815820546505554 0.00016123219690052792 9.0847518415958957e-05 -0.00013637584805324234 5.5510356859096122e-05 9.3287551047183107e-05 4.4962851254003114e-07 -0.00013382013425484727
leaf_weight=22 34 30 30 21 24 20 22 25 27 24 20 21 29 29 21 20 41 20 20 20 33 28 25 34 34 21 64 69 20
leaf_count=22 34 30 30 21 24 20 22 25 27 24 20 21 29 29 21 20 41 20 20 20 33 28 25 34 34 21 64 69 20
internal_value=-2.71722e-13 3.42197e-05 5.95696e-05 0.000123692 -9.90062e-07 -6.02761e-06 -3.96193e-05 2.41008e-05 -7.48527e-05 -0.000125526 1.50057e-06 2.76854e-05 -1.06799e-05 -5.49224e-05 -7.36054e-05 -3.65978e-05 -7.31189e-05 -0.000135537 8.46009e-06 3.04937e-05 -5.14347e-06 -3.75717e-05 9.46405e-05 1.59361e-05 4.19882e-06 -6.31102e-05 2.70506e-05 4.51235e-05 -6.09457e-05
internal_weight=848 127 105 51 54 721 132 47 85 51 589 187 402 151 131 82 61 49 166 126 81 61 45 251 217 55 162 133 40
internal_count=848 127 105 51 54 721 132 47 85 51 589 187 402 151 131 82 61 49 166 126 81 61 45 251 217 55 162 133 40
is_linear=0
shrinkage=0.3


Tree=98
num_leaves=16
num_cat=0
split_feature=3 3 22 4 22 17 3 13 0 8 9 17 17 16 16
split_gain=9.9477e-07 1.98118e-06 3.12382e-06 2.08975e-06 4.28662e-06 5.2498e-06 2.01241e-06 3.51363e-06 3.32862e-06 3.90586e-06 2.63524e-06 2.1862e-06 3.99856e-06 2.6427e-06 1.8451e-06
threshold=3.9612565040588383 3.929876565933228 0.025388000000000004 1139300.0000000002 0.021251500000000003 0.0029411990260142531 3.8446148633956914 0.016408463067314905 3.9132823930152405 1.0000000180025095e-35 0.011656970571646578 0.0056417548533883354 0.0088823409148556468 0.0024010188201596242 0.0023014967467466486
decision_type=2 2 2 2 2 2 2 2 2 2 2 2 2 2 2
left_child=1 3 -3 4 -1 -6 7 -5 9 -8 -9 13 -13 -12 -2
right_child=14 2 -4 6 5 -7 8 10 -10 -11 11 12 -14 -15 -16
leaf_value=0.00012043859966758424 -0.00011170031337087494 0.00014776135836395301 -1.7903993739309954e-05 0.00010098670887788918 8.9808404482027968e-05 -0.00010140122858501854 -1.4834226978564403e-05 -9.9371328024762295e-05 4.2644065301415554e-05 -0.00018426882943458622 5.9784742699838677e-05 -7.5997674774767052e-05 4.9789453829294801e-06 -2.6630433025290173e-06 1.946841335135711e-06
leaf_weight=37 20 21 20 29 24 28 25 26 22 24 87 83 162 204 36
leaf_count=37 20 21 20 29 24 28 25 26 22 24 87 83 162 204 36
internal_value=-2.61275e-14 2.73222e-06 6.6949e-05 -7.7362e-07 4.23865e-05 -1.31506e-05 -6.57611e-06 -8.43056e-07 -5.42977e-05 -9.78226e-05 -6.09762e-06 -1.57315e-06 -2.2454e-05 1.60069e-05 -3.86414e-05
internal_weight=848 792 41 751 89 52 662 591 71 49 562 536 245 291 56
internal_count=848 792 41 751 89 52 662 591 71 49 562 536 245 291 56
is_linear=0
shrinkage=0.3


Tree=99
num_leaves=22
num_cat=0
split_feature=6 20 17 22 17 17 6 9 7 3 17 3 21 7 15 4 8 14 9 6 28
split_gain=1.05018e-06 2.21922e-06 2.1441e-06 5.57094e-06 2.94269e-06 2.4488e-06 1.44768e-06 4.37984e-06 5.56241e-06 1.76947e-06 3.42713e-06 3.35982e-06 2.30333e-06 4.28668e-06 4.32343e-06 2.70559e-06 2.62869e-06 3.46216e-06 2.43681e-06 2.70781e-06 1.69256e-06
threshold=-0.010443999047484876 0.046700000000000005 0.0045871758298128658 0.011275500000000003 0.0096852205192837475 0.0022547922371753911 -0.0073530860890311999 0.027799476603622933 0.0023528297313892099 3.2892190217971806 0.0054869733911003717 3.3326145410537724 0.064997500000000014 -0.0047562834997194083 0.0044692751557313523 1073100.0000000002 -0.044040345732069948 0.028466744585332798 0.012420110437319888 0.0049261112198518238 1.0000000180025095e-35
decision_type=2 2 2 2 2 2 2 2 2 2 2 2 2 2 2 2 2 2 2 2 2
left_child=1 -1 5 -4 -5 -3 7 8 -2 10 -8 -11 13 14 -13 -14 -17 -18 -15 -20 -12
right_child=6 2 3 4 -6 -7 9 -9 -10 11 20 12 15 18 -16 16 17 -19 19 -21 -22
leaf_value=4.552153818861514e-05 0.00021862026991584569 -2.034765354953895e-05 0.00012288099944429552 6.4129723510372318e-06 -0.0001268280210751982 -0.0001318764738845643 0.00012970506701700895 -6.7019406051258552e-05 2.2945281512954311e-06 -0.00011970427814379615 -5.7530632882844655e-05 -9.7985536604028306e-05 -9.3069176214425267e-05 -1.4312402759060204e-05 7.2692907881653145e-05 9.8527376706312805e-05 3.1158622469438269e-06 -8.2537132830646655e-05 0.00017086713967728428 4.5411436964659656e-05 5.9558108805504159e-05
leaf_weight=38 20 37 23 35 26 34 27 20 23 22 25 34 34 20 22 21 254 51 30 32 20
leaf_count=38 20 37 23 35 26 34 27 20 23 22 25 34 34 20 22 21 254 51 30 32 20
internal_value=1.19321e-13 -1.9449e-05 -3.53773e-05 -2.93823e-06 -5.03783e-05 -7.37558e-05 5.73077e-06 4.89649e-05 0.000102911 1.12984e-06 4.52074e-05 -4.97321e-06 9.52329e-08 3.30483e-05 -3.09333e-05 -1.25368e-05 -4.1377e-06 -1.12064e-05 7.67431e-05 0.000106116 -5.49119e-06
internal_weight=848 193 155 84 61 71 655 63 43 592 72 520 498 138 56 360 326 305 82 62 45
internal_count=848 193 155 84 61 71 655 63 43 592 72 520 498 138 56 360 326 305 82 62 45
is_linear=0
shrinkage=0.3


Tree=100
num_leaves=30
num_cat=0
split_feature=19 4 18 19 20 18 6 11 9 12 2 18 5 5 15 26 14 5 18 27 7 18 14 20 20 19 11 0 4
split_gain=6.58602e-07 3.0606e-06 2.6069e-06 1.73713e-06 1.72701e-06 1.85028e-06 2.7225e-06 3.8354e-06 4.46564e-06 2.10675e-06 2.91781e-06 4.20128e-06 3.02859e-06 1.68224e-06 3.32448e-06 2.57013e-06 2.53121e-06 2.67594e-06 2.49169e-06 2.42235e-06 1.72733e-06 3.07085e-06 1.88749e-06 1.62134e-06 2.29474e-06 2.74933e-06 2.21234e-06 2.3696e-06 1.41277e-06
threshold=0.11428300000000001 998450.00000000012 -0.92398376274400384 0.088579000000000005 0.21918700000000002 0.0068252779212579391 -0.0059112422608451412 53.966547141168213 0.021200740482688978 0.0036427877702946082 3.6605584513024145 0.54672315554484618 -0.0053193103412303424 0.0046512946108820934 0.0052153406272248499 0.43748800000000004 0.023255901635817516 0.026037515437629121 0.45592821768451119 0.91424100000000008 0.013316162414635277 -0.072679496338085028 0.018845709506607116 0.079444000000000015 0.065437000000000009 0.018680000000000006 53.927113320974918 3.5754732091398203 2088750.0000000002
decision_type=2 2 2 2 2 2 2 2 2 2 2 2 2 2 2 2 2 2 2 2 2 2 2 2 2 2 2 2 2
left_child=3 -2 -3 13 -4 6 28 8 -8 10 12 -12 -7 15 -15 23 -16 19 20 -18 21 22 -17 24 25 -1 27 -25 -6
right_child=1 2 4 -5 5 9 7 -9 -10 -11 11 -13 -14 14 16 18 17 -19 -20 -21 -22 -23 -24 26 -26 -27 -28 -29 -30
leaf_value=-4.8199594254004874e-05 9.4848232081002444e-05 -0.00010453472608787706 7.6940388517586733e-05 -8.1787644258686962e-05 -6.7333520893307939e-05 0.00010419554401455717 0.00020102191671797371 -8.8454355136491352e-06 1.2466008083720224e-05 -0.00010763275402661582 -0.00012024449912898585 2.857638227939582e-05 -1.5618394406504064e-05 0.00012400288167555118 -6.4542720717915516e-05 -0.00014296592162281739 0.00015696191553161041 -4.9110748752972143e-05 -0.00012673151221760133 9.3098673755775955e-06 5.2343230761055436e-05 2.8574449259073896e-05 -3.446954669338846e-05 1.568902427152352e-05 -9.8848225421864876e-05 7.4259968633586218e-05 -2.6655056207464835e-05 0.00015997549801665756 1.8467717997667094e-05
leaf_weight=33 34 20 29 27 31 31 26 39 20 22 38 31 49 25 34 27 20 21 27 20 21 34 31 20 22 33 23 21 39
leaf_count=33 34 20 29 27 31 31 26 39 20 22 38 31 49 25 34 27 20 21 27 20 21 34 31 20 22 33 23 21 39
internal_value=-9.6788e-14 8.66174e-06 8.47503e-07 -8.06983e-06 6.78453e-06 5.43671e-07 2.42827e-05 6.03637e-05 0.000119041 -2.09742e-05 -8.17894e-06 -5.33829e-05 3.08095e-05 -3.2388e-06 2.66644e-05 -1.55278e-05 1.04903e-06 3.76084e-05 -4.48546e-05 8.31359e-05 -2.52911e-05 -4.3012e-05 -8.49765e-05 1.14838e-05 -1.49394e-05 1.30302e-05 4.78156e-05 8.95919e-05 -1.953e-05
internal_weight=848 409 375 439 355 326 155 85 46 171 149 69 80 412 120 292 95 61 140 40 113 92 58 152 88 66 64 41 70
internal_count=848 409 375 439 355 326 155 85 46 171 149 69 80 412 120 292 95 61 140 40 113 92 58 152 88 66 64 41 70
is_linear=0
shrinkage=0.3


Tree=101
num_leaves=23
num_cat=0
split_feature=10 21 21 22 14 0 7 12 17 4 14 13 0 8 18 4 27 18 15 16 3 20
split_gain=8.93276e-07 1.86309e-06 4.1695e-06 2.13811e-06 3.1455e-06 3.44479e-06 3.09812e-06 4.97733e-06 3.68433e-06 1.77293e-06 1.89771e-06 1.61018e-06 2.70366e-06 1.42317e-06 1.56777e-06 2.75446e-06 2.5796e-06 3.31915e-06 2.56642e-06 1.86416e-06 4.00824e-06 2.29413e-06
threshold=-0.78880372801323051 0.040979500000000009 0.055551500000000011 0.019766500000000003 0.025363169039376098 3.5908659675795387 -0.0046564660901821705 -0.0037844733202364216 0.0046403668659020262 5144550.0000000009 0.037123188949144993 0.025992241828681897 3.6557173607863844 -0.029991383048446219 0.10326678497081064 1781650.0000000002 0.91784250000000012 0.29794553065011559 0.018811988849844655 0.002450978100551904 3.8110496997833256 0.3550870000000001
decision_type=2 2 2 2 2 2 2 2 2 2 2 2 2 2 2 2 2 2 2 2 2 2
left_child=1 -1 -3 6 5 -5 7 -4 -8 10 13 12 -11 -2 18 -16 17 -17 19 20 -15 -21
right_child=9 2 3 4 -6 -7 8 -9 -10 11 -12 -13 -14 14 15 16 -18 -19 -20 21 -22 -23
leaf_value=5.5437842256651486e-05 6.3575816950919701e-05 -0.00015490700674490653 5.4970559829045033e-06 0.00015733584032204818 -5.0408635057205434e-05 8.8709560189342407e-06 -6.0564779799760265e-05 -0.00018609028284467618 8.7872799036227268e-05 -0.00015090462871480018 8.5487886626651739e-05 2.6322998143190157e-05 -2.0199878670847163e-06 6.958940719641759e-05 0.00011077160437205998 -0.00011409514208935433 7.5692189509297611e-05 1.5188619319945116e-05 -0.00010597067720007781 -5.8136418163890193e-05 -3.6484664955034013e-05 1.8336721451862927e-05
leaf_weight=30 38 20 23 22 35 39 34 26 27 21 30 22 23 75 29 24 37 70 23 82 56 62
leaf_count=30 38 20 23 22 35 39 34 26 27 21 30 22 23 75 29 24 37 70 23 82 56 62
internal_value=-2.01097e-15 -1.48067e-05 -2.41311e-05 -1.14345e-05 2.12818e-05 6.24157e-05 -3.99868e-05 -9.61615e-05 5.1371e-06 6.40288e-06 1.22184e-05 -3.99447e-05 -7.30786e-05 7.78673e-06 3.15794e-06 2.71119e-05 8.59184e-06 -1.782e-05 -9.70326e-06 -1.6518e-06 2.42448e-05 -2.52105e-05
internal_weight=848 256 226 206 96 61 110 49 61 592 526 66 44 496 458 160 131 94 298 275 131 144
internal_count=848 256 226 206 96 61 110 49 61 592 526 66 44 496 458 160 131 94 298 275 131 144
is_linear=0
shrinkage=0.3


Tree=102
num_leaves=26
num_cat=0
split_feature=12 10 21 9 17 4 8 6 19 20 5 6 9 2 28 21 4 18 6 6 26 5 7 20 8
split_gain=8.66489e-07 2.50737e-06 2.17068e-06 2.86915e-06 3.08298e-06 2.66107e-06 3.70549e-06 2.18075e-06 3.74361e-06 2.82087e-06 2.58595e-06 2.24905e-06 3.4785e-06 2.20322e-06 1.82628e-06 1.70657e-06 1.92072e-06 2.23743e-06 2.3075e-06 4.01328e-06 2.57369e-06 2.3636e-06 1.88539e-06 1.64785e-06 1.61478e-06
threshold=-0.0006137483103544945 0.46941618896186177 0.93302750000000012 0.011380069479536873 0.0024630225110596651 1227050.0000000002 0.013873653419994145 -0.0024157739674230175 -0.083000499999999991 0.082351000000000021 0.0047394855697186463 0.0023528297313892099 0.014930514392600821 3.5685294245942645 1.0000000180025095e-35 0.89565500000000009 4805200.0000000009 -0.95134174125335225 -1.0000000180025095e-35 -0.0047336818726212886 0.35779850000000007 0.0022548832835212313 -1.0000000180025095e-35 0.14063050000000002 0.040552969872161913
decision_type=2 2 2 2 2 2 2 2 2 2 2 2 2 2 2 2 2 2 2 2 2 2 2 2 2
left_child=1 15 3 4 -2 6 -5 8 -7 10 13 -11 -13 -9 24 16 17 -1 19 20 -19 23 -17 -20 -10
right_child=2 -3 -4 5 -6 7 -8 9 14 11 -12 12 -14 -15 -16 22 -18 18 21 -21 -22 -23 -24 -25 -26
leaf_value=6.8449792024694034e-05 -6.0250851042244742e-06 -9.5390081345424828e-05 -7.5547287028362355e-05 0.00014785122355778394 0.00013797050235098141 5.9988471785901411e-05 -6.884507565700914e-06 -1.0974485512349474e-05 -0.00013364085838335225 0.00010002232284023194 5.0936538698145094e-05 -8.8055499635748163e-05 4.5101488947358649e-05 -0.00013570669357432051 -6.2944941691966963e-06 0.00011373992311870427 5.9564316215102965e-05 -9.8240291587107115e-05 -2.0251724404610848e-05 0.00011049176382584846 3.0648702025257125e-06 1.298099116191283e-05 -1.3528445961128454e-05 -0.00011044793488628008 -3.3415502643354399e-05
leaf_weight=24 23 29 26 26 32 27 30 26 39 38 22 23 76 25 30 22 31 31 26 24 83 31 20 61 23
leaf_count=24 23 29 26 26 32 27 30 26 39 38 22 23 76 25 30 22 31 31 26 24 83 31 20 61 23
internal_value=1.95175e-13 -1.05917e-05 8.68248e-06 1.36597e-05 7.77542e-05 4.50334e-06 6.49571e-05 -5.78666e-06 -3.82327e-05 1.25995e-05 -3.50329e-05 3.79802e-05 1.4166e-05 -7.21177e-05 -6.70585e-05 -3.62528e-06 -1.12908e-05 -1.91354e-05 -2.73466e-05 -1.00915e-06 -2.4483e-05 -5.8148e-05 5.31359e-05 -8.34927e-05 -9.64605e-05
internal_weight=848 382 466 440 55 385 56 329 119 210 73 137 99 51 92 353 311 280 256 138 114 118 42 87 62
internal_count=848 382 466 440 55 385 56 329 119 210 73 137 99 51 92 353 311 280 256 138 114 118 42 87 62
is_linear=0
shrinkage=0.3


Tree=103
num_leaves=22
num_cat=0
split_feature=6 23 4 26 29 17 8 16 4 4 0 6 27 4 14 1 0 18 15 8 7
split_gain=7.37272e-07 2.10645e-06 1.13385e-06 9.43386e-07 3.56955e-06 2.33846e-06 3.42375e-06 3.06711e-06 2.62463e-06 2.18857e-06 1.60587e-06 1.4837e-06 1.52651e-06 3.40093e-06 3.20722e-06 3.08763e-06 2.91473e-06 2.3795e-06 2.26119e-06 1.99299e-06 1.61731e-06
threshold=0.025624627350703848 0.41666650000000005 9031100.0000000019 0.26258900000000007 1.5000000000000002 0.0095238008737019587 0.051921443332593777 0.002610994744582091 3564100.0000000005 1613200.0000000002 3.7503306062538946 0.015484258960501561 0.81804050000000006 2970850.0000000005 0.02590674263201646 3.3151650917660493 3.4779882191696196 0.16200497141907036 0.0024479816548980782 0.0047113419272484776 -0.0047562834997194083
decision_type=2 2 2 2 2 2 2 2 2 2 2 2 2 2 2 2 2 2 2 2 2
left_child=2 -2 3 4 5 6 7 10 -7 -9 -1 12 13 14 18 -14 17 -17 -5 -15 -18
right_child=1 -3 -4 11 -6 8 -8 9 -10 -11 -12 -13 15 19 -16 16 20 -19 -20 -21 -22
leaf_value=-3.6826225959885049e-05 -2.4166739927750312e-05 0.00010163410843394223 -7.0954795592115258e-05 -3.7624847678479884e-05 0.00012964303027315923 0.00012540009586498653 9.146912615016425e-05 6.1715147043478753e-05 -1.2509564792550087e-05 -2.4891725869672558e-05 -0.0001372018652546103 -6.4296833219346948e-05 -7.1878902661930098e-05 0.00010515974752252077 5.4286963179196308e-05 0.00013913028434481313 -2.9035888275075195e-05 6.4049622778838966e-06 -0.00012503950186705545 -1.2652653523608544e-05 2.8695939478918287e-05
leaf_weight=32 25 23 21 76 22 27 26 38 23 85 26 39 35 24 23 31 72 20 41 28 111
leaf_count=32 25 23 21 76 22 27 26 38 23 85 26 39 35 24 23 31 72 20 41 28 111
internal_value=1.02067e-13 3.61128e-05 -2.16677e-06 -3.12407e-07 1.36635e-05 3.7353e-06 -1.0329e-05 -2.4952e-05 6.19617e-05 1.86487e-06 -8.18222e-05 -8.11097e-06 -3.35771e-06 -2.37914e-05 -4.81251e-05 1.12269e-05 2.36573e-05 8.70811e-05 -6.82573e-05 4.17223e-05 5.98178e-06
internal_weight=848 48 800 779 279 257 207 181 50 123 58 500 461 192 140 269 234 51 117 52 183
internal_count=848 48 800 779 279 257 207 181 50 123 58 500 461 192 140 269 234 51 117 52 183
is_linear=0
shrinkage=0.3


Tree=104
num_leaves=14
num_cat=0
split_feature=0 23 16 13 16 26 17 16 21 26 9 12 10
split_gain=7.76831e-07 1.46024e-06 1.33901e-06 2.39269e-06 2.08147e-06 1.63727e-06 2.28569e-06 1.20045e-06 1.1742e-06 1.74873e-06 1.31976e-06 2.30413e-06 1.80867e-06
threshold=3.0095124632772507 0.87500000000000011 0.0097087855094737854 0.026263721096164167 0.009302316297384013 0.22571100000000002 0.0024301349922037979 0.0079999923706054969 0.92552200000000007 0.043702500000000005 0.0099345224753250305 -0.00059902164554592882 1.2229050258965704
decision_type=2 2 2 2 2 2 2 2 2 2 2 2 2
left_child=1 -1 4 5 7 -4 -7 8 9 -2 11 -11 -12
right_child=2 -3 3 -5 -6 6 -8 -9 -10 10 12 -13 -14
leaf_value=-7.153976067846607e-06 9.079075412695861e-05 9.8981196060776711e-05 5.6892697850546227e-05 -9.6330786254839035e-05 8.7727803169400422e-05 3.1977330013432945e-05 -9.6410208033585848e-05 -5.1514953460914857e-05 -5.3230490709665898e-05 -0.00011265471970466973 1.5110007317475242e-05 2.6574316943879236e-05 -3.0240933499874126e-05
leaf_weight=28 21 20 27 36 25 24 26 39 32 23 430 20 97
leaf_count=28 21 20 27 36 25 24 26 39 32 23 430 20 97
internal_value=5.95147e-14 3.7069e-05 -2.22414e-06 -3.24869e-05 2.75357e-06 -2.63775e-06 -3.47842e-05 -4.55427e-07 2.74092e-06 5.77152e-06 2.63923e-06 -4.7897e-05 6.76268e-06
internal_weight=848 48 800 113 687 77 50 662 623 591 570 43 527
internal_count=848 48 800 113 687 77 50 662 623 591 570 43 527
is_linear=0
shrinkage=0.3


Tree=105
num_leaves=25
num_cat=0
split_feature=0 0 7 6 23 8 8 23 9 17 22 7 2 0 27 24 18 10 11 0 13 13 14 19
split_gain=6.51829e-07 2.74321e-06 2.1542e-06 2.98139e-06 3.60946e-06 4.46177e-06 2.00127e-06 2.129e-06 1.96825e-06 1.59327e-06 1.20216e-06 1.89027e-06 1.2961e-06 1.63856e-06 2.18354e-06 1.9594e-06 2.53122e-06 1.34927e-06 2.43264e-06 2.91542e-06 1.51182e-06 3.92525e-06 2.77853e-06 1.07168e-06
threshold=3.769898831256016 3.786383812333487 0.013468225746396317 0.0045507125326679733 0.58333350000000006 0.002237105150764702 0.002237105150764702 0.58333350000000006 0.014109707781296544 0.004656634649237411 0.0086545000000000007 -0.0051882829153408489 3.2867086621874564 3.2789188640784048 0.91667600000000016 0.41666650000000005 0.28380695252378291 -1.6869331553526101 37.982652435366127 3.353774344134457 0.021945826994704529 0.023150535082978294 0.022058744469039552 0.33119600000000005
decision_type=2 2 2 2 2 2 2 2 2 2 2 2 2 2 2 2 2 2 2 2 2 2 2 2
left_child=10 -2 3 4 5 -3 -5 -8 -6 -7 11 -1 13 14 15 16 23 -14 -19 -20 22 -22 -21 -12
right_child=1 2 -4 6 8 9 7 -9 -10 -11 12 -13 17 -15 -16 -17 -18 18 19 20 21 -23 -24 -25
leaf_value=0.00010991461568323757 0.00011606331175763833 -6.2928176857195248e-05 7.2687459957835793e-05 0.00010233624093886866 -3.1790673462885684e-05 2.2276304215748412e-05 -4.765093171045009e-05 7.6893497004805662e-05 -0.00013464025610386777 0.00013927064675954169 4.2327782812208166e-05 -1.2761549949293392e-05 -8.1491742553382575e-05 7.5253005386530868e-05 -7.889123728196304e-05 -5.2752968986169432e-05 -3.4112474961809555e-05 7.0645243686483019e-05 -0.00013247153154225089 -8.8379353519485457e-05 9.2536662329139826e-05 -1.8510260516340279e-05 2.9487737154138611e-05 0.0001393609368408631
leaf_weight=20 21 39 35 29 33 22 30 21 34 20 20 26 29 31 26 24 22 28 20 54 34 182 27 21
leaf_count=20 21 39 35 29 33 22 30 21 34 20 20 26 29 31 26 24 22 28 20 54 34 182 27 21
internal_value=1.55086e-13 1.17212e-05 3.38966e-06 -7.24817e-06 -3.24701e-05 1.01394e-05 3.94123e-05 3.63207e-06 -8.3983e-05 7.79879e-05 -5.90214e-06 4.05759e-05 -1.00295e-05 1.41546e-05 -2.60693e-06 2.01907e-05 4.79787e-05 -1.93411e-05 -1.41168e-05 -2.16037e-05 -1.41378e-05 -1.03065e-06 -4.90903e-05 9.20277e-05
internal_weight=848 284 263 228 148 81 80 51 67 42 564 46 518 144 113 87 63 374 345 317 297 216 81 41
internal_count=848 284 263 228 148 81 80 51 67 42 564 46 518 144 113 87 63 374 345 317 297 216 81 41
is_linear=0
shrinkage=0.3


Tree=106
num_leaves=23
num_cat=0
split_feature=11 11 12 21 11 14 4 4 14 3 4 2 9 4 2 26 1 9 27 4 9 7
split_gain=6.00099e-07 2.54488e-06 2.12508e-06 1.5331e-06 1.45201e-06 1.43265e-06 1.97149e-06 1.42485e-06 2.87216e-06 2.70453e-06 1.33126e-06 9.41122e-07 1.20005e-06 2.81995e-06 2.10605e-06 1.67946e-06 1.76582e-06 1.63837e-06 1.5447e-06 3.5373e-06 2.7294e-06 1.49738e-06
threshold=44.571762553043207 43.902477103151867 0.0019954117875428706 0.71793800000000008 45.479537475043905 0.023809502184254906 1702600.0000000002 3278950.0000000005 0.027168088651612004 3.4774292707443242 1613200.0000000002 3.0956529899282668 0.015635371810254154 1339500.0000000002 3.5748452799232431 0.88737900000000003 3.9480917508036 0.013337221807589708 0.65747950000000011 1274150.0000000002 0.01685627787833922 -0.020795038167855013
decision_type=2 2 2 2 2 2 2 2 2 2 2 2 2 2 2 2 2 2 2 2 2 2
left_child=1 2 3 7 -2 6 -5 9 -9 -1 -11 -6 13 17 -15 16 -16 -13 -14 -20 -21 -22
right_child=4 -3 -4 5 11 -7 -8 8 -10 10 -12 12 18 14 15 -17 -18 -19 19 20 21 -23
leaf_value=-0.00011390533131693577 7.1905769787658107e-05 -0.00011491855379063054 9.0092332739004621e-05 6.2469569857057647e-05 5.6576976349889359e-05 8.1835043049068181e-05 -6.3899067339661997e-05 9.1617433021052758e-05 -6.3492195477010685e-05 4.0293950132763708e-05 -4.7803653150798423e-05 -9.0713918090782933e-05 -7.6866059566049026e-05 9.4077529753961307e-05 -3.8735527506686906e-06 -4.7665625988884127e-05 6.9238414764562366e-05 1.9418836682234539e-05 9.2821257310098519e-05 -0.000118812071642341 -8.61710882600164e-05 -3.8298878390571298e-08
leaf_weight=37 28 20 20 20 27 25 25 22 21 26 38 31 31 39 61 30 58 20 29 22 20 198
leaf_count=37 28 20 20 20 27 25 25 22 21 26 38 31 31 39 61 30 58 20 29 22 20 198
internal_value=-9.54004e-14 -1.22043e-05 -3.42525e-06 -1.21652e-05 5.21865e-06 2.42542e-05 -7.73523e-06 -2.98691e-05 1.58662e-05 -4.93405e-05 -1.2014e-05 1.91964e-06 -8.18294e-07 1.50412e-05 3.20138e-05 1.57689e-05 3.17609e-05 -4.75246e-05 -1.3453e-05 -6.14518e-06 -1.81036e-05 -7.94039e-06
internal_weight=848 254 234 214 594 70 45 144 43 101 64 566 539 239 188 149 119 51 300 269 240 218
internal_count=848 254 234 214 594 70 45 144 43 101 64 566 539 239 188 149 119 51 300 269 240 218
is_linear=0
shrinkage=0.3


Tree=107
num_leaves=19
num_cat=0
split_feature=12 3 12 6 4 27 16 27 12 5 5 6 3 17 15 13 5 26
split_gain=5.01864e-07 3.17379e-06 1.55445e-06 2.64808e-06 1.25117e-06 2.22958e-06 2.92332e-06 1.31992e-06 1.57454e-06 1.37383e-06 1.51289e-06 1.67243e-06 1.194e-06 1.57991e-06 1.81278e-06 1.05944e-06 2.49301e-06 1.28902e-06
threshold=0.0059889816061213077 3.4571167230606084 0.0040614389188512838 0.0026245644495710894 1098150.0000000002 0.73484550000000015 0.0046457625072970224 0.7092885000000001 0.0032039467127276595 0.0053548235885739768 -0.013809091153666629 0.0023528297313892099 3.3186504840850835 0.0026525360405205609 -0.0077922624809032108 0.017100172092395827 -0.0023557857079842849 0.93660850000000007
decision_type=2 2 2 2 2 2 2 2 2 2 2 2 2 2 2 2 2 2
left_child=2 -2 4 -4 5 -1 -7 9 12 10 -6 -12 13 -9 -15 16 -14 -17
right_child=1 -3 3 -5 7 6 -8 8 -10 -11 11 -13 15 14 -16 17 -18 -19
leaf_value=-0.00012348606820523854 3.5401916290668715e-05 -0.00012107026243029394 0.00013697250898985657 -1.3856616549839434e-05 -1.9142777418892364e-05 -6.4666219929806958e-05 6.8135529605010207e-05 3.9630975846307588e-05 -7.3870247287130859e-05 -1.8126304052462467e-05 3.3232631767532436e-05 0.00013200428008922749 0.00012671088417326765 -0.00012879403184342663 -1.9467024615621016e-05 -3.4384638534524742e-06 -4.0367741751521992e-06 6.8295041683086313e-05
leaf_weight=20 28 20 20 22 20 35 26 20 27 35 36 27 21 21 39 372 35 24
leaf_count=20 28 20 20 22 20 35 26 20 27 35 36 27 21 21 39 372 35 24
internal_value=-2.71079e-14 -2.97948e-05 1.78769e-06 5.79668e-05 -1.32514e-06 -3.65619e-05 -8.0622e-06 2.89079e-06 -3.19526e-06 3.17222e-05 5.27426e-05 7.55633e-05 3.91626e-07 -3.33909e-05 -5.77315e-05 6.37083e-06 4.49936e-05 9.09021e-07
internal_weight=848 48 800 42 758 81 61 677 559 118 83 63 532 80 60 452 56 396
internal_count=848 48 800 42 758 81 61 677 559 118 83 63 532 80 60 452 56 396
is_linear=0
shrinkage=0.3


Tree=108
num_leaves=28
num_cat=0
split_feature=14 15 17 6 6 6 12 12 15 15 7 21 6 8 9 9 14 21 27 8 12 22 17 9 17 12 22
split_gain=5.46819e-07 2.82226e-06 2.22186e-06 7.81838e-07 2.19684e-06 2.08118e-06 1.79655e-06 1.47017e-06 2.66155e-06 2.60067e-06 2.74039e-06 2.18035e-06 2.08481e-06 1.61298e-06 2.34417e-06 2.28045e-06 1.73892e-06 1.40382e-06 1.20083e-06 1.10666e-06 9.49852e-07 1.47358e-06 2.59387e-06 1.69235e-06 1.51465e-06 1.44855e-06 1.15979e-06
threshold=0.011709590758694835 0.0023894873572044436 0.0023529950310202104 0.0048721706875885064 0.0045349570445879115 0.0090910507380132684 0.00041285120447219823 -0.0044333382828560704 -0.010815890000094473 0.0046190318657077954 0.013468225746396317 0.48214800000000008 0.0023528297313892099 0.020955316418932751 0.018836563571008508 0.027433847872135004 0.020556732230498434 0.52490350000000008 0.9283880000000001 -0.040790965534684226 -0.0020933556482382893 0.015234000000000003 0.0092486135407542497 0.021834919297428132 0.0023256345205247618 0.00033944231327719685 0.31107400000000002
decision_type=2 2 2 2 2 2 2 2 2 2 2 2 2 2 2 2 2 2 2 2 2 2 2 2 2 2 2
left_child=1 2 -1 4 7 6 -5 8 -2 10 12 -12 18 16 -15 -16 -11 -18 -9 -10 -7 23 24 -22 -23 -26 -24
right_child=3 -3 -4 5 -6 20 -8 9 19 13 11 -13 -14 14 15 -17 17 -19 -20 -21 21 22 26 -25 25 -27 -28
leaf_value=-1.8209505183871703e-05 0.00013001595658092161 -4.8762965360021384e-05 0.00010282623058558854 -0.00011023458129570558 0.00010173728707741247 -4.8169803505970776e-05 -8.5926722084846476e-06 -4.4279482810149297e-05 -4.5256296087482828e-05 4.6145054772607273e-05 -2.4326726582200663e-05 0.00011407836566377227 -0.00013145788457872445 0.00011742635438461166 -6.5466891566074982e-05 6.9276816506876805e-05 -6.9792855734144378e-05 2.498308817228628e-05 1.7386025198599479e-05 4.9997290579995025e-05 0.00010662676008359995 -4.0604567811897144e-05 -0.00012294363522414643 -6.1326710000803745e-06 -4.96106715672795e-06 9.3921104146374993e-05 -2.077664246940003e-05
leaf_weight=21 21 33 39 34 20 32 29 135 23 38 21 20 21 31 20 26 39 22 36 21 25 24 20 23 24 30 20
leaf_count=21 21 33 39 34 20 32 29 135 23 38 21 20 21 31 20 26 39 22 36 21 25 24 20 23 24 30 20
internal_value=-2.15737e-13 2.17059e-05 6.04637e-05 -2.6737e-06 4.34348e-06 -1.59553e-05 -6.3447e-05 2.34041e-07 4.21444e-05 -6.42652e-06 -2.72178e-05 4.3188e-05 -4.22523e-05 2.10983e-05 5.36633e-05 1.06926e-05 -4.23011e-06 -3.56114e-05 -3.12973e-05 2.05643e-07 -8.44262e-07 8.27873e-06 -9.74871e-06 5.25962e-05 2.21033e-05 4.99735e-05 -7.18601e-05
internal_weight=848 93 60 755 494 261 63 474 65 409 233 41 192 176 77 46 99 61 171 44 198 166 118 48 78 54 40
internal_count=848 93 60 755 494 261 63 474 65 409 233 41 192 176 77 46 99 61 171 44 198 166 118 48 78 54 40
is_linear=0
shrinkage=0.3


Tree=109
num_leaves=24
num_cat=0
split_feature=11 11 11 18 8 10 9 26 17 12 16 7 11 6 16 6 28 27 12 11 22 21 14
split_gain=4.86917e-07 2.17229e-06 1.69192e-06 1.382e-06 2.08354e-06 1.58469e-06 2.36919e-06 2.34251e-06 1.34126e-06 1.26768e-06 1.29211e-06 1.74188e-06 1.21354e-06 1.1999e-06 1.43107e-06 3.50258e-06 1.17819e-06 1.16316e-06 1.1926e-06 1.09935e-06 1.03199e-06 2.08534e-06 1.34049e-06
threshold=54.944478870840356 54.130741308281067 56.131394097654386 -0.82033166950131264 -0.0046617952182450217 0.64584449983735726 0.022262152856359994 0.46667650000000011 0.0024540475630865331 -0.0014549207182855837 0.0053691320356719337 -0.0022728015173717445 52.729516051252368 0.016412947522430905 0.0024010188201596242 0.0023528297313892099 1.0000000180025095e-35 0.78606500000000012 0.0015943225368880343 51.160601513613678 0.014987500000000003 0.08171100000000002 0.016317056476415698
decision_type=2 2 2 2 2 2 2 2 2 2 2 2 2 2 2 2 2 2 2 2 2 2 2
left_child=1 3 -2 4 8 12 7 -7 -1 -4 13 -12 19 14 17 -16 -13 -11 -19 20 22 -22 -5
right_child=2 -3 9 5 -6 6 -8 -9 -10 10 11 16 -14 -15 15 -17 -18 18 -20 -21 21 -23 -24
leaf_value=5.2625021635321896e-05 -8.1637962891060537e-05 9.3365465124861652e-05 5.6384516223072841e-05 -6.7056039126061769e-05 -0.00011742818169295787 7.7522040140008485e-05 0.00012783898377481659 -6.5937396211666058e-05 -4.9311635120830029e-05 -6.308189097047756e-05 9.7880355315282938e-05 -5.3362106293207033e-05 -6.5428940297351793e-05 4.0278958723709887e-05 -3.6987527437304374e-06 -0.00017368780553624673 3.6239887880843266e-05 -3.9613251283299177e-05 4.8853960876726887e-05 6.3671346498057779e-05 -2.3568317246969172e-05 3.3129239311421659e-05 9.5611651638385162e-08
leaf_weight=21 27 24 29 41 21 21 23 20 26 29 20 25 24 21 24 20 28 24 32 26 96 149 77
leaf_count=21 27 24 29 41 21 21 23 20 26 29 20 25 24 21 24 20 28 24 32 26 96 149 77
internal_value=1.04329e-13 5.03381e-06 -1.02661e-05 1.14397e-06 -3.88672e-05 6.84787e-06 5.07736e-05 7.54183e-06 -3.76547e-06 -2.61909e-06 -1.02922e-05 2.24421e-05 4.09761e-08 -2.62229e-05 -3.70488e-05 -8.09665e-05 -6.0252e-06 -1.43149e-05 1.09394e-05 4.08025e-06 -1.87982e-07 1.09131e-05 -2.32367e-05
internal_weight=848 569 279 545 68 477 64 41 47 252 223 73 413 150 129 44 53 85 56 389 363 245 118
internal_count=848 569 279 545 68 477 64 41 47 252 223 73 413 150 129 44 53 85 56 389 363 245 118
is_linear=0
shrinkage=0.3


Tree=110
num_leaves=25
num_cat=0
split_feature=16 27 27 16 8 10 12 6 27 0 17 5 17 12 11 13 4 20 27 8 21 13 20 1
split_gain=6.28162e-07 1.45415e-06 1.52796e-06 1.41544e-06 1.92602e-06 1.21649e-06 1.70456e-06 1.54389e-06 1.2751e-06 1.73813e-06 1.17515e-06 1.05288e-06 1.03852e-06 9.91714e-07 1.42856e-06 1.0664e-06 1.40456e-06 2.25145e-06 1.87806e-06 1.81533e-06 1.33555e-06 1.21065e-06 1.02564e-06 8.2847e-07
threshold=0.0051347916225565867 0.58695450000000016 0.66804350000000012 0.0046728925107714933 0.0096745880915350049 0.73968779587340661 -6.3425187707430704e-05 -0.014051530020481939 0.89619000000000015 3.4462123411503138 0.0047904215182456049 0.0045507125326679733 0.0049019853623155094 -0.005248348885138838 39.569390776008369 0.017100172092395827 2983100.0000000005 0.70460500000000015 0.58695450000000016 0.05029131472322574 0.57711350000000017 0.02247428396901242 0.17368500000000003 3.8118521779907444
decision_type=2 2 2 2 2 2 2 2 2 2 2 2 2 2 2 2 2 2 2 2 2 2 2 2
left_child=3 -2 -3 13 -5 6 7 -4 9 -9 -10 -7 -8 -1 22 -16 17 18 -17 20 -18 -19 -15 -13
right_child=1 2 5 4 -6 11 12 8 10 -11 -12 23 -14 14 15 16 19 21 -20 -21 -22 -23 -24 -25
leaf_value=6.6590271298991869e-05 5.9596176559807644e-05 -8.3809996471649766e-05 4.4968751703541224e-05 0.00010508206175692411 -9.8087011792813428e-06 5.7198406501321675e-05 -3.3501588692767348e-05 8.1873814906430201e-06 -2.4258838550719829e-05 -9.6039891332111438e-05 6.6900440951940245e-05 2.7092492353403941e-05 -0.00012369605452477116 -9.4037852252881746e-05 5.2938295664569373e-05 -5.1173048521614752e-05 -2.8324134068498096e-05 -9.6934463155256325e-05 4.0617634819746e-05 3.3714074737461834e-05 -0.00011473559577759507 -5.8213456568572449e-06 -8.8031754987443689e-06 -5.3734987678970874e-05
leaf_weight=20 25 27 39 29 24 39 27 24 35 36 20 25 20 24 37 23 60 21 157 31 22 35 27 21
leaf_count=20 25 27 39 29 24 39 27 24 35 36 20 25 20 24 37 23 60 21 157 31 22 35 27 21
internal_value=-2.04023e-13 -1.00297e-05 -1.55908e-05 6.6471e-06 5.30561e-05 -9.15055e-06 -2.1874e-05 -6.61174e-06 -2.41043e-05 -5.4349e-05 8.88999e-06 2.09367e-05 -7.18822e-05 1.26488e-06 -1.72484e-06 4.50995e-06 -6.2429e-07 1.2545e-05 2.88888e-05 -2.81283e-05 -5.15077e-05 -3.99888e-05 -4.89136e-05 -9.80701e-06
internal_weight=848 338 313 510 53 286 201 154 115 60 55 85 47 457 437 386 349 236 180 113 82 56 51 46
internal_count=848 338 313 510 53 286 201 154 115 60 55 85 47 457 437 386 349 236 180 113 82 56 51 46
is_linear=0
shrinkage=0.3


Tree=111
num_leaves=27
num_cat=0
split_feature=19 4 14 14 4 1 15 14 26 16 4 16 4 8 17 18 8 17 11 16 13 1 18 7 22 17
split_gain=5.99337e-07 1.47707e-06 1.35781e-06 1.40644e-06 1.96749e-06 1.37707e-06 1.35352e-06 1.32647e-06 1.16469e-06 9.5774e-07 2.03581e-06 1.61649e-06 1.18112e-06 1.28502e-06 1.16163e-06 1.1272e-06 1.3279e-06 1.41289e-06 9.33355e-07 9.32619e-07 1.48856e-06 1.47193e-06 1.45652e-06 8.54472e-07 8.41546e-07 7.7445e-07
threshold=0.11997350000000001 961800.00000000012 0.013853634356193164 0.0186916257483585 1762850.0000000002 3.8118512073219741 0.0046565792030586819 0.020454579690270421 0.20193050000000004 0.005594498860790424 998450.00000000012 0.002881865542226815 2127900.0000000005 -0.008704751676968386 0.0045402966681028882 -0.55878421369337672 -0.02906525712247315 0.0094674600660246949 50.574690958268015 0.0022779565343908777 0.021210054432714245 3.5489675346312315 -0.43658055425356251 -0.002481403911677 0.034567500000000008 0.0026525360405205609
decision_type=2 2 2 2 2 2 2 2 2 2 2 2 2 2 2 2 2 2 2 2 2 2 2 2 2 2
left_child=1 -1 5 4 -4 -3 18 -5 -2 10 -10 15 13 -11 -13 -12 -17 -18 -6 20 -9 -22 -21 -24 25 -14
right_child=8 2 3 7 6 -7 -8 19 9 12 11 14 24 -15 -16 16 17 -19 -20 22 21 -23 23 -25 -26 -27
leaf_value=-6.8660555949794457e-05 6.8565614512610616e-05 -3.0393883152272968e-06 2.4614472852947852e-05 6.0513766802614557e-05 -5.6721748892000917e-05 8.267856687633603e-05 -7.8446666780759442e-06 3.1694247159273135e-05 0.00010214909129486345 -8.9918022310414989e-06 -5.9760203712357906e-05 2.3945633594329203e-06 3.2283690730268558e-05 -0.00010750595159730767 9.6471565908965798e-05 -5.4647154937421353e-05 4.2880059259914558e-05 -2.5330609285151167e-05 -0.00014410904102326393 -5.0458939169343908e-05 -8.2253843356738787e-06 -0.00010837586473257942 5.6273061941177469e-05 2.8266391270885072e-06 5.6906692247236734e-05 -3.8110906895711264e-05
leaf_weight=33 27 37 28 30 22 31 21 22 22 26 30 21 22 22 27 28 75 43 22 31 25 28 43 72 21 39
leaf_count=33 27 37 28 30 22 31 21 22 22 26 30 21 22 22 27 28 75 43 22 31 25 28 43 72 21 39
internal_value=-1.7777e-14 -7.58982e-06 -2.69823e-06 -1.03554e-05 -4.18689e-05 3.60379e-05 -7.05079e-05 1.32096e-06 8.38082e-06 4.05904e-06 1.50657e-05 6.51286e-06 -1.67689e-05 -5.41441e-05 5.53129e-05 -6.79624e-06 4.08677e-06 1.80236e-05 -0.000100415 -6.71427e-06 -3.39051e-05 -6.11351e-05 7.25365e-06 2.2811e-05 5.10922e-06 -1.27227e-05
internal_weight=848 445 412 344 93 68 65 251 403 376 246 224 130 48 48 176 146 118 44 221 75 53 146 115 82 61
internal_count=848 445 412 344 93 68 65 251 403 376 246 224 130 48 48 176 146 118 44 221 75 53 146 115 82 61
is_linear=0
shrinkage=0.3


Tree=112
num_leaves=18
num_cat=0
split_feature=26 26 14 2 19 0 17 16 26 4 14 26 17 8 19 21 5
split_gain=4.70648e-07 2.33004e-06 1.80443e-06 2.12496e-06 2.55799e-06 1.79151e-06 2.0455e-06 1.81824e-06 1.42513e-06 1.34827e-06 7.88694e-07 5.36317e-07 6.21396e-07 1.1153e-06 1.55772e-06 9.49442e-07 7.65473e-07
threshold=0.15463250000000003 0.20193050000000004 0.016528989601943132 3.4820575425905989 0.065278000000000017 3.4968434821172671 0.0023753512568226399 0.0052424992553063614 0.2284535 3141150.0000000005 0.0081753829611428634 0.2613545000000001 0.0022371453945809893 0.034175517067830383 0.42623900000000009 0.58719450000000017 -0.0023557857079842849
decision_type=2 2 2 2 2 2 2 2 2 2 2 2 2 2 2 2 2
left_child=2 -2 3 -1 -5 7 -7 -4 -3 -8 -10 -12 13 14 -13 16 -14
right_child=1 8 5 4 -6 6 9 -9 10 -11 11 12 15 -15 -16 -17 -18
leaf_value=0.00010708688309283128 0.00010490590748304384 -7.2411109813006272e-05 -0.00012977544324712653 4.7664586878865163e-05 -8.9948539498436729e-05 -8.4358950916794127e-05 -1.0294084465082655e-05 -2.7355433800179387e-05 -5.3379238618487889e-05 8.1502826196810924e-05 4.2357657960511617e-05 8.3686940112014642e-05 1.6543933064742685e-05 -3.6075102103826461e-05 1.7711992647188404e-06 -5.4013946768903001e-05 -9.8658656652459184e-06
leaf_weight=21 20 23 26 31 20 20 36 39 21 24 34 39 182 22 45 29 216
leaf_count=21 20 23 26 31 20 20 36 39 21 24 34 39 182 22 45 29 216
internal_value=2.55393e-14 4.14464e-06 -1.20519e-05 2.67702e-05 -6.30135e-06 -3.13291e-05 -1.27123e-06 -6.83234e-05 8.46395e-07 2.64247e-05 3.71191e-06 5.8264e-06 3.49607e-06 2.40551e-05 3.98035e-05 -1.60758e-06 2.21098e-06
internal_weight=848 631 217 72 51 145 80 65 611 60 588 567 533 106 84 427 398
internal_count=848 631 217 72 51 145 80 65 611 60 588 567 533 106 84 427 398
is_linear=0
shrinkage=0.3


Tree=113
num_leaves=12
num_cat=0
split_feature=5 12 12 14 7 7 4 15 5 10 27
split_gain=3.91336e-07 4.87767e-07 1.15061e-06 7.94047e-07 6.85619e-07 8.61385e-07 7.64165e-07 1.14715e-06 7.22399e-07 1.17842e-06 8.90088e-07
threshold=-0.02495681914043733 0.0052477516760580751 0.0040614389188512838 0.019478334805397689 0.028047074120650401 0.020649837092296692 1017500.0000000001 0.0023557136221704729 -0.013560085288196314 -1.3187727903323307 0.74347600000000014
decision_type=2 2 2 2 2 2 2 2 2 2 2
left_child=-1 2 4 -3 5 6 7 -2 9 -8 -10
right_child=1 3 -4 -5 -6 -7 8 -9 10 -11 -12
leaf_value=3.0172253717929328e-05 4.0234341213363219e-06 1.9536681247700471e-05 6.0303304234464249e-05 -5.5017523656412474e-05 -5.3824142948790471e-05 4.5836815708233706e-05 1.0438366646157214e-05 -8.055940589757583e-05 2.6298125929385532e-05 -6.1489045602440193e-05 -2.2760677957194277e-06
leaf_weight=37 31 20 28 36 22 35 41 27 130 41 400
leaf_count=37 31 20 28 36 22 35 41 27 130 41 400
internal_value=-2.10146e-15 -1.37654e-06 6.27184e-07 -2.8391e-05 -1.67121e-06 -4.37412e-08 -2.44049e-06 -3.53513e-05 6.78515e-07 -2.55253e-05 4.7327e-06
internal_weight=848 811 755 56 727 705 670 58 612 82 530
internal_count=848 811 755 56 727 705 670 58 612 82 530
is_linear=0
shrinkage=0.3


Tree=114
num_leaves=21
num_cat=0
split_feature=19 12 4 21 4 2 1 12 20 12 1 16 10 14 10 13 3 13 2 13
split_gain=3.35464e-07 1.09391e-06 1.76435e-06 1.99412e-06 1.44271e-06 1.43306e-06 9.81025e-07 9.1612e-07 7.17951e-07 6.90038e-07 1.72307e-06 8.50326e-07 9.29413e-07 1.73409e-06 1.08569e-06 1.20623e-06 2.12405e-06 2.10636e-06 8.16973e-07 1.13155e-06
threshold=0.58985200000000015 -0.00075812478802733121 1943600.0000000002 0.11086100000000002 1840650.0000000002 3.673792819405679 3.8118521779907444 0.0029988250954303824 0.55899650000000012 0.0044739266674705151 3.5623822721674707 0.015559627509134331 -1.2484024113642185 0.018369696627386408 -1.0697242132641183 0.021564039966797181 3.68243420124054 0.022632757564649521 3.2901390675895503 0.021868067735618606
decision_type=2 2 2 2 2 2 2 2 2 2 2 2 2 2 2 2 2 2 2 2
left_child=8 4 3 -3 -2 -6 7 -4 9 11 -11 12 13 -1 -14 16 -16 -17 -15 -20
right_child=1 2 6 -5 5 -7 -8 -9 -10 10 -12 -13 14 18 15 17 -18 -19 19 -21
leaf_value=-7.892309102999206e-05 -6.0342462256812722e-05 1.3908736426466411e-05 5.9360843165125387e-05 0.00014464682769487679 -1.8892618108542307e-05 7.8758747603810002e-05 -5.4749400478613102e-05 -2.4705876512598479e-05 -5.0350076918448394e-05 4.635368539031613e-06 -0.00010367049266278627 -5.7173323615903162e-05 6.4879367170262049e-05 4.6171303418102779e-05 -8.3714968123756745e-05 0.00010683453348935037 3.4239114171865744e-06 1.1042313684443851e-05 1.8266289703205985e-05 -7.011683206780038e-05
leaf_weight=32 36 21 28 21 38 21 20 20 28 39 20 21 31 27 31 23 134 203 32 22
leaf_count=32 36 21 28 21 38 21 20 20 28 39 20 21 31 27 31 23 134 203 32 22
internal_value=-2.96397e-13 1.05676e-05 3.09333e-05 7.92778e-05 -1.30138e-05 1.58646e-05 1.0735e-06 2.4333e-05 -3.36913e-06 -1.23016e-06 -3.20785e-05 2.04331e-06 4.3677e-06 -1.97961e-05 1.08381e-05 6.55351e-06 -1.29476e-05 2.07911e-05 3.56267e-06 -1.77416e-05
internal_weight=848 205 110 42 95 59 68 48 643 615 59 556 535 113 422 391 165 226 81 54
internal_count=848 205 110 42 95 59 68 48 643 615 59 556 535 113 422 391 165 226 81 54
is_linear=0
shrinkage=0.3


Tree=115
num_leaves=22
num_cat=0
split_feature=13 4 27 5 13 5 5 7 1 1 9 4 17 13 17 20 20 8 27 17 12
split_gain=2.88533e-07 1.36472e-06 3.98673e-07 1.46584e-06 1.14576e-06 5.1868e-07 1.15975e-06 8.89821e-07 1.40561e-06 2.12053e-06 1.46824e-06 1.00082e-06 1.41354e-06 6.83528e-07 1.46066e-06 9.99229e-07 1.59228e-06 9.63077e-07 6.82032e-07 6.51474e-07 6.09292e-07
threshold=0.016274420381935929 1803000.0000000002 0.94948350000000004 0.0024814096637680622 0.017100172092395827 -0.0073891254452822163 -0.0053193103412303424 0.0047733997601486838 3.8033623399263292 3.950980831939972 0.020586478999860918 961800.00000000012 0.0070011696410706339 0.028055063280585931 0.0024449999682201735 0.35827000000000003 0.81258550000000007 -0.045462505619608899 0.84411000000000003 0.00573140643143714 -0.0012152424486879486
decision_type=2 2 2 2 2 2 2 2 2 2 2 2 2 2 2 2 2 2 2 2 2
left_child=1 -1 4 -4 -2 13 -7 11 10 -10 -9 -8 -13 14 17 20 -17 -6 -19 -15 -16
right_child=2 -3 3 -5 5 6 7 8 9 -11 -12 12 -14 19 15 16 -18 18 -20 -21 -22
leaf_value=3.0147019456110328e-05 5.9669271990236256e-05 -7.1111004095655514e-05 -5.819425988758322e-05 4.2611845824467313e-05 3.5345443341481895e-05 -5.9941444217770364e-05 -6.6779400164635334e-05 -3.824661240651039e-05 0.0001349782830402546 -3.1692357333668042e-06 2.926577346601255e-05 1.3161529857859909e-05 -3.0781646694221654e-05 1.6559368594409367e-05 -1.2644269145312136e-05 0.00012195226560531106 1.0270478342135904e-05 -8.3165405885665675e-05 -4.8181543934333606e-06 -5.5651197449744515e-05 4.3209937631707776e-05
leaf_weight=23 31 25 37 20 21 32 26 50 20 20 69 158 113 22 32 27 20 20 20 23 39
leaf_count=23 31 25 37 20 21 32 26 50 20 20 69 158 113 22 32 27 20 20 20 23 39
internal_value=1.88388e-13 -2.25915e-05 1.35549e-06 -2.28237e-05 3.21042e-06 7.52243e-07 -4.73362e-06 -8.59386e-07 1.72528e-05 6.59045e-05 8.99225e-07 -1.05558e-05 -5.16164e-06 1.27036e-05 2.10127e-05 4.04974e-05 7.44281e-05 -1.6679e-05 -4.39918e-05 -2.03483e-05 1.80362e-05
internal_weight=848 48 800 57 743 712 488 456 159 40 119 297 271 224 179 118 47 61 40 45 71
internal_count=848 48 800 57 743 712 488 456 159 40 119 297 271 224 179 118 47 61 40 45 71
is_linear=0
shrinkage=0.3


Tree=116
num_leaves=17
num_cat=0
split_feature=17 29 17 16 8 18 22 20 12 8 12 6 27 6 20 4
split_gain=3.94074e-07 8.13727e-07 8.82279e-07 1.34834e-06 1.15613e-06 1.10594e-06 9.78633e-07 4.98667e-07 1.157e-06 6.21971e-07 8.85378e-07 6.59743e-07 6.72845e-07 7.92635e-07 7.33038e-07 5.50104e-07
threshold=0.010416939542433308 1.5000000000000002 0.01229636960031368 0.0022321407189022967 0.01237878090052813 -0.10905914618906948 0.041439000000000011 0.91274500000000003 -6.3425187707430704e-05 -0.08295621679833752 -0.0058203441213823927 -0.016707437737855057 0.9512020000000001 -0.011668669529374188 0.7959885000000001 2766100.0000000005
decision_type=2 2 2 2 2 2 2 2 2 2 2 2 2 2 2 2
left_child=7 2 5 6 -5 -2 -4 9 -9 -1 -11 15 13 -13 -15 -12
right_child=1 -3 3 4 -6 -7 -8 8 -10 10 11 12 -14 14 -16 -17
leaf_value=-4.8027880666268168e-05 1.1132397139590466e-05 -3.8349260807990501e-05 -7.8060251888184052e-05 7.8429019526209158e-05 -8.6914708128041148e-06 0.00010425368171292409 9.5375147651566298e-06 5.6551637444991263e-05 -2.4277034088169917e-05 5.5302270464546213e-05 -1.2235234051235907e-05 4.1751156341936285e-05 -4.9366697619636674e-05 5.541615933699799e-07 -4.1605154440664439e-05 -6.9534906651824705e-05
leaf_weight=30 24 24 22 29 26 22 24 37 28 22 38 38 26 392 41 25
leaf_count=30 24 24 22 29 26 22 24 37 28 22 38 38 26 392 41 25
internal_value=-2.07552e-13 1.28679e-05 2.12299e-05 5.54493e-06 3.72448e-05 5.56687e-05 -3.23571e-05 -3.25024e-06 2.17331e-05 -5.90371e-06 -3.73236e-06 -6.05157e-06 -2.38545e-06 2.07991e-07 -3.43783e-06 -3.49732e-05
internal_weight=848 171 147 101 55 46 46 677 65 612 582 560 497 471 433 63
internal_count=848 171 147 101 55 46 46 677 65 612 582 560 497 471 433 63
is_linear=0
shrinkage=0.3


Tree=117
num_leaves=23
num_cat=0
split_feature=26 6 17 16 21 5 7 21 15 21 6 6 18 22 9 4 9 6 2 0 8 14
split_gain=3.91875e-07 8.25696e-07 9.12281e-07 1.22973e-06 8.21923e-07 8.66369e-07 9.89501e-07 8.15542e-07 6.98683e-07 6.6435e-07 5.69479e-07 1.40332e-06 1.26932e-06 1.46049e-06 1.12428e-06 1.17805e-06 1.09674e-06 8.89481e-07 8.21461e-07 2.27801e-06 1.61814e-06 5.28775e-07
threshold=0.8065095000000001 0.0022911594382499941 0.002280448133910123 0.0022726708699862025 0.075901500000000011 -0.0023419121182429218 -0.0070176500287829529 0.034322000000000005 0.007042302393543338 0.057834500000000004 0.019025805547806768 0.0077723210426580364 0.4129517361891904 0.077107000000000009 0.010594704563189989 2312400.0000000005 0.012100003802391877 0.012180891566676601 3.4069572186994979 3.4887719454575166 -0.046771656340700331 0.02478411710481853
decision_type=2 2 2 2 2 2 2 2 2 2 2 2 2 2 2 2 2 2 2 2 2 2
left_child=9 4 -3 -4 5 6 -2 -5 -7 -1 11 14 13 17 15 -11 -16 -13 20 -20 -18 -12
right_child=1 2 3 7 -6 8 -8 -9 -10 10 21 12 -14 -15 16 -17 18 -19 19 -21 -22 -23
leaf_value=-5.649175311970924e-05 8.0698662804934417e-06 8.8076801284842069e-05 6.9290653755160747e-05 -5.7226597845101418e-05 4.4287140459346117e-05 3.6100119200130266e-05 -7.699320362917205e-05 1.8329978623417746e-05 -2.8823910173951634e-05 -9.0591229103586594e-05 5.2708633849042302e-05 -0.0001326609663821095 2.0270930770038829e-05 1.5193597194055379e-06 6.4166899846895831e-05 6.5120661991551804e-06 -2.2798201086970948e-05 -4.8284651959627148e-05 -9.7664405051466969e-05 1.7853515684659475e-06 4.7815705586344847e-05 -2.701701292138633e-06
leaf_weight=21 20 20 27 20 25 35 32 36 26 23 31 23 24 23 28 22 46 22 23 210 80 31
leaf_count=21 20 20 27 20 25 35 32 36 26 23 31 23 24 23 28 22 46 22 23 210 80 31
internal_value=9.14991e-15 1.02349e-05 3.05605e-05 1.67011e-05 -4.93568e-06 -1.58257e-05 -4.42766e-05 -8.65451e-06 8.42758e-06 -4.0636e-06 -2.18478e-06 -5.40171e-06 -3.90437e-05 -5.99782e-05 1.76278e-06 -4.31185e-05 6.98154e-06 -9.14103e-05 2.5214e-06 -8.03158e-06 2.2036e-05 2.50035e-05
internal_weight=848 241 103 83 138 113 52 56 61 607 586 524 92 68 432 45 387 45 359 233 126 62
internal_count=848 241 103 83 138 113 52 56 61 607 586 524 92 68 432 45 387 45 359 233 126 62
is_linear=0
shrinkage=0.3


Tree=118
num_leaves=25
num_cat=0
split_feature=14 23 6 20 14 19 12 12 9 9 22 6 12 14 14 19 10 18 5 21 23 21 4 10
split_gain=2.95447e-07 1.13732e-06 8.30588e-07 6.71732e-07 4.82299e-07 1.53761e-06 4.35712e-07 1.47817e-06 8.90688e-07 8.69296e-07 8.04047e-07 8.01835e-07 7.99589e-07 7.26811e-07 1.45276e-06 2.07927e-06 1.10235e-06 1.08586e-06 9.9201e-07 1.22724e-06 1.21587e-06 9.01882e-07 7.10045e-07 7.57064e-07
threshold=0.011709590758694835 0.58333350000000006 -0.002322993460292847 0.012715500000000003 0.013525861705412688 0.055090500000000008 -0.0020433879798127138 -0.0025077846062494425 0.017278012020000674 0.014991926601803431 0.014987500000000003 -0.0059112422608451412 -0.0049732640670858133 0.024080255060289244 0.018291682256266536 -0.04186249999999999 1.0000000180025095e-35 0.37114013967816845 0.0070673377565463325 0.5189005000000001 0.87500000000000011 0.73921500000000007 1684550.0000000002 1.0662819087688205
decision_type=2 2 2 2 2 2 2 2 2 2 2 2 2 2 2 2 2 2 2 2 2 2 2 2
left_child=1 2 -1 -2 5 -5 7 8 9 -6 12 -12 -10 14 15 -8 17 -15 19 -16 -20 -17 -18 -24
right_child=3 -3 -4 4 6 -7 13 -9 10 -11 11 -13 -14 16 18 21 22 -19 20 -21 -22 -23 23 -25
leaf_value=-5.1063102167063338e-05 4.9686606933557244e-05 5.866207030554245e-05 2.1430725180173547e-05 3.1313846505197166e-05 -5.4077172930904096e-06 -7.3823063903253052e-05 -4.5409967024170326e-05 -7.1214868276311703e-05 -5.8280475617390362e-06 7.901469793815913e-05 -2.2751511191610156e-05 3.9965465347790996e-05 -8.5827255963482929e-05 1.5108806966964039e-05 1.3741991979134593e-05 1.8951216306959393e-05 5.5563712341414164e-05 0.00010649383902174039 -1.4519188908417906e-05 -4.8016515447102388e-05 -0.00011543956496617674 7.9251246477403636e-05 -3.2330975371223754e-05 1.6297314062164919e-05
leaf_weight=25 22 35 33 21 23 31 35 33 22 21 43 32 23 25 73 65 21 22 22 48 21 34 50 68
leaf_count=25 22 35 33 21 23 31 35 33 22 21 43 32 23 25 73 65 21 22 22 48 21 34 50 68
internal_value=-1.24539e-13 1.59549e-05 -9.81661e-06 -1.96531e-06 -3.51557e-06 -3.13639e-05 -1.38912e-06 -1.32834e-05 -1.62642e-06 3.48848e-05 -1.50139e-05 4.00773e-06 -4.67165e-05 3.45214e-06 -5.73241e-06 1.74405e-05 1.81672e-05 5.78848e-05 -2.46663e-05 -1.07573e-05 -6.38059e-05 3.96603e-05 4.73746e-06 -4.30789e-06
internal_weight=848 93 58 755 733 52 681 197 164 44 120 75 45 484 298 134 186 47 164 121 43 99 139 118
internal_count=848 93 58 755 733 52 681 197 164 44 120 75 45 484 298 134 186 47 164 121 43 99 139 118
is_linear=0
shrinkage=0.3


Tree=119
num_leaves=27
num_cat=0
split_feature=11 16 10 26 18 5 4 18 4 4 27 9 13 10 5 5 12 5 17 13 20 4 15 16 5 10
split_gain=4.24089e-07 1.03672e-06 7.82921e-07 4.87361e-07 3.37348e-07 7.0552e-07 1.86531e-06 8.69272e-07 9.89732e-07 6.92422e-07 8.00387e-07 1.17016e-06 1.44733e-06 1.15663e-06 1.14998e-06 1.01533e-06 1.23356e-06 8.90776e-07 8.44449e-07 7.7925e-07 7.20262e-07 6.74394e-07 9.53172e-07 8.20208e-07 7.86111e-07 2.46636e-07
threshold=33.874387855761995 0.0056577146046421977 -1.8142039198403828 0.49959600000000004 0.2489825980834284 0.0044894702029136648 2280900.0000000005 0.61778935863782058 5144550.0000000009 3890650.0000000005 0.75264950000000008 0.02301625330812097 0.023624209778347924 -0.90506868803931051 -0.002481403911677 -0.0022910047321179081 0.00046445798584371394 -0.0082646248546045051 0.0050188236738715397 0.024560854972334567 0.48154150000000007 1952050.0000000002 -0.0052222785288355087 0.0055478887654657775 -0.011990471523768408 -0.19917207822263458
decision_type=2 2 2 2 2 2 2 2 2 2 2 2 2 2 2 2 2 2 2 2 2 2 2 2 2 2
left_child=1 -1 3 -2 9 21 -7 -8 -9 10 15 13 -13 14 -12 17 25 -4 -15 -11 -14 -6 24 -24 -23 -17
right_child=2 -3 4 -5 5 6 7 8 -10 19 11 12 20 18 -16 16 -18 -19 -20 -21 -22 22 23 -25 -26 -27
leaf_value=7.0387567604484493e-05 -7.5213775053271088e-05 -1.3662992578693841e-05 1.8618569133975273e-05 -1.1804542373283766e-05 -6.2749700045969806e-05 7.796418487689354e-05 -4.733936789184431e-05 4.8243711350391635e-05 -2.9568217431525616e-05 8.4778198734056793e-05 -2.6525958601268941e-05 8.6983153102229818e-05 2.1962910554697259e-05 -4.6718535403843977e-05 7.1834752316135567e-05 1.1248781249832972e-05 -4.3550841951400798e-05 9.8298248962158181e-05 -5.5468612495701562e-06 5.3305546825868075e-06 -4.0614030338474552e-05 -1.28704863556095e-05 -8.4496199364862562e-05 -9.2484221795530171e-06 6.182882394309022e-05 5.8362738428741068e-05
leaf_weight=25 20 28 28 24 30 27 37 31 28 20 20 23 49 102 23 20 33 23 80 25 25 32 22 32 21 20
leaf_count=25 20 28 28 24 30 27 37 31 28 20 20 23 49 102 23 20 33 23 80 25 25 32 22 32 21 20
internal_value=2.10584e-13 2.59835e-05 -1.73223e-06 -4.06269e-05 5.4655e-07 -8.1911e-06 8.3018e-06 -1.12907e-05 1.1316e-05 5.17341e-06 1.59488e-06 -6.29166e-06 2.1252e-05 -1.8166e-05 2.60856e-05 2.20745e-05 -6.15718e-07 5.45525e-05 -2.86211e-05 4.06406e-05 8.22052e-07 -2.29986e-05 -1.18534e-05 -3.99049e-05 1.67274e-05 3.48058e-05
internal_weight=848 53 795 44 751 260 123 96 59 491 446 322 97 225 43 124 73 51 182 45 74 137 107 54 53 40
internal_count=848 53 795 44 751 260 123 96 59 491 446 322 97 225 43 124 73 51 182 45 74 137 107 54 53 40
is_linear=0
shrinkage=0.3


Tree=120
num_leaves=31
num_cat=0
split_feature=16 10 10 0 16 21 26 24 17 9 21 16 6 8 18 0 2 2 9 11 4 2 3 18 1 11 7 11 12 15
split_gain=3.04689e-07 7.10495e-07 1.18222e-06 1.7287e-06 1.50306e-06 1.16155e-06 1.2118e-06 1.14652e-06 1.14018e-06 7.89371e-07 7.36652e-07 1.16809e-06 8.77356e-07 1.01118e-06 6.87094e-07 6.23949e-07 5.72217e-07 1.0184e-06 9.36746e-07 1.0945e-06 7.64713e-07 6.96583e-07 7.75481e-07 6.15479e-07 6.92213e-07 5.71247e-07 5.56339e-07 5.56175e-07 4.90457e-07 5.90879e-07
threshold=0.0051347916225565867 0.69104785006582092 0.16077734815103009 3.5021259858667872 0.002610994744582091 0.064374000000000015 0.65121300000000015 0.29166650000000005 0.0026109636194406698 0.028324392754040157 0.89950600000000014 0.0023640075649144026 -0.0047336818726212886 -0.032423092704202114 0.0068252779212579391 3.7353663166859294 3.3971800403182626 3.2867086621874564 0.02052775388948937 53.119791231821999 3474100.0000000005 3.8004868262555114 3.7014544010162358 -0.28237629362092148 3.2077061191933525 42.714672630880521 0.0047394855697186463 59.051758440053597 0.00024324643119060465 0.0022701483954853858
decision_type=2 2 2 2 2 2 2 2 2 2 2 2 2 2 2 2 2 2 2 2 2 2 2 2 2 2 2 2 2 2
left_child=1 2 4 -4 10 15 9 14 -6 27 11 12 -1 -14 -5 -3 17 23 21 -20 -19 22 26 -2 -25 -10 -18 -7 29 -23
right_child=16 5 3 7 8 6 -8 -9 25 -11 -12 -13 13 -15 -16 -17 18 20 19 -21 -22 28 -24 24 -26 -27 -28 -29 -30 -31
leaf_value=-2.2825951642447684e-05 -3.8213822608668122e-05 6.9863214475844872e-05 0.00012051682972924027 2.7517988272827344e-05 -7.8188671214515383e-06 2.599226312971344e-05 -7.869872541050426e-05 7.8203084531196506e-05 0.00010706694438340491 -6.0535465854627541e-05 -6.4366515292541791e-05 -4.6255373448123767e-05 -9.7569780203176537e-06 5.8792382830385274e-05 -4.9311464263155361e-05 -3.3507797876485378e-06 -2.8709716934827154e-05 -0.00010321811036646976 8.1159116545957374e-05 -4.3199765806483414e-06 -2.3008630823725346e-05 2.868211522581987e-05 -5.9545270514226518e-05 -9.6270088234680448e-06 5.9325204392735029e-05 3.8417175005633901e-05 3.4956004986140348e-05 -2.8471180080992377e-05 5.3605224584316604e-05 -4.1137322659778876e-05
leaf_weight=46 31 20 20 22 28 45 30 20 20 21 21 45 34 45 20 22 30 20 26 28 23 24 37 38 20 24 21 27 20 20
leaf_count=46 31 20 20 22 28 45 30 20 20 21 21 45 34 45 20 22 30 20 26 28 23 24 37 38 20 24 21 27 20 20
internal_value=3.58073e-13 4.6294e-06 1.23731e-05 4.3824e-05 2.56715e-06 -1.1562e-05 -2.62705e-05 1.90843e-05 3.95059e-05 -9.35822e-06 -1.13574e-05 -4.80921e-06 1.01114e-05 2.92901e-05 -9.06747e-06 3.1513e-05 -6.98519e-06 -2.24054e-05 2.89571e-06 3.68366e-05 -6.03154e-05 -9.16225e-06 -2.64817e-05 -4.08933e-06 1.41496e-05 6.96216e-05 -2.49442e-06 5.56847e-06 1.4652e-05 -3.05399e-06
internal_weight=848 510 345 82 263 165 123 62 72 93 191 170 125 79 42 42 338 132 206 54 43 152 88 89 58 44 51 72 64 44
internal_count=848 510 345 82 263 165 123 62 72 93 191 170 125 79 42 42 338 132 206 54 43 152 88 89 58 44 51 72 64 44
is_linear=0
shrinkage=0.3


Tree=121
num_leaves=24
num_cat=0
split_feature=7 7 4 13 17 17 0 17 13 27 9 4 1 0 27 4 7 7 6 21 4 21 7
split_gain=3.08026e-07 8.92607e-07 7.88184e-07 1.09422e-06 1.07022e-06 9.49212e-07 7.58403e-07 4.56944e-07 4.50394e-07 1.99607e-06 5.22083e-07 5.05966e-07 4.96915e-07 8.04905e-07 9.73318e-07 8.0441e-07 6.28952e-07 1.17853e-06 9.19931e-07 8.52793e-07 6.1983e-07 7.92081e-07 4.23983e-07
threshold=-0.0093023965524082364 -0.011990471523768408 2397150.0000000005 0.027153474957240301 0.0047281278572888453 0.0088496191386394172 3.6845067112873449 0.002280448133910123 0.017832785119775096 0.92904050000000005 0.010334045086898726 1781650.0000000002 3.350196287839752 3.4326990799857122 0.80385850000000014 3163700.0000000005 -0.0070176500287829529 -0.0023419121182429218 0.0026245644495710894 0.86615750000000002 1629200.0000000002 0.30183900000000002 -1.0000000180025095e-35
decision_type=2 2 2 2 2 2 2 2 2 2 2 2 2 2 2 2 2 2 2 2 2 2 2
left_child=1 2 5 4 -4 7 -3 -1 9 11 -10 -2 20 14 -14 -16 -15 18 -18 -19 -12 -22 -13
right_child=8 6 3 -5 -6 -7 -8 -9 10 -11 12 22 13 16 15 -17 17 19 -20 -21 21 -23 -24
leaf_value=3.3476094150890795e-05 3.1741510019855924e-05 -1.1791697983015536e-05 5.0060205081535967e-05 -7.2808866480045251e-05 -3.2781558080330338e-05 6.996859483479056e-05 -8.282566150228377e-05 -2.4222812558036823e-05 -4.4321966932962509e-05 0.00010656696921046205 -5.7429770360893317e-05 1.5349107416113837e-05 -1.3665143389674917e-05 3.9967833775087701e-05 0.00010305270125999497 2.1926052580635189e-05 -8.8323287252478614e-05 1.1715866275464673e-05 -6.0950039405724964e-06 -3.2664734255299564e-05 -4.4185583770740777e-05 2.422034557149835e-05 -4.1428785588605334e-05
leaf_weight=21 29 31 25 24 32 26 24 30 23 20 26 20 23 33 22 22 24 228 25 47 25 39 29
leaf_count=21 29 31 25 24 32 26 24 30 23 20 26 20 23 33 22 22 24 228 25 47 25 39 29
internal_value=-1.16636e-14 -9.8722e-06 1.58595e-06 -1.90731e-05 3.55255e-06 2.33181e-05 -4.27883e-05 -4.64439e-07 3.31146e-06 2.20142e-05 -1.01698e-07 3.33989e-07 1.87703e-06 6.17456e-06 3.63468e-05 6.24894e-05 5.11987e-07 -3.50666e-06 -4.63701e-05 4.13082e-06 -1.83691e-05 -2.50072e-06 -1.82541e-05
internal_weight=848 213 158 81 57 77 55 51 635 98 537 78 514 424 67 44 357 324 49 275 90 64 49
internal_count=848 213 158 81 57 77 55 51 635 98 537 78 514 424 67 44 357 324 49 275 90 64 49
is_linear=0
shrinkage=0.3


Tree=122
num_leaves=28
num_cat=0
split_feature=19 21 11 7 12 14 7 6 4 4 9 10 10 27 27 16 7 14 0 7 7 6 22 22 16 19 20
split_gain=2.37652e-07 7.47019e-07 7.06681e-07 7.01333e-07 1.16328e-06 3.75687e-07 8.43801e-07 5.60273e-07 5.54119e-07 1.11856e-06 6.893e-07 7.08603e-07 1.10325e-06 8.94272e-07 7.58668e-07 8.65448e-07 6.91095e-07 1.09217e-06 4.83159e-07 4.61937e-07 8.28736e-07 5.6299e-07 5.55113e-07 6.56772e-07 4.47102e-07 3.67572e-07 2.53866e-07
threshold=-0.42880999999999997 0.19018200000000005 42.626242753470109 -0.0023419121182429218 0.0015943225368880343 0.01182037600695209 0.0049261112198518238 -0.0024157739674230175 3211450.0000000005 3474100.0000000005 0.010334045086898726 -0.80753188938970955 -0.18683264820878956 0.78606500000000012 0.58438800000000013 0.0077922840075745564 -0.014620182473548278 0.021518189730330001 3.6760173799936573 -0.0069446902090514176 0.0096268553118364578 -0.0047733234180284793 0.012986500000000002 0.038487500000000008 0.0048019231534406669 -0.90854749999999995 0.12302800000000001
decision_type=2 2 2 2 2 2 2 2 2 2 2 2 2 2 2 2 2 2 2 2 2 2 2 2 2 2 2
left_child=1 2 -1 25 -5 6 7 -2 10 -10 -7 16 13 -13 -14 -16 -12 24 -15 21 22 -11 -21 -24 -18 -4 -22
right_child=5 -3 3 4 -6 8 -8 -9 9 19 11 12 14 18 15 -17 17 -19 -20 20 26 -23 23 -25 -26 -27 -28
leaf_value=-4.4683280419930168e-05 -3.8443161656687153e-05 -6.0623574688139814e-05 1.6232383723036035e-05 8.6736804685342994e-05 -6.9948254299298729e-06 -5.0377516499793268e-05 7.0122602838914046e-05 2.3315799059603776e-05 5.8205977452766651e-05 8.9791395667917732e-06 -7.0481467043029378e-05 8.9918989056059209e-05 -5.8448776131957524e-05 -1.5261983373974266e-05 1.0081385619359128e-05 -4.0344010093768268e-05 -7.1515600717722672e-05 2.896177511234675e-05 4.8494101802134533e-05 3.3909531808721143e-07 1.5166538574362675e-06 -5.2871063613005951e-05 9.2902350364738604e-05 1.9292758423716801e-05 -1.0184616610331431e-05 -3.6633650083315622e-05 -4.628285737680926e-05
leaf_weight=27 20 23 20 22 26 30 23 39 39 27 23 21 22 23 158 38 23 34 20 31 20 26 20 24 20 29 20
leaf_count=27 20 23 20 22 26 30 23 39 39 27 23 21 22 23 158 38 23 34 20 31 20 26 20 24 20 29 20
internal_value=2.99031e-14 -1.09672e-05 -1.75671e-06 1.01919e-05 3.59655e-05 2.29982e-06 2.13814e-05 2.38056e-06 -2.27945e-07 1.24352e-05 -6.59025e-06 -3.15146e-06 4.5428e-06 3.91743e-05 -5.62425e-06 3.05033e-07 -2.48492e-05 -1.12188e-05 1.4392e-05 1.80982e-06 1.24892e-05 -2.13625e-05 3.10878e-05 5.27517e-05 -4.29896e-05 -1.50557e-05 -2.23831e-05
internal_weight=848 147 124 97 48 701 82 59 619 207 412 382 282 64 218 196 100 77 43 168 115 53 75 44 43 49 40
internal_count=848 147 124 97 48 701 82 59 619 207 412 382 282 64 218 196 100 77 43 168 115 53 75 44 43 49 40
is_linear=0
shrinkage=0.3


Tree=123
num_leaves=21
num_cat=0
split_feature=7 27 7 17 6 3 6 11 18 1 6 15 2 7 12 27 21 13 8 21
split_gain=2.56557e-07 5.32021e-07 6.99126e-07 8.49964e-07 7.26498e-07 7.63496e-07 4.4592e-07 3.86311e-07 6.49321e-07 6.1407e-07 1.38424e-06 7.74992e-07 8.3352e-07 5.73771e-07 1.08038e-06 5.5969e-07 5.43981e-07 3.69439e-07 2.38649e-07 1.70813e-07
threshold=0.0096268553118364578 0.6317235000000001 0.015484258960501561 0.0050188236738715397 -0.002481403911677 3.7014544010162358 0.025624627350703848 33.634115332074842 0.12093650506377419 3.4464259658309522 0.0077723210426580364 -0.021327169990503079 3.4069572186994979 0.0049261112198518238 -0.0009725323411756947 0.78298750000000006 0.035602500000000002 0.027883777158386139 -0.030960214533656275 0.46001650000000005
decision_type=2 2 2 2 2 2 2 2 2 2 2 2 2 2 2 2 2 2 2 2
left_child=6 -2 3 -3 -4 19 7 8 -1 10 15 -11 -13 16 -15 -9 -14 18 -17 -6
right_child=1 2 4 -5 5 -7 -8 9 -10 11 -12 12 13 14 -16 17 -18 -19 -20 -21
leaf_value=-9.2435721723761929e-06 3.0542758335846321e-05 -7.5914192283591791e-05 3.2144597910771081e-05 -7.699375682932441e-06 2.5042421878294718e-05 -5.9572521737349089e-05 3.6856493017529085e-05 2.8470111613601415e-05 6.4506820511021277e-05 -5.3450603572855471e-05 -7.8266015231877512e-05 6.0121267149952472e-05 2.8532086924092348e-05 -1.8104669156441972e-05 6.8822458779909678e-05 -1.2874603224032476e-05 -5.5690825020819691e-06 1.3947556811087581e-05 -5.6579675341791619e-05 -1.3696630500703576e-05
leaf_weight=21 26 31 39 35 21 26 33 34 22 20 28 25 49 22 31 23 299 21 22 20
leaf_count=21 26 31 39 35 21 26 33 34 22 20 28 25 49 22 31 23 299 21 22 20
internal_value=-6.61157e-14 -9.45452e-06 -1.55006e-05 -3.97397e-05 -4.08377e-07 -1.93571e-05 2.87999e-06 1.06277e-06 2.84892e-05 -9.91821e-07 -1.93081e-05 4.26486e-06 6.97451e-06 3.66112e-06 3.27395e-05 -2.79986e-06 -7.67481e-07 -1.89086e-05 -3.42415e-05 6.14532e-06
internal_weight=848 198 172 66 106 67 650 617 43 574 128 446 426 401 53 100 348 66 45 41
internal_count=848 198 172 66 106 67 650 617 43 574 128 446 426 401 53 100 348 66 45 41
is_linear=0
shrinkage=0.3


Tree=124
num_leaves=18
num_cat=0
split_feature=1 16 15 0 12 7 13 10 14 6 9 20 6 21 26 6 13
split_gain=2.12422e-07 2.85458e-07 5.28538e-07 2.36887e-07 3.28822e-07 5.45597e-07 6.18573e-07 5.70455e-07 4.95866e-07 2.44434e-07 7.0634e-07 5.84227e-07 8.49221e-07 5.04794e-07 6.30569e-07 6.21205e-07 1.79772e-07
threshold=2.9880246583194054 0.011706184684100134 0.0068887090646789608 3.0428864535569846 -0.0033447006645437823 -0.0089789278410440185 0.020919790339320201 -1.4696028012891447 0.021686725807494915 -0.010443999047484876 0.014109707781296544 0.26720800000000006 -0.022338357726911642 0.93302750000000012 0.049692000000000007 -0.0073530860890311999 0.025447152257863932
decision_type=2 2 2 2 2 2 2 2 2 2 2 2 2 2 2 2 2
left_child=-1 3 16 -2 5 7 -7 -5 -8 10 -6 12 -12 14 -11 -16 -3
right_child=1 2 -4 4 9 6 8 -9 -10 13 11 -13 -14 -15 15 -17 -18
leaf_value=2.6697598034913354e-05 -2.9171731437046492e-05 -2.1243729655751052e-05 1.8201142202914606e-05 2.5721214751683873e-05 2.4323130542214243e-05 7.7616767430299657e-05 -1.0053320702668159e-05 -4.5073248631004904e-05 5.1349362697692415e-05 4.330168181856125e-05 -4.1560132649465224e-06 3.9416314810599332e-07 -8.6381946367999684e-05 -4.2559738126742145e-05 4.1929749195626372e-05 -2.0700725898959566e-06 -5.9754969233836166e-05
leaf_weight=26 23 24 22 20 32 20 29 21 20 34 20 36 26 22 31 422 20
leaf_count=26 23 24 22 20 32 20 29 21 20 34 20 36 26 22 31 422 20
internal_value=5.76143e-14 -8.4445e-07 -1.97655e-05 8.07389e-07 1.74807e-06 1.68697e-05 3.31562e-05 -1.05394e-05 1.5009e-05 -9.21872e-07 -1.34783e-05 -2.823e-05 -5.06315e-05 1.89036e-06 3.89838e-06 9.40953e-07 -3.87488e-05
internal_weight=848 822 66 756 733 110 69 41 49 623 114 82 46 509 487 453 44
internal_count=848 822 66 756 733 110 69 41 49 623 114 82 46 509 487 453 44
is_linear=0
shrinkage=0.3


Tree=125
num_leaves=16
num_cat=0
split_feature=1 3 10 17 22 22 13 4 0 13 21 4 16 18 4
split_gain=2.14897e-07 3.88876e-07 3.26805e-07 3.48893e-07 3.40813e-07 6.63133e-07 8.39904e-07 5.85756e-07 4.78586e-07 4.20382e-07 5.17173e-07 6.14056e-07 6.46854e-07 5.40058e-07 2.42207e-07
threshold=4.0313079148352626 3.9541758298873906 1.7595145662568081 0.0048192724016655449 0.027130000000000005 0.021501500000000003 0.016607099267765719 998450.00000000012 3.5062612037402361 0.016408463067314905 0.80385850000000014 3474100.0000000005 0.002610994744582091 -0.32512461276562959 2779400.0000000005
decision_type=2 2 2 2 2 2 2 2 2 2 2 2 2 2 2
left_child=1 2 4 -4 5 6 -1 -8 -9 -6 11 13 -13 -11 -7
right_child=-2 -3 3 -5 9 14 7 8 -10 10 -12 12 -14 -15 -16
leaf_value=-5.9366811306063022e-05 -2.6852700046639746e-05 3.0904903370183828e-05 -3.4991861866728867e-06 5.1248517682076698e-05 2.8777115721823064e-05 6.4483180376555542e-05 4.9082457019267166e-05 -1.2675062154440555e-05 1.2775812365871116e-05 -1.7952930823050376e-05 -5.0661191522117909e-05 -6.1842272220126359e-05 -7.519930868801701e-06 1.0293622584082774e-05 1.7794153673094113e-05
leaf_weight=20 26 37 20 22 26 20 24 132 134 98 27 34 47 161 20
leaf_count=20 26 37 20 22 26 20 24 132 134 98 27 34 47 161 20
internal_value=-2.22333e-13 8.49355e-07 -5.67276e-07 2.51782e-05 -2.0226e-06 4.78583e-06 9.514e-08 4.19596e-06 1.46055e-07 -8.08609e-06 -1.06977e-05 -7.52408e-06 -3.03219e-05 -3.94262e-07 4.11387e-05
internal_weight=848 822 785 42 743 350 310 290 266 393 367 340 81 259 40
internal_count=848 822 785 42 743 350 310 290 266 393 367 340 81 259 40
is_linear=0
shrinkage=0.3


Tree=126
num_leaves=21
num_cat=0
split_feature=15 5 19 20 4 15 26 28 6 13 13 13 12 13 10 20 19 19 5 10
split_gain=2.2056e-07 5.46447e-07 4.30135e-07 8.29521e-07 5.03959e-07 4.05823e-07 3.30992e-07 5.84372e-07 2.87798e-07 3.38269e-07 1.00539e-06 1.03457e-06 7.98248e-07 6.04904e-07 8.81665e-07 6.19647e-07 5.53943e-07 5.97929e-07 4.84427e-07 4.24113e-07
threshold=-0.013872985859916734 -0.013969971812944687 0.080282000000000006 0.039731000000000009 3253450.0000000005 -0.011904807858458389 0.045734000000000004 1.0000000180025095e-35 -0.02699622721025622 0.023014733989921668 0.021945826994704529 0.021234639583293167 -0.00056542807374000703 0.024472026175929831 -0.30621973336553987 0.3550870000000001 0.55115600000000009 0.088579000000000005 0.0023365871699273489 -1.1977988694870754
decision_type=2 2 2 2 2 2 2 2 2 2 2 2 2 2 2 2 2 2 2 2
left_child=1 2 3 -1 -4 -2 7 -7 -8 10 11 19 -12 14 -11 -16 17 -15 -18 -10
right_child=5 -3 4 -5 -6 6 8 -9 9 13 12 -13 -14 16 15 -17 18 -19 -20 -21
leaf_value=3.0295594384053556e-05 -4.0378055155088076e-05 5.5758500105948119e-05 -3.0481754405487801e-06 -4.2641068401157629e-05 6.0294461263765697e-05 -7.0534962027782707e-06 3.1718232224063415e-05 4.9508266549251388e-05 3.7301136427021658e-05 6.7611060356082615e-06 -3.0398985236738204e-06 -5.890891768636908e-05 6.5944044384499037e-05 -1.0247695408643103e-05 -9.7591987163138012e-05 -2.5546527545624744e-05 -5.8264086461489427e-05 2.7909816200959043e-05 -6.391365020114557e-06 -3.3716762334556626e-06
leaf_weight=23 24 21 26 36 20 35 21 31 26 27 26 29 36 84 22 21 26 66 43 205
leaf_count=23 24 21 26 36 20 35 21 31 26 27 26 29 36 84 22 21 26 66 43 205
internal_value=-6.61509e-14 1.15816e-05 2.74626e-06 -1.42081e-05 2.44921e-05 -2.02117e-06 -7.0231e-07 1.95134e-05 -2.81344e-06 -4.00029e-06 2.68704e-06 -5.49893e-06 3.70153e-05 -1.14512e-05 -3.57279e-05 -6.2407e-05 -3.69157e-06 6.54161e-06 -2.59376e-05 1.20622e-06
internal_weight=848 126 105 59 46 722 698 66 632 611 322 260 62 289 70 43 219 150 69 231
internal_count=848 126 105 59 46 722 698 66 632 611 322 260 62 289 70 43 219 150 69 231
is_linear=0
shrinkage=0.3


Tree=127
num_leaves=17
num_cat=0
split_feature=2 3 8 17 15 12 19 12 27 5 5 15 19 20 15 5
split_gain=1.71224e-07 1.89726e-07 7.76877e-07 2.30231e-07 4.25661e-07 2.56427e-07 5.42791e-07 4.27125e-07 1.02978e-06 4.20186e-07 6.1183e-07 5.09079e-07 3.9474e-07 6.47905e-07 6.45477e-07 2.63212e-07
threshold=3.946328671448661 3.9541758298873906 0.032335437607318544 0.016247654754420967 0.0023228813179696352 0.0050648097216072071 0.15616250000000004 0.0032039467127276595 0.80200850000000012 0.011848451171173025 0.018626897121511915 0.014527916790691943 0.61634900000000015 0.55899650000000012 0.0023474714423808744 0.022729431615802664
decision_type=2 2 2 2 2 2 2 2 2 2 2 2 2 2 2 2
left_child=1 3 -3 5 -5 7 -7 9 -9 12 11 -11 13 -1 -14 -12
right_child=-2 2 -4 4 -6 6 -8 8 -10 10 15 -13 14 -15 -16 -17
leaf_value=1.4459037985860748e-06 -2.6120661624934819e-05 6.2659181085109592e-05 -2.0958365878414044e-05 -9.1039695990957629e-06 5.2790693744100274e-05 -4.5404518611273181e-06 5.6149134018466742e-05 2.1414112455074378e-05 -6.5203731810470342e-05 -1.3564887922257185e-05 2.941542502185257e-05 -7.7397805898726799e-05 3.1589163926807477e-05 -4.5794836208707626e-05 -2.1810300091197452e-05 -1.209172588752174e-05
leaf_weight=391 22 20 20 20 20 36 21 21 30 23 20 22 83 28 27 44
leaf_count=391 22 20 20 20 20 36 21 21 30 23 20 22 83 28 27 44
internal_value=8.27634e-14 6.95708e-07 2.08504e-05 -3.29977e-07 2.18434e-05 -1.5189e-06 1.78189e-05 -3.11868e-06 -2.95376e-05 -1.00683e-06 -1.79676e-05 -4.47721e-05 2.48793e-06 -1.711e-06 1.8482e-05 8.79259e-07
internal_weight=848 826 40 786 40 746 57 689 51 638 109 45 529 419 110 64
internal_count=848 826 40 786 40 746 57 689 51 638 109 45 529 419 110 64
is_linear=0
shrinkage=0.3


Tree=128
num_leaves=15
num_cat=0
split_feature=2 19 16 17 16 17 14 16 19 11 21 7 7 23
split_gain=1.42041e-07 3.42155e-07 2.72551e-07 3.33232e-07 2.21479e-07 6.47748e-07 4.97647e-07 3.44505e-07 6.63712e-07 4.39187e-07 3.24196e-07 3.57377e-07 8.32744e-07 4.81036e-07
threshold=2.9938590859305543 0.15616250000000004 0.011706184684100134 0.0022371453945809893 0.009302316297384013 0.0052700964084277614 0.020988150600881123 0.0078947294121632702 0.078300000000000022 33.634115332074842 0.92021850000000016 -0.011990471523768408 -0.0075663051665252846 0.41666650000000005
decision_type=2 2 2 2 2 2 2 2 2 2 2 2 2 2
left_child=1 -1 4 -4 7 6 -6 9 -9 -2 11 13 -13 -11
right_child=2 -3 3 -5 5 -7 -8 8 -10 10 -12 12 -14 -15
leaf_value=-8.0251753451162143e-06 4.4273460167119085e-05 3.8904326720512473e-05 9.8401315153751053e-06 -3.845709473656219e-05 2.0728520146349185e-05 5.2192674814120562e-05 -3.8674900049913542e-05 1.2302007053222041e-05 -6.072811379453924e-05 4.4458759765729084e-05 -2.8516952352219959e-05 -3.4198976399579807e-05 2.6262920244301276e-06 -8.5818146498222268e-07
leaf_weight=29 20 27 20 36 30 28 22 21 24 37 36 64 405 49
leaf_count=29 20 27 20 36 30 28 22 21 24 37 36 64 405 49
internal_value=-1.19049e-14 1.46015e-05 -1.03243e-06 -2.12081e-05 5.02671e-07 1.5405e-05 -4.4037e-06 -1.31469e-06 -2.66474e-05 5.51057e-07 -9.2855e-07 8.60968e-07 -2.3989e-06 1.86386e-05
internal_weight=848 56 792 56 736 80 52 656 45 611 591 555 469 86
internal_count=848 56 792 56 736 80 52 656 45 611 591 555 469 86
is_linear=0
shrinkage=0.3


Tree=129
num_leaves=20
num_cat=0
split_feature=21 26 14 18 22 15 28 26 26 7 8 26 1 5 18 12 2 2 3
split_gain=1.54556e-07 5.8505e-07 5.45038e-07 5.00002e-07 5.06576e-07 5.05149e-07 6.90178e-07 4.96478e-07 4.18215e-07 3.62671e-07 2.79597e-07 2.63754e-07 7.3606e-07 8.14179e-07 8.57423e-07 6.04252e-07 2.82142e-07 5.3271e-07 5.67021e-07
threshold=0.84469900000000009 0.15463250000000003 0.011195098419223233 0.063088310442933726 0.011976500000000003 -0.0090230934944979992 1.0000000180025095e-35 0.20193050000000004 0.2284535 -0.002481403911677 0.0058097019804199982 0.42132000000000008 3.3880912539400532 -0.0023866533818705706 -0.24866259496515022 7.7463891614255409e-05 3.9355743212281213 3.893446135785954 3.8843386173248295
decision_type=2 2 2 2 2 2 2 2 2 2 2 2 2 2 2 2 2 2 2
left_child=1 -1 -2 5 -5 -4 9 -3 -9 -7 -6 12 -10 15 -15 -14 17 18 -13
right_child=2 7 3 4 10 6 -8 8 11 -11 -12 16 13 14 -16 -17 -18 -19 -20
leaf_value=-3.9871075080424942e-05 5.3204773043294804e-05 4.6488602241581128e-05 -5.4364135888006004e-05 5.6679158225723882e-05 2.3953511871306025e-05 3.6918014484399465e-06 3.9477078593108673e-05 -4.1230485681887289e-05 6.3465721125664584e-05 -5.3439930834429109e-05 -1.9695706971106118e-05 -1.4405738063276151e-06 -6.4262527460166231e-05 7.0107497835242998e-05 -3.6539793359839378e-06 6.0501829652408056e-06 -3.8148558946886627e-05 3.8329530574238948e-05 -4.5649554437789316e-05
leaf_weight=35 21 20 21 23 28 20 24 23 21 20 25 387 22 23 37 22 20 28 28
leaf_count=35 21 20 21 23 28 20 24 23 21 20 25 387 22 23 37 22 20 28 28
internal_value=1.08235e-13 -2.11722e-06 7.74762e-06 1.81843e-06 1.9499e-05 -1.39901e-05 -7.42386e-07 -2.3105e-08 -1.54558e-06 -2.48741e-05 3.36426e-06 6.71746e-09 1.22351e-05 1.89042e-06 2.46213e-05 -2.91062e-05 -3.29467e-06 -1.72113e-06 -4.42335e-06
internal_weight=848 666 182 161 76 85 64 631 611 40 53 588 125 104 60 44 463 443 415
internal_count=848 666 182 161 76 85 64 631 611 40 53 588 125 104 60 44 463 443 415
is_linear=0
shrinkage=0.3


Tree=130
num_leaves=28
num_cat=0
split_feature=6 4 6 13 26 7 13 0 19 20 18 18 6 1 2 18 22 22 18 24 22 0 7 7 10 7 14
split_gain=1.37887e-07 5.59494e-07 4.55423e-07 4.33188e-07 4.0602e-07 4.04783e-07 4.59113e-07 3.46838e-07 3.33123e-07 5.60976e-07 4.64608e-07 4.3413e-07 3.61884e-07 6.86471e-07 1.05417e-06 1.42214e-06 8.085e-07 5.92962e-07 5.7791e-07 3.78936e-07 4.57264e-07 4.02598e-07 6.09929e-07 4.60692e-07 3.49915e-07 3.10685e-07 2.93613e-07
threshold=0.014035252780545132 1288050.0000000002 0.010416749491758361 0.028234796769938519 0.77065900000000009 0.012180891566676601 0.024472026175929831 3.7885227391891712 -0.44794849999999992 0.036338000000000002 -0.90363381202300219 -0.38728538393038897 -0.0047336818726212886 3.8203410484088098 3.5189621730860217 0.028987914663044255 0.06287050000000001 0.07151250000000002 0.078285341432257419 1.0000000180025095e-35 0.014849500000000002 3.5273808455777238 0.0074259491992948378 0.011325148097209047 -0.71720926734559276 -0.0027175400084091146 0.01792291851009218
decision_type=2 2 2 2 2 2 2 2 2 2 2 2 2 2 2 2 2 2 2 2 2 2 2 2 2 2 2
left_child=2 -2 8 5 -4 6 7 -3 9 11 26 -1 19 14 16 -16 -14 18 -15 21 -21 22 -12 -23 -13 -22 -10
right_child=1 3 4 -5 -6 -7 -8 -9 10 -11 12 24 13 17 15 -17 -18 -19 -20 20 25 23 -24 -25 -26 -27 -28
leaf_value=3.494841138366279e-05 3.6066027938172083e-05 -3.6902493370563303e-05 1.6717981507099465e-06 -5.6133656601429843e-05 5.5217315471404266e-05 -4.6031164711166642e-05 3.7137269084822668e-05 1.4503495068700951e-05 4.200064807946546e-07 -4.5620776526251375e-05 1.9800759678458378e-05 -4.5171643107875884e-05 -8.7642490008285072e-06 1.1078583267070436e-05 0.00011370020222898348 1.7093682322411039e-05 5.3636952477972951e-05 2.8655633477683293e-05 -4.5116305597900921e-05 3.932557656753488e-05 -3.2202066540776288e-05 -4.1601906781352226e-05 -3.6402357367478547e-05 1.1440651065868223e-05 5.3197474341004632e-06 1.19904282012324e-05 -4.8347459953220093e-05
leaf_weight=22 21 27 25 21 26 20 23 21 20 37 57 21 74 28 24 32 25 30 40 35 22 56 25 20 30 41 25
leaf_count=22 21 27 25 21 26 20 23 21 20 37 57 21 74 28 24 32 25 30 40 35 22 56 25 20 30 41 25
internal_value=-1.66709e-13 -8.86978e-06 1.6499e-06 -1.72952e-05 2.89695e-05 -8.33253e-06 2.28681e-06 -1.44124e-05 -4.48441e-07 -1.55283e-05 2.54576e-06 -2.75987e-07 5.12895e-06 1.31755e-05 2.56011e-05 5.84965e-05 6.99363e-06 -6.47738e-06 -2.19772e-05 -2.82325e-06 1.18322e-05 -1.19134e-05 2.66566e-06 -2.76433e-05 -1.54708e-05 -3.44187e-06 -2.6673e-05
internal_weight=848 133 715 112 51 91 71 48 664 110 554 73 509 253 155 56 99 98 68 256 98 158 82 76 51 63 45
internal_count=848 133 715 112 51 91 71 48 664 110 554 73 509 253 155 56 99 98 68 256 98 158 82 76 51 63 45
is_linear=0
shrinkage=0.3


Tree=131
num_leaves=31
num_cat=0
split_feature=14 14 16 16 27 15 27 6 11 0 2 13 23 18 4 16 4 23 1 23 16 0 20 16 5 17 19 8 22 18
split_gain=1.56409e-07 6.18044e-07 4.17664e-07 6.18798e-07 4.64041e-07 5.57671e-07 4.62518e-07 4.0868e-07 3.7685e-07 3.46651e-07 4.48427e-07 4.64714e-07 4.58583e-07 4.19824e-07 9.2073e-07 6.95747e-07 6.67552e-07 8.88007e-07 5.03681e-07 4.60777e-07 3.60651e-07 4.08273e-07 3.21995e-07 3.17874e-07 3.1598e-07 2.79862e-07 2.69827e-07 2.13457e-07 2.13312e-07 3.9208e-07
threshold=0.019659451496939599 0.020506963648211366 0.0022272225816496365 0.0049691309472480061 0.72125400000000017 0.0026666641235351439 0.8362885000000001 0.0023640114065428975 60.727504916643582 3.7761338712644226 3.7741687306749854 0.019988207653281461 0.41666650000000005 -0.42018966231121341 1339500.0000000002 0.0024570000101928392 2122900.0000000005 0.58333350000000006 3.6335688726329347 1.0000000180025095e-35 0.0023365019606584902 3.8858522750709814 0.035111500000000011 0.0026212340243427701 0.0071175650395723473 0.0071598976086104642 0.087786000000000017 -0.011315363783891561 0.025283500000000004 0.31474721284207435
decision_type=2 2 2 2 2 2 2 2 2 2 2 2 2 2 2 2 2 2 2 2 2 2 2 2 2 2 2 2 2 2
left_child=9 -2 8 7 5 -5 -6 27 24 13 -11 20 -13 15 -15 -1 17 -16 23 -17 -12 -22 -8 -18 28 -26 -24 -4 -3 -30
right_child=1 2 3 4 6 -7 22 -9 -10 10 11 12 -14 14 16 19 18 -19 -20 -21 21 -23 26 -25 25 -27 -28 -29 29 -31
leaf_value=3.7542505553054586e-05 5.0660156944104529e-05 1.6397543714766982e-05 2.570378872203744e-05 2.3597334137985645e-06 4.0471928932674922e-05 -6.3370176030730368e-05 -3.0720009971656297e-05 -1.5239674467011353e-06 2.5436387971110108e-05 4.5080881002080705e-05 -4.3179771698002396e-05 4.4428083837999567e-05 -8.6602734517008514e-06 -6.9158911474946291e-05 -1.9791923058738061e-05 -5.1345429378305389e-05 1.9335299854219556e-05 6.6642119866777708e-05 -6.4589320345476153e-05 8.9335562515771015e-06 2.1753913898359838e-05 -3.0999254751963156e-05 2.1339130321479696e-05 -2.7390430896526881e-05 -1.1103718370577554e-05 -5.8306796493595282e-05 -1.0249644428768079e-05 6.3088758062284403e-05 6.0988889208601905e-06 -4.477081428558449e-05
leaf_weight=35 24 25 27 26 30 21 26 25 21 23 27 32 27 29 23 21 20 20 22 25 31 23 53 38 20 26 45 28 30 25
leaf_count=35 24 25 27 26 30 21 26 25 21 23 27 32 27 29 23 21 20 20 22 25 31 23 53 38 20 26 45 28 30 25
internal_value=6.66426e-14 3.81358e-06 1.18667e-06 7.96493e-06 -9.16632e-07 -2.70089e-05 7.04661e-06 3.02799e-05 -1.17704e-05 -4.35287e-06 6.2593e-06 -1.18529e-07 2.01334e-05 -1.17768e-05 -2.10729e-05 5.66756e-06 -9.73551e-06 2.041e-05 -2.59387e-05 -1.85851e-05 -1.48699e-05 -7.15028e-07 -1.04016e-06 -1.12781e-05 -1.79716e-05 -3.77837e-05 6.83408e-06 4.47361e-05 -6.57956e-06 -1.70237e-05
internal_weight=848 452 428 281 201 47 154 80 147 396 163 140 59 233 152 81 123 43 80 46 81 54 124 58 126 46 98 55 80 55
internal_count=848 452 428 281 201 47 154 80 147 396 163 140 59 233 152 81 123 43 80 46 81 54 124 58 126 46 98 55 80 55
is_linear=0
shrinkage=0.3


Tree=132
num_leaves=17
num_cat=0
split_feature=14 1 13 0 4 16 7 17 8 9 21 2 12 18 7 21
split_gain=1.16747e-07 2.07061e-07 2.42747e-07 4.3005e-07 4.11015e-07 4.44169e-07 3.11696e-07 3.07137e-07 2.70059e-07 4.67943e-07 8.03353e-07 7.70232e-07 4.14872e-07 2.74086e-07 2.21554e-07 1.95957e-07
threshold=0.043465893937675283 2.9880246583194054 0.026951905024045424 3.5273808455777238 1405050.0000000002 0.0055172795454287099 -0.023420377821474957 0.0055717498224920189 -0.08295621679833752 0.024288036055960634 0.37184300000000009 3.5114092582717285 0.0037015130082409561 -0.5537091101971211 0.0024814096637680622 0.072433500000000012
decision_type=2 2 2 2 2 2 2 2 2 2 2 2 2 2 2 2
left_child=1 -1 6 4 -4 7 -3 -6 -8 12 15 -12 13 -10 -7 -11
right_child=-2 2 3 -5 5 14 8 -9 9 10 11 -13 -14 -15 -16 -17
leaf_value=2.8160348722394702e-05 -1.749311583229097e-05 3.4067153743914481e-05 -3.7671973541364419e-05 -3.9939048279913031e-05 4.4553994436177127e-05 -3.9706439078405046e-05 -3.2302776058453933e-05 1.9276172222415509e-06 -1.4156190558299964e-05 1.1524029737302043e-05 7.796843269716191e-05 1.9635451008070958e-06 -3.5498787221968085e-05 4.4522006292902519e-06 4.4128619742878074e-06 -3.0471359659713924e-05
leaf_weight=24 33 27 24 35 29 21 21 32 88 20 30 20 30 374 20 20
leaf_count=24 33 27 24 35 29 21 21 32 88 20 30 20 30 374 20 20
internal_value=-1.31382e-13 7.0831e-07 -1.24622e-07 -1.05206e-05 -2.34886e-06 5.96247e-06 2.53214e-06 2.21926e-05 1.12012e-06 2.3261e-06 2.22153e-05 4.75665e-05 -1.31217e-06 9.07745e-07 -1.81848e-05 -9.47366e-06
internal_weight=848 815 791 161 126 102 630 61 603 582 90 50 492 462 41 40
internal_count=848 815 791 161 126 102 630 61 603 582 90 50 492 462 41 40
is_linear=0
shrinkage=0.3


Tree=133
num_leaves=28
num_cat=0
split_feature=15 5 6 6 28 10 16 21 20 7 6 21 13 12 6 8 17 18 14 14 23 14 27 4 10 12 3
split_gain=1.0971e-07 2.31834e-07 3.50576e-07 3.4413e-07 2.19327e-07 2.04849e-07 2.33413e-07 2.87473e-07 2.53544e-07 4.51937e-07 5.79477e-07 5.92474e-07 3.43109e-07 3.94944e-07 6.10025e-07 5.76612e-07 5.62835e-07 3.75612e-07 3.32159e-07 7.81167e-07 7.1745e-07 6.60465e-07 2.91909e-07 2.37705e-07 2.80353e-07 2.2369e-07 2.19004e-07
threshold=-0.013872985859916734 -0.013969971812944687 -0.0070177890966246085 0.0023528297313892099 1.0000000180025095e-35 -1.9180209226702833 0.009302316297384013 0.90815800000000013 0.04059150000000001 0.011668827999340397 -0.0098162521666837216 0.045958000000000006 0.023514700225935135 0.0025438198320552334 0.0047394855697186463 0.056501094982818294 0.0025906711748779469 -0.12542390149662816 0.015891038276926377 0.017174374451387118 0.87500000000000011 0.013953474446076019 0.74429150000000011 5746850.0000000009 0.45659377813291296 -0.0015083595056643339 3.3856471776962285
decision_type=2 2 2 2 2 2 2 2 2 2 2 2 2 2 2 2 2 2 2 2 2 2 2 2 2 2 2
left_child=1 2 -1 -4 -5 -2 8 23 9 10 -7 -12 18 14 16 -15 -14 -16 21 -20 -21 22 -10 24 25 26 -8
right_child=5 -3 3 4 -6 6 7 -9 12 -11 11 -13 13 15 17 -17 -18 -19 19 20 -22 -23 -24 -25 -26 -27 -28
leaf_value=-2.6333113377014733e-05 -3.0621222854928674e-05 3.6942894283648849e-05 3.6024844538670469e-05 -2.6668543380635259e-05 1.5736747722574205e-05 3.591393640525504e-05 -8.531571023178747e-06 4.3884315464310926e-05 3.5749472772295121e-05 -5.6163504320595943e-05 1.5082039333885238e-05 -4.8871758207269518e-05 -5.2867729391437027e-05 -6.9214718149107109e-05 4.8723388499638534e-05 -1.2796248918912959e-06 -2.6948306879292634e-06 -3.4477305412703727e-06 6.4688528862461678e-05 2.8688233383980609e-05 -1.7940884005216309e-05 -4.5245157535386433e-05 -2.325240805205524e-06 -2.4808975313135305e-05 3.5138361708959559e-05 -2.5387771867307103e-05 3.4299635080969894e-05
leaf_weight=28 21 21 33 21 23 21 22 20 24 21 22 32 27 22 27 23 79 23 25 62 57 28 74 20 30 21 21
leaf_count=28 21 21 33 21 23 21 22 20 24 21 22 32 27 22 27 23 79 23 25 62 57 28 74 20 30 21 21
internal_value=1.10815e-13 8.16825e-06 2.41332e-06 1.28666e-05 -4.50214e-06 -1.42548e-06 -5.50861e-07 1.07098e-05 -3.21211e-06 -1.72639e-05 -6.37198e-06 -2.28165e-05 -3.48054e-07 -9.73255e-06 -2.5903e-06 -3.44923e-05 -1.54747e-05 2.47247e-05 6.63818e-06 1.64809e-05 6.35328e-06 -4.61067e-06 6.99918e-06 4.8897e-06 1.12086e-05 -8.52242e-09 1.2386e-05
internal_weight=848 126 105 77 44 722 701 134 567 96 75 54 471 201 156 45 106 50 270 144 119 126 98 114 94 64 43
internal_count=848 126 105 77 44 722 701 134 567 96 75 54 471 201 156 45 106 50 270 144 119 126 98 114 94 64 43
is_linear=0
shrinkage=0.3


Tree=134
num_leaves=23
num_cat=0
split_feature=19 7 18 5 7 1 18 20 11 11 4 17 6 19 6 14 6 14 7 18 19 4
split_gain=1.15894e-07 4.7044e-07 5.33606e-07 4.68372e-07 6.73089e-07 3.57804e-07 3.40987e-07 1.86149e-07 1.82817e-07 4.10516e-07 3.09901e-07 2.54923e-07 5.11631e-07 5.33976e-07 3.58229e-07 3.32395e-07 4.94097e-07 3.74017e-07 4.63459e-07 3.44522e-07 2.46903e-07 1.0121e-07
threshold=0.57889750000000006 0.0048721706875885064 -0.57962078933501182 -0.0022728015173717445 -0.0069446902090514176 3.5784983815055686 0.039744153983902901 0.55899650000000012 65.476144409227302 63.485161451570455 3394000.0000000005 0.0023809502184255057 0.0048721706875885064 0.015657500000000001 -0.0022910047321179081 0.014231555159707126 0.0026245644495710894 0.016528989601943132 0.016909829390087745 -0.15268620497541155 -0.23376699999999997 2641300.0000000005
decision_type=2 2 2 2 2 2 2 2 2 2 2 2 2 2 2 2 2 2 2 2 2 2
left_child=7 2 -2 4 -4 -5 -3 8 9 11 -10 12 13 -1 -15 16 19 -17 -19 -13 -14 -7
right_child=1 6 3 5 -6 21 -8 -9 10 -11 -12 15 20 14 -16 17 -18 18 -20 -21 -22 -23
leaf_value=5.2549219283130643e-05 -2.149103409822471e-05 4.9129008771529162e-06 1.3450766118694444e-05 3.4232185300879791e-05 8.6098083044238249e-05 -2.4155401345069549e-05 -3.7741413794837198e-05 -3.0514321799586238e-05 4.3701797910346479e-05 -4.3657545432194763e-05 -8.4776813400821984e-06 -6.2043045051853241e-05 1.1168325571426457e-05 -9.0634095658970183e-06 3.6960785442004085e-05 3.0346384462445126e-05 1.5561190466542029e-05 -9.0029738281454673e-06 2.5343070722267772e-05 -1.0489740375305699e-05 -3.0443286653859435e-05 5.6640370010947137e-06
leaf_weight=34 28 37 24 30 22 20 31 20 21 21 20 28 21 45 23 31 20 257 41 20 33 21
leaf_count=34 28 37 24 30 22 20 31 20 21 21 20 28 21 45 23 31 20 257 41 20 33 21
internal_value=7.60851e-14 6.05551e-06 1.57105e-05 2.46135e-05 4.81951e-05 9.33524e-06 -1.45324e-05 -2.03122e-06 -1.10494e-06 -2.48732e-06 1.82484e-05 -9.23892e-07 9.35144e-06 2.18521e-05 6.5036e-06 -4.96155e-06 -2.40555e-05 -1.01508e-06 -4.27751e-06 -4.05625e-05 -1.4261e-05 -8.88203e-06
internal_weight=848 213 145 117 46 71 68 635 615 574 41 553 156 102 68 397 68 329 298 48 54 41
internal_count=848 213 145 117 46 71 68 635 615 574 41 553 156 102 68 397 68 329 298 48 54 41
is_linear=0
shrinkage=0.3


Tree=135
num_leaves=26
num_cat=0
split_feature=26 4 4 17 12 5 4 17 14 14 12 1 26 10 12 27 16 20 21 7 20 7 14 5 21
split_gain=1.05189e-07 3.48239e-07 1.7615e-07 3.27696e-07 3.86594e-07 4.08947e-07 6.74905e-07 3.53736e-07 3.00836e-07 4.88525e-07 7.40073e-07 3.84359e-07 3.60304e-07 3.32888e-07 6.57536e-07 5.60846e-07 3.29815e-07 3.4222e-07 2.94593e-07 3.01227e-07 2.66185e-07 4.39567e-07 3.01084e-07 2.53307e-07 2.23141e-07
threshold=0.92102600000000012 2667150.0000000005 3088950.0000000005 0.013711354161655686 0.0041585348701115915 0.0074259491992948378 6683600.0000000009 0.016844002080680934 0.012239908560247122 0.014124280467537508 -6.3425187707430704e-05 3.7441608392401089 0.052028500000000005 0.45659377813291296 0.00055611731009846466 0.79328450000000006 0.0023446109123937899 0.24318250000000002 0.060599500000000008 -0.0072640733912164059 0.3550870000000001 -0.0022673740452099464 0.01844838428905286 0.013633898581512703 0.92407950000000005
decision_type=2 2 2 2 2 2 2 2 2 2 2 2 2 2 2 2 2 2 2 2 2 2 2 2 2
left_child=2 -2 8 4 5 6 20 -5 11 10 -10 -1 24 18 -15 -16 -13 -18 -14 -20 22 -22 -4 -7 -11
right_child=1 -3 3 7 -6 23 -8 -9 9 12 -12 16 13 14 15 -17 17 -19 19 -21 21 -23 -24 -25 -26
leaf_value=3.9896922365301181e-05 8.6900467487374459e-06 -3.2530106556285837e-05 -2.7619856251703822e-05 -4.5744956196358544e-05 4.9751028564060106e-05 -4.1063601092901077e-05 6.7420427697015839e-05 1.0002907379202952e-05 -1.3888027332051514e-06 -5.0815527686722809e-05 -7.814895581304881e-05 -3.228392813070968e-05 -2.9679257543718378e-05 5.3934270291782529e-05 -2.3044468343869087e-05 2.1587024166521962e-05 4.2792212093587525e-05 -1.204068451475645e-05 1.7395890726303068e-05 -9.9660407926194239e-06 5.9366397367739408e-05 -3.0348184372996911e-07 1.1524775953830612e-05 1.2594466066470235e-06 -8.30147074384513e-06
leaf_weight=32 39 35 28 20 22 20 20 21 26 20 20 20 39 28 45 58 20 21 55 106 20 25 48 35 25
leaf_count=32 39 35 28 20 22 20 20 21 26 20 20 20 39 28 45 58 20 21 55 106 20 25 48 35 25
internal_value=1.77468e-14 -1.0806e-05 1.03313e-06 7.41496e-06 1.20427e-05 7.81016e-06 1.63687e-05 -1.71912e-05 -2.17638e-06 -5.58021e-06 -3.47628e-05 1.3269e-05 -2.01e-06 1.41416e-06 1.31695e-05 2.08783e-06 -6.99815e-07 1.47071e-05 -6.28559e-06 -6.18797e-07 7.93037e-06 2.62165e-05 -2.89693e-06 -1.41308e-05 -2.71966e-05
internal_weight=848 74 774 259 218 196 141 41 515 422 46 93 376 331 131 103 61 41 200 161 121 45 76 55 45
internal_count=848 74 774 259 218 196 141 41 515 422 46 93 376 331 131 103 61 41 200 161 121 45 76 55 45
is_linear=0
shrinkage=0.3


Tree=136
num_leaves=29
num_cat=0
split_feature=7 12 18 1 3 13 22 22 27 7 7 16 27 4 8 20 11 14 4 7 12 15 5 16 13 22 22 8
split_gain=1.13228e-07 3.25192e-07 3.74783e-07 3.93306e-07 5.86733e-07 2.59821e-07 5.31772e-07 8.41336e-07 2.82625e-07 5.93894e-07 4.55175e-07 8.44439e-07 4.84228e-07 4.23375e-07 6.48186e-07 4.24334e-07 2.89222e-07 3.66814e-07 4.25864e-07 3.25806e-07 3.23108e-07 2.73813e-07 3.48103e-07 2.6106e-07 2.61052e-07 2.47365e-07 2.03687e-07 1.63877e-07
threshold=-0.0090702180226861669 0.0018549788858093586 0.68681425101557891 3.3413391258864267 3.476026296615601 0.017100172092395827 0.017195500000000006 0.13976050000000004 0.8621430000000001 -0.0070176500287829529 -0.0025940620930183455 0.0029680095676301367 0.81804050000000006 1548000.0000000002 0.0051361978168837875 0.20764600000000002 59.774935443874632 0.021518189730330001 5033850.0000000009 0.0069206094219664083 -0.00066091265401074459 0.0024360548021839282 -0.0046080532775992266 0.0026845660178359504 0.023036408261244232 0.022214000000000005 0.068896500000000013 -0.017561577962044685
decision_type=2 2 2 2 2 2 2 2 2 2 2 2 2 2 2 2 2 2 2 2 2 2 2 2 2 2 2 2
left_child=1 2 3 -1 -5 6 -2 -8 9 -7 11 -11 13 14 -12 -15 17 21 19 20 -19 22 23 -10 -18 -6 -27 -28
right_child=5 -3 -4 4 25 8 7 -9 16 10 12 -13 -14 15 -16 -17 24 18 -20 -21 -22 -23 -24 -25 -26 26 27 -29
leaf_value=2.1054841684761759e-05 -1.2917770082226369e-05 1.9473949061265508e-05 -4.8729990729563208e-05 -5.0759690684571981e-05 1.9351716456449433e-05 5.3810917986331991e-05 8.3029699687488443e-05 8.0601244007993959e-07 -5.237245424558006e-05 -7.0647589345753653e-05 9.1642798060061532e-06 1.5486003972650256e-05 3.9195696336793002e-05 -1.78532854119219e-05 -5.7486384423555134e-05 2.125572086020219e-05 -6.5567764704610452e-06 1.7236681080248672e-05 -3.2539549390061698e-05 3.0810587657613629e-05 -3.2033225690374026e-05 -4.668323713693618e-05 1.6953515598123141e-05 -6.1561789979433257e-06 3.4951584028021899e-05 -3.6705549281247258e-05 1.8704360609262946e-05 -1.8065003587253159e-05
leaf_weight=37 29 38 21 30 31 22 21 24 22 20 29 21 37 34 24 94 30 25 28 38 23 35 22 22 25 22 20 24
leaf_count=37 29 38 21 30 31 22 21 24 22 20 29 21 37 34 24 94 30 25 28 38 23 35 22 22 25 22 20 24
internal_value=-3.53931e-15 -5.80347e-06 -1.09956e-05 -6.16374e-06 -1.40936e-05 2.07068e-06 1.87615e-05 3.91771e-05 -1.70925e-07 6.48915e-06 2.46954e-06 -2.65304e-05 7.92366e-06 1.53103e-06 -2.10172e-05 1.08674e-05 -7.10234e-06 -1.20685e-05 -4.04844e-07 1.00576e-05 -6.37182e-06 -2.52333e-05 -1.38584e-05 -2.92643e-05 1.23107e-05 -2.75352e-06 -1.31363e-05 -1.35166e-06
internal_weight=848 223 185 164 127 625 74 45 551 281 259 41 218 181 53 128 270 215 114 86 48 101 66 44 55 97 66 44
internal_count=848 223 185 164 127 625 74 45 551 281 259 41 218 181 53 128 270 215 114 86 48 101 66 44 55 97 66 44
is_linear=0
shrinkage=0.3


Tree=137
num_leaves=13
num_cat=0
split_feature=3 3 10 18 18 12 12 6 27 5 12 28
split_gain=1.02546e-07 1.82305e-07 1.9356e-07 2.01012e-07 1.3923e-07 1.18655e-07 1.3739e-07 5.08724e-07 6.74548e-07 2.65625e-07 2.50103e-07 1.63075e-07
threshold=3.9996875524520878 3.9612565040588383 1.7595145662568081 0.16200497141907036 1.3965163486118304 0.0061491582119578619 0.001795497008589711 0.0027027254649643374 0.84818800000000005 -0.0022728015173717445 0.0013531889619645837 1.0000000180025095e-35
decision_type=2 2 2 2 2 2 2 2 2 2 2 2
left_child=1 2 4 -4 5 6 10 8 -8 -9 11 -1
right_child=-2 -3 3 -5 -6 -7 7 9 -10 -11 -12 -13
leaf_value=-5.4907703538675163e-06 1.9758152729596273e-05 -2.2398199805386616e-05 3.9973108554973311e-05 -1.0610213783885619e-06 2.1716450592634829e-05 -1.9981018358521396e-05 5.1641349357221492e-05 5.5317135816453222e-06 -3.1501506133021653e-06 -3.3822930746627491e-05 -3.1016368494521073e-05 5.4404563623135654e-06
leaf_weight=329 23 33 22 21 24 30 39 33 42 29 27 196
leaf_count=329 23 33 22 21 24 30 39 33 42 29 27 196
internal_value=3.40658e-14 -5.50833e-07 3.59474e-07 1.99332e-05 -7.64251e-07 -1.50844e-06 -7.11062e-07 7.57614e-06 2.32309e-05 -1.28761e-05 -2.85793e-06 -1.40978e-06
internal_weight=848 825 792 43 749 725 695 143 81 62 552 525
internal_count=848 825 792 43 749 725 695 143 81 62 552 525
is_linear=0
shrinkage=0.3


Tree=138
num_leaves=17
num_cat=0
split_feature=22 18 18 6 4 21 22 14 7 21 1 10 1 22 13 2
split_gain=8.80426e-08 1.29285e-07 3.15749e-07 2.90806e-07 1.51804e-07 6.78931e-07 1.98596e-07 5.56703e-07 3.62832e-07 2.45859e-07 1.8553e-07 3.70591e-07 4.37404e-07 3.5977e-07 3.4948e-07 1.12426e-07
threshold=0.96313550000000003 -1.1286637035937181 -0.90363381202300219 -0.0022673740452099464 1173800.0000000002 0.40332750000000006 0.32527700000000004 0.018757390476080372 0.0071430402618955198 0.064997500000000014 3.5052224382341977 -1.8142039198403828 3.7858296269940666 0.099143000000000009 0.022327837896079204 3.4810116817123076
decision_type=2 2 2 2 2 2 2 2 2 2 2 2 2 2 2 2
left_child=1 3 -3 -1 5 -4 10 9 15 -8 13 -12 -13 14 -6 -9
right_child=-2 2 4 -5 6 -7 7 8 -10 -11 11 12 -14 -15 -16 -17
leaf_value=-1.3394930006143113e-05 1.8307658774574519e-05 -3.0633279155978244e-05 5.0429207833356205e-05 3.3627740972876598e-05 -4.8213024447250065e-05 -1.5306897488875209e-05 -1.6009300331158254e-05 -2.1521209407637799e-05 3.0994661274235112e-05 -5.3491412667686481e-05 -2.8861160220773081e-05 2.0586234289273382e-05 -1.8545781398515508e-06 3.1557858128508088e-05 -5.7990821208497058e-06 2.2061340842344912e-06
leaf_weight=20 23 32 26 29 20 31 36 32 30 28 26 144 171 20 139 41
leaf_count=20 23 32 26 29 20 31 36 32 30 28 26 144 171 20 139 41
internal_value=-8.81207e-14 -5.10395e-07 -1.4541e-06 1.44348e-05 -1.99082e-07 1.4678e-05 -1.43342e-06 -1.0434e-05 3.21954e-06 -3.24077e-05 1.45715e-06 5.56274e-06 8.40408e-06 -6.36411e-06 -1.11342e-05 -8.19489e-06
internal_weight=848 825 776 49 744 57 687 167 103 64 520 341 315 179 159 73
internal_count=848 825 776 49 744 57 687 167 103 64 520 341 315 179 159 73
is_linear=0
shrinkage=0.3


Tree=139
num_leaves=25
num_cat=0
split_feature=12 12 27 26 4 8 12 19 19 18 9 16 16 0 22 8 22 12 16 10 3 3 21 0
split_gain=9.27536e-08 2.51468e-07 2.63992e-07 3.02646e-07 2.21902e-07 2.07388e-07 4.00493e-07 1.99854e-07 2.29016e-07 3.06332e-07 1.83833e-07 1.76113e-07 4.89362e-07 4.8856e-07 4.02203e-07 3.94194e-07 3.13937e-07 3.28403e-07 3.10586e-07 3.77366e-07 2.9473e-07 3.63894e-07 3.2038e-07 1.05253e-07
threshold=-0.0031657008557905522 -0.0020433879798127138 0.78188000000000013 0.8065095000000001 4589250.0000000009 -0.040790965534684226 -0.00051452654553853911 0.021771500000000003 0.39932050000000008 -0.27961282830425355 0.020740445073773126 0.002450978100551904 0.0022272225816496365 3.9612562330443066 0.66258300000000003 0.002237105150764702 0.34839350000000008 0.0040614389188512838 0.0046457625072970224 0.57491469297269504 3.8641039133071904 3.7904679775238042 0.49171150000000002 3.5074945091165648
decision_type=2 2 2 2 2 2 2 2 2 2 2 2 2 2 2 2 2 2 2 2 2 2 2 2
left_child=4 2 -2 -4 7 6 -3 23 9 -9 -10 12 14 18 16 -14 17 -7 19 -13 21 -20 -22 -1
right_child=1 5 3 -5 -6 11 -8 8 10 -11 -12 13 15 -15 -16 -17 -18 -19 20 -21 22 -23 -24 -25
leaf_value=3.4748734342429089e-05 6.1954178850750653e-06 4.8313039904156622e-05 -5.5634963942081771e-05 -9.5533994242251891e-06 3.3860178111512062e-05 -1.0261892105333218e-05 -4.3046632708865212e-06 2.7343640665224354e-06 -1.2768751035504726e-05 -4.9143779515361528e-05 2.4969821554175443e-05 5.1539439027692419e-08 -1.7691385551188431e-06 3.8265372995738287e-05 3.059431665600901e-05 4.7597625005412711e-05 -4.3527038505999365e-05 2.6414463193052342e-05 -4.6724431051403393e-06 -4.9081266611745586e-05 -6.7763157858280469e-08 3.238260568098537e-05 -5.3122145904386077e-05 4.3394469262888642e-06
leaf_weight=20 28 23 23 29 23 118 30 21 21 20 26 24 24 21 28 37 20 27 161 34 20 28 21 21
leaf_count=20 28 23 23 29 23 118 30 21 21 20 26 24 24 21 28 37 20 27 161 34 20 28 21 21
internal_value=-9.47569e-14 -1.46624e-06 -1.72898e-05 -2.99356e-05 6.71385e-06 5.8876e-07 1.85294e-05 1.8738e-06 -6.18616e-06 -2.2572e-05 8.10791e-06 -1.10015e-06 4.75213e-06 -5.91076e-06 -2.65084e-06 2.81746e-05 -8.29245e-06 -3.4325e-06 -9.13193e-06 -2.87505e-05 -4.18466e-06 8.17194e-07 -2.7242e-05 1.91732e-05
internal_weight=848 696 80 52 152 616 53 129 88 41 47 563 254 309 193 61 165 145 288 58 230 189 41 41
internal_count=848 696 80 52 152 616 53 129 88 41 47 563 254 309 193 61 165 145 288 58 230 189 41 41
is_linear=0
shrinkage=0.3


Tree=140
num_leaves=29
num_cat=0
split_feature=7 27 27 20 21 0 9 13 26 24 9 17 9 3 16 0 6 5 5 26 8 16 12 1 14 24 19 14
split_gain=8.7478e-08 2.98669e-07 3.16497e-07 8.13711e-07 2.19956e-07 3.04532e-07 4.17165e-07 3.48154e-07 2.90904e-07 2.56533e-07 2.40044e-07 2.31663e-07 2.05794e-07 3.30549e-07 1.85707e-07 3.14762e-07 4.0461e-07 3.47526e-07 4.37099e-07 3.22531e-07 4.03224e-07 4.38401e-07 3.19561e-07 3.05988e-07 2.91197e-07 1.85602e-07 1.83698e-07 1.39321e-07
threshold=0.0096268553118364578 0.65747950000000011 0.8362885000000001 0.25493050000000006 0.72146750000000004 3.353774344134457 0.018411151555086054 0.025560887011313784 0.15463250000000003 0.41666650000000005 0.012100003802391877 0.0050188236738715397 0.016307999362483009 3.7014544010162358 0.0097087855094737854 3.7917923693335109 0.0022548832835212313 0.0023866720660102761 -0.0092808932887851626 0.43748800000000004 0.039175609251976128 0.0028369617915560666 0.0019405678352691716 3.7487044732263008 0.017014353215917644 0.41666650000000005 0.049692000000000007 0.021170253815946585
decision_type=2 2 2 2 2 2 2 2 2 2 2 2 2 2 2 2 2 2 2 2 2 2 2 2 2 2 2 2
left_child=4 -2 3 -3 9 7 8 -6 10 14 -7 -11 -4 25 15 19 24 18 -18 -1 22 -22 -21 -16 -17 -14 -12 -8
right_child=1 2 12 -5 5 6 27 -9 -10 11 26 -13 13 -15 23 16 17 -19 -20 20 21 -23 -24 -25 -26 -27 -28 -29
leaf_value=3.5306363399955883e-05 2.3189019020719571e-05 -7.3529265699273151e-05 1.679719557000066e-05 2.9830073344783159e-06 -3.9306932844088548e-05 1.9956504438596312e-05 6.0684351219606469e-05 1.3090023476252099e-05 3.9193003174204927e-05 -4.4399454235565861e-05 7.3809054421352415e-06 -1.3388208778699416e-06 1.7934863870088461e-05 -3.9765733359331537e-05 -3.2375258664751884e-05 -8.6998228487443277e-06 2.6316508865420474e-05 4.0342406992408546e-05 -3.2674834633675906e-05 6.2783004371017002e-06 -4.3367992514780391e-05 1.3973142488664181e-05 4.3535622578929175e-05 1.1922748766981227e-05 -5.0613829744878998e-05 -1.6087422571015648e-05 -2.9461619829691762e-05 2.5698171910854787e-05
leaf_weight=37 28 22 37 29 21 30 20 25 20 23 21 22 31 24 36 35 20 20 26 121 28 21 25 23 26 27 29 21
leaf_count=37 28 22 37 29 21 30 20 25 20 23 21 22 31 24 36 35 20 20 26 121 28 21 25 23 26 27 29 21
internal_value=-1.75954e-14 -5.52073e-06 -1.02494e-05 -3.00223e-05 1.6817e-06 1.03654e-05 1.72803e-05 -1.08303e-05 6.83167e-06 -1.82552e-06 -1.25866e-06 -2.33476e-05 -1.7753e-06 -1.01556e-05 4.91449e-07 3.05491e-06 -8.95134e-06 7.32777e-06 -7.02642e-06 9.6273e-06 4.75486e-06 -1.87932e-05 1.2658e-05 -1.51065e-05 -2.65648e-05 2.0969e-06 -1.39878e-05 4.27646e-05
internal_weight=848 198 170 51 650 187 141 46 100 463 80 45 119 82 418 359 127 66 46 232 195 49 146 59 61 58 50 41
internal_count=848 198 170 51 650 187 141 46 100 463 80 45 119 82 418 359 127 66 46 232 195 49 146 59 61 58 50 41
is_linear=0
shrinkage=0.3


Tree=141
num_leaves=30
num_cat=0
split_feature=18 4 4 18 12 4 10 15 5 22 14 8 4 16 2 17 7 12 6 6 2 2 10 5 1 4 7 6 2
split_gain=6.96888e-08 3.19834e-07 2.70462e-07 4.63448e-07 3.84447e-07 2.48173e-07 1.80848e-07 2.95269e-07 3.65681e-07 5.1961e-07 2.28794e-07 2.23687e-07 1.9978e-07 3.02354e-07 2.62692e-07 1.40951e-07 3.29837e-07 2.86274e-07 4.88695e-07 3.93429e-07 3.07477e-07 2.84472e-07 3.28606e-07 3.45326e-07 2.17407e-07 2.08307e-07 1.36547e-07 9.86601e-08 7.59086e-08
threshold=0.1093604232947928 3799300.0000000005 1807550.0000000002 0.31877141968576489 0.004939389469737032 3460450.0000000005 -0.17384510586637494 -1.0000000180025095e-35 0.0045349570445879115 0.011275500000000003 0.018369696627386408 0.031899030730136613 2810300.0000000005 0.01120447131680855 3.4937073903221711 0.0024721891866300856 -0.0084035660435943776 0.0019954117875428706 -0.002322993460292847 -0.0075379297687348966 3.7694036032417819 3.7644632080155205 1.5746021823222534 -0.0044591443601576033 3.4111362162817191 2453450.0000000005 -1.0000000180025095e-35 0.0077723210426580364 3.8492796631141553
decision_type=2 2 2 2 2 2 2 2 2 2 2 2 2 2 2 2 2 2 2 2 2 2 2 2 2 2 2 2 2
left_child=1 5 3 -2 6 15 10 -8 -9 -10 -4 -11 -12 14 -14 16 -1 18 19 -18 -20 22 23 25 -25 -17 -23 -3 -28
right_child=2 27 4 -5 -6 -7 7 8 9 11 12 -13 13 -15 -16 21 17 -19 20 -21 -22 26 -24 24 -26 -27 28 -29 -30
leaf_value=-2.0117295925219141e-05 5.9023737103416343e-05 3.3713386605645955e-05 -2.5362252616408415e-05 8.0890721960713557e-07 -3.5854824436910348e-05 -3.4417455299262653e-05 4.4242748072065293e-05 -2.0978318965977188e-05 5.6436340985653382e-05 2.0259043274961641e-05 -2.2571739781989727e-05 -1.4687112452971927e-05 3.8635394139419075e-06 -1.8832587015229206e-05 4.6478131757201325e-05 2.1953688535260729e-05 2.290656088916876e-05 -1.9908366293748256e-05 1.9196208544459432e-05 -3.4065247764374365e-05 6.8002987511915438e-05 -6.3551902198726209e-06 3.4774641490002979e-05 1.6647998927510344e-06 -2.4400419961239097e-05 -1.4377884314171752e-05 -4.8433402727141588e-05 5.6868669116738592e-06 -2.2295735643638181e-05
leaf_weight=37 20 26 36 32 25 24 20 35 21 32 22 34 30 23 23 49 24 20 26 20 21 23 20 45 80 20 20 20 20
leaf_count=37 20 26 36 32 25 24 20 35 21 32 22 34 30 23 23 49 24 20 26 20 21 23 20 45 80 20 20 20 20
internal_value=1.79077e-14 -2.29662e-06 3.22048e-06 2.31992e-05 -2.31002e-07 -4.73745e-06 2.99579e-06 1.04557e-05 4.9168e-06 1.53344e-05 -4.90945e-06 2.25648e-06 2.60383e-06 9.8915e-06 2.23567e-05 -3.0614e-06 4.4129e-06 1.25896e-05 1.97321e-05 -2.98972e-06 4.10035e-05 -7.05489e-06 -1.83856e-06 -5.61312e-06 -1.50169e-05 1.14228e-05 -2.47738e-05 2.15279e-05 -3.53646e-05
internal_weight=848 495 353 52 301 449 276 142 122 87 134 66 98 76 53 425 148 111 91 44 47 277 214 194 125 69 63 46 40
internal_count=848 495 353 52 301 449 276 142 122 87 134 66 98 76 53 425 148 111 91 44 47 277 214 194 125 69 63 46 40
is_linear=0
shrinkage=0.3


Tree=142
num_leaves=28
num_cat=0
split_feature=19 7 5 21 22 22 10 17 15 8 12 8 8 8 13 11 17 2 12 26 27 16 10 12 15 15 7
split_gain=7.37884e-08 1.89852e-07 1.5915e-07 1.07268e-07 1.68059e-07 1.35155e-07 2.09784e-07 4.41743e-07 3.81494e-07 2.55221e-07 1.37505e-07 3.31298e-07 3.05621e-07 2.92695e-07 2.453e-07 2.2429e-07 2.56226e-07 2.02064e-07 3.74341e-07 2.92004e-07 2.3278e-07 2.25326e-07 3.75094e-07 1.95689e-07 2.39037e-07 1.80051e-07 1.06125e-07
threshold=0.88176550000000009 0.002436220310745025 -1.0000000180025095e-35 0.029828000000000004 0.96313550000000003 0.011066500000000002 0.39888079659297798 0.007075409101562318 -0.0023419739874719985 -0.016102755862071067 0.00029617276055389822 0.020070281564161904 0.029292518314008305 0.002731259655347827 0.031380409132837704 44.787010504256621 0.0049019853623155094 3.4849314067830397 -0.0022137260638563062 0.20193050000000004 0.8621430000000001 0.0066452250547795614 0.23025942059353172 0.0025047149308689196 0.0047170028611754145 -1.0000000180025095e-35 -0.0023866533818705706
decision_type=2 2 2 2 2 2 2 2 2 2 2 2 2 2 2 2 2 2 2 2 2 2 2 2 2 2 2
left_child=3 2 -2 4 -1 6 8 -8 26 -10 14 13 -13 15 17 -12 -17 18 20 -20 -7 22 -19 -14 -25 -23 -5
right_child=1 -3 -4 5 -6 10 7 -9 9 -11 11 12 23 -15 -16 16 -18 21 19 -21 -22 25 -24 24 -26 -27 -28
leaf_value=-2.5519484124497219e-05 4.1349491357323129e-05 -1.0972548611789534e-05 3.9563491944656039e-06 -3.7069362051624914e-05 7.1364675971816042e-06 2.5418567971428271e-05 -9.7115854487128676e-07 -5.4196322486424596e-05 -2.7593327649810817e-06 3.7065453882080742e-05 2.7544137611325173e-05 -3.285485818196321e-05 2.1670248525669402e-05 4.3576868781966287e-05 2.7985917712731346e-05 -2.9548656948463757e-05 1.7368462233042173e-05 1.4758571226368811e-06 -2.4534330887862861e-06 -4.5678605685358556e-05 -1.3489299389250169e-05 1.0135149048957308e-05 4.4453379787821332e-05 -1.9400740489366633e-05 1.373384815603155e-05 -2.4168794921024529e-05 -6.1643055050808471e-06
leaf_weight=37 20 25 21 20 23 25 36 23 30 28 35 24 39 33 23 20 22 89 22 39 31 21 23 43 36 40 20
leaf_count=37 20 25 21 20 23 25 36 23 30 28 35 24 39 33 23 20 22 89 22 39 31 21 23 43 36 40 20
internal_value=8.26584e-14 9.63272e-06 2.21969e-05 -8.12992e-07 -1.30014e-05 1.99893e-07 -7.58661e-06 -2.172e-05 9.22239e-07 1.64664e-05 2.36358e-06 7.57946e-06 -1.9943e-06 1.99383e-05 -1.83579e-06 9.8075e-06 -4.97302e-06 -4.20097e-06 -1.38303e-05 -3.00892e-05 3.88028e-06 2.31136e-06 1.03016e-05 4.28243e-06 -4.30143e-06 -1.23592e-05 -2.16168e-05
internal_weight=848 66 41 782 60 722 157 59 98 58 565 252 142 110 313 77 42 290 117 61 56 173 112 118 79 61 40
internal_count=848 66 41 782 60 722 157 59 98 58 565 252 142 110 313 77 42 290 117 61 56 173 112 118 79 61 40
is_linear=0
shrinkage=0.3


Tree=143
num_leaves=28
num_cat=0
split_feature=14 5 28 8 7 14 15 17 11 5 16 14 3 3 9 9 27 3 18 20 28 9 13 13 13 4 8
split_gain=5.01499e-08 3.78969e-07 2.16362e-07 4.48827e-07 4.96322e-07 2.63733e-07 3.15945e-07 2.19612e-07 1.82265e-07 2.14565e-07 2.76904e-07 1.59163e-07 2.35605e-07 9.88314e-08 3.0622e-07 3.78029e-07 2.48002e-07 2.26857e-07 1.75198e-07 2.84899e-07 2.8723e-07 2.15938e-07 1.69403e-07 2.22073e-07 2.91231e-07 2.52757e-07 2.51219e-07
threshold=0.017014353215917644 0.0095465943612803496 1.0000000180025095e-35 0.0034173667760202015 -0.0047226104131730829 0.011641447943022664 0.0024095928799381296 0.0024630225110596651 61.50796868513391 0.0022548832835212313 0.002610994744582091 0.0186916257483585 3.5339771509170537 3.4495284557342534 0.02301625330812097 0.028152077504570664 0.88132700000000008 3.4219224452972417 -0.38906525981207224 0.04042550000000001 1.0000000180025095e-35 0.02341374605031275 0.026922360848690093 0.023685643635787363 0.022172513360483825 5599650.0000000009 0.0073887377892001786
decision_type=2 2 2 2 2 2 2 2 2 2 2 2 2 2 2 2 2 2 2 2 2 2 2 2 2 2 2
left_child=1 2 5 4 -4 6 7 -1 9 10 -7 12 -2 17 22 -16 -17 18 -13 -20 21 -21 23 24 25 -15 -25
right_child=11 -3 3 -5 -6 8 -8 -9 -10 -11 -12 13 -14 14 15 16 -18 -19 19 20 -22 -23 -24 26 -26 -27 -28
leaf_value=3.0230725187152528e-06 6.4959773631017019e-06 4.1042356046587386e-05 3.0014509477496176e-05 3.6345219412991213e-05 -3.0997093672340272e-05 -3.8779226961196401e-05 -1.7267957027797819e-05 4.6948573435656725e-05 -3.7128604453755543e-05 1.364324846560651e-05 1.044218987028051e-06 -2.0443841970398032e-05 -3.1203734054518436e-05 5.008449414712824e-06 5.47853792438348e-05 2.8386130863757651e-05 -1.6659455511878397e-05 -3.3314787260283276e-05 3.570127007281241e-05 3.2887768454450205e-05 -2.5668047245827356e-05 -3.2490705537028308e-06 -2.5982790768229397e-05 3.8228514045436494e-05 -3.841129039756197e-05 -3.1237217948500982e-05 -1.6594756471022263e-06
leaf_weight=20 25 22 20 39 30 30 25 21 25 28 33 34 37 129 21 22 22 23 21 22 33 46 23 27 20 20 30
leaf_count=20 25 22 20 39 30 30 25 21 25 28 33 34 37 129 21 22 22 23 21 22 33 46 23 27 20 20 30
internal_value=-4.20092e-14 3.1752e-06 1.01114e-07 1.22229e-05 -6.59245e-06 -5.82659e-06 9.31337e-06 2.55215e-05 -1.44407e-05 -8.20777e-06 -1.79193e-05 -1.67628e-06 -1.60022e-05 1.25365e-07 3.33242e-06 2.16689e-05 5.86334e-06 -5.50042e-06 -1.39959e-06 3.90783e-06 -2.70269e-06 8.44226e-06 -1.45421e-06 1.04206e-06 -4.41941e-06 1.43259e-07 1.72348e-05
internal_weight=848 293 271 89 50 182 66 41 116 91 63 555 62 493 314 65 44 179 156 122 101 68 249 226 169 149 57
internal_count=848 293 271 89 50 182 66 41 116 91 63 555 62 493 314 65 44 179 156 122 101 68 249 226 169 149 57
is_linear=0
shrinkage=0.3


Tree=144
num_leaves=22
num_cat=0
split_feature=17 17 15 12 2 27 1 7 10 8 8 3 8 12 13 12 21 26 9 7 27
split_gain=5.90274e-08 2.61858e-07 2.00343e-07 3.26003e-07 2.17824e-07 1.24651e-07 2.88038e-07 1.12059e-07 1.18306e-07 2.0695e-07 3.15878e-07 4.17207e-07 1.50685e-07 3.85908e-07 2.32935e-07 3.30584e-07 2.06976e-07 3.25331e-07 2.48631e-07 1.55055e-07 1.66766e-07
threshold=0.011627950817908799 0.012422550360502839 -0.0045766785099291577 -0.0014275884132672713 3.4427471891769756 0.94948350000000004 3.5778930283505446 0.028047074120650401 1.2723396351283982 0.053973633211984909 0.03591167433243888 3.83484959602356 -0.00725682868447364 0.0019954117875428706 0.017100172092395827 -6.3425187707430704e-05 0.13200800000000004 0.5973710000000001 0.014330558317489655 0.0047733997601486838 0.91880200000000001
decision_type=2 2 2 2 2 2 2 2 2 2 2 2 2 2 2 2 2 2 2 2 2
left_child=5 -2 -3 -4 -5 7 -7 8 12 10 11 -10 13 14 -1 -16 19 18 -18 20 -14
right_child=1 2 3 4 -6 6 -8 -9 9 -11 -12 -13 16 -15 15 -17 17 -19 -20 -21 -22
leaf_value=2.7673273066634114e-05 3.6540783613807956e-05 2.1559097550725081e-05 1.9793288721656509e-05 -4.361596472170442e-05 -5.5211552652118764e-06 -4.3416654216343885e-05 3.0622122812928863e-06 -1.8926509028460714e-05 4.943231373886192e-05 3.2778261033665024e-05 -2.35181283844415e-05 -1.0435769110534404e-05 1.306657411785434e-05 4.2921480430127956e-05 1.9621970803003037e-06 -3.1684428964524611e-05 -2.3067624229392655e-05 -4.1431882456371177e-05 2.5075573462345345e-06 2.7004430705801493e-05 -2.2578923627796549e-05
leaf_weight=26 21 29 27 22 35 20 30 27 20 27 27 22 27 21 212 30 52 28 100 24 21
leaf_count=26 21 29 27 22 35 20 30 27 20 27 27 22 27 21 212 30 52 28 100 24 21
internal_value=8.38574e-15 5.77759e-06 6.05395e-08 -7.36158e-06 -2.02244e-05 -1.08431e-06 -1.55293e-05 3.41762e-09 8.05785e-07 1.05113e-05 1.79811e-06 1.80728e-05 -9.16447e-07 3.75886e-06 6.90142e-07 -2.20887e-06 -6.2782e-06 -1.17159e-05 -6.24185e-06 7.31592e-06 -2.52833e-06
internal_weight=848 134 113 84 57 714 50 664 637 96 69 42 541 289 268 242 252 180 152 72 48
internal_count=848 134 113 84 57 714 50 664 637 96 69 42 541 289 268 242 252 180 152 72 48
is_linear=0
shrinkage=0.3


Tree=145
num_leaves=22
num_cat=0
split_feature=20 7 12 15 9 8 10 22 18 20 3 11 3 20 26 19 26 11 11 17 18
split_gain=5.64712e-08 1.87638e-07 2.11819e-07 2.48955e-07 1.67273e-07 3.16454e-07 1.85308e-07 1.66123e-07 1.66887e-07 1.25507e-07 2.27048e-07 8.2035e-08 1.02614e-07 1.91455e-07 1.14581e-07 2.91381e-07 1.75486e-07 1.27468e-07 1.35169e-07 1.21364e-07 5.65187e-08
threshold=0.60195450000000006 0.0048721706875885064 0.002586353596640942 0.015873273695307905 0.014610804451789998 0.0096745880915350049 -1.0551382383165195 0.016242000000000003 -0.12542390149662816 0.47465100000000005 3.5205532312393193 65.476144409227302 3.94826352596283 0.10697200000000001 0.061141000000000008 0.039905000000000003 0.077724000000000015 61.50796868513391 50.909093995045893 0.0029112114907162119 0.063088310442933726
decision_type=2 2 2 2 2 2 2 2 2 2 2 2 2 2 2 2 2 2 2 2 2
left_child=9 2 3 4 -2 6 -6 -3 -9 11 -11 12 14 -14 15 19 -16 18 -18 -1 -21
right_child=1 7 -4 -5 5 -7 -8 8 -10 10 -12 -13 13 -15 16 -17 17 -19 -20 20 -22
leaf_value=1.7553295050934788e-05 -4.1243611086918876e-06 -3.013236667832395e-05 3.7455067418208765e-05 -2.5139585172837542e-05 1.7218198585892837e-05 -7.5588897031949541e-06 5.7117666810881924e-05 2.1464240268999544e-05 -1.3914410828874679e-05 -3.8726984844185026e-05 8.6348842103234342e-07 1.3330787743071644e-05 3.1761595464954353e-05 -7.3842404168028056e-06 2.3179685796195473e-05 -3.880203355667898e-05 -4.70513025227096e-06 -2.1332571111949099e-05 7.6087181542334288e-06 -2.0412482216097091e-05 1.3933481295680394e-06
leaf_weight=21 39 22 22 20 22 23 20 21 28 22 32 38 23 22 27 26 224 28 125 23 20
leaf_count=21 39 22 22 20 22 23 20 21 28 22 32 38 23 22 27 26 224 28 125 23 20
internal_value=3.65192e-14 4.17467e-06 1.03265e-05 5.51337e-06 1.14082e-05 2.07277e-05 3.62179e-05 -8.47558e-06 1.24787e-06 -1.43566e-06 -1.5266e-05 -1.41318e-07 -1.09111e-06 1.26236e-05 -2.34043e-06 -1.20206e-05 -1.8396e-07 -1.85722e-06 -2.94726e-07 -1.14064e-06 -1.02702e-05
internal_weight=848 217 146 124 104 65 42 71 49 631 54 577 539 45 494 90 404 377 349 64 43
internal_count=848 217 146 124 104 65 42 71 49 631 54 577 539 45 494 90 404 377 349 64 43
is_linear=0
shrinkage=0.3


Tree=146
num_leaves=22
num_cat=0
split_feature=11 11 17 7 4 10 13 10 18 20 5 15 22 8 8 16 7 16 5 5 5
split_gain=5.68042e-08 7.02652e-08 3.66653e-07 2.18362e-07 2.41383e-07 1.47693e-07 2.07588e-07 1.22712e-07 2.96403e-07 2.19488e-07 1.46066e-07 1.10129e-07 1.09057e-07 2.9773e-07 2.49844e-07 1.90117e-07 3.15666e-07 2.09627e-07 1.73863e-07 3.25254e-07 1.18545e-07
threshold=70.940890448843064 60.804572804978683 0.0023808934520945335 -0.0045716936351172192 3223700.0000000005 1.4018830033409351 0.023014733989921668 0.64584449983735726 -0.20868560575961559 0.48154150000000007 0.0022911594382499941 -0.0026739662845854241 0.038487500000000008 0.021913524081634873 0.01492646138216934 0.0023923993522771566 0.0022726790330527078 0.0048367618413559252 0.011876778064342288 0.0046728812517494393 -0.0047226104131730829
decision_type=2 2 2 2 2 2 2 2 2 2 2 2 2 2 2 2 2 2 2 2 2
left_child=1 5 -3 -4 11 7 -7 12 10 -10 -9 -5 13 15 18 16 -1 -17 19 -14 -16
right_child=-2 2 3 4 -6 6 -8 8 9 -11 -12 -13 14 -15 20 17 -18 -19 -20 -21 -22
leaf_value=-2.7877944162923995e-05 -1.5798422227817353e-05 -2.1404978351711179e-05 -6.6126655001426116e-06 2.8459024414928534e-05 5.1840426150110112e-05 9.3393951817090145e-07 -3.2146715755281487e-05 8.1187983075830577e-06 6.9820367054324542e-06 4.3094334267022656e-05 -2.6860355241556783e-05 -3.0236205884648372e-06 -3.1604602874891121e-06 3.2180201570294486e-05 -4.3836241739256825e-05 2.1025445438191618e-05 1.1350533137601815e-05 -1.3925860543572021e-06 -2.7445784365097228e-05 3.650731992560655e-05 -1.1172797107974476e-05
leaf_weight=48 20 30 25 20 22 38 31 22 33 28 21 20 163 28 20 52 30 135 21 21 20
leaf_count=48 20 30 25 20 22 38 31 22 33 28 21 20 163 28 20 52 30 135 21 21 20
internal_value=1.49013e-14 3.81604e-07 7.19429e-06 1.70561e-05 2.66e-05 -7.3947e-07 -1.39284e-05 6.7803e-07 1.01115e-05 2.35582e-05 -8.96404e-06 1.27177e-05 -1.14554e-06 2.76022e-06 -5.8165e-06 -3.48307e-07 -1.27901e-05 4.84131e-06 -1.5847e-06 1.36684e-06 -2.75045e-05
internal_weight=848 828 117 87 62 711 69 642 104 61 43 40 538 293 245 265 78 187 205 184 40
internal_count=848 828 117 87 62 711 69 642 104 61 43 40 538 293 245 265 78 187 205 184 40
is_linear=0
shrinkage=0.3


Tree=147
num_leaves=18
num_cat=0
split_feature=12 10 11 16 22 27 10 11 11 18 21 14 27 0 10 26 14
split_gain=4.86811e-08 5.17617e-08 4.60676e-08 1.3433e-07 1.29961e-07 1.00837e-07 9.10267e-08 6.19223e-08 7.55033e-08 3.77616e-07 1.38756e-07 2.13386e-07 1.33539e-07 1.90475e-07 1.20169e-07 1.55561e-07 1.27934e-07
threshold=-0.0058203441213823927 -1.5759684156655254 38.74780750892063 0.0024183808509593736 0.026513000000000005 0.85977100000000017 -1.7211394970020812 40.449556870196687 44.571762553043207 -0.26879293462236542 0.9124405000000001 0.023029696601633707 0.80296550000000011 3.6675271038204307 -0.8276025950659277 0.068650000000000017 0.018986264159499801
decision_type=2 2 2 2 2 2 2 2 2 2 2 2 2 2 2 2 2
left_child=1 -1 3 -2 5 -5 -4 -8 9 -9 14 -12 -11 -14 16 -16 -10
right_child=2 -3 6 4 -6 -7 7 8 10 12 11 -13 13 -15 15 -17 -18
leaf_value=-5.7588041045164564e-07 -2.5087910503666185e-05 2.100779854117718e-05 1.6197856490590867e-05 -4.6365045000129607e-06 -1.7566156557914718e-05 2.5127969339726923e-05 1.4235058100894093e-05 2.0251857500220969e-05 -2.2546542121072768e-06 -2.4544697316741802e-06 3.4742483603622527e-05 -6.8318527701194394e-06 -1.1775671455325209e-05 -5.3179463302512884e-05 -2.3401704411298851e-05 -1.0965546740840883e-06 2.9387503633168544e-05
leaf_weight=20 26 20 31 20 23 21 25 27 23 20 25 20 20 20 30 454 23
leaf_count=20 26 20 31 20 23 21 25 27 23 20 25 20 20 20 30 454 23
internal_value=4.51262e-14 1.0216e-05 -5.05741e-07 -6.90389e-06 4.8337e-07 1.06087e-05 2.96256e-07 -4.21284e-07 -9.74771e-07 -9.2114e-06 2.71467e-07 1.6265e-05 -2.24699e-05 -3.24776e-05 -1.08647e-06 -2.47911e-06 1.35664e-05
internal_weight=848 40 808 90 64 41 718 687 662 87 575 45 60 40 530 484 46
internal_count=848 40 808 90 64 41 718 687 662 87 575 45 60 40 530 484 46
is_linear=0
shrinkage=0.3


Tree=148
num_leaves=18
num_cat=0
split_feature=5 15 5 5 18 5 5 20 18 15 22 11 28 7 8 20 22
split_gain=4.52024e-08 2.58549e-07 3.02578e-07 1.24116e-07 3.31689e-07 1.23129e-07 3.80047e-07 2.20651e-07 2.614e-07 1.88675e-07 1.30954e-07 1.16124e-07 1.04535e-07 4.73735e-07 1.29339e-07 9.79097e-08 8.54779e-08
threshold=0.018626897121511915 0.016222660263624029 0.014779393356072595 0.026037515437629121 -0.18360441286257567 0.0052016693312907335 0.0046728812517494393 0.077187500000000006 -0.23881679469081848 0.009245005244316892 0.015234000000000003 33.634115332074842 1.0000000180025095e-35 -0.0093023965524082364 0.018121339884867024 0.19103450000000002 0.022214000000000005
decision_type=2 2 2 2 2 2 2 2 2 2 2 2 2 2 2 2 2
left_child=1 2 5 4 -2 6 11 -7 9 -9 -10 15 14 -14 -13 -1 -5
right_child=3 -3 -4 16 -6 7 -8 8 10 -11 -12 12 13 -15 -16 -17 -18
leaf_value=3.0091118987911613e-05 -1.1425038025793453e-05 -2.8060259764970397e-05 3.6747912630517022e-05 -1.9696548554293256e-05 3.8845771081873358e-05 1.4120139266635996e-05 3.9889494643251635e-05 -1.6870610694319983e-05 -4.2067064884665134e-05 2.2460016901147486e-05 -1.3489055557632431e-05 -3.9916137151409937e-07 -2.0778720879795456e-05 1.2961252729445866e-05 -1.3018491464144248e-05 4.0631980937178017e-07 6.6164013842353598e-06
leaf_weight=20 21 30 20 20 27 29 22 23 31 21 27 207 51 141 113 20 25
leaf_count=20 21 30 20 20 27 29 22 23 31 21 27 207 51 141 113 20 25
internal_value=-3.68108e-14 -7.68727e-07 3.60577e-07 6.24074e-06 1.68523e-05 -6.71687e-07 1.22234e-06 -8.97071e-06 -1.55358e-05 1.90083e-06 -2.87635e-05 -3.18741e-07 -1.53495e-06 3.99907e-06 -4.85536e-06 1.52487e-05 -5.07824e-06
internal_weight=848 755 725 93 48 705 574 131 102 44 58 552 512 192 320 40 45
internal_count=848 755 725 93 48 705 574 131 102 44 58 552 512 192 320 40 45
is_linear=0
shrinkage=0.3


Tree=149
num_leaves=28
num_cat=0
split_feature=8 8 8 18 18 15 21 15 7 7 11 8 6 15 2 8 1 18 14 21 12 6 1 26 26 27 9
split_gain=4.83119e-08 2.91629e-07 1.94902e-07 1.45472e-07 1.08876e-07 2.22168e-07 2.03649e-07 1.04645e-07 9.9802e-08 1.01149e-07 1.56545e-07 1.22044e-07 9.90662e-08 1.56379e-07 1.41513e-07 2.18127e-07 2.17574e-07 1.92471e-07 2.94732e-07 2.17061e-07 1.90508e-07 2.31161e-07 2.33609e-07 1.6785e-07 1.22569e-07 1.08133e-07 8.82688e-08
threshold=0.021913524081634873 0.024895209165263773 0.019770710741549017 -0.69148895776759767 -0.10905914618906948 -0.0047846846286744033 0.49171150000000002 -1.0000000180025095e-35 -0.0097207015421714952 0.0023866720660102761 63.89692587672581 0.043617541082980583 -0.019705568132679385 0.0046565792030586819 3.6605584513024145 -0.034276413485081113 3.6659183674616069 0.15052582813481677 0.020238896050265187 0.88562950000000018 0.0014524070662596269 0.0046728812517494393 3.8615922258618656 0.46667650000000011 0.86083250000000011 0.88435900000000012 0.021834919297428132
decision_type=2 2 2 2 2 2 2 2 2 2 2 2 2 2 2 2 2 2 2 2 2 2 2 2 2 2 2
left_child=2 -2 12 7 6 -6 26 -3 -7 10 -10 -11 13 -1 16 -16 17 19 -19 24 21 22 -17 -23 -14 -20 -5
right_child=1 3 -4 4 5 8 -8 -9 9 11 -12 -13 14 -15 15 20 -18 18 25 -21 -22 23 -24 -25 -26 -27 -28
leaf_value=4.4695143269318328e-08 3.7230293518015449e-05 2.3436586947024228e-06 -3.0675650299372138e-05 1.3491415224312472e-05 3.0375332815830393e-05 1.5536445690403605e-05 -3.488831183560137e-05 3.2326959793635975e-05 -3.9266136319873536e-07 -1.6374409720551089e-05 -3.399225501539149e-05 1.2259654221993146e-05 -3.750306242191653e-06 -3.1456076802620055e-05 -2.6965896548812024e-05 -2.3819009694258004e-05 3.470638325130234e-05 3.5775262258940688e-05 -1.0755364308517364e-05 -2.7756580528175739e-05 -2.3458310842475581e-05 3.6802212719067027e-06 6.3031880849225227e-06 3.8161223267252352e-05 1.8559759864297904e-05 1.2718288101160923e-05 -1.4356471201608656e-05
leaf_weight=37 21 22 20 21 21 22 24 20 26 21 24 37 94 23 34 37 21 34 33 28 28 27 62 24 29 38 20
leaf_count=37 21 22 20 21 21 22 24 20 26 21 24 37 94 23 34 37 21 34 33 28 28 27 62 24 29 38 20
internal_value=3.00012e-14 3.23373e-06 -1.58561e-06 4.66572e-07 -2.67465e-06 1.7444e-06 -1.29404e-05 1.66214e-05 -2.88059e-06 -6.63221e-06 -1.65205e-05 1.89215e-06 -5.25863e-07 -1.20306e-05 8.85761e-07 -4.94785e-06 5.35047e-06 2.94237e-06 1.28069e-05 -3.91709e-06 -7.42152e-07 3.4982e-06 -4.9546e-06 1.99066e-05 1.50979e-06 1.808e-06 -9.29196e-08
internal_weight=848 279 569 258 216 151 65 42 130 108 50 58 549 60 489 212 277 256 105 151 178 150 99 51 123 71 41
internal_count=848 279 569 258 216 151 65 42 130 108 50 58 549 60 489 212 277 256 105 151 178 150 99 51 123 71 41
is_linear=0
shrinkage=0.3


Tree=150
num_leaves=24
num_cat=0
split_feature=22 29 15 13 4 14 7 17 14 18 9 18 3 22 13 26 16 7 18 4 11 6 27
split_gain=6.30505e-08 1.38352e-07 1.09416e-07 1.30991e-07 1.60204e-07 1.21556e-07 1.21333e-07 9.17864e-08 7.97965e-08 9.62312e-08 2.56242e-07 2.20169e-07 1.62825e-07 1.56234e-07 2.75505e-07 1.38332e-07 2.18848e-07 2.14355e-07 2.57096e-07 1.49148e-07 9.57388e-08 1.6047e-07 3.65145e-08
threshold=0.32527700000000004 1.5000000000000002 0.0093567845195221492 0.021676958711207939 1589100.0000000002 0.018757390476080372 -1.0000000180025095e-35 0.0045871758298128658 0.00842755686238701 -0.32512461276562959 0.012055625020282549 -0.25999945420247744 3.94826352596283 0.012340500000000003 0.023557981255952366 0.064015000000000016 0.0052424992553063614 0.0044894702029136648 0.70328082656182833 2127900.0000000005 58.129726191548009 0.0024814096637680622 0.89133200000000012
decision_type=2 2 2 2 2 2 2 2 2 2 2 2 2 2 2 2 2 2 2 2 2 2 2
left_child=8 2 3 7 -5 -6 -7 -2 -1 10 -10 -11 15 14 -12 16 -13 18 -17 -19 21 22 -15
right_child=1 -3 -4 4 5 6 -8 -9 9 11 13 12 -14 20 -16 17 -18 19 -20 -21 -22 -23 -24
leaf_value=1.851242338943848e-05 -2.6473799557891198e-05 -2.2580289314078073e-05 1.416459004049637e-05 2.4879620735873686e-05 -2.0303550377320787e-05 -1.0353303433357327e-05 2.0461689983557847e-05 -3.5690816847847831e-06 -3.2409345834156947e-05 3.0715834487637038e-05 3.868647448489975e-05 -2.9215305807263254e-05 2.370595595462583e-05 7.2340967810966744e-06 -4.9245876283521284e-06 1.5511701108943784e-05 5.3507441101885432e-06 -2.3219469086430573e-05 -9.0698059850337636e-06 4.3973606842393144e-07 6.4868317777340547e-06 -2.986243616305728e-05 -1.0050441838674568e-05
leaf_weight=24 32 32 34 22 27 23 23 31 26 25 22 34 28 22 32 138 32 38 53 65 33 30 22
leaf_count=24 32 32 34 22 27 23 23 31 26 25 22 34 28 22 32 138 32 38 53 65 33 30 22
internal_value=5.49736e-14 -4.31753e-06 -1.27374e-06 -4.59591e-06 2.43841e-06 -4.3247e-06 5.05419e-06 -1.52032e-05 1.54988e-06 8.71383e-07 -4.77484e-06 3.4279e-06 1.66966e-06 -3.12122e-07 1.28429e-05 -4.42737e-08 -1.2456e-05 2.74203e-06 8.69065e-06 -8.2889e-06 -6.9511e-06 -1.29437e-05 -1.40817e-06
internal_weight=848 224 192 158 95 73 46 63 624 600 187 413 388 161 54 360 66 294 191 103 107 74 44
internal_count=848 224 192 158 95 73 46 63 624 600 187 413 388 161 54 360 66 294 191 103 107 74 44
is_linear=0
shrinkage=0.3


Tree=151
num_leaves=25
num_cat=0
split_feature=14 19 7 21 13 15 2 1 17 6 7 10 9 27 15 2 22 7 14 8 4 12 1 28
split_gain=5.19659e-08 1.855e-07 1.24027e-07 1.74895e-07 8.14673e-08 1.42019e-07 1.232e-07 1.07777e-07 1.63468e-07 1.06893e-07 2.22333e-07 2.94788e-07 1.74235e-07 1.51736e-07 1.55228e-07 2.38602e-07 2.1314e-07 1.89625e-07 2.76708e-07 1.37702e-07 1.34381e-07 1.27324e-07 8.0942e-08 7.20596e-08
threshold=0.032491268533449351 0.73169300000000004 -0.006726420475651214 0.57711350000000017 0.027153474957240301 0.009638544803331173 3.4820575425905989 3.4892707793449316 0.0058910583510396056 -0.007009360682829536 -0.002481403911677 -0.0785321710180691 0.017863648632084284 0.9512020000000001 -0.0071259811160037751 3.5114092582717285 0.0085210000000000025 0.0023528297313892099 0.02256488597216743 0.053973633211984909 2026150.0000000002 0.000166750596953212 3.8049154881401175 1.0000000180025095e-35
decision_type=2 2 2 2 2 2 2 2 2 2 2 2 2 2 2 2 2 2 2 2 2 2 2 2
left_child=4 2 -2 -4 9 6 7 8 -6 10 11 22 21 14 15 -11 -16 19 -19 -18 -17 23 -1 -12
right_child=1 -3 3 -5 5 -7 -8 -9 -10 13 12 -13 -14 -15 16 20 17 18 -20 -21 -22 -23 -24 -25
leaf_value=1.7629703313559732e-05 -1.6779288375496595e-05 3.0015304792354783e-05 -8.5620746504714991e-06 2.2096459076023808e-05 9.4877848061662152e-06 -3.0930061602703058e-05 -2.2170466250827304e-05 2.0453579786914942e-05 -1.9793273712309655e-05 3.0429276667250219e-05 -1.612905697129463e-05 5.0604326661414232e-05 -1.891508247050903e-05 -2.7504140093981276e-05 -3.1839627162417341e-05 -1.4745357191259245e-05 -1.1575022607726638e-05 2.1612217885395945e-07 3.6927221718423935e-05 1.4979204424889756e-05 1.2539034833025653e-05 2.3895955615444107e-05 -6.6544548953321021e-06 9.3373238723870599e-06
leaf_weight=30 28 23 33 34 37 20 25 21 32 33 20 20 36 20 23 32 145 94 23 20 33 25 21 20
leaf_count=30 28 23 33 34 37 20 25 21 32 33 20 20 36 20 23 32 145 94 23 20 33 25 21 20
internal_value=4.54479e-15 5.84121e-06 -1.14624e-08 6.99599e-06 -9.44196e-07 -7.59759e-06 -3.53977e-06 1.63543e-06 -4.09184e-06 5.65397e-07 6.87125e-06 1.97357e-05 -2.17207e-06 -1.99869e-06 -7.32906e-07 9.65411e-06 -4.07037e-06 -1.80551e-06 7.43283e-06 -8.35633e-06 -8.93281e-07 7.10099e-06 7.63034e-06 -3.39587e-06
internal_weight=848 118 95 67 730 135 115 90 69 595 172 71 101 423 403 98 305 282 117 165 65 65 51 40
internal_count=848 118 95 67 730 135 115 90 69 595 172 71 101 423 403 98 305 282 117 165 65 65 51 40
is_linear=0
shrinkage=0.3


Tree=152
num_leaves=28
num_cat=0
split_feature=10 10 10 13 13 18 17 26 6 14 5 27 10 21 7 11 22 3 2 16 13 7 27 16 3 22 15
split_gain=4.20324e-08 2.22484e-07 1.93797e-07 1.43933e-07 2.81691e-07 2.5994e-07 2.3961e-07 2.9588e-07 1.36809e-07 1.36551e-07 1.5975e-07 1.17325e-07 1.11548e-07 1.07451e-07 1.04766e-07 1.5883e-07 1.93934e-07 7.68784e-08 1.57587e-07 1.80655e-07 2.42833e-07 2.11593e-07 1.70375e-07 1.35498e-07 1.05144e-07 8.2643e-08 7.45531e-08
threshold=0.16077734815103009 -0.065421695684577508 0.27228175424625439 0.022632757564649521 0.021982804838690379 -0.14316655788978236 0.0023584884441207672 0.39193300000000003 0.0045507125326679733 0.023544875651289165 0.0094228739578848444 0.78606500000000012 -0.17384510586637494 0.48847100000000004 -0.0069931313090084391 59.975016821497185 0.057164000000000006 3.8570154905319218 3.7386168404776172 0.0051347916225565867 0.019636648333884094 -0.015645777052791184 0.93187150000000007 0.0024331456343007515 3.9116612672805791 0.0096350000000000029 0.023665781940283997
decision_type=2 2 2 2 2 2 2 2 2 2 2 2 2 2 2 2 2 2 2 2 2 2 2 2 2 2 2
left_child=1 12 -2 4 5 8 -7 -8 -4 14 -11 -12 17 -3 -5 16 -16 18 19 20 -1 -22 25 -20 -19 -21 -13
right_child=2 13 3 9 -6 6 7 -9 -10 10 11 26 -14 -15 15 -17 -18 24 23 22 21 -23 -24 -25 -26 -27 -28
leaf_value=3.5643524279294069e-05 2.6328449608367266e-05 -7.3034509614444686e-06 -2.7178563348684291e-05 1.1473628680558997e-06 3.5640081499038317e-05 -1.1386319487706311e-05 4.8329830315196885e-05 4.8239483342459766e-06 3.5532884019382687e-06 2.0080619097742863e-05 -2.4668559431120228e-05 -1.0007741557274131e-05 1.8769520827138168e-05 -3.802856299931331e-05 -5.2311490500187573e-05 -2.1593831908423203e-06 -1.1033817515583775e-05 2.1513383448391636e-05 -3.5776513465696716e-05 9.5586685958437559e-06 2.8049850342263788e-05 -3.833083475611413e-06 -3.33984562621481e-05 -5.1922872529530647e-06 -6.3600236184616474e-06 -8.328141222645012e-06 1.5299950392876448e-05
leaf_weight=23 28 20 32 34 26 27 24 34 22 33 20 20 27 21 20 29 21 29 22 32 23 101 20 32 21 85 22
leaf_count=23 28 20 32 34 26 27 24 34 22 33 20 20 27 21 20 29 21 29 22 32 23 101 20 32 21 85 22
internal_value=-6.64424e-14 -1.95829e-06 2.27801e-06 4.27971e-07 6.97939e-06 1.6184e-06 1.19588e-05 2.28264e-05 -1.46582e-05 -5.00411e-06 3.21825e-06 -5.75689e-06 1.24556e-07 -2.30407e-05 -1.25149e-05 -1.91509e-05 -3.11693e-05 -1.1729e-06 -2.79708e-06 2.75438e-08 7.33201e-06 2.08069e-06 -7.8101e-06 -1.76525e-05 9.80655e-06 -3.43602e-06 3.24867e-06
internal_weight=848 456 392 364 165 139 85 58 54 199 95 62 415 41 104 70 41 388 338 284 147 124 137 54 50 117 42
internal_count=848 456 392 364 165 139 85 58 54 199 95 62 415 41 104 70 41 388 338 284 147 124 137 54 50 117 42
is_linear=0
shrinkage=0.3


Tree=153
num_leaves=15
num_cat=0
split_feature=0 3 4 2 4 2 21 26 14 27 12 27 15 16
split_gain=4.77591e-08 5.2041e-08 1.77494e-07 4.62381e-08 1.56894e-07 1.01412e-07 5.27633e-08 1.64381e-07 1.15263e-07 1.11006e-07 1.69111e-07 1.03505e-07 1.26086e-07 8.55515e-08
threshold=3.9971454227519554 3.9541758298873906 2810300.0000000005 3.8821817051837928 2486250.0000000005 3.86257965710853 0.72146750000000004 0.2284535 0.0093677234619338311 0.7959885000000001 -0.00086673448023864494 0.84885800000000011 -0.0082873811676951441 0.0055172795454287099
decision_type=2 2 2 2 2 2 2 2 2 2 2 2 2 2
left_child=1 3 -3 5 -5 6 7 -1 -9 10 -8 -11 -13 -10
right_child=-2 2 -4 4 -6 -7 9 8 13 11 -12 12 -14 -15
leaf_value=-2.78763365161337e-05 -1.448610270713857e-05 2.8791375711000949e-05 -8.4790437481190203e-06 -2.2774687710693797e-05 1.1528456452083447e-05 2.1444607291414286e-05 3.5740687843082758e-05 -2.2491606263689132e-05 3.1848394409992777e-06 -1.7961351736062168e-05 -1.8968250775027886e-06 -1.2676238665174904e-05 8.2041225728308081e-06 -5.4668704129640513e-06
leaf_weight=21 20 23 23 30 20 20 22 21 302 24 21 34 111 156
leaf_count=21 20 23 23 30 20 20 22 21 302 24 21 34 111 156
internal_value=9.62123e-15 3.49906e-07 1.01562e-05 -2.26933e-07 -9.05343e-06 3.7597e-07 -2.15846e-07 -1.89747e-06 -7.58526e-07 3.75026e-06 1.73596e-05 2.87533e-07 3.30804e-06 2.37969e-07
internal_weight=848 828 46 782 50 732 712 500 479 212 43 169 145 458
internal_count=848 828 46 782 50 732 712 500 479 212 43 169 145 458
is_linear=0
shrinkage=0.3


Tree=154
num_leaves=27
num_cat=0
split_feature=2 0 3 12 12 20 27 4 5 27 12 9 26 5 5 5 17 6 17 14 22 12 18 14 15 2
split_gain=3.28036e-08 1.35033e-07 1.0033e-07 1.00994e-07 9.98568e-08 1.63829e-07 8.40412e-08 8.15402e-08 1.77717e-07 1.2988e-07 1.20263e-07 1.62454e-07 1.38163e-07 7.29943e-08 1.86449e-07 1.64091e-07 1.96477e-07 1.67709e-07 1.51333e-07 1.28942e-07 1.12186e-07 8.39027e-08 6.78015e-08 1.27655e-07 7.55215e-08 6.27296e-08
threshold=3.5423633863417194 3.6031487944481904 3.5646802186965947 0.007322937013185731 0.0026738441954580953 0.13703650000000003 0.58695450000000016 3489350.0000000005 -0.0070506679717289404 0.88912650000000015 0.0012062191242393214 0.018599231820830123 0.079087000000000018 0.0025350989529235291 -0.0071856298058967953 0.0052016693312907335 0.0049382970604986472 0.0026245644495710894 0.0051216423179097654 0.017725314853547048 0.015660500000000004 0.00083471824518681467 0.22475666305223904 0.033720948482441164 -0.013140614807669952 3.3158371086687901
decision_type=2 2 2 2 2 2 2 2 2 2 2 2 2 2 2 2 2 2 2 2 2 2 2 2 2 2
left_child=2 -2 3 13 6 -6 -3 10 -9 -10 11 12 -8 14 19 -15 20 -18 -16 -1 -17 25 24 -24 -21 -20
right_child=1 4 -4 -5 5 -7 7 8 9 -11 -12 -13 -14 15 18 16 17 -19 21 22 -22 -23 23 -25 -26 -27
leaf_value=2.1771488272293026e-05 2.5324965034607367e-05 1.8675981558165707e-05 -1.7489838485155763e-05 1.8786260775179333e-05 -2.984181321323831e-05 2.3393962146656125e-06 1.3504038083038513e-05 -2.8074077781639063e-05 -1.4546495832519212e-05 1.7888480088231518e-05 1.983107506238942e-05 2.1895281848816827e-05 -6.6708909182555907e-06 2.8205022317706607e-05 -3.5569552668675897e-05 -2.6479061894438669e-05 2.4331228651893373e-05 -9.9319312812440327e-06 -1.1296509279129002e-05 2.3986781168507426e-07 -2.8180309292961722e-07 -2.346651122024923e-05 1.7631353166791541e-05 -1.2921497930733494e-05 -1.9781245055128237e-05 1.1917811411876755e-05
leaf_weight=24 21 27 34 23 24 35 39 25 20 25 36 29 141 21 25 28 36 20 22 39 31 21 32 20 30 20
leaf_count=24 21 27 34 23 24 35 39 25 20 25 36 29 141 21 25 28 36 20 22 39 31 21 32 20 30 20
internal_value=-4.50809e-14 1.8747e-06 -1.8571e-06 -5.012e-07 6.46635e-07 -1.07513e-05 2.61294e-06 1.23611e-06 -7.79386e-06 3.47294e-06 3.8161e-06 1.05754e-06 -2.29966e-06 -1.7034e-06 -4.92702e-06 3.81942e-06 -6.336e-07 1.20944e-05 -1.58205e-05 1.68418e-06 -1.27144e-05 -7.98355e-06 -2.30008e-06 5.88026e-06 -8.46496e-06 -2.42071e-07
internal_weight=848 422 426 392 401 59 342 315 70 45 245 209 180 369 233 136 115 56 88 145 59 63 121 52 69 42
internal_count=848 422 426 392 401 59 342 315 70 45 245 209 180 369 233 136 115 56 88 145 59 63 121 52 69 42
is_linear=0
shrinkage=0.3


Tree=155
num_leaves=9
num_cat=0
split_feature=0 1 0 1 3 2 2 0
split_gain=2.81684e-08 3.38038e-08 5.07095e-08 8.88332e-08 1.52861e-07 1.08088e-07 8.64779e-08 9.73877e-08
threshold=3.9971454227519554 4.0098332963918368 3.9445804360519428 3.9480917508036 3.8843386173248295 3.8460257285834039 3.8257053638717209 3.7778937808821178
decision_type=2 2 2 2 2 2 2 2
left_child=1 2 3 4 5 6 7 -1
right_child=-2 -3 -4 -5 -6 -7 -8 -9
leaf_value=-9.4854940924681956e-07 -1.1125116677703773e-05 1.0330234959085295e-05 -1.2196735451652784e-05 1.4925031549258467e-05 -2.1684419808197761e-05 2.2279160008906727e-05 -1.9531693960743724e-05 9.6654751166624924e-06
leaf_weight=574 20 29 30 36 29 20 20 90
leaf_count=574 20 29 30 36 29 20 20 90
internal_value=1.16274e-13 2.68723e-07 -9.64636e-08 3.75589e-07 -3.38982e-07 5.40305e-07 -9.5334e-08 4.90098e-07
internal_weight=848 828 799 769 733 704 684 664
internal_count=848 828 799 769 733 704 684 664
is_linear=0
shrinkage=0.3


Tree=156
num_leaves=22
num_cat=0
split_feature=14 18 16 2 11 14 10 20 19 7 20 19 12 4 7 17 7 18 12 27 26
split_gain=2.8432e-08 9.57495e-08 1.39556e-07 1.77354e-07 9.02579e-08 8.05736e-08 7.05312e-08 6.97294e-08 1.68158e-07 1.27426e-07 1.41865e-07 6.48635e-08 1.6228e-07 5.06014e-08 1.43519e-07 7.1374e-08 9.42881e-08 1.72687e-07 1.48444e-07 9.36382e-08 8.11289e-08
threshold=0.032491268533449351 0.084205869098436317 0.0023923993522771566 3.3592461147203445 53.272430113994567 0.029004599258898915 0.23490677831482412 0.7959885000000001 0.79795350000000009 0.0023752231147007958 0.91643900000000011 0.57889750000000006 -0.00066091265401074459 1073100.0000000002 0.0047733997601486838 0.0047169768882414503 -0.0048602254656504099 -0.43658055425356251 -0.00050415620849828284 0.59403500000000009 0.085493500000000014
decision_type=2 2 2 2 2 2 2 2 2 2 2 2 2 2 2 2 2 2 2 2 2
left_child=5 4 -3 -4 -2 7 -7 11 -9 10 -10 13 -13 14 -1 16 18 -18 -15 -17 -21
right_child=1 2 3 -5 -6 6 -8 8 9 -11 -12 12 -14 15 -16 19 17 -19 -20 20 -22
leaf_value=-2.071815780172156e-05 2.8838380403199565e-05 -1.9114765446813311e-05 -1.2560804932491009e-05 2.6066788426681381e-05 2.4913622255553487e-06 -1.2588057916655789e-06 -2.3576034174766393e-05 -3.1631267243028558e-05 2.7069681924071381e-05 -1.5706810040516006e-05 -4.1199263107825704e-06 -4.7935837048700904e-06 2.8412882077715877e-05 4.1665393508353986e-06 1.0152765373830966e-05 1.5711476109458999e-05 1.7855768193726361e-05 -5.2482956066363256e-06 3.2417167012856505e-05 5.2269680151364238e-06 -7.6883486798901535e-06
leaf_weight=33 22 28 20 23 25 26 25 20 21 34 35 27 26 47 23 24 40 107 26 61 155
leaf_count=33 22 28 20 23 25 26 25 20 21 34 35 27 26 47 23 24 40 107 26 61 155
internal_value=3.00238e-14 4.32064e-06 -2.6323e-06 8.10047e-06 1.4824e-05 -6.98404e-07 -1.21986e-05 1.65383e-07 -6.74901e-06 -1.21962e-06 7.57618e-06 1.50208e-06 1.14964e-05 4.75538e-07 -8.03903e-06 1.51209e-06 5.41517e-06 1.03852e-06 1.42284e-05 -2.06572e-06 -4.04097e-06
internal_weight=848 118 71 43 47 730 51 679 110 90 56 569 53 516 56 460 220 147 73 240 216
internal_count=848 118 71 43 47 730 51 679 110 90 56 569 53 516 56 460 220 147 73 240 216
is_linear=0
shrinkage=0.3


Tree=157
num_leaves=13
num_cat=0
split_feature=5 15 15 13 23 10 27 14 6 6 14 14
split_gain=2.65318e-08 8.58135e-08 4.43326e-08 1.00916e-07 6.30314e-08 5.0543e-08 3.79458e-08 4.53894e-08 1.02898e-07 8.47465e-08 7.4222e-08 1.31703e-07
threshold=-0.02495681914043733 -0.020293734679893979 -0.013872985859916734 0.021107640800084541 0.41666650000000005 -1.8142039198403828 0.52490350000000008 0.026885760831055257 -0.019705568132679385 -0.0046080532775992266 0.025363169039376098 0.024080255060289244
decision_type=2 2 2 2 2 2 2 2 2 2 2 2
left_child=-1 -2 3 -3 -5 -4 -7 10 -9 -10 11 -8
right_child=1 2 5 4 -6 6 7 8 9 -11 -12 -13
leaf_value=7.8562611750729396e-06 -1.6987371691357111e-05 2.5438599063818401e-05 -1.2329361684791248e-05 1.2937508786308171e-05 -9.1133876350925553e-06 -1.1185986493099054e-05 -9.6814171707330405e-07 -1.27986078832296e-05 2.0500976127270681e-05 3.0942532644748497e-06 -1.5505991179201498e-05 2.2277683519464716e-05
leaf_weight=37 27 20 31 20 28 26 474 23 39 71 29 23
leaf_count=37 27 20 31 20 28 26 474 23 39 71 29 23
internal_value=-6.80814e-14 -3.58424e-07 2.14257e-07 7.53452e-06 7.44859e-08 -4.80964e-07 5.52412e-08 4.98749e-07 5.45009e-06 9.26573e-06 -7.53206e-07 1.07621e-07
internal_weight=848 811 784 68 48 716 685 659 133 110 526 497
internal_count=848 811 784 68 48 716 685 659 133 110 526 497
is_linear=0
shrinkage=0.3


Tree=158
num_leaves=16
num_cat=0
split_feature=21 26 14 26 10 10 15 4 18 4 0 0 9 17 13
split_gain=2.77325e-08 4.66272e-08 1.06288e-07 5.90576e-08 4.93605e-08 1.14298e-07 1.02311e-07 1.20765e-07 1.63798e-07 9.33364e-08 5.70324e-08 2.06346e-07 8.57968e-08 1.27966e-07 6.2683e-08
threshold=0.93302750000000012 0.049692000000000007 0.017014353215917644 0.064015000000000016 -0.8276025950659277 -0.71720926734559276 0.0045454501120512939 4757850.0000000009 -0.38728538393038897 2983100.0000000005 3.4368489891632525 3.3962239051631853 0.034951282477330904 0.0022371453945809893 0.028846303723411276
decision_type=2 2 2 2 2 2 2 2 2 2 2 2 2 2 2
left_child=1 2 -1 -3 6 -6 7 8 -5 -10 11 14 13 -12 -7
right_child=-2 3 -4 4 5 10 -8 -9 9 -11 12 -13 -14 -15 -16
leaf_value=2.6246485150167584e-05 -7.8137497964165116e-06 -1.6317169047397327e-05 -1.3151952425637184e-06 2.1435478106468506e-05 -2.2012408185614532e-05 -5.2093883112234296e-06 -1.0632970521068534e-05 2.6436071928401361e-05 -8.6141185519132382e-06 9.4587274705235143e-06 1.0833955699337224e-05 2.9569331873062764e-05 -1.9168762890330979e-05 -3.6988264705759237e-06 1.3029765533577698e-05
leaf_weight=20 39 20 34 36 23 74 35 25 69 41 67 25 25 293 22
leaf_count=20 39 20 34 36 23 74 35 25 69 41 67 25 25 293 22
internal_value=-6.04397e-14 3.76683e-07 8.89283e-06 -2.3242e-07 2.05261e-07 -1.32891e-06 4.14495e-06 7.16966e-06 3.87062e-06 -1.87788e-06 -3.88749e-07 5.29251e-06 -2.17429e-06 -9.94114e-07 -1.02958e-06
internal_weight=848 809 54 755 735 529 206 171 146 110 506 121 385 360 96
internal_count=848 809 54 755 735 529 206 171 146 110 506 121 385 360 96
is_linear=0
shrinkage=0.3


Tree=159
num_leaves=22
num_cat=0
split_feature=2 9 12 9 14 10 27 13 0 5 4 20 10 20 18 10 3 18 22 16 4
split_gain=2.47148e-08 2.81864e-08 9.65881e-08 8.01291e-08 8.46741e-08 6.79315e-08 1.37541e-07 7.53408e-08 7.92653e-08 1.21533e-07 1.08663e-07 1.6113e-07 1.0628e-07 6.77583e-08 5.50728e-08 8.69322e-08 1.23708e-07 1.20636e-07 5.14896e-08 5.13848e-08 4.87685e-08
threshold=3.946328671448661 0.017725460141997912 -0.0031657008557905522 0.01897800363454195 0.011195098419223233 1.2539396905039781 0.84411000000000003 0.024560854972334567 3.5358001337593881 -1.0000000180025095e-35 1781650.0000000002 0.087050000000000016 0.73968779587340661 0.032651000000000006 0.72608650371082961 -0.80753188938970955 3.2892190217971806 0.42990034219472667 0.013740500000000001 0.0057638746927754269 2397150.0000000005
decision_type=2 2 2 2 2 2 2 2 2 2 2 2 2 2 2 2 2 2 2 2 2
left_child=1 2 20 -3 -5 7 -7 8 9 -4 11 -10 -12 19 15 16 -15 -17 -16 -6 -1
right_child=-2 3 5 4 13 6 -8 -9 10 -11 12 -13 -14 14 18 17 -18 -19 -20 -21 -22
leaf_value=5.6173636903622531e-06 -9.9238523830536e-06 -1.6343634138422656e-05 -3.1936161815337978e-05 1.8756037477487552e-05 1.4921831746819037e-05 2.8546744066592178e-05 -2.4690965444605233e-06 1.1387818767309146e-05 -9.832490713961307e-06 3.7603123969760909e-07 -2.403617179425055e-06 1.7681307723971669e-05 -2.5694021860545036e-05 9.2929117120850912e-07 4.2166814558137439e-07 -2.4844180443815066e-07 -2.2851418176951402e-05 2.4339187239093007e-05 -1.827041244079434e-05 -3.9520020391137225e-06 2.6567701413569009e-05
leaf_weight=20 22 30 20 20 37 22 31 37 30 22 110 53 21 45 21 176 35 20 36 20 20
leaf_count=20 22 30 20 20 37 22 31 37 30 22 110 53 21 45 21 176 35 20 36 20 20
internal_value=8.12055e-15 2.64316e-07 2.13536e-06 -1.3771e-06 -2.81988e-07 5.21813e-07 1.04054e-05 -1.266e-06 -3.09488e-06 -1.50107e-05 -7.56251e-07 7.73656e-06 -6.13719e-06 -1.2583e-06 -2.8943e-06 -1.14103e-06 -9.47477e-06 2.2605e-06 -1.13839e-05 8.29943e-06 1.60925e-05
internal_weight=848 826 386 440 410 346 53 293 256 42 214 83 131 390 333 276 80 196 57 57 40
internal_count=848 826 386 440 410 346 53 293 256 42 214 83 131 390 333 276 80 196 57 57 40
is_linear=0
shrinkage=0.3


Tree=160
num_leaves=16
num_cat=0
split_feature=11 17 7 8 21 17 20 20 14 22 4 7 14 5 5
split_gain=2.0857e-08 9.05388e-08 8.72984e-08 6.45274e-08 6.43534e-08 4.94665e-08 4.38431e-08 9.19726e-08 5.29695e-08 4.44632e-08 1.13978e-07 9.63568e-08 7.48446e-08 1.52279e-07 1.41794e-07
threshold=60.727504916643582 0.0023753512568226399 -0.0046080532775992266 0.07647348034457134 0.35226750000000007 0.016336117984694216 0.016273000000000006 0.021329500000000005 0.00842755686238701 0.016242000000000003 1098150.0000000002 0.018206488692643387 0.026650469967456975 0.01049889093037438 0.0074259491992948378
decision_type=2 2 2 2 2 2 2 2 2 2 2 2 2 2 2
left_child=5 -2 -3 4 -4 6 -1 -8 -9 12 -11 -12 13 -10 -14
right_child=1 2 3 -5 -6 -7 7 8 9 10 11 -13 14 -15 -16
leaf_value=-1.0945185479016572e-05 -9.8682137637037402e-06 -5.6143813678992896e-06 8.0961008734448104e-06 2.6206859593003174e-06 3.113770750360345e-05 -1.2002704947504257e-05 1.9959000285650423e-05 1.229189251716889e-05 1.162908452563764e-06 -2.0607653979141106e-05 -3.0987501159510451e-06 1.3133389815130932e-05 8.7280127008853011e-06 2.3771438936199213e-05 -2.2626480272770599e-05
leaf_weight=32 35 31 20 30 24 33 21 29 143 30 298 37 25 33 27
leaf_count=32 35 31 20 30 24 33 21 29 143 30 298 37 25 33 27
internal_value=-2.87724e-14 3.34582e-06 7.75049e-06 1.33493e-05 2.06642e-05 -6.61602e-07 -1.07148e-07 4.32225e-07 -2.27039e-07 -8.39263e-07 -2.89239e-06 -1.30595e-06 2.44754e-06 5.40201e-06 -7.5522e-06
internal_weight=848 140 105 74 44 708 675 643 622 593 365 335 228 176 52
internal_count=848 140 105 74 44 708 675 643 622 593 365 335 228 176 52
is_linear=0
shrinkage=0.3


Tree=161
num_leaves=26
num_cat=0
split_feature=7 4 4 4 16 20 7 18 12 6 10 8 28 12 19 19 6 2 19 0 10 13 8 15 2
split_gain=3.29395e-08 8.48026e-08 1.03517e-07 9.36233e-08 1.40369e-07 6.92197e-08 5.8368e-08 9.0508e-08 7.6287e-08 7.47967e-08 8.96615e-08 6.25875e-08 1.04983e-07 9.76805e-08 9.55814e-08 7.1101e-08 5.71365e-08 1.18694e-07 1.27831e-07 1.08115e-07 9.56854e-08 1.11629e-07 5.53871e-08 8.65194e-08 4.63424e-08
threshold=0.0096268553118364578 2312400.0000000005 5237550.0000000009 1684550.0000000002 0.002515754788665297 0.13216900000000001 0.0023528297313892099 0.82621869966757611 0.0050648097216072071 0.025624627350703848 1.3390136873230267 0.0049017382303678638 1.0000000180025095e-35 -0.0010959654736102304 0.35554100000000005 0.064895500000000009 0.0023528297313892099 3.4625609139468141 0.23240250000000004 3.6063608548246942 0.50836064842699091 0.020696839525547569 0.057364062041959006 0.0022701483954853858 3.7519566739376491
decision_type=2 2 2 2 2 2 2 2 2 2 2 2 2 2 2 2 2 2 2 2 2 2 2 2 2
left_child=6 3 22 4 -2 -5 8 11 9 10 16 12 13 -8 15 -13 20 18 -18 -19 21 -1 23 -3 -12
right_child=1 2 -4 5 -6 -7 7 -9 -10 -11 24 14 -14 -15 -16 -17 17 19 -20 -21 -22 -23 -24 -25 -26
leaf_value=-1.1438751116656932e-05 -1.5381095994279522e-05 3.0841398405812013e-06 -1.5147489627700203e-05 -3.2399891892964661e-05 1.4206442978724631e-05 -8.3202834461686003e-06 -6.6603704445762032e-06 2.3467395001954052e-05 1.59322201753298e-05 1.5670135464709099e-05 -5.7755908593597792e-06 5.703881435010772e-06 -2.0249039694549123e-05 2.079022423913557e-05 -6.006366164580289e-06 3.0697350978568597e-05 -3.5275244719177234e-06 1.9732730194326516e-05 -3.3126232966651512e-05 -4.3052052687391336e-06 1.6246436765262236e-05 3.8432772190557633e-06 -5.2640229455391818e-06 2.7206535670974635e-05 -2.5953578433473012e-05
leaf_weight=60 31 32 22 21 27 22 28 23 24 22 21 20 22 20 22 21 29 21 24 85 36 152 20 23 20
leaf_count=60 31 32 22 21 27 22 28 23 24 22 21 20 22 20 22 21 29 21 24 85 36 152 20 23 20
internal_value=2.15677e-14 -3.38771e-06 2.9476e-06 -9.47212e-06 -1.60759e-06 -2.00801e-05 1.03195e-06 6.09082e-06 -5.65589e-07 -1.40803e-06 -2.24669e-06 3.08584e-06 -3.08807e-06 4.77738e-06 9.94575e-06 1.85054e-05 -8.99651e-07 -5.33889e-06 -1.69307e-05 4.57027e-07 1.94647e-06 -4.81825e-07 8.2555e-06 1.31717e-05 -1.56185e-05
internal_weight=848 198 97 101 58 43 650 156 494 470 448 133 70 48 63 41 407 159 53 106 248 212 75 55 41
internal_count=848 198 97 101 58 43 650 156 494 470 448 133 70 48 63 41 407 159 53 106 248 212 75 55 41
is_linear=0
shrinkage=0.3


Tree=162
num_leaves=26
num_cat=0
split_feature=9 10 22 14 14 10 8 10 18 21 9 18 9 12 10 4 4 7 14 13 4 16 0 8 6
split_gain=3.15261e-08 3.74263e-08 8.28164e-08 1.38847e-07 9.00618e-08 8.38674e-08 7.19535e-08 7.34408e-08 7.17301e-08 6.96063e-08 6.45364e-08 1.62922e-07 1.11041e-07 6.18854e-08 8.20369e-08 1.63035e-07 1.03424e-07 8.33601e-08 7.45545e-08 1.32487e-07 9.51575e-08 4.56145e-08 5.09407e-08 3.88503e-08 3.49118e-08
threshold=0.0061938213269746535 -0.82928739446917799 0.024448500000000001 0.014117689693675344 0.019047658513734893 -1.2987149823469812 -0.040492062978218245 -1.7583467711121525 -0.020920066986888853 0.8993595000000002 0.010827528385239602 0.063088310442933726 0.01155128141574656 -0.0015083595056643339 0.62981387457360161 2766100.0000000005 2009350.0000000002 -0.0081855516273289779 0.016317056476415698 0.022632757564649521 2080250.0000000002 0.0052631843123083213 3.5137312240699816 0.0096745880915350049 -0.005154743844523006
decision_type=2 2 2 2 2 2 2 2 2 2 2 2 2 2 2 2 2 2 2 2 2 2 2 2 2
left_child=-1 2 4 -4 5 -2 7 -5 -8 24 11 -3 -12 21 15 16 -15 -17 20 -20 -16 22 -14 -23 -6
right_child=1 10 3 6 9 -7 8 -9 -10 -11 12 -13 13 14 18 17 -18 -19 19 -21 -22 23 -24 -25 -26
leaf_value=1.1478941438066872e-05 -2.6463448859265719e-05 -2.8735884823618104e-05 3.1176502632206392e-05 9.7064971214422251e-06 1.7050677632011814e-05 -1.2959286393127582e-06 2.4784928411298261e-05 -1.3270919119408532e-05 2.0681502691927719e-06 -1.0916937535512261e-05 2.0719647552271322e-05 7.1076380273942569e-06 2.278634307954648e-05 -7.3514980503487406e-06 -1.9262179813624287e-05 -6.4470663292013344e-06 1.0776180089676148e-05 -2.8638641709641468e-05 1.4721253358729313e-05 -2.2558808647469657e-06 4.7526567704557646e-06 8.1335147820027492e-06 2.3709689951477807e-06 -1.0341547736710968e-05 1.0807824310177237e-06
leaf_weight=21 22 25 20 21 28 26 22 31 29 20 21 21 22 87 33 25 42 39 64 117 27 20 22 21 22
leaf_count=21 22 25 20 21 28 26 22 31 29 20 21 21 22 87 33 25 42 39 64 117 27 20 22 21 22
internal_value=7.19425e-15 -2.91485e-07 2.85552e-06 8.30254e-06 -2.82231e-06 -1.2831e-05 3.861e-06 -3.99158e-06 1.18675e-05 4.04082e-06 -1.58573e-06 -1.23725e-05 -6.66854e-07 -1.5322e-06 -2.98196e-06 -7.59101e-06 -1.44946e-06 -1.99701e-05 7.09095e-07 3.74708e-06 -8.4555e-06 5.8701e-06 1.25787e-05 -1.32932e-06 1.00239e-05
internal_weight=848 827 241 123 118 48 103 52 51 70 586 46 540 519 434 193 129 64 241 181 60 85 44 41 50
internal_count=848 827 241 123 118 48 103 52 51 70 586 46 540 519 434 193 129 64 241 181 60 85 44 41 50
is_linear=0
shrinkage=0.3


Tree=163
num_leaves=25
num_cat=0
split_feature=5 5 15 17 17 17 14 14 17 5 16 9 7 7 9 27 7 27 7 8 12 14 10 10
split_gain=3.0842e-08 9.57663e-08 5.69935e-08 5.68363e-08 1.03915e-07 1.23511e-07 8.45716e-08 1.0804e-07 6.65761e-08 6.12376e-08 6.4008e-08 5.53042e-08 4.20507e-08 5.74573e-08 1.25811e-07 8.7894e-08 8.74318e-08 1.80505e-07 1.03809e-07 8.58364e-08 7.74862e-08 9.18174e-08 6.94353e-08 4.99581e-08
threshold=0.0052016693312907335 0.0046728812517494393 0.0026007822130067015 0.0095808430364912722 0.0070011696410706339 0.0049382970604986472 0.023544875651289165 0.015706930340504022 0.0022371453945809893 0.026037515437629121 0.0068728000611252256 0.019201827427939234 -0.026635920927638859 -0.0093023965524082364 0.019643589978203913 0.84127050000000014 -0.004705749329737355 0.90840500000000002 -0.0023866533818705706 -0.024944776485641664 0.0031124096875340618 0.023094666603822544 0.62981387457360161 -0.12756640902170754
decision_type=2 2 2 2 2 2 2 2 2 2 2 2 2 2 2 2 2 2 2 2 2 2 2 2
left_child=1 12 -2 4 5 6 7 -4 -9 10 -8 -5 -1 14 19 -16 17 23 -18 -14 22 -22 -20 -15
right_child=2 -3 3 11 -6 -7 9 8 -10 -11 -12 -13 13 16 15 -17 18 -19 20 -21 21 -23 -24 -25
leaf_value=1.2754881686305452e-05 -1.7271714304198132e-05 2.0654809310372e-05 6.9914379309921058e-06 1.9368965890212815e-05 -2.1339569779089426e-05 1.8972810077144684e-05 2.0189537906523112e-05 -7.970851398567902e-06 -2.9653322240199905e-05 -8.2260789550391252e-06 -1.7207396354024239e-06 -5.7040428322169081e-07 -1.8887395900232407e-06 -8.4170061768418233e-06 1.9462320710772475e-05 -4.6063646299406478e-06 -1.653867735509351e-05 3.4616438777236775e-05 9.8725959653567235e-07 -2.3659971891622542e-05 -1.8744245955366004e-05 7.0159829510885166e-06 1.302333835734647e-05 1.1884582124821462e-05
leaf_weight=24 22 22 20 21 26 24 24 25 26 29 24 31 28 24 22 36 32 21 200 39 33 20 55 20
leaf_count=24 22 22 20 21 26 24 24 25 26 29 24 31 28 24 22 36 32 21 200 39 33 20 55 20
internal_value=1.73e-14 1.24328e-06 -2.63282e-06 -1.3446e-06 -3.6627e-06 -9.9062e-07 -4.22793e-06 -1.16962e-05 -1.90247e-05 2.65837e-06 9.2344e-06 7.48203e-06 4.72422e-07 -8.37652e-08 -5.70625e-06 4.52314e-06 1.65157e-06 1.17327e-05 -2.75714e-07 -1.45615e-05 1.41395e-06 -9.0234e-06 3.58328e-06 8.10989e-07
internal_weight=848 576 272 250 198 172 148 71 51 77 48 52 554 530 125 58 405 65 340 67 308 53 255 44
internal_count=848 576 272 250 198 172 148 71 51 77 48 52 554 530 125 58 405 65 340 67 308 53 255 44
is_linear=0
shrinkage=0.3


Tree=164
num_leaves=17
num_cat=0
split_feature=21 8 21 4 26 17 13 5 15 27 22 14 10 10 10 14
split_gain=2.70515e-08 1.01947e-07 4.38432e-08 2.68962e-08 1.03084e-07 3.18885e-08 9.01195e-08 7.37145e-08 6.03021e-08 6.64149e-08 5.39604e-08 4.05491e-08 6.18647e-08 4.2625e-08 6.02226e-08 5.76837e-08
threshold=0.026109500000000004 0.002731259655347827 0.029828000000000004 998450.00000000012 0.58368400000000009 0.0022675716120772759 0.027471949327683359 0.020649837092296692 0.0068182293541164786 0.8362885000000001 0.014849500000000002 0.0097324086792741731 1.8434531046338452 1.4018830033409351 1.2076064200751448 0.025000036425060917
decision_type=2 2 2 2 2 2 2 2 2 2 2 2 2 2 2 2
left_child=1 -1 -2 4 -4 6 7 8 10 -10 -5 -7 13 14 -13 -15
right_child=2 -3 3 5 -6 11 -8 -9 9 -11 -12 12 -14 15 -16 -17
leaf_value=2.312225279638369e-05 -1.2767260494001676e-05 -5.614040583623137e-06 -4.7304149423628891e-06 1.5325312132416811e-06 1.9540015869422082e-05 1.1098995972339078e-05 1.4644110813151201e-05 -2.2829935010484156e-05 1.5999110633379625e-05 -6.7993254244514823e-06 -1.523183082667856e-05 -8.5913278324572042e-07 1.3154717773886659e-05 1.3456020367032449e-06 1.429490920054377e-05 -2.0636090258366577e-05
leaf_weight=20 25 25 36 27 28 31 20 22 23 23 48 422 30 21 25 22
leaf_count=20 25 25 36 27 28 31 20 22 23 23 48 422 30 21 25 22
internal_value=-4.09785e-14 7.15765e-06 -4.01113e-07 -3.74366e-09 5.8879e-06 -5.31846e-07 -4.21798e-06 -6.85604e-06 -3.95169e-06 4.59989e-06 -9.19666e-06 5.58608e-07 -6.97618e-08 -8.79424e-07 -1.15913e-08 -9.90085e-06
internal_weight=848 45 803 778 64 714 163 143 121 46 75 551 520 490 447 43
internal_count=848 45 803 778 64 714 163 143 121 46 75 551 520 490 447 43
is_linear=0
shrinkage=0.3


Tree=165
num_leaves=14
num_cat=0
split_feature=3 16 0 9 0 0 9 4 21 8 10 13 4
split_gain=2.18452e-08 4.3948e-08 2.95455e-08 8.36313e-08 7.46182e-08 3.54146e-08 3.45885e-08 3.81807e-08 9.50306e-08 1.49513e-07 9.21537e-08 7.24506e-08 5.9333e-08
threshold=3.9612565040588383 0.0062505433094971682 3.9132823930152405 0.011138678607375403 3.8858522750709814 3.8717979797762361 0.0099345224753250305 1274150.0000000002 0.37184300000000009 -0.0094911018964517393 -0.44242914676872908 0.016823055525938279 1418700.0000000002
decision_type=2 2 2 2 2 2 2 2 2 2 2 2 2
left_child=2 -2 4 -4 5 6 -1 8 10 -10 -8 -9 -13
right_child=1 -3 3 -5 -6 -7 7 11 9 -11 -12 12 -14
leaf_value=-1.0613738063861651e-05 -1.3550134344768595e-05 3.301318922520015e-06 2.1537715927231395e-05 -1.5950167233077431e-06 -1.503706852151387e-05 1.2625724152063152e-05 -1.7792062472339735e-05 1.6487285053430736e-05 2.9024360526756054e-05 -3.7727436511597097e-06 1.0344821212129319e-05 -1.4041581616766052e-05 -3.1316148659457475e-07
leaf_weight=26 30 26 22 39 29 21 22 22 29 22 20 30 510
leaf_count=26 30 26 22 39 29 21 22 22 29 22 20 30 510
internal_value=-5.2788e-16 -5.72625e-06 4.04886e-07 6.74794e-06 -1.24425e-07 4.91625e-07 1.17446e-07 5.43416e-07 6.17395e-06 1.48766e-05 -4.39355e-06 -3.88327e-07 -1.07585e-06
internal_weight=848 56 792 61 731 702 681 655 93 51 42 562 540
internal_count=848 56 792 61 731 702 681 655 93 51 42 562 540
is_linear=0
shrinkage=0.3


Tree=166
num_leaves=22
num_cat=0
split_feature=18 4 27 4 6 27 7 7 17 13 6 27 22 4 13 7 29 22 5 13 20
split_gain=2.52346e-08 2.30692e-08 9.78775e-08 8.10769e-08 8.11436e-08 6.61742e-08 6.00021e-08 1.38771e-07 1.3104e-07 9.93929e-08 9.09175e-08 1.14045e-07 6.82649e-08 5.32259e-08 5.64096e-08 6.76835e-08 7.01422e-08 6.18259e-08 5.76656e-08 5.59331e-08 2.34814e-08
threshold=-1.5708343108899503 1774400.0000000002 0.94615500000000008 1952050.0000000002 0.0026245644495710894 0.93115550000000014 0.0050188919092530983 0.0023528297313892099 0.0023753512568226399 0.022046409772970916 0.0024125111212752654 0.8877925000000001 0.044065000000000007 2034700.0000000002 0.016753613864685785 0.014779393356072595 1.5000000000000002 0.017465500000000002 -1.0000000180025095e-35 0.017953251029089064 0.12302800000000001
decision_type=2 2 2 2 2 2 2 2 2 2 2 2 2 2 2 2 2 2 2 2 2
left_child=-1 2 5 4 -3 6 7 10 -8 -10 11 -2 -12 -5 -15 16 19 -17 -18 -16 -19
right_child=1 3 -4 13 -6 -7 8 -9 9 -11 12 -13 -14 14 15 17 18 20 -20 -21 -22
leaf_value=-9.589140586285793e-06 1.8462902197677257e-05 -2.6036420174271122e-05 2.0483665363826729e-05 1.4045909983906313e-05 3.4821277949959034e-08 -1.5772116097423349e-05 1.2699502476607448e-05 2.9056410285193123e-05 -3.0184143024598595e-05 -2.0537292042578114e-06 -1.8086630836058666e-05 -8.9579592349764424e-06 3.261073152316385e-06 1.1774847678225342e-05 -1.5703381956447392e-05 -3.2945092459613082e-06 -3.4888845112329197e-06 2.098769419598798e-05 -2.546713021729374e-05 -4.0679744327601977e-07 6.9324389846769909e-06
leaf_weight=24 43 22 25 24 21 20 25 20 20 26 26 20 28 32 23 30 22 23 21 333 20
leaf_count=24 43 22 25 24 21 20 25 20 20 26 26 20 28 32 23 30 22 23 21 333 20
internal_value=6.12541e-14 2.79295e-07 2.66399e-06 -7.77319e-07 -1.3304e-05 7.10074e-07 2.2949e-06 5.963e-06 -4.78299e-06 -1.42843e-05 2.01541e-06 9.75787e-06 -7.01745e-06 2.42843e-07 -4.14446e-07 -1.24084e-06 -2.77746e-06 7.15795e-06 -1.42224e-05 -1.39506e-06 1.44504e-05
internal_weight=848 824 253 571 43 228 208 137 71 46 117 63 54 528 504 472 399 73 43 356 43
internal_count=848 824 253 571 43 228 208 137 71 46 117 63 54 528 504 472 399 73 43 356 43
is_linear=0
shrinkage=0.3


Tree=167
num_leaves=29
num_cat=0
split_feature=15 10 2 2 3 28 21 17 12 21 18 7 22 5 12 27 7 5 22 0 4 18 11 17 22 11 15 12
split_gain=2.01433e-08 5.04792e-08 2.43131e-08 1.47773e-07 6.66491e-08 4.30598e-08 6.59549e-08 5.57823e-08 5.5167e-08 8.18401e-08 7.65044e-08 5.4578e-08 4.20792e-08 3.78915e-08 1.27387e-07 1.08049e-07 9.40889e-08 8.5437e-08 1.50286e-07 7.74334e-08 7.16738e-08 8.92109e-08 8.47248e-08 6.81956e-08 6.86647e-08 6.85084e-08 4.85631e-08 3.58484e-08
threshold=0.024444474114312085 0.84087674334482398 3.4148330737083019 3.3899571347768425 3.4731569290161137 1.0000000180025095e-35 0.46586200000000005 0.0052424680486855202 -0.00083417738122849438 0.20754600000000004 -0.45147897211619753 -0.012303993898403231 0.025388000000000004 -0.002322993460292847 0.0031477022819223163 0.8993595000000002 0.011478302713253554 -0.0051882829153408489 0.048936500000000008 3.5778926701801241 3976800.0000000005 -0.20868560575961559 55.425443631130641 0.0072202201564984933 0.026513000000000005 58.353846399381062 -0.009950300295995031 0.0028590918136145323
decision_type=2 2 2 2 2 2 2 2 2 2 2 2 2 2 2 2 2 2 2 2 2 2 2 2 2 2 2 2
left_child=2 -2 3 5 -4 8 -7 -8 10 -10 -1 -12 -13 14 17 16 23 19 -19 -6 21 -17 -23 25 -25 -15 -21 -11
right_child=1 -3 4 -5 13 6 7 -9 9 27 11 12 -14 15 -16 20 -18 18 -20 26 -22 22 -24 24 -26 -27 -28 -29
leaf_value=-8.0161976802628475e-06 -5.6905621659097956e-06 1.3900657841234e-05 -1.6598960435658225e-05 2.5583692095923735e-05 1.6250896951532923e-05 4.0059996238791688e-06 -2.516713261343284e-05 -3.9106816943785809e-06 -1.9034413682155512e-05 -5.0940580854330612e-06 5.1655323431987197e-07 2.9011420623906552e-05 9.783948260633223e-06 -1.0450456749140357e-05 -2.0109525595606619e-05 -2.6687742888498181e-06 6.2779798093509492e-06 2.9834708639750063e-05 -2.8935385730817319e-06 3.540585285206717e-06 -9.6033186814565858e-06 2.7360235871410933e-05 1.9791213071584931e-06 -2.9533533389829761e-05 -6.8402406343791099e-06 7.8246197745102098e-06 -7.9797951977005654e-06 1.2652881072686535e-05
leaf_weight=20 20 29 25 22 25 35 20 25 21 20 20 21 20 80 21 36 37 28 23 69 25 29 20 28 21 24 63 21
leaf_count=20 20 29 25 22 25 35 20 25 21 20 20 21 20 80 21 36 37 28 23 69 25 29 20 28 21 24 63 21
internal_value=6.71865e-14 5.90424e-06 -3.62087e-07 2.12642e-06 -1.4626e-06 -1.87745e-07 -5.76125e-06 -1.3358e-05 2.9303e-06 -3.80473e-06 8.08551e-06 1.33648e-05 1.96322e-05 -7.47274e-07 2.1588e-06 -2.96558e-06 -7.2976e-06 4.40705e-06 1.50749e-05 9.41692e-07 4.517e-06 8.67004e-06 1.70006e-05 -1.05806e-05 -1.98078e-05 -6.23313e-06 -1.95778e-06 3.99584e-06
internal_weight=848 49 799 245 554 223 80 45 143 62 81 61 41 529 229 300 190 208 51 157 110 85 49 153 49 104 132 41
internal_count=848 49 799 245 554 223 80 45 143 62 81 61 41 529 229 300 190 208 51 157 110 85 49 153 49 104 132 41
is_linear=0
shrinkage=0.3


Tree=168
num_leaves=21
num_cat=0
split_feature=26 2 26 6 14 13 24 10 12 13 0 14 14 22 11 21 13 15 21 27
split_gain=2.39375e-08 4.58381e-08 3.35053e-08 8.19403e-08 2.54172e-08 9.16765e-08 7.73978e-08 1.22382e-07 8.17619e-08 3.82676e-08 8.01406e-08 4.25164e-08 8.28385e-08 5.8749e-08 1.44339e-07 3.83747e-08 5.38808e-08 3.92082e-08 5.12034e-08 5.00566e-08
threshold=0.031458500000000007 3.5264895758540367 0.049692000000000007 -0.0022700644822859725 0.013525861705412688 0.017232897074184298 0.29166650000000005 0.32305906781439986 -0.0013173136496531306 0.017517006296946847 3.8858522750709814 0.016528989601943132 0.015981719500875641 0.039967000000000009 50.909093995045893 0.031698500000000011 0.024091781529355667 -0.016697246493500822 0.86192750000000007 0.8621430000000001
decision_type=2 2 2 2 2 2 2 2 2 2 2 2 2 2 2 2 2 2 2 2
left_child=1 -1 3 -2 5 -4 7 8 -7 10 -6 12 13 14 -11 16 -13 19 -19 -17
right_child=2 -3 4 -5 9 6 -8 -9 -10 11 -12 15 -14 -15 -16 17 -18 18 -20 -21
leaf_value=-1.6546576357127789e-05 -6.4007722266978819e-06 2.4115922144574141e-06 -1.8156134695991276e-05 1.8934294909437693e-05 1.9458823597468771e-05 9.8452186596030229e-07 -1.6088126425302108e-05 -1.2471539746911731e-05 2.4554882737801464e-05 -9.9421292634360729e-06 -3.6713465918252879e-06 -1.9738348632729514e-05 2.017020002278094e-05 -9.1667187803068366e-06 2.6100257455254904e-05 -7.1816422111142473e-07 -5.7416242241508309e-07 -8.9028419456824542e-08 -1.1012281896166148e-05 1.6768268222641871e-05
leaf_weight=22 20 24 31 27 28 26 20 25 27 20 26 23 26 32 20 34 31 316 44 26
leaf_count=22 20 24 31 27 28 26 20 25 27 20 26 23 26 32 20 34 31 316 44 26
internal_value=2.52785e-14 -6.65536e-06 3.81729e-07 8.15342e-06 -1.02072e-07 -3.93653e-06 5.61514e-07 4.83065e-06 1.29921e-05 6.88095e-07 8.32207e-06 -3.25949e-08 5.65564e-06 4.14272e-07 8.07906e-06 -1.20864e-06 -8.73669e-06 -2.40752e-07 -1.42409e-06 6.85929e-06
internal_weight=848 46 802 47 755 129 98 78 53 626 54 572 98 72 40 474 54 420 360 60
internal_count=848 46 802 47 755 129 98 78 53 626 54 572 98 72 40 474 54 420 360 60
is_linear=0
shrinkage=0.3


Tree=169
num_leaves=26
num_cat=0
split_feature=14 18 13 1 6 14 14 10 9 9 5 13 16 8 26 12 9 8 27 11 0 16 22 22 10
split_gain=1.79733e-08 4.29295e-08 2.10834e-08 6.09423e-08 3.41763e-08 8.45721e-08 3.25916e-08 3.53378e-08 2.84441e-08 6.14568e-08 6.53248e-08 8.66001e-08 7.55481e-08 4.27702e-08 3.71455e-08 7.00501e-08 6.67267e-08 9.1227e-08 4.40605e-08 3.95257e-08 8.88747e-08 1.00854e-07 8.11124e-08 9.63814e-08 7.5292e-08
threshold=0.040843907612256945 0.60665484119568913 0.027153474957240301 3.5488597019740209 -0.0085839784186457022 0.023894874252703625 0.021117477374342161 -0.071609021955973795 0.023236123512083519 0.034340886594972336 -0.006841512580915571 0.023624209778347924 0.0028209110067761978 -0.051971957051797399 0.69937000000000016 0.0026738441954580953 0.014258282256312198 0.023177555411970311 0.91770800000000008 52.811663794715251 3.8011908479622281 0.0075757685604650937 0.13976050000000004 0.024448500000000001 -0.68907727632504023
decision_type=2 2 2 2 2 2 2 2 2 2 2 2 2 2 2 2 2 2 2 2 2 2 2 2 2
left_child=2 -2 8 4 5 -4 7 -6 13 10 -10 -12 -13 -1 19 16 17 -16 -18 20 21 -15 23 -21 -22
right_child=1 -3 3 -5 6 -7 -8 -9 9 -11 11 12 -14 14 15 -17 18 -19 -20 22 24 -23 -24 -25 -26
leaf_value=-1.3259804189186503e-05 1.6141020154591954e-05 -2.8633962795973515e-06 -1.7509438849369219e-05 -1.4882261964999088e-05 1.8383352336286408e-05 7.3464601035249704e-06 -2.7212951434963685e-06 5.4967159485386213e-07 1.8620969769306777e-05 -7.6946595854568866e-06 1.2965740601290376e-05 6.0572226264607054e-06 -1.9389873705222273e-05 -5.3823557139436998e-06 -1.3374043582863468e-05 -1.934330099092304e-05 -1.9783065973959831e-06 9.3142920413604508e-06 1.3074836028213864e-05 -1.2185118196482238e-06 1.563611666479746e-06 1.3977466439676143e-05 1.2089451303919619e-05 -2.4686590226354252e-05 2.1640264376827643e-05
leaf_weight=23 20 23 28 33 20 22 39 20 33 31 39 21 21 91 58 22 35 22 35 63 29 33 26 21 40
leaf_count=23 20 23 28 33 20 22 39 20 33 31 39 21 21 91 58 22 35 22 35 63 29 33 26 21 40
internal_value=-5.67747e-14 5.97587e-06 -3.19208e-07 -3.37794e-06 -4.34978e-07 -6.57284e-06 3.44975e-06 9.46651e-06 4.51422e-07 4.14921e-06 7.36991e-06 2.78615e-06 -6.66633e-06 -6.25243e-07 -1.34648e-08 -3.53462e-06 -1.21601e-06 -7.13475e-06 5.54826e-06 1.98534e-06 4.57211e-06 -2.30145e-07 -2.55326e-06 -7.08553e-06 1.32023e-05
internal_weight=848 43 805 162 129 50 79 40 643 145 114 81 42 498 475 172 150 80 70 303 193 124 110 84 69
internal_count=848 43 805 162 129 50 79 40 643 145 114 81 42 498 475 172 150 80 70 303 193 124 110 84 69
is_linear=0
shrinkage=0.3


Tree=170
num_leaves=31
num_cat=0
split_feature=27 10 18 6 11 18 13 13 9 10 12 6 6 13 27 14 12 7 10 3 4 2 17 10 2 10 28 26 10 9
split_gain=2.12968e-08 2.68528e-08 6.52117e-08 6.43041e-08 6.89762e-08 1.00232e-07 1.21919e-07 7.2971e-08 5.7821e-08 5.62242e-08 5.92022e-08 5.69581e-08 6.14512e-08 4.85365e-08 7.69977e-08 4.79479e-08 4.67648e-08 4.51417e-08 4.07932e-08 8.13238e-08 9.29093e-08 5.86513e-08 4.25899e-08 4.37056e-08 4.19764e-08 4.06219e-08 3.19016e-08 4.19178e-08 3.18977e-08 2.91532e-08
threshold=0.52490350000000008 0.20482208192676324 -1.0847706790815956 0.013970036248807107 54.944478870840356 -0.32191336268353404 0.022727273675847585 0.026682304870810077 0.012763415024706329 -0.82928739446917799 -0.0015083595056643339 0.0055180968451040632 0.01415152763283393 0.019927620529170617 0.78298750000000006 0.01240765308381526 -0.00034782180725354098 -0.0084035660435943776 -1.6212563174621948 3.7361344099044804 1774400.0000000002 3.4427471891769756 0.0052424680486855202 -2.0238558924468042 3.7989408582468616 1.0662819087688205 1.0000000180025095e-35 0.49528200000000006 1.1273217737551353 0.019273570053605287
decision_type=2 2 2 2 2 2 2 2 2 2 2 2 2 2 2 2 2 2 2 2 2 2 2 2 2 2 2 2 2 2
left_child=-1 2 -2 4 5 -3 -7 -8 25 18 17 15 -13 -10 -15 -12 -17 -11 22 20 -20 -22 23 -4 -21 -6 27 -5 -16 -19
right_child=1 3 9 26 8 6 7 -9 13 10 11 12 -14 14 28 16 -18 29 19 24 21 -23 -24 -25 -26 -27 -28 -29 -30 -31
leaf_value=-7.7181109044167601e-06 1.3992792105455008e-05 -1.8538643741651736e-06 -1.298449726366218e-06 1.0030248270140873e-05 -1.865148313299869e-05 3.7472109722784809e-05 -4.0284896476805443e-06 2.1598437642751376e-05 1.5525246960106205e-05 -1.0059169484780534e-05 -2.3917357430036643e-05 1.0743556504166917e-05 -1.1944627684507784e-05 -1.0624227097650874e-05 -2.7633210055892748e-07 -1.9860239929229187e-05 -2.9591448767904494e-06 1.4303548109835348e-05 2.2354519626333057e-05 -1.6050268413891899e-05 -3.5014189328800661e-06 1.5399369718497008e-05 4.2531868530204515e-06 -1.8893364369887419e-05 1.8332494518189278e-06 2.4010309321706049e-07 -1.1991211802827212e-05 -9.3929431068318073e-06 1.1329301685478602e-05 -6.4308920055822227e-07
leaf_weight=31 24 35 27 20 20 20 20 20 26 21 28 22 21 35 39 23 41 23 32 21 45 22 33 24 27 21 36 20 47 24
leaf_count=31 24 35 27 20 20 20 20 20 26 21 28 22 21 35 39 23 41 23 32 21 45 22 33 24 27 21 36 20 47 24
internal_value=-6.70005e-14 2.92854e-07 -1.22987e-06 2.23549e-06 4.31617e-06 1.09048e-05 1.83474e-05 8.78497e-06 9.86815e-07 -2.07167e-06 -5.71414e-06 -9.35019e-06 -3.36719e-07 3.76537e-06 1.23845e-06 -1.3563e-05 -9.03298e-06 1.50448e-06 1.12929e-06 4.14292e-06 9.05623e-06 2.70481e-06 -4.14457e-06 -9.57841e-06 -5.99079e-06 -8.9753e-06 -5.51234e-06 3.18653e-07 6.06628e-06 6.67122e-06
internal_weight=848 817 458 359 283 95 60 40 188 434 203 135 43 147 121 92 64 68 231 147 99 67 84 51 48 41 76 40 86 47
internal_count=848 817 458 359 283 95 60 40 188 434 203 135 43 147 121 92 64 68 231 147 99 67 84 51 48 41 76 40 86 47
is_linear=0
shrinkage=0.3


Tree=171
num_leaves=16
num_cat=0
split_feature=26 6 21 7 14 10 5 17 5 14 15 14 5 28 7
split_gain=1.51134e-08 2.87037e-08 2.00125e-08 8.89442e-08 2.14634e-08 4.77392e-08 4.55559e-08 9.17974e-08 4.51774e-08 5.28795e-08 5.00445e-08 8.05711e-08 4.22295e-08 3.68271e-08 3.4606e-08
threshold=0.031458500000000007 0.0023669299677312786 0.90896500000000013 -0.0027175400084091146 0.032491268533449351 1.3749865212128787 -0.019936641331994527 0.0027662544666649238 -0.015645777052791184 0.029004599258898915 -0.0093348927681968213 0.019303723465220354 0.025624627350703848 1.0000000180025095e-35 0.0023528297313892099
decision_type=2 2 2 2 2 2 2 2 2 2 2 2 2 2 2
left_child=1 -1 4 -4 6 12 7 -2 -8 10 11 -10 13 -6 -12
right_child=2 -3 3 -5 5 -7 8 -9 9 -11 14 -13 -14 -15 -16
leaf_value=1.2843714791607943e-06 2.1189269624244389e-05 -1.3832689656965156e-05 1.8615784526113765e-05 -5.3574558933178194e-06 1.2264762948618604e-05 1.6696104674857839e-05 -1.4190941291758463e-05 -5.6393494146918373e-06 1.8731327357147988e-05 -1.2207614918874502e-05 -3.5259908917970274e-06 -1.2366679654137029e-06 -1.1310005588711646e-05 -2.7276401397102748e-06 1.7146898781342873e-06
leaf_weight=26 24 20 26 30 29 21 24 22 31 35 271 44 20 30 195
leaf_count=26 24 20 26 30 29 21 24 22 31 35 271 44 20 30 195
internal_value=1.97678e-14 -5.28826e-06 3.03317e-07 5.77298e-06 -1.07274e-07 3.98267e-06 -7.40393e-07 8.35819e-06 -1.43795e-06 -9.06576e-07 -1.75455e-07 7.01677e-06 6.03149e-07 4.64151e-06 -1.333e-06
internal_weight=848 46 802 56 746 100 646 46 600 576 541 75 79 59 466
internal_count=848 46 802 56 746 100 646 46 600 576 541 75 79 59 466
is_linear=0
shrinkage=0.3


Tree=172
num_leaves=18
num_cat=0
split_feature=3 14 13 16 4 3 7 21 26 3 7 1 27 15 9 13 11
split_gain=1.5326e-08 1.72709e-08 5.08177e-08 2.07015e-08 3.74283e-08 2.0229e-08 3.40102e-08 5.87782e-08 6.15441e-08 5.38919e-08 2.99261e-08 2.8532e-08 3.84753e-08 6.70038e-08 5.39663e-08 4.55382e-08 4.09537e-08
threshold=2.9481819868087773 0.040843907612256945 0.026042275272210463 0.011862458388642758 4253300.0000000009 3.8419252634048466 -1.0000000180025095e-35 0.73676150000000018 0.69937000000000016 3.94826352596283 -0.0093023965524082364 3.8615922258618656 0.91667600000000016 -0.0097563206384949537 0.011461081375236198 0.0196968691005594 33.634115332074842
decision_type=2 2 2 2 2 2 2 2 2 2 2 2 2 2 2 2 2
left_child=-1 3 -3 5 -5 11 9 8 -8 10 -7 12 14 -14 -2 -15 -16
right_child=1 2 -4 4 -6 6 7 -9 -10 -11 -12 -13 13 15 16 -17 -18
leaf_value=-7.4730219438379205e-06 1.6165809691326416e-05 -4.0874577150264353e-06 1.7042377079796723e-05 4.4176561539857436e-07 -1.5666677235718191e-05 -1.0387930400510313e-05 7.2238263442159223e-06 -1.7774778632428932e-05 -1.0199209220838777e-05 1.3116658424728989e-05 3.491116664353567e-06 1.2089576874326927e-05 -1.3980958469626503e-05 1.3460969446725812e-05 1.4003153658202129e-05 -2.4493608369833536e-06 6.3878149881696332e-07
leaf_weight=24 24 21 20 34 21 27 36 28 37 27 29 21 39 20 22 85 333
leaf_count=24 24 21 20 34 21 27 36 28 37 27 29 21 39 20 22 85 333
internal_value=-4.55786e-14 2.17661e-07 6.21978e-06 -9.66264e-08 -5.70873e-06 3.27365e-07 -2.39179e-06 -6.08918e-06 -1.60703e-06 2.10745e-06 -3.20057e-06 1.24708e-06 8.1172e-07 -3.36273e-06 2.39779e-06 5.81178e-07 1.467e-06
internal_weight=848 824 41 783 55 728 184 101 73 83 56 544 523 144 379 105 355
internal_count=848 824 41 783 55 728 184 101 73 83 56 544 523 144 379 105 355
is_linear=0
shrinkage=0.3


Tree=173
num_leaves=28
num_cat=0
split_feature=27 4 12 27 13 27 17 19 23 17 14 19 7 7 18 16 16 9 18 19 1 8 21 6 9 15 16
split_gain=1.42966e-08 4.45273e-08 4.53271e-08 2.38285e-08 6.55211e-08 4.74138e-08 2.78685e-08 7.78876e-08 6.3872e-08 8.6785e-08 4.12806e-08 8.92968e-08 5.5627e-08 5.61488e-08 4.0952e-08 6.33816e-08 4.01508e-08 3.83626e-08 4.14782e-08 3.45193e-08 4.30746e-08 4.02882e-08 3.44072e-08 2.74283e-08 2.53831e-08 2.27706e-08 2.24891e-08
threshold=0.6284280000000001 2135750.0000000005 -0.00021750340072030079 0.70729550000000019 0.025249845034075125 0.72125400000000017 0.0049382970604986472 0.055090500000000008 0.87500000000000011 0.01026961381159684 0.021028072003744305 0.065278000000000017 -0.004705749329737355 0.0023752231147007958 -0.018382335750014869 0.002881865542226815 0.0023014967467466486 0.012619359789151669 0.12093650506377419 -0.64158649999999995 3.5489675346312315 0.03993493782067193 0.37987650000000001 -0.0044591443601576033 0.015313196838795147 -0.0023419739874719985 0.0053835846501875577
decision_type=2 2 2 2 2 2 2 2 2 2 2 2 2 2 2 2 2 2 2 2 2 2 2 2 2 2 2
left_child=1 -1 -3 4 -2 -5 10 19 9 -9 11 12 -7 -14 15 -10 22 -13 -19 20 -8 25 -12 -16 -18 -21 -26
right_child=3 2 -4 5 -6 6 7 8 14 -11 16 17 13 -15 23 -17 24 18 -20 21 -22 -23 -24 -25 26 -27 -28
leaf_value=-1.1380712417600367e-05 1.4265301875379267e-05 -6.3933899481425108e-06 1.1334213340887801e-05 -1.287644055628334e-05 -7.2597502574822665e-06 1.4340163006311611e-05 9.4845185742542516e-06 2.4837802530700257e-05 1.3901182285280811e-06 2.130137594999074e-06 -1.3009948790712851e-05 -1.7877842831446533e-05 -1.1453835434716392e-05 6.3965897587487621e-06 -9.8478208542474018e-06 2.1909252977820868e-05 1.5068570513429458e-05 -1.0684793784134929e-05 2.3916227281889031e-06 -6.529528532568789e-06 -6.5655065049617805e-06 3.67661265660114e-06 3.2572820546192815e-06 2.8315621009636849e-06 1.1549713417480235e-05 -1.8989623533178182e-05 -3.8268693639441734e-07
leaf_weight=38 35 27 25 25 20 28 34 33 42 28 22 33 29 35 28 20 23 61 34 33 27 22 25 34 21 22 44
leaf_count=38 35 27 25 25 20 28 34 33 42 28 22 33 29 35 28 20 23 61 34 33 27 22 25 34 21 22 44
internal_value=1.94184e-14 -3.57481e-06 2.1295e-06 4.2445e-07 6.43801e-06 -4.60274e-08 4.2707e-07 2.44347e-06 6.467e-06 1.44146e-05 -1.40757e-06 -3.94174e-06 3.18743e-06 -1.69188e-06 2.55729e-06 8.00919e-06 2.72219e-06 -9.06583e-06 -6.00481e-06 -2.9504e-06 2.38041e-06 -7.17352e-06 -4.35717e-06 -2.89461e-06 6.50321e-06 -1.15136e-05 3.4724e-06
internal_weight=848 90 52 758 55 703 678 323 185 61 355 220 92 64 124 62 135 128 95 138 61 77 47 62 88 55 65
internal_count=848 90 52 758 55 703 678 323 185 61 355 220 92 64 124 62 135 128 95 138 61 77 47 62 88 55 65
is_linear=0
shrinkage=0.3


Tree=174
num_leaves=16
num_cat=0
split_feature=21 19 9 9 9 18 4 9 27 27 11 4 17 1 16
split_gain=1.21876e-08 1.8108e-08 1.64565e-08 4.60267e-08 2.77376e-08 6.27362e-08 5.59603e-08 4.49409e-08 3.3425e-08 7.54536e-08 5.04136e-08 4.60795e-08 4.14346e-08 2.00587e-08 2.12201e-08
threshold=0.020194500000000004 -0.9249529999999998 0.031965745767017321 0.034340886594972336 0.025064491687455899 -0.25296675462370805 3313800.0000000005 0.023917225233625591 0.85407200000000005 0.86487900000000006 39.569390776008369 6041600.0000000009 0.013937287521890942 3.5231820674101475 0.0059436488250182882
decision_type=2 2 2 2 2 2 2 2 2 2 2 2 2 2 2
left_child=-1 -2 4 -4 7 -6 -7 8 10 -10 -3 -11 -12 14 -5
right_child=1 2 3 13 5 6 -8 -9 9 11 12 -13 -14 -15 -16
leaf_value=6.9688519922485947e-06 -7.0712781962356527e-06 -1.4787674369169205e-05 1.5154248114868096e-05 8.5127625402492421e-06 4.9753870860933183e-06 -1.7899907106467302e-05 -1.2735539842521705e-06 1.3717118359967239e-05 1.992774939708397e-05 -2.980334120126683e-07 2.6669046411950302e-08 1.4673536593363679e-05 -1.4219606530332385e-05 -7.3168697346535849e-06 -3.7538430495425764e-06
leaf_weight=22 33 27 24 30 39 38 35 22 20 247 226 20 20 23 22
leaf_count=22 33 27 24 30 39 38 35 22 20 247 226 20 20 23 22
internal_value=2.01298e-14 -1.85611e-07 1.0093e-07 3.71932e-06 -4.15238e-07 -4.73867e-06 -9.92837e-06 4.16763e-07 -1.05751e-07 2.15474e-06 -2.48217e-06 8.23433e-07 -1.13156e-06 6.01377e-08 3.32304e-06
internal_weight=848 826 793 99 694 112 73 582 560 287 273 267 246 75 52
internal_count=848 826 793 99 694 112 73 582 560 287 273 267 246 75 52
is_linear=0
shrinkage=0.3


Tree=175
num_leaves=17
num_cat=0
split_feature=18 4 21 15 4 1 12 18 9 16 10 4 22 22 29 16
split_gain=1.18079e-08 3.7595e-08 1.07173e-07 2.69832e-08 2.43235e-08 1.87316e-08 1.55963e-08 5.06801e-08 4.68373e-08 5.39668e-08 3.80154e-08 2.61488e-08 2.42931e-08 3.12897e-08 6.17467e-08 2.66932e-08
threshold=-0.90363381202300219 1043550.0000000001 0.48610250000000005 -1.0000000180025095e-35 1470500.0000000002 3.7272318725203131 -0.0032507960570317472 -0.6632449448462524 0.017863648632084284 0.0051880713595440298 -1.3187727903323307 7239100.0000000009 0.94565650000000012 0.32527700000000004 1.5000000000000002 0.0089888007684366875
decision_type=2 2 2 2 2 2 2 2 2 2 2 2 2 2 2 2
left_child=3 2 -2 4 -1 -5 8 -8 -3 -10 -11 12 13 14 -9 -15
right_child=1 6 -4 5 -6 -7 7 11 9 10 -12 -13 -14 15 -16 -17
leaf_value=-1.4329812779578786e-05 2.4861512029019649e-05 1.2241317222268271e-05 -6.1958311130183575e-06 -3.9231466676678141e-06 -6.0245594275849207e-07 8.9053446754405737e-06 1.1251955997977348e-05 -1.3965686514737161e-06 -9.714976795294205e-06 1.1460424727428129e-05 -4.544155440684831e-06 -9.002183717735821e-06 6.9023412667026117e-06 -8.1664285147553528e-06 1.1200814140885577e-05 3.7373336429677043e-06
leaf_weight=26 20 35 20 21 21 20 30 343 36 34 22 38 34 88 39 21
leaf_count=26 20 35 20 21 21 20 30 343 36 34 22 38 34 88 39 21
internal_value=-1.54442e-14 3.80929e-07 9.33284e-06 -3.28984e-06 -8.19631e-06 2.33465e-06 -1.164e-07 -7.62559e-07 2.90071e-06 -6.52784e-07 5.17291e-06 -1.40276e-06 -8.52711e-07 -1.38972e-06 -1.10448e-07 -5.87304e-06
internal_weight=848 760 40 88 47 41 720 593 127 92 56 563 525 491 382 109
internal_count=848 760 40 88 47 41 720 593 127 92 56 563 525 491 382 109
is_linear=0
shrinkage=0.3


Tree=176
num_leaves=13
num_cat=0
split_feature=11 11 10 3 1 13 6 16 21 0 0 10
split_gain=1.03519e-08 1.99467e-08 2.85313e-08 1.52225e-08 4.98731e-08 2.64342e-08 2.78693e-08 2.39464e-08 5.15814e-08 2.30575e-08 6.60081e-08 3.19671e-08
threshold=31.01726932605332 33.634115332074842 -1.9180209226702833 3.3326145410537724 3.4055284515635473 0.02946750657811743 0.005882415827534941 0.0058394228123467371 0.27423200000000009 3.3962239051631853 3.4368489891632525 -0.49105053691072237
decision_type=2 2 2 2 2 2 2 2 2 2 2 2
left_child=-1 -2 -3 5 -5 6 7 8 -4 -6 -11 -12
right_child=1 2 3 4 9 -7 -8 -9 -10 10 11 -13
leaf_value=-5.5702772780353507e-06 9.5550331525373619e-06 -8.959952301959293e-06 -8.4193047759981708e-06 1.4045958400856763e-05 -8.0332769643222593e-06 7.2677560831380106e-06 -1.2539150902778696e-05 -1.0477185378476861e-05 1.0031629071818316e-05 1.4252543860126729e-05 3.6467192768225374e-06 -1.38973664935783e-06
leaf_weight=29 20 31 25 25 28 20 29 20 30 31 158 402
leaf_count=29 20 31 25 25 28 20 29 20 30 31 158 402
internal_value=-3.69403e-14 1.97238e-07 -3.69996e-08 3.23172e-07 9.09245e-07 -2.72063e-06 -4.64147e-06 -1.5877e-06 1.64484e-06 3.78683e-07 7.77219e-07 3.12634e-08
internal_weight=848 819 799 768 644 124 104 75 55 619 591 560
internal_count=848 819 799 768 644 124 104 75 55 619 591 560
is_linear=0
shrinkage=0.3


Tree=177
num_leaves=16
num_cat=0
split_feature=9 21 11 21 0 17 4 17 13 15 21 6 6 21 21
split_gain=9.79349e-09 1.38681e-08 5.26499e-08 3.05214e-08 1.52769e-08 4.12981e-08 3.80178e-08 3.8571e-08 3.68563e-08 3.54908e-08 2.46583e-08 2.24591e-08 2.67297e-08 2.50011e-08 2.82082e-08
threshold=0.0061938213269746535 0.91958000000000006 44.571762553043207 0.90896500000000013 3.8365101656526215 0.0022371453945809893 2135750.0000000005 0.0044843006178141159 0.021165204564993569 -0.0091848484809197838 0.38584450000000009 0.026037515437629121 0.016909829390087745 0.88854800000000012 0.84885800000000011
decision_type=2 2 2 2 2 2 2 2 2 2 2 2 2 2 2
left_child=-1 3 -3 4 11 -6 9 -8 -9 -7 -11 12 13 14 -2
right_child=1 2 -4 -5 5 6 7 8 -10 10 -12 -13 -14 -15 -16
leaf_value=6.3978648557037686e-06 5.3127724721353991e-07 -1.5826314223016632e-05 2.4517742302405903e-06 9.2508653430911636e-06 6.2803503472726637e-06 -9.1419014593570449e-07 -1.1525777409815419e-05 1.2207613141072215e-05 -4.0824195548339044e-06 -8.4670870653980045e-06 -2.3364233184111071e-05 8.1259628256124081e-06 -7.5002910447297969e-06 -8.5871998762740987e-06 9.8949123236208487e-06
leaf_weight=21 439 23 37 32 36 22 20 25 25 20 20 33 39 25 31
leaf_count=21 439 23 37 32 36 22 20 25 25 20 20 33 39 25 31
internal_value=8.55165e-15 -1.62461e-07 -4.55483e-06 1.8114e-07 -2.13732e-07 -2.72638e-06 -5.18276e-06 -3.91224e-07 4.0626e-06 -1.05926e-05 -1.59157e-05 5.30756e-07 6.13889e-08 6.57158e-07 1.14888e-06
internal_weight=848 827 60 767 735 168 132 70 50 62 40 567 534 495 470
internal_count=848 827 60 767 735 168 132 70 50 62 40 567 534 495 470
is_linear=0
shrinkage=0.3


Tree=178
num_leaves=23
num_cat=0
split_feature=7 7 7 14 7 13 16 7 5 5 6 6 27 27 11 13 11 1 17 14 16 21
split_gain=9.69023e-09 1.15323e-08 2.93726e-08 5.09845e-08 2.42596e-08 3.25158e-08 3.21691e-08 4.22842e-08 2.50533e-08 7.55928e-08 5.09596e-08 6.88055e-08 4.21394e-08 6.44965e-08 5.20972e-08 3.76962e-08 3.56122e-08 3.41462e-08 2.39723e-08 2.23742e-08 2.676e-08 1.90113e-08
threshold=0.028814446937859086 0.01627961394593171 0.0096268553118364578 0.016709813724917266 0.0026245644495710894 0.024974917092795309 0.0027624824038749453 0.0056023236329771969 -0.0047562834997194083 -0.0071175830738862073 -0.0070177890966246085 -0.010443999047484876 0.91568150000000015 0.8877925000000001 44.571762553043207 0.016956923592829725 52.24536232571959 3.7487044732263008 0.0026954151914918788 0.021518189730330001 0.0027137065686552069 0.45255200000000001
decision_type=2 2 2 2 2 2 2 2 2 2 2 2 2 2 2 2 2 2 2 2 2 2
left_child=1 2 4 -4 8 6 7 -6 9 12 11 16 13 -1 -14 -12 -10 -17 -8 20 -3 -5
right_child=-2 19 3 21 5 -7 18 -9 10 -11 15 -13 14 -15 -16 17 -18 -19 -20 -21 -22 -23
leaf_value=-4.4404016705357205e-07 -5.1210680112490083e-06 -6.7334678230205709e-06 5.9644942430168151e-06 -2.8833112147757282e-06 4.5178746394531512e-06 1.1730255753694084e-05 -5.9749319007096354e-07 -1.3878891993292861e-05 -5.6421989560559186e-06 1.8101800857550644e-05 -1.5043907362471347e-05 1.4569430229852621e-05 -1.6486637265153639e-05 1.6780478974396829e-05 2.5047533199540339e-06 -6.4762882172281501e-06 9.1405444493375398e-06 1.4950818948835018e-06 1.3603922729504595e-05 9.9303649753599013e-06 7.191803449487728e-06 -1.4079252057705652e-05
leaf_weight=90 32 27 25 21 23 37 20 22 55 24 27 34 26 25 26 114 20 84 23 31 23 39
leaf_count=90 32 27 25 21 23 37 20 22 55 24 27 34 26 25 26 114 20 84 23 31 23 39
internal_value=-1.62788e-14 2.00826e-07 -1.73571e-07 -5.41798e-06 5.12235e-07 4.26828e-06 1.13086e-06 -4.4761e-06 -3.82062e-07 2.35844e-06 -1.94924e-06 3.37478e-06 9.59244e-08 3.30042e-06 -6.99094e-06 -4.52842e-06 -1.70013e-06 -3.09449e-06 6.99861e-06 3.59814e-06 -3.27843e-07 -1.01607e-05
internal_weight=848 816 735 85 650 125 88 45 525 191 334 109 167 115 52 225 75 198 43 81 50 60
internal_count=848 816 735 85 650 125 88 45 525 191 334 109 167 115 52 225 75 198 43 81 50 60
is_linear=0
shrinkage=0.3


Tree=179
num_leaves=15
num_cat=0
split_feature=20 15 4 4 15 10 3 10 6 12 4 12 11 12
split_gain=8.39804e-09 1.92606e-08 3.70896e-08 1.41541e-08 1.98314e-08 3.29992e-08 5.37171e-08 2.92384e-08 4.45874e-08 2.27969e-08 3.87489e-08 1.79191e-08 4.89724e-08 3.53348e-08
threshold=0.93955400000000011 -0.021327169990503079 3237900.0000000005 8946800.0000000019 -0.014151043126324514 -1.4820570420309243 3.4372308254241948 -1.6212563174621948 -0.011299378744035868 -0.0037844733202364216 2810300.0000000005 -0.00026729299625395799 37.982652435366127 -6.3425187707430704e-05
decision_type=2 2 2 2 2 2 2 2 2 2 2 2 2 2
left_child=1 2 -1 4 5 -3 -7 8 -6 10 -9 12 -11 -13
right_child=-2 3 -4 -5 7 6 -8 9 -10 11 -12 13 -14 -15
leaf_value=3.4335188456680044e-06 5.5318480377763987e-06 1.3514690056126709e-05 -1.3899284680519484e-05 8.06519418119933e-06 7.1282649258819222e-07 -1.0440554340517415e-05 9.4627389221211786e-06 -1.2998124617524808e-06 -1.8466488377271162e-05 9.727826784162045e-06 1.4872847940949895e-05 1.3058677037633968e-05 -4.067467452300189e-06 7.1282107968226997e-08
leaf_weight=20 24 25 25 20 24 23 26 30 20 26 24 20 212 329
leaf_count=20 24 25 25 20 24 23 26 30 20 26 24 20 212 329
internal_value=6.79142e-15 -1.61122e-07 -6.19582e-06 1.87481e-07 -2.01008e-08 4.64548e-06 1.20377e-07 -5.2412e-07 -8.00504e-06 -1.06088e-08 5.88804e-06 -5.53244e-07 -2.56042e-06 8.15545e-07
internal_weight=848 824 45 779 759 74 49 685 44 641 54 587 238 349
internal_count=848 824 45 779 759 74 49 685 44 641 54 587 238 349
is_linear=0
shrinkage=0.3


Tree=180
num_leaves=24
num_cat=0
split_feature=8 13 3 8 16 16 9 13 13 1 3 23 4 20 7 21 8 20 5 6 16 17 13
split_gain=7.65724e-09 2.66081e-08 2.98986e-08 1.32864e-08 1.29427e-08 2.81555e-08 3.66301e-08 4.79594e-08 2.54982e-08 4.59524e-08 3.51975e-08 2.54865e-08 4.33515e-08 5.4288e-08 6.29141e-08 4.11454e-08 3.35934e-08 3.78434e-08 2.86974e-08 3.38838e-08 2.76707e-08 3.94658e-08 1.84283e-08
threshold=-0.059145138075105665 0.023242952823285232 3.0051484107971196 -0.049508439383841203 0.0026666641235351439 0.00450452324228861 0.010124011088190176 0.016956923592829725 0.022794896782508411 3.6167113412462162 3.8780893087387089 0.87500000000000011 2175650.0000000005 0.21534700000000004 -0.0048602254656504099 0.88854800000000012 -0.024071813303672258 0.91855700000000007 0.011876778064342288 0.01049889093037438 0.0022779565343908777 0.0073260112806835583 0.021000346054535411
decision_type=2 2 2 2 2 2 2 2 2 2 2 2 2 2 2 2 2 2 2 2 2 2 2
left_child=1 -1 -3 -2 11 -6 -7 -8 9 -9 -10 12 13 14 -5 -16 -13 20 19 22 21 -18 -14
right_child=3 2 -4 4 5 6 7 8 10 -11 -12 16 18 -15 15 -17 17 -19 -20 -21 -22 -23 -24
leaf_value=-9.8877875893776947e-06 6.7148710826359089e-06 -6.1679799234053249e-06 7.8421579081773893e-06 1.6072644929262682e-05 -1.1827284106402657e-05 8.6963165534825736e-06 -1.5749398216939879e-05 1.4601945360936952e-05 -1.2562143769046949e-06 -1.2189305062938435e-07 -1.4012944060678736e-05 -1.2146501309040974e-05 -9.7437801025534994e-06 2.190820718396935e-05 4.8061249903444797e-06 -1.2251337454927124e-05 6.9690009240730431e-06 1.1323719655078805e-05 -1.0757754742891329e-05 1.0840407155228604e-05 -1.0183023051370453e-05 -6.8947447723324075e-06 1.796848719560661e-06
leaf_weight=30 28 26 29 28 21 35 20 24 169 93 22 23 20 20 35 20 42 23 21 25 28 33 33
leaf_count=30 28 26 29 28 21 35 20 24 169 93 22 23 20 20 35 20 42 23 21 25 28 33 33
internal_value=5.75037e-14 -2.70092e-06 1.21918e-06 3.00889e-07 5.65472e-08 -1.14704e-06 -5.29177e-07 -1.5136e-06 -5.89202e-07 2.89838e-06 -2.72558e-06 1.37329e-06 3.56883e-06 7.87753e-06 4.49665e-06 -1.39659e-06 -1.6032e-06 3.21368e-07 -9.13962e-07 1.73629e-06 -2.13547e-06 8.68953e-07 -2.55811e-06
internal_weight=848 85 55 763 735 384 363 328 308 117 191 351 202 103 83 55 149 126 99 78 103 75 53
internal_count=848 85 55 763 735 384 363 328 308 117 191 351 202 103 83 55 149 126 99 78 103 75 53
is_linear=0
shrinkage=0.3


Tree=181
num_leaves=30
num_cat=0
split_feature=19 17 14 17 14 21 10 6 23 7 5 14 27 20 7 20 11 27 17 10 22 19 4 1 3 0 9 14 27
split_gain=1.04927e-08 2.93948e-08 3.97638e-08 6.43546e-08 7.1003e-08 4.1257e-08 3.18077e-08 3.15179e-08 4.19212e-08 3.83973e-08 3.04168e-08 4.811e-08 9.67673e-08 4.0152e-08 2.51916e-08 4.97038e-08 3.24644e-08 2.6065e-08 2.00388e-08 4.65106e-08 3.73051e-08 5.06555e-08 3.49102e-08 3.32155e-08 4.41845e-08 3.53001e-08 2.19664e-08 2.10295e-08 1.86995e-08
threshold=0.11997350000000001 0.0025189531963511172 0.017725314853547048 0.0079894674185601623 0.014371264554736751 0.04454650000000001 1.4018830033409351 0.0057067999947813123 0.87500000000000011 -0.0048250627060276033 0.020145350432235493 0.021276603614616463 0.79328450000000006 0.84411000000000003 -0.019936641331994527 0.039731000000000009 39.569390776008369 0.89771800000000013 0.0047004103749118632 -0.49105053691072237 0.012209000000000003 0.041072500000000005 2533350.0000000005 3.5321594838953079 3.7433363199234013 3.3501963723667534 0.014484949991349605 0.01792291851009218 0.88448050000000011
decision_type=2 2 2 2 2 2 2 2 2 2 2 2 2 2 2 2 2 2 2 2 2 2 2 2 2 2 2 2 2
left_child=14 10 3 4 -3 -4 7 8 -7 -10 11 12 -2 -14 15 -1 17 -16 19 28 -20 23 27 25 -25 -22 -24 -21 -18
right_child=1 2 5 -5 -6 6 -8 -9 9 -11 -12 -13 13 -15 16 -17 18 -19 20 22 21 -23 26 24 -26 -27 -28 -29 -30
leaf_value=1.5551959424936718e-05 6.6388855147296628e-06 5.4872677983060688e-06 -1.1759376643154113e-05 -3.8770610495299074e-06 2.6826087731063561e-05 1.8522147215497984e-05 -6.8703762802466236e-06 -3.2690221920851446e-06 1.26493412890428e-05 -1.892104765617701e-06 -1.3272980040710535e-05 8.5120206222200071e-06 -2.3661522332726496e-05 -5.5177593050915592e-06 -1.574137730858638e-05 -3.7723026489402398e-06 2.9187985144574213e-06 -2.4141762021859644e-06 9.5016773418876709e-06 -1.2049871761079092e-05 -3.9485035254749334e-06 -1.6671636840328573e-05 -3.8592017449445847e-06 -1.1817716131190536e-05 1.1935839829082237e-06 1.1538901180251235e-05 8.8147546136951856e-06 -7.7285860401309973e-08 1.5120308947958759e-05
leaf_weight=23 37 36 22 27 23 22 29 37 26 44 20 36 21 23 25 25 20 28 20 31 26 25 20 48 46 27 32 23 26
leaf_count=23 37 36 22 27 23 22 29 37 26 44 20 36 21 23 25 25 20 28 20 31 26 25 20 48 46 27 32 23 26
internal_value=-3.36731e-14 1.10891e-06 2.94766e-06 8.2542e-06 1.38058e-05 4.12314e-07 2.10711e-06 4.1253e-06 7.0991e-06 3.509e-06 -2.46123e-06 -6.13068e-07 -4.66866e-06 -1.41773e-05 -1.00424e-06 5.48724e-06 -1.78911e-06 -8.70059e-06 -7.24259e-07 1.84913e-06 -2.76153e-06 -4.18748e-06 -1.60788e-06 -2.06433e-06 -5.45048e-06 3.94131e-06 3.94016e-06 -6.95044e-06 9.8153e-06
internal_weight=848 403 266 86 59 180 158 129 92 70 137 117 81 44 445 48 397 53 344 152 192 172 106 147 94 53 52 54 46
internal_count=848 403 266 86 59 180 158 129 92 70 137 117 81 44 445 48 397 53 344 152 192 172 106 147 94 53 52 54 46
is_linear=0
shrinkage=0.3


Tree=182
num_leaves=21
num_cat=0
split_feature=10 10 10 21 26 7 7 10 12 11 6 14 8 14 9 8 4 20 23 13
split_gain=1.05112e-08 2.94665e-08 2.68863e-08 1.98277e-08 3.64105e-08 2.44052e-08 4.28834e-08 4.04032e-08 3.76625e-08 4.17957e-08 4.08354e-08 2.11411e-08 1.81175e-08 2.62568e-08 2.61237e-08 2.86254e-08 3.80909e-08 2.37045e-08 1.4086e-08 1.17481e-08
threshold=0.17701256188938488 -0.065421695684577508 0.27228175424625439 0.9192300000000001 0.077724000000000015 -0.011737537761617926 -0.009401083027999765 -0.77512851239896141 -0.0003806369012761092 45.479537475043905 0.0046728812517494393 0.019659451496939599 -0.0094911018964517393 0.042119501187955967 0.011461081375236198 0.0024815878747885128 5536650.0000000009 0.091909000000000018 0.87500000000000011 0.025066848274681662
decision_type=2 2 2 2 2 2 2 2 2 2 2 2 2 2 2 2 2 2 2 2
left_child=1 3 -2 4 -1 7 -7 11 10 -10 -8 -6 -4 14 -14 -16 17 -17 -3 -13
right_child=2 18 12 -5 5 6 8 -9 9 -11 -12 19 13 -15 15 16 -18 -19 -20 -21
leaf_value=9.5189198570248358e-06 1.0875635541651717e-05 -1.3226587444137293e-05 8.8536986843543922e-06 -7.1209308452032064e-06 -7.6439404918718623e-06 -1.4631305808424339e-05 -1.5240119858622525e-06 1.432280425888166e-05 -4.8225992941297582e-07 -1.8327242828166035e-05 8.4731822657317924e-06 -1.2071089940945967e-06 6.7976271308194755e-06 1.024912070468937e-05 -1.1164896111145376e-05 -4.0068319814141332e-06 -1.184940159373582e-05 2.5168552731402723e-06 -2.5874495748772526e-06 9.0755473161152624e-06
leaf_weight=36 24 24 22 34 22 22 139 24 27 21 50 20 37 21 26 73 25 160 21 20
leaf_count=36 24 24 22 34 22 22 139 24 27 21 50 20 37 21 26 73 25 160 21 20
internal_value=4.62473e-14 -9.70035e-07 1.15004e-06 -1.79377e-07 4.40079e-07 -5.07278e-07 -1.96124e-06 3.8715e-06 -7.85113e-07 -8.28944e-06 1.12075e-06 -1.7416e-07 5.08794e-07 -2.80131e-08 -7.00349e-07 -1.6772e-06 -7.21073e-07 4.72953e-07 -8.26166e-06 3.93422e-06
internal_weight=848 460 388 415 381 345 259 86 237 48 189 62 364 342 321 284 258 233 45 40
internal_count=848 460 388 415 381 345 259 86 237 48 189 62 364 342 321 284 258 233 45 40
is_linear=0
shrinkage=0.3


Tree=183
num_leaves=15
num_cat=0
split_feature=20 10 23 27 10 11 11 9 10 10 8 14 0 14
split_gain=7.77805e-09 1.30682e-08 2.82974e-08 1.90182e-08 1.81462e-08 1.62669e-08 2.09683e-08 1.60624e-08 1.49295e-08 4.78489e-08 2.24484e-08 1.59405e-08 5.38507e-08 2.30554e-08
threshold=0.94054450000000012 -1.6212563174621948 0.41666650000000005 0.90840500000000002 -1.4696028012891447 34.432930784171262 37.982652435366127 0.017863648632084284 -0.78880372801323051 -0.93928867276319694 -0.034276413485081113 0.015587351253497408 3.7961337269228008 0.016088829841142679
decision_type=2 2 2 2 2 2 2 2 2 2 2 2 2 2
left_child=1 2 3 -1 -3 -6 -7 -4 9 10 -8 12 -10 -13
right_child=-2 4 7 -5 5 6 8 -9 11 -11 -12 13 -14 -15
leaf_value=7.957043569397434e-06 5.7016648627593106e-06 9.1727117830942006e-06 -3.1433299389911035e-06 -4.8251319424252866e-06 -7.355626560358639e-06 8.6460538191510332e-06 -7.876695817239058e-06 -1.4742853035055635e-05 -2.0774118306229565e-06 -1.4488717705227408e-05 3.6827804548364736e-06 -9.8329340620363254e-06 9.4387489461666963e-06 1.422808591797775e-07
leaf_weight=22 21 20 21 20 26 26 21 22 79 26 54 22 68 400
leaf_count=22 21 20 21 20 26 26 21 22 79 26 54 22 68 400
internal_value=-1.08643e-14 -1.44782e-07 -3.66824e-06 1.87029e-06 2.58848e-07 1.19268e-08 2.87152e-07 -9.07797e-06 -3.72238e-08 -3.39849e-06 4.46127e-07 5.59415e-07 3.24979e-06 -3.77754e-07
internal_weight=848 827 85 42 742 722 696 43 670 101 75 569 147 422
internal_count=848 827 85 42 742 722 696 43 670 101 75 569 147 422
is_linear=0
shrinkage=0.3


Tree=184
num_leaves=11
num_cat=0
split_feature=10 1 3 22 26 13 27 12 9 10
split_gain=9.53161e-09 8.67224e-09 2.491e-08 1.23568e-08 1.34202e-08 2.42174e-08 1.30428e-08 1.61127e-08 3.14826e-08 1.6549e-08
threshold=-2.2061227919129238 2.9880246583194054 3.0051484107971196 0.96313550000000003 0.92102600000000012 0.023360253571375739 0.94066250000000007 -0.00021750340072030079 0.02600177351755208 -0.40343680689387473
decision_type=2 2 2 2 2 2 2 2 2 2
left_child=-1 -2 -3 4 6 -6 7 8 -4 -9
right_child=1 2 3 -5 5 -7 -8 9 -10 -11
leaf_value=6.4715251805935737e-06 5.5875686919772191e-06 -1.0775571090562153e-05 -2.8846607969218643e-06 6.9554887266514756e-06 -1.107918417094172e-05 2.3296047567617443e-06 6.0919195492158085e-06 -5.8571991562277819e-06 5.0046619113193925e-06 1.8847035673657658e-06
leaf_weight=20 23 20 290 22 27 22 31 27 54 312
leaf_count=20 23 20 290 22 27 22 31 27 54 312
internal_value=-3.94653e-16 -1.56317e-07 -3.20428e-07 -5.4055e-08 -2.56165e-07 -5.05891e-06 7.34352e-08 -1.99732e-07 -1.64622e-06 1.26809e-06
internal_weight=848 828 805 785 763 49 714 683 344 339
internal_count=848 828 805 785 763 49 714 683 344 339
is_linear=0
shrinkage=0.3


Tree=185
num_leaves=21
num_cat=0
split_feature=12 18 12 7 7 10 14 5 5 28 26 13 17 14 13 6 6 5 12 28
split_gain=8.2746e-09 3.04598e-08 2.86479e-08 2.01763e-08 1.91911e-08 1.68682e-08 1.3167e-08 6.53407e-08 5.05826e-08 3.5506e-08 4.09508e-08 4.07759e-08 2.82939e-08 1.78768e-08 1.66295e-08 1.55471e-08 2.17756e-08 2.63647e-08 1.8673e-08 1.69173e-08
threshold=-0.0032507960570317472 -0.34323595595127537 -0.005297022308108067 -0.002481403911677 -1.0000000180025095e-35 -1.4271966359639323 0.016528989601943132 0.0093096570405526834 0.0052016693312907335 1.0000000180025095e-35 0.57019350000000013 0.023843248525726429 0.0047904215182456049 0.017565882858550385 0.029715948595025698 -0.0081304648022302705 -0.0055021179455492474 0.0082646248546045277 -0.00044676537117908948 1.0000000180025095e-35
decision_type=2 2 2 2 2 2 2 2 2 2 2 2 2 2 2 2 2 2 2 2
left_child=1 4 -3 -4 -1 -2 7 8 9 11 -11 12 -7 -8 15 18 -17 -18 -15 -20
right_child=5 2 3 -5 -6 6 13 -9 -10 10 -12 -13 -14 14 -16 16 17 -19 19 -21
leaf_value=-1.0237478594632419e-05 -6.493730195590895e-06 -2.1819354229284512e-06 1.3650976535138719e-05 3.3158072601977167e-06 2.0293711651737052e-06 -1.3885522274567972e-06 -9.0240793724660755e-06 1.7695891087246958e-05 -1.1978727009894403e-05 1.5019079771925383e-05 -9.0061594907918048e-07 -1.1496803512482775e-05 9.5551491995138335e-06 1.8754977092832069e-06 7.2370097259606505e-06 8.6752100770581806e-06 1.4012924330850817e-06 -4.9592417818285258e-06 -1.0954232428092637e-05 -7.889169637564919e-07
leaf_weight=24 39 34 34 34 22 73 24 21 27 33 26 26 30 29 23 24 172 89 41 23
leaf_count=24 39 34 34 34 22 73 24 21 27 33 26 26 30 29 23 24 172 89 41 23
internal_value=-3.04461e-14 2.03805e-06 4.92828e-06 8.48339e-06 -4.37072e-06 -4.30902e-07 -7.31862e-08 1.72362e-06 1.63541e-07 1.90738e-06 8.00362e-06 -8.80827e-07 1.79893e-06 -1.07094e-06 -5.94945e-07 -1.07149e-06 2.75608e-08 -7.67625e-07 -4.43956e-06 -7.30107e-06
internal_weight=848 148 102 68 46 700 661 236 215 188 59 129 103 425 401 378 285 261 93 64
internal_count=848 148 102 68 46 700 661 236 215 188 59 129 103 425 401 378 285 261 93 64
is_linear=0
shrinkage=0.3


Tree=186
num_leaves=20
num_cat=0
split_feature=18 4 26 8 8 15 13 13 28 3 26 12 8 22 22 6 7 6 14
split_gain=6.95296e-09 2.3809e-08 4.05371e-08 1.85762e-08 2.91943e-08 1.45077e-08 1.06409e-08 1.72758e-08 1.20943e-08 3.13566e-08 2.98783e-08 5.06066e-08 4.24658e-08 2.41344e-08 4.5111e-08 2.91229e-08 2.20603e-08 2.27858e-08 1.74634e-08
threshold=-0.90363381202300219 1043550.0000000001 0.37685950000000007 0.029831192917680441 9.1723503792273687e-17 -1.0000000180025095e-35 0.01473486573965083 0.016408463067314905 1.0000000180025095e-35 3.9541758298873906 0.2284535 -0.0039550699328492348 0.047258928354318261 0.015974500000000003 0.012715500000000003 -0.0027175400084091146 -0.0027175400084091146 -0.0024157739674230175 0.019002357002653802
decision_type=2 2 2 2 2 2 2 2 2 2 2 2 2 2 2 2 2 2 2
left_child=3 2 -2 4 5 -1 -3 -8 9 10 12 -12 -9 14 15 -10 17 -15 -18
right_child=1 6 -4 -5 -6 -7 7 8 13 -11 11 -13 -14 16 -16 -17 18 -19 -20
leaf_value=-6.2383990326511898e-06 -2.1340523665003274e-06 -6.1843394947800332e-06 1.6966570810268423e-05 5.0250206206990029e-06 -1.4277228261302559e-05 4.5374328702445892e-06 7.858389220928074e-06 -6.8222551245147988e-06 5.2561590791810881e-06 1.049713761826102e-05 1.1649491584933003e-05 1.3393493117976583e-07 7.8496988923472007e-06 -1.5067881869649332e-05 1.3567758097728391e-05 -7.7244782158913935e-06 4.436480131342999e-06 -3.8660407684884293e-06 -4.212396540982478e-06
leaf_weight=22 20 25 20 22 21 23 25 92 28 28 40 243 22 26 23 35 34 44 55
leaf_count=22 20 25 20 22 21 23 25 92 28 28 40 243 22 26 23 35 34 44 55
internal_value=4.54228e-15 2.92309e-07 7.41626e-06 -2.52449e-06 -5.04099e-06 -7.30752e-07 -1.03466e-07 1.15271e-07 -1.73651e-07 7.94098e-07 1.09753e-07 1.76158e-06 -3.99083e-06 -1.8524e-06 2.19621e-06 -1.95531e-06 -4.04222e-06 -8.02672e-06 -9.08331e-07
internal_weight=848 760 40 88 66 45 720 695 670 425 397 283 114 245 86 63 159 70 89
internal_count=848 760 40 88 66 45 720 695 670 425 397 283 114 245 86 63 159 70 89
is_linear=0
shrinkage=0.3


Tree=187
num_leaves=24
num_cat=0
split_feature=22 13 10 13 1 4 9 17 4 4 15 5 4 6 9 11 10 17 22 27 5 28 7
split_gain=6.84256e-09 2.9512e-08 2.73229e-08 1.96478e-08 3.08704e-08 2.6915e-08 2.58016e-08 2.41948e-08 1.98018e-08 1.60774e-08 3.65634e-08 2.5055e-08 1.85995e-08 2.92647e-08 2.16236e-08 2.83407e-08 3.36428e-08 2.90692e-08 2.96792e-08 2.75287e-08 1.6839e-08 2.4826e-08 2.32116e-08
threshold=0.018311500000000005 0.016607099267765719 -1.6869331553526101 0.017517006296946847 3.9777973753701508 1274150.0000000002 0.014165960446049066 0.0049382970604986472 1974350.0000000002 4589250.0000000009 -0.011438383292812519 0.0077723210426580364 3474100.0000000005 -0.0022700644822859725 0.011461081375236198 42.714672630880521 -0.80753188938970955 0.0023640639286444374 0.16274750000000002 0.88448050000000011 -0.004705749329737355 1.0000000180025095e-35 0.011876778064342288
decision_type=2 2 2 2 2 2 2 2 2 2 2 2 2 2 2 2 2 2 2 2 2 2 2
left_child=1 -1 -3 -4 5 7 -7 -5 -8 12 -11 -12 14 -14 19 17 -17 -16 -19 -2 22 -22 -18
right_child=9 2 3 4 -6 6 8 -9 -10 10 11 -13 13 -15 15 16 20 18 -20 -21 21 -23 -24
leaf_value=-1.2243322123595135e-05 -9.4939263297939235e-07 -9.8526296956151782e-06 9.3237272137360239e-06 7.2197533752062418e-07 -1.023833670933527e-05 7.7982608104321116e-06 -8.2731135004602632e-06 1.5301717450029173e-05 -3.2241808845321006e-07 -5.9367346443650603e-06 1.495522810179456e-05 1.3487869198667925e-06 9.3747001249274329e-07 -1.199415701356494e-05 1.4897537635079062e-05 -1.0443480782255806e-05 7.0328441372916692e-06 9.3491798646709865e-06 -4.4463939858019327e-06 1.392384328795515e-05 5.6044081286068901e-07 -7.593117772136783e-06 -4.0908166120061651e-06
leaf_weight=20 21 25 21 21 25 28 36 20 130 20 29 21 36 28 20 33 52 25 32 24 107 49 25
leaf_count=20 21 25 21 21 25 28 36 20 130 20 29 21 36 28 20 33 52 25 32 24 107 49 25
internal_value=-2.10297e-14 -1.07835e-06 -3.48612e-07 4.96941e-07 -2.15991e-07 8.50216e-07 -6.25748e-07 7.83404e-06 -2.04667e-06 6.73451e-07 4.90416e-06 9.24052e-06 1.82526e-08 -4.72012e-06 7.99839e-07 -1.13625e-08 -1.47855e-06 5.05709e-06 1.6043e-06 6.983e-06 -2.08833e-07 -2.00061e-06 3.42127e-06
internal_weight=848 326 306 281 260 235 194 41 166 522 70 50 452 64 388 343 266 77 57 45 233 156 77
internal_count=848 326 306 281 260 235 194 41 166 522 70 50 452 64 388 343 266 77 57 45 233 156 77
is_linear=0
shrinkage=0.3


Tree=188
num_leaves=21
num_cat=0
split_feature=21 16 21 14 14 15 14 21 21 9 7 17 12 21 7 16 27 17 11 6
split_gain=6.12927e-09 2.40443e-08 1.03289e-08 1.26224e-08 3.4969e-08 3.3503e-08 2.94864e-08 2.05185e-08 2.13743e-08 2.00163e-08 2.61631e-08 2.65854e-08 2.59558e-08 2.52325e-08 2.5308e-08 2.39927e-08 1.98997e-08 1.89895e-08 7.14467e-09 6.30073e-09
threshold=0.91958000000000006 0.0080536980535078784 0.90896500000000013 0.023999977111816475 0.023201957947995004 -0.0096618826613073475 0.020238896050265187 0.8877925000000001 0.84885800000000011 0.017725460141997912 -0.0075663051665252846 0.010825640103905113 0.0014524070662596269 0.078962000000000018 0.0023365871699273489 0.0027137065686552069 0.74429150000000011 0.0068182293541164804 46.008807959008273 -0.0029242702439620286
decision_type=2 2 2 2 2 2 2 2 2 2 2 2 2 2 2 2 2 2 2 2
left_child=2 18 3 4 5 6 -1 8 16 12 15 13 17 -12 -15 -11 -7 -5 -2 -17
right_child=1 -3 -4 9 -6 7 -8 -9 -10 10 11 -13 -14 14 -16 19 -18 -19 -20 -21
leaf_value=1.1385926087601355e-05 -1.1157893329709622e-05 5.3832107283824366e-06 5.5054841102020193e-06 1.5047697120105742e-05 -1.2045524420045694e-05 1.7420679285390612e-06 -5.9540006797457565e-07 -1.0755815242191601e-05 7.4052842843632156e-06 -1.3236558782279774e-05 7.1042858455537216e-06 9.1503225887304563e-06 -3.476739408370122e-06 -1.2713479191006626e-05 8.9036158925637208e-07 2.862465553984553e-06 -3.0542956471454297e-06 3.9706337702227756e-06 -3.2350738365494179e-06 -4.5777207424180229e-06
leaf_weight=38 20 21 32 26 24 115 36 20 26 21 26 38 20 20 32 21 241 30 21 20
leaf_count=38 20 21 32 26 24 115 36 20 26 21 26 38 20 20 32 21 241 30 21 20
internal_value=5.47487e-15 -2.87173e-06 2.26523e-07 2.4821e-09 -8.72376e-07 -3.09024e-07 5.55717e-06 -1.38887e-06 -8.98456e-07 1.72464e-06 -1.5532e-08 2.6435e-06 5.80032e-06 -5.26495e-07 -4.34188e-06 -4.99049e-06 -1.50491e-06 9.11356e-06 -7.09986e-06 -7.66894e-07
internal_weight=848 62 786 754 500 476 74 402 382 254 178 116 76 78 52 62 356 56 41 41
internal_count=848 62 786 754 500 476 74 402 382 254 178 116 76 78 52 62 356 56 41 41
is_linear=0
shrinkage=0.3


Tree=189
num_leaves=24
num_cat=0
split_feature=1 7 7 26 1 16 13 6 9 22 13 14 4 17 26 0 3 10 12 10 20 17 21
split_gain=6.1317e-09 2.13701e-08 5.53868e-08 3.1281e-08 1.72239e-08 2.26594e-08 1.57477e-08 3.22249e-08 1.41029e-08 1.21891e-08 3.18645e-08 2.58394e-08 2.40467e-08 1.87091e-08 1.79198e-08 2.30341e-08 1.56362e-08 3.03526e-08 2.04092e-08 1.91224e-08 1.73552e-08 1.50455e-08 1.01092e-08
threshold=3.904138362889737 -0.0022728015173717445 0.0023257014670607103 0.47840850000000007 3.8725341533432589 0.002355713622170462 0.021419265661651535 0.0023257014670607103 0.0099345224753250305 0.038487500000000008 0.017953251029089064 0.011904807858458382 1274150.0000000002 0.0049382970604986472 0.061141000000000008 3.6760173799936573 3.6003096103668217 -0.24516643481651182 -0.0049732640670858133 0.99638531824761678 0.041703000000000011 0.0049382970604986472 0.08171100000000002
decision_type=2 2 2 2 2 2 2 2 2 2 2 2 2 2 2 2 2 2 2 2 2 2 2
left_child=4 3 -3 -2 8 -6 7 -4 -1 10 -10 -11 13 -12 21 -16 18 -18 -13 -19 -20 -14 -5
right_child=1 2 6 22 5 -7 -8 -9 9 11 12 16 14 -15 15 -17 17 19 20 -21 -22 -23 -24
leaf_value=-7.6278842081072587e-06 1.0598125289526742e-05 -1.7361073222001205e-05 -1.1467234310202912e-05 2.1230882856571042e-06 -7.0600733920400676e-07 1.3574571810295312e-05 4.9487830630102415e-06 4.8378475480603805e-06 1.3139552094685313e-05 -9.791213520722001e-06 1.2080725137702361e-06 6.9749603612349752e-06 -6.8255497393218556e-07 1.3445178423022629e-05 2.2936463397407782e-06 -5.4473528470500532e-06 -3.2755758638813859e-06 1.5586536184173381e-05 1.6660194329564217e-06 2.624917994710683e-06 -4.7953787852514861e-06 -1.1933271650832467e-05 -7.3011749464058084e-06
leaf_weight=21 26 23 24 20 20 20 29 20 20 28 23 22 23 22 177 43 33 20 55 21 117 20 21
leaf_count=21 26 23 24 20 20 20 29 20 20 28 23 22 23 22 177 43 33 20 55 21 117 20 21
internal_value=-1.3755e-14 -1.65373e-06 -4.5234e-06 2.45804e-06 3.93516e-07 6.43428e-06 -4.78657e-07 -4.05583e-06 1.88946e-08 2.76238e-07 1.53581e-06 -1.1195e-06 7.8232e-07 7.19066e-06 -3.14163e-07 7.80633e-07 -2.13504e-07 3.49676e-06 -1.62876e-06 8.94766e-06 -2.72923e-06 -5.91545e-06 -2.70397e-06
internal_weight=848 163 96 67 685 40 73 44 645 624 328 296 308 45 263 220 268 74 194 41 172 43 41
internal_count=848 163 96 67 685 40 73 44 645 624 328 296 308 45 263 220 268 74 194 41 172 43 41
is_linear=0
shrinkage=0.3


Tree=190
num_leaves=16
num_cat=0
split_feature=4 17 4 8 8 7 10 8 22 10 4 6 4 14 18
split_gain=5.63754e-09 2.16637e-08 1.00821e-08 7.28081e-09 2.91215e-08 1.767e-08 2.27752e-08 1.5039e-08 3.1214e-08 2.27648e-08 1.48181e-08 2.22022e-08 1.52695e-08 1.63361e-08 1.47355e-08
threshold=961800.00000000012 0.0024301349922037979 1073100.0000000002 0.046007282062680586 0.064282034484870187 0.0023257014670607103 1.102659223574092 0.03591167433243888 0.052936000000000004 1.7817139737964085 5536650.0000000009 1.0000000180025095e-35 4589250.0000000009 0.0097324086792741731 0.13295385791662515
decision_type=2 2 2 2 2 2 2 2 2 2 2 2 2 2 2
left_child=1 -1 -2 7 14 -6 -7 9 -9 10 12 -12 13 -4 -5
right_child=2 -3 3 4 5 6 -8 8 -10 -11 11 -13 -14 -15 -16
leaf_value=3.7155411186736624e-06 6.8631133399321689e-06 -7.788135399898559e-06 5.6071291191983619e-06 1.1927821367407887e-05 -6.0965516691060029e-06 1.0125649802148472e-05 -3.7166307815477524e-06 -1.3369891117374368e-05 2.6274728376003099e-06 9.962941935555137e-06 -9.8919062690005039e-06 2.7754165770943472e-06 7.5446619874242053e-06 -7.1757096200009067e-07 1.7058884938333821e-06
leaf_weight=26 20 34 40 30 39 20 23 23 21 20 33 20 24 453 22
leaf_count=26 20 34 40 30 39 20 23 23 21 20 33 20 24 453 22
internal_value=-3.4287e-15 -2.80321e-06 2.13442e-07 4.02738e-08 2.04947e-06 -1.47238e-06 2.72164e-06 -3.84383e-07 -5.73479e-06 1.46299e-08 -3.34434e-07 -5.11178e-06 1.55314e-07 -2.04411e-07 7.60316e-06
internal_weight=848 60 788 768 134 82 43 634 44 590 570 53 517 493 52
internal_count=848 60 788 768 134 82 43 634 44 590 570 53 517 493 52
is_linear=0
shrinkage=0.3


Tree=191
num_leaves=27
num_cat=0
split_feature=22 9 21 14 12 13 25 6 22 7 2 27 6 7 7 12 5 15 16 0 4 11 20 8 0 27
split_gain=7.46086e-09 1.31119e-08 1.58475e-08 2.3126e-08 3.82341e-08 1.92456e-08 1.82563e-08 1.95121e-08 1.16813e-08 1.05744e-08 1.17073e-08 1.78777e-08 3.06547e-08 2.49512e-08 2.40108e-08 2.19958e-08 2.17876e-08 2.03675e-08 1.78637e-08 1.70283e-08 2.68696e-08 2.30583e-08 2.00945e-08 1.94056e-08 1.88611e-08 9.47005e-09
threshold=0.32527700000000004 0.030132855588368562 0.041463500000000007 0.017174374451387118 0.00076314234912299177 0.018764925011933855 0.58333350000000006 0.002436220310745025 0.21079050000000002 0.025159728961644066 3.7741687306749854 0.72125400000000017 0.0080537925741478288 -0.0075663051665252846 -0.004705749329737355 0.0019768182282703726 0.013633898581512703 0.0027473330797572128 0.0091743030635857495 3.926568856482898 1405050.0000000002 46.053673562169216 0.18741200000000002 0.020955316418932751 3.8725332165829434 0.91520350000000017
decision_type=2 2 2 2 2 2 2 2 2 2 2 2 2 2 2 2 2 2 2 2 2 2 2 2 2 2
left_child=8 2 3 -2 -5 -4 -7 -8 9 10 11 12 17 15 -15 18 -16 -1 -13 21 -21 -12 -23 -22 -24 -3
right_child=1 25 5 4 -6 6 7 -9 -10 -11 19 13 -14 14 16 -17 -18 -19 -20 20 23 22 24 -25 -26 -27
leaf_value=-3.9173008943294008e-06 1.0230558837502731e-05 -1.8848348742851937e-06 -1.1056017572173004e-05 7.1719061168096225e-06 -1.0356316754821037e-05 -8.8063522809989074e-06 -3.1035602642777329e-06 6.8081959057053609e-06 6.63667486959538e-06 -4.5854611818484908e-06 3.345213721559048e-06 -5.2585344882345446e-06 -1.2835473819166053e-05 1.2438516224782298e-05 1.2785395121719207e-06 7.8431986639770919e-06 8.8880665531961125e-06 7.9404047260761057e-06 4.6407266674058132e-06 -6.9230112944751458e-06 -1.1478317268094023e-08 -1.5278931575721798e-05 -9.6277683590652356e-06 1.2885566405072624e-05 2.9690344689470294e-06 -1.1006300263716185e-05
leaf_weight=32 26 21 20 24 21 20 39 33 27 38 25 75 20 28 147 20 44 22 21 20 21 20 23 21 20 20
leaf_count=32 26 21 20 24 21 20 39 33 27 38 25 75 20 28 147 20 44 22 21 20 21 20 23 21 20 20
internal_value=-1.13771e-14 -1.4852e-06 -3.98788e-07 3.10757e-06 -1.00793e-06 -2.62157e-06 -7.87994e-07 1.43933e-06 5.3315e-07 2.57111e-07 5.86302e-07 1.41774e-06 -2.80235e-06 2.34993e-06 4.23424e-06 -1.20751e-06 3.03152e-06 9.13616e-07 -3.09307e-06 -1.68074e-06 2.12735e-06 -4.36371e-06 -7.4228e-06 6.43704e-06 -3.76879e-06 -6.33433e-06
internal_weight=848 224 183 71 45 112 92 72 624 597 559 409 74 335 219 116 191 54 96 150 62 88 63 42 43 41
internal_count=848 224 183 71 45 112 92 72 624 597 559 409 74 335 219 116 191 54 96 150 62 88 63 42 43 41
is_linear=0
shrinkage=0.3


Tree=192
num_leaves=24
num_cat=0
split_feature=1 0 18 17 12 6 14 20 15 14 2 16 22 1 3 4 18 27 0 9 16 16 6
split_gain=4.71703e-09 7.27658e-09 5.46481e-09 1.65554e-08 1.89872e-08 1.77572e-08 2.6364e-08 1.50711e-08 2.43101e-08 1.25059e-08 1.22467e-08 3.40598e-08 4.85564e-08 3.61469e-08 3.10683e-08 2.32167e-08 1.8843e-08 3.08624e-08 2.01495e-08 2.90962e-08 2.35877e-08 1.57678e-08 8.5113e-09
threshold=2.9880246583194054 3.0550635525372525 -0.32512461276562959 0.0024906614469946751 0.002586353596640942 -0.0023866533818705706 0.014371264554736751 0.049118000000000002 0.0022831572193034756 0.018181831833886341 3.4069572186994979 0.0078947294121632702 0.48868000000000006 3.4464259658309522 3.2836807966232304 1202800.0000000002 -0.10678777170888319 0.74347600000000014 3.5654091580098637 0.0228346021306872 0.0026525360405205115 0.0024331456343007515 -0.012380583314054835
decision_type=2 2 2 2 2 2 2 2 2 2 2 2 2 2 2 2 2 2 2 2 2 2 2
left_child=-1 -2 3 5 7 22 -7 -5 9 -9 11 12 13 14 -4 -12 17 -17 20 -20 -18 -19 -3
right_child=1 2 10 4 -6 6 -8 8 -10 -11 15 -13 -14 -15 -16 16 18 21 19 -21 -22 -23 -24
leaf_value=3.9783854541807474e-06 -4.1801300250274142e-06 2.0093143327606164e-06 1.5106643929811979e-05 -1.042530193958115e-05 3.0470021759331734e-06 1.3147005816449562e-05 -7.7330841941147814e-07 5.7514485016933271e-06 -8.8904846383760134e-06 -3.1482337840316176e-06 -1.0200443380199431e-05 -4.5035201345364418e-06 -5.8477314865967847e-06 2.0221153912254e-05 3.5950052013807483e-07 1.429740965964551e-05 -1.0906769530131844e-05 -5.6826061154424679e-06 -6.6819148029557397e-07 9.9939476093333299e-06 4.4129106342438716e-07 4.8330715551194518e-06 -6.2444152866231406e-06
leaf_weight=26 38 22 20 31 37 24 25 27 36 30 20 39 24 21 36 21 34 21 202 26 32 33 23
leaf_count=26 38 22 20 31 37 24 25 27 36 30 20 39 24 21 36 21 34 21 202 26 32 33 23
internal_value=1.01956e-14 -1.25837e-07 7.06721e-08 -1.07012e-06 -2.91715e-06 2.09339e-06 6.0448e-06 -4.69677e-06 -2.78726e-06 1.06741e-06 6.20584e-07 3.02669e-06 5.93439e-06 9.60674e-06 5.62634e-06 -2.45366e-07 2.94204e-07 4.5387e-06 -7.88574e-07 5.47666e-07 -5.40468e-06 7.43641e-07 -2.20926e-06
internal_weight=848 822 784 255 161 94 49 124 93 57 529 140 101 77 56 389 369 75 294 228 66 54 45
internal_count=848 822 784 255 161 94 49 124 93 57 529 140 101 77 56 389 369 75 294 228 66 54 45
is_linear=0
shrinkage=0.3


Tree=193
num_leaves=25
num_cat=0
split_feature=27 14 8 14 18 12 14 14 10 7 10 18 3 22 6 27 7 16 19 1 0 13 27 24
split_gain=5.79369e-09 5.86866e-09 1.74663e-08 1.69663e-08 1.52528e-08 2.46506e-08 1.69374e-08 4.89584e-08 2.42144e-08 3.07421e-08 1.60727e-08 1.25243e-08 2.46715e-08 2.07162e-08 1.53307e-08 1.38013e-08 3.06186e-08 1.22329e-08 1.37512e-08 9.51596e-09 1.61991e-08 1.59416e-08 1.34538e-08 1.12218e-08
threshold=0.52490350000000008 0.019659451496939599 -0.059145138075105665 0.020506963648211366 0.60144126520691554 0.00067673297812017588 0.017014353215917644 0.016247654754420991 0.3371745709704656 -0.0093023965524082364 1.2723396351283982 0.80747225053102423 3.429060816764832 0.013182500000000002 0.0022911594382499941 0.72125400000000017 -0.0026774429251719511 0.0071429074216074256 0.039905000000000003 3.5489675346312315 3.5489675346312315 0.024038101900487892 0.78188000000000013 0.41666650000000005
decision_type=2 2 2 2 2 2 2 2 2 2 2 2 2 2 2 2 2 2 2 2 2 2 2 2
left_child=-1 2 -2 -3 6 -6 7 8 9 -4 -10 15 -13 -14 -15 16 -5 18 -8 21 -21 -17 -22 -23
right_child=1 3 4 11 5 -7 17 -9 10 -11 -12 12 13 14 -16 19 -18 -19 -20 20 22 23 -24 -25
leaf_value=-4.0256055898123206e-06 -7.6552461064238741e-06 9.0225898847248484e-06 -4.1123888774344178e-06 2.6190413538845152e-06 -1.0611116089743017e-05 3.0793837794362845e-06 -3.6125987389823419e-07 1.4820069108623101e-05 -6.5176162024727089e-06 6.2475662062912732e-06 2.9523941491235115e-06 -4.8875837990181026e-06 1.4200436168142583e-05 -3.1339420650056122e-06 8.6123821324690647e-06 -3.8009292309433133e-06 -1.1419654634696129e-05 2.5596672557526287e-06 -9.8879721599587358e-06 -8.855204825002666e-06 -6.7656747465402333e-06 6.3679726687670318e-06 1.5659002412666735e-06 -4.4477439224976929e-07
leaf_weight=31 30 22 37 27 29 20 25 24 54 85 23 22 22 20 20 29 29 24 30 21 21 68 103 32
leaf_count=31 30 22 37 27 29 20 25 24 54 85 23 22 22 20 20 29 29 24 30 21 21 68 103 32
internal_value=2.75137e-14 1.52746e-07 -7.07377e-07 9.04368e-07 -1.13542e-07 -5.02316e-06 6.83051e-07 2.02027e-06 4.76576e-07 3.10561e-06 -3.68891e-06 4.72965e-07 3.74347e-06 6.8061e-06 2.73922e-06 -3.59528e-07 -4.651e-06 -3.09163e-06 -5.55765e-06 5.17561e-07 -1.15001e-06 2.39196e-06 1.54908e-07 4.18789e-06
internal_weight=848 817 381 436 351 49 302 223 199 122 77 414 84 62 40 330 56 79 55 274 145 129 124 100
internal_count=848 817 381 436 351 49 302 223 199 122 77 414 84 62 40 330 56 79 55 274 145 129 124 100
is_linear=0
shrinkage=0.3


Tree=194
num_leaves=31
num_cat=0
split_feature=6 7 8 5 12 12 14 12 19 6 13 15 17 22 5 26 7 6 11 8 27 18 7 7 15 20 14 7 15 13
split_gain=5.07794e-09 1.26926e-08 1.92894e-08 1.51883e-08 1.67965e-08 1.50119e-08 3.38888e-08 3.04701e-08 5.41858e-08 4.34824e-08 2.83761e-08 2.45393e-08 1.48275e-08 1.48176e-08 1.35569e-08 1.30997e-08 1.25009e-08 1.71764e-08 1.72276e-08 2.04885e-08 1.48855e-08 1.70662e-08 1.21868e-08 1.87727e-08 2.01466e-08 1.98051e-08 1.16842e-08 1.12658e-08 9.35232e-09 7.34165e-09
threshold=0.0023528297313892099 0.0069206094219664083 -0.044040345732069948 0.01627961394593171 0.0030836108854203669 -0.00080838314641569259 0.019659451496939599 -0.00012460889161869748 0.78208100000000014 -1.0000000180025095e-35 0.020789484906962429 0.0046190318657077954 0.0088823409148556468 0.012715500000000003 -1.0000000180025095e-35 0.25479800000000002 0.0027027254649643374 0.0025350989529235291 43.902477103151867 -0.041610345439017427 0.93233700000000008 0.024157662566936616 -0.018765263248167765 -0.011560803041147595 -0.004662025329731736 0.70460500000000015 0.016528989601943132 0.010269990095603613 -0.0053981152818654843 0.024767967415070119
decision_type=2 2 2 2 2 2 2 2 2 2 2 2 2 2 2 2 2 2 2 2 2 2 2 2 2 2 2 2 2 2
left_child=1 5 -3 4 12 6 13 -7 9 11 -8 14 27 -1 -9 -12 17 -2 19 -19 21 28 -20 -24 -25 -26 -15 -4 -18 -17
right_child=16 2 3 -5 -6 7 10 8 -10 -11 15 -13 -14 26 -16 29 20 18 22 -21 -22 -23 23 24 25 -27 -28 -29 -30 -31
leaf_value=-1.1401680446061104e-05 -1.0569209947561829e-05 -9.8835769098183267e-06 -4.2155691319393272e-06 -7.0814919467920835e-06 -5.6870375071182972e-06 1.1855800783616193e-05 -6.5737973662700303e-06 1.2007111632346306e-06 -1.2305702663135369e-05 1.5923028444297454e-05 7.6102663342680894e-07 6.8010202933412353e-06 1.0437605455990706e-05 1.0756086874821716e-06 -9.0476492070073225e-06 5.2696791418124377e-06 -4.6524477521297351e-06 -1.8889906641561538e-06 3.0665332417356693e-06 1.0345092920777626e-05 -5.8962948196494834e-06 8.4236081215394162e-06 -1.2044010852398722e-05 3.2755754859494658e-06 -8.1545813673398827e-06 2.8432738054107175e-06 -8.0626507684655742e-06 4.1966585280007211e-06 2.8125217141905523e-06 1.2342731444306311e-05
leaf_weight=23 20 22 23 24 24 33 21 26 21 23 30 39 20 34 21 28 23 28 26 22 20 35 22 37 56 20 20 38 44 25
leaf_count=23 20 22 23 24 24 33 21 26 21 23 30 39 20 34 21 28 23 28 26 22 20 35 22 37 56 20 20 38 44 25
internal_value=-8.71504e-15 6.19943e-07 -1.67296e-06 -2.72695e-07 1.2836e-06 1.62642e-06 -2.54258e-07 3.71478e-06 1.64821e-06 4.33658e-06 3.27789e-06 1.23788e-06 3.34898e-06 -5.02495e-06 -3.37834e-06 5.77048e-06 -8.69326e-07 -2.16674e-06 -1.3703e-06 3.49401e-06 1.58725e-06 3.05462e-06 -2.88095e-06 -4.02639e-06 -2.46544e-06 -5.26041e-06 -2.30893e-06 1.02483e-06 2.4992e-07 8.60602e-06
internal_weight=848 495 151 129 105 344 181 163 130 109 104 86 81 77 47 83 353 231 211 50 122 102 161 135 113 76 54 61 67 53
internal_count=848 495 151 129 105 344 181 163 130 109 104 86 81 77 47 83 353 231 211 50 122 102 161 135 113 76 54 61 67 53
is_linear=0
shrinkage=0.3


Tree=195
num_leaves=21
num_cat=0
split_feature=19 12 20 9 20 19 13 22 13 16 7 22 1 22 6 6 10 12 0 11
split_gain=6.30928e-09 1.42182e-08 5.71149e-09 1.27223e-08 8.8477e-09 1.97039e-08 8.47523e-09 1.92831e-08 3.24087e-08 4.51785e-08 2.09853e-08 2.42343e-08 1.61111e-08 1.32135e-08 1.60622e-08 1.94214e-08 1.44319e-08 2.28686e-08 1.05419e-08 9.44268e-09
threshold=0.90381650000000013 -0.00059902164554592882 0.90261950000000013 0.020601647426189952 0.85768750000000005 0.77899350000000012 0.022632757564649521 0.013477500000000002 0.019841729880690055 0.0023837913095758876 0.017185535297394586 0.018311500000000005 3.8448290745675942 0.014987500000000003 0.0024814096637680622 -0.0047336818726212886 0.39888079659297798 -0.002332696342509885 3.5778926701801241 55.783167947473594
decision_type=2 2 2 2 2 2 2 2 2 2 2 2 2 2 2 2 2 2 2 2
left_child=2 -2 4 -4 5 6 7 8 12 -10 11 -9 -1 16 15 -15 17 -8 -16 -18
right_child=1 -3 3 -5 -6 -7 13 10 9 -11 -12 -13 -14 14 18 -17 19 -19 -20 -21
leaf_value=-7.297850082750301e-06 9.0824351380953359e-06 -2.0941747698088873e-06 -8.3605234284851048e-06 1.9851809429383136e-06 4.9692294572695016e-06 -9.4920374272078342e-06 -6.9408736836147209e-06 -9.8019705232078333e-06 2.1123183132658598e-05 2.5890991934304484e-06 8.7192046984390402e-06 -2.3708538730804118e-08 3.6945815872968524e-06 1.339963008002301e-07 -2.5644432602726356e-07 7.7357112466648521e-06 -1.2537397781540805e-05 3.4706053946886346e-06 -6.2114734579908391e-06 -3.4291199757063849e-06
leaf_weight=20 21 20 23 20 31 20 34 26 20 29 21 186 30 102 77 43 21 43 41 20
leaf_count=20 21 20 23 20 31 20 34 26 20 29 21 186 30 102 77 43 21 43 41 20
internal_value=5.22852e-15 3.63043e-06 -1.84446e-07 -3.54857e-06 4.89631e-09 -2.05055e-07 5.54494e-08 1.16346e-06 4.67099e-06 1.0154e-05 -3.26857e-07 -1.22293e-06 -7.02391e-07 -9.10065e-07 2.73333e-07 2.3883e-06 -3.54764e-06 -1.12667e-06 -2.32556e-06 -8.09434e-06
internal_weight=848 41 807 43 764 733 713 332 99 49 233 212 50 381 263 145 118 77 118 41
internal_count=848 41 807 43 764 733 713 332 99 49 233 212 50 381 263 145 118 77 118 41
is_linear=0
shrinkage=0.3


Tree=196
num_leaves=31
num_cat=0
split_feature=19 6 6 17 28 5 17 26 14 17 5 14 14 7 4 13 15 24 4 8 27 14 19 22 24 5 5 17 17 10
split_gain=5.0221e-09 1.00533e-08 1.41082e-08 1.35785e-08 1.92994e-08 1.70417e-08 1.5737e-08 1.95849e-08 1.096e-08 9.51985e-09 2.17149e-08 1.60717e-08 2.10747e-08 3.86925e-08 2.46038e-08 2.06218e-08 1.57093e-08 1.8539e-08 2.12846e-08 1.95478e-08 1.53565e-08 2.29188e-08 2.72881e-08 1.93357e-08 2.67694e-08 1.41009e-08 2.13623e-08 1.37101e-08 1.58841e-08 2.03732e-08
threshold=-0.034305499999999996 0.0095465943612803496 0.015484258960501561 0.0023809502184255057 1.0000000180025095e-35 0.0057067999947813123 0.0085476248335578948 0.53125800000000012 0.018757390476080372 0.0025906711748779469 0.0208887536505237 0.018181831833886341 0.014124280467537508 0.0023640114065428975 1604250.0000000002 0.024038101900487892 0.0022831572193034756 1.0000000180025095e-35 2963350.0000000005 0.026603702378852605 0.77963300000000013 0.018986264159499801 0.49701650000000003 0.012732500000000002 0.58333350000000006 -0.0071175830738862073 0.0047733997601486838 0.014319795217220968 0.011627950817908799 -1.3382549699667681
decision_type=2 2 2 2 2 2 2 2 2 2 2 2 2 2 2 2 2 2 2 2 2 2 2 2 2 2 2 2 2 2
left_child=1 3 -3 4 -1 6 7 -5 -9 10 20 12 13 -11 -14 -16 27 18 -18 -19 25 23 -23 -22 -25 -2 -27 28 29 -13
right_child=9 2 -4 5 -6 -7 -8 8 -10 11 -12 16 14 -15 15 -17 17 19 -20 -21 21 22 -24 24 -26 26 -28 -29 -30 -31
leaf_value=7.6172965381059696e-06 -2.1603854036030775e-06 8.0580011177002941e-06 -1.2666736574828972e-06 -1.216621439909985e-05 -4.6104424882287276e-06 -1.1204715815438248e-05 2.367461371477475e-06 -6.0300684635876678e-06 2.8531915204439429e-06 -5.1428787709742854e-06 -9.837350867398882e-06 5.734805716599566e-06 -6.7397363807231163e-07 9.9571053340241616e-06 1.9107635536101954e-05 5.9359895282756522e-06 -5.309983722270317e-06 1.2125786307543811e-05 4.7449555772516302e-06 1.7585060569607387e-08 -1.3450806754917721e-05 -2.9774748208624528e-06 1.0234779009010708e-05 -8.0769587074677648e-06 5.7954440973974539e-06 1.4094772395196741e-05 2.2896296741237166e-07 -9.548976009909893e-06 6.637287019088944e-06 -5.1221522390175267e-06
leaf_weight=26 23 23 40 23 21 23 42 25 25 42 23 20 20 24 20 23 40 28 36 21 20 34 24 31 21 20 20 20 20 70
leaf_count=26 23 23 40 23 21 23 42 25 25 42 23 20 20 24 20 23 40 28 36 21 20 34 24 31 21 20 20 20 20 70
internal_value=2.21788e-15 -1.13557e-06 2.13757e-06 -2.25021e-06 2.15384e-06 -3.75014e-06 -2.25923e-06 -4.92116e-06 -1.58844e-06 4.69371e-07 -1.12394e-06 1.36561e-06 4.09435e-06 3.48025e-07 8.01906e-06 1.20623e-05 -1.48156e-08 2.38648e-06 -5.47118e-07 6.93656e-06 -8.55499e-08 -1.94844e-06 2.48966e-06 -5.52358e-06 -2.47464e-06 3.75851e-06 7.16187e-06 -2.32376e-06 -1.01008e-06 -2.70949e-06
internal_weight=848 248 63 185 47 138 115 73 50 600 216 384 129 66 63 43 255 125 76 49 193 130 58 72 52 63 40 130 110 90
internal_count=848 248 63 185 47 138 115 73 50 600 216 384 129 66 63 43 255 125 76 49 193 130 58 72 52 63 40 130 110 90
is_linear=0
shrinkage=0.3


Tree=197
num_leaves=22
num_cat=0
split_feature=0 4 27 5 27 15 0 0 18 8 0 12 12 8 16 7 26 14 26 16 7
split_gain=5.04493e-09 1.04727e-08 1.09109e-08 1.78445e-08 1.39156e-08 1.69082e-08 8.10946e-09 1.30544e-08 1.11638e-08 1.10064e-08 8.76811e-09 6.97058e-09 1.56405e-08 1.30081e-08 1.70398e-08 2.52651e-08 1.21124e-08 1.5429e-08 1.23312e-08 1.1535e-08 6.07904e-09
threshold=3.8858522750709814 4090350.0000000005 0.89565500000000009 -0.0045716936351172192 0.7391700000000001 -1.0000000180025095e-35 3.8067677921170495 3.7894563661536682 -0.27961282830425355 -0.012839951353472191 3.7721235599007419 0.0020778689857708864 0.0014243488415550136 0.03591167433243888 0.0048721097458574751 0.0047394855697186463 0.064015000000000016 0.023544875651289165 0.93026300000000017 0.0050890865343071823 -0.0027623831399622395
decision_type=2 2 2 2 2 2 2 2 2 2 2 2 2 2 2 2 2 2 2 2 2
left_child=6 2 4 -4 -2 -6 7 10 -8 -10 11 12 16 14 15 -13 17 -1 -18 20 -15
right_child=1 -3 3 -5 5 -7 8 -9 9 -11 -12 13 -14 19 -16 -17 18 -19 -20 -21 -22
leaf_value=1.1771702731728568e-07 2.3459109475117014e-06 -7.1996846775164157e-06 -2.4516623553112864e-06 9.9297940112563763e-06 -3.7084989514823972e-07 -1.1884997744263355e-05 -8.9542695867259254e-07 -7.4142021341166191e-06 1.1345141112428792e-05 2.4262733569974608e-06 6.2175075364783487e-06 1.627847189865861e-05 -7.6449686484162772e-06 3.0390451456696609e-07 -4.3606186859037995e-07 1.3797618500177578e-06 1.0417611356232548e-06 -1.001404365013059e-05 -5.6454767546812133e-06 3.7732856448013173e-06 -6.4483408550586319e-06
leaf_weight=31 31 25 22 20 24 22 39 21 20 33 21 20 27 20 34 21 307 24 27 29 30
leaf_count=31 31 25 22 20 24 22 39 21 20 33 21 20 27 20 34 21 307 24 27 29 30
internal_value=-8.60444e-15 -1.61792e-06 -4.45276e-07 3.44427e-06 -2.56685e-06 -5.87762e-06 3.30937e-07 -6.38371e-08 2.95705e-06 5.79188e-06 1.97343e-07 -2.44521e-08 -6.62762e-07 1.69981e-06 4.52958e-06 8.64743e-06 -1.78136e-07 -4.30341e-06 5.01176e-07 -9.86669e-07 -3.74744e-06
internal_weight=848 144 119 42 77 46 704 612 92 53 591 570 416 154 75 41 389 55 334 79 50
internal_count=848 144 119 42 77 46 704 612 92 53 591 570 416 154 75 41 389 55 334 79 50
is_linear=0
shrinkage=0.3


Tree=198
num_leaves=15
num_cat=0
split_feature=11 21 7 8 7 15 7 0 7 20 12 22 15 9
split_gain=4.14579e-09 9.03882e-09 5.94451e-09 6.24802e-09 7.96873e-09 1.86677e-08 1.70936e-08 2.51701e-08 1.19826e-08 1.19556e-08 1.01333e-08 9.72718e-09 1.31416e-08 9.19647e-09
threshold=33.634115332074842 0.6317235000000001 -0.02495681914043733 -0.059145138075105665 -0.011990471523768408 0.0024479816548980782 -0.0093023965524082364 3.7006102952682247 -0.0072640733912164059 0.054972500000000001 -0.0002876678822652593 0.0085870000000000026 -1.0000000180025095e-35 0.027799476603622933
decision_type=2 2 2 2 2 2 2 2 2 2 2 2 2 2
left_child=1 -1 -2 -4 5 9 7 -6 -8 -5 -7 12 -10 -13
right_child=2 -3 3 4 6 10 8 -9 11 -11 -12 13 -14 -15
leaf_value=-7.0516101647532702e-07 -4.0457444042123611e-06 7.5849666711746973e-06 -3.6908715226393095e-06 -6.225298085899505e-06 4.3224876116928115e-07 2.9338846684368037e-06 5.4143991013052972e-06 -1.3415938555486457e-05 1.3608507101382979e-06 2.6515475080183627e-06 1.2483741129472036e-05 8.9642503428565209e-07 -8.7293138558008057e-06 -2.4857489773211228e-06
leaf_weight=29 34 20 39 22 27 20 38 21 21 36 20 407 26 88
leaf_count=29 34 20 39 22 27 20 38 21 21 36 20 407 26 88
internal_value=-1.2353e-14 2.67856e-06 -1.64267e-07 8.24266e-09 2.06955e-07 2.72298e-06 -1.85672e-07 -5.62633e-06 2.6459e-07 -7.15532e-07 7.70881e-06 -9.64672e-08 -4.22094e-06 2.9515e-07
internal_weight=848 49 799 765 726 98 628 48 580 58 40 542 47 495
internal_count=848 49 799 765 726 98 628 48 580 58 40 542 47 495
is_linear=0
shrinkage=0.3


Tree=199
num_leaves=27
num_cat=0
split_feature=20 6 7 6 18 7 14 18 16 9 3 7 6 17 6 18 13 4 10 7 1 2 20 15 18 10
split_gain=4.15562e-09 4.35548e-09 1.87552e-08 1.75204e-08 2.79661e-08 1.59533e-08 1.2394e-08 1.3778e-08 1.15452e-08 8.18703e-09 8.14585e-09 7.97022e-09 2.04917e-08 1.4946e-08 2.04649e-08 2.89988e-08 1.97259e-08 1.39157e-08 1.55004e-08 1.41619e-08 1.19832e-08 1.11397e-08 9.44469e-09 7.79871e-09 1.25683e-08 5.99341e-09
threshold=0.94054450000000012 -0.0046080532775992266 -0.016974488918955883 -0.0075379297687348966 0.15052582813481677 -0.011315503331253069 0.015837088695593669 -0.10678777170888319 0.0024631105967429928 0.021282675310938869 3.7361344099044804 -0.011990471523768408 0.0024125111212752654 0.0025773342533876409 -0.0022910047321179081 -0.17278612188766929 0.020919790339320201 1098150.0000000002 -1.0926636507682128 -0.0047562834997194083 3.7750470668838187 3.8401363895385869 0.86688850000000006 0.0026281592670226962 -0.11823582445220966 0.043315202234389914
decision_type=2 2 2 2 2 2 2 2 2 2 2 2 2 2 2 2 2 2 2 2 2 2 2 2 2 2
left_child=1 2 9 5 -5 -4 -7 10 -9 -1 -8 12 -3 14 -13 16 -16 -15 -19 25 -17 -22 -21 24 -14 -20
right_child=-2 11 3 4 -6 6 7 8 -10 -11 -12 13 23 17 15 20 -18 18 19 22 21 -23 -24 -25 -26 -27
leaf_value=-7.1496370943034144e-07 4.1675846769554223e-06 8.8257591844214603e-06 8.0800765110986742e-06 3.9595931814966947e-07 1.3414849454167982e-05 4.4570790486112532e-06 4.403222232204266e-06 -8.2979871422139692e-06 -1.3030173180242046e-06 -8.6356689173228144e-06 -2.8163362861216066e-06 -1.2629005957478513e-05 1.7275439518016356e-06 -6.1592200585562685e-06 1.0541957831264879e-05 -9.990467769966926e-07 -1.621262184414718e-06 -6.818581678916499e-06 1.680253989917446e-06 3.7312865221805097e-06 -1.4219637013671411e-05 -4.662881386515184e-06 -3.2117655086949521e-06 3.9980707674658328e-06 -8.0862875489381857e-06 -4.7357635118690888e-06
leaf_weight=23 21 27 22 33 27 37 39 35 54 24 22 20 24 29 20 25 30 22 20 149 21 23 20 20 23 38
leaf_count=23 21 27 22 33 27 37 39 35 54 24 22 20 24 29 20 25 30 22 20 149 21 23 20 20 23 38
internal_value=2.42099e-14 -1.05827e-07 7.69667e-07 1.73574e-06 6.25446e-06 4.38504e-07 -4.60504e-07 -1.67351e-06 -4.05385e-06 -4.75958e-06 1.79945e-06 -6.47229e-07 1.84823e-06 -1.20975e-06 -3.74974e-06 -2.25742e-06 3.24403e-06 6.02384e-08 7.84593e-07 1.52146e-06 -6.24398e-06 -9.22406e-06 2.90962e-06 -9.63614e-07 -3.07497e-06 -2.52334e-06
internal_weight=848 827 316 269 60 209 187 150 89 47 61 511 94 417 139 119 50 278 249 227 69 44 169 67 47 58
internal_count=848 827 316 269 60 209 187 150 89 47 61 511 94 417 139 119 50 278 249 227 69 44 169 67 47 58
is_linear=0
shrinkage=0.3


Tree=200
num_leaves=25
num_cat=0
split_feature=12 4 6 14 12 10 18 27 10 7 7 0 13 13 21 17 6 10 11 26 16 16 4 22
split_gain=3.76811e-09 1.2158e-08 8.28437e-09 1.12564e-08 1.20052e-08 7.03552e-09 1.39201e-08 1.31846e-08 1.81442e-08 1.21776e-08 1.21637e-08 9.75922e-09 8.76739e-09 1.64025e-08 1.05675e-08 9.02592e-09 8.34769e-09 1.58168e-08 1.5323e-08 2.39311e-08 1.29001e-08 9.01097e-09 7.21822e-09 5.91376e-09
threshold=-0.0032507960570317472 4589250.0000000009 -0.012380583314054835 0.018181831833886341 -0.005297022308108067 0.17701256188938488 -0.95134174125335225 0.52490350000000008 0.27228175424625439 0.0090910507380132684 0.0022726790330527078 3.7611753210049685 0.021676958711207939 0.027153474957240301 0.62290500000000015 0.0024449999682201735 -0.018325312421402267 0.48559613182690292 53.333351530963647 0.61634900000000015 0.0023282340907265463 0.0050890865343071823 1807550.0000000002 0.033698000000000006
decision_type=2 2 2 2 2 2 2 2 2 2 2 2 2 2 2 2 2 2 2 2 2 2 2 2
left_child=1 2 -1 -4 -5 6 -2 -7 -9 10 12 -12 15 14 -14 -8 -10 20 19 -19 -18 -20 -11 -17
right_child=5 -3 3 4 -6 7 9 8 16 22 11 -13 13 -15 -16 23 17 18 21 -21 -22 -23 -24 -25
leaf_value=3.8723685186972452e-06 5.3066362363223942e-06 7.8825412505135635e-06 -5.9759795888222438e-06 -4.7437922091830839e-06 4.4233361506940128e-06 -6.7396160700029992e-06 -8.2138429225627381e-07 9.7754100460178943e-06 6.2763240034005969e-06 -1.6982954153006532e-06 7.029091443655488e-06 -1.1967180453211765e-06 5.4284792929593093e-06 -6.4544996746462862e-06 -2.0929767507713504e-06 -1.0878339103978111e-05 1.0999535652445048e-06 1.0656232716531701e-05 -1.6890256962844784e-06 -1.3869062336703386e-06 -8.736231038710684e-06 2.3505056995999655e-06 -8.5398095711752825e-06 -4.1096312217475244e-06
leaf_weight=39 26 22 31 20 36 21 36 20 21 23 27 25 40 27 29 21 20 33 134 27 30 79 35 26
leaf_count=39 26 22 31 20 36 21 36 20 21 23 27 25 40 27 29 21 20 33 134 27 30 79 35 26
internal_value=1.58062e-14 1.37532e-06 2.39137e-07 -1.38955e-06 1.14936e-06 -2.90782e-07 -1.34225e-06 5.69509e-07 9.91189e-07 -1.94042e-06 -9.64617e-07 3.07438e-06 -2.13796e-06 -1.85715e-07 2.26729e-06 -4.39597e-06 4.80479e-07 1.03659e-07 1.00209e-06 5.23682e-06 -4.80176e-06 -1.90796e-07 -5.8268e-06 -7.13395e-06
internal_weight=848 148 126 87 56 700 315 385 364 289 231 52 179 96 69 83 344 323 273 60 50 213 58 47
internal_count=848 148 126 87 56 700 315 385 364 289 231 52 179 96 69 83 344 323 273 60 50 213 58 47
is_linear=0
shrinkage=0.3


Tree=201
num_leaves=20
num_cat=0
split_feature=19 5 21 4 26 4 12 12 26 20 8 20 14 6 10 13 13 7 14
split_gain=4.26157e-09 7.89529e-09 4.50603e-09 1.20472e-08 1.64823e-08 1.36209e-08 1.02341e-08 1.30088e-08 4.54135e-09 6.32983e-09 1.82239e-08 9.01975e-09 1.38723e-08 1.01249e-08 9.80796e-09 6.4889e-09 1.3043e-08 6.20822e-09 2.94153e-09
threshold=0.90381650000000013 0.0023752231147007958 0.057834500000000004 2570650.0000000005 0.86321550000000002 1833150.0000000002 0.001795497008589711 -0.0017090155063140518 0.87052850000000015 0.036338000000000002 -0.023070582289145044 0.057559500000000006 0.024183809206779924 0.002436220310745025 -1.8660843395611404 0.027919784769915218 0.023557981255952366 0.0074259491992948378 0.016666708295309404
decision_type=2 2 2 2 2 2 2 2 2 2 2 2 2 2 2 2 2 2 2
left_child=2 -2 3 4 -1 18 7 -5 9 10 -4 12 13 -11 -13 16 -16 -17 -6
right_child=1 -3 8 6 5 -7 -8 -9 -10 11 -12 14 -14 -15 15 17 -18 -19 -20
leaf_value=-6.3913171288731974e-06 7.0464232375603118e-06 -1.282189638516229e-06 9.1885860364562595e-06 -1.9806943618681945e-06 -2.5372217214680856e-06 9.3289144698164005e-06 1.3715397052749266e-06 -1.1382465997765112e-05 -3.9449402987409721e-06 -1.0095345683024647e-05 -1.7494090691382647e-06 -4.5628002784070528e-06 2.3149874404485408e-06 -1.3507479577028066e-06 1.7672854713968177e-06 1.515480901659316e-06 -1.7772193433195164e-06 7.4249014261340562e-06 2.6080466430755678e-06
leaf_weight=21 21 20 26 27 20 22 20 26 23 26 29 32 28 22 240 48 153 24 20
leaf_count=21 21 20 26 27 20 22 20 26 23 26 29 32 28 22 240 48 153 24 20
internal_value=-3.00137e-15 2.98369e-06 -1.51587e-07 -1.59973e-06 8.7271e-07 3.33311e-06 -4.41085e-06 -6.59288e-06 1.95432e-07 3.47069e-07 3.42128e-06 5.19883e-08 -2.99179e-06 -6.08741e-06 5.17435e-07 8.67042e-07 3.87364e-07 3.48529e-06 3.54125e-08
internal_weight=848 41 807 156 83 62 73 53 651 628 55 573 76 48 497 465 393 72 40
internal_count=848 41 807 156 83 62 73 53 651 628 55 573 76 48 497 465 393 72 40
is_linear=0
shrinkage=0.3


Tree=202
num_leaves=16
num_cat=0
split_feature=7 6 15 5 5 1 3 1 5 6 28 12 6 7 26
split_gain=3.17929e-09 4.03595e-09 6.75349e-09 5.16235e-09 7.26708e-09 7.08226e-09 1.08227e-08 9.62803e-09 5.92735e-09 4.88363e-09 1.0923e-08 6.77656e-09 6.23388e-09 1.16582e-08 1.03141e-08
threshold=0.028814446937859086 0.025624627350703848 -1.0000000180025095e-35 -0.013560085288196314 -0.014695359320829495 3.8033623399263292 3.476026296615601 3.3667445602936534 -0.01087612564938493 -0.021609428915253893 1.0000000180025095e-35 0.0065599655740291186 0.0077723210426580364 0.002445038476697563 0.93213150000000011
decision_type=2 2 2 2 2 2 2 2 2 2 2 2 2 2 2
left_child=1 3 -3 4 5 6 7 -1 -5 10 -10 12 14 -14 -11
right_child=-2 2 -4 8 -6 -7 -8 -9 9 11 -12 -13 13 -15 -16
leaf_value=3.086869233470679e-06 -2.9333141585041742e-06 -5.6112983486400476e-07 6.8056272344360229e-06 3.8760161957567945e-06 -6.9143588965354343e-06 -5.2805537848144018e-06 6.6260513909810463e-06 -4.8101776749056377e-06 -6.4428760968837648e-06 1.4405412208027802e-06 2.3579343591832599e-06 -4.9664192309657151e-06 -3.4865145627337148e-06 2.9082552127366208e-06 -4.8428452564621694e-06
leaf_weight=24 32 24 21 39 21 24 20 33 30 395 22 21 79 38 25
leaf_count=24 32 24 21 39 21 24 20 33 30 395 22 21 79 38 25
internal_value=6.08318e-16 1.15032e-07 2.87669e-06 -4.61543e-08 -1.8366e-06 -7.80824e-07 6.21689e-07 -1.48511e-06 2.90416e-07 6.11724e-08 -2.71946e-06 3.20299e-07 5.27042e-07 -1.40958e-06 1.06653e-06
internal_weight=848 816 45 771 122 101 77 57 649 610 52 558 537 117 420
internal_count=848 816 45 771 122 101 77 57 649 610 52 558 537 117 420
is_linear=0
shrinkage=0.3


Tree=203
num_leaves=19
num_cat=0
split_feature=3 1 24 16 2 2 0 14 9 10 13 15 4 17 19 14 6 17
split_gain=3.18309e-09 9.49196e-09 1.02183e-08 8.74622e-09 8.68594e-09 7.16228e-09 9.44728e-09 1.30193e-08 6.49414e-09 1.9792e-08 1.30091e-08 1.61812e-08 9.77032e-09 1.74216e-08 7.66027e-09 8.47612e-09 4.14646e-09 3.94002e-09
threshold=3.8843386173248295 3.9420417568392598 0.87500000000000011 0.0068728000611252256 3.8460257285834039 3.8218497450979116 3.8067677921170495 0.016528989601943132 0.014556195067434193 -1.0697242132641183 0.023912738187817882 0.0024629931491653391 1274150.0000000002 0.0049382970604986472 0.89695500000000006 0.01182037600695209 0.0090910507380132684 0.0023529950310202104
decision_type=2 2 2 2 2 2 2 2 2 2 2 2 2 2 2 2 2 2
left_child=4 -2 3 16 5 6 8 -8 9 -1 11 -11 13 -10 15 -14 17 -3
right_child=1 2 -4 -5 -6 -7 7 -9 12 10 -12 -13 14 -15 -16 -17 -18 -19
leaf_value=6.1806477690749613e-06 -6.875109235075481e-06 -1.7692869573693315e-06 5.4618031200611171e-06 2.9992070791548838e-06 6.2705095729143068e-06 -5.1279275937857799e-06 1.0138619241431002e-05 4.3842931373464204e-07 -7.2110460206387119e-07 -1.1009441000582724e-05 1.3669513819536404e-06 -1.4643793952751777e-06 4.7301716095818039e-06 9.6263848010696372e-06 5.0002251500700369e-06 -7.6847974503601567e-07 2.9532565023774022e-08 -7.3247768055987686e-06
leaf_weight=21 23 20 23 27 21 23 20 33 32 33 28 31 27 27 25 385 22 27
leaf_count=21 23 20 23 27 21 23 20 33 32 33 28 31 27 27 25 385 22 27
internal_value=3.4042e-15 -1.296e-06 -2.17689e-07 -1.5784e-06 2.60669e-07 7.64259e-08 2.57242e-07 4.09888e-06 -7.70878e-08 -2.12955e-06 -4.02644e-06 -6.38605e-06 3.90509e-07 4.01419e-06 -9.87287e-08 -4.08131e-07 -3.36964e-06 -4.96074e-06
internal_weight=848 142 119 96 706 685 662 53 609 113 92 64 496 59 437 412 69 47
internal_count=848 142 119 96 706 685 662 53 609 113 92 64 496 59 437 412 69 47
is_linear=0
shrinkage=0.3


Tree=204
num_leaves=27
num_cat=0
split_feature=7 13 22 17 22 15 6 27 11 6 18 22 7 20 7 17 17 16 7 2 20 20 10 14 14 5
split_gain=3.42081e-09 1.29799e-08 1.24642e-08 7.16506e-09 1.30252e-08 1.28701e-08 1.26537e-08 9.92967e-09 8.87225e-09 7.5684e-09 7.94337e-09 6.57819e-09 9.30124e-09 7.68744e-09 1.28134e-08 8.2267e-09 1.86434e-08 1.46017e-08 1.38738e-08 1.39367e-08 1.02813e-08 8.06595e-09 1.29948e-08 8.3555e-09 6.91895e-09 5.41389e-09
threshold=-0.004705749329737355 0.016685361670111934 0.0085440000000000012 0.009546530144813983 0.018685500000000004 0.0028619363417018073 -0.0025320323385677932 0.86912650000000002 53.119791231821999 -0.0059112422608451412 0.35665415458774724 0.0085870000000000026 0.0044894702029136648 0.082351000000000021 -0.0022910047321179081 0.0095808430364912722 0.0081633048668203669 0.0024183808509593736 -0.0022728015173717445 3.9036275003830814 0.14479 0.036338000000000002 0.36063090350986232 0.022167496218481606 0.026214775345098466 -0.0023309852488380468
decision_type=2 2 2 2 2 2 2 2 2 2 2 2 2 2 2 2 2 2 2 2 2 2 2 2 2 2
left_child=1 -1 -3 4 7 6 -5 -4 9 -6 -11 12 -2 14 -13 16 18 -17 -15 20 -20 22 -16 25 -19 -23
right_child=11 2 3 5 8 -7 -8 -9 -10 10 -12 13 -14 15 21 17 -18 24 19 -21 -22 23 -24 -25 -26 -27
leaf_value=8.168091165146052e-06 -8.7613211030657114e-06 7.1572237288819446e-06 -8.5204676954544402e-06 5.1500926279654131e-06 -1.6875472768033846e-06 7.8113606836609509e-06 -4.4515205604511718e-06 -1.2854358198497918e-06 -3.3202944647515461e-06 1.7066310008326136e-06 8.8680922590356201e-06 -8.7381972012475936e-06 8.4678222462927167e-08 7.0853684721643929e-06 6.1176250853584914e-06 -7.1589831463825244e-06 9.8637390429297373e-06 -2.3490722327323965e-06 6.0169602795058707e-06 -7.1063224061657341e-06 -2.6226110882252497e-07 -9.1545342668553074e-06 -2.5006439415165002e-06 7.0715223988112745e-07 5.5420983062504095e-06 -2.5892564449437623e-06
leaf_weight=20 20 22 31 21 33 25 30 38 39 46 20 21 23 27 31 30 22 20 28 23 145 20 32 35 20 26
leaf_count=20 20 22 31 21 33 25 30 38 39 46 20 21 23 27 31 30 22 20 28 23 145 20 32 35 20 26
internal_value=-1.49019e-14 7.64358e-07 2.78867e-07 -2.55846e-07 -1.17051e-06 2.2354e-06 -4.97915e-07 -4.53596e-06 5.1222e-07 2.022e-06 3.87677e-06 -4.74984e-07 -4.02974e-06 -1.56537e-07 -1.81538e-06 7.1238e-07 1.53187e-06 -2.15584e-06 7.09895e-07 -1.68359e-07 7.54029e-07 -8.058e-07 1.74009e-06 -2.78594e-06 1.59651e-06 -5.44373e-06
internal_weight=848 325 305 283 207 76 51 69 138 99 66 523 43 480 165 315 245 70 223 196 173 144 63 81 40 46
internal_count=848 325 305 283 207 76 51 69 138 99 66 523 43 480 165 315 245 70 223 196 173 144 63 81 40 46
is_linear=0
shrinkage=0.3


Tree=205
num_leaves=16
num_cat=0
split_feature=11 17 2 15 13 9 19 6 9 24 20 17 18 10 19
split_gain=2.80807e-09 1.10769e-08 6.56629e-09 8.65712e-09 6.05494e-09 4.81793e-09 9.03833e-09 5.23512e-09 5.24034e-09 1.23598e-08 5.42568e-09 8.84906e-09 9.76989e-09 7.88427e-09 3.98762e-09
threshold=61.50796868513391 0.0023753512568226399 3.3592461147203445 0.0047619004368510002 0.015200485873884373 0.03162433341072976 0.25479800000000002 -0.026564450643682829 0.0270627071583023 0.41666650000000005 0.016273000000000006 0.013937287521890942 0.0068252779212579391 0.19573217990942551 0.29638600000000009
decision_type=2 2 2 2 2 2 2 2 2 2 2 2 2 2 2
left_child=4 -2 -3 14 -1 7 -7 -6 10 -10 -9 13 -13 -12 -4
right_child=1 2 3 -5 5 6 -8 8 9 -11 11 12 -14 -15 -16
leaf_value=5.0165149174142202e-06 -6.2305902507696668e-06 -3.8566909979635967e-06 2.1141856374621665e-06 7.0778764848000712e-06 -4.5284153500801942e-06 -5.4781140269787525e-07 6.5961997092602231e-06 -4.1386540175381008e-06 4.5279660352398902e-07 -8.7608884371093144e-06 -5.9785734559992055e-08 1.1748010056830284e-06 -7.6856749778642084e-06 2.4635161238716688e-06 -3.3268659825063715e-06
leaf_weight=23 31 25 27 20 24 37 28 24 38 20 310 21 24 174 22
leaf_count=23 31 25 27 20 24 37 28 24 38 20 310 21 24 174 22
internal_value=2.06238e-14 -1.31293e-06 3.08853e-07 1.81811e-06 2.26993e-07 6.96232e-08 2.52961e-06 -1.82186e-07 -1.1467e-08 -2.72434e-06 2.73065e-07 4.73219e-07 -3.55079e-06 8.47352e-07 -3.28735e-07
internal_weight=848 125 94 69 723 700 65 635 611 58 553 529 45 484 49
internal_count=848 125 94 69 723 700 65 635 611 58 553 529 45 484 49
is_linear=0
shrinkage=0.3


Tree=206
num_leaves=19
num_cat=0
split_feature=17 18 12 18 15 7 9 12 12 7 27 16 27 6 16 18 26 20
split_gain=2.56136e-09 7.31091e-09 5.70922e-09 6.59192e-09 6.57393e-09 4.25468e-09 5.73228e-09 7.07172e-09 5.37071e-09 1.55443e-08 1.39071e-08 7.48501e-09 9.4475e-09 1.69096e-08 1.21575e-08 7.65635e-09 6.58847e-09 4.4141e-09
threshold=0.011627950817908799 1.0128014441226709 -0.00021750340072030079 -0.11097817861857991 0.0023228813179696352 0.028814446937859086 0.038794153350643602 0.0050648097216072071 0.0014846514900402751 0.014252281118277416 0.72125400000000017 0.0097087855094737854 0.74347600000000014 -0.0047336818726212886 0.0072551426923153665 0.60665484119568913 0.8680945000000001 0.17277600000000001
decision_type=2 2 2 2 2 2 2 2 2 2 2 2 2 2 2 2 2 2
left_child=5 2 3 -2 -4 6 7 8 11 10 -10 12 13 -1 -14 17 -12 -13
right_child=1 -3 4 -5 -6 -7 -8 -9 9 -11 16 15 14 -15 -16 -17 -18 -19
leaf_value=-2.1679868730702321e-06 3.2634919049402151e-06 -4.0869159329304237e-06 1.7715071141293054e-06 -3.4291363047284703e-06 8.2571811803559684e-06 -3.9930231615961437e-06 -3.6649330471199822e-06 4.3377669809989825e-06 -1.0063553252786567e-05 4.8397371489709955e-06 -2.5035461975597208e-07 -1.6328254376179776e-06 -7.238542635065173e-07 6.436714526906322e-06 4.3748709419730856e-06 2.0247912951400272e-06 -6.4343469993133339e-06 -7.3915869952543285e-06
leaf_weight=31 26 20 39 27 22 26 38 34 22 26 69 23 266 61 50 23 20 25
leaf_count=31 26 20 39 27 22 26 38 34 22 26 69 23 266 61 50 23 20 25
internal_value=5.78908e-15 1.20353e-06 2.13167e-06 -1.4596e-07 4.1106e-06 -2.25872e-07 -8.35086e-08 1.25867e-07 -1.06608e-07 -1.76297e-06 -3.30955e-06 3.67131e-07 8.61839e-07 3.5373e-06 8.29061e-08 -2.4757e-06 -1.64002e-06 -4.63218e-06
internal_weight=848 134 114 53 61 714 688 650 616 137 111 479 408 92 316 71 89 48
internal_count=848 134 114 53 61 714 688 650 616 137 111 479 408 92 316 71 89 48
is_linear=0
shrinkage=0.3


Tree=207
num_leaves=21
num_cat=0
split_feature=15 15 7 22 29 19 5 5 0 20 7 19 5 9 13 13 13 9 1 19
split_gain=2.89155e-09 4.24413e-09 3.05143e-09 8.84961e-09 7.39791e-09 1.26552e-08 7.06957e-09 1.08552e-08 8.30898e-09 7.05361e-09 1.28095e-08 9.54135e-09 1.0909e-08 1.25183e-08 9.22052e-09 1.15626e-08 9.15645e-09 7.46653e-09 6.36674e-09 6.26854e-09
threshold=-0.026863964012923285 -0.021518246768269907 -0.0025320323385677932 0.0083865000000000016 1.5000000000000002 0.17667150000000001 0.024657341235875881 0.011248775750049839 3.7006102952682247 0.07514750000000002 -0.018200520353746159 0.029751500000000004 0.0044894702029136648 0.019533948970504717 0.021564039966797181 0.023014733989921668 0.017517006296946847 0.021282675310938869 3.342784178179214 0.026809500000000003
decision_type=2 2 2 2 2 2 2 2 2 2 2 2 2 2 2 2 2 2 2 2
left_child=-1 -2 3 -3 6 -6 7 18 -9 11 17 12 13 -5 16 -16 -12 -11 -4 -20
right_child=1 2 4 9 5 -7 -8 8 -10 10 14 -13 -14 -15 15 -17 -18 -19 19 -21
leaf_value=3.5644170247906003e-06 -4.0172776152758154e-06 6.8268135225935111e-06 -4.6004217885808883e-06 -5.2325034733836548e-06 -1.128737700396089e-06 7.6090300248884317e-06 3.7313882987493545e-06 -2.0480250528260726e-06 -9.3386390901173403e-06 -1.0188677281673465e-06 3.3505872269756763e-06 7.9088208467097001e-06 5.9742473302785238e-06 3.7721953773939276e-06 8.7920735319357841e-06 7.8382773095696853e-07 -4.2026727289436504e-06 -8.7647656357603403e-06 1.814060262841549e-06 -1.174773125040395e-06
leaf_weight=20 24 20 32 33 35 26 27 34 24 21 20 22 26 24 20 86 52 24 97 181
leaf_count=20 24 20 32 33 35 26 27 34 24 21 20 22 26 24 20 86 52 24 97 181
internal_value=3.38094e-16 -8.6097e-08 3.12516e-08 7.00269e-07 -4.79314e-07 2.59556e-06 -9.54168e-07 -1.29795e-06 -5.06483e-06 3.26699e-07 -6.27925e-07 2.35414e-06 8.81813e-07 -1.44105e-06 5.153e-07 2.29482e-06 -2.10454e-06 -5.15001e-06 -5.93173e-07 -1.31907e-07
internal_weight=848 828 804 348 456 61 395 368 58 328 223 105 83 57 178 106 72 45 310 278
internal_count=848 828 804 348 456 61 395 368 58 328 223 105 83 57 178 106 72 45 310 278
is_linear=0
shrinkage=0.3


Tree=208
num_leaves=17
num_cat=0
split_feature=27 19 12 10 7 7 14 20 17 19 4 4 9 16 11 14
split_gain=2.64861e-09 2.46509e-09 7.56726e-09 6.63208e-09 6.0838e-09 9.66969e-09 7.83754e-09 8.43993e-09 7.83509e-09 5.62565e-09 4.73249e-09 8.42453e-09 6.34548e-09 8.18637e-09 6.74546e-09 7.10935e-09
threshold=0.52490350000000008 0.11997350000000001 0.004939389469737032 1.6130763291321382 0.0208887536505237 0.0093096570405526834 0.013683015032271829 0.55899650000000012 0.0046403668659020262 0.097938000000000011 944800.00000000012 1246650.0000000002 0.011380069479536873 0.0045454501120513529 36.499647041388378 0.021928569630543463
decision_type=2 2 2 2 2 2 2 2 2 2 2 2 2 2 2 2
left_child=-1 9 3 4 5 6 8 -8 -3 10 -2 -12 13 -13 -14 -16
right_child=1 2 -4 -5 -6 -7 7 -9 -10 -11 11 12 14 -15 15 -17
leaf_value=-2.7218398020434711e-06 -3.7726183347785985e-06 -5.8015234981390046e-06 6.0550834273375257e-06 -3.9474023174079772e-06 -4.0012103676931668e-06 5.4737918481770562e-06 3.5056884755625827e-06 -2.8345143317349334e-07 1.7677637499957655e-06 -5.1808042322980841e-06 5.0551739205134093e-06 7.5825173485100092e-06 3.5123377222134875e-06 -5.6055301320157012e-07 -2.6673781707719671e-06 3.9411090109445276e-07
leaf_weight=31 30 32 22 30 23 39 87 135 20 21 29 20 30 25 145 129
leaf_count=31 30 32 22 30 23 39 87 135 20 21 29 20 30 25 145 129
internal_value=-2.10473e-14 1.03277e-07 6.51225e-07 3.26403e-07 7.07993e-07 1.05404e-06 4.24947e-07 1.20148e-06 -2.89026e-06 -3.92304e-07 -1.45837e-07 1.42003e-07 -2.66255e-07 3.05859e-06 -7.58419e-07 -1.22602e-06
internal_weight=848 817 388 366 336 313 274 222 52 429 408 378 349 45 304 274
internal_count=848 817 388 366 336 313 274 222 52 429 408 378 349 45 304 274
is_linear=0
shrinkage=0.3


Tree=209
num_leaves=20
num_cat=0
split_feature=19 12 10 23 12 14 4 22 15 20 14 15 4 4 2 12 4 18 8
split_gain=2.62052e-09 6.59034e-09 3.8399e-09 8.48392e-09 4.63695e-09 4.38174e-09 3.66679e-09 4.51429e-09 8.40526e-09 1.61932e-08 1.14457e-08 8.11657e-09 7.56406e-09 8.60852e-09 7.4482e-09 6.84285e-09 7.53947e-09 5.20209e-09 4.746e-09
threshold=0.90381650000000013 -0.00059902164554592882 -1.6212563174621948 0.87500000000000011 -0.0047713404295726151 0.023894874252703625 7239100.0000000009 0.013334 0.0023837914450530813 0.041703000000000011 0.017174374451387118 0.014167657118295521 3223700.0000000005 4466800.0000000009 3.8821817051837928 -0.00012460889161869748 3253450.0000000005 -0.25296675462370805 0.035474301537163598
decision_type=2 2 2 2 2 2 2 2 2 2 2 2 2 2 2 2 2 2 2
left_child=2 -2 3 5 -4 -1 7 11 12 18 -11 15 14 -14 -9 16 -6 -17 -10
right_child=1 -3 4 -5 6 -7 -8 8 9 10 -12 -13 13 -15 -16 17 -18 -19 -20
leaf_value=3.5060602427124235e-06 6.05154233751039e-06 -1.5577176873193821e-06 3.2845612633554295e-06 -5.9798846912658072e-06 4.3249815782463553e-06 -2.0680333688005701e-06 -3.1636743515987707e-06 2.2991240180388752e-06 5.5227722122757383e-06 -6.83596497184327e-06 -1.4699347308361931e-06 6.1695811912917023e-06 -4.7444468394842708e-06 2.6117362916719148e-06 -2.8835407105203036e-06 1.6312351729336821e-06 -2.357033101572727e-06 -3.6818025999013492e-06 -5.2801055687723415e-07
leaf_weight=22 21 20 39 31 55 30 33 179 28 54 106 27 41 22 29 27 21 43 20
leaf_count=22 21 20 39 31 55 30 33 179 28 54 106 27 41 22 29 27 21 43 20
internal_value=1.06657e-14 2.33971e-06 -1.1887e-07 -2.05162e-06 1.02702e-07 2.90237e-07 -7.84552e-08 7.76985e-08 -3.96704e-07 -1.83114e-06 -3.28097e-06 1.39122e-06 7.04267e-07 -2.17562e-06 1.57654e-06 5.07549e-07 2.47864e-06 -1.63249e-06 3.00161e-06
internal_weight=848 41 807 83 724 52 685 652 479 208 160 173 271 63 208 146 76 70 48
internal_count=848 41 807 83 724 52 685 652 479 208 160 173 271 63 208 146 76 70 48
is_linear=0
shrinkage=0.3


Tree=210
num_leaves=22
num_cat=0
split_feature=1 1 10 14 14 11 22 22 3 2 26 5 7 7 16 21 4 7 26 9 12
split_gain=2.59305e-09 9.25238e-09 5.83551e-09 7.25007e-09 1.05657e-08 8.48858e-09 6.36809e-09 5.91107e-09 1.00363e-08 5.70527e-09 4.71965e-09 5.97563e-09 1.02385e-08 1.11283e-08 8.50766e-09 7.60175e-09 8.73942e-09 1.6097e-08 8.73442e-09 1.56399e-08 5.19263e-09
threshold=3.650834278467904 3.6239879162633404 1.9404496212202542 0.030226199720654288 0.025841835178986302 38.74780750892063 0.009478000000000002 0.053437500000000006 3.7886772155761723 3.8821817051837928 0.064015000000000016 0.0097682736359606167 -0.0027175400084091146 0.0052016693312907335 0.0029680095676301367 0.84885800000000011 1418700.0000000002 -0.0029242702439620286 0.22571100000000002 0.015504321111375423 0.00093990452930805429
decision_type=2 2 2 2 2 2 2 2 2 2 2 2 2 2 2 2 2 2 2 2 2
left_child=1 10 3 4 5 -2 -7 8 -8 -9 20 15 14 -14 -13 16 17 -12 -18 -20 -1
right_child=2 -3 -4 -5 -6 6 7 9 -10 -11 11 12 13 -15 -16 -17 18 -19 19 -21 -22
leaf_value=-5.0547607014884889e-06 -4.9552678957200313e-06 -6.2261175528988135e-06 -3.9802495329865902e-06 4.8321493992304836e-06 -5.6581731200822107e-06 -2.4497723791464898e-06 7.0837378083657619e-06 1.4904558698487326e-06 1.4852619295117956e-06 -3.2353320906642855e-06 3.411325656088593e-06 -9.1713303462533386e-06 6.3298245009946186e-06 -2.8781670632977493e-06 -8.1954926989575529e-07 5.5066761892076417e-06 -4.4775781264304111e-06 -7.2779340680062525e-06 8.6358937914433733e-06 7.8043386988106389e-07 9.4518075509800577e-07
leaf_weight=34 21 24 24 37 24 36 41 89 97 31 21 23 21 27 21 29 21 32 27 147 21
leaf_count=34 21 24 24 37 24 36 41 89 97 31 21 23 21 27 21 29 21 32 27 147 21
internal_value=-2.1907e-15 -4.95701e-07 5.55185e-07 8.44681e-07 4.0947e-07 8.71767e-07 1.28798e-06 1.80953e-06 3.14858e-06 2.69627e-07 -1.71337e-07 2.15084e-07 -1.87973e-06 1.15033e-06 -5.18525e-06 9.10835e-07 3.73418e-07 -3.04257e-06 1.30187e-06 1.99938e-06 -2.76387e-06
internal_weight=848 448 400 376 339 315 294 258 138 120 424 369 92 48 44 277 248 53 195 174 55
internal_count=848 448 400 376 339 315 294 258 138 120 424 369 92 48 44 277 248 53 195 174 55
is_linear=0
shrinkage=0.3


Tree=211
num_leaves=15
num_cat=0
split_feature=3 0 14 14 15 14 18 27 18 27 4 19 27 17
split_gain=3.02923e-09 6.33057e-09 4.53097e-09 4.9217e-09 5.20994e-09 3.17208e-09 3.15407e-09 5.76346e-09 6.51302e-09 5.25077e-09 8.43302e-09 1.50019e-08 6.17155e-09 5.933e-09
threshold=3.8934458494186406 3.8858522750709814 0.014117689693675344 0.027168088651612004 0.0046565792030586819 0.020671846325852516 1.2528301056279862 0.6284280000000001 -0.13108929362374727 0.68572700000000009 1043550.0000000001 0.12623400000000004 0.72125400000000017 0.0023753512568226399
decision_type=2 2 2 2 2 2 2 2 2 2 2 2 2 2
left_child=1 6 -2 4 5 -4 7 8 -1 -9 11 -11 -12 -14
right_child=2 -3 3 -5 -6 -7 -8 9 -10 10 12 -13 13 -15
leaf_value=4.3763636426774609e-07 4.366964454179238e-06 -4.6643104397503516e-06 -5.5066414977938452e-06 4.2541868016211417e-06 2.071450298757327e-06 -4.1219402853378347e-07 2.7119501260131072e-06 4.0255193512009631e-06 -5.510600855715795e-06 -1.3008591572827297e-06 -4.6353913279517661e-06 9.6786935143557328e-06 -2.1145595521433945e-06 3.767978976781624e-07
leaf_weight=30 33 28 22 22 32 22 35 29 37 24 30 21 112 371
leaf_count=30 33 28 22 22 32 22 35 29 37 24 30 21 112 371
internal_value=1.81616e-15 -2.42363e-07 1.32652e-06 3.02695e-07 -8.41158e-07 -2.95942e-06 -6.26608e-08 -2.11149e-07 -2.84721e-06 8.97302e-08 -1.14818e-07 3.82293e-06 -4.60235e-07 -2.00908e-07
internal_weight=848 717 131 98 76 44 689 654 67 587 558 45 513 483
internal_count=848 717 131 98 76 44 689 654 67 587 558 45 513 483
is_linear=0
shrinkage=0.3


Tree=212
num_leaves=31
num_cat=0
split_feature=2 0 16 26 5 15 2 9 10 1 15 5 9 16 9 15 16 11 11 7 14 13 4 7 22 22 0 0 26 8
split_gain=2.35875e-09 5.95471e-09 4.56923e-09 7.86137e-09 6.219e-09 2.34908e-08 6.56161e-09 9.20461e-09 7.35382e-09 7.28773e-09 6.34989e-09 7.1357e-09 5.30654e-09 8.82446e-09 6.43132e-09 6.67478e-09 7.12181e-09 4.86372e-09 4.76637e-09 4.7297e-09 8.41455e-09 4.92525e-09 7.89559e-09 4.37882e-09 1.11056e-08 7.4678e-09 6.87745e-09 6.75537e-09 3.71216e-09 3.26851e-09
threshold=3.8283926234430292 3.844142505047667 0.0049691309472480061 0.90931000000000017 -1.0000000180025095e-35 -0.0024845658415552992 3.4619584186361561 0.024725809135491668 0.48559613182690292 3.6167113412462162 0.009245005244316892 0.01627961394593171 0.018765015176106601 0.0072551426923153665 0.021666760791355936 0.0053548335822307331 0.0058394228123467371 52.950798878811277 44.023816241990339 0.0027027254649643374 0.021686725807494915 0.026439323442093102 1963650.0000000002 -0.0022728015173717445 0.027130000000000005 0.015974500000000003 3.9241638436305619 3.926568856482898 0.79040400000000022 0.0058097019804199982
decision_type=2 2 2 2 2 2 2 2 2 2 2 2 2 2 2 2 2 2 2 2 2 2 2 2 2 2 2 2 2 2
left_child=1 2 4 12 5 19 7 -6 -9 -8 17 -12 13 -4 -14 16 -16 -11 -15 21 -21 22 -1 25 27 -2 -26 -25 -27 -20
right_child=23 -3 3 -5 6 -7 9 8 -10 10 11 -13 14 18 15 -17 -18 -19 29 20 -22 -23 -24 24 26 28 -28 -29 -30 -31
leaf_value=-9.7185029072415605e-07 7.409876529477928e-06 -4.3794391291385177e-06 -7.3261972948271048e-06 -5.3083311306843159e-06 5.0855293988501508e-06 1.1649104460147441e-05 -6.1457750096646379e-06 2.0563404317587043e-06 -5.5953062360458717e-06 -6.1926647373164323e-06 5.4308850785389487e-06 -2.0491125987766942e-06 4.2188216428127947e-06 -3.9315589348283856e-06 5.5194105080456369e-06 -3.9771256904894946e-06 -5.1500169638529766e-07 2.0411034185485732e-07 4.2088837614073783e-06 -5.7262604485686092e-06 2.2178634871750091e-06 -1.0231578518387859e-06 6.0038839845333306e-06 -7.3583493173958096e-06 7.377262295449327e-06 -1.8905652353851109e-06 -1.5526498202689255e-07 -4.7537603222735923e-07 3.5045014403646166e-06 -1.1498654885144787e-06
leaf_weight=23 22 30 23 33 37 20 28 26 20 23 24 22 35 23 23 34 75 20 20 24 24 34 40 21 20 24 24 33 22 21
leaf_count=23 22 30 23 33 37 20 28 26 20 23 24 22 35 23 23 34 75 20 20 24 24 34 40 21 20 24 24 33 22 21
internal_value=-1.21211e-14 -2.46846e-07 -5.66959e-08 -9.52317e-07 6.47532e-07 2.01088e-06 -4.77234e-07 1.56293e-06 -1.27046e-06 -1.92453e-06 -5.96498e-07 1.85349e-06 -3.86378e-07 -2.28618e-06 6.0334e-07 -3.5531e-07 9.01238e-07 -3.21742e-06 -4.74927e-07 6.81475e-07 -1.7542e-06 1.88676e-06 3.45719e-06 1.01415e-06 -2.69325e-07 2.86386e-06 3.26861e-06 -3.15209e-06 6.89684e-07 1.46416e-06
internal_weight=848 682 652 287 365 165 200 83 46 117 89 46 254 87 167 132 98 43 64 145 48 97 63 166 98 68 44 54 46 41
internal_count=848 682 652 287 365 165 200 83 46 117 89 46 254 87 167 132 98 43 64 145 48 97 63 166 98 68 44 54 46 41
is_linear=0
shrinkage=0.3


Tree=213
num_leaves=23
num_cat=0
split_feature=18 18 4 21 0 13 17 27 14 1 11 18 27 27 12 21 29 14 1 7 27 13
split_gain=1.99329e-09 5.91549e-09 4.05139e-09 8.40113e-09 3.75953e-09 6.45415e-09 8.24717e-09 8.1971e-09 7.07782e-09 1.03914e-08 6.71253e-09 6.49852e-09 1.05205e-08 6.72697e-09 6.23543e-09 7.2251e-09 7.90736e-09 1.01518e-08 5.78009e-09 3.71104e-09 3.56625e-09 2.77449e-09
threshold=-0.90363381202300219 -0.99619975645964864 1043550.0000000001 0.48610250000000005 3.9191129349301677 0.024284005995037185 0.0023474714423809091 0.88049050000000006 0.015981719500875641 3.5488597019740209 52.024401237663945 0.10326678497081064 0.91424100000000008 0.91660800000000009 0.0037015130082409561 0.028463500000000006 1.5000000000000002 0.034028798211557222 3.9688588433478063 -0.0045400599310104709 0.77625300000000008 0.023460004974548133
decision_type=2 2 2 2 2 2 2 2 2 2 2 2 2 2 2 2 2 2 2 2 2 2
left_child=1 20 3 -2 5 14 10 8 -8 -10 -7 12 -9 -13 15 -4 17 -17 -6 -20 -1 -22
right_child=2 -3 4 -5 18 6 7 11 9 -11 -12 13 -14 -15 -16 16 -18 -19 19 -21 21 -23
leaf_value=-2.6144505812096342e-06 7.4428980508400846e-06 -5.8870719107062534e-06 4.4344371523191946e-06 -1.2525127328899543e-06 6.0688103510322188e-06 6.5219794985675133e-06 6.8288414411199479e-06 -9.2761554376672649e-06 2.7108596960590764e-06 -3.7321630502033667e-06 -2.2704094005478378e-07 4.7963088468350172e-06 -8.0674267027544287e-07 -2.2606910889525382e-06 -4.8526292137770112e-06 -2.1603963366862381e-06 3.4433124816983291e-06 4.8722717951932287e-06 3.5717405288388748e-06 -1.3975416385691411e-06 -6.9856569894000122e-07 4.2984770635712262e-06
leaf_weight=28 20 20 23 20 22 36 20 22 71 33 21 20 33 31 36 242 31 20 21 38 20 20
leaf_count=28 20 20 23 20 22 36 20 22 71 33 21 20 33 31 36 242 31 20 21 38 20 20
internal_value=2.49612e-15 -1.35168e-06 1.5651e-07 3.09519e-06 -6.74983e-09 -2.5082e-07 8.05076e-07 4.49266e-09 1.66037e-06 6.66439e-07 4.0355e-06 -1.93258e-06 -4.19451e-06 5.0676e-07 -1.11173e-06 -6.85556e-07 -1.08747e-06 -1.62355e-06 1.91869e-06 3.71186e-07 -1.7741e-08 1.79996e-06
internal_weight=848 88 760 40 720 639 287 230 124 104 57 106 55 51 352 316 293 262 81 59 68 40
internal_count=848 88 760 40 720 639 287 230 124 104 57 106 55 51 352 316 293 262 81 59 68 40
is_linear=0
shrinkage=0.3


Tree=214
num_leaves=29
num_cat=0
split_feature=12 12 10 12 18 4 15 17 10 10 14 7 27 23 22 15 18 16 17 1 6 12 19 6 27 14 7 21
split_gain=2.54008e-09 7.95083e-09 6.40556e-09 7.31036e-09 1.03295e-08 1.60088e-08 6.03423e-09 5.18078e-09 7.55482e-09 5.08964e-09 5.07198e-09 9.67951e-09 1.12454e-08 4.92456e-09 4.34162e-09 1.17469e-08 5.74002e-09 5.34183e-09 8.26997e-09 6.01093e-09 6.08707e-09 3.5046e-09 8.13215e-09 5.0793e-09 4.81509e-09 3.29408e-09 3.24331e-09 2.08073e-09
threshold=-0.00026729299625395799 -0.00046329717849121079 -0.51707390290027722 0.0011889355971660212 -0.3345089392923794 2122900.0000000005 0.0026281592670226962 0.0089586593667366175 -0.80753188938970955 -0.37423287304467395 0.014117689693675344 -0.0093023965524082364 0.86487900000000006 0.87500000000000011 0.013740500000000001 0.014167657118295521 -0.06666862969983163 0.0085227879762862623 0.0022371453945809893 3.8858524157341985 -0.0055021179455492474 -0.0032507960570317472 0.39932050000000008 0.0071430402618955198 0.89872950000000007 0.021117477374342161 -0.0053193103412303424 0.35226750000000007
decision_type=2 2 2 2 2 2 2 2 2 2 2 2 2 2 2 2 2 2 2 2 2 2 2 2 2 2 2 2
left_child=1 6 -2 4 -4 -6 10 8 -8 -10 11 -1 -13 -7 15 16 -5 18 -16 20 -20 22 25 24 27 -12 -11 -23
right_child=2 -3 3 14 5 13 7 -9 9 26 21 12 -14 -15 17 -17 -18 -19 19 -21 -22 23 -24 -25 -26 -27 -28 -29
leaf_value=-2.437034593835311e-06 -3.1444443932899113e-06 -6.2101981257001169e-06 -1.2347827555535748e-06 2.5171081044087863e-06 1.0288057113712057e-05 -1.2259915662424546e-06 -6.1581372261361348e-06 1.6820325186017726e-06 3.1037530186495132e-06 2.4342611510519418e-07 2.0242375767239811e-06 1.0433015453210307e-05 9.2698667728541287e-07 4.8994052284407578e-06 -6.1788583252564424e-06 8.0054875301779499e-06 -3.932261701878736e-06 2.8046912120771595e-06 4.216085795860635e-06 -4.2833756495007223e-06 -7.9481986469787103e-07 -2.4844795699540221e-06 5.2861928223535413e-06 1.5844644701402152e-06 2.9342375142960007e-07 -2.5719643370318101e-06 -4.8380870319638578e-06 -6.5236409753310914e-06
leaf_weight=21 39 21 37 27 30 27 39 29 20 20 23 21 24 21 27 21 23 33 30 29 80 22 30 38 30 36 26 24
leaf_count=21 39 21 37 27 30 27 39 29 20 20 23 21 24 21 27 21 23 33 30 29 80 22 30 38 30 36 26 24
internal_value=1.3569e-14 -5.19215e-07 5.19215e-07 8.90339e-07 2.8934e-06 4.85163e-06 -2.22662e-07 -1.86743e-06 -2.84775e-06 -8.91616e-07 5.96663e-07 2.88126e-06 5.36313e-06 1.45387e-06 3.71847e-08 2.0512e-06 -4.49602e-07 -6.81383e-07 -1.3744e-06 -4.41158e-07 5.71791e-07 -1.46113e-07 1.26464e-06 -1.24749e-06 -2.66346e-06 -7.80225e-07 -2.62873e-06 -4.59187e-06
internal_weight=848 424 424 385 115 78 403 134 105 66 269 66 45 48 270 71 50 199 166 139 110 203 89 114 76 59 46 46
internal_count=848 424 424 385 115 78 403 134 105 66 269 66 45 48 270 71 50 199 166 139 110 203 89 114 76 59 46 46
is_linear=0
shrinkage=0.3


Tree=215
num_leaves=21
num_cat=0
split_feature=4 0 12 4 0 22 4 16 4 22 3 9 5 15 4 22 16 18 12 12
split_gain=2.26764e-09 3.87967e-09 4.04307e-09 2.5664e-09 2.55629e-09 2.80673e-09 7.85405e-09 9.47041e-09 6.47955e-09 4.80868e-09 6.65806e-09 3.36109e-09 3.3283e-09 7.09626e-09 9.83196e-09 5.62071e-09 4.65521e-09 9.53453e-09 7.14342e-09 3.99843e-09
threshold=974200.00000000012 3.866123297513167 -0.0013173136496531306 1083250.0000000002 3.9777975388534506 0.014987500000000003 1952050.0000000002 0.0047732650724069672 2299400.0000000005 0.0097970000000000019 3.3909864425659184 0.020332591128574724 0.011668827999340397 0.022396423728681267 3071400.0000000005 0.017465500000000002 0.0045924725840773466 -0.26377174822417071 0.000166750596953212 0.0011168824490399932
decision_type=2 2 2 2 2 2 2 2 2 2 2 2 2 2 2 2 2 2 2 2
left_child=1 2 -1 -2 5 6 7 -5 -8 11 -11 -10 15 14 -14 -7 18 -18 -17 -15
right_child=3 -3 -4 4 -6 12 8 -9 9 10 -12 -13 13 19 -16 16 17 -19 -20 -21
leaf_value=-3.292483099812671e-06 3.4948934319345422e-06 -5.1815279994116274e-06 2.4829262628145443e-06 -7.5187388572870861e-06 2.7667026216704471e-06 5.5009086850077438e-06 4.0543469154844413e-06 -1.0324990596693111e-07 -1.152276090381391e-06 -6.7443889033061815e-06 -6.3319581866410846e-07 3.7039607058165437e-06 -6.7522541268193557e-06 4.6285373327594118e-06 1.4353032321940357e-06 -3.5470422060393277e-07 -4.3269968568409316e-06 6.5377012950969017e-07 3.1959651497956406e-06 -1.2257167213647336e-06
leaf_weight=20 20 20 24 31 30 21 31 31 23 21 68 29 33 21 22 101 47 131 103 21
leaf_count=20 20 20 24 31 30 21 31 31 23 21 68 29 33 21 22 101 47 131 103 21
internal_value=5.98138e-15 -1.71703e-06 -1.4226e-07 1.40166e-07 5.23457e-08 -5.85953e-08 -9.16128e-07 -3.81099e-06 1.27371e-07 -7.36007e-07 -2.07516e-06 1.55601e-06 3.4273e-07 -1.23493e-06 -3.47723e-06 7.22465e-07 4.59776e-07 -6.61376e-07 1.43804e-06 1.70141e-06
internal_weight=848 64 44 784 764 734 234 62 172 141 89 52 500 97 55 403 382 178 204 42
internal_count=848 64 44 784 764 734 234 62 172 141 89 52 500 97 55 403 382 178 204 42
is_linear=0
shrinkage=0.3


Tree=216
num_leaves=30
num_cat=0
split_feature=1 1 17 8 14 20 1 2 21 18 14 22 26 18 20 11 2 7 22 8 4 2 16 14 14 21 10 17 4
split_gain=1.90146e-09 3.4474e-09 8.59333e-09 1.04022e-08 3.6142e-09 5.96717e-09 4.56141e-09 5.43696e-09 4.49808e-09 9.6209e-09 1.14035e-08 1.10238e-08 7.93845e-09 3.44987e-09 3.28515e-09 5.58357e-09 1.12651e-08 4.71749e-09 4.37144e-09 5.75306e-09 4.69819e-09 4.31315e-09 7.62726e-09 6.94586e-09 6.74561e-09 3.92476e-09 3.85348e-09 2.78288e-09 2.7432e-09
threshold=3.650834278467904 3.5712438061970784 0.0070011696410706339 0.0093834196806619943 0.033720948482441164 0.19103450000000002 3.5311746311828727 3.452672552569664 0.19018200000000005 -0.013713610923889076 0.020238896050265187 0.044065000000000007 0.78878550000000014 0.31877141968576489 0.049675000000000004 43.645067475353436 3.7212749532868568 0.0088741270451086988 0.021251500000000003 0.021913524081634873 2259300.0000000005 3.7741687306749854 0.0023640075649144026 0.020988150600881123 0.015981719500875641 0.74386050000000015 0.23490677831482412 0.0071598976086104642 1582600.0000000002
decision_type=2 2 2 2 2 2 2 2 2 2 2 2 2 2 2 2 2 2 2 2 2 2 2 2 2 2 2 2 2
left_child=1 4 3 -3 6 -6 7 8 12 11 -11 -10 -1 -14 17 16 -16 26 19 20 28 23 -23 -20 -24 -21 -2 -8 -17
right_child=14 2 -4 -5 5 -7 27 -9 9 10 -12 -13 13 -15 15 18 -18 -19 21 25 -22 22 24 -25 -26 -27 -28 -29 -30
leaf_value=-6.5073361879188144e-06 -2.0148467467118178e-06 5.0877183484358693e-06 -5.9070785751332142e-06 -4.2469172253082176e-06 1.1699128056837557e-06 -4.8038644782245814e-06 9.1626978088322135e-07 -4.73401910962171e-06 -2.7051944761324059e-06 9.3815957578281872e-06 1.1700711574746947e-06 5.0346710937984339e-06 1.5939778914772199e-06 -3.0310920789945932e-06 9.1329804555633544e-06 -2.3689085371155927e-06 2.4469065144992117e-07 -4.6381218973010616e-06 7.2698334613514606e-06 3.8082963367836282e-06 4.5308975803560643e-08 3.1905077749937706e-06 -6.6325165835223747e-06 4.4625349822769648e-07 9.0081779707480041e-07 -1.5769305792088872e-06 2.7597733590263142e-06 5.6928954596254956e-06 -7.2781853350534223e-06
leaf_weight=21 32 22 33 21 27 34 23 21 67 23 45 22 47 21 21 21 33 25 25 29 33 39 20 29 23 21 29 21 20
leaf_count=21 32 22 33 21 27 34 23 21 67 23 45 22 47 21 21 21 33 25 25 29 33 39 20 29 23 21 29 21 20
internal_value=1.48293e-14 -4.24481e-07 -2.26565e-06 5.28943e-07 -4.83294e-08 -2.15973e-06 3.65805e-07 -1.00598e-07 2.94937e-07 1.26079e-06 3.9475e-06 -7.91969e-07 -1.40888e-06 1.65647e-07 4.75419e-07 9.25358e-07 3.70125e-06 -1.16738e-06 3.48827e-07 -9.3944e-07 -2.61913e-06 1.52342e-06 1.52418e-07 3.60532e-06 -2.60306e-06 1.5465e-06 2.55055e-07 3.19602e-06 -4.76368e-06
internal_weight=848 448 76 43 372 61 311 267 246 157 68 89 89 68 400 314 54 86 260 124 74 136 82 54 43 50 61 44 41
internal_count=848 448 76 43 372 61 311 267 246 157 68 89 89 68 400 314 54 86 260 124 74 136 82 54 43 50 61 44 41
is_linear=0
shrinkage=0.3


Tree=217
num_leaves=19
num_cat=0
split_feature=12 4 22 7 18 2 2 12 3 13 8 15 22 22 10 14 18 6
split_gain=1.9852e-09 2.34148e-09 2.05092e-09 4.73865e-09 3.58654e-09 2.7542e-09 6.98246e-09 5.5657e-09 5.23908e-09 4.66489e-09 5.39088e-09 5.38068e-09 4.16076e-09 9.89941e-09 6.37442e-09 6.06324e-09 5.53101e-09 4.81185e-09
threshold=-0.0064463180190522532 9031100.0000000019 0.009478000000000002 -0.0056338868223402283 -0.095769114307769063 3.7519566739376491 3.7707781644691347 0.0023486031119955707 3.7593811750411992 0.018321550191353567 0.022589914593570817 -0.0047226086035651793 0.013740500000000001 0.012280000000000001 -0.87951815900687447 0.039753701356007025 -0.054367684173819548 -1.0000000180025095e-35
decision_type=2 2 2 2 2 2 2 2 2 2 2 2 2 2 2 2 2 2
left_child=-1 2 3 -2 -5 8 -7 9 12 11 -11 -8 13 17 16 -16 -14 -4
right_child=1 -3 5 4 -6 6 7 -9 -10 10 -12 -13 14 -15 15 -17 -18 -19
leaf_value=-2.9534263001096409e-06 1.8721230968698033e-06 -2.8485977523473593e-06 -2.9120595100424066e-06 -3.4123962742731756e-07 -4.636012780890398e-06 5.9324936482880727e-06 -4.6074971481045524e-06 -2.7634983186993387e-06 -4.295066141594361e-06 3.7222410556810078e-06 -1.5733662394268321e-06 1.2976951494909193e-06 4.0105360913003093e-06 7.5589840341969888e-06 -1.4465508993063582e-06 3.9859358156490994e-06 -2.3030092558157424e-07 2.9170945922487586e-06
leaf_weight=20 33 24 26 35 35 25 21 36 25 81 22 41 50 22 245 20 62 25
leaf_count=20 33 24 26 35 35 25 21 36 25 81 22 41 50 22 245 20 62 25
internal_value=-8.53508e-15 7.13388e-08 1.58501e-07 -1.09149e-06 -2.48863e-06 3.42166e-07 1.20426e-06 6.16167e-07 -6.80069e-08 1.35355e-06 2.59114e-06 -7.02451e-07 1.6683e-07 2.23988e-06 -2.34584e-07 -1.03655e-06 1.66293e-06 -5.4631e-08
internal_weight=848 828 804 103 70 701 226 201 475 165 103 62 450 73 377 265 112 51
internal_count=848 828 804 103 70 701 226 201 475 165 103 62 450 73 377 265 112 51
is_linear=0
shrinkage=0.3


Tree=218
num_leaves=18
num_cat=0
split_feature=18 14 17 10 10 4 4 22 7 8 6 13 0 2 22 7 6
split_gain=1.72754e-09 2.34107e-09 5.77263e-09 2.59063e-09 4.24235e-09 3.38868e-09 3.91772e-09 3.41457e-09 5.10895e-09 3.071e-09 2.82259e-09 4.17737e-09 6.60062e-09 1.34843e-08 4.49166e-09 4.44144e-09 3.88947e-09
threshold=-1.5708343108899503 0.0097324086792741731 0.0023529950310202104 0.16077734815103009 -0.065421695684577508 1126800.0000000002 1300500.0000000002 0.018806000000000003 -0.014430342380455581 -0.027214013724452948 0.016909829390087745 0.027919784769915218 3.4019649932178919 3.4619584186361561 0.055242500000000007 0.014252281118277416 0.025624627350703848
decision_type=2 2 2 2 2 2 2 2 2 2 2 2 2 2 2 2 2
left_child=-1 2 -2 4 5 -3 -7 8 -8 -9 11 12 -5 -14 -13 -15 -12
right_child=1 3 -4 10 -6 6 7 9 -10 -11 16 14 13 15 -16 -17 -18
leaf_value=-2.5089726833016358e-06 -1.4500021014403805e-06 -3.2482967132096971e-06 4.3883190965386475e-06 -3.6695610208792664e-06 -3.8008625153906905e-06 3.7615440225349434e-06 -5.7418558688888362e-06 -5.7689577836438783e-07 -6.427498545164793e-07 1.9112585903258148e-06 -3.705452009090814e-06 6.9185629718049309e-06 6.7008600908025073e-06 -5.5887817696189907e-07 8.3118502729462313e-07 3.533006395173288e-06 1.0095419966660302e-06
leaf_weight=24 27 32 35 31 34 23 21 98 112 82 31 20 32 162 24 28 32
leaf_count=24 27 32 35 31 34 23 21 98 112 82 31 20 32 162 24 28 32
internal_value=-2.42259e-15 7.30769e-08 1.84582e-06 -7.11624e-08 -5.94624e-07 -2.98395e-07 -1.74525e-08 -2.95142e-07 -1.44787e-06 5.56597e-07 5.1337e-07 9.00258e-07 4.31056e-07 1.00366e-06 3.59818e-06 4.41364e-08 -1.31053e-06
internal_weight=848 824 62 762 402 368 336 313 133 180 360 297 253 222 44 190 63
internal_count=848 824 62 762 402 368 336 313 133 180 360 297 253 222 44 190 63
is_linear=0
shrinkage=0.3


Tree=219
num_leaves=23
num_cat=0
split_feature=1 17 5 14 15 21 18 8 9 18 7 10 21 13 22 8 15 14 4 7 23 24
split_gain=1.79871e-09 2.08527e-09 5.97798e-09 7.29383e-09 6.41845e-09 9.35079e-09 5.98879e-09 4.65019e-09 4.92848e-09 4.49492e-09 3.50213e-09 7.02842e-09 5.84899e-09 7.17271e-09 5.33708e-09 6.56649e-09 4.41499e-09 3.83831e-09 3.45123e-09 3.75228e-09 3.67996e-09 3.4333e-09
threshold=2.9880246583194054 0.006968699142803147 -0.0023309852488380468 0.018571727605968386 0.0023724804319471076 0.16227400000000003 0.084205869098436317 -0.08295621679833752 0.0099345224753250305 -0.13108929362374727 0.0051480138233805867 -1.6212563174621948 0.20754600000000004 0.021813524888709496 0.0085440000000000012 0.0096745880915350049 -0.0093896619023249046 0.018369696627386408 2127900.0000000005 -0.0070923155709433274 0.41666650000000005 0.29166650000000005
decision_type=2 2 2 2 2 2 2 2 2 2 2 2 2 2 2 2 2 2 2 2 2 2
left_child=-1 7 3 -3 9 -6 -7 -2 -9 -4 11 -10 13 -12 -13 -16 -14 -15 -5 -20 -21 -18
right_child=1 2 4 18 5 6 -8 8 10 -11 12 14 16 17 15 -17 21 -19 19 20 -22 -23
leaf_value=2.4567070216090333e-06 -3.8793148657690757e-06 5.7980358734772084e-06 -1.4338720994544474e-06 -2.6469484064861606e-06 3.5990838873902116e-06 -5.3447552214823769e-06 2.140563660882558e-07 -2.7974448528311767e-06 -2.6345993118021786e-06 -6.3753667882645303e-06 -7.1755152524539351e-06 6.601095871303642e-06 -2.539876534389469e-06 -3.2674478175920281e-06 2.7569247166550552e-06 -4.2885858828611847e-07 4.2493703671351722e-06 2.6100339775325668e-06 -2.1662253629983753e-06 4.8082204696381966e-06 -1.9226325557261029e-07 1.0452229941750243e-07
leaf_weight=26 23 22 30 35 35 33 37 38 35 37 21 20 23 20 148 96 37 20 24 27 26 35
leaf_count=26 23 22 30 35 35 33 37 38 35 37 21 20 23 20 148 96 37 20 24 27 26 35
internal_value=-2.98063e-15 -7.77061e-08 -6.98191e-07 8.04084e-07 -1.86857e-06 -4.04656e-07 -2.40653e-06 2.90256e-07 4.84779e-07 -4.16276e-06 7.58899e-07 1.36008e-06 -3.93374e-07 -2.6858e-06 1.88968e-06 1.5035e-06 1.07861e-06 -3.28707e-07 -1.7687e-07 9.45892e-07 2.35515e-06 2.23451e-06
internal_weight=848 822 306 134 172 105 70 516 493 67 455 299 156 61 264 244 95 40 112 77 53 72
internal_count=848 822 306 134 172 105 70 516 493 67 455 299 156 61 264 244 95 40 112 77 53 72
is_linear=0
shrinkage=0.3


Tree=220
num_leaves=26
num_cat=0
split_feature=0 0 7 7 7 5 3 26 15 26 13 27 14 14 12 12 18 9 16 15 11 9 16 8 0
split_gain=1.28228e-09 3.96264e-09 3.4955e-09 6.31609e-09 2.95493e-09 3.99516e-09 6.67171e-09 4.73188e-09 4.87616e-09 4.09122e-09 1.99315e-09 5.06854e-09 2.64734e-09 6.52055e-09 5.33825e-09 7.20131e-09 6.79961e-09 7.43379e-09 3.97246e-09 2.95794e-09 3.99937e-09 2.63493e-09 2.99959e-09 6.24019e-09 5.99289e-09
threshold=3.8067677921170495 3.7841547053302409 -0.014068162578621063 -0.0090702180226861669 -0.0047226104131730829 -1.0000000180025095e-35 3.8843386173248295 0.23419900000000002 -0.011682175571655859 0.25152550000000007 0.019141102593144874 0.85977100000000017 0.019659451496939599 0.020606714222486833 -0.00025152870138164238 0.0011889355971660212 -0.47030950033745539 0.01526232578200489 0.0051347916225565867 0.0028011178292021107 58.296468909595035 0.012874643634664727 0.002355713622170462 -0.0363263001681405 3.0025874126154011
decision_type=2 2 2 2 2 2 2 2 2 2 2 2 2 2 2 2 2 2 2 2 2 2 2 2 2
left_child=1 10 -2 -4 -5 7 -7 -6 -9 -8 11 -1 14 -14 16 -16 -12 -18 -19 20 -17 -15 23 -23 -24
right_child=2 -3 3 4 5 6 9 8 -10 -11 12 -13 13 21 15 19 17 18 -20 -21 -22 22 24 -25 -26
leaf_value=-1.4180491471842802e-06 4.1076123209123859e-06 -3.5914007776227664e-06 -3.9002900485950797e-06 4.044012336595662e-06 2.4633640427964564e-06 6.3929733001218251e-06 -2.836412660223647e-06 6.4356768759283175e-07 -4.8141306573470759e-06 2.4443899519037548e-06 6.900823905198195e-07 4.7528662967124542e-06 5.2972564896497879e-06 3.1921394509026869e-06 4.8321237640126268e-06 3.1020813779036872e-06 -9.1424335187184616e-06 -1.2073599793501639e-08 -5.3580329429016933e-06 -3.6302405670767254e-06 -2.4978013935982411e-06 -6.3739256232508975e-06 4.939258757822838e-06 -4.0994281116013551e-07 -2.2790597522927495e-07
leaf_weight=23 23 30 29 23 25 22 23 26 34 31 39 25 22 21 26 24 20 29 22 25 22 20 23 75 166
leaf_count=23 23 30 29 23 25 22 23 26 34 31 39 25 22 21 26 24 20 29 22 25 22 20 23 75 166
internal_value=6.17745e-15 -2.29084e-07 5.94065e-07 2.14668e-07 8.63221e-07 4.08823e-07 1.98926e-06 -1.00428e-06 -2.44913e-06 1.95159e-07 -5.57687e-08 1.79597e-06 -2.22217e-07 3.09238e-07 -1.06176e-06 5.60593e-07 -2.49238e-06 -4.2405e-06 -2.31817e-06 -1.00363e-06 4.23877e-07 -5.05532e-08 -2.9033e-07 -1.66552e-06 4.00902e-07
internal_weight=848 612 236 213 184 161 76 85 60 54 582 48 534 327 207 97 110 71 51 71 46 305 284 95 189
internal_count=848 612 236 213 184 161 76 85 60 54 582 48 534 327 207 97 110 71 51 71 46 305 284 95 189
is_linear=0
shrinkage=0.3


Tree=221
num_leaves=21
num_cat=0
split_feature=27 7 27 5 9 18 4 16 14 4 7 4 19 26 16 17 7 16 20 9
split_gain=1.30023e-09 2.1747e-09 4.1939e-09 4.37407e-09 3.61491e-09 2.30138e-09 2.0255e-09 2.51136e-09 2.97683e-09 2.36136e-09 7.79996e-09 1.45914e-08 4.67632e-09 4.42193e-09 5.94552e-09 5.16934e-09 2.87992e-09 4.48106e-09 3.37325e-09 1.75355e-09
threshold=0.52490350000000008 -0.014620182473548278 0.84127050000000014 0.0044894702029136648 0.022284794776956548 0.056471522208370449 974200.00000000012 0.011862458388642758 0.030226199720654288 2165350.0000000005 -0.0048602254656504099 1833150.0000000002 0.90381650000000013 0.34779650000000001 0.0023640075649144026 0.0070755215631622881 -0.0023419121182429218 0.0022676256752489576 0.70817500000000011 0.015035949251596181
decision_type=2 2 2 2 2 2 2 2 2 2 2 2 2 2 2 2 2 2 2 2
left_child=-1 2 4 5 -2 -4 19 9 -9 10 11 -8 16 15 -15 -12 17 -11 -18 -3
right_child=1 6 3 -5 -6 -7 7 8 -10 12 13 -13 -14 14 -16 -17 18 -19 -20 -21
leaf_value=-1.9070564106978933e-06 -1.3056409500222799e-06 5.1917675786431317e-07 -5.6601281533902139e-06 1.1029722632624076e-06 4.1554032816293332e-06 -1.5324622108892072e-06 9.2675581500910855e-07 -3.8578041002123289e-06 5.6292259151977588e-07 -3.9256392502083388e-06 -3.0507144110324673e-06 1.0893382828101038e-05 4.5217947054965182e-06 3.8839937422741261e-06 -3.410726442609757e-07 2.3350042302245522e-06 1.0735213683137778e-06 -6.3187540752252272e-09 -1.9688230582498981e-06 -3.0804447713558932e-06
leaf_weight=31 24 21 31 21 20 20 39 26 29 41 53 20 20 53 69 23 164 73 41 29
leaf_count=31 24 21 31 21 20 20 39 26 29 41 53 20 20 53 69 23 164 73 41 29
internal_value=-6.70533e-15 7.23608e-08 -1.13085e-06 -2.54098e-06 1.17665e-06 -4.04144e-06 2.71465e-07 4.12791e-07 -1.52688e-06 5.91787e-07 1.27761e-06 4.30527e-06 7.1856e-08 3.75429e-07 1.49441e-06 -1.42083e-06 -2.07137e-07 -1.4159e-06 4.65052e-07 -1.5686e-06
internal_weight=848 817 116 72 44 51 701 651 55 596 257 59 339 198 122 76 319 114 205 50
internal_count=848 817 116 72 44 51 701 651 55 596 257 59 339 198 122 76 319 114 205 50
is_linear=0
shrinkage=0.3


Tree=222
num_leaves=17
num_cat=0
split_feature=15 5 15 12 12 6 14 18 3 17 13 18 4 14 6 17
split_gain=1.31476e-09 3.41432e-09 3.05154e-09 2.38251e-09 3.47431e-09 3.25846e-09 5.45953e-09 5.81091e-09 2.30617e-09 3.60682e-09 6.73369e-09 5.69002e-09 2.93993e-09 3.45042e-09 2.0583e-09 2.41864e-09
threshold=0.016222660263624029 0.018626897121511915 0.012788494879851718 0.0031124096875340618 0.002586353596640942 0.013761958815534036 0.014962608120738538 0.12093650506377419 3.9684995412826543 0.0023640639286444374 0.024767967415070119 -0.7058708350118007 1017500.0000000001 0.0097324086792741731 -0.013349331862454409 0.0027662544666649238
decision_type=2 2 2 2 2 2 2 2 2 2 2 2 2 2 2 2
left_child=2 -2 3 4 8 6 -5 -8 9 10 11 -1 -11 -14 -3 -16
right_child=1 14 -4 5 -6 -7 7 -9 -10 12 -12 -13 13 -15 15 -17
leaf_value=4.8548851022392871e-06 -3.6960694808385595e-06 -2.3629975636960961e-06 2.7281326198865721e-06 -4.2093274885246499e-06 3.1732124448069499e-06 -4.5785034279271548e-06 4.0122299316180941e-06 -2.2506460753746182e-06 -2.603680904858915e-06 -2.9560791486718785e-06 5.8966002568511678e-06 -7.0849782503046303e-07 3.3315305087783669e-06 -2.5015692787736513e-07 -9.7088756413075826e-07 2.8712505445582791e-06
leaf_weight=21 30 23 39 24 34 22 30 24 28 33 26 78 26 351 29 30
leaf_count=21 30 23 39 24 34 22 30 24 28 33 26 78 26 351 29 30
internal_value=-1.57995e-15 -9.57583e-07 1.45719e-07 1.22249e-09 2.28227e-07 -1.354e-06 -4.44519e-07 1.22873e-06 5.03773e-08 1.89281e-07 1.60001e-06 4.71614e-07 -2.40819e-07 -3.144e-09 4.43028e-08 9.82742e-07
internal_weight=848 112 736 697 597 100 78 54 563 535 125 99 410 377 82 59
internal_count=848 112 736 697 597 100 78 54 563 535 125 99 410 377 82 59
is_linear=0
shrinkage=0.3


Tree=223
num_leaves=26
num_cat=0
split_feature=18 18 4 4 13 17 21 22 21 4 16 8 10 9 16 17 0 9 14 18 16 6 13 18 18
split_gain=1.49787e-09 4.66793e-09 4.4175e-09 3.97096e-09 3.61609e-09 3.61385e-09 3.29063e-09 5.79702e-09 4.00753e-09 3.21143e-09 2.90164e-09 3.84562e-09 6.42866e-09 3.05947e-09 2.63921e-09 2.52566e-09 3.08523e-09 3.03328e-09 3.52774e-09 4.04345e-09 3.55419e-09 2.92126e-09 2.47957e-09 2.22938e-09 1.9235e-09
threshold=0.10326678497081064 0.16200497141907036 4215600.0000000009 5599650.0000000009 0.02266351587828478 0.013562384911092275 0.74783350000000015 0.013334 0.49361900000000009 3544800.0000000005 0.0070011139357978912 0.03993493782067193 -1.0551382383165195 0.021576499419117105 0.0022726708699862025 0.0023202511126306888 3.9152252893408348 0.034340886594972336 0.025148575434107683 -0.40254204200353433 0.0068728000611252256 -0.0081304648022302705 0.023731879114813132 0.60665484119568913 -0.521550562133128
decision_type=2 2 2 2 2 2 2 2 2 2 2 2 2 2 2 2 2 2 2 2 2 2 2 2 2
left_child=2 -2 5 6 -5 9 8 -8 10 15 11 12 -3 -12 -7 16 21 18 19 -17 -20 -1 -9 -10 -23
right_child=1 3 -4 4 -6 14 7 22 23 -11 13 -13 -14 -15 -16 17 -18 -19 20 -21 -22 24 -24 -25 -26
leaf_value=-2.9929897164215903e-06 4.9205584264200298e-06 -3.2841760335031723e-06 2.8120902747154153e-06 -4.8617615803436817e-06 -1.0775590529495577e-07 -1.3415759667623206e-07 5.7061423590233784e-06 -2.0064515478908486e-06 -4.8596725218885689e-06 -4.5817686105920068e-06 6.6448597763724132e-07 -3.4017686002698607e-06 2.376599970130673e-06 5.3857586144496442e-06 4.5320506592361198e-06 3.8166331108868688e-07 3.9442149420665366e-06 1.9558178485987387e-06 -1.5510392201773588e-06 -2.2144217030435095e-06 -6.8275134384521158e-06 2.9960799718509177e-06 2.6089273785601108e-06 -3.8033814375282305e-07 -5.3365728779846739e-07
leaf_weight=24 20 25 37 24 36 24 29 22 20 20 30 25 65 21 20 107 20 26 27 109 20 24 20 20 33
leaf_count=24 20 25 37 24 36 24 29 22 20 20 30 25 65 21 20 107 20 26 27 109 20 24 20 20 33
internal_value=2.04818e-14 4.67591e-07 -3.3998e-07 2.0332e-07 -2.00936e-06 -5.96867e-07 6.82601e-07 2.44387e-06 7.55615e-08 -8.74143e-07 7.25096e-07 -1.10171e-07 8.04162e-07 2.60854e-06 1.98685e-06 -6.84008e-07 6.07404e-07 -1.13533e-06 -1.44092e-06 -9.28398e-07 -3.79635e-06 -2.165e-07 1.91348e-07 -2.62001e-06 9.52548e-07
internal_weight=848 357 491 337 60 454 277 71 206 410 166 115 90 51 44 390 101 289 263 216 47 81 42 40 57
internal_count=848 357 491 337 60 454 277 71 206 410 166 115 90 51 44 390 101 289 263 216 47 81 42 40 57
is_linear=0
shrinkage=0.3


Tree=224
num_leaves=21
num_cat=0
split_feature=13 18 4 4 13 16 6 21 24 14 15 14 14 5 6 15 1 3 5 26
split_gain=1.32962e-09 3.45539e-09 4.51513e-09 2.87815e-09 4.72206e-09 3.46104e-09 3.34948e-09 2.62845e-09 3.88101e-09 2.42232e-09 3.44699e-09 3.56265e-09 7.9563e-09 4.40131e-09 2.72311e-09 3.63579e-09 2.6763e-09 4.3058e-09 1.77381e-09 2.23184e-09
threshold=0.027153474957240301 1.429801923889906 7661350.0000000009 2034700.0000000002 0.028234796769938519 0.0058394228123467371 0.014252281118277416 0.059709000000000005 0.29166650000000005 0.019659451496939599 -0.009950300295995031 0.016528989601943132 0.016088829841142679 -0.0027623831399622395 -0.02016162142305206 -0.020293734679893979 3.9986162732383677 3.7961343526840214 -0.0028248785393742318 0.46184300000000006
decision_type=2 2 2 2 2 2 2 2 2 2 2 2 2 2 2 2 2 2 2 2
left_child=1 2 9 5 -5 -2 7 -6 -9 10 -1 12 13 -12 -11 -16 17 -17 -13 -20
right_child=3 -3 -4 4 6 -7 -8 8 -10 14 11 18 -14 -15 15 16 -18 -19 19 -21
leaf_value=2.8461422428133827e-06 2.858657445585777e-06 -3.5969286402957678e-06 4.6402953427916926e-06 -4.7591229645149721e-06 -1.9451607840892392e-06 -2.0129773832065569e-06 -3.854041001432051e-06 4.7583490877462442e-06 -9.4338592232036576e-07 -1.8904013674522679e-06 -2.8022653794800671e-06 -2.1150615501548079e-07 5.6038455488760515e-06 2.3201898916839078e-07 -2.101470773470345e-06 1.9032724640812964e-06 3.9209710825327534e-06 -1.0980930543524891e-06 -5.9582998733276332e-06 -1.8934757424777935e-06
leaf_weight=27 35 21 21 31 24 21 20 22 21 31 61 21 20 146 29 152 34 60 20 31
leaf_count=27 35 21 21 31 24 21 20 22 21 31 61 21 20 146 29 152 34 60 20 31
internal_value=-1.71648e-14 1.90867e-07 3.1268e-07 -7.39336e-07 -1.57987e-06 1.03179e-06 -4.47036e-07 5.69981e-07 1.97378e-06 1.68882e-07 -4.00141e-07 -6.93284e-07 -1.10073e-07 -6.62142e-07 7.75097e-07 1.07557e-06 1.4501e-06 1.05383e-06 -2.53202e-06 -3.48752e-06
internal_weight=848 674 653 174 118 56 87 67 43 632 326 299 227 207 306 275 246 212 72 51
internal_count=848 674 653 174 118 56 87 67 43 632 326 299 227 207 306 275 246 212 72 51
is_linear=0
shrinkage=0.3


Tree=225
num_leaves=15
num_cat=0
split_feature=27 7 4 18 11 11 16 8 16 10 18 0 26 21
split_gain=1.04846e-09 1.23086e-09 2.80238e-09 2.52911e-09 1.85494e-09 3.11847e-09 3.6042e-09 2.15994e-09 2.86378e-09 2.30228e-09 2.93338e-09 2.23477e-09 2.11292e-09 1.82195e-09
threshold=0.52490350000000008 -0.014201281792077658 1745650.0000000002 0.23603585492753201 31.01726932605332 37.982652435366127 0.0047846846286744753 -0.035959649610680149 0.011862458388642758 -1.1678647194398042 0.024157662566936616 3.4368489891632525 0.58895200000000014 0.40433500000000006
decision_type=2 2 2 2 2 2 2 2 2 2 2 2 2 2
left_child=-1 2 -2 13 -3 6 -6 12 9 10 -9 -11 -7 -4
right_child=1 4 3 -5 5 7 -8 8 -10 11 -12 -13 -14 -15
leaf_value=-1.7124995652163842e-06 1.4992682528881071e-06 -2.6280247959675762e-06 -1.6419223010544215e-06 2.2530367308111939e-07 8.6143718537921538e-08 -3.1504663777535396e-06 5.1310601722889253e-06 4.9045825372032778e-06 -2.2101029271114288e-06 1.6534224085574073e-06 4.9329693346018234e-10 -1.2192664961210093e-08 3.6870504150751264e-07 -5.291989634770289e-06
leaf_weight=31 34 20 32 36 26 34 25 23 38 89 21 391 28 20
leaf_count=31 34 20 32 36 26 34 25 23 38 89 21 391 28 20
internal_value=-2.25291e-15 6.49786e-08 -8.13896e-07 -1.70762e-06 2.19256e-07 3.0362e-07 2.55914e-06 1.19274e-07 3.0466e-07 4.87029e-07 2.56399e-06 2.9664e-07 -1.56116e-06 -3.04579e-06
internal_weight=848 817 122 88 695 675 51 624 562 524 44 480 62 52
internal_count=848 817 122 88 695 675 51 624 562 524 44 480 62 52
is_linear=0
shrinkage=0.3


Tree=226
num_leaves=21
num_cat=0
split_feature=18 22 6 4 8 11 14 4 9 4 9 22 9 18 14 27 27 13 21 13
split_gain=9.3581e-10 1.59404e-09 1.4809e-09 4.54756e-09 4.17718e-09 7.28018e-09 4.75224e-09 4.47912e-09 3.78792e-09 3.16895e-09 2.88044e-09 5.02455e-09 4.0569e-09 4.42354e-09 3.09025e-09 2.81527e-09 2.79078e-09 2.6272e-09 2.42068e-09 1.88372e-09
threshold=-1.5708343108899503 0.96313550000000003 -0.0019451849153129866 1173800.0000000002 0.0092169788356024473 47.466019422414554 0.016412728021029107 2373250.0000000005 0.015348458131426516 1621850.0000000002 0.011461081375236198 0.025221000000000004 0.013976963989323313 -0.90363381202300219 0.035674481605143284 0.94083700000000015 0.80296550000000011 0.026146157161193954 0.6317235000000001 0.023843248525726429
decision_type=2 2 2 2 2 2 2 2 2 2 2 2 2 2 2 2 2 2 2 2
left_child=-1 2 3 -2 5 7 -6 9 -8 -5 11 -4 16 -14 15 -15 -12 -10 -9 -7
right_child=1 -3 10 4 6 19 8 18 17 -11 12 -13 13 14 -16 -17 -18 -19 -20 -21
leaf_value=-1.8466101851188908e-06 3.626168611011356e-06 2.5731039985740527e-06 -1.1720332608433637e-06 1.1000372651274713e-06 4.6138931843131555e-06 -5.4453452346731665e-06 3.9090738791206346e-06 3.621117179208293e-07 -2.6356480382425866e-06 -3.361540367382974e-06 -2.1794883913628383e-07 4.3657544120707891e-06 -3.8161920846047083e-06 8.0841989176468783e-08 -2.9187218079381899e-06 3.4939640968900674e-06 -4.6378419912211182e-06 1.0232308792829396e-06 3.4294088385750526e-06 -1.9913279847116883e-06
leaf_weight=24 36 22 30 23 32 27 21 57 33 38 20 29 29 232 28 24 36 38 39 30
leaf_count=24 36 22 30 23 32 27 21 57 33 38 20 29 29 232 28 24 36 38 39 30
internal_value=3.71244e-16 5.37848e-08 -1.53237e-08 4.20773e-07 7.93698e-08 -7.23432e-07 1.46485e-06 3.30889e-07 3.69532e-07 -1.67931e-06 -3.96399e-07 1.54993e-06 -7.07601e-07 -2.86848e-07 7.35432e-08 4.00822e-07 -3.05931e-06 -6.77375e-07 1.6082e-06 -3.62744e-06
internal_weight=848 824 802 374 338 214 124 157 92 61 428 59 369 313 284 256 56 71 96 57
internal_count=848 824 802 374 338 214 124 157 92 61 428 59 369 313 284 256 56 71 96 57
is_linear=0
shrinkage=0.3


Tree=227
num_leaves=18
num_cat=0
split_feature=13 1 9 9 22 18 4 5 22 9 6 8 4 27 16 2 27
split_gain=8.78671e-10 1.23837e-09 1.91613e-09 1.84703e-09 1.69031e-09 1.30402e-09 3.0809e-09 4.98418e-09 7.60155e-09 4.50186e-09 3.02e-09 2.7841e-09 2.18892e-09 4.61295e-09 4.44578e-09 3.14317e-09 2.60808e-09
threshold=0.032584081599927137 2.9880246583194054 0.039525948261391088 0.03162433341072976 0.031460000000000009 0.10326678497081064 4253300.0000000009 0.0045349570445879115 0.014293500000000002 0.023522262200613524 -0.0048721706875885402 0.0051361978168837875 1098150.0000000002 0.78188000000000013 0.0024010188201596242 3.9152253840142444 0.79787050000000004
decision_type=2 2 2 2 2 2 2 2 2 2 2 2 2 2 2 2 2
left_child=1 -1 3 5 -5 12 7 9 -9 -7 -8 -12 13 -3 -15 16 -14
right_child=-2 2 -4 4 -6 6 10 8 -10 -11 11 -13 15 14 -16 -17 -18
leaf_value=2.1312672683961862e-06 -1.7893464544727066e-06 -4.9855111203416732e-06 -2.216630647253356e-06 3.74476556838426e-06 1.4575371523051218e-07 -6.5285817653906102e-07 1.1711230267591791e-06 7.8811158346070442e-06 1.1183811626945219e-06 4.1974882620365859e-06 -5.141421768582534e-06 -7.480723963106036e-07 9.7179312617056597e-07 -3.357661121786545e-06 2.4623552835439315e-06 3.5911052589199244e-06 -8.7502409585265496e-07
leaf_weight=25 24 27 34 23 24 124 34 21 52 20 21 34 101 21 27 20 216
leaf_count=25 24 27 34 23 24 124 34 21 52 20 21 34 101 21 27 20 216
internal_value=6.76e-15 5.21169e-08 -1.29379e-08 8.5004e-08 1.90697e-06 -3.42613e-08 4.34864e-07 1.04449e-06 3.06383e-06 2.08011e-08 -1.05153e-06 -2.42553e-06 -3.8269e-07 -1.84848e-06 -8.39019e-08 -5.64748e-08 -2.86606e-07
internal_weight=848 824 799 765 47 718 306 217 73 144 89 55 412 75 48 337 317
internal_count=848 824 799 765 47 718 306 217 73 144 89 55 412 75 48 337 317
is_linear=0
shrinkage=0.3


Tree=228
num_leaves=27
num_cat=0
split_feature=5 10 7 8 18 18 14 19 2 21 9 7 27 14 23 24 23 4 15 19 5 13 0 6 17 18
split_gain=1.09467e-09 2.30235e-09 3.65608e-09 2.91633e-09 3.33096e-09 5.53491e-09 4.6054e-09 4.49736e-09 3.58935e-09 4.49143e-09 3.0558e-09 1.70467e-09 1.99632e-09 1.85762e-09 5.82442e-09 3.23158e-09 2.30065e-09 4.92916e-09 5.4585e-09 3.92204e-09 3.81629e-09 3.55962e-09 2.97298e-09 2.56658e-09 1.59163e-09 8.75446e-10
threshold=-0.0047562834997194083 0.75729272596761477 0.005369220409740587 0.01492646138216934 -0.16531809173666254 -0.35479197410031665 0.016949193637214387 0.77065900000000009 3.4752912090838328 0.6317235000000001 0.028152077504570664 -0.022227308912682316 0.52490350000000008 0.01182037600695209 0.87500000000000011 0.87500000000000011 0.87500000000000011 1179200.0000000002 0.0047619004368510002 0.22903150000000003 0.0074259491992948378 0.020802193988946765 3.301446536342985 0.013468225746396317 0.0046296250305059876 0.4129517361891904
decision_type=2 2 2 2 2 2 2 2 2 2 2 2 2 2 2 2 2 2 2 2 2 2 2 2 2 2
left_child=1 3 -3 4 5 24 -6 8 9 -8 -5 -2 -13 14 15 -14 19 -18 21 22 -20 -19 -15 -24 -1 -10
right_child=11 2 -4 10 6 -7 7 -9 25 -11 -12 12 13 16 -16 -17 17 18 20 -21 -22 -23 23 -25 -26 -27
leaf_value=2.4997783181281473e-06 -2.5421393002846213e-06 5.4362362095616846e-06 -3.0002364837855565e-07 -3.4570908927851935e-06 -3.6943231736229009e-06 6.4956116607106645e-06 -4.8459063530117425e-06 4.6846714437265282e-06 2.9978064535795132e-06 8.4076918619757625e-07 1.0965648990739801e-06 -2.9313915232168335e-06 -2.2120886532936691e-06 -3.0216084607122164e-06 5.7465935370260013e-06 2.6791405770154596e-06 -5.0350810582244773e-06 -5.8299357289927555e-06 4.6220891545090122e-06 4.0290248762175908e-06 1.0997409560786763e-08 -1.0462869937555297e-06 9.3878945740603995e-07 -2.2539409804443896e-06 -6.1833248933600556e-07 2.8392315112313324e-07
leaf_weight=26 28 20 20 36 28 20 25 20 23 25 21 22 31 26 20 20 24 21 20 24 84 42 141 27 34 20
leaf_count=26 28 20 20 36 28 20 25 20 23 25 21 22 31 26 20 20 24 21 20 24 84 42 141 27 34 20
internal_value=-1.25686e-14 4.40038e-07 2.56811e-06 1.33841e-07 6.27308e-07 2.17354e-06 -2.49986e-07 6.03478e-07 -2.74198e-07 -2.00257e-06 -1.77943e-06 -2.64023e-07 -1.36956e-07 -8.87805e-09 1.4076e-06 -2.9396e-07 -2.54771e-07 -1.01492e-06 -4.37168e-07 4.11228e-07 8.97746e-07 -2.64084e-06 -3.63346e-08 4.25672e-07 7.32849e-07 1.73554e-06
internal_weight=848 318 40 278 221 80 141 113 93 50 57 530 502 480 71 51 409 191 167 218 104 63 194 168 60 43
internal_count=848 318 40 278 221 80 141 113 93 50 57 530 502 480 71 51 409 191 167 218 104 63 194 168 60 43
is_linear=0
shrinkage=0.3


Tree=229
num_leaves=14
num_cat=0
split_feature=15 12 10 22 15 20 15 9 9 9 26 12 8
split_gain=8.32227e-10 1.21237e-09 1.70672e-09 4.0452e-09 1.6387e-09 2.33755e-09 1.75506e-09 1.3162e-09 2.69849e-09 4.26046e-09 3.61977e-09 2.48134e-09 2.16806e-09
threshold=-0.026863964012923285 -0.0062603532204270973 -1.7211394970020812 0.021915 -0.0146235787011417 0.092068000000000025 -0.013140614807669952 0.012619359789151669 0.014771637947602908 0.015189964180390128 0.55039750000000009 0.00072988600171157772 -0.011315363783891561
decision_type=2 2 2 2 2 2 2 2 2 2 2 2 2
left_child=-1 -2 3 -3 5 -4 -6 11 10 -10 -9 12 -8
right_child=1 2 4 -5 6 -7 7 8 9 -11 -12 -13 -14
leaf_value=1.9122484758327116e-06 -2.2434460251216394e-06 -1.5914293119191244e-06 -4.1642866757943654e-06 3.5999590514685613e-06 2.6595655415659084e-06 -2.2038318880689935e-07 -3.9869383114749395e-06 1.1909958822621369e-07 -3.7328714016991526e-06 9.1689861392296726e-08 4.0358471770624813e-06 1.306048003795825e-06 -8.2865291024581549e-07
leaf_weight=20 22 22 21 35 22 38 26 54 28 411 35 35 79
leaf_count=20 22 22 21 35 22 38 26 54 28 411 35 35 79
internal_value=7.45567e-15 -4.61896e-08 1.37852e-08 1.59627e-06 -1.06644e-07 -1.62415e-06 2.31135e-08 -6.37158e-08 1.53125e-07 -1.52246e-07 1.65939e-06 -8.81516e-07 -1.6107e-06
internal_weight=848 828 806 57 749 59 690 668 528 439 89 140 105
internal_count=848 828 806 57 749 59 690 668 528 439 89 140 105
is_linear=0
shrinkage=0.3


Tree=230
num_leaves=31
num_cat=0
split_feature=11 11 8 11 15 18 13 19 22 12 18 27 16 5 11 27 4 27 16 4 12 16 6 9 21 22 9 6 0 9
split_gain=6.045e-10 6.6589e-10 6.47391e-09 2.67398e-09 2.16018e-09 3.8666e-09 3.53049e-09 2.70055e-09 4.1345e-09 4.76756e-09 3.26565e-09 2.68041e-09 6.75758e-09 4.67361e-09 4.03954e-09 2.42392e-09 1.88647e-09 1.66118e-09 1.36081e-09 4.64667e-09 4.28694e-09 4.45951e-09 2.61359e-09 3.31192e-09 2.40038e-09 2.3304e-09 2.26648e-09 1.79577e-09 1.61452e-09 1.44965e-09
threshold=68.352345129147722 48.050159953758161 -0.012839951353472191 48.7777879617555 -0.0025286405968398189 0.54672315554484618 0.021165204564993569 0.40441150000000009 0.009478000000000002 0.0031124096875340618 0.093745107670584096 0.80598500000000006 0.0062505433094971682 0.0023640114065428975 59.332354768959618 0.88238500000000009 1496300.0000000002 0.91808250000000002 0.0024331456343007515 2881550.0000000005 -0.0024266765848989093 0.0051347916225565867 0.0070175202566840596 0.015988815504914749 0.62685200000000008 0.066150500000000015 0.021666760791355936 -0.0053476336973842372 3.529046475584336 0.026733345635462733
decision_type=2 2 2 2 2 2 2 2 2 2 2 2 2 2 2 2 2 2 2 2 2 2 2 2 2 2 2 2 2 2
left_child=1 2 18 -3 5 6 -5 11 -9 10 -10 14 13 -13 -6 -14 -8 -18 19 22 24 25 23 -1 28 -22 -23 -21 29 -20
right_child=-2 3 -4 4 7 -7 16 8 9 -11 -12 12 15 -15 -16 -17 17 -19 20 27 21 26 -24 -25 -26 -27 -28 -29 -30 -31
leaf_value=-6.1415673767495344e-06 1.2790616651159325e-06 -3.5939583000553296e-06 4.8166905889874991e-06 2.5886759374316172e-06 3.7018926654176584e-06 4.2192594801235821e-06 1.4772258227578405e-06 -5.6804589098646826e-06 2.5246570860559814e-06 -4.8461651804895416e-06 -1.6684332792595213e-06 -6.3162644372433928e-06 4.5008331414919661e-06 -1.0553265418587124e-06 -1.2345308732619742e-06 3.386324030597119e-07 -3.0803366071053017e-06 1.2436997849363251e-07 -2.5341465510637041e-06 -3.5674921069325396e-07 6.3430093954406981e-06 1.4669805724161263e-06 4.5752624771466794e-07 -1.2544387518486333e-06 -2.6756502112827243e-06 1.8181623374857735e-06 -2.1721267408736365e-06 3.6152965677160862e-06 2.421239297056843e-06 9.9485074045446709e-07
leaf_weight=24 32 21 26 36 37 25 21 20 32 21 35 21 20 55 25 34 37 24 22 21 21 43 20 26 45 20 24 20 20 20
leaf_count=24 32 21 26 36 37 25 21 20 32 21 35 21 20 55 25 34 37 24 22 21 21 43 20 26 45 20 24 20 20 20
internal_value=-2.38646e-15 -5.01593e-08 2.60987e-07 -2.86202e-07 -1.294e-07 8.30126e-07 1.12089e-07 -5.86775e-07 -1.7869e-06 -9.01996e-07 3.34237e-07 8.82938e-08 -6.85803e-07 -2.50901e-06 1.7114e-06 1.88019e-06 -9.75193e-07 -1.81947e-06 -1.02351e-07 -9.5539e-07 3.38055e-07 1.67144e-06 -2.44089e-06 -3.60026e-06 -1.00779e-06 4.13577e-06 1.6342e-07 1.58083e-06 2.02751e-07 -8.53672e-07
internal_weight=848 816 352 464 443 143 118 300 108 88 67 192 130 76 62 54 82 61 326 111 215 108 70 50 107 41 67 41 62 42
internal_count=848 816 352 464 443 143 118 300 108 88 67 192 130 76 62 54 82 61 326 111 215 108 70 50 107 41 67 41 62 42
is_linear=0
shrinkage=0.3


Tree=231
num_leaves=16
num_cat=0
split_feature=8 26 19 7 2 7 22 11 5 12 12 12 7 14 26
split_gain=9.3403e-10 1.76846e-09 2.33756e-09 1.89713e-09 2.90084e-09 1.16419e-09 2.37783e-09 1.58019e-09 1.43865e-09 1.90739e-09 2.24799e-09 1.52611e-09 2.38003e-09 1.53777e-09 1.01229e-09
threshold=0.051921443332593777 0.22571100000000002 0.67916200000000015 -0.0022910047321179081 3.4820575425905989 -0.019936641331994527 0.051406500000000008 31.01726932605332 0.026301595610863478 0.0050648097216072071 0.0032039467127276595 0.0019954117875428706 0.0023365871699273489 0.031339285056015208 0.48356550000000004
decision_type=2 2 2 2 2 2 2 2 2 2 2 2 2 2 2
left_child=5 -2 3 -3 -5 6 -1 -7 9 10 11 13 -13 -9 -12
right_child=1 2 -4 4 -6 7 -8 8 -10 -11 14 12 -14 -15 -16
leaf_value=-5.5235945793404091e-07 2.4622235532421507e-06 -3.4191801893257433e-06 2.2487304289009851e-06 2.624008951711078e-06 -2.3624068067614902e-06 -2.6999791113825189e-06 2.9881325327741869e-06 -4.0453768659459475e-07 -2.4459635426410384e-06 2.2962792324529674e-06 -8.5744515786245747e-07 -5.0899727982921052e-07 3.402549808535176e-06 1.2685941006245521e-06 -3.8758277594297394e-06
leaf_weight=38 38 20 29 21 21 23 31 422 24 29 20 28 28 56 20
leaf_count=38 38 20 29 21 21 23 31 422 24 29 20 28 28 56 20
internal_value=-7.79251e-16 7.43316e-07 2.55299e-08 -1.01435e-06 1.30801e-07 -1.33363e-07 1.0383e-06 -2.57739e-07 -1.68151e-07 -7.74917e-08 -1.97421e-07 -3.49329e-08 1.44678e-06 -2.08522e-07 -2.36664e-06
internal_weight=848 129 91 62 42 719 69 650 627 603 574 534 56 478 40
internal_count=848 129 91 62 42 719 69 650 627 603 574 534 56 478 40
is_linear=0
shrinkage=0.3


Tree=232
num_leaves=26
num_cat=0
split_feature=14 14 11 11 18 6 21 12 16 2 5 9 14 16 13 15 17 17 12 9 9 4 18 17 19
split_gain=6.09243e-10 8.81684e-10 9.7096e-10 2.11023e-09 2.16905e-09 2.13528e-09 1.66099e-09 1.19685e-09 2.62087e-09 4.03868e-09 2.94143e-09 5.31754e-09 3.31267e-09 2.76239e-09 3.35305e-09 2.44797e-09 2.11328e-09 2.80887e-09 2.45792e-09 2.28267e-09 2.60965e-09 2e-09 4.01196e-09 4.41816e-09 1.66841e-09
threshold=0.0078533957890160374 0.0097324086792741731 60.000008992119234 61.383561674664477 0.45592821768451119 0.0023528297313892099 0.46586200000000005 -0.0008942368501359462 0.0024875157655306814 3.4111362483337087 -0.0027175400084091146 0.019426936806997388 0.014962608120738538 0.0023365019606584902 0.020232088257360597 0.0023228813179696352 0.0051216423179097654 0.0023809502184255057 -0.0047713404295726151 0.022135302593560266 0.016174050410723183 1533900.0000000002 -0.3644882014396672 0.011223321304395283 0.57178950000000006
decision_type=2 2 2 2 2 2 2 2 2 2 2 2 2 2 2 2 2 2 2 2 2 2 2 2 2
left_child=-1 -2 7 -4 5 -5 -7 16 9 -9 11 -10 -12 14 -11 -14 17 18 -3 20 -19 -18 -23 -24 -20
right_child=1 2 3 4 -6 6 -8 8 10 13 12 -13 15 -15 -16 -17 21 19 24 -21 -22 22 23 -25 -26
leaf_value=-1.3760884838477846e-06 1.4780251438030579e-06 3.5778981629164261e-06 3.3888241910579542e-06 2.7252844349378836e-06 -1.7963224481068858e-06 1.2186778775458151e-06 -2.3108287879024051e-06 3.3778504974091654e-06 3.143502322728864e-06 -3.8228452223557758e-06 -5.7071464945173443e-06 -2.3751033273294359e-06 -4.4406200290492135e-06 2.6206006204822845e-06 -3.7986088152031808e-08 -6.7115623926877996e-07 3.3337463799727692e-06 -3.0471330055661384e-06 7.7591520556333869e-07 -4.4870504991324979e-06 1.1354068944989382e-06 -3.3089413074094411e-06 2.938579599938764e-06 -1.4979361136254503e-06 -2.2926663817511027e-06
leaf_weight=28 37 20 22 37 35 28 21 31 30 29 21 33 20 22 77 69 29 25 52 21 29 20 58 31 23
leaf_count=28 37 20 22 37 35 28 21 31 30 29 21 33 20 22 77 69 29 25 52 21 29 20 58 31 23
internal_value=-2.02668e-15 4.69884e-08 -2.0634e-08 6.86112e-07 1.94709e-07 1.00501e-06 -2.93968e-07 -1.78548e-07 -5.73694e-07 3.05529e-07 -1.38177e-06 2.52804e-07 -2.31793e-06 -4.38549e-07 -1.07347e-06 -1.51823e-06 2.4739e-07 -4.6062e-07 6.22887e-07 -1.83306e-06 -8.00954e-07 1.11958e-06 5.30484e-07 1.39328e-06 -1.65116e-07
internal_weight=848 820 783 143 121 86 49 640 332 159 173 63 110 128 106 89 308 170 95 75 54 138 109 89 75
internal_count=848 820 783 143 121 86 49 640 332 159 173 63 110 128 106 89 308 170 95 75 54 138 109 89 75
is_linear=0
shrinkage=0.3


Tree=233
num_leaves=21
num_cat=0
split_feature=13 18 5 5 15 26 27 17 21 10 5 9 20 7 9 9 18 27 17 18
split_gain=6.9717e-10 8.18551e-10 2.35268e-09 3.13805e-09 2.07394e-09 2.41133e-09 1.92519e-09 1.85179e-09 1.81921e-09 1.75458e-09 2.17969e-09 3.57092e-09 2.32624e-09 2.45889e-09 2.25322e-09 3.90819e-09 2.93112e-09 1.59933e-09 1.58744e-09 1.57789e-09
threshold=0.032584081599927137 0.10326678497081064 0.014779393356072595 0.025159728961644066 0.011834457873976741 0.92102600000000012 0.93680250000000009 0.013106170121713891 0.47152900000000003 1.6770488466737661 0.014252281118277416 0.021834919297428132 0.057559500000000006 0.010554114737646581 0.016079597181477254 0.010124011088190176 -0.13108929362374727 0.92421850000000016 0.01229636960031368 -0.47458053118731541
decision_type=2 2 2 2 2 2 2 2 2 2 2 2 2 2 2 2 2 2 2 2
left_child=1 7 4 -4 5 6 17 9 -9 10 12 -12 13 19 15 -14 -16 18 -3 -1
right_child=-2 2 3 -5 -6 -7 -8 8 -10 -11 11 -13 14 -15 16 -17 -18 -19 -20 -21
leaf_value=8.4575865058056363e-07 -1.5938620371969137e-06 9.1781495240184085e-07 4.7722934953142728e-06 2.0303121606312127e-07 -2.6762916572510142e-06 -2.6457391028167838e-06 3.3875752251333325e-06 7.8441151440955531e-08 3.7257608565255393e-06 1.9725221910413474e-06 -4.9587544835958394e-06 1.1180836054336395e-07 -2.4700670175142083e-06 -4.2817214385284233e-06 1.8566539921494041e-07 2.0897967907029034e-06 -2.8705278551617657e-06 -2.1767258788583734e-06 -1.4441173641444038e-06 -2.0134201715836155e-06
leaf_weight=32 24 175 24 31 23 23 20 32 20 26 25 25 21 23 110 87 38 21 30 38
leaf_count=32 24 175 24 31 23 23 20 32 20 26 25 25 21 23 110 87 38 21 30 38
internal_value=-4.80622e-15 4.64232e-08 3.96993e-07 2.19689e-06 5.79714e-08 2.91756e-07 5.664e-07 -2.08604e-07 1.48126e-06 -4.15363e-07 -5.70965e-07 -2.42347e-06 -3.05562e-07 -1.59059e-06 1.61266e-07 1.20316e-06 -5.99033e-07 3.16738e-07 5.72166e-07 -7.06367e-07
internal_weight=848 824 347 55 292 269 246 477 52 425 399 50 349 93 256 108 148 226 205 70
internal_count=848 824 347 55 292 269 246 477 52 425 399 50 349 93 256 108 148 226 205 70
is_linear=0
shrinkage=0.3


Tree=234
num_leaves=13
num_cat=0
split_feature=1 22 12 3 22 3 1 0 0 1 9 21
split_gain=5.35586e-10 2.52003e-09 1.84731e-09 1.47906e-09 2.99884e-09 1.80884e-09 1.53621e-09 2.17694e-09 2.17772e-09 2.46843e-09 1.21087e-09 1.1915e-09
threshold=3.1572144471281516 0.052936000000000004 -0.001738609453066819 3.2892190217971806 0.099143000000000009 3.3115514516830449 3.4111362162817191 3.3962239051631853 3.4368489891632525 3.4892707793449316 0.036178346198555443 0.50653950000000014
decision_type=2 2 2 2 2 2 2 2 2 2 2 2
left_child=1 2 -1 4 -2 -5 11 -8 -9 -10 -11 -7
right_child=3 -3 -4 5 -6 6 7 8 9 10 -12 -13
leaf_value=-1.253571174577071e-06 -5.9186895171592371e-07 -2.9182635114466392e-06 2.3226082187368144e-06 -2.8404878167975764e-06 4.2572198748561356e-06 1.3524981698407956e-07 -2.8076874477847012e-06 2.457962786639456e-06 -3.2009721430561263e-06 1.2125402804121713e-07 -2.1994007535600499e-06 3.2607570010836555e-06
leaf_weight=26 24 30 26 20 22 21 25 32 22 556 21 23
leaf_count=26 24 30 26 20 22 21 25 32 22 556 21 23
internal_value=7.69824e-16 -7.28694e-07 5.34519e-07 7.80065e-08 1.72726e-06 -2.73626e-08 5.30125e-08 -6.20868e-08 4.66929e-08 -8.21228e-08 3.67935e-08 1.76904e-06
internal_weight=848 82 52 766 46 720 700 656 631 599 577 44
internal_count=848 82 52 766 46 720 700 656 631 599 577 44
is_linear=0
shrinkage=0.3


Tree=235
num_leaves=18
num_cat=0
split_feature=19 19 18 11 7 26 19 8 19 12 20 14 17 4 9 9 17
split_gain=5.9215e-10 9.31693e-10 9.8632e-10 8.99889e-10 1.76147e-09 2.53973e-09 1.2174e-09 1.46223e-09 2.79386e-09 6.27462e-09 2.02362e-09 4.95481e-09 2.11708e-09 1.88393e-09 1.75584e-09 2.75611e-09 1.45264e-09
threshold=0.90623900000000013 0.86664800000000008 0.29794553065011559 64.67391758211329 0.0026245644495710894 0.47332250000000003 0.83851800000000021 1.0000000180025095e-35 0.45016000000000006 -0.00075091479503052794 0.14827750000000003 0.01043025572157606 0.002280448133910123 1073100.0000000002 0.011138678607375403 0.012619359789151669 0.0026281229615339849
decision_type=2 2 2 2 2 2 2 2 2 2 2 2 2 2 2 2 2
left_child=1 3 -3 6 5 -5 7 8 10 16 11 -1 -12 -9 -15 -16 -10
right_child=-2 2 -4 4 -6 -7 -8 13 9 -11 12 -13 -14 14 15 -17 -18
leaf_value=4.7027705823604103e-06 -1.1906006515497816e-06 2.7515729997325569e-06 -1.2904347435949148e-07 -2.5713018942497e-06 2.8460978585696595e-06 2.0411101440293516e-06 -2.3229056058550092e-06 -2.9258119127067376e-06 -1.6451926783247472e-06 5.6434174211182784e-06 1.1552638852663221e-06 -7.7117516848657656e-08 -2.1350245245602394e-06 1.6545915169530189e-06 -3.4489854581604754e-06 -2.3972057121887097e-07 1.5575978968976973e-06
leaf_weight=22 36 23 20 21 28 22 22 27 25 27 24 173 66 36 27 223 26
leaf_count=22 36 23 20 21 28 22 22 27 25 27 24 173 66 36 27 223 26
internal_value=1.42025e-16 5.27853e-08 1.41175e-06 -2.32038e-08 9.94336e-07 -2.11463e-07 -1.26707e-07 -5.52331e-08 3.54475e-07 1.94538e-06 -8.09322e-08 4.62152e-07 -1.25761e-06 -5.3039e-07 -3.04248e-07 -5.86321e-07 -1.23975e-08
internal_weight=848 812 43 769 71 43 698 676 363 78 285 195 90 313 286 250 51
internal_count=848 812 43 769 71 43 698 676 363 78 285 195 90 313 286 250 51
is_linear=0
shrinkage=0.3


Tree=236
num_leaves=27
num_cat=0
split_feature=10 17 7 10 26 17 26 10 10 17 24 21 18 17 5 11 5 18 7 4 17 16 12 5 7 18
split_gain=4.65724e-10 2.32574e-09 2.09828e-09 1.5907e-09 1.88729e-09 1.31518e-09 1.08902e-09 2.85883e-09 2.40286e-09 1.89205e-09 2.51638e-09 3.15956e-09 4.39595e-09 2.04336e-09 2.43123e-09 2.05898e-09 2.50353e-09 2.01398e-09 1.59472e-09 2.28986e-09 2.15575e-09 2.19309e-09 2.07049e-09 1.38854e-09 1.33611e-09 1.22997e-09
threshold=-1.4820570420309243 0.0052424680486855202 -0.002481403911677 -1.2484024113642185 0.23993950000000003 0.0024721891866300856 0.27095650000000004 -1.0551382383165195 -1.0835417517959087 0.0071684622077451523 0.29166650000000005 0.33015650000000007 0.18913175959760861 0.010540192816855636 -0.0022728015173717445 51.26193456554963 0.0023257014670607103 0.10326678497081064 -0.0045400599310104709 2135750.0000000005 0.0026881694586956143 0.0047732650724069672 0.0011889355971660212 0.0023640114065428975 0.011325148097209047 0.18219327091187623
decision_type=2 2 2 2 2 2 2 2 2 2 2 2 2 2 2 2 2 2 2 2 2 2 2 2 2 2
left_child=1 5 -3 4 -2 -1 7 -5 -8 10 11 17 -13 14 -11 -15 -17 -10 19 -9 22 23 -20 -22 -23 -21
right_child=3 2 -4 6 -6 -7 8 18 9 13 -12 12 -14 15 -16 16 -18 -19 20 25 21 24 -24 -25 -26 -27
leaf_value=4.8807538895254341e-07 -3.8865023425062515e-06 4.5422715572840387e-06 2.9655166816734312e-07 3.9774674979753396e-06 -9.4485694843468889e-08 -2.3722378672445022e-06 -3.3786568370227801e-06 3.0008038930349665e-06 -7.1873444995713899e-07 -3.4051125918921343e-07 -2.6776449027982545e-06 4.6327576635955364e-06 -9.1446118560156715e-07 -2.3051102638978941e-06 -4.0104491492084803e-06 -8.7304617595138449e-07 2.7210423656821479e-06 1.2707515944375937e-06 -3.4515703624775123e-06 1.4123563869361533e-06 6.4285073371195261e-07 3.61253710845789e-06 2.5995997816607995e-07 -2.6567575845474908e-06 4.1274464895879603e-07 -1.9147660071894278e-06
leaf_weight=39 21 20 22 20 27 23 21 38 113 32 22 36 20 26 33 37 33 77 31 20 24 23 24 22 24 20
leaf_count=39 21 20 22 20 27 23 21 38 113 32 22 36 20 26 33 37 33 77 31 20 24 23 24 22 24 20
internal_value=5.66622e-15 5.94645e-07 2.31832e-06 -8.31224e-08 -1.75349e-06 -5.73009e-07 3.20756e-08 5.39618e-07 -2.45381e-07 -9.20038e-08 3.96316e-07 6.71223e-07 2.65161e-06 -9.04859e-07 -2.20371e-06 -2.54289e-08 8.2131e-07 8.75309e-08 2.35384e-07 1.33311e-06 -3.43146e-07 5.37355e-07 -1.83199e-06 -9.35223e-07 1.9786e-06 -2.51205e-07
internal_weight=848 104 42 744 48 62 696 246 450 429 268 246 56 161 65 96 70 190 226 78 148 93 55 46 47 40
internal_count=848 104 42 744 48 62 696 246 450 429 268 246 56 161 65 96 70 190 226 78 148 93 55 46 47 40
is_linear=0
shrinkage=0.3


Tree=237
num_leaves=18
num_cat=0
split_feature=13 18 27 4 18 27 7 12 10 27 14 17 19 14 9 9 4
split_gain=4.49023e-10 5.05299e-10 2.59284e-09 2.32803e-09 1.75359e-09 1.32346e-09 2.03609e-09 3.24123e-09 2.22153e-09 1.36016e-09 1.32463e-09 2.85044e-09 3.11865e-09 2.6461e-09 2.35141e-09 1.90516e-09 6.64951e-10
threshold=0.031794616081362387 -0.83516221159611115 0.70815750000000011 1043550.0000000001 -1.0847706790815956 0.70815750000000011 0.0093096570405526834 0.0014524070662596269 -0.5580093750697287 0.72814650000000014 0.017014353215917644 0.0070588728960823133 0.043702500000000005 0.023999977111816475 0.02341374605031275 0.031965745767017321 1083250.0000000002
decision_type=2 2 2 2 2 2 2 2 2 2 2 2 2 2 2 2 2
left_child=1 2 -1 -3 16 6 7 8 -5 -7 11 12 -11 15 -15 -12 -4
right_child=-2 3 4 5 -6 9 -8 -9 -10 10 13 -13 -14 14 -16 -17 -18
leaf_value=-3.6421094739580436e-06 -1.0848740967875611e-06 2.4819793386162321e-06 3.5421693545296352e-07 1.4269802197820869e-06 -1.3361169332407976e-06 -2.2175279126861776e-06 -1.2145457127377898e-06 -1.3224432976862177e-06 5.1815312694405131e-06 1.8451311966316551e-06 -1.6772699631501538e-06 3.161689554964653e-06 -1.0269048450656478e-06 1.2014599023976084e-06 -9.1693449352492901e-07 1.261692216303345e-06 2.7712544489588705e-06
leaf_weight=20 33 36 21 37 36 28 29 23 23 54 145 32 92 117 79 23 20
leaf_count=20 33 36 21 37 36 28 29 23 23 54 145 32 92 117 79 23 20
internal_value=6.30062e-15 4.39274e-08 -5.9875e-07 1.30752e-07 1.91733e-07 6.63981e-09 9.49424e-07 1.70551e-06 2.86622e-06 -1.78609e-07 -7.32774e-08 5.97393e-07 3.53551e-08 -4.01242e-07 3.47617e-07 -1.27491e-06 1.53326e-06
internal_weight=848 815 97 718 77 682 112 83 60 570 542 178 146 364 196 168 41
internal_count=848 815 97 718 77 682 112 83 60 570 542 178 146 364 196 168 41
is_linear=0
shrinkage=0.3


Tree=238
num_leaves=27
num_cat=0
split_feature=11 6 21 11 8 6 4 22 13 3 7 2 6 22 27 6 5 18 15 18 14 15 14 9 14 16
split_gain=4.53845e-10 5.57073e-10 1.89693e-09 1.5153e-09 3.35117e-09 2.74783e-09 1.65483e-09 1.48515e-09 3.53448e-09 3.6647e-09 3.61901e-09 3.12135e-09 1.91597e-09 2.87363e-09 1.7431e-09 1.48079e-09 3.60989e-09 2.81039e-09 3.79607e-09 1.97359e-09 1.81295e-09 1.47291e-09 2.48775e-09 1.28442e-09 1.23083e-09 1.21261e-09
threshold=68.352345129147722 0.0023528297313892099 0.91382450000000015 44.324074185798473 -0.033337108152251528 0.0045507125326679733 4666200.0000000009 0.16274750000000002 0.020130968418351405 3.692705631256104 -0.0054355035678213632 3.3437367143444203 -0.0024157739674230175 0.025388000000000004 0.88238500000000009 -0.006880803624039188 0.0052016693312907335 0.10326678497081064 0.0046565792030586819 -0.11097817861857991 0.022573342778225675 -0.004662025329731736 0.018571727605968386 0.028970613246003998 0.025841835178986302 0.0024331456343007515
decision_type=2 2 2 2 2 2 2 2 2 2 2 2 2 2 2 2 2 2 2 2 2 2 2 2 2 2
left_child=1 7 3 4 25 -5 21 12 -9 10 -10 -12 15 14 -14 17 -17 19 20 23 -19 22 -7 -1 -23 -3
right_child=-2 2 -4 5 -6 6 -8 8 9 -11 11 -13 13 -15 -16 16 -18 18 -20 -21 -22 24 -24 -25 -26 -27
leaf_value=-3.73095146964166e-07 1.1082738953893668e-06 -2.0026521190175115e-06 -2.5339454993944522e-06 -3.1541273801849456e-06 4.4005025620208466e-06 3.4447801897385942e-06 1.8656334046599194e-06 -3.4344719345824613e-06 1.5351306411393039e-06 3.4174379637263992e-06 -1.6743443731164527e-07 -5.4041608223087675e-06 -1.0237854618135943e-06 4.4490594693797907e-06 2.394513103809004e-06 9.3832679831687142e-07 -3.855012213531512e-06 -1.3096841506055058e-06 4.3209994960203733e-06 -2.7600033507068337e-06 2.2757695825765206e-06 -1.649624409785067e-06 -5.0300533873540002e-07 2.3252639971360624e-06 9.6319341814421477e-07 9.9354962560849557e-07
leaf_weight=77 32 20 32 30 20 20 33 32 32 24 21 20 29 25 25 31 26 30 33 26 22 86 51 20 20 31
leaf_count=77 32 20 32 30 20 20 33 32 32 24 21 20 29 25 25 31 26 30 33 26 22 86 51 20 20 31
internal_value=-8.33421e-15 -4.34617e-08 -3.34544e-07 -1.08239e-07 1.10925e-06 -4.68414e-07 -8.47409e-08 1.67619e-07 -7.00463e-07 2.01478e-07 -8.55824e-07 -2.72194e-06 4.9315e-07 1.78987e-06 5.5876e-07 1.06581e-07 -1.24811e-06 4.77819e-07 1.80435e-06 -4.38887e-07 2.07239e-07 -4.4837e-07 6.09047e-07 1.83268e-07 -1.15664e-06 -1.81431e-07
internal_weight=848 816 343 311 71 240 210 473 129 97 73 41 344 79 54 265 57 208 85 123 52 177 71 97 106 51
internal_count=848 816 343 311 71 240 210 473 129 97 73 41 344 79 54 265 57 208 85 123 52 177 71 97 106 51
is_linear=0
shrinkage=0.3


Tree=239
num_leaves=24
num_cat=0
split_feature=7 6 6 10 22 27 11 18 18 7 4 18 6 6 26 0 0 4 14 14 8 14 20
split_gain=5.63258e-10 1.94003e-09 1.90069e-09 2.42394e-09 1.53241e-09 1.31994e-09 2.15463e-09 2.39568e-09 2.12569e-09 1.25258e-09 2.21241e-09 1.2252e-09 9.24923e-10 1.53282e-09 3.68949e-09 1.16018e-09 3.04233e-09 1.84318e-09 1.60111e-09 2.45699e-09 9.45729e-10 8.62507e-10 8.34735e-10
threshold=-0.0075663051665252846 0.020775659112680919 0.004602942078082815 -0.80753188938970955 0.033698000000000006 0.84127050000000014 55.38972258220646 0.12093650506377419 0.052141105402046244 -0.0048602254656504099 2135750.0000000005 -0.3644882014396672 0.015484258960501561 0.010269990095603613 0.69486300000000012 3.3761262201886084 3.4368489891632525 1457400.0000000002 0.032551317515416137 0.025841835178986302 0.0049017382303678638 0.018181831833886341 0.17277600000000001
decision_type=2 2 2 2 2 2 2 2 2 2 2 2 2 2 2 2 2 2 2 2 2 2 2
left_child=1 2 5 -4 -5 8 7 11 -1 10 -2 -7 13 15 -15 17 -17 -11 19 -18 -19 -14 -23
right_child=9 -3 3 4 -6 6 -8 -9 -10 12 -12 -13 21 14 -16 16 18 20 -20 -21 -22 22 -24
leaf_value=2.8950884896026954e-06 3.8541354962779387e-06 2.3169576275511806e-06 -4.7222705131844115e-06 1.2218946341135959e-06 -2.1463091620203598e-06 1.3934498269918549e-07 -3.4527827015803527e-06 1.8929037930154827e-06 -5.5616859621447168e-07 -3.5267755389156717e-06 1.4889650563938111e-08 -3.14154676094144e-06 5.9580477065017997e-07 -6.99671872609997e-07 4.6271962048649584e-06 3.3520065594180218e-06 9.1290880694603884e-08 -1.1638933645635436e-06 2.0587148097206409e-06 -2.5615819870002572e-06 1.2119245543544819e-06 -3.4929759894194744e-07 -2.8601318669748601e-06
leaf_weight=29 22 22 20 20 31 20 21 33 36 20 35 21 21 25 22 26 247 38 30 36 25 22 26
leaf_count=29 22 22 20 20 31 20 21 33 36 20 35 21 21 25 22 26 247 38 30 36 25 22 26
internal_value=-2.41065e-15 -3.74952e-07 -6.31324e-07 -1.92314e-06 -8.25445e-07 -5.80794e-08 -7.70823e-07 -9.72645e-09 9.83623e-07 1.59433e-07 1.4967e-06 -1.54111e-06 1.77521e-08 1.68628e-07 1.79376e-06 -1.23693e-08 2.33763e-07 -1.01765e-06 -2.52609e-08 -2.46177e-07 -2.21108e-07 -1.00777e-06 -1.70933e-06
internal_weight=848 253 231 71 51 160 95 74 65 595 57 41 538 469 47 422 339 83 313 283 63 69 48
internal_count=848 253 231 71 51 160 95 74 65 595 57 41 538 469 47 422 339 83 313 283 63 69 48
is_linear=0
shrinkage=0.3


Tree=240
num_leaves=23
num_cat=0
split_feature=18 18 27 12 18 21 3 9 19 15 0 7 0 4 15 15 4 27 4 10 10 3
split_gain=5.38491e-10 1.57064e-09 1.40154e-09 1.5443e-09 1.13099e-09 1.27108e-09 1.72971e-09 1.64792e-09 2.97047e-09 1.33441e-09 1.25257e-09 1.05132e-09 1.19913e-09 2.15172e-09 1.11879e-09 4.2116e-09 2.47117e-09 1.8199e-09 2.6513e-09 2.03245e-09 8.43745e-10 8.1793e-10
threshold=0.4349644045178746 0.37114013967816845 0.94615500000000008 0.000166750596953212 0.51883935165105843 0.18929550000000003 3.429060816764832 0.013695237788724309 0.018680000000000006 -0.0024845658415552992 3.4920575546853105 0.014252281118277416 3.769898831256016 2517750.0000000005 0.015987834426070654 0.012788494879851718 2970850.0000000005 0.81777600000000017 1017500.0000000001 -1.6801967890909062 0.83042847232529116 3.5740603208541875
decision_type=2 2 2 2 2 2 2 2 2 2 2 2 2 2 2 2 2 2 2 2 2 2
left_child=1 2 11 -4 -2 6 -6 -7 -9 -8 -10 14 13 -13 15 17 21 18 -1 -19 -11 -16
right_child=4 -3 3 -5 5 7 9 8 10 20 -12 12 -14 -15 16 -17 -18 19 -20 -21 -22 -23
leaf_value=-2.6939260627451794e-06 -2.5030392265534829e-06 2.3774000295715163e-06 3.0994531559574375e-06 -2.4577901814629276e-07 -3.513616235295558e-06 2.6717368058370991e-06 1.7087236619772738e-06 2.4187232794149946e-06 -3.1248862042461536e-06 -2.6703189644550204e-06 -2.8046398483638766e-07 -1.3253414247553033e-06 2.8993364645873988e-06 2.0843876482544029e-06 -1.5288470552020174e-06 4.1541567885872153e-06 1.04863988657717e-06 1.6842620298120892e-06 9.1759993433441463e-07 -1.1855825480404335e-06 8.5348023048936741e-08 -4.2095364165106728e-06
leaf_weight=21 21 27 27 23 20 24 20 28 22 20 38 36 20 31 21 20 23 25 142 199 20 20
leaf_count=21 21 27 27 23 20 24 20 28 22 20 38 36 20 31 21 20 23 25 142 199 20 20
internal_value=-1.10856e-14 1.38457e-07 3.90304e-08 1.56065e-06 -4.12771e-07 -1.84148e-07 -1.09747e-06 4.68221e-07 -1.32737e-07 -2.92082e-07 -1.32342e-06 -9.73151e-08 8.6081e-07 2.52294e-07 -2.74294e-07 -9.09447e-08 -1.44028e-06 -3.1033e-07 4.52311e-07 -8.65287e-07 -1.29249e-06 -2.8365e-06
internal_weight=848 635 608 50 213 192 80 112 88 60 60 558 87 67 471 407 64 387 163 224 40 41
internal_count=848 635 608 50 213 192 80 112 88 60 60 558 87 67 471 407 64 387 163 224 40 41
is_linear=0
shrinkage=0.3


Tree=241
num_leaves=17
num_cat=0
split_feature=4 13 8 26 16 26 2 1 12 8 5 4 1 4 2 2
split_gain=4.97222e-10 3.15e-09 2.33199e-09 6.9021e-10 1.39122e-09 1.26348e-09 8.72965e-10 1.04287e-09 1.7972e-09 1.44826e-09 1.34596e-09 8.46499e-10 1.61075e-09 1.34633e-09 2.43886e-09 1.33271e-09
threshold=1043550.0000000001 0.021564039966797181 -0.0015816899430193953 0.93543200000000015 0.0049200518831469765 0.92102600000000012 3.9389840801225255 3.8858524157341985 0.0011889355971660212 0.022589914593570817 0.0022548832835212313 1418700.0000000002 3.5496443660916852 2071850.0000000002 3.7527287292264426 3.7527287292264426
decision_type=2 2 2 2 2 2 2 2 2 2 2 2 2 2 2 2
left_child=1 -1 -3 5 -5 6 7 11 9 10 -9 12 -2 14 -13 -15
right_child=3 2 -4 4 -6 -7 -8 8 -10 -11 -12 13 -14 15 -16 -17
leaf_value=-1.3037118037573237e-06 -2.2025145121609479e-06 4.8550540134328909e-06 2.7379848660302742e-07 2.6216898522335442e-06 -7.6616756587100106e-07 -2.329927667564453e-06 1.7474012086337176e-06 -6.067278111219677e-07 -2.7034108950848198e-06 -2.1829575084453264e-06 2.1635339989087596e-06 4.1200464763569093e-07 7.7985919334658654e-07 8.2640368253323562e-08 3.910575216278547e-06 -1.8625931207744933e-06
leaf_weight=36 39 20 20 24 20 23 23 38 36 24 27 97 28 336 22 35
leaf_count=36 39 20 20 24 20 23 23 38 36 24 27 97 28 336 22 35
internal_value=1.40243e-14 7.3215e-07 2.56443e-06 -7.2077e-08 1.08175e-06 -1.41814e-07 -7.04288e-08 -1.31734e-07 -9.14832e-07 -1.91362e-07 5.43996e-07 4.40063e-08 -9.56149e-07 1.80762e-07 1.0588e-06 -1.00872e-07
internal_weight=848 76 40 772 44 728 705 682 125 89 65 557 67 490 119 371
internal_count=848 76 40 772 44 728 705 682 125 89 65 557 67 490 119 371
is_linear=0
shrinkage=0.3


Tree=242
num_leaves=15
num_cat=0
split_feature=17 3 4 4 13 23 17 27 12 4 12 15 5 8
split_gain=4.52354e-10 1.24974e-09 9.82985e-10 1.14003e-09 1.13725e-09 1.10139e-09 8.96959e-10 8.32646e-10 1.08836e-09 1.98988e-09 1.41133e-09 1.13816e-09 1.45353e-09 6.51977e-10
threshold=0.011182560846443619 2.9942218065261845 1539100.0000000002 1974350.0000000002 0.027304760560533065 0.41666650000000005 0.0096852205192837475 0.52490350000000008 0.0038831922648100868 2080250.0000000002 0.0032039467127276595 0.023310237800110097 -0.002322993460292847 0.0093834196806619943
decision_type=2 2 2 2 2 2 2 2 2 2 2 2 2 2
left_child=1 -1 -2 -4 5 -5 7 -3 10 -10 11 12 -9 -7
right_child=2 6 3 4 -6 13 -8 8 9 -11 -12 -13 -14 -15
leaf_value=-1.877276940831507e-06 2.4261226508315303e-06 -1.7060343949374921e-06 -1.9179672265323687e-06 2.3536476238110182e-06 -9.2006894493767319e-07 -1.1321700926103517e-06 -1.5874178324514602e-06 4.8147925518559645e-07 3.7908176864220877e-06 9.3880718048622882e-08 -2.4716429683735438e-06 1.7488288310525084e-06 -5.5011772790436455e-07 1.1870563582760952e-06
leaf_weight=34 20 23 20 37 34 20 31 252 20 38 20 35 240 24
leaf_count=34 20 23 20 37 34 20 31 252 20 38 20 35 240 24
internal_value=6.66401e-15 -1.03624e-07 4.63301e-07 1.72513e-07 5.36075e-07 1.1473e-06 -1.21157e-08 6.5646e-08 1.32999e-07 1.36869e-06 1.97563e-09 9.58511e-08 -2.17388e-08 1.32863e-07
internal_weight=848 693 155 135 115 81 659 628 605 58 547 527 492 44
internal_count=848 693 155 135 115 81 659 628 605 58 547 527 492 44
is_linear=0
shrinkage=0.3


Tree=243
num_leaves=18
num_cat=0
split_feature=15 15 5 18 18 17 12 6 15 22 7 22 16 7 12 11 5
split_gain=4.32694e-10 6.65004e-10 9.53984e-10 1.22859e-09 6.17616e-10 1.01419e-09 1.06392e-09 1.33359e-09 2.44336e-09 1.60889e-09 8.5475e-10 7.67884e-10 1.59123e-09 1.43865e-09 1.40016e-09 1.2649e-09 1.05267e-09
threshold=0.031383771496450462 0.022872626186844675 0.016412947522430905 0.052141105402046244 0.45592821768451119 0.013562384911092275 -0.005248348885138838 0.0023528297313892099 0.010191252229234261 0.066485000000000016 -1.0000000180025095e-35 0.40114250000000001 0.0026525360405205115 0.002445038476697563 -0.0009725323411756947 51.160601513613678 -0.0026774429251719511
decision_type=2 2 2 2 2 2 2 2 2 2 2 2 2 2 2 2 2
left_child=1 2 4 -4 5 6 -1 8 -8 -9 -7 12 15 14 -14 -6 -13
right_child=-2 -3 3 -5 11 10 7 9 -10 -11 -12 16 13 -15 -16 -17 -18
leaf_value=-1.5125985979937338e-06 -1.3130845662668765e-06 1.2441742602329844e-06 -2.5188339986925708e-06 3.9549230784221281e-07 -1.9542711969714552e-07 2.3527530162128742e-07 3.1555684655563402e-07 -1.0929298546948379e-06 3.1195694624841506e-06 5.4264751382504533e-07 2.6009844499900019e-06 -3.0507337923170648e-06 -1.80414932835695e-07 6.5501287712099727e-07 -3.4322800244213931e-06 2.8248198276514811e-06 -4.6919981449328979e-08
leaf_weight=35 22 39 30 23 26 27 222 118 32 100 28 21 22 32 26 24 21
leaf_count=35 22 39 30 23 26 27 222 118 32 100 28 21 22 32 26 24 21
internal_value=1.53399e-15 3.49732e-08 -2.49491e-08 -1.25413e-06 6.38062e-08 2.16046e-07 8.33095e-08 2.0165e-07 6.68818e-07 -3.42665e-07 1.43964e-06 -4.33629e-07 -7.3334e-08 -9.031e-07 -1.94184e-06 1.25429e-06 -1.54883e-06
internal_weight=848 826 787 53 734 562 507 472 254 218 55 172 130 80 48 50 42
internal_count=848 826 787 53 734 562 507 472 254 218 55 172 130 80 48 50 42
is_linear=0
shrinkage=0.3


Tree=244
num_leaves=20
num_cat=0
split_feature=7 6 16 6 18 15 9 7 4 18 13 0 1 3 2 6 28 23 3
split_gain=5.83468e-10 1.56964e-09 1.46369e-09 1.23817e-09 1.36412e-09 1.46871e-09 1.49246e-09 1.06235e-09 1.29567e-09 8.50669e-10 8.47054e-10 8.15584e-10 2.14671e-09 1.80153e-09 1.43876e-09 1.31033e-09 1.04588e-09 2.22091e-09 1.52251e-09
threshold=0.0096268553118364578 -0.010443999047484876 0.0024420036654447847 -0.0027175400084091146 0.36474919779800002 -0.0045403434671455736 0.016556662921592743 0.0071175650395723473 7853050.0000000009 1.1574514036907482 0.023788591979555265 3.743336776359516 3.7229243872372186 3.7646752595901494 3.5610551941085165 0.002445038476697563 1.0000000180025095e-35 1.0000000180025095e-35 3.9541758298873906
decision_type=2 2 2 2 2 2 2 2 2 2 2 2 2 2 2 2 2 2 2
left_child=7 2 -2 -3 5 -5 -7 8 9 11 -9 12 14 -13 15 -1 18 -18 -15
right_child=1 3 -4 4 -6 6 -8 10 -10 -11 -12 13 -14 16 -16 -17 17 -19 -20
leaf_value=6.6084901311214135e-07 -3.8601768834212176e-06 1.7508871438977737e-06 -6.429795634435972e-07 -1.2667433345407464e-06 -2.1224041358891555e-06 -5.864269204331711e-07 2.7856836286193558e-06 3.1201586807583227e-07 2.2967744779510789e-06 1.6291763074605114e-06 3.0096010424074395e-06 -3.0867104442531555e-06 2.7331655246598529e-06 -1.2310081992113323e-06 -2.0677068708264728e-06 -6.6945232448903062e-07 3.1550279417884169e-06 -5.3662861267350142e-07 1.4528984783500284e-06
leaf_weight=174 20 31 35 34 30 21 27 22 22 26 20 23 27 110 29 108 22 44 23
leaf_count=174 20 31 35 34 30 21 27 22 22 26 20 23 27 110 29 108 22 44 23
internal_value=-8.84387e-15 -4.50875e-07 -1.81287e-06 7.29692e-08 -3.91455e-07 2.4182e-07 1.31039e-06 1.37343e-07 3.65409e-08 -4.83143e-08 1.59658e-06 -1.26198e-07 1.67216e-07 -5.72926e-07 -5.55518e-08 1.51372e-07 -2.82388e-07 6.93924e-07 -7.66874e-07
internal_weight=848 198 55 143 112 82 48 650 608 586 42 560 338 222 311 282 199 66 133
internal_count=848 198 55 143 112 82 48 650 608 586 42 560 338 222 311 282 199 66 133
is_linear=0
shrinkage=0.3


Tree=245
num_leaves=25
num_cat=0
split_feature=11 12 18 3 4 18 21 1 16 10 5 20 19 5 17 9 22 18 10 11 6 6 16 17
split_gain=5.37993e-10 1.87657e-09 8.80369e-10 1.15626e-09 1.25434e-09 1.33846e-09 1.44687e-09 1.07097e-09 1.03324e-09 9.57946e-10 8.78049e-10 1.80156e-09 1.08414e-09 1.1334e-09 1.15681e-09 1.11189e-09 1.02438e-09 1.19271e-09 1.08017e-09 9.55864e-10 7.90841e-10 1.87205e-09 9.23496e-10 5.32735e-10
threshold=48.050159953758161 0.0019954117875428706 -0.64787839840839745 2.9942218065261845 4589250.0000000009 -0.43658055425356251 0.075901500000000011 3.7681970614115592 0.002515754788665297 -1.5759684156655254 0.011248775750049839 0.78298750000000006 0.88863900000000007 0.0069206094219664083 0.0052424680486855202 0.0095383350186744476 0.017582500000000004 0.31474721284207435 1.4151044677608799 65.476144409227302 -0.0022700644822859725 -0.010443999047484876 0.0079999923706054969 0.0067039798645571807
decision_type=2 2 2 2 2 2 2 2 2 2 2 2 2 2 2 2 2 2 2 2 2 2 2 2
left_child=1 2 7 -4 5 -5 8 -1 -7 -8 12 16 13 15 -15 -2 18 -18 -12 20 21 -17 -22 -21
right_child=10 -3 3 4 -6 6 9 -9 -10 -11 11 -13 -14 14 -16 19 17 -19 -20 23 22 -23 -24 -25
leaf_value=6.5239178184128833e-08 2.1074600722670311e-06 2.4020386593339455e-06 -1.667057582835696e-06 2.0959939531856996e-06 2.1948191179500431e-06 -3.1418845765074366e-06 -1.0594907523397977e-06 -2.7281075355339061e-06 -3.5812400881241044e-07 8.7337949139509874e-07 -3.6645335841610304e-06 1.4232094668997773e-06 -2.0178290293932314e-06 1.6266385989638363e-07 3.1829768116965949e-06 -1.1862605192521452e-06 -1.758649093933481e-06 1.2746483992032152e-06 -8.1825756491785525e-07 2.2493039870141729e-06 -1.1886217989078116e-06 1.5875744633122012e-06 6.1464692082680015e-07 5.9643032379597111e-08
leaf_weight=30 20 34 25 29 33 20 30 21 30 100 28 24 22 25 21 41 28 20 21 20 127 47 32 20
leaf_count=30 20 34 25 29 33 20 30 21 30 100 28 24 22 25 21 41 28 20 21 20 127 47 32 20
internal_value=-2.5753e-15 2.83649e-07 5.71546e-08 2.75312e-07 4.7597e-07 2.04572e-07 -1.00157e-07 -1.08496e-06 -1.47163e-06 4.27333e-07 -2.01299e-07 -9.03988e-07 2.54348e-08 1.52777e-07 1.5415e-06 -5.53056e-08 -1.47979e-06 -4.94775e-07 -2.4447e-06 -2.06021e-07 -4.26344e-07 2.9522e-07 -8.257e-07 1.15447e-06
internal_weight=848 352 318 267 242 209 180 51 50 130 496 121 375 353 46 307 97 48 49 287 247 88 159 40
internal_count=848 352 318 267 242 209 180 51 50 130 496 121 375 353 46 307 97 48 49 287 247 88 159 40
is_linear=0
shrinkage=0.3


Tree=246
num_leaves=21
num_cat=0
split_feature=12 1 6 12 27 10 14 4 21 13 11 10 5 4 27 4 9 4 22 9
split_gain=5.26903e-10 6.09602e-10 5.33866e-10 4.59779e-10 5.75787e-10 1.03393e-09 1.02125e-09 2.40658e-09 1.73211e-09 1.3596e-09 1.82399e-09 1.14864e-09 1.12813e-09 8.73563e-10 1.67362e-09 1.09743e-09 1.20442e-09 9.98752e-10 7.98957e-10 5.63715e-10
threshold=0.0059889816061213077 3.3880912539400532 -0.030542929983229581 0.0046034734091298952 0.80200850000000012 -1.7211394970020812 0.028466744585332798 1762850.0000000002 0.63573750000000018 0.024472026175929831 42.407819705022938 -0.40343680689387473 -1.0000000180025095e-35 2692450.0000000005 0.94615500000000008 3048500.0000000005 0.028859839304548683 815350.00000000012 0.025221000000000004 0.023808815718456711
decision_type=2 2 2 2 2 2 2 2 2 2 2 2 2 2 2 2 2 2 2 2
left_child=2 -2 -1 4 6 18 7 8 11 10 -9 -4 -11 14 17 -15 -17 -7 -6 -8
right_child=1 -3 3 -5 5 13 19 9 -10 12 -12 -13 -14 15 -16 16 -18 -19 -20 -21
leaf_value=-1.4725441559448882e-06 2.9957916297007609e-07 -1.868979038732732e-06 -2.9845509556025719e-06 1.3898849580584737e-06 -1.5465462297470367e-07 1.8113793507268383e-06 -1.4768383487405249e-06 -1.5137501624063919e-06 1.2229959010921576e-06 4.2796434428282732e-06 1.7100968597813117e-06 -3.0581670278492952e-07 1.3054958965984622e-06 -2.5057277408028049e-06 2.1098103488270679e-06 -3.0098905421166311e-08 -2.0473844605566468e-06 -4.1109071670988292e-07 2.4127166327048144e-06 5.1972675481959388e-07
leaf_weight=20 20 28 25 24 20 20 35 22 35 24 56 34 22 28 32 123 34 202 24 20
leaf_count=20 20 28 25 24 20 20 35 22 35 24 56 34 22 28 32 123 34 202 24 20
internal_value=-8.27828e-15 -9.65413e-07 5.79248e-08 9.71676e-08 5.61289e-08 -1.40705e-07 4.04373e-07 6.95819e-07 -4.49007e-07 1.56367e-06 8.00807e-07 -1.44087e-06 2.85723e-06 -2.79664e-07 8.15008e-08 -7.75533e-07 -4.66963e-07 -2.10868e-07 1.24573e-06 -7.50815e-07
internal_weight=848 48 800 780 756 483 273 218 94 124 78 59 46 439 254 185 157 222 44 55
internal_count=848 48 800 780 756 483 273 218 94 124 78 59 46 439 254 185 157 222 44 55
is_linear=0
shrinkage=0.3


Tree=247
num_leaves=31
num_cat=0
split_feature=7 7 12 23 6 6 20 11 10 12 5 27 13 27 27 7 16 16 11 26 18 18 16 19 22 20 26 14 17 17
split_gain=3.3074e-10 9.04862e-10 8.18003e-10 9.06462e-10 6.84745e-10 1.53377e-09 1.96328e-09 1.27419e-09 1.99605e-09 1.01975e-09 9.56028e-10 2.10599e-09 2.85293e-09 2.49244e-09 1.15044e-09 1.84249e-09 1.12858e-09 2.08036e-09 1.57536e-09 1.45808e-09 1.40993e-09 1.81735e-09 7.48427e-10 1.11818e-09 7.28852e-10 6.03493e-10 1.78634e-09 6.96887e-10 5.24007e-10 2.53132e-10
threshold=0.0096268553118364578 0.014779393356072595 -0.00044676537117908948 0.41666650000000005 -0.0073530860890311999 -0.0044591443601576033 0.17368500000000003 61.190897059480783 0.20482208192676324 -6.3425187707430704e-05 -0.0023866533818705706 0.91660800000000009 0.020203201214542357 0.94083700000000015 0.8877925000000001 -0.011665371159273656 0.0053050720810410507 0.0045924725840773466 58.536603240107333 0.48356550000000004 0.56453014259780099 -0.18360441286257567 0.0022676256752489576 0.39294500000000004 0.025221000000000004 0.76086200000000015 0.53336450000000013 0.02361281809462585 0.0046838363034779722 0.0047281278572888453
decision_type=2 2 2 2 2 2 2 2 2 2 2 2 2 2 2 2 2 2 2 2 2 2 2 2 2 2 2 2 2 2
left_child=4 2 -2 -4 7 6 -6 8 22 -8 11 12 -7 -13 15 -14 17 20 19 -18 21 -12 -1 24 -24 26 27 28 -3 -26
right_child=1 25 3 -5 5 10 9 -9 -10 -11 16 13 14 -15 -16 -17 18 -19 -20 -21 -22 -23 23 -25 29 -27 -28 -29 -30 -31
leaf_value=-1.0578792652128097e-06 -2.4955134251520634e-08 -3.3158643191200093e-08 -3.4437321882510979e-06 -6.2169102250209112e-07 -3.3800480726616417e-06 3.5718135348380049e-06 1.0857588869419906e-06 -1.6593220436345034e-06 3.1332249054214806e-06 -1.7249869448018476e-06 5.1756212193574604e-07 -2.7510106123429522e-06 2.0461856991005334e-06 1.3506901602511333e-06 2.4499281443013384e-06 -1.1516004556142433e-06 1.2607221732381165e-06 -3.5672568190290929e-06 2.904773066347843e-06 -1.6987046431746295e-06 1.8393599692568715e-06 -2.2090838115864449e-06 -9.9846025847227793e-07 2.1561930121842299e-06 1.6771127471315594e-06 -1.2081898116633737e-06 2.2393024989121518e-06 8.3560933285298226e-07 -2.1328007303212792e-06 1.6774504731920104e-07
leaf_weight=26 31 20 21 20 27 36 26 20 29 21 44 30 24 24 20 50 31 21 20 29 22 44 32 34 20 24 34 25 23 20
leaf_count=26 31 20 21 20 27 36 26 20 29 21 44 30 24 24 20 50 31 21 20 29 22 44 32 34 20 24 34 25 23 20
internal_value=9.37929e-16 -3.39462e-07 -1.18786e-06 -2.06713e-06 1.03405e-07 -8.78801e-08 -1.3413e-06 5.99056e-07 8.796e-07 -1.70106e-07 1.46938e-07 6.46731e-07 1.30086e-06 -9.28032e-07 4.31138e-07 -1.14481e-07 -2.88901e-07 -8.31095e-07 5.98943e-07 -1.69667e-07 -3.08737e-07 -8.45761e-07 3.84486e-07 7.38273e-07 6.87004e-08 1.45336e-07 4.63813e-07 -4.23932e-07 -1.15622e-06 9.22429e-07
internal_weight=848 198 72 41 650 469 74 181 161 47 395 184 130 54 94 74 211 131 80 60 110 88 132 106 72 126 102 68 43 40
internal_count=848 198 72 41 650 469 74 181 161 47 395 184 130 54 94 74 211 131 80 60 110 88 132 106 72 126 102 68 43 40
is_linear=0
shrinkage=0.3


Tree=248
num_leaves=23
num_cat=0
split_feature=20 11 14 11 8 15 5 3 1 24 12 2 20 26 12 7 27 20 20 10 27 13
split_gain=3.58594e-10 1.29404e-09 1.63554e-09 1.72883e-09 6.20193e-10 5.56879e-10 1.12133e-09 5.7659e-10 1.16639e-09 1.11868e-09 8.00473e-10 1.27e-09 1.24831e-09 1.43143e-09 1.16633e-09 1.10085e-09 1.02531e-09 6.84512e-10 9.06157e-10 6.47763e-10 5.90841e-10 6.66955e-10
threshold=0.81258550000000007 43.902137299775809 0.029885084434708498 52.950798878811277 0.034722953604621347 0.025791390851527474 0.023461592102222182 3.8843386173248295 3.9480917508036 0.87500000000000011 -0.00023918231649028599 3.3933518248789727 0.5875505000000002 0.85552650000000008 -0.0008942368501359462 -1.0000000180025095e-35 0.76228600000000013 0.55899650000000012 0.20764600000000002 0.50836064842699091 0.7391700000000001 0.020603747623492794
decision_type=2 2 2 2 2 2 2 2 2 2 2 2 2 2 2 2 2 2 2 2 2 2
left_child=5 -2 3 -3 -5 6 7 10 -9 20 14 16 13 -13 17 -16 -12 18 -1 -18 -10 -22
right_child=1 2 -4 4 -6 -7 -8 8 9 -11 11 12 -14 -15 15 -17 19 -19 -20 -21 21 -23
leaf_value=-3.1150535411329976e-07 2.1499714461565272e-06 -2.600367948701887e-06 1.9656411348242166e-06 1.618734067534433e-06 -6.65497063323528e-07 -1.3704753733879347e-06 2.1850284406355056e-06 -2.6715284231603286e-06 5.0428419316714006e-07 1.744924877016274e-06 9.6901257200862833e-07 1.4471962694486463e-07 3.079366433951236e-06 2.4068363681943727e-06 -2.0307165868871379e-07 -3.3130105805412313e-06 -2.2920786826599111e-06 -1.2790811122561269e-06 9.9222390035377674e-07 -2.2990572424292238e-07 -2.2937341421719135e-06 -7.3770725756665862e-08
leaf_weight=140 31 29 26 20 23 29 20 22 22 20 26 134 20 31 20 21 29 36 73 26 29 21
leaf_count=140 31 29 26 20 23 29 20 22 22 20 26 134 20 31 20 21 29 36 73 26 29 21
internal_value=-3.64237e-15 4.60569e-07 -7.38342e-08 -8.10311e-07 3.96936e-07 -8.26333e-08 -2.85066e-08 -9.45823e-08 -7.09196e-07 -2.39943e-07 3.14356e-08 4.07286e-07 8.41036e-07 5.69723e-07 -3.1331e-07 -1.79597e-06 -5.83377e-07 -6.9178e-08 1.35313e-07 -1.31723e-06 -7.91295e-07 -1.36135e-06
internal_weight=848 129 98 72 43 719 690 670 114 92 556 266 185 165 290 41 81 249 213 55 72 50
internal_count=848 129 98 72 43 719 690 670 114 92 556 266 185 165 290 41 81 249 213 55 72 50
is_linear=0
shrinkage=0.3


Tree=249
num_leaves=17
num_cat=0
split_feature=12 27 12 4 14 14 4 17 6 21 9 21 21 9 15 14
split_gain=3.70621e-10 9.68668e-10 5.16977e-10 4.00391e-10 6.93365e-10 1.23667e-09 1.0391e-09 1.72205e-09 6.84632e-10 4.46971e-10 1.04242e-09 9.47108e-10 8.56424e-10 1.38817e-09 1.07773e-09 8.32517e-10
threshold=0.0052477516760580751 0.81499050000000006 0.0040614389188512838 998450.00000000012 0.012239908560247122 0.013620890004308757 1418700.0000000002 0.0024360548021839369 0.0022548832835212313 0.057834500000000004 0.03162433341072976 0.60497900000000016 0.034695500000000011 0.023808815718456711 0.0027816439663625402 0.033720948482441164
decision_type=2 2 2 2 2 2 2 2 2 2 2 2 2 2 2 2
left_child=2 -2 3 8 6 -6 -5 -8 -1 12 15 -12 13 -7 -14 -11
right_child=1 -3 -4 4 5 9 7 -9 -10 10 11 -13 14 -15 -16 -17
leaf_value=-1.626263586509805e-06 -2.302959359212764e-06 1.9842904896749085e-07 1.2761539250050191e-06 -8.5889329000110586e-07 -2.3076641485074239e-06 8.9400969432773531e-07 1.3533195525584371e-07 3.1879136838009296e-06 3.971910877630257e-07 2.041182103779453e-07 2.626160323261826e-06 -3.904313286641679e-08 -2.5659344419182161e-06 -1.8918751594169821e-06 2.7711777534022985e-07 -9.8318239546794457e-07
leaf_weight=34 22 38 30 24 21 60 39 29 27 340 28 21 30 22 20 63
leaf_count=34 22 38 30 24 21 60 39 29 27 340 28 21 30 22 20 63
internal_value=5.21218e-15 -7.18747e-07 5.47269e-08 6.38547e-09 7.08881e-08 -4.57934e-08 8.38196e-07 1.43717e-06 -7.30636e-07 3.5541e-08 1.77372e-07 1.48393e-06 -4.50124e-07 1.46577e-07 -1.42871e-06 1.85104e-08
internal_weight=848 60 788 758 697 605 92 68 61 584 452 49 132 82 50 403
internal_count=848 60 788 758 697 605 92 68 61 584 452 49 132 82 50 403
is_linear=0
shrinkage=0.3


Tree=250
num_leaves=24
num_cat=0
split_feature=20 21 29 14 14 18 17 17 22 17 10 15 4 5 15 14 12 4 10 6 3 8 11
split_gain=3.25007e-10 3.38204e-10 1.39789e-09 1.14361e-09 9.48429e-10 1.494e-09 1.55761e-09 1.14871e-09 1.3319e-09 9.62916e-10 1.1328e-09 6.10919e-10 5.60213e-10 2.14988e-09 1.38337e-09 1.01438e-09 1.04901e-09 1.46775e-09 9.70077e-10 7.4731e-10 7.1289e-10 6.19171e-10 8.95084e-10
threshold=0.9334880000000001 0.72146750000000004 1.5000000000000002 0.0078533957890160374 0.011195098419223233 0.024157662566936616 0.009422854753303558 0.0051813423497559762 0.013477500000000002 0.0025906711748779469 0.20482208192676324 -0.0024539889835855483 1484700.0000000002 0.0049261112198518238 0.002361276252847573 0.01182037600695209 0.0011889355971660212 2088750.0000000002 0.80246139966709384 -0.021898997775998064 3.8419252634048466 -0.028276580114751561 52.811663794715251
decision_type=2 2 2 2 2 2 2 2 2 2 2 2 2 2 2 2 2 2 2 2 2 2 2
left_child=1 3 4 -1 -3 6 7 8 -6 -7 11 -11 13 14 21 -14 18 -18 19 -17 -19 -5 -23
right_child=-2 2 -4 12 5 9 -8 -9 -10 10 -12 -13 15 -15 -16 16 17 20 -20 -21 -22 22 -24
leaf_value=-2.3936975789240477e-06 9.5345356370554293e-07 1.7477305218650285e-06 2.5954656412657021e-06 -7.8365269148759698e-07 -2.5221295921085127e-06 -6.7863741138167318e-07 1.3523225821440324e-06 -3.1942660720792796e-06 3.7950504910051155e-07 1.4328266268697526e-06 2.8052279067954559e-06 -8.8392914811663557e-07 1.4805532302865498e-06 3.1749391227590835e-06 -2.2651678120512638e-06 -1.7490869778997036e-06 -2.8515871364682486e-06 -8.1155530230182227e-08 1.4819215189564762e-06 -4.538292440439567e-08 -1.973685372631636e-06 2.5319187588221127e-06 -2.4109143652140115e-07
leaf_weight=20 31 26 21 21 24 33 21 26 35 21 27 20 29 22 21 26 31 81 34 213 23 22 20
leaf_count=20 31 26 21 21 24 33 21 26 35 21 27 20 29 22 21 26 31 81 34 213 23 22 20
internal_value=1.46204e-15 -3.61776e-08 2.51189e-07 -1.65824e-07 3.99026e-08 -1.74607e-07 -9.61326e-07 -1.53293e-06 -8.00821e-07 6.51058e-07 1.29635e-06 3.02702e-07 -8.37665e-08 5.34942e-07 -1.56486e-07 -2.33842e-07 -3.55699e-07 -1.03976e-06 -1.74267e-08 -2.30723e-07 -4.99696e-07 5.46408e-07 1.21144e-06
internal_weight=848 817 254 563 233 207 106 85 59 101 68 41 543 106 84 437 408 135 273 239 104 63 42
internal_count=848 817 254 563 233 207 106 85 59 101 68 41 543 106 84 437 408 135 273 239 104 63 42
is_linear=0
shrinkage=0.3


Tree=251
num_leaves=22
num_cat=0
split_feature=5 4 5 5 12 24 10 7 18 5 9 27 19 7 20 10 5 6 15 4 20
split_gain=2.93504e-10 1.30298e-09 1.06806e-09 7.83139e-10 9.61035e-10 9.14749e-10 1.13101e-09 9.54756e-10 6.11759e-10 5.95891e-10 6.73718e-10 5.46685e-10 6.2739e-10 1.02916e-09 9.04584e-10 8.71198e-10 8.15197e-10 1.16367e-09 9.70206e-10 7.98247e-10 7.7747e-10
threshold=0.0053548235885739768 1043550.0000000001 0.0047394855697186463 0.0070175202566840596 0.0042724296433488363 0.41666650000000005 -0.46277994960747665 0.011478302713253554 0.50526789966903529 0.011876778064342288 0.020469307760020369 0.54312300000000013 0.83348750000000005 0.0023669299677312786 0.80200850000000012 0.73968779587340661 -0.0025320323385677932 0.0067418978966466599 -0.0047846846286744033 5536650.0000000009 0.018053000000000003
decision_type=2 2 2 2 2 2 2 2 2 2 2 2 2 2 2 2 2 2 2 2 2
left_child=2 -2 11 -3 5 6 -5 8 -8 -7 -11 -1 14 -14 15 19 18 -18 -17 20 -13
right_child=1 3 -4 4 -6 9 7 -9 -10 10 -12 12 13 -15 -16 16 17 -19 -20 -21 -22
leaf_value=1.4714082342577413e-06 1.9533987917632408e-06 -2.2556452739763701e-06 2.1704991993296762e-06 -2.1050673508682392e-06 -1.7681029601051784e-06 2.2587998343226445e-06 -1.1648924006735227e-06 1.7406256016660005e-06 5.4482144304852072e-07 -8.7639415085050128e-07 1.5294017037215112e-06 -1.9448851397640963e-06 1.8865198164711406e-06 -5.494404335751015e-07 -2.1165386501564853e-06 3.8745994637639811e-07 1.0337179139027925e-06 -1.8501733214293381e-06 3.2444481166749026e-06 -1.7273742599396398e-06 -1.3484167410904815e-08
leaf_weight=23 22 20 22 30 34 20 48 22 31 22 20 20 37 27 20 23 34 20 20 31 302
leaf_count=23 22 20 22 30 34 20 48 22 31 22 20 20 37 27 20 23 34 20 20 31 302
internal_value=-5.23166e-16 -2.58936e-07 1.203e-07 -4.55987e-07 -2.97426e-07 -3.83434e-08 -4.87661e-07 -7.24364e-09 -4.93992e-07 9.11022e-07 2.69223e-07 3.9323e-08 -2.23586e-08 8.58849e-07 -1.42353e-07 -5.46112e-08 7.41685e-07 -3.439e-08 1.71629e-06 -2.73424e-07 -1.33447e-07
internal_weight=848 269 579 247 227 193 131 101 79 62 42 557 534 64 470 450 97 54 43 353 322
internal_count=848 269 579 247 227 193 131 101 79 62 42 557 534 64 470 450 97 54 43 353 322
is_linear=0
shrinkage=0.3


Tree=252
num_leaves=29
num_cat=0
split_feature=8 8 9 16 16 26 10 16 5 13 12 27 4 21 21 16 22 26 18 20 13 2 18 27 5 16 5 27
split_gain=3.9319e-10 2.369e-09 1.26528e-09 7.27606e-10 1.08558e-09 1.28892e-09 1.00856e-09 1.36858e-09 9.62695e-10 8.57586e-10 8.31789e-10 1.38558e-09 8.02616e-10 8.48703e-10 7.85407e-10 5.69531e-10 5.29209e-10 4.95603e-10 7.93317e-10 6.92276e-10 9.75685e-10 1.3252e-09 8.63577e-10 9.26463e-10 1.14432e-09 8.12242e-10 4.57696e-10 4.24061e-10
threshold=-0.00725682868447364 -0.011315363783891561 0.01091626869722675 0.0045454501120513529 0.002331055704139569 0.49959600000000004 0.48559613182690292 0.0054496264309638323 0.0045507125326679733 0.02225515171716964 -0.002193111579262537 0.85407200000000005 3511600.0000000005 0.44301950000000007 0.088922000000000015 0.01041675857166585 0.015490000000000002 0.89373500000000006 -0.023348159007990494 0.091909000000000018 0.027340368749934885 3.2997171105025207 -0.27961282830425355 0.91424100000000008 -0.0051882829153408489 0.0024095787505740832 -0.0027623831399622395 0.80024850000000014
decision_type=2 2 2 2 2 2 2 2 2 2 2 2 2 2 2 2 2 2 2 2 2 2 2 2 2 2 2 2
left_child=1 2 -1 4 12 -6 10 -8 9 -9 -5 -12 13 26 -7 -10 -15 19 -19 22 21 -21 -4 24 -24 -23 -2 -28
right_child=3 -3 17 6 5 14 7 8 15 -11 11 -13 -14 16 -16 -17 -18 18 -20 20 -22 25 23 -25 -26 -27 27 -29
leaf_value=-2.209565304767125e-06 -2.5538402391808068e-07 3.3292436244534787e-06 -5.0849965987254104e-07 1.3130104628089611e-07 2.569688235265488e-06 1.3078260105911258e-06 -1.795832742693216e-06 2.801060175660165e-06 -1.4393149856372332e-06 3.5196450629692043e-07 -3.5526408805787291e-06 -7.5691025926971631e-07 -1.4538658764183166e-06 1.5830291269074741e-07 -1.2571423488744974e-06 5.8730674936668945e-07 -1.491438503243054e-06 2.154870071535697e-06 -3.379831062488847e-07 -2.3691165855765917e-06 1.0776541982930134e-06 -1.2023915343003667e-06 3.8200604829796703e-06 -2.0829387184758988e-07 6.1087259837222521e-07 4.8524648276911235e-07 3.6085293402265957e-07 2.0793653074438876e-06
leaf_weight=21 26 21 35 25 32 22 31 22 26 31 27 39 38 35 21 24 35 27 20 32 36 42 20 22 20 66 24 28
leaf_count=21 26 21 35 25 32 22 31 22 26 31 27 39 38 35 21 24 35 27 20 32 36 42 20 22 20 66 24 28
internal_value=2.03108e-15 2.36695e-07 4.62443e-08 -1.76303e-07 1.64514e-07 1.12803e-06 -5.71652e-07 -4.82345e-08 4.77742e-07 1.36857e-06 -1.3424e-06 -1.90062e-06 -2.24e-07 9.17768e-08 5.5167e-08 -4.66537e-07 -6.66568e-07 1.94282e-07 1.09408e-06 3.93713e-08 -3.15286e-07 -6.73471e-07 6.82873e-07 1.35542e-06 2.21547e-06 -1.71057e-07 7.72342e-07 1.28621e-06
internal_weight=848 362 341 486 261 75 225 134 103 53 91 66 186 148 43 50 70 320 47 273 176 140 97 62 40 108 78 52
internal_count=848 362 341 486 261 75 225 134 103 53 91 66 186 148 43 50 70 320 47 273 176 140 97 62 40 108 78 52
is_linear=0
shrinkage=0.3


Tree=253
num_leaves=27
num_cat=0
split_feature=10 10 7 22 19 9 22 18 1 13 13 20 10 17 13 7 6 15 6 7 3 17 20 14 21 0
split_gain=2.63386e-10 1.00779e-09 8.49862e-10 1.24091e-09 1.44932e-09 1.33096e-09 1.21369e-09 1.22343e-09 1.14759e-09 7.18672e-10 6.96766e-10 5.12999e-10 7.11022e-10 1.27379e-09 6.07397e-10 6.04246e-10 7.73457e-10 1.45553e-09 1.21244e-09 6.3174e-10 6.34525e-10 5.45629e-10 4.73978e-10 6.81809e-10 6.67786e-10 4.4423e-10
threshold=-0.82928739446917799 -0.75647395055539468 -0.0080214107901142046 0.15535400000000002 -0.47420399999999996 0.017422088140175315 0.033698000000000006 -0.013713610923889076 3.7858296269940666 0.023460004974548133 0.022839114017666064 0.90261950000000013 -0.49105053691072237 0.0026281229615339849 0.02247428396901242 0.0096268553118364578 -0.0070177890966246085 0.0046565792030586819 -0.013683551307757063 0.0026245644495710894 3.3501961231231694 0.0068182293541164804 0.26959400000000006 0.018079102080200984 0.63573750000000018 3.5403458991927526
decision_type=2 2 2 2 2 2 2 2 2 2 2 2 2 2 2 2 2 2 2 2 2 2 2 2 2 2
left_child=2 -2 6 5 -5 8 7 -1 -4 -7 -8 12 13 -3 -13 16 17 -14 -19 20 -18 -21 23 -17 -25 -24
right_child=1 11 3 4 -6 9 10 -9 -10 -11 -12 14 15 -15 -16 22 19 18 -20 21 -22 -23 25 24 -26 -27
leaf_value=-2.8134462136206493e-06 -2.011267760337887e-06 2.9978072329583935e-06 3.5945161730053551e-06 1.0524474933245899e-06 -2.4318554015475715e-06 -1.2205381247554213e-06 -3.85062568572876e-07 9.9020720881526366e-08 7.9006713653573264e-07 1.0585055927043122e-06 2.0360783642558998e-06 -1.9487571673693081e-06 -4.4534306293068458e-07 -1.3690097741151215e-07 -3.4493399283519465e-08 -2.2037338311520214e-06 1.0128334073909529e-06 5.2172779822450879e-07 3.6369068637846476e-06 -2.7877484092592957e-08 -5.2178576422684003e-07 1.9441464676516337e-06 -7.3364637096062782e-07 9.5558052472759821e-07 -1.124758286118222e-06 1.2658714980773311e-06
leaf_weight=27 24 20 29 22 21 20 23 25 24 33 20 26 36 28 35 28 28 22 23 28 181 23 20 21 41 20
leaf_count=27 24 20 29 22 21 20 23 25 24 33 20 26 36 28 35 28 28 22 23 28 181 23 20 21 41 20
internal_value=5.85177e-15 -1.06267e-07 2.63053e-07 7.10117e-07 -6.49189e-07 1.26153e-06 -4.38131e-07 -1.41322e-06 2.32458e-06 1.98489e-07 7.41049e-07 -2.74389e-08 6.92879e-08 1.16923e-06 -8.50409e-07 -4.28079e-08 1.66995e-07 9.76476e-07 2.11393e-06 -8.51888e-08 -3.16191e-07 8.61467e-07 -5.93138e-07 -9.75027e-07 -4.20127e-07 2.66113e-07
internal_weight=848 604 244 149 43 106 95 52 53 53 43 580 519 48 61 471 341 81 45 260 209 51 130 90 62 40
internal_count=848 604 244 149 43 106 95 52 53 53 43 580 519 48 61 471 341 81 45 260 209 51 130 90 62 40
is_linear=0
shrinkage=0.3


Tree=254
num_leaves=24
num_cat=0
split_feature=15 20 7 10 11 21 8 10 7 18 21 17 15 14 5 14 13 8 9 9 28 14 9
split_gain=2.7126e-10 7.33304e-10 6.10259e-10 5.98984e-10 7.61557e-10 1.54247e-09 1.41006e-09 6.44901e-10 9.82915e-10 7.81426e-10 8.53808e-10 5.99947e-10 5.67588e-10 5.45825e-10 1.41014e-09 5.18455e-10 5.13137e-10 7.15859e-10 4.06948e-10 6.52938e-10 5.833e-10 7.52736e-10 7.29665e-10
threshold=0.0023837914450530813 0.018053000000000003 0.025159728961644066 -1.2987149823469812 47.94205692570079 0.37987650000000001 -0.02906525712247315 1.4239984565803392 -0.0072640733912164059 0.65539162205345514 0.23177050000000002 0.0026525360405205609 0.0093567845195221492 0.011641447943022664 -0.0027175400084091146 0.012886646716521519 0.020472936104664177 0.046515538398413027 0.010751883273604561 0.011974718874835871 1.0000000180025095e-35 0.017014353215917644 0.028324392754040157
decision_type=2 2 2 2 2 2 2 2 2 2 2 2 2 2 2 2 2 2 2 2 2 2 2
left_child=1 -1 3 -2 5 12 -7 8 11 10 -10 -6 -5 14 -3 -15 -9 -18 -17 -20 22 -22 -21
right_child=2 13 -4 4 7 6 -8 16 9 -11 -12 -13 -14 15 -16 18 17 -19 19 20 21 -23 -24
leaf_value=-1.3716142746034166e-06 -1.6493295122797592e-06 -8.4521652503610763e-07 -1.7268616527520532e-06 -1.7683624798081609e-06 1.6920800525050643e-06 5.0211310089064774e-07 3.7299892686145799e-06 1.7389407914158994e-06 -1.2258804137952839e-07 4.5114567461206949e-07 -2.1860585395036311e-06 -4.291462416665987e-07 4.6472123378699898e-07 -1.1772935351928026e-06 2.3471962790531296e-06 1.2311991021363154e-06 -1.0235575173567213e-06 1.1500730853413188e-06 -1.4685334681630025e-06 -4.4434834042033655e-07 2.0724887441513698e-06 3.2190868059769263e-07 8.3775585174724907e-07
leaf_weight=27 21 20 22 20 21 29 21 20 26 22 59 28 21 26 33 32 30 25 22 146 29 93 55
leaf_count=27 21 20 22 20 21 29 21 20 26 22 59 28 21 26 33 32 30 25 22 146 29 93 55
internal_value=-1.86486e-16 1.47499e-07 -1.95183e-07 -9.69417e-08 4.30098e-09 7.39373e-07 1.85782e-06 -2.85273e-07 -6.32833e-07 -1.14243e-06 -1.55488e-06 4.79951e-07 -6.24588e-07 2.37446e-07 1.14251e-06 1.18418e-07 4.37652e-07 -3.55436e-08 2.07777e-07 1.12851e-07 2.20562e-07 7.3803e-07 -9.35238e-08
internal_weight=848 483 365 343 322 91 50 231 156 107 85 49 41 456 53 403 75 55 377 345 323 122 201
internal_count=848 483 365 343 322 91 50 231 156 107 85 49 41 456 53 403 75 55 377 345 323 122 201
is_linear=0
shrinkage=0.3


Tree=255
num_leaves=31
num_cat=0
split_feature=13 13 15 13 12 17 12 12 12 6 16 19 15 15 5 22 22 5 5 22 18 19 11 14 16 27 26 2 28 20
split_gain=2.00499e-10 7.30433e-10 1.4835e-09 6.10803e-10 5.55396e-10 9.63472e-10 9.4574e-10 8.04931e-10 1.28407e-09 6.93307e-10 6.26058e-10 1.04104e-09 5.77707e-10 5.22427e-10 7.41931e-10 7.31539e-10 1.63344e-09 1.9407e-09 9.57784e-10 7.44373e-10 7.83428e-10 6.70976e-10 5.36132e-10 5.2261e-10 7.82598e-10 4.83717e-10 6.56281e-10 3.80289e-10 3.58937e-10 3.72038e-10
threshold=0.021945826994704529 0.022889839813723282 -0.0026041819020533236 0.02228673688130987 0.00055611731009846466 0.0023640639286444374 -0.00021750340072030079 -0.0008942368501359462 -0.0020161849042237058 -0.010443999047484876 0.0045454501120512853 1.0000000180025095e-35 0.0026809818466950745 -0.014151043126324514 -0.018200520353746159 0.025221000000000004 0.055242500000000007 0.0023528297313892099 -0.0071429511255020157 0.012340500000000003 0.54672315554484618 0.46166950000000007 46.361880817324753 0.010767169300375027 0.0023365019606584902 0.73036900000000016 0.82955850000000009 3.3403949985989629 1.0000000180025095e-35 0.069705000000000017
decision_type=2 2 2 2 2 2 2 2 2 2 2 2 2 2 2 2 2 2 2 2 2 2 2 2 2 2 2 2 2 2
left_child=13 2 -2 -4 5 12 7 8 9 -7 11 -6 -3 14 -1 18 17 -17 -15 20 21 -20 -21 -18 -25 -12 -27 -13 29 -26
right_child=1 4 3 -5 10 6 -8 -9 -10 -11 25 27 -14 15 -16 16 23 -19 19 22 -22 -23 -24 24 28 26 -28 -29 -30 -31
leaf_value=-3.6045977727299128e-07 -1.0585392661756342e-06 2.2210610051701915e-06 9.1159560042797241e-07 3.1735567360933394e-06 1.4108890084279275e-06 4.7621319909411967e-07 1.6347859645275792e-06 -1.7184487178667497e-06 1.4578857440793714e-06 -1.1460814113658815e-06 -2.2266744441491357e-06 4.6064221876918053e-07 3.58241757582838e-07 -2.6161565957946467e-06 2.1379198204840575e-06 3.8820036328957025e-06 -1.7899765396123256e-06 -2.9726701441745715e-07 4.5938561245770135e-07 -1.5247986969565577e-07 1.7464915178067029e-06 -1.6792017086964466e-06 -2.1032694101030814e-06 -1.6877249922941927e-06 -9.0412402266792926e-07 1.3456042104564856e-07 -1.9053957329746975e-06 -1.1170663945877815e-06 1.3040310605560989e-06 8.3182218377331199e-07
leaf_weight=23 20 31 21 22 35 37 26 30 39 66 22 20 29 22 20 20 21 20 31 21 20 23 32 22 25 40 22 44 24 20
leaf_count=23 20 31 21 22 35 37 26 30 39 66 22 20 29 22 20 20 21 20 31 21 20 23 32 22 25 40 22 44 24 20
internal_value=4.1157e-15 1.20516e-07 1.07605e-06 2.06888e-06 -1.5989e-08 2.67554e-07 -5.15806e-08 -3.06497e-07 -8.19677e-09 -5.63315e-07 -4.15738e-07 9.53842e-08 1.3207e-06 -1.76569e-07 8.01577e-07 -3.16304e-07 1.46746e-07 1.79237e-06 -7.88678e-07 -4.72107e-07 1.42556e-07 -4.51494e-07 -1.33032e-06 -4.40977e-07 -1.29669e-07 -1.01813e-06 -5.89295e-07 -6.24032e-07 3.67103e-07 -1.32592e-07
internal_weight=848 504 63 43 441 258 198 172 142 103 183 99 60 344 43 301 152 40 149 127 74 54 53 112 91 84 62 64 69 45
internal_count=848 504 63 43 441 258 198 172 142 103 183 99 60 344 43 301 152 40 149 127 74 54 53 112 91 84 62 64 69 45
is_linear=0
shrinkage=0.3


Tree=256
num_leaves=23
num_cat=0
split_feature=9 3 20 27 15 15 3 4 9 22 22 12 7 11 14 18 27 15 22 4 9 10
split_gain=1.87131e-10 2.26136e-10 3.96102e-10 5.79843e-10 9.87922e-10 6.05529e-10 3.66429e-10 7.20001e-10 6.02031e-10 4.38423e-10 9.42407e-10 9.3107e-10 7.11741e-10 1.52937e-09 1.11167e-09 8.5232e-10 8.00327e-10 7.19043e-10 6.04473e-10 6.8278e-10 5.46263e-10 3.27566e-10
threshold=0.045326697778472855 3.8843386173248295 0.04059150000000001 0.91550300000000007 0.0030960909660395952 0.0091116556837300793 3.8499549627304082 1807550.0000000002 0.0099345224753250305 0.028575000000000003 0.018806000000000003 0.00076314234912299177 -0.0046564660901821705 54.359558265142844 0.020606714222486833 -0.25296675462370805 0.81804050000000006 -0.0026739662845854241 0.017195500000000006 1324900.0000000002 0.028152077504570664 0.23490677831482412
decision_type=2 2 2 2 2 2 2 2 2 2 2 2 2 2 2 2 2 2 2 2 2 2
left_child=1 6 -3 4 21 -6 8 -8 -1 10 18 -12 14 16 17 -16 -14 -11 19 -10 -15 -4
right_child=-2 2 3 -5 5 -7 7 -9 9 12 11 -13 13 20 15 -17 -18 -19 -20 -21 -22 -23
leaf_value=-1.4974985506651965e-06 -6.5064974601108057e-07 -1.5159952131479517e-06 1.4116464312637203e-06 1.12082543532763e-06 -2.5850752820133492e-06 -4.8466829952076293e-07 -2.4328167742366887e-07 2.1573126331149564e-06 1.4668368269799005e-06 2.8515255914385309e-06 2.7991159306303903e-06 1.473504233538072e-07 -2.0478804475153406e-06 1.2622633605988394e-06 1.1831618630770374e-06 -1.0575833363191122e-06 -4.9457697232450446e-07 6.0802397478335966e-07 -1.4111629192419579e-06 3.3614283531422522e-08 -5.1701866468079059e-07 -2.4482584909232435e-07
leaf_weight=22 38 21 22 27 21 30 23 22 36 20 26 22 51 44 22 50 72 36 21 177 24 21
leaf_count=22 38 21 22 27 21 30 23 22 36 20 26 22 51 44 22 50 72 36 21 177 24 21
internal_value=-3.243e-15 3.05243e-08 -3.13277e-07 -1.04541e-07 -4.56508e-07 -1.34954e-06 1.03608e-07 9.30342e-07 4.38919e-08 1.00316e-07 3.72837e-07 1.58372e-06 -1.40597e-07 -5.07436e-07 4.06795e-07 -3.72911e-07 -1.13863e-06 1.40927e-06 1.24451e-07 2.75849e-07 6.34281e-07 6.02672e-07
internal_weight=848 810 142 121 94 51 668 45 623 601 282 48 319 191 128 72 123 56 234 213 68 43
internal_count=848 810 142 121 94 51 668 45 623 601 282 48 319 191 128 72 123 56 234 213 68 43
is_linear=0
shrinkage=0.3


Tree=257
num_leaves=18
num_cat=0
split_feature=4 18 4 5 5 18 0 16 27 15 1 18 16 17 9 12 26
split_gain=2.28195e-10 7.17096e-10 6.76703e-10 2.65415e-10 6.13828e-10 6.14368e-10 5.83281e-10 5.19311e-10 5.29777e-10 4.71567e-10 3.82557e-10 3.33649e-10 3.79329e-10 4.92264e-10 6.33891e-10 5.59477e-10 3.31508e-10
threshold=905100.00000000012 -0.88043515006914486 1043550.0000000001 0.0082646248546045277 0.016117059759166368 -0.27961282830425355 3.6675271038204307 0.0053835846501875577 0.77625300000000008 0.0093567845195221492 3.3511412286432916 1.2706677743737198 0.011520670999951675 0.0094674600660246949 0.029602569738136807 -0.005122999009263423 0.34779650000000001
decision_type=2 2 2 2 2 2 2 2 2 2 2 2 2 2 2 2 2
left_child=1 -1 -2 9 7 -6 10 8 -5 11 -7 12 13 15 -15 -4 -14
right_child=2 -3 3 4 5 6 -8 -9 -10 -11 -12 -13 16 14 -16 -17 -18
leaf_value=-1.5258106477558025e-06 1.6085728862691439e-06 7.4468715313612066e-07 1.2724997858981622e-06 8.3834399496091855e-07 -1.0088397459639964e-06 1.0952187437496263e-06 1.7527635125046658e-06 -1.8663587708633855e-06 -1.078117236270473e-06 1.3432782679409718e-06 -5.3329320191575807e-07 1.0843591693488774e-06 -1.0791069016136134e-07 1.9532559781854422e-07 1.7694722691885545e-06 -2.2880986436403123e-07 -1.7616758931637833e-06
leaf_weight=31 24 21 24 21 30 20 26 32 34 26 37 26 24 99 30 323 20
leaf_count=31 24 21 24 21 30 20 26 32 34 26 37 26 24 99 30 323 20
internal_value=2.15048e-15 -6.08879e-07 3.9776e-08 -8.99488e-09 -3.06475e-07 1.54683e-07 5.75233e-07 -9.05451e-07 -3.46377e-07 9.50192e-08 3.81145e-08 3.55783e-08 -1.68607e-08 6.10416e-08 5.61406e-07 -1.24973e-07 -8.59622e-07
internal_weight=848 52 796 772 200 113 83 87 55 572 57 546 520 476 129 347 44
internal_count=848 52 796 772 200 113 83 87 55 572 57 546 520 476 129 347 44
is_linear=0
shrinkage=0.3


Tree=258
num_leaves=29
num_cat=0
split_feature=7 7 2 7 7 20 21 14 7 27 9 11 18 27 10 14 9 5 18 17 19 8 17 7 5 4 20 4
split_gain=2.12486e-10 7.33056e-10 8.12919e-10 5.41898e-10 5.33156e-10 1.10513e-09 1.24981e-09 9.67524e-10 6.93791e-10 4.50963e-10 5.36905e-10 6.40745e-10 8.92301e-10 4.26739e-10 4.22882e-10 1.16653e-09 5.98664e-10 5.09042e-10 4.67015e-10 4.40065e-10 4.38467e-10 8.4629e-10 4.65564e-10 1.24071e-09 1.2271e-09 6.99509e-10 5.61157e-10 2.47606e-10
threshold=-0.0075663051665252846 -0.0085839784186457022 3.6845067134943497 -0.014068162578621063 -0.0025320323385677932 0.59632450000000004 0.85810200000000014 0.018079102080200984 -0.002322993460292847 0.93422100000000008 0.031965745767017321 38.974141896238962 -0.22363674287459148 0.89213050000000016 -0.67245349880443006 0.013298235943181537 0.019643589978203913 -0.014051508748630705 0.16200497141907036 0.0052424680486855202 0.79522650000000017 0.022589914593570817 0.0025773342533876409 1.0000000180025095e-35 -0.0023557857079842849 1864400.0000000002 0.17368500000000003 2652900.0000000005
decision_type=2 2 2 2 2 2 2 2 2 2 2 2 2 2 2 2 2 2 2 2 2 2 2 2 2 2 2 2
left_child=1 2 9 -4 5 6 7 -2 -6 10 11 -1 -13 -5 15 -10 17 -17 -19 -18 22 -22 24 -24 -16 -26 -25 -14
right_child=4 -3 3 13 8 -7 -8 -9 14 -11 -12 12 27 -15 20 16 19 18 -20 -21 21 -23 23 26 25 -27 -28 -29
leaf_value=-1.2844653110732908e-06 -1.836988736683985e-06 -1.9276165919076705e-06 3.321488487079643e-08 -2.5503069309706916e-06 -1.6840449267812634e-06 2.3206889252946891e-06 1.9663773564104759e-06 5.9307926505880457e-07 2.601648567619463e-06 -7.7527006924680917e-07 1.742215371317949e-06 2.0198119972608056e-06 -7.5906414167548062e-07 -6.5963630349456663e-07 -2.4459241197528963e-06 1.9788874474002681e-06 -1.4500974399161189e-06 1.0243043901709824e-06 -9.2064234579192213e-07 3.4287726888041192e-07 -2.0876461105798524e-06 4.8709151059256326e-07 2.1190506215264446e-06 -5.6113915847565492e-07 1.3546031177611439e-06 -5.8893673525162167e-07 5.9210199742414503e-07 5.2661499359325196e-07
leaf_weight=20 29 21 33 21 22 28 24 30 20 28 27 27 26 22 23 20 28 25 20 22 27 20 28 86 25 50 68 28
leaf_count=20 29 21 33 21 22 28 24 30 20 28 27 27 26 22 23 20 28 25 20 22 27 20 28 86 25 50 68 28
internal_value=-4.57417e-15 -2.30296e-07 -7.66592e-08 -8.81215e-07 9.79242e-08 6.90919e-07 1.41118e-07 -6.01361e-07 -3.80727e-08 3.15304e-07 5.53867e-07 2.3619e-07 6.1166e-07 -1.58299e-06 4.0307e-08 4.87008e-07 1.19244e-07 7.19577e-07 1.59884e-07 -6.61189e-07 -1.44111e-07 -9.92013e-07 -1.78439e-09 2.82079e-07 -5.28959e-07 5.89099e-08 -5.19158e-08 -9.24157e-08
internal_weight=848 253 232 76 595 111 83 59 484 156 128 101 81 43 462 135 115 65 45 50 327 47 280 182 98 75 154 54
internal_count=848 253 232 76 595 111 83 59 484 156 128 101 81 43 462 135 115 65 45 50 327 47 280 182 98 75 154 54
is_linear=0
shrinkage=0.3


Tree=259
num_leaves=19
num_cat=0
split_feature=4 4 21 18 12 9 27 27 18 4 27 9 9 12 16 17 7 17
split_gain=1.72414e-10 4.41323e-10 3.10467e-10 2.82918e-10 3.07788e-10 5.94608e-10 5.00271e-10 6.41516e-10 8.59777e-10 6.0582e-10 8.21499e-10 7.1769e-10 5.83931e-10 4.68584e-10 4.25293e-10 7.03339e-10 4.7471e-10 2.87652e-10
threshold=974200.00000000012 1083250.0000000002 0.30816400000000005 -1.1745484689208017 0.0037015130082409561 0.023650135360533227 0.80296550000000011 0.85407200000000005 0.52697251834131964 2692450.0000000005 0.94615500000000008 0.032498613890286847 0.01679836733811926 0.0021414392159351718 0.0022909754215951678 0.0071769699050717832 0.014779393356072595 0.0095238008737019587
decision_type=2 2 2 2 2 2 2 2 2 2 2 2 2 2 2 2 2 2
left_child=2 -2 -1 -3 6 -6 13 8 12 10 -9 -11 -8 14 15 -5 -16 -7
right_child=1 3 -4 4 5 17 7 9 -10 11 -12 -13 -14 -15 16 -17 -18 -19
leaf_value=2.7576857338626073e-07 1.4297968564846994e-06 9.7485940173669397e-07 -1.0561829734948937e-06 3.2467306986340241e-07 -1.6997392905742409e-06 5.506902970964233e-07 -2.9991010745789026e-06 1.0023681488402703e-07 5.6025579844742876e-07 -1.5387972081195786e-07 1.8135436735633447e-06 -1.8892316097662843e-06 -7.3409492123183936e-07 1.5736772973519286e-06 7.4475401056344164e-07 -1.8834598277805979e-06 -8.3299329205033242e-07 -7.6090030158108368e-07
leaf_weight=28 20 26 36 37 28 34 20 157 20 151 30 25 21 27 121 20 20 27
leaf_count=28 20 26 36 37 28 34 20 157 20 151 30 25 21 27 121 20 20 27
internal_value=3.64363e-15 3.86493e-08 -4.73454e-07 2.23185e-09 -3.20342e-08 -5.55208e-07 3.97108e-08 -1.5216e-07 -1.05234e-06 -8.90187e-10 3.75099e-07 -4.00379e-07 -1.83898e-06 4.01282e-07 2.41409e-07 -4.5011e-07 5.2096e-07 -2.98498e-08
internal_weight=848 784 64 764 738 89 649 424 61 363 187 176 41 225 198 57 141 61
internal_count=848 784 64 764 738 89 649 424 61 363 187 176 41 225 198 57 141 61
is_linear=0
shrinkage=0.3


Tree=260
num_leaves=14
num_cat=0
split_feature=12 12 7 3 17 0 0 14 14 2 17 2 13
split_gain=1.70584e-10 1.92253e-10 5.59538e-10 3.40018e-10 2.39474e-10 2.1827e-10 7.16437e-10 6.06447e-10 3.63722e-10 3.52773e-10 6.75313e-10 5.58551e-10 3.7021e-10
threshold=-0.0064463180190522532 -0.0047713404295726151 -0.01049876042157929 2.955127596855164 0.017789313812035763 3.4116952854111644 3.3761262201886084 0.038277534067335604 0.021333312988281217 3.4359825585705823 0.0049019853623155094 3.4619584186361561 0.025350664003340424
decision_type=2 2 2 2 2 2 2 2 2 2 2 2 2
left_child=-1 2 -2 -3 5 6 7 8 -5 10 -7 -11 -13
right_child=1 3 -4 4 -6 9 -8 -9 -10 11 -12 12 -14
leaf_value=-8.6575052790749399e-07 1.6422834065110693e-06 -1.2072166287323072e-06 -3.3174324727269776e-07 2.5677171875404522e-07 -8.780417395826134e-07 -2.1486524781266781e-06 1.9112531096316556e-06 1.5666750759432293e-06 -8.7139581801450333e-07 1.2557207785590662e-06 2.5557937159229974e-08 6.9417835535193682e-08 -6.7139280372270099e-07
leaf_weight=20 24 21 28 64 26 20 23 21 43 32 36 419 71
leaf_count=20 24 21 28 64 26 20 23 21 43 32 36 419 71
internal_value=-1.29959e-15 2.09118e-08 5.79346e-07 -1.6509e-08 1.661e-08 4.8518e-08 3.69685e-07 9.2684e-08 -1.96604e-07 -3.53853e-08 -7.50946e-07 4.13798e-08 -3.79241e-08
internal_weight=848 828 52 776 755 729 151 128 107 578 56 522 490
internal_count=848 828 52 776 755 729 151 128 107 578 56 522 490
is_linear=0
shrinkage=0.3


Tree=261
num_leaves=26
num_cat=0
split_feature=13 12 7 0 22 20 1 6 19 26 27 4 13 0 2 4 4 17 3 8 20 12 8 26 11
split_gain=1.73874e-10 3.73514e-10 4.85048e-10 8.55247e-10 1.08953e-09 8.29236e-10 8.62269e-10 8.00029e-10 7.30854e-10 7.28515e-10 5.85267e-10 4.94986e-10 3.25499e-10 8.41098e-10 5.13919e-10 3.97984e-10 6.25117e-10 3.85323e-10 5.32432e-10 5.67079e-10 5.50865e-10 4.61432e-10 4.67727e-10 3.00931e-10 2.97581e-10
threshold=0.021945826994704529 0.0033027530198284348 -0.0023866533818705706 3.8067677921170495 0.036565500000000008 0.90900750000000008 3.904138362889737 0.0036416303218355776 0.059988500000000007 0.45818800000000004 0.77625300000000008 2041650.0000000002 0.022889839813723282 3.5074945091165648 3.7264155630323357 8946800.0000000019 5949900.0000000009 0.0023640639286444374 3.8419252634048466 -0.076434129373233586 0.24870600000000001 -0.0029559355177465954 -0.0050905264571506773 0.73169300000000004 54.580425413062052
decision_type=2 2 2 2 2 2 2 2 2 2 2 2 2 2 2 2 2 2 2 2 2 2 2 2 2
left_child=1 2 3 4 -1 6 8 -8 23 -5 -10 -6 13 -2 -15 16 17 21 19 -19 -21 -14 -23 -4 -24
right_child=12 -3 5 9 11 -7 7 -9 10 -11 -12 -13 15 14 -16 -17 -18 18 -20 20 -22 22 24 -25 -26
leaf_value=-2.3797605187780847e-06 2.3003010275880948e-06 -1.3904183528471288e-06 -4.4483645581294692e-07 1.7078147260979842e-06 -1.1601719964460242e-06 -1.468506402995504e-06 -1.5167433158210533e-06 6.5644585703239497e-07 7.0173032952425273e-07 -5.077467120633414e-07 2.6987726412487842e-06 9.5048586217671977e-07 1.8811415716868393e-06 -1.1256340712861856e-06 9.7556336982052021e-07 1.328662195732022e-06 -1.5278050121025899e-06 -1.5208882868567031e-06 -1.3506312594050283e-06 5.3057475328003042e-07 -3.3446407632546839e-07 -9.2738432126030338e-07 1.6418502465853636e-06 9.8039593936713452e-07 2.492181668653107e-08
leaf_weight=36 21 21 30 22 20 23 31 30 25 34 28 20 20 20 22 20 24 20 28 145 122 21 20 24 21
leaf_count=36 21 21 30 22 20 23 31 30 25 34 28 20 20 20 22 20 24 20 28 145 122 21 20 24 21
internal_value=-1.99929e-15 -1.64428e-07 -8.47201e-08 -5.26944e-07 -1.18244e-06 2.209e-07 4.52188e-07 -4.47962e-07 9.65358e-07 3.62652e-07 1.75677e-06 -1.04843e-07 1.12229e-07 7.50096e-07 -2.50068e-08 2.11051e-08 -4.10117e-08 4.887e-08 -1.01926e-07 1.98988e-08 1.35314e-07 6.28148e-07 2.23956e-07 1.886e-07 8.13667e-07
internal_weight=848 344 323 132 76 191 168 61 107 56 53 40 504 63 42 441 421 397 315 287 267 82 62 54 41
internal_count=848 344 323 132 76 191 168 61 107 56 53 40 504 63 42 441 421 397 315 287 267 82 62 54 41
is_linear=0
shrinkage=0.3


Tree=262
num_leaves=17
num_cat=0
split_feature=7 14 6 8 20 15 0 17 5 8 12 10 4 27 12 17
split_gain=1.98435e-10 7.31721e-10 2.36315e-10 3.74565e-10 3.55098e-10 6.05739e-10 5.15954e-10 5.22962e-10 8.41523e-10 4.78556e-10 3.72252e-10 8.94963e-10 4.16705e-10 8.73783e-10 3.2844e-10 2.64405e-10
threshold=-0.022227308912682316 0.020151144165948463 0.016909829390087745 -0.0023867744699114361 0.81258550000000007 0.026846853288269891 3.7841547053302409 0.0074165677784675133 0.0022548832835212313 -0.088003977666696362 0.0038831922648100868 1.0226404534726028 1314400.0000000002 0.72383400000000009 -0.00042601852354279089 0.0092951165407380854
decision_type=2 2 2 2 2 2 2 2 2 2 2 2 2 2 2 2
left_child=1 -1 4 -4 5 9 7 8 -6 -2 12 -12 13 -11 -14 -5
right_child=2 -3 3 15 6 -7 -8 -9 -10 10 11 -13 14 -15 -16 -17
leaf_value=-1.7294369430286536e-06 -1.3684678128811356e-06 3.5914678342408024e-07 -1.1488488113984105e-06 7.1181563683353482e-07 3.0933581358892429e-06 -1.4664400165287361e-06 -2.8382659731257237e-07 3.0621876152718659e-08 4.3833952225533968e-07 -2.0874650521918172e-06 2.408250392704758e-06 -4.3788401229307595e-08 -7.793993308183097e-08 2.7303801219957791e-09 4.763623978047809e-07 -5.8063863203220277e-07
leaf_weight=26 20 36 37 29 21 24 38 26 22 24 21 37 208 72 179 28
leaf_count=26 20 36 37 29 21 24 38 26 22 24 21 37 208 72 179 28
internal_value=-2.53696e-15 -5.16711e-07 4.07584e-08 -4.0556e-07 1.01385e-07 9.47685e-09 6.03876e-07 1.09276e-06 1.73498e-06 7.26177e-08 1.25893e-07 8.44019e-07 3.96579e-08 -5.19818e-07 1.78443e-07 7.69258e-08
internal_weight=848 62 786 94 692 585 107 69 43 561 541 58 483 96 387 57
internal_count=848 62 786 94 692 585 107 69 43 561 541 58 483 96 387 57
is_linear=0
shrinkage=0.3


Tree=263
num_leaves=19
num_cat=0
split_feature=9 3 3 18 18 13 8 11 4 7 3 18 26 14 4 4 14 0
split_gain=1.3583e-10 1.71746e-10 5.44093e-10 4.1166e-10 4.81895e-10 4.92295e-10 5.52666e-10 6.55228e-10 4.19761e-10 3.33375e-10 3.16337e-10 3.12801e-10 2.9792e-10 4.55663e-10 3.32139e-10 4.33164e-10 3.8112e-10 2.62029e-10
threshold=0.0061938213269746535 3.7886772155761723 3.7686923742294316 -0.23560821071579771 1.1298034448114651 0.021419265661651535 -0.0065557625319341206 57.483534128380477 1621850.0000000002 -1.0000000180025095e-35 3.747724294662476 0.42990034219472667 0.93146450000000014 0.0097324086792741731 2827550.0000000005 2676500.0000000005 0.026954151914918918 3.9191129349301677
decision_type=2 2 2 2 2 2 2 2 2 2 2 2 2 2 2 2 2 2
left_child=-1 2 10 8 5 6 -5 -8 9 -3 12 -7 13 -2 15 -15 -16 -10
right_child=1 3 -4 4 -6 11 7 -9 17 -11 -12 -13 -14 14 16 -17 -18 -19
leaf_value=7.534683549335698e-07 1.4217126635151582e-06 -1.1451980212129341e-06 1.533439185860433e-06 -1.420836104313951e-06 -1.1526718532936882e-06 1.9131048936099868e-06 1.6564710191150052e-06 -4.5716653948540457e-07 -1.9863228820108464e-06 3.6129217252122402e-07 -1.1591470311600459e-06 2.9088059022797097e-07 -7.5385083584634278e-07 -6.0243130630469903e-08 7.4412249848097535e-07 -1.5124861414506085e-06 -5.8686579089939549e-08 -5.4196978851450692e-07
leaf_weight=21 23 20 22 21 23 23 22 33 26 39 20 20 38 244 104 20 109 20
leaf_count=21 23 20 22 21 23 23 22 33 26 39 20 20 38 244 104 20 109 20
internal_value=-4.48509e-15 -1.91328e-08 7.00839e-08 -2.28629e-07 1.04408e-07 3.47373e-07 -1.11601e-07 3.88288e-07 -6.79022e-07 -1.49382e-07 1.23888e-08 1.15858e-06 5.59404e-08 1.17484e-07 5.45972e-08 -1.70262e-07 3.33295e-07 -1.35834e-06
internal_weight=848 827 580 247 142 119 76 55 105 59 558 43 538 500 477 264 213 46
internal_count=848 827 580 247 142 119 76 55 105 59 558 43 538 500 477 264 213 46
is_linear=0
shrinkage=0.3


Tree=264
num_leaves=23
num_cat=0
split_feature=5 15 27 0 5 9 9 14 10 16 16 5 10 13 3 1 19 7 16 27 9 6
split_gain=1.45245e-10 7.16778e-10 3.32591e-10 3.4001e-10 3.20573e-10 2.85797e-10 2.27129e-10 3.24294e-10 1.9051e-10 4.27335e-10 4.22804e-10 4.11967e-10 4.092e-10 3.18534e-10 5.51717e-10 4.83762e-10 4.04811e-10 3.67311e-10 7.88668e-10 7.43767e-10 1.95038e-10 2.57141e-10
threshold=0.014779393356072595 0.014888415048233097 0.84127050000000014 3.5489675346312315 0.011876778064342288 0.020601647426189952 0.037885688619535639 0.020454579690270421 0.75729272596761477 0.0047619004368510132 0.0026666641235351439 0.0045507125326679733 0.6057881881318764 0.024308433581493014 3.463958859443665 3.6080132271224565 0.12623400000000004 -0.0044591443601576033 0.0073528758657282955 0.91667600000000016 0.023236123512083519 0.0053548235885739768
decision_type=2 2 2 2 2 2 2 2 2 2 2 2 2 2 2 2 2 2 2 2 2 2
left_child=4 -2 5 -4 6 -3 8 -8 12 10 20 -11 13 14 16 -16 -1 19 -19 -15 21 -10
right_child=1 2 3 -5 -6 -7 7 -9 9 11 -12 -13 -14 17 15 -17 -18 18 -20 -21 -22 -23
leaf_value=-1.6896235437839509e-06 1.8974005018078188e-06 -1.5002152019860658e-06 -1.2680554015367727e-07 1.3275376016098484e-06 -9.6485931402929217e-07 8.4377026610127364e-08 -1.3576392086032631e-06 1.7162873025000636e-07 6.1445389731447491e-07 1.5539869627452007e-06 -1.2917068569961996e-06 -1.0169536770782931e-07 -1.2070172657056095e-06 1.4925461337444338e-06 1.255311568990272e-06 -1.1723343952018385e-07 -1.3874995841791002e-07 5.3551072382534471e-07 -1.298920903258066e-06 -4.790293913331949e-07 9.6522385177877364e-07 -8.5318941468618242e-07
leaf_weight=33 21 20 39 23 33 21 26 24 22 38 20 21 26 51 26 208 28 66 31 26 24 21
leaf_count=33 21 20 39 23 33 21 26 24 22 38 20 21 26 51 26 208 28 66 31 26 24 21
internal_value=-1.56164e-16 3.00008e-07 -2.56742e-08 4.12709e-07 -5.13826e-08 -6.88595e-07 -7.75776e-09 -6.23591e-07 4.02791e-08 3.41426e-07 -8.12386e-08 9.64676e-07 -4.85439e-08 1.56785e-08 -1.742e-07 3.52716e-08 -9.77747e-07 3.37599e-07 -5.07509e-08 8.26819e-07 2.80095e-07 -1.02302e-07
internal_weight=848 124 103 62 724 41 691 50 641 146 87 59 495 469 295 234 61 174 97 77 67 43
internal_count=848 124 103 62 724 41 691 50 641 146 87 59 495 469 295 234 61 174 97 77 67 43
is_linear=0
shrinkage=0.3


Tree=265
num_leaves=16
num_cat=0
split_feature=7 14 0 3 27 0 0 6 27 6 26 4 1 5 28
split_gain=1.36773e-10 2.75444e-10 1.70841e-10 2.5196e-10 1.90943e-10 2.06015e-10 1.40763e-09 3.94473e-10 3.71593e-10 2.35382e-10 4.00547e-10 3.85659e-10 3.13888e-10 2.90449e-10 2.66683e-10
threshold=-0.022227308912682316 0.020151144165948463 2.9574535304690905 2.9942218065261845 0.52490350000000008 3.4116952854111644 3.3761262201886084 0.010269990095603613 0.91660800000000009 0.013633898581512703 0.047053500000000005 2676500.0000000005 3.8516415041767327 -0.002481403911677 1.0000000180025095e-35
decision_type=2 2 2 2 2 2 2 2 2 2 2 2 2 2 2
left_child=1 -1 -2 -4 -5 6 7 8 -6 10 14 12 -11 -12 -7
right_child=2 -3 3 4 5 9 -8 -9 -10 11 13 -13 -14 -15 -16
leaf_value=-1.1730405473232308e-06 8.7800310991172281e-07 1.0839278192046701e-07 -1.0141216643079685e-06 -7.4359412375694467e-07 -7.2019246459831261e-07 1.9747672740777487e-07 2.7250783846000105e-06 9.4776852667945925e-07 5.1392234988407596e-07 7.5284119235772906e-07 -3.3942443504084049e-07 -1.1842287469240144e-06 -7.4288033570476968e-07 1.6868670390894159e-07 1.5975185796435196e-06
leaf_weight=26 21 36 21 27 62 25 20 31 34 28 162 38 23 270 24
leaf_count=26 21 36 21 27 62 25 20 31 34 28 162 38 23 270 24
internal_value=3.54025e-15 -4.28982e-07 3.38383e-08 1.06652e-08 3.95906e-08 6.90829e-08 3.8574e-07 1.73406e-08 -2.8311e-07 -1.25814e-08 7.03451e-08 -4.60757e-07 7.83001e-08 -2.1855e-08 8.83212e-07
internal_weight=848 62 786 765 744 717 147 127 96 570 481 89 51 432 49
internal_count=848 62 786 765 744 717 147 127 96 570 481 89 51 432 49
is_linear=0
shrinkage=0.3


Tree=266
num_leaves=16
num_cat=0
split_feature=13 11 6 18 17 9 12 18 0 0 12 21 11 6 4
split_gain=1.38597e-10 1.4711e-10 4.7335e-10 1.67717e-10 5.94666e-10 3.73868e-10 3.5345e-10 2.75945e-10 3.03799e-10 3.88748e-10 4.45346e-10 3.86384e-10 2.51746e-10 3.96495e-10 3.8498e-10
threshold=0.031794616081362387 33.634115332074842 -0.0085839784186457022 0.70328082656182833 0.0024213051298209352 0.01581799311440215 0.00049887688987796817 0.54672315554484618 3.9825191841260836 3.8858522750709814 0.0011889355971660212 0.37602400000000008 40.276715461872335 -0.0044591443601576033 998450.00000000012
decision_type=2 2 2 2 2 2 2 2 2 2 2 2 2 2 2
left_child=1 2 -1 7 -5 -6 -7 8 9 12 11 -11 13 -3 -14
right_child=-2 3 -4 4 5 6 -8 -9 -10 10 -12 -13 14 -15 -16
leaf_value=1.6485945039779182e-06 -6.0272903629703989e-07 -1.2453658012834266e-06 -2.6231013643090201e-07 6.3619818057794382e-07 6.223223522283661e-08 -2.1146990159870426e-06 -5.5830800073212671e-07 8.3778215388232828e-07 1.0738908399517916e-06 4.342697587259515e-07 -1.8366604081165859e-06 -1.1020452985869375e-06 1.0578896506936791e-06 1.8788507302951687e-07 5.813365858107605e-08
leaf_weight=20 33 32 28 39 30 24 29 38 23 34 21 26 38 38 395
leaf_count=20 33 32 28 39 30 24 29 38 23 34 21 26 38 38 395
internal_value=1.63364e-15 2.4405e-08 5.339e-07 -7.47998e-09 -3.30041e-07 -7.84057e-07 -1.26309e-06 5.35316e-08 4.43516e-09 -3.76838e-08 -6.47628e-07 -2.31467e-07 6.05378e-08 -4.67315e-07 1.45872e-07
internal_weight=848 815 48 767 122 83 53 645 607 584 81 60 503 70 433
internal_count=848 815 48 767 122 83 53 645 607 584 81 60 503 70 433
is_linear=0
shrinkage=0.3


Tree=267
num_leaves=30
num_cat=0
split_feature=16 18 22 18 17 21 22 18 12 10 10 27 27 11 11 2 13 22 18 29 10 13 5 6 3 2 20 18 26
split_gain=1.17209e-10 3.31546e-10 6.86199e-10 5.88103e-10 5.38319e-10 4.32121e-10 6.48624e-10 4.92818e-10 4.32654e-10 5.97222e-10 3.74063e-10 3.50952e-10 2.47459e-10 2.67269e-10 7.82341e-10 5.20262e-10 6.7525e-10 5.95286e-10 5.62671e-10 4.46421e-10 3.61324e-10 3.4368e-10 4.9233e-10 3.57046e-10 3.19289e-10 5.47121e-10 2.8306e-10 2.28799e-10 2.16226e-10
threshold=0.0049691309472480061 -0.23560821071579771 0.011674000000000002 -0.47458053118731541 0.0049382970604986472 0.74783350000000015 0.008911500000000001 0.44527265981245151 -0.0016754187722097587 0.50836064842699091 1.292066741121821 0.84885800000000011 0.53116000000000019 54.944478870840356 53.876231232247939 3.7352884175376233 0.026499847544497378 0.012986500000000002 -0.27500100077571416 1.5000000000000002 -0.5580093750697287 0.024472026175929831 0.004602942078082815 0.0036416303218355776 3.8479081392288212 3.8821817051837928 0.25493050000000006 -0.16531809173666254 0.064653000000000016
decision_type=2 2 2 2 2 2 2 2 2 2 2 2 2 2 2 2 2 2 2 2 2 2 2 2 2 2 2 2 2
left_child=12 2 -2 4 -4 6 -3 28 11 -10 -11 -8 -1 14 15 16 17 -14 -19 21 -18 23 -23 26 27 -26 -15 -17 -7
right_child=1 5 3 -5 -6 7 8 -9 9 10 -12 -13 13 19 -16 24 20 18 -20 -21 -22 22 -24 -25 25 -27 -28 -29 -30
leaf_value=-8.9044167724110091e-07 6.2308605854675315e-07 -1.7993633644408645e-06 4.4664604278325214e-07 -1.9331263527228817e-06 -1.549675703813591e-06 6.6267592501390028e-07 1.5579256110799099e-06 -2.0230455097802746e-07 -1.4294061907449418e-06 1.0423126216210222e-06 -6.751712821336956e-07 5.7702285024182252e-08 2.3201362022210301e-06 -1.5555192202754143e-06 2.1182409297004764e-06 -3.2815249048987676e-07 -1.0982842462681219e-06 1.4498363278457095e-06 3.8823314314617058e-08 -1.194673804674482e-06 4.2969119183803387e-07 -2.1525193826871852e-07 1.6323105251672132e-06 4.6054704331378489e-07 8.3772604308289061e-07 -9.4876151956037157e-07 -1.3953656813707008e-07 -1.7301465205576958e-06 2.040973444244238e-06
leaf_weight=22 33 20 31 35 20 20 23 32 32 25 21 36 21 24 20 22 30 41 67 31 26 27 25 33 36 27 27 20 21
leaf_count=22 33 20 31 35 20 20 23 32 32 25 21 36 21 24 20 22 30 41 67 31 26 27 25 33 36 27 27 20 21
internal_value=-5.19993e-15 -1.33365e-07 -5.39875e-07 -9.86127e-07 -3.36225e-07 7.69597e-08 -2.03436e-07 6.80003e-07 2.95459e-08 -4.34125e-07 2.58244e-07 6.42535e-07 9.32752e-08 1.38646e-07 3.03467e-07 1.78311e-07 4.81031e-07 8.58661e-07 5.74486e-07 -1.6731e-07 -3.88867e-07 6.68681e-08 6.72999e-07 -3.08356e-07 -3.55054e-07 7.20885e-08 -8.05881e-07 -9.95769e-07 1.36863e-06
internal_weight=848 349 119 86 51 230 157 73 137 78 46 59 499 477 310 290 185 129 108 167 56 136 52 84 105 63 51 42 41
internal_count=848 349 119 86 51 230 157 73 137 78 46 59 499 477 310 290 185 129 108 167 56 136 52 84 105 63 51 42 41
is_linear=0
shrinkage=0.3


Tree=268
num_leaves=31
num_cat=0
split_feature=15 10 22 7 10 10 15 23 10 18 18 13 14 16 18 7 4 4 19 20 27 12 19 8 13 13 12 5 0 18
split_gain=1.41828e-10 3.65599e-10 7.26678e-10 3.73766e-10 5.1549e-10 7.06916e-10 4.90225e-10 3.33001e-10 3.32837e-10 3.07696e-10 3.00391e-10 3.75996e-10 4.75654e-10 3.41277e-10 2.42985e-10 2.33011e-10 2.69588e-10 4.20959e-10 5.19787e-10 3.87861e-10 3.36234e-10 4.20263e-10 3.33464e-10 3.67011e-10 5.18734e-10 4.51449e-10 3.32459e-10 6.97795e-10 2.68156e-10 2.43228e-10
threshold=0.0024360548021839282 -0.68907727632504023 0.044065000000000007 -0.0025320323385677932 0.99638531824761678 0.36948536764192746 0.0047170028611754145 0.70833350000000006 -0.051595345126403618 -0.24866259496515022 -0.10678777170888319 0.019988207653281461 0.021052611765768763 0.0026666641235351439 0.4109629795383824 0.028047074120650401 2570650.0000000005 2009350.0000000002 -0.42880999999999997 0.28402650000000007 0.89716400000000007 -0.00055366560850334207 -0.82366749999999989 -0.05068830676852263 0.025066848274681662 0.025515252581898528 -0.00080838314641569259 -0.0023866533818705706 3.5357995331390701 1.0000000180025095e-35
decision_type=2 2 2 2 2 2 2 2 2 2 2 2 2 2 2 2 2 2 2 2 2 2 2 2 2 2 2 2 2 2
left_child=15 2 9 4 5 8 -5 -6 -3 -2 13 -12 -13 -8 -14 16 17 18 -1 -19 26 -22 -18 24 -24 29 -20 -28 -27 -25
right_child=1 3 -4 6 7 -7 10 -9 -10 -11 11 12 14 -15 -16 -17 22 19 20 -21 21 -23 23 25 -26 28 27 -29 -30 -31
leaf_value=-1.0522478951522566e-06 -2.2851032166603216e-06 1.1442231699344451e-06 5.0917635170741535e-07 -1.5910767475898783e-06 4.9859573916522921e-07 2.4701815956973405e-06 1.2107076803959314e-06 -1.0988397222355673e-06 -5.0599144171573329e-07 -7.1577844961290759e-07 6.2967648838831223e-07 -1.9208167174156186e-06 -1.0109436811944761e-06 -2.2344762387049853e-07 3.7993151172836052e-07 1.0158415534533559e-06 -1.276191328938496e-06 1.5375950534976971e-06 -3.0084380811371479e-08 1.076763636877243e-07 5.9607115851432813e-07 -1.1933424493706627e-06 -2.7301163108006676e-07 8.336970097388984e-07 1.7686542777387412e-06 -4.1033739887552654e-07 1.7768775455587835e-06 -3.0658001595957497e-07 -1.8645048653200189e-06 -2.3753382899590526e-07
leaf_weight=33 22 22 26 22 23 20 28 24 22 23 23 22 20 32 26 24 23 38 51 31 21 27 24 27 21 25 39 23 21 65
leaf_count=33 22 22 26 22 23 20 28 24 22 23 23 22 20 32 26 24 23 38 51 31 21 27 24 27 21 25 39 23 21 65
internal_value=-4.12783e-15 -1.44582e-07 -7.53473e-07 7.64091e-09 4.373e-07 9.91324e-07 -2.68036e-07 -3.17116e-07 3.19116e-07 -1.483e-06 -7.52753e-08 -4.18858e-07 -7.73509e-07 4.45825e-07 -2.24797e-07 1.04111e-07 5.74549e-08 2.58754e-07 3.24002e-08 8.95168e-07 2.54719e-07 -4.10474e-07 -1.99543e-07 -6.42265e-08 6.79766e-07 -3.06833e-07 5.37279e-07 1.00398e-06 -1.0742e-06 7.68491e-08
internal_weight=848 355 71 284 111 64 173 47 44 45 151 91 68 60 46 493 469 263 194 69 161 48 206 183 45 138 113 62 46 92
internal_count=848 355 71 284 111 64 173 47 44 45 151 91 68 60 46 493 469 263 194 69 161 48 206 183 45 138 113 62 46 92
is_linear=0
shrinkage=0.3


Tree=269
num_leaves=25
num_cat=0
split_feature=20 10 12 20 10 10 15 4 21 26 6 11 11 17 21 9 27 6 16 29 28 7 18 11
split_gain=1.53085e-10 1.37317e-10 3.64371e-10 3.16621e-10 1.95869e-10 8.52481e-10 4.60495e-10 5.11556e-10 3.97132e-10 4.01004e-10 2.54608e-10 1.54578e-10 4.99016e-10 5.17732e-10 4.36848e-10 5.62918e-10 5.26139e-10 6.54341e-10 4.71164e-10 2.74873e-10 2.32066e-10 2.26276e-10 1.99567e-10 1.63842e-10
threshold=0.94054450000000012 -1.6212563174621948 -0.0054545742819303014 0.17277600000000001 -0.86683705646279818 -0.78880372801323051 0.0045454501120512939 2401750.0000000005 0.69201100000000015 0.69937000000000016 -0.004761957722809811 53.927113320974918 56.131394097654386 0.0054869733911003717 0.25643900000000003 0.014991926601803431 0.8590770000000002 -0.0046618059271874143 0.0024331456343007515 1.5000000000000002 1.0000000180025095e-35 -0.002322993460292847 -0.22363674287459148 62.396585964842309
decision_type=2 2 2 2 2 2 2 2 2 2 2 2 2 2 2 2 2 2 2 2 2 2 2 2
left_child=1 2 -1 -4 6 -6 7 8 9 -3 -9 14 13 -13 15 21 17 -16 -17 20 -14 -7 -18 -21
right_child=-2 4 3 -5 5 11 -8 10 -10 -11 -12 12 19 -15 16 18 22 -19 -20 23 -22 -23 -24 -25
leaf_value=-1.4325880758034064e-06 7.9989484496374116e-07 -2.9633165723907948e-07 6.6886469510556646e-07 -6.7639383214412876e-07 -1.9801549703402087e-06 -1.2739843356257551e-07 -6.6849348190345381e-07 5.2824642336547961e-07 2.2646085126000668e-06 1.6034135591525002e-06 -8.1885245371584301e-07 -1.8231265937837621e-06 -6.0656538458658808e-11 -3.0501154595122926e-08 2.0345550822753466e-06 -1.6003033200212065e-06 4.5599764256899605e-07 3.6640772207516597e-07 -9.3269966014119295e-08 -1.2429538116975891e-06 7.2034413738658089e-07 1.2523372218894387e-06 -6.2295595692300292e-07 -4.3176711699288717e-08
leaf_weight=22 21 20 31 32 20 20 32 28 21 20 23 29 150 29 33 33 27 59 43 21 55 23 36 20
leaf_count=22 21 20 31 32 20 20 32 28 21 20 23 29 150 29 33 33 27 59 43 21 55 23 36 20
internal_value=1.21884e-15 -2.03117e-08 -3.81491e-07 -1.44412e-08 2.10633e-08 -5.45735e-08 3.35166e-07 6.21926e-07 1.20817e-06 6.53541e-07 -7.92688e-08 1.20556e-08 -1.35233e-07 -9.26814e-07 1.75471e-07 -2.56847e-07 5.0738e-07 9.64765e-07 -7.4764e-07 5.13995e-08 1.93219e-07 6.106e-07 -1.60547e-07 -6.57697e-07
internal_weight=848 827 85 63 742 598 144 112 61 40 51 578 304 58 274 119 155 92 76 246 205 43 63 41
internal_count=848 827 85 63 742 598 144 112 61 40 51 578 304 58 274 119 155 92 76 246 205 43 63 41
is_linear=0
shrinkage=0.3


Tree=270
num_leaves=23
num_cat=0
split_feature=9 9 19 4 17 4 9 6 1 0 22 26 27 4 15 7 4 10 27 18 6 7
split_gain=1.20557e-10 2.92197e-10 2.60368e-10 2.02453e-10 4.57387e-10 2.98521e-10 1.87041e-10 3.88126e-10 4.9287e-10 5.02528e-10 3.2474e-10 4.02916e-10 1.54184e-10 5.13177e-10 5.28881e-10 4.23441e-10 4.19441e-10 3.36585e-10 5.03987e-10 2.45439e-10 2.47678e-10 1.69834e-10
threshold=0.015189964180390128 0.015504321111375423 0.90381650000000013 1339500.0000000002 0.0024301349922037979 1613200.0000000002 0.012055625020282549 0.0068027131858372355 3.7858296269940666 3.9298762159180947 0.015490000000000002 0.45728900000000006 0.72814650000000014 3223700.0000000005 0.0081083371833633039 -0.0029242702439620286 1083250.0000000002 -1.6212563174621948 0.88448050000000011 -0.7058708350118007 -0.010596159980247573 0.0023257014670607103
decision_type=2 2 2 2 2 2 2 2 2 2 2 2 2 2 2 2 2 2 2 2 2 2
left_child=3 -2 12 4 -1 -5 7 8 -7 -10 -8 -12 13 14 15 -3 -14 18 -18 21 -21 -19
right_child=1 2 -4 5 -6 6 10 -9 9 -11 11 -13 16 -15 -16 -17 17 19 -20 20 -22 -23
leaf_value=2.5152969922806558e-07 1.2094360414494075e-06 8.0750135111884447e-07 1.006552553084461e-06 9.1938302004576949e-07 -1.3012691544651334e-06 9.3075279892218534e-07 4.3965387166938145e-07 1.0910706847714177e-06 -1.659512551336425e-06 1.4246028996467429e-07 -1.5694120034215331e-06 -1.2460159567988164e-07 1.2470128249393479e-06 6.0628882394553327e-07 -2.0922764380770785e-06 -9.4187666894123878e-07 -1.8409104947230453e-06 1.4198581220625782e-06 1.9183765866283346e-07 -5.1147238850288155e-07 1.5906517840588465e-07 1.8353176978180841e-07
leaf_weight=31 20 20 24 27 38 24 27 28 26 30 32 38 26 36 20 33 21 20 23 64 220 20
leaf_count=31 20 20 24 27 38 24 27 28 26 30 32 38 26 36 20 33 21 20 23 64 220 20
internal_value=4.98893e-15 8.39092e-08 4.11947e-08 -1.52486e-07 -6.03635e-07 -1.83083e-08 -1.41809e-07 1.29764e-07 -2.06693e-07 -6.9417e-07 -4.44179e-07 -7.85086e-07 -4.8661e-09 -3.20652e-07 -7.77773e-07 -2.81734e-07 8.24959e-08 2.20245e-10 -7.78338e-07 1.0595e-07 7.95812e-09 8.01695e-07
internal_weight=848 547 527 301 69 232 205 108 80 56 97 70 503 109 73 53 394 368 44 324 284 40
internal_count=848 547 527 301 69 232 205 108 80 56 97 70 503 109 73 53 394 368 44 324 284 40
is_linear=0
shrinkage=0.3


Tree=271
num_leaves=29
num_cat=0
split_feature=4 17 26 6 6 15 5 6 19 11 23 11 4 16 8 27 4 22 4 27 27 1 0 5 6 6 15 10
split_gain=1.30703e-10 2.07424e-10 2.08925e-10 1.19338e-10 2.91923e-10 3.17204e-10 6.16172e-10 5.74092e-10 3.5804e-10 3.85172e-10 3.30308e-10 3.2233e-10 2.8764e-10 2.7298e-10 2.37713e-10 2.19007e-10 2.05893e-10 2.428e-10 3.3043e-10 2.62649e-10 2.604e-10 2.97492e-10 2.72321e-10 2.04576e-10 1.72526e-10 3.2365e-10 2.38657e-10 1.34588e-10
threshold=974200.00000000012 0.0051216423179097654 0.69486300000000012 0.0023528297313892099 0.0025350989529235291 -0.0050063234713190125 -0.0089789278410440185 0.01049889093037438 0.21812650000000003 58.296468909595035 0.58333350000000006 61.052632500409693 1173800.0000000002 0.00450452324228861 0.020070281564161904 0.91550300000000007 7467250.0000000009 0.039967000000000009 1418700.0000000002 0.74020850000000016 0.8566275000000001 3.7703937981178011 3.6199860412269982 0.0046728812517494393 -0.009490055204646795 -0.01755226080507373 -0.0047003544081122466 -0.58179881897798713
decision_type=2 2 2 2 2 2 2 2 2 2 2 2 2 2 2 2 2 2 2 2 2 2 2 2 2 2 2 2
left_child=1 2 -1 12 -5 6 7 -6 11 13 -9 14 -2 -10 23 -16 17 19 -19 27 22 -22 -21 -7 25 -20 -26 -14
right_child=3 -3 -4 4 5 8 -8 10 9 -11 -12 -13 16 -15 15 -17 -18 18 24 20 21 -23 -24 -25 26 -27 -28 -29
leaf_value=-1.4776282938555595e-06 1.2165320352356242e-06 3.0886392509095776e-07 -1.2280288551380635e-07 -1.0906135494224146e-06 -1.3454809162468613e-06 -2.0222962982766272e-07 1.4243024943993987e-06 1.1681515817269566e-06 -1.1458833874300466e-06 -1.7601486788976216e-06 -4.4039167448772784e-07 1.0501338618240652e-06 4.055296540173003e-07 2.9480786525545197e-07 -3.6441333577386102e-08 -1.4403863812617601e-06 -8.1447485265264475e-07 -1.2162996496039629e-06 2.5054623814194323e-07 -1.0273256924010963e-06 7.6967816833818968e-07 -1.3661690891897394e-07 4.2207435072327828e-07 9.8865494436495282e-07 -2.8512494895186667e-07 -1.0635637905687826e-06 6.5717827354446695e-07 1.4496363364742139e-06
leaf_weight=21 21 23 20 25 23 37 35 27 20 24 20 24 20 29 20 20 22 22 37 28 78 56 20 20 41 31 59 25
leaf_count=21 21 23 20 25 23 37 35 27 20 24 20 24 20 29 20 20 22 22 37 28 78 56 20 20 41 31 59 25
internal_value=-3.48149e-16 -4.12225e-07 -8.16738e-07 3.3651e-08 -1.05812e-07 -2.34708e-08 3.96541e-07 -1.1734e-07 -2.50797e-07 -7.75504e-07 4.83665e-07 6.57625e-08 1.31881e-07 -2.93229e-07 -1.77793e-07 -7.38414e-07 7.99961e-08 1.27186e-07 -1.23029e-07 3.36618e-07 1.76158e-07 3.90928e-07 -4.23409e-07 2.15625e-07 2.01377e-08 -3.48533e-07 2.70834e-07 9.85589e-07
internal_weight=848 64 41 784 324 299 105 70 194 73 47 121 460 49 97 40 439 417 190 227 182 134 48 57 168 68 100 45
internal_count=848 64 41 784 324 299 105 70 194 73 47 121 460 49 97 40 439 417 190 227 182 134 48 57 168 68 100 45
is_linear=0
shrinkage=0.3


Tree=272
num_leaves=16
num_cat=0
split_feature=6 22 14 18 7 4 13 11 6 6 13 7 9 17 13
split_gain=1.16332e-10 2.26042e-10 1.90111e-10 1.37738e-10 1.38086e-10 2.55027e-10 2.54829e-10 1.82534e-10 1.54617e-10 1.91699e-10 2.10419e-10 1.62021e-10 1.90124e-10 1.55034e-10 1.27481e-10
threshold=0.016909829390087745 0.13271150000000004 0.02270148364838958 -1.5708343108899503 0.014779393356072595 2242500.0000000005 0.02225515171716964 54.504853719292299 0.013316162414635277 0.0097682736359606167 0.015200485873884373 0.0096268553118364578 0.0098335001058218047 0.0071090943285746855 0.026242355942385959
decision_type=2 2 2 2 2 2 2 2 2 2 2 2 2 2 2
left_child=3 14 -3 -1 8 6 -6 -7 9 10 -5 12 -12 -13 -2
right_child=1 2 -4 4 5 7 -8 -9 -10 -11 11 13 -14 -15 -16
leaf_value=-7.3484901747633562e-07 -3.0889376985826928e-07 -3.7606601352990762e-07 9.1631940222214317e-07 7.9843451258370638e-07 6.5895885229639746e-07 1.4075454369224015e-06 -7.0543621595626444e-07 3.0366031426508143e-07 6.0416961685104002e-07 -7.6683857436421471e-07 -7.4604451833061428e-07 -1.1693971115635447e-07 7.4152828968130231e-08 -1.1332511917962826e-06 -1.176716387135457e-06
leaf_weight=20 39 21 20 29 22 26 28 28 37 30 27 35 439 22 25
leaf_count=20 39 21 20 29 22 26 28 28 37 30 27 35 439 22 25
internal_value=-1.36715e-15 -2.95579e-07 2.54366e-07 4.17709e-08 6.32541e-08 3.83111e-07 -1.05102e-07 8.35161e-07 9.51404e-09 -2.82905e-08 1.1848e-08 -3.17677e-08 2.66307e-08 -5.092e-07 -6.47887e-07
internal_weight=848 105 41 743 723 104 50 54 619 582 552 523 466 57 64
internal_count=848 105 41 743 723 104 50 54 619 582 552 523 466 57 64
is_linear=0
shrinkage=0.3


Tree=273
num_leaves=26
num_cat=0
split_feature=9 10 10 18 27 13 27 17 10 7 13 18 18 13 3 11 10 21 5 5 7 15 12 17 12
split_gain=1.13759e-10 1.03652e-10 3.18334e-10 2.79845e-10 3.18706e-10 3.06176e-10 2.1813e-10 1.93585e-10 2.58928e-10 2.43703e-10 3.45675e-10 4.21772e-10 7.78116e-10 2.78702e-10 3.79105e-10 3.11008e-10 2.62336e-10 2.16539e-10 1.88384e-10 2.73043e-10 2.29216e-10 1.8023e-10 2.00146e-10 2.33194e-10 2.20813e-10
threshold=0.0061938213269746535 -0.82928739446917799 -0.71720926734559276 0.85464760465762457 0.6317235000000001 0.019141102593144874 0.74020850000000016 0.006968699142803147 -0.22878944380991148 -1.0000000180025095e-35 0.025560887011313784 0.17668888277888792 -0.27961282830425355 0.025663487910976644 3.5800764560699467 54.944478870840356 0.48559613182690292 0.37987650000000001 -0.002322993460292847 -0.012303993898403231 -0.0029242702439620286 0.011614406332563642 0.0008606668894522593 0.011823871383037496 0.0017173429141194437
decision_type=2 2 2 2 2 2 2 2 2 2 2 2 2 2 2 2 2 2 2 2 2 2 2 2 2
left_child=-1 3 -3 4 -2 -6 -7 9 -9 10 11 12 -4 14 -11 -16 -15 -13 19 -8 -20 22 23 -10 -24
right_child=1 2 7 -5 5 6 18 8 21 13 -12 17 -14 16 15 -17 -18 -19 20 -21 -22 -23 24 -25 -26
leaf_value=6.8953949572403417e-07 -1.0766097882911448e-06 -1.0375196990253244e-06 3.1443359809202321e-07 1.0582199795155449e-06 1.1567297683257037e-06 8.9266175057838893e-07 -3.7941060986835347e-07 -1.0063208333456393e-06 1.0945425166981285e-06 -1.2053636794462364e-06 -3.4640481730482025e-07 7.6862725762794059e-07 2.7301876729422605e-06 -2.1504417719597768e-07 4.9368438322470432e-07 -5.3036302874216134e-07 1.1219806962360832e-06 -5.9528841415034215e-07 -1.2931107367263472e-06 6.071576172388404e-07 4.6241514825935509e-08 -7.3045720524435505e-07 -9.2048748514922205e-07 -1.6603409488880058e-07 3.8202095742476293e-08
leaf_weight=21 21 30 28 27 24 22 51 34 28 33 36 20 21 25 51 56 28 22 23 50 23 35 29 25 85
leaf_count=21 21 30 28 27 24 22 51 34 28 33 36 20 21 25 51 56 28 22 23 50 23 35 29 25 85
internal_value=-2.75817e-15 -1.75095e-08 -8.56203e-08 1.48104e-07 3.32767e-08 1.54042e-07 1.1648e-08 -3.42588e-08 -2.40388e-07 1.17761e-07 4.40502e-07 7.51805e-07 1.34976e-06 -9.46118e-08 -3.16424e-07 -4.22657e-08 4.91309e-07 5.41952e-08 -1.20204e-07 1.0899e-07 -6.23435e-07 -1.11468e-07 1.82598e-08 4.99931e-07 -2.05675e-07
internal_weight=848 827 586 241 214 193 169 556 236 320 127 91 49 193 140 107 53 42 147 101 46 202 167 53 114
internal_count=848 827 586 241 214 193 169 556 236 320 127 91 49 193 140 107 53 42 147 101 46 202 167 53 114
is_linear=0
shrinkage=0.3


Tree=274
num_leaves=24
num_cat=0
split_feature=14 14 4 10 12 23 4 4 14 22 19 26 17 18 6 27 21 11 13 1 0 0 16
split_gain=1.00516e-10 2.62076e-10 3.06477e-10 2.44183e-10 1.89325e-10 3.84002e-10 1.77009e-10 2.28519e-10 2.89482e-10 4.02177e-10 3.78814e-10 4.02316e-10 2.29884e-10 2.03784e-10 1.76489e-10 1.76075e-10 2.03357e-10 1.7849e-10 3.3893e-10 2.80567e-10 1.93182e-10 1.91814e-10 1.25218e-10
threshold=0.01909306028962791 0.019801961500356294 1126800.0000000002 -1.4271966359639323 -0.001897738877726599 0.41666650000000005 1369350.0000000002 3581300.0000000005 0.012239908560247122 0.025221000000000004 0.11997350000000001 0.57019350000000013 0.0046728925107714482 -0.33075770765487306 0.0022548832835212313 0.95232450000000013 0.036773500000000008 41.8046147362356 0.025066848274681662 3.5947302396098149 3.9754144116237029 3.7705861701288206 0.0046189333207645074
decision_type=2 2 2 2 2 2 2 2 2 2 2 2 2 2 2 2 2 2 2 2 2 2 2
left_child=3 -2 -3 -1 5 -5 13 8 9 -8 12 -12 -10 14 -6 16 -4 18 19 -18 21 -19 -7
right_child=1 2 15 4 6 22 7 -9 10 -11 11 -13 -14 -15 -16 -17 17 20 -20 -21 -22 -23 -24
leaf_value=-9.0785238393564782e-07 1.1037080272754709e-06 -1.1047002361408429e-06 -7.0619980732544716e-07 1.3130182079652722e-06 -6.7897602233912831e-07 -6.9873536162390332e-07 -2.6990693626771643e-07 -6.9945058661059031e-07 -1.4547420897770279e-06 1.4787870970790521e-06 1.4203706467449829e-06 -2.4733116319453071e-07 -2.0906229744710458e-07 -1.2104674118846174e-06 3.6249846541775492e-07 8.105288876667427e-07 -8.2757729192703015e-07 7.7855728149881737e-08 1.2193657587331204e-06 7.4244760419617248e-07 9.0036553956451826e-07 -5.064919749360318e-07 3.6285030574845223e-07
leaf_weight=32 22 20 30 26 32 20 20 34 20 29 23 30 40 26 27 29 21 206 34 20 20 67 20
leaf_count=32 22 20 30 26 32 20 20 34 20 29 23 30 40 26 27 29 21 206 34 20 20 67 20
internal_value=1.41129e-15 9.28482e-08 4.30967e-08 -1.14897e-07 -4.1771e-08 4.15466e-07 -1.49165e-07 7.63583e-09 1.56037e-07 7.65034e-07 -1.08042e-07 4.76388e-07 -6.24289e-07 -5.10729e-07 -2.02369e-07 9.68577e-08 4.48565e-08 1.06084e-07 5.19044e-07 -6.17115e-08 3.77572e-10 -6.55556e-08 -1.67943e-07
internal_weight=848 469 447 379 347 66 281 196 162 49 113 53 60 85 59 427 398 368 75 41 293 273 40
internal_count=848 469 447 379 347 66 281 196 162 49 113 53 60 85 59 427 398 368 75 41 293 273 40
is_linear=0
shrinkage=0.3


Tree=275
num_leaves=17
num_cat=0
split_feature=3 7 15 12 3 17 15 8 18 4 17 8 17 8 4 7
split_gain=9.15951e-11 2.66046e-10 1.99626e-10 1.94618e-10 2.16667e-10 2.41117e-10 1.91543e-10 1.68933e-10 1.50953e-10 3.30555e-10 2.49647e-10 2.40041e-10 3.33264e-10 1.91786e-10 1.88451e-10 2.18223e-10
threshold=3.0051484107971196 -0.0085839784186457022 -0.013872985859916734 -0.0030586030314399804 3.476026296615601 0.0047449607296996647 -0.011904807858458389 -0.06510687243751645 -0.61392639014713579 1043550.0000000001 0.0022547922371753911 0.010498205365469462 0.01007616270506567 -0.013652283987079255 1314400.0000000002 0.0049261112198518238
decision_type=2 2 2 2 2 2 2 2 2 2 2 2 2 2 2 2
left_child=1 -1 3 -2 -5 -6 -4 -8 10 -10 -9 13 -13 -12 -11 -16
right_child=2 -3 6 4 5 -7 7 8 9 14 11 12 -14 -15 15 -17
leaf_value=2.0727472100171932e-07 1.0206235141030362e-06 -1.2363423929429018e-06 -9.5133559568694176e-07 -4.594360109688722e-07 -4.4636290239294692e-08 1.3107534670098176e-06 7.7236799072011315e-07 4.7347834247880707e-07 1.2288727638676277e-06 -6.664277946497719e-07 -5.0711955109269025e-07 5.6233922309494464e-07 -1.0069107182581709e-06 -1.7159331068431326e-06 -1.0612818065213448e-07 3.332068186118749e-07
leaf_weight=27 32 20 20 32 27 21 24 27 20 37 27 29 21 21 312 151
leaf_count=27 32 20 20 32 27 21 24 27 20 37 27 29 21 21 312 151
internal_value=1.38568e-15 -4.0703e-07 2.38832e-08 3.95345e-07 1.45234e-07 5.48347e-07 -3.64996e-08 -9.15022e-09 -3.823e-08 3.29267e-08 -3.34242e-07 -5.56777e-07 -9.67458e-08 -1.03598e-06 -1.49112e-08 3.71539e-08
internal_weight=848 47 801 112 80 48 689 669 645 520 125 98 50 48 500 463
internal_count=848 47 801 112 80 48 689 669 645 520 125 98 50 48 500 463
is_linear=0
shrinkage=0.3


Tree=276
num_leaves=27
num_cat=0
split_feature=16 22 6 15 17 10 16 18 1 22 5 16 6 0 7 8 9 8 15 6 9 15 12 10 11 13
split_gain=8.55194e-11 2.15003e-10 2.70846e-10 5.71229e-10 3.68537e-10 2.68051e-10 3.2813e-10 2.1527e-10 2.06436e-10 2.032e-10 1.99491e-10 1.79101e-10 3.24772e-10 3.7101e-10 3.64492e-10 2.48926e-10 3.00728e-10 2.24163e-10 2.05222e-10 3.52166e-10 3.4727e-10 3.44235e-10 2.12114e-10 1.76379e-10 1.71852e-10 2.07657e-10
threshold=0.0050062907608378745 0.0085440000000000012 -0.014641663938462586 -0.012106467920636747 0.0024096501920985347 0.84087674334482398 0.0068027688994035636 -0.56492397142530693 3.7229243872372186 0.0085210000000000025 -0.0019451849153129866 0.002331055704139569 -0.013349331862454409 3.4368489891632525 -0.0026774429251719511 -0.024071813303672258 0.011138678607375403 -0.01193898976251504 0.0023894873572044436 -1.0000000180025095e-35 0.01510530349443439 0.0056746782913998416 -0.00034782180725354098 0.64584449983735726 62.937051137982643 0.02225515171716964
decision_type=2 2 2 2 2 2 2 2 2 2 2 2 2 2 2 2 2 2 2 2 2 2 2 2 2 2
left_child=9 -2 4 -4 -3 6 -5 -8 -9 -1 -6 12 -11 14 -14 -15 -17 -18 19 22 -21 -20 -13 -23 25 -7
right_child=1 2 3 5 10 24 7 8 -10 11 -12 18 13 15 -16 16 17 -19 21 20 -22 23 -24 -25 -26 -27
leaf_value=-6.2928399347876336e-07 6.9773208477070313e-07 1.3622049461758934e-06 -1.8618924982050089e-06 -1.3244850534585668e-06 5.3222750580061977e-07 6.5056191945744861e-07 -1.1138286905065796e-06 -4.05465551319097e-07 4.2322837119357358e-07 -9.0740562112304439e-07 -7.7689695258827262e-07 1.9555009608686965e-06 8.2436133570677864e-08 -8.2569268128656185e-07 1.7415938112270106e-06 1.1563056733676633e-06 8.447203452988105e-07 -2.3883754886390689e-07 -9.4573730997637988e-07 1.0361299679129131e-06 -4.6365703570669124e-07 8.065297834784695e-07 6.055938166937835e-07 -1.5773688351182795e-07 1.0042236246882956e-06 -5.3336530569936258e-07
leaf_weight=34 27 22 20 29 20 24 20 62 48 33 22 22 26 34 22 20 20 122 24 24 33 38 20 31 21 30
leaf_count=34 27 22 20 29 20 24 20 62 48 33 22 22 26 34 22 20 20 122 24 24 33 38 20 31 21 30
internal_value=4.13113e-16 -1.15035e-07 -1.84044e-07 -3.2302e-07 3.67521e-07 -1.91493e-07 -4.12016e-07 -2.08465e-07 -4.38537e-08 7.89008e-08 -1.53504e-07 1.3024e-07 -2.41054e-08 9.53573e-08 8.42883e-07 -8.77103e-08 6.71749e-08 -8.62238e-08 3.52916e-07 6.53529e-07 1.67832e-07 3.29096e-08 1.31269e-06 3.73309e-07 2.76016e-07 -7.17543e-09
internal_weight=848 345 318 254 64 234 159 130 110 503 42 469 277 244 48 196 162 142 192 99 57 93 42 69 75 54
internal_count=848 345 318 254 64 234 159 130 110 503 42 469 277 244 48 196 162 142 192 99 57 93 42 69 75 54
is_linear=0
shrinkage=0.3


Tree=277
num_leaves=31
num_cat=0
split_feature=13 10 10 18 9 6 16 13 14 18 14 4 17 14 3 3 18 19 4 8 10 4 7 17 16 19 12 22 1 14
split_gain=7.844e-11 1.58148e-10 2.54445e-10 2.42091e-10 2.27058e-10 2.16254e-10 2.0458e-10 1.5485e-10 1.47934e-10 2.44848e-10 1.98341e-10 4.54208e-10 3.46273e-10 2.17268e-10 2.98821e-10 2.21344e-10 3.18451e-10 1.94868e-10 1.72349e-10 2.16747e-10 2.87781e-10 2.56246e-10 1.18097e-10 1.58714e-10 2.21235e-10 2.32813e-10 2.24938e-10 1.80881e-10 1.63726e-10 1.01959e-10
threshold=0.022071379771935847 -1.1180776935153016 -0.51707390290027722 0.1093604232947928 0.011974718874835871 -1.0000000180025095e-35 0.0047281278572889112 0.022534308158521022 0.025581425263984825 0.70328082656182833 0.017725314853547048 3088950.0000000005 0.011363679466167774 0.014962608120738538 3.5357973575592045 3.5683456659317021 -0.34323595595127537 0.041072500000000005 1604250.0000000002 0.024205375899244454 -1.5275085056027984 3899350.0000000005 0.01627961394593171 0.0023668649497229481 0.002355713622170462 0.35554100000000005 0.0014243488415550136 0.014987500000000003 3.9185016911215631 0.032491268533449351
decision_type=2 2 2 2 2 2 2 2 2 2 2 2 2 2 2 2 2 2 2 2 2 2 2 2 2 2 2 2 2 2
left_child=1 3 4 5 -3 -1 -6 -2 9 10 13 12 17 15 -15 16 -9 -12 -10 20 -20 -22 23 27 26 -26 -25 -4 -29 -21
right_child=7 2 22 -5 6 -7 -8 8 18 -11 11 -13 -14 14 -16 -17 -18 -19 19 29 21 -23 -24 24 25 -27 -28 28 -30 -31
leaf_value=1.5976654518896857e-07 6.761928050972679e-07 -1.52001019402674e-06 2.1346059298821276e-07 -3.3347412741821592e-07 -9.8650864563348294e-07 1.4420605198495194e-06 3.0725830432681337e-07 4.3713373742093604e-07 1.0491790116568771e-06 -1.0677735834912545e-06 -2.0825761136113494e-07 6.3021659282891974e-07 4.8576059238517442e-07 1.3348819126690615e-06 -1.4062715365525945e-07 7.125982272831217e-07 -1.1551476058255452e-06 -1.2079194372442242e-06 8.1285620988131253e-07 1.0581536621145914e-06 -9.4184177886091895e-07 1.6141185833854856e-07 6.190480888790262e-07 1.5425203879918366e-07 9.4097967126335665e-07 -2.9138247712849494e-07 -1.0239614573208655e-06 -1.5013059535817774e-06 -3.0195311231701843e-07 2.6832743026803851e-07
leaf_weight=29 36 22 20 37 22 20 22 20 21 22 26 37 21 30 21 21 26 54 22 24 40 36 21 35 37 22 25 20 21 38
leaf_count=29 36 22 20 37 22 20 22 20 21 22 26 37 21 30 21 21 26 54 22 24 40 36 21 35 37 22 25 20 21 38
internal_value=1.25403e-15 -1.08046e-07 -2.22008e-07 2.45766e-07 -7.33087e-07 6.83152e-07 -3.39625e-07 7.70508e-08 3.00592e-08 -1.07366e-07 -2.48308e-08 -2.6901e-07 -5.98429e-07 2.60735e-07 7.27319e-07 -9.44269e-08 -4.62851e-07 -8.83029e-07 2.41132e-07 1.35076e-07 -1.42653e-07 -4.19248e-07 -5.41905e-08 -1.32735e-07 6.89548e-08 4.81455e-07 -3.3667e-07 -5.26195e-07 -8.87003e-07 5.74067e-07
internal_weight=848 353 267 86 66 49 44 495 459 278 256 138 101 118 51 67 46 80 181 160 98 76 201 180 119 59 60 61 41 62
internal_count=848 353 267 86 66 49 44 495 459 278 256 138 101 118 51 67 46 80 181 160 98 76 201 180 119 59 60 61 41 62
is_linear=0
shrinkage=0.3


Tree=278
num_leaves=24
num_cat=0
split_feature=12 11 26 11 8 26 4 0 3 13 11 13 16 6 20 22 27 14 13 13 15 15 6
split_gain=5.78179e-11 3.27839e-10 1.52084e-10 4.08235e-10 2.08614e-10 2.87167e-10 2.4377e-10 1.55693e-10 1.08169e-10 1.18727e-10 3.15747e-10 2.3358e-10 4.35767e-10 2.70952e-10 2.63112e-10 2.13176e-10 1.83057e-10 1.74712e-10 1.56965e-10 2.41008e-10 2.01015e-10 2.311e-10 8.12556e-11
threshold=0.0018900717023117841 47.94205692570079 0.79040400000000022 56.30658863651572 0.026285756338956634 0.35158650000000008 3223700.0000000005 3.3854243158017581 3.0051484107971196 0.024308433581493014 41.8046147362356 0.028352611368540458 0.0071429074216073718 -0.0048309327286238874 0.38363300000000006 0.0084950000000000008 0.89213050000000016 0.023094666603822544 0.023624209778347924 0.023150535082978294 -0.019607824804414978 -0.014151043126324514 0.0050188919092530983
decision_type=2 2 2 2 2 2 2 2 2 2 2 2 2 2 2 2 2 2 2 2 2 2 2
left_child=8 -2 4 -4 5 -3 7 -6 -1 15 -11 13 16 17 22 -10 -13 -12 19 20 -17 -22 -15
right_child=1 2 3 -5 6 -7 -8 -9 9 10 11 12 -14 14 -16 18 -18 -19 -20 -21 21 -23 -24
leaf_value=-5.7528433501374814e-07 9.7422074488357733e-07 1.0704439986234913e-06 -6.654907451775216e-07 1.0521887679198533e-06 -1.9929531081938227e-07 -4.1298856574556452e-07 2.0348766391467991e-07 -1.2325479343289203e-06 -9.8051715085034626e-07 1.2416299237246034e-06 2.3518453401903474e-07 7.4292037999563422e-07 -1.5856298205108033e-06 6.9889467397388221e-07 1.4696208606279624e-06 -9.7935437125329363e-07 -4.9538399389865094e-07 -9.0951711878720477e-07 -6.7132729154530037e-07 1.0150175373269122e-06 8.759310514250273e-07 -7.8087765082183357e-08 -1.0541857930180552e-07
leaf_weight=33 35 23 20 33 21 24 31 35 24 22 28 21 20 20 24 20 22 21 34 20 25 266 26
leaf_count=33 35 23 20 33 21 24 31 35 24 22 28 21 20 20 24 20 22 21 34 20 25 266 26
internal_value=-3.16602e-15 1.31542e-07 -2.61784e-08 4.04008e-07 -1.96327e-07 3.12947e-07 -4.71451e-07 -8.45078e-07 -4.66492e-08 -1.7231e-08 1.68134e-07 3.83709e-08 -4.28726e-07 2.85657e-07 6.64399e-07 -1.1444e-07 1.09369e-07 -2.55402e-07 -5.7493e-08 5.5595e-09 -5.93574e-08 3.87261e-09 2.44283e-07
internal_weight=848 222 187 53 134 47 87 56 626 593 204 182 63 119 70 389 43 49 365 331 311 291 46
internal_count=848 222 187 53 134 47 87 56 626 593 204 182 63 119 70 389 43 49 365 331 311 291 46
is_linear=0
shrinkage=0.3


Tree=279
num_leaves=21
num_cat=0
split_feature=12 12 1 7 4 4 7 16 18 27 9 22 4 7 27 20 7 24 16 12
split_gain=6.40331e-11 9.91514e-11 8.28207e-11 2.82526e-10 2.90618e-10 3.52944e-10 2.64351e-10 2.05234e-10 2.15238e-10 2.026e-10 1.68744e-10 1.50783e-10 1.45139e-10 1.59954e-10 2.06638e-10 2.77574e-10 1.43447e-10 3.25674e-10 1.19013e-10 1.12572e-10
threshold=0.0080577469694475788 0.0050648097216072071 3.5357972855051725 -0.01049876042157929 1314400.0000000002 5205350.0000000009 -0.014620182473548278 0.0052424992553063614 -0.11097817861857991 0.84127050000000014 0.024629973464921042 0.060307000000000006 7853050.0000000009 0.0049261112198518238 0.94407400000000019 0.091569000000000011 0.011668827999340397 0.29166650000000005 0.0023365019606584902 0.00072988600171157772
decision_type=2 2 2 2 2 2 2 2 2 2 2 2 2 2 2 2 2 2 2 2
left_child=1 2 3 6 -5 7 9 8 -6 -1 12 -12 13 14 15 -4 17 -15 -18 -9
right_child=-2 -3 10 4 5 -7 -8 19 -10 -11 11 -13 -14 16 -16 -17 18 -19 -20 -21
leaf_value=7.146556328052611e-07 -4.8304055972892006e-07 4.8095376471862362e-07 -6.7477592231262354e-07 -1.086603042095531e-06 3.3737489879876699e-07 -1.3416774234542574e-06 1.2807436251804915e-06 6.3209827652066506e-07 -6.9784012423798119e-07 -3.9317387308283986e-07 1.1825325885536389e-06 4.4390822857565127e-08 7.6368249576251983e-07 5.496370402046192e-08 6.6563344948742895e-07 -2.2964094995649133e-08 -4.8633979414715074e-07 1.5891533145406811e-06 2.9646733417300968e-07 -1.8740962275387572e-07
leaf_weight=24 24 39 84 37 28 20 20 48 51 39 22 20 22 33 26 196 29 20 44 22
leaf_count=24 24 39 84 37 28 20 20 48 51 39 22 20 22 33 26 196 29 20 44 22
internal_value=6.00777e-16 1.40691e-08 -9.1264e-09 -1.36784e-07 -3.25066e-07 -1.58338e-07 3.30516e-07 4.99036e-10 -3.30928e-07 2.88564e-08 6.52549e-08 6.4056e-07 1.20329e-08 -2.62456e-08 -1.43385e-07 -2.18508e-07 2.58235e-07 6.33903e-07 -1.45108e-08 3.74539e-07
internal_weight=848 824 785 289 206 169 83 149 79 63 496 42 454 432 306 280 126 53 73 70
internal_count=848 824 785 289 206 169 83 149 79 63 496 42 454 432 306 280 126 53 73 70
is_linear=0
shrinkage=0.3


Tree=280
num_leaves=29
num_cat=0
split_feature=16 22 6 6 9 26 27 5 10 16 0 5 6 13 14 12 27 17 27 5 21 15 26 22 7 3 20 4
split_gain=9.06226e-11 1.18683e-10 1.67365e-10 2.48458e-10 2.03175e-10 1.82475e-10 1.71235e-10 2.71627e-10 1.63393e-10 1.51289e-10 1.73972e-10 1.10092e-10 1.59155e-10 2.55953e-10 2.24464e-10 2.83718e-10 2.20291e-10 1.67511e-10 2.009e-10 4.07931e-10 1.47081e-10 2.74518e-10 1.96227e-10 1.54007e-10 1.35224e-10 1.12768e-10 1.25133e-10 5.23184e-11
threshold=0.0051347916225565867 0.0085210000000000025 -0.014641663938462586 -0.0092916473722343042 0.026381449348681228 0.91713000000000011 0.89133200000000012 -0.010296523997425835 -0.83688435183899745 0.011520670999951675 3.4968434821172671 -0.023203570589045795 -0.0019451849153129866 0.016408463067314905 0.013440847293478079 0.0033027530198284348 0.88435900000000012 0.011716514181227331 0.91784250000000012 0.0090910507380132684 0.46586200000000005 -0.0024420330760051932 0.27095650000000004 0.016750500000000005 -0.002322993460292847 3.8248590230941777 0.45076500000000003 2983100.0000000005
decision_type=2 2 2 2 2 2 2 2 2 2 2 2 2 2 2 2 2 2 2 2 2 2 2 2 2 2 2 2
left_child=11 -2 4 -4 27 6 7 -5 -9 10 -8 -1 14 -14 16 17 -13 18 19 -16 21 25 23 -22 -23 26 -15 -3
right_child=1 2 3 5 -6 -7 9 8 -10 -11 -12 12 13 20 15 -17 -18 -19 -20 -21 22 24 -24 -25 -26 -27 -28 -29
leaf_value=5.6422502286050772e-07 5.2254180289423851e-07 1.9363938627796932e-07 -1.0903262685246772e-06 -1.2759511414677556e-06 9.7693271591790261e-07 -9.3305172603663769e-07 3.7953905161560085e-09 6.7797726600815621e-07 -2.8316743719750763e-07 -4.2865325497132287e-07 1.061334929427663e-06 2.3238445313230234e-07 7.7732132771538648e-07 3.5551187238525017e-07 8.139595555434197e-07 1.462157719060997e-06 -1.0631494205881608e-06 -3.2532451901006962e-07 1.0546475793531002e-06 -5.9942696560125672e-07 -5.8682300771824186e-07 -6.1068677514874994e-08 -1.1205473173863685e-06 3.4524768861072312e-07 7.7102164543528204e-07 -1.0253616291525498e-06 -6.2908756505591491e-07 -4.8433870503572507e-07
leaf_weight=39 24 21 30 21 23 25 28 20 78 20 28 27 26 21 40 20 21 34 33 34 39 32 31 27 39 21 26 20
leaf_count=39 24 21 30 21 23 25 28 20 78 20 28 27 26 21 40 20 21 34 33 34 39 32 31 27 39 21 26 20
internal_value=7.85535e-17 -1.20467e-07 -1.69614e-07 -2.80432e-07 2.63267e-07 -1.69992e-07 -7.21636e-08 -2.96828e-07 -8.70155e-08 2.79613e-07 5.32565e-07 7.9839e-08 3.97306e-08 -1.16025e-07 2.34984e-07 4.04741e-07 -3.34412e-07 2.54753e-07 4.39077e-07 1.64566e-07 -2.14444e-07 -1.66005e-08 -4.97952e-07 -2.05521e-07 3.95995e-07 -4.47399e-07 -1.8916e-07 -1.37082e-07
internal_weight=848 338 314 250 64 220 195 119 98 76 56 510 471 262 209 161 48 141 107 74 236 139 97 66 71 68 47 41
internal_count=848 338 314 250 64 220 195 119 98 76 56 510 471 262 209 161 48 141 107 74 236 139 97 66 71 68 47 41
is_linear=0
shrinkage=0.3


Tree=281
num_leaves=16
num_cat=0
split_feature=12 3 2 5 21 15 8 8 15 10 4 4 14 22 12
split_gain=6.91119e-11 7.42489e-11 1.13504e-10 5.68592e-11 1.90818e-10 1.13118e-10 1.15419e-10 6.09053e-10 4.14468e-10 1.68909e-10 1.10203e-10 1.74989e-10 1.21899e-10 1.13155e-10 1.0186e-10
threshold=-0.0062603532204270973 2.9481819868087773 2.9589452300517975 -0.01087612564938493 0.032018500000000012 -0.0097563206384949537 -0.00725682868447364 -0.011673111596080367 -0.0071856322089793425 -0.71720926734559276 1496300.0000000002 3109950.0000000005 0.023255901635817516 0.035827000000000005 0.004939389469737032
decision_type=2 2 2 2 2 2 2 2 2 2 2 2 2 2 2
left_child=-1 -2 -3 4 -4 -5 7 8 -7 -8 -6 13 -13 -12 -11
right_child=1 2 3 5 10 6 9 -9 -10 14 11 12 -14 -15 -16
leaf_value=-5.0183113060597855e-07 -5.1682431542526102e-07 7.3557680202895881e-07 -6.7757612498553488e-07 -5.8868808061392433e-07 8.6301409760380917e-07 1.2938082456059874e-06 -9.4415786602297656e-07 1.7560866968580057e-06 -1.5731668579950376e-07 1.193964331930049e-08 2.5566239107988055e-07 1.1166491057679194e-06 2.2949303772117733e-07 -6.1829102563137891e-07 -4.5661794985107916e-07
leaf_weight=24 23 20 21 31 25 20 20 20 155 321 24 20 46 30 48
leaf_count=24 23 20 21 31 25 20 20 20 155 321 24 20 46 30 48
internal_value=6.81216e-16 1.46164e-08 2.98763e-08 1.18046e-08 1.67609e-07 -3.02499e-08 -6.06817e-10 1.87763e-07 8.52616e-09 -9.50339e-08 2.90015e-07 1.7064e-07 4.98328e-07 -2.29867e-07 -4.90109e-08
internal_weight=848 824 801 781 166 615 584 195 175 389 145 120 66 54 369
internal_count=848 824 801 781 166 615 584 195 175 389 145 120 66 54 369
is_linear=0
shrinkage=0.3


Tree=282
num_leaves=27
num_cat=0
split_feature=16 21 24 4 26 4 13 9 12 26 18 11 8 4 26 6 8 0 19 4 11 2 14 4 1 14
split_gain=5.06392e-11 1.80563e-10 3.8075e-10 2.98781e-10 2.57655e-10 1.41306e-10 1.18241e-10 1.9707e-10 1.39903e-10 1.91792e-10 1.33605e-10 1.17704e-10 1.60867e-10 1.98205e-10 1.25347e-10 1.57431e-10 1.16606e-10 1.8849e-10 2.25633e-10 2.14757e-10 1.99081e-10 1.88645e-10 1.40483e-10 1.1591e-10 1.08808e-10 9.20962e-11
threshold=0.002450978100551904 0.92021850000000016 1.0000000180025095e-35 2088750.0000000002 0.25780100000000006 3071400.0000000005 0.016956923592829725 0.010246154974850548 -0.005248348885138838 0.39932050000000008 -1.2014949690293315 46.980014759636624 0.0022648652804923351 1548000.0000000002 0.89373500000000006 0.0077723210426580364 0.045461193944488013 3.844142505047667 0.36048000000000008 3237900.0000000005 48.888903164725782 3.8821817051837928 0.021052611765768763 1712200.0000000002 3.4873862286102359 0.02361281809462585
decision_type=2 2 2 2 2 2 2 2 2 2 2 2 2 2 2 2 2 2 2 2 2 2 2 2 2 2
left_child=1 2 4 -4 -1 -5 7 -2 9 -8 -10 14 23 -14 15 25 17 18 22 -20 -19 -22 -6 -13 -15 -12
right_child=6 -3 3 5 16 -7 8 -9 10 -11 11 12 13 24 -16 -17 -18 20 19 -21 21 -23 -24 -25 -26 -27
leaf_value=-9.0058120587599429e-07 1.6468578997841376e-07 -7.244391162778949e-07 1.366386988560667e-06 -3.9526044901094795e-07 1.4976874955152653e-06 6.488063296521724e-07 -1.2093871572460558e-06 -1.1103947198165542e-06 7.3911538047023779e-07 8.869989431202287e-08 3.5025873504492355e-08 -1.3086447444771165e-07 -8.1073664978248415e-07 4.5634545693054374e-07 8.1935100411101296e-07 -5.2830252172952896e-07 -4.3363657082652804e-07 -9.7252972472781289e-07 -3.6399351058337609e-07 8.1098728123721716e-07 8.1538343527753914e-07 -4.2074843005934776e-07 4.6417054336259375e-07 -1.1183648139046415e-06 -6.0048456140293639e-08 6.4793327127314151e-07
leaf_weight=28 20 23 35 20 20 28 20 24 23 21 57 20 25 52 25 29 35 22 42 21 20 25 29 23 125 36
leaf_count=28 20 23 35 20 20 28 20 24 23 21 57 20 25 52 25 29 35 22 42 21 20 25 29 23 125 36
internal_value=3.5298e-16 8.78743e-08 1.45361e-07 6.99818e-07 -4.48039e-08 2.13779e-07 -6.11605e-08 -5.30813e-07 -1.58432e-08 -5.44513e-07 3.63868e-08 -4.84468e-09 -1.3218e-07 -2.00223e-08 2.07381e-07 8.19779e-08 6.71669e-08 1.65089e-07 4.03194e-07 2.76668e-08 -2.32936e-07 1.28644e-07 8.86014e-07 -6.59062e-07 9.16605e-08 2.7228e-07
internal_weight=848 348 325 83 242 48 500 44 456 41 415 392 245 202 147 122 214 179 112 63 67 45 49 43 177 93
internal_count=848 348 325 83 242 48 500 44 456 41 415 392 245 202 147 122 214 179 112 63 67 45 49 43 177 93
is_linear=0
shrinkage=0.3


Tree=283
num_leaves=29
num_cat=0
split_feature=8 17 16 13 5 7 19 7 8 6 6 3 21 22 16 27 0 4 18 4 22 15 9 22 2 7 17 4
split_gain=4.67413e-11 1.1818e-10 1.19928e-10 1.80575e-10 6.78598e-11 8.59775e-11 2.18201e-10 2.7677e-10 3.99181e-10 1.48209e-10 1.83114e-10 1.44464e-10 1.85548e-10 1.80532e-10 1.82059e-10 2.43057e-10 2.47812e-10 1.91403e-10 1.94155e-10 1.49832e-10 1.43816e-10 1.40438e-10 1.26272e-10 1.15207e-10 1.07016e-10 1.04881e-10 8.94202e-11 5.34246e-11
threshold=-0.059145138075105665 0.0062406232844234759 0.0095579497010814581 0.023624209778347924 -0.02495681914043733 -0.0025320323385677932 -0.037977999999999991 -0.0054355035678213632 0.0058097019804199982 0.0024125111212752654 -0.011428940126140088 3.5740603208541875 0.036773500000000008 0.49897700000000006 0.002369722601664312 0.91785250000000007 3.8011908479622281 1352750.0000000002 0.80747225053102423 1533900.0000000002 0.94565650000000012 -0.0029411990260143272 0.013976963989323313 0.014849500000000002 3.4751821981093221 -0.0082646248546045051 0.005319143876925842 2312400.0000000005
decision_type=2 2 2 2 2 2 2 2 2 2 2 2 2 2 2 2 2 2 2 2 2 2 2 2 2 2 2 2
left_child=1 2 3 -1 -2 6 20 9 -9 10 -8 12 -7 14 15 16 -13 -16 -19 -14 25 -21 -15 -23 -12 -6 -11 -28
right_child=4 -3 -4 -5 5 11 7 8 -10 26 24 13 19 22 17 -17 -18 18 -20 21 -22 23 -24 -25 -26 -27 27 -29
leaf_value=-6.4442966163369414e-08 4.6574691950240774e-07 4.2669272701800761e-07 2.0400635634132413e-07 -1.2666543379618418e-06 -1.8716358022393601e-07 -1.0897687743161986e-06 -1.8847968092927657e-07 1.8628965568206527e-06 7.5434097536524585e-08 -5.649355696736498e-07 1.1752112777191106e-06 1.2654614959867811e-06 -7.5739024629618521e-07 3.3245877856751865e-08 5.5114714221815568e-07 -5.4348924205527283e-07 6.3143677545933003e-08 -6.7147132607307704e-07 3.5087350797523089e-07 -5.2431722017434246e-07 4.0472873235687854e-07 -2.4910570157170431e-07 9.9368346419786187e-07 4.8986558021963399e-07 3.6671265064569524e-07 -9.6503600052627175e-07 4.4350803371173695e-07 -2.4990500676835834e-07
leaf_weight=22 30 20 20 23 39 23 36 22 23 34 23 27 31 22 20 24 36 82 21 34 21 31 28 49 41 26 20 20
leaf_count=22 30 20 20 23 39 23 36 22 23 34 23 27 31 22 20 24 36 82 21 34 21 31 28 49 41 26 20 20
internal_value=-2.37688e-15 -2.11021e-07 -4.07241e-07 -6.78907e-07 2.35083e-08 5.40846e-09 1.27121e-07 2.86131e-07 9.49305e-07 1.14621e-07 3.52798e-07 -8.13256e-08 -2.98151e-07 5.87772e-08 -6.32022e-08 2.6893e-07 5.78423e-07 -2.98125e-07 -4.63032e-07 -1.72584e-07 -2.77802e-07 -1.35583e-08 5.71091e-07 2.03514e-07 6.57267e-07 -4.98313e-07 -2.0724e-07 9.68015e-08
internal_weight=848 85 65 45 763 733 305 219 45 174 100 428 168 260 210 87 63 123 103 145 86 114 50 80 64 65 74 40
internal_count=848 85 65 45 763 733 305 219 45 174 100 428 168 260 210 87 63 123 103 145 86 114 50 80 64 65 74 40
is_linear=0
shrinkage=0.3


Tree=284
num_leaves=19
num_cat=0
split_feature=18 13 17 4 17 8 2 10 8 19 12 11 11 17 27 4 7 2
split_gain=5.27281e-11 1.32946e-10 1.43165e-10 1.60516e-10 7.86667e-11 7.77506e-11 1.45761e-10 1.12207e-10 9.19549e-11 1.07355e-10 1.35028e-10 1.99216e-10 1.48397e-10 1.73464e-10 1.46642e-10 1.24304e-10 2.72764e-10 2.5092e-10
threshold=0.70328082656182833 0.019529170844455712 0.0024213051298209352 3340600.0000000005 0.0097919269053490278 0.056501094982818294 3.4820575425905989 0.99638531824761678 0.044858055092571313 0.89695500000000006 0.0015943225368880343 47.94205692570079 56.249955084822098 0.0070011696410706339 0.94615500000000008 1974350.0000000002 -0.0024157739674230175 3.0098017461371636
decision_type=2 2 2 2 2 2 2 2 2 2 2 2 2 2 2 2 2 2
left_child=5 -2 -3 -4 -5 8 7 -7 9 10 14 -12 13 -13 15 16 -1 -17
right_child=1 2 3 4 -6 6 -8 -9 -10 -11 11 12 -14 -15 -16 17 -18 -19
leaf_value=-7.5335973486190251e-07 3.8504412856354976e-07 2.3604076148366216e-07 3.990044142988659e-08 -1.2435157708878818e-06 -4.8312099477643138e-07 1.0610542698412491e-06 -1.468670741535159e-07 1.7968194833555954e-07 -5.006369804050337e-07 5.5590084215850764e-07 9.5637033086467412e-07 -6.8468270342236792e-07 5.7900587731030122e-07 3.30523760437375e-07 5.4167124091925924e-07 -9.5760072647201677e-07 9.1475445566120763e-09 1.0682961679049614e-07
leaf_weight=76 30 29 27 25 24 26 39 26 32 32 29 33 32 28 31 22 95 212
leaf_count=76 30 29 27 25 24 26 39 26 32 32 29 33 32 28 31 22 95 212
internal_value=1.11535e-15 -1.71918e-07 -3.31051e-07 -5.47441e-07 -8.71078e-07 3.25512e-08 2.91553e-07 6.20368e-07 -5.34139e-09 2.15221e-08 -9.12328e-09 2.69861e-07 5.57884e-08 -2.18686e-07 -8.71877e-08 -1.35323e-07 -3.29745e-07 6.75497e-09
internal_weight=848 135 105 76 49 713 91 52 622 590 558 122 93 61 436 405 171 234
internal_count=848 135 105 76 49 713 91 52 622 590 558 122 93 61 436 405 171 234
is_linear=0
shrinkage=0.3


Tree=285
num_leaves=12
num_cat=0
split_feature=27 12 27 4 27 12 9 17 6 8 18
split_gain=5.16817e-11 6.21869e-11 4.85181e-11 1.78471e-10 7.57266e-11 5.92162e-11 7.51605e-11 1.28446e-10 1.39303e-10 1.00773e-10 9.24945e-11
threshold=0.95677650000000003 0.0080577469694475788 0.94615500000000008 2692450.0000000005 0.94122750000000011 0.0050648097216072071 0.03162433341072976 0.0026738451393996166 0.0023752231147007958 -0.078900370595435768 -1.5064904906930381
decision_type=2 2 2 2 2 2 2 2 2 2 2
left_child=1 2 4 -4 5 6 9 -8 -9 -1 -11
right_child=-2 -3 3 -5 -6 -7 7 8 -10 10 -12
leaf_value=-6.6961316796161027e-07 -3.5173727468418293e-07 -4.9393753402325406e-07 9.8474860170227892e-07 -2.8262538847911856e-07 -5.496906758090907e-07 4.0888077015616935e-07 9.4728417749934118e-07 4.7431633462784763e-07 -5.6232286784974043e-07 6.0271913520699116e-07 -2.3891411680527956e-08
leaf_weight=21 36 21 20 20 21 35 20 28 20 22 584
leaf_count=21 36 21 20 20 21 35 20 28 20 22 584
internal_value=6.05333e-16 1.55943e-08 2.91217e-08 3.51062e-07 1.19744e-08 2.81319e-08 8.95747e-09 3.08531e-07 4.23833e-08 -2.35321e-08 -1.14317e-09
internal_weight=848 812 791 40 751 730 695 68 48 627 606
internal_count=848 812 791 40 751 730 695 68 48 627 606
is_linear=0
shrinkage=0.3


Tree=286
num_leaves=16
num_cat=0
split_feature=26 4 14 19 13 10 0 17 3 15 10 22 10 15 15
split_gain=4.40369e-11 1.3237e-10 1.61437e-10 6.99958e-11 6.57056e-11 5.14142e-11 5.98379e-11 5.86606e-11 1.25392e-10 1.37957e-10 1.46929e-10 1.33599e-10 1.16117e-10 1.49057e-10 1.07789e-10
threshold=0.91426450000000015 3976800.0000000005 0.021276603614616463 0.89695500000000006 0.021813524888709496 -2.1561825556093939 2.9574535304690905 0.0025906711748779469 3.4774292707443242 -0.0093896619023249046 1.7328139477578073 0.048246500000000005 1.8434531046338452 0.016222660263624029 0.011976191009163183
decision_type=2 2 2 2 2 2 2 2 2 2 2 2 2 2 2
left_child=3 2 4 5 -2 -1 -7 8 11 -10 -11 -8 13 14 -9
right_child=1 -3 -4 -5 -6 6 7 12 9 10 -12 -13 -14 -15 -16
leaf_value=-4.4414593021584053e-07 -7.2266950738253407e-07 -8.585236924675752e-07 6.8934902961765535e-07 5.7636534563698653e-07 3.7113928133944034e-08 5.3308288258335771e-07 -8.6529458055143288e-07 5.3331862899385109e-08 -6.2192985189489666e-07 2.167293834710725e-07 -6.5140239734584602e-07 7.8145425476027311e-08 6.9919417779829008e-07 -5.2517224295146339e-07 7.6826417974018566e-07
leaf_weight=22 20 21 21 20 21 20 35 372 27 143 20 22 25 39 20
leaf_count=22 20 21 21 20 21 20 35 372 27 143 20 22 25 39 20
internal_value=-1.16079e-15 -2.0755e-07 1.29408e-08 2.25185e-08 -3.33512e-07 7.65014e-09 2.13977e-08 6.84056e-09 -1.10907e-07 6.1692e-09 1.1021e-07 -5.0116e-07 7.06203e-08 3.41601e-08 8.9808e-08
internal_weight=848 83 62 765 41 745 723 703 247 190 163 57 456 431 392
internal_count=848 83 62 765 41 745 723 703 247 190 163 57 456 431 392
is_linear=0
shrinkage=0.3


Tree=287
num_leaves=20
num_cat=0
split_feature=18 4 1 22 19 27 4 12 1 23 27 18 10 10 10 5 16 27 26
split_gain=5.30029e-11 1.43336e-10 1.35701e-10 1.47064e-10 1.42855e-10 1.36885e-10 7.77382e-11 7.78718e-11 1.66322e-10 1.48914e-10 1.78515e-10 7.81923e-11 1.3119e-10 1.16481e-10 1.98027e-10 1.54736e-10 2.79302e-10 1.4479e-10 1.23977e-10
threshold=-0.61392639014713579 998450.00000000012 3.4111362162817191 0.012209000000000003 -0.39130249999999994 0.80200850000000012 1202800.0000000002 -0.0029907715770460309 3.7272318725203131 0.87500000000000011 0.88562950000000018 -0.43658055425356251 0.27228175424625439 0.12048140080188308 0.27228175424625439 -0.011834410506402396 0.0024095787505740832 0.77963300000000013 0.35483900000000007
decision_type=2 2 2 2 2 2 2 2 2 2 2 2 2 2 2 2 2 2 2
left_child=2 -2 -1 -4 -5 -6 -3 8 9 10 -8 12 -9 15 -15 17 -17 -13 -16
right_child=1 6 3 4 5 -7 7 11 -10 -11 -12 13 -14 14 18 16 -18 -19 -20
leaf_value=4.2756904448257784e-07 8.2704723293858249e-07 -4.866580468387838e-07 2.6456614632408559e-07 2.5215928965074207e-08 -1.3278865611957134e-06 -4.0510435088510104e-07 9.9952260112249034e-07 9.0738004092015339e-07 8.0045704732713465e-07 -4.5400544398229872e-07 -1.0372172964552687e-07 8.3913251707201648e-07 -1.193666470555854e-07 9.1865006593054755e-07 2.7510127155635048e-07 -1.0027061357104794e-06 -1.09492362675212e-07 -1.4159093496398815e-07 -1.6710071871914039e-07
leaf_weight=29 20 27 32 33 23 39 22 21 35 35 33 20 24 23 91 46 100 42 153
leaf_count=29 20 27 32 33 23 39 22 21 35 35 33 20 24 23 91 46 100 42 153
internal_value=-1.35552e-15 3.56109e-08 -1.57966e-07 -2.91671e-07 -4.79035e-07 -7.47427e-07 1.20562e-08 3.29326e-08 2.4554e-07 2.97388e-08 3.37576e-07 -1.81749e-08 3.59782e-07 -5.39813e-08 7.71414e-08 -2.22298e-07 -3.90916e-07 1.74771e-07 -2.18112e-09
internal_weight=848 692 156 127 95 62 672 645 125 90 55 520 45 475 267 208 146 62 244
internal_count=848 692 156 127 95 62 672 645 125 90 55 520 45 475 267 208 146 62 244
is_linear=0
shrinkage=0.3


Tree=288
num_leaves=16
num_cat=0
split_feature=5 27 4 5 12 0 4 17 17 14 5 10 16 9 9
split_gain=4.67337e-11 1.45316e-10 2.84806e-10 1.35665e-10 9.40136e-11 8.30225e-11 5.34307e-11 5.38229e-11 1.37392e-10 9.43718e-11 1.176e-10 1.69443e-10 2.32363e-10 1.1759e-10 9.98216e-11
threshold=0.014779393356072595 0.78606500000000012 2076550.0000000002 0.011876778064342288 0.00067673297812017588 3.4904074201093773 6683600.0000000009 0.013562384911092275 0.015018782651469154 0.033492792400721214 -0.019936641331994527 -1.4271966359639323 0.0052424992553063614 0.021666760791355936 0.020706391901178647
decision_type=2 2 2 2 2 2 2 2 2 2 2 2 2 2 2
left_child=3 4 -3 6 -2 -4 7 9 -9 10 14 12 -12 -13 -1
right_child=1 2 5 -5 -6 -7 -8 8 -10 -11 11 13 -14 -15 -16
leaf_value=1.3787067842940815e-08 1.5143130675759106e-07 1.3847369818797971e-06 -2.227133668952774e-07 -6.2339482838069675e-07 -7.5740136551871728e-07 4.7035541126711725e-07 3.6039017250085889e-07 8.0835659628242244e-07 -1.0393688606532473e-07 -6.1849655389778481e-07 -1.0279486839219012e-06 1.0358618096870495e-07 8.3100800241098227e-08 -2.2834688123744538e-07 8.9848590841318752e-07
leaf_weight=24 21 20 35 33 20 28 35 24 39 25 36 316 32 138 22
leaf_count=24 21 20 35 33 20 28 35 24 39 25 36 316 32 138 22
internal_value=2.62526e-15 1.70175e-07 3.9843e-07 -2.91461e-08 -2.91902e-07 8.53172e-08 -7.66602e-10 -2.00356e-08 2.43603e-07 -4.80445e-08 -2.29366e-08 -6.34589e-08 -5.05102e-07 2.69023e-09 4.36904e-07
internal_weight=848 124 83 724 41 63 691 656 63 593 568 522 68 454 46
internal_count=848 124 83 724 41 63 691 656 63 593 568 522 68 454 46
is_linear=0
shrinkage=0.3


Tree=289
num_leaves=18
num_cat=0
split_feature=19 20 20 20 12 10 11 10 12 4 13 14 4 26 26 18 7
split_gain=3.60586e-11 5.26941e-11 1.08184e-10 9.22773e-11 1.65972e-10 7.96034e-11 1.12061e-10 5.71058e-11 5.36262e-11 1.471e-10 1.34743e-10 1.50931e-10 2.15101e-10 1.157e-10 1.03518e-10 2.43956e-10 9.778e-11
threshold=0.90490100000000007 0.81258550000000007 0.76086200000000015 0.60195450000000006 0.0013901667065093954 -0.90506868803931051 57.203922343311397 -0.071609021955973795 -0.0011768702351570258 1300500.0000000002 0.016343827534493937 0.013525861705412688 2026150.0000000002 0.35483900000000007 0.29638600000000009 -0.35241955848788492 -0.014068162578621063
decision_type=2 2 2 2 2 2 2 2 2 2 2 2 2 2 2 2 2
left_child=1 2 3 8 -5 -3 7 -7 9 -1 -10 12 -12 -13 15 -11 -16
right_child=-2 5 -4 4 -6 6 -8 -9 10 14 11 13 -14 -15 16 -17 -18
leaf_value=6.8791651122168671e-07 -2.8561352513933295e-07 7.5714590418662909e-07 -5.6203914730010557e-07 -1.45508008605096e-08 1.0466915262392312e-06 -5.6715230194661419e-07 5.331307769320746e-07 1.3326981523675841e-07 4.454895067857777e-07 -1.1057667463373634e-06 -1.0447191911566733e-06 1.0488506177675947e-07 1.2978063915130881e-07 -2.760366792717098e-07 -3.101322818657501e-07 2.5377751605928705e-08 3.5562561082613794e-07
leaf_weight=32 38 20 31 36 21 22 29 20 38 22 36 165 23 127 26 78 84
leaf_count=32 38 20 31 36 21 22 29 20 38 22 36 165 23 127 26 78 84
internal_value=6.17097e-16 1.33992e-08 -1.38226e-08 1.0879e-08 3.76433e-07 2.28481e-07 7.95611e-08 -2.33618e-07 -2.21425e-08 8.87398e-08 -9.11233e-08 -1.49218e-07 -5.86863e-07 -6.07898e-08 -2.56329e-09 -2.23474e-07 1.98265e-07
internal_weight=848 810 719 688 57 91 71 42 631 242 389 351 59 292 210 100 110
internal_count=848 810 719 688 57 91 71 42 631 242 389 351 59 292 210 100 110
is_linear=0
shrinkage=0.3


Tree=290
num_leaves=16
num_cat=0
split_feature=13 4 22 19 29 18 6 12 7 8 2 13 13 13 6
split_gain=4.2802e-11 1.66385e-10 3.88008e-11 1.427e-10 1.21832e-10 1.2469e-10 1.59171e-10 1.99236e-10 9.2442e-11 8.68794e-11 8.09189e-11 7.89138e-11 8.87162e-11 7.44762e-11 7.22507e-11
threshold=0.016274420381935929 1803000.0000000002 0.40114250000000001 -0.12443099999999999 1.5000000000000002 0.33578391195651824 0.0024125111212752654 -0.0011768702351570258 0.025159728961644066 0.027515870635169158 3.4937073903221711 0.017100172092395827 0.018186545137015918 0.019141102593144874 0.002445038476697563
decision_type=2 2 2 2 2 2 2 2 2 2 2 2 2 2 2
left_child=1 -1 3 -2 5 6 7 -4 11 -8 -7 -5 -13 -14 -15
right_child=2 -3 4 8 -6 10 9 -9 -10 -11 -12 12 13 14 -16
leaf_value=3.0716630583998739e-07 8.4221351812630021e-07 -8.1089333153272495e-07 4.3271906976326222e-07 5.4073510917642749e-07 -6.7868798337501959e-07 -8.0980613018788934e-07 2.4920815153093604e-07 -5.9832785426025922e-07 -4.1891581798672368e-07 1.0619707694559109e-06 -5.6303202431363701e-08 -4.5988138052945805e-07 5.3853522578504802e-07 1.2739674298400636e-07 -1.1898092035952353e-07
leaf_weight=23 20 25 31 29 28 23 29 37 39 20 29 31 28 284 172
leaf_count=23 20 25 31 29 28 23 29 37 39 20 29 31 28 284 172
internal_value=-1.71749e-15 -2.75156e-07 1.65094e-08 5.42728e-08 -9.90811e-08 -3.05161e-09 1.6874e-07 -1.28292e-07 2.72422e-08 5.80948e-07 -3.89583e-07 5.92278e-08 3.21138e-08 6.36259e-08 3.44648e-08
internal_weight=848 48 800 603 197 169 117 68 583 49 52 544 515 484 456
internal_count=848 48 800 603 197 169 117 68 583 49 52 544 515 484 456
is_linear=0
shrinkage=0.3


Tree=291
num_leaves=15
num_cat=0
split_feature=15 19 11 16 16 16 11 15 11 8 8 6 17 0
split_gain=3.64461e-11 4.44673e-11 4.58161e-11 5.56941e-11 5.18172e-11 1.06098e-10 8.05878e-11 1.53097e-10 1.05427e-10 2.13061e-10 1.31571e-10 5.81699e-11 3.92893e-11 5.02485e-11
threshold=-0.026863964012923285 0.90623900000000013 33.634115332074842 0.0062505433094971682 0.01041675857166585 0.0095238576400329313 40.276715461872335 -0.0023419739874719985 53.927113320974918 0.0081621206869457712 0.053973633211984909 0.013633898581512703 0.0055717498224920189 3.761540199568115
decision_type=2 2 2 2 2 2 2 2 2 2 2 2 2 2
left_child=-1 2 3 -2 5 6 7 -4 9 -8 -10 12 13 -6
right_child=1 -3 4 -5 11 -7 8 -9 10 -11 -12 -13 -14 -15
leaf_value=4.0017393521551975e-07 6.7197791480566589e-07 -3.4563363120596209e-07 -8.1866571251120219e-07 -1.9732443557917246e-08 7.1900949976111412e-07 -6.7455555270241699e-07 3.0956898765081177e-08 9.0849374097719718e-08 -2.9742253497833105e-07 7.2442685377802952e-07 1.3695197242416919e-07 -2.3798377120393916e-07 -2.4063900951887263e-08 1.051170892196751e-07
leaf_weight=20 20 34 31 22 30 23 263 36 156 47 105 21 20 20
leaf_count=20 20 34 31 22 30 23 263 36 156 47 105 21 20 20
internal_value=1.91356e-16 -9.66604e-09 4.72048e-09 3.09653e-07 -1.23103e-08 -4.15296e-08 -1.87089e-08 -3.29971e-07 1.7814e-08 1.36096e-07 -1.22674e-07 1.99931e-07 3.31305e-07 4.73453e-07
internal_weight=848 828 794 42 752 661 638 67 571 310 261 91 70 50
internal_count=848 828 794 42 752 661 638 67 571 310 261 91 70 50
is_linear=0
shrinkage=0.3


Tree=292
num_leaves=14
num_cat=0
split_feature=20 20 15 5 9 18 15 2 26 2 18 3 18
split_gain=3.6159e-11 2.95997e-11 2.92518e-11 3.76274e-11 2.5328e-10 1.70359e-10 8.91057e-11 1.96208e-10 1.44354e-10 9.95896e-11 8.58981e-11 8.58667e-11 7.53265e-11
threshold=0.94054450000000012 0.92701950000000011 0.028605496527773798 0.014779393356072595 0.023917225233625591 0.063088310442933726 0.0079367226137759522 3.5139843753199713 0.23014300000000001 3.926568930612091 1.2706677743737198 3.929876565933228 -0.13108929362374727
decision_type=2 2 2 2 2 2 2 2 2 2 2 2 2
left_child=1 2 3 6 5 -5 9 -8 -9 10 11 -1 -10
right_child=-2 -3 -4 4 -6 -7 7 8 12 -11 -12 -13 -14
leaf_value=7.8407259704634309e-09 3.8875357262213582e-07 -3.5319138653733261e-07 -3.0746713437995115e-07 -6.845628573251639e-07 7.813000770141049e-07 4.220980489070111e-07 -8.2396333434767372e-07 -5.8358424013249535e-07 7.8703454036599392e-07 -5.0107663298604164e-07 6.4101856952189258e-07 5.4753777770802762e-07 -9.0340909477875004e-09
leaf_weight=506 21 22 27 31 38 21 37 22 20 30 22 28 23
leaf_count=506 21 22 27 31 38 21 37 22 20 30 22 28 23
internal_value=-1.41396e-17 -9.87161e-09 -4.88962e-10 1.01645e-08 1.92578e-07 -2.37642e-07 -1.36977e-08 -2.72476e-07 4.1447e-08 3.13457e-08 6.00735e-08 3.61394e-08 3.6123e-07
internal_weight=848 827 805 778 90 52 688 102 65 586 556 534 43
internal_count=848 827 805 778 90 52 688 102 65 586 556 534 43
is_linear=0
shrinkage=0.3


Tree=293
num_leaves=20
num_cat=0
split_feature=18 7 5 27 4 14 21 4 4 9 23 16 12 4 12 9 12 12 12
split_gain=2.90487e-11 1.39521e-10 1.0094e-10 4.44714e-11 1.66963e-10 1.3201e-10 1.08493e-10 1.35438e-10 6.38962e-11 1.91476e-10 2.32764e-10 1.14806e-10 1.76877e-10 9.09264e-11 6.21134e-11 5.77015e-11 1.0044e-10 2.11814e-10 1.65544e-10
threshold=1.1298034448114651 -0.0046080532775992266 0.0046512946108820934 0.69965750000000015 1212800.0000000002 0.028263117758080807 0.36789050000000006 2373250.0000000005 1266200.0000000002 0.016224792431991594 0.41666650000000005 0.0023365019606584902 0.000166750596953212 1339500.0000000002 -0.0054545742819303014 0.0098335001058218047 0.00076314234912299177 -0.00034782180725354098 0.0016645960073552195
decision_type=2 2 2 2 2 2 2 2 2 2 2 2 2 2 2 2 2 2 2
left_child=3 -2 -3 4 -1 6 -6 -8 9 11 -11 -5 -13 -10 -15 -16 17 -17 -18
right_child=1 2 -4 8 5 -7 7 -9 13 10 -12 12 -14 14 15 16 18 -19 -20
leaf_value=-9.4295035726332797e-07 -7.8475642068121447e-07 6.1910410579457683e-07 -3.3402737727783458e-07 -6.2866280908286342e-07 -3.4500857086783294e-07 -6.1356232645692892e-07 6.9620833187400416e-08 1.0433065587989176e-06 -5.9220314247583747e-07 8.0154376660617107e-08 1.4615932600341757e-06 -3.6968372242217706e-07 8.630087211258797e-07 -3.560565596265925e-07 -3.139023141380497e-07 7.3336779483318001e-08 -5.402249004086081e-07 7.5060711033358987e-07 8.4918857891661742e-08
leaf_weight=20 23 20 20 22 24 24 36 20 22 23 21 22 20 35 35 207 51 52 151
leaf_count=20 23 20 20 22 24 24 36 20 22 23 21 22 20 35 35 207 51 52 151
internal_value=2.74309e-16 -1.95998e-07 1.42538e-07 1.57298e-08 -1.49131e-07 3.52673e-09 1.88653e-07 4.17366e-07 4.66567e-08 2.57718e-07 7.39477e-07 -7.34914e-08 2.17313e-07 5.43676e-09 3.01977e-08 5.74536e-08 8.56476e-08 2.09314e-07 -7.29145e-08
internal_weight=848 63 40 785 124 104 80 56 661 108 44 64 42 553 531 496 461 259 202
internal_count=848 63 40 785 124 104 80 56 661 108 44 64 42 553 531 496 461 259 202
is_linear=0
shrinkage=0.3


Tree=294
num_leaves=21
num_cat=0
split_feature=9 9 16 16 13 20 0 4 22 9 12 9 10 19 16 16 16 14 20 4
split_gain=2.55245e-11 3.50932e-11 3.67422e-11 1.38073e-10 1.24839e-10 8.86464e-11 9.62646e-11 8.69573e-11 8.22457e-11 7.36462e-11 1.42218e-10 8.79401e-11 1.03505e-10 6.69102e-11 8.7412e-11 1.51106e-10 1.35764e-10 7.24963e-11 1.03681e-10 8.75654e-11
threshold=0.0061938213269746535 0.0098335001058218047 0.0078328908583218653 0.008356636144623503 0.021000346054535411 0.039731000000000009 3.3761262201886084 3564100.0000000005 0.024777000000000004 0.011461081375236198 -0.00021750340072030079 0.012619359789151669 0.011626766048389062 0.45016000000000006 0.0046189333207645074 0.0022321407189022967 0.005594498860790424 0.023809502184254906 0.020984000000000006 2094300.0000000002
decision_type=2 2 2 2 2 2 2 2 2 2 2 2 2 2 2 2 2 2 2 2
left_child=-1 -2 9 -4 -5 -6 8 -8 -7 10 -3 12 -11 17 15 -15 -16 18 -13 -19
right_child=1 2 3 4 5 6 7 -9 -10 11 -12 13 -14 14 16 -17 -18 19 -20 -21
leaf_value=3.2662188854512157e-07 -3.1632063901554375e-07 -1.1640785828603839e-07 -8.5592023079783531e-07 -4.9638264720477728e-07 6.9590780967132553e-07 4.3883506053690427e-08 1.285807937752755e-08 7.5217447670995943e-07 -7.3753327920074569e-07 1.3684277060832529e-07 1.0013972563172046e-06 4.30792797108855e-07 -7.6359746827847628e-07 3.3812461224427452e-07 1.1169815268528639e-06 -3.410803167739408e-07 9.9932285893247448e-08 6.5474466217971474e-07 -1.942526372992241e-07 2.2906424243586105e-08
leaf_weight=21 32 21 20 39 20 27 45 21 22 20 20 27 27 74 21 49 27 26 207 82
leaf_count=21 32 21 20 39 20 27 45 21 22 20 20 27 27 74 21 49 27 26 207 82
internal_value=-1.53871e-15 -8.29391e-09 4.10465e-09 -1.09411e-07 -2.36056e-08 1.12974e-07 1.15948e-08 2.48095e-07 -3.06957e-07 4.0747e-08 4.28863e-07 1.23314e-08 -3.80431e-07 4.83155e-08 2.01538e-07 6.7547e-08 5.44891e-07 -2.82959e-08 -1.22132e-07 1.75016e-07
internal_weight=848 827 795 194 174 135 115 66 49 601 41 560 47 513 171 123 48 342 234 108
internal_count=848 827 795 194 174 135 115 66 49 601 41 560 47 513 171 123 48 342 234 108
is_linear=0
shrinkage=0.3


Tree=295
num_leaves=29
num_cat=0
split_feature=18 22 4 22 20 16 10 18 3 18 20 2 12 22 13 15 15 20 12 15 19 14 9 10 10 1 19 8
split_gain=2.82368e-11 8.98482e-11 9.51899e-11 1.86267e-10 1.69853e-10 1.08561e-10 1.07501e-10 9.61799e-11 1.72925e-10 1.29918e-10 9.72327e-11 7.57585e-11 7.57392e-11 6.44568e-11 7.18735e-11 6.43812e-11 5.82779e-11 1.10284e-10 1.15024e-10 1.59327e-10 1.63857e-10 1.07269e-10 1.06976e-10 1.27832e-10 9.76721e-11 1.19754e-10 9.68603e-11 6.50619e-11
threshold=-0.1463422198513569 0.0078880000000000009 2552100.0000000005 0.012986500000000002 0.036338000000000002 0.0046511581486919874 0.98320052256782431 0.066372480777486711 3.5466834306716923 0.26054141187764612 0.090486000000000011 3.4403063249587094 -0.0038751585168388305 0.010429500000000001 0.020836989023962606 0.0023557136221704729 0.0023309445532858505 0.027990000000000004 0.0026738441954580953 -0.0024845658415552992 0.052028500000000005 0.020936327943001112 0.011656970571646578 -0.5580093750697287 -0.065421695684577508 3.5052224382341977 0.21812650000000003 0.035474301537163598
decision_type=2 2 2 2 2 2 2 2 2 2 2 2 2 2 2 2 2 2 2 2 2 2 2 2 2 2 2 2
left_child=16 -2 3 -3 -5 6 11 8 -4 10 -9 -6 -11 -14 -15 -7 17 -1 19 20 -19 -22 -18 26 -25 -26 -24 -27
right_child=1 2 7 4 5 15 -8 9 -10 12 -12 -13 13 14 -16 -17 22 18 -20 -21 21 -23 23 24 25 27 -28 -29
leaf_value=-4.8755839941350123e-07 -5.5959205919212497e-07 8.2643631261502231e-07 -2.0835204616836171e-07 8.4928362970127962e-07 -1.3877673384854462e-07 6.5718826239508806e-07 3.0333497668344473e-07 -8.2025051411400377e-08 1.0242335072174757e-06 4.3234925722997779e-07 -9.5766705226196789e-07 -8.6352439502156308e-07 -5.8350113034677516e-07 -3.1145074319560706e-07 1.3514647602619335e-07 -6.0658378683600939e-08 -8.4768592444106607e-07 5.8094991412563757e-07 -3.7796439631421205e-07 7.6778770396511109e-07 -6.0526238082109729e-07 1.5401343068328503e-07 -1.0946555991350495e-07 6.3836822770921036e-07 -6.8886754271651235e-07 4.736764588183665e-07 -1.0216705672405624e-06 -1.7901058346265271e-07
leaf_weight=30 21 39 21 22 25 23 20 21 20 31 25 27 20 48 100 22 20 35 32 39 33 34 22 22 21 28 20 27
leaf_count=30 21 39 21 22 25 23 20 21 20 31 25 27 20 48 100 22 20 35 32 39 33 34 22 22 21 28 20 27
internal_value=6.23008e-16 4.73602e-08 7.483e-08 2.47069e-07 8.45123e-08 -5.92909e-08 -2.87748e-07 -3.23675e-08 3.92909e-07 -1.03536e-07 -5.57917e-07 -5.15088e-07 1.49656e-09 -7.8006e-08 -9.69587e-09 3.06241e-07 -6.32774e-08 4.34392e-08 1.3552e-07 2.52055e-07 5.48632e-08 -2.19958e-07 -1.98674e-07 -1.05958e-07 8.17096e-08 -7.94285e-08 -5.43849e-07 1.53266e-07
internal_weight=848 485 464 178 139 117 72 286 41 245 46 52 199 168 148 45 363 203 173 141 102 67 160 140 98 76 42 55
internal_count=848 485 464 178 139 117 72 286 41 245 46 52 199 168 148 45 363 203 173 141 102 67 160 140 98 76 42 55
is_linear=0
shrinkage=0.3


Tree=296
num_leaves=21
num_cat=0
split_feature=6 6 8 6 17 27 18 12 27 8 6 4 12 7 11 4 10 9 13 27
split_gain=2.76019e-11 1.03848e-10 7.49693e-11 7.82902e-11 1.83887e-10 1.43388e-10 6.93794e-11 6.75085e-11 1.2824e-10 9.96028e-11 5.87676e-11 5.06911e-11 4.99772e-11 1.10095e-10 1.13769e-10 1.03143e-10 6.32628e-11 9.08011e-11 6.01875e-11 4.85791e-11
threshold=-0.011350800450806388 -0.011933507051909124 -0.088003977666696362 -0.0073530860890311999 0.0051948003693320496 0.88049050000000006 -1.3573815817981514 -0.00019690912849577735 0.81499050000000006 0.0081621206869457712 -0.018868864430266388 847400.00000000012 -0.001897738877726599 -0.0080214107901142046 45.587855189643612 1840650.0000000002 -0.24516643481651182 0.011240653094444502 0.027919784769915218 0.88448050000000011
decision_type=2 2 2 2 2 2 2 2 2 2 2 2 2 2 2 2 2 2 2 2
left_child=1 7 -2 4 5 -4 -5 9 -9 10 19 -8 13 14 -13 -15 17 -14 -18 -1
right_child=2 -3 3 6 -6 -7 11 8 -10 -11 -12 12 16 15 -16 -17 18 -19 -20 -21
leaf_value=-5.6826578371400991e-07 -5.4352264385215669e-07 -6.8474045455957366e-07 1.3295460660156521e-06 5.0996290603677605e-07 -2.5171715812967296e-07 1.9354768166834903e-07 -4.572911234164549e-07 2.6962386688528961e-07 -6.4758163111127273e-07 7.3041784562022375e-07 2.5274900143411006e-07 2.1937679759213127e-07 -7.7217304230714488e-07 -1.3915612369075346e-07 -7.106949295332398e-07 6.7426362987139609e-07 -2.5247597843785548e-08 -9.2879497146128268e-08 3.6860465852939227e-07 6.2182676753185321e-08
leaf_weight=22 20 24 20 24 27 20 22 23 34 20 39 29 23 20 20 47 275 77 40 22
leaf_count=22 20 24 20 24 27 20 22 23 34 20 39 29 23 20 20 47 275 77 40 22
internal_value=-1.91784e-15 -1.02818e-07 2.84917e-08 4.62561e-08 3.53217e-07 7.61547e-07 1.06125e-08 -1.55293e-08 -2.77481e-07 1.29434e-07 -1.53809e-08 -1.10592e-08 7.4288e-09 1.81511e-07 -1.60244e-07 4.31452e-07 -4.12304e-08 -2.49117e-07 2.47654e-08 -2.53042e-07
internal_weight=848 184 664 644 67 40 577 160 57 103 83 553 531 116 49 67 415 100 315 44
internal_count=848 184 664 644 67 40 577 160 57 103 83 553 531 116 49 67 415 100 315 44
is_linear=0
shrinkage=0.3


Tree=297
num_leaves=23
num_cat=0
split_feature=18 13 7 4 0 11 14 4 21 10 9 10 10 4 4 22 13 21 12 12 12 12
split_gain=2.87028e-11 3.58744e-11 7.82931e-11 1.23037e-10 1.03019e-10 9.44186e-11 1.76848e-10 7.74291e-11 7.46893e-11 7.42408e-11 9.08892e-11 1.43922e-10 8.1118e-11 1.09369e-10 7.15156e-11 7.09163e-11 6.91404e-11 6.61812e-11 5.57997e-11 5.32548e-11 1.14655e-10 7.612e-11
threshold=1.4869393783933182 0.023557981255952366 -0.010296523997425835 1300500.0000000002 3.5403458991927526 45.587855189643612 0.015587351253497408 6683600.0000000009 0.47027750000000007 -1.4271966359639323 0.023676996681448011 0.98320052256782431 -1.1351145295849825 1952050.0000000002 1613200.0000000002 0.012875500000000002 0.016685361670111934 0.25643900000000003 -0.00026729299625395799 0.00055611731009846466 -0.0002876678822652593 0.0032436270917123645
decision_type=2 2 2 2 2 2 2 2 2 2 2 2 2 2 2 2 2 2 2 2 2 2
left_child=1 7 4 -4 15 8 -7 9 -5 17 12 -12 -11 14 -14 -3 -15 -1 -17 20 -8 -21
right_child=-2 2 3 5 -6 6 19 -9 -10 10 11 -13 13 16 -16 18 -18 -19 -20 21 -22 -23
leaf_value=-5.9264147836547085e-07 -3.4636080954442149e-07 -9.8684577753971331e-08 -7.0638768290204861e-07 1.7244441414215377e-08 -3.5685302868579614e-07 7.9089751459093794e-07 -1.219135854809475e-07 6.4321922337740029e-07 -6.9215981250850101e-07 5.7548206703194669e-07 1.0916936764715502e-06 4.5604550462422622e-08 -7.6738700280592244e-08 6.3483661381091851e-07 -5.7191167818310924e-07 8.0547837735792391e-07 7.9262613557803011e-08 1.2644392804866805e-08 2.0023119507055314e-07 -4.938705694013112e-07 7.2108245132262992e-07 5.9156719624451983e-08
leaf_weight=29 21 24 31 22 26 24 53 20 34 23 20 29 105 24 35 29 126 37 26 48 20 42
leaf_count=29 21 24 31 22 26 24 53 20 34 23 20 29 105 24 35 29 126 37 26 48 20 42
internal_value=1.76298e-15 8.79514e-09 -5.91378e-08 -1.43546e-07 1.61126e-07 -7.17428e-08 3.05913e-08 6.62652e-08 -4.13465e-07 3.93047e-08 9.26552e-08 4.7258e-07 3.31782e-08 -9.83208e-09 -2.00532e-07 3.31601e-07 1.68154e-07 -2.53315e-07 5.19362e-07 -8.13557e-08 1.09044e-07 -2.35791e-07
internal_weight=848 827 379 274 105 243 187 448 56 428 362 49 313 290 140 79 150 66 55 163 73 90
internal_count=848 827 379 274 105 243 187 448 56 428 362 49 313 290 140 79 150 66 55 163 73 90
is_linear=0
shrinkage=0.3


Tree=298
num_leaves=18
num_cat=0
split_feature=11 11 15 4 23 4 7 10 15 4 8 17 6 6 13 6 12
split_gain=2.873e-11 4.49063e-11 3.79154e-11 8.09516e-11 1.41161e-10 1.06001e-10 8.16598e-11 7.50198e-11 6.69243e-11 1.73801e-10 7.30295e-11 5.49742e-11 4.72028e-11 2.36576e-10 7.89594e-11 7.37524e-11 8.59362e-11
threshold=70.940890448843064 67.272706396831225 0.011135928811008717 2076550.0000000002 0.87500000000000011 2970850.0000000005 0.0096268553118364578 1.3749865212128787 0.0079367226137759522 2151100.0000000005 0.074636824763497436 0.0023474714423809091 0.0027777317930394803 0.0023528297313892099 0.020696839525547569 0.0048721706875885064 0.0014243488415550136
decision_type=2 2 2 2 2 2 2 2 2 2 2 2 2 2 2 2 2
left_child=1 2 8 4 -4 -5 7 -7 10 -10 12 -6 13 14 -1 -14 -17
right_child=-2 -3 3 5 11 6 -8 -9 9 -11 -12 -13 15 -15 -16 16 -18
leaf_value=-1.8878971770729362e-07 -3.5529707847814507e-07 4.314609546731483e-07 9.452437907384591e-07 -4.7597651423396147e-07 3.8820984624265978e-07 9.9961129842698573e-09 -3.5118851634763357e-07 7.2396398094882054e-07 -1.0428445209242907e-06 1.7908347251188224e-07 -5.1269006320353581e-07 -3.1518723215384625e-07 6.5492683065977121e-07 -9.8724239209154191e-07 1.1927382604018162e-07 2.0499655607015187e-07 -2.1270778759049218e-07
leaf_weight=117 20 22 25 34 20 27 20 26 20 22 25 20 21 23 208 131 67
leaf_count=117 20 22 25 34 20 27 20 26 20 22 25 20 21 23 208 131 67
internal_value=2.32487e-15 8.58206e-09 -2.96054e-09 1.21962e-07 3.86024e-07 -3.84487e-08 1.65331e-07 3.60245e-07 -3.68513e-08 -4.02787e-07 -1.08897e-08 3.65113e-08 1.12356e-08 -5.74311e-08 8.37095e-09 1.2035e-07 6.36522e-08
internal_weight=848 828 806 172 65 107 73 53 634 42 592 40 567 348 325 219 198
internal_count=848 828 806 172 65 107 73 53 634 42 592 40 567 348 325 219 198
is_linear=0
shrinkage=0.3


Tree=299
num_leaves=23
num_cat=0
split_feature=4 8 26 16 23 19 12 10 5 11 8 22 18 15 4 29 0 19 21 21 9 21
split_gain=3.11719e-11 1.28168e-10 1.49609e-10 2.53909e-10 7.57616e-11 3.31985e-11 4.0472e-11 7.19949e-11 1.1078e-10 8.10215e-11 1.28752e-10 6.45132e-11 8.63043e-11 6.83337e-11 1.21748e-10 9.01924e-11 9.3546e-11 6.36873e-11 5.29382e-11 4.79396e-11 4.63723e-11 4.37525e-11
threshold=1246650.0000000002 0.0096745880915350049 0.59237500000000021 0.0023640075649144026 0.58333350000000006 -0.94560999999999984 0.0037015130082409561 0.73968779587340661 -0.0044591443601576033 53.333351530963647 0.026201384775646267 0.40114250000000001 0.54131169241434518 -0.015001486023052393 3141150.0000000005 1.5000000000000002 3.9241638436305619 0.09899100000000001 0.5189005000000001 0.041463500000000007 0.029602569738136807 0.078168500000000016
decision_type=2 2 2 2 2 2 2 2 2 2 2 2 2 2 2 2 2 2 2 2 2 2
left_child=1 2 3 -1 -3 -2 7 11 -9 -10 -11 13 19 14 -7 16 -15 20 -12 -13 -8 -21
right_child=5 4 -4 -5 -6 6 17 8 9 10 18 12 -14 15 -16 -17 -18 -19 -20 21 -22 -23
leaf_value=1.522311072079674e-06 3.4740566953977182e-07 7.6883239444214261e-08 -9.1638831643701841e-08 1.0051382651327528e-07 -7.0648683948348878e-07 -2.6174450617588719e-07 3.2273781988707963e-07 8.1437639717510789e-07 5.1533206349826545e-07 -7.4114030166327895e-07 3.3138675086201153e-07 1.9637108874366486e-07 -8.3532065190183854e-07 -1.5326407849903092e-07 6.8763657745949452e-07 4.8883191280424393e-07 4.7663783069982977e-07 -5.1104613566584828e-07 -1.8785843451496474e-07 -6.1419961858517713e-07 -3.0051445433697056e-07 -7.519109097777551e-08
leaf_weight=20 21 25 37 26 20 20 22 21 28 20 43 26 20 274 31 25 23 39 30 23 21 33
leaf_count=20 21 25 37 26 20 20 22 21 28 20 43 26 20 274 31 25 23 39 30 23 21 33
internal_value=2.5874e-15 1.36416e-07 3.57457e-07 7.18687e-07 -2.71281e-07 -2.42518e-08 -3.54175e-08 -9.10119e-09 1.78326e-07 6.79369e-08 -6.67627e-08 -6.5132e-08 -2.76556e-07 -7.31648e-09 3.1533e-07 -5.84189e-08 -1.04484e-07 -2.33431e-07 1.17998e-07 -1.40271e-07 1.83588e-08 -2.9657e-07
internal_weight=848 128 83 46 45 720 699 617 142 121 93 475 102 373 51 322 297 82 73 82 43 56
internal_count=848 128 83 46 45 720 699 617 142 121 93 475 102 373 51 322 297 82 73 82 43 56
is_linear=0
shrinkage=0.3


end of trees

feature_importances:
Column_4=404
Column_12=349
Column_7=337
Column_18=333
Column_14=317
Column_6=304
Column_13=275
Column_9=274
Column_27=271
Column_10=270
Column_17=270
Column_5=257
Column_16=250
Column_15=241
Column_22=238
Column_8=220
Column_21=195
Column_11=192
Column_0=178
Column_20=176
Column_26=171
Column_1=144
Column_19=143
Column_2=140
Column_3=131
Column_23=38
Column_28=32
Column_24=23
Column_29=14
Column_25=3

parameters:
[boosting: gbdt]
[objective: regression]
[metric: l2]
[tree_learner: serial]
[device_type: cpu]
[data_sample_strategy: bagging]
[data: ]
[valid: ]
[num_iterations: 300]
[learning_rate: 0.3]
[num_leaves: 31]
[num_threads: 8]
[seed: 42]
[deterministic: 0]
[force_col_wise: 0]
[force_row_wise: 0]
[histogram_pool_size: -1]
[max_depth: 8]
[min_data_in_leaf: 20]
[min_sum_hessian_in_leaf: 0.001]
[bagging_fraction: 1]
[pos_bagging_fraction: 1]
[neg_bagging_fraction: 1]
[bagging_freq: 0]
[bagging_seed: 400]
[bagging_by_query: 0]
[feature_fraction: 1]
[feature_fraction_bynode: 1]
[feature_fraction_seed: 30056]
[extra_trees: 0]
[extra_seed: 12879]
[early_stopping_round: 0]
[early_stopping_min_delta: 0]
[first_metric_only: 0]
[max_delta_step: 0]
[lambda_l1: 0]
[lambda_l2: 0]
[linear_lambda: 0]
[min_gain_to_split: 0]
[drop_rate: 0.1]
[max_drop: 50]
[skip_drop: 0.5]
[xgboost_dart_mode: 0]
[uniform_drop: 0]
[drop_seed: 17869]
[top_rate: 0.2]
[other_rate: 0.1]
[min_data_per_group: 100]
[max_cat_threshold: 32]
[cat_l2: 10]
[cat_smooth: 10]
[max_cat_to_onehot: 4]
[top_k: 20]
[monotone_constraints: ]
[monotone_constraints_method: basic]
[monotone_penalty: 0]
[feature_contri: ]
[forcedsplits_filename: ]
[refit_decay_rate: 0.9]
[cegb_tradeoff: 1]
[cegb_penalty_split: 0]
[cegb_penalty_feature_lazy: ]
[cegb_penalty_feature_coupled: ]
[path_smooth: 0]
[interaction_constraints: ]
[verbosity: 1]
[saved_feature_importance_type: 0]
[use_quantized_grad: 0]
[num_grad_quant_bins: 4]
[quant_train_renew_leaf: 0]
[stochastic_rounding: 1]
[linear_tree: 0]
[max_bin: 255]
[max_bin_by_feature: ]
[min_data_in_bin: 3]
[bin_construct_sample_cnt: 200000]
[data_random_seed: 175]
[is_enable_sparse: 1]
[enable_bundle: 1]
[use_missing: 1]
[zero_as_missing: 0]
[feature_pre_filter: 1]
[pre_partition: 0]
[two_round: 0]
[header: 0]
[label_column: ]
[weight_column: ]
[group_column: ]
[ignore_column: ]
[categorical_feature: ]
[forcedbins_filename: ]
[precise_float_parser: 0]
[parser_config_file: ]
[objective_seed: 16083]
[num_class: 1]
[is_unbalance: 0]
[scale_pos_weight: 1]
[sigmoid: 1]
[boost_from_average: 1]
[reg_sqrt: 0]
[alpha: 0.9]
[fair_c: 1]
[poisson_max_delta_step: 0.7]
[tweedie_variance_power: 1.5]
[lambdarank_truncation_level: 30]
[lambdarank_norm: 1]
[label_gain: ]
[lambdarank_position_bias_regularization: 0]
[eval_at: ]
[multi_error_top_k: 1]
[auc_mu_weights: ]
[num_machines: 1]
[local_listen_port: 12400]
[time_out: 120]
[machine_list_filename: ]
[machines: ]
[gpu_platform_id: -1]
[gpu_device_id: -1]
[gpu_use_dp: 0]
[num_gpu: 1]

end of parameters

pandas_categorical:null
