tree
version=v4
num_class=1
num_tree_per_iteration=1
label_index=0
max_feature_idx=29
objective=regression
feature_names=Column_0 Column_1 Column_2 Column_3 Column_4 Column_5 Column_6 Column_7 Column_8 Column_9 Column_10 Column_11 Column_12 Column_13 Column_14 Column_15 Column_16 Column_17 Column_18 Column_19 Column_20 Column_21 Column_22 Column_23 Column_24 Column_25 Column_26 Column_27 Column_28 Column_29
feature_infos=[3.7726626068188693:6.8888053989979552] [3.8298238144009096:6.9927518348840678] [3.7155008239481497:6.7281610300635393] [3.7687084674835205:6.822657585144043] [699200:57811000] [-0.085343179227923158:0.075711684656354611] [-0.085343179227923158:0.075711684656354611] [-0.085343179227923158:0.075711684656354611] [-0.27983887102235333:0.19814876065867851] [0.0059324526467290492:0.10651295053994085] [-3.4035644491307933:3.7018768569580072] [17.583735269632996:89.796102182478592] [-0.030417595654927139:0.021522026084507578] [0.012531367747042584:0.048031551626855719] [0.0041493734884286617:0.092000007629394531] [-0.083636370572176891:0.06835935790149919] [-1.1138300294661819e-16:0.035714251924804194] [0:0.065999984741210938] [-2.3382949985132173:2.2288863928504079] [-0.96462700000000001:0.94021600000000005] [0.0075079999999999999:0.95797900000000002] [0.012133:0.94605600000000001] [0.0080700000000000008:0.97320200000000001] [0:1] [0:1] [0:1] [0.0022399999999999998:0.96462700000000001] [0.41034900000000002:0.97320200000000001] [0:1] [0:4]
tree_sizes=2043 1503 1497 1423 2052 2230 1058 1879 1326 2322 2078 1886 1627 1324 1893 1337 1989 1422 1150 1901 1246 1986 1987 1989 2361 2276 2834 2277 1887 1434 2823 2349 1705 2361 2249 2465 1996 1625 3033 2266 1257 3016 1435 1809 2106 2104 2186 2197 1452 2372 1157 2465 2076 1813 2814 2574 1617 2191 1978 1716 1997 1734 1707 1918 3007 2662 2389 1345 2174 2756 2278 1626 1618 1628 1705 2476 2208 1897 1529 2102 2188 2827 1054 1986 1256 2541 2567 2170 2286 1921 1713 2275 1251 2357 2465 2354 1151 1901 2181 3017 2365 1729 2386 1733 1627 1708 1989 2642 1609 1997 2104 1807 2373 2548 2578 1719 2456 3016 1147 1529 1347 2390 2101 3003 2274 2841 1443 2763 2278 1914 2341 1618 2653 2765 2285 1345 1894 2276 2996 2566 2388 2181 1909 2553 1830 1891 2268 2274 2302 2276 1619 2661 2002 2015 2554 1711 2101 3009 2839 2466 2454 2102 2469 2280 2571 1630 1721 2551 2763 2938 3008 2014 1354 1716 1905 2191 2381 2100 2091 2074 2003 1347 1616 2939 2646 2457 2367 1899 1917 2839 2751 2550 2182 2744 1808 2542 2276 2084 1721 1817 2282 2280 2184 1987 2281 2181 2937 2461 1818 1256 2459 2646 1350 2725 1529 1443 1916 1636 2008 1988 2093 2644 1726 1816 1813 3011 2283 2110 2900 2944 2083 2457 2282 1631 2649 2642 3010 2374 2098 1721 2082 2655 3018 1433 2641 2453 2371 2653 2197 2002 2668 2937 2185 2272 2009 2368 2354 1347 2442 2368 2461 2089 2081 2737 1820 1346 1727 2299 2563 2812 2274 1162 2098 2374 2367 2849 2191 2451 2193 1639 1525 1718 2752 2462 2380 2817 2001 2373 1736 1812 1995 1630 1610 1344 1628 2946 1620 1628 1815 2466

Tree=0
num_leaves=21
num_cat=0
split_feature=11 12 13 1 8 16 14 13 4 27 4 15 21 2 15 9 10 10 6 14
split_gain=0.00707821 0.00680635 0.00390281 0.00316246 0.00396858 0.0025411 0.00253689 0.0020512 0.0031011 0.00203154 0.00196433 0.00192324 0.00163496 0.00156004 0.00133294 0.00199523 0.0020121 0.00128556 0.00117052 0.0007555
threshold=31.025410212701129 -0.010177219057090502 0.03075272678488988 4.5756112900662158 -0.089316399093653506 0.0063425172025239522 0.014418127079165925 0.025536753755609154 12186800.000000002 0.58809300000000009 3584650.0000000005 0.0021933608164932542 0.023717000000000005 5.6246511793725436 0.010672652176146933 0.037248899027908518 -0.16679884331424449 0.68477384697558108 -0.010275817955813284 0.024867449490382821
decision_type=2 2 2 2 2 2 2 2 2 2 2 2 2 2 2 2 2 2 2 2
left_child=2 -2 -1 4 -3 7 -7 8 9 -5 -9 19 -11 18 15 16 -8 -16 -12 -6
right_child=1 3 -4 5 11 6 14 10 -10 12 13 -13 -14 -15 17 -17 -18 -19 -20 -21
leaf_value=4.2446891907695486e-05 -0.0041869660434112653 -0.0021676083591555349 0.005215656779913873 0.0022714423955976547 2.2334655271312359e-05 0.0037830411999322461 0.0016320827905175373 0.00089452257621362382 0.0032453472302233209 -0.0032056231496663682 -0.0045240550413371454 0.0040203247131353169 -0.00047813176043008275 2.4353243709093435e-05 -0.002834672163696273 0.002691779324901718 -0.00087141059303651072 0.0003402264992256973 -0.0019965993718375394 0.0024961073296446341
leaf_weight=21 37 21 35 22 25 20 47 26 22 22 20 38 196 29 22 34 75 24 94 20
leaf_count=21 37 21 35 22 25 20 47 26 22 22 20 38 196 29 22 34 75 24 94 20
internal_value=1.59118e-05 -0.000213998 0.0032757 -1.98106e-05 0.00151666 -0.000264517 0.000560072 -0.000689248 -0.000163619 -0.000476108 -0.00150413 0.00244883 -0.000753383 -0.00194025 0.000240967 0.00065944 9.305e-05 -0.0011782 -0.00244001 0.00112179
internal_weight=850 794 56 757 104 653 222 431 262 240 169 83 218 143 202 156 122 46 114 45
internal_count=850 794 56 757 104 653 222 431 262 240 169 83 218 143 202 156 122 46 114 45
is_linear=0
shrinkage=1


Tree=1
num_leaves=15
num_cat=0
split_feature=13 12 0 3 7 6 2 9 9 17 15 11 16 26
split_gain=0.00352037 0.00407924 0.00266581 0.0024295 0.00295504 0.0028764 0.00239431 0.00217179 0.00191077 0.00235418 0.00227455 0.00180654 0.00162323 0.00140273
threshold=0.04376480810726615 -0.0094012958642486644 5.1445973463689461 4.4807219505310067 -0.0021505772891525737 -0.027755559951880952 4.1986501819125168 0.054186220810216172 0.037812828511775788 0.0063525380069606669 -0.020964709240249204 71.710609576482213 0.0072463933946654933 0.73742350000000012
decision_type=2 2 2 2 2 2 2 2 2 2 2 2 2 2
left_child=1 2 -1 4 -3 -5 -6 8 9 10 -7 12 -10 -11
right_child=-2 3 -4 5 6 7 -8 -9 11 13 -12 -13 -14 -15
leaf_value=-0.00087264456609585151 0.0033707295182264516 -0.00073271295736174506 -0.0053108952540891815 -0.0034932853564069691 0.0007003510566261996 -0.0027315265510696918 0.0049714555637466315 -0.0023084357357583941 0.0011477406211270135 -0.00019963813288169068 0.00056160996461390559 -0.00064040443631501354 0.0044017937309532001 -0.0018065936831342035
leaf_weight=29 27 29 21 22 21 20 27 35 37 110 336 26 22 88
leaf_count=29 27 29 21 22 21 20 27 35 37 110 336 26 22 88
internal_value=4.33347e-13 -0.000110583 -0.00273671 5.9283e-05 0.00165829 -0.000117618 0.00310285 -7.43312e-06 0.0001186 -8.46029e-05 0.000376602 0.001443 0.00236112 -0.000913841
internal_weight=850 823 50 773 77 696 48 674 639 554 356 85 59 198
internal_count=850 823 50 773 77 696 48 674 639 554 356 85 59 198
is_linear=0
shrinkage=0.3


Tree=2
num_leaves=15
num_cat=0
split_feature=11 8 2 3 3 22 0 16 27 9 4 15 27 13
split_gain=0.00301208 0.00335143 0.00271302 0.0019886 0.00172997 0.00236464 0.00172278 0.00220184 0.00237024 0.00174177 0.00149728 0.00216821 0.000542814 0.000362605
threshold=31.025410212701129 -0.11208506708219279 4.5764953509184112 4.418713092803956 5.8154120445251474 0.91943300000000006 5.6787830598311357 0.0019047670857783956 0.5414770000000001 0.045973489937581172 3499500.0000000005 -0.014911565506269741 0.86513450000000003 0.021792529378996197
decision_type=2 2 2 2 2 2 2 2 2 2 2 2 2 2
left_child=2 -2 -1 -3 6 12 7 10 -9 -10 13 -12 -6 -5
right_child=1 3 -4 4 5 -7 -8 8 9 -11 11 -13 -14 -15
leaf_value=0.0040704042871948327 -0.0029781750280259678 0.0020707164035859301 -0.0001165114589429532 -0.0003449190181804031 -0.0014444530277978628 -0.0043344745435751975 0.0023142421884196143 0.0026890155867228963 -0.00010741079127803779 0.0022987735840082489 0.00034047104127239437 -0.0024524263455111017 0.00076582458990742458 0.0014016801894467788
leaf_weight=30 36 39 26 23 20 20 28 33 408 29 36 82 20 20
leaf_count=30 36 39 26 23 20 20 28 33 408 29 36 82 20 20
internal_value=4.94337e-14 -0.000149978 0.00212648 -1.56577e-05 -0.000128827 -0.00167103 1.15866e-05 -9.05914e-05 0.000237401 5.22673e-05 -0.00104808 -0.00160036 -0.000339314 0.000467453
internal_weight=850 794 56 758 719 60 659 631 470 437 161 118 40 43
internal_count=850 794 56 758 719 60 659 631 470 437 161 118 40 43
is_linear=0
shrinkage=0.3


Tree=3
num_leaves=14
num_cat=0
split_feature=0 18 18 11 11 18 13 24 15 12 16 13 17
split_gain=0.00259373 0.00219777 0.00202038 0.00142598 0.00248084 0.00163718 0.00145498 0.00202102 0.00156387 0.00155573 0.00154003 0.00142415 0.000736628
threshold=4.0084341253843343 1.0581022284924495 0.806905848516143 74.813447226873677 69.610076290312421 0.17808299896074672 0.025536753755609154 0.58333350000000006 0.010672652176146933 -0.0094012958642486644 0.0036429958558437231 0.020925667624035162 0.0019801567029798873
decision_type=2 2 2 2 2 2 2 2 2 2 2 2 2
left_child=-1 2 3 4 6 -6 8 9 11 -8 -9 -2 -10
right_child=1 -3 -4 -5 5 -7 7 10 12 -11 -12 -13 -14
leaf_value=0.003375969890621491 -2.3846020063729153e-05 0.0021171675142026146 -0.0026045450061792509 -0.0021957049361455054 0.00058988908027198959 0.0041437151294667273 -0.0027389887524198763 -0.0008163735835946031 -0.00024114005347303555 -0.00063523111186085943 0.0025332865578820926 0.0013337787297842158 -0.0024819106243186345
leaf_weight=20 160 39 30 28 28 20 36 21 31 261 30 123 23
leaf_count=20 160 39 30 28 28 20 36 21 31 261 30 123 23
internal_value=1.18121e-11 -8.13487e-05 -0.000189746 -9.455e-05 -1.42876e-05 0.00207065 -0.000160385 -0.000590644 0.000283917 -0.000890232 0.00115401 0.000566217 -0.00119554
internal_weight=850 830 791 761 733 48 685 348 337 297 51 283 54
internal_count=850 830 791 761 733 48 685 348 337 297 51 283 54
is_linear=0
shrinkage=0.3


Tree=4
num_leaves=21
num_cat=0
split_feature=13 13 3 12 7 13 13 21 18 18 21 15 16 26 16 11 10 7 12 27
split_gain=0.00219137 0.00277585 0.00223118 0.00303155 0.00138123 0.00163685 0.0017154 0.00160854 0.00152162 0.00279143 0.00165407 0.00141958 0.00150694 0.00166971 0.00159171 0.00139855 0.00127964 0.00119744 0.00118971 0.000875046
threshold=0.04376480810726615 0.037627124076735047 4.4474563598632821 0.0043693844343685225 0.014984577379312117 0.025410149778918915 0.029380508334116789 0.039738000000000002 0.58513650761648284 0.70873309865118672 0.045958500000000006 -0.012237448465693301 0.006122394364758108 0.8888330000000001 0.011225443397602789 53.27095616205586 0.98255364821143876 -0.0017226430446019225 -0.0031736364748209608 0.89300950000000012
decision_type=2 2 2 2 2 2 2 2 2 2 2 2 2 2 2 2 2 2 2 2
left_child=1 2 3 -1 7 19 -7 11 10 -10 15 -4 13 -13 -14 -9 -12 -11 -3 -6
right_child=-2 18 4 -5 5 6 -8 8 9 17 16 12 14 -15 -16 -17 -18 -19 -20 -21
leaf_value=0.0042097046944456033 0.002659427145327855 -0.0040597777809515323 0.00089479950167095429 -0.00063655310825976941 -0.0012030753275030293 -0.0036248571846367516 -0.00061770432297826594 0.00029635479259013662 0.0044746463266412979 0.0018006612011231479 0.0002536552718055081 -0.00018741570985066175 0.00084998308611981582 -0.0033952917523674838 -0.002217889845917892 0.0036487145353541043 -0.0011228629644938336 -0.0012340345700398425 -0.00086642803424703222 0.0013950697358398299
leaf_weight=26 27 21 39 21 20 31 38 24 22 25 253 23 45 40 23 21 80 22 21 28
leaf_count=26 27 21 39 21 20 31 38 24 22 25 253 23 45 40 23 21 80 22 21 28
internal_value=4.4138e-12 -8.72473e-05 4.05196e-05 0.00204436 -8.77914e-05 -0.00103285 -0.00196874 9.14165e-05 0.000390137 0.00168565 0.000153654 -0.000694043 -0.00116706 -0.00222416 -0.00018768 0.00186079 -7.70398e-05 0.000380165 -0.0024631 0.000312509
internal_weight=850 823 781 47 734 117 69 617 447 69 378 170 131 63 68 45 333 47 42 48
internal_count=850 823 781 47 734 117 69 617 447 69 378 170 131 63 68 45 333 47 42 48
is_linear=0
shrinkage=0.3


Tree=5
num_leaves=23
num_cat=0
split_feature=11 6 0 17 14 9 18 27 27 27 23 4 17 18 4 13 22 0 16 1 10 12
split_gain=0.00162425 0.00122593 0.00155049 0.00140252 0.00219697 0.00164313 0.00192598 0.00141305 0.00133204 0.00286028 0.00206692 0.00202251 0.0016641 0.00162899 0.00210668 0.00157392 0.00176493 0.00144044 0.00100952 0.000813026 0.000726738 0.000473599
threshold=28.365983929337215 0.0062959892737265528 5.82485984499798 0.016621409403358739 0.041461054378836411 0.031205485729045867 0.40151005573372761 0.85937200000000014 0.58809300000000009 0.79297100000000009 0.41666650000000005 4600000.0000000009 0.0075023381146771574 0.47484010959019501 7204400.0000000009 0.020565743470488829 0.46177950000000006 4.7529806875376064 0.0035090385628495468 5.1493137090838941 0.99204647189656225 -0.0014285830535689097
decision_type=2 2 2 2 2 2 2 2 2 2 2 2 2 2 2 2 2 2 2 2 2 2
left_child=-1 2 8 4 5 6 19 -7 10 11 -2 -10 15 14 -14 21 -17 -13 -9 20 -3 -11
right_child=1 3 -4 -5 -6 7 -8 18 9 12 -12 17 13 -15 -16 16 -18 -19 -20 -21 -22 -23
leaf_value=0.0019719633647279503 -0.00033302111213185612 0.00054240107274381442 -0.002337199041027237 -0.0014215867174243613 0.0036235237760203222 -0.002022760191490257 0.0031284728778466098 0.0019965419175735277 -0.00015388698726989482 -0.0018794142196202302 0.0035217155286643119 -0.0044954465565187375 -0.0011931131213714253 -0.0025563130811025151 0.0018199714048082126 0.0018392791522738332 -0.00019384151287690307 -0.0013880461003573145 -0.00088040466134375688 0.0018343004796608712 -0.0014889121936310244 -0.0002005226266881495
leaf_weight=36 31 51 33 32 21 37 31 21 36 20 21 29 64 37 31 94 65 25 23 27 23 62
leaf_count=36 31 51 33 32 21 37 31 21 36 20 21 29 64 37 31 94 65 25 23 27 23 62
internal_value=1.34765e-11 -8.72121e-05 -0.000343715 0.000441223 0.000695967 0.000407334 0.00106005 -0.000656346 -0.000215978 -0.000377669 0.0012237 -0.00189566 -1.13991e-05 -0.000867604 -0.000209896 0.00045756 0.00100813 -0.00305684 0.000492683 0.000425184 -8.89531e-05 -0.000610008
internal_weight=850 814 548 266 234 213 132 81 515 463 52 90 373 132 95 241 159 54 44 101 74 82
internal_count=850 814 548 266 234 213 132 81 515 463 52 90 373 132 95 241 159 54 44 101 74 82
is_linear=0
shrinkage=0.3


Tree=6
num_leaves=10
num_cat=0
split_feature=0 3 3 14 14 12 12 18 18
split_gain=0.00143087 0.00129021 0.00143574 0.000808255 0.00250604 0.000843457 0.00173676 0.000791293 0.000878946
threshold=4.0084341253843343 4.2347178459167489 4.418713092803956 0.01020402304583133 0.0083160360158841609 -0.014472774455755684 -0.0095844934864508513 -1.1347832220671636 -0.52957601102982077
decision_type=2 2 2 2 2 2 2 2 2
left_child=-1 -2 -3 4 -4 -5 -7 -8 -9
right_child=1 2 3 5 -6 6 7 8 -10
leaf_value=0.0025074729986954481 -0.0021002278039102544 0.0025181281281402334 -0.00062305873415425595 0.0017382808096174684 0.0037122951296623794 -0.0025975467094842596 0.0016705083517866693 -0.0010188931763136482 -1.9826413132692335e-05
leaf_weight=20 27 20 30 21 20 26 22 92 572
leaf_count=20 27 20 30 21 20 26 22 92 572
internal_value=-2.16272e-12 -6.0421e-05 8.16524e-06 -5.59462e-05 0.00111108 -0.000135553 -0.00019082 -9.96031e-05 -0.000158251
internal_weight=850 830 803 783 50 733 712 686 664
internal_count=850 830 803 783 50 733 712 686 664
is_linear=0
shrinkage=0.3


Tree=7
num_leaves=19
num_cat=0
split_feature=11 8 6 0 19 13 14 16 27 27 4 10 9 16 17 12 18 17
split_gain=0.00084022 0.001273 0.00124143 0.00130954 0.00112757 0.000929626 0.00105045 0.000906367 0.000801125 0.00161209 0.00166157 0.00124454 0.00119316 0.00164659 0.000966831 0.00173116 0.00164833 0.000598326
threshold=28.365983929337215 -0.11208506708219279 0.013830625779820841 4.6121282470310829 -0.013458499999999998 0.022278804879853058 0.03200001716613772 0.0020367065565402229 0.5414770000000001 0.67891650000000003 4583200.0000000009 0.083013444174932075 0.040591650446728723 0.0023094789783017085 0.0063525380069606669 -0.0016056497386039254 0.48818751146279721 0.0072919689631933318
decision_type=2 2 2 2 2 2 2 2 2 2 2 2 2 2 2 2 2 2
left_child=-1 4 8 -4 -2 -5 7 -7 11 10 -10 -3 14 -14 16 -16 -11 -15
right_child=1 2 3 5 -6 6 -8 -9 9 12 -12 -13 13 17 15 -17 -18 -19
leaf_value=0.0014183040350568869 0.00021559358225204051 0.0028345745109982089 0.0026450616538380108 -0.0011128418135090863 -0.0026924591236456761 0.0031368335542668185 -0.00091151232284443842 0.00065684389216282089 0.00016425876729835693 -0.00031141667224088645 -0.0031786390647539518 -0.00043524188698608089 -0.0008472885714861779 0.0011479355888441205 -0.0020995956205297262 -0.00010696670630171535 0.0013863499313697162 0.0033200846407063569
leaf_weight=36 20 20 29 28 30 21 21 36 23 222 32 22 26 25 61 110 67 21
leaf_count=36 20 20 29 28 30 21 21 36 23 222 32 22 26 25 61 110 67 21
internal_value=-6.38048e-12 -6.2726e-05 3.32499e-05 0.000858706 -0.00152924 0.000369986 0.000902284 0.00157052 -0.000143915 -0.000234478 -0.0017807 0.00112181 -7.46242e-05 0.00106098 -0.000252371 -0.000817788 8.21832e-05 0.00213957
internal_weight=850 814 764 135 50 106 78 57 629 587 55 42 532 72 460 171 289 46
internal_count=850 814 764 135 50 106 78 57 629 587 55 42 532 72 460 171 289 46
is_linear=0
shrinkage=0.3


Tree=8
num_leaves=13
num_cat=0
split_feature=0 16 6 4 5 14 8 14 9 9 2 14
split_gain=0.000856072 0.00084453 0.00126516 0.00114186 0.00274847 0.00119288 0.00115706 0.00114634 0.00112745 0.00151401 0.00112556 0.000875003
threshold=4.0084341253843343 0.014418249313753431 -0.02847651901276875 13590350.000000002 -0.024534888989004095 0.038778357374117542 -0.020182440000820884 0.042920573335839318 0.024927208317606916 0.040721953388473155 5.7917995323599367 0.02447729035096979
decision_type=2 2 2 2 2 2 2 2 2 2 2 2
left_child=-1 2 -2 4 6 -5 -4 10 -3 -10 11 -6
right_child=1 8 3 5 7 -7 -8 -9 9 -11 -12 -13
leaf_value=0.0019395050418097525 -0.0019886804633642897 0.0026604649328004124 -0.0041900287644239141 9.3573906924575566e-05 -9.3115694476049942e-05 0.0030416157728593266 -0.00096302956226281813 -0.0022470989862267742 -0.0014282013868473261 0.0017792117170756681 -0.0019103304575546643 0.00070921170929131184
leaf_weight=20 32 23 20 30 412 21 20 20 27 26 25 174
leaf_count=20 32 23 20 30 412 21 20 20 27 26 25 174
internal_value=-1.53501e-12 -4.67351e-05 -0.00014281 -6.09987e-05 -0.000165011 0.00130747 -0.00257653 -1.21412e-05 0.000906431 0.000145247 6.10162e-05 0.000145118
internal_weight=850 830 754 722 671 51 40 631 76 53 611 586
internal_count=850 830 754 722 671 51 40 631 76 53 611 586
is_linear=0
shrinkage=0.3


Tree=9
num_leaves=24
num_cat=0
split_feature=13 10 27 4 17 26 7 12 18 4 2 6 4 4 11 4 10 20 3 5 16 5 4
split_gain=0.000736426 0.00118872 0.00143476 0.00174609 0.000948593 0.000857795 0.0015498 0.00152959 0.00107333 0.00118223 0.00108078 0.000858975 0.000917708 0.000789938 0.00169662 0.00219973 0.00134171 0.00184139 0.00136949 0.000884136 0.000744628 0.000522357 0.00039986
threshold=0.04376480810726615 -1.3910581803429667 0.82050250000000013 7987400.0000000009 0.004324325254554561 0.90299750000000012 -0.0039761699893744546 -0.00050779296243180447 -0.52957601102982077 3552250.0000000005 4.3883284153609452 0.0020450774053327064 5894450.0000000009 8271850.0000000009 58.823039932046804 11328700.000000002 -0.43086197108057944 0.17117250000000003 5.0836138725280771 0.0068888957484454314 0.0041407828659275952 -1.0000000180025095e-35 11893200.000000002
decision_type=2 2 2 2 2 2 2 2 2 2 2 2 2 2 2 2 2 2 2 2 2 2 2
left_child=1 2 -1 4 -4 8 7 -7 9 20 -10 12 -8 16 19 -16 17 -12 -18 -15 -3 -13 -5
right_child=-2 5 3 22 -6 6 11 -9 10 -11 13 21 -14 14 15 -17 18 -19 -20 -21 -22 -23 -24
leaf_value=-0.0026418241661303908 0.0015416809302728829 -0.00077019250883463887 -0.00039573987390516171 0.0020317584689889499 -0.0031216606241650877 -0.0037897703624496766 0.00071414079357055014 -0.00059945233638006204 0.0020800271116433364 -0.0019234178134446174 -5.0253672907274445e-05 0.0023401179074426181 -0.0020905110527694756 -0.00058201409651831325 -0.0014325913367569086 0.002111956291773822 -0.00011779808940110868 0.0034499162592128998 0.0014774862039708891 -0.003009031390750103 0.0014888499030348611 0.00022174134977500547 0.00018044309856902276
leaf_weight=32 27 29 27 21 20 21 21 38 34 39 24 20 21 35 26 40 190 31 65 22 24 22 21
leaf_count=32 27 29 27 21 20 21 21 38 34 39 24 20 21 35 26 40 190 31 65 22 24 22 21
internal_value=-1.48879e-12 -5.05776e-05 -0.000919011 -0.000299573 -0.00155571 9.91096e-05 -0.000556556 -0.00173499 0.000266838 -0.000669744 0.000451347 0.000271153 -0.000688185 0.00032346 -0.000319824 0.000715619 0.000578698 0.00192257 0.000288843 -0.00151876 0.00025277 0.00123049 0.0011061
internal_weight=850 823 121 89 47 702 143 59 559 92 467 84 42 433 123 66 310 55 255 57 53 42 42
internal_count=850 823 121 89 47 702 143 59 559 92 467 84 42 433 123 66 310 55 255 57 53 42 42
is_linear=0
shrinkage=0.3


Tree=10
num_leaves=21
num_cat=0
split_feature=8 28 5 15 26 9 14 15 15 15 9 3 16 6 16 16 15 17 6 7
split_gain=0.00063906 0.000688174 0.000973564 0.00133215 0.000950255 0.00173798 0.00111912 0.00114886 0.00171113 0.00146221 0.000829117 0.00160425 0.00139619 0.00096523 0.00091987 0.000692569 0.000636978 0.000553472 0.000454576 0.000156823
threshold=0.14178345497532172 1.0000000180025095e-35 0.023796518503752521 0.018537591973377652 0.9174500000000001 0.018901701298479963 0.040523852837205415 -0.013384527021778782 -0.010676307282379805 -0.017023943110178155 0.02497735347828579 4.8939313888549814 0.0041407828659275952 -0.012520613721818416 0.0018314564056434023 0.011883706809530428 -0.0020222448089726613 0.0042964563099266986 -1.0000000180025095e-35 -0.0021505772891525737
decision_type=2 2 2 2 2 2 2 2 2 2 2 2 2 2 2 2 2 2 2 2
left_child=1 2 3 4 6 -6 7 9 -9 -1 11 12 17 15 -15 -12 -16 -3 -14 -18
right_child=-2 10 -4 -5 5 -7 -8 8 -10 -11 13 -13 18 14 16 -17 19 -19 -20 -21
leaf_value=-0.00015334604158852015 -0.0014643994070446262 -0.0017963666921866166 -0.0020674445433542131 0.002267528649619115 0.00036132005957102486 -0.0026098864854665824 -0.0019045587127598431 -0.002757477319901227 0.00010282491763007329 0.0031582309755322055 -0.0019978513231176144 0.0027943470943930814 0.00069030967107127337 0.0016917478105775393 -0.0010553905862707325 0.00026649085397366433 5.0904840199192141e-05 0.00020629756872949656 0.0026664728202740657 0.0011597927834372968
leaf_weight=24 26 23 23 21 34 37 26 20 320 24 31 33 22 37 36 20 22 27 20 24
leaf_count=24 26 23 23 21 34 37 26 20 320 24 31 33 22 37 36 20 22 27 20 24
internal_value=5.53658e-12 4.62068e-05 -0.000158527 -7.17583e-05 -0.000173047 -0.00118706 8.52993e-07 0.000128535 -6.54282e-05 0.00150244 0.00041334 0.000999867 0.000356194 -1.79296e-05 0.000450047 -0.00110987 -0.000110233 -0.000714928 0.00163134 0.000629455
internal_weight=850 824 529 506 485 71 414 388 340 48 295 125 92 170 119 51 82 50 42 46
internal_count=850 824 529 506 485 71 414 388 340 48 295 125 92 170 119 51 82 50 42 46
is_linear=0
shrinkage=0.3


Tree=11
num_leaves=19
num_cat=0
split_feature=11 8 13 16 10 6 10 19 27 18 13 12 3 10 20 13 21 11
split_gain=0.000695118 0.00134575 0.00124934 0.000492991 0.000719621 0.00180987 0.000687478 0.00104577 0.000929167 0.0012128 0.000898108 0.000816598 0.000712955 0.000750656 0.00105757 0.000896514 0.00060691 0.000366364
threshold=31.025410212701129 -0.1262366191117896 0.03075272678488988 0.015999984741210903 -1.7383758047692088 -0.006127166461552422 -0.10870383646376566 -0.35669949999999995 0.86694500000000019 -0.15439708140252689 0.032811558884601195 -0.00072188771258571011 4.5199849605560312 0.23276589681402601 0.16978400000000002 0.016028856943005845 0.086236500000000008 45.666209327299754
decision_type=2 2 2 2 2 2 2 2 2 2 2 2 2 2 2 2 2 2
left_child=2 -2 -1 4 5 -3 7 10 9 -9 11 -6 -8 14 -14 -15 -5 -10
right_child=1 3 -4 16 6 -7 12 8 17 -11 -12 -13 13 15 -16 -17 -18 -19
leaf_value=-0.00080778166177749092 -0.0021947386575797839 0.00060460231059392827 0.0021191400758522961 0.0021951978575089014 -0.00076645979914412071 -0.0032474956974121076 0.0011971928942535494 0.0002329162784319903 0.00067443546502928312 0.0025551234728482084 -0.0021891878827591427 0.0016266112968358877 -5.7799854364834325e-05 -0.0013464167063711617 -0.0023268759942538962 7.3448452365648174e-05 -8.8200757371933753e-05 -0.0007557045242720051
leaf_weight=21 26 23 35 20 33 21 31 35 38 48 20 21 38 46 36 308 22 28
leaf_count=21 26 23 35 20 33 21 31 35 38 48 20 21 38 46 36 308 22 28
internal_value=-6.37085e-12 -7.20485e-05 0.00102154 -1.86573e-07 -5.79984e-05 -0.0012339 1.78662e-05 0.000449994 0.000907831 0.00157588 -0.000471866 0.000164179 -0.000192078 -0.000292703 -0.00116167 -0.000111054 0.000999132 6.77094e-05
internal_weight=850 794 56 768 726 44 682 223 149 83 74 54 459 428 74 354 42 66
internal_count=850 794 56 768 726 44 682 223 149 83 74 54 459 428 74 354 42 66
is_linear=0
shrinkage=0.3


Tree=12
num_leaves=16
num_cat=0
split_feature=10 7 5 13 1 12 7 2 19 9 12 19 8 6 0
split_gain=0.000545282 0.000646176 0.00115577 0.000938042 0.000607763 0.000906018 0.000740873 0.000651243 0.000516849 0.00046753 0.000539334 0.000945336 0.000934348 0.0009624 0.000791434
threshold=-2.3538454498653669 -0.027755559951880952 -1.0000000180025095e-35 0.037627124076735047 4.585400457265739 -0.0031150797550919119 0.0064447382360334838 4.3749546073433523 0.064751000000000017 0.0090469460063453827 -0.00057084749516286652 -0.91596999999999984 -0.043691855204481218 -0.018315804159720957 4.8741480548278018
decision_type=2 2 2 2 2 2 2 2 2 2 2 2 2 2 2
left_child=-1 2 -2 4 5 -3 7 -7 -5 -6 11 -11 -12 -14 -13
right_child=1 3 -4 8 9 6 -8 -9 -10 10 12 14 13 -15 -16
leaf_value=0.0014096346792939584 0.0027701236407301623 0.0023007287609684481 -0.00019431051854365344 -0.00051436705252854147 0.00086539132260860722 -0.0017603245214559138 0.0014764470921363683 0.00033136045330556463 -0.0025793141013127751 -0.0024531180361836132 0.0016749814813790309 -0.0010821516043641303 0.0016668695099651815 -0.00026517642884870779 0.00016085435414662862
leaf_weight=24 20 23 29 24 39 21 27 37 20 22 28 81 25 323 107
leaf_count=24 20 23 29 24 39 21 27 37 20 22 28 81 25 323 107
internal_value=-3.48219e-12 -4.09579e-05 0.00101566 -0.000107592 -2.68317e-05 0.000630318 0.000178325 -0.000425974 -0.00145298 -0.000140387 -0.000207325 -0.000592436 7.76392e-06 -0.00012638 -0.000374696
internal_weight=850 826 49 777 733 108 85 58 44 625 586 210 376 348 188
internal_count=850 826 49 777 733 108 85 58 44 625 586 210 376 348 188
is_linear=0
shrinkage=0.3


Tree=13
num_leaves=13
num_cat=0
split_feature=13 13 7 17 18 2 11 11 7 11 18 14
split_gain=0.000590816 0.00054403 0.000630056 0.000868049 0.00118741 0.000927657 0.000524348 0.00125802 0.000629026 0.000892567 0.00075297 0.000398083
threshold=0.043582711883270328 0.039831749333289625 0.014984577379312117 0.0050104544996179669 0.12973407000989756 4.8074005137802773 73.518902143743318 69.610076290312421 0.01035388128145674 66.658970821108127 0.18320173143264298 0.010214505503169954
decision_type=2 2 2 2 2 2 2 2 2 2 2 2
left_child=1 2 6 4 -4 -5 7 8 9 11 -10 -1
right_child=-2 -3 3 5 -6 -7 -8 -9 10 -11 -12 -13
leaf_value=0.00091651420516427609 0.0013076274978811851 -0.0014551078824297291 -0.0009300330786679885 -0.0001014935996499844 0.0017935361414565705 -0.002333096613246629 -0.0011598924544939239 0.0019151854401986512 5.9608777842691376e-05 -0.0016750153672806585 0.002454794172600876 -1.6244039588011369e-05
leaf_weight=45 30 24 34 30 25 38 28 35 27 28 21 485
leaf_count=45 30 24 34 30 25 38 28 35 27 28 21 485
internal_value=1.62682e-12 -4.784e-05 -5.40984e-06 -0.000617994 0.000224022 -0.00134857 0.00011088 0.00016639 6.53869e-05 -2.42574e-05 0.0011075 6.29524e-05
internal_weight=850 820 796 127 59 68 669 641 606 558 48 530
internal_count=850 820 796 127 59 68 669 641 606 558 48 530
is_linear=0
shrinkage=0.3


Tree=14
num_leaves=19
num_cat=0
split_feature=22 26 7 12 4 3 17 11 4 20 7 20 7 15 6 12 14 18
split_gain=0.00048071 0.000718797 0.000471921 0.0008584 0.000736944 0.00119755 0.000966927 0.000896489 0.00089299 0.00142625 0.00105845 0.000787502 0.000613377 0.00169734 0.000843244 0.000751739 0.000383661 0.000324263
threshold=0.96145800000000003 0.93953350000000013 0.012796743152923009 0.010095917662578556 5424150.0000000009 4.4738259315490732 0.010010034613219367 28.689965869945798 7681050.0000000009 0.14577900000000002 -0.0056445174150736334 0.50233150000000004 0.025372645103517451 -0.0097019985233641089 0.0019902438648898443 0.0065745546447876927 0.024342669224542122 -0.07187433174785153
decision_type=2 2 2 2 2 2 2 2 2 2 2 2 2 2 2 2 2 2
left_child=1 2 3 4 5 -1 11 -6 10 -10 -9 -7 13 -4 -14 17 -8 -15
right_child=-2 -3 12 -5 7 6 16 8 9 -11 -12 -13 14 15 -16 -17 -18 -19
leaf_value=-0.0020965260960600484 0.0010727891785791144 -0.0014410529418455553 -0.0033754855240113097 -0.0017632998634196284 0.0024507465271744878 -0.00011063012065272693 -0.0021949918657940414 -8.5124997713137415e-05 0.00097866920631762438 -0.00081734690074324815 0.0016622191953222052 0.0010747941429144702 0.0014785896151546954 -9.0325319407773871e-05 -0.00097295699081808803 0.0013083485899551305 -0.00038156263451258251 -0.0015098543316707945
leaf_weight=26 36 32 20 21 20 154 21 52 67 98 78 75 28 28 23 20 21 30
leaf_count=26 36 32 20 21 20 154 21 52 67 98 78 75 28 28 23 20 21 30
internal_value=8.94221e-12 -4.74452e-05 9.58221e-06 0.000122651 0.000187365 -0.000151666 3.49257e-05 0.000507023 0.000375246 -8.80555e-05 0.000963282 0.000277609 -0.000470772 -0.000909872 0.00037299 -0.000277664 -0.00128828 -0.000824564
internal_weight=850 814 782 633 612 297 271 315 295 165 130 229 149 98 51 78 42 58
internal_count=850 814 782 633 612 297 271 315 295 165 130 229 149 98 51 78 42 58
is_linear=0
shrinkage=0.3


Tree=15
num_leaves=13
num_cat=0
split_feature=15 10 10 2 3 15 23 13 2 15 5 6
split_gain=0.000472648 0.000503893 0.00044012 0.000560378 0.000345197 0.00064208 0.000551543 0.000716301 0.000548155 0.000597497 0.000455062 0.000378671
threshold=-0.037992780902136085 -2.293401340551227 -1.7383758047692088 4.5807983305763358 4.5093533992767343 -0.022369996688802858 0.58333350000000006 0.030786433459319935 4.504141211607652 0.02848158818892187 -0.0032521175210568011 -1.0000000180025095e-35
decision_type=2 2 2 2 2 2 2 2 2 2 2 2
left_child=-1 -2 3 -3 6 -6 7 -4 11 10 -10 -7
right_child=1 2 4 -5 5 8 -8 -9 9 -11 -12 -13
leaf_value=0.0013123968955824237 0.0014493536436930299 2.4275746545754371e-05 0.0011947477167122997 -0.002169843259616755 -0.0017728471996088047 -0.002030210647790227 0.0014806527183870511 -0.00090777475136227229 0.00034394021630638214 0.0015277685040770018 -0.00021879133929950955 -0.00027885781216900791
leaf_weight=24 20 22 25 20 20 20 34 35 194 23 388 25
leaf_count=24 20 22 25 20 20 20 34 35 194 23 388 25
internal_value=5.0607e-12 -3.81326e-05 -7.50429e-05 -0.00102054 -2.30652e-05 -9.85979e-05 0.000515306 -3.17237e-05 -4.70825e-05 2.8053e-05 -3.12142e-05 -0.00105724
internal_weight=850 826 806 42 764 670 94 60 650 605 582 45
internal_count=850 826 806 42 764 670 94 60 650 605 582 45
is_linear=0
shrinkage=0.3


Tree=16
num_leaves=20
num_cat=0
split_feature=15 15 15 15 5 0 26 4 16 18 13 6 16 6 15 15 11 6 1
split_gain=0.00030812 0.00119766 0.000992702 0.000764534 0.000607448 0.00157244 0.00152715 0.000474153 0.00041638 0.000917439 0.000601503 0.000728395 0.000665524 0.000653854 0.000529232 0.000515889 0.000695269 0.000464129 0.000485565
threshold=-0.013552836976221921 -0.010752626424140809 -0.017402132935011239 -0.0087719635803479041 -0.025409028368138117 4.9333212520714129 0.64200800000000013 7019850.0000000009 0.0014942937593331684 0.42932321430272086 0.031628189143915596 -0.014087245136322672 0.0020222448089726309 -0.01955121479994355 -0.004110997330242957 0.010050495419376094 59.945365671286687 -0.0016260862389742899 4.7171542438175136
decision_type=2 2 2 2 2 2 2 2 2 2 2 2 2 2 2 2 2 2 2
left_child=2 -2 4 -3 6 -6 -1 -4 9 15 12 -12 -10 -14 -15 -5 -17 -13 -19
right_child=1 3 7 8 5 -7 -8 -9 10 -11 11 17 13 14 -16 16 -18 18 -20
leaf_value=0.0024108678785800608 -0.0017694359480325752 0.0013323939273627852 0.00057268053042207616 -0.00089784865413093944 0.00059043849536325203 -0.0029477890000271147 -0.00073599400950895082 0.0024584558370406738 0.0017799235327402129 -0.0021603627240088267 -0.0017809357414080296 0.0010496419209116341 0.0014384317101024452 -0.00095944195762664693 0.00014289424990286199 0.0017811994766816497 -0.00066277038742555304 0.00067153944110032171 -0.001138864899685359
leaf_weight=23 36 37 24 39 26 20 35 24 23 26 32 23 31 45 304 22 20 20 40
leaf_count=23 36 37 24 39 26 20 35 24 23 26 32 23 31 45 304 22 20 20 40
internal_value=-4.78929e-13 -8.42881e-05 0.00038706 7.3514e-06 -0.00013379 -0.000947921 0.000511899 0.00151557 -7.10911e-05 -0.000609856 4.01981e-05 -0.000564974 0.00021289 0.000118043 7.59209e-07 -0.000112162 0.000617404 -9.61692e-05 -0.000535397
internal_weight=850 698 152 662 104 46 58 48 625 107 518 115 403 380 349 81 42 83 60
internal_count=850 698 152 662 104 46 58 48 625 107 518 115 403 380 349 81 42 83 60
is_linear=0
shrinkage=0.3


Tree=17
num_leaves=14
num_cat=0
split_feature=13 8 17 6 20 0 1 3 1 22 6 9 11
split_gain=0.000351033 0.000502305 0.000750232 0.000362392 0.000612413 0.000878804 0.000450521 0.000420201 0.000697988 0.000620804 0.000573944 0.000640351 0.000430285
threshold=0.043582711883270328 -0.10805434425566278 0.0078510156419715604 0.013830625779820841 0.18431750000000002 4.786800448288921 4.883318694153691 5.8634080886840829 5.6944396197235028 0.95960000000000012 0.010214333985498135 0.037248899027908518 55.842036905657075
decision_type=2 2 2 2 2 2 2 2 2 2 2 2 2
left_child=1 2 -1 7 6 -6 -5 8 9 10 11 -3 -12
right_child=-2 3 -4 4 5 -7 -8 -9 -10 -11 12 -13 -14
leaf_value=0.00021576644778380997 0.0010079336259514093 -0.00017209360564840223 -0.0020005892544369477 -0.0011599493433515399 0.0022447217741500933 0.00011094216430424956 0.00047889184764547584 0.0010089152699126111 -0.00140454119828064 0.0013896542956130218 -0.0021385831646122304 0.00074952246421297012 -0.00019426879603997804
leaf_weight=27 30 418 28 26 32 38 36 31 36 26 21 81 20
leaf_count=27 30 418 28 26 32 38 36 31 36 26 21 81 20
internal_value=-1.96868e-12 -3.68756e-05 -0.00091256 2.60821e-05 0.000478245 0.00108638 -0.000208364 -6.82078e-05 -0.000123674 -4.22057e-05 -0.000111147 -2.24926e-05 -0.00119014
internal_weight=850 820 55 765 132 70 62 633 602 566 540 499 41
internal_count=850 820 55 765 132 70 62 633 602 566 540 499 41
is_linear=0
shrinkage=0.3


Tree=18
num_leaves=11
num_cat=0
split_feature=4 0 3 16 19 5 11 11 21 15
split_gain=0.000291948 0.000295235 0.000331211 0.000348766 0.000599943 0.00043614 0.000477306 0.000792265 0.000471435 0.000206859
threshold=1429650.0000000002 4.0084341253843343 4.2347178459167489 0.016823860197538152 -0.27795599999999993 0.031926564077513452 71.710609576482213 69.610076290312421 0.022628000000000002 0.001860464910732687
decision_type=2 2 2 2 2 2 2 2 2 2
left_child=-1 -2 -3 5 -5 6 7 8 -4 -8
right_child=1 2 3 4 -6 -7 9 -9 -10 -11
leaf_value=0.0010314513863704633 0.00110862039757194 -0.0010912045285092771 0.00083399876740207588 -0.00040323323919437825 0.0017718473842833191 -0.0012560273362194291 -0.0003349854257976403 0.0018084204866847193 -0.00010045435476139611 -0.001594020184331938
leaf_weight=24 20 27 53 21 25 27 24 22 584 23
leaf_count=24 20 27 53 21 25 27 24 22 584 23
internal_value=-5.64636e-12 -2.99695e-05 -5.82224e-05 -2.24194e-05 0.000778876 -7.27053e-05 -2.74508e-05 3.84246e-05 -2.27055e-05 -0.000951109
internal_weight=850 826 806 779 46 733 706 659 637 47
internal_count=850 826 806 779 46 733 706 659 637 47
is_linear=0
shrinkage=0.3


Tree=19
num_leaves=19
num_cat=0
split_feature=26 26 21 22 23 13 21 14 12 21 10 10 7 8 13 10 10 14
split_gain=0.00024712 0.000303206 0.000319867 0.000282405 0.000855862 0.000663438 0.000781107 0.000663424 0.000617338 0.00094208 0.000790978 0.000806113 0.000728531 0.000609342 0.000569952 0.000491239 0.000858302 0.000460922
threshold=0.031230000000000004 0.04023150000000001 0.88208350000000013 0.18022550000000001 1.0000000180025095e-35 0.028237467953608587 0.088771500000000017 0.048288173192033802 0.0011708854504810854 0.4890520000000001 -1.2667407315316783 -0.31526683244302051 -0.016420117099044351 0.052091853304529478 0.027268061702243548 1.8128335046858612 1.5213105320214666 0.03125001616118548
decision_type=2 2 2 2 2 2 2 2 2 2 2 2 2 2 2 2 2 2
left_child=-1 -2 3 7 15 6 -6 8 10 13 12 -12 -3 -10 -11 16 17 -5
right_child=1 2 -4 4 5 -7 -8 -9 9 14 11 -13 -14 -15 -16 -17 -18 -19
leaf_value=0.00075824591604523939 -0.0011881380225531757 -0.0021908373031328662 0.0011791119718691332 -0.0003662620614437294 -0.0010764380883691565 0.0020662944829382469 0.0013260042893997359 -0.0018691179745863856 -0.00073182142911140213 -0.00071816156392742411 0.0015557659542791953 5.6346906529762524e-05 2.6726060987130041e-05 0.00085577420541085305 -0.0029830171371577311 -0.0013604662958532571 0.0017453583881433586 0.0004652327593665926
leaf_weight=37 20 20 20 204 21 32 29 21 55 20 50 91 40 36 20 25 24 85
leaf_count=37 20 20 20 204 21 32 29 21 55 20 50 91 40 36 20 25 24 85
internal_value=-2.715e-12 -3.45081e-05 -5.41279e-06 -3.60603e-05 0.000130178 0.000999638 0.000316978 -0.00023385 -0.000130415 -0.000637144 0.000199842 0.000588056 -0.000712462 -0.000103762 -0.00185059 -8.07566e-05 2.14566e-05 -0.000121705
internal_weight=850 813 793 773 420 82 50 353 332 131 201 141 60 91 40 338 313 289
internal_count=850 813 793 773 420 82 50 353 332 131 201 141 60 91 40 338 313 289
is_linear=0
shrinkage=0.3


Tree=20
num_leaves=12
num_cat=0
split_feature=7 22 14 10 6 13 6 3 8 0 5
split_gain=0.000258375 0.000356964 0.000350558 0.000529806 0.000326166 0.000675502 0.000463361 0.000355277 0.0007496 0.000737854 0.000416498
threshold=-0.027755559951880952 0.05670250000000001 0.058574566725283883 -2.2118431051368534 -0.022156480112352554 0.029088684884554624 -0.018595388224246803 5.820472478866578 0.077006005964352323 5.6787830598311357 -0.0098202135047094595
decision_type=2 2 2 2 2 2 2 2 2 2 2
left_child=1 -1 3 -2 5 -5 -6 9 -9 10 -8
right_child=2 -3 -4 4 6 -7 7 8 -10 -11 -12
leaf_value=-0.00016890997742302716 0.0014818558136799505 0.0014042873201105975 -0.0010849380911427682 0.00023029254513663285 0.0014312285103005708 -0.0019386681255127768 -0.00051057586038950821 -0.0021037352103369564 0.0003206295587006025 0.0015027924264171 8.7698902842593763e-05
leaf_weight=25 21 27 28 28 20 24 135 22 24 29 467
leaf_count=25 21 27 28 28 20 24 135 22 24 29 467
internal_value=2.14427e-12 0.000647942 -4.22218e-05 -4.30486e-06 -4.59729e-05 -0.000770766 8.10062e-06 -3.39416e-05 -0.000838849 2.47363e-05 -4.64657e-05
internal_weight=850 52 798 770 749 52 697 677 46 631 602
internal_count=850 52 798 770 749 52 697 677 46 631 602
is_linear=0
shrinkage=0.3


Tree=21
num_leaves=20
num_cat=0
split_feature=6 14 11 5 2 21 10 7 7 6 6 22 17 12 15 9 27 12 4
split_gain=0.000225335 0.000569874 0.000628156 0.000521509 0.000720262 0.000703215 0.000425024 0.00058043 0.000479355 0.000379704 0.000320256 0.000456321 0.000686619 0.000514085 0.000388546 0.000677047 0.000490334 0.000278004 0.000265061
threshold=0.0062959892737265528 0.040523852837205415 36.257814074180878 -0.0019231337727346205 4.5186536607923076 0.33206100000000005 0.44973204789686555 0.0020450774053327064 0.01030938706380523 0.0058367517342586975 0.0040899567986331983 0.016674500000000005 0.0037348269453300457 0.0083227923845818202 -0.02012591968589875 0.060513232735070623 0.54973650000000018 0.0026790239262137363 4933700.0000000009
decision_type=2 2 2 2 2 2 2 2 2 2 2 2 2 2 2 2 2 2 2
left_child=9 2 -2 5 -5 17 -6 -8 -9 10 11 12 -1 14 -13 16 -16 18 -4
right_child=1 -3 3 4 6 -7 7 8 -10 -11 -12 13 -14 -15 15 -17 -18 -19 -20
leaf_value=0.00037849342027129751 -0.001471193604613125 0.0013366818351187248 0.00048368191171903156 0.0013866020782318498 -0.0016776397825552798 0.0020300573231199653 0.00071299641276709733 -0.0019645394391513294 8.7648263361188568e-05 -0.0013584767651212003 0.00089442649259581226 -0.00084490838277046204 -0.00167114639449497 -0.0014265868238660252 0.001232083468970939 0.0016587736266665161 -5.1728786316603209e-05 0.00093137137712268471 -0.0010608411650173365
leaf_weight=24 22 36 20 21 23 27 34 21 20 21 30 39 38 22 29 25 349 29 20
leaf_count=24 22 36 20 21 23 27 34 21 20 21 30 39 38 22 29 25 349 29 20
internal_value=3.14835e-12 0.00022456 5.563e-05 0.000211863 -0.000207795 0.000732064 -0.000549451 -0.000203473 -0.000963472 -0.000106248 -5.89512e-05 -0.000113326 -0.000877737 -1.11852e-05 5.92647e-05 0.000146765 4.67647e-05 0.000224153 -0.00028858
internal_weight=850 273 237 215 119 96 98 75 41 577 556 526 62 464 442 403 378 69 40
internal_count=850 273 237 215 119 96 98 75 41 577 556 526 62 464 442 403 378 69 40
is_linear=0
shrinkage=0.3


Tree=22
num_leaves=20
num_cat=0
split_feature=18 12 15 5 10 7 10 8 17 22 11 9 9 6 18 0 14 2 0
split_gain=0.000246149 0.000950354 0.0012383 0.000682537 0.000392779 0.000375638 0.000289895 0.000313459 0.00063702 0.000491893 0.000454392 0.000680243 0.000688309 0.000430177 0.000650121 0.00153768 0.000600562 0.000457227 0.000426463
threshold=0.61516067904003524 0.00095953718544498966 0.0041152222998091072 0.01339755173283967 2.1402981544655062 -0.0019231337727346205 -2.2118431051368534 0.028521122690157157 0.0018887537427938548 0.010974000000000003 58.493344241331435 0.019297116635318197 0.028949194615062655 0.011591144334108945 -0.11130414253280037 5.1186987102202863 0.017021311781104536 4.9014538409953117 4.7044598343083956
decision_type=2 2 2 2 2 2 2 2 2 2 2 2 2 2 2 2 2 2 2
left_child=4 2 5 -3 6 -2 -1 9 -9 -8 -10 -12 -13 14 17 -16 -15 -11 -18
right_child=1 3 -4 -5 -6 -7 7 8 10 13 11 12 -14 16 15 -17 18 -19 -20
leaf_value=0.001024293869673072 -0.00039903103647504948 0.00050862527770312641 -0.0023693052846647331 0.002630002446572429 -0.0011690194103201584 0.0013155462767589713 0.0012530744934701942 -0.00095902512497131657 0.0015670873399358243 -0.00026086791890107136 -0.001379281136737518 0.0019172462975839152 0.00017767053882903583 0.0017739293777412968 -0.00043623315001423173 -0.0028580403072867608 -0.00096214947808566007 0.00092008607086762294 0.00058370437376045932
leaf_weight=23 23 39 20 21 28 23 20 34 28 132 20 25 113 20 150 28 29 38 36
leaf_count=23 23 39 20 21 28 23 20 34 28 132 20 25 113 20 150 28 29 38 36
internal_value=-1.50131e-12 0.000386986 -0.00039858 0.00125111 -6.73483e-05 0.000458258 -2.30282e-05 -5.88208e-05 0.000234972 -0.000201502 0.00045323 0.000255837 0.000492811 -0.000268688 -0.00041647 -0.000817192 0.000336348 3.11003e-06 -0.000105984
internal_weight=850 126 66 60 724 46 696 673 220 453 186 158 138 433 348 178 85 170 65
internal_count=850 126 66 60 724 46 696 673 220 453 186 158 138 433 348 178 85 170 65
is_linear=0
shrinkage=0.3


Tree=23
num_leaves=20
num_cat=0
split_feature=15 14 19 12 20 12 21 26 8 0 8 10 4 19 21 1 4 17 12
split_gain=0.000211348 0.000316999 0.000285784 0.000719575 0.000510185 0.000466912 0.00041051 0.000685609 0.000799641 0.000732483 0.000546765 0.000682457 0.000552164 0.000490839 0.000522909 0.000396643 0.000391238 0.000353998 0.000261137
threshold=-0.037992780902136085 0.053714356716861429 -0.91774949999999988 -0.00057084749516286652 0.021060000000000006 0.0037741114328290965 0.046318500000000006 0.88418850000000015 0.014644596617262329 5.2577298361688944 0.011993983249358535 0.43292442576376039 2856300.0000000005 0.098776500000000003 0.22693300000000002 5.353162118789343 7731500.0000000009 0.0041152222998090855 -0.0020241261929484539
decision_type=2 2 2 2 2 2 2 2 2 2 2 2 2 2 2 2 2 2 2
left_child=-1 2 3 -2 -4 -5 7 8 18 16 11 12 -8 15 -15 -12 -9 -13 -6
right_child=1 -3 4 5 6 -7 10 9 -10 -11 13 17 -14 14 -16 -17 -18 -19 -20
leaf_value=0.00087759674788685511 -0.0015598635767985667 -0.0011490088304113172 0.0014898971240406601 0.00093950025658423608 0.00092121714515087656 -0.00089260333460125757 -0.0010821268187531754 -0.00011351019265535085 0.0021396832708601974 0.0014301525814833281 -0.00047619262857122606 0.00043107084597327882 0.00016739358023660684 -0.00025496135847386664 -0.0017026402482247733 0.00060876790882068003 -0.0015663804593796984 0.002194625329429982 -0.00050970934085357422
leaf_weight=24 35 22 22 31 24 21 38 69 35 23 89 21 196 43 47 46 22 20 22
leaf_count=24 35 22 22 31 24 21 38 69 35 23 89 21 196 43 47 46 22 20 22
internal_value=3.97556e-13 -2.54992e-05 5.24362e-06 -0.000508223 6.75471e-05 0.000199612 2.25231e-05 0.00039172 0.00105907 -8.24479e-05 -0.000121464 0.000162303 -3.552e-05 -0.00046829 -0.00101097 -0.000106502 -0.000464754 0.00129134 0.000236861
internal_weight=850 826 804 87 717 52 695 195 81 114 500 275 234 225 90 135 91 41 46
internal_count=850 826 804 87 717 52 695 195 81 114 500 275 234 225 90 135 91 41 46
is_linear=0
shrinkage=0.3


Tree=24
num_leaves=24
num_cat=0
split_feature=8 28 22 8 7 6 8 6 8 10 9 12 3 12 17 27 27 5 22 15 11 13 22
split_gain=0.000177778 0.00030492 0.000370545 0.000287021 0.000438841 0.000384625 0.000721563 0.000538768 0.000485279 0.000649353 0.000472254 0.00084414 0.00061985 0.000389485 0.000320933 0.000283365 0.000683905 0.000588479 0.000498271 0.000516869 0.000299427 0.00019586 0.000278117
threshold=0.14178345497532172 1.0000000180025095e-35 0.018459000000000007 -0.10329426889855436 -0.010852860263247775 -0.010235527183047566 -0.0020060948319270502 -0.0082137281615151363 0.072999925664672463 1.4984964875666402 0.02848910798121004 0.0033943752173959886 5.2023115158081064 -0.0024933551080871409 0.0059553895556754624 0.72476450000000014 0.78024750000000009 0.0021552640250432219 0.15320650000000002 0.0061349148855400553 57.441346873721706 0.03009931137073656 0.042110500000000002
decision_type=2 2 2 2 2 2 2 2 2 2 2 2 2 2 2 2 2 2 2 2 2 2 2
left_child=1 3 -3 4 -1 6 13 -7 10 -10 11 -9 -12 -5 -8 17 -17 -4 21 20 -20 22 -18
right_child=-2 2 15 5 -6 7 14 8 9 -11 12 -13 -14 -15 -16 16 18 -19 19 -21 -22 -23 -24
leaf_value=0.00019229190060286781 -0.00077237390311123675 0.0012003138521857395 -0.0014600405731471256 0.00039906221467794642 -0.0017104541075241286 -0.0016998331413196864 0.0004378273885231465 4.8860588218303746e-05 -0.0017626248323887755 0.00034151512346315108 0.0011808445369814731 -0.0016830770184179558 -0.0007559471384593053 -0.0013014166808054803 0.0019045782841517235 0.0019341432368881735 0.00066582790750544516 0.00047051212313817812 -0.00018220308302261402 0.0017608263999136396 0.0010366563682999604 -0.0011225086125907385 -0.00081088758961413989
leaf_weight=20 26 34 27 27 24 20 25 200 33 22 58 29 20 22 29 21 22 30 60 24 26 27 24
leaf_count=20 26 34 27 27 24 20 25 200 33 22 58 29 20 22 29 21 22 30 60 24 26 27 24
internal_value=1.48686e-12 2.4371e-05 0.000268752 -0.000111909 -0.00084557 -4.53506e-05 0.000469145 -0.000184076 -0.000100332 -0.000920969 4.66871e-05 -0.000170468 0.000684231 -0.000364418 0.00122553 0.000147399 0.000312632 -0.00044396 0.000126557 0.000529825 0.000186289 -0.000481107 -0.000104632
internal_weight=850 824 295 529 44 485 103 382 362 55 307 229 78 49 54 261 204 57 183 110 86 73 46
internal_count=850 824 295 529 44 485 103 382 362 55 307 229 78 49 54 261 204 57 183 110 86 73 46
is_linear=0
shrinkage=0.3


Tree=25
num_leaves=23
num_cat=0
split_feature=14 7 7 14 11 7 8 27 13 17 18 15 13 27 18 18 21 18 18 17 2 17
split_gain=0.000196862 0.00054074 0.000649867 0.000269721 0.000253622 0.000433659 0.000302555 0.000280128 0.000524037 0.000651439 0.000452032 0.000388443 0.000286836 0.000419964 0.000398204 0.000386348 0.000687782 0.000467206 0.000373736 0.000446265 0.000221411 0.000183699
threshold=0.012499987582366255 0.0019305057666435916 -0.0034543413285814065 0.010593257828671815 31.025410212701129 0.0020429686233852653 -0.1262366191117896 0.72476450000000014 0.020872321693606328 0.004241782350024704 0.12122216011925853 1.0000000180025095e-35 0.021576013919270078 0.81940350000000006 0.96148178564284448 0.47264985310741375 0.18613150000000003 0.31184330662016163 0.038767913589520447 0.0061791972907421144 4.6850867851096121 0.0040650367106455773
decision_type=2 2 2 2 2 2 2 2 2 2 2 2 2 2 2 2 2 2 2 2 2 2
left_child=1 2 21 -3 5 -2 -6 8 -8 10 -10 -11 13 -9 15 17 -17 -14 20 -20 -15 -1
right_child=4 3 -4 -5 6 -7 7 12 9 11 -12 -13 14 18 -16 16 -18 -19 19 -21 -22 -23
leaf_value=-0.00030217227375198323 0.0012689440454778378 -0.00089064794765363324 0.0023735646594286661 0.00043978187113680173 -0.0011112225583369414 -0.00048553775143643312 0.00092015730318962597 0.00091947885972331266 -0.0026321830429619046 -0.00074295032872297184 -0.00070705976793998039 0.00086309683038448182 7.4326556907842385e-05 0.00064012768820652529 0.0014592306173290125 -0.0014381384947531235 0.00066204571833267155 0.001148598667939333 -0.00047201240035064983 -0.0020964457172616994 -0.00065869611197350811 0.0009383009439001658
leaf_weight=22 32 32 20 24 26 21 20 20 21 33 23 23 275 27 20 36 23 42 45 23 21 21
leaf_count=22 32 32 20 24 26 21 20 20 21 33 23 23 275 27 20 36 23 42 45 23 21 21
internal_value=-4.10998e-13 0.000357831 0.000960759 -0.000320464 -5.82515e-05 0.000573772 -0.000107657 -6.7638e-05 -0.000481677 -0.000762044 -0.00162587 -8.33238e-05 2.57542e-05 -0.000350135 0.000154848 8.54655e-05 -0.000619423 0.000216659 -0.000569034 -0.00102145 7.18923e-05 0.00030364
internal_weight=850 119 63 56 731 53 678 652 120 100 44 56 532 136 396 376 59 317 116 68 48 43
internal_count=850 119 63 56 731 53 678 652 120 100 44 56 532 136 396 376 59 317 116 68 48 43
is_linear=0
shrinkage=0.3


Tree=26
num_leaves=29
num_cat=0
split_feature=15 6 18 10 10 14 12 6 14 18 5 26 4 7 0 7 14 9 2 18 17 5 7 16 10 26 7 5
split_gain=0.000157569 0.000495429 0.000544281 0.000547216 0.000470045 0.00034578 0.000310622 0.000538493 0.000758686 0.000472832 0.000310574 0.000667041 0.000310487 0.000307752 0.000687691 0.000586019 0.000538155 0.00032079 0.000642487 0.000387559 0.000307666 0.000303633 0.000267383 0.000254854 0.000338101 0.000217255 0.000171367 0.00010711
threshold=0.0021097623146379926 -0.0061729192430691653 0.31184330662016163 -0.19594981832011618 -1.3777091006434576 0.010775901710882033 0.0023240849968540734 -0.0061100348815364925 0.028800904030926045 -0.020133907874077466 0.013630288213610451 0.60336600000000007 2482600.0000000005 -1.0000000180025095e-35 5.5886681917352776 0.016546237481913979 0.014418127079165925 0.040591650446728723 4.6177822051418831 -0.23669431648473879 0.011681746908755031 0.021453988484999933 -0.0032521175210568011 0.0090977977137413138 0.30271197789599308 0.87849150000000009 0.0064447382360334838 0.0062959892737265528
decision_type=2 2 2 2 2 2 2 2 2 2 2 2 2 2 2 2 2 2 2 2 2 2 2 2 2 2 2 2
left_child=1 2 3 4 25 -2 10 -8 9 -9 20 -12 -3 16 15 23 -14 18 -18 -20 22 -13 27 24 -15 -1 -24 -7
right_child=5 12 -4 -5 -6 6 7 8 -10 -11 11 21 13 14 -16 -17 17 -19 19 -21 -22 -23 26 -25 -26 -27 -28 -29
leaf_value=-0.00062627097096992659 -0.0013039094073147596 0.00075325992615944411 0.0015905741828343403 -0.00069037929324376561 0.0016591916898348778 -0.00027893301587027963 -0.00071245218046790204 0.00047830550793150902 -0.00032362671910576819 0.0023083952130845218 -0.00092157155470297706 0.00013566055643041768 0.00084777754698073043 -0.00055595634827006819 0.0014491716498274141 -0.0012063897139317282 6.4105590479749511e-05 3.7710902142862322e-05 -0.0027344473573975847 -0.0010789737867889927 -0.0016528352442297285 0.0015408635119674727 -0.0012194546069284635 0.001141287016798742 0.00060111762006006132 0.00077204607368912541 -0.00020267051183439505 0.00070289921362928006
leaf_weight=20 22 36 36 37 29 20 34 24 38 27 34 31 22 51 28 37 29 32 20 35 21 25 35 20 41 20 26 20
leaf_count=20 22 36 36 37 29 20 34 24 38 27 34 31 22 51 28 37 29 32 20 35 21 25 35 20 41 20 26 20
internal_value=-4.42849e-12 0.000109915 0.000582737 0.000240453 0.000739595 -0.000151787 -7.61257e-05 0.000303129 0.000691103 0.00144718 -0.000296165 0.000126596 -8.13692e-05 -0.000176755 8.50744e-05 -0.000171266 -0.000512581 -0.000770579 -0.0010785 -0.00168096 -0.000608037 0.000762983 -0.000390802 0.000170695 -4.03038e-05 7.28876e-05 -0.000786071 0.000211983
internal_weight=850 493 142 106 69 357 335 123 89 51 212 90 351 315 177 149 138 116 84 55 122 56 101 112 92 40 61 40
internal_count=850 493 142 106 69 357 335 123 89 51 212 90 351 315 177 149 138 116 84 55 122 56 101 112 92 40 61 40
is_linear=0
shrinkage=0.3


Tree=27
num_leaves=23
num_cat=0
split_feature=9 11 11 6 7 5 4 10 10 7 27 9 15 15 7 17 17 7 16 18 6 9
split_gain=0.000148004 0.000514805 0.000521228 0.000424964 0.000431781 0.000414812 0.000378234 0.000386303 0.00030859 0.000286113 0.000245316 0.000334541 0.000287126 0.000534876 0.000701897 0.000268409 0.000477198 0.000658574 0.000463217 0.00022814 0.000223775 0.000222454
threshold=0.023389561712404503 63.278810031946854 58.493344241331435 -0.012389487167980776 -1.0000000180025095e-35 -0.0019231337727346205 6977250.0000000009 0.6127117068042488 1.1615220045973724 -0.01036267230963483 0.51774850000000006 0.025157402448411918 0.029936656438503493 0.013370852539195946 0.0031417223617311251 0.0016366250412967003 0.0041194648942119161 0.0093633741816601564 0.0035090385628495468 -0.43348472900132701 0.007286089573392873 0.015890038761708487
decision_type=2 2 2 2 2 2 2 2 2 2 2 2 2 2 2 2 2 2 2 2 2 2
left_child=1 2 3 4 -1 9 7 19 -4 -5 -2 -12 13 15 -15 -13 18 -18 -17 -7 21 -11
right_child=10 -3 8 5 -6 6 -8 -9 -10 20 11 12 -14 14 -16 16 17 -19 -20 -21 -22 -23
leaf_value=0.001906558547489112 0.00084131588936661901 0.0016195615191827528 -0.00015278223562864183 0.0014514322733573083 0.00018632978668580924 0.00036330661905990179 -0.0013678833099547772 0.00072156698244381574 -0.0017433964425955697 -0.00039877876892569473 -0.0012075994079238555 -0.00075108943677220773 0.00098256992870509349 -0.0019712926128704566 0.00012093569352550224 -9.7091518742112941e-05 0.0002112675286378107 -0.00089248101009134712 0.0015960598872466522 -0.0007454412533199322 0.00093801926504338861 0.00074597263711356472
leaf_weight=24 23 20 23 21 29 23 25 37 21 50 26 39 21 31 27 26 171 68 33 61 29 22
leaf_count=24 23 20 23 21 29 23 25 37 21 50 26 39 21 31 27 26 171 68 33 61 29 22
internal_value=-5.23869e-13 0.000137577 5.6372e-05 0.0001891 0.000965301 3.55975e-05 -0.000305582 -8.60982e-05 -0.000911939 0.000443894 -0.000113908 -0.000163614 -9.83646e-05 -0.000155832 -0.000997324 -1.10055e-05 8.58511e-05 -0.00010277 0.000849925 -0.000441856 0.000234406 -4.89936e-05
internal_weight=850 385 365 321 53 268 146 121 44 122 465 442 416 395 58 337 298 239 59 84 101 72
internal_count=850 385 365 321 53 268 146 121 44 122 465 442 416 395 58 337 298 239 59 84 101 72
is_linear=0
shrinkage=0.3


Tree=28
num_leaves=19
num_cat=0
split_feature=19 4 13 18 13 1 19 15 8 5 7 5 27 14 4 12 14 13
split_gain=0.0001351 0.000578812 0.000435639 0.000494206 0.000396006 0.000260482 0.000225386 0.000274867 0.000399544 0.000379851 0.000279179 0.00026348 0.0003342 0.00031522 0.000421267 0.000184515 0.0001443 0.000127683
threshold=0.66567900000000013 7625150.0000000009 0.021314581322001497 0.11315601241399345 0.026844956176199107 5.0345075654971998 0.55314150000000006 0.02657271137400101 0.13480011317968402 0.018025405158879782 0.0020429686233852653 0.0074768287037527007 0.75496700000000005 0.01020402304583133 8638750.0000000019 -0.0004225976676578559 0.022821554186358041 0.015661320473881937
decision_type=2 2 2 2 2 2 2 2 2 2 2 2 2 2 2 2 2 2
left_child=6 2 17 16 -3 -6 7 8 9 11 -11 13 -13 -1 -15 -14 -4 -2
right_child=1 4 3 -5 5 -7 -8 -9 -10 10 -12 12 15 14 -16 -17 -18 -19
leaf_value=0.00083163942506724042 1.2088249568478205e-05 -8.0805640318430965e-05 -0.00050543475746443224 0.0017361428691074251 -0.0007571285701123997 -0.0022882530956121624 0.00086547047481872136 0.0008955996712845057 -0.0013388384260906605 -0.0015823868182699449 -3.3708707196637991e-05 0.001507456390208972 -0.0002694130904274061 -0.00025820829752092321 0.00044264482525718053 0.00066677346170763486 0.00062052247405517845 -0.0010243499500337866
leaf_weight=37 20 30 21 25 20 20 30 31 20 22 20 24 36 308 103 40 20 23
leaf_count=37 20 30 21 25 20 20 30 31 20 22 20 24 36 308 103 40 20 23
internal_value=-3.55794e-12 -0.000231565 0.000200749 0.000684847 -0.00090474 -0.00152269 6.17738e-05 2.41592e-05 -2.01271e-05 2.4575e-05 -0.000844921 9.12152e-05 0.00053151 -7.06491e-06 -8.25687e-05 0.000223317 4.38127e-05 -0.000542286
internal_weight=850 179 109 66 70 40 671 641 610 590 42 548 100 448 411 76 41 43
internal_count=850 179 109 66 70 40 671 641 610 590 42 548 100 448 411 76 41 43
is_linear=0
shrinkage=0.3


Tree=29
num_leaves=14
num_cat=0
split_feature=13 18 18 18 27 9 13 18 20 19 14 18 27
split_gain=0.000136064 0.000139827 0.000437964 0.000430094 0.000313962 0.000296819 0.000250537 0.000178818 0.000239347 0.000258537 0.000461178 0.000286937 0.000101663
threshold=0.014358507379040061 0.75460852550239355 0.96148178564284448 0.61516067904003524 0.85778650000000012 0.0085988442650300201 0.02378216336961583 -0.95309064340415417 0.012578500000000001 -0.89909949999999983 0.016614796925464335 -0.52957601102982077 0.91777650000000011
decision_type=2 2 2 2 2 2 2 2 2 2 2 2 2
left_child=-1 3 -3 5 -5 -2 -4 12 -9 10 -10 -11 -7
right_child=1 2 6 4 -6 7 -8 8 9 11 -12 -13 -14
leaf_value=-0.00060685582066071213 0.0010195082450809422 -0.0012796936942071752 -0.00055494646897256777 0.0018067722302345958 0.00023329952498897909 0.00090976854294745461 0.0008506373204290867 0.0008528240265150089 -0.0018670162734633776 -0.00060369665366514309 -0.00018877885570093764 4.8837476163394481e-05 2.9666906422270195e-05
leaf_weight=32 25 29 21 21 25 27 25 24 20 70 56 454 21
leaf_count=32 25 29 21 21 25 27 25 24 20 70 56 454 21
internal_value=4.9644e-12 2.37401e-05 -0.000366654 6.31473e-05 0.000951624 4.5104e-06 0.000208958 -3.32499e-05 -7.6171e-05 -0.000113331 -0.00063042 -3.83331e-05 0.000524724
internal_weight=850 818 75 743 46 697 46 672 624 600 76 524 48
internal_count=850 818 75 743 46 697 46 672 624 600 76 524 48
is_linear=0
shrinkage=0.3


Tree=30
num_leaves=29
num_cat=0
split_feature=16 16 13 17 13 11 8 13 17 15 5 14 5 13 11 14 10 9 2 0 7 23 7 7 10 7 4 7
split_gain=0.000125063 0.000339421 0.000291891 0.0004031 0.000376976 0.000436263 0.000385697 0.000370197 0.000336885 0.000310943 0.000495412 0.000353086 0.000352064 0.00037954 0.000472026 0.00030511 0.000278546 0.000275675 0.000290594 0.000478649 0.000261408 0.000315897 0.000187014 0.000323692 0.00023095 0.000177934 0.00017677 7.96543e-05
threshold=0.010911414478882069 0.012358394682635655 0.029380508334116789 0.011131752901188058 0.02513602412567013 60.000012953840987 -0.012893992397745366 0.030912288740450319 0.014136150207708541 -0.0019011910730446951 -1.0000000180025095e-35 0.028210678003162779 0.016845111789758494 0.020625671771692878 59.62254988490195 0.01901669029349529 0.84357010857607706 0.022831724482261402 4.4047375784848972 4.7457803571278907 0.0065377541854237777 0.41666650000000005 -0.0097816194895147292 -0.0021367392770927991 0.13417667569106037 0.0024211813941924071 5378400.0000000009 -0.0063560456288135137
decision_type=2 2 2 2 2 2 2 2 2 2 2 2 2 2 2 2 2 2 2 2 2 2 2 2 2 2 2 2
left_child=2 -2 4 7 9 6 -6 -4 -5 10 22 12 13 16 -15 -7 -11 -9 -19 -20 21 27 -1 -24 -25 -10 -8 -3
right_child=1 20 3 8 5 15 26 17 25 11 -12 -13 -14 14 -16 -17 -18 18 19 -21 -22 -23 23 24 -26 -27 -28 -29
leaf_value=0.00099572122230061452 -0.001283647689524514 -0.00045831856446706558 0.0017536985993501732 -0.0010250603592592395 -6.2686558743260551e-05 -0.0007645649083424359 -0.00099042261559092863 0.0013280548831971827 0.00073774893772906582 -0.00019896069905371406 0.0016990555689794153 -0.0011830935066077823 0.0011862669685069702 0.00093480952873118859 -0.00072378504732826155 0.00058488937241858556 -0.0013046655779080224 0.00097525935606636966 -0.001398074096941855 0.00049662033328786489 0.00061648735521688443 0.00037391115915584924 -0.00090037624714358775 -8.9994881273014463e-05 0.00099102225624313894 -0.00027072658046944849 -0.0022072758392563886 -0.0012031241210024746
leaf_weight=21 24 28 24 27 23 25 22 24 32 70 23 26 20 47 23 38 29 26 20 30 37 34 26 46 29 31 21 24
leaf_count=21 24 28 24 27 23 25 22 24 32 70 23 26 20 47 23 38 29 26 20 30 37 34 26 46 29 31 21 24
internal_value=-6.80516e-13 -0.000251649 5.26208e-05 0.000344835 -7.52604e-05 -0.000515288 -0.0010543 0.000695613 -0.000138458 8.24163e-05 0.000421921 -0.000146552 -3.95883e-06 -0.000144814 0.000389843 4.93916e-05 -0.000522854 0.000441672 0.000161761 -0.000261257 -5.02836e-05 -0.00033715 0.00018115 1.17832e-05 0.000327998 0.000241515 -0.0015847 -0.000802075
internal_weight=850 147 703 214 489 129 66 124 90 360 145 215 189 169 70 63 99 100 76 50 123 86 122 101 75 63 43 52
internal_count=850 147 703 214 489 129 66 124 90 360 145 215 189 169 70 63 99 100 76 50 123 86 122 101 75 63 43 52
is_linear=0
shrinkage=0.3


Tree=31
num_leaves=24
num_cat=0
split_feature=21 21 4 9 13 26 27 5 26 5 17 26 4 21 12 4 3 17 9 5 21 15 7
split_gain=0.000145517 0.000407686 0.000377554 0.000326308 0.000477917 0.000322079 0.000262863 0.000289899 0.000251781 0.000374666 0.000375366 0.000265855 0.000258963 0.00025001 0.000212058 0.00029245 0.000327857 0.000384401 0.00023694 0.000203067 0.000384794 0.000358301 0.000200602
threshold=0.33046200000000009 0.1167885 7681050.0000000009 0.021795070404835276 0.01929869024439541 0.58625150000000004 0.80394900000000014 -0.032414554503566638 0.87928100000000009 -0.0054569716927296693 0.010672508834624792 0.86314200000000008 6524800.0000000009 0.022628000000000002 0.0079997998689419186 5970250.0000000009 4.9194116592407235 0.0080321208232583697 0.027761182604055312 0.0017290011725864861 0.78771700000000011 -0.0035781004390709197 0.0042284173826080537
decision_type=2 2 2 2 2 2 2 2 2 2 2 2 2 2 2 2 2 2 2 2 2 2 2
left_child=1 5 3 4 -3 -1 -7 -8 11 10 -10 12 -9 -11 15 19 18 -18 -17 21 -21 22 -2
right_child=14 2 -4 -5 -6 6 7 8 9 13 -12 -13 -14 -15 -16 16 17 -19 -20 20 -22 -23 -24
leaf_value=0.00087486362835629975 -0.00097147265083289574 0.00024558154997066594 -0.0013842848391406634 0.00047270884559325434 -0.0018283636652631683 -0.0010010438221797811 -0.001092957827495411 0.00060592542809899885 -1.0431833080864246e-05 0.00040041303527686977 0.0013689199219627951 0.0013378149554979324 -0.00031843929741335935 -0.00053092659186902388 -0.0005851701905063739 -0.00067921189792369567 0.0017460256801652056 0.00023944057344730632 0.00064709993958887127 0.00021350604825608072 -0.001406019038024723 0.00097314285958418614 0.00035609241138445208
leaf_weight=38 21 20 37 34 20 24 20 65 56 32 26 23 47 137 29 22 35 27 27 31 23 36 20
leaf_count=38 21 20 37 34 20 24 20 65 56 32 26 23 47 137 29 22 35 27 27 31 23 36 20
internal_value=-1.54994e-12 -8.49209e-05 -0.000601821 -0.000210588 -0.000791391 3.76771e-05 -3.63069e-05 2.07219e-05 7.84255e-05 -9.92669e-05 0.000426924 0.000408802 0.000218022 -0.000354578 0.000181436 0.000273302 0.000631575 0.00108993 5.1613e-05 -3.02724e-05 -0.000476292 0.00028252 -0.00032388
internal_weight=850 579 111 74 40 468 430 406 386 251 82 135 112 169 271 242 111 62 49 131 54 77 41
internal_count=850 579 111 74 40 468 430 406 386 251 82 135 112 169 271 242 111 62 49 131 54 77 41
is_linear=0
shrinkage=0.3


Tree=32
num_leaves=17
num_cat=0
split_feature=0 1 19 9 0 12 10 5 8 14 16 8 10 1 4 4
split_gain=0.000109699 0.000256938 0.000218963 0.000220229 0.000217464 0.000363214 0.000268914 0.000191558 0.000167359 0.000317057 0.000237714 0.00022471 0.000277922 0.000280377 0.000244134 0.00015915
threshold=4.5278178292568514 4.585400457265739 0.46000600000000008 0.032980198471821077 4.5951122113101279 0.0020562430292171241 -0.18428756935264987 -0.0042552993876547665 -0.14809661046720518 0.04477612699037567 0.0063425172025239522 -0.077458518981629296 -1.7383758047692088 4.6526090111309371 12950700.000000002 6188200.0000000009
decision_type=2 2 2 2 2 2 2 2 2 2 2 2 2 2 2 2
left_child=1 2 3 -1 5 6 7 -2 -6 11 -11 -10 -13 -14 -15 -4
right_child=4 -3 15 -5 8 -7 -8 -9 9 10 -12 12 13 14 -16 -17
leaf_value=-0.00031151630950002328 -6.3354044978041206e-05 -0.0012400105513006563 -0.0011796306193322047 0.00072507649769809515 -0.00078884633726374878 0.0016203009689343161 -0.00075412550719192943 0.0012496655050199478 0.00067561614996520798 0.0015294830325209268 8.4323190967552358e-05 -0.00099203007289831702 -0.001060124898820346 7.2116622243075667e-05 -0.00075077336273222624 -1.0337146231904626e-05
leaf_weight=35 20 20 22 39 24 20 20 20 37 21 20 29 23 445 35 20
leaf_count=35 20 20 22 39 24 20 20 20 37 21 20 29 23 445 35 20
internal_value=9.52642e-13 -0.000246941 -7.57216e-05 0.000234796 4.70363e-05 0.000513122 0.000144062 0.000593156 -1.17757e-05 1.87975e-05 0.000824527 -3.92603e-05 -8.89792e-05 -3.69146e-05 1.21142e-05 -0.000622824
internal_weight=850 136 116 74 714 80 60 40 634 610 41 569 532 503 480 42
internal_count=850 136 116 74 714 80 60 40 634 610 41 569 532 503 480 42
is_linear=0
shrinkage=0.3


Tree=33
num_leaves=24
num_cat=0
split_feature=13 9 13 9 6 9 14 3 6 4 27 17 17 21 14 16 1 18 13 4 16 8 13
split_gain=0.00010136 0.000482784 0.000284815 0.000282436 0.000314981 0.000243305 0.000358105 0.000246534 0.000229719 0.000604152 0.000462114 0.000205856 0.00023275 0.000251593 0.000198574 0.000291214 0.000187208 0.000278849 0.000171771 0.0002402 0.000228919 0.000240532 0.000197391
threshold=0.024199100870593435 0.016529258424310276 0.023669113567409996 0.023389561712404503 -0.011904824381018815 0.028444650096792121 0.034279945127469992 5.8154120445251474 -0.012685186845328879 7071900.0000000009 0.90345350000000013 0.013220062903360632 0.0082389297884237489 0.023222500000000004 0.049068132179652481 0.011883706809530428 4.9174372461107501 0.035622830422467937 0.014868626965812355 3280700.0000000005 0.0019047670857783956 0.052091853304529478 0.020625671771692878
decision_type=2 2 2 2 2 2 2 2 2 2 2 2 2 2 2 2 2 2 2 2 2 2 2
left_child=2 -2 11 4 -3 6 -5 8 9 -7 -11 12 13 -1 15 -10 17 -6 19 -15 22 -22 -20
right_child=1 3 -4 5 16 7 -8 -9 14 10 -12 -13 -14 18 -16 -17 -18 -19 20 -21 21 -23 -24
leaf_value=-0.00097605591061957441 -0.001461059778508074 0.0014372022347577677 0.001120836786867585 -0.0012442765254634554 -0.00091506466196733527 -0.0015728696099428746 0.00032403918081399754 -0.00084111208693244527 0.00046268729060679236 -0.00061626363970572126 0.0013184525288306758 -0.0008152443234828989 0.00084337688591663862 0.00041346124358824452 -0.00067998352793178379 -0.00045901261381866209 0.00088971032611360502 0.0005030078023782362 0.00018836443162469478 -0.00092873708184924896 0.00021695066496279456 0.0011527716240849375 -0.0010652452730937512
leaf_weight=21 22 22 24 38 24 26 20 31 164 25 20 23 35 20 21 38 21 26 26 30 122 31 20
leaf_count=21 22 22 24 38 24 26 20 31 164 25 20 23 35 20 21 38 21 26 26 30 122 31 20
internal_value=-1.45284e-12 -8.70965e-05 0.000123222 -2.3594e-05 0.000445366 -0.000137467 -0.000703478 -3.64555e-05 4.83892e-05 -0.00042158 0.00024361 5.02256e-05 0.00011549 2.11349e-05 0.000198021 0.000289298 0.000138036 -0.000177667 0.000105235 -0.000391858 0.000230133 0.000406561 -0.000356683
internal_weight=850 498 352 476 93 383 58 325 294 71 45 328 305 270 223 202 71 50 249 50 199 153 46
internal_count=850 498 352 476 93 383 58 325 294 71 45 328 305 270 223 202 71 50 249 50 199 153 46
is_linear=0
shrinkage=0.3


Tree=34
num_leaves=23
num_cat=0
split_feature=20 1 28 3 3 14 11 8 20 3 1 0 20 3 9 20 26 2 1 27 11 17
split_gain=0.000104172 0.000114424 0.000183175 0.000159448 0.000250619 0.000212826 0.000284616 0.000251443 0.000186675 0.000173271 0.000245099 0.000239192 0.000246008 0.000231454 0.000222014 0.000220028 0.000167662 0.000164814 0.000288303 0.000118352 0.000110062 0.000100845
threshold=0.94333700000000009 4.5194631158616065 1.0000000180025095e-35 4.6694493293762216 4.6910605430603036 0.016521345351063647 52.636756618155118 0.089236634406382673 0.43163200000000007 4.7198987007141122 4.874148754322019 4.9887297432469184 0.049868500000000003 4.7076127529144296 0.019904271925955969 0.17354400000000003 0.32413500000000001 4.4893591951252727 4.5948544174923542 0.89878350000000007 41.666675893390995 0.0040404003428604835
decision_type=2 2 2 2 2 2 2 2 2 2 2 2 2 2 2 2 2 2 2 2 2 2
left_child=1 2 20 5 -5 8 16 -8 -3 13 15 12 -12 -6 -13 19 -7 18 -18 -11 -1 -17
right_child=-2 3 -4 4 9 6 7 -9 -10 10 11 14 -14 -15 -16 21 17 -19 -20 -21 -22 -23
leaf_value=-0.0012132535222917796 -0.00067656856379471719 0.0002199309759397203 0.00018001607754350907 -0.00092644057496929434 -9.1463315996520564e-05 -0.00035424727757344955 0.0018987868475960567 0.00041248005457288984 -0.0008302212077396688 -0.00051045016337990419 -0.00025325899780280172 0.00054595069659020134 0.00086029452933488707 0.0012403170191290604 -0.0001792512015131773 0.00044324279276354767 0.00082844357209978616 0.00088973881381836963 -0.00078237104607978834 -0.0015187897313830945 -0.00025307198188134598 -0.00044065463337644289
leaf_weight=22 20 39 35 27 24 33 20 21 25 22 26 45 57 23 244 21 20 39 20 20 21 26
leaf_count=22 20 39 35 27 24 33 20 21 25 22 26 45 57 23 244 21 20 39 20 20 21 26
internal_value=1.28279e-12 1.63029e-05 -0.000329558 5.21767e-05 -3.58015e-05 0.000269082 0.000461235 0.00113751 -0.000190285 1.15356e-05 -4.4408e-05 6.25875e-05 0.000511471 0.000560259 -6.63305e-05 -0.000491625 0.000213671 0.000450902 2.30363e-05 -0.000990612 -0.000744328 -4.57217e-05
internal_weight=850 830 78 752 535 217 153 41 64 508 461 372 83 47 289 89 112 79 40 42 43 47
internal_count=850 830 78 752 535 217 153 41 64 508 461 372 83 47 289 89 112 79 40 42 43 47
is_linear=0
shrinkage=0.3


Tree=35
num_leaves=25
num_cat=0
split_feature=22 28 19 14 3 12 6 25 6 16 18 18 14 9 7 15 27 13 6 6 16 27 1 22
split_gain=9.58914e-05 0.000107936 0.000211607 0.000206213 0.000374809 0.000172593 0.000202252 0.000190796 0.000189871 0.000445813 0.000204214 0.000187618 0.00013969 0.000282522 0.000304582 0.000237793 0.000189106 0.000303647 0.000181787 0.000177894 0.000131323 0.000117997 9.3365e-05 8.74909e-05
threshold=0.96145800000000003 1.0000000180025095e-35 -0.91774949999999988 0.036848487746261871 4.9824912548065194 0.0042443613245629766 0.0090228990092063432 0.41666650000000005 -0.0072139227061098054 0.0063291584930334826 -0.23669431648473879 -0.11488823014842799 0.02479396012085296 0.037938557326507562 0.0039918442463511448 -0.010752626424140809 0.8504560000000001 0.029281461921696929 -0.011267762782359502 0.0017290011725864861 0.013765978400328423 0.91777650000000011 4.7651113850497149 0.16279350000000004
decision_type=2 2 2 2 2 2 2 2 2 2 2 2 2 2 2 2 2 2 2 2 2 2 2 2
left_child=1 2 -1 12 -5 6 8 -8 9 -3 -10 -7 15 14 19 -4 18 -18 -17 -14 -11 22 -12 -13
right_child=-2 5 3 4 -6 11 7 -9 10 20 21 23 13 -15 -16 16 17 -19 -20 -21 -22 -23 -24 -25
leaf_value=-0.00081522089171422911 0.00047914009119267572 0.0012765345745719967 -0.0009282095327632434 -0.0013619413332760033 0.00025369467912241813 0.00028867963056654843 0.0013481868898872142 0.00019888430845010311 0.00066867143978015513 -0.00075665053445845838 -0.0011069798660173545 -0.0011262665024592675 0.00016810991219244896 0.00097745949834289426 0.0006361917356116465 0.00053073170252641172 -4.7221352593997159e-06 0.001038149232226715 -0.00043393247123175467 -0.00093306071783797134 0.00033050391806682455 0.00010635291866772325 -0.00027858810891484608 -0.0002495282734162174
leaf_weight=35 36 33 28 28 24 30 26 26 20 20 24 21 23 37 39 21 117 32 108 31 20 26 25 20
leaf_count=35 36 33 28 28 24 30 26 26 20 20 24 21 23 37 39 21 117 32 108 31 20 26 25 20
internal_value=1.53437e-12 -2.11905e-05 -0.000102677 -5.15727e-05 -0.000616263 0.000125262 0.000256513 0.000773536 9.64827e-05 0.000460311 -0.000183091 -0.000281433 1.57757e-05 0.000276301 -2.65459e-06 -9.4905e-05 -1.0975e-05 0.00021925 -0.000276894 -0.000464044 -0.000213073 -0.000410227 -0.000684331 -0.000698589
internal_weight=850 814 523 488 52 291 220 52 168 73 95 71 436 130 93 306 278 149 129 54 40 75 49 41
internal_count=850 814 523 488 52 291 220 52 168 73 95 71 436 130 93 306 278 149 129 54 40 75 49 41
is_linear=0
shrinkage=0.3


Tree=36
num_leaves=20
num_cat=0
split_feature=20 10 4 6 27 22 7 14 22 3 17 0 15 18 12 18 26 19 7
split_gain=9.47968e-05 8.75099e-05 0.000224408 0.00035919 0.000175237 0.000150685 0.000473087 0.000180934 0.000120471 0.000137153 0.000269213 0.000262118 0.000160608 0.000160054 0.000130988 0.000128677 0.000119298 9.66714e-05 9.40465e-05
threshold=0.94333700000000009 -1.2667407315316783 8135650.0000000009 -0.0083041038247864702 0.85425300000000004 0.017776000000000004 0.0059765104137256162 0.018379033935016154 0.026006000000000005 4.6599080562591562 0.0020899142363651987 4.6877869724637664 -0.014301023633811994 -0.47371552582539039 0.0085040507630650131 -0.37169796894574075 0.65747050000000018 -0.072833499999999982 -0.0037140119586412126
decision_type=2 2 2 2 2 2 2 2 2 2 2 2 2 2 2 2 2 2 2
left_child=1 2 3 -1 -4 6 7 -3 -7 10 -10 -11 -12 18 -15 -14 -5 -6 -13
right_child=-2 5 4 16 17 8 -8 -9 9 11 12 13 15 14 -16 -17 -18 -19 -20
leaf_value=-0.0012506518758475845 -0.00064540549996308985 0.0016026783395437117 -0.00039337035458839427 -0.00055106252966652391 0.0010315988474758342 -0.00052480696637455064 -0.00047521968907941216 0.00050656880154168577 0.001056436094126667 -0.00080084310381942872 0.00079293727373980162 -0.00078971159412597857 0.00048599461571519406 0.00019336286532472096 -0.00050087609237784304 -0.00029122038450959611 0.00038123012520372866 0.00012028358443330945 -9.063380358109202e-05
leaf_weight=35 20 23 26 21 22 36 33 33 32 38 23 29 26 260 27 73 30 20 43
leaf_count=35 20 23 26 21 22 36 33 33 32 38 23 29 26 260 27 73 30 20 43
internal_value=9.80248e-13 1.55519e-05 -0.000188539 -0.000510561 0.000218724 6.2046e-05 0.000425799 0.000956757 6.89437e-06 4.16335e-05 0.00028195 -5.15875e-05 7.8806e-05 2.77209e-05 0.000128051 -8.71033e-05 -2.65509e-06 0.000597639 -0.000372207
internal_weight=850 830 154 86 68 676 89 56 587 551 154 397 122 359 287 99 51 42 72
internal_count=850 830 154 86 68 676 89 56 587 551 154 397 122 359 287 99 51 42 72
is_linear=0
shrinkage=0.3


Tree=37
num_leaves=16
num_cat=0
split_feature=12 12 4 14 1 7 16 0 18 12 14 16 0 18 21
split_gain=8.29001e-05 0.000347555 8.2392e-05 0.00012132 0.000369761 0.000338818 0.00013813 0.000163848 9.84239e-05 0.000192735 0.000174195 0.000141808 0.000261075 0.000218734 5.85931e-05
threshold=-0.0095844934864508513 -0.012098420652275862 18153850.000000004 0.041461054378836411 5.1858036405743695 0.0021255271189565693 0.018090915482891747 5.82485984499798 -0.46157831202024796 -0.0042325482136951415 0.029271731681057848 0.0019047670857783956 5.1503645132828817 0.15290041132591464 0.050346000000000009
decision_type=2 2 2 2 2 2 2 2 2 2 2 2 2 2 2
left_child=1 14 3 6 5 -5 7 8 9 -2 -11 13 -13 -10 -1
right_child=2 -3 -4 4 -6 -7 -8 -9 11 10 -12 12 -14 -15 -16
leaf_value=-0.00019249512770329601 -0.00094870108182278827 -0.001361068714322755 -0.00051011388740153049 0.0007125166785044712 0.0015082792489556594 -0.00095938332218793222 -0.00075055805147193112 -0.00059220567248606428 0.00017307431706995417 -0.00016067134314960856 0.00080761409044498571 0.00012586496895459104 0.00087025674191845237 -0.00060891685709478071 0.00053368516233604163
leaf_weight=20 23 20 25 24 20 20 21 36 82 102 20 315 49 53 20
leaf_count=20 23 20 25 24 20 20 21 36 82 102 20 315 49 53 20
internal_value=9.69816e-13 -0.00033996 2.58197e-05 4.33339e-05 0.000438724 -4.74379e-05 7.23552e-06 3.0638e-05 6.54553e-05 -0.000152113 -1.93603e-06 0.000128676 0.000226072 -0.00013393 0.000170595
internal_weight=850 60 790 765 64 44 701 680 644 145 122 499 364 135 40
internal_count=850 60 790 765 64 44 701 680 644 145 122 499 364 135 40
is_linear=0
shrinkage=0.3


Tree=38
num_leaves=31
num_cat=0
split_feature=18 13 16 17 15 18 21 14 14 15 14 15 12 14 4 16 6 27 13 16 16 11 6 20 5 5 5 8 15 10
split_gain=7.59057e-05 0.000338144 0.000157251 0.000284212 0.00020749 0.000134345 0.000442063 0.000255776 0.000252968 0.000235088 0.000216121 0.000200478 0.000188148 0.000166456 0.00029443 0.000220424 0.000219288 0.000218616 0.000203277 0.000200412 0.000170477 0.000162548 0.000219642 0.000162318 0.000149309 0.000162608 0.000141857 0.000232151 0.000115467 9.75007e-05
threshold=0.58513650761648284 0.034077422246063561 0.0055969649671484345 0.0035972234816457303 0.0018744140491609681 -0.12345060988768354 0.023222500000000004 0.030387095139777848 0.017764189020057389 -0.0016997741004182358 0.020886204791380366 0.0061697641778410096 -0.00052947917975293684 0.029795276822822125 8638750.0000000019 0.0064378134743952485 0.0020855562549158191 0.78738750000000013 0.020872321693606328 0.0052959144200005401 0.0081632573621465681 38.791531726035139 0.0065377541854237777 0.52967150000000007 -0.014485566230869683 0.002262583783073997 -0.0074627488814279627 0.027001202838267412 -0.0022580715251582588 0.23276589681402601
decision_type=2 2 2 2 2 2 2 2 2 2 2 2 2 2 2 2 2 2 2 2 2 2 2 2 2 2 2 2 2 2
left_child=5 2 3 -2 -4 7 -7 8 9 12 29 -11 -1 15 16 17 -15 18 -8 -16 -17 -9 -23 -22 -12 28 -19 -28 -26 -10
right_child=1 -3 4 -5 -6 6 13 21 10 11 24 -13 -14 14 19 20 -18 26 -20 -21 23 22 -24 -25 25 -27 27 -29 -30 -31
leaf_value=0.0013915189825322316 0.0016293599675658958 -0.0008464349571706565 0.0006758097149861936 0.00028794576827005419 -0.00055038343384189328 -0.0012930321488087869 3.9988941571209582e-05 -0.00017489786841906604 -0.0013568369181094955 -0.00038620475889469423 -0.00077904648205731066 0.00060901130329714045 0.00022387532080756498 -0.0016296906325309962 0.00075873993792692593 0.0012226520833792166 -0.00033102814271114767 0.00068348500582422799 -0.0012321750190704523 -0.00041831474682112456 0.00066378957431879827 0.0013061986086540854 0.00018234173556516781 -0.00040904970956034958 9.4790967913078401e-06 -0.00036198761008563449 -0.00050993592149097824 0.00056512399113953823 0.0010043224257450284 -0.00044265956967137754
leaf_weight=23 21 23 23 44 27 29 20 21 21 56 22 27 27 22 23 21 25 28 26 30 30 34 29 22 21 36 48 29 21 21
leaf_count=23 21 23 23 44 27 29 20 21 21 56 22 27 27 22 23 21 25 28 26 30 30 34 29 22 21 36 48 29 21 21
internal_value=-6.00908e-13 0.000203634 0.000413647 0.000721326 1.36654e-05 -3.94683e-05 -0.000170885 8.97522e-05 -5.01991e-05 0.000247108 -0.000328663 -6.24598e-05 0.000760991 -7.04462e-05 -0.000392273 7.32266e-05 -0.000938913 -0.000133692 -0.00067906 9.24826e-05 0.000501237 0.000547926 0.000788868 0.000209896 -8.88074e-05 0.000105875 0.000105231 -0.000105043 0.000506901 -0.000899748
internal_weight=850 138 115 65 50 712 353 359 275 133 142 83 50 324 100 224 47 151 46 53 73 84 63 52 100 78 105 77 42 42
internal_count=850 138 115 65 50 712 353 359 275 133 142 83 50 324 100 224 47 151 46 53 73 84 63 52 100 78 105 77 42 42
is_linear=0
shrinkage=0.3


Tree=39
num_leaves=23
num_cat=0
split_feature=0 9 17 22 20 7 10 9 27 10 18 9 14 14 14 14 1 1 0 1 3 18
split_gain=8.99864e-05 0.000300662 0.000209988 0.000271863 0.000337513 0.000161896 0.000267384 0.000142197 0.000173391 0.000138891 0.000132814 0.00011776 0.000115759 0.000257998 0.000125981 0.000138183 0.000152944 0.000242768 0.000222072 0.000101155 0.000127044 9.64608e-05
threshold=5.0938399867588195 0.019447669488857827 0.0018887537427938548 0.019942000000000005 0.028713000000000006 0.0074768287037527007 0.93833933046578522 0.04620961084391486 0.93121500000000001 -0.86603968500714978 0.17808299896074672 0.035905622204111844 0.0082219946604859869 0.01020402304583133 0.010660919677544184 0.014590897674239925 4.685198079348031 4.6503741609962335 4.6877869724637664 4.6610258434516032 4.7179746627807626 -0.074561325772364892
decision_type=2 2 2 2 2 2 2 2 2 2 2 2 2 2 2 2 2 2 2 2 2 2
left_child=7 -2 10 -4 -5 6 21 12 9 -9 -3 -7 -1 -14 -15 19 17 -17 -18 -16 -21 -6
right_child=1 2 3 4 5 11 -8 8 -10 -11 -12 -13 13 14 15 16 18 -19 -20 20 -22 -23
leaf_value=-0.00068842013591035667 0.00068163982581278431 -0.0014281231610636625 -0.0010499545857310295 -0.00090174045030185618 0.00054667091805770589 0.0003185148643387947 0.0013311977132689206 0.0012217779174814216 -0.00021563434016166463 0.00030067450726860176 -0.00034790869089192707 -0.00069864110108548109 0.0010351834985406392 -0.00073391677412603577 -0.00017570254646918988 1.4429471053371723e-05 -0.00080580134448135369 0.0010677305963801462 -6.5932364446718753e-05 0.0011702159993417028 0.00025077725926836902 -0.00036261817461179035
leaf_weight=21 33 21 25 28 21 20 25 26 27 34 20 21 22 21 22 137 46 23 177 21 38 21
leaf_count=21 33 21 25 28 21 20 25 26 27 34 20 21 22 21 22 137 46 23 177 21 38 21
internal_value=2.23094e-12 -0.000157908 -0.000295062 -0.000140706 2.64349e-05 0.000267073 0.000554404 6.03388e-05 0.000415713 0.000699819 -0.000901189 -0.000202467 1.78282e-06 3.03711e-05 -1.5208e-05 1.73198e-05 -5.79693e-05 0.000165842 -0.000218551 0.000373316 0.000578035 9.20264e-05
internal_weight=850 235 202 161 136 108 67 615 87 60 41 41 528 507 485 464 383 160 223 81 59 42
internal_count=850 235 202 161 136 108 67 615 87 60 41 41 528 507 485 464 383 160 223 81 59 42
is_linear=0
shrinkage=0.3


Tree=40
num_leaves=12
num_cat=0
split_feature=22 5 15 6 15 5 26 6 20 11 5
split_gain=7.83154e-05 7.84435e-05 0.00011815 0.000147175 0.000113936 0.000203903 0.000108195 0.000249884 0.000133075 0.000103871 8.8428e-05
threshold=0.96145800000000003 -0.032414554503566638 -0.019226095344094845 0.0040899567986331983 -0.017256003300742402 -0.013372054674035032 0.93237500000000006 0.0017290011725864861 0.021060000000000006 46.428658754782575 -0.01036267230963483
decision_type=2 2 2 2 2 2 2 2 2 2 2
left_child=1 -1 3 -3 -4 9 8 -8 -7 -6 -10
right_child=-2 2 4 -5 5 6 7 -9 10 -11 -12
leaf_value=-0.00043999940083411178 0.0004330082786206428 -1.2001631548628211e-05 -0.00071625730155834122 0.0010798390083073173 0.001079203803833066 0.00070677910354623391 -0.0012767154969333205 0.00022293688380159438 -0.00045388317034849023 0.00015732653939101675 -1.2196491136689604e-05
leaf_weight=38 36 25 21 20 22 22 20 20 44 22 560
leaf_count=38 36 25 21 20 22 22 20 20 44 22 560
internal_value=-2.49672e-12 -1.91502e-05 1.45835e-06 0.000473261 -2.75856e-05 -7.21642e-06 -4.85395e-05 -0.000526889 -1.7974e-05 0.000618265 -4.43723e-05
internal_weight=850 814 776 45 731 710 666 40 626 44 604
internal_count=850 814 776 45 731 710 666 40 626 44 604
is_linear=0
shrinkage=0.3


Tree=41
num_leaves=31
num_cat=0
split_feature=8 17 22 17 18 18 18 15 17 21 8 14 16 20 13 9 3 9 9 26 15 16 28 11 11 21 3 0 2 21
split_gain=6.5693e-05 0.000210869 0.000348159 0.000183236 0.000179798 0.000176832 0.000139805 0.000214001 0.000157457 0.000139048 0.00015308 0.000189628 0.000155372 0.000197622 0.000163049 0.000162318 0.000142589 0.000308705 0.000270187 0.000155685 0.000151051 0.000165148 0.000137527 0.000126862 0.000125215 0.000122656 9.82638e-05 0.000109101 9.78296e-05 7.99876e-05
threshold=-0.012333059113506545 0.0075023381146771574 0.017776000000000004 0.0050104544996179669 0.25654833208904704 -0.56900163695785499 -0.10346593420410559 -0.017023943110178155 0.010570811775969901 0.10190850000000001 0.098984644431077948 0.026266504898988526 0.0016406495040023215 0.18431750000000002 0.024250116954432476 0.015515891073366152 4.7251679897308358 0.037651425538754883 0.018536168564410118 0.87849150000000009 1.0000000180025095e-35 0.0039920280729803482 1.0000000180025095e-35 62.709568691297214 62.986557418134964 0.037196500000000007 4.6790781021118173 4.5278178292568514 4.5677752875248947 0.057253500000000006
decision_type=2 2 2 2 2 2 2 2 2 2 2 2 2 2 2 2 2 2 2 2 2 2 2 2 2 2 2 2 2 2
left_child=1 2 -1 4 5 -4 8 -8 -3 16 12 -12 -11 15 -15 -14 18 20 19 -2 21 -18 -6 -20 -17 -22 27 -7 -9 -27
right_child=9 6 3 -5 22 26 7 28 -10 10 11 -13 13 14 -16 24 17 -19 23 -21 25 -23 -24 -25 -26 29 -28 -29 -30 -31
leaf_value=0.0012974255061837742 0.0012836858394115957 -0.0005062019622346269 0.00045984597742790355 0.00074669910876158001 -2.1727157052902676e-05 -0.000715582575649023 -0.0012927052766463019 -0.00068160363236009801 0.00053857662522303245 0.00018721119352113944 -0.00034516478605967548 0.00094557947275461626 -0.0009067763590296222 -0.00039089836835046302 -0.0013572454488232986 0.0003066312266404882 -0.00017741986700387386 0.00064666364218842669 -0.00076468915462360855 0.00033624473417640308 0.00037680695185211816 -0.0012466859516839927 0.0010515895892500079 0.00027809170340853075 -0.00059250793949104262 -0.00077022627899524471 -0.00089393590651211678 0.00021641110892792661 0.00012153396187036728 2.0968926638369853e-05
leaf_weight=27 27 20 25 36 22 20 20 21 37 38 21 20 22 30 33 46 26 39 21 37 34 26 21 21 20 23 29 26 39 23
leaf_count=27 27 20 25 36 22 20 20 21 37 38 21 20 22 30 33 46 26 39 21 37 34 26 21 21 20 23 29 26 39 23
internal_value=1.23263e-13 0.000101398 0.000293224 0.000141752 -1.05425e-05 -0.00023113 -0.000187041 -0.000442849 0.000171988 -6.85985e-05 -0.000241013 0.000284467 -0.000355006 -0.000491459 -0.00089708 -0.00020107 7.4562e-05 -9.49026e-05 0.000347944 0.000735946 -0.000314002 -0.000712053 0.000502451 -0.000243299 3.41648e-05 -5.52685e-05 -0.000461455 -0.000188804 -0.000159564 -0.000374629
internal_weight=850 343 206 179 143 100 137 80 57 507 230 41 189 151 63 88 277 171 106 64 132 52 43 42 66 80 75 46 60 46
internal_count=850 343 206 179 143 100 137 80 57 507 230 41 189 151 63 88 277 171 106 64 132 52 43 42 66 80 75 46 60 46
is_linear=0
shrinkage=0.3


Tree=42
num_leaves=14
num_cat=0
split_feature=8 8 16 8 6 19 0 8 11 13 14 3 14
split_gain=5.98696e-05 8.72772e-05 0.000120511 9.07881e-05 0.000198156 6.50381e-05 0.000314585 0.000142367 0.000129922 0.000123045 0.000126756 9.71697e-05 8.3627e-05
threshold=0.13480011317968402 0.10880269368068129 0.0056710470772005856 0.085842450076524815 1.0000000180025095e-35 0.72352000000000005 5.0084689619824738 0.014644596617262329 65.705023219470675 0.043582711883270328 0.058574566725283883 4.9194116592407235 0.021317866279006146
decision_type=2 2 2 2 2 2 2 2 2 2 2 2 2
left_child=1 3 -3 5 -5 8 7 12 9 10 11 -1 -7
right_child=-2 2 -4 4 -6 6 -8 -9 -10 -11 -12 -13 -14
leaf_value=-5.0214141690428762e-05 -0.00038420208072888527 -9.5304595870402412e-05 0.00092219227815142156 -0.0010356087469161771 0.00022376952190163797 -0.00043711024489901908 -0.00095805955922568338 0.00068660805894372372 0.0008135789696825668 0.00070062564773252232 -0.0007161536626102003 0.00022885105587462288 0.00020072512581120118
leaf_weight=366 35 20 22 23 22 37 34 27 20 24 21 162 37
leaf_count=366 35 20 22 23 22 37 34 27 20 24 21 162 37
internal_value=8.01693e-14 1.64995e-05 0.00043767 -6.3843e-06 -0.000419913 1.91772e-05 -0.000168754 9.69522e-05 6.1961e-05 3.57265e-05 6.65987e-06 3.54081e-05 -0.000118193
internal_weight=850 815 42 773 45 728 135 101 593 573 549 528 74
internal_count=850 815 42 773 45 728 135 101 593 573 549 528 74
is_linear=0
shrinkage=0.3


Tree=43
num_leaves=18
num_cat=0
split_feature=4 4 4 5 13 10 10 18 5 21 21 21 6 4 17 0 17
split_gain=5.89705e-05 0.000102819 0.000102015 8.50093e-05 6.9253e-05 6.9594e-05 0.000128906 0.000170066 0.000115346 0.000106328 0.000138578 0.000129678 0.000104456 9.941e-05 9.80977e-05 0.000174054 0.000154521
threshold=14559550.000000002 12950700.000000002 20394850.000000004 -0.034871093134794744 0.043133306890765118 -0.063961977052265306 -0.95719670147693325 0.051037250701924324 0.0051205681397085345 0.060329000000000001 0.039738000000000002 0.29453650000000003 -0.018315804159720957 4191200.0000000005 0.0081967133022516261 5.82485984499798 0.017069742093122942
decision_type=2 2 2 2 2 2 2 2 2 2 2 2 2 2 2 2 2
left_child=1 3 -2 -1 5 6 9 13 -9 10 -5 -11 -7 -8 15 -14 -16
right_child=2 -3 -4 4 -6 12 7 8 -10 11 -12 -13 14 -15 16 -17 -18
leaf_value=-0.00061127612818381752 0.00063699998486712987 -0.00059656274485557026 -0.00017588475684533476 -4.3265857565529588e-05 -0.00049701970581182925 0.00054979825230839195 0.00036773838387902784 0.0010411565929713945 0.00015502006317547057 -0.00069105359359398144 0.00087507301463379654 5.6328649429815406e-05 -0.00011587158487777334 -0.00030973067798445951 0.00032023802899219816 -0.0010346733880578539 -0.00045882103133408235
leaf_weight=20 33 27 24 50 23 25 44 39 20 37 21 48 257 35 97 20 30
leaf_count=20 33 27 24 50 23 25 44 39 20 37 21 48 257 35 97 20 30
internal_value=8.49843e-13 -2.11851e-05 0.000294733 -9.04139e-07 1.54597e-05 3.17627e-05 0.000144195 0.000355402 0.000740771 -4.26408e-05 0.000228355 -0.000269002 -4.52892e-05 6.75939e-05 -8.21139e-05 -0.000182211 0.000136208
internal_weight=850 793 57 766 746 723 294 138 59 156 71 85 429 79 404 277 127
internal_count=850 793 57 766 746 723 294 138 59 156 71 85 429 79 404 277 127
is_linear=0
shrinkage=0.3


Tree=44
num_leaves=21
num_cat=0
split_feature=5 27 22 5 7 5 14 12 10 12 12 12 6 22 1 6 8 13 4 15
split_gain=7.95816e-05 0.000159408 0.000293117 7.70842e-05 0.000182584 7.3496e-05 8.88056e-05 7.48362e-05 0.000215296 0.000179241 0.000158387 0.000234578 0.000138643 0.000198817 0.000228285 0.000131434 0.000114937 0.000104895 0.000103776 9.62716e-05
threshold=-0.025409028368138117 0.93388000000000015 0.42327450000000005 -0.018463195888810211 0.0019902438648898443 -0.013372054674035032 0.027027001525717919 -0.00057084749516286652 0.69794574016208022 -2.1665845428773009e-05 0.00052473565801817198 0.0011708854504810854 -0.014507982090588825 0.024717500000000003 4.8597702472954518 -0.0059940597425534904 -0.017225396680396275 0.020325372225469453 4191200.0000000005 0.0082135789509348422
decision_type=2 2 2 2 2 2 2 2 2 2 2 2 2 2 2 2 2 2 2 2
left_child=1 2 -1 4 -2 6 -5 8 12 -9 18 17 19 14 -14 -15 -13 -12 -11 -7
right_child=3 -3 -4 5 -6 7 -8 9 -10 10 11 16 13 15 -16 -17 -18 -19 -20 -21
leaf_value=0.0007742272889507668 -0.0010464830473730605 0.0010245012849918566 -0.00083052818983560424 1.0935838197058599e-05 0.0002045179939679136 -0.00095589029932180761 0.00083862647922614995 0.00077097914073764786 -0.0010730016851864222 -9.8055964728068233e-05 0.00018050093814963474 0.00035440984532837514 -0.00010556128690950572 0.00040409399623647061 0.0012625237639598628 -0.00026599274430433675 -0.00011802093129209688 0.0010943536034364325 -0.0010204629116092941 -0.00017014615981073196
leaf_weight=21 21 20 20 28 21 23 20 29 21 23 20 57 21 34 23 117 248 26 21 36
leaf_count=21 21 20 20 28 21 23 20 29 21 23 20 57 21 34 23 117 248 26 21 36
internal_value=1.9247e-12 0.000330135 -8.58026e-06 -2.55237e-05 -0.000420983 -3.28911e-06 0.000355807 -2.79481e-05 -0.000149834 5.11056e-05 -1.74589e-06 6.55139e-05 -7.35096e-05 4.84067e-05 0.000609574 -0.000115112 -2.97306e-05 0.000697026 -0.000538296 -0.000476453
internal_weight=850 61 41 789 42 747 48 699 275 424 395 351 254 195 44 151 305 46 44 59
internal_count=850 61 41 789 42 747 48 699 275 424 395 351 254 195 44 151 305 46 44 59
is_linear=0
shrinkage=0.3


Tree=45
num_leaves=21
num_cat=0
split_feature=28 20 19 13 11 7 9 17 18 18 22 22 16 9 13 7 12 17 10 13
split_gain=6.16429e-05 0.000116645 0.00015104 0.00010396 9.14755e-05 0.000100986 0.000121004 0.000149252 0.000118711 0.000174468 0.000118562 9.1722e-05 9.08534e-05 8.49231e-05 8.19413e-05 0.000137343 0.000132337 0.000126413 0.000119661 3.58408e-05
threshold=1.0000000180025095e-35 0.013947000000000003 -0.91235149999999987 0.035272312378495228 33.578281499359036 0.018500229187797698 0.031205485729045867 0.0045715734887824743 0.41882939884305148 -0.19445936830272095 0.13186150000000005 0.15320650000000002 0.0041666625274553786 0.056870030642272106 0.034077422246063561 0.024453358493917211 0.0059664573472312356 0.0021344720856744585 1.297413034445551 0.029088684884554624
decision_type=2 2 2 2 2 2 2 2 2 2 2 2 2 2 2 2 2 2 2 2
left_child=1 -1 -3 14 -2 6 8 -8 9 10 -6 -10 -11 -5 15 16 17 -4 -18 -9
right_child=4 2 3 13 5 -7 7 19 11 12 -12 -13 -14 -15 -16 -17 18 -19 -20 -21
leaf_value=0.0004866167396275242 0.00053741537745876343 -0.00074843318536295552 0.00018555869093035698 -0.00084084224755105622 0.00091838480312162569 0.00052777989394063986 -0.00085806122253416104 -0.0002736410537701366 0.00012911804602481423 -0.00070217846405284934 -7.2944118879935227e-06 0.00096901397780377665 9.5301398469018741e-05 -3.9981880929024723e-05 0.00055557029898574742 -0.00072019055834971369 0.00095836057563523675 -0.00020131370609155147 6.1263616669293699e-05 0.00026843818638514242
leaf_weight=33 39 30 117 26 20 34 30 21 25 36 33 22 20 22 22 25 23 217 32 23
leaf_count=33 39 30 117 26 20 34 30 21 25 36 33 22 20 22 22 25 23 217 32 23
internal_value=-9.04171e-13 -6.01286e-05 -9.52309e-05 -5.47432e-05 0.000108549 4.51937e-05 -2.61451e-05 -0.000342084 0.000123723 -4.81231e-05 0.000342018 0.000522261 -0.000417364 -0.000473781 -8.61054e-06 -3.85912e-05 5.21342e-06 -6.57925e-05 0.000436413 9.71855e-06
internal_weight=850 547 514 484 303 264 230 74 156 109 53 47 56 48 436 414 389 334 55 44
internal_count=850 547 514 484 303 264 230 74 156 109 53 47 56 48 436 414 389 334 55 44
is_linear=0
shrinkage=0.3


Tree=46
num_leaves=22
num_cat=0
split_feature=6 8 18 5 16 18 21 18 6 6 15 2 6 13 19 5 7 14 22 11 3
split_gain=5.05995e-05 7.70842e-05 7.71148e-05 0.000131902 0.000166909 0.000121099 9.09606e-05 0.00022318 9.80336e-05 0.000100041 0.000226563 0.000242867 0.000156793 0.00015315 0.000152472 9.01737e-05 8.49168e-05 7.28787e-05 6.51064e-05 0.000137458 6.33632e-05
threshold=-0.042193184268025465 -0.14568650620720844 -0.23035159709995254 0.011246550837982748 0.0040444897154435699 -0.46157831202024796 0.024353500000000004 0.41882939884305148 -0.022156480112352554 -0.0061100348815364925 -0.0019011910730446951 4.6781220010921709 -0.0021367392770927991 0.026033301827441079 0.17325150000000003 0.0039918442463511448 0.0017290011725864861 0.020491783255629056 0.024717500000000003 43.649186612049796 4.7198987007141122
decision_type=2 2 2 2 2 2 2 2 2 2 2 2 2 2 2 2 2 2 2 2 2
left_child=-1 -2 3 5 -5 15 7 -4 -8 10 11 -10 -11 -14 -12 18 20 -18 -3 -20 -7
right_child=1 2 6 4 -6 16 8 -9 9 12 14 -13 13 -15 -16 -17 17 -19 19 -21 -22
leaf_value=0.00047152970058959907 -0.00043461568515143685 0.00049415062250773194 -0.00096114736646995874 4.2386280635938692e-05 0.00119821236691099 0.00041191935056953554 -0.0006222707277629524 0.00033262480559642426 -6.1248668062034993e-05 -0.0006529937315782583 0.00025458507548248191 0.0012976573117314196 0.00017929218136764652 -0.00025972446263949678 -0.00067411285193744468 -0.0005552005662834477 0.00023932129873339197 0.0010206517979635724 0.00049650180787921274 -0.00035505562087657103 -0.0003016413603290857
leaf_weight=20 37 20 30 23 22 21 23 20 20 37 41 29 177 120 26 34 22 21 24 59 24
leaf_count=20 37 20 30 23 22 21 23 20 20 37 41 29 177 120 26 34 22 21 24 59 24
internal_value=-1.52378e-12 -1.13622e-05 8.38611e-06 0.00013859 0.000607457 4.48161e-05 -5.88317e-05 -0.000443638 -1.81545e-05 1.27226e-05 0.000252743 0.000743002 -7.06377e-05 1.91172e-06 -0.000105805 -0.000131577 0.000319428 0.000620901 8.25994e-06 -0.000108822 3.13536e-05
internal_weight=850 830 793 270 45 225 523 50 473 450 116 49 334 297 67 137 88 43 103 83 45
internal_count=850 830 793 270 45 225 523 50 473 450 116 49 334 297 67 137 88 43 103 83 45
is_linear=0
shrinkage=0.3


Tree=47
num_leaves=22
num_cat=0
split_feature=2 8 11 22 8 0 5 15 8 22 1 3 5 10 17 18 15 12 16 10 10
split_gain=4.94527e-05 0.000125324 0.000102677 0.000107274 0.000181748 0.000124088 9.7128e-05 0.000129606 0.000108562 0.000300876 0.000119335 0.000110655 0.000100397 0.000162734 0.000149871 9.26957e-05 9.17308e-05 8.71906e-05 8.22045e-05 9.90154e-05 4.23562e-05
threshold=4.6297940948049048 -0.14568650620720844 67.270297409685611 0.020460500000000003 -0.1230414251091146 4.6288661864650864 -0.025409028368138117 -0.018537616489630395 -0.012333059113506545 0.021046500000000006 5.9060404428792728 4.8325285911560067 0.0019902438648898443 1.6403744946564789 0.0036330603107010912 -0.28083164011477707 0.0021412844204842401 -0.0080975383754417138 0.0021505454852408725 -0.8153849101220394 -0.25917441887695403
decision_type=2 2 2 2 2 2 2 2 2 2 2 2 2 2 2 2 2 2 2 2 2
left_child=2 -2 3 -1 -5 15 -3 -8 9 -9 12 -11 14 -14 -10 16 -6 -13 -17 -20 -7
right_child=1 6 -4 4 5 20 7 8 10 11 -12 17 13 -15 -16 18 -18 -19 19 -21 -22
leaf_value=-0.00042869422667488256 -0.00075667209444377052 0.00052836715573600175 0.00064266314667682826 0.00081839721227377853 -0.00014486761178381533 0.00019598177092451473 -0.00076770356532837136 0.0012854082477861085 0.00012883623581728897 -0.00049529008382316012 0.00042534535178300061 -0.00024509939103154463 0.00021183603641715444 -0.00046385792651879292 -0.00051854851402886924 -0.00059228178321903276 0.00064462545107324745 0.00044833173272676734 -0.00053047702365022686 0.00015647873806301504 0.00079920476153347406
leaf_weight=38 22 27 28 29 27 22 22 20 45 28 34 25 106 46 113 39 26 47 28 58 20
leaf_count=38 22 27 28 29 27 22 22 20 45 28 34 25 106 46 113 39 26 47 28 58 20
internal_value=1.5745e-12 -5.55246e-05 9.43037e-05 4.08052e-05 0.000112456 1.93998e-05 -2.54559e-05 -5.62238e-05 -2.24899e-05 0.000223201 -0.000108196 1.07598e-05 -0.000166714 7.34971e-06 -0.000334167 -9.00435e-05 0.000242431 0.000207557 -0.000231013 -6.71813e-05 0.000483231
internal_weight=850 535 315 287 249 220 513 486 464 120 344 100 310 152 158 178 53 72 125 86 42
internal_count=850 535 315 287 249 220 513 486 464 120 344 100 310 152 158 178 53 72 125 86 42
is_linear=0
shrinkage=0.3


Tree=48
num_leaves=14
num_cat=0
split_feature=13 12 15 15 8 8 15 4 7 19 7 7 12
split_gain=4.93418e-05 5.36442e-05 0.000125561 5.56416e-05 0.000126972 9.6174e-05 9.31205e-05 7.68437e-05 0.00010479 0.000124932 7.57862e-05 0.000129283 6.62032e-05
threshold=0.04376480810726615 -0.0095844934864508513 -0.0063898357411100752 -0.013384527021778782 -0.091210659643874689 -0.06613902164094522 -0.010752626424140809 4933700.0000000009 0.0060305003033968791 0.11707100000000002 -0.014658094766396514 -0.012520613721818416 0.0025758300427018549
decision_type=2 2 2 2 2 2 2 2 2 2 2 2 2
left_child=1 2 -1 7 -5 -6 -7 -3 9 -9 12 -12 -8
right_child=-2 3 -4 4 5 6 10 8 -10 -11 11 -13 -14
leaf_value=-0.00080606034098309467 0.00039905934212988031 -0.00021437815448734909 0.00016435536431913533 -0.00061312110829021545 0.00063080008636851352 -0.00060132118558158248 0.00010048484112023569 -0.00028640599557547828 0.00072304100067412949 0.00055851820930651486 -0.00076888817878040879 -8.0829682071859491e-06 0.00072130200609204955
leaf_weight=24 27 33 24 32 21 24 52 36 36 28 21 470 22
leaf_count=24 27 33 24 32 21 24 52 36 36 28 21 470 22
internal_value=8.21916e-13 -1.30919e-05 -0.000320852 5.96944e-06 -3.06177e-05 -6.016e-08 -2.25526e-05 0.000182578 0.000313574 8.32483e-05 2.03223e-06 -4.06225e-05 0.000285052
internal_weight=850 823 48 775 642 610 589 133 100 64 565 491 74
internal_count=850 823 48 775 642 610 589 133 100 64 565 491 74
is_linear=0
shrinkage=0.3


Tree=49
num_leaves=24
num_cat=0
split_feature=22 7 14 7 14 14 5 27 7 13 13 9 14 14 21 12 11 14 0 17 0 14 0
split_gain=3.87306e-05 9.01013e-05 0.000146209 0.000129472 9.40982e-05 0.000109491 8.89954e-05 8.62785e-05 0.000131558 8.32825e-05 8.25285e-05 7.59487e-05 8.95813e-05 8.66997e-05 0.000166335 0.000136044 8.84166e-05 8.28542e-05 8.20021e-05 0.000111531 0.000111072 7.20841e-05 4.72451e-05
threshold=0.044426000000000007 0.0087108709612459274 0.030991705004110397 -0.006127166461552422 0.022483352984975804 0.014693892562158703 0.0035292396800090256 0.85677250000000005 0.019048352476054048 0.020829048879428321 0.014358507379040061 0.011442059894857018 0.01516590195776679 0.016521345351063647 0.061300500000000008 0.001358749480506113 28.089943495313531 0.017051517794124036 5.1503645132828817 0.0049342582506235197 5.062999317727237 0.013170320150536045 4.7488053622471407
decision_type=2 2 2 2 2 2 2 2 2 2 2 2 2 2 2 2 2 2 2 2 2 2 2
left_child=1 2 4 -4 5 9 -7 -3 -9 -1 -2 12 -12 14 21 -16 -15 -18 20 -20 -19 -13 -6
right_child=10 7 3 -5 22 6 -8 8 -10 -11 11 13 -14 16 15 -17 17 18 19 -21 -22 -23 -24
leaf_value=-1.0400666815257864e-05 -0.00055484199911006728 -0.0009212727228805305 -0.0010469001784804276 -1.3389157538767904e-05 0.00075409970260387541 -1.9498741493120368e-05 -0.00077768794342938984 -0.00066546302006590058 0.00037309830492761515 0.00075846672526885025 0.00089142559744297091 -0.00026331469226810754 5.0942054484039541e-05 0.00069573796333445765 -0.00030882156795335256 0.00057388034023460929 0.00065788281674031171 -7.6170528250879048e-06 -0.00014216421875365388 0.00045377018111474553 -0.00072973862282067 -0.0010144050015736391 0.00017649872165929992
leaf_weight=32 20 20 20 24 26 38 22 23 21 21 21 23 25 21 33 30 20 220 45 76 21 23 25
leaf_count=32 20 20 20 24 26 38 22 23 21 21 21 23 25 21 33 30 20 220 45 76 21 23 25
internal_value=-4.46268e-13 -9.33508e-05 2.42601e-06 -0.000483167 0.000132707 -1.99567e-05 -0.000297501 -0.000404626 -0.000169786 0.000294245 4.39298e-05 6.53912e-05 0.000434641 3.22164e-05 -0.000205158 0.000111513 9.64194e-05 6.34726e-05 3.06323e-05 0.000232142 -7.05405e-05 -0.00063886 0.000470962
internal_weight=850 272 208 44 164 113 60 64 44 53 578 558 46 512 109 63 403 382 362 121 241 46 51
internal_count=850 272 208 44 164 113 60 64 44 53 578 558 46 512 109 63 403 382 362 121 241 46 51
is_linear=0
shrinkage=0.3


Tree=50
num_leaves=11
num_cat=0
split_feature=7 7 7 5 15 15 4 5 10 22
split_gain=3.45413e-05 8.01846e-05 0.000108653 6.88697e-05 9.26532e-05 8.70614e-05 9.97776e-05 6.67824e-05 7.6889e-05 5.81686e-05
threshold=-0.040010669543383025 -0.025409028368138117 -0.021076427453532266 0.026510895742262858 0.020163769042556429 0.013370852539195946 7397350.0000000009 0.01339755173283967 -1.5080819791063627 0.16279350000000004
decision_type=2 2 2 2 2 2 2 2 2 2
left_child=-1 -2 -3 4 5 7 -7 8 -4 -5
right_child=1 2 3 9 -6 6 -8 -9 -10 -11
leaf_value=-0.00035478518584568518 0.00044194120139739399 -0.00068317895326929694 0.00029105562389531765 -0.00073655371408676729 0.0005370171799504239 -1.9313999100631918e-05 -0.000871928219982822 0.00049860291247670022 -2.4124906568483252e-05 -1.3008578389417379e-05
leaf_weight=24 37 21 80 20 31 30 21 27 539 20
leaf_count=24 37 21 80 20 31 30 21 27 539 20
internal_value=2.01376e-14 1.03085e-05 -9.9328e-06 8.47627e-06 2.95344e-05 6.9634e-06 -0.00037039 3.67545e-05 1.66092e-05 -0.000374781
internal_weight=850 826 789 768 728 697 51 646 619 40
internal_count=850 826 789 768 728 697 51 646 619 40
is_linear=0
shrinkage=0.3


Tree=51
num_leaves=25
num_cat=0
split_feature=21 10 4 3 9 22 1 18 12 12 26 18 26 10 6 7 12 1 14 7 11 26 21 15
split_gain=3.23013e-05 4.10008e-05 0.000106914 0.000132527 8.32684e-05 6.96601e-05 8.45103e-05 4.18499e-05 0.000102457 9.7447e-05 0.000113246 9.71543e-05 9.81092e-05 9.42274e-05 0.000115488 0.000114024 0.000105134 0.000129592 7.97138e-05 8.34623e-05 9.65083e-05 6.28803e-05 5.80871e-05 3.86686e-05
threshold=0.017366500000000003 -1.2667407315316783 8135650.0000000009 4.6577079296112069 0.022277708838786662 0.042110500000000002 4.7652204098125681 -0.21119973447512402 0.0012406771982588661 -0.0043114397395020865 0.8888330000000001 -0.16093434475120941 0.93396100000000015 -0.10870383646376566 -0.0072139227061098054 -1.0000000180025095e-35 0.00095953718544498966 5.4552927133723577 0.029271731681057848 0.01223254865501114 55.842036905657075 0.48582700000000006 0.041916000000000002 0.0040245483356517783
decision_type=2 2 2 2 2 2 2 2 2 2 2 2 2 2 2 2 2 2 2 2 2 2 2 2
left_child=-1 2 3 4 -2 -4 -7 8 9 -3 21 -9 13 14 -13 -16 22 -18 19 20 -10 23 -15 -11
right_child=1 7 5 -5 -6 6 -8 11 18 10 -12 12 -14 16 15 -17 17 -19 -20 -21 -22 -23 -24 -25
leaf_value=0.00037674377977964469 0.00020913619119974396 -0.00025173392920847121 -0.00032583214176286541 -0.00094024601276032627 -0.00051886351743283177 -0.00013602033624920295 0.00067761207917808647 -0.00056295553347746172 -6.0755024862694826e-05 0.00082726718454068755 0.0010463346130563877 0.00075922914934794378 -0.00044769992603575629 0.00013015777658438308 0.00052057673425224497 -0.00025313315843050076 -3.8986510822100713e-05 0.00058830885957561528 0.0003112101445166819 0.00029975405865116043 -0.00080571921280352392 -1.421552145378276e-05 -0.00045449632676676483 0.00023733726193313486
leaf_weight=20 31 22 21 26 26 20 27 29 34 20 22 33 39 20 30 40 149 37 34 20 29 36 65 20
leaf_count=20 31 22 21 26 26 20 27 29 34 20 22 33 39 20 30 40 149 37 34 20 29 36 65 20
internal_value=-6.3346e-13 -9.07816e-06 -0.00015047 -0.000378959 -0.000122934 0.000128421 0.000331386 2.23654e-05 0.000124077 0.000318846 0.000446936 -3.21723e-05 5.09824e-06 5.23152e-05 0.000296568 7.84568e-05 -4.05191e-05 8.57981e-05 -7.56863e-05 -0.000234174 -0.000403675 0.000273425 -0.000316931 0.000532302
internal_weight=850 830 151 83 57 68 47 679 237 120 98 442 413 374 103 70 271 186 117 83 63 76 85 40
internal_count=850 830 151 83 57 68 47 679 237 120 98 442 413 374 103 70 271 186 117 83 63 76 85 40
is_linear=0
shrinkage=0.3


Tree=52
num_leaves=21
num_cat=0
split_feature=0 9 8 13 26 19 13 2 12 21 9 21 10 10 10 14 15 3 5 16
split_gain=3.65627e-05 0.00010965 8.29198e-05 0.000167182 0.00011948 7.42274e-05 8.42004e-05 5.67508e-05 5.86967e-05 8.68909e-05 8.79897e-05 8.11425e-05 0.000102433 7.50129e-05 7.14517e-05 6.98887e-05 5.79208e-05 5.10778e-05 5.87903e-05 4.6855e-05
threshold=5.0938399867588195 0.019904271925955969 0.025951417447519953 0.029281461921696929 0.63649400000000012 0.71805700000000006 0.028170597385855291 4.9802390516685646 0.0042443613245629766 0.235127 0.031347427919129249 0.8489270000000001 1.3307680280631413 1.0475283699271158 0.74629295140172258 0.04477612699037567 0.0020408629973885464 5.6588282585144052 -0.0018976046885870184 0.0042150141806909886
decision_type=2 2 2 2 2 2 2 2 2 2 2 2 2 2 2 2 2 2 2 2
left_child=7 -2 3 -3 -5 6 17 8 11 10 -10 12 13 14 15 -1 -11 18 -4 -13
right_child=1 2 5 4 -6 -7 -8 -9 9 16 -12 19 -14 -15 -16 -17 -18 -19 -20 -21
leaf_value=1.6150985674430334e-05 0.00038114576603523649 -0.001035787910869759 -0.0004562670749874087 0.00038299872033783924 -0.00061959259717696107 0.00040777719058006855 0.00030728956318433541 0.00046374312951229512 -0.00088079603738151486 -0.00021763556349989292 -0.0001335767757720188 -0.00063408957159315985 0.00067945868168653055 -0.00046093665081096567 0.00052610111670219333 0.00047429927614178844 0.00047891386467116797 -0.00057786823187295036 0.00026242250501776909 -2.1696563690847655e-05
leaf_weight=326 36 27 20 23 20 26 26 27 23 21 37 22 26 23 32 33 22 36 21 23
leaf_count=326 36 27 20 23 20 26 26 27 23 21 37 22 26 23 32 33 22 36 21 23
internal_value=5.63673e-13 -0.000100655 -0.000187815 -0.000450702 -8.33228e-05 -4.51627e-05 -0.000159497 3.84616e-05 1.89334e-05 -0.000186747 -0.000420011 6.26139e-05 0.000101856 6.55816e-05 9.65533e-05 5.82649e-05 0.000138739 -0.000317113 -8.81578e-05 -0.000321089
internal_weight=850 235 199 70 43 129 103 615 588 103 60 485 440 414 391 359 43 77 41 45
internal_count=850 235 199 70 43 129 103 615 588 103 60 485 440 414 391 359 43 77 41 45
is_linear=0
shrinkage=0.3


Tree=53
num_leaves=18
num_cat=0
split_feature=8 21 13 10 11 8 12 14 7 22 12 26 14 17 18 12 19
split_gain=3.69989e-05 4.29547e-05 9.78274e-05 6.80177e-05 8.7352e-05 6.60616e-05 0.00010447 9.31836e-05 6.99512e-05 6.65683e-05 6.06431e-05 6.0638e-05 7.26064e-05 8.53942e-05 5.52404e-05 3.76754e-05 7.0409e-05
threshold=0.14178345497532172 0.029330000000000005 0.019741336659727462 -0.45193766504442562 35.100009511658271 0.097737432957002712 0.0074955179734086863 0.047926353429232342 0.0018692069111060949 0.13322600000000004 0.0076998696551288486 0.92536300000000016 0.035815265779185909 0.010507928407434001 0.41644742937423912 0.0045257162971631291 -0.91596999999999984
decision_type=2 2 2 2 2 2 2 2 2 2 2 2 2 2 2 2 2
left_child=1 2 -1 4 -4 6 7 11 -9 -8 -7 12 14 -14 -3 16 -5
right_child=-2 5 3 15 -6 10 9 8 -10 -11 -12 -13 13 -15 -16 -17 -18
leaf_value=-0.00034255200763355891 -0.0003523570026188211 -4.0516723891451457e-05 0.00048461606915225271 0.00074168076644127718 -0.00035654479326331054 6.4960537565639234e-05 -0.00080714106393861584 -9.064947163278703e-05 -0.00084338108790689144 -0.00012777359663813413 0.00071034569547919087 -0.00043193378462456162 1.660346791719679e-05 0.00087311589421005913 0.00021178352114585515 0.00084107239483273584 -4.4826221840464443e-05
leaf_weight=27 26 370 20 20 25 38 25 25 20 27 20 25 22 20 99 20 21
leaf_count=27 26 370 20 20 25 38 25 25 20 27 20 25 22 20 99 20 21
internal_value=2.83401e-13 1.11181e-05 0.000167244 0.000297098 1.73045e-05 -1.89323e-05 -4.70105e-05 -1.05494e-05 -0.000425197 -0.000454393 0.000287507 2.42624e-05 4.65812e-05 0.000424467 1.27407e-05 0.000503503 0.000338836
internal_weight=850 824 133 106 45 691 633 581 45 52 58 536 511 42 469 61 41
internal_count=850 824 133 106 45 691 633 581 45 52 58 536 511 42 469 61 41
is_linear=0
shrinkage=0.3


Tree=54
num_leaves=29
num_cat=0
split_feature=7 6 17 17 9 11 7 2 26 0 16 4 4 27 18 10 13 20 10 13 4 21 11 10 4 2 2 2
split_gain=2.96017e-05 2.91769e-05 7.22868e-05 0.000126554 0.000115321 0.000117211 8.97384e-05 7.52718e-05 9.11125e-05 0.000100488 7.43215e-05 5.08012e-05 0.000101268 0.0001099 8.27201e-05 0.00010491 8.85136e-05 8.30138e-05 7.76438e-05 6.46133e-05 6.20456e-05 8.55278e-05 0.000131797 9.60159e-05 8.44279e-05 5.98645e-05 9.92206e-05 5.01086e-05
threshold=0.032931014010060898 0.0040899567986331983 0.0095831673895926499 0.0081632573621466305 0.028602302945709476 66.658970821108127 0.01035388128145674 4.7725043538716578 0.88418850000000015 4.6432230092274649 0.0037313527859342117 7328450.0000000009 7908100.0000000009 0.78024750000000009 0.24350578134165721 -1.4425211719464646 0.034733717845291057 0.10600900000000001 -1.4211787843667527 0.020925667624035162 6307650.0000000009 0.046719500000000004 57.15642519638817 0.80777398857199734 2101050.0000000005 4.5197830543364672 4.6503674910343884 4.9895867360699384
decision_type=2 2 2 2 2 2 2 2 2 2 2 2 2 2 2 2 2 2 2 2 2 2 2 2 2 2 2 2
left_child=1 11 3 6 -4 27 7 8 9 -3 -9 18 -13 -14 15 -15 17 -16 19 -1 21 25 24 -24 -23 -20 -27 -6
right_child=-2 2 4 -5 5 -7 -8 10 -10 -11 -12 12 13 14 16 -17 -18 -19 20 -21 -22 22 23 -25 -26 26 -28 -29
leaf_value=2.5634507099831739e-05 -0.00028776076719476537 2.2398534638341514e-05 -0.00055637119042633762 0.00084693261835285655 6.2388072547037157e-05 -0.00046198054354005895 0.00055061516521329233 9.2187835644626131e-05 -0.00029837383142746279 0.00073564576044020662 -0.00060632460076233429 -0.00078256361448438829 -0.00062927250328357329 0.00087359855257091107 0.00038495189155582918 -3.2930402085185051e-05 -0.00069521549041382967 -0.00032685592149360232 -0.00016906897253647914 -0.00071856180836350964 0.00044730860967032832 -0.00045398812416470202 -7.4396652125869876e-05 -0.00098261698175602669 0.00018288147660827558 0.00097181022072618357 0.00017649166755973053 0.00071849673946747889
leaf_weight=21 31 40 36 23 20 21 33 26 28 32 29 21 27 20 30 27 20 29 21 21 38 23 20 22 101 20 48 22
leaf_count=21 31 40 36 23 20 21 33 26 28 32 29 21 27 20 30 27 20 29 21 21 38 23 20 22 101 20 48 22
internal_value=-1.74366e-12 1.0892e-05 8.34487e-05 0.000182679 -0.000128043 0.000116716 0.000101414 5.77812e-06 0.000160821 0.000339397 -0.000276119 -3.32977e-05 -0.000164804 -8.00136e-05 3.76847e-05 0.000352827 -0.000149805 3.50803e-05 3.50072e-05 -0.000346464 8.9689e-05 3.63967e-05 -9.08205e-05 -0.000550131 6.47524e-05 0.000273678 0.000410409 0.000406064
internal_weight=850 819 310 211 99 63 188 155 100 72 55 509 174 153 126 47 79 59 335 42 293 255 166 42 124 89 68 42
internal_count=850 819 310 211 99 63 188 155 100 72 55 509 174 153 126 47 79 59 335 42 293 255 166 42 124 89 68 42
is_linear=0
shrinkage=0.3


Tree=55
num_leaves=26
num_cat=0
split_feature=28 21 22 8 16 7 7 1 11 15 12 7 20 7 26 13 18 19 27 19 17 25 22 14 6
split_gain=2.58694e-05 5.27162e-05 5.8489e-05 4.79737e-05 0.000122854 6.00575e-05 7.44552e-05 0.000111022 0.000104528 8.97358e-05 7.13376e-05 6.24421e-05 7.16959e-05 6.33188e-05 5.17501e-05 5.29568e-05 4.75755e-05 8.95946e-05 8.50427e-05 0.000101129 8.06099e-05 6.96901e-05 5.96518e-05 5.79941e-05 4.52195e-05
threshold=1.0000000180025095e-35 0.85937200000000014 0.018459000000000007 -0.085419257317530459 0.0090977977137413138 0.024453358493917211 0.0019305057666435916 5.6973165255860501 68.391413715873497 -0.0086786433009053612 -0.0055138027113936358 0.0056605638686329151 0.16198550000000003 0.011591144334108945 0.068969500000000017 0.02404059174049258 0.17413731098117136 0.82775650000000012 0.72476450000000014 -0.35669949999999995 0.0020597323965302612 0.29166650000000005 0.33240800000000009 0.030217228786715396 1.0000000180025095e-35
decision_type=2 2 2 2 2 2 2 2 2 2 2 2 2 2 2 2 2 2 2 2 2 2 2 2 2
left_child=3 2 -2 4 -1 6 7 10 9 -8 -5 12 -11 -13 -12 -16 20 18 -18 -20 22 -22 -4 24 -23
right_child=1 -3 16 5 -6 -7 8 -9 -10 11 14 13 -14 -15 15 -17 17 -19 19 -21 21 23 -24 -25 -26
leaf_value=-0.00062304812321790925 0.00055321748950518666 -0.00037689262098865582 -0.00077785005978512343 0.00051556666789110751 0.00024394090087298534 -0.00040438569261596057 0.00049563898257171481 -0.00073122675768734708 0.00071872509987980064 0.0006812981983603094 0.00038186818768735974 -0.00040627755453006474 -0.00012198442149383482 7.6008472725724079e-05 3.3455989771602233e-05 -0.00028248176673741906 -0.00020045896904775874 -0.00034465900836429291 0.00015439115339669721 0.00088146085522153447 0.00042069455217102044 -0.00018256488709250166 -4.5138310088077557e-05 -0.00044356700941884457 0.00042569315835201205
leaf_weight=38 24 22 20 20 24 32 36 22 26 20 20 49 20 49 95 96 20 21 36 33 37 22 20 26 22
leaf_count=38 24 22 20 20 24 32 36 22 26 20 20 49 20 49 95 96 20 21 36 33 37 22 20 26 22
internal_value=-9.79606e-13 7.03197e-05 0.000105333 -3.89522e-05 -0.000287439 -7.18684e-06 2.08714e-05 -8.72657e-05 0.000157665 7.38281e-05 -2.59361e-05 -3.62095e-05 0.000279657 -0.000165135 -7.72633e-05 -0.00012534 6.35069e-05 0.000212721 0.000344237 0.00050212 -4.81496e-05 8.76802e-05 -0.000411494 -8.83417e-05 0.000121564
internal_weight=850 303 281 547 62 485 453 253 200 174 231 138 40 98 211 191 257 110 89 69 147 107 40 70 44
internal_count=850 303 281 547 62 485 453 253 200 174 231 138 40 98 211 191 257 110 89 69 147 107 40 70 44
is_linear=0
shrinkage=0.3


Tree=56
num_leaves=16
num_cat=0
split_feature=13 8 14 14 6 7 19 10 14 21 10 14 2 10 19
split_gain=3.14892e-05 2.8042e-05 4.46875e-05 5.81054e-05 5.46195e-05 8.69722e-05 4.46596e-05 3.66642e-05 0.000106571 0.000109049 8.23095e-05 0.000144671 7.73126e-05 9.54661e-05 5.651e-05
threshold=0.04376480810726615 -0.10805434425566278 0.041461054378836411 0.038009067232761533 0.0093633741816601564 0.0021255271189565693 0.080675000000000011 1.5213105320214666 0.030217228786715396 0.080168500000000018 1.2543855492528608 0.01985763019414398 5.652422584141835 1.1352941627620361 0.069538000000000003
decision_type=2 2 2 2 2 2 2 2 2 2 2 2 2 2 2
left_child=1 6 3 7 5 -4 -1 10 9 -9 12 -12 13 -3 -11
right_child=-2 2 4 -5 -6 -7 -8 8 -10 14 11 -13 -14 -15 -16
leaf_value=-0.00046538154885638505 0.00031879415231135982 -5.0239984303997679e-07 0.0004615022435245919 -0.00047649495681980622 0.00065392600095947261 -0.00035487505576937739 6.644927169771916e-05 0.00090767514592026474 -0.00031807294930266439 0.000419081884952586 -0.00099089366703992705 0.00012267622847243078 -0.00054886944364460012 0.00066799233885831203 -0.00027042625268222762
leaf_weight=30 27 497 24 24 20 23 27 23 28 23 21 21 22 20 20
leaf_count=30 27 497 24 24 20 23 27 23 28 23 21 21 22 20 20
internal_value=-1.45765e-12 -1.04586e-05 4.64735e-06 -1.77862e-05 0.000238693 6.19985e-05 -0.000213462 -1.47659e-06 0.000172349 0.000380407 -2.95999e-05 -0.000434109 1.92027e-06 2.53581e-05 9.83804e-05
internal_weight=850 823 766 699 67 47 57 675 94 66 581 42 539 517 43
internal_count=850 823 766 699 67 47 57 675 94 66 581 42 539 517 43
is_linear=0
shrinkage=0.3


Tree=57
num_leaves=22
num_cat=0
split_feature=27 4 9 9 14 7 7 7 15 18 8 19 19 20 22 19 26 10 12 18 6
split_gain=2.64317e-05 5.83147e-05 3.79853e-05 8.63063e-05 5.38219e-05 4.00182e-05 8.96651e-05 5.32055e-05 6.34463e-05 9.91496e-05 8.88448e-05 6.86142e-05 5.07412e-05 4.07931e-05 0.000119229 9.23343e-05 9.04996e-05 7.36342e-05 7.36031e-05 3.69064e-05 3.26615e-05
threshold=0.5414770000000001 4600000.0000000009 0.010280612313336769 0.011229243456561939 0.017021311781104536 -0.0081550219244335229 -0.0058580367641417322 -0.012320443634420196 0.002288489682120446 0.038767913589520447 0.014644596617262329 0.19125250000000002 -0.73258499999999993 0.18431750000000002 0.026006000000000005 0.7813460000000001 0.6639155000000001 1.7752302325127249 -0.00011504564003775646 -0.047962182624003376 -1.0000000180025095e-35
decision_type=2 2 2 2 2 2 2 2 2 2 2 2 2 2 2 2 2 2 2 2 2
left_child=1 -1 4 -4 20 7 -7 8 9 12 11 -10 -5 17 15 -15 -16 18 -8 -9 -2
right_child=2 -3 3 5 -6 6 13 19 10 -11 -12 -13 -14 14 16 -17 -18 -19 -20 -21 -22
leaf_value=-0.00019193001228684026 -0.00031013927832448289 0.00044390195903628514 0.00056542415404692292 0.00046376952695109967 -0.00064226378584862685 -0.00052208886510925364 -0.00025421780766713884 8.274907132545195e-05 0.00033965286274079435 -0.00052390160850041565 0.00068835076274990567 -0.00042810926461243068 -0.00011765538505869699 -0.00081270821475689953 0.00046083136792142735 2.6040739612653852e-05 5.4643443241553947e-06 -0.00057322655581325906 9.3149114356709837e-05 0.00062950501480372621 0.0001901473369798623
leaf_weight=21 23 34 24 22 20 35 93 20 22 37 25 20 35 21 68 27 93 27 134 25 24
leaf_count=21 23 34 24 22 20 35 93 20 22 37 25 20 35 21 68 27 93 27 134 25 24
internal_value=7.00699e-13 0.00020113 -1.39146e-05 5.97913e-06 -0.000230074 -1.30929e-05 -5.90955e-05 9.81174e-05 1.75129e-05 -0.000141483 0.000240581 -2.59482e-05 0.000106754 -2.4096e-05 7.40715e-05 -0.000340912 0.000197793 -0.000104872 -4.91642e-05 0.000386502 -5.46738e-05
internal_weight=850 55 795 728 67 704 498 206 161 94 67 42 57 463 209 48 161 254 227 45 47
internal_count=850 55 795 728 67 704 498 206 161 94 67 42 57 463 209 48 161 254 227 45 47
is_linear=0
shrinkage=0.3


Tree=58
num_leaves=20
num_cat=0
split_feature=8 1 10 0 14 9 16 18 9 11 10 6 26 11 16 2 11 14 19
split_gain=2.79309e-05 2.92262e-05 6.04722e-05 2.50937e-05 6.02212e-05 6.43559e-05 6.33559e-05 6.78405e-05 4.56779e-05 3.70841e-05 7.0923e-05 0.000103968 5.92173e-05 4.27308e-05 0.000105744 6.11817e-05 5.18093e-05 6.12706e-05 3.69567e-05
threshold=0.14178345497532172 5.905661997888938 1.3242349447982511 5.0938399867588195 0.030217228786715396 0.037938557326507562 0.0056179273621654964 -0.074561325772364892 0.04028487427789542 67.467505283142984 1.2810933225936727 0.0041278594019459941 0.73742350000000012 54.641861342223159 0.0081632573621465681 4.6872088604474564 48.996115212525389 0.010214505503169954 0.46000600000000008
decision_type=2 2 2 2 2 2 2 2 2 2 2 2 2 2 2 2 2 2 2
left_child=1 3 -3 9 5 6 7 -5 -6 10 13 -12 -11 16 15 -15 17 -1 -18
right_child=-2 2 -4 4 8 -7 -8 -9 -10 12 11 -13 -14 14 -16 -17 18 -19 -20
leaf_value=0.00050344626625883394 -0.00030614786586598855 -6.0943576172576286e-05 0.00057795195625658384 -2.339958661600071e-05 -0.00014988518392783587 0.00037946886187719721 0.0002059629306689115 -0.00073309271875504319 -0.0007351922459201888 0.00058006775172823551 -0.00086742166258773061 -1.4322514592398267e-05 -0.00010656208968157442 0.00074282161678152544 -0.0003196345776814269 0.00016744084567527843 -0.00032219038183194988 1.4489598637029736e-05 0.00010009198942952934
leaf_weight=25 26 30 24 27 30 31 31 22 20 26 20 36 20 29 24 39 66 298 26
leaf_count=25 26 30 24 27 30 31 31 22 20 26 20 36 20 29 24 39 66 298 26
internal_value=1.3957e-12 9.66001e-06 0.00022301 -5.3022e-06 -0.000110633 1.25095e-05 -0.000129687 -0.000342037 -0.000384008 2.25438e-05 1.383e-06 -0.000319001 0.000281533 3.67706e-05 0.000221748 0.000412824 -4.23643e-06 5.23345e-05 -0.00020285
internal_weight=850 824 54 770 161 111 80 49 50 609 563 56 46 507 92 68 415 323 92
internal_count=850 824 54 770 161 111 80 49 50 609 563 56 46 507 92 68 415 323 92
is_linear=0
shrinkage=0.3


Tree=59
num_leaves=17
num_cat=0
split_feature=13 11 14 9 10 18 18 18 7 20 0 16 13 20 4 9
split_gain=2.60674e-05 3.74206e-05 5.23391e-05 2.81011e-05 2.6118e-05 2.79847e-05 7.74417e-05 3.39254e-05 4.01764e-05 6.13592e-05 9.29892e-05 5.61395e-05 5.67356e-05 5.04526e-05 3.14188e-05 5.02148e-05
threshold=0.014868626965812355 45.666209327299754 0.012269927283794144 0.0092581264499881424 -2.3538454498653669 0.58513650761648284 0.65010384819099165 0.47264985310741375 -0.014967642338840501 0.45977700000000005 5.8590107488271945 0.0021715013664762375 0.028644284153382254 0.52967150000000007 14414850.000000002 0.022539512873215074
decision_type=2 2 2 2 2 2 2 2 2 2 2 2 2 2 2 2
left_child=1 -1 -3 -2 -5 7 -7 8 11 10 -10 -6 -13 -11 15 -8
right_child=3 2 -4 4 5 6 14 -9 9 13 -12 12 -14 -15 -16 -17
leaf_value=0.00014442164478168707 0.00036555352104187475 -0.000701327124988893 -1.4994705488788894e-05 0.0003275301059395794 -0.00017399954702455034 0.00059912471145798913 0.00015445828806453694 -0.00029989477569380632 -8.3107163244151543e-05 0.00045829817272847166 -0.00075134030543267728 0.00064776749790730213 9.9932487690871903e-05 2.4070053422945702e-05 0.00033388403036951789 -0.00035392986265993812
leaf_weight=20 20 20 20 22 32 25 36 39 298 29 20 27 46 142 20 34
leaf_count=20 20 20 20 22 32 25 36 39 298 29 20 27 46 142 20 34
internal_value=-6.688e-13 -0.000190633 -0.000358161 1.44785e-05 5.35965e-06 -4.11595e-06 0.000132023 -2.8849e-05 -1.10531e-05 -4.72068e-05 -0.000125134 0.00015732 0.000302556 9.77111e-05 2.27293e-06 -9.24731e-05
internal_weight=850 60 40 790 770 748 115 633 594 489 318 105 73 171 90 70
internal_count=850 60 40 790 770 748 115 633 594 489 318 105 73 171 90 70
is_linear=0
shrinkage=0.3


Tree=60
num_leaves=20
num_cat=0
split_feature=13 10 7 7 11 12 11 0 0 22 7 14 13 13 7 14 12 6 5
split_gain=2.36713e-05 2.58077e-05 4.17127e-05 0.000102537 4.82862e-05 6.61375e-05 2.36256e-05 2.47142e-05 5.74109e-05 4.91484e-05 3.77017e-05 2.43578e-05 6.89252e-05 8.03326e-05 6.095e-05 7.84279e-05 6.77881e-05 5.37327e-05 1.90053e-05
threshold=0.04376480810726615 -1.2667407315316783 -0.0062499809330717965 -0.019418075114363994 42.721374602107375 -0.0071682090108021778 74.813447226873677 5.6787830598311357 5.82485984499798 0.50293650000000012 0.032931014010060898 0.014418127079165925 0.020565743470488829 0.024759613659393945 0.0039918442463511448 0.023880692325104626 -0.0041726779008394955 -0.0043861480721382297 -0.014300675431362165
decision_type=2 2 2 2 2 2 2 2 2 2 2 2 2 2 2 2 2 2 2
left_child=1 2 3 -1 5 -4 7 10 -9 -10 11 12 17 -14 16 -16 -13 -3 -5
right_child=-2 6 4 18 -6 -7 -8 8 9 -11 -12 14 13 -15 15 -17 -18 -19 -20
leaf_value=-0.00038258539074188867 0.00027640196599855297 0.0003811151895934017 -6.029325557629699e-05 0.00056510015856474631 6.0514891391414075e-05 -0.0007415079088700778 -0.00023589298027673066 0.00055006431682089055 0.00032527779528338993 -0.00030316668648993071 -0.00037759377988880839 0.00028058862993410522 0.00083723513916166578 9.254137773950788e-05 -0.00011846312450949841 0.00029818451594937036 -0.00016962110169325295 -0.00018788580220828761 0.00015152126710745505
leaf_weight=29 27 20 23 20 26 29 32 26 21 24 22 35 22 32 69 99 215 59 20
leaf_count=29 27 20 23 20 26 29 32 26 21 24 22 35 22 32 69 99 215 59 20
internal_value=4.97627e-13 -9.06786e-06 -0.000122991 4.69196e-05 -0.000273296 -0.000440201 1.57053e-05 2.82071e-05 0.000195162 -9.89259e-06 7.51981e-06 2.28964e-05 0.000134718 0.000395935 -1.26833e-05 0.000127061 -0.000106592 -4.38349e-05 0.000358311
internal_weight=850 823 147 69 78 52 676 644 71 45 573 551 133 54 418 168 250 79 40
internal_count=850 823 147 69 78 52 676 644 71 45 573 551 133 54 418 168 250 79 40
is_linear=0
shrinkage=0.3


Tree=61
num_leaves=17
num_cat=0
split_feature=6 22 6 8 18 21 18 18 12 6 12 4 8 10 15 8
split_gain=1.49557e-05 4.92492e-05 2.62201e-05 2.56813e-05 3.82227e-05 2.64725e-05 2.43105e-05 4.77505e-05 6.28563e-05 5.58392e-05 4.6886e-05 4.24446e-05 4.23804e-05 6.8268e-05 4.73166e-05 3.78595e-05
threshold=-0.030719855961455152 0.58278900000000011 -0.025317748106979714 -0.13223465450775737 0.12973407000989756 0.89867150000000018 -0.12345060988768354 0.057527884150835519 0.0086259634870983256 0.0051205681397085345 -0.001844784593253133 3821000.0000000005 -0.059230208663928779 -0.66009778754393744 -1.0000000180025095e-35 -0.015267301674507372
decision_type=2 2 2 2 2 2 2 2 2 2 2 2 2 2 2 2
left_child=1 -1 -2 4 -4 6 12 9 11 10 -8 -9 -5 14 -14 -15
right_child=2 -3 3 5 -6 -7 7 8 -10 -11 -12 -13 13 15 -16 -17
leaf_value=-0.00015622355900372245 -0.00034001465420650285 0.00048607097605781743 -0.00051418295874360151 0.00038555784895751537 6.5311559446854523e-05 0.00025298294939812664 -6.6979079547309085e-05 -0.00022197149351086407 -0.00049893824463132267 8.4643556579851132e-05 -0.00064585482220590011 8.4889754219266041e-05 -2.7873442327134022e-05 0.00044793945725541561 -0.00060406484012871613 5.4218926028385126e-05
leaf_weight=21 21 22 21 33 20 39 20 48 21 29 34 262 29 25 23 182
leaf_count=21 21 22 21 33 20 39 20 48 21 29 34 262 29 25 23 182
internal_value=3.36406e-13 0.000172392 -9.18571e-06 -3.46767e-07 -0.000231503 1.23746e-05 -9.16831e-07 -4.76696e-05 3.34979e-06 -0.000251132 -0.000431456 3.73758e-05 6.53696e-05 2.45734e-05 -0.000282727 0.00010177
internal_weight=850 43 807 786 41 745 706 414 331 83 54 310 292 259 52 207
internal_count=850 43 807 786 41 745 706 414 331 83 54 310 292 259 52 207
is_linear=0
shrinkage=0.3


Tree=62
num_leaves=17
num_cat=0
split_feature=5 8 27 6 27 11 10 27 18 26 14 15 18 5 7 21
split_gain=1.53115e-05 2.04123e-05 2.64492e-05 7.48189e-05 2.68988e-05 6.34647e-05 5.99431e-05 3.95516e-05 9.65676e-05 5.89798e-05 5.81577e-05 4.5785e-05 3.4763e-05 3.28795e-05 3.1552e-05 1.96008e-05
threshold=0.036552721433855635 0.13742386328954082 0.5414770000000001 -0.002046961470181559 0.71706350000000008 55.791637252680751 0.21546201835555437 0.8063840000000001 0.51298406669294938 0.59919100000000014 0.023880692325104626 0.023000570384511084 0.10540044814683153 0.021453988484999933 0.028872224229367957 0.72722200000000015
decision_type=2 2 2 2 2 2 2 2 2 2 2 2 2 2 2 2
left_child=1 2 3 -1 5 6 12 8 9 15 -11 13 -4 14 -9 -6
right_child=-2 -3 4 -5 7 -7 -8 11 -10 10 -12 -13 -14 -15 -16 -17
leaf_value=0.00064544658575219462 0.00024144018673763164 -0.00025848769894634775 4.8997167614288631e-05 -9.2868643187102868e-05 0.00051519030133931657 -0.00057207548146834589 0.00035532174236141146 -3.6803668123365111e-05 0.00077061847405275326 -0.00050207187813066409 0.000175139495487591 -0.00043759921751663328 -0.00050364932456951851 0.00034558373128833333 0.00033881603740155693 9.5181751521522526e-05
leaf_weight=21 23 28 20 30 20 25 25 484 20 25 21 23 21 23 21 20
leaf_count=21 23 28 20 30 20 25 25 484 20 25 21 23 21 23 21 20
internal_value=1.0613e-14 -6.71478e-06 2.1083e-06 0.000211144 -1.21441e-05 -0.000165006 -1.08129e-05 9.02854e-06 0.000176849 3.87625e-05 -0.00019291 -2.32563e-05 -0.000234066 -5.20722e-06 -2.11838e-05 0.000305186
internal_weight=850 827 799 51 748 91 66 657 106 86 46 551 41 528 505 40
internal_count=850 827 799 51 748 91 66 657 106 86 46 551 41 528 505 40
is_linear=0
shrinkage=0.3


Tree=63
num_leaves=19
num_cat=0
split_feature=19 26 17 11 14 21 14 13 14 8 0 28 19 10 8 5 9 3
split_gain=1.42304e-05 2.14052e-05 5.28193e-05 1.94694e-05 4.07453e-05 3.64947e-05 5.32995e-05 5.99319e-05 5.31854e-05 5.04359e-05 9.74931e-05 4.75948e-05 4.37091e-05 4.14951e-05 4.4548e-05 3.70081e-05 3.49349e-05 2.40657e-05
threshold=-0.94649449999999991 0.93301050000000008 0.0041666625274554689 27.362998903905616 0.053714356716861429 0.046318500000000006 0.017764189020057389 0.029281461921696929 0.020923608719454537 0.014344657499698509 4.7083102517177062 1.0000000180025095e-35 -0.73404499999999995 -0.37066119667163383 -0.06910068593202387 -0.0021505772891525737 0.046559542224289902 4.7251679897308358
decision_type=2 2 2 2 2 2 2 2 2 2 2 2 2 2 2 2 2 2
left_child=-1 3 -3 -2 5 9 7 12 15 13 -11 -12 -7 14 -5 -8 -10 -15
right_child=1 2 -4 4 -6 6 8 -9 16 10 11 -13 -14 17 -16 -17 -18 -19
leaf_value=0.00017700997741485481 0.00029593076091259717 0.00014434585841213861 -0.00048186765901239899 0.00048255455735670696 -0.00034650741854420626 0.00039479417150141671 -0.00061371742005056666 0.00052629613905446607 -0.00010606137053859906 0.00075982347358755455 -0.00011765502677895355 0.00039530289306842151 -3.4939576721626509e-05 -0.00049714346165501404 -5.7031649412238032e-05 -0.00013790524228111719 0.00015931240687725796 -3.1750227499287576e-05
leaf_weight=39 20 22 27 21 30 25 28 25 206 27 41 27 144 20 40 31 57 20
leaf_count=39 20 22 27 21 30 25 28 25 206 27 41 27 144 20 40 31 57 20
internal_value=-1.26537e-12 -8.5122e-06 -0.000200711 3.84702e-06 -4.02586e-06 1.04045e-05 -3.14555e-05 9.27627e-05 -0.000106295 0.000120607 0.000277522 8.60194e-05 2.86305e-05 -2.69851e-05 0.000128728 -0.000363714 -4.85469e-05 -0.000264447
internal_weight=850 811 49 762 742 712 516 194 322 196 95 68 169 101 61 59 263 40
internal_count=850 811 49 762 742 712 516 194 322 196 95 68 169 101 61 59 263 40
is_linear=0
shrinkage=0.3


Tree=64
num_leaves=31
num_cat=0
split_feature=16 26 26 23 16 18 6 16 11 16 7 21 23 26 2 12 15 18 4 8 4 16 4 8 10 5 6 4 1 14
split_gain=1.48999e-05 5.54209e-05 6.9153e-05 5.05965e-05 8.97874e-05 5.96217e-05 3.56095e-05 3.23697e-05 8.22526e-05 6.85315e-05 5.72568e-05 4.3333e-05 4.29623e-05 5.05431e-05 7.30507e-05 0.000106137 4.80342e-05 4.38329e-05 3.79079e-05 3.41771e-05 3.27111e-05 2.92977e-05 2.78619e-05 3.63862e-05 5.113e-05 4.23878e-05 2.92361e-05 2.40701e-05 2.13557e-05 1.9416e-05
threshold=0.0080080563581414275 0.89888300000000021 0.88164950000000009 0.29166650000000005 0.012358394682635655 0.038767913589520447 0.0021255271189565693 0.0056179273621654964 46.473431083937292 0.0047846846286744684 -1.0000000180025095e-35 0.16613650000000005 1.0000000180025095e-35 0.6639155000000001 4.6872088604474564 -0.00052947917975293684 0.0081053704922676439 0.21037024857837675 5271150.0000000009 -0.013206403278042072 5970250.0000000009 0.013813511268211372 10452250.000000002 0.049844404058470529 0.7506437524469648 -1.0000000180025095e-35 -0.0083041038247864702 7987400.0000000009 4.874148754322019 0.01892019575879398
decision_type=2 2 2 2 2 2 2 2 2 2 2 2 2 2 2 2 2 2 2 2 2 2 2 2 2 2 2 2 2 2
left_child=7 2 3 27 5 -5 -6 9 10 12 -9 18 22 14 15 -14 20 19 -10 -15 -16 -3 23 24 26 -25 -1 28 -2 -21
right_child=1 21 -4 4 6 -7 -8 8 11 -11 -12 -13 13 17 16 -17 -18 -19 -20 29 -22 -23 -24 25 -26 -27 -28 -29 -30 -31
leaf_value=-0.00047422264826309403 5.9888463322843965e-05 0.00033120092840562861 -0.00067169136898883144 -0.00015380457828411765 0.00031935102288116468 -0.00083948660205351194 -0.0002226624788454501 -0.0005239684007132642 0.00023127300710257259 -0.00047393834360668225 0.00016118466485394214 9.037634263088821e-05 9.0389856235230007e-05 -0.00012190714266098973 -1.5792904086993076e-05 0.0010222653200881639 -0.00028134688072896093 -0.00028552531013981651 0.00078539764182642097 0.0004689863572939825 0.00052679361846458045 -8.6145862496778136e-05 0.00017971277288366267 -2.9134053365851285e-05 0.00027004736244634842 -0.00061508762044832114 -7.3626409033709968e-05 -0.00012840456976037886 0.00046284830421427608 7.0004057280519699e-05
leaf_weight=20 29 41 20 21 24 25 20 21 20 27 23 34 22 34 20 22 24 39 25 23 20 24 33 20 35 25 91 27 20 21
leaf_count=20 29 41 20 21 24 25 20 21 20 27 23 34 22 34 20 22 24 39 25 23 20 24 33 20 35 25 91 27 20 21
internal_value=3.10887e-13 -6.13592e-05 -0.000144693 -8.11993e-05 -0.000233399 -0.000526458 7.29812e-05 2.57115e-05 0.000162903 -9.73937e-06 -0.00016582 0.00034599 1.81746e-05 0.000110767 0.00025876 0.000556328 5.41826e-05 -2.58424e-05 0.00053912 0.000103999 0.0002555 0.000177104 -7.4831e-05 -0.00011881 -4.61151e-05 -0.000354664 -0.000145806 9.90369e-05 0.000224362 0.000278563
internal_weight=850 251 186 166 90 46 44 599 123 476 44 79 449 225 108 44 64 117 45 78 40 65 224 191 146 45 111 76 49 44
internal_count=850 251 186 166 90 46 44 599 123 476 44 79 449 225 108 44 64 117 45 78 40 65 224 191 146 45 111 76 49 44
is_linear=0
shrinkage=0.3


Tree=65
num_leaves=27
num_cat=0
split_feature=5 16 7 5 8 18 7 14 12 4 19 20 18 12 12 6 6 9 6 22 6 12 10 7 27 17
split_gain=1.51796e-05 1.60993e-05 3.14939e-05 4.09007e-05 4.47939e-05 2.2643e-05 2.09791e-05 5.30814e-05 4.09161e-05 3.86046e-05 2.76507e-05 7.25053e-05 4.82058e-05 3.20199e-05 6.04385e-05 7.31406e-05 5.57492e-05 4.1413e-05 2.71181e-05 2.66354e-05 2.19877e-05 2.19131e-05 2.0429e-05 1.68497e-05 1.79266e-05 1.87911e-05
threshold=0.036552721433855635 0.010911414478882069 -0.018595388224246803 -0.0054569716927296693 0.083441255113253718 0.3496816796746654 0.0096356752363828523 0.032928200627182762 -0.0036481872700096694 5405850.0000000009 0.46190400000000004 0.82573600000000014 -0.16816456262333745 -0.0040245143172893631 -0.00057084749516286652 -0.0072139227061098054 -0.0018976046885870184 0.029128061409407217 0.012409786585129328 0.023780000000000006 -0.006127166461552422 0.00024159468231328267 -0.45193766504442562 0.011591144334108945 0.77528850000000016 0.0024546108219810413
decision_type=2 2 2 2 2 2 2 2 2 2 2 2 2 2 2 2 2 2 2 2 2 2 2 2 2 2
left_child=1 6 -3 -4 5 22 7 10 -8 -9 13 12 -12 16 15 -15 -1 -16 21 -10 -11 -13 -5 -21 -25 -26
right_child=-2 2 3 4 -6 -7 8 9 19 20 11 18 -14 14 17 -17 -18 -19 -20 23 -22 -23 -24 24 25 -27
leaf_value=0.00048918504099128768 0.00024039800080809861 -0.00042840831014142499 0.0002298126488312846 -0.00011390317678368384 -0.0005318992598664148 -0.00028230037195109094 -0.00042579648155739193 -9.6363975717395076e-05 -0.00031156189759950278 0.00061543809990879429 0.00012952076888593313 -0.00029712364181510307 0.00078030680771917109 -0.00081071935332147408 9.850311409136338e-05 -0.00013741860830981199 -0.00013825049217512758 -0.00020643905371012437 0.00024246678690162851 -0.00019546902575794692 0.00024380005140157759 5.5514817409104959e-05 0.00029977034335553816 0.00029763785587419986 0.0002483519992633124 -9.2992562798478522e-05
leaf_weight=25 23 22 36 21 21 21 26 20 23 23 21 35 20 20 125 53 26 59 23 22 38 29 22 28 21 47
leaf_count=25 23 22 36 21 21 21 26 20 23 23 21 35 20 20 125 53 26 59 23 22 38 29 22 28 21 47
internal_value=3.33999e-13 -6.6858e-06 -9.82303e-05 -3.8198e-05 -0.000151708 -2.69582e-05 1.24529e-05 4.23136e-05 -7.99901e-05 0.000265336 8.80586e-07 0.000118074 0.000446977 -4.7823e-05 -9.09128e-05 -0.000321885 0.000169316 7.22745e-07 -3.69271e-05 -1.62244e-05 0.000383926 -0.000137334 9.77437e-05 4.13414e-05 9.56104e-05 1.24227e-05
internal_weight=850 827 143 121 85 64 684 517 167 81 436 128 41 308 257 73 51 184 87 141 61 64 43 118 96 68
internal_count=850 827 143 121 85 64 684 517 167 81 436 128 41 308 257 73 51 184 87 141 61 64 43 118 96 68
is_linear=0
shrinkage=0.3


Tree=66
num_leaves=24
num_cat=0
split_feature=21 11 12 12 20 27 15 10 13 10 8 18 18 18 22 14 12 26 7 13 17 1 7
split_gain=1.19768e-05 1.30586e-05 3.74536e-05 4.69108e-05 3.68099e-05 3.38618e-05 3.92052e-05 5.74494e-05 4.40028e-05 4.19598e-05 3.94442e-05 1.90078e-05 3.34901e-05 5.41424e-05 4.72712e-05 4.15351e-05 3.4657e-05 2.76691e-05 6.97367e-05 3.70594e-05 4.15503e-05 3.29321e-05 2.09941e-05
threshold=0.017366500000000003 60.808823403668029 0.0042443613245629766 0.0060672499844015996 0.12585950000000004 0.66028450000000005 0.016965148693166485 0.60274472061486273 0.029714809726498675 1.0475283699271158 0.075035396348805503 -0.67986762194381167 0.057527884150835519 0.0053664081110158263 0.79949300000000012 0.014590897674239925 -0.0016056497386039254 0.18697550000000004 1.0000000180025095e-35 0.020445274417175443 0.0035556223997659738 4.6694490921938572 0.0019305057666435916
decision_type=2 2 2 2 2 2 2 2 2 2 2 2 2 2 2 2 2 2 2 2 2 2 2
left_child=-1 2 11 -4 -5 -3 7 -7 9 -9 -11 22 13 14 15 -13 -16 18 -14 21 -21 -19 -2
right_child=1 5 3 4 -6 6 -8 8 -10 10 -12 12 17 -15 16 -17 -18 19 -20 20 -22 -23 -24
leaf_value=0.00022940648804933516 -1.0571059670661681e-05 -0.00028436817768954863 -0.00053906244914590686 -0.00038978612588834948 0.0001130318076320691 0.00039556445203743352 0.0003981174913364653 -0.00028907699337910996 -0.00046293220264487895 -0.00017405036960553842 0.00029383369624702023 0.0001103928575916639 0.00053312434781673803 -0.00052798608849116138 -1.0963536498883481e-05 -0.00023586463372067497 0.00049508609268481712 -0.00047758765625906599 -0.00014337192505990969 0.00035438097440515108 -1.4134966354504284e-05 -9.9561032005691562e-06 0.0003445410974783389
leaf_weight=20 31 23 27 20 38 32 33 28 20 24 50 44 32 24 29 107 21 23 24 38 100 33 29
leaf_count=20 31 23 27 20 38 32 33 28 20 24 50 44 32 24 29 107 21 23 24 38 100 33 29
internal_value=1.71911e-12 -5.52787e-06 -2.74279e-05 -0.000212414 -6.03537e-05 5.91293e-05 0.000101378 3.77905e-05 -5.60518e-05 2.37286e-05 0.000142088 1.96247e-06 -1.81349e-05 -0.000102102 -5.12506e-05 -0.000134968 0.000201577 5.74359e-05 0.000243197 3.81398e-06 8.73404e-05 -0.000202019 0.000161066
internal_weight=850 830 620 85 58 210 187 154 122 102 74 535 475 225 201 151 50 250 56 194 138 56 60
internal_count=850 830 620 85 58 210 187 154 122 102 74 535 475 225 201 151 50 250 56 194 138 56 60
is_linear=0
shrinkage=0.3


Tree=67
num_leaves=13
num_cat=0
split_feature=13 5 26 4 1 15 5 12 20 15 1 3
split_gain=1.13966e-05 2.09381e-05 2.05303e-05 2.04477e-05 3.49363e-05 2.35406e-05 2.07182e-05 4.28816e-05 5.64875e-05 2.68982e-05 2.60848e-05 2.52555e-05
threshold=0.043582711883270328 -0.024534888989004095 0.64200800000000013 12950700.000000002 5.9060404428792728 0.013370852539195946 -0.012520613721818416 -0.0038657067325500697 0.17117250000000003 -0.010752626424140809 5.6908520779364755 5.2270925045013437
decision_type=2 2 2 2 2 2 2 2 2 2 2 2
left_child=1 2 -1 4 6 -5 7 -3 -9 -8 11 -11
right_child=-2 3 -4 5 -6 -7 9 8 -10 10 -12 -13
leaf_value=4.2962044835803682e-05 0.00018161268744734115 0.0004946461562054616 -0.00031145741823389756 9.2443830751641326e-06 0.00033735472563421352 -0.00039242005717596837 -0.00025770978381364041 -0.00022996580870919084 0.00034406440762621869 -4.9435959546078926e-06 -0.00028430675884010269 0.00020658502463495671
leaf_weight=24 30 23 38 29 30 24 38 36 27 467 27 57
leaf_count=24 30 23 38 29 30 24 38 36 27 467 27 57
internal_value=-4.50039e-13 -6.64437e-06 -0.000174263 7.06585e-06 2.05758e-05 -0.000172641 6.49669e-06 0.000144045 1.60471e-05 -1.35867e-05 3.24937e-06 1.80662e-05
internal_weight=850 820 62 758 705 53 675 86 63 589 551 524
internal_count=850 820 62 758 705 53 675 86 63 589 551 524
is_linear=0
shrinkage=0.3


Tree=68
num_leaves=22
num_cat=0
split_feature=6 6 17 20 4 27 17 4 7 4 4 9 15 10 17 18 11 10 21 13 13
split_gain=9.70203e-06 2.77323e-05 2.55686e-05 2.3455e-05 4.60168e-05 2.32917e-05 2.32677e-05 2.10368e-05 6.38e-05 3.02164e-05 3.53458e-05 2.81137e-05 2.5695e-05 5.61062e-05 5.60434e-05 2.45874e-05 2.45474e-05 3.30677e-05 2.2489e-05 2.3015e-05 3.11104e-05
threshold=0.016546237481913979 0.012685466943945052 0.0098215419475800678 0.18431750000000002 7397350.0000000009 0.84765450000000009 0.004324325254554561 3584650.0000000005 0.0062077528490228628 4429250.0000000009 4654750.0000000009 0.0098497243165746647 0.0053446963516735951 0.5590376127272344 0.012861857481049616 -0.54596693577934718 59.7402994366618 0.083013444174932075 0.030308000000000005 0.024968554260011936 0.018977370490186007
decision_type=2 2 2 2 2 2 2 2 2 2 2 2 2 2 2 2 2 2 2 2 2
left_child=1 7 3 6 -5 -4 -2 8 18 16 -11 -12 13 -13 -14 -10 17 -9 -1 20 -20
right_child=2 -3 5 4 -6 -7 -8 9 15 10 11 12 14 -15 -16 -17 -18 -19 19 -21 -22
leaf_value=0.00050697426569448517 -0.00020608376445514813 -0.00028231092404563572 -0.00034646210187929679 0.00064746473841036534 1.9428458628161545e-05 7.7422933775648863e-05 0.00024604808672847863 -0.00027457111571397701 6.4780242350285076e-05 0.00036388855204796012 -0.00035637034738361504 3.2297047831904262e-05 2.6172353841773308e-05 -0.00027579482723376711 0.00056675181956961746 -0.00036145953262317122 -0.00047573590543054572 0.00017523146484563768 0.00021474837674120224 0.00038803823343995541 -0.00024965489450551104
leaf_weight=21 21 33 20 21 21 28 20 38 21 23 21 183 126 75 20 29 21 24 37 27 20
leaf_count=21 21 33 20 21 21 28 20 38 21 23 21 183 126 75 20 29 21 24 37 27 20
internal_value=9.904e-13 -1.36809e-05 7.50882e-05 0.000175879 0.000333447 -9.91958e-05 1.44684e-05 -7.58453e-07 9.64783e-05 -2.91421e-05 1.66107e-06 -1.79418e-05 -3.50246e-07 -5.72645e-05 0.000100224 -0.000182439 -0.000195405 -0.000100454 0.000229296 0.000159876 5.17999e-05
internal_weight=850 719 131 83 42 48 41 686 155 531 448 425 404 258 146 50 83 62 105 84 57
internal_count=850 719 131 83 42 48 41 686 155 531 448 425 404 258 146 50 83 62 105 84 57
is_linear=0
shrinkage=0.3


Tree=69
num_leaves=28
num_cat=0
split_feature=11 10 14 14 16 16 4 15 15 15 17 19 7 4 17 17 20 18 1 7 14 18 0 20 15 17 15
split_gain=1.11638e-05 2.5625e-05 2.53543e-05 5.06798e-05 3.16099e-05 3.50047e-05 3.35024e-05 2.63225e-05 2.48802e-05 5.19772e-05 3.09206e-05 2.93299e-05 2.95073e-05 2.53737e-05 2.70602e-05 6.50704e-05 3.63609e-05 2.85921e-05 2.57569e-05 2.50508e-05 2.39875e-05 2.38422e-05 2.68587e-05 2.9949e-05 2.14025e-05 2.34138e-05 1.79065e-05
threshold=60.808823403668029 1.7752302325127249 0.041461054378836411 0.03470050834643746 0.0019047670857783956 0.0074418598079839067 4757000.0000000009 0.0095695879013302822 -0.010752626424140809 -0.012712182115547253 0.016621409403358739 0.40329100000000007 -0.0098620563461357287 2183650.0000000005 0.0062959584844805789 0.0042964563099266986 0.017128000000000004 0.32530017332129207 4.874148754322019 -0.0042284459830822093 0.027027001525717919 0.60825131115155628 4.6587910655718412 0.29028700000000002 -0.0016997741004182358 0.0021621625715462739 0.0053446963516735951
decision_type=2 2 2 2 2 2 2 2 2 2 2 2 2 2 2 2 2 2 2 2 2 2 2 2 2 2 2
left_child=1 8 3 4 7 6 -6 -2 9 10 21 13 -13 -10 15 18 -16 -18 -15 -14 -7 22 -1 -24 -21 -26 -8
right_child=2 -3 -4 -5 5 20 26 -9 11 -11 -12 12 19 14 16 -17 17 -19 -20 24 -22 -23 23 -25 25 -27 -28
leaf_value=0.0001892539131014408 6.3415566112399256e-05 -0.00034587320031797777 0.00036422361239271016 -0.00041565797303064753 0.00063521975491312335 -0.00016801783747402675 -1.6517132209391212e-05 -0.00036565663930642503 -0.00019480386866328853 -0.00055322781686949641 -0.00037629687472612463 -0.00031676267267596951 0.00029424996635498242 9.9776488841411088e-06 -0.00034365980302580916 0.00058045371413754758 0.00017191621207950027 -0.00015130347698383655 0.00030135615913758025 0.00015244878104567761 0.00024603580983239225 0.00030017863024444188 -0.00039797453662484059 4.1087121280725115e-05 6.6465044559057175e-06 -0.00039221938982686525 0.00036206287907341239
leaf_weight=28 31 21 22 21 20 34 23 22 29 21 21 38 20 97 23 30 78 36 38 24 20 22 27 29 27 26 22
leaf_count=28 31 21 22 21 20 34 23 22 29 21 21 38 20 97 23 30 78 36 38 24 20 22 27 29 27 26 22
internal_value=-5.97618e-13 -2.00056e-05 5.90862e-05 2.43037e-05 7.80199e-05 0.000163849 0.000312152 -0.00011469 -8.86025e-06 -0.000116019 -4.37243e-05 2.51729e-05 -9.26775e-05 7.32388e-05 9.8978e-05 0.000180806 4.26014e-07 6.98468e-05 9.19953e-05 -4.89153e-06 -1.46646e-05 2.21628e-05 -5.06509e-05 -0.000170603 -8.25906e-05 -0.000189024 0.000168566
internal_weight=850 635 215 193 172 119 65 53 614 148 127 466 135 331 302 165 137 114 135 97 54 106 84 56 77 53 45
internal_count=850 635 215 193 172 119 65 53 614 148 127 466 135 331 302 165 137 114 135 97 54 106 84 56 77 53 45
is_linear=0
shrinkage=0.3


Tree=70
num_leaves=23
num_cat=0
split_feature=7 18 18 10 6 20 17 6 27 5 6 14 21 4 19 4 12 11 16 14 27 21
split_gain=9.42131e-06 1.04555e-05 3.2368e-05 2.71953e-05 2.56727e-05 4.80173e-05 3.79955e-05 3.3959e-05 4.06045e-05 3.29391e-05 4.74351e-05 3.06955e-05 2.43791e-05 3.19878e-05 2.10506e-05 2.75795e-05 3.73888e-05 3.04466e-05 3.40071e-05 3.00782e-05 3.58263e-05 1.67869e-05
threshold=0.032931014010060898 0.057527884150835519 0.024125799688677129 1.9429589625903658 -0.0042284459830822093 0.023611000000000004 0.0041666625274553648 0.0019305057666435916 0.9461925000000001 -0.014485566230869683 0.014122318116620526 0.028018735083797455 0.039321000000000009 7825550.0000000009 -0.94339099999999998 10174700.000000002 -0.0039843688161402295 35.617846024830435 0.0021321432670949668 0.029271731681057848 0.7691015000000001 0.24683150000000001
decision_type=2 2 2 2 2 2 2 2 2 2 2 2 2 2 2 2 2 2 2 2 2 2
left_child=1 2 14 4 5 -3 -7 12 9 -9 -11 -8 -6 -14 -1 16 17 -16 -19 20 -18 -21
right_child=-2 3 -4 -5 7 6 11 8 -10 10 -12 -13 13 -15 15 -17 19 18 -20 21 -22 -23
leaf_value=0.00026553565858193905 -0.00016234113521228032 -0.0002684087930122457 -0.00039790424805687504 0.00033908017222319568 -0.0004644791734211718 1.2477816534765925e-05 0.00068401770237999572 0.00030953568691322953 0.00037269946767212655 -0.00022047402013980331 0.00021410041446188189 0.00021111349697093827 9.7520687335294164e-05 -0.00036335758429587533 7.0443525732520753e-05 -0.00026687871917292376 0.00021029756274271806 -2.5358614111610221e-05 -0.0005338579165819 0.00037471832374909092 -6.5971070375516594e-05 4.8961667562252846e-05
leaf_weight=24 31 21 20 26 22 39 21 22 28 77 32 30 33 23 27 38 56 20 29 35 172 24
leaf_count=24 31 21 20 26 22 39 21 22 28 77 32 30 33 23 27 38 56 20 29 35 172 24
internal_value=1.09992e-13 6.14478e-06 -2.493e-05 4.31187e-05 2.10067e-05 0.000140071 0.000235382 -3.47574e-05 4.47804e-05 -2.53092e-05 -9.28925e-05 0.000405839 -0.000196892 -9.17686e-05 -7.37824e-06 -2.37122e-05 1.74321e-06 -0.000185356 -0.000326307 5.12887e-05 1.88438e-06 0.000242207
internal_weight=850 819 445 374 348 111 90 237 159 131 109 51 78 56 425 401 363 76 49 287 228 59
internal_count=850 819 445 374 348 111 90 237 159 131 109 51 78 56 425 401 363 76 49 287 228 59
is_linear=0
shrinkage=0.3


Tree=71
num_leaves=16
num_cat=0
split_feature=10 15 5 22 15 28 26 0 20 9 0 7 13 16 9
split_gain=1.15168e-05 1.87137e-05 1.75733e-05 2.75328e-05 2.59444e-05 1.45361e-05 2.82902e-05 2.70729e-05 4.1848e-05 6.05401e-05 3.17816e-05 2.2331e-05 3.88042e-05 3.37523e-05 1.32752e-05
threshold=2.3663502931786033 0.029936656438503493 0.019048352476054048 0.086330500000000018 0.015748036699554015 1.0000000180025095e-35 0.91581600000000007 4.4616346243249927 0.029501000000000003 0.015573575797947334 5.7637516664168418 0.0020810799872742645 0.024793931772536349 0.0041797288201348261 0.029972032675043305
decision_type=2 2 2 2 2 2 2 2 2 2 2 2 2 2 2
left_child=1 2 4 -4 5 7 11 -1 9 -9 -10 12 -7 -13 -8
right_child=-2 -3 3 -5 -6 6 14 8 10 -11 -12 13 -14 -15 -16
leaf_value=-0.00031107469515298926 -0.00021940400952839159 0.0002922287840192439 6.7356651125010094e-05 -0.00031710128777807478 0.00029001258048208848 0.00030373094889455385 0.00012734907729736734 0.0001539813450335714 1.3732588461365934e-05 -0.00034883426444800783 0.00038649839830627158 -0.00028266719338716941 -4.9656715334515581e-05 9.8639256611932077e-05 0.00045828771210381091
leaf_weight=29 21 20 30 38 29 48 24 32 320 66 22 45 67 39 20
leaf_count=29 21 20 30 38 29 48 24 32 320 66 22 45 67 39 20
internal_value=5.09504e-13 5.55788e-06 -1.52916e-06 -0.000147487 1.18651e-05 5.36086e-07 6.00869e-05 -3.03186e-05 -1.18142e-05 -0.00018465 3.77117e-05 1.19547e-05 9.78442e-05 -0.000105632 0.000277776
internal_weight=850 829 809 68 741 712 243 469 440 98 342 199 115 84 44
internal_count=850 829 809 68 741 712 243 469 440 98 342 199 115 84 44
is_linear=0
shrinkage=0.3


Tree=72
num_leaves=16
num_cat=0
split_feature=13 18 18 27 18 9 18 19 26 16 19 10 26 9 8
split_gain=8.14579e-06 1.02747e-05 2.78108e-05 5.31882e-05 2.35872e-05 1.38115e-05 4.03023e-05 4.00299e-05 2.4112e-05 3.09977e-05 2.39727e-05 1.89058e-05 3.61998e-05 4.29571e-05 2.73022e-05
threshold=0.014358507379040061 0.75460852550239355 0.61516067904003524 0.85778650000000012 1.0581022284924495 0.014417697735945138 0.52891451828009373 0.19901300000000002 0.44621650000000007 0.006116208459432484 0.6516645000000002 -1.9469474098604611 0.93237500000000006 0.032141788748857814 -0.10329426889855436
decision_type=2 2 2 2 2 2 2 2 2 2 2 2 2 2 2
left_child=-1 2 5 -4 -3 7 11 8 -2 -10 -9 -7 14 -14 -13
right_child=1 4 3 -5 -6 6 -8 10 9 -11 -12 12 13 -15 -16
leaf_value=-0.00014848417868051911 0.00052189849877322554 -0.00027051571685021643 0.00059439309903349833 -5.3238650463754312e-05 6.5994102164710819e-05 0.00021603257148800528 -0.00040596342865762341 -0.00036508617580693681 -0.0001084475326251777 0.00038455339126812759 7.9632619792846534e-05 -0.00019439651874003733 -0.00052500242646391811 2.5763770012417808e-05 3.5839078132867736e-05
leaf_weight=32 20 37 21 25 38 34 23 20 24 22 24 52 26 25 427
leaf_count=32 20 37 21 25 38 34 23 20 24 22 24 52 26 25 427
internal_value=-3.0547e-13 5.80867e-06 1.6491e-05 0.000242419 -0.000100017 1.58036e-06 -1.67008e-05 9.91351e-05 0.0002469 0.000127336 -0.000122512 -8.26585e-07 -1.47383e-05 -0.000255019 1.08448e-05
internal_weight=850 818 743 46 75 697 587 110 66 46 44 564 530 51 479
internal_count=850 818 743 46 75 697 587 110 66 46 44 564 530 51 479
is_linear=0
shrinkage=0.3


Tree=73
num_leaves=16
num_cat=0
split_feature=19 20 17 12 5 9 22 2 15 4 19 22 22 14 20
split_gain=8.81839e-06 1.05059e-05 9.61928e-06 1.29058e-05 2.78179e-05 3.91703e-05 3.25951e-05 2.77529e-05 2.71669e-05 2.86828e-05 2.65811e-05 2.60147e-05 2.92209e-05 2.47336e-05 1.68368e-05
threshold=-0.94649449999999991 0.016357500000000004 0.022930611137725029 -0.0027431805795733485 0.019048352476054048 0.031945820547323464 0.93743200000000015 4.6040616901293889 0.015748036699554015 2657600.0000000005 -0.32052699999999995 0.042681000000000004 0.021046500000000006 0.018691635763439688 0.33791350000000003
decision_type=2 2 2 2 2 2 2 2 2 2 2 2 2 2 2
left_child=-1 -2 3 7 6 -6 8 13 9 -5 -9 12 -12 -3 -15
right_child=1 2 -4 4 5 -7 -8 10 -10 -11 11 -13 -14 14 -16
leaf_value=0.00013934281741967425 -0.00016070226338342762 -0.00019597224196662533 0.00015689165200937543 0.00017956465114636827 -0.00036975380620837362 7.9809759914827402e-05 0.00038553834419872149 -0.00036162208953800687 0.0003680394291586708 -2.6320398114380572e-05 3.6951510992366817e-06 0.00011961783177237242 -0.00044741763376805461 4.4873864085688678e-05 0.00038368948960189965
leaf_weight=39 38 22 34 74 37 33 24 39 20 344 28 39 24 33 22
leaf_count=39 38 22 34 74 37 33 24 39 20 344 28 39 24 33 22
internal_value=-8.30222e-13 -6.70083e-06 8.69748e-07 -6.30853e-06 1.84213e-05 -0.000157817 4.5124e-05 -6.98653e-05 2.64711e-05 1.01282e-05 -0.000154406 -6.55985e-05 -0.000204511 7.28652e-05 0.0001804
internal_weight=850 811 773 739 532 70 462 207 438 418 130 91 52 77 55
internal_count=850 811 773 739 532 70 462 207 438 418 130 91 52 77 55
is_linear=0
shrinkage=0.3


Tree=74
num_leaves=17
num_cat=0
split_feature=11 10 13 1 4 10 3 0 0 26 5 1 9 5 19 16
split_gain=9.2787e-06 1.65743e-05 3.31403e-05 3.35984e-05 2.74971e-05 2.58726e-05 1.83269e-05 1.62797e-05 1.25918e-05 3.47214e-05 3.68714e-05 2.01015e-05 3.09072e-05 2.17457e-05 1.99806e-05 6.12945e-06
threshold=74.813447226873677 1.3838643996394138 0.020625671771692878 4.8213377627191836 8950350.0000000019 1.2543855492528608 5.8394467830657968 5.7334428312922574 5.0938399867588195 0.63649400000000012 0.0051205681397085345 4.874148754322019 0.020913684544009742 0.018025405158879782 0.041521000000000009 0.0057692713286059396
decision_type=2 2 2 2 2 2 2 2 2 2 2 2 2 2 2 2
left_child=1 5 -3 -4 -5 6 7 8 11 14 -11 13 -13 -1 -10 -6
right_child=-2 2 3 4 15 -7 -8 -9 9 10 -12 12 -14 -15 -16 -17
leaf_value=1.0286568000370416e-05 -0.00015847362597014579 0.00045210184138600845 -0.00026304071480990384 0.00035343696714745977 9.4444402675435401e-05 -0.00033921109778540473 -0.00024332513409414482 0.00027538227372133402 0.00028294815228946391 -0.00044547278214979863 6.5147868845087935e-05 -0.00010406260814360232 0.00024005038455805717 -0.00023683222233168114 -8.710028282150923e-05 -0.00014042795326531631
leaf_weight=380 32 21 25 31 20 21 27 20 24 35 20 34 76 35 29 20
leaf_count=380 32 21 25 31 20 21 27 20 24 35 20 34 76 35 29 20
internal_value=-4.6962e-13 6.19946e-06 0.000110726 3.60506e-05 0.000141364 -1.12466e-05 -1.11825e-06 8.89643e-06 4.7666e-07 -9.28124e-05 -0.000259793 1.96676e-05 0.000133688 -1.05548e-05 8.04688e-05 -2.29918e-05
internal_weight=850 818 117 96 71 701 680 653 633 108 55 525 110 415 53 40
internal_count=850 818 117 96 71 701 680 653 633 108 55 525 110 415 53 40
is_linear=0
shrinkage=0.3


Tree=75
num_leaves=25
num_cat=0
split_feature=21 20 20 27 6 17 21 16 16 15 17 17 13 0 13 12 2 14 18 27 10 15 14 13
split_gain=1.01656e-05 2.35121e-05 1.80317e-05 1.94204e-05 2.12845e-05 3.24239e-05 2.97051e-05 2.78284e-05 2.33426e-05 1.51974e-05 6.79279e-05 2.51507e-05 2.67734e-05 1.99775e-05 1.95002e-05 1.68434e-05 1.48308e-05 1.53177e-05 1.45983e-05 1.29103e-05 1.16958e-05 1.92184e-05 4.92053e-05 3.45036e-05
threshold=0.15126850000000003 0.58381800000000006 0.052691000000000009 0.91397400000000018 0.010214333985498135 0.0037488281820907388 0.72722200000000015 0.0042417823500246589 0.0020020498762124382 0.023000570384511084 0.005719778403656779 0.0018150730369214608 0.02404059174049258 4.6877869724637664 0.014928445028069856 0.0085040507630650131 4.6769347561774426 0.023392800231907217 0.3334071318005648 0.63651500000000005 1.4709715135639274 -0.0019880536228579246 0.016850090588042013 0.020829048879428321
decision_type=2 2 2 2 2 2 2 2 2 2 2 2 2 2 2 2 2 2 2 2 2 2 2 2
left_child=9 2 16 4 5 6 19 -6 -7 11 -11 12 13 -1 -13 20 -2 -18 -10 -4 21 22 -16 -23
right_child=1 -3 3 -5 7 8 -8 -9 18 10 -12 14 -14 -15 15 -17 17 -19 -20 -21 -22 23 -24 -25
leaf_value=-0.00020310183175421449 -0.00034123275127058146 -0.00027265529828062943 -9.2401337242335998e-05 0.00023068377723185611 -0.00038768585299193444 0.00042546604712366721 0.00013751852056884673 7.2777192274640706e-05 0.00015820016332537096 0.00054941594149251777 -0.00020654698853832089 -0.00023670076958036846 -0.00033773185373450233 0.00018532944321542833 0.00048529754005420691 -0.00020667239989961673 0.00013465304010813788 -0.00023219401714413834 -0.00013816204383536906 -0.00042196950407346977 0.0002463140623645317 -0.00027839500648302161 5.0550465192693498e-05 6.1111459599954115e-05
leaf_weight=22 24 35 20 35 27 22 26 21 52 23 20 21 35 26 29 20 21 20 21 23 33 35 122 117
leaf_count=22 24 35 20 35 27 22 26 21 52 23 20 21 35 26 29 20 21 20 21 23 33 35 122 117
internal_value=1.56005e-13 -3.95001e-05 -1.33449e-05 2.36524e-05 -1.05273e-05 4.08989e-05 -0.000115621 -0.000186233 0.000154582 2.72496e-05 0.000197805 1.13063e-05 -0.000138196 7.29844e-06 4.42207e-05 6.07919e-05 -0.000153935 -4.42967e-05 7.29453e-05 -0.000268682 7.67124e-05 5.82409e-05 0.000134045 -1.70644e-05
internal_weight=850 347 312 247 212 164 69 48 95 503 43 460 83 48 377 356 65 41 73 43 336 303 151 152
internal_count=850 347 312 247 212 164 69 48 95 503 43 460 83 48 377 356 65 41 73 43 336 303 151 152
is_linear=0
shrinkage=0.3


Tree=76
num_leaves=22
num_cat=0
split_feature=16 16 6 4 18 7 21 17 18 6 8 11 9 8 21 12 22 11 15 13 12
split_gain=7.74029e-06 1.86953e-05 1.85419e-05 1.94372e-05 1.62119e-05 3.52709e-05 2.84519e-05 3.64159e-05 2.37383e-05 2.61796e-05 2.65736e-05 2.53055e-05 2.65863e-05 2.85564e-05 2.45899e-05 2.31953e-05 2.15618e-05 1.66808e-05 1.75069e-05 1.58884e-05 1.4101e-05
threshold=0.010911414478882069 0.012358394682635655 -0.0059940597425534904 5590100.0000000009 0.11315601241399345 -0.0096156468420627913 0.024353500000000004 0.0016570489675944899 0.079387408012020058 -0.017196670776377421 -0.11881296568046364 38.208869490441849 0.04510392002424974 -0.033598415499160768 0.074964500000000017 -0.0041989094661058247 0.10730150000000001 42.097087910613318 0.0081053704922676439 0.027430024176716025 -0.0024107966541951644
decision_type=2 2 2 2 2 2 2 2 2 2 2 2 2 2 2 2 2 2 2 2 2
left_child=4 -2 20 -4 8 16 -7 -8 9 14 -11 -12 13 -13 -1 -9 -6 -17 -19 -5 -3
right_child=1 2 3 19 5 6 7 15 -10 10 11 12 -14 -15 -16 17 -18 18 -20 -21 -22
leaf_value=-4.0654756032935164e-05 -0.00030480620780508615 -1.3149579333710588e-05 -0.00033816761544743634 0.00020280037642805837 0.00044758703523022569 0.00030871410309863187 0.00026161078474780717 0.00021801868533657398 -0.00033482557727048908 -0.00037290000858774874 0.00023246703848681962 -0.00035696077487453544 0.00020952253199249589 -4.1503479873796806e-05 0.00037471806793072231 -0.00037387399331367176 8.440012570645194e-05 -1.4971988312487456e-06 -0.0002431053854596074 -0.00013805724011035634 0.00031462487947594905
leaf_weight=23 24 27 23 20 31 26 33 20 21 20 33 29 33 236 29 21 28 79 41 32 21
leaf_count=23 24 27 23 20 31 26 33 20 21 20 33 29 33 236 29 21 28 79 41 32 21
internal_value=-6.52669e-13 -6.26051e-05 -1.53463e-05 -0.000108529 1.3091e-05 6.92528e-05 1.40143e-05 -2.54816e-05 -2.38646e-05 -7.6607e-06 -3.70912e-05 -1.68007e-05 -4.44042e-05 -7.60252e-05 0.000190995 -8.43266e-05 0.000275227 -0.000127212 -8.40467e-05 -6.95816e-06 0.000130252
internal_weight=850 147 123 75 703 279 220 194 424 403 351 331 298 265 52 161 59 141 120 52 48
internal_count=850 147 123 75 703 279 220 194 424 403 351 331 298 265 52 161 59 141 120 52 48
is_linear=0
shrinkage=0.3


Tree=77
num_leaves=19
num_cat=0
split_feature=14 11 7 4 6 24 10 5 22 13 5 9 10 11 8 18 21 9
split_gain=7.18686e-06 9.36156e-06 2.07156e-05 1.32718e-05 1.15422e-05 2.22326e-05 2.42706e-05 1.21328e-05 3.27256e-05 2.61571e-05 2.27208e-05 3.79038e-05 2.42954e-05 1.9555e-05 2.29424e-05 2.19543e-05 1.92474e-05 9.74815e-06
threshold=0.066082702965374898 32.599519312470669 -0.010526943784388664 7731500.0000000009 0.016546237481913979 1.0000000180025095e-35 1.3576226323761691 0.019048352476054048 0.58278900000000011 0.028725696911574661 0.0090228990092063432 0.034768718464964564 0.73063070525451002 39.34814971753751 -0.041689032454180923 0.15290041132591464 0.027332500000000003 0.03742691371678545
decision_type=2 2 2 2 2 2 2 2 2 2 2 2 2 2 2 2 2 2
left_child=1 2 -1 -4 7 6 17 10 9 -9 13 12 -12 15 -15 -3 -16 -6
right_child=-2 4 3 -5 5 -7 -8 8 -10 -11 11 -13 -14 14 16 -17 -18 -19
leaf_value=9.0512440484807094e-05 0.00017332010829704811 0.00030169551031245976 -8.1826949694500814e-05 -0.0004194905238909996 5.4022022438977345e-05 0.00035632852760381469 -0.00017065642031541625 -5.3402934953247982e-05 0.0001705163131270598 -0.00048772147756608318 8.1821967842188312e-05 -0.00016288287988572848 0.00045149949054348323 -0.00032253787294757785 -0.00019643763225758447 -8.0120910127373895e-05 -6.8427506201554657e-07 0.00030870914207688265
leaf_weight=28 21 33 22 20 38 23 35 26 23 24 32 26 32 25 52 23 346 21
leaf_count=28 21 33 22 20 38 23 35 26 23 24 32 26 32 25 52 23 346 21
internal_value=8.8772e-13 -4.3905e-06 -0.000109367 -0.000242619 5.29109e-06 9.19514e-05 2.72633e-05 -1.05021e-05 -0.000125643 -0.000261876 4.26984e-06 0.00014257 0.000266661 -2.17156e-05 -4.37706e-05 0.000144878 -2.62601e-05 0.000144673
internal_weight=850 829 70 42 759 117 94 642 73 50 569 90 64 479 423 56 398 59
internal_count=850 829 70 42 759 117 94 642 73 50 569 90 64 479 423 56 398 59
is_linear=0
shrinkage=0.3


Tree=78
num_leaves=15
num_cat=0
split_feature=15 18 20 15 27 1 0 8 12 12 2 27 14 0
split_gain=8.01805e-06 2.30302e-05 2.81005e-05 9.22632e-06 2.11565e-05 1.12127e-05 1.47297e-05 9.49244e-06 1.6255e-05 1.54804e-05 1.8638e-05 1.14531e-05 2.84363e-05 1.81719e-05
threshold=0.020163769042556429 0.057527884150835519 0.30883400000000005 0.013884165864264804 0.85937200000000014 6.0713592150366997 5.82485984499798 0.098984644431077948 0.0067377399958820803 0.0068272445309431927 4.8512970820096637 0.86051850000000008 0.010660919677544184 4.5085887914050407
decision_type=2 2 2 2 2 2 2 2 2 2 2 2 2 2
left_child=3 -2 -3 5 -5 6 7 9 -9 11 -11 13 -13 -1
right_child=1 2 -4 4 -6 -7 -8 8 -10 10 -12 12 -14 -15
leaf_value=0.0001957070790231228 -0.00010055615217424928 -6.1788813836756163e-05 0.00039431907935654777 -0.00036471068514012066 2.0477551151998342e-05 0.00019268588422304534 -0.00023889797230367547 -2.6332408160669727e-05 0.00030490928775179783 -0.00038551309823690514 -1.4407286728563685e-05 -0.00024782230548225925 6.866955983048384e-05 -7.479239248517393e-05
leaf_weight=25 35 20 31 21 33 26 24 30 24 21 29 28 292 211
leaf_count=25 35 20 31 21 33 26 24 30 24 21 29 28 292 211
internal_value=-3.84556e-13 8.68448e-05 0.000215453 -9.77572e-06 -0.000129318 -6.83782e-07 -8.03409e-06 3.6096e-07 0.000120886 -1.03789e-05 -0.000170272 3.99994e-06 4.09765e-05 -4.61378e-05
internal_weight=850 86 51 764 54 710 684 660 54 606 50 556 320 236
internal_count=850 86 51 764 54 710 684 660 54 606 50 556 320 236
is_linear=0
shrinkage=0.3


Tree=79
num_leaves=21
num_cat=0
split_feature=27 15 27 9 9 5 5 21 9 23 22 22 7 7 9 15 16 9 13 7
split_gain=5.54654e-06 2.1285e-05 9.57244e-06 1.00037e-05 6.30928e-06 1.57973e-05 3.44333e-05 2.59784e-05 2.02281e-05 3.56044e-05 1.82218e-05 2.82395e-05 3.24248e-05 2.57803e-05 1.47049e-05 1.64149e-05 1.38151e-05 2.24591e-05 1.65697e-05 1.2356e-05
threshold=0.5414770000000001 -0.0020222448089726613 0.59438250000000015 0.0080508871988797439 0.023389561712404503 0.0016091872343663939 0.0086022435421892664 0.054305000000000013 0.014550239104322973 0.41666650000000005 0.016020000000000003 0.060330000000000002 -0.001947382600463345 0.0018867903914715955 0.025157402448411918 0.029936656438503493 0.010599673994202937 0.040721953388473155 0.021649129651599795 0.0020533799517048986
decision_type=2 2 2 2 2 2 2 2 2 2 2 2 2 2 2 2 2 2 2 2
left_child=1 -1 -2 -4 5 10 8 -8 -7 -10 -5 13 -13 -12 -6 16 18 -18 -16 -9
right_child=2 -3 3 4 14 6 7 19 9 -11 11 12 -14 -15 15 -17 17 -19 -20 -21
leaf_value=-0.00015475030373636402 -0.00017866716729518625 0.00023321252685231487 -0.00016702507606579831 0.00035200144003560442 -0.00024027469518478028 7.7634089585013785e-08 0.00032966248126021743 0.00013448747573420404 -0.00057003160129004914 -3.6200182702210124e-05 -0.00034440355193510186 0.00038007375211842974 1.7615180695429444e-05 0.00011677661059366072 -0.00020528318143208575 0.00025506423886067098 -0.00025943725295292093 4.9275184210273437e-05 3.7606435831863701e-05 -0.00019499152404023334
leaf_weight=20 28 35 31 23 25 38 31 20 22 23 24 36 58 20 28 21 48 38 260 21
leaf_count=20 28 35 31 23 25 38 31 20 22 23 24 36 58 20 28 21 48 38 260 21
internal_value=-2.46687e-13 9.21351e-05 -6.37413e-06 -8.44223e-08 6.94705e-06 3.89694e-05 -2.93928e-05 0.000122423 -0.000161089 -0.000297184 0.000104784 6.3581e-05 0.000156429 -0.000134776 -1.7146e-05 -3.02389e-06 -1.75155e-05 -0.000123029 1.39922e-05 -3.42701e-05
internal_weight=850 55 795 767 736 316 155 72 83 45 161 138 94 44 420 395 374 86 288 41
internal_count=850 55 795 767 736 316 155 72 83 45 161 138 94 44 420 395 374 86 288 41
is_linear=0
shrinkage=0.3


Tree=80
num_leaves=22
num_cat=0
split_feature=27 11 7 16 28 8 12 4 23 7 4 16 12 18 12 18 10 4 1 7 17
split_gain=7.16125e-06 2.78175e-05 3.27365e-05 1.85472e-05 2.28035e-05 1.47497e-05 2.09765e-05 2.80572e-05 1.3986e-05 1.34105e-05 1.32581e-05 1.63047e-05 1.05762e-05 5.54271e-05 1.64042e-05 1.41808e-05 1.99574e-05 1.5065e-05 1.52389e-05 7.8225e-06 5.61084e-06
threshold=0.93511250000000012 68.391413715873497 0.0019305057666435916 0.0062695931781383499 1.0000000180025095e-35 0.094124996352282192 0.0049678186218071367 7825550.0000000009 0.58333350000000006 -0.010298766988343769 6579300.0000000009 0.0021413353646270008 0.0029081674245569037 -0.047962182624003376 0.0021832715380403814 0.69083679943530163 -0.15477104880492196 13590350.000000002 5.2825148450180217 0.0051205681397085345 0.0076350419537385764
decision_type=2 2 2 2 2 2 2 2 2 2 2 2 2 2 2 2 2 2 2 2 2
left_child=5 2 3 4 -2 6 12 20 19 -5 11 -4 14 -14 15 17 -17 18 -1 -7 -8
right_child=1 -3 10 9 -6 8 7 -9 -10 -11 -12 -13 13 -15 -16 16 -18 -19 -20 -21 -22
leaf_value=5.2454542712214405e-05 -0.00038208676614366204 -0.00033886166936029509 0.00025175983734828018 0.00021165419286262475 -6.9462776664295228e-06 0.00011455093464974197 6.7238874471513548e-05 -0.00039811543065297882 -2.3719028265784598e-05 -0.00013575655611930415 0.00030899901054605531 -9.2901638709008694e-05 -0.00019511528498696861 0.00041214826560462823 -0.00023902553657535462 5.712809375276825e-05 -0.00031827839740435591 0.00027701692581657601 -0.00012683048527492246 0.00037108761982539287 -0.00012126931109782566
leaf_weight=291 35 26 21 20 25 20 30 26 27 20 27 30 24 31 23 26 25 23 50 23 27
leaf_count=291 35 26 21 20 25 20 30 26 27 20 27 30 24 31 23 26 25 23 50 23 27
internal_value=-4.46468e-13 -4.90013e-05 -6.66214e-06 -0.000120287 -0.000225778 1.54741e-05 -3.28745e-07 -0.000139857 0.000145509 3.79488e-05 0.000139011 4.90178e-05 2.31618e-05 0.000147161 7.59114e-06 2.12591e-05 -0.000126895 4.20169e-05 2.61664e-05 0.000251768 -2.20545e-05
internal_weight=850 204 178 100 60 646 576 83 70 40 78 51 493 55 438 415 51 364 341 43 57
internal_count=850 204 178 100 60 646 576 83 70 40 78 51 493 55 438 415 51 364 341 43 57
is_linear=0
shrinkage=0.3


Tree=81
num_leaves=29
num_cat=0
split_feature=11 8 17 8 21 23 4 26 18 13 14 26 1 13 13 0 20 21 14 4 9 11 12 17 0 17 3 14
split_gain=5.64176e-06 1.95726e-05 1.44149e-05 1.44566e-05 1.37352e-05 2.10774e-05 2.28138e-05 1.98547e-05 2.10942e-05 2.31347e-05 1.79042e-05 1.70238e-05 2.86423e-05 1.62973e-05 1.58319e-05 1.73256e-05 1.32018e-05 2.29947e-05 2.60081e-05 2.04926e-05 1.6178e-05 1.24471e-05 1.84376e-05 1.18147e-05 1.07302e-05 1.06856e-05 1.05074e-05 1.02666e-05
threshold=43.213836028759808 -0.012333059113506545 0.01087163621608051 -0.019467587265366338 0.20483200000000004 0.58333350000000006 4757000.0000000009 0.88368750000000007 -0.54596693577934718 0.018691254564625982 0.015432256887144951 0.84310400000000019 4.9174372461107501 0.029517526014843792 0.024250116954432476 5.3861101774246487 0.11103200000000001 0.28411700000000001 0.027078044508303093 8580250.0000000019 0.061304346010727102 66.658970821108127 -0.00070210813781613373 0.0081632573621466305 4.5669896666126997 0.0064724933371996677 4.9751684665679941 0.014359024677081398
decision_type=2 2 2 2 2 2 2 2 2 2 2 2 2 2 2 2 2 2 2 2 2 2 2 2 2 2 2 2
left_child=16 2 3 -2 7 13 -7 8 -3 -10 -9 12 -11 14 27 -16 19 20 -19 25 24 22 -12 -24 -18 -1 -26 -6
right_child=1 4 -4 -5 5 6 -8 10 9 11 21 -13 -14 -15 15 -17 17 18 -20 -21 -22 -23 23 -25 26 -27 -28 -29
leaf_value=-0.00011041234608234624 6.8962258261639039e-05 -0.0001705282837395895 -4.9719367066595275e-05 0.0003438593731516448 -0.00010151105532583773 -0.0004409795643878169 -4.6695848868694154e-05 -0.00024658860710360383 0.00038419610470461109 -0.00020002498223964886 -0.00014705750257305153 0.00029682601268107714 0.00015473176655278722 0.00019444829777057749 -0.00031693344772065757 2.8907121701525861e-05 -0.00030738835829770717 0.0003759703433908206 -4.0713670471002564e-05 6.2347471551523392e-05 0.00016655727906254468 -0.00014154270962486357 4.7835996895771945e-05 0.00031338319041242354 6.5611318293829545e-05 -0.00035134540288709102 -0.00021733065784376645 0.00017391826339258716
leaf_weight=37 33 22 26 36 21 25 28 32 29 33 26 26 54 28 32 22 23 28 26 36 20 37 38 25 27 30 21 29
leaf_count=37 33 22 26 36 21 25 28 32 29 33 26 26 54 28 32 22 23 28 26 36 20 37 38 25 27 30 21 29
internal_value=9.54969e-14 1.56872e-05 0.000140653 0.000212387 -7.72834e-06 -7.28726e-05 -0.000232679 2.96993e-05 0.000102818 0.000145168 -4.61966e-05 8.38245e-05 2.01689e-05 -8.70806e-06 -6.3404e-05 -0.000176035 -3.80795e-05 2.02579e-05 0.000175345 -0.000120205 -7.17717e-05 4.69661e-06 6.54927e-05 0.000153212 -0.000138907 -0.000218293 -5.81758e-05 5.82379e-05
internal_weight=850 602 95 69 507 185 53 322 164 142 158 113 87 132 104 54 248 145 54 103 91 126 89 63 71 67 48 50
internal_count=850 602 95 69 507 185 53 322 164 142 158 113 87 132 104 54 248 145 54 103 91 126 89 63 71 67 48 50
is_linear=0
shrinkage=0.3


Tree=82
num_leaves=10
num_cat=0
split_feature=4 4 3 4 1 2 0 2 18
split_gain=5.04316e-06 6.37601e-06 7.15568e-06 8.39361e-06 7.86228e-06 8.00132e-06 1.69137e-05 1.17816e-05 7.3162e-06
threshold=20394850.000000004 15564950.000000002 5.9436800479888925 12950700.000000002 5.8869372007419178 5.5174324108636164 5.3957585263744869 5.2067312673578776 -0.15439708140252689
decision_type=2 2 2 2 2 2 2 2 2
left_child=1 2 3 4 5 6 7 -1 -7
right_child=-2 -3 -4 -5 -6 8 -8 -9 -10
leaf_value=-1.7372872123842227e-06 -0.00013556494068325264 0.00014732178701201012 0.00014538540738707022 -0.00017072554328478873 -0.00017310973717426153 7.1632438630331299e-06 -0.00025547408048346961 0.0002082424429245293 0.00026376756052286509
leaf_weight=632 24 27 29 27 23 20 23 25 20
leaf_count=632 24 27 29 27 23 20 23 25 20
internal_value=7.70516e-13 3.93893e-06 -9.06294e-07 -6.41598e-06 -4.45109e-07 5.07057e-06 -2.59972e-06 6.25281e-06 0.000135465
internal_weight=850 826 799 770 743 720 680 657 40
internal_count=850 826 799 770 743 720 680 657 40
is_linear=0
shrinkage=0.3


Tree=83
num_leaves=20
num_cat=0
split_feature=13 19 6 2 11 20 6 21 8 14 21 18 18 17 8 1 28 1 21
split_gain=5.14016e-06 2.853e-05 1.17943e-05 1.2646e-05 1.0401e-05 1.3718e-05 7.91778e-06 1.11425e-05 2.08296e-05 1.90444e-05 1.46187e-05 3.54582e-05 2.05878e-05 1.28253e-05 1.35736e-05 1.21397e-05 1.87668e-05 1.64418e-05 8.5329e-06
threshold=0.04175506998000942 0.013547500000000002 -0.022156480112352554 4.6420619943999588 32.599519312470669 0.13402500000000003 -0.017196670776377421 0.49705450000000001 -0.012333059113506545 0.018292665197904841 0.22693300000000002 0.32530017332129207 -0.11488823014842799 0.0037488281820907388 0.021581031455329875 5.4710878450196185 1.0000000180025095e-35 5.2090473658136771 0.78771700000000011
decision_type=2 2 2 2 2 2 2 2 2 2 2 2 2 2 2 2 2 2 2
left_child=2 -2 3 -1 5 -4 -6 10 9 -9 15 12 -12 14 -10 17 -17 -8 -15
right_child=1 -3 4 -5 6 -7 7 8 13 -11 11 -13 -14 18 -16 16 -18 -19 -20
leaf_value=2.2133929399257925e-05 0.00031232561334036294 -0.00016839609404996735 -0.00031174834605605738 -0.00024668373213595867 0.00015771766803812748 1.7152783402707428e-05 9.4932054523064979e-06 0.00046287318793474696 -0.00028112236727990774 8.7387097911203215e-05 -0.00010406480447103562 0.00021604429292502962 -0.00044641964707989247 0.00025205982143233996 4.8487491585547102e-05 -0.00026457181378218054 4.8373080158593697e-05 0.00022096735907890997 9.9698257480141408e-06
leaf_weight=28 25 20 21 36 33 25 313 20 23 31 43 21 25 20 22 34 35 37 38
leaf_count=28 25 20 21 36 33 25 313 20 23 31 43 21 25 20 22 34 35 37 38
internal_value=-5.15267e-13 9.86715e-05 -5.5158e-06 -0.000129076 5.15607e-06 -0.000132998 1.43001e-05 7.15084e-06 7.78404e-05 0.000234637 -1.42787e-05 -0.000124701 -0.000229931 2.03497e-07 -0.00011998 9.17609e-06 -0.000105832 3.1849e-05 9.34491e-05
internal_weight=850 45 805 64 741 46 695 662 154 51 508 89 68 103 45 419 69 350 58
internal_count=850 45 805 64 741 46 695 662 154 51 508 89 68 103 45 419 69 350 58
is_linear=0
shrinkage=0.3


Tree=84
num_leaves=12
num_cat=0
split_feature=11 4 1 17 11 21 15 6 10 7 13
split_gain=4.86043e-06 7.85297e-06 7.12951e-06 1.08749e-05 7.00406e-06 9.59014e-06 1.02054e-05 1.05463e-05 1.14239e-05 9.03033e-06 5.15701e-06
threshold=27.362998903905616 18153850.000000004 5.9060404428792728 0.0059553895556754624 32.599519312470669 0.019668000000000001 -0.028263796557409581 0.016546237481913979 0.98255364821143876 -0.0021505772891525737 0.034381590692481312
decision_type=2 2 2 2 2 2 2 2 2 2 2
left_child=-1 2 4 -4 10 -6 -7 9 -9 -8 -2
right_child=1 -3 3 -5 5 6 7 8 -10 -11 -12
leaf_value=0.00013308637639966036 -0.00023381444139886298 -0.00015454295171366539 -5.9874313592445105e-05 0.00022571557301489517 -0.00017696219552957559 0.00021456897790942872 -6.1444998413479933e-05 0.00020682613554030962 -1.0607930854813847e-05 1.665846643974549e-05 -2.9433027579216283e-05
leaf_weight=24 20 30 20 30 26 21 214 44 43 353 25
leaf_count=24 20 30 20 30 26 21 214 44 43 353 25
internal_value=3.12251e-13 -3.86692e-06 1.81183e-06 0.00011148 -5.53856e-06 1.82646e-06 8.71314e-06 2.10309e-06 9.93587e-05 -1.28197e-05 -0.000120269
internal_weight=850 826 796 50 746 701 675 654 87 567 45
internal_count=850 826 796 50 746 701 675 654 87 567 45
is_linear=0
shrinkage=0.3


Tree=85
num_leaves=26
num_cat=0
split_feature=4 7 27 27 4 4 18 9 16 21 21 28 9 17 7 18 20 14 13 4 11 12 1 12 20
split_gain=4.59167e-06 1.70339e-05 1.84051e-05 1.59062e-05 1.34599e-05 1.58121e-05 1.11988e-05 1.08565e-05 2.42646e-05 2.9916e-05 2.50771e-05 2.08929e-05 1.99186e-05 9.75317e-06 1.83397e-05 2.46876e-05 1.50533e-05 1.33074e-05 1.28866e-05 8.51386e-06 1.40294e-05 8.49159e-06 8.12243e-06 8.68355e-06 4.64526e-06
threshold=3552250.0000000005 0.0062077528490228628 0.89805400000000013 0.8063840000000001 4429250.0000000009 4616350.0000000009 -0.5396960121134724 0.020384905024251779 0.0061350123982539702 0.054305000000000013 0.044884 1.0000000180025095e-35 0.022831724482261402 0.0018887537427938548 0.0076702910981556053 0.38285731038322918 0.2622330000000001 0.033898318592772501 0.028462929918359192 4251600.0000000009 59.7402994366618 0.00016691080644103896 4.7554454463866778 -0.00021250425347070127 0.25640500000000005
decision_type=2 2 2 2 2 2 2 2 2 2 2 2 2 2 2 2 2 2 2 2 2 2 2 2 2
left_child=1 2 3 24 19 -6 -3 8 9 -7 -10 -11 -9 17 15 -15 -16 18 -14 20 21 -2 23 -4 -1
right_child=4 6 22 -5 5 7 -8 12 10 11 -12 -13 13 14 16 -17 -18 -19 -20 -21 -22 -23 -24 -25 -26
leaf_value=0.00020704098729765975 -0.00010113178850001385 5.3031536517664789e-05 0.00015520009990723337 -0.00020375727444843506 0.00024470079579259619 -0.00047076036622140398 -0.00021683562897505321 0.00024735090405556546 0.00031529142247366151 -0.00020207784454632436 -0.00010417636953332413 0.00017257101592674319 -5.8592215245880653e-05 0.00014054022097446492 2.4674237048547466e-05 -9.8284481824727126e-05 -0.00020376436806784229 0.00010659900297468994 -0.00036947757820598781 -0.00028777526254998521 -0.00027366927437965803 0.00012678794032581209 7.0712935170873109e-05 0.00043140870610451588 7.2735545555505347e-06
leaf_weight=20 31 25 20 24 24 23 31 32 23 37 29 21 30 147 58 53 47 20 20 20 22 28 22 21 22
leaf_count=20 31 25 20 24 24 23 31 32 23 37 29 21 30 147 58 53 47 20 20 20 22 28 22 21 22
internal_value=4.6946e-13 4.18044e-05 0.000101782 -8.92934e-06 -1.16298e-05 6.43162e-06 -9.63592e-05 -4.15812e-06 -7.85698e-05 -0.000181239 8.13575e-05 -6.64291e-05 2.01582e-05 7.7114e-07 2.39492e-05 7.72517e-05 -7.75792e-05 -0.000100219 -0.000182946 -0.000112488 -6.92068e-05 7.03351e-06 0.000217766 0.000296673 0.000102401
internal_weight=850 185 129 66 665 564 56 540 133 81 52 58 407 375 305 200 105 70 50 101 81 59 63 41 42
internal_count=850 185 129 66 665 564 56 540 133 81 52 58 407 375 305 200 105 70 50 101 81 59 63 41 42
is_linear=0
shrinkage=0.3


Tree=86
num_leaves=26
num_cat=0
split_feature=9 8 11 16 10 19 15 8 9 12 5 21 10 7 16 10 16 20 17 13 18 16 20 15 10
split_gain=5.11874e-06 5.16873e-06 1.46109e-05 8.58266e-06 1.34115e-05 1.44768e-05 1.24842e-05 1.57346e-05 1.47441e-05 1.39512e-05 1.19143e-05 8.64358e-06 8.5478e-06 1.81316e-05 1.5897e-05 1.55036e-05 1.01298e-05 1.0071e-05 9.34622e-06 1.48892e-05 1.86991e-05 1.3652e-05 1.47174e-05 9.29991e-06 6.46188e-06
threshold=0.0073327461743546594 0.025951417447519953 54.846535359085273 0.013722153834017313 0.50883174376358487 -0.45151549999999996 0.0053446963516735951 0.053581553473538469 0.031347427919129249 0.0048900453889864177 -0.0037524776267532397 0.094487000000000015 0.30271197789599308 -0.0054569716927296693 0.0017467982093234008 -0.063961977052265306 0.004597739222829242 0.33157500000000006 0.0083874749792970434 0.031480174308933788 0.12122216011925853 0.0021413353646270008 0.53249100000000016 -0.0044561291236756779 1.4225768173639939
decision_type=2 2 2 2 2 2 2 2 2 2 2 2 2 2 2 2 2 2 2 2 2 2 2 2 2
left_child=-1 2 12 4 5 -3 9 -8 -9 10 -6 -10 15 -14 -15 18 -17 -16 21 -20 -21 23 -23 -2 -11
right_child=1 3 -4 -5 6 -7 7 8 11 24 -12 -13 13 14 17 16 -18 -19 19 20 -22 22 -24 -25 -26
leaf_value=0.00013657704947718228 -5.064309027024507e-06 -2.5176232676520677e-05 -0.00022891418522139528 -0.00010794311084847888 -9.375778608955443e-07 0.00028668513262075705 0.00027341074214902997 -0.00016828459767846373 0.00025556092462336111 0.00017425555548549672 -0.00027375471523983456 -1.3519074987429618e-05 0.00028979371345485557 0.00022382362214557359 1.6311031173576006e-05 -0.00031008957760674931 -6.4347320433929173e-05 -0.00024573110584407749 -0.0002281699619121163 0.0001371245533846377 -0.00018599039758555589 0.00014267613420156308 -7.061540926315501e-05 -0.00022995821105407387 -4.4041667461687422e-05
leaf_weight=24 59 21 29 37 25 37 29 26 21 23 34 22 25 20 33 26 36 22 38 40 27 107 40 23 26
leaf_count=24 59 21 29 37 25 37 29 26 21 23 34 22 25 20 33 26 36 22 38 40 27 107 40 23 26
internal_value=3.75407e-13 -3.96834e-06 -2.19375e-05 2.73732e-05 4.63379e-05 0.00017377 1.04591e-05 8.79885e-05 1.00574e-05 -5.98917e-05 -0.000158154 0.000117892 -9.836e-06 6.85349e-05 -5.21797e-06 -2.96266e-05 -0.000167401 -8.85058e-05 -4.05186e-06 -7.8164e-05 6.91405e-06 2.99297e-05 8.46376e-05 -6.81443e-05 5.84244e-05
internal_weight=850 826 525 301 264 58 206 98 69 108 59 43 496 100 75 396 62 55 334 105 67 229 147 82 49
internal_count=850 826 525 301 264 58 206 98 69 108 59 43 496 100 75 396 62 55 334 105 67 229 147 82 49
is_linear=0
shrinkage=0.3


Tree=87
num_leaves=22
num_cat=0
split_feature=0 0 2 6 7 4 16 10 28 20 14 11 11 18 11 11 27 4 11 3 0
split_gain=4.89166e-06 1.46783e-05 9.74087e-06 1.10035e-05 1.23453e-05 2.45991e-05 1.83363e-05 1.50434e-05 1.43984e-05 1.04565e-05 9.20728e-06 7.33521e-06 8.87124e-06 1.03821e-05 1.0229e-05 1.33771e-05 1.1841e-05 8.58257e-06 1.43387e-05 7.89523e-06 1.02975e-05
threshold=4.9887297432469184 4.9243572918117682 4.9695509070503094 0.02259677444863779 0.0024211813941924071 6524800.0000000009 0.0056710470772005856 0.65898773748397022 1.0000000180025095e-35 0.21409150000000002 0.017764189020057389 67.270297409685611 58.123869046676596 0.035622830422467937 42.097087910613318 38.791531726035139 0.62678750000000016 4429250.0000000009 28.365983929337215 4.4807219505310067 4.5372261403893557
decision_type=2 2 2 2 2 2 2 2 2 2 2 2 2 2 2 2 2 2 2 2 2
left_child=1 11 -2 4 5 10 7 -6 -7 -8 -4 12 14 -14 15 17 -16 -1 -19 -18 -21
right_child=2 -3 3 -5 6 8 9 -9 -10 -11 -12 -13 13 -15 16 -17 19 18 -20 20 -22
leaf_value=-0.00012252138669307012 -0.00018481995225143194 0.00022825249869978646 0.00020849115446807168 0.00015008696083730849 -0.0002612719568866811 -0.00033484628612840377 0.00030127438383513233 4.7690497425768672e-05 -7.5368400128074704e-05 1.5075816008902621e-05 -6.2976384817209851e-05 0.00013804649622086018 1.7953658289115993e-05 -0.00021847127539721052 0.0002193200441524823 -0.00020883323801778412 0.00020483318974584108 0.00027297495990296738 -1.5991919393426916e-05 -0.00018665325730001891 3.0150878009120979e-05
leaf_weight=37 33 28 23 33 23 38 27 37 39 20 22 35 32 35 32 36 20 20 68 22 190
leaf_count=37 33 28 23 33 23 38 27 37 39 20 22 35 32 35 32 36 20 20 68 22 190
internal_value=-1.15344e-13 1.65922e-05 -3.12159e-05 -1.18688e-05 -3.52074e-05 -0.00010044 3.91703e-05 -7.07451e-05 -0.000203422 0.000179488 7.57737e-05 5.34651e-06 -4.09353e-06 -0.000105552 1.19011e-05 -4.76971e-05 4.8247e-05 -1.28994e-06 4.96824e-05 2.46507e-05 7.65234e-06
internal_weight=850 555 295 262 229 122 107 60 77 47 45 527 492 67 425 161 264 125 88 232 212
internal_count=850 555 295 262 229 122 107 60 77 47 45 527 492 67 425 161 264 125 88 232 212
is_linear=0
shrinkage=0.3


Tree=88
num_leaves=23
num_cat=0
split_feature=11 5 11 15 5 8 17 27 15 15 5 21 17 19 5 13 27 5 6 6 26 1
split_gain=6.34555e-06 5.38445e-06 2.00057e-05 2.13967e-05 2.47817e-05 1.50967e-05 1.45988e-05 1.17312e-05 1.10413e-05 1.09087e-05 1.20264e-05 2.51367e-05 9.18758e-06 9.0397e-06 1.20336e-05 8.67135e-06 1.8554e-05 1.23034e-05 1.05377e-05 1.76177e-05 1.09337e-05 8.47264e-06
threshold=74.813447226873677 0.0018867903914715955 69.610076290312421 0.0020533372237502225 0.0040899567986331983 0.020202731351429509 0.0093458633212919386 0.66028450000000005 0.0056715783937909383 0.0037523547314595551 -1.0000000180025095e-35 0.057253500000000006 0.012861857481049616 0.83857000000000015 -0.01139163656803386 0.032900836769970083 0.9167820000000001 -0.021455721423677684 -0.0021505772891525737 -0.010275817955813284 0.73742350000000012 4.7775759095721089
decision_type=2 2 2 2 2 2 2 2 2 2 2 2 2 2 2 2 2 2 2 2 2 2
left_child=1 9 3 5 -5 6 -3 -6 -9 10 13 -12 -10 15 -15 18 17 -17 19 -1 -20 -13
right_child=-2 2 -4 4 7 -7 -8 8 12 -11 11 21 -14 14 -16 16 -18 -19 20 -21 -22 -23
leaf_value=-4.536086244115722e-05 -0.00013105334156762182 0.00039985623928563051 0.00026244264529762609 -0.00029941005038078099 0.00017913046511239372 -5.000044069934769e-05 6.1688922942266798e-05 -0.00019332064230184187 -1.8522235847854741e-05 0.00015151707404470471 -0.00041835034540521778 -0.00017396079318132251 0.00018772262785866835 -5.5446247788495381e-05 0.00025675912754377352 -4.3463773909024892e-05 0.00010952719014974055 -0.0003515413013311835 2.6455063379104472e-05 0.00024964581813297369 -0.00013468489369188318 8.1695992931989691e-05
leaf_weight=38 32 27 31 27 30 21 20 29 167 32 21 20 22 20 25 20 22 28 89 35 66 28
leaf_count=38 32 27 31 27 30 21 20 29 167 32 21 20 22 20 25 20 22 28 89 35 66 28
internal_value=2.41872e-13 5.12678e-06 3.16466e-05 1.07875e-05 -2.64719e-05 0.000161469 0.000255955 3.24314e-06 -2.09615e-05 -1.7212e-05 -3.03172e-05 -0.000144595 5.4851e-06 -7.32826e-06 0.000118001 -2.62538e-05 -0.000118612 -0.000223176 2.1017e-06 9.60807e-05 -4.21594e-05 -2.48277e-05
internal_weight=850 818 374 343 275 68 47 248 218 444 412 69 189 343 45 298 70 48 228 73 155 48
internal_count=850 818 374 343 275 68 47 248 218 444 412 69 189 343 45 298 70 48 228 73 155 48
is_linear=0
shrinkage=0.3


Tree=89
num_leaves=19
num_cat=0
split_feature=12 9 12 19 14 10 17 6 12 21 19 12 7 4 12 10 12 20
split_gain=4.26819e-06 1.4039e-05 1.22328e-05 1.36599e-05 6.99729e-06 6.69671e-06 9.13524e-06 8.15734e-06 5.98524e-06 1.29077e-05 1.76794e-05 1.20251e-05 1.84042e-05 1.19987e-05 1.00063e-05 1.26441e-05 1.96601e-05 1.08605e-05
threshold=0.0042443613245629766 0.025157402448411918 0.0029081674245569037 0.12683550000000002 0.016016449817798508 1.8000545833540194 0.01339561116514968 0.0044346259262258879 0.0015834471979054266 0.065976000000000021 0.036424000000000005 0.00052473565801817198 0.0044346259262258879 3986700.0000000005 9.5282741720892808e-05 0.80777398857199734 -0.0004225976676578559 0.41432650000000004
decision_type=2 2 2 2 2 2 2 2 2 2 2 2 2 2 2 2 2 2
left_child=2 -2 8 -4 -3 6 7 -6 11 -10 -11 14 13 -13 15 16 17 -1
right_child=1 4 3 -5 5 -7 -8 -9 9 10 -12 12 -14 -15 -16 -17 -18 -19
leaf_value=-4.257868552188312e-05 -0.00024932452393113636 0.00015837282583561319 3.6155759605478393e-05 0.00034388350693916433 -0.00022899420643322324 9.4517182151321319e-05 5.4053759480379275e-05 -2.8406234274813401e-05 -0.00020481932029533229 0.00022490445436150448 -0.00015126747283553097 -0.00013229890543628312 0.00031867291165528716 0.00014404997951538871 -0.00016078293510872753 -0.00020236746798036619 0.00026461660102844085 6.5794274649104201e-05
leaf_weight=217 25 20 37 20 36 30 38 37 38 22 23 26 27 31 36 25 27 135
leaf_count=217 25 20 37 20 36 30 38 37 38 22 23 26 27 31 36 25 27 135
internal_value=-6.36218e-13 -4.01662e-05 1.12514e-05 0.00014413 -7.68824e-06 -3.1243e-05 -6.52322e-05 -0.000127326 -1.22655e-06 -7.6077e-05 3.26388e-05 1.06295e-05 0.000114642 1.79961e-05 -9.22744e-06 4.27751e-06 1.79084e-05 -1.01519e-06
internal_weight=850 186 664 57 161 141 111 73 607 83 45 524 84 57 440 404 379 352
internal_count=850 186 664 57 161 141 111 73 607 83 45 524 84 57 440 404 379 352
is_linear=0
shrinkage=0.3


Tree=90
num_leaves=17
num_cat=0
split_feature=8 10 8 15 11 1 10 7 21 12 5 11 17 2 0 0
split_gain=4.09559e-06 4.23798e-06 4.47486e-06 1.13933e-05 8.07021e-06 1.05605e-05 7.99057e-06 1.21649e-05 8.88953e-06 1.00627e-05 9.14815e-06 7.2808e-06 5.82042e-06 5.23336e-06 9.45138e-06 1.00251e-05
threshold=0.14519565461515588 2.2502403139229514 0.034989723057242871 0.015945261264952399 55.42348805026365 4.7883413205746477 0.57641757631066348 -0.0037524776267532397 0.045958500000000006 0.0081245701120286427 1.0000000180025095e-35 54.580411301973292 0.004324325254554561 5.6663843003033687 5.2796791591613061 5.1831100091596598
decision_type=2 2 2 2 2 2 2 2 2 2 2 2 2 2 2 2
left_child=1 2 4 6 11 -6 7 -4 10 12 -8 13 -10 14 15 -1
right_child=-2 -3 3 -5 5 -7 8 -9 9 -11 -12 -13 -14 -15 -16 -17
leaf_value=-1.18127719819809e-05 -0.00012487024733158961 -0.00012074965875399357 -6.5223288506136403e-05 0.00021231641263922584 2.7849140733451348e-05 -0.00027022104243413825 -5.0052199234910817e-05 0.00022685896335381336 -0.00025051298917969686 9.7938262776799747e-05 0.00022353236166633328 0.00014708258771861435 -6.7685604512389216e-05 0.00012357069628908196 -0.00019177529981243422 0.00020535868454317095
leaf_weight=440 23 24 21 31 20 23 22 33 25 22 22 30 42 27 25 20
leaf_count=440 23 24 21 31 20 23 22 33 25 22 22 30 42 27 25 20
internal_value=6.38084e-14 3.47281e-06 7.18556e-06 4.38718e-05 -6.48554e-06 -0.000131584 1.59478e-05 0.000113271 -2.3567e-05 -7.81009e-05 8.67401e-05 3.43922e-06 -0.000135905 -4.97738e-06 -1.21337e-05 -2.37053e-06
internal_weight=850 827 803 218 585 43 187 54 133 89 44 542 67 512 485 460
internal_count=850 827 803 218 585 43 187 54 133 89 44 542 67 512 485 460
is_linear=0
shrinkage=0.3


Tree=91
num_leaves=23
num_cat=0
split_feature=14 22 7 17 13 4 27 7 15 10 6 16 10 10 21 6 2 15 15 13 7 27
split_gain=3.70828e-06 1.53729e-05 1.08736e-05 1.17254e-05 8.26884e-06 1.09647e-05 8.21704e-06 7.85786e-06 1.11084e-05 6.06965e-06 1.22969e-05 9.25817e-06 7.8889e-06 6.47164e-06 9.14584e-06 1.53966e-05 1.28533e-05 1.08402e-05 2.485e-05 5.99195e-06 4.80387e-06 5.65693e-06
threshold=0.030113999256951119 0.019942000000000005 0.0076702910981556053 0.010405828513558731 0.034217900320419319 8532150.0000000019 0.81052350000000006 -0.012520613721818416 -0.011843074194448263 1.5213105320214666 0.0065377541854237777 0.01048212035589848 1.2431680559568414 1.018840789909399 0.041798000000000009 -0.0083041038247864702 4.6587908531515749 -0.013036137296771161 -0.010046918095193301 0.031628189143915596 0.0021255271189565693 0.80802550000000017
decision_type=2 2 2 2 2 2 2 2 2 2 2 2 2 2 2 2 2 2 2 2 2 2
left_child=9 -2 3 7 5 -5 -4 -3 -9 11 -11 12 13 14 15 -1 -17 -16 -19 -8 21 -13
right_child=1 2 6 4 -6 -7 19 8 -10 10 -12 20 -14 -15 17 16 -18 18 -20 -21 -22 -23
leaf_value=-0.00030328066324886014 -0.00024445812499228244 0.00010231184987787855 4.6510381362168116e-05 7.7658060562780831e-05 -2.7118386995945391e-05 0.00036229797260602933 -0.00024066778400088588 5.4893988437305039e-05 -0.0002278038593901548 0.00025418487194757389 -1.0605758937967229e-05 3.5152868336548896e-05 -0.00014638984091623175 0.00013237233029713024 0.00017838036229394759 8.5126837560286125e-05 -0.00014161762464937055 -0.00031685018470203169 2.4318220843334342e-05 -3.2568119777351968e-05 -9.5492910077155085e-06 0.00023960321785376309
leaf_weight=23 27 24 25 29 21 21 33 22 29 27 38 21 37 30 33 45 45 21 226 20 24 29
leaf_count=23 27 24 25 29 21 21 33 22 29 27 38 21 37 30 33 45 45 21 226 20 24 29
internal_value=6.4307e-13 -3.06108e-05 -4.83457e-06 4.34774e-05 0.000130857 0.000197207 -9.52646e-05 -3.92421e-05 -0.000105856 1.28269e-05 9.93842e-05 2.2909e-06 -1.35526e-05 -1.93323e-06 -1.21856e-05 -8.4226e-05 -2.82454e-05 1.68879e-05 -4.688e-06 -0.00016214 0.000100777 0.000153734
internal_weight=850 251 224 146 71 50 78 75 51 599 65 534 460 423 393 113 90 280 247 53 74 50
internal_count=850 251 224 146 71 50 78 75 51 599 65 534 460 423 393 113 90 280 247 53 74 50
is_linear=0
shrinkage=0.3


Tree=92
num_leaves=12
num_cat=0
split_feature=7 7 11 11 10 6 6 7 18 0 5
split_gain=4.50895e-06 6.02753e-06 4.19963e-06 6.91447e-06 5.17097e-06 1.0931e-05 1.24291e-05 1.15591e-05 9.24843e-06 6.79489e-06 4.2971e-06
threshold=-0.040010669543383025 -0.025409028368138117 32.599519312470669 33.951882307590296 -1.7383758047692088 -0.025752698923070812 -0.014967642338840501 0.011879156116238731 0.10037083433503736 4.6757491967021814 0.0016091872343663939
decision_type=2 2 2 2 2 2 2 2 2 2 2
left_child=-1 -2 10 -4 9 -6 7 -7 -8 -5 -3
right_child=1 2 3 4 5 6 8 -9 -10 -11 -12
leaf_value=-0.00012818404647987335 0.00012206633933552389 -0.0001367915689255684 0.00017404675766426536 1.4969918107532936e-05 -0.00018463202756650461 0.00025822671455791671 -3.2714484193635285e-05 -2.4857603576882474e-05 4.335981756264309e-05 -0.00021823809802299366 3.4244504313392099e-05
leaf_weight=24 37 39 21 23 26 34 325 21 258 22 20
leaf_count=24 37 39 21 23 26 34 325 21 258 22 20
internal_value=-3.76069e-13 3.72448e-06 -1.82514e-06 4.39718e-06 -6.27699e-07 6.04201e-06 1.38124e-05 0.00015014 9.5133e-07 -9.90429e-05 -7.88132e-05
internal_weight=850 826 789 730 709 664 638 55 583 45 59
internal_count=850 826 789 730 709 664 638 55 583 45 59
is_linear=0
shrinkage=0.3


Tree=93
num_leaves=24
num_cat=0
split_feature=11 12 12 11 4 13 4 0 27 26 8 8 2 19 3 10 3 10 15 19 18 3 22
split_gain=2.94302e-06 6.07562e-06 5.30109e-06 8.77278e-06 7.96726e-06 1.39534e-05 1.33346e-05 2.11587e-05 1.00038e-05 9.37997e-06 8.12953e-06 8.64002e-06 5.72188e-06 5.38864e-06 1.08758e-05 1.4894e-05 1.20825e-05 5.76086e-06 8.92429e-06 4.99844e-06 3.88156e-06 3.11893e-06 3.10918e-06
threshold=70.059865102834337 0.0067377399958820803 0.0074955179734086863 67.467505283142984 8183600.0000000009 0.030587456961544069 7328450.0000000009 4.9125284291257527 0.90345350000000013 0.38048550000000009 -0.034243780498715091 0.014344657499698509 5.0083226263459659 -0.83751249999999988 4.7058024406433114 -0.24546586587298466 4.6767542362213144 0.065748424245392151 0.0018744140491609681 -0.12539449999999996 0.096644662338970802 5.066498041152955 0.50293650000000012
decision_type=2 2 2 2 2 2 2 2 2 2 2 2 2 2 2 2 2 2 2 2 2 2 2
left_child=2 21 3 4 6 10 13 -8 9 -7 -6 -12 -4 17 16 -16 -15 18 -1 -10 -19 -2 -13
right_child=1 -3 12 -5 5 8 7 -9 19 -11 11 22 -14 14 15 -17 -18 20 -20 -21 -22 -23 -24
leaf_value=8.1433377545181429e-05 -0.00021750864172645379 3.8837876052318329e-05 -7.4155951177304166e-07 0.00018045316032334489 0.00031865138371358622 6.006994829346825e-05 2.3520116656072787e-05 -0.00038882153712620492 -1.0742759595814276e-05 -0.00019354353755521254 -5.7575129488083928e-05 9.6416285123268603e-05 -0.00018980486900545656 -3.6491838339228001e-05 0.00019561134695544663 -1.1958519411733548e-05 -0.00026124165576766245 0.00020541789297191104 -0.00015644921766951565 0.00019881605154036409 4.0387696113295687e-05 -5.5521965196416911e-05 0.00026369640603661536
leaf_weight=40 20 34 34 27 20 21 24 21 20 35 21 20 25 155 41 129 25 29 22 21 23 23 20
leaf_count=40 20 34 34 27 20 21 24 21 20 35 21 20 25 155 41 129 25 29 22 21 23 23 20
internal_value=-3.24048e-13 -5.5931e-05 5.5714e-06 1.27129e-05 6.12051e-06 6.07524e-05 -1.29846e-05 -0.000168906 -1.60028e-05 -9.84385e-05 0.000152669 9.82488e-05 -8.08531e-05 2.13713e-06 -1.63139e-05 3.81024e-05 -6.77071e-05 5.8785e-05 -2.97658e-06 9.65922e-05 0.000132424 -0.000130865 0.000180056
internal_weight=850 77 773 714 687 178 509 45 97 56 81 61 59 464 350 170 180 114 62 41 52 43 40
internal_count=850 77 773 714 687 178 509 45 97 56 81 61 59 464 350 170 180 114 62 41 52 43 40
is_linear=0
shrinkage=0.3


Tree=94
num_leaves=25
num_cat=0
split_feature=0 13 10 10 10 8 11 11 11 26 21 14 4 22 22 9 24 17 7 27 15 16 5 0
split_gain=3.35957e-06 6.32299e-06 6.04911e-06 6.88486e-06 9.88303e-06 7.34961e-06 1.14622e-05 7.18082e-06 1.60972e-05 7.28207e-06 1.52495e-05 7.02474e-06 6.3532e-06 5.80361e-06 5.2186e-06 1.42465e-05 6.01144e-06 9.98548e-06 6.93288e-06 6.92341e-06 6.17206e-06 9.58764e-06 8.53217e-06 3.69894e-06
threshold=4.7648581143651709 0.018977370490186007 1.7124536637482846 1.2431680559568414 0.6127117068042488 0.029554139992706587 54.221620802975636 49.315949321971608 46.473431083937292 0.32283400000000001 0.74584300000000014 0.016614796925464335 3584650.0000000005 0.028186500000000007 0.021046500000000006 0.027030887351544516 1.0000000180025095e-35 0.0016366250412967003 0.0051205681397085345 0.57926250000000012 -0.0080645083760869287 0.0041666625274553786 0.0019305057666435916 5.1878316283613239
decision_type=2 2 2 2 2 2 2 2 2 2 2 2 2 2 2 2 2 2 2 2 2 2 2 2
left_child=2 -2 3 4 7 6 -6 8 9 10 -1 -9 -13 -11 15 -3 17 -16 23 -19 21 -21 -22 -18
right_child=1 14 -4 -5 5 -7 -8 11 -10 13 -12 12 -14 -15 16 -17 18 19 -20 20 22 -23 -24 -25
leaf_value=-0.00031338877808593683 -0.00016573954608975329 0.00026996085362043228 0.00015856967947211858 -0.00014005960390652315 4.7161196496083657e-05 -3.5600713650078082e-06 0.00035702299251819824 -0.00022090384031007884 0.00019934462490290078 0.0001579437139298534 1.8593670525164767e-05 0.0001064682928180056 -0.00010225351631691281 -3.2264817102787347e-06 -0.00020558491553181798 -4.2594086220820569e-05 -0.00012233217748871538 -0.00019253552842201318 0.00015623993281224102 -8.4221209111459975e-06 0.00012307472711740354 -0.00025642153726948888 -2.9953384203212789e-05 6.0124504125269594e-05
leaf_weight=20 25 21 26 26 22 26 21 23 39 24 33 21 35 124 31 35 20 20 32 47 53 20 86 20
leaf_count=20 25 21 26 26 22 26 21 23 39 24 33 21 35 124 31 35 20 20 32 47 53 20 86 20
internal_value=1.42844e-13 -1.95383e-05 1.82062e-05 9.39109e-06 1.94058e-05 0.000122355 0.000198489 -2.86209e-06 2.29618e-05 -1.12618e-05 -0.000106683 -8.13143e-05 -2.39828e-05 2.29092e-05 -1.00448e-05 7.4614e-05 -2.44548e-05 -4.59188e-05 5.21601e-05 -2.40178e-05 -7.6568e-06 -8.24518e-05 2.83955e-05 -3.11038e-05
internal_weight=850 410 440 414 388 69 43 319 240 201 53 79 56 148 385 56 329 257 72 226 206 67 139 40
internal_count=850 410 440 414 388 69 43 319 240 201 53 79 56 148 385 56 329 257 72 226 206 67 139 40
is_linear=0
shrinkage=0.3


Tree=95
num_leaves=24
num_cat=0
split_feature=2 19 1 18 26 17 19 3 3 14 13 20 20 18 2 4 13 7 4 13 11 0 26
split_gain=2.97034e-06 1.00401e-05 8.84601e-06 1.47776e-05 1.03079e-05 6.27513e-06 6.23413e-06 6.25844e-06 1.3492e-05 6.51364e-06 1.08183e-05 6.15724e-06 5.99419e-06 1.18147e-05 8.30122e-06 5.96563e-06 7.03401e-06 7.89999e-06 1.17567e-05 8.4373e-06 9.84706e-06 3.38896e-06 2.98243e-06
threshold=4.6297940948049048 0.90340850000000017 4.6526090111309371 0.50056072069528257 0.84539700000000007 0.0060606486796619986 0.91581600000000007 4.7058024406433114 4.7198987007141122 0.012173958614563702 0.016723296298573432 0.16978400000000002 0.6189420000000001 0.47264985310741375 4.7238866389773824 3016600.0000000005 0.020445274417175443 -0.0064309681721653267 5723750.0000000009 0.032811558884601195 52.306251351388205 4.9125284291257527 0.71061700000000017
decision_type=2 2 2 2 2 2 2 2 2 2 2 2 2 2 2 2 2 2 2 2 2 2 2
left_child=1 2 15 4 5 -4 7 11 -9 21 -11 -2 14 -14 -12 -1 22 18 -18 20 -19 -10 -17
right_child=6 -3 3 -5 -6 -7 -8 8 9 10 12 -13 13 -15 -16 16 17 19 -20 -21 -22 -23 -24
leaf_value=0.00011772292831535327 -1.0806150330608943e-05 -0.00018258641437569168 -0.00015689744474002511 0.000344750447293336 0.00022669270034384682 7.2869728920404271e-05 0.00014277152209119363 0.00019548154541805868 2.5995185387728269e-06 -0.00024416806118097154 -0.00016536048995196602 -0.00024079809607593976 -3.0209706367332402e-05 -0.00029538198308728166 1.2013877711278769e-05 -4.6587959368480369e-05 -0.00025215180334531133 0.00027952481826650909 4.9645874717568333e-05 -4.5949959439894886e-05 2.2602094282649038e-05 0.00017515214130980891 -0.00021042292828497012
leaf_weight=35 20 20 20 20 20 23 22 27 20 21 26 22 62 20 274 20 21 25 26 36 29 21 20
leaf_count=35 20 20 20 20 20 23 22 27 20 21 26 22 62 20 274 20 21 25 26 36 29 21 20
internal_value=2.82478e-13 2.31119e-05 3.70576e-05 0.000120083 4.87605e-05 -3.39987e-05 -1.3608e-05 -2.03143e-05 -1.04194e-05 -2.29404e-05 -3.45304e-05 -0.000131278 -2.30058e-05 -9.48859e-05 -3.35857e-06 4.55223e-06 -1.78262e-05 1.4489e-05 -8.51999e-05 6.65487e-05 0.000141548 9.09801e-05 -0.000128505
internal_weight=850 315 295 83 63 43 535 513 471 444 403 42 382 82 300 212 177 137 47 90 54 41 40
internal_count=850 315 295 83 63 43 535 513 471 444 403 42 382 82 300 212 177 137 47 90 54 41 40
is_linear=0
shrinkage=0.3


Tree=96
num_leaves=11
num_cat=0
split_feature=0 0 13 0 0 0 15 15 22 5
split_gain=3.45224e-06 7.29989e-06 4.53611e-06 3.55368e-06 1.52488e-05 6.7284e-06 3.80133e-06 6.21058e-06 9.59616e-06 5.84558e-06
threshold=4.4136380188086299 4.4616346243249927 0.03671604519454473 4.5067599120914412 4.5278178292568514 4.5480301919558963 0.02848158818892187 0.018003351470876946 0.10730150000000001 0.0081631752517542493
decision_type=2 2 2 2 2 2 2 2 2 2
left_child=2 -2 -1 -3 -5 -6 7 9 -9 -7
right_child=1 3 -4 4 5 6 -8 8 -10 -11
leaf_value=0.0001439871600020772 -0.00018420428779791109 9.7252888622278988e-05 -2.1818713917633025e-05 -0.00024007470208289305 0.00014718987699130335 -1.2409398523214003e-05 0.00011705754624294374 3.960177898327608e-05 -0.00022516572836528732 6.3936398417519563e-05
leaf_weight=33 20 32 27 24 28 503 23 22 28 110
leaf_count=33 20 32 27 24 28 503 23 22 28 110
internal_value=7.73605e-14 -5.26895e-06 6.93745e-05 -6.21279e-07 -4.86515e-06 3.04106e-06 -2.84257e-06 -7.002e-06 -0.000108668 1.2905e-06
internal_weight=850 790 60 770 738 714 686 663 50 613
internal_count=850 790 60 770 738 714 686 663 50 613
is_linear=0
shrinkage=0.3


Tree=97
num_leaves=19
num_cat=0
split_feature=13 27 13 9 0 18 2 13 4 4 22 11 7 14 18 27 7 27
split_gain=2.95973e-06 1.18792e-05 1.36702e-05 7.73556e-06 7.80618e-06 7.67368e-06 8.8466e-06 6.74706e-06 4.86171e-06 1.11427e-05 5.73001e-06 6.42639e-06 6.97488e-06 1.12522e-05 1.02331e-05 5.68032e-06 4.84737e-06 3.16476e-06
threshold=0.01880040009544488 0.80695200000000011 0.015173510167923938 0.0080508871988797439 4.7307460396745533 -0.094330910863419423 4.6089743329346193 0.020445274417175443 2657600.0000000005 3001550.0000000005 0.010974000000000003 31.025410212701129 0.0024211813941924071 0.014418127079165925 0.68038538356533285 0.92305450000000011 -0.010526943784388664 0.88555950000000017
decision_type=2 2 2 2 2 2 2 2 2 2 2 2 2 2 2 2 2 2
left_child=1 2 -1 -3 5 -5 -7 17 15 -10 -11 16 13 -13 -14 -9 -12 -2
right_child=7 3 -4 4 -6 6 -8 8 9 10 11 12 14 -15 -16 -17 -18 -19
leaf_value=7.0114166681798033e-06 -0.0002101114405422777 -0.00018303924319168019 0.00032099131876748291 0.00022695726237543566 -0.00014136493489786518 -0.00013570092529075086 0.00014308877466191915 0.00018658146410206638 -0.00022853084856478743 0.00013416918664006515 0.00020997341533075087 0.00013284008439963405 -8.0916016442989488e-07 -6.7279901618845519e-05 0.00019992713927282377 -8.1511854789693759e-06 1.7992427456192672e-05 -4.8527696503697373e-05
leaf_weight=26 20 21 24 20 20 21 20 26 20 27 20 28 189 261 26 28 29 24
leaf_count=26 20 21 24 20 20 21 20 26 20 27 20 28 189 261 26 28 29 24
internal_value=5.83855e-13 3.79353e-05 0.000157722 -2.07835e-05 2.12827e-05 7.46099e-05 2.9405e-07 -8.26098e-06 -6.10509e-07 -8.37026e-06 -7.78519e-07 -7.36729e-06 -1.74511e-05 -4.78911e-05 2.34659e-05 8.5609e-05 9.6352e-05 -0.000121975
internal_weight=850 152 50 102 81 61 41 698 654 600 580 553 504 289 215 54 49 44
internal_count=850 152 50 102 81 61 41 698 654 600 580 553 504 289 215 54 49 44
is_linear=0
shrinkage=0.3


Tree=98
num_leaves=22
num_cat=0
split_feature=7 14 11 3 6 27 14 9 7 7 18 21 20 17 17 18 9 4 18 14 21
split_gain=2.37695e-06 2.65064e-06 9.52446e-06 9.79005e-06 9.17377e-06 8.12334e-06 7.59272e-06 9.17336e-06 6.64679e-06 1.39014e-05 9.99526e-06 8.90527e-06 8.53005e-06 6.593e-06 1.11196e-05 6.2929e-06 6.97094e-06 6.58121e-06 6.13961e-06 3.07366e-06 3.52202e-06
threshold=-0.040010669543383025 0.01634320888467599 52.778604986037436 4.7100601196289071 -0.0020790236406132367 0.82249050000000012 0.016850090588042013 0.010280612313336769 0.0074768287037527007 0.0039918442463511448 0.39926585693166494 0.080168500000000018 0.17354400000000003 0.0041753613957810874 0.002066113666940685 0.68328369498927699 0.017843128151440464 7825550.0000000009 0.10037083433503736 0.010660919677544184 0.065976000000000021
decision_type=2 2 2 2 2 2 2 2 2 2 2 2 2 2 2 2 2 2 2 2 2
left_child=-1 2 3 13 -4 -5 -3 -8 9 10 18 -11 -12 14 -2 16 -10 -18 -9 -6 -21
right_child=1 6 4 5 19 -7 7 8 15 11 12 -13 -14 -15 -16 -17 17 -19 -20 20 -22
leaf_value=-9.3069310059945573e-05 1.7873840624815782e-05 0.00016556471160973681 -0.0002189474084557982 1.6443952014687174e-05 -0.00011921002683915762 0.00027143189837591883 -0.00019402532639105629 1.899281271246927e-05 -0.0002192051570455078 0.00034072710615873803 -0.00016078529036586467 7.4457247963157273e-05 1.9999305163764802e-05 9.1067167802695906e-05 -0.00025747193772489974 0.00012500337183155353 2.7983209760281216e-05 -0.00010089671229602222 0.00013106213492561838 -6.6495726241555533e-05 0.00011154406047353405
leaf_weight=24 33 28 35 23 21 22 20 173 20 20 46 26 48 26 22 20 79 65 59 20 20
leaf_count=24 33 28 35 23 21 22 20 173 20 20 46 26 48 26 22 20 79 65 59 20 20
internal_value=-1.13312e-13 2.70419e-06 -2.53274e-05 2.8912e-05 -9.65167e-05 0.000141105 1.30072e-05 5.59122e-06 1.27717e-05 3.58406e-05 1.4056e-05 0.000190227 -6.84698e-05 -3.34173e-05 -9.22645e-05 -3.38677e-05 -5.32422e-05 -3.01918e-05 4.74932e-05 -2.62696e-05 2.25242e-05
internal_weight=850 826 222 126 96 45 604 576 556 372 326 46 94 81 55 184 164 144 232 61 40
internal_count=850 826 222 126 96 45 604 576 556 372 326 46 94 81 55 184 164 144 232 61 40
is_linear=0
shrinkage=0.3


Tree=99
num_leaves=31
num_cat=0
split_feature=13 21 12 18 26 4 6 11 18 26 28 16 27 5 1 5 4 20 26 4 4 16 27 11 27 23 17 5 7 17
split_gain=2.25565e-06 7.99493e-06 6.39613e-06 7.06445e-06 4.78829e-06 4.55867e-06 8.20251e-06 6.74536e-06 5.51059e-06 7.25433e-06 5.50636e-06 9.70016e-06 7.73227e-06 6.66107e-06 8.15967e-06 8.09485e-06 7.83319e-06 6.77948e-06 4.82201e-06 9.57588e-06 1.52591e-05 8.84669e-06 7.77595e-06 1.12926e-05 9.97533e-06 5.85614e-06 3.77006e-06 3.70037e-06 3.05898e-06 2.86002e-06
threshold=0.019101758292946438 0.027332500000000003 0.0017872666333664429 0.079387408012020058 0.49222800000000005 6188200.0000000009 -0.016824804488343507 75.348486663206913 -0.23669431648473879 0.89909950000000005 1.0000000180025095e-35 0.0022379044718798817 0.86648900000000018 -0.0076411881504091748 4.7095343406308166 0.0096356752363828523 4600000.0000000009 0.43163200000000007 0.89839150000000012 8532150.0000000019 11610050.000000002 1.0000000180025095e-35 0.75897900000000018 53.755378275024732 0.69811500000000015 0.58333350000000006 0.0062631188534064026 0.0062959892737265528 0.0019902438648898443 0.0041666625274554689
decision_type=2 2 2 2 2 2 2 2 2 2 2 2 2 2 2 2 2 2 2 2 2 2 2 2 2 2 2 2 2 2
left_child=1 -1 3 4 -3 6 -2 8 9 26 13 -12 -13 29 17 16 -16 27 21 -20 -21 25 24 -24 -23 -10 -7 -15 -5 -8
right_child=5 2 -4 28 -6 7 10 -9 18 -11 11 12 -14 14 15 -17 -18 -19 19 20 -22 22 23 -25 -26 -27 -28 -29 -30 -31
leaf_value=-0.00014533301702613242 -0.00017067156358929685 0.00018934940629696938 0.00017524176451502171 1.710500437184237e-06 2.0297620166705823e-05 -5.8186943217916371e-05 -1.3504451667161091e-05 -0.00015413551083838682 5.2002922827589574e-05 0.00023448261563316917 -7.5886363853950412e-05 0.00027629775282548506 3.5482387611409647e-05 0.00015064628163236193 -0.00011840906412502125 8.4059049745869387e-06 -0.00034566309529509453 -0.00012373774070510989 -0.00023181751852722039 0.00018993219199604604 -0.00016758614469186535 -3.4121244425477926e-06 -3.5114037956503381e-05 0.0001663245055368634 -0.00026766070681333076 0.00025182338458762388 0.00011952183147384077 -2.248087562975343e-05 -0.00015569891167842799 0.00013962505518065881
leaf_weight=20 35 25 32 25 38 22 23 20 33 24 34 20 30 25 43 26 20 24 21 22 21 36 67 40 20 22 21 20 20 21
leaf_count=20 35 25 32 25 38 22 23 20 33 24 34 20 30 25 43 26 20 24 21 22 21 36 67 40 20 22 21 20 20 21
internal_value=-4.20708e-13 3.20932e-05 5.74398e-05 2.25355e-05 8.73817e-05 -7.44189e-06 -3.35862e-05 1.53015e-05 2.50113e-05 0.00010235 -1.681e-05 4.77416e-05 0.000131809 -4.36532e-05 -7.24017e-05 -0.00013243 -0.000190553 5.02658e-06 6.63664e-06 -6.57651e-05 1.53302e-05 2.78922e-05 -7.21295e-06 4.01901e-05 -9.77866e-05 0.000131931 2.86011e-05 7.37009e-05 -6.82492e-05 5.95801e-05
internal_weight=850 160 140 108 63 690 321 369 349 67 286 84 50 202 158 89 63 69 282 64 43 218 163 107 56 55 43 45 45 44
internal_count=850 160 140 108 63 690 321 369 349 67 286 84 50 202 158 89 63 69 282 64 43 218 163 107 56 55 43 45 45 44
is_linear=0
shrinkage=0.3


Tree=100
num_leaves=24
num_cat=0
split_feature=13 16 14 9 17 14 22 18 17 12 27 17 27 13 7 27 18 6 15 3 3 4 21
split_gain=1.9343e-06 2.33463e-06 4.80122e-06 3.97799e-06 4.6053e-06 3.71485e-06 3.2317e-06 2.92875e-06 6.98209e-06 6.46042e-06 1.30557e-05 7.02861e-06 9.6242e-06 6.58312e-06 9.52786e-06 6.0403e-06 5.50792e-06 7.29104e-06 9.47325e-06 6.69783e-06 7.20533e-06 5.18112e-06 5.08896e-06
threshold=0.04376480810726615 0.011225443397602789 0.034917003553891275 0.03742691371678545 0.0064882381853232354 0.046450641205729608 0.13004650000000004 0.11315601241399345 0.0016570489675944899 0.005598895135457937 0.88408950000000008 0.0074418598079838702 0.8063840000000001 0.032990542477533316 -0.0022806467878944523 0.86051850000000008 0.079387408012020058 -0.017196670776377421 0.0021097623146379926 5.6588282585144052 5.2270925045013437 6307650.0000000009 0.8489270000000001
decision_type=2 2 2 2 2 2 2 2 2 2 2 2 2 2 2 2 2 2 2 2 2 2 2
left_child=1 7 3 4 6 -4 -3 16 15 11 -11 12 -10 14 -13 -9 17 18 -1 20 22 -14 -19
right_child=-2 2 5 -5 -6 -7 -8 8 9 10 -12 13 21 -15 -16 -17 -18 19 -20 -21 -22 -23 -24
leaf_value=0.00024505923306012686 7.901171597445177e-05 0.00010377797913861286 -0.00021597701868813601 9.9405873907716552e-05 -0.00015932094071331447 -3.91913086945272e-05 -5.6625584553470469e-05 0.00024870725115265068 -0.00020937609286875158 -0.00025921562254635234 7.1485289273758617e-05 0.00029584634865624022 -4.955903703642146e-05 -5.2855371489256086e-05 5.662893330059718e-05 3.1080329040378271e-05 -0.00016113089963515188 -6.6731430308664132e-06 -2.1723344310885293e-05 -0.00014114421477036862 0.00013277314358293228 0.00010528257442618613 -0.00014607586812277217
leaf_weight=23 27 20 20 26 20 23 26 22 20 22 21 23 41 21 43 24 21 252 25 36 31 37 26
leaf_count=23 27 20 20 26 20 23 26 22 20 22 21 23 41 21 43 24 21 252 25 36 31 37 26
internal_value=1.67802e-13 -2.59212e-06 -3.86631e-05 1.55249e-08 -3.91382e-05 -0.000121417 1.31151e-05 4.48575e-06 2.85456e-05 7.03512e-06 -9.77105e-05 3.13814e-05 -2.37142e-05 9.34431e-05 0.000139993 0.000135163 -1.14379e-05 -3.43906e-06 0.00010611 -1.86807e-05 -4.41307e-06 2.38915e-05 -1.97108e-05
internal_weight=850 823 135 92 66 43 46 688 274 228 43 185 98 87 66 46 414 393 48 345 309 78 278
internal_count=850 823 135 92 66 43 46 688 274 228 43 185 98 87 66 46 414 393 48 345 309 78 278
is_linear=0
shrinkage=0.3


Tree=101
num_leaves=17
num_cat=0
split_feature=20 19 5 9 9 13 22 20 16 26 6 3 15 7 17 18
split_gain=1.7467e-06 3.09018e-06 2.25093e-06 8.38985e-06 8.9373e-06 4.93835e-06 6.63843e-06 6.68591e-06 5.25721e-06 3.65951e-06 3.95622e-06 4.2765e-06 4.20409e-06 6.42494e-06 5.69972e-06 2.36335e-06
threshold=0.94019100000000011 0.89638050000000014 0.0081631752517542493 0.018536168564410118 0.013644313899531213 0.024335847169883702 0.06259350000000001 0.20726200000000003 0.0080645277584510278 0.036424000000000005 -0.030719855961455152 5.8450112342834482 0.0043059454427932719 -0.0074976729482862381 0.0086730566399214025 -0.047962182624003376
decision_type=2 2 2 2 2 2 2 2 2 2 2 2 2 2 2 2
left_child=1 2 9 4 -4 -5 15 8 -8 -1 -11 12 14 -14 -12 -7
right_child=-2 -3 3 5 -6 6 7 -9 -10 10 11 -13 13 -15 -16 -17
leaf_value=8.6486997968842681e-05 -6.5624366733183176e-05 0.00010261476560723773 1.2340303655946628e-06 -0.00010099471759391375 0.00025016235123176655 -0.00014717429678967164 -9.4817463657818733e-05 0.00017172297313663876 0.00011153996276789257 0.00010010191514447796 1.964396059369321e-05 -0.00013832280585322423 5.3681365034208281e-05 -0.00015138973331803836 -5.4538893781806736e-05 -1.0003202449017688e-05
leaf_weight=33 35 27 25 39 27 20 25 35 20 25 283 27 20 44 139 26
leaf_count=33 35 27 25 39 27 20 25 35 20 25 283 27 20 44 139 26
internal_value=3.72679e-13 2.81822e-06 -6.012e-07 2.5408e-05 0.000130485 -7.70725e-06 2.11674e-05 7.33833e-05 -3.10305e-06 -1.04856e-05 -1.64337e-05 -2.21129e-05 -1.56568e-05 -8.7305e-05 -4.79068e-06 -6.96428e-05
internal_weight=850 815 788 217 52 165 126 80 45 571 538 513 486 64 422 46
internal_count=850 815 788 217 52 165 126 80 45 571 538 513 486 64 422 46
is_linear=0
shrinkage=0.3


Tree=102
num_leaves=24
num_cat=0
split_feature=12 12 18 9 7 11 22 27 22 12 17 12 14 12 14 13 4 18 6 21 14 12 16
split_gain=1.48033e-06 3.65775e-06 1.22901e-05 5.28194e-06 9.08284e-06 6.98015e-06 4.28356e-06 3.33942e-06 4.33241e-06 3.25902e-06 7.9799e-06 5.09323e-06 1.19294e-05 6.00439e-06 4.61906e-06 4.69942e-06 6.62885e-06 9.4351e-06 4.64689e-06 5.63284e-06 4.24079e-06 3.84002e-06 2.83629e-06
threshold=-0.0028812896650589497 -0.0041989094661058247 -0.2147334535243314 0.031205485729045867 0.0018692069111060949 39.999995925055913 0.17743600000000004 0.92730950000000012 0.12090750000000001 -0.0016723402144124091 0.0040404003428604835 -0.00057084749516286652 0.016521345351063647 -2.1665845428773009e-05 0.010593257828671815 0.022807221870930764 3939800.0000000005 0.41644742937423912 0.019313701462244377 0.33046200000000009 0.018292665197904841 0.0064718364889319218 0.0056179273621654964
decision_type=2 2 2 2 2 2 2 2 2 2 2 2 2 2 2 2 2 2 2 2 2 2 2
left_child=1 3 -3 4 6 7 -1 8 -5 10 -2 12 -11 -13 -15 16 20 -18 19 -17 -16 -20 -14
right_child=9 2 -4 5 -6 -7 -8 -9 -10 11 -12 13 22 14 15 18 17 -19 21 -21 -22 -23 -24
leaf_value=4.5478808260668302e-05 0.00019602958996579723 8.2066989079976324e-05 -0.00019508516206769854 0.00014000167570686796 -7.8426068022963589e-05 -0.00020040612998855066 0.00023346658654190829 -8.4584574405010347e-05 -3.3059470670195875e-05 -0.00027157813874055135 -1.6137404432251619e-05 0.00012813310919076079 -6.7696935332151043e-05 -9.9271385308958614e-05 4.0023640576691828e-05 -6.4561546823370012e-05 3.5105435861570343e-05 0.00025184782408749532 0.00013651480699228421 3.2468813891942511e-05 -0.00013407164433374419 -2.9634670032204925e-05 9.2073609739600211e-05
leaf_weight=20 27 24 36 23 25 20 24 29 30 20 39 36 20 38 34 150 51 28 31 84 20 21 20
leaf_count=20 27 24 36 23 25 20 24 29 30 20 39 36 20 38 34 150 51 28 31 84 20 21 20
internal_value=2.97967e-13 -2.04942e-05 -8.42243e-05 1.86726e-06 6.59728e-05 -4.14982e-05 0.000148018 -2.74022e-06 4.20425e-05 7.64807e-06 7.06582e-05 1.27878e-07 -8.24005e-05 1.01719e-05 8.79549e-07 9.96245e-06 5.65525e-05 0.000111926 -1.17036e-05 -2.97301e-05 -2.44561e-05 6.9416e-05 1.21883e-05
internal_weight=850 231 60 171 69 102 44 82 53 619 66 553 60 493 457 419 133 79 286 234 54 52 40
internal_count=850 231 60 171 69 102 44 82 53 619 66 553 60 493 457 419 133 79 286 234 54 52 40
is_linear=0
shrinkage=0.3


Tree=103
num_leaves=17
num_cat=0
split_feature=17 17 5 6 27 20 8 11 8 10 6 6 17 17 17 8
split_gain=1.48364e-06 5.55441e-06 4.22135e-06 3.67058e-06 3.91229e-06 6.3569e-06 6.92118e-06 4.95477e-06 3.46651e-06 3.63768e-06 4.14619e-06 4.85239e-06 4.97595e-06 6.72543e-06 3.14909e-06 2.28007e-06
threshold=0.010570811775969901 0.0098215419475800678 0.012796743152923009 -0.012685186845328879 0.83215150000000004 0.88305500000000003 -0.0046321781792645093 64.59255398871781 -0.14809661046720518 -2.1101836630641424 -0.025752698923070812 -0.017196670776377421 0.0082389297884237489 0.0062959584844805789 0.0041753613957810874 0.028521122690157157
decision_type=2 2 2 2 2 2 2 2 2 2 2 2 2 2 2 2
left_child=1 8 3 -2 15 6 -6 -8 -1 -10 -11 14 13 -13 -12 -5
right_child=2 -3 -4 4 5 -7 7 -9 9 10 11 12 -14 -15 -16 -17
leaf_value=0.00011042241985705913 9.9691782323192926e-05 -0.00014290331500188376 0.00013518820712936128 0.00011182574075324476 -0.00018685205565686504 9.4793566526877004e-05 8.7786044605309141e-05 -0.0001163823130991659 -0.00011787560186348855 -0.00012299592235649471 2.0820918321078354e-05 2.0755958354976148e-06 9.9402141976357735e-05 -0.00010330938740004231 0.0001891712787346478 -2.0798262585230987e-05
leaf_weight=24 31 26 26 28 35 22 23 20 25 24 20 404 39 63 20 20
leaf_count=24 31 26 26 28 35 22 23 20 25 24 20 404 39 63 20 20
internal_value=-1.18569e-13 -7.06599e-06 2.2232e-05 5.82497e-06 -1.38363e-05 -4.76293e-05 -8.77999e-05 -7.17598e-06 -1.36038e-06 -5.86927e-06 -9.56711e-07 4.40765e-06 -3.54401e-06 -1.21412e-05 0.000104996 5.65657e-05
internal_weight=850 645 205 179 148 100 78 43 619 595 570 546 506 467 40 48
internal_count=850 645 205 179 148 100 78 43 619 595 570 546 506 467 40 48
is_linear=0
shrinkage=0.3


Tree=104
num_leaves=16
num_cat=0
split_feature=1 1 16 9 11 17 11 6 10 17 22 16 1 28 7
split_gain=1.56094e-06 3.83205e-06 8.84117e-06 2.90899e-06 2.41098e-06 5.86573e-06 4.2355e-06 3.93008e-06 3.73308e-06 2.6236e-06 5.8219e-06 6.19469e-06 4.16146e-06 4.31143e-06 1.97579e-06
threshold=5.905661997888938 5.6908520779364755 0.0032232061497736572 0.045057704364499462 67.467505283142984 0.003960392113094788 71.317813271027248 0.031926564077513452 1.7752302325127249 0.004255315263436356 0.012173000000000002 0.0068692646779623555 4.5298865607929599 1.0000000180025095e-35 0.0051205681397085345
decision_type=2 2 2 2 2 2 2 2 2 2 2 2 2 2 2
left_child=1 4 -3 14 7 -6 -7 8 9 12 -11 -12 -1 -14 -2
right_child=3 2 -4 -5 5 6 -8 -9 -10 10 11 -13 13 -15 -16
leaf_value=-0.00014118486636996086 2.6683433825382964e-05 4.306003766032518e-05 -0.00021444489216264627 -4.6769083892286285e-05 0.00015320204619192441 9.1063643360809809e-05 -8.4602714764514531e-05 -0.00013521220815164271 -0.00010533279151347633 -0.00012175617869260072 6.5932776176999374e-05 -2.5826295791830485e-05 -2.8790212347256184e-05 5.620015975704237e-05 0.00016003301687305793
leaf_weight=22 20 24 24 20 31 21 30 20 29 23 196 100 196 74 20
leaf_count=22 20 24 24 20 31 21 30 20 29 23 196 100 196 74 20
internal_value=-2.42196e-13 -3.54297e-06 -8.56924e-05 4.66491e-05 1.77128e-06 5.02868e-05 -1.22695e-05 -4.25641e-06 -1.6404e-07 4.8276e-06 2.36357e-05 3.49331e-05 -1.57196e-05 -5.49655e-06 9.33582e-05
internal_weight=850 790 48 60 742 82 51 660 640 611 319 296 292 270 40
internal_count=850 790 48 60 742 82 51 660 640 611 319 296 292 270 40
is_linear=0
shrinkage=0.3


Tree=105
num_leaves=17
num_cat=0
split_feature=8 8 1 7 0 6 18 8 11 21 11 21 21 8 13 20
split_gain=1.44527e-06 2.64099e-06 2.06511e-06 4.41376e-06 2.90816e-06 5.96959e-06 3.03575e-06 4.18066e-06 3.57363e-06 4.7176e-06 7.94838e-06 5.13378e-06 3.42502e-06 9.70747e-06 5.72972e-06 2.83841e-06
threshold=0.14178345497532172 0.12239412818367683 5.905661997888938 1.0000000180025095e-35 5.3957585263744869 0.0051205681397085345 -0.81649288270391873 -0.015267301674507372 42.385645642254339 0.044884 39.999995925055913 0.028807000000000003 0.10541050000000002 -0.012893992397745366 0.017696341277307157 0.15815250000000003
decision_type=2 2 2 2 2 2 2 2 2 2 2 2 2 2 2 2
left_child=1 2 4 -4 6 15 7 -1 9 11 -11 -8 14 -14 -10 -6
right_child=-2 -3 3 -5 5 -7 8 -9 12 10 -12 -13 13 -15 -16 -17
leaf_value=1.8428817675157913e-05 -6.9640745977477087e-05 0.00010025473302448517 -4.912789427180541e-05 0.00012900198867540774 -0.00021876560371310915 3.818160139417159e-05 -1.0936069202216459e-05 -0.00013745594929162052 0.00013025793343427052 4.313167899330508e-05 -0.0001454402032541111 -0.00018367901197052561 0.00010961131205736559 -4.444465459429823e-05 2.0508062940005103e-05 -5.8935404319981898e-05
leaf_weight=30 26 24 21 31 20 30 32 32 57 103 25 30 49 148 172 20
leaf_count=30 26 24 21 31 20 30 32 32 57 103 25 30 49 148 172 20
internal_value=-2.06883e-13 2.1974e-06 -7.44318e-07 5.70649e-05 -4.76314e-06 -6.29796e-05 1.24741e-06 -6.20278e-05 7.61602e-06 -2.65988e-05 6.30123e-06 -9.45214e-05 2.28761e-05 -6.12617e-06 4.78257e-05 -0.000138851
internal_weight=850 824 800 52 748 70 678 62 616 190 128 62 426 197 229 40
internal_count=850 824 800 52 748 70 678 62 616 190 128 62 426 197 229 40
is_linear=0
shrinkage=0.3


Tree=106
num_leaves=20
num_cat=0
split_feature=18 4 4 6 26 21 13 9 17 9 6 2 2 2 4 4 22 10 3
split_gain=1.38836e-06 4.15526e-06 5.57764e-06 4.62335e-06 3.73459e-06 3.76749e-06 3.63873e-06 5.39635e-06 6.7765e-06 4.62784e-06 3.45309e-06 2.78685e-06 4.87807e-06 4.38431e-06 3.19146e-06 4.04177e-06 3.44264e-06 5.54927e-06 5.45437e-06
threshold=-0.24743528477274448 6218800.0000000009 4191200.0000000005 -0.010852860263247775 0.91563400000000017 0.13238500000000003 0.027463696096316392 0.013895205230370423 0.0036330603107010912 0.034067835434954903 0.0037106087174468712 5.782628418666234 5.6490452201233774 5.4378301360278778 16035900.000000002 11893200.000000002 0.014830500000000002 0.065748424245392151 4.5762259960174569
decision_type=2 2 2 2 2 2 2 2 2 2 2 2 2 2 2 2 2 2 2
left_child=1 2 6 -4 5 -3 7 -1 -9 -8 -5 12 13 14 15 16 17 -2 -18
right_child=11 4 3 10 -6 -7 9 8 -10 -11 -12 -13 -14 -15 -16 -17 18 -19 -20
leaf_value=9.7982301972919107e-05 3.1740686297000916e-05 -4.624639894518623e-05 -0.0001942270275321789 6.5775340036370005e-05 0.00018986469909577865 0.00011686172695660318 0.00018016077818982821 5.1616645537576134e-05 -0.00015047378850567837 -1.0237335964120575e-05 -9.0703169335029087e-05 -8.8132171013795236e-05 0.00014236461502150632 -0.00013666624848294461 9.5700180515580411e-05 -0.0001037042407860271 -4.7789507070023603e-05 -0.00018155981900077757 3.1677638077119863e-05
leaf_weight=31 21 25 20 22 20 26 27 28 32 20 30 37 20 23 28 37 109 23 271
leaf_count=31 21 25 20 22 20 26 27 28 32 20 30 37 20 23 28 37 109 23 271
internal_value=-1.39072e-13 1.72531e-05 -3.95918e-06 -7.16469e-05 7.99935e-05 3.69068e-05 3.13562e-05 -3.65323e-06 -5.61649e-05 9.91403e-05 -2.45007e-05 -8.52041e-06 -2.9835e-06 -8.66116e-06 -2.64047e-06 -8.61344e-06 -3.15419e-07 -7.97573e-05 8.88311e-06
internal_weight=850 281 210 72 71 51 138 91 60 47 52 569 532 512 489 461 424 44 380
internal_count=850 281 210 72 71 51 138 91 60 47 52 569 532 512 489 461 424 44 380
is_linear=0
shrinkage=0.3


Tree=107
num_leaves=27
num_cat=0
split_feature=11 4 4 4 11 14 9 11 25 11 9 26 2 10 17 21 16 15 14 7 17 26 16 4 22 19
split_gain=1.66929e-06 4.30918e-06 5.31776e-06 7.39456e-06 3.2421e-06 3.77435e-06 3.67465e-06 4.68224e-06 4.37716e-06 2.09018e-06 5.28304e-06 6.58489e-06 2.82819e-06 2.03343e-06 7.20162e-06 6.10889e-06 2.7544e-06 4.6432e-06 6.32547e-06 4.38315e-06 4.30927e-06 2.96221e-06 4.07676e-06 6.7816e-06 5.09117e-06 1.90846e-06
threshold=59.689115200487727 3499500.0000000005 4147550.0000000005 5300500.0000000009 62.616811905389817 0.020458882400208728 0.037812828511775788 71.317813271027248 0.41666650000000005 55.42348805026365 0.014550239104322973 0.81727950000000005 5.6663843003033687 0.62214205248331311 0.0020449391242753343 0.14062200000000002 0.0041237074886145845 0.0020000457763672441 0.013752920386542777 -0.006127166461552422 0.004255315263436356 0.90562150000000019 0.0079840561459607485 3892900.0000000005 0.074579500000000007 -0.91235149999999987
decision_type=2 2 2 2 2 2 2 2 2 2 2 2 2 2 2 2 2 2 2 2 2 2 2 2 2 2
left_child=9 -2 -3 -4 -5 -6 8 -8 -7 12 -11 -12 13 16 -15 -16 17 18 -1 -20 -19 22 24 -24 -18 -23
right_child=1 2 3 4 5 6 7 -9 -10 10 11 -13 -14 14 15 -17 21 20 19 -21 -22 25 23 -25 -26 -27
leaf_value=0.00010308136594920308 0.00013190076336481329 -0.00013660486718955716 0.00018192738333828342 0.00010228336891486834 -0.00010241339558498501 2.542720938373381e-05 0.00013899688405274446 -3.4280033471077334e-05 -0.00015700500043749343 7.0024443521106146e-05 -5.991523357806727e-06 -0.00023321717215532605 9.0690870959926007e-05 -0.00011566294374915743 6.5831183746922763e-06 0.0002081862163322512 -5.3275928592249265e-05 -0.00018637692823251229 3.598312889177602e-05 -9.1996839720472361e-05 -2.1949098399650559e-05 1.9202297771698792e-05 -0.00019680927853807422 -1.1591179775443319e-05 0.00010269443681636403 0.00013406433439859425
leaf_weight=33 28 21 23 24 35 29 32 25 20 20 24 22 28 20 31 24 31 32 37 69 26 30 22 93 48 23
leaf_count=33 28 21 23 24 35 29 32 25 20 20 24 22 28 20 31 24 31 32 37 69 26 30 22 93 48 23
internal_value=1.94605e-15 2.13813e-05 6.57487e-06 2.25684e-05 3.5467e-07 -1.69949e-05 1.12093e-05 6.29982e-05 -4.90349e-05 -8.26651e-06 -5.86983e-05 -0.000114665 -2.18151e-06 -7.19196e-06 3.84972e-05 9.45554e-05 -1.49097e-05 -4.13678e-05 -1.16167e-05 -4.73246e-05 -0.000112668 6.19249e-06 -1.09794e-05 -4.70242e-05 4.14909e-05 6.90481e-05
internal_weight=850 237 209 188 165 141 106 57 49 613 66 46 547 519 75 55 444 197 139 106 58 247 194 115 79 53
internal_count=850 237 209 188 165 141 106 57 49 613 66 46 547 519 75 55 444 197 139 106 58 247 194 115 79 53
is_linear=0
shrinkage=0.3


Tree=108
num_leaves=16
num_cat=0
split_feature=0 2 0 4 4 1 8 14 14 9 14 1 17 6 14
split_gain=1.26226e-06 1.02207e-06 4.07648e-06 7.73176e-06 5.53119e-06 5.52127e-06 2.69018e-06 3.09124e-06 2.75877e-06 2.6327e-06 2.07569e-06 2.5353e-06 2.57276e-06 2.09917e-06 1.81998e-06
threshold=4.1558299308448392 4.4878624410139443 4.5951122113101279 4960050.0000000009 2856300.0000000005 4.6526090111309371 -0.14568650620720844 0.041461054378836411 0.01020402304583133 0.010280612313336769 0.022964537451029655 4.6134039473563 0.01087163621608051 -0.0022806467878944523 0.048288173192033802
decision_type=2 2 2 2 2 2 2 2 2 2 2 2 2 2 2
left_child=-1 10 3 4 -3 -4 -7 8 -8 -10 -2 12 13 -12 -9
right_child=1 2 5 -5 -6 6 7 14 9 -11 11 -13 -14 -15 -16
leaf_value=5.8450522340081078e-05 -9.1926068787209002e-05 1.9041985056641609e-05 -0.00015705597714778767 -6.8033930088859043e-05 0.00022120732730776391 -9.6915011101373242e-05 7.4467985809621343e-05 0.00013614030507122388 -7.4667478571427626e-05 -1.9880434351324171e-06 0.00013745135698854937 -9.4351884958346734e-05 -6.4502274008191313e-05 8.1741518582790509e-06 2.3972627022885718e-05
leaf_weight=32 33 21 21 25 29 25 38 23 50 436 20 21 20 26 30
leaf_count=32 33 21 21 25 29 25 38 23 50 436 20 21 20 26 30
internal_value=2.20686e-14 -2.28657e-06 2.11035e-06 6.81873e-05 0.000136298 -5.84434e-06 -5.69513e-07 3.6049e-06 -3.37858e-06 -9.46535e-06 -2.7862e-05 -3.56184e-06 2.53259e-05 6.43816e-05 7.26492e-05
internal_weight=850 818 698 75 50 623 602 577 524 486 120 87 66 46 53
internal_count=850 818 698 75 50 623 602 577 524 486 120 87 66 46 53
is_linear=0
shrinkage=0.3


Tree=109
num_leaves=20
num_cat=0
split_feature=21 5 1 9 3 3 7 15 16 27 7 10 1 15 10 7 14 10 22
split_gain=1.25459e-06 1.38013e-06 2.056e-06 5.1343e-06 8.04876e-06 7.05181e-06 5.3379e-06 4.88634e-06 4.82895e-06 6.24189e-06 4.63832e-06 4.39612e-06 3.89737e-06 3.94403e-06 3.38611e-06 3.10016e-06 2.96132e-06 2.39279e-06 2.4925e-06
threshold=0.017366500000000003 -0.034871093134794744 4.7917866111239347 0.020913684544009742 4.8939313888549814 4.9751684665679941 0.010115583664990166 -0.017402132935011239 0.0037664879803902848 0.8161115000000001 -0.0040984464159604774 1.6403744946564789 4.7651113850497149 -0.019226095344094845 1.5639846127395503 -0.0019231337727346205 0.01985763019414398 1.2082059933663059 0.020460500000000003
decision_type=2 2 2 2 2 2 2 2 2 2 2 2 2 2 2 2 2 2 2
left_child=-1 -2 11 4 -4 6 10 -7 9 -9 -5 12 13 -3 -10 -6 -17 18 -15
right_child=1 2 3 5 15 7 -8 8 14 -11 -12 -13 -14 17 -16 16 -18 -19 -20
leaf_value=7.4248386190447485e-05 -6.1908385991542173e-05 0.0001297782808978809 -0.0001796700695754575 6.1247317948569116e-05 -9.7106092438149395e-05 -0.00015305224010675868 -2.8939782298818629e-05 -0.00017503912083124563 6.2436889443563719e-05 -4.3814346349057401e-06 0.00026086545796715654 0.00015308578267649863 0.00012080572262745521 -6.2085083129204569e-05 -5.2051243783939901e-05 0.00012117450345873034 -4.0124310235114532e-05 -0.00010541240137951848 1.1076520445122173e-05
leaf_weight=20 33 20 39 22 22 22 21 28 93 62 20 20 26 50 31 21 20 21 259
leaf_count=20 33 20 39 22 22 22 21 28 93 62 20 20 26 50 31 21 20 21 259
internal_value=1.77051e-13 -1.78912e-06 7.00137e-07 -1.44417e-05 -7.25617e-05 5.38516e-06 9.45558e-05 -1.84189e-05 -4.57805e-06 -5.74749e-05 0.000156304 1.60332e-05 8.74313e-06 4.18485e-07 3.38149e-05 -6.25644e-06 4.24922e-05 -7.4215e-06 -7.61927e-07
internal_weight=850 830 797 401 102 299 63 236 214 90 42 396 376 350 124 63 41 330 309
internal_count=850 830 797 401 102 299 63 236 214 90 42 396 376 350 124 63 41 330 309
is_linear=0
shrinkage=0.3


Tree=110
num_leaves=21
num_cat=0
split_feature=8 8 17 28 6 6 14 4 5 8 8 11 22 14 0 16 16 20 13 21
split_gain=1.25236e-06 4.70899e-06 3.19784e-06 3.67598e-06 3.50371e-06 5.75167e-06 3.34957e-06 1.78746e-06 1.76787e-06 1.68286e-06 1.76738e-06 2.25712e-06 2.11355e-06 6.88476e-06 4.15186e-06 3.74905e-06 4.84981e-06 3.61288e-06 2.7996e-06 3.08412e-06
threshold=0.043647800547545253 0.055898294251129535 0.0082270409285194589 1.0000000180025095e-35 0.010869770606879502 -0.0064309681721653267 0.024270792816219692 9598600.0000000019 -0.0041495003736200476 0.033333491237591634 0.025951417447519953 54.846535359085273 0.028830000000000005 0.03153704748050138 5.1880825864519027 0.0015861130241660115 0.0037664879803902848 0.14155400000000004 0.014506088307080242 0.79209150000000006
decision_type=2 2 2 2 2 2 2 2 2 2 2 2 2 2 2 2 2 2 2 2
left_child=9 -2 3 4 5 -3 -4 -5 -8 10 11 12 13 15 18 -1 -17 -16 -14 -20
right_child=1 2 6 7 -6 -7 8 -9 -10 -11 -12 -13 14 -15 17 16 -18 -19 19 -21
leaf_value=0.00016757382206833424 0.00011375770781027174 2.0170268591560409e-05 0.00015270932113423897 -2.109545558986221e-05 3.9466591242671708e-05 -0.00017546301646090894 7.6258148154643692e-05 0.00010268299166844891 -2.9656903980385568e-05 -7.9062507549159435e-05 6.3663352309297557e-05 -8.3884106937727077e-05 -0.00013443462295072094 -0.00012474333525460679 0.00015790056194501547 -9.5328094394062641e-05 7.6374393768817653e-05 -3.3209768656073217e-06 -1.0464781710722422e-05 -0.00012224029819662974
leaf_weight=24 39 21 20 21 20 38 23 21 37 28 33 33 20 21 22 20 57 29 299 24
leaf_count=24 39 21 20 21 20 38 23 21 37 28 33 33 20 21 22 20 57 29 299 24
internal_value=-1.13473e-13 1.83584e-05 -1.51893e-07 -3.09202e-05 -6.90467e-05 -0.000105831 4.63852e-05 4.07938e-05 1.09439e-05 -7.22298e-06 -3.76679e-06 -7.81996e-06 -2.9554e-06 3.15487e-05 -1.36394e-05 6.40451e-05 3.17763e-05 6.62256e-05 -2.55144e-05 -1.87701e-05
internal_weight=850 240 201 121 79 59 80 42 60 610 582 549 516 122 394 101 77 51 343 323
internal_count=850 240 201 121 79 59 80 42 60 610 582 549 516 122 394 101 77 51 343 323
is_linear=0
shrinkage=0.3


Tree=111
num_leaves=18
num_cat=0
split_feature=27 7 7 26 17 10 16 4 4 20 19 11 9 10 2 16 11
split_gain=1.24823e-06 4.30945e-06 4.9064e-06 3.98029e-06 3.15402e-06 3.32317e-06 3.17811e-06 1.83946e-06 3.91191e-06 2.89326e-06 2.48313e-06 2.57544e-06 7.09258e-06 3.31769e-06 3.58934e-06 2.77396e-06 2.04315e-06
threshold=0.93533000000000011 0.0019305057666435916 0.006356550598569345 0.9190505000000001 0.0080321208232583697 -0.085546421813886886 0.006224010768209315 19378250.000000004 14559550.000000002 0.018143000000000003 -0.8862939999999998 67.467505283142984 0.03557194392999239 1.3178974609717511 5.3765693773678516 0.0020367065565402229 71.940522120533402
decision_type=2 2 2 2 2 2 2 2 2 2 2 2 2 2 2 2 2
left_child=7 4 -3 -4 6 -6 -2 8 9 -1 -11 13 -13 15 -15 -12 -14
right_child=1 2 3 -5 5 -7 -8 -9 -10 10 11 12 16 14 -16 -17 -18
leaf_value=0.00011709232943758252 -0.00016243383917450652 0.00012938034595773103 -0.00010100414212251177 5.2446839110587003e-05 -8.1329658959558313e-05 8.3562894873135849e-05 -2.89857873024724e-05 -8.0988434534187296e-05 0.00013657240899971968 -8.3015571071882739e-05 4.6270319572840883e-05 0.00020026149274847489 5.7766402609818858e-05 -0.00011651368934378426 3.7899627295701065e-05 -7.4013770380623509e-06 -7.3056848023869944e-05
leaf_weight=20 36 29 29 32 22 22 29 21 21 30 120 22 21 42 20 312 22
leaf_count=20 36 29 29 32 22 22 29 21 21 30 120 22 21 42 20 312 22
internal_value=-2.63218e-13 -2.07933e-05 2.77912e-05 -2.05053e-05 -6.09089e-05 1.11662e-06 -0.000102895 6.35617e-06 9.26766e-06 4.87784e-06 1.0675e-06 5.58001e-06 6.17169e-05 -1.80642e-06 -6.67029e-05 7.50743e-06 -9.16642e-06
internal_weight=850 199 90 61 109 44 65 651 630 609 589 559 65 494 62 432 43
internal_count=850 199 90 61 109 44 65 651 630 609 589 559 65 494 62 432 43
is_linear=0
shrinkage=0.3


Tree=112
num_leaves=24
num_cat=0
split_feature=2 14 14 20 21 8 0 14 9 23 16 14 10 4 2 10 17 17 10 0 10 16 3
split_gain=1.28839e-06 3.47813e-06 3.11229e-06 3.41392e-06 4.99191e-06 3.08809e-06 2.68217e-06 2.22822e-06 2.31517e-06 3.34567e-06 3.84966e-06 2.06684e-06 1.91665e-06 3.47797e-06 2.62289e-06 1.83268e-06 3.35548e-06 2.60733e-06 4.43601e-06 4.55001e-06 3.96487e-06 6.65387e-06 5.60618e-06
threshold=4.8402594624376434 0.012710015906738493 0.014967257863470397 0.6189420000000001 0.078273000000000009 0.027001202838267412 4.8741480548278018 0.018571988506710376 0.028025625188841819 1.0000000180025095e-35 0.0017051785451800163 0.025889973126845916 1.3838643996394138 6147900.0000000009 4.7318009620818762 0.91907595093985417 0.0044943779289321004 0.004255315263436356 0.5275842416332327 4.7140908784981823 0.059056171950101106 0.0040941662061952195 4.7088205814361581
decision_type=2 2 2 2 2 2 2 2 2 2 2 2 2 2 2 2 2 2 2 2 2 2 2
left_child=6 -2 -3 7 5 -5 12 -4 11 10 -10 -9 14 -14 15 17 -17 20 19 -19 21 -1 -22
right_child=1 2 3 4 -6 -7 -8 8 9 -11 -12 -13 13 -15 -16 16 -18 18 -20 -21 22 -23 -24
leaf_value=-7.7638739159500918e-05 0.00010052901442453401 -0.00013442718404153961 7.1052084751647415e-05 -0.00010674816343742516 -0.00019883388315065529 4.2304896801240447e-05 0.00010515886195935308 -0.00013780150142598098 -0.00011454869813355294 9.2481152817278835e-05 1.7556445896843797e-05 -6.2220192665501438e-06 0.00012310521678075254 -3.2860714517565524e-05 -9.4448168803095391e-05 2.7289667091931081e-05 -0.00014440848606682267 -1.1399658928569677e-05 0.0001408302773234027 0.00011087060582212871 -0.00015246129290365693 6.4605693309620457e-05 4.563775557699045e-05
leaf_weight=46 22 21 37 22 20 29 25 21 27 33 75 22 31 22 26 21 20 126 30 35 36 83 20
leaf_count=46 22 21 37 22 20 29 25 21 27 33 75 22 31 22 26 21 20 126 30 35 36 83 20
internal_value=8.94782e-14 -1.46979e-05 -2.29552e-05 -1.47702e-05 -7.1807e-05 -2.19925e-05 9.28142e-06 4.06515e-06 -9.8591e-06 9.45035e-06 -1.74126e-05 -7.04818e-05 4.44889e-06 5.83646e-05 -2.00153e-06 3.76253e-06 -5.64655e-05 1.033e-05 3.49163e-05 1.51808e-05 -1.50538e-05 1.38829e-05 -8.17116e-05
internal_weight=850 329 307 286 71 51 521 215 178 135 102 43 496 53 443 417 41 376 191 161 185 129 56
internal_count=850 329 307 286 71 51 521 215 178 135 102 43 496 53 443 417 41 376 191 161 185 129 56
is_linear=0
shrinkage=0.3


Tree=113
num_leaves=26
num_cat=0
split_feature=3 3 21 27 15 13 18 18 4 5 3 7 3 13 7 13 10 22 7 16 22 18 1 21 19
split_gain=1.27051e-06 4.18026e-06 7.22424e-06 2.87194e-06 4.37759e-06 2.89773e-06 4.40172e-06 2.55408e-06 3.58922e-06 3.38745e-06 2.22283e-06 9.17756e-06 3.55447e-06 2.66826e-06 2.91534e-06 3.67373e-06 2.81562e-06 3.09538e-06 5.85768e-06 2.72407e-06 2.69094e-06 2.188e-06 2.1461e-06 1.36283e-06 1.03303e-06
threshold=4.6694493293762216 4.6155657768249521 0.06094850000000001 0.72476450000000014 -0.0022580715251582588 0.022171490424208361 0.18701552631561616 0.37504896732432647 3016600.0000000005 -0.01242257888914104 4.7076127529144296 -0.0040733081500934224 4.7198987007141122 0.016723296298573432 -0.0064309681721653267 0.026145417847550371 -1.2667407315316783 0.018706000000000004 0.006479628746801855 0.0052959144200005401 0.16279350000000004 -0.28083164011477707 5.1258953498192961 0.054305000000000013 0.036424000000000005
decision_type=2 2 2 2 2 2 2 2 2 2 2 2 2 2 2 2 2 2 2 2 2 2 2 2 2
left_child=1 3 -3 4 -1 6 -5 8 -7 -10 11 -2 -12 -14 15 23 -16 18 -18 24 -19 -11 -21 -15 -17
right_child=10 2 -4 5 -6 7 -8 -9 9 21 12 -13 13 14 16 19 17 20 -20 22 -22 -23 -24 -25 -26
leaf_value=-0.00017509853105366347 -0.00022707297947363258 0.00021390292198191218 3.6626887441870117e-06 1.9399370823218003e-05 7.3426810245266476e-06 0.00012423565481835144 -0.00015613418206157802 0.00010763376837920597 8.2482039674094102e-05 1.3369559106649831e-05 0.00011016879907401744 3.198473272902902e-05 -9.0451145665197561e-05 5.3344295574438896e-05 -0.00011252502510195391 0.00010137074017620762 0.00018302404794667381 -6.4444624268648543e-05 -4.3832429602324346e-05 6.8879633624379972e-06 1.7943971884141626e-06 -0.00010429134721644831 -0.00012748183500661979 0.0001535953044189544 4.9481991300126542e-06
leaf_weight=20 20 24 38 36 29 21 20 35 23 25 24 32 33 26 26 20 20 87 21 23 151 33 20 23 20
leaf_count=20 20 24 38 36 29 21 20 35 23 25 24 32 33 26 26 20 20 87 21 23 151 33 20 23 20
internal_value=3.77253e-13 1.55439e-05 8.5046e-05 -2.26238e-06 -6.71231e-05 1.42048e-05 -4.32912e-05 3.77069e-05 1.37124e-05 -1.49418e-05 -8.6545e-06 -6.76528e-05 -2.44414e-06 -8.19459e-06 -1.983e-06 3.52637e-05 -1.81029e-05 -9.30369e-06 6.68293e-05 -3.19078e-06 -2.2419e-05 -5.35754e-05 -5.56096e-05 0.000100401 5.31595e-05
internal_weight=850 304 62 242 49 193 56 137 102 81 546 52 494 470 437 132 305 279 41 83 238 58 43 49 40
internal_count=850 304 62 242 49 193 56 137 102 81 546 52 494 470 437 132 305 279 41 83 238 58 43 49 40
is_linear=0
shrinkage=0.3


Tree=114
num_leaves=26
num_cat=0
split_feature=20 22 13 6 15 5 11 15 5 13 17 14 15 14 13 21 8 18 13 16 18 17 26 19 12
split_gain=1.08214e-06 1.41953e-06 4.52821e-06 3.47418e-06 3.39284e-06 7.29567e-06 5.50078e-06 5.62476e-06 3.79437e-06 3.56855e-06 3.64488e-06 2.86598e-06 3.22776e-06 5.65769e-06 6.61851e-06 2.99229e-06 6.58241e-06 3.62661e-06 4.20629e-06 2.61285e-06 2.59605e-06 1.69197e-06 1.67432e-06 2.52549e-06 1.18111e-06
threshold=0.93715450000000011 0.42327450000000005 0.04175506998000942 -0.025752698923070812 -0.0016420781586604369 -0.0021505772891525737 44.909361376348983 0.0016681517167167197 0.0062959892737265528 0.023397296009861211 0.0040650367106454454 0.01020402304583133 -0.013036137296771161 0.026403887133158565 0.033070464575375692 0.060142000000000008 0.046884640689535802 -0.67986762194381167 0.032900836769970083 0.0020020498762124382 0.071781453785477276 0.0089285416832683238 0.59919100000000014 -0.78152849999999996 -0.00050779296243180447
decision_type=2 2 2 2 2 2 2 2 2 2 2 2 2 2 2 2 2 2 2 2 2 2 2 2 2
left_child=1 3 4 -1 5 9 8 -8 -6 19 -11 -5 13 -13 -15 16 20 -17 -19 -3 -14 -12 -9 -24 -2
right_child=24 2 -4 11 6 -7 7 22 -10 10 21 12 15 14 -16 17 -18 18 -20 -21 -22 -23 23 -25 -26
leaf_value=-9.9864473842266617e-05 4.5181286720565232e-06 -3.3522460424657244e-05 0.00012023639384841028 0.00010618041164605075 -0.00017733236609274172 -0.00020145536344352876 0.00017962780626216304 6.9699387006494354e-05 -9.5461117503557191e-07 -0.00017273276987907592 2.4217682678887106e-05 0.00019712648519833403 -7.6613526198343599e-05 0.00010555892460678447 -0.0001187701198796276 0.00010476954942402829 0.00019102091102302603 -4.4615616649020711e-05 5.8271646156010152e-05 0.00011137798570644008 6.7820116886910644e-05 -7.4122779662388896e-05 1.7617819693524243e-05 -0.00010407253056655463 -9.4949195352388537e-05
leaf_weight=23 21 21 22 32 21 25 21 32 23 20 31 22 24 29 20 21 22 191 44 24 21 32 66 20 22
leaf_count=23 21 21 22 32 21 25 21 32 23 20 31 22 24 29 20 21 22 191 44 24 21 32 66 20 22
internal_value=3.15611e-13 2.47088e-06 -1.162e-05 1.37059e-05 -2.02535e-05 -5.3223e-05 7.31122e-06 3.65747e-05 -8.51349e-05 -2.42714e-05 -6.11547e-05 1.98377e-05 1.28251e-05 7.07407e-05 1.3996e-05 9.43903e-08 5.65367e-05 -1.46776e-05 -2.53516e-05 4.37578e-05 -9.21116e-06 -2.5733e-05 1.11162e-05 -1.06823e-05 -4.63721e-05
internal_weight=850 807 358 449 336 153 183 139 44 128 83 426 394 71 49 323 67 256 235 45 45 63 118 86 43
internal_count=850 807 358 449 336 153 183 139 44 128 83 426 394 71 49 323 67 256 235 45 45 63 118 86 43
is_linear=0
shrinkage=0.3


Tree=115
num_leaves=17
num_cat=0
split_feature=20 27 17 18 13 10 13 5 1 13 14 10 13 17 26 20
split_gain=8.73972e-07 1.39771e-06 5.27475e-06 2.75039e-06 1.72544e-06 1.99196e-06 1.45943e-06 2.95724e-06 4.74123e-06 2.72857e-06 3.07372e-06 2.39766e-06 2.99503e-06 2.35669e-06 2.27802e-06 1.8202e-06
threshold=0.012351000000000003 0.94716650000000013 0.0041237074886147406 -0.09660208211877061 0.04376480810726615 -2.1101836630641424 0.016335606537799533 0.0019902438648898443 4.7361148764702907 0.020829048879428321 0.012710015906738493 1.6403744946564789 0.024250116954432476 0.0084388109250038302 0.81384250000000014 0.37186000000000008
decision_type=2 2 2 2 2 2 2 2 2 2 2 2 2 2 2 2
left_child=-1 4 -3 -4 5 -2 7 15 -9 10 -8 12 -11 -13 -12 -7
right_child=1 2 3 -5 -6 6 9 8 -10 11 14 13 -14 -15 -16 -17
leaf_value=6.0440522120026282e-05 -7.6998256729987987e-05 5.6399094717107801e-05 -1.6896766153097686e-05 -0.00015945587734787013 8.5319431127572892e-05 3.9918275514436467e-05 -0.00014312507396425643 0.00018076049755472921 -1.2599196478341971e-05 6.4409571547430992e-05 3.163525713413643e-05 -8.6033145277421381e-05 1.8980353798560528e-06 3.7734633297077378e-05 -8.7686346182636052e-05 -7.4928740531771359e-05
leaf_weight=21 29 32 21 29 22 27 24 25 21 85 36 45 366 20 24 23
leaf_count=21 29 32 21 29 22 27 24 25 21 85 36 45 366 20 24 23
internal_value=6.42398e-14 -1.53106e-06 -3.87108e-05 -9.95811e-05 2.55024e-06 3.8625e-08 3.2485e-06 3.75923e-05 9.24876e-05 -2.24652e-06 -5.23882e-05 5.91608e-06 1.36796e-05 -4.79508e-05 -1.60934e-05 -1.29114e-05
internal_weight=850 829 82 50 747 725 696 96 46 600 84 516 451 65 60 50
internal_count=850 829 82 50 747 725 696 96 46 600 84 516 451 65 60 50
is_linear=0
shrinkage=0.3


Tree=116
num_leaves=25
num_cat=0
split_feature=14 19 9 3 3 11 20 18 8 10 14 8 10 17 16 26 18 20 22 2 10 19 18 0
split_gain=1.12199e-06 3.6915e-06 2.49254e-06 1.16354e-06 2.80835e-06 2.33331e-06 2.33078e-06 2.29352e-06 2.50207e-06 5.22367e-06 2.71514e-06 2.35708e-06 3.56436e-06 1.83395e-06 1.61445e-06 4.40269e-06 2.74412e-06 3.40676e-06 2.07072e-06 3.56516e-06 2.76509e-06 3.42604e-06 2.02052e-06 1.12434e-06
threshold=0.04477612699037567 -0.42906399999999995 0.03997987238353528 4.9751684665679941 4.9194116592407235 69.150829693617482 0.014942500000000003 -0.094330910863419423 0.027001202838267412 -0.20913950151090702 0.02266096368618618 0.061857036909726125 0.17554318115712672 0.0059553895556754624 0.0020367065565402229 0.40329100000000007 0.16770957275041851 0.24862000000000004 0.80836050000000015 4.6670715700588721 -1.6108982387759203 -0.35804099999999994 -0.18065514337785446 5.5886681917352776
decision_type=2 2 2 2 2 2 2 2 2 2 2 2 2 2 2 2 2 2 2 2 2 2 2 2
left_child=3 -2 -3 4 5 14 -5 11 9 -9 -10 12 -8 -13 15 -1 17 -17 20 22 -16 -22 -20 -12
right_child=1 2 -4 6 -6 -7 7 8 10 -11 23 13 -14 -15 18 16 -18 -19 19 -21 21 -23 -24 -25
leaf_value=0.00011669507662124007 -5.4286883955177876e-05 2.7672426416568761e-05 0.00016533837053430033 7.4216658107285514e-05 0.00010522792122173995 9.3316819876908198e-05 -1.510280526417773e-05 -1.4486243136551431e-05 4.1541871490023492e-05 -0.00020122742893223541 -0.00012307529137615345 -0.00010526219662096991 0.00013000804120747488 7.7517505685266634e-06 6.1524240744701168e-05 -5.3343480235176123e-05 -8.7946444468148648e-05 9.3908675045250054e-05 0.0001403690549027074 -5.599810461944798e-05 -0.00015252300978648814 -2.7824619326620177e-05 2.4345883024839817e-05 -2.4794597861314702e-05
leaf_weight=34 27 29 20 22 24 23 39 28 35 26 20 24 25 28 27 26 28 31 22 32 22 201 35 22
leaf_count=34 27 29 20 22 24 23 39 28 35 26 20 24 25 28 27 26 28 31 22 32 22 201 35 22
internal_value=5.53722e-15 3.47832e-05 8.38626e-05 -3.4154e-06 5.07389e-06 7.65967e-08 -1.93525e-05 -2.76866e-05 -5.48897e-05 -0.000104399 -2.01691e-05 3.03403e-06 4.15811e-05 -4.44085e-05 -4.60577e-06 2.54569e-05 -1.10384e-05 2.6741e-05 -1.51587e-05 2.4138e-05 -2.91484e-05 -4.01267e-05 6.91268e-05 -7.15949e-05
internal_weight=850 76 49 774 505 481 269 247 131 54 77 116 64 52 458 119 85 57 339 89 250 223 57 42
internal_count=850 76 49 774 505 481 269 247 131 54 77 116 64 52 458 119 85 57 339 89 250 223 57 42
is_linear=0
shrinkage=0.3


Tree=117
num_leaves=31
num_cat=0
split_feature=18 4 4 4 9 17 4 17 12 16 27 8 0 3 15 10 18 15 15 21 21 5 21 17 6 13 3 9 14 21
split_gain=1.20928e-06 3.22544e-06 8.13713e-06 2.12853e-06 3.73154e-06 4.76098e-06 3.97088e-06 4.15464e-06 3.03392e-06 3.22239e-06 2.37958e-06 2.17512e-06 2.13442e-06 3.14515e-06 3.61297e-06 2.67041e-06 2.01114e-06 2.05404e-06 2.31291e-06 2.95647e-06 2.52132e-06 3.30546e-06 3.27461e-06 2.45045e-06 1.87483e-06 2.03783e-06 1.82463e-06 1.8038e-06 1.44704e-06 1.26332e-06
threshold=0.057527884150835519 4583200.0000000009 5046500.0000000009 4191200.0000000005 0.020577415190732275 0.0062111249368658914 6208750.0000000009 0.0018150730369214608 -0.0094012958642486644 0.0038205227406386938 0.83215150000000004 0.006147422317464013 4.5480301919558963 4.7140913009643564 -0.001532573580910181 0.25363575097135643 0.15838234805413251 -0.030180260769303784 -0.001532573580910181 0.031015000000000004 0.13449250000000004 -0.010852860263247775 0.043712500000000008 0.0016570489675944899 0.0061920323002905521 0.020925667624035162 4.4974937438964853 0.014417697735945138 0.024583861845639991 0.13238500000000003
decision_type=2 2 2 2 2 2 2 2 2 2 2 2 2 2 2 2 2 2 2 2 2 2 2 2 2 2 2 2 2 2
left_child=3 24 -3 12 5 29 10 -8 -9 -10 -6 -11 26 27 -15 -16 -4 -18 20 -20 22 -22 -19 -21 25 -2 -1 -14 -12 -5
right_child=1 2 16 4 6 -7 7 8 9 11 28 -13 13 14 15 -17 17 18 19 23 21 -23 -24 -25 -26 -27 -28 -29 -30 -31
leaf_value=9.5865017556207025e-06 -6.802231437877008e-05 0.00019766158690364807 8.5827945554228777e-05 1.9471292253001592e-05 4.764410325858787e-06 -0.00021311034965222576 -9.4739622850086207e-05 -5.2099383193980545e-05 1.3223800629778756e-05 0.0002004975176168955 -0.00016050450200133997 6.7762864276119211e-05 1.2499424883571917e-05 0.0001226536160049426 -9.5278300541394849e-05 4.721496122234886e-05 8.9389235148226595e-05 -7.1653855694522563e-05 0.00012633841244678477 9.8209587522433137e-05 -0.00018448964041454017 -1.2010327554889954e-05 7.7512395840200881e-05 -1.6453354457833202e-05 -0.00010607252641218818 5.0755129898159514e-05 0.00013619894681531669 -8.600048384075555e-05 -5.2884494489675983e-05 -8.7158387941599358e-05
leaf_weight=20 26 23 30 20 27 20 23 23 45 20 23 25 27 29 20 29 23 27 20 20 20 20 26 104 27 26 21 44 22 20
leaf_count=20 26 23 30 20 27 20 23 23 45 20 23 25 27 29 20 29 23 27 20 20 20 20 26 104 27 26 21 44 22 20
internal_value=-4.06735e-13 1.22311e-05 2.59025e-05 -1.04685e-05 -2.76887e-05 -9.35991e-05 -8.67609e-06 2.14838e-05 4.51399e-05 6.99899e-05 -6.56448e-05 0.000126756 1.3821e-05 -2.85848e-06 3.87259e-05 -1.09456e-05 1.22802e-05 3.79397e-06 -4.51274e-06 1.93042e-05 -4.13907e-05 -9.825e-05 1.52204e-06 2.04067e-06 -4.19355e-05 -8.63359e-06 7.44368e-05 -4.85428e-05 -0.00010789 -3.38435e-05
internal_weight=850 392 313 458 268 60 208 136 113 90 72 45 190 149 78 49 290 260 237 144 93 40 53 124 79 52 41 71 45 40
internal_count=850 392 313 458 268 60 208 136 113 90 72 45 190 149 78 49 290 260 237 144 93 40 53 124 79 52 41 71 45 40
is_linear=0
shrinkage=0.3


Tree=118
num_leaves=11
num_cat=0
split_feature=3 16 1 1 7 20 8 7 9 5
split_gain=9.79684e-07 2.81593e-06 1.12723e-06 1.99904e-06 1.43882e-06 1.34768e-06 1.01872e-06 1.03216e-06 3.32418e-06 1.96956e-06
threshold=5.8106026649475107 0.0047846846286744684 5.7641626364629408 5.6908520779364755 0.032931014010060898 0.93909550000000008 0.12239412818367683 -0.018315804159720957 0.021583009946444815 0.026510895742262858
decision_type=2 2 2 2 2 2 2 2 2 2
left_child=2 -2 3 4 5 6 7 8 -1 -9
right_child=1 -3 -4 -5 -6 -7 -8 9 -10 -11
leaf_value=0.00013463090866065139 1.8924992074873346e-05 -0.00010717328605746194 6.98795226278228e-05 -9.0276771723957986e-05 -6.7163977269956373e-05 -5.0518450128341406e-05 6.04578079219209e-05 5.3986728806530814e-06 4.8943203807994e-07 -8.6164109934956778e-05
leaf_weight=23 37 28 22 21 25 36 33 543 60 22
leaf_count=23 37 28 22 21 25 36 33 543 60 22
internal_value=-2.45965e-13 -3.53943e-05 2.93074e-06 1.00036e-06 3.58368e-06 6.05047e-06 9.0409e-06 6.42245e-06 3.76612e-05 1.8334e-06
internal_weight=850 65 785 763 742 717 681 648 83 565
internal_count=850 65 785 763 742 717 681 648 83 565
is_linear=0
shrinkage=0.3


Tree=119
num_leaves=15
num_cat=0
split_feature=18 4 15 26 16 15 22 26 4 27 27 9 7 3
split_gain=8.87019e-07 9.97906e-07 2.62069e-06 2.34603e-06 1.89909e-06 1.62613e-06 3.16175e-06 2.2212e-06 1.48898e-06 1.14095e-06 3.2935e-06 1.71427e-06 1.51928e-06 1.78496e-06
threshold=-1.1347832220671636 2657600.0000000005 -0.0021436232130546298 0.87811200000000011 0.0041152222998090257 0.020495149225999047 0.048046000000000005 0.65747050000000018 2856300.0000000005 0.5414770000000001 0.59438250000000015 0.034067835434954903 0.028872224229367957 5.8298316001892099
decision_type=2 2 2 2 2 2 2 2 2 2 2 2 2 2
left_child=-1 2 -2 4 -4 8 -7 -8 -3 11 -11 -10 13 -12
right_child=1 5 3 -5 -6 6 7 -9 9 10 12 -13 -14 -15
leaf_value=-5.2509162073225258e-05 0.00010979628829469826 -8.5311389765203264e-05 -2.1642816968129147e-05 -7.8340928524520007e-05 0.0001075271185618476 -4.7756951600604218e-05 2.1088562948097415e-05 0.00014632881515467487 0.00010427301162313337 -0.00011880230799168044 -2.032074551792532e-06 -1.6944737061359255e-05 6.1572444078152451e-05 -7.0314117540358378e-05
leaf_weight=28 27 21 21 23 20 25 26 25 21 23 501 21 31 37
leaf_count=28 27 21 21 23 20 25 26 25 21 23 501 21 31 37
internal_value=-1.24527e-13 1.78863e-06 3.14143e-05 -1.6531e-06 4.13669e-05 -1.89938e-06 3.96395e-05 8.24808e-05 -6.71915e-06 -4.11594e-06 -7.50574e-06 4.36641e-05 -3.00693e-06 -6.72805e-06
internal_weight=850 822 91 64 41 731 76 51 655 634 592 42 569 538
internal_count=850 822 91 64 41 731 76 51 655 634 592 42 569 538
is_linear=0
shrinkage=0.3


Tree=120
num_leaves=13
num_cat=0
split_feature=7 18 2 12 6 8 8 8 6 27 6 7
split_gain=6.78382e-07 1.72919e-06 6.43541e-07 1.10069e-06 1.06908e-06 1.24193e-06 1.00309e-06 3.70152e-06 3.8159e-06 2.34615e-06 2.5685e-06 2.2359e-06
threshold=0.028700206654408256 0.17808299896074672 4.0965782119965457 -0.014472774455755684 -0.025752698923070812 -0.10555295775307796 -0.036984377230296767 -0.028710152852318909 -0.014967642338840501 0.88142600000000015 0.0019305057666435916 0.0019305057666435916
decision_type=2 2 2 2 2 2 2 2 2 2 2 2
left_child=2 -2 -1 -4 -5 -6 9 -8 -9 10 -7 -11
right_child=1 -3 3 4 5 6 7 8 -10 11 -12 -13
leaf_value=4.2418452679104277e-05 -8.6446527403985304e-05 3.0886415611348636e-05 6.9701882785011543e-05 -4.9969805163877583e-05 -5.4904502223293729e-05 -6.4155412995180967e-05 -0.000122308524855312 9.618619209185134e-05 -3.7349406099190149e-06 1.9674665055942698e-05 5.3968197171343491e-05 0.00013457657556096414
leaf_weight=34 26 20 20 39 34 37 22 37 489 35 30 27
leaf_count=34 26 20 20 39 34 37 22 37 489 35 30 27
internal_value=2.62687e-13 -3.54322e-05 2.02722e-06 2.43707e-07 -1.60851e-06 1.04422e-06 3.85405e-06 -1.74869e-06 3.29373e-06 2.76549e-05 -1.12642e-05 6.97126e-05
internal_weight=850 46 804 770 750 711 677 548 526 129 67 62
internal_count=850 46 804 770 750 711 677 548 526 129 67 62
is_linear=0
shrinkage=0.3


Tree=121
num_leaves=24
num_cat=0
split_feature=28 6 1 3 12 5 6 15 15 12 10 12 13 13 5 13 12 17 17 1 2 16 1
split_gain=6.6684e-07 1.83466e-06 1.8592e-06 2.12792e-06 2.12473e-06 1.63665e-06 1.748e-06 3.07412e-06 2.59698e-06 1.91759e-06 4.53664e-06 3.67716e-06 1.61847e-06 3.32293e-06 3.31937e-06 2.42522e-06 2.30178e-06 1.87841e-06 1.44857e-06 2.39779e-06 2.18747e-06 1.89626e-06 1.66826e-06
threshold=1.0000000180025095e-35 0.029563472692063487 5.6908520779364755 5.315169334411622 0.00020795631960989199 0.023796518503752521 0.002262583783073997 -0.016089562273928243 -1.0000000180025095e-35 9.5282741720892808e-05 0.80129365401136299 -0.00062656337678716593 0.024569458536054394 0.020325372225469453 0.0091954855547597379 0.026145417847550371 0.00024159468231328267 0.0042283257602250181 0.0032706974949989489 4.6240232939665855 4.9695509070503094 0.0035090385628495468 4.8550480650582735
decision_type=2 2 2 2 2 2 2 2 2 2 2 2 2 2 2 2 2 2 2 2 2 2 2
left_child=1 2 3 5 -4 6 9 -8 -9 11 -11 -1 13 16 17 -14 -2 -15 -17 -20 22 -22 -21
right_child=12 -3 4 -5 -6 -7 7 8 -10 10 -12 -13 15 14 -16 18 -18 -19 19 20 21 -23 -24
leaf_value=1.3378315624988447e-05 -7.2003059103735722e-05 8.2931887864106098e-05 -0.00014077189434829051 7.7694355357178015e-05 -1.0709811389320888e-05 -9.2901729658478871e-05 6.4360693662680342e-05 -0.00010426222486827897 -1.7158218822238945e-05 -5.6729395014583643e-05 6.4539432030026689e-05 0.00014897257226818641 -0.00010514818306546657 0.00019603115001700643 -1.3806185727714493e-05 -4.8457783082735003e-05 4.995191639654177e-05 7.1931921268949975e-05 8.3558109788914168e-05 1.7045993380244389e-06 -3.0606205707580816e-05 8.9592271251603961e-05 -0.00011936095106648281
leaf_weight=126 30 20 20 27 26 20 26 48 86 86 41 21 20 21 21 35 26 23 38 21 21 27 20
leaf_count=126 30 20 20 27 26 20 26 48 86 86 41 21 20 21 21 35 26 23 38 21 21 27 20
internal_value=-1.28469e-13 -6.25389e-06 -9.63855e-06 -4.12811e-06 -6.72585e-05 -8.99421e-06 -5.1275e-06 -3.00426e-05 -4.83597e-05 9.42146e-06 -1.75796e-05 3.27489e-05 1.129e-05 3.81803e-05 8.43255e-05 -6.58758e-06 -1.53811e-05 0.000131161 5.5804e-06 2.04728e-05 -6.46249e-06 3.70054e-05 -5.73518e-05
internal_weight=850 547 527 481 46 454 434 160 134 274 127 147 303 121 65 182 56 44 162 127 89 48 41
internal_count=850 547 527 481 46 454 434 160 134 274 127 147 303 121 65 182 56 44 162 127 89 48 41
is_linear=0
shrinkage=0.3


Tree=122
num_leaves=21
num_cat=0
split_feature=11 17 17 8 16 17 2 2 6 4 6 13 7 7 28 16 17 16 26 10
split_gain=6.47727e-07 6.8655e-07 3.08004e-06 1.57343e-06 1.43316e-06 3.26146e-06 2.47363e-06 1.66e-06 1.90616e-06 1.43481e-06 1.25755e-06 2.58835e-06 2.65779e-06 5.60018e-06 2.35494e-06 2.78247e-06 2.65906e-06 1.46825e-06 1.45786e-06 9.04289e-07
threshold=75.348486663206913 0.010405828513558731 0.0094414039704009186 -0.14229951767543561 0.0037664879803902848 0.012232417017959999 4.9695509070503094 4.8602015695345484 -1.0000000180025095e-35 8213500.0000000009 0.0040899567986331983 0.034733717845291057 -0.014507982090588825 -0.0097816194895147292 1.0000000180025095e-35 0.0081632573621465681 0.0041666625274554689 0.0036900835747879059 0.81384250000000014 -0.37066119667163383
decision_type=2 2 2 2 2 2 2 2 2 2 2 2 2 2 2 2 2 2 2 2
left_child=1 2 3 -1 7 -6 19 8 -3 -9 11 12 18 -14 15 16 -12 -16 -5 -7
right_child=-2 4 -4 10 5 6 -8 9 -10 -11 14 -13 13 -15 17 -17 -18 -19 -20 -21
leaf_value=6.9432108350532683e-05 -4.4063632597906941e-05 -4.3883615239792563e-05 -9.8850467396726442e-05 0.00010526417146239611 0.00014631352812232633 -5.8453296838302369e-05 9.4578752468805759e-05 -0.00010708461107188068 7.6504807632239851e-05 1.2637209775593046e-06 -2.0731463100673862e-05 -0.00011037482447294599 -0.00016260853641473326 -5.0450957591530933e-06 2.1254231174488698e-05 -8.5569743931691552e-05 7.757749660413537e-05 0.00010847183382338699 -1.5998392336769028e-06 1.417604029635792e-05
leaf_weight=29 29 20 29 27 21 27 25 22 29 22 65 23 22 263 38 31 40 32 20 36
leaf_count=29 29 20 29 27 21 27 25 22 29 22 65 23 22 263 38 31 40 32 20 36
internal_value=2.10563e-13 1.55645e-06 -3.39938e-06 1.29229e-06 1.67429e-05 4.0084e-05 1.47337e-05 -1.06139e-05 2.73667e-05 -5.29104e-05 -2.23009e-06 -1.305e-05 -6.30757e-06 -1.72079e-05 1.64158e-05 -6.59638e-06 1.67196e-05 6.11251e-05 5.97901e-05 -1.69508e-05
internal_weight=850 821 619 590 202 109 88 93 49 44 561 355 332 285 206 136 105 70 47 63
internal_count=850 821 619 590 202 109 88 93 49 44 561 355 332 285 206 136 105 70 47 63
is_linear=0
shrinkage=0.3


Tree=123
num_leaves=31
num_cat=0
split_feature=5 14 14 17 18 15 23 3 18 3 1 4 27 14 14 20 0 28 4 21 9 8 3 9 1 27 27 8 27 18
split_gain=5.3884e-07 2.1302e-06 3.21394e-06 1.57543e-06 1.54602e-06 1.99373e-06 1.47178e-06 1.13796e-06 2.33971e-06 2.99351e-06 2.36398e-06 2.53878e-06 2.58701e-06 2.22381e-06 4.58433e-06 2.15464e-06 2.14707e-06 1.80892e-06 1.7252e-06 1.61661e-06 2.10316e-06 2.20095e-06 1.05132e-06 2.11969e-06 1.38756e-06 1.14838e-06 1.79954e-06 8.64292e-07 8.17266e-07 1.80573e-06
threshold=-0.0076411881504091748 0.01892019575879398 0.014693892562158703 0.010672508834624792 0.26558202531599645 -0.019572949370932943 1.0000000180025095e-35 4.7735815048217782 0.37504896732432647 4.7088205814361581 4.7071179206096305 3769650.0000000005 0.93220800000000004 0.02525289070643497 0.016684070106231515 0.29028700000000002 4.5951122113101279 1.0000000180025095e-35 2799450.0000000005 0.020438500000000002 0.020384905024251779 0.021581031455329875 5.0084691047668466 0.028025625188841819 4.942397148634158 0.67891650000000003 0.84826600000000008 0.014344657499698509 0.92893550000000014 0.10037083433503736
decision_type=2 2 2 2 2 2 2 2 2 2 2 2 2 2 2 2 2 2 2 2 2 2 2 2 2 2 2 2 2 2
left_child=1 2 -1 4 6 -6 27 8 9 10 11 16 17 14 -10 -11 18 -13 -2 -9 21 -21 24 -24 -22 -25 -27 -3 29 -5
right_child=7 3 -4 28 5 -7 -8 19 13 15 -12 12 -14 -15 -16 -17 -18 -19 -20 20 22 -23 23 25 -26 26 -28 -29 -30 -31
leaf_value=-2.6081848071563787e-05 1.8243991814870241e-05 -7.4189155301951357e-05 0.00012495876884486279 -5.0526517510330776e-05 -7.3037921745046995e-06 -0.00013817751849728665 4.5553603037685226e-05 6.223748808094699e-05 2.2177601419427543e-05 -1.9449477154661766e-06 -0.00011922883978903492 1.6543097153578159e-05 -0.00013483204990982566 -2.2220661608247819e-05 0.00019962374065698896 0.00013564164137278568 -4.6865805895570451e-05 -8.7687469336246559e-05 0.00013360728864427073 -0.00012219248148020206 -1.410722558960385e-05 -1.6542310080088402e-05 -9.7211630054516712e-05 -6.9075506248087286e-05 8.7905830202674096e-05 6.8683667350635534e-05 -1.676143479601732e-05 8.1323642193224665e-06 7.8640662343332232e-05 7.2460889974276398e-05
leaf_weight=21 28 24 32 22 22 20 37 21 38 21 21 47 22 26 20 20 22 22 20 35 28 36 27 21 21 31 78 22 24 21
leaf_count=21 28 24 32 22 22 20 37 21 38 21 21 47 22 26 20 20 22 22 20 35 28 36 27 21 21 31 78 22 24 21
internal_value=-1.17917e-14 1.18696e-05 6.51125e-05 -2.82764e-06 -2.2723e-05 -6.96246e-05 1.01031e-06 -4.8067e-06 8.01204e-06 -8.06184e-06 -2.45592e-05 -1.2211e-05 -4.52517e-05 5.06844e-05 8.33659e-05 6.51705e-05 3.07419e-05 -1.66898e-05 6.6312e-05 -1.80126e-05 -2.40965e-05 -6.86234e-05 -8.74989e-06 -2.07229e-05 2.96127e-05 -4.8368e-06 7.53947e-06 -3.4818e-05 3.42906e-05 9.5371e-06
internal_weight=850 245 53 192 125 42 83 605 307 223 182 161 91 84 58 41 70 69 48 298 277 71 206 157 49 130 109 46 67 43
internal_count=850 245 53 192 125 42 83 605 307 223 182 161 91 84 58 41 70 69 48 298 277 71 206 157 49 130 109 46 67 43
is_linear=0
shrinkage=0.3


Tree=124
num_leaves=23
num_cat=0
split_feature=15 17 28 11 4 8 16 7 12 10 6 6 10 2 8 26 6 9 9 28 8 13
split_gain=6.22717e-07 2.62635e-06 1.08007e-06 7.79266e-07 1.37177e-06 9.8989e-07 7.9302e-07 6.66296e-07 3.00706e-06 3.14615e-06 1.93335e-06 1.39327e-06 1.65781e-06 2.44823e-06 2.8576e-06 1.73223e-06 1.47738e-06 2.3037e-06 2.05181e-06 1.30288e-06 1.21057e-06 1.05577e-06
threshold=0.02216301775373521 1.0000000180025095e-35 1.0000000180025095e-35 68.652855702847532 8344750.0000000009 0.094124996352282192 0.0056710470772005856 -0.01280746433614751 0.0025758300427018549 0.098056056649477474 -0.001947382600463345 -0.021076427453532266 -0.33847818366707999 4.6491244453927427 -0.023248345497792304 0.90562150000000019 0.0062959892737265528 0.034272170220105959 0.02848910798121004 1.0000000180025095e-35 -0.043691855204481218 0.029896369709675515
decision_type=2 2 2 2 2 2 2 2 2 2 2 2 2 2 2 2 2 2 2 2 2 2
left_child=3 -2 -3 5 6 7 -5 8 9 10 19 20 13 15 -15 -13 17 -14 -18 -1 -9 -12
right_child=1 2 -4 4 -6 -7 -8 11 -10 -11 21 12 16 14 -16 -17 18 -19 -20 -21 -22 -23
leaf_value=7.7174333779586723e-05 0.0001076407594837292 -6.079038972213469e-05 3.0185713148966899e-05 -3.961578946213454e-05 -7.9858543810382054e-05 6.1857776108809043e-05 4.101783192511547e-05 1.7939026609225116e-06 8.303919125215283e-05 -0.00014843580314845894 -1.018076840409776e-05 -2.2886629493449297e-05 -8.7267539149567131e-06 2.9276715177782253e-05 0.00014957289438623572 7.2994457880006601e-05 -8.6525379629165396e-06 -0.00010594605930964462 7.0323987686006533e-05 -2.6179396679383769e-05 -9.5540813321270477e-05 -0.000103508862059698
leaf_weight=23 24 23 24 21 31 23 23 23 21 20 20 74 179 52 27 22 80 25 47 21 23 24
leaf_count=23 24 23 24 21 31 23 23 23 21 20 20 74 179 52 27 22 80 25 47 21 23 24
internal_value=4.73472e-15 2.68966e-05 -1.43345e-05 -2.45142e-06 -3.15218e-05 6.45568e-07 2.5336e-06 -1.4218e-06 -2.08332e-05 -4.10306e-05 -1.66203e-05 3.11455e-06 7.65891e-06 3.1275e-05 7.03906e-05 -9.1388e-07 -4.82694e-06 -2.06409e-05 2.0575e-05 2.78464e-05 -4.68735e-05 -6.1087e-05
internal_weight=850 71 47 779 75 704 44 681 129 108 88 552 506 175 79 96 331 204 127 44 46 44
internal_count=850 71 47 779 75 704 44 681 129 108 88 552 506 175 79 96 331 204 127 44 46 44
is_linear=0
shrinkage=0.3


Tree=125
num_leaves=29
num_cat=0
split_feature=4 26 16 0 12 5 22 7 6 17 2 18 4 22 19 16 10 13 16 19 11 13 20 20 6 6 10 7
split_gain=5.4746e-07 1.93191e-06 1.36157e-06 1.93717e-06 1.70394e-06 1.84492e-06 1.86513e-06 1.62915e-06 1.63666e-06 1.93885e-06 1.62446e-06 1.12409e-06 3.97196e-06 2.40464e-06 2.89749e-06 2.03316e-06 1.80299e-06 2.61705e-06 1.85304e-06 1.19039e-06 1.10115e-06 1.33158e-06 3.69046e-06 1.79808e-06 2.22282e-06 1.49534e-06 9.94609e-07 8.95445e-07
threshold=4583200.0000000009 0.056112500000000003 0.0078662733979613809 4.6040899917212244 -0.0040245143172893631 -0.0021505772891525737 0.42327450000000005 0.01223254865501114 0.0082562587389345878 0.0020768929484820176 4.7083260716136328 0.057527884150835519 5157750.0000000009 0.021046500000000006 0.23732500000000004 0.0033614933608337159 1.2082059933663059 0.034439200853842132 0.0056179273621654964 0.6516645000000002 30.909063200725061 0.033946442425630476 0.15667800000000001 0.14375250000000003 0.0091954855547597379 -1.0000000180025095e-35 1.1352941627620361 0.0035292396800090256
decision_type=2 2 2 2 2 2 2 2 2 2 2 2 2 2 2 2 2 2 2 2 2 2 2 2 2 2 2 2
left_child=1 -1 4 -4 -3 6 -6 8 9 -7 -5 13 -13 15 16 -2 17 18 -15 -16 -14 23 -23 25 27 -22 -27 -25
right_child=11 2 3 10 5 7 -8 -9 -10 -11 -12 12 20 14 19 -17 -18 -19 -20 -21 21 22 -24 24 -26 26 -28 -29
leaf_value=-9.8027623919603809e-05 -1.2472929811337964e-05 8.9794046497055597e-05 3.1436604663781503e-05 -0.00013083978389224048 9.8826076409100745e-05 4.5292630615481999e-05 -3.7987279102782016e-06 5.158903675857635e-05 -0.0001087821445253212 -5.4041867400655974e-05 -2.2343595183984789e-05 0.00012524406078487767 7.1307086446639994e-05 -0.00010376682001316856 -0.00013510003115119285 0.0001211788407610064 5.4438634777817728e-05 5.9490414408659177e-05 -6.5940447759777803e-06 -4.6523824054626553e-05 8.8659695491235017e-05 -0.00012121646573483793 4.0215672161139079e-05 -5.8355485169967216e-05 6.3319873314477654e-05 4.6071491565921214e-05 -4.1522462761349741e-05 -3.3310939321635547e-07
leaf_weight=21 20 21 24 23 28 28 37 22 23 48 27 28 22 33 22 21 39 26 38 36 39 26 25 54 28 28 20 43
leaf_count=21 20 21 24 23 28 28 37 22 23 48 27 28 22 33 22 21 39 26 38 36 39 26 25 54 28 28 20 43
internal_value=-4.86212e-14 -1.02559e-05 -3.69647e-06 -3.86232e-05 8.7894e-06 -3.56286e-07 4.04089e-05 -2.22549e-05 -3.86647e-05 -1.74449e-05 -7.22518e-05 5.65199e-06 1.74251e-05 -1.00289e-05 -2.39798e-05 5.59829e-05 -3.69208e-08 -2.19395e-05 -5.17589e-05 -8.01217e-05 6.83241e-06 1.43909e-06 -4.20831e-05 1.1909e-05 -1.11405e-05 4.50262e-05 9.57401e-06 -3.26342e-05
internal_weight=850 302 281 74 207 186 65 121 99 76 50 548 313 235 194 41 136 97 71 58 285 263 51 212 125 87 48 97
internal_count=850 302 281 74 207 186 65 121 99 76 50 548 313 235 194 41 136 97 71 58 285 263 51 212 125 87 48 97
is_linear=0
shrinkage=0.3


Tree=126
num_leaves=14
num_cat=0
split_feature=12 10 4 12 3 1 0 12 6 8 20 6 9
split_gain=4.93815e-07 1.05828e-06 1.83796e-06 9.34227e-07 9.45936e-07 1.68684e-06 9.3514e-07 8.96383e-07 2.82756e-06 1.08089e-06 8.57144e-07 6.76489e-07 8.86641e-07
threshold=0.0074955179734086863 1.3838643996394138 6057850.0000000009 0.0060672499844015996 5.8394467830657968 5.7211112556698458 5.3544217348882128 0.0015834471979054266 0.014770063996057946 0.0020366713740195054 0.12585950000000004 0.011364137188788722 0.045057704364499462
decision_type=2 2 2 2 2 2 2 2 2 2 2 2 2
left_child=1 3 -3 4 5 6 7 9 -9 -1 -4 12 -2
right_child=11 2 10 -5 -6 -7 -8 8 -10 -11 -12 -13 -14
leaf_value=-5.4988454734625891e-06 -3.5608277779498495e-05 9.3766241407138294e-05 4.401862393024203e-05 5.3192318167324025e-05 -5.6717922679722664e-05 7.0668032396221334e-05 -5.2991001281471275e-05 -4.4686468800026561e-05 7.6097685996501249e-05 2.6730421495854549e-05 -3.1498089120143579e-05 -5.779541652373154e-05 3.7696429239986172e-05
leaf_weight=296 33 30 24 27 29 28 34 103 21 137 31 30 27
leaf_count=296 33 30 24 27 29 28 34 103 21 137 31 30 27
internal_value=-3.74705e-13 2.48833e-06 3.40352e-05 -1.48424e-06 -3.76243e-06 -1.28148e-06 -4.69025e-06 -1.74191e-06 -2.42311e-05 4.69841e-06 1.45466e-06 -2.10126e-05 -2.62116e-06
internal_weight=850 760 85 675 648 619 591 557 124 433 55 90 60
internal_count=850 760 85 675 648 619 591 557 124 433 55 90 60
is_linear=0
shrinkage=0.3


Tree=127
num_leaves=28
num_cat=0
split_feature=17 17 9 15 4 4 13 16 5 20 12 19 12 10 12 20 6 14 12 8 21 13 9 18 9 7 6
split_gain=6.09008e-07 9.45961e-07 7.30283e-07 1.91662e-06 2.4001e-06 2.84983e-06 1.44074e-06 1.34267e-06 1.18821e-06 1.48449e-06 1.12671e-06 1.01769e-06 1.34593e-06 2.10388e-06 1.99376e-06 2.87142e-06 1.2075e-06 7.16137e-07 1.45959e-06 1.18155e-06 9.54416e-07 1.22926e-06 8.95802e-07 8.4235e-07 6.72725e-07 5.85644e-07 3.73475e-07
threshold=0.010405828513558731 0.0094414039704009186 0.016065450402260737 -0.010296996243293251 4499150.0000000009 5332850.0000000009 0.021649129651599795 0.0059405409580442449 0.0039918442463511448 0.21409150000000002 0.0015834471979054266 0.79851500000000009 0.0012406771982588661 0.43292442576376039 -0.00062656337678716593 0.37186000000000008 -0.0020366907568139161 0.047926353429232342 -0.0083090488515678122 -0.0020060948319270502 0.57206050000000019 0.03009931137073656 0.019493321658096346 -0.07187433174785153 0.013133842694285459 -1.0000000180025095e-35 0.0020450774053327064
decision_type=2 2 2 2 2 2 2 2 2 2 2 2 2 2 2 2 2 2 2 2 2 2 2 2 2 2 2
left_child=1 2 3 -1 8 -6 7 10 9 -5 -4 12 14 -14 15 -8 -15 18 -2 22 21 26 -20 -24 -10 -13 -21
right_child=17 -3 6 4 5 -7 11 -9 24 -11 -12 25 13 16 -16 -17 -18 -19 19 20 -22 -23 23 -25 -26 -27 -28
leaf_value=-5.6249106219183883e-05 8.9883469377127762e-05 -5.7553101344340041e-05 -0.00011919565404241438 7.0467348274405586e-05 0.00016701314933015966 2.6456271503726333e-05 -2.0602360437783871e-05 5.7473684527004866e-06 -2.3519672884669324e-06 -2.4119791802539629e-05 -2.6949228677866898e-05 -6.5188155947966617e-05 -7.7973124449012422e-05 5.3460909625487949e-05 8.9333387313672569e-05 9.3813873060683432e-05 -1.4839299222551965e-05 -2.9809555454793833e-05 -7.1748586922889702e-05 4.8489212508684433e-05 -2.6260364844574724e-05 -6.5300806600134815e-06 4.8870929167605932e-05 -3.5311776082380673e-05 -7.7419668637698376e-05 -4.7530524979164408e-06 0.00010088232935231644
leaf_weight=30 24 29 26 32 20 37 82 28 22 28 22 31 35 34 35 26 74 29 21 24 20 25 20 23 21 27 25
leaf_count=30 24 29 26 32 20 37 82 28 22 28 22 31 35 34 35 26 74 29 21 24 20 25 20 23 21 27 25
internal_value=3.55746e-13 -4.61439e-06 -2.09763e-06 1.33353e-05 2.63824e-05 7.57745e-05 -9.07921e-06 -4.64611e-05 -9.51023e-07 2.63267e-05 -7.6916e-05 -8.20425e-07 6.52776e-06 -1.40524e-05 2.71079e-05 6.94229e-06 6.66262e-06 1.39744e-05 2.09509e-05 1.04802e-05 3.18866e-05 4.7602e-05 -2.09605e-05 3.84297e-06 -3.90129e-05 -3.70546e-05 7.52204e-05
internal_weight=850 639 610 190 160 57 420 76 103 60 48 344 286 143 143 108 108 211 182 158 94 74 64 43 43 58 49
internal_count=850 639 610 190 160 57 420 76 103 60 48 344 286 143 143 108 108 211 182 158 94 74 64 43 43 58 49
is_linear=0
shrinkage=0.3


Tree=128
num_leaves=23
num_cat=0
split_feature=14 13 12 21 9 7 7 14 8 1 9 9 9 14 18 18 3 4 8 13 6 7
split_gain=7.18272e-07 1.29076e-06 2.5635e-06 1.21145e-06 1.77336e-06 1.80949e-06 2.22368e-06 1.57396e-06 1.99943e-06 1.72051e-06 1.18928e-06 3.03637e-06 1.34135e-06 1.30156e-06 1.70714e-06 1.77415e-06 1.28315e-06 1.03407e-06 1.03117e-06 8.53039e-07 8.47875e-07 4.49505e-07
threshold=0.020923608719454537 0.021494417262385792 0.0011021391265792159 0.023222500000000004 0.034768718464964564 0.01030938706380523 0.0056605638686329151 0.01892019575879398 0.033333491237591634 4.9174372461107501 0.019447669488857827 0.022831724482261402 0.027761182604055312 0.023880692325104626 0.34330540259705022 0.19401686275258001 4.6790781021118173 13885100.000000002 0.094124996352282192 0.021792529378996197 -0.0018421162566066873 -0.0032521175210568011
decision_type=2 2 2 2 2 2 2 2 2 2 2 2 2 2 2 2 2 2 2 2 2 2
left_child=3 2 -2 -1 5 6 7 8 9 -5 16 21 20 -14 15 -15 -3 -16 -6 -7 -13 -12
right_child=1 10 -4 4 18 19 -8 -9 -10 -11 11 12 13 14 17 -17 -18 -19 -20 -21 -22 -23
leaf_value=-7.6556253280248544e-05 1.9796758832464029e-06 1.8007777077855282e-05 0.0001366184736343712 1.6791788684713538e-05 -8.3373667996818629e-05 1.8038432687677889e-05 -7.1631851264660683e-05 -6.5614927825663466e-05 -4.8182408559763902e-05 0.00010330325667746365 0.00011284470218180847 -6.8113084853393956e-06 6.5025925796362568e-05 1.148307275798288e-06 -6.9864534756307819e-05 8.341084511422585e-05 -7.059711201212561e-05 8.943327129204788e-06 -3.5292442134959854e-06 9.974494199053405e-05 -9.2157745451583076e-05 5.2200094118730206e-05
leaf_weight=23 35 24 20 120 37 23 39 24 35 25 22 20 30 150 43 28 38 23 24 23 22 22
leaf_count=23 35 24 20 120 37 23 39 24 35 25 22 20 30 150 43 28 38 23 24 23 22 22
internal_value=4.28332e-14 7.71172e-06 5.09392e-05 -9.86191e-06 -5.47914e-06 4.33159e-06 -5.99666e-06 6.55124e-06 1.61734e-05 3.17076e-05 2.07781e-06 8.68705e-06 -1.59382e-06 6.05857e-06 -1.19151e-06 1.40885e-05 -3.62984e-05 -4.24012e-05 -5.19595e-05 5.88917e-05 -5.15166e-05 8.25224e-05
internal_weight=850 477 55 373 350 289 243 204 180 145 422 360 316 274 244 178 62 66 61 46 42 44
internal_count=850 477 55 373 350 289 243 204 180 145 422 360 316 274 244 178 62 66 61 46 42 44
is_linear=0
shrinkage=0.3


Tree=129
num_leaves=19
num_cat=0
split_feature=21 4 12 12 12 15 5 15 18 7 7 18 26 6 15 27 7 12
split_gain=5.21176e-07 5.27157e-07 1.09637e-06 1.2405e-06 1.64686e-06 8.68128e-07 1.3145e-06 8.36325e-07 1.18906e-06 7.12362e-07 1.0443e-06 1.5203e-06 1.00651e-06 7.30964e-07 1.75354e-06 1.02422e-06 4.91756e-07 4.52303e-07
threshold=0.92358050000000014 2657600.0000000005 0.0026790239262137363 9.5282741720892808e-05 -0.0018025579989133669 0.020163769042556429 0.023555696815784389 0.013884165864264804 0.071781453785477276 0.02055596072718241 0.011364137188788722 0.024125799688677129 0.80113600000000018 -0.0064309681721653267 -0.0016997741004182358 0.59438250000000015 0.029879192211467374 0.0045710298359290151
decision_type=2 2 2 2 2 2 2 2 2 2 2 2 2 2 2 2 2 2
left_child=1 2 3 4 -1 7 -7 9 -9 10 13 -12 16 14 -3 -15 -11 -8
right_child=-2 5 -4 -5 -6 6 17 8 -10 12 11 -13 -14 15 -16 -17 -18 -19
leaf_value=-1.4003871683598845e-05 -4.0249538187708822e-05 1.0777948577476347e-05 8.0800319833232678e-05 -3.6331873191860115e-05 9.9955109447234588e-05 9.4681770451643385e-05 2.7749216518954839e-05 1.0202014436799801e-06 -9.6729094626165791e-05 -3.4962468289450045e-05 -1.3195272840675898e-05 8.7756381918583867e-05 -7.7519235352296016e-05 -4.4198317507298921e-05 -5.7696215197466927e-05 9.9860609367490217e-06 3.1564255678517839e-05 -2.6041190062642274e-05
leaf_weight=25 28 71 22 36 21 20 34 24 21 20 25 29 26 35 64 305 20 24
leaf_count=25 28 71 22 36 21 20 34 24 21 20 25 29 26 35 64 305 20 24
internal_value=3.25913e-14 1.37103e-06 2.13329e-05 5.37821e-06 3.80209e-05 -1.52038e-06 2.83605e-05 -5.16211e-06 -4.45961e-05 -2.17971e-06 1.48684e-06 4.10195e-05 -3.15676e-05 -3.0074e-06 -2.16839e-05 4.40826e-06 -1.69911e-06 5.49112e-06
internal_weight=850 822 104 82 46 718 78 640 45 595 529 54 66 475 135 340 40 58
internal_count=850 822 104 82 46 718 78 640 45 595 529 54 66 475 135 340 40 58
is_linear=0
shrinkage=0.3


Tree=130
num_leaves=24
num_cat=0
split_feature=9 13 18 14 18 13 18 27 22 20 9 14 2 18 4 17 9 27 5 13 18 2 27
split_gain=3.70592e-07 6.53624e-07 8.11792e-07 4.71952e-07 1.0703e-06 1.95635e-06 1.42704e-06 1.93254e-06 1.69223e-06 1.21137e-06 1.17517e-06 1.0155e-06 2.00356e-06 2.20372e-06 1.77605e-06 1.4801e-06 1.08144e-06 1.03421e-06 1.01439e-06 7.93667e-07 8.94964e-07 2.10332e-06 9.68518e-07
threshold=0.0080508871988797439 0.01544693680738613 0.079387408012020058 0.020923608719454537 -0.51753239261842743 0.018442398876153423 -0.20583555984719806 0.81280500000000011 0.248837 0.320494 0.021421575058346316 0.02525289070643497 4.854959790211959 0.051037250701924324 4853200.0000000009 0.012575351052365362 0.028444650096792121 0.90830400000000011 -0.0069567050731719387 0.022995844336538489 0.4574790109463413 4.4142310196543812 0.80910800000000005
decision_type=2 2 2 2 2 2 2 2 2 2 2 2 2 2 2 2 2 2 2 2 2 2 2
left_child=-1 2 -2 4 10 -6 9 8 -8 -7 -3 12 13 -5 15 17 -14 -13 -9 -16 21 -21 -22
right_child=1 3 -4 11 5 6 7 18 -10 -11 -12 14 16 -15 19 -17 -18 -19 -20 20 22 -23 -24
leaf_value=-2.9786607433379684e-05 6.0265628583996045e-05 6.8235153807547942e-05 -7.1794260920483042e-06 1.974926315857114e-05 -9.5733472496956694e-05 -1.4505258646889929e-05 -9.4936047069495546e-05 8.9901083629229103e-05 1.5445416695001768e-05 -0.00010016795235685549 -1.9599822357682009e-05 -3.0977390102074984e-05 -6.3225413958372713e-05 0.0001377774118623165 5.108639387882166e-05 2.342443538509542e-05 2.1656488866678303e-05 -0.0001164358207161058 1.5516788992251597e-05 8.5724417385790719e-05 2.1440608011639247e-05 -1.8090438010988559e-06 -4.9944923569455568e-05
leaf_weight=36 36 29 29 35 27 39 25 22 25 24 26 26 22 24 33 20 35 25 66 30 26 140 50
leaf_count=36 36 29 29 35 27 39 25 22 25 24 26 26 22 24 33 20 35 25 66 30 26 140 50
internal_value=1.17084e-13 1.31734e-06 3.01748e-05 -1.18697e-06 -1.08504e-05 -1.99117e-05 -9.72672e-06 7.35265e-06 -3.97453e-05 -4.71387e-05 2.67132e-05 4.68156e-06 2.90078e-05 6.77607e-05 -3.38083e-06 -4.57439e-05 -1.11049e-05 -7.28688e-05 3.41129e-05 7.39974e-06 1.53933e-06 1.3638e-05 -2.55236e-05
internal_weight=850 814 65 749 283 228 201 138 50 63 55 466 116 59 350 71 57 51 88 279 246 170 76
internal_count=850 814 65 749 283 228 201 138 50 63 55 466 116 59 350 71 57 51 88 279 246 170 76
is_linear=0
shrinkage=0.3


Tree=131
num_leaves=16
num_cat=0
split_feature=7 7 11 11 6 11 6 18 13 3 3 3 11 5 5
split_gain=4.11257e-07 4.08027e-07 6.34168e-07 7.95131e-07 1.32243e-06 7.04189e-07 8.23924e-07 1.43156e-06 1.12234e-06 7.62239e-07 2.01907e-06 1.40151e-06 7.03873e-07 6.62623e-07 9.2541e-07
threshold=-0.040010669543383025 -0.025409028368138117 32.599519312470669 40.871188471082654 -0.016420117099044351 42.097087910613318 -0.014967642338840501 0.083235589623754117 0.026844956176199107 4.6694493293762216 4.6299395561218271 4.6910605430603036 28.689965869945798 -0.014300675431362165 0.00389101707044625
decision_type=2 2 2 2 2 2 2 2 2 2 2 2 2 2 2
left_child=-1 -2 12 4 -4 -5 7 8 -7 10 -8 -11 -3 -6 -15
right_child=1 2 3 5 13 6 9 -9 -10 11 -12 -13 -14 14 -16
leaf_value=-3.871262484835824e-05 3.1915096860757332e-05 -2.1383929379226173e-06 -3.3308601065912693e-05 -5.4762725792236528e-05 9.1800099262400175e-05 0.00011343859111678153 -6.0792908854399805e-06 -2.660353446844965e-05 1.7512560652508198e-05 -8.8655616964388158e-05 7.368388135690016e-05 -7.0460454494155679e-06 -6.8449288402916859e-05 -4.4566789577348729e-06 6.849245223493042e-05
leaf_weight=24 37 34 26 22 20 21 115 25 23 20 38 357 25 34 29
leaf_count=24 37 34 26 22 20 21 115 25 23 20 38 357 25 34 29
internal_value=-1.65133e-13 1.12482e-06 -3.19082e-07 2.09888e-06 2.57315e-05 -2.0492e-06 -1.1314e-07 3.07233e-05 6.32954e-05 -4.1277e-06 1.37312e-05 -1.13755e-05 -3.02362e-05 4.4226e-05 2.91231e-05
internal_weight=850 826 789 730 109 621 599 69 44 530 153 377 59 83 63
internal_count=850 826 789 730 109 621 599 69 44 530 153 377 59 83 63
is_linear=0
shrinkage=0.3


Tree=132
num_leaves=27
num_cat=0
split_feature=12 8 11 16 17 12 10 20 10 14 21 10 5 6 27 11 20 19 11 27 13 11 20 21 19 4
split_gain=3.00198e-07 1.31934e-06 1.63292e-06 9.4414e-07 1.12907e-06 1.88342e-06 1.82253e-06 1.13671e-06 8.91373e-07 3.07653e-06 9.04974e-07 8.63054e-07 7.87931e-07 7.86488e-07 7.19486e-07 6.50511e-07 2.34336e-06 1.09975e-06 9.71233e-07 1.51652e-06 1.79064e-06 8.72678e-07 8.50156e-07 7.77454e-07 6.99027e-07 6.2965e-07
threshold=0.00020795631960989199 -0.083104140942482474 46.75885127368138 0.013765978400328423 0.0060544908496229415 0.0015834471979054266 0.30271197789599308 0.80144150000000014 0.58812670454931137 0.016410258023605403 0.85822200000000015 -0.096301791265987244 0.014770063996057946 -0.0089552002600464253 0.93511250000000012 47.882152081499349 0.53249100000000016 0.65924850000000013 34.206684833015217 0.92286250000000014 0.019741336659727462 41.176521336837425 0.16711000000000001 0.056307500000000003 -0.12539449999999996 5765250.0000000009
decision_type=2 2 2 2 2 2 2 2 2 2 2 2 2 2 2 2 2 2 2 2 2 2 2 2 2 2
left_child=8 -2 11 4 6 -6 -4 12 10 -10 15 -3 -8 -7 -15 17 22 18 24 20 -20 -19 23 -17 -1 -13
right_child=1 2 3 -5 5 13 7 -9 9 -11 -12 25 -14 14 -16 16 -18 21 19 -21 -22 -23 -24 -25 -26 -27
leaf_value=1.0382521811282329e-05 -6.0004021298272374e-05 9.8826179134408918e-05 -8.3768783566448774e-05 -4.6419219854536043e-05 0.00010040049876988633 6.4082642586527067e-05 5.5100427971410681e-06 5.2348879842156747e-05 -0.00013384972045969333 2.1390412510097827e-05 -5.0744394750381614e-05 -8.912441704264243e-07 -5.1444266451028394e-05 -1.6802870627922552e-05 4.062222682882242e-05 -2.3472755681723355e-05 8.7955786963956438e-05 -9.9878919613997018e-06 3.5749785502048327e-05 4.2360573593214214e-05 -6.029639558964218e-05 -8.4704522805623128e-05 -6.0470508678918115e-05 5.295397811847658e-05 7.6063533510023262e-05 6.8803078681867186e-05
leaf_weight=35 26 23 26 34 25 20 69 32 20 27 30 28 32 72 27 25 34 34 25 36 58 24 20 23 25 20
leaf_count=35 26 23 26 34 25 20 69 32 20 27 30 28 32 72 27 25 34 34 25 36 58 24 20 23 25 20
internal_value=-6.95763e-14 5.51973e-06 9.69526e-06 9.8385e-07 6.30301e-06 2.55462e-05 -1.11248e-05 3.07624e-06 -5.75856e-06 -4.46692e-05 -8.02462e-07 5.10438e-05 -1.25349e-05 9.82056e-06 -1.14148e-06 3.61718e-06 2.36491e-05 -5.00416e-06 6.62855e-06 -9.06274e-06 -3.13668e-05 -4.09051e-05 -8.50423e-06 1.31484e-05 3.77496e-05 2.81481e-05
internal_weight=850 434 408 337 303 144 159 133 416 47 369 71 101 119 99 339 102 237 179 119 83 58 68 48 60 48
internal_count=850 434 408 337 303 144 159 133 416 47 369 71 101 119 99 339 102 237 179 119 83 58 68 48 60 48
is_linear=0
shrinkage=0.3


Tree=133
num_leaves=28
num_cat=0
split_feature=6 6 21 6 15 15 17 18 19 5 12 17 4 12 15 21 16 24 13 12 8 18 18 5 16 3 2
split_gain=3.00619e-07 1.19961e-06 8.59568e-07 1.43224e-06 1.15931e-06 1.76637e-06 1.24361e-06 1.37315e-06 1.12808e-06 1.74575e-06 1.32371e-06 8.72006e-07 7.90876e-07 7.84644e-07 7.18317e-07 6.18558e-07 9.58004e-07 7.3692e-07 1.97098e-06 1.25053e-06 8.18869e-07 1.16601e-06 1.50688e-06 1.14055e-06 9.40166e-07 7.82707e-07 7.47874e-07
threshold=-0.0021367392770927991 -0.0018976046885870184 0.027332500000000003 -0.017196670776377421 -0.015196712724626426 -1.0000000180025095e-35 0.004324325254554561 -0.022619610687813405 0.13250900000000002 0.0020810799872742645 -0.00062656337678716593 0.0050718500116781915 5424150.0000000009 0.0044592104792982841 -0.024767784763473948 0.8489270000000001 0.0050042087156383164 1.0000000180025095e-35 0.024300375518778745 0.0029081674245569037 0.11843310053302729 0.21037024857837675 0.11315601241399345 -0.0059940597425534904 0.0072463933946654933 4.6694493293762216 4.7069281049820786
decision_type=2 2 2 2 2 2 2 2 2 2 2 2 2 2 2 2 2 2 2 2 2 2 2 2 2 2 2
left_child=2 -2 3 -1 14 6 -6 -8 10 -10 11 -7 -11 -12 -4 17 -17 20 -19 -20 21 22 23 -3 25 -23 -26
right_child=1 15 4 -5 5 8 7 -9 9 12 13 -13 -14 -15 -16 16 -18 18 19 -21 -22 24 -24 -25 26 -27 -28
leaf_value=8.5301014405558806e-06 7.3116013105721907e-05 -2.1293719393487778e-05 -9.0848821194165133e-06 -0.00010500456155568826 2.5423728242030309e-06 1.5143529979663332e-05 2.6563699378000038e-05 0.00013640023111292975 -0.00010454340448973198 3.64769217846763e-05 6.4625941978682433e-05 -6.9410410113250788e-05 -3.8409866156143829e-05 -7.3009533350289396e-06 -8.6654687590583172e-05 -6.9579272391050693e-05 1.775449702563492e-05 0.00011280699909548274 -5.1351226251096122e-05 4.9800287661128097e-05 -4.5236897602246076e-05 2.5207195051279993e-07 9.4243753486417898e-05 2.6825855578562694e-05 5.8183281050462805e-05 -5.9165853233609146e-05 -1.7302414294641089e-05
leaf_weight=20 22 69 22 20 34 21 21 20 24 22 39 23 30 21 21 26 20 20 22 22 33 32 21 124 21 53 27
leaf_count=20 22 69 22 20 34 21 21 20 24 22 39 23 30 21 21 26 20 20 22 22 33 32 21 124 21 53 27
internal_value=-1.52369e-13 4.58399e-06 -6.94379e-06 -4.82372e-05 -1.40105e-06 6.28276e-06 4.49638e-05 8.01425e-05 -9.83433e-06 -3.76164e-05 1.04679e-05 -2.90551e-05 -6.72699e-06 3.94515e-05 -4.69678e-05 1.50704e-06 -3.16081e-05 4.93788e-06 3.47191e-05 -7.75469e-07 -7.78935e-08 4.21677e-06 1.79264e-05 9.62248e-06 -1.78424e-05 -3.67968e-05 1.57226e-05
internal_weight=850 512 338 40 298 255 75 41 180 76 104 44 52 60 43 490 46 444 64 44 380 347 214 193 133 85 48
internal_count=850 512 338 40 298 255 75 41 180 76 104 44 52 60 43 490 46 444 64 44 380 347 214 193 133 85 48
is_linear=0
shrinkage=0.3


Tree=134
num_leaves=23
num_cat=0
split_feature=18 4 20 6 13 14 21 15 21 10 10 10 6 7 14 4 2 7 4 5 15 11
split_gain=3.06168e-07 5.43054e-07 3.80818e-07 1.35372e-06 1.30563e-06 1.03337e-06 8.33403e-07 1.14869e-06 1.46381e-06 1.87426e-06 1.0398e-06 2.62095e-06 1.95788e-06 8.55628e-07 8.1433e-07 7.98465e-07 1.23425e-06 7.5335e-07 7.5059e-07 6.5439e-07 5.81058e-07 5.58372e-07
threshold=-1.1347832220671636 1679950.0000000002 0.046250500000000007 0.0041451171382727485 0.018691254564625982 0.024270792816219692 0.039014000000000007 -0.020770421840885695 0.086236500000000008 0.95020128104055279 -0.99306956521323053 -0.33847818366707999 -1.0000000180025095e-35 0.0061855975311752801 0.016521345351063647 11610050.000000002 4.6000260336461904 -1.0000000180025095e-35 5894450.0000000009 0.002262583783073997 0.001860464910732687 56.484227366661166
decision_type=2 2 2 2 2 2 2 2 2 2 2 2 2 2 2 2 2 2 2 2 2 2
left_child=-1 -2 3 4 -3 20 13 -8 9 14 12 -12 -10 17 -9 16 -6 19 -18 -4 -5 -7
right_child=1 2 6 5 15 21 7 8 10 -11 11 -13 -14 -15 -16 -17 18 -19 -20 -21 -22 -23
leaf_value=-3.0849530483984772e-05 4.8673470554863994e-05 -9.3410783376938244e-05 5.3785233571293895e-06 9.1014216468465745e-05 3.9517803014786225e-05 -4.8797822764754527e-05 6.0066236845749377e-05 -4.4627198071793828e-05 -1.9519508168741596e-06 8.9400963613140471e-05 6.8375982370980632e-05 -1.150794540713516e-05 -0.00011507196837296109 -6.3087289599934583e-05 2.5129197417642942e-05 -6.6033566137143075e-05 -6.9892826839350162e-05 3.9352423336822539e-05 -3.3026186289274708e-06 -6.4678038091463868e-05 1.8698813764785882e-05 2.0461979982593964e-05
leaf_weight=28 21 23 28 20 37 20 37 20 40 37 45 207 21 30 61 23 25 25 39 21 20 22
leaf_count=28 21 23 28 20 37 20 37 20 40 37 45 207 21 30 61 23 25 25 39 21 20 22
internal_value=-1.49465e-15 1.05084e-06 -1.97698e-07 -1.05359e-05 -2.77632e-05 2.03472e-05 3.94119e-06 9.33933e-06 4.98459e-06 3.34591e-05 -5.75021e-06 2.75704e-06 -4.08949e-05 -2.03505e-05 7.9054e-06 -1.55866e-05 -4.09865e-06 -3.02472e-06 -2.93144e-05 -2.46457e-05 5.48565e-05 -1.25189e-05
internal_weight=850 822 801 229 147 82 572 468 431 118 313 252 61 104 81 124 101 74 64 49 40 42
internal_count=850 822 801 229 147 82 572 468 431 118 313 252 61 104 81 124 101 74 64 49 40 42
is_linear=0
shrinkage=0.3


Tree=135
num_leaves=13
num_cat=0
split_feature=19 20 0 2 14 9 6 6 9 27 27 19
split_gain=3.51071e-07 6.03744e-07 4.8275e-07 8.70786e-07 6.29719e-07 7.8093e-07 5.50235e-07 7.88252e-07 6.65894e-07 5.11626e-07 1.19063e-06 8.09672e-07
threshold=-0.94649449999999991 0.016357500000000004 5.6716372895701461 5.4378301360278778 0.021614641672518534 0.038258261098833214 0.021978813601715018 0.017184535812722373 0.028949194615062655 0.79297100000000009 0.8161115000000001 -0.43224449999999998
decision_type=2 2 2 2 2 2 2 2 2 2 2 2
left_child=-1 -2 3 6 -4 -6 7 9 -8 11 -11 -3
right_child=1 2 4 -5 5 -7 8 -9 -10 10 -12 -13
leaf_value=2.7802740917720185e-05 -3.8254753370605805e-05 -6.7192343226452064e-05 5.5861084881818831e-05 -6.0896316808173819e-05 -2.7911831148230702e-05 4.4560074362063613e-05 -6.7839908434586465e-05 5.2518331237176123e-05 -1.7465454488153815e-06 5.4451048935134615e-05 5.1034925492851313e-07 -5.7154241359897313e-06
leaf_weight=39 38 22 31 22 32 23 23 27 34 41 362 156
leaf_count=39 38 22 31 22 32 23 23 27 34 41 362 156
internal_value=3.14618e-13 -1.337e-06 4.77845e-07 -2.17471e-06 2.16674e-05 2.3946e-06 -2.32036e-07 2.41019e-06 -2.84158e-05 8.15864e-08 5.99811e-06 -1.33137e-05
internal_weight=850 811 773 687 86 55 665 608 57 581 403 178
internal_count=850 811 773 687 86 55 665 608 57 581 403 178
is_linear=0
shrinkage=0.3


Tree=136
num_leaves=19
num_cat=0
split_feature=2 1 1 1 14 21 11 6 1 10 27 0 23 10 24 14 4 8
split_gain=3.0043e-07 8.9778e-07 7.82612e-07 1.13499e-06 1.49058e-06 6.76026e-07 7.65541e-07 7.61132e-07 6.64246e-07 5.64894e-07 1.77508e-06 1.25767e-06 1.50582e-06 7.73349e-07 8.45249e-07 7.16449e-07 1.00551e-06 4.50707e-07
threshold=4.4878624410139443 4.5953789236882523 4.6395355839109778 4.6898996842125955 0.016410258023605403 0.15009150000000002 41.666675893390995 -0.017196670776377421 4.5480313939990902 -0.31526683244302051 0.73831750000000007 4.6877869724637664 0.41666650000000005 -0.12419827427347251 1.0000000180025095e-35 0.01892019575879398 13590350.000000002 -0.071566514164279879
decision_type=2 2 2 2 2 2 2 2 2 2 2 2 2 2 2 2 2 2
left_child=5 -2 -3 4 -4 7 -7 -1 17 10 -5 12 -11 -13 -15 -12 -17 -9
right_child=1 2 3 9 -6 6 -8 8 -10 11 15 13 -14 14 -16 16 -18 -19
leaf_value=5.4244659362926276e-05 5.017893093228101e-05 -4.483956515535035e-05 -1.204420884245597e-05 7.9707948334544195e-05 9.5416803070782829e-05 -6.8558507905436272e-05 -6.3391428609195699e-07 -2.1299397121765651e-05 -4.7811788802694834e-05 -7.3052307688276799e-07 3.7281025467617677e-05 -5.453507512168906e-05 -0.00011051434696789576 -5.346404664923394e-06 3.1194194995502282e-05 -2.7927603937679833e-05 4.2867370227569428e-05 3.9678767393525043e-05
leaf_weight=21 34 33 21 30 26 32 28 20 27 23 34 23 22 273 72 84 23 24
leaf_count=21 34 33 21 30 26 32 28 20 27 23 34 23 22 273 72 84 23 24
internal_value=-6.89544e-14 2.63195e-06 1.97313e-07 2.55265e-06 4.74023e-05 -1.20862e-05 -3.68604e-05 4.07089e-06 -1.07692e-05 -1.05683e-06 1.34434e-05 -7.06056e-06 -5.44026e-05 -1.27145e-06 2.27946e-06 -6.55421e-07 -1.271e-05 1.19614e-05
internal_weight=850 698 664 631 47 152 60 92 71 584 171 413 45 368 345 141 107 44
internal_count=850 698 664 631 47 152 60 92 71 584 171 413 45 368 345 141 107 44
is_linear=0
shrinkage=0.3


Tree=137
num_leaves=23
num_cat=0
split_feature=14 10 10 4 17 16 13 7 19 13 14 9 27 18 9 18 15 10 15 26 21 27
split_gain=2.7975e-07 1.43887e-06 1.34698e-06 1.24217e-06 1.8893e-06 1.33454e-06 4.87794e-07 9.44659e-07 7.0282e-07 5.70441e-07 4.68975e-07 4.54064e-07 9.61165e-07 1.35564e-06 6.4014e-07 7.49062e-07 5.60242e-07 7.14534e-07 7.46746e-07 5.86876e-07 1.19455e-06 4.89752e-07
threshold=0.013965129258479656 0.68477384697558108 1.1436467823270033 2256600.0000000005 0.0042283257602250181 0.0036900835747879059 0.019101758292946438 0.0064447382360334838 0.19901300000000002 0.020829048879428321 0.018442604930066175 0.019447669488857827 0.90879100000000013 0.071781453785477276 0.022831724482261402 -0.13386060389424156 -0.016316558996972919 -1.6108982387759203 -0.011534152179717544 0.64200800000000013 0.034553000000000007 0.93102350000000011
decision_type=2 2 2 2 2 2 2 2 2 2 2 2 2 2 2 2 2 2 2 2 2 2
left_child=1 3 -3 -1 5 -5 7 8 10 -8 -2 12 13 -11 15 -13 19 -18 -19 -16 -21 -14
right_child=6 2 -4 4 -6 -7 9 -9 -10 11 -12 14 21 -15 16 -17 17 18 -20 20 -22 -23
leaf_value=-5.1123992641805672e-05 -5.1511061765268093e-05 -0.00011528536231253383 -6.5004285715986042e-06 -6.3947381983910285e-05 9.7846083016243617e-05 3.2795168838426679e-05 -3.6642989886565152e-05 8.0660567764425647e-05 4.2943724390300177e-05 -9.6447790360798544e-05 1.3456407077683251e-05 8.0878629211968343e-05 4.9851385457649097e-05 -4.8990417799605227e-06 1.1466287904743858e-05 8.8156437173251217e-06 5.9728293903886384e-05 4.6363934614584485e-05 -1.4237878180602044e-06 1.3413531814876477e-05 -7.8621578359161498e-05 -8.75429885292595e-06
leaf_weight=25 20 20 21 21 23 33 37 20 28 24 20 21 21 37 33 34 22 33 272 22 30 33
leaf_count=25 20 20 21 21 23 33 37 20 28 24 20 21 21 37 33 34 22 33 272 22 30 33
internal_value=6.109e-15 -1.21015e-05 -5.95662e-05 6.97751e-06 2.58416e-05 -4.82693e-06 2.44768e-06 2.33471e-05 6.49016e-06 -5.23476e-07 -1.90273e-05 1.77278e-06 -1.51133e-05 -4.09182e-05 5.93101e-06 3.63306e-05 1.87282e-06 7.51303e-06 3.74669e-06 -1.98254e-05 -3.96836e-05 1.40368e-05
internal_weight=850 143 41 102 77 54 707 88 68 619 40 582 115 61 467 55 412 327 305 85 52 54
internal_count=850 143 41 102 77 54 707 88 68 619 40 582 115 61 467 55 412 327 305 85 52 54
is_linear=0
shrinkage=0.3


Tree=138
num_leaves=31
num_cat=0
split_feature=0 0 0 20 1 3 18 4 16 21 17 20 16 5 6 2 14 16 12 6 4 12 18 16 4 9 21 27 18 1
split_gain=2.61073e-07 1.0327e-06 9.83512e-07 4.797e-07 6.47481e-07 4.78407e-07 5.88426e-07 3.50939e-07 6.42622e-07 9.59826e-07 9.39946e-07 7.86862e-07 7.5599e-07 5.9209e-07 6.08923e-07 5.05641e-07 9.83653e-07 6.42112e-07 7.74862e-07 5.9623e-07 7.15302e-07 7.21575e-07 7.34225e-07 6.2736e-07 7.43737e-07 6.23824e-07 5.61888e-07 4.86614e-07 4.64984e-07 3.94979e-07
threshold=4.5291982973950882 4.5480301919558963 4.5085887914050407 0.13428400000000004 4.4806815437003857 4.1870832443237314 0.057527884150835519 4819000.0000000009 0.0061729089444982005 0.091627000000000014 0.0041152222998090855 0.26954950000000005 0.0083333616378675653 0.0040690602174581455 -0.0019231337727346205 5.5658523068913404 0.017764189020057389 0.0014942937593331684 0.0012406771982588661 -0.0083041038247864702 6291700.0000000009 0.0092134494215805138 0.52891451828009373 0.0064378134743952485 5459350.0000000009 0.020913684544009742 0.04494950000000001 0.8561470000000001 -0.26999375978247514 4.7554459387869494
decision_type=2 2 2 2 2 2 2 2 2 2 2 2 2 2 2 2 2 2 2 2 2 2 2 2 2 2 2 2 2 2
left_child=2 -2 3 4 -1 -5 -7 8 9 13 28 12 -10 14 -3 19 -17 -18 -19 25 23 22 -22 24 -21 -9 -27 -28 -11 -16
right_child=1 7 -4 5 -6 6 -8 15 11 10 -12 -13 -14 -15 29 16 17 18 -20 20 21 -23 -24 -25 -26 26 27 -29 -30 -31
leaf_value=-6.1473472607593237e-05 6.3504272475256585e-05 8.2585986529011283e-05 -6.7120485982741227e-05 5.278750648390736e-05 1.1310920408969981e-05 -2.7974320346402234e-05 3.750166368783019e-05 -5.0828616565468103e-05 -4.9234006689857777e-05 -1.837134503148263e-05 1.3394391262900664e-05 -6.3506612239431581e-05 2.4981390270113478e-05 -1.4469359645702821e-05 4.6036517416881826e-05 -7.3097958111247859e-05 4.4835353835217325e-05 1.7031369173180012e-05 -5.7283485780910425e-05 -1.2072981271558091e-05 3.1436572738169596e-05 -4.1512725083916647e-05 -1.4652746644872983e-05 8.7095619892352258e-05 5.7988891357467763e-05 -3.68987200122969e-05 -6.5089665765429216e-06 5.0487056292835261e-05 -8.0916782201751147e-05 -1.1608773684201879e-05
leaf_weight=22 24 20 24 21 22 30 21 24 21 20 37 36 30 26 23 20 22 28 23 25 92 23 47 21 30 21 28 26 23 20
leaf_count=22 24 20 24 21 22 30 21 24 21 20 37 36 30 26 23 20 22 28 23 25 92 23 47 21 30 21 28 26 23 20
internal_value=3.15782e-14 2.33468e-06 -1.18402e-05 -4.02872e-07 -2.50813e-05 1.46784e-05 -1.01362e-06 1.94639e-07 -8.59941e-06 2.18497e-06 -2.16615e-05 -2.95484e-05 -5.57789e-06 2.362e-05 3.93394e-05 5.43017e-06 -1.41529e-05 1.99638e-06 -1.64832e-05 1.08344e-05 1.89729e-05 7.70798e-06 1.58524e-05 4.29849e-05 2.61426e-05 -8.73078e-06 4.74052e-06 2.09336e-05 -5.18259e-05 1.92248e-05
internal_weight=850 710 140 116 44 72 51 686 256 169 80 87 51 89 63 430 93 73 51 337 238 162 139 76 55 99 75 54 43 43
internal_count=850 710 140 116 44 72 51 686 256 169 80 87 51 89 63 430 93 73 51 337 238 162 139 76 55 99 75 54 43 43
is_linear=0
shrinkage=0.3


Tree=139
num_leaves=26
num_cat=0
split_feature=17 20 5 8 11 5 5 15 4 10 18 18 19 15 15 27 12 19 10 18 8 12 10 18 12
split_gain=3.37175e-07 5.74723e-07 1.28473e-06 5.58857e-07 5.87763e-07 6.44341e-07 1.18234e-06 8.93399e-07 7.08654e-07 5.5356e-07 5.32877e-07 5.14125e-07 4.0428e-07 4.49804e-07 1.08683e-06 9.19637e-07 8.61416e-07 8.23569e-07 9.79014e-07 7.42268e-07 1.45619e-06 7.2373e-07 7.4584e-07 4.84057e-07 3.95405e-07
threshold=0.0066261913553967372 0.025268500000000003 0.0018867903914715955 -0.14568650620720844 71.317813271027248 0.0044346259262258879 0.0081631752517542493 0.002288489682120446 11167750.000000002 0.60274472061486273 -1.0849231198198945 0.3496816796746654 -0.94339099999999998 -0.0020222448089726613 0.0016681517167167197 0.75897900000000018 -0.0049294168572378309 0.078599500000000003 0.065748424245392151 0.19401686275258001 -0.0087355498447325864 -0.00062656337678716593 2.005398843256645 0.3334071318005648 -0.0019407353625991513
decision_type=2 2 2 2 2 2 2 2 2 2 2 2 2 2 2 2 2 2 2 2 2 2 2 2 2
left_child=10 2 -2 -3 5 7 -7 8 11 -8 -1 -5 -12 15 -15 -14 -16 18 23 20 -19 24 -23 -17 -18
right_child=1 3 -4 4 -6 6 9 -9 -10 -11 12 -13 13 14 16 17 21 19 -20 -21 -22 22 -24 -25 -26
leaf_value=-4.0723039927053664e-05 -7.9951029735119458e-05 -4.4056858202496257e-05 1.4638862558058461e-05 8.9946811464048492e-06 -4.6157394535839558e-05 -7.9794887260504775e-05 -2.4378833465841753e-05 7.3956503781248876e-05 5.2131144946088165e-05 3.814302426326321e-05 4.2006152878976924e-05 -3.6477466610135861e-05 -5.0634026764393114e-05 5.9425114239418592e-05 6.153225025090334e-05 -1.8373085913481189e-05 -1.1638701103038328e-05 6.5654891159283577e-07 -6.7567017367764493e-05 -1.9225118703616316e-05 0.0001102630243076419 1.8920771341173451e-05 -3.4880427535556787e-05 4.2294036156818037e-05 -6.330093154588212e-05
leaf_weight=22 28 26 24 98 21 20 26 21 27 25 28 29 35 38 22 29 40 24 24 20 20 135 28 20 20
leaf_count=22 28 26 24 98 21 20 26 21 27 25 28 29 35 38 22 29 40 24 24 20 20 135 28 20 20
internal_value=8.59272e-14 -7.22896e-06 -3.62942e-05 -2.07063e-06 2.01791e-06 6.13044e-06 -1.79743e-05 1.59101e-05 7.99463e-06 6.26914e-06 4.9386e-06 -1.38872e-06 7.01842e-06 4.86533e-06 1.22189e-05 -7.23385e-06 4.89712e-06 3.85378e-06 -1.79253e-05 2.86956e-05 5.04777e-05 -6.902e-07 9.67885e-06 6.389e-06 -2.88594e-05
internal_weight=850 345 52 293 267 246 71 175 154 51 505 127 483 455 283 172 245 137 73 64 44 223 163 49 60
internal_count=850 345 52 293 267 246 71 175 154 51 505 127 483 455 283 172 245 137 73 64 44 223 163 49 60
is_linear=0
shrinkage=0.3


Tree=140
num_leaves=24
num_cat=0
split_feature=9 9 27 20 27 7 10 13 7 13 22 3 12 22 12 12 16 16 18 17 7 16 18
split_gain=2.3684e-07 3.93764e-07 8.8342e-07 1.63683e-06 1.71807e-06 8.98246e-07 8.01781e-07 5.62174e-07 1.15587e-06 6.77094e-07 6.05526e-07 4.13372e-07 3.01507e-07 6.37671e-07 6.78389e-07 5.90278e-07 5.35818e-07 7.56503e-07 5.09851e-07 4.6935e-07 4.60236e-07 8.67929e-07 5.66422e-07
threshold=0.0080508871988797439 0.016065450402260737 0.70911000000000002 0.083156500000000008 0.84323900000000018 0.0056605638686329151 0.11900753085808048 0.021649129651599795 -0.0085378420455672049 0.023115076358214155 0.50293650000000012 4.6948301792144784 0.0012406771982588661 0.84381350000000011 -0.0019407353625991513 0.0025210561635990968 0.0017467982093234008 0.0041407828659275952 -0.064988630735111699 0.008510804585797083 -1.0000000180025095e-35 0.0018832440747526523 0.32074917362444394
decision_type=2 2 2 2 2 2 2 2 2 2 2 2 2 2 2 2 2 2 2 2 2 2 2
left_child=-1 2 -2 5 -5 6 -4 8 -3 -9 -10 -6 13 20 18 -14 19 -18 -15 -17 21 -11 -22
right_child=1 7 3 4 11 -7 -8 9 10 12 -12 -13 15 14 -16 16 17 -19 -20 -21 22 -23 -24
leaf_value=-2.3812235571085694e-05 -3.6001271248104723e-05 -8.8301918440265579e-05 -2.1994714315301929e-05 0.00010963584877729238 -5.2307628595434809e-06 -5.8284554074816694e-05 5.3599952308974502e-05 4.1993379652601155e-05 -3.023579443642551e-05 3.8000498474437856e-05 2.8522718518312711e-05 4.6863226613752958e-05 -4.4308387077762743e-05 4.0965277753457487e-05 7.690793188430689e-05 4.4648049375113756e-05 -5.2235468833447051e-05 -9.2341428007279724e-07 -2.2262074278180742e-05 -8.1598240192144139e-06 2.9307226571693376e-05 -3.0028863561591774e-05 -1.9015199891595433e-05
leaf_weight=36 28 20 28 29 29 24 23 34 38 21 27 26 37 24 20 33 34 108 22 28 61 86 34
leaf_count=36 28 20 28 29 29 24 23 34 38 21 27 26 37 24 20 33 34 108 22 28 61 86 34
internal_value=1.31288e-13 1.05312e-06 1.31352e-05 2.17881e-05 5.05499e-05 -1.04251e-05 1.2097e-05 -2.55029e-06 -2.52339e-05 1.00711e-06 -5.82841e-06 1.93955e-05 -1.73607e-06 5.18027e-06 3.07812e-05 -9.45931e-06 -3.10751e-06 -1.32094e-05 1.07261e-05 2.04084e-05 -3.18439e-06 -1.66773e-05 1.20129e-05
internal_weight=850 814 187 159 84 75 51 627 85 542 65 55 508 268 66 240 203 142 46 61 202 107 95
internal_count=850 814 187 159 84 75 51 627 85 542 65 55 508 268 66 240 203 142 46 61 202 107 95
is_linear=0
shrinkage=0.3


Tree=141
num_leaves=22
num_cat=0
split_feature=5 26 14 26 11 9 3 9 14 18 18 1 16 14 0 18 13 18 3 1 22
split_gain=2.35922e-07 2.64024e-07 7.0075e-07 6.48748e-07 4.83158e-07 7.26906e-07 5.30166e-07 3.65786e-07 3.60903e-07 4.2401e-07 7.54701e-07 6.73602e-07 6.48062e-07 6.09063e-07 6.03065e-07 6.1596e-07 5.74027e-07 5.4285e-07 3.47579e-07 6.13709e-07 5.59666e-07
threshold=-0.034871093134794744 0.88418850000000015 0.013473916766989358 0.86314200000000008 62.986557418134964 0.037812828511775788 5.4049925804138192 0.013133842694285459 0.01020402304583133 -0.020133907874077466 -0.094330910863419423 4.704486129743719 0.0040733159975667116 0.014359024677081398 4.6877873622416066 0.12973407000989756 0.024442331161945507 0.50928370337429196 4.7027094364166269 4.6043089041113321 0.9278740000000002
decision_type=2 2 2 2 2 2 2 2 2 2 2 2 2 2 2 2 2 2 2 2 2
left_child=-1 3 -3 8 6 -6 7 -4 -2 10 13 12 -11 -10 -13 -16 -15 -14 19 -9 -20
right_child=1 2 4 -5 5 -7 -8 18 9 11 -12 14 17 16 15 -17 -18 -19 20 -21 -22
leaf_value=-2.3766037255275781e-05 3.0568573333152312e-05 -5.1909851845266526e-05 3.1918788499751828e-05 4.4123649097725443e-05 -5.616271438127789e-05 9.3436859060602718e-06 4.9624735940952904e-05 -2.4618699752762848e-05 -3.7976276298895998e-05 6.4043428957916141e-05 -5.4573856019048655e-05 -4.990539013566116e-05 3.4440093173954313e-05 2.912230645865508e-05 4.2100871946933046e-05 -5.1406748674708065e-06 -7.4904997854671726e-06 -2.8954232730029615e-05 1.7573695983558605e-06 3.8232783324552842e-05 -6.4994425829354439e-05
leaf_weight=36 37 28 26 35 31 30 23 27 37 32 29 21 31 57 31 125 119 20 26 29 20
leaf_count=36 37 28 26 35 31 30 23 27 37 32 29 21 31 57 31 125 119 20 26 29 20
internal_value=-1.18208e-13 1.05108e-06 -7.3046e-06 4.54474e-06 -1.41334e-06 -2.39465e-05 7.68945e-06 1.54199e-07 1.97468e-06 -1.32838e-07 -9.17009e-06 8.27876e-06 3.05777e-05 -2.98836e-06 -2.1778e-06 4.24707e-06 4.36706e-06 9.57957e-06 -7.94266e-06 7.92939e-06 -2.72652e-05
internal_weight=850 814 240 574 212 61 151 128 539 502 242 260 83 213 177 156 176 51 102 56 46
internal_count=850 814 240 574 212 61 151 128 539 502 242 260 83 213 177 156 176 51 102 56 46
is_linear=0
shrinkage=0.3


Tree=142
num_leaves=19
num_cat=0
split_feature=0 2 18 4 14 4 4 21 11 12 18 13 13 9 15 9 6 14
split_gain=2.3134e-07 5.49537e-07 5.05632e-07 8.64122e-07 6.05646e-07 3.84375e-07 5.04201e-07 3.39892e-07 5.37109e-07 7.55726e-07 4.3725e-07 4.30525e-07 7.92253e-07 4.18245e-07 4.00935e-07 3.01711e-07 2.85044e-07 2.28728e-07
threshold=5.3957585263744869 5.2067312673578776 -0.2544800630737119 7877800.0000000009 0.029795276822822125 16884850.000000004 12950700.000000002 0.64240150000000018 45.666209327299754 0.00048239712862022962 -0.88356007314819696 0.017696341277307157 0.015351678566589491 0.019447669488857827 -1.0000000180025095e-35 0.024223381821527893 -1.0000000180025095e-35 0.022810351923890904
decision_type=2 2 2 2 2 2 2 2 2 2 2 2 2 2 2 2 2 2
left_child=1 5 -2 -4 -5 6 7 10 14 -10 17 12 -12 -13 -9 -11 -6 -1
right_child=2 -3 3 4 16 -7 -8 8 9 15 11 13 -14 -15 -16 -17 -18 -19
leaf_value=-4.7276076085316676e-05 1.795523032622161e-05 4.2650913746911102e-05 -7.4862146084342379e-05 1.9037053593470212e-05 -7.5528273555391934e-06 4.043787590879739e-05 -4.0938301754067649e-05 -2.2322161285046602e-05 -7.7311534381475545e-05 1.7967418225453004e-05 5.0811040303244678e-06 -1.2501515478646753e-05 6.2306921997581157e-05 8.8715735736109416e-06 3.3719420409599684e-05 -3.4142091293460902e-05 -5.7595967999597112e-05 -3.5043239718520036e-06
leaf_weight=21 39 29 22 39 20 21 27 20 22 20 64 120 33 263 27 20 21 22
leaf_count=21 39 29 22 39 20 21 27 20 22 20 64 120 33 263 27 20 21 22
internal_value=-1.41039e-14 2.20711e-06 -1.10982e-05 -2.22068e-05 -7.72658e-06 4.82299e-07 -7.90944e-07 9.24212e-07 -1.43153e-05 -3.26508e-05 4.10032e-06 6.69659e-06 2.45497e-05 2.17504e-06 9.87194e-06 -8.08734e-06 -3.31847e-05 -2.48812e-05
internal_weight=850 709 141 102 80 680 659 632 109 62 523 480 97 383 47 40 41 43
internal_count=850 709 141 102 80 680 659 632 109 62 523 480 97 383 47 40 41 43
is_linear=0
shrinkage=0.3


Tree=143
num_leaves=26
num_cat=0
split_feature=26 26 5 15 12 14 16 17 5 26 16 6 8 16 16 20 14 4 8 4 13 1 9 10 6
split_gain=1.9176e-07 5.94273e-07 5.32037e-07 7.95729e-07 5.49552e-07 4.90852e-07 6.46999e-07 7.62813e-07 5.62294e-07 8.43911e-07 5.64396e-07 5.47215e-07 4.15302e-07 3.86508e-07 5.0478e-07 4.96977e-07 4.76771e-07 1.05485e-06 5.98293e-07 6.81717e-07 3.56391e-07 3.54107e-07 3.53951e-07 1.87529e-07 1.13314e-07
threshold=0.65924850000000013 0.60336600000000007 -0.012520613721818416 -0.010296996243293251 -0.0038657067325500697 0.016276705416424408 0.0081632573621466652 0.0038022914923094659 0.0061601476617624213 0.1705055 0.0041407828659275952 0.0082562587389345878 0.11355357793643529 0.01413132741611994 0.011883706809530428 0.014028500000000001 0.015686319418902733 4960050.0000000009 -0.08840698021027614 7019850.0000000009 0.03096550193596263 4.7361148764702907 0.032650855481690187 0.46723585229953074 1.0000000180025095e-35
decision_type=2 2 2 2 2 2 2 2 2 2 2 2 2 2 2 2 2 2 2 2 2 2 2 2 2
left_child=1 2 4 -4 -1 8 7 -7 9 -5 -11 -9 13 14 15 24 17 21 -18 -20 23 -17 -15 -8 -2
right_child=12 -3 3 5 -6 6 20 11 -10 10 -12 -13 -14 22 -16 16 18 -19 19 -21 -22 -23 -24 -25 -26
leaf_value=6.3679505748713496e-05 4.5569611229439035e-05 4.6153027940441644e-05 -5.8539630101057068e-05 5.0498000478700518e-05 5.2105696157083848e-06 -6.1350138362699499e-05 5.1344059413947566e-05 -2.7284342096485805e-05 6.2751413424848578e-05 -4.4633458888451324e-05 1.8061137348013288e-05 2.4795226672722492e-05 -3.5616584700619572e-05 -1.7744640990713378e-06 -4.9766568463383012e-05 -2.0616471768638194e-05 -3.8977633999852044e-05 -7.2747841139581787e-05 -6.1481078082722415e-06 3.023291742122899e-05 -9.3797062163503149e-06 2.7037517896172611e-05 5.4666280607307269e-05 1.1251806167170539e-05 1.3634888641718135e-05
leaf_weight=23 20 29 22 26 39 33 21 46 20 28 24 30 35 20 21 36 29 28 127 73 36 23 20 21 20
leaf_count=23 20 29 22 26 39 33 21 46 20 28 24 30 35 20 21 36 29 28 127 73 36 23 20 21 20
internal_value=-3.48684e-14 4.80196e-06 1.55215e-06 -3.5671e-06 2.69007e-05 6.76396e-07 -8.33654e-06 -2.3264e-05 1.78746e-05 6.36767e-06 -1.56975e-05 -6.72662e-06 -4.22827e-06 -1.59376e-06 -4.56879e-06 -1.90263e-06 -5.89059e-06 -2.47962e-05 1.29189e-06 7.13097e-06 1.25236e-05 -2.03949e-06 2.64459e-05 3.12979e-05 2.96022e-05
internal_weight=850 398 369 307 62 285 187 109 98 78 52 76 452 417 377 356 316 87 229 200 78 59 40 42 40
internal_count=850 398 369 307 62 285 187 109 98 78 52 76 452 417 377 356 316 87 229 200 78 59 40 42 40
is_linear=0
shrinkage=0.3


Tree=144
num_leaves=18
num_cat=0
split_feature=15 27 1 15 15 27 10 12 12 18 18 6 11 9 16 27 13
split_gain=2.01122e-07 7.0349e-07 5.87195e-07 5.34102e-07 4.95368e-07 4.49675e-07 4.28653e-07 3.69455e-07 5.33175e-07 4.89908e-07 1.28821e-06 4.74844e-07 4.04419e-07 4.01821e-07 4.57647e-07 3.53965e-07 1.89015e-07
threshold=-0.015196712724626426 0.80910800000000005 4.6456590325130884 -0.013036137296771161 -0.010752626424140809 0.92893550000000014 -1.6108982387759203 -0.00057084749516286652 -2.1665845428773009e-05 0.10037083433503736 -0.094330910863419423 -0.017087284705359786 54.394833224907821 0.0095688832660007304 0.0085069915325327282 0.8161115000000001 0.026145417847550371
decision_type=2 2 2 2 2 2 2 2 2 2 2 2 2 2 2 2 2
left_child=1 -1 -3 -2 -5 16 -6 9 -9 10 11 -8 15 -10 -15 -11 -4
right_child=3 2 5 4 6 -7 7 8 13 12 -12 -13 -14 14 -16 -17 -18
leaf_value=2.5890822336285571e-05 4.5993484127393459e-05 1.4137746408001325e-05 -3.832319610410195e-05 -3.7234707488096316e-05 3.2690170061099562e-05 -1.1233185159653657e-05 -4.7473087524849691e-05 4.4868990887058818e-05 -3.4908773542952076e-05 -3.6924532560078659e-05 -7.6628567371542515e-05 3.5800704458929278e-06 4.1653944406760954e-05 1.1529670173117416e-05 -1.3487469346852199e-05 1.2611706859241019e-05 -7.9568065866624229e-05
leaf_weight=35 24 27 20 30 39 32 20 29 24 20 29 91 24 261 88 37 20
leaf_count=35 24 27 20 30 39 32 20 29 24 20 29 91 24 261 88 37 20
internal_value=-5.28569e-14 -1.06671e-05 -2.35916e-05 1.99635e-06 4.70442e-07 -3.77401e-05 2.17913e-06 2.69133e-07 5.68591e-06 -9.58401e-06 -2.03279e-05 -5.6187e-06 8.98564e-06 2.63951e-06 5.22162e-06 -4.76943e-06 -5.89456e-05
internal_weight=850 134 99 716 692 72 662 623 402 221 140 111 81 373 349 57 40
internal_count=850 134 99 716 692 72 662 623 402 221 140 111 81 373 349 57 40
is_linear=0
shrinkage=0.3


Tree=145
num_leaves=19
num_cat=0
split_feature=0 18 1 1 4 9 21 13 27 1 0 6 2 10 27 27 17 9
split_gain=1.87943e-07 7.31027e-07 2.6774e-07 4.65576e-07 2.04196e-07 5.06804e-07 6.26035e-07 5.26701e-07 7.17561e-07 5.00727e-07 7.26685e-07 6.97214e-07 5.95331e-07 3.84537e-07 3.37122e-07 5.00109e-07 6.11449e-07 4.71116e-07
threshold=5.82485984499798 0.01282850699990362 5.7641626364629408 5.6908520779364755 4583200.0000000009 0.021421575058346316 0.57206050000000019 0.024140905156928995 0.92730950000000012 4.5953789236882523 4.6408366139398831 0.0020920309664146388 4.6503674910343884 1.9429589625903658 0.5414770000000001 0.7601730000000001 0.0090255695256688338 0.047893876599341821
decision_type=2 2 2 2 2 2 2 2 2 2 2 2 2 2 2 2 2 2
left_child=2 -2 3 4 5 9 7 -7 -9 -1 11 -11 -12 14 -6 16 -16 -17
right_child=1 -3 -4 -5 13 6 -8 8 -10 10 12 -13 -14 -15 15 17 -18 -19
leaf_value=3.9231990928284731e-05 1.8050032048516437e-05 -4.8214905408742429e-05 3.0588617341385944e-05 -4.3859633920614475e-05 3.5004797366257527e-05 -5.1983031262352597e-05 -6.8021747119928469e-05 2.8306910173971398e-05 -4.0476598873543214e-05 2.1179914909907894e-06 4.8414410177125922e-05 -7.7096440872992392e-05 -2.0093799690812375e-06 3.9518172330385175e-05 -4.3709363982006005e-05 3.0630499057160418e-07 1.3000990436142144e-05 2.9265759336080266e-05
leaf_weight=31 29 31 27 21 28 20 21 39 21 20 27 20 96 28 44 256 28 63
leaf_count=31 29 31 27 21 28 20 21 39 21 20 27 20 96 28 44 256 28 63
internal_value=-7.47625e-14 -1.61869e-05 1.22938e-06 1.90457e-07 1.43716e-06 -4.68897e-06 -2.19223e-05 -9.82125e-06 4.23268e-06 4.28305e-06 -2.36368e-06 -3.74892e-05 9.05926e-06 5.48012e-06 3.20551e-06 9.28319e-07 -2.16553e-05 6.02557e-06
internal_weight=850 60 790 763 742 295 101 80 60 194 163 40 123 447 419 391 72 319
internal_count=850 60 790 763 742 295 101 80 60 194 163 40 123 447 419 391 72 319
is_linear=0
shrinkage=0.3


Tree=146
num_leaves=23
num_cat=0
split_feature=17 18 18 18 0 13 7 6 19 20 17 19 18 7 12 20 0 0 10 1 11 0
split_gain=1.83286e-07 7.99407e-07 9.72483e-07 6.56653e-07 6.60908e-07 6.47373e-07 3.71239e-07 3.54736e-07 2.42392e-07 4.41345e-07 4.8042e-07 3.68681e-07 4.49491e-07 7.53099e-07 5.12893e-07 3.4138e-07 3.38484e-07 3.00247e-07 3.75201e-07 4.19169e-07 4.29054e-07 4.18377e-07
threshold=0.0020408143405366039 0.11315601241399345 -0.28083164011477707 0.70116116972023901 4.6757491967021814 0.024569458536054394 0.0018867903914715955 -0.0034543413285814065 0.64977800000000008 0.4653405000000001 0.0081632573621466305 0.89462350000000013 0.10037083433503736 0.0020855562549158191 0.0015834471979054266 0.37186000000000008 4.7457803571278907 5.8590107488271945 1.837863680699896 5.2090473658136771 55.289660628062329 4.9887297432469184
decision_type=2 2 2 2 2 2 2 2 2 2 2 2 2 2 2 2 2 2 2 2 2 2
left_child=1 2 5 4 -3 -1 -6 -4 9 15 -11 12 13 -10 -14 17 -13 18 19 21 -21 -2
right_child=8 3 7 -5 6 -7 -8 -9 11 10 -12 16 14 -15 -16 -17 -18 -19 -20 20 -22 -23
leaf_value=4.1610472628515429e-05 2.5991658887882103e-06 9.1255604174875771e-05 -6.7910327308472123e-06 -1.2938306020299457e-05 -3.122764948264895e-06 -2.3722479506562062e-05 5.3987637784302933e-05 -5.4752195459773895e-05 -8.0631853771365056e-05 4.8974721529372222e-05 -1.4792424969657854e-06 3.5051082693371424e-05 2.8133144775458037e-05 -4.5265760036272697e-06 -3.6713457198597353e-05 -3.8532721235084035e-05 -1.8873754888772965e-05 -3.4339346286841369e-05 -3.8129338151650568e-05 5.3357197571636383e-05 6.2590252684681122e-06 -2.9337357287383995e-05
leaf_weight=39 261 20 23 23 21 21 20 35 25 33 35 22 23 22 21 23 20 23 21 27 49 43
leaf_count=39 261 20 23 23 21 21 20 35 25 33 35 22 23 22 21 23 20 23 21 27 49 43
internal_value=1.34879e-13 7.89021e-06 -8.03292e-06 3.02584e-05 4.65457e-05 1.87439e-05 2.4736e-05 -3.57331e-05 -2.4596e-06 4.88993e-07 2.30058e-05 -1.38771e-05 -2.46077e-05 -4.50081e-05 -2.81637e-06 -2.93638e-06 9.37259e-06 -1.00544e-06 9.06475e-07 3.06372e-06 2.29913e-05 -1.91817e-06
internal_weight=850 202 118 84 61 60 41 58 648 515 68 133 91 47 44 447 42 424 401 380 76 304
internal_count=850 202 118 84 61 60 41 58 648 515 68 133 91 47 44 447 42 424 401 380 76 304
is_linear=0
shrinkage=0.3


Tree=147
num_leaves=23
num_cat=0
split_feature=8 18 17 8 4 18 20 5 14 8 18 27 14 11 11 21 21 5 6 5 8 9
split_gain=1.80702e-07 5.56903e-07 9.3646e-07 4.50734e-07 4.17206e-07 4.79905e-07 3.05452e-07 4.41359e-07 4.30019e-07 3.13408e-07 3.03259e-07 9.08149e-07 2.84485e-07 2.73379e-07 4.66635e-07 2.43992e-07 4.53958e-07 3.94946e-07 3.31598e-07 3.8457e-07 3.54358e-07 2.39478e-07
threshold=0.021581031455329875 0.62309949378852847 0.0063158336438631337 0.017385390029916552 13719350.000000002 0.45016992525859451 0.17354400000000003 -0.013683953701312852 0.018040252487904002 0.071441029705788542 0.69083679943530163 0.9167820000000001 0.010214505503169954 62.986557418134964 67.806324855910631 0.8489270000000001 0.67439950000000015 -0.0034543413285814065 -0.024534888989004095 0.002262583783073997 0.00074175369656929275 0.019493321658096346
decision_type=2 2 2 2 2 2 2 2 2 2 2 2 2 2 2 2 2 2 2 2 2 2
left_child=3 4 -3 10 5 6 7 -2 -8 -10 12 -12 -1 21 -15 16 18 -17 19 -14 -20 -9
right_child=1 2 -4 -5 -6 -7 8 13 9 -11 11 -13 15 14 -16 17 -18 -19 20 -21 -22 -23
leaf_value=2.6457498643139842e-05 -2.3202469546959036e-05 6.9751321943213357e-05 -1.2329290893831057e-05 -4.761205137583601e-05 -3.7580348267596263e-05 -3.8485276508026797e-05 -2.9606089916150694e-05 1.8557877116064525e-05 -1.2109580021732936e-05 3.0343394663599182e-05 -5.3016930428551698e-05 2.6330370838780121e-05 4.789192311136503e-05 -2.1923700620865689e-05 3.3741431413793836e-05 -5.3484669269892041e-05 3.6456638517847751e-05 5.4210544216662772e-06 -1.0399009749809321e-05 -8.4348516975296657e-06 1.6645079909413085e-05 5.9871756905392553e-05
leaf_weight=36 20 29 22 20 24 22 38 23 29 34 34 21 24 23 33 20 30 21 246 20 53 28
leaf_count=36 20 29 22 20 24 22 38 23 29 34 34 21 24 23 33 20 30 21 246 20 53 28
internal_value=-3.27288e-13 5.55944e-06 3.4344e-05 -3.44156e-06 2.01733e-07 3.82881e-06 7.91175e-06 1.7704e-05 -4.40132e-06 1.08015e-05 -1.69223e-06 -2.27207e-05 8.77911e-07 2.53501e-05 1.0879e-05 -1.3464e-06 1.06821e-06 -2.33134e-05 -2.02699e-06 2.22888e-05 -5.60524e-06 4.124e-05
internal_weight=850 325 51 525 274 250 228 127 101 63 505 55 450 107 56 414 373 41 343 44 299 51
internal_count=850 325 51 525 274 250 228 127 101 63 505 55 450 107 56 414 373 41 343 44 299 51
is_linear=0
shrinkage=0.3


Tree=148
num_leaves=23
num_cat=0
split_feature=0 0 16 27 14 18 16 15 15 15 22 6 7 18 11 12 16 19 18 16 14 9
split_gain=1.82207e-07 5.5109e-07 4.05279e-07 7.19723e-07 1.26529e-06 6.58171e-07 6.03761e-07 5.54021e-07 5.58368e-07 4.59531e-07 4.41708e-07 4.78299e-07 4.27648e-07 4.20815e-07 4.11079e-07 4.32607e-07 7.40944e-07 6.11685e-07 2.54903e-07 3.62947e-07 3.20585e-07 1.87631e-07
threshold=4.5291982973950882 4.5085887914050407 0.0021030682413335409 0.80695200000000011 0.024934498290162133 0.083235589623754117 0.0035090385628495468 -0.014631121133009087 -0.018659637229667091 -0.0095521893794491518 0.013752000000000002 0.023079956357347879 -0.0018976046885870184 0.051037250701924324 35.100009511658271 -0.00021250425347070127 0.0056179273621654964 -0.42972749999999998 -0.38640837505751541 0.0021715013664762375 0.029960644188237167 0.027117125906220143
decision_type=2 2 2 2 2 2 2 2 2 2 2 2 2 2 2 2 2 2 2 2 2 2
left_child=1 18 3 4 5 -2 -4 8 21 -9 -8 14 -11 -14 -12 16 -16 -17 -1 -20 -21 -5
right_child=2 -3 6 7 -6 -7 10 9 -10 12 11 -13 13 -15 15 17 -18 -19 19 20 -22 -23
leaf_value=2.0972905498307559e-05 3.6344921965578307e-05 -5.127157138531402e-05 -5.3373373105257212e-05 2.0934259296723212e-05 9.0780687532969747e-05 -2.9364060205609902e-05 3.2625479627768071e-05 4.9833586797376479e-05 -5.6765366520266973e-05 2.9133143244794871e-05 2.242750037423416e-05 3.3677773356950117e-05 -3.4771839162575897e-05 1.3138008138856671e-05 -7.0335542070097288e-05 2.1583669292082429e-05 -1.2815106094002168e-05 -1.4199418599858404e-05 -4.3231156116069711e-05 -1.7028438142736895e-05 2.6949725271991226e-05 -2.0159231526122314e-05
leaf_weight=33 34 24 21 20 25 23 32 24 25 38 38 28 33 33 25 67 104 120 22 35 26 20
leaf_count=33 34 24 21 20 25 23 32 24 25 38 38 28 33 33 25 67 104 120 22 35 26 20
internal_value=1.26303e-13 -9.89143e-06 1.95042e-06 1.0965e-05 3.45106e-05 9.83077e-06 -3.74848e-06 9.6122e-07 -2.15944e-05 1.24152e-05 -1.23127e-06 -4.06744e-06 3.78022e-06 -1.08169e-05 -7.05293e-06 -1.05981e-05 -2.39625e-05 -1.37874e-06 -1.33002e-06 -1.01974e-05 1.71635e-06 3.87514e-07
internal_weight=850 140 710 275 82 57 435 193 65 128 414 382 104 66 354 316 129 187 116 83 61 40
internal_count=850 140 710 275 82 57 435 193 65 128 414 382 104 66 354 316 129 187 116 83 61 40
is_linear=0
shrinkage=0.3


Tree=149
num_leaves=23
num_cat=0
split_feature=20 6 17 6 6 20 17 13 13 19 7 10 24 18 5 10 4 4 15 27 4 19
split_gain=1.54776e-07 4.32158e-07 5.9939e-07 4.99333e-07 7.02725e-07 5.03226e-07 2.96358e-07 2.62387e-07 8.56738e-07 3.99481e-07 2.43064e-07 2.14001e-07 6.86171e-07 6.92103e-07 6.20238e-07 4.89827e-07 2.16827e-07 5.64645e-07 4.27636e-07 6.07118e-07 3.77509e-07 2.13445e-07
threshold=0.040634500000000004 -0.0083041038247864702 0.0075023381146771574 -0.0034543413285814065 0.0016091872343663939 0.028830000000000005 0.0086730566399214025 0.015003833742478165 0.016335606537799533 0.30415600000000004 0.0042463214805937609 1.2543855492528608 1.0000000180025095e-35 -0.12345060988768354 0.01030938706380523 1.018840789909399 8885250.0000000019 11167750.000000002 -0.012712182115547253 0.83678850000000016 7825550.0000000009 0.11707100000000002
decision_type=2 2 2 2 2 2 2 2 2 2 2 2 2 2 2 2 2 2 2 2 2 2
left_child=1 2 -1 -3 -5 6 10 9 -9 -2 -6 15 13 -13 -15 16 18 -18 19 -10 -20 -19
right_child=7 3 -4 4 5 -7 -8 8 11 -11 -12 12 -14 14 -16 -17 17 21 20 -21 -22 -23
leaf_value=-5.9535322916731113e-05 -4.2591110135552817e-05 3.7757272166264289e-05 1.2639361557376105e-08 -5.170530703912845e-05 1.2145691485224792e-05 -3.194516219890728e-05 -1.1881705213804357e-05 5.8767296713085662e-05 6.5847197083712666e-05 6.1278969756596201e-06 5.1582564397408118e-05 1.4916026391022438e-05 3.0831605288637676e-05 -8.0602580052745119e-05 -1.6015893321963404e-05 4.4912014139369532e-05 -3.961404986891163e-05 2.923657914652722e-05 -2.9996952704517585e-06 4.2478055547690016e-06 3.7326784151604362e-05 -9.2327307710446688e-06
leaf_weight=29 28 28 32 25 39 27 26 25 24 33 22 28 28 23 32 26 36 25 228 36 23 27
leaf_count=29 28 28 32 25 39 27 26 25 24 33 22 28 28 23 32 26 36 25 228 36 23 27
internal_value=-3.86652e-14 -6.68638e-06 -2.8297e-05 1.20734e-06 -6.15524e-06 3.83381e-06 1.49376e-05 2.45096e-06 4.48275e-06 -1.62349e-05 2.63688e-05 1.95083e-06 -9.77869e-06 -2.34785e-05 -4.30249e-05 5.0143e-06 2.41445e-06 -1.07327e-05 6.13453e-06 2.88876e-05 6.9556e-07 9.26213e-06
internal_weight=850 228 61 167 139 114 87 622 561 61 61 536 111 83 55 425 399 88 311 60 251 52
internal_count=850 228 61 167 139 114 87 622 561 61 61 536 111 83 55 425 399 88 311 60 251 52
is_linear=0
shrinkage=0.3


Tree=150
num_leaves=16
num_cat=0
split_feature=9 9 10 9 20 2 4 16 5 13 0 1 4 0 3
split_gain=1.56518e-07 1.94022e-07 6.05759e-07 2.88485e-07 1.42634e-07 3.60457e-07 4.61026e-07 4.95979e-07 3.51141e-07 2.1897e-07 2.35537e-07 6.41487e-07 4.06052e-07 3.44698e-07 3.01751e-07
threshold=0.0080508871988797439 0.011229243456561939 0.25363575097135643 0.012202468052523858 0.026983500000000004 5.6246511793725436 9023950.0000000019 0.0075471623421736241 0.0039918442463511448 0.016335606537799533 4.5706191816944282 4.5948544174923542 8459950.0000000019 4.6043094293698159 4.6155657768249521
decision_type=2 2 2 2 2 2 2 2 2 2 2 2 2 2 2
left_child=-1 2 -2 -3 5 6 7 8 -5 -6 11 12 -11 -12 -15
right_child=1 3 -4 4 9 -7 -8 -9 -10 10 13 -13 -14 14 -16
leaf_value=-1.9357736221081723e-05 -5.6608057619948674e-06 -3.5999659285153027e-05 5.6891541279665859e-05 2.2359441785348671e-05 2.7040145911791291e-05 -4.2526708808588374e-05 3.2821994439776364e-05 -4.4809846883708815e-05 -2.7470928314414779e-05 1.1020292863956152e-05 4.1321370530443926e-05 -4.335694714894556e-05 -3.5307629228295159e-05 -3.1403857361634769e-05 4.7386609558377554e-06
leaf_weight=36 38 20 22 35 31 23 27 28 20 90 22 37 21 22 378
leaf_count=36 38 20 22 35 31 23 27 28 20 90 22 37 21 22 378
internal_value=9.88273e-14 8.56116e-07 1.72751e-05 -4.50431e-07 5.18213e-07 -8.37169e-06 -1.23018e-06 -1.23074e-05 4.23931e-06 2.48553e-06 1.1501e-06 -9.14757e-06 2.25555e-06 4.76161e-06 2.75082e-06
internal_weight=850 814 60 754 734 133 110 83 55 601 570 148 111 422 400
internal_count=850 814 60 754 734 133 110 83 55 601 570 148 111 422 400
is_linear=0
shrinkage=0.3


Tree=151
num_leaves=27
num_cat=0
split_feature=13 10 17 22 18 18 18 22 5 21 21 15 21 13 20 6 15 14 6 7 17 12 0 9 14 18
split_gain=1.44935e-07 9.25728e-07 4.12478e-07 2.73706e-07 2.68238e-07 1.85703e-07 3.56827e-07 3.81963e-07 3.95873e-07 6.51541e-07 8.63296e-07 3.96124e-07 4.6146e-07 3.50952e-07 2.92778e-07 5.09041e-07 4.73804e-07 4.51385e-07 4.34427e-07 7.16271e-07 3.99081e-07 3.90626e-07 4.35556e-07 3.44336e-07 2.31511e-07 3.73557e-07
threshold=0.016028856943005845 0.91907595093985417 0.0041152222998090855 0.96337200000000012 0.079387408012020058 -0.061920380327033335 -0.10346593420410559 0.013752000000000002 0.0021255271189565693 0.45798100000000003 0.096303500000000014 -0.0044561291236756779 0.11861900000000002 0.028808516270501062 0.18431750000000002 0.0064447382360334838 0.023000570384511084 0.038009067232761533 0.0090228990092063432 -0.001947382600463345 0.010309243888907246 -0.0023564206612489793 5.0772779925690434 0.027457722642801562 0.01424216574777973 0.14315316903448533
decision_type=2 2 2 2 2 2 2 2 2 2 2 2 2 2 2 2 2 2 2 2 2 2 2 2 2 2
left_child=1 2 4 5 -1 6 7 -2 11 10 -10 13 -13 -9 15 17 18 24 21 -20 -17 23 -23 -16 -7 -26
right_child=3 -3 -4 -5 -6 14 -8 8 9 -11 -12 12 -14 -15 16 20 -18 -19 19 -21 -22 22 -24 -25 25 -27
leaf_value=5.342513999163533e-06 3.6919848467472804e-05 -6.6800953962748664e-05 3.1141361867434345e-05 3.3009599246724977e-05 -3.6861605566746614e-05 -1.3249097889307393e-05 -4.2556591740451815e-05 -2.5296661164354781e-05 -2.7406208888595445e-05 -6.6223044424467447e-05 3.2490970302490037e-05 4.6016689771671992e-05 -3.0559648648169756e-06 9.2520238939125025e-06 4.8981736481437106e-05 -5.2013521031642146e-05 5.2832061169283402e-05 -2.258460818063975e-05 7.4934059048246122e-05 1.1361803468264105e-06 1.5694382703011135e-06 -3.0345329171793239e-05 2.174930995067825e-05 -6.0203922008180852e-06 5.6335895400975873e-05 1.110955010982086e-05
leaf_weight=33 21 21 31 24 23 20 21 51 67 21 32 35 34 55 20 29 24 37 20 29 22 52 20 21 22 65
leaf_count=33 21 21 31 24 23 20 21 51 67 21 32 35 34 55 20 29 24 37 20 29 22 52 20 21 22 65
internal_value=3.1192e-14 -1.02681e-05 3.3778e-06 1.49454e-06 -1.19913e-05 4.41116e-07 -4.68887e-06 -2.17234e-06 -4.95517e-06 -1.82266e-05 -8.0455e-06 4.14522e-06 2.1836e-05 -7.37046e-06 4.97866e-06 -3.14342e-06 1.34937e-05 5.97846e-06 7.66584e-06 3.12578e-05 -2.88993e-05 -2.56429e-06 -1.58746e-05 2.08099e-05 1.58554e-05 2.25461e-05
internal_weight=850 108 87 742 56 718 337 316 295 120 99 175 69 106 381 195 186 144 162 49 51 113 72 41 107 87
internal_count=850 108 87 742 56 718 337 316 295 120 99 175 69 106 381 195 186 144 162 49 51 113 72 41 107 87
is_linear=0
shrinkage=0.3


Tree=152
num_leaves=20
num_cat=0
split_feature=2 2 0 13 13 10 21 2 13 27 15 18 4 14 12 15 22 11 8
split_gain=1.22092e-07 2.73439e-07 2.7238e-07 2.64338e-07 3.98212e-07 5.39693e-07 7.24528e-07 2.2203e-07 2.71567e-07 2.87339e-07 3.30435e-07 2.00888e-07 2.30655e-07 4.17954e-07 3.60145e-07 3.49628e-07 3.70911e-07 3.26664e-07 1.5741e-07
threshold=4.4878624410139443 4.0965782119965457 4.5486593017725445 0.014285719244408033 0.017209872716906421 0.49529421081932518 0.10541050000000002 4.2968650244407582 0.022650364055022482 0.86019600000000007 -0.0020876399185375083 -0.99309788235570085 5019450.0000000009 0.026266504898988526 -0.0041465777235229016 -0.0055970736601352869 0.79495150000000014 46.473431083937292 0.0040326797368909718
decision_type=2 2 2 2 2 2 2 2 2 2 2 2 2 2 2 2 2 2 2
left_child=1 -1 -2 -4 5 6 -5 -3 -9 -10 -11 -6 13 14 -13 17 -17 -14 -15
right_child=2 7 3 4 11 -7 -8 8 9 10 -12 12 15 18 -16 16 -18 -19 -20
leaf_value=1.513580021802833e-05 2.7091004896343898e-05 -4.3548623202696029e-05 3.0556062109099002e-05 3.7697173589053405e-05 2.6578840957621911e-05 -5.3514012854756054e-05 -3.9296033574745785e-05 -3.5692113604454792e-05 -2.3697580642571361e-05 4.2823431275402462e-05 -9.2261652911395735e-06 3.2096371025545525e-05 1.0780197794701962e-05 -5.4133824215796265e-05 -7.6951522650418633e-06 4.8247262292775031e-06 3.2431976713700873e-05 -1.9996328644803913e-05 -1.6494834133027324e-05
leaf_weight=36 36 20 25 22 28 29 22 25 27 21 23 25 52 20 113 170 59 77 20
leaf_count=36 36 20 25 22 28 29 22 25 27 21 23 25 52 20 113 170 59 77 20
internal_value=3.79179e-14 -7.70481e-06 1.67784e-06 2.95853e-07 -8.91753e-07 -2.17408e-05 -7.9943e-07 -1.47933e-05 -8.80258e-06 6.65572e-07 1.56157e-05 1.8068e-06 5.12737e-07 -8.31301e-06 -4.86543e-07 4.90096e-06 1.19375e-05 -7.59029e-06 -3.53143e-05
internal_weight=850 152 698 662 637 73 44 116 96 71 44 564 536 178 138 358 229 129 40
internal_count=850 152 698 662 637 73 44 116 96 71 44 564 536 178 138 358 229 129 40
is_linear=0
shrinkage=0.3


Tree=153
num_leaves=20
num_cat=0
split_feature=18 14 15 20 18 14 17 12 15 14 17 22 16 12 5 4 8 13 18
split_gain=1.42302e-07 1.89958e-07 4.96101e-07 4.23832e-07 1.899e-07 4.2863e-07 4.02739e-07 4.48638e-07 3.9279e-07 4.09541e-07 3.59842e-07 3.35633e-07 3.35582e-07 5.96931e-07 3.22085e-07 4.19863e-07 3.12157e-07 3.05243e-07 2.05333e-07
threshold=-1.1347832220671636 0.012096812316346536 -0.0020222448089726613 0.18431750000000002 0.11315601241399345 0.013965129258479656 0.0016366250412967003 0.0012406771982588661 0.012738899319581791 0.034917003553891275 0.0018150730369214608 0.014830500000000002 0.0084210446006373566 -0.0079497466524451142 -0.021455721423677684 3939800.0000000005 -0.010395176932646197 0.034439200853842132 -0.28083164011477707
decision_type=2 2 2 2 2 2 2 2 2 2 2 2 2 2 2 2 2 2 2
left_child=-1 2 -2 -4 5 -3 7 -6 11 -10 18 -8 13 -12 -13 -16 -14 -15 -7
right_child=1 4 3 -5 6 10 8 -9 9 -11 12 14 16 17 15 -17 -18 -19 -20
leaf_value=-2.1031726759547703e-05 -2.0727685054785417e-05 -4.4082351769247909e-05 5.7276694364687005e-06 5.5909554756843649e-05 7.2184837964574822e-06 -5.3835707954671561e-06 -3.2045090342762706e-05 6.3843956904747746e-05 -5.7591149895301898e-05 -1.3833831774588492e-06 -5.215552217643043e-05 -1.9021278000153073e-05 3.877333408397405e-05 -3.6384059053120464e-06 -2.4063205131349844e-05 1.9428693312250581e-05 6.1340623640142823e-08 2.946447988318235e-05 -3.7437541699103821e-05
leaf_weight=28 26 24 33 28 34 35 20 20 20 28 21 32 37 185 23 152 38 29 37
leaf_count=28 26 24 33 28 34 35 20 20 20 28 21 32 37 185 23 152 38 29 37
internal_value=-1.54781e-14 7.16409e-07 1.3972e-05 2.8762e-05 -8.52616e-07 -5.19347e-06 4.50418e-06 2.81909e-05 -1.47028e-07 -2.48033e-05 -2.75019e-06 5.06663e-06 1.68724e-06 -3.88894e-06 8.6523e-06 1.37126e-05 1.91593e-05 8.47499e-07 -2.18558e-05
internal_weight=850 822 87 61 735 406 329 54 275 48 382 227 310 235 207 175 75 214 72
internal_count=850 822 87 61 735 406 329 54 275 48 382 227 310 235 207 175 75 214 72
is_linear=0
shrinkage=0.3


Tree=154
num_leaves=26
num_cat=0
split_feature=22 22 14 19 13 18 0 13 1 22 13 27 2 3 14 24 17 7 16 6 15 17 17 9 4
split_gain=1.2569e-07 3.84689e-07 4.40688e-07 4.11626e-07 3.74221e-07 2.82009e-07 4.0194e-07 3.89787e-07 3.24516e-07 3.67716e-07 2.90669e-07 2.67395e-07 2.39548e-07 2.67002e-07 2.19959e-07 2.90008e-07 2.51819e-07 5.59852e-07 2.92837e-07 3.45612e-07 4.92501e-07 3.33333e-07 3.85971e-07 1.79153e-07 1.60533e-07
threshold=0.43311400000000005 0.5942495000000001 0.025275256070068582 -0.5780369999999998 0.041384236463088406 -0.09660208211877061 4.5666495480456364 0.017209872716906421 4.863629703714782 0.94462100000000004 0.0328774418794456 0.54973650000000018 5.0083226263459659 4.7088205814361581 0.036597082352804219 1.0000000180025095e-35 0.0019665683033863956 0.0055710578968266155 0.006122394364758108 0.011879156116238731 -1.0000000180025095e-35 0.0037488281820907388 0.014017554568158076 0.014262778122976008 6579300.0000000009
decision_type=2 2 2 2 2 2 2 2 2 2 2 2 2 2 2 2 2 2 2 2 2 2 2 2 2
left_child=4 2 -2 5 11 6 -3 -7 -8 -10 12 -1 13 -9 16 -16 17 23 21 20 -20 -18 -23 -13 -25
right_child=1 3 -4 -5 -6 7 8 10 9 -11 -12 14 -14 -15 15 -17 18 -19 19 -21 -22 22 -24 24 -26
leaf_value=3.397649528930439e-05 -4.6064629106312114e-05 4.4697314689818253e-05 -6.6961067484673827e-07 3.8444098754553126e-05 -3.2675898915840657e-05 -4.9505846358702646e-05 -2.1314271452865797e-05 1.484058795956022e-05 -3.7907619012382076e-06 4.6943969668973291e-05 -2.9954865168556647e-05 2.3364680509985194e-05 2.9371264577093822e-05 -2.4903195411951627e-05 3.0211155904801086e-06 4.6638562138389754e-05 -2.2658027091893018e-05 4.7761308123881464e-05 2.246669095029574e-06 1.6796416316951351e-05 -4.4745597877093183e-05 1.8397615888766771e-05 -2.0582927350162583e-05 -2.086450063952295e-05 1.197573723662312e-05
leaf_weight=27 38 22 39 24 25 21 39 29 36 20 31 21 24 32 34 23 35 30 34 22 49 108 29 37 21
leaf_count=27 38 22 39 24 25 21 39 29 36 20 31 21 24 32 34 23 35 30 34 22 49 108 29 37 21
internal_value=4.90425e-14 -4.30776e-06 -2.30723e-05 8.89627e-07 3.0894e-06 -2.65883e-06 8.15809e-06 -1.18966e-05 -3.03628e-07 1.43288e-05 -5.08807e-06 4.99181e-06 3.981e-06 -6.00861e-06 3.22525e-06 2.06211e-05 6.56429e-07 1.28716e-05 -4.15025e-06 -1.66345e-05 -2.54958e-05 3.47097e-06 1.01463e-05 -3.77693e-07 -8.97407e-06
internal_weight=850 355 77 278 495 254 117 137 95 56 116 470 85 61 443 57 386 109 277 105 83 172 137 79 58
internal_count=850 355 77 278 495 254 117 137 95 56 116 470 85 61 443 57 386 109 277 105 83 172 137 79 58
is_linear=0
shrinkage=0.3


Tree=155
num_leaves=17
num_cat=0
split_feature=4 15 1 2 1 18 17 17 15 17 26 3 17 11 15 27
split_gain=1.37172e-07 2.59235e-07 2.24422e-07 1.67526e-07 2.87106e-07 1.61576e-07 1.71794e-07 3.7623e-07 2.76488e-07 2.91504e-07 1.87054e-07 4.65134e-07 3.0894e-07 2.34744e-07 3.31749e-07 1.80172e-07
threshold=12950700.000000002 0.010288104806842262 5.048662052294226 5.8154852739687408 5.8869372007419178 -1.1347832220671636 0.0086730566399214025 0.010010034613219367 0.0021933608164932542 0.014136150207708541 0.15928150000000005 4.6694493293762216 0.0037488281820907388 69.150829693617482 -0.013552836976221921 0.93220800000000004
decision_type=2 2 2 2 2 2 2 2 2 2 2 2 2 2 2 2
left_child=3 2 -2 4 5 -1 10 -8 15 -10 11 -7 -13 14 -12 -9
right_child=1 -3 -4 -5 -6 6 7 8 9 -11 13 12 -14 -15 -16 -17
leaf_value=-2.2199856313818599e-05 -2.3330462408921448e-05 -3.3868151786009544e-05 1.634152648131765e-05 2.5930623496606132e-05 -3.3295299268006188e-05 -1.0044250052487768e-05 -3.8786986828015941e-05 -1.4110671055101603e-05 4.352400077076036e-05 -2.4362507765039884e-06 2.0212584084333683e-05 1.4934921679404008e-05 6.185952619410312e-05 2.5862871386076828e-05 -3.4730203838353765e-06 1.3726941498741022e-05
leaf_weight=25 21 30 33 24 22 32 26 93 23 27 64 28 23 36 316 27
leaf_count=25 21 30 33 24 22 32 26 93 23 27 64 28 23 36 316 27
internal_value=-1.16141e-13 -1.15085e-05 9.13531e-07 1.26203e-06 4.64122e-07 1.49566e-06 2.34802e-06 -5.17782e-06 -3.75985e-08 1.87055e-05 5.30406e-06 1.83076e-05 3.6097e-05 2.7096e-06 5.16134e-07 -7.84721e-06
internal_weight=850 84 54 766 742 720 695 196 170 50 499 83 51 416 380 120
internal_count=850 84 54 766 742 720 695 196 170 50 499 83 51 416 380 120
is_linear=0
shrinkage=0.3


Tree=156
num_leaves=21
num_cat=0
split_feature=17 9 4 14 14 9 8 15 15 8 15 27 22 15 9 7 14 13 13 26
split_gain=9.14184e-08 2.5829e-07 2.42697e-07 4.03905e-07 2.9781e-07 2.33798e-07 2.01855e-07 2.91283e-07 2.90046e-07 2.85771e-07 2.99171e-07 5.51139e-07 3.44999e-07 3.36663e-07 3.98665e-07 3.2955e-07 1.55887e-07 1.90222e-07 2.11209e-07 1.371e-07
threshold=0.0040858022211690591 0.0080508871988797439 2067550.0000000002 0.012207529062318366 0.01424216574777973 0.063056683582155104 0.059570056789226382 0.016965148693166485 0.0030122160731680899 0.043647800547545253 0.012738899319581791 0.87358000000000013 0.016674500000000005 -0.010752626424140809 0.02848910798121004 0.016293745508924911 0.01619438349420271 0.035977541527765632 0.034593821103015822 0.71620400000000006
decision_type=2 2 2 2 2 2 2 2 2 2 2 2 2 2 2 2 2 2 2 2
left_child=1 -1 -2 -4 -5 16 9 8 -8 10 12 -12 -3 14 -14 -15 -6 18 -18 -19
right_child=2 6 3 4 5 -7 7 -9 -10 -11 11 -13 13 15 -16 -17 17 19 -20 -21
leaf_value=-2.7663742611655995e-05 -3.337735260929135e-05 4.5215597265269021e-05 3.8555295817456095e-05 -3.6326635721628047e-05 2.4798535177385771e-05 -2.3801133395738216e-05 7.9112729245232252e-07 1.9823477714453475e-05 -4.8499924352134776e-05 4.0861865227270758e-05 -4.9298476789193624e-05 1.8647680943623919e-05 -4.304846246391801e-05 7.9437843622292129e-06 1.4122804720630353e-05 5.0059778614013341e-05 -1.1499300522769725e-06 2.3532200390510966e-06 -3.2939785976395795e-05 3.6315366613166583e-05
leaf_weight=22 22 24 22 23 23 38 22 21 21 24 22 21 23 102 21 20 316 23 20 20
leaf_count=22 22 24 22 23 23 38 22 21 21 24 22 21 23 102 21 20 316 23 20 20
internal_value=-2.38943e-14 3.78256e-06 -2.55901e-06 -1.16106e-06 -3.04823e-06 -1.30868e-06 5.93775e-06 -9.13751e-06 -2.32812e-05 9.69191e-06 6.48127e-06 -1.61155e-05 1.15953e-05 6.73449e-06 -1.57622e-05 1.4848e-05 8.17473e-07 -6.37842e-07 -3.04218e-06 1.81496e-05
internal_weight=850 343 507 485 463 440 321 64 43 257 233 43 190 166 44 122 402 379 336 43
internal_count=850 343 507 485 463 440 321 64 43 257 233 43 190 166 44 122 402 379 336 43
is_linear=0
shrinkage=0.3


Tree=157
num_leaves=31
num_cat=0
split_feature=27 18 18 5 15 27 4 5 1 13 6 5 21 27 18 26 7 13 12 12 9 0 2 14 14 7 23 27 8 20
split_gain=1.14584e-07 3.40244e-07 6.86671e-07 5.16055e-07 3.45075e-07 3.21188e-07 3.4883e-07 3.162e-07 3.2906e-07 2.65757e-07 1.93056e-07 1.85582e-07 7.15322e-07 3.05937e-07 1.66736e-07 3.20097e-07 2.09351e-07 4.27678e-07 1.72351e-07 7.18228e-07 3.16403e-07 3.35687e-07 2.72534e-07 2.50605e-07 2.21508e-07 3.6817e-07 1.8307e-07 1.62208e-07 1.56978e-07 1.50642e-07
threshold=0.92588800000000016 0.26558202531599645 0.01282850699990362 -0.0056445174150736334 0.012036206080010058 0.93031500000000011 8366000.0000000009 0.010869770606879502 4.8234140126556566 0.029155353205615697 -1.0000000180025095e-35 0.01339755173283967 0.086788000000000018 0.82249050000000012 0.54398606180412046 0.56154800000000016 -0.018002017539892255 0.028644284153382254 0.00020795631960989199 0.0018271215927160684 0.024765603552333721 5.1878316283613239 4.6850867851096121 0.010346651040447668 0.019326477304718356 0.010214333985498135 0.41666650000000005 0.88142600000000015 0.07212602822549892 0.17354400000000003
decision_type=2 2 2 2 2 2 2 2 2 2 2 2 2 2 2 2 2 2 2 2 2 2 2 2 2 2 2 2 2 2
left_child=11 2 5 -4 9 -2 7 8 10 -3 -7 14 -13 -14 16 29 17 -1 20 26 23 22 -22 -18 25 -21 -20 -25 -26 -16
right_child=1 4 3 -5 -6 6 -8 -9 -10 -11 -12 12 13 -15 15 -17 18 -19 19 24 21 -23 -24 27 28 -27 -28 -29 -30 -31
leaf_value=5.4162072494818858e-05 -3.6889453285766647e-05 8.6409446240802359e-06 -7.6621116282435009e-06 -7.0366574736150744e-05 -2.2324570385165997e-05 3.924977553734524e-06 3.8354528599236139e-05 -3.4268587660335471e-05 -1.4751254754006176e-05 5.1364821258630401e-05 4.4138831539644992e-05 4.7276366769831322e-05 -2.0660204307471469e-05 2.2568443639260217e-05 -1.1748656367632541e-05 -3.2563697820813483e-05 1.1863796966541226e-05 -7.136009532717122e-06 2.1413104123230616e-05 -3.9762006239845293e-05 1.8996846971607407e-06 -1.7946873378185464e-05 4.967957300842889e-05 -3.5761205151861853e-05 -6.6518632465152506e-06 1.1534520813256678e-05 5.6482930241535148e-05 -8.2995056459367337e-06 2.2212104824705289e-05 2.3394964904837373e-05
leaf_weight=20 20 38 21 27 20 22 22 23 38 20 21 37 41 23 23 38 21 21 37 34 22 26 21 49 43 20 21 32 28 21
leaf_count=20 20 38 21 27 20 22 22 23 38 20 21 37 41 23 23 38 21 21 37 34 22 26 21 49 43 20 21 32 28 21
internal_value=-2.11715e-14 -5.07754e-06 -1.18054e-05 -4.29334e-05 1.16559e-05 -1.57157e-06 4.03444e-06 -3.22558e-06 5.5891e-06 2.33733e-05 2.35643e-05 2.38943e-06 1.40716e-05 -5.12491e-06 -8.41526e-08 -1.23945e-05 2.4714e-06 2.27655e-05 1.20958e-07 6.51977e-06 -6.72689e-06 8.96298e-06 2.5234e-05 -1.73406e-05 -6.28247e-06 -2.07633e-05 3.41108e-05 -2.49121e-05 4.73111e-06 5.02444e-06
internal_weight=850 272 194 48 78 146 126 104 81 58 43 578 101 64 477 82 395 41 354 183 171 69 43 102 125 54 58 81 71 44
internal_count=850 272 194 48 78 146 126 104 81 58 43 578 101 64 477 82 395 41 354 183 171 69 43 102 125 54 58 81 71 44
is_linear=0
shrinkage=0.3


Tree=158
num_leaves=29
num_cat=0
split_feature=13 9 15 15 12 12 12 3 4 1 17 3 11 5 10 7 4 9 9 21 18 18 8 9 20 13 21 6
split_gain=1.23877e-07 2.24116e-07 2.08686e-07 5.01588e-07 2.55765e-07 4.51123e-07 2.69924e-07 3.08021e-07 1.95296e-07 2.69931e-07 2.47096e-07 2.6258e-07 1.76929e-07 1.99417e-07 1.64549e-07 2.17913e-07 2.09769e-07 2.34506e-07 3.48508e-07 1.7908e-07 2.72458e-07 5.12537e-07 3.14835e-07 2.85348e-07 2.5463e-07 1.79903e-07 2.37617e-07 1.58275e-07
threshold=0.02404059174049258 0.017706780712526436 -1.0000000180025095e-35 -0.0022580715251582588 0.0043693844343685225 0.0016689845931329851 9.5282741720892808e-05 4.7365529537200937 3001550.0000000005 5.1342045459080987 0.0062176666789968181 4.6599080562591562 54.394833224907821 0.0021255271189565693 0.79091262546566554 0.017873580788557039 4429250.0000000009 0.031205485729045867 0.038148743663939826 0.028151000000000006 0.32530017332129207 0.11315601241399345 -0.13223465450775737 0.028759444494702975 0.2622330000000001 0.030587456961544069 0.51509300000000013 -1.0000000180025095e-35
decision_type=2 2 2 2 2 2 2 2 2 2 2 2 2 2 2 2 2 2 2 2 2 2 2 2 2 2 2 2
left_child=2 -2 3 8 5 6 12 -8 -1 10 11 -10 13 -4 19 16 -16 -18 -19 27 21 22 -21 -24 -23 -22 -27 -3
right_child=1 14 4 -5 -6 -7 7 -9 9 -11 -12 -13 -14 -15 15 -17 17 18 -20 20 25 24 23 -25 -26 26 -28 -29
leaf_value=2.5336232278681968e-05 -2.5464693001939283e-05 3.6706547525682249e-06 2.9281471931123327e-05 -4.740737932869316e-05 -1.2674989295646809e-05 4.5537815050400755e-05 -2.8665760366434811e-05 1.7749121434462721e-05 -4.4393381565235103e-06 2.6714893219832444e-05 1.0614007860567654e-05 -5.1934610425519168e-05 4.1041803336321952e-05 -4.8252017677441474e-06 -4.3760927587754851e-05 1.3263033806338327e-05 8.5336320488430503e-06 -5.3838020103285087e-05 -3.6507509383392803e-06 -3.4084384409993618e-05 5.3185951372825006e-06 1.1420445415361818e-05 -1.3469734901599096e-05 1.3838467241933766e-05 5.8138149896486931e-05 -4.3878714790605891e-05 -1.9765829035480106e-06 3.8999260337797229e-05
leaf_weight=27 37 25 27 21 36 35 31 22 22 20 25 20 22 36 20 29 37 20 33 24 24 21 57 87 21 29 21 21
leaf_count=27 37 25 27 21 36 35 31 22 22 20 25 20 22 36 20 29 37 20 33 24 24 21 57 87 21 29 21 21
internal_value=6.91751e-14 -2.98615e-06 4.39242e-06 -4.80138e-06 1.0331e-05 1.51184e-05 7.40329e-06 -9.39921e-06 3.04709e-06 -3.87023e-06 -1.30001e-05 -2.70561e-05 1.78801e-05 9.79194e-06 -1.21279e-06 -9.87109e-06 -1.59701e-05 -9.79434e-06 -2.25893e-05 2.43419e-06 -3.78407e-07 5.13751e-06 -2.27294e-06 3.02897e-06 3.47793e-05 -1.60317e-05 -2.62798e-05 1.97989e-05
internal_weight=850 506 344 135 209 173 138 53 114 87 67 42 85 63 469 139 110 90 53 330 284 210 168 144 42 74 50 46
internal_count=850 506 344 135 209 173 138 53 114 87 67 42 85 63 469 139 110 90 53 330 284 210 168 144 42 74 50 46
is_linear=0
shrinkage=0.3


Tree=159
num_leaves=25
num_cat=0
split_feature=10 6 9 5 26 9 15 26 10 12 12 18 1 15 6 9 13 16 0 15 3 14 14 5
split_gain=1.06303e-07 3.57403e-07 1.70251e-07 3.46484e-07 2.69164e-07 7.54972e-07 1.92011e-07 2.23147e-07 2.84451e-07 3.75222e-07 4.02849e-07 2.19967e-07 2.01102e-07 1.9382e-07 2.11665e-07 1.86601e-07 2.6554e-07 1.89692e-07 2.7591e-07 2.52205e-07 2.49885e-07 1.75497e-07 1.49708e-07 1.56558e-07
threshold=2.005398843256645 0.0082051715727937801 0.019904271925955969 0.012685466943945052 0.93301050000000008 0.031047577349650694 -0.015051739162074182 0.81727950000000005 -1.2667407315316783 -0.0016056497386039254 0.00016691080644103896 -0.12959494053554568 4.9588258323577028 -0.018947400544819078 0.0016091872343663939 0.017843128151440464 0.02404059174049258 0.0064378134743952485 4.654727976262321 -0.010373562861385579 4.63338327407837 0.029110488041723937 0.024342669224542122 -1.0000000180025095e-35
decision_type=2 2 2 2 2 2 2 2 2 2 2 2 2 2 2 2 2 2 2 2 2 2 2 2
left_child=2 -2 3 15 6 -6 13 8 11 12 -11 -8 -10 14 -4 16 17 18 -1 -20 -19 22 23 -9
right_child=1 -3 4 -5 5 -7 7 21 9 10 -12 -13 -14 -15 -16 -17 -18 20 19 -21 -22 -23 -24 -25
leaf_value=-2.5101422297761168e-05 -4.4545826176545235e-05 6.8928078591060537e-06 -2.0161086378038815e-05 3.3240518256972887e-05 -6.8661711520690008e-05 6.0994307991604145e-06 -4.7595394062227565e-05 3.5244969674295134e-05 4.6473697072583907e-05 -4.4683541258336848e-05 1.0054968617561661e-06 -3.1015042054605146e-06 7.8339687004497832e-06 -3.1792059245426866e-05 1.5781768518630496e-05 2.177249960788266e-05 -2.5566803436628437e-05 4.5045815431876691e-05 -2.1956908324721988e-05 1.3897682580333915e-05 3.6173508557399862e-06 3.0844854847748284e-05 -1.5210458427232381e-05 1.9720029162531967e-06
leaf_weight=36 20 31 30 38 20 31 20 20 22 20 132 20 27 31 29 39 33 20 23 76 38 37 22 35
leaf_count=36 20 31 30 38 20 31 20 20 22 20 132 20 27 31 29 39 33 20 23 76 38 37 22 35
internal_value=-9.77038e-14 -1.32792e-05 8.47609e-07 6.4505e-06 -2.57513e-06 -2.32187e-05 -2.09238e-07 2.92846e-06 -2.24458e-06 2.3532e-06 -5.00622e-06 -2.53484e-05 2.51824e-05 -1.25857e-05 -2.49426e-06 2.60891e-06 -6.98076e-07 3.55409e-06 -2.61064e-06 5.56783e-06 1.7903e-05 1.38645e-05 5.70506e-06 1.40713e-05
internal_weight=850 51 799 303 496 51 445 355 241 201 152 40 49 90 59 265 226 193 135 99 58 114 77 55
internal_count=850 51 799 303 496 51 445 355 241 201 152 40 49 90 59 265 226 193 135 99 58 114 77 55
is_linear=0
shrinkage=0.3


Tree=160
num_leaves=25
num_cat=0
split_feature=14 9 18 18 13 6 1 0 20 9 27 0 0 20 13 12 17 13 27 18 6 3 4 8
split_gain=1.09156e-07 9.20876e-08 2.0662e-07 7.61731e-07 1.81504e-07 1.55577e-07 2.72126e-07 2.24449e-07 1.27243e-07 2.51961e-07 2.65882e-07 2.32722e-07 2.74751e-07 2.10264e-07 2.2303e-07 2.09039e-07 1.60452e-07 2.42295e-07 1.48087e-07 2.80844e-07 1.57119e-07 1.23794e-07 9.23232e-08 9.096e-08
threshold=0.0082219946604859869 0.016065450402260737 0.65010384819099165 0.41644742937423912 0.018442398876153423 -0.0039761699893744546 4.6240232939665855 4.637043855405655 0.16711000000000001 0.019447669488857827 0.8063840000000001 5.3544217348882128 5.6392984388769101 0.14375250000000003 0.023980326066832345 0.0023240849968540734 0.0018887537427938548 0.028170597385855291 0.88408950000000008 -0.18430059791689116 -0.0040984464159604774 4.7891838550567636 11167750.000000002 0.0041622165252540094
decision_type=2 2 2 2 2 2 2 2 2 2 2 2 2 2 2 2 2 2 2 2 2 2 2 2
left_child=-1 2 3 5 -3 7 -7 -2 13 10 -10 18 -13 14 15 -6 -16 -18 20 -20 -11 23 -14 -8
right_child=1 4 -4 -5 8 6 21 -9 9 11 -12 12 22 -15 16 -17 17 -19 19 -21 -22 -23 -24 -25
leaf_value=-1.9529561302533694e-05 1.5435421591973863e-05 -2.8665287715869322e-05 -1.7007705896219249e-05 5.6328774761343277e-05 3.1881548329693033e-06 -2.0757088616716956e-05 1.5707346091613336e-05 -2.365395612636908e-05 -3.8855921334486436e-06 -1.5963808469832852e-05 -5.1181252777894309e-05 -4.5003970548610334e-05 1.1780843706219456e-05 3.1691245037465069e-05 -2.608362846746351e-05 4.1688524569591125e-05 -1.6274859910936355e-05 7.0738624405716366e-06 4.1307334117846044e-05 1.5612764826755666e-06 6.0477959881278691e-06 1.5093105992911239e-06 -1.6699413962279712e-05 4.2617968965714681e-05
leaf_weight=25 20 21 30 27 30 21 26 39 23 47 20 21 20 23 23 22 56 140 24 48 77 26 21 20
leaf_count=25 20 21 30 27 30 21 26 39 23 47 20 21 20 23 23 22 56 140 24 48 77 26 21 20
internal_value=7.45618e-14 5.91805e-07 6.03322e-06 9.89483e-06 -1.25439e-06 1.6467e-06 9.29133e-06 -1.04033e-05 -2.86947e-07 -4.62276e-06 -2.58836e-05 -1.07929e-06 -1.70993e-05 4.1521e-06 1.81482e-06 1.94768e-05 -2.37888e-06 4.02799e-07 3.98826e-06 1.481e-05 -2.29531e-06 1.80555e-05 -2.80661e-06 2.74076e-05
internal_weight=850 825 209 179 616 152 93 59 595 301 43 258 62 294 271 52 219 196 196 72 124 72 41 46
internal_count=850 825 209 179 616 152 93 59 595 301 43 258 62 294 271 52 219 196 196 72 124 72 41 46
is_linear=0
shrinkage=0.3


Tree=161
num_leaves=21
num_cat=0
split_feature=20 22 13 13 27 6 18 8 18 13 26 1 10 19 10 17 26 8 27 18
split_gain=8.38991e-08 1.83982e-07 8.55602e-08 2.27576e-07 4.61866e-07 1.51387e-07 1.39275e-07 2.91289e-07 1.47911e-07 3.20591e-07 1.42413e-07 1.36444e-07 3.09836e-07 2.20498e-07 1.79666e-07 2.79772e-07 2.42922e-07 1.21116e-07 1.13857e-07 7.04569e-08
threshold=0.012709500000000002 0.95960000000000012 0.019741336659727462 0.015173510167923938 0.86694500000000019 -0.0020790236406132367 -0.84198298904362134 -0.023248345497792304 -0.39360405453652109 0.027463696096316392 0.64872400000000019 5.1878489057867023 1.5807448228909415 0.46000600000000008 0.065748424245392151 0.0038022914923094659 0.87928100000000009 0.024394070493957785 0.89300950000000012 0.33885682371296416
decision_type=2 2 2 2 2 2 2 2 2 2 2 2 2 2 2 2 2 2 2 2
left_child=-1 2 3 5 -5 -2 7 -4 9 17 -11 14 13 -13 16 -16 -10 -8 -7 -14
right_child=1 -3 6 4 -6 18 8 -9 11 10 -12 12 19 -15 15 -17 -18 -19 -20 -21
leaf_value=1.4601456423941486e-05 -2.24974528643023e-05 -2.7059021530199654e-05 -1.3898146444262237e-05 4.1038411119678552e-05 -5.4345774631919518e-06 -7.8593577137553441e-06 -4.9820563926914477e-05 3.3163524257564987e-05 8.4477392796548398e-06 1.7946143151885525e-05 -1.2388784080030746e-05 2.1385420789305665e-05 -2.8053311760751449e-05 -9.0192896400204905e-06 -3.3369681013937224e-05 -3.7252979742370009e-06 -1.6748816288478119e-05 -1.7899564069090918e-05 1.9553356629330665e-05 -3.1733121159049914e-06
leaf_weight=34 28 23 20 39 38 30 20 29 137 26 30 92 21 28 40 101 46 23 25 20
leaf_count=34 28 23 20 39 38 30 20 29 137 26 30 92 21 28 40 101 46 23 25 20
internal_value=5.75289e-14 -6.08394e-07 1.58774e-07 6.35693e-06 1.81037e-05 -4.54067e-06 -1.4079e-06 1.39547e-05 -2.69688e-06 -1.32643e-05 1.69529e-06 -5.39824e-07 6.59834e-06 1.4291e-05 -4.08688e-06 -1.21351e-05 2.11418e-06 -3.27465e-05 4.60097e-06 -1.59167e-05
internal_weight=850 816 793 160 77 83 633 49 584 99 56 485 161 120 324 141 183 43 55 41
internal_count=850 816 793 160 77 83 633 49 584 99 56 485 161 120 324 141 183 43 55 41
is_linear=0
shrinkage=0.3


Tree=162
num_leaves=25
num_cat=0
split_feature=19 26 18 18 14 21 17 12 4 0 18 14 9 18 15 14 18 10 10 17 14 26 22 6
split_gain=9.722e-08 1.47083e-07 9.62284e-08 1.91772e-07 2.82521e-07 3.11778e-07 2.60582e-07 3.15606e-07 3.05567e-07 2.05715e-07 2.18567e-07 3.28711e-07 1.89899e-07 1.27134e-07 1.82124e-07 1.65073e-07 2.22589e-07 2.0119e-07 2.54631e-07 1.63115e-07 1.76847e-07 1.58537e-07 1.7507e-07 2.2054e-07
threshold=-0.94649449999999991 0.93953350000000013 -0.022619610687813405 0.15290041132591464 0.030901256778728143 0.22265100000000002 0.0016964026566976403 0.0016689845931329851 6860650.0000000009 4.5067599120914412 0.41304642601080371 0.019326477304718356 0.031205485729045867 -0.24743528477274448 0.0097087191854394583 0.020923608719454537 -0.35386308561724822 1.0056006180550225 0.34246447777635342 0.0041025645059013663 0.025585952745787607 0.23149650000000002 0.84381350000000011 0.010115583664990166
decision_type=2 2 2 2 2 2 2 2 2 2 2 2 2 2 2 2 2 2 2 2 2 2 2 2
left_child=-1 2 13 4 5 -4 7 8 -5 -8 11 -11 -12 15 19 21 17 18 -17 -15 -21 -2 23 -23
right_child=1 -3 3 6 -6 -7 9 -9 -10 10 12 -13 -14 14 -16 16 -18 -19 -20 20 -22 22 -24 -25
leaf_value=1.4630791030448074e-05 1.3819708258072044e-05 -2.1683171503198161e-05 4.4533728665404248e-05 -2.3781722640186282e-05 -1.1736656487300933e-05 3.1238627889251798e-06 1.9082783883904681e-05 4.6971231150954343e-05 2.6810962200133046e-05 -4.5547370681843262e-05 7.3655379213980028e-06 -6.4295163755998829e-06 -1.7614435558663478e-05 7.7623018954070105e-07 5.7406533292473442e-06 -5.8937006322931242e-07 3.6595512509458264e-05 -2.2000259227554681e-05 3.8147007600335718e-05 -3.9954684473885113e-05 -5.6506469523550811e-06 -2.842497415258549e-05 8.5345736506172087e-06 7.3742951696788491e-06
leaf_weight=39 27 29 36 21 25 30 29 21 22 29 92 58 39 26 39 56 21 23 21 38 21 59 28 21
leaf_count=39 27 29 36 21 25 30 29 21 22 29 92 58 39 26 39 56 21 23 21 38 21 59 28 21
internal_value=-2.79319e-14 -7.03577e-07 7.44387e-08 3.30999e-06 1.54232e-05 2.57111e-05 -2.34397e-07 1.68253e-05 2.10291e-06 -4.65473e-06 -7.81247e-06 -1.94688e-05 -7.12481e-08 -3.34843e-06 -1.12329e-05 4.70583e-07 8.51721e-06 2.62076e-06 9.9751e-06 -1.90207e-05 -2.77448e-05 -6.74158e-06 -1.18819e-05 -1.90277e-05
internal_weight=850 811 782 402 91 66 311 64 43 247 218 87 131 380 124 256 121 100 77 85 59 135 108 80
internal_count=850 811 782 402 91 66 311 64 43 247 218 87 131 380 124 256 121 100 77 85 59 135 108 80
is_linear=0
shrinkage=0.3


Tree=163
num_leaves=23
num_cat=0
split_feature=6 13 5 15 5 18 18 9 14 6 8 14 7 6 4 10 26 24 9 17 9 16
split_gain=6.9357e-08 2.07804e-07 2.51835e-07 2.01312e-07 2.41228e-07 1.78309e-07 1.72542e-07 2.08926e-07 1.22653e-07 1.09043e-07 7.77418e-07 1.2307e-07 1.8666e-07 1.73723e-07 2.55619e-07 2.92579e-07 1.10057e-07 1.90974e-07 1.04958e-07 2.23364e-07 1.66395e-07 9.98584e-08
threshold=-0.0096156468420627913 0.024140905156928995 0.0018692069111060949 0.0020533372237502225 -0.014300675431362165 0.10540044814683153 0.01282850699990362 0.037651425538754883 0.018571988506710376 -0.0060911707923998601 0.011993983249358535 0.010405878080831446 0.0020533799517048986 -0.0018976046885870184 7551850.0000000009 0.041757131230935753 0.065680500000000017 0.58333350000000006 0.02967656606881737 0.001586162322713112 0.058453666193470193 0.0050042087156383164
decision_type=2 2 2 2 2 2 2 2 2 2 2 2 2 2 2 2 2 2 2 2 2 2
left_child=1 2 -1 4 5 -3 7 -5 -4 10 -2 12 -11 14 15 -13 21 18 19 -18 -20 -15
right_child=9 3 8 6 -6 -7 -8 -9 -10 11 -12 13 -14 16 -16 -17 17 -19 20 -21 -22 -23
leaf_value=-4.7981383431761055e-06 1.5863509810287722e-05 1.2484336134223538e-05 5.0196968568343434e-05 -6.2107968874924016e-06 2.6134684188806343e-05 -2.7095594828097091e-05 4.742300176019398e-06 -4.6995227322668135e-05 1.6972280807436846e-05 2.3101123951442382e-06 -5.6445265557198104e-05 5.3573044024233242e-06 -3.446775654281183e-05 -3.119434614745842e-05 -1.1035515602919115e-05 5.2793540379008678e-05 -2.5422605441657121e-05 2.8872323754853822e-05 9.8978686088187151e-06 -9.4863236218107212e-07 -1.2311161568163697e-05 -1.2155940885349991e-06
leaf_weight=25 32 21 20 26 39 20 32 20 20 27 23 25 23 20 23 22 41 20 126 185 40 20
leaf_count=25 32 21 20 26 39 20 32 20 20 27 23 25 23 20 23 22 41 20 126 185 40 20
internal_value=4.32244e-14 4.544e-06 1.8822e-05 -1.32987e-06 9.2439e-06 -6.82295e-06 -1.21748e-05 -2.39432e-05 3.35846e-05 -1.61613e-06 -1.43747e-05 -3.89341e-07 -1.46077e-05 9.72572e-07 1.48796e-05 2.75615e-05 -1.18118e-06 2.77446e-07 -1.18148e-06 -5.3886e-06 4.5463e-06 -1.6205e-05
internal_weight=850 223 65 158 80 41 78 46 40 627 55 572 50 522 70 47 452 412 392 226 166 40
internal_count=850 223 65 158 80 41 78 46 40 627 55 572 50 522 70 47 452 412 392 226 166 40
is_linear=0
shrinkage=0.3


Tree=164
num_leaves=26
num_cat=0
split_feature=17 11 8 5 28 5 27 27 6 6 12 10 5 14 12 18 13 7 7 18 3 13 5 13 17
split_gain=6.11424e-08 1.23515e-07 1.2749e-07 1.51772e-07 1.71996e-07 1.70065e-07 1.71767e-07 2.15673e-07 1.54355e-07 1.10432e-07 9.29396e-08 2.2049e-07 2.38157e-07 1.95906e-07 1.86501e-07 1.72772e-07 1.46757e-07 1.42766e-07 1.37386e-07 1.85896e-07 1.49022e-07 1.45059e-07 1.34668e-07 1.20785e-07 8.33949e-08
threshold=0.0044943779289321004 69.610076290312421 -0.10805434425566278 0.014770063996057946 1.0000000180025095e-35 0.01030938706380523 0.94076650000000017 0.93220800000000004 -0.0040733081500934224 0.0021552640250432219 -0.00011504564003775646 -0.31526683244302051 0.0018867903914715955 0.019665683494903333 0.0033943752173959886 0.01825165033433163 0.034480208340753764 -0.0060911707923998601 -0.0080402634261618876 0.12973407000989756 5.1315364837646493 0.028644284153382254 0.0017290011725864861 0.041384236463088406 0.011928842445745018
decision_type=2 2 2 2 2 2 2 2 2 2 2 2 2 2 2 2 2 2 2 2 2 2 2 2 2
left_child=1 2 -1 5 -5 6 7 8 -4 -8 11 13 -13 -2 15 22 17 -15 -16 20 -20 -21 -12 -18 -17
right_child=10 -3 3 4 -6 -7 9 -9 -10 -11 14 12 -14 16 18 24 23 -19 19 21 -22 -23 -24 -25 -26
leaf_value=2.4324651144524977e-05 2.2458525995716625e-05 1.9440288516155608e-05 -1.1743696387611634e-05 -2.8577641875348159e-05 2.2901606371306116e-06 2.6851748168610359e-05 3.110915984620988e-05 -2.9952688669254714e-05 6.372522800484148e-06 2.0188498756792597e-06 1.3258677622966039e-05 -4.4245970946996327e-05 -4.3725241322535779e-06 -2.1080040255583299e-06 1.4266578856537448e-05 3.3868136210912783e-05 1.7803793717473215e-05 -2.9215685540026138e-05 -1.1963285087928781e-05 -4.2155297352440941e-05 1.6433530353863497e-05 -8.7541736511980162e-06 -1.8632907933186452e-05 -1.0544261226641539e-05 9.2187710216811479e-06
leaf_weight=20 26 36 64 33 32 24 24 24 125 23 26 26 28 36 26 30 31 34 39 22 29 25 22 24 21
leaf_count=20 26 36 64 33 32 24 24 24 125 23 26 26 28 36 26 30 31 34 39 22 29 25 22 24 21
internal_value=-5.96881e-14 2.66708e-06 1.03067e-06 -3.04233e-07 -1.33812e-05 2.68873e-06 4.58299e-07 -3.16383e-06 2.3793e-07 1.68735e-05 -2.42734e-06 -7.11839e-06 -2.35709e-05 -1.23473e-06 1.5796e-06 1.156e-05 -6.16293e-06 -1.52746e-05 -5.42791e-06 -9.88058e-06 1.47121e-07 -2.43887e-05 -1.3583e-06 5.43373e-06 2.37184e-05
internal_weight=850 405 369 349 65 284 260 213 189 47 445 205 54 151 240 99 125 70 141 115 68 47 48 55 51
internal_count=850 405 369 349 65 284 260 213 189 47 445 205 54 151 240 99 125 70 141 115 68 47 48 55 51
is_linear=0
shrinkage=0.3


Tree=165
num_leaves=16
num_cat=0
split_feature=0 16 2 2 27 9 27 14 12 27 6 15 26 21 17
split_gain=6.68219e-08 2.0773e-07 7.66653e-08 1.46017e-07 6.24231e-08 1.49905e-07 2.14815e-07 1.43458e-07 3.49453e-07 1.99488e-07 1.3081e-07 1.30221e-07 1.50584e-07 1.56828e-07 4.25165e-08
threshold=5.82485984499798 0.0047846846286744684 5.6490452201233774 5.5658523068913404 0.79698550000000012 0.0080508871988797439 0.80910800000000005 0.01892019575879398 -0.0010301234873947918 0.87058500000000005 0.018500229187797698 -0.013384527021778782 0.56154800000000016 0.12808350000000004 0.0041194648942119161
decision_type=2 2 2 2 2 2 2 2 2 2 2 2 2 2 2
left_child=2 -2 3 4 10 -6 -7 8 -8 -9 11 -1 13 -13 -14
right_child=1 -3 -4 -5 5 6 7 9 -10 -11 -12 12 14 -15 -16
leaf_value=1.5665478556250244e-05 3.7793799743954688e-06 -3.2851153338759267e-05 1.7429178251404663e-05 -2.5086756295991108e-05 -2.0015691008666181e-05 3.2773803815705992e-05 2.835584467008849e-05 -1.6180202637769978e-05 -2.472964928600911e-07 2.5307402330484218e-06 1.6607215688789158e-05 1.6984164186394622e-05 -1.4808125844467667e-05 -9.0654332327270252e-06 -3.4135252271231104e-05
leaf_weight=22 38 22 24 20 25 22 58 65 114 243 26 26 20 104 21
leaf_count=22 38 22 24 20 25 22 58 65 114 243 26 26 20 104 21
internal_value=6.64416e-14 -9.65182e-06 7.33049e-07 2.09933e-07 8.88128e-07 2.65718e-06 3.78631e-06 2.45772e-06 9.39795e-06 -1.418e-06 -3.36891e-06 -6.06e-06 -8.85509e-06 -3.85551e-06 -2.47074e-05
internal_weight=850 60 790 766 746 527 502 480 172 308 219 193 171 130 41
internal_count=850 60 790 766 746 527 502 480 172 308 219 193 171 130 41
is_linear=0
shrinkage=0.3


Tree=166
num_leaves=17
num_cat=0
split_feature=15 5 15 2 3 9 14 15 5 15 21 14 18 22 21 1
split_gain=5.67554e-08 2.52007e-07 1.05295e-07 6.83778e-08 1.88491e-07 1.91178e-07 1.36617e-07 1.02031e-07 1.79943e-07 1.17631e-07 1.06863e-07 1.82979e-07 1.7787e-07 1.49689e-07 1.36802e-07 1.19062e-07
threshold=0.020495149225999047 0.023796518503752521 0.027777726429316914 4.0965782119965457 4.4913103580474862 0.020913684544009742 0.028018735083797455 0.012738899319581791 0.01339755173283967 0.014872965894250889 0.087766500000000011 0.013473916766989358 0.051037250701924324 0.92915350000000008 0.11427900000000001 4.5948544174923542
decision_type=2 2 2 2 2 2 2 2 2 2 2 2 2 2 2 2
left_child=3 -2 -3 -1 5 -5 -7 8 10 -9 11 12 -6 -13 -12 -16
right_child=1 2 -4 4 7 6 -8 9 -10 -11 14 13 -14 -15 15 -17
leaf_value=1.2768897960313552e-05 3.2630674313622874e-05 -1.9752111730171732e-05 6.5915909923811954e-06 6.2834341796198192e-06 -3.4044426654418201e-06 -4.5087392047869135e-05 -1.0828603913068945e-05 -2.9887161196841459e-05 2.6137947921597513e-05 -1.7755278140857872e-06 2.3287246185645924e-05 -5.9103978850964288e-06 -3.9960522245446158e-05 1.0151495609551811e-05 2.4241656196863913e-05 2.0421630923090776e-07
leaf_weight=32 25 22 36 21 25 22 20 21 25 37 30 158 23 78 20 255
leaf_count=32 25 22 36 21 25 22 20 21 25 37 30 158 23 78 20 255
internal_value=-1.14657e-14 7.45202e-06 -3.40085e-06 -8.06412e-07 -1.39745e-06 -1.7088e-05 -2.87737e-05 7.35419e-08 1.20968e-06 -1.19539e-05 1.51607e-07 -4.03602e-06 -2.09209e-05 -6.01806e-07 4.0509e-06 1.95239e-06
internal_weight=850 83 58 767 735 63 42 672 614 58 589 284 48 236 305 275
internal_count=850 83 58 767 735 63 42 672 614 58 589 284 48 236 305 275
is_linear=0
shrinkage=0.3


Tree=167
num_leaves=26
num_cat=0
split_feature=19 7 17 10 10 10 19 16 15 0 20 16 8 27 1 16 10 1 13 16 16 5 16 21 4
split_gain=5.18887e-08 1.56853e-07 1.70859e-07 1.58468e-07 1.69554e-07 1.72094e-07 1.54674e-07 1.12665e-07 1.03929e-07 8.05881e-08 1.32301e-07 3.83463e-07 1.95561e-07 3.0364e-07 1.79717e-07 1.5488e-07 1.684e-07 1.51419e-07 1.49418e-07 1.48003e-07 1.43964e-07 1.92604e-07 1.1022e-07 1.0893e-07 9.66812e-08
threshold=0.46190400000000004 -0.020327986463838012 0.0020491783255628649 1.1352941627620361 0.45693573325683129 -1.239950842470307 0.87933050000000013 0.0062160288538568838 0.02732045175657637 5.8590107488271945 0.16711000000000001 0.0020020498762124382 -0.012200450226429948 0.7691015000000001 4.7883413205746477 0.0017467982093234008 1.1008998404219796 5.1654291481320502 0.033070464575375692 0.0055969649671484345 0.012601721380430713 -0.018595388224246803 0.0059405409580442449 0.026284500000000006 4853200.0000000009
decision_type=2 2 2 2 2 2 2 2 2 2 2 2 2 2 2 2 2 2 2 2 2 2 2 2 2
left_child=8 -2 6 4 5 -4 -3 -7 9 10 15 14 18 22 -12 16 23 20 -13 -19 21 -17 -14 -1 -25
right_child=1 2 3 -5 -6 7 -8 -9 -10 -11 11 12 13 -15 -16 17 -18 19 -20 -21 -22 -23 -24 24 -26
leaf_value=5.7471987257367409e-07 -1.8182696002301013e-05 3.1589986734484463e-05 1.99808135200783e-05 -1.7993057884702069e-05 2.6638016692004381e-05 7.0114243499119767e-07 2.7741191888708269e-06 -2.6696179952523379e-05 1.6750519122155084e-05 -1.6244964096715973e-05 3.5703161900763853e-05 9.3691982070512573e-06 -3.0089273222984045e-05 -5.4683317779335992e-05 -2.2988562477621597e-06 3.1871592253602491e-05 1.498172735011849e-05 3.877726157952565e-05 -2.2548840638075326e-05 7.5387704502925481e-06 -1.6164476310223108e-05 1.4843858819296069e-06 -7.0576742688091234e-07 -4.0392473306383177e-05 -1.2648447556365192e-05
leaf_weight=23 26 38 25 32 27 35 30 22 27 35 21 33 20 24 24 21 20 21 22 39 35 177 27 20 26
leaf_count=23 26 38 25 32 27 35 30 22 27 35 21 33 20 24 24 21 20 21 22 39 35 177 27 20 26
internal_value=-1.10672e-13 3.79186e-06 6.52553e-06 5.68744e-07 6.01808e-06 -7.7141e-07 1.88771e-05 -9.87326e-06 -1.44892e-06 -2.28461e-06 -1.40104e-06 -8.33648e-06 -1.68264e-05 -2.72287e-05 1.54354e-05 1.70356e-06 -9.25681e-06 5.03282e-06 -3.39802e-06 1.84722e-05 1.57203e-06 4.70727e-06 -1.32094e-05 -1.62825e-05 -2.47111e-05
internal_weight=850 235 209 141 109 82 68 57 615 588 553 171 126 71 45 382 89 293 55 60 233 198 47 69 46
internal_count=850 235 209 141 109 82 68 57 615 588 553 171 126 71 45 382 89 293 55 60 233 198 47 69 46
is_linear=0
shrinkage=0.3


Tree=168
num_leaves=28
num_cat=0
split_feature=12 7 12 27 17 15 17 7 15 10 26 7 14 12 14 7 0 12 26 5 18 20 4 5 9 7 9
split_gain=4.87049e-08 1.62097e-07 1.44226e-07 1.04053e-07 1.31584e-07 1.41726e-07 1.11409e-07 1.54756e-07 1.49072e-07 2.15625e-07 1.75624e-07 1.46404e-07 1.13969e-07 8.9861e-08 1.38791e-07 1.48939e-07 4.16822e-07 1.8439e-07 1.65684e-07 1.96198e-07 1.13939e-07 1.54688e-07 1.10239e-07 1.22864e-07 1.1436e-07 8.99973e-08 7.25795e-08
threshold=-0.00021250425347070127 0.020219880023466443 -0.00060292812931765291 0.78792450000000003 0.0089285416832683238 -0.0019249277430613448 0.013636421143209204 -0.0089552002600464253 0.0061697641778410096 -1.0756995197612926 0.88341150000000013 -0.0062499809330717965 0.030534358084825467 9.5282741720892808e-05 0.010593257828671815 0.0042463214805937609 4.5669896666126997 0.0019463419786223159 0.9011475000000001 0.0037106087174468712 -0.2147334535243314 0.29500300000000007 2940400.0000000005 -0.0024428859962820934 0.031205485729045867 -0.0085378420455672049 0.021976205095088717
decision_type=2 2 2 2 2 2 2 2 2 2 2 2 2 2 2 2 2 2 2 2 2 2 2 2 2 2 2
left_child=1 2 3 4 5 -1 8 -8 9 11 -11 -5 26 -2 -15 18 -17 -18 22 -20 -19 -22 -16 24 -24 -25 -10
right_child=13 -3 -4 6 -6 -7 7 -9 12 10 -12 -13 -14 14 15 16 17 20 19 -21 21 -23 23 25 -26 -27 -28
leaf_value=-3.4412801001152452e-05 2.033301929971102e-05 -2.3685550495429194e-05 -2.3157451039423904e-05 1.5095327357812494e-05 1.1965666499236249e-05 -3.5390799219214838e-06 -2.9347573836275838e-05 7.1147061672408274e-06 -2.6276003415081173e-05 3.9805912434290161e-05 8.0265725453751519e-06 -9.9819605811613983e-06 1.3177461842133198e-05 -1.7618206332124166e-05 2.0316095575253712e-05 3.9485879361481322e-05 2.1754902817359404e-05 1.0749787521054562e-05 -2.8419462697826249e-06 -4.0719364938013315e-05 1.4700307019666069e-06 -2.4978183042174564e-05 2.9348331986511767e-06 1.663229218517396e-05 -2.7239370818348946e-05 -1.8712525454257837e-06 -1.6189300367841496e-06
leaf_weight=23 23 30 24 40 20 32 20 22 22 34 29 44 20 33 25 33 34 36 32 20 48 34 20 36 26 69 21
leaf_count=23 23 30 24 40 20 32 20 22 22 34 29 44 20 33 25 33 34 36 32 20 48 34 20 36 26 69 21
internal_value=3.67643e-14 -2.51955e-06 -7.10485e-07 9.36998e-07 -8.87242e-06 -1.64499e-05 3.85647e-06 -1.02483e-05 6.67742e-06 1.19101e-05 2.51773e-05 1.95961e-06 -5.53207e-06 2.0468e-06 1.10378e-06 2.59973e-06 8.9243e-06 2.28923e-06 -2.53205e-06 -1.74102e-05 -3.31953e-06 -9.4963e-06 1.86376e-06 -1.19126e-06 -1.41202e-05 4.47282e-06 -1.42342e-05
internal_weight=850 381 351 327 75 55 252 42 210 147 63 84 63 469 446 413 185 152 228 52 118 82 176 151 46 105 43
internal_count=850 381 351 327 75 55 252 42 210 147 63 84 63 469 446 413 185 152 228 52 118 82 176 151 46 105 43
is_linear=0
shrinkage=0.3


Tree=169
num_leaves=30
num_cat=0
split_feature=19 18 22 27 18 18 28 14 10 6 0 6 19 3 12 12 6 6 6 1 9 15 2 6 4 26 12 16 20
split_gain=5.18672e-08 1.18443e-07 2.22763e-07 1.35722e-07 1.26664e-07 1.20857e-07 1.04335e-07 1.86635e-07 9.23585e-08 1.26428e-07 1.00294e-07 9.00952e-08 1.08096e-07 9.00367e-08 1.23544e-07 1.46622e-07 4.19421e-07 1.97983e-07 1.43572e-07 1.80354e-07 1.42917e-07 1.37602e-07 1.31771e-07 1.42213e-07 1.04036e-07 1.04027e-07 9.15598e-08 7.94113e-08 5.08872e-08
threshold=0.065680500000000017 0.051037250701924324 0.14458600000000002 0.92984850000000019 -0.090033904873597095 0.18701552631561616 1.0000000180025095e-35 0.025585952745787607 1.3178974609717511 0.0064239429342379606 4.7266943767587559 0.0055710578968266155 0.49222800000000005 4.4913103580474862 -0.0041465777235229016 -0.00017585459282732052 -0.0083041038247864702 -0.0080402634261618876 0.0041278594019459941 4.7071179206096305 0.041243273948531951 0.0016681517167167197 4.6563057694277559 -0.0018976046885870184 6907200.0000000009 0.42918850000000003 -0.0039843688161402295 0.0041152222998090257 0.93715450000000011
decision_type=2 2 2 2 2 2 2 2 2 2 2 2 2 2 2 2 2 2 2 2 2 2 2 2 2 2 2 2 2
left_child=13 3 5 4 6 -3 11 -8 9 10 -7 12 -2 26 20 16 -16 25 22 -20 21 -15 -19 -24 -21 -17 -1 -18 -5
right_child=1 2 -4 28 -6 8 7 -9 -10 -11 -12 -13 -14 14 15 17 27 18 19 24 -22 -23 23 -25 -26 -27 -28 -29 -30
leaf_value=-2.7328027204021055e-05 1.4479318387518855e-05 2.0196355870377208e-05 3.5928301509636145e-05 2.3028466479705199e-05 -2.3919745071907528e-05 8.2451681744434889e-06 2.6047361514367995e-05 -1.1051908240520076e-05 -1.6954474182284686e-05 2.5035107423718728e-05 -1.4415967282843666e-05 -1.9814842614102197e-05 -1.5290738011637067e-05 3.3228586902749091e-05 -4.8364605276140576e-05 6.0556120098970669e-07 -1.2208619644356546e-05 -2.8763478949698646e-05 2.6867978814824829e-05 -1.238431479890778e-05 -6.9337650659560616e-06 1.3418622545811689e-06 1.5760676869831514e-05 -1.6686792986870239e-05 8.3316196753457913e-06 2.7237763193129052e-05 -3.2700041512206165e-06 8.785555521359021e-06 2.9964351160742807e-06
leaf_weight=24 23 33 23 21 30 39 26 23 24 20 32 37 21 29 23 22 31 31 23 48 28 21 20 31 40 33 35 34 25
leaf_count=24 23 33 23 21 30 39 26 23 24 20 32 37 21 29 23 22 31 31 23 48 28 21 20 31 40 33 35 34 25
internal_value=2.98328e-14 2.62493e-06 8.46126e-06 -2.21979e-06 -6.34866e-06 4.19274e-06 -2.29379e-06 8.63342e-06 -3.99605e-07 3.96651e-06 -1.9683e-06 -8.90408e-06 2.70882e-07 -2.09218e-06 -5.29654e-07 -3.02661e-06 -1.35471e-05 7.06471e-07 -3.81846e-06 3.21424e-06 1.02264e-05 1.98362e-05 -1.33384e-05 -3.9623e-06 -2.96798e-06 1.65849e-05 -1.30563e-05 -1.22705e-06 1.21415e-05
internal_weight=850 377 171 206 160 148 130 49 115 91 71 81 44 473 414 336 88 248 193 111 78 50 82 51 88 55 59 65 46
internal_count=850 377 171 206 160 148 130 49 115 91 71 81 44 473 414 336 88 248 193 111 78 50 82 51 88 55 59 65 46
is_linear=0
shrinkage=0.3


Tree=170
num_leaves=31
num_cat=0
split_feature=16 2 2 17 27 17 1 4 7 6 6 13 16 7 2 17 6 13 6 22 3 1 1 15 9 21 13 5 28 26
split_gain=5.89139e-08 1.62861e-07 1.91687e-07 1.44357e-07 1.88285e-07 1.72081e-07 2.47173e-07 2.84828e-07 1.40039e-07 1.68198e-07 1.55912e-07 1.45816e-07 1.34576e-07 1.73706e-07 1.15083e-07 1.13648e-07 1.02147e-07 9.9145e-08 9.05075e-08 8.30354e-08 1.1884e-07 2.04839e-07 1.4509e-07 1.40295e-07 1.12485e-07 8.0481e-08 6.9213e-08 6.22883e-08 5.10728e-08 3.31364e-08
threshold=0.0021030682413335409 4.51566992062157 4.5764953509184112 0.010405828513558731 0.91777650000000011 0.0066261913553967372 4.8160283065803906 7572850.0000000009 -0.011267762782359502 0.0056605638686329151 -0.0043861480721382297 0.024569458536054394 0.0041237074886145845 -1.0000000180025095e-35 4.9599359855755649 0.0039722735306174763 -0.014087245136322672 0.02690041478962123 0.0037106087174468712 0.014830500000000002 4.9402434825897226 4.883318694153691 5.2285199192523502 -0.0062959640661172161 0.014084022787924743 0.080168500000000018 0.032308749702931204 0.0065377541854237777 1.0000000180025095e-35 0.73742350000000012
decision_type=2 2 2 2 2 2 2 2 2 2 2 2 2 2 2 2 2 2 2 2 2 2 2 2 2 2 2 2 2 2
left_child=1 26 -3 5 14 8 -7 -8 17 10 11 29 -12 -14 18 27 -13 -2 -5 -4 21 23 -22 -21 -25 -24 -1 -11 -6 -10
right_child=3 2 19 4 28 6 7 -9 9 15 12 16 13 -15 -16 -17 -18 -19 -20 20 22 -23 25 24 -26 -27 -28 -29 -30 -31
leaf_value=-2.2924624828682192e-05 2.3503233951487345e-05 3.1960005736664242e-05 -1.2536483337044047e-05 2.3546396240211227e-08 3.055668061683213e-05 2.0094929251562069e-06 -5.5051363660427542e-05 -7.8381354599158556e-06 3.5098930993626708e-06 -9.7587379098607418e-06 -3.9341462608786871e-05 -2.6152476912557175e-05 -3.4900664351360838e-05 -2.3872393130659474e-06 1.6033536780923896e-05 2.3981023294254556e-05 4.5991491788299753e-07 2.9550648181415253e-07 -2.4758661850553054e-05 -1.1304802418029187e-05 -1.64862868094436e-05 3.8277238759885377e-05 1.6159298045819852e-05 3.2741178943069825e-05 1.9784948157710301e-06 -3.2401446488668288e-06 -1.0347406810769126e-06 1.200374298605311e-05 1.0554918954426285e-05 1.906842267813276e-05
leaf_weight=26 30 24 25 36 27 35 23 23 28 29 21 25 21 50 23 25 27 37 21 27 36 23 39 20 23 38 26 20 20 22
leaf_count=26 30 24 25 36 27 35 23 23 28 29 21 25 21 50 23 25 27 37 21 27 36 23 39 20 23 38 26 20 20 22
internal_value=4.64018e-14 3.32163e-06 6.4419e-06 -1.87798e-06 6.97493e-06 -4.58067e-06 -1.69892e-05 -3.14447e-05 -1.58039e-06 -4.64724e-06 -9.28896e-06 -1.21188e-06 -1.8244e-05 -1.20039e-05 -1.87891e-06 7.52158e-06 -1.23345e-05 1.0687e-05 -9.10674e-06 3.79067e-06 5.77212e-06 1.37148e-05 -7.64772e-07 5.64428e-06 1.62867e-05 6.58555e-06 -1.19797e-05 -8.76093e-07 2.20453e-05 1.03556e-05
internal_weight=850 307 255 543 127 416 81 46 335 268 194 102 92 71 80 74 52 67 57 231 206 93 113 70 43 77 52 49 47 50
internal_count=850 307 255 543 127 416 81 46 335 268 194 102 92 71 80 74 52 67 57 231 206 93 113 70 43 77 52 49 47 50
is_linear=0
shrinkage=0.3


Tree=171
num_leaves=20
num_cat=0
split_feature=7 7 17 9 14 14 10 15 6 12 16 12 0 26 26 7 10 24 12
split_gain=4.6937e-08 1.72819e-07 8.88138e-08 1.81849e-07 2.15919e-07 1.14259e-07 8.46698e-08 8.2374e-08 1.5199e-07 8.36132e-08 1.43733e-07 1.52159e-07 1.01666e-07 8.39856e-08 2.22539e-07 1.08785e-07 8.15526e-08 7.02516e-08 5.58605e-08
threshold=-0.01280746433614751 -0.014658094766396514 0.004255315263436356 0.031205485729045867 0.031217488712476902 0.022374817212263115 2.2502403139229514 0.020163769042556429 -0.0021165001558440832 -0.0028812896650589497 0.0018832440747526523 -0.0059708799090692393 4.8741480548278018 0.078599500000000003 0.16589800000000002 -0.010235527183047566 -1.5851617067835859 1.0000000180025095e-35 0.0039899090598900329
decision_type=2 2 2 2 2 2 2 2 2 2 2 2 2 2 2 2 2 2 2
left_child=1 2 5 -4 -5 -1 7 9 -9 10 -2 16 -13 18 -15 -16 -12 -17 -11
right_child=6 -3 3 4 -6 -7 -8 8 -10 13 11 12 -14 14 15 17 -18 -19 -20
leaf_value=-2.8348359669507773e-05 1.0399382415471336e-05 -3.0013213842851523e-05 2.3954192411110853e-05 1.1456730039533854e-05 -2.6445180472478567e-05 7.3575207978599854e-07 -1.6446500410438603e-05 3.1262919678145251e-05 -2.5291848276083327e-06 -1.5331128364929705e-05 1.4943257282725012e-05 -3.6323308535202159e-05 -1.1115910289542321e-05 3.0982833134028342e-05 2.1915003674166656e-05 -2.416850219283051e-07 -1.0887904128057098e-05 1.3875606401987689e-05 4.4431935020838863e-06
leaf_weight=20 37 21 30 31 24 31 24 23 25 36 22 24 36 26 24 339 22 35 20
leaf_count=20 37 21 30 31 24 31 24 23 25 36 22 24 36 26 24 339 22 35 20
internal_value=-3.72107e-14 -4.68367e-06 -7.72491e-07 5.16588e-06 -5.08229e-06 -1.06698e-05 1.06109e-06 1.68917e-06 1.36629e-05 7.63663e-07 -5.65913e-06 -1.13723e-05 -2.11989e-05 2.65036e-06 4.09252e-06 2.33587e-06 2.02768e-06 1.07945e-06 -8.26887e-06
internal_weight=850 157 136 85 55 51 693 669 48 621 141 104 60 480 424 398 44 374 56
internal_count=850 157 136 85 55 51 693 669 48 621 141 104 60 480 424 398 44 374 56
is_linear=0
shrinkage=0.3


Tree=172
num_leaves=13
num_cat=0
split_feature=11 4 10 10 14 28 13 14 15 10 14 10
split_gain=4.39535e-08 9.69218e-08 6.64391e-08 7.63606e-08 1.6143e-07 1.17176e-07 9.91942e-08 8.04502e-08 1.15183e-07 7.19436e-08 1.23218e-07 1.10019e-07
threshold=27.362998903905616 17500300.000000004 -2.293401340551227 -1.2919033493034631 0.030113999256951119 1.0000000180025095e-35 0.020872321693606328 0.048288173192033802 0.023000570384511084 -0.35815819649267661 0.018793075001858697 -0.25035305862659729
decision_type=2 2 2 2 2 2 2 2 2 2 2 2
left_child=-1 2 -2 4 5 6 -4 8 9 10 -5 -11
right_child=1 -3 3 7 -6 -7 -8 -9 -10 11 -12 -13
leaf_value=1.2655899206492905e-05 1.6944481935102623e-05 -1.6297937926620678e-05 -4.4092828961765912e-06 1.7610491953843977e-05 -2.721386051851888e-05 -1.6580128963721125e-05 2.3211246836622609e-05 -1.4741772961964929e-05 1.8678736059615297e-05 -2.2238579154938115e-05 -7.3750458369659093e-07 -2.5601906888300415e-08
leaf_weight=24 21 33 25 56 28 26 22 28 34 21 80 452
leaf_count=24 21 33 25 56 28 26 22 28 34 21 80 452
internal_value=2.45263e-15 -3.67726e-07 2.95196e-07 -1.57699e-07 -7.84808e-06 -4.2011e-07 8.51948e-06 9.99869e-07 1.68535e-06 7.36626e-07 6.81755e-06 -1.0118e-06
internal_weight=850 826 793 772 101 73 47 671 643 609 136 473
internal_count=850 826 793 772 101 73 47 671 643 609 136 473
is_linear=0
shrinkage=0.3


Tree=173
num_leaves=17
num_cat=0
split_feature=8 11 6 21 2 21 18 22 27 14 16 15 5 1 17 0
split_gain=4.63811e-08 5.85662e-08 1.83153e-07 4.90979e-08 1.28106e-07 8.25395e-08 5.39458e-08 1.23866e-07 1.50044e-07 9.15002e-08 8.61139e-08 1.09271e-07 1.12783e-07 9.72431e-08 7.91786e-08 1.56414e-07
threshold=0.14178345497532172 69.430726341830209 -0.0020366907568139161 0.020438500000000002 4.7597009579219138 0.023222500000000004 0.32530017332129207 0.13004650000000004 0.73831750000000007 0.023880692325104626 0.01413132741611994 0.02254340378344535 0.019048352476054048 4.6999035918669962 0.010570811775969901 4.7266943767587559
decision_type=2 2 2 2 2 2 2 2 2 2 2 2 2 2 2 2
left_child=1 3 -3 4 -1 -5 10 14 -9 -10 11 12 -7 -12 15 -8
right_child=-2 2 -4 5 -6 6 7 8 9 -11 13 -13 -14 -15 -16 -17
leaf_value=-7.0818145533476954e-06 -1.2475533908575296e-05 3.0492852064249427e-05 -3.261359583680482e-06 -1.9461595703822759e-05 2.493929599080255e-05 -1.6587059496970156e-08 1.0479769379116986e-05 -3.0563348279193698e-05 7.3053349993301707e-06 -1.3988241559153331e-05 -2.178563107690934e-06 -2.0610924258851973e-05 2.3063956011810659e-05 2.4827426474465546e-05 1.6880965005030804e-05 -1.7422092059343245e-05
leaf_weight=22 26 23 39 21 23 403 40 28 32 42 21 22 20 28 27 33
leaf_count=22 26 23 39 21 23 403 40 28 32 42 21 22 20 28 27 33
internal_value=2.97926e-15 3.93645e-07 9.26036e-06 -3.27794e-07 9.28453e-06 -9.31078e-07 -3.71967e-07 -4.50228e-06 -1.18579e-05 -4.78021e-06 1.31695e-06 2.59371e-09 1.07469e-06 1.32534e-05 3.00048e-06 -2.1334e-06
internal_weight=850 824 62 762 45 717 696 202 102 74 494 445 423 49 100 73
internal_count=850 824 62 762 45 717 696 202 102 74 494 445 423 49 100 73
is_linear=0
shrinkage=0.3


Tree=174
num_leaves=19
num_cat=0
split_feature=16 16 18 10 27 12 0 10 21 11 11 11 21 21 22 20 22 9
split_gain=3.25461e-08 5.35471e-08 5.37691e-08 1.07251e-07 1.16979e-07 1.00326e-07 7.75155e-08 7.19091e-08 9.10133e-08 7.71769e-08 6.33496e-08 9.325e-08 6.56436e-08 9.75797e-08 7.08595e-08 6.45389e-08 4.80207e-08 4.24299e-08
threshold=0.020112394082913078 0.015226452468135677 0.41644742937423912 1.837863680699896 0.92893550000000014 -0.001844784593253133 5.8590107488271945 -0.0087036501575346679 0.41840600000000006 53.883906286497755 32.599519312470669 34.206684833015217 0.17136550000000003 0.087766500000000011 0.51934700000000011 0.30792100000000006 0.48921050000000005 0.028686983045285233
decision_type=2 2 2 2 2 2 2 2 2 2 2 2 2 2 2 2 2 2
left_child=1 2 6 4 7 -6 10 8 -4 -9 15 -12 13 -13 -14 -1 -3 -11
right_child=-2 16 3 -5 5 -7 -8 9 -10 17 11 12 14 -15 -16 -17 -18 -19
leaf_value=-1.9636447705673569e-05 1.166349418001898e-05 -9.3281044541981827e-08 -5.7203456890420062e-06 2.4431065512751295e-05 -1.7716108754939342e-06 2.6048225703334537e-05 -1.5232037061320046e-05 -2.3261377816652384e-05 2.0980538229196098e-05 8.028221797644619e-06 1.8951860415938881e-05 1.087497907412936e-07 -2.5192923851591333e-06 1.4295245638901898e-05 -2.1342083141178136e-05 2.5157151139865164e-06 -2.0404392479246202e-05 -1.1513254892179247e-05
leaf_weight=29 21 20 27 22 20 28 33 24 20 20 24 247 180 53 20 20 22 20
leaf_count=29 21 20 27 22 20 28 33 24 20 20 24 247 180 53 20 20 22 20
internal_value=4.48194e-14 -2.95456e-07 2.61536e-07 4.79884e-06 2.08243e-06 1.44566e-05 -1.09366e-06 -3.26858e-06 5.64173e-06 -9.81209e-06 -2.79412e-07 6.8519e-07 -1.9161e-07 2.61503e-06 -4.40157e-06 -1.05947e-05 -1.07324e-05 -1.74252e-06
internal_weight=850 829 787 181 159 48 606 111 47 64 573 524 500 300 200 49 42 40
internal_count=850 829 787 181 159 48 606 111 47 64 573 524 500 300 200 49 42 40
is_linear=0
shrinkage=0.3


Tree=175
num_leaves=22
num_cat=0
split_feature=4 4 6 9 17 9 4 6 7 18 22 7 5 12 18 13 9 4 21 17 22
split_gain=3.28281e-08 2.00066e-07 8.48464e-08 8.74153e-08 8.84495e-08 8.93963e-08 7.82704e-08 7.15601e-08 7.79785e-08 1.08007e-07 1.63216e-07 1.43485e-07 1.29579e-07 1.2933e-07 1.00687e-07 1.46667e-07 7.22893e-08 7.14892e-08 6.51358e-08 6.11591e-08 5.8808e-08
threshold=7204400.0000000009 7572850.0000000009 -0.02917069333468875 0.058453666193470193 0.0038022914923094659 0.020913684544009742 6892300.0000000009 0.024453358493917211 0.0093633741816601564 -0.65105208697192818 0.063411000000000009 0.0064447382360334838 0.014770063996057946 0.0016689845931329851 -0.62648427020039765 0.028237467953608587 0.018536168564410118 14302300.000000002 0.045958500000000006 0.0018656763099797753 0.056013500000000008
decision_type=2 2 2 2 2 2 2 2 2 2 2 2 2 2 2 2 2 2 2 2 2
left_child=6 -2 -3 4 18 -6 7 8 9 10 -1 12 13 -11 -10 16 -16 20 -4 -20 -7
right_child=1 2 3 -5 5 17 -8 -9 14 11 -12 -13 -14 -15 15 -17 -18 -19 19 -21 -22
leaf_value=-2.8835666014195093e-05 -2.8764275176840215e-05 1.3589002609738339e-05 5.8673876560533242e-06 -1.6825073507220621e-05 -1.3075686772777849e-05 1.6573486655327161e-07 1.9373911020790858e-05 -1.5306161301964494e-05 1.0546258079102699e-05 1.8972289403287392e-06 3.9627943105339606e-06 2.5713602778507954e-05 -1.3540397087906187e-05 1.6939844105487671e-05 -1.0864114776644596e-05 5.7336426107212899e-06 -3.3669262574097623e-05 -6.4202415463417614e-06 -4.7529719820106822e-06 -2.5391026278498432e-05 1.5931739646061138e-05
leaf_weight=22 24 35 20 32 23 31 21 24 26 194 36 29 35 70 29 30 22 27 28 24 68
leaf_count=22 24 35 20 32 23 31 21 24 26 194 36 29 35 70 29 30 22 27 28 24 68
internal_value=-3.33336e-14 -2.44821e-06 -2.55203e-07 -2.17041e-06 -4.84676e-08 4.12355e-06 1.41978e-06 6.90501e-07 1.46924e-06 3.45572e-06 -8.478e-06 5.56595e-06 3.61183e-06 5.8858e-06 -5.69693e-06 -1.09108e-05 -2.07016e-05 7.26309e-06 -8.68222e-06 -1.42782e-05 1.09949e-05
internal_weight=850 312 288 253 221 149 538 517 493 386 58 328 299 264 107 81 51 126 72 52 99
internal_count=850 312 288 253 221 149 538 517 493 386 58 328 299 264 107 81 51 126 72 52 99
is_linear=0
shrinkage=0.3


Tree=176
num_leaves=24
num_cat=0
split_feature=6 6 13 4 27 9 11 12 18 12 18 18 9 18 6 16 15 14 15 21 9 3 8
split_gain=3.77537e-08 1.30956e-07 9.07921e-08 2.34277e-07 1.07081e-07 8.92997e-08 1.58393e-07 9.55834e-08 9.5105e-08 9.17995e-08 7.85461e-08 1.55765e-07 8.04752e-08 6.95426e-08 6.28447e-08 1.35145e-07 6.22626e-08 1.26618e-07 8.73602e-08 8.43939e-08 1.04409e-07 5.14859e-08 5.03818e-08
threshold=-0.0021367392770927991 -0.0018976046885870184 0.01750943794238187 4685700.0000000009 0.8561470000000001 0.037248899027908518 37.963250082198421 -0.0023998663544056013 0.027709672639630756 0.00069788747174114876 -0.95309064340415417 -0.5877160350737537 0.02959008482452636 -0.022619610687813405 -0.0096156468420627913 0.006689005139724871 -0.012546676982980646 0.025670983321430026 -0.0081716044423379899 0.027738500000000003 0.011229243456561939 4.9905197620391855 0.011993983249358535
decision_type=2 2 2 2 2 2 2 2 2 2 2 2 2 2 2 2 2 2 2 2 2 2 2
left_child=2 -2 3 -1 14 7 -7 8 -6 -9 -3 12 -12 -11 15 22 17 -13 -18 -20 -21 -19 -4
right_child=1 10 4 -5 5 6 -8 9 -10 13 11 16 -14 -15 -16 -17 18 21 19 20 -22 -23 -24
leaf_value=3.5341038912722271e-06 2.426757233603315e-05 1.5223262246968995e-05 -1.7173736879435043e-06 -3.9304777756115074e-05 9.915662801705043e-06 1.0280171177328158e-05 -2.0547748522403709e-05 3.2082711364321014e-05 -1.6618910003671771e-05 -4.2119120189454409e-06 -3.0852405166115206e-05 2.88535680543386e-05 -4.8887729049469774e-06 2.0805744225071975e-05 -1.7726393766556487e-05 -1.6755616410201973e-05 -1.4413915302687504e-05 9.2762820670671035e-06 1.4436186836818657e-05 1.6243837555897511e-05 -2.8674339825323315e-06 -7.9532250790887491e-06 1.8363796910266086e-05
leaf_weight=27 22 31 23 20 31 30 30 23 20 20 21 21 22 20 37 35 36 37 38 29 228 27 22
leaf_count=27 22 31 23 20 31 30 30 23 20 20 21 21 22 20 37 35 36 37 38 29 228 27 22
internal_value=7.35286e-14 1.62448e-06 -2.46075e-06 -1.46952e-05 -4.84743e-07 4.23425e-06 -5.13379e-06 9.16479e-06 -4.90052e-07 1.69806e-05 6.07854e-07 -3.79243e-07 -1.75687e-05 8.29692e-06 -7.50273e-06 -2.77428e-06 1.39755e-06 8.64012e-06 -4.62325e-07 1.24024e-06 -7.10909e-07 2.00758e-06 8.10009e-06
internal_weight=850 512 338 47 291 174 60 114 51 63 490 459 43 40 117 80 416 85 331 295 257 64 45
internal_count=850 512 338 47 291 174 60 114 51 63 490 459 43 40 117 80 416 85 331 295 257 64 45
is_linear=0
shrinkage=0.3


Tree=177
num_leaves=21
num_cat=0
split_feature=13 22 22 3 22 17 6 16 14 4 4 6 16 22 11 14 16 14 12 27
split_gain=3.33108e-08 9.32672e-08 5.86902e-08 1.17842e-07 1.01485e-07 8.86806e-08 9.04834e-08 1.18587e-07 1.34505e-07 1.02035e-07 8.66904e-08 7.70884e-08 8.33897e-08 2.33593e-07 2.02726e-07 1.31968e-07 8.43326e-08 7.7681e-08 6.79081e-08 8.39558e-08
threshold=0.038688343428296905 0.50816250000000018 0.50277300000000014 5.8450112342834482 0.5942495000000001 0.013474494554791151 -0.018845158207923398 0.0040241412013705844 0.014184398312519267 4429250.0000000009 1679950.0000000002 -0.025752698923070812 0.0032232061497736572 0.14628400000000003 52.636756618155118 0.014184398312519267 0.0041407828659275952 0.016460889199236391 -0.0024933551080871409 0.84910850000000015
decision_type=2 2 2 2 2 2 2 2 2 2 2 2 2 2 2 2 2 2 2 2
left_child=2 -2 10 4 -4 6 -6 8 -8 -9 -1 -12 13 18 -15 -14 -17 -18 -13 -20
right_child=1 -3 3 -5 5 -7 7 9 -10 -11 11 12 15 14 -16 16 17 -19 19 -21
leaf_value=-1.6532908351940063e-05 -4.022685014018969e-06 1.9136199412530221e-05 -1.7816802793194338e-05 -2.5560589879855146e-05 -1.3425410021942039e-05 -1.377191988041204e-05 1.4333089399087838e-05 9.7969139845459226e-07 -1.2989142102128425e-05 2.0362037668581415e-05 -1.5440663816791907e-05 1.3791199739229983e-05 1.6993571564723554e-05 6.3563237729015648e-06 4.7565036042711157e-05 -1.6812612613069757e-05 -1.7282804971976227e-05 1.6017492104462386e-06 -1.2233512297381999e-05 5.1548743615015266e-06
leaf_weight=23 34 29 33 21 28 36 24 44 50 55 21 34 35 21 22 33 22 180 41 64
leaf_count=23 34 29 33 21 28 36 24 44 50 55 21 34 35 21 22 33 22 180 41 64
internal_value=-7.84439e-15 6.63775e-06 -5.31358e-07 -3.91365e-06 -2.23e-06 -5.96838e-08 2.39624e-06 4.95697e-06 -4.12788e-06 1.17477e-05 1.45301e-06 2.32759e-06 3.15311e-06 8.11622e-06 2.74399e-05 -1.924e-07 -2.75201e-06 -4.54984e-07 2.13841e-06 -1.63488e-06
internal_weight=850 63 787 291 270 237 201 173 74 99 496 473 452 182 43 270 235 202 139 105
internal_count=850 63 787 291 270 237 201 173 74 99 496 473 452 182 43 270 235 202 139 105
is_linear=0
shrinkage=0.3


Tree=178
num_leaves=21
num_cat=0
split_feature=20 18 18 9 21 2 6 4 3 18 6 28 4 27 11 27 15 10 12 6
split_gain=3.08634e-08 1.0524e-07 1.90393e-07 1.05928e-07 9.86768e-08 4.11875e-08 3.5754e-08 4.49806e-08 6.97882e-08 9.6443e-08 6.79123e-08 6.13426e-08 5.92034e-08 5.52786e-08 8.47245e-08 8.71742e-08 8.44234e-08 1.59243e-07 4.55178e-08 3.55615e-08
threshold=0.024715000000000004 0.051037250701924324 0.24017707612817704 0.022831724482261402 0.031576500000000007 5.8154852739687408 -0.02917069333468875 7481400.0000000009 4.8939313888549814 0.11315601241399345 0.0037786994339498894 1.0000000180025095e-35 6907200.0000000009 0.7691015000000001 69.610076290312421 0.81280500000000011 -0.0038134325387124768 0.83400781210989428 -0.0034186217454459235 -0.0037524776267532397
decision_type=2 2 2 2 2 2 2 2 2 2 2 2 2 2 2 2 2 2 2 2
left_child=1 3 -3 -1 -4 6 -2 12 11 18 19 -9 13 16 15 -15 -8 -18 -10 -11
right_child=5 2 4 -5 -6 -7 7 8 9 10 -12 -13 -14 14 -16 -17 17 -19 -20 -21
leaf_value=1.7930643027033638e-05 9.9405323208078368e-06 -3.7053675791867134e-05 1.1966547188659086e-05 -6.2851543767415884e-06 -1.5261439467394667e-05 1.1662543365673629e-05 -5.9784859337702758e-06 -1.9420901627689512e-05 -2.0317037435688689e-05 9.5047874112977916e-06 2.1769365176541297e-05 -2.2477675093076264e-06 1.5633962084393713e-05 -1.3998544452183872e-05 1.6437704781227775e-05 -4.3452979057983147e-07 1.9191106285952922e-05 -9.5894745442137702e-06 -2.1795144882410322e-06 -7.5703555207188133e-06
leaf_weight=29 33 20 23 37 25 30 37 39 20 23 22 36 25 52 22 237 62 24 33 21
leaf_count=29 33 20 23 37 25 30 37 39 20 23 22 36 25 52 22 237 62 24 33 21
internal_value=-5.8211e-14 -4.17866e-06 -1.24615e-05 4.35512e-06 -2.2147e-06 7.8204e-07 3.06217e-07 -1.80663e-07 -4.01052e-06 5.06672e-07 8.15998e-06 -1.11778e-05 1.43806e-06 6.2032e-07 -1.50893e-06 -2.87511e-06 6.00404e-06 1.11593e-05 -9.02386e-06 1.35529e-06
internal_weight=850 134 68 66 48 716 686 653 194 119 66 75 459 434 311 289 123 86 53 44
internal_count=850 134 68 66 48 716 686 653 194 119 66 75 459 434 311 289 123 86 53 44
is_linear=0
shrinkage=0.3


Tree=179
num_leaves=21
num_cat=0
split_feature=22 20 9 18 11 17 10 17 27 10 4 15 4 10 1 3 12 3 11 11
split_gain=2.50186e-08 6.71393e-08 1.37678e-07 3.10752e-08 1.11091e-07 1.00106e-07 6.29636e-08 5.67886e-08 5.62645e-08 5.45072e-08 1.63331e-07 1.1703e-07 1.16207e-07 1.06281e-07 8.99613e-08 8.87897e-08 7.26093e-08 6.53465e-08 1.08802e-07 7.09847e-08
threshold=0.96337200000000012 0.016357500000000004 0.02848910798121004 0.61516067904003524 61.323625143113119 0.0039722735306174763 1.8812001455832095 0.0083333250549107018 0.8561470000000001 0.25363575097135643 3129550.0000000005 0.0053446963516735951 2856300.0000000005 0.88307224475901847 5.1506692381752579 4.6718349456787118 0.0020021486777375987 5.212588071823121 53.755378275024732 42.097087910613318
decision_type=2 2 2 2 2 2 2 2 2 2 2 2 2 2 2 2 2 2 2 2
left_child=1 2 -1 6 5 -5 9 -7 -8 12 13 16 15 -11 -13 -3 -12 18 -14 -19
right_child=-2 3 -4 4 -6 7 8 -9 -10 10 11 14 17 -15 -16 -17 -18 19 -20 -21
leaf_value=-2.6649973158100692e-05 8.8186046631173134e-06 -4.6667676542710977e-06 5.1608885296872124e-06 -1.1666396742814842e-05 2.4109906757985299e-05 1.9467540494133572e-05 -2.3160980367720183e-05 -1.1109870683867484e-07 -1.1754622611513034e-06 2.9397245448592457e-05 3.8368686256779419e-06 -6.7991105489844416e-07 5.6437000356778374e-07 2.3102784945711554e-06 1.9607991676772093e-05 -2.7569651964768125e-05 -1.1335624507751162e-05 3.1901674511963e-06 2.3633448222426523e-05 -2.0260554660685903e-05
leaf_weight=25 28 39 24 37 22 24 20 30 22 32 44 42 230 22 37 25 80 21 20 26
leaf_count=25 28 39 24 37 22 24 20 30 22 32 44 42 230 22 37 25 80 21 20 26
internal_value=2.33927e-14 -3.0039e-07 -1.10691e-05 3.82234e-07 4.9792e-06 3.5419e-07 -4.04821e-07 8.59052e-06 -1.16448e-05 3.59058e-07 3.69825e-06 -2.02405e-07 -2.01815e-06 1.83618e-05 8.82202e-06 -1.36132e-05 -5.95184e-06 4.80448e-07 2.4099e-06 -9.78257e-06
internal_weight=850 822 49 773 113 91 660 54 42 618 257 203 361 54 79 64 124 297 250 47
internal_count=850 822 49 773 113 91 660 54 42 618 257 203 361 54 79 64 124 297 250 47
is_linear=0
shrinkage=0.3


Tree=180
num_leaves=20
num_cat=0
split_feature=10 8 17 3 3 17 9 22 13 10 6 12 6 5 15 18 6 5 16
split_gain=2.53841e-08 1.29294e-07 1.01477e-07 1.28477e-07 8.19389e-08 7.75635e-08 8.2352e-08 7.03693e-08 4.84169e-08 4.27796e-08 5.16729e-08 7.23851e-08 5.06411e-08 9.84117e-08 1.14424e-07 5.56226e-08 5.20359e-08 4.99115e-08 4.11537e-08
threshold=1.1352941627620361 0.057555910290765878 0.0081632573621466305 4.754087209701539 5.8450112342834482 0.0083333250549107018 0.038548256411326219 0.12560650000000004 0.043582711883270328 0.99204647189656225 0.018025405158879782 0.00052473565801817198 0.0021552640250432219 -0.0097184551640993148 -0.0040733326958594255 0.18320173143264298 0.0019305057666435916 0.01665733000309395 0.0041407828659276611
decision_type=2 2 2 2 2 2 2 2 2 2 2 2 2 2 2 2 2 2 2
left_child=4 2 3 -2 8 6 -3 -5 9 10 12 -12 16 15 -15 -14 17 -1 -7
right_child=1 5 -4 7 -6 18 -8 -9 -10 -11 11 -13 13 14 -16 -17 -18 -19 -20
leaf_value=9.9157856523035551e-07 3.7222866038583956e-05 -1.90145766571102e-05 -5.9576227483505915e-06 -4.337427526479587e-06 -1.8084620660374639e-05 -3.1456053355733663e-06 2.7823914584027637e-06 2.0828489896871358e-05 1.3285271779750473e-05 -1.264302412752071e-05 -6.125949121562899e-07 2.1887881701910703e-05 1.4277758876030726e-05 -3.1554771080664064e-05 -6.1527195304181445e-06 -5.5715176728199369e-06 1.3428675053243446e-05 -1.0508382845991468e-05 1.5635922480734214e-05
leaf_weight=320 21 39 21 20 24 21 26 20 23 26 31 22 27 20 79 24 27 38 21
leaf_count=320 21 39 21 20 24 21 26 20 23 26 31 22 27 20 79 24 27 38 21
internal_value=9.32901e-15 3.06593e-06 1.20292e-05 1.82213e-05 -8.76644e-07 -3.80308e-06 -1.02958e-05 8.24553e-06 -2.28306e-07 -7.34515e-07 -2.07948e-07 8.72723e-06 -1.09311e-06 -5.76918e-06 -1.12844e-05 4.93692e-06 7.28729e-07 -2.29088e-07 6.24516e-06
internal_weight=850 189 82 61 661 107 65 40 637 614 588 53 535 150 99 51 385 358 42
internal_count=850 189 82 61 661 107 65 40 637 614 588 53 535 150 99 51 385 358 42
is_linear=0
shrinkage=0.3


Tree=181
num_leaves=13
num_cat=0
split_feature=8 2 0 6 19 16 13 8 22 10 22 16
split_gain=2.1243e-08 4.32208e-08 5.01514e-08 3.00081e-08 3.53275e-08 4.03469e-08 3.99234e-08 1.51087e-07 6.82751e-08 8.40535e-08 5.69496e-08 5.61605e-08
threshold=0.14178345497532172 5.8154852739687408 5.82485984499798 0.035531515794959716 -0.94366349999999988 0.0063966116052285591 0.016335606537799533 0.016515188856135326 0.017776000000000004 0.80777398857199734 0.025364500000000002 0.0020222448089726309
decision_type=2 2 2 2 2 2 2 2 2 2 2 2
left_child=1 2 3 4 5 -1 7 11 9 -8 -10 -6
right_child=-2 -3 -4 -5 6 -7 8 -9 10 -11 -12 -13
leaf_value=2.7991728707686134e-07 -8.4429934105401113e-06 1.0582341773702604e-05 -1.5022284896986092e-05 -1.1273887512288639e-05 1.382420905940762e-05 1.8703831494804034e-05 1.7349484840464998e-06 2.8845930261809369e-05 -1.3963053927779714e-05 2.3859322654971036e-05 -1.4256305001721695e-06 -4.3225541245109607e-06
leaf_weight=23 26 35 20 20 20 20 68 20 35 20 477 66
leaf_count=23 26 35 20 20 20 20 68 20 35 20 477 66
internal_value=-6.95463e-14 2.66405e-07 -1.91209e-07 1.94514e-07 5.00747e-07 8.84918e-06 -7.7273e-09 5.35957e-06 -9.55949e-07 6.76322e-06 -2.28268e-06 -1.02377e-07
internal_weight=850 824 789 769 749 43 706 106 600 88 512 86
internal_count=850 824 789 769 749 43 706 106 600 88 512 86
is_linear=0
shrinkage=0.3


Tree=182
num_leaves=16
num_cat=0
split_feature=7 1 7 7 7 18 16 9 19 26 0 9 4 13 1
split_gain=2.62833e-08 7.10086e-08 4.64713e-08 4.81765e-08 4.52844e-08 9.58541e-08 3.24418e-08 1.00724e-07 1.31799e-07 3.59808e-08 7.70727e-08 4.85768e-08 1.47817e-07 5.85724e-08 3.05735e-08
threshold=-0.026145480888185507 4.9069794269062195 -0.020327986463838012 -0.018315804159720957 -0.01280746433614751 -0.02547218779706303 0.013765978400328423 0.040721953388473155 0.026236500000000003 0.074071500000000012 5.168210396078881 0.05735090349755366 7877800.0000000009 0.03514930400545687 4.7384269992753136
decision_type=2 2 2 2 2 2 2 2 2 2 2 2 2 2 2
left_child=1 -1 -2 -4 5 -5 9 8 -8 10 14 13 -13 -11 -6
right_child=2 -3 3 4 6 -7 7 -9 -10 11 -12 12 -14 -15 -16
leaf_value=-3.1422188752208788e-06 -1.2021220800306763e-05 1.8593379892450911e-05 1.4185927459818361e-05 1.8693937522584747e-06 -5.2085767583776032e-06 -2.4557217706647603e-05 -2.922387051427222e-05 1.1406684883955417e-05 2.2163954895404457e-06 1.7912739526882768e-06 8.0942017239462789e-06 7.6295159578876335e-06 -2.6972735622621257e-05 1.6403966188031168e-05 -2.1597893325114067e-05
leaf_weight=31 30 24 21 30 20 21 24 21 24 489 23 25 20 26 21
leaf_count=31 30 24 21 30 20 21 24 21 24 489 23 25 20 26 21
internal_value=2.65124e-14 6.34241e-06 -4.38783e-07 1.54305e-08 -3.84543e-07 -9.01215e-06 2.50389e-07 -5.9223e-06 -1.35037e-05 9.32946e-07 -5.80564e-06 1.70307e-06 -7.74926e-06 2.529e-06 -1.36031e-05
internal_weight=850 55 795 765 744 51 693 69 48 624 64 560 45 515 41
internal_count=850 55 795 765 744 51 693 69 48 624 64 560 45 515 41
is_linear=0
shrinkage=0.3


Tree=183
num_leaves=30
num_cat=0
split_feature=18 18 17 20 7 16 6 13 21 20 12 18 26 3 17 17 21 13 27 22 22 12 14 17 9 16 17 5 14
split_gain=2.23841e-08 1.05796e-07 1.00371e-07 1.1545e-07 8.03565e-08 1.05564e-07 8.21306e-08 7.87958e-08 1.39548e-07 8.99147e-08 6.35104e-08 5.35908e-08 1.81745e-07 1.27918e-07 6.51072e-08 4.75035e-08 4.16996e-08 6.8037e-08 4.15439e-08 4.10258e-08 6.74218e-08 8.61996e-08 9.67164e-08 6.00075e-08 8.25734e-08 5.84048e-08 1.27503e-07 7.40956e-08 3.03494e-08
threshold=0.11315601241399345 0.15838234805413251 0.0016570489675944899 0.41432650000000004 -0.0060911707923998601 0.010204023045831311 -0.0064309681721653267 0.024659976633700242 0.40154150000000005 0.14577900000000002 -0.0023564206612489793 -0.094330910863419423 0.15928150000000005 5.2215342521667489 0.01380902158799256 0.0061791972907421144 0.10541050000000002 0.025941836209330136 0.83358900000000002 0.014674000000000001 0.058494000000000004 0.00014797583783130404 0.01892019575879398 0.0019627084991599162 0.031945820547323464 0.0063762220434758271 0.0048781344096844566 0.0016091872343663939 0.031775671197332794
decision_type=2 2 2 2 2 2 2 2 2 2 2 2 2 2 2 2 2 2 2 2 2 2 2 2 2 2 2 2 2
left_child=11 -2 3 -3 5 15 10 9 18 -8 -6 14 -13 16 19 -4 17 -14 -9 -1 21 22 -21 24 -22 27 -27 -25 -16
right_child=1 2 4 -5 6 -7 7 8 -10 -11 -12 12 13 -15 28 -17 -18 -19 -20 20 23 -23 -24 25 -26 26 -28 -29 -30
leaf_value=8.9524451885319486e-06 2.3011098296592536e-05 5.799018757947173e-07 3.9060773588062144e-06 2.6665478377743474e-05 -8.6599411196175426e-06 -9.8704203826400774e-06 -6.067453705327352e-06 -1.911909014428271e-06 -1.9795118854605017e-05 -2.7923160355669549e-05 1.2645280191116077e-05 1.8526286242247029e-05 8.3102910914638927e-06 -3.3632662380114197e-05 1.927820915495561e-05 2.1949434552691946e-05 -1.5351042539776009e-05 -1.4599469150198272e-05 1.5962944182319915e-05 1.4832613069302169e-05 2.4556051685067357e-06 -2.0487480029866373e-05 -1.2692132525494849e-05 5.9203081160006354e-06 -2.3406428820749169e-05 2.7714991906080397e-05 -3.6130579885778116e-07 -1.0345804117212703e-05 4.1911074138819715e-06
leaf_weight=33 20 37 24 26 20 25 36 22 26 32 34 21 28 20 21 29 31 20 25 20 25 36 27 59 20 24 37 44 28
leaf_count=33 20 37 24 26 20 25 36 22 26 32 34 21 28 20 21 29 31 20 25 20 25 36 27 59 20 24 37 44 28
internal_value=2.91205e-14 1.81351e-06 5.51749e-07 1.13454e-05 -1.93909e-06 6.19896e-06 -5.19431e-06 -9.00447e-06 -2.15975e-06 -1.63525e-05 4.75446e-06 -1.3069e-06 -6.82321e-06 -1.22004e-05 4.63036e-07 1.37789e-05 -6.77448e-06 -1.23544e-06 7.59599e-06 -1.0739e-06 -2.20702e-06 -9.44078e-06 -9.79475e-07 6.65722e-07 -9.03863e-06 3.3285e-06 1.06851e-05 -1.02832e-06 1.0657e-05
internal_weight=850 356 336 63 273 78 195 141 73 68 54 494 120 99 374 53 79 48 47 325 292 83 47 209 45 164 61 103 49
internal_count=850 356 336 63 273 78 195 141 73 68 54 494 120 99 374 53 79 48 47 325 292 83 47 209 45 164 61 103 49
is_linear=0
shrinkage=0.3


Tree=184
num_leaves=27
num_cat=0
split_feature=27 4 4 20 9 9 20 18 12 22 12 10 4 8 13 16 22 22 5 14 12 15 10 12 20 17
split_gain=2.37628e-08 8.28759e-08 1.56996e-07 7.33089e-08 6.98339e-08 1.01416e-07 6.80213e-08 6.34991e-08 6.42094e-08 6.19365e-08 9.17823e-08 5.99992e-08 6.94922e-08 5.77084e-08 7.0208e-08 4.76166e-08 4.49459e-08 5.08243e-08 6.74558e-08 5.76196e-08 4.46442e-08 4.40474e-08 4.0234e-08 6.22078e-08 7.28775e-08 2.61496e-08
threshold=0.83215150000000004 8183600.0000000009 7204400.0000000009 0.79508000000000012 0.0158607966759375 0.020913684544009742 0.036489500000000008 0.39926585693166494 0.0012406771982588661 0.04039750000000001 0.0039899090598900329 -0.7496655469325747 4461650.0000000009 0.014344657499698509 0.017209872716906421 0.0063425172025239522 0.75496700000000005 0.55012300000000014 0.010000223269627096 0.03072461951041704 -0.0024107966541951644 0.0042373603629691026 1.2240579027939904 0.0025210561635990968 0.21409150000000002 0.0034632648595786532
decision_type=2 2 2 2 2 2 2 2 2 2 2 2 2 2 2 2 2 2 2 2 2 2 2 2 2 2
left_child=3 2 4 16 13 6 -6 8 15 10 -7 -11 -13 14 -2 -3 17 18 22 -20 -9 -22 23 24 -1 -8
right_child=1 7 -4 -5 5 9 25 20 -10 11 -12 12 -14 -15 -16 -17 -18 -19 19 -21 21 -23 -24 -25 -26 -27
leaf_value=1.4306262200782592e-05 -2.1590822392095343e-05 6.5640918276496256e-06 -2.1719985277111566e-05 1.9654017970651695e-05 2.5527595347999264e-05 -4.6353914392227575e-06 -2.5304304017481626e-06 -1.322831379619184e-05 -6.8731832129742539e-07 3.4358740337251323e-06 2.0536228236199926e-05 -2.4606887709524017e-05 -4.8798472198541274e-06 2.0151639262167007e-06 -2.9678047647913834e-06 2.363146072529191e-05 -1.0119860030499695e-05 1.3758446846168226e-05 -1.8522831018883166e-05 1.910798512297966e-06 1.3230423767903889e-05 -4.6837260788379355e-06 1.4004862477021459e-05 -1.0327032656221036e-05 -9.2831998550030259e-07 1.2269763094861574e-05
leaf_weight=44 38 28 39 20 21 32 22 23 35 34 22 25 45 36 35 31 30 30 27 23 21 30 27 32 79 21
leaf_count=44 38 28 39 20 21 32 22 23 35 34 22 25 45 36 35 31 30 30 27 23 21 30 27 32 79 21
internal_value=1.74881e-14 -1.20794e-06 -3.71693e-06 2.08293e-06 -1.59572e-06 1.45763e-06 1.15324e-05 4.3178e-06 9.4927e-06 -2.6233e-06 5.61971e-06 -6.90332e-06 -1.19252e-05 -7.81448e-06 -1.2662e-05 1.55317e-05 8.79432e-07 2.13889e-06 6.36364e-07 -9.12336e-06 -2.25573e-06 2.69269e-06 3.31761e-06 1.45596e-06 4.52145e-06 4.69757e-06
internal_weight=850 538 370 312 331 222 64 168 94 158 54 104 70 109 73 59 292 262 232 50 74 51 182 155 123 43
internal_count=850 538 370 312 331 222 64 168 94 158 54 104 70 109 73 59 292 262 232 50 74 51 182 155 123 43
is_linear=0
shrinkage=0.3


Tree=185
num_leaves=25
num_cat=0
split_feature=5 9 10 7 5 16 29 13 4 17 21 24 0 19 11 17 20 9 15 27 10 18 1 18
split_gain=1.96601e-08 4.55355e-08 5.91328e-08 1.03132e-07 1.01467e-07 9.73914e-08 6.2167e-08 5.36973e-08 1.11461e-07 8.04373e-08 6.97661e-08 8.27927e-08 7.24036e-08 4.43919e-08 5.88527e-08 4.43558e-08 4.11501e-08 7.90958e-08 6.86341e-08 4.3941e-08 7.07717e-08 3.72105e-08 3.98375e-08 6.97818e-08
threshold=0.0081631752517542493 0.04620961084391486 0.79091262546566554 -0.0040733081500934224 0.0042284173826080537 0.0063966116052285591 1.5000000000000002 0.01827756515498109 5157750.0000000009 0.0042283257602250181 0.88208350000000013 0.41666650000000005 4.5067599120914412 0.16589800000000002 33.336117114960103 0.0081967133022516261 0.93220800000000004 0.016218072283321856 0.0072072522784614448 0.81940350000000006 1.3178974609717511 0.50056072069528257 4.8929309704054207 -0.11130414253280037
decision_type=2 2 2 2 2 2 2 2 2 2 2 2 2 2 2 2 2 2 2 2 2 2 2 2
left_child=1 2 6 -4 5 15 7 8 9 -1 11 12 -9 14 -3 -5 17 -2 -19 20 -20 22 -21 -24
right_child=16 13 3 4 -6 -7 -8 10 -10 -11 -12 -13 -14 -15 -16 -17 -18 18 19 21 -22 -23 23 -25
leaf_value=3.6021769504329245e-06 1.5959579839749207e-05 -9.98458427305265e-06 -2.2024850336906226e-05 1.9592297815052006e-05 -2.1543790133193852e-05 -1.2335656877509722e-05 1.1729669900735948e-05 1.2838177071503393e-05 -1.2178103045812351e-05 2.5971336502982962e-05 1.3184951733689687e-05 -2.2393530310761312e-05 -4.9130270840800131e-06 1.5255536416296829e-05 8.858357859935494e-06 1.5364107421191875e-06 -1.0385477175337395e-05 1.6215753032611246e-05 -2.9124469045583324e-07 -4.029203495729934e-06 -2.2338684425449172e-05 -8.4110109825856342e-06 5.6588895357231974e-07 2.2693322454768881e-05
leaf_weight=39 38 26 33 24 20 26 36 23 24 23 21 22 205 28 35 25 21 23 38 26 20 22 29 23
leaf_count=39 38 26 33 24 20 26 36 23 24 23 21 22 205 28 35 25 21 23 38 26 20 22 29 23
internal_value=-4.59378e-14 -9.04994e-07 -1.97628e-06 -7.57654e-06 -2.55766e-06 2.50531e-06 -1.52282e-07 -1.35046e-06 5.18083e-06 1.19004e-05 -3.42312e-06 -4.8182e-06 -3.12234e-06 5.36627e-06 8.2694e-07 1.03801e-05 2.30019e-06 3.51663e-06 9.04293e-07 -1.32459e-06 -7.89381e-06 2.48556e-06 5.55895e-06 1.0353e-05
internal_weight=850 610 521 128 95 75 393 357 86 62 271 250 228 89 61 49 240 219 181 158 58 100 78 52
internal_count=850 610 521 128 95 75 393 357 86 62 271 250 228 89 61 49 240 219 181 158 58 100 78 52
is_linear=0
shrinkage=0.3


Tree=186
num_leaves=24
num_cat=0
split_feature=10 15 7 14 7 14 5 11 2 20 0 27 5 8 8 27 19 0 14 2 10 17 0
split_gain=2.65451e-08 6.68498e-08 2.43723e-08 7.88974e-08 6.38662e-08 6.58078e-08 7.13901e-08 1.29748e-07 8.54095e-08 1.12839e-07 7.94258e-08 6.64449e-08 6.30397e-08 5.86335e-08 6.38642e-08 1.33649e-07 7.34954e-08 5.64148e-08 5.03217e-08 4.79036e-08 3.72504e-08 3.2338e-08 2.98189e-08
threshold=1.9429589625903658 0.015945261264952399 0.006269758793816387 0.010893235764189234 0.0042463214805937609 0.010214505503169954 0.0024211813941924071 33.696254631962418 4.6177822051418831 0.018143000000000003 4.6233601855380408 0.9191005000000001 0.00606077262510303 -0.026152957934544672 0.049844404058470529 0.86019600000000007 -0.013458499999999998 5.0084689619824738 0.031045227605518356 4.8876694753113723 0.76158551760361803 0.0060544908496229415 4.5480301919558963
decision_type=2 2 2 2 2 2 2 2 2 2 2 2 2 2 2 2 2 2 2 2 2 2 2
left_child=2 -2 4 -4 5 -1 8 -8 10 -10 11 -7 -9 19 16 -16 -15 -11 -17 22 -14 -18 -5
right_child=1 -3 3 13 -6 6 7 12 9 17 -12 -13 20 14 15 18 21 -19 -20 -21 -22 -23 -24
leaf_value=1.1876038925157971e-05 -4.1186915849620058e-06 1.699209304509471e-05 -2.0966967731936847e-05 -6.0360773265808975e-06 1.3476789478194074e-05 -9.1347357134017497e-06 2.566261569622189e-05 1.3115059163055776e-05 -2.9403508681298258e-05 -1.1397487387739601e-05 1.7322131789114792e-05 7.7075977892982827e-06 -6.1315222625380999e-06 1.7636068384269271e-05 1.2396310319218172e-05 -2.2536549861090154e-05 -8.2782147105915449e-06 2.0956128065773991e-08 -2.6824134874914306e-06 3.7567271533589519e-06 3.9059659674275537e-06 7.8100351557126981e-06 -2.0404036841735151e-05
leaf_weight=38 27 27 20 26 33 49 21 30 20 75 25 37 82 37 27 27 23 81 20 21 56 22 26
leaf_count=38 27 27 20 26 33 49 21 30 20 75 25 37 82 37 27 27 23 81 20 21 56 22 26
internal_value=1.51471e-15 6.4367e-06 -4.36661e-07 -2.89707e-06 6.83341e-07 -1.38028e-07 -1.09713e-06 3.43024e-06 -4.07858e-06 -8.18855e-06 2.43813e-06 -1.88862e-06 6.51197e-07 -1.31891e-06 1.96488e-06 -4.42479e-06 7.73118e-06 -5.46868e-06 -1.4088e-05 -8.33632e-06 -2.05834e-06 -4.12848e-07 -1.32201e-05
internal_weight=850 54 796 249 547 514 476 189 287 176 111 86 168 229 156 74 82 156 47 73 138 45 52
internal_count=850 54 796 249 547 514 476 189 287 176 111 86 168 229 156 74 82 156 47 73 138 45 52
is_linear=0
shrinkage=0.3


Tree=187
num_leaves=19
num_cat=0
split_feature=8 13 11 10 9 11 7 6 14 18 12 22 18 18 10 11 10 4
split_gain=1.70518e-08 7.30306e-08 4.99113e-08 1.41205e-07 4.2918e-08 4.73372e-08 4.4412e-08 4.22354e-08 3.61686e-08 6.05495e-08 5.9482e-08 2.99301e-08 4.04707e-08 4.62174e-08 4.24572e-08 5.22689e-08 5.20541e-08 4.88076e-08
threshold=0.043647800547545253 0.020196157975402584 55.387807506714616 0.68477384697558108 0.021538146893387206 66.658970821108127 0.006479628746801855 0.0068888957484454314 0.027140015783266361 -0.13699562321458553 0.0061853643464970564 0.010275500000000002 0.96148178564284448 0.69083679943530163 1.1436467823270033 53.27095616205586 0.58812670454931137 4054800.0000000005
decision_type=2 2 2 2 2 2 2 2 2 2 2 2 2 2 2 2 2 2
left_child=2 -2 11 -4 -3 6 7 -6 10 -10 -7 -1 13 14 15 16 -13 -17
right_child=1 4 3 -5 5 8 -8 -9 9 -11 -12 12 -14 -15 -16 17 -18 -19
leaf_value=-1.1002580111783645e-05 1.949877182170212e-05 -9.5919478567907387e-06 6.1107404939497018e-06 -2.1692968644596738e-05 5.6384567100254705e-06 -1.6954328290401984e-05 -2.8192305308039066e-07 2.3727351715154198e-05 1.5156472341993283e-05 -5.3027812145955973e-06 3.3988015161412474e-06 -2.1373631316553983e-07 1.2326664089414406e-05 -1.1260261384167749e-05 1.0909667166709582e-05 -2.4776289819783415e-07 -1.3863417007087264e-05 2.071096753297752e-05
leaf_weight=21 20 32 31 35 26 28 36 21 23 30 24 366 25 31 34 20 27 20
leaf_count=21 20 32 31 35 26 28 36 21 23 30 24 366 25 31 34 20 27 20
internal_value=4.17987e-15 2.14218e-06 -8.42826e-07 -8.63365e-06 5.6431e-07 2.29303e-06 7.64729e-06 1.37207e-05 -1.93938e-06 3.57576e-06 -7.56058e-06 1.02385e-07 5.48282e-07 -4.30022e-08 7.01612e-07 -9.99438e-08 -1.1515e-06 1.02316e-05
internal_weight=850 240 610 66 220 188 83 47 105 53 52 544 523 498 467 433 393 40
internal_count=850 240 610 66 220 188 83 47 105 53 52 544 523 498 467 433 393 40
is_linear=0
shrinkage=0.3


Tree=188
num_leaves=19
num_cat=0
split_feature=17 18 5 17 17 10 26 3 18 18 18 22 5 4 15 5 13 16
split_gain=2.12507e-08 6.61949e-08 4.71505e-08 4.09265e-08 6.21697e-08 4.70692e-08 4.83413e-08 3.78699e-08 3.41006e-08 6.06397e-08 6.11095e-08 6.33743e-08 6.01469e-08 5.21164e-08 4.39225e-08 7.47354e-08 3.35704e-08 2.78618e-08
threshold=0.013636421143209204 -0.094330910863419423 -0.01242257888914104 0.010405828513558731 0.0094414039704009186 0.5275842416332327 0.71061700000000017 5.8450112342834482 -0.16093434475120941 -0.28083164011477707 -0.35550883900777797 0.017776000000000004 0.0061920323002905521 2482600.0000000005 0.020495149225999047 0.014770063996057946 0.032349542571292036 0.0062369774444285169
decision_type=2 2 2 2 2 2 2 2 2 2 2 2 2 2 2 2 2 2
left_child=3 16 -3 4 7 6 -5 8 9 10 11 -1 -11 -10 15 -15 -2 -4
right_child=1 2 17 5 -6 -7 -8 -9 13 12 -12 -13 -14 14 -16 -17 -18 -19
leaf_value=1.1654774172192057e-05 -2.0145765509888796e-06 1.8675377658736478e-06 -8.5997135381778487e-06 -7.3016708247450874e-06 -1.3679827587362398e-05 1.7631864293850167e-05 1.1980157720162506e-05 -1.0239882962131171e-05 -1.1491806672633434e-05 -2.0989407536175212e-05 1.4509582218124706e-05 -3.9706825419668653e-06 5.9699917837211348e-07 4.0524125292474331e-06 1.3370209059688092e-05 -1.4160375528924553e-05 1.3275743351215396e-05 -2.2371951382638143e-05
leaf_weight=28 28 27 39 25 29 26 22 28 21 26 25 141 21 259 39 22 24 20
leaf_count=28 28 27 39 25 29 26 22 28 21 26 25 141 21 259 39 22 24 20
internal_value=-1.61954e-14 -3.40721e-06 -8.51633e-06 6.60386e-07 -1.08381e-07 7.38973e-06 1.72387e-06 5.36819e-07 1.05529e-06 -1.67627e-06 6.66015e-07 -1.38185e-06 -1.13444e-05 2.9858e-06 3.93589e-06 2.6265e-06 5.04249e-06 -1.32683e-05
internal_weight=850 138 86 712 639 73 47 610 582 241 194 169 47 341 320 281 52 59
internal_count=850 138 86 712 639 73 47 610 582 241 194 169 47 341 320 281 52 59
is_linear=0
shrinkage=0.3


Tree=189
num_leaves=29
num_cat=0
split_feature=14 22 14 3 3 3 14 6 3 20 7 14 15 14 15 18 16 14 17 6 8 8 14 14 21 16 12 22
split_gain=2.53106e-08 3.98091e-08 3.44073e-08 7.46514e-08 1.11065e-07 6.4905e-08 7.73947e-08 5.522e-08 6.24519e-08 5.7657e-08 4.91944e-08 6.38468e-08 7.57234e-08 4.9797e-08 4.69432e-08 4.62855e-08 3.80589e-08 3.78082e-08 2.76469e-08 2.63829e-08 2.87834e-08 3.36791e-08 3.29612e-08 2.8424e-08 3.57592e-08 2.82822e-08 1.69318e-08 1.15023e-08
threshold=0.03153704748050138 0.96026750000000016 0.020886204791380366 4.6790781021118173 4.5904517173767099 5.2215342521667489 0.019111759146066446 0.012796743152923009 4.8033289909362802 0.59438250000000015 -0.0076926732270087804 0.016684070106231515 0.0086300113298315734 0.016276705416424408 1.0000000180025095e-35 0.0053664081110158263 0.0038205227406386938 0.025889973126845916 0.0082902275759679424 -0.02847651901276875 -0.083104140942482474 -0.1230414251091146 0.033898318592772501 0.034917003553891275 0.48066350000000008 0.010911414478882069 0.0034404740980010576 0.11201600000000002
decision_type=2 2 2 2 2 2 2 2 2 2 2 2 2 2 2 2 2 2 2 2 2 2 2 2 2 2 2 2
left_child=1 2 5 4 18 6 10 8 -5 16 13 12 -12 -1 -7 -13 -10 -9 27 -2 21 -21 -22 -24 25 26 -25 -4
right_child=19 -3 3 7 -6 14 -8 17 9 -11 11 15 -14 -15 -16 -17 -18 -19 -20 20 22 -23 23 24 -26 -27 -28 -29
leaf_value=-9.9280416421265727e-07 5.6379462680054307e-06 -1.0096962728312063e-05 1.4917247754056006e-05 -1.7869328874959527e-05 2.9695072840819523e-05 1.8003562654990271e-05 -1.5838360186263986e-05 4.1742466367265604e-07 -5.3969316424358613e-06 -1.1520198371625965e-05 -3.3149156659219083e-06 2.4773682426988987e-06 1.6321563182373209e-05 -1.9533812922583657e-05 4.7170034674439061e-07 2.1957703905124096e-05 9.7740461436170204e-06 1.8213631665275899e-05 -3.0521306825903592e-06 -2.9064246611844942e-06 -1.0972711197609897e-05 -1.9916243076067985e-05 9.890273609740191e-06 3.0504970237643644e-06 8.5257101090974178e-06 -1.4884478527363852e-05 -7.7684789771311721e-06 4.8646111078401836e-06
leaf_weight=32 29 28 20 21 22 27 33 21 22 27 152 23 20 22 28 21 46 22 24 22 30 20 22 30 22 20 23 21
leaf_count=32 29 28 20 21 22 27 33 21 22 27 152 23 20 22 28 21 46 22 24 22 30 20 22 30 22 20 23 21
internal_value=-2.85864e-14 9.61464e-07 1.47411e-06 4.20561e-06 1.12706e-05 -4.0285e-07 -2.12384e-06 3.39863e-07 -3.06403e-06 2.08719e-07 -4.47623e-07 1.57711e-06 -1.0316e-06 -8.54655e-06 9.07825e-06 1.17748e-05 4.86579e-06 9.52246e-06 5.03463e-06 -2.78736e-06 -4.08014e-06 -1.10063e-05 -2.10122e-06 1.73521e-07 -2.07667e-06 -5.27191e-06 -1.64453e-06 9.76834e-06
internal_weight=850 632 604 246 87 358 303 159 116 95 270 216 172 54 55 44 68 43 65 218 189 42 147 117 95 73 53 41
internal_count=850 632 604 246 87 358 303 159 116 95 270 216 172 54 55 44 68 43 65 218 189 42 147 117 95 73 53 41
is_linear=0
shrinkage=0.3


Tree=190
num_leaves=28
num_cat=0
split_feature=26 26 17 13 17 13 9 21 26 17 6 17 17 3 0 0 7 6 17 18 20 17 17 16 24 6 20
split_gain=1.87268e-08 6.36896e-08 4.35735e-08 8.04237e-08 8.61828e-08 8.03251e-08 7.87386e-08 5.92181e-08 4.08563e-08 4.65468e-08 7.08789e-08 5.94188e-08 5.64105e-08 3.27688e-08 3.74937e-08 3.10479e-08 3.18394e-08 2.97319e-08 5.95141e-08 4.19094e-08 2.69212e-08 2.42763e-08 4.20929e-08 3.74623e-08 3.38543e-08 2.21148e-08 1.80543e-08
threshold=0.44151000000000001 0.49222800000000005 0.0039139056614521123 0.016723296298573432 0.0019417919799324661 0.016335606537799533 0.012638438220505354 0.041043000000000003 0.42241200000000007 0.0039722735306174763 -0.014507982090588825 0.0020283957021205146 0.0060913711353107166 4.6155657768249521 5.0677849348232114 5.6716372895701461 0.023363891710475895 0.0019305057666435916 0.0044943779289321004 -0.52957601102982077 0.17354400000000003 0.0074418598079838702 0.008510804585797083 0.0043057458712023331 0.58333350000000006 0.0096356752363828523 0.12585950000000004
decision_type=2 2 2 2 2 2 2 2 2 2 2 2 2 2 2 2 2 2 2 2 2 2 2 2 2 2 2
left_child=8 -2 3 6 13 -4 -3 -6 9 10 -1 20 -11 -5 -15 16 17 19 -19 -7 -12 -14 -23 24 -24 -17 -25
right_child=1 2 5 4 7 15 -8 -9 -10 12 11 -13 21 14 -16 25 -18 18 -20 -21 -22 22 23 26 -26 -27 -28
leaf_value=-2.189029601936454e-05 1.3032365365467519e-05 2.320047354425531e-06 -1.6465119821781802e-05 -1.5896550715669118e-05 1.9005733367448232e-05 8.0224107839719427e-06 2.7701630694823818e-05 8.2339786570771954e-07 -1.505749259422373e-05 1.3557493453220104e-05 9.884370853885023e-06 -1.175425849916272e-05 -9.8667184926983156e-06 5.1995281194194829e-06 -9.5630020121362239e-06 1.2246451499069939e-05 -1.324041672205567e-05 1.765983144423444e-05 -4.6970075169900319e-07 -6.3779286691507355e-06 -3.6619218848421081e-06 1.2961866902762928e-05 6.2520955452782794e-07 1.1069736096942506e-05 -1.6621077208713231e-05 -7.3405954026384269e-07 -1.6773824245319699e-06
leaf_weight=20 37 22 31 22 28 22 22 38 20 32 31 35 21 30 32 27 20 20 88 105 23 22 20 20 21 21 20
leaf_count=20 37 22 31 22 28 22 22 38 20 32 31 35 21 30 32 27 20 20 88 105 23 22 20 20 21 21 20
internal_value=2.79118e-14 1.0001e-06 1.56927e-07 3.73285e-06 4.24635e-07 -1.9201e-06 1.50108e-05 8.53712e-06 -1.98265e-06 -9.95869e-07 -5.75242e-06 -2.12593e-06 2.32762e-06 -5.94946e-06 -2.41984e-06 -4.32e-07 -1.74955e-06 -7.71602e-07 2.88762e-06 -3.88338e-06 4.11465e-06 -5.70414e-07 1.32495e-06 -1.8357e-06 -8.20825e-06 6.56748e-06 4.69618e-06
internal_weight=850 565 528 194 150 334 44 66 285 265 109 89 156 84 62 303 255 235 108 127 54 124 103 81 41 48 40
internal_count=850 565 528 194 150 334 44 66 285 265 109 89 156 84 62 303 255 235 108 127 54 124 103 81 41 48 40
is_linear=0
shrinkage=0.3


Tree=191
num_leaves=26
num_cat=0
split_feature=27 11 12 4 18 4 27 14 26 2 18 11 21 2 10 8 20 7 7 14 13 9 12 11 11
split_gain=1.89315e-08 4.34547e-08 7.45499e-08 4.70354e-08 4.41463e-08 4.81108e-08 4.75673e-08 4.3377e-08 4.06343e-08 3.82186e-08 3.62453e-08 3.69713e-08 7.18742e-08 7.50457e-08 6.73207e-08 5.15089e-08 3.77241e-08 3.75416e-08 5.43502e-08 2.97962e-08 3.23438e-08 2.88764e-08 6.02364e-08 2.78198e-08 1.61751e-08
threshold=0.92417700000000014 55.42348805026365 0.0049678186218071367 2329100.0000000005 0.57578535365443506 6252200.0000000009 0.93594350000000015 0.017764189020057389 0.91225650000000014 4.6974530734305402 1.0427042363428274 48.050623502289426 0.046719500000000004 4.794915147693195 -0.31526683244302051 -0.012893992397745366 0.028830000000000005 0.0096356752363828523 0.017184535812722373 0.010893235764189234 0.022995844336538489 0.048502783649758401 0.00052473565801817198 43.797316786178513 64.59255398871781
decision_type=2 2 2 2 2 2 2 2 2 2 2 2 2 2 2 2 2 2 2 2 2 2 2 2 2
left_child=10 3 7 -2 5 6 -5 -3 -7 -8 11 15 13 -13 -14 17 -16 21 -19 -18 -21 22 23 -1 -9
right_child=1 2 -4 4 -6 8 9 24 -10 -11 -12 12 14 -15 16 -17 19 18 -20 20 -22 -23 -24 -25 -26
leaf_value=-5.3837156056860376e-07 1.2873290207608079e-05 -2.4027457360326869e-05 4.5127669248840365e-06 -2.08567114896141e-05 1.1613939906445531e-05 -4.4718649508379913e-06 3.053001504697257e-06 -2.6256412691229625e-06 1.115110077416722e-05 -1.3522611613682655e-05 -9.7359073101365026e-06 2.8586695210144342e-05 1.865474946953327e-05 2.5980104442169249e-06 1.1568746249395189e-05 -1.4122592561761847e-05 -1.0947747820034198e-05 -1.7224729111831037e-05 1.5380225828597428e-06 5.7970115734345043e-06 -2.3720985155648574e-06 1.0663609975836152e-05 1.1882474087343553e-05 -1.3096458137056288e-05 -1.3819940178499174e-05
leaf_weight=77 25 21 34 20 21 31 31 26 29 21 27 20 20 20 25 25 23 24 33 67 125 32 32 20 21
leaf_count=77 25 21 34 20 21 31 31 26 29 21 27 20 20 20 25 25 23 24 33 67 125 32 32 20 21
internal_value=1.61878e-15 -2.02005e-06 -6.95714e-06 8.09062e-07 -1.16222e-06 -3.19479e-06 -8.42314e-06 -1.26921e-05 3.07924e-06 -3.641e-06 9.92307e-07 1.52575e-06 3.75366e-06 1.55924e-05 1.93232e-06 -1.22474e-06 5.38783e-07 2.54368e-07 -6.36208e-06 -7.43771e-07 4.78581e-07 2.59684e-06 5.95778e-07 -3.12767e-06 -7.62735e-06
internal_weight=850 280 102 178 153 132 72 68 60 52 570 543 300 40 260 243 240 218 57 215 192 161 129 97 47
internal_count=850 280 102 178 153 132 72 68 60 52 570 543 300 40 260 243 240 218 57 215 192 161 129 97 47
is_linear=0
shrinkage=0.3


Tree=192
num_leaves=22
num_cat=0
split_feature=20 10 7 15 9 21 9 18 19 0 10 4 15 15 18 1 3 2 15 10 19
split_gain=1.63567e-08 3.87943e-08 2.8811e-08 2.80212e-08 4.00483e-08 6.00236e-08 5.00648e-08 2.72428e-08 2.37879e-08 3.84514e-08 3.82931e-08 3.25133e-08 4.15229e-08 4.72952e-08 4.22703e-08 1.99547e-08 8.124e-08 3.48692e-08 3.69897e-08 4.82698e-08 2.7786e-08
threshold=0.29028700000000002 1.837863680699896 0.025372645103517451 -1.0000000180025095e-35 0.026456083528997355 0.078273000000000009 0.038548256411326219 -0.059146842663714276 -0.95213099999999995 5.8590107488271945 1.837863680699896 1997050.0000000002 -0.010752626424140809 -0.018792744430545329 -0.43348472900132701 4.5948544174923542 4.6994614601135263 4.7281471408466791 0.0055607038079523163 0.44105867741055244 0.80113600000000018
decision_type=2 2 2 2 2 2 2 2 2 2 2 2 2 2 2 2 2 2 2 2 2
left_child=2 3 8 4 5 -2 7 -6 -1 10 11 -10 13 -13 -14 20 -17 -18 -19 -20 -5
right_child=1 -3 -4 15 6 -7 -8 -9 9 -11 -12 12 14 -15 -16 16 17 18 19 -21 -22
leaf_value=8.4499133254212212e-06 9.065420894522073e-07 1.1512883079944912e-05 8.4078270548262572e-06 1.1482225189800893e-05 -5.8184680369777191e-07 1.8694825192347529e-05 6.8998997762350506e-06 -1.6240242975698037e-05 -1.2533030574104487e-05 -1.4071632664008179e-05 -1.2629987147122917e-05 1.4653439984613214e-06 -5.2507489191278008e-06 -1.2787880222669461e-05 3.4702202907063776e-06 -1.5485064341191902e-05 8.9761424314716006e-06 -1.1655204070848411e-05 -7.9027792821761981e-06 1.2690527999633819e-05 -4.1421052333134864e-06
leaf_weight=20 38 32 27 21 20 31 37 20 20 23 26 40 64 44 229 38 32 27 20 21 20
leaf_count=20 38 32 27 21 20 31 37 20 20 23 26 40 64 44 229 38 32 27 20 21 20
internal_value=-2.4767e-14 1.54649e-06 -1.11988e-06 5.65189e-07 3.64961e-06 8.89838e-06 -1.05384e-06 -8.41104e-06 -1.67191e-06 -2.1258e-06 -1.47627e-06 -7.45796e-07 -1.20479e-07 -6.00063e-06 1.5653e-06 -1.95059e-06 -3.67711e-06 8.09916e-07 -3.03301e-06 2.64501e-06 3.8606e-06
internal_weight=850 357 493 325 146 69 77 40 466 446 423 397 377 84 293 179 138 100 68 41 41
internal_count=850 357 493 325 146 69 77 40 466 446 423 397 377 84 293 179 138 100 68 41 41
is_linear=0
shrinkage=0.3


Tree=193
num_leaves=28
num_cat=0
split_feature=26 0 6 24 7 17 2 11 15 14 17 17 8 21 6 2 8 11 18 26 26 16 0 17 19 14 3
split_gain=1.56255e-08 2.54617e-08 3.17685e-08 2.12686e-08 4.35522e-08 3.10765e-08 2.51247e-08 6.22051e-08 4.96307e-08 8.78736e-08 6.84545e-08 1.07683e-07 6.38085e-08 4.95875e-08 3.52887e-08 3.66877e-08 2.95174e-08 2.86257e-08 2.56887e-08 3.54216e-08 2.53301e-08 3.81331e-08 4.545e-08 4.13084e-08 2.27778e-08 2.15085e-08 1.98468e-08
threshold=0.074071500000000012 5.168210396078881 -0.002046961470181559 1.0000000180025095e-35 0.0093633741816601564 0.0034632648595786532 4.6384807323780635 67.270297409685611 -0.0016997741004182358 0.020458882400208728 0.0083874749792970434 0.0066722252613849072 -0.060734573711504654 0.056965000000000009 -0.018315804159720957 4.4047375784848972 -0.00026668765675961413 61.217848830218294 -0.51753239261842743 0.44621650000000007 0.56154800000000016 0.0022379044718798817 4.6040899917212244 0.0020222449064709099 0.14520550000000002 0.027078044508303093 5.052584409713746
decision_type=2 2 2 2 2 2 2 2 2 2 2 2 2 2 2 2 2 2 2 2 2 2 2 2 2 2 2
left_child=1 2 -1 6 5 -5 7 14 9 13 11 18 -11 -8 15 -2 -14 -12 -10 -20 24 22 -22 -23 -16 -7 -18
right_child=3 -3 -4 4 -6 25 8 -9 10 12 17 -13 16 -15 20 -17 26 -19 19 -21 21 23 -24 -25 -26 -27 -28
leaf_value=6.9633192651963321e-07 5.7149569246658671e-08 3.8933895601595786e-06 -1.2697234205916175e-05 -2.5290223055146102e-08 -5.5230289816038814e-06 2.0992307119058749e-05 2.4834052886756671e-06 1.8259091992831598e-05 4.6990964165161126e-06 1.2397805858199717e-05 -5.0912289643255883e-07 -2.589558319527896e-05 -1.3814160978096967e-05 1.9611074914394067e-05 -1.5962334314281177e-06 1.7587674465500769e-05 5.0098070671213326e-06 1.3155985912114622e-05 -1.615105866767408e-05 -3.6617943819245675e-06 -1.4976286890538104e-05 -9.8699903736070898e-06 1.920236866720623e-06 5.2936425009595605e-06 1.1086276885390152e-05 7.2457514054998942e-06 -6.7878840044696432e-06
leaf_weight=28 22 28 37 22 26 20 29 20 24 20 37 24 31 32 25 21 21 22 25 112 38 22 23 61 26 21 33
leaf_count=28 22 28 37 22 26 20 29 20 24 20 37 24 31 32 25 21 21 22 25 112 38 22 23 61 26 21 33
internal_value=4.44382e-15 -3.66974e-06 -6.9277e-06 4.50839e-07 4.80732e-06 9.07064e-06 -1.2959e-07 2.18975e-06 -1.58908e-06 2.41263e-06 -4.31155e-06 -7.14926e-06 -2.84835e-06 1.14684e-05 8.3939e-07 8.61857e-06 -6.43568e-06 4.58634e-06 -4.35478e-06 -5.94086e-06 -8.76019e-07 -2.91084e-06 -8.60547e-06 1.27437e-06 4.86936e-06 1.39514e-05 -2.19989e-06
internal_weight=850 93 65 757 89 63 668 258 410 166 244 185 105 61 238 43 85 59 161 137 195 144 61 83 51 41 54
internal_count=850 93 65 757 89 63 668 258 410 166 244 185 105 61 238 43 85 59 161 137 195 144 61 83 51 41 54
is_linear=0
shrinkage=0.3


Tree=194
num_leaves=18
num_cat=0
split_feature=17 15 14 20 5 14 4 17 4 9 17 9 13 9 0 5 2
split_gain=1.46356e-08 8.48704e-08 4.31401e-08 3.53134e-08 2.87365e-08 2.91062e-08 6.57752e-08 7.06511e-08 3.59686e-08 4.19964e-08 2.8554e-08 2.65634e-08 2.53747e-08 3.23078e-08 1.86756e-08 1.85499e-08 1.73958e-08
threshold=1.0000000180025095e-35 0.02282011176016641 0.013752920386542777 0.78129850000000012 0.023796518503752521 0.013473916766989358 5157750.0000000009 0.0041666625274553648 2329100.0000000005 0.0105078950921498 0.0062631188534064026 0.012758807649794703 0.021716345100941035 0.033956939633558746 4.6974523608066034 0.019313701462244377 4.7597009579219138
decision_type=2 2 2 2 2 2 2 2 2 2 2 2 2 2 2 2 2
left_child=1 2 14 12 5 6 7 -2 -7 -10 -6 -11 -4 -14 -1 16 -13
right_child=4 -3 3 -5 10 8 -8 -9 9 11 -12 15 13 -15 -16 -17 -18
leaf_value=1.6950113786151632e-06 -8.3116595253938746e-06 2.0876005279433227e-05 -1.6179241434396576e-05 4.7035270236231175e-06 -1.5650485008997995e-05 9.9002596253209656e-06 -1.6027904401028081e-05 1.1906325765461846e-05 -1.0613087167052247e-05 1.0298714106284022e-05 1.1737282079593569e-08 -2.1309050587710021e-06 4.5260163419284669e-06 -1.2133917646224291e-05 1.4659594786508023e-05 8.211554934860032e-06 1.6350949799833584e-06
leaf_weight=20 35 20 21 31 22 36 32 28 31 25 20 214 22 20 20 25 228
leaf_count=20 35 20 21 31 22 36 32 28 31 25 20 214 22 20 20 25 228
internal_value=2.23232e-14 2.64644e-06 -7.43926e-08 -3.58575e-06 -5.85562e-07 -9.70574e-08 -4.95183e-06 6.74112e-07 7.27993e-07 9.66329e-08 -8.19228e-06 7.71432e-07 -7.6646e-06 -3.40729e-06 8.1773e-06 2.61407e-07 -1.88263e-07
internal_weight=850 154 134 94 696 654 95 63 559 523 42 492 63 42 40 467 442
internal_count=850 154 134 94 696 654 95 63 559 523 42 492 63 42 40 467 442
is_linear=0
shrinkage=0.3


Tree=195
num_leaves=26
num_cat=0
split_feature=15 15 22 8 4 0 18 17 9 16 13 0 20 10 18 18 16 0 5 18 15 6 9 4 19
split_gain=1.33708e-08 2.85182e-08 2.36731e-08 5.40086e-08 4.59466e-08 4.56898e-08 3.44501e-08 3.09547e-08 7.6778e-08 7.11462e-08 3.53747e-08 3.4876e-08 3.40398e-08 2.96468e-08 2.61599e-08 2.76143e-08 2.25224e-08 4.41964e-08 4.36777e-08 2.22746e-08 2.03871e-08 3.76772e-08 2.29228e-08 2.11422e-08 1.03544e-08
threshold=-0.015196712724626426 -0.012546676982980646 0.027253500000000003 0.010965994515220526 5993600.0000000009 4.5291982973950882 -0.1406955751500176 0.0021436231034958216 0.016882284329721279 0.0040241412013705844 0.016335606537799533 5.0295375064818897 0.320494 1.7124536637482846 -0.047962182624003376 0.38285731038322918 0.0019047670857783956 4.6432230092274649 0.00606077262510303 0.32074917362444394 -0.019226095344094845 0.0039918442463511448 0.028025625188841819 10260950.000000002 -0.024730999999999996
decision_type=2 2 2 2 2 2 2 2 2 2 2 2 2 2 2 2 2 2 2 2 2 2 2 2 2
left_child=20 -2 3 5 -5 -3 -7 8 9 -4 -9 16 -11 19 24 -16 18 -18 -12 -13 22 -22 -1 -24 -10
right_child=1 2 7 4 -6 6 -8 10 14 12 11 13 -14 -15 15 -17 17 -19 -20 -21 21 -23 23 -25 -26
leaf_value=6.3766114479335554e-06 9.56846887646634e-06 -1.0835554751663169e-05 2.65318102395083e-05 -1.9147552498972281e-05 -2.1099951652558957e-06 1.2988538045302166e-05 -7.4121761898775154e-07 -9.6528917108638348e-06 -2.3468636557125765e-06 1.2948313707915482e-05 7.9522802280962419e-07 9.3565216154729572e-06 -2.7572700634229237e-06 -5.2268764657919355e-06 1.1173100132178991e-05 -4.2292264470233925e-06 4.7243051941383296e-06 -4.6460307472799968e-06 -1.8187414077601716e-05 -6.9226990591333659e-07 -1.6840713436233106e-05 2.8042544368662883e-08 1.5531287931480617e-06 -1.0392981104700992e-05 -1.1680262989557377e-05
leaf_weight=32 30 21 21 28 29 29 38 34 23 27 24 75 23 23 22 20 85 97 20 27 22 26 30 24 20
leaf_count=32 30 21 21 28 29 29 38 34 23 27 24 75 23 23 22 20 85 97 20 27 22 26 30 24 20
internal_value=5.33158e-14 5.14738e-07 1.18803e-07 -3.28529e-06 -1.04793e-05 1.37449e-06 5.20151e-06 1.03117e-06 4.59613e-06 1.18782e-05 -4.13326e-07 4.81675e-07 5.72375e-06 4.50264e-06 -1.48658e-06 3.83866e-06 -1.74231e-06 -2.69775e-07 -7.83325e-06 6.69655e-06 -2.75039e-06 -7.70347e-06 1.41149e-08 -3.75625e-06 -6.68798e-06
internal_weight=850 716 686 145 57 88 67 541 156 71 385 351 50 125 85 42 226 182 44 102 134 48 86 54 43
internal_count=850 716 686 145 57 88 67 541 156 71 385 351 50 125 85 42 226 182 44 102 134 48 86 54 43
is_linear=0
shrinkage=0.3


Tree=196
num_leaves=23
num_cat=0
split_feature=20 6 20 5 15 14 0 13 2 11 13 13 9 4 13 6 16 12 14 16 14 1
split_gain=1.69534e-08 6.65874e-08 8.52294e-08 3.60612e-08 2.7482e-08 1.54712e-08 4.76524e-08 4.42785e-08 9.11339e-08 9.50304e-08 2.64993e-08 4.01656e-08 3.39272e-08 2.43587e-08 2.0944e-08 4.54117e-08 2.65467e-08 1.90836e-08 1.61933e-08 5.68975e-08 3.81828e-08 1.26995e-08
threshold=0.023611000000000004 -0.0059940597425534904 0.014028500000000001 -0.0060911707923998601 0.0055607038079523163 0.010660919677544184 4.6757491967021814 0.019101758292946438 4.6534684869959806 46.473431083937292 0.021576013919270078 0.022807221870930764 0.015515891073366152 4933700.0000000009 0.02574804816653067 -0.0021367392770927991 0.0019047670857783956 -0.0040245143172893631 0.018040252487904002 0.0038205227406386938 0.022199799911430531 4.7723863466421568
decision_type=2 2 2 2 2 2 2 2 2 2 2 2 2 2 2 2 2 2 2 2 2 2
left_child=1 2 -1 -3 -5 6 -2 8 9 -7 12 13 -9 -12 15 -13 -17 -14 19 -16 -20 -10
right_child=5 3 -4 4 -6 7 -8 10 21 -11 11 14 17 -15 18 16 -18 -19 20 -21 -22 -23
leaf_value=2.0281713659642263e-07 -1.3505145307135534e-05 -6.6363073470241819e-06 -2.7161408221445528e-05 1.2743499232621095e-05 -6.7072526993191175e-07 4.400864224862744e-06 2.8902369404722074e-06 -1.5596376411914595e-05 -8.1966728589577539e-06 3.1308881245552455e-05 1.7237763261590542e-05 -1.2793065176243972e-05 5.9233208435216512e-06 2.6087168521371493e-06 1.4772741484382e-05 -8.6665170118749299e-06 4.2657727453843103e-06 -6.4028635357807116e-06 -8.0726560808940583e-06 -5.2077728271441355e-06 1.5886713157747812e-06 1.8585610379117356e-06
leaf_weight=21 27 31 20 28 27 27 39 21 20 21 20 34 20 21 29 20 50 26 43 23 256 26
leaf_count=21 27 31 20 28 27 27 39 21 20 21 20 34 20 21 29 20 50 26 43 23 256 26
internal_value=-1.74518e-14 -3.19674e-06 -1.31456e-05 1.54631e-06 6.15833e-06 5.6153e-07 -3.81696e-06 1.00138e-06 7.02871e-06 1.61731e-05 -4.96122e-09 7.51489e-07 -5.60495e-06 9.74484e-06 -5.89001e-08 -3.79813e-06 5.70833e-07 -1.04365e-06 1.04902e-06 5.93521e-06 1.9925e-07 -2.51328e-06
internal_weight=850 127 41 86 55 723 66 657 94 48 563 496 67 41 455 104 70 46 351 52 299 46
internal_count=850 127 41 86 55 723 66 657 94 48 563 496 67 41 455 104 70 46 351 52 299 46
is_linear=0
shrinkage=0.3


Tree=197
num_leaves=21
num_cat=0
split_feature=18 13 18 21 26 13 11 13 13 4 17 8 2 2 3 27 17 20 27 10
split_gain=1.56884e-08 4.38373e-08 2.09083e-08 2.32811e-08 4.29731e-08 4.34024e-08 2.68275e-08 2.48123e-08 1.8947e-08 8.90858e-08 3.68587e-08 1.82805e-08 2.20478e-08 1.95723e-08 1.7919e-08 1.72998e-08 1.6262e-08 1.5775e-08 1.56249e-08 1.49041e-08
threshold=0.41644742937423912 0.016723296298573432 0.47264985310741375 0.029407000000000006 0.56154800000000016 0.02378216336961583 46.802637477811523 0.030290333156735651 0.017209872716906421 5157750.0000000009 0.0041666625274553648 0.13742386328954082 5.7923682367624645 5.5658523068913404 5.4189257621765146 0.60970600000000008 0.0020283957021205146 0.15815250000000003 0.50277300000000014 -0.18428756935264987
decision_type=2 2 2 2 2 2 2 2 2 2 2 2 2 2 2 2 2 2 2 2
left_child=8 -2 -3 -4 6 -6 -5 -7 9 10 19 12 13 14 15 18 -17 -15 -10 -1
right_child=1 2 3 4 5 7 -8 -9 11 -11 -12 -13 -14 17 -16 16 -18 -19 -20 -21
leaf_value=-9.5861842445239219e-06 1.3810094253148445e-05 9.7369972172600684e-06 7.6199681398765483e-06 1.0398560556900015e-05 -1.9370551858628459e-05 4.2655390999520342e-06 -1.9032499778859346e-06 -1.018253882193676e-05 1.1855956029194204e-06 -1.9602868138253352e-05 1.1477486646072065e-05 -8.1398333577453731e-06 8.8441955920888377e-06 -8.7730233308716175e-07 9.0182782709494594e-06 4.5897578211487101e-06 -2.5326283909029494e-07 -1.2397525506457895e-05 -9.7140890641734088e-06 9.8645703445754411e-07
leaf_weight=21 26 20 26 27 20 23 39 20 20 26 21 24 26 23 21 78 312 20 29 28
leaf_count=21 26 20 26 27 20 23 39 20 20 26 21 24 26 23 21 78 312 20 29 28
internal_value=1.42493e-14 2.31593e-06 6.08223e-07 -5.69683e-07 -2.22031e-06 -7.82467e-06 3.12931e-06 -2.4545e-06 -7.1726e-07 -4.60767e-06 9.61974e-07 -4.18899e-08 3.25503e-07 -1.14827e-07 4.57327e-07 4.78051e-08 7.15341e-07 -6.23555e-06 -5.26524e-06 -3.54467e-06
internal_weight=850 201 175 155 129 63 66 43 649 96 70 553 529 503 460 439 390 43 49 49
internal_count=850 201 175 155 129 63 66 43 649 96 70 553 529 503 460 439 390 43 49 49
is_linear=0
shrinkage=0.3


Tree=198
num_leaves=17
num_cat=0
split_feature=7 3 3 1 12 1 3 12 13 13 4 15 5 4 14 13
split_gain=1.44018e-08 1.66606e-08 5.86917e-08 4.22714e-08 3.70485e-08 2.90995e-08 4.15959e-08 4.76268e-08 2.67477e-08 2.55065e-08 1.86775e-08 1.95022e-08 3.04938e-08 2.11269e-08 1.62203e-08 1.33204e-08
threshold=0.031926564077513452 4.9751684665679941 4.9026951789855966 4.9317176774661524 0.0068272445309431927 4.863629703714782 4.754087209701539 0.0016689845931329851 0.021649129651599795 0.023579529807795263 5378400.0000000009 -0.017023943110178155 -0.0037140119586412126 11610050.000000002 0.021614641672518534 0.022171490424208361
decision_type=2 2 2 2 2 2 2 2 2 2 2 2 2 2 2 2
left_child=1 2 3 4 5 6 7 -1 -3 -10 14 -12 -13 -14 -11 -8
right_child=-2 8 -4 -5 -6 -7 15 -9 9 10 11 12 13 -15 -16 -17
leaf_value=-5.0738674530743219e-07 6.0495928442391881e-06 -9.6267092274231525e-06 1.279975751616542e-05 -1.3256149376112652e-05 -1.051367021209269e-05 1.08755538567843e-05 -3.1501113064471358e-06 7.0447272037199579e-06 6.6530733366722838e-06 -2.4433338069229648e-06 -8.0027321278716306e-06 8.0660666071707968e-06 8.0477756604387964e-07 -8.5242566984238834e-06 -1.4011301761911454e-05 -1.3713260133434752e-05
leaf_weight=278 34 37 34 21 26 26 22 103 34 24 28 37 74 31 20 21
leaf_count=278 34 37 34 21 26 26 22 103 34 24 28 37 74 31 20 21
internal_value=-2.59883e-14 -2.52066e-07 7.41043e-07 -8.38988e-08 4.9723e-07 1.13342e-06 5.3602e-07 1.53426e-06 -2.10239e-06 -9.79806e-07 -2.19251e-06 -7.6665e-07 6.60183e-07 -1.94951e-06 -7.7015e-06 -8.30886e-06
internal_weight=850 816 531 497 476 450 424 381 285 248 214 170 142 105 44 43
internal_count=850 816 531 497 476 450 424 381 285 248 214 170 142 105 44 43
is_linear=0
shrinkage=0.3


Tree=199
num_leaves=18
num_cat=0
split_feature=13 20 20 13 13 13 13 9 11 6 8 19 11 11 8 2 1
split_gain=1.36171e-08 1.67137e-08 2.51432e-08 2.37317e-08 8.35309e-08 2.05441e-08 4.16544e-08 5.50644e-08 2.01994e-08 1.79479e-08 2.11613e-08 1.78234e-08 2.48778e-08 1.42025e-08 2.70852e-08 3.30307e-08 2.21585e-08
threshold=0.04376480810726615 0.45977700000000005 0.39640850000000005 0.014732028377075214 0.016335606537799533 0.014506088307080242 0.017209872716906421 0.013388883389253268 37.253153967220577 0.0041451171382727485 -0.089316399093653506 0.17325150000000003 39.999995925055913 68.852574366613553 0.05913086619583794 5.2285200372629284 4.6327768126041216
decision_type=2 2 2 2 2 2 2 2 2 2 2 2 2 2 2 2 2
left_child=1 2 5 -3 -5 -1 7 -7 9 10 -8 12 -10 14 15 16 -6
right_child=-2 3 -4 4 13 6 8 -9 11 -11 -12 -13 -14 -15 -16 -17 -18
leaf_value=8.6357962794636473e-06 6.6293608587860336e-06 -8.047173865374393e-06 -1.1632038731477222e-05 1.8925309509484125e-05 -3.5416170563389349e-06 -1.3770040969839392e-06 2.0973087255417619e-06 -2.156744968772273e-05 1.0954530460532457e-05 -1.2370547183309099e-05 -9.9051869145228008e-06 -7.8098171603154958e-06 5.3344057004479613e-07 -5.0832416429164532e-06 9.9487385432439615e-06 -1.0144461249517179e-05 4.3312904841072582e-06
leaf_weight=20 27 21 20 25 47 31 39 20 22 20 20 21 328 33 30 24 102
leaf_count=20 27 21 20 25 47 31 39 20 22 20 20 21 328 33 30 24 102
internal_value=-2.95845e-14 -2.17488e-07 -1.19356e-06 1.65506e-06 2.4357e-06 -7.92856e-07 -1.16925e-06 -9.29483e-06 -2.4835e-07 -4.60405e-06 -1.97133e-06 6.79143e-07 1.18848e-06 6.88914e-07 1.62724e-06 1.84211e-07 1.84789e-06
internal_weight=850 823 541 282 261 521 501 51 450 79 59 371 350 236 203 173 149
internal_count=850 823 541 282 261 521 501 51 450 79 59 371 350 236 203 173 149
is_linear=0
shrinkage=0.3


Tree=200
num_leaves=23
num_cat=0
split_feature=22 11 17 18 11 13 15 5 6 11 11 11 6 9 15 28 7 17 12 3 12 9
split_gain=1.20343e-08 3.57882e-08 1.35186e-08 1.65822e-08 4.35994e-08 1.93174e-08 1.25973e-08 2.66121e-08 3.07043e-08 3.01775e-08 2.40849e-08 2.70519e-08 3.04264e-08 2.94398e-08 2.39745e-08 2.08365e-08 2.11428e-08 1.93801e-08 2.18842e-08 2.00627e-08 1.14323e-08 1.01922e-08
threshold=0.96026750000000016 48.251544188837094 0.026120812086461314 0.62309949378852847 61.323625143113119 0.026145417847550371 -0.013750837790210345 -0.0019231337727346205 0.0020429686233852653 53.558545738684721 33.696254631962418 42.385645642254339 -0.01242257888914104 0.027117125906220143 -0.0039725560653178634 1.0000000180025095e-35 0.0019305057666435916 0.0021298750857269184 -0.0049294168572378309 4.6370439529418954 0.00028723032183283016 0.031047577349650694
decision_type=2 2 2 2 2 2 2 2 2 2 2 2 2 2 2 2 2 2 2 2 2 2
left_child=2 -2 3 6 5 20 17 8 9 14 -9 13 -13 -12 -8 16 -10 -1 -19 -20 -5 -7
right_child=1 -3 -4 4 -6 21 7 10 15 -11 11 12 -14 -15 -16 -17 -18 18 19 -21 -22 -23
leaf_value=-9.7131028159592766e-06 4.2335249349889637e-06 -1.3300806467565383e-05 -7.2547113518339755e-06 7.7108164759920322e-07 1.5477757618243475e-05 1.0544711854834078e-05 8.4486817216272281e-06 6.6947965412028304e-06 -8.948894679150499e-06 1.5759306774675174e-05 -1.6829802685549567e-05 6.200625859812991e-06 -1.8622112767213199e-06 -2.8453793804926264e-06 -3.4523295606163626e-06 6.2053965519583346e-06 2.4502255731325325e-06 -9.1871220604389237e-06 9.7271833547145953e-06 -1.8824846495750239e-06 -8.4199611105110036e-06 9.6713947357329748e-07
leaf_weight=29 20 22 21 29 23 20 39 34 32 27 20 51 242 42 25 28 27 20 21 37 21 20
leaf_count=29 20 22 21 29 23 20 39 34 32 27 20 51 242 42 25 28 27 20 21 37 21 20
internal_value=3.48816e-14 -4.95112e-06 2.5736e-07 4.5781e-07 3.82095e-06 8.41991e-07 -1.06041e-07 4.57376e-07 3.4957e-06 7.34826e-06 -9.3291e-07 -1.66345e-06 -4.58782e-07 -7.35648e-06 3.79985e-06 -5.33994e-07 -3.73235e-06 -3.09162e-06 -6.29789e-07 2.32102e-06 -3.08916e-06 5.75593e-06
internal_weight=850 42 808 787 113 90 674 567 178 91 389 355 293 62 64 87 59 107 78 58 50 40
internal_count=850 42 808 787 113 90 674 567 178 91 389 355 293 62 64 87 59 107 78 58 50 40
is_linear=0
shrinkage=0.3


Tree=201
num_leaves=23
num_cat=0
split_feature=16 13 22 13 1 1 16 18 18 22 18 6 22 15 15 15 7 7 11 0 26 27
split_gain=1.0639e-08 2.74122e-08 3.49502e-08 2.70398e-08 2.61499e-08 2.93595e-08 2.59419e-08 2.523e-08 4.55404e-08 2.43446e-08 2.15124e-08 2.0104e-08 2.0056e-08 1.71527e-08 3.61854e-08 2.65756e-08 2.67305e-08 1.83127e-08 2.14951e-08 4.12375e-08 3.6449e-08 1.52132e-08
threshold=0.0021030682413335409 0.038688343428296905 0.96026750000000016 0.03452745433319019 4.5717998283050676 4.5443429907489028 0.0036900835747879059 0.86868755679732923 0.62309949378852847 0.012894500000000001 0.11315601241399345 -0.0021505772891525737 0.50816250000000018 -0.014631121133009087 -0.0095521893794491518 -0.016910183816080972 -0.0021165001558440832 -0.012520613721818416 60.000012953840987 5.0084689619824738 0.39457400000000004 0.86513450000000003
decision_type=2 2 2 2 2 2 2 2 2 2 2 2 2 2 2 2 2 2 2 2 2 2
left_child=7 2 3 4 5 11 -6 8 13 -8 -11 -2 -3 15 -15 16 -1 -16 20 -20 -19 -5
right_child=1 12 -4 21 6 -7 9 -9 -10 10 -12 -13 -14 14 17 -17 -18 18 19 -21 -22 -23
leaf_value=8.6611102608952447e-06 6.9400678825104475e-06 2.6001817075113013e-07 -1.285282847358916e-05 -1.3567323615213602e-05 -1.1393301266642603e-05 1.4593374354733767e-05 8.8963760153210771e-06 -8.3770833663782636e-06 1.4966381062001108e-05 -3.3739037449791057e-06 1.5587827803442386e-06 -5.7701790540574744e-06 1.3083205882529519e-05 1.1650407155611669e-05 -6.5642779023715566e-06 -1.1770146488743195e-05 -4.3626320163909706e-06 1.5170999970253076e-05 -1.3149992886383187e-05 5.6720070254166119e-06 1.0225816714936579e-06 -2.278612806451617e-06
leaf_weight=23 24 23 23 22 21 21 23 22 23 181 142 21 21 33 26 21 37 23 20 22 57 21
leaf_count=23 24 23 23 22 21 21 23 22 23 181 142 21 21 33 26 21 37 23 20 22 57 21
internal_value=-5.99426e-15 -7.98053e-07 -1.431e-06 -8.79108e-07 -1.66567e-07 5.33104e-06 -1.15524e-06 1.41154e-06 2.16715e-06 -5.33852e-07 -1.20535e-06 1.00862e-06 6.38018e-06 1.04356e-06 2.66738e-06 -2.585e-06 6.29803e-07 6.64414e-07 2.20495e-06 -3.29085e-06 5.09025e-06 -8.05423e-06
internal_weight=850 543 499 476 433 66 367 307 285 346 323 45 44 262 181 81 60 148 122 42 80 43
internal_count=850 543 499 476 433 66 367 307 285 346 323 45 44 262 181 81 60 148 122 42 80 43
is_linear=0
shrinkage=0.3


Tree=202
num_leaves=22
num_cat=0
split_feature=11 13 11 21 7 27 27 3 7 8 10 14 14 18 14 4 21 17 10 27 6
split_gain=1.04406e-08 5.30586e-08 4.08262e-08 2.3472e-08 4.08524e-08 2.60273e-08 2.47777e-08 2.88334e-08 2.15055e-08 1.86613e-08 1.8226e-08 1.67768e-08 1.96674e-08 2.62087e-08 4.55762e-08 1.91482e-08 1.77826e-08 1.4206e-08 1.40203e-08 1.22638e-08 1.18212e-08
threshold=55.680786156838955 0.01750943794238187 54.846535359085273 0.029362000000000003 0.0076702910981556053 0.91777650000000011 0.74306100000000008 4.8605265617370614 0.0060305003033968791 0.014644596617262329 1.0056006180550225 0.010214505503169954 0.010893235764189234 -0.5396960121134724 0.018292665197904841 2856300.0000000005 0.81369250000000004 0.0081967133022516261 1.3178974609717511 0.85937200000000014 -0.0061100348815364925
decision_type=2 2 2 2 2 2 2 2 2 2 2 2 2 2 2 2 2 2 2 2 2
left_child=2 -2 9 4 -3 6 18 -8 10 11 -9 -1 -13 14 -14 -15 -17 -7 -5 -10 -16
right_child=1 3 -4 5 -6 17 7 8 19 -11 -12 12 13 15 20 16 -18 -19 -20 -21 -22
leaf_value=5.5002837420082918e-06 1.4958422735844578e-05 1.4936628292616659e-05 -1.1533156006180435e-05 4.6698036945039905e-07 -3.4218141809105873e-06 -9.8314841100794195e-06 -3.8995825653136547e-06 5.0552653566171548e-06 6.7452651040054795e-06 6.4378728874695911e-06 1.7862842046270089e-05 -9.8931014773287728e-06 1.6342592588054165e-05 -8.263853976112993e-06 4.8531636966231418e-06 -1.0930260155912403e-07 -6.6571707975526808e-06 -5.0849903558969341e-07 -9.3851021959450835e-06 -3.6348424430343584e-06 -4.9320981870550894e-06
leaf_weight=37 24 24 30 26 20 38 34 20 21 36 20 22 21 36 20 283 43 24 26 20 25
leaf_count=37 24 24 30 26 20 38 34 20 21 36 20 22 21 36 20 283 43 24 26 20 25
internal_value=1.09942e-14 1.43469e-06 -7.70531e-07 2.45792e-07 6.59188e-06 -9.73544e-07 9.75203e-07 3.43244e-06 6.51007e-06 -1.53172e-07 1.14591e-05 -6.40395e-07 -1.14529e-06 -6.95641e-07 4.80235e-06 -1.69804e-06 -9.72978e-07 -6.22259e-06 -4.45906e-06 1.6818e-06 -5.83093e-07
internal_weight=850 297 553 273 44 229 167 115 81 523 40 487 450 428 66 362 326 62 52 41 45
internal_count=850 297 553 273 44 229 167 115 81 523 40 487 450 428 66 362 326 62 52 41 45
is_linear=0
shrinkage=0.3


Tree=203
num_leaves=20
num_cat=0
split_feature=15 15 3 3 9 4 13 1 3 27 11 10 2 16 10 4 4 5 20
split_gain=1.10157e-08 2.57927e-08 2.12533e-08 5.16478e-08 2.28137e-08 2.46772e-08 1.89242e-08 1.83862e-08 4.38075e-08 1.65951e-08 1.12865e-08 1.43112e-08 1.76222e-08 1.24151e-08 9.8849e-09 3.78834e-08 2.0986e-08 9.81299e-09 8.94009e-09
threshold=0.0083044943002777271 0.0063626735786582716 4.7760221958160409 4.6299395561218271 0.019798513215210232 12950700.000000002 0.026740309758291218 5.905661997888938 5.6588282585144052 0.92769900000000016 73.216847805214641 0.79091262546566554 4.7153453329443638 0.0038205227406386938 0.17554318115712672 3183000.0000000005 2256600.0000000005 0.016293745508924911 0.16978400000000002
decision_type=2 2 2 2 2 2 2 2 2 2 2 2 2 2 2 2 2 2 2
left_child=1 7 3 9 -4 6 -6 8 10 17 11 14 -13 -14 16 -16 -1 -2 -8
right_child=2 -3 4 -5 5 -7 18 -9 -10 -11 -12 12 13 -15 15 -17 -18 -19 -20
leaf_value=-8.4345130921469212e-06 8.2569136475285627e-06 -9.2371987898332017e-06 -8.9635032104524725e-06 1.3577849114417754e-05 9.4136546003653624e-06 -6.9939078694005735e-06 -4.447612681443305e-06 6.4490158229091319e-06 -1.3177468855474216e-05 -6.2949207826932252e-06 6.5785531991092606e-06 -8.5920755282131715e-06 -5.3611678239299772e-06 3.9721363432833857e-06 1.3373067997690668e-05 -3.2083700921248235e-07 3.0617484960556864e-07 -1.1407934641738393e-06 4.2061615853786605e-06
leaf_weight=27 20 30 25 39 32 25 22 35 24 25 22 39 23 29 24 75 293 20 21
leaf_count=27 20 30 25 39 32 25 22 35 24 25 22 39 23 29 24 75 293 20 21
internal_value=-3.04246e-14 -6.55828e-07 1.77847e-06 4.94698e-06 -8.57731e-07 1.16871e-06 3.88958e-06 -2.20225e-07 -6.40052e-07 -2.31548e-07 -7.44538e-08 -3.61446e-07 -3.77149e-06 -1.56056e-07 3.7916e-07 2.9989e-06 -4.31321e-07 3.55806e-06 -2.21351e-07
internal_weight=850 621 229 104 125 100 75 591 556 65 532 510 91 52 419 99 320 40 43
internal_count=850 621 229 104 125 100 75 591 556 65 532 510 91 52 419 99 320 40 43
is_linear=0
shrinkage=0.3


Tree=204
num_leaves=23
num_cat=0
split_feature=10 18 13 10 7 22 15 13 15 5 9 11 2 26 9 9 9 9 4 6 18 4
split_gain=9.31075e-09 2.29894e-08 9.37995e-09 3.51776e-08 2.99512e-08 4.88586e-08 1.60227e-08 1.06987e-08 2.81007e-08 2.42785e-08 1.80196e-08 1.39306e-08 1.76701e-08 1.72265e-08 1.65684e-08 1.26873e-08 1.80387e-08 3.01124e-08 1.83531e-08 2.6104e-08 2.00532e-08 1.24125e-08
threshold=1.9429589625903658 0.17808299896074672 0.018442398876153423 0.80777398857199734 -1.0000000180025095e-35 0.049725000000000005 -0.0021692573025563129 0.024199100870593435 -0.0099603316515992999 -0.01673101333137763 0.017706780712526436 43.135621831344075 4.7725043538716578 0.69967100000000004 0.025903668710300427 0.019798513215210232 0.028759444494702975 0.027249166318339024 8885250.0000000019 -0.010852860263247775 0.57578535365443506 6892300.0000000009
decision_type=2 2 2 2 2 2 2 2 2 2 2 2 2 2 2 2 2 2 2 2 2 2
left_child=2 -2 3 4 5 -1 -6 8 9 -4 -9 -10 13 -13 -14 -12 17 21 19 -18 -20 -17
right_child=1 -3 7 -5 6 -7 -8 10 11 -11 15 12 14 -15 -16 16 18 -19 20 -21 -22 -23
leaf_value=-6.2193712392399895e-06 -1.7243803574729099e-06 1.0732692603454552e-05 2.6176226140250948e-06 -1.1405494201939761e-05 1.4491255742739114e-06 1.2799335157128114e-05 -8.8032173942016972e-06 -7.1751046974935997e-06 -9.8670437906508486e-07 -1.2164330919404164e-05 5.9479911180915226e-06 1.7061214490468045e-05 -1.984410724276131e-06 5.1398499440580279e-06 8.2112200417965985e-06 -4.1412070303294964e-06 -3.1050330289872363e-06 -1.287204343771009e-05 3.9836473101436585e-08 4.5781108439927699e-06 -9.3193889524302765e-06 3.1068990296802979e-06
leaf_weight=20 30 24 20 31 23 31 34 34 34 20 30 20 32 24 26 50 55 25 78 144 28 37
leaf_count=20 30 24 20 31 23 31 34 34 34 20 30 20 32 24 26 50 55 25 78 144 28 37
internal_value=5.19114e-15 3.8121e-06 -2.5861e-07 -2.49754e-06 5.93746e-08 5.34102e-06 -4.66631e-06 2.15076e-07 2.21642e-06 -4.77335e-06 -5.17223e-07 4.27223e-06 6.02521e-06 1.05587e-05 2.58604e-06 -1.08075e-08 -4.39498e-07 -3.69559e-06 7.56182e-07 2.45463e-06 -2.43241e-06 -1.05868e-06
internal_weight=850 54 796 139 108 51 57 657 176 40 481 136 102 44 58 447 417 112 305 199 106 87
internal_count=850 54 796 139 108 51 57 657 176 40 481 136 102 44 58 447 417 112 305 199 106 87
is_linear=0
shrinkage=0.3


Tree=205
num_leaves=22
num_cat=0
split_feature=0 3 0 10 22 22 12 10 0 27 12 16 10 10 18 4 6 16 7 21 4
split_gain=8.26234e-09 3.59573e-08 2.15262e-08 2.81499e-08 2.27687e-08 3.78142e-08 1.90668e-08 2.83488e-08 2.69298e-08 2.64611e-08 1.77784e-08 2.7126e-08 1.73943e-08 1.77121e-08 1.63355e-08 1.89682e-08 1.3632e-08 1.95884e-08 1.82292e-08 1.35014e-08 7.68524e-09
threshold=4.5863063789417184 4.6121287345886239 4.6233601855380408 0.11900753085808048 0.96337200000000012 0.95745150000000012 0.0016689845931329851 -0.16679884331424449 4.4427095361798843 0.75496700000000005 -0.0055138027113936358 0.0043057458712023331 1.3178974609717511 1.0880943865014254 -0.23035159709995254 9742350.0000000019 0.010869770606879502 0.004597739222829242 0.0020429686233852653 0.092054500000000025 12950700.000000002
decision_type=2 2 2 2 2 2 2 2 2 2 2 2 2 2 2 2 2 2 2 2 2
left_child=1 6 3 -2 5 12 7 9 -8 -1 -11 -12 13 16 -14 19 18 -18 -4 -16 -17
right_child=2 -3 4 -5 -6 -7 8 -9 -10 10 11 -13 14 -15 15 20 17 -19 -20 -21 -22
leaf_value=-8.7666677720098161e-06 -1.4851509922664261e-07 1.2830018245633414e-05 -2.3228135203337191e-06 -1.5248654518700276e-05 9.8957660497944747e-06 -1.2598591682820949e-05 -1.4567033891970432e-06 -1.2036132128352099e-05 1.0584402376956347e-05 -2.4437482501582506e-06 -6.8178111405359238e-07 1.4566445958865057e-05 2.6271139300687911e-06 8.1565150531818716e-06 -4.0347292042497427e-06 3.8073007931416211e-06 3.069255291165973e-07 1.0413326077696183e-05 2.2015810999446424e-06 -1.3996413035329169e-05 -4.1553136824745707e-06
leaf_weight=23 25 23 184 20 20 22 35 21 32 32 21 21 34 29 24 20 45 28 142 25 24
leaf_count=23 25 23 184 20 20 22 35 21 32 32 21 21 34 29 24 20 45 28 142 25 24
internal_value=-2.84787e-14 1.64323e-06 -5.32387e-07 -6.85969e-06 -5.5455e-08 -4.00385e-07 2.52444e-07 -2.04249e-06 4.29427e-06 1.21079e-07 2.88349e-06 6.94233e-06 8.31479e-08 9.98015e-07 -3.00003e-06 -5.05726e-06 4.77723e-07 4.18335e-06 -3.52065e-07 -9.11722e-06 -5.35943e-07
internal_weight=850 208 642 45 597 577 185 118 67 97 74 42 555 428 127 93 399 73 326 49 44
internal_count=850 208 642 45 597 577 185 118 67 97 74 42 555 428 127 93 399 73 326 49 44
is_linear=0
shrinkage=0.3


Tree=206
num_leaves=30
num_cat=0
split_feature=16 14 21 27 17 13 1 1 12 10 17 21 12 27 5 12 21 5 12 3 8 2 7 6 21 19 19 0 0
split_gain=9.1088e-09 2.63312e-08 4.01986e-08 3.64631e-08 2.20386e-08 1.87794e-08 5.71854e-08 2.12608e-08 2.01688e-08 2.02659e-08 2.21525e-08 1.97531e-08 1.96684e-08 1.55278e-08 1.4339e-08 1.36739e-08 1.92489e-08 2.60851e-08 1.76055e-08 1.53742e-08 1.57392e-08 3.25872e-08 2.51299e-08 1.52714e-08 2.14802e-08 1.12411e-08 2.28007e-08 1.22669e-08 1.21708e-08
threshold=0.0021030682413335409 0.015074011093634538 0.039014000000000007 0.90345350000000013 0.0020725885018186571 0.019563487346924726 4.7331196211261641 4.7723863466421568 -0.0040245143172893631 -1.0182638936849815 0.0020408143405366039 0.52391750000000015 -0.0068253481134082786 0.82249050000000012 0.0086022435421892664 -0.002585958871261966 0.48346150000000004 0.018692129159024334 -0.0036481872700096694 4.5029077529907235 0.064807864918270661 4.9695509070503094 0.0087108709612459274 0.0076702910981556053 0.80309050000000004 1.0000000180025095e-35 -0.43224449999999998 4.8741480548278018 5.1602256298622118
decision_type=2 2 2 2 2 2 2 2 2 2 2 2 2 2 2 2 2 2 2 2 2 2 2 2 2 2 2 2 2
left_child=5 2 -2 4 -4 6 -1 -8 12 -10 -11 13 -7 -12 -15 18 17 19 25 -17 21 -21 -22 24 -18 26 27 -3 -27
right_child=1 15 3 -5 -6 8 7 -9 9 10 11 -13 -14 14 -16 16 23 -19 -20 20 22 -23 -24 -25 -26 28 -28 -29 -30
leaf_value=1.7478434203610503e-05 -1.6428317031692463e-05 -7.6189214463998454e-06 -2.6899963612793595e-07 7.5588736326608337e-06 -1.2171814665050208e-05 1.8239894741256535e-07 -7.9545659650648295e-06 5.4195970328098905e-06 -1.0466595695106662e-05 7.0175468613342669e-06 -9.0635651712953882e-06 5.604445325104734e-06 1.1543479214992659e-05 -4.0933721790609589e-06 4.9025429570579226e-06 1.0898229658727765e-05 -6.3060094689149086e-06 -4.6486894695720232e-06 -1.0161056638935405e-05 2.4478616811384828e-06 5.342083318282676e-06 1.5046098866625234e-05 -9.5167219990344147e-06 -8.7427927846874804e-06 5.9248722152460685e-06 -5.6168649312634701e-07 8.8019204895317661e-06 2.762487426064553e-06 -9.8387917716991059e-06
leaf_weight=24 22 21 28 25 28 32 20 23 20 30 34 25 24 52 23 27 24 35 21 94 21 23 20 25 28 35 26 20 20
leaf_count=24 22 21 28 25 28 32 20 23 20 30 34 25 24 52 23 27 24 35 21 94 21 23 20 25 28 35 26 20 20
internal_value=1.80925e-14 -7.38434e-07 -5.05625e-06 -1.96754e-06 -6.22041e-06 1.30609e-06 5.74689e-06 -8.00944e-07 6.63659e-08 -1.45083e-06 -3.51345e-07 -2.0011e-06 5.05143e-06 -3.74549e-06 -1.33462e-06 2.72328e-07 1.43279e-06 2.86162e-06 -2.13787e-06 4.28249e-06 3.15195e-06 4.92444e-06 -1.90611e-06 -2.64958e-06 2.7985e-07 -7.56824e-07 1.85227e-06 -2.55482e-06 -3.93518e-06
internal_weight=850 543 103 81 56 307 67 43 240 184 164 134 56 109 75 440 297 220 143 185 158 117 41 77 52 122 67 41 55
internal_count=850 543 103 81 56 307 67 43 240 184 164 134 56 109 75 440 297 220 143 185 158 117 41 77 52 122 67 41 55
is_linear=0
shrinkage=0.3


Tree=207
num_leaves=25
num_cat=0
split_feature=14 14 11 4 13 11 4 17 12 9 12 3 16 10 11 2 10 4 6 21 0 1 6 12
split_gain=7.10894e-09 1.60069e-08 1.35789e-08 4.83177e-08 1.45535e-08 1.30362e-08 1.40709e-08 5.90393e-08 2.24256e-08 2.44209e-08 2.3782e-08 2.06376e-08 3.54893e-08 1.95639e-08 2.26475e-08 1.92005e-08 1.09732e-08 2.74032e-08 9.94499e-09 2.18349e-08 1.09303e-08 1.58579e-08 1.05101e-08 8.32239e-09
threshold=0.022049798968438346 0.02266096368618618 67.806324855910631 9023950.0000000019 0.020196157975402584 36.665445391899773 7071900.0000000009 0.0060544908496229415 0.0053298524530684633 0.031945820547323464 -2.1665845428773009e-05 4.6994614601135263 0.0033614933608337159 0.083013444174932075 57.15642519638817 4.5807983305763358 0.98255364821143876 6208750.0000000009 0.0065377541854237777 0.11427900000000001 4.2481038218209326 4.5908345942686859 0.022372878459104253 0.00097722519051961936
decision_type=2 2 2 2 2 2 2 2 2 2 2 2 2 2 2 2 2 2 2 2 2 2 2 2
left_child=5 -2 4 -4 -3 -1 8 23 9 10 11 15 -13 -12 -15 -7 18 -18 20 22 -6 -22 -20 -8
right_child=1 2 3 -5 16 6 7 -9 -10 -11 13 12 -14 14 -16 -17 17 -19 19 -21 21 -23 -24 -25
leaf_value=-6.1308282054571246e-06 8.3561734371073723e-06 -7.4514782191670294e-06 1.4369967085223415e-05 -2.5055443261623157e-06 -6.3960397034954685e-06 6.7461956848546832e-06 6.5053310278096392e-06 -1.549561845221293e-05 8.1817052579290544e-06 -1.0426285770108733e-05 -7.8237773917722876e-06 1.7573710036750915e-05 1.8880791288069912e-06 3.4024158737433473e-06 -6.3722491102424778e-06 -5.1762879713631683e-06 -1.1916612711295536e-05 1.3250676779272486e-06 -4.1939443030969413e-06 1.0577033793879308e-05 7.2520026625357203e-06 -5.0554031641666132e-07 5.0327661909932426e-06 -1.8622635218434878e-06
leaf_weight=39 24 24 26 37 22 20 23 26 31 20 39 21 34 64 32 31 22 39 25 28 28 155 20 20
leaf_count=39 24 24 26 37 22 20 23 26 31 20 39 21 34 64 32 31 22 39 25 28 28 155 20 20
internal_value=-1.34772e-14 8.17971e-07 3.93284e-07 4.45895e-06 -3.12328e-07 -9.20217e-07 -3.57298e-07 -4.21027e-06 5.53165e-07 -3.52907e-07 4.83058e-07 3.84624e-06 7.87714e-06 -2.15766e-06 1.44194e-07 -5.00804e-07 1.93098e-07 -3.45062e-06 9.92619e-07 3.9995e-06 -7.81246e-08 6.81406e-07 -9.31841e-08 2.61343e-06
internal_weight=850 450 426 63 363 400 361 69 292 261 241 106 55 135 96 51 339 61 278 73 205 183 45 43
internal_count=850 450 426 63 363 400 361 69 292 261 241 106 55 135 96 51 339 61 278 73 205 183 45 43
is_linear=0
shrinkage=0.3


Tree=208
num_leaves=18
num_cat=0
split_feature=18 13 20 19 2 20 20 12 8 19 22 9 18 1 17 26 17
split_gain=8.26441e-09 2.35622e-08 1.07065e-08 2.24891e-08 1.05342e-08 1.44196e-08 1.26405e-08 9.69288e-09 1.23745e-08 1.70188e-08 9.62931e-09 1.02805e-08 9.05423e-09 1.80691e-08 1.30409e-08 1.26571e-08 1.15314e-08
threshold=0.41644742937423912 0.016723296298573432 0.012709500000000002 -0.94260949999999988 4.6503674910343884 0.6189420000000001 0.17354400000000003 -0.014472774455755684 -0.094631343556467545 0.065680500000000017 0.086330500000000018 0.021538146893387206 0.32074917362444394 4.7917866111239347 0.0041666625274553648 0.9174500000000001 0.0039139056614521123
decision_type=2 2 2 2 2 2 2 2 2 2 2 2 2 2 2 2 2
left_child=2 -2 -1 -4 6 10 -3 -5 9 -9 -6 -12 14 -14 16 -16 -10
right_child=1 4 3 7 5 -7 -8 8 12 -11 11 -13 13 -15 15 -17 -18
leaf_value=5.5669957018835703e-06 1.0107711466170817e-05 -6.3471015816200327e-06 -1.0415285461411778e-05 6.0655569927803298e-06 1.0084326299875102e-05 -3.4271144010023723e-06 1.8475577803656051e-06 -9.9483975191105856e-06 -7.6736155989465256e-07 3.2945399574412571e-07 -2.8510039685768009e-06 5.4596022089975344e-06 1.6738420461998818e-06 -1.0925752387720423e-05 8.8190790393127816e-07 7.732958793995851e-06 -7.617071942149777e-06
leaf_weight=25 26 36 21 20 20 29 32 29 192 29 21 37 21 20 240 27 25
leaf_count=25 26 36 21 20 20 29 32 29 192 29 21 37 21 20 240 27 25
internal_value=-3.05951e-14 1.6809e-06 -5.20587e-07 -7.64481e-07 4.28918e-07 2.28443e-06 -2.49079e-06 -4.28383e-07 -6.5116e-07 -4.80947e-06 4.40796e-06 2.45059e-06 -1.91765e-07 -4.4723e-06 1.70842e-07 1.57471e-06 -1.5565e-06
internal_weight=850 201 649 624 175 107 68 603 583 58 78 58 525 41 484 267 217
internal_count=850 201 649 624 175 107 68 603 583 58 78 58 525 41 484 267 217
is_linear=0
shrinkage=0.3


Tree=209
num_leaves=12
num_cat=0
split_feature=10 5 2 22 22 17 17 17 6 7 8
split_gain=8.3449e-09 1.69416e-08 8.31573e-09 9.53972e-09 1.42802e-08 1.12346e-08 8.68384e-09 1.36749e-08 1.11795e-08 1.09099e-08 1.19564e-08
threshold=1.9429589625903658 0.023079956357347879 4.0965782119965457 0.96026750000000016 0.95135350000000007 0.024709743458708942 0.014856182839051305 0.013474494554791151 -0.0043861480721382297 0.006269758793816387 -0.019083922586610996
decision_type=2 2 2 2 2 2 2 2 2 2 2
left_child=2 -2 -1 4 5 6 7 8 -4 10 -8
right_child=1 -3 3 -5 -6 -7 9 -9 -10 -11 -12
leaf_value=4.2104043897002914e-06 7.8478722436805334e-06 -3.052190518409199e-06 1.365476175595282e-06 -5.2223730695762541e-06 5.6926063125826786e-06 -7.3514949300650706e-06 1.0926281577537469e-05 -8.3811915078513267e-06 -1.3837255469468498e-06 -2.0749451123265316e-06 9.1858482691846302e-07
leaf_weight=36 33 21 207 36 35 21 21 20 373 25 22
leaf_count=36 33 21 207 36 35 21 21 20 373 25 22
internal_value=-1.43446e-15 3.60896e-06 -2.44829e-07 -4.55866e-07 -2.18858e-07 -5.1915e-07 -3.0436e-07 -6.685e-07 -4.02545e-07 2.90863e-06 5.80606e-06
internal_weight=850 54 796 760 724 689 668 600 580 68 43
internal_count=850 54 796 760 724 689 668 600 580 68 43
is_linear=0
shrinkage=0.3


Tree=210
num_leaves=25
num_cat=0
split_feature=12 12 22 12 12 20 8 12 6 22 5 5 6 15 21 9 26 18 21 11 11 11 2 21
split_gain=6.81684e-09 6.8724e-09 1.69174e-08 1.66232e-08 1.54018e-08 3.57994e-08 1.42318e-08 1.28635e-08 1.02081e-08 1.02829e-08 9.68182e-09 2.53888e-08 4.96248e-08 2.68361e-08 2.06917e-08 1.50942e-08 1.9645e-08 1.59456e-08 1.45774e-08 1.89224e-08 1.40466e-08 1.95638e-08 1.8404e-08 1.1008e-08
threshold=0.011372277464437227 0.0043693844343685225 0.032881500000000008 0.0050916995362729521 0.0027541046090647494 0.56582050000000017 0.015434256423820869 0.0033334875662213927 0.0024211813941924071 0.23882600000000001 -1.0000000180025095e-35 0.0018692069111060949 -0.002046961470181559 0.0018744140491609681 0.06407800000000001 0.0099868666119725478 0.1705055 0.090762976637525236 0.16613650000000005 46.473431083937292 54.641861342223159 62.751891087226248 4.6177822051418831 0.030650500000000004
decision_type=2 2 2 2 2 2 2 2 2 2 2 2 2 2 2 2 2 2 2 2 2 2 2 2
left_child=1 4 -3 -4 10 7 -5 -6 -8 -10 15 12 -12 14 -13 -1 17 -17 23 -20 22 -22 -15 -18
right_child=-2 2 3 6 5 -7 8 -9 9 -11 11 13 -14 20 -16 16 18 -19 19 -21 21 -23 -24 -25
leaf_value=-5.1029152068108928e-06 5.3379052425433271e-06 3.7469848418392778e-06 -1.104150050072018e-05 -7.8733424743404609e-06 5.5832467101676494e-06 1.486549449022537e-05 -3.8239081690831382e-06 -4.3166174956847193e-06 -1.5576079217031032e-06 7.7233327395085574e-06 -1.8213460006419071e-05 8.0499814797664071e-07 -3.097509857310031e-07 2.0626541754609207e-07 1.3466115992092194e-05 1.9139558906483051e-06 5.0947497070410461e-06 -9.5081337452608171e-06 2.6556027789330768e-06 1.3657766612595878e-05 6.1688957662754869e-06 -4.0685971096568858e-06 -6.4403508674417564e-06 -4.7951792803146986e-07
leaf_weight=31 21 37 22 27 21 21 33 27 21 22 22 26 38 76 21 22 50 22 34 24 42 28 74 88
leaf_count=31 21 37 22 27 21 21 33 27 21 22 22 26 38 76 21 22 50 22 34 24 42 28 74 88
internal_value=3.05575e-14 -1.35218e-07 -1.8879e-06 -3.55583e-06 2.90471e-07 4.53442e-06 -1.95695e-06 1.45731e-08 1.44929e-07 3.19078e-06 -1.99215e-07 -1.29812e-06 -6.87444e-06 -4.50131e-08 6.46209e-06 1.12677e-06 1.93144e-06 -3.79709e-06 3.21743e-06 7.20822e-06 -1.43517e-06 2.0739e-06 -3.07273e-06 1.54014e-06
internal_weight=850 829 162 125 667 69 103 48 76 43 598 327 60 267 47 271 240 44 196 58 220 70 150 138
internal_count=850 829 162 125 667 69 103 48 76 43 598 327 60 267 47 271 240 44 196 58 220 70 150 138
is_linear=0
shrinkage=0.3


Tree=211
num_leaves=27
num_cat=0
split_feature=9 11 1 13 20 13 11 13 9 6 4 28 16 12 5 20 11 2 0 12 18 14 5 15 11 26
split_gain=4.80282e-09 3.04997e-08 2.87103e-08 1.57518e-08 1.51851e-08 2.01923e-08 2.23997e-08 1.66775e-08 8.45711e-09 2.17142e-08 1.63646e-08 1.0453e-08 1.41132e-08 1.14629e-08 1.50056e-08 1.41106e-08 1.00486e-08 1.56585e-08 2.38252e-08 1.62655e-08 1.7234e-08 1.11957e-08 9.26698e-09 1.8212e-08 7.44356e-09 7.11857e-09
threshold=0.016065450402260737 54.341725266261584 4.7457759446606538 0.018977370490186007 0.029000000000000005 0.01510901992910022 49.187937828628485 0.019563487346924726 0.019447669488857827 0.0078511596036680668 4819000.0000000009 1.0000000180025095e-35 0.014568209465602408 -0.010177219057090502 -0.023869371678576303 0.30883400000000005 36.257814074180878 5.0104138831928813 5.2441205159165287 0.0079997998689419186 -0.46157831202024796 0.027027001525717919 -0.012698731032248918 0.0041840962444884573 45.666209327299754 0.85169150000000016
decision_type=2 2 2 2 2 2 2 2 2 2 2 2 2 2 2 2 2 2 2 2 2 2 2 2 2 2
left_child=1 4 -3 -2 -1 24 7 -7 9 10 -5 16 13 -13 -15 -16 22 19 -19 20 -18 -20 -10 -24 -6 -4
right_child=3 2 25 8 5 6 -8 -9 11 -11 -12 12 -14 14 15 -17 17 18 21 -21 -22 -23 23 -25 -26 -27
leaf_value=-6.6711643900335353e-06 -7.3801315449730155e-06 1.6123243131005439e-05 -1.067067051963022e-06 6.9031550259524005e-06 1.7213825535897987e-07 1.409704651678112e-05 -3.7443951669047232e-06 2.7544117837611077e-06 3.3777909266063943e-06 -1.0733132852613419e-05 -5.2328031392789853e-06 -9.1343391559917102e-06 4.3842737940477406e-06 5.5772368909856596e-06 -5.2993292789693673e-06 7.8675425299934429e-07 9.2939448693179094e-06 -7.7318742565068978e-06 -6.8831536588261371e-07 1.1527329803831653e-05 9.781750064217758e-07 7.0200700043138951e-06 -1.0234945028494858e-05 1.5785788665567679e-06 -7.0929573632838578e-06 6.4961854377543203e-06
leaf_weight=34 28 20 24 20 22 20 24 28 21 23 20 20 33 23 80 60 29 30 43 23 99 28 23 24 30 21
leaf_count=34 28 20 24 20 22 20 24 28 21 23 20 20 33 23 80 60 29 30 43 23 99 28 23 24 30 21
internal_value=2.14467e-14 1.19575e-06 6.66577e-06 -4.25284e-07 -1.05457e-06 4.85462e-07 3.73887e-06 7.48051e-06 -1.00182e-07 -3.38817e-06 8.35176e-07 2.8628e-07 -1.32625e-06 -2.35602e-06 -1.52432e-06 -2.69101e-06 1.37474e-06 2.24802e-06 -6.43483e-07 4.18207e-06 2.86222e-06 2.35161e-06 -1.86153e-06 -4.20251e-06 -4.01926e-06 2.46245e-06
internal_weight=850 223 65 627 158 124 72 48 599 63 40 536 216 183 163 140 320 252 101 151 128 71 68 47 52 45
internal_count=850 223 65 627 158 124 72 48 599 63 40 536 216 183 163 140 320 252 101 151 128 71 68 47 52 45
is_linear=0
shrinkage=0.3


Tree=212
num_leaves=13
num_cat=0
split_feature=14 11 13 10 13 11 22 5 4 12 27 9
split_gain=6.00498e-09 2.34209e-08 1.40699e-08 2.56662e-08 2.20268e-08 1.80916e-08 6.55544e-09 1.96564e-08 7.60784e-09 9.90826e-09 7.45251e-09 8.20923e-09
threshold=0.01020402304583133 50.71530009762369 0.016028856943005845 0.83615293341484653 0.01880040009544488 47.882152081499349 0.95668500000000012 0.0031417223617311251 19378250.000000004 -0.011372500660225748 0.95118650000000016 0.015340169798702145
decision_type=2 2 2 2 2 2 2 2 2 2 2 2
left_child=1 -1 3 5 -4 -2 8 -8 9 -6 11 -11
right_child=2 -3 4 -5 6 -7 7 -9 -10 10 -12 -13
leaf_value=8.9448618282972337e-06 -5.5903070909023101e-06 -4.1354239825027016e-06 7.2626826642207518e-06 -1.3246249995972903e-05 4.8174419775519207e-06 4.4494120311355797e-06 -1.6371218279687127e-06 1.0174953844658116e-05 -6.0452939724850044e-06 -3.6602503722999736e-06 -6.0756457157497476e-06 8.5464114215820428e-08
leaf_weight=28 35 22 38 20 33 30 32 21 21 59 21 490
leaf_count=28 35 22 38 20 33 30 32 21 21 59 21 490
internal_value=-1.68237e-14 3.18954e-06 -1.99346e-07 -3.84828e-06 2.34443e-07 -9.56591e-07 -1.60052e-07 3.04313e-06 -4.32118e-07 -2.36634e-07 -5.29238e-07 -3.17081e-07
internal_weight=850 50 800 85 715 65 677 53 624 603 570 549
internal_count=850 50 800 85 715 65 677 53 624 603 570 549
is_linear=0
shrinkage=0.3


Tree=213
num_leaves=28
num_cat=0
split_feature=18 17 11 7 4 0 14 26 1 12 9 18 13 2 19 4 14 1 3 4 5 21 16 20 14 2 22
split_gain=6.08447e-09 1.43515e-08 2.32987e-08 1.11402e-08 2.04671e-08 1.59927e-08 1.50539e-08 1.3187e-08 1.41869e-08 1.17942e-08 1.04803e-08 1.55456e-08 2.69438e-08 1.90158e-08 1.83141e-08 9.93727e-09 1.91689e-08 1.05891e-08 1.60712e-08 1.35283e-08 1.65726e-08 1.04225e-08 9.41003e-09 9.18424e-09 8.67493e-09 8.33535e-09 8.33083e-09
threshold=0.11315601241399345 0.001586162322713112 55.555526548689322 -0.0040733081500934224 6390550.0000000009 4.7361150211334815 0.01516590195776679 0.75686950000000019 4.9407063956577062 0.0044592104792982841 0.0094068698360139317 -0.094330910863419423 0.0179843030689061 5.7917995323599367 0.16589800000000002 2123800.0000000005 0.014590897674239925 4.5908345942686859 4.4865269660949716 6218800.0000000009 0.0019305057666435916 0.047808500000000011 0.0019305001534072252 0.41432650000000004 0.025670983321430026 4.8402594624376434 0.51469350000000003
decision_type=2 2 2 2 2 2 2 2 2 2 2 2 2 2 2 2 2 2 2 2 2 2 2 2 2 2 2
left_child=10 2 23 4 -3 -6 -5 9 -9 25 -1 13 -13 15 22 16 -12 18 24 20 -19 -21 -14 -2 -17 -8 -24
right_child=1 3 -4 6 5 -7 7 8 -10 -11 11 12 14 -15 -16 17 -18 19 -20 21 -22 -23 26 -25 -26 -27 -28
leaf_value=4.5690091241112894e-06 -3.3560426345502491e-06 8.3857374647777757e-06 1.3520890321387923e-05 -7.2651739410576412e-06 -6.8609458008703094e-06 3.3818084536024425e-06 2.8956637067404736e-06 6.8612224656415209e-06 -1.3974803133957419e-06 -7.3446406986477083e-06 -2.5799299302369554e-06 -1.3807534203026858e-05 -4.1401294936349585e-06 8.6918932473573864e-06 -7.806974532752152e-06 -5.391800050347229e-06 1.0397469380620806e-05 -1.2031229714164257e-06 9.2397694112378292e-06 -2.6583205184774777e-06 -7.8484598918074399e-06 3.8383148025984511e-06 -4.9980792965698123e-07 5.5165043607173304e-06 3.3383460868208206e-06 -3.9385682584750234e-06 8.1591469052000316e-06
leaf_weight=32 21 36 20 31 23 34 36 39 36 30 21 21 20 21 31 21 20 79 20 43 59 46 20 21 20 29 20
leaf_count=32 21 36 20 31 23 34 36 39 36 30 21 21 20 21 31 21 20 79 20 43 59 46 20 21 20 29 20
internal_value=4.4388e-16 9.455e-07 5.09335e-06 7.07839e-08 2.78566e-06 -7.51233e-07 -1.18535e-06 -7.6679e-08 2.89705e-06 -2.42436e-06 -6.81372e-07 -1.04504e-06 -4.12134e-06 -6.06172e-08 -1.88607e-06 -6.19288e-07 3.75051e-06 -1.24138e-06 2.26778e-06 -2.18437e-06 -4.04425e-06 6.99491e-07 1.17307e-06 1.08023e-06 -1.13319e-06 -1.53455e-07 3.82967e-06
internal_weight=850 356 62 294 93 57 201 170 75 95 494 462 112 350 91 329 41 288 61 227 138 89 60 42 41 65 40
internal_count=850 356 62 294 93 57 201 170 75 95 494 462 112 350 91 329 41 288 61 227 138 89 60 42 41 65 40
is_linear=0
shrinkage=0.3


Tree=214
num_leaves=15
num_cat=0
split_feature=2 7 0 3 10 6 12 12 8 22 20 21 4 15
split_gain=6.69777e-09 3.16448e-08 8.46027e-09 9.47937e-09 8.02239e-09 6.2903e-09 1.93157e-08 1.39342e-08 1.4316e-08 8.48436e-09 7.45552e-09 8.39321e-09 1.28385e-08 1.16749e-08
threshold=5.7681702834007513 1.0000000180025095e-35 5.7548460349016288 5.6505684852600107 1.9429589625903658 0.01030938706380523 0.0063945340739721187 -7.2179508572309823e-05 0.022113132619379597 0.11201600000000002 0.012977500000000001 0.039126000000000008 1997050.0000000002 0.0020408629973885464
decision_type=2 2 2 2 2 2 2 2 2 2 2 2 2 2
left_child=2 -2 3 4 5 10 7 9 -9 -7 -1 13 -13 -12
right_child=1 -3 -4 -5 -6 6 -8 8 -10 -11 11 12 -14 -15
leaf_value=5.6502262793856057e-06 -1.2075827086603524e-05 2.3660587088395835e-06 6.3196729342962499e-06 -5.6762832446111139e-06 4.451261474149358e-06 8.4637759618999542e-07 -9.9304936745945525e-06 7.634914081791067e-06 -1.88704962056363e-06 -6.3476889496409209e-06 -4.4594461366744192e-06 -5.2299331451681131e-06 1.3081670375182435e-06 1.6533840417854119e-06
leaf_weight=24 22 36 20 25 39 25 22 30 27 36 70 29 398 47
leaf_count=24 22 36 20 25 39 25 22 30 27 36 70 29 398 47
internal_value=2.71469e-14 -3.1119e-06 2.27892e-07 7.00734e-08 2.62388e-07 3.16448e-08 -1.76951e-06 -2.47968e-07 3.12451e-06 -3.3993e-06 4.75591e-07 2.47298e-07 8.64127e-07 -2.00386e-06
internal_weight=850 58 792 772 747 708 140 118 57 61 568 544 427 117
internal_count=850 58 792 772 747 708 140 118 57 61 568 544 427 117
is_linear=0
shrinkage=0.3


Tree=215
num_leaves=14
num_cat=0
split_feature=10 10 6 14 5 14 14 13 20 7 13 5 11
split_gain=5.66879e-09 1.69537e-08 6.21166e-09 5.65506e-09 1.57915e-08 1.01658e-08 1.09585e-08 9.03405e-09 2.52934e-08 9.89152e-09 1.29037e-08 9.16607e-09 3.9803e-09
threshold=2.005398843256645 1.7577209595005858 0.0082051715727937801 0.01020402304583133 -0.0018421162566066873 0.010593257828671815 0.012096812316346536 0.01750943794238187 0.046250500000000007 0.017525558896413239 0.019101758292946438 0.0040690602174581455 47.882152081499349
decision_type=2 2 2 2 2 2 2 2 2 2 2 2 2
left_child=1 3 -2 4 -1 -5 -7 8 -8 10 -9 -11 -10
right_child=2 -3 -4 5 -6 6 7 9 12 11 -12 -13 -14
leaf_value=-2.5667191157876719e-06 -7.1884976357594606e-06 8.0485390810736138e-06 -4.0717464146162513e-07 -6.9255791868272343e-06 8.3255951517458018e-06 6.2337501589126985e-06 -1.1946299722157245e-05 7.7246014675645043e-06 -2.9207344655530861e-06 -5.1130542954948647e-06 2.9809526652560447e-07 1.0015131253500916e-06 2.2532111115580732e-06
leaf_weight=23 20 24 31 20 25 24 22 22 23 57 491 36 32
leaf_count=23 20 24 31 20 25 24 22 22 23 57 491 36 32
internal_value=-1.7238e-14 1.95735e-07 -3.06652e-06 -4.74485e-08 3.10636e-06 -2.55678e-07 -6.69962e-08 -2.88399e-07 -3.34926e-06 1.00522e-07 6.16581e-07 -2.74612e-06 8.95611e-08
internal_weight=850 799 51 775 48 727 707 683 77 606 513 93 55
internal_count=850 799 51 775 48 727 707 683 77 606 513 93 55
is_linear=0
shrinkage=0.3


Tree=216
num_leaves=19
num_cat=0
split_feature=9 12 13 10 16 3 27 22 19 16 17 4 16 20 15 26 28 5
split_gain=5.28702e-09 2.38391e-08 1.15186e-08 7.43166e-09 1.00714e-08 7.21447e-09 1.4693e-08 1.43517e-08 1.89466e-08 1.07441e-08 9.46009e-09 1.33499e-08 6.85603e-09 8.50488e-09 7.51482e-09 1.02869e-08 9.0286e-09 5.37665e-09
threshold=0.016065450402260737 0.0022762790338464139 0.018977370490186007 -1.7771247010759501 0.011225443397602789 4.6862602233886728 0.81940350000000006 0.88827700000000009 0.48289650000000006 0.0020407656836846271 0.0020283957021205146 4819000.0000000009 0.019133789720216534 0.013148500000000002 -0.018537616489630395 0.92092550000000006 1.0000000180025095e-35 -0.025409028368138117
decision_type=2 2 2 2 2 2 2 2 2 2 2 2 2 2 2 2 2 2
left_child=1 5 -2 4 -4 6 -1 8 -8 -7 -11 -12 13 -5 17 16 -16 -15
right_child=2 -3 3 12 -6 9 7 -9 -10 10 11 -13 -14 14 15 -17 -18 -19
leaf_value=4.3914911020692665e-06 -6.3935426135839989e-06 1.040129241217706e-05 6.4429199772513864e-06 -6.3561008084394894e-06 -2.0887197695174105e-06 6.5655762660577646e-06 -1.4065597442822762e-05 2.2860973705058587e-06 -1.5632170075718932e-06 4.6623522568832132e-06 -6.0307630121769757e-06 3.7918417444871012e-06 4.690762398240622e-06 -1.0745299644238711e-06 5.8535151797616315e-07 5.1150772971908506e-06 -2.3110658783038513e-06 -7.3164257984266748e-06
leaf_weight=25 28 23 33 23 20 31 20 21 24 26 33 20 22 27 267 32 152 23
leaf_count=25 28 23 33 23 20 31 20 21 24 26 33 20 22 27 267 32 152 23
internal_value=8.16351e-15 1.25458e-06 -4.46207e-07 -1.68201e-07 3.22343e-06 2.02709e-07 -1.78926e-06 -4.16648e-06 -7.24612e-06 1.83251e-06 -2.47745e-08 -2.32412e-06 -4.97426e-07 -7.1525e-07 -4.56289e-07 -6.9425e-08 -4.65377e-07 -3.9458e-06
internal_weight=850 223 627 599 53 200 90 65 44 110 79 53 546 524 501 451 419 50
internal_count=850 223 627 599 53 200 90 65 44 110 79 53 546 524 501 451 419 50
is_linear=0
shrinkage=0.3


Tree=217
num_leaves=16
num_cat=0
split_feature=26 26 6 13 14 18 0 22 4 16 16 3 11 12 0
split_gain=4.32752e-09 5.9145e-09 5.76649e-09 5.32534e-09 6.89725e-09 6.90731e-09 2.05515e-08 1.50522e-08 1.09099e-08 1.05922e-08 2.04528e-08 1.5875e-08 1.2199e-08 9.80986e-09 5.01285e-09
threshold=0.022544000000000005 0.074071500000000012 -0.0016260862389742899 0.043133306890765118 0.062746049316869931 0.38891615118657186 4.5486593017725445 0.92915350000000008 4013400.0000000005 0.0020367065565402229 0.0019047670857783956 5.6588282585144052 61.401448465346981 -0.0040245143172893631 4.7923194698496472
decision_type=2 2 2 2 2 2 2 2 2 2 2 2 2 2 2
left_child=-1 2 -2 4 5 9 -7 8 -8 10 13 12 -11 -3 -4
right_child=1 3 14 -5 -6 6 7 -9 -10 11 -12 -13 -14 -15 -16
leaf_value=4.1527452735708302e-06 3.4269642861956175e-07 5.3294899014966587e-06 -1.7501345269010926e-06 4.1219156714603362e-06 -5.1359879554856091e-06 8.7992792399041538e-06 -7.4773409573936075e-06 7.6254381383478171e-06 2.3175675993881762e-07 -1.4888630963229487e-06 1.0595052406188189e-05 -7.6664917560975709e-06 3.3259676782611338e-06 -8.1882467410032685e-07 -8.4669550483340571e-06
leaf_weight=22 31 29 20 29 23 31 20 21 95 280 20 32 57 120 20
leaf_count=22 31 29 20 29 23 31 20 21 95 280 20 32 57 120 20
internal_value=5.36042e-15 -1.10339e-07 -2.72843e-06 1.35215e-07 -2.35958e-08 1.43191e-07 1.82863e-06 2.39737e-07 -1.10896e-06 -3.79985e-07 1.58697e-06 -1.28084e-06 -6.74485e-07 3.77827e-07 -5.10854e-06
internal_weight=850 828 71 757 728 705 167 136 115 538 169 369 337 149 40
internal_count=850 828 71 757 728 705 167 136 115 538 169 369 337 149 40
is_linear=0
shrinkage=0.3


Tree=218
num_leaves=20
num_cat=0
split_feature=0 3 13 13 4 5 13 12 0 2 7 1 22 15 14 10 8 16 27
split_gain=5.17939e-09 1.99725e-08 8.70031e-09 3.26374e-08 1.25202e-08 1.09953e-08 7.43251e-09 6.18795e-09 5.85371e-09 1.11433e-08 1.10203e-08 1.41192e-08 1.67795e-08 1.38498e-08 1.08186e-08 9.54029e-09 9.06113e-09 8.65046e-09 3.24296e-09
threshold=5.8731740064257663 5.7968237400054941 0.016335606537799533 0.015173510167923938 2940400.0000000005 0.0020637876818529991 0.043582711883270328 0.0012406771982588661 4.8741480548278018 4.8402594624376434 -0.0082137281615151363 4.8137253259643158 0.38220500000000007 -0.0041365050999045087 0.014590897674239925 -1.0579573909956812 0.014644596617262329 0.0056179273621654964 0.91421300000000005
decision_type=2 2 2 2 2 2 2 2 2 2 2 2 2 2 2 2 2 2 2
left_child=1 2 3 4 -1 -6 8 -2 10 -10 13 15 -13 18 -11 -12 -15 -16 -4
right_child=7 -3 6 -5 5 -7 -8 -9 9 14 11 12 -14 16 17 -17 -18 -19 -20
leaf_value=4.9839965110246942e-06 6.4332669083455578e-06 -9.3110664465712027e-06 2.9699768720092834e-06 1.1825635605279015e-05 6.9496959647288108e-07 -7.7441960144142275e-06 5.3553423686025781e-06 -3.7919192550361915e-07 6.5814159424917304e-06 5.1757807495373374e-06 -4.9037821996665911e-06 -1.6823242896696849e-06 -1.3688626872863096e-05 -3.2028253603552263e-06 -2.5799859909527402e-06 -2.8404563375555291e-07 4.1044286644721843e-06 1.2275041832481293e-06 8.3724394039563768e-06
leaf_weight=27 24 21 20 26 33 24 20 24 25 31 53 22 20 56 116 167 21 100 20
leaf_count=27 24 21 20 26 33 24 20 24 25 31 53 22 20 56 116 167 21 100 20
internal_value=-2.5093e-14 -1.81169e-07 6.43208e-08 2.53734e-06 -3.37605e-07 -2.85836e-06 -3.41093e-07 3.02704e-06 -5.16098e-07 5.45796e-07 -1.2782e-06 -2.35924e-06 -7.39961e-06 1.14259e-06 -6.50962e-08 -1.39698e-06 -1.20994e-06 -8.17259e-07 5.67121e-06
internal_weight=850 802 781 110 84 57 671 48 651 272 379 262 42 117 247 220 77 216 40
internal_count=850 802 781 110 84 57 671 48 651 272 379 262 42 117 247 220 77 216 40
is_linear=0
shrinkage=0.3


Tree=219
num_leaves=20
num_cat=0
split_feature=2 5 19 25 22 1 10 0 10 22 17 15 4 18 27 10 9 8 7
split_gain=3.90216e-09 1.07709e-08 1.90865e-08 1.53488e-08 1.10237e-08 7.70576e-09 7.55588e-09 1.18704e-08 8.76996e-09 6.969e-09 1.26665e-08 1.01692e-08 1.23248e-08 1.17388e-08 5.94058e-09 4.42717e-09 1.06903e-08 7.04352e-09 3.68707e-09
threshold=4.4807633990659435 0.018500229187797698 0.66567900000000013 0.58333350000000006 0.96026750000000016 4.566649638786795 1.2810933225936727 5.7548460349016288 1.1436467823270033 0.014830500000000002 0.0054200886378175557 -0.013750837790210345 5019450.0000000009 -0.38640837505751541 0.79508000000000012 -1.3391041733912359 0.026218149055181911 -0.060734573711504654 0.0040899567986331983
decision_type=2 2 2 2 2 2 2 2 2 2 2 2 2 2 2 2 2 2 2
left_child=5 4 3 -3 6 15 8 14 9 10 -2 12 -11 -13 -8 -1 -17 -18 -16
right_child=1 2 -4 -5 -6 -7 7 -9 -10 11 -12 13 -14 -15 18 16 17 -19 -20
leaf_value=2.6948082998334192e-06 1.5638389148383188e-06 1.07825795343075e-05 -4.0358827773574872e-06 1.1646748601736232e-06 -6.1817026125236927e-06 -5.1552388437837204e-06 -3.9746225638737087e-07 3.5173635065888217e-06 6.6011337237016828e-06 -8.7518022814947459e-06 -7.8074566954455803e-06 -1.295539298581616e-06 -1.7009516792224202e-07 2.5592738197739817e-06 -3.197607150504857e-06 -5.9215142901448731e-06 -1.9673726342261943e-06 5.6555581124939636e-06 -8.4295969764348724e-06
leaf_weight=34 27 32 22 28 26 37 25 24 21 20 25 100 61 246 22 29 24 20 27
leaf_count=34 27 32 22 28 26 37 25 24 21 20 25 100 61 246 22 29 24 20 27
internal_value=1.67797e-14 2.90298e-07 3.52273e-06 6.29422e-06 -1.34477e-07 -1.42326e-06 1.28445e-07 -2.28027e-06 6.00553e-07 3.3748e-07 -2.94159e-06 7.36805e-07 -2.28904e-06 1.44517e-06 -4.16058e-06 -1.32768e-07 -1.44972e-06 1.4976e-06 -6.08054e-06
internal_weight=850 706 82 60 624 144 598 98 500 479 52 427 81 346 74 107 73 44 49
internal_count=850 706 82 60 624 144 598 98 500 479 52 427 81 346 74 107 73 44 49
is_linear=0
shrinkage=0.3


Tree=220
num_leaves=21
num_cat=0
split_feature=22 21 7 21 13 13 15 12 6 15 10 10 17 0 16 14 4 11 21 10
split_gain=4.04028e-09 6.74837e-09 2.26973e-08 6.18283e-09 1.41015e-08 3.04562e-08 9.68853e-09 1.16971e-08 8.96916e-09 9.01311e-09 8.768e-09 2.30163e-08 9.83817e-09 7.54605e-09 7.37662e-09 1.13909e-08 7.14131e-09 6.62364e-09 1.10453e-08 6.15808e-09
threshold=0.96337200000000012 0.024489500000000004 -0.0034543413285814065 0.1167885 0.016335606537799533 0.014928445028069856 -0.020770421840885695 -0.0083090488515678122 -0.0083041038247864702 -0.018947400544819078 -0.93134452225842812 -0.35815819649267661 0.0037488281820907388 5.3387500326110571 0.006224010768209315 0.018442604930066175 6801100.0000000009 35.100009511658271 0.029362000000000003 -1.4211787843667527
decision_type=2 2 2 2 2 2 2 2 2 2 2 2 2 2 2 2 2 2 2 2
left_child=1 2 -1 4 5 -3 -6 -8 13 -10 19 -12 -13 14 15 -5 -16 -9 -19 -11
right_child=-2 3 -4 8 6 -7 7 17 9 10 11 12 -14 -15 16 -17 -18 18 -20 -21
leaf_value=-9.9200505998781489e-06 3.5438411484583245e-06 -1.2785323709370762e-06 1.5231219925646235e-06 -6.8815565214208615e-06 -4.9656452664874387e-06 1.3409263843300323e-05 6.9891139364699477e-06 -5.047277226140068e-06 6.3761615507473834e-06 -5.8724791983877368e-07 8.7068767773719927e-06 -3.5623771516350356e-06 1.049006705112664e-06 2.4178881855618784e-06 -3.5715482457119613e-06 2.4249050629178189e-06 -1.0940306930251609e-05 6.3571664365251e-06 -6.743226862394228e-08 -8.031894540181383e-06
leaf_weight=26 28 27 39 20 29 24 25 20 20 20 27 67 110 20 29 29 20 27 223 20
leaf_count=26 28 27 39 20 29 24 25 20 20 20 27 67 110 20 29 29 20 27 223 20
internal_value=8.37761e-15 -1.20715e-07 -3.05415e-06 1.31165e-07 9.96498e-07 5.63337e-06 2.66619e-07 7.80978e-07 -7.18311e-07 2.53551e-07 -2.48302e-07 5.48025e-07 -6.96545e-07 -2.89265e-06 -3.97643e-06 -1.37365e-06 -6.5792e-06 2.0615e-07 6.26424e-07 -4.30957e-06
internal_weight=850 822 65 757 375 51 324 295 382 264 244 204 177 118 98 49 49 270 250 40
internal_count=850 822 65 757 375 51 324 295 382 264 244 204 177 118 98 49 49 270 250 40
is_linear=0
shrinkage=0.3


Tree=221
num_leaves=27
num_cat=0
split_feature=10 21 13 16 21 13 18 10 11 19 16 16 14 5 27 4 12 15 17 28 5 22 20 0 3 19
split_gain=3.34678e-09 5.72973e-09 1.86609e-08 1.04199e-08 8.59353e-09 2.05495e-08 7.99485e-09 1.14163e-08 1.07894e-08 1.03603e-08 7.68945e-09 6.84535e-09 9.90076e-09 1.44967e-08 9.16224e-09 8.37112e-09 6.08402e-09 5.95781e-09 8.9896e-09 1.52714e-08 8.05298e-09 8.0378e-09 6.66582e-09 5.08536e-09 4.77755e-09 7.70383e-09
threshold=-2.293401340551227 0.039014000000000007 0.016335606537799533 0.013813511268211372 0.1167885 0.016723296298573432 -0.1406955751500176 -1.0579573909956812 62.616811905389817 -0.93716349999999993 0.0062500434617183695 0.0037313527859342117 0.024583861845639991 0.014770063996057946 0.92588800000000016 6147900.0000000009 -0.00060292812931765291 0.0072072522784614448 0.0038022914923094659 1.0000000180025095e-35 0.0061601476617624213 0.53241150000000015 0.17354400000000003 4.8347268975969593 4.4974937438964853 0.15514850000000002
decision_type=2 2 2 2 2 2 2 2 2 2 2 2 2 2 2 2 2 2 2 2 2 2 2 2 2 2
left_child=-1 2 -2 6 5 -3 9 -8 10 -4 -9 14 16 -14 15 -7 -13 20 22 -20 21 24 -19 -11 -6 -26
right_child=1 4 3 -5 17 11 7 8 -10 23 -12 12 13 -15 -16 -17 -18 18 19 -21 -22 -23 -24 -25 25 -27
leaf_value=3.2253887009606579e-06 -8.8209622750431059e-06 8.970795707066445e-06 8.0233367696010916e-06 -6.670011445716487e-06 -3.4987812291041739e-06 4.1679937315234181e-06 -7.7929540640297995e-06 -3.7734701812461513e-07 -4.8221153225114218e-06 3.4087338799508866e-06 7.4469642288477193e-06 1.4412156951948419e-06 -4.4300232656422771e-06 5.0370103409136386e-06 -6.8759005703863553e-06 -3.0445331094597347e-06 7.2258601894414905e-06 -1.6455410733442475e-06 4.6093143796057241e-06 -5.7255925863263329e-06 5.2310583739129536e-06 -5.6601028231655263e-06 -8.3851829361135182e-06 -2.5838030034300083e-06 2.3995406829416508e-06 -1.4557075692883465e-06
leaf_weight=28 27 31 23 21 27 28 20 26 24 25 20 30 37 24 21 30 36 25 31 22 26 23 28 26 110 81
leaf_count=28 27 31 23 21 27 28 20 26 24 25 20 30 37 24 21 30 36 25 31 22 26 23 28 26 110 81
internal_value=-2.10084e-14 -1.09867e-07 -1.4534e-06 -3.78138e-07 3.57067e-07 1.76968e-06 4.27528e-07 -1.4718e-06 3.3425e-07 2.73752e-06 3.02453e-06 6.86013e-07 2.04996e-06 -7.05289e-07 -1.50666e-06 4.37376e-07 4.59648e-06 -5.4049e-07 -2.44338e-06 3.19353e-07 2.14963e-07 -3.26192e-07 -5.20611e-06 3.53715e-07 2.3656e-07 7.64592e-07
internal_weight=850 822 212 185 610 237 164 90 70 74 46 206 127 61 79 58 66 373 106 53 267 241 53 51 218 191
internal_count=850 822 212 185 610 237 164 90 70 74 46 206 127 61 79 58 66 373 106 53 267 241 53 51 218 191
is_linear=0
shrinkage=0.3


Tree=222
num_leaves=17
num_cat=0
split_feature=7 10 15 11 26 8 19 19 7 18 9 21 1 8 14 20
split_gain=3.62817e-09 3.56754e-09 1.24092e-08 6.32014e-09 1.46912e-08 1.02471e-08 6.09903e-09 1.08706e-08 9.21334e-09 1.17561e-08 8.39717e-09 5.83166e-09 7.52062e-09 6.11852e-09 7.39569e-09 5.88934e-09
threshold=0.031926564077513452 1.9429589625903658 0.020163769042556429 53.883906286497755 0.93824800000000008 0.0095688918121555611 0.69811550000000011 0.41644350000000002 0.016546237481913979 -0.55639904692476716 0.028125641878549167 0.023717000000000005 4.6799461896999794 0.0040326797368909718 0.010214505503169954 0.026321500000000001
decision_type=2 2 2 2 2 2 2 2 2 2 2 2 2 2 2 2
left_child=1 3 -3 5 6 11 7 8 9 -5 -8 12 -1 14 -13 -16
right_child=-2 2 -4 4 -6 -7 10 -9 -10 -11 -12 13 -14 -15 15 -17
leaf_value=-1.1210887612378428e-06 3.0364174930957021e-06 -2.0333390725429328e-06 7.4493550795048812e-06 -5.542191963416242e-06 -9.2341966410458554e-06 6.1781468413794997e-06 -1.918563120852923e-06 -7.5334307740426707e-06 -5.9069700455438579e-06 1.1957124856801646e-06 5.6458755714012497e-06 4.1778574440928319e-06 6.616851659985584e-06 -5.4282390021853636e-06 -3.4024528993643779e-06 5.8434813441455629e-08
leaf_weight=20 34 27 23 28 20 26 25 24 27 139 28 34 26 20 52 297
leaf_count=20 34 27 23 28 20 26 25 24 27 139 28 34 26 20 52 297
internal_value=-1.15168e-14 -1.26517e-07 2.3287e-06 -2.8678e-07 -1.38774e-06 3.87701e-07 -8.08662e-07 -1.5104e-06 -7.65286e-07 6.6004e-08 2.07774e-06 5.23972e-08 3.25253e-06 -3.12879e-07 -4.57579e-08 -4.57228e-07
internal_weight=850 816 50 766 291 475 271 218 194 167 53 449 46 403 383 349
internal_count=850 816 50 766 291 475 271 218 194 167 53 449 46 403 383 349
is_linear=0
shrinkage=0.3


Tree=223
num_leaves=18
num_cat=0
split_feature=7 16 12 11 16 5 15 19 18 17 16 20 0 0 14 6 4
split_gain=3.54867e-09 1.03797e-08 1.2624e-08 8.13217e-09 8.34008e-09 1.00551e-08 2.34168e-08 9.97411e-09 8.12179e-09 6.85847e-09 6.50224e-09 8.78144e-09 6.27008e-09 8.30328e-09 1.08795e-08 5.18008e-09 5.12384e-09
threshold=0.011364137188788722 0.012999159860840543 -0.0037752820634668321 34.206684833015217 0.012810244428570452 0.026510895742262858 0.020495149225999047 0.031354000000000007 -1.0376428938654485 0.0041666625274554689 0.010526305750796645 0.013947000000000003 5.6716372895701461 5.0320277240466034 0.017463873869810295 -0.0024428859962820934 4429250.0000000009
decision_type=2 2 2 2 2 2 2 2 2 2 2 2 2 2 2 2 2
left_child=3 2 -2 9 5 6 8 -6 -5 -1 11 -10 13 14 -4 -11 -16
right_child=1 -3 12 4 7 -7 -8 -9 10 15 -12 -13 -14 -15 16 -17 -18
leaf_value=7.1599747420642806e-06 -6.5305097190763005e-06 7.1381350027343649e-06 6.1024707031934019e-06 -5.9006193109583007e-06 -7.1606841896863373e-06 -5.6222120667825946e-06 9.8365658426960836e-06 1.3120487355164103e-08 4.9110610700171701e-06 -1.8455157432541571e-06 4.1458843224972948e-06 -7.831253911787346e-07 6.010573232825581e-06 -4.0031925014513295e-06 -4.5727013480245662e-06 3.6843288849119913e-06 1.6263970263707961e-06
leaf_weight=21 21 23 34 23 37 30 21 33 26 31 30 390 22 28 20 30 30
leaf_count=21 21 23 34 23 37 30 21 33 26 31 30 390 22 28 20 30 30
internal_value=1.22517e-14 1.19102e-06 3.08545e-07 -3.15478e-07 -7.04542e-07 -2.90707e-07 3.57119e-08 -3.77875e-06 -4.03132e-07 2.48388e-06 -1.1963e-07 -4.27239e-07 1.38034e-06 4.70826e-07 1.96217e-06 8.7408e-07 -8.53242e-07
internal_weight=850 178 155 672 590 520 490 70 469 82 446 416 134 112 84 61 50
internal_count=850 178 155 672 590 520 490 70 469 82 446 416 134 112 84 61 50
is_linear=0
shrinkage=0.3


Tree=224
num_leaves=18
num_cat=0
split_feature=13 10 13 17 6 3 3 1 1 1 3 15 8 27 14 13 13
split_gain=3.32387e-09 1.62265e-08 8.9569e-09 7.70845e-09 7.33336e-09 3.40863e-09 1.2418e-08 1.00712e-08 1.10578e-08 8.89032e-09 5.41193e-09 6.95191e-09 5.11142e-09 4.25482e-09 4.99031e-09 1.19716e-08 5.12965e-09
threshold=0.016028856943005845 0.91907595093985417 0.017696341277307157 0.0041666625274553648 -0.0041495003736200476 4.8939313888549814 4.9402434825897226 4.921569268997124 4.863629703714782 4.8154746021437917 4.7365529537200937 -0.014911565506269741 -0.11208506708219279 0.57926250000000012 0.02266096368618618 0.027679206586064653 0.022995844336538489
decision_type=2 2 2 2 2 2 2 2 2 2 2 2 2 2 2 2 2
left_child=1 3 -2 4 -1 7 -7 8 9 10 11 -4 -8 -14 15 -15 -16
right_child=2 -3 5 -5 -6 6 12 -9 -10 -11 -12 -13 13 14 16 -17 -18
leaf_value=2.9046963209111708e-06 5.9273788480140867e-06 -9.0396235464140766e-06 2.4471698830846683e-06 4.2452232803655e-06 -4.1923881909904022e-06 7.1606302863074226e-06 -4.0916868018292046e-06 -7.1356860917148879e-06 6.6360565443801533e-06 -5.7431815073576735e-06 4.6117687998048486e-06 -1.2249276838734505e-06 -3.4584353960037166e-06 5.7877850236813367e-07 3.4776192406533418e-06 7.6593560073700332e-06 -9.9892806225363091e-07
leaf_weight=20 24 21 58 29 38 25 23 20 20 28 20 232 22 83 28 29 130
leaf_count=20 24 21 58 29 38 25 23 20 20 28 20 232 22 83 28 29 130
internal_value=-6.90397e-15 -1.55498e-06 2.26331e-07 2.51663e-07 -1.74512e-06 3.57665e-08 7.24982e-07 -5.84163e-07 -2.18156e-07 -6.23731e-07 -1.61329e-07 -4.90508e-07 2.14217e-07 5.5338e-07 8.80269e-07 2.41214e-06 -2.05616e-07
internal_weight=850 108 742 87 58 718 340 378 358 338 310 290 315 292 270 112 158
internal_count=850 108 742 87 58 718 340 378 358 338 310 290 315 292 270 112 158
is_linear=0
shrinkage=0.3


Tree=225
num_leaves=31
num_cat=0
split_feature=14 7 12 6 13 3 18 11 3 15 6 15 6 15 2 13 14 14 10 5 15 26 21 14 19 21 14 18 21 0
split_gain=3.08934e-09 7.21434e-09 1.84891e-08 1.36152e-08 9.5541e-09 8.49592e-09 9.34797e-09 1.1569e-08 1.82761e-08 1.1954e-08 1.02055e-08 1.14717e-08 9.53959e-09 8.69154e-09 8.43881e-09 5.97204e-09 2.21986e-08 7.53461e-09 7.06737e-09 1.30269e-08 8.27535e-09 8.55057e-09 7.72967e-09 9.71036e-09 8.27311e-09 7.47311e-09 6.00014e-09 5.20648e-09 4.6509e-09 6.47728e-09
threshold=0.022049798968438346 -0.0072139227061098054 0.0019006190262699479 -0.0022806467878944523 0.02404059174049258 4.4974937438964853 0.12973407000989756 53.977176470398128 4.7100601196289071 0.0088107561972222675 -0.0021505772891525737 -1.0000000180025095e-35 0.0035292396800090256 0.001860464910732687 4.6040616901293889 0.022995844336538489 0.025585952745787607 0.03072461951041704 1.0343787385586281 1.0000000180025095e-35 0.0072072522784614448 0.16589800000000002 0.17136550000000003 0.027599144498591865 -0.91774949999999988 0.041319000000000008 0.040816287713456821 0.49404523493076002 0.037196500000000007 4.7108121481489302
decision_type=2 2 2 2 2 2 2 2 2 2 2 2 2 2 2 2 2 2 2 2 2 2 2 2 2 2 2 2 2 2
left_child=1 2 3 -1 -5 -3 7 8 14 12 -8 -12 -9 -10 -7 16 -2 -18 20 -20 21 -17 24 -24 -23 -21 -26 -13 -22 -30
right_child=15 5 -4 4 -6 6 10 9 13 -11 11 27 -14 -15 -16 18 17 -19 19 25 28 22 23 -25 26 -27 -28 -29 29 -31
leaf_value=-9.5581955416822546e-06 1.1545213230874652e-05 -5.855782601429382e-06 5.2944600989235367e-06 2.9339687702386899e-06 -5.8107779861786739e-06 3.9612442628088997e-06 3.1267594005766697e-06 -6.6572484615790011e-06 1.340581053909773e-05 5.632981409746662e-06 -8.3851036602514524e-06 -4.0168575258741672e-06 7.3435777494523789e-07 4.5613868360305789e-06 -3.3675394385240382e-06 -2.9020843908256213e-06 -3.3574745543774043e-06 3.3661884077673678e-06 -7.9682077302305311e-06 4.8069821343688088e-06 -5.4092314519988099e-06 6.3917795635213471e-06 9.28965793624731e-06 1.5262032932163304e-06 1.3836488782333966e-06 -2.3574089677119423e-06 -4.0515961140954458e-06 2.3724701605942753e-06 2.5240097446754818e-06 -3.7239621300549122e-06
leaf_weight=33 20 20 20 22 23 31 28 30 20 20 28 22 33 20 26 30 30 30 26 20 23 22 29 29 68 38 25 24 32 28
leaf_count=33 20 20 20 22 23 31 28 30 20 20 28 22 33 20 26 30 30 30 26 20 23 22 29 29 68 38 25 24 32 28
internal_value=1.84173e-14 -6.06626e-07 -2.84318e-06 -4.92976e-06 -1.53557e-06 1.19144e-07 5.42898e-07 1.84312e-06 4.0679e-06 -7.56916e-07 -1.75162e-06 -3.59749e-06 -2.78545e-06 8.9836e-06 6.1829e-07 5.39223e-07 2.88957e-06 4.35693e-09 3.10394e-08 -2.38828e-06 7.41608e-07 1.77347e-06 2.58426e-06 5.40793e-06 1.16015e-06 1.13071e-07 -7.74385e-08 -6.83295e-07 -1.78211e-06 -3.9171e-07
internal_weight=850 400 98 78 45 302 282 180 97 83 102 74 63 40 57 450 80 60 370 84 286 203 173 58 115 58 93 46 83 60
internal_count=850 400 98 78 45 302 282 180 97 83 102 74 63 40 57 450 80 60 370 84 286 203 173 58 115 58 93 46 83 60
is_linear=0
shrinkage=0.3


Tree=226
num_leaves=23
num_cat=0
split_feature=13 13 10 21 4 13 4 5 12 28 5 18 13 9 16 14 5 21 18 9 27 18
split_gain=4.24021e-09 5.49067e-09 1.44926e-08 9.16435e-09 4.78017e-09 1.87894e-08 8.68809e-09 9.99011e-09 1.10519e-08 7.56124e-09 6.98128e-09 6.95206e-09 6.95538e-09 5.92614e-09 1.0147e-08 7.27347e-09 5.4427e-09 4.09585e-09 4.82106e-09 4.11051e-09 4.08215e-09 3.09437e-09
threshold=0.014358507379040061 0.016028856943005845 0.68477384697558108 0.29453650000000003 4429250.0000000009 0.019563487346924726 4191200.0000000005 0.0016091872343663939 0.00048239712862022962 1.0000000180025095e-35 0.0061601476617624213 0.10540044814683153 0.025713276813386299 0.020913684544009742 0.0059405409580442449 0.022199799911430531 0.0042284173826080537 0.024170000000000004 0.81585308003952384 0.03631118370397296 0.93533000000000011 -0.24743528477274448
decision_type=2 2 2 2 2 2 2 2 2 2 2 2 2 2 2 2 2 2 2 2 2 2
left_child=-1 2 3 -2 6 -6 7 9 10 11 -9 12 -3 14 15 -7 -16 19 20 -15 -19 -10
right_child=1 4 -4 -5 5 13 -8 8 21 -11 -12 -13 -14 17 16 -17 -18 18 -20 -21 -22 -23
leaf_value=3.3877160719342212e-06 2.9260819677493342e-06 4.7957121446209129e-06 -9.2654951913573307e-06 -5.1240764207705071e-06 9.4055536383815968e-06 -8.3184833560888091e-06 -6.7054352505444753e-06 -3.7360515968678304e-06 -3.5042037325183628e-06 6.4033125281441801e-06 3.2998281176332964e-06 -4.6154122333064156e-06 -1.5725574720473276e-06 6.6583835473466019e-06 -1.7134333031366543e-06 -9.9463286460377267e-07 5.0533714721279211e-06 1.2033068106515351e-06 -3.2254568441203443e-06 6.4891221752207331e-07 -1.6446808896514792e-06 -8.5410662193127159e-06
leaf_weight=32 35 33 21 20 21 26 22 22 21 23 30 20 29 20 23 23 20 281 30 21 54 23
leaf_count=32 35 33 21 20 21 26 22 22 21 23 30 20 29 20 23 23 20 281 30 21 54 23
internal_value=-6.61432e-16 -1.32527e-07 -2.56111e-06 -1.24836e-09 1.16223e-07 6.15348e-07 -1.04542e-06 -4.25915e-07 -2.63782e-06 1.5964e-06 3.2311e-07 2.48123e-07 1.81701e-06 2.44677e-07 -1.92933e-06 -4.88076e-06 1.43392e-06 7.37309e-07 4.17953e-07 3.58036e-06 7.44228e-07 -6.13711e-06
internal_weight=850 818 76 55 742 519 223 201 96 105 52 82 62 498 92 49 43 406 365 41 335 44
internal_count=850 818 76 55 742 519 223 201 96 105 52 82 62 498 92 49 43 406 365 41 335 44
is_linear=0
shrinkage=0.3


Tree=227
num_leaves=21
num_cat=0
split_feature=21 13 13 8 14 6 15 18 13 5 5 14 12 16 14 10 14 10 12 0
split_gain=2.86233e-09 1.35024e-08 7.04128e-09 1.99569e-08 6.50979e-09 7.40276e-09 5.65331e-09 9.48171e-09 4.65389e-09 3.46767e-09 1.02731e-08 9.4274e-09 6.33141e-09 5.82899e-09 5.56967e-09 1.84259e-08 1.24326e-08 4.97725e-09 6.33056e-09 5.28662e-09
threshold=0.027332500000000003 0.01929869024439541 0.016335606537799533 0.016515188856135326 0.010266973588141437 -0.0020790236406132367 -0.016089562273928243 -0.12345060988768354 0.018442398876153423 0.0019305057666435916 0.0040690602174581455 0.022374817212263115 0.0076998696551288486 0.014568209465602408 0.018793075001858697 0.059056171950101106 0.020790090039710215 1.8812001455832095 0.007599562884211728 4.560560914887156
decision_type=2 2 2 2 2 2 2 2 2 2 2 2 2 2 2 2 2 2 2 2
left_child=1 -1 3 4 -2 -6 -3 -8 -4 12 11 -11 13 14 15 -10 -16 18 19 -12
right_child=2 6 8 -5 5 -7 7 -9 9 10 17 -13 -14 -15 16 -17 -18 -19 -20 -21
leaf_value=-8.2685813075451207e-06 4.8342921466180331e-06 4.2308094624905092e-06 -4.0800072506149609e-06 1.1035448028451355e-05 -5.1203871398683978e-06 1.7235363326438924e-06 2.4989664388934158e-06 -4.3551925850456779e-06 6.5894724472474656e-06 -9.7988102879753566e-06 -2.8072398103457557e-06 -6.9790460526876683e-07 -3.3113578503218831e-06 5.8295589310959759e-06 -6.7258842887974383e-06 -2.0881758487689694e-06 7.4551683494265087e-07 -3.2619920027343596e-06 4.9374201633047327e-06 8.8704466825283306e-07
leaf_weight=21 22 23 26 20 25 33 34 39 49 20 47 21 32 22 23 40 156 36 26 135
leaf_count=21 22 23 26 20 25 33 34 39 49 20 47 21 32 22 23 40 156 36 26 135
internal_value=-5.06387e-15 -1.37794e-06 2.19944e-07 2.5593e-06 4.40268e-07 -1.22643e-06 1.29385e-07 -1.16284e-06 -1.49623e-07 1.87298e-08 -7.43439e-07 -5.13737e-06 6.93321e-07 1.13522e-06 7.4986e-07 2.68941e-06 -2.14496e-07 -5.11487e-09 5.58575e-07 -6.69739e-08
internal_weight=850 117 733 100 80 58 96 73 633 607 285 41 322 290 268 89 179 244 208 182
internal_count=850 117 733 100 80 58 96 73 633 607 285 41 322 290 268 89 179 244 208 182
is_linear=0
shrinkage=0.3


Tree=228
num_leaves=30
num_cat=0
split_feature=8 8 1 7 0 9 10 3 12 27 7 4 4 2 4 4 18 27 7 6 14 23 14 12 23 3 1 18 27
split_gain=3.79776e-09 2.61141e-08 5.19038e-09 1.90693e-08 6.38131e-09 4.81987e-09 3.89751e-09 4.89021e-09 4.30151e-09 4.229e-09 3.82084e-09 1.17633e-08 4.87714e-09 8.67402e-09 9.00386e-09 1.00271e-08 8.35029e-09 7.54838e-09 7.15595e-09 9.31586e-09 7.88111e-09 5.81875e-09 4.85352e-09 4.20435e-09 3.18482e-09 2.93709e-09 2.83656e-09 2.55923e-09 2.25711e-09
threshold=0.046884640689535802 0.055898294251129535 5.4189258190913572 -0.01139163656803386 5.815068233274876 0.022608805156176814 1.297413034445551 5.183110475540162 0.0045257162971631291 0.93829900000000011 -0.010526943784388664 8183600.0000000009 7481400.0000000009 4.7025761527002041 5019450.0000000009 3609600.0000000005 -0.86464394098938591 0.86051850000000008 0.0040899567986331983 0.0020429686233852653 0.010893235764189234 0.41666650000000005 0.026919095112658328 -0.0029880259536022428 0.29166650000000005 4.6994614601135263 4.6799461896999794 -0.1406955751500176 0.89468800000000004
decision_type=2 2 2 2 2 2 2 2 2 2 2 2 2 2 2 2 2 2 2 2 2 2 2 2 2 2 2 2 2
left_child=2 -2 10 -4 -5 -3 8 27 9 24 11 22 13 16 15 -15 -12 -14 20 -20 -18 -16 26 -19 -7 -13 -1 -8 -9
right_child=1 5 3 4 -6 6 7 28 -10 -11 12 25 17 14 21 -17 18 23 19 -21 -22 -23 -24 -25 -26 -27 -28 -29 -30
leaf_value=-9.3025611559741346e-07 1.0410070416355666e-05 -4.4793414303612165e-06 -1.0609999014832283e-05 -3.0528973833757586e-06 4.3428382371400534e-06 4.9216455226996918e-06 -9.7959025765703692e-07 3.198636983617452e-06 5.0333706020375344e-06 -3.1724193797799674e-06 -6.4331567658803614e-06 2.9359498341818832e-06 -5.696311272554579e-06 3.6987263922583225e-06 2.2964992353990968e-06 -4.1243043475678232e-06 5.7648063970051361e-06 -3.5590873360227053e-06 -4.9694270520582366e-06 1.1393812443681275e-06 -1.7240198288296657e-07 9.1344662320937334e-06 -3.7064814131326782e-06 1.6779364145620364e-06 3.4301247069379311e-08 8.0157533862542815e-06 3.1750555885017609e-06 -5.7213901381406426e-06 -1.1031628726446538e-06
leaf_weight=33 24 20 20 21 21 20 20 23 26 20 23 20 38 30 24 29 26 22 53 39 89 21 30 37 30 21 28 21 21
leaf_count=33 24 20 20 21 21 20 20 23 26 20 23 20 38 30 24 29 26 22 53 39 89 21 30 37 30 21 28 21 21
internal_value=2.41376e-15 1.05688e-06 -3.80476e-07 -2.98566e-06 6.4497e-07 -5.99224e-08 4.28411e-07 -1.05104e-06 1.73835e-06 5.14479e-07 -9.35809e-08 1.31862e-06 -5.26089e-07 1.77592e-08 2.29131e-06 -1.46492e-07 -1.01028e-06 -2.39872e-06 -4.07742e-07 -2.37982e-06 1.16992e-06 5.48755e-06 -5.82322e-07 -2.74852e-07 1.98924e-06 5.5378e-06 9.54149e-07 -3.40832e-06 1.14551e-06
internal_weight=850 225 625 62 42 201 181 85 96 70 563 132 431 334 104 59 230 97 207 92 115 45 91 59 50 41 61 41 44
internal_count=850 225 625 62 42 201 181 85 96 70 563 132 431 334 104 59 230 97 207 92 115 45 91 59 50 41 61 41 44
is_linear=0
shrinkage=0.3


Tree=229
num_leaves=30
num_cat=0
split_feature=11 11 15 12 12 12 16 15 26 10 15 2 12 12 6 17 15 2 20 6 13 8 21 17 5 15 14 14 22
split_gain=3.22685e-09 1.42352e-08 3.37412e-09 5.25677e-09 8.001e-09 8.55117e-09 6.25902e-09 4.74127e-09 7.2372e-09 5.43913e-09 8.78477e-09 4.57033e-09 7.25335e-09 1.90888e-08 1.00033e-08 8.35921e-09 7.2724e-09 1.13026e-08 7.84314e-09 5.78223e-09 4.48319e-09 4.23439e-09 4.37963e-09 3.46197e-09 6.12492e-09 8.05722e-09 3.00008e-09 3.46021e-09 2.62203e-09
threshold=67.467505283142984 69.776358211978064 -0.0022580715251582588 0.0068272445309431927 9.5282741720892808e-05 -0.0015675391817474046 0.0071175212191721621 -0.010046918095193301 0.79041200000000011 -1.0182638936849815 -0.019572949370932943 5.7681702834007513 9.5282741720892808e-05 -0.00062656337678716593 0.0060061212885950841 0.0039722735306174763 0.0062176173169714447 4.7069281049820786 0.29500300000000007 0.010391625619249863 0.026093379357538773 0.023019126473503852 0.22265100000000002 0.0093458633212919386 0.0019305057666435916 0.014872965894250889 0.027673454692209259 0.0171428635006859 0.49703950000000002
decision_type=2 2 2 2 2 2 2 2 2 2 2 2 2 2 2 2 2 2 2 2 2 2 2 2 2 2 2 2 2
left_child=2 -2 3 4 5 7 21 9 -9 10 -1 12 13 23 16 -16 20 18 -18 -17 -14 22 -6 24 -4 -26 27 -3 -25
right_child=1 26 11 -5 6 -7 -8 8 -10 -11 -12 -13 14 -15 15 19 17 -19 -20 -21 -22 -23 -24 28 25 -27 -28 -29 -30
leaf_value=1.1339327682579001e-06 6.7354349772069158e-06 5.8274323691875904e-07 3.9421636400582822e-06 -3.8928096663746396e-06 5.3581752562032699e-06 -5.4718653095733315e-06 7.6286957144995019e-06 -9.5760901001932351e-08 7.3223014680934277e-06 3.5201340836010783e-06 -5.5566936246329778e-06 -5.0676630637878721e-06 -7.7209030735048135e-06 7.5869807323024648e-06 -3.0578862497970309e-06 6.6066653586028186e-06 7.1173839647339514e-08 4.7208583572455604e-06 -8.229882712385005e-06 3.2867101776534374e-07 -2.6351846667438392e-06 -1.2528281762532364e-06 -2.0691483427981437e-07 -7.2265293634846526e-07 -2.7162303129260639e-06 3.0106665483551546e-06 1.3612222791910729e-06 -4.7601673514918725e-06 -5.1571995608615643e-06
leaf_weight=38 33 20 32 22 35 25 21 29 20 21 33 21 39 31 33 23 21 20 20 31 26 27 20 28 67 33 36 24 21
leaf_count=38 33 20 32 22 35 25 21 29 20 21 33 21 39 31 33 23 21 20 20 31 26 27 20 28 67 33 36 24 21
internal_value=-1.39308e-14 1.49278e-06 -2.2888e-07 5.65794e-07 9.30438e-07 -3.58351e-07 3.00752e-06 5.483e-07 2.93202e-06 -7.21289e-07 -1.97579e-06 -7.47377e-07 -5.33904e-07 7.08371e-07 -1.77035e-06 7.03814e-07 -3.4787e-06 -1.126e-06 -3.97812e-06 3.00263e-06 -5.68662e-06 1.82404e-06 3.33451e-06 -4.69733e-07 3.2965e-07 -8.26354e-07 -6.69814e-07 -2.33157e-06 -2.62317e-06
internal_weight=850 113 737 291 269 166 103 141 49 92 71 446 425 212 213 87 126 61 41 54 65 82 55 181 132 100 80 44 49
internal_count=850 113 737 291 269 166 103 141 49 92 71 446 425 212 213 87 126 61 41 54 65 82 55 181 132 100 80 44 49
is_linear=0
shrinkage=0.3


Tree=230
num_leaves=21
num_cat=0
split_feature=2 2 1 22 26 5 15 8 3 8 9 7 16 9 22 16 0 9 7 13
split_gain=3.10886e-09 1.51535e-08 7.05671e-09 5.85085e-09 3.82269e-09 3.46254e-09 5.10546e-09 4.23431e-09 9.2293e-09 6.34185e-09 3.70108e-09 3.34779e-09 3.16616e-09 7.92404e-09 1.1512e-08 5.88133e-09 4.63608e-09 4.13177e-09 3.0593e-09 2.54466e-09
threshold=4.5492883378544482 4.52896715928195 4.6610258434516032 0.95808550000000003 0.93432250000000006 0.0064239429342379606 0.0021412844204842401 -0.1230414251091146 4.5227384567260751 -0.060734573711504654 0.021583009946444815 -0.026145480888185507 0.012112061574063426 0.037938557326507562 0.13004650000000004 0.0080080563581414275 4.7307460396745533 0.018536168564410118 0.0020920309664146388 0.033158981615377621
decision_type=2 2 2 2 2 2 2 2 2 2 2 2 2 2 2 2 2 2 2 2
left_child=1 5 -2 4 11 6 7 -1 9 -9 -7 -4 15 14 -14 17 -17 -13 -11 -12
right_child=2 -3 3 -5 -6 10 -8 8 -10 18 19 12 13 -15 -16 16 -18 -19 -20 -21
leaf_value=4.0803758955527358e-06 -5.0961205415786828e-06 8.8278691816867638e-06 3.0738031200442117e-06 -4.081023943314221e-06 4.1628164808571455e-06 -4.3692788578981045e-06 4.9375579164916418e-06 -6.5496563657372619e-06 3.9756177289668979e-06 2.106816018516094e-06 2.6489043227684304e-06 1.2067424963076991e-06 4.505048033414433e-06 6.5096419323903581e-06 -5.21010340039736e-06 -6.9315653718149403e-06 -1.4951123119999465e-06 -8.4344316002265148e-07 -2.7909088629485265e-06 -1.8911111096713282e-06
leaf_weight=21 27 20 29 32 20 26 25 23 28 22 20 143 21 21 23 20 48 232 24 25
leaf_count=21 27 20 29 32 20 26 25 23 28 22 20 143 21 21 23 20 48 232 24 25
internal_value=-8.78199e-16 9.30883e-07 -3.53615e-07 -1.36216e-07 9.04154e-08 1.92847e-07 1.04315e-06 2.18061e-07 -6.1811e-07 -2.48223e-06 -1.51973e-06 -6.12569e-08 -2.40227e-07 1.71502e-06 -5.73327e-07 -5.27114e-07 -3.09407e-06 -6.1639e-08 -4.48519e-07 1.26674e-07
internal_weight=850 234 616 589 557 214 143 118 97 69 71 537 508 65 44 443 68 375 46 45
internal_count=850 234 616 589 557 214 143 118 97 69 71 537 508 65 44 443 68 375 46 45
is_linear=0
shrinkage=0.3


Tree=231
num_leaves=25
num_cat=0
split_feature=9 9 7 0 18 27 20 17 19 27 14 27 11 10 8 27 11 20 19 3 11 14 13 18
split_gain=3.17475e-09 3.46796e-09 3.93732e-09 8.57735e-09 6.79563e-09 9.47134e-09 5.98409e-09 1.37048e-08 6.29064e-09 5.77836e-09 5.7797e-09 5.31154e-09 7.17471e-09 4.91997e-09 5.00458e-09 4.4684e-09 8.25992e-09 5.89531e-09 8.89322e-09 5.43152e-09 3.92864e-09 3.79029e-09 2.45787e-09 2.75738e-09
threshold=0.064400544097228243 0.061304346010727102 -0.0043861480721382297 5.7876436970562581 -0.33406860970384922 0.71706350000000008 0.80144150000000014 0.0019627084991599162 0.17325150000000003 0.69811500000000015 0.023054754669891066 0.81052350000000006 48.441983559481955 0.54742331830285262 -0.0020642646381532231 0.7691015000000001 46.141104668509961 0.10154050000000002 -0.052489499999999988 4.7978715896606454 61.217848830218294 0.024164505465972274 0.02451095505458389 0.027709672639630756
decision_type=2 2 2 2 2 2 2 2 2 2 2 2 2 2 2 2 2 2 2 2 2 2 2 2
left_child=1 2 3 4 11 -6 8 -8 15 -10 -11 -1 -13 14 -7 16 -4 21 -19 -18 -15 -17 -9 -24
right_child=-2 -3 6 -5 5 13 7 22 9 10 -12 12 -14 20 -16 17 19 18 -20 -21 -22 -23 23 -25
leaf_value=9.4864853530868019e-07 -2.6438972952291807e-06 3.9321188864960277e-06 -1.7464542931833194e-06 -6.8833959340963702e-06 -4.9427677986102472e-06 1.6430173187147077e-06 8.093361070834739e-06 -1.9183650869712841e-06 6.4021001565249334e-07 -7.4712205997247311e-06 -9.4260001432026594e-07 -8.0321082376800546e-06 -9.1421078468556509e-07 7.2987991339346081e-06 -2.9422094565563448e-06 2.0235114302775197e-06 7.8596570495812135e-06 -7.5447868831750903e-06 -6.8141512580647629e-08 1.6665231110821744e-06 1.3525585234219759e-06 -6.2062398103088006e-07 -7.5314435093787319e-07 4.1688009072718804e-06
leaf_weight=23 39 21 26 20 24 82 29 27 35 26 23 26 25 20 29 108 26 21 45 25 20 89 20 21
leaf_count=23 39 21 26 20 24 82 29 27 35 26 23 26 25 20 29 108 26 21 45 25 20 89 20 21
internal_value=6.07667e-15 1.27142e-07 2.59968e-08 -9.06078e-07 -4.25972e-07 5.93166e-07 5.07241e-07 2.63292e-06 2.0941e-08 -2.30386e-06 -4.40677e-06 -2.8361e-06 -4.54294e-06 1.47305e-06 4.45075e-07 5.95303e-07 2.60528e-06 6.83197e-09 -2.44707e-06 4.82381e-06 4.32568e-06 8.28953e-07 3.04207e-07 1.76785e-06
internal_weight=850 811 790 269 249 175 521 97 424 84 49 74 51 151 111 340 77 263 66 51 40 197 68 41
internal_count=850 811 790 269 249 175 521 97 424 84 49 74 51 151 111 340 77 263 66 51 40 197 68 41
is_linear=0
shrinkage=0.3


Tree=232
num_leaves=23
num_cat=0
split_feature=6 26 1 26 6 10 4 21 18 21 7 16 7 6 19 16 16 11 22 14 10 13
split_gain=2.63052e-09 5.52439e-09 9.35151e-09 8.23145e-09 5.37671e-09 5.2269e-09 1.44361e-08 5.56306e-09 1.02658e-08 4.61306e-09 4.1735e-09 6.95503e-09 3.67518e-09 3.91542e-09 3.89845e-09 6.08002e-09 5.72962e-09 8.96646e-09 4.81461e-09 3.56745e-09 3.07084e-09 2.47394e-09
threshold=0.0074768287037527007 0.44151000000000001 5.2626935272337745 0.64200800000000013 0.014770063996057946 1.3838643996394138 6057850.0000000009 0.023222500000000004 -0.09660208211877061 0.023222500000000004 -0.0097816194895147292 0.0063966116052285591 -0.032414554503566638 0.0062206583129249893 -0.89608949999999987 0.0060913710370190137 0.0020367065565402229 46.349481134756815 0.025308500000000001 0.017915444006012617 1.837863680699896 0.024968554260011936
decision_type=2 2 2 2 2 2 2 2 2 2 2 2 2 2 2 2 2 2 2 2 2 2
left_child=5 2 4 -3 -2 7 -7 8 -1 -5 -11 19 -9 14 15 -14 17 -16 -18 -12 -8 -21
right_child=1 3 -4 9 -6 6 20 12 -10 10 11 -13 13 -15 16 -17 18 -19 -20 21 -22 -23
leaf_value=1.7716147275288157e-06 -7.8846386851897213e-06 4.8453426480981369e-06 2.3622204837052281e-06 3.4571583445597297e-06 -2.0563769614204046e-06 8.72131917830643e-06 2.0430820325145759e-06 3.8758310840876221e-06 -7.2258040991073352e-06 1.5685649957575264e-06 -4.0472376018182587e-06 -6.5104942238905201e-06 -9.4611938513243439e-07 4.2474115036839064e-06 -1.623877537629093e-06 5.8796724601961612e-06 -3.0828889574369494e-06 3.8702697449458177e-06 -3.0964651440764814e-07 -1.5283217175752014e-06 -3.2140631719812514e-06 2.8718217528787292e-06
leaf_weight=21 28 28 22 20 29 24 20 25 25 31 21 27 23 20 47 24 77 62 210 23 20 23
leaf_count=21 28 28 22 20 29 24 20 25 25 31 21 27 23 20 47 24 77 62 210 23 20 23
internal_value=-1.71377e-14 -8.12986e-07 -2.89159e-06 1.36205e-07 -4.91938e-06 3.42596e-07 2.90456e-06 3.5544e-08 -3.11829e-06 -7.73146e-07 -1.44999e-06 -2.44548e-06 3.32831e-07 1.41525e-07 -4.38428e-08 2.53939e-06 -3.50439e-07 1.50123e-06 -1.05369e-06 -8.07336e-07 -5.85491e-07 6.7175e-07
internal_weight=850 252 79 173 57 598 64 534 46 145 125 94 488 463 443 47 396 109 287 67 40 46
internal_count=850 252 79 173 57 598 64 534 46 145 125 94 488 463 443 47 396 109 287 67 40 46
is_linear=0
shrinkage=0.3


Tree=233
num_leaves=16
num_cat=0
split_feature=6 8 11 6 17 17 8 17 15 17 18 4 10 6 14
split_gain=2.26121e-09 3.76164e-09 5.25739e-09 1.52587e-08 3.18832e-09 6.00002e-09 6.04982e-09 5.29971e-09 4.74922e-09 4.15853e-09 5.90994e-09 4.16668e-09 4.02134e-09 3.52476e-09 3.08864e-09
threshold=0.036552721433855635 0.13851108531962134 69.430726341830209 -0.0020366907568139161 0.010405828513558731 0.0086730566399214025 -0.14568650620720844 0.0081632573621465941 0.02254340378344535 0.013913113684913854 -0.3622123710829171 13185050.000000002 0.5275842416332327 -0.0059940597425534904 0.029473656102230687
decision_type=2 2 2 2 2 2 2 2 2 2 2 2 2 2 2
left_child=1 2 4 -4 5 6 -1 8 -8 12 -11 13 14 -12 -6
right_child=-2 -3 3 -5 9 -7 7 -9 -10 10 11 -13 -14 -15 -16
leaf_value=4.7630063585818951e-06 -2.9340727965261421e-06 -3.5422827963884627e-06 9.1542366972548315e-06 -9.8540572520612529e-07 -7.93258860854761e-07 -4.0589515898269338e-06 -3.1120167146223325e-07 3.418282482670065e-06 -4.0420793414920229e-06 4.1332399945304134e-06 -4.9588673341026557e-06 2.6286581862677845e-06 6.3858513320675612e-06 -5.4451659592337464e-07 4.0984122685066329e-06
leaf_weight=22 23 25 22 34 26 37 442 32 33 24 27 20 21 41 21
leaf_count=22 23 25 22 34 26 37 442 32 33 24 27 20 21 41 21
internal_value=1.44449e-14 8.16006e-08 1.94565e-07 2.99803e-06 -1.58829e-08 -3.65636e-07 -1.07313e-07 -3.18648e-07 -5.70399e-07 1.0839e-06 -3.96757e-08 -1.17774e-06 2.93448e-06 -2.29727e-06 1.39238e-06
internal_weight=850 827 802 56 746 566 529 507 475 180 112 88 68 68 47
internal_count=850 827 802 56 746 566 529 507 475 180 112 88 68 68 47
is_linear=0
shrinkage=0.3


Tree=234
num_leaves=27
num_cat=0
split_feature=9 5 13 26 27 2 22 2 18 0 14 10 9 26 16 16 17 9 15 20 17 13 16 11 16 21
split_gain=2.09461e-09 1.24834e-08 6.68577e-09 3.21034e-09 5.0928e-09 5.85458e-09 3.86535e-09 3.98077e-09 4.10963e-09 2.98703e-09 2.4335e-09 2.38176e-09 5.51996e-09 3.83926e-09 5.0102e-09 4.76754e-09 5.65297e-09 3.83756e-09 4.90289e-09 4.38901e-09 5.18094e-09 4.09605e-09 4.98402e-09 3.47108e-09 3.37119e-09 2.46784e-09
threshold=0.016882284329721279 0.013630288213610451 0.018977370490186007 0.72352000000000005 0.93600200000000011 4.6781220010921709 0.015865000000000004 4.687787226407921 0.079387408012020058 4.6432230092274649 0.0171428635006859 -0.79833420366590269 0.064400544097228243 0.83953400000000011 0.004597739222829242 0.0062369774444285169 0.006987026253447319 0.02967656606881737 -0.0099603316515992999 0.91142050000000008 0.0020533946372065476 0.023115076358214155 0.0039292845697016035 62.751891087226248 0.0020877304721246188 0.033400000000000006
decision_type=2 2 2 2 2 2 2 2 2 2 2 2 2 2 2 2 2 2 2 2 2 2 2 2 2 2
left_child=1 3 -2 6 5 9 -1 8 -8 -5 -6 13 17 15 -15 24 -17 18 -13 20 -19 -20 -23 -22 -4 -16
right_child=2 -3 11 4 10 -7 7 -9 -10 -11 -12 12 -14 14 25 16 -18 19 21 -21 23 22 -24 -25 -26 -27
leaf_value=-2.442489094483286e-06 -5.6975703063244508e-06 6.5811738793321449e-06 -4.9170823387150383e-07 -2.4966667274384233e-06 3.3914212833678902e-06 2.6533785979368346e-07 6.6690965056182e-06 -3.0309677705580339e-07 1.0572958044379091e-06 -7.6815702982457868e-06 -1.0483245117853811e-06 2.3216361435223524e-06 -5.2587318882452954e-06 -1.9383952125703477e-07 2.3646673116672897e-06 3.7178870368532242e-07 -6.1065626717684358e-06 -3.2885181657217217e-06 1.9670114949121854e-06 4.5130029266344891e-06 2.6835486685403623e-06 -4.9350598748573891e-06 -1.0698274759960603e-06 -2.6764368614139845e-07 4.3019246455198451e-06 7.0774713445587171e-06
leaf_weight=21 20 29 31 20 25 34 24 35 23 20 20 28 21 35 20 27 22 33 20 23 58 51 73 94 23 20
leaf_count=21 20 29 31 20 25 34 24 35 23 20 20 28 21 35 20 27 22 33 20 23 58 51 73 94 23 20
internal_value=1.31283e-15 7.27511e-07 -3.0485e-07 -3.71565e-08 -1.09852e-06 -2.62896e-06 1.18908e-06 2.11912e-06 3.9229e-06 -5.08912e-06 1.4182e-06 -1.18573e-07 -5.23959e-07 7.94683e-07 2.42745e-06 -3.94221e-07 -2.53686e-06 -2.623e-07 -1.31069e-06 6.04641e-07 1.18736e-07 -2.01698e-06 -2.65956e-06 8.58469e-07 1.55002e-06 4.72107e-06
internal_weight=850 251 599 222 119 74 103 82 47 40 45 579 401 178 75 103 49 380 172 208 185 144 124 152 54 40
internal_count=850 251 599 222 119 74 103 82 47 40 45 579 401 178 75 103 49 380 172 208 185 144 124 152 54 40
is_linear=0
shrinkage=0.3


Tree=235
num_leaves=27
num_cat=0
split_feature=18 15 3 3 18 18 17 22 18 20 20 27 26 18 6 16 27 17 15 17 12 16 4 14 3 13
split_gain=2.38488e-09 6.13843e-09 5.67525e-09 7.76787e-09 6.54651e-09 4.29717e-09 4.08193e-09 7.949e-09 7.27708e-09 5.65631e-09 5.83995e-09 5.309e-09 4.07698e-09 3.94882e-09 3.67796e-09 5.10498e-09 6.54212e-09 7.18137e-09 5.86709e-09 4.27878e-09 3.0408e-09 3.06942e-09 2.8226e-09 4.51702e-09 2.37113e-09 2.13899e-09
threshold=0.11315601241399345 0.023000570384511084 5.8634080886840829 5.6588282585144052 0.079387408012020058 0.15838234805413251 0.004241782350024704 0.043015000000000005 0.3707509078807632 0.10154050000000002 0.028830000000000005 0.92552100000000015 0.23149650000000002 0.61516067904003524 0.01035388128145674 0.0020407656836846271 0.7691015000000001 0.0080808006857207657 -0.011257381204855813 0.0021621625715462739 0.0042443613245629766 0.005194835093966216 3368050.0000000005 0.03153704748050138 5.0702993869781503 0.024140905156928995
decision_type=2 2 2 2 2 2 2 2 2 2 2 2 2 2 2 2 2 2 2 2 2 2 2 2 2 2
left_child=2 5 3 4 14 -2 7 25 -9 10 -8 13 -11 -10 15 16 -1 -18 -17 -20 21 -14 -16 24 -24 -7
right_child=1 -3 -4 -5 -6 6 9 8 11 12 -12 -13 20 -15 22 18 17 -19 19 -21 -22 -23 23 -25 -26 -27
leaf_value=6.7153526070678319e-06 4.4528653728548302e-06 4.4892956201439653e-06 3.8874782561038043e-06 -5.1777197782598705e-06 -5.6368320140620658e-06 4.2645950007421816e-06 2.6960470156729183e-07 -6.6035531649650955e-06 2.157543860903388e-07 -4.3290505800541716e-06 5.6017109513935752e-06 3.0490622670953371e-06 3.6833719846150605e-06 -5.548060497186152e-06 -4.3780086090149642e-06 4.2318216559499925e-06 3.4018450264738932e-06 -3.1450187261725655e-06 9.864870971467242e-07 -1.8276734566471632e-06 -2.7220257561566543e-06 -9.5737614965005577e-07 2.9123116082001406e-06 -4.0538151083069345e-06 -1.4325549778959611e-06 -1.724831365988523e-08
leaf_weight=23 20 33 26 32 20 21 38 31 20 21 36 20 29 23 26 23 38 25 76 135 20 23 26 24 20 21
leaf_count=23 20 33 26 32 20 21 38 31 20 21 36 20 29 23 26 23 38 25 76 135 20 23 26 24 20 21
internal_value=-5.71778e-16 5.91947e-07 -4.26586e-07 -6.66256e-07 -3.35139e-07 1.93766e-07 -8.73624e-08 -1.30754e-06 -2.84063e-06 9.06312e-07 2.8636e-06 -9.89033e-07 -6.51102e-07 -2.86722e-06 -8.02501e-08 4.08334e-07 2.38486e-06 8.03883e-07 -3.18081e-07 -8.14042e-07 4.21634e-07 1.63073e-06 -1.70886e-06 -7.17465e-07 1.02324e-06 2.12367e-06
internal_weight=850 356 494 468 436 323 303 136 94 167 74 63 93 43 416 320 86 63 234 211 72 52 96 70 46 42
internal_count=850 356 494 468 436 323 303 136 94 167 74 63 93 43 416 320 86 63 234 211 72 52 96 70 46 42
is_linear=0
shrinkage=0.3


Tree=236
num_leaves=31
num_cat=0
split_feature=7 13 10 4 4 0 5 18 6 22 0 1 16 15 15 2 23 21 29 5 10 7 13 1 17 22 6 26 26 12
split_gain=2.10822e-09 7.15273e-09 4.05505e-09 6.92583e-09 1.7206e-08 4.82749e-09 7.55885e-09 6.81838e-09 6.12595e-09 5.02379e-09 4.2447e-09 7.03731e-09 5.56504e-09 7.34962e-09 4.41705e-09 4.17895e-09 3.49153e-09 5.03677e-09 3.47507e-09 3.44439e-09 5.46167e-09 4.73104e-09 7.89018e-09 3.22271e-09 3.35653e-09 2.94321e-09 2.69668e-09 2.4273e-09 3.82868e-09 2.63864e-09
threshold=0.0042463214805937609 0.016723296298573432 -0.35815819649267661 6343450.0000000009 7825550.0000000009 4.637043855405655 -0.010183439650464608 -0.450561960054573 0.0082051715727937801 0.11201600000000002 4.7264491148675214 4.702938947653446 0.0018957796561495852 -0.010046918095193301 0.0018744140491609681 4.7360333652178266 0.58333350000000006 0.054305000000000013 1.5000000000000002 -0.0063226106145957356 -0.71575099568128142 0.020914218066540879 0.028170597385855291 4.6572696163511118 0.0082902275759679424 0.086330500000000018 0.013630288213610451 0.89638050000000014 0.7877145000000001 0.0019463419786223159
decision_type=2 2 2 2 2 2 2 2 2 2 2 2 2 2 2 2 2 2 2 2 2 2 2 2 2 2 2 2 2 2
left_child=2 -2 10 5 -5 8 -7 -8 9 -4 11 23 -12 -14 -15 -6 17 -9 19 21 -21 22 -3 24 25 -1 -17 28 29 -22
right_child=1 18 3 4 15 6 7 16 -10 -11 12 -13 13 14 -16 26 -18 -19 -20 20 27 -23 -24 -25 -26 -27 -28 -29 -30 -31
leaf_value=5.7315451040293203e-06 4.7300769978164679e-06 3.5997696065018875e-07 2.8672463782720074e-06 -1.0106809685339612e-05 -4.5825898041584873e-06 5.9104106785822371e-06 -4.5469737131043075e-06 -1.000401990885231e-06 -6.5569680151611461e-06 -3.4030517741959317e-06 2.372468356493972e-06 6.917114419593417e-06 -7.0488752282216184e-06 2.3381198948649956e-06 -3.3692347479384052e-06 -1.1624062615193284e-06 -1.0867970460693462e-06 4.9088097963543561e-06 -2.6749584669362646e-06 -4.8832583809144124e-06 2.9502573815695918e-06 -1.1311501405621983e-06 7.9880025245292125e-06 -2.2751187344738353e-06 -9.4490082009824932e-07 1.2518838027310927e-06 3.0736394234866438e-06 2.6665225179427083e-06 -3.3005999697926263e-06 -5.2224936955743333e-07
leaf_weight=22 34 26 23 24 21 23 24 21 20 23 33 20 21 26 23 38 38 34 35 20 31 25 23 24 29 33 21 33 28 54
leaf_count=22 34 26 23 24 21 23 24 21 20 23 33 20 21 26 23 38 38 34 35 20 31 25 23 24 29 33 21 33 28 54
internal_value=3.74602e-16 6.25157e-07 -3.57068e-07 -1.06607e-06 -3.06176e-06 -5.8534e-08 9.38606e-07 -3.8757e-08 -2.17368e-06 -2.67903e-07 5.94404e-07 1.748e-06 -8.39186e-07 -2.35325e-06 -3.40842e-07 -9.48242e-07 1.12465e-06 2.65257e-06 1.1764e-07 5.24894e-07 -2.33917e-07 2.22709e-06 3.94048e-06 7.90752e-07 1.66671e-06 3.04375e-06 3.45339e-07 4.02979e-07 -2.58056e-07 7.44194e-07
internal_weight=850 309 541 310 104 206 140 117 66 46 231 128 103 70 49 80 93 55 275 240 166 74 49 108 84 55 59 146 113 85
internal_count=850 309 541 310 104 206 140 117 66 46 231 128 103 70 49 80 93 55 275 240 166 74 49 108 84 55 59 146 113 85
is_linear=0
shrinkage=0.3


Tree=237
num_leaves=24
num_cat=0
split_feature=10 12 13 13 21 13 15 3 0 27 26 8 5 22 18 18 13 8 8 8 14 6 15
split_gain=2.1316e-09 7.54343e-09 2.46354e-09 7.87799e-09 2.93715e-09 3.24647e-09 4.07632e-09 2.59598e-09 2.4061e-09 2.49593e-09 5.39443e-09 3.51604e-09 3.03559e-09 2.74641e-09 2.74495e-09 3.22858e-09 3.14843e-09 2.36362e-09 4.40234e-09 4.09245e-09 2.15065e-09 3.15181e-09 1.99388e-09
threshold=1.9429589625903658 0.0042443613245629766 0.017209872716906421 0.015786467134718554 0.060329000000000001 0.014358507379040061 0.0020000457763672441 5.5461583137512216 5.3957585263744869 0.92588800000000016 0.83798050000000013 0.085842450076524815 0.0056605638686329151 0.89231500000000008 0.31184330662016163 -0.24743528477274448 0.028540933284504088 -0.0020060948319270502 -0.021808697912798321 0.016310096101888473 0.030387095139777848 -0.0032521175210568011 -0.0034131249795683904
decision_type=2 2 2 2 2 2 2 2 2 2 2 2 2 2 2 2 2 2 2 2 2 2 2
left_child=2 -2 3 4 -1 -6 -7 8 9 10 17 14 13 -12 15 -11 -16 18 -4 -19 21 -9 -23
right_child=1 -3 7 -5 5 6 -8 20 -10 11 12 -13 -14 -15 16 -17 -18 19 -20 -21 -22 22 -24
leaf_value=-2.601488647762322e-06 6.4470973532793071e-06 -8.954733733817728e-07 -1.1337818667501462e-07 -6.3682162521138746e-06 3.9141961739698097e-06 2.4727668632960685e-06 -3.3083023906684781e-06 5.6507052238430332e-06 -3.2971244000431658e-06 3.2835763702537246e-07 3.708134160618215e-06 -4.5953290444750955e-06 5.8417938963170203e-06 -9.323744693161147e-07 -8.7568738783137747e-07 -2.8651776168382122e-06 4.2049819942998769e-06 -4.3652146918778575e-06 3.7307185891677359e-06 -2.31966473025563e-07 -4.5953621255731292e-07 -1.112337438371469e-06 2.8719224780469574e-06
leaf_weight=31 20 34 143 23 22 21 23 20 21 58 24 21 21 22 23 56 21 27 33 107 33 20 26
leaf_count=31 20 34 143 23 22 21 23 20 21 58 24 21 21 22 23 56 21 27 33 107 33 20 26
internal_value=4.02674e-15 1.824e-06 -1.23739e-07 -1.37638e-06 -1.92749e-07 9.38628e-07 -5.49156e-07 9.8624e-08 -1.44892e-07 -2.58331e-08 4.12149e-07 -9.48287e-07 2.85314e-06 1.48876e-06 -4.63553e-07 -1.2404e-06 1.54918e-06 -1.15421e-07 6.0739e-07 -1.06479e-06 1.51791e-06 2.50663e-06 1.13964e-06
internal_weight=850 54 796 120 97 66 44 676 577 556 377 179 67 46 158 114 44 310 176 134 99 66 46
internal_count=850 54 796 120 97 66 44 676 577 556 377 179 67 46 158 114 44 310 176 134 99 66 46
is_linear=0
shrinkage=0.3


Tree=238
num_leaves=21
num_cat=0
split_feature=11 4 14 17 19 16 17 9 10 15 10 21 6 11 14 3 6 18 0 17
split_gain=2.13455e-09 1.27837e-08 3.25786e-09 2.81593e-09 3.37818e-09 2.64766e-09 3.37546e-09 4.1821e-09 2.50996e-09 3.00569e-09 2.36158e-09 3.20873e-09 2.66864e-09 4.16918e-09 5.10359e-09 3.25065e-09 7.71072e-09 3.59347e-09 2.00506e-09 8.56336e-10
threshold=69.150829693617482 5352200.0000000009 0.024583861845639991 0.010405828513558731 -0.94409799999999999 0.0043057458712023331 0.012671709874905275 0.028025625188841819 -1.1948766307061838 0.002288489682120446 -2.1101836630641424 0.023491000000000005 -0.0062239949447125374 33.951882307590296 0.014184398312519267 4.7140913009643564 0.0019902438648898443 0.21037024857837675 5.0463450584868417 0.0072919689631933318
decision_type=2 2 2 2 2 2 2 2 2 2 2 2 2 2 2 2 2 2 2 2
left_child=3 -2 -3 4 -1 8 -7 -8 -5 18 -6 -12 13 -13 -15 16 -14 -17 -10 -4
right_child=1 2 19 5 10 6 7 -9 9 -11 11 12 15 14 -16 17 -18 -19 -20 -21
leaf_value=-3.5399678198143276e-06 7.8600801738762771e-06 -3.1667515923317066e-06 2.4151771607908551e-06 2.7562463986084495e-06 -3.0545665190907631e-06 5.2825465776219387e-06 -1.8561878694830132e-06 3.0830025375886783e-06 -6.1829563817030109e-07 1.9154937348275779e-06 2.9466847235783332e-06 4.4183215290717193e-06 -5.0998234825620471e-06 3.6753597129290939e-06 -9.8285023818093307e-07 1.0651532578211473e-06 -4.2117266947753129e-07 -1.5979962795816056e-06 -4.1784659005728029e-06 -3.2772768008726413e-07
leaf_weight=31 21 27 21 21 27 22 27 36 35 24 28 23 46 27 98 114 102 76 24 20
leaf_count=31 21 27 21 21 27 22 27 36 35 24 28 23 46 27 98 114 102 76 24 20
internal_value=1.84005e-14 1.39015e-06 -6.07914e-07 -1.6258e-07 -4.94301e-07 8.41357e-07 2.08338e-06 9.66207e-07 -1.73755e-07 -9.1508e-07 -3.1978e-07 -1.76124e-07 -3.56039e-07 7.0633e-07 2.33231e-08 -8.21218e-07 -1.87535e-06 -1.06557e-10 -2.0665e-06 1.07717e-06
internal_weight=850 89 68 761 572 189 85 63 104 83 541 514 486 148 125 338 148 190 59 41
internal_count=850 89 68 761 572 189 85 63 104 83 541 514 486 148 125 338 148 190 59 41
is_linear=0
shrinkage=0.3


Tree=239
num_leaves=17
num_cat=0
split_feature=18 12 7 19 27 11 10 3 11 10 22 6 15 10 16 11
split_gain=2.14544e-09 7.38447e-09 1.40116e-08 2.67458e-09 3.46961e-09 1.99312e-09 2.39655e-09 4.65584e-09 4.69802e-09 2.61941e-09 2.89845e-09 4.49916e-09 3.96837e-09 1.92365e-09 2.02019e-09 1.46164e-09
threshold=0.61516067904003524 0.0029409244617757788 0.0062077528490228628 -0.95000249999999997 0.95403550000000015 75.788212927533394 1.2810933225936727 5.1315364837646493 59.7402994366618 1.1436467823270033 0.23882600000000001 -0.024534888989004095 0.02254340378344535 0.065748424245392151 0.0043057458712023331 68.588048781897911
decision_type=2 2 2 2 2 2 2 2 2 2 2 2 2 2 2 2
left_child=3 13 -3 -1 5 6 9 8 -8 10 12 -12 -5 14 -2 -9
right_child=1 2 -4 4 -6 -7 7 15 -10 -11 11 -13 -14 -15 -16 -17
leaf_value=2.7308098891707131e-06 -1.4195518982672716e-06 -1.1047629381977231e-06 1.0124865110583414e-05 -4.3370354520620447e-07 -3.0616417667225997e-06 2.7996032133614789e-06 4.2256551130942008e-08 1.896240126484372e-06 -5.5523635718860266e-06 3.3885280799950123e-06 4.3347883383325496e-06 2.0145658645056643e-07 -4.8138154352272968e-06 -2.2219230524326988e-06 2.31751070131736e-06 -1.3670524530035825e-06
leaf_weight=27 23 20 20 269 39 20 22 30 35 20 27 194 20 33 30 21
leaf_count=27 23 20 20 269 39 20 22 30 35 20 27 194 20 33 30 21
internal_value=-4.70463e-15 1.14249e-06 4.51005e-06 -1.98832e-07 -3.12319e-07 -1.49365e-07 -2.41809e-07 -1.52985e-06 -3.39304e-06 2.06601e-08 -1.11413e-07 7.06434e-07 -7.36825e-07 -4.23812e-07 6.95767e-07 5.52531e-07
internal_weight=850 126 40 724 697 658 638 108 57 530 510 221 289 86 53 51
internal_count=850 126 40 724 697 658 638 108 57 530 510 221 289 86 53 51
is_linear=0
shrinkage=0.3


Tree=240
num_leaves=21
num_cat=0
split_feature=0 3 0 22 22 10 18 10 4 22 8 14 17 27 4 5 4 23 13 3
split_gain=2.36835e-09 8.75333e-09 3.0639e-09 3.77913e-09 6.68285e-09 2.31729e-09 3.24038e-09 3.57931e-09 6.49417e-09 3.78614e-09 3.24529e-09 3.61241e-09 2.22627e-09 3.00396e-09 2.89774e-09 1.79928e-09 2.28616e-09 2.17236e-09 1.16225e-09 1.7813e-09
threshold=4.5951122113101279 4.6155657768249521 4.6233601855380408 0.96337200000000012 0.95745150000000012 1.6805944998800912 -0.020133907874077466 0.1482820331708633 2711250.0000000005 0.023780000000000006 0.095486521047423514 0.018571988506710376 0.0021298750857269184 0.89300950000000012 8135650.0000000009 -0.012320443634420196 3475100.0000000005 0.58333350000000006 0.022425364960030291 5.6651875972747812
decision_type=2 2 2 2 2 2 2 2 2 2 2 2 2 2 2 2 2 2 2 2
left_child=1 12 -2 4 5 6 7 9 -9 -4 11 -8 13 -1 15 -14 -17 -18 -7 -20
right_child=2 -3 3 -5 -6 18 10 8 -10 -11 -12 -13 14 -15 -16 16 17 -19 19 -21
leaf_value=4.8377512563280922e-07 -2.9414028267330797e-06 6.6774717067476426e-06 1.0738949240916437e-06 3.9260696402720894e-06 -5.396650991103383e-06 -3.1700440365664154e-06 2.151095262260081e-06 4.6412471937805495e-06 -6.0765797796935917e-07 -2.7815193379122538e-06 4.6134534204611561e-06 -3.4913558512719088e-07 4.1567848836621122e-06 -4.2275711166439575e-06 -1.5510939403741627e-06 3.3832146025011194e-06 -1.3521127792378488e-06 2.2302937804852262e-06 1.1141434386089437e-06 -2.7570564549250778e-06
leaf_weight=29 37 21 31 20 22 28 85 27 99 88 20 134 20 21 35 26 39 25 23 20
leaf_count=29 37 21 31 20 22 28 85 27 99 88 20 134 20 21 35 26 39 25 23 20
internal_value=3.03318e-15 8.57932e-07 -2.92292e-07 -1.2811e-07 -2.68636e-07 -6.5363e-08 1.69423e-07 -5.97255e-07 5.17107e-07 -1.77717e-06 9.55347e-07 6.21274e-07 2.31212e-07 -1.49499e-06 8.26455e-07 1.58295e-06 1.01098e-06 4.72648e-08 -1.66587e-06 -6.86415e-07
internal_weight=850 216 634 597 577 555 484 245 126 119 239 219 195 50 145 110 90 64 71 43
internal_count=850 216 634 597 577 555 484 245 126 119 239 219 195 50 145 110 90 64 71 43
is_linear=0
shrinkage=0.3


Tree=241
num_leaves=27
num_cat=0
split_feature=14 19 13 18 4 7 12 3 20 15 22 15 14 22 22 15 7 15 16 27 27 7 18 11 12 4
split_gain=2.02625e-09 5.839e-09 5.52551e-09 1.1373e-08 4.27277e-09 3.04917e-09 3.67906e-09 2.93793e-09 2.15491e-09 3.9463e-09 1.85771e-09 2.34177e-09 2.23544e-09 3.00585e-09 2.70835e-09 2.39242e-09 2.37746e-09 2.44319e-09 5.15199e-09 1.83554e-09 2.77503e-09 2.6874e-09 2.38324e-09 2.5465e-09 2.25457e-09 1.62622e-09
threshold=0.016410258023605403 -0.8862939999999998 0.01880040009544488 0.48110147813899445 2067550.0000000002 -0.0040733081500934224 -0.00052947917975293684 4.6680672168731698 0.14375250000000003 0.0038910615213550931 0.50293650000000012 0.02282011176016641 0.034309518450336376 0.95421800000000012 0.95808550000000003 -0.0052166443810666941 -0.013308724343987971 0.0063897776555746745 0.0064515553453598495 0.72476450000000014 0.78569650000000013 -0.0017226430446019225 -0.28083164011477707 66.241799583218295 0.0003803267382510651 6307650.0000000009
decision_type=2 2 2 2 2 2 2 2 2 2 2 2 2 2 2 2 2 2 2 2 2 2 2 2 2 2
left_child=1 -1 3 -2 -3 6 -6 -7 -9 -10 11 19 14 15 16 -14 -12 18 -18 21 -21 -4 24 -24 -22 -23
right_child=2 4 10 -5 5 7 -8 8 9 -11 12 -13 13 -15 -16 -17 17 -19 -20 20 22 25 23 -25 -26 -27
leaf_value=-4.3924168915723648e-06 2.0443282940169938e-08 -3.3555444962339898e-06 6.4030626368372806e-07 8.8586848229255103e-06 -1.4167200499916641e-07 -2.6756848810042095e-06 4.9051527783561253e-06 2.7364202107297125e-06 1.7777471043700644e-06 -3.7821702207452288e-06 -2.2846470431613464e-06 -2.6529161782730771e-06 -9.1961725247309062e-07 5.1435766272334145e-06 -3.2679765598686569e-06 2.9430854106572548e-06 1.4387222368416562e-08 -1.0355842073295207e-06 5.5892457039590226e-06 3.6224998552825126e-06 2.85779825937027e-06 -5.0000600822386334e-06 -2.0233603256028083e-07 -3.6210744425439453e-06 -7.30668044140587e-07 -1.2623213876850059e-06
leaf_weight=34 38 31 31 20 26 35 26 28 27 20 22 38 31 20 20 27 37 30 25 20 40 20 133 23 26 22
leaf_count=34 38 31 31 20 26 35 26 28 27 20 22 38 31 20 20 27 37 30 25 20 40 20 133 23 26 22
internal_value=-8.93591e-15 -7.67344e-07 2.79594e-07 3.06811e-06 -1.2873e-07 4.88747e-07 2.38174e-06 -4.06122e-07 6.53007e-07 -5.88175e-07 -6.66116e-09 -4.28228e-07 6.95287e-07 1.97214e-06 -4.79539e-08 8.78537e-07 5.16962e-07 1.18691e-06 2.26231e-06 -1.59853e-07 2.37889e-07 -1.47839e-06 -6.70308e-08 -7.06381e-07 1.44416e-06 -3.0422e-06
internal_weight=850 227 623 58 193 162 52 110 75 47 565 353 212 78 134 58 114 92 62 315 242 73 222 156 66 42
internal_count=850 227 623 58 193 162 52 110 75 47 565 353 212 78 134 58 114 92 62 315 242 73 222 156 66 42
is_linear=0
shrinkage=0.3


Tree=242
num_leaves=31
num_cat=0
split_feature=2 13 13 0 1 15 7 6 6 27 7 20 7 20 26 16 3 22 13 13 7 17 21 5 9 13 18 15 22 14
split_gain=1.96733e-09 7.86197e-09 2.57147e-09 5.74533e-09 4.5125e-09 4.12499e-09 1.57655e-09 2.21082e-09 3.40586e-09 2.74026e-09 2.85353e-09 1.5277e-09 2.75183e-09 4.04021e-09 2.68747e-09 2.86847e-09 3.81971e-09 5.62814e-09 2.6533e-09 5.46039e-09 3.40315e-09 2.45603e-09 2.43957e-09 1.92506e-09 2.11284e-09 2.36939e-09 2.63274e-09 2.02715e-09 1.39186e-09 1.13294e-09
threshold=4.5538699268649259 0.017209872716906421 0.017209872716906421 4.7360743081576917 4.704486129743719 0.0040983566511258495 -0.025409028368138117 -0.0024428859962820934 -0.013003535721334553 0.88408950000000008 -0.0022806467878944523 0.10154050000000002 -0.0064309681721653267 0.061556000000000007 0.44151000000000001 0.0092678397891415697 5.2270925045013437 0.066108000000000014 0.02404059174049258 0.032569341134252604 0.0031417223617311251 0.0039139056614521123 0.080168500000000018 0.0090228990092063432 0.014084022787924743 0.022278804879853058 0.26558202531599645 0.013370852539195946 0.11201600000000002 0.021174408474102919
decision_type=2 2 2 2 2 2 2 2 2 2 2 2 2 2 2 2 2 2 2 2 2 2 2 2 2 2 2 2 2 2
left_child=1 -1 3 4 -2 -6 -3 8 -8 28 -11 12 22 18 15 16 17 -13 21 20 -20 -14 -4 24 -16 -26 -27 -25 -9 -10
right_child=2 6 11 -5 5 -7 7 9 29 10 -12 14 13 -15 23 -17 -18 -19 19 -21 -22 -23 -24 27 25 26 -28 -29 -30 -31
leaf_value=5.106664139020722e-06 -3.7522202902096067e-06 -2.1313916427892272e-06 3.8093366955950914e-06 -5.9754569808102455e-06 4.5614037415475653e-06 -1.1693272575450043e-06 1.311445859154706e-06 4.5178464233686098e-06 -1.1787214022872051e-06 -3.1567143514621419e-06 1.6096796980054232e-06 -7.852715911634991e-06 2.6022580096096703e-06 3.7662879614280033e-06 2.4042936571788686e-06 1.4568394622723903e-06 6.5877242150236268e-08 -1.4918690636490614e-06 -6.5770328899361621e-06 1.9691297328705557e-06 -1.6962524033677557e-06 -1.366280842148626e-06 9.77887582718852e-08 3.9058266416056789e-06 -3.5172507527931886e-06 7.2739198060389758e-07 -3.129195459093483e-06 2.6937267485422849e-07 1.4890433724712437e-06 -4.3336732994703196e-06
leaf_weight=32 24 26 37 22 20 26 35 22 21 20 26 21 32 21 20 21 33 31 20 24 36 25 28 22 25 66 21 37 36 20
leaf_count=32 24 26 37 22 20 26 35 22 21 20 26 21 32 21 20 21 33 31 20 24 36 25 28 22 25 66 21 37 36 20
internal_value=-5.23158e-15 7.31877e-07 -2.84619e-07 -1.74661e-06 -4.17539e-07 1.32229e-06 5.22979e-08 3.6772e-07 -8.62184e-07 1.2665e-06 -4.62666e-07 -2.59593e-08 5.67463e-07 -1.08477e-07 -4.71525e-07 -1.6829e-06 -2.4586e-06 -4.06067e-06 -7.02419e-07 -1.81683e-06 -3.43939e-06 8.61671e-07 2.21052e-06 2.00756e-07 -4.3599e-07 -9.43183e-07 -2.03508e-07 1.62534e-06 2.6379e-06 -2.71772e-06
internal_weight=850 238 612 92 70 46 206 180 76 104 46 520 223 158 297 106 85 52 137 80 56 57 65 191 132 112 87 59 58 41
internal_count=850 238 612 92 70 46 206 180 76 104 46 520 223 158 297 106 85 52 137 80 56 57 65 191 132 112 87 59 58 41
is_linear=0
shrinkage=0.3


Tree=243
num_leaves=14
num_cat=0
split_feature=10 10 21 3 19 3 17 11 16 13 6 19 6
split_gain=1.94586e-09 5.45291e-09 1.21955e-09 1.5144e-09 8.6306e-09 1.77329e-09 3.06955e-09 1.3965e-09 3.20418e-09 1.96781e-09 1.78654e-09 2.49041e-09 2.26102e-09
threshold=1.9429589625903658 2.2502403139229514 0.93052850000000009 5.8450112342834482 -0.41145599999999993 5.5461583137512216 0.0064882381853232354 64.504158315007658 0.0019230751596258065 0.028725696911574661 0.029879192211467374 -0.94366349999999988 0.020752368287786819
decision_type=2 2 2 2 2 2 2 2 2 2 2 2 2
left_child=2 -2 3 5 -5 7 -7 10 -9 -10 11 -1 -13
right_child=1 -3 -4 4 -6 6 -8 8 9 -11 -12 12 -14
leaf_value=2.7088155718502094e-06 4.7573820395404216e-06 -1.2719431797197305e-06 -2.2709598277475854e-06 -6.1345027640007688e-06 2.3681592339967624e-06 -7.5592548565804028e-08 4.5374834241686453e-06 -3.7822511760153026e-06 1.4049196302899823e-06 -2.1779157004883392e-06 -2.7053189252512762e-06 -1.2186866716201112e-07 2.6475603972794409e-06
leaf_weight=33 27 27 23 21 22 34 21 29 37 22 20 506 28
leaf_count=33 27 27 23 21 22 34 21 29 37 22 20 506 28
internal_value=1.46894e-15 1.74272e-06 -1.18225e-07 -5.41718e-08 -1.7843e-06 4.77401e-08 1.68576e-06 -8.57285e-08 -1.2002e-06 6.89471e-08 8.1347e-08 1.79642e-07 2.33448e-08
internal_weight=850 54 796 773 43 730 55 675 88 59 587 567 534
internal_count=850 54 796 773 43 730 55 675 88 59 587 567 534
is_linear=0
shrinkage=0.3


Tree=244
num_leaves=27
num_cat=0
split_feature=1 10 4 1 22 10 20 12 2 27 20 16 17 10 0 10 16 15 16 26 22 2 18 4 11 16
split_gain=1.52909e-09 7.90414e-09 2.54173e-09 2.37873e-09 1.99123e-09 1.695e-09 2.04869e-09 2.07614e-09 5.88929e-09 3.18677e-09 1.97192e-09 2.23721e-09 1.79398e-09 1.68711e-09 2.38146e-09 1.90673e-09 3.17546e-09 2.74731e-09 4.2614e-09 2.61409e-09 2.06195e-09 1.78337e-09 1.70111e-09 2.11983e-09 1.56113e-09 1.41194e-09
threshold=4.7095343406308166 1.2810933225936727 10759400.000000002 4.7237222672906505 0.96026750000000016 0.79091262546566554 0.21409150000000002 -2.1665845428773009e-05 4.5072838773588408 0.85425300000000004 0.14155400000000004 0.0062500434617183695 0.0046262086676061888 1.5725934344204742 4.6877873622416066 0.95020128104055279 0.0036429958558437231 0.0020000457763672441 0.0020407656836846271 0.068969500000000017 0.17743600000000004 5.2444952390299475 -0.23035159709995254 8135650.0000000009 68.852574366613553 0.0085069915325327282
decision_type=2 2 2 2 2 2 2 2 2 2 2 2 2 2 2 2 2 2 2 2 2 2 2 2 2 2
left_child=1 2 5 -2 13 6 10 9 -9 -8 11 12 -1 14 -5 17 21 19 -19 -16 -18 -17 -15 -24 -25 -13
right_child=3 -3 -4 4 -6 -7 7 8 -10 -11 -12 25 -14 22 15 16 20 18 -20 -21 -22 -23 23 24 -26 -27
leaf_value=-2.0222345166790288e-06 -3.5069115619990044e-06 6.3086894931529963e-06 -3.1244027661614383e-06 3.3198874364513486e-06 -2.7882016820370833e-06 -2.1960661527486988e-06 -1.138414641369915e-06 9.6769081288773033e-07 -5.7240160101912346e-06 2.9761594799282419e-06 4.1310968811103516e-06 4.2283000707047071e-06 1.4050540407595237e-06 1.0568955088078011e-06 -2.4532098362012929e-06 -2.542095210174011e-06 5.3951235406657354e-06 2.0981925972178444e-06 -2.6293886441554653e-06 7.0042092656360417e-07 1.0872800208971967e-06 1.4641881810462111e-06 -4.4810117397478931e-06 7.584118148429297e-07 -2.7502410050926429e-06 7.8921912550608146e-07
leaf_weight=28 20 20 20 21 25 21 36 29 20 32 21 22 27 22 27 20 20 22 78 191 20 20 21 25 21 21
leaf_count=28 20 20 20 21 25 21 36 29 20 32 21 22 27 22 27 20 20 22 78 191 20 20 21 25 21 21
internal_value=2.39495e-15 5.49052e-07 1.33193e-07 -2.94879e-07 -1.74353e-07 3.86703e-07 6.16526e-07 -2.74898e-07 -1.76362e-06 7.97856e-07 1.49297e-06 9.27654e-07 -3.39747e-07 -4.57187e-08 2.06251e-07 4.19638e-08 1.35112e-06 -2.87385e-07 -1.58932e-06 3.09834e-07 3.2412e-06 -5.38954e-07 -1.23196e-06 -1.98352e-06 -8.43364e-07 2.54875e-06
internal_weight=850 297 277 553 533 257 236 117 49 68 119 98 55 508 419 398 80 318 100 218 40 40 89 67 46 43
internal_count=850 297 277 553 533 257 236 117 49 68 119 98 55 508 419 398 80 318 100 218 40 40 89 67 46 43
is_linear=0
shrinkage=0.3


Tree=245
num_leaves=25
num_cat=0
split_feature=17 10 1 1 0 13 21 19 0 7 1 26 17 17 20 6 1 6 0 20 20 12 7 6
split_gain=1.9416e-09 4.18239e-09 2.94674e-09 4.1027e-09 2.87638e-09 2.67024e-09 1.07553e-08 2.76879e-09 2.47615e-09 2.43761e-09 2.20251e-09 3.0537e-09 2.10488e-09 1.6093e-09 2.13259e-09 1.56855e-09 3.15624e-09 4.51309e-09 3.50384e-09 1.78595e-09 2.9217e-09 2.38539e-09 1.75998e-09 1.184e-09
threshold=0.0021436231034958216 1.9429589625903658 4.7457759446606538 4.7095343406308166 4.5706191816944282 0.016335606537799533 0.060329000000000001 -0.93845049999999997 4.9695506578639508 0.0021835184963592221 4.921569268997124 0.79041200000000011 1.0000000180025095e-35 0.0037488281820907388 0.27763200000000005 0.0082562587389345878 4.6526090111309371 0.015633192132652671 5.0772779925690434 0.026983500000000004 0.040311500000000007 -0.0094012958642486644 0.0065377541854237777 -0.0059940597425534904
decision_type=2 2 2 2 2 2 2 2 2 2 2 2 2 2 2 2 2 2 2 2 2 2 2 2
left_child=1 2 3 4 9 6 -2 8 -7 -1 11 -4 -12 14 -9 19 -17 18 -18 23 -21 -22 -19 -15
right_child=5 -3 10 -5 -6 7 -8 13 -10 -11 12 -13 -14 15 -16 16 17 22 -20 20 21 -23 -24 -25
leaf_value=4.118010567211172e-07 -7.717937693314525e-06 4.7569418407127675e-06 6.9426873920974681e-07 -4.2079923470023095e-06 2.2012632531922655e-06 1.1997205717761972e-07 1.5356583477254248e-06 -3.7227127784768121e-06 4.6397357286309665e-06 -3.6409223713527377e-06 1.7576187449752044e-06 5.5875045402134754e-06 -1.7646129365927593e-06 -4.0204431421386742e-06 3.0820720309878066e-07 -1.9275932871855937e-06 6.3997446969468992e-06 8.329697416586247e-07 1.2994139525959425e-06 2.6613687193080944e-06 -3.7131508751997444e-06 -2.9493626536198929e-07 -2.4705007522892885e-06 -7.5609087161865314e-07
leaf_weight=34 20 21 24 24 38 24 26 27 20 22 37 22 26 20 21 33 22 47 27 28 20 226 21 20
leaf_count=34 20 21 24 24 38 24 26 27 20 22 37 22 26 20 21 33 22 47 27 28 20 226 21 20
internal_value=4.63104e-15 7.06421e-07 3.31703e-07 -7.07143e-07 1.86691e-07 -2.91017e-07 -2.48764e-06 -1.09282e-07 2.17441e-06 -1.18034e-06 1.45633e-06 3.03451e-06 3.03999e-07 -3.05537e-07 -1.95919e-06 -1.3447e-07 6.6358e-07 1.39442e-06 3.58936e-06 -5.15704e-07 -2.42337e-07 -5.7284e-07 -1.8722e-07 -2.38827e-06
internal_weight=850 248 227 118 94 602 46 556 44 56 109 46 63 512 48 464 150 117 49 314 274 246 68 40
internal_count=850 248 227 118 94 602 46 556 44 56 109 46 63 512 48 464 150 117 49 314 274 246 68 40
is_linear=0
shrinkage=0.3


Tree=246
num_leaves=24
num_cat=0
split_feature=3 3 22 22 16 1 2 19 1 10 4 5 3 5 21 22 8 17 17 12 14 10 8
split_gain=1.51428e-09 4.74496e-09 2.49205e-09 2.41254e-09 2.43484e-09 2.24137e-09 2.06289e-09 3.42809e-09 1.98342e-09 2.96061e-09 2.02896e-09 2.36714e-09 1.81847e-09 1.79239e-09 1.45786e-09 1.29694e-09 2.04678e-09 1.48994e-09 1.26806e-09 1.96915e-09 1.93237e-09 1.02721e-09 6.96621e-10
threshold=4.6718349456787118 4.642155885696412 0.96026750000000016 0.025011000000000002 0.0047846846286744684 4.6877865665316101 4.6563057694277559 -0.024730999999999996 4.5908345942686859 0.50883174376358487 4933700.0000000009 0.0024211813941924071 4.7140913009643564 0.0064447382360334838 0.87712350000000006 0.055305500000000007 0.079298749125180715 0.0020283957021205146 0.0057691796291490681 0.0016168762338212486 0.019111759146066446 -1.2147384823732768 -0.054191526984645612
decision_type=2 2 2 2 2 2 2 2 2 2 2 2 2 2 2 2 2 2 2 2 2 2 2
left_child=1 3 6 4 -1 8 7 -2 10 21 13 22 -8 -5 15 16 17 -14 19 -17 -20 -10 -12
right_child=2 -3 -4 5 -6 -7 12 -9 9 -11 11 -13 14 -15 -16 18 -18 -19 20 -21 -22 -23 -24
leaf_value=3.7000882341632091e-07 2.9490402937426551e-07 3.8732024759849869e-06 -3.1682329073681523e-06 3.8544696699082507e-06 -3.6974782365935727e-06 3.42474952368186e-06 2.515347070811913e-06 -5.023150690703915e-06 1.4783106537821467e-06 -4.1054448071520256e-06 -2.5420155235554953e-06 2.2566428115694108e-06 2.8210604166535911e-07 2.1174666414935925e-07 1.6381767468833285e-06 4.1889080331604701e-07 1.3035661438082638e-06 -2.3488406996940404e-06 3.2263310513174116e-06 -1.8780379943884049e-06 2.2251808361172793e-07 -1.0930499507625866e-06 -2.2735572622423204e-07
leaf_weight=26 24 34 26 31 27 22 25 20 27 20 22 26 26 20 39 78 26 76 23 59 119 29 25
leaf_count=26 24 34 26 31 27 22 25 20 27 20 22 26 26 20 39 78 26 76 23 59 119 29 25
internal_value=-8.11429e-15 5.29828e-07 -3.02619e-07 1.16465e-07 -1.70211e-06 5.50628e-07 -1.57947e-07 -2.12239e-06 2.34475e-07 -9.72276e-07 9.74097e-07 -4.02126e-08 2.55683e-08 2.42595e-06 -1.13993e-07 -2.81892e-07 -1.07253e-06 -1.67821e-06 8.08405e-08 -5.70298e-07 7.09051e-07 1.46713e-07 -1.31081e-06
internal_weight=850 309 541 275 53 222 515 44 200 76 124 73 471 51 446 407 128 102 279 137 142 56 47
internal_count=850 309 541 275 53 222 515 44 200 76 124 73 471 51 446 407 128 102 279 137 142 56 47
is_linear=0
shrinkage=0.3


Tree=247
num_leaves=27
num_cat=0
split_feature=15 13 10 13 13 22 15 27 7 27 10 26 27 21 12 15 18 4 25 10 12 21 11 1 14 20
split_gain=1.58869e-09 5.35052e-09 2.15226e-09 5.57877e-09 3.29521e-09 2.84868e-09 2.7185e-09 2.68855e-09 1.88435e-09 1.67901e-09 1.67812e-09 1.51992e-09 1.44932e-09 1.74966e-09 1.48384e-09 1.46032e-09 1.25625e-09 1.88517e-09 2.30137e-09 1.87166e-09 1.98502e-09 2.11862e-09 1.95196e-09 1.25578e-09 9.93763e-10 8.93484e-10
threshold=0.0083044943002777271 0.016335606537799533 0.79091262546566554 0.018977370490186007 0.02999233745085288 0.042495500000000005 0.0049965718538707996 0.93586250000000015 1.0000000180025095e-35 0.88408950000000008 1.7124536637482846 0.79797800000000019 0.92660600000000015 0.065976000000000021 0.0025210561635990968 0.018465296656562116 0.83186326483095618 10174700.000000002 0.29166650000000005 -1.0756995197612926 -0.0045566707563404569 0.8289645000000001 40.871188471082654 4.5574844415132985 0.03072461951041704 0.089640500000000012
decision_type=2 2 2 2 2 2 2 2 2 2 2 2 2 2 2 2 2 2 2 2 2 2 2 2 2 2
left_child=2 -2 6 -4 5 -5 16 8 -7 -8 12 -12 13 -3 24 -14 17 19 -19 22 -21 -22 23 -1 -15 -10
right_child=1 10 3 4 -6 7 9 -9 25 -11 11 -13 15 14 -16 -17 -18 18 -20 20 21 -23 -24 -25 -26 -27
leaf_value=1.9038146502759405e-06 5.2391639412365163e-06 3.2647576455050951e-06 -5.9031839248291362e-06 3.1805765230353206e-06 -3.5419095621154363e-06 -4.0027060884995079e-06 -4.2433645546680056e-06 2.318910918207097e-06 -1.854151625835243e-06 -3.5606166761681377e-07 -3.3722255068369122e-06 2.4128767522184216e-07 6.1114936897865848e-07 -1.3018089876482007e-06 2.3846635650038986e-06 -2.5890383670100294e-06 -1.5228702869407585e-06 3.6211670122712449e-07 4.5495126317161647e-06 3.4966123922686163e-06 7.1962458656064941e-07 -2.0649352100982858e-06 -2.5631967995073306e-06 -8.9116398838812591e-07 1.3086267770745506e-06 9.8157645664898033e-07
leaf_weight=23 21 29 20 23 26 20 20 21 20 20 20 22 33 35 27 21 32 27 21 20 202 28 39 39 21 20
leaf_count=23 21 29 20 23 26 20 20 21 20 20 20 22 33 35 27 21 32 27 21 20 202 28 39 39 21 20
internal_value=-5.9137e-15 6.75398e-07 -2.4906e-07 -1.23872e-06 -5.21114e-07 2.34084e-07 6.61198e-08 -6.02574e-07 -1.62509e-06 -2.29971e-06 2.14633e-07 -1.47943e-06 6.43252e-07 1.25877e-06 5.57877e-07 -6.33368e-07 2.85687e-07 4.30734e-07 2.1941e-06 1.89589e-07 6.29913e-07 3.80635e-07 -9.0032e-07 1.45683e-07 -3.22896e-07 -4.36288e-07
internal_weight=850 229 621 150 130 104 471 81 60 40 208 42 166 112 83 54 431 399 48 351 250 230 101 62 56 40
internal_count=850 229 621 150 130 104 471 81 60 40 208 42 166 112 83 54 431 399 48 351 250 230 101 62 56 40
is_linear=0
shrinkage=0.3


Tree=248
num_leaves=22
num_cat=0
split_feature=26 19 13 10 6 7 6 15 17 7 10 6 19 1 15 9 12 6 13 18 27
split_gain=1.55453e-09 6.95608e-09 2.46174e-09 6.74893e-09 1.68834e-09 1.50318e-09 2.22812e-09 1.47053e-09 1.5592e-09 1.48723e-09 1.98219e-09 1.34895e-09 1.32223e-09 3.00819e-09 1.4336e-09 2.20545e-09 2.153e-09 1.40278e-09 1.14142e-09 2.22489e-09 1.54437e-09
threshold=0.71061700000000017 0.6516645000000002 0.017209872716906421 0.6127117068042488 -0.025409028368138117 0.022803356434285025 -0.017196670776377421 -0.013036137296771161 0.0083333250549107018 -0.014087245136322672 -1.2667407315316783 0.0062959892737265528 -0.94366349999999988 4.9693350600347008 -0.018537616489630395 0.030357214997086403 -0.0095844934864508513 -0.017087284705359786 0.026145417847550371 0.10037083433503736 0.92660600000000015
decision_type=2 2 2 2 2 2 2 2 2 2 2 2 2 2 2 2 2 2 2 2 2
left_child=1 4 3 -2 -1 6 -6 8 -8 11 -11 -9 13 -4 15 -14 -16 -18 20 -20 -19
right_child=2 -3 12 -5 5 -7 7 9 -10 10 -12 -13 14 -15 16 -17 17 18 19 -21 -22
leaf_value=-2.3723989263989212e-06 1.5005615654655019e-07 5.6021514269714724e-06 -8.8883964953429696e-07 -6.5206576022904174e-06 2.7772206074963344e-06 2.3900680681825695e-06 3.3740225262590684e-06 2.5059413823263245e-06 -2.8173163530352343e-07 -3.2072077390239424e-06 -3.7694548403939786e-07 -5.5909800806830394e-07 4.1520242945125573e-07 4.1418673060888977e-06 2.9299701378704414e-06 -3.8503501357922685e-06 -2.0670491102237064e-06 3.333838027602349e-07 -3.695302209074552e-07 2.5369934224715361e-06 -1.7838074719228895e-06
leaf_weight=23 39 22 23 21 26 28 21 28 21 25 204 24 20 20 20 24 35 68 63 38 57
leaf_count=23 39 22 23 21 26 28 21 28 21 25 204 24 20 20 20 24 35 68 63 38 57
internal_value=4.1015e-15 4.0858e-07 -4.02852e-07 -2.18469e-06 1.22934e-07 2.75169e-07 1.05492e-07 -1.0957e-07 1.54615e-06 -3.57043e-07 -6.85926e-07 1.09131e-06 -1.12335e-07 1.45102e-06 -3.19179e-07 -1.91146e-06 -6.98537e-08 -2.99725e-07 -2.60247e-08 7.24013e-07 -6.32055e-07
internal_weight=850 422 428 60 400 377 349 323 42 281 229 52 368 43 325 44 281 261 226 101 125
internal_count=850 422 428 60 400 377 349 323 42 281 229 52 368 43 325 44 281 261 226 101 125
is_linear=0
shrinkage=0.3


Tree=249
num_leaves=20
num_cat=0
split_feature=1 10 13 15 1 1 3 14 3 26 27 21 5 5 6 5 12 4 12
split_gain=1.50372e-09 6.04113e-09 3.56647e-09 1.65931e-09 1.56026e-09 1.47936e-09 2.53612e-09 1.6661e-09 1.37148e-09 1.41568e-09 1.78072e-09 3.78026e-09 3.70603e-09 2.83414e-09 2.06793e-09 1.69853e-09 1.27829e-09 1.71774e-09 1.4793e-09
threshold=4.7883413205746477 1.6327443331839007 0.018442398876153423 0.02254340378344535 4.8432931078984041 4.9317176774661524 4.9026951789855966 0.014590897674239925 4.7311642169952401 0.045194000000000005 0.9191005000000001 0.047808500000000011 0.0024211813941924071 -0.0062434002508455688 -0.0022806467878944523 0.0064447382360334838 0.0050916995362729521 6057850.0000000009 0.0083809224793159921
decision_type=2 2 2 2 2 2 2 2 2 2 2 2 2 2 2 2 2 2 2
left_child=1 3 -2 8 -4 -6 -7 -8 9 -1 12 13 14 -12 -11 -14 17 -9 -18
right_child=2 -3 4 -5 5 6 7 16 -10 10 11 -13 15 -15 -16 -17 18 -19 -20
leaf_value=-2.1423780980433587e-06 -4.3041014507139149e-06 5.3651034184960217e-06 -2.3643121709580687e-06 -2.451387435290339e-06 1.7586448405080699e-06 -3.5163428173490274e-06 2.0197625524076556e-06 -2.0899939968640779e-06 2.390946350333972e-06 -2.6243979542247257e-06 2.7375381012373713e-06 4.5765836539146671e-06 4.0515022973863777e-06 -7.3994209069445034e-07 -2.4545469463888026e-07 6.0335869562777593e-07 1.8206122145869585e-06 -1.449624038283639e-07 -7.6578736776114323e-07
leaf_weight=23 20 21 28 21 37 20 32 55 26 49 31 24 20 66 100 36 48 159 34
leaf_count=23 20 21 28 21 37 20 32 55 26 49 31 24 20 66 100 36 48 159 34
internal_value=4.12321e-15 4.06603e-07 -3.91578e-07 1.43652e-07 -2.0211e-07 -4.48589e-08 -2.36611e-07 -3.66271e-08 2.88974e-07 1.32381e-07 2.9287e-07 1.2055e-06 -2.45805e-07 3.71418e-07 -1.02779e-06 1.83484e-06 -2.58939e-07 -6.44854e-07 7.48203e-07
internal_weight=850 417 433 396 413 385 348 328 375 349 326 121 205 97 149 56 296 214 82
internal_count=850 417 433 396 413 385 348 328 375 349 326 121 205 97 149 56 296 214 82
is_linear=0
shrinkage=0.3


Tree=250
num_leaves=27
num_cat=0
split_feature=16 22 13 13 18 18 21 6 13 9 22 16 11 22 18 18 6 9 6 12 7 15 0 13 13 6
split_gain=1.48715e-09 3.27238e-09 2.46402e-09 8.45857e-09 2.07417e-09 2.69271e-09 3.33886e-09 2.66016e-09 2.43955e-09 1.58759e-09 1.56693e-09 2.03593e-09 1.4585e-09 1.42139e-09 1.71214e-09 3.15777e-09 2.43233e-09 3.00009e-09 2.29257e-09 1.82876e-09 1.40926e-09 1.30647e-09 1.94429e-09 1.29131e-09 9.77018e-10 8.75178e-10
threshold=0.0038424591116485354 0.96026750000000016 0.01827756515498109 0.015351678566589491 -0.074561325772364892 0.0053664081110158263 0.13449250000000004 -0.0037140119586412126 0.029281461921696929 0.025903668710300427 0.92584000000000011 0.0040650367106455036 44.909361376348983 0.010974000000000003 0.11315601241399345 0.32530017332129207 -0.014087245136322672 0.039586205798161203 -0.024534888989004095 0.0015116330248927841 0.0020450774053327064 0.0097087191854394583 5.2270923085533738 0.028237467953608587 0.02471847133136772 -0.0021165001558440832
decision_type=2 2 2 2 2 2 2 2 2 2 2 2 2 2 2 2 2 2 2 2 2 2 2 2 2 2
left_child=2 10 3 20 7 -6 24 9 -8 -4 11 -2 -12 -13 16 25 18 -18 -15 -17 -1 22 23 -9 -7 -16
right_child=1 -3 4 -5 5 6 8 21 -10 -11 12 13 -14 14 15 19 17 -19 -20 -21 -22 -23 -24 -25 -26 -27
leaf_value=1.4655276993897298e-06 -3.1769024019467907e-06 -3.686893550479908e-06 4.7524217036100578e-06 7.0856809088581938e-06 -3.9205514644891076e-06 -2.5726713964699533e-06 -2.2840843723059833e-07 -3.0732365667221176e-06 3.6838556767111618e-06 1.1056966805902201e-06 -5.3539449214915056e-07 2.2530315985136441e-06 2.5578078848679175e-06 -7.7128947483288672e-07 1.1694048659840271e-06 4.8574590640068241e-07 -1.0085356101252607e-06 2.2807454894841464e-06 -5.0549367079549322e-06 -2.0182575438961893e-06 -1.9300985235756489e-06 1.9160522023972032e-06 1.450721495237823e-06 2.3051579360485035e-08 -4.2139771397243842e-07 3.816079562630361e-06
leaf_weight=22 22 25 21 21 20 38 32 27 26 22 23 20 34 23 22 70 128 31 22 42 22 26 28 22 38 23
leaf_count=22 22 25 21 21 20 38 32 27 26 22 23 20 34 23 22 70 128 31 22 42 22 26 28 22 38 23
internal_value=9.06183e-15 -3.44243e-07 4.57418e-07 2.13198e-06 9.45967e-08 -6.73471e-07 -1.88832e-07 9.0475e-07 1.52537e-06 2.88666e-06 -1.62577e-07 -3.70811e-07 1.30967e-06 -2.08779e-07 -3.45168e-07 3.99568e-07 -9.18322e-07 -3.67229e-07 -2.86552e-06 -4.53255e-07 -2.32285e-07 7.73525e-08 -5.43507e-07 -1.68307e-06 -1.49703e-06 2.52215e-06
internal_weight=850 485 365 65 300 154 134 146 58 43 460 403 57 381 361 157 204 159 45 112 44 103 77 49 76 45
internal_count=850 485 365 65 300 154 134 146 58 43 460 403 57 381 361 157 204 159 45 112 44 103 77 49 76 45
is_linear=0
shrinkage=0.3


Tree=251
num_leaves=30
num_cat=0
split_feature=9 13 11 14 5 17 20 17 6 6 9 4 19 7 7 16 21 17 4 19 15 5 26 25 16 20 5 26 14
split_gain=1.33977e-09 3.97712e-09 3.23613e-09 1.53875e-09 1.59261e-09 2.6224e-09 2.39029e-09 2.01439e-09 4.19027e-09 2.51797e-09 1.75325e-09 1.52795e-09 2.31908e-09 1.85028e-09 2.92346e-09 1.40111e-09 1.31793e-09 1.90856e-09 1.29588e-09 1.20376e-09 1.04324e-09 2.0044e-09 1.88006e-09 1.37005e-09 1.87598e-09 1.63983e-09 1.12134e-09 1.08084e-09 3.51417e-10
threshold=0.019798513215210232 0.019741336659727462 61.401448465346981 0.010214505503169954 -1.0000000180025095e-35 0.0041194648942119161 0.020643500000000006 0.0033813493370835183 -0.002046961470181559 -0.0021505772891525737 0.012638438220505354 4933700.0000000009 -0.89608949999999987 -1.0000000180025095e-35 0.004175333928463496 0.0063291584930334826 0.030308000000000005 0.0050104544996179669 3609600.0000000005 -0.8862939999999998 -0.015196712724626426 -0.0061209417778434758 0.79041200000000011 0.58333350000000006 0.0072463933946654933 0.60733450000000011 -0.01115273236207894 0.33595700000000006 0.025275256070068582
decision_type=2 2 2 2 2 2 2 2 2 2 2 2 2 2 2 2 2 2 2 2 2 2 2 2 2 2 2 2 2
left_child=2 -2 3 -1 5 10 -6 9 -9 -8 -5 12 -3 18 -15 28 17 -13 -14 -19 22 26 27 25 -25 -23 -22 -18 -7
right_child=1 11 -4 4 6 15 7 8 -10 -11 -12 16 13 14 -16 -17 20 19 -20 -21 21 23 -24 24 -26 -27 -28 -29 -30
leaf_value=2.0642730978200537e-06 -4.3357016206105721e-06 -4.0205684115335316e-06 3.9999985450446149e-06 -2.9245382604260936e-06 2.3519123050164125e-06 1.876310972875217e-06 2.4789194540630889e-06 -4.8503012107498612e-06 -1.5033866351120051e-07 -1.6140763665499624e-06 7.303309492575256e-07 3.578965831128817e-06 -3.4561802769293657e-07 3.5872983960416601e-06 -1.0363120614975685e-06 4.1442856579010366e-06 -1.7538564998176296e-06 1.5779510627785735e-06 -3.6051541087545045e-06 -1.5178170843910264e-06 4.7204394749397491e-07 9.4765397177659215e-07 -3.418524671484523e-06 -2.9754367607104369e-06 5.7659972546152059e-07 -1.0777973536009581e-06 3.4678945363121663e-06 1.1336875371422853e-06 1.8916044155048438e-07
leaf_weight=36 21 20 22 21 20 25 24 31 38 31 27 23 23 20 32 20 20 26 21 20 22 104 22 32 23 55 23 28 20
leaf_count=36 21 20 22 21 20 25 24 31 38 31 27 23 23 20 32 20 20 26 21 20 22 104 22 32 23 55 23 28 20
internal_value=-1.04563e-14 -2.89005e-07 4.9085e-07 2.27365e-07 -2.99453e-08 8.131e-07 -6.91502e-07 -1.18238e-06 -2.26192e-06 1.71958e-07 -8.68674e-07 -1.23673e-07 -1.08177e-06 -4.69515e-07 7.42e-07 2.05503e-06 1.5557e-07 1.34763e-06 -1.90131e-06 2.31965e-07 -9.44374e-08 1.83288e-07 -1.12202e-06 -1.99416e-07 -1.49004e-06 2.47026e-07 2.00326e-06 -6.94558e-08 1.12647e-06
internal_weight=850 535 315 293 257 113 144 124 69 55 48 514 116 96 52 65 398 69 44 46 329 259 70 214 55 159 45 48 45
internal_count=850 535 315 293 257 113 144 124 69 55 48 514 116 96 52 65 398 69 44 46 329 259 70 214 55 159 45 48 45
is_linear=0
shrinkage=0.3


Tree=252
num_leaves=22
num_cat=0
split_feature=5 5 19 1 0 5 16 27 16 12 16 10 4 22 14 4 27 21 26 10 4
split_gain=1.21378e-09 5.48782e-09 1.57151e-09 1.3609e-09 1.07713e-09 2.87457e-09 1.04722e-09 1.55733e-09 1.72494e-09 1.91588e-09 1.87669e-09 1.59403e-09 2.44667e-09 2.14039e-09 1.54865e-09 2.05237e-09 1.63556e-09 1.12333e-09 2.97504e-09 1.70705e-09 1.08777e-09
threshold=0.018692129159024334 0.022372878459104253 0.44185950000000002 4.9069794269062195 5.8590107488271945 -1.0000000180025095e-35 0.0080645277584510278 0.53219400000000017 0.0064378134743952485 -0.004446422102970209 0.0074418598079839067 0.17554318115712672 2453700.0000000005 0.074579500000000007 0.016410258023605403 3584650.0000000005 0.62932250000000012 0.063113500000000003 0.21642150000000002 -0.79833420366590269 6356900.0000000009
decision_type=2 2 2 2 2 2 2 2 2 2 2 2 2 2 2 2 2 2 2 2 2
left_child=4 -2 3 -3 6 -6 7 -1 9 20 -10 13 -13 -11 -8 -16 -17 19 -19 -18 -9
right_child=1 2 -4 -5 5 -7 14 8 10 11 -12 12 -14 -15 15 16 17 18 -20 -21 -22
leaf_value=-1.9460342275186999e-06 4.6428979999291182e-06 -1.1530757953031364e-06 -2.0667461312925671e-06 1.9957596941821978e-06 8.7015694540631158e-07 -4.0936323250053062e-06 -2.6106113520540929e-06 3.2295954838446051e-06 4.0653425450252394e-06 -2.0459825179841574e-06 2.2933514856049442e-07 2.9337610268953537e-06 1.4781097336578698e-09 1.5958603204973605e-07 2.2386048733551434e-06 1.7551207244131157e-06 1.6045573892774378e-06 3.5677833320083398e-07 -3.7419090272454171e-06 -1.5510389165029891e-06 5.8850777371333154e-07
leaf_weight=29 27 21 29 30 21 21 30 25 22 72 24 30 175 88 25 21 27 28 37 36 32
leaf_count=29 27 21 29 30 21 21 30 25 22 72 24 30 175 88 25 21 27 28 37 36 32
internal_value=1.19371e-15 9.4468e-07 -3.03468e-07 6.9918e-07 -1.36044e-07 -1.61174e-06 -4.76288e-08 1.8729e-07 3.19483e-07 1.29328e-07 2.06395e-06 -1.23276e-07 4.30593e-07 -8.3292e-07 -6.19955e-07 -2.76739e-07 -6.98776e-07 -1.10137e-06 -1.97632e-06 -1.9864e-07 1.74688e-06
internal_weight=850 107 80 51 743 42 701 497 468 422 46 365 205 160 204 174 149 128 65 63 57
internal_count=850 107 80 51 743 42 701 497 468 422 46 365 205 160 204 174 149 128 65 63 57
is_linear=0
shrinkage=0.3


Tree=253
num_leaves=23
num_cat=0
split_feature=15 11 22 11 26 10 10 13 4 2 2 26 24 9 9 13 13 7 12 7 3 22
split_gain=1.10112e-09 6.53524e-09 1.88643e-09 9.25773e-10 4.38745e-09 2.85018e-09 1.36407e-09 1.39239e-09 2.03549e-09 1.72931e-09 1.86191e-09 1.40765e-09 1.37412e-09 1.16808e-09 1.48303e-09 1.42303e-09 1.63274e-09 1.77742e-09 1.6551e-09 1.39264e-09 1.09937e-09 6.33197e-10
threshold=0.023000570384511084 66.45252879287041 0.14458600000000002 53.883906286497755 0.93953350000000013 1.1436467823270033 1.2810933225936727 0.01880040009544488 2736900.0000000005 5.1887025881831947 5.3449904369066745 0.36578700000000003 1.0000000180025095e-35 0.063313957365246323 0.045973489937581172 0.038688343428296905 0.032126480053851443 -0.0063560456288135137 0.0021832715380403814 -0.0018976046885870184 5.1315364837646493 0.55012300000000014
decision_type=2 2 2 2 2 2 2 2 2 2 2 2 2 2 2 2 2 2 2 2 2 2
left_child=3 2 -2 5 6 13 7 -5 -9 11 -11 -10 20 14 15 16 18 -18 -1 -16 21 -8
right_child=1 -3 -4 4 -6 -7 12 8 9 10 -12 -13 -14 -15 19 -17 17 -19 -20 -21 -22 -23
leaf_value=-1.8042795092826178e-07 -2.9729049186601383e-06 5.5209657992756019e-06 1.0981636933138361e-06 2.1630413482398581e-06 -4.6788821301951043e-06 3.5904066505411589e-06 -3.60929863194752e-06 -2.4944349643891862e-06 3.4099152186074985e-06 -3.0244372820479011e-06 4.9759025322211005e-07 5.4984030996038048e-07 7.6892215078925931e-07 -1.8270300895908114e-06 3.6045269220608136e-06 2.3875265753758865e-06 6.1191053321506061e-07 -2.7964175056638395e-06 2.0515666071386314e-06 4.1333873390669851e-07 -4.0198131208463955e-07 -1.3640317231988776e-06
leaf_weight=248 21 21 20 30 21 21 26 26 21 22 35 59 28 29 20 20 21 40 34 32 35 20
leaf_count=248 21 21 20 30 21 21 26 26 21 22 35 59 28 29 20 20 21 40 34 32 35 20
internal_value=1.43446e-15 1.2173e-06 -9.87018e-07 -9.57773e-08 -4.85931e-07 1.75233e-07 -1.94368e-07 2.84781e-07 -6.09109e-08 4.00926e-07 -8.61789e-07 1.30061e-06 -1.04277e-06 1.3704e-08 1.42334e-07 -7.23111e-08 -2.15742e-07 -1.62306e-06 8.86778e-08 1.64072e-06 -1.66903e-06 -2.6331e-06
internal_weight=850 62 41 788 323 465 302 193 163 137 57 80 109 444 415 363 343 61 282 52 81 46
internal_count=850 62 41 788 323 465 302 193 163 137 57 80 109 444 415 363 343 61 282 52 81 46
is_linear=0
shrinkage=0.3


Tree=254
num_leaves=20
num_cat=0
split_feature=20 13 7 9 9 14 22 14 13 13 13 9 9 9 13 9 9 5 6
split_gain=1.01455e-09 4.61632e-09 1.46335e-09 1.45855e-09 1.78775e-09 9.84932e-10 9.40404e-10 1.68544e-09 1.23517e-09 4.75812e-09 1.08413e-09 2.11586e-09 2.80964e-09 1.19054e-09 2.38021e-09 9.08761e-10 1.21334e-09 7.63354e-10 7.58894e-10
threshold=0.80144150000000014 0.016335606537799533 -1.0000000180025095e-35 0.029386186956223189 0.017843128151440464 0.0085561514467526086 0.0099465000000000022 0.010775901710882033 0.017209872716906421 0.01544693680738613 0.021959589360292232 0.022277708838786662 0.015515891073366152 0.017706780712526436 0.024199100870593435 0.035187468232480736 0.025684803255721634 0.0021835184963592221 -0.018463195888810211
decision_type=2 2 2 2 2 2 2 2 2 2 2 2 2 2 2 2 2 2 2
left_child=5 -2 3 4 -3 -1 -7 -8 9 17 11 12 -10 14 -12 16 -4 -9 -15
right_child=1 2 15 -5 -6 6 7 8 10 -11 13 -13 -14 18 -16 -17 -18 -19 -20
leaf_value=-1.8756199606600444e-06 4.6065267848343474e-06 -5.5154129898125707e-08 4.0499537346607081e-07 6.3982120188654792e-07 -3.9249538672756696e-06 -2.0634621461925106e-06 2.0642797329111835e-06 1.4831640330612573e-06 -1.0001135643101912e-08 -5.0908255324039986e-06 2.0214958343578065e-07 -7.9105214798051453e-07 4.3179250891651262e-06 9.313935252591293e-07 -3.99162706230527e-06 -5.3083870170667065e-07 3.3821935785867522e-06 -1.0034338978925915e-06 -1.9209776023911362e-07
leaf_weight=29 23 21 28 32 22 21 33 25 27 21 29 37 27 65 21 24 22 20 323
leaf_count=29 23 21 28 32 22 21 33 25 27 21 29 37 27 65 21 24 22 20 323
internal_value=-4.16545e-15 6.50728e-07 4.01011e-08 -8.93773e-07 -2.03505e-06 -1.65081e-07 -8.86475e-08 -2.26107e-08 -1.38354e-07 -1.36207e-06 1.43217e-08 9.56539e-07 2.15396e-06 -1.81436e-07 -1.55924e-06 9.86595e-07 1.71496e-06 3.78009e-07 -3.88401e-09
internal_weight=850 172 149 75 43 678 649 628 595 66 529 91 54 438 50 74 50 45 388
internal_count=850 172 149 75 43 678 649 628 595 66 529 91 54 438 50 74 50 45 388
is_linear=0
shrinkage=0.3


Tree=255
num_leaves=24
num_cat=0
split_feature=18 13 10 13 7 2 7 27 12 8 16 18 18 20 21 17 7 20 19 22 14 5 18
split_gain=7.99337e-10 4.91016e-09 1.40229e-09 4.53021e-09 1.18877e-09 2.01806e-09 1.70101e-09 1.50432e-09 1.45891e-09 1.25282e-09 1.1645e-09 1.68886e-09 1.12546e-09 9.96641e-10 1.49522e-09 9.62752e-10 1.18408e-09 1.82759e-09 1.5088e-09 1.3539e-09 8.88054e-10 6.58962e-10 5.24875e-10
threshold=0.48110147813899445 0.016723296298573432 0.79091262546566554 0.0179843030689061 0.01223254865501114 4.7281471408466791 0.006479628746801855 0.81280500000000011 0.0043693844343685225 0.073535693783679315 0.0093458302104955163 0.69083679943530163 0.68328369498927699 0.012977500000000001 0.022264500000000003 0.020731311311660339 0.017525558896413239 0.44930850000000006 -0.89608949999999987 0.011663500000000002 0.025746775384975957 0.0021255271189565693 -0.1406955751500176
decision_type=2 2 2 2 2 2 2 2 2 2 2 2 2 2 2 2 2 2 2 2 2 2 2
left_child=2 -2 13 -4 5 8 7 -7 -5 -9 11 21 -12 -1 -15 16 18 -18 -16 -20 -13 -3 -6
right_child=1 10 3 4 22 6 -8 9 -10 -11 12 20 -14 14 15 -17 17 -19 19 -21 -22 -23 -24
leaf_value=2.2043676221983333e-06 4.4640333748446893e-06 8.3875909240305191e-07 -4.9838484561145638e-06 -6.9263770782868053e-07 2.0099906876062643e-06 -1.1673394174067653e-06 -2.3676763329863854e-06 3.5089010059152768e-06 -4.2728055798793972e-06 3.5067142305842058e-07 -2.744900729112487e-06 -2.0161113319570335e-06 1.3123578537488356e-07 -2.0832824245888203e-06 2.3719904419294834e-06 1.9860370982769381e-06 -2.9015021425493615e-06 8.0078927534746719e-07 2.3503356828769029e-06 -8.6508901242947018e-08 4.1225450166331772e-07 3.1703749765199516e-06 -3.9660847115576621e-08
leaf_weight=20 25 24 21 20 23 25 21 20 21 26 24 23 25 28 28 25 28 21 22 305 33 20 22
leaf_count=20 25 24 21 20 23 25 21 20 21 26 24 23 25 28 28 25 28 21 22 305 33 20 22
internal_value=4.06138e-15 5.73423e-07 -1.47597e-07 -8.16555e-07 -3.24908e-07 -7.75871e-07 4.2477e-09 7.05803e-07 -2.52638e-06 1.72381e-06 -7.93635e-08 5.07716e-07 -1.27748e-06 1.31486e-07 4.0769e-08 1.79402e-07 6.7605e-08 -1.31481e-06 2.58417e-07 7.74378e-08 -5.8511e-07 1.89858e-06 1.00794e-06
internal_weight=850 174 676 199 178 133 92 71 41 46 149 100 49 477 457 429 404 49 355 327 56 44 45
internal_count=850 174 676 199 178 133 92 71 41 46 149 100 49 477 457 429 404 49 355 327 56 44 45
is_linear=0
shrinkage=0.3


Tree=256
num_leaves=24
num_cat=0
split_feature=20 6 20 4 10 18 4 6 14 14 0 15 15 27 13 1 4 1 8 1 6 21 6
split_gain=9.14984e-10 3.82759e-09 3.47079e-09 2.66149e-09 1.47751e-09 3.73071e-09 1.06145e-09 7.79414e-10 1.79876e-09 1.51134e-09 2.80296e-09 1.91758e-09 1.30362e-09 1.11134e-09 1.25769e-09 1.54686e-09 1.04236e-09 9.13454e-10 1.34845e-09 9.09983e-10 9.5173e-10 6.6102e-10 5.50465e-10
threshold=0.025935000000000003 -0.0059940597425534904 0.014439500000000001 3552250.0000000005 1.9429589625903658 0.17808299896074672 6430800.0000000009 -0.0061729192430691653 0.014590897674239925 0.012332991990728978 4.7264491148675214 0.002044939124275428 0.02254340378344535 0.72476450000000014 0.032569341134252604 4.7065198805643362 6598650.0000000009 5.2966761070873565 0.066688526886667446 5.1761886134724397 0.023363891710475895 0.057253500000000006 0.0056605638686329151
decision_type=2 2 2 2 2 2 2 2 2 2 2 2 2 2 2 2 2 2 2 2 2 2 2
left_child=1 2 -1 -3 7 -6 -5 8 -2 10 11 -9 17 -10 15 -15 -17 19 -19 20 -11 -16 -8
right_child=4 3 -4 6 5 -7 22 9 13 12 -12 -13 -14 14 21 16 -18 18 -20 -21 -22 -23 -24
leaf_value=-1.0418252636348122e-07 2.4333380655624146e-06 3.1385892690138916e-06 -5.224043114647149e-06 -1.8346335309615824e-06 -8.8488894892758581e-07 4.7053500850324778e-06 -6.593821296974056e-07 -5.0638656156414591e-06 -1.3804743415353942e-06 6.2306660434803956e-08 8.7485081918556616e-07 -9.5931703071983064e-07 -2.1506281405475854e-06 1.3712661916235596e-06 4.9783330679660636e-07 -2.475818827936867e-06 5.5224806594367232e-08 -2.0016233792686854e-06 5.9897608642412536e-07 2.190584809902418e-06 1.944655495359863e-06 2.7131375128182826e-06 1.5152422099101219e-06
leaf_weight=22 36 24 26 31 22 21 20 21 36 231 27 20 23 37 22 27 32 38 34 24 27 27 22
leaf_count=22 36 24 26 31 22 21 20 21 36 231 27 20 23 37 22 27 32 38 34 24 27 27 22
internal_value=-1.39057e-15 -6.86324e-07 -2.87744e-06 3.9794e-07 1.41159e-07 1.84523e-06 -5.03095e-07 3.04715e-08 4.96622e-07 -1.96843e-07 -1.49863e-06 -3.06165e-06 3.79619e-08 1.11419e-07 4.81821e-07 -1.49407e-07 -1.10305e-06 1.80158e-07 -7.73563e-07 4.23662e-07 2.59297e-07 1.71851e-06 4.79707e-07
internal_weight=850 145 48 97 705 43 73 662 217 445 68 41 377 181 145 96 59 354 72 282 258 49 42
internal_count=850 145 48 97 705 43 73 662 217 445 68 41 377 181 145 96 59 354 72 282 258 49 42
is_linear=0
shrinkage=0.3


Tree=257
num_leaves=13
num_cat=0
split_feature=10 10 21 20 5 5 18 27 18 14 18 18
split_gain=8.70827e-10 3.50937e-09 8.54245e-10 7.15735e-10 3.56815e-09 4.72199e-09 6.05127e-10 7.41311e-10 7.72304e-10 3.10276e-09 1.10384e-09 8.67869e-10
threshold=2.005398843256645 1.7752302325127249 0.20483200000000004 0.016357500000000004 0.0020920309664146388 -0.010080998921954729 -1.1676542876758789 0.5020825000000001 -0.65105208697192818 0.020554986651214965 -0.51753239261842743 -0.46157831202024796
decision_type=2 2 2 2 2 2 2 2 2 2 2 2
left_child=1 3 -2 4 5 -1 -5 -8 9 -9 -10 -12
right_child=2 -3 -4 6 -6 -7 7 8 10 -11 11 -13
leaf_value=2.3648724507552287e-07 -2.1880862927644321e-06 3.903574794808914e-06 3.2670418242730648e-07 1.6509135418475905e-06 1.7803444153388329e-06 -6.0050226926477988e-06 1.5278431247013809e-06 -3.4889147678364277e-06 1.6459748452861448e-06 7.1717089726513146e-07 -1.9380800690019636e-06 2.7990673646308579e-08
leaf_weight=24 31 21 20 21 27 20 28 27 37 38 21 535
leaf_count=24 31 21 20 21 27 20 28 27 37 38 21 535
internal_value=4.66952e-15 7.67166e-08 -1.20189e-06 -2.6579e-08 -9.34584e-07 -2.60056e-06 6.46068e-08 1.60464e-08 -4.82854e-08 -1.02997e-06 5.93194e-08 -4.62674e-08
internal_weight=850 799 51 778 71 44 707 686 658 65 593 556
internal_count=850 799 51 778 71 44 707 686 658 65 593 556
is_linear=0
shrinkage=0.3


Tree=258
num_leaves=25
num_cat=0
split_feature=1 3 7 22 22 19 26 27 4 4 4 5 13 10 3 17 12 3 19 4 19 1 4 20
split_gain=8.72998e-10 4.24483e-09 6.47885e-09 1.13795e-09 1.34137e-09 1.10209e-09 4.42116e-09 9.91693e-10 1.15491e-09 1.26216e-09 1.1493e-09 1.13355e-09 1.11398e-09 9.11472e-10 8.5383e-10 1.41313e-09 1.86898e-09 1.12174e-09 1.12843e-09 1.00659e-09 8.85426e-10 8.31767e-10 7.54306e-10 4.65833e-10
threshold=4.7095343406308166 4.6299395561218271 0.0019305057666435916 0.024717500000000003 0.013752000000000002 -0.95000249999999997 0.93953350000000013 0.93594350000000015 4853200.0000000009 5623750.0000000009 2788950.0000000005 0.004175333928463496 0.033770876252010452 1.6805944998800912 4.7027094364166269 0.0020283957021205146 -0.0023564206612489793 5.8680236339569101 -0.89922099999999994 4616350.0000000009 0.04023150000000001 4.9407063956577062 12950700.000000002 0.015758500000000005
decision_type=2 2 2 2 2 2 2 2 2 2 2 2 2 2 2 2 2 2 2 2 2 2 2 2
left_child=1 3 -3 4 -1 -2 13 8 10 -10 -5 -12 -11 14 19 16 -16 18 -17 -7 -18 -15 -23 -9
right_child=5 2 -4 7 -6 6 -8 23 9 12 11 -13 -14 21 15 17 20 -19 -20 -21 -22 22 -24 -25
leaf_value=4.6067531741300625e-07 1.8578581489236967e-06 -5.8463528500414421e-08 7.1235728270835349e-06 -1.0099329860286556e-06 -2.7808311726415823e-06 -2.7322082855464808e-06 -4.6846155396451644e-06 4.0011187536492797e-07 -2.9544132985392934e-06 8.8558278434902591e-07 2.7278863251467557e-06 -1.4591584301472591e-07 -1.6128436615856806e-06 -2.6676081616146388e-06 3.360339111789192e-06 -2.311846819904788e-06 1.6488435081695428e-06 1.926295040277637e-06 -1.2088812743969091e-07 1.4055998605044805e-07 -6.6237819782242823e-07 5.3033839984389743e-07 -1.8645161932795415e-06 2.3425961562679731e-06
leaf_weight=20 22 26 20 23 27 21 20 20 20 36 30 21 29 22 26 23 26 22 264 23 35 29 20 25
leaf_count=20 22 26 20 23 27 21 20 20 20 36 30 21 29 22 26 23 26 22 264 23 35 29 20 25
internal_value=1.49841e-15 4.14861e-07 3.06416e-06 -7.06679e-08 -1.40147e-06 -2.2281e-07 -3.09014e-07 2.35938e-07 -1.15949e-07 -8.7035e-07 7.50593e-07 1.54456e-06 -2.291e-07 -1.37758e-07 2.31899e-08 1.62493e-07 1.23052e-06 -1.38215e-07 -2.9647e-07 -1.23053e-06 3.22733e-07 -1.13518e-06 -4.47153e-07 1.47927e-06
internal_weight=850 297 46 251 47 553 531 204 159 85 74 51 65 511 440 396 87 309 287 44 61 71 49 45
internal_count=850 297 46 251 47 553 531 204 159 85 74 51 65 511 440 396 87 309 287 44 61 71 49 45
is_linear=0
shrinkage=0.3


Tree=259
num_leaves=24
num_cat=0
split_feature=10 11 4 4 18 10 6 5 13 11 10 27 12 0 14 4 7 8 16 1 15 6 12
split_gain=9.63942e-10 2.98767e-09 7.3071e-10 3.8408e-09 1.578e-09 1.09026e-09 1.27116e-09 1.10083e-09 1.05545e-09 2.26191e-09 1.68055e-09 1.22972e-09 1.05297e-09 9.49577e-10 1.01244e-09 1.88952e-09 1.43752e-09 1.14721e-09 9.27394e-10 8.39629e-10 1.20532e-09 8.64958e-10 8.07396e-10
threshold=1.9429589625903658 69.610076290312421 7204400.0000000009 7625150.0000000009 0.81585308003952384 -1.4611306734756127 -0.0019231337727346205 -0.01242257888914104 0.029517526014843792 39.726934362790814 0.77202941169245998 0.95191000000000014 0.00088749665944488269 4.4136380188086299 0.030534358084825467 13885100.000000002 -0.013003535721334553 0.006147422317464013 0.0038205227406386938 5.0544168520170318 0.0035026344956194905 -0.01242257888914104 -0.0014623879450338798
decision_type=2 2 2 2 2 2 2 2 2 2 2 2 2 2 2 2 2 2 2 2 2 2 2
left_child=2 -2 5 -4 13 6 -1 12 11 -10 18 19 -7 -5 16 22 -15 -18 -11 21 -21 -9 -16
right_child=1 -3 3 4 -6 7 -8 8 9 10 -12 -13 -14 14 15 -17 17 -19 -20 20 -22 -23 -24
leaf_value=9.2350400867265611e-08 -4.8487407582342708e-07 4.1360596490003233e-06 -3.743028447263049e-06 2.1401951221378111e-06 -2.2605740241488091e-06 3.1891263940256718e-06 -3.0631858743390694e-06 1.3541856075547796e-06 -1.2443578569790618e-06 4.3491327437550353e-06 -3.3314334479467544e-07 1.7878346948936478e-06 5.1608168571230333e-07 2.85002147312038e-06 -2.3919572517415208e-06 1.3859586595340746e-06 -1.3691610699732981e-06 9.5368346026702947e-07 1.7449882024678231e-06 -2.8541460288522559e-07 -3.2104175098928469e-06 -3.5002420754418989e-07 -3.6306905360011261e-07
leaf_weight=27 34 20 29 20 27 21 20 31 31 20 23 26 36 21 41 28 31 50 32 32 21 198 31
leaf_count=27 34 20 29 20 27 21 20 31 31 20 23 26 36 21 41 28 31 50 32 32 21 198 31
internal_value=-1.00616e-14 1.22658e-06 -8.32104e-08 -4.75566e-07 -9.50181e-08 1.27359e-07 -1.25043e-06 2.64845e-07 9.46655e-08 9.11178e-07 1.80213e-06 -1.86342e-07 1.50089e-06 1.6836e-07 -2.68709e-08 -7.05185e-07 6.38143e-07 6.46936e-08 2.74658e-06 -3.68358e-07 -1.44438e-06 -1.19323e-07 -1.51841e-06
internal_weight=850 54 796 278 249 518 47 471 414 106 75 308 57 222 202 100 102 81 52 282 53 229 72
internal_count=850 54 796 278 249 518 47 471 414 106 75 308 57 222 202 100 102 81 52 282 53 229 72
is_linear=0
shrinkage=0.3


Tree=260
num_leaves=25
num_cat=0
split_feature=9 15 9 9 22 18 17 17 4 22 12 9 4 22 19 10 9 4 6 27 8 3 8 6
split_gain=1.07097e-09 3.56051e-09 1.96543e-09 9.42917e-10 1.00245e-09 1.40941e-09 2.04358e-09 1.74597e-09 1.39503e-09 1.39026e-09 1.31404e-09 1.1549e-09 8.27896e-10 9.53389e-10 1.14525e-09 8.08063e-10 7.15844e-10 6.22706e-10 6.14173e-10 5.87406e-10 1.35388e-09 1.10792e-09 9.43595e-10 6.85014e-10
threshold=0.019798513215210232 0.018787750580167659 0.020913684544009742 0.017843128151440464 0.032881500000000008 0.079387408012020058 0.0062176666789968181 0.003960392113094788 2711250.0000000005 0.88827700000000009 -2.1665845428773009e-05 0.012638438220505354 4583200.0000000009 0.027253500000000003 -0.89608949999999987 1.6805944998800912 0.023389561712404503 3609600.0000000005 0.02055596072718241 0.88827700000000009 0.10302052865890547 5.2215342521667489 -0.10805434425566278 -0.01955121479994355
decision_type=2 2 2 2 2 2 2 2 2 2 2 2 2 2 2 2 2 2 2 2 2 2 2 2
left_child=1 3 -2 4 10 7 11 8 -6 -9 -1 -7 13 -4 -15 16 -14 -16 -17 20 21 -18 -21 -24
right_child=2 -3 12 -5 5 6 -8 9 -10 -11 -12 -13 15 14 17 18 19 -19 -20 22 -22 -23 23 -25
leaf_value=2.1372004085070496e-07 -2.9116383288396717e-06 4.3124856543386155e-06 -2.7387495936181947e-06 1.571068526866264e-06 4.2645975753430322e-06 -2.8487722664332998e-06 1.585301749698907e-06 -1.7371562528012417e-06 9.7709834020721374e-07 1.5268293954368741e-06 -2.3739285712632738e-06 -2.7170842993568305e-07 1.8500115261402875e-06 -2.4453905294308244e-06 9.4687842375294978e-07 -1.7906617963473415e-06 -9.6259062815127799e-08 -8.6493967766119234e-07 3.0445969542824971e-07 2.0718031019692589e-06 2.0244919910084035e-06 -1.9737096450328932e-06 -1.3889970947137239e-06 4.76843706439218e-07
leaf_weight=38 24 20 20 38 21 29 29 24 26 23 33 34 23 20 38 34 103 31 20 29 20 39 21 113
leaf_count=38 24 20 20 38 21 29 29 24 26 23 33 34 23 20 38 34 103 31 20 29 20 39 21 113
internal_value=-9.61615e-15 4.38856e-07 -2.58392e-07 1.76237e-07 -3.00023e-08 3.36063e-07 -4.98682e-07 1.15305e-06 2.44598e-06 -1.39887e-07 -9.8899e-07 -1.45798e-06 -1.33778e-07 -8.67106e-07 -4.46512e-07 6.506e-08 2.32608e-07 1.32873e-07 -1.01469e-06 1.18145e-07 -2.86417e-07 -6.11897e-07 5.20225e-07 1.84436e-07
internal_weight=850 315 535 295 257 186 92 94 47 47 71 63 511 109 89 402 348 69 54 325 162 142 163 134
internal_count=850 315 535 295 257 186 92 94 47 47 71 63 511 109 89 402 348 69 54 325 162 142 163 134
is_linear=0
shrinkage=0.3


Tree=261
num_leaves=21
num_cat=0
split_feature=0 18 13 11 0 2 8 18 21 26 10 10 4 18 17 5 14 18 13 9
split_gain=7.28787e-10 2.02518e-09 1.04233e-09 3.90061e-09 9.13215e-10 1.96261e-09 1.84274e-09 1.41757e-09 6.14787e-10 7.70047e-10 7.48609e-10 4.98488e-10 1.05782e-09 4.23879e-10 1.007e-09 1.01875e-09 8.99422e-10 8.24358e-10 1.35345e-09 1.26545e-09
threshold=5.8590107488271945 -0.034121226964570976 0.018691254564625982 60.000012953840987 4.654727976262321 4.6534684869959806 -0.0020449816911376584 -0.094330910863419423 0.87712350000000006 0.068969500000000017 0.098056056649477474 1.7752302325127249 8135650.0000000009 -0.047962182624003376 0.013913113684913854 -0.011904824381018815 0.04477612699037567 -0.72996560938426402 0.030786433459319935 0.022277708838786662
decision_type=2 2 2 2 2 2 2 2 2 2 2 2 2 2 2 2 2 2 2 2
left_child=2 -2 3 4 7 -6 -7 -1 9 -4 -10 13 -13 17 15 -15 -16 19 -19 -11
right_child=1 -3 8 -5 5 6 -8 -9 10 11 -12 12 -14 14 16 -17 -18 18 -20 -21
leaf_value=1.1678779419810327e-06 1.0709644832538535e-06 -2.7460821381796134e-06 -1.9204544968105934e-06 4.6878312781473138e-06 3.3873216909796608e-06 -2.3765579307832851e-06 1.2525199851405192e-06 -2.0716626640052945e-06 1.954762529976506e-06 2.553257562405114e-06 -2.8076493630526151e-07 -2.7042464924420525e-06 1.523796872301578e-07 -5.773027085999935e-07 -1.7611198945292632e-06 9.2180904222210537e-07 7.3591420147067765e-07 -1.1916926685049505e-06 4.1793232344389248e-07 -3.4854424065518909e-07
leaf_weight=20 22 29 22 20 20 20 34 31 28 21 26 20 28 55 37 158 20 126 75 38
leaf_count=20 22 29 22 20 20 20 34 31 28 21 26 20 28 55 37 158 20 126 75 38
internal_value=1.67396e-15 -1.09951e-06 7.01817e-08 7.97887e-07 1.75496e-07 8.48662e-07 -9.15829e-08 -8.01255e-07 -9.11597e-08 -1.7842e-07 8.78397e-07 -1.12114e-07 -1.03788e-06 -2.82709e-08 2.35004e-07 5.34714e-07 -8.84968e-07 -3.01672e-07 -5.91086e-07 6.843e-07
internal_weight=850 51 799 145 125 74 54 51 654 600 54 578 48 530 270 213 57 260 201 59
internal_count=850 51 799 145 125 74 54 51 654 600 54 578 48 530 270 213 57 260 201 59
is_linear=0
shrinkage=0.3


Tree=262
num_leaves=21
num_cat=0
split_feature=10 1 17 3 17 27 10 13 13 24 18 10 7 18 22 27 4 18 11 6
split_gain=7.04029e-10 2.746e-09 6.36683e-10 2.11716e-09 1.43162e-09 8.76309e-10 6.8903e-10 6.88254e-10 6.99492e-10 6.8051e-10 8.79128e-10 6.20811e-10 9.20521e-10 7.4767e-10 1.25862e-09 1.5975e-09 1.09131e-09 1.86752e-09 1.01142e-09 4.85663e-10
threshold=1.9429589625903658 5.0027154395593501 0.010405828513558731 5.8450112342834482 0.0086730566399214025 0.93457750000000017 -0.20913950151090702 0.033070464575375692 0.037271750847074285 0.41666650000000005 0.11315601241399345 1.2431680559568414 0.010115583664990166 -0.12959494053554568 0.016020000000000003 0.90830400000000011 4600000.0000000009 0.090762976637525236 35.100009511658271 0.0080321591214975504
decision_type=2 2 2 2 2 2 2 2 2 2 2 2 2 2 2 2 2 2 2 2
left_child=2 -2 3 4 11 7 -7 9 -9 10 -4 13 19 14 -1 -16 17 -15 -18 -13
right_child=1 -3 5 -5 -6 6 -8 8 -10 -11 -12 12 -14 16 15 -17 18 -19 -20 -21
leaf_value=1.6048535962277632e-06 3.8375796873069131e-06 -5.9252540875367201e-07 -9.7003280153647838e-07 -3.2609277040762661e-06 -1.876184050349121e-06 3.9217110906974993e-07 2.6425873961247183e-06 -1.9081711712942706e-06 2.9405782453295617e-07 1.8164552935436755e-06 1.1138967322007634e-06 -2.6667464148679503e-06 7.0140604655286802e-07 1.3054489685211072e-06 -1.4737938606011305e-06 3.1889882361468836e-07 2.5762618043422154e-06 -1.5078612749716867e-06 5.827132921812085e-07 -6.2412813775836182e-07
leaf_weight=27 20 34 38 20 39 25 24 27 25 26 35 22 22 35 91 88 27 54 151 20
leaf_count=27 20 34 38 20 39 25 24 27 25 26 35 22 22 35 91 88 27 54 151 20
internal_value=7.19538e-15 1.04825e-06 -7.11127e-08 -2.26537e-07 -1.21176e-07 3.92051e-07 1.49442e-06 3.43298e-08 -8.49407e-07 4.98515e-07 2.91115e-08 6.28274e-09 -8.70626e-07 1.24934e-07 -3.04471e-07 -5.9247e-07 4.56236e-07 -4.01503e-07 8.85105e-07 -1.69407e-06
internal_weight=850 54 796 596 576 200 49 151 52 99 73 537 64 473 206 179 267 89 178 42
internal_count=850 54 796 596 576 200 49 151 52 99 73 537 64 473 206 179 267 89 178 42
is_linear=0
shrinkage=0.3


Tree=263
num_leaves=28
num_cat=0
split_feature=27 13 13 7 18 4 13 4 10 15 0 14 14 22 16 7 1 29 1 27 8 13 0 14 11 12 4
split_gain=6.68548e-10 3.59035e-09 1.48107e-09 4.08515e-09 2.16425e-09 9.37967e-10 9.01654e-10 1.26566e-09 1.13984e-09 9.67441e-10 8.36946e-10 9.01412e-10 8.64679e-10 8.4377e-10 7.96755e-10 7.56015e-10 6.95703e-10 5.70575e-10 8.30439e-10 1.02279e-09 1.93576e-09 9.05563e-10 8.87632e-10 5.67661e-10 8.29215e-10 4.75759e-10 3.12884e-10
threshold=0.81940350000000006 0.016335606537799533 0.016335606537799533 -0.0061729192430691653 0.01825165033433163 2067550.0000000002 0.023980326066832345 8885250.0000000019 0.40792598699191512 -0.0067949921271422383 5.2441205159165287 0.02266096368618618 0.017252693873808594 0.038055000000000012 0.0056710470772005856 0.0021552640250432219 4.8213377627191836 1.5000000000000002 4.5480313939990902 0.87416700000000014 0.0095688918121555611 0.033158981615377621 4.4332173393000138 0.025975797769574021 56.344702101016601 -0.0035230895087755535 5019450.0000000009
decision_type=2 2 2 2 2 2 2 2 2 2 2 2 2 2 2 2 2 2 2 2 2 2 2 2 2 2 2
left_child=1 -1 3 -2 -5 -4 14 9 -9 16 17 12 -12 -13 15 -3 -8 18 22 20 -20 -21 -7 24 26 -15 -11
right_child=2 6 5 4 -6 10 7 8 -10 23 11 13 -14 25 -16 -17 -18 -19 19 21 -22 -23 -24 -25 -26 -27 -28
leaf_value=3.0458500836297951e-06 -5.1072380807681836e-06 -2.8496117309373404e-06 1.9570920682911361e-06 2.3872022200066566e-06 -1.5677518418173846e-06 -3.4669631165940018e-07 7.9745138817445749e-07 -2.2020818203204412e-06 6.6155475492864344e-07 -2.9617288015109416e-07 3.8114320194505457e-07 -1.6964765831062324e-06 3.0724429020015772e-06 1.7434117143011461e-06 4.2444560199328409e-07 -4.4266902102168857e-07 3.2697478491172658e-06 7.8703728397889838e-07 -3.9879127091973551e-06 -6.8435064860106388e-07 -8.2109312561261628e-09 9.8569291328739633e-07 2.2010105801939515e-06 1.2832242862970132e-06 -1.8055904109002898e-06 -1.333287445867603e-07 1.3618112048163767e-06
leaf_weight=39 20 24 21 20 33 32 21 29 22 21 22 20 21 20 25 23 20 37 22 177 22 35 20 32 21 31 20
leaf_count=39 20 24 21 20 33 32 21 29 22 21 22 20 21 20 25 23 20 37 22 177 22 35 20 32 21 31 20
internal_value=1.05417e-14 3.63047e-07 -1.94982e-07 -1.45393e-06 -7.53163e-08 -3.51735e-09 -4.24934e-08 3.06439e-07 -9.66788e-07 7.87436e-07 -9.32184e-08 6.11508e-07 1.6955e-06 -4.49928e-08 -9.43902e-07 -1.67175e-06 2.00345e-06 -3.26085e-07 -4.59804e-07 -6.81818e-07 -1.99806e-06 -4.08636e-07 6.33191e-07 2.57047e-07 -2.72594e-07 6.02648e-07 5.126e-07
internal_weight=850 297 553 73 53 480 258 186 51 135 459 114 43 71 72 47 41 345 308 256 44 212 52 94 62 51 41
internal_count=850 297 553 73 53 480 258 186 51 135 459 114 43 71 72 47 41 345 308 256 44 212 52 94 62 51 41
is_linear=0
shrinkage=0.3


Tree=264
num_leaves=18
num_cat=0
split_feature=13 13 10 17 19 10 2 15 1 13 13 7 18 7 4 20 17
split_gain=6.39956e-10 4.54876e-09 3.03874e-09 1.50608e-09 1.02787e-09 5.26982e-10 7.7354e-10 6.03275e-10 5.20019e-10 4.64308e-10 9.01649e-10 8.45641e-10 7.87302e-10 7.75273e-10 8.13603e-10 6.90424e-10 6.83941e-10
threshold=0.016028856943005845 0.01750943794238187 0.91907595093985417 0.0041666625274553648 -0.057317499999999993 1.7124536637482846 5.8101854616823756 0.0019627085910020746 5.263344889670452 0.024759613659393945 0.02574804816653067 -0.0017226430446019225 -0.50962739959591696 -0.010235527183047566 3906950.0000000005 0.015758500000000005 0.0021621625715462739
decision_type=2 2 2 2 2 2 2 2 2 2 2 2 2 2 2 2 2
left_child=2 -2 3 4 -1 6 9 -7 -9 12 11 -11 -3 -14 -15 -12 -17
right_child=1 5 -4 -5 -6 7 -8 8 -10 10 15 -13 13 14 -16 16 -18
leaf_value=9.5772425424911499e-07 4.562233801834736e-06 1.6819213735008068e-06 -3.9212684766555735e-06 1.8647436032269665e-06 -1.6993177531226795e-06 6.2473134846641195e-07 1.549973721641784e-06 -2.2011514130631277e-06 -3.3794015298947386e-07 -1.2877037209234132e-07 -1.4465147765757387e-06 -2.7902767844135599e-06 1.4222652612971843e-06 -1.3339311397253256e-06 2.728897255296782e-07 9.3034689914303802e-07 -1.3070989462406605e-07
leaf_weight=20 20 34 21 29 38 20 30 28 26 21 29 22 32 41 92 68 279
leaf_count=20 20 34 21 29 38 20 30 28 26 21 29 22 32 41 92 68 279
internal_value=-6.95021e-15 9.93109e-08 -6.82302e-07 9.9517e-08 -7.83096e-07 -2.43158e-08 6.22964e-08 -7.82758e-07 -1.30405e-06 -9.92099e-09 -1.89126e-07 -1.49047e-06 3.67399e-07 9.65283e-08 -2.22446e-07 -4.03016e-08 7.72205e-08
internal_weight=850 742 108 87 58 722 648 74 54 618 419 43 199 165 133 376 347
internal_count=850 742 108 87 58 722 648 74 54 618 419 43 199 165 133 376 347
is_linear=0
shrinkage=0.3


Tree=265
num_leaves=13
num_cat=0
split_feature=10 12 22 7 0 5 4 12 13 13 13 22
split_gain=7.23814e-10 2.24094e-09 5.0883e-10 1.89709e-09 4.51814e-10 6.20114e-10 5.37671e-10 1.39301e-09 8.5575e-10 1.13082e-09 8.86274e-10 5.08021e-10
threshold=1.9429589625903658 0.0042443613245629766 0.96026750000000016 -0.0021367392770927991 4.4616346243249927 0.0024211813941924071 1997050.0000000002 0.0011021391265792159 0.014358507379040061 0.015003833742478165 0.016028856943005845 0.013752000000000002
decision_type=2 2 2 2 2 2 2 2 2 2 2 2
left_child=2 -2 4 -4 5 -1 7 -6 -8 -10 -11 -12
right_child=1 -3 3 -5 6 -7 8 -9 9 10 11 -13
leaf_value=-1.6377294079055509e-06 3.582670652093611e-06 -4.1934748630430526e-07 -3.1808817527689824e-06 9.5116307534226504e-07 -2.333915468473909e-06 1.0169897312660117e-07 1.8529934172875074e-06 9.2390626562632858e-07 -1.5933736209003004e-06 1.8409644338943407e-06 1.0459002215649586e-06 -6.2979520538386044e-09
leaf_weight=35 20 34 20 20 27 39 25 21 35 27 45 502
leaf_count=35 20 34 20 20 27 39 25 21 35 27 45 502
internal_value=7.08096e-15 1.06288e-06 -7.2105e-08 -1.11486e-06 -1.69328e-08 -7.21004e-07 5.9462e-08 -9.08618e-07 1.32755e-07 6.21378e-08 1.63084e-07 8.02631e-08
internal_weight=850 54 796 40 756 74 682 48 634 609 574 547
internal_count=850 54 796 40 756 74 682 48 634 609 574 547
is_linear=0
shrinkage=0.3


Tree=266
num_leaves=17
num_cat=0
split_feature=3 18 11 4 27 10 20 14 5 15 5 17 6 4 15 5
split_gain=5.47765e-10 2.31452e-09 7.66546e-10 3.21164e-09 7.80446e-10 6.95592e-10 5.1473e-10 4.20403e-10 2.23755e-09 4.38134e-10 9.4668e-10 1.38831e-09 8.30466e-10 6.00334e-10 9.82178e-10 6.62703e-10
threshold=5.8450112342834482 -0.034121226964570976 68.391413715873497 5300500.0000000009 0.89833000000000018 1.7752302325127249 0.012709500000000002 0.01020402304583133 -0.0018421162566066873 0.0056715783937909383 -0.0016260862389742899 0.0040404003428604835 -0.010852860263247775 3183000.0000000005 0.0072072522784614448 0.0086022435421892664
decision_type=2 2 2 2 2 2 2 2 2 2 2 2 2 2 2 2
left_child=2 -2 5 -4 -5 6 -1 8 -8 10 12 -12 -9 15 -15 -11
right_child=1 -3 3 4 -6 -7 7 9 -10 13 11 -13 -14 14 -16 -17
leaf_value=1.2887713147335945e-06 1.2712536928916053e-06 -2.6813398297598212e-06 3.941836962367587e-06 7.2586783858241691e-07 -1.4208384977602388e-06 -1.3239496704879154e-06 -1.3035284411635282e-06 -8.7842459963870965e-07 2.9283988897324648e-06 -1.9632274114655955e-06 8.9486717239973076e-07 -1.4600558122260106e-06 3.3119857987128433e-07 2.3746846564968701e-06 2.4016471792362703e-07 3.9799050696224776e-07
leaf_weight=28 24 30 23 35 27 36 22 67 23 20 29 101 215 23 124 23
leaf_count=28 24 30 23 35 27 36 22 67 23 20 29 101 215 23 124 23
internal_value=-9.06804e-16 -9.24632e-07 6.27263e-08 9.14176e-07 -2.08988e-07 -3.90645e-08 2.94627e-08 -2.5036e-08 8.59457e-07 -9.11526e-08 -2.64954e-07 -9.34727e-07 4.38058e-08 2.85723e-07 5.74137e-07 -7.0025e-07
internal_weight=850 54 796 85 62 711 675 647 45 602 412 130 282 190 147 43
internal_count=850 54 796 85 62 711 675 647 45 602 412 130 282 190 147 43
is_linear=0
shrinkage=0.3


Tree=267
num_leaves=23
num_cat=0
split_feature=10 10 17 22 5 5 12 18 1 15 13 16 16 6 16 10 12 20 20 12 22 9
split_gain=6.1291e-10 2.24019e-09 6.89061e-10 1.39604e-09 5.47802e-10 1.39763e-09 9.25702e-10 7.92876e-10 1.09579e-09 9.76082e-10 7.22006e-10 1.63475e-09 6.64664e-10 4.64961e-10 1.09108e-09 4.10115e-10 6.37896e-10 1.24432e-09 7.41567e-10 5.9506e-10 3.33749e-10 3.23596e-10
threshold=1.9429589625903658 2.2502403139229514 0.010405828513558731 0.96026750000000016 -0.0081136331637619453 -0.010183439650464608 -0.0049294168572378309 -0.65105208697192818 4.7163055353217915 -0.0067949921271422383 0.022707909787067451 0.0020367065565402229 0.0096620518891533495 -0.010852860263247775 0.0071175212191721621 -1.5851617067835859 -0.0014623879450338798 0.029000000000000005 0.074549500000000005 0.0074955179734086863 0.27971300000000004 0.026575236992047623
decision_type=2 2 2 2 2 2 2 2 2 2 2 2 2 2 2 2 2 2 2 2 2 2
left_child=2 -2 3 4 5 6 -1 8 -6 -9 11 -11 -12 -8 -15 -4 18 -18 -17 20 -19 -20
right_child=1 -3 15 -5 7 -7 13 9 -10 10 12 -13 -14 14 -16 16 17 19 21 -21 -22 -23
leaf_value=-1.7070451914946717e-06 2.9103368367107882e-06 -9.5419795040167307e-07 1.5029146753380788e-06 -2.2223649318675596e-06 -2.5803815076316192e-06 -2.8159912026446614e-06 -1.1189064156269523e-06 2.107106114309594e-06 2.3750665908058483e-07 2.8489435154099851e-06 -6.7998428749459738e-07 1.4398436464618621e-07 5.4129647030412465e-07 -1.0743657336084092e-07 2.4264556844855177e-06 -2.0167372407797757e-06 2.6502690718891004e-06 1.2108703354879007e-06 -7.2068324982410562e-07 -1.1802521994881812e-06 -1.9166585135420833e-07 8.9830564354542736e-07
leaf_weight=30 27 27 27 30 23 22 20 23 27 24 130 124 58 65 20 20 23 37 20 22 26 25
leaf_count=30 27 27 27 30 23 22 20 23 27 24 130 124 58 65 20 20 23 37 20 22 26 25
internal_value=-5.68079e-15 9.78069e-07 -6.63515e-08 -2.28042e-07 -1.22336e-07 -5.98698e-07 -2.37361e-07 6.05215e-08 -1.05872e-06 2.16405e-07 8.6982e-08 5.82626e-07 -3.03206e-07 1.82549e-07 4.88773e-07 4.15487e-07 2.45773e-07 6.92681e-07 -4.96781e-07 1.6298e-07 6.32046e-07 1.78755e-07
internal_weight=850 54 796 596 566 157 135 409 50 359 336 148 188 105 85 200 173 108 65 85 63 45
internal_count=850 54 796 596 566 157 135 409 50 359 336 148 188 105 85 200 173 108 65 85 63 45
is_linear=0
shrinkage=0.3


Tree=268
num_leaves=26
num_cat=0
split_feature=15 14 11 8 22 26 7 11 11 3 20 6 18 10 15 4 5 9 22 14 11 22 20 13 26
split_gain=5.94073e-10 2.86987e-09 6.82685e-10 2.23841e-09 7.12105e-10 6.99113e-10 1.14101e-09 6.12616e-10 1.35389e-09 7.87032e-10 1.79916e-09 8.04321e-10 6.12054e-10 5.99461e-10 6.13196e-10 5.73618e-10 5.57762e-10 6.99374e-10 5.21181e-10 9.75447e-10 6.25627e-10 5.87625e-10 7.42918e-10 4.96214e-10 2.77906e-10
threshold=0.02216301775373521 0.032928200627182762 54.846535359085273 0.023019126473503852 0.015865000000000004 0.94103850000000011 -0.0063560456288135137 46.473431083937292 45.666209327299754 4.6121287345886239 0.8139765000000001 -0.0074976729482862381 -0.094330910863419423 1.7124536637482846 0.0086300113298315734 5405850.0000000009 0.0055710578968266155 0.030357214997086403 0.39692400000000005 0.013170320150536045 41.176521336837425 0.55012300000000014 0.026983500000000004 0.032491488820430549 0.71061700000000017
decision_type=2 2 2 2 2 2 2 2 2 2 2 2 2 2 2 2 2 2 2 2 2 2 2 2 2
left_child=2 -2 5 -4 -5 7 -7 8 18 -9 11 -11 -13 14 16 -16 17 -6 19 -1 -21 -20 -23 -3 -15
right_child=1 23 3 4 13 6 -8 9 -10 10 -12 12 -14 24 15 -17 -18 -19 21 20 -22 22 -24 -25 -26
leaf_value=2.2459992334233901e-06 3.8764977179717163e-06 -1.1152893202003336e-06 -3.3494341194413705e-06 -1.5537328131872086e-06 8.8208668660080722e-07 2.9530247661568864e-06 -1.4526006961916762e-07 -7.2734601816763806e-07 -2.4987200187741685e-06 1.7806962719078002e-06 3.1841611971117343e-06 6.8748657618674482e-07 -9.9379994026094196e-07 -2.9303725438916736e-07 8.0376826474548577e-08 2.3252913223359427e-06 -1.5533162851966153e-06 -4.9695316421585163e-07 -1.7532657535314551e-06 4.5406148553424487e-07 -8.864663397206824e-07 -1.4884251939406568e-06 5.6305028139488371e-07 8.0137031090998787e-07 -1.8187875314522119e-06
leaf_weight=20 20 31 22 31 62 20 23 37 22 25 24 38 40 22 20 21 20 71 28 94 47 24 47 20 21
leaf_count=20 20 31 22 31 62 20 23 37 22 25 24 38 40 22 20 21 20 71 28 94 47 24 47 20 21
internal_value=-3.73411e-15 8.30752e-07 -7.57168e-08 -4.40402e-07 -2.01601e-07 1.40559e-07 1.2958e-06 2.91787e-08 -2.38951e-07 4.90231e-07 8.44959e-07 2.99902e-07 -1.74712e-07 -2.47398e-08 1.99887e-07 1.23021e-06 -7.62132e-08 1.45908e-07 -4.77401e-08 2.85328e-07 7.21888e-09 -5.89397e-07 -1.30406e-07 -3.63658e-07 -1.03817e-06
internal_weight=850 71 779 290 268 489 43 446 282 164 127 103 78 237 194 41 153 133 260 161 141 99 71 51 43
internal_count=850 71 779 290 268 489 43 446 282 164 127 103 78 237 194 41 153 133 260 161 141 99 71 51 43
is_linear=0
shrinkage=0.3


Tree=269
num_leaves=29
num_cat=0
split_feature=18 10 0 15 26 10 1 16 18 10 0 16 16 16 6 9 5 10 7 22 4 14 12 9 13 6 12 9
split_gain=5.6559e-10 1.69361e-09 1.24993e-09 7.97424e-10 7.0686e-10 1.13232e-09 1.07529e-09 9.849e-10 6.96815e-10 6.88196e-10 5.4812e-10 4.95934e-10 9.94916e-10 5.72008e-10 4.89782e-10 7.74883e-10 6.37932e-10 1.14049e-09 1.1279e-09 8.88973e-10 1.34202e-09 9.108e-10 7.82094e-10 5.98223e-10 5.16744e-10 5.01032e-10 4.58798e-10 4.02416e-10
threshold=0.11315601241399345 1.9429589625903658 5.8590107488271945 0.02254340378344535 0.78312150000000014 -1.647003230451755 4.9069794269062195 0.0020407656836846271 0.3707509078807632 1.3178974609717511 4.6515826035839343 0.011516373965204446 0.0061729089444982005 0.0041152222998090257 0.01030938706380523 0.028602302945709476 -0.01242257888914104 0.17554318115712672 0.01223254865501114 0.10730150000000001 4960050.0000000009 0.022374817212263115 0.0033334875662213927 0.055071908173102986 0.02378216336961583 0.021978813601715018 0.00088749665944488269 0.020773397571068126
decision_type=2 2 2 2 2 2 2 2 2 2 2 2 2 2 2 2 2 2 2 2 2 2 2 2 2 2 2 2
left_child=2 4 3 14 9 -6 7 -7 -8 11 -9 12 13 27 16 24 26 19 22 21 -21 -18 -19 25 -16 -17 -1 -2
right_child=1 -3 -4 -5 5 6 8 10 -10 -11 -12 -13 -14 -15 15 23 17 18 -20 20 -22 -23 -24 -25 -26 -27 -28 -29
leaf_value=1.7992185262602e-06 6.5764885299746116e-07 2.5723888755793372e-06 -2.2323292713421181e-06 -1.6188831426296895e-06 -1.5242614406929535e-06 -1.6390611875749527e-06 3.2683172776160064e-06 2.9913155039842171e-08 1.0703960953987114e-06 -1.6695105293657823e-06 1.9377103230488539e-06 9.3945380188285649e-07 -1.9828450559836813e-06 1.415019788947555e-06 -4.907249774532829e-07 -2.0255811164034916e-07 -2.1332268199595699e-06 8.8025939060175596e-07 2.4483299949469461e-06 1.0353774727455011e-06 -1.3494904229359252e-06 1.5524488432561155e-07 -9.3187812490882863e-07 -1.2336048381200725e-06 -2.546912452575353e-06 1.8505376032607045e-06 4.0989945401551352e-08 -8.8228058266232818e-07
leaf_weight=34 24 27 26 29 20 20 21 33 34 28 23 35 26 23 22 23 45 58 26 54 35 24 34 20 22 20 22 42
leaf_count=34 24 27 26 29 20 20 21 33 34 28 23 35 26 23 22 23 45 58 26 54 35 24 34 20 22 20 22 42
internal_value=-2.6683e-15 2.88271e-07 -2.07742e-07 -9.52649e-08 1.00821e-07 5.78253e-07 8.99247e-07 1.68069e-07 1.9096e-06 -3.04192e-07 8.13473e-07 -4.93323e-08 -3.50267e-07 1.26666e-07 5.38419e-09 -5.52787e-07 1.85277e-07 -2.0411e-09 7.03625e-07 -5.29058e-07 9.75081e-08 -1.33724e-06 2.10556e-07 1.21902e-07 -1.51882e-06 7.5237e-07 1.10849e-06 -3.22306e-07
internal_weight=850 356 494 468 329 151 131 76 55 178 56 150 115 89 439 107 332 276 118 158 89 69 92 63 44 43 56 66
internal_count=850 356 494 468 329 151 131 76 55 178 56 150 115 89 439 107 332 276 118 158 89 69 92 63 44 43 56 66
is_linear=0
shrinkage=0.3


Tree=270
num_leaves=23
num_cat=0
split_feature=0 2 4 7 14 20 23 21 7 0 10 10 17 26 18 16 8 19 9 17 7 7
split_gain=6.75037e-10 3.25494e-09 8.06773e-10 7.2919e-10 1.73318e-09 1.15361e-09 8.06293e-10 8.6741e-10 6.71346e-10 6.9544e-10 7.92978e-10 1.11108e-09 8.64901e-10 1.03029e-09 8.73516e-10 5.55587e-10 8.89189e-10 5.59814e-10 5.08187e-10 3.43418e-10 3.27476e-10 2.80394e-10
threshold=4.5951122113101279 4.5346575731110876 10557400.000000002 -0.0089552002600464253 0.013965129258479656 0.8139765000000001 0.29166650000000005 0.031576500000000007 -0.0062239949447125374 4.6515826035839343 -1.3910581803429667 -0.86603968500714978 0.0057691796291490681 0.1705055 -0.26999375978247514 0.0042735003547240786 -0.060734573711504654 0.044575500000000004 0.021976205095088717 0.0084388109250038302 0.0021255271189565693 -0.010852860263247775
decision_type=2 2 2 2 2 2 2 2 2 2 2 2 2 2 2 2 2 2 2 2 2 2
left_child=1 2 15 4 -2 6 7 -6 -5 18 -11 -12 13 -13 -14 20 -17 -18 -10 -9 21 -1
right_child=3 -3 -4 8 5 -7 -8 19 9 10 11 12 14 -15 -16 16 17 -19 -20 -21 -22 -23
leaf_value=-4.9279865651363291e-07 -3.3279597028013087e-06 3.831527390319855e-06 -1.699380266424149e-06 1.3771293940899632e-06 1.0672944406451279e-06 -1.9761660522021884e-06 1.4790472828829888e-06 -1.8532425827380359e-06 -2.1280539606038928e-06 -1.2457840896137154e-06 1.8827068128501876e-06 1.2058486953786338e-06 1.7130853639254641e-06 -7.5184716216467234e-07 1.1635484240469822e-07 -4.4595987203267987e-07 5.0930589055567534e-07 2.3430511689987784e-06 -1.0725136019930558e-07 -2.9598237495065405e-07 -1.0243280547223988e-06 1.0430944990957868e-06
leaf_weight=23 20 23 21 31 25 30 29 26 24 38 32 29 42 146 116 35 29 31 21 25 34 20
leaf_count=23 20 23 21 31 25 30 29 26 24 38 32 29 42 146 116 35 29 31 21 25 34 20
internal_value=-3.86075e-15 4.5803e-07 5.60064e-08 -1.56048e-07 -7.21634e-07 -3.35512e-07 1.33246e-07 -3.80283e-07 2.69706e-08 -6.64555e-08 5.84454e-08 1.94228e-07 3.1972e-08 -4.27429e-07 5.40802e-07 2.70327e-07 7.55746e-07 1.45674e-06 -1.18501e-06 -1.08988e-06 -3.28567e-07 2.2157e-07
internal_weight=850 216 193 634 155 135 105 76 479 448 403 365 333 175 158 172 95 60 45 51 77 43
internal_count=850 216 193 634 155 135 105 76 479 448 403 365 333 175 158 172 95 60 45 51 77 43
is_linear=0
shrinkage=0.3


Tree=271
num_leaves=11
num_cat=0
split_feature=15 7 2 22 28 0 10 5 15 15
split_gain=5.39126e-10 2.99595e-09 5.44858e-10 6.72795e-10 4.95158e-10 4.4129e-10 4.23075e-10 5.09569e-10 7.86308e-10 4.71053e-10
threshold=0.023000570384511084 0.0061855975311752801 4.0965782119965457 0.96026750000000016 1.0000000180025095e-35 4.4427095361798843 2.005398843256645 0.020914218066540879 0.012738899319581791 0.0095695879013302822
decision_type=2 2 2 2 2 2 2 2 2 2
left_child=2 4 -1 5 -2 -4 7 8 9 -7
right_child=1 -3 3 -5 -6 6 -8 -9 -10 -11
leaf_value=1.1454936736488009e-06 -1.6173747513091388e-06 3.8738299454088575e-06 -1.2216993417674918e-06 -1.3659123227798035e-06 4.4277282833198633e-07 6.8356360881559513e-09 -1.0387213532597424e-06 1.5376298853908564e-06 -1.3424611876406017e-06 1.016040012018493e-06
leaf_weight=32 21 20 28 37 21 555 34 20 37 45
leaf_count=32 21 20 28 37 21 555 34 20 37 45
internal_value=5.75779e-15 8.51774e-07 -6.70177e-08 -1.18341e-07 -5.87301e-07 -5.41405e-08 -6.82983e-09 4.65709e-08 -2.4409e-10 8.2526e-08
internal_weight=850 62 788 756 42 719 691 657 637 600
internal_count=850 62 788 756 42 719 691 657 637 600
is_linear=0
shrinkage=0.3


Tree=272
num_leaves=21
num_cat=0
split_feature=9 12 13 9 14 21 27 21 0 9 12 27 14 5 12 14 14 14 16 16
split_gain=4.26311e-10 2.96821e-09 1.55568e-09 5.18843e-10 5.18195e-10 7.83325e-10 1.20468e-09 1.07576e-09 1.177e-09 4.25019e-10 4.75553e-10 3.72162e-10 7.44298e-10 4.14227e-10 6.97145e-10 4.55205e-10 5.16674e-10 6.31898e-10 4.3405e-10 4.08211e-10
threshold=0.016065450402260737 0.0022762790338464139 0.01827756515498109 0.017706780712526436 0.01892019575879398 0.061300500000000008 0.93957650000000015 0.16393550000000004 4.6877873622416066 0.011135081724509581 -0.0016373225059843671 0.58809300000000009 0.022964537451029655 -0.024780414032955989 -0.0074366787124320105 0.031775671197332794 0.029473656102230687 0.026754782902514419 0.014721353945263407 0.0090977977137413138
decision_type=2 2 2 2 2 2 2 2 2 2 2 2 2 2 2 2 2 2 2 2
left_child=1 4 -2 -4 5 6 -1 -7 -9 -6 -11 12 -5 14 -13 16 17 -15 19 -17
right_child=2 -3 3 11 9 7 -8 8 -10 10 -12 13 -14 15 -16 18 -18 -19 -20 -21
leaf_value=-1.6558852456166112e-06 -2.7300212940417622e-06 3.583756145407397e-06 -1.1795592573595486e-06 -1.9224831237352188e-06 -1.6895718933818138e-06 2.8088927454713744e-06 1.172442362928905e-06 1.6164332894024686e-06 -1.2709646913577898e-06 -1.0876506770784999e-06 8.009058440450189e-07 -3.5695354202144615e-07 3.1120537981082479e-07 2.4158714239133689e-07 1.882580354190552e-06 -3.7580885355731194e-07 1.3071435349650239e-06 -1.03730669014368e-06 6.2814305469880935e-07 -1.7206426214499969e-06
leaf_weight=33 20 23 34 25 24 21 23 27 24 24 24 22 29 266 29 74 34 40 26 28
leaf_count=33 20 23 34 25 24 21 23 27 24 24 24 22 29 266 29 74 34 40 26 28
internal_value=-2.37269e-15 3.56251e-07 -1.26705e-07 -4.09285e-08 -1.49117e-08 3.4726e-07 -4.94251e-07 1.00177e-06 2.57658e-07 -6.58772e-07 -1.43372e-07 2.66342e-08 -7.2291e-07 1.04621e-07 9.16507e-07 1.61467e-08 1.97685e-07 7.44115e-08 -4.66064e-07 -7.44979e-07
internal_weight=850 223 627 607 200 128 56 72 51 72 48 573 54 519 51 468 340 306 128 102
internal_count=850 223 627 607 200 128 56 72 51 72 48 573 54 519 51 468 340 306 128 102
is_linear=0
shrinkage=0.3


Tree=273
num_leaves=24
num_cat=0
split_feature=13 13 6 21 27 10 11 4 4 22 0 10 9 12 6 16 16 18 16 10 14 16 14
split_gain=4.78482e-10 2.12911e-09 1.86328e-09 1.06891e-09 1.0868e-09 5.27207e-10 4.44124e-10 1.1354e-09 9.85434e-10 6.1499e-10 7.75108e-10 5.16801e-10 5.38107e-10 1.05714e-09 5.17034e-10 4.59404e-10 7.07782e-10 6.26436e-10 5.59869e-10 4.94374e-10 5.8829e-10 4.54223e-10 4.49496e-10
threshold=0.016028856943005845 0.017696341277307157 -0.0083041038247864702 0.48066350000000008 0.86648900000000018 0.098056056649477474 53.883906286497755 2101050.0000000005 2329100.0000000005 0.028210000000000002 4.8347268975969593 1.8128335046858612 0.030357214997086403 0.0046595873535951468 0.010000223269627096 0.0087436727102814162 0.0075023083123547697 -0.38640837505751541 0.010687648513694236 -1.9995952317324746 0.018379033935016154 0.0016406495040023215 0.040816287713456821
decision_type=2 2 2 2 2 2 2 2 2 2 2 2 2 2 2 2 2 2 2 2 2 2 2
left_child=2 -2 -1 4 -4 -6 7 -3 -8 10 -10 12 21 -14 -13 16 19 -17 -19 -9 -21 -11 -20
right_child=1 6 3 -5 5 -7 8 15 9 11 -12 14 13 -15 -16 17 -18 18 22 20 -22 -23 -24
leaf_value=-3.0536707704052127e-06 2.8654251753579274e-06 2.1613091403196449e-06 -2.1642362696638885e-06 1.9010255948208914e-06 -7.2469238887151733e-07 1.4274901234654992e-06 -2.3096475332007314e-06 1.256533722717034e-06 -2.5329255637984713e-06 -3.9254603155892581e-07 -1.7926016244729225e-07 -1.8341874104645165e-06 -1.2471949943297344e-06 7.2713362912351774e-07 7.0481284367439192e-08 -1.6685760564476889e-06 1.5642857996855288e-06 -1.399932457104569e-06 9.9790169191991728e-07 7.3864045836999058e-07 -3.9297140875064566e-07 1.1625061635733694e-06 -7.368694860687697e-07
leaf_weight=22 24 25 24 21 20 21 20 29 20 22 34 23 46 52 29 28 34 20 41 58 144 73 20
leaf_count=22 24 25 24 21 20 21 20 29 20 22 34 23 46 52 29 28 34 20 41 58 144 73 20
internal_value=3.48835e-15 8.58726e-08 -5.89976e-07 4.02711e-08 -5.60896e-07 3.77645e-07 -7.03726e-09 2.03932e-07 -2.70915e-07 -1.34544e-07 -1.05099e-06 6.74472e-08 2.93611e-07 -1.99592e-07 -7.71968e-07 7.30916e-08 2.86334e-07 -4.45341e-07 -2.24947e-08 9.8237e-08 -6.80531e-08 8.02389e-07 4.29124e-07
internal_weight=850 742 108 86 65 41 718 399 319 299 54 245 193 98 52 374 265 109 81 231 202 95 61
internal_count=850 742 108 86 65 41 718 399 319 299 54 245 193 98 52 374 265 109 81 231 202 95 61
is_linear=0
shrinkage=0.3


Tree=274
num_leaves=24
num_cat=0
split_feature=10 11 17 22 6 4 13 16 21 11 9 17 21 13 5 7 4 19 10 4 28 4 26
split_gain=5.28469e-10 1.70469e-09 4.82465e-10 7.68725e-10 4.31145e-10 7.6197e-10 8.4753e-10 6.33942e-10 7.26498e-10 8.87592e-10 6.313e-10 5.33354e-10 4.03306e-10 4.62308e-10 4.01997e-10 3.97912e-10 7.23294e-10 4.31468e-10 3.53782e-10 3.74985e-10 5.43414e-10 5.37677e-10 4.23855e-10
threshold=1.9429589625903658 67.649822135616105 0.010405828513558731 0.95960000000000012 -0.0056445174150736334 1997050.0000000002 0.014454769224356248 0.0051285340024806985 0.48260050000000004 44.122854978655312 0.040591650446728723 0.0041493734884287354 0.33046200000000009 0.022995844336538489 0.011879156116238731 0.01030938706380523 2736900.0000000005 0.026236500000000003 -1.3322085133686554 3986700.0000000005 1.0000000180025095e-35 6392950.0000000009 0.71061700000000017
decision_type=2 2 2 2 2 2 2 2 2 2 2 2 2 2 2 2 2 2 2 2 2 2 2
left_child=2 -2 3 4 7 -6 -7 8 9 -1 12 -11 13 -9 18 16 -8 -17 -4 -20 22 -22 -21
right_child=1 -3 14 -5 5 6 15 10 -10 11 -12 -13 -14 -15 -16 17 -18 -19 19 20 21 -23 -24
leaf_value=-1.6534304165816137e-07 -7.1605830811449776e-07 2.6574001062420811e-06 1.0494585236595893e-06 -1.6514533461344721e-06 -1.624778561885402e-06 1.6731503197015788e-06 -2.1151466165456802e-06 7.2775822630433144e-07 -4.0985364472393923e-07 1.1477273241666807e-06 -1.3686042624527771e-06 3.3386590533268644e-06 1.1268960123901803e-06 -1.0140498171828938e-06 1.4668700870288376e-06 1.2219500532348421e-06 -3.0951531139312829e-07 -3.4282662292233516e-07 9.3281311274824531e-07 -3.1026315971180212e-07 2.1243772287959928e-07 -1.7826921884484878e-06 1.3085193842243825e-06
leaf_weight=21 28 26 34 31 36 21 22 24 29 20 32 20 28 32 25 29 216 35 29 37 20 31 24
leaf_count=21 28 26 34 31 36 21 22 24 29 20 32 20 28 32 25 29 216 35 29 37 20 31 24
internal_value=2.5799e-15 9.08199e-07 -6.16115e-08 -1.96909e-07 -1.17102e-07 -3.15618e-07 -1.69705e-07 2.28855e-07 8.26331e-07 1.41402e-06 -2.34704e-07 2.24319e-06 1.97258e-07 -2.67561e-07 3.41575e-07 -2.97851e-07 -4.76422e-07 3.66213e-07 1.80818e-07 -2.86411e-08 -2.77589e-07 -1.00029e-06 3.26635e-07
internal_weight=850 54 796 596 565 359 323 206 90 61 116 40 84 56 200 302 238 64 175 141 112 51 61
internal_count=850 54 796 596 565 359 323 206 90 61 116 40 84 56 200 302 238 64 175 141 112 51 61
is_linear=0
shrinkage=0.3


Tree=275
num_leaves=29
num_cat=0
split_feature=20 22 4 14 26 11 18 21 17 8 22 15 12 12 19 13 16 16 16 13 19 9 7 6 2 21 12 16
split_gain=4.4018e-10 2.18914e-09 3.92742e-09 8.49556e-10 1.90394e-09 6.67525e-10 6.36324e-10 6.22518e-10 8.34324e-10 4.29299e-10 5.48434e-10 5.58874e-10 1.09979e-09 8.44932e-10 4.89944e-10 4.86887e-10 6.82836e-10 9.02669e-10 5.8724e-10 4.79127e-10 4.42551e-10 4.24514e-10 3.55018e-10 3.36176e-10 5.34918e-10 6.09705e-10 2.98825e-10 2.11105e-10
threshold=0.45977700000000005 0.14628400000000003 4685700.0000000009 0.013473916766989358 0.88341150000000013 46.473431083937292 0.55569059798887765 0.16613650000000005 0.0069084494316438583 -0.036984377230296767 0.95421800000000012 -0.0074036150142828931 -0.0071682090108021778 -0.0036964453890648333 0.15979900000000005 0.021144627489562928 0.013765978400328423 0.010018421844809096 0.0062695931781383499 0.0179843030689061 -0.052489499999999988 0.030594084090186321 0.016546237481913979 0.0061223757082249416 4.5186536607923076 0.043976500000000009 0.00024159468231328267 0.0034305285057018532
decision_type=2 2 2 2 2 2 2 2 2 2 2 2 2 2 2 2 2 2 2 2 2 2 2 2 2 2 2 2
left_child=3 6 -3 4 5 -1 7 22 -9 10 11 13 -13 -5 15 18 17 21 19 -11 -14 -17 23 24 -2 -26 -25 -7
right_child=1 2 -4 9 -6 27 -8 8 -10 14 -12 12 20 -15 -16 16 -18 -19 -20 -21 -22 -23 -24 26 25 -27 -28 -29
leaf_value=-1.4210685227074766e-06 5.3746478049073889e-07 5.3601330273522761e-06 3.2419749955310676e-08 -1.4960779889282672e-06 -3.4984341426585222e-06 -1.5411289950861827e-07 -1.2906427522640276e-06 2.306420572750767e-06 -1.4648848566987629e-07 -9.4879334997328791e-07 1.7732518609423293e-06 2.6141656655909175e-06 -7.324231488830206e-07 9.7506632442900801e-07 -1.4125764108838567e-06 6.7301020082390003e-08 -1.619616939763091e-06 1.6827386754970497e-06 1.8630588487133574e-06 1.0589212374156886e-06 9.8349895517602097e-07 -9.0039123170626565e-07 9.9159879283661214e-07 -4.8058868701770865e-07 -4.9682595830533397e-07 -2.5207057157266327e-06 9.1819285867384476e-07 1.1614843190597768e-06
leaf_weight=27 21 20 33 33 21 23 34 24 26 23 23 20 31 20 27 102 30 23 23 20 24 68 20 28 37 21 27 21
leaf_count=27 21 20 33 33 21 23 34 24 26 23 23 20 31 20 27 102 30 23 23 20 24 68 20 28 37 21 27 21
internal_value=5.27609e-15 2.99217e-07 2.04288e-06 -1.55764e-07 -9.89015e-07 -2.46793e-07 -8.90772e-08 1.11184e-07 1.03091e-06 8.38815e-09 4.24488e-07 1.82132e-07 7.09096e-07 -5.63571e-07 -1.90444e-07 -7.6266e-08 -2.88105e-07 -8.11342e-08 6.39493e-07 -1.49726e-08 1.63429e-08 -3.19776e-07 -1.87428e-07 -3.63402e-07 -7.59881e-07 -1.22961e-06 2.06086e-07 4.73786e-07
internal_weight=850 291 53 559 92 71 238 204 50 467 151 128 75 53 316 289 223 193 66 43 55 170 154 134 79 58 55 44
internal_count=850 291 53 559 92 71 238 204 50 467 151 128 75 53 316 289 223 193 66 43 55 170 154 134 79 58 55 44
is_linear=0
shrinkage=0.3


Tree=276
num_leaves=22
num_cat=0
split_feature=18 21 18 17 4 4 27 9 5 10 8 10 16 15 7 7 7 17 2 26 9
split_gain=3.7088e-10 1.63654e-09 3.23082e-09 4.51343e-10 4.38461e-10 1.22887e-09 2.80454e-09 6.41952e-10 6.31693e-10 5.38417e-10 5.16602e-10 4.77769e-10 5.59513e-10 1.23049e-09 6.4705e-10 4.36822e-10 4.35186e-10 3.85333e-10 3.30088e-10 3.32771e-10 1.85606e-10
threshold=0.51298406669294938 0.046719500000000004 0.68038538356533285 0.010846028044850848 8123350.0000000009 7204400.0000000009 0.85937200000000014 0.058453666193470193 -0.022156480112352554 -1.7383758047692088 -0.036060193331170276 1.8128335046858612 0.0020367065565402229 -0.013750837790210345 -0.01036267230963483 -0.0058580367641417322 0.0020810799872742645 0.013220062903360632 5.0332249410405181 0.71860250000000014 0.041829581331778685
decision_type=2 2 2 2 2 2 2 2 2 2 2 2 2 2 2 2 2 2 2 2 2
left_child=4 2 -2 15 5 8 -7 10 -1 -10 20 12 13 -11 -14 -3 -17 18 -12 -20 -6
right_child=1 3 -4 -5 7 6 -8 -9 9 11 17 -13 14 -15 -16 16 -18 -19 19 -21 -22
leaf_value=1.5632552779720753e-06 4.7848729824928598e-06 -1.6614430470553998e-06 -7.571814588658298e-08 7.7709948799663049e-07 2.0601821058815775e-06 8.8345163230688478e-07 -3.7778264979893857e-06 -1.0207056640688784e-06 -1.6072020660279857e-06 -1.5696140476961774e-06 1.5895994565440219e-06 -1.4813168499066316e-06 5.6312592346920794e-07 1.0292607989259327e-06 -4.7399448182696232e-07 8.8245988727273719e-07 -8.5082287415438884e-07 -8.1458588738314577e-07 -5.9101518180189789e-07 8.6072556712224461e-07 7.9743601268944528e-07
leaf_weight=20 20 25 32 28 22 21 26 27 22 20 20 21 71 91 228 22 32 25 27 30 20
leaf_count=20 20 25 32 28 22 21 26 27 22 20 20 21 71 91 228 22 32 25 27 30 20
internal_value=-1.44904e-15 4.13113e-07 1.79374e-06 -2.57846e-07 -9.50579e-08 -2.32097e-07 -1.69513e-06 3.21669e-07 -8.67217e-08 -1.59568e-07 5.73364e-07 -8.56752e-08 -1.41911e-08 5.60995e-07 -2.27722e-07 -6.24662e-07 -1.44671e-07 2.08742e-07 5.40992e-07 1.73059e-07 1.45887e-06
internal_weight=850 159 52 107 691 520 47 171 473 453 144 431 410 111 299 79 54 102 77 57 42
internal_count=850 159 52 107 691 520 47 171 473 453 144 431 410 111 299 79 54 102 77 57 42
is_linear=0
shrinkage=0.3


Tree=277
num_leaves=25
num_cat=0
split_feature=2 3 22 5 2 20 13 7 21 2 6 7 21 21 7 7 27 7 16 11 12 21 9 4
split_gain=3.73107e-10 2.20803e-09 7.17578e-10 5.79958e-10 3.88726e-10 6.44016e-10 6.21756e-10 3.35728e-10 5.11735e-10 5.66212e-10 4.01249e-10 3.93611e-10 3.57492e-10 4.32052e-10 2.12002e-10 4.57716e-10 4.71966e-10 4.02063e-10 5.38938e-10 3.90608e-10 7.20062e-10 3.73393e-10 3.68166e-10 3.97661e-10
threshold=4.5747014939844286 4.6299395561218271 0.96026750000000016 0.017525558896413239 4.6563057694277559 0.39640850000000005 0.01880040009544488 0.0020920309664146388 0.32350750000000006 4.4619865520288515 -0.012463678473105552 -0.0021367392770927991 0.062218500000000003 0.52962650000000011 0.014770063996057946 0.028872224229367957 0.89361550000000012 0.011364137188788722 0.0080645277584510278 62.986557418134964 0.0050916995362729521 0.030650500000000004 0.024927208317606916 8153900.0000000009
decision_type=2 2 2 2 2 2 2 2 2 2 2 2 2 2 2 2 2 2 2 2 2 2 2 2
left_child=1 3 4 7 5 6 -2 10 9 -9 -1 12 -12 -14 17 16 -16 18 19 21 -21 -6 -20 -24
right_child=2 -3 -4 -5 14 -7 -8 8 -10 -11 11 -13 13 -15 15 -17 -18 -19 22 20 -22 -23 23 -25
leaf_value=-6.0348404061820164e-07 1.3611827245085804e-06 3.1051846280127433e-06 -1.7053947872227581e-06 -1.2552807092447437e-06 -5.0138881988459607e-07 -1.5729326080223639e-06 -7.9825472852235181e-07 1.2779485337609406e-06 -1.2784509111489914e-06 -5.6220662208809649e-07 -2.8563068097398056e-07 1.9761886949254403e-06 1.8627383892635405e-06 1.6922797385632293e-08 -1.6386933887427022e-06 7.1560628884981272e-07 -8.5386226735615557e-09 1.3570605342070137e-06 -1.376899392498258e-06 -1.1290032301555389e-06 8.3504258913283791e-07 6.43651998287854e-07 7.0909434555233011e-07 -9.191182546904505e-07
leaf_weight=23 20 23 25 28 30 38 30 27 29 34 32 20 25 21 31 25 33 23 33 42 28 176 27 27
leaf_count=23 20 23 25 28 30 38 30 27 29 34 32 20 25 21 31 25 33 23 33 42 28 176 27 27
internal_value=-5.57358e-15 2.9776e-07 -1.32676e-07 2.75897e-08 -6.28389e-08 -6.41993e-07 6.55203e-08 1.97828e-07 -2.4095e-07 2.52288e-07 5.24193e-07 7.88851e-07 4.84406e-07 1.02008e-06 4.4457e-08 -3.72934e-07 -7.98145e-07 1.40695e-07 6.36248e-08 2.68856e-07 -3.43385e-07 4.76898e-07 -5.87452e-07 -1.05012e-07
internal_weight=850 262 588 239 563 88 50 211 90 61 121 98 78 46 475 89 64 386 363 276 70 206 87 54
internal_count=850 262 588 239 563 88 50 211 90 61 121 98 78 46 475 89 64 386 363 276 70 206 87 54
is_linear=0
shrinkage=0.3


Tree=278
num_leaves=22
num_cat=0
split_feature=17 15 0 12 7 10 19 4 14 1 14 14 7 7 16 22 10 4 15 26 10
split_gain=4.04723e-10 2.11439e-09 7.21154e-10 4.87709e-10 3.92062e-10 3.41353e-10 6.18865e-10 6.97386e-10 6.05403e-10 1.03275e-09 8.59812e-10 5.90962e-10 6.73854e-10 5.45791e-10 5.50649e-10 3.4908e-10 3.82087e-10 3.0659e-10 3.04511e-10 2.5196e-10 2.08621e-10
threshold=1.0000000180025095e-35 0.02282011176016641 4.7044598343083956 -0.00081953612134602692 0.0041278594019459941 -0.43086197108057944 -0.94409799999999999 1850400.0000000002 0.017915444006012617 4.704486129743719 0.022374817212263115 0.026919095112658328 -0.014967642338840501 0.0061855975311752801 0.010628848075508646 0.011663500000000002 -0.23374336252793401 3892900.0000000005 0.023970459971991136 0.88418850000000015 0.84357010857607706
decision_type=2 2 2 2 2 2 2 2 2 2 2 2 2 2 2 2 2 2 2 2 2
left_child=1 2 4 -4 17 8 -7 -8 9 -2 -10 -12 -13 14 -14 -9 -17 -1 19 -18 -5
right_child=5 -3 3 20 -6 6 7 15 10 -11 11 12 13 -15 -16 16 18 -19 -20 -21 -22
leaf_value=6.486162242858029e-07 -4.6134633871711353e-08 3.3174188490647792e-06 1.9865170270350062e-06 -5.1391974324133113e-07 -1.5330334924278252e-06 -1.7650163776441172e-06 -1.7403531003878924e-06 1.1147930121881342e-06 -1.723899795820216e-06 2.3940705653381482e-06 1.3428662874327031e-06 -1.3563774126623686e-06 1.4664163726453037e-06 -7.9828460550450998e-07 -4.6972673878542531e-07 -1.1017251372222477e-06 1.8618867136381698e-07 -9.0185048742858434e-07 -9.8104555239968189e-07 -4.1859702485313741e-07 8.3991980740652897e-07
leaf_weight=24 37 20 20 20 27 23 24 21 25 27 31 30 39 28 20 34 245 22 29 83 21
leaf_count=24 37 20 20 20 27 23 24 21 25 27 31 30 39 28 20 34 245 22 29 83 21
internal_value=8.37981e-15 4.40083e-07 1.06301e-08 7.71972e-07 -6.25559e-07 -9.73747e-08 -2.48343e-07 -1.68335e-07 1.95007e-07 9.83327e-07 -9.66256e-08 1.78252e-07 -1.30321e-07 2.92457e-07 8.10097e-07 -7.67613e-08 -1.40758e-07 -9.29113e-08 -4.92371e-08 3.31484e-08 1.7951e-07
internal_weight=850 154 134 61 73 696 459 436 237 64 173 148 117 87 59 412 391 46 357 328 41
internal_count=850 154 134 61 73 696 459 436 237 64 173 148 117 87 59 412 391 46 357 328 41
is_linear=0
shrinkage=0.3


Tree=279
num_leaves=16
num_cat=0
split_feature=19 19 13 13 27 14 10 0 19 18 18 22 14 14 17
split_gain=4.94176e-10 1.08075e-09 6.8373e-10 3.4586e-09 4.66672e-10 6.24142e-10 3.70986e-10 2.60593e-10 2.301e-10 1.87349e-10 4.67998e-10 5.2023e-10 2.79255e-10 3.39119e-10 9.11019e-11
threshold=-0.94649449999999991 -0.94190849999999993 0.016335606537799533 0.015173510167923938 0.90830400000000011 0.014462795668584794 2.2502403139229514 5.6716372895701461 -0.010490499999999998 -0.020133907874077466 -0.094330910863419423 0.017776000000000004 0.012207529062318366 0.017764189020057389 0.0066261913553967372
decision_type=2 2 2 2 2 2 2 2 2 2 2 2 2 2 2
left_child=-1 -2 3 4 5 -3 7 9 14 10 11 -4 -11 -14 -9
right_child=1 2 6 -5 -6 -7 -8 8 -10 12 -12 -13 13 -15 -16
leaf_value=1.0431118609561122e-06 -2.033313207050469e-06 -1.4983964723052684e-06 7.8563779809190577e-07 4.0672567440548265e-06 8.0722394602224967e-07 5.9375618621158663e-07 -1.2837703327051031e-06 5.0590543423822962e-07 -6.5420082561419028e-08 -9.8614042100693546e-07 -1.4004900334483747e-06 -3.5788354154828247e-07 7.8263231080606072e-07 -4.6603927217025582e-08 1.4113983647945361e-06
leaf_weight=39 24 33 43 22 29 21 23 20 39 22 31 214 56 214 20
leaf_count=39 24 33 43 22 29 21 23 20 39 22 31 214 56 214 20
internal_value=-4.76105e-15 -5.0162e-08 1.03153e-08 7.22961e-07 -1.63478e-07 -6.84782e-07 -9.94029e-08 -5.80669e-08 4.53097e-07 -1.27691e-07 -2.99374e-07 -1.66555e-07 4.16407e-08 1.25386e-07 9.58652e-07
internal_weight=850 811 787 105 83 54 682 659 79 580 288 257 292 270 40
internal_count=850 811 787 105 83 54 682 659 79 580 288 257 292 270 40
is_linear=0
shrinkage=0.3


Tree=280
num_leaves=15
num_cat=0
split_feature=13 4 13 5 21 19 13 10 21 11 16 1 15 8
split_gain=4.38279e-10 1.53608e-09 1.52953e-09 7.85692e-10 5.60465e-10 3.7785e-10 5.71165e-10 2.36059e-10 3.19178e-10 1.69873e-10 3.62126e-10 2.20165e-10 1.89123e-10 1.20342e-10
threshold=0.016028856943005845 6147900.0000000009 0.01750943794238187 -0.002046961470181559 0.27483650000000009 -0.94366349999999988 0.026683913435239116 1.8128335046858612 0.26830200000000004 27.362998903905616 0.018869933976588382 5.905661997888938 -0.030180260769303784 0.026354555693831796
decision_type=2 2 2 2 2 2 2 2 2 2 2 2 2 2
left_child=1 3 -2 -1 -5 6 -4 9 -9 -7 11 12 -11 -13
right_child=2 -3 5 4 -6 7 -8 8 -10 10 -12 13 -14 -15
leaf_value=-1.2407941800384215e-06 2.6701115771743389e-06 -2.9378924601886067e-06 1.9920075698921988e-06 -8.268273319345098e-08 1.8674847678669592e-06 8.1000418122432958e-07 -1.9532686721390746e-07 -1.1334773860557777e-06 3.47147013641802e-07 7.4713925641844985e-07 -1.2153694905753748e-06 1.2214487580308743e-06 -6.7671493419931022e-08 1.9320420311227539e-07
leaf_weight=31 20 20 21 36 21 23 22 38 20 27 22 20 508 21
leaf_count=31 20 20 21 36 21 23 22 38 20 27 22 20 508 21
internal_value=4.76231e-15 -5.64647e-07 8.21858e-08 -2.52729e-08 6.358e-07 1.04981e-08 8.72906e-07 -4.41168e-08 -6.22917e-07 9.94182e-09 -2.08298e-08 2.4795e-08 -2.65502e-08 6.94787e-07
internal_weight=850 108 742 88 57 722 43 679 58 621 598 576 535 41
internal_count=850 108 742 88 57 722 43 679 58 621 598 576 535 41
is_linear=0
shrinkage=0.3


Tree=281
num_leaves=17
num_cat=0
split_feature=10 18 13 13 17 22 2 4 2 0 4 21 4 16 13 9
split_gain=4.33114e-10 1.77516e-09 4.31261e-10 1.52561e-09 4.88399e-10 5.81327e-10 5.51643e-10 1.66152e-10 1.63169e-10 2.90207e-10 2.06267e-10 3.28666e-10 4.30442e-10 2.98501e-10 5.53083e-10 3.77023e-10
threshold=1.9429589625903658 0.17808299896074672 0.0179843030689061 0.015894514461397991 0.0041666625274553648 0.043015000000000005 4.6670715700588721 1755350.0000000002 4.0965782119965457 4.4427095361798843 4819000.0000000009 0.79533850000000006 4251600.0000000009 0.0072463933946654933 0.025006581601221031 0.045973489937581172
decision_type=2 2 2 2 2 2 2 2 2 2 2 2 2 2 2 2
left_child=2 -2 3 4 5 -1 -7 -4 -9 -10 11 12 -11 15 -15 -12
right_child=1 -3 7 -5 -6 6 -8 8 9 10 13 -13 -14 14 -16 -17
leaf_value=6.5667958766526779e-07 -7.1627434223842095e-07 2.7452727403343146e-06 7.5747534294480699e-07 -2.431781890095408e-06 9.9599523962517137e-07 -2.2717070984867859e-06 -1.1740922010848525e-07 6.3116980667151294e-07 -9.3585325771528e-07 -1.2683158990748431e-07 -2.556806906223765e-07 9.0948734495555065e-07 -1.3120954776013605e-06 1.5618453050849432e-06 1.7121372693851846e-07 6.8634247929466586e-07
leaf_weight=27 30 24 28 30 31 20 23 36 30 130 188 20 35 33 117 48
leaf_count=27 30 24 28 30 31 20 23 36 30 130 188 20 35 33 117 48
internal_value=-2.86908e-16 8.22191e-07 -5.57768e-08 -5.53296e-07 4.66977e-09 -4.34346e-07 -1.11941e-06 4.22308e-08 1.07915e-08 -2.63693e-08 2.14145e-08 -2.39036e-07 -3.78251e-07 1.46242e-07 4.77153e-07 -6.40828e-08
internal_weight=850 54 796 131 101 70 43 665 637 601 571 185 165 386 150 236
internal_count=850 54 796 131 101 70 43 665 637 601 571 185 165 386 150 236
is_linear=0
shrinkage=0.3


Tree=282
num_leaves=28
num_cat=0
split_feature=3 10 22 5 15 21 26 2 12 20 7 14 4 20 19 28 17 17 28 17 17 5 16 17 13 13 26
split_gain=4.64916e-10 2.27745e-09 4.90122e-10 4.16571e-10 4.29879e-10 5.96405e-10 7.35205e-10 3.45156e-10 5.69948e-10 2.83127e-10 2.79853e-10 2.3235e-10 2.08862e-10 4.86595e-10 2.9943e-10 7.70252e-10 4.1102e-10 2.69215e-10 6.99027e-10 8.01546e-10 6.97058e-10 4.2638e-10 2.08213e-10 1.79814e-10 1.72628e-10 3.03659e-10 3.10451e-10
threshold=4.646674871444703 1.1615220045973724 0.96026750000000016 0.0064239429342379606 0.0021412844204842401 0.10541050000000002 0.42241200000000007 4.6563057694277559 0.00014797583783130404 0.025268500000000003 0.0041451171382727485 0.025746775384975957 8885250.0000000019 0.6189420000000001 0.56154800000000016 1.0000000180025095e-35 0.0040858022211690591 0.0055558108526588485 1.0000000180025095e-35 0.0018656763099797753 0.0069084494316438583 0.0086022435421892664 0.0042735003547240786 0.0045715734887824743 0.022995844336538489 0.031628189143915596 0.57558100000000012
decision_type=2 2 2 2 2 2 2 2 2 2 2 2 2 2 2 2 2 2 2 2 2 2 2 2 2 2 2
left_child=1 3 7 4 5 9 23 8 -2 -1 11 -5 14 24 17 16 -16 18 19 -9 -19 -22 -11 -7 -14 26 -26
right_child=2 -3 -4 10 -6 6 -8 12 -10 22 -12 -13 13 -15 15 -17 -18 20 -20 -21 21 -23 -24 -25 25 -27 -28
leaf_value=1.4313006435681277e-06 1.5101155976740949e-07 3.4022797477462059e-06 -1.4272563865128734e-06 -1.6465276239021318e-06 1.497646694126331e-06 -3.5160702996758382e-07 -1.7154583771019002e-06 3.4180429843351753e-07 -1.5491214639951065e-06 -1.6457232618075809e-07 3.1193813681672175e-07 -3.1217050562304393e-07 7.1040052057469437e-07 -1.2397385943343677e-06 2.0551232468944493e-06 -7.3658815861102987e-07 4.5693791022927144e-07 1.8452823642941698e-06 8.8424827026756237e-07 -1.5244364136005627e-06 -3.5933409933679414e-07 1.1261367594560634e-06 9.1356958721787247e-07 8.8986973553671433e-07 -1.369932750951473e-06 5.2919862035917153e-07 8.247081287512022e-08
leaf_weight=28 35 20 26 23 24 21 28 34 36 38 23 24 25 37 28 26 30 21 30 53 83 22 28 21 26 33 27
leaf_count=28 35 20 26 23 24 21 28 34 36 38 23 24 25 37 28 26 30 21 30 53 83 22 28 21 26 33 27
internal_value=-1.15359e-16 3.18255e-07 -1.54676e-07 7.91828e-08 3.11792e-07 1.38252e-07 -5.24705e-07 -9.40771e-08 -7.11028e-07 6.31943e-07 -5.45538e-07 -9.65154e-07 -1.85922e-09 -2.97556e-07 1.31973e-07 6.20242e-07 1.22848e-06 -3.68112e-08 -3.64499e-07 -7.95101e-07 2.6747e-07 -4.80926e-08 2.92821e-07 2.69131e-07 1.65048e-08 -1.85209e-07 -6.30029e-07
internal_weight=850 278 572 258 188 164 70 546 71 94 70 47 475 148 327 84 58 243 117 87 126 105 66 42 111 86 53
internal_count=850 278 572 258 188 164 70 546 71 94 70 47 475 148 327 84 58 243 117 87 126 105 66 42 111 86 53
is_linear=0
shrinkage=0.3


Tree=283
num_leaves=25
num_cat=0
split_feature=9 13 11 20 7 16 3 2 7 18 8 4 4 7 16 7 18 7 6 10 7 1 27 7
split_gain=3.998e-10 1.15999e-09 1.13288e-09 4.68842e-10 4.11722e-10 3.43246e-10 3.60742e-10 3.8396e-10 5.23666e-10 3.38206e-10 3.7363e-10 2.63045e-10 3.6585e-10 7.58185e-10 2.94615e-10 4.32336e-10 4.14989e-10 2.92836e-10 3.12475e-10 3.56733e-10 3.55778e-10 2.9013e-10 2.52121e-10 2.27922e-10
threshold=0.019798513215210232 0.019741336659727462 61.401448465346981 0.020089000000000006 0.016546237481913979 0.0020512822027890687 4.5391006469726571 4.6769347561774426 0.0059765104137256162 0.064585787013566778 -0.0020449816911376584 5065150.0000000009 5935750.0000000009 -1.0000000180025095e-35 0.0016406495040023215 -1.0000000180025095e-35 -0.54596693577934718 0.029879192211467374 0.021453988484999933 1.7124536637482846 0.020219880023466443 4.6526090111309371 0.80954350000000008 0.0031417223617311251
decision_type=2 2 2 2 2 2 2 2 2 2 2 2 2 2 2 2 2 2 2 2 2 2 2 2
left_child=2 -2 3 -1 5 9 -7 8 -8 10 -5 14 13 -13 -3 21 -17 18 19 20 -14 -16 -9 -20
right_child=1 11 -4 4 -6 6 7 22 -10 -11 -12 12 17 -15 15 16 -18 -19 23 -21 -22 -23 -24 -25
leaf_value=1.1425702404466165e-06 -2.3433403660939285e-06 -1.2305080836938486e-06 2.3443900185523861e-06 1.9554186536652197e-08 1.279800870293002e-06 5.9518554169000839e-07 -5.4775742150805565e-07 -8.2987734018047377e-07 -2.2961480405163976e-06 -3.1477318784441998e-07 1.8111515404519515e-06 2.0381355717802308e-06 -2.2608507731344422e-08 -1.9246704230369005e-07 -1.6975875817593077e-06 1.493353191346358e-06 -2.8297646502810021e-07 1.0470969721154687e-06 1.0954892046740872e-06 -1.3956600844761376e-06 -1.1435970777064353e-06 -1.777572343678676e-07 5.0535799940933297e-07 -2.2094411846751425e-07
leaf_weight=35 21 32 22 20 20 28 58 20 21 34 22 24 210 32 20 20 29 20 29 23 29 26 35 20
leaf_count=35 21 32 22 20 20 28 58 20 21 34 22 24 210 32 20 20 29 20 29 23 29 26 35 20
internal_value=-7.86822e-15 -1.57874e-07 2.68136e-07 1.1224e-07 -2.75338e-08 -1.37394e-07 -3.8416e-07 -5.88799e-07 -1.01252e-06 3.88607e-07 9.5801e-07 -6.8585e-08 5.43573e-08 7.63506e-07 -4.4322e-07 -1.78028e-07 4.42056e-07 -6.56195e-08 -1.37177e-07 -2.67222e-07 -1.58628e-07 -8.38553e-07 1.98179e-08 5.58169e-07
internal_weight=850 535 315 293 258 238 162 134 79 76 42 514 387 56 127 95 49 331 311 262 239 46 55 49
internal_count=850 535 315 293 258 238 162 134 79 76 42 514 387 56 127 95 49 331 311 262 239 46 55 49
is_linear=0
shrinkage=0.3


Tree=284
num_leaves=24
num_cat=0
split_feature=7 7 8 2 11 7 21 27 18 22 18 21 12 10 28 1 0 20 13 17 5 5 0
split_gain=4.52109e-10 1.16631e-09 2.52864e-09 1.08071e-09 3.92712e-10 3.38811e-10 4.34156e-10 3.63408e-10 3.77762e-10 5.01597e-10 4.40256e-10 3.74604e-10 3.13279e-10 5.37597e-10 4.98702e-10 2.46444e-10 3.77874e-10 3.73078e-10 5.83172e-10 3.37815e-10 3.36148e-10 3.18397e-10 2.46917e-10
threshold=0.0042284173826080537 0.006479628746801855 0.013851587618727674 5.8101854616823756 33.336117114960103 0.0020920309664146388 0.045285000000000013 0.95772550000000012 -0.079862646832276535 0.016905500000000004 0.01825165033433163 0.039738000000000002 -0.0055138027113936358 -1.0537981569096055 1.0000000180025095e-35 4.5783862088166716 4.6139450419117365 0.16711000000000001 0.025410149778918915 0.0060544908496229415 0.0065377541854237777 -0.0061209417778434758 4.8892300272995604
decision_type=2 2 2 2 2 2 2 2 2 2 2 2 2 2 2 2 2 2 2 2 2 2 2
left_child=3 2 -2 5 -3 7 -7 8 12 -10 -11 -12 -1 -14 -15 -6 -17 21 19 -19 -20 -18 -23
right_child=1 4 -4 -5 15 6 -8 -9 9 10 11 -13 13 14 -16 16 17 18 20 -21 -22 22 -24
leaf_value=-1.1799687516855785e-06 -2.3527361544698318e-07 -1.2408731223612078e-06 4.1195883146169111e-06 -2.3305076840074432e-06 9.042455999005741e-07 2.573334143107786e-07 -1.5471531726518606e-06 9.4073344189048237e-07 -9.6123367015366042e-07 1.620249177976389e-06 -5.5103551962550534e-07 4.4843650897913927e-07 1.0490472671055893e-06 -8.3247440210485323e-07 3.7301335974797952e-07 -1.0482009388058398e-06 1.3130274332492522e-06 -2.6249321616835281e-07 -1.8347821792205016e-06 1.3347961374744375e-06 -1.7466388361039466e-07 -6.5404873116189527e-07 6.4036554263680041e-07
leaf_weight=36 28 20 21 20 33 20 30 34 30 22 45 135 26 94 46 26 35 26 23 22 21 21 36
leaf_count=36 28 20 21 20 33 20 30 34 30 22 45 135 26 94 46 26 35 26 23 22 21 21 36
internal_value=7.18484e-16 2.87308e-07 1.6311e-06 -1.66617e-07 3.6944e-08 -8.30691e-08 -8.25359e-07 -3.76471e-09 -7.77577e-08 1.83409e-07 3.53405e-07 1.98569e-07 -3.77711e-07 -2.03727e-07 -4.36386e-07 1.42114e-07 2.23506e-08 1.73624e-07 -2.53557e-07 4.69598e-07 -1.04245e-06 6.00805e-07 1.63476e-07
internal_weight=850 312 49 538 263 518 50 468 434 232 202 180 202 166 140 243 210 184 92 48 44 92 57
internal_count=850 312 49 538 263 518 50 468 434 232 202 180 202 166 140 243 210 184 92 48 44 92 57
is_linear=0
shrinkage=0.3


Tree=285
num_leaves=29
num_cat=0
split_feature=0 2 10 2 14 3 12 12 27 14 27 27 5 6 1 18 7 4 4 3 3 6 6 10 8 4 6 21
split_gain=3.39658e-10 1.89551e-09 5.6399e-10 4.17926e-10 3.23015e-10 1.25817e-09 3.43543e-10 5.61135e-10 3.27177e-10 4.65695e-10 3.11731e-10 4.25826e-10 3.16806e-10 2.48337e-10 3.72944e-10 6.12911e-10 4.94129e-10 3.97576e-10 3.08609e-10 2.82421e-10 2.99608e-10 2.77688e-10 2.55089e-10 2.24611e-10 3.55305e-10 6.05575e-10 2.15121e-10 1.518e-10
threshold=4.5951122113101279 4.52896715928195 0.77202941169245998 4.4907227517028865 0.017463873869810295 5.6505684852600107 0.0015834471979054266 0.0033943752173959886 0.58809300000000009 0.01892019575879398 0.75496700000000005 0.89833000000000018 0.0021255271189565693 0.0078511596036680668 5.1761886134724397 -0.1406955751500176 0.0037786994339498894 4147550.0000000005 6598650.0000000009 5.066498041152955 5.4189257621765146 -0.0016260862389742899 0.013830625779820841 0.73063070525451002 -0.014631640970481726 4600000.0000000009 0.0018692069111060949 0.066328000000000012
decision_type=2 2 2 2 2 2 2 2 2 2 2 2 2 2 2 2 2 2 2 2 2 2 2 2 2 2 2 2
left_child=1 2 3 10 5 6 23 -8 -6 -10 -1 -12 -13 14 15 17 21 -11 -17 22 -21 -16 -15 24 -2 26 -26 -18
right_child=4 -3 -4 -5 8 -7 7 -9 9 13 11 12 -14 19 16 18 27 -19 -20 20 -22 -23 -24 -25 25 -27 -28 -29
leaf_value=-8.5098217006418508e-07 6.6846527684411298e-07 2.6761931625034978e-06 -1.2282682072164505e-06 1.1430080591502607e-06 -8.5063035128615308e-07 -2.6767257310922334e-06 -1.9800521829179989e-06 -6.6815865186588382e-08 1.2352304983939956e-06 -5.9297850703890596e-07 9.9135533953533291e-07 3.5268018734768701e-07 -1.0933205740002449e-06 1.5545153200946517e-06 2.589716988015627e-07 -3.7083521750594037e-07 1.562719009320561e-06 1.0772287310076002e-06 -1.5086637514135267e-06 -8.6922106648811528e-07 4.5240803984451138e-07 -1.2158913176563146e-06 3.2062784102113017e-07 9.8953561616456562e-07 -1.6459018900781704e-06 7.1273433776424947e-07 -3.8213283940794184e-07 4.4711401666778065e-07
leaf_weight=32 38 27 29 34 34 20 22 37 31 23 39 30 25 25 27 41 23 29 45 26 38 20 38 21 27 26 22 21
leaf_count=32 38 27 29 34 34 20 22 37 31 23 39 30 25 25 27 41 23 29 45 26 38 20 38 21 27 26 22 21
internal_value=-2.72707e-15 3.24901e-07 -1.09983e-08 2.09632e-07 -1.10692e-07 -4.11742e-07 -1.77029e-07 -7.80226e-07 4.16213e-08 1.2001e-07 -4.22316e-08 2.33088e-07 -3.04593e-07 2.28985e-08 -1.63697e-07 -4.74587e-07 3.07762e-07 3.38483e-07 -9.66211e-07 3.59358e-07 -8.45038e-08 -3.6863e-07 8.10266e-07 8.85578e-08 -7.88805e-08 -4.57536e-07 -1.0785e-06 1.03027e-06
internal_weight=850 216 189 160 634 213 193 59 421 387 126 94 55 356 229 138 91 52 86 127 64 47 63 134 113 75 49 44
internal_count=850 216 189 160 634 213 193 59 421 387 126 94 55 356 229 138 91 52 86 127 64 47 63 134 113 75 49 44
is_linear=0
shrinkage=0.3


Tree=286
num_leaves=20
num_cat=0
split_feature=15 5 4 25 4 19 7 17 6 2 14 5 5 17 15 10 6 2 12
split_gain=2.67519e-10 1.69713e-09 4.51555e-10 3.03623e-10 2.15285e-10 4.11351e-10 9.04281e-10 3.93372e-10 2.80913e-10 2.47923e-10 2.21597e-10 2.26546e-10 2.85626e-10 2.10967e-10 1.96634e-10 2.72041e-10 1.93624e-10 1.19534e-10 6.0557e-11
threshold=0.019215366642855714 0.022803356434285025 6524800.0000000009 1.0000000180025095e-35 2453700.0000000005 -0.94409799999999999 -0.0021367392770927991 0.0041493734884287354 0.0040690602174581455 5.6066829530271685 0.0091368275300575726 0.0091954855547597379 0.012685466943945052 0.0038350910143192083 0.0095695879013302822 0.79091262546566554 0.0031417223617311251 4.7069281049820786 0.0015834471979054266
decision_type=2 2 2 2 2 2 2 2 2 2 2 2 2 2 2 2 2 2 2
left_child=4 -2 -3 -4 7 6 -6 8 -1 10 -7 14 17 -14 15 -12 -11 -13 -18
right_child=1 2 3 -5 5 9 -8 -9 -10 16 11 12 13 -15 -16 -17 18 -19 -20
leaf_value=1.4497310626637726e-06 2.7113167917654525e-06 -1.4712717546672136e-06 -4.3978129331033129e-07 1.1149864971571332e-06 -2.4087286606442961e-06 -1.05503127814705e-06 4.0991566365278235e-07 -4.8051584846281657e-07 1.6491715086885961e-08 1.0176755915303204e-06 8.644784231162586e-08 -5.9550616619219461e-07 -7.3685456563055136e-07 4.3977977686182608e-07 8.8069453596517633e-07 -4.9885203454065993e-07 3.7507163788721142e-07 -1.6327170851582197e-06 -3.3869908688866081e-07
leaf_weight=32 23 20 26 20 21 22 20 29 20 32 333 20 24 32 22 91 23 20 20
leaf_count=32 23 20 26 20 21 22 20 29 20 32 333 20 24 32 22 91 23 20 20
internal_value=-1.55997e-15 4.92138e-07 -2.81212e-07 2.36205e-07 -5.75562e-08 -1.12627e-07 -1.03378e-06 4.04769e-07 8.98485e-07 -5.35236e-08 -1.21666e-07 -8.37807e-08 -5.01834e-07 -6.44921e-08 6.20376e-09 -3.91708e-08 4.5891e-07 -1.11411e-06 4.30853e-08
internal_weight=850 89 66 46 761 680 41 81 52 639 564 542 96 56 446 424 75 40 43
internal_count=850 89 66 46 761 680 41 81 52 639 564 542 96 56 446 424 75 40 43
is_linear=0
shrinkage=0.3


Tree=287
num_leaves=24
num_cat=0
split_feature=11 12 13 8 13 7 16 13 13 15 8 7 7 20 20 13 0 5 17 9 26 11 1
split_gain=2.85309e-10 1.98325e-09 2.70059e-10 1.11778e-09 3.51824e-10 3.03228e-10 6.53628e-10 3.22921e-10 2.06593e-10 3.26944e-10 2.68042e-10 3.76699e-10 5.30724e-10 3.80537e-10 2.55073e-10 2.47636e-10 2.51848e-10 2.35491e-10 3.49288e-10 3.2355e-10 1.66517e-10 1.47954e-10 1.11148e-10
threshold=69.430726341830209 0.0030447496908646014 0.017209872716906421 0.017385390029916552 0.01880040009544488 -1.0000000180025095e-35 0.006116208459432484 0.015173510167923938 0.030290333156735651 0.02282011176016641 -0.059230208663928779 -0.0060911707923998601 -0.014658094766396514 0.2622330000000001 0.93220800000000004 0.029333287351804436 4.6806416513342048 -0.0040733081500934224 0.01146137394217531 0.025684803255721634 0.66588950000000013 71.940522120533402 5.1060327565570232
decision_type=2 2 2 2 2 2 2 2 2 2 2 2 2 2 2 2 2 2 2 2 2 2 2
left_child=2 -2 3 5 -4 6 -1 -7 9 14 11 12 -10 -13 15 16 -6 19 20 -12 -19 -3 -23
right_child=1 21 4 -5 8 7 -8 -9 10 -11 17 13 -14 -15 -16 -17 -18 18 -20 -21 -22 22 -24
leaf_value=1.5965255755645557e-06 2.8335758545772196e-06 -1.0498727293395403e-06 1.1719050408116702e-06 -2.4586283107704989e-06 4.5651110196350445e-07 1.0254073050123839e-08 -6.9527940824392377e-07 -1.4859503102115922e-06 -2.4246039448992355e-07 -1.3502474881654792e-06 -9.0099957293820023e-07 1.9226494361502867e-09 1.6281749391769803e-06 -1.4410767258487728e-06 -1.0892204409690914e-06 -1.0276797287441956e-06 -1.4640219384253592e-07 1.8198567398887741e-06 4.8251774544555101e-08 6.136825663816125e-07 7.1170791796782358e-07 -5.7034105587661083e-07 4.0682973915744988e-07
leaf_weight=24 24 20 23 21 90 37 21 20 39 20 22 38 21 29 22 21 203 26 34 30 23 20 22
leaf_count=24 24 20 23 21 90 37 21 20 39 20 22 38 21 29 22 21 203 26 34 30 23 20 22
internal_value=-8.0563e-16 5.18044e-07 -5.83139e-08 -4.65488e-07 1.98179e-08 -5.51359e-08 5.27017e-07 -5.1473e-07 -2.30592e-08 -1.71862e-07 1.7913e-07 -1.3372e-07 4.12262e-07 -6.22659e-07 -1.0172e-07 -3.25316e-08 3.8793e-08 4.73442e-07 7.87062e-07 -2.71445e-08 1.29971e-06 -3.78291e-07 -5.84897e-08
internal_weight=850 86 764 123 641 102 45 57 618 356 262 127 60 67 336 314 293 135 83 52 49 62 42
internal_count=850 86 764 123 641 102 45 57 618 356 262 127 60 67 336 314 293 135 83 52 49 62 42
is_linear=0
shrinkage=0.3


Tree=288
num_leaves=17
num_cat=0
split_feature=20 13 7 1 3 15 14 19 15 12 15 22 13 8 9 12
split_gain=3.08705e-10 1.82774e-09 2.82811e-10 4.13222e-10 3.52989e-10 3.83485e-10 3.38162e-10 2.17404e-10 2.00465e-10 4.70078e-10 2.60366e-10 1.99003e-10 1.80403e-10 1.74001e-10 2.0158e-10 2.15993e-10
threshold=0.80144150000000014 0.016335606537799533 -0.023869371678576303 4.9069794269062195 5.8450112342834482 0.023970459971991136 0.043380465989764055 0.49222800000000005 -0.010752626424140809 -0.00017585459282732052 -0.0097019985233641089 0.019408500000000006 0.021494417262385792 -0.085419257317530459 0.029128061409407217 -0.00021250425347070127
decision_type=2 2 2 2 2 2 2 2 2 2 2 2 2 2 2 2
left_child=2 -2 3 -1 5 6 7 8 9 -4 -10 -3 -13 -14 15 -15
right_child=1 11 4 -5 -6 -7 -8 -9 10 -11 -12 12 13 14 -16 -17
leaf_value=-1.576983316323656e-07 2.8480535923375533e-06 8.0773355751840754e-07 -1.2211193082833916e-06 1.4310769639262861e-06 -1.037220812424709e-06 -1.1973816698053321e-06 8.4953013287739994e-07 -8.4643487835736855e-07 1.0962664849500925e-06 1.5866860917412852e-07 -1.4723923955296019e-08 -9.102939232619178e-07 -7.6748462812962049e-07 3.4795093865922251e-07 7.4541613701382758e-07 -9.5279561243444275e-07
leaf_weight=34 23 22 40 26 38 27 36 33 20 50 374 24 21 27 35 20
leaf_count=34 23 22 40 26 38 27 36 33 20 50 374 24 21 27 35 20
internal_value=3.91216e-15 3.5895e-07 -9.10612e-08 5.30771e-07 -1.51433e-07 -9.33988e-08 -3.94973e-08 -1.01403e-07 -5.06049e-08 -4.5457e-07 4.16715e-08 -2.52736e-08 -1.69574e-07 3.02088e-09 2.00345e-07 -2.05558e-07
internal_weight=850 172 678 60 618 580 553 517 484 90 394 149 127 103 82 47
internal_count=850 172 678 60 618 580 553 517 484 90 394 149 127 103 82 47
is_linear=0
shrinkage=0.3


Tree=289
num_leaves=18
num_cat=0
split_feature=15 11 13 7 7 2 9 5 13 11 13 13 16 21 25 0 21
split_gain=3.64867e-10 1.43509e-09 2.40772e-10 1.10613e-09 2.75613e-10 2.9751e-10 3.92715e-10 2.34238e-10 2.25756e-10 2.20345e-10 2.14762e-10 3.96156e-10 2.0405e-10 1.9225e-10 2.30783e-10 1.81134e-10 1.78306e-10
threshold=0.023000570384511084 68.588048781897911 0.01750943794238187 -0.0082137281615151363 -1.0000000180025095e-35 4.6228560601404105 0.0099868666119725478 0.034193445639941998 0.019817055605000012 69.610076290312421 0.021576013919270078 0.022650364055022482 0.006689005139724871 0.020438500000000002 0.41666650000000005 5.1880825864519027 0.066328000000000012
decision_type=2 2 2 2 2 2 2 2 2 2 2 2 2 2 2 2 2
left_child=2 7 3 -1 -5 -6 -7 -2 16 10 12 -12 -10 -13 -15 -11 -4
right_child=1 -3 8 4 5 6 -8 -9 9 15 11 13 -14 14 -16 -17 -18
leaf_value=-2.4228185367292096e-06 -1.0037458667154298e-06 2.792306808601097e-06 1.3058034889062194e-06 7.1322685357699811e-07 -1.1459501051389351e-06 -7.0988095171742315e-07 1.0280299797862178e-06 4.1320740145067698e-07 -1.0076120336644965e-06 -1.9015956248243749e-07 1.1306656476460463e-06 7.8574190864242963e-07 1.2864403208823204e-07 1.573455537019833e-07 -2.8276209104008365e-07 -1.2880159403039216e-06 9.6718394082057315e-08
leaf_weight=21 21 20 21 31 27 25 22 21 33 38 31 28 25 259 183 21 23
leaf_count=21 21 20 21 31 27 25 22 21 33 38 31 28 25 259 183 21 23
internal_value=8.04259e-16 7.00723e-07 -5.5133e-08 -4.35239e-07 -3.77237e-08 -3.52311e-07 1.03609e-07 -2.95269e-07 1.72135e-08 -2.95324e-08 2.86643e-08 9.1933e-08 -5.17846e-07 2.34209e-08 -2.4871e-08 -5.80922e-07 6.73782e-07
internal_weight=850 62 788 126 105 74 47 42 662 618 559 501 58 470 442 59 44
internal_count=850 62 788 126 105 74 47 42 662 618 559 501 58 470 442 59 44
is_linear=0
shrinkage=0.3


Tree=290
num_leaves=20
num_cat=0
split_feature=0 13 22 20 20 26 14 11 10 11 11 6 22 27 8 10 10 5 14
split_gain=2.54868e-10 2.17028e-09 2.90008e-10 2.47062e-10 3.35711e-10 4.35261e-10 4.30699e-10 1.77523e-10 3.33793e-10 2.84247e-10 2.76072e-10 2.42811e-10 3.39489e-10 2.53952e-10 4.9633e-10 4.34664e-10 3.73488e-10 2.94784e-10 1.30365e-10
threshold=4.5480301919558963 0.016723296298573432 0.96026750000000016 0.033429500000000008 0.13402500000000003 0.38837350000000009 0.027078044508303093 37.142825385363061 -1.3322085133686554 42.469303560287038 41.086904593024791 -0.017196670776377421 0.37295250000000008 0.93369450000000009 0.010965994515220526 -0.93134452225842812 -0.33847818366707999 0.0087108709612459274 0.02359039747766525
decision_type=2 2 2 2 2 2 2 2 2 2 2 2 2 2 2 2 2 2 2
left_child=1 -1 7 -3 -5 -6 -7 8 -2 10 -9 12 -11 15 -15 -13 -17 -16 -10
right_child=2 3 -4 4 5 6 -8 9 18 11 -12 13 -14 14 17 16 -18 -19 -20
leaf_value=3.1085924372801927e-06 1.0281299281407547e-06 7.6247386823524717e-07 -9.4800915917403472e-07 -1.1418879716984518e-06 1.0786339832407065e-06 3.8650978304362536e-07 -1.1948932274941809e-06 -2.2745676551139126e-07 -7.5029693306305497e-07 -2.878076823721796e-07 -1.5961596014817709e-06 -1.2287745898434236e-06 1.3204774398268961e-06 1.1854878465555885e-06 2.6486078464758087e-07 1.0125016638653505e-06 -1.9333789762726575e-07 -1.1399938384215602e-06 2.77301702197974e-07
leaf_weight=22 38 25 33 30 25 31 31 36 20 21 21 34 27 38 41 25 307 20 25
leaf_count=22 38 25 33 30 25 31 31 36 20 21 21 34 27 38 41 25 307 20 25
internal_value=2.10122e-15 3.35977e-07 -8.0321e-08 -9.35833e-08 -2.76502e-07 2.19076e-08 -4.04192e-07 -3.64715e-08 3.7344e-07 -9.61604e-08 -7.31716e-07 -2.55432e-08 6.16853e-07 -9.1855e-08 3.34424e-07 -2.0716e-07 -1.02537e-07 -1.95747e-07 -1.79409e-07
internal_weight=850 164 686 142 117 87 62 653 83 570 57 513 48 465 99 366 332 61 45
internal_count=850 164 686 142 117 87 62 653 83 570 57 513 48 465 99 366 332 61 45
is_linear=0
shrinkage=0.3


Tree=291
num_leaves=16
num_cat=0
split_feature=10 8 13 20 16 16 6 22 5 2 11 9 7 5 3
split_gain=2.98893e-10 1.47517e-09 2.878e-10 9.69224e-10 2.68225e-10 3.29936e-10 2.25441e-10 2.10801e-10 1.96994e-10 1.95627e-10 2.00622e-10 3.87462e-10 2.33325e-10 2.75404e-10 2.34539e-10
threshold=1.909553715945252 0.058679570496405077 0.01750943794238187 0.025174500000000006 0.0020790496883160005 0.0062695931781383499 -0.0020790236406132367 0.95960000000000012 -0.034871093134794744 5.7917995323599367 31.230096017745414 0.052868923207477207 0.0020429686233852653 -0.0016260862389742899 4.6370439529418954
decision_type=2 2 2 2 2 2 2 2 2 2 2 2 2 2 2
left_child=2 -2 3 -1 -5 6 -6 8 -4 10 11 -10 14 -14 -12
right_child=1 -3 7 4 5 -7 -8 -9 9 -11 12 -13 13 -15 -16
leaf_value=-2.3254738656370526e-06 2.739368892150651e-06 -4.585256242443073e-07 -7.2344183324317284e-07 6.0060523450331137e-07 -1.663314420596862e-06 4.6336320451700886e-07 -2.9953623883471889e-07 7.465000541222772e-07 -2.2639376434990087e-07 7.7610609082512384e-07 1.4234790067224384e-07 1.5790794858361323e-06 5.435598774477574e-07 -1.1624342215167774e-07 -4.2510429452136119e-07
leaf_weight=21 20 37 33 34 20 24 24 35 23 30 98 20 99 134 198
leaf_count=21 20 37 33 34 20 24 24 35 23 30 98 20 99 134 198
internal_value=6.83939e-15 6.63543e-07 -4.76947e-08 -4.69503e-07 -8.73908e-08 -4.31389e-07 -9.19435e-07 2.97416e-08 -9.76474e-09 2.93571e-08 -9.80807e-09 6.13361e-07 -6.04627e-08 1.64102e-07 -2.37232e-07
internal_weight=850 57 793 123 102 68 44 670 635 602 572 43 529 233 296
internal_count=850 57 793 123 102 68 44 670 635 602 572 43 529 233 296
is_linear=0
shrinkage=0.3


Tree=292
num_leaves=16
num_cat=0
split_feature=10 10 9 0 20 11 8 8 11 4 21 13 18 18 20
split_gain=2.49405e-10 1.50812e-09 2.70541e-10 2.27903e-10 8.73841e-10 1.40018e-10 2.60655e-10 3.16913e-10 2.18262e-10 2.10792e-10 1.8917e-10 1.86726e-10 1.76468e-10 1.61e-10 1.56472e-10
threshold=2.0413814276310189 1.8000545833540194 0.026456083528997355 5.8590107488271945 0.15667800000000001 66.658970821108127 0.043647800547545253 0.033333491237591634 55.196815182837419 3821000.0000000005 0.040185000000000005 0.025006581601221031 -0.15439708140252689 0.32074917362444394 0.012977500000000001
decision_type=2 2 2 2 2 2 2 2 2 2 2 2 2 2 2
left_child=1 3 -2 5 -5 6 7 8 14 -8 -7 -12 -11 -14 -1
right_child=2 -3 -4 4 -6 10 9 -9 -10 12 11 -13 13 -15 -16
leaf_value=7.7695727327409261e-07 -1.2923726160352089e-06 2.5485645049830707e-06 1.4333690663599033e-07 -2.135376721739135e-06 6.3542072845328746e-07 -1.1125663536145937e-06 1.3946705526990399e-06 -1.1339006301175851e-06 7.1135284127439474e-07 -4.1148150719488348e-07 6.6345273467049989e-07 -4.6400965121488992e-07 1.2318981518687013e-06 9.4467144329257722e-08 -5.930475510918418e-08
leaf_weight=21 27 21 21 20 21 22 20 22 39 22 20 39 21 24 490
leaf_count=21 27 21 21 20 21 22 20 22 39 22 20 39 21 24 490
internal_value=-1.62176e-15 3.97556e-08 -6.6425e-07 -2.77028e-08 -7.16188e-07 1.0443e-08 5.61936e-08 -1.73886e-08 2.72719e-08 5.39976e-07 -3.61775e-07 -8.1819e-08 2.84843e-07 6.25268e-07 -2.49378e-08
internal_weight=850 802 48 781 41 740 659 572 550 87 81 59 67 45 511
internal_count=850 802 48 781 41 740 659 572 550 87 81 59 67 45 511
is_linear=0
shrinkage=0.3


Tree=293
num_leaves=13
num_cat=0
split_feature=15 3 10 3 2 5 9 9 19 7 15 16
split_gain=2.68914e-10 1.47633e-09 1.89565e-10 2.91378e-10 9.28381e-10 1.49701e-10 1.42861e-10 1.52685e-10 2.58973e-10 1.93481e-10 1.89724e-10 1.24574e-10
threshold=0.023000570384511084 4.6862602233886728 1.7752302325127249 5.8680236339569101 5.7165463556765062 0.0078511596036680668 0.064400544097228243 0.052472291726651625 0.096350500000000019 0.026510895742262858 -0.023479244429688812 0.0052959144200005401
decision_type=2 2 2 2 2 2 2 2 2 2 2 2
left_child=2 -2 3 4 6 -4 7 9 -9 10 -1 -3
right_child=1 11 5 -5 -6 -7 -8 8 -10 -11 -12 -13
leaf_value=6.5271397155746465e-07 2.7229876619117023e-06 -9.0125305172767351e-07 -6.5016102077854817e-09 8.9194865920710008e-07 -2.0625475757185538e-06 -1.036800075269184e-06 -5.9795374263351484e-07 -1.1877280021721504e-08 1.3817863234422133e-06 -7.4263710132527188e-07 -9.6821120422971986e-09 1.33255383047981e-07
leaf_weight=42 20 22 22 31 20 30 33 30 20 30 530 20
leaf_count=42 20 22 22 31 20 30 33 30 20 30 530 20
internal_value=2.28719e-15 6.01569e-07 -4.73316e-08 -8.22045e-09 -4.78024e-08 -6.00905e-07 1.10223e-08 4.18447e-08 5.45588e-07 5.57207e-12 3.89554e-08 -4.0863e-07
internal_weight=850 62 788 736 705 52 685 652 50 602 572 42
internal_count=850 62 788 736 705 52 685 652 50 602 572 42
is_linear=0
shrinkage=0.3


Tree=294
num_leaves=16
num_cat=0
split_feature=10 11 19 19 0 17 4 3 9 12 14 4 13 7 21
split_gain=3.54979e-10 8.72881e-10 1.89379e-10 7.87282e-10 1.85958e-10 3.35921e-10 2.04091e-10 1.97401e-10 1.72879e-10 1.95254e-10 1.61453e-10 2.23019e-10 1.95101e-10 1.22077e-10 1.00255e-10
threshold=1.9429589625903658 67.649822135616105 -0.95000249999999997 -0.94339099999999998 4.5706191816944282 0.0020768929484820176 7825550.0000000009 4.5948543548583993 0.039586205798161203 0.0016689845931329851 0.010214505503169954 1997050.0000000002 0.01750943794238187 -0.025752698923070812 0.26830200000000004
decision_type=2 2 2 2 2 2 2 2 2 2 2 2 2 2 2
left_child=2 -2 -1 -4 5 14 8 -6 9 -7 12 -12 -9 -13 -5
right_child=1 -3 3 4 7 6 -8 10 -10 -11 11 13 -14 -15 -16
leaf_value=6.8891187424924279e-07 -4.1793494744979396e-07 1.9960251701324803e-06 -1.9369442974870309e-06 -1.4800681125783719e-06 7.3460189795223245e-07 -4.5177373930727066e-07 -6.9502515450332275e-07 1.2196282156651251e-06 8.3002355665939831e-07 5.2386217051392238e-07 -8.7795193527047861e-07 5.94289466846476e-07 -7.3543449730095747e-08 -3.1587084002591911e-08 -5.5201406155447321e-07
leaf_weight=30 28 26 20 22 36 48 35 21 25 30 27 30 21 431 20
leaf_count=30 28 26 20 22 36 48 35 21 25 30 27 30 21 431 20
internal_value=-2.86918e-15 7.44342e-07 -5.04956e-08 -7.94541e-08 -2.96554e-08 -2.95257e-07 -6.91635e-08 5.48117e-08 1.43508e-07 -7.65292e-08 8.63722e-09 -3.99386e-08 5.73042e-07 9.14241e-09 -1.03814e-06
internal_weight=850 54 796 766 746 180 138 566 103 78 530 488 42 461 42
internal_count=850 54 796 766 746 180 138 566 103 78 530 488 42 461 42
is_linear=0
shrinkage=0.3


Tree=295
num_leaves=30
num_cat=0
split_feature=17 13 10 12 12 3 17 12 6 21 10 20 15 15 5 5 12 6 17 22 19 14 8 19 4 13 13 7 20
split_gain=2.53455e-10 5.50604e-10 4.87162e-10 2.80851e-10 3.32229e-10 2.52631e-10 2.80745e-10 2.38087e-10 4.43528e-10 2.39778e-10 5.0875e-10 2.20597e-10 2.83e-10 2.52551e-10 2.33689e-10 6.46897e-10 3.42046e-10 2.26573e-10 2.18933e-10 2.54426e-10 4.14002e-10 2.01903e-10 1.96387e-10 1.73391e-10 1.71294e-10 2.44761e-10 1.82711e-10 1.78579e-10 1.62601e-10
threshold=0.0054200886378175557 0.016335606537799533 1.9429589625903658 -0.0016723402144124091 -0.0028812896650589497 5.5461583137512216 0.010405828513558731 -0.004799749342060595 -0.010298766988343769 0.15009150000000002 1.018840789909399 0.21409150000000002 0.002044939124275428 0.0079586379446087794 0.018500229187797698 0.0081631752517542493 0.00020795631960989199 0.0055710578968266155 0.0040650367106454454 0.54868900000000009 0.088980000000000017 0.023392800231907217 -0.0011684347805942707 -0.061582999999999992 6343450.0000000009 0.034077422246063561 0.030161035080030797 -0.001947382600463345 0.040634500000000004
decision_type=2 2 2 2 2 2 2 2 2 2 2 2 2 2 2 2 2 2 2 2 2 2 2 2 2 2 2 2 2
left_child=2 -2 3 4 18 6 7 -3 -9 10 -10 12 17 -14 15 16 -13 28 19 20 -1 -8 -18 -7 26 27 -23 -26 -5
right_child=1 5 -4 11 -6 23 21 8 9 -11 -12 14 13 -15 -16 -17 22 -19 -20 -21 -22 24 -24 -25 25 -27 -28 -29 -30
leaf_value=1.372919390161899e-06 -1.450985081419276e-06 -1.3208269775191182e-06 1.327887468676181e-06 -1.2375619186449124e-06 1.2630961539361607e-06 1.0510984127323455e-06 6.9357352377832471e-07 7.9834099503491755e-07 3.4762667556652682e-07 -1.1873084244335156e-06 -1.4192567784282967e-06 -1.5748136178217466e-06 1.4906190179837202e-06 1.8151977923726766e-07 -1.2804055943989436e-06 1.0951426057491066e-06 5.3267736780826516e-07 5.1624394288296565e-07 9.9005605513322896e-07 -7.9618260632027417e-07 -2.7925633254710648e-07 -1.6858703614072314e-07 -6.3412950923422514e-07 4.5391142607561121e-08 7.3722765705497293e-07 -9.7288814234567945e-07 9.7257075418116533e-07 -4.0341796733400773e-07 -1.1519406601934178e-07
leaf_weight=21 28 25 30 21 32 27 38 26 44 38 22 24 21 36 22 26 20 24 23 28 39 28 37 36 21 34 23 30 26
leaf_count=21 28 25 30 21 32 27 38 26 44 38 22 24 21 36 22 26 20 24 23 28 39 28 37 36 21 34 23 30 26
internal_value=2.3415e-15 -1.65757e-07 1.61902e-07 7.44532e-08 4.11451e-07 -7.39549e-08 -1.79344e-07 -4.72965e-07 -3.09915e-07 -5.86979e-07 -2.41334e-07 -1.13059e-07 1.65967e-07 6.63819e-07 -3.89922e-07 -2.06832e-07 -6.2475e-07 -2.33718e-07 1.65932e-07 -4.94637e-08 2.99005e-07 8.22157e-08 -2.24724e-07 4.76409e-07 -8.86049e-08 -3.49399e-07 3.46053e-07 6.62596e-08 -6.16678e-07
internal_weight=850 420 430 400 143 392 329 155 130 104 66 257 128 57 129 107 81 71 111 88 60 174 57 63 136 85 51 51 47
internal_count=850 420 430 400 143 392 329 155 130 104 66 257 128 57 129 107 81 71 111 88 60 174 57 63 136 85 51 51 47
is_linear=0
shrinkage=0.3


Tree=296
num_leaves=16
num_cat=0
split_feature=0 7 13 13 10 20 10 13 21 2 7 7 8 27 11
split_gain=2.99638e-10 7.29179e-10 2.85303e-10 1.79487e-09 2.46809e-10 1.70639e-10 3.02494e-10 2.8663e-10 1.62215e-10 1.20828e-10 1.11588e-10 1.47598e-10 1.37703e-10 3.18407e-10 2.09527e-10
threshold=5.8590107488271945 1.0000000180025095e-35 0.016335606537799533 0.015351678566589491 1.7752302325127249 0.37186000000000008 -0.28762766242273369 0.014506088307080242 0.15009150000000002 5.6663843003033687 0.031926564077513452 0.023796518503752521 0.083441255113253718 0.78738750000000013 56.484227366661166
decision_type=2 2 2 2 2 2 2 2 2 2 2 2 2 2 2
left_child=2 -2 3 5 9 7 -7 -1 -6 10 11 12 14 -14 -4
right_child=1 -3 4 -5 8 6 -8 -9 -10 -11 -12 -13 13 -15 -16
leaf_value=1.1426144016013495e-06 -2.1172905204025481e-06 2.0612949172925343e-07 -2.7020778059172626e-08 2.9173152357357552e-06 -1.0895679025679783e-06 2.748038610381595e-07 -1.3170121067415411e-06 -3.8109813101527829e-07 -5.0696757369905753e-08 7.5191187953294048e-07 5.989436936538873e-07 -8.0579115905469026e-07 6.2193380323094516e-07 -7.9438773161655257e-07 4.9787739161990749e-07
leaf_weight=20 20 31 414 22 31 21 22 25 24 20 27 21 20 50 82
leaf_count=20 20 31 414 22 31 21 22 25 24 20 27 21 20 50 82
internal_value=-2.57096e-15 -7.05016e-07 4.5001e-08 4.93658e-07 -2.66279e-08 -1.12256e-07 -5.39614e-07 2.96107e-07 -6.36242e-07 2.62567e-08 2.6197e-09 -2.48092e-08 4.1672e-09 -3.89724e-07 5.97567e-08
internal_weight=850 51 799 110 689 88 43 45 55 634 614 587 566 70 496
internal_count=850 51 799 110 689 88 43 45 55 634 614 587 566 70 496
is_linear=0
shrinkage=0.3


Tree=297
num_leaves=16
num_cat=0
split_feature=13 13 10 17 10 17 18 2 14 9 19 19 9 27 27
split_gain=2.4199e-10 1.14886e-09 1.08102e-09 3.17066e-10 1.76775e-10 2.09906e-10 1.61841e-10 1.52408e-10 2.38657e-10 1.0344e-10 1.78524e-10 1.18536e-10 1.5261e-10 1.42343e-10 6.22462e-11
threshold=0.016028856943005845 0.01750943794238187 0.91907595093985417 0.0041666625274553648 1.8128335046858612 0.0069084494316438583 -0.045267506656998267 5.6202653665892255 0.022199799911430531 0.010859939946396431 -0.94366349999999988 -0.89922099999999994 0.029479106317620102 0.88142600000000015 0.93102350000000011
decision_type=2 2 2 2 2 2 2 2 2 2 2 2 2 2 2
left_child=2 -2 3 6 7 -6 -1 9 -9 -3 -11 12 -12 -13 -10
right_child=1 4 -4 -5 5 -7 -8 8 14 10 11 13 -14 -15 -16
leaf_value=1.2591517940307994e-07 2.3039552930015363e-06 -6.6088944541726435e-07 -2.3514267614440799e-06 8.5668290925523563e-07 -9.5229504447994866e-07 1.9309345766771455e-07 -8.7694391527496201e-07 1.1019174687021404e-06 3.3601174693657135e-07 6.7346136639961122e-07 -1.0333786416021727e-06 -1.2170736610662551e-07 3.7399936672954935e-08 2.0688123673046628e-07 -3.8764579599614987e-07
leaf_weight=30 20 21 21 29 36 24 28 30 23 35 23 278 25 207 20
leaf_count=30 20 21 21 29 36 24 28 30 23 35 23 278 25 207 20
internal_value=1.23728e-15 6.10689e-08 -4.19566e-07 4.67452e-08 -1.0609e-09 -4.9414e-07 -3.58224e-07 4.3629e-08 4.52505e-07 -7.04664e-09 1.71271e-08 -2.59717e-08 -4.75681e-07 1.85356e-08 -5.73157e-10
internal_weight=850 742 108 87 722 60 58 662 73 589 568 533 48 485 43
internal_count=850 742 108 87 722 60 58 662 73 589 568 533 48 485 43
is_linear=0
shrinkage=0.3


Tree=298
num_leaves=18
num_cat=0
split_feature=10 9 13 13 8 11 4 2 14 27 23 14 22 10 16 12 14
split_gain=2.69098e-10 1.05651e-09 2.0654e-10 1.04851e-09 3.70658e-10 2.72679e-10 1.69413e-10 1.0244e-10 8.29169e-11 1.80617e-10 2.82394e-10 1.08796e-10 9.57743e-11 2.45225e-10 1.7078e-10 1.27629e-10 1.57015e-10
threshold=1.9429589625903658 0.022539512873215074 0.01750943794238187 0.015894514461397991 -0.0078800318804697744 44.554263649608124 5065150.0000000009 5.8101854616823756 0.014084770261063218 0.9191005000000001 0.29166650000000005 0.015074011093634538 0.6339950000000002 1.2543855492528608 0.012601721380430713 0.0076998696551288486 0.022199799911430531
decision_type=2 2 2 2 2 2 2 2 2 2 2 2 2 2 2 2 2
left_child=2 -2 3 4 5 -1 -6 8 9 10 -4 -10 15 14 -14 16 -13
right_child=1 -3 7 -5 6 -7 -8 -9 11 -11 -12 12 13 -15 -16 -17 -18
leaf_value=9.0151031386653816e-08 2.3782332732480424e-06 -3.696611665869026e-07 -6.3969405601937972e-07 -2.2277876117077936e-06 8.7092505799471626e-07 -1.4764098687081174e-06 -1.6065824557086749e-07 5.4550334995795422e-07 -6.1141361707792262e-07 1.0127812729556559e-06 6.7315664360391196e-07 -3.5086780824913977e-07 1.8651700187888309e-07 1.1319051980405804e-06 -6.6156657997960508e-07 -6.2138471524744281e-07 9.9687595891466217e-08
leaf_weight=20 20 34 30 23 38 20 23 32 29 22 29 101 120 21 26 38 224
leaf_count=20 20 34 30 23 38 20 23 32 29 22 29 101 120 21 26 38 224
internal_value=-2.29072e-16 6.48078e-07 -4.39651e-08 -3.99712e-07 1.65825e-08 -6.93129e-07 4.81967e-07 2.16787e-08 -4.51252e-09 2.79159e-07 5.60544e-09 -4.5617e-08 -1.46584e-08 1.73361e-07 3.54884e-08 -1.01158e-07 -4.03312e-08
internal_weight=850 54 796 124 101 40 61 672 640 81 59 559 530 167 146 363 325
internal_count=850 54 796 124 101 40 61 672 640 81 59 559 530 167 146 363 325
is_linear=0
shrinkage=0.3


Tree=299
num_leaves=25
num_cat=0
split_feature=18 13 21 18 12 4 4 6 21 16 10 2 16 5 21 10 20 20 4 9 20 7 19 14
split_gain=2.47882e-10 1.39832e-09 2.89827e-10 1.07804e-09 3.34853e-10 1.99449e-10 6.07667e-10 1.55359e-10 2.41939e-10 1.38345e-10 1.69166e-10 1.63065e-10 1.50174e-10 3.69602e-10 2.00031e-10 1.59199e-10 3.9996e-10 5.32074e-10 4.31569e-10 3.71509e-10 3.48552e-10 1.57608e-10 1.4925e-10 1.06097e-10
threshold=0.48110147813899445 0.016723296298573432 0.024353500000000004 0.051037250701924324 -0.00052947917975293684 5319600.0000000009 6392950.0000000009 0.0016091872343663939 0.44643750000000004 0.01174185133803597 2.0413814276310189 4.5492883378544482 0.0080726739132679897 0.0024211813941924071 0.15126850000000003 0.25363575097135643 0.46874700000000008 0.84105850000000004 2856300.0000000005 0.024927208317606916 0.45723100000000005 0.021978813601715018 -0.065761499999999987 0.027461749736665278
decision_type=2 2 2 2 2 2 2 2 2 2 2 2 2 2 2 2 2 2 2 2 2 2 2 2
left_child=2 -2 3 4 -1 -3 -7 8 -8 10 12 -11 15 14 -14 16 18 -18 -4 20 -17 -21 -13 -9
right_child=1 5 9 -5 -6 6 7 23 -10 11 -12 22 13 -15 -16 19 17 -19 -20 21 -22 -23 -24 -25
leaf_value=1.0697205306087198e-06 2.3955440547069884e-06 -7.5056935112830353e-07 -1.568507774095451e-06 -2.4011716838856499e-06 -5.1501782074581113e-07 1.6487329645542559e-06 -1.0981244469513544e-06 -3.0045688623142101e-07 2.5818299391744405e-07 -2.4233130009321257e-07 -7.9147861293498481e-07 1.2144097856716855e-06 -3.4281600225227749e-07 3.6386736283589018e-07 -1.6684901031080047e-06 1.2865541083921054e-06 1.1481598171769745e-06 -3.2871936996183072e-07 -1.9835257105249583e-07 -2.8149012459137293e-07 -4.7168400018022271e-08 6.5147527426034915e-07 2.4123750400527517e-07 5.6690844417062182e-07
leaf_weight=20 25 28 25 22 30 20 29 22 20 30 28 23 20 30 21 45 42 46 120 88 29 20 37 30
leaf_count=20 25 28 25 22 30 20 29 22 20 30 28 23 20 30 21 45 42 46 120 88 29 20 37 30
internal_value=-4.74413e-15 3.19325e-07 -8.21932e-08 -6.51138e-07 1.18878e-07 -2.90338e-08 1.37933e-07 -1.61235e-07 -5.4453e-07 -1.4372e-08 -7.44513e-08 3.28747e-07 -3.3141e-08 -4.36318e-07 -1.02182e-06 3.58363e-08 -1.28384e-07 3.76155e-07 -4.34586e-07 2.46074e-07 7.63879e-07 -1.08719e-07 6.14287e-07 1.99946e-07
internal_weight=850 174 676 72 50 149 121 101 49 604 514 90 486 71 41 415 233 88 145 182 74 108 60 52
internal_count=850 174 676 72 50 149 121 101 49 604 514 90 486 71 41 415 233 88 145 182 74 108 60 52
is_linear=0
shrinkage=0.3


end of trees

feature_importances:
Column_13=369
Column_18=354
Column_10=334
Column_14=319
Column_4=310
Column_7=300
Column_6=290
Column_17=283
Column_15=280
Column_12=277
Column_9=264
Column_16=256
Column_11=239
Column_5=230
Column_27=209
Column_21=206
Column_8=197
Column_22=193
Column_0=191
Column_20=180
Column_3=165
Column_1=159
Column_2=146
Column_26=142
Column_19=139
Column_28=36
Column_23=20
Column_24=14
Column_25=8
Column_29=3

parameters:
[boosting: gbdt]
[objective: regression]
[metric: l2]
[tree_learner: serial]
[device_type: cpu]
[data_sample_strategy: bagging]
[data: ]
[valid: ]
[num_iterations: 300]
[learning_rate: 0.3]
[num_leaves: 31]
[num_threads: 8]
[seed: 42]
[deterministic: 0]
[force_col_wise: 0]
[force_row_wise: 0]
[histogram_pool_size: -1]
[max_depth: 8]
[min_data_in_leaf: 20]
[min_sum_hessian_in_leaf: 0.001]
[bagging_fraction: 1]
[pos_bagging_fraction: 1]
[neg_bagging_fraction: 1]
[bagging_freq: 0]
[bagging_seed: 400]
[bagging_by_query: 0]
[feature_fraction: 1]
[feature_fraction_bynode: 1]
[feature_fraction_seed: 30056]
[extra_trees: 0]
[extra_seed: 12879]
[early_stopping_round: 0]
[early_stopping_min_delta: 0]
[first_metric_only: 0]
[max_delta_step: 0]
[lambda_l1: 0]
[lambda_l2: 0]
[linear_lambda: 0]
[min_gain_to_split: 0]
[drop_rate: 0.1]
[max_drop: 50]
[skip_drop: 0.5]
[xgboost_dart_mode: 0]
[uniform_drop: 0]
[drop_seed: 17869]
[top_rate: 0.2]
[other_rate: 0.1]
[min_data_per_group: 100]
[max_cat_threshold: 32]
[cat_l2: 10]
[cat_smooth: 10]
[max_cat_to_onehot: 4]
[top_k: 20]
[monotone_constraints: ]
[monotone_constraints_method: basic]
[monotone_penalty: 0]
[feature_contri: ]
[forcedsplits_filename: ]
[refit_decay_rate: 0.9]
[cegb_tradeoff: 1]
[cegb_penalty_split: 0]
[cegb_penalty_feature_lazy: ]
[cegb_penalty_feature_coupled: ]
[path_smooth: 0]
[interaction_constraints: ]
[verbosity: 1]
[saved_feature_importance_type: 0]
[use_quantized_grad: 0]
[num_grad_quant_bins: 4]
[quant_train_renew_leaf: 0]
[stochastic_rounding: 1]
[linear_tree: 0]
[max_bin: 255]
[max_bin_by_feature: ]
[min_data_in_bin: 3]
[bin_construct_sample_cnt: 200000]
[data_random_seed: 175]
[is_enable_sparse: 1]
[enable_bundle: 1]
[use_missing: 1]
[zero_as_missing: 0]
[feature_pre_filter: 1]
[pre_partition: 0]
[two_round: 0]
[header: 0]
[label_column: ]
[weight_column: ]
[group_column: ]
[ignore_column: ]
[categorical_feature: ]
[forcedbins_filename: ]
[precise_float_parser: 0]
[parser_config_file: ]
[objective_seed: 16083]
[num_class: 1]
[is_unbalance: 0]
[scale_pos_weight: 1]
[sigmoid: 1]
[boost_from_average: 1]
[reg_sqrt: 0]
[alpha: 0.9]
[fair_c: 1]
[poisson_max_delta_step: 0.7]
[tweedie_variance_power: 1.5]
[lambdarank_truncation_level: 30]
[lambdarank_norm: 1]
[label_gain: ]
[lambdarank_position_bias_regularization: 0]
[eval_at: ]
[multi_error_top_k: 1]
[auc_mu_weights: ]
[num_machines: 1]
[local_listen_port: 12400]
[time_out: 120]
[machine_list_filename: ]
[machines: ]
[gpu_platform_id: -1]
[gpu_device_id: -1]
[gpu_use_dp: 0]
[num_gpu: 1]

end of parameters

pandas_categorical:null
