tree
version=v4
num_class=1
num_tree_per_iteration=1
label_index=0
max_feature_idx=29
objective=regression
feature_names=Column_0 Column_1 Column_2 Column_3 Column_4 Column_5 Column_6 Column_7 Column_8 Column_9 Column_10 Column_11 Column_12 Column_13 Column_14 Column_15 Column_16 Column_17 Column_18 Column_19 Column_20 Column_21 Column_22 Column_23 Column_24 Column_25 Column_26 Column_27 Column_28 Column_29
feature_infos=[3.0466041886146265:7.7197617510683445] [3.07662034034729:7.7746420585535727] [3.0090850136448424:7.6374428417309304] [3.0466048717498779:7.719761848449707] [1082600:101708800] [-0.076400658430187174:0.063290109542382081] [-0.076400658430187174:0.063290109542382081] [-0.076400658430187174:0.063290109542382081] [-0.10437775577519216:0.16891772564432248] [0.0064033282129288488:0.060588043025269822] [-3.5004275039497394:3.3379472270877515] [26.470506985495206:84.21044045214154] [-0.019207564678267668:0.0098078084463656384] [0.0098261191410305686:0.032526324943935696] [0.0035087687010102761:0.083175814819161656] [-0.079395100060988349:0.056218046020391682] [0:0.037117921206510557] [-1.1133885458676491e-16:0.031894949104565924] [-2.6958817428886497:2.004891879010295] [-0.96188200000000001:0.93793499999999996] [0.0076759999999999997:0.95361499999999999] [0.011034:0.94784599999999997] [0.0065799999999999999:0.97214699999999998] [0:1] [0:1] [0:1] [0.0034129999999999998:0.96188200000000001] [0.37744800000000001:0.97214699999999998] [0:1] [0:7]
tree_sizes=1761 1886 1894 1528 2635 2338 1532 1706 1715 1331 1896 1810 1909 2718 1982 2173 2729 3018 2931 2541 2550 1615 2373 1437 2018 2269 2661 2081 1524 2549 2733 1713 1444 2461 1915 1885 1900 2661 2095 1445 2839 1732 1631 2277 2079 2003 2197 1148 2461 2100 1725 3038 2832 1525 1814 2557 2551 2658 1543 2648 1624 1910 1249 1346 1452 2196 2455 1633 2006 2941 1424 2275 1253 2472 2654 2383 1536 2649 2010 1991 1517 2280 1794 1729 1912 1158 2573 2650 1638 1812 1538 2086 2092 2555 1253 2367 1810 2931 1267 1717 2285 1725 1826 1622 1901 1533 1646 1161 2562 1918 1915 2753 1550 1910 2375 1622 2470 3035 1806 2662 2468 1815 1253 2761 1535 1813 1347 1810 1718 2102 1265 1243 2378 1354 1446 1068 1447 2741 1159 2102 1629 984 1650 2652 3022 2091 2090 1164 2374 2001 1355 1547 1455 1174 1346 976 1819 2190 1541 2826 2830 1433 1912 1352 1818 1440 2938 2372 2003 2370 2008 1450 1626 2185 1647 1909 1641 1358 2375 2194 1724 1069 1261 2260 1347 1892 2190 2188 1554 2194 1827 1900 2452 1636 1916 2648 2097 1447 1436 1082 1724 1360 1456 1162 2103 1909 1548 1542 1538 1535 1439 2107 1722 1626 2288 1632 2277 1734 1976 1270 1443 1442 1642 2006 1345 1739 1912 1447 1353 1917 1635 1644 1630 2102 1812 1816 2368 1161 1079 2200 1915 1357 1257 2100 1349 2377 1445 1526 1538 1452 2102 1349 1917 1261 1721 1630 2097 1171 1272 1536 1628 1733 1626 1527 1448 1069 1269 2191 2097 1828 2559 1275 1711 1450 1729 1631 1260 2002 1359 2655 1262 1159 1917 1451 1170 2372 1263 1171 1077 1542 1920 1733 2019 1919 1271 1635 1627 1619 1440 1437

Tree=0
num_leaves=18
num_cat=0
split_feature=22 11 5 14 4 11 2 9 4 4 10 8 10 8 17 17 20
split_gain=0.00183578 0.00180555 0.00178896 0.00171982 0.00135963 0.00136197 0.00121763 0.000898372 0.00255206 0.00101917 0.00113153 0.000950346 0.000850255 0.000845626 0.000501318 0.000458229 0.000303119
threshold=0.87136500000000006 71.682340290200628 0.019459890412416244 0.015748070485623742 10898650.000000002 74.813396208610115 4.9308557874908212 0.030569089695194219 12448700.000000002 21171750.000000004 1.7390649788720864 -0.024752309774531567 0.50669764611048873 0.066220002778179826 0.0014749281137411928 0.0058866556539314118 0.10827000000000002
decision_type=2 2 2 2 2 2 2 2 2 2 2 2 2 2 2 2 2
left_child=1 2 6 -2 -3 -6 7 9 -9 10 11 -1 -11 14 -8 16 -16
right_child=3 4 -4 -5 5 -7 13 8 -10 12 -12 -13 -14 -15 15 -17 -18
leaf_value=0.0013342783203083046 0.00075723940352742962 0.0013288636158944832 0.0032013140436538377 0.0038921281999985996 -0.0030475101233257544 -0.00010771884073226433 0.00035150094029133116 0.0015181479640305042 -0.0029121645480733025 0.0035801805978241774 0.0026431744263973088 0.00029559156818625824 0.00088056995283945327 0.00349748808221193 0.0012282374388139163 0.00063209444575477395 0.0026135516994029535
leaf_weight=107 28 27 32 36 23 37 31 25 22 21 25 306 21 20 21 24 44
leaf_count=107 28 27 32 36 23 37 31 25 22 21 25 306 21 20 21 24 44
internal_value=0.000975563 0.000849757 0.00101017 0.00252061 -0.000439069 -0.00123464 0.000905046 0.000696129 -0.000555615 0.000818696 0.000683329 0.000564694 0.00223038 0.00169147 0.00139047 0.00175235 0.00216599
internal_weight=850 786 699 64 87 60 667 527 47 480 438 413 42 140 120 89 65
internal_count=850 786 699 64 87 60 667 527 47 480 438 413 42 140 120 89 65
is_linear=0
shrinkage=1


Tree=1
num_leaves=19
num_cat=0
split_feature=16 18 21 5 6 4 11 0 5 5 9 26 28 5 17 20 4 7
split_gain=0.00121862 0.00124184 0.00133559 0.00143218 0.00122753 0.00112796 0.00081873 0.000763614 0.000990307 0.0011747 0.000728154 0.000637552 0.000611306 0.000632304 0.000479912 0.00037487 0.000263664 0.000147471
threshold=0.0017512700486641494 0.93381194610631846 0.026680500000000006 -0.014788485407730239 0.021095808534660501 30510750.000000004 41.955396175660304 3.3992907906908756 -0.0038498233671912939 -0.0059524076276533371 0.035726643097458308 0.54470300000000005 1.0000000180025095e-35 -0.0055402491783471198 0.006179246449213003 0.34399350000000006 10130050.000000002 0.0017315903893120393
decision_type=2 2 2 2 2 2 2 2 2 2 2 2 2 2 2 2 2 2
left_child=5 2 -2 -4 7 6 -1 -5 9 -9 -10 -3 15 -14 16 -8 -15 -18
right_child=1 11 3 4 -6 -7 12 8 10 -11 -12 -13 13 14 -16 -17 17 -19
leaf_value=0.0010211825764159701 0.0018206232628711549 0.0006530782557092607 0.0024743131380819249 -0.001569775254271614 -0.0023057161051176743 -0.0027587374986615034 -0.0005532260095424135 0.00014432264835618081 0.00019725964562545458 -0.001814184380381615 0.0019399805379140636 0.0030197954771574585 6.4319496389519352e-05 -0.0018708991225930335 -0.0027049172669649122 0.001283572835382074 -6.4816735241699701e-05 -0.0011297982096439227
leaf_weight=31 38 21 20 27 22 20 20 63 349 49 23 20 37 23 20 20 22 25
leaf_count=31 38 21 20 27 22 20 20 63 349 49 23 20 37 23 20 20 22 25
internal_value=-7.53832e-12 0.000210967 0.000100204 -1.80162e-05 -0.000111537 -0.000611611 -0.00039473 -1.70714e-05 6.95464e-05 -0.000712524 0.000305009 0.00180757 -0.000657564 -0.000979686 -0.00140889 0.000365173 -0.00103859 -0.000631296
internal_weight=850 632 591 553 533 218 198 511 484 112 372 41 167 127 90 40 70 47
internal_count=850 632 591 553 533 218 198 511 484 112 372 41 167 127 90 40 70 47
is_linear=0
shrinkage=0.3


Tree=2
num_leaves=19
num_cat=0
split_feature=8 16 4 19 8 7 13 8 9 17 18 13 12 27 4 15 9 20
split_gain=0.000837647 0.000731008 0.00105296 0.000737689 0.000706279 0.000652369 0.000630982 0.000583624 0.00135322 0.000768342 0.00138213 0.000924587 0.000824206 0.000756105 0.000682792 0.000445847 0.000444287 0.000373654
threshold=-0.042638879706389431 0.0015197589172947655 37531850.000000007 -0.44935949999999997 -0.035774747397290287 -0.0020534956513188342 0.018190522590343754 0.07647063174829978 0.031469704919795526 0.0031775728065777989 0.65187462400861984 0.018608292008265588 0.0025691786350085311 0.80227100000000007 21171750.000000004 -0.008818401293325959 0.012684175392081167 0.2831240000000001
decision_type=2 2 2 2 2 2 2 2 2 2 2 2 2 2 2 2 2 2
left_child=5 3 4 -2 -3 -1 15 9 -9 10 11 -6 14 -14 -11 -5 -17 -18
right_child=1 2 -4 6 7 -7 -8 8 -10 12 -12 -13 13 -15 -16 16 17 -19
leaf_value=0.000266562731386247 0.00062814378569328252 -0.0017491220065858216 0.0021649310864242056 0.0007273448741761967 5.64428714336295e-05 0.0023478932294022778 -0.0020160251070046797 -0.0026870471393935572 0.00035046968577344986 -8.7642167777007414e-05 0.0029684516350971537 0.0017754053817257312 0.0002188565935704481 -0.0018304919821973671 0.0013868389181549321 -0.0017158253904860678 -0.0012763383650251298 0.00028024409348810357
leaf_weight=33 35 20 21 20 164 23 35 22 33 197 20 34 26 43 33 33 23 35
leaf_count=33 35 20 21 20 164 23 35 22 33 197 20 34 26 43 33 33 23 35
internal_value=4.62149e-12 -7.90908e-05 7.73251e-05 -0.000608831 3.27156e-06 0.00112139 -0.000905366 6.45441e-05 -0.000864537 0.000163382 0.000591695 0.000351618 -0.000148899 -0.00105827 0.000123914 -0.000555158 -0.000837027 -0.000337021
internal_weight=850 794 613 181 592 56 146 572 55 517 218 198 299 69 230 111 91 58
internal_count=850 794 613 181 592 56 146 572 55 517 218 198 299 69 230 111 91 58
is_linear=0
shrinkage=0.3


Tree=3
num_leaves=15
num_cat=0
split_feature=9 22 14 7 0 14 16 16 16 6 6 10 15 18
split_gain=0.000723621 0.000665941 0.000738444 0.000599561 0.00164585 0.00122294 0.000649225 0.000580304 0.000953536 0.000678271 0.000551007 0.000517618 0.00038275 0.000293678
threshold=0.0078052795926178732 0.86034200000000005 0.016330240016351985 0.011757893380242287 4.0364138027350185 0.035019469150351305 0.011527508105460703 0.0076045551544645278 0.0069626336155175295 -0.0013691762137587194 0.0039643125692368332 2.2976351922259641 0.0086207019694488456 -0.10087561997598628
decision_type=2 2 2 2 2 2 2 2 2 2 2 2 2 2
left_child=-1 3 -3 5 -5 6 7 8 11 -9 -11 -2 13 -6
right_child=1 2 -4 4 12 -7 -8 9 -10 10 -12 -13 -14 -15
leaf_value=-0.0016238714684732257 -7.4416516752675454e-05 -5.7973689358448155e-05 0.0019646021749146962 0.0024280356505187229 -0.00048525758972391484 -0.0023375029489133424 -0.0015302386143817926 -0.00049881621168384777 -0.001875974457428898 0.0024427853297092953 0.00033016737082107282 0.0014824316921294668 -0.0012680726450344083 0.00091782961410052813
leaf_weight=24 493 32 33 32 25 22 26 23 26 25 20 20 20 29
leaf_count=24 493 32 33 32 25 22 26 23 26 25 20 20 20 29
internal_value=-4.9193e-13 4.71827e-05 0.000968873 -3.15424e-05 0.00063039 -0.000138664 -6.22434e-05 6.36183e-07 -0.000103551 0.000826474 0.00150384 -1.37207e-05 -0.000146971 0.000268252
internal_weight=850 826 65 761 106 655 633 607 539 68 45 513 74 54
internal_count=850 826 65 761 106 655 633 607 539 68 45 513 74 54
is_linear=0
shrinkage=0.3


Tree=4
num_leaves=27
num_cat=0
split_feature=12 26 11 8 9 9 21 21 18 7 20 13 15 9 18 10 18 22 16 1 12 10 18 14 18 21
split_gain=0.00051884 0.000888567 0.000717153 0.000605023 0.000552553 0.000538132 0.000729384 0.000882592 0.000896394 0.00109078 0.000532462 0.000668923 0.000505133 0.000469767 0.000450994 0.000421393 0.000432224 0.000471128 0.000405661 0.0005742 0.000391718 0.000399682 0.000264031 0.000248937 0.000219451 0.000203837
threshold=0.0021159467191538888 0.28384150000000002 71.682340290200628 0.064950847377871837 0.024934426840016618 0.012643844015986108 0.026680500000000006 0.099489500000000008 -0.35752996925988467 0.0064690493699614184 0.5914345000000002 0.020467391700847572 -0.011142137129288512 0.013972305246681178 0.4952385312526133 -1.1798547289950252 0.3091424636714063 0.074464000000000016 0.0019940179374181308 4.3153615726154948 0.00083294873574582854 -1.0147700653440495 -0.37092967395326409 0.01214927218063565 0.018898807508971726 0.18031500000000003
decision_type=2 2 2 2 2 2 2 2 2 2 2 2 2 2 2 2 2 2 2 2 2 2 2 2 2 2
left_child=5 4 3 18 -2 14 -7 8 -8 20 11 12 -9 -14 15 -1 17 23 -3 -20 21 -10 -19 -17 -24 -12
right_child=1 2 -4 -5 -6 6 7 10 9 -11 25 -13 13 -15 -16 16 -18 22 19 -21 -22 -23 24 -25 -26 -27
leaf_value=-0.0017251810096370588 -0.00069115009551312364 -0.00097194055792094915 -0.0013918236302561126 0.0013682665814485518 -0.0027408599936461541 0.0018069725045279483 0.0013221574615454299 0.0017601974965073168 -0.0009796866058604792 0.00094340289149179378 0.0021484559068630912 -0.0011185002888221508 0.0012722817252659678 9.5262897586742898e-05 0.00067595943921907361 -4.4475604430772364e-05 -0.0014882814626300544 -0.0014225302827650342 0.0011849638773128392 -0.00059855500619505615 -0.00047162768061515751 -0.0027635251931944649 0.00027813135153230498 0.0012813737119498768 -0.00095532160526740225 0.00088484006248311028
leaf_weight=21 29 34 30 32 20 28 20 25 20 22 20 26 38 155 38 25 23 22 33 32 23 26 34 26 21 27
leaf_count=21 29 34 30 32 20 28 20 25 20 22 20 26 38 155 38 25 23 22 33 32 23 26 34 26 21 27
internal_value=-2.7089e-12 -0.000409175 -6.87336e-05 0.000234264 -0.00152777 0.00013426 0.000326504 0.000223387 -0.00049635 -0.000896022 0.000497925 0.000319821 0.000491364 0.000327008 -0.000259381 -0.000466026 -0.000290911 -7.57588e-05 -0.000132282 0.000306924 -0.0014825 -0.00198794 -0.000544168 0.000631448 -0.000192823 0.00142255
internal_weight=850 210 161 131 49 640 430 402 111 91 291 244 218 193 210 172 151 128 99 65 69 46 77 51 55 47
internal_count=850 210 161 131 49 640 430 402 111 91 291 244 218 193 210 172 151 128 99 65 69 46 77 51 55 47
is_linear=0
shrinkage=0.3


Tree=5
num_leaves=24
num_cat=0
split_feature=8 9 10 11 7 4 4 19 12 27 10 4 6 26 0 18 0 20 22 27 14 23 11
split_gain=0.000406201 0.000532465 0.000372261 0.000843751 0.00118363 0.000662041 0.000583819 0.000686296 0.000539581 0.000464311 0.000488631 0.000636743 0.000731447 0.000457126 0.000451017 0.000797222 0.000744756 0.000762385 0.000580684 0.000503757 0.000331123 0.000304372 0.000154691
threshold=-0.054814504596395482 0.041331625740182003 -0.26321612566847757 44.13095541352272 0.0019665214479322392 11372400.000000002 9540650.0000000019 0.45947550000000009 -0.0020301868349583865 0.94886950000000014 0.49171578030336821 16061600.000000002 0.0017392520238691659 0.58176000000000017 4.2324547088318232 -0.24718430995900839 4.4730731091073475 0.34399350000000006 0.45555100000000009 0.7993935000000002 0.015023473096082608 0.29166650000000005 39.433889382092623
decision_type=2 2 2 2 2 2 2 2 2 2 2 2 2 2 2 2 2 2 2 2 2 2 2
left_child=-1 2 3 6 5 -5 7 22 21 10 11 12 13 -4 15 20 17 -16 -17 -18 -12 -8 -2
right_child=1 -3 9 4 -6 -7 8 -9 -10 -11 14 -13 -14 -15 16 18 19 -19 -20 -21 -22 -23 -24
leaf_value=0.0012166536173026544 -0.00047021382495586288 -0.0013212267398817598 0.001763046352102214 -0.0014803254211492457 -0.0027517779824288132 0.00056635870516236696 0.0011110755377740133 0.0022720725863473491 -0.0014007771091519316 0.0013990468700649217 0.00011293716481304726 0.0017077461445724645 -0.00084136062147523703 1.7336224361012378e-05 -0.0022259266319906599 0.00045562498191465664 0.000551593849052891 -6.1326922473704644e-05 0.0022378414869308472 -0.00036527391330309911 -0.0016133620564505692 -0.00052420036045077725 0.00070970984632367617
leaf_weight=24 20 28 27 25 26 33 20 20 30 25 20 34 37 27 32 76 83 27 21 154 20 21 20
leaf_count=24 20 28 27 25 26 33 20 20 30 25 20 34 37 27 32 76 83 27 21 154 20 21 20
internal_value=1.54159e-12 -3.53507e-05 9.76775e-06 -0.000327643 -0.00106982 -0.000315833 0.000148255 0.00083719 -0.000433944 0.000134199 7.75298e-05 0.000600027 0.000186154 0.000890191 -7.33065e-05 0.000376742 -0.000281606 -0.00123535 0.000841466 -4.41768e-05 -0.000750212 0.000273495 0.000119748
internal_weight=850 826 798 215 84 58 131 60 71 583 558 125 91 54 433 137 296 59 97 237 40 41 40
internal_count=850 826 798 215 84 58 131 60 71 583 558 125 91 54 433 137 296 59 97 237 40 41 40
is_linear=0
shrinkage=0.3


Tree=6
num_leaves=15
num_cat=0
split_feature=13 4 8 6 6 5 16 4 6 5 12 6 26 12
split_gain=0.000394074 0.000900056 0.000865385 0.000793641 0.000424538 0.000400711 0.000323838 0.00059198 0.000583378 0.00054011 0.000445492 0.000297405 0.000341934 0.000293018
threshold=0.023615975857243229 27889350.000000004 0.081300349673998337 0.0048918632357554791 0.019750838384673199 0.016834744368542338 0.0015197589172947655 28943200.000000004 -0.012646997856853479 0.0041111577156797887 0.002175426130686703 -0.0087797023595437892 0.27795150000000007 -0.0020052361204937496
decision_type=2 2 2 2 2 2 2 2 2 2 2 2 2 2
left_child=2 -2 4 -4 5 6 11 8 9 -8 -10 -1 -13 -14
right_child=1 -3 3 -5 -6 -7 7 -9 10 -11 -12 12 13 -15
leaf_value=0.00064600439480273048 0.0023525041325774512 -0.00042819721169177105 -0.00012695142363049346 -0.0024979473222174419 0.0013031718614713655 0.0009428856087125544 -8.2328399825517246e-05 0.001478864754550159 0.00022862047116868197 -0.002213986228307476 -0.00049584668130933087 0.00028548355052583743 -0.0017692591030481707 -0.00057907108939287853
leaf_weight=20 20 22 27 24 23 38 23 25 374 20 96 31 24 83
leaf_count=20 20 22 27 24 23 38 23 25 374 20 96 31 24 83
internal_value=8.83066e-13 0.000895946 -4.65715e-05 -0.00124271 3.40141e-05 -5.75514e-06 -5.75487e-05 5.33478e-05 -1.61218e-05 -0.0010738 8.06442e-05 -0.000435158 -0.000591849 -0.000846029
internal_weight=850 42 808 51 757 734 696 538 513 43 470 158 138 107
internal_count=850 42 808 51 757 734 696 538 513 43 470 158 138 107
is_linear=0
shrinkage=0.3


Tree=7
num_leaves=17
num_cat=0
split_feature=9 3 0 15 4 9 2 26 27 4 7 20 13 18 15 26
split_gain=0.00025418 0.000268995 0.000783597 0.000347632 0.000403764 0.000649987 0.00110284 0.000431621 0.000470359 0.000398673 0.000485092 0.000452683 0.000482025 0.000340869 0.000316647 0.000260964
threshold=0.007957187018888116 7.2577052116394052 6.3864267855142502 0.019361229192353887 9279250.0000000019 0.030569089695194219 3.8609396848057105 0.54316100000000012 0.82702000000000009 7452150.0000000009 0.0072964922110726887 0.20685000000000003 0.017437465341033295 -0.77833897141002506 -0.0095604056880480449 0.32995900000000006
decision_type=2 2 2 2 2 2 2 2 2 2 2 2 2 2 2 2
left_child=-1 2 3 4 9 7 -7 14 -9 11 15 12 -2 -13 -6 -11
right_child=1 -3 -4 -5 5 6 -8 8 -10 10 -12 13 -14 -15 -16 -17
leaf_value=-0.00082943858319026729 -0.001369967482726982 -0.0010273820363051658 0.0017485681652033237 0.0010091673185524995 0.0012419523439602927 0.00028766691313649058 -0.0027903778317109255 -0.00096791275285937296 -6.9954300706740461e-05 -0.00057576969004003331 0.0018775614549522287 -0.00063634063130435113 0.00021738100800906647 0.00071077273601637386 9.7591487186881354e-05 0.00068374800596900879
leaf_weight=32 36 21 24 30 25 20 22 77 165 20 25 22 33 73 168 57
leaf_count=32 36 21 24 30 25 20 22 77 165 20 25 22 33 73 168 57
internal_value=-5.15844e-13 3.24475e-05 6.03727e-05 7.95785e-06 -3.24678e-05 -0.000197615 -0.00132464 -8.8799e-05 -0.000355668 0.00026368 0.000729385 -2.59655e-05 -0.000610801 0.00039881 0.000245825 0.000356601
internal_weight=850 818 797 773 743 477 42 435 242 266 102 164 69 95 193 77
internal_count=850 818 797 773 743 477 42 435 242 266 102 164 69 95 193 77
is_linear=0
shrinkage=0.3


Tree=8
num_leaves=17
num_cat=0
split_feature=9 14 10 23 5 17 6 11 16 5 8 21 19 18 22 12
split_gain=0.000243586 0.000372019 0.000260306 0.000565294 0.000347001 0.000366133 0.000607504 0.0005841 0.000689033 0.000537764 0.000526345 0.000732692 0.000409404 0.000404635 0.000346154 0.000296264
threshold=0.045774873738429679 0.035758911167899518 -1.3419520807089376 0.55000000000000016 -0.012646997856853479 0.0064848334163856505 0.01767692353422582 42.722904603335685 0.0038314141245931704 -0.0038387740840074044 0.050593484133564022 0.45430250000000005 0.12268200000000001 -0.41878771310856294 0.25273550000000006 -0.0023563906800071932
decision_type=2 2 2 2 2 2 2 2 2 2 2 2 2 2 2 2
left_child=1 2 3 15 14 6 10 -7 9 -9 13 -12 -10 -6 -4 -1
right_child=-2 -3 4 -5 5 7 -8 8 12 -11 11 -13 -14 -15 -16 -17
leaf_value=0.00056798219252544055 0.00094215528828271993 -0.0012169931190209868 -2.2425186471082268e-05 -0.0016559404866152013 0.00062628885956386238 0.0011195662480895407 -0.0012281544910365482 -0.0025177639734465631 0.0010010094440076498 -0.00072391653611359862 0.0012421318831976739 -0.00036013200116104672 -0.00056372500925242679 -0.00013098431438024539 0.0016840931028602188 -0.00087943154998356473
leaf_weight=35 24 23 20 26 81 20 28 21 27 53 84 37 34 294 23 20
leaf_count=35 24 23 20 26 81 20 28 21 27 53 84 37 34 294 23 20
internal_value=3.85519e-12 -2.7375e-05 6.69878e-06 -0.000503256 6.39097e-05 1.15717e-05 0.000131385 -0.000393475 -0.00061763 -0.00123298 0.000208133 0.000752183 0.000128862 3.25867e-05 0.000890364 4.16499e-05
internal_weight=850 826 803 81 722 679 524 155 135 74 496 121 61 375 43 55
internal_count=850 826 803 81 722 679 524 155 135 74 496 121 61 375 43 55
is_linear=0
shrinkage=0.3


Tree=9
num_leaves=13
num_cat=0
split_feature=7 3 17 9 2 22 26 7 26 27 4 27
split_gain=0.000188473 0.000552429 0.000297949 0.000291589 0.000354504 0.000306006 0.000332639 0.000287661 0.000400831 0.000324519 0.000754725 0.000430426
threshold=0.013652704274465527 4.109889268875123 0.0044642992564767449 0.041331625740182003 6.5146866517100657 0.9564680000000001 0.92076650000000015 0.0089287661300198728 0.57210800000000017 0.64129250000000015 12029000.000000002 0.68730100000000005
decision_type=2 2 2 2 2 2 2 2 2 2 2 2
left_child=3 -2 -3 4 5 6 7 9 -9 10 -1 -11
right_child=1 2 -4 -5 -6 -7 -8 8 -10 11 -12 -13
leaf_value=0.00011984748230639122 0.0014100379994488321 -0.00079670920007629314 0.00059080904734750772 -0.0010556184591259806 0.0012319561283220537 0.0011084094294346869 -0.0010423872488430671 -0.0013100248326130288 0.00012632557969910146 0.0014485110071421202 -0.0018227340113500961 6.175166981258578e-05
leaf_weight=54 32 30 26 25 20 20 31 36 34 21 27 494
leaf_count=54 32 30 26 25 20 20 31 36 34 21 27 494
internal_value=-2.72335e-12 0.000415693 -0.000152504 -4.80065e-05 -1.3827e-05 -4.85769e-05 -8.17759e-05 -3.70628e-05 -0.000612369 3.05067e-05 -0.00052768 0.000118299
internal_weight=850 88 56 762 737 717 697 666 70 596 81 515
internal_count=850 88 56 762 737 717 697 666 70 596 81 515
is_linear=0
shrinkage=0.3


Tree=10
num_leaves=19
num_cat=0
split_feature=3 0 29 4 13 14 21 5 15 19 5 19 19 4 7 4 6 10
split_gain=0.000196264 0.000376212 0.000720461 0.000238703 0.000223433 0.000453257 0.000392141 0.000402271 0.000387227 0.000634532 0.000307673 0.000321412 0.000302288 0.000330402 0.000281656 0.000262361 0.000215339 0.000207229
threshold=7.2577052116394052 6.1608676663902395 1.5000000000000002 33801900.000000007 0.01527020882054173 0.01974985152057741 0.13543200000000002 0.0086209082351908651 -0.0018535679905946148 0.16161550000000002 -0.010084136843554343 0.62099150000000003 0.77905300000000011 6797250.0000000009 0.01206395494636014 13222600.000000002 -0.003328919692826044 0.57092663453960013
decision_type=2 2 2 2 2 2 2 2 2 2 2 2 2 2 2 2 2 2
left_child=1 3 -3 4 5 12 7 8 17 -10 15 14 13 -1 -12 -8 -15 -6
right_child=-2 2 -4 -5 6 -7 10 -9 9 -11 11 -13 -14 16 -16 -17 -18 -19
leaf_value=-0.0012298542298958637 -0.00090573096656173992 -0.00034474324264530359 0.0021402878794885638 -0.00091760040198166212 -9.1325146446858218e-05 -0.0012750396273986553 0.00021233815845334901 -0.001099874989141916 0.0016345835544699283 -0.00044184704893268645 -4.5181801661247808e-05 0.0012462568520277273 0.00077031627323859457 0.00044747195592767991 0.00075047874856028673 0.0016576047440489323 -0.0002825091996429883 -0.0011982822322549865
leaf_weight=25 21 21 21 26 45 32 20 39 27 26 219 24 33 52 49 26 121 23
leaf_count=25 21 21 21 26 45 32 20 39 27 26 219 24 33 52 49 26 121 23
internal_value=-1.60339e-12 2.29437e-05 0.000897772 -2.37434e-05 6.79569e-06 -0.000216891 0.000124927 -0.000261997 8.06289e-06 0.000615957 0.000308087 0.000194482 -7.03073e-05 -0.000210411 0.000100293 0.00102923 -6.30929e-05 -0.000465737
internal_weight=850 829 42 787 761 263 498 160 121 53 338 292 231 198 268 46 173 68
internal_count=850 829 42 787 761 263 498 160 121 53 338 292 231 198 268 46 173 68
is_linear=0
shrinkage=0.3


Tree=11
num_leaves=18
num_cat=0
split_feature=13 8 20 26 6 6 22 4 17 4 17 18 13 12 29 12 2
split_gain=0.000186691 0.00041466 0.00052598 0.000377498 0.000219656 0.000379443 0.000349804 0.000329983 0.000736592 0.000421165 0.000301634 0.000500441 0.000420651 0.000247094 0.000225241 0.000220781 0.000181729
threshold=0.023615975857243229 0.081300349673998337 0.33359500000000003 0.62099150000000003 0.0078140786957206342 0.0058141801750607744 0.026905000000000002 24842300.000000004 0.0039100684260157687 22650500.000000004 0.0032710124126829818 0.36357707681008639 0.019607874896781074 -2.2489716463479061e-05 1.5000000000000002 0.00031579217173138477 4.2002492528492708
decision_type=2 2 2 2 2 2 2 2 2 2 2 2 2 2 2 2 2
left_child=1 4 -3 -2 5 7 -6 9 -9 10 11 -1 -12 16 -15 -7 -8
right_child=3 2 -4 -5 6 15 13 8 -10 -11 12 -13 -14 14 -16 -17 -18
leaf_value=-1.0412654902306071e-06 -0.00028272987068963368 0.00033941876266908362 -0.0016338909059883126 0.001516073362186684 -0.0005263765166587704 -0.0014087088309484637 -0.00056648277636470634 -0.00071175476207827157 0.0015955272839743304 -0.0014112865547576804 -0.00010412089055080286 0.0010678200017886969 -0.0014471659352673905 0.00041427439556663068 0.0014548951864223152 -0.0001387279015034437 0.00060199335390097991
leaf_weight=163 21 20 31 21 33 28 23 20 33 20 240 52 23 39 36 22 25
leaf_count=163 21 20 31 21 33 28 23 20 33 20 240 52 23 39 36 22 25
internal_value=9.2287e-14 -3.20547e-05 -0.000860044 0.000616672 2.37279e-05 -5.86043e-05 0.000340918 1.32026e-05 0.000724855 -6.25354e-05 -6.10234e-06 0.000257474 -0.000221573 0.000573607 0.000913772 -0.000849917 4.20985e-05
internal_weight=850 808 51 42 757 601 156 551 53 498 478 215 263 123 75 50 48
internal_count=850 808 51 42 757 601 156 551 53 498 478 215 263 123 75 50 48
is_linear=0
shrinkage=0.3


Tree=12
num_leaves=19
num_cat=0
split_feature=6 14 15 13 11 6 8 17 7 12 6 14 9 16 16 4 13 12
split_gain=0.000205893 0.000225878 0.000267044 0.000221125 0.000335978 0.000324184 0.000301698 0.000383448 0.000674793 0.000365303 0.000271768 0.000266769 0.000730996 0.000274907 0.00029493 0.000257003 0.0002176 0.000125199
threshold=0.025556007472228061 0.036683511519989935 0.019361229192353887 0.017365781162565739 41.682049627931669 -0.0077370360630367374 -0.022985422401658247 0.0051768754311448924 0.015644239268238744 0.00076441324344585985 -0.010336689080517032 0.01917089780117558 0.012354896042924288 0.0059641613757178318 0.0048193139957456157 12257300.000000002 0.015895538026342877 0.0015795598267851327
decision_type=2 2 2 2 2 2 2 2 2 2 2 2 2 2 2 2 2 2
left_child=1 2 3 5 -5 10 -6 8 -8 -9 16 13 -13 14 -7 -15 -1 -14
right_child=-2 -3 -4 4 6 11 7 9 -10 -11 -12 12 17 15 -16 -17 -18 -19
leaf_value=0.00033701106294756753 -0.00092768516291731173 -0.0009249321716858751 0.0010802150266747709 0.0011495273329273914 -0.00079265433566339698 9.7361619821486039e-05 0.00086737103682834357 0.00034094386185430225 -0.0010297051598899998 -0.00086905817673162578 -0.0016271273790334816 -0.001877448983486829 0.00064277640904037976 0.00014067914345235164 -0.00078625137651285439 0.001372563528194506 -0.00089401503864792173 -0.0003735365039028693
leaf_weight=24 21 22 22 32 29 265 108 47 20 43 20 24 24 35 39 27 28 20
leaf_count=24 21 22 22 32 29 265 108 47 20 43 20 24 24 35 39 27 28 20
internal_value=-2.55386e-12 2.34999e-05 4.93555e-05 2.04652e-05 0.000234891 -9.77659e-05 0.000116396 0.000237325 0.000570953 -0.000237168 -0.000687315 3.94908e-08 -0.00054563 0.000101421 -1.59966e-05 0.000677145 -0.000325849 0.000180816
internal_weight=850 829 807 785 279 506 247 218 128 90 72 434 68 366 304 62 52 44
internal_count=850 829 807 785 279 506 247 218 128 90 72 434 68 366 304 62 52 44
is_linear=0
shrinkage=0.3


Tree=13
num_leaves=28
num_cat=0
split_feature=18 6 4 10 10 18 20 20 7 17 20 29 14 8 10 2 22 7 3 7 19 10 22 4 7 17 11
split_gain=0.000211049 0.000522785 0.000365944 0.000305225 0.000580959 0.000582777 0.000579079 0.000510509 0.000383771 0.00032193 0.00026864 0.000247776 0.000233464 0.00044008 0.000269398 0.000228624 0.000243132 0.000220761 0.00020984 0.00034749 0.000255063 0.000215758 0.000320958 0.000186146 0.000184215 0.000168334 0.000135701
threshold=-0.050383729445633518 0.014463122846691691 24065600.000000004 0.11900674859048577 0.99939653897509462 0.18335389490854684 0.41836100000000004 0.29442150000000006 -1.0000000180025095e-35 0.0074766285170194454 0.86373350000000004 1.5000000000000002 0.021863358235490359 0.0017685123009209931 1.7390649788720864 3.9814433497195991 0.11301200000000002 -0.015149991776231329 4.2570071220397958 0.0087337971074883929 0.57765100000000003 0.95702389487062989 0.053872500000000011 16725800.000000002 0.0040773557512858898 0.0018885740248345579 69.7581401070222
decision_type=2 2 2 2 2 2 2 2 2 2 2 2 2 2 2 2 2 2 2 2 2 2 2 2 2 2 2
left_child=2 3 12 9 5 -5 8 -7 -6 15 24 -9 14 -14 17 -2 -17 -1 19 20 -19 22 -20 -10 -8 -18 -23
right_child=1 -3 -4 4 6 7 10 11 23 -11 -12 -13 13 -15 -16 16 25 18 21 -21 -22 26 -24 -25 -26 -27 -28
leaf_value=0.00085179696699404814 -3.6171505836626657e-05 -0.0014001361189002637 0.0013729996030243845 -0.0004066086956299841 0.00012079822959744238 0.0018668333234157985 0.0011367385514313355 -0.00040518886875361203 -0.00077443869275157335 0.0004172207887356361 -0.00063008769606572696 0.0010881232195242773 0.0017401117326309239 -5.0502652156865219e-05 0.00081401368793608119 -0.00021360617900947025 -0.00066241926729812149 -0.00040142946115875346 0.0011656999077287412 0.00062494398317421249 -0.0014782224740814015 -0.00062763703162393839 -3.0064090430547865e-05 -0.0020258589856281184 5.6600739036285728e-05 -0.0017698633353575132 0.00025569851732143434
leaf_weight=21 39 28 21 33 21 39 30 20 20 34 21 20 21 30 33 28 21 83 31 23 26 45 58 23 27 30 24
leaf_count=21 39 28 21 33 21 39 30 20 20 34 21 20 21 30 33 28 21 83 31 23 26 45 58 23 27 30 24
internal_value=2.72255e-12 -0.000146354 0.000152687 -5.98867e-05 0.000141334 0.000652206 -0.000261607 0.0010945 -0.000930418 -0.000396137 0.000287161 0.000341467 8.78097e-05 0.000686809 -9.955e-07 -0.000630495 -0.000923895 -8.74756e-05 -0.000155492 -0.000434687 -0.000658279 7.776e-05 0.000386438 -0.0014438 0.000625094 -0.00131386 -0.00032039
internal_weight=850 434 416 406 254 112 142 79 64 152 78 40 395 51 344 118 79 311 290 132 109 158 89 43 57 51 69
internal_count=850 434 416 406 254 112 142 79 64 152 78 40 395 51 344 118 79 311 290 132 109 158 89 43 57 51 69
is_linear=0
shrinkage=0.3


Tree=14
num_leaves=20
num_cat=0
split_feature=3 0 10 4 4 9 7 9 16 15 20 21 26 27 27 18 16 22 21
split_gain=0.000167377 0.000170916 0.000475811 0.000510386 0.000216405 0.00062027 0.000240127 0.000235772 0.00031062 0.000265591 0.000232461 0.000223879 0.000201081 0.000256506 0.000305959 0.000392723 0.000259729 0.000216908 0.000185084
threshold=7.2577052116394052 6.0149178228078819 1.444066709961435 19209600.000000004 24967600.000000004 0.021116822592864206 0.0015014457157676109 0.021116822592864206 0.0038204392685932042 0.0060914211667514552 0.37078400000000006 0.12978550000000003 0.93611100000000003 0.92847550000000012 0.85657850000000013 0.77328760999114399 0.0034334756219757583 0.027957000000000006 0.45056300000000005
decision_type=2 2 2 2 2 2 2 2 2 2 2 2 2 2 2 2 2 2 2
left_child=1 4 3 -3 7 6 -6 12 11 10 -10 -9 13 14 15 -1 -16 -15 -13
right_child=-2 2 -4 -5 5 -7 -8 8 9 -11 -12 18 -14 17 16 -17 -18 -19 -20
leaf_value=-0.00013260746230372433 -0.00083642591406325143 5.368870097299805e-07 -0.00055565815488807849 0.0020944996472363445 -0.00057005949889902359 -0.0018829762053428566 0.0008662225803709588 -5.6066964170895516e-05 0.00021294145990395917 0.00072223782150943473 -0.00096229514449739577 0.0014586284671774289 0.00077465432973440325 -0.0014854118477420084 0.00070633362175201854 -0.0015129410107329023 -4.9684615483021192e-05 -0.00025205438988367941 0.00045860181755063336
leaf_weight=256 21 20 25 22 22 21 20 25 28 26 33 36 24 21 73 20 93 33 31
leaf_count=256 21 20 25 22 22 21 20 25 28 26 33 36 24 21 73 20 93 33 31
internal_value=6.89504e-13 2.11881e-05 0.000480571 0.00109737 -1.92038e-05 -0.000551736 0.000113884 2.87926e-05 0.000325756 -8.06344e-05 -0.000422842 0.000710061 -7.34315e-05 -0.000114468 -3.90603e-05 -0.000232632 0.000282781 -0.000731693 0.00099593
internal_weight=850 829 67 42 762 63 42 699 179 87 61 92 520 496 442 276 166 54 67
internal_count=850 829 67 42 762 63 42 699 179 87 61 92 520 496 442 276 166 54 67
is_linear=0
shrinkage=0.3


Tree=15
num_leaves=22
num_cat=0
split_feature=16 11 4 0 2 22 8 20 11 5 6 18 2 14 14 9 13 26 7 17 27
split_gain=0.000198072 0.000281813 0.000275072 0.000239107 0.0003461 0.000295785 0.00060685 0.000324764 0.000268048 0.000257572 0.000366861 0.000297003 0.000246812 0.000242149 0.000237891 0.000205591 0.000177928 0.000154851 0.000177852 0.00015823 9.5661e-05
threshold=1.0000000180025095e-35 72.187019837309649 37531850.000000007 3.3992907906908756 3.8609396848057105 0.46816250000000009 0.055551595628182064 0.13478100000000001 62.778297767983197 -0.0052084163431637782 -0.0037037140929907452 -0.13630749574888443 3.9657377212096958 0.016330240016351985 0.014634800933264891 0.017054553445165325 0.018214441049061756 0.64428300000000005 0.0017315903893120393 0.0036968542496504716 0.80227100000000007
decision_type=2 2 2 2 2 2 2 2 2 2 2 2 2 2 2 2 2 2 2 2 2
left_child=1 15 3 -2 8 9 7 13 16 10 -6 -12 -11 -7 -14 17 -5 19 -19 -1 -17
right_child=2 -3 -4 4 5 6 -8 -9 -10 12 11 -13 14 -15 -16 20 -18 18 -20 -21 -22
leaf_value=-0.00066502103665178373 -0.00071597208540576194 -0.0013480993846314959 0.0010697232764869113 0.0016801047582848695 -0.0014408358497478599 -0.00021771259230374151 -0.0017979177246477617 -0.00087583672562190746 -2.3055856139574736e-05 0.0012561989147798157 -0.00072184428136097274 0.00061980317495908828 0.00039255004302220659 0.00089339592268515837 -0.00013241600651074098 0.00083140882488805799 0.00047959666771930638 -0.00023873479329505123 -0.0014318490467716898 0.0004329596621876893 1.3101513104629703e-05
leaf_weight=21 36 20 24 25 21 41 23 33 29 20 27 33 183 31 135 20 20 23 22 27 36
leaf_count=21 36 20 24 25 21 41 23 33 29 20 27 33 183 31 135 20 20 23 22 27 36
internal_value=-1.78314e-12 -0.000290706 7.21428e-05 3.57015e-05 7.92768e-05 -3.09878e-06 -0.000402232 -9.651e-05 0.000688188 0.000118832 -0.000361652 1.60618e-05 0.000233978 0.000260681 0.000169687 -0.000148774 0.00114655 -0.000422227 -0.000822035 -4.74069e-05 0.000305354
internal_weight=850 169 681 657 621 547 128 105 74 419 81 60 338 72 318 149 45 93 45 48 56
internal_count=850 169 681 657 621 547 128 105 74 419 81 60 338 72 318 149 45 93 45 48 56
is_linear=0
shrinkage=0.3


Tree=16
num_leaves=28
num_cat=0
split_feature=18 7 0 7 6 12 2 20 13 13 15 6 6 10 11 11 16 16 4 14 7 14 18 26 19 20 12
split_gain=0.000116123 0.000229298 0.000407683 0.000406886 0.000355428 0.000368411 0.000311765 0.000291074 0.000281489 0.000271221 0.000263141 0.000253335 0.000305769 0.000219602 0.000273852 0.000219989 0.00021939 0.00020097 0.000241297 0.000186535 0.00018436 0.000158403 0.000201019 0.000203804 0.000161305 0.000121748 7.91175e-05
threshold=-0.17128587889561644 0.011757893380242287 4.0796051547403627 0.0074130201182371408 0.014463122846691691 -0.0002704478206131369 4.5862489489400966 0.067267000000000007 0.015245342014384503 0.014727604205913559 -0.0014849140286276976 0.0078140786957206342 0.0019398849651730014 -0.6016392094828158 68.137036347721491 70.948493919264948 0.0022050721425331287 0.0020811656407541336 10130050.000000002 0.014583318846093886 -0.0019880510252249166 0.012842612195184138 -0.31451545289815391 0.62458550000000013 0.064314500000000011 0.39683800000000008 0.0014909646995393644
decision_type=2 2 2 2 2 2 2 2 2 2 2 2 2 2 2 2 2 2 2 2 2 2 2 2 2 2 2
left_child=13 3 -3 4 5 6 8 -7 -2 -5 -8 12 -9 16 17 -16 -1 18 26 -18 -10 24 23 -23 -19 -4 -15
right_child=1 2 25 9 -6 7 10 11 20 -11 -12 -13 -14 14 15 -17 19 21 -20 -21 -22 22 -24 -25 -26 -27 -28
leaf_value=0.0013852817023606886 -0.0015692739801124844 0.0013605477975103823 -0.00063217029356482353 -6.2452256534015755e-05 -0.0010381037535543943 0.0010764024609965712 0.0008620447465959428 0.00025768285941639674 -0.0006689029005624783 -0.0014547274349966115 -0.00038834110268258618 0.0010457129049388206 -0.00080330866938525369 -0.00063152034622775805 0.0013809766231861432 0.00014004068119296181 -0.0003873319940201169 -0.0010034195699501782 0.00022136164999600233 0.0007327336355501757 0.00012102587335296752 0.00018061131504509831 -0.00043145928828617681 0.0013875070255016907 0.00014657957337634717 0.0003109070667830695 -0.0014559543535870034
leaf_weight=22 20 26 22 20 31 37 33 87 65 34 28 23 34 22 20 36 23 21 21 32 45 34 23 20 23 28 20
leaf_count=22 20 26 22 20 31 37 33 87 65 34 28 23 34 22 20 36 23 21 21 32 45 34 23 20 23 28 20
internal_value=-7.57836e-13 -8.5514e-05 0.000396999 -0.000165757 -6.21367e-05 1.91939e-05 -0.000271435 0.00032588 -0.000533985 -0.00093907 0.000288097 0.000133037 -4.0447e-05 0.000143782 2.34974e-06 0.000583232 0.000584611 -0.000174441 -0.000608951 0.000264343 -0.00034575 5.17924e-05 0.000311264 0.00062761 -0.000402284 -0.000104047 -0.00102411
internal_weight=850 533 76 457 403 372 191 181 130 54 61 144 121 317 240 56 77 184 63 55 110 121 77 54 44 50 42
internal_count=850 533 76 457 403 372 191 181 130 54 61 144 121 317 240 56 77 184 63 55 110 121 77 54 44 50 42
is_linear=0
shrinkage=0.3


Tree=17
num_leaves=31
num_cat=0
split_feature=15 16 16 16 27 4 13 5 3 7 7 20 16 7 6 0 9 14 9 14 12 6 19 10 5 13 15 5 16 18
split_gain=0.000130323 0.00041658 0.000458458 0.000449489 0.000411799 0.000238742 0.000237659 0.000236296 0.000254672 0.000272007 0.000316435 0.000281551 0.000265937 0.000246206 0.000244803 0.000216946 0.000177192 0.000207532 0.000231931 0.000158977 0.000155106 0.000231523 0.000151925 0.000190306 0.000141298 0.000278036 0.000198448 0.00011824 0.000108214 9.39307e-05
threshold=0.005676442380027992 0.0060667345244161007 0.0073099327479319845 0.0044166147354148125 0.88255000000000006 17098950.000000004 0.017437465341033295 0.0038423540992263013 3.4030426740646367 0.0056982151213646253 0.0071048227343272485 0.085122500000000018 0.0059880419758976252 0.0018332303703748334 0.0054695932710537342 4.2816704109635895 0.018009935934462904 0.01071427567880967 0.010160573504205199 0.0075131450900676735 -0.0010211880314887724 -0.0017528754930017968 0.080358500000000013 0.87106198703642634 -0.0021738571572909805 0.018581663710849322 0.0017873098500403746 0.012636070461772959 0.0039721946986121517 0.13005455453032147
decision_type=2 2 2 2 2 2 2 2 2 2 2 2 2 2 2 2 2 2 2 2 2 2 2 2 2 2 2 2 2 2
left_child=7 3 -3 4 5 20 29 8 -1 12 -11 -12 16 28 15 -14 17 19 -19 -10 -2 -22 -13 -24 25 -18 -26 -4 -9 -6
right_child=1 2 27 -5 6 -7 -8 13 9 10 11 22 14 -15 -16 -17 24 18 -20 -21 21 -23 23 -25 26 -27 -28 -29 -30 -31
leaf_value=0.00085184071722324008 -0.00078293140555615534 -0.0019982467139405863 -0.00078303950198460376 0.001008951123346508 7.6090699751927922e-05 0.00098770390893780408 -0.001629493998698308 0.00057537851622328166 -0.00059152800968149673 -0.0013679670937126502 -0.0009484873460337439 0.00062476677952461967 0.00029418841269216497 0.0011394867304867753 -8.5803253921981455e-05 0.0015001274572067154 0.0014742822258995147 0.00030611167720053341 -0.00086650053739763928 0.00038381236294436296 0.00099860425747465352 -0.00031059971999286887 -0.00091306748841556585 0.00024918536130940082 -0.00061252065352164205 3.9582559838891027e-05 0.0006158463643805589 0.00024854125105775891 -0.00038880867926578005 -0.00081093938907460228
leaf_weight=30 20 21 20 35 21 26 20 20 21 25 32 31 25 36 34 29 20 20 63 53 20 31 21 32 29 31 20 20 22 22
leaf_count=30 20 21 20 35 21 26 20 20 21 25 32 31 25 36 34 29 20 20 63 53 20 31 21 32 29 31 20 20 22 22
internal_value=-1.24764e-12 -0.000178935 -0.000863166 3.51067e-05 -0.000177922 0.00020995 -0.000775121 7.71167e-05 3.55044e-06 -4.88132e-05 -0.000399883 -0.000191244 9.46675e-05 0.000563786 0.000544785 0.000941822 -5.94584e-05 -0.000258263 -0.000583943 0.000107027 -7.4861e-05 0.000202814 9.72296e-05 -0.00021133 0.000252665 0.00060221 -0.000111146 -0.000267249 7.03281e-05 -0.000377739
internal_weight=850 256 61 195 160 97 63 594 516 486 141 116 345 78 88 54 257 157 83 74 71 51 84 53 100 51 49 40 42 43
internal_count=850 256 61 195 160 97 63 594 516 486 141 116 345 78 88 54 257 157 83 74 71 51 84 53 100 51 49 40 42 43
is_linear=0
shrinkage=0.3


Tree=18
num_leaves=30
num_cat=0
split_feature=9 13 7 18 18 7 17 22 17 22 14 2 4 0 12 13 12 7 9 0 18 16 14 4 7 14 27 7 15
split_gain=9.34453e-05 0.000125767 0.000112767 0.000310791 0.000239408 0.000167772 0.000215747 0.000375736 0.00032357 0.000239585 0.000231128 0.000340558 0.000230925 0.000197696 0.000278178 0.000190872 0.000275351 0.000184226 0.000239579 0.000164513 0.000147094 0.000132581 0.000250817 0.000196496 0.000170909 0.000129413 0.000129254 0.000123407 0.00010015
threshold=0.0081750597168727662 0.014350699949644658 -0.0015661626188965487 0.75516894031771431 0.50525190533175868 0.0019665214479322392 0.0044231553297143997 0.023970000000000002 0.0032710124126829818 0.040062500000000008 0.02099097464448545 4.162061768907674 12537700.000000002 4.3034142585711832 0.00069732968631645105 0.014243316043295619 0.00071958176825193977 0.0053716320036375767 0.017872031842941862 4.6611637858240877 -0.10087561997598628 0.0020387361201124978 0.011928465261787802 11163750.000000002 -0.0037037140929907452 0.0097205163150564464 0.87280200000000019 -0.0069932844552679091 0.0048211903795401479
decision_type=2 2 2 2 2 2 2 2 2 2 2 2 2 2 2 2 2 2 2 2 2 2 2 2 2 2 2 2 2
left_child=1 -1 3 4 21 13 8 -8 9 -7 11 -11 -10 14 -4 16 -15 -9 26 -17 -20 23 25 27 28 -23 -19 -2 -24
right_child=2 -3 5 -5 -6 6 7 17 12 10 -12 -13 -14 15 -16 19 -18 18 20 -21 -22 22 24 -25 -26 -27 -28 -29 -30
leaf_value=-0.00097956812798656763 0.0011063913686732783 8.4341168403625488e-05 0.0001576357816352706 -0.0010368905047653243 0.00092896488706835281 -0.00063038164645825808 0.0014414614212000744 0.00075004658916943045 -0.00029841165513581864 -0.00065303737410923109 0.0011662089657329489 0.00055274045458942537 -0.0015972379334429703 0.0013226674279642546 0.0015453852523933163 0.00037681672438338865 -0.00019605415831652604 -0.00089876649315770267 -0.00016224571550264955 -0.0007416040623552518 0.00084763084564151042 -0.00032842399424143045 0.00034239729347146667 -0.00035295259024548743 -0.00084279304872325155 -0.0013357547660689305 3.4459208439908579e-05 0.00017734596685547714 -0.00025020436113923746
leaf_weight=20 22 20 26 30 22 38 21 29 28 37 20 49 22 22 26 20 21 34 25 29 27 22 66 35 20 24 22 31 42
leaf_count=20 22 20 26 30 22 38 21 29 28 37 20 49 22 22 26 20 21 34 25 29 27 22 66 35 20 24 22 31 42
internal_value=2.64543e-13 -0.000447613 2.21044e-05 -0.00011858 -2.15755e-05 0.000111167 -4.2958e-07 0.000259823 -0.000212388 1.59137e-05 0.000247605 3.39756e-05 -0.000869895 0.000383958 0.000851511 0.000119689 0.000580966 7.86955e-05 -0.000101575 -0.000285106 0.000362113 -0.000101392 -0.000253159 0.000198693 -3.72361e-05 -0.000853988 -0.000532142 0.000562987 0.000111941
internal_weight=850 40 810 314 284 496 352 158 194 144 106 86 50 144 52 92 43 137 108 49 52 262 174 88 128 46 56 53 108
internal_count=850 40 810 314 284 496 352 158 194 144 106 86 50 144 52 92 43 137 108 49 52 262 174 88 128 46 56 53 108
is_linear=0
shrinkage=0.3


Tree=19
num_leaves=26
num_cat=0
split_feature=11 4 2 29 12 13 16 9 18 14 14 9 0 4 16 3 4 17 16 9 9 18 4 13 23
split_gain=0.000113279 0.000569276 0.000156551 0.00015443 0.000263493 0.000136147 0.000130721 0.000143385 0.000108167 0.000318198 0.000177088 0.000143554 0.000177708 0.000173345 0.000263572 0.000274437 0.000244289 0.000201425 0.000256495 0.000223778 0.000226123 0.000139527 9.69533e-05 8.0307e-05 5.24457e-05
threshold=70.471876258355536 22042050.000000004 5.0499793974271183 1.5000000000000002 -0.0010706548351509678 0.016827979843936341 0.0048193139957456157 0.024471976426374217 0.59127163604698862 0.022201727892451211 0.015957431968060005 0.0095572115819175362 4.6033408641815194 9385250.0000000019 0.0060120902271651845 4.2101247310638437 7452150.0000000009 0.0055957270569244643 0.0019138756041444051 0.027621530331972007 0.021740362116933473 -0.20591874124220547 11339450.000000002 0.013626176912325318 0.6333335000000001
decision_type=2 2 2 2 2 2 2 2 2 2 2 2 2 2 2 2 2 2 2 2 2 2 2 2 2
left_child=2 6 8 5 -5 23 7 24 11 10 -10 12 -1 14 15 16 -13 19 -19 20 -15 -17 -20 -4 -2
right_child=1 -3 3 4 -6 -7 -8 -9 9 -11 -12 13 -14 17 -16 21 -18 18 22 -21 -22 -23 -24 -25 -26
leaf_value=-0.0011921481250531294 0.00016548565063903179 -0.0017313009667850564 -2.3767024744302034e-05 1.1703849177929046e-05 0.0013935036151249529 -0.00049448479420971124 -0.00062144385539630246 0.00072015596233541144 0.00027637598153994663 -0.00047080501390155404 0.0013542052543134954 -4.680502206610981e-06 -6.9600749702658499e-05 -0.00039328944264852906 0.00092065651667022988 -6.5296139193075448e-05 0.00093327389032837286 0.0010239472772809676 -0.00065703563996066794 -0.0012435044709886627 0.00064971425784857606 -0.00094950939363053319 0.00015002489337741673 0.00072928760721249709 -0.00047193912879655339
leaf_weight=22 26 20 25 23 27 25 22 30 34 32 23 73 30 125 36 36 38 24 21 23 22 29 37 26 21
leaf_count=22 26 20 25 23 27 25 22 30 34 32 23 73 30 125 36 36 38 24 21 23 22 29 37 26 21
internal_value=1.22332e-12 -0.000271439 4.41877e-05 0.000348405 0.000757876 7.90156e-05 2.3483e-05 0.000207748 -1.91699e-05 0.000286267 0.00071129 -7.18518e-05 -0.000544525 -1.88798e-05 0.000181037 2.97517e-05 0.000316421 -0.000187064 0.000199121 -0.000373342 -0.000237194 -0.000459791 -0.000142187 0.000360143 -0.000119321
internal_weight=850 119 731 126 50 76 99 77 605 89 57 516 52 464 212 176 111 252 82 170 147 65 58 51 47
internal_count=850 119 731 126 50 76 99 77 605 89 57 516 52 464 212 176 111 252 82 170 147 65 58 51 47
is_linear=0
shrinkage=0.3


Tree=20
num_leaves=26
num_cat=0
split_feature=7 18 6 7 16 18 6 4 7 17 2 1 17 6 19 25 29 17 22 22 22 4 16 6 12
split_gain=0.000133115 0.000368593 0.00020398 0.000186513 0.00011301 0.000188575 0.000171225 0.000266475 0.000174877 0.000192768 0.000133562 0.000132187 0.000130618 0.000260331 0.000168129 0.00044504 0.000202457 0.000148322 0.000142929 0.00014062 0.000129301 0.000121034 0.000110912 8.96121e-05 8.4394e-05
threshold=-0.011642048488443107 0.34783941628830412 -1.0000000180025095e-35 -0.0090420520215612234 0.0040527185267529194 -0.31451545289815391 -0.0069932844552679091 18643200.000000004 -0.0019029962239348857 0.0041493734884286981 3.8275485161840623 3.5043457472776711 0.0019841329179728939 -0.0060376964147566417 -0.024478499999999997 0.6333335000000001 1.5000000000000002 0.010348403698255905 0.35857150000000004 0.33521450000000003 0.45213550000000008 14829800.000000002 0.0038424591116484135 0.0036134297652504485 0.0023320513765084116
decision_type=2 2 2 2 2 2 2 2 2 2 2 2 2 2 2 2 2 2 2 2 2 2 2 2 2
left_child=1 2 -1 -2 11 10 7 -7 9 -8 -6 -5 13 -13 15 -14 -17 19 21 -16 24 -15 -4 -12 -10
right_child=3 -3 22 4 5 6 8 -9 20 -11 23 12 14 18 17 16 -18 -19 -20 -21 -22 -23 -24 -25 -26
leaf_value=0.00066733784039388409 0.00073864256463077082 -0.0014804640309739625 0.0001338503976148786 -0.00073489858413166881 0.0012144816084037301 -0.00094010455735163607 0.00023831402674907371 0.00038515382435765452 0.00032369073154340562 -0.0010485635451186681 4.0323965856116142e-05 0.00047915046321577392 -0.0011773789041927233 -0.00065466772458092504 0.0002261682873495374 -0.00023291503352993457 0.00094930347986519335 -0.00052520636905683204 -0.0012460506180650554 0.0010453987505488012 0.00081316168834746352 0.00010175500594868935 -0.00080584843700097942 0.00080113540752790868 -0.00030321539122660901
leaf_weight=25 33 20 20 27 20 36 22 22 68 20 38 30 31 47 132 32 22 20 20 22 36 32 26 22 27
leaf_count=25 33 20 20 27 20 36 22 22 68 20 38 30 31 47 132 32 22 20 20 22 36 32 26 22 27
internal_value=-1.66684e-12 -0.000342867 -2.2417e-05 4.11079e-05 9.40176e-06 0.000146129 8.65469e-06 -0.00043742 0.000158206 -0.000374485 0.000543087 -9.30614e-05 -4.83975e-05 -0.000295037 7.4446e-05 -0.000271381 0.00024873 0.000243384 -0.000529639 0.000343201 0.000328992 -0.000348269 -0.000397284 0.000319288 0.000145517
internal_weight=850 91 71 759 726 311 231 58 173 42 80 415 388 129 259 85 54 174 99 154 131 79 46 60 95
internal_count=850 91 71 759 726 311 231 58 173 42 80 415 388 129 259 85 54 174 99 154 131 79 46 60 95
is_linear=0
shrinkage=0.3


Tree=21
num_leaves=16
num_cat=0
split_feature=21 4 5 11 4 27 10 5 5 14 18 22 4 27 14
split_gain=8.47396e-05 0.000188181 0.000112482 0.000105353 0.000385338 0.00010254 0.000123549 0.000108768 0.000195335 0.000139532 9.76365e-05 8.16061e-05 7.64629e-05 0.000153348 5.83524e-05
threshold=0.034085500000000012 15351600.000000002 0.001688046236887662 70.471876258355536 21887600.000000004 0.92730200000000018 2.0954384315936694 0.019459890412416244 0.013464183371927682 0.02550918517748146 -0.74599526406687544 0.031653000000000008 7710850.0000000009 0.7569570000000001 0.01347449446645089
decision_type=2 2 2 2 2 2 2 2 2 2 2 2 2 2 2
left_child=1 2 -1 5 12 6 7 8 9 10 -2 -7 -5 -14 -15
right_child=3 -3 -4 4 -6 11 -8 -9 -10 -11 -12 -13 13 14 -16
leaf_value=0.00032779468723486484 -0.00030641654625212123 0.00081883003868694817 -0.00054054614274355118 0.00047937464682036075 -0.0014957491532550193 -0.00075384888882076156 0.00069990063516888769 0.00068899602961859532 -0.00070330459288122846 -0.00056828634458270242 0.00012464542916703082 1.5143226103290266e-05 -0.00086077896599558049 -0.00025105967153129832 0.00042728415030433094
leaf_weight=29 53 35 25 20 20 27 25 21 34 32 439 23 21 21 25
leaf_count=29 53 35 25 20 20 27 25 21 34 32 439 23 21 21 25
internal_value=-8.48238e-14 0.000276983 -7.4215e-05 -3.23935e-05 -0.000308355 1.27562e-05 4.69341e-05 1.87404e-05 -6.48432e-06 3.87292e-05 7.82099e-05 -0.000400113 -3.5391e-05 -0.000189052 0.000117605
internal_weight=850 89 54 761 107 654 604 579 558 524 492 50 87 67 46
internal_count=850 89 54 761 107 654 604 579 558 524 492 50 87 67 46
is_linear=0
shrinkage=0.3


Tree=22
num_leaves=24
num_cat=0
split_feature=14 0 14 17 7 6 10 17 0 22 14 5 13 11 18 27 27 26 8 9 12 21 7
split_gain=7.24327e-05 0.000189342 9.95751e-05 0.000226611 0.000176919 0.000161129 0.00013351 0.000118813 0.000119481 0.000108417 0.000129707 0.000176407 0.000168168 0.00016313 0.000158675 0.00011304 0.000271348 0.000209418 0.000102484 7.92274e-05 0.000179618 6.91911e-05 5.03828e-05
threshold=0.0079130194938176173 4.1674809047528765 0.01214927218063565 0.0059055287821559504 -0.011642048488443107 -0.0021738571572909805 -0.75903357762448076 0.0012777396474041665 3.9971495146882248 0.94848200000000016 0.014634800933264891 0.0060805486213993277 0.014273878020970224 42.476463006235399 -0.25549673781511689 0.79401250000000012 0.8286555000000001 0.62099150000000003 0.01040767384034832 0.012387929117503546 0.0023430408888553997 0.40738600000000008 0.0035117645024903285
decision_type=2 2 2 2 2 2 2 2 2 2 2 2 2 2 2 2 2 2 2 2 2 2 2
left_child=1 -1 3 6 5 -4 -2 -8 -9 10 11 12 -6 22 -14 17 -17 -15 -7 -10 -21 -3 -12
right_child=2 21 4 -5 9 18 7 8 19 -11 13 -13 14 15 -16 16 -18 -19 -20 20 -22 -23 -24
leaf_value=0.00099743744219228138 -0.00059440261950450288 -0.00047627747750084382 0.00019276074799563501 -0.00090947635771419083 0.00084130166738759715 -0.00029996167577337471 -0.00039413804743862083 0.00087848248324007728 -0.00032078479388503417 0.00075278166008171281 0.00021970490379317198 0.0011342127824069132 -0.00058668031932029407 -9.8621977534243848e-05 0.00032603060422843556 -0.00097265660782189418 -6.6000201857551634e-05 0.00084397772578964126 -0.0012488552353196222 0.00069366954849101601 -0.00036586519345291893 0.00026592703618986816 0.00085599266094504856
leaf_weight=23 35 20 24 34 25 20 39 20 31 22 24 21 30 79 40 36 170 29 21 36 24 26 21
leaf_count=23 35 20 24 34 25 20 39 20 31 22 24 21 30 79 40 36 170 29 21 36 24 26 21
internal_value=-2.42241e-12 0.000294632 -2.60302e-05 -0.00019763 4.08388e-05 -0.000424599 -6.68044e-05 5.63018e-05 0.000214565 0.000101711 7.15561e-05 0.000347343 0.000173404 -1.75562e-05 -6.51312e-05 -9.41129e-05 -0.000224445 0.000154483 -0.00078598 6.86485e-05 0.000269856 -5.67706e-05 0.000516639
internal_weight=850 69 781 219 562 65 185 150 111 497 475 116 95 359 70 314 206 108 41 91 60 46 45
internal_count=850 69 781 219 562 65 185 150 111 497 475 116 95 359 70 314 206 108 41 91 60 46 45
is_linear=0
shrinkage=0.3


Tree=23
num_leaves=14
num_cat=0
split_feature=13 4 3 12 9 4 6 12 7 13 18 8 9
split_gain=7.44068e-05 0.000114538 9.00603e-05 7.07145e-05 0.00019198 0.000150736 6.6103e-05 9.11488e-05 0.000132398 9.45717e-05 0.000241669 0.000119954 6.49706e-05
threshold=0.023615975857243229 27889350.000000004 6.4306545257568368 0.0050423799475308494 0.030569089695194219 13907100.000000002 0.019459890412416244 0.0026869715032639221 0.0017762495521596721 0.017396123469013983 0.37185764804371163 0.051239489971836 0.01621530188231696
decision_type=2 2 2 2 2 2 2 2 2 2 2 2 2
left_child=2 -2 3 4 6 -5 7 9 -9 11 -11 -1 -10
right_child=1 -3 -4 5 -6 -7 -8 8 12 10 -12 -13 -14
leaf_value=-0.00010490262366123802 0.00090891208383254703 -8.3049194786739957e-05 -0.00063337702803047645 0.00085889552347362039 -0.00077013857255224137 -0.00020528856687672921 0.00054231340996921059 -0.00090470778377493843 -0.00044936634866254668 1.5038296205735591e-05 0.00083025598979411571 0.00039338625432793953 0.00024351069160761182
leaf_weight=386 20 22 21 25 30 23 20 24 21 137 43 49 29
leaf_count=386 20 22 21 25 30 23 20 24 21 137 43 49 29
internal_value=1.9629e-12 0.000389313 -2.02366e-05 -3.87578e-06 -2.67943e-05 0.000348974 4.65891e-06 -1.09479e-05 -0.000325512 2.69021e-05 0.000209785 -4.87735e-05 -4.74977e-05
internal_weight=850 42 808 787 739 48 709 689 74 615 180 435 50
internal_count=850 42 808 787 739 48 709 689 74 615 180 435 50
is_linear=0
shrinkage=0.3


Tree=24
num_leaves=20
num_cat=0
split_feature=18 4 18 14 12 14 8 8 27 26 26 18 9 20 7 7 18 26 6
split_gain=8.05522e-05 0.00014864 0.000114332 0.000105787 0.00016882 0.000152773 0.000190216 0.000180459 0.000147505 0.00013562 0.000174947 9.04865e-05 9.74216e-05 0.000115864 0.000159765 0.000143607 0.000149695 9.59974e-05 8.84298e-05
threshold=-0.050383729445633518 24493500.000000004 -0.083118115229976072 0.0092678839407295856 0.00071958176825193977 0.011049713568388639 0.082653019657727075 0.067004570582776604 0.82058050000000005 0.13371050000000004 0.32995900000000006 -0.11746188302207922 0.0091006158967681643 0.30569650000000009 0.0089287661300198728 0.011757893380242287 -0.76028432602580165 0.59509900000000016 -0.0087797023595437892
decision_type=2 2 2 2 2 2 2 2 2 2 2 2 2 2 2 2 2 2 2
left_child=1 2 11 4 -2 8 7 9 -5 -7 -11 12 -1 14 17 16 -15 -14 -12
right_child=3 -3 -4 5 -6 6 -8 -9 -10 10 18 -13 13 15 -16 -17 -18 -19 -20
leaf_value=-0.00050779845371905067 0.00070160221580798461 0.00089227746531832957 0.00070318485415317932 -3.702157858697319e-05 -0.00034468080595378639 0.00050557783747949125 -0.0007835638948211366 0.00086764300212962555 -0.0011119425616925582 -0.00082091378732002335 -0.00044391637461447359 -0.00057620130129097636 -8.2427976561913016e-05 -0.00023261719790752976 0.00064240855790558265 -0.00039437078812625258 0.00051478991437051722 -0.00069202020501008162 4.5832322456558834e-05
leaf_weight=26 35 20 23 20 23 33 31 20 27 30 41 22 93 30 22 26 123 31 174
leaf_count=26 35 20 23 20 23 33 31 20 27 30 41 22 93 30 22 26 123 31 174
internal_value=1.19026e-12 9.43297e-05 5.40294e-05 -9.04175e-05 0.000286697 -0.000148589 -7.63122e-05 -2.73903e-06 -0.000654529 -6.53564e-05 -0.000142258 1.4001e-05 5.09937e-05 9.56971e-05 -0.00010264 0.000257469 0.00036824 -0.000234826 -4.75616e-05
internal_weight=850 416 396 434 58 376 329 298 47 278 245 373 351 325 146 179 153 124 215
internal_count=850 416 396 434 58 376 329 298 47 278 245 373 351 325 146 179 153 124 215
is_linear=0
shrinkage=0.3


Tree=25
num_leaves=23
num_cat=0
split_feature=1 4 17 17 11 2 10 20 8 17 26 10 18 15 13 9 14 22 27 25 6 6
split_gain=6.84873e-05 6.12084e-05 0.000327259 9.3312e-05 0.000169084 0.000176185 0.000142776 0.000181294 0.000166379 0.000133153 0.000210151 0.00015238 0.000204672 0.000136261 0.000128698 0.000167632 0.000160247 0.000116716 9.39288e-05 0.000116048 8.99711e-05 7.60219e-05
threshold=6.5721822397096856 25392300.000000004 0.0039100684260157687 0.0031775728065777989 42.598558899172666 3.4368100306476408 -1.3419520807089376 0.19237700000000005 0.037263722574353113 0.0019743336348172634 0.71989850000000011 0.31339802774970649 0.18335389490854684 0.0063830377499787989 0.018762560723491001 0.016461524960736412 0.0094518319651081418 0.019100000000000002 0.81413200000000008 0.22500000000000003 -1.0000000180025095e-35 0.0015014457157676109
decision_type=2 2 2 2 2 2 2 2 2 2 2 2 2 2 2 2 2 2 2 2 2 2
left_child=1 3 -3 9 18 -6 -7 8 -8 10 14 -12 -13 21 15 16 -1 -9 -5 -20 -17 -11
right_child=-2 2 -4 4 5 6 7 17 -10 13 11 12 -14 -15 -16 20 -18 -19 19 -21 -22 -23
leaf_value=-0.00068419307452859352 0.0003936433047161508 -0.0010141478946259727 0.0002917317171662804 -3.5975456800467021e-05 -0.00097601486967228664 -0.00089348935176531081 -8.1863650553887479e-05 0.00062514173055205902 -0.00085833375763219762 0.0011115699798280659 -9.5707155956273812e-05 0.00024041919768933437 0.0014457417656168607 -0.00017151601772638967 0.00045916372782812682 -0.0012100468712950324 0.0002176491549614527 5.9707927421721457e-07 0.00011092732369434088 0.001120661203666324 -0.00038210138090006592 0.00037888183817267414
leaf_weight=25 38 31 39 36 23 20 63 32 41 26 34 32 21 20 24 21 61 170 20 21 27 25
leaf_count=25 38 31 39 36 23 20 63 32 41 26 34 32 21 20 24 21 61 170 20 21 27 25
internal_value=1.81492e-12 -1.84217e-05 -0.000286586 6.87682e-06 -8.47509e-05 -0.000173528 -0.000116911 -6.61538e-05 -0.000387972 0.0001304 2.55671e-05 0.000399999 0.000718 0.000492149 -0.000180608 -0.000295194 -4.45143e-05 9.95348e-05 0.000317627 0.000628108 -0.000744328 0.000752409
internal_weight=850 812 70 742 426 349 326 306 104 316 245 87 53 71 158 134 86 202 77 41 48 51
internal_count=850 812 70 742 426 349 326 306 104 316 245 87 53 71 158 134 86 202 77 41 48 51
is_linear=0
shrinkage=0.3


Tree=26
num_leaves=27
num_cat=0
split_feature=18 7 22 7 20 19 22 15 3 4 13 18 13 7 28 17 9 15 18 6 10 23 8 15 16 5
split_gain=5.27341e-05 9.66301e-05 0.000146292 0.000126743 0.000127432 0.00018143 0.000143882 0.000141354 0.000128126 0.000121948 9.24018e-05 0.000254192 7.26004e-05 7.00751e-05 7.56701e-05 8.95051e-05 6.70487e-05 7.57717e-05 7.21681e-05 0.000140858 0.000116568 0.000101485 9.13659e-05 5.77218e-05 3.96061e-05 2.3762e-05
threshold=-0.050383729445633518 -0.012205210804839875 0.25676550000000004 -0.0090420520215612234 0.020379500000000005 -0.42647099999999993 0.48214450000000003 0.0034632026994185273 4.3889183998107919 11792600.000000002 0.020123656096809724 -0.36450694606830752 0.013227324499894498 -0.015364433693414694 1.0000000180025095e-35 0.0053715299940846157 0.011880234143116961 0.0034632026994185273 -0.35476386313705466 -0.0014260614003143582 0.76985248259936478 0.70833350000000006 -0.015774399736140279 0.0043588948568984718 0.0038835061921940464 0.0014610101719062887
decision_type=2 2 2 2 2 2 2 2 2 2 2 2 2 2 2 2 2 2 2 2 2 2 2 2 2 2
left_child=10 2 -2 -3 -5 8 7 12 -6 -9 13 -12 -7 -1 15 25 17 24 20 -20 22 -21 -18 -22 -16 -15
right_child=1 3 -4 4 5 6 -8 9 -10 -11 11 -13 -14 14 16 -17 18 -19 19 21 23 -23 -24 -25 -26 -27
leaf_value=-0.00051176183291577867 2.8217318156914023e-05 0.00061319970370207625 -0.0010928464590688235 -0.00078978446752963857 0.0011032694490859284 0.0006023673748131841 -0.00081545965804252774 -0.0007257493057056763 6.5034060769349975e-05 -8.0055842190395431e-05 -0.00010911708334746931 0.0011740329646272585 4.6124926634280091e-05 0.00085009283357067027 -0.00083672653301618998 -7.259112512813238e-05 0.00022884258266252976 0.000165513177489629 -0.00058370808781890791 0.00038022679232199155 0.0001888908915008932 -0.00042411579852341674 0.001039289285628391 -0.00046419072251800177 -0.00023968790752405768 0.00039318377691545587
leaf_weight=21 22 26 20 21 20 25 24 40 23 77 33 24 136 20 20 29 31 21 37 48 29 20 21 21 20 21
leaf_count=21 22 26 20 21 20 25 24 40 23 77 33 24 136 20 20 29 31 21 37 48 29 20 21 21 20 21
internal_value=-7.63173e-14 -7.31576e-05 -0.000505623 -2.6822e-05 -7.22881e-05 -2.86144e-05 -0.000110706 -4.98637e-05 0.000547934 -0.000300806 7.6323e-05 0.000431157 0.000132498 1.99846e-05 5.30221e-05 0.000330765 -1.95228e-05 -0.000295943 6.19343e-05 -0.000112654 0.000241657 0.000143655 0.000556138 -8.54034e-05 -0.000538207 0.000616066
internal_weight=850 434 42 392 366 345 302 278 43 117 416 57 161 359 338 70 268 61 207 105 102 68 52 50 40 41
internal_count=850 434 42 392 366 345 302 278 43 117 416 57 161 359 338 70 268 61 207 105 102 68 52 50 40 41
is_linear=0
shrinkage=0.3


Tree=27
num_leaves=21
num_cat=0
split_feature=22 15 18 9 4 10 8 22 22 13 24 1 14 14 16 18 16 27 27 4
split_gain=4.7272e-05 0.000124859 6.47696e-05 0.000143228 0.000119169 0.000210873 0.000104269 0.000146546 0.000118784 0.000117257 8.69214e-05 8.30597e-05 8.25402e-05 8.34873e-05 7.23905e-05 0.000149326 0.000109333 7.91595e-05 0.000117731 5.4293e-05
threshold=0.86034200000000005 -0.0019066231054834005 0.2859296721458322 0.030794830469864178 19364350.000000004 1.4037800876740854 0.065872304079060043 0.27524950000000009 0.10885200000000002 0.021519930302559772 1.0000000180025095e-35 4.6332539589254278 0.018669841736551996 0.012015423027758732 0.008179951522529337 -0.1735214804634275 0.0059760899409870647 0.92847550000000012 0.91227900000000017 11163750.000000002
decision_type=2 2 2 2 2 2 2 2 2 2 2 2 2 2 2 2 2 2 2 2
left_child=2 -2 6 4 10 11 9 8 -8 14 12 -6 13 -4 16 -16 17 18 -1 -18
right_child=1 -3 3 -5 5 -7 7 -9 -10 -11 -12 -13 -14 -15 15 -17 19 -19 -20 -21
leaf_value=-6.5175836844916329e-06 -0.0002129573604906909 0.00061062380122461337 -0.00057119362358611797 -0.00083310528751462702 0.0010213588942530225 -0.00046819062258691697 0.00041366771213099978 0.00090277622925246498 -0.00048096404207171868 -0.00071331454237224536 0.00012130223006421987 0.000242406319392785 -0.00080077403962377505 0.00016815964411632324 8.0870472379501729e-05 -0.00096409243702510127 0.00082149082749231677 -0.000427709033413391 0.00065940029207223032 0.00014564370449079433
leaf_weight=295 30 37 27 25 22 26 34 28 22 21 39 28 32 28 32 20 23 35 26 20
leaf_count=295 30 37 27 25 22 26 34 28 22 21 39 28 32 28 32 20 23 35 26 20
internal_value=3.10566e-14 0.000241856 -2.06952e-05 -0.000155732 -7.18981e-05 0.000224794 3.44365e-05 0.000342396 6.22052e-05 -2.03698e-05 -0.000250855 0.000585145 -0.000417684 -0.000194796 1.1896e-05 -0.000321038 5.52859e-05 7.07596e-07 4.74197e-05 0.000507143
internal_weight=850 67 783 227 202 76 556 84 56 472 126 50 87 55 451 52 399 356 321 43
internal_count=850 67 783 227 202 76 556 84 56 472 126 50 87 55 451 52 399 356 321 43
is_linear=0
shrinkage=0.3


Tree=28
num_leaves=15
num_cat=0
split_feature=9 9 16 16 4 1 15 26 11 1 23 9 8 12
split_gain=4.84371e-05 0.000146741 0.000119369 0.000160435 9.61665e-05 5.93699e-05 5.97373e-05 0.000127787 8.30404e-05 7.49057e-05 0.000135457 6.961e-05 7.6096e-05 6.4334e-05
threshold=0.031469704919795526 0.028959496602853813 0.0038059141006609198 0.001863932777792561 35597650.000000007 6.4660364942551576 -0.00725164589938747 0.65943350000000012 55.070097612065048 3.5043457472776711 0.29166650000000005 0.027097680331888394 -0.042638879706389431 -0.0010571866397352928
decision_type=2 2 2 2 2 2 2 2 2 2 2 2 2 2
left_child=1 4 3 -2 5 6 7 8 -1 10 -8 12 -11 -9
right_child=2 -3 -4 -5 -6 -7 9 13 -10 11 -12 -13 -14 -15
leaf_value=0.00035776541998739747 -1.7440962671701397e-05 -0.00070980645759846075 -0.00017555907182516725 0.0011552297210853015 0.00059290423942002233 -0.00052718903665663667 0.00029500451138509169 -0.00025180717591489343 -0.00034264655713923275 0.00057024936540983617 -0.00067965266935061659 0.00061928434995934362 2.3054018838480983e-05 -0.00092366949880601083
leaf_weight=39 21 27 36 21 24 20 21 29 25 24 33 20 487 23
leaf_count=39 21 27 36 21 24 20 21 29 25 24 33 20 487 23
internal_value=5.52478e-13 -2.27635e-05 0.0002253 0.000568894 2.13602e-06 -1.75289e-05 -2.98799e-06 -0.000199656 8.4167e-05 3.60095e-05 -0.000300619 7.02429e-05 4.8754e-05 -0.000548977
internal_weight=850 772 78 42 745 721 701 116 64 585 54 531 511 52
internal_count=850 772 78 42 745 721 701 116 64 585 54 531 511 52
is_linear=0
shrinkage=0.3


Tree=29
num_leaves=26
num_cat=0
split_feature=14 9 11 19 4 4 20 10 15 29 15 6 21 17 4 20 19 20 10 6 9 27 11 4 4
split_gain=4.27603e-05 7.79574e-05 5.99498e-05 0.000106676 8.97039e-05 7.45911e-05 0.000146948 9.3782e-05 9.84552e-05 0.000102675 0.000113084 0.00016915 0.000129898 9.29943e-05 0.000125338 0.000146131 0.000168865 8.78776e-05 8.62426e-05 7.57088e-05 8.78485e-05 7.18826e-05 6.02544e-05 4.79359e-05 3.98007e-05
threshold=0.0079130194938176173 0.016118295494016905 70.471876258355536 -0.066006999999999996 19102100.000000004 7040200.0000000009 0.20685000000000003 0.11900674859048577 -0.0092364700608633787 3.5000000000000004 0.0022878888754325373 -0.010530339178829484 0.057588500000000008 0.0059055287821559504 12491950.000000002 0.43786750000000008 -0.22939349999999997 0.064467500000000025 -0.6016392094828158 -0.0055402491783471198 0.01437221202105002 0.85074650000000018 47.252775188539808 11568950.000000002 5455050.0000000009
decision_type=2 2 2 2 2 2 2 2 2 2 2 2 2 2 2 2 2 2 2 2 2 2 2 2 2
left_child=1 -1 5 -4 23 6 21 13 -9 10 12 -12 -10 14 19 16 -16 -15 -8 -7 -21 -2 -19 -5 -20
right_child=2 -3 3 4 -6 7 18 8 9 -11 11 -13 -14 17 15 -17 -18 22 24 20 -22 -23 -24 -25 -26
leaf_value=-7.8925642083049741e-05 -0.00090386859921072113 0.00055943538119952957 -0.00077287972555495799 1.5186709002591668e-05 0.0004073618868424091 0.00053791831538546825 0.00055027811148370938 0.00065764137689257036 -0.00061240428461540686 -0.0005049614953864163 -0.00048851521831238642 0.00044588908772044201 0.0001079304471123479 0.00072432027028298759 -0.00072338933200428621 -0.0010496683896885121 0.0004685271269408986 0.00027877767749417287 0.00012693481330643407 0.00031649063394465681 -0.0004382618294403073 -0.00016457455116324125 -0.00040445413657965086 -0.00056131621068844755 -0.00040881152763176941
leaf_weight=36 29 33 25 25 25 20 23 32 29 23 20 136 101 20 23 28 20 26 24 23 35 20 21 27 26
leaf_count=36 29 33 25 25 25 20 23 32 29 23 20 136 101 20 23 28 20 26 24 23 35 20 21 27 26
internal_value=7.46642e-13 0.000226377 -2.00001e-05 -0.000234449 -5.96341e-05 1.22147e-05 -0.000200245 5.87499e-05 0.000156722 0.000104847 0.000153888 0.000326094 -5.27596e-05 -9.59192e-05 -0.000227917 -0.000516312 -0.00016901 0.000197628 6.95032e-05 3.4596e-05 -0.000138963 -0.000602116 -2.64961e-05 -0.000284151 -0.000151653
internal_weight=850 69 781 102 77 679 122 557 341 309 286 156 130 216 149 71 43 67 73 78 58 49 47 52 50
internal_count=850 69 781 102 77 679 122 557 341 309 286 156 130 216 149 71 43 67 73 78 58 49 47 52 50
is_linear=0
shrinkage=0.3


Tree=30
num_leaves=28
num_cat=0
split_feature=6 4 11 15 24 0 4 26 26 26 19 17 7 2 21 8 20 28 6 20 9 27 7 28 16 4 10
split_gain=4.98969e-05 0.00013621 0.000216134 0.000110685 0.000110513 0.000122632 8.56358e-05 8.10235e-05 0.000123491 0.000125694 0.000110179 8.4529e-05 0.000106127 8.09095e-05 7.42535e-05 8.05878e-05 7.41244e-05 8.65841e-05 7.96856e-05 7.01721e-05 9.28614e-05 7.84911e-05 6.31461e-05 5.3762e-05 3.72988e-05 3.54853e-05 2.06591e-05
threshold=0.0019194232881242894 25392300.000000004 61.780907072338444 0.0095842658692262429 1.0000000180025095e-35 4.2213311879815221 21171750.000000004 0.84988350000000012 0.59509900000000016 0.64500900000000005 -0.41768299999999997 0.0057306589463874133 -0.0037037140929907452 5.8203173783112083 0.028477000000000006 -0.0025817506008737725 0.82273800000000008 1.0000000180025095e-35 0.0037738672634458066 0.069216000000000014 0.016939802558307616 0.75432050000000006 -0.0066985508064831174 1.0000000180025095e-35 0.0036396720478283832 11653400.000000002 1.1071991513209241
decision_type=2 2 2 2 2 2 2 2 2 2 2 2 2 2 2 2 2 2 2 2 2 2 2 2 2 2 2
left_child=3 6 -3 7 5 -5 16 8 10 -10 -1 12 -11 22 -9 -16 17 26 -19 20 -20 -21 -12 -24 -18 -14 -2
right_child=1 2 -4 4 -6 -7 -8 14 9 11 13 -13 25 -15 15 -17 24 18 19 21 -22 -23 23 -25 -26 -27 -28
leaf_value=0.00066919448654516594 0.00062193837744416657 5.752771777141871e-05 -0.0013051137048751117 0.00027089033483727166 -0.00017877144895134156 0.0011878993403765239 0.00049424276817767857 -0.00017698683847265783 -0.00090589584321535831 0.00059427155712910463 -0.00038152481621364127 -0.0006829889603432094 -0.00053464710883417861 -0.00056846496258263607 6.2565627052078645e-05 0.00075453167360551145 -0.0001295923579480428 -0.00048158729405258784 -0.00075647579608564472 -0.00018702994973409658 9.6822205796343036e-05 0.00029387391021893044 0.00043498824166957859 1.912685623100322e-05 -0.0006589576746773673 2.371105905954859e-05 0.00019073967276199256
leaf_weight=24 20 22 20 35 22 21 27 25 26 20 25 20 20 21 28 33 23 36 22 48 24 84 39 99 25 21 20
leaf_count=24 20 22 20 35 22 21 27 25 26 20 25 20 20 21 28 33 23 36 22 48 24 84 39 99 25 21 20
internal_value=2.22612e-13 -8.25904e-05 -0.000591349 6.39687e-05 0.00039095 0.000614769 -1.76424e-05 3.66447e-07 -7.00945e-05 -0.000331987 6.46292e-05 -0.00014777 2.77118e-05 -1.42271e-05 0.00025845 0.000436908 -6.3407e-05 1.20337e-06 -7.45229e-05 7.8047e-06 -0.000311277 0.000119 5.71778e-05 0.000136653 -0.000405303 -0.000248659 0.000406339
internal_weight=850 371 42 479 78 56 329 401 315 107 208 81 61 184 86 61 302 254 214 178 46 132 163 138 48 41 40
internal_count=850 371 42 479 78 56 329 401 315 107 208 81 61 184 86 61 302 254 214 178 46 132 163 138 48 41 40
is_linear=0
shrinkage=0.3


Tree=31
num_leaves=17
num_cat=0
split_feature=21 21 15 26 3 15 4 5 6 14 26 11 10 4 6 16
split_gain=4.47337e-05 7.0113e-05 9.82521e-05 6.08416e-05 6.91518e-05 6.1594e-05 0.000265957 0.000129265 8.90579e-05 8.81607e-05 8.6271e-05 5.91221e-05 7.99862e-05 4.80974e-05 4.25754e-05 3.47091e-05
threshold=0.034085500000000012 0.029465500000000002 -0.001388857120569075 0.88651500000000005 3.4030426740646367 0.0086207019694488456 27440900.000000004 0.010446376360568841 0.014751246897291589 0.027612365007549575 0.84988350000000012 73.735328164015456 1.3113478793423738 11792600.000000002 0.0019840912817329199 0.0034334756219757583
decision_type=2 2 2 2 2 2 2 2 2 2 2 2 2 2 2 2
left_child=1 2 -1 4 -2 8 7 15 10 13 11 12 -6 -9 -5 -7
right_child=3 -3 -4 14 5 6 -8 9 -10 -11 -12 -13 -14 -15 -16 -17
leaf_value=-0.00041454776630696588 0.00040126444043896815 0.00062728093708574312 0.00034229161070757787 -8.0741435854828783e-05 -6.7194176004553197e-05 -0.00018299121670266192 -0.0012108304195135131 -0.00032827733911372807 0.00046841878038800418 0.00073656237488778841 0.00045997874708105386 -0.00043553986648703358 0.00029922442780887302 0.0002599655957651678 -0.00057228022620808491 -0.0007290519502566894
leaf_weight=26 37 25 38 35 360 22 20 22 38 21 33 32 63 29 29 20
leaf_count=26 37 25 38 35 360 22 20 22 38 21 33 32 63 29 29 20
internal_value=-1.3071e-12 0.000201246 3.48256e-05 -2.3536e-05 2.16817e-06 -2.02054e-05 -0.000201782 -2.47556e-05 2.60517e-05 0.000219232 -8.39496e-06 -4.23649e-05 -1.26212e-05 6.21374e-06 -0.00030347 -0.00044302
internal_weight=850 89 64 761 697 660 134 114 526 72 488 455 423 51 64 42
internal_count=850 89 64 761 697 660 134 114 526 72 488 455 423 51 64 42
is_linear=0
shrinkage=0.3


Tree=32
num_leaves=14
num_cat=0
split_feature=8 10 11 13 11 8 15 7 18 11 14 10 5
split_gain=4.31635e-05 0.000155474 4.68942e-05 0.000146966 0.000122811 9.41365e-05 6.55624e-05 5.47071e-05 5.86831e-05 4.63305e-05 3.90238e-05 6.12002e-05 8.10647e-05
threshold=0.089113417298708836 1.5521965291733408 67.499953096858803 0.017472440342426277 66.257593016397195 0.065872304079060043 -1.0000000180025095e-35 0.003120175165727491 0.12265856026077097 65.048868079311589 0.032528367278384464 1.8750718898334748 0.013464183371927682
decision_type=2 2 2 2 2 2 2 2 2 2 2 2 2
left_child=2 -2 4 6 5 9 -4 8 -8 10 11 12 -1
right_child=1 -3 3 -5 -6 -7 7 -9 -10 -11 -12 -13 -14
leaf_value=1.4375504669794668e-05 0.00077298962798802385 -0.00031061929641344413 0.00030992079458990379 -0.00088614559082832937 0.00071375209342725368 0.00061752764574651213 -0.00028820328461733876 -0.00045020627822898524 0.00039012449256419629 -0.00047749448203830979 -0.00034680916491197422 0.00047310211630247062 -0.00045145210860937364
leaf_weight=509 26 22 34 22 22 21 24 38 22 20 30 24 36
leaf_count=509 26 22 34 22 22 21 24 38 22 20 30 24 36
internal_value=5.11992e-14 0.000276336 -1.65388e-05 -0.000174285 1.68214e-05 -7.13559e-06 -4.1565e-05 -0.000183833 3.62143e-05 -2.83277e-05 -1.33305e-05 4.25186e-06 -1.63948e-05
internal_weight=850 48 802 140 662 640 118 84 46 619 599 569 545
internal_count=850 48 802 140 662 640 118 84 46 619 599 569 545
is_linear=0
shrinkage=0.3


Tree=33
num_leaves=25
num_cat=0
split_feature=18 4 18 4 28 12 17 9 16 16 0 16 20 17 4 4 7 16 18 29 19 22 13 18
split_gain=3.52346e-05 8.8784e-05 6.4877e-05 5.93979e-05 4.40463e-05 0.000149129 9.39024e-05 5.96813e-05 8.12631e-05 7.81878e-05 5.57673e-05 7.85796e-05 7.01366e-05 4.53658e-05 0.000147833 0.000139547 8.00822e-05 6.73908e-05 9.32074e-05 5.65416e-05 6.9124e-05 5.59685e-05 4.75567e-05 3.76058e-05
threshold=-0.74599526406687544 10560300.000000002 -0.62979507190333728 5666550.0000000009 1.0000000180025095e-35 0.0023699833700800256 0.0073868875789836986 0.028403683950457986 0.0018165301946878887 0.0043430889289497098 4.6542507541130673 0.0043430889289497098 0.45236650000000006 0.0031775728065777989 15351600.000000002 18131200.000000004 -1.0000000180025095e-35 0.008179951522529337 0.34783941628830412 1.5000000000000002 0.030450000000000001 0.023970000000000002 0.016562827795212742 0.11176368200343161
decision_type=2 2 2 2 2 2 2 2 2 2 2 2 2 2 2 2 2 2 2 2 2 2 2 2
left_child=1 3 -2 -1 5 6 10 13 -9 -10 11 12 -4 14 19 -16 -17 18 21 23 -21 -15 -20 -6
right_child=2 -3 4 -5 7 -7 -8 8 9 -11 -12 -13 -14 17 15 16 -18 -19 22 20 -22 -23 -24 -25
leaf_value=-0.00036419786410988306 0.00046745802883378927 -0.00067220656136441899 -0.0008941935598040403 0.00028926036078877175 -3.3111264128820041e-05 -0.00078044788921639938 0.00051689947431441394 -0.00013967090233361684 0.00093140554298853115 0.00018680992798181248 0.00017263968287958655 0.000123750674146532 -0.00012603866227436811 -0.0002927739649229417 0.0010294824622178566 -0.00029877220180683903 0.00042787403693252525 -0.0004545998422907212 -0.00050296696314365943 -0.00059196095427296316 -2.2734456138095993e-05 0.000169508849652654 -2.8313354440407628e-06 0.00047071358589164444
leaf_weight=21 28 24 23 31 40 27 25 27 22 30 36 26 20 28 24 21 39 37 44 32 48 149 28 20
leaf_count=21 28 24 23 31 40 27 25 27 22 30 36 26 20 28 24 21 39 37 44 32 48 149 28 20
internal_value=3.48604e-13 -0.000194922 1.91396e-05 2.53638e-05 2.31262e-06 -0.000138881 -5.63225e-06 3.99482e-05 0.000282584 0.000501831 -0.000130045 -0.000287967 -0.000536912 2.36352e-06 0.000103465 0.000418101 0.000173548 -7.68212e-05 -2.06854e-05 -8.53156e-05 -0.000250425 9.63794e-05 -0.00030847 0.00013483
internal_weight=850 76 774 52 746 157 130 589 79 52 105 69 43 510 224 84 60 286 249 140 80 177 72 60
internal_count=850 76 774 52 746 157 130 589 79 52 105 69 43 510 224 84 60 286 249 140 80 177 72 60
is_linear=0
shrinkage=0.3


Tree=34
num_leaves=19
num_cat=0
split_feature=8 8 22 9 9 10 17 15 17 22 6 4 15 7 17 18 21 19
split_gain=2.97528e-05 8.49155e-05 4.49396e-05 3.0902e-05 5.99204e-05 3.57941e-05 0.000101845 0.000135591 9.51071e-05 0.000125298 8.19648e-05 7.53983e-05 7.48653e-05 6.71175e-05 0.000128378 5.94281e-05 2.00528e-05 1.6221e-05
threshold=-0.041979601871761286 -0.035774747397290287 0.081910500000000011 0.041331625740182003 0.035726643097458308 0.99939653897509462 0.0012777396474041665 0.0087566007707224336 0.00059237415311971808 0.39800350000000007 -0.0019880510252249166 22042050.000000004 0.0020203224477070123 -0.0058880343395166486 0.0059055287821559504 -0.61027591309591578 0.30331750000000007 -0.041794499999999991
decision_type=2 2 2 2 2 2 2 2 2 2 2 2 2 2 2 2 2 2
left_child=2 -2 -1 4 5 8 7 -7 9 16 12 -12 -8 14 -10 -15 -3 -4
right_child=1 3 17 -5 -6 6 10 -9 13 -11 11 -13 -14 15 -16 -17 -18 -19
leaf_value=-0.00016351283687981774 -0.00052856534488065728 -7.5292909014024179e-05 0.00019620956314156501 -0.0003316256177640753 0.00052646636143435896 -0.00089372210486858257 0.00081244509987300263 -3.7156763350000033e-05 1.7254643356309163e-05 0.0010152003153052647 2.5767380508126722e-05 -0.00045470610278342162 2.6544895081315187e-05 0.00045283274489520408 -0.00076279264638807423 1.791685178578058e-05 0.00033144511471618895 0.00057829488243442027
leaf_weight=20 28 24 20 24 20 29 20 39 59 20 143 37 24 32 28 243 20 20
leaf_count=20 28 24 20 24 20 29 20 39 59 20 143 37 24 32 28 243 20 20
internal_value=7.77297e-13 -1.54681e-05 0.000203664 3.38582e-06 1.42805e-05 1.34899e-08 -8.0892e-05 -0.000402457 5.54698e-05 0.000392592 1.67258e-05 -7.29966e-05 0.000383772 -4.13184e-06 -0.000233795 6.85252e-05 0.000109588 0.000387252
internal_weight=850 790 60 762 738 718 292 68 426 64 224 180 44 362 87 275 44 40
internal_count=850 790 60 762 738 718 292 68 426 64 224 180 44 362 87 275 44 40
is_linear=0
shrinkage=0.3


Tree=35
num_leaves=19
num_cat=0
split_feature=18 10 9 20 20 10 23 5 15 22 18 6 4 4 6 26 19 4
split_gain=2.59346e-05 4.9735e-05 4.83336e-05 3.79741e-05 6.57988e-05 5.63102e-05 8.83682e-05 5.4717e-05 0.000140631 0.000121647 7.59346e-05 6.15189e-05 6.23399e-05 6.11464e-05 5.74088e-05 4.98998e-05 2.81557e-05 4.0437e-05
threshold=-0.72596197747021385 1.316178031390969 0.017269709735913435 0.93488950000000004 0.86107800000000012 2.0954384315936694 0.29166650000000005 0.0043988470416010134 0.0058881256811640272 0.48104650000000004 0.11796603117400258 -0.0094788608695550742 14206650.000000002 28943200.000000004 0.0020001428248629647 0.6013440000000001 0.8476665000000001 13907100.000000002
decision_type=2 2 2 2 2 2 2 2 2 2 2 2 2 2 2 2 2 2
left_child=1 2 -1 4 5 7 -7 8 11 10 14 12 -2 -13 -9 -12 -6 -18
right_child=3 -3 -4 -5 16 6 -8 9 -10 -11 15 13 -14 -15 -16 -17 17 -19
leaf_value=0.000281902290540669 0.0007490908139152452 -0.00057227632830745276 -0.00026146712240434305 0.00039656948479798462 -0.0005822494744734285 -5.5616561125630557e-05 0.00080474775459151717 0.00040644781320224864 0.00078896484783399503 -0.00060577166876005077 -0.00043200693913344627 -4.9058071776276583e-05 7.3916168895493675e-05 0.0004042499582784989 -0.00016181642095034474 5.301041037195578e-05 0.00011988608470267576 -0.00046337893669260664
leaf_weight=26 20 20 34 23 20 22 21 48 23 38 42 350 32 29 24 35 23 20
leaf_count=26 20 20 34 23 20 22 21 48 23 38 42 350 32 29 24 35 23 20
internal_value=-1.77416e-12 -0.000162574 -2.6007e-05 1.68908e-05 5.2006e-06 3.22223e-05 0.000364561 9.92808e-06 6.61812e-05 -0.000126644 -4.44984e-06 2.76103e-05 0.000333599 -1.43722e-05 0.000217026 -0.000211545 -0.000288178 -0.0001514
internal_weight=850 80 60 770 747 684 43 641 454 187 149 431 52 379 72 77 63 43
internal_count=850 80 60 770 747 684 43 641 454 187 149 431 52 379 72 77 63 43
is_linear=0
shrinkage=0.3


Tree=36
num_leaves=19
num_cat=0
split_feature=22 12 0 22 4 22 8 29 10 19 18 0 22 18 21 17 7 20
split_gain=2.44698e-05 5.42875e-05 6.25509e-05 4.31008e-05 0.000110782 0.000103839 5.90151e-05 5.84762e-05 5.84179e-05 5.61537e-05 3.69929e-05 6.04513e-05 8.69213e-05 7.35604e-05 5.26912e-05 7.73874e-05 5.56228e-05 4.27887e-05
threshold=0.86034200000000005 0.001395746753107546 4.5394668372703011 0.46958150000000004 23370050.000000004 0.44883250000000008 -0.019804830278481473 2.5000000000000004 0.96973152332888923 -0.22939349999999997 0.87218875749376468 3.98144369128998 0.023970000000000002 -0.46999718489075942 0.10663350000000001 0.005043051789981501 -0.0088731833945449139 0.50955250000000019
decision_type=2 2 2 2 2 2 2 2 2 2 2 2 2 2 2 2 2 2
left_child=3 2 -2 5 6 9 -5 8 -8 -1 11 12 -11 -14 15 -13 -16 -12
right_child=1 -3 -4 4 -6 -7 7 -9 -10 10 17 14 13 -15 16 -17 -18 -19
leaf_value=-0.0004751012155214663 0.00064803225201709815 -0.00023996038071345536 -5.1954744631075304e-05 -0.00041173104855847813 -0.00080023442522880424 0.00065884421234262516 0.00049581341161022215 -0.00033427079351895368 -6.450550823929541e-05 -0.0006684497933545369 -2.610029434436001e-05 -0.00031441564927566407 -0.00054079455644982354 8.402070972708217e-05 0.00042312118634452964 0.00023475019329720559 5.6912298799615726e-05 0.00058703058925207833
leaf_weight=22 27 20 20 31 21 22 33 24 34 27 20 72 22 74 43 34 283 21
leaf_count=22 27 20 20 31 21 22 33 24 34 27 20 72 22 74 43 34 283 21
internal_value=9.33142e-13 0.000174008 0.000350165 -1.48896e-05 -0.000163793 1.8381e-05 -5.42419e-05 6.75402e-05 0.000211472 -4.41863e-06 1.29556e-05 -7.35878e-06 -0.000192911 -5.91661e-05 4.54722e-05 -0.000138268 0.000105216 0.000287942
internal_weight=850 67 47 783 143 640 122 91 67 618 596 555 123 96 432 106 326 41
internal_count=850 67 47 783 143 640 122 91 67 618 596 555 123 96 432 106 326 41
is_linear=0
shrinkage=0.3


Tree=37
num_leaves=27
num_cat=0
split_feature=14 5 22 16 16 27 18 16 5 18 15 10 14 9 27 18 18 24 14 7 18 17 16 18 0 16
split_gain=2.48637e-05 6.22991e-05 7.11536e-05 3.81166e-05 5.67398e-05 5.53217e-05 0.000133866 0.00012142 0.000114239 0.000113176 8.8467e-05 8.52852e-05 4.2435e-05 6.18872e-05 5.14909e-05 7.15603e-05 9.3334e-05 7.26342e-05 6.99312e-05 4.99505e-05 5.01361e-05 4.19813e-05 4.76408e-05 3.31184e-05 4.27065e-05 2.24272e-05
threshold=0.0079130194938176173 0.0017392520238691659 0.077984500000000012 0.0040527185267529194 0.0045061897971661281 0.76174150000000018 0.59127163604698862 0.0060667345244161007 -0.0037037140929907452 0.24561394726212724 0.0017730957683756638 0.1270535704732231 0.0087642610170171123 0.0098718667688490521 0.79602850000000014 -0.069678243259612777 0.13005455453032147 0.18333350000000004 0.020516016448890294 0.0043988470416010134 0.093881159281931248 0.0020408143405365995 0.0090225466459537551 -0.76028432602580165 4.7024128034277135 0.0063648408499441776
decision_type=2 2 2 2 2 2 2 2 2 2 2 2 2 2 2 2 2 2 2 2 2 2 2 2 2 2
left_child=1 2 -1 12 -5 7 8 -6 11 -9 -8 -7 -2 -14 18 23 -17 -18 19 20 -15 25 -23 -16 -25 -10
right_child=3 -3 -4 4 5 6 10 9 21 -11 -12 -13 13 14 15 16 17 -19 -20 -21 -22 22 -24 24 -26 -27
leaf_value=0.00032228416669607642 -0.00044842341309189434 0.00055079788842704147 -0.00044150320401448488 0.00040248053495289289 0.00025821109837806942 2.670536606191573e-05 0.0001511599654414957 -0.00012162751016148831 0.00027700427124965123 -0.0010429409166681578 0.0010327755267644533 0.0007612954087089747 0.00030592635963470313 -0.00010831255326064459 -0.00033809348616549477 -0.00093253548136999591 -0.00040900380602882551 0.00014041092164750971 0.00054490122407018632 -0.00033656937740618426 0.0003970036143437028 -0.00041660262961298796 7.0707281527575109e-05 -4.0381366196535448e-05 0.00045362007554753552 -0.00010890179688761816
leaf_weight=23 26 25 21 38 32 33 21 30 23 20 20 25 39 43 21 20 63 33 22 35 30 65 25 63 21 33
leaf_count=23 26 25 21 38 32 33 21 30 23 20 20 25 39 43 21 20 63 33 22 35 30 65 25 63 21 33
internal_value=-3.29184e-13 0.000172622 -4.22507e-05 -1.52509e-05 5.55034e-05 1.51819e-05 8.65689e-05 -0.000198108 -1.28455e-05 -0.000490153 0.000581216 0.000343339 -7.73309e-05 -5.25914e-05 -9.24268e-05 -0.000180554 -0.000342969 -0.000220142 5.7389e-05 -4.19191e-05 9.93516e-05 -0.000154343 -0.000281239 -1.1235e-06 8.3119e-05 4.95953e-05
internal_weight=850 69 44 781 365 327 245 82 204 50 41 58 416 390 351 221 116 96 130 108 73 146 90 105 84 56
internal_count=850 69 44 781 365 327 245 82 204 50 41 58 416 390 351 221 116 96 130 108 73 146 90 105 84 56
is_linear=0
shrinkage=0.3


Tree=38
num_leaves=21
num_cat=0
split_feature=4 15 2 10 4 20 10 10 14 18 14 20 15 9 16 21 22 17 17 0
split_gain=2.47351e-05 4.90934e-05 3.07987e-05 2.33735e-05 9.22795e-05 0.000123097 9.68189e-05 6.18317e-05 8.76212e-05 0.000103442 5.67327e-05 8.73604e-05 6.25794e-05 5.74976e-05 6.70274e-05 5.79949e-05 4.70817e-05 4.20589e-05 4.45629e-05 3.83967e-05
threshold=42709300.000000007 0.023476416281866839 6.9525371010656221 0.99939653897509462 22042050.000000004 0.45236650000000006 1.0881955966971504 0.57852318078387022 0.01034485848706815 0.24274931170956912 0.011928465261787802 0.33147350000000003 -0.0019066231054834005 0.014430094053506428 0.0018518500530833868 0.22762700000000002 0.040646000000000009 0.008890314629435148 0.004447719657096073 4.2981706033932321
decision_type=2 2 2 2 2 2 2 2 2 2 2 2 2 2 2 2 2 2 2 2
left_child=1 2 3 7 6 -6 -5 10 -9 16 11 19 -13 15 -15 -12 -10 18 -8 -1
right_child=-2 -3 -4 4 5 -7 17 8 9 -11 13 12 -14 14 -16 -17 -18 -19 -20 -21
leaf_value=-0.00071928139077499505 -0.00032154109004685387 0.00046099207413915013 0.00036402173849637616 -0.00060813868693995483 -0.0010303948360001413 -3.1853503547608851e-05 0.00010816246611765938 0.00075556555662346491 0.00027585106176307558 0.0005912590380628696 -0.00031123777113608697 0.00039537955261766908 -0.00020682894647484871 0.00062463489353831387 8.0448181996127288e-05 9.1656891334637559e-05 -0.00026104327463928931 0.0004666837341574137 -0.00019381857388137946 -0.00019036994583854851
leaf_weight=30 21 21 20 22 20 25 136 22 21 27 61 25 41 25 110 68 49 20 65 21
leaf_count=30 21 21 20 22 20 25 136 22 21 27 61 25 41 25 110 68 49 20 65 21
internal_value=-8.77569e-13 8.14519e-06 -3.62435e-06 -1.29555e-05 -8.10338e-05 -0.00047565 -7.95674e-06 2.62576e-05 0.000215027 9.24304e-05 -3.27018e-05 -0.000206596 2.12803e-05 4.43649e-05 0.000181223 -9.88592e-05 -9.9975e-05 5.17899e-05 1.05069e-05 -0.000501494
internal_weight=850 829 808 788 288 45 243 500 119 97 381 117 66 264 135 129 70 221 201 51
internal_count=850 829 808 788 288 45 243 500 119 97 381 117 66 264 135 129 70 221 201 51
is_linear=0
shrinkage=0.3


Tree=39
num_leaves=14
num_cat=0
split_feature=22 20 22 16 16 6 14 4 14 0 14 27 17
split_gain=2.2577e-05 3.16394e-05 4.17683e-05 2.62075e-05 6.93198e-05 6.72871e-05 3.8568e-05 7.43684e-05 9.50811e-05 5.1634e-05 3.2528e-05 2.57197e-05 4.75432e-05
threshold=0.9564680000000001 0.020379500000000005 0.86034200000000005 0.0073733653630381479 0.0069626336155175295 -0.0039215126240647871 0.032528367278384464 26119550.000000004 0.014719409799076986 6.0812584727266055 0.021409481077591899 0.75432050000000006 0.0030097806332457658
decision_type=2 2 2 2 2 2 2 2 2 2 2 2 2
left_child=1 -1 3 4 6 10 7 9 -9 -3 -5 -7 -13
right_child=-2 2 -4 5 -6 11 -8 8 -10 -11 -12 12 -14
leaf_value=-0.00036310529555769541 0.00029317951386632478 -9.8707355885399938e-06 0.00035503801009326705 4.2957990906590839e-05 -0.00057301677775935137 -2.6439708848816476e-05 -0.00040891022072173653 0.00085362066834932188 -6.0356960914629906e-05 -0.00039139892831050984 -0.00045904027034079524 9.7541271216786382e-05 0.00060302388943348298
leaf_weight=22 23 523 29 26 21 21 22 20 21 34 21 33 34
leaf_count=22 23 523 29 26 21 21 22 20 21 34 21 33 34
internal_value=-1.50067e-12 -8.15372e-06 1.54682e-06 -1.16636e-05 -3.69648e-05 0.00010847 -1.88082e-05 -4.45659e-06 0.000385486 -3.31597e-05 -0.000181339 0.000263255 0.000354055
internal_weight=850 827 805 776 641 135 620 598 41 557 47 88 67
internal_count=850 827 805 776 641 135 620 598 41 557 47 88 67
is_linear=0
shrinkage=0.3


Tree=40
num_leaves=29
num_cat=0
split_feature=20 15 27 12 5 22 20 14 12 15 20 6 5 22 27 12 27 9 8 12 5 4 29 8 20 21 26 0
split_gain=1.69717e-05 6.06518e-05 6.1839e-05 9.92422e-05 5.58732e-05 6.00906e-05 5.17713e-05 4.79869e-05 3.64069e-05 3.96651e-05 9.91284e-05 5.117e-05 6.68247e-05 4.70313e-05 5.99212e-05 5.13239e-05 4.36386e-05 3.91696e-05 4.70863e-05 3.68734e-05 5.30934e-05 3.67733e-05 3.13624e-05 2.92863e-05 2.76169e-05 2.55036e-05 1.93198e-05 1.03137e-05
threshold=0.13478100000000001 1.0000000180025095e-35 0.86676350000000013 -0.0022852036292966811 1.0000000180025095e-35 0.9100950000000001 0.17852750000000003 0.010968954935922903 -0.0057864727238049031 0.0086207019694488456 0.34399350000000006 -0.0014260614003143582 0.0072077711531038525 0.26918500000000006 0.8342790000000001 -0.00019964345283545617 0.91028400000000009 0.028835513979042451 0.01040767384034832 0.0033517829210488862 0.0093786419242058213 10130050.000000002 1.5000000000000002 -0.012033704633335206 0.037961000000000002 0.17434400000000003 0.073491500000000015 4.6703559512185917
decision_type=2 2 2 2 2 2 2 2 2 2 2 2 2 2 2 2 2 2 2 2 2 2 2 2 2 2 2 2
left_child=1 2 23 -4 -3 22 -2 -5 -8 11 -11 13 17 14 15 -10 -16 18 -13 20 -12 -15 26 -1 -9 -22 -6 -25
right_child=6 4 3 7 5 -7 8 24 9 10 19 12 -14 21 16 -17 -18 -19 -20 -21 25 -23 -24 27 -26 -27 -28 -29
leaf_value=-0.00014679680520885086 -0.00039341844567388759 0.0006734006979513651 0.0003398108225415594 -0.00078346124999890368 0.00022581701869057723 -0.00032848594164534004 -0.00036039643074036571 -1.5302672909456306e-05 0.00049067807529354465 -0.00073329854286774724 -0.00028304239535827943 0.00020944550077014616 0.00056166633448497276 -9.012726285701236e-05 -0.00055697744714312391 -7.9454444090111393e-05 6.2212793363869426e-05 0.0004128256714985972 -8.0067564592505144e-05 -0.00034049950045300648 0.00045856108511846589 -0.00065219150688790241 2.455804115643018e-05 0.00044301172830663353 -0.00049262798152994948 3.8055176177294928e-05 0.00064280430156486539 0.00016034145855183641
leaf_weight=20 33 21 21 21 20 20 25 24 30 21 24 84 29 22 21 27 20 28 127 24 27 20 29 21 20 25 20 26
leaf_count=20 33 21 21 21 20 20 25 24 30 21 24 84 29 22 21 27 20 28 127 24 27 20 29 21 20 25 20 26
internal_value=9.34105e-13 6.33308e-05 -5.88255e-05 -0.000227168 0.000233239 0.000129381 -2.83748e-05 -0.000410346 -6.63033e-06 1.00883e-05 -0.000140758 5.48246e-05 0.000131613 -9.21702e-05 2.16612e-05 0.000220615 -0.000254933 7.94308e-05 3.51888e-05 -1.63248e-05 8.60462e-05 -0.000357777 0.000262096 0.000157257 -0.000232269 0.000256395 0.000434311 0.000286641
internal_weight=850 263 153 86 110 89 587 65 554 529 121 408 268 140 98 57 41 239 211 100 76 42 69 67 44 52 40 47
internal_count=850 263 153 86 110 89 587 65 554 529 121 408 268 140 98 57 41 239 211 100 76 42 69 67 44 52 40 47
is_linear=0
shrinkage=0.3


Tree=41
num_leaves=17
num_cat=0
split_feature=6 14 13 4 8 27 13 14 22 22 13 12 4 20 16 10
split_gain=1.99471e-05 7.91971e-05 4.73443e-05 5.71676e-05 4.55333e-05 3.46703e-05 5.7256e-05 5.06242e-05 6.40398e-05 0.000102809 4.22164e-05 4.03641e-05 4.31829e-05 3.49601e-05 3.28489e-05 2.67507e-05
threshold=-0.0064569259931427153 0.010020118525631111 0.016925539124106704 18444800.000000004 -0.011375478974061442 0.94886950000000014 0.022296086331710398 0.029027587038522575 0.48214450000000003 0.52773100000000006 0.019751448628206436 0.00031579217173138477 6344500.0000000009 0.069216000000000014 0.0037037001061668833 -0.58512089801962763
decision_type=2 2 2 2 2 2 2 2 2 2 2 2 2 2 2 2
left_child=1 -1 3 -3 -4 6 7 8 10 -10 11 15 -13 -11 -6 -2
right_child=5 2 4 -5 14 -7 -8 -9 9 13 -12 12 -14 -15 -16 -17
leaf_value=0.00062290153602423902 3.9542840307989575e-05 -0.00042388959806172546 0.00043939312149063878 0.00017061421167454682 0.00028742214718866828 0.00025155129786491251 -0.00040203975332661759 0.00035581677399140087 -0.00084912378523378199 -0.00031221320565756676 0.00033955160149616858 -0.00026889013409215425 0.00013115957506812026 0.00010335590802098618 -0.0001871823178121953 -0.00017472019184984114
leaf_weight=22 79 37 32 24 21 39 37 31 21 35 32 28 183 38 35 156
leaf_count=22 79 37 32 24 21 39 37 31 21 35 32 28 183 38 35 156
internal_value=4.00525e-13 9.15773e-05 1.31268e-05 -0.000189986 0.000153921 -2.30629e-05 -3.97972e-05 -1.75701e-05 -3.78061e-05 -0.000264165 6.70808e-06 -1.71731e-05 7.80724e-05 -9.58896e-05 -9.20564e-06 -0.000102691
internal_weight=850 171 149 61 88 679 640 603 572 94 478 446 211 73 56 235
internal_count=850 171 149 61 88 679 640 603 572 94 478 446 211 73 56 235
is_linear=0
shrinkage=0.3


Tree=42
num_leaves=16
num_cat=0
split_feature=16 17 17 6 4 15 19 27 4 12 20 20 4 12 10
split_gain=1.84687e-05 3.65584e-05 6.69654e-05 3.43106e-05 3.09186e-05 3.78507e-05 8.18602e-05 3.62802e-05 3.59123e-05 3.5197e-05 2.78534e-05 3.04063e-05 4.84198e-05 1.69564e-05 3.40991e-05
threshold=1.0000000180025095e-35 0.0039486673625722408 0.0022471353872550131 0.0019398849651730014 37531850.000000007 0.010871017042149116 -0.021869499999999997 0.83271200000000012 29678450.000000004 -0.0057864727238049031 0.020379500000000005 0.036178500000000009 24345150.000000004 -0.0012906839171580736 0.94063165048816899
decision_type=2 2 2 2 2 2 2 2 2 2 2 2 2 2 2
left_child=1 2 3 -1 5 8 -7 -8 9 -2 -11 -12 -13 -3 -15
right_child=4 13 -4 -5 -6 6 7 -9 -10 10 11 12 -14 14 -16
leaf_value=0.0002440227922224122 -0.00033087943371746013 -0.00014826711034402252 -0.0006224824274088152 -0.00026068512080301947 0.00035648208536258607 0.00062792572619703912 -0.00025898977215143128 0.00020992372580870075 -0.00039414400426639157 -0.00028227771718876383 0.00036001120979562985 -7.579555342590843e-06 0.00044830418377056377 0.00035724626177398023 -8.4675330435857169e-05
leaf_weight=22 28 30 27 27 24 27 27 33 22 27 24 447 22 30 33
leaf_count=22 28 30 27 27 24 27 27 33 22 27 24 447 22 30 33
internal_value=-8.66855e-13 -8.87688e-05 -0.000243119 -3.40816e-05 2.20293e-05 9.81182e-06 0.000194124 -1.08735e-06 -1.832e-05 -3.23216e-06 1.44104e-05 3.0659e-05 1.38052e-05 3.73665e-05 0.000125764
internal_weight=850 169 76 49 681 657 87 60 570 548 520 493 469 93 63
internal_count=850 169 76 49 681 657 87 60 570 548 520 493 469 93 63
is_linear=0
shrinkage=0.3


Tree=43
num_leaves=23
num_cat=0
split_feature=10 10 5 5 1 15 27 26 13 13 6 16 19 22 14 16 27 20 13 20 27 13
split_gain=2.21777e-05 3.75318e-05 2.32535e-05 6.91638e-05 3.79368e-05 3.63015e-05 5.45974e-05 4.67923e-05 4.05835e-05 5.04219e-05 8.50258e-05 0.000115081 5.89771e-05 4.94219e-05 3.3664e-05 3.00225e-05 2.92752e-05 2.86809e-05 2.32758e-05 2.61612e-05 2.17229e-05 2.4356e-05
threshold=2.4272884762833402 2.0954384315936694 0.0056350488097573299 0.0070297882650515705 4.0089289274346305 0.0034843173735210177 0.87351800000000013 0.43861100000000003 0.013227324499894498 0.014926889929334707 0.001719710632088032 0.0040527185267529194 0.73062300000000013 0.17307750000000002 0.020731311311660307 0.0040527185267529194 0.72705000000000009 0.91791550000000011 0.019796731738479543 0.45236650000000006 0.79566700000000012 0.0119999949977298
decision_type=2 2 2 2 2 2 2 2 2 2 2 2 2 2 2 2 2 2 2 2 2 2
left_child=1 2 5 -4 14 8 7 -7 20 10 11 -10 15 -12 -5 -11 -6 -14 19 -18 -1 -22
right_child=-2 -3 3 4 16 6 -8 -9 9 12 13 -13 17 -15 -16 -17 18 -19 -20 -21 21 -23
leaf_value=8.2058296513799895e-06 -0.00028428512644325111 0.00033766235857910941 -0.00048854040059350984 -0.00053371138622294108 0.00037763164732909486 -0.00031834477304073513 0.00046903658764606981 0.0002690851782132925 -0.00099113809499059517 -1.8103386147148822e-05 0.00042520952953509547 -9.2546914499413605e-05 -0.00050805112494764699 -0.00022638774032450533 1.0128928461199393e-05 0.00017771182919670714 0.00024325181311280353 -3.0197607957234139e-05 -0.00028562351633029589 -7.722619603345475e-05 0.00011053650560455707 0.00057312155009380406
leaf_weight=29 24 30 33 21 22 23 39 26 23 165 20 29 26 22 20 123 41 20 21 52 20 21
leaf_count=29 24 30 33 21 22 23 39 26 23 165 20 29 26 22 20 123 41 20 21 52 20 21
internal_value=5.49489e-13 8.2601e-06 -4.15456e-06 -8.98087e-05 -1.54689e-05 2.65406e-05 0.000204167 -6.64725e-06 -4.84721e-06 -3.94817e-05 -0.000233578 -0.000490001 1.51444e-05 8.38967e-05 -0.000268423 6.5526e-05 6.07894e-05 -0.000300289 -3.55541e-07 6.40598e-05 0.000206918 0.00034747
internal_weight=850 826 796 210 177 586 88 49 498 428 94 52 334 42 41 288 136 46 114 93 70 41
internal_count=850 826 796 210 177 586 88 49 498 428 94 52 334 42 41 288 136 46 114 93 70 41
is_linear=0
shrinkage=0.3


Tree=44
num_leaves=21
num_cat=0
split_feature=6 27 26 26 22 22 8 27 10 1 20 10 7 7 4 2 23 6 18 0
split_gain=1.65807e-05 4.64657e-05 3.24363e-05 2.93803e-05 2.92796e-05 5.70216e-05 2.8828e-05 2.82643e-05 2.35714e-05 4.27261e-05 2.34144e-05 2.02905e-05 1.78753e-05 4.49534e-05 1.85981e-05 3.10426e-05 2.71761e-05 1.77369e-05 1.85052e-05 8.68904e-06
threshold=0.0054695932710537342 0.60240450000000012 0.69697200000000004 0.92998350000000019 0.29468150000000004 0.19973000000000005 -0.020197879450497856 0.54319200000000012 1.6133123609869138 4.7391192065918775 0.26081650000000006 1.316178031390969 0.018852162875171642 0.011881406800688223 6224950.0000000009 3.5667533523495556 0.29166650000000005 0.0091256081177024124 -0.22256833167651732 4.4851519770094876
decision_type=2 2 2 2 2 2 2 2 2 2 2 2 2 2 2 2 2 2 2 2
left_child=3 -2 4 7 5 17 -4 -1 12 -10 -6 -8 13 14 16 -16 -9 -3 -19 -13
right_child=1 2 6 -5 10 -7 11 8 9 -11 -12 19 -14 -15 15 -17 -18 18 -20 -21
leaf_value=0.000307051458055087 -0.00050224024282215392 0.00027677920148562408 -0.00047948016182999711 0.00033364390559048233 5.8282649427253214e-05 -0.00046103761934708536 8.6083090659608505e-05 0.00012226836509398708 0.00010405333614471601 -0.00043707594966941411 0.00051183763796871053 -9.1186663342776464e-05 -0.00022819352046644779 0.00036956421863578722 0.00032279869454214348 4.336730084043439e-06 -0.00031610764386381821 0.00020852266658039298 -0.00016402143555751535 -0.00036155909769149727
leaf_weight=28 20 30 20 27 21 21 37 20 24 29 20 23 25 33 30 337 35 20 30 20
leaf_count=28 20 30 20 27 21 21 37 20 24 29 20 23 25 33 30 337 35 20 30 20
internal_value=-7.06758e-13 -6.27699e-05 -2.64501e-05 2.79689e-05 6.57189e-05 -2.10753e-05 -0.00015733 1.32573e-05 -2.17655e-06 -0.000192036 0.000279529 -7.67925e-05 1.87871e-05 3.23575e-05 5.98824e-06 3.0369e-05 -0.000156698 9.44148e-05 -1.50038e-05 -0.000216941
internal_weight=850 262 242 588 142 101 100 561 533 53 41 80 480 455 422 367 55 80 50 43
internal_count=850 262 242 588 142 101 100 561 533 53 41 80 480 455 422 367 55 80 50 43
is_linear=0
shrinkage=0.3


Tree=45
num_leaves=20
num_cat=0
split_feature=8 22 10 27 27 10 18 18 7 13 10 5 8 14 18 18 5 19 17
split_gain=1.77434e-05 1.93734e-05 1.88469e-05 4.28292e-05 3.00481e-05 3.46219e-05 4.04474e-05 5.70498e-05 2.96321e-05 4.91121e-05 4.53203e-05 3.29652e-05 2.96658e-05 3.42397e-05 2.60004e-05 2.81188e-05 3.63905e-05 2.0255e-05 8.71801e-06
threshold=-0.041979601871761286 0.081910500000000011 0.11900674859048577 0.94628400000000013 0.94886950000000014 0.31339802774970649 0.52438177149806298 0.7960825998636204 0.0046968227394180813 0.017349079092967842 -0.074893649049946581 0.0044328936750714885 -0.028022857203736137 0.014719409799076986 0.39978052992524699 0.34255333836399121 0.0052726518383356532 0.44340750000000007 0.0036866355927314457
decision_type=2 2 2 2 2 2 2 2 2 2 2 2 2 2 2 2 2 2 2
left_child=1 -1 3 8 5 -4 14 -8 10 -10 11 12 -2 -14 15 16 -7 -9 -3
right_child=2 18 4 -5 -6 6 7 17 9 -11 -12 -13 13 -15 -16 -17 -18 -19 -20
leaf_value=-8.3803327761415851e-05 -9.6603267630943553e-05 0.00013776323743513785 0.00030609327641286651 -0.0004713618387620005 0.0003469374466476438 -5.0661122942496544e-05 -0.00053064373778104179 -0.00020750097360827826 -0.00053033855043885031 4.2255261714022444e-05 -0.00038837088385272573 -0.0001788915883232469 0.00044425703999877441 5.1236714295411822e-05 0.00031682769706821998 -0.00034524364567914742 0.00014372369397673375 0.0002044077249758464 0.00041787414082989467
leaf_weight=20 29 20 32 23 24 239 31 21 26 28 21 33 42 38 25 20 136 22 20
leaf_count=20 29 20 32 23 24 239 31 21 26 28 21 33 42 38 25 20 136 22 20
internal_value=-5.53682e-13 0.000157278 -1.19452e-05 -8.20912e-05 1.8664e-05 3.68576e-06 -1.59034e-05 -0.000220412 -4.08321e-05 -0.000233438 2.2976e-05 8.3809e-05 0.000163342 0.000257572 2.01291e-05 1.35074e-06 1.98358e-05 3.24301e-06 0.000277819
internal_weight=850 60 790 240 550 526 494 74 217 54 163 142 109 80 420 395 375 43 40
internal_count=850 60 790 240 550 526 494 74 217 54 163 142 109 80 420 395 375 43 40
is_linear=0
shrinkage=0.3


Tree=46
num_leaves=22
num_cat=0
split_feature=8 12 8 12 16 16 16 13 4 7 11 19 0 1 16 27 14 7 9 9 5
split_gain=1.44784e-05 4.49022e-05 2.43248e-05 1.62317e-05 3.76895e-05 3.7377e-05 4.52167e-05 5.92851e-05 5.72789e-05 5.55164e-05 3.47143e-05 3.69565e-05 3.56038e-05 3.20239e-05 3.09631e-05 2.5876e-05 2.32153e-05 2.27397e-05 2.26489e-05 1.47598e-05 1.22769e-05
threshold=0.089113417298708836 0.0048311777832773951 0.081300349673998337 -0.00054866272270454942 0.01100251487495032 0.0083626135687504214 0.0052128158158807267 0.017396123469013983 23903350.000000004 -1.0000000180025095e-35 42.722904603335685 0.48645700000000003 4.47838337565637 3.4668260088485021 0.0036210285546906151 0.92847550000000012 0.015682864780358019 0.0017985977492754937 0.022108809663159319 0.014527509195080524 -0.0073083334599296258
decision_type=2 2 2 2 2 2 2 2 2 2 2 2 2 2 2 2 2 2 2 2 2
left_child=2 -2 3 4 10 6 8 9 13 -8 16 15 -13 -5 -15 18 17 -1 -12 -7 -18
right_child=1 -3 -4 5 -6 19 7 -9 -10 -11 11 12 -14 14 -16 -17 20 -19 -20 -21 -22
leaf_value=-0.00020330616581794365 0.00043835372978355737 -0.00014246667361357654 -0.00032819994667079296 0.00041426793410209939 0.00032251649298932928 -3.8660671634715982e-05 -0.00029592608739871398 0.00063883652989689974 -0.00047702892450615761 0.00031478450424352505 1.9214680385809263e-05 -0.00065757997330034748 -0.00014344859987937121 8.2702114502453128e-05 -0.00015037212233957168 -0.00038935037155169995 4.5980907725606808e-05 0.00018390458507155924 -0.00029959822004457239 -0.00039104570441059362 0.00033604849263140527
leaf_weight=39 25 23 21 20 23 20 21 26 20 37 122 22 27 192 70 21 24 21 24 23 29
leaf_count=39 25 23 21 20 23 20 21 26 20 37 122 22 27 192 70 21 24 21 24 23 29
internal_value=-8.2657e-15 0.000160044 -9.57869e-06 -1.01141e-06 -4.87571e-05 3.81646e-05 6.77199e-05 0.000262409 1.3568e-05 9.36652e-05 -7.47124e-05 -0.000145196 -0.000374283 4.83621e-05 2.04304e-05 -7.79792e-05 6.00177e-05 -6.77824e-05 -3.31929e-05 -0.000227146 0.000204697
internal_weight=850 48 802 781 352 429 386 84 302 58 329 216 49 282 262 167 113 60 146 43 53
internal_count=850 48 802 781 352 429 386 84 302 58 329 216 49 282 262 167 113 60 146 43 53
is_linear=0
shrinkage=0.3


Tree=47
num_leaves=11
num_cat=0
split_feature=4 15 0 3 0 18 13 18 27 9
split_gain=1.27371e-05 1.82997e-05 1.64331e-05 2.14272e-05 3.69833e-05 2.01581e-05 6.22923e-05 3.3088e-05 2.92588e-05 2.45955e-05
threshold=42709300.000000007 0.023476416281866839 3.1891794738638519 3.4030426740646367 3.451817952874523 0.75516894031771431 0.018433275000508866 0.59127163604698862 0.9541535000000001 0.014832095593918798
decision_type=2 2 2 2 2 2 2 2 2 2
left_child=1 2 -1 -4 -5 7 9 8 -6 -7
right_child=-2 -3 3 4 5 6 -8 -9 -10 -11
leaf_value=-0.00025706736928854791 -0.00023073580003775922 0.00028232366135593368 0.00026843955476781251 -0.00037813443572225008 2.0574962345381209e-05 0.0002927713020471856 -0.00059128077825334915 0.00033671755242314 -0.00034804097369487867 -0.00016689957266697257
leaf_weight=22 21 21 27 23 625 20 20 29 20 22
leaf_count=22 21 21 27 23 625 20 20 29 20 22
internal_value=-2.23655e-13 5.84494e-06 -1.34077e-06 5.81697e-06 -3.52534e-06 8.1812e-06 -0.000155516 2.32394e-05 9.14501e-06 5.19913e-05
internal_weight=850 829 808 786 759 736 62 674 645 42
internal_count=850 829 808 786 759 736 62 674 645 42
is_linear=0
shrinkage=0.3


Tree=48
num_leaves=25
num_cat=0
split_feature=19 4 8 14 16 22 22 1 18 27 27 4 12 4 19 24 8 6 13 9 18 4 16 0
split_gain=1.45952e-05 2.57788e-05 3.3989e-05 2.86128e-05 3.02483e-05 2.0497e-05 6.4038e-05 1.72653e-05 1.60789e-05 1.57206e-05 3.07885e-05 2.73377e-05 3.1259e-05 3.23964e-05 3.11967e-05 2.48937e-05 2.11291e-05 2.05803e-05 1.69024e-05 2.24006e-05 2.96946e-05 1.62505e-05 4.04574e-05 1.8521e-05
threshold=-0.41768299999999997 7476350.0000000009 0.052487911559635551 0.013351306044071382 0.0059171068945666075 0.48214450000000003 0.51652650000000011 6.1652903558422292 0.082898535723398906 0.89180700000000013 0.89978550000000002 8652400.0000000019 -0.0028895263217223344 11339450.000000002 0.50757650000000021 1.0000000180025095e-35 0.052715639558088979 -0.0019588262866077713 0.014326028579975262 0.012484504705880976 -0.17482453316113802 6344500.0000000009 0.0039721946986121517 4.2213311879815221
decision_type=2 2 2 2 2 2 2 2 2 2 2 2 2 2 2 2 2 2 2 2 2 2 2 2
left_child=1 -1 3 -3 -5 7 -7 9 -9 11 -11 14 17 15 21 -14 -15 -13 -12 -20 -21 22 -2 -23
right_child=5 2 -4 4 -6 6 -8 8 -10 10 18 12 13 16 -16 -17 -18 -19 19 20 -22 23 -24 -25
leaf_value=-0.00016688058558743092 -0.00033499641627153878 -0.00017107510353525868 0.00048508978745138103 0.00037259308774082454 -3.7926347431493923e-05 -0.00054108766803983601 0.00014497301890514791 0.00031043238967209491 -2.968083149012686e-05 -0.00044556823348102621 0.00015206144038529599 -7.4602908508885379e-05 -0.00026447550254057493 0.00013015360512873254 0.00038792938714557809 0.00012453318558982573 -0.00010006335876229913 -0.00049982353348241302 0.00015805560251465068 -0.0003852515948217063 -3.5343815184676025e-05 0.0002988292133192193 0.0002325446089412253 -3.9731065855728676e-05
leaf_weight=29 26 30 22 35 30 25 24 29 22 20 30 21 57 134 31 20 49 20 24 35 58 33 20 26
leaf_count=29 26 30 22 35 30 25 24 29 22 20 30 21 57 134 31 20 49 20 24 35 58 33 20 26
internal_value=6.84529e-14 8.6323e-05 0.000149083 7.12707e-05 0.000183123 -1.79022e-05 -0.000205058 -3.90124e-06 0.000163717 -1.80544e-05 -9.63469e-05 1.18651e-05 -3.85717e-05 -1.80621e-07 0.000123494 -0.000163434 6.85108e-05 -0.000282028 -4.88338e-05 -0.000100345 -0.00016703 4.54223e-05 -8.82394e-05 0.000149633
internal_weight=850 146 117 95 65 704 49 655 51 604 167 437 301 260 136 77 183 41 147 117 93 105 46 59
internal_count=850 146 117 95 65 704 49 655 51 604 167 437 301 260 136 77 183 41 147 117 93 105 46 59
is_linear=0
shrinkage=0.3


Tree=49
num_leaves=21
num_cat=0
split_feature=17 15 4 7 7 8 5 7 7 13 4 11 8 3 22 15 0 7 26 27
split_gain=1.30308e-05 1.344e-05 4.29068e-05 3.31707e-05 7.0465e-05 3.0965e-05 2.99105e-05 2.79584e-05 4.26449e-05 3.73414e-05 2.7676e-05 2.61235e-05 3.15654e-05 3.1213e-05 6.06335e-05 3.43992e-05 2.5587e-05 1.74245e-05 1.4448e-05 1.13285e-05
threshold=0.013913096273946541 -0.0013085073674187493 20549000.000000004 -0.012026734787658635 -0.0088731833945449139 0.0080447555816085311 0.0069205356325528463 -0.012026734787658635 -0.0088439266464408039 0.019558410802887966 6344500.0000000009 42.476463006235399 0.0036901690138327731 4.4172010421752939 0.45555100000000009 1.0000000180025095e-35 4.6461988559513649 -0.0017528754930017968 0.62978300000000009 0.8353695000000001
decision_type=2 2 2 2 2 2 2 2 2 2 2 2 2 2 2 2 2 2 2 2
left_child=1 2 7 6 -5 -4 -3 -1 -9 10 -10 18 17 14 -14 -15 -12 -13 -6 -19
right_child=-2 3 5 4 11 -7 -8 8 9 -11 16 12 13 15 -16 -17 -18 19 -20 -21
leaf_value=0.00030725325077582963 -0.00023928863349283346 -6.802389709491762e-05 3.0045003950363024e-05 0.00055054580290743612 4.2492845119233932e-05 0.00043938108932567189 -0.00054165768604434554 -0.00042090402851539214 0.00036202113178265079 -0.00032977327646221966 -6.5311952026831933e-05 -0.00045461417433795178 -5.9398246958153325e-06 -0.00045767874627407372 0.00049812678343086087 -4.5927741705327204e-05 0.00018335499981832171 3.3803456296612109e-05 0.00035450297943126236 -0.00025348764048203519
leaf_weight=24 20 30 29 20 34 39 20 23 23 26 120 22 105 21 27 140 54 21 22 30
leaf_count=24 20 30 29 20 34 39 20 23 23 26 120 22 105 21 27 140 54 21 22 30
internal_value=1.98216e-13 5.76599e-06 5.18242e-05 -2.58756e-05 3.23697e-07 0.000264811 -0.000257477 -1.81703e-06 -3.19702e-05 8.14402e-06 5.27422e-05 -2.57532e-05 -5.49499e-05 -1.0974e-05 9.71647e-05 -9.96344e-05 1.18606e-05 -0.000231456 0.000165068 -0.000135191
internal_weight=850 830 338 492 442 68 50 270 246 223 197 422 366 293 132 161 174 73 56 51
internal_count=850 830 338 492 442 68 50 270 246 223 197 422 366 293 132 161 174 73 56 51
is_linear=0
shrinkage=0.3


Tree=50
num_leaves=17
num_cat=0
split_feature=20 26 26 8 2 9 18 7 9 16 20 20 11 16 16 18
split_gain=1.04094e-05 1.49954e-05 1.87072e-05 3.37384e-05 1.83847e-05 3.20556e-05 4.16558e-05 3.17812e-05 3.09911e-05 2.90592e-05 2.45197e-05 2.41874e-05 3.45267e-05 4.45876e-05 1.8376e-05 9.84524e-06
threshold=0.014263000000000003 0.93250350000000015 0.89599300000000015 0.0383154399393262 3.9540802067945173 0.030569089695194219 0.12265856026077097 0.0080793210457435448 0.028403683950457986 0.011907114261920879 0.3047990000000001 0.085122500000000018 39.433889382092623 0.0040080601728386895 0.0042105747064539898 1.0000000180025095e-35
decision_type=2 2 2 2 2 2 2 2 2 2 2 2 2 2 2 2
left_child=-1 2 4 15 7 8 -7 11 9 10 -6 -2 -13 -14 -9 -4
right_child=1 -3 3 -5 5 6 -8 14 -10 -11 -12 12 13 -15 -16 -17
leaf_value=0.00021386900109064298 0.00029335636822257324 -0.00022505974888594612 -0.00014453214615059551 0.00048151799855986608 -9.0129251157225663e-05 -2.0885320322122425e-05 -0.00060175671728757152 0.00049218129186721687 0.00033325684443380769 -0.00038485972281705473 4.4512634727699752e-05 0.00029249376959342041 -0.00039038077998525663 5.6450635394288511e-05 9.4856607756810266e-05 0.00015313746054744113
leaf_weight=20 21 27 20 20 221 25 20 22 22 20 271 20 37 44 20 20
leaf_count=20 21 27 20 20 221 25 20 22 22 20 271 20 37 44 20 20
internal_value=1.55925e-13 -5.15347e-06 2.24064e-06 0.000163374 -1.07715e-05 -3.58868e-05 -0.00027905 7.78977e-05 -1.53955e-05 -3.03766e-05 -1.59667e-05 4.10641e-07 -6.04989e-05 -0.000147658 0.000302979 4.30266e-06
internal_weight=850 830 803 60 743 579 45 164 534 512 492 122 101 81 42 40
internal_count=850 830 803 60 743 579 45 164 534 512 492 122 101 81 42 40
is_linear=0
shrinkage=0.3


Tree=51
num_leaves=31
num_cat=0
split_feature=7 7 5 14 21 26 17 9 28 18 5 9 12 7 16 21 12 13 8 2 10 8 17 20 12 20 16 4 19 7
split_gain=9.98665e-06 4.24335e-05 2.27933e-05 3.454e-05 2.25645e-05 3.21417e-05 2.20133e-05 2.96804e-05 4.65493e-05 4.47852e-05 2.93381e-05 4.33768e-05 2.73047e-05 2.55057e-05 2.29019e-05 2.70965e-05 2.71257e-05 1.95879e-05 1.93155e-05 1.91774e-05 1.77423e-05 1.67023e-05 1.6101e-05 1.50266e-05 2.7926e-05 2.47127e-05 2.61439e-05 1.77646e-05 1.47008e-05 1.15987e-05
threshold=0.0054994795043206259 0.0071048227343272485 0.01512369876031351 0.021518189960046709 0.041183000000000004 0.81867750000000006 0.0036866355927314457 0.014129333788528228 1.0000000180025095e-35 0.46102429875900003 -0.0019588262866077713 0.019441123808733005 0.00031579217173138477 0.0039643125692368332 0.0014460965044390292 0.28593450000000004 -0.00061108744287512097 0.014926889929334707 -0.0038498675367917953 3.7949193600659004 1.7390649788720864 0.059989203970216627 0.0018587406690632113 0.23289000000000001 -2.2489716463479061e-05 0.13239650000000003 0.003007515885668412 11950900.000000002 0.25635700000000006 -0.0047990168494294961
decision_type=2 2 2 2 2 2 2 2 2 2 2 2 2 2 2 2 2 2 2 2 2 2 2 2 2 2 2 2 2 2
left_child=6 18 3 4 -3 20 7 9 -9 14 11 -10 -12 19 -1 17 -17 -16 -2 29 22 23 -6 25 27 26 -21 -25 -14 -8
right_child=1 2 -4 -5 5 -7 13 8 10 -11 12 -13 28 -15 15 16 -18 -19 -20 21 -22 -23 -24 24 -26 -27 -28 -29 -30 -31
leaf_value=-0.00026209657472645628 -0.00050606547690182672 -0.0002598139773247319 0.00028198464265187794 -0.00034270661668011195 -0.00013828812370775267 0.00041931006277081908 -0.0002969922491138277 -0.00047119367196241259 -0.00013507384948232876 0.00044271379665588028 -0.00031600065140505754 0.00048225568933958125 0.00011325050752045196 0.00039944686286617074 -0.0003190311284561176 -1.168744785900344e-05 0.00047649113096537933 9.5810746331283429e-05 -0.00011287347275687022 0.00037524501371397328 -0.00024184565138836789 -0.00010732057703948653 0.00013141016176010259 0.00026458321313839407 0.00040894537777038184 -0.00026280371217580979 -2.4368580329237598e-05 -3.7676245743309013e-05 -0.0002010140649092916 2.6099471433553845e-05
leaf_weight=25 23 22 24 27 27 20 20 28 21 24 43 20 37 21 20 20 21 21 22 23 21 33 76 30 37 20 41 42 21 20
leaf_count=25 23 22 24 27 27 20 20 28 21 24 43 20 37 21 20 20 21 21 22 23 21 33 76 30 37 20 41 42 21 20
internal_value=5.55006e-13 -4.87147e-05 6.26489e-06 -2.80215e-05 2.31622e-05 6.63947e-05 2.17062e-05 -3.49742e-05 -0.00011767 7.23411e-05 -4.79612e-05 0.000166063 -0.000134842 8.11515e-05 -1.07331e-05 6.5902e-05 0.000238355 -0.000106551 -0.000313838 5.60229e-05 9.47286e-06 8.99113e-05 6.07126e-05 0.000123635 0.00019712 2.82792e-05 0.000119243 8.82652e-05 -5.34941e-07 -0.000135446
internal_weight=850 262 217 193 166 144 588 301 170 131 142 41 101 287 107 82 41 41 45 266 124 226 103 193 109 84 64 72 58 40
internal_count=850 262 217 193 166 144 588 301 170 131 142 41 101 287 107 82 41 41 45 266 124 226 103 193 109 84 64 72 58 40
is_linear=0
shrinkage=0.3


Tree=52
num_leaves=29
num_cat=0
split_feature=6 17 20 4 17 19 8 18 20 7 18 29 12 22 16 17 27 26 27 27 6 10 16 4 4 20 9 21
split_gain=9.51174e-06 2.39949e-05 2.58228e-05 2.69717e-05 3.69097e-05 2.72537e-05 2.95541e-05 2.39706e-05 1.85492e-05 3.67604e-05 2.40909e-05 3.52006e-05 2.66955e-05 2.71992e-05 7.17225e-05 2.17221e-05 2.70102e-05 2.19818e-05 2.68212e-05 2.09981e-05 1.81839e-05 1.61187e-05 1.33965e-05 1.2979e-05 2.54241e-05 1.23414e-05 1.40763e-05 1.14494e-05
threshold=0.0019194232881242894 0.0061084433906592539 0.028748000000000006 27440900.000000004 0.005429969963398818 0.07089100000000001 0.051701162693025812 0.19593012828709555 0.050185500000000008 -0.0019215167570850887 -0.39898753640591073 1.5000000000000002 0.004007790592766544 0.46958150000000004 0.0055248567841941904 0.0044642992564767449 0.73661250000000011 0.20460400000000004 0.76174150000000018 0.8342790000000001 0.01512369876031351 -0.18768798862475858 0.003734826945329972 15436400.000000002 12914400.000000002 0.22649150000000004 0.016759353352191041 0.26816150000000005
decision_type=2 2 2 2 2 2 2 2 2 2 2 2 2 2 2 2 2 2 2 2 2 2 2 2 2 2 2 2
left_child=8 2 -2 4 5 6 7 -4 9 -1 11 27 13 15 -15 17 -17 -12 -19 -18 21 -3 -11 24 -7 -23 -27 -10
right_child=1 20 3 -5 -6 23 -8 -9 10 22 12 -13 -14 14 -16 16 19 18 -20 -21 -22 25 -24 -25 -26 26 -28 -29
leaf_value=0.0004150685104773842 -0.00041234976677515076 0.00025191832966811486 -8.7476463396082439e-05 -0.00037461332935477413 -0.0003551088049637959 -4.4862839076515353e-05 0.00045555023986837889 0.00029908146997596226 0.00044936534171798623 0.00015010709923279303 0.00019205205740449439 -6.9121624990377585e-05 0.00026199436027673074 -0.00050397588020511348 0.00019365468750558127 0.00035268730846130188 -0.00017966982845645096 -0.00037043052179797087 -5.3287534490209504e-05 0.00017873792367026909 0.0003137697063721134 -0.00025190503420162712 -0.00018488112114677536 9.278001691262911e-05 -0.00043463104382681191 -0.00012671537004517512 0.00021741380769526585 0.00015530610266564922
leaf_weight=31 20 20 42 22 27 61 21 22 26 22 22 39 25 36 21 27 31 32 96 28 24 20 21 29 20 23 20 22
leaf_count=31 20 20 42 22 27 61 21 22 26 22 22 39 25 36 21 27 31 32 96 28 24 20 21 29 20 23 20 22
internal_value=-8.38608e-13 -3.60597e-05 -8.46315e-05 -5.77694e-05 -2.63704e-05 1.91472e-05 0.000146733 4.54028e-05 2.79294e-05 0.00016604 2.69428e-06 0.00014258 -3.55764e-05 -6.09664e-05 -0.000246954 -1.60457e-05 0.000104156 -8.49616e-05 -0.000132573 -9.57801e-06 8.37809e-05 1.72782e-05 -1.34918e-05 -7.94421e-05 -0.000141102 -5.72108e-05 3.33447e-05 0.000314588
internal_weight=850 371 264 244 222 195 85 64 479 74 405 87 318 293 57 236 86 150 128 59 107 83 43 110 81 63 43 48
internal_count=850 371 264 244 222 195 85 64 479 74 405 87 318 293 57 236 86 150 128 59 107 83 43 110 81 63 43 48
is_linear=0
shrinkage=0.3


Tree=53
num_leaves=15
num_cat=0
split_feature=10 10 11 18 16 16 27 18 21 11 22 22 8 4
split_gain=1.0048e-05 1.2934e-05 1.35041e-05 2.89639e-05 1.21984e-05 1.30883e-05 3.55145e-05 2.54853e-05 3.6406e-05 1.97468e-05 1.71874e-05 3.34635e-05 1.81293e-05 1.31213e-05
threshold=2.4272884762833402 1.9885119795452082 72.827570995431159 0.059653674238691688 0.01100251487495032 0.0069626336155175295 0.71099500000000015 -0.15784531955526293 0.21694550000000004 69.148880912717757 0.013838500000000002 0.018916500000000003 0.008779732459281547 13338100.000000002
decision_type=2 2 2 2 2 2 2 2 2 2 2 2 2 2
left_child=1 2 4 -4 5 9 -7 -8 -9 10 12 -12 -1 -11
right_child=-2 -3 3 -5 -6 6 7 8 -10 13 11 -13 -14 -15
leaf_value=-0.00037442559415857044 -0.0001913530397359864 0.00017419689939533083 -0.00034895018274255562 6.1357560866781569e-05 0.00017189991788025229 -0.00044591731852311304 0.00020266567128714996 -0.00035487584797421379 0.00011275548350912968 5.280621795691331e-05 0.00033346740774818341 8.7141835033281904e-07 -2.5434130372092554e-05 0.00039233491770573892
leaf_weight=21 24 39 30 32 39 21 32 31 29 21 29 445 37 20
leaf_count=21 24 39 30 32 39 21 32 31 29 21 29 445 37 20
internal_value=-5.49388e-13 5.55989e-06 -2.79696e-06 -0.000137178 8.69498e-06 -5.8344e-07 -9.38956e-05 -1.35428e-05 -0.000128854 1.78184e-05 2.35777e-06 2.12201e-05 -0.000151793 0.00021843
internal_weight=850 826 787 62 725 686 113 92 60 573 532 474 58 41
internal_count=850 826 787 62 725 686 113 92 60 573 532 474 58 41
is_linear=0
shrinkage=0.3


Tree=54
num_leaves=18
num_cat=0
split_feature=14 14 9 15 8 20 8 18 16 17 12 2 21 21 10 8 13
split_gain=7.70963e-06 1.00083e-05 2.49799e-05 1.8196e-05 1.613e-05 4.18454e-05 3.48035e-05 1.81223e-05 5.41677e-05 2.76972e-05 1.83681e-05 1.54004e-05 2.04264e-05 1.26011e-05 1.24076e-05 1.90238e-05 1.85878e-05
threshold=0.035758911167899518 0.021863358235490359 0.012164730930204941 -0.013320646112163619 0.068946150060295988 0.26252950000000003 0.089113417298708836 0.59127163604698862 0.0036210285546906151 0.0039486673625722408 -0.0057864727238049031 3.9579149669114364 0.17434400000000003 0.91136850000000014 1.4626556693369184 0.035484973292770658 0.015810700067343097
decision_type=2 2 2 2 2 2 2 2 2 2 2 2 2 2 2 2 2
left_child=1 4 -3 -4 7 -6 -7 10 -9 -10 -1 -5 -13 14 15 -12 -16
right_child=-2 2 3 11 5 6 -8 8 9 -11 13 12 -14 -15 16 -17 -18
leaf_value=-0.00028587694068846756 -0.00016084426922763947 -0.00020332861944473773 0.00038447544800212862 0.00025306945113698023 0.00015168323719488649 -0.00049871801570148936 8.8827183935791255e-06 -0.00018142521559918982 0.00062443188602628657 0.00012515796075604157 -1.6247537838082884e-06 0.00020586933888293773 -0.00016019008363026146 -0.00021688591871719362 -0.00024621317615338529 0.00015640711834706496 4.6685758136915793e-05
leaf_weight=21 26 23 22 30 29 31 20 26 20 20 338 23 34 23 39 86 39
leaf_count=21 26 23 22 30 29 31 20 26 20 20 338 23 34 23 39 86 39
internal_value=1.64124e-12 5.07518e-06 8.07766e-05 0.000140725 -9.36498e-06 -0.000136047 -0.000299659 7.19481e-06 0.000155678 0.000374795 -1.07537e-05 7.90875e-05 -1.24819e-05 2.51238e-07 1.01998e-05 3.04289e-05 -9.97637e-05
internal_weight=850 824 132 109 692 80 51 612 66 40 546 87 57 525 502 424 78
internal_count=850 824 132 109 692 80 51 612 66 40 546 87 57 525 502 424 78
is_linear=0
shrinkage=0.3


Tree=55
num_leaves=26
num_cat=0
split_feature=11 7 11 7 17 29 15 4 27 5 2 14 11 11 7 11 10 2 24 23 8 19 17 14 14
split_gain=6.405e-06 2.03651e-05 2.20676e-05 2.1893e-05 1.80496e-05 2.60226e-05 1.58454e-05 5.38513e-05 2.48039e-05 1.57044e-05 1.64054e-05 1.88917e-05 2.20299e-05 1.55543e-05 1.51448e-05 1.94344e-05 5.69396e-05 1.91205e-05 1.36245e-05 1.83558e-05 1.45648e-05 1.26911e-05 1.06911e-05 9.65657e-06 7.72805e-06
threshold=58.885420805784783 -0.0086767216977949087 61.01692097764542 -0.01342357719755587 0.0073461884427588869 1.5000000000000002 0.010767194867865768 11339450.000000002 0.95092500000000013 -0.0086993794533632169 6.3156630008212309 0.01071427567880967 71.623349095261588 57.446791651968873 0.0019398849651730014 43.729688475788244 -0.18768798862475858 3.8066077663779394 0.26785700000000007 1.0000000180025095e-35 -0.019804830278481473 -0.057698499999999993 0.0055957270569244643 0.015229382972422123 0.01347449446645089
decision_type=2 2 2 2 2 2 2 2 2 2 2 2 2 2 2 2 2 2 2 2 2 2 2 2 2
left_child=6 3 23 -2 9 -6 8 -8 13 -4 11 12 -11 14 17 24 -17 -1 20 -20 -19 -13 -18 -3 -16
right_child=1 2 4 -5 5 -7 7 -9 -10 10 -12 21 -14 -15 15 16 22 18 19 -21 -22 -23 -24 -25 -26
leaf_value=-0.00014657832029717116 -9.4979468804012869e-06 -0.00036185238561301962 0.00029842558833479413 -0.00045338623429415744 -0.00035848391392937623 6.6279154958061147e-05 -0.00018636828361828203 0.00040456097789241796 -0.00032313388501279403 0.00025390637252396277 0.00027303772158515844 -0.00021383244119685209 -9.1577956649976285e-05 0.00025873591860189383 -1.8978249274823609e-05 -0.0005503290975866548 -0.00011255310120239819 2.7163125540889601e-05 0.00014693418913520873 -0.00020981026658167443 0.00022666885617861853 -4.6654634915237114e-06 0.00012427742102741392 -6.7048793134745203e-05 0.00021830713012604974
leaf_weight=36 20 20 22 20 25 27 23 35 20 46 23 36 26 23 30 24 42 57 25 27 78 95 29 20 21
leaf_count=36 20 20 22 20 25 27 23 35 20 46 23 36 26 23 30 24 42 57 25 27 78 95 29 20 21
internal_value=-4.07166e-14 -2.8962e-05 -5.14081e-06 -0.000231442 2.27672e-05 -0.000137934 2.34161e-05 0.000170227 2.74853e-06 5.64625e-05 3.29086e-05 5.70187e-06 0.000129148 1.93752e-05 4.45568e-06 -7.06574e-05 -0.000150854 5.36329e-05 9.21762e-05 -3.82985e-05 0.000142433 -6.21465e-05 -1.58195e-05 -0.000214451 7.87275e-05
internal_weight=850 380 340 40 300 52 470 58 412 248 226 203 72 392 369 146 95 223 187 52 135 131 71 40 51
internal_count=850 380 340 40 300 52 470 58 412 248 226 203 72 392 369 146 95 223 187 52 135 131 71 40 51
is_linear=0
shrinkage=0.3


Tree=56
num_leaves=26
num_cat=0
split_feature=20 18 7 23 18 14 16 9 4 27 5 22 5 11 19 26 11 11 28 18 22 18 16 4 19
split_gain=8.53074e-06 9.58457e-06 3.61138e-05 2.15705e-05 2.38808e-05 2.54172e-05 1.79033e-05 1.80638e-05 1.36406e-05 1.32622e-05 1.209e-05 2.06726e-05 1.84206e-05 1.60149e-05 1.55313e-05 1.42637e-05 1.71037e-05 1.81847e-05 1.26577e-05 1.50243e-05 2.74633e-05 1.35831e-05 1.3089e-05 1.06789e-05 5.73527e-06
threshold=0.014263000000000003 0.2859296721458322 -0.010548808933930542 0.6333335000000001 0.6624182690819862 0.014719409799076986 0.0073733653630381479 0.013999311085691885 17322400.000000004 0.8164570000000001 0.0034571707206944263 0.025763500000000005 0.0017985977492754937 73.735328164015456 0.12268200000000001 0.88503250000000011 69.7581401070222 53.88932512248379 1.0000000180025095e-35 0.030726870430877479 0.48104650000000004 -0.68170060781763142 0.0038095201764788101 11339450.000000002 0.0034010000000000004
decision_type=2 2 2 2 2 2 2 2 2 2 2 2 2 2 2 2 2 2 2 2 2 2 2 2 2
left_child=-1 10 -3 6 5 -5 7 -4 -6 -9 12 23 13 15 -14 16 17 -2 -13 20 21 -20 -21 -12 -17
right_child=1 2 3 4 8 -7 -8 9 -10 -11 11 18 14 -15 -16 24 -18 -19 19 22 -22 -23 -24 -25 -26
leaf_value=0.00019361059850382388 6.1750621443934503e-05 -0.0003753060851262749 -0.00015402638911577273 -6.1891885863068238e-05 -0.00014225429787984465 -0.00048262086966133205 0.00031758958946077409 0.00028990911860091726 0.00019014425235218369 2.0048620475184483e-06 0.00011862031084171535 0.0002199042589574254 -2.2686802694806829e-05 -0.00024731589333636551 -0.00039656020649999848 0.00028985568328194361 0.00023823025885576498 -0.00010487828422885903 -0.00018944701840320537 0.00032135245610334092 -0.00034903773848782293 8.3808103889282384e-05 -1.0488560197383934e-05 0.00041835740812530277 7.3234087275605739e-05
leaf_weight=20 110 28 35 28 20 24 22 24 25 36 23 26 20 21 20 22 24 127 22 20 24 64 23 20 22
leaf_count=20 110 28 35 28 20 24 22 24 25 36 23 26 20 21 20 22 24 127 22 20 24 64 23 20 22
internal_value=-2.63339e-13 -4.66532e-06 -5.49169e-05 -1.29968e-05 -0.000117602 -0.000256074 7.37268e-05 1.72534e-05 4.24116e-05 0.000117167 1.60164e-05 7.1251e-05 -1.74865e-05 6.08863e-06 -0.000209624 2.35362e-05 -3.10133e-06 -2.754e-05 2.63816e-05 -6.50464e-06 -6.5282e-05 1.39056e-05 0.000143856 0.000258033 0.000181545
internal_weight=850 830 242 214 97 52 117 95 45 60 588 222 366 326 40 305 261 237 179 153 110 86 43 43 44
internal_count=850 830 242 214 97 52 117 95 45 60 588 222 366 326 40 305 261 237 179 153 110 86 43 43 44
is_linear=0
shrinkage=0.3


Tree=57
num_leaves=27
num_cat=0
split_feature=12 4 20 20 20 15 18 18 16 21 12 10 12 12 2 18 6 6 15 9 29 21 12 10 7 12
split_gain=6.0274e-06 1.22245e-05 2.27092e-05 1.18403e-05 2.66986e-05 2.45959e-05 2.35958e-05 2.38216e-05 1.84465e-05 1.47046e-05 1.44272e-05 1.561e-05 1.33538e-05 1.94035e-05 1.53609e-05 2.51954e-05 1.42358e-05 1.8371e-05 1.23545e-05 1.1754e-05 1.16068e-05 1.50291e-05 1.4386e-05 8.80489e-06 9.67685e-06 4.71642e-06
threshold=-0.0023563906800071932 13338100.000000002 0.40900650000000005 0.43964650000000005 0.55907300000000004 0.0014892421486670784 0.68425503893299977 0.48577297558164328 0.0052724190838453859 0.24094150000000003 -0.00083959050366214755 0.7234843246620003 1.0000000180025095e-35 0.00057139811168085898 4.5109875195404419 0.03444045765600811 -0.0082263393365219935 0.01512369876031351 -0.0017316326818693432 0.014527509195080524 2.5000000000000004 0.18031500000000003 0.003596639684800923 -1.0341941203809244 -0.0022740018219388632 -0.0013263267941965504
decision_type=2 2 2 2 2 2 2 2 2 2 2 2 2 2 2 2 2 2 2 2 2 2 2 2 2 2
left_child=1 23 19 6 5 9 7 12 -7 -5 25 -12 14 -14 15 -2 -15 -18 -16 -3 21 22 -13 -1 -25 -6
right_child=3 2 -4 4 10 8 -8 -9 -10 -11 11 20 13 16 18 -17 17 -19 -20 -21 -22 -23 -24 24 -26 -27
leaf_value=0.00025260552941869138 -7.3303709051777754e-05 -4.2002718357087528e-05 -0.00021685113469549619 0.00015587688865707606 -8.8085084574301549e-05 0.00017049168175162777 -0.00026786662277187971 0.00025441509891467059 -0.00019678186157761954 0.00051530712641709088 0.00019591256608263768 -0.00013503339423550642 0.00021292011558464517 0.00019383570511958428 0.00015989026527993543 -0.00045911005399102578 -0.00011508488454595396 0.00016590010449544934 -0.00012836386895287433 0.00027177846688053773 -0.00021619185840245336 0.0002250564327013031 0.00015276550068599385 0.00020804359694791077 -5.9358385633772579e-05 -0.00027923758939972943
leaf_weight=33 39 22 34 20 26 32 39 26 20 21 34 54 33 21 23 25 129 25 32 21 25 23 22 21 29 21
leaf_count=33 39 22 34 20 26 32 39 26 20 21 34 54 33 21 23 25 129 25 32 21 25 23 22 21 29 21
internal_value=-1.77351e-13 5.24616e-05 -3.36318e-05 -1.2165e-05 3.29075e-05 0.000166227 -4.64293e-05 -2.19646e-05 2.92326e-05 0.000339975 -2.75738e-05 1.58327e-05 -4.39397e-05 1.9157e-06 -0.00012409 -0.000224009 -3.78737e-05 -6.94704e-05 -7.82123e-06 0.000111239 -3.3544e-05 1.25791e-05 -5.17232e-05 0.000132331 5.29504e-05 -0.000173494
internal_weight=850 160 77 690 298 93 392 353 52 41 205 158 327 208 119 64 175 154 55 43 124 99 76 83 50 47
internal_count=850 160 77 690 298 93 392 353 52 41 205 158 327 208 119 64 175 154 55 43 124 99 76 83 50 47
is_linear=0
shrinkage=0.3


Tree=58
num_leaves=15
num_cat=0
split_feature=6 15 6 7 12 7 4 17 4 15 4 16 17 22
split_gain=7.11341e-06 1.66741e-05 8.68128e-06 9.84997e-06 3.66313e-05 2.05573e-05 1.18612e-05 1.97994e-05 1.85802e-05 1.10984e-05 8.98099e-06 1.17656e-05 1.06512e-05 6.34056e-06
threshold=0.01715917016098888 0.0019138755168114101 0.013988033549877816 -0.0095588836212184298 -0.00091839470135762151 -0.013929636359741744 26119550.000000004 0.0039100684260157687 23105700.000000004 -0.0039721946986121335 20621900.000000004 0.0093196636404712027 0.0019723376146160705 0.24970750000000003
decision_type=2 2 2 2 2 2 2 2 2 2 2 2 2 2
left_child=2 -2 3 4 9 -6 8 -8 10 -1 11 12 -5 -11
right_child=1 -3 -4 6 5 -7 7 -9 -10 13 -12 -13 -14 -15
leaf_value=-0.00023349492985289542 7.4808863732519405e-05 -0.00025096167177135584 0.00017454738254956383 -7.2722924810449805e-05 9.7022431291406974e-05 0.00052715736375830602 -8.2596312917563152e-05 0.00024987020879770603 -0.00025942497772560053 0.00015558607366983776 0.00014650641293883381 -0.00018084658104971124 2.0687973621604353e-05 -8.0435906946669484e-05
leaf_weight=21 26 31 27 163 20 20 28 38 29 20 30 39 337 21
leaf_count=21 26 31 27 163 20 20 28 38 29 20 30 39 337 21
internal_value=7.93828e-13 -0.000102365 7.35786e-06 1.46476e-06 8.82624e-05 0.00031209 -1.18686e-05 0.000108824 -2.51892e-05 -5.61424e-05 -1.3251e-05 -2.21429e-05 -9.76398e-06 3.46968e-05
internal_weight=850 57 793 766 102 40 664 66 598 62 569 539 500 41
internal_count=850 57 793 766 102 40 664 66 598 62 569 539 500 41
is_linear=0
shrinkage=0.3


Tree=59
num_leaves=27
num_cat=0
split_feature=26 4 26 16 18 4 8 1 10 18 27 4 18 2 6 15 22 9 15 16 15 13 7 19 9 9
split_gain=6.47661e-06 1.64229e-05 1.74277e-05 1.62592e-05 1.56979e-05 2.12322e-05 2.04766e-05 3.16219e-05 2.44764e-05 1.53004e-05 2.32529e-05 1.36459e-05 2.17176e-05 1.29712e-05 1.31867e-05 1.24434e-05 1.30061e-05 3.13904e-05 1.85859e-05 2.19522e-05 1.23792e-05 1.33141e-05 1.16568e-05 1.15393e-05 9.27336e-06 4.79893e-06
threshold=0.62099150000000003 30510750.000000004 0.59509900000000016 0.0018247722645753286 -0.39146574886958369 23787150.000000004 -0.010091320403610497 4.1620617674300551 0.69233879431778322 0.030726870430877479 0.88889850000000015 10809800.000000002 0.36357707681008639 5.8778130395347432 0.004210797798387309 -0.0059230010903271813 0.44883250000000008 0.014503947836968468 -0.0015912770220898335 0.0036210285546906151 -0.0076047109445581398 0.018190522590343754 0.0017315903893120393 -0.012248499999999997 0.014465283556589313 0.015648525583509643
decision_type=2 2 2 2 2 2 2 2 2 2 2 2 2 2 2 2 2 2 2 2 2 2 2 2 2 2
left_child=1 2 13 11 24 6 7 -6 -8 -10 -11 22 25 15 -15 20 18 -18 19 -17 21 -1 -2 -20 -5 -13
right_child=3 -3 -4 4 5 -7 8 -9 9 10 -12 12 -14 14 -16 16 17 -19 23 -21 -22 -23 -24 -25 -26 -27
leaf_value=0.00017319377597728322 -4.4501008960651231e-05 -0.00026005872794485183 -0.00025888699707365959 5.9679072728613383e-05 -3.4598710995991354e-05 0.00022967383825184349 -0.00029981143530757697 0.0004220149797869713 -0.00017153829409965378 0.00035377746413359999 -7.3010181768040636e-05 5.0648538444875153e-05 -0.00020582225226826268 -0.00026050188916410514 5.1946470639450128e-05 -1.3737789137441473e-05 0.00041310447969798193 -8.0037962246793686e-05 -0.00011695988346218655 -0.00040161421020457055 0.00032133361061245191 -0.00013237423268687312 -0.00036059454501550397 5.231289082616599e-05 0.00030042479963109748 0.00025369323853738026
leaf_weight=33 21 25 24 24 39 39 35 21 28 20 27 22 25 31 20 29 21 26 48 24 22 21 21 148 36 20
leaf_count=33 21 25 24 24 39 39 35 21 28 20 27 22 25 31 20 29 21 26 48 24 22 21 21 148 36 20
internal_value=1.029e-13 -2.34348e-05 -1.02008e-05 2.92625e-05 6.88685e-05 3.00385e-05 -1.57602e-05 0.000125216 -9.26563e-05 4.01603e-06 0.000108602 -6.8481e-05 1.55608e-05 3.9091e-06 -0.000137973 2.33607e-05 -4.44154e-06 0.000140302 -3.17627e-05 -0.00018938 0.000131643 5.43618e-05 -0.000202548 1.08583e-05 0.000204127 0.000147336
internal_weight=850 472 447 378 269 209 170 60 110 75 47 109 67 423 51 372 296 47 249 53 76 54 42 196 60 42
internal_count=850 472 447 378 269 209 170 60 110 75 47 109 67 423 51 372 296 47 249 53 76 54 42 196 60 42
is_linear=0
shrinkage=0.3


Tree=60
num_leaves=16
num_cat=0
split_feature=20 14 14 22 27 29 6 15 14 14 27 11 8 16 27
split_gain=5.61699e-06 7.24799e-06 2.26831e-05 2.20489e-05 2.18451e-05 1.01133e-05 1.16978e-05 1.03304e-05 9.9838e-06 2.08837e-05 1.49385e-05 7.67481e-06 1.3308e-05 1.28581e-05 5.72423e-06
threshold=0.014263000000000003 0.010020118525631111 0.010407646462269774 0.34245850000000005 0.79997900000000011 1.5000000000000002 0.0017985977492754937 0.0018957344154322678 0.01071427567880967 0.010968954935922903 0.52955850000000015 69.148880912717757 0.079174295551261861 0.0017683462635343741 0.86367400000000016
decision_type=2 2 2 2 2 2 2 2 2 2 2 2 2 2 2
left_child=-1 3 -3 5 -5 7 -7 14 -4 -10 -11 12 -12 -13 -2
right_child=1 2 8 4 -6 6 -8 -9 9 10 11 13 -14 -15 -16
leaf_value=0.00015710408632003237 0.0002494410640792921 -0.00033221692745428295 0.00020082757939235307 2.4751719138293993e-05 0.00046815461671940279 2.8013900693622419e-05 -0.00026520764131419126 -9.9626574274225285e-05 -0.00030860793844372634 -0.00025929161616659256 7.47767845990293e-07 -0.00012143247035315393 -0.000228243548735918 0.00014622011736394467 4.2061266722157601e-05
leaf_weight=20 23 20 20 20 20 25 24 24 21 20 473 21 24 70 25
leaf_count=20 23 20 20 20 20 25 24 24 21 20 473 21 24 70 25
internal_value=3.48604e-13 -3.78564e-06 -1.75384e-05 5.33611e-05 0.000246453 -1.04711e-05 -0.000115605 6.10783e-05 -7.8411e-06 -1.4476e-05 -4.31687e-06 4.35574e-06 -1.03102e-05 8.44541e-05 0.000141431
internal_weight=850 830 669 161 40 121 49 72 649 629 608 588 497 91 48
internal_count=850 830 669 161 40 121 49 72 649 629 608 588 497 91 48
is_linear=0
shrinkage=0.3


Tree=61
num_leaves=19
num_cat=0
split_feature=6 6 26 22 16 5 18 11 8 20 22 16 12 17 5 17 19 27
split_gain=5.47994e-06 8.65771e-06 9.30799e-06 6.98773e-06 6.30499e-06 5.96437e-06 1.24205e-05 1.96069e-05 1.71091e-05 1.75965e-05 1.42197e-05 1.13128e-05 1.06898e-05 2.19847e-05 9.86501e-06 1.06721e-05 9.60231e-06 8.82343e-06
threshold=-0.020312799308086594 -0.013197501645292259 0.93611100000000003 0.9136780000000001 0.0042105747064539898 0.0019665214479322392 0.2859296721458322 53.88932512248379 0.014730026980850918 0.44838750000000005 0.29735100000000009 0.0052724190838453859 -0.0023563906800071932 0.0020683053804972664 0.001688046236887662 0.0018535679086787882 0.3079880000000001 0.86357250000000019
decision_type=2 2 2 2 2 2 2 2 2 2 2 2 2 2 2 2 2 2
left_child=-1 4 3 5 -2 12 7 11 16 -10 -9 -7 13 -3 15 -14 -8 -15
right_child=1 2 -4 -5 -6 6 8 10 9 -11 -12 -13 14 17 -16 -17 -18 -19
leaf_value=-0.00013837472416344099 0.00025218966208870238 0.00033580893900112381 0.00016987981539892238 -0.00016221140968599893 2.7100546003566705e-05 3.3427580962200985e-05 0.00024689007266715635 8.3839721226147104e-05 -0.00032920283665589524 -1.5776632263671336e-05 0.0003133969923028952 -0.0002099607365016709 -0.00013886648541460011 -0.0001349847921346736 -0.0002202782982359557 -5.4756667234487975e-06 -4.7084028337849305e-05 0.00010378896845045696
leaf_weight=25 21 21 27 26 24 55 20 85 28 38 34 25 69 30 28 248 20 26
leaf_count=25 21 21 27 26 24 55 20 85 28 38 34 25 69 30 28 248 20 26
internal_value=2.68194e-13 4.19317e-06 -3.1885e-06 -9.39413e-06 0.000132142 -3.92887e-06 2.80338e-05 7.2218e-05 -5.49158e-05 -0.000148745 0.000149428 -4.26313e-05 -2.70298e-05 7.40384e-05 -4.95871e-05 -3.45103e-05 9.9903e-05 -2.41255e-05
internal_weight=850 825 780 753 45 727 305 199 106 66 119 80 422 77 345 317 40 56
internal_count=850 825 780 753 45 727 305 199 106 66 119 80 422 77 345 317 40 56
is_linear=0
shrinkage=0.3


Tree=62
num_leaves=12
num_cat=0
split_feature=10 5 7 15 15 27 27 4 1 13 6
split_gain=4.98064e-06 6.00446e-06 8.97264e-06 8.23231e-06 1.67338e-05 1.11978e-05 9.54943e-06 8.10168e-06 1.69531e-05 6.47576e-06 6.11975e-06
threshold=2.4272884762833402 0.014463122846691691 0.0074130201182371408 0.012190965469108547 0.010871017042149116 0.9541535000000001 0.94146650000000009 38976400.000000007 6.4129632717496312 0.018119247478317519 0.0019840912817329199
decision_type=2 2 2 2 2 2 2 2 2 2 2
left_child=1 3 9 4 5 6 7 8 -1 -3 -8
right_child=-2 2 -4 -5 -6 -7 10 -9 -10 -11 -12
leaf_value=-3.0254029718341095e-06 -0.00013472204664140009 0.00013048857467115989 0.0002592326178563553 -0.00014543599049959862 0.00027413275546564361 -0.00020554312799845321 0.00026208529153336712 0.00018196075201558414 -0.00028375819376378784 -0.00010803650657180697 3.0209444230422377e-05
leaf_weight=605 24 21 20 35 20 24 20 20 20 20 21
leaf_count=605 24 21 20 35 20 24 20 20 20 20 21
internal_value=8.33391e-14 3.91444e-06 9.44948e-05 -3.3083e-06 3.50604e-06 -4.11725e-06 2.92972e-06 -5.99429e-06 -1.20089e-05 1.41349e-05 0.00014332
internal_weight=850 826 61 765 730 710 686 645 625 41 41
internal_count=850 826 61 765 730 710 686 645 625 41 41
is_linear=0
shrinkage=0.3


Tree=63
num_leaves=13
num_cat=0
split_feature=22 18 18 1 27 2 7 7 14 9 15 12
split_gain=4.59213e-06 5.22185e-06 2.03308e-05 1.45838e-05 1.02947e-05 7.11749e-06 7.63784e-06 7.35387e-06 2.03234e-05 1.28343e-05 6.87994e-06 1.11213e-05
threshold=0.9564680000000001 0.8049567906533498 0.56720331886953124 4.3343112245235096 0.84239150000000007 3.1741717382587136 -0.017734605557850832 -0.0088439266464408039 0.010271588486973423 0.01621530188231696 -0.013510440425329092 0.0064016916820584689
decision_type=2 2 2 2 2 2 2 2 2 2 2 2
left_child=1 2 5 -4 -3 -1 -7 8 -8 -10 -9 -12
right_child=-2 4 3 -5 -6 6 7 10 9 -11 11 -13
leaf_value=-0.00016562933993885632 0.0001322232772983388 -4.1276884318601029e-05 -2.0490936958594829e-05 -0.00033918446824178055 0.00018406222895734842 0.00017048919211083558 0.00016808445046990526 0.0001502261531817156 -6.0135704043204893e-05 -0.00036180927867958829 1.4825726249826763e-05 -0.00017922899561589084
leaf_weight=22 23 36 24 28 37 25 20 31 30 22 524 28
leaf_count=22 23 36 24 28 37 25 20 31 30 22 524 28
internal_value=-8.98795e-14 -3.67731e-06 -1.10948e-05 -0.000192095 7.29361e-05 2.31265e-06 7.74606e-06 1.53449e-06 -8.89193e-05 -0.000187767 1.27055e-05 4.98237e-06
internal_weight=850 827 754 52 73 702 680 655 72 52 583 552
internal_count=850 827 754 52 73 702 680 655 72 52 583 552
is_linear=0
shrinkage=0.3


Tree=64
num_leaves=14
num_cat=0
split_feature=8 20 12 9 18 17 10 14 27 14 22 17 5
split_gain=5.10239e-06 9.36402e-06 6.16751e-06 1.34814e-05 9.69962e-06 1.5445e-05 9.76519e-06 6.47355e-06 8.24003e-06 6.66189e-06 1.36696e-05 1.25611e-05 6.24714e-06
threshold=0.089113417298708836 0.49604800000000004 0.0057210247073478573 0.030569089695194219 0.66757328690076101 0.0040858022211690244 0.070307527469709405 0.024957668915731139 0.54319200000000012 0.012842612195184138 0.019100000000000002 0.006179246449213003 0.012131818441234957
decision_type=2 2 2 2 2 2 2 2 2 2 2 2 2
left_child=2 -2 3 4 7 -6 -7 8 -1 11 -11 -10 -9
right_child=1 -3 -4 -5 5 6 -8 12 9 10 -12 -13 -14
leaf_value=0.00015900712845065684 -2.6877635631395744e-05 0.00023905712463271234 0.00012131122070555151 -0.00018535370346446718 0.0002388807393271162 0.00011058383559849552 -0.00015478769603305406 -0.00020854997414501448 -2.8371611240505757e-05 0.00017766473266397597 -8.5245041656311184e-06 -0.00026041234464766762 9.3945450680621426e-06
leaf_weight=26 26 22 33 38 37 26 24 29 241 41 264 23 20
leaf_count=26 26 22 33 38 37 26 24 29 241 41 264 23 20
internal_value=-1.91154e-13 9.50091e-05 -5.68633e-06 -1.11362e-05 -2.07971e-06 9.19409e-05 -1.67945e-05 -1.47813e-05 -6.1497e-06 -1.36964e-05 1.65042e-05 -4.85873e-05 -0.000119593
internal_weight=850 48 802 769 731 87 50 644 595 569 305 264 49
internal_count=850 48 802 769 731 87 50 644 595 569 305 264 49
is_linear=0
shrinkage=0.3


Tree=65
num_leaves=22
num_cat=0
split_feature=8 8 24 12 17 7 7 8 17 27 18 16 16 26 21 17 9 4 17 21 10
split_gain=3.91218e-06 2.07805e-05 1.10255e-05 9.14208e-06 1.73417e-05 2.27676e-05 8.97367e-06 8.56005e-06 8.10537e-06 1.53666e-05 1.22543e-05 1.39033e-05 2.15869e-05 1.99989e-05 1.72082e-05 1.4237e-05 7.8616e-06 1.11082e-05 8.35769e-06 8.18842e-06 6.91359e-06
threshold=0.057225885483949725 0.052715639558088979 0.36666650000000006 0.0025691786350085311 0.0018885740248345579 0.001904755412085052 0.0023751990206819788 0.049747125558285359 0.0056603717566302168 0.69465700000000008 0.66757328690076101 0.0035971654533698072 0.0039525806965227195 0.88651500000000005 0.16289550000000005 0.0035746196239204854 0.014465283556589313 13503200.000000002 0.0092165890223328394 0.20047450000000003 -0.87318462529211172
decision_type=2 2 2 2 2 2 2 2 2 2 2 2 2 2 2 2 2 2 2 2 2
left_child=1 7 3 4 -2 -6 -5 8 10 -10 11 13 -13 14 -1 -14 17 19 20 -11 -18
right_child=2 -3 -4 6 5 -7 -8 -9 9 16 -12 12 15 -15 -16 -17 18 -19 -20 -21 -22
leaf_value=0.00021274665950206622 -0.00029926553714696114 -0.00030395984493744821 0.00018810495502824174 -7.1851900756882969e-05 0.00019103492528712752 -0.00019816646270101045 0.00017641197164745167 0.00018316742652214915 0.00023403494521971878 -1.5753244588267987e-05 0.00013342930873968246 -0.00032045967914613851 -2.4874208815028885e-06 -0.00025526272286449306 -6.825855099824961e-06 -0.00018738307789701724 0.00028264525066333589 6.474758113957553e-05 -5.9017307317584969e-05 -0.00027329192076649636 5.7799501291810884e-05
leaf_weight=43 21 21 36 20 31 24 38 22 32 20 38 33 128 22 127 53 20 36 28 25 32
leaf_count=43 21 21 36 20 31 24 38 22 32 20 38 33 128 22 127 53 20 36 28 25 32
internal_value=1.30491e-13 -1.01763e-05 4.07053e-05 1.10543e-06 -6.73485e-05 2.12016e-05 9.08037e-05 -8.14491e-07 -7.16865e-06 4.41589e-05 -2.948e-05 -4.47276e-05 -9.73124e-05 1.38825e-05 4.87131e-05 -5.66281e-05 6.41959e-06 -5.94623e-05 7.31251e-05 -0.00015883 0.000144279
internal_weight=850 680 170 134 76 55 58 659 637 193 444 406 214 192 170 181 161 81 80 45 52
internal_count=850 680 170 134 76 55 58 659 637 193 444 406 214 192 170 181 161 81 80 45 52
is_linear=0
shrinkage=0.3


Tree=66
num_leaves=25
num_cat=0
split_feature=10 19 24 6 5 14 27 10 17 13 27 27 17 2 19 5 19 27 10 7 17 7 17 7
split_gain=4.71691e-06 1.395e-05 1.04528e-05 1.5501e-05 1.03978e-05 1.29627e-05 1.02716e-05 1.53354e-05 1.24091e-05 1.28501e-05 9.37288e-06 7.85923e-06 7.47748e-06 1.50473e-05 2.22548e-05 1.78179e-05 6.81024e-06 9.55461e-06 1.54913e-05 1.14124e-05 9.9618e-06 8.12323e-06 1.47025e-05 1.19148e-05
threshold=1.4626556693369184 0.81612550000000017 0.18333350000000004 0.0029220024331836222 0.011732587828550233 0.014814800555486984 0.65101750000000014 1.2276314038531819 0.0056603717566302168 0.01717562951962091 0.88173850000000009 0.7993935000000002 0.0013898919304427839 4.011638482069146 -0.076724499999999987 0.0018886435234735878 0.8476665000000001 0.86676350000000013 1.0000000180025095e-35 0.0030053822240598163 0.0039486673625722408 0.0033417072424127103 0.0058866556539314118 0.009735797353734409
decision_type=2 2 2 2 2 2 2 2 2 2 2 2 2 2 2 2 2 2 2 2 2 2 2 2
left_child=6 2 4 -4 5 -2 8 12 9 -1 11 -9 13 -8 -15 -16 17 21 20 -20 -19 22 -14 -23
right_child=1 -3 3 -5 -6 -7 7 10 -10 -11 -12 -13 16 14 15 -17 -18 18 19 -21 -22 23 -24 -25
leaf_value=-2.8155011258235159e-05 0.00013653628437168663 -0.00026792922643918162 -0.00029974615513903859 1.2294334546344255e-05 0.00024070698377077601 -0.00014008922075112011 -9.4619966932504181e-05 0.00018599801693673486 7.708552555413916e-05 -0.00029944079930146474 0.00028709305429401865 -7.1140153086162168e-05 0.00014032162090336705 0.00042827162586604571 0.00023751436079196122 -0.00014430057946645487 0.0001102739915031984 -0.00010350146433036289 -0.00027126462395244739 -3.899432423085355e-05 9.8785484133259154e-05 -0.00016147464199424243 -6.5568797736534402e-05 6.1915021621773903e-05
leaf_weight=33 30 22 23 38 21 31 29 23 30 30 29 20 86 20 22 22 39 39 45 33 50 44 49 42
leaf_count=33 30 22 23 38 21 31 29 23 30 30 29 20 86 20 22 22 39 39 45 33 50 44 49 42
internal_value=-6.45068e-13 -4.55349e-05 -1.13203e-05 -0.00010536 5.86362e-05 -4.04389e-06 1.09682e-05 2.55288e-05 -8.1718e-05 -0.000157339 0.00015529 6.63989e-05 7.56187e-06 8.46468e-05 0.000165877 4.66069e-05 -9.22713e-06 -2.12388e-05 -7.53952e-05 -0.000172996 1.01429e-05 1.96848e-05 6.5591e-05 -5.23774e-05
internal_weight=850 165 143 61 82 61 685 592 93 63 72 43 520 93 64 44 427 388 167 78 89 221 135 86
internal_count=850 165 143 61 82 61 685 592 93 63 72 43 520 93 64 44 427 388 167 78 89 221 135 86
is_linear=0
shrinkage=0.3


Tree=67
num_leaves=16
num_cat=0
split_feature=4 15 5 29 5 4 26 5 15 15 21 21 2 18 6
split_gain=4.65263e-06 3.96587e-06 5.35642e-06 1.9977e-05 1.87479e-05 1.70611e-05 1.48534e-05 1.02188e-05 9.75633e-06 8.97713e-06 7.30716e-06 1.23047e-05 7.41361e-06 7.26812e-06 5.86254e-06
threshold=42709300.000000007 -0.018707422139407789 -0.0040160434312448987 1.5000000000000002 -0.0056075640518789488 9022150.0000000019 0.54470300000000005 -0.0037037140929907452 -0.0059230010903271813 -0.0071684747594770856 0.026680500000000006 0.032859000000000006 6.3156630008212309 0.03444045765600811 0.0017315903893120393
decision_type=2 2 2 2 2 2 2 2 2 2 2 2 2 2 2
left_child=1 -1 3 4 5 -3 -7 -4 -9 13 -10 -12 -13 -5 -11
right_child=-2 2 7 9 -6 6 -8 8 10 14 11 12 -14 -15 -16
leaf_value=0.00013224169867628784 -0.00013945332019440164 9.0889095517431506e-05 0.00021086547473180909 -0.00015607281213464295 -0.00038832904003243128 3.5282746024937036e-05 -0.00027766174744801202 0.00019413775580687795 0.00014527029809963503 0.0002242503803472573 -0.00024020195458433589 -8.2601327792532217e-06 0.00016612887364950122 9.1206339784548609e-05 2.0256292607103075e-05
leaf_weight=21 21 37 23 23 20 21 39 24 29 32 20 476 23 20 21
leaf_count=21 21 37 23 23 20 21 39 24 29 32 20 476 23 20 21
internal_value=1.55925e-13 3.53259e-06 1.87431e-07 -4.06371e-05 -0.000123859 -6.93296e-05 -0.000168131 1.48019e-05 6.91826e-06 6.07901e-05 -1.28113e-06 -9.46994e-06 -2.22163e-07 -4.10593e-05 0.000143423
internal_weight=850 829 808 213 117 97 60 595 572 96 548 519 499 43 53
internal_count=850 829 808 213 117 97 60 595 572 96 548 519 499 43 53
is_linear=0
shrinkage=0.3


Tree=68
num_leaves=20
num_cat=0
split_feature=22 6 2 7 19 3 13 8 7 14 29 13 21 21 11 16 15 16 5
split_gain=4.24603e-06 5.40796e-06 4.31237e-06 1.04677e-05 1.21174e-05 1.00939e-05 9.67732e-06 8.0665e-06 7.09682e-06 1.01676e-05 1.714e-05 8.24682e-06 1.25916e-05 9.81831e-06 6.97316e-06 5.98532e-06 1.55674e-05 1.16147e-05 5.44258e-06
threshold=0.9564680000000001 0.025556007472228061 3.9540802067945173 0.0083543513396622231 -0.17211849999999998 4.0072138309478769 0.017472440342426277 0.057775256886614154 0.0015014457157676109 0.0087642610170171123 1.5000000000000002 0.016282671611751637 0.053943000000000005 0.089274500000000021 38.044503843255022 0.0040080601728386895 0.0044430321549810909 0.0069626336155175295 0.0043988470416010134
decision_type=2 2 2 2 2 2 2 2 2 2 2 2 2 2 2 2 2 2 2
left_child=1 2 7 5 -5 -4 18 14 11 -10 -11 13 -13 -7 -1 16 -16 -17 -6
right_child=-2 -3 3 4 6 8 -8 -9 9 10 -12 12 -14 -15 15 17 -18 -19 -20
leaf_value=0.00014417004624972052 0.0001271428950333401 -0.00015763755145599133 -0.00019582497032908055 -0.00025922165427016741 0.00010866550817170078 5.5931336646608536e-05 -0.0001549379650704826 0.0001705964605207555 0.00023407395068109811 -5.5515091464388072e-05 0.00014965919002581638 -0.00016332649049771765 7.8356586956920913e-05 -0.00010602301394889998 -0.00023539605093765936 0.00014246678589475585 7.9378402090067254e-05 -0.0001399770026182523 -8.5577407744494849e-05
leaf_weight=28 23 20 21 29 37 48 38 35 27 84 65 23 124 113 31 38 26 20 20
leaf_count=28 23 20 21 29 37 48 38 35 27 84 65 23 124 113 31 38 26 20 20
internal_value=-3.50711e-13 -3.53602e-06 2.83103e-07 -1.1383e-05 -8.94838e-05 7.79418e-06 -3.76691e-05 4.15078e-05 1.66289e-05 6.46851e-05 3.39905e-05 -1.08318e-05 4.05422e-05 -5.77385e-05 9.91273e-06 -2.2776e-05 -9.18147e-05 4.50724e-05 4.05101e-05
internal_weight=850 827 807 629 124 505 95 178 484 176 149 308 147 161 143 115 57 58 57
internal_count=850 827 807 629 124 505 95 178 484 176 149 308 147 161 143 115 57 58 57
is_linear=0
shrinkage=0.3


Tree=69
num_leaves=30
num_cat=0
split_feature=12 12 15 13 26 22 22 27 18 12 13 18 20 11 4 17 12 17 15 10 0 13 16 15 8 6 27 7 7
split_gain=3.94034e-06 1.16017e-05 1.21526e-05 2.24277e-05 1.09044e-05 9.16771e-06 2.08995e-05 8.2303e-06 7.66657e-06 1.09568e-05 1.35749e-05 9.40535e-06 8.6805e-06 8.87942e-06 1.08269e-05 8.38632e-06 7.59715e-06 7.55253e-06 1.14991e-05 8.65761e-06 1.16677e-05 7.10473e-06 6.84107e-06 6.34249e-06 6.16205e-06 5.81297e-06 5.48889e-06 6.01673e-06 3.72186e-06
threshold=0.00076441324344585985 -2.2489716463479061e-05 0.010558047568544452 0.017327210087425111 0.76049750000000016 0.47328450000000005 0.51652650000000011 0.78386100000000014 -0.011423491858513492 -0.00037345473413353457 0.015669577680416259 -0.083118115229976072 0.10627950000000001 42.476463006235399 7476350.0000000009 0.0056764423800279825 0.001395746753107546 0.005429969963398818 0.011916603337251881 0.87106198703642634 5.2882257712399534 0.014041046902770549 0.0032206422306012058 0.0014577716746797446 0.022430822454684324 0.0019398849651730014 0.75175250000000016 0.0038423540992263013 -0.0094696216232925748
decision_type=2 2 2 2 2 2 2 2 2 2 2 2 2 2 2 2 2 2 2 2 2 2 2 2 2 2 2 2 2
left_child=1 2 8 -4 25 16 -7 -8 11 10 21 12 -1 14 -14 -15 23 18 19 -18 22 -10 -21 -2 28 -3 -19 -28 -12
right_child=5 4 3 -5 -6 6 7 -9 9 -11 24 -13 13 15 -16 -17 17 26 -20 20 -22 -23 -24 -25 -26 -27 27 -29 -30
leaf_value=0.00013786012360696986 -0.00023546104477645711 0.00015100131317922206 -7.726527277224125e-05 0.00034208387587568722 0.00031100978550966833 -0.0003797363287048938 0.00013175194597010885 -0.0001071120474276737 -3.6430092965019866e-05 -0.0002696455982264264 -0.00024048737441262347 0.00021507491169359128 0.00023774231609422714 -0.00015649487307863469 -6.112569535616785e-05 3.4238438985312314e-05 0.00027330977014650631 -0.00018480632890714331 -0.00010570561650768338 0.00011434672633185982 0.00025754196459191998 0.00018011368256338754 -7.6205938743302025e-05 -1.5859544334395241e-05 3.1702641808806217e-05 -2.5907158144816224e-05 -0.00011196808228795326 7.9744728538892504e-05 -0.00010001584787460161
leaf_weight=32 20 32 22 24 20 20 20 37 25 21 24 20 20 59 24 32 23 20 28 30 22 30 39 29 24 35 26 34 58
leaf_count=32 20 32 22 24 20 20 20 37 25 21 24 20 20 59 24 32 23 20 28 30 22 30 39 29 24 35 26 34 58
internal_value=2.58002e-13 1.70066e-05 -3.87516e-06 0.000141526 0.000116615 -2.45325e-05 -0.000115881 -2.33001e-05 -2.2001e-05 -6.58333e-05 -3.9249e-05 2.06593e-05 -2.62404e-06 -3.5924e-05 7.47234e-05 -8.94238e-05 1.42265e-06 2.50211e-05 6.65539e-05 0.000108863 6.72999e-05 8.16847e-05 6.64305e-06 -0.000105493 -0.000101998 5.85864e-05 -4.86997e-05 -3.33082e-06 -0.000141129
internal_weight=850 502 415 46 87 348 77 57 369 182 161 187 167 135 44 91 271 222 142 114 91 55 69 49 106 67 80 60 82
internal_count=850 502 415 46 87 348 77 57 369 182 161 187 167 135 44 91 271 222 142 114 91 55 69 49 106 67 80 60 82
is_linear=0
shrinkage=0.3


Tree=70
num_leaves=14
num_cat=0
split_feature=0 3 0 18 21 13 9 1 14 9 3 27 9
split_gain=3.48688e-06 4.97647e-06 4.85179e-06 4.10056e-06 4.42773e-06 1.21916e-05 6.82354e-06 1.19684e-05 8.01371e-06 5.58814e-06 5.53064e-06 4.96118e-06 4.79076e-06
threshold=3.1891794738638519 3.4030426740646367 3.451817952874523 1.0679302365615826 0.034085500000000012 0.017913046216095022 0.028959496602853813 4.3761198325488069 0.018830428467638435 0.025118626560862608 3.8687015771865849 0.7993935000000002 0.01426578116802847
decision_type=2 2 2 2 2 2 2 2 2 2 2 2 2
left_child=-1 -2 -3 4 5 12 9 8 -8 10 -6 -11 -4
right_child=1 2 3 -5 6 -7 7 -9 -10 11 -12 -13 -14
leaf_value=-0.00011272350920989992 0.00012994812358455316 -0.00013384994470015953 -9.6890961643881525e-05 -0.00011641470590257084 0.00011376271660894318 0.00025256353601434963 -9.2482649280490077e-05 -0.00023630021992019086 0.00013259082282957024 0.00021295379215602718 -6.4638927087240805e-06 2.6676623923366046e-05 8.7038656231015914e-05
leaf_weight=24 27 24 26 25 37 24 35 29 24 22 497 31 25
leaf_count=24 27 24 26 25 37 24 35 29 24 22 497 31 25
internal_value=3.71194e-13 3.27526e-06 -1.0053e-06 3.1086e-06 7.09271e-06 7.62444e-05 -5.90807e-07 -7.84934e-05 -9.27339e-07 1.10879e-05 1.86642e-06 0.000103999 -6.72938e-06
internal_weight=850 826 799 775 750 75 675 88 59 587 534 53 51
internal_count=850 826 799 775 750 75 675 88 59 587 534 53 51
is_linear=0
shrinkage=0.3


Tree=71
num_leaves=23
num_cat=0
split_feature=10 10 7 17 7 16 20 4 9 19 18 9 17 4 8 9 26 29 14 9 9 12
split_gain=3.23438e-06 3.30983e-06 3.85213e-06 6.86921e-06 7.44117e-06 1.55125e-05 7.95048e-06 6.42965e-06 6.01012e-06 1.39597e-05 1.54594e-05 1.26989e-05 1.11901e-05 1.15614e-05 9.88136e-06 8.47138e-06 2.03365e-05 7.05406e-06 4.99237e-06 4.76378e-06 4.31943e-06 4.17316e-06
threshold=2.4272884762833402 1.9885119795452082 0.0053716320036375767 0.0035874521200372662 0.009735797353734409 0.002567522995404485 0.5914345000000002 37531850.000000007 0.013972305246681178 0.039171500000000005 -0.10934173766162723 0.01353762239827406 0.0012777396474041665 6653450.0000000009 0.029253528901105583 0.012484504705880976 0.24602250000000003 1.5000000000000002 0.013861372395831909 0.016911531060344449 0.017668638467838678 0.0006729117710427688
decision_type=2 2 2 2 2 2 2 2 2 2 2 2 2 2 2 2 2 2 2 2 2 2
left_child=1 2 7 18 5 -5 20 8 11 12 17 15 -10 -14 -12 16 -1 -11 21 -20 -6 -4
right_child=-2 -3 3 4 6 -7 -8 -9 9 10 14 -13 13 -15 -16 -17 -18 -19 19 -21 -22 -23
leaf_value=0.00032474363422027504 -0.00010856550788957975 8.84622660158549e-05 0.00015710175529761727 5.9237213962103029e-06 -2.7760420013486686e-05 -0.00028549597695278601 -0.00017328962849205709 0.00016466264873997717 -0.00029727316974458517 6.1583102292295697e-05 -0.00014938526343361114 0.00025605080742895114 -0.00024243925536211462 -1.0576085744560259e-05 4.5546339868451471e-05 -0.000110858373894492 5.4994348015351272e-06 0.00024267969612310478 -0.00015673069040531118 5.0329803125350734e-05 0.00013984107525902799 -4.7085456187162959e-06
leaf_weight=21 24 39 32 31 31 35 20 24 20 49 44 23 24 100 50 36 124 32 20 20 25 26
leaf_count=21 24 39 32 31 31 35 20 24 20 49 44 23 24 100 50 36 124 32 20 20 25 26
internal_value=4.60311e-13 3.15445e-06 -1.07301e-06 -3.27594e-05 -7.4923e-05 -0.000148617 -1.09255e-05 1.28296e-05 5.86212e-06 -1.98556e-05 3.70725e-05 4.60775e-05 -8.9039e-05 -5.54528e-05 -4.56982e-05 1.93958e-05 5.17348e-05 0.000133127 2.83349e-05 -5.32004e-05 4.70617e-05 8.45661e-05
internal_weight=850 826 787 240 142 66 76 547 523 319 175 204 144 124 94 181 145 81 98 40 56 58
internal_count=850 826 787 240 142 66 76 547 523 319 175 204 144 124 94 181 145 81 98 40 56 58
is_linear=0
shrinkage=0.3


Tree=72
num_leaves=12
num_cat=0
split_feature=21 24 26 12 26 21 18 11 11 12 6
split_gain=3.25379e-06 3.8324e-06 5.96263e-06 5.98224e-06 5.75541e-06 6.87956e-06 5.3406e-06 4.19328e-06 8.02828e-06 3.736e-06 1.77176e-06
threshold=0.92288700000000012 0.70833350000000006 0.18092950000000005 0.00080596231873265769 0.23855200000000001 0.60852950000000006 -0.21813608980769542 75.470813105509393 72.493405841894358 -0.0046662819158765235 0.0039643125692368332
decision_type=2 2 2 2 2 2 2 2 2 2 2
left_child=1 2 3 -1 -4 7 -3 8 9 -6 -8
right_child=-2 6 4 -5 5 -7 10 -9 -10 -11 -12
leaf_value=-4.6282635862966844e-06 -0.00011387027303002965 -5.0530926127976276e-05 0.00014512128318892791 -0.00023132818081649019 -7.5232036897432416e-05 -0.00016647277971060248 0.0002024732913127991 0.00010362029804961518 -0.00016826202129595913 1.191662795176135e-05 7.619662856086506e-05
leaf_weight=22 22 20 25 20 48 22 20 36 25 570 20
leaf_count=22 22 20 25 20 48 22 20 36 25 570 20
internal_value=-3.08319e-13 3.02554e-06 -2.67921e-06 -0.000112581 3.67872e-06 -1.36559e-06 7.60463e-05 3.98398e-06 -1.59442e-06 5.1478e-06 0.000139335
internal_weight=850 828 768 42 726 701 60 679 643 618 40
internal_count=850 828 768 42 726 701 60 679 643 618 40
is_linear=0
shrinkage=0.3


Tree=73
num_leaves=25
num_cat=0
split_feature=10 19 17 7 1 20 27 16 16 10 13 17 10 18 12 17 20 16 27 26 18 26 13 5
split_gain=2.65737e-06 7.42882e-06 5.73967e-06 9.00194e-06 5.47618e-06 5.18421e-06 4.69674e-06 9.98868e-06 9.2586e-06 7.2947e-06 5.29359e-06 5.20023e-06 3.72555e-06 8.70831e-06 8.35064e-06 1.08116e-05 8.87292e-06 9.62358e-06 8.20369e-06 5.81942e-06 7.12848e-06 6.83645e-06 6.38996e-06 3.1033e-06
threshold=1.4626556693369184 0.81612550000000017 0.0012777396474041665 0.0096063900469660034 4.1735704844040908 0.48202100000000009 0.65675500000000009 0.0060667345244161007 0.0040080601728386895 1.2276314038531819 0.017387190246224486 0.0052723772560231219 0.95702389487062989 0.18335389490854684 -0.00028447078705374839 0.0017512700486640679 0.057058000000000005 0.0039254170901619279 0.8952500000000001 0.91138300000000017 -0.14396600645178073 0.72636200000000006 0.019508731417674573 0.0015209755372358948
decision_type=2 2 2 2 2 2 2 2 2 2 2 2 2 2 2 2 2 2 2 2 2 2 2 2
left_child=6 2 -2 4 -4 -6 7 8 11 12 23 -1 14 18 19 -16 -17 -18 -14 20 21 -8 -22 -11
right_child=1 -3 3 -5 5 -7 9 -9 -10 10 -12 -13 13 -15 15 16 17 -19 -20 -21 22 -23 -24 -25
leaf_value=-0.00015723756179795599 -0.0001211491107369511 -0.00019646915587310848 -3.5919286742114305e-05 -0.00010025134837026901 0.0002146874355202594 1.8779608653858302e-05 1.0680209539714269e-05 -0.00024182351792660482 0.00014616548396861615 -3.3575758841055046e-05 0.00023074146989859976 3.478945413503838e-05 -3.0537002779359075e-05 9.4904926678282217e-05 0.00028335383743979033 -0.00010962910978378204 0.00017926860762145224 -2.4331325354019958e-05 -0.00026647746313496358 -0.00013346518621801807 -1.3436177497614483e-05 0.00016972383715862331 -0.00019081780891221049 0.00011898485034700049
leaf_weight=30 32 22 24 36 31 20 75 20 25 21 22 22 36 25 20 26 48 37 21 31 141 36 21 28
leaf_count=30 32 22 24 36 31 20 75 20 25 21 22 22 36 25 20 26 48 37 21 31 141 36 21 28
internal_value=-2.38662e-13 -3.41776e-05 -9.20965e-06 2.30612e-05 8.22512e-05 0.000137861 8.23256e-06 -5.29288e-05 -3.86522e-06 1.83221e-05 0.00010849 -7.59954e-05 5.93926e-06 -5.27163e-05 1.69962e-05 8.03157e-05 4.37322e-05 9.06428e-05 -0.000117462 -1.02895e-05 3.69743e-06 6.22619e-05 -3.64301e-05 5.36017e-05
internal_weight=850 165 143 111 75 51 685 97 77 588 71 52 517 82 435 131 111 85 57 304 273 111 162 49
internal_count=850 165 143 111 75 51 685 97 77 588 71 52 517 82 435 131 111 85 57 304 273 111 162 49
is_linear=0
shrinkage=0.3


Tree=74
num_leaves=27
num_cat=0
split_feature=20 6 5 13 9 13 11 16 14 16 11 16 17 17 11 18 27 6 15 26 4 4 8 27 20 16
split_gain=2.94757e-06 2.70678e-06 2.88052e-06 5.08993e-06 8.10259e-06 7.62983e-06 5.52258e-06 7.41201e-06 8.72644e-06 6.95806e-06 6.66651e-06 3.92439e-06 7.79827e-06 9.57913e-06 8.04458e-06 7.50064e-06 9.89412e-06 6.02964e-06 5.85704e-06 4.95144e-06 6.77107e-06 1.0052e-05 4.81997e-06 3.66308e-06 6.86449e-06 3.58146e-06
threshold=0.014263000000000003 0.025556007472228061 0.0034571707206944263 0.014350699949644658 0.014630465346260673 0.014999504273838412 52.793398558954699 0.001863932777792561 0.014634800933264891 0.0020811656407541336 43.110640581591504 0.0039721946986121517 0.0079889955703383118 0.0019723376146160705 54.415589775482836 -0.29992340783797616 0.88173850000000009 0.0017315903893120393 -0.0071684747594770856 0.59411150000000001 20269350.000000004 11568950.000000002 -0.0071217667071487786 0.76174150000000018 0.12690250000000003 0.0069626336155175295
decision_type=2 2 2 2 2 2 2 2 2 2 2 2 2 2 2 2 2 2 2 2 2 2 2 2 2 2
left_child=-1 2 11 4 -4 -5 9 -8 -9 -7 -11 12 13 14 -2 16 -15 -14 -17 23 21 22 -21 25 -25 -13
right_child=1 -3 3 5 -6 6 7 8 -10 10 -12 19 17 15 -16 18 -18 -19 -20 20 -22 -23 -24 24 -26 -27
leaf_value=0.00011380679970898199 1.9746447070128456e-05 -0.00011176980212098897 -0.00016954746108616557 0.0001828693787683733 5.6704653625112251e-05 8.1905481772170588e-05 -5.0182646165060418e-05 0.00025862706897896711 5.1347335637033481e-05 3.5931219653044219e-05 -0.00016771206059134922 7.0601894318817105e-05 -0.0002705708310324033 -0.00015862992944388869 -0.00020618869082165867 -1.5124101470143575e-05 9.0668160581354522e-05 -4.5830841744728708e-05 0.00012521795256361656 0.00011034174119982787 0.00010040384626895851 -0.00020578658200633981 -8.1844670512509771e-05 -5.0582071457154533e-06 0.0001898802302142989 -8.4343669790541744e-05
leaf_weight=20 23 20 29 30 28 31 38 25 68 23 39 29 21 38 37 46 23 22 64 23 26 32 24 29 37 25
leaf_count=20 23 20 29 30 28 31 38 25 68 23 39 29 21 38 37 46 23 22 64 23 26 32 24 29 37 25
internal_value=3.77173e-13 -2.74233e-06 -5.02958e-08 2.2611e-05 -5.84061e-05 4.07919e-05 2.17637e-05 6.14531e-05 0.000107068 -3.41428e-05 -9.2167e-05 -1.41738e-05 -3.82825e-05 -1.64465e-05 -0.00011958 1.97408e-05 -6.46323e-05 -0.000155588 6.65295e-05 1.51852e-05 -3.23913e-05 -7.6096e-05 1.2204e-05 5.68145e-05 0.000104225 -1.13216e-06
internal_weight=850 830 810 311 57 254 224 131 93 93 62 499 274 231 60 171 61 43 110 225 105 79 47 120 66 54
internal_count=850 830 810 311 57 254 224 131 93 93 62 499 274 231 60 171 61 43 110 225 105 79 47 120 66 54
is_linear=0
shrinkage=0.3


Tree=75
num_leaves=24
num_cat=0
split_feature=3 26 17 12 2 26 15 5 2 8 22 14 12 9 5 9 14 23 21 9 22 25 7
split_gain=2.47254e-06 3.36511e-06 1.08606e-05 1.51195e-05 5.83054e-06 7.87276e-06 6.00132e-06 5.2976e-06 3.62258e-06 5.44711e-06 1.26877e-05 6.57137e-06 6.34625e-06 7.70745e-06 6.30157e-06 6.08804e-06 5.36635e-06 7.65103e-06 6.79223e-06 5.90154e-06 3.75294e-06 6.20631e-06 3.02917e-06
threshold=7.2577052116394052 0.81867750000000006 0.0017699097866309898 -0.00019964345283545617 4.7308991643144838 0.91449600000000009 -0.001994113194132566 -0.0019215167570850887 3.9540802067945173 0.043876228630591978 0.47328450000000005 0.026478675653705385 -0.0042470995814758196 0.024764519215521967 0.0074130201182371408 0.01606993081270058 0.021178258060895846 0.36666650000000006 0.26476650000000007 0.014832095593918798 0.27524950000000009 1.0000000180025095e-35 0.0019398849651730014
decision_type=2 2 2 2 2 2 2 2 2 2 2 2 2 2 2 2 2 2 2 2 2 2 2
left_child=1 8 3 -3 5 6 -4 -7 16 11 15 12 -10 14 -14 -11 17 19 -19 -1 21 -17 -18
right_child=-2 2 4 -5 -6 7 -8 -9 9 10 -12 -13 13 -15 -16 20 22 18 -20 -21 -22 -23 -24
leaf_value=-2.4670246693858642e-05 -0.00010166028784754287 -3.8226937695071685e-05 -7.0221572685759089e-05 0.00030329371264607681 0.00011858700396000391 -2.4698899817719524e-05 0.00010661848114418367 -0.00023310660297916593 -0.00013717864380851096 -0.00017146735397387681 -0.00028517546421166377 -0.00015153258191276107 -1.4060062457305902e-05 0.00017922649035776535 0.00010211326133195634 2.335007862614345e-05 3.8519604504472224e-05 4.4660493949777445e-05 -0.00016378677463802996 0.00018162858022361222 0.00011597534250540774 -0.00016470280353876826 0.00019611216979999722
leaf_weight=24 21 20 31 28 28 21 39 23 24 23 21 24 219 26 52 56 21 24 34 26 20 22 23
leaf_count=24 21 20 31 28 28 21 39 23 24 23 21 24 219 26 52 56 21 24 34 26 20 22 23
internal_value=-3.24968e-13 2.57523e-06 3.76276e-05 0.000160993 -4.07353e-06 -3.42007e-05 2.83036e-05 -0.000133639 -7.84723e-06 -2.04666e-05 -6.9921e-05 -1.11434e-07 1.12098e-05 2.32008e-05 8.2315e-06 -3.25628e-05 3.25845e-05 -3.39483e-06 -7.75327e-05 8.26051e-05 3.72406e-08 -2.96905e-05 0.000120898
internal_weight=850 829 190 48 142 114 70 44 639 487 142 345 321 297 271 121 152 108 58 50 98 78 44
internal_count=850 829 190 48 142 114 70 44 639 487 142 345 321 297 271 121 152 108 58 50 98 78 44
is_linear=0
shrinkage=0.3


Tree=76
num_leaves=15
num_cat=0
split_feature=19 5 17 3 22 4 27 5 19 2 27 11 16 18
split_gain=3.17802e-06 9.17808e-06 9.03396e-06 4.87913e-06 4.25528e-06 7.75756e-06 2.93056e-06 3.5992e-06 2.98325e-06 3.05395e-06 3.63814e-06 3.86884e-06 2.71517e-06 2.5983e-06
threshold=-0.41768299999999997 0.0091256081177024124 0.0017137956361014423 4.922347068786622 0.48214450000000003 12200700.000000002 0.54319200000000012 -0.017664928998437055 -0.25752849999999999 3.1741717382587136 0.94013600000000019 55.813958824840498 0.0017575094518928536 0.088716110478294113
decision_type=2 2 2 2 2 2 2 2 2 2 2 2 2 2
left_child=1 2 -1 12 6 -6 -2 -8 -9 -10 11 -11 -4 -14
right_child=4 -3 3 -5 5 -7 7 8 9 10 -12 -13 13 -15
leaf_value=0.00024632013444054541 8.8055634536900586e-05 -0.00013829379770258625 -9.2688985335241477e-05 0.00015947717074595857 9.7464400612677445e-06 -0.00023146233579609543 0.00011876201476752612 -0.00011205808076192623 -0.00012139898476561938 2.1186265953617144e-05 0.00010137432764167897 -3.045456389758549e-05 -1.3878974476411759e-05 0.00011761038474235517
leaf_weight=22 31 22 21 22 28 21 20 25 20 233 29 297 38 21
leaf_count=22 31 22 21 22 28 21 20 25 20 233 29 297 38 21
internal_value=4.11081e-14 4.0281e-05 7.19636e-05 3.43573e-05 -8.35373e-06 -9.36287e-05 -1.97438e-06 -6.44702e-06 -1.0593e-05 -6.21197e-06 -2.09079e-06 -7.75209e-06 -5.06455e-08 3.29223e-05
internal_weight=850 146 124 102 704 49 655 624 604 579 559 530 80 59
internal_count=850 146 124 102 704 49 655 624 604 579 559 530 80 59
is_linear=0
shrinkage=0.3


Tree=77
num_leaves=27
num_cat=0
split_feature=13 6 25 22 9 5 4 22 3 2 1 21 21 22 19 27 21 15 18 9 9 14 26 13 26 27
split_gain=1.71657e-06 4.79132e-06 9.62529e-06 7.84703e-06 6.76586e-06 6.93146e-06 3.98709e-06 6.43772e-06 3.60842e-06 1.2906e-05 1.23016e-05 5.3016e-06 8.89785e-06 5.26497e-06 7.17944e-06 5.15131e-06 7.33181e-06 6.05946e-06 5.06371e-06 4.65111e-06 6.65727e-06 5.90936e-06 4.58559e-06 4.83022e-06 4.01879e-06 2.38148e-06
threshold=0.014949133058369835 -0.0044007403292101533 0.52777800000000019 0.48214450000000003 0.015544986633327191 -0.0014727321974019653 11700850.000000002 0.058859000000000002 4.4328112602233896 4.3398146548407572 4.5656757286258456 0.099489500000000008 0.15804000000000004 0.019100000000000002 0.52059200000000005 0.92405550000000003 0.51811350000000012 -1.0000000180025095e-35 0.94459100999611534 0.013477972832999887 0.017269709735913435 0.013503375853246962 0.18999050000000003 0.016269982215519927 0.037654000000000007 0.87627800000000011
decision_type=2 2 2 2 2 2 2 2 2 2 2 2 2 2 2 2 2 2 2 2 2 2 2 2 2 2
left_child=1 2 -1 4 5 -3 -7 -8 9 11 -10 19 -13 -12 15 16 17 -15 22 -2 -21 -22 24 -24 -14 -6
right_child=8 3 -4 -5 25 6 7 -9 10 -11 13 12 18 14 -16 -17 -18 -19 -20 20 21 -23 23 -25 -26 -27
leaf_value=-3.1143452808744489e-05 6.5021314963814808e-05 5.0548715735203585e-05 0.00022483707184392187 -0.00016651232492124012 1.6735234630447705e-05 -0.00021854101125262044 -0.00016391415594837002 4.7826557943153605e-05 0.00026069402052339034 -0.00022972566568403802 0.00015145880717516941 0.00020741022875011802 -1.3803311854384706e-05 0.0002584600413683802 -0.00012569955372194216 -9.2730624535099853e-05 -7.2564655387065031e-05 4.9747042451218156e-05 0.00015738139831228179 -0.00020878410056446648 -0.00015077775053048918 4.459504115833337e-05 8.9170287756132888e-05 -4.2272997115315565e-05 0.00016264658109391278 0.00013595647603506221
leaf_weight=39 25 35 20 37 38 22 28 24 21 22 22 23 21 21 34 22 22 31 20 26 22 38 30 156 26 25
leaf_count=39 25 35 20 37 38 22 28 24 21 22 22 23 21 21 34 22 22 31 20 26 22 38 30 156 26 25
internal_value=3.81747e-13 -1.98672e-05 5.56296e-05 -4.11797e-05 -1.42186e-05 -5.94537e-05 -0.000111482 -6.61877e-05 9.14848e-06 -6.21465e-06 4.54694e-05 6.4914e-06 2.87592e-05 1.57344e-05 -7.23432e-06 3.47221e-05 7.26135e-05 0.000134035 1.25181e-05 -4.88771e-05 -8.1987e-05 -2.70416e-05 8.35307e-08 -2.10725e-05 8.38073e-05 6.40453e-05
internal_weight=850 268 59 209 172 109 74 52 582 409 173 387 276 152 130 96 74 52 253 111 86 60 233 186 47 63
internal_count=850 268 59 209 172 109 74 52 582 409 173 387 276 152 130 96 74 52 253 111 86 60 233 186 47 63
is_linear=0
shrinkage=0.3


Tree=78
num_leaves=20
num_cat=0
split_feature=22 14 19 27 14 18 6 28 10 9 14 16 27 17 15 27 17 11 27
split_gain=2.90219e-06 2.27839e-06 6.1773e-06 3.88424e-06 4.88439e-06 1.24234e-05 3.66056e-06 4.90637e-06 5.40623e-06 2.7614e-06 5.77608e-06 3.55593e-06 6.79644e-06 9.2011e-06 6.46866e-06 5.4932e-06 4.23046e-06 3.40924e-06 2.58953e-06
threshold=0.9564680000000001 0.010020118525631111 -0.16431749999999998 0.52140950000000019 0.010893235436624921 -0.089690350462737101 0.0036530392228276971 1.0000000180025095e-35 0.85764312741151294 0.0092557703363945632 0.016100215383780408 0.0059880419758976252 0.78386100000000014 0.0060180546518634635 0.0015814206009796613 0.83271200000000012 0.0038797283902902769 69.148880912717757 0.81388250000000006
decision_type=2 2 2 2 2 2 2 2 2 2 2 2 2 2 2 2 2 2 2
left_child=1 2 -1 -3 5 -5 7 -4 -9 10 -6 12 13 -11 16 -16 -13 -14 -8
right_child=-2 3 6 4 9 -7 18 8 -10 11 -12 14 17 -15 15 -17 -18 -19 -20
leaf_value=0.00014474221917969935 0.00010511465854664413 -0.00014095404644649532 8.0135517328017153e-05 4.4334152866772801e-05 0.00019219276222429469 -0.00025834950850011132 -7.6936905315960751e-06 4.4824821608407156e-07 -0.00017470799372451188 -2.0721876716179838e-05 -2.6102174888364971e-05 0.00017914881166802843 -6.4307924380912723e-05 0.00015333646293229101 -9.8494555641082118e-05 4.9774269581101415e-05 3.5791342981445433e-05 2.4922774204280864e-05 0.00013990652188785254
leaf_weight=33 23 20 24 26 20 23 20 35 29 82 24 32 214 41 44 46 44 47 23
leaf_count=33 23 20 24 26 20 23 20 35 29 82 24 32 214 41 44 46 44 47 23
internal_value=-8.041e-14 -2.92338e-06 2.87371e-05 -1.07549e-05 -6.70519e-06 -9.77419e-05 -4.85607e-07 -3.55408e-05 -7.89194e-05 8.04572e-07 7.31228e-05 -4.98089e-06 -2.08409e-05 3.72976e-05 3.17075e-05 -2.27127e-05 9.61524e-05 -4.82396e-05 7.12553e-05
internal_weight=850 827 164 663 643 49 131 88 64 594 44 550 384 123 166 90 76 261 43
internal_count=850 827 164 663 643 49 131 88 64 594 44 550 384 123 166 90 76 261 43
is_linear=0
shrinkage=0.3


Tree=79
num_leaves=20
num_cat=0
split_feature=21 18 20 13 6 12 5 7 18 9 26 20 26 26 1 4 16 22 16
split_gain=1.90858e-06 1.97974e-06 2.27462e-06 5.9856e-06 8.72742e-06 8.59187e-06 3.02195e-06 3.23997e-06 5.47951e-06 5.79915e-06 7.76583e-06 5.47597e-06 6.82851e-06 5.35006e-06 4.69869e-06 4.10362e-06 2.82068e-06 4.16553e-06 2.15626e-06
threshold=0.92288700000000012 -1.0536440304615275 0.040214500000000007 0.014727604205913559 0.0054695932710537342 -0.0010706548351509678 0.012085809626369846 0.0059349371144838143 0.75516894031771431 0.024596777118194413 0.5867150000000001 0.087474500000000011 0.51858250000000006 0.85130150000000016 5.92204002472808 9362950.0000000019 0.0014025338874722501 0.09414500000000002 0.0057088483584526216
decision_type=2 2 2 2 2 2 2 2 2 2 2 2 2 2 2 2 2 2 2
left_child=1 -1 3 -3 5 -5 7 8 9 14 -11 -9 15 -14 -4 -13 -8 -18 -19
right_child=-2 2 6 4 -6 -7 16 11 -10 10 -12 12 13 -15 -16 -17 17 18 -20
leaf_value=-8.6473323773878446e-05 -8.7210840245626807e-05 -7.0649881025828011e-05 1.2657901020961647e-05 4.6532436241167567e-05 -4.8269759463437371e-05 0.00031480622461198699 -4.1773746583519665e-05 -0.00018322575841177074 -0.00010246320150774689 2.498535679330175e-05 0.00023629508302648269 0.00016536775464970785 -0.00012248456358179282 3.8893681448826101e-05 -9.1556506959022954e-05 2.6252387864847803e-07 0.00017750590524519795 8.620281992079982e-05 -4.5429712970092492e-05
leaf_weight=22 22 27 289 22 24 21 23 22 39 49 23 20 64 26 45 42 25 24 21
leaf_count=22 22 27 289 22 24 21 23 22 39 49 23 20 64 26 45 42 25 24 21
internal_value=3.67041e-14 2.3172e-06 4.74076e-06 4.86024e-05 9.66593e-05 0.00017755 -1.04996e-06 -8.62563e-06 4.94628e-06 1.52639e-05 9.24871e-05 -4.33354e-05 -2.30881e-05 -7.58642e-05 -1.38296e-06 5.35223e-05 4.93731e-05 7.93213e-05 2.47743e-05
internal_weight=850 828 806 94 67 43 712 619 445 406 72 174 152 90 334 62 93 70 45
internal_count=850 828 806 94 67 43 712 619 445 406 72 174 152 90 334 62 93 70 45
is_linear=0
shrinkage=0.3


Tree=80
num_leaves=15
num_cat=0
split_feature=9 18 4 26 4 1 3 6 16 1 19 21 26 6
split_gain=2.03622e-06 5.41011e-06 3.47779e-06 4.08774e-06 3.07672e-06 4.62465e-06 4.46092e-06 2.89359e-06 2.47792e-06 9.32974e-06 5.66145e-06 4.93814e-06 4.60175e-06 2.78712e-06
threshold=0.028959496602853813 0.45414085346558503 18758300.000000004 0.38178900000000004 28943200.000000004 5.5647631643199995 6.3554680347442636 0.019750838384673199 0.0081054370535059515 4.201326524854017 0.35955950000000009 0.024173500000000004 0.91544200000000009 -0.0037952254618333638
decision_type=2 2 2 2 2 2 2 2 2 2 2 2 2 2
left_child=4 2 3 -2 6 -6 7 8 11 -10 -11 -1 13 -13
right_child=1 -3 -4 -5 5 -7 -8 -9 9 10 -12 12 -14 -15
leaf_value=0.00014396191346231321 6.2001353533402008e-05 -0.00015485486448799039 0.00010882902501180069 -0.00010080775370754834 -2.5974806776503099e-05 0.000167570255100145 -0.00013902019224588 0.00010932482615791504 -0.00022575543020138863 -5.8152169049208166e-05 0.00014092098870605697 4.2424165867193928e-05 -0.00011217537787160836 -5.4384127601109859e-06
leaf_weight=23 23 27 20 35 20 25 20 23 20 36 20 155 30 373
leaf_count=23 23 27 20 35 20 25 20 23 20 36 20 155 30 373
internal_value=-2.1535e-13 -3.91118e-05 9.5308e-07 -3.62455e-05 5.5124e-06 8.15502e-05 6.24258e-07 4.73145e-06 1.06988e-06 -4.98706e-05 1.29454e-05 7.73336e-06 2.1182e-06 8.61215e-06
internal_weight=850 105 78 58 745 45 700 680 657 76 56 581 558 528
internal_count=850 105 78 58 745 45 700 680 657 76 56 581 558 528
is_linear=0
shrinkage=0.3


Tree=81
num_leaves=23
num_cat=0
split_feature=3 27 4 21 21 16 29 6 21 7 7 21 16 16 14 13 12 15 28 0 14 27
split_gain=2.59169e-06 2.62452e-06 9.70783e-06 2.64732e-06 5.32866e-06 5.33479e-06 4.4475e-06 8.62294e-06 4.33134e-06 4.53437e-06 4.63964e-06 3.01541e-06 8.27937e-06 3.95941e-06 5.57256e-06 7.62957e-06 5.0821e-06 3.11614e-06 2.86363e-06 3.9602e-06 2.83871e-06 2.23208e-06
threshold=7.2577052116394052 0.94886950000000014 13814300.000000002 0.099489500000000008 0.15184800000000001 0.0019724151476268157 1.5000000000000002 -1.0000000180025095e-35 0.037090500000000005 -0.0049575749589087026 0.004210797798387309 0.21694550000000004 0.0052724190838453859 0.0039721946986121517 0.010630198101903675 0.015919572566969253 -0.0018021082620986145 0.0046332875211421562 1.0000000180025095e-35 5.3903318595450935 0.01655735877617728 0.90233250000000009
decision_type=2 2 2 2 2 2 2 2 2 2 2 2 2 2 2 2 2 2 2 2 2 2
left_child=1 3 -3 6 5 -5 8 -8 20 -10 -11 12 17 14 16 -16 -13 -6 -15 -20 -1 -9
right_child=-2 2 -4 4 11 -7 7 21 9 10 -12 13 -14 18 15 -17 -18 -19 19 -21 -22 -23
leaf_value=6.3360217883758104e-05 -0.00010408094065204361 -4.8595237617868969e-05 0.00022941420029383151 0.00022421559595386497 -5.8103699004939037e-05 5.096614231661078e-06 -9.3009217562212132e-05 4.5042047586321128e-05 -5.9278569356787815e-06 -0.00023710697177789527 -6.4293953457510917e-05 -9.2760255782715307e-05 -0.0002041084796118135 0.0001187740292516537 -0.00013935451909950254 -1.7739444007302771e-06 7.2440064711799901e-05 0.00010551311983363121 4.9924734098724385e-06 0.00013012733684768642 -7.9493992026462881e-05 0.00018351793099646648
leaf_weight=31 21 26 20 20 22 20 30 20 28 29 27 21 23 35 56 103 83 20 145 27 21 22
leaf_count=31 21 26 20 20 22 20 30 20 28 29 27 21 23 35 56 103 83 20 145 27 21 22
internal_value=-4.76757e-13 2.63655e-06 7.22784e-05 -1.4548e-06 9.0368e-06 0.000114656 -3.0458e-05 2.98328e-05 -6.23767e-05 -0.0001045 -0.000153786 1.14003e-06 -5.94233e-05 9.51581e-06 -1.49126e-05 -5.023e-05 3.90823e-05 1.98091e-05 4.05528e-05 2.46357e-05 5.66909e-06 0.000117577
internal_weight=850 829 46 783 575 40 208 72 136 84 56 535 65 470 263 159 104 42 207 172 52 42
internal_count=850 829 46 783 575 40 208 72 136 84 56 535 65 470 263 159 104 42 207 172 52 42
is_linear=0
shrinkage=0.3


Tree=82
num_leaves=18
num_cat=0
split_feature=21 27 11 4 11 4 4 10 13 8 5 15 10 9 10 10 11
split_gain=1.7173e-06 3.58282e-06 2.35011e-06 5.6466e-06 3.80618e-06 3.49173e-06 4.15514e-06 3.9115e-06 3.88616e-06 3.67185e-06 3.93351e-06 3.3512e-06 2.67482e-06 3.27884e-06 2.83786e-06 3.60173e-06 2.36357e-06
threshold=0.022918000000000004 0.94886950000000014 67.310571730026922 23903350.000000004 65.454514887097858 20882700.000000004 18993000.000000004 1.2681797705826852 0.02000000646656153 0.0383154399393262 0.0071048227343272485 -0.0036630001440991081 1.0635294877823886 0.01606993081270058 1.7976222329004647 1.2681797705826852 52.033049740682834
decision_type=2 2 2 2 2 2 2 2 2 2 2 2 2 2 2 2 2
left_child=-1 2 4 12 5 6 9 8 16 10 -2 -11 -4 -14 15 -15 -7
right_child=1 -3 3 -5 -6 7 -8 -9 -10 11 -12 -13 13 14 -16 -17 -18
leaf_value=-7.910785225249129e-05 -1.0634322207878024e-05 9.9153795674117797e-05 -8.1885086252146423e-05 -0.00017079843826492004 9.7754173139737044e-05 7.576871136734552e-05 -0.00013447481630820496 -3.7071497249030469e-05 -2.3959024110808967e-05 -4.3625433318084107e-06 5.9818013988338098e-05 -0.00016130616777445538 -6.4911918646733582e-05 0.00010930700183280351 0.00012796748778055189 -4.8707974634158447e-05 0.00020359461167295787
leaf_weight=24 306 33 37 23 39 30 23 32 20 25 93 24 36 20 25 37 23
leaf_count=24 306 33 37 23 39 30 23 32 20 25 93 24 36 20 25 37 23
internal_value=-3.31431e-13 2.29853e-06 -1.73201e-06 -3.20888e-05 7.05418e-06 9.13037e-07 -1.01154e-05 5.03835e-05 8.872e-05 -3.73089e-06 5.7869e-06 -8.12329e-05 -1.15061e-05 1.05619e-05 4.36967e-05 6.73588e-06 0.00013124
internal_weight=850 826 793 178 615 576 471 105 73 448 399 49 155 118 82 57 53
internal_count=850 826 793 178 615 576 471 105 73 448 399 49 155 118 82 57 53
is_linear=0
shrinkage=0.3


Tree=83
num_leaves=17
num_cat=0
split_feature=10 10 5 22 15 10 26 21 22 27 16 8 16 19 18 12
split_gain=1.63001e-06 1.40482e-06 2.69545e-06 6.93876e-06 6.21827e-06 8.56715e-06 3.29629e-06 3.08288e-06 2.75677e-06 5.61331e-06 2.56075e-06 6.08933e-06 4.49335e-06 2.36603e-06 3.53503e-06 3.41939e-06
threshold=2.4272884762833402 2.0954384315936694 0.005560712159608963 0.51059900000000014 0.0052957074231119797 1.0607639608231874 0.85796100000000008 0.63465550000000015 0.95042450000000012 0.93790750000000001 0.0018382397333054695 0.022728156437292899 0.0040080601728386895 0.40773750000000003 0.076527345723151757 6.2588700445441236e-05
decision_type=2 2 2 2 2 2 2 2 2 2 2 2 2 2 2 2
left_child=1 2 4 6 8 -6 7 13 9 10 11 -1 -12 15 -15 -4
right_child=-2 -3 3 -5 5 -7 -8 -9 -10 -11 12 -13 -14 14 -16 -17
leaf_value=-2.8522230835012338e-05 -7.7070955990166118e-05 6.5968481776508271e-05 0.00010533256519192946 -0.00017752894334262237 0.00025120683987386823 -1.3547535259435376e-05 -0.00010425809181404995 -9.4314548882918993e-05 -0.00010775661084153399 0.00011835710421429532 -6.1256095335032347e-05 9.4116229712588908e-05 1.007779054210308e-05 6.2222045107773733e-05 -7.9905357915777123e-05 -3.4435553876075726e-05
leaf_weight=76 24 30 50 25 22 22 28 23 20 37 129 70 207 28 36 23
leaf_count=76 24 30 50 25 22 22 28 23 20 37 129 70 207 28 36 23
internal_value=-1.76007e-13 2.23935e-06 -1.62502e-07 -2.90444e-05 1.03895e-05 0.00011883 -9.29908e-06 7.31875e-06 1.53728e-06 5.74899e-06 -2.8952e-06 3.0277e-05 -1.73093e-05 2.43813e-05 -1.77246e-05 6.1296e-05
internal_weight=850 826 796 213 583 44 188 160 539 519 482 146 336 137 64 73
internal_count=850 826 796 213 583 44 188 160 539 519 482 146 336 137 64 73
is_linear=0
shrinkage=0.3


Tree=84
num_leaves=19
num_cat=0
split_feature=18 6 16 27 10 18 26 21 21 17 7 16 16 8 8 21 19 5
split_gain=1.50491e-06 7.59716e-06 7.49536e-06 4.25461e-06 3.29605e-06 1.9135e-06 1.54373e-06 3.52718e-06 7.11772e-06 4.25868e-06 3.31139e-06 4.85641e-06 2.88851e-06 2.14003e-06 6.95196e-06 2.73037e-06 1.96861e-06 1.92113e-06
threshold=0.59127163604698862 0.0059880455325884933 0.0054249888453987913 0.9541535000000001 -0.08790109843153926 0.50981916187414622 0.85130150000000016 0.12978550000000003 0.15804000000000004 0.001904714675176654 0.0038423540992263013 0.0059760899409870647 0.0038204392685932042 -0.028022857203736137 -0.044859420487930339 0.21694550000000004 0.85312500000000013 -0.0014260614003143582
decision_type=2 2 2 2 2 2 2 2 2 2 2 2 2 2 2 2 2 2
left_child=3 2 4 5 -2 6 7 9 -9 -1 11 12 -8 14 -10 -15 -12 -11
right_child=1 -3 -4 -5 -6 -7 10 8 13 17 16 -13 -14 15 -16 -17 -18 -19
leaf_value=-0.00015392622971344751 8.6548602019320231e-05 -0.00013765362200501841 0.00017206517372255189 -0.00013209797287582541 -5.3709046417344852e-05 -8.8075397219323676e-05 9.1471259490087203e-06 0.00017214097168272762 7.2030886849461232e-05 4.1641403037107828e-05 0.00016253761006572115 0.00012509527255133435 -0.00012359292761539108 -6.382983641136282e-05 -0.00013420929355657118 1.4765106969965761e-05 3.2490916228198328e-05 -6.4966917375386404e-05
leaf_weight=29 25 20 37 23 38 22 36 22 24 29 22 20 25 45 38 343 20 32
leaf_count=29 25 20 37 23 38 22 36 22 24 29 22 20 25 45 38 343 20 32
internal_value=-8.362e-14 3.11343e-05 6.48918e-05 -5.11796e-06 1.94875e-06 -9.87068e-07 1.80993e-06 -4.85271e-06 5.52538e-06 -5.928e-05 3.22522e-05 -3.19285e-06 -4.52545e-05 -2.62027e-06 -5.43744e-05 5.64971e-06 0.000100611 -1.42843e-05
internal_weight=850 120 100 730 63 707 685 562 472 90 123 81 61 450 62 388 42 61
internal_count=850 120 100 730 63 707 685 562 472 90 123 81 61 450 62 388 42 61
is_linear=0
shrinkage=0.3


Tree=85
num_leaves=11
num_cat=0
split_feature=4 15 7 7 15 22 1 1 13 27
split_gain=1.74761e-06 2.78352e-06 1.67969e-06 2.73022e-06 3.30153e-06 2.61942e-06 2.34342e-06 2.0166e-06 2.89346e-06 2.14628e-06
threshold=42709300.000000007 0.023476416281866839 0.020239906865325098 0.013553149211693172 0.006913264460580615 0.9564680000000001 6.5721822397096856 6.0635676328918802 0.012359773248443241 0.84669450000000013
decision_type=2 2 2 2 2 2 2 2 2 2
left_child=1 2 3 5 -5 6 7 8 -1 -9
right_child=-2 -3 -4 4 -6 -7 -8 9 -10 -11
leaf_value=7.8014000655457502e-05 -8.5467535661466951e-05 0.00010999449259543325 -6.7994993533204709e-05 0.00013094070291704303 -2.1017749275580917e-05 0.00010437992352308355 9.54959652517573e-05 -4.5530494890044788e-06 -9.5225989639496186e-06 -0.00014353705239045664
leaf_weight=36 21 21 32 31 22 20 20 20 607 20
leaf_count=36 21 21 32 31 22 20 20 20 607 20
internal_value=-2.36114e-13 2.16504e-06 -6.37458e-07 2.14017e-06 6.78636e-05 -2.67773e-06 -5.72347e-06 -8.68743e-06 -4.62164e-06 -7.40451e-05
internal_weight=850 829 808 776 53 723 703 683 643 40
internal_count=850 829 808 776 53 723 703 683 643 40
is_linear=0
shrinkage=0.3


Tree=86
num_leaves=26
num_cat=0
split_feature=9 9 9 19 14 7 17 14 10 16 16 9 14 11 7 8 10 14 21 14 7 16 6 6 9
split_gain=1.45773e-06 1.50531e-06 6.99906e-06 4.1484e-06 3.73276e-06 3.59239e-06 9.53244e-06 4.45199e-06 3.50815e-06 6.64568e-06 4.27833e-06 3.46883e-06 3.37505e-06 7.16832e-06 3.93014e-06 3.87047e-06 3.61649e-06 3.48442e-06 3.34603e-06 2.68718e-06 2.61184e-06 2.34726e-06 2.01559e-06 2.77152e-06 2.09384e-06
threshold=0.0077064760457472145 0.013972305246681178 0.013619238300061216 -0.91635049999999996 0.0076190403529575127 -1.0000000180025095e-35 0.0019723376146160705 0.013453423013704748 0.95702389487062989 0.0035746196239205409 0.00155279728045331 0.028959496602853813 0.013927384106279139 54.714304725453886 0.0017985977492754937 0.009298743724766266 -0.030547663731011452 0.019125449294548406 0.46813900000000003 0.01917089780117558 0.0019398849651730014 0.0029607685486120793 0.0058770623627935085 -0.0082263393365219935 0.020399186234086878
decision_type=2 2 2 2 2 2 2 2 2 2 2 2 2 2 2 2 2 2 2 2 2 2 2 2 2
left_child=-1 2 12 -3 -5 6 7 -6 11 10 -10 20 13 14 -2 16 17 -14 -11 -17 -7 -15 23 -8 -24
right_child=1 3 -4 4 5 8 22 -9 9 18 -12 -13 15 21 -16 19 -18 -19 -20 -21 -22 -23 24 -25 -26
leaf_value=-8.0033978674691741e-05 0.00018445006048182223 -0.00013789486204456936 0.00015943323861424216 0.00010084369854553188 -0.00023476400888634648 0.00013567526325069981 5.9363079071772514e-05 -6.6431385615825067e-05 -1.4078395724936853e-05 6.8729985848810476e-05 -0.00015934564691330404 -5.4221629800220122e-05 -0.00010568980585296893 1.2303815841924485e-05 3.1968959178655118e-05 9.0612735075410445e-05 -0.00015480514339287764 6.1310514075043813e-05 -6.8268811602527932e-05 -4.930880518908712e-05 3.8628646490812161e-05 -0.00010912192592513747 -1.2074989186098368e-05 -6.1855021101956509e-05 0.00010720355476223629
leaf_weight=20 32 21 29 30 26 35 24 31 37 68 36 26 22 38 29 30 30 23 21 21 87 23 26 58 27
leaf_count=20 32 21 29 30 26 35 24 31 37 68 36 26 22 38 29 30 30 23 21 21 87 23 26 58 27
internal_value=5.75269e-13 1.92853e-06 1.99802e-05 -7.11363e-06 -1.95121e-06 -8.09433e-06 -4.03415e-05 -0.000143215 1.18781e-05 -1.86256e-05 -8.5717e-05 4.52673e-05 3.67319e-06 3.92397e-05 0.000111959 -3.07642e-05 -7.41225e-05 -2.03341e-05 3.64044e-05 3.2998e-05 6.64699e-05 -3.34797e-05 3.09384e-06 -2.63766e-05 4.86896e-05
internal_weight=850 830 277 553 532 502 192 57 310 162 73 148 248 122 61 126 75 45 89 51 122 61 135 82 53
internal_count=850 830 277 553 532 502 192 57 310 162 73 148 248 122 61 126 75 45 89 51 122 61 135 82 53
is_linear=0
shrinkage=0.3


Tree=87
num_leaves=27
num_cat=0
split_feature=20 22 9 7 7 1 12 6 2 7 22 21 21 7 18 16 9 29 11 12 7 7 19 19 10 11
split_gain=1.58887e-06 1.58383e-06 2.06096e-06 2.86875e-06 5.47532e-06 3.66452e-06 3.32786e-06 3.2008e-06 3.1486e-06 2.83519e-06 2.13111e-06 1.98751e-06 5.47451e-06 3.54017e-06 3.01101e-06 2.77986e-06 4.59974e-06 4.08283e-06 3.50132e-06 3.32645e-06 3.80137e-06 2.40456e-06 1.98096e-06 1.88779e-06 1.73705e-06 1.21855e-06
threshold=0.014263000000000003 0.088644000000000014 0.011466699521401251 1.0000000180025095e-35 -0.0037952254618333638 4.7436620178766526 0.0027645910911639807 0.0029220024331836222 4.0233172486096462 -0.0073652723383167895 0.015292500000000002 0.42430050000000002 0.39124000000000009 0.0051431284703012349 -0.51039074682157248 0.0067890293595758962 0.018911885816975924 1.5000000000000002 71.097128690971132 0.0031647827947148444 0.0071048227343272485 -0.0015661626188965487 0.51547150000000019 0.71823000000000015 1.7175581301102762 54.870346614454469
decision_type=2 2 2 2 2 2 2 2 2 2 2 2 2 2 2 2 2 2 2 2 2 2 2 2 2 2
left_child=-1 2 10 4 8 -6 7 22 -4 -10 -2 12 15 14 -13 18 17 -17 19 20 -3 -16 -5 -9 -8 -12
right_child=1 11 3 6 5 -7 24 23 9 -11 25 13 -14 -15 21 16 -18 -19 -20 -21 -22 -23 -24 -25 -26 -27
leaf_value=8.3556537329059201e-05 -9.8018865401172658e-06 -1.713959646790473e-05 0.00011759890466751329 0.00012152179811632127 -4.1443081647377914e-05 -0.00019834687939562301 0.00016690522386852535 -2.0693026850825514e-07 -8.8889365542854648e-05 6.4049498741951543e-05 0.00015336175613681136 -0.0001124735413259259 0.00014683651076796066 -0.00012202775674028854 -2.8815119814377489e-05 -0.00011669989961774263 -0.00016379909529335308 5.5078191011985339e-05 9.5059650216584987e-05 -0.00010836150435756685 7.9891552981275297e-05 9.0913224347297293e-05 5.5810559312400679e-06 -0.00012755618120536383 4.3368855092142312e-05 5.116238597630789e-05
leaf_weight=20 24 173 23 21 37 21 20 22 24 20 21 20 21 38 36 20 26 33 33 27 46 26 36 20 21 21
leaf_count=20 24 173 23 21 37 21 20 22 24 20 21 20 21 38 36 20 26 33 33 27 46 26 36 20 21 21
internal_value=-3.7948e-13 -2.01341e-06 1.40772e-05 2.26336e-06 -3.07701e-05 -9.82531e-05 3.17575e-05 1.99192e-06 2.76481e-05 -1.93717e-05 6.15115e-05 -1.26867e-05 -2.03314e-06 -4.63344e-05 -1.1257e-05 -1.07657e-05 -6.04455e-05 -9.74373e-06 3.30132e-06 -9.00772e-06 3.24138e-06 2.13935e-05 4.82961e-05 -6.08494e-05 0.00010363 0.000102262
internal_weight=850 830 331 265 125 58 140 99 67 44 66 499 379 120 82 358 79 53 279 246 219 62 57 42 41 42
internal_count=850 830 331 265 125 58 140 99 67 44 66 499 379 120 82 358 79 53 279 246 219 62 57 42 41 42
is_linear=0
shrinkage=0.3


Tree=88
num_leaves=16
num_cat=0
split_feature=15 15 26 14 15 15 13 12 5 27 13 19 22 14 16
split_gain=1.40192e-06 8.76972e-06 2.977e-06 2.44456e-06 2.10552e-06 5.06147e-06 1.70181e-06 2.32606e-06 1.46797e-06 1.71386e-06 2.1147e-06 1.72844e-06 2.71775e-06 2.43058e-06 8.56358e-07
threshold=0.0098425950572109937 0.011310128928281107 0.93779950000000012 0.018322485633651377 0.0085265012980569686 0.007611843080434999 0.019751448628206436 0.0021159467191538888 0.0088399830992716456 0.93790750000000001 0.016672296760977964 -0.41768299999999997 0.46080700000000002 0.011150113614017536 0.0040816286810732476
decision_type=2 2 2 2 2 2 2 2 2 2 2 2 2 2 2
left_child=2 -2 4 -3 5 8 7 14 9 11 -11 13 -13 -1 -5
right_child=1 3 -4 6 -6 -7 -8 -9 -10 10 -12 12 -14 -15 -16
leaf_value=0.00011136138005685307 0.00019249843708166737 -9.2097399237900385e-05 -0.00011400233782462071 -4.4940423968000681e-05 -7.0544940775251139e-05 0.00014354819317800732 -4.7354936567798075e-05 0.00011868626584739261 -8.0823162300345874e-05 -6.0571072253878812e-06 0.00012271070120484429 -4.3171817322666072e-06 -8.1754206742819699e-05 3.6663133999224683e-07 4.2850336467381563e-05
leaf_weight=26 24 24 22 20 38 22 27 23 21 24 22 436 45 56 20
leaf_count=26 24 24 22 20 38 22 27 23 21 24 22 436 45 56 20
internal_value=2.30971e-13 2.76741e-05 -5.3638e-06 -7.02578e-06 -1.89996e-06 2.10082e-06 1.566e-05 4.26664e-05 -2.83861e-06 -1.49488e-07 5.55275e-05 -4.69858e-06 -1.15618e-05 3.55601e-05 -1.04504e-06
internal_weight=850 138 712 114 690 652 90 63 630 609 46 563 481 82 40
internal_count=850 138 712 114 690 652 90 63 630 609 46 563 481 82 40
is_linear=0
shrinkage=0.3


Tree=89
num_leaves=18
num_cat=0
split_feature=22 26 15 22 13 2 27 16 5 10 11 1 7 16 2 3 7
split_gain=1.68812e-06 1.11906e-06 4.75757e-06 1.74424e-06 1.73055e-06 1.35411e-06 2.3422e-06 1.79495e-06 1.60926e-06 3.18118e-06 2.73748e-06 5.33147e-06 3.97036e-06 2.87328e-06 2.46099e-06 5.8314e-06 2.90624e-06
threshold=0.9564680000000001 0.90753000000000006 0.0038241440402621125 0.86034200000000005 0.016696541156749289 3.5667533523495556 0.87021350000000008 0.0047022388862048388 -0.013753731659219916 -0.083470029780217878 56.082207503396283 4.2163518793544945 0.0077072814778119036 0.0059230009973895385 4.210124913350529 4.4408633708953866 -0.0037383596984788014
decision_type=2 2 2 2 2 2 2 2 2 2 2 2 2 2 2 2 2
left_child=1 3 4 5 -3 6 7 -1 9 -7 11 12 -10 -13 16 -16 -12
right_child=-2 2 -4 -5 -6 8 -8 -9 10 -11 14 13 -14 -15 15 -17 -18
leaf_value=4.493484481605953e-05 8.0168154422806216e-05 -4.2968873848232238e-05 -0.00016129286090290406 8.0483410692977492e-05 8.0336159080616204e-05 -0.00013886956401857668 0.00012423124362612726 -6.4877407807476369e-05 -6.1292420786592252e-05 2.0698749176517593e-05 0.00010556781344348564 3.1751487245544823e-05 7.9567164989977917e-05 0.00012354144881620804 -0.00013374358997101477 -1.4059331065659722e-05 -1.1014239162114559e-05
leaf_weight=37 23 21 20 24 20 23 20 21 83 22 27 114 23 42 44 219 67
leaf_count=37 23 21 20 24 20 23 20 21 83 22 27 114 23 42 44 219 67
internal_value=-1.88145e-13 -2.22959e-06 -4.13357e-05 8.84612e-07 1.71799e-05 -1.69001e-06 3.57024e-05 5.17524e-06 -6.0825e-06 -6.08584e-05 -2.1004e-06 2.11877e-05 -3.07285e-05 5.64642e-05 -1.91914e-05 -3.40826e-05 2.24721e-05
internal_weight=850 827 61 766 41 742 78 58 664 45 619 262 106 156 357 263 94
internal_count=850 827 61 766 41 742 78 58 664 45 619 262 106 156 357 263 94
is_linear=0
shrinkage=0.3


Tree=90
num_leaves=15
num_cat=0
split_feature=5 18 18 22 27 4 16 12 29 26 21 2 4 7
split_gain=1.31155e-06 1.25127e-06 7.47971e-06 3.68674e-06 2.69107e-06 1.93202e-06 1.70151e-06 1.46963e-06 4.53119e-06 2.64195e-06 2.61345e-06 2.54328e-06 1.69656e-06 2.23226e-06
threshold=-0.021962949980317677 0.59127163604698862 0.75516894031771431 0.45213550000000008 0.9541535000000001 14829800.000000002 0.012138361307721326 -0.00054866272270454942 3.5000000000000004 0.039723500000000002 0.78222650000000005 5.8778130395347432 6062050.0000000009 0.003120175165727491
decision_type=2 2 2 2 2 2 2 2 2 2 2 2 2 2
left_child=-1 4 -3 5 6 -4 7 11 9 -9 -11 12 -2 -14
right_child=1 2 3 -5 -6 -7 -8 8 -10 10 -12 -13 13 -15
leaf_value=7.5915259803878153e-05 -6.9626403380122301e-05 0.00015876776506674699 -5.4587551931035703e-05 -0.00012037768975341865 -0.00011221861122976407 6.0097221753844322e-05 -8.9462976775394039e-05 -6.7493214304829903e-05 -0.00010560240469723274 1.9354210426374233e-05 0.00011824457538191032 -0.00011795991540566319 2.2135749927186004e-05 -4.2485257324642582e-05
leaf_weight=20 36 29 20 23 21 39 20 29 28 321 26 21 145 72
leaf_count=20 36 29 20 23 21 39 20 29 28 321 26 21 145 72
internal_value=2.16975e-13 -1.82928e-06 2.78164e-05 -1.84957e-05 -6.40601e-06 2.1221e-05 -3.22254e-06 -6.78575e-07 1.0824e-05 1.9494e-05 2.67639e-05 -1.76386e-05 -9.31148e-06 6.94678e-07
internal_weight=850 830 111 82 719 59 698 678 404 376 347 274 253 217
internal_count=850 830 111 82 719 59 698 678 404 376 347 274 253 217
is_linear=0
shrinkage=0.3


Tree=91
num_leaves=21
num_cat=0
split_feature=22 18 18 4 26 4 4 16 14 18 4 0 10 18 14 4 4 26 18 12
split_gain=1.74697e-06 1.05036e-06 2.55783e-06 4.26169e-06 2.8955e-06 2.55816e-06 2.23983e-06 2.76674e-06 2.58419e-06 3.19827e-06 5.39563e-06 2.77767e-06 2.00617e-06 1.85507e-06 1.74628e-06 1.85027e-06 2.50579e-06 1.73554e-06 1.08043e-06 1.01957e-06
threshold=0.9564680000000001 0.34783941628830412 0.8049567906533498 26429900.000000004 0.23122250000000003 10949600.000000002 24065600.000000004 0.0098820782731678224 0.014002394857568039 0.17759073090363228 18993000.000000004 4.8798029692508225 0.92819276483163338 0.56720331886953124 0.014719409799076986 6379000.0000000009 8243700.0000000009 0.50732500000000014 0.94459100999611534 0.00098958286554829615
decision_type=2 2 2 2 2 2 2 2 2 2 2 2 2 2 2 2 2 2 2 2
left_child=1 6 3 4 -3 -6 7 8 9 10 11 -1 13 -7 -10 -16 -17 -4 -19 -8
right_child=-2 2 17 -5 5 12 19 -9 14 -11 -12 -13 -14 -15 15 16 -18 18 -20 -21
leaf_value=-3.1927225154004688e-05 8.1553686955569154e-05 7.9953245949582191e-05 8.7299415855131179e-05 -0.0001622125697315863 3.3292034666893805e-05 -5.6274983171533671e-05 2.7252920139849615e-05 -8.8327382690617771e-05 0.00010341154080606428 7.1207487438668446e-05 -0.00017633640909480163 4.5006787172910245e-05 -4.6801885499547785e-06 -0.00017998578788819942 -5.8652431791415435e-05 9.8328657351295383e-05 1.1647924600438305e-05 3.9189510739974632e-05 -5.1966804552648682e-05 0.00011612842282764697
leaf_weight=182 23 21 26 23 28 24 26 31 24 34 20 55 24 20 25 37 159 22 25 21
leaf_count=182 23 21 26 23 28 24 26 31 24 34 20 55 24 20 25 37 159 22 25 21
internal_value=6.17859e-14 -2.26812e-06 -2.04204e-05 -4.41595e-05 -2.09525e-05 -4.30257e-05 4.02901e-06 -1.18776e-06 3.85204e-06 -1.52614e-05 -2.67008e-05 -1.40733e-05 -7.44506e-05 -0.000112507 2.65541e-05 1.82076e-05 2.80111e-05 2.51066e-05 -9.29789e-06 6.69633e-05
internal_weight=850 827 213 140 117 96 614 567 536 291 257 237 68 44 245 221 196 73 47 47
internal_count=850 827 213 140 117 96 614 567 536 291 257 237 68 44 245 221 196 73 47 47
is_linear=0
shrinkage=0.3


Tree=92
num_leaves=21
num_cat=0
split_feature=17 10 12 10 7 5 22 25 17 20 2 0 0 26 19 3 17 27 15 20
split_gain=1.11634e-06 3.68906e-06 8.47709e-06 3.58135e-06 3.48726e-06 2.47719e-06 1.50855e-06 1.24708e-06 2.54887e-06 2.84562e-06 2.12952e-06 1.97069e-06 2.74064e-06 2.29244e-06 3.43832e-06 6.14479e-06 2.81822e-06 1.86978e-06 1.78823e-06 1.54397e-06
threshold=0.0014814447473596563 0.67144771305249751 -0.00098203573749610544 -0.52274439134334061 0.0060805486213993277 0.0075472565341073205 0.95162750000000018 0.52777800000000019 0.006179246449213003 0.069216000000000014 4.2651711083072446 6.3643134524364422 5.271208116191473 0.90879300000000007 0.36998100000000006 3.978691935539246 0.0055453441467527556 0.89801550000000008 -0.001768346263534321 0.36262950000000005
decision_type=2 2 2 2 2 2 2 2 2 2 2 2 2 2 2 2 2 2 2 2
left_child=1 2 3 -1 5 -3 7 11 9 18 -10 12 13 14 15 -2 -16 19 -9 -14
right_child=6 4 -4 -5 -6 -7 -8 8 10 -11 -12 -13 17 -15 16 -17 -18 -19 -20 -21
leaf_value=7.4481454050649462e-05 4.2430470620436683e-05 -0.00011793285248718495 0.00023834666337279486 -7.6879368498339312e-05 6.7300145528861324e-05 -2.2401173983629025e-06 -8.2802873988508841e-05 -0.00011121864648521296 2.2533819557995432e-05 5.6933894390697651e-05 0.00014991086677745055 -8.6952055637214335e-05 7.3743389720734933e-05 -0.0001084529586726355 -8.5956640387766207e-06 -6.1097276536837728e-05 7.3771867741575435e-05 0.00012497563120632548 3.4263653034827257e-06 -3.3959632542973849e-05
leaf_weight=34 73 31 20 24 30 36 22 25 27 35 21 28 23 22 88 176 65 21 24 25
leaf_count=34 73 31 20 24 30 36 22 25 27 35 21 28 23 22 88 176 65 21 24 25
internal_value=-6.58046e-15 2.13522e-05 6.99256e-05 1.18494e-05 -1.77068e-05 -5.57696e-05 -5.53576e-06 -2.93258e-06 2.31136e-05 -8.39937e-06 7.82613e-05 -9.53161e-06 -5.13451e-06 -1.41578e-05 -8.99737e-06 -3.07458e-05 2.63971e-05 5.0313e-05 -5.5066e-05 1.76481e-05
internal_weight=850 175 78 58 97 67 675 653 132 84 48 521 493 424 402 249 153 69 49 48
internal_count=850 175 78 58 97 67 675 653 132 84 48 521 493 424 402 249 153 69 49 48
is_linear=0
shrinkage=0.3


Tree=93
num_leaves=26
num_cat=0
split_feature=22 0 27 5 21 11 23 27 28 14 11 23 13 14 27 28 8 5 8 13 20 20 3 9 18
split_gain=1.35304e-06 1.25262e-06 1.1227e-06 2.78966e-06 2.92667e-06 1.90537e-06 3.47031e-06 1.28679e-06 3.90349e-06 2.05802e-06 3.22809e-06 2.83077e-06 2.2171e-06 2.03538e-06 3.35997e-06 6.98743e-06 5.52427e-06 2.98105e-06 4.15581e-06 2.40657e-06 2.14616e-06 2.44305e-06 1.68573e-06 1.60152e-06 1.57089e-06
threshold=0.9564680000000001 3.1891794738638519 0.70299550000000011 0.0072077711531038525 0.20957050000000002 60.805422291220971 0.45000000000000007 0.81867400000000012 1.0000000180025095e-35 0.014964161725036907 47.252775188539808 0.6333335000000001 0.017419716918452875 0.014964161725036907 0.87351800000000013 1.0000000180025095e-35 0.0080447555816085311 -0.0037037140929907452 0.051239489971836 0.014801772849351838 0.86107800000000012 0.50955250000000019 4.8032238483428964 0.027287468106035117 0.082898535723398906
decision_type=2 2 2 2 2 2 2 2 2 2 2 2 2 2 2 2 2 2 2 2 2 2 2 2 2
left_child=1 -1 3 4 -3 6 -6 8 -4 10 -10 -12 24 14 15 -9 -17 -16 -19 22 21 -21 -15 -14 -11
right_child=-2 2 7 -5 5 -7 -8 13 9 12 11 -13 23 19 17 16 -18 18 -20 20 -22 -23 -24 -25 -26
leaf_value=-7.4328908833974438e-05 7.1772275504886432e-05 -0.00013971257668226431 0.00011013728551985807 6.0204310083745751e-05 2.4146311507384114e-06 3.0707068141894595e-05 -0.00014597922593506866 -0.00018276060363859868 -0.00013005794085724378 0.0001369859027761322 5.1950922402608873e-05 -7.7205329034768497e-05 -6.0259347272221932e-05 -0.00015219027342936895 0.00011558409239876562 0.00014063431320080001 -6.1404707399748896e-05 -1.2401365466921356e-05 0.00012826420706915087 -1.3238131108585588e-05 -7.9507453512661638e-05 8.4198236094701714e-05 -3.1849400859197303e-05 5.212014886118205e-05 2.3144495098676995e-05
leaf_weight=21 23 23 39 29 37 39 23 21 21 24 42 24 25 20 37 21 29 89 24 115 32 29 22 21 20
leaf_count=21 23 23 39 29 37 39 23 21 21 24 42 24 25 20 37 21 29 89 24 115 32 29 22 21 20
internal_value=2.88357e-13 -1.99608e-06 -1.11483e-07 -2.34309e-05 -4.33114e-05 -2.09152e-05 -5.44697e-05 5.26445e-06 2.4221e-05 5.29031e-06 -2.76116e-05 4.98501e-06 3.70955e-05 -4.0627e-06 1.62255e-05 -3.75407e-05 2.34517e-05 4.16749e-05 1.74745e-05 -2.46301e-05 -9.23224e-06 6.38447e-06 -8.91546e-05 -8.95566e-06 8.52398e-05
internal_weight=850 827 806 151 122 99 60 655 216 177 87 66 90 439 221 71 50 150 113 218 176 144 42 46 44
internal_count=850 827 806 151 122 99 60 655 216 177 87 66 90 439 221 71 50 150 113 218 176 144 42 46 44
is_linear=0
shrinkage=0.3


Tree=94
num_leaves=12
num_cat=0
split_feature=2 21 2 26 5 4 4 15 17 17 14
split_gain=1.06588e-06 1.52898e-06 1.28815e-06 1.28639e-06 3.61358e-06 1.77035e-06 3.03538e-06 3.44179e-06 2.31233e-06 1.96465e-06 1.39529e-06
threshold=6.5146866517100657 0.023222500000000004 6.0856814391080061 0.91544200000000009 0.0017315903893120393 33801900.000000007 20621900.000000004 -0.0035151088145489321 0.0051768754311448924 0.010610077804864592 0.020887766314214084
decision_type=2 2 2 2 2 2 2 2 2 2 2
left_child=1 -1 3 5 -5 6 9 -8 -9 10 -3
right_child=-2 2 -4 4 -6 -7 7 8 -10 -11 -12
leaf_value=6.7996562413302146e-05 5.126389023579187e-05 -1.7533653028860453e-06 -6.3562754777990446e-05 3.0258455848050527e-05 -0.00014186618240533529 -8.2811886717205525e-05 0.00015486879581500115 5.8438217340463252e-05 -5.940661267852027e-05 7.815445973574242e-05 -4.4245272002390935e-05
leaf_weight=27 35 492 32 23 21 22 23 47 22 25 81
leaf_count=27 35 492 32 23 21 22 23 47 22 25 81
internal_value=1.27918e-13 -2.20152e-06 -4.60678e-06 -2.11129e-06 -5.18919e-05 9.65043e-07 3.63619e-06 5.43656e-05 2.08645e-05 -4.16833e-06 -7.76007e-06
internal_weight=850 815 788 756 44 712 690 92 69 598 573
internal_count=850 815 788 756 44 712 690 92 69 598 573
is_linear=0
shrinkage=0.3


Tree=95
num_leaves=24
num_cat=0
split_feature=27 3 11 8 17 6 19 9 14 7 19 4 17 23 13 17 2 0 7 22 21 21 26
split_gain=8.46274e-07 4.98791e-06 1.03154e-06 2.41974e-06 1.79702e-06 2.28875e-06 2.97558e-06 2.85669e-06 2.09712e-06 2.00149e-06 1.20161e-06 2.18396e-06 3.23083e-06 2.46875e-06 2.528e-06 1.86658e-06 1.82596e-06 2.73936e-06 2.03792e-06 1.59624e-06 1.52831e-06 4.70987e-06 2.71638e-06
threshold=0.94886950000000014 4.1760947704315194 66.878379803449903 0.065872304079060043 0.0071748867594056921 0.010446376360568841 0.25261050000000002 0.01606993081270058 0.012956328560711385 1.0000000180025095e-35 0.16161550000000002 7609400.0000000009 0.0034602454358311943 0.55000000000000016 0.020334755829986648 0.0056443573280567346 4.867039906183356 4.6542507541130673 0.0030053822240598163 0.45213550000000008 0.31554850000000007 0.43694100000000008 0.72829700000000008
decision_type=2 2 2 2 2 2 2 2 2 2 2 2 2 2 2 2 2 2 2 2 2 2 2
left_child=2 -2 3 10 5 6 7 -4 -9 -8 11 12 -1 14 19 -14 17 20 -18 -13 22 -22 -12
right_child=1 -3 4 -5 -6 -7 9 8 -10 -11 16 13 15 -15 -16 -17 18 -19 -20 -21 21 -23 -24
leaf_value=-0.00012505506477295699 -4.4986363405365004e-05 0.00015267994147734497 -2.9251383693917887e-05 9.7052896580862577e-05 -7.9983027449328031e-05 -8.6147467585659699e-05 -0.000111904103137435 0.00016948794761219687 3.7953826154080159e-05 4.9141111627580934e-06 8.6977369309860312e-05 -4.2383927964982456e-06 6.5801509626908222e-05 -9.9159498145127148e-05 -8.8732147859056044e-05 -5.251735303318128e-05 -0.00011062480558393871 0.00012046756986819674 2.0314509121184846e-05 4.7528350585386815e-05 -0.00013521543600786984 3.6132840666271343e-05 -4.905669942021252e-06
leaf_weight=34 27 20 25 24 38 27 22 20 24 33 51 113 20 20 21 30 20 25 23 102 22 42 67
leaf_count=34 27 20 25 24 38 27 22 20 24 33 51 113 20 20 21 30 20 25 23 102 22 42 67
internal_value=-3.89491e-13 3.9127e-05 -2.29012e-06 3.67545e-06 -2.16703e-05 -6.99563e-06 1.0239e-05 5.17299e-05 9.77421e-05 -4.18132e-05 -1.22952e-07 -1.17323e-05 -5.37067e-05 2.04058e-06 1.06169e-05 -5.18981e-06 1.56657e-05 2.73512e-05 -4.05875e-05 2.03207e-05 1.45605e-05 -2.27681e-05 3.48065e-05
internal_weight=850 47 803 614 189 151 124 69 44 55 590 340 84 256 236 50 250 207 43 215 182 64 118
internal_count=850 47 803 614 189 151 124 69 44 55 590 340 84 256 236 50 250 207 43 215 182 64 118
is_linear=0
shrinkage=0.3


Tree=96
num_leaves=18
num_cat=0
split_feature=15 22 27 17 0 24 7 17 7 12 27 21 8 20 8 18 5
split_gain=1.00885e-06 5.89981e-06 2.93156e-06 1.29271e-06 1.19275e-06 1.10888e-06 1.02323e-06 2.80719e-06 2.45761e-06 4.27271e-06 3.88361e-06 2.29819e-06 2.26926e-06 2.0341e-06 2.07868e-06 1.62512e-06 9.76791e-07
threshold=0.010841490420433336 0.46624700000000002 0.9541535000000001 0.0046404287252500504 6.5500685172550019 0.22500000000000003 0.010772220527041224 0.0031775728065777989 0.0057973475852445095 0.0026416031025550467 0.87291150000000017 0.27834550000000008 0.081300349673998337 0.3047990000000001 0.054105708775268511 -0.44441210583889917 0.015748576708279047
decision_type=2 2 2 2 2 2 2 2 2 2 2 2 2 2 2 2 2
left_child=2 3 4 5 6 16 8 -8 12 10 -10 -9 13 14 -1 -15 -2
right_child=1 -3 -4 -5 -6 -7 7 11 9 -11 -12 -13 -14 15 -16 -17 -18
leaf_value=-2.6290478477076534e-05 -0.0001016622432814529 0.0001434182225129289 -0.00010735523082985309 4.7079839394427834e-05 6.1100203028116896e-05 1.9532566511770707e-05 9.3213494792507846e-05 -7.8715084696846644e-05 -0.00015121534374753327 6.4727801046418873e-05 -1.457276803193963e-05 3.8520137834840327e-05 -9.8136579945276017e-05 7.4253276943636584e-05 7.5363595283306498e-05 1.1886653246575822e-05 -1.306645346111119e-05
leaf_weight=191 24 29 24 25 27 24 35 27 39 22 36 34 20 46 20 206 21
leaf_count=191 24 29 24 25 27 24 35 27 39 22 36 34 20 46 20 206 21
internal_value=1.47398e-13 2.5127e-05 -4.25119e-06 -1.13671e-05 -7.31282e-07 -3.25436e-05 -3.20088e-06 2.5488e-05 -7.94939e-06 -5.15258e-05 -8.56269e-05 -1.33709e-05 8.01988e-07 5.07579e-06 -1.6655e-05 2.3271e-05 -6.03175e-05
internal_weight=850 123 727 94 703 69 676 96 580 97 75 61 483 463 211 252 45
internal_count=850 123 727 94 703 69 676 96 580 97 75 61 483 463 211 252 45
is_linear=0
shrinkage=0.3


Tree=97
num_leaves=30
num_cat=0
split_feature=12 12 26 16 9 26 20 13 16 27 23 18 5 4 16 6 18 29 27 27 14 16 15 15 5 18 4 7 5
split_gain=1.09722e-06 2.24505e-06 7.98499e-06 2.1049e-06 1.84367e-06 1.6925e-06 1.58757e-06 2.96061e-06 2.52468e-06 3.7111e-06 3.05693e-06 2.68176e-06 2.35157e-06 2.28643e-06 1.9938e-06 1.40123e-06 1.229e-06 1.12734e-06 1.46939e-06 3.56079e-06 2.76725e-06 2.18802e-06 1.73927e-06 3.41646e-06 2.2282e-06 2.0056e-06 1.68113e-06 9.27759e-07 6.51521e-07
threshold=0.00091169108949297982 -0.00022336428829957368 0.85448950000000012 0.003734826945329972 0.013477972832999887 0.91138300000000017 0.085122500000000018 0.015711512453551669 0.0019398641502869178 0.7440055000000001 0.77500000000000013 -0.13120277551543666 -0.0018867747324997309 14428700.000000002 0.0038059141006609198 0.0076191281043502127 -0.10087561997598628 3.5000000000000004 0.81307150000000006 0.7807535000000001 0.0099634826652713736 0.0018382397333054695 -0.0020366177899737337 -0.0056181942276104782 0.0088399830992716456 -0.019077503903686902 8077400.0000000009 0.0093786419242058213 0.0017762495521596721
decision_type=2 2 2 2 2 2 2 2 2 2 2 2 2 2 2 2 2 2 2 2 2 2 2 2 2 2 2 2 2
left_child=1 5 3 4 -3 17 7 -2 10 11 13 -10 -9 -8 28 27 -5 18 19 20 -1 -22 23 25 26 -20 -24 -16 -11
right_child=6 2 -4 16 -6 -7 8 12 9 14 -12 -13 -14 -15 15 -17 -18 -19 22 -21 21 -23 24 -25 -26 -27 -28 -29 -30
leaf_value=-0.00010520784475374967 -0.00013636408270394895 9.8562440008766221e-05 0.00021686330906959484 1.6300327970384384e-05 -2.3324963350253375e-08 -6.5943022564169949e-05 -5.1147882513760126e-05 6.9383185930291802e-05 1.7534393270540497e-05 6.0239521571929801e-05 -0.00011640902428718453 -0.00012733686572059724 -6.633956849731879e-05 7.9803219068708128e-05 8.1629623421195581e-05 -3.2409697580019825e-05 -8.3473868413420864e-05 5.9888595908354359e-05 5.8909432972659883e-05 0.00011080473050242289 9.8075463305893039e-05 -8.5780851428093474e-06 -3.869949149361673e-05 -0.00013729009684928834 -6.4915911351753094e-05 -5.8839423691097177e-05 6.3925097883304051e-05 3.0637935424238094e-06 0.00013589712884173161
leaf_weight=20 25 31 20 20 38 35 30 20 23 20 33 23 27 20 31 31 25 29 23 31 23 70 20 28 28 30 51 24 21
leaf_count=20 25 31 20 20 38 35 30 20 23 20 33 23 27 20 31 31 25 29 23 31 23 70 20 28 28 30 51 24 21
internal_value=-1.6074e-13 8.54397e-06 4.20222e-05 1.13483e-05 4.42688e-05 -3.0181e-06 -1.35974e-05 -5.29529e-05 -2.5287e-06 1.81071e-05 -4.55406e-05 -5.49012e-05 -8.5852e-06 1.23256e-06 4.4551e-05 1.85971e-05 -3.91298e-05 3.22092e-06 -1.85119e-06 2.07365e-05 -3.97245e-06 1.77986e-05 -1.99214e-05 -5.25233e-05 6.75298e-06 -7.74086e-06 3.50168e-05 4.73464e-05 9.8991e-05
internal_weight=850 522 134 114 69 388 328 72 256 173 83 46 47 50 127 86 45 353 324 144 113 93 180 81 99 53 71 55 41
internal_count=850 522 134 114 69 388 328 72 256 173 83 46 47 50 127 86 45 353 324 144 113 93 180 81 99 53 71 55 41
is_linear=0
shrinkage=0.3


Tree=98
num_leaves=12
num_cat=0
split_feature=5 7 7 11 27 7 27 9 12 22 4
split_gain=9.58108e-07 9.10468e-07 8.30036e-06 2.84438e-06 1.91767e-06 1.25648e-06 1.12384e-06 1.22496e-06 1.86366e-06 1.57523e-06 1.53901e-06
threshold=-0.021962949980317677 -0.011642048488443107 -0.0097562133781938943 42.722904603335685 0.9541535000000001 -0.016154379392447515 0.54319200000000012 0.0078793149584711099 -0.001255188339780934 0.064167000000000016 20882700.000000004
decision_type=2 2 2 2 2 2 2 2 2 2 2
left_child=-1 3 -3 -2 6 -5 -4 -8 10 -10 -9
right_child=1 2 4 5 -6 -7 7 8 9 -11 -12
leaf_value=6.4884819075814454e-05 4.8537873609737807e-05 0.00019250155069130414 5.1587356148437333e-05 -2.6650823896012809e-05 -9.5022077058217743e-05 -0.00011367114703619206 -7.3175101421053444e-05 1.3308109409579096e-05 1.0688380763059359e-05 -2.4788188488500396e-05 9.1316249432161887e-05
leaf_weight=20 28 20 35 32 20 28 22 145 185 288 27
leaf_count=20 28 20 35 32 20 28 22 145 185 288 27
internal_value=-2.08197e-13 -1.56349e-06 1.8583e-06 -3.04154e-05 -3.42267e-06 -6.72603e-05 -8.13003e-07 -3.56265e-06 -1.18827e-06 -1.09126e-05 2.55536e-05
internal_weight=850 830 742 88 722 60 702 667 645 473 172
internal_count=850 830 742 88 722 60 702 667 645 473 172
is_linear=0
shrinkage=0.3


Tree=99
num_leaves=17
num_cat=0
split_feature=20 10 4 4 11 10 18 0 16 27 10 17 19 10 7 20
split_gain=1.31263e-06 3.27873e-06 7.21347e-07 2.07676e-06 1.59291e-06 1.32736e-06 2.16866e-06 1.07912e-06 1.03864e-06 9.64516e-07 1.16093e-06 2.58701e-06 1.5196e-06 1.32922e-06 3.15202e-06 1.75123e-06
threshold=0.023690000000000006 0.57852318078387022 23370050.000000004 21260600.000000004 69.7581401070222 -1.3419520807089376 -0.076283779473779081 5.807048835908236 0.0033641707817417097 0.54319200000000012 -0.35725154283538135 0.0017512700486640679 0.3954140000000001 0.11900674859048577 0.0017985977492754937 0.059487000000000005
decision_type=2 2 2 2 2 2 2 2 2 2 2 2 2 2 2 2
left_child=1 -1 3 5 7 6 -2 8 -4 -7 11 -11 -13 14 -12 -15
right_child=2 -3 4 -5 -6 9 -8 -9 -10 10 13 12 -14 15 -16 -17
leaf_value=-2.3186609905678778e-05 -0.00010023084560089046 0.00012236627770527355 -8.3824365688285428e-05 8.3803526663709453e-05 -0.00010188947867391107 5.497527369604133e-05 1.4950839909033675e-05 3.1478457447525903e-05 -3.4433723035712881e-06 0.00011846341684014821 -0.00010988276236503224 2.9444005610545697e-05 -5.5827315534568491e-05 -5.497917380274216e-05 3.8795027856914594e-05 5.6074949394466918e-06
leaf_weight=30 31 26 23 26 20 29 28 37 39 22 33 62 27 49 21 347
leaf_count=30 31 26 23 26 20 29 28 37 39 22 33 62 27 49 21 347
internal_value=-7.95875e-14 4.43915e-05 -3.13089e-06 6.65798e-07 -2.46667e-05 -2.66484e-06 -4.55684e-05 -9.06615e-06 -3.32621e-05 1.62552e-06 -1.13231e-06 2.63458e-05 3.57518e-06 -7.91025e-06 -5.20636e-05 -1.88934e-06
internal_weight=850 56 794 675 119 649 59 99 62 590 561 111 89 450 54 396
internal_count=850 56 794 675 119 649 59 99 62 590 561 111 89 450 54 396
is_linear=0
shrinkage=0.3


Tree=100
num_leaves=23
num_cat=0
split_feature=20 7 26 1 7 3 17 13 16 22 18 6 16 6 9 4 7 14 16 18 9 8
split_gain=8.45429e-07 6.95287e-07 1.91264e-06 2.52549e-06 1.51225e-06 1.48535e-06 1.05806e-06 2.56239e-06 2.42678e-06 3.25732e-06 2.61023e-06 2.51737e-06 2.46063e-06 2.60921e-06 2.20085e-06 2.13246e-06 1.79355e-06 1.59206e-06 1.58626e-06 1.47109e-06 1.50991e-06 7.104e-07
threshold=0.014263000000000003 -0.0088439266464408039 0.18092950000000005 3.9579149756745551 -0.0072816032095707238 4.2968657016754159 0.0039486673625722408 0.021519930302559772 0.0018247722645753286 0.09414500000000002 -0.11746188302207922 0.0017392520238691659 0.003734826945329972 -0.0037037140929907452 0.037543422261034652 20621900.000000004 0.0053716320036375767 0.012891332496453365 0.0018921474031046008 0.77328760999114399 0.023740339030527583 0.022728156437292899
decision_type=2 2 2 2 2 2 2 2 2 2 2 2 2 2 2 2 2 2 2 2 2 2
left_child=-1 2 -2 -4 -3 -5 7 8 9 11 -11 -6 13 -10 16 -14 19 -18 -19 20 -8 -7
right_child=1 4 3 5 6 21 14 -9 12 10 -12 -13 15 -15 -16 -17 17 18 -20 -21 -22 -23
leaf_value=6.095010096032638e-05 -0.00010244149249377767 8.3471093785192354e-05 -9.2187013585672779e-05 6.5649903550972033e-05 7.5460888687163015e-05 -5.831464975926792e-05 2.3117416783354884e-05 -9.3670432828173126e-05 0.00013477745810982575 -0.00017167056872969386 -3.2928410795508308e-05 -5.9276353567838669e-05 -2.1178038205234643e-05 1.6776782726557468e-05 0.00010635267348594164 7.7242158040067093e-05 -8.6686451039794425e-05 4.8837319097442968e-05 -3.3296079634587608e-05 -4.5775470678800834e-05 0.00010645821825085518 1.9806922566865316e-05
leaf_weight=20 22 20 23 36 26 20 131 31 26 23 26 24 143 48 21 23 27 33 59 23 23 22
leaf_count=20 22 20 23 36 26 20 131 31 26 23 26 24 143 48 21 23 27 33 59 23 23 22
internal_value=3.06801e-13 -1.46868e-06 -2.22858e-05 -4.82619e-06 2.15298e-06 2.0934e-05 -2.1436e-07 -1.11119e-05 -3.56225e-06 -4.30829e-05 -9.80523e-05 1.0787e-05 1.274e-05 5.82365e-05 1.25051e-05 -7.5415e-06 5.847e-06 -2.26334e-05 -3.83519e-06 2.49948e-05 3.55644e-05 -1.73938e-05
internal_weight=850 830 123 101 707 78 687 370 339 99 49 50 240 74 317 166 296 119 92 177 154 42
internal_count=850 830 123 101 707 78 687 370 339 99 49 50 240 74 317 166 296 119 92 177 154 42
is_linear=0
shrinkage=0.3


Tree=101
num_leaves=17
num_cat=0
split_feature=15 7 9 20 11 27 19 4 26 26 26 4 4 26 16 13
split_gain=6.89345e-07 5.07806e-06 1.6951e-06 1.52594e-06 1.47792e-06 1.15343e-06 7.75789e-07 8.90466e-07 1.52126e-06 1.72334e-06 2.46612e-06 1.42965e-06 1.56228e-06 1.38882e-06 9.21525e-07 4.84445e-07
threshold=0.010841490420433336 -0.0060376964147566417 0.014430094053506428 0.017342500000000004 58.885420805784783 0.94886950000000014 0.90339200000000008 11455900.000000002 0.17600300000000002 0.34916700000000006 0.49881350000000008 10741450.000000002 10060700.000000002 0.039723500000000002 0.003086446201952352 0.017393071190041454
decision_type=2 2 2 2 2 2 2 2 2 2 2 2 2 2 2 2
left_child=3 -2 -3 -1 -4 6 7 11 14 -10 -11 12 13 -5 -9 -6
right_child=1 2 4 5 15 -7 -8 8 9 10 -12 -13 -14 -15 -16 -17
leaf_value=-7.2186457172002908e-05 0.00015511119828650927 -7.1344565286482161e-05 6.9355502235903882e-05 -6.0825278507598509e-05 9.880430130019354e-06 6.8481043360536973e-05 -5.8321935565882916e-05 8.347377263687251e-05 -8.2327618868779004e-05 5.0465174867845829e-05 -2.6950399123094076e-05 7.6011030356918735e-05 -5.7657366877802735e-05 1.7784735827121603e-05 1.5349628648664292e-06 -5.2223717502783984e-05
leaf_weight=28 21 27 29 22 26 21 22 21 36 46 190 27 33 251 30 20
leaf_count=28 21 27 29 22 26 21 22 21 36 46 190 27 33 251 30 20
internal_value=1.73459e-13 2.07704e-05 -6.88801e-06 -3.51411e-06 1.63164e-05 -7.63287e-07 -2.90802e-06 -1.04963e-06 -1.22724e-05 -2.11874e-05 -1.18609e-05 9.83609e-06 3.99712e-06 1.14499e-05 3.52745e-05 -1.71214e-05
internal_weight=850 123 102 727 75 699 678 656 323 272 236 333 306 273 51 46
internal_count=850 123 102 727 75 699 678 656 323 272 236 333 306 273 51 46
is_linear=0
shrinkage=0.3


Tree=102
num_leaves=18
num_cat=0
split_feature=18 15 12 13 26 11 17 18 29 14 22 9 14 0 16 6 21
split_gain=7.711e-07 3.67551e-06 1.60217e-06 1.79975e-06 1.53691e-06 1.16072e-06 3.02869e-06 9.06838e-07 7.87438e-07 1.79688e-06 1.58633e-06 2.35173e-06 1.26061e-06 1.50468e-06 1.46851e-06 2.55163e-06 1.97339e-06
threshold=0.6624182690819862 0.010871017042149116 -0.0028221526742802879 0.016696541156749289 0.93857750000000018 74.390252578618913 0.0028777905017387784 0.56720331886953124 2.5000000000000004 0.025250970279746997 0.46958150000000004 0.01321046417821895 0.02424625649258268 4.4730731091073475 0.0034812874629790544 -1.0000000180025095e-35 0.066274000000000013
decision_type=2 2 2 2 2 2 2 2 2 2 2 2 2 2 2 2 2
left_child=4 2 -2 -4 5 7 -7 8 12 10 11 -10 14 -14 16 -16 -1
right_child=1 -3 3 -5 -6 6 -8 -9 9 -11 -12 -13 13 -15 15 -17 -18
leaf_value=-2.6427889629716939e-05 6.7201636729805609e-05 0.00012718375714939611 2.0049065064555297e-05 -8.3025424009974808e-05 -8.5431469028662835e-05 3.1072698734731048e-05 -0.00012127220380762082 -5.9336928305648526e-05 -4.6181951999339309e-05 -9.6443781148991545e-05 -6.5117040782882083e-05 4.9139862114150839e-05 0.00011898506102397732 4.0080450811988807e-06 -4.6433934446318183e-05 1.5697230066234295e-05 3.9090768924695285e-05
leaf_weight=55 20 24 31 30 20 23 24 21 36 21 28 66 20 21 104 139 167
leaf_count=55 20 24 31 30 20 23 24 21 36 21 28 66 20 21 104 139 167
internal_value=3.96232e-14 2.40686e-05 -6.48406e-06 -3.06433e-05 -3.39222e-06 -1.12906e-06 -4.67204e-05 2.0314e-06 3.99294e-06 -1.50193e-05 -1.86613e-06 1.54969e-05 9.66656e-06 6.00944e-05 5.22024e-06 -1.08939e-05 2.28587e-05
internal_weight=850 105 81 61 745 725 47 678 657 151 130 102 506 41 465 243 222
internal_count=850 105 81 61 745 725 47 678 657 151 130 102 506 41 465 243 222
is_linear=0
shrinkage=0.3


Tree=103
num_leaves=16
num_cat=0
split_feature=20 16 8 14 14 1 2 2 7 14 13 1 2 16 20
split_gain=1.159e-06 6.67886e-07 1.3292e-06 8.06249e-07 1.10134e-06 1.85836e-06 9.14081e-07 2.01766e-06 1.53531e-06 1.76179e-06 1.61461e-06 1.30485e-06 1.61687e-06 1.64841e-06 8.5917e-07
threshold=0.014263000000000003 0.010783144164110773 0.019732919332750686 0.034323622111947526 0.02424625649258268 4.3476694810775802 4.4905602287908195 4.340210017529361 0.0072077711531038525 0.014787416998601675 0.014901015450948627 4.6698844446633201 4.7138812074708953 0.0033195011426448012 0.27861500000000006
decision_type=2 2 2 2 2 2 2 2 2 2 2 2 2 2 2
left_child=-1 3 -3 4 6 -6 7 8 10 -10 -2 -8 -13 -14 -9
right_child=1 2 -4 -5 5 -7 11 14 9 -11 -12 12 13 -15 -16
leaf_value=7.1363619972544251e-05 -6.6083671742070196e-05 8.4789548695287357e-05 -1.421690814403029e-05 -5.2078144362894812e-05 9.7182945752977566e-05 -1.3271118737536417e-05 5.903199615624124e-05 -3.2741209392952444e-05 7.070273410601319e-05 -1.1023549644668715e-05 -7.5015929903537121e-06 -5.9726201143510997e-05 -1.5205009508504982e-05 3.8706479017491802e-05 -0.00011962285951605216
leaf_weight=20 52 23 26 30 26 29 39 20 43 53 228 35 109 96 21
leaf_count=20 52 23 26 30 26 29 39 20 43 53 228 35 109 96 21
internal_value=5.60342e-14 -1.71961e-06 3.22555e-05 -3.85121e-06 -1.9247e-06 3.89435e-05 -5.15423e-06 -1.40471e-05 -7.15624e-06 2.5583e-05 -1.83811e-05 8.1373e-06 -1.33088e-07 1.00413e-05 -7.72416e-05
internal_weight=850 830 49 781 751 55 696 417 376 96 280 279 240 205 41
internal_count=850 830 49 781 751 55 696 417 376 96 280 279 240 205 41
is_linear=0
shrinkage=0.3


Tree=104
num_leaves=19
num_cat=0
split_feature=5 15 5 18 27 4 4 7 17 22 4 11 0 15 16 8 7 27
split_gain=8.5578e-07 2.4671e-06 1.89435e-06 2.60537e-06 1.41675e-06 1.27837e-06 1.2781e-06 1.0683e-06 1.04282e-06 1.20013e-06 9.73155e-07 9.09928e-07 1.39369e-06 8.77712e-07 7.41658e-07 1.2714e-06 1.18156e-06 6.80059e-07
threshold=0.005560712159608963 0.007398341023091815 0.0072077711531038525 0.040184685484933987 0.6473000000000001 26429900.000000004 22042050.000000004 0.0015014457157676109 0.0036730796661070477 0.16964950000000004 19983700.000000004 60.630928729011472 4.9606370129474735 0.014418518702207865 0.0098820782731678224 0.07704137729796208 0.0072964922110726887 0.85265350000000006
decision_type=2 2 2 2 2 2 2 2 2 2 2 2 2 2 2 2 2 2
left_child=1 5 3 -2 -4 6 10 -7 11 17 14 13 -13 -6 15 16 -1 -10
right_child=2 -3 4 -5 8 7 -8 -9 9 -11 -12 12 -14 -15 -16 -17 -18 -19
leaf_value=-2.3379562733254394e-06 3.4610756136482285e-06 0.00010985465061821741 6.7718341415456959e-05 -0.00014094541304233564 -8.0810927110082248e-05 9.2176096743436385e-06 -5.9903612874645516e-05 9.5795339249256671e-05 -5.2758566432333152e-05 6.4690225718581567e-05 6.5162321646182261e-05 -3.9709714167526856e-05 5.4152439338395199e-05 -5.8701062698673919e-06 -4.7316929095390587e-05 -5.9627948333432605e-05 3.5973983717740142e-05 2.4538294499052424e-05
leaf_weight=316 22 20 23 23 39 29 32 23 21 29 21 35 24 22 29 28 94 20
leaf_count=316 22 20 23 23 39 29 32 23 21 29 21 35 24 22 29 28 94 20
internal_value=4.47993e-14 6.28408e-06 -1.44193e-05 -7.03467e-05 -2.60364e-06 2.66273e-06 -1.82215e-06 4.75116e-05 -1.11163e-05 1.79836e-05 1.98647e-06 -2.80912e-05 -1.5285e-06 -5.37831e-05 -8.54418e-07 2.22187e-06 6.44576e-06 -1.50528e-05
internal_weight=850 592 258 45 213 572 520 52 190 70 488 120 59 61 467 438 410 41
internal_count=850 592 258 45 213 572 520 52 190 70 488 120 59 61 467 438 410 41
is_linear=0
shrinkage=0.3


Tree=105
num_leaves=15
num_cat=0
split_feature=15 15 9 12 10 8 15 4 21 1 22 6 17 17
split_gain=6.4416e-07 4.63614e-06 9.99231e-07 1.1048e-06 9.34345e-07 8.5582e-07 1.06078e-06 2.37979e-06 9.75006e-07 2.25324e-06 1.14872e-06 1.29113e-06 1.20725e-06 7.25354e-07
threshold=0.011916603337251881 0.010841490420433336 0.015544986633327191 0.0014301987174898617 1.1473131220711825 0.089113417298708836 0.0086207019694488456 11117350.000000002 0.028477000000000006 4.6452376714557939 0.86034200000000005 0.013988033549877816 0.0075528800349951766 0.0037807598278483882
decision_type=2 2 2 2 2 2 2 2 2 2 2 2 2 2
left_child=1 5 4 -4 -2 6 8 -8 9 -1 11 12 -10 -13
right_child=2 -3 3 -5 -6 -7 7 -9 10 -11 -12 13 -14 -15
leaf_value=1.2558998028468741e-05 -0.00010518257353396621 0.00014201504784848242 5.1876455631827416e-05 -3.0340391592625037e-05 -1.3481400554837818e-05 4.4803819936143034e-05 2.9315993938325843e-05 -0.00010952310182983638 2.800685797875634e-06 -0.00011833172605747676 6.3618306396367384e-05 9.05241612469711e-05 -3.5333169059867941e-05 1.0694636857806472e-05
leaf_weight=29 20 21 24 38 20 35 20 25 440 20 27 21 90 20
leaf_count=29 20 21 24 38 20 35 20 25 440 20 27 21 90 20
internal_value=-4.48595e-14 3.04971e-06 -2.23645e-05 1.48548e-06 -5.9332e-05 -9.64425e-07 -3.27929e-06 -4.78168e-05 -1.81627e-07 -4.08658e-05 3.15202e-06 2.92849e-07 -3.67487e-06 5.15829e-05
internal_weight=850 748 102 62 40 727 692 45 647 49 598 571 530 41
internal_count=850 748 102 62 40 727 692 45 647 49 598 571 530 41
is_linear=0
shrinkage=0.3


Tree=106
num_leaves=16
num_cat=0
split_feature=21 19 10 12 11 11 21 2 0 7 10 10 6 6 8
split_gain=9.44655e-07 7.31811e-07 7.06425e-07 2.26306e-06 1.44513e-06 1.80561e-06 1.40288e-06 1.46823e-06 1.95865e-06 1.7109e-06 1.39693e-06 1.19728e-06 8.65094e-07 1.36142e-06 1.23119e-06
threshold=0.023222500000000004 -0.91048099999999987 0.45440536192311354 0.00035816319254301722 46.753258041577205 49.397560041849218 0.049535000000000003 4.5817796013712977 4.3761198025280228 -0.0058013603544487978 0.57852318078387022 1.0000000180025095e-35 -0.0073083334599296258 -0.0056712166779027962 0.052487911559635551
decision_type=2 2 2 2 2 2 2 2 2 2 2 2 2 2 2
left_child=-1 -2 3 6 -4 -6 -3 8 9 -8 -7 -9 14 -14 -12
right_child=1 2 4 -5 5 10 7 11 -10 -11 12 -13 13 -15 -16
leaf_value=5.4188274173481787e-05 -5.3461376433006079e-05 5.6924157464284991e-05 -8.4810010542111871e-05 7.9106315273460683e-05 8.3812156146905169e-05 -7.1978419193077691e-05 -4.8426005145363702e-05 7.935268958104203e-05 -9.3015903641773757e-05 1.3716810170125229e-05 -1.5778575780132086e-05 -1.0234582105113076e-05 -8.4569229811677361e-05 -3.9609666966746517e-06 8.8225746315271996e-05
leaf_weight=28 24 36 21 38 20 29 59 29 27 123 20 25 20 330 21
leaf_count=28 24 36 21 38 20 29 59 29 27 123 20 25 20 330 21
internal_value=-2.15871e-14 -1.84583e-06 -2.93482e-07 1.01462e-05 -7.92511e-06 -4.2556e-06 1.38206e-06 -6.22066e-06 -1.76143e-05 -6.42839e-06 -8.44931e-06 3.78771e-05 -3.73743e-06 -8.56715e-06 3.74919e-05
internal_weight=850 822 798 337 461 440 299 263 209 182 420 54 391 350 41
internal_count=850 822 798 337 461 440 299 263 209 182 420 54 391 350 41
is_linear=0
shrinkage=0.3


Tree=107
num_leaves=11
num_cat=0
split_feature=22 6 6 17 3 6 6 19 5 7
split_gain=8.03998e-07 4.40491e-07 1.79936e-06 1.56917e-06 1.0307e-06 6.62917e-07 1.52381e-06 1.15533e-06 7.43867e-07 7.57935e-07
threshold=0.9564680000000001 0.01767692353422582 0.013988033549877816 0.0056604167412662608 6.5279545783996591 0.010446376360568841 0.0090092920660862306 0.082383500000000012 0.019459890412416244 -0.011890775432913303
decision_type=2 2 2 2 2 2 2 2 2 2
left_child=1 2 4 -3 5 6 8 -7 9 -1
right_child=-2 3 -4 -5 -6 7 -8 -9 -10 -11
leaf_value=3.0155316356908052e-05 5.5325849256326399e-05 -7.116058367236908e-05 7.357089823550456e-05 3.5049838022262386e-05 -5.9063152143120795e-05 2.2856089335618888e-05 7.8003114243113916e-05 -6.9627243834885676e-05 4.6370665475102397e-05 -6.162548619166105e-06
leaf_weight=57 23 31 29 21 28 20 23 31 29 558
leaf_count=57 23 31 29 21 28 20 23 31 29 558
internal_value=-1.37187e-13 -1.53869e-06 2.54757e-07 -2.82679e-05 -2.59533e-06 -3.93246e-07 2.12739e-06 -3.33593e-05 -5.82453e-07 -2.7965e-06
internal_weight=850 827 775 52 746 718 667 51 644 615
internal_count=850 827 775 52 746 718 667 51 644 615
is_linear=0
shrinkage=0.3


Tree=108
num_leaves=26
num_cat=0
split_feature=2 26 1 0 21 6 18 5 9 15 13 14 22 11 15 28 10 5 5 14 6 18 23 5 27
split_gain=6.13861e-07 2.33667e-06 1.63287e-06 1.03036e-06 1.20522e-06 1.63893e-06 1.52002e-06 2.25608e-06 1.37876e-06 1.14198e-06 9.57086e-07 9.97555e-07 8.93082e-07 6.8498e-07 1.82154e-06 2.21409e-06 1.69134e-06 1.38561e-06 1.27451e-06 1.33554e-06 9.96546e-07 2.41893e-06 2.35238e-06 1.18291e-06 9.73065e-07
threshold=4.119024825635214 0.92998350000000019 4.2327383749229623 4.1036838119484838 0.40894900000000006 0.011964610178237028 0.45414085346558503 -0.0028316407224834488 0.015332123918593952 -0.0071111829786689174 0.016866991734292406 0.016917315004833067 0.35473000000000005 58.885420805784783 -0.0036630001440991081 1.0000000180025095e-35 0.97581307792510896 -0.013753731659219916 -0.0048280530574920325 0.016230879085827883 -0.0037952254618333638 -0.25238150832216494 0.77500000000000013 0.0017762495521596721 0.8154070000000001
decision_type=2 2 2 2 2 2 2 2 2 2 2 2 2 2 2 2 2 2 2 2 2 2 2 2 2
left_child=3 2 -2 4 5 6 7 9 12 -1 -6 -12 -9 17 18 -16 -17 -4 19 -15 23 -22 -23 -19 -18
right_child=1 -3 13 -5 10 -7 -8 8 -10 -11 11 -13 -14 14 15 16 24 20 -20 -21 21 22 -24 -25 -26
leaf_value=-1.7517757114546836e-05 6.7802871438971127e-05 0.0001042740389168882 -6.5463603783655336e-05 -5.6150644783114185e-05 -9.7457229545538077e-06 -8.449635602768727e-05 4.6586690670760856e-05 2.3592689279894328e-05 -9.3998409568951972e-05 8.1530911203034603e-05 9.3307762094459933e-05 6.5092429560371033e-06 -6.2243959582701785e-05 -5.56481308376533e-05 -9.3282316865460837e-05 -7.7025076213964165e-05 3.5859211104707354e-05 9.0520227651370893e-05 8.9594276852784035e-05 5.1466255469925025e-05 -6.3616280355442226e-05 6.0296974875735239e-05 -3.0682231191327091e-05 6.2269818578176362e-06 -1.7888960210574645e-05
leaf_weight=20 32 21 20 39 39 28 38 24 37 22 26 22 20 20 37 29 50 31 22 22 36 68 41 29 77
leaf_count=20 32 21 20 39 39 28 38 24 37 22 26 22 20 20 37 29 50 31 22 22 36 68 41 29 77
internal_value=-1.72506e-13 6.18622e-06 2.17874e-06 -1.05068e-05 -4.05707e-06 -1.75073e-05 -5.857e-06 -2.20591e-05 -5.1316e-05 3.43649e-05 2.51623e-05 5.35251e-05 -1.5424e-05 -2.17805e-06 -1.27599e-05 -2.73039e-05 -1.16552e-05 9.90877e-06 3.10995e-05 4.59405e-07 1.72622e-05 3.80715e-06 2.60754e-05 4.97785e-05 3.27174e-06
internal_weight=850 535 514 315 276 189 161 123 81 42 87 48 44 482 257 193 156 225 64 42 205 145 109 60 127
internal_count=850 535 514 315 276 189 161 123 81 42 87 48 44 482 257 193 156 225 64 42 205 145 109 60 127
is_linear=0
shrinkage=0.3


Tree=109
num_leaves=19
num_cat=0
split_feature=5 21 21 12 17 14 26 4 7 16 14 4 22 15 14 11 14 19
split_gain=5.63851e-07 7.80235e-07 1.44263e-06 4.72926e-07 1.02899e-06 1.87819e-06 1.29624e-06 7.22002e-07 2.2192e-06 1.27849e-06 2.34526e-06 1.0108e-06 2.23288e-06 1.19326e-06 1.0091e-06 1.6101e-06 1.05331e-06 4.37722e-07
threshold=-0.021962949980317677 0.022918000000000004 0.026680500000000006 -0.0026492412016690479 0.0017512700486640679 0.011834307839851592 0.57886250000000017 7452150.0000000009 -0.0054694749456558117 0.0019398641502869178 0.011385228903287407 9815900.0000000019 0.45555100000000009 -0.0036630001440991081 0.010853228533606306 70.662504157223808 0.01270424725030774 0.068673000000000026
decision_type=2 2 2 2 2 2 2 2 2 2 2 2 2 2 2 2 2 2
left_child=-1 -2 -3 4 -4 -6 -7 8 -5 17 -11 12 13 -9 15 -13 -16 -10
right_child=1 2 3 7 5 6 -8 11 9 10 -12 14 -14 -15 16 -17 -18 -19
leaf_value=4.9775751194829353e-05 -5.5683270139801914e-05 6.9872072967532744e-05 7.0815886772379599e-05 -0.00010161138848666775 -6.7718121940393199e-05 6.6807315124606245e-05 -1.2632211880707856e-05 6.2163158790181939e-05 -7.8016284405748592e-05 9.3202302965437412e-05 -2.3378540366848471e-05 -9.4626084525373234e-06 0.0001022199561842941 -1.8827811606314525e-05 5.0039533328215053e-05 -9.7992887717387371e-05 -5.1281501976425287e-06 -1.7922950689808204e-05
leaf_weight=20 23 26 24 27 26 36 38 22 20 25 41 64 26 64 35 26 283 24
leaf_count=20 23 26 24 27 26 36 38 22 20 25 41 64 26 64 35 26 283 24
internal_value=1.04164e-13 -1.19942e-06 3.53408e-07 -1.96091e-06 1.50319e-05 1.64368e-06 2.6014e-05 -5.16807e-06 -2.45434e-05 -5.62672e-06 2.07809e-05 -6.34162e-08 2.51815e-05 1.89081e-06 -6.99339e-06 -3.5038e-05 9.43765e-07 -4.52381e-05
internal_weight=850 830 807 781 124 100 74 657 137 110 66 520 112 86 408 90 318 44
internal_count=850 830 807 781 124 100 74 657 137 110 66 520 112 86 408 90 318 44
is_linear=0
shrinkage=0.3


Tree=110
num_leaves=19
num_cat=0
split_feature=7 12 17 12 12 8 12 18 18 19 7 29 21 14 21 9 9 9
split_gain=6.15796e-07 9.43877e-07 1.41299e-06 1.04135e-06 1.30037e-06 1.69241e-06 1.63917e-06 8.89905e-07 3.59578e-06 2.12058e-06 1.24086e-06 1.14995e-06 7.89709e-07 6.385e-07 6.10056e-07 5.37618e-07 1.10783e-06 4.90899e-07
threshold=0.0051431284703012349 -0.0017911627724567379 0.0035587266561791539 -0.00028447078705374839 0.0026416031025550467 0.052715639558088979 0.0034083570525586825 0.75516894031771431 0.59127163604698862 -0.91635049999999996 0.0040773557512858898 1.5000000000000002 0.30573150000000004 0.017991050853870576 0.90388450000000009 0.039952992373180958 0.024596777118194413 0.012484504705880976
decision_type=2 2 2 2 2 2 2 2 2 2 2 2 2 2 2 2 2 2
left_child=7 2 -2 17 5 12 -6 8 9 -1 14 -9 -5 -8 15 16 -11 -3
right_child=1 3 -4 4 6 -7 13 11 -10 10 -12 -13 -14 -15 -16 -17 -18 -19
leaf_value=-8.9026649428498267e-05 6.9488032832768193e-06 7.1084530816278854e-06 -9.5473817135724752e-05 1.9155514053489092e-05 8.8913430117827376e-05 -9.479707774340978e-05 -3.9540314156738531e-05 -6.9236703855553525e-05 0.00012820968893885782 -1.5560618901742731e-06 7.9683100625516087e-05 1.3873811902722708e-05 -4.7622200527541735e-05 1.9501420405611177e-05 5.1646335509758498e-05 -4.4314170528585755e-05 4.2564375030984533e-05 7.3577198786551893e-05
leaf_weight=21 22 20 27 37 20 31 32 31 22 350 21 29 28 34 24 21 60 20
leaf_count=21 22 20 27 37 20 31 32 31 22 350 21 29 28 34 24 21 60 20
internal_value=1.81301e-13 -1.18028e-05 -4.94882e-05 -3.48485e-06 -1.31173e-05 -3.71185e-05 1.36747e-05 5.52428e-06 9.52323e-06 4.2695e-06 8.38551e-06 -2.90666e-05 -9.61027e-06 -9.12488e-06 5.09485e-06 2.50265e-06 4.90059e-06 4.03428e-05
internal_weight=850 271 49 222 182 96 86 579 519 497 476 60 65 66 455 431 410 40
internal_count=850 271 49 222 182 96 86 579 519 497 476 60 65 66 455 431 410 40
is_linear=0
shrinkage=0.3


Tree=111
num_leaves=28
num_cat=0
split_feature=21 18 20 21 9 14 9 20 20 17 12 16 25 19 27 16 15 15 16 21 22 17 19 4 0 16 13
split_gain=6.43065e-07 3.85604e-07 1.68374e-06 1.36177e-06 1.30796e-06 1.953e-06 1.42375e-06 1.01384e-06 1.28739e-06 1.71731e-06 1.13734e-06 9.62648e-07 1.34165e-06 1.00648e-06 1.3027e-06 9.48226e-07 8.31666e-07 1.65741e-06 1.32535e-06 1.07674e-06 7.94677e-07 1.02732e-06 9.68864e-07 1.05892e-06 7.15058e-07 7.07214e-07 4.77547e-07
threshold=0.023222500000000004 -0.046026839982367736 0.085122500000000018 0.90211800000000009 0.018872548042472386 0.011928465261787802 0.014430094053506428 0.33147350000000003 0.44309950000000004 0.0038351192182850239 6.2588700445441236e-05 0.0018247722645753286 0.6333335000000001 0.095709500000000017 0.82702000000000009 0.0019361084491073559 -0.008072654530903875 -0.0015912770220898335 0.0059230009973895385 0.30573150000000004 0.024488000000000003 0.0027193880776005624 0.75188000000000021 20882700.000000004 4.3311695029725241 0.0038572805682444314 0.016827979843936341
decision_type=2 2 2 2 2 2 2 2 2 2 2 2 2 2 2 2 2 2 2 2 2 2 2 2 2 2 2
left_child=-1 3 4 11 5 -3 -7 10 9 -9 25 12 13 -2 -15 -13 -17 18 -18 -19 21 -10 23 -22 -12 -4 -24
right_child=1 2 7 -5 -6 6 -8 8 20 -11 24 15 -14 14 -16 16 17 19 -20 -21 22 -23 26 -25 -26 -27 -28
leaf_value=4.4709134194168393e-05 -8.0948659590583051e-05 -0.00013970054829509794 0.00010704996240747276 7.9424949866993956e-05 1.4865507425080673e-05 -7.3018706463347279e-05 2.6770492170478312e-05 -0.0001186967352123247 -8.1608225900708928e-05 -1.7676743587239446e-06 3.0930965527255062e-05 7.3180564345420859e-05 4.4762103350746787e-05 2.8576923923420225e-05 -6.591100466266652e-05 6.4168272710958253e-05 -7.318728544860055e-05 -4.6911071995054951e-06 1.5578504348923162e-05 4.2860557941821751e-05 -2.4106867331141755e-05 1.339572377868795e-05 8.6440653321915304e-05 4.2731129508410955e-05 -4.2880002625419619e-05 2.8224967474800773e-05 2.1667297057449884e-05
leaf_weight=28 33 21 20 21 27 31 22 20 20 26 27 20 21 29 24 20 41 100 24 75 64 21 20 32 21 21 21
leaf_count=28 33 21 20 21 27 31 22 20 20 26 27 20 21 29 24 20 41 100 24 75 64 21 20 32 21 21 21
internal_value=1.58312e-13 -1.52294e-06 -7.97333e-06 5.02231e-06 -4.16532e-05 -6.22749e-05 -3.15968e-05 2.89461e-06 -7.8677e-06 -5.26064e-05 2.99818e-05 9.84957e-07 -2.3219e-05 -3.98191e-05 -1.42101e-05 1.02343e-05 5.39232e-06 4.94319e-07 -4.04122e-05 1.56882e-05 3.69398e-06 -3.29477e-05 1.46597e-05 -1.82754e-06 -1.36133e-06 6.66762e-05 5.32641e-05
internal_weight=850 822 414 408 101 74 53 313 224 46 89 387 107 86 53 280 260 240 65 175 178 41 137 96 48 41 41
internal_count=850 822 414 408 101 74 53 313 224 46 89 387 107 86 53 280 260 240 65 175 178 41 137 96 48 41 41
is_linear=0
shrinkage=0.3


Tree=112
num_leaves=15
num_cat=0
split_feature=20 14 19 14 6 14 14 29 9 26 27 13 13 13
split_gain=7.91783e-07 4.74372e-07 1.55829e-06 1.46107e-06 1.11302e-06 1.09319e-06 1.68737e-06 9.12409e-07 1.21362e-06 1.07212e-06 7.61714e-07 6.95374e-07 1.15016e-06 6.61527e-07
threshold=0.014263000000000003 0.010020118525631111 -0.16431749999999998 0.010407646462269774 0.0063217805298881559 0.01071427567880967 0.010968954935922903 1.5000000000000002 0.015531682090481924 0.40760550000000001 0.53575150000000005 0.019030818863052464 0.023615975857243229 0.016959776017762065
decision_type=2 2 2 2 2 2 2 2 2 2 2 2 2 2
left_child=-1 2 -2 -3 7 -5 -7 9 -9 -4 -8 13 -13 -12
right_child=1 3 4 5 -6 6 10 8 -10 -11 11 12 -14 -15
leaf_value=5.8984645020245803e-05 7.4873308712994905e-05 -8.4803753852611405e-05 -4.1540577922205553e-05 6.657035055468441e-05 4.9812842189567166e-05 -8.8281062978369716e-05 -5.5338763195322821e-05 -0.00010086039479152272 2.399038735347858e-06 4.0317637459471216e-05 -2.3083493948757611e-06 -3.5653777351111485e-05 2.5830753250039906e-05 2.1949191704028302e-05
leaf_weight=20 30 20 24 20 30 21 23 21 20 36 295 98 38 154
leaf_count=20 30 20 24 20 30 21 23 21 20 36 295 98 38 154
internal_value=-6.82322e-14 -1.42132e-06 1.31985e-05 -4.93969e-06 -9.25505e-07 -2.47855e-06 -4.67406e-06 -1.59963e-05 -5.04899e-05 7.57435e-06 -1.78632e-06 3.19164e-07 -1.84743e-05 6.01161e-06
internal_weight=850 830 161 669 131 649 629 101 41 60 608 585 136 449
internal_count=850 830 161 669 131 649 629 101 41 60 608 585 136 449
is_linear=0
shrinkage=0.3


Tree=113
num_leaves=19
num_cat=0
split_feature=4 4 22 29 1 14 11 8 0 20 20 17 15 14 13 13 21 12
split_gain=5.80993e-07 4.26366e-06 1.87373e-06 1.73565e-06 8.83917e-07 1.48454e-06 1.20548e-06 1.33726e-06 9.63597e-07 7.79277e-07 7.03339e-07 6.89563e-07 5.69298e-07 1.15374e-06 6.29024e-07 8.23018e-07 1.70558e-06 8.91666e-07
threshold=16438250.000000002 15351600.000000002 0.48214450000000003 1.5000000000000002 4.2190828323109653 0.021409481077591899 68.137036347721491 0.009298743724766266 4.7024128034277135 0.52730950000000021 0.46890900000000008 0.010610077804864592 -0.013320646112163619 0.021700437231455091 0.020739214982899882 0.016514635424883548 0.61447800000000019 0.0020193853637669027
decision_type=2 2 2 2 2 2 2 2 2 2 2 2 2 2 2 2 2 2
left_child=1 11 4 -4 10 6 7 -6 -7 -9 -2 12 -1 14 15 16 -14 -17
right_child=2 -3 3 -5 5 8 -8 9 -10 -11 -12 -13 13 -15 -16 17 -18 -19
leaf_value=4.3154902959940956e-05 2.760989518719725e-06 0.00011556863122677896 -9.7151973885669759e-05 2.3278247277226508e-06 3.6309298785023484e-05 -9.9936998981320355e-05 6.2971296445598013e-05 -5.915581095905509e-06 -1.7807979501564355e-05 -8.2365437577079444e-05 8.2322613864107552e-05 4.8037092245067468e-05 2.0709815673384306e-05 -6.0216121019607266e-05 4.1462533672215771e-05 -6.8663018651080426e-06 -4.6952634280697992e-05 -5.3187614922739597e-05
leaf_weight=23 20 30 38 27 38 20 31 28 36 21 20 25 184 32 29 158 41 49
leaf_count=23 20 30 38 27 38 20 31 28 36 21 20 25 184 32 29 158 41 49
internal_value=4.3736e-14 5.48253e-06 -1.12205e-05 -5.58296e-05 2.32896e-06 -6.91537e-06 1.21742e-05 -5.92594e-06 -4.71398e-05 -3.86798e-05 4.25418e-05 -6.22057e-07 -2.97957e-06 -5.13189e-06 -1.30826e-06 -4.17945e-06 8.38021e-06 -1.78313e-05
internal_weight=850 571 279 65 214 174 118 87 56 49 40 541 516 493 461 432 225 207
internal_count=850 571 279 65 214 174 118 87 56 49 40 541 516 493 461 432 225 207
is_linear=0
shrinkage=0.3


Tree=114
num_leaves=24
num_cat=0
split_feature=22 8 21 19 7 16 8 16 16 14 19 11 16 8 11 6 12 6 26 13 6 9 9
split_gain=5.72652e-07 2.07957e-06 8.35249e-07 4.85967e-07 1.16862e-06 1.38354e-06 1.58426e-06 1.25271e-06 1.13892e-06 9.15429e-07 6.56962e-07 5.09041e-07 1.08184e-06 1.35323e-06 1.01629e-06 1.34214e-06 9.34218e-07 7.21503e-07 9.19733e-07 1.40368e-06 1.28373e-06 8.32622e-07 1.02229e-06
threshold=0.86034200000000005 -0.012817020738682605 0.029465500000000002 -0.119018 0.0036530392228276971 0.0047022388862048388 -0.0053268796599961468 0.0071736990650441796 0.0034602041869436421 0.010893235436624921 -0.066006999999999996 42.131095471270299 0.0040527185267529194 -0.039184219855037727 45.720862242230709 0.001719710632088032 -0.0025863336450791109 -0.0056712166779027962 0.54184800000000011 0.020739214982899882 -0.0022740018219388632 0.015204094907396172 0.025118626560862608
decision_type=2 2 2 2 2 2 2 2 2 2 2 2 2 2 2 2 2 2 2 2 2 2 2
left_child=3 -2 -3 4 5 6 -1 -7 -6 -8 -5 12 13 -12 15 -13 -14 21 20 -20 -19 -16 -23
right_child=1 2 -4 10 8 7 9 -9 -10 -11 11 14 16 -15 17 -17 -18 18 19 -21 -22 22 -24
leaf_value=-3.1267321637642454e-05 9.0950257173163761e-05 -6.0154669972689584e-05 2.6547343859419927e-05 5.277153078912471e-05 -9.0688583950395684e-05 -8.9531568052982684e-05 0.00011076216079914046 7.7362614306891308e-06 -1.2495331034906006e-05 2.4651915293361528e-05 3.1561688696716116e-06 -9.1481018730869083e-05 3.4766045428114008e-05 0.00011219338079627049 1.54357007507618e-05 6.900389190178657e-06 -5.4820703685849858e-05 8.9729902926840359e-05 -1.7221422528061672e-05 6.3283959199948592e-05 1.2258203528821846e-05 -0.00010192223148919765 -1.1705784411858007e-05
leaf_weight=25 27 20 20 22 30 22 20 26 38 25 21 26 20 20 27 24 22 22 171 22 154 20 26
leaf_count=25 27 20 20 22 30 22 20 26 38 25 21 26 20 20 27 24 22 22 171 22 154 20 26
internal_value=-2.87915e-13 2.66196e-05 -1.68037e-05 -2.27779e-06 -1.56676e-05 2.38395e-06 2.92837e-05 -3.68448e-05 -4.69924e-05 6.29231e-05 1.89391e-06 -5.27141e-08 2.16797e-05 5.63451e-05 -3.71895e-06 -4.42579e-05 -1.21603e-05 8.66909e-07 6.25801e-06 -8.04464e-06 2.19422e-05 -2.6384e-05 -5.09303e-05
internal_weight=850 67 40 783 186 118 70 48 68 45 597 575 83 41 492 50 42 442 369 193 176 73 46
internal_count=850 67 40 783 186 118 70 48 68 45 597 575 83 41 492 50 42 442 369 193 176 73 46
is_linear=0
shrinkage=0.3


Tree=115
num_leaves=16
num_cat=0
split_feature=22 9 14 9 4 1 27 12 21 6 20 8 20 9 5
split_gain=5.0494e-07 3.41686e-07 1.45058e-06 1.41787e-06 5.68087e-07 1.15452e-06 4.76604e-07 8.40772e-07 9.75997e-07 5.11097e-07 6.34198e-07 9.60642e-07 6.56701e-07 5.19395e-07 4.58994e-07
threshold=0.9551535000000001 0.030569089695194219 0.012956328560711385 0.045774873738429679 35597650.000000007 6.4660364942551576 0.92847550000000012 0.00031579217173138477 0.036424500000000005 0.012131818441234957 0.77391750000000015 -0.0044146657257463917 0.54379900000000003 0.014503947836968468 -0.0018867747324997309
decision_type=2 2 2 2 2 2 2 2 2 2 2 2 2 2 2
left_child=1 4 -3 14 5 6 9 8 -8 10 12 -12 -1 -11 -4
right_child=-2 2 3 -5 -6 -7 7 -9 -10 13 11 -13 -14 -15 -16
leaf_value=1.866510937177806e-06 4.2003798713267309e-05 4.5564018522703044e-05 -0.00010594717475214565 2.3953860239771529e-05 4.5273758494658973e-05 -7.1795738622313363e-05 -2.5848933133106169e-06 1.2844774808304224e-05 -9.0969477704398421e-05 -1.6481312438069531e-06 7.1904030685093146e-05 3.0125968505347242e-06 -2.8959408299742237e-05 5.3395548707158018e-05 -4.4410974369668564e-05
leaf_weight=390 25 23 20 20 25 20 22 38 23 27 27 56 74 36 24
leaf_count=390 25 23 20 20 25 20 22 38 23 27 27 56 74 36 24
internal_value=2.64232e-13 -1.27284e-06 -1.90547e-05 -4.2277e-05 8.23391e-07 -7.35177e-07 1.31563e-06 -2.00128e-05 -4.77592e-05 4.2177e-06 1.27067e-06 2.54231e-05 -3.04969e-06 2.98054e-05 -7.2382e-05
internal_weight=850 825 87 64 738 713 693 83 45 610 547 83 464 63 44
internal_count=850 825 87 64 738 713 693 83 45 610 547 83 464 63 44
is_linear=0
shrinkage=0.3


Tree=116
num_leaves=25
num_cat=0
split_feature=3 27 3 21 0 13 5 29 9 16 12 26 8 8 11 6 18 10 10 8 9 13 5 8
split_gain=5.75041e-07 1.75808e-06 1.20569e-06 6.20876e-07 6.80837e-07 6.03939e-07 1.09554e-06 1.1383e-06 1.12769e-06 1.45746e-06 9.13434e-07 8.25723e-07 9.90825e-07 2.68372e-06 7.65575e-07 5.91035e-07 8.43727e-07 5.26347e-07 4.82729e-07 5.7383e-07 1.09565e-06 7.05052e-07 7.90921e-07 4.53314e-07
threshold=4.1597197055816659 0.94886950000000014 4.1974508762359628 0.029465500000000002 4.1036838119484838 0.016137941723308673 0.0071048227343272485 2.5000000000000004 0.021543617367435708 0.0018382397333054695 0.0028524295945863858 0.87593150000000009 0.057225885483949725 0.038979717957064459 61.01692097764542 0.0057090506726703641 -0.039368687900400282 1.1172973642351789 -1.5180277665810096 0.087006505248277702 0.02573442272806982 0.015503186849110848 -0.0028316407224834488 -3.182133376244955e-16
decision_type=2 2 2 2 2 2 2 2 2 2 2 2 2 2 2 2 2 2 2 2 2 2 2 2
left_child=3 2 -2 -1 18 11 8 17 15 -10 -11 12 13 14 -4 16 -7 -8 -5 20 21 -20 -23 -6
right_child=1 -3 5 4 23 6 7 -9 9 10 -12 -13 -14 -15 -16 -17 -18 -19 19 -21 -22 22 -24 -25
leaf_value=-5.7547266157559096e-05 7.1244564374369054e-05 9.1116567084981173e-05 -6.8279333414753439e-06 -3.6355217471282234e-05 -9.9359756961803208e-06 7.6699125838786133e-05 3.2391841291841539e-05 -1.8092868222083778e-05 3.994077943389129e-05 -9.2718685501884995e-05 -1.6089216687323722e-05 -5.2050303595417453e-05 4.9107351030995357e-05 -8.5110096716789474e-05 4.0973021580656481e-05 -1.452538628404125e-05 4.1597839666088295e-06 9.4903673455822476e-05 4.0091484367043117e-05 -4.0741203134609314e-05 6.5519068337178195e-05 2.716467379741516e-05 -2.2609259700429367e-05 -7.3044504097197199e-05
leaf_weight=23 22 21 114 30 20 27 22 20 20 28 28 37 28 36 41 29 31 27 33 23 27 40 102 21
leaf_count=23 22 21 114 30 20 27 22 20 20 28 28 37 28 36 41 29 31 27 33 23 27 40 102 21
internal_value=-5.90361e-14 6.04796e-06 2.54514e-06 -1.00673e-05 -6.37798e-06 -5.51966e-07 1.05343e-05 4.22197e-05 -2.8786e-06 -2.95764e-05 -5.4404e-05 -1.05989e-05 -3.59565e-06 -1.13217e-05 5.81619e-06 2.04436e-05 3.79281e-05 6.68371e-05 -6.08737e-07 4.15746e-06 9.26968e-06 5.91208e-07 -8.58843e-06 -4.22599e-05
internal_weight=850 531 510 319 296 488 232 69 163 76 56 256 219 191 155 87 58 49 255 225 202 175 142 41
internal_count=850 531 510 319 296 488 232 69 163 76 56 256 219 191 155 87 58 49 255 225 202 175 142 41
is_linear=0
shrinkage=0.3


Tree=117
num_leaves=31
num_cat=0
split_feature=13 0 6 6 8 20 27 4 16 18 28 17 10 7 12 12 21 17 20 3 3 5 6 16 18 12 8 16 10 16
split_gain=4.31358e-07 8.7113e-07 7.22306e-07 3.30447e-06 4.08995e-06 1.18756e-06 8.65207e-07 7.31347e-07 6.97083e-07 1.36289e-06 2.26795e-06 9.89077e-07 1.45396e-06 9.03848e-07 9.07669e-07 1.04304e-06 6.81151e-07 7.6283e-07 8.32293e-07 7.15208e-07 1.13295e-06 9.46832e-07 6.44326e-07 6.39254e-07 6.47708e-07 6.25001e-07 5.24616e-07 5.17044e-07 4.69742e-07 4.4335e-07
threshold=0.014949133058369835 4.0364138027350185 0.0019194232881242894 -1.0000000180025095e-35 -9.9746599868666396e-17 0.44309950000000004 0.94366700000000014 27889350.000000004 0.0018921474031046008 -0.22256833167651732 1.0000000180025095e-35 0.0036209709656600396 1.2345157877461899 0.0057973475852445095 0.00080596231873265769 -0.00075201145474644451 0.15388900000000003 0.001904714675176654 0.77391750000000015 3.6035013198852544 4.3049173355102548 0.0017315903893120393 0.0058141801750607744 0.0075471623421736961 0.19593012828709555 -0.0024813859660498465 0.008779732459281547 0.0052724190838453859 0.99112566114217227 0.003734826945329972
decision_type=2 2 2 2 2 2 2 2 2 2 2 2 2 2 2 2 2 2 2 2 2 2 2 2 2 2 2 2 2 2
left_child=1 -1 3 16 -5 -6 7 22 13 28 -11 12 -12 14 15 -3 17 -2 -19 -18 25 -22 26 24 27 -21 -4 -24 -10 -27
right_child=2 8 6 4 5 -7 -8 -9 9 10 11 -13 -14 -15 -16 -17 19 18 -20 20 21 -23 23 -25 -26 29 -28 -29 -30 -31
leaf_value=-6.7153340023651256e-05 -7.00831783092326e-05 -2.1104749152657728e-05 -4.3086658381166914e-05 0.00017764622607501223 -2.1960198266522357e-05 6.6336564232815048e-05 -6.129332176669777e-05 -4.8090092220971001e-05 5.1738072826992719e-05 -0.00012780941342498408 7.5628412196238054e-05 -4.8416510886765047e-05 -3.6134153891577043e-05 6.7665923226108447e-05 -4.7867074619034612e-05 7.4623163809519599e-05 5.7474418787498263e-05 -3.5648708037191074e-05 3.6474992634794033e-05 1.6246538109498943e-05 7.2908980594850925e-05 -4.5287559714779487e-06 7.7205767927414451e-06 6.4251643516399787e-05 4.8586383612321994e-05 -8.6250036214810918e-06 8.6171476430701489e-06 -4.5615517449602653e-05 -3.9422181725967673e-06 -6.5080432262132698e-05
leaf_weight=22 24 21 38 22 26 29 24 27 25 20 20 41 22 23 24 20 23 36 24 24 27 30 74 21 27 21 33 21 30 31
leaf_count=22 24 21 38 22 26 29 24 27 25 20 20 41 22 23 24 20 23 36 24 24 27 30 74 21 27 21 33 21 30 31
internal_value=-1.66879e-13 -9.9592e-06 4.58602e-06 1.42491e-05 6.83248e-05 2.45963e-05 -6.97315e-06 -1.56368e-06 -4.84428e-06 -1.67624e-05 -3.71228e-05 -1.52706e-05 1.70861e-05 1.65542e-05 -1.53148e-06 2.55918e-05 -3.10025e-06 -2.48804e-05 -6.79923e-06 8.6275e-06 1.80287e-07 3.21523e-05 4.30648e-06 1.59057e-05 7.58385e-06 -2.37987e-05 -1.90553e-05 -4.06951e-06 2.1367e-05 -4.22811e-05
internal_weight=850 268 582 317 77 55 265 241 246 158 103 83 42 88 65 41 240 84 60 156 133 57 214 143 122 76 71 95 55 52
internal_count=850 268 582 317 77 55 265 241 246 158 103 83 42 88 65 41 240 84 60 156 133 57 214 143 122 76 71 95 55 52
is_linear=0
shrinkage=0.3


Tree=118
num_leaves=18
num_cat=0
split_feature=20 16 18 10 9 16 2 2 10 18 17 23 1 11 10 2 12
split_gain=5.24715e-07 3.19817e-07 4.06171e-07 3.96661e-07 7.71342e-07 7.93032e-07 1.0314e-06 8.88299e-07 4.5292e-07 4.49773e-07 7.60555e-07 7.69078e-07 5.60607e-07 7.99152e-07 7.15996e-07 5.30649e-07 6.60378e-07
threshold=0.014942500000000003 0.01100251487495032 -0.019077503903686902 -0.99341868139455947 0.023465175075338622 0.0066741109269843812 3.9540802067945173 4.162061768907674 -0.81364324533769017 0.63117412479119983 0.0056604167412662608 0.70833350000000006 3.9889618906719284 45.341467938072277 1.2890163668989196 4.058817171418073 0.0046697063375313137
decision_type=2 2 2 2 2 2 2 2 2 2 2 2 2 2 2 2 2
left_child=-1 3 -3 4 5 6 -2 -8 -5 12 11 -11 13 -10 -15 -14 -17
right_child=1 2 -4 8 -6 -7 7 -9 9 10 -12 -13 15 14 -16 16 -18
leaf_value=4.372781631900579e-05 4.7782223996417624e-05 -7.3478116058822702e-06 5.1108426617682437e-05 3.5088638094293854e-05 -7.2175549199755544e-05 -5.842014922984811e-05 -6.4515876522858406e-05 1.5714734015798764e-05 -6.2005804839263378e-05 -7.7962963086974926e-05 1.7292775161574052e-05 -2.0150321038922161e-06 4.0830153333596776e-05 2.3194964450806034e-05 -3.9720482967216715e-05 6.6903406604231012e-06 -3.4301801912306472e-05
leaf_weight=24 32 20 23 32 20 22 23 27 28 28 27 21 36 41 27 380 39
leaf_count=24 32 20 23 32 20 22 23 27 28 28 27 21 36 41 27 380 39
internal_value=1.20002e-13 -1.27054e-06 2.39195e-05 -2.6539e-06 -1.82201e-05 -7.84403e-06 5.72517e-06 -2.11913e-05 2.75092e-07 -1.50168e-06 -2.31365e-05 -4.54138e-05 1.48244e-06 -1.93502e-05 -1.78617e-06 5.8779e-06 2.87484e-06
internal_weight=850 826 43 783 124 104 82 50 659 627 76 49 551 96 68 455 419
internal_count=850 826 43 783 124 104 82 50 659 627 76 49 551 96 68 455 419
is_linear=0
shrinkage=0.3


Tree=119
num_leaves=27
num_cat=0
split_feature=18 22 26 1 19 18 21 21 14 17 16 23 6 19 16 20 9 13 17 5 14 7 17 4 7 16
split_gain=4.89219e-07 2.14004e-06 1.32119e-06 5.3311e-07 8.60814e-07 6.04513e-07 4.12958e-07 9.36371e-07 4.60835e-07 9.76383e-07 8.44854e-07 1.35308e-06 1.22602e-06 1.01652e-06 1.00672e-06 6.74092e-07 6.61345e-07 1.08747e-06 9.35961e-07 7.65752e-07 7.26246e-07 6.49569e-07 6.53048e-07 5.77954e-07 5.75124e-07 4.41312e-07
threshold=0.6624182690819862 0.52773100000000006 0.93857750000000018 4.3476694810775802 0.22779750000000001 0.965179829215847 0.034085500000000012 0.029465500000000002 0.013453423013704748 0.0071748867594056921 0.0035971654533698072 0.45000000000000007 -0.0019029962239348857 0.29954700000000006 0.0018298259418899653 0.078476500000000018 0.014430094053506428 0.018842420689385884 0.0019342413401178752 -0.01066588907392438 0.014719409799076986 -0.0034571707206943691 0.0018587406690632113 14663800.000000002 0.01206395494636014 0.0045316919733825924
decision_type=2 2 2 2 2 2 2 2 2 2 2 2 2 2 2 2 2 2 2 2 2 2 2 2 2 2
left_child=2 3 6 5 -5 -2 7 -1 9 10 11 15 25 -14 -13 -8 19 20 -19 -10 -18 -21 -23 -22 -20 -12
right_child=1 -3 -4 4 -6 -7 8 -9 16 -11 12 14 13 -15 -16 -17 17 18 24 21 23 22 -24 -25 -26 -27
leaf_value=-4.3626765017433095e-06 -1.2269978275941433e-05 0.00010746517651568865 -7.8766149217699419e-05 -7.0759336325636467e-05 1.6205414717010819e-05 5.8130691416278873e-05 1.1350912975977304e-05 7.6206125268072359e-05 -6.0717067003679401e-05 -7.0672558930432987e-05 -9.9826778769056542e-05 -4.170907625513408e-05 2.3225529177115605e-05 -5.0701871357607434e-05 1.9090855898126433e-05 6.9959519326155049e-05 7.9419566728851666e-05 4.4701581030039956e-05 -4.9182645613076276e-05 3.1454701509877241e-05 3.7630866322553182e-05 -6.3977938516472925e-05 -3.5668463684521826e-07 -5.5947417634646026e-06 1.0224192270801391e-05 -3.7559285478242341e-05
leaf_weight=37 23 20 20 20 21 21 38 20 24 23 20 57 47 26 43 33 23 20 44 36 73 20 53 45 22 21
leaf_count=37 23 20 20 20 21 21 38 20 24 23 20 57 47 26 43 33 23 20 44 36 73 20 53 45 22 21
internal_value=3.71154e-14 1.91711e-05 -2.70197e-06 -1.60398e-06 -2.62164e-05 2.13303e-05 -6.03645e-07 2.39071e-05 -2.69513e-06 -1.1214e-05 -6.41558e-06 6.92098e-06 -2.64204e-05 -3.10478e-06 -1.55651e-05 3.85915e-05 4.59323e-06 1.44355e-05 -1.2152e-05 -1.22053e-05 3.06521e-05 -1.5238e-06 -1.77872e-05 2.11465e-05 -2.93804e-05 -6.79337e-05
internal_weight=850 105 745 85 41 44 725 57 668 308 285 171 114 73 100 71 360 227 86 133 141 109 73 118 66 41
internal_count=850 105 745 85 41 44 725 57 668 308 285 171 114 73 100 71 360 227 86 133 141 109 73 118 66 41
is_linear=0
shrinkage=0.3


Tree=120
num_leaves=25
num_cat=0
split_feature=22 20 7 7 7 4 6 22 18 1 6 27 27 10 12 12 18 18 13 18 14 27 9 23
split_gain=4.88847e-07 3.10659e-07 8.38523e-07 1.47904e-06 1.01769e-06 8.89375e-07 1.56535e-06 9.23665e-07 8.304e-07 7.00666e-07 6.17906e-07 6.30012e-07 5.65338e-07 5.462e-07 5.7385e-07 8.1009e-07 8.90133e-07 7.35617e-07 6.09733e-07 5.16541e-07 5.01654e-07 4.78021e-07 3.1152e-07 2.89835e-07
threshold=0.9564680000000001 0.38661750000000006 0.0057637762358298114 0.0075472565341073205 0.0035117645024903285 12088900.000000002 -0.0045558791330031984 0.047629000000000005 -0.35752996925988467 3.4668260088485021 -0.0053957610636029977 0.8342790000000001 0.75010650000000012 2.1815566416690619 -0.0022852036292966811 -0.0014819213620704921 0.63117412479119983 -0.50002548081288467 0.017396123469013983 -0.23504303113273758 0.011385228903287407 0.84948150000000011 0.017668638467838678 0.22500000000000003
decision_type=2 2 2 2 2 2 2 2 2 2 2 2 2 2 2 2 2 2 2 2 2 2 2 2
left_child=1 9 4 -4 5 6 -3 21 -8 -1 -9 -12 -5 14 18 -16 17 -17 23 -14 -10 -7 -21 -11
right_child=-2 2 3 12 -6 7 8 10 20 13 11 -13 19 -15 15 16 -18 -19 -20 22 -22 -23 -24 -25
leaf_value=3.5886142399021992e-05 4.3140691757245172e-05 9.7641201897534873e-05 -8.6207258474049994e-05 -3.4242719131373545e-05 5.9634129735585649e-05 -8.0808940219867504e-06 5.0767614929382347e-05 -3.5114800672317865e-05 -4.8434082769485287e-05 8.071340234209856e-06 -8.2864115538541216e-06 5.6700155542149984e-05 -2.1492843740134048e-05 3.6817719696305823e-05 -6.3308916155206546e-05 -4.1581327179756046e-05 -6.2060418215423852e-05 1.1419009170788347e-06 3.9332148330036678e-05 9.6893855761663862e-06 8.1337285696780629e-06 -6.8806459902199485e-05 5.8637038341657893e-05 -4.0381388989771951e-05
leaf_weight=32 23 22 22 31 38 20 29 20 21 25 25 29 24 21 33 45 30 187 35 25 43 28 22 20
leaf_count=32 23 22 22 31 38 20 29 20 21 25 25 29 24 21 33 45 30 187 35 25 43 28 22 20
internal_value=-3.92821e-14 -1.1998e-06 4.82227e-06 -1.56586e-05 1.40573e-05 6.74958e-06 2.56783e-05 -1.1093e-05 8.65479e-06 -6.81384e-06 9.93038e-06 2.66138e-05 -4.42187e-07 -1.02643e-05 -1.29009e-05 -1.90123e-05 -1.3433e-05 -7.14493e-06 9.63476e-06 1.43158e-05 -1.04276e-05 -4.35041e-05 3.26011e-05 -1.34632e-05
internal_weight=850 827 399 124 275 237 115 122 93 428 74 54 102 396 375 295 262 232 80 71 64 48 47 45
internal_count=850 827 399 124 275 237 115 122 93 428 74 54 102 396 375 295 262 232 80 71 64 48 47 45
is_linear=0
shrinkage=0.3


Tree=121
num_leaves=18
num_cat=0
split_feature=18 18 26 26 4 2 21 21 6 6 8 6 2 2 12 12 27
split_gain=4.25265e-07 1.97569e-06 9.5349e-07 6.23916e-07 4.82517e-07 3.88335e-07 3.18208e-07 1.04992e-06 4.04869e-07 9.9784e-07 8.90554e-07 7.56791e-07 3.64182e-07 5.01598e-07 5.10369e-07 1.49784e-06 3.81875e-07
threshold=0.6624182690819862 0.77328760999114399 0.93779950000000012 0.52210500000000015 17322400.000000004 3.1741717382587136 0.16289550000000005 0.13543200000000002 -0.0065579320640539061 -1.0000000180025095e-35 0.026433173596592991 0.0034843692051956163 3.5667533523495556 3.8066077663779394 0.0032689158740170699 0.0026416031025550467 0.82327150000000004
decision_type=2 2 2 2 2 2 2 2 2 2 2 2 2 2 2 2 2
left_child=2 -2 5 -3 -5 -1 7 8 -7 10 -10 -11 -8 -14 15 -15 -16
right_child=1 3 -4 4 -6 6 12 -9 9 11 -12 -13 13 14 16 -17 -18
leaf_value=-4.0891035785404844e-05 0.00010017719411864943 3.2904683525728241e-05 -6.5536623411130028e-05 -5.8647791157682149e-05 -2.3474202732489044e-07 3.4038058323010939e-05 2.6268743997868362e-05 7.516889509133762e-05 -4.2295399990068506e-06 4.3637865762878972e-05 -8.5349501900314602e-05 -4.033595811787118e-06 -4.9535631470739047e-05 -4.3415404604729702e-06 -9.4143936956626065e-06 8.0268922738468965e-05 -5.659825392110808e-05
leaf_weight=21 21 29 21 20 35 33 33 20 29 44 21 94 23 322 38 20 26
leaf_count=21 21 29 21 20 35 33 33 20 29 44 21 94 23 322 38 20 26
internal_value=-1.55784e-13 1.78741e-05 -2.51917e-06 -2.70162e-06 -2.14759e-05 -6.91321e-07 5.09524e-07 9.34666e-06 3.3899e-06 -1.98983e-06 -3.82999e-05 1.1166e-05 -4.10032e-06 -6.43641e-06 -3.99483e-06 6.0644e-07 -2.85828e-05
internal_weight=850 105 745 84 55 724 703 241 221 188 50 138 462 429 406 342 64
internal_count=850 105 745 84 55 724 703 241 221 188 50 138 462 429 406 342 64
is_linear=0
shrinkage=0.3


Tree=122
num_leaves=12
num_cat=0
split_feature=20 15 5 2 2 13 27 4 18 10 16
split_gain=6.05763e-07 2.54465e-07 7.75102e-07 3.58922e-07 5.2584e-07 3.53826e-07 3.2687e-07 6.18643e-07 5.4283e-07 3.42744e-07 3.6037e-07
threshold=0.014942500000000003 -0.018707422139407789 -0.01342357719755587 3.4368100306476408 3.5667533523495556 0.017387190246224486 0.65675500000000009 8367650.0000000009 0.22635221891635993 -1.7280121423366335 0.0014378139342730487
decision_type=2 2 2 2 2 2 2 2 2 2 2
left_child=-1 -2 -3 5 -5 -4 7 -6 -9 -8 -11
right_child=1 2 3 4 6 -7 9 8 -10 10 -12
leaf_value=4.6983727679617003e-05 2.6745291009839482e-05 -4.4164768161480374e-05 -4.6311376856214465e-05 4.9624664525254049e-05 2.2187699566226609e-05 -8.9047281852055507e-07 4.0541604513626748e-05 -1.2077051647710587e-05 -6.8949296153574408e-05 1.699725416649951e-05 -2.2119218942711814e-06
leaf_weight=24 28 38 29 20 27 33 21 44 23 109 454
leaf_count=24 28 38 29 20 27 33 21 44 23 109 454
internal_value=-1.8317e-13 -1.36514e-06 -2.35148e-06 -2.60811e-07 1.68223e-06 -2.21357e-05 2.68002e-07 -1.61506e-05 -3.16004e-05 2.91072e-06 1.50708e-06
internal_weight=850 826 798 760 698 62 678 94 67 584 563
internal_count=850 826 798 760 698 62 678 94 67 584 563
is_linear=0
shrinkage=0.3


Tree=123
num_leaves=28
num_cat=0
split_feature=16 18 9 18 27 21 26 26 7 5 17 7 7 4 22 5 16 17 19 27 21 14 20 20 10 27 17
split_gain=3.13257e-07 7.60952e-07 1.85251e-06 1.01635e-06 1.28824e-06 7.35468e-07 7.11744e-07 8.9517e-07 6.89461e-07 1.01157e-06 6.49861e-07 1.08557e-06 1.07891e-06 9.57152e-07 7.59486e-07 1.05044e-06 1.14091e-06 6.46767e-07 6.22794e-07 5.62397e-07 5.4506e-07 7.74029e-07 7.07706e-07 5.91542e-07 5.28734e-07 4.6007e-07 3.24878e-07
threshold=0.0033195011426448012 0.66757328690076101 0.013886131608054153 0.040184685484933987 0.93648550000000008 0.26230750000000008 0.91964150000000011 0.87021050000000011 0.0096063900469660034 -1.0000000180025095e-35 0.0043763844599177077 -0.0054694749456558117 -0.0075547135593042958 6163450.0000000009 0.014589500000000002 0.0017392520238691659 0.0014695070666193115 0.0077444336176820906 -0.46266149999999995 0.88948350000000009 0.065194000000000016 0.010893235436624921 0.47240250000000006 0.087474500000000011 -1.3419520807089376 0.61728850000000013 0.0059940060753416813
decision_type=2 2 2 2 2 2 2 2 2 2 2 2 2 2 2 2 2 2 2 2 2 2 2 2 2 2 2
left_child=8 3 -3 6 20 -4 7 18 10 -10 12 -12 -1 -13 -14 16 -16 26 -2 -17 -5 -22 23 -23 -20 -26 -15
right_child=1 2 5 4 -6 -7 -8 -9 9 -11 11 13 14 17 15 19 -18 -19 24 -21 21 22 -24 -25 25 -27 -28
leaf_value=3.9063739414218454e-05 -3.4130479781941335e-05 0.00010845066497365353 -4.0473517323594671e-05 3.4848723091520446e-05 -8.8235950565110753e-05 3.5682203335454683e-05 6.435541090468177e-05 -4.0002422358043078e-05 -9.1482762509258455e-05 -6.9059529882257001e-06 -3.5834517075272739e-05 -2.3602256189292347e-05 2.9540396928382505e-05 4.5875814486925228e-05 -0.00010804840777009557 1.5748610286735992e-05 -2.1617932790312415e-05 1.0793607671369119e-05 -2.7119748228869866e-05 -4.1511768004581354e-05 -7.0291538575020229e-05 -2.5750593009764665e-05 -4.208316552854564e-05 3.5772072851614209e-05 6.4936549700756908e-05 1.8557936222435218e-05 9.5576823878218423e-05
leaf_weight=29 22 21 21 22 21 25 21 32 20 35 30 24 20 29 27 38 28 31 20 26 20 22 31 39 22 154 20
leaf_count=29 22 21 21 22 21 25 21 32 20 35 30 24 20 29 27 38 28 31 20 26 20 22 31 39 22 154 20
internal_value=4.01034e-14 4.90087e-06 3.46205e-05 2.2665e-07 -1.9149e-05 9.15461e-07 1.13087e-05 6.85273e-06 -6.76787e-06 -3.76612e-05 -1.1416e-06 1.44407e-05 -1.35703e-05 2.89431e-05 -2.45515e-05 -3.36426e-05 -6.40474e-05 4.47067e-05 1.37306e-05 -7.51342e-06 -8.32193e-06 -1.68019e-05 -5.1737e-06 1.35836e-05 1.91027e-05 2.43553e-05 6.61619e-05
internal_weight=850 493 67 426 155 46 271 250 357 55 302 134 168 104 139 119 55 80 218 64 134 112 92 61 196 176 49
internal_count=850 493 67 426 155 46 271 250 357 55 302 134 168 104 139 119 55 80 218 64 134 112 92 61 196 176 49
is_linear=0
shrinkage=0.3


Tree=124
num_leaves=15
num_cat=0
split_feature=20 6 11 6 11 17 17 18 29 18 18 8 18 16
split_gain=4.01288e-07 1.7677e-06 2.35499e-07 5.41941e-07 3.85479e-07 3.51735e-07 3.43317e-07 4.22688e-07 6.5352e-07 4.42976e-07 3.69439e-07 6.23515e-07 4.66e-07 1.68143e-07
threshold=0.023690000000000006 0.0017762495521596721 74.813396208610115 0.0017392520238691659 72.827570995431159 0.01132078849789637 0.0092165890223328394 0.59916468817399637 1.5000000000000002 0.83830611409082445 -0.26107909939898211 0.031641931605506594 -0.13630749574888443 0.0045061897971661281
decision_type=2 2 2 2 2 2 2 2 2 2 2 2 2 2
left_child=1 -1 4 -4 5 6 7 10 9 -9 11 -2 -12 -8
right_child=2 -3 3 -5 -6 -7 13 8 -10 -11 12 -13 -14 -15
leaf_value=7.4164706888950603e-05 -2.2237088601738089e-05 -3.2709377137507545e-05 5.4996178037721874e-05 -7.4216084026228335e-06 -4.1330231349844405e-05 -3.8376928837944587e-05 6.9668219194599342e-06 -7.9683293314961447e-05 4.994744991703416e-06 -1.7298532483778217e-05 2.8859183555426561e-05 1.1507566723536646e-05 1.1525100409305711e-06 4.4496417113545508e-05
leaf_weight=30 131 26 21 31 23 23 22 21 39 20 67 79 296 21
leaf_count=30 131 26 21 31 23 23 22 21 39 20 67 79 296 21
internal_value=1.37347e-13 2.45446e-05 -1.7311e-06 1.77856e-05 -3.09885e-06 -1.87587e-06 -6.69659e-07 -2.37944e-06 -2.28066e-05 -4.92517e-05 4.72509e-07 -9.54267e-06 6.26641e-06 2.52952e-05
internal_weight=850 56 794 52 742 719 696 653 80 41 573 210 363 43
internal_count=850 56 794 52 742 719 696 653 80 41 573 210 363 43
is_linear=0
shrinkage=0.3


Tree=125
num_leaves=18
num_cat=0
split_feature=22 10 10 19 10 11 8 16 23 12 10 8 8 19 15 7 15
split_gain=3.08375e-07 2.53503e-07 2.6988e-07 2.73194e-07 4.90794e-07 1.21311e-06 6.36704e-07 1.28707e-06 5.41637e-07 4.57365e-07 9.42296e-07 3.4199e-07 6.4059e-07 5.97918e-07 5.40217e-07 4.17514e-07 4.49362e-07
threshold=0.9551535000000001 2.4272884762833402 2.1815566416690619 0.064314500000000011 1.5521965291733408 70.948493919264948 0.037263722574353113 0.0020387361201124978 0.45000000000000007 0.003596639684800923 1.3522208498878563 0.052715639558088979 0.035272704806660893 0.90339200000000008 0.003502634495619539 -0.0017714965281345454 0.002171553084170883
decision_type=2 2 2 2 2 2 2 2 2 2 2 2 2 2 2 2 2
left_child=1 2 3 4 5 6 8 -8 -1 11 -11 12 13 -5 -14 -13 -17
right_child=-2 -3 -4 9 -6 -7 7 -9 -10 10 -12 15 14 -15 -16 16 -18
leaf_value=4.98450593938319e-06 3.2825289574020644e-05 -3.1375305104575092e-05 3.4326863933529238e-05 2.6974081132114706e-06 -3.9792691232660955e-05 6.6400408390368927e-05 1.82750863137926e-05 -8.1368467931497435e-05 -2.9401672283450116e-05 7.96688252324072e-05 -1.1564530932245735e-06 1.6894554573809727e-05 6.0221378196494634e-05 -5.1430223107900021e-05 -4.6027277636787164e-07 -6.2985875774757003e-05 -5.515801240562723e-06
leaf_weight=199 25 24 20 225 37 21 20 28 52 21 34 21 31 20 23 24 25
leaf_count=199 25 24 20 225 37 21 20 28 52 21 34 21 31 20 23 24 25
internal_value=-1.43301e-13 -9.94706e-07 -8.44258e-08 -9.65637e-07 -7.08041e-06 -3.29805e-06 -8.19326e-06 -3.98503e-05 -2.13932e-06 4.18289e-06 2.97041e-05 3.78912e-07 4.79796e-06 -1.72117e-06 3.43755e-05 -1.84967e-05 -3.36644e-05
internal_weight=850 825 801 781 357 320 299 48 251 424 55 369 299 245 54 70 49
internal_count=850 825 801 781 357 320 299 48 251 424 55 369 299 245 54 70 49
is_linear=0
shrinkage=0.3


Tree=126
num_leaves=13
num_cat=0
split_feature=21 20 0 1 17 13 22 9 7 13 27 27
split_gain=2.95446e-07 7.1544e-07 2.65152e-07 2.95291e-07 7.03006e-07 4.00305e-07 3.14982e-07 1.14268e-06 6.60475e-07 5.37373e-07 4.00843e-07 3.14709e-07
threshold=0.022918000000000004 0.015682500000000005 6.5500685172550019 6.0635676328918802 0.0028777905017387784 0.0119999949977298 0.013838500000000002 0.016882878015777977 0.0019398849651730014 0.013445892659819209 0.94628400000000013 0.87021350000000008
decision_type=2 2 2 2 2 2 2 2 2 2 2 2
left_child=-1 -2 3 5 -5 -3 7 8 -7 11 -11 -8
right_child=1 2 -4 4 -6 6 9 -9 -10 10 -12 -13
leaf_value=-3.2812207541610407e-05 5.4327966331997727e-05 3.9692642440058988e-05 2.502988555144319e-05 1.6713897951246637e-05 -5.6472419656630434e-05 4.5696193745408725e-05 -4.693564626450097e-05 -7.0298180666073814e-05 -2.8684932327191095e-05 4.9306612493797431e-06 -3.6358707042051141e-05 3.2820090772085156e-07
leaf_weight=24 22 22 35 21 27 22 32 26 21 555 22 21
leaf_count=24 22 22 35 21 27 22 32 26 21 555 22 21
internal_value=-1.22561e-13 9.53381e-07 -5.07117e-07 -1.6694e-06 -2.44534e-05 -1.52573e-07 -1.40664e-06 -2.06496e-05 9.37053e-06 7.00916e-07 3.35637e-06 -2.82085e-05
internal_weight=850 826 804 769 48 721 699 69 43 630 577 53
internal_count=850 826 804 769 48 721 699 69 43 630 577 53
is_linear=0
shrinkage=0.3


Tree=127
num_leaves=18
num_cat=0
split_feature=21 20 19 20 14 27 14 4 8 20 4 20 18 13 4 20 21
split_gain=3.60624e-07 5.64041e-07 3.61915e-07 3.31909e-07 4.68584e-07 6.6227e-07 5.92646e-07 5.02996e-07 5.34952e-07 4.49712e-07 3.69521e-07 4.61931e-07 4.48462e-07 4.28022e-07 3.66386e-07 3.33105e-07 2.6876e-07
threshold=0.023222500000000004 0.020379500000000005 -0.61115599999999992 0.3047990000000001 0.010776821489842608 0.7807535000000001 0.011928465261787802 11653400.000000002 -0.011375478974061442 0.062321000000000008 27889350.000000004 0.34886500000000004 0.24561394726212724 0.020739214982899882 14878250.000000002 0.38661750000000006 0.097584000000000018
decision_type=2 2 2 2 2 2 2 2 2 2 2 2 2 2 2 2 2
left_child=-1 -2 16 4 5 -4 -6 8 -8 -7 11 -5 -12 15 -9 -13 -3
right_child=1 2 3 10 6 9 7 14 -10 -11 12 13 -14 -15 -16 -17 -18
leaf_value=3.3480793150480228e-05 -4.0186691832388989e-05 6.4466318841975106e-06 -2.4578998172414841e-05 4.1127008307739744e-05 -5.8206275692403624e-05 -5.1118991450493923e-07 -6.5485771080381487e-07 4.0564530206950162e-05 -4.9109777631636696e-05 5.9325243357586888e-05 5.2346519908041957e-06 -2.8781017106431985e-05 -5.5591437194379972e-05 4.080564537721679e-05 -5.1994321939378712e-06 3.7405556420796233e-06 5.2330068574519824e-05
leaf_weight=28 32 27 29 32 27 20 37 20 46 26 24 31 20 26 74 331 20
leaf_count=28 32 27 29 32 27 20 37 20 46 26 24 31 20 26 74 331 20
internal_value=1.08778e-13 -1.14046e-06 4.41154e-07 -1.17382e-06 -9.35081e-06 1.09259e-05 -1.68055e-05 -1.04901e-05 -2.75094e-05 3.33094e-05 3.74294e-06 6.48315e-06 -2.24136e-05 3.62593e-06 4.53758e-06 9.55559e-07 2.59715e-05
internal_weight=850 822 790 743 279 75 204 177 83 46 464 420 44 388 94 362 47
internal_count=850 822 790 743 279 75 204 177 83 46 464 420 44 388 94 362 47
is_linear=0
shrinkage=0.3


Tree=128
num_leaves=17
num_cat=0
split_feature=21 27 9 9 23 9 13 5 6 27 8 3 13 13 6 11
split_gain=2.99069e-07 5.98027e-07 1.57489e-07 5.38456e-07 5.37772e-07 2.97124e-07 5.45173e-07 6.23636e-07 6.02334e-07 3.42273e-07 3.13384e-07 2.82314e-07 3.50387e-07 4.13065e-07 2.28747e-07 1.58612e-07
threshold=0.022918000000000004 0.94886950000000014 0.029471847530913902 0.031469704919795526 0.77500000000000013 0.020540218667216271 0.017365781162565739 0.0071048227343272485 0.0052266517208669986 0.76450650000000009 0.062905522304772782 6.0989494323730478 0.012359773248443241 0.012956179983036708 0.0020902138856802089 65.454514887097858
decision_type=2 2 2 2 2 2 2 2 2 2 2 2 2 2 2 2
left_child=-1 2 5 -4 14 10 8 9 -7 -8 11 12 15 -14 -5 -2
right_child=1 -3 3 4 -6 6 7 -9 -10 -11 -12 -13 13 -15 -16 -17
leaf_value=-3.301278443359479e-05 1.0073155056034012e-05 4.0529692144404681e-05 -5.4554381504853411e-05 -2.5562270098494225e-07 -4.176445600023726e-05 6.4081875168466788e-05 9.2056141056673368e-06 3.3921695765080772e-05 1.4950235017749946e-06 -3.8547280532189427e-05 -3.3793242982937949e-05 -3.0547650860373522e-05 -4.1618901989502112e-05 5.0816478387662765e-07 4.0296160412773527e-05 4.6246983383753101e-05
leaf_weight=24 24 33 21 31 20 31 22 29 25 35 27 27 22 438 21 20
leaf_count=24 24 33 21 31 20 31 22 29 25 35 27 27 22 438 21 20
internal_value=1.42543e-13 9.59209e-07 -6.87482e-07 -1.22864e-05 4.17492e-08 8.53519e-07 1.31057e-05 -1.89421e-06 3.61413e-05 -2.01163e-05 -2.26442e-06 -6.61263e-07 9.39793e-07 -1.50661e-06 1.61211e-05 2.65158e-05
internal_weight=850 826 793 93 72 700 142 86 56 57 558 531 504 460 52 44
internal_count=850 826 793 93 72 700 142 86 56 57 558 531 504 460 52 44
is_linear=0
shrinkage=0.3


Tree=129
num_leaves=21
num_cat=0
split_feature=21 19 0 1 21 25 19 22 22 4 9 22 17 15 16 15 5 12 5 15
split_gain=2.93189e-07 5.48603e-07 1.9129e-07 8.02193e-07 4.40281e-07 3.65546e-07 6.22388e-07 5.86477e-07 6.98459e-07 5.00958e-07 4.06405e-07 3.94827e-07 3.12268e-07 2.88215e-07 5.45623e-07 5.06205e-07 8.39347e-07 9.18063e-07 6.97875e-07 6.02244e-07
threshold=0.023222500000000004 -0.91048099999999987 4.5231652384522016 4.4008983783623092 0.29890600000000006 0.52777800000000019 -0.012248499999999997 0.21727300000000002 0.09414500000000002 15997000.000000002 0.010160573504205199 0.75841900000000007 0.0044642992564767449 -0.0094250699106803899 0.001863932777792561 -0.0040120841818721562 -0.0037383596984788014 0.00091169108949297982 0.0019398849651730014 -0.0059230010903271813
decision_type=2 2 2 2 2 2 2 2 2 2 2 2 2 2 2 2 2 2 2 2
left_child=-1 -2 3 13 -5 6 9 8 10 -4 -8 -7 -9 14 -3 19 17 -17 -18 -15
right_child=1 2 5 4 -6 11 7 12 -10 -11 -12 -13 -14 15 -16 16 18 -19 -20 -21
leaf_value=3.0188570814207844e-05 -4.5718323307752943e-05 -7.5176839081611807e-06 4.895026748954478e-06 -6.8305566753679162e-05 -1.3374312828969337e-05 5.2296420923586739e-05 3.9428452799422132e-05 6.6138943462387299e-05 -3.6527169031567529e-05 -5.88054948602803e-05 1.388348962589387e-06 -1.716893536597906e-06 1.3760561753315413e-05 -4.0511788555656828e-06 4.9730729583173125e-05 7.8897763640270566e-05 -2.9052050553938594e-05 -6.1879531066162078e-06 5.5568752637081414e-06 -6.5557050276726409e-05
leaf_weight=28 24 31 20 24 29 29 33 21 36 25 108 21 20 38 29 25 72 21 193 23
leaf_count=28 24 31 20 24 29 29 33 21 36 25 108 21 20 38 29 25 72 21 193 23
internal_value=1.34017e-13 -1.02832e-06 3.15739e-07 -3.41562e-06 -3.82488e-05 6.09756e-06 1.62736e-06 8.25794e-06 7.68941e-07 -3.04942e-05 1.02914e-05 2.96108e-05 4.05885e-05 8.57899e-07 2.01524e-05 -2.25411e-06 2.64703e-06 4.00543e-05 -3.8463e-06 -2.72419e-05
internal_weight=850 822 798 485 53 313 263 218 177 45 141 50 41 432 60 372 311 46 265 61
internal_count=850 822 798 485 53 313 263 218 177 45 141 50 41 432 60 372 311 46 265 61
is_linear=0
shrinkage=0.3


Tree=130
num_leaves=12
num_cat=0
split_feature=21 20 21 21 11 21 11 4 12 14 12
split_gain=2.83915e-07 6.08088e-07 1.85828e-07 4.10342e-07 1.96068e-07 3.59028e-07 2.92765e-07 7.21442e-07 3.01062e-07 5.56916e-07 5.26661e-07
threshold=0.022918000000000004 0.015682500000000005 0.029465500000000002 0.034085500000000012 74.813396208610115 0.44226700000000008 70.471876258355536 12491950.000000002 0.0011986337915714173 0.010822500769441757 0.00091169108949297982
decision_type=2 2 2 2 2 2 2 2 2 2 2
left_child=-1 -2 -3 -4 6 -6 8 -8 10 -10 -5
right_child=1 2 3 4 5 -7 7 -9 9 -11 -12
leaf_value=-3.2165518632609746e-05 5.0142084176679247e-05 -2.281363929341751e-05 4.0900291705011943e-05 -1.8861646319941403e-06 4.0763946184243744e-05 -1.1537631793804134e-05 1.1803106568614956e-05 -5.5708977993947033e-05 4.4810904358882905e-05 2.2863264775878631e-06 -4.8459387238361397e-05
leaf_weight=24 22 32 22 438 27 21 28 29 34 150 23
leaf_count=24 22 32 22 438 27 21 28 29 34 150 23
internal_value=-3.43869e-14 9.34591e-07 -4.11882e-07 5.16688e-07 -6.67898e-07 1.7882e-05 -1.93627e-06 -2.25451e-05 -1.15018e-07 1.01441e-05 -4.20977e-06
internal_weight=850 826 804 772 750 48 702 57 645 184 461
internal_count=850 826 804 772 750 48 702 57 645 184 461
is_linear=0
shrinkage=0.3


Tree=131
num_leaves=12
num_cat=0
split_feature=21 20 0 1 17 1 19 2 7 0 4
split_gain=2.81853e-07 4.67464e-07 2.32507e-07 1.42089e-07 3.90319e-07 1.93551e-07 4.06533e-07 2.47068e-07 6.87225e-07 3.36229e-07 3.28216e-07
threshold=0.023222500000000004 0.015682500000000005 6.5500685172550019 6.0635676328918802 0.0028777905017387784 5.5137097106881034 0.28680700000000009 4.867039906183356 0.0015706941651680432 4.7624186529104167 27440900.000000004
decision_type=2 2 2 2 2 2 2 2 2 2 2
left_child=-1 -2 3 5 -5 7 -7 9 -9 10 -3
right_child=1 2 -4 4 -6 6 -8 8 -10 -11 -12
leaf_value=2.9599190388905429e-05 -4.5192348768198699e-05 4.0667919433592122e-07 2.4061463643322762e-05 1.3929840822259262e-05 -4.0603235700271194e-05 3.5895113359328131e-05 -1.489508013630415e-05 -5.522093866198297e-05 9.3158730206513692e-06 3.1977796278240552e-05 -3.474836092209443e-05
leaf_weight=28 21 544 35 21 27 37 23 27 33 29 25
leaf_count=28 21 544 35 21 27 37 23 27 33 29 25
internal_value=-1.23133e-13 -1.00825e-06 1.5014e-07 -9.42414e-07 -1.6745e-05 1.14027e-07 1.64255e-05 -1.37334e-06 -1.97257e-05 4.68028e-07 -1.13792e-06
internal_weight=850 822 801 766 48 718 60 658 60 598 569
internal_count=850 822 801 766 48 718 60 658 60 598 569
is_linear=0
shrinkage=0.3


Tree=132
num_leaves=24
num_cat=0
split_feature=21 21 17 15 4 5 5 16 16 10 5 16 26 15 18 6 11 14 22 0 14 10 4
split_gain=2.70487e-07 6.15395e-07 2.20449e-07 2.07512e-07 6.55655e-07 7.64055e-07 7.24275e-07 4.81657e-07 5.59726e-07 4.30027e-07 3.47611e-07 8.21546e-07 1.0243e-06 5.3998e-07 5.39313e-07 4.64604e-07 4.6099e-07 4.4489e-07 3.85852e-07 3.83197e-07 3.49341e-07 3.46709e-07 3.44674e-07
threshold=0.022918000000000004 0.026680500000000006 0.013281980994190671 -0.0014849140286276976 20549000.000000004 -0.0053007480086444238 -0.0059524076276533371 0.0059230009973895385 0.0039960040819541761 0.26340153708146868 0.0021785932658079485 0.0034334756219757583 0.44340750000000007 0.0086207019694488456 0.047283630158582078 0.0018886435234735878 63.471371654520027 0.01270424725030774 0.053872500000000011 4.5517433689171698 0.018322485633651377 -0.05312921851058635 27440900.000000004
decision_type=2 2 2 2 2 2 2 2 2 2 2 2 2 2 2 2 2 2 2 2 2 2 2
left_child=-1 -2 3 4 5 6 9 8 -7 -3 11 12 -5 16 21 19 18 -18 -12 -15 -17 -13 -6
right_child=1 2 -4 10 22 7 -8 -9 -10 -11 13 14 -14 15 -16 20 17 -19 -20 -21 -22 -23 -24
leaf_value=-3.139562134037987e-05 4.4627244590498901e-05 -2.0331018641518568e-05 -3.1720824665626424e-05 -2.37247091158329e-06 5.7677202214132066e-05 2.2723681716691882e-05 -6.5593285729515955e-05 5.3640465902250212e-05 -3.1751212418384966e-05 1.7965064619472416e-05 -2.0132808580589281e-05 4.8940729820969862e-05 -8.506479906113132e-05 1.9868689945025045e-05 -2.9627231435824795e-05 -5.6995203762198797e-05 5.9367298797496913e-05 4.6669398967503145e-06 1.714448829517323e-05 -2.3025867629508739e-05 -1.2937045223383315e-05 2.2045741616238955e-06 1.2847548336222562e-05
leaf_weight=24 28 71 20 26 29 58 22 26 24 42 41 20 28 53 36 25 32 23 64 29 46 50 33
leaf_count=24 28 71 20 26 29 58 22 26 24 42 41 20 28 53 36 25 32 23 64 29 46 50 33
internal_value=-8.60074e-14 9.12221e-07 -6.21639e-07 1.77826e-07 6.27929e-06 -7.46606e-07 -1.57928e-05 1.80611e-05 6.77981e-06 -6.09708e-06 -3.75652e-06 -1.51315e-05 -4.525e-05 2.05815e-06 2.11915e-07 -1.06843e-05 1.42431e-05 3.64926e-05 2.58859e-06 4.69866e-06 -2.84505e-05 1.55578e-05 3.38163e-05
internal_weight=850 826 798 778 305 243 135 108 82 113 473 160 54 313 106 153 160 55 105 82 71 70 62
internal_count=850 826 798 778 305 243 135 108 82 113 473 160 54 313 106 153 160 55 105 82 71 70 62
is_linear=0
shrinkage=0.3


Tree=133
num_leaves=13
num_cat=0
split_feature=21 19 19 19 13 13 13 9 21 4 3 6
split_gain=2.32445e-07 3.10038e-07 2.24606e-07 1.75201e-07 1.9225e-07 8.28283e-07 3.95659e-07 3.61836e-07 4.77508e-07 3.10541e-07 2.47063e-07 2.19664e-07
threshold=0.023222500000000004 -0.86971249999999989 -0.61115599999999992 -0.51522649999999992 0.014926889929334707 0.014681149223156992 0.015245342014384503 0.017369830929587288 0.18462350000000002 27440900.000000004 5.851276397705079 0.0048918632357554791
decision_type=2 2 2 2 2 2 2 2 2 2 2 2
left_child=-1 -2 -3 -4 5 7 -6 8 -5 10 -8 -11
right_child=1 2 3 4 6 -7 9 -9 -10 11 -12 -13
leaf_value=2.6879996272555218e-05 -2.7752193378128629e-05 2.2848388782317909e-05 -2.8495379492596836e-05 1.7833266294511138e-05 4.4561755612448902e-05 -5.662850130142437e-05 2.3783229493432557e-06 2.6139260144437023e-05 -1.7772141000643221e-05 -4.2471626386486603e-06 3.5003781875854077e-05 -4.541204490124073e-05
leaf_weight=28 37 38 20 49 20 27 414 37 110 28 22 20
leaf_count=28 37 38 20 49 20 27 414 37 110 28 22 20
internal_value=1.36143e-13 -9.1562e-07 3.49288e-07 -7.95244e-07 -3.32047e-08 -7.36736e-06 3.21187e-06 -5.81392e-07 -6.79941e-06 1.5032e-06 4.02456e-06 -2.13992e-05
internal_weight=850 822 785 747 727 223 504 196 159 484 436 48
internal_count=850 822 785 747 727 223 504 196 159 484 436 48
is_linear=0
shrinkage=0.3


Tree=134
num_leaves=14
num_cat=0
split_feature=21 20 21 19 12 10 12 9 6 17 19 16 26
split_gain=2.47648e-07 6.8844e-07 2.51586e-07 1.53338e-07 1.93412e-07 6.33008e-07 4.92457e-07 6.07486e-07 5.15777e-07 3.28984e-07 4.42758e-07 2.73752e-07 1.19297e-07
threshold=0.022918000000000004 0.015682500000000005 0.028477000000000006 -0.7581969999999999 0.00031579217173138477 0.57092663453960013 6.2588700445441236e-05 0.028959496602853813 0.0037738672634458066 0.0086956586768228792 -0.119018 0.0037700279812150459 0.48873400000000006
decision_type=2 2 2 2 2 2 2 2 2 2 2 2 2
left_child=-1 -2 -3 -4 6 11 7 8 -5 10 -7 -6 -11
right_child=1 2 3 4 5 9 -8 -9 -10 12 -12 -13 -14
leaf_value=-3.0040933620512074e-05 5.323060729345095e-05 -2.8497346616112343e-05 2.4054064133416372e-05 -7.0250884772001279e-06 1.5694501253165069e-05 -2.921153422769695e-05 -4.9617888648104521e-05 -5.3243595543790428e-05 1.8105833476056432e-05 7.2741967414913228e-06 1.8121010285715949e-06 6.1579179315561885e-05 3.895463335776066e-05
leaf_weight=24 22 28 24 245 25 51 21 20 105 20 220 22 23
leaf_count=24 22 28 24 245 25 51 21 20 105 20 220 22 23
internal_value=1.42393e-14 8.7286e-07 -5.59815e-07 4.48241e-07 -3.05137e-07 4.70199e-06 -4.92809e-06 -2.39164e-06 5.14188e-07 -1.58234e-07 -4.0263e-06 3.71724e-05 2.42195e-05
internal_weight=850 826 804 776 752 361 391 370 350 314 271 47 43
internal_count=850 826 804 776 752 361 391 370 350 314 271 47 43
is_linear=0
shrinkage=0.3


Tree=135
num_leaves=10
num_cat=0
split_feature=21 20 15 1 2 1 22 11 14
split_gain=2.32557e-07 3.79429e-07 1.849e-07 1.5148e-07 1.37877e-07 1.23644e-07 1.65813e-07 4.89467e-07 1.88153e-07
threshold=0.023222500000000004 0.015682500000000005 0.024631655044425677 6.5721822397096856 3.1741717382587136 3.4668260088485021 0.48214450000000003 66.878379803449903 0.024957668915731139
decision_type=2 2 2 2 2 2 2 2 2
left_child=-1 -2 3 4 -3 -6 8 -8 -7
right_child=1 2 -4 -5 5 6 7 -9 -10
leaf_value=2.6886468833708933e-05 -4.0722620581488759e-05 -2.3849899014294353e-05 2.8610705094251894e-05 1.9289868966800647e-05 1.6155743218700376e-05 2.1150274115623097e-06 -2.7329682607711278e-06 -5.2203529292620998e-05 -1.8103967971304276e-05
leaf_weight=28 21 24 20 33 37 521 99 22 45
leaf_count=28 21 24 20 33 37 521 99 22 45
internal_value=1.8979e-14 -9.15841e-07 1.27783e-07 -6.01614e-07 -1.47918e-06 -7.37608e-07 -1.64744e-06 -1.17276e-05 5.0751e-07
internal_weight=850 822 801 781 748 724 687 121 566
internal_count=850 822 801 781 748 724 687 121 566
is_linear=0
shrinkage=0.3


Tree=136
num_leaves=14
num_cat=0
split_feature=21 20 21 19 0 25 0 22 1 21 14 3 7
split_gain=2.32291e-07 5.71662e-07 1.50479e-07 1.30463e-07 1.45975e-07 3.76867e-07 5.36665e-07 4.08219e-07 3.48031e-07 3.05441e-07 3.01155e-07 5.77679e-07 3.49559e-07
threshold=0.022918000000000004 0.015682500000000005 0.028477000000000006 -0.7581969999999999 4.5231652384522016 0.52777800000000019 4.6088562201602725 0.43829950000000001 4.4054186973689076 0.29890600000000006 0.019125449294548406 4.0860087871551523 -0.015149991776231329
decision_type=2 2 2 2 2 2 2 2 2 2 2 2 2
left_child=-1 -2 -3 -4 8 6 -6 -8 10 -10 12 -12 -5
right_child=1 2 3 4 5 -7 7 -9 9 -11 11 -13 -14
leaf_value=-2.9094594947309815e-05 4.8556262556138046e-05 -2.2066557694090858e-05 2.2093398024480847e-05 2.8202426656207535e-05 4.7825587453189653e-05 3.2298978025070166e-05 8.4111010322722685e-07 -4.0439894979726888e-05 -5.6352796045757705e-05 -7.0396732903296085e-06 -3.6343266619160595e-06 4.2427403881698693e-05 -8.8269579779784364e-06
leaf_weight=24 22 28 24 25 20 39 212 24 20 26 69 38 279
leaf_count=24 22 28 24 25 20 39 212 24 20 26 69 38 279
internal_value=-4.59027e-14 8.45363e-07 -4.60159e-07 3.19454e-07 -3.75459e-07 4.82688e-06 6.41678e-07 -3.35696e-06 -3.73364e-06 -2.84802e-05 -9.63961e-07 1.2724e-05 -5.78178e-06
internal_weight=850 826 804 776 752 295 256 236 457 46 411 107 304
internal_count=850 826 804 776 752 295 256 236 457 46 411 107 304
is_linear=0
shrinkage=0.3


Tree=137
num_leaves=28
num_cat=0
split_feature=18 18 26 27 18 9 12 10 14 6 5 6 27 6 14 18 21 27 9 21 13 7 18 11 13 6 16
split_gain=2.37873e-07 1.29293e-06 9.30082e-07 3.67778e-07 1.7005e-07 1.69848e-07 3.73839e-07 5.81572e-07 2.99485e-07 7.02716e-07 9.30642e-07 9.28497e-07 5.07418e-07 8.31017e-07 4.34564e-07 4.75771e-07 3.23924e-07 3.121e-07 2.41119e-07 2.58865e-07 2.54542e-07 2.33669e-07 3.05379e-07 2.0284e-07 4.49633e-07 1.52656e-07 1.73754e-07
threshold=0.6624182690819862 0.77328760999114399 0.93779950000000012 0.90533500000000011 0.56720331886953124 0.020540218667216271 0.0043176530623931534 1.2890163668989196 0.012842612195184138 0.0018886435234735878 0.0017392520238691659 -0.0028316407224834488 0.85996650000000019 0.0055301319931660665 0.014272943671126853 1.0000000180025095e-35 0.24830250000000001 0.87280200000000019 0.026743154566167025 0.30331750000000007 0.018520651284502334 0.013154031960564616 -0.66594153103884002 64.036846006311592 0.019242595268525481 -0.0021738571572909805 0.0041724824145357381
decision_type=2 2 2 2 2 2 2 2 2 2 2 2 2 2 2 2 2 2 2 2 2 2 2 2 2 2 2
left_child=2 -2 4 25 5 8 7 18 9 10 11 -1 13 -11 15 -10 -14 -12 20 -20 -7 22 -16 -8 -25 -3 -27
right_child=1 3 -4 -5 -6 6 23 -9 14 12 17 -13 16 -15 21 -17 -18 -19 19 -21 -22 -23 -24 24 -26 26 -28
leaf_value=-1.430678761477923e-05 7.9948007260099979e-05 -1.18003566041937e-05 -6.4123195482222527e-05 -3.5604710798076627e-05 -2.4909241938075868e-05 1.5062939064591772e-05 1.3293079331086355e-05 6.088919671741599e-05 5.0979726532577014e-05 3.7414022007656708e-05 -1.5903652908946241e-05 -8.3915325585086763e-05 7.4773617961909624e-06 -3.8073756070064391e-05 -3.1032559600233702e-05 -5.9754317814767173e-06 6.1471069540175452e-05 3.0545869808322651e-05 4.8983680816101176e-05 5.248180580032379e-06 -2.4685234240192145e-05 -3.1670612601634012e-05 5.643707786699362e-06 4.8017696511893657e-06 -5.5029395416568145e-05 1.3924081940785982e-08 3.9558652649702704e-05
leaf_weight=35 21 21 21 23 24 29 23 23 33 21 30 34 20 35 23 22 20 23 21 29 29 21 183 26 20 20 20
leaf_count=35 21 21 21 23 24 29 23 23 33 21 30 34 20 35 23 22 20 23 21 29 29 21 183 26 20 20 20
internal_value=4.49999e-14 1.3368e-05 -1.88409e-06 -3.27696e-06 -7.88076e-08 7.72522e-07 8.16129e-06 1.75745e-05 -2.18299e-06 -1.05336e-05 -2.56427e-05 -4.86066e-05 8.66752e-06 -9.76584e-06 4.27248e-06 2.81977e-05 3.44742e-05 4.25369e-06 8.35007e-06 2.36171e-05 -4.81115e-06 -1.52438e-06 1.54878e-06 -9.71016e-06 -2.12118e-05 8.9122e-06 1.97863e-05
internal_weight=850 105 745 84 724 700 200 131 500 218 122 69 96 56 282 55 40 53 108 50 58 227 206 69 46 61 40
internal_count=850 105 745 84 724 700 200 131 500 218 122 69 96 56 282 55 40 53 108 50 58 227 206 69 46 61 40
is_linear=0
shrinkage=0.3


Tree=138
num_leaves=11
num_cat=0
split_feature=21 20 22 22 19 14 19 8 8 3
split_gain=3.70417e-07 3.07593e-07 1.64227e-07 1.12656e-07 1.38844e-07 3.49149e-07 2.8776e-07 1.80542e-07 5.89574e-07 2.37815e-07
threshold=0.023222500000000004 0.020379500000000005 0.86034200000000005 0.75841900000000007 -0.41768299999999997 0.0134356876641587 -0.32967099999999994 0.077674027885568528 0.089113417298708836 6.152022361755372
decision_type=2 2 2 2 2 2 2 2 2 2
left_child=-1 -2 3 4 5 -3 -6 9 -9 -8
right_child=1 2 -4 -5 6 -7 7 8 -10 -11
leaf_value=3.3932379434580591e-05 -2.9990338686047834e-05 4.3504302681702194e-05 2.6850728154386161e-05 -2.1364936220458689e-05 -3.2110378613372e-05 -6.9991966971169211e-06 2.7651251153966897e-07 -5.3542703394866648e-05 6.4674410434857167e-06 2.7250386490836275e-05
leaf_weight=28 32 22 20 23 26 28 576 23 41 31
leaf_count=28 32 22 20 23 26 28 576 23 41 31
internal_value=2.54501e-13 -1.15585e-06 1.21322e-08 -6.84974e-07 -4.82418e-08 1.52223e-05 -1.14369e-06 5.62088e-08 -1.50987e-05 1.65409e-06
internal_weight=850 822 790 770 747 50 697 671 64 607
internal_count=850 822 790 770 747 50 697 671 64 607
is_linear=0
shrinkage=0.3


Tree=139
num_leaves=21
num_cat=0
split_feature=22 8 8 20 11 18 16 8 26 17 7 4 5 3 10 5 14 13 27 26
split_gain=2.23425e-07 1.29135e-07 6.20353e-07 2.96409e-07 5.03398e-07 2.86653e-07 3.01581e-07 2.86088e-07 2.43803e-07 2.37636e-07 5.73313e-07 5.08425e-07 5.59581e-07 4.70902e-07 3.66152e-07 3.29844e-07 3.91309e-07 3.54239e-07 3.09806e-07 1.58543e-07
threshold=0.9551535000000001 0.057225885483949725 0.052715639558088979 0.19935600000000001 70.193651716276662 -0.12765392865031958 0.0037783549271428753 0.049747125558285359 0.45578950000000001 0.0055453441467527556 -0.0057526679028365949 6450200.0000000009 0.0018332303703748334 3.6281611919403081 -0.32066008651588146 -0.009640940803765841 0.0070113923074724355 0.01708754112274442 0.91180300000000014 0.65943350000000012
decision_type=2 2 2 2 2 2 2 2 2 2 2 2 2 2 2 2 2 2 2 2
left_child=1 2 7 4 -3 6 -5 9 -7 11 14 12 -1 -12 -11 17 -17 -13 -15 -10
right_child=-2 3 -4 5 -6 8 -8 -9 19 10 13 15 -14 18 -16 16 -18 -19 -20 -21
leaf_value=4.7231204924507379e-05 2.7940553387452382e-05 -7.7352307146481626e-06 -5.345270328689367e-05 -7.3708037021447121e-06 5.4714370176393111e-05 -4.0740604345046445e-05 4.0188223468362598e-05 3.2565920363677751e-05 1.75649751716784e-05 1.209505376209563e-06 -2.7784552518141936e-05 -5.7155433929577923e-05 -1.4528474214429202e-05 2.8983073391048359e-05 -5.3751876102978712e-05 -4.2666163823014359e-05 -3.5596068276418757e-06 -7.1406895544043889e-06 -7.0479327607447183e-06 -1.719051094066041e-05
leaf_weight=31 25 21 21 24 26 21 24 22 21 24 20 26 23 105 20 25 292 25 27 27
leaf_count=31 25 21 21 24 26 21 24 22 21 24 20 26 23 105 20 25 292 25 27 27
internal_value=-1.49211e-13 -8.46684e-07 -2.71624e-06 6.68854e-06 2.68114e-05 -1.39499e-06 1.64087e-05 -1.05145e-06 -1.37802e-05 -2.24818e-06 6.38382e-06 -6.25736e-06 2.09262e-05 1.51134e-05 -2.37729e-05 -1.02462e-05 -6.64372e-06 -3.26384e-05 2.16131e-05 -1.98499e-06
internal_weight=850 825 661 164 47 117 48 640 69 618 196 422 54 152 44 368 317 51 132 48
internal_count=850 825 661 164 47 117 48 640 69 618 196 422 54 152 44 368 317 51 132 48
is_linear=0
shrinkage=0.3


Tree=140
num_leaves=16
num_cat=0
split_feature=7 7 20 6 8 11 11 22 17 2 4 11 12 26 4
split_gain=1.93755e-07 1.59619e-06 5.24893e-07 4.37789e-07 3.21813e-07 1.56356e-07 3.59481e-07 3.4108e-07 1.53117e-07 3.50859e-07 3.73238e-07 2.22849e-07 6.24981e-07 2.63907e-07 1.25704e-07
threshold=-0.012205210804839875 -0.0098816215025511345 0.015682500000000005 0.010772220527041224 -0.013647850833558791 35.917452142986185 39.99361784761026 0.33111050000000003 0.0061084433906592539 4.8755484342222077 7710850.0000000009 62.49998911447566 0.00057139811168085898 0.61560150000000013 10291150.000000002
decision_type=2 2 2 2 2 2 2 2 2 2 2 2 2 2 2
left_child=3 -2 -3 4 -1 14 7 -7 11 10 -10 13 -13 -8 -4
right_child=1 2 5 -5 -6 6 8 -9 9 -11 -12 12 -14 -15 -16
leaf_value=2.7008211450067948e-05 7.3129035596745479e-05 -4.6776452158651823e-05 3.5241067921560896e-05 -5.1221136059861494e-05 -1.795243261501343e-05 6.3865211359370726e-07 -1.5490922220460736e-05 -5.3492568953184996e-05 -1.0525352965211304e-05 -1.7088012805288598e-05 2.566393567153824e-05 3.2927212126361898e-05 -4.5261126183043639e-06 3.8009701244037486e-06 2.3791187190495705e-06
leaf_weight=23 27 22 20 21 38 20 156 22 35 37 96 55 148 108 22
leaf_count=23 27 22 20 21 38 20 156 22 35 37 96 55 148 108 22
internal_value=-2.43858e-14 1.48001e-06 -1.13068e-06 -1.38616e-05 -1.00006e-06 2.65988e-07 -8.35918e-07 -2.77158e-05 9.41964e-07 8.70889e-06 1.5995e-05 -1.85214e-06 5.62134e-06 -7.59878e-06 1.80277e-05
internal_weight=850 768 741 82 61 719 677 42 635 168 131 467 203 264 42
internal_count=850 768 741 82 61 719 677 42 635 168 131 467 203 264 42
is_linear=0
shrinkage=0.3


Tree=141
num_leaves=9
num_cat=0
split_feature=20 21 8 8 11 8 8 4
split_gain=2.68331e-07 2.29411e-07 1.16801e-07 3.33101e-07 1.53364e-07 1.21774e-07 1.21776e-07 1.20408e-07
threshold=0.014942500000000003 0.023769000000000002 -0.056752853379022784 -0.044859420487930339 37.033138804897057 -0.032194448186880435 -0.02729227353603934 7520100.0000000009
decision_type=2 2 2 2 2 2 2 2
left_child=-1 -2 -3 -4 -5 -6 -7 -8
right_child=1 2 3 4 5 6 7 -9
leaf_value=3.1270274931216591e-05 -2.9208476387793778e-05 -2.2663332997581163e-05 3.612201934352608e-05 -2.1189799002557615e-05 2.137006174507405e-05 -2.2328815571303164e-05 -7.7110133661539185e-06 2.3230302153006781e-06
leaf_weight=24 25 20 23 31 24 22 134 547
leaf_count=24 25 20 23 31 24 22 134 547
internal_value=-2.28912e-14 -9.08579e-07 -2.53117e-08 5.54407e-07 -5.24821e-07 3.56354e-07 -3.61042e-07 3.48637e-07
internal_weight=850 826 801 781 758 727 703 681
internal_count=850 826 801 781 758 727 703 681
is_linear=0
shrinkage=0.3


Tree=142
num_leaves=16
num_cat=0
split_feature=21 19 12 10 21 6 17 6 29 9 13 13 7 7 15
split_gain=2.00341e-07 1.80721e-07 1.02088e-07 2.8233e-07 3.19513e-07 3.08334e-07 2.62397e-07 2.79177e-07 2.46498e-07 2.34403e-07 2.20435e-07 3.84977e-07 3.42894e-07 5.37039e-07 1.74554e-07
threshold=0.023222500000000004 -0.86971249999999989 -2.2489716463479061e-05 0.57092663453960013 0.35855950000000009 -0.0073083334599296258 0.0012143787939696506 -0.0038498233671912939 3.5000000000000004 0.01315630512816999 0.0199659697220574 0.018886582419664077 -0.015149991776231329 -0.0058880343395166486 0.0089768103854378934
decision_type=2 2 2 2 2 2 2 2 2 2 2 2 2 2 2
left_child=-1 -2 8 4 -4 -5 14 -8 10 -9 11 12 -3 -14 -7
right_child=1 2 3 5 -6 6 7 9 -10 -11 -12 -13 13 -15 -16
leaf_value=2.4954764895872876e-05 -2.1339152591600715e-05 3.0059851616732139e-05 3.9171018897832255e-05 2.7182822573061404e-05 -5.0434332422355505e-06 -3.8249459553948592e-05 -2.8915446302562483e-05 2.919269400081248e-05 2.2208802986993292e-05 7.4588375634023278e-07 -2.7598992526052186e-05 3.6119215266288455e-05 -3.5029816720160461e-05 -1.9982275479236008e-06 -4.7512213866087099e-06
leaf_weight=28 37 22 38 34 24 28 25 30 31 199 37 21 56 212 28
leaf_count=28 37 22 38 34 24 28 25 30 31 199 37 21 56 212 28
internal_value=-3.36189e-14 -8.50041e-07 1.15688e-07 3.42113e-06 2.20557e-05 6.25652e-08 -2.91191e-06 1.18632e-06 -3.42523e-06 4.47254e-06 -5.70873e-06 -3.10442e-06 -5.94475e-06 -8.90035e-06 -2.15003e-05
internal_weight=850 822 785 406 62 344 310 254 379 229 348 311 290 268 56
internal_count=850 822 785 406 62 344 310 254 379 229 348 311 290 268 56
is_linear=0
shrinkage=0.3


Tree=143
num_leaves=27
num_cat=0
split_feature=17 6 26 26 18 13 26 22 12 12 12 16 17 0 9 29 10 12 8 21 11 27 21 10 10 17
split_gain=2.31937e-07 1.09954e-06 1.19248e-06 4.3499e-07 2.66349e-07 2.41024e-07 2.30618e-07 1.91951e-07 1.87321e-07 4.20658e-07 3.44184e-07 3.06186e-07 5.92941e-07 3.87719e-07 4.506e-07 3.35572e-07 3.11096e-07 2.89564e-07 3.10517e-07 2.29924e-07 2.16008e-07 1.86683e-07 3.21242e-07 2.0891e-07 2.31505e-07 1.89699e-07
threshold=0.00059237415311971808 0.0019398849651730014 0.85448950000000012 0.93779950000000012 -0.29992340783797616 0.017419716918452875 0.57033650000000014 0.051174000000000004 0.00021842702449986813 -0.00013473521602656491 0.00091169108949297982 0.0038722168088410809 0.0019743336348172634 4.6542507541130673 0.0097016416747051967 2.5000000000000004 0.070307527469709405 -0.0011621683171122524 0.012280802210493087 0.37758500000000006 74.390252578618913 0.85172550000000002 0.39124000000000009 0.78566259277889794 1.0805930942235984 0.0044859750708257625
decision_type=2 2 2 2 2 2 2 2 2 2 2 2 2 2 2 2 2 2 2 2 2 2 2 2 2 2
left_child=1 2 4 8 -1 7 -6 -3 9 11 19 12 -2 16 -15 17 -14 18 -13 -10 21 23 25 -12 -25 -23
right_child=3 5 -4 -5 6 -7 -8 -9 10 -11 20 15 13 14 -16 -17 -18 -19 -20 -21 -22 22 -24 24 -26 -27
leaf_value=4.1025577047548722e-05 -5.8873621862533449e-05 -2.6569885101873134e-05 9.0502276037548893e-05 -4.2925249608347459e-05 2.0436484659512642e-05 -4.619685500009447e-05 -2.031211614666972e-05 1.3528803278209774e-05 3.91261157076499e-05 -4.0444382902306041e-05 -3.027906721229101e-05 -1.8645621672837531e-06 -5.8270107571090074e-06 5.1212154380664289e-05 -6.9213389906508384e-06 3.2211882563615289e-05 -4.5878066612203841e-05 -2.6329698539484524e-05 4.0659638407305459e-05 4.1004962646008106e-06 -2.3107715346401059e-05 -1.53814210728556e-05 3.6473429189582353e-05 2.4078120039965661e-05 -7.8894727266742848e-06 1.6800436357833349e-05
leaf_weight=20 21 22 23 23 25 21 25 21 37 29 24 68 64 20 30 36 24 30 20 31 34 34 33 28 75 32
leaf_count=20 21 22 23 23 25 21 25 21 37 29 24 68 64 20 30 36 24 30 20 31 34 34 33 28 75 32
internal_value=8.81723e-14 1.04115e-05 3.12384e-05 -2.35874e-06 1.1766e-05 -1.98526e-05 6.21843e-08 -6.9868e-06 -9.66158e-07 -5.87864e-06 4.156e-06 -2.67606e-06 -1.19103e-05 -4.76376e-06 1.63321e-05 6.85805e-06 -1.675e-05 -8.7702e-07 7.80003e-06 2.31586e-05 -8.13901e-07 2.54004e-06 1.23057e-05 -5.0726e-06 8.00747e-07 2.21904e-07
internal_weight=850 157 93 693 70 64 50 43 670 342 328 313 159 138 50 154 88 118 88 68 260 226 99 127 103 66
internal_count=850 157 93 693 70 64 50 43 670 342 328 313 159 138 50 154 88 118 88 68 260 226 99 127 103 66
is_linear=0
shrinkage=0.3


Tree=144
num_leaves=31
num_cat=0
split_feature=22 27 27 27 16 18 10 6 18 18 9 9 22 17 22 17 0 6 26 15 6 18 13 18 22 19 27 15 19 4
split_gain=2.87001e-07 1.1457e-07 6.57381e-07 3.05105e-07 4.17749e-07 2.9962e-07 3.21876e-07 3.89374e-07 3.09954e-07 2.57784e-07 2.99167e-07 1.9876e-07 1.89654e-07 3.49238e-07 5.04484e-07 4.49633e-07 3.28274e-07 2.12137e-07 3.99121e-07 4.66093e-07 4.49577e-07 3.18957e-07 3.10003e-07 2.85184e-07 2.32079e-07 2.18404e-07 2.16688e-07 1.76945e-07 1.48429e-07 1.33185e-07
threshold=0.94848200000000016 0.86676350000000013 0.87280200000000019 0.88889850000000015 0.0035971654533698072 0.2859296721458322 1.2926242067585025 0.0088399830992716456 0.4428646624118277 0.088716110478294113 0.012484504705880976 0.016911531060344449 0.088644000000000014 0.0035087687010102444 0.015292500000000002 0.0016611325728322559 4.5068623568606183 0.0052266517208669986 0.59509900000000016 0.0067469101571445205 -0.0058880343395166486 -0.14257160593770948 0.01717562951962091 -0.57601269503926333 0.29130500000000004 0.11592450000000001 0.71099500000000015 -1.0000000180025095e-35 -0.086644499999999985 11339450.000000002
decision_type=2 2 2 2 2 2 2 2 2 2 2 2 2 2 2 2 2 2 2 2 2 2 2 2 2 2 2 2 2 2
left_child=1 12 -3 4 -4 6 9 -8 -7 10 -5 -10 13 15 -15 -1 -16 18 21 20 -20 23 29 -14 25 -19 -25 -26 -24 -23
right_child=-2 2 3 5 -6 8 7 -9 11 -11 -12 -13 17 14 16 -17 -18 24 19 -21 -22 22 28 26 27 -27 -28 -29 -30 -31
leaf_value=6.8446649528106298e-06 2.7428869356072027e-05 -5.4380726183096516e-05 5.333727407560218e-05 1.5806664782758163e-05 -4.8328509583370752e-06 -5.0637641146275438e-05 4.6785686726462486e-05 -5.6507534402499008e-06 9.094301498811951e-06 2.0923226134428317e-05 -2.238282107050793e-05 -2.7655501627175628e-05 2.3497807842431939e-05 -3.1826593686901103e-05 3.2512683727266749e-05 5.7776348309674245e-05 -1.5423955669575662e-05 -5.2187822333280565e-05 -6.6496730869403106e-05 2.0743250008143312e-05 -8.4292979204292339e-06 2.0424890557147923e-05 2.2904732245168898e-05 -4.1482121137700497e-05 1.8352037379652474e-05 -1.2224353774570318e-05 2.1499617871612032e-06 -1.5461225011677015e-05 -1.0291276971151497e-05 5.1379372110534006e-05
leaf_weight=39 33 23 20 24 25 23 26 25 27 24 80 26 20 32 36 26 20 20 20 22 30 22 22 21 26 32 20 30 27 29
leaf_count=39 33 23 20 24 25 23 26 25 27 24 80 26 20 32 36 26 20 20 20 22 30 22 22 21 26 32 20 30 27 29
internal_value=1.85251e-14 -1.1079e-06 -5.50138e-06 -1.75396e-06 2.10205e-05 -5.77299e-06 9.27658e-07 2.10815e-05 -2.15548e-05 -7.10241e-06 -1.35699e-05 -8.9339e-06 1.76476e-06 1.05402e-05 -1.77811e-06 2.72173e-05 1.53925e-05 -2.17262e-06 2.92171e-06 -1.56453e-05 -3.16563e-05 1.1225e-05 2.16539e-05 -5.87163e-06 -1.31631e-05 -2.75949e-05 -2.01982e-05 2.3779e-07 4.61305e-06 3.80265e-05
internal_weight=850 817 323 300 45 255 179 51 76 128 104 53 494 153 88 65 56 341 233 72 50 161 100 61 108 52 41 56 49 51
internal_count=850 817 323 300 45 255 179 51 76 128 104 53 494 153 88 65 56 341 233 72 50 161 100 61 108 52 41 56 49 51
is_linear=0
shrinkage=0.3


Tree=145
num_leaves=21
num_cat=0
split_feature=11 22 21 8 21 22 22 2 19 26 11 7 20 29 21 2 5 24 15 4
split_gain=2.17166e-07 1.35308e-06 8.73516e-07 2.66274e-07 2.89951e-07 1.95927e-07 3.98096e-07 3.77235e-07 3.33372e-07 2.12357e-07 2.11461e-07 1.44404e-07 5.9628e-07 2.60047e-07 2.95473e-07 2.37994e-07 2.09048e-07 2.57808e-07 2.11368e-07 1.41435e-07
threshold=45.988527241496477 0.92149200000000009 0.023769000000000002 -0.0093996733582611489 0.030523000000000005 0.051174000000000004 0.33111050000000003 3.9627716154583448 -0.29257749999999993 0.5583990000000002 42.476463006235399 0.0087337971074883929 0.085122500000000018 2.5000000000000004 0.23680850000000003 6.3156630008212309 0.010142022112633641 1.0000000180025095e-35 0.016374281868788875 8549050.0000000019
decision_type=2 2 2 2 2 2 2 2 2 2 2 2 2 2 2 2 2 2 2 2
left_child=1 5 -2 -4 -5 10 9 -8 -9 -7 19 15 -13 14 -14 16 17 -6 -18 -1
right_child=2 -3 3 4 11 6 7 8 -10 -11 -12 12 13 -15 -16 -17 18 -19 -20 -21
leaf_value=1.6402264217114343e-05 -6.3004632309977227e-05 8.2498453648440761e-05 -3.2431586220374572e-05 3.0838453393597675e-05 -8.7993643698713384e-06 8.5980839905401339e-06 1.8257377681152318e-05 -1.2652468880192969e-06 -5.2085654644023242e-05 4.4641093274679276e-05 -3.8601625205956225e-05 -5.7450290237284199e-05 -1.148831428883354e-05 -2.3481250804024966e-05 2.6773866104052172e-05 2.8350517015139432e-05 2.925807303444554e-05 8.9326054649063728e-06 -6.5246381231176542e-06 -1.7650452319566797e-05
leaf_weight=21 21 20 23 27 233 31 32 26 21 28 20 20 34 32 39 28 39 108 24 23
leaf_count=21 21 20 23 27 233 31 32 26 21 28 20 20 34 32 39 28 39 108 24 23
internal_value=1.08583e-13 8.06512e-06 -2.85104e-06 -7.69948e-07 4.77e-07 6.95479e-07 7.0582e-06 -6.86657e-06 -2.39722e-05 2.57032e-05 -1.30241e-05 -9.9474e-07 -9.97462e-06 -9.31637e-07 8.95312e-06 1.60361e-06 -2.50141e-07 -3.18337e-06 1.56266e-05 -1.39802e-06
internal_weight=850 222 628 607 584 202 138 79 47 59 64 557 125 105 73 432 404 341 63 44
internal_count=850 222 628 607 584 202 138 79 47 59 64 557 125 105 73 432 404 341 63 44
is_linear=0
shrinkage=0.3


Tree=146
num_leaves=21
num_cat=0
split_feature=16 16 7 26 15 6 17 11 10 15 12 6 1 26 19 26 2 20 22 11
split_gain=2.42051e-07 1.24604e-06 4.54827e-07 2.79079e-07 3.80395e-07 5.64956e-07 3.97105e-07 2.38975e-07 3.65103e-07 3.87169e-07 3.38091e-07 2.21995e-07 2.61068e-07 2.07214e-07 2.84283e-07 2.79186e-07 2.05097e-07 1.85653e-07 1.85432e-07 2.38828e-07
threshold=0.0057581732450490775 0.0054249888453987913 -0.012646997856853479 0.87593150000000009 0.0038241440402621125 0.0019840912817329199 0.005043051789981501 45.505049293726657 0.035720754191974464 0.0014892421486670784 -0.0011621683171122524 0.013988033549877816 6.3908496512016235 0.82600800000000008 0.73721950000000003 0.71350000000000013 3.9962978323967282 0.3047990000000001 0.047629000000000005 60.0000260232787
decision_type=2 2 2 2 2 2 2 2 2 2 2 2 2 2 2 2 2 2 2 2
left_child=1 3 -2 11 6 -6 -5 10 -9 17 16 12 13 14 15 -1 -4 -10 -11 -20
right_child=2 -3 7 4 5 -7 -8 8 9 18 -12 -13 -14 -15 -16 -17 -18 -19 19 -21
leaf_value=6.3522030058491322e-07 -4.402034176109737e-05 6.278643406403716e-05 7.6232813295394989e-06 -2.8532922965496251e-05 -7.2668818307874969e-05 -1.3624285384139512e-06 2.1868517120203569e-05 -4.2912929158774198e-05 -2.1376665180079204e-06 -4.0143839065162211e-05 -1.9779087325844101e-05 2.5379288162356887e-05 -3.2301183200615927e-05 2.8721547655900045e-05 -2.864343093480986e-05 2.9150839078711748e-05 4.9599064434460159e-05 3.6124631998973197e-05 1.64437156834775e-05 -2.3138296364777487e-05
leaf_weight=339 28 30 22 24 20 20 34 25 21 21 20 37 20 26 27 34 20 25 23 34
leaf_count=339 28 30 22 24 20 20 34 25 21 21 20 37 20 26 27 34 20 25 23 34
internal_value=-2.01787e-13 3.16624e-06 -8.09445e-06 8.77458e-08 -1.4509e-05 -3.70156e-05 1.01275e-06 -3.32703e-06 -9.8397e-06 -3.17171e-06 1.23244e-05 3.04941e-06 1.19693e-06 2.76961e-06 1.08274e-06 3.2345e-06 2.76117e-05 1.86571e-05 -1.60451e-05 -7.16661e-06
internal_weight=850 611 239 581 98 40 58 211 149 124 62 483 446 426 400 373 42 46 78 57
internal_count=850 611 239 581 98 40 58 211 149 124 62 483 446 426 400 373 42 46 78 57
is_linear=0
shrinkage=0.3


Tree=147
num_leaves=11
num_cat=0
split_feature=21 19 13 13 29 8 1 5 9 22
split_gain=1.77895e-07 1.47635e-07 8.96858e-08 1.90052e-07 3.30383e-07 2.20787e-07 1.4622e-07 1.40546e-07 1.61851e-07 1.17194e-07
threshold=0.023222500000000004 -0.86971249999999989 0.025941098500278443 0.020123656096809724 2.5000000000000004 0.079174295551261861 6.3687360280033589 0.019459890412416244 0.030569089695194219 0.010154500000000002
decision_type=2 2 2 2 2 2 2 2 2 2
left_child=-1 -2 3 6 5 -5 7 8 9 -3
right_child=1 2 -4 4 -6 -7 -8 -9 -10 -11
leaf_value=2.3515295554586506e-05 -1.9319873965864765e-05 1.8073074111271124e-05 -1.7608257237952783e-05 4.6916706757353186e-05 -1.5140365631732098e-05 8.1840312847047105e-06 -2.6201395035059249e-05 2.0257021980859433e-05 -2.6997391095002448e-05 -1.153025255372383e-06
leaf_weight=28 37 30 25 27 23 26 20 29 21 584
leaf_count=28 37 30 25 27 23 26 20 29 21 584
internal_value=-9.27885e-15 -8.01008e-07 7.18561e-08 6.53439e-07 1.48856e-05 2.79158e-05 -9.27915e-07 -1.66666e-07 -1.0994e-06 -2.13639e-07
internal_weight=850 822 785 760 76 53 684 664 635 614
internal_count=850 822 785 760 76 53 684 664 635 614
is_linear=0
shrinkage=0.3


Tree=148
num_leaves=24
num_cat=0
split_feature=21 20 18 26 18 5 17 17 21 29 5 5 21 21 13 10 17 17 18 0 15 19 22
split_gain=1.74756e-07 6.34005e-07 9.0207e-08 3.15157e-07 2.37083e-07 1.92359e-07 2.56275e-07 2.1705e-07 2.97601e-07 2.16939e-07 2.10582e-07 1.4451e-07 2.65498e-07 3.67567e-07 4.22211e-07 2.6646e-07 2.40134e-07 2.47998e-07 2.74708e-07 2.26637e-07 1.56527e-07 1.21727e-07 1.11043e-07
threshold=0.022918000000000004 0.015682500000000005 0.2859296721458322 0.88651500000000005 0.22635221891635993 0.0057637762358298114 0.0019980657250638196 0.0055957270569244643 0.29890600000000006 1.5000000000000002 0.011628341168213674 0.0039447901830927728 0.78222650000000005 0.16289550000000005 0.015055400178891806 0.76985248259936478 0.0036968542496504716 0.0018621512584327065 -0.072736855837132922 4.5068623568606183 0.0055971405550293883 0.35955950000000009 0.21601750000000003
decision_type=2 2 2 2 2 2 2 2 2 2 2 2 2 2 2 2 2 2 2 2 2 2 2
left_child=-1 -2 4 5 11 6 -4 8 -8 -9 -7 12 13 15 -15 -3 17 18 -13 -14 -18 -12 -22
right_child=1 2 3 -5 -6 10 7 9 -10 -11 21 16 19 14 -16 -17 20 -19 -20 -21 22 -23 -24
leaf_value=-2.5235554267055702e-05 5.097839151191734e-05 1.8772842613056388e-05 2.5231142192821536e-05 -3.8955158585019454e-05 3.1226964651780332e-05 -3.4829899849293204e-05 7.8642587942567844e-06 -9.7927473284976751e-06 -4.1685799442348066e-05 2.8236957890233799e-05 -1.5649059679162747e-05 -4.3717325866055035e-06 -1.5369837248489721e-06 -3.4941556353513704e-05 -5.06798072713517e-06 -1.0430458535985112e-05 3.675935235150973e-05 -2.2879474580414744e-05 3.5003357421057598e-05 4.2128847992444209e-05 -6.4894550343358947e-06 1.5751429559713868e-05 2.3017767171040758e-05
leaf_weight=24 22 70 39 23 23 28 20 27 24 27 25 52 23 61 141 47 30 35 23 20 22 20 24
leaf_count=24 22 70 39 23 23 28 20 27 24 27 25 52 23 61 141 47 30 35 23 20 22 20 24
internal_value=8.64689e-15 7.33236e-07 -6.41631e-07 -5.61618e-06 1.38826e-06 -1.96477e-06 4.66302e-06 -3.52225e-06 -1.9163e-05 9.22211e-06 -1.44032e-05 1.35909e-07 -3.35615e-06 -6.33904e-06 -1.40892e-05 7.0416e-06 6.93228e-06 -2.02759e-06 7.7033e-06 1.87727e-05 1.99005e-05 -1.69329e-06 8.90562e-06
internal_weight=850 826 804 233 571 210 137 98 44 54 73 548 362 319 202 117 186 110 75 43 76 45 46
internal_count=850 826 804 233 571 210 137 98 44 54 73 548 362 319 202 117 186 110 75 43 76 45 46
is_linear=0
shrinkage=0.3


Tree=149
num_leaves=20
num_cat=0
split_feature=21 20 20 7 12 8 9 9 8 7 21 12 3 20 0 13 23 9 9
split_gain=1.75405e-07 2.42184e-07 8.0918e-08 7.85032e-08 1.88873e-07 2.55338e-07 2.60534e-07 2.20885e-07 2.16076e-07 2.10043e-07 2.015e-07 1.89832e-07 1.21669e-07 1.25505e-07 2.28372e-07 3.34865e-07 1.98625e-07 3.18643e-07 2.87288e-07
threshold=0.023222500000000004 0.015682500000000005 0.023690000000000006 0.0051431284703012349 0.0026416031025550467 0.03269735377388043 0.014527509195080524 0.018872548042472386 0.057775256886614154 0.011719496798312539 0.29661750000000003 -0.0012284407885641503 6.152022361755372 0.38661750000000006 4.9308557510375985 0.017668503314785013 0.36666650000000006 0.017269709735913435 0.014575291163097236
decision_type=2 2 2 2 2 2 2 2 2 2 2 2 2 2 2 2 2 2 2
left_child=-1 -2 -3 12 5 6 11 -8 -7 -6 -11 -5 13 16 15 -15 18 -18 -4
right_child=1 2 3 4 9 8 7 -9 -10 10 -12 -13 -14 14 -16 -17 17 -19 -20
leaf_value=2.3350160894811521e-05 -3.2598137594115018e-05 1.757531783477648e-05 1.350275069800024e-05 -3.3956069546547948e-05 2.4057450262186345e-05 -4.0953234673679617e-05 3.9626034208595229e-05 -4.4265831190516889e-06 -5.4504911609064437e-06 -2.91309832891784e-05 1.1268933474639198e-05 -1.1598830776558708e-07 1.7931971701488548e-05 1.8022738813875151e-05 -1.6475318168093852e-05 -7.4934713483613241e-06 -3.3245217750018955e-05 1.0973674168533099e-05 -1.0165526622707751e-05
leaf_weight=28 21 23 85 25 36 36 20 21 27 20 25 37 38 133 37 71 44 22 101
leaf_count=28 21 23 85 25 36 36 20 21 27 20 25 37 38 133 37 71 44 22 101
internal_value=5.81358e-14 -7.95383e-07 3.83975e-08 -4.80046e-07 -4.89854e-06 -1.06934e-05 -1.49156e-06 1.70625e-05 -2.57378e-05 6.97743e-06 -6.68659e-06 -1.37612e-05 1.57526e-06 3.14499e-07 5.20913e-06 9.1421e-06 -4.36648e-06 -1.85056e-05 6.50622e-07
internal_weight=850 822 801 778 247 166 103 41 63 81 45 62 531 493 241 204 252 66 186
internal_count=850 822 801 778 247 166 103 41 63 81 45 62 531 493 241 204 252 66 186
is_linear=0
shrinkage=0.3


Tree=150
num_leaves=13
num_cat=0
split_feature=21 20 5 14 2 10 16 18 12 12 9 9
split_gain=1.6701e-07 4.85853e-07 8.82768e-08 2.6195e-07 7.3358e-08 9.4393e-08 9.91037e-08 4.58416e-07 2.91111e-07 2.32344e-07 2.17887e-07 1.67024e-07
threshold=0.022918000000000004 0.015682500000000005 -0.01342357719755587 0.021700437231455091 3.1741717382587136 -1.7997979550429848 0.0018867456009074898 -0.18619866764326648 -0.00061108744287512097 0.0010761075717071603 0.0088641092784974857 0.011466699521401251
decision_type=2 2 2 2 2 2 2 2 2 2 2 2
left_child=-1 -2 3 -3 -4 -6 7 9 -9 -7 -8 -12
right_child=1 2 4 -5 5 6 10 8 -10 -11 11 -13
leaf_value=-2.4669935191923288e-05 4.4701385501287987e-05 -3.4307194304206997e-05 -1.664274379477733e-05 5.2102306237126566e-06 2.0291578411243705e-05 1.0660857476198413e-06 2.2327600471462278e-05 -4.07814431468978e-06 2.4438158227811223e-05 -3.5245378073560806e-05 -1.9330286262370717e-05 -1.5630604280443857e-06
leaf_weight=24 22 26 22 36 22 35 31 48 98 29 54 403
leaf_count=24 22 26 22 36 22 35 31 48 98 29 54 403
internal_value=8.08564e-14 7.16802e-07 -4.86756e-07 -1.13616e-05 4.21923e-07 9.43343e-07 3.33513e-07 5.78279e-06 1.50629e-05 -1.53875e-05 -2.01146e-06 -3.66247e-06
internal_weight=850 826 804 62 742 720 698 210 146 64 488 457
internal_count=850 826 804 62 742 720 698 210 146 64 488 457
is_linear=0
shrinkage=0.3


Tree=151
num_leaves=15
num_cat=0
split_feature=21 20 8 8 26 17 17 5 27 27 18 24 6 10
split_gain=1.63194e-07 3.01121e-07 6.77206e-08 1.50343e-07 6.82025e-08 2.1574e-07 2.15929e-07 1.72743e-07 1.53104e-07 4.69494e-07 1.75584e-07 1.43862e-07 3.81653e-07 1.74289e-07
threshold=0.023222500000000004 0.015682500000000005 -0.056752853379022784 -0.046610784020633317 0.84988350000000012 0.0019342413401178752 0.0038572805682445658 0.0023751990206819788 0.8676505000000001 0.88106300000000004 0.047283630158582078 0.22500000000000003 0.0039643125692368332 1.6589862262314907
decision_type=2 2 2 2 2 2 2 2 2 2 2 2 2 2
left_child=-1 -2 -3 -4 8 -6 -7 -8 11 -10 -11 13 -13 -5
right_child=1 2 3 4 5 6 7 -9 9 10 -12 12 -14 -15
leaf_value=2.2522714276159861e-05 -3.6229111979732156e-05 -1.7075048235710709e-05 2.5052170729560948e-05 -3.9125393668464054e-06 2.6285521867066562e-05 -2.3918592422786687e-05 -2.5660207690402048e-06 3.1181539601448097e-05 -4.008934377192678e-05 9.5437168267033165e-06 -1.282213010685062e-05 2.6819168058977991e-05 -9.7292249180706365e-06 1.5832509848223709e-05
leaf_weight=28 21 20 22 321 35 27 43 20 35 68 59 60 45 46
leaf_count=28 21 20 22 321 35 27 43 20 35 68 59 60 45 46
internal_value=-9.08625e-14 -7.67197e-07 1.62516e-07 6.03939e-07 -1.04706e-07 6.29987e-06 -1.47233e-06 8.14749e-06 -1.36744e-06 -9.32506e-06 -8.46716e-07 1.36378e-06 1.11556e-05 -1.43768e-06
internal_weight=850 822 801 781 759 125 90 63 634 162 127 472 105 367
internal_count=850 822 801 781 759 125 90 63 634 162 127 472 105 367
is_linear=0
shrinkage=0.3


Tree=152
num_leaves=14
num_cat=0
split_feature=21 20 22 14 13 5 15 21 21 15 5 26 16
split_gain=1.58403e-07 4.15192e-07 1.04111e-07 7.99999e-08 9.98656e-08 1.74148e-07 1.07726e-07 2.19824e-07 2.59807e-07 2.04741e-07 3.0437e-07 1.61388e-07 1.05381e-07
threshold=0.022918000000000004 0.015682500000000005 0.90353450000000002 0.034323622111947526 0.020866017895703911 -0.0048280530574920325 -0.0056181942276104782 0.26230750000000008 0.046611000000000007 -0.0048311668288242831 -0.0045558791330031984 0.35636500000000004 0.0048485634400579104
decision_type=2 2 2 2 2 2 2 2 2 2 2 2 2
left_child=-1 -2 3 4 6 -6 7 8 -3 -8 -11 -9 -7
right_child=1 2 -4 -5 5 12 9 11 -10 10 -12 -13 -14
leaf_value=-2.4025769670288354e-05 4.1358540312847421e-05 2.064312678027948e-05 -2.0767789708548371e-05 -1.4074173501989114e-05 -9.1228275216792547e-06 3.6760377537101029e-05 -3.1237875834579299e-05 4.370888111799631e-06 -2.0745408706856182e-05 2.3463759040558734e-05 -3.1687712174033318e-06 3.2206128621264474e-05 8.0424090277159369e-06
leaf_weight=24 22 21 22 34 24 23 21 38 39 42 480 37 23
leaf_count=24 22 21 22 34 24 23 21 38 39 42 480 37 23
internal_value=-1.11191e-13 6.98085e-07 -4.14514e-07 1.58084e-07 8.05005e-07 1.15931e-05 -3.08809e-07 7.27522e-06 -6.25942e-06 -2.19434e-06 -1.02592e-06 1.81029e-05 2.24014e-05
internal_weight=850 826 804 782 748 70 678 135 60 543 522 75 46
internal_count=850 826 804 782 748 70 678 135 60 543 522 75 46
is_linear=0
shrinkage=0.3


Tree=153
num_leaves=11
num_cat=0
split_feature=21 20 22 19 7 14 7 10 14 7
split_gain=1.55421e-07 3.28149e-07 7.50812e-08 1.01049e-07 7.68345e-08 2.53564e-07 8.89275e-08 2.64405e-07 1.10615e-07 9.80259e-08
threshold=0.023222500000000004 0.015682500000000005 0.86034200000000005 -0.67822149999999992 -0.015149991776231329 0.015425312072942286 -0.0088439266464408039 0.53165620412720405 0.006549527629274376 -0.0039215126240647871
decision_type=2 2 2 2 2 2 2 2 2 2
left_child=-1 -2 3 -3 5 -5 7 -6 -8 -10
right_child=1 2 -4 4 6 -7 8 -9 9 -11
leaf_value=2.197980395846701e-05 -3.7767940141618187e-05 -2.0826289190673765e-05 1.6403805858317355e-05 3.3357741233430713e-05 -2.6496067784347151e-05 -1.1781664170484873e-05 -1.9874473486217298e-05 1.3524993977398481e-05 9.9175811649274685e-06 -3.322903416689469e-07
leaf_weight=28 21 21 25 24 39 21 23 24 100 524
leaf_count=28 21 21 25 24 39 21 23 24 100 524
internal_value=-2.06091e-14 -7.48704e-07 2.21838e-07 -2.99488e-07 2.71456e-07 1.22927e-05 -4.90453e-07 -1.12499e-05 5.57226e-07 1.31032e-06
internal_weight=850 822 801 776 755 45 710 63 647 624
internal_count=850 822 801 776 755 45 710 63 647 624
is_linear=0
shrinkage=0.3


Tree=154
num_leaves=13
num_cat=0
split_feature=21 20 21 21 27 4 6 6 2 16 27 4
split_gain=1.50412e-07 3.778e-07 1.09736e-07 6.14925e-08 6.12082e-08 1.7107e-07 1.9184e-07 1.37289e-07 1.26451e-07 1.15118e-07 1.67476e-07 1.57381e-07
threshold=0.022918000000000004 0.015682500000000005 0.029465500000000002 0.92013400000000012 0.9126200000000001 20882700.000000004 0.0014610101719062887 0.0086869419250320337 6.3466222413248472 0.0053811650312002336 0.8676505000000001 8549050.0000000019
decision_type=2 2 2 2 2 2 2 2 2 2 2 2
left_child=-1 -2 -3 4 8 6 -6 -8 9 11 -11 -4
right_child=1 2 3 -5 5 -7 7 -9 -10 10 -12 -13
leaf_value=-2.3411980038190446e-05 3.9466618686260932e-05 -1.7595826849969854e-05 1.1573649287199683e-05 -1.4615012395324811e-05 -1.4739620416081822e-05 3.1055378794710781e-05 3.2946858555078505e-05 -4.004657532732381e-07 -1.897188821526323e-05 -6.610108180547401e-07 -2.1914038399150149e-05 -6.9485518405225512e-07
leaf_weight=24 22 32 142 24 37 22 20 25 31 149 43 279
leaf_count=24 22 32 142 24 37 22 20 25 31 149 43 279
internal_value=5.12443e-14 6.80251e-07 -3.81067e-07 3.32498e-07 8.12097e-07 7.56517e-06 1.26292e-06 1.44206e-05 -2.78461e-07 6.66883e-07 -5.4208e-06 3.44322e-06
internal_weight=850 826 804 772 748 104 82 45 644 613 192 421
internal_count=850 826 804 772 748 104 82 45 644 613 192 421
is_linear=0
shrinkage=0.3


Tree=155
num_leaves=9
num_cat=0
split_feature=21 20 13 0 19 0 5 20
split_gain=1.49386e-07 3.3751e-07 5.69406e-08 1.10791e-07 1.23375e-07 9.57251e-08 9.77899e-08 8.11235e-08
threshold=0.023222500000000004 0.015682500000000005 0.025941098500278443 6.5500685172550019 0.90339200000000008 6.1829806447520843 0.019459890412416244 0.77391750000000015
decision_type=2 2 2 2 2 2 2 2
left_child=-1 -2 3 4 5 6 7 -3
right_child=1 2 -4 -5 -6 -7 -8 -9
leaf_value=2.1548809588369164e-05 -3.8277544237124462e-05 -6.2914956307048642e-07 -1.3292413243309258e-05 1.9601823320651118e-05 -1.8184044341751358e-05 -1.8626194026761699e-05 1.7671147674214183e-05 9.0615669552107641e-06
leaf_weight=28 21 571 27 27 32 22 32 90
leaf_count=28 21 571 27 27 32 22 32 90
internal_value=-2.93074e-14 -7.34023e-07 2.50264e-07 7.22683e-07 4.03048e-08 8.5594e-07 1.47442e-06 6.90313e-07
internal_weight=850 822 801 774 747 715 693 661
internal_count=850 822 801 774 747 715 693 661
is_linear=0
shrinkage=0.3


Tree=156
num_leaves=18
num_cat=0
split_feature=21 21 19 19 0 3 19 26 7 0 7 14 13 14 20 12 3
split_gain=1.43316e-07 3.7956e-07 9.62718e-08 6.97524e-08 6.8114e-08 1.49687e-07 1.7777e-07 5.85732e-07 2.02918e-07 1.4418e-07 2.81827e-07 1.42078e-07 2.09265e-07 1.6158e-07 1.34928e-07 1.05239e-07 5.28943e-08
threshold=0.022918000000000004 0.026680500000000006 -0.8784114999999999 -0.74418349999999989 4.5231652384522016 4.7122719287872323 0.23149400000000001 0.43861100000000003 0.0088399830992716456 4.3146701675021832 -0.0055402491783471198 0.019057558188208409 0.017895826405499592 0.0092678839407295856 0.46508900000000003 -0.0020474567931914448 4.6454312801361093
decision_type=2 2 2 2 2 2 2 2 2 2 2 2 2 2 2 2 2
left_child=-1 -2 -3 -4 9 15 8 -8 -7 11 -11 13 -13 -5 -12 -6 -17
right_child=1 2 3 4 5 6 7 -9 -10 10 14 12 -14 -15 -16 16 -18
leaf_value=-2.2853029246761025e-05 3.4995597365496315e-05 -1.9253211149816707e-05 1.7093310881526641e-05 1.3343713536004344e-05 -2.0860955646639919e-06 1.2889466453249469e-05 -5.3000671150791526e-05 1.8550573639554068e-06 -1.949409197550267e-05 -4.4317709268528102e-05 9.8207895553059648e-06 1.9966142937326886e-05 -6.6493252995275291e-06 -7.0535464137460793e-06 -2.1990478077213991e-05 3.5045252856694527e-05 1.4220574202345627e-05
leaf_weight=24 28 24 21 41 20 102 22 86 21 21 30 63 46 237 20 21 23
leaf_count=24 28 24 21 41 20 102 22 86 21 21 30 63 46 237 20 21 23
internal_value=-8.00288e-14 6.6401e-07 -5.40607e-07 3.96292e-08 -4.35972e-07 3.11923e-06 -4.37793e-07 -9.31926e-06 7.36057e-06 -2.72589e-06 -1.51529e-05 -4.45995e-07 8.73393e-06 -4.04532e-06 -2.90372e-06 1.59578e-05 2.41596e-05
internal_weight=850 826 798 774 753 295 231 108 123 458 71 387 109 278 50 64 44
internal_count=850 826 798 774 753 295 231 108 123 458 71 387 109 278 50 64 44
is_linear=0
shrinkage=0.3


Tree=157
num_leaves=22
num_cat=0
split_feature=4 4 19 8 27 18 18 21 21 22 22 5 15 13 7 7 6 9 6 21 13
split_gain=1.40023e-07 9.85593e-07 3.57363e-07 4.79864e-07 2.02945e-07 1.21669e-07 1.59559e-07 1.17719e-07 1.98934e-07 1.75691e-07 2.56859e-07 1.80392e-07 1.93006e-07 1.45987e-07 1.36804e-07 1.11203e-07 1.85285e-07 2.9426e-07 1.54685e-07 2.05959e-07 1.86552e-07
threshold=16438250.000000002 15351600.000000002 -0.39971799999999996 0.014730026980850918 0.95092500000000013 0.63117412479119983 0.44758133733128452 0.066274000000000013 0.15388900000000003 0.3180110000000001 0.25140900000000005 0.0014902902123345065 0.0063830377499787989 0.018011050173001888 0.0029220024331836222 -0.0058880343395166486 0.0063217805298881559 0.014575291163097236 0.0017392520238691659 0.55537350000000008 0.016588460010644752
decision_type=2 2 2 2 2 2 2 2 2 2 2 2 2 2 2 2 2 2 2 2 2
left_child=1 4 3 -2 5 6 15 14 -9 10 11 13 -13 -10 -4 16 17 -1 20 -20 -17
right_child=2 -3 7 -5 -6 -7 -8 8 9 -11 -12 12 -14 -15 -16 18 -18 -19 19 -21 -22
leaf_value=5.1140593132004148e-06 -5.9058427800096064e-05 5.5620072762394552e-05 -3.4901637346510223e-06 -1.7110599516015633e-06 -2.7818385597524668e-05 -1.7242615128834e-05 2.5484479247779745e-05 -2.5600623226754609e-05 3.3854500938187725e-05 2.1770641397183524e-05 -3.439038490406736e-05 -3.2704779007417523e-05 3.8738771325898669e-06 -1.115140522805242e-06 2.960026418488427e-05 1.8368586662881612e-05 1.1084785463818632e-05 -3.4867773567654964e-05 1.9038931989245555e-06 -2.4240279963926104e-05 -1.4310460955764003e-07
leaf_weight=30 24 30 22 29 23 31 25 31 22 29 21 20 37 21 23 97 31 37 134 34 99
leaf_count=30 24 30 22 29 23 31 25 31 22 29 21 20 37 21 23 97 31 37 134 34 99
internal_value=7.31174e-14 2.69151e-06 -5.50842e-06 -2.76797e-05 -2.43534e-07 9.80832e-07 2.14085e-06 -3.08971e-07 -3.72293e-06 7.98463e-07 -4.22793e-06 2.10619e-06 -8.96074e-06 1.67763e-05 1.34227e-05 8.77663e-07 -8.09242e-06 -1.69655e-05 3.29269e-06 -3.38719e-06 9.01829e-06
internal_weight=850 571 279 53 541 518 487 226 181 150 121 100 57 43 45 462 98 67 364 168 196
internal_count=850 571 279 53 541 518 487 226 181 150 121 100 57 43 45 462 98 67 364 168 196
is_linear=0
shrinkage=0.3


Tree=158
num_leaves=15
num_cat=0
split_feature=21 12 12 4 19 22 4 4 26 14 22 12 12 12
split_gain=1.95106e-07 1.04492e-07 1.66625e-07 1.6458e-07 2.19755e-07 3.1893e-07 1.805e-07 1.64883e-07 1.0641e-07 1.2105e-07 1.38068e-07 1.1026e-07 2.46317e-07 2.11205e-07
threshold=0.023222500000000004 -0.0023563906800071932 -0.0020548052832879945 8549050.0000000019 0.12268200000000001 0.46958150000000004 6224950.0000000009 17684150.000000004 0.039723500000000002 0.0072569485931527023 0.0094240000000000018 0.0026416031025550467 0.0023062103975750241 0.0032689158740170699
decision_type=2 2 2 2 2 2 2 2 2 2 2 2 2 2
left_child=-1 3 -3 6 5 -5 -2 -6 -4 -10 -11 12 -12 -13
right_child=1 2 8 4 7 -7 -8 -9 9 10 11 13 -14 -15
leaf_value=2.4626577195314376e-05 -1.1717199283469068e-06 -2.5989760153886608e-05 -1.7829063984422912e-05 3.1984279401571721e-05 -3.429660744823986e-05 -1.3070276372673106e-05 3.5092243260805842e-05 2.9481255819518992e-06 -1.9501988826332619e-05 2.3669829091555914e-05 -1.3795870132259241e-06 3.2980986258695812e-05 -3.5498906608495414e-05 1.5773372769133459e-06
leaf_weight=28 21 26 34 31 23 26 30 20 29 22 398 23 20 119
leaf_count=28 21 26 34 31 23 26 30 20 29 22 398 23 20 119
internal_value=4.46288e-14 -8.38861e-07 -2.44341e-06 6.29131e-06 -7.8174e-07 1.14331e-05 2.016e-05 -1.69735e-05 -1.49426e-06 -5.85285e-07 3.57299e-07 -5.5855e-07 -3.01209e-06 6.66384e-06
internal_weight=850 822 671 151 100 57 51 43 645 611 582 560 418 142
internal_count=850 822 671 151 100 57 51 43 645 611 582 560 418 142
is_linear=0
shrinkage=0.3


Tree=159
num_leaves=29
num_cat=0
split_feature=7 7 26 8 7 18 9 0 22 22 27 26 14 21 4 5 26 5 18 9 20 27 23 9 1 14 14 9
split_gain=1.44975e-07 1.04474e-06 3.69404e-07 3.0739e-07 2.24452e-07 1.31459e-07 1.81566e-07 2.16168e-07 1.72434e-07 1.74747e-07 1.59837e-07 1.4951e-07 1.4316e-07 2.40479e-07 2.39087e-07 3.41923e-07 3.2107e-07 1.60649e-07 1.37025e-07 1.25108e-07 2.27125e-07 2.58959e-07 1.98413e-07 1.58888e-07 1.13912e-07 1.24515e-07 9.75598e-08 8.91796e-08
threshold=-0.0098816215025511345 -0.011890775432913303 0.72829700000000008 -0.012033704633335206 -0.0088439266464408039 0.1068684959176017 0.014300908906704015 4.6461988559513649 0.48501100000000003 0.27524950000000009 0.8676505000000001 0.69430600000000009 0.012842612195184138 0.79274450000000007 10683800.000000002 0.0017559054202750857 0.57210800000000017 -0.0019215167570850887 -0.39898753640591073 0.028002955568207932 0.062321000000000008 0.72156500000000012 0.70833350000000006 0.01548725054578517 4.7436620178766526 0.012551055135802149 0.01655735877617728 0.037543422261034652
decision_type=2 2 2 2 2 2 2 2 2 2 2 2 2 2 2 2 2 2 2 2 2 2 2 2 2 2 2 2
left_child=1 2 3 -1 -2 12 7 11 9 24 -9 -7 13 14 16 -16 18 -18 -6 20 -14 23 -23 -22 25 -8 -10 -21
right_child=4 -3 -4 -5 5 6 8 10 26 -11 -12 -13 19 -15 15 -17 17 -19 -20 27 21 22 -24 -25 -26 -27 -28 -29
leaf_value=3.9733123041969517e-05 -3.2075106098058569e-05 7.0338904502672715e-05 -3.1856420539576179e-05 -6.012007583404528e-06 3.501312380649324e-05 -1.3753755010569827e-05 2.6718138209699562e-05 1.780796619641478e-05 3.1139134641865563e-05 -2.2201206590812098e-05 -1.5839873200699608e-05 -4.264437846229287e-05 3.2385908280048167e-05 2.3570521403598831e-05 -4.9023741061878699e-05 -1.2469684439305896e-06 7.2798980966126685e-06 -2.6092061307742151e-05 1.3908162054576677e-06 -2.1443575146154865e-05 8.8240179304028228e-06 -1.0612564495348029e-05 1.2921245983729281e-05 4.5769878579449137e-05 -1.6755324031691996e-05 -3.6515483952825886e-07 2.1886975747520409e-06 6.5476135659991996e-06
leaf_weight=20 21 21 29 39 24 38 22 24 22 37 27 28 35 25 26 28 20 37 20 21 22 76 56 20 22 50 20 20
leaf_count=20 21 21 29 39 24 38 22 24 22 37 27 28 35 25 26 28 20 37 20 21 22 76 56 20 22 50 20 20
internal_value=-4.32996e-14 1.02154e-05 -4.1323e-06 9.49482e-06 -1.50267e-06 -6.10969e-07 -5.54709e-06 -1.4675e-05 6.26095e-07 -4.7368e-06 -5.59584e-09 -2.60104e-05 2.71804e-06 -3.73304e-06 -8.13683e-06 -2.42506e-05 4.78445e-07 -1.43826e-05 1.97303e-05 7.36282e-06 1.03353e-05 5.89977e-06 -6.28524e-07 2.64173e-05 2.13749e-06 7.9103e-06 1.73532e-05 -7.78934e-06
internal_weight=850 109 88 59 741 720 290 117 173 131 51 66 430 180 155 54 101 57 44 250 209 174 132 42 94 72 42 41
internal_count=850 109 88 59 741 720 290 117 173 131 51 66 430 180 155 54 101 57 44 250 209 174 132 42 94 72 42 41
is_linear=0
shrinkage=0.3


Tree=160
num_leaves=29
num_cat=0
split_feature=18 15 26 22 16 11 13 17 8 17 4 0 15 13 0 11 21 7 15 1 0 20 6 18 13 20 27 10
split_gain=1.67045e-07 8.12256e-07 3.48334e-07 2.12566e-07 1.31865e-07 7.45132e-08 1.58134e-07 2.14315e-07 2.27671e-07 2.14813e-07 2.08992e-07 2.2993e-07 1.9869e-07 1.80904e-07 1.7807e-07 1.5276e-07 2.22911e-07 1.3986e-07 1.35623e-07 1.45541e-07 2.18608e-07 1.30222e-07 1.49172e-07 1.19499e-07 1.09363e-07 1.08909e-07 1.54006e-07 1.14578e-07
threshold=0.66757328690076101 0.010871017042149116 0.93857750000000018 0.48733300000000007 0.0033641707817417097 65.454514887097858 0.016959776017762065 0.0022051247735635784 0.018411925404052908 0.0035587266561791539 6344500.0000000009 4.2888143464170829 0.0061824135148805673 0.017419716918452875 4.0433465892328586 74.012758340980341 0.42894500000000008 0.0017315903893120393 -0.0015445115155732305 4.2163518793544945 4.9095836026203328 0.47734850000000006 0.0019194232881242894 0.093881159281931248 0.01784725056466448 0.19237700000000005 0.8286555000000001 0.41585515581140292
decision_type=2 2 2 2 2 2 2 2 2 2 2 2 2 2 2 2 2 2 2 2 2 2 2 2 2 2 2 2
left_child=2 3 5 4 -2 6 7 8 14 -9 -11 -12 -10 -8 -1 18 -17 -16 24 -20 -21 25 -23 -22 -7 26 -15 -27
right_child=1 -3 -4 -5 -6 15 13 9 12 10 11 -13 -14 21 17 16 -18 -19 19 20 23 22 -24 -25 -26 27 -28 -29
leaf_value=-3.0604805514095848e-05 -1.3981996158634046e-05 5.9651285471318258e-05 -4.0611833619550452e-05 -3.0130956874927504e-05 1.6112873394329079e-05 9.2935199631938297e-06 2.2440909577581852e-05 2.3852002690968479e-05 -5.60466439492302e-05 -3.2526185090578755e-05 1.4840008465106844e-05 -1.1120027878804063e-05 -1.5161565810874732e-05 -1.2915965858737341e-05 1.3492785375482136e-05 7.4506931630293687e-06 -3.152903554951328e-05 -1.7032496667855991e-05 3.3116164258899511e-05 -1.5101255905847211e-05 3.3108844218077134e-05 3.0112990943184503e-06 -2.3937380753598821e-05 2.5135222713856818e-06 -2.074384601201018e-05 2.9919198224585369e-05 1.4823077562060726e-05 -3.9619048948225103e-08
leaf_weight=21 20 24 20 20 38 24 38 28 20 21 53 73 23 43 35 31 23 22 30 24 27 38 36 20 20 27 31 20
leaf_count=21 20 24 20 20 38 24 38 28 20 21 53 73 23 43 35 31 23 22 30 24 27 38 36 20 20 27 31 20
internal_value=-2.02179e-14 1.13888e-05 -1.55302e-06 -3.46115e-06 5.73533e-06 -4.79978e-07 -2.34151e-06 -6.94342e-06 -1.66514e-05 -2.31059e-07 -4.81831e-06 -2.0033e-07 -3.41779e-05 3.50469e-06 -6.98934e-06 4.46852e-06 -9.15178e-06 1.7111e-06 9.54091e-06 1.55967e-05 8.19407e-06 -1.85444e-07 -1.00989e-05 2.00896e-05 -4.35983e-06 5.87731e-06 -1.29556e-06 1.71708e-05
internal_weight=850 102 748 78 58 728 529 296 121 175 147 126 43 233 78 199 54 57 145 101 71 195 74 47 44 121 74 47
internal_count=850 102 748 78 58 728 529 296 121 175 147 126 43 233 78 199 54 57 145 101 71 195 74 47 44 121 74 47
is_linear=0
shrinkage=0.3


Tree=161
num_leaves=14
num_cat=0
split_feature=22 10 10 10 4 16 14 11 19 27 8 16 21
split_gain=2.48874e-07 7.58409e-08 9.36458e-08 1.10184e-07 2.55892e-07 1.15095e-07 3.38433e-07 8.02217e-08 1.81078e-07 9.08749e-08 1.70419e-07 1.305e-07 5.26322e-08
threshold=0.9564680000000001 2.4272884762833402 2.0506581409397731 1.7390649788720864 14829800.000000002 0.01041668814649618 0.021409481077591899 71.244528157946931 0.039171500000000005 0.94215500000000019 0.08100113513356394 0.0037783549271428753 0.29890600000000006
decision_type=2 2 2 2 2 2 2 2 2 2 2 2 2
left_child=1 2 3 5 -5 7 -7 9 -9 10 -1 -11 -10
right_child=-2 -3 -4 4 -6 6 -8 8 12 11 -12 -13 -14
leaf_value=-1.9517871405653246e-06 3.0781546502112175e-05 -1.7473831678671559e-05 1.5542892975872745e-05 7.8985790641245718e-06 -3.5948080954767645e-05 3.9775343614802178e-05 -1.3584337532392965e-05 3.2734926335251658e-05 9.1907396176793543e-06 -5.7751977510633879e-06 -2.7275565260424628e-05 2.8085276556209594e-05 -1.2073280192029496e-05
leaf_weight=552 23 24 32 23 25 23 20 20 20 20 25 21 22
leaf_count=552 23 24 32 23 25 23 20 20 20 20 25 21 22
internal_value=7.03187e-15 -8.56077e-07 -3.59407e-07 -1.01942e-06 -1.49382e-05 -9.53547e-08 1.49569e-05 -1.04719e-06 9.24034e-06 -2.07927e-06 -3.049e-06 1.1568e-05 -1.94756e-06
internal_weight=850 827 803 771 48 723 43 680 62 618 577 41 42
internal_count=850 827 803 771 48 723 43 680 62 618 577 41 42
is_linear=0
shrinkage=0.3


Tree=162
num_leaves=19
num_cat=0
split_feature=20 21 22 20 18 15 18 8 9 0 22 2 20 2 0 5 8 8
split_gain=1.50097e-07 1.2742e-07 6.77512e-08 7.01999e-08 1.19058e-07 1.13838e-07 1.35651e-07 1.09486e-07 1.4348e-07 2.31186e-07 1.71032e-07 9.97042e-08 9.01464e-08 9.44975e-08 2.37011e-07 1.50544e-07 1.25845e-07 2.68345e-07
threshold=0.014942500000000003 0.023769000000000002 0.86034200000000005 0.3047990000000001 0.34904502930231429 0.0086207019694488456 0.50525190533175868 0.089113417298708836 0.015005670666168406 4.034650298043986 0.019647000000000001 4.1238600861828925 0.25313900000000006 4.248671372553277 4.199172077590867 -0.0022740018219388632 0.057225885483949725 0.042784990324996379
decision_type=2 2 2 2 2 2 2 2 2 2 2 2 2 2 2 2 2 2
left_child=-1 -2 3 12 7 6 -6 8 10 -10 -5 -8 13 14 15 -3 17 -15
right_child=1 2 -4 4 5 -7 11 -9 9 -11 -12 -13 -14 16 -16 -17 -18 -19
leaf_value=2.3387442900002495e-05 -2.1770499823105637e-05 1.2233147826350432e-05 1.5042290568509577e-05 3.1291230246616968e-05 -1.6512082251649878e-05 -1.9880184062889099e-05 -7.0529827732051278e-06 2.6213944862902848e-05 -2.2216282111291615e-05 3.5734330362464044e-06 5.2727496025428139e-06 1.955006395064629e-05 -1.7900685585069318e-05 6.1290544692838012e-06 -3.7989964566804696e-05 -1.0665021377914469e-05 2.4672787571944354e-05 -3.0467181961119584e-05
leaf_weight=24 25 40 26 28 29 38 21 20 41 132 121 32 37 100 20 73 21 22
leaf_count=24 25 40 26 28 29 38 21 20 41 132 121 32 37 100 20 73 21 22
internal_value=4.10226e-14 -6.79538e-07 -2.12685e-08 -5.26627e-07 1.82349e-06 -6.30673e-06 -1.65973e-08 4.6762e-06 3.33846e-06 -2.53858e-06 1.01621e-05 9.00923e-06 -3.99549e-06 -2.13139e-06 -7.88737e-06 -2.55947e-06 3.22207e-06 -4.70267e-07
internal_weight=850 826 801 775 462 120 82 342 322 173 149 53 313 276 133 113 143 122
internal_count=850 826 801 775 462 120 82 342 322 173 149 53 313 276 133 113 143 122
is_linear=0
shrinkage=0.3


Tree=163
num_leaves=13
num_cat=0
split_feature=21 20 15 5 24 17 7 21 7 2 2 8
split_gain=1.33884e-07 1.18902e-07 5.8828e-08 5.41933e-08 1.37766e-07 1.03288e-07 8.29256e-08 1.32612e-07 7.14716e-08 7.50228e-08 1.38615e-07 7.18262e-08
threshold=0.023222500000000004 0.015682500000000005 -0.018707422139407789 -0.0094072966154599199 0.18333350000000004 0.0053860339109111479 -0.01342357719755587 0.33489450000000004 -0.010548808933930542 3.4368100306476408 3.9540802067945173 -0.012033704633335206
decision_type=2 2 2 2 2 2 2 2 2 2 2 2
left_child=-1 -2 -3 4 5 -4 7 -5 -8 11 -11 -10
right_child=1 2 3 6 -6 -7 8 -9 9 10 -12 -13
leaf_value=2.040015923837148e-05 -2.2978533031294188e-05 1.3654619301127646e-05 -2.6032437820807292e-05 2.6443714402072751e-05 9.0454450934163919e-06 8.5656281726187441e-07 -1.7086648862776042e-05 -3.2897260110884316e-06 -2.4070135741153948e-05 1.2647474936609517e-05 -9.7447060062601709e-07 -5.6676023541513125e-07
leaf_weight=28 21 27 36 27 29 20 23 27 22 78 487 25
leaf_count=28 21 27 36 27 29 20 23 27 22 78 487 25
internal_value=2.55595e-14 -6.94896e-07 -1.10681e-07 -5.90866e-07 -7.73787e-06 -1.64292e-05 2.9084e-07 1.1577e-05 -6.68928e-07 -5.19218e-08 9.06081e-07 -1.15683e-05
internal_weight=850 822 801 774 85 56 689 54 635 612 565 47
internal_count=850 822 801 774 85 56 689 54 635 612 565 47
is_linear=0
shrinkage=0.3


Tree=164
num_leaves=18
num_cat=0
split_feature=21 20 21 26 6 16 10 16 19 11 16 22 21 26 26 5 14
split_gain=1.15977e-07 4.76482e-07 1.10694e-07 5.41567e-08 1.69697e-07 1.29897e-07 1.81909e-07 1.1708e-07 1.06206e-07 1.04817e-07 9.04309e-08 1.78457e-07 2.37088e-07 1.23783e-07 2.74152e-07 5.48643e-08 5.39889e-08
threshold=0.022918000000000004 0.015682500000000005 0.029465500000000002 0.71218750000000008 -0.0069932844552679091 0.001863932777792561 0.97738117226579724 0.0038059141006609198 0.64428300000000005 46.252608653586861 0.0014378139342730487 0.027957000000000006 0.50465950000000015 0.62978300000000009 0.59874500000000008 0.0023751990206819788 0.01330380890313077
decision_type=2 2 2 2 2 2 2 2 2 2 2 2 2 2 2 2 2
left_child=-1 -2 -3 8 15 6 -6 16 10 -9 11 -4 -13 14 -12 -5 -7
right_child=1 2 3 4 5 7 -8 9 -10 -11 13 12 -14 -15 -16 -17 -18
leaf_value=-2.0558034029249937e-05 4.4155674752553087e-05 -1.7884306899418334e-05 2.9315694293472916e-05 1.0632481403263228e-05 2.7969312899615266e-06 2.9635980499733705e-05 -3.241582819851907e-05 1.5017894991665848e-05 -2.1927237831029988e-05 -7.1704370880483603e-06 -2.1823694263030425e-06 1.1045282100796109e-05 -2.3995611516511419e-05 1.4413341529819132e-05 -3.5976971841354613e-05 3.285361296548217e-05 8.0996450626778149e-06
leaf_weight=24 22 32 25 20 31 20 23 27 22 66 356 57 25 35 23 20 22
leaf_count=24 22 32 25 20 31 20 23 27 22 66 356 57 25 35 23 20 22
internal_value=4.29686e-14 5.97328e-07 -5.94567e-07 1.22106e-07 3.9913e-06 2.34322e-07 -1.22011e-05 5.20849e-06 -1.50966e-06 -7.28663e-07 -6.47493e-07 7.12695e-06 3.62083e-07 -2.65683e-06 -4.23323e-06 2.1743e-05 1.8355e-05
internal_weight=850 826 804 772 229 189 54 135 543 93 521 107 82 414 379 40 42
internal_count=850 826 804 772 229 189 54 135 543 93 521 107 82 414 379 40 42
is_linear=0
shrinkage=0.3


Tree=165
num_leaves=14
num_cat=0
split_feature=21 20 21 21 9 21 22 14 27 17 14 27 14
split_gain=1.24449e-07 1.96707e-07 5.33252e-08 4.79516e-08 1.34691e-07 8.97704e-08 7.40898e-08 5.56105e-08 1.57115e-07 2.1003e-07 1.37502e-07 2.15657e-07 8.11235e-08
threshold=0.023222500000000004 0.015682500000000005 0.92013400000000012 0.74204150000000013 0.012869604704293871 0.70036100000000012 0.026905000000000002 0.010020118525631111 0.87121300000000013 0.0020181635841710365 0.010893235436624921 0.81413200000000008 0.011773393169797523
decision_type=2 2 2 2 2 2 2 2 2 2 2 2 2
left_child=-1 -2 3 5 -5 7 -6 8 9 -3 11 -9 -12
right_child=1 2 -4 4 6 -7 -8 10 -10 -11 12 -13 -14
leaf_value=1.9668216747602077e-05 -2.933167523094328e-05 -1.6346142060033993e-05 -1.3846130460759552e-05 2.7447617156378163e-05 -1.3748848174476403e-05 -1.9561692579372902e-05 9.51572722637398e-06 4.1420112097512172e-06 2.1866912573806568e-05 1.2996563135975916e-05 1.4535028501139844e-05 -3.991373686346833e-05 -6.2593275269170841e-07
leaf_weight=28 21 42 24 22 22 21 28 20 39 46 34 20 483
leaf_count=28 21 42 24 22 22 21 28 20 39 46 34 20 483
internal_value=-4.903e-14 -6.69964e-07 8.1467e-08 5.11663e-07 7.8863e-06 -2.41491e-07 -7.20686e-07 3.51673e-07 6.01664e-06 -1.00791e-06 -9.3998e-07 -1.78859e-05 3.71113e-07
internal_weight=850 822 801 777 72 705 50 684 127 88 557 40 517
internal_count=850 822 801 777 72 705 50 684 127 88 557 40 517
is_linear=0
shrinkage=0.3


Tree=166
num_leaves=30
num_cat=0
split_feature=18 18 26 27 10 19 12 16 18 14 15 18 28 21 6 17 18 5 5 2 14 7 21 27 8 3 18 14 26
split_gain=1.13017e-07 8.74721e-07 3.81998e-07 1.46992e-07 6.55427e-08 6.11699e-08 5.72195e-08 1.38321e-07 2.01267e-07 1.46493e-07 1.34785e-07 2.03204e-07 3.33021e-07 1.63928e-07 1.63156e-07 1.31953e-07 1.25369e-07 1.06387e-07 3.52127e-07 1.37156e-07 1.24216e-07 1.44626e-07 1.32028e-07 1.7586e-07 9.10556e-08 8.78309e-08 8.52206e-08 8.51988e-08 4.16092e-08
threshold=0.6624182690819862 0.77328760999114399 0.93857750000000018 0.90690450000000011 -0.08790109843153926 0.44340750000000007 -2.2489716463479061e-05 0.0018867456009074898 -0.15452004887836998 0.010020118525631111 -0.003872216808841126 -0.31451545289815391 1.0000000180025095e-35 0.15804000000000004 0.0035117645024903285 0.0055147632687039408 -0.72596197747021385 -0.0053957610636029977 -0.0037383596984788014 3.8609396848057105 0.010407646462269774 -0.0040160434312448987 0.15804000000000004 0.8353695000000001 0.052715639558088979 4.2446310520172128 -0.15784531955526293 0.012891332496453365 0.61088200000000004
decision_type=2 2 2 2 2 2 2 2 2 2 2 2 2 2 2 2 2 2 2 2 2 2 2 2 2 2 2 2 2
left_child=2 -2 6 4 -3 -6 17 8 15 -10 14 16 -13 -14 -9 -8 -12 19 -19 -1 21 -20 26 -24 -11 -21 -22 -18 -27
right_child=1 3 -4 -5 5 -7 7 10 9 24 11 12 13 -15 -16 -17 27 18 20 25 22 -23 23 -25 -26 28 -28 -29 -30
leaf_value=8.786859226264906e-06 6.3977948385789715e-05 1.5803921247549045e-05 -4.2199091441261776e-05 -2.6925771671812981e-05 -1.5325538507485443e-05 7.5983626447850839e-06 -1.8862889464799083e-05 3.2617433329765587e-05 3.9765338412678369e-05 2.2599609949988265e-05 -7.9214770645800559e-06 -4.275172122379445e-05 9.547514458366397e-06 -1.386313923247334e-05 -5.2433730888878932e-06 1.3549266695918049e-05 4.589486419800695e-06 3.4018441634543706e-05 -2.9820010456660381e-05 -3.1750399567600753e-05 1.9665599447762361e-06 -1.9557790994296834e-06 1.7018951001283801e-05 -6.5148465844632646e-06 -3.1914475708948552e-06 7.8294901868503061e-08 -2.1575085584998072e-05 3.0703228450242339e-05 -1.9041499578114391e-05
leaf_weight=22 21 22 20 20 22 20 26 21 24 28 27 25 45 67 20 20 22 25 30 27 25 38 65 51 22 20 31 23 21
leaf_count=22 21 22 20 20 22 20 26 21 24 28 27 25 45 67 20 20 22 25 30 27 25 38 65 51 22 20 31 23 21
internal_value=2.46366e-14 9.21441e-06 -1.29868e-06 -4.47647e-06 2.53893e-06 -4.4094e-06 -1.70388e-07 2.44019e-06 1.08125e-05 2.04993e-05 -1.57849e-06 -4.66374e-06 -1.14451e-05 -4.45707e-06 1.41487e-05 -4.77065e-06 8.23976e-06 -2.89128e-06 1.35291e-07 -1.18028e-05 -3.3942e-06 -1.42488e-05 8.97157e-07 6.6722e-06 1.12515e-05 -1.84642e-05 -1.10654e-05 1.79365e-05 -9.71477e-06
internal_weight=850 105 745 84 64 42 725 370 120 74 250 209 137 112 41 46 72 355 265 90 240 68 172 116 50 68 56 45 41
internal_count=850 105 745 84 64 42 725 370 120 74 250 209 137 112 41 46 72 355 265 90 240 68 172 116 50 68 56 45 41
is_linear=0
shrinkage=0.3


Tree=167
num_leaves=24
num_cat=0
split_feature=22 18 18 12 8 17 5 6 16 4 17 26 7 9 16 1 18 7 14 0 24 2 14
split_gain=1.58191e-07 5.34814e-08 2.54343e-07 9.20535e-08 4.64798e-08 3.74376e-08 1.56859e-07 1.69096e-07 1.47398e-07 9.49131e-08 6.41772e-08 1.33533e-07 5.94861e-08 1.44045e-07 1.4378e-07 2.27353e-07 1.80286e-07 8.80045e-08 1.21207e-07 1.12877e-07 8.40663e-08 1.49762e-07 1.1731e-07
threshold=0.9564680000000001 0.63117412479119983 0.79134265133729298 -0.00076897145367770545 0.055551595628182064 0.0073868875789836986 0.0066226078009053732 0.0033417072424127103 0.0038835061921940464 13636000.000000002 0.0062451436345419215 0.54820300000000011 -0.0056075640518789488 0.026631094045035168 0.0052242224177510661 4.2190828323109653 0.082898535723398906 0.0072077711531038525 0.016997210867990675 4.272218600575548 0.45000000000000007 4.2324547088318232 0.024599018754352626
decision_type=2 2 2 2 2 2 2 2 2 2 2 2 2 2 2 2 2 2 2 2 2 2 2
left_child=1 5 -3 -4 -5 10 7 8 -7 -9 12 -12 13 14 16 -16 -1 20 19 -19 22 -22 -14
right_child=-2 2 3 4 -6 6 -8 9 -10 -11 11 -13 17 -15 15 -17 -18 18 -20 -21 21 -23 -24
leaf_value=-2.1859639707924672e-05 2.454098274068636e-05 -3.1508872429445287e-05 1.4509965413825769e-05 -1.4352548393503638e-05 4.5831009890662239e-06 -4.0205459022810985e-05 1.5728935841252676e-05 -9.5663593892173346e-06 -6.5972247057288764e-06 1.6765348928774156e-05 3.0231459959395579e-05 -4.0203175948201011e-06 -9.1022242167543045e-06 2.9470984296366965e-05 -9.7155096170808968e-06 3.2829546152103055e-05 1.1496397508381051e-05 2.3357942609436577e-05 -1.0426981630602809e-05 2.3224162211183033e-06 -1.3936193363178972e-05 1.4802684750356228e-05 1.4429949655030732e-05
leaf_weight=35 23 28 31 28 20 23 27 28 24 22 20 21 207 20 20 26 25 38 33 58 25 47 21
leaf_count=35 23 28 31 28 20 23 27 28 24 22 20 21 207 20 20 26 25 38 33 58 25 47 21
internal_value=-1.00227e-13 -6.82518e-07 -6.94064e-06 1.76708e-06 -6.46269e-06 2.47509e-07 -4.49515e-06 -1.01245e-05 -2.30438e-05 2.01959e-06 1.23424e-06 1.26879e-05 3.88111e-07 6.11905e-06 1.71302e-06 1.43317e-05 -7.96129e-06 -1.2951e-06 5.25745e-06 1.0649e-05 -4.1127e-06 4.82391e-06 -6.93479e-06
internal_weight=850 827 107 79 48 720 124 97 47 50 596 41 555 126 106 46 60 429 129 96 300 72 228
internal_count=850 827 107 79 48 720 124 97 47 50 596 41 555 126 106 46 60 429 129 96 300 72 228
is_linear=0
shrinkage=0.3


Tree=168
num_leaves=20
num_cat=0
split_feature=17 20 20 10 22 27 9 27 2 11 18 1 18 16 12 18 4 10 9
split_gain=9.92221e-08 5.73477e-07 2.55179e-07 1.51512e-07 1.4917e-07 9.23097e-08 9.85524e-08 6.90753e-08 9.2472e-08 5.8372e-08 4.45692e-08 1.31758e-07 1.33692e-07 1.39743e-07 1.27264e-07 9.01458e-08 1.77305e-07 1.69946e-07 1.37903e-07
threshold=0.0013898919304427839 0.042565500000000006 0.015682500000000005 -0.37039606542382592 0.43829950000000001 0.84137300000000004 0.014658038401101607 0.94886950000000014 6.3466222413248472 62.778297767983197 -0.25238150832216494 4.973400005883847 -0.54686887890292801 0.0041067894754673985 -0.0017275139709303062 -0.13630749574888443 6864100.0000000009 0.8107077008802458 0.0081750597168727662
decision_type=2 2 2 2 2 2 2 2 2 2 2 2 2 2 2 2 2 2 2
left_child=1 -1 -2 -3 5 6 -5 8 10 -7 11 12 13 -4 -14 17 -17 -12 -18
right_child=2 3 7 4 -6 9 -8 -9 -10 -11 15 -13 14 -15 -16 16 18 -19 -20
leaf_value=5.4221104414864384e-05 -3.3382576278158507e-05 1.7936605732674335e-05 -2.0599747961988704e-06 -4.791386942315512e-06 -2.7983670562597189e-05 -2.1419251321016677e-05 2.2122554822999517e-05 1.5988019706789847e-05 -1.766089871878272e-05 6.9319358689509414e-07 2.6833837083276276e-05 -2.2739811921100824e-05 -2.5903128175741585e-05 2.3137008558649085e-05 -7.3080436309550445e-07 -2.2978791637264103e-05 -2.1998048292256755e-05 -3.3877502252888752e-06 3.1437590166849031e-06
leaf_weight=20 22 33 52 24 21 21 25 22 29 22 33 29 28 32 51 29 21 34 302
leaf_count=20 22 33 52 24 21 21 25 22 29 22 33 29 28 32 51 29 21 34 302
internal_value=5.67164e-14 6.57946e-06 -1.59677e-06 5.32019e-08 -5.16939e-06 3.82235e-08 8.94022e-06 -5.40442e-07 -1.10861e-06 -1.01059e-05 -3.22984e-07 -4.10806e-06 -7.93209e-07 7.53888e-06 -9.65264e-06 1.41147e-06 -5.0832e-07 1.14975e-05 1.50915e-06
internal_weight=850 166 684 146 113 92 49 662 640 43 611 192 163 84 79 419 352 67 323
internal_count=850 166 684 146 113 92 49 662 640 43 611 192 163 84 79 419 352 67 323
is_linear=0
shrinkage=0.3


Tree=169
num_leaves=24
num_cat=0
split_feature=20 21 14 6 15 7 22 16 9 9 16 9 10 10 7 16 25 9 7 27 17 21 4
split_gain=1.49652e-07 1.02706e-07 5.47198e-08 1.43873e-07 1.22953e-07 2.90918e-07 1.57646e-07 1.16739e-07 7.8543e-08 7.74294e-08 1.331e-07 9.48161e-08 9.12229e-08 1.35789e-07 1.27681e-07 1.00021e-07 1.31917e-07 1.10504e-07 9.29797e-08 6.12333e-08 7.09267e-08 8.43638e-08 6.74078e-08
threshold=0.014942500000000003 0.023769000000000002 0.010776821489842608 0.0060560875450501829 -0.0017574256492297511 -0.0015661626188965487 0.10452600000000002 0.0019212295998268631 0.014217722089789659 0.0092557703363945632 0.0052724190838453859 0.01353762239827406 0.29395028060967104 0.70559719504790575 0.0015706941651680432 0.0059880419758976252 0.36666650000000006 0.017582797755757568 0.0096063900469660034 0.90668000000000015 0.0035087687010102444 0.30331750000000007 10060700.000000002
decision_type=2 2 2 2 2 2 2 2 2 2 2 2 2 2 2 2 2 2 2 2 2 2 2
left_child=-1 -2 3 4 7 -6 -7 -3 -5 10 -4 19 15 14 -14 16 -13 -17 -15 20 21 -11 -22
right_child=1 2 9 8 5 6 -8 -9 -10 11 -12 12 13 18 -16 17 -18 -19 -20 -21 22 -23 -24
leaf_value=2.3352734572767986e-05 -1.9613967005398079e-05 2.8165065352526575e-05 2.449112324799129e-05 3.2809947567459729e-05 -2.7459182016779476e-05 -9.0316842731194159e-06 1.8874355229950435e-05 -2.7721755421745391e-06 6.8633500794541241e-06 -1.1310760779135466e-05 -8.0616117702447817e-06 -1.112574116604037e-05 -3.5749989014480629e-05 2.857143684987694e-06 -4.2987603732259371e-06 3.4069116086357095e-05 9.6793612855528e-06 3.257878308266465e-06 -1.042018901199089e-05 -2.3545914876876848e-05 -2.6919750751149122e-05 1.411527875916363e-05 -4.150753675276064e-06
leaf_weight=24 25 23 26 21 36 35 38 21 21 23 20 48 21 176 26 20 64 22 65 24 22 24 25
leaf_count=24 25 23 26 21 36 35 38 21 21 23 20 48 21 176 26 20 64 22 65 24 22 24 25
internal_value=2.23169e-14 -6.7853e-07 -8.75361e-08 4.28362e-06 1.41622e-08 -5.38912e-06 5.49475e-06 1.33996e-05 1.98366e-05 -1.4941e-06 1.03378e-05 -2.466e-06 -4.49035e-07 -3.6006e-06 -1.83514e-05 5.4448e-06 7.62889e-07 1.79299e-05 -7.2388e-07 -1.00211e-05 -6.56792e-06 1.67275e-06 -1.48086e-05
internal_weight=850 826 801 195 153 109 73 44 42 606 46 560 442 288 47 154 112 42 241 118 94 47 47
internal_count=850 826 801 195 153 109 73 44 42 606 46 560 442 288 47 154 112 42 241 118 94 47 47
is_linear=0
shrinkage=0.3


Tree=170
num_leaves=20
num_cat=0
split_feature=21 18 15 20 27 18 13 2 2 8 16 13 1 8 16 19 19 6 2
split_gain=1.07915e-07 5.51927e-08 1.20389e-07 9.3211e-08 1.55457e-07 1.19257e-07 1.97249e-07 7.78696e-08 1.42796e-07 8.75446e-08 8.19084e-08 1.00749e-07 6.91856e-08 8.64041e-08 8.56963e-08 8.57718e-08 1.24135e-07 6.39061e-08 1.8185e-08
threshold=0.024173500000000004 -0.046026839982367736 -0.013510440425329092 0.087474500000000011 0.82270450000000006 0.17759073090363228 0.016108647326443008 3.6919441106990516 3.9579149669114364 -0.017544438735249902 0.0014378139342730487 0.01399851938420219 5.9574219077878352 0.07704137729796208 0.0097343895138667699 0.87067000000000017 0.45947550000000009 0.0029220024331836222 3.4218024050981088
decision_type=2 2 2 2 2 2 2 2 2 2 2 2 2 2 2 2 2 2 2
left_child=-1 2 -2 4 -3 -6 -7 18 -9 -10 -11 -12 13 14 15 16 -4 -14 -5
right_child=1 3 12 7 5 6 -8 8 9 10 11 -13 17 -15 -16 -17 -18 -19 -20
leaf_value=1.6073646088443637e-05 2.4455902457702906e-05 6.1067807749282105e-06 -7.5466971176345904e-08 -6.5376381394344206e-06 -3.7416829697824804e-05 8.2468324990259131e-06 -3.108017833090509e-05 2.5640617213866789e-05 -1.3758216412567819e-05 1.4743362684536501e-05 -1.3009535270275986e-05 3.3941184372430316e-06 2.175644760063733e-05 -1.9511632568277747e-05 -1.6159918375426341e-05 -1.5004708359811047e-05 1.5397180986838067e-05 -9.9524225788627523e-07 -1.9330794639245138e-05
leaf_weight=36 20 32 210 20 22 24 22 20 39 36 46 126 25 21 26 25 60 20 20
leaf_count=36 20 32 210 20 22 24 22 20 39 36 46 126 25 21 26 25 60 20 20
internal_value=-3.31431e-14 -7.10874e-07 1.75943e-06 -3.18118e-06 -1.11359e-05 -1.92501e-05 -1.05617e-05 -5.9005e-07 1.25926e-06 -7.14936e-07 1.73068e-06 -9.92905e-07 5.86484e-07 -8.68529e-07 3.51113e-07 1.80632e-06 3.3629e-06 1.16446e-05 -1.29342e-05
internal_weight=850 814 407 407 100 68 46 307 267 247 208 172 387 342 321 295 270 45 40
internal_count=850 814 407 407 100 68 46 307 267 247 208 172 387 342 321 295 270 45 40
is_linear=0
shrinkage=0.3


Tree=171
num_leaves=14
num_cat=0
split_feature=21 20 10 6 10 17 19 26 13 1 13 13 22
split_gain=1.10125e-07 4.20416e-07 5.87541e-08 2.55622e-07 4.66491e-08 1.00458e-07 8.15914e-08 9.2715e-08 4.92309e-08 8.18436e-08 6.13673e-08 9.44953e-08 7.38833e-08
threshold=0.022918000000000004 0.015682500000000005 -1.4816920504359552 -0.0087797023595437892 -0.60920117409213337 0.001883237395671678 -0.15497599999999997 0.48873400000000006 0.023615975857243229 6.4129632717496312 0.017419716918452875 0.017913046216095022 0.3180110000000001
decision_type=2 2 2 2 2 2 2 2 2 2 2 2 2
left_child=-1 -2 3 -3 5 -4 -7 -8 9 10 12 -12 -6
right_child=1 2 4 -5 8 6 7 -9 -10 -11 11 -13 -14
leaf_value=-2.0032683102044755e-05 4.1497511576628972e-05 1.1776415506354733e-05 2.2210770952404763e-05 -2.6070150185357006e-05 -1.3377282366425605e-06 -1.4827678685171783e-05 2.0582455006660893e-05 -2.9411968379116317e-06 1.0499759553733217e-05 -1.9799629032084858e-05 -2.1356898384640639e-05 -2.3718535851458e-06 7.6000288471418994e-06
leaf_weight=24 22 29 26 36 277 22 25 38 33 21 28 150 119
leaf_count=24 22 29 26 36 277 22 25 38 33 21 28 150 119
internal_value=-1.33435e-13 5.82063e-07 -5.37514e-07 -9.18476e-06 2.2307e-07 5.8925e-06 9.01023e-07 6.39359e-06 -7.79011e-07 -1.40456e-06 -7.31565e-07 -5.35827e-06 1.34811e-06
internal_weight=850 826 804 65 739 111 85 63 628 595 574 178 396
internal_count=850 826 804 65 739 111 85 63 628 595 574 178 396
is_linear=0
shrinkage=0.3


Tree=172
num_leaves=16
num_cat=0
split_feature=18 1 18 20 6 22 29 8 3 20 18 20 12 4 27
split_gain=1.08664e-07 6.75778e-07 8.70338e-07 4.65006e-07 1.30436e-07 5.84588e-08 4.12045e-08 3.79423e-08 6.81549e-08 4.49635e-08 6.55887e-08 6.03002e-08 9.67428e-08 5.36068e-08 3.80437e-08
threshold=0.66757328690076101 4.4253519967431654 0.87218875749376468 0.016604500000000005 0.0023751990206819788 0.86034200000000005 1.5000000000000002 0.089113417298708836 6.47045922279358 0.051191000000000007 0.059653674238691688 0.085122500000000018 0.00065212126880206413 8243700.0000000009 0.89065700000000014
decision_type=2 2 2 2 2 2 2 2 2 2 2 2 2 2 2
left_child=3 4 -3 -1 6 7 -2 8 9 10 14 12 -11 -13 -5
right_child=1 2 -4 5 -6 -7 -8 -9 -10 11 -12 13 -14 -15 -16
leaf_value=-3.9905772887828382e-05 -1.0787819051074622e-05 8.3838876071524738e-05 -4.665611436394101e-06 -9.1656283312540442e-06 -3.0368463496017735e-05 1.3390613305781353e-05 8.026647623699484e-06 8.8575824197266081e-06 -1.8136470373519842e-05 2.0721584333216467e-05 -2.0692224109097878e-05 3.8189006317465742e-06 -3.9151432317269675e-06 -2.7056759280613359e-06 8.7246922441863709e-06
leaf_weight=27 20 20 20 23 20 29 22 38 20 32 23 170 26 340 20
leaf_count=27 20 20 20 23 20 29 22 38 20 32 23 170 26 340 20
internal_value=4.36557e-14 9.18555e-06 3.95866e-05 -1.25257e-06 -1.04281e-05 1.9491e-07 -9.32622e-07 -3.58089e-07 -8.93556e-07 -3.49616e-07 -7.76116e-06 5.11585e-07 9.67753e-06 -5.30817e-07 -8.44549e-07
internal_weight=850 102 40 748 62 721 42 692 654 634 66 568 58 510 43
internal_count=850 102 40 748 62 721 42 692 654 634 66 568 58 510 43
is_linear=0
shrinkage=0.3


Tree=173
num_leaves=22
num_cat=0
split_feature=20 21 26 26 4 7 7 7 6 10 29 11 17 14 14 16 9 26 6 20 9
split_gain=1.04628e-07 6.1433e-08 3.99673e-08 8.89674e-08 8.12327e-08 9.82011e-08 1.7029e-07 1.57822e-07 8.55291e-08 7.04987e-08 1.29942e-07 9.85613e-08 8.09898e-08 1.15302e-07 1.15228e-07 1.04466e-07 9.61399e-08 8.16014e-08 6.79521e-08 5.12624e-08 4.84716e-08
threshold=0.014942500000000003 0.023769000000000002 0.71218750000000008 0.73389800000000005 9156600.0000000019 0.0034571707206944263 0.0098620541553494315 -0.0019588262866077713 0.0017762495521596721 1.7976222329004647 2.5000000000000004 73.735328164015456 0.0019743336348172634 0.0093458077895557119 0.0095147925620321112 0.0019212295998268631 0.014217722089789659 0.6472015000000001 0.0060560875450501829 0.81812000000000007 0.01621530188231696
decision_type=2 2 2 2 2 2 2 2 2 2 2 2 2 2 2 2 2 2 2 2 2
left_child=-1 -2 9 -4 8 7 -7 20 -5 11 18 12 14 15 -3 -14 -16 -15 -11 -9 -6
right_child=1 2 3 4 5 6 -8 19 -10 10 -12 -13 13 17 16 -17 -18 -19 -20 -21 -22
leaf_value=1.9526333949215766e-05 -1.5211974776320856e-05 -2.1980550870982886e-05 2.1718556542639686e-05 -1.7098414749041793e-05 2.1396894453573623e-05 2.7774453616302705e-05 -4.0875829339571416e-06 -2.7926719756589015e-06 3.7449107768385576e-06 4.8085729821423223e-06 -1.1915490055915968e-05 -1.8583671292369465e-05 7.719558470853372e-07 3.8682275331437294e-07 8.571513302107243e-06 3.1434473730769237e-05 -1.0142755898181478e-05 -1.865885849590334e-05 2.8969913174395597e-05 -2.2648521964583779e-05 2.5795037085377511e-06
leaf_weight=24 25 37 21 37 22 36 26 22 34 20 20 33 20 254 42 20 60 22 22 25 28
leaf_count=24 25 37 21 37 22 36 26 22 34 20 20 33 20 254 42 20 60 22 22 25 28
internal_value=2.1045e-13 -5.67351e-07 -1.10278e-07 3.02663e-06 1.31998e-06 5.08748e-06 1.4413e-05 -8.73135e-07 -7.1171e-06 -1.54185e-06 7.98709e-06 -2.75249e-06 -1.6043e-06 1.05027e-06 -7.63915e-06 1.61032e-05 -2.43688e-06 -1.13131e-06 1.74645e-05 -1.33543e-05 1.08592e-05
internal_weight=850 826 801 251 230 159 62 97 71 550 62 488 455 316 139 40 102 276 42 47 50
internal_count=850 826 801 251 230 159 62 97 71 550 62 488 455 316 139 40 102 276 42 47 50
is_linear=0
shrinkage=0.3


Tree=174
num_leaves=16
num_cat=0
split_feature=21 20 27 27 22 7 14 7 0 12 9 16 23 27 5
split_gain=1.22383e-07 1.10451e-07 3.32196e-08 4.176e-08 5.70675e-08 6.69629e-08 1.66015e-07 1.32898e-07 1.19531e-07 8.53221e-08 6.69289e-08 9.36924e-08 8.65032e-08 8.33284e-08 7.50409e-08
threshold=0.023222500000000004 0.015682500000000005 0.94215500000000019 0.93648550000000008 0.088644000000000014 -0.0039215126240647871 0.014272943671126853 0.0014610101719062887 4.8415137893787614 -0.0011797408414065578 0.012242318199536547 0.0095923725277390435 0.55000000000000016 0.82524350000000013 -0.0020534956513188342
decision_type=2 2 2 2 2 2 2 2 2 2 2 2 2 2 2
left_child=-1 -2 3 4 5 6 -3 8 -7 -9 12 14 13 -6 -12
right_child=1 2 -4 -5 10 7 -8 9 -10 -11 11 -13 -14 -15 -16
leaf_value=1.9504283273720698e-05 -2.214152011999561e-05 2.5803241426599144e-05 8.4384805680096735e-06 -1.3418752589380098e-05 3.8932851494075989e-06 -1.5073139911692124e-06 -3.4164464368099548e-06 -6.7305674909116184e-06 -2.8092872575460049e-05 9.4896436667701473e-06 -7.5947521057750927e-06 1.7777409527752753e-05 -2.3258989689825935e-05 -1.7272943722883399e-05 1.8770341301859897e-06
leaf_weight=28 21 35 39 22 47 45 35 39 23 116 120 24 28 26 202
leaf_count=28 21 35 39 22 47 45 35 39 23 116 120 24 28 26 202
internal_value=-2.64504e-14 -6.6438e-07 -1.01308e-07 -5.38384e-07 -1.55454e-07 3.09856e-06 1.11934e-05 5.57584e-07 -1.04995e-05 5.40843e-06 -2.2884e-06 -3.05062e-07 -9.08281e-06 -3.64537e-06 -1.65282e-06
internal_weight=850 822 801 762 740 293 70 223 68 155 447 346 101 73 322
internal_count=850 822 801 762 740 293 70 223 68 155 447 346 101 73 322
is_linear=0
shrinkage=0.3


Tree=175
num_leaves=19
num_cat=0
split_feature=11 8 21 6 14 4 9 16 26 22 10 21 10 14 17 22 16 18
split_gain=8.414e-08 9.49202e-07 3.61542e-07 1.43113e-07 9.25751e-08 1.20386e-07 8.88052e-08 7.73825e-08 5.95838e-08 5.72873e-08 4.27084e-08 1.05945e-07 8.65519e-08 6.62955e-08 9.15361e-08 7.77517e-08 5.60078e-08 3.92794e-08
threshold=45.988527241496477 -0.014427581624592102 0.023769000000000002 0.011732587828550233 0.013333343324207115 8750900.0000000019 0.01353762239827406 0.0037700279812150459 0.92998350000000019 0.010154500000000002 0.11900674859048577 0.3615945000000001 0.29395028060967104 0.010776821489842608 0.0086448848105680764 0.48104650000000004 0.0052128158158807267 0.15432869072163505
decision_type=2 2 2 2 2 2 2 2 2 2 2 2 2 2 2 2 2 2
left_child=1 3 -2 4 5 -1 -6 -8 9 -4 11 16 -12 15 -15 -14 -11 -9
right_child=2 -3 8 -5 6 -7 7 17 -10 10 12 -13 13 14 -16 -17 -18 -19
leaf_value=5.361658667007669e-06 -4.0474127756949333e-05 6.416645875023361e-05 1.1537901680538292e-05 -2.137575474827307e-05 -5.9608579789482972e-06 -2.0275359409538394e-05 -1.4920390699642113e-06 2.6156166440629137e-05 1.4891242419036065e-05 8.283281543279318e-06 1.8284581428166087e-05 -2.0035917560329146e-05 8.6242507659188683e-07 -6.0120837910084074e-06 7.0538646010175134e-06 2.0342912434602035e-05 -1.1142959213181958e-05 9.1034832135505894e-06
leaf_weight=34 21 22 31 28 32 32 23 31 22 34 21 37 93 265 59 23 22 20
leaf_count=34 21 22 31 28 32 32 23 31 22 34 21 37 93 265 59 23 22 20
internal_value=-2.28899e-14 5.02015e-06 -1.77464e-06 -1.48595e-06 1.75193e-06 -7.06841e-06 7.24383e-06 1.2954e-05 -4.35775e-07 -1.01218e-06 -1.71444e-06 -7.57895e-06 -5.31357e-07 -1.42939e-06 -3.63279e-06 4.72494e-06 6.51544e-07 1.94688e-05
internal_weight=850 222 628 200 172 66 106 74 607 585 554 93 461 440 324 116 56 51
internal_count=850 222 628 200 172 66 106 74 607 585 554 93 461 440 324 116 56 51
is_linear=0
shrinkage=0.3


Tree=176
num_leaves=16
num_cat=0
split_feature=21 21 0 4 10 13 12 12 7 12 22 12 1 0 17
split_gain=1.50286e-07 4.64632e-08 3.26351e-08 3.13245e-08 7.43308e-08 8.00865e-08 9.35651e-08 1.45529e-07 7.40421e-08 4.84576e-08 1.66598e-07 8.1098e-08 5.64802e-08 8.22929e-08 3.96374e-08
threshold=0.024173500000000004 0.029465500000000002 6.5500685172550019 14475750.000000002 1.7002786648961219 0.020077721221147805 0.00091169108949297982 0.0013398057305216277 -0.0053007480086444238 0.0023699833700800256 0.17307750000000002 0.0018039244732584107 5.5647631643199995 4.3761198025280228 0.0027193880776005624
decision_type=2 2 2 2 2 2 2 2 2 2 2 2 2 2 2
left_child=-1 -2 3 4 5 6 8 -8 -3 11 -11 12 13 -5 -14
right_child=1 2 -4 9 -6 -7 7 -9 -10 10 -12 -13 14 -15 -16
leaf_value=1.8968477547787188e-05 -1.2847599341268635e-05 -6.0244301590393982e-06 8.8229585179016617e-06 -1.1603145419295894e-07 1.3212341793160492e-05 1.2514491318317876e-05 -3.1370026205682474e-05 -3.9223193028300386e-06 4.6278070399583422e-06 1.62089232724994e-06 -3.0305884433801107e-05 1.6490591120340728e-05 -5.2367222766546405e-06 -1.5449739167853035e-05 9.7370928793477507e-06
leaf_weight=36 28 85 33 72 39 39 21 101 190 38 24 21 26 56 41
leaf_count=36 28 85 33 72 39 39 21 101 190 38 24 21 26 56 41
internal_value=-3.16685e-14 -8.38901e-07 -4.1111e-07 -8.1579e-07 6.64481e-07 -4.57919e-07 -1.73229e-06 -8.64692e-06 1.3353e-06 -3.34503e-06 -1.07379e-05 -1.22301e-06 -3.13063e-06 -6.82453e-06 3.92636e-06
internal_weight=850 814 786 753 475 436 397 122 275 278 62 216 195 128 67
internal_count=850 814 786 753 475 436 397 122 275 278 62 216 195 128 67
is_linear=0
shrinkage=0.3


Tree=177
num_leaves=13
num_cat=0
split_feature=15 14 26 10 7 8 7 11 11 9 13 5
split_gain=9.08796e-08 7.34294e-07 4.1534e-07 5.55654e-08 7.72545e-08 5.49365e-08 4.07599e-08 4.27256e-08 5.51146e-08 4.79948e-08 4.94826e-08 4.88327e-08
threshold=0.010841490420433336 0.016682061572426927 0.94134250000000008 1.2232748307624783 0.0019665214479322392 0.069506011262022646 -0.017734605557850832 75.470813105509393 72.827570995431159 0.037543422261034652 0.022103676346465317 -0.0017197250205769441
decision_type=2 2 2 2 2 2 2 2 2 2 2 2
left_child=2 -2 6 4 -3 -5 -1 8 9 10 11 -8
right_child=1 3 -4 5 -6 -7 7 -9 -10 -11 -12 -13
leaf_value=1.1587861364695036e-05 5.8626608311637286e-05 3.8041877045403592e-07 -4.3909408425406582e-05 1.0664030119268577e-05 -2.4084055751570432e-05 -9.0458556314843002e-06 2.453971836669984e-06 9.6937981847336894e-06 -1.5174871327872097e-05 1.1182626858499134e-05 -1.5418947857272411e-05 -3.1187509693749641e-06
leaf_weight=26 21 26 20 35 21 20 259 35 24 30 21 312
leaf_count=26 21 26 20 35 21 20 259 35 24 30 21 312
internal_value=-1.30431e-14 7.54153e-06 -1.27594e-06 -2.97598e-06 -1.05505e-05 3.4968e-06 -6.99014e-08 -5.14985e-07 -1.06809e-06 -5.23779e-07 -1.11701e-06 -5.91019e-07
internal_weight=850 123 727 102 47 55 707 681 646 622 592 571
internal_count=850 123 727 102 47 55 707 681 646 622 592 571
is_linear=0
shrinkage=0.3


Tree=178
num_leaves=24
num_cat=0
split_feature=22 9 22 14 9 14 19 3 1 4 1 14 15 13 25 27 14 12 14 7 21 10 22
split_gain=1.45318e-07 3.71175e-08 1.04909e-07 1.19746e-07 9.92183e-08 1.03913e-07 1.12643e-07 7.65081e-08 7.74985e-08 1.05327e-07 6.02659e-08 5.59677e-08 5.41884e-08 6.14544e-08 6.80105e-08 9.74518e-08 8.78211e-08 5.44656e-08 4.68108e-08 4.84285e-08 3.63563e-08 3.41022e-08 2.62304e-08
threshold=0.9564680000000001 0.017623382181112202 0.013838500000000002 0.0091829215916038286 0.016184786140981355 0.016330240016351985 0.046604500000000007 4.4408633708953866 4.6824340043808155 26119550.000000004 4.3476694810775802 0.0073583311213625833 0.011571927789720738 0.017775726153204208 0.22500000000000003 0.84936950000000011 0.021409481077591899 -0.00033783854832970003 0.013570268317267696 0.0058309399012434803 0.17746950000000003 -0.42482463357380801 0.09414500000000002
decision_type=2 2 2 2 2 2 2 2 2 2 2 2 2 2 2 2 2 2 2 2 2 2 2
left_child=1 4 -3 -4 11 6 -6 10 -9 20 18 -1 13 14 15 -13 -16 -15 21 -20 -10 -5 -14
right_child=-2 2 3 7 5 -7 -8 8 9 -11 -12 12 22 17 16 -17 -18 -19 19 -21 -22 -23 -24
leaf_value=-1.5708365377317282e-05 2.3521240935857031e-05 -1.5093837027961854e-05 2.1493071130862518e-05 1.7898138418621039e-06 -3.770169400695522e-05 5.2319565895686539e-06 -8.2235381536780286e-06 2.1232544030022711e-05 -1.6025370864554134e-05 1.7259446854546291e-05 -1.5023817007074414e-05 1.1517754897001683e-05 -1.8566631379971195e-06 2.0324806589794915e-05 -1.8964920919521446e-06 -2.942255283916642e-06 -2.328411680764475e-05 -3.3062945703932195e-07 -1.1252290489900244e-06 1.3005527302993868e-05 1.8468319012754363e-06 -1.387363350690505e-05 -1.6060019637279763e-05
leaf_weight=21 23 30 30 22 20 20 28 29 20 27 28 81 22 27 127 87 20 20 58 35 21 29 25
leaf_count=21 23 30 30 22 20 20 28 29 20 27 28 81 22 27 127 87 20 20 58 35 21 29 25
internal_value=1.2875e-14 -6.54158e-07 1.81856e-06 3.51545e-06 -2.28774e-06 -1.29361e-05 -2.05061e-05 1.51052e-06 8.24768e-06 2.71002e-06 -2.28893e-06 -6.03815e-07 1.71724e-07 1.41597e-06 -9.38886e-08 4.02954e-06 -4.80637e-06 1.15353e-05 1.87297e-07 4.1928e-06 -6.87132e-06 -7.11685e-06 -9.41164e-06
internal_weight=850 827 329 299 498 68 48 269 97 68 172 430 409 362 315 168 147 47 144 93 41 51 47
internal_count=850 827 329 299 498 68 48 269 97 68 172 430 409 362 315 168 147 47 144 93 41 51 47
is_linear=0
shrinkage=0.3


Tree=179
num_leaves=22
num_cat=0
split_feature=21 15 6 4 7 15 15 23 11 5 4 26 12 6 16 6 16 13 16 21 14
split_gain=1.00001e-07 3.00472e-08 8.51269e-08 8.42138e-08 1.23182e-07 7.36937e-08 8.56383e-08 5.93044e-08 5.3861e-08 5.13592e-08 8.11817e-08 1.30676e-07 4.67315e-08 4.55413e-08 8.19206e-08 1.01651e-07 7.7236e-08 8.18304e-08 7.24313e-08 4.84688e-08 3.12952e-08
threshold=0.024173500000000004 0.0086207019694488456 0.0085113565047477691 16256900.000000002 0.0017559054202750857 0.0063830377499787989 0.005714302971249495 0.77500000000000013 61.880156050893696 0.0039447901830927728 7786800.0000000009 0.6013440000000001 0.0025455260003707002 0.003120175165727491 0.0044166147354148125 -0.0013691762137587194 0.0035524057663600473 0.015170030863550692 0.0059171068945666075 0.073391500000000012 0.019481061908938831
decision_type=2 2 2 2 2 2 2 2 2 2 2 2 2 2 2 2 2 2 2 2 2
left_child=-1 5 3 4 20 6 9 -7 -5 13 -11 -12 -4 14 15 -2 17 -15 -18 -16 -3
right_child=1 2 12 8 -6 7 -8 -9 -10 10 11 -13 -14 16 19 -17 18 -19 -20 -21 -22
leaf_value=1.5472998301054493e-05 -1.7592385689999041e-06 1.2744856511354946e-05 -2.5370514218924324e-05 2.0465945065304614e-05 -1.9574950535050968e-05 1.879474657258129e-05 -1.9544158859779211e-05 -1.3136610918577803e-06 4.6902618527787529e-07 -6.1655233104409905e-06 2.49928711490646e-07 3.1665288526544991e-05 -5.816781967124288e-06 2.120570413707458e-05 1.4023171794318701e-05 -1.6490228679880861e-05 -1.1205709572309911e-05 2.4268317446285435e-06 4.5536800148387903e-06 -6.2885843072257141e-07 -3.8367909110093021e-06
leaf_weight=36 106 21 22 22 35 33 21 22 27 26 26 22 22 31 26 70 52 64 53 93 20
leaf_count=36 106 21 22 22 35 33 21 22 27 26 26 22 22 31 26 70 52 64 53 93 20
internal_value=6.38485e-15 -6.8431e-07 -4.24511e-06 -2.50421e-07 -6.50286e-06 2.48675e-07 -7.30391e-07 1.07514e-05 9.44723e-06 -3.60344e-08 7.33555e-06 1.46486e-05 -1.55936e-05 -1.13805e-06 -3.50738e-06 -7.61816e-06 2.35671e-06 8.55467e-06 -3.25097e-06 2.57243e-06 4.65625e-06
internal_weight=850 814 169 125 76 645 590 55 49 569 74 48 44 495 295 176 200 95 105 119 41
internal_count=850 814 169 125 76 645 590 55 49 569 74 48 44 495 295 176 200 95 105 119 41
is_linear=0
shrinkage=0.3


Tree=180
num_leaves=17
num_cat=0
split_feature=21 20 19 11 19 11 13 18 22 10 27 26 12 27 11 19
split_gain=9.26037e-08 3.77992e-07 5.53458e-08 2.84533e-08 9.26963e-08 5.47336e-08 8.03424e-08 7.79077e-08 6.2772e-08 5.64396e-08 1.00888e-07 7.02134e-08 6.95108e-08 8.62573e-08 4.7382e-08 3.97613e-08
threshold=0.022918000000000004 0.015682500000000005 -0.85957799999999984 74.012758340980341 0.13976700000000003 65.454514887097858 0.017365781162565739 -0.12765392865031958 0.36590600000000006 0.95702389487062989 0.68270750000000013 0.7664485000000002 0.00031579217173138477 0.84137300000000004 67.419949718334422 0.0088155000000000022
decision_type=2 2 2 2 2 2 2 2 2 2 2 2 2 2 2 2
left_child=-1 -2 -3 5 -5 9 8 -8 14 12 -11 -12 15 -14 -7 -4
right_child=1 2 3 4 -6 6 7 -9 -10 10 11 -13 13 -15 -16 -17
leaf_value=-1.8370049690474844e-05 3.9329934059589334e-05 -1.5032143980543758e-05 2.9815629252082626e-06 -2.185620209150908e-05 2.7342355433329186e-06 1.9127603190045582e-05 1.0402796338837562e-05 -1.1543934797250462e-05 2.5554771619746522e-05 -2.4713566245860749e-05 1.9579445020926042e-06 -1.3472678540737386e-05 5.7991682136643617e-07 1.9919598513199939e-05 1.7999600663178895e-06 -3.7033760536862414e-06
leaf_weight=24 22 23 131 22 37 20 24 37 21 22 88 38 51 35 49 206
leaf_count=24 22 23 131 22 37 20 24 37 21 22 88 38 51 35 49 206
internal_value=7.29174e-15 5.33754e-07 -5.27833e-07 -1.00689e-07 -6.43508e-06 4.16941e-07 5.4963e-06 -2.90916e-06 1.11933e-05 -9.26287e-07 -5.96866e-06 -2.69574e-06 8.37946e-07 8.45072e-06 6.82247e-06 -1.10478e-06
internal_weight=850 826 804 781 59 722 151 61 90 571 148 126 423 86 69 337
internal_count=850 826 804 781 59 722 151 61 90 571 148 126 423 86 69 337
is_linear=0
shrinkage=0.3


Tree=181
num_leaves=10
num_cat=0
split_feature=21 20 15 0 1 27 11 11 21
split_gain=8.78109e-08 1.37146e-07 2.66722e-08 2.56276e-08 2.57249e-08 6.73726e-08 3.31595e-08 4.17897e-08 3.83916e-08
threshold=0.023222500000000004 0.015682500000000005 0.024631655044425677 6.5500685172550019 6.0635676328918802 0.84669450000000013 77.274247372292166 72.928942062226142 0.030523000000000005
decision_type=2 2 2 2 2 2 2 2 2
left_child=-1 -2 3 4 6 -6 7 8 -3
right_child=1 2 -4 -5 5 -7 -8 -9 -10
leaf_value=1.6521253246537527e-05 -2.4495015421572526e-05 1.0546097783097659e-05 1.0882610449698405e-05 8.1017474840905382e-06 2.6288840672350489e-06 -2.053120386790397e-05 -1.1859515810946115e-05 1.0048601769859808e-05 -8.1178926131647195e-07
leaf_weight=28 21 28 20 32 26 20 21 37 617
leaf_count=28 21 28 20 32 26 20 21 37 617
internal_value=1.26393e-15 -5.62768e-07 6.46695e-08 -2.12358e-07 -5.67567e-07 -7.44072e-06 -1.1783e-07 2.43717e-07 -3.18734e-07
internal_weight=850 822 801 781 749 46 703 682 645
internal_count=850 822 801 781 749 46 703 682 645
is_linear=0
shrinkage=0.3


Tree=182
num_leaves=12
num_cat=0
split_feature=21 20 27 11 10 20 10 10 10 6 10
split_gain=8.70962e-08 2.86947e-07 5.45459e-08 2.18895e-08 2.90425e-08 5.90102e-08 3.10724e-08 8.91522e-08 6.88231e-08 4.69552e-08 3.67064e-08
threshold=0.022918000000000004 0.015682500000000005 0.94628400000000013 34.091990048354518 -1.5180277665810096 0.25147250000000004 -0.05312921851058635 0.11900674859048577 -0.28968668520369084 -0.0059524076276533371 0.31339802774970649
decision_type=2 2 2 2 2 2 2 2 2 2 2
left_child=-1 -2 3 -3 5 -5 8 -8 9 -6 -9
right_child=1 2 -4 4 6 -7 7 10 -10 -11 -12
leaf_value=-1.781541097898298e-05 3.4320146088165609e-05 8.305811389216648e-06 -1.3181276478368591e-05 1.8837114199553838e-06 -7.8680824709695828e-06 -1.9791428795770115e-05 -1.7336358349341806e-05 9.8866174084832882e-06 1.7411503069654696e-05 4.5910542944227469e-06 -6.0784309315434652e-07
leaf_weight=24 22 28 29 26 38 20 28 32 28 96 479
leaf_count=24 22 28 29 26 38 20 28 32 28 96 479
internal_value=2.17175e-14 5.17639e-07 -4.07305e-07 7.06886e-08 -2.37991e-07 -7.54026e-06 2.41188e-07 -8.53809e-07 3.88442e-06 1.05787e-06 4.93443e-08
internal_weight=850 826 804 775 747 46 701 539 162 134 511
internal_count=850 826 804 775 747 46 701 539 162 134 511
is_linear=0
shrinkage=0.3


Tree=183
num_leaves=23
num_cat=0
split_feature=2 27 20 2 3 9 2 26 20 2 0 6 13 22 0 13 5 19 5 18 0 0
split_gain=9.51432e-08 4.51942e-07 2.03271e-07 8.56562e-08 8.59252e-08 6.52128e-08 6.39709e-08 8.92221e-08 8.39177e-08 8.07114e-08 1.101e-07 7.11722e-08 6.17692e-08 6.15151e-08 7.19316e-08 4.18103e-08 3.80439e-08 8.92756e-08 6.78943e-08 4.30923e-08 4.19856e-08 3.77792e-08
threshold=4.1238600861828925 0.94886950000000014 0.016604500000000005 4.2156720156959713 4.2649667263031015 0.016118295494016905 4.0233172486096462 0.6013440000000001 0.7637870000000001 3.9540802067945173 3.9264732144402683 0.0019665214479322392 0.016732705338971438 0.012589500000000002 4.8415137893787614 0.021368156631013945 0.0071048227343272485 0.068673000000000026 0.0036866484833550507 -0.25238150832216494 4.6300938509647951 4.6088562201602725
decision_type=2 2 2 2 2 2 2 2 2 2 2 2 2 2 2 2 2 2 2 2 2 2
left_child=2 3 -1 5 -5 -2 8 -8 9 10 12 -10 -4 14 -6 -14 18 -18 19 -15 -20 -19
right_child=1 -3 6 4 13 -7 7 -9 11 -11 -12 -13 15 16 -16 -17 17 21 20 -21 -22 -23
leaf_value=-3.1919722357542919e-05 -1.2133236356495889e-07 4.5591205470632951e-05 -1.3620718131920405e-05 -1.9881525632854389e-05 2.3551633005679051e-05 2.0962022372552911e-05 1.2578435967469658e-06 -2.0659402779139261e-05 2.48158009526378e-05 -1.5362421687703835e-05 2.078347477955893e-05 1.166633670176712e-07 4.3572933730746831e-06 -6.7601985223077106e-06 -1.5873862139414995e-06 -1.1017660863217316e-05 1.5823791978323858e-05 7.4047809061994481e-06 -2.3793826287601405e-05 1.6923371005547145e-06 -4.3549317150848307e-06 -8.7785997358288426e-06
leaf_weight=22 23 21 34 20 21 31 32 35 21 35 21 21 78 77 20 20 37 20 20 184 20 37
leaf_count=22 23 21 34 20 21 31 32 35 21 35 21 21 78 77 20 20 37 20 20 184 20 37
internal_value=-6.01119e-14 2.46008e-06 -4.09499e-06 6.84089e-07 -6.5383e-07 1.19821e-05 -2.0339e-06 -1.01915e-05 3.4244e-07 -2.36607e-06 6.06956e-07 1.24662e-05 -2.60295e-06 2.28174e-07 1.12887e-05 1.21955e-06 -9.1988e-07 4.34859e-06 -2.56518e-06 -8.01323e-07 -1.40744e-05 -3.10022e-06
internal_weight=850 531 319 510 456 54 297 67 230 188 153 42 132 436 41 98 395 94 301 261 40 57
internal_count=850 531 319 510 456 54 297 67 230 188 153 42 132 436 41 98 395 94 301 261 40 57
is_linear=0
shrinkage=0.3


Tree=184
num_leaves=13
num_cat=0
split_feature=21 20 27 8 6 8 12 9 9 12 4 22
split_gain=8.14789e-08 2.06288e-07 4.97938e-08 2.36193e-08 3.67806e-08 3.16929e-08 3.37998e-08 3.16669e-08 4.28445e-08 2.96425e-08 3.06008e-08 2.61939e-08
threshold=0.022918000000000004 0.015682500000000005 0.94628400000000013 0.07704137729796208 0.013988033549877816 0.085215337056781457 0.0048311777832773951 0.028708267394749683 0.031469704919795526 0.0041411778856528724 24493500.000000004 0.10376750000000003
decision_type=2 2 2 2 2 2 2 2 2 2 2 2
left_child=-1 -2 3 4 7 -5 -7 9 -9 10 -3 -6
right_child=1 2 -4 5 11 6 -8 8 -10 -11 -12 -13
leaf_value=-1.7231328865818795e-05 2.9161272232158807e-05 -7.3962760625876026e-07 -1.248843329041596e-05 -1.5125866489142937e-05 1.6435742957453061e-05 5.3190583083696473e-06 -9.8595062235804306e-06 1.7630177769335984e-05 -1.11206796527372e-06 -1.0035603750679911e-05 6.8280802178644492e-06 3.1036738287563517e-06
leaf_weight=24 22 519 29 20 21 31 23 21 23 28 53 36
leaf_count=24 22 519 29 20 21 31 23 21 23 28 53 36
internal_value=1.68424e-14 5.00668e-07 -2.83577e-07 1.73121e-07 7.11218e-07 -4.92426e-06 -1.14589e-06 6.47217e-08 7.83309e-06 -5.04959e-07 -3.84239e-08 8.01549e-06
internal_weight=850 826 804 775 701 74 54 644 44 600 572 57
internal_count=850 826 804 775 701 74 54 644 44 600 572 57
is_linear=0
shrinkage=0.3


Tree=185
num_leaves=19
num_cat=0
split_feature=21 20 22 18 18 13 17 15 22 6 22 16 0 2 27 1 15 3
split_gain=9.06931e-08 2.09597e-07 3.05181e-08 2.19308e-08 5.91231e-08 2.52779e-08 2.44021e-08 6.34912e-08 7.91049e-08 6.94302e-08 5.93126e-08 5.6035e-08 4.46483e-08 7.23029e-08 6.2285e-08 4.36246e-08 4.08559e-08 2.3394e-08
threshold=0.023222500000000004 0.015682500000000005 0.86034200000000005 0.63117412479119983 0.79134265133729298 0.018935162700925118 0.0057471211868897259 0.0019724316653343993 0.24269700000000002 0.0019398849651730014 0.102038 0.0018466778654229377 5.3903318595450935 4.8755484342222077 0.71805400000000008 4.2955616784379016 0.0037950613070833615 4.3442356586456308
decision_type=2 2 2 2 2 2 2 2 2 2 2 2 2 2 2 2 2 2
left_child=-1 -2 3 6 -5 17 12 8 11 -10 -9 -8 13 15 -14 -3 -16 -6
right_child=1 2 -4 4 5 -7 7 10 9 -11 -12 -13 14 -15 16 -17 -18 -19
leaf_value=1.6790201893205188e-05 -3.0157835806424565e-05 -1.4198718977462614e-06 1.0520527130211122e-05 -1.6585665001072741e-05 9.4816999892697961e-06 -8.9593548239008672e-06 1.3801427530211183e-05 -5.5359473426506151e-06 -2.3171499501519494e-05 -1.231958578630708e-06 1.3596311767360345e-05 -4.8348599905442873e-06 -7.7801404495403409e-06 -1.2874119664242502e-05 1.7406980422102996e-05 5.3256983367405054e-06 3.9225076656853508e-06 -3.282412336602647e-06
leaf_weight=28 21 205 25 26 28 20 20 25 34 21 35 53 20 35 42 149 39 24
leaf_count=28 21 205 25 26 28 20 20 25 34 21 35 53 20 35 42 149 39 24
internal_value=-2.91456e-14 -5.71929e-07 2.03731e-07 -1.2864e-07 -4.32352e-06 1.04481e-07 4.777e-07 -2.42792e-06 -6.20251e-06 -1.47946e-05 5.62454e-06 2.70972e-07 1.59251e-06 1.33319e-07 7.21256e-06 1.41937e-06 1.09145e-05 3.59057e-06
internal_weight=850 822 801 776 98 72 678 188 128 55 60 73 490 389 101 354 81 52
internal_count=850 822 801 776 98 72 678 188 128 55 60 73 490 389 101 354 81 52
is_linear=0
shrinkage=0.3


Tree=186
num_leaves=22
num_cat=0
split_feature=4 4 20 27 18 21 22 26 22 15 19 0 1 16 10 16 22 17 8 27 18
split_gain=8.36667e-08 4.64391e-07 2.65072e-07 7.70828e-08 5.09387e-08 7.62492e-08 5.52565e-08 4.10359e-08 3.76799e-08 3.24142e-08 3.03136e-08 2.88483e-08 1.28003e-07 8.87466e-08 8.02011e-08 7.73608e-08 7.519e-08 6.03354e-08 3.8278e-08 3.66601e-08 2.44501e-08
threshold=16438250.000000002 15351600.000000002 0.027056000000000004 0.95162750000000018 -0.36450694606830752 0.062366500000000005 0.48214450000000003 0.73259200000000013 0.3180110000000001 0.0014892421486670784 0.90741600000000011 4.034650298043986 4.1190252742717695 0.0066154093082521044 -0.81364324533769017 0.004604850089239991 0.28046800000000005 0.0037986976007191083 -0.028022857203736137 0.77348750000000011 0.3091424636714063
decision_type=2 2 2 2 2 2 2 2 2 2 2 2 2 2 2 2 2 2 2 2 2
left_child=1 3 -2 10 -4 20 7 8 9 -7 11 13 -13 14 18 16 -14 -17 -1 -16 -6
right_child=2 -3 4 -5 5 6 -8 -9 -10 -11 -12 12 15 -15 19 17 -18 -19 -20 -21 -22
leaf_value=2.7169401732862748e-06 -3.5862993414329222e-05 3.8412016219808724e-05 -1.5024210249422417e-05 -1.8211172755400184e-05 1.7419161847667311e-05 4.0485103041150563e-06 -1.6131862368638395e-05 -1.1177216771917802e-05 1.2319814288730413e-05 -6.3478483308429378e-06 -1.0398515119699628e-05 2.5561106339669744e-05 -6.7096082331062931e-06 -1.7027470450306408e-05 -1.091565667540915e-05 2.3831725861083006e-06 5.2445293369140477e-06 1.7308882552942332e-05 1.9660522724507246e-05 9.3855338391068026e-07 3.9912466770776795e-06
leaf_weight=24 22 30 23 20 23 55 25 29 23 53 21 21 123 29 39 65 77 39 24 59 26
leaf_count=24 22 30 23 20 23 55 25 29 23 53 21 21 123 29 39 65 77 39 24 59 26
internal_value=-3.49236e-14 2.08052e-06 -4.25798e-06 6.58356e-08 -1.5525e-06 -2.28354e-07 -3.01539e-06 -9.65947e-07 1.29456e-06 -1.05341e-06 7.67448e-07 1.23642e-06 2.90856e-06 -1.86899e-06 1.14194e-06 1.34375e-06 -2.10727e-06 7.98031e-06 1.11887e-05 -3.77894e-06 1.02941e-05
internal_weight=850 571 279 541 257 234 185 160 131 108 521 500 325 175 146 304 200 104 48 98 49
internal_count=850 571 279 541 257 234 185 160 131 108 521 500 325 175 146 304 200 104 48 98 49
is_linear=0
shrinkage=0.3


Tree=187
num_leaves=22
num_cat=0
split_feature=15 5 20 5 7 22 5 12 12 6 14 16 4 1 20 1 29 8 0 2 3
split_gain=7.38604e-08 6.20231e-07 3.45049e-07 5.59199e-08 7.16637e-08 3.59135e-08 3.07745e-08 5.38083e-08 8.1448e-08 5.01811e-08 4.98995e-08 4.78238e-08 5.30824e-08 3.27211e-08 2.91028e-08 2.77204e-08 5.86403e-08 7.57484e-08 3.80615e-08 4.51209e-08 5.71585e-08
threshold=0.010841490420433336 0.0096063900469660034 0.016604500000000005 0.019030215333407551 0.0019665214479322392 0.92910750000000009 0.0034571707206944263 -0.00054866272270454942 0.00012083001211573747 -1.0000000180025095e-35 0.01347449446645089 0.0052724190838453859 12330850.000000002 4.3153615726154948 0.50955250000000019 5.7434478335213726 1.5000000000000002 0.045159100080795857 5.1095412218780636 4.8840569928045392 4.5028371810913095
decision_type=2 2 2 2 2 2 2 2 2 2 2 2 2 2 2 2 2 2 2 2 2
left_child=2 -2 -1 4 -3 6 15 9 -9 10 -8 12 -10 -11 -5 18 17 -17 19 20 -4
right_child=1 3 5 14 -6 -7 7 8 11 13 -12 -13 -14 -15 -16 16 -18 -19 -20 -21 -22
leaf_value=-3.5783531071501783e-05 5.3748841238692483e-05 3.2220844245249976e-07 -2.5313125879905468e-06 1.3425317722034638e-05 -2.0600619814978506e-05 1.2613329373607484e-05 -2.0959516282346156e-05 2.2959341504247276e-05 -3.7403930876350312e-07 1.3010897877003507e-05 -1.0277084592976628e-06 -8.2010577034452578e-06 1.6112073194562981e-05 -3.9442960206770292e-06 -2.3687459588472849e-06 -3.6215574346721449e-06 3.4750290988760922e-06 -2.7302396945287912e-05 1.1867977562880176e-05 -1.4767172686853362e-05 6.5947971384616714e-06
leaf_weight=25 21 34 271 21 26 20 20 23 39 21 26 25 32 20 21 31 32 20 21 21 80
leaf_count=25 21 34 271 21 26 20 20 23 39 21 26 25 32 20 21 31 32 20 21 21 80
internal_value=4.71767e-14 6.7988e-06 -1.15028e-06 -2.86738e-06 -8.74435e-06 8.30992e-08 -2.84356e-07 2.77898e-06 6.92468e-06 -2.89158e-06 -9.69371e-06 3.08305e-06 7.05632e-06 4.74007e-06 5.52829e-06 -1.61008e-06 -6.59175e-06 -1.29082e-05 -5.57977e-07 -1.25944e-06 -4.51288e-07
internal_weight=850 123 727 102 60 702 682 206 119 87 46 96 71 41 42 476 83 51 393 372 351
internal_count=850 123 727 102 60 702 682 206 119 87 46 96 71 41 42 476 83 51 393 372 351
is_linear=0
shrinkage=0.3


Tree=188
num_leaves=15
num_cat=0
split_feature=20 21 11 27 12 12 12 4 13 16 6 16 11 14
split_gain=1.20722e-07 3.50703e-08 2.48257e-08 6.83485e-08 2.32372e-08 6.86163e-08 5.66003e-08 4.86009e-08 3.75602e-08 3.23962e-08 4.40417e-08 6.09922e-08 3.86767e-08 3.27758e-08
threshold=0.014942500000000003 0.023769000000000002 74.012758340980341 0.86878100000000014 -2.2489716463479061e-05 -0.00033783854832970003 -0.00054866272270454942 6062050.0000000009 0.0199659697220574 0.0093196636404712027 0.010446376360568841 0.0038059141006609198 45.454563128048584 0.011150113614017536
decision_type=2 2 2 2 2 2 2 2 2 2 2 2 2 2
left_child=-1 -2 4 -4 5 6 7 -3 -9 10 12 -12 -6 -14
right_child=1 2 3 -5 9 -7 -8 8 -10 -11 11 -13 13 -15
leaf_value=2.097439478347951e-05 -1.1674314074298309e-05 -1.1703326381393708e-05 1.4610530768139213e-06 -1.9451505427654906e-05 -8.0788791011501512e-06 -1.4264322560527087e-05 1.4582089071072085e-05 1.3824757010852663e-06 -8.9592992613537113e-06 1.1234647525916151e-05 1.6981812243763918e-06 -1.8426620663771957e-05 8.8551867032649046e-06 1.4181775654620309e-06
leaf_weight=24 25 35 39 22 27 34 22 259 36 31 33 23 80 160
leaf_count=24 25 35 39 22 27 34 22 259 36 31 33 23 80 160
internal_value=-4.08144e-14 -6.09426e-07 -2.64079e-07 -6.08118e-06 2.15438e-07 -1.39448e-06 -1.51375e-07 -1.13361e-06 1.20429e-07 1.97089e-06 1.0818e-06 -6.56736e-06 2.68612e-06 3.89718e-06
internal_weight=850 826 801 61 740 386 352 330 295 354 323 56 267 240
internal_count=850 826 801 61 740 386 352 330 295 354 323 56 267 240
is_linear=0
shrinkage=0.3


Tree=189
num_leaves=22
num_cat=0
split_feature=21 20 13 13 13 15 3 7 15 5 11 26 12 0 4 11 26 21 8 26 4
split_gain=9.61341e-08 4.34613e-08 1.86636e-08 7.42543e-08 7.76147e-08 6.92582e-08 4.04077e-08 5.02266e-08 1.0164e-07 6.68633e-08 3.46613e-08 6.05015e-08 5.80763e-08 8.64034e-08 5.51826e-08 4.63162e-08 1.01324e-07 6.04763e-08 6.74529e-08 5.57123e-08 3.26378e-08
threshold=0.023222500000000004 0.015682500000000005 0.014949133058369835 0.014665505364592884 0.014350699949644658 1.0000000180025095e-35 6.152022361755372 -0.0017528754930017968 0.0017376605094359808 0.0043988470416010134 42.722904603335685 0.89836150000000015 -0.0034300732100454152 3.8492513363070695 8243700.0000000009 50.562915980348144 0.48873400000000006 0.046611000000000007 0.01040767384034832 0.64118050000000015 8120750.0000000009
decision_type=2 2 2 2 2 2 2 2 2 2 2 2 2 2 2 2 2 2 2 2 2
left_child=-1 -2 3 4 6 -5 7 8 -3 -9 12 15 -4 -14 -15 16 20 -17 -19 -18 -12
right_child=1 2 10 5 -6 -7 -8 9 -10 -11 11 -13 13 14 -16 17 19 18 -20 -21 -22
leaf_value=1.7286513532001533e-05 -1.4061185044868451e-05 -2.6142970174802824e-05 -4.6991429321545131e-06 -2.6710004545407172e-05 1.3235008728687799e-05 -1.7435537438359459e-06 1.0121741717625809e-05 3.5176871795629588e-06 9.3058910911517723e-07 -1.3891770263923648e-05 -4.8423050787148113e-06 1.2809679461450537e-05 -2.8595890479924231e-06 3.0124651907499352e-05 9.1642564572024498e-06 -1.4738612431114911e-05 -2.6868380531279133e-05 1.5855832478134994e-05 1.1017314031321589e-07 -7.5113272103521919e-06 1.1515865739768386e-05
leaf_weight=28 21 24 34 20 33 20 20 84 26 26 21 29 28 20 26 22 23 27 263 32 23
leaf_count=28 21 24 34 20 33 20 20 84 26 26 21 29 28 20 26 22 23 27 263 32 23
internal_value=6.77081e-14 -5.88835e-07 -2.35627e-07 -2.36687e-06 -1.39653e-07 -1.42268e-05 -2.59167e-06 -4.18085e-06 -1.20647e-05 -5.97275e-07 7.48321e-07 -4.33737e-07 5.56411e-06 1.02797e-05 1.82775e-05 -1.36819e-06 -7.02181e-06 4.25749e-07 1.57615e-06 -1.56061e-05 3.70856e-06
internal_weight=850 822 801 253 213 40 180 160 50 110 548 440 108 74 46 411 99 312 290 55 44
internal_count=850 822 801 253 213 40 180 160 50 110 548 440 108 74 46 411 99 312 290 55 44
is_linear=0
shrinkage=0.3


Tree=190
num_leaves=18
num_cat=0
split_feature=7 7 21 26 21 25 6 16 19 20 19 3 11 15 15 7 8
split_gain=8.02256e-08 4.49088e-07 1.63428e-07 1.52137e-07 7.00847e-08 4.64447e-08 4.74689e-08 8.02562e-08 6.52702e-08 4.13433e-08 3.83459e-08 3.04127e-08 3.47129e-08 2.43689e-08 7.17203e-08 4.22889e-08 2.34507e-08
threshold=-0.011111278605293779 -0.012820681737673046 0.023769000000000002 0.76508750000000014 0.31474800000000008 0.52777800000000019 -1.0000000180025095e-35 0.0029154738389799736 -0.51522649999999992 0.035312000000000003 -0.32967099999999994 6.3333544731140146 77.274247372292166 -0.0018957755511047677 -0.0039721946986121335 -0.0069932844552679091 0.023629972591897735
decision_type=2 2 2 2 2 2 2 2 2 2 2 2 2 2 2 2 2
left_child=1 3 -2 4 -1 10 7 -7 -9 -8 -4 12 13 14 -12 -15 -11
right_child=2 -3 5 -5 -6 6 9 8 -10 16 11 -13 -14 15 -16 -17 -18
leaf_value=1.9023453962420586e-05 -2.394724751866306e-05 4.6926583880641764e-05 -1.4252626078814501e-05 -2.5150884841877996e-05 -3.2807182090976994e-06 1.2093425833167462e-05 2.1972230623532596e-05 -1.9050840194267945e-05 3.8509601641375666e-06 1.2119357177553524e-05 -4.6106105401714594e-07 7.5516923440469928e-06 -1.371908880344108e-05 1.395381072256896e-05 -1.4300349857876426e-05 -2.848012027449582e-07 -1.4406828699717071e-06
leaf_weight=21 27 21 20 20 32 28 20 24 21 24 144 36 20 20 44 306 22
leaf_count=21 27 21 20 20 32 28 20 24 21 24 144 36 20 20 44 306 22
internal_value=4.12282e-15 8.26543e-06 -1.02771e-06 -2.85628e-06 5.55678e-06 -1.7884e-07 4.75453e-06 -5.16905e-07 -8.36333e-06 1.05851e-05 -1.34111e-06 -8.88074e-07 -1.45705e-06 -9.79924e-07 -3.70004e-06 5.88733e-07 5.63412e-06
internal_weight=850 94 756 73 53 729 139 73 45 66 590 570 534 514 188 326 46
internal_count=850 94 756 73 53 729 139 73 45 66 590 570 534 514 188 326 46
is_linear=0
shrinkage=0.3


Tree=191
num_leaves=19
num_cat=0
split_feature=21 15 5 8 11 13 18 10 16 11 8 14 13 27 4 11 12 0
split_gain=1.11023e-07 3.22225e-08 1.01656e-07 4.22653e-08 9.55871e-08 8.00877e-08 3.85473e-08 4.42521e-08 4.16113e-08 3.72477e-08 4.6856e-08 2.81659e-08 3.2226e-08 3.46171e-08 3.15565e-08 2.81573e-08 3.22799e-08 1.40845e-08
threshold=0.023222500000000004 0.0086207019694488456 0.0090092920660862306 0.057225885483949725 70.662504157223808 0.014637925655320868 0.34255333836399121 1.0522411573296351 0.0019940179374181308 66.464923069679585 0.046876450475555248 0.034323622111947526 0.01477003268641686 0.83347800000000005 12693800.000000002 62.49998911447566 0.001395746753107546 4.0796051547403627
decision_type=2 2 2 2 2 2 2 2 2 2 2 2 2 2 2 2 2 2
left_child=-1 3 -3 4 9 -5 7 -7 -9 10 15 12 -4 17 -15 16 -2 -14
right_child=1 2 11 5 -6 6 -8 8 -10 -11 -12 -13 13 14 -16 -17 -18 -19
leaf_value=1.8576955551452556e-05 -1.9258976288790494e-06 -1.7986093833275314e-05 -7.9083245618676292e-06 2.2774158906031514e-05 -2.0644452628662941e-05 -1.0375895143279822e-05 1.3659091141562385e-05 -5.9844539418918424e-06 1.1932059900589463e-05 9.9162180930534295e-06 -1.3866918772256886e-05 -1.0429937992739724e-05 -7.706212622906605e-06 1.1705257946914572e-06 1.7158267265585891e-05 7.8298537214562343e-06 4.9021834236010655e-06 3.5525948339909513e-06
leaf_weight=28 346 38 25 20 21 29 20 20 28 32 23 21 20 20 25 38 76 20
leaf_count=28 346 38 25 20 21 29 20 20 28 32 23 21 20 20 25 38 76 20
internal_value=4.52156e-15 -6.32792e-07 -4.32493e-06 3.22755e-07 -8.04877e-07 5.48866e-06 1.92463e-06 -1.12328e-06 4.46685e-06 4.11582e-09 -6.52587e-07 -3.62152e-07 1.55988e-06 4.34465e-06 1.00526e-05 8.13e-09 -6.96196e-07 -2.07681e-06
internal_weight=850 822 169 653 536 117 97 77 48 515 483 131 110 85 45 460 422 40
internal_count=850 822 169 653 536 117 97 77 48 515 483 131 110 85 45 460 422 40
is_linear=0
shrinkage=0.3


Tree=192
num_leaves=25
num_cat=0
split_feature=4 4 21 27 5 20 19 14 9 17 11 5 9 27 13 9 8 17 17 18 6 27 26 4
split_gain=7.25021e-08 5.04818e-07 1.95432e-07 5.50612e-08 1.41533e-07 3.99071e-08 4.84483e-08 3.31165e-08 3.12951e-08 5.37747e-08 5.60118e-08 4.58562e-08 3.06787e-08 6.53558e-08 5.56043e-08 4.71429e-08 4.61056e-08 6.87062e-08 5.88797e-08 2.95149e-08 2.41396e-08 2.30587e-08 2.2255e-08 1.78118e-08
threshold=15570450.000000002 14974400.000000002 0.026129500000000003 0.93648550000000008 0.0017315903893120393 0.064467500000000025 -0.113801 0.024599018754352626 0.026631094045035168 0.0031055946758805773 60.0000260232787 0.0017985977492754937 0.024290457240751216 0.70102700000000018 0.017194949523000588 0.0195297654317396 0.036572404407691779 0.0035087687010102444 0.0017452406367448991 0.32014611916470487 0.0017559054202750857 0.83271200000000012 0.70831650000000013 27889350.000000004
decision_type=2 2 2 2 2 2 2 2 2 2 2 2 2 2 2 2 2 2 2 2 2 2 2 2
left_child=1 3 -2 7 -5 20 -7 12 9 10 -8 19 15 -14 -15 16 18 -18 -1 -11 -4 -16 -17 -10
right_child=2 -3 5 4 -6 6 8 -9 23 11 -12 -13 13 14 21 22 17 -19 -20 -21 -22 -23 -24 -25
leaf_value=-1.0069155853349965e-05 -3.0970345627875675e-05 4.7663141802851377e-05 1.1460122846074227e-05 3.7232079086927968e-06 -2.6747617463886699e-05 -1.3216673188265771e-05 1.1160644449277739e-05 1.2944330611779669e-05 9.4536878387155022e-06 4.5671439424536812e-06 -6.4544740120964228e-06 -1.8372309552319165e-05 -8.1859898133726262e-06 2.2973958173431374e-05 1.1568472930321149e-05 -3.4871545040005001e-06 1.6110876380911289e-05 -4.392130642827396e-06 1.3001156777532201e-06 -1.1356406088793847e-05 -1.9952493767050325e-06 -2.6648508082871556e-06 -1.7037210627677266e-05 -1.5649373914999634e-06
leaf_weight=51 22 21 30 34 23 37 33 21 31 22 32 30 22 22 20 24 38 24 209 20 20 21 20 23
leaf_count=51 22 21 30 34 23 37 33 21 31 22 32 30 22 22 20 24 38 24 209 20 20 21 20 23
internal_value=-4.24633e-14 2.04629e-06 -3.75152e-06 2.35409e-07 -8.57204e-06 -1.59752e-06 -3.28074e-06 1.29902e-06 -1.35598e-06 -3.76688e-06 2.48859e-06 -9.41417e-06 7.56777e-07 5.89109e-06 1.08069e-05 -4.35619e-07 8.22979e-07 8.17423e-06 -9.30011e-07 -3.0155e-06 6.07797e-06 4.27823e-06 -9.64627e-06 4.76057e-06
internal_weight=850 550 300 529 57 278 228 472 191 137 65 72 451 85 63 366 322 62 260 42 50 41 44 54
internal_count=850 550 300 529 57 278 228 472 191 137 65 72 451 85 63 366 322 62 260 42 50 41 44 54
is_linear=0
shrinkage=0.3


Tree=193
num_leaves=16
num_cat=0
split_feature=21 20 19 21 29 4 7 20 7 27 19 14 21 7 15
split_gain=8.62282e-08 2.35025e-08 7.00355e-08 6.15193e-08 3.44814e-08 3.19882e-08 2.07414e-08 7.16504e-08 4.05797e-08 3.30629e-08 3.01362e-08 3.29117e-08 2.18432e-08 1.66979e-08 3.62535e-08
threshold=0.024173500000000004 0.77466750000000006 0.64428300000000005 0.10663350000000001 1.5000000000000002 5006250.0000000009 0.0089287661300198728 0.12690250000000003 0.0071048227343272485 0.84068850000000006 -0.86971249999999989 0.0080483145996726006 0.28593450000000004 0.0014610101719062887 0.0017152435436133108
decision_type=2 2 2 2 2 2 2 2 2 2 2 2 2 2 2
left_child=-1 2 5 4 13 -2 8 -8 10 12 -7 -12 -9 -3 -15
right_child=1 3 -4 -5 -6 6 7 9 -10 -11 11 -13 -14 14 -16
leaf_value=1.4368032339007185e-05 7.9002258341157958e-06 2.7586683115389729e-06 -1.8001534813679012e-05 1.7499385408179725e-05 1.1104616857794879e-05 -1.2059369670809744e-05 -1.6743454688139535e-05 -1.1325715047405537e-05 8.9746640645970675e-06 8.1633875424813599e-06 -8.778949384344653e-06 1.4471536125049006e-07 4.2503329885741031e-07 -1.2959582833336126e-05 2.3163964720475231e-06
leaf_weight=36 36 35 22 22 21 22 33 24 38 28 41 401 35 29 27
leaf_count=36 36 35 22 22 21 22 33 24 38 28 41 401 35 29 27
internal_value=4.98951e-14 -6.35441e-07 -1.35103e-06 2.99591e-06 1.4701e-07 -7.94327e-07 -1.29755e-06 -4.84083e-06 -4.50548e-07 -3.26048e-07 -1.22244e-06 -6.83045e-07 -4.35493e-06 -2.38167e-06 -5.59438e-06
internal_weight=850 814 680 134 112 658 622 120 502 87 464 442 59 91 56
internal_count=850 814 680 134 112 658 622 120 502 87 464 442 59 91 56
is_linear=0
shrinkage=0.3


Tree=194
num_leaves=19
num_cat=0
split_feature=20 21 21 14 14 21 21 4 4 9 20 6 21 21 5 22 1 6
split_gain=8.00766e-08 3.33187e-08 2.14067e-08 3.07544e-08 3.31594e-08 4.38342e-08 4.46951e-08 2.26409e-08 8.00752e-08 3.63448e-08 3.21134e-08 2.77614e-08 2.29771e-08 4.29458e-08 3.78453e-08 6.52545e-08 4.72997e-08 1.6025e-08
threshold=0.014942500000000003 0.023222500000000004 0.062366500000000005 0.0098716683599617792 0.014471115475654281 0.047581000000000005 0.034085500000000012 14939650.000000002 15820350.000000002 0.030794830469864178 0.064467500000000025 0.0034453874799104372 0.091372000000000023 0.15804000000000004 0.0021785932658079485 0.25540150000000006 4.4131744996272557 0.0019840912817329199
decision_type=2 2 2 2 2 2 2 2 2 2 2 2 2 2 2 2 2 2
left_child=-1 -2 3 -3 17 6 -6 12 -9 10 -10 -12 -4 -14 16 -16 -15 -5
right_child=1 2 7 4 5 -7 -8 8 9 -11 11 -13 13 14 15 -17 -18 -19
leaf_value=1.7082405759083485e-05 -1.2014740583378047e-05 -7.0812226508480865e-06 -7.1400599588080443e-06 1.5788752194920461e-05 3.5301500595190134e-06 1.2654270660407618e-05 -1.3593061227430039e-05 -2.0053245498274917e-05 7.9454669958067822e-06 -1.1568579350093192e-05 -4.943072264213146e-06 3.2779628344122224e-06 1.0819335810427564e-05 -5.5313095942556436e-06 -1.0160016759641621e-06 1.3164378685814881e-05 4.0906069471321534e-06 5.1346179475331157e-06
leaf_weight=24 22 23 33 27 34 21 23 23 37 28 99 59 37 142 80 46 68 24
leaf_count=24 22 23 33 27 34 21 23 23 37 28 99 59 37 142 80 46 68 24
internal_value=-6.16818e-14 -4.96341e-07 -1.81161e-07 3.02489e-06 4.82676e-06 9.37492e-07 -3.37922e-06 -9.28584e-07 -3.1997e-06 -1.46145e-06 -1.01645e-08 -1.87319e-06 4.47512e-07 1.1188e-06 5.05851e-08 4.16096e-06 -2.41564e-06 1.0775e-05
internal_weight=850 826 804 152 129 78 57 652 246 223 195 158 406 373 336 126 210 51
internal_count=850 826 804 152 129 78 57 652 246 223 195 158 406 373 336 126 210 51
is_linear=0
shrinkage=0.3


Tree=195
num_leaves=27
num_cat=0
split_feature=18 18 20 6 4 13 11 23 21 18 14 6 29 7 3 21 18 19 18 19 6 12 29 14 21 16
split_gain=7.1426e-08 5.16763e-07 2.46035e-07 8.93114e-08 5.56864e-08 2.69299e-08 4.89301e-08 2.82023e-08 4.25034e-08 4.23666e-08 4.6785e-08 2.73959e-08 2.4158e-08 2.84628e-08 6.66531e-08 3.23645e-08 2.94367e-08 5.59271e-08 4.58032e-08 5.1686e-08 4.62456e-08 2.3329e-08 2.8175e-08 2.44175e-08 1.6232e-08 1.39708e-08
threshold=0.59127163604698862 0.68425503893299977 0.014942500000000003 0.0052266517208669986 27014250.000000004 0.017034773609820229 42.476463006235399 0.29166650000000005 0.17434400000000003 0.20717405918638931 0.01431306124717697 0.0019194232881242894 3.5000000000000004 -0.0059524076276533371 4.2379755973815927 0.089274500000000021 0.34255333836399121 0.080358500000000013 -0.019077503903686902 -0.012248499999999997 -0.0017528754930017968 0.00086599610615761423 1.5000000000000002 0.016230879085827883 0.049275000000000006 0.0041724824145357381
decision_type=2 2 2 2 2 2 2 2 2 2 2 2 2 2 2 2 2 2 2 2 2 2 2 2 2 2
left_child=2 -2 -1 4 25 12 11 21 24 10 -10 -7 13 14 -4 -16 18 -18 19 -15 -20 22 -8 -23 -9 -3
right_child=1 3 5 -5 -6 6 7 8 9 -11 -12 -13 -14 16 15 -17 17 -19 20 -21 -22 23 -24 -25 -26 -27
leaf_value=-3.3116562436979232e-05 4.9527742976351871e-05 -7.9603409176343124e-06 -1.7839284851918688e-05 -1.9650078840121358e-05 1.4414881150059955e-05 1.6524375731392112e-05 1.7074887106942198e-05 -1.7601989687439829e-06 -1.8601535625748511e-05 5.0737961601043926e-06 -3.373574258069351e-06 2.2964967147994942e-06 -9.4189504258846514e-06 -8.5908193969580193e-06 -7.288419171231908e-06 9.778517606946479e-06 4.4911371560374386e-06 -1.6060913668962501e-05 1.8247288645454774e-05 2.3097904862879657e-06 2.3909009184665462e-06 -7.664963030557763e-06 2.0578490954864285e-06 6.8019859294768782e-06 7.8087740173661857e-06 1.6971383591421075e-06
leaf_weight=21 21 26 28 21 24 29 22 27 30 24 46 21 34 57 20 20 22 26 25 125 49 21 23 21 39 28
leaf_count=21 21 26 28 21 24 29 22 27 30 24 46 21 34 57 20 20 22 26 25 125 49 21 23 21 39 28
internal_value=-9.91583e-15 6.78283e-06 -1.11499e-06 -2.28428e-06 2.39113e-06 -1.67125e-07 1.97309e-06 2.78312e-07 -2.01471e-06 -5.91459e-06 -9.38461e-06 1.05487e-05 -1.76438e-06 -1.06477e-06 -6.61321e-06 1.24505e-06 1.76331e-07 -6.64122e-06 1.45462e-06 -1.10414e-06 7.74779e-06 4.65351e-06 9.39951e-06 -4.31489e-07 3.89419e-06 -2.95276e-06
internal_weight=850 120 730 99 78 709 303 253 166 100 76 50 406 372 68 40 304 48 256 182 74 87 45 42 66 54
internal_count=850 120 730 99 78 709 303 253 166 100 76 50 406 372 68 40 304 48 256 182 74 87 45 42 66 54
is_linear=0
shrinkage=0.3


Tree=196
num_leaves=21
num_cat=0
split_feature=20 18 13 13 7 1 10 9 9 15 0 22 0 26 13 13 5 9 22 14
split_gain=1.12595e-07 3.12961e-08 1.81869e-08 3.73721e-08 3.96515e-08 4.77081e-08 3.18075e-08 6.64961e-08 4.13029e-08 3.08136e-08 2.52353e-08 2.17456e-08 2.03225e-08 4.03822e-08 3.42943e-08 5.05129e-08 3.61902e-08 3.39882e-08 2.10041e-08 3.23187e-08
threshold=0.014942500000000003 1.1476247267030459 0.014949133058369835 0.014665505364592884 -0.0015661626188965487 4.9053297208473516 1.2554212946390004 0.010830850588613989 0.016759353352191041 1.0000000180025095e-35 5.3903318595450935 0.011530500000000001 4.2766381765283716 0.88114350000000008 0.01594273064759261 0.016732705338971438 0.0039447901830927728 0.017434897245374791 0.040646000000000009 0.012065842375554641
decision_type=2 2 2 2 2 2 2 2 2 2 2 2 2 2 2 2 2 2 2 2
left_child=-1 2 3 4 5 -2 7 -6 -9 -5 -8 -4 14 18 -13 16 -16 -17 -14 -20
right_child=1 -3 11 9 6 -7 10 8 -10 -11 -12 12 13 -15 15 17 -18 -19 19 -21
leaf_value=2.0256098400750486e-05 -1.40501209124203e-05 -1.1263302229025384e-05 -7.5979513885234454e-06 -1.9110949556306877e-05 -7.7048811110813621e-06 1.7684078649438105e-06 -9.6521699102313179e-06 1.6434736075952081e-05 7.3885634524880761e-08 -2.457955833961023e-06 2.7584151393966749e-06 1.1616175794577949e-05 -9.3338536169754008e-06 8.9374226462268773e-06 -1.5864353152842933e-05 -9.5793583586679554e-07 1.3610476604039181e-06 6.7773045509022342e-06 6.1596802018678913e-06 -3.5466497384049943e-06
leaf_weight=24 37 24 27 20 24 32 29 41 21 20 30 35 34 32 23 88 21 122 41 125
leaf_count=24 37 24 27 20 24 32 29 41 21 20 30 35 34 32 23 88 21 122 41 125
internal_value=6.32918e-14 -5.88555e-07 -2.69111e-07 -2.3675e-06 -7.9424e-07 -6.71399e-06 2.02275e-06 5.70301e-06 1.08932e-05 -1.07845e-05 -3.3417e-06 7.03501e-07 1.13371e-06 -9.57491e-07 2.81246e-06 1.59935e-06 -7.64314e-06 3.53587e-06 -2.54068e-06 -1.1493e-06
internal_weight=850 826 802 254 214 69 145 86 62 40 59 548 521 232 289 254 44 210 200 166
internal_count=850 826 802 254 214 69 145 86 62 40 59 548 521 232 289 254 44 210 200 166
is_linear=0
shrinkage=0.3


Tree=197
num_leaves=14
num_cat=0
split_feature=18 15 20 7 18 7 7 14 11 29 22 13 16
split_gain=8.65174e-08 4.19563e-07 1.90115e-07 5.44537e-08 3.07864e-08 1.96367e-08 3.7432e-08 2.75569e-08 1.89475e-08 5.45926e-08 2.92387e-08 2.52733e-08 1.80455e-08
threshold=0.66757328690076101 0.010871017042149116 0.014942500000000003 -0.0054694749456558117 0.57129296719625999 -0.01342357719755587 -0.010548808933930542 0.015397818548491838 74.012758340980341 1.5000000000000002 0.010154500000000002 0.014350699949644658 0.0033641707817417097
decision_type=2 2 2 2 2 2 2 2 2 2 2 2 2
left_child=2 3 -1 -2 5 7 -7 -4 10 -10 -8 -12 -5
right_child=1 -3 4 12 -6 6 8 -9 9 -11 11 -13 -14
leaf_value=-2.925842168224335e-05 -1.5535725768651381e-05 4.2882821477974173e-05 1.2100176612265099e-05 -4.6542131583139832e-06 -1.0870684423025522e-05 -1.1562469113029623e-05 9.5016129248946418e-06 -1.2096610707398471e-06 -1.4644387283624382e-05 5.4878934509939756e-06 -3.896878400435698e-06 1.0991763481409661e-06 6.4115788674712352e-06
leaf_weight=21 21 24 28 21 24 26 31 28 27 22 116 425 36
leaf_count=21 21 24 28 21 24 26 31 28 27 22 116 425 36
internal_value=5.57922e-14 8.19623e-06 -1.11767e-06 -2.47656e-06 -3.04799e-07 5.59139e-08 -4.10552e-07 5.44526e-06 5.63563e-08 -5.6054e-06 5.41367e-07 2.79336e-08 2.33471e-06
internal_weight=850 102 748 78 727 703 647 56 621 49 572 541 57
internal_count=850 102 748 78 727 703 647 56 621 49 572 541 57
is_linear=0
shrinkage=0.3


Tree=198
num_leaves=14
num_cat=0
split_feature=20 15 18 5 10 18 4 4 10 4 27 10 8
split_gain=1.22906e-07 3.04302e-08 4.40546e-08 3.47896e-08 2.62657e-08 2.38928e-08 2.48353e-08 1.64784e-08 4.66679e-08 3.86865e-08 2.25443e-08 1.90805e-08 1.35817e-08
threshold=0.014942500000000003 0.011571927789720738 0.43411934898233112 0.019030215333407551 1.1365969494998469 1.1161555949845872 36226800.000000007 22452250.000000004 1.3011584456380805 20549000.000000004 0.54319200000000012 -0.35725154283538135 0.017876010851580835
decision_type=2 2 2 2 2 2 2 2 2 2 2 2 2
left_child=-1 5 3 4 -3 6 7 9 12 10 -2 -12 -9
right_child=1 2 -4 -5 -6 -7 -8 8 -10 -11 11 -13 -14
leaf_value=2.1163278779567916e-05 8.2740736631641431e-06 -1.1853055720065538e-05 -1.4469390025210899e-05 9.0437200209895044e-06 1.9430115739653599e-06 -1.0148278650490282e-05 1.0528824584201045e-05 -3.4432315942467538e-06 -1.5750001493457105e-05 1.353377774648834e-05 2.4538178691552688e-06 -1.4139007716842399e-06 6.6494741986389274e-06
leaf_weight=24 29 27 33 21 23 20 21 28 22 20 161 400 21
leaf_count=24 29 27 33 21 23 20 21 28 22 20 161 400 21
internal_value=-6.41946e-14 -6.14914e-07 -5.41264e-06 -1.20317e-06 -5.50686e-06 7.61721e-08 3.67467e-07 5.41211e-08 -4.27143e-06 5.57587e-07 1.17716e-07 -3.03914e-07 8.82214e-07
internal_weight=850 826 104 71 50 722 702 681 71 610 590 561 49
internal_count=850 826 104 71 50 722 702 681 71 610 590 561 49
is_linear=0
shrinkage=0.3


Tree=199
num_leaves=10
num_cat=0
split_feature=20 7 20 7 7 7 10 7 7
split_gain=6.0224e-08 2.23174e-08 1.41716e-08 2.05948e-08 2.6561e-08 3.02801e-08 3.8731e-08 2.02266e-08 2.29185e-08
threshold=0.014942500000000003 -0.019992392883661749 0.023690000000000006 -0.015149991776231329 -0.011642048488443107 -0.0075547135593042958 -0.030547663731011452 -0.0058880343395166486 -0.0039215126240647871
decision_type=2 2 2 2 2 2 2 2 2
left_child=-1 -2 -3 -4 -5 6 -6 -7 -9
right_child=1 2 3 4 5 7 -8 8 -10
leaf_value=1.4814297526299924e-05 -9.4447946935360964e-06 6.2365414287768311e-06 7.8906385169830163e-06 -8.8902591835699897e-06 1.6623317443580682e-05 -7.660473390903979e-06 -2.9382431421254296e-07 5.1331506682572579e-06 -1.0335793226920586e-06
leaf_weight=24 24 30 26 34 21 37 29 60 565
leaf_count=24 24 30 26 34 21 37 29 60 565
internal_value=8.06633e-14 -4.3044e-07 -1.60683e-07 -4.0928e-07 -6.98553e-07 -3.07376e-07 6.81138e-06 -8.45047e-07 -4.41573e-07
internal_weight=850 826 802 772 746 712 50 662 625
internal_count=850 826 802 772 746 712 50 662 625
is_linear=0
shrinkage=0.3


Tree=200
num_leaves=17
num_cat=0
split_feature=21 20 19 15 18 18 4 25 18 7 6 7 25 4 4 19
split_gain=6.56121e-08 2.35133e-07 3.46986e-08 1.81644e-08 2.93506e-08 3.2139e-08 1.49902e-08 5.19179e-08 4.98995e-08 2.45752e-08 3.76886e-08 4.31154e-08 3.46953e-08 6.05114e-08 4.30375e-08 1.2548e-08
threshold=0.022918000000000004 0.015682500000000005 -0.85957799999999984 0.011571927789720738 0.43411934898233112 -0.18206518387635046 6163450.0000000009 0.45000000000000007 -0.60539267703546584 -0.0064569259931427153 -0.003328919692826044 -0.0093786118044131284 0.29166650000000005 9156600.0000000019 8517400.0000000019 0.082383500000000012
decision_type=2 2 2 2 2 2 2 2 2 2 2 2 2 2 2 2
left_child=-1 -2 -3 6 5 -5 7 8 -4 10 -8 -12 14 -14 -11 -7
right_child=1 2 3 4 -6 15 9 -9 -10 12 11 -13 13 -15 -16 -17
leaf_value=-1.5462798336329795e-05 3.1048131144085674e-05 -1.1872470692315286e-05 1.0582169031956503e-06 -8.9106424202327613e-06 -1.1313474517749001e-05 9.8612659209201031e-06 -3.3425800785685005e-06 5.5806624647760016e-06 -1.8189283592720232e-05 8.6218164090366502e-06 4.5429157641560126e-06 2.0530804127929515e-05 -1.3123601914750386e-05 -2.1178661640927234e-07 7.6607810501316204e-08 -2.8162605659694552e-07
leaf_weight=24 22 23 22 25 32 21 35 35 27 70 63 20 42 147 219 23
leaf_count=24 22 23 22 25 32 21 35 35 27 70 63 20 42 147 219 23
internal_value=-4.78544e-14 4.49282e-07 -3.88e-07 -4.97887e-08 -3.80384e-06 -3.21114e-07 5.07799e-07 -3.24413e-06 -9.54755e-06 1.03659e-06 4.91381e-06 8.39542e-06 7.94568e-08 -3.08108e-06 2.14638e-06 4.5593e-06
internal_weight=850 826 804 781 101 69 680 84 49 596 118 83 478 189 289 44
internal_count=850 826 804 781 101 69 680 84 49 596 118 83 478 189 289 44
is_linear=0
shrinkage=0.3


Tree=201
num_leaves=13
num_cat=0
split_feature=21 20 21 14 18 15 14 4 15 5 19 6
split_gain=7.79119e-08 1.10769e-07 1.22214e-08 1.20806e-08 1.65173e-08 1.80997e-08 3.57515e-08 5.64975e-08 3.26429e-08 2.79059e-08 3.84332e-08 2.56014e-08
threshold=0.023222500000000004 0.015682500000000005 0.92013400000000012 0.034323622111947526 1.0419838623646347 -0.0036630001440991081 0.014471115475654281 10291150.000000002 -0.0077973818601375653 0.0021785932658079485 -0.23783399999999996 0.0039447901830927728
decision_type=2 2 2 2 2 2 2 2 2 2 2 2
left_child=-1 -2 3 4 5 6 7 -3 -8 10 -7 -11
right_child=1 2 -4 -5 -6 9 8 -9 -10 11 -12 -13
leaf_value=1.55621857386125e-05 -2.2038118905446221e-05 1.5309779337951292e-05 -6.6338345021677014e-06 -5.1270470445767076e-06 7.6478509462114218e-06 -1.105775210925972e-05 3.113097620968119e-06 -5.4934260966230957e-09 -6.6583195534803959e-06 3.2478465817114962e-06 -1.2581261413820438e-06 -2.7295050110544913e-06
leaf_weight=28 21 41 24 36 28 46 80 46 50 185 166 99
leaf_count=28 21 41 24 36 28 46 80 46 50 185 166 99
internal_value=-2.26003e-14 -5.30099e-07 3.37819e-08 2.39731e-07 5.00466e-07 2.19783e-07 2.50498e-06 7.21205e-06 -6.4514e-07 -7.7999e-07 -3.38446e-06 1.16419e-06
internal_weight=850 822 801 777 741 713 217 87 130 496 212 284
internal_count=850 822 801 777 741 713 217 87 130 496 212 284
is_linear=0
shrinkage=0.3


Tree=202
num_leaves=14
num_cat=0
split_feature=21 20 5 16 16 9 9 18 21 21 6 18 10
split_gain=6.58654e-08 1.88297e-07 2.99205e-08 1.18867e-08 4.80818e-08 3.38712e-08 4.96179e-08 3.052e-08 3.82838e-08 5.75443e-08 2.82388e-08 2.61446e-08 1.89609e-08
threshold=0.022918000000000004 0.015682500000000005 -0.016858247888690687 0.0018165301946878887 0.0018867456009074898 0.0086914713796996095 0.0098718667688490521 -0.30761449741770258 0.79274450000000007 0.57612900000000011 0.003120175165727491 -0.59536357454283872 -1.5261312264283651
decision_type=2 2 2 2 2 2 2 2 2 2 2 2 2
left_child=-1 -2 -3 7 -5 -6 -7 11 9 10 -9 -4 -8
right_child=1 2 3 4 5 6 12 8 -10 -11 -12 -13 -14
leaf_value=-1.549261382933764e-05 2.7832395373521155e-05 -8.5158670308852664e-06 -1.3605767110545585e-06 1.4925468752023464e-05 9.7499047875260203e-06 -1.4590744889630969e-05 7.3626156989803343e-06 -2.9286269566980011e-06 1.1690665004690263e-05 -1.6273664008232508e-05 6.1497244304826593e-06 -1.6159329224633851e-05 -1.9795565195914769e-07
leaf_weight=24 22 38 21 21 32 21 32 78 22 21 51 22 445
leaf_count=24 22 38 21 21 32 21 32 78 22 21 51 22 445
internal_value=-1.63709e-14 4.50149e-07 -2.99117e-07 1.08503e-07 8.46714e-07 2.88877e-07 -3.19061e-07 -1.78338e-06 3.78331e-09 -1.71029e-06 6.60489e-07 -8.93203e-06 3.09252e-07
internal_weight=850 826 804 766 551 530 498 215 172 150 129 43 477
internal_count=850 826 804 766 551 530 498 215 172 150 129 43 477
is_linear=0
shrinkage=0.3


Tree=203
num_leaves=11
num_cat=0
split_feature=21 20 22 22 22 22 22 11 8 18
split_gain=6.95547e-08 1.29723e-07 1.05069e-08 2.48437e-08 2.14225e-08 2.28911e-08 3.3494e-08 2.28744e-08 2.11201e-08 2.06563e-08
threshold=0.023222500000000004 0.015682500000000005 0.57166900000000009 0.50174950000000007 0.48501100000000003 0.46958150000000004 0.44883250000000008 49.397560041849218 1.0000000180025095e-35 0.11796603117400258
decision_type=2 2 2 2 2 2 2 2 2 2
left_child=-1 -2 3 4 5 6 7 -3 -4 -10
right_child=1 2 8 -5 -6 -7 -8 -9 9 -11
leaf_value=1.4703882912466983e-05 -2.3776401686908295e-05 2.4092364474093129e-06 -2.3317203254248997e-06 -9.2093522615262682e-06 9.5023104384901132e-06 -9.5286974140870598e-06 1.1606672242950562e-05 -1.5390911877077074e-06 2.118090863880504e-06 1.3985614410475218e-05
leaf_weight=28 21 192 38 27 21 23 22 423 33 22
leaf_count=28 21 192 38 27 21 23 22 423 33 22
internal_value=1.3843e-14 -5.00862e-07 1.09358e-07 -2.84434e-07 6.94172e-08 -2.3072e-07 1.04999e-07 -3.06443e-07 3.10726e-06 6.8651e-06
internal_weight=850 822 801 708 681 660 637 615 93 55
internal_count=850 822 801 708 681 660 637 615 93 55
is_linear=0
shrinkage=0.3


Tree=204
num_leaves=21
num_cat=0
split_feature=21 20 20 16 16 10 15 15 23 9 29 10 9 9 7 7 22 20 26 26
split_gain=6.38688e-08 1.65195e-07 2.79028e-08 1.25328e-08 3.63662e-08 2.00124e-08 4.69363e-08 2.54173e-08 1.9775e-08 1.71979e-08 3.19842e-08 3.44147e-08 2.08471e-08 1.94331e-08 3.21599e-08 2.87126e-08 5.44474e-08 4.26629e-08 2.61978e-08 1.47169e-08
threshold=0.022918000000000004 0.015682500000000005 0.023083000000000003 0.0059230009973895385 0.0060667345244161007 -1.1798547289950252 0.0015814206009796613 0.0034334756219757886 0.77500000000000013 0.010610055175999264 1.5000000000000002 0.29395028060967104 0.0088641092784974857 0.025118626560862608 0.0060195912989635331 -0.0017528754930017968 0.33521450000000003 0.14962800000000001 0.49706650000000008 0.57886250000000017
decision_type=2 2 2 2 2 2 2 2 2 2 2 2 2 2 2 2 2 2 2 2
left_child=-1 -2 -3 9 -5 -6 8 -8 -7 10 12 -12 -4 15 18 16 -11 -17 -15 -16
right_child=1 2 3 4 5 6 7 -9 -10 13 11 -13 -14 14 19 17 -18 -19 -20 -21
leaf_value=-1.5255994830454256e-05 2.6090866721130046e-05 -1.1050179633847228e-05 1.5570157055273221e-05 1.4212627183951554e-05 -6.8018553097064996e-06 1.1997220518164146e-05 -1.1928719956131316e-05 2.5817308365975492e-07 1.3405269351096648e-06 -1.0273770154805623e-05 -1.1859087708216976e-05 5.3355002406037371e-06 2.8615777444848878e-06 -3.2536259947267933e-07 1.0406517674255156e-06 -6.6493302638785208e-06 2.6511846584753584e-06 2.0121751842290934e-06 1.1159637744220583e-05 -1.0468130250842478e-05
leaf_weight=24 22 21 21 20 27 42 20 67 25 88 20 22 26 33 20 72 44 177 39 20
leaf_count=24 22 21 21 20 27 42 20 67 25 88 20 22 26 33 20 72 44 177 39 20
internal_value=-1.20675e-14 4.43273e-07 -2.58526e-07 3.09049e-08 2.07324e-06 7.31876e-07 2.05272e-06 -2.54341e-06 8.02084e-06 -6.74439e-07 3.16375e-06 -2.8524e-06 8.53988e-06 -1.36734e-06 2.1066e-06 -2.38855e-06 -5.96545e-06 -4.92357e-07 5.89568e-06 -4.71374e-06
internal_weight=850 826 804 783 201 181 154 87 67 582 89 42 47 493 112 381 132 249 72 40
internal_count=850 826 804 783 201 181 154 87 67 582 89 42 47 493 112 381 132 249 72 40
is_linear=0
shrinkage=0.3


Tree=205
num_leaves=19
num_cat=0
split_feature=21 20 7 8 10 7 25 13 13 6 13 22 13 29 7 4 17 10
split_gain=6.4597e-08 1.37786e-07 1.0925e-08 2.35521e-08 2.38187e-08 1.97454e-08 1.73803e-08 3.0359e-08 2.69002e-08 2.52179e-08 2.44504e-08 2.44133e-08 4.38711e-08 5.2631e-08 3.1147e-08 5.77516e-08 2.89809e-08 2.5088e-08
threshold=0.023222500000000004 0.015682500000000005 -0.01342357719755587 -0.014757629954985323 0.68578554212961595 -0.011642048488443107 0.52777800000000019 0.01594273064759261 0.01367619960307187 0.0044328936750714885 0.017775726153204208 0.13047800000000001 0.014949133058369835 1.5000000000000002 -0.0039215126240647871 11854650.000000002 0.0017376605094357965 1.1172973642351789
decision_type=2 2 2 2 2 2 2 2 2 2 2 2 2 2 2 2 2 2
left_child=-1 -2 3 -3 -5 -4 11 8 -8 10 -9 14 13 -13 15 -7 -14 -16
right_child=1 2 5 4 -6 6 7 9 -10 -11 -12 12 16 -15 17 -17 -18 -19
leaf_value=1.4170166017330691e-05 -2.4470741313312569e-05 1.2445256246564896e-05 -9.0248519313718127e-06 -7.5213725176581648e-06 6.9446085019210702e-06 1.5923756350844087e-05 1.7976656181417638e-06 -1.245479876843092e-05 1.5725765229582031e-05 7.5159421157877659e-06 9.9927401826731035e-07 -2.0995609798723576e-05 6.7428903344080024e-06 -3.4194579357730336e-06 -2.7336699896807202e-06 -3.1113599281805081e-06 -2.428122604546052e-06 2.9012262592331695e-06
leaf_weight=28 21 20 22 20 21 32 24 20 26 24 31 23 40 46 160 26 138 128
leaf_count=28 21 20 22 20 21 32 24 20 26 24 31 23 40 46 160 26 138 128
internal_value=4.44131e-15 -4.82682e-07 1.46218e-07 4.00515e-06 -1.11968e-07 -1.71883e-07 9.93777e-08 3.31422e-06 9.04028e-06 -5.03145e-07 -4.27683e-06 -5.78288e-07 -2.85652e-06 -9.27818e-06 1.04808e-06 7.39077e-06 -3.67221e-07 -2.29272e-07
internal_weight=850 822 801 61 41 740 718 125 50 75 51 593 247 69 346 58 178 288
internal_count=850 822 801 61 41 740 718 125 50 75 51 593 247 69 346 58 178 288
is_linear=0
shrinkage=0.3


Tree=206
num_leaves=15
num_cat=0
split_feature=21 20 27 13 8 16 8 8 8 11 17 16 7 13
split_gain=6.11704e-08 1.52521e-07 2.86344e-08 1.03643e-08 3.73884e-08 1.70367e-08 1.52583e-08 6.61765e-08 2.79936e-08 2.02798e-08 1.9089e-08 1.66372e-08 4.33094e-08 3.03391e-08
threshold=0.022918000000000004 0.015682500000000005 0.94628400000000013 0.012491296631101727 0.034744983495637462 0.0028800190782734534 0.052715639558088979 0.057775256886614154 0.049747125558285359 66.464923069679585 0.0031775728065777989 0.0035524057663600473 0.0075472565341073205 0.014533331582945062
decision_type=2 2 2 2 2 2 2 2 2 2 2 2 2 2
left_child=-1 -2 3 4 5 -3 8 -8 11 -9 -11 12 -5 -13
right_child=1 2 -4 6 -6 -7 7 9 -10 10 -12 13 -14 -15
leaf_value=-1.4930245957245347e-05 2.5077906483064989e-05 -7.4159545629218623e-06 -9.4957950703497635e-06 4.1256538114904173e-06 1.4129536897858737e-05 4.6683017022327734e-06 -1.8055283175561436e-05 6.6944779440557886e-06 1.1569283163908039e-05 -6.609983963699051e-06 1.1117464583442008e-06 -7.8521735816756737e-06 -6.2683642096317266e-06 6.968806221468387e-08
leaf_weight=24 22 21 29 182 21 21 22 29 20 50 68 53 45 243
leaf_count=24 22 21 29 182 21 21 22 29 20 50 68 53 45 243
internal_value=6.72591e-15 4.33809e-07 -2.40532e-07 1.05794e-07 3.79396e-06 -1.37383e-06 -2.20547e-07 -2.70992e-06 5.54231e-07 -4.13337e-07 -2.16017e-06 1.33005e-07 2.06517e-06 -1.34875e-06
internal_weight=850 826 804 775 63 42 712 169 543 147 118 523 227 296
internal_count=850 826 804 775 63 42 712 169 543 147 118 523 227 296
is_linear=0
shrinkage=0.3


Tree=207
num_leaves=15
num_cat=0
split_feature=21 20 26 15 15 18 5 5 4 25 14 13 16 9
split_gain=6.12205e-08 1.40035e-07 1.07636e-08 7.59995e-09 2.58198e-08 1.97847e-08 1.57122e-08 1.56586e-08 1.54799e-08 3.9859e-08 2.00677e-08 1.45429e-08 2.1608e-08 1.06699e-08
threshold=0.023222500000000004 0.015682500000000005 0.92835300000000009 0.0086207019694488456 0.007398341023091815 0.52438177149806298 0.0088399830992716456 0.011732587828550233 6163450.0000000009 0.45000000000000007 0.019125449294548406 0.017437465341033295 0.0038722168088410809 0.014658038401101607
decision_type=2 2 2 2 2 2 2 2 2 2 2 2 2 2
left_child=-1 -2 3 4 6 7 8 13 9 -3 -10 12 -9 -5
right_child=1 2 -4 5 -6 -7 -8 11 10 -11 -12 -13 -14 -15
leaf_value=1.3794850419149692e-05 -2.4652890598580205e-05 -9.8704935120557423e-06 7.0362777091759188e-06 1.3671003580384422e-06 9.049040229456296e-06 -8.1600012427835672e-06 -8.2378059641996501e-06 -3.8305751616007909e-07 -5.9893269605567613e-08 3.8374118678266964e-06 4.6138373095670558e-06 -1.9182764829524372e-06 1.3562262388973067e-05 -7.4659962265855029e-06
leaf_weight=28 21 42 20 20 30 35 20 20 389 35 105 33 20 32
leaf_count=28 21 42 20 20 30 35 20 20 389 35 105 33 20 32
internal_value=-7.95574e-14 -4.69898e-07 1.64113e-07 -1.18703e-08 4.63153e-07 -1.85556e-06 2.73215e-08 -9.03112e-08 3.16818e-07 -3.63963e-06 9.33511e-07 2.74357e-06 6.5896e-06 -4.06865e-06
internal_weight=850 822 801 781 621 160 591 125 571 77 494 73 40 52
internal_count=850 822 801 781 621 160 591 125 571 77 494 73 40 52
is_linear=0
shrinkage=0.3


Tree=208
num_leaves=15
num_cat=0
split_feature=18 15 20 16 27 12 12 22 12 2 29 14 27 9
split_gain=5.86468e-08 3.17164e-07 2.71034e-07 6.02595e-08 2.22156e-08 1.8123e-08 2.10483e-08 4.38812e-08 2.75925e-08 1.93891e-08 2.43847e-08 1.61203e-08 2.53729e-08 1.7657e-08
threshold=0.66757328690076101 0.010871017042149116 0.014942500000000003 0.0069626336155175295 0.80394450000000017 -0.0037300346828197128 -0.0023563906800071932 0.13480750000000005 -0.0020548052832879945 3.8531783119170053 1.5000000000000002 0.006549527629274376 0.54319200000000012 0.017668638467838678
decision_type=2 2 2 2 2 2 2 2 2 2 2 2 2 2
left_child=2 3 -1 4 -2 9 7 -7 -8 -4 -11 -10 -13 -14
right_child=1 -3 5 -5 -6 6 8 -9 11 10 -12 12 13 -15
leaf_value=-3.4520247520829016e-05 1.015866581204656e-05 3.6906285620830198e-05 2.9543713604983746e-06 -1.6731194808699001e-05 -2.0580428308430538e-06 1.6958613767721023e-05 -9.9579092761814533e-06 -5.0983284329329486e-08 -7.9408486621446165e-06 -8.3732606412922897e-07 -1.4098204453952908e-05 1.0269067098533924e-05 -1.096075633847279e-06 2.4626881832183411e-06
leaf_weight=21 21 24 22 20 37 21 24 39 20 24 26 24 321 206
leaf_count=21 21 24 22 20 37 21 24 39 20 24 26 24 321 206
internal_value=3.46991e-14 6.74815e-06 -9.20202e-07 -2.53128e-06 2.36525e-06 5.0363e-08 5.46972e-07 5.90238e-06 6.9316e-09 -4.4674e-06 -7.73298e-06 4.25769e-07 7.29458e-07 2.95016e-07
internal_weight=850 102 748 78 58 727 655 60 595 72 50 571 551 527
internal_count=850 102 748 78 58 727 655 60 595 72 50 571 551 527
is_linear=0
shrinkage=0.3


Tree=209
num_leaves=15
num_cat=0
split_feature=20 18 17 21 15 18 21 21 18 6 6 21 22 18
split_gain=5.43007e-08 3.56116e-08 1.27449e-08 2.858e-08 1.64517e-08 2.38983e-08 1.78498e-08 2.95864e-08 2.41479e-08 1.6916e-08 2.88412e-08 2.75173e-08 1.39652e-08 2.20624e-08
threshold=0.014942500000000003 1.1476247267030459 0.0099801892811698083 0.25559500000000007 0.011571927789720738 0.43411934898233112 0.03208600000000001 0.036424500000000005 0.02344828777612255 0.0058141801750607744 0.0052266517208669986 0.18462350000000002 0.09414500000000002 -0.11596188904861901
decision_type=2 2 2 2 2 2 2 2 2 2 2 2 2 2
left_child=-1 2 4 -4 6 12 8 -8 -2 10 -9 -11 -6 -14
right_child=1 -3 3 -5 5 -7 7 9 -10 11 -12 -13 13 -15
leaf_value=1.406692167051915e-05 -1.1384844426882207e-05 -1.1795699197136854e-05 1.2070551366605286e-05 -2.0375859682936995e-06 5.3160504099025727e-06 -1.2531460747002553e-05 1.1925963736985068e-05 -2.0853098255810497e-07 2.0046921566642013e-06 -2.3856649818299045e-06 -1.1602827882078209e-05 5.966325584642956e-06 -1.05118352613065e-05 2.4906626717695514e-06
leaf_weight=24 27 24 24 28 20 23 20 417 22 56 21 97 24 23
leaf_count=24 27 24 24 28 20 23 20 417 22 56 21 97 24 23
internal_value=1.33904e-14 -4.08724e-07 -6.79667e-08 4.47386e-06 -3.82867e-07 -4.18779e-06 1.35987e-07 5.77805e-07 -5.37322e-06 1.93772e-07 -7.54833e-07 2.90939e-06 -1.32355e-06 -4.14891e-06
internal_weight=850 826 802 52 750 90 660 611 49 591 438 153 67 47
internal_count=850 826 802 52 750 90 660 611 49 591 438 153 67 47
is_linear=0
shrinkage=0.3


Tree=210
num_leaves=14
num_cat=0
split_feature=7 7 20 6 11 10 20 15 7 3 3 17 21
split_gain=4.92644e-08 4.02969e-07 1.70777e-07 1.25155e-07 3.87714e-08 2.20781e-08 1.97548e-08 1.32745e-08 1.28402e-08 3.36782e-08 1.48278e-08 1.65319e-08 1.74544e-08
threshold=-0.0098816215025511345 -0.011890775432913303 0.015682500000000005 0.010772220527041224 42.722904603335685 0.5494522493406766 0.023690000000000006 0.01870951007315216 -0.0058880343395166486 4.2379755973815927 6.4306545257568368 0.010610077804864592 0.40894900000000006
decision_type=2 2 2 2 2 2 2 2 2 2 2 2 2
left_child=1 3 -2 4 -1 -6 -4 8 9 -8 11 12 -10
right_child=2 -3 6 -5 5 -7 7 -9 10 -11 -12 -13 -14
leaf_value=1.3699478338160341e-05 -2.6912268421338839e-05 4.329497843278724e-05 8.3828341303160411e-06 -2.3164226607670048e-05 -8.771601426360575e-06 4.5480510127759994e-06 -1.1490726233205349e-05 -6.3393826156499241e-06 -9.778039134147737e-07 2.0353421307989977e-06 -6.5100837976691155e-06 8.0750580733680323e-06 2.541209331729087e-06
leaf_weight=22 22 21 24 21 21 24 30 32 341 37 27 26 202
leaf_count=22 22 21 24 21 21 24 30 32 341 37 27 26 202
internal_value=5.41484e-14 5.9549e-06 -8.75957e-07 -2.9558e-06 3.37818e-06 -1.66779e-06 -7.92962e-08 -3.71514e-07 -8.34717e-08 -4.02111e-06 3.59182e-07 6.8514e-07 3.31295e-07
internal_weight=850 109 741 88 67 45 719 695 663 67 596 569 543
internal_count=850 109 741 88 67 45 719 695 663 67 596 569 543
is_linear=0
shrinkage=0.3


Tree=211
num_leaves=21
num_cat=0
split_feature=20 21 18 18 22 27 12 17 26 7 21 14 7 27 1 14 7 12 14 12
split_gain=6.40169e-08 2.25844e-08 1.22985e-08 2.73212e-08 3.15022e-08 2.7976e-08 4.12309e-08 2.44424e-08 2.3593e-08 2.35822e-08 3.28347e-08 2.40001e-08 2.37316e-08 2.37769e-08 3.37893e-08 3.36025e-08 3.14214e-08 2.3017e-08 1.94956e-08 1.7636e-08
threshold=0.015682500000000005 0.023769000000000002 -0.13630749574888443 -0.15452004887836998 0.013838500000000002 0.70903200000000011 -0.0023563906800071932 0.0017256251200491025 0.39655500000000005 0.010772220527041224 0.40894900000000006 0.015682864780358019 0.0074130201182371408 0.79668250000000007 4.0089289274346305 0.010020118525631111 0.0034571707206944263 -0.0014442235935628333 0.012462934563785485 -0.0040586289289935478
decision_type=2 2 2 2 2 2 2 2 2 2 2 2 2 2 2 2 2 2 2 2
left_child=-1 -2 3 4 18 8 19 -8 -6 12 11 -11 13 14 -4 -15 -17 -16 -3 -7
right_child=1 2 9 -5 5 6 7 -9 -10 10 -12 -13 -14 15 17 16 -18 -19 -20 -21
leaf_value=1.4106389396926845e-05 -9.547967923140276e-06 -1.3361442572865845e-05 -6.3399269436104076e-06 1.115765183425063e-05 1.0077638062084052e-06 5.2168554157105977e-06 -5.8985728056930899e-06 3.0116373669183564e-06 -1.1132536846162112e-05 6.933911903875663e-06 1.175366114044404e-05 -6.1182192922615284e-06 -1.0011598332226868e-05 5.1650367822730914e-06 -3.1870015896452564e-06 -7.0995019653340213e-06 2.9291397439530034e-06 7.0100818091807581e-06 -4.1984100334957475e-07 1.7525762529079324e-05
leaf_weight=28 24 22 36 23 34 20 35 133 25 21 28 32 32 34 27 143 35 76 20 22
leaf_count=28 24 22 36 23 34 20 35 133 25 21 28 32 32 34 27 143 35 76 20 22
internal_value=-8.77428e-14 -4.8051e-07 -2.07804e-07 1.18033e-06 4.42455e-07 1.63551e-06 3.25715e-06 1.15534e-06 -4.13643e-06 -1.20702e-06 3.4436e-06 -9.4662e-07 -2.19057e-06 -1.47754e-06 1.5718e-06 -3.47688e-06 -5.12758e-06 4.33706e-06 -7.19878e-06 1.16644e-05
internal_weight=850 822 798 334 311 269 210 168 59 464 81 53 383 351 139 212 178 103 42 42
internal_count=850 822 798 334 311 269 210 168 59 464 81 53 383 351 139 212 178 103 42 42
is_linear=0
shrinkage=0.3


Tree=212
num_leaves=17
num_cat=0
split_feature=18 18 20 4 20 18 7 7 18 7 27 27 14 1 18 8
split_gain=4.83039e-08 2.57295e-07 1.61676e-07 4.36515e-08 5.15967e-08 1.2649e-08 1.12521e-08 1.9734e-08 3.11653e-08 2.58092e-08 1.82259e-08 2.98992e-08 2.03683e-08 1.65771e-08 1.97615e-08 1.57595e-08
threshold=0.66757328690076101 0.79134265133729298 0.014942500000000003 27014250.000000004 0.23289000000000001 0.57129296719625999 -0.016154379392447515 -0.0088439266464408039 0.15432869072163505 -0.011890775432913303 0.87826900000000008 0.86805500000000013 0.014911462289355902 4.5978845107816815 -0.083118115229976072 0.037024879486233515
decision_type=2 2 2 2 2 2 2 2 2 2 2 2 2 2 2 2
left_child=2 -2 -1 4 -3 6 -4 8 9 -8 11 12 -9 14 -12 -15
right_child=1 3 5 -5 -6 -7 7 10 -10 -11 13 -13 -14 15 -16 -17
leaf_value=-2.6785967250069527e-05 3.5715972295033026e-05 -1.8343377585097188e-05 5.1665682032140272e-06 9.1850603098464479e-06 5.6933747109232593e-07 -6.8581089152530687e-06 -3.1628447802544405e-06 -2.088338958558722e-06 4.5525172989105806e-06 -1.7497464842151088e-05 -3.387201910359703e-06 -1.0826206881120016e-05 2.3999826328031062e-06 1.590318032123667e-06 4.6146390686504566e-06 9.4506351835832457e-06
leaf_weight=21 21 20 38 24 37 24 26 206 21 20 61 25 163 44 51 48
leaf_count=21 21 20 38 24 37 24 26 206 21 20 61 25 163 44 51 48
internal_value=-2.51407e-15 6.12426e-06 -8.35127e-07 -1.54766e-06 -6.0667e-06 -8.55151e-08 1.45697e-07 -1.4121e-07 -5.02359e-06 -9.39529e-06 4.05813e-07 -7.85928e-07 -1.05693e-07 2.70751e-06 2.56494e-07 5.69135e-06
internal_weight=850 102 748 81 57 727 703 665 67 46 598 394 369 204 112 92
internal_count=850 102 748 81 57 727 703 665 67 46 598 394 369 204 112 92
is_linear=0
shrinkage=0.3


Tree=213
num_leaves=16
num_cat=0
split_feature=20 18 18 13 3 4 27 5 10 13 12 12 17 13 19
split_gain=8.7841e-08 2.53328e-08 5.53687e-08 3.32887e-08 1.22706e-08 1.16318e-08 1.11638e-08 1.01836e-08 1.94319e-08 2.74458e-08 1.53583e-08 3.97738e-08 2.97235e-08 2.39826e-08 1.23929e-08
threshold=0.014942500000000003 0.63117412479119983 0.79134265133729298 0.018581663710849322 7.2355914115905771 17567450.000000004 0.94886950000000014 -0.009640940803765841 0.23623288910203569 0.016848880530074908 0.0032689158740170699 0.0026416031025550467 0.0070342887623636675 0.01594273064759261 0.31394150000000004
decision_type=2 2 2 2 2 2 2 2 2 2 2 2 2 2 2
left_child=-1 4 -3 5 6 -4 7 8 9 -2 11 12 -9 -12 -15
right_child=1 2 3 -5 -6 -7 -8 10 -10 -11 13 -13 -14 14 -16
leaf_value=1.7891423885885158e-05 -1.4983097941824651e-05 -1.6014890257040328e-05 -1.6095832625464738e-06 -9.7387661808170391e-06 -7.0204429058711478e-06 7.2946497135900794e-06 7.3251434537269232e-06 1.7621755260926273e-06 2.7869111554243697e-06 -5.2242477295294525e-07 -1.1367866946443428e-05 1.31384296281567e-05 -4.2891195100006979e-06 -3.166014705052379e-06 4.9966843938329057e-06
leaf_weight=24 21 29 23 25 21 31 20 388 31 27 23 24 90 47 26
leaf_count=24 21 29 23 25 21 31 20 388 31 27 23 24 90 47 26
internal_value=4.49698e-14 -5.19848e-07 -4.80359e-06 -6.88043e-07 1.24503e-07 3.50211e-06 3.39774e-07 1.33411e-07 -3.0678e-06 -6.84897e-06 5.56314e-07 1.22117e-06 6.2281e-07 -2.92031e-06 -2.58752e-07
internal_weight=850 826 108 79 718 54 697 677 79 48 598 502 478 96 73
internal_count=850 826 108 79 718 54 697 677 79 48 598 502 478 96 73
is_linear=0
shrinkage=0.3


Tree=214
num_leaves=23
num_cat=0
split_feature=21 18 20 26 10 4 27 27 6 26 17 19 7 7 18 21 6 27 13 6 9 6
split_gain=4.80261e-08 2.39947e-08 7.82357e-08 3.44916e-08 2.09079e-08 2.33431e-08 2.12854e-08 3.08162e-08 3.38617e-08 2.51319e-08 2.56615e-08 1.65588e-08 2.15493e-08 3.10326e-08 5.85578e-08 5.85647e-08 2.62077e-08 3.11602e-08 2.45998e-08 6.55601e-08 2.91018e-08 7.7428e-09
threshold=0.023222500000000004 0.059653674238691688 0.024322000000000003 0.92998350000000019 1.8750718898334748 6925400.0000000009 0.75937650000000012 0.79997900000000011 0.0077370360630367062 0.23122250000000003 0.0051768754311448924 0.87067000000000017 0.0051431284703012349 0.001719710632088032 -0.51039074682157248 0.26816150000000005 0.012085809626369846 0.78835900000000014 0.017550953311622215 1.0000000180025095e-35 0.021454583997341122 0.0076191281043502127
decision_type=2 2 2 2 2 2 2 2 2 2 2 2 2 2 2 2 2 2 2 2 2 2
left_child=-1 3 -3 11 5 -4 9 -8 -9 -7 -11 12 13 16 -15 -16 17 -2 19 -14 -20 -21
right_child=1 2 4 -5 -6 6 7 8 -10 10 -12 -13 18 14 15 -17 -18 -19 20 21 -22 -23
leaf_value=1.2218207845242952e-05 -5.5853298152196153e-06 -2.0486987364165542e-05 -1.0276396322055346e-05 1.2893224707763042e-05 -8.0160589950158588e-06 5.1480535505886237e-06 9.7972027845116824e-06 -1.7070435039000664e-06 9.7351941267983672e-06 -1.2153902263370193e-05 4.3054318484792016e-07 -7.3878828838696393e-06 -1.6747134778825057e-05 -4.4883525593572163e-06 3.5956634951617159e-06 2.6553945605769513e-05 7.9004278590918812e-06 2.3395048765451065e-06 8.978982368952184e-06 5.9791169280742912e-06 -4.1421641668648585e-06 -2.3686507194042858e-06
leaf_weight=28 73 20 20 21 36 21 37 138 28 35 25 23 30 21 20 20 38 115 29 20 32 20
leaf_count=28 73 20 20 21 36 21 37 138 28 35 25 23 30 21 20 20 38 115 29 20 32 20
internal_value=3.76922e-14 -4.16192e-07 -2.25236e-06 1.01459e-06 -1.17974e-06 -3.70171e-07 3.27451e-07 1.96803e-06 2.22972e-07 -3.78412e-06 -6.91038e-06 4.48939e-07 8.80152e-07 2.33543e-06 8.33995e-06 1.50748e-05 7.14736e-07 -7.37692e-07 -2.30812e-06 -6.14578e-06 2.09576e-06 1.80523e-06
internal_weight=850 822 360 462 340 304 284 203 166 81 60 441 418 287 61 40 226 188 131 70 61 40
internal_count=850 822 360 462 340 304 284 203 166 81 60 441 418 287 61 40 226 188 131 70 61 40
is_linear=0
shrinkage=0.3


Tree=215
num_leaves=16
num_cat=0
split_feature=21 20 27 10 5 10 5 8 10 18 14 8 3 8 12
split_gain=6.06533e-08 2.43547e-07 3.48682e-08 1.21944e-08 2.17863e-08 2.78536e-08 1.84722e-08 1.74333e-08 1.82058e-08 1.66268e-08 1.50349e-08 2.96892e-08 1.38967e-08 1.30853e-08 1.71247e-08
threshold=0.022918000000000004 0.015682500000000005 0.94628400000000013 1.2681797705826852 -0.0039215126240647871 1.4771998380272591 0.0015209755372358948 0.061588020723431898 0.98128827600445789 0.17759073090363228 0.025250970279746997 1.0000000180025095e-35 4.0122473239898691 0.053558678796444652 0.001395746753107546
decision_type=2 2 2 2 2 2 2 2 2 2 2 2 2 2 2
left_child=-1 -2 3 7 -5 9 -7 10 -9 -6 13 -12 -8 14 -3
right_child=1 2 -4 4 5 6 12 8 -10 -11 11 -13 -14 -15 -16
leaf_value=-1.4867006757413036e-05 3.1573434537015349e-05 2.0683145568658928e-07 -1.0633310373891462e-05 -9.9343651685204441e-06 -2.467311573184361e-06 9.0127659731820135e-06 -7.3262984960820175e-06 3.1099328086586153e-07 1.132787725105623e-05 -1.3493802927513344e-05 2.4845206894497094e-06 -1.3285557997733122e-05 1.4162207300002134e-06 -6.6714480518775025e-06 5.4117749779033511e-06
leaf_weight=24 22 377 29 27 32 24 20 27 27 20 22 21 90 21 67
leaf_count=24 22 377 29 27 32 24 20 27 27 20 22 21 90 21 67
internal_value=2.6911e-15 4.31971e-07 -4.20158e-07 -3.79889e-08 -1.97097e-06 -8.14999e-07 1.47194e-06 6.9462e-07 5.81944e-06 -6.70827e-06 1.49856e-07 -5.21715e-06 -1.73328e-07 6.46159e-07 9.92262e-07
internal_weight=850 826 804 775 213 186 134 562 54 52 508 43 110 465 444
internal_count=850 826 804 775 213 186 134 562 54 52 508 43 110 465 444
is_linear=0
shrinkage=0.3


Tree=216
num_leaves=23
num_cat=0
split_feature=18 21 20 16 27 21 4 4 18 4 21 14 18 13 26 13 4 20 7 24 1 16
split_gain=5.03038e-08 2.37165e-07 2.12497e-07 1.83114e-08 1.52051e-08 9.00429e-09 1.04683e-08 2.56711e-08 2.47448e-08 1.77339e-08 1.76518e-08 3.64559e-08 3.44651e-08 2.66094e-08 2.21589e-08 2.72587e-08 2.08464e-08 1.75091e-08 2.73442e-08 2.62897e-08 2.39767e-08 4.24405e-08
threshold=0.66757328690076101 0.049535000000000003 0.014942500000000003 0.0037523416909559207 0.84342000000000017 0.92013400000000012 8549050.0000000019 9594600.0000000019 -0.12245858695355545 7985650.0000000009 0.38318200000000008 0.010893235436624921 -0.030713479496232755 0.016302368884401241 0.60897150000000011 0.016166668696097893 12029000.000000002 0.37231000000000009 0.0064690493699614184 0.22500000000000003 3.9463185901039597 0.0019047600882393554
decision_type=2 2 2 2 2 2 2 2 2 2 2 2 2 2 2 2 2 2 2 2 2 2
left_child=2 -2 -1 -3 -5 6 9 8 -8 17 14 12 -12 -13 16 -16 -9 18 19 -4 -19 -22
right_child=1 3 5 4 -6 -7 7 10 -10 -11 11 13 -14 -15 15 -17 -18 20 -20 -21 21 -23
leaf_value=-3.0603423484925382e-05 3.5541008201960267e-05 -6.6446000199639159e-06 -9.5144149931704963e-06 -2.6818685328180431e-06 7.6801538044107401e-06 -5.8340385741619526e-06 -1.5309467866018167e-05 1.3933319464090995e-05 -8.8106628580767991e-07 8.0854306705597475e-06 -5.806267245134223e-07 6.3828420512176564e-06 -1.7442924781363443e-05 -3.1687205254067e-06 -3.8524537472390056e-06 3.1342734104100598e-06 2.8223384773892495e-06 -3.8897465620161355e-06 6.9068864427812571e-06 1.5925461294794814e-06 -2.4259087076381126e-06 1.3303887903691104e-05
leaf_weight=21 20 31 44 25 26 23 20 21 23 35 20 42 24 70 94 108 55 26 24 34 26 38
leaf_count=21 20 31 44 25 26 23 20 21 23 35 20 42 24 70 94 108 55 26 24 34 26 38
internal_value=-6.10874e-14 6.24975e-06 -8.52239e-07 -8.94455e-07 2.60073e-06 7.14855e-09 1.97983e-07 -6.0006e-07 -7.59195e-06 1.87493e-06 9.26853e-08 -2.46137e-06 -9.77824e-06 4.13115e-07 1.5259e-06 -1.16976e-07 5.89248e-06 7.42804e-07 -1.94826e-06 -4.67292e-06 3.79267e-06 6.91366e-06
internal_weight=850 102 748 82 51 727 704 477 43 227 434 156 44 112 278 202 76 192 102 78 90 64
internal_count=850 102 748 82 51 727 704 477 43 227 434 156 44 112 278 202 76 192 102 78 90 64
is_linear=0
shrinkage=0.3


Tree=217
num_leaves=17
num_cat=0
split_feature=21 20 12 9 7 7 12 12 16 9 26 25 22 3 6 14
split_gain=4.85831e-08 2.39025e-08 7.39562e-09 2.24299e-08 8.85683e-09 1.58994e-08 2.90204e-08 4.18559e-08 4.01195e-08 1.92138e-08 1.32232e-08 1.19552e-08 2.1243e-08 1.76522e-08 1.45989e-08 1.32007e-08
threshold=0.023222500000000004 0.015682500000000005 -0.0049580232566320678 0.023641476455702196 -0.01342357719755587 -0.0053007480086444238 0.00031579217173138477 -0.0012284407885641503 0.0048485634400579104 0.018790761180716858 0.48346500000000009 0.52777800000000019 0.46958150000000004 4.1868395805358896 0.0048918632357554791 0.011150113614017536
decision_type=2 2 2 2 2 2 2 2 2 2 2 2 2 2 2 2
left_child=-1 -2 3 -3 10 6 7 8 -6 -8 -4 12 14 -13 -7 -15
right_child=1 2 4 -5 5 11 9 -9 -10 -11 -12 13 -14 15 -16 -17
leaf_value=1.2288845502033448e-05 -1.0409703333737396e-05 9.9653510005737179e-06 -2.4240295334720937e-06 -2.8744160599671883e-06 -1.0896722748441333e-05 1.165551748565123e-06 9.0800380974087602e-06 -1.5888640410271509e-05 7.8776854759813164e-06 -3.634002279756279e-06 7.6030231929476505e-06 -2.0604240109360733e-06 -7.3616505128134466e-06 1.2429295719584842e-05 -2.451478975046565e-06 3.0649930189546076e-06
leaf_weight=28 21 24 20 25 20 296 20 31 21 23 29 39 39 20 152 42
leaf_count=28 21 24 20 25 20 296 20 31 21 23 29 39 39 20 152 42
internal_value=3.93423e-14 -4.18598e-07 -1.56659e-07 3.41445e-06 -3.89351e-07 -6.61165e-07 -3.88724e-06 -7.57015e-06 -1.28056e-06 2.2795e-06 3.51035e-06 -3.02156e-08 -6.46254e-07 2.94019e-06 -6.16551e-08 6.08574e-06
internal_weight=850 822 801 49 752 703 115 72 41 43 49 588 487 101 448 62
internal_count=850 822 801 49 752 703 115 72 41 43 49 588 487 101 448 62
is_linear=0
shrinkage=0.3


Tree=218
num_leaves=20
num_cat=0
split_feature=20 26 2 3 4 7 25 25 3 19 1 0 3 15 0 2 2 6 21
split_gain=5.76459e-08 4.54626e-08 1.0663e-08 2.84917e-08 1.76395e-08 1.61649e-08 2.0419e-08 1.65739e-08 1.26876e-08 1.16318e-08 2.93742e-08 2.35959e-08 2.9982e-08 1.5574e-08 1.25414e-08 3.53778e-08 1.18827e-08 9.33879e-09 7.77769e-09
threshold=0.014942500000000003 0.93458300000000005 3.9540802067945173 3.9463185071945195 4910900.0000000009 -0.005730575985570586 0.36666650000000006 0.90000000000000013 3.6769366264343266 0.7058525000000001 4.0806735439861255 4.6372801933995556 4.9521276950836191 0.0018957344154322678 4.2274771261887176 4.1385030094439497 4.248671372553277 0.0020902138856802089 0.34791400000000006
decision_type=2 2 2 2 2 2 2 2 2 2 2 2 2 2 2 2 2 2 2
left_child=-1 2 3 5 -4 18 8 -8 17 10 -6 13 -13 -11 15 -12 -16 -7 -2
right_child=1 -3 4 -5 9 6 7 -9 -10 11 14 12 -14 -15 16 -17 -18 -19 -20
leaf_value=1.4493738433429826e-05 -8.0750295743971794e-06 -1.4550113492077797e-05 -8.9887223850837472e-06 1.2661556622788339e-05 -9.3378535237726678e-06 -2.2322017527373011e-06 1.1911536594563389e-05 6.0421724413117772e-07 -7.2555030101284499e-06 1.2774943948556939e-05 -4.9769999225557714e-07 -1.037375822286115e-05 3.5425492674341125e-06 2.1771683437831456e-06 -6.0093838949517066e-06 1.4012802912475307e-05 -4.8395190739188824e-07 6.6316365314378345e-06 1.4099550753599032e-08
leaf_weight=24 23 20 22 20 35 23 28 20 20 24 62 22 38 26 39 20 344 20 20
leaf_count=24 23 20 22 20 35 23 28 20 20 24 62 22 38 26 39 20 344 20 20
internal_value=-1.96386e-14 -4.21126e-07 -7.05304e-08 2.00906e-06 -6.43076e-07 6.25621e-07 2.53864e-06 7.20015e-06 -1.01298e-06 -3.42086e-07 -9.56543e-07 2.4509e-06 -1.5601e-06 7.2641e-06 -3.25692e-07 3.04145e-06 -1.04659e-06 1.89051e-06 -4.31264e-06
internal_weight=850 826 806 174 632 154 111 48 63 610 500 110 60 50 465 82 383 43 43
internal_count=850 826 806 174 632 154 111 48 63 610 500 110 60 50 465 82 383 43 43
is_linear=0
shrinkage=0.3


Tree=219
num_leaves=12
num_cat=0
split_feature=21 20 21 19 15 22 5 14 14 18 18
split_gain=4.82273e-08 1.76965e-07 2.24954e-08 9.52151e-09 5.51831e-09 1.31867e-08 1.32863e-08 2.05939e-08 1.61235e-08 7.2661e-09 1.07023e-08
threshold=0.022918000000000004 0.015682500000000005 0.028477000000000006 -0.7581969999999999 0.011571927789720738 0.71930450000000012 0.0017392520238691659 0.0076190403529575127 0.0078003808132199063 0.40960279165992169 -0.18206518387635046
decision_type=2 2 2 2 2 2 2 2 2 2 2
left_child=-1 -2 -3 -4 5 6 8 -8 -5 10 -6
right_child=1 2 3 4 9 -7 7 -9 -10 -11 -12
leaf_value=-1.3256924728466403e-05 2.6930767952845515e-05 -8.6951356865126515e-06 5.8425420263574777e-06 -6.7555109654750667e-06 -5.3202302095769481e-06 -7.4994941678596661e-06 1.1232869375987775e-05 1.2082543065931645e-06 -1.6196049863672423e-07 -5.9551937883125823e-06 2.6312276059588137e-06
leaf_weight=24 22 28 24 37 25 20 20 237 341 33 39
leaf_count=24 22 28 24 37 25 20 20 237 341 33 39
internal_value=-2.78403e-14 3.85189e-07 -3.41182e-07 -3.97512e-08 -2.27484e-07 8.5254e-08 3.24144e-07 1.98838e-06 -8.07361e-07 -2.33927e-06 -4.74811e-07
internal_weight=850 826 804 776 752 655 635 257 378 97 64
internal_count=850 826 804 776 752 655 635 257 378 97 64
is_linear=0
shrinkage=0.3


Tree=220
num_leaves=14
num_cat=0
split_feature=21 20 21 19 4 17 4 4 22 22 0 14 27
split_gain=4.7441e-08 8.16751e-08 7.59496e-09 1.53718e-08 1.29418e-08 6.69701e-09 3.58372e-08 4.2562e-08 2.24419e-08 1.65038e-08 1.9739e-08 1.65291e-08 1.45859e-08
threshold=0.023222500000000004 0.015682500000000005 0.034085500000000012 0.90055700000000016 14974400.000000002 0.0035087687010102444 6424700.0000000009 7520100.0000000009 0.011162500000000001 0.045862500000000007 4.0594491845130589 0.010776821489842608 0.84669450000000013
decision_type=2 2 2 2 2 2 2 2 2 2 2 2 2
left_child=-1 -2 4 5 -3 6 -4 -8 -7 10 -10 -11 -9
right_child=1 2 3 -5 -6 8 7 12 9 11 -12 -13 -14
leaf_value=1.2143548088618314e-05 -1.8882370224153939e-05 -2.2547458376075448e-07 1.0154161337498277e-05 -7.8061617856569076e-06 9.5628348210552436e-06 -1.05403186876174e-05 -1.1840938348996132e-05 3.0514824482708034e-06 9.9698037741648345e-06 3.8740959920919808e-06 2.7050286461346706e-07 -2.2560136430366716e-06 -1.4616790407514994e-06
leaf_weight=28 21 31 35 23 20 20 25 150 28 47 58 251 113
leaf_count=28 21 31 35 23 20 20 25 150 28 47 58 251 113
internal_value=5.18232e-14 -4.13649e-07 7.05499e-08 -1.70342e-07 3.61308e-06 7.12314e-08 1.08955e-06 -1.20515e-08 -7.4292e-07 -2.32639e-07 3.42841e-06 -1.28918e-06 1.11237e-06
internal_weight=850 822 801 750 51 727 323 288 404 384 86 298 263
internal_count=850 822 801 750 51 727 323 288 404 384 86 298 263
is_linear=0
shrinkage=0.3


Tree=221
num_leaves=14
num_cat=0
split_feature=21 20 19 9 4 16 22 22 22 27 8 7 8
split_gain=4.58277e-08 1.4127e-07 2.73018e-08 6.66262e-09 1.94382e-08 1.90429e-08 1.84771e-08 1.71417e-08 1.18918e-08 1.44223e-08 1.22259e-08 1.3537e-08 7.4906e-09
threshold=0.022918000000000004 0.015682500000000005 -0.85957799999999984 0.025118626560862608 27889350.000000004 0.0038059141006609198 0.064167000000000016 0.082677500000000015 0.010154500000000002 0.53575150000000005 0.068946150060295988 0.0096063900469660034 0.052715639558088979
decision_type=2 2 2 2 2 2 2 2 2 2 2 2 2
left_child=-1 -2 -3 8 5 6 -5 -7 -4 -10 11 -11 -8
right_child=1 2 3 4 -6 7 12 -9 9 10 -12 -13 -14
leaf_value=-1.2922911378154823e-05 2.4093168049045163e-05 -1.0460602954046172e-05 5.2279452148695779e-06 1.445809360319572e-05 -5.0452142863832705e-06 -7.7169091913908961e-06 7.4232354222658611e-06 3.3516516342548558e-06 -7.618317354521982e-06 5.9496333412745104e-07 -6.1867558828922599e-06 -3.5106481218753982e-06 3.2686097028999937e-09
leaf_weight=24 22 23 32 20 30 20 24 34 26 453 31 86 25
leaf_count=24 22 23 32 20 30 20 24 34 26 453 31 86 25
internal_value=-5.669e-14 3.75484e-07 -2.73507e-07 2.64968e-08 1.80172e-06 3.4717e-06 6.77393e-06 -7.47815e-07 -4.06001e-07 -7.08495e-07 -3.9331e-07 -6.01064e-08 3.63754e-06
internal_weight=850 826 804 781 153 123 69 54 628 596 570 539 49
internal_count=850 826 804 781 153 123 69 54 628 596 570 539 49
is_linear=0
shrinkage=0.3


Tree=222
num_leaves=16
num_cat=0
split_feature=21 20 22 21 16 6 18 8 21 9 9 19 22 5 14
split_gain=4.46669e-08 9.62044e-08 8.88092e-09 6.9384e-09 5.66674e-09 1.429e-08 1.90058e-08 1.92396e-08 1.22925e-08 1.04025e-08 1.34316e-08 2.48531e-08 1.6046e-08 1.26548e-08 1.89266e-08
threshold=0.023222500000000004 0.015682500000000005 0.86034200000000005 0.030523000000000005 0.0052128158158807267 -0.0098138490506334258 -0.55894472181477317 -0.026536613108225117 0.33174200000000004 0.025118626560862608 0.013972305246681178 -0.39971799999999996 0.48104650000000004 0.004972067113168545 0.012015423027758732
decision_type=2 2 2 2 2 2 2 2 2 2 2 2 2 2 2
left_child=-1 -2 3 -3 9 8 -7 -8 -6 10 12 -12 -5 14 -11
right_child=1 2 -4 4 5 6 7 -9 -10 13 11 -13 -14 -15 -16
leaf_value=1.1783157266823505e-05 -2.0445609831248086e-05 4.5813523318624251e-06 5.6895113973496332e-06 -7.0681353265406922e-07 1.1106288522049517e-05 7.6998071510843142e-06 -8.0710145812190594e-06 2.0793264326357531e-07 8.4159093002459217e-07 6.3825754239132946e-06 -1.2630594504643837e-05 -1.9992168690263088e-06 7.4835737141256683e-06 7.3689988596470352e-06 -4.2738477554848944e-06
leaf_weight=28 21 28 25 155 21 25 30 160 21 24 22 197 25 28 40
leaf_count=28 21 28 25 155 21 25 30 160 21 24 22 197 25 28 40
internal_value=-1.05729e-14 -4.01373e-07 1.24132e-07 -5.51655e-08 -2.28725e-07 9.12605e-07 -7.61211e-08 -1.09927e-06 5.97394e-06 -8.26122e-07 -1.48919e-06 -3.06721e-06 4.3074e-07 2.04956e-06 -2.77689e-07
internal_weight=850 822 801 776 748 257 215 190 42 491 399 219 180 92 64
internal_count=850 822 801 776 748 257 215 190 42 491 399 219 180 92 64
is_linear=0
shrinkage=0.3


Tree=223
num_leaves=20
num_cat=0
split_feature=21 20 21 10 3 6 2 8 6 12 14 9 23 12 16 4 2 12 14
split_gain=4.34347e-08 1.237e-07 2.25189e-08 6.587e-09 1.19924e-08 2.70663e-08 1.51275e-08 1.4605e-08 1.92474e-08 8.46881e-09 1.99082e-08 2.09311e-08 2.39878e-08 1.30892e-08 1.7877e-08 3.29518e-08 3.03994e-08 1.17017e-08 1.47369e-08
threshold=0.022918000000000004 0.015682500000000005 0.028477000000000006 -0.81364324533769017 4.0305771827697763 -0.0071492748701948257 4.192197668199479 -0.035774747397290287 -0.0028316407224834488 -0.00067470523760424319 0.0090417007759794246 0.01075474189623539 0.6333335000000001 0.00094363799495015231 0.003457216174497841 11700850.000000002 4.2734205142754069 0.0012721102756750437 0.008317749728832086
decision_type=2 2 2 2 2 2 2 2 2 2 2 2 2 2 2 2 2 2 2
left_child=-1 -2 -3 4 7 -6 -7 -4 -9 10 -5 -12 -13 14 15 -11 -16 -15 -19
right_child=1 2 3 9 5 6 -8 8 -10 13 11 12 -14 17 16 -17 -18 18 -20
leaf_value=-1.2580985753629646e-05 2.2559418863982665e-05 -8.6000512859689992e-06 -2.6185433048553365e-07 -9.8374734901741377e-06 7.6179064699033454e-06 -1.1037177355319725e-05 -6.3922945882415446e-07 1.5097507662176212e-06 1.4368698456027314e-05 1.3303441754385037e-05 5.936633502656718e-06 9.1063412756262727e-07 -8.2804202763729196e-06 -6.9766473407421123e-06 -7.0376195818991263e-06 8.0582817923752775e-07 4.5132032433368449e-06 6.9505394193307119e-06 -9.8761567723496428e-07
leaf_weight=24 22 28 32 26 24 20 34 20 22 31 32 63 43 26 37 49 46 23 248
leaf_count=24 22 28 32 26 24 20 34 20 22 31 32 63 43 26 37 49 46 23 248
internal_value=-3.03318e-15 3.65549e-07 -2.41746e-07 5.98426e-08 1.83079e-06 -7.64713e-07 -4.49032e-06 4.56658e-06 8.24539e-06 -3.71541e-07 -2.2225e-06 -7.87796e-07 -2.81781e-06 2.88366e-07 2.44851e-06 5.64865e-06 -6.35959e-07 -8.97169e-07 -3.13898e-07
internal_weight=850 826 804 776 152 78 54 74 42 624 164 138 106 460 163 80 83 297 271
internal_count=850 826 804 776 152 78 54 74 42 624 164 138 106 460 163 80 83 297 271
is_linear=0
shrinkage=0.3


Tree=224
num_leaves=13
num_cat=0
split_feature=21 20 18 18 21 6 12 2 1 10 27 6
split_gain=4.26796e-08 1.02477e-07 7.08526e-09 2.86334e-08 9.04185e-09 8.90524e-09 1.7229e-08 9.87591e-09 1.84026e-08 8.69096e-09 8.69059e-09 5.46018e-09
threshold=0.023222500000000004 0.015682500000000005 0.79134265133729298 0.63117412479119983 0.034085500000000012 0.014751246897291589 0.00094363799495015231 6.4660365173867538 6.1608676195496717 1.2681797705826852 0.85996650000000019 0.0018886435234735878
decision_type=2 2 2 2 2 2 2 2 2 2 2 2
left_child=-1 -2 3 4 11 7 -7 8 -6 10 -4 -3
right_child=1 2 9 -5 5 6 -8 -9 -10 -11 -12 -13
leaf_value=1.1518043407120006e-05 -2.1079752407818625e-05 7.4431143493924873e-06 1.9071508276624625e-06 -9.5453114486839943e-06 -4.7697975613209732e-07 1.0115919857608705e-05 -5.9786154322085036e-07 -6.7779615099945134e-06 8.7859070606555186e-06 -1.9641162487499495e-06 9.7613006216436456e-06 8.1918463885293539e-07
leaf_weight=28 21 24 32 28 554 22 35 21 20 23 21 21
leaf_count=28 21 24 32 28 554 22 35 21 20 23 21 21
internal_value=3.45324e-14 -3.92342e-07 1.50024e-07 -1.38858e-07 2.3902e-07 -4.48478e-08 3.53728e-06 -3.8801e-07 -1.54231e-07 2.90581e-06 5.01917e-06 4.35195e-06
internal_weight=850 822 801 725 697 652 57 595 574 76 53 45
internal_count=850 822 801 725 697 652 57 595 574 76 53 45
is_linear=0
shrinkage=0.3


Tree=225
num_leaves=17
num_cat=0
split_feature=21 20 20 0 10 22 17 22 6 16 23 16 5 20 22 21
split_gain=4.12608e-08 1.14094e-07 2.55583e-08 7.1437e-09 8.21186e-09 1.58628e-08 3.50339e-08 2.60328e-08 2.14263e-08 1.55444e-08 1.01998e-08 2.45346e-08 1.95551e-08 1.55352e-08 1.67753e-08 9.62516e-09
threshold=0.022918000000000004 0.015682500000000005 0.023083000000000003 6.5500685172550019 0.36886351696258185 0.042471500000000002 0.0019743336348172634 0.066502500000000006 -0.0040160434312448987 0.0040527185267529194 1.0000000180025095e-35 0.002567522995404485 0.0030053822240598163 0.23289000000000001 0.011162500000000001 0.80296500000000015
decision_type=2 2 2 2 2 2 2 2 2 2 2 2 2 2 2 2
left_child=-1 -2 -3 4 5 6 -4 -7 -8 -9 11 15 -13 -12 -15 -6
right_child=1 2 3 -5 10 7 8 9 -10 -11 13 12 -14 14 -16 -17
leaf_value=-1.2262102637805583e-05 2.1671002555608123e-05 -1.0555288590044905e-05 -1.1145377554352566e-05 4.3031282393044152e-06 -1.6278850837991854e-06 1.1912992812560096e-05 9.7242414960874153e-06 -1.2976852774707698e-06 -2.5225688981815135e-06 3.9542843710064931e-06 5.6927945900349943e-06 -1.0718783674216561e-05 -1.1491723768131122e-07 -9.0026752461978622e-06 -1.878716388694976e-07 6.7616311730489535e-06
leaf_weight=24 22 21 28 34 32 23 20 104 36 99 37 45 24 21 260 20
leaf_count=24 22 21 28 34 32 23 20 104 36 99 37 45 24 21 260 20
internal_value=5.38675e-15 3.56284e-07 -2.26955e-07 5.00504e-08 -1.43013e-07 1.03908e-06 -2.48093e-06 2.34741e-06 1.85129e-06 1.26362e-06 -9.7775e-07 -3.32201e-06 -7.03048e-06 -8.57529e-08 -8.46629e-07 1.59885e-06
internal_weight=850 826 804 783 749 310 84 226 56 203 439 121 69 318 281 52
internal_count=850 826 804 783 749 310 84 226 56 203 439 121 69 318 281 52
is_linear=0
shrinkage=0.3


Tree=226
num_leaves=19
num_cat=0
split_feature=21 20 19 13 17 0 9 19 0 22 2 8 9 24 22 6 15 11
split_gain=4.04398e-08 1.04347e-07 8.24393e-09 1.34769e-08 7.28969e-09 9.17864e-09 7.21148e-09 1.64855e-08 1.22351e-08 1.61051e-08 2.09881e-08 1.10966e-08 1.28288e-08 1.10242e-08 1.03029e-08 1.53443e-08 2.70263e-08 2.10597e-08
threshold=0.023222500000000004 0.015682500000000005 -0.41768299999999997 0.020334755829986648 0.0020408143405365995 4.2646603806899623 0.017623382181112202 -0.31688549999999993 4.5173615761737311 0.028184000000000004 4.340210017529361 0.069808803676915832 0.021543617367435708 0.36666650000000006 0.010154500000000002 0.0014610101719062887 0.0018314626290617054 49.397560041849218
decision_type=2 2 2 2 2 2 2 2 2 2 2 2 2 2 2 2 2 2
left_child=-1 -2 3 4 -3 -6 7 -4 9 -8 13 12 -10 -11 -9 16 -16 -17
right_child=1 2 6 -5 5 -7 8 14 11 10 -12 -13 -14 -15 15 17 -18 -19
leaf_value=1.1211750851154127e-05 -2.1257126643701795e-05 1.9249834858433481e-07 -8.6306914444556064e-06 -4.3199221215672876e-06 1.1432109768065856e-05 3.4552492799185849e-06 -6.0247584247623011e-06 4.8116240998297138e-06 1.2628326244339405e-05 3.840362484142955e-06 -7.000469778176921e-06 -3.4224685936561192e-08 2.9993548816326605e-06 -3.2927244433267333e-06 -6.3752724649646094e-06 6.3388550913145984e-06 1.0907663224912766e-06 -9.5644610901810823e-07
leaf_weight=28 21 26 24 20 20 37 37 30 20 104 25 39 33 24 96 48 80 138
leaf_count=28 21 26 24 20 20 37 37 30 20 104 25 39 33 24 96 48 80 138
internal_value=4.14865e-14 -3.81909e-07 1.65382e-07 2.67081e-06 4.35532e-06 6.25415e-06 -2.0433e-07 -9.98263e-07 9.66862e-07 -4.08187e-07 9.50069e-07 3.80664e-06 6.63293e-06 2.50291e-06 -5.30971e-07 -9.73728e-07 -2.98162e-06 9.26212e-07
internal_weight=850 822 801 103 83 57 698 416 282 190 153 92 53 128 392 362 176 186
internal_count=850 822 801 103 83 57 698 416 282 190 153 92 53 128 392 362 176 186
is_linear=0
shrinkage=0.3


Tree=227
num_leaves=14
num_cat=0
split_feature=21 20 27 2 0 1 14 15 13 22 4 22 6
split_gain=3.91674e-08 1.08201e-07 2.57372e-08 4.57094e-09 5.25094e-09 1.17342e-08 1.20248e-08 2.56417e-08 1.81417e-08 7.22375e-09 1.03717e-08 1.76535e-08 1.3366e-08
threshold=0.022918000000000004 0.015682500000000005 0.94788200000000011 3.1741717382587136 4.2766381765283716 4.2877416610717782 0.010131796170038046 0.0018814808421079045 0.014506989815002227 0.012589500000000002 21260600.000000004 0.36590600000000006 1.0000000180025095e-35
decision_type=2 2 2 2 2 2 2 2 2 2 2 2 2
left_child=-1 -2 3 -3 5 6 7 -5 -8 -6 11 -11 -12
right_child=1 2 -4 4 9 -7 8 -9 -10 10 12 -13 -14
leaf_value=-1.1946996988854154e-05 2.1104084112266719e-05 -4.2956891247415894e-06 -1.0111742075542164e-05 9.3149904951566864e-06 3.367951889506807e-06 7.9348645921787201e-06 -7.8383282715759161e-06 -2.5301712945480991e-06 5.2773446155559232e-07 -3.6062634460602811e-06 -2.1738897953703579e-06 1.4927059165769228e-06 4.6072082868685191e-06
leaf_weight=24 22 21 23 38 39 21 26 29 227 182 47 92 59
leaf_count=24 22 21 23 38 39 21 26 29 227 182 47 92 59
internal_value=-1.39082e-14 3.47128e-07 -2.20848e-07 7.04329e-08 1.91076e-07 1.06518e-06 6.14356e-07 4.18798e-06 -3.32019e-07 -5.20306e-07 -9.19365e-07 -1.8942e-06 1.60049e-06
internal_weight=850 826 804 781 760 341 320 67 253 419 380 274 106
internal_count=850 826 804 781 760 341 320 67 253 419 380 274 106
is_linear=0
shrinkage=0.3


Tree=228
num_leaves=13
num_cat=0
split_feature=21 20 27 18 7 7 11 13 13 21 21 4
split_gain=3.90628e-08 1.03954e-07 8.23052e-09 4.63033e-09 5.4241e-09 1.5961e-08 1.21393e-08 1.60236e-08 2.23112e-08 8.20394e-09 3.18497e-08 1.91755e-08
threshold=0.023222500000000004 0.015682500000000005 0.94215500000000019 -1.0536440304615275 -0.0075547135593042958 -0.0058880343395166486 60.956569906204358 0.015810700067343097 0.01717562951962091 0.40894900000000006 0.37758500000000006 9815900.0000000019
decision_type=2 2 2 2 2 2 2 2 2 2 2 2
left_child=-1 -2 3 -3 6 -6 7 -5 -9 10 -7 -11
right_child=1 2 -4 4 5 9 -8 8 -10 11 -12 -13
leaf_value=1.1019213606492226e-05 -2.121121451880624e-05 -4.4395278012286455e-06 4.4216402574630381e-06 1.1306141923910217e-05 -6.7019411841668329e-06 -8.2358526432689474e-08 -2.6296088268171278e-06 -4.7935376816862379e-06 6.4307682008175843e-06 5.1962297066910208e-06 -1.1855330242062999e-05 -6.1857010443280003e-07
leaf_weight=28 21 21 39 20 33 345 37 28 37 81 22 138
leaf_count=28 21 21 39 20 33 345 37 28 37 81 22 138
internal_value=-4.90127e-14 -3.7535e-07 1.70908e-07 -4.66489e-08 7.78456e-08 -2.82493e-07 1.90612e-06 3.8805e-06 1.59568e-06 7.90119e-08 -7.88095e-07 1.53211e-06
internal_weight=850 822 801 762 741 619 122 85 65 586 367 219
internal_count=850 822 801 762 741 619 122 85 65 586 367 219
is_linear=0
shrinkage=0.3


Tree=229
num_leaves=19
num_cat=0
split_feature=21 20 19 4 17 19 17 14 15 5 15 8 18 11 19 14 27 7
split_gain=3.73637e-08 1.04078e-07 2.15578e-08 4.7479e-09 1.40743e-08 1.44349e-08 1.63829e-08 1.04043e-08 7.37754e-09 1.39959e-08 1.18277e-08 1.18163e-08 1.67403e-08 1.64043e-08 8.13746e-09 7.56523e-09 6.70821e-09 8.9864e-09
threshold=0.022918000000000004 0.015682500000000005 -0.85957799999999984 7520100.0000000009 0.0052723772560231219 0.50757650000000021 0.0018587406690632113 0.012096762564130238 0.0085265012980569686 0.0090092920660862306 0.007147196275242745 0.036572404407691779 -0.23725945406176649 49.397560041849218 -0.086644499999999985 0.026717578438805938 0.8279645000000001 0.0019194232881242894
decision_type=2 2 2 2 2 2 2 2 2 2 2 2 2 2 2 2 2 2
left_child=-1 -2 -3 4 5 6 -4 -8 10 -10 11 13 -13 -5 -11 -16 17 -6
right_child=1 2 3 8 16 -7 7 -9 9 14 -12 12 -14 -15 15 -17 -18 -19
leaf_value=-1.1668662199326717e-05 2.069671591946396e-05 -9.2702666346094308e-06 -7.3608789543868626e-06 1.8120086674120383e-06 -6.5267479413932959e-06 7.5006658572301212e-06 6.2026238100980452e-06 -2.4594367417307695e-06 -6.8706359983976153e-06 5.4839231649696425e-06 6.8765198835370904e-06 8.3445816473330692e-06 9.5932592701735189e-07 -2.6555871505292726e-06 1.1196840767139932e-06 -4.5223808423803083e-06 -8.8592101470250928e-06 1.9710271463476861e-06
leaf_weight=24 22 23 25 145 24 23 26 24 33 21 29 37 109 151 55 35 23 21
leaf_count=24 22 23 25 145 24 23 26 24 33 21 29 37 109 151 55 35 23 21
internal_value=3.50716e-15 3.39041e-07 -2.1801e-07 4.8574e-08 -1.37516e-06 9.25868e-07 -1.0904e-06 2.04483e-06 4.32867e-07 -1.44631e-06 1.00739e-06 6.22316e-07 2.83093e-06 -4.67069e-07 1.66321e-07 -1.07445e-06 -4.69136e-06 -2.56112e-06
internal_weight=850 826 804 781 166 98 75 50 615 144 471 442 146 296 111 90 68 45
internal_count=850 826 804 781 166 98 75 50 615 144 471 442 146 296 111 90 68 45
is_linear=0
shrinkage=0.3


Tree=230
num_leaves=16
num_cat=0
split_feature=18 18 20 26 22 7 10 12 18 18 12 18 27 22 14
split_gain=4.16794e-08 3.01995e-07 2.16786e-07 6.94116e-08 1.39375e-08 1.00305e-08 9.82272e-09 6.89051e-09 1.30765e-08 1.35479e-08 7.71794e-09 7.23899e-09 1.26682e-08 7.90822e-09 7.72869e-09
threshold=0.60768472340430935 0.71595590859769476 0.014942500000000003 0.8693010000000001 0.92149200000000009 0.0023751990206819788 -0.08790109843153926 -0.0034300732100454152 0.10448041727945824 -0.55894472181477317 -0.0026492412016690479 -0.81657040660903635 0.94215500000000019 0.064167000000000016 0.017382917765080792
decision_type=2 2 2 2 2 2 2 2 2 2 2 2 2 2 2
left_child=2 -2 -1 5 7 6 -3 8 9 -4 -9 13 14 -12 -13
right_child=1 3 4 -5 -6 -7 -8 10 -10 -11 11 12 -14 -15 -16
leaf_value=-3.0869659427220801e-05 3.7831582254252033e-05 3.9940082915888648e-06 8.0162391701118657e-07 -1.765777078389874e-05 7.4894963931497334e-06 6.5004870339180344e-06 -5.0768933947024783e-06 4.8561807739133656e-06 3.0936821644900189e-06 -8.7864876339457013e-06 1.5084455140433984e-07 -8.6923740933489813e-07 7.629620953366611e-06 -7.9882083176282693e-06 1.6012374820660862e-06
leaf_weight=21 21 21 21 20 22 30 22 30 24 36 22 350 20 21 169
leaf_count=21 21 21 21 20 22 30 22 30 24 36 22 350 20 21 169
internal_value=2.7208e-14 5.33776e-06 -8.26773e-07 -1.99955e-06 5.56055e-08 2.29037e-06 -6.46918e-07 -1.80391e-07 -2.78063e-06 -5.25403e-06 1.63758e-07 -7.81191e-08 2.20721e-07 -3.82404e-06 -6.4786e-08
internal_weight=850 114 736 93 715 73 43 693 81 57 612 582 539 43 519
internal_count=850 114 736 93 715 73 43 693 81 57 612 582 539 43 519
is_linear=0
shrinkage=0.3


Tree=231
num_leaves=16
num_cat=0
split_feature=21 20 18 18 27 21 12 7 18 15 26 26 17 1 17
split_gain=4.12298e-08 4.21246e-08 9.07887e-09 3.81061e-08 8.63244e-09 4.24038e-09 9.92175e-09 1.19113e-08 1.23236e-08 7.85545e-09 7.57951e-09 2.03642e-08 1.4223e-08 1.2035e-08 1.26236e-08
threshold=0.023222500000000004 0.015682500000000005 0.7960825998636204 0.63117412479119983 0.84239150000000007 0.062366500000000005 0.0027232671310500108 0.0014610101719062887 1.0000000180025095e-35 0.0014892421486670784 0.59274150000000014 0.62978300000000009 0.0020181635841710365 6.3908496512016235 0.001904714675176654
decision_type=2 2 2 2 2 2 2 2 2 2 2 2 2 2 2
left_child=-1 -2 3 5 -4 6 7 8 -3 -9 13 -12 -13 14 -7
right_child=1 2 4 -5 -6 10 -8 9 -10 -11 11 12 -14 -15 -16
leaf_value=1.1320725801665178e-05 -1.3649178237886059e-05 -1.6809562059559259e-07 -1.1237281375690292e-07 -1.0829165848917911e-05 6.3680340791219451e-06 -1.9125537477856427e-06 7.7822968353302713e-06 -7.0843475214132919e-06 8.3644409742191779e-06 7.5640941783762086e-07 -8.5785470699565014e-06 3.4588793494906764e-06 -2.4813411915575555e-06 -6.6392121743774618e-06 2.0524974703272929e-06
leaf_weight=28 21 39 37 30 37 101 20 23 25 23 33 56 103 20 254
leaf_count=28 21 39 37 30 37 101 20 23 25 23 33 56 103 20 254
internal_value=-4.7929e-14 -3.85621e-07 -3.78872e-08 -3.6012e-07 3.12783e-06 9.04848e-08 1.63584e-06 5.18297e-07 3.16493e-06 -3.16397e-06 -2.63829e-07 -1.79673e-06 -3.89188e-07 5.21019e-07 9.24412e-07
internal_weight=850 822 801 727 74 697 130 110 64 46 567 192 159 375 355
internal_count=850 822 801 727 74 697 130 110 64 46 567 192 159 375 355
is_linear=0
shrinkage=0.3


Tree=232
num_leaves=16
num_cat=0
split_feature=15 15 20 22 9 10 12 4 8 4 16 18 4 25 5
split_gain=3.81756e-08 3.09077e-07 1.77216e-07 1.15268e-08 9.37669e-09 1.65541e-08 1.18527e-08 4.59415e-09 6.46983e-09 8.7408e-09 1.57718e-08 2.00884e-08 1.34905e-08 9.82002e-09 8.35665e-09
threshold=0.010841490420433336 0.011916603337251881 0.016604500000000005 0.92910750000000009 0.017054553445165325 1.1365969494998469 0.0036856316933247817 36226800.000000007 0.090387857304809541 11455900.000000002 0.0014378139342730487 -0.29517465955210181 10741450.000000002 0.29166650000000005 0.0060805486213993277
decision_type=2 2 2 2 2 2 2 2 2 2 2 2 2 2 2
left_child=2 -2 -1 7 5 -3 -6 8 9 12 13 -12 14 -11 -4
right_child=1 4 3 -5 6 -7 -8 -9 -10 10 11 -13 -14 -15 -16
leaf_value=-2.5647133966231192e-05 3.8030920304013952e-05 -1.077562418804914e-05 -6.1911082896573226e-07 7.1557154450374583e-06 4.6141561436878615e-06 8.653980206726633e-08 -4.7532302923514177e-06 3.9257459874875162e-06 4.1622293598006113e-06 7.4129404040945698e-06 -9.2983283119944339e-06 -1.6002315490197818e-06 7.1058546189725839e-06 -6.1475585102499506e-07 3.9298065518421157e-06
leaf_weight=25 21 23 270 20 31 28 20 24 28 24 36 200 26 32 42
leaf_count=25 21 23 270 20 31 28 20 24 28 24 36 200 26 32 42
internal_value=3.4733e-14 4.88786e-06 -8.2697e-07 5.69388e-08 -1.93571e-06 -4.81208e-06 9.40671e-07 -1.51236e-07 -2.99941e-07 -4.9826e-07 -1.70051e-06 -2.77452e-06 5.40367e-07 2.82569e-06 -6.75657e-09
internal_weight=850 123 727 702 102 51 51 682 658 630 292 236 338 56 312
internal_count=850 123 727 702 102 51 51 682 658 630 292 236 338 56 312
is_linear=0
shrinkage=0.3


Tree=233
num_leaves=21
num_cat=0
split_feature=20 21 25 26 19 18 18 14 4 16 12 9 4 13 13 27 7 18 8 4
split_gain=8.17706e-08 2.32197e-08 7.3242e-09 1.21974e-08 8.81742e-09 7.85967e-09 1.64577e-08 1.59165e-08 1.26695e-08 7.22413e-09 1.38548e-08 1.51355e-08 1.69776e-08 1.32835e-08 1.69606e-08 1.03182e-08 2.13083e-08 1.68481e-08 9.14118e-09 8.73746e-09
threshold=0.014942500000000003 0.023222500000000004 0.52777800000000019 0.32995900000000006 -0.34320799999999996 -0.29517465955210181 0.11796603117400258 0.014583318846093886 10625050.000000002 0.0040080601728386895 -0.00044076357622882333 0.011967473196366091 17684150.000000004 0.018101297856006244 0.016942938085001722 0.71805400000000008 -0.0060097101421250172 -0.32471758391206007 0.0086270174515007784 20549000.000000004
decision_type=2 2 2 2 2 2 2 2 2 2 2 2 2 2 2 2 2 2 2 2
left_child=-1 -2 4 -4 -3 -5 8 -8 -7 10 13 -12 -13 14 -6 17 18 -11 -17 -18
right_child=1 2 3 5 9 6 7 -9 -10 15 11 12 -14 -15 -16 16 19 -19 -20 -21
leaf_value=1.7262148571717261e-05 -1.0117168895621116e-05 -6.8757324544321819e-06 -4.884546307692972e-06 6.5955824175034646e-06 -4.618297019285466e-06 -7.7667551053032784e-06 1.1091360797556925e-05 3.0836036231107754e-07 2.4251032885201442e-06 -2.5028097354606871e-06 5.9787510756657204e-06 -2.5822859782109514e-06 3.7136763309647972e-06 -8.9368662737101921e-06 4.1736927063392875e-06 1.8192532883808273e-06 -3.1798353208412069e-06 8.4705318708992485e-06 1.0281279285209167e-05 1.574267328959074e-06
leaf_weight=24 22 20 22 35 67 23 22 28 21 20 33 149 52 34 28 27 120 34 20 49
leaf_count=24 22 20 22 35 67 23 22 28 21 20 33 149 52 34 28 27 120 34 20 49
internal_value=-5.14788e-14 -5.01564e-07 -2.3845e-07 1.64451e-06 -6.73867e-07 2.75799e-06 1.3291e-06 5.05288e-06 -2.90246e-06 -4.77915e-07 -1.35197e-06 2.41425e-08 -9.5348e-07 -3.84819e-06 -2.02697e-06 6.97208e-07 -2.30073e-07 4.40633e-06 5.42012e-06 -1.80143e-06
internal_weight=850 826 804 151 653 129 94 50 44 633 363 234 201 129 95 270 216 54 47 169
internal_count=850 826 804 151 653 129 94 50 44 633 363 234 201 129 95 270 216 54 47 169
is_linear=0
shrinkage=0.3


Tree=234
num_leaves=18
num_cat=0
split_feature=20 7 20 15 15 14 7 20 20 16 4 4 21 13 2 8 5
split_gain=4.00676e-08 1.82644e-08 1.06042e-08 6.70813e-09 1.28272e-08 7.00013e-09 4.84344e-09 1.37274e-08 1.095e-08 1.3467e-08 1.48498e-08 9.5292e-09 9.04898e-09 8.62774e-09 1.47627e-08 8.29891e-09 3.15197e-09
threshold=0.014942500000000003 -0.021302929805192897 0.023690000000000006 0.010767194867865768 0.013092239873231694 0.028729315336809429 0.010772220527041224 0.47722100000000006 0.48449000000000003 0.001863932777792561 12088900.000000002 13338100.000000002 0.51046700000000012 0.012659196071134044 5.4456391713054755 0.042559758229927469 0.014224398694847692
decision_type=2 2 2 2 2 2 2 2 2 2 2 2 2 2 2 2 2
left_child=-1 -2 -3 6 -5 16 8 12 13 11 -11 -10 -8 -4 -15 -9 -6
right_child=1 2 3 4 5 -7 7 15 9 10 -12 -13 -14 14 -16 -17 -18
leaf_value=1.2083505112059356e-05 -9.0852872992692411e-06 5.4109330608298477e-06 -5.9673926712507226e-06 -7.4523731898060408e-06 -1.403737282998918e-06 -4.4418037058099242e-06 7.7882159644104825e-06 -6.584612950462088e-06 -5.8228354129658493e-06 5.5871330354453809e-06 -4.4212202784489237e-07 1.8566455148279951e-06 1.0514562621789413e-07 -5.5546246442588018e-09 -5.716882212425389e-06 1.5438589900239863e-06 3.3691186734524142e-06
leaf_weight=24 21 30 33 33 20 26 37 20 33 83 66 26 22 269 48 26 33
leaf_count=24 21 30 33 33 20 26 37 20 33 83 66 26 22 269 48 26 33
internal_value=1.63002e-14 -3.51095e-07 -1.23246e-07 -3.37472e-07 -2.4849e-06 -4.09883e-07 2.52911e-08 1.89453e-06 -3.26447e-07 1.39746e-06 2.91646e-06 -2.43866e-06 4.92334e-06 -1.35094e-06 -8.70361e-07 -1.99026e-06 1.56804e-06
internal_weight=850 826 805 775 112 79 663 105 558 208 149 59 59 350 317 46 53
internal_count=850 826 805 775 112 79 663 105 558 208 149 59 59 350 317 46 53
is_linear=0
shrinkage=0.3


Tree=235
num_leaves=18
num_cat=0
split_feature=7 7 20 26 21 22 21 21 26 11 22 15 23 21 8 11 21
split_gain=2.93107e-08 2.21231e-07 1.15981e-07 5.54438e-08 1.09669e-08 9.55096e-09 6.63966e-09 1.92059e-08 1.23658e-08 9.80167e-09 1.92842e-08 9.38343e-09 7.96891e-09 1.23001e-08 9.69963e-09 5.84088e-09 7.46504e-09
threshold=-0.011111278605293779 -0.012820681737673046 0.015682500000000005 0.75226400000000015 0.33489450000000004 0.86034200000000005 0.40738600000000008 0.37758500000000006 0.50985550000000013 41.682049627931669 0.33111050000000003 -0.01031476985606016 0.45000000000000007 0.18462350000000002 0.023629972591897735 74.390252578618913 0.44529750000000007
decision_type=2 2 2 2 2 2 2 2 2 2 2 2 2 2 2 2 2
left_child=1 3 -2 4 -1 6 7 9 11 10 -4 -8 14 -14 -11 16 -13
right_child=2 -3 5 -5 -6 -7 8 -9 -10 12 -12 15 13 -15 -16 -17 -18
leaf_value=8.097150998764845e-06 -2.2084214866812213e-05 3.2131143682688293e-05 7.1319484284744708e-07 -1.5398103072460466e-05 -9.1340678724713315e-07 4.932391308062399e-06 5.6573371744485077e-06 -1.0016202929676866e-05 8.1424950758446363e-06 5.5617436770390944e-06 -1.0613868963105232e-05 5.5927052796635377e-06 6.8202320995198786e-07 -3.6054740962754294e-06 -7.0555949478571262e-07 -4.906872624391409e-06 -3.9513892261801439e-07
leaf_weight=20 22 21 31 22 31 34 27 20 20 46 24 21 182 90 43 22 174
leaf_count=20 22 21 31 22 31 34 27 20 20 46 24 21 182 90 43 22 174
internal_value=1.80938e-14 4.99599e-06 -6.21195e-07 -2.81001e-06 2.62015e-06 2.21111e-08 -2.16388e-07 -9.35347e-07 9.70983e-07 -4.98767e-07 -4.22952e-06 3.83154e-07 6.96308e-08 -7.36634e-07 2.53372e-06 -2.73081e-07 2.49706e-07
internal_weight=850 94 756 73 51 734 700 436 264 416 55 244 361 272 89 217 195
internal_count=850 94 756 73 51 734 700 436 264 416 55 244 361 272 89 217 195
is_linear=0
shrinkage=0.3


Tree=236
num_leaves=24
num_cat=0
split_feature=20 7 21 7 21 15 26 10 10 15 1 16 14 6 10 26 18 4 23 29 10 16 14
split_gain=4.923e-08 1.55403e-08 3.87053e-08 1.09429e-08 8.00644e-09 4.57479e-09 7.33795e-09 7.49084e-09 7.96125e-09 6.41151e-09 1.5043e-08 1.41261e-08 2.00467e-08 9.04491e-09 1.44167e-08 1.10766e-08 8.78831e-09 8.22718e-09 8.09224e-09 5.74194e-09 8.18695e-09 7.58579e-09 4.03202e-09
threshold=0.014942500000000003 -0.010124926671422124 0.076747000000000024 -0.01342357719755587 0.026680500000000006 0.010767194867865768 0.85130150000000016 1.6221972484777585 0.49171578030336821 0.0017316013139642387 4.5598938045135684 0.0028800190782734534 0.01270424725030774 0.0037738672634458066 1.281924149627951 0.59187750000000017 0.20717405918638931 10741450.000000002 0.6333335000000001 1.5000000000000002 0.87106198703642634 0.0045316919733825924 0.015397818548491838
decision_type=2 2 2 2 2 2 2 2 2 2 2 2 2 2 2 2 2 2 2 2 2 2 2
left_child=-1 2 -2 22 -3 9 7 8 -7 13 16 -12 -13 14 15 -6 18 -18 -11 21 -21 -15 -4
right_child=1 4 3 -5 5 6 -8 -9 -10 10 11 12 -14 19 -16 -17 17 -19 -20 20 -22 -23 -24
leaf_value=1.3394029667779249e-05 -1.500858991841431e-05 4.455366452778738e-06 4.293774962446958e-06 -5.7860104649220233e-06 1.0985113330302493e-06 1.6443892020236359e-06 -7.1184863963935636e-06 2.8152084992556906e-06 -5.8277038332024942e-06 1.8321587955501156e-07 -1.0543539971763494e-06 1.4313057481145237e-05 2.933774203783239e-06 1.8177129435492172e-06 -8.8518187814533235e-06 -3.3271344899364588e-06 7.6328815703163847e-06 -7.7419414627012302e-07 -5.1989869240148943e-06 9.7931679627221829e-08 7.6264715945538992e-06 -5.0635850519548901e-06 -9.9350551218435607e-07
leaf_weight=24 22 36 27 26 111 21 20 33 33 65 28 22 38 46 23 94 20 22 41 26 26 21 25
leaf_count=24 22 36 27 26 111 21 20 33 33 65 28 22 38 46 23 94 20 22 41 26 26 21 25
internal_value=2.20849e-14 -3.89173e-07 -3.89531e-06 -7.60795e-07 9.37662e-08 -1.33796e-07 -1.93691e-06 -7.45749e-07 -2.92189e-06 1.97137e-07 1.40349e-06 4.50965e-06 7.10618e-06 -6.23325e-07 -1.72986e-06 -9.30809e-07 -4.43406e-07 3.22918e-06 -1.89858e-06 1.49676e-06 3.8622e-06 -3.39112e-07 1.75181e-06
internal_weight=850 826 100 78 726 690 107 87 54 583 236 88 60 347 228 205 148 42 106 119 52 67 52
internal_count=850 826 100 78 726 690 107 87 54 583 236 88 60 347 228 205 148 42 106 119 52 67 52
is_linear=0
shrinkage=0.3


Tree=237
num_leaves=11
num_cat=0
split_feature=21 20 26 3 8 9 9 1 6 11
split_gain=2.79162e-08 1.39258e-07 1.69711e-08 5.91766e-09 6.82041e-09 5.13519e-09 9.28482e-09 8.62376e-09 7.02832e-09 6.04165e-09
threshold=0.022918000000000004 0.015682500000000005 0.92731150000000018 3.2229473590850835 -0.047012232830820351 0.030794830469864178 0.028301320484550363 4.2327383749229623 0.012085809626369846 66.878379803449903
decision_type=2 2 2 2 2 2 2 2 2 2
left_child=-1 -2 3 -3 -5 6 8 9 -6 -7
right_child=1 2 -4 4 5 7 -8 -9 -10 -11
leaf_value=-1.0086116230922925e-05 2.3841258555731571e-05 -4.8397361949711286e-06 -7.8909485204930595e-06 4.331034401516831e-06 -4.7341210750424969e-07 3.4318074623032853e-06 5.9121740150658299e-06 -7.1919363879402452e-06 2.6040888458081061e-06 -3.3231360453975445e-06
leaf_weight=24 22 23 26 32 551 22 24 24 76 26
leaf_count=24 22 23 26 32 551 22 24 24 76 26
internal_value=1.95332e-14 2.93059e-07 -3.51295e-07 -9.93268e-08 4.50831e-08 -1.44613e-07 1.21279e-07 -2.54873e-06 -1.00382e-07 -2.2712e-07
internal_weight=850 826 804 778 755 723 651 72 627 48
internal_count=850 826 804 778 755 723 651 72 627 48
is_linear=0
shrinkage=0.3


Tree=238
num_leaves=10
num_cat=0
split_feature=21 20 27 7 7 21 12 12 11
split_gain=4.13211e-08 5.90912e-08 4.75517e-09 4.10219e-09 1.69336e-08 6.00774e-09 4.45783e-09 5.66755e-09 6.73447e-09
threshold=0.023222500000000004 0.015682500000000005 0.94746800000000009 -0.01342357719755587 -0.011111278605293779 0.33489450000000004 -0.0062968338070506285 -0.0037300346828197128 36.215695938019344
decision_type=2 2 2 2 2 2 2 2 2
left_child=-1 -2 3 5 -5 -3 -6 -8 -9
right_child=1 2 -4 4 6 -7 7 8 -10
leaf_value=1.1333247929152482e-05 -1.6095220962597521e-05 5.097185149027794e-06 4.4805764478691606e-06 -8.1275469710817564e-06 4.0844024649390045e-06 -9.2006968657187824e-07 -3.9968604056962349e-06 4.276651749535176e-06 -1.8850005848856566e-07
leaf_weight=28 21 32 21 24 23 28 33 32 608
leaf_count=28 21 32 21 24 23 28 33 32 608
internal_value=-7.39111e-14 -3.86047e-07 2.58035e-08 -9.41327e-08 -2.92738e-07 2.28913e-06 -2.25723e-08 -1.6293e-07 3.47575e-08
internal_weight=850 822 801 780 720 60 696 673 640
internal_count=850 822 801 780 720 60 696 673 640
is_linear=0
shrinkage=0.3


Tree=239
num_leaves=22
num_cat=0
split_feature=21 20 21 27 4 6 18 12 9 22 15 13 7 12 8 8 10 1 4 7 8
split_gain=3.00256e-08 1.09063e-07 1.70668e-08 4.17853e-09 1.11023e-08 1.19803e-08 1.0706e-08 8.35727e-09 6.54752e-09 5.44648e-09 9.73837e-09 1.11701e-08 1.59851e-08 1.00661e-08 9.62718e-09 2.59573e-08 1.26605e-08 1.31722e-08 9.48394e-09 9.25254e-09 8.73801e-09
threshold=0.022918000000000004 0.015682500000000005 0.028477000000000006 0.90740750000000003 9362950.0000000019 0.011472754287011378 0.018898807508971726 -0.00028447078705374839 0.016118295494016905 0.12056650000000001 0.0039025281655050851 0.018520651284502334 -0.0030397673796350604 -0.00087655560481576745 0.037128669819305543 0.052715639558088979 0.41585515581140292 4.9436192544987838 13600650.000000002 0.0082305783044981876 0.0036901690138327731
decision_type=2 2 2 2 2 2 2 2 2 2 2 2 2 2 2 2 2 2 2 2 2
left_child=-1 -2 -3 9 7 6 -6 -5 -8 10 11 12 -4 -12 16 -16 20 -18 -15 -17 -11
right_child=1 2 3 4 5 -7 8 -9 -10 14 13 -13 -14 18 15 19 17 -19 -20 -21 -22
leaf_value=-1.0460255157340726e-05 2.1143420400965786e-05 -7.5427796592261333e-06 1.0681256662792292e-05 -5.2968520629937916e-06 8.863672145967678e-06 -3.2892930482830706e-06 -1.2379341442808185e-06 1.6692130245591244e-06 5.9820636759866379e-06 -1.6301531478920058e-06 -6.4818430738948033e-06 -2.1271480193263412e-06 1.9022466657604907e-06 -3.3644457971604424e-06 7.8376016422983707e-06 5.7561309555846185e-08 -2.7011037492944263e-06 -1.0608801800279148e-05 3.2355504947909769e-06 -7.4960673128998667e-06 3.8723003461365641e-06
leaf_weight=24 22 28 24 31 35 20 26 31 20 122 27 38 84 36 36 54 70 26 43 20 33
leaf_count=24 22 28 24 31 35 20 26 31 20 122 27 38 84 36 36 54 70 26 43 20 33
internal_value=-1.09541e-14 3.0393e-07 -2.66305e-07 -3.75168e-09 1.34626e-06 3.28612e-06 4.90967e-06 -1.81382e-06 1.9012e-06 -3.62728e-07 7.07564e-07 2.29663e-06 3.85314e-06 -1.48114e-06 -1.10986e-06 1.23037e-06 -2.13545e-06 -4.84277e-06 2.27957e-07 -1.98396e-06 -4.58663e-07
internal_weight=850 826 804 776 163 101 81 62 46 613 252 146 108 106 361 110 251 96 79 74 155
internal_count=850 826 804 776 163 101 81 62 46 613 252 146 108 106 361 110 251 96 79 74 155
is_linear=0
shrinkage=0.3


Tree=240
num_leaves=19
num_cat=0
split_feature=21 20 21 17 6 13 19 27 17 6 4 12 11 6 2 17 4 6
split_gain=3.64134e-08 7.12291e-08 4.13566e-09 3.57425e-09 1.10391e-08 9.09413e-09 7.03165e-09 1.14588e-08 6.76978e-09 1.50726e-08 1.69213e-08 2.19382e-08 6.39077e-09 9.73638e-09 8.3382e-09 1.41762e-08 9.23233e-09 5.94691e-09
threshold=0.023222500000000004 0.015682500000000005 0.027480500000000001 0.0013898919304427839 -0.0045558791330031984 0.017453113895368678 -0.10578299999999999 0.79058250000000008 0.0019723376146160705 0.0057972316823524037 13059950.000000002 0.0002488249242008565 74.012758340980341 0.0040773557512858898 4.5908363461145312 0.0035874521200372662 14272250.000000002 0.0019398849651730014
decision_type=2 2 2 2 2 2 2 2 2 2 2 2 2 2 2 2 2 2
left_child=-1 -2 -3 4 5 -4 -6 -8 9 10 11 -5 14 -14 16 -16 -10 -9
right_child=1 2 3 8 6 -7 7 17 12 -11 -12 -13 13 -15 15 -17 -18 -19
leaf_value=1.0638964178204854e-05 -1.7609680305343187e-05 4.0544121132644817e-06 9.0128254214505429e-06 -1.5766410110700233e-05 -5.4997975530568505e-06 6.4968526306653403e-07 5.9857295986249097e-06 2.5537527761798626e-06 5.2054462579725856e-07 4.4199493872425093e-06 2.1398102624540403e-07 -2.3131522937092086e-06 -8.2277418081844195e-06 1.133209315185013e-06 6.568957221806487e-06 3.0022845582574774e-07 -3.0383656328088668e-06 -3.8670401584174735e-06
leaf_weight=28 21 23 25 20 20 22 26 20 242 22 38 24 20 20 47 105 90 37
leaf_count=28 21 23 25 20 20 22 26 20 242 22 38 24 20 20 47 105 90 37
internal_value=1.98141e-14 -3.62398e-07 8.97782e-08 -2.74282e-08 1.28828e-06 5.09816e-06 -4.50218e-07 7.66549e-07 -3.41689e-07 -2.55263e-06 -4.42332e-06 -8.42827e-06 9.71245e-08 -3.54727e-06 3.98314e-07 2.23859e-06 -4.4422e-07 -1.61413e-06
internal_weight=850 822 801 778 150 47 103 83 628 104 82 44 524 40 484 152 332 57
internal_count=850 822 801 778 150 47 103 83 628 104 82 44 524 40 484 152 332 57
is_linear=0
shrinkage=0.3


Tree=241
num_leaves=13
num_cat=0
split_feature=21 20 19 15 15 13 13 29 20 6 13 10
split_gain=3.03342e-08 9.44444e-08 1.54413e-08 3.16771e-09 6.14014e-09 5.96342e-09 6.12331e-09 4.32971e-09 1.93299e-08 1.76078e-08 1.29593e-08 1.13937e-08
threshold=0.022918000000000004 0.015682500000000005 -0.85957799999999984 0.024631655044425677 0.010871017042149116 0.014842516897078457 0.017895826405499592 1.5000000000000002 0.77466750000000006 0.012131818441234957 0.012491296631101727 1.1442958644074845
decision_type=2 2 2 2 2 2 2 2 2 2 2 2
left_child=-1 -2 -3 4 7 -6 -7 10 9 -9 -4 -12
right_child=1 2 3 -5 5 6 -8 8 -10 -11 11 -13
leaf_value=-1.0513868983252906e-05 1.9698091211301451e-05 -7.886344597004015e-06 5.0671813544808821e-06 3.7273469823162485e-06 -6.9781699556870072e-06 1.6441801397704126e-06 -3.8890427257835345e-06 -4.3469062153287897e-07 1.0053205486428852e-05 6.732752060705544e-06 2.6716936336311923e-08 -3.9547514155439479e-06
leaf_weight=24 22 23 34 20 20 36 36 260 20 35 230 90
leaf_count=24 22 23 34 20 20 36 36 260 20 35 230 90
internal_value=2.00248e-14 3.05488e-07 -2.25156e-07 4.61961e-10 -9.74851e-08 -2.39542e-06 -1.12243e-06 2.18524e-07 1.02759e-06 4.15684e-07 -5.01408e-07 -1.09307e-06
internal_weight=850 826 804 781 761 92 72 669 315 295 354 320
internal_count=850 826 804 781 761 92 72 669 315 295 354 320
is_linear=0
shrinkage=0.3


Tree=242
num_leaves=12
num_cat=0
split_feature=21 20 22 21 21 7 16 11 4 7 18
split_gain=3.29049e-08 7.66513e-08 6.33462e-09 3.4366e-09 3.71113e-09 4.68275e-09 1.26141e-08 8.39407e-09 8.34503e-09 6.10269e-09 5.286e-09
threshold=0.023222500000000004 0.015682500000000005 0.86034200000000005 0.030523000000000005 0.036424500000000005 0.0077596165727636382 0.0036563037831145477 59.018094128214663 14349200.000000002 0.0069205356325528463 -0.046026839982367736
decision_type=2 2 2 2 2 2 2 2 2 2 2
left_child=-1 -2 3 -3 -5 9 7 -7 -8 10 -6
right_child=1 2 -4 4 5 6 8 -9 -10 -11 -12
leaf_value=1.011343960531771e-05 -1.8236204076466883e-05 3.2362170689534001e-06 4.8248784833049278e-06 -3.476278238104928e-06 7.3656586393256349e-07 -5.197964190273296e-06 6.6446348250792657e-06 1.2854259377890251e-06 9.288744532578347e-07 -4.5223756074157731e-06 -1.1717160806253153e-06
leaf_weight=28 21 28 25 29 269 32 45 41 47 31 254
leaf_count=28 21 28 25 29 269 32 45 41 47 31 254
internal_value=-4.78438e-14 -3.44497e-07 1.24574e-07 -2.68531e-08 -1.49e-07 -1.47984e-08 1.38808e-06 -1.55661e-06 3.72463e-06 -4.32623e-07 -1.9021e-07
internal_weight=850 822 801 776 748 719 165 73 92 554 523
internal_count=850 822 801 776 748 719 165 73 92 554 523
is_linear=0
shrinkage=0.3


Tree=243
num_leaves=21
num_cat=0
split_feature=18 15 20 26 14 14 9 11 12 13 7 19 22 13 13 10 5 20 13 17
split_gain=3.10665e-08 2.14637e-07 1.20763e-07 3.08269e-08 4.82159e-09 1.17548e-08 9.2058e-09 1.4548e-08 1.39214e-08 2.1101e-08 1.06886e-08 8.41e-09 6.56653e-09 5.07321e-09 1.62678e-08 9.20107e-09 7.98022e-09 6.39174e-09 5.95293e-09 4.32742e-09
threshold=0.66757328690076101 0.010871017042149116 0.014942500000000003 0.8693010000000001 0.010407646462269774 0.010776821489842608 0.011277184626098027 37.311825839692496 0.0006729117710427688 0.015669577680416259 0.0015014457157676109 -0.8784114999999999 0.13480750000000005 0.015597032631774012 0.014681149223156992 0.69233879431778322 0.0043988470416010134 0.91917100000000007 0.016387649306497557 0.0074766285170194454
decision_type=2 2 2 2 2 2 2 2 2 2 2 2 2 2 2 2 2 2 2 2
left_child=2 3 -1 19 6 -6 12 -8 9 -9 -10 -7 -4 14 16 -16 -13 18 -15 -2
right_child=1 -3 4 -5 5 11 7 8 10 -11 -12 13 -14 17 15 -17 -18 -19 -20 -21
leaf_value=-2.3097954194132141e-05 -1.2457528725917655e-06 2.9720802120891677e-05 -1.6311180417005744e-06 -1.287857232910028e-05 6.899651668845763e-06 6.1477985592972571e-06 -7.6132453011723552e-06 1.1034751203624182e-05 -7.1687499092315027e-06 -1.2911270796394092e-06 1.1814333723361638e-06 2.3817362742179349e-06 -9.2266200414314888e-06 3.5267662521424166e-06 -2.1595306049805782e-06 -1.1040199415544651e-05 -2.8927463907686098e-06 5.6993490409240619e-06 -2.8665090582791207e-07 4.094813552187175e-06
leaf_weight=21 36 24 21 20 24 20 20 25 22 25 37 67 20 42 21 21 42 20 300 22
leaf_count=21 36 24 21 20 24 20 20 25 22 25 37 67 20 42 21 21 42 20 300 22
internal_value=8.18238e-14 4.91144e-06 -6.69741e-07 -2.72221e-06 -2.18838e-08 4.04937e-07 -1.42035e-06 -1.75766e-07 1.18891e-06 4.87181e-06 -1.93219e-06 1.12493e-07 -5.33624e-06 -1.22802e-07 -1.58353e-06 -6.59987e-06 3.49367e-07 4.86508e-07 1.81663e-07 7.79979e-07
internal_weight=850 102 748 78 727 557 170 129 109 50 59 533 41 513 151 42 109 362 342 58
internal_count=850 102 748 78 727 557 170 129 109 50 59 533 41 513 151 42 109 362 342 58
is_linear=0
shrinkage=0.3


Tree=244
num_leaves=13
num_cat=0
split_feature=20 18 17 20 19 21 6 20 0 19 19 8
split_gain=3.4724e-08 2.44657e-08 4.89094e-09 9.58231e-09 1.1574e-08 6.95369e-09 6.67221e-09 9.51878e-09 7.73042e-09 4.7365e-09 9.68749e-09 9.21284e-09
threshold=0.014942500000000003 1.1476247267030459 0.0093458302104955215 0.13962250000000001 0.35437600000000008 0.023769000000000002 0.01715917016098888 0.47802000000000006 6.6473685199875758 0.21970600000000004 0.16161550000000002 0.016873550988076778
decision_type=2 2 2 2 2 2 2 2 2 2 2 2
left_child=-1 2 5 -4 -5 -2 8 -8 9 10 -7 -11
right_child=1 -3 3 4 -6 6 7 -9 -10 11 -12 -13
leaf_value=1.1248920213802195e-05 -5.7938001856427943e-06 -9.7650890211298237e-06 6.6530612164582074e-06 -5.5382991912925458e-06 4.2029796186002582e-06 2.238489267649273e-07 -8.5134151947841013e-06 7.4234084138424802e-07 5.7680138135245731e-06 9.0487511476190185e-07 6.5792824908266597e-06 -2.5874130789354786e-06
leaf_weight=24 20 24 28 21 23 351 20 20 21 123 23 152
leaf_count=24 20 24 28 21 23 351 20 20 21 123 23 152
internal_value=3.75292e-14 -3.26845e-07 -4.44039e-08 2.31458e-06 -4.46267e-07 -2.77071e-07 -1.2167e-07 -3.88554e-06 1.03038e-07 -8.02661e-08 6.14691e-07 -1.02541e-06
internal_weight=850 826 802 72 44 730 710 40 670 649 374 275
internal_count=850 826 802 72 44 730 710 40 670 649 374 275
is_linear=0
shrinkage=0.3


Tree=245
num_leaves=24
num_cat=0
split_feature=11 15 20 6 27 5 5 5 18 4 19 14 27 7 18 21 20 8 12 22 11 7 24
split_gain=2.5044e-08 2.37019e-07 1.78365e-07 4.99453e-08 3.82641e-08 9.10626e-09 8.67211e-09 1.38397e-08 8.63707e-09 1.21636e-08 7.70951e-09 8.22209e-09 1.16506e-08 1.09442e-08 6.52614e-09 7.13937e-09 9.59799e-09 8.61023e-09 1.14613e-08 8.5146e-09 5.51097e-09 4.81022e-09 3.51063e-09
threshold=45.988527241496477 0.010767194867865768 0.016604500000000005 0.011964610178237028 0.94246050000000003 0.011162820117635442 0.0071048227343272485 0.0077072814778119036 0.43411934898233112 11792600.000000002 0.51547150000000019 0.014209577634084808 0.80291000000000012 -0.0014620682657326869 0.7960825998636204 0.79274450000000007 0.063849500000000017 0.034320796630666513 0.001395746753107546 0.016223500000000005 36.357634659264669 0.003120175165727491 1.0000000180025095e-35
decision_type=2 2 2 2 2 2 2 2 2 2 2 2 2 2 2 2 2 2 2 2 2 2 2
left_child=1 3 -2 4 10 6 14 -8 9 -7 11 13 -13 -1 15 17 -17 18 -4 -19 -12 -9 -11
right_child=2 -3 5 -5 -6 8 7 21 -10 22 20 12 -14 -15 -16 16 -18 19 -20 -21 -22 -23 -24
leaf_value=-7.9459187544728143e-06 -2.8844378786061494e-05 3.3891611793706032e-05 -3.7495960534463597e-06 -1.3505579815634282e-05 1.3712632159581518e-05 -6.7376744660967754e-06 9.7538969033518111e-06 -1.7051543358093112e-06 -6.8465747378262848e-06 4.4849030672367002e-06 -1.284608379137353e-07 6.0096029160376921e-06 -2.5216154700929645e-06 1.5750323541396939e-07 3.7491115523226728e-06 -1.3529570708215033e-06 7.6135781408869334e-06 -5.0584236711464263e-06 1.794520386890023e-06 1.3736939873134595e-06 6.9141748360834747e-06 3.9930042316171918e-06 -8.2644692156463861e-07
leaf_weight=30 20 20 132 23 20 21 22 30 31 24 20 25 34 30 37 21 22 21 45 157 20 24 21
leaf_count=30 20 20 132 23 20 21 22 30 31 24 20 25 34 30 37 21 22 21 45 157 20 24 21
internal_value=-1.74467e-14 2.73884e-06 -9.6819e-07 -3.45588e-07 1.34536e-06 -5.12104e-08 4.54632e-07 3.41136e-06 -2.71601e-06 -7.75892e-07 -2.10271e-07 -1.42141e-06 1.09331e-06 -3.89421e-06 -6.19459e-08 -4.1624e-07 3.23457e-06 -8.58451e-07 -2.34007e-06 6.14849e-07 3.39286e-06 8.27361e-07 2.00627e-06
internal_weight=850 222 628 202 179 608 511 76 97 66 159 119 59 60 435 398 43 355 177 178 40 54 45
internal_count=850 222 628 202 179 608 511 76 97 66 159 119 59 60 435 398 43 355 177 178 40 54 45
is_linear=0
shrinkage=0.3


Tree=246
num_leaves=14
num_cat=0
split_feature=20 21 15 8 19 18 18 18 4 7 4 18 21
split_gain=4.02178e-08 1.34503e-08 1.0338e-08 9.66274e-09 7.49244e-09 4.70285e-09 1.07604e-08 6.27264e-09 6.25964e-09 5.93263e-09 3.88171e-09 3.47939e-09 1.25294e-09
threshold=0.015682500000000005 0.023222500000000004 0.010871017042149116 -0.012033704633335206 0.027504500000000005 0.79134265133729298 0.63117412479119983 0.50981916187414622 17567450.000000004 -0.017734605557850832 17225600.000000004 0.52438177149806298 0.29327650000000011
decision_type=2 2 2 2 2 2 2 2 2 2 2 2 2
left_child=-1 -2 5 -4 -5 6 7 9 -7 -3 -11 12 -6
right_child=1 2 3 4 11 8 -8 -9 -10 10 -12 -13 -14
leaf_value=1.1180922067361669e-05 -7.8756110139823114e-06 4.7992171086820152e-06 -8.6424519102885309e-06 2.2001066648513756e-06 -3.5052989323958169e-06 -9.5345396857737794e-07 -5.9510019040177347e-06 4.8402344165109609e-06 5.6201933389843363e-06 2.8370274704136098e-07 -1.6787806276253929e-06 -6.5949572582927161e-06 -1.4725280493621541e-07
leaf_weight=28 21 23 21 32 20 22 26 26 32 444 114 21 20
leaf_count=28 21 23 21 32 20 22 26 26 32 444 114 21 20
internal_value=4.5978e-14 -3.80859e-07 -1.84367e-07 -2.83012e-06 -1.51765e-06 2.54666e-07 2.54108e-08 2.81402e-07 2.94204e-06 7.73925e-08 -1.17235e-07 -3.46795e-06 -1.82628e-06
internal_weight=850 822 801 114 93 687 633 607 54 581 558 61 40
internal_count=850 822 801 114 93 687 633 607 54 581 558 61 40
is_linear=0
shrinkage=0.3


Tree=247
num_leaves=15
num_cat=0
split_feature=21 20 15 27 4 6 29 1 2 17 11 3 13 0
split_gain=3.16863e-08 1.52173e-08 5.06561e-09 6.5825e-09 7.2088e-09 1.06033e-08 6.18543e-09 3.6838e-09 3.80489e-09 1.32316e-08 7.75102e-09 6.94554e-09 4.63224e-09 6.73553e-09
threshold=0.023222500000000004 0.015682500000000005 0.010871017042149116 0.83271200000000012 12685250.000000002 0.0018886435234735878 1.5000000000000002 6.5721822397096856 5.4456391713054755 0.0045871986284678574 59.752409545394052 4.9521276950836191 0.012107158959289653 4.8202417301953266
decision_type=2 2 2 2 2 2 2 2 2 2 2 2 2 2
left_child=-1 -2 7 6 -5 -6 -4 8 11 10 -10 12 -3 -14
right_child=1 2 3 4 5 -7 -8 -9 9 -11 -12 -13 13 -15
leaf_value=9.9243983965737097e-06 -8.3099336474593388e-06 3.9528959650152292e-06 -1.2739596691655764e-06 -4.5726191325973721e-06 6.9996268523807094e-06 -2.144468122651233e-06 -8.2315225917593271e-06 3.5484588532673301e-06 5.1570243277123867e-06 -6.8013175287491783e-06 -1.8206353237366401e-06 4.2993668739040301e-06 6.9512183349329976e-08 -5.5485251618847535e-06
leaf_weight=28 21 26 23 22 21 25 23 28 23 31 38 37 484 20
leaf_count=28 21 26 23 22 21 25 23 28 23 31 38 37 484 20
internal_value=-2.22511e-14 -3.38057e-07 -1.29057e-07 -1.98108e-06 -1.06135e-07 2.03001e-06 -4.75274e-06 1.78266e-07 3.50711e-08 -1.75449e-06 8.10286e-07 3.25441e-07 4.80164e-08 -1.53426e-07
internal_weight=850 822 801 114 68 46 46 687 659 92 61 567 530 504
internal_count=850 822 801 114 68 46 46 687 659 92 61 567 530 504
is_linear=0
shrinkage=0.3


Tree=248
num_leaves=15
num_cat=0
split_feature=21 20 21 15 18 6 26 18 23 5 15 17 15 27
split_gain=2.95898e-08 1.43391e-07 1.52069e-08 3.57754e-09 5.03701e-09 4.31596e-09 9.8265e-09 5.88648e-09 8.30618e-09 5.37061e-09 5.92081e-09 5.35889e-09 4.21531e-09 2.39043e-09
threshold=0.022918000000000004 0.015682500000000005 0.028477000000000006 0.010767194867865768 0.42272241057979115 0.014751246897291589 0.47742500000000004 0.71595590859769476 0.36666650000000006 -0.013753731659219916 -0.012046600745418516 0.0057306589463874133 0.013092239873231694 0.81867400000000012
decision_type=2 2 2 2 2 2 2 2 2 2 2 2 2 2
left_child=-1 -2 -3 5 12 7 -7 9 -9 -4 -11 -10 -5 -14
right_child=1 2 3 4 -6 6 -8 8 11 10 -12 -13 13 -15
leaf_value=-1.0384067718405276e-05 2.4196857160838835e-05 -7.2206796948494559e-06 -3.8496837391534969e-06 -3.2392758949472091e-06 -4.6481441566876519e-06 -2.240956825971807e-06 6.402841531271092e-06 7.7621613149858592e-06 3.7467795617018851e-06 4.8258874617853774e-06 -3.1763097085262817e-07 -3.1980018241029026e-06 -1.196424614136049e-06 2.9490150769018535e-06
leaf_weight=24 22 28 37 29 35 20 29 20 20 21 493 20 21 31
leaf_count=24 22 28 37 29 35 20 29 20 20 21 493 20 21 31
internal_value=2.77036e-14 3.01716e-07 -3.52131e-07 -1.04297e-07 -1.64077e-06 1.6575e-07 2.87476e-06 -5.15024e-08 2.77031e-06 -3.58778e-07 -1.07487e-07 2.74389e-07 -3.4129e-07 1.2749e-06
internal_weight=850 826 804 776 116 660 49 611 60 551 514 40 81 52
internal_count=850 826 804 776 116 660 49 611 60 551 514 40 81 52
is_linear=0
shrinkage=0.3


Tree=249
num_leaves=14
num_cat=0
split_feature=21 20 21 8 29 11 4 18 8 15 12 20 12
split_gain=2.95876e-08 3.89217e-08 3.06235e-09 3.00693e-09 8.25931e-09 4.92935e-09 1.49396e-08 2.95621e-09 1.08411e-08 7.50118e-09 8.93699e-09 7.11019e-09 7.07639e-09
threshold=0.023222500000000004 0.015682500000000005 0.027480500000000001 -0.040741650927985699 1.5000000000000002 40.754815990161305 10060700.000000002 -0.50002548081288467 -0.025612545365969713 -0.0014044844667640396 -0.0017911627724567379 0.91917100000000007 0.00057139811168085898
decision_type=2 2 2 2 2 2 2 2 2 2 2 2 2
left_child=-1 -2 -3 4 -4 6 -5 9 -9 12 -11 -10 -7
right_child=1 2 3 5 -6 7 -8 8 11 10 -12 -13 -14
leaf_value=9.5901085972270392e-06 -1.3076010791987106e-05 3.4191839512973468e-06 -1.5242330755427247e-06 1.4685001019643096e-06 5.5757838992541296e-06 -2.5961722712963817e-07 -9.2003998556070398e-06 7.1021688268046997e-06 -2.4844535802219637e-07 -4.8922839206560243e-06 2.3473569477142808e-06 5.1450372859068491e-06 -7.8305315619218152e-06
leaf_weight=28 21 23 30 27 29 20 21 20 505 21 57 23 25
leaf_count=28 21 23 30 27 29 20 21 20 505 21 57 23 25
internal_value=-3.53248e-14 -3.2667e-07 7.58197e-09 -9.32752e-08 1.96561e-06 -2.62224e-07 -3.19914e-06 -5.2131e-08 2.46194e-07 -1.38125e-06 3.98223e-07 -1.3502e-08 -4.46568e-06
internal_weight=850 822 801 778 59 719 48 671 548 123 78 528 45
internal_count=850 822 801 778 59 719 48 671 548 123 78 528 45
is_linear=0
shrinkage=0.3


Tree=250
num_leaves=21
num_cat=0
split_feature=21 20 19 27 27 18 18 11 20 7 7 18 7 7 18 16 18 4 13 10
split_gain=2.8248e-08 1.03049e-07 1.39819e-08 2.84087e-09 7.12731e-09 7.83432e-09 1.07485e-08 1.44246e-08 9.36599e-09 4.79141e-09 8.03158e-09 8.80988e-09 7.76159e-09 6.90009e-09 1.35018e-08 9.21936e-09 8.63538e-09 9.17947e-09 4.84222e-09 3.44359e-09
threshold=0.022918000000000004 0.015682500000000005 -0.85957799999999984 0.72705000000000009 0.70102700000000018 -0.35476386313705466 0.12265856026077097 57.517105602482083 0.33359500000000003 -0.0064569259931427153 -0.0088439266464408039 0.20717405918638931 -0.015149991776231329 -0.0015661626188965487 -0.34246303346627011 0.0017512700486641494 -0.45988533052585595 15196650.000000002 0.014225462218290285 0.64465118139028721
decision_type=2 2 2 2 2 2 2 2 2 2 2 2 2 2 2 2 2 2 2 2
left_child=-1 -2 -3 4 5 -4 7 -7 -8 10 11 12 -5 14 -11 -16 18 -18 -15 -6
right_child=1 2 3 9 19 6 8 -9 -10 13 -12 -13 -14 16 15 -17 17 -19 -20 -21
leaf_value=-1.0145880287382169e-05 2.0551519355649361e-05 -7.5496572040008124e-06 -4.0112305057123994e-06 1.6500741802029432e-06 7.2625084510491429e-06 9.686632290595297e-06 2.9400747203999836e-06 2.0598255642570704e-08 -4.8984124773329202e-06 3.6472697193598181e-06 5.2978402240197203e-06 3.4830532053812624e-06 -5.5749454226372563e-06 4.6884726897035629e-07 5.568488893459289e-07 -6.9646749891076479e-06 2.0413712924269263e-06 -1.2582322804404157e-06 -5.028995267663128e-06 1.8234313441470557e-06
leaf_weight=24 22 23 34 23 20 24 23 33 34 21 33 36 32 21 20 55 158 146 46 22
leaf_count=24 22 23 34 23 20 24 23 33 34 21 33 36 32 21 20 55 158 146 46 22
internal_value=-1.07321e-14 2.94796e-07 -2.59493e-07 -4.48018e-08 9.64308e-07 -1.45083e-08 1.1775e-06 4.09051e-06 -1.73551e-06 -3.69219e-07 1.28848e-06 -1.65457e-07 -2.55357e-06 -8.09381e-07 -3.07633e-06 -4.95894e-06 -2.22785e-07 4.56693e-07 -3.30579e-06 4.41347e-06
internal_weight=850 826 804 781 190 148 114 57 57 591 124 91 55 467 96 75 371 304 67 42
internal_count=850 826 804 781 190 148 114 57 57 591 124 91 55 467 96 75 371 304 67 42
is_linear=0
shrinkage=0.3


Tree=251
num_leaves=13
num_cat=0
split_feature=21 20 22 15 10 6 0 29 2 6 21 10
split_gain=2.73852e-08 5.39079e-08 4.95458e-09 2.15236e-09 4.21799e-09 3.48268e-09 2.826e-09 8.71129e-09 3.98042e-09 3.1624e-09 9.68184e-09 4.45414e-09
threshold=0.023222500000000004 0.015682500000000005 0.90353450000000002 0.011461317805779312 0.97581307792510896 0.0019398849651730014 6.1431768962610827 1.5000000000000002 5.9751130047216607 -0.0060376964147566417 0.42430050000000002 -1.5180277665810096
decision_type=2 2 2 2 2 2 2 2 2 2 2 2
left_child=-1 -2 3 6 -5 -6 8 -8 9 10 -3 -11
right_child=1 2 -4 4 5 -7 7 -9 -10 11 -12 -13
leaf_value=9.2262821486396447e-06 -1.5318663021649368e-05 3.7715181692224829e-06 4.7415968261077525e-06 -3.8288616298001288e-06 2.5259758143647554e-06 -1.8506390749924623e-06 -1.2615295935584452e-06 6.7805305484760291e-06 -3.9802880533815447e-06 -3.8151936329431289e-06 -1.7603468236870867e-06 1.8412868613112777e-08
leaf_weight=28 21 70 20 38 30 36 27 22 22 29 48 459
leaf_count=28 21 70 20 38 30 36 27 22 22 29 48 459
internal_value=-1.11284e-14 -3.14277e-07 7.90961e-08 -4.03021e-08 -1.31097e-06 1.38731e-07 1.54896e-07 2.34919e-06 -1.6315e-08 1.27592e-07 1.52127e-06 -2.09404e-07
internal_weight=850 822 801 781 104 66 677 49 628 606 118 488
internal_count=850 822 801 781 104 66 677 49 628 606 118 488
is_linear=0
shrinkage=0.3


Tree=252
num_leaves=19
num_cat=0
split_feature=21 20 7 13 10 13 22 12 25 11 4 11 18 6 17 20 21 27
split_gain=2.67327e-08 8.4656e-08 1.47976e-08 3.27231e-09 5.48935e-09 1.07759e-08 9.34183e-09 7.06051e-09 9.30777e-09 7.56512e-09 5.12651e-09 4.58429e-09 4.24484e-09 4.11134e-09 7.53496e-09 1.04789e-08 5.54529e-09 4.58497e-09
threshold=0.022918000000000004 0.015682500000000005 -0.021302929805192897 0.017393071190041454 0.64465118139028721 0.018262641039720556 0.047629000000000005 0.00021842702449986813 0.36666650000000006 47.311815319992213 28943200.000000004 62.826196630973186 -0.34246303346627011 0.010772220527041224 0.0078431299217659664 0.38160350000000004 0.13543200000000002 0.81413200000000008
decision_type=2 2 2 2 2 2 2 2 2 2 2 2 2 2 2 2 2 2
left_child=-1 -2 -3 10 7 -6 -7 8 12 -10 13 -8 -5 14 17 -16 -15 -4
right_child=1 2 3 4 5 6 11 -9 9 -11 -12 -13 -14 16 15 -17 -18 -19
leaf_value=-9.8700015087160871e-06 1.8646957629574567e-05 -8.0744769011939107e-06 1.5908902741886897e-06 -6.6146900599051148e-06 -7.6569273079922605e-06 3.1137205079782382e-06 4.761964431862806e-07 4.5025123404963282e-06 -1.301214240356785e-06 6.1555722659250028e-06 4.5612806476268675e-06 -4.3264691128715984e-06 -1.3435969234168705e-06 -1.2764612682241765e-06 -8.0434079087865474e-06 1.2544819958293374e-06 4.6802231578952221e-06 -5.6186485020273876e-07
leaf_weight=24 22 21 153 20 26 36 27 31 24 25 26 53 44 22 24 20 39 213
leaf_count=24 22 21 153 20 26 36 27 31 24 25 26 53 44 22 24 20 39 213
internal_value=-3.68885e-14 2.8678e-07 -2.15613e-07 -4.83914e-09 -8.13307e-07 -2.13684e-06 -8.99583e-07 4.91847e-07 -6.08424e-07 2.50327e-06 4.60396e-07 -2.70557e-06 -2.99081e-06 2.3402e-07 -1.07861e-07 -3.81709e-06 2.53191e-06 3.38057e-07
internal_weight=850 826 804 783 286 142 116 144 113 49 497 80 64 471 410 44 61 366
internal_count=850 826 804 783 286 142 116 144 113 49 497 80 64 471 410 44 61 366
is_linear=0
shrinkage=0.3


Tree=253
num_leaves=12
num_cat=0
split_feature=21 20 20 7 9 7 7 4 27 10 15
split_gain=2.56862e-08 6.13973e-08 3.47759e-09 2.42639e-09 4.11138e-09 4.01159e-09 3.35138e-09 7.28948e-09 3.44938e-09 6.43326e-09 4.87284e-09
threshold=0.023222500000000004 0.015682500000000005 0.023690000000000006 -0.01342357719755587 0.020399186234086878 -0.011111278605293779 -0.0072816032095707238 9449550.0000000019 0.72705000000000009 0.57092663453960013 -0.01031476985606016
decision_type=2 2 2 2 2 2 2 2 2 2 2
left_child=-1 -2 -3 4 -4 -5 7 -7 9 -8 -10
right_child=1 2 3 5 -6 6 8 -9 10 -11 -12
leaf_value=8.9354959137771012e-06 -1.6317150727575477e-05 3.750986766086182e-06 -2.4749247507864254e-07 -3.9558095622282958e-06 4.8809342132472011e-06 -1.7876581874919462e-06 3.0630656632518589e-06 5.4541025475835905e-06 2.0091945286462999e-06 -7.4210484062232669e-07 -9.4394138470267499e-07
leaf_weight=28 21 23 34 24 24 22 74 29 57 87 427
leaf_count=28 21 23 34 24 24 22 74 29 57 87 427
internal_value=1.40763e-14 -3.04372e-07 1.15439e-07 7.96092e-09 1.87462e-06 -1.42408e-07 -1.09119e-08 2.33021e-06 -1.96023e-07 1.00686e-06 -5.96155e-07
internal_weight=850 822 801 778 58 720 696 51 645 161 484
internal_count=850 822 801 778 58 720 696 51 645 161 484
is_linear=0
shrinkage=0.3


Tree=254
num_leaves=17
num_cat=0
split_feature=15 5 20 4 6 16 8 19 9 22 10 10 10 14 11 6
split_gain=2.89942e-08 1.97364e-07 1.61633e-07 1.04308e-08 6.81211e-09 5.38968e-09 4.42092e-09 9.47661e-09 9.03589e-09 7.70637e-09 7.33468e-09 6.25324e-09 4.9708e-09 5.81491e-09 4.90952e-09 4.74752e-09
threshold=0.010841490420433336 0.0096063900469660034 0.016604500000000005 11022600.000000002 0.008302432369577525 0.0034903980558358837 0.057225885483949725 -0.30830299999999994 0.020933022854888617 0.039277500000000007 1.7390649788720864 1.0522411573296351 1.5148191916154332 0.0072569485931527023 66.464923069679585 0.014751246897291589
decision_type=2 2 2 2 2 2 2 2 2 2 2 2 2 2 2 2
left_child=2 -2 -1 -3 5 -5 10 -8 -9 -10 12 -11 13 -4 15 -15
right_child=1 3 6 4 -6 -7 7 8 9 11 -12 -13 -14 14 -16 -17
leaf_value=-2.4424442708550488e-05 3.0744307688174949e-05 -6.517204039028002e-06 -4.2279235594833155e-06 6.203030602591752e-06 -3.5339047103661864e-06 -2.1607663271542179e-08 7.7096442237234431e-06 5.4977013195849187e-06 3.7773375202445807e-06 -6.5709278309757637e-06 -4.7232327244361632e-06 -3.0359117056078546e-07 4.242313667646158e-06 -3.9496246659856169e-07 3.6085161047532726e-06 4.2238380241802325e-06
leaf_weight=25 21 25 30 21 25 31 20 26 23 23 31 38 24 433 33 21
leaf_count=25 21 25 30 21 25 31 20 26 23 23 31 38 24 433 33 21
internal_value=5.40713e-14 4.25973e-06 -7.20697e-07 -1.19298e-06 5.35665e-07 2.49219e-06 1.23454e-07 1.70265e-06 6.10465e-07 -9.0225e-07 -2.35454e-07 -2.66669e-06 2.17019e-08 -1.74226e-07 7.54885e-08 -1.81318e-07
internal_weight=850 123 727 102 77 52 702 130 110 84 572 61 541 517 487 454
internal_count=850 123 727 102 77 52 702 130 110 84 572 61 541 517 487 454
is_linear=0
shrinkage=0.3


Tree=255
num_leaves=16
num_cat=0
split_feature=20 18 17 15 5 13 9 14 28 9 27 10 13 22 29
split_gain=2.756e-08 1.41501e-08 4.98979e-09 3.6085e-09 1.70734e-08 3.41592e-09 3.65628e-09 1.1255e-08 8.6006e-09 2.48855e-08 7.62703e-09 5.59999e-09 2.26662e-09 2.88432e-09 3.31963e-09
threshold=0.015682500000000005 1.1476247267030459 0.010610077804864592 0.010767194867865768 0.0096063900469660034 0.011068480130498685 0.014955398574042647 0.02099097464448545 1.0000000180025095e-35 0.019009260600534188 0.77348750000000011 1.0231437970903274 0.014801772849351838 0.37649000000000005 1.5000000000000002
decision_type=2 2 2 2 2 2 2 2 2 2 2 2 2 2 2
left_child=-1 2 3 5 -5 -2 7 10 9 -8 -7 -10 -6 14 -14
right_child=1 -3 -4 4 12 6 8 -9 11 -11 -12 -13 13 -15 -16
leaf_value=9.2556800593359053e-06 -3.7669978058017608e-06 -7.4925882699972133e-06 3.2099815957036087e-06 -9.5529420670053319e-06 -2.7369169726755767e-06 -9.1485350282027858e-07 -1.18466532405457e-05 -4.7830328704938962e-06 -8.8545888716090966e-07 5.5858819044969156e-07 2.64893631766486e-06 1.8478094830051168e-06 2.1956205177854244e-06 3.8491847737986971e-06 -2.9062366053267399e-06
leaf_weight=28 21 24 39 21 21 78 22 28 172 43 176 111 22 20 24
leaf_count=28 21 24 39 21 21 78 22 28 172 43 176 111 22 20 24
internal_value=2.73325e-14 -3.15279e-07 -9.94197e-08 -2.69468e-07 -1.87546e-06 -3.03658e-09 1.22429e-07 9.25281e-07 -5.28158e-07 -3.64011e-06 1.55454e-06 1.866e-07 -2.22711e-08 8.4148e-07 -4.66218e-07
internal_weight=850 822 798 759 108 651 630 282 348 65 254 283 87 66 46
internal_count=850 822 798 759 108 651 630 282 348 65 254 283 87 66 46
is_linear=0
shrinkage=0.3


Tree=256
num_leaves=21
num_cat=0
split_feature=21 20 5 8 8 18 1 9 20 21 26 21 18 22 12 11 21 6 7 12
split_gain=2.28693e-08 9.61852e-08 1.08397e-08 3.38001e-09 6.13083e-09 4.88284e-09 7.23242e-09 7.1801e-09 7.40385e-09 5.737e-09 1.06423e-08 9.47516e-09 6.58754e-09 4.8236e-09 4.20184e-09 1.09052e-08 4.55484e-09 6.82273e-09 4.05649e-09 3.75524e-09
threshold=0.022918000000000004 0.015682500000000005 -0.016858247888690687 0.053558678796444652 0.057775256886614154 0.34783941628830412 5.139322167921601 0.012354896042924288 0.47563050000000007 0.41170600000000007 0.45226150000000004 0.35855950000000009 0.22246709578046106 0.11301200000000002 0.0014909646995393644 68.487057156494828 0.24094150000000003 0.0020902138856802089 -0.0015661626188965487 0.0032689158740170699
decision_type=2 2 2 2 2 2 2 2 2 2 2 2 2 2 2 2 2 2 2 2
left_child=-1 -2 -3 5 -5 9 7 13 -9 11 18 12 -4 -7 15 -6 17 -16 -11 -18
right_child=1 2 3 4 14 6 -8 8 -10 10 -12 -13 -14 -15 16 -17 19 -19 -20 -21
leaf_value=-9.1289825832063798e-06 1.9835756969851817e-05 -5.2159231598268788e-06 9.1318710520067422e-08 -6.1287250397867862e-06 -2.6742013062630575e-06 -4.2682192145093725e-07 -5.9607180403986609e-06 4.1043971971830192e-06 -1.9221899189680867e-06 -1.017941222760153e-06 7.2222795208268334e-06 -5.0536499627185092e-06 5.3133741872102296e-06 -6.7351244359770135e-06 4.5760576280632192e-11 6.6684102049211184e-06 3.02349523195744e-06 -7.479120061821444e-06 2.3773602315991917e-06 -1.7014770397819541e-06
leaf_weight=24 22 38 231 20 23 24 24 43 32 52 31 30 24 20 21 22 24 23 81 41
leaf_count=24 22 38 231 20 23 24 24 43 32 52 31 30 24 20 21 22 24 23 81 41
internal_value=-3.55857e-14 2.65249e-07 -2.70263e-07 -2.49165e-08 -1.18731e-06 3.16732e-07 -1.20996e-06 -2.51825e-07 1.53305e-06 8.02962e-07 2.21661e-06 -1.05049e-08 5.82806e-07 -3.29423e-06 -5.45565e-07 1.8933e-06 -1.55244e-06 -3.90952e-06 1.04987e-06 4.31281e-08
internal_weight=850 826 804 766 174 592 143 119 75 449 164 285 255 44 154 45 109 44 133 65
internal_count=850 826 804 766 174 592 143 119 75 449 164 285 255 44 154 45 109 44 133 65
is_linear=0
shrinkage=0.3


Tree=257
num_leaves=11
num_cat=0
split_feature=21 20 5 18 5 0 15 18 17 7
split_gain=2.7699e-08 4.79221e-08 4.59917e-09 3.10953e-09 3.32028e-09 5.38524e-09 3.55677e-09 3.49311e-09 9.29564e-09 4.81123e-09
threshold=0.023222500000000004 0.015682500000000005 -0.019992392883661749 1.0419838623646347 -0.011890775432913303 4.47838337565637 -0.01031476985606016 0.34904502930231429 0.0035746196239204854 0.0051431284703012349
decision_type=2 2 2 2 2 2 2 2 2 2
left_child=-1 -2 -3 4 5 -4 -6 9 -9 -8
right_child=1 2 3 -5 6 -7 7 8 -10 -11
leaf_value=9.2789847680510975e-06 -1.4462919957785353e-05 4.3324397893229614e-06 -3.9474976761887184e-08 2.9821305869761309e-06 3.5087329465568469e-06 -6.0632254091656661e-06 8.461894930727786e-07 9.6559743667512521e-07 -3.8550972088084258e-06 -1.1006941612125485e-06
leaf_weight=28 21 22 34 29 25 22 357 72 72 168
leaf_count=28 21 22 34 29 25 22 357 72 72 168
internal_value=-2.51984e-14 -3.16072e-07 5.48186e-08 -6.59871e-08 -1.83848e-07 -2.40595e-06 -4.54269e-09 -1.35831e-07 -1.44475e-06 2.23187e-07
internal_weight=850 822 801 779 750 56 694 669 144 525
internal_count=850 822 801 779 750 56 694 669 144 525
is_linear=0
shrinkage=0.3


Tree=258
num_leaves=12
num_cat=0
split_feature=21 20 20 5 9 17 17 6 10 8 3
split_gain=2.30953e-08 7.80883e-08 1.11161e-08 2.36426e-09 2.06019e-09 5.39816e-09 2.66111e-09 7.27983e-09 6.21817e-09 9.92529e-09 5.47172e-09
threshold=0.022918000000000004 0.015682500000000005 0.023083000000000003 -0.019992392883661749 0.0086041694461056993 0.0035874521200372662 0.0060180546518634635 0.01715917016098888 -0.83167427093575219 0.0019120279333318139 6.3333544731140146
decision_type=2 2 2 2 2 2 2 2 2 2 2
left_child=-1 -2 -3 -4 5 -5 7 10 -8 -10 -6
right_child=1 2 3 4 6 -7 8 -9 9 -11 -12
leaf_value=-9.1739831759696234e-06 1.7900152777821693e-05 -7.0274221457111706e-06 3.0327078200478101e-06 5.4997259678657421e-06 -5.3691140791857386e-07 -1.2393328584830272e-06 4.6985577751001981e-06 -5.2000582488274408e-06 -4.7188823520727391e-06 1.2380470562948463e-06 4.0145362836483401e-06
leaf_weight=24 22 21 22 20 484 23 30 29 32 118 25
leaf_count=24 22 21 22 20 484 23 30 29 32 118 25
internal_value=-2.05244e-14 2.66556e-07 -2.15955e-07 -3.32719e-08 -1.21907e-07 1.89511e-06 -2.42704e-07 -5.76772e-07 7.55789e-07 -3.27646e-08 -3.13363e-07
internal_weight=850 826 804 783 761 43 718 538 180 150 509
internal_count=850 826 804 783 761 43 718 538 180 150 509
is_linear=0
shrinkage=0.3


Tree=259
num_leaves=15
num_cat=0
split_feature=21 20 20 21 6 7 5 26 8 1 12 12 19 26
split_gain=2.502e-08 5.52768e-08 4.23921e-09 2.3082e-09 4.59293e-09 4.17762e-09 4.35969e-09 3.84308e-09 3.33778e-09 6.07769e-09 4.71628e-09 2.81696e-09 6.50376e-09 4.32745e-09
threshold=0.023222500000000004 0.015682500000000005 0.023690000000000006 0.056877500000000004 0.0073193345990822242 0.0014610101719062887 0.0019665214479322392 0.87169700000000006 0.081300349673998337 4.201326524854017 0.0057210247073478573 0.0032689158740170699 0.07089100000000001 0.076754000000000003
decision_type=2 2 2 2 2 2 2 2 2 2 2 2 2 2
left_child=-1 -2 -3 4 5 7 -7 -4 10 -10 11 13 -13 -5
right_child=1 2 3 8 -6 6 -8 -9 9 -11 -12 12 -14 -15
leaf_value=8.8188653892627497e-06 -1.5494089296095936e-05 4.111898029488815e-06 6.857045993058364e-06 2.455947386998129e-06 -1.6702490887909285e-06 -2.5059301983674231e-06 3.4365863191965213e-06 1.5925870651373612e-06 7.5539077261055351e-07 -5.7957812596389249e-06 4.156534448710495e-06 -6.5795463063977873e-06 2.3828131963241233e-07 -3.1524088846686212e-07
leaf_weight=28 21 23 24 57 38 25 20 26 25 26 23 20 34 460
leaf_count=28 21 23 24 57 38 25 20 26 25 26 23 20 34 460
internal_value=-4.24401e-14 -3.00399e-07 9.79371e-08 -2.07276e-08 1.11722e-06 2.23221e-06 1.35188e-07 4.11953e-06 -2.55374e-07 -2.58442e-06 -5.54055e-08 -2.25063e-07 -2.28684e-06 -9.71336e-09
internal_weight=850 822 801 778 133 95 45 50 645 51 594 571 54 517
internal_count=850 822 801 778 133 95 45 50 645 51 594 571 54 517
is_linear=0
shrinkage=0.3


Tree=260
num_leaves=16
num_cat=0
split_feature=21 20 21 11 11 18 18 5 18 11 0 11 9 19 7
split_gain=2.2562e-08 6.90634e-08 1.17041e-08 1.88837e-09 6.82374e-09 4.7057e-09 8.78474e-09 4.4411e-09 4.02633e-09 3.84775e-09 3.59147e-09 3.48235e-09 3.99351e-09 4.77949e-09 4.63852e-09
threshold=0.022918000000000004 0.015682500000000005 0.028477000000000006 67.543277683994106 65.454514887097858 -0.2252098314018087 -0.023787172895869374 0.0018886435234735878 -0.43772253273412337 71.623349095261588 4.6542507541130673 63.78876210131849 0.028835513979042451 1.0000000180025095e-35 -0.0022740018219388632
decision_type=2 2 2 2 2 2 2 2 2 2 2 2 2 2 2
left_child=-1 -2 -3 4 11 8 -7 -6 -5 -8 -11 12 14 -14 -4
right_child=1 2 3 5 7 6 9 -9 -10 10 -12 -13 13 -15 -16
leaf_value=-9.0674477633001516e-06 1.6846793832056311e-05 -6.2161021753175709e-06 -1.242926686211555e-06 -1.2433505898827759e-06 1.006950325468381e-06 -6.0510148903796848e-06 -2.8431471217338355e-06 6.8512735197145952e-06 4.2566477845866759e-06 4.1312235196592743e-06 -9.2818094360934203e-07 -3.2215142202231025e-06 -2.3821210796930764e-07 6.162340118212991e-06 6.4478744441135619e-07
leaf_weight=24 22 28 191 23 25 33 32 22 25 23 28 29 21 21 303
leaf_count=24 22 28 191 23 25 33 32 22 25 23 28 29 21 21 303
internal_value=1.57258e-14 2.63461e-07 -1.90312e-07 2.71136e-08 2.69373e-07 -8.76927e-07 -1.91065e-06 3.74259e-06 1.62123e-06 -2.64478e-07 1.35351e-06 -1.95498e-08 1.53691e-07 2.96206e-06 -8.50777e-08
internal_weight=850 826 804 776 612 164 116 47 48 83 51 565 536 42 494
internal_count=850 826 804 776 612 164 116 47 48 83 51 565 536 42 494
is_linear=0
shrinkage=0.3


Tree=261
num_leaves=17
num_cat=0
split_feature=21 20 21 22 18 21 17 0 0 13 28 12 20 8 6 26
split_gain=2.33756e-08 5.8344e-08 3.89779e-09 1.8404e-09 2.19438e-09 4.1367e-09 1.11329e-08 8.08599e-09 7.42255e-09 5.69284e-09 4.27721e-09 3.70288e-09 9.07782e-09 4.20733e-09 8.37709e-09 5.81927e-09
threshold=0.023222500000000004 0.015682500000000005 0.027480500000000001 0.008681000000000003 0.059653674238691688 0.43199500000000007 0.001904714675176654 4.1258099954203162 4.2766381765283716 0.017138016502513256 1.0000000180025095e-35 -0.0034300732100454152 0.23289000000000001 -0.0059528709805934657 -0.0018867747324997309 0.59274150000000014
decision_type=2 2 2 2 2 2 2 2 2 2 2 2 2 2 2 2
left_child=-1 -2 -3 -4 11 7 -7 10 -9 -8 -6 12 -5 14 -13 -15
right_child=1 2 3 4 5 6 9 8 -10 -11 -12 13 -14 15 -16 -17
leaf_value=8.5241370600540123e-06 -1.589990100520871e-05 3.9678122260264228e-06 -2.5811396247021889e-06 2.6725423515966647e-06 -5.7700003925343808e-06 -7.0564115305685463e-06 1.9109053213291506e-06 5.6641390998383061e-06 4.3362486534108577e-07 -3.6428436623317302e-06 -8.5728984510853535e-07 -5.0884765373001107e-07 -5.2492862982944642e-06 1.4546746723970666e-06 5.3027984210172815e-06 -1.297646804450439e-06
leaf_weight=28 21 23 24 23 22 29 46 31 115 26 58 41 30 165 49 119
leaf_count=28 21 23 24 23 22 29 46 31 115 26 58 41 30 165 49 119
internal_value=-2.46002e-14 -2.9036e-07 1.18879e-07 5.09304e-09 8.74134e-08 -4.97419e-07 -2.09355e-06 2.15895e-07 1.54421e-06 -9.46151e-08 -2.20829e-06 5.35282e-07 -1.81151e-06 8.6785e-07 2.65527e-06 3.01413e-07
internal_weight=850 822 801 778 754 327 101 226 146 72 80 427 53 374 90 284
internal_count=850 822 801 778 754 327 101 226 146 72 80 427 53 374 90 284
is_linear=0
shrinkage=0.3


Tree=262
num_leaves=16
num_cat=0
split_feature=21 20 19 11 19 4 18 17 11 4 13 11 18 4 17
split_gain=2.17582e-08 6.40568e-08 1.06426e-08 2.46606e-09 6.08969e-09 2.20214e-09 5.14887e-09 6.0813e-09 5.29617e-09 5.0471e-09 4.57837e-09 3.9314e-09 5.4934e-09 5.35943e-09 2.14738e-09
threshold=0.022918000000000004 0.015682500000000005 -0.85957799999999984 74.012758340980341 0.13976700000000003 7915400.0000000009 -0.10087561997598628 0.0055147632687039408 58.119620881259635 8243700.0000000009 0.015503186849110848 60.630928729011472 0.1068684959176017 9594600.0000000019 0.0069613820701097092
decision_type=2 2 2 2 2 2 2 2 2 2 2 2 2 2 2
left_child=-1 -2 -3 5 -5 6 7 10 -8 -7 -4 13 -13 -11 -9
right_child=1 2 3 4 -6 9 8 14 -10 11 -12 12 -14 -15 -16
leaf_value=-8.9044546484728933e-06 1.6229668682916035e-05 -6.5386051924969768e-06 5.5040606043902427e-06 -5.808410490715232e-06 4.9437535019970287e-07 5.1440948465142351e-06 -8.5129547999512556e-07 -4.6952765242735947e-06 -6.9107647959754095e-06 -3.3348534299314431e-06 4.7678732611546235e-07 2.7517044181137671e-06 -3.6259641263980982e-07 1.4021291434573867e-07 -6.8212873202355698e-07
leaf_weight=24 22 23 23 22 37 20 34 20 21 47 56 110 95 266 30
leaf_count=24 22 23 23 22 37 20 34 20 21 47 56 110 95 266 30
internal_value=-3.57551e-14 2.58725e-07 -1.78291e-07 9.01676e-09 -1.85582e-06 1.61406e-07 -7.34489e-07 3.01737e-07 -3.16491e-06 4.67809e-07 1.94042e-06 2.87257e-07 1.30849e-06 -3.81602e-07 -2.28739e-06
internal_weight=850 826 804 781 59 722 184 129 55 538 79 518 205 313 50
internal_count=850 826 804 781 59 722 184 129 55 538 79 518 205 313 50
is_linear=0
shrinkage=0.3


Tree=263
num_leaves=15
num_cat=0
split_feature=21 20 22 2 14 9 13 13 0 0 2 27 6 20
split_gain=2.19418e-08 5.9154e-08 5.43653e-09 2.24297e-09 3.89183e-09 4.41633e-09 5.1414e-09 4.13177e-09 3.70422e-09 3.63432e-09 4.53654e-09 3.75963e-09 3.35614e-09 3.26209e-09
threshold=0.023222500000000004 0.015682500000000005 0.86034200000000005 3.9579149669114364 0.011773393169797523 0.013477972832999887 0.01680204922708305 0.019030818863052464 4.034650298043986 4.0883436045572958 4.119024825635214 0.85172550000000002 0.0041111577156797887 0.3047990000000001
decision_type=2 2 2 2 2 2 2 2 2 2 2 2 2 2
left_child=-1 -2 3 4 -3 6 -6 12 -5 -10 11 -11 -7 -12
right_child=1 2 -4 8 5 7 -8 -9 9 10 13 -13 -14 -15
leaf_value=8.2585683717947428e-06 -1.5998831200444589e-05 3.6706909479700718e-06 4.4851408497379452e-06 -3.1498224314562222e-06 -5.3571728753725083e-06 1.0918757502291023e-06 9.1966932505016528e-07 -1.423703392902098e-06 3.6036676162794999e-06 -5.583659285548492e-06 -9.2994377117722009e-07 -6.5233729884539563e-08 5.7311751007823062e-06 6.3998285808935306e-07
leaf_weight=28 21 37 25 38 23 36 24 30 23 25 198 20 23 299
leaf_count=28 21 37 25 38 23 36 24 30 23 25 198 20 23 299
internal_value=4.66405e-14 -2.81314e-07 1.30756e-07 -9.52699e-09 9.42694e-07 2.00519e-07 -2.15198e-06 1.44285e-06 -2.82718e-07 -8.98864e-08 -2.46624e-07 -3.13103e-06 2.90042e-06 1.45393e-08
internal_weight=850 822 801 776 173 136 47 89 603 565 542 45 59 497
internal_count=850 822 801 776 173 136 47 89 603 565 542 45 59 497
is_linear=0
shrinkage=0.3


Tree=264
num_leaves=14
num_cat=0
split_feature=21 20 26 8 6 22 3 18 18 14 18 10 3
split_gain=2.08215e-08 6.09321e-08 1.09859e-08 2.07363e-09 2.95753e-09 2.84809e-09 2.44005e-09 6.00342e-09 1.48172e-08 7.68922e-09 5.04908e-09 6.77471e-09 4.90202e-09
threshold=0.022918000000000004 0.015682500000000005 0.92998350000000019 -0.040741650927985699 -0.020312799308086594 0.19658000000000003 4.0305771827697763 -0.14257160593770948 -0.10375018303679805 0.0096813154713644833 0.076527345723151757 0.19092486969948338 3.9501538276672368
decision_type=2 2 2 2 2 2 2 2 2 2 2 2 2
left_child=-1 -2 3 5 -5 -3 10 9 -9 -8 12 -12 -6
right_child=1 2 -4 4 6 -7 7 8 -10 -11 11 -13 -14
leaf_value=-8.710688825885882e-06 1.5829635594855061e-05 -1.958362206137694e-07 -6.7846679795283389e-06 -3.7264024625471844e-06 1.2066201595909848e-06 3.9178138447734256e-06 -5.2402758299763265e-06 7.9686345527947687e-06 -8.5952292871614493e-08 -6.7934662087765216e-07 2.4526249599635513e-06 -3.7324258925066811e-06 6.2843523323863332e-06
leaf_weight=24 22 33 22 20 77 28 42 22 313 160 28 37 22
leaf_count=24 22 33 22 20 77 28 42 22 313 160 28 37 22
internal_value=-9.89546e-15 2.53095e-07 -1.73129e-07 1.28737e-08 -1.29222e-07 1.6924e-06 -2.65919e-08 -3.35903e-07 4.43006e-07 -1.62766e-06 9.86215e-07 -1.0681e-06 2.33501e-06
internal_weight=850 826 804 782 721 61 701 537 335 202 164 65 99
internal_count=850 826 804 782 721 61 701 537 335 202 164 65 99
is_linear=0
shrinkage=0.3


Tree=265
num_leaves=10
num_cat=0
split_feature=21 20 26 16 18 4 2 3 7
split_gain=2.09479e-08 5.88209e-08 5.60962e-09 1.82165e-09 5.198e-09 2.6167e-09 2.13654e-09 2.33907e-09 2.21462e-09
threshold=0.023222500000000004 0.015682500000000005 0.92835300000000009 0.010783144164110773 -0.089690350462737101 33065550.000000004 3.1741717382587136 3.4480662345886235 -0.0075547135593042958
decision_type=2 2 2 2 2 2 2 2 2
left_child=-1 -2 3 5 -5 6 -3 -8 -9
right_child=1 2 -4 4 -6 -7 7 8 -10
leaf_value=8.0693647013114446e-06 -1.5948072398584503e-05 -3.0351560349828328e-06 5.0971865854521072e-06 -1.7956369549665394e-06 4.6374092606199087e-06 -2.6370802492528943e-06 2.5361277175594456e-06 1.2440196776099452e-06 -2.6152641585699612e-07
leaf_weight=28 21 20 20 20 26 35 34 105 541
leaf_count=28 21 20 20 20 26 35 34 105 541
internal_value=1.50543e-14 -2.74869e-07 1.36039e-07 8.99307e-09 1.84043e-06 -1.05628e-07 2.0945e-08 1.1083e-07 -1.68169e-08
internal_weight=850 822 801 781 46 735 700 680 646
internal_count=850 822 801 781 46 735 700 680 646
is_linear=0
shrinkage=0.3


Tree=266
num_leaves=12
num_cat=0
split_feature=21 20 7 17 0 13 15 15 21 26 0
split_gain=1.99119e-08 5.87121e-08 1.25323e-08 1.80556e-09 2.25749e-09 2.48173e-09 7.94128e-09 5.79721e-09 6.18975e-09 5.41956e-09 5.23476e-09
threshold=0.022918000000000004 0.015682500000000005 -0.021302929805192897 0.01132078849789637 6.6473685199875758 0.018695702038823179 -0.0086487105527114725 -0.0017574256492297511 0.26816150000000005 0.80312350000000021 6.0547217722780893
decision_type=2 2 2 2 2 2 2 2 2 2 2
left_child=-1 -2 -3 4 5 7 -7 8 -4 -8 -9
right_child=1 2 3 -5 -6 6 9 10 -10 -11 -12
leaf_value=-8.5182915654513636e-06 1.5537657397792579e-05 -7.4032521281099304e-06 -7.651155335003529e-08 -2.4853906092658914e-06 2.9092012193814294e-06 -6.357116402258808e-06 7.5713072849373826e-07 -1.4680740855314507e-07 3.1061797151720182e-06 -4.6571944994866498e-06 -4.7276563226006372e-06
leaf_weight=24 22 21 111 25 25 22 99 348 109 20 24
leaf_count=24 22 21 111 25 25 22 99 348 109 20 24
internal_value=4.27956e-15 2.47505e-07 -1.70882e-07 2.30892e-08 1.05823e-07 1.02095e-08 -1.12088e-06 2.79608e-07 1.50037e-06 -1.5284e-07 -4.42346e-07
internal_weight=850 826 804 783 758 733 141 592 220 119 372
internal_count=850 826 804 783 758 733 141 592 220 119 372
is_linear=0
shrinkage=0.3


Tree=267
num_leaves=22
num_cat=0
split_feature=21 20 22 21 21 6 9 9 27 6 2 13 18 5 18 0 17 17 5 16 14
split_gain=1.95893e-08 5.79679e-08 3.46224e-09 1.71266e-09 5.27873e-09 4.5903e-09 7.31508e-09 7.376e-09 4.47378e-09 6.04356e-09 1.32759e-08 9.08487e-09 5.88472e-09 8.2078e-09 7.24476e-09 4.45981e-09 2.93206e-09 6.09271e-09 7.64477e-09 3.23207e-09 2.89678e-09
threshold=0.023222500000000004 0.015682500000000005 0.90353450000000002 0.20047450000000003 0.24094150000000003 0.0035117645024903285 0.01075474189623539 0.014430094053506428 0.80790850000000003 -1.0000000180025095e-35 4.6006495690892448 0.014041046902770549 -0.030713479496232755 0.0019194232881242894 -0.43772253273412337 3.9892963485714028 0.0061334394219259422 0.0019980657250638196 0.0069205356325528463 0.003683237856129467 0.013837374343828241
decision_type=2 2 2 2 2 2 2 2 2 2 2 2 2 2 2 2 2 2 2 2 2
left_child=-1 -2 3 5 -5 6 -3 20 9 10 -6 -11 14 -14 -10 -9 17 18 -7 -19 -8
right_child=1 2 -4 4 8 16 7 15 12 11 -12 -13 13 -15 -16 -17 -18 19 -20 -21 -22
leaf_value=7.8032894992117816e-06 -1.582494812412603e-05 6.3616455572628176e-06 4.0396812823928481e-06 -3.6947434769498802e-06 4.3459812161931068e-07 4.4566295141224978e-06 1.5024980598354887e-07 -1.822318333779549e-06 -2.0379580022394602e-06 -5.7598258684305135e-06 8.4048241408001762e-06 7.622793880010738e-07 -4.8928018208016517e-06 2.0537178026340069e-07 2.8253765594854484e-06 3.1740867735529385e-06 1.4998706918894249e-06 -1.7854615342522654e-06 -3.5630826937449456e-06 -7.114252737210335e-06 -4.7864240800861252e-06
leaf_weight=28 21 25 20 38 62 23 20 20 51 23 27 117 60 54 60 82 35 21 20 20 23
leaf_count=28 21 25 20 38 62 23 20 20 51 23 27 117 60 54 60 82 35 21 20 20 23
internal_value=-2.0979e-14 -2.65806e-07 1.42112e-07 4.23024e-08 -2.98182e-07 6.2195e-07 1.62228e-06 8.05145e-07 -1.38883e-08 9.1959e-07 2.85253e-06 -3.09209e-07 -9.63961e-07 -2.47788e-06 5.90871e-07 2.1944e-06 -8.07088e-07 -1.76832e-06 7.26531e-07 -4.38487e-06 -2.4903e-06
internal_weight=850 822 801 781 492 289 170 145 454 229 89 140 225 114 111 102 119 84 43 41 43
internal_count=850 822 801 781 492 289 170 145 454 229 89 140 225 114 111 102 119 84 43 41 43
is_linear=0
shrinkage=0.3


Tree=268
num_leaves=21
num_cat=0
split_feature=18 18 20 22 14 17 23 6 9 15 15 17 4 12 4 4 10 16 8 13
split_gain=1.9592e-08 1.57995e-07 8.98171e-08 2.96046e-08 3.0456e-09 5.53925e-09 7.6566e-09 5.28196e-09 4.75129e-09 6.59359e-09 5.03616e-09 4.49252e-09 5.41425e-09 5.60094e-09 4.42917e-09 7.23524e-09 2.41393e-09 2.39266e-09 1.92816e-09 1.85557e-09
threshold=0.66757328690076101 0.79134265133729298 0.014942500000000003 0.46958150000000004 0.019125449294548406 0.0078431299217659664 0.45000000000000007 -0.013929636359741744 0.011421395030965741 0.0079365786957699049 -0.00060387857514145515 0.0027193880776005624 19641200.000000004 0.0008844450331885619 6450200.0000000009 7520100.0000000009 1.6414169562926144 0.0048485634400579104 0.014730026980850918 0.018011050173001888
decision_type=2 2 2 2 2 2 2 2 2 2 2 2 2 2 2 2 2 2 2 2
left_child=2 -2 -1 18 5 7 -7 -4 -6 10 19 14 13 -13 -9 -16 17 -11 -3 -10
right_child=1 3 4 -5 8 6 -8 11 9 16 -12 12 -14 -15 15 -17 -18 -19 -20 -21
leaf_value=-1.9874135055683186e-05 2.7089002849476986e-05 2.8317274147903229e-06 -3.5090435337300124e-06 -1.2127857914947527e-05 -2.7056404815368751e-06 -7.1975138496327419e-06 4.6386723648413017e-08 2.5372219141672756e-06 3.695410919135611e-06 3.721857327475066e-07 7.2558382310924803e-06 1.8898508462640961e-06 4.7842092973926498e-06 -1.2343938875361811e-06 -6.6745496280873336e-06 -6.3652084371057581e-07 2.1122957966213106e-06 -4.1564424870037847e-06 -5.420469210548617e-07 4.6468873868832358e-07
leaf_weight=21 21 31 36 20 25 24 29 32 32 21 23 125 32 88 20 167 20 21 30 32
leaf_count=21 21 31 36 20 25 24 29 32 32 21 23 125 32 88 20 167 20 21 30 32
internal_value=2.63369e-14 3.90033e-06 -5.31864e-07 -2.11154e-06 2.68539e-08 -3.17577e-07 -3.23387e-06 -8.4501e-09 1.12151e-06 1.76365e-06 3.44836e-06 2.63148e-07 1.14571e-06 5.99083e-07 -7.24196e-07 -1.2823e-06 -6.00379e-07 -1.89213e-06 1.17249e-06 2.08005e-06
internal_weight=850 102 748 81 727 553 53 500 174 149 87 464 245 213 219 187 62 42 61 64
internal_count=850 102 748 81 727 553 53 500 174 149 87 464 245 213 219 187 62 42 61 64
is_linear=0
shrinkage=0.3


Tree=269
num_leaves=18
num_cat=0
split_feature=15 7 26 5 18 26 20 13 19 9 7 16 6 9 13 13 16
split_gain=2.23495e-08 1.53095e-07 8.4622e-08 7.0996e-09 8.95633e-09 5.12093e-09 6.77551e-09 5.60463e-09 3.82535e-09 3.25837e-09 1.99993e-09 5.96196e-09 9.31332e-09 5.43629e-09 5.3247e-09 8.64195e-09 7.35269e-09
threshold=0.010841490420433336 -0.0060376964147566417 0.94134250000000008 0.018129723348919578 0.099820562961745393 0.92998350000000019 0.030832000000000002 0.016542376275315303 -0.7581969999999999 0.021280971770929902 -0.0017197250205769441 0.0018083223840902145 0.0078140786957206342 0.010704177709799137 0.014637925655320868 0.015895538026342877 0.0037783549271428753
decision_type=2 2 2 2 2 2 2 2 2 2 2 2 2 2 2 2 2
left_child=2 -2 5 4 -3 6 7 -1 -8 -5 11 12 -10 -13 16 -16 -12
right_child=1 3 -4 9 -6 -7 8 -9 10 -11 14 13 -14 -15 15 -17 -18
leaf_value=-7.5663445599616351e-06 2.7065856981575312e-05 -2.0732771064869761e-07 -1.9876533915521577e-05 4.7611918989787232e-06 -7.609935774155473e-06 4.6436811584271703e-06 3.9908689716737304e-06 -4.6411538846768961e-07 -5.7980507285508285e-06 -6.540989198811075e-07 3.8568309692621483e-06 3.9217565977927342e-06 2.0379524909230893e-06 -6.2716152961465803e-07 -3.8971480526365315e-06 4.0692082700597309e-07 -1.1761530912258976e-06
leaf_weight=20 21 38 20 20 24 20 21 20 43 20 72 28 20 152 52 218 41
leaf_count=20 21 38 20 20 24 20 21 20 43 20 72 28 20 152 52 218 41
internal_value=4.02702e-14 3.7399e-06 -6.32748e-07 -1.0625e-06 -3.07285e-06 -8.83695e-08 -2.26129e-07 -4.01523e-06 8.12727e-09 2.05355e-06 -1.25479e-07 -7.98669e-07 -3.31043e-06 8.0448e-08 3.01636e-07 -4.22011e-07 2.0307e-06
internal_weight=850 123 727 102 62 707 687 40 647 40 626 243 63 180 383 270 113
internal_count=850 123 727 102 62 707 687 40 647 40 626 243 63 180 383 270 113
is_linear=0
shrinkage=0.3


Tree=270
num_leaves=26
num_cat=0
split_feature=22 18 18 7 12 8 27 15 13 12 9 0 8 9 6 14 11 15 18 1 12 3 27 10 4
split_gain=4.0155e-08 5.28245e-09 2.00247e-08 4.81018e-09 4.48267e-09 7.32947e-09 9.84804e-09 9.40998e-09 5.01843e-09 4.78872e-09 7.09865e-09 7.30951e-09 6.84742e-09 6.1637e-09 4.27939e-09 3.95966e-09 3.87886e-09 3.33733e-09 4.91778e-09 5.91767e-09 7.33833e-09 7.32946e-09 3.15716e-09 3.0334e-09 2.89473e-09
threshold=0.9564680000000001 0.63117412479119983 0.7960825998636204 0.0023751990206819788 1.0000000180025095e-35 0.020840866332200569 0.82702000000000009 0.0019231280333258805 0.016633760534976071 0.00071958176825193977 0.017623382181112202 4.4730731091073475 0.040217267056641588 0.016350180420991081 0.0033417072424127103 0.020691532368684092 66.878379803449903 0.007398341023091815 -0.66594153103884002 4.3761198325488069 -0.0012906839171580736 5.9043490886688241 0.80790850000000003 1.1523192741940298 17567450.000000004
decision_type=2 2 2 2 2 2 2 2 2 2 2 2 2 2 2 2 2 2 2 2 2 2 2 2 2
left_child=1 4 -3 24 16 6 8 -8 -6 12 13 23 -7 14 -11 -13 17 18 -1 20 -20 -21 -19 -12 -4
right_child=-2 2 3 -5 5 9 7 -9 -10 10 11 15 -14 -15 -16 -17 -18 22 19 21 -22 -23 -24 -25 -26
leaf_value=3.3846170794049613e-06 1.2364322980789914e-05 -8.7366298213823718e-06 -4.4777243886073848e-06 2.8936130820511607e-06 -3.8462215931645001e-06 -1.5086012140841375e-06 9.9114532128510292e-06 1.9038158971592823e-06 2.1426866711033866e-06 1.6020886955629977e-06 -4.6568642047036112e-06 4.132084231806792e-06 5.9388188105913281e-06 -7.0524000662430811e-06 -3.7539026180866131e-06 -7.1265065974495714e-07 -4.5747231381384428e-06 -2.4388710357925446e-07 -5.8978535242282251e-07 2.3456289260445562e-06 -5.6370096236995385e-06 -3.6835401152015751e-06 -4.6812059145674039e-06 -2.7114954271212354e-07 5.6532170284689135e-07
leaf_weight=32 23 31 20 35 20 20 25 28 34 25 22 49 25 24 29 22 23 27 100 86 35 23 31 40 21
leaf_count=32 23 31 20 35 20 20 25 28 34 25 22 49 25 24 29 22 23 27 100 86 35 23 31 40 21
internal_value=-3.55919e-15 -3.43869e-07 -2.31067e-06 3.10444e-07 -5.158e-08 6.90763e-07 2.77589e-06 5.681e-06 -7.54275e-08 -1.80755e-07 -7.79961e-07 5.52608e-07 2.62885e-06 -3.05216e-06 -1.27428e-06 2.6309e-06 -8.06399e-07 -5.46904e-07 -1.12186e-07 -5.70784e-07 -1.89832e-06 1.07342e-06 -2.61556e-06 -1.82737e-06 -1.8947e-06
internal_weight=850 827 107 76 720 363 107 53 54 256 211 133 45 78 54 71 357 334 276 244 135 109 58 62 41
internal_count=850 827 107 76 720 363 107 53 54 256 211 133 45 78 54 71 357 334 276 244 135 109 58 62 41
is_linear=0
shrinkage=0.3


Tree=271
num_leaves=12
num_cat=0
split_feature=20 7 20 6 6 7 19 28 5 27 13
split_gain=2.18735e-08 8.51831e-09 6.19813e-09 2.326e-09 2.68508e-09 1.90889e-09 3.39503e-09 6.83323e-09 5.50923e-09 3.16276e-09 3.11904e-09
threshold=0.014942500000000003 -0.021302929805192897 0.023083000000000003 -0.021476095166790981 -0.016559343363491772 -0.0053007480086444238 -0.045225999999999995 1.0000000180025095e-35 -0.0014727321974019653 0.94628400000000013 0.018842420689385884
decision_type=2 2 2 2 2 2 2 2 2 2 2
left_child=-1 -2 -3 -4 -5 6 8 -8 -6 10 -7
right_child=1 2 3 4 5 9 7 -9 -10 -11 -12
leaf_value=8.9280152906212606e-06 -6.224214468326344e-06 4.4527381143885015e-06 -3.4493581392780469e-06 3.258202906835095e-06 8.0932279790711337e-08 4.5811530398883572e-07 -5.1900779618563322e-06 9.595859533394824e-07 -5.9330525651791413e-06 -3.7157115541219804e-06 -1.3844202733748311e-06
leaf_weight=24 21 26 20 20 26 456 20 87 29 20 101
leaf_count=24 21 26 20 20 26 456 20 87 29 20 101
internal_value=-2.00251e-14 -2.5941e-07 -1.03806e-07 -2.55886e-07 -1.71736e-07 -2.64563e-07 -1.17452e-06 -1.89884e-07 -3.09008e-06 -9.08163e-09 1.24011e-07
internal_weight=850 826 805 779 759 739 162 107 55 577 557
internal_count=850 826 805 779 759 739 162 107 55 577 557
is_linear=0
shrinkage=0.3


Tree=272
num_leaves=17
num_cat=0
split_feature=4 21 4 4 20 22 22 11 4 14 4 27 12 1 5 11
split_gain=1.85102e-08 1.79329e-07 1.08137e-07 1.24972e-08 1.82991e-08 6.76212e-09 4.35467e-09 3.56465e-09 2.73377e-09 2.40254e-09 4.356e-09 3.06199e-09 5.2743e-09 4.55953e-09 3.024e-09 1.9086e-09
threshold=22042050.000000004 0.023222500000000004 23490700.000000004 20621900.000000004 0.017342500000000004 0.52166450000000009 0.27225000000000005 57.200099837098826 18993000.000000004 0.015682864780358019 16926250.000000004 0.79668250000000007 0.00052709698124385831 4.3568085354911412 0.0017392520238691659 65.454514887097858
decision_type=2 2 2 2 2 2 2 2 2 2 2 2 2 2 2 2
left_child=1 -1 -2 4 -3 6 7 -4 9 10 14 13 -13 -11 -6 -9
right_child=2 3 5 -5 8 -7 -8 15 -10 11 -12 12 -14 -15 -16 -17
leaf_value=2.8634364298341097e-05 -2.2996027779039907e-05 -8.741620922592119e-06 3.7165392650026855e-06 6.5408191369797919e-06 -5.6102670037828151e-07 5.3450132963916981e-06 -3.5241083624787899e-06 -2.8792977063445011e-06 -2.7877720175307659e-06 1.9985834047783358e-06 4.4823283429729562e-06 -3.3381752821242119e-06 3.3896855442931565e-07 -2.7897258962639169e-06 1.2039170334285382e-06 9.5200801729333759e-07
leaf_weight=20 21 23 23 24 197 20 33 22 33 63 23 75 66 25 157 25
leaf_count=20 21 23 23 24 197 20 33 22 33 63 23 75 66 25 157 25
internal_value=-3.06108e-16 6.3226e-07 -3.09983e-06 -1.84127e-07 -4.27932e-07 2.97079e-07 -6.83102e-07 6.56229e-07 -1.28691e-07 1.611e-08 4.81661e-07 -7.50321e-07 -1.61696e-06 6.38268e-07 2.21731e-07 -8.41369e-07
internal_weight=850 706 144 686 662 123 103 70 639 606 377 229 141 88 354 47
internal_count=850 706 144 686 662 123 103 70 639 606 377 229 141 88 354 47
is_linear=0
shrinkage=0.3


Tree=273
num_leaves=14
num_cat=0
split_feature=21 20 26 7 8 16 17 21 21 18 12 21 1
split_gain=4.73557e-08 9.24971e-08 1.48198e-08 2.75678e-09 2.50022e-09 1.93467e-09 3.39788e-09 1.7999e-09 3.3495e-09 5.25501e-09 3.18264e-09 4.6835e-09 2.82643e-09
threshold=0.022918000000000004 0.015682500000000005 0.92998350000000019 -0.021302929805192897 0.07704137729796208 0.0070630020780221752 0.0029763523977977082 0.20047450000000003 0.11854950000000002 -0.13120277551543666 -0.0048124465539104823 0.24094150000000003 5.0074347297669215
decision_type=2 2 2 2 2 2 2 2 2 2 2 2 2
left_child=-1 -2 3 -3 7 6 -6 8 12 -10 -9 -12 -5
right_child=1 2 -4 4 5 -7 -8 10 9 -11 11 -13 -14
leaf_value=-1.3136581105754884e-05 1.9573325595377933e-05 3.5493965901878253e-06 -7.8224802274979237e-06 7.8518771319663914e-07 -5.6214183976927804e-06 7.8676389605902839e-07 -6.4587920974190631e-07 3.1434984890665874e-06 6.6883084653568394e-06 8.6344134448678307e-07 -3.8959705339181026e-06 -1.1686966413503833e-07 -1.9599274071812156e-06
leaf_weight=24 22 20 22 145 21 20 30 24 20 46 32 380 44
leaf_count=24 22 20 22 145 21 20 30 24 20 46 32 380 44
internal_value=1.94922e-14 3.81692e-07 -1.43452e-07 7.25823e-08 -1.86727e-08 -1.71396e-06 -2.69463e-06 1.55517e-07 7.88627e-07 2.62855e-06 -2.14765e-07 -4.10392e-07 1.46113e-07
internal_weight=850 826 804 782 762 71 51 691 255 66 436 412 189
internal_count=850 826 804 782 762 71 51 691 255 66 436 412 189
is_linear=0
shrinkage=0.3


Tree=274
num_leaves=17
num_cat=0
split_feature=21 20 21 27 27 17 9 12 18 6 0 6 22 22 18 17
split_gain=2.32043e-08 4.53236e-08 1.22625e-08 2.23316e-09 3.68461e-09 3.35505e-09 2.46023e-09 2.15748e-09 2.08191e-09 2.05322e-09 3.56577e-09 3.47258e-09 7.17341e-09 6.14613e-09 3.40867e-09 2.93252e-09
threshold=0.022918000000000004 0.015682500000000005 0.026680500000000006 0.9137495000000001 0.92847550000000012 0.0040161251866731159 0.015601882853449699 -0.0011797408414065578 1.0419838623646347 0.011472754287011378 4.3603410365479833 0.0017392520238691659 0.030516000000000005 0.042471500000000002 -0.18619866764326648 0.0057143256777808906
decision_type=2 2 2 2 2 2 2 2 2 2 2 2 2 2 2 2
left_child=-1 -2 -3 8 7 6 -6 -5 9 11 15 12 -4 -13 -12 -11
right_child=1 2 3 4 5 -7 -8 -9 -10 10 14 13 -14 -15 -16 -17
leaf_value=-9.1956069695697803e-06 1.3701326315640472e-05 -7.0855572605342914e-06 3.0296683585121747e-06 5.1891916143631532e-06 3.8688666654351777e-07 2.0694476254654792e-06 -4.2622957932638069e-06 1.4741524593960896e-06 2.3521559848733953e-06 -2.8592482382149545e-06 4.4119978652319825e-07 -4.2685723323998556e-06 -5.473863907051469e-07 -4.7038323599672176e-07 5.7847132069355205e-06 1.9071955713505821e-06
leaf_weight=24 22 22 62 24 20 33 21 34 29 26 22 52 271 146 21 21
leaf_count=24 22 22 62 24 20 33 21 34 29 26 22 52 271 146 21 21
internal_value=-1.26575e-14 2.67185e-07 -1.00416e-07 9.60967e-08 1.22108e-06 -1.82145e-07 -1.9944e-06 3.01141e-06 -1.32362e-07 -2.48386e-07 1.07662e-06 -4.72964e-07 1.18612e-07 -1.46789e-06 3.05082e-06 -7.29561e-07
internal_weight=850 826 804 782 132 74 41 58 650 621 90 531 333 198 43 47
internal_count=850 826 804 782 132 74 41 58 650 621 90 531 333 198 43 47
is_linear=0
shrinkage=0.3


Tree=275
num_leaves=16
num_cat=0
split_feature=11 21 21 20 26 26 23 16 21 6 18 22 4 6 14
split_gain=1.57518e-08 4.7213e-08 4.0238e-08 2.0594e-08 2.13932e-09 4.18428e-09 2.7223e-09 4.01802e-09 5.42889e-09 3.36495e-09 3.12791e-09 2.86643e-09 2.19304e-09 2.05211e-09 1.42432e-09
threshold=32.844642584766532 0.022918000000000004 0.026680500000000006 0.017342500000000004 0.71218750000000008 0.73389800000000005 0.29166650000000005 0.0024183232619287361 0.33174200000000004 0.014751246897291589 -0.14257160593770948 0.48104650000000004 9279250.0000000019 0.0017559054202750857 0.010893235436624921
decision_type=2 2 2 2 2 2 2 2 2 2 2 2 2 2 2
left_child=-1 -2 -3 -4 6 -6 7 11 -9 10 -8 -5 14 -14 -7
right_child=1 2 3 4 5 12 9 8 -10 -11 -12 -13 13 -15 -16
leaf_value=7.5763838822240349e-06 -1.4262833892887881e-05 1.1531619394133941e-05 -9.5159607704025412e-06 1.0874176885073738e-06 4.9193910615485948e-06 -3.1404459534201124e-06 -2.3965336122951429e-06 3.4227583080337357e-06 -1.5249051858917841e-06 2.3446211734384154e-06 -3.9330220479191546e-07 5.1188286063692926e-06 2.0983971424194e-06 -2.1031701918229288e-07 -1.361978322666819e-07
leaf_weight=24 21 27 21 57 20 20 113 25 99 27 185 22 77 63 49
leaf_count=24 21 27 21 57 20 20 113 25 99 27 185 22 77 63 49
internal_value=1.47233e-14 -2.20137e-07 1.46194e-07 -2.4893e-07 8.14764e-09 7.73938e-07 -3.23985e-07 5.37933e-07 -5.27392e-07 -8.62352e-07 -1.15292e-06 2.21009e-06 3.77244e-07 1.05948e-06 -1.00699e-06
internal_weight=850 826 805 778 757 229 528 203 124 325 298 79 209 140 69
internal_count=850 826 805 778 757 229 528 203 124 325 298 79 209 140 69
is_linear=0
shrinkage=0.3


Tree=276
num_leaves=12
num_cat=0
split_feature=21 20 26 8 0 12 10 20 17 27 11
split_gain=2.6149e-08 4.32489e-08 3.32741e-09 1.64801e-09 1.72075e-09 1.67432e-09 1.66892e-09 1.63962e-09 1.86041e-09 4.66768e-09 3.8754e-09
threshold=0.023222500000000004 0.015682500000000005 0.92835300000000009 0.07704137729796208 4.1387021277488758 0.0053018032174078 1.4771998380272591 0.033831000000000007 0.0034812874629791537 0.84669450000000013 72.187019837309649
decision_type=2 2 2 2 2 2 2 2 2 2 2
left_child=-1 -2 3 5 -5 7 -6 -3 9 -9 -10
right_child=1 2 -4 4 6 -7 -8 8 10 -11 -12
leaf_value=9.0156410806230263e-06 -1.3746492913924158e-05 1.9048744100676852e-06 3.8661649949744972e-06 2.3891302376455313e-07 -4.5644343426179793e-06 2.2805286459970375e-06 -7.3524640413324956e-07 1.5613048008107867e-06 -3.3605077918769606e-07 -8.5639625077430651e-07 -4.5391201516460043e-06
leaf_weight=28 21 38 20 32 21 30 20 155 330 134 21
leaf_count=28 21 38 20 32 21 30 20 155 330 134 21
internal_value=2.30768e-14 -3.07102e-07 4.52415e-08 -5.26055e-08 -1.40976e-06 8.73276e-08 -2.69654e-06 -9.71668e-09 -1.23396e-07 4.40295e-07 -5.87516e-07
internal_weight=850 822 801 781 73 708 41 678 640 289 351
internal_count=850 822 801 781 73 708 41 678 640 289 351
is_linear=0
shrinkage=0.3


Tree=277
num_leaves=20
num_cat=0
split_feature=14 21 20 21 14 17 18 18 26 15 4 27 18 27 26 26 3 9 7
split_gain=1.41806e-08 1.18712e-07 7.52795e-08 1.13428e-08 5.88526e-09 4.33492e-09 7.9766e-09 5.2828e-09 6.27381e-09 7.493e-09 4.83679e-09 3.86666e-09 6.17334e-09 4.68323e-09 4.42842e-09 2.89893e-09 2.14655e-09 3.96873e-09 3.50815e-09
threshold=0.010893235436624921 0.024173500000000004 0.033831000000000007 0.028477000000000006 0.011428605942499026 0.0027193880776005624 0.047283630158582078 -0.37092967395326409 0.67025800000000013 0.0018814808421079045 7040200.0000000009 0.91662650000000012 -0.15784531955526293 0.93075450000000004 0.86556400000000011 0.91048600000000013 4.6200993061065683 0.013477972832999887 -0.0036496352669697983
decision_type=2 2 2 2 2 2 2 2 2 2 2 2 2 2 2 2 2 2 2
left_child=2 -2 -1 -3 -5 7 10 -4 9 -9 -7 14 15 -14 16 -13 17 -6 -18
right_child=1 3 5 4 11 6 -8 8 -10 -11 -12 12 13 -15 -16 -17 18 -19 -20
leaf_value=-1.96176601747311e-05 2.1420483117395859e-05 -7.1187714948450768e-06 1.7828301963618285e-06 4.7472310086504873e-06 -2.508190278293018e-06 2.389592051020951e-06 4.5999954956051935e-06 -9.4524368500970005e-06 5.2336677413222788e-07 -1.9044153340285542e-06 -3.3191867781651498e-06 1.973440788276548e-06 2.549371336207124e-06 -2.7633347434274922e-06 -4.300537745223209e-06 7.0813123625157448e-06 3.6111394046377923e-06 -6.2754823055679064e-09 -4.5931511060575068e-08
leaf_weight=20 24 20 30 24 76 22 37 20 30 29 34 20 28 32 25 20 31 229 99
leaf_count=20 24 20 30 24 76 22 37 20 30 29 34 20 28 32 25 20 31 229 99
internal_value=1.6727e-15 7.28544e-07 -2.06093e-06 -9.36524e-08 1.46934e-07 -3.22635e-07 1.18192e-06 -1.60634e-06 -2.89336e-06 -4.98524e-06 -1.07645e-06 -5.02217e-08 1.64051e-06 -2.84072e-07 -4.17771e-07 4.52738e-06 -1.94624e-07 -6.29703e-07 8.26139e-07
internal_weight=850 628 222 604 584 202 93 109 79 49 56 560 100 60 460 40 435 305 130
internal_count=850 628 222 604 584 202 93 109 79 49 56 560 100 60 460 40 435 305 130
is_linear=0
shrinkage=0.3


Tree=278
num_leaves=13
num_cat=0
split_feature=21 20 21 22 9 9 24 9 27 13 14 27
split_gain=2.60158e-08 5.56143e-08 2.89244e-08 4.18287e-09 1.46772e-09 4.84795e-09 3.95317e-09 3.67273e-09 3.70373e-09 2.45215e-09 2.91095e-09 2.19367e-09
threshold=0.022062000000000002 0.015682500000000005 0.026129500000000003 0.86034200000000005 0.015005670666168406 0.015544986633327191 0.87500000000000011 0.014503947836968468 0.87121300000000013 0.013227324499894498 0.0087642610170171123 0.90668000000000015
decision_type=2 2 2 2 2 2 2 2 2 2 2 2
left_child=-1 -2 -3 4 6 -6 7 8 -4 -7 -11 -8
right_child=1 2 3 -5 5 9 11 -9 -10 10 -12 -13
leaf_value=-1.0691897109325054e-05 1.5139932880133116e-05 -1.063378256869486e-05 -9.8772544332533747e-07 4.3366295528812774e-06 -4.2186794682190033e-06 2.4977007782464141e-06 5.4118351792047696e-06 3.1686304324374246e-06 1.4066863778840769e-06 2.7154674777799909e-06 -5.2190254883841625e-07 1.0217377433718865e-06
leaf_weight=20 22 23 184 21 27 31 21 32 85 27 337 20
leaf_count=20 22 23 184 21 27 31 21 32 85 27 337 20
internal_value=-3.27656e-14 2.57636e-07 -1.47575e-07 1.59664e-07 4.48523e-08 -3.29477e-07 5.06744e-07 1.30309e-07 -2.31127e-07 -6.36324e-08 -2.81768e-07 3.27032e-06
internal_weight=850 830 808 785 764 422 342 301 269 395 364 41
internal_count=850 830 808 785 764 422 342 301 269 395 364 41
is_linear=0
shrinkage=0.3


Tree=279
num_leaves=27
num_cat=0
split_feature=6 22 20 16 26 4 11 17 4 17 10 13 8 22 14 17 18 21 6 23 18 17 17 18 27 29
split_gain=1.53804e-08 1.53323e-07 1.39542e-07 4.78148e-09 4.11986e-09 4.63991e-09 5.24198e-09 4.85527e-09 3.41985e-09 2.9083e-09 4.62362e-09 4.86172e-09 4.18442e-09 2.78542e-09 3.4324e-09 3.57081e-09 4.21058e-09 4.82101e-09 3.66729e-09 3.17917e-09 2.63844e-09 2.60279e-09 4.04349e-09 2.5713e-09 4.59576e-09 2.48919e-09
threshold=0.0017392520238691659 0.94235950000000013 0.016604500000000005 0.0074557489371096962 0.9055335000000001 15436400.000000002 71.623349095261588 0.0079889955703383118 17887800.000000004 0.001904714675176654 -1.1798547289950252 0.016672296760977964 0.011916951236413405 0.012202000000000003 0.013666290806010126 0.0015255524578581794 -0.19410916905371758 0.38318200000000008 0.0057972316823524037 0.22500000000000003 0.22246709578046106 0.0031055946758805773 0.0061334394219259422 -0.092060005338557127 0.77902800000000016 1.5000000000000002
decision_type=2 2 2 2 2 2 2 2 2 2 2 2 2 2 2 2 2 2 2 2 2 2 2 2 2 2
left_child=1 4 -2 13 5 6 9 8 -7 12 -11 -12 -1 -4 15 -15 18 -18 -17 -16 25 -21 -23 -10 -25 -5
right_child=2 -3 3 20 -6 7 -8 -9 23 10 11 -13 -14 14 19 16 17 -19 -20 21 -22 22 -24 24 -26 -27
leaf_value=1.3862491192456571e-06 -2.5784070901408994e-05 2.6873719541526949e-05 -3.9771531245946786e-06 3.2522896329499994e-06 -4.0907114838871297e-06 -3.0401611044702982e-06 5.5227831353477081e-06 -4.757662377288499e-06 3.6124296582329406e-06 -2.7556939427165124e-06 3.6032662263115374e-06 2.2492713310107429e-07 -3.4329533792304086e-06 -2.4477211061716491e-06 -3.780279049436785e-06 -3.5150280498638413e-06 5.3676780330154843e-06 1.7015353995671389e-07 1.5844219240079839e-06 1.52052237513704e-06 5.1515442262939355e-06 -4.113525925220074e-06 3.1852892745250338e-07 3.3806384321024359e-06 -1.8225560512519221e-06 -1.2605934262989068e-06
leaf_weight=31 20 20 20 22 21 31 21 27 20 23 72 82 34 26 36 22 36 29 30 37 20 32 44 22 50 22
leaf_count=31 20 20 20 22 21 31 21 27 20 23 72 82 34 26 36 22 36 29 30 37 20 32 44 22 50 22
internal_value=-8.13342e-15 1.19183e-06 -1.36639e-06 -6.75824e-08 8.33641e-09 2.16763e-07 9.7616e-07 -1.11471e-06 -3.15042e-07 5.81618e-07 1.21185e-06 1.80441e-06 -1.13456e-06 -5.52113e-07 -3.17521e-07 7.32393e-07 1.43908e-06 3.04878e-06 -5.73038e-07 -1.32516e-06 2.2945e-06 -5.42993e-07 -1.5476e-06 6.03205e-07 -2.32691e-07 9.95848e-07
internal_weight=850 454 396 376 434 413 263 150 123 242 177 154 65 312 292 143 117 65 52 149 64 113 76 92 72 44
internal_count=850 454 396 376 434 413 263 150 123 242 177 154 65 312 292 143 117 65 52 149 64 113 76 92 72 44
is_linear=0
shrinkage=0.3


Tree=280
num_leaves=12
num_cat=0
split_feature=21 20 26 20 10 5 11 16 22 10 15
split_gain=2.19688e-08 4.46307e-08 1.7778e-08 2.0858e-09 2.8002e-09 7.24906e-09 3.81611e-09 3.14359e-09 1.63512e-09 2.49284e-09 2.12128e-09
threshold=0.022062000000000002 0.015682500000000005 0.93250350000000015 0.023690000000000006 -1.5261312264283651 -0.0048280530574920325 37.033138804897057 0.0040816286810732476 0.029189000000000003 1.5826085121566269 -0.011142137129288512
decision_type=2 2 2 2 2 2 2 2 2 2 2
left_child=-1 -2 3 -3 5 -5 7 -6 9 -8 -10
right_child=1 2 -4 4 6 -7 8 -9 10 -11 -12
leaf_value=-9.8251461622567142e-06 1.3568691726752812e-05 3.1224811229435541e-06 -8.9591848632153407e-06 -7.7052630605441022e-07 -5.2704239337231231e-07 6.4484113295293353e-06 3.5599665147945801e-07 -5.6196449486378695e-06 1.8867524890708865e-06 3.580222899192729e-06 -3.8732799099045604e-07
leaf_weight=20 22 20 20 31 24 21 127 20 40 26 479
leaf_count=20 22 20 20 31 24 21 127 20 40 26 479
internal_value=-1.41741e-14 2.3675e-07 -1.26248e-07 9.79383e-08 1.91742e-08 2.14481e-06 -1.35202e-07 -2.84186e-06 4.20199e-08 9.03904e-07 -2.12062e-07
internal_weight=850 830 808 788 768 52 716 44 672 153 519
internal_count=850 830 808 788 768 52 716 44 672 153 519
is_linear=0
shrinkage=0.3


Tree=281
num_leaves=11
num_cat=0
split_feature=21 20 26 21 27 21 15 0 5 10
split_gain=1.58638e-08 4.40441e-08 1.83373e-09 1.535e-09 1.17909e-09 1.85949e-09 1.2127e-09 2.39556e-09 1.4566e-09 3.32043e-09
threshold=0.023222500000000004 0.015682500000000005 0.91048600000000013 0.034937500000000003 0.93648550000000008 0.90211800000000009 -0.01031476985606016 4.3761198025280228 -0.0094072966154599199 -1.5261312264283651
decision_type=2 2 2 2 2 2 2 2 2 2
left_child=-1 -2 4 -4 5 6 7 -3 -8 -10
right_child=1 2 3 -5 -6 -7 8 -9 9 -11
leaf_value=7.0221928288966794e-06 -1.3801575551042334e-05 2.743165153928063e-06 3.9443101780989309e-06 3.5070437916048197e-07 -1.9386157639979095e-06 2.316429999282832e-06 -2.1297045694979034e-06 -6.7563713953079836e-07 3.3319384772312332e-06 -2.007181017159279e-07
leaf_weight=28 21 39 20 23 27 32 32 35 25 568
leaf_count=28 21 39 20 23 27 32 32 35 25 568
internal_value=3.09657e-14 -2.39199e-07 1.16369e-07 2.02215e-06 8.25766e-09 8.01668e-08 -2.22086e-08 1.12616e-06 -1.58176e-07 -5.17865e-08
internal_weight=850 822 801 43 758 731 699 74 625 593
internal_count=850 822 801 43 758 731 699 74 625 593
is_linear=0
shrinkage=0.3


Tree=282
num_leaves=19
num_cat=0
split_feature=21 20 21 4 4 21 14 4 0 13 12 16 16 6 6 13 16 6
split_gain=1.83693e-08 4.33424e-08 1.51547e-08 1.34012e-09 7.99581e-09 3.96041e-09 2.7756e-09 2.52058e-09 2.32425e-09 2.24943e-09 1.94449e-09 1.78253e-09 3.83984e-09 7.29626e-09 3.76059e-09 4.20578e-09 2.94466e-09 2.75646e-09
threshold=0.022062000000000002 0.015682500000000005 0.026129500000000003 21260600.000000004 23370050.000000004 0.066274000000000013 0.018669841736551996 18993000.000000004 4.5786653723622477 0.019242595268525481 -0.00069480805313079175 0.0018247722645753286 0.0035524057663600473 -0.0047004012212264147 0.003120175165727491 0.016848880530074908 0.0038722168088410809 0.0079957989652890121
decision_type=2 2 2 2 2 2 2 2 2 2 2 2 2 2 2 2 2 2
left_child=-1 -2 -3 7 -5 -6 10 11 -9 -8 -7 14 13 -13 15 -4 -14 -16
right_child=1 2 3 4 5 6 9 8 -10 -11 -12 12 16 -15 17 -17 -18 -19
leaf_value=-8.9842602255885131e-06 1.3354595597031055e-05 -7.7315415281823928e-06 -3.7228840305529459e-06 5.6705574055425898e-06 3.0495423514606853e-06 -5.582038920692866e-07 2.4735769375183736e-06 -6.5609661500535106e-08 -4.4780248196086733e-06 -1.7381200773261947e-06 -4.5268798926372256e-06 6.2993524203683094e-06 -2.2129585210870153e-06 5.4837866626046752e-07 2.7071103157065103e-06 3.4993080405981277e-07 2.5390113394240028e-07 -9.5616719740495392e-07
leaf_weight=20 22 23 55 26 27 20 25 21 22 21 25 26 52 84 36 39 268 38
leaf_count=20 22 23 55 26 27 20 25 21 22 21 25 26 52 84 36 39 268 38
internal_value=-1.59063e-14 2.16488e-07 -1.41233e-07 8.11587e-08 9.08159e-07 -1.41182e-07 -1.08788e-06 -1.04626e-07 -2.32312e-06 5.50846e-07 -2.76302e-06 5.48979e-08 3.78648e-07 1.9077e-06 -7.73748e-07 -2.0331e-06 -1.46964e-07 8.25968e-07
internal_weight=850 830 808 785 144 118 91 641 43 46 45 598 430 110 168 94 320 74
internal_count=850 830 808 785 144 118 91 641 43 46 45 598 430 110 168 94 320 74
is_linear=0
shrinkage=0.3


Tree=283
num_leaves=14
num_cat=0
split_feature=21 20 21 15 7 5 9 8 8 8 12 8 4
split_gain=1.70384e-08 4.31215e-08 2.63454e-09 1.16264e-09 2.07404e-09 2.07355e-09 1.42653e-09 1.28925e-09 6.08678e-09 4.54845e-09 5.40363e-09 3.97642e-09 4.34065e-10
threshold=0.023222500000000004 0.015682500000000005 0.027480500000000001 0.011461317805779312 -0.019292155868479776 0.018129723348919578 0.015544986633327191 0.011916951236413405 0.019732919332750686 0.0080447555816085311 0.00035816319254301722 0.022091452970215242 23787150.000000004
decision_type=2 2 2 2 2 2 2 2 2 2 2 2 2
left_child=-1 -2 -3 4 -4 6 -5 9 -9 10 -6 -10 -7
right_child=1 2 3 5 7 12 -8 8 11 -11 -12 -13 -14
leaf_value=7.2775139593821742e-06 -1.3667481783029092e-05 3.2682723792237556e-06 3.087561231853085e-06 -3.5778321348359518e-06 -8.0139107791826344e-07 1.6025160877316839e-06 -6.5059834777193533e-07 3.970053155801277e-06 -3.9864227054360002e-06 -4.7879312874954398e-06 2.5474335801721859e-06 2.7713251907492856e-07 -3.2854886171662657e-07
leaf_weight=28 21 23 21 29 205 22 31 39 21 20 55 315 20
leaf_count=28 21 23 21 29 205 22 31 39 21 20 55 315 20
internal_value=1.17315e-14 -2.47896e-07 1.03929e-07 1.03811e-08 1.52837e-07 -9.33738e-07 -2.06543e-06 5.87465e-08 4.22437e-07 -4.28339e-07 -9.29859e-08 1.06603e-08 6.82961e-07
internal_weight=850 822 801 778 676 102 60 655 375 280 260 336 42
internal_count=850 822 801 778 676 102 60 655 375 280 260 336 42
is_linear=0
shrinkage=0.3


Tree=284
num_leaves=11
num_cat=0
split_feature=21 21 17 11 26 5 5 22 21 11
split_gain=1.63352e-08 4.31969e-08 1.02142e-08 6.65121e-09 1.27185e-08 1.38559e-09 4.13659e-09 3.55893e-09 3.06914e-09 1.89683e-09
threshold=0.022062000000000002 0.024665000000000003 0.013281980994190671 34.984202844844511 0.92998350000000019 0.0040773557512858898 0.0034571707206944263 0.50174950000000007 0.18031500000000003 47.311815319992213
decision_type=2 2 2 2 2 2 2 2 2 2
left_child=-1 -2 3 -3 5 6 8 9 -5 -7
right_child=1 2 -4 4 -6 7 -8 -9 -10 -11
leaf_value=-8.4722358997169065e-06 1.3977392229662654e-05 -3.7862696409809781e-06 -6.8313895195615254e-06 1.2711668486664286e-06 6.8849469371343727e-06 -1.733482414402311e-06 4.1489151186624435e-06 -3.8116195532388194e-06 -4.3231662241242063e-07 2.9378201284420885e-07
leaf_weight=20 20 39 20 139 25 54 24 27 302 180
leaf_count=20 20 39 20 139 25 54 24 27 302 180
internal_value=1.46806e-14 2.0415e-07 -1.3593e-07 3.35755e-08 2.31943e-07 2.84507e-09 3.13347e-07 -5.50349e-07 1.04609e-07 -1.74048e-07
internal_weight=850 830 810 790 751 726 465 261 441 234
internal_count=850 830 810 790 751 726 465 261 441 234
is_linear=0
shrinkage=0.3


Tree=285
num_leaves=24
num_cat=0
split_feature=15 15 26 5 6 7 14 14 29 17 18 26 17 16 1 2 22 0 15 5 7 5 12
split_gain=1.37843e-08 1.25088e-07 9.70577e-08 4.64531e-09 4.10321e-09 1.91993e-09 1.90815e-09 7.07435e-09 5.34633e-09 4.87269e-09 4.76648e-09 3.09973e-09 2.37046e-09 3.36932e-09 3.0605e-09 5.64129e-09 4.2785e-09 6.07658e-09 4.60536e-09 3.0189e-09 3.52834e-09 2.72531e-09 2.40724e-09
threshold=0.01023550115231955 0.011461317805779312 0.94134250000000008 0.012131818441234957 0.008302432369577525 -0.0017528754930017968 0.0098716683599617792 0.0087642610170171123 1.5000000000000002 0.0022222840595969621 -0.14218005748532211 0.91048600000000013 0.0020283807235426219 0.0019212295998268631 4.6461987977617332 4.8925662750186243 0.22842800000000005 4.0285609759671113 0.0036866355927313863 0.0076555538051192402 -0.0021738571572909805 -0.0034691494514289913 0.0019391959703396416
decision_type=2 2 2 2 2 2 2 2 2 2 2 2 2 2 2 2 2 2 2 2 2 2 2
left_child=2 -2 6 -3 5 -5 7 8 10 -9 -1 12 13 -8 16 21 18 -18 -14 20 -15 -16 -17
right_child=1 3 -4 4 -6 -7 11 9 -10 -11 -12 -13 14 19 15 22 17 -19 -20 -21 -22 -23 -24
leaf_value=-1.1172162900989365e-06 2.4049713148802506e-05 -4.6224243508024498e-06 -2.1123664491824454e-05 -1.0238803808271728e-06 -3.618867974740748e-06 2.4320389872382994e-06 -1.7587038251157047e-06 -6.4520025830461234e-06 -2.0836897629823608e-06 -8.5160720259566375e-07 4.4053567832564179e-06 2.9150621043728419e-06 1.6517344135322406e-06 -1.1794746123783284e-06 6.7413077675025432e-07 3.1631488342201107e-07 2.3014829848453715e-07 -3.8765642044857883e-06 -2.3966800227981367e-06 5.3710660495198683e-06 2.9225655153228641e-06 5.0724106451127683e-06 -3.536561315797826e-06
leaf_weight=22 21 27 20 23 22 39 26 27 39 29 39 39 85 32 21 54 59 72 36 20 46 32 20
leaf_count=22 21 27 20 23 22 39 26 27 39 29 39 39 85 32 21 54 59 72 36 20 46 32 20
internal_value=-1.50769e-14 2.8176e-06 -5.18e-07 -1.19928e-06 -9.8986e-08 1.15e-06 7.24206e-08 -8.52144e-07 6.59663e-07 -3.5518e-06 2.41361e-06 3.38531e-07 1.38761e-07 1.27734e-06 -2.33755e-07 9.67115e-07 -8.38956e-07 -2.02698e-06 4.47247e-07 2.08282e-06 1.23968e-06 3.3297e-06 -7.25003e-07
internal_weight=850 132 718 111 84 62 698 156 100 56 61 542 503 124 379 127 252 131 121 98 78 53 74
internal_count=850 132 718 111 84 62 698 156 100 56 61 542 503 124 379 127 252 131 121 98 78 53 74
is_linear=0
shrinkage=0.3


Tree=286
num_leaves=12
num_cat=0
split_feature=21 21 17 26 26 15 15 7 11 19 19
split_gain=1.93945e-08 1.43416e-08 4.20839e-09 1.06963e-08 2.14399e-09 1.84511e-09 8.15928e-09 1.90636e-09 1.22684e-09 3.06064e-09 2.89928e-09
threshold=0.023222500000000004 0.026129500000000003 0.013281980994190671 0.93299300000000007 0.91449600000000009 0.01023550115231955 0.011651169456876621 0.0074130201182371408 42.476463006235399 0.51547150000000019 0.19094150000000001
decision_type=2 2 2 2 2 2 2 2 2 2 2
left_child=-1 -2 3 4 5 8 -7 -8 9 -3 -10
right_child=1 2 -4 -5 -6 6 7 -9 10 -11 -12
leaf_value=7.7644048453911253e-06 -8.1996566750319739e-06 1.2294160553984156e-07 -4.3637442297495001e-06 6.891847053793753e-06 -3.054943783033857e-06 -5.9487367159363202e-06 -6.9396406119763419e-07 2.3389391130352193e-06 5.8419969104663551e-07 3.7087174439004253e-06 -8.5634137860779445e-07
leaf_weight=28 20 82 20 20 22 25 66 26 290 29 222
leaf_count=28 20 82 20 20 22 25 66 26 290 29 222
internal_value=9.77163e-15 -2.64481e-07 -6.65963e-08 4.33052e-08 -1.36447e-07 -4.96804e-08 -1.1428e-06 1.63161e-07 1.55609e-07 1.05977e-06 -4.04099e-08
internal_weight=850 822 802 782 762 740 117 92 623 111 512
internal_count=850 822 802 782 762 740 117 92 623 111 512
is_linear=0
shrinkage=0.3


Tree=287
num_leaves=11
num_cat=0
split_feature=11 21 20 26 17 11 13 18 22 18
split_gain=1.38219e-08 4.53368e-08 5.00806e-08 1.80279e-08 2.18335e-09 1.47018e-09 2.47744e-09 1.58616e-09 2.81392e-09 2.66958e-09
threshold=32.844642584766532 0.022918000000000004 0.015682500000000005 0.92835300000000009 0.011663695349481563 74.012758340980341 0.013920474661920635 -0.23725945406176649 0.018916500000000003 -0.13630749574888443
decision_type=2 2 2 2 2 2 2 2 2 2
left_child=-1 -2 -3 4 5 7 -7 8 -4 -9
right_child=1 2 3 -5 -6 6 -8 9 -10 -11
leaf_value=7.0970890836186124e-06 -1.3967047461197319e-05 1.4269287207339815e-05 -2.8950188393750408e-06 -8.5186378193522761e-06 2.8224055332426448e-06 4.9457533470536371e-07 -3.4291385964024814e-06 2.3004363958887908e-06 -1.1874777196914195e-07 8.8181975579622241e-08
leaf_weight=24 21 22 40 23 24 28 30 56 184 398
leaf_count=24 21 22 40 23 24 28 30 56 184 398
internal_value=-5.7074e-15 -2.06211e-07 1.52768e-07 -2.43865e-07 6.55553e-09 -8.52657e-08 -1.53493e-06 3.87471e-08 -6.1451e-07 3.61059e-07
internal_weight=850 826 805 783 760 736 58 678 224 454
internal_count=850 826 805 783 760 736 58 678 224 454
is_linear=0
shrinkage=0.3


Tree=288
num_leaves=10
num_cat=0
split_feature=21 20 20 9 9 8 6 16 16
split_gain=2.30823e-08 3.30378e-08 1.3985e-09 1.21133e-09 1.61196e-09 1.60782e-09 1.46495e-09 1.08781e-09 1.43221e-09
threshold=0.023222500000000004 0.015682500000000005 0.023690000000000006 0.034321804387290829 0.030569089695194219 0.1003122217378961 0.020409510176618947 0.011907114261920879 0.010327287548553976
decision_type=2 2 2 2 2 2 2 2 2
left_child=-1 -2 -3 4 6 -5 7 8 -4
right_child=1 2 3 5 -6 -7 -8 -9 -10
leaf_value=8.4704760316713283e-06 -1.2034733091630707e-05 2.3249011766655828e-06 -1.5762785710578893e-07 2.5458403469461437e-06 -2.4731764035288085e-06 -7.2705349694663308e-07 2.4002889144217728e-06 -2.1717611033359982e-06 2.2526700143967929e-06
leaf_weight=28 21 23 628 35 26 22 21 23 23
leaf_count=28 21 23 628 35 26 22 21 23 23
internal_value=-1.45421e-14 -2.88532e-07 1.94208e-08 -4.87361e-08 -1.53989e-07 1.28262e-06 -6.72278e-08 -1.44109e-07 -7.24714e-08
internal_weight=850 822 801 778 721 57 695 674 651
internal_count=850 822 801 778 721 57 695 674 651
is_linear=0
shrinkage=0.3


Tree=289
num_leaves=15
num_cat=0
split_feature=15 9 20 27 17 22 19 8 6 9 10 18 6 15
split_gain=1.22941e-08 1.08077e-07 6.88716e-08 9.63702e-09 3.8825e-09 2.24534e-09 1.51145e-09 1.40306e-09 3.66719e-09 2.56318e-09 2.72397e-09 2.99972e-09 1.92333e-09 1.08882e-09
threshold=0.010871017042149116 0.013717352230418504 0.016604500000000005 0.91972100000000012 0.010610077804864592 0.9136780000000001 -0.010657499999999999 0.067004570582776604 -1.0000000180025095e-35 0.030794830469864178 1.7390649788720864 -0.24264554622119708 0.0070985064398396492 0.015634759958390306
decision_type=2 2 2 2 2 2 2 2 2 2 2 2 2 2
left_child=2 -2 -1 6 5 7 -3 9 -9 10 11 -4 -10 -8
right_child=1 3 4 -5 -6 -7 13 8 12 -11 -12 -13 -14 -15
leaf_value=-1.5936653606331673e-05 2.0820485615047344e-05 1.8852495951131973e-06 -8.6826053471126849e-07 -7.5469102949909929e-06 3.035678375340467e-06 -3.1347488743449502e-06 -2.4659980081196406e-06 -1.5002348895865812e-06 4.8401802246189618e-06 -3.4845500294800046e-06 -2.442693556321711e-06 6.7744315707453734e-07 1.1203500910810774e-06 2.5788327450624951e-07
leaf_weight=25 24 23 170 20 38 21 25 29 22 20 39 337 29 28
leaf_count=25 24 23 170 20 38 21 25 29 22 20 39 337 29 28
internal_value=-9.04998e-15 2.81404e-06 -4.62582e-07 -1.68757e-06 8.61438e-08 -8.18957e-08 -1.45638e-07 1.73457e-08 1.19334e-06 -1.48873e-07 -2.66868e-08 1.5916e-07 2.72498e-06 -1.02697e-06
internal_weight=850 120 730 96 705 667 76 646 80 566 546 507 51 53
internal_count=850 120 730 96 705 667 76 646 80 566 546 507 51 53
is_linear=0
shrinkage=0.3


Tree=290
num_leaves=19
num_cat=0
split_feature=20 18 17 15 9 15 7 12 18 10 20 20 5 10 6 20 18 14
split_gain=1.86212e-08 8.99724e-09 3.45229e-09 3.26865e-09 5.86917e-09 4.39822e-09 1.86437e-09 1.60154e-09 4.17778e-09 3.68057e-09 2.99663e-09 4.31216e-09 4.06136e-09 2.79993e-09 2.64987e-09 2.87091e-09 1.13698e-09 8.94032e-10
threshold=0.015682500000000005 1.1476247267030459 0.012838937726491704 0.01023550115231955 0.013999311085691885 0.011916603337251881 0.004210797798387309 1.0000000180025095e-35 -0.641100390557934 0.97581307792510896 0.50031450000000011 0.45723700000000006 0.0071048227343272485 -0.11927950662457154 0.0037738672634458066 0.86107800000000012 -0.13120277551543666 0.027234804255471652
decision_type=2 2 2 2 2 2 2 2 2 2 2 2 2 2 2 2 2 2
left_child=-1 2 3 7 -5 -6 17 8 -2 13 11 12 -9 -10 15 -12 -16 -7
right_child=1 -3 -4 4 5 6 -8 10 9 -11 14 -13 -14 -15 16 -17 -18 -19
leaf_value=7.608032028981272e-06 2.6217555918683011e-06 -5.9823140468040492e-06 3.8047500390803179e-06 -5.4391107840144414e-06 -4.3630821767237646e-06 8.2987743425015337e-07 2.8247933244074376e-06 -8.8668672593225242e-08 -1.1608352875553347e-06 -4.2419293454258874e-06 4.941659500527099e-06 -3.875966729083302e-06 4.3265910741346094e-06 8.2705744324584876e-07 -1.0349212847889552e-06 4.3594887529252439e-07 1.8704563154094764e-06 -1.8775108910875002e-06
leaf_weight=28 37 24 20 28 20 23 24 175 176 25 35 24 21 100 27 20 22 21
leaf_count=28 37 24 20 28 20 23 24 175 176 25 35 24 21 100 27 20 22 21
internal_value=-2.15871e-14 -2.59154e-07 -8.70293e-08 -1.87075e-07 -1.65605e-06 -4.52354e-07 6.9786e-07 7.03291e-08 -3.86522e-07 -7.56311e-07 5.46921e-07 -8.03718e-08 3.84395e-07 -4.40584e-07 1.87389e-06 3.30322e-06 2.69534e-07 -4.62285e-07
internal_weight=850 822 798 778 116 88 68 662 338 301 324 220 196 276 104 55 49 44
internal_count=850 822 798 778 116 88 68 662 338 301 324 220 196 276 104 55 49 44
is_linear=0
shrinkage=0.3


Tree=291
num_leaves=17
num_cat=0
split_feature=21 9 15 26 10 12 5 9 17 16 9 2 25 22 17 4
split_gain=1.50989e-08 1.09869e-08 8.14175e-09 3.26883e-08 1.89332e-08 3.05358e-09 2.32638e-09 2.47104e-09 2.13178e-09 1.27164e-09 3.16765e-09 2.80477e-09 4.88173e-09 3.06235e-09 2.80464e-09 1.66069e-09
threshold=0.023222500000000004 0.0077064760457472145 0.010025988173660757 0.93299300000000007 0.070307527469709405 0.0023062103975750241 0.013060035975827175 0.014503947836968468 0.01132078849789637 0.0015082719258962362 0.018427653967685979 5.4456391713054755 0.45000000000000007 0.042471500000000002 0.0057306589463874133 6925400.0000000009
decision_type=2 2 2 2 2 2 2 2 2 2 2 2 2 2 2 2
left_child=-1 -2 3 8 -4 6 -6 -8 9 10 15 13 -13 -11 -12 -3
right_child=1 2 4 -5 5 -7 7 -9 -10 11 14 12 -14 -15 -16 -17
leaf_value=6.8508061504855627e-06 -7.1787214653795671e-06 -1.6568839842163824e-08 -1.0720045497691898e-05 1.2308438990373817e-05 -3.927106401576942e-06 1.4453999382952204e-06 -2.8889839836665487e-06 1.6705034914079789e-06 -2.6146554097926531e-06 -1.1000906507945311e-06 -2.7561614496107719e-06 -2.8005210552082815e-07 -5.6848107176067839e-06 6.9676433244879749e-07 1.8302060956898457e-06 3.0111933786055747e-06
leaf_weight=28 20 23 20 20 29 39 20 23 27 119 30 53 21 302 20 56
leaf_count=28 20 23 20 20 29 39 20 23 27 119 30 53 21 302 20 56
internal_value=9.26557e-15 -2.33361e-07 -6.01598e-08 3.62185e-07 -2.22347e-06 -6.92555e-07 -1.85061e-06 -4.50188e-07 -4.82706e-09 1.08098e-07 9.47016e-07 -1.10529e-07 -1.81383e-06 1.88865e-07 -9.21614e-07 2.12969e-06
internal_weight=850 822 802 671 131 111 72 43 651 624 129 495 74 421 50 79
internal_count=850 822 802 671 131 111 72 43 651 624 129 495 74 421 50 79
is_linear=0
shrinkage=0.3


Tree=292
num_leaves=20
num_cat=0
split_feature=15 11 21 15 21 21 9 9 5 25 17 6 19 27 6 1 15 16 5
split_gain=1.28669e-08 1.09139e-07 6.81355e-08 9.17937e-09 1.94886e-08 5.65253e-09 2.34052e-09 1.70243e-09 1.37586e-09 4.46139e-09 4.46718e-09 2.63281e-09 2.67259e-09 2.46127e-09 4.26277e-09 2.79989e-09 2.08634e-09 4.18875e-09 3.81273e-09
threshold=0.010871017042149116 46.584493443631622 0.023769000000000002 0.0097752456551392659 0.028477000000000006 0.062366500000000005 0.013999311085691885 0.022049651052917361 -0.0015661626188965487 0.69047650000000005 0.0049515917345272558 0.0096063900469660034 0.030450000000000001 0.81148400000000009 0.0017392520238691659 3.9889618906719284 0.0019724316653343993 0.0077745383440618399 0.0040773557512858898
decision_type=2 2 2 2 2 2 2 2 2 2 2 2 2 2 2 2 2 2 2
left_child=2 -2 -1 4 -4 -3 -7 -8 11 16 -11 13 -13 14 -6 -15 17 -10 -18
right_child=1 5 3 -5 8 6 7 -9 9 10 -12 12 -14 15 -16 -17 18 -19 -20
leaf_value=-1.4473458931547609e-05 2.2522803119175346e-05 -5.793345405322725e-06 9.0963952580771302e-06 -6.2078108929597411e-06 2.6281740573851301e-06 -2.9520896600843118e-06 1.957272991913984e-06 -1.4470820763534674e-06 -1.5018390197086694e-07 -5.5150598693590572e-06 3.5530075361833722e-07 5.1419817822306863e-06 7.7149172045330797e-07 2.0233326110358642e-06 -1.1991194812200563e-06 -1.4382749332368534e-06 2.8187206792059293e-06 -4.8541732613216484e-06 -2.1285767134127933e-07
leaf_weight=30 21 20 22 20 67 20 39 20 115 28 20 20 34 26 43 110 54 20 121
leaf_count=30 21 20 22 20 67 20 39 20 115 28 20 20 34 26 43 110 54 20 121
internal_value=3.05523e-14 2.87885e-06 -4.73236e-07 1.26774e-07 3.13085e-07 -1.28805e-06 -1.47466e-07 8.03254e-07 1.94182e-08 -3.77696e-07 -3.06908e-06 4.93308e-07 2.39019e-06 7.69184e-08 1.13205e-06 -7.76497e-07 3.90339e-08 -8.47071e-07 7.22601e-07
internal_weight=850 120 730 700 680 99 79 59 658 358 48 300 54 246 110 136 310 135 175
internal_count=850 120 730 700 680 99 79 59 658 358 48 300 54 246 110 136 310 135 175
is_linear=0
shrinkage=0.3


Tree=293
num_leaves=19
num_cat=0
split_feature=21 20 8 15 12 4 12 18 22 19 15 19 19 16 15 12 16 4
split_gain=2.40611e-08 1.141e-08 2.28975e-09 7.58672e-09 2.6586e-09 6.06762e-09 2.06044e-09 2.71378e-09 2.5281e-09 1.70729e-09 2.52985e-09 2.05338e-09 2.77196e-09 2.13334e-09 3.53734e-09 3.28018e-09 2.01211e-09 1.97174e-09
threshold=0.023222500000000004 0.015682500000000005 -0.01238969040825035 0.010767194867865768 -0.0014089612890162177 10949600.000000002 -0.0020052361204937496 -0.57601269503926333 0.42044100000000006 -0.41768299999999997 0.0054894779853237735 -0.23783399999999996 -0.086644499999999985 0.001863932777792561 -0.0017574256492297511 -0.0016473052615524381 0.0043430889289497098 13338100.000000002
decision_type=2 2 2 2 2 2 2 2 2 2 2 2 2 2 2 2 2 2
left_child=-1 -2 3 4 6 -6 7 -3 -9 10 17 16 -13 14 -14 -15 -11 -4
right_child=1 2 9 -5 5 -7 -8 8 -10 11 -12 12 13 15 -16 -17 -18 -19
leaf_value=8.648211356947805e-06 -7.1975397336895443e-06 3.0307057139111749e-06 -1.5883417809163802e-06 -6.2499024445954041e-06 1.9160045868515086e-07 -6.2354098882622117e-06 3.2543415215968707e-06 1.503320921875983e-07 -3.7001826350595883e-06 -3.9092006543144278e-06 3.9140841086402983e-06 2.6295290638806157e-06 7.7810855572124635e-07 2.8743052171518814e-06 -2.230450512101539e-06 1.7725656267435395e-08 1.5242828307496635e-07 2.3548304495437021e-06
leaf_weight=28 21 20 25 22 39 20 20 57 21 23 26 38 60 42 85 261 21 21
leaf_count=28 21 20 25 22 39 20 20 57 21 23 26 38 60 42 85 261 21 21
internal_value=-1.31249e-14 -2.94586e-07 -1.1361e-07 -9.95817e-07 -3.42767e-07 -1.98705e-06 4.79373e-07 -8.69469e-08 -8.86345e-07 1.78017e-07 1.54874e-06 -8.19449e-09 1.69481e-07 -3.91843e-08 -9.8553e-07 4.13687e-07 -1.9707e-06 2.11802e-07
internal_weight=850 822 801 199 177 59 118 98 78 602 72 530 486 448 145 303 44 46
internal_count=850 822 801 199 177 59 118 98 78 602 72 530 486 448 145 303 44 46
is_linear=0
shrinkage=0.3


Tree=294
num_leaves=12
num_cat=0
split_feature=21 21 6 22 22 14 18 12 17 20 9
split_gain=1.17899e-08 8.12001e-09 5.20375e-09 7.93831e-09 1.64266e-09 1.29932e-09 2.84104e-09 3.26472e-09 2.83639e-09 2.64546e-09 1.99751e-09
threshold=0.023222500000000004 0.026129500000000003 -0.021476095166790981 0.9100950000000001 0.76906150000000018 0.013666290806010126 -0.38858337801911863 0.0018508994286851566 0.007611843080434999 0.24820150000000002 0.01321046417821895
decision_type=2 2 2 2 2 2 2 2 2 2 2
left_child=-1 -2 -3 4 5 8 7 -7 9 -4 -8
right_child=1 2 3 -5 -6 6 10 -9 -10 -11 -12
leaf_value=6.0537488841256548e-06 -6.1770549746142929e-06 -4.7175511282050914e-06 1.8486703107593407e-06 5.3275710313300812e-06 -2.3200562917077934e-06 -3.5635029451168031e-06 -1.1889955963795274e-06 6.2607003970837321e-07 -3.0325311183787561e-06 1.2021107791088761e-09 4.5801214766818979e-07
leaf_weight=28 20 21 108 25 29 47 92 26 20 197 237
leaf_count=28 20 21 108 25 29 47 92 26 20 197 237
internal_value=-8.64124e-15 -2.0621e-07 -5.73116e-08 6.79958e-08 -1.05932e-07 -1.76107e-08 -3.78223e-07 -2.07133e-06 4.28439e-07 6.55388e-07 -2.54929e-09
internal_weight=850 822 802 781 756 727 402 73 325 305 329
internal_count=850 822 802 781 756 727 402 73 325 305 329
is_linear=0
shrinkage=0.3


Tree=295
num_leaves=16
num_cat=0
split_feature=21 20 27 19 14 12 14 19 6 13 20 13 14 13 10
split_gain=1.24256e-08 5.51173e-08 1.82427e-08 8.551e-10 1.9148e-09 5.37336e-09 1.98408e-09 1.08356e-09 3.06795e-09 1.18751e-09 4.28853e-09 4.20271e-09 4.02317e-09 2.64208e-09 1.26391e-09
threshold=0.022918000000000004 0.015682500000000005 0.94886950000000014 -0.41768299999999997 0.014583318846093886 0.00037825354478351647 0.019481061908938831 -0.23783399999999996 -1.0000000180025095e-35 0.014350699949644658 0.39683800000000008 0.014609395506511681 0.010371648523493624 0.012107158959289653 -0.58512089801962763
decision_type=2 2 2 2 2 2 2 2 2 2 2 2 2 2 2
left_child=-1 -2 3 4 5 -3 -6 8 -5 10 12 -11 -9 -12 -13
right_child=1 2 -4 7 6 -7 -8 9 -10 11 13 14 -14 -15 -16
leaf_value=-6.7290784357965094e-06 1.5010188865909928e-05 4.7803443068075995e-06 -9.1569299569016498e-06 1.310044144631206e-06 -2.5054043940935631e-06 -1.6115328344312728e-06 1.3554859825717358e-06 -5.0017795858490981e-06 -3.0688472018406778e-06 4.2910850238926777e-06 3.6580497083247921e-06 9.201300296935281e-07 -3.0865181867868936e-07 -3.0763664579719964e-07 -2.3344631632416998e-07
leaf_weight=24 22 29 20 24 23 20 25 31 36 22 21 113 35 54 351
leaf_count=24 22 29 20 24 23 20 25 31 36 22 21 113 35 54 351
internal_value=1.65248e-15 1.95518e-07 -2.09859e-07 1.83831e-08 8.52187e-07 2.17141e-06 -4.94524e-07 -9.93448e-08 -1.31729e-06 1.72051e-08 -7.493e-07 2.39586e-07 -2.513e-06 8.02756e-07 4.74893e-08
internal_weight=850 826 804 784 97 49 48 687 60 627 141 486 66 75 464
internal_count=850 826 804 784 97 49 48 687 60 627 141 486 66 75 464
is_linear=0
shrinkage=0.3


Tree=296
num_leaves=16
num_cat=0
split_feature=21 20 5 8 15 22 6 22 17 1 3 12 11 0 3
split_gain=1.19765e-08 2.35272e-08 1.20961e-09 1.21141e-09 2.95874e-09 2.11848e-09 2.42568e-09 3.39985e-09 2.28004e-09 1.66139e-09 1.30491e-09 3.02768e-09 3.14448e-09 2.25253e-09 1.60558e-09
threshold=0.023222500000000004 0.015682500000000005 -0.019992392883661749 -0.01238969040825035 0.010767194867865768 0.016878500000000001 -0.0019029962239348857 0.3096560000000001 0.0046404287252500504 3.4668260088485021 3.9932229518890385 -0.0022852036292966811 65.669597394690413 4.0796051547403627 4.1519575119018564
decision_type=2 2 2 2 2 2 2 2 2 2 2 2 2 2 2
left_child=-1 -2 -3 4 5 -4 7 -7 -8 -5 11 -11 -13 -12 -15
right_child=1 2 3 9 -6 6 8 -9 -10 10 13 12 -14 14 -16
leaf_value=6.1014651580291811e-06 -1.0120193629908109e-05 2.2457748521922193e-06 -2.8468158745909022e-06 2.6459181273530418e-06 -3.9423955021272215e-06 8.9650459642598426e-07 2.7199411351830347e-06 -3.4177748848525235e-06 -6.2364010131527566e-07 1.9714190914653173e-06 2.7494802503908077e-06 -4.3871558393126675e-06 2.5509585075411675e-07 -2.2304150822378686e-06 2.4158123255927107e-07
leaf_weight=28 21 22 24 24 22 35 45 31 31 21 31 29 24 25 437
leaf_count=28 21 22 24 24 22 35 45 31 31 21 31 29 24 25 437
internal_value=-3.90025e-15 -2.07836e-07 5.20387e-08 -9.91529e-09 -6.73219e-07 -2.39954e-07 2.00642e-07 -1.1299e-06 1.35611e-06 2.01085e-07 9.75998e-08 -1.0771e-06 -2.285e-06 2.73924e-07 1.07815e-07
internal_weight=850 822 801 779 188 166 142 66 76 591 567 74 53 493 462
internal_count=850 822 801 779 188 166 142 66 76 591 567 74 53 493 462
is_linear=0
shrinkage=0.3


Tree=297
num_leaves=16
num_cat=0
split_feature=21 20 19 0 16 27 17 22 1 26 3 26 6 27 9
split_gain=1.174e-08 4.33074e-08 1.10524e-08 7.82331e-10 2.12369e-09 2.534e-09 2.15238e-09 2.92694e-09 1.97642e-09 1.63104e-09 1.67543e-09 1.60405e-09 1.59745e-09 1.44599e-09 9.69748e-10
threshold=0.022918000000000004 0.015682500000000005 -0.85957799999999984 4.034650298043986 0.008179951522529337 0.70102700000000018 0.0039486673625722408 0.33111050000000003 4.1414230450317362 0.91138300000000017 4.1466543674469003 0.67436750000000012 0.0019398849651730014 0.54319200000000012 0.017827115773544299
decision_type=2 2 2 2 2 2 2 2 2 2 2 2 2 2 2
left_child=-1 -2 -3 4 5 12 11 -8 14 10 -10 -7 -4 -12 -5
right_child=1 2 3 8 -6 6 7 -9 9 -11 13 -13 -14 -15 -16
leaf_value=-6.5407944013884388e-06 1.3321986992051197e-05 -6.6509097660217698e-06 -4.2653811794325844e-07 3.7148560784316936e-06 -3.413123646112126e-06 -1.9279493017165804e-06 3.9032723371835292e-07 4.6969809648089724e-06 -2.3582590826107556e-06 2.5797327987858215e-06 2.3401518177479374e-06 7.4391933996873998e-07 -4.1728322514700265e-06 -4.8830369493175613e-08 7.6058309133486541e-07
leaf_weight=24 22 23 21 20 20 42 49 20 27 22 24 39 20 457 20
leaf_count=24 22 23 21 20 20 42 49 20 27 22 24 39 20 457 20
internal_value=1.99831e-14 1.90047e-07 -1.69284e-07 2.15958e-08 -4.71904e-07 -1.63923e-07 4.07364e-07 1.63863e-06 2.04277e-07 5.081e-08 -5.87103e-08 -6.41494e-07 -2.254e-06 7.03704e-08 2.23772e-06
internal_weight=850 826 804 781 211 191 150 69 570 530 508 81 41 481 40
internal_count=850 826 804 781 211 191 150 69 570 530 508 81 41 481 40
is_linear=0
shrinkage=0.3


Tree=298
num_leaves=14
num_cat=0
split_feature=21 20 20 7 9 17 0 17 1 11 22 13 11
split_gain=1.15402e-08 2.83277e-08 1.096e-09 8.35064e-10 3.30184e-09 2.66374e-09 2.55475e-09 2.25259e-09 1.61478e-09 1.39941e-09 2.39105e-09 1.86848e-09 7.55144e-10
threshold=0.023222500000000004 0.015682500000000005 0.023690000000000006 0.0057973475852445095 0.011765080434684516 0.0013898919304427839 5.807048835908236 0.0039920595671422412 6.1652903558422292 74.129234936734065 0.010154500000000002 0.014041046902770549 65.454514887097858
decision_type=2 2 2 2 2 2 2 2 2 2 2 2 2
left_child=-1 -2 -3 8 -5 -6 7 -7 9 10 -4 -12 -10
right_child=1 2 3 4 5 6 -8 -9 12 -11 11 -13 -14
leaf_value=5.9892976964245495e-06 -1.1080731707936919e-05 2.1221059934918153e-06 3.048435444725328e-06 -3.1013035048488289e-06 2.5280622129031372e-06 -1.6228322043129341e-06 -3.642963277759037e-06 9.3663858034157391e-07 7.494905713656407e-07 -2.0281346097464039e-06 -1.2825400901306239e-06 3.1082820123407594e-07 3.3564609873337759e-06
leaf_weight=28 21 23 25 36 32 49 20 84 20 27 80 385 20
leaf_count=28 21 23 25 36 32 49 20 84 20 27 80 385 20
internal_value=2.8208e-15 -2.04015e-07 8.11424e-08 2.08054e-08 -4.72621e-07 3.89059e-08 -4.81702e-07 -6.32434e-09 2.16582e-07 7.45008e-08 1.9036e-07 3.67003e-08 2.05298e-06
internal_weight=850 822 801 778 221 185 153 133 557 517 490 465 40
internal_count=850 822 801 778 221 185 153 133 557 517 490 465 40
is_linear=0
shrinkage=0.3


Tree=299
num_leaves=14
num_cat=0
split_feature=21 20 26 22 11 29 14 19 14 13 4 14 4
split_gain=1.11536e-08 3.75725e-08 9.58181e-09 1.34721e-09 6.43259e-10 1.82007e-09 8.54474e-10 2.28549e-09 3.18969e-09 2.25249e-09 8.76083e-10 3.21411e-09 1.42741e-09
threshold=0.022918000000000004 0.015682500000000005 0.92835300000000009 0.86034200000000005 37.033138804897057 1.5000000000000002 0.010776821489842608 0.25635700000000006 0.0098716683599617792 0.013227324499894498 23903350.000000004 0.018669841736551996 21260600.000000004
decision_type=2 2 2 2 2 2 2 2 2 2 2 2 2
left_child=-1 -2 3 4 5 -3 7 8 -6 -9 12 -12 -8
right_child=1 2 -4 -5 6 -7 10 9 -10 -11 11 -13 -14
leaf_value=-6.3753460482374173e-06 1.2416836671294813e-05 -2.4870247764077e-06 -6.1844730241303933e-06 2.398615735391526e-06 5.4878287952361712e-07 7.7062806210819705e-07 -1.1280164638898931e-07 1.8609951861695402e-06 4.3918869122395471e-06 -1.8762260295302632e-06 -3.3979088987834415e-06 4.2342085694057318e-07 2.1381667440639122e-06
leaf_weight=24 22 33 23 21 77 29 416 21 26 47 32 52 27
leaf_count=24 22 33 23 21 77 29 416 21 26 47 32 52 27
internal_value=-2.0431e-14 1.8524e-07 -1.49455e-07 2.82724e-08 -3.72239e-08 -9.63284e-07 4.50336e-08 6.2774e-07 1.51889e-06 -7.22084e-07 -1.44042e-07 -1.03232e-06 2.43906e-08
internal_weight=850 826 804 781 760 62 698 171 103 68 527 84 443
internal_count=850 826 804 781 760 62 698 171 103 68 527 84 443
is_linear=0
shrinkage=0.3


end of trees

feature_importances:
Column_21=340
Column_18=322
Column_20=295
Column_4=278
Column_7=270
Column_16=236
Column_22=231
Column_6=229
Column_9=223
Column_14=223
Column_27=221
Column_17=207
Column_15=203
Column_10=197
Column_13=197
Column_12=196
Column_8=186
Column_26=177
Column_5=175
Column_11=165
Column_19=155
Column_0=113
Column_2=94
Column_1=80
Column_3=67
Column_29=50
Column_23=34
Column_25=23
Column_24=17
Column_28=17

parameters:
[boosting: gbdt]
[objective: regression]
[metric: l2]
[tree_learner: serial]
[device_type: cpu]
[data_sample_strategy: bagging]
[data: ]
[valid: ]
[num_iterations: 300]
[learning_rate: 0.3]
[num_leaves: 31]
[num_threads: 8]
[seed: 42]
[deterministic: 0]
[force_col_wise: 0]
[force_row_wise: 0]
[histogram_pool_size: -1]
[max_depth: 8]
[min_data_in_leaf: 20]
[min_sum_hessian_in_leaf: 0.001]
[bagging_fraction: 1]
[pos_bagging_fraction: 1]
[neg_bagging_fraction: 1]
[bagging_freq: 0]
[bagging_seed: 400]
[bagging_by_query: 0]
[feature_fraction: 1]
[feature_fraction_bynode: 1]
[feature_fraction_seed: 30056]
[extra_trees: 0]
[extra_seed: 12879]
[early_stopping_round: 0]
[early_stopping_min_delta: 0]
[first_metric_only: 0]
[max_delta_step: 0]
[lambda_l1: 0]
[lambda_l2: 0]
[linear_lambda: 0]
[min_gain_to_split: 0]
[drop_rate: 0.1]
[max_drop: 50]
[skip_drop: 0.5]
[xgboost_dart_mode: 0]
[uniform_drop: 0]
[drop_seed: 17869]
[top_rate: 0.2]
[other_rate: 0.1]
[min_data_per_group: 100]
[max_cat_threshold: 32]
[cat_l2: 10]
[cat_smooth: 10]
[max_cat_to_onehot: 4]
[top_k: 20]
[monotone_constraints: ]
[monotone_constraints_method: basic]
[monotone_penalty: 0]
[feature_contri: ]
[forcedsplits_filename: ]
[refit_decay_rate: 0.9]
[cegb_tradeoff: 1]
[cegb_penalty_split: 0]
[cegb_penalty_feature_lazy: ]
[cegb_penalty_feature_coupled: ]
[path_smooth: 0]
[interaction_constraints: ]
[verbosity: 1]
[saved_feature_importance_type: 0]
[use_quantized_grad: 0]
[num_grad_quant_bins: 4]
[quant_train_renew_leaf: 0]
[stochastic_rounding: 1]
[linear_tree: 0]
[max_bin: 255]
[max_bin_by_feature: ]
[min_data_in_bin: 3]
[bin_construct_sample_cnt: 200000]
[data_random_seed: 175]
[is_enable_sparse: 1]
[enable_bundle: 1]
[use_missing: 1]
[zero_as_missing: 0]
[feature_pre_filter: 1]
[pre_partition: 0]
[two_round: 0]
[header: 0]
[label_column: ]
[weight_column: ]
[group_column: ]
[ignore_column: ]
[categorical_feature: ]
[forcedbins_filename: ]
[precise_float_parser: 0]
[parser_config_file: ]
[objective_seed: 16083]
[num_class: 1]
[is_unbalance: 0]
[scale_pos_weight: 1]
[sigmoid: 1]
[boost_from_average: 1]
[reg_sqrt: 0]
[alpha: 0.9]
[fair_c: 1]
[poisson_max_delta_step: 0.7]
[tweedie_variance_power: 1.5]
[lambdarank_truncation_level: 30]
[lambdarank_norm: 1]
[label_gain: ]
[lambdarank_position_bias_regularization: 0]
[eval_at: ]
[multi_error_top_k: 1]
[auc_mu_weights: ]
[num_machines: 1]
[local_listen_port: 12400]
[time_out: 120]
[machine_list_filename: ]
[machines: ]
[gpu_platform_id: -1]
[gpu_device_id: -1]
[gpu_use_dp: 0]
[num_gpu: 1]

end of parameters

pandas_categorical:null
