tree
version=v4
num_class=1
num_tree_per_iteration=1
label_index=0
max_feature_idx=29
objective=regression
feature_names=Column_0 Column_1 Column_2 Column_3 Column_4 Column_5 Column_6 Column_7 Column_8 Column_9 Column_10 Column_11 Column_12 Column_13 Column_14 Column_15 Column_16 Column_17 Column_18 Column_19 Column_20 Column_21 Column_22 Column_23 Column_24 Column_25 Column_26 Column_27 Column_28 Column_29
feature_infos=[3.1628494262695312:4.4562503254529977] [3.1709179118521424:4.4933859700400482] [3.1547803046558793:4.3726957485696856] [3.1547806262969971:4.4655342102050781] [2326100:130686600] [-0.035675658409838926:0.056640286923671582] [-0.035675658409838926:0.056640286923671582] [-0.035675658409838926:0.056640286923671582] [-0.055441322509637077:0.092721863679506161] [0:0.044597051054750411] [-1.7888543820049601:1.7888543820055458] [0:99.999999804061076] [-0.0082570073184546604:0.0091183051686962516] [0.0055674566302827454:0.034437066976126911] [0.0042462804170978509:0.072687208475518031] [-0.030927804644246302:0.055066079757842404] [-1.2895728860551968e-16:0.022670003405722304] [-1.1324652136720592e-16:0.027368445145456458] [-1.6088354609016402:2.1852377083659325] [-0.96135400000000004:0.91965600000000003] [0.0085859999999999999:0.94454700000000003] [0.019459000000000001:0.94564400000000004] [0.0082539999999999992:0.96994000000000002] [0:1] [0:1] [0:1] [0.001647:0.96135400000000004] [0.44604899999999997:0.96994000000000002] [0:1] [0:12]
tree_sizes=2893 2346 1892 1713 1807 2091 2003 2369 2083 1548 2085 2825 2467 3009 1540 1266 1170 2454 3026 2271 2547 1256 1914 1629 1541 1906 2469 1723 1723 2090 2364 2551 2931 2279 2841 2099 1071 2728 1921 2473 2275 2752 1736 2103 2920 2456 2098 1894 2485 2646 2934 1996 1269 1818 3028 2457 3029 1996 1262 2551 2370 2193 2372 2188 2184 2467 2937 2457 2104 2383 2994 2008 2380 2195 3024 1725 1910 2304 2190 1249 2377 3014 2088 2652 2565 2837 2105 2178 1631 2548 1897 1532 2560 1801 1720 1625 2366 1919 2356 1741 2655 1919 2266 1729 1439 1540 1534 2180 1253 1263 1908 2379 1166 2104 2754 2007 1629 1820 2298 2102 1440 1895 1532 2288 1359 1534 1627 1171 1429 1631 1818 2014 1911 2475 1173 2019 1342 1615 1544 2371 1359 1913 1916 1720 1646 2470 2102 1269 1630 1165 1448 1452 1349 1363 1635 1915 2281 2570 2186 2664 1630 1440 2001 2278 1261 1807 1635 1723 2185 1646 2107 1921 1733 2019 2089 1808 1819 1257 1723 1532 1437 2187 1534 2192 1248 1159 1919 1638 1632 1539 1436 1252 1168 2008 2016 1167 2477 2469 1446 1823 1443 1995 1908 2107 1436 1719 1448 1826 2101 2110 1457 1720 1723 1539 1917 1801 1444 1638 1440 1445 1803 1450 1443 1916 1635 1359 2290 1456 1717 1723 1167 1735 2392 1536 2474 1531 1533 1622 1341 1258 1454 2388 1164 1539 2744 1352 1999 1451 2191 2204 2746 1719 2021 1916 1732 1651 1827 1533 1349 1453 1361 1815 1809 1809 1173 1455 1724 1353 2004 1725 1714 2208 1346 1631 2481 1540 1160 1169 1439 1261 2281 2742 1827 2017 1168 1452 1452 1533 1160 2104 1537 2186 2108 1897 2105 1442 1918 1249 1445 1439

Tree=0
num_leaves=30
num_cat=0
split_feature=19 13 16 14 24 8 1 6 22 16 10 10 1 10 16 13 3 8 19 4 5 25 9 29 6 14 4 18 9
split_gain=0.00155026 0.00115069 0.000850112 0.000853049 0.000874381 0.000757853 0.000944142 0.000841963 0.000699815 0.000670044 0.000622038 0.000527689 0.000810143 0.000599728 0.000730341 0.000473533 0.00040563 0.000401231 0.000341947 0.000330511 0.000240463 0.000402919 0.000471512 0.000222122 0.00028004 0.000213763 0.000205672 0.000180898 0.000167169
threshold=-0.54862149999999987 0.012091880854307156 0.0024095787505740373 0.027055203619915438 0.41428550000000003 0.012820605234563296 3.8022076663553412 0.0034565940962772161 0.29067000000000004 0.0024814462434758528 0.37340229756414373 0.35080334376313571 3.4226563735176545 -0.61357391781126125 0.0049875261309126678 0.015613439806823738 3.5186073780059819 -0.013129362297393749 -0.11763149999999999 13972150.000000002 -0.0047226186937901976 0.38750000000000007 0.0050875126060872843 4.5000000000000009 -1.0000000180025095e-35 0.014184383571866467 20576400.000000004 -0.025039429506273744 0.0049550843159978973
decision_type=2 2 2 2 2 2 2 2 2 2 2 2 2 2 2 2 2 2 2 2 2 2 2 2 2 2 2 2 2
left_child=1 28 5 4 9 7 16 20 -8 -4 -9 13 -13 14 -11 18 -7 -3 -6 -14 26 23 27 24 -22 -15 -2 -23 -1
right_child=2 17 3 -5 15 6 8 10 -10 11 -12 12 19 25 -16 -17 -18 -19 -20 -21 21 22 -24 -25 -26 -27 -28 -29 -30
leaf_value=0.00089357855882148595 0.00084212844318376999 0.0034743405530816493 0.0017226275937726487 0.0022810519504399326 -0.00087941974648222368 -0.00081144098555617082 -0.00085391594598676029 0.00015063741405080958 -0.0030977331492483737 -0.00021718811509923434 0.002029463512531264 0.002617319583687122 0.0013050264383555011 -0.00022228289988554349 0.0015222651149983007 -0.0018055000014947174 0.00086557064505811735 0.0017014956086154856 0.00050084545163356787 -0.00014041528477214859 0.00097876322961641107 -0.0010838672820307159 -0.0022172107452870723 -0.00069110842668399257 -0.0003181991512934544 -0.0013393445158871001 -0.00040839818131010102 0.00014711330159915734 -0.00030344876308341162
leaf_weight=21 29 20 39 21 30 27 29 35 22 45 29 21 24 58 42 20 25 27 35 35 29 21 20 30 31 21 20 22 21
leaf_count=21 29 20 39 21 30 27 29 35 22 45 29 21 24 58 42 20 25 27 35 35 29 21 20 30 31 21 20 22 21
internal_value=0.000251554 0.00143618 0.000112828 0.00042106 0.000315493 -0.000213781 -0.000904693 5.37529e-05 -0.00182184 0.000567352 0.00100198 0.000384199 0.00101712 7.91749e-05 0.000622548 -0.000528976 -5.18539e-06 0.0024559 -0.0001362 0.000447561 -0.000246676 -0.00043191 -0.00101379 -2.45921e-05 0.000308666 -0.000519223 0.000331709 -0.000454063 0.000295065
internal_weight=849 89 760 391 370 369 103 266 51 285 64 246 80 166 87 85 52 47 65 59 202 153 63 90 60 79 49 43 42
internal_count=849 89 760 391 370 369 103 266 51 285 64 246 80 166 87 85 52 47 65 59 202 153 63 90 60 79 49 43 42
is_linear=0
shrinkage=1


Tree=1
num_leaves=24
num_cat=0
split_feature=7 0 17 19 1 4 1 6 3 14 20 17 27 27 16 20 10 7 18 9 15 9 27
split_gain=0.000849933 0.000630102 0.000835943 0.000614483 0.000514775 0.000557274 0.000472621 0.000705524 0.000703976 0.000469439 0.000405792 0.000683547 0.000532094 0.000361181 0.000356355 0.000420625 0.000407982 0.000506009 0.000353788 0.000339606 0.000297751 0.000285312 0.000188791
threshold=-0.0097168845519828347 3.6634477237728111 0.0047225523727651457 -0.54862149999999987 3.5542635779553962 15074550.000000002 3.9058534240168581 0.006864996437238779 3.9735873937606816 0.010752677696952423 0.46941400000000005 0.0023337788323989834 0.89658800000000005 0.82217600000000013 0.0021551704204748039 0.23113700000000004 0.35080334376313571 -0.0045146751444974922 0.032822037526896448 0.0049678934664517888 0.0023364034346458704 0.006069711224261652 0.80223600000000006
decision_type=2 2 2 2 2 2 2 2 2 2 2 2 2 2 2 2 2 2 2 2 2 2 2
left_child=1 2 -1 4 -2 -6 10 8 9 -8 12 -12 14 -13 15 19 20 -18 -17 -5 -16 -14 -3
right_child=3 22 -4 6 5 -7 7 -9 -10 -11 11 13 21 -15 16 18 17 -19 -20 -21 -22 -23 -24
leaf_value=0.0031328751912951701 -0.00023202683472435081 -0.00056804288564308073 0.00042282790189866705 -0.00019714963564183561 0.00027725313319189641 0.0023892183664113121 -0.0001076980671893001 -0.0024155551381409165 0.0010985121183330192 -0.0021159084863757015 0.0017921727345450421 -0.00075560479951579309 -0.00037889922787144316 0.00076058606567900049 6.7518727295474215e-06 -0.00051002312478992868 0.0018496846335308093 0.00021595860999985852 0.0010560978208169606 -0.0015336531251457265 -0.00079880182267241362 -0.0019282019990698798 0.00066856783535331496
leaf_weight=20 31 20 21 28 22 23 22 20 20 20 26 31 20 26 187 34 21 91 21 44 53 23 25
leaf_count=20 31 20 21 28 22 23 22 20 20 20 26 31 20 26 187 34 21 91 21 44 53 23 25
internal_value=5.18701e-12 0.000894072 0.0017448 -0.000100774 0.000708668 0.0013567 -0.000190319 -0.0008662 -0.000366408 -0.00106399 -9.87117e-05 0.000517446 -0.000196683 -6.4009e-05 -0.000105933 -0.000536722 4.94935e-05 0.000522282 8.79503e-05 -0.0010139 -0.000171141 -0.0012076 0.000118963
internal_weight=849 86 41 763 76 45 687 82 62 42 605 83 522 57 479 127 352 112 55 72 240 43 45
internal_count=849 86 41 763 76 45 687 82 62 42 605 83 522 57 479 127 352 112 55 72 240 43 45
is_linear=0
shrinkage=0.3


Tree=2
num_leaves=19
num_cat=0
split_feature=20 7 1 14 21 16 3 2 20 20 15 19 18 22 13 9 9 18
split_gain=0.000582429 0.00103022 0.00038723 0.00053231 0.000712988 0.000473559 0.000527515 0.000420575 0.000356255 0.000391906 0.000337258 0.000284297 0.000432241 0.000198986 0.000175683 0.000281909 0.000174654 0.000161818
threshold=0.027761500000000005 0.0021551924385574826 3.9058534240168581 0.022641839863182928 0.47136550000000005 0.0020942462749833509 4.0522277355194101 3.85444720371604 0.05120800000000001 0.078760000000000011 -0.0047393322087358304 -0.14018599999999995 0.61884144695708454 0.35881700000000011 0.011207715570538674 0.006836926148635322 0.0059847819750379 -0.1486270578656621
decision_type=2 2 2 2 2 2 2 2 2 2 2 2 2 2 2 2 2 2
left_child=1 -1 3 7 -5 -4 16 8 14 10 -10 13 -13 -11 -2 -16 -7 -12
right_child=2 -3 5 4 -6 6 -8 -9 9 11 17 12 -14 -15 15 -17 -18 -19
leaf_value=0.0020820824371185153 -0.0014475198150400749 -0.00056786589278920506 -0.0018267107661813498 -0.00016105357922655952 0.0022828015299247843 -0.00029670694771630223 0.00099560264165380165 0.0012329838114882561 0.0016659598660355966 -0.0013225952081847936 -0.0004231707443977939 0.00016429193198571571 -0.00088416286876054069 -0.00031274095811871424 0.00023458964334657558 -0.0012635532042622798 -0.0014861169905634596 0.00076917570051071896
leaf_weight=31 22 23 23 22 21 25 21 22 21 20 20 307 40 144 26 20 20 21
leaf_count=31 22 23 23 22 21 25 21 22 21 20 20 307 40 144 26 20 20 21
internal_value=6.59464e-13 0.000953401 -6.47593e-05 9.57941e-06 0.00103246 -0.000654457 -0.000245945 -5.67611e-05 -0.000101027 -2.39809e-05 0.000688297 -0.000110402 4.34326e-05 -0.000435894 -0.000750252 -0.000416777 -0.000825334 0.000187543
internal_weight=849 54 795 706 43 89 66 663 641 573 62 511 347 164 68 46 45 41
internal_count=849 54 795 706 43 89 66 663 641 573 62 511 347 164 68 46 45 41
is_linear=0
shrinkage=0.3


Tree=3
num_leaves=17
num_cat=0
split_feature=15 18 4 26 19 9 6 6 13 14 14 7 22 16 21 22
split_gain=0.000362255 0.000611179 0.000587181 0.000581287 0.00041584 0.000324874 0.000459586 0.000355753 0.000403285 0.000357649 0.000436109 0.000288192 0.000262184 0.000316432 0.000295615 0.000209717
threshold=0.008869868893025273 0.70901150099236843 39163700.000000007 0.46382350000000006 -0.71402549999999987 0.012480390234138274 -0.004333647435904712 -0.0047336947217821853 0.016991877663773781 0.016298082721508237 0.014705868603311236 -0.007134562530525166 0.38755100000000003 0.002512590357945333 0.50875800000000015 0.31399200000000005
decision_type=2 2 2 2 2 2 2 2 2 2 2 2 2 2 2 2
left_child=2 3 4 -2 -1 7 -7 11 9 10 -9 -6 14 -14 -13 -8
right_child=1 -3 -4 -5 5 6 15 8 -10 -11 -12 12 13 -15 -16 -17
leaf_value=0.0010494716297323654 -0.00011723634816007689 0.00090499136327707667 0.0016722191747976468 -0.0018220638882970282 0.00040491128392103646 0.0016912471970104176 -0.00061746432799158026 0.00010595354405990122 -0.00092914935072864555 0.001007873919160055 -0.0012976835084763088 0.00013087574325254536 -0.002136824184854049 -0.00058570431689892349 -0.0010576178048429408 0.00070794915913471141
leaf_weight=34 36 20 20 36 27 23 22 388 36 37 21 48 20 29 31 21
leaf_count=34 36 20 20 36 27 23 22 388 36 37 21 48 20 29 31 21
internal_value=-4.45427e-13 -0.000562119 6.83157e-05 -0.00096965 2.47905e-05 -2.47673e-05 0.000608809 -9.04126e-05 3.67232e-05 0.000114686 3.38842e-05 -0.000485764 -0.000673641 -0.00121881 -0.000335495 2.98306e-05
internal_weight=849 92 757 72 737 703 66 637 482 446 409 155 128 49 79 43
internal_count=849 92 757 72 737 703 66 637 482 446 409 155 128 49 79 43
is_linear=0
shrinkage=0.3


Tree=4
num_leaves=18
num_cat=0
split_feature=7 18 27 6 4 9 17 13 27 19 27 18 6 27 17 26 12
split_gain=0.000303213 0.000410526 0.000391149 0.000473645 0.000683341 0.000371879 0.00049513 0.000470671 0.000425354 0.000347224 0.000463077 0.000362389 0.000336086 0.000319739 0.000245147 0.00018282 0.000131077
threshold=-0.0094676266196936417 -0.027434604406285684 0.68413750000000018 0.0097087424534737701 24777200.000000004 0.013203659627465931 0.0092167764786855403 0.017361945320454934 0.73162200000000011 -0.54862149999999987 0.83960600000000007 -0.6761406003852789 1.0000000180025095e-35 0.62411500000000009 0.0045976968655135446 0.52332400000000012 0.00076040087620153358
decision_type=2 2 2 2 2 2 2 2 2 2 2 2 2 2 2 2 2
left_child=1 15 13 5 16 6 8 -7 14 10 -10 -11 -3 -2 -4 -1 -5
right_child=2 12 3 4 -6 7 -8 -9 9 11 -12 -13 -14 -15 -16 -17 -18
leaf_value=-0.00052499576272713319 -0.0001322366265902439 0.0020493330799841456 -0.0013491317704713711 -0.00072664132390143452 -0.0023607781696046003 -0.00020459796323848422 -0.0014504326012684031 0.0016553560299798844 0.0018874012176092947 -0.0010186378533861981 9.5684114982046793e-05 1.4466778052822235e-05 0.00037145825891374523 0.0012566383381740055 -2.5469482407061149e-05 0.0006214270545959672 0.00032347929096431471
leaf_weight=31 26 21 34 23 20 24 24 25 20 33 37 413 22 35 20 21 20
leaf_count=31 26 21 34 23 20 24 24 25 20 33 37 413 22 35 20 21 20
internal_value=1.8112e-12 0.000505086 -6.36382e-05 -0.000127745 -0.000912043 -4.93153e-05 -0.000116252 0.000744358 -5.87645e-05 2.71333e-05 0.000724357 -6.19737e-05 0.00119089 0.000664659 -0.000858886 -6.20173e-05 -0.000238213
internal_weight=849 95 754 693 63 630 581 49 557 503 57 446 43 61 54 52 43
internal_count=849 95 754 693 63 630 581 49 557 503 57 446 43 61 54 52 43
is_linear=0
shrinkage=0.3


Tree=5
num_leaves=21
num_cat=0
split_feature=13 9 9 13 7 8 16 7 11 9 1 14 20 4 14 21 7 12 18 9
split_gain=0.000278254 0.00031242 0.000274306 0.000449394 0.000552964 0.000576373 0.000528415 0.000323459 0.000308103 0.000263018 0.000246826 0.000346992 0.000319163 0.000264011 0.000238899 0.00022259 0.000254072 0.000222007 0.000190942 0.000123496
threshold=0.0070756839210934256 0.002735654392430746 0.0056608486695830179 0.01290942841359771 0.0090601275629111581 0.0024301126511827851 0.0051085601874971539 0.011919266186284966 58.823385560978316 0.0059847819750379 3.9058534240168581 0.024971631613132299 0.24519600000000003 13750600.000000002 0.0095011785013268575 0.48288800000000004 -0.0024066753193141268 -0.00044578605339435626 -0.061486969275842927 0.0021661854463554558
decision_type=2 2 2 2 2 2 2 2 2 2 2 2 2 2 2 2 2 2 2 2
left_child=-1 18 3 4 5 15 -5 9 -9 -4 11 13 -12 -11 -7 16 -3 -17 -2 -20
right_child=1 2 7 6 -6 14 -8 8 -10 10 12 -13 -14 -15 -16 17 -18 -19 19 -21
leaf_value=0.001105732474825345 -0.0010987230697840763 0.00017565759825326191 -0.0012530135715496727 0.00032449982347637103 -0.0013845922408758529 0.00037127644041432965 0.0022678513123537414 0.0015334693781915119 -6.0849143028463001e-05 0.00022516343827599732 -0.0015818598116469648 0.00098511153482832019 -6.1079714133585277e-05 -0.00034321168919333684 0.0015227798142244437 -0.00033046192636902559 -0.00078553821153367275 0.00097821098253396996 0.00027560634222754742 -0.00069896982048786322
leaf_weight=20 36 45 20 34 21 31 20 20 24 116 23 27 27 201 34 20 55 28 25 22
leaf_count=20 36 45 20 34 21 31 20 20 24 116 23 27 27 201 34 20 55 28 25 22
internal_value=-3.78517e-12 -2.66763e-05 3.47541e-05 0.000264161 8.41381e-05 0.000228942 0.00104426 -0.000109502 0.000663841 -0.000191693 -0.000137819 -4.72924e-05 -0.000760639 -0.000135226 0.000973601 -9.81037e-05 -0.000353 0.000432931 -0.00057881 -0.000180578
internal_weight=849 829 746 288 234 213 54 458 44 414 394 344 50 317 65 148 100 48 83 47
internal_count=849 829 746 288 234 213 54 458 44 414 394 344 50 317 65 148 100 48 83 47
is_linear=0
shrinkage=0.3


Tree=6
num_leaves=20
num_cat=0
split_feature=12 12 9 13 15 16 16 13 0 13 18 15 19 7 22 5 15 22 8
split_gain=0.000202634 0.000345028 0.000488297 0.000209932 0.000796371 0.00027714 0.000305742 0.000333662 0.000335872 0.000287597 0.000313355 0.000280763 0.00027059 0.000501228 0.000220488 0.000150765 0.000208976 0.000146659 0.000127183
threshold=0.0065053987707170005 0.0038446700752170345 0.0116881891499624 0.0094088907379740617 0.0024814462434758111 0.0021230895888934304 0.0022321407189022859 0.01018614398236605 3.6490989139519301 0.015941845398621649 0.11903033003539815 -0.0093457850215428722 -0.21229749999999997 0.0024813899878319162 0.59529350000000003 0.0022078654571920197 -0.0021321820408398214 0.28587850000000009 -0.0047732700878763447
decision_type=2 2 2 2 2 2 2 2 2 2 2 2 2 2 2 2 2 2 2
left_child=1 3 -3 4 15 11 -7 8 -8 14 -11 -5 -13 17 -9 16 18 -14 -1
right_child=-2 2 -4 5 -6 6 7 9 -10 10 -12 12 13 -15 -16 -17 -18 -19 -20
leaf_value=-0.0002711145516162017 -0.00092029822075606453 -5.2748488029465077e-05 0.0019360206462442874 0.00031183592652918633 0.0018104431294677151 0.0011673915186838711 -0.0015740636535156228 8.0836949102414577e-05 4.875611669955437e-05 -2.5737788189050456e-05 -0.0011939030533070646 -0.001304207743333581 -0.0011847244026476371 0.0007465397858490737 0.00076905400126968154 0.00064602298744747795 -0.00090152066700933833 -0.00018107320211129262 0.00068508301628753541
leaf_weight=31 21 25 20 35 26 20 24 289 22 62 31 39 38 26 49 22 28 20 21
leaf_count=31 21 25 20 35 26 20 24 289 22 62 31 39 38 26 49 22 28 20 21
internal_value=1.60302e-12 2.33409e-05 0.000831149 -2.30848e-05 0.00032831 -9.17543e-05 1.82731e-05 -2.9908e-05 -0.000797932 5.20622e-05 -0.000415126 -0.000437853 -0.000651179 -0.000347988 0.000180608 -4.9489e-05 -0.000240755 -0.000838638 0.000115042
internal_weight=849 828 45 783 128 655 497 477 46 431 93 158 123 84 338 102 80 58 52
internal_count=849 828 45 783 128 655 497 477 46 431 93 158 123 84 338 102 80 58 52
is_linear=0
shrinkage=0.3


Tree=7
num_leaves=24
num_cat=0
split_feature=7 6 15 9 27 6 27 27 15 4 1 0 10 25 19 19 5 27 27 16 8 21 6
split_gain=0.000199708 0.000246246 0.000491878 0.000458739 0.00032451 0.000271302 0.000256188 0.000326242 0.000324704 0.000251632 0.000245787 0.000221213 0.000212351 0.000215361 0.000341809 0.000271367 0.000201817 0.000190756 0.000155107 0.000145313 0.000185651 0.000135407 5.10231e-05
threshold=-0.012062952695360634 -0.0047336947217821853 0.0096501858247356204 0.010198780344416987 0.79616000000000009 -0.002275580003571523 0.91830750000000017 0.86657700000000004 0.0024037866373717754 10065550.000000002 3.4049032404808783 3.5725446692333644 -1.4110497473507737 0.52777800000000019 -0.13296599999999997 -0.27863749999999993 -1.0000000180025095e-35 0.89315050000000007 0.81503100000000017 0.0024330876249159497 -2.6888213877640507e-17 0.37951150000000006 -0.0023951633097359635
decision_type=2 2 2 2 2 2 2 2 2 2 2 2 2 2 2 2 2 2 2 2 2 2 2
left_child=16 2 3 9 -5 10 7 12 17 -2 -3 -12 -7 14 -14 -15 -1 -9 22 20 -11 -21 -13
right_child=1 5 -4 4 -6 6 -8 8 -10 19 11 18 13 15 -16 -17 -18 -19 -20 21 -22 -23 -24
leaf_value=0.0013158526747429277 0.00036469158362056723 -0.00038390106165024916 -0.0016986027501323924 0.0015701476382673717 -6.6069560853065928e-05 -0.00099269063338515884 -0.00087430012188692227 0.00059239807460731496 0.0013544878314609504 -0.0017445496110121894 0.0015767665242310614 -0.00026052991431047955 -0.00087660215129010163 6.6275945777876464e-05 -1.1417405220508581e-05 0.0013255109662168251 0.00010813273441850801 -0.00048036742552470124 0.00095533561717245667 9.8822932050097729e-05 -0.00045193133371185468 -0.00075377506454491307 0.00040900292849983084
leaf_weight=20 28 24 21 20 24 23 31 35 29 20 20 21 52 67 196 20 33 26 31 30 20 38 20
leaf_count=20 28 24 21 20 24 23 31 35 29 20 20 21 52 67 196 20 33 26 31 30 20 38 20
internal_value=2.89761e-12 -3.75445e-05 -0.000324629 -0.000164332 0.000677666 5.94369e-05 -4.02528e-05 1.74603e-05 0.00052805 -0.000436743 0.000471087 0.000694127 -0.0001109 -5.03594e-05 -0.000192827 0.000355755 0.000563876 0.000135154 0.000448949 -0.000644522 -0.00109824 -0.000377629 6.60715e-05
internal_weight=849 796 201 180 44 595 479 448 90 136 116 92 358 335 248 87 53 61 72 108 40 68 41
internal_count=849 796 201 180 44 595 479 448 90 136 116 92 358 335 248 87 53 61 72 108 40 68 41
is_linear=0
shrinkage=0.3


Tree=8
num_leaves=21
num_cat=0
split_feature=14 5 16 9 21 8 15 11 15 4 11 27 21 13 17 17 3 9 14 27
split_gain=0.00017968 0.000429361 0.000355319 0.00020668 0.000225798 0.000179735 0.000337094 0.000597571 0.000485942 0.00029129 0.000252571 0.000255687 0.000235117 0.000230743 0.000207131 0.000319898 0.00017657 0.0001577 0.000127084 5.51491e-05
threshold=0.0069930003861380418 0.0022078654571920197 0.00227267086998616 0.002735654392430746 0.065615500000000007 0.011990489610758446 -0.0024155143005656974 71.537434685982348 0.0045146685556451726 35131150.000000007 62.499979509607549 0.77901000000000009 0.46283150000000006 0.013027894563285935 0.0050188236738715544 0.0071599545104185187 3.7804596424102788 0.010824635198600602 0.0085744926331008334 0.81588100000000008
decision_type=2 2 2 2 2 2 2 2 2 2 2 2 2 2 2 2 2 2 2 2
left_child=1 2 -1 18 -5 9 17 -8 13 10 14 -12 -10 -9 16 -16 -6 -7 -2 -20
right_child=3 -3 -4 4 5 6 7 8 12 -11 11 -13 -14 -15 15 -17 -18 -19 19 -21
leaf_value=-0.00074221462538324502 -0.0011775474861497059 0.0015946433268254623 0.00081381962110754107 0.00087307858838567677 -4.6224937930156403e-05 -0.00011089222152804723 -0.0019782907445915041 -0.00039584689956510295 -0.00023501282043782894 0.0010847603043657728 -0.00023584690903330087 0.0010747789905950855 0.00082389201509158738 -0.0018037856235650906 0.00099713785518696046 -0.00019751908304981974 -0.00054821403056329082 0.0010804505145279107 1.8337824265192746e-05 -0.00062703870636059123
leaf_weight=28 20 21 25 26 253 20 21 22 46 24 21 37 32 20 38 43 84 20 26 22
leaf_count=28 20 21 25 26 253 20 21 22 46 24 21 37 32 20 38 43 84 20 26 22
internal_value=2.33255e-12 0.000446635 -8.23621e-06 -4.26464e-05 5.40032e-06 -2.77269e-05 -0.000283886 -0.000501947 -0.000243587 6.50026e-05 1.35863e-05 0.000600242 0.00019941 -0.00106629 -6.78157e-05 0.000362937 -0.00017135 0.000484779 -0.000542191 -0.00027746
internal_weight=849 74 53 775 707 681 181 141 120 500 476 58 78 42 418 81 337 40 68 48
internal_count=849 74 53 775 707 681 181 141 120 500 476 58 78 42 418 81 337 40 68 48
is_linear=0
shrinkage=0.3


Tree=9
num_leaves=15
num_cat=0
split_feature=17 12 14 6 16 3 16 12 16 6 13 16 10 4
split_gain=0.000145067 0.000179547 0.000174781 0.000443255 0.000409286 0.000237869 0.000165918 0.000293475 0.000172278 0.000254544 0.00037445 0.000170231 0.000168963 0.000151509
threshold=0.0096736368390566724 -0.0047963177654136374 0.017729921628895633 0.0048485021022386153 0.0057431944175481619 3.7695597410202031 0.0075474909130837124 -0.0031858652968902988 0.0024272400872844247 0.0043057500045495046 0.0098039213159103345 0.0024814462434758528 -1.4832409615042428 18624650.000000004
decision_type=2 2 2 2 2 2 2 2 2 2 2 2 2 2
left_child=1 -1 6 4 5 -4 7 -3 9 12 -11 -10 -9 -13
right_child=-2 2 3 -5 -6 -7 -8 8 11 10 -12 13 -14 -15
leaf_value=-0.0007102645071050763 -0.00067149800712026518 0.00089937602566682133 0.00093490745421149764 -0.00042441093862754842 0.0019200710415051699 -0.00040076415836145829 -0.00064277897871631599 -0.0011221331417221915 0.00092271632456686348 0.0013638360841598893 -5.4195601544314881e-05 0.00022184052562806752 -0.00024979901621576439 -0.00032004417331453651
leaf_weight=29 28 33 28 38 22 21 35 22 24 21 83 185 218 62
leaf_count=29 28 33 28 38 22 21 35 22 24 21 83 185 218 62
internal_value=-3.77424e-12 2.29013e-05 4.9747e-05 0.000402526 0.000845112 0.000362477 -6.553e-06 2.78111e-05 -1.89558e-05 -0.000159886 0.000232138 0.000159937 -0.000329763 8.58209e-05
internal_weight=849 821 792 109 71 49 683 648 615 344 104 271 240 247
internal_count=849 821 792 109 71 49 683 648 615 344 104 271 240 247
is_linear=0
shrinkage=0.3


Tree=10
num_leaves=21
num_cat=0
split_feature=24 1 4 10 21 16 21 13 6 25 15 11 4 13 17 17 5 9 25 8
split_gain=0.000113841 0.000260087 0.000212319 0.00017982 0.000156479 0.000383415 0.000270403 0.000306345 0.000511163 0.000225049 0.000189788 0.000183629 0.000181958 0.000178574 0.000147424 0.000199707 0.000132906 0.000121883 0.000119659 0.000116387
threshold=0.41428550000000003 3.8274008979912995 23426500.000000004 0.51463138634160266 0.47954350000000007 0.0023923993522771488 0.45862950000000008 0.0098039213159103345 0.0024968431877798437 0.34848450000000003 0.014184700673588272 41.421519164998863 14727150.000000002 0.010075579658127417 0.0094674600660246758 0.0047904215182455892 -0.0023696862836650062 0.0038147983654219825 0.13392850000000003 0.014510768080713263
decision_type=2 2 2 2 2 2 2 2 2 2 2 2 2 2 2 2 2 2 2 2
left_child=4 2 16 -3 6 11 7 8 17 12 13 -6 -7 -9 15 -15 -2 -1 -18 -13
right_child=1 3 -4 -5 5 9 -8 10 -10 -11 -12 19 -14 14 -16 -17 18 -19 -20 -21
leaf_value=-0.00030262001898584211 0.00034222980098360599 -0.00033694459198650782 0.00093112255693995395 -0.001436059847089512 0.00047386619318988068 0.00062566472108962687 -0.0010063919084132068 -0.00084921673469184693 0.0017475020936335963 0.00021640980767967581 -0.00098674919790937561 -0.00087074142778874374 0.0018458064576737918 -8.8163417104666238e-05 -0.00075834118386930124 0.00041675168208894314 8.2711508210715157e-05 0.0005190870779188117 -0.00073461320019927551 6.3551214407198134e-05
leaf_weight=33 34 37 20 21 27 22 24 23 23 35 20 30 22 239 21 100 28 32 38 20
leaf_count=33 34 37 20 21 27 22 24 23 23 35 20 30 22 239 21 100 28 32 38 20
internal_value=2.58708e-12 -0.000213288 3.8824e-05 -0.0007349 5.65802e-05 0.000319807 -2.31545e-05 2.4906e-05 0.00053201 0.000784136 -8.58264e-05 -0.000156582 0.00123574 -3.87808e-05 1.29971e-05 6.07791e-05 -0.000139636 0.000101913 -0.000387869 -0.000497024
internal_weight=849 178 120 58 671 156 515 491 88 79 403 77 44 383 360 339 100 65 66 50
internal_count=849 178 120 58 671 156 515 491 88 79 403 77 44 383 360 339 100 65 66 50
is_linear=0
shrinkage=0.3


Tree=11
num_leaves=29
num_cat=0
split_feature=29 20 9 16 12 5 2 23 14 12 19 18 8 27 18 11 18 7 7 4 11 27 1 22 14 26 22 8
split_gain=0.000109362 0.00038513 0.000191972 0.000174559 0.000274566 0.000203121 0.000177541 0.000175367 0.000148954 0.000287665 0.000283008 0.000249589 0.000267588 0.000190741 0.000231043 0.000196343 0.000258642 0.000279287 0.000179494 0.000139799 0.000137794 0.000221442 0.00011047 7.28091e-05 8.05124e-05 6.86773e-05 6.70142e-05 3.37798e-05
threshold=4.5000000000000009 0.42952550000000006 0.014493200987752345 0.0045300128543049245 -0.0034763509426192236 0.0048485021022386153 3.6850032455002562 0.38750000000000007 0.013777272470539738 0.0013964024536470424 0.13360250000000004 0.13256389706038726 0.0023529026437666893 0.77215250000000013 0.14259488576964632 18.181557455657288 -0.37815308254244112 0.0073261222498109081 0.0024813899878319162 13129150.000000002 29.308175815724301 0.81298550000000003 3.7766893758082367 0.32658700000000002 0.0098159562214894559 0.55512400000000006 0.19590600000000005 -5.4640404821820053e-08
decision_type=2 2 2 2 2 2 2 2 2 2 2 2 2 2 2 2 2 2 2 2 2 2 2 2 2 2 2 2
left_child=2 3 8 7 -5 6 19 20 10 18 13 12 -12 14 27 -15 -17 -18 25 -6 -2 22 -22 24 -9 26 -10 -1
right_child=1 -3 -4 4 5 -7 -8 23 9 -11 11 -13 -14 15 -16 16 17 -19 -20 -21 21 -23 -24 -25 -26 -27 -28 -29
leaf_value=-0.00027709799527656285 0.00015717120750196047 -0.0012449612234866857 0.00072449254848134636 -0.00072334486384144315 0.0004304369207106488 0.0012507620910385058 0.00092036711456867947 -0.00043988376208151044 -0.00035756659199250864 -0.00094527019922728919 0.00087900309610111952 0.0012179558979447131 -0.00040043817941970639 -0.00054225261458213932 -0.0011160141231292592 -0.00039077611531516032 0.00072396631674623237 -0.00051178116686060086 0.0006068836998152123 -0.00061653731850128677 -0.00063461801282431094 -0.0012594957227437672 0.00028852777060819787 0.00055443106357415666 0.00029274783414115919 -0.00057499526423447189 0.0004097451468987856 0.00026767682658308849
leaf_weight=20 24 26 39 21 22 23 22 27 21 37 28 35 31 32 28 39 93 20 33 24 28 33 20 24 27 31 20 21
leaf_count=20 24 26 39 21 22 23 22 27 21 37 28 35 31 32 28 39 93 20 33 24 28 33 20 24 27 31 20 21
internal_value=-1.32505e-12 -0.000138091 8.39531e-05 -4.05364e-05 0.000254447 0.000480091 0.000219423 -0.000221073 3.28671e-05 -0.000225963 0.000138786 0.000583266 0.000206754 -2.63567e-05 -0.000451727 0.000133157 0.000275349 0.00050525 2.75077e-05 -0.000115811 -0.00047419 -0.000661261 -0.000249974 0.000119663 -7.3568e-05 -0.00023804 1.67318e-05 1.93301e-06
internal_weight=849 321 528 295 112 91 68 183 489 142 347 94 59 253 69 184 152 113 105 46 105 81 48 78 54 72 41 41
internal_count=849 321 528 295 112 91 68 183 489 142 347 94 59 253 69 184 152 113 105 46 105 81 48 78 54 72 41 41
is_linear=0
shrinkage=0.3


Tree=12
num_leaves=25
num_cat=0
split_feature=12 17 20 23 12 26 10 1 14 27 27 27 5 19 11 17 14 12 13 14 27 8 24 4
split_gain=9.46392e-05 0.000217113 0.000202289 0.000281848 0.000177836 0.00028939 0.000151974 0.000164998 0.000188707 0.000205826 0.000161107 0.000283834 0.000191523 0.000423895 0.000190976 0.000210852 0.000153121 0.000145652 0.000146167 0.000145858 0.000239007 0.000221768 0.000135298 9.52028e-05
threshold=0.0023787685264484754 0.0067039126740672684 0.37354300000000007 1.0000000180025095e-35 0.0014174808829250565 0.44287100000000007 0.67082043319043694 3.8963541259794945 0.011547524601066296 0.77764200000000006 0.86526850000000011 0.88858050000000011 -0.0022698295349678379 -0.25096499999999994 57.142768093491107 0.0045146685556451214 0.011363684469337366 0.00025948635854940703 0.010659896522461642 0.011961768609626115 0.81806600000000007 -0.013544423531116659 0.18333350000000004 15171500.000000002
decision_type=2 2 2 2 2 2 2 2 2 2 2 2 2 2 2 2 2 2 2 2 2 2 2 2
left_child=4 2 3 -2 6 -6 10 8 22 -10 14 16 13 -13 17 -16 -12 19 -19 21 -21 -1 -8 -5
right_child=1 -3 -4 23 5 -7 7 -9 9 -11 11 12 -14 -15 15 -17 -18 18 -20 20 -22 -23 -24 -25
leaf_value=0.00067485813342500474 0.00099869316226641573 -0.00052529459143342029 0.0011543810747333247 0.00025197893125511217 0.00016368156340666409 -0.0010434089449028342 0.00021352771284856477 0.00095146214164112898 -0.00015959870641101866 0.00093010741136542773 0.0013941762664630502 0.0012320855612580834 -0.000698218465095124 -0.00054192053291141442 -0.00018317157609999411 -0.0013594869558346543 0.0002616394668750997 -0.00013908835479180032 0.00094253573638920698 -0.00014877303208599984 -0.001104891913696933 -0.00018393733098658673 -0.00062096893992323501 -0.00055927994326339099
leaf_weight=36 26 27 26 23 33 39 34 26 26 39 22 22 31 27 32 24 21 22 23 82 33 109 36 30
leaf_count=36 26 27 26 23 33 39 34 26 26 39 22 22 31 27 32 24 21 22 23 82 33 109 36 30
internal_value=-3.28607e-13 0.00023344 0.000428543 0.00018966 -4.29764e-05 -0.000490159 6.94165e-06 0.000259427 0.000126146 0.000494225 -7.70461e-05 0.000219476 -0.000114634 0.000254572 -0.000178077 -0.000687307 0.000841077 -8.45794e-05 0.000413742 -0.000170827 -0.000423138 2.92809e-05 -0.000215642 -0.000207224
internal_weight=849 132 105 79 717 72 645 161 135 65 484 123 80 49 361 56 43 305 45 260 115 145 70 53
internal_count=849 132 105 79 717 72 645 161 135 65 484 123 80 49 361 56 43 305 45 260 115 145 70 53
is_linear=0
shrinkage=0.3


Tree=13
num_leaves=31
num_cat=0
split_feature=17 17 25 15 10 21 18 17 17 9 23 12 23 14 27 4 6 27 24 27 5 19 22 14 4 17 17 0 0 4
split_gain=8.22353e-05 0.000238956 0.000284793 0.00020053 0.000145164 0.000191231 0.000187248 0.000300165 0.000432663 0.000352177 0.000221144 0.000205143 0.000199334 0.000262673 0.000258994 0.000197504 0.000143326 0.000150343 0.000219055 0.000216157 0.000125043 0.00022596 0.00014598 0.000126297 0.000114703 0.000108591 0.000128691 0.000104584 0.00013338 8.49259e-05
threshold=0.004576654794112173 0.0025974001846660391 0.47222200000000009 -0.0073983680141057476 -1.4142237209040076 0.29949350000000002 -0.0064974306070117865 0.0021277178831670251 0.0023365019606584906 0.0044494997222540656 0.40833350000000007 -0.0012291079740706042 0.23611100000000004 0.011198211804546635 0.83540750000000019 19399300.000000004 0.0024067567496650843 0.77575400000000017 0.15476200000000004 0.72073450000000017 -0.0022727356932843224 0.058918500000000006 0.22480100000000003 0.0095465301448140107 22361800.000000004 0.004778974850540749 0.0065574410485223769 3.702762109214889 3.3981988792346698 20946350.000000004
decision_type=2 2 2 2 2 2 2 2 2 2 2 2 2 2 2 2 2 2 2 2 2 2 2 2 2 2 2 2 2 2
left_child=1 4 -3 -2 5 -1 12 11 9 -9 15 -8 13 14 -6 -10 17 19 -19 -5 21 -14 -22 -24 27 -20 -27 28 -18 -13
right_child=3 2 -4 16 6 -7 7 8 10 -11 -12 29 20 -15 -16 -17 24 18 25 -21 22 -23 23 -25 -26 26 -28 -29 -30 -31
leaf_value=-0.0011977672891225666 0.00081216960127622917 -0.0011663493677284956 0.0001850908918245493 6.0783797421858509e-05 0.0004044150795380119 -4.6377100453183457e-05 0.00052986552057388643 0.00040382667544430919 0.00096987511463642777 0.0021030665271530818 -0.00036071004555456704 -0.00025708142202347518 0.0010135287931791089 -0.0012915882008830801 -0.00089079635581583709 -0.0002059342263964936 0.00032215464826939358 0.00062576461223216027 0.00025712774382554928 0.0011581911132088861 0.00032042086390512325 -0.00020442910320595656 -0.00095199695415794838 2.2103362995118872e-05 -0.00081312894144502923 -0.0011066791903100569 -0.00011181693628896028 0.00049134907286233181 -0.00062920211457822011 -0.0010664900345000205
leaf_weight=20 34 36 23 35 33 37 21 21 36 23 42 28 29 26 24 20 21 32 20 30 35 26 25 23 24 22 25 22 36 20
leaf_count=20 34 36 23 35 33 37 21 21 36 23 42 28 29 26 24 20 21 32 20 30 35 26 25 23 24 22 25 22 36 20
internal_value=-2.08766e-12 -6.91974e-05 -0.000639517 0.000125981 -3.8581e-07 -0.000450374 5.89876e-05 0.000261123 0.000510549 0.00129207 0.000159663 -0.000252187 -0.000134002 -0.000501382 -0.000140937 0.000549943 3.86007e-05 0.000212792 -1.9953e-05 0.000567279 8.69591e-05 0.000437767 -0.000145504 -0.000485241 -0.000238752 -0.000328355 -0.000577497 -6.42576e-05 -0.000278702 -0.000594335
internal_weight=849 548 59 301 489 57 432 211 142 44 98 69 221 83 57 56 267 164 99 65 138 55 83 48 103 67 47 79 57 48
internal_count=849 548 59 301 489 57 432 211 142 44 98 69 221 83 57 56 267 164 99 65 138 55 83 48 103 67 47 79 57 48
is_linear=0
shrinkage=0.3


Tree=14
num_leaves=15
num_cat=0
split_feature=29 13 14 22 20 25 12 19 19 19 8 5 16 27
split_gain=8.89239e-05 0.000169775 9.93535e-05 0.00016825 0.000338979 9.79121e-05 0.000104261 9.98263e-05 0.000193526 0.000117217 0.000132482 0.000106308 8.26152e-05 5.90194e-05
threshold=1.5000000000000002 0.015384648602852182 0.0069930003861380418 0.28114400000000006 0.16852400000000003 0.91666650000000016 0.00050118042688381177 -0.55964649999999982 -0.43754249999999995 -0.39464849999999996 -0.026476206164096679 -0.009400798758391643 0.0022935210409311441 0.81439550000000016
decision_type=2 2 2 2 2 2 2 2 2 2 2 2 2 2
left_child=1 12 3 -2 -5 7 -7 -4 -9 -10 -11 -12 -1 -14
right_child=2 -3 5 4 -6 6 -8 8 9 10 11 -13 13 -15
leaf_value=-0.00037137955596860522 0.00095197672051199338 0.001007248797263442 0.00058912685932558479 0.00079719833106950812 -0.0008681740988818505 -0.0010069295531138778 -3.8246075746428687e-05 -0.00070826239400328353 0.00067776639981015504 -0.00065756997049902564 0.00037021063500275377 -5.6420497575799782e-05 0.00067994953671586696 -4.8867831519601165e-05
leaf_weight=26 24 22 22 22 22 20 20 39 21 30 59 482 20 20
leaf_count=26 24 22 22 22 22 20 20 39 21 30 59 482 20 20
internal_value=1.72609e-12 0.000285514 -3.30161e-05 0.000313029 -3.54879e-05 -6.69714e-05 -0.000522588 -3.90623e-05 -6.09643e-05 -1.83214e-05 -4.39218e-05 -9.89326e-06 4.49358e-05 0.000315541
internal_weight=849 88 761 68 44 693 40 653 631 592 571 541 66 40
internal_count=849 88 761 68 44 693 40 653 631 592 571 541 66 40
is_linear=0
shrinkage=0.3


Tree=15
num_leaves=12
num_cat=0
split_feature=19 12 7 14 13 17 12 18 5 14 6
split_gain=6.93524e-05 8.21316e-05 0.000126759 0.000102176 9.04379e-05 0.000219897 0.00012628 0.000146804 0.000160818 0.00011733 0.000112045
threshold=-0.71402549999999987 0.0065053987707170005 0.020409187375984888 0.027055203619915438 0.015811595319127927 0.0045402966681029116 -0.0037964132126494933 -0.75464470592819377 0.0047903350033054 0.013636350336153916 -0.0066158630055094111
decision_type=2 2 2 2 2 2 2 2 2 2 2
left_child=-1 2 3 4 6 9 -2 -8 -9 -6 -7
right_child=1 -3 -4 -5 5 10 7 8 -10 -11 -12
leaf_value=0.00040167539327002656 0.00070558098046107748 -0.00061871025682194161 0.0007240794270598729 0.0005198239893070422 -0.0002162734074227046 0.00073732637538341799 -0.00063173413090065447 -7.3786238117737728e-05 0.00031225805269939649 -0.001024788575596176 -0.00019237428828741289
leaf_weight=37 22 20 21 30 30 20 34 448 124 35 28
leaf_count=37 22 20 21 30 30 20 34 448 124 35 28
internal_value=2.48127e-12 -1.83029e-05 -3.14114e-06 -2.29487e-05 -4.49233e-05 -0.000291998 -4.65629e-07 -2.60977e-05 9.90169e-06 -0.000651628 0.000195001
internal_weight=849 812 792 771 741 113 628 606 572 65 48
internal_count=849 812 792 771 741 113 628 606 572 65 48
is_linear=0
shrinkage=0.3


Tree=16
num_leaves=11
num_cat=0
split_feature=9 7 27 13 12 4 24 6 13 27
split_gain=7.11841e-05 8.42862e-05 0.000111341 9.95213e-05 0.000130692 8.56726e-05 0.000114969 0.000134734 0.000112005 7.16104e-05
threshold=0.0016737099704834124 -0.012062952695360634 0.93106800000000012 0.023542500598701711 0.0054863007686918588 35131150.000000007 0.31666650000000002 -0.0066158630055094111 0.016437562692083435 0.80223600000000006
decision_type=2 2 2 2 2 2 2 2 2 2
left_child=-1 9 3 4 5 6 7 -3 -8 -2
right_child=1 2 -4 -5 -6 -7 8 -9 -10 -11
leaf_value=-0.00053259911986639386 -6.1407436805893664e-05 -0.00028250365591727154 -0.00062095278665835329 -0.00057794243947137142 0.00078708483913487721 0.00047395588968784599 -9.6854052351338506e-05 0.00016442160125680364 -0.00069653440650654377 0.00066222975507450592
leaf_weight=22 20 74 26 25 20 34 226 338 32 32
leaf_count=22 20 74 26 25 20 34 226 338 32 32
internal_value=2.69374e-13 1.41683e-05 -1.064e-05 1.05457e-05 3.08665e-05 9.38297e-06 -1.41924e-05 8.41486e-05 -0.000171233 0.000383908
internal_weight=849 827 775 749 724 704 670 412 258 52
internal_count=849 827 775 749 724 704 670 412 258 52
is_linear=0
shrinkage=0.3


Tree=17
num_leaves=25
num_cat=0
split_feature=18 6 7 14 17 13 29 27 21 9 8 11 6 20 5 9 14 26 17 4 19 21 13 13
split_gain=5.73397e-05 0.000253455 0.0001474 0.000189725 0.000166304 0.000153799 0.000267888 0.000203764 0.000130841 0.000180395 0.000121363 0.000105245 0.000113839 0.000259797 0.000124795 0.000101853 9.64567e-05 0.000104563 0.000189531 0.00011528 0.000264098 0.000225432 5.68544e-05 2.2071e-05
threshold=0.21165837991112565 0.0094675528964999599 -0.0045146751444974922 0.016298082721508237 0.0024096936510914304 0.011347567859768317 4.5000000000000009 0.7459110000000001 0.49219600000000002 0.009486073669741751 0.0024816284921686943 91.287844775991005 0.0074257594560389719 0.35493350000000007 -0.0023866474927011845 0.01310112212509436 0.020642291108737398 0.36623550000000005 0.0023201281154145693 10423150.000000002 -0.53696499999999991 0.45164300000000007 0.010772870560396955 0.012410479305928484
decision_type=2 2 2 2 2 2 2 2 2 2 2 2 2 2 2 2 2 2 2 2 2 2 2 2
left_child=11 2 3 4 -2 7 8 -4 9 -7 -9 12 15 14 -14 16 17 18 -1 21 -21 -19 -20 -13
right_child=1 -3 5 -5 -6 6 -8 10 -10 -11 -12 23 13 -15 -16 -17 -18 19 22 20 -22 -23 -24 -25
leaf_value=-0.00081702755269361658 0.00070020650413685605 -0.0011394855205435306 -0.00060810462377034467 0.001115422924045788 -0.00037354682805979629 -0.0002942361935257555 -0.0011546162196018192 6.5590216940368664e-05 -0.00076328270311933001 0.00082408437135329999 0.00093102673807879909 -0.000629538827597571 0.00047086771355093186 0.0013298902103477822 -0.00046338875012720971 0.00058924947542046918 -0.00057315872039180246 0.00013839489124009886 -0.00029624361098588755 0.00083868269646010388 -0.00014040610932537228 0.0012452115704284304 0.00025216447424811678 -0.00019409634445434099
leaf_weight=33 21 20 24 20 34 34 31 35 20 21 25 20 31 21 22 28 25 67 27 29 171 22 46 22
leaf_count=33 21 20 24 20 34 34 31 35 20 21 25 20 31 21 22 28 25 67 27 29 171 22 46 22
internal_value=-1.20434e-12 -0.000109676 -3.19547e-05 0.000324163 3.64317e-05 -0.000172527 -0.000412802 0.000130676 -0.000106186 0.000132759 0.000426189 5.54215e-05 9.21812e-05 0.000436892 8.30631e-05 3.52423e-05 -1.69148e-06 3.44773e-05 -0.000220386 0.000127957 1.56177e-06 0.00041199 4.93286e-05 -0.00040145
internal_weight=849 285 265 75 55 190 106 84 75 55 60 564 522 74 53 448 420 395 106 289 200 89 73 42
internal_count=849 285 265 75 55 190 106 84 75 55 60 564 522 74 53 448 420 395 106 289 200 89 73 42
is_linear=0
shrinkage=0.3


Tree=18
num_leaves=31
num_cat=0
split_feature=16 27 18 21 23 16 6 18 1 18 14 29 14 12 13 8 19 7 19 16 13 4 6 1 6 9 4 18 9 9
split_gain=5.50582e-05 8.86022e-05 8.54981e-05 8.85353e-05 0.000129231 0.000103587 9.77302e-05 0.000157471 0.000130656 0.000183364 0.000138805 9.90124e-05 9.09226e-05 8.77203e-05 8.66041e-05 8.25699e-05 8.16945e-05 8.07454e-05 0.000128796 0.000101005 0.000112156 0.000160118 8.09612e-05 7.07408e-05 0.000134812 0.00012617 0.000118463 0.000106879 5.92189e-05 5.89543e-05
threshold=0.0024272400872844247 0.68413750000000018 -0.75464470592819377 0.43603450000000005 0.34848450000000003 0.0048780442418830125 -0.006802838505338262 -0.13732876087078577 3.4155810020755517 0.21165837991112565 0.010296017240320619 3.5000000000000004 0.01280683244804544 0.00027839489000125841 0.013964514285499769 -0.0047732369010953218 0.14324800000000001 1.0000000180025095e-35 -0.40588649999999998 0.0023866894380115862 0.016868145818916363 21176350.000000004 -0.0022727356932843224 3.7277694304128057 0.0047392740923600917 0.0088781915409488349 15191600.000000002 0.11903033003539815 0.0047324940297142643 0.0041774616387157187
decision_type=2 2 2 2 2 2 2 2 2 2 2 2 2 2 2 2 2 2 2 2 2 2 2 2 2 2 2 2 2 2
left_child=1 -1 -2 6 5 14 7 -4 10 11 -8 -10 -7 -11 -5 -13 -6 18 -3 20 21 22 -19 24 26 27 -20 28 -25 -24
right_child=2 17 3 4 16 12 8 -9 9 13 -12 15 -14 -15 -16 -17 -18 19 23 -21 -22 -23 29 25 -26 -27 -28 -29 -30 -31
leaf_value=0.00035712754565443342 -0.00048357732910359193 0.00049873831021220486 -0.00031714792795745387 0.00063954683684789562 0.0011481771833791754 -0.00067933705308033409 0.00079029208462452522 0.00071656157660981979 -0.00046410481596831235 -0.0010963213827279914 -0.00017431937573339132 -0.0001871663556812564 0.00014932930325113164 -0.00029904218460180104 -0.00013529324685805478 0.00061707086691361235 0.00037526621850929586 0.00018447838977785644 0.0002083891692745965 -0.00082689123803356775 0.00037820207297853712 -0.0010515115548124802 6.5043703725677904e-05 -0.00070078947600060411 0.00077888993233500505 -0.00080102844937034114 -0.00062408160280028816 0.00043959602387622001 3.5215377796372525e-06 -0.00056075604635615094
leaf_weight=39 23 39 21 37 20 22 25 36 25 27 29 20 26 23 20 27 32 41 40 25 27 21 20 21 20 29 25 25 22 42
leaf_count=39 23 39 21 37 20 22 25 36 25 27 29 20 26 23 20 27 32 41 40 25 27 21 20 21 20 29 25 25 22 42
internal_value=-2.07097e-12 -7.4355e-05 7.84958e-05 0.000111644 0.000285774 9.42335e-05 -5.68898e-06 0.000335721 -0.000116259 -0.000288227 0.00027226 1.82634e-05 -0.000230476 -0.000729573 0.000367673 0.000274842 0.00067254 -0.000116742 3.99588e-06 -0.000268351 -0.000175878 -0.000296524 -0.000142595 -0.00010202 9.77803e-05 -0.000277103 -0.000111792 -5.36648e-05 -0.000340444 -0.000358885
internal_weight=849 436 413 390 157 105 233 57 176 122 54 72 48 50 57 47 52 397 221 176 151 124 103 182 85 97 65 68 43 62
internal_count=849 436 413 390 157 105 233 57 176 122 54 72 48 50 57 47 52 397 221 176 151 124 103 182 85 97 65 68 43 62
is_linear=0
shrinkage=0.3


Tree=19
num_leaves=23
num_cat=0
split_feature=14 5 8 14 9 9 9 26 13 0 13 10 10 27 4 4 9 12 4 1 4 27
split_gain=5.44192e-05 0.000164011 0.000103684 0.000102497 5.98375e-05 0.00012305 0.000100076 0.000143703 9.18685e-05 0.000134863 7.6143e-05 7.74607e-05 9.6753e-05 6.68148e-05 9.98079e-05 0.000101804 0.000120003 9.24521e-05 7.99595e-05 8.07573e-05 5.79859e-05 7.71039e-05
threshold=0.0069930003861380418 0.0022078654571920197 -0.0021435889093935662 0.0074719546129835097 0.0056608486695830179 0.005186970453403124 0.0061868223212333427 0.47417200000000004 0.013348710396701957 3.6938825258015116 0.012157516831556204 1.0434944787791198 0.098730988495023889 0.9014120000000001 24012000.000000004 17677400.000000004 0.0086574927703930143 -0.0018227901904082134 26863500.000000004 3.7792960236236666 10957950.000000002 0.80924450000000014
decision_type=2 2 2 2 2 2 2 2 2 2 2 2 2 2 2 2 2 2 2 2 2 2
left_child=1 2 -1 20 5 8 7 -6 10 -10 11 12 -5 14 15 17 -17 -8 -16 -20 -2 -22
right_child=3 -3 -4 4 6 -7 13 -9 9 -11 -12 -13 -14 -15 18 16 -18 -19 19 -21 21 -23
leaf_value=0.00039226039852320143 -0.00064714514251549681 0.00095532672036954727 -0.00044709551325973327 -1.4136192546556554e-05 -0.0010527822824120188 0.00075818010466173285 -0.00036166800934248994 1.1738206492736935e-05 0.00097651522869868614 -9.9866592754551669e-05 -0.00042602138504402575 -0.0003527235947496427 0.00052580423529517163 -0.000388000655574787 0.00080402653364736968 -0.00085358173684133888 -6.2550279787198336e-05 0.00018443858817708162 0.00044112588587138038 -0.00015075559715070286 0.00022314584454691684 -0.00052253352150728456
leaf_weight=26 33 21 27 93 21 25 36 25 22 20 35 33 44 37 21 28 45 124 42 41 26 24
leaf_count=26 33 21 27 93 21 25 36 25 22 20 35 33 44 37 21 28 45 124 42 41 26 24
internal_value=3.28286e-12 0.000245798 -3.5336e-05 -2.34697e-05 1.43147e-05 0.000123936 -5.66782e-05 -0.000474239 5.97413e-05 0.000463952 -2.30727e-05 5.98873e-05 0.000159275 -5.32052e-06 3.66948e-05 -7.23807e-05 -0.00036596 6.15646e-05 0.000281066 0.000148751 -0.000338492 -0.00013478
internal_weight=849 74 53 775 692 272 420 46 247 42 205 170 137 374 337 233 73 160 104 83 83 50
internal_count=849 74 53 775 692 272 420 46 247 42 205 170 137 374 337 233 73 160 104 83 83 50
is_linear=0
shrinkage=0.3


Tree=20
num_leaves=26
num_cat=0
split_feature=2 1 2 14 0 1 0 2 29 12 26 10 14 14 7 8 19 22 27 12 29 26 9 11 9
split_gain=6.09042e-05 0.000130866 0.000116783 0.000297507 0.000141674 0.000114674 0.00012894 0.000106591 0.000101419 0.000100713 0.000119889 8.99814e-05 8.52194e-05 0.00016464 8.35399e-05 9.62624e-05 8.77526e-05 8.43069e-05 7.38279e-05 7.34388e-05 6.9056e-05 4.60458e-05 4.53905e-05 4.32544e-05 3.81663e-05
threshold=3.4436926863937924 3.4310357600365013 3.5695691030170189 0.014778311237724873 3.6327914836855624 3.4049032404808783 3.3721256247831159 3.6605842651425342 4.5000000000000009 8.841891545395798e-05 0.5495175000000001 0.40718732780004313 0.0069930003861380418 0.0064308694200461971 0.0071345625305251365 0.025317934414876963 -0.43754249999999995 0.22480100000000003 0.83679350000000008 -0.00036817954141846507 3.5000000000000004 0.50393100000000002 0.0080021285022525614 24.999785028192367 0.0070624097590769094
decision_type=2 2 2 2 2 2 2 2 2 2 2 2 2 2 2 2 2 2 2 2 2 2 2 2 2
left_child=1 5 3 19 -4 6 9 8 -6 11 -11 20 13 -9 15 16 -14 -16 24 -2 -1 -21 -19 -22 -3
right_child=2 18 4 -5 7 -7 -8 12 -10 10 -12 -13 14 -15 17 -17 -18 22 -20 21 23 -23 -24 -25 -26
leaf_value=0.00033953119228289535 0.00054901473697100301 -0.00054968201563627061 -0.00055120770272109297 0.0013898725120816378 0.00085218090239828188 0.00045896615950438832 -0.00082736905893398204 -0.00017644366962485947 -1.5553436605841851e-05 -6.2752389778779618e-05 0.00087184566987811457 -0.00076746349950553852 -0.0004615737567655742 0.00097149879964655904 -0.00022305652603972704 -0.00075990520803316032 -3.6495195046598666e-06 0.00022213466976198459 -0.00095892356642122783 0.00012367106218544693 -0.00060045967850783197 -0.00048180026984482536 0.00080182066925772234 2.3470983869628977e-05 2.9384274675976481e-05
leaf_weight=26 20 21 39 20 27 39 20 23 22 30 21 20 45 22 25 20 231 31 21 26 20 20 20 20 20
leaf_count=26 20 21 39 20 27 39 20 23 22 30 21 20 45 22 25 20 231 31 21 26 20 20 20 20 20
internal_value=-7.96129e-13 -0.000121612 5.30893e-05 0.000376246 -1.94339e-06 -1.44258e-06 -0.000115812 4.40251e-05 0.000462586 -1.19346e-05 0.000322082 -0.000210014 -5.15832e-06 0.000384773 -5.23274e-05 -0.000124365 -7.83111e-05 0.000228239 -0.000501501 6.90869e-05 -4.10903e-05 -0.000139577 0.000449463 -0.000288494 -0.000267211
internal_weight=849 258 591 86 505 196 157 466 49 137 51 86 417 45 372 296 276 76 62 66 66 46 51 40 41
internal_count=849 258 591 86 505 196 157 466 49 137 51 86 417 45 372 296 276 76 62 66 66 46 51 40 41
is_linear=0
shrinkage=0.3


Tree=21
num_leaves=12
num_cat=0
split_feature=2 25 18 1 21 21 14 21 14 11 27
split_gain=5.16773e-05 0.000144032 0.000189499 6.5466e-05 4.72287e-05 0.000107027 4.54346e-05 0.000127425 8.29689e-05 6.91946e-05 6.36684e-05
threshold=3.8720006610055751 0.29285700000000009 -0.14411997667180479 3.9047154562354343 0.07234800000000001 0.12341400000000001 0.023206888457363718 0.47136550000000005 0.020642291108737398 1.0000000180025095e-35 0.7459110000000001
decision_type=2 2 2 2 2 2 2 2 2 2 2
left_child=3 -2 -3 4 -1 -6 8 -8 9 -7 -11
right_child=1 2 -4 -5 5 6 7 -9 -10 10 -12
leaf_value=0.0003252186268582591 -0.00019491437316481518 -8.5093502275412905e-05 0.0011652525713316208 -0.00055999904012423937 -0.00069417386631747443 0.00038642435664721568 -0.00021653160511050373 0.00084154120591847456 -0.00059866476550186323 -0.0002038244483039056 2.5202281670319512e-05
leaf_weight=36 39 20 24 20 21 38 21 20 22 145 443
leaf_count=36 39 20 24 20 21 38 21 20 22 145 443
internal_value=-4.02443e-12 0.00022485 0.000596913 -2.43636e-05 -1.00034e-05 -2.70006e-05 -6.66585e-06 0.000299601 -2.60439e-05 -5.91982e-06 -3.12754e-05
internal_weight=849 83 44 766 746 710 689 41 648 626 588
internal_count=849 83 44 766 746 710 689 41 648 626 588
is_linear=0
shrinkage=0.3


Tree=22
num_leaves=19
num_cat=0
split_feature=10 3 3 20 23 14 12 23 10 26 26 21 15 14 13 14 14 16
split_gain=4.52641e-05 6.897e-05 0.00010662 0.000240605 6.57629e-05 6.76742e-05 6.49809e-05 0.000137826 0.00011475 7.68284e-05 0.0001242 9.10009e-05 7.67668e-05 6.2956e-05 6.81357e-05 5.21991e-05 5.05468e-05 6.66576e-05
threshold=-1.4183236492307738 4.2761816978454599 3.898955345153809 0.32325800000000005 0.38750000000000007 0.014492823991961177 -0.0011779660140400514 0.61250000000000016 -1.0954451150111082 0.61809500000000017 0.60014650000000014 0.28341900000000003 -0.0024155143005656974 0.0067719831569426564 0.0095238381981178465 0.0093023162973839956 0.0091953937310272418 0.0044793296833683703
decision_type=2 2 2 2 2 2 2 2 2 2 2 2 2 2 2 2 2 2
left_child=4 2 6 -4 5 -1 7 8 -2 10 13 16 -10 -8 -15 -14 -11 -18
right_child=1 -3 3 -5 -6 -7 9 -9 12 11 -12 -13 15 14 -16 -17 17 -19
leaf_value=-0.00085553458349750143 0.00058220107653298705 -0.00052812972979154437 -6.8243524489638898e-05 0.0012663917207100894 0.00014446536711310338 -0.00013299861757981748 0.00042145592758768342 0.0008048161930324008 -0.00052801935461401525 -0.00048762943026506235 0.00072810249008138531 -0.00082143409446351655 -0.00031689477655163503 -0.00038249294511286054 -2.4524271656497693e-06 0.00020917101227778715 0.00024175790005236716 -0.00032800603514095361
leaf_weight=20 29 20 31 20 28 28 27 26 27 27 21 21 24 49 318 58 42 33
leaf_count=20 29 20 31 20 28 28 27 26 27 27 21 21 24 49 318 58 42 33
internal_value=-1.83988e-13 2.17201e-05 3.63243e-05 0.000455143 -0.000220916 -0.000434055 5.89734e-06 0.000171213 5.18388e-05 -4.44964e-05 1.72227e-05 -0.000252736 -8.92668e-05 -2.06668e-05 -5.31935e-05 5.52005e-05 -0.000135651 -8.93823e-06
internal_weight=849 773 753 51 76 48 702 164 138 538 415 123 109 394 367 82 102 75
internal_count=849 773 753 51 76 48 702 164 138 538 415 123 109 394 367 82 102 75
is_linear=0
shrinkage=0.3


Tree=23
num_leaves=16
num_cat=0
split_feature=12 7 27 25 19 7 7 10 13 9 13 14 14 5 2
split_gain=4.2643e-05 3.2187e-05 5.60211e-05 5.75e-05 0.000194 0.000108454 8.29874e-05 6.17567e-05 8.17751e-05 7.65606e-05 5.95943e-05 5.62271e-05 7.14219e-05 5.36783e-05 4.46042e-05
threshold=-0.0054142107985138306 -0.012062952695360634 0.93106800000000012 0.29285700000000009 0.19752950000000002 -0.0051747515880693337 -0.0076142652137307773 1.2263154962103509 0.011542920566401989 0.0031440679415283813 0.012515691884659329 0.024971631613132299 0.017478162384446792 -0.009400798758391643 3.6705989451154193
decision_type=2 2 2 2 2 2 2 2 2 2 2 2 2 2 2
left_child=-1 14 3 5 6 -3 10 9 -9 -7 -5 12 -8 -11 -2
right_child=1 2 -4 4 -6 7 11 8 -10 13 -12 -13 -14 -15 -16
leaf_value=-0.0004328660832288733 0.0005633810639830534 -0.00061200727074967943 -0.00043733387395220166 5.9016717776622886e-05 0.00098575796015211371 0.00039363882901852774 -2.4766757945365717e-05 -0.00014992906915722414 0.00067951513666902549 0.00027833162021124737 0.000758015650764877 -0.00048690227558836338 0.00039721933836972312 -0.00024731857871995624 -1.2077182448895958e-05
leaf_weight=20 22 33 26 21 20 24 370 20 23 20 23 21 40 139 27
leaf_count=20 22 33 26 21 20 24 370 20 23 20 23 21 40 139 27
internal_value=1.56639e-12 1.04431e-05 -4.37305e-06 1.05566e-05 7.04828e-05 -0.000103974 3.19449e-05 -2.97923e-05 0.000293727 -0.00010581 0.000424403 -8.12036e-06 1.64026e-05 -0.000181199 0.000246292
internal_weight=849 829 780 754 495 259 475 226 43 183 44 431 410 159 49
internal_count=849 829 780 754 495 259 475 226 43 183 44 431 410 159 49
is_linear=0
shrinkage=0.3


Tree=24
num_leaves=15
num_cat=0
split_feature=9 0 0 2 7 23 26 18 21 14 8 5 29 11
split_gain=3.31966e-05 4.45597e-05 0.000110797 6.56754e-05 6.01071e-05 7.35473e-05 4.4003e-05 4.89682e-05 4.45026e-05 7.64825e-05 7.57933e-05 7.2053e-05 8.67813e-05 7.53737e-05
threshold=0.0016737099704834124 3.8629084828415365 3.8848055970622304 3.8294634472543398 -0.0021120926958983267 0.26785700000000007 0.89174200000000015 -0.93880741329530648 0.47634400000000005 0.022421617006476251 0.019957416963192778 -1.0000000180025095e-35 4.5000000000000009 20.000524353411219
decision_type=2 2 2 2 2 2 2 2 2 2 2 2 2 2
left_child=-1 3 -3 6 -4 -6 7 -2 11 10 -10 12 -9 -13
right_child=1 2 4 -5 5 -7 -8 8 9 -11 -12 13 -14 -15
leaf_value=-0.0003637101464846637 -0.00045681500245832874 0.00063677599225818134 -0.00032117803632652131 -0.00051827816793735581 0.00058806009690215422 -9.7859900158843677e-05 0.00041452696003199723 -5.5836354170293942e-05 -6.9115969814200208e-06 0.00066039579316566231 0.00059137078101879784 0.00060056313304812647 -0.00051562665505212185 -9.4465871010943951e-06
leaf_weight=22 22 34 33 23 24 34 22 105 206 20 21 20 57 206
leaf_count=22 22 34 33 23 24 34 22 105 206 20 21 20 57 206
internal_value=-1.50945e-12 9.67548e-06 0.000174702 -1.97095e-05 2.05858e-06 0.000185969 -2.82135e-06 -1.67965e-05 -1.55174e-06 9.79875e-05 4.84361e-05 -6.49182e-05 -0.000217614 4.45366e-05
internal_weight=849 827 125 702 91 58 679 657 635 247 227 388 162 226
internal_count=849 827 125 702 91 58 679 657 635 247 227 388 162 226
is_linear=0
shrinkage=0.3


Tree=25
num_leaves=19
num_cat=0
split_feature=8 11 2 8 15 3 27 6 18 18 13 16 7 14 27 20 27 11
split_gain=4.05548e-05 0.000111953 9.74915e-05 6.20691e-05 9.9083e-05 0.000109886 8.15318e-05 6.82143e-05 5.38813e-05 5.14559e-05 5.54116e-05 5.61811e-05 0.000109521 8.17728e-05 5.70988e-05 5.69981e-05 4.97668e-05 4.76925e-05
threshold=0.012121661648152048 66.666629374718454 3.6947827140529235 0.014510768080713263 -0.002361276119917577 3.827400922775269 0.83792250000000013 0.0023613361398904151 0.94650712472845855 0.67785980521766431 0.021303442307796263 0.0047733219742151041 0.0045146751444975078 0.010638288158590711 0.89658800000000005 0.21568150000000003 0.80498800000000015 88.888959306113335
decision_type=2 2 2 2 2 2 2 2 2 2 2 2 2 2 2 2 2 2
left_child=1 8 16 -2 -5 6 7 -6 9 10 11 14 13 -13 15 -1 -3 -7
right_child=3 2 -4 4 5 17 -8 -9 -10 -11 -12 12 -14 -15 -16 -17 -18 -19
leaf_value=4.9716830122074151e-05 -0.00049468011308239181 0.00042332592929597015 0.00076492667014297852 0.00042085239712667485 0.0002213532114017818 -0.00089941902668215327 0.00039993847862702253 -0.00045278807675328735 0.00047396911621035539 -0.00043926443193833197 0.00043840347389050293 0.00032658362654092345 0.00073997515163765364 -0.00015287703830314938 -0.00049215594641282222 -0.000209792072804814 -0.00020905971047113781 -0.00025210694251914643
leaf_weight=182 33 21 33 33 22 20 33 35 20 26 24 50 22 89 30 131 24 21
leaf_count=182 33 21 33 33 22 20 33 35 20 26 24 50 22 89 30 131 24 21
internal_value=3.04343e-13 3.60411e-05 0.000373269 -0.000119283 -4.3746e-05 -0.000160782 2.46684e-05 -0.000192593 -9.78433e-06 -2.72484e-05 -6.95969e-06 -2.81675e-05 0.000118028 1.95908e-05 -9.679e-05 -5.88955e-05 8.60536e-05 -0.000567869
internal_weight=849 652 78 197 164 131 90 57 574 554 528 504 161 139 343 313 45 41
internal_count=849 652 78 197 164 131 90 57 574 554 528 504 161 139 343 313 45 41
is_linear=0
shrinkage=0.3


Tree=26
num_leaves=25
num_cat=0
split_feature=6 18 26 9 26 21 15 21 18 14 8 15 17 26 11 18 18 8 16 15 11 19 12 8
split_gain=3.23025e-05 0.000101288 6.48184e-05 5.93665e-05 5.68193e-05 6.88594e-05 4.71601e-05 4.70016e-05 6.26379e-05 5.62604e-05 6.745e-05 9.57056e-05 0.000179993 0.000172466 9.30898e-05 7.11185e-05 0.000116698 0.000104136 8.91951e-05 6.43055e-05 4.9833e-05 3.61771e-05 3.51017e-05 1.38653e-05
threshold=-0.0047336947217821853 0.54660752102911558 0.73967250000000007 0.01024446549546576 0.57097450000000016 0.42113100000000009 -0.0010615447944468063 0.16606500000000005 0.014087727949842085 0.027055203619915438 0.011961899430617104 0.0023952108275119323 0.0025740043100801815 0.46297000000000005 78.759336297604605 0.56299976759041648 0.090496677158883085 0.0024154274481786148 0.0045558044498358622 0.0024389639700672459 90.908711705946757 0.012032000000000001 0.0004415286672283764 -0.004784612262646433
decision_type=2 2 2 2 2 2 2 2 2 2 2 2 2 2 2 2 2 2 2 2 2 2 2 2
left_child=1 2 3 4 5 -1 -7 8 -2 10 11 15 13 -13 19 16 18 -18 -9 -12 -16 -22 -10 -8
right_child=7 -3 -4 -5 -6 6 23 9 22 -11 14 12 -14 -15 20 -17 17 -19 -20 -21 21 -23 -24 -25
leaf_value=0.00030588650092061966 -0.00047385341689126412 -0.000694832642772741 0.00043248898473393634 0.00024285670097015099 -0.00049143074563919357 8.5739988600835201e-05 -0.00061613520138052984 0.00026363137135631404 -0.00020244382321834564 0.00055905745706695596 -0.00014650407883100739 0.00031203909277203762 -0.0001837074917632215 0.0014222739712204202 0.0002953343978158675 0.00044169939004966768 -9.9426377665942105e-05 -0.0008076235407352214 -0.00021747289783888844 -0.0008726066151991419 -0.00034315764073787305 0.0001322376293828711 0.00035288794824737122 -0.00026288266501069298
leaf_weight=31 36 23 24 37 39 25 20 125 21 20 23 34 31 20 39 34 74 25 48 21 34 25 20 20
leaf_count=31 36 23 24 37 39 25 20 125 21 20 23 34 31 20 39 34 74 25 48 21 34 25 20 20
internal_value=-4.50569e-13 -9.92507e-05 -2.93609e-05 -9.38051e-05 -0.000186075 -6.20248e-05 -0.00023749 3.45014e-05 -0.000185095 6.50781e-05 4.65423e-05 0.000110856 0.000392469 0.000723237 -0.000130547 3.26303e-05 -1.85034e-05 -0.000278264 0.000130146 -0.000493053 3.22104e-05 -0.000141719 6.84497e-05 -0.000439509
internal_weight=849 219 196 172 135 96 65 630 77 553 533 391 85 54 142 306 272 99 173 44 98 59 41 40
internal_count=849 219 196 172 135 96 65 630 77 553 533 391 85 54 142 306 272 99 173 44 98 59 41 40
is_linear=0
shrinkage=0.3


Tree=27
num_leaves=17
num_cat=0
split_feature=8 8 14 22 29 8 22 22 22 10 13 12 10 26 8 6
split_gain=2.98835e-05 7.77626e-05 9.37636e-05 4.25785e-05 6.86185e-05 0.000106226 3.69674e-05 0.000147535 6.49075e-05 4.36132e-05 0.000107569 7.20977e-05 6.77021e-05 4.1966e-05 3.60219e-05 3.14693e-05
threshold=-0.026476206164096679 -0.01923141352130911 0.014117689693675365 0.63466750000000005 1.5000000000000002 -0.0070505756575950365 0.49836500000000006 0.52733100000000011 0.47122800000000004 -0.9203534406860322 0.013381151967851333 -0.0031452632332544593 -0.77112577614306776 0.38674700000000006 0.0024816284921686943 -0.0025031981487772669
decision_type=2 2 2 2 2 2 2 2 2 2 2 2 2 2 2 2
left_child=15 2 -2 6 -5 -6 8 -8 9 10 13 -11 -13 -3 -9 -1
right_child=1 3 -4 4 5 -7 7 14 -10 11 -12 12 -14 -15 -16 -17
leaf_value=-0.00042707697407579336 0.0008809400827885838 0.00025705845589722492 -3.768521844449424e-05 0.00022604865997767441 -0.00095111333357635877 -7.9789824667386711e-05 0.00091381013015052299 0.00018249019580972948 -0.00042582319219945929 -0.00057084026505305825 0.0006784192375248651 -0.00052714568404813424 2.5036553258908409e-05 -0.00017491253560137922 -0.00026678368720177816 6.2080550587779716e-05
leaf_weight=29 20 35 20 22 20 34 20 36 32 21 29 21 413 48 29 20
leaf_count=29 20 35 20 22 20 34 20 36 32 21 29 21 413 48 29 20
internal_value=1.56912e-13 1.39295e-05 0.000421627 -7.52826e-06 -0.000220553 -0.000402502 1.61412e-05 0.000201284 -1.01311e-05 1.33294e-05 0.00018103 -2.79508e-05 -1.68194e-06 7.24391e-06 -1.79551e-05 -0.000227421
internal_weight=849 800 40 760 76 54 684 85 599 567 112 455 434 83 65 49
internal_count=849 800 40 760 76 54 684 85 599 567 112 455 434 83 65 49
is_linear=0
shrinkage=0.3


Tree=28
num_leaves=17
num_cat=0
split_feature=29 16 7 21 18 7 4 16 17 7 13 7 2 14 27 29
split_gain=2.14947e-05 7.07856e-05 3.23235e-05 5.27527e-05 5.94483e-05 7.10945e-05 4.22308e-05 5.76e-05 4.12911e-05 3.90706e-05 5.1308e-05 7.11096e-05 5.41255e-05 8.53578e-05 5.09185e-05 4.49131e-05
threshold=7.5000000000000009 0.0045351432241545449 -0.007134562530525166 0.27347800000000005 0.39688256644689424 -0.009291673930052086 42997300.000000007 0.0093462447309640029 0.002409578750574042 -0.0049201513945533312 0.014536353031352535 -1.0000000180025095e-35 3.2978834421689913 0.0099502393141325685 0.70200400000000018 4.5000000000000009
decision_type=2 2 2 2 2 2 2 2 2 2 2 2 2 2 2 2
left_child=2 -2 3 -1 5 8 7 9 -5 -4 12 -12 13 -11 -14 -13
right_child=1 -3 6 4 -6 -7 -8 -9 -10 10 11 15 14 -15 -16 -17
leaf_value=0.00044572733210824318 -9.5064591826690787e-05 0.00062884269111236786 -0.00030281043927013674 -0.00058221518482923782 0.00047228782570982728 0.00036250560951884832 -0.00044756003556937107 -0.00050195739564845674 -6.1664820236728701e-05 -0.00014215926335468381 -0.00032196666788877334 0.00045351483426440872 0.00020372437762985514 0.00068439962848535049 -0.00010558689928081311 1.9054651519664645e-05
leaf_weight=34 31 20 38 24 20 21 22 22 32 22 20 61 55 23 371 33
leaf_count=34 31 20 38 24 20 21 22 22 32 22 20 61 55 23 371 33
internal_value=5.79281e-14 0.000188821 -1.20675e-05 0.000124173 1.14633e-05 -0.000108231 -3.88254e-05 -2.4884e-05 -0.000284758 -8.03713e-06 1.11105e-05 0.000191701 -3.25992e-05 0.000280304 -6.56523e-05 0.000300992
internal_weight=849 51 798 131 97 77 667 645 56 623 585 114 471 45 426 94
internal_count=849 51 798 131 97 77 667 645 56 623 585 114 471 45 426 94
is_linear=0
shrinkage=0.3


Tree=29
num_leaves=21
num_cat=0
split_feature=2 23 19 2 3 12 20 14 13 26 13 1 12 4 6 1 1 13 12 27
split_gain=2.90759e-05 4.97808e-05 8.17707e-05 5.4455e-05 7.97585e-05 7.31067e-05 6.62599e-05 4.15943e-05 7.78196e-05 4.99244e-05 4.04056e-05 4.03403e-05 0.000130121 4.80157e-05 4.42596e-05 3.6617e-05 3.78337e-05 2.52863e-05 5.259e-05 2.37777e-05
threshold=3.4436926863937924 0.77500000000000013 0.36957600000000007 3.5571442198450307 3.5974371433258061 -0.00038364723046145209 0.025256000000000004 0.0093023162973839956 0.016991877663773781 0.55923250000000013 0.010659896522461642 3.4436925837068406 0.0010389205317579365 26863500.000000004 0.0073261222498109081 3.3121913326903538 3.3752857291805483 0.011871025159671927 0.0011200274077550218 0.82674000000000014
decision_type=2 2 2 2 2 2 2 2 2 2 2 2 2 2 2 2 2 2 2 2
left_child=11 2 3 5 -5 -2 -6 9 -9 -8 -7 13 -13 14 15 -1 19 -18 -19 -17
right_child=1 -3 -4 4 6 10 7 8 -10 -11 -12 12 -14 -15 -16 16 17 18 -20 -21
leaf_value=0.00022360490436671839 0.00075015593320131295 -0.00030022697409967316 0.0005683832035477584 -0.00057457760496098284 0.00050855425370173175 -0.00023162986347285497 -1.2307804039800164e-05 0.00016327278747566603 -0.0001782442469278934 -0.00040443553605820686 0.00033818435695138761 -0.00083592705002798618 0.00021035715260950383 -0.00047366190177854149 0.00041522063283991881 -0.00015269125060513031 -0.00014794136284483381 0.00053552705423498992 -0.00015244827613059895 -0.00056066645047394561
leaf_weight=38 21 37 27 21 24 21 87 199 86 44 24 23 20 20 22 36 39 20 20 20
leaf_count=38 21 37 27 21 24 21 87 199 86 44 24 23 20 20 22 36 39 20 20 20
internal_value=1.57596e-12 3.66818e-05 5.91829e-05 3.30948e-05 -3.39369e-06 0.000287962 2.38674e-05 -4.09534e-06 6.02185e-05 -0.000144015 7.22711e-05 -8.40269e-05 -0.000349283 -3.09756e-05 1.44281e-05 -3.65397e-05 -0.000109766 2.39476e-05 0.000191539 -0.000298397
internal_weight=849 591 554 527 461 66 440 416 285 131 45 258 43 215 195 173 135 79 40 56
internal_count=849 591 554 527 461 66 440 416 285 131 45 258 43 215 195 173 135 79 40 56
is_linear=0
shrinkage=0.3


Tree=30
num_leaves=24
num_cat=0
split_feature=14 4 26 26 13 18 26 15 10 11 11 27 12 0 17 9 9 0 3 6 1 4 18
split_gain=2.05408e-05 8.20177e-05 0.000176773 8.65866e-05 5.99363e-05 7.02835e-05 6.27916e-05 6.73233e-05 6.63807e-05 5.87762e-05 6.62033e-05 0.000106178 5.29583e-05 5.26105e-05 5.18607e-05 5.00218e-05 7.34036e-05 4.1227e-05 6.18432e-05 3.70173e-05 3.46155e-05 3.00277e-05 2.39191e-05
threshold=0.011013310817769845 16555400.000000002 0.57330000000000014 0.38327750000000005 0.01437088748819511 -0.034337812533881393 0.23850400000000002 -0.0024095787505740616 -0.63495950264079382 80.000035773455778 67.544189902654793 0.80498800000000015 0.0010592290831250265 3.7086536969194834 0.0042964563099266049 0.013203659627465931 0.011180751602498823 3.8921735105383481 3.8240888118743901 0.0023723368056496057 3.5882269589332765 13972150.000000002 0.10843464484808282
decision_type=2 2 2 2 2 2 2 2 2 2 2 2 2 2 2 2 2 2 2 2 2 2 2
left_child=1 4 3 -3 5 6 -1 -8 -9 10 15 -12 -11 -5 -10 16 17 18 20 21 -2 -7 -14
right_child=9 2 -4 13 -6 19 7 8 14 12 11 -13 22 -15 -16 -17 -18 -19 -20 -21 -22 -23 -24
leaf_value=-0.00035025294280124154 -0.0001857341547659081 0.00037980599815703249 0.00081438206968111146 -0.0005501064045092789 -0.00047944721305975694 0.00010857622749570414 0.0005635732270842281 0.00056527862803445062 -0.00020823276855870583 0.00053992630005618241 4.067133527512297e-05 -0.00085248169692931698 -0.00020434218372429312 0.00010269129750668072 0.00024583285626967585 0.000271756199743742 -0.00058141237861127591 -0.00043410763225686176 0.00049974727840890404 -0.00045984144502426712 6.0964601795382577e-05 -0.00029292252263985569 0.0002005387046602695
leaf_weight=22 95 33 36 25 25 38 34 21 56 26 23 25 24 20 38 39 25 22 20 32 111 30 29
leaf_count=22 95 33 36 25 25 38 34 21 56 26 23 25 24 20 38 39 25 22 20 32 111 30 29
internal_value=6.42511e-13 4.82854e-05 0.000264496 1.07021e-05 -3.49848e-05 6.01729e-06 0.00012285 0.000192704 8.30562e-05 -4.50957e-05 -9.65181e-05 -0.000424513 0.000189234 -0.000259974 -2.46743e-05 -4.60574e-05 -9.14594e-05 -4.20689e-05 -3.90588e-06 -0.000193767 -5.28042e-05 -6.85556e-05 1.71964e-05
internal_weight=849 410 114 78 296 271 171 149 115 439 360 48 79 45 94 312 273 248 226 100 206 68 53
internal_count=849 410 114 78 296 271 171 149 115 439 360 48 79 45 94 312 273 248 226 100 206 68 53
is_linear=0
shrinkage=0.3


Tree=31
num_leaves=26
num_cat=0
split_feature=2 9 27 7 10 7 4 10 21 24 21 10 13 3 6 18 8 4 26 0 16 14 27 4 14
split_gain=2.26419e-05 0.000113659 7.01519e-05 3.49888e-05 7.32583e-05 7.01128e-05 7.7762e-05 6.84814e-05 6.1837e-05 7.25406e-05 6.97597e-05 5.77505e-05 5.22546e-05 4.82912e-05 4.69186e-05 4.61707e-05 4.49951e-05 4.37385e-05 3.7461e-05 5.9833e-05 6.56351e-05 5.10161e-05 4.22417e-05 2.93106e-05 2.48914e-05
threshold=3.8720006610055751 0.0053782480304788455 0.80498800000000015 -0.0045146751444974922 1.3237547643511935 -0.0024782668731986837 17508700.000000004 -0.9203534406860322 0.4907915000000001 0.26136350000000003 0.30529650000000003 -0.29159282168857675 0.01308603178618927 3.3201944828033452 -0.0047732369010953261 -0.058999583306772435 -0.017588441907446215 12868650.000000002 0.42446200000000006 3.4068899647048014 0.0023752379938407051 0.0071769699050717962 0.72737150000000017 20133750.000000004 0.011876416495167614
decision_type=2 2 2 2 2 2 2 2 2 2 2 2 2 2 2 2 2 2 2 2 2 2 2 2 2
left_child=3 -2 -3 4 7 -5 13 12 9 10 14 16 -1 -7 -8 -10 -9 -13 19 -15 -21 -20 -23 -19 -12
right_child=1 2 -4 5 -6 6 8 11 15 -11 24 17 -14 18 -16 -17 -18 23 21 20 -22 22 -24 -25 -26
leaf_value=7.9777555868998677e-05 -0.00023319753737795462 0.00082181602519995069 7.1002709280167309e-05 -0.00050246286511537622 0.00060461399632252073 0.00042547217312623051 -0.00079580666541005478 -6.2987808425012709e-05 -0.00030479606328299264 -0.00080132809922691772 0.00030101646749575259 0.00028564879237539853 0.00066362227849326284 -0.00053477391675187385 -0.00022271811891793426 0.00025584290510428568 -0.0006769156303066253 -0.00030850693029523506 -0.00026952534998209946 -0.00028299155876863679 0.00022123659022362028 -0.00023801872310286854 0.00022828440647480676 0.00013853341237832369 -0.00013651888392632826
leaf_weight=37 38 24 21 30 22 29 20 21 20 22 22 39 22 24 36 39 22 33 28 42 52 20 139 22 25
leaf_count=37 38 24 21 30 22 29 20 21 20 22 22 39 22 24 36 39 22 33 28 42 52 20 139 22 25
internal_value=1.29426e-12 0.000148833 0.000471436 -1.61268e-05 8.55293e-05 -5.65666e-05 -3.07425e-05 2.72647e-05 -0.000187347 -0.000306831 -0.00020121 -8.91064e-05 0.000297482 5.55306e-05 -0.000427393 6.57958e-05 -0.00037709 4.26309e-05 2.03558e-05 -0.000111999 -4.05684e-06 0.000103874 0.00016963 -0.000129691 6.82849e-05
internal_weight=849 83 45 766 218 548 518 196 184 125 103 137 59 334 56 59 43 94 305 118 94 187 159 55 47
internal_count=849 83 45 766 218 548 518 196 184 125 103 137 59 334 56 59 43 94 305 118 94 187 159 55 47
is_linear=0
shrinkage=0.3


Tree=32
num_leaves=30
num_cat=0
split_feature=18 16 15 9 19 27 18 5 18 18 2 6 18 6 19 0 27 27 22 19 13 14 6 16 13 5 8 12 0
split_gain=1.67623e-05 4.9963e-05 6.43024e-05 8.21743e-05 9.98501e-05 8.02163e-05 3.90646e-05 3.96017e-05 3.83456e-05 5.40285e-05 8.62554e-05 4.99663e-05 4.25017e-05 4.78541e-05 3.9144e-05 4.9483e-05 3.96506e-05 5.73502e-05 3.24927e-05 6.43418e-05 3.88242e-05 6.07834e-05 5.93963e-05 5.22504e-05 3.80691e-05 3.01512e-05 5.45153e-05 2.83742e-05 2.02852e-05
threshold=-0.18447918107645961 0.0047562448437571559 -1.0000000180025095e-35 0.006069711224261652 -0.090055999999999983 0.80360150000000019 -0.2218916554679902 0.009049669046665253 0.24315432394287909 0.10843464484808282 3.7452615416249824 -0.0047336947217821853 0.38542625468532571 0.0023838340548360446 -0.32213049999999993 3.8543465354086326 0.83792250000000013 0.76560150000000016 0.59311600000000009 -0.40588649999999998 0.015308728879164096 0.0099255483301648826 0.007211561670472628 0.0025510179256707931 0.01274199639606856 0.01096516397289045 0.0072202959088187718 -0.000664346698240918 3.6802951031714097
decision_type=2 2 2 2 2 2 2 2 2 2 2 2 2 2 2 2 2 2 2 2 2 2 2 2 2 2 2 2 2
left_child=6 8 5 4 -4 -3 7 18 9 14 -11 -10 13 -13 -2 16 17 -16 19 -1 21 23 -22 -21 -23 26 28 -5 -14
right_child=1 2 3 27 -6 -7 -8 -9 11 10 -12 12 25 -15 15 -17 -18 -19 -20 20 22 24 -24 -25 -26 -27 -28 -29 -30
leaf_value=0.00054881614913548612 -0.00032942908235327194 0.00037711447512265293 0.0010976835637120531 0.00028213147459609899 0.0002616507107935225 -0.00034626536897220018 -0.00042404489277032554 -0.00037750793336062296 -0.00046190987718132832 3.4130093382899707e-05 0.00079172854940614862 -1.4624331470258765e-05 0.00030446900787605308 -0.00064295254211174321 0.00032460517388699373 -0.00038465406643808822 0.0004681136676481401 -0.00021129429236369594 -0.0002994564705457176 -6.7364410800327675e-05 -4.0270067620440381e-05 -0.00010453172811051651 0.00062716715226997612 0.00042972692138461684 -0.0006020980164175853 0.00037275081745714742 -0.00043408846711165758 -0.00019727514887927098 -4.5180106747011449e-05
leaf_weight=21 32 22 20 20 36 37 24 26 33 38 21 24 28 20 32 20 24 41 27 71 30 31 20 26 25 21 22 25 32
leaf_count=21 32 22 20 20 36 37 24 26 33 38 21 24 28 20 32 20 24 41 27 71 30 31 20 26 25 21 22 25 32
internal_value=-3.95614e-13 3.12411e-05 0.000172303 0.000317662 0.000560234 -7.65305e-05 -5.68775e-05 -2.50652e-05 -2.69289e-05 6.08051e-05 0.000303784 -0.00012831 -5.34207e-05 -0.000300228 -3.54079e-05 4.50081e-05 0.000133598 2.36205e-05 1.14428e-05 4.89173e-05 -2.79639e-06 -7.77968e-05 0.000226705 6.58766e-05 -0.00032666 5.20116e-05 -3.0129e-05 1.57945e-05 0.000117989
internal_weight=849 548 160 101 56 59 301 277 388 208 59 180 147 44 149 117 97 73 251 224 203 153 50 97 56 103 82 45 60
internal_count=849 548 160 101 56 59 301 277 388 208 59 180 147 44 149 117 97 73 251 224 203 153 50 97 56 103 82 45 60
is_linear=0
shrinkage=0.3


Tree=33
num_leaves=23
num_cat=0
split_feature=21 12 17 0 17 11 12 4 1 18 26 17 17 15 9 0 22 13 23 9 24 26
split_gain=1.98144e-05 2.37496e-05 4.12363e-05 5.74779e-05 9.04712e-05 6.7557e-05 5.92924e-05 7.29103e-05 6.3188e-05 5.36331e-05 4.62779e-05 4.11012e-05 4.72228e-05 4.30364e-05 3.53418e-05 5.02901e-05 4.27117e-05 3.32101e-05 3.04532e-05 2.985e-05 2.78563e-05 1.2133e-05
threshold=0.065615500000000007 -0.0018227901904082134 0.0021277178831670251 3.8629084828415365 0.0023753512568226612 70.710662544373037 -0.0010429327237557408 15688050.000000002 3.8543465383265008 -0.088616353723433475 0.61402450000000008 0.0021120019987166186 0.0042507978402670241 -0.002328289666153394 0.0040760265377713907 3.3450665578274368 0.2524165000000001 0.015349872411140872 0.29285700000000009 0.006554345778118466 0.35416650000000005 0.50846250000000015
decision_type=2 2 2 2 2 2 2 2 2 2 2 2 2 2 2 2 2 2 2 2 2 2
left_child=-1 11 9 6 -5 -6 7 -4 14 18 20 -2 13 -13 16 -16 -8 -14 -3 -20 -11 -15
right_child=1 2 3 4 5 -7 8 -9 -10 10 -12 12 17 21 15 -17 -18 -19 19 -21 -22 -23
leaf_value=0.00022790110193785619 0.0001623585303408421 0.00032804135707220454 0.00064284045803495772 0.00072601430542046537 0.00038372900831429595 -0.00037016746275185145 0.00014367429310582606 -0.00010712678369600325 -0.00043391377276425516 -2.7889461355363508e-06 -0.00068526492677847275 -0.00074681850615888824 -0.00022698562556357617 -0.00037306688343960556 0.00042432117438693238 2.2379884208930887e-05 -0.00026430845731132042 0.00021964860745105522 -0.00034817040010238999 0.00017014390969961825 -0.00042697389886928828 -4.2617434537532972e-05
leaf_weight=33 37 26 28 28 23 20 34 20 31 38 20 20 31 20 32 225 72 29 20 20 22 20
leaf_count=33 37 26 28 28 23 20 34 20 31 38 20 20 31 20 32 225 72 29 20 20 22 20
internal_value=-9.54849e-13 -9.21659e-06 1.57645e-05 5.57991e-05 0.00030635 3.30795e-05 1.55524e-05 0.000330354 -2.27991e-05 -0.000124905 -0.000290059 -0.000114073 -0.000199307 -0.000387501 1.23098e-05 7.2427e-05 -0.000133446 -1.11124e-05 7.5281e-05 -8.90132e-05 -0.000158323 -0.000207842
internal_weight=849 816 659 513 71 43 442 48 394 146 80 157 120 60 363 257 106 60 66 40 60 40
internal_count=849 816 659 513 71 43 442 48 394 146 80 157 120 60 363 257 106 60 66 40 60 40
is_linear=0
shrinkage=0.3


Tree=34
num_leaves=29
num_cat=0
split_feature=18 6 16 16 20 22 6 14 12 16 4 21 14 9 23 21 26 15 15 7 27 8 12 9 16 27 14 22
split_gain=1.70997e-05 3.26053e-05 3.14073e-05 7.44143e-05 3.37972e-05 3.01255e-05 6.92265e-05 3.47361e-05 4.17149e-05 3.53338e-05 2.94767e-05 3.38365e-05 3.75171e-05 2.89768e-05 7.105e-05 2.90981e-05 5.6769e-05 5.14148e-05 7.54688e-05 6.726e-05 2.69543e-05 3.55738e-05 3.76182e-05 5.78061e-05 4.02503e-05 7.87123e-05 2.00952e-05 1.17983e-05
threshold=-0.18447918107645961 0.013640104434773858 0.0068026607730601258 0.0071856322089792878 0.14174150000000002 0.20846950000000003 0.0071345625305251365 0.01438847522345032 -0.00024309154008700625 0.0023640075649144173 14229150.000000002 0.37102650000000009 0.014492823991961177 0.0094047627521554114 0.38750000000000007 0.45862950000000008 0.42192250000000003 0.0023952108275119323 0.0046729182804516505 0.0023557288057373441 0.86835300000000004 0.012121661648152048 -0.0016864852766269257 0.0073299486755300011 0.004592424156846576 0.77355200000000013 0.0086114119197305879 0.31290350000000006
decision_type=2 2 2 2 2 2 2 2 2 2 2 2 2 2 2 2 2 2 2 2 2 2 2 2 2 2 2 2
left_child=10 2 5 -4 -5 6 7 8 26 -10 20 -12 -13 15 -15 17 27 19 -19 -7 21 22 -1 24 25 -24 -2 -17
right_child=1 -3 3 4 -6 13 -8 -9 9 -11 11 12 -14 14 -16 16 -18 18 -20 -21 -22 -23 23 -25 -26 -27 -28 -29
leaf_value=-0.0001741231176700759 -0.00026233553546025295 -0.0003444366189069115 0.00070429772791352925 -0.00027052189849200657 0.00021352012330238279 5.5647709922157916e-05 0.00064904200005912562 -0.0002533477629589874 5.5310870115476968e-05 0.00060053107293282185 6.2819410364185879e-05 -0.00051308798802720786 -7.3113799391483715e-05 0.00040790795792418067 -0.00027288825274974273 -0.00021661989775566325 -0.00064473774870169682 0.00067139763221868117 -5.193345254965339e-05 -0.00037193828745460319 -0.00022063055404782355 -0.00021980769465699266 -0.0001555415922193788 0.00067560762661742044 -0.00021982363850838737 0.00055491069439312919 0.00013871403815941943 0.00010174769320821557
leaf_weight=28 23 20 21 20 37 81 20 27 20 23 33 37 33 37 22 20 22 21 34 56 37 32 25 20 24 32 22 22
leaf_count=28 23 20 21 20 37 81 20 27 20 23 33 37 33 37 22 20 22 21 34 56 37 32 25 20 24 32 22 22
internal_value=8.39836e-13 3.1554e-05 4.57961e-05 0.000221539 4.36808e-05 1.5334e-05 0.000133903 4.43133e-05 0.000135641 0.00034694 -5.74472e-05 -0.000187611 -0.000305672 -3.54812e-05 0.000154052 -7.91627e-05 -0.000254347 -2.07681e-05 0.000224248 -0.000119132 1.02645e-05 6.33273e-05 0.000133562 0.000218861 0.000106084 0.000243309 -6.62669e-05 -4.98559e-05
internal_weight=849 548 528 78 57 450 135 115 88 43 301 103 70 315 59 256 64 192 55 137 198 161 129 101 81 57 45 42
internal_count=849 548 528 78 57 450 135 115 88 43 301 103 70 315 59 256 64 192 55 137 198 161 129 101 81 57 45 42
is_linear=0
shrinkage=0.3


Tree=35
num_leaves=21
num_cat=0
split_feature=29 20 1 18 18 19 20 17 13 21 18 17 11 20 1 16 29 7 21 9
split_gain=1.42039e-05 3.4049e-05 1.87328e-05 1.72541e-05 2.54534e-05 3.71923e-05 4.68675e-05 3.54554e-05 3.07775e-05 3.04427e-05 5.16867e-05 8.74464e-05 4.57559e-05 4.49909e-05 4.23078e-05 3.12331e-05 3.47184e-05 2.87837e-05 2.10792e-05 2.07193e-05
threshold=7.5000000000000009 0.23753500000000002 3.3039721778065343 0.94650712472845855 0.26725633875668464 -0.0014149999999999998 0.22095800000000002 0.0024938225214576142 0.015811595319127927 0.34617650000000005 -0.0064974306070117865 0.0023014419378767788 23.303230431683051 0.42228700000000002 3.4226563735176545 0.0049019562011037342 3.5000000000000004 0.0023502260447341213 0.44411800000000007 0.01389334368673025
decision_type=2 2 2 2 2 2 2 2 2 2 2 2 2 2 2 2 2 2 2 2
left_child=2 -2 -1 4 9 6 7 17 18 10 12 -12 -4 15 -14 19 -17 -6 -7 -11
right_child=1 -3 3 -5 5 8 -8 -9 -10 13 11 -13 14 -15 -16 16 -18 -19 -20 -21
leaf_value=0.00019574943418765661 0.00042395258421058075 -6.8671099182081107e-05 0.0004107144183944911 0.00021543406210690187 -4.0097323441882922e-05 -2.8210151033229467e-05 -0.00056039908413367805 9.2447704026618814e-05 -0.00029284042895639568 5.8809016587776453e-05 -0.00014877567190193407 0.00059924481465714054 0.00031058271946676541 -0.00042709158201782531 -0.00017279527876532731 -0.00049841056334907596 -3.9878899718002812e-05 -0.00050634580273673728 0.00031680471176514401 -0.00023417620204781996
leaf_weight=38 23 28 20 27 22 34 29 39 20 229 22 39 20 26 88 23 42 26 30 24
leaf_count=38 23 28 20 27 22 34 29 39 20 229 22 39 20 26 88 23 42 26 30 24
internal_value=-1.4226e-12 0.000153493 -9.80967e-06 -2.00876e-05 -2.87631e-05 -0.000120025 -0.000230114 -0.000120019 3.20022e-05 5.48169e-06 0.000102209 0.000329467 -6.09408e-06 -4.76619e-05 -8.32808e-05 -1.66394e-05 -0.000202129 -0.000292649 0.000133516 3.1016e-05
internal_weight=849 51 798 760 733 200 116 87 84 533 189 61 128 344 108 318 65 48 64 253
internal_count=849 51 798 760 733 200 116 87 84 533 189 61 128 344 108 318 65 48 64 253
is_linear=0
shrinkage=0.3


Tree=36
num_leaves=10
num_cat=0
split_feature=6 6 15 15 12 12 29 10 7
split_gain=1.64596e-05 3.98846e-05 2.16715e-05 1.95163e-05 1.71157e-05 3.22734e-05 3.6128e-05 2.80075e-05 2.32322e-05
threshold=0.019717082455813644 0.01280422048007214 -0.013730035529787453 -0.010775850216589741 0.0043107542452034834 0.0029298939472750872 3.5000000000000004 1.6535201159496029 0.01160121495900907
decision_type=2 2 2 2 2 2 2 2 2
left_child=1 2 -1 -4 5 7 -7 8 -5
right_child=-2 -3 3 4 -6 6 -8 -9 -10
leaf_value=-0.00025549084675731138 0.00022618771802496797 -0.0003887588827637955 0.00026868465387311656 2.4582849174852979e-05 -0.00020366579136701631 0.00056110140139935532 -9.119900387304369e-06 -0.00032673051768063524 -0.00021428412762291443
leaf_weight=28 28 24 26 607 34 20 20 23 39
leaf_count=28 28 24 26 607 34 20 20 23 39
internal_value=-1.30961e-13 -7.71408e-06 3.7603e-06 1.31999e-05 4.25962e-06 1.42307e-05 0.000275991 -1.42017e-06 1.01621e-05
internal_weight=849 821 797 769 743 709 40 669 646
internal_count=849 821 797 769 743 709 40 669 646
is_linear=0
shrinkage=0.3


Tree=37
num_leaves=28
num_cat=0
split_feature=19 25 4 27 26 10 22 4 5 7 4 27 0 12 7 19 0 17 22 5 7 0 2 13 24 22 4
split_gain=1.24447e-05 4.85872e-05 5.35599e-05 2.45802e-05 3.51993e-05 3.53877e-05 3.28232e-05 3.02927e-05 3.42908e-05 5.05124e-05 3.15597e-05 0.000112177 3.2898e-05 3.1325e-05 2.69903e-05 2.59061e-05 5.60905e-05 4.61169e-05 4.49924e-05 4.33891e-05 2.30111e-05 2.29173e-05 2.14357e-05 2.11004e-05 2.06957e-05 1.53279e-05 1.06295e-05
threshold=0.27114250000000001 0.18333350000000004 24012000.000000004 0.7509045000000002 0.57097450000000016 -1.0505869463652941 0.43580150000000006 22361800.000000004 0.0048485021022386153 0.004613518642489739 16824850.000000004 0.8444370000000001 3.7452612934799534 -0.0033995918981713524 0.0043057500045495046 -0.052058499999999994 3.4058968042879236 0.0024331456343007199 0.34874900000000003 -0.0022754894870761614 -0.002275580003571523 3.5894014992126282 3.7171468304903938 0.01127449107320606 0.18333350000000004 0.072159000000000015 14971450.000000002
decision_type=2 2 2 2 2 2 2 2 2 2 2 2 2 2 2 2 2 2 2 2 2 2 2 2 2 2 2
left_child=3 2 25 4 5 -1 14 10 9 24 13 12 20 -5 23 17 -17 18 -15 -18 -12 -19 -10 -7 -9 26 -2
right_child=1 -3 -4 7 -6 6 -8 8 22 -11 11 -13 -14 15 -16 16 19 21 -20 -21 -22 -23 -24 -25 -26 -27 -28
leaf_value=0.00030343876622447911 8.710734311737016e-05 0.00051703032657314898 0.00040820374713141728 -0.00035863340456671717 -0.0003785861954848239 -0.00050925135127237388 0.00023150359582359669 -0.0002910972275588262 0.00026919868752075773 -0.00064170689476668482 7.5750510123643005e-05 0.00062714164626716717 0.0002445788219966775 -0.00058938579357345586 6.0133639971564446e-05 -0.0002329860488518736 0.00056917478926022465 -3.1032727666671334e-05 -8.0753936132775075e-05 0.00011313320298397325 -0.00033112810904577635 0.00025546276218015105 -0.00013492972606659999 -0.00015023337873572016 5.0755107588122118e-05 -0.00035067554599663706 -0.00019381280772821894
leaf_weight=22 27 20 22 20 36 26 20 28 27 20 22 36 29 20 26 27 28 54 72 57 29 47 21 34 37 20 22
leaf_count=22 27 20 22 20 36 26 20 28 27 20 22 36 29 20 26 27 28 54 72 57 29 47 21 34 37 20 22
internal_value=-4.52859e-13 9.3654e-05 6.04264e-07 -1.40862e-05 -0.000116514 -4.28068e-05 -0.000114669 1.51791e-05 -0.000110316 -0.000224787 5.30269e-05 0.000187359 -1.05427e-05 5.08055e-06 -0.000195174 2.89306e-05 0.000143704 -3.76737e-05 -0.000191326 0.000263359 -0.000155612 0.000102287 9.23925e-05 -0.000305808 -9.65044e-05 -0.000129355 -3.90201e-05
internal_weight=849 111 91 738 164 128 106 574 133 85 441 116 80 325 86 305 112 193 92 85 51 101 48 60 65 69 49
internal_count=849 111 91 738 164 128 106 574 133 85 441 116 80 325 86 305 112 193 92 85 51 101 48 60 65 69 49
is_linear=0
shrinkage=0.3


Tree=38
num_leaves=19
num_cat=0
split_feature=10 23 5 7 25 14 8 8 7 13 21 0 13 9 19 19 2 19
split_gain=1.33706e-05 2.6067e-05 2.10363e-05 3.14487e-05 2.43832e-05 3.25196e-05 2.31293e-05 3.69651e-05 2.70193e-05 4.54398e-05 8.57699e-05 3.94571e-05 2.80064e-05 3.35464e-05 2.77954e-05 5.58899e-05 2.11999e-05 1.70445e-05
threshold=-1.3805428261798076 0.38750000000000007 -0.0048484764608892712 -0.0067266317596114894 0.34848450000000003 0.014634132725648912 -0.026476206164096679 -0.016509956454866571 -1.0000000180025095e-35 0.0090261234578744784 0.45377450000000003 3.8712703664796115 0.018604659386214199 0.0032468787697031445 0.17362250000000004 -0.0063609999999999995 3.717990477209216 -0.33917549999999996
decision_type=2 2 2 2 2 2 2 2 2 2 2 2 2 2 2 2 2 2
left_child=1 17 3 -2 5 -5 -4 -8 11 10 -10 14 13 -11 15 -9 -6 -1
right_child=2 -3 6 4 16 -7 7 8 9 12 -12 -13 -14 -15 -16 -17 -18 -19
leaf_value=-8.1121994080035612e-05 0.00047117425147007451 9.1964220001574252e-05 -0.00031826349565692777 0.00011552369182431397 5.0823536426573162e-05 -0.00038919123665436922 0.00033864111641638113 -0.00011909197090998646 0.00059317959615906471 0.0001944283051947739 -0.00017153911308427763 -0.00042983121186677763 0.00026143333825823516 -8.6317881373778181e-05 -0.00027840690460212306 0.00026491981818039406 0.00043209856542359505 -0.00040477748653857916
leaf_weight=32 20 37 21 27 35 20 28 103 33 46 22 28 31 229 38 51 21 27
leaf_count=32 20 37 21 27 35 20 28 103 33 46 22 28 31 229 38 51 21 27
internal_value=-4.67602e-14 -0.00010544 1.34425e-05 0.000126924 6.00797e-05 -9.92486e-05 -8.71345e-06 1.96069e-06 -1.42649e-05 3.62394e-05 0.000287292 -9.71377e-05 -8.88451e-06 -3.93567e-05 -4.86199e-05 8.08076e-06 0.000193802 -0.000229236
internal_weight=849 96 753 123 103 47 630 609 581 361 55 220 306 275 192 154 56 59
internal_count=849 96 753 123 103 47 630 609 581 361 55 220 306 275 192 154 56 59
is_linear=0
shrinkage=0.3


Tree=39
num_leaves=25
num_cat=0
split_feature=9 13 5 15 26 13 26 12 9 4 25 22 22 11 13 6 16 20 5 6 22 27 15 19
split_gain=1.48638e-05 5.45846e-05 2.621e-05 2.78172e-05 3.54232e-05 3.40061e-05 3.12128e-05 2.63103e-05 2.41169e-05 4.41337e-05 2.13435e-05 2.09141e-05 2.49306e-05 2.84053e-05 3.26125e-05 2.47792e-05 5.93875e-05 2.32798e-05 3.91311e-05 2.41956e-05 3.20338e-05 1.80645e-05 1.4742e-05 8.63809e-06
threshold=0.0040760265377713907 0.0089441213232993953 0.0047113438466751473 0.0024096936510914556 0.45388300000000009 0.010489772798815361 0.34186500000000003 -8.5725297271577956e-05 0.0044833633435667512 15074550.000000002 0.47222200000000009 0.078506500000000021 0.17734450000000004 41.421519164998863 0.013497447583354716 -0.0066158630055094111 0.0043290203660974434 0.068146000000000012 0.0025840286731510999 -0.011752101661371127 0.36450650000000001 0.79099800000000009 -0.0024539889835855687 0.049574500000000007
decision_type=2 2 2 2 2 2 2 2 2 2 2 2 2 2 2 2 2 2 2 2 2 2 2 2
left_child=2 -2 3 4 6 7 23 -6 9 -3 -8 15 13 -13 -15 -10 -17 18 21 -19 -21 -14 -7 -1
right_child=1 8 -4 -5 5 22 10 -9 11 -11 -12 12 17 14 -16 16 -18 19 -20 20 -22 -23 -24 -25
leaf_value=8.1413947904925747e-06 0.00045884189894422888 -7.4443079426022107e-05 -0.00033635544735131716 0.0002696518669836223 0.00023567731244838794 -0.00022772479930856866 0.00045649523270350817 -0.00020295057914552218 -0.00014907832706480151 0.00053357915117625712 3.8609024407130413e-05 8.2028498997845277e-05 -0.0002599137606375734 -0.00011209127039182931 -0.00062605765546322803 1.4850015913207943e-05 0.00065068948402767989 0.00026473763017899424 -0.00044995289331731882 -9.6835214531343513e-05 0.00011159338976783797 7.7438012660422813e-05 -0.00058360059497317705 -0.0002541037486912501
leaf_weight=26 25 22 28 25 20 22 22 32 21 21 22 21 20 25 20 39 20 36 26 139 127 50 20 20
leaf_count=26 25 22 28 25 20 22 22 32 21 21 22 21 20 25 20 39 20 36 26 139 127 50 20 20
internal_value=9.8084e-13 2.47019e-05 -6.37873e-05 -2.7271e-05 -6.76138e-05 -0.000196413 6.69099e-05 -3.42475e-05 6.21217e-06 0.000222498 0.000247552 -1.0884e-05 -3.53085e-05 -0.000206073 -0.000340521 0.000130779 0.000230389 -6.99078e-06 -0.000135679 3.39166e-05 2.67769e-06 -1.89482e-05 -0.000397189 -0.000105878
internal_weight=849 612 237 209 184 94 90 52 587 43 44 544 464 66 45 80 59 398 96 302 266 70 42 46
internal_count=849 612 237 209 184 94 90 52 587 43 44 544 464 66 45 80 59 398 96 302 266 70 42 46
is_linear=0
shrinkage=0.3


Tree=40
num_leaves=23
num_cat=0
split_feature=11 11 27 11 14 3 29 16 6 12 12 14 0 16 17 11 18 24 20 5 11 11
split_gain=1.32503e-05 3.16011e-05 5.72933e-05 5.10144e-05 2.55754e-05 3.40144e-05 2.33078e-05 2.24231e-05 4.6785e-05 4.39304e-05 9.51851e-05 3.44723e-05 2.57378e-05 2.34617e-05 2.16774e-05 2.74182e-05 3.68366e-05 3.27458e-05 3.21743e-05 2.68152e-05 2.07055e-05 1.83297e-05
threshold=34.698899637350983 41.042667210475692 0.8157040000000001 42.858017285271238 0.027203767406232295 3.3201944828033452 1.5000000000000002 0.0022547384180809792 0.0024600405850141245 0.00047390263363799077 -1.2902637670788204e-05 0.016666651528978397 3.7649185067508175 0.0047904215182456222 0.0042644078090801505 18.182026322720407 0.36899853009071787 0.31666650000000002 0.20904650000000002 -0.0048250252412763784 26.136455942186725 16.954537406908397
decision_type=2 2 2 2 2 2 2 2 2 2 2 2 2 2 2 2 2 2 2 2 2 2
left_child=6 2 -2 -3 5 -5 -1 9 11 10 -7 -9 -11 -10 15 16 18 20 -8 -16 -17 -21
right_child=1 3 -4 4 -6 7 14 8 13 12 -12 -13 -14 -15 19 17 -18 -19 -20 21 -22 -23
leaf_value=0.00017330121498421898 0.0005100396059674494 -0.00035524797062862489 -3.8138545465158501e-05 0.00039314468900556674 0.00035715858968615066 2.3693029652349649e-05 -0.00012036595735480659 -1.6062936404523498e-05 -0.00012022051228465595 0.00012160119894057666 0.00081886672101973081 0.0003711764817126095 -0.00018967871192751988 -0.00042569297035118908 0.00027378913704784023 -0.0001905910756084433 -0.00037975076964357862 1.54750970819884e-05 0.00033104332857571231 -0.00030693703863237585 -0.00057113968302268574 5.376758417696692e-05
leaf_weight=35 32 34 37 20 20 42 30 150 72 45 20 24 51 33 28 22 20 23 27 21 31 32
leaf_count=35 32 34 37 20 20 42 30 150 72 45 20 24 51 33 28 22 20 23 27 21 31 32
internal_value=-3.72957e-13 2.55236e-05 0.000216089 -2.08286e-07 2.50985e-05 1.05664e-05 -5.50324e-05 -6.94295e-06 -5.80823e-05 8.336e-05 0.000280201 3.73494e-05 -4.37663e-05 -0.000216226 -8.91848e-05 -0.000155622 -2.94523e-05 -0.000283453 9.34595e-05 3.63084e-05 -0.000413176 -8.91531e-05
internal_weight=849 580 69 511 477 457 269 437 279 158 62 174 96 105 234 153 77 76 57 81 53 53
internal_count=849 580 69 511 477 457 269 437 279 158 62 174 96 105 234 153 77 76 57 81 53 53
is_linear=0
shrinkage=0.3


Tree=41
num_leaves=28
num_cat=0
split_feature=6 13 14 16 6 16 15 13 10 16 12 13 22 18 17 1 23 4 27 14 27 0 6 7 12 21 16
split_gain=1.12474e-05 5.44257e-05 3.68778e-05 2.83804e-05 3.0142e-05 2.57728e-05 2.1983e-05 2.22056e-05 3.04717e-05 2.45372e-05 2.75892e-05 2.42189e-05 3.3995e-05 3.56097e-05 2.02605e-05 1.83779e-05 1.98839e-05 1.75528e-05 2.31805e-05 1.62541e-05 1.40037e-05 1.35906e-05 1.34896e-05 1.30825e-05 2.46721e-05 2.29665e-05 1.04895e-05
threshold=0.0025542973351309678 0.0090572175149746404 0.0073619086584029315 0.0045766547941122034 0.0047903350033054 0.0072639153894628163 -0.013072115278322196 0.010209800695436219 1.130607919053791 0.0022935210409311441 0.0026932478666156627 0.015811595319127927 0.40043000000000006 -0.16919190855767377 0.0045402966681029116 3.6674322259562646 0.23611100000000004 24012000.000000004 0.83156450000000015 0.0072201628443379984 0.82625150000000014 3.8277264117099441 -0.0023585099882379832 0.0071345625305251365 -0.00032180036232318292 0.58603450000000012 0.0023810069847564736
decision_type=2 2 2 2 2 2 2 2 2 2 2 2 2 2 2 2 2 2 2 2 2 2 2 2 2 2 2
left_child=6 -2 -3 4 -4 -5 -1 8 15 17 11 12 20 -14 -13 16 -8 18 22 -17 -11 -21 -9 24 -6 -26 -18
right_child=1 2 3 5 23 -7 7 9 -10 10 -12 14 13 -15 -16 19 26 -19 -20 21 -22 -23 -24 -25 25 -27 -28
leaf_value=-0.00032376631903129494 0.0005157489377389928 -0.00034072516245942097 0.00043091629058835675 -0.00027039862784477008 0.00026557970939813035 0.00014372200317406427 -0.00041129204234623883 0.00013545121810634356 -0.00043281799447537526 6.2438710616940319e-05 0.00032760578509293155 -0.00027855131737721547 -6.9860958319623023e-05 0.00036575595546118597 9.4180932189504214e-05 -9.9312647405993724e-05 0.00010417743906145915 0.00012491307752497959 -0.00035071950094009348 0.00035193171934224662 -0.00013687224341547518 6.3835707676064761e-06 -0.00019313703821601598 0.0002664994074818779 -0.00018044455748185312 0.00019783936665589862 -0.00018731065167230552
leaf_weight=21 21 24 24 38 26 21 21 23 22 90 33 35 24 57 21 37 20 24 35 20 49 21 22 23 52 20 25
leaf_count=21 21 24 24 38 26 21 21 23 22 90 33 35 24 57 21 37 20 24 35 20 49 21 22 23 52 20 25
internal_value=-6.28291e-14 5.36006e-05 1.10343e-05 5.24178e-05 0.000123795 -0.000123 -2.22443e-05 -1.13082e-05 -0.000103977 2.59389e-05 6.83614e-05 3.73648e-05 8.22008e-05 0.000236684 -0.000138777 -5.37377e-05 -0.000170248 -0.000100105 -0.00016761 4.48477e-05 -7.82199e-06 0.000174944 -2.51919e-05 6.28779e-05 1.50892e-05 -7.53657e-05 -5.77604e-05
internal_weight=849 249 228 204 145 59 600 579 166 413 309 276 220 81 56 144 66 104 80 78 139 41 45 121 98 72 45
internal_count=849 249 228 204 145 59 600 579 166 413 309 276 220 81 56 144 66 104 80 78 139 41 45 121 98 72 45
is_linear=0
shrinkage=0.3


Tree=42
num_leaves=17
num_cat=0
split_feature=14 10 12 14 21 27 12 22 5 5 10 10 11 14 3 12
split_gain=1.00084e-05 4.18905e-05 2.65209e-05 2.00556e-05 1.20036e-05 1.23759e-05 1.79102e-05 1.76257e-05 1.87421e-05 2.12295e-05 1.62284e-05 4.63407e-05 2.58508e-05 2.16243e-05 1.98505e-05 1.10692e-05
threshold=0.0070588728960823341 0.70652502201974743 -0.0004986654754100204 0.0071428506552764824 0.057287500000000005 0.91830750000000017 -0.00016647113660503272 0.63466750000000005 0.01096516397289045 0.0074257594560389719 0.4917237607658605 0.27210853682286668 85.714759330951367 0.010191221740925582 3.7136596441268925 0.0014174808829250565
decision_type=2 2 2 2 2 2 2 2 2 2 2 2 2 2 2 2
left_child=1 2 -1 -2 -5 6 7 8 9 -6 11 13 14 -8 -12 -14
right_child=3 -3 -4 4 5 -7 10 -9 -10 -11 12 -13 15 -15 -16 -17
leaf_value=0.00019404623079383651 -0.00030712446125107817 0.00047714981883473229 -0.00020022306092708759 0.00020601538690243615 -2.7170643422453266e-05 -0.00019828668278933036 0.00019342702634598789 -0.00026511188298314889 0.00024974123509309716 -0.00034862288410295148 9.1905340703870649e-06 0.00052458380055863275 0.0003011554162575131 -2.8857485792994134e-05 -0.00024479937976893952 4.3791690974480928e-05
leaf_weight=28 20 20 34 24 245 30 62 32 20 20 58 21 21 108 53 53
leaf_count=28 20 20 34 24 245 30 62 32 20 20 58 21 21 108 53 53
internal_value=-3.99149e-13 9.96184e-05 -2.2166e-05 -1.06502e-05 -2.71247e-06 -9.6412e-06 -1.47473e-06 -5.40001e-05 -3.02963e-05 -5.14312e-05 4.28086e-05 0.000104147 -2.05194e-05 5.2211e-05 -0.000112084 0.000116827
internal_weight=849 82 62 767 747 723 693 317 285 265 376 191 185 170 111 74
internal_count=849 82 62 767 747 723 693 317 285 265 376 191 185 170 111 74
is_linear=0
shrinkage=0.3


Tree=43
num_leaves=21
num_cat=0
split_feature=5 20 5 18 13 23 5 20 7 29 6 26 25 7 21 6 19 12 9 25
split_gain=1.20136e-05 3.68907e-05 3.99684e-05 2.25738e-05 2.64963e-05 2.27089e-05 2.14207e-05 1.94693e-05 2.80143e-05 2.11928e-05 1.89168e-05 1.46332e-05 1.45565e-05 1.41846e-05 1.38687e-05 2.85096e-05 3.21258e-05 2.32163e-05 1.6964e-05 1.20329e-05
threshold=0.0046512588910139997 0.052899500000000009 0.0048019137753843111 0.40283972514737781 0.010262168313984479 0.34848450000000003 0.0034565940962772161 0.029891000000000004 0.0021551924385574826 7.5000000000000009 -0.0024154188002243069 0.46142200000000005 0.38750000000000007 -0.0023364571737108952 0.24524750000000003 -0.012469977132595327 -0.40588649999999998 -0.0039005328333081291 0.0076139556484566108 0.61250000000000016
decision_type=2 2 2 2 2 2 2 2 2 2 2 2 2 2 2 2 2 2 2 2
left_child=6 -2 -3 4 -4 10 7 8 -1 14 -6 -7 -5 -13 18 -16 -17 -18 19 -9
right_child=1 2 3 12 5 11 -8 9 -10 -11 -12 13 -14 -15 15 16 17 -19 -20 -21
leaf_value=0.00037630649870455576 -0.0002675217581984018 0.00049757515163426948 -0.00032318574165401509 6.6620137526611378e-05 2.9882139642722905e-05 -0.00026771142802317627 -0.00029311410625814456 5.2453338579844534e-05 -7.9746939445612955e-05 0.00022399461799821059 0.0004237020296776401 -0.00013710546998481731 0.00040795541641747818 0.00022019196221663149 0.00030163936953044864 0.00022769858904834298 0.00022974027860587026 -8.1580408689922956e-05 -0.00033837502334271055 -0.00019516765076497738
leaf_weight=27 27 21 20 22 23 21 25 38 22 29 21 20 23 20 24 38 23 344 28 33
leaf_count=27 27 21 20 22 23 21 25 38 22 29 21 20 23 20 24 38 23 344 28 33
internal_value=5.33685e-14 6.07143e-05 0.000107114 5.88807e-05 -6.71115e-06 5.35697e-05 -2.09758e-05 -9.74895e-06 0.000171548 -2.56979e-05 0.000217842 -6.49215e-05 0.00024108 4.15432e-05 -3.9412e-05 -1.60553e-05 -3.48817e-05 -6.20698e-05 -0.000140624 -6.26381e-05
internal_weight=849 218 191 170 125 105 631 606 49 557 44 61 45 40 528 429 405 367 99 71
internal_count=849 218 191 170 125 105 631 606 49 557 44 61 45 40 528 429 405 367 99 71
is_linear=0
shrinkage=0.3


Tree=44
num_leaves=30
num_cat=0
split_feature=22 3 0 17 17 17 3 8 0 22 15 12 27 20 9 9 27 5 2 21 21 19 12 4 4 18 13 16 10
split_gain=8.62892e-06 2.83162e-05 4.40756e-05 3.01517e-05 2.1484e-05 2.41827e-05 2.57913e-05 2.09027e-05 2.06519e-05 1.98444e-05 1.87639e-05 2.99421e-05 1.79082e-05 3.59365e-05 2.37356e-05 4.19109e-05 2.73456e-05 3.55199e-05 3.34108e-05 1.84652e-05 2.43914e-05 2.01134e-05 1.72124e-05 1.01276e-05 9.49948e-06 1.88241e-05 8.82685e-06 6.9115e-06 6.75987e-06
threshold=0.28587850000000009 3.8673537969589238 3.8879930580795268 0.0042826510920285265 0.0024155143005657061 0.0078127046568250581 3.706226229667664 0.030117411163504661 3.3919437976120173 0.31290350000000006 -0.0092167764786855125 -0.0010429327237557408 0.79099800000000009 0.087443500000000021 0.0038947670955003398 0.0044833633435667512 0.83256400000000019 -0.0048484764608892712 3.6947827140529235 0.26174300000000006 0.34354850000000003 -0.21229749999999997 -0.0013929845877041283 12573950.000000002 12423700.000000002 0.22658198247973552 0.012128587663774277 0.002522069679980329 0.61356725805932266
decision_type=2 2 2 2 2 2 2 2 2 2 2 2 2 2 2 2 2 2 2 2 2 2 2 2 2 2 2 2 2
left_child=1 4 -3 -4 8 6 22 9 -1 -2 -10 -12 13 27 23 -16 18 -18 -17 -15 -21 -22 -6 -14 -13 -26 28 -11 -24
right_child=7 2 3 -5 5 -7 -8 -9 10 12 11 24 14 19 15 16 17 -19 -20 20 21 -23 26 -25 25 -27 -28 -29 -30
leaf_value=-0.00019788762510870582 -0.00022480210448444873 0.00058385780925164 -0.00014717131289216921 0.00033511352001369226 -0.00027746096064852876 0.00022700702553265728 -0.00034822906534827776 -0.00028237924747776964 -0.00011578825721120334 -0.00044390040129655968 0.00049770814677520486 0.00027001355756510747 1.1794698300284586e-05 0.00022275161458570178 0.00041298343620093704 4.7641870256292783e-05 0.00018178694460532695 -0.00016279672631935684 0.00052668234831799055 -0.00028816131130692414 0.0002495663585670207 -0.00010095453379857217 0.00023260704219865146 -0.00022506949003400222 -0.00015022162576944817 0.00022236382858903633 -8.8377321653014578e-05 -0.00019449403633188921 -1.1094263245468027e-05
leaf_weight=20 36 20 28 20 23 20 35 27 22 20 22 20 33 28 33 38 42 75 20 28 26 34 21 32 26 23 37 20 20
leaf_count=20 36 20 28 20 23 20 35 27 22 20 22 20 33 28 33 38 42 75 20 28 26 34 21 32 26 23 37 20 20
internal_value=1.67919e-13 3.55054e-05 0.000209686 5.37807e-05 -5.47825e-06 -8.10037e-05 -0.000126299 -2.5763e-05 8.3108e-05 -1.08627e-05 0.000132842 0.00019295 7.09021e-06 -7.39942e-05 5.34241e-05 0.000102874 4.43962e-05 -3.91e-05 0.000212828 1.05586e-05 -5.69573e-05 5.09379e-05 -4.93931e-05 -0.000104815 9.57808e-05 2.46654e-05 1.78577e-05 -0.000319197 0.000113728
internal_weight=849 357 68 48 289 156 136 492 133 465 113 91 429 156 273 208 175 117 58 116 88 60 101 65 69 49 78 40 41
internal_count=849 357 68 48 289 156 136 492 133 465 113 91 429 156 273 208 175 117 58 116 88 60 101 65 69 49 78 40 41
is_linear=0
shrinkage=0.3


Tree=45
num_leaves=25
num_cat=0
split_feature=4 4 22 17 20 25 9 14 23 27 11 8 11 2 20 20 13 14 20 1 5 3 27 12
split_gain=8.08709e-06 3.31041e-05 2.03248e-05 1.93674e-05 1.62802e-05 1.59911e-05 1.56547e-05 1.72088e-05 2.08855e-05 1.21702e-05 4.54667e-05 3.80525e-05 2.78464e-05 1.3774e-05 2.75714e-05 2.02949e-05 2.81627e-05 1.94519e-05 1.5552e-05 1.36619e-05 1.36531e-05 1.19893e-05 9.46344e-06 9.39463e-06
threshold=20687900.000000004 20071000.000000004 0.057302500000000013 0.0090396433747771763 0.022872000000000003 0.58571450000000003 0.0049904694144599004 0.020642291108737398 0.40833350000000007 0.8489270000000001 12.772206809106409 0.0022298218915336797 66.666777350636735 3.5655069530134855 0.23366850000000003 0.26760000000000006 0.01437088748819511 0.0094562557145776386 0.34818100000000002 3.4155810020755517 0.0023837643431197848 3.7542821168899541 0.89106850000000015 -0.00070115337100326222
decision_type=2 2 2 2 2 2 2 2 2 2 2 2 2 2 2 2 2 2 2 2 2 2 2 2
left_child=1 4 -2 5 -1 6 -4 8 -8 10 -6 22 -13 14 19 16 -15 -17 -16 -12 -14 -7 23 -11
right_child=2 -3 3 -5 9 21 7 -9 -10 11 13 12 20 15 18 17 -18 -19 -20 -21 -22 -23 -24 -25
leaf_value=0.00025822045172390061 0.00015988461454981008 0.00038823646464152261 -0.00032113381832739551 -0.00036507788182916552 0.00033778315862166759 0.00018652592024799171 0.00018341940756986982 -0.00026176203807861179 -0.00014671784334388898 0.000125977060615069 -1.2279859486790718e-05 0.00045678338662410485 0.00024595176346338122 -9.7008306693169291e-05 -0.00027285197845685618 -0.00016691560724046376 -0.0004081502123881364 0.00013358206102188983 -6.9743420340273584e-06 0.00021387098930509242 -0.00010458770113473292 -0.00010020129390925701 -0.0001986909868719522 -0.00012236872782103511
leaf_weight=22 36 21 26 20 28 35 35 27 34 29 44 29 20 96 36 33 36 47 44 53 20 21 31 26
leaf_count=22 36 21 26 20 28 35 35 27 34 29 44 29 20 96 36 33 36 47 44 53 20 21 31 26
internal_value=8.59521e-13 1.80607e-05 -4.74672e-05 -8.51675e-05 4.97365e-06 -5.37169e-05 -0.000114638 -5.87115e-05 2.07431e-05 -4.76661e-06 -3.14456e-05 6.70086e-05 0.000232957 -5.80225e-05 3.75879e-06 -0.000109604 -0.000181865 9.62677e-06 -0.000126619 0.000111287 7.0682e-05 7.90032e-05 -6.61357e-05 8.57723e-06
internal_weight=849 615 234 198 594 178 122 96 69 572 417 155 69 389 177 212 132 80 80 97 40 56 86 55
internal_count=849 615 234 198 594 178 122 96 69 572 417 155 69 389 177 212 132 80 80 97 40 56 86 55
is_linear=0
shrinkage=0.3


Tree=46
num_leaves=21
num_cat=0
split_feature=5 19 7 4 24 26 19 7 16 13 17 0 19 29 8 19 13 10 16 10
split_gain=1.02454e-05 2.77727e-05 5.33067e-05 6.81071e-05 1.93534e-05 1.58535e-05 1.29725e-05 1.71224e-05 1.11746e-05 1.09216e-05 1.26304e-05 1.78864e-05 1.15975e-05 1.76076e-05 1.93308e-05 1.76205e-05 1.69346e-05 1.32955e-05 1.15134e-05 8.27408e-06
threshold=0.0046512588910139997 -0.21229749999999997 0.0045146751444975078 15987250.000000002 0.18333350000000004 0.097165000000000015 0.17362250000000004 -0.0023364571737108952 0.0024937036094549716 0.02274719577711758 0.0074722331760798703 3.6914338456266278 0.35990400000000006 1.5000000000000002 -0.010050357409807996 -0.059536499999999992 0.011905012819641852 -0.47612373108202388 0.0024095787505741093 1.06998932473394
decision_type=2 2 2 2 2 2 2 2 2 2 2 2 2 2 2 2 2 2 2 2
left_child=5 4 6 -4 8 -1 19 -8 -2 10 12 -12 13 14 -7 16 -15 -17 -14 -3
right_child=1 2 3 -5 -6 9 7 -9 -10 -11 11 -13 18 15 -16 17 -18 -19 -20 -21
leaf_value=-0.0002442788625355913 0.00014176851548108969 -2.2899282157595735e-05 1.3875256918254307e-05 0.00077879461697937739 -0.00033528128796288828 0.00040813869272824375 -0.00031545932329663624 7.709826846621581e-05 -0.00015908693050732835 0.0002086734377007815 -0.00038087157197878695 3.267045576649252e-06 -0.00031254491433563612 -0.00011889704549520381 -3.9716065982377459e-06 0.0001749336821432315 2.8026632651916747e-05 2.2916000177376968e-06 -1.9921332171758297e-06 0.00018666283187065765
leaf_weight=27 25 30 20 22 22 20 20 20 20 20 20 24 21 159 21 65 127 105 22 39
leaf_count=27 25 30 20 22 22 20 20 20 20 20 20 24 21 159 21 65 127 105 22 39
internal_value=1.10071e-13 5.60685e-05 0.000127395 0.000414547 -0.000104682 -1.93707e-05 1.67491e-05 -0.000119181 8.05498e-06 -9.31688e-06 -1.67823e-05 -0.000171341 -4.18859e-06 8.74332e-06 0.000197058 -8.18847e-06 -5.36547e-05 6.83018e-05 -0.000153657 9.55489e-05
internal_weight=849 218 151 42 67 631 109 40 45 604 584 44 540 497 41 456 286 170 43 69
internal_count=849 218 151 42 67 631 109 40 45 604 584 44 540 497 41 456 286 170 43 69
is_linear=0
shrinkage=0.3


Tree=47
num_leaves=19
num_cat=0
split_feature=10 10 22 27 11 7 18 14 17 2 2 21 21 24 21 3 18 12
split_gain=1.00661e-05 3.29603e-05 2.05793e-05 1.70074e-05 1.26184e-05 1.20074e-05 1.71199e-05 1.63499e-05 2.44847e-05 1.71053e-05 1.41773e-05 1.26351e-05 1.18404e-05 1.1274e-05 1.44019e-05 2.20068e-05 7.61097e-06 5.65981e-06
threshold=-1.1505519433243914 -1.0722119098991323 0.57599300000000009 0.92902450000000003 16.954537406908397 0.0075095132536939693 0.15644728583298614 0.0069930003861380418 0.0023529389325310257 3.8359553953849601 3.7915575752142678 0.4907915000000001 0.47725650000000003 0.35416650000000005 0.48149000000000003 3.6611889600753789 -0.3960497655780742 -0.001023704343975026
decision_type=2 2 2 2 2 2 2 2 2 2 2 2 2 2 2 2 2 2
left_child=2 -2 13 4 12 7 16 8 -6 10 -9 -11 -3 14 15 17 -7 -1
right_child=1 3 -4 -5 5 6 -8 9 -10 11 -12 -13 -14 -15 -16 -17 -18 -19
leaf_value=-4.5677916932618246e-06 0.00039481436731648496 6.2948127339515617e-06 -0.00028371302448704228 -0.00025540942948613189 0.00045092809876743039 -0.00011058301039156503 -0.00023031607877208827 3.0283055871805725e-05 3.6548100400647272e-05 -0.00019202315584955024 0.00023030834276141829 7.9980828178866594e-05 -0.00030527686654490283 -0.00017583624229983201 0.000256858503897612 -0.00023242097827928121 0.00012533064594890674 0.00021593832879344434
leaf_weight=20 20 23 32 22 21 20 38 359 33 51 35 22 21 29 21 28 32 22
leaf_count=20 20 23 32 22 21 20 38 359 33 51 35 22 21 29 21 28 32 22
internal_value=4.18351e-13 1.52547e-05 -6.99509e-05 4.04173e-06 1.27561e-05 2.39301e-05 -7.72566e-05 4.14096e-05 0.000197696 2.33379e-05 4.80518e-05 -0.000110049 -0.00014241 -1.29477e-05 3.89619e-05 -2.64071e-05 3.45946e-05 0.000110935
internal_weight=849 697 152 677 655 611 90 521 54 467 394 73 44 120 91 70 52 42
internal_count=849 697 152 677 655 611 90 521 54 467 394 73 44 120 91 70 52 42
is_linear=0
shrinkage=0.3


Tree=48
num_leaves=25
num_cat=0
split_feature=27 23 27 17 27 27 16 15 7 19 12 11 6 20 27 27 15 6 14 5 6 18 21 22
split_gain=6.16973e-06 2.17796e-05 9.52002e-06 2.16847e-05 2.47186e-05 1.33761e-05 1.27543e-05 1.71106e-05 2.04393e-05 2.79247e-05 1.90708e-05 2.64291e-05 1.67185e-05 2.17541e-05 1.25473e-05 1.96692e-05 1.80823e-05 2.17184e-05 1.75791e-05 2.30088e-05 1.30113e-05 1.25365e-05 1.18775e-05 1.10665e-05
threshold=0.67825750000000007 0.61250000000000016 0.7509045000000002 0.0046349959482040719 0.72073450000000017 0.72073450000000017 0.0025031303672190474 -0.0021738693460087925 -0.0086768955244905053 -0.098884499999999986 -0.0033995918981713524 28.571282769884764 0.0048251409412686077 0.047880500000000006 0.76296150000000018 0.80360150000000019 -0.0064379776400129438 0.0034565940962772161 0.0067719831569426564 0.0047903350033054 -0.002275580003571523 0.090496677158883085 0.45377450000000003 0.36450650000000001
decision_type=2 2 2 2 2 2 2 2 2 2 2 2 2 2 2 2 2 2 2 2 2 2 2 2
left_child=1 -1 3 4 -2 -5 14 8 -8 22 -9 -12 13 -13 -4 20 17 -17 -18 -20 -16 -6 -10 -22
right_child=2 -3 6 5 21 -7 7 10 9 -11 11 12 -14 -15 15 16 18 -19 19 -21 23 -23 -24 -25
leaf_value=-4.4788420516277634e-05 2.3233020049072086e-06 0.00033028682610992369 0.00018968934574249116 -9.9289109233983001e-05 -0.00018236183511362468 0.00021994881357790695 0.00022659386598785535 -0.00016237708338621816 -7.4423904535299352e-05 -0.00030759961437849722 0.00047078274603336469 -0.00012743895797029834 -0.00010514688957690461 0.0002191762085918082 -1.8013613034781882e-05 -1.7230435037713359e-05 0.0002084672595711626 0.00036289816286796397 -0.00015650447511971236 6.3278165412959751e-05 -0.00014281724402930455 -0.00050102443589821637 0.00019872093485584787 -0.00042714604404119945
leaf_weight=38 39 22 22 21 25 27 22 20 38 35 20 20 28 88 30 31 22 24 116 68 28 20 23 22
leaf_count=38 39 22 22 21 25 27 22 20 38 35 20 20 28 88 30 31 22 24 116 68 28 20 23 22
internal_value=-5.87114e-14 9.27392e-05 -7.05241e-06 -8.05711e-05 -0.000172487 8.02822e-05 7.71846e-06 5.41642e-05 -3.42241e-05 -9.39949e-05 0.000113425 0.000148784 0.000101431 0.000154988 -2.98988e-05 -4.40657e-05 -4.17591e-06 0.000148644 -4.49773e-05 -7.52805e-05 -0.000174206 -0.00032399 2.85651e-05 -0.000267922
internal_weight=849 60 789 132 84 48 657 294 118 96 176 156 136 108 363 341 261 55 206 184 80 45 61 50
internal_count=849 60 789 132 84 48 657 294 118 96 176 156 136 108 363 341 261 55 206 184 80 45 61 50
is_linear=0
shrinkage=0.3


Tree=49
num_leaves=27
num_cat=0
split_feature=22 2 21 16 17 10 17 2 24 14 11 26 16 0 12 21 11 2 29 26 0 20 23 13 13 8
split_gain=6.03458e-06 6.8932e-06 1.58632e-05 1.81734e-05 2.10657e-05 1.89674e-05 1.45997e-05 1.43356e-05 1.49917e-05 1.99363e-05 1.79922e-05 2.26365e-05 1.84523e-05 2.01466e-05 2.48703e-05 1.74154e-05 1.39382e-05 1.27192e-05 2.82847e-05 1.26236e-05 1.63397e-05 1.2297e-05 1.10717e-05 8.92978e-06 8.83298e-06 8.52852e-06
threshold=0.016902500000000004 3.4436926863937924 0.63609450000000012 0.0025062632680088117 0.0049019562011037429 0.46412968800443161 0.0049751493111186056 3.5571442198450307 0.31666650000000002 0.0069930003861380418 72.474864816673616 0.43090350000000005 0.0045300128543049245 3.7891856592421487 -0.00052456759393771702 0.5569550000000002 78.759336297604605 3.6541173449342814 4.5000000000000009 0.50624350000000018 3.8088945000918719 0.22632850000000002 0.38750000000000007 0.010659896522461642 0.011339024163194435 -0.0068493719078810541
decision_type=2 2 2 2 2 2 2 2 2 2 2 2 2 2 2 2 2 2 2 2 2 2 2 2 2 2
left_child=-1 2 3 4 23 6 21 16 9 -9 12 -12 13 14 -10 -15 24 18 -11 20 -19 -5 -21 -2 -3 -14
right_child=1 7 -4 5 -6 -7 -8 8 10 17 11 -13 25 15 -16 -17 -18 19 -20 22 -22 -23 -24 -25 -26 -27
leaf_value=-0.00013695676813897859 -0.00021687110373750331 0.00011506485848258307 0.00014987771322401904 -1.1562229581779156e-05 -0.00039857903040963443 0.0001971927129809902 0.00013373889469221468 0.00032923497474257596 -0.00012559432320813357 0.00038062477159166099 -6.0317878946610412e-05 0.00033160619251637916 0.00018704652424535848 -0.00028062163790829281 -0.00057264124410981562 6.4949940819393045e-05 -5.6637083762325343e-05 -4.2979672144684694e-05 -7.1012461012287526e-05 2.9075353168082071e-05 0.00023710007383334939 -0.00027256554976133883 -0.00012826970025209313 1.3989651032668342e-05 0.00037523304212220903 -8.3326587368251877e-05
leaf_weight=28 25 24 35 33 26 34 24 21 24 26 36 21 21 21 21 35 20 37 24 80 38 32 81 38 23 21
leaf_count=28 25 24 35 33 26 34 24 21 24 26 36 21 21 21 21 35 20 37 24 80 38 32 81 38 23 21
internal_value=-1.02278e-13 4.67088e-06 -3.72343e-05 -6.81254e-05 -0.000171385 6.59052e-06 -6.62238e-05 2.27032e-05 5.46841e-06 4.71062e-05 -5.84457e-05 8.40752e-05 -0.000115255 -0.000184748 -0.000334216 -6.46394e-05 0.000153122 2.63905e-05 0.000163839 -2.72993e-06 9.89274e-05 -0.000140056 -5.00858e-05 -7.76218e-05 0.000242381 5.186e-05
internal_weight=849 821 247 212 89 123 89 574 507 307 200 57 143 101 45 56 67 286 50 236 75 65 161 63 47 42
internal_count=849 821 247 212 89 123 89 574 507 307 200 57 143 101 45 56 67 286 50 236 75 65 161 63 47 42
is_linear=0
shrinkage=0.3


Tree=50
num_leaves=30
num_cat=0
split_feature=14 4 21 21 9 19 13 4 14 10 0 17 14 26 7 17 26 4 21 12 25 12 6 9 27 19 15 13 14
split_gain=6.12356e-06 2.30464e-05 3.6679e-05 3.87048e-05 1.89794e-05 1.31099e-05 1.03715e-05 1.13405e-05 1.45867e-05 1.19368e-05 1.1419e-05 1.13728e-05 1.10394e-05 1.15886e-05 1.87936e-05 1.18377e-05 1.05278e-05 1.6669e-05 1.03524e-05 1.00575e-05 2.70887e-05 1.54143e-05 1.44522e-05 1.3733e-05 1.07876e-05 1.04673e-05 8.4721e-06 5.9087e-06 5.90123e-06
threshold=0.010638288158590711 16555400.000000002 0.3913370000000001 0.30529650000000003 0.0056378719023478093 -0.57131799999999988 0.010169465251819195 15101200.000000002 0.014117689693675365 -1.4782283993709595e-05 3.7027621349823732 0.0048661752498318838 0.014687890358023549 0.50393100000000002 0.0021551924385574826 0.0046511581486920481 0.27412050000000004 24012000.000000004 0.44080200000000008 -0.001023704343975026 0.29285700000000009 0.0022076464962133865 -0.0048661699491563768 0.0038947670955003398 0.87980250000000015 -0.038280999999999996 -0.002328289666153394 0.0094409927164738287 0.014563093312173517
decision_type=2 2 2 2 2 2 2 2 2 2 2 2 2 2 2 2 2 2 2 2 2 2 2 2 2 2 2 2 2
left_child=1 5 3 -3 -4 -1 27 9 18 28 11 -11 -10 16 15 -15 -14 -18 26 20 -7 22 -21 -22 25 -24 -9 -2 -8
right_child=6 2 4 -5 -6 19 7 8 12 10 -12 -13 13 14 -16 -17 17 -19 -20 21 23 -23 24 -25 -26 -27 -28 -29 -30
leaf_value=-0.0002039351006715151 -5.6372640912221476e-05 0.00010342289198080026 -0.00016762901714173495 0.00064646437697644748 0.00018529044477872959 -0.00016312207353621488 4.1658515599280955e-05 -0.00018308215588728094 0.00018220230953235069 -9.4828427086213191e-05 0.00028519251925899878 0.00020747634402401411 -0.00010233611181571053 -0.00013701025166028556 -0.00033263515506405384 0.00013850577914854511 -2.723442544679115e-05 0.00028747144914242586 -0.00026520289651383981 0.00014012146139066317 0.00040425914369774068 0.0001511381362440391 -0.00023521051100174349 6.4353085981565521e-05 7.8061332549069726e-05 -4.8893828908844356e-05 8.0199478793474549e-05 -0.00028421496252121868 -0.00014484000322017191
leaf_weight=30 21 27 32 21 24 22 37 22 26 24 30 21 29 32 24 25 33 28 38 25 23 35 58 20 23 51 22 20 26
leaf_count=30 21 27 32 21 24 22 37 22 26 24 30 21 29 32 24 25 33 28 38 25 23 35 58 20 23 51 22 20 26
internal_value=5.53972e-13 2.75749e-05 0.000148567 0.000341004 -1.63778e-05 -1.62691e-05 -2.3541e-05 -9.38527e-06 -4.41795e-05 6.09596e-05 0.000141825 4.62471e-05 7.63962e-08 -2.76153e-05 -0.000109937 -1.61699e-05 4.64746e-05 0.000117221 -0.000150502 5.63745e-06 0.000107636 -2.88933e-05 -6.90277e-05 0.000246163 -0.000108639 -0.000148035 -5.14413e-05 -0.000167515 -3.53091e-05
internal_weight=849 391 104 48 56 287 458 417 279 138 75 45 197 171 81 57 90 61 82 257 65 192 157 43 132 109 44 41 63
internal_count=849 391 104 48 56 287 458 417 279 138 75 45 197 171 81 57 90 61 82 257 65 192 157 43 132 109 44 41 63
is_linear=0
shrinkage=0.3


Tree=51
num_leaves=20
num_cat=0
split_feature=21 7 8 7 13 2 2 9 7 22 19 13 29 4 19 16 2 2 7
split_gain=6.59167e-06 7.06696e-06 7.05591e-06 1.4775e-05 4.70337e-05 1.71969e-05 1.76376e-05 1.67693e-05 1.36184e-05 1.033e-05 1.15943e-05 1.03143e-05 1.05057e-05 1.14569e-05 9.7457e-06 9.74521e-06 8.09951e-06 1.06647e-05 6.95455e-06
threshold=0.065615500000000007 -0.013483471397206202 0.012121661648152048 0.0024066484704596 0.0096969671170238237 3.4329627458264933 3.6059818634162339 0.0040760265377713907 0.0023557288057373441 0.058806000000000004 0.12877350000000001 0.019124898829397333 7.5000000000000009 29897700.000000004 -0.078337999999999991 0.0024937036094549716 3.5720196524291126 3.7907136370101004 0.0022651040202094517
decision_type=2 2 2 2 2 2 2 2 2 2 2 2 2 2 2 2 2 2 2
left_child=-1 -2 3 8 -5 15 -7 -8 11 -4 14 12 13 -3 16 -6 -11 -18 -16
right_child=1 2 9 4 5 6 7 -9 -10 10 -12 -13 -14 -15 18 -17 17 -19 -20
leaf_value=0.00013144778362898663 -0.00013341923062201917 -1.6388207783301429e-05 0.00010891944902757512 0.00049013555649055529 -0.0002786026680951181 0.00035169479459000284 -0.00019373547526941234 0.00011708590286989271 -0.00022388060382441975 4.7956567387325989e-06 -0.00024500343455832578 -0.00020948483332176694 0.00022317318749628612 0.00018368202382979299 0.00018475334806641077 -4.4178648360165032e-06 -0.00033204726230747915 -3.9883784682553429e-05 -4.1712753199345358e-05
leaf_weight=33 37 322 31 23 20 20 21 61 26 34 31 20 20 28 23 28 23 22 26
leaf_count=33 37 322 31 23 20 20 21 61 26 34 31 20 20 28 23 28 23 22 26
internal_value=-4.90099e-13 -5.3159e-06 7.68593e-07 1.69848e-05 9.06651e-05 2.94129e-05 9.9095e-05 3.74853e-05 -1.36563e-05 -4.95015e-05 -8.03886e-05 3.58618e-07 1.17015e-05 -3.82589e-07 -4.0521e-05 -0.000118662 -0.000105715 -0.000189212 6.45877e-05
internal_weight=849 816 779 589 173 150 102 82 416 190 159 390 370 350 128 48 79 45 49
internal_count=849 816 779 589 173 150 102 82 416 190 159 390 370 350 128 48 79 45 49
is_linear=0
shrinkage=0.3


Tree=52
num_leaves=12
num_cat=0
split_feature=7 27 15 6 17 20 19 10 15 22 14
split_gain=4.98085e-06 8.6609e-06 7.41432e-06 6.10046e-06 5.4713e-06 7.9265e-06 2.14779e-05 7.51658e-06 9.05285e-06 9.05192e-06 5.35852e-06
threshold=-0.012062952695360634 0.93106800000000012 -0.0022753137021885345 -0.013363769634779895 0.0089287408237061026 0.5555770000000001 0.36957600000000007 0.52962104687200517 -0.0023865756343954005 0.38755100000000003 0.011933105779209396
decision_type=2 2 2 2 2 2 2 2 2 2 2
left_child=2 3 -1 -2 5 6 7 9 -9 -5 -7
right_child=1 -3 -4 4 -6 10 -8 8 -10 -11 -12
leaf_value=-5.5081428072298877e-05 -0.00012841511118040215 -0.00017622546360004118 0.00017640362950094806 -1.7631128918504111e-05 0.00012114765700451764 -4.0271126636071132e-06 0.00027526306922272151 0.0001325429529970279 -7.0905724545235888e-05 7.1272236871349037e-05 -0.00021057507057356325
leaf_weight=20 32 26 33 243 35 20 26 22 187 179 26
leaf_count=20 32 26 33 243 35 20 26 22 187 179 26
internal_value=-1.69345e-13 -5.92926e-06 8.90508e-05 -1.78999e-07 5.38137e-06 -3.82239e-07 8.04685e-06 -2.96364e-06 -4.94901e-05 2.00791e-05 -0.000120772
internal_weight=849 796 53 770 738 703 657 631 209 422 46
internal_count=849 796 53 770 738 703 657 631 209 422 46
is_linear=0
shrinkage=0.3


Tree=53
num_leaves=18
num_cat=0
split_feature=22 19 5 13 21 22 19 0 10 5 8 22 17 1 21 20 18
split_gain=5.15743e-06 6.25888e-06 5.82335e-06 1.66154e-05 1.04387e-05 1.18961e-05 1.2739e-05 1.08018e-05 1.70168e-05 1.02747e-05 9.6952e-06 8.37583e-06 1.02295e-05 7.79509e-06 7.77687e-06 1.08157e-05 4.80395e-06
threshold=0.79071000000000013 -0.61888749999999992 0.0046512588910139997 0.0094409927164738287 0.27396200000000004 0.29067000000000004 0.065380500000000022 3.6154746017826391 1.0434944787791198 0.0025000937704678467 0.016707142150632948 0.016902500000000004 0.0074722331760798703 3.7291284528588249 0.20049800000000004 0.29116350000000008 -0.036811642670703679
decision_type=2 2 2 2 2 2 2 2 2 2 2 2 2 2 2 2 2
left_child=1 -1 9 -4 10 6 -6 -7 -9 11 -5 -3 14 -8 16 -16 -13
right_child=-2 2 3 4 5 7 13 8 -10 -11 -12 12 -14 -15 15 -17 -18
leaf_value=-0.00014967028585558112 0.00011276182731048072 -0.00019056769139881778 0.0003028828765309299 0.00028442876292419071 0.00020371909781715657 -0.00025594634507797309 9.0713048309680729e-05 0.00016787194864181483 -0.0002096767407887715 -0.00016427139437311667 -5.5026040562162445e-07 -0.00021349621065382962 -0.00014932420579842417 -0.00016537371772321183 -2.8823606009664857e-06 0.00010211233669817775 -1.7928277940462487e-05
leaf_weight=26 35 21 20 22 32 28 20 22 21 39 21 20 37 23 313 123 26
leaf_count=26 35 21 20 22 32 28 20 22 21 39 21 20 37 23 313 123 26
internal_value=-9.40033e-13 -4.84848e-06 -7.00981e-08 4.2855e-05 1.53388e-05 -2.29236e-05 6.03957e-05 -0.000110937 -1.65123e-05 -1.55646e-05 0.000145253 -4.8247e-06 2.69091e-06 -4.62636e-05 1.43601e-05 2.67377e-05 -0.000102958
internal_weight=849 814 788 209 189 146 75 71 43 579 43 540 519 43 482 436 46
internal_count=849 814 788 209 189 146 75 71 43 579 43 540 519 43 482 436 46
is_linear=0
shrinkage=0.3


Tree=54
num_leaves=31
num_cat=0
split_feature=6 13 18 14 6 16 12 24 21 16 29 0 18 4 3 21 12 7 12 19 18 26 2 0 13 23 17 8 27 17
split_gain=4.56606e-06 2.03917e-05 1.40516e-05 1.45568e-05 1.11227e-05 1.50501e-05 1.71523e-05 9.8826e-06 1.05252e-05 8.60998e-06 6.78178e-06 8.93373e-06 7.4024e-06 1.08262e-05 2.22302e-05 1.55561e-05 1.54638e-05 1.19806e-05 1.22657e-05 1.32997e-05 1.27839e-05 1.12847e-05 1.08904e-05 1.03374e-05 9.73288e-06 1.02338e-05 9.03882e-06 8.49943e-06 6.46972e-06 6.12842e-06
threshold=0.0025000937704678467 0.0090261234578744784 -0.6761406003852789 0.0074906707499064317 0.0089787214844812106 0.0047058778650620929 0.00013021381023873001 0.13392850000000003 0.49541450000000004 0.0022779022249179329 6.5000000000000009 3.7612430241348775 -0.37815308254244112 19010450.000000004 3.7120234966278081 0.37388050000000006 -0.0026098106076506305 -0.0024448618366518385 0.0012436799486454625 -0.22466049999999996 -0.051700908288026648 0.66694200000000003 3.7465051608597602 3.5894014992126282 0.010615204064316512 0.18333350000000004 0.002347471442380838 0.010350263003960726 0.86443100000000006 0.0024631105967428788
decision_type=2 2 2 2 2 2 2 2 2 2 2 2 2 2 2 2 2 2 2 2 2 2 2 2 2 2 2 2 2 2
left_child=10 -2 -3 -4 5 6 -5 -6 -9 -8 12 -12 24 16 15 21 -14 22 20 -20 -19 -15 23 -18 -1 -26 -17 28 -16 -27
right_child=1 2 3 4 7 -7 9 8 -10 -11 11 -13 13 14 27 26 17 18 19 -21 -22 -23 -24 -25 25 29 -28 -29 -30 -31
leaf_value=-0.00021320448322055262 0.00032406333373728556 0.00018179630622701856 -0.00024095874014165019 0.00031533665562164968 7.5230457704575124e-05 -9.9860529205346072e-05 0.00018087194628606086 -0.00031846264216503847 -2.8215752852544107e-05 -7.3243826882389833e-05 -1.3714478902215887e-05 -0.00024715779124380785 0.00026606414556024701 -0.00044535418368468521 0.00021268828450582289 0.00012198800846817902 -3.1705374541551069e-05 0.00026370186212891267 -0.00024356755675398743 7.0216760709187041e-05 5.3340116170812296e-05 -0.00013723235905395678 0.00010931540600722656 -0.00030650786337156947 0.00016795059252672218 1.672232435969188e-05 -0.00016323008909239434 -9.1880193810668843e-05 -2.3454187703464408e-06 -0.00019130671735729266
leaf_weight=32 20 36 24 30 22 35 20 22 23 30 36 25 27 20 34 20 28 39 20 31 78 23 20 22 20 26 20 21 20 25
leaf_count=32 20 36 24 30 22 35 20 22 23 30 36 25 27 20 34 20 28 39 20 31 78 23 20 22 20 26 20 21 20 25
internal_value=8.99301e-14 3.29311e-05 8.87063e-06 -2.13494e-05 7.61008e-06 6.42183e-05 0.000136003 -8.95533e-05 -0.000170114 2.84025e-05 -1.46984e-05 -0.000109388 -3.71729e-06 1.38443e-05 -4.83118e-05 -0.00015528 5.09033e-05 2.64943e-05 6.99421e-05 -5.28359e-05 0.000123461 -0.000280545 -7.77802e-05 -0.000152618 -7.5839e-05 -1.39278e-05 -2.0621e-05 7.00668e-05 0.000133046 -8.52527e-05
internal_weight=849 262 242 206 182 115 80 67 45 50 587 61 526 423 158 83 265 238 168 51 117 43 70 50 103 71 40 75 54 51
internal_count=849 262 242 206 182 115 80 67 45 50 587 61 526 423 158 83 265 238 168 51 117 43 70 50 103 71 40 75 54 51
is_linear=0
shrinkage=0.3


Tree=55
num_leaves=25
num_cat=0
split_feature=13 13 2 9 21 9 27 9 4 18 0 21 26 14 20 17 17 4 23 9 9 13 21 20
split_gain=6.58401e-06 6.68079e-06 6.54512e-06 2.14982e-05 1.97766e-05 5.4736e-06 1.29281e-05 3.98856e-05 9.73508e-06 6.42921e-06 6.20888e-06 5.96478e-06 1.89794e-05 1.66713e-05 5.77416e-06 1.75317e-05 6.66736e-06 1.25627e-05 9.36736e-06 7.18004e-06 7.09427e-06 6.97292e-06 6.18759e-06 4.60345e-06
threshold=0.0080988132908970164 0.0070756839210934256 3.8720006610055751 0.0059847819750379 0.43022000000000005 0.0055639783297264682 0.88148700000000013 0.0041072129252425335 22854750.000000004 -0.59342689260598769 3.8634372275421818 0.31642300000000007 0.44500350000000005 0.012106467920636708 0.047880500000000006 0.0024510365364792128 0.0024038439495323149 20301650.000000004 0.18333350000000004 0.0073172990078264949 0.010681538514092348 0.012667480846342487 0.4907915000000001 0.26350100000000004
decision_type=2 2 2 2 2 2 2 2 2 2 2 2 2 2 2 2 2 2 2 2 2 2 2 2
left_child=1 -1 5 -4 -5 6 8 -8 9 -2 14 13 -13 -11 15 -7 17 19 22 -16 -19 -20 -18 -3
right_child=2 23 3 4 -6 10 7 -9 -10 11 -12 12 -14 -15 16 -17 18 20 21 -21 -22 -23 -24 -25
leaf_value=5.6142309622373434e-05 0.000156631617736431 -6.4770386192181971e-05 -9.2565294245616769e-05 0.00044973422986004151 3.7545932462473332e-05 -0.00032090916605998892 -5.8159355778895714e-05 0.00049653799944280761 -0.00017888494890030415 0.00023667378656682558 -0.00017799975439629633 5.6331151912066463e-05 -0.00018020283981485944 -9.153718344280675e-05 -0.00010478391287783186 2.0643394595696774e-05 0.00020629367994843048 0.00025933388957128045 1.4915891247534201e-05 5.454216564095603e-05 4.5231286143322139e-05 -0.00012572667050335439 -2.4264377696619538e-05 -0.00025123036208573132
leaf_weight=20 28 26 32 20 22 21 28 20 24 30 22 81 49 26 46 38 20 30 49 57 26 90 22 22
leaf_count=20 28 26 32 20 22 21 28 20 24 30 22 81 49 26 46 38 20 30 49 57 26 90 22 22
internal_value=6.06276e-13 -8.95331e-05 7.79546e-06 9.26839e-05 0.000233826 -1.08961e-06 3.09366e-05 0.000172965 2.29234e-06 2.26113e-05 -2.28461e-05 2.43619e-06 -3.2824e-05 8.42901e-05 -1.42913e-05 -0.000100926 7.4238e-07 4.55652e-05 -3.86324e-05 -1.66132e-05 0.000159929 -7.61476e-05 8.55252e-05 -0.000150231
internal_weight=849 68 781 74 42 707 286 48 238 214 421 186 130 56 399 59 340 159 181 103 56 139 42 48
internal_count=849 68 781 74 42 707 286 48 238 214 421 186 130 56 399 59 340 159 181 103 56 139 42 48
is_linear=0
shrinkage=0.3


Tree=56
num_leaves=31
num_cat=0
split_feature=12 13 6 21 12 5 12 8 8 6 3 9 5 12 12 0 15 20 3 13 20 18 27 9 1 13 13 26 6 22
split_gain=4.19682e-06 1.73009e-05 7.956e-06 1.69258e-05 2.69585e-05 8.01232e-06 1.67895e-05 1.17023e-05 9.14014e-06 9.97047e-06 8.68956e-06 1.09815e-05 1.2145e-05 9.58817e-06 6.8789e-06 8.90548e-06 6.80443e-06 1.34915e-05 1.04343e-05 9.01637e-06 1.02941e-05 2.14531e-05 1.16099e-05 8.08211e-06 6.37379e-06 5.43265e-06 5.41704e-06 5.3873e-06 4.83417e-06 4.53025e-06
threshold=0.00027839489000125841 0.0089441213232993953 -0.0086208494431805668 0.3913370000000001 -0.0028968737558724409 -0.0022727356932843224 -0.00089339670569983502 0.0023951633097359067 0.012820605234563296 0.0022651040202094517 3.5853704214096074 0.0073726949862120902 -0.0025575584081509828 -0.0013596081086446746 -0.0025673670356300528 3.6761234914816496 -0.0023752379938407043 0.29116350000000008 3.884805560112 0.010551536929795295 0.18660850000000004 -0.09568455714577602 0.80582900000000013 0.0043401940155078358 3.7826781091749893 0.013027894563285935 0.012854170756584923 0.48833950000000009 -0.0047336947217821853 0.44404150000000003
decision_type=2 2 2 2 2 2 2 2 2 2 2 2 2 2 2 2 2 2 2 2 2 2 2 2 2 2 2 2 2 2
left_child=2 -2 3 4 -1 7 14 10 9 28 11 12 -4 24 27 -16 17 23 19 -18 21 -21 26 -3 -12 -24 -22 -7 -8 -25
right_child=1 16 5 -5 -6 6 8 -9 -10 -11 13 -13 -14 -15 15 -17 18 -19 -20 20 22 -23 25 29 -26 -27 -28 -29 -30 -31
leaf_value=0.00019687383730342844 0.00027072830134784449 0.00015770300352332096 -0.00010833894121578152 0.00022096133076653738 -0.00027936451572357961 -0.00019115949741552122 -0.00024082445749627366 0.00022832940650005184 2.3227591139272718e-05 -0.00032799242008794944 -0.00029945463927236101 0.00024836192330212725 0.00017042817109995666 2.153390144307994e-05 -3.9686945043083163e-05 0.00016989761170407291 -0.00013179783739663737 0.00022787130771823944 -0.0001825922257125967 -5.3353608891484327e-05 -1.8846549314080871e-05 0.00029976991276043919 -2.2836800944787679e-05 6.1946659207023913e-06 -6.8390050539464514e-05 0.00019828266104013892 -0.0002237054633321979 2.3972487433638886e-05 -5.8607155254943982e-05 -0.00016329246156436222
leaf_weight=20 24 22 39 36 23 22 20 20 21 33 21 20 22 41 37 36 36 33 32 30 21 32 20 40 22 20 26 20 38 22
leaf_count=20 24 22 39 36 23 22 20 20 21 33 21 20 22 41 37 36 36 33 32 30 21 32 20 40 22 20 26 20 38 22
internal_value=4.33778e-13 2.47017e-05 -1.80106e-05 6.91987e-05 -5.78583e-05 -3.47328e-05 -7.25009e-05 1.16097e-05 -0.000155174 -0.000196344 -1.46594e-05 5.54499e-05 -7.79998e-06 -8.22647e-05 8.01598e-06 6.36698e-05 7.02313e-06 6.53382e-05 -2.44186e-05 2.9411e-06 3.54955e-05 0.000128904 -3.10713e-05 1.48594e-06 -0.000181236 8.77229e-05 -0.000132173 -8.87157e-05 -0.000121441 -5.39459e-05
internal_weight=849 358 491 79 43 412 227 185 112 91 165 81 61 84 115 73 334 117 217 185 149 62 87 84 43 40 47 42 58 62
internal_count=849 358 491 79 43 412 227 185 112 91 165 81 61 84 115 73 334 117 217 185 149 62 87 84 43 40 47 42 58 62
is_linear=0
shrinkage=0.3


Tree=57
num_leaves=20
num_cat=0
split_feature=21 11 11 27 11 17 11 21 24 14 5 2 14 26 26 13 9 8 8
split_gain=4.97689e-06 4.19599e-06 1.01849e-05 1.43454e-05 1.01953e-05 7.08245e-06 7.656e-06 9.2785e-06 7.9914e-06 7.9642e-06 6.86754e-06 6.74464e-06 6.66505e-06 5.73598e-06 1.01938e-05 7.44242e-06 4.78146e-06 4.31044e-06 3.73552e-06
threshold=0.046590000000000006 33.333743943722908 41.042667210475692 0.82217600000000013 42.858017285271238 0.0042644078090801505 12.500112083749039 0.51096550000000007 0.31666650000000002 0.010000020265579225 -0.0048250252412763784 3.3039723474212344 0.027055203619915438 0.63991100000000001 0.4731895000000001 0.01199997720965904 0.0042041330362290975 -0.0098434335608839161 -0.014354603579915406
decision_type=2 2 2 2 2 2 2 2 2 2 2 2 2 2 2 2 2 2 2
left_child=-1 5 3 -3 -4 6 7 9 16 -2 -7 -6 13 14 -13 -15 -8 -12 -18
right_child=1 2 4 -5 11 10 8 -9 -10 -11 17 12 -14 15 -16 -17 18 -19 -20
leaf_value=0.00014422878770606725 0.00023145234954426996 0.00024970643773940536 -0.00016536009839827868 -2.4131483364313181e-05 0.00015565694224138634 0.00015030763761387787 -8.1287911341170331e-05 -0.00014925299474271013 -1.5000110163652736e-06 -3.3068367422726754e-05 -9.0031925022534176e-05 -3.3296917821555209e-05 0.00016766989040661428 -0.00016663705856553122 7.2959522001574362e-05 1.9682038034391421e-05 -0.00015839744877439442 8.099260672419664e-05 -0.00033394810008758214
leaf_weight=21 20 36 33 33 26 30 29 21 35 21 36 214 20 43 131 35 24 21 20
leaf_count=21 20 36 33 33 26 30 29 21 35 21 36 214 20 43 131 35 24 21 20
internal_value=-5.21332e-13 -3.65798e-06 1.06696e-05 0.00011874 -4.1848e-06 -3.54908e-05 -7.1118e-05 1.2908e-05 -0.000119355 9.59661e-05 3.41256e-05 7.15589e-06 -1.55975e-06 -9.56115e-06 7.04973e-06 -8.30323e-05 -0.000175861 -2.70229e-05 -0.000238193
internal_weight=849 828 571 69 502 257 170 62 108 41 87 469 443 423 345 78 73 57 44
internal_count=849 828 571 69 502 257 170 62 108 41 87 469 443 423 345 78 73 57 44
is_linear=0
shrinkage=0.3


Tree=58
num_leaves=12
num_cat=0
split_feature=12 7 3 12 12 29 0 1 27 22 18
split_gain=4.14559e-06 4.16317e-06 6.36503e-06 4.99737e-06 7.81244e-06 4.78945e-06 4.46472e-06 1.51963e-05 6.31681e-06 6.05547e-06 5.37852e-06
threshold=-0.0054142107985138306 -0.012062952695360634 3.6828887462615971 -0.0039005328333081291 -0.0033995918981713524 8.5000000000000018 3.8629084828415365 3.9047152925177371 0.93106800000000012 0.030946500000000005 0.34144626151948815
decision_type=2 2 2 2 2 2 2 2 2 2 2
left_child=-1 2 -2 -3 -5 6 8 -8 9 -6 -9
right_child=1 3 -4 4 5 -7 7 10 -10 -11 -12
leaf_value=-0.00013496553212462458 0.00020786013311325488 0.00012012602674076333 -9.5231856297080721e-06 -0.00018719527496224535 -0.00012087561760226224 0.00013312367953245563 0.00024033848601123149 -6.7106747595640956e-05 -0.00017002606119089964 -1.2857196222487095e-06 0.00011456486978204338
leaf_weight=20 22 29 27 21 41 23 28 55 23 540 20
leaf_count=20 22 29 27 21 41 23 28 55 23 540 20
internal_value=5.48429e-13 3.25611e-06 8.80775e-05 -2.07242e-06 -6.79113e-06 -1.60142e-06 -5.98428e-06 5.17466e-05 -1.58291e-05 -9.72494e-06 -1.8661e-05
internal_weight=849 829 49 780 751 730 707 103 604 581 75
internal_count=849 829 49 780 751 730 707 103 604 581 75
is_linear=0
shrinkage=0.3


Tree=59
num_leaves=26
num_cat=0
split_feature=21 7 16 24 24 9 6 14 11 10 26 7 2 17 12 11 1 18 19 19 6 6 20 22 8
split_gain=3.78826e-06 5.1324e-06 3.58807e-06 6.8864e-06 1.33334e-05 1.08536e-05 2.5738e-05 1.25948e-05 1.04837e-05 1.17079e-05 1.07589e-05 1.05298e-05 1.00446e-05 5.85829e-06 5.49357e-06 1.85519e-05 8.27991e-06 7.79696e-06 7.62936e-06 6.48614e-06 9.05523e-06 1.15033e-05 5.19817e-06 4.28245e-06 3.08785e-06
threshold=0.051922000000000003 -0.016001680032316123 0.0045300128543049245 0.10555550000000001 0.18333350000000004 0.006434064701751732 0.0024066484704596 0.012552588624590435 72.474864816673616 0.41697431689581949 0.42446200000000006 -0.0045146751444974922 3.8211023974789837 0.0041753793859719435 0.00047390263363799077 62.499979509607549 3.3895077502592863 -0.10440920741114661 0.0082185000000000018 -0.36547099999999993 -0.0074814133318572259 -0.0025031981487772669 0.14174150000000002 0.3281715 -0.0023584204218377322
decision_type=2 2 2 2 2 2 2 2 2 2 2 2 2 2 2 2 2 2 2 2 2 2 2 2 2
left_child=-1 -2 3 5 -5 6 23 -7 9 12 22 -11 -6 -9 16 -16 17 -4 -17 -18 -21 -22 -10 -3 -25
right_child=1 2 14 4 8 7 -8 13 10 11 -12 -13 -14 -15 15 18 19 -19 -20 20 21 -23 -24 24 -26
leaf_value=0.00011504842940485103 -0.00014989891424193046 -6.1444934029471676e-05 2.1689276818506186e-05 -0.00022659546948195766 -5.4065964585940186e-05 -0.00017312936433881986 0.00036927579185430659 0.00017551321543578526 9.1022898380866874e-05 -3.8948443022945864e-05 0.0001970499225509619 -0.00031451296149148574 0.00012117893535056233 -4.1455764971942692e-05 0.00026745764946760819 -0.00014932069458036096 -8.5626966510091968e-05 -0.00023442822487635092 8.5807339696152162e-05 0.00022432096806229449 -0.000176699280837056 8.4955219886656018e-05 -0.00010236149988988222 -4.4800562549922191e-06 0.00015112058238173632
leaf_weight=25 21 36 20 31 144 39 24 21 22 24 35 26 37 24 33 23 31 23 27 26 20 62 29 22 24
leaf_count=25 21 36 20 31 144 39 24 21 22 24 35 26 37 24 33 23 31 23 27 26 20 62 29 22 24
internal_value=-1.09589e-13 -3.49055e-06 3.38314e-07 -1.3736e-05 -3.88151e-05 3.21986e-05 9.60277e-05 -4.83477e-05 -2.04518e-05 -5.37402e-05 6.89624e-05 -0.000182242 -1.82424e-05 5.97964e-05 2.89117e-05 9.28738e-05 -2.57782e-07 -0.000115304 -2.23516e-05 3.5332e-05 7.00517e-05 2.1137e-05 -1.89408e-05 1.60526e-05 7.67029e-05
internal_weight=849 824 803 538 348 190 106 84 317 231 86 50 181 45 265 83 182 43 50 139 108 82 51 82 46
internal_count=849 824 803 538 348 190 106 84 317 231 86 50 181 45 265 83 182 43 50 139 108 82 51 82 46
is_linear=0
shrinkage=0.3


Tree=60
num_leaves=24
num_cat=0
split_feature=19 6 19 16 16 18 1 13 8 11 27 7 3 6 18 22 26 18 0 17 5 1 6
split_gain=3.98018e-06 1.38214e-05 7.1522e-06 6.51387e-06 7.91229e-06 4.51948e-06 4.42868e-06 9.68405e-06 8.5941e-06 9.83933e-06 7.11781e-06 6.46671e-06 5.30124e-06 1.6621e-05 1.08683e-05 8.46082e-06 9.03168e-06 9.06575e-06 8.17943e-06 7.58332e-06 5.04652e-06 4.9575e-06 2.47876e-06
threshold=0.27114250000000001 0.0073261222498109081 0.22292450000000003 0.0024095787505741093 1.0000000180025095e-35 0.19771839692916968 3.7926300688511452 0.0099352139268961744 0.020740305073027283 34.99998930644454 0.8303330000000001 0.014441187383684936 3.6052414178848271 -0.0089192660977656501 -0.49098698319957396 0.6415590000000001 0.59346550000000009 0.15009327439084089 3.556696737442953 0.0045402966681029116 -0.0046677145182266169 3.918581723126858 -0.0023641871662344756
decision_type=2 2 2 2 2 2 2 2 2 2 2 2 2 2 2 2 2 2 2 2 2 2 2
left_child=2 3 6 4 -2 -5 11 10 9 22 -8 12 15 -14 -15 16 18 -18 -1 -16 -11 -22 -9
right_child=1 -3 -4 5 -6 -7 7 8 -10 20 -12 -13 13 14 19 -17 17 -19 -20 -21 21 -23 -24
leaf_value=1.1523057218507762e-05 5.2328893143567254e-05 0.00025451768141238063 -0.00016905172569749993 -9.2567381898334137e-06 -0.00020567585517077848 0.00018383842230832671 -0.00027329154368089799 -3.0205806875268795e-05 -0.00015946376102614779 0.0001723919880168978 -3.4133260778292291e-05 -0.0001491491071647033 0.00032030821715352433 0.00021371792017816914 -6.7819441118739933e-05 -0.00013526470341898139 2.9467060001999403e-05 0.00027879641590646188 -0.00016063858448778147 8.3418513004289703e-05 -1.3026437227381394e-05 0.00015528442693591517 -0.0001759676259618053
leaf_weight=173 20 24 24 24 23 20 24 21 28 30 21 21 20 24 74 38 35 21 29 50 63 21 21
leaf_count=173 20 24 24 24 23 20 24 21 28 30 21 21 20 24 74 38 35 21 29 50 63 21 21
internal_value=2.77629e-13 5.29645e-05 -7.96621e-06 -2.63632e-06 -8.56736e-05 7.85138e-05 -2.55157e-06 -3.69361e-05 -6.42696e-06 2.10412e-05 -0.000161684 1.36836e-05 2.10532e-05 6.36172e-05 2.89292e-05 -3.10479e-06 1.63606e-05 0.000122966 -1.31932e-05 -6.8364e-06 6.67725e-05 2.90513e-05 -0.000103087
internal_weight=849 111 738 87 43 44 714 229 184 156 45 485 464 168 148 296 258 56 202 124 114 84 42
internal_count=849 111 738 87 43 44 714 229 184 156 45 485 464 168 148 296 258 56 202 124 114 84 42
is_linear=0
shrinkage=0.3


Tree=61
num_leaves=22
num_cat=0
split_feature=27 7 7 29 17 0 6 10 17 23 27 9 29 27 10 3 26 5 12 12 20
split_gain=3.36324e-06 1.33227e-05 5.46619e-06 8.25355e-06 1.23745e-05 1.9882e-05 7.68382e-06 6.77033e-06 6.88153e-06 7.16315e-06 8.67499e-06 8.09619e-06 8.18522e-06 7.39385e-06 6.04252e-06 5.85271e-06 7.54658e-06 5.11391e-06 4.10735e-06 9.1308e-06 4.00481e-06
threshold=0.67825750000000007 0.004613518642489739 -0.0047961123111037564 3.5000000000000004 0.0042964563099266049 3.6434070995667303 0.0025840286731510999 -1.5721349649837608 0.0070257544552168793 0.43650750000000005 0.88037250000000011 0.0024158998477694423 4.5000000000000009 0.77215250000000013 -0.1825717582784491 3.8631728887557988 0.60730750000000011 -0.0025031981487772669 -0.00015379306133898112 0.0019221060125069564 0.23646000000000003
decision_type=2 2 2 2 2 2 2 2 2 2 2 2 2 2 2 2 2 2 2 2 2
left_child=1 -1 3 4 5 -2 17 -4 9 11 15 -9 13 -13 -14 16 -11 -5 -10 -20 -19
right_child=2 -3 7 6 -6 -7 -8 8 18 10 -12 12 14 -15 -16 -17 -18 20 19 -21 -22
leaf_value=-3.5262099131964182e-05 0.00040256288903037782 0.00026111918982028978 0.000147787872018463 -0.00018094775477948131 -2.7018754578669108e-05 7.7296123146714465e-06 0.00010026223881183299 0.00013499596507244858 -4.2666030683655907e-05 -0.00022134239753497585 5.9392574134367994e-05 -0.00019468507060082629 -3.7173717154614615e-05 -4.0740293584157127e-05 8.5745827290998957e-05 1.5865051654355528e-06 -5.0645627709093024e-05 -9.7417789483087187e-05 0.00023216406792950185 -3.7456504396686794e-05 6.4514238640965359e-05
leaf_weight=39 24 21 21 24 33 22 37 30 22 63 28 35 71 142 73 26 37 27 26 20 28
leaf_count=39 24 21 21 24 33 22 37 30 22 63 28 35 71 142 73 26 37 27 26 20 28
internal_value=-4.28701e-13 6.84714e-05 -5.20695e-06 3.83744e-05 0.000113164 0.00021373 -1.25597e-05 -1.9514e-05 -2.56455e-05 -3.77096e-05 -9.16508e-05 -1.4043e-05 -2.79719e-05 -7.11814e-05 2.51397e-05 -0.000125216 -0.000158185 -6.54004e-05 6.39483e-05 0.000114938 -1.49797e-05
internal_weight=849 60 789 195 79 46 116 594 573 505 154 351 321 177 144 126 100 79 68 46 55
internal_count=849 60 789 195 79 46 116 594 573 505 154 351 321 177 144 126 100 79 68 46 55
is_linear=0
shrinkage=0.3


Tree=62
num_leaves=24
num_cat=0
split_feature=15 15 4 22 15 29 21 20 5 17 4 9 21 6 0 8 16 9 18 5 9 12 0
split_gain=3.10411e-06 9.14499e-06 1.65513e-05 1.43484e-05 1.41715e-05 6.8657e-06 8.63604e-06 8.13793e-06 7.70709e-06 7.63196e-06 1.15528e-05 9.67639e-06 7.98696e-06 7.60853e-06 6.3506e-06 5.86763e-06 5.26102e-06 4.85888e-06 5.72429e-06 5.06024e-06 4.6579e-06 4.44157e-06 2.06958e-06
threshold=0.0068336523652806876 0.0023952108275119323 20334800.000000004 0.36898000000000003 0.0025641982137218698 1.5000000000000002 0.20049800000000004 0.09352450000000001 0.0022078654571920197 0.0067039126740672684 21176350.000000004 0.0091536851811783951 0.38580950000000008 -1.0000000180025095e-35 3.4329629607637289 -5.5944832100252016e-17 0.0023363905501129515 0.0070167385606989905 0.69509182679192205 0.0094007286155527118 0.0047710532991993024 0.0013964024536470424 3.7372259495451017
decision_type=2 2 2 2 2 2 2 2 2 2 2 2 2 2 2 2 2 2 2 2 2 2 2
left_child=1 5 3 14 -5 7 16 -1 9 11 -11 13 -13 -8 -3 -10 -7 19 21 -2 -16 22 -19
right_child=17 2 -4 4 -6 6 8 -9 15 10 -12 12 -14 -15 20 -17 -18 18 -20 -21 -22 -23 -24
leaf_value=0.00018111633330201066 -4.5770677284703456e-05 -0.00019719075405321614 0.00030450326871687142 0.0003473367387687176 8.5311732982518153e-06 -2.3982853599591182e-06 3.4908172635310146e-05 -4.2987790926417798e-05 6.2461038136721725e-07 -7.8253854985632644e-06 -0.00029404131779903702 0.00020832215635891772 1.1774943458458066e-05 -7.2509240511746566e-05 0.00010513837332837282 0.00017561076760744872 -0.00019164786493862406 1.4252585970098153e-05 6.0792516842411713e-05 0.0001518050534377835 -9.2390061499000609e-05 -0.00020393787176544719 -0.00012222531586303376
leaf_weight=35 28 21 24 20 25 20 93 25 35 30 22 30 49 164 21 34 39 20 20 20 22 32 20
leaf_count=35 28 21 24 20 25 20 93 25 35 30 22 30 49 164 21 34 39 20 20 20 22 32 20
internal_value=5.36799e-14 8.06078e-06 7.89655e-05 2.93058e-05 0.000159111 -8.31131e-06 -1.948e-05 8.77396e-05 -5.53493e-06 -2.19641e-05 -0.000128917 -5.41196e-06 8.64131e-05 -3.36383e-05 -6.19638e-05 8.68497e-05 -0.000127495 -4.08221e-05 -8.11915e-05 3.65525e-05 4.07731e-06 -0.000120631 -5.39864e-05
internal_weight=849 709 133 109 45 576 516 60 457 388 52 336 79 257 64 69 59 140 92 48 43 72 40
internal_count=849 709 133 109 45 576 516 60 457 388 52 336 79 257 64 69 59 140 92 48 43 72 40
is_linear=0
shrinkage=0.3


Tree=63
num_leaves=22
num_cat=0
split_feature=23 25 16 29 4 9 19 14 2 9 6 6 14 26 12 6 6 17 25 9 18
split_gain=3.7772e-06 1.25281e-05 5.15832e-06 6.28818e-06 3.05821e-06 4.7284e-06 6.9785e-06 7.73983e-06 4.36912e-06 1.35868e-05 6.07482e-06 8.91565e-06 5.72332e-06 8.08921e-06 5.968e-06 3.73987e-06 8.08694e-06 4.29532e-06 4.46295e-06 3.51071e-06 1.97525e-06
threshold=0.61250000000000016 0.29285700000000009 0.0043149955211409857 2.5000000000000004 22504250.000000004 0.0091536851811783951 -0.37336749999999996 0.014760155649440948 3.3039723474212344 0.0041774616387157187 -0.010764413023657261 -0.0086958306491596703 0.013280410665283092 0.56845100000000015 0.00047390263363799077 -0.012807409339955432 -0.0050000028824921687 0.0024155143005657061 0.34848450000000003 0.010164038497076202 -0.33425842853459714
decision_type=2 2 2 2 2 2 2 2 2 2 2 2 2 2 2 2 2 2 2 2 2
left_child=4 2 3 -2 5 8 -7 20 9 -1 -10 -12 13 -13 -14 -6 -17 19 -19 -18 -8
right_child=1 -3 -4 -5 15 6 7 -9 10 -11 11 12 14 -15 -16 16 17 18 -20 -21 -22
leaf_value=-7.4826066585956141e-05 4.6494418627064856e-05 0.00021354116437460985 8.9164013926082674e-05 -0.00014679708216466347 7.6826138342767078e-05 0.00021579692863724632 4.2632626874754872e-05 -8.8294981457114451e-05 -0.00018131797049136366 0.00024843098819308742 0.00017375640567148697 -7.9584017918893111e-06 -1.151985152133346e-05 -0.00011369634593488866 0.00016413589781526147 -0.00020619530947832182 -2.7828798523511398e-05 -0.00019769886520862201 -2.3393363741119034e-05 0.00012688590197120159 0.00017436717245800535
leaf_weight=25 28 31 33 33 20 21 21 33 20 22 22 207 49 95 27 28 33 20 39 22 20
leaf_count=25 28 31 33 33 20 21 21 33 20 22 22 207 49 95 27 28 33 20 39 22 20
internal_value=-6.26764e-13 4.81578e-05 -6.38348e-06 -5.80731e-05 -8.31454e-06 2.15373e-06 6.31645e-05 1.98499e-05 -1.02575e-05 7.64857e-05 -1.99644e-05 -1.18968e-05 -2.2702e-05 -4.12203e-05 5.08842e-05 -4.46304e-05 -6.1737e-05 -2.6256e-05 -8.248e-05 3.40571e-05 0.000106893
internal_weight=849 125 94 61 724 562 95 74 467 47 420 400 378 302 76 162 142 114 59 55 41
internal_count=849 125 94 61 724 562 95 74 467 47 420 400 378 302 76 162 142 114 59 55 41
is_linear=0
shrinkage=0.3


Tree=64
num_leaves=22
num_cat=0
split_feature=19 25 7 18 20 9 7 9 4 5 16 20 26 13 4 13 4 4 17 4 2
split_gain=3.08872e-06 9.01432e-06 3.52396e-06 5.90069e-06 3.03421e-06 3.06707e-06 8.96372e-06 9.80852e-06 2.41153e-05 1.01804e-05 9.59625e-06 5.80856e-06 5.90257e-06 4.9204e-06 6.21122e-06 5.78836e-06 5.28084e-06 4.99982e-06 3.35636e-06 3.06602e-06 1.97105e-06
threshold=0.27114250000000001 0.18333350000000004 -1.0000000180025095e-35 -0.04327044868969105 0.48204800000000009 0.0050443629451915476 0.0092593922952432777 0.0041774616387157187 15074550.000000002 0.0024182831302418367 0.002512590357945333 0.28917200000000004 0.50778200000000007 0.01018614398236605 10183900.000000002 0.012667480846342487 11463450.000000002 13750600.000000002 0.004576654794112173 12505250.000000002 3.467726931699382
decision_type=2 2 2 2 2 2 2 2 2 2 2 2 2 2 2 2 2 2 2 2 2
left_child=4 2 -2 -4 5 6 7 9 10 11 -9 12 -1 -7 15 -15 -16 19 -19 -18 -11
right_child=1 -3 3 -5 -6 13 -8 8 -10 20 -12 -13 -14 14 16 -17 17 18 -20 -21 -22
leaf_value=5.5803884728554884e-05 8.4844376132506017e-05 0.00022901870805071666 -0.00015184409717221569 4.2441966803273638e-05 -0.00011941745895975536 -0.00012616880649147786 -0.00015999968503741039 0.00011994524591665883 0.00033538635485456323 -0.00017938983477847612 -0.00016717936691748036 0.00016552478712886416 -8.6426765579074666e-05 0.00019771628451607006 -0.00017143720482895982 1.6639102051902391e-06 -9.059168860403588e-06 -5.9341746093132655e-05 9.2790799701308257e-06 0.00014998380231645569 -5.9026834380347279e-05
leaf_weight=85 33 20 24 34 21 36 23 22 30 24 20 27 38 23 21 33 20 158 108 24 25
leaf_count=85 33 20 24 34 21 36 23 22 30 24 20 27 38 23 21 33 20 158 108 24 25
internal_value=-2.56539e-13 4.66577e-05 6.57838e-06 -3.79523e-05 -7.01763e-06 -3.72558e-06 1.98097e-05 3.50703e-05 0.000129956 7.39977e-07 -1.67808e-05 3.95219e-05 1.18627e-05 -2.00835e-05 -1.02151e-05 8.21854e-05 -2.58478e-05 -1.59852e-05 -3.14807e-05 7.76915e-05 -0.00011798
internal_weight=849 111 91 58 738 717 294 271 72 199 42 150 123 423 387 56 331 310 266 44 49
internal_count=849 111 91 58 738 717 294 271 72 199 42 150 123 423 387 56 331 310 266 44 49
is_linear=0
shrinkage=0.3


Tree=65
num_leaves=25
num_cat=0
split_feature=14 8 5 6 8 11 27 8 26 22 22 11 11 6 9 12 8 22 22 17 5 25 6 4
split_gain=2.72753e-06 6.92894e-06 7.74394e-06 1.99491e-05 4.91574e-06 6.10935e-06 9.27201e-06 9.02702e-06 8.5449e-06 7.955e-06 6.20501e-06 4.56405e-06 5.13152e-06 4.99907e-06 4.69199e-06 4.54512e-06 5.53211e-06 4.59661e-06 4.57558e-06 4.5681e-06 4.31639e-06 3.96666e-06 3.6963e-06 2.45332e-06
threshold=0.011198211804546635 -0.01923141352130911 0.0046512588910139997 0.0025542973351309678 0.020740305073027283 61.538405111661127 0.89106850000000015 0.0024154274481786148 0.48833950000000009 0.26991100000000007 0.06253400000000002 80.000035773455778 64.705935603228099 -0.0094789509072993258 0.0086574927703930143 0.0011200274077550218 0.0024816284921686943 0.39626200000000006 0.33746650000000006 0.0023668649497229411 0.0023837643431197848 0.47222200000000009 0.0024067567496650843 11588750.000000002
decision_type=2 2 2 2 2 2 2 2 2 2 2 2 2 2 2 2 2 2 2 2 2 2 2 2
left_child=1 -1 4 23 5 6 7 10 9 -7 -3 12 13 14 -2 16 17 18 -15 -19 -13 -22 -14 -4
right_child=11 2 3 -5 -6 8 -8 -9 -10 -11 -12 20 22 15 -16 -17 -18 19 -20 -21 21 -23 -24 -25
leaf_value=0.0001673004317796566 -0.00019989082429872169 -0.00013798623351711113 5.9055035775859972e-05 0.000342432228769342 -0.00014205805673555004 0.00012345688483037521 -0.00019726014217597438 -0.00019073415696766461 0.00017728610725195419 -0.00010212809878901359 4.0572381499743563e-05 0.00016554964458919129 -5.3429078593580923e-05 -4.951096783342484e-06 -2.3379262711387127e-05 0.00010705752552398321 -0.00014223546195353263 -4.4892890102346426e-05 -0.00016443410015199331 0.00011067799286876217 6.7909868822815561e-05 -9.7014113401071102e-05 -0.00020951241279941644 -8.4299551766972322e-05
leaf_weight=26 23 20 21 21 24 24 26 21 36 34 141 21 36 85 33 33 26 25 20 53 35 21 22 22
leaf_count=26 23 20 21 21 24 24 26 21 36 34 141 21 36 85 33 33 26 25 20 53 35 21 22 22
internal_value=-4.20024e-13 1.7348e-05 7.35118e-06 0.00010276 -1.13794e-05 -9.94338e-07 -2.96788e-05 -5.73866e-06 6.24778e-05 -8.78259e-06 1.83912e-05 -1.66669e-05 -3.09912e-05 -1.51011e-05 -9.58751e-05 3.59034e-06 -1.27466e-05 5.65074e-06 -3.53288e-05 6.08155e-05 4.95596e-05 6.06338e-06 -0.000112633 -1.42892e-05
internal_weight=849 416 390 64 326 302 208 182 94 58 161 433 356 298 56 242 209 183 105 78 77 56 58 43
internal_count=849 416 390 64 326 302 208 182 94 58 161 433 356 298 56 242 209 183 105 78 77 56 58 43
is_linear=0
shrinkage=0.3


Tree=66
num_leaves=30
num_cat=0
split_feature=18 21 13 12 10 22 6 6 11 11 19 10 27 22 12 12 10 14 4 27 0 21 26 10 10 18 21 4 16
split_gain=2.56564e-06 7.03229e-06 7.43959e-06 1.88796e-05 6.94137e-06 8.09844e-06 5.06169e-06 8.25179e-06 5.78657e-06 9.34624e-06 4.78174e-06 4.78073e-06 6.12379e-06 4.63952e-06 8.41169e-06 5.17017e-06 4.62317e-06 4.54768e-06 4.25825e-06 7.61633e-06 4.26427e-06 4.08022e-06 6.21097e-06 4.03033e-06 3.056e-06 3.0289e-06 2.55878e-06 1.81089e-06 1.3189e-06
threshold=-0.0064974306070117865 0.070060500000000012 0.0093788556022909881 0.00025122716126415586 1.3388765091379173 0.52733100000000011 0.0024067567496650843 0.0034565940962772161 83.333683955844677 37.500484788502057 -0.34321799999999997 1.2649093290351934 0.88551200000000019 0.43869850000000005 0.00019435537097625973 -0.0028256561226608161 -9.6764824141586488e-06 0.012894899252389506 14229150.000000002 0.79099800000000009 3.3891373289545652 0.15909750000000003 0.61710500000000013 -0.88077960433510694 0.30509387886079326 0.24315432394287909 0.42543350000000008 18624650.000000004 0.0045197755200501689
decision_type=2 2 2 2 2 2 2 2 2 2 2 2 2 2 2 2 2 2 2 2 2 2 2 2 2 2 2 2 2
left_child=4 -2 3 26 5 13 10 -8 9 -9 23 12 16 15 -15 -1 -12 18 20 -20 -17 -7 -23 -4 28 -25 -3 -11 -19
right_child=1 2 6 -5 -6 21 7 8 -10 27 11 -13 -14 14 -16 17 -18 24 19 -21 -22 22 -24 25 -26 -27 -28 -29 -30
leaf_value=-0.00011378176259313477 0.00019030055410439674 -8.9493834095719649e-05 -1.4506785666289153e-05 0.00034336622186401653 -0.00015546004859061214 -0.00020162327786752226 -0.0002360656005794226 8.0570248610456477e-05 9.9720275284198581e-05 -9.2968710867518734e-05 3.4802289000497961e-05 0.00011930607083327645 -0.00018483703504898585 0.00024850164951203626 -1.2524561775535403e-05 -8.767450744926463e-05 -9.0669142586053704e-05 -2.4633066136630077e-05 3.5321178750434359e-05 -0.00018223359253170202 4.8426707085394915e-05 -0.00014311843559779744 7.4417077433151582e-05 0.00022196922314573643 0.00016195728060735675 5.8840357378358019e-05 6.2259220758278385e-05 -0.00021613186524648752 8.4317062573973075e-05
leaf_weight=32 20 20 23 20 30 23 20 24 25 22 82 22 20 20 25 26 39 20 28 30 102 27 21 21 26 20 20 21 20
leaf_count=32 20 20 23 20 30 23 20 24 25 22 82 22 20 20 25 26 39 20 28 30 102 27 21 21 26 20 20 21 20
internal_value=-2.33801e-14 1.67068e-05 8.00532e-06 0.000105377 -1.62794e-05 -5.84083e-06 -9.22865e-06 -6.1417e-05 -2.34499e-05 -6.94089e-05 1.65207e-05 -1.07627e-05 -3.10571e-05 1.39892e-05 0.000103487 -1.91813e-07 -5.63892e-06 1.42323e-05 -9.77434e-06 -7.72072e-05 2.07811e-05 -9.77292e-05 -4.79466e-05 8.60079e-05 8.18874e-05 0.000142394 -1.36173e-05 -0.000153118 2.9842e-05
internal_weight=849 419 399 60 430 400 339 112 92 67 227 163 141 329 45 284 121 252 186 58 128 71 48 64 66 41 40 43 40
internal_count=849 419 399 60 430 400 339 112 92 67 227 163 141 329 45 284 121 252 186 58 128 71 48 64 66 41 40 43 40
is_linear=0
shrinkage=0.3


Tree=67
num_leaves=25
num_cat=0
split_feature=20 19 19 12 11 18 13 10 27 19 1 9 11 23 2 4 9 9 18 4 7 19 25 11
split_gain=2.23344e-06 2.18939e-06 7.96357e-06 4.38332e-06 7.46068e-06 5.33798e-06 5.33087e-06 4.5985e-06 4.01573e-06 2.75867e-06 7.67658e-06 1.02261e-05 6.23519e-06 4.41724e-06 4.37406e-06 1.05844e-05 5.83103e-06 4.25074e-06 4.06344e-06 6.20138e-06 3.14538e-06 1.48627e-06 1.03513e-06 1.03015e-06
threshold=0.022872000000000003 -0.27863749999999993 -0.23865349999999999 0.0012436799486454625 44.444418727970636 0.22237826717331294 0.013761333209210422 0.40718732780004313 0.82509400000000011 -0.059536499999999992 3.4226563735176545 0.0066258522032517694 40.000026850178692 0.29285700000000009 3.8720006610055751 15615600.000000002 0.0031440679415283813 0.0023632548882106907 0.61884144695708454 26863500.000000004 0.002389474956944867 -0.16779599999999997 0.69047650000000005 69.999971486088086
decision_type=2 2 2 2 2 2 2 2 2 2 2 2 2 2 2 2 2 2 2 2 2 2 2 2
left_child=-1 3 -3 4 5 8 -5 -6 22 10 13 12 -12 -4 16 -16 17 -11 19 -18 21 -13 -2 -9
right_child=1 2 9 6 7 -7 -8 23 -10 14 11 20 -14 -15 15 -17 18 -19 -20 -21 -22 -23 -24 -25
leaf_value=8.1820583225886246e-05 2.4875167913375079e-07 0.00016603137026120545 -2.1277748809162791e-05 -0.00016985050591150259 0.00016081227213362581 4.0159776600982387e-05 2.0343563664937389e-05 5.3578796344027072e-05 -0.00019273402720298489 -2.9699829452590124e-07 -5.2725857029953557e-05 -0.00010060798578706452 -0.00024711985368577931 0.00017108017734492682 -4.7617912204342168e-05 0.00024344450439852864 -1.8188886460498345e-05 0.00017376176062628343 -0.00011736465420096553 0.00013365449744418988 8.9788902697149643e-05 1.3663332980026359e-05 -9.1779760254501677e-05 -4.2708984838100155e-05
leaf_weight=29 22 27 21 36 30 36 21 20 27 23 27 20 33 22 22 23 234 28 31 27 27 21 22 20
leaf_count=29 22 27 21 36 30 36 21 20 27 23 27 20 33 22 22 23 234 28 31 27 27 21 22 20
internal_value=7.84861e-14 -2.89365e-06 6.90203e-06 -2.74247e-05 -4.12421e-06 -5.39416e-05 -9.9779e-05 7.20252e-05 -0.000101655 -7.84e-07 -3.25295e-05 -6.9371e-05 -0.000159643 7.71379e-05 1.32069e-05 0.000101147 1.66958e-06 9.52647e-05 -1.46775e-05 -2.48095e-06 1.02805e-05 -4.20788e-05 -4.57655e-05 5.43491e-06
internal_weight=849 820 586 234 177 107 57 70 71 559 171 128 60 43 388 45 343 51 292 261 68 41 44 40
internal_count=849 820 586 234 177 107 57 70 71 559 171 128 60 43 388 45 343 51 292 261 68 41 44 40
is_linear=0
shrinkage=0.3


Tree=68
num_leaves=21
num_cat=0
split_feature=3 2 20 8 12 9 27 27 17 10 17 12 27 10 21 6 26 7 15 7
split_gain=2.83401e-06 3.16919e-06 1.21486e-05 3.26276e-06 3.13992e-06 8.78507e-06 2.71827e-06 3.28325e-06 2.66719e-06 6.4242e-06 7.09337e-06 6.5764e-06 4.27002e-06 6.49867e-06 4.93676e-06 2.59496e-06 2.42557e-06 3.91754e-06 3.53943e-06 2.4385e-06
threshold=4.2761816978454599 3.8720006610055751 0.34218300000000007 0.0084483914318022567 -0.0031858652968902988 0.0071312612953442177 0.93106800000000012 0.75172650000000008 0.0047114273766517686 -0.47612373108202388 0.0073170663628244559 -0.00036817954141846507 0.88858050000000011 1.4342838687562616 0.4907915000000001 -0.0071769824677369752 0.51394750000000011 0.0023121726673242609 0.0024037866373717754 -1.0000000180025095e-35
decision_type=2 2 2 2 2 2 2 2 2 2 2 2 2 2 2 2 2 2 2 2
left_child=1 4 3 -3 5 -1 7 16 12 11 -11 -10 13 -9 -14 -7 18 -18 19 -6
right_child=-2 2 -4 -5 6 15 -8 8 9 10 -12 -13 14 -15 -16 -17 17 -19 -20 -21
leaf_value=0.00020482307618294727 -0.00010883630150471746 -0.00011376127699804783 0.00025355203766334205 5.5548127536196384e-05 -5.2145229999321322e-05 -9.3804559847657476e-05 -0.00010763476198007992 4.7917879706808154e-05 -0.00024328986369904929 -2.7502500652190063e-05 0.00014781984435911807 -1.9446395567178517e-05 -0.00013750454296314275 -0.00011479009197046253 4.7233259449611704e-05 5.550396066041685e-05 -1.3707882862945553e-05 -0.00017240305271895652 -0.00010338486636414771 6.3258249362358287e-05
leaf_weight=24 21 20 21 21 26 22 24 278 21 90 27 27 30 24 23 20 28 28 29 45
leaf_count=24 21 20 21 21 26 22 24 278 21 90 27 27 30 24 23 20 28 28 29 45
internal_value=-1.10503e-13 2.76034e-06 6.7998e-05 -2.70418e-05 -2.51999e-06 6.00323e-05 -8.41778e-06 -4.89529e-06 6.55617e-06 -2.4959e-05 1.29565e-05 -0.000117378 2.1204e-05 3.49874e-05 -5.73353e-05 -2.27053e-05 -4.30668e-05 -9.30555e-05 -1.50732e-05 2.09978e-05
internal_weight=849 828 62 41 766 66 700 676 520 165 117 48 355 302 53 42 156 56 100 71
internal_count=849 828 62 41 766 66 700 676 520 165 117 48 355 302 53 42 156 56 100 71
is_linear=0
shrinkage=0.3


Tree=69
num_leaves=24
num_cat=0
split_feature=27 4 27 27 16 15 8 12 13 1 7 5 15 5 15 27 27 11 13 20 17 19 10
split_gain=2.7808e-06 6.81292e-06 2.77212e-06 2.18796e-06 6.18567e-06 4.3388e-06 4.48386e-06 3.63253e-06 2.9233e-06 3.92574e-06 3.82387e-06 5.62787e-06 7.21769e-06 4.12125e-06 5.91316e-06 6.16622e-06 4.58518e-06 5.79716e-06 4.01265e-06 3.36007e-06 2.86812e-06 2.72714e-06 1.58258e-06
threshold=0.67825750000000007 18559800.000000004 0.69342500000000007 0.87980250000000015 0.0049875261309126678 -0.0043431062807740934 -0.0022755004066910456 0.00086078180871375419 0.018141051313321811 3.8022083992307265 0.004750532950965016 -1.0000000180025095e-35 -0.0045976968655136756 0.0025000937704678467 -0.0092167764786855125 0.82354550000000015 0.78771550000000012 57.142768093491107 0.012631235345769574 0.24519600000000003 0.0023529950310202355 -0.18322999999999998 1.130607919053791
decision_type=2 2 2 2 2 2 2 2 2 2 2 2 2 2 2 2 2 2 2 2 2 2 2
left_child=1 -1 -2 8 5 20 -7 -8 10 -10 13 12 -12 14 21 -16 22 -18 -13 -11 -5 -4 -15
right_child=2 -3 3 4 -6 6 7 -9 9 19 11 18 -14 16 15 -17 17 -19 -20 -21 -22 -23 -24
leaf_value=-1.1919627069381442e-05 -0.00011499948925120406 0.0002000245430411139 -0.00016246223633722615 -6.793836187820748e-06 0.00014304026852936231 -0.00016294825201319845 9.4588684185675288e-05 -6.1859036507966645e-05 0.00011704434285396321 -0.00010735364090123767 -4.4892533151141829e-05 5.5636980763857098e-05 -0.0002695734707892618 -0.00018935160142063978 6.8292503969380187e-05 -2.8424024874192052e-05 7.4533368639934523e-05 -8.5190288698803473e-05 -0.00010105092607659572 5.9141409292351457e-05 0.00014655218328698538 -9.3982608882470226e-06 -7.2882791781531911e-05
leaf_weight=39 20 21 22 21 34 21 22 34 36 20 31 38 22 21 158 95 39 43 24 24 23 20 21
leaf_count=39 20 21 22 21 34 21 22 34 36 20 31 38 22 21 158 95 39 43 24 24 23 20 21
internal_value=6.19307e-13 6.22608e-05 -4.73466e-06 -1.86692e-06 2.99821e-05 -1.78628e-06 -4.47295e-05 -3.97432e-07 -9.90699e-06 4.3574e-05 -1.79191e-05 -6.63765e-05 -0.000138156 -4.61934e-06 1.46705e-05 3.1976e-05 -5.05105e-05 -9.22416e-06 -5.0164e-06 -1.65382e-05 7.33643e-05 -8.95746e-05 -0.000131117
internal_weight=849 60 789 769 155 121 77 56 614 80 534 115 53 419 295 253 124 82 62 44 44 42 42
internal_count=849 60 789 769 155 121 77 56 614 80 534 115 53 419 295 253 124 82 62 44 44 42 42
is_linear=0
shrinkage=0.3


Tree=70
num_leaves=31
num_cat=0
split_feature=4 18 18 18 16 26 6 8 14 10 6 4 26 2 3 4 2 7 22 16 3 29 12 0 1 23 26 17 4 7
split_gain=2.22819e-06 3.9533e-06 3.36394e-06 3.29283e-06 5.60867e-06 3.27096e-06 9.71464e-06 4.61383e-06 9.26886e-06 4.89936e-06 5.0541e-06 4.28163e-06 3.97823e-06 3.50745e-06 4.00107e-06 5.50879e-06 4.68849e-06 4.56594e-06 6.55436e-06 3.24982e-06 2.85334e-06 2.7543e-06 2.64032e-06 2.47878e-06 2.40592e-06 2.31484e-06 2.2063e-06 2.07335e-06 1.86049e-06 1.71202e-06
threshold=22361800.000000004 0.40283972514737781 0.23522934717980112 0.60833311366919862 1.0000000180025095e-35 0.73967250000000007 -0.0025125828869908347 0.0023252365798578675 0.007034056342246563 0.48685456570755853 0.0025542973351309678 11463450.000000002 0.26189150000000005 3.8294634472543398 3.723087072372437 11040850.000000002 3.6541173449342814 -0.00454535538281905 0.30286700000000005 0.0049443785189783535 3.7804596424102788 4.5000000000000009 -0.0011195853222796743 3.7462103879395654 3.6999789582241083 0.15476200000000004 0.86058200000000007 0.0022247165190071201 15923900.000000002 -1.0000000180025095e-35
decision_type=2 2 2 2 2 2 2 2 2 2 2 2 2 2 2 2 2 2 2 2 2 2 2 2 2 2 2 2 2 2
left_child=5 2 25 -3 -5 7 -7 13 -9 10 11 -10 -11 14 15 17 22 -1 -19 -6 -16 -13 -17 24 -14 -2 -8 -27 -22 -29
right_child=1 3 -4 4 19 6 26 8 9 12 -12 21 23 -15 20 16 -18 18 -20 -21 28 -23 -24 -25 -26 27 -28 29 -30 -31
leaf_value=-5.6203974963864305e-05 -0.00012962888350784852 0.00010478194079850153 -0.00017615223465067436 0.00010256380780695261 -0.00016398696713663827 0.00024024350854493344 5.8442076695541798e-05 0.00021253651243371323 -5.2626512319875468e-05 9.2474418868179151e-05 0.00019176501994644984 0.00017235062357940479 -4.3865325441898183e-05 -0.00010721152619295864 0.0001164411369074969 9.7180388734159345e-06 -0.00018788844895425427 0.00022241462389501976 -1.0122357116415514e-05 3.1026087162899784e-06 -6.5459271718282244e-05 1.852623535424672e-05 -8.1979307164706711e-05 -0.00011094314706237387 7.4909436498273857e-05 -9.064441381724464e-05 -7.1584681830680225e-05 8.97213647931494e-05 6.239104799817597e-05 -3.4408154124321297e-05
leaf_weight=30 20 27 21 22 22 21 24 23 33 23 22 20 66 39 32 50 24 20 24 20 21 22 65 35 20 20 23 20 20 20
leaf_count=30 20 27 21 22 22 21 24 23 33 23 22 20 66 39 32 50 24 20 24 20 21 22 65 35 20 20 23 20 20 20
internal_value=-8.51245e-14 -2.84299e-05 -6.92911e-05 1.69215e-05 -2.01446e-05 8.30829e-06 7.0607e-05 1.1159e-06 3.0576e-05 1.32105e-05 6.53273e-05 2.82389e-05 -2.1896e-05 -2.28148e-05 -1.13061e-05 -3.20791e-05 -6.72811e-05 3.40437e-05 9.55763e-05 -8.44205e-05 4.93054e-05 9.17759e-05 -4.21109e-05 -4.36358e-05 -1.62433e-05 -4.124e-05 -5.18804e-06 -1.17771e-05 -3.09326e-06 2.76566e-05
internal_weight=849 192 101 91 64 657 68 589 264 241 97 75 144 325 286 213 139 74 44 42 73 42 115 121 86 80 47 60 41 40
internal_count=849 192 101 91 64 657 68 589 264 241 97 75 144 325 286 213 139 74 44 42 73 42 115 121 86 80 47 60 41 40
is_linear=0
shrinkage=0.3


Tree=71
num_leaves=20
num_cat=0
split_feature=26 12 8 27 20 19 5 5 12 17 2 26 15 23 26 14 13 22 17
split_gain=1.97112e-06 2.49028e-06 2.81244e-06 7.15714e-06 3.00385e-06 2.81935e-06 2.53573e-06 9.76465e-06 1.50312e-05 3.62744e-06 3.09489e-06 2.74537e-06 3.46005e-06 3.5073e-06 3.1157e-06 2.99451e-06 2.87051e-06 2.60246e-06 2.23805e-06
threshold=0.10919400000000001 -0.0047963177654136374 -0.01923141352130911 0.86407450000000008 0.024633500000000006 -0.28683649999999994 0.0046512588910139997 0.0052085384016282823 0.000414976596019488 0.0024096936510914304 3.7040445795706121 0.50778200000000007 -0.0024753042020448902 1.0000000180025095e-35 0.53414250000000008 0.0071258272445041577 0.008747398000116452 0.43117350000000004 0.0023668649497229411
decision_type=2 2 2 2 2 2 2 2 2 2 2 2 2 2 2 2 2 2 2
left_child=18 -2 3 5 -4 -3 11 8 -8 17 -11 12 13 -6 -13 -16 -14 -9 -1
right_child=1 2 4 -5 6 -7 7 9 -10 10 -12 14 16 -15 15 -17 -18 -19 -20
leaf_value=-0.00013263781355427845 -7.9995791954036484e-05 -8.3856523187932896e-05 -8.5632960786717692e-05 0.00021570962495388814 0.00014534233098727 7.1773637189794084e-05 6.6198564776901289e-06 6.2557948647161921e-06 0.00034237914114783053 -3.1537306456716341e-06 -0.00013747823630734063 -0.00014390320213351513 -9.1098049275128033e-05 2.408012138877656e-05 -0.0001187383520118601 -5.5360455346143515e-06 6.637690457406096e-06 0.00013203429035456792 2.8215895326866303e-06
leaf_weight=21 31 20 34 20 28 22 28 57 21 38 26 20 35 92 24 170 119 20 23
leaf_count=21 31 20 34 20 28 22 28 57 21 38 26 20 35 92 24 170 119 20 23
internal_value=1.24252e-13 3.3795e-06 6.71882e-06 6.80013e-05 1.38242e-06 -2.33596e-06 5.74603e-06 3.5149e-05 0.000150517 -4.94333e-06 -5.77231e-05 -5.70185e-06 1.4184e-05 5.23746e-05 -3.11631e-05 -1.95405e-05 -1.5575e-05 3.89255e-05 -6.18295e-05
internal_weight=849 805 774 62 712 42 678 190 49 141 64 488 274 120 214 194 154 77 44
internal_count=849 805 774 62 712 42 678 190 49 141 64 488 274 120 214 194 154 77 44
is_linear=0
shrinkage=0.3


Tree=72
num_leaves=24
num_cat=0
split_feature=14 7 5 20 23 8 8 10 7 14 26 10 22 15 11 18 18 27 14 16 8 4 0
split_gain=1.80015e-06 5.78553e-06 9.8967e-06 5.07471e-06 2.97444e-06 2.26543e-06 2.59392e-06 4.01863e-06 3.91157e-06 3.47747e-06 2.95637e-06 2.61735e-06 3.0919e-06 3.63396e-06 2.20414e-06 3.18514e-06 3.87273e-06 3.46108e-06 2.06499e-06 2.01111e-06 3.48713e-06 1.37222e-06 9.19916e-07
threshold=0.011013310817769845 -0.0067266317596114894 1.0000000180025095e-35 0.5130205000000001 0.52777800000000019 0.017136325738467902 0.0096039821544314022 0.71264818857172663 -0.0078026161752908158 0.014778311237724873 0.46953150000000005 -1.5721349649837608 0.6415590000000001 -0.011710169188477552 83.332801133119673 0.40283972514737781 0.26725633875668464 0.83517900000000012 0.013777272470539738 0.0023310001287126605 0.028744666219871925 13393850.000000002 3.556696737442953
decision_type=2 2 2 2 2 2 2 2 2 2 2 2 2 2 2 2 2 2 2 2 2 2 2
left_child=1 2 -1 4 14 6 7 8 9 -2 -9 -10 13 -13 15 16 17 -3 -8 -7 -21 -6 -16
right_child=5 3 -4 -5 21 19 18 10 11 -11 -12 12 -14 -15 22 -17 -18 -19 -20 20 -22 -23 -24
leaf_value=0.00020835539399901307 -0.00019607527927811524 4.7432414614488734e-05 -2.4091679580351411e-05 0.00014534243455273098 -0.00013382313254228591 8.5690413873505469e-05 -1.8513702533792554e-05 0.00015606358943841771 8.8216901018644078e-05 -3.457899679233378e-05 -3.3035765227396039e-06 -0.00010644133581081404 -0.00011720129272222178 1.3976598060200199e-05 -1.5391994143750966e-05 9.7304857701922576e-05 -0.00012076196475060317 -3.6781349888769913e-05 -0.00014133522376401483 6.9229491117976755e-05 -8.769242293783463e-05 -2.6377702870377106e-05 -0.00010223765745437327
leaf_weight=34 21 106 32 20 23 35 22 20 22 28 22 27 26 137 21 34 22 75 28 26 25 20 23
leaf_count=34 21 106 32 20 23 35 22 20 22 28 22 27 26 137 21 34 22 75 28 26 25 20 23
internal_value=2.94722e-13 1.42943e-05 9.56538e-05 -1.3154e-06 -1.03684e-05 -1.335e-05 -2.39872e-05 -1.35405e-05 -2.73999e-05 -0.000103792 7.25856e-05 -9.74332e-06 -2.10861e-05 -5.84831e-06 8.75938e-07 1.23242e-05 -1.90901e-06 1.25372e-05 -8.72938e-05 3.03119e-05 -7.69302e-06 -8.38485e-05 -6.07886e-05
internal_weight=849 410 66 344 324 439 353 303 261 49 42 212 190 164 281 237 203 181 50 86 51 43 44
internal_count=849 410 66 344 324 439 353 303 261 49 42 212 190 164 281 237 203 181 50 86 51 43 44
is_linear=0
shrinkage=0.3


Tree=73
num_leaves=22
num_cat=0
split_feature=20 7 23 7 7 7 2 13 9 15 0 6 4 14 18 12 13 12 1 6 12
split_gain=2.1017e-06 1.83264e-06 1.51739e-06 4.48853e-06 4.48218e-06 9.1997e-06 3.3313e-06 3.00128e-06 7.00432e-06 3.16451e-06 2.85569e-06 3.23975e-06 3.31594e-06 2.806e-06 2.75773e-06 2.4645e-06 2.83277e-06 5.95811e-06 2.15507e-06 1.8139e-06 1.97668e-06
threshold=0.022872000000000003 -0.013731470588914609 0.34848450000000003 -0.010037713137067193 0.004678429815725838 0.006864996437238779 3.8450452933526784 0.011207715570538674 0.0049193147747126102 -0.0024690744626516066 3.3000133764350807 1.0000000180025095e-35 9167250.0000000019 0.013777272470539738 -0.018283361712183147 0.0029298939472750872 0.010526324142691357 -0.00067668890828050869 3.4930060665910241 0.011806501253460283 1.0000000180025095e-35
decision_type=2 2 2 2 2 2 2 2 2 2 2 2 2 2 2 2 2 2 2 2 2
left_child=-1 -2 10 -4 6 -6 7 9 -9 -5 -3 15 -13 -7 -8 16 17 -12 -18 20 -14
right_child=1 2 3 4 5 13 14 8 -10 -11 11 12 19 -15 -16 -17 18 -19 -20 -21 -22
leaf_value=7.9370818325671651e-05 -7.3185698670386043e-05 -0.0001101034243692993 0.00014603309890927365 4.553372906330979e-05 0.00022713881580389367 5.6814351927115286e-05 -0.00016869918966092102 0.00019493077620836628 -1.5442421387346708e-06 -7.7824716725101962e-05 0.00018682676314214899 6.2060393218416716e-05 -2.3042785216733008e-05 -7.2597335733007635e-05 -1.4953777274838232e-05 0.00011669396928482455 4.1516253392425525e-05 -2.9923109952070931e-06 -3.5555279403175104e-05 1.0127505372330579e-05 -0.00010581930249800815
leaf_weight=29 32 25 22 27 23 38 21 20 89 61 22 25 42 25 21 20 45 46 119 29 68
leaf_count=29 32 25 22 27 23 38 21 20 89 61 22 25 42 25 21 20 45 46 119 29 68
internal_value=3.26056e-13 -2.80702e-06 5.10011e-08 1.48919e-05 6.01469e-06 6.47466e-05 -1.5119e-05 1.23493e-06 3.45062e-05 -3.99761e-05 -1.16266e-05 -5.70848e-06 -3.85262e-05 5.46051e-06 -9.18265e-05 1.56491e-05 6.93834e-06 5.84197e-05 -1.44076e-05 -5.66174e-05 -7.42137e-05
internal_weight=849 820 788 347 325 86 239 197 109 88 441 416 164 63 42 252 232 68 164 139 110
internal_count=849 820 788 347 325 86 239 197 109 88 441 416 164 63 42 252 232 68 164 139 110
is_linear=0
shrinkage=0.3


Tree=74
num_leaves=31
num_cat=0
split_feature=2 19 9 16 10 13 27 23 0 2 19 25 13 14 17 16 10 15 1 8 4 13 16 17 14 26 17 6 6 13
split_gain=1.82751e-06 3.70787e-06 8.55389e-06 5.48073e-06 3.5376e-06 3.91675e-06 4.77405e-06 4.71262e-06 3.8762e-06 3.52221e-06 3.09645e-06 4.29978e-06 7.86045e-06 3.85305e-06 3.82358e-06 3.73235e-06 3.5167e-06 5.65565e-06 3.81429e-06 3.33435e-06 3.0081e-06 4.62318e-06 2.46692e-06 3.03521e-06 2.21654e-06 2.12523e-06 2.0917e-06 2.00519e-06 1.98247e-06 1.57871e-06
threshold=3.4503450086202156 -0.48938449999999994 0.0051571847434727274 0.0023980220291901513 -0.82339973378008646 0.013127363422684639 0.82117000000000007 0.29285700000000009 3.388766314574903 3.3455596162248877 -0.048663999999999992 0.18333350000000004 0.0095789516331595149 0.0072201628443379984 0.0021810255207798551 0.0068026607730601258 0.27210853682286668 -0.002328289666153394 3.7543523455356222 0.0043103848771150963 17508700.000000004 0.014621899982451239 0.0024390802718157489 0.0047505892506634071 0.011148275442345451 0.42689200000000005 0.002272779242065179 0.004376713723950135 -0.0023067364328124194 0.013776766270958151
decision_type=2 2 2 2 2 2 2 2 2 2 2 2 2 2 2 2 2 2 2 2 2 2 2 2 2 2 2 2 2 2
left_child=4 2 -2 -4 8 6 9 -8 -1 -6 13 15 -13 25 24 19 17 18 -16 28 26 -22 -7 -24 -15 -3 -14 -21 -12 -18
right_child=1 10 3 -5 5 22 7 -9 -10 -11 11 12 20 14 16 -17 29 -19 -20 27 21 -23 23 -25 -26 -27 -28 -29 -30 -31
leaf_value=-2.3377196770237978e-05 0.00020282620039974321 -4.0290494234795914e-05 8.5277195830713018e-05 -0.00012542141784706472 -8.4584729519255852e-05 3.2544923735920084e-05 2.4666513912091868e-05 0.00022378318235496408 -0.00015518691455532286 5.6240688429005036e-05 -0.00017144243929578806 0.00020727163749562839 -3.4557540402602172e-06 0.0001218556541700239 -0.00016781569209797453 0.00010117281040038506 -0.00015814528177661883 8.6048880257294505e-05 -3.5826547173201107e-06 4.7097154632725644e-05 -0.000129472033189932 5.2051942612609183e-05 -0.00016458542379496066 -1.5224249047605554e-05 5.4944220317017476e-06 -0.00017859101802059741 0.00010756711959142454 -6.7885591462462413e-05 -4.6825769620934602e-05 -4.699183041882703e-05
leaf_weight=57 28 20 25 20 31 22 23 20 31 33 20 26 24 26 20 20 23 39 35 39 23 28 24 25 34 20 42 21 27 23
leaf_count=57 28 20 25 20 31 22 23 20 31 33 20 26 24 26 20 20 23 39 35 39 23 28 24 25 34 20 42 21 27 23
internal_value=-5.11591e-13 9.40163e-06 7.26388e-05 -8.36663e-06 -2.06058e-05 3.7199e-06 3.99702e-05 0.000117279 -6.98102e-05 -1.19716e-05 3.50034e-07 2.23891e-05 5.80667e-05 -2.44439e-05 -7.44448e-06 -1.77834e-05 -3.45997e-05 -1.3383e-06 -6.33038e-05 -4.00183e-05 2.49101e-05 -2.98118e-05 -5.09108e-05 -8.83807e-05 5.59176e-05 -0.000109441 6.71952e-05 6.85319e-06 -9.98541e-05 -0.000102569
internal_weight=849 583 73 45 266 178 107 43 88 64 510 270 143 240 200 127 140 94 55 107 117 51 71 49 60 40 66 60 47 46
internal_count=849 583 73 45 266 178 107 43 88 64 510 270 143 240 200 127 140 94 55 107 117 51 71 49 60 40 66 60 47 46
is_linear=0
shrinkage=0.3


Tree=75
num_leaves=17
num_cat=0
split_feature=22 10 21 15 12 5 6 21 21 21 10 2 7 7 15 6
split_gain=1.18387e-06 1.40549e-06 1.74774e-06 1.44287e-06 2.79717e-06 2.60476e-06 1.1778e-05 3.21866e-06 2.51444e-06 2.72531e-06 2.19788e-06 1.91783e-06 1.79018e-06 1.97273e-06 1.56069e-06 1.31616e-06
threshold=0.016902500000000004 1.5576152416927191 0.37388050000000006 0.0066742031294592654 0.0014174808829250565 0.0046512588910139997 0.0024752034850914401 0.4057070000000001 0.070060500000000012 0.16606500000000005 -0.17612226912434595 3.684063000558178 -0.013483471397206202 0.0024906544293082093 0.011223687191481172 -0.0024782668731986837
decision_type=2 2 2 2 2 2 2 2 2 2 2 2 2 2 2 2
left_child=-1 3 -3 5 14 8 7 -7 -2 10 -10 -6 -11 -14 15 -5
right_child=1 2 -4 4 11 6 -8 -9 9 12 -12 -13 13 -15 -16 -17
leaf_value=-6.0661340252668841e-05 9.2846856705364186e-05 -7.0382117233488574e-06 0.00011395831089347749 2.2993763650447363e-05 -2.825404005307064e-05 -7.1635552183793415e-05 0.00025404029385754255 8.0034957954921984e-05 -1.5661031980214275e-05 -8.0444753166375435e-05 -0.00015164216116318131 -0.00015805956780760814 1.6404197169487833e-05 -2.3535434817280144e-05 6.4126573772000482e-05 -8.5842959097135461e-05
leaf_weight=28 24 21 22 20 20 34 20 20 23 24 20 21 342 165 25 20
leaf_count=28 24 21 22 20 20 34 20 20 23 24 20 21 342 165 25 20
internal_value=6.12222e-14 2.06884e-06 5.4867e-05 -8.4931e-07 -3.33788e-05 4.28183e-06 5.7377e-05 -1.54613e-05 -2.28847e-06 -6.26626e-06 -7.89081e-05 -9.47398e-05 -3.83777e-07 3.40609e-06 5.32585e-06 -3.14246e-05
internal_weight=849 821 43 778 106 672 74 54 598 574 43 41 531 507 65 40
internal_count=849 821 43 778 106 672 74 54 598 574 43 41 531 507 65 40
is_linear=0
shrinkage=0.3


Tree=76
num_leaves=19
num_cat=0
split_feature=18 17 19 27 12 19 16 27 17 27 17 22 29 6 2 11 17 17
split_gain=1.18756e-06 2.19849e-06 1.82419e-06 1.51748e-06 6.96848e-06 1.92476e-06 4.40075e-06 2.25822e-06 2.26752e-06 4.02833e-06 4.42446e-06 2.01691e-06 1.91461e-06 2.2169e-06 1.79983e-06 1.59058e-06 1.43526e-06 1.18182e-06
threshold=-0.74158681073798183 0.0025974001846660391 -0.76112799999999992 0.67825750000000007 0.00015400745816396375 0.20307200000000003 0.0051085601874971539 0.74525050000000015 0.0048367618413559634 0.76871000000000012 0.005006260883823041 0.15062850000000003 1.5000000000000002 0.009049669046665253 3.7465051608597602 75.00062109079893 0.0023866894380115702 0.0045351432241545449
decision_type=2 2 2 2 2 2 2 2 2 2 2 2 2 2 2 2 2 2
left_child=1 -1 -2 4 -4 7 11 14 12 -10 -11 15 -9 -14 17 16 -7 -5
right_child=2 -3 3 5 -6 6 -8 8 9 10 -12 -13 13 -15 -16 -17 -18 -19
leaf_value=-9.8113138628832535e-05 7.5650810031220318e-05 1.6738606391299981e-05 -6.0133774968562645e-05 -9.708205252536572e-05 0.0001595098254536144 -0.00013066910218640257 7.1205573042859143e-05 -6.6267986896946239e-05 9.9091386248204567e-05 -0.00016063542657320795 -1.2645244794839528e-05 -0.00013403614629451427 3.7666328943952428e-05 -3.9148167764467776e-05 2.8233719149284298e-05 2.9035647730779599e-05 -2.1853209841538045e-05 -2.1704236007735742e-05
leaf_weight=30 30 30 26 39 26 20 26 20 20 24 75 29 307 38 28 21 24 36
leaf_count=30 30 30 26 39 26 20 26 20 20 24 75 29 307 38 28 21 24 36
internal_value=4.91434e-13 -4.06873e-05 3.09409e-06 2.26235e-07 4.9688e-05 -3.41169e-06 -3.80318e-05 3.66567e-06 1.22495e-05 -2.37127e-05 -4.85217e-05 -6.82464e-05 2.39742e-05 2.92056e-05 -3.667e-05 -3.8894e-05 -7.1315e-05 -6.09007e-05
internal_weight=849 60 789 759 52 707 120 587 484 119 99 94 365 345 103 65 44 75
internal_count=849 60 789 759 52 707 120 587 484 119 99 94 365 345 103 65 44 75
is_linear=0
shrinkage=0.3


Tree=77
num_leaves=23
num_cat=0
split_feature=9 13 23 26 12 6 7 12 20 12 16 27 22 2 10 12 9 14 27 8 8 11
split_gain=1.05751e-06 8.50578e-06 2.77731e-06 2.48786e-06 3.57515e-06 3.20332e-06 2.41439e-06 4.28592e-06 2.01748e-06 1.94206e-06 1.92695e-06 3.7674e-06 1.85436e-06 4.30233e-06 2.35315e-06 1.77859e-06 2.45533e-06 2.1038e-06 1.75873e-06 1.60664e-06 2.49307e-06 1.05292e-06
threshold=0.0041774616387157187 0.0089441213232993953 0.61250000000000016 0.45388300000000009 -0.00067668890828050869 0.0021459731153983842 -0.012062952695360634 -0.00084025587834579089 0.024633500000000006 -0.00043161727148545236 0.0047733219742151041 0.83701000000000014 0.39926850000000008 3.7683404772569626 -1.4621906954079325 -0.000664346698240918 0.0067688611663257363 0.0096385448033311002 0.78658250000000007 -0.011428524549692455 3.5561831257524552e-17 12.772206809106409
decision_type=2 2 2 2 2 2 2 2 2 2 2 2 2 2 2 2 2 2 2 2 2 2
left_child=2 -2 3 4 -1 18 7 -3 -8 -5 11 -11 14 19 -10 16 -16 -17 -6 21 -21 -14
right_child=1 6 -4 9 5 -7 8 -9 12 10 -12 -13 13 -15 15 17 -18 -19 -20 20 -22 -23
leaf_value=8.5162882694269439e-05 0.00018182203498326999 0.00016505654628937399 5.715927566493169e-05 -0.00011817842175029606 -1.9415828766184972e-05 5.2331412248918241e-05 -9.1051101844641369e-05 -2.2398128671936673e-05 8.5013751522637897e-05 -0.00013149301029179402 4.633265511074569e-05 2.6827499320347672e-05 -2.7040354689233936e-06 0.00011566599044575316 -0.00012950334281153377 4.2560866251918367e-05 -2.5008058005431386e-05 -2.3771812567367375e-05 -0.00014105565432264878 -0.00010445558169158175 7.0208390262940565e-06 9.2404094584191463e-05
leaf_weight=33 24 21 39 36 20 24 24 23 20 31 20 24 20 36 28 59 73 159 23 25 65 22
leaf_count=33 24 21 39 36 20 24 24 23 20 31 20 24 20 36 28 59 73 159 23 25 65 22
internal_value=-2.69971e-13 6.84015e-06 -1.6389e-05 -2.99832e-05 4.33732e-06 -3.54723e-05 -4.63443e-07 6.70689e-05 -6.05934e-06 -6.09026e-05 -3.34103e-05 -6.24077e-05 -2.03606e-06 2.37366e-05 -1.48084e-05 -2.10668e-05 -5.3977e-05 -5.81939e-06 -8.4479e-05 -1.33504e-06 -2.39448e-05 4.71145e-05
internal_weight=849 599 250 211 100 67 575 44 531 111 75 55 507 168 339 319 101 218 43 132 90 42
internal_count=849 599 250 211 100 67 575 44 531 111 75 55 507 168 339 319 101 218 43 132 90 42
is_linear=0
shrinkage=0.3


Tree=78
num_leaves=22
num_cat=0
split_feature=4 6 4 20 22 6 0 2 10 29 17 5 5 21 9 18 5 11 18 4 12
split_gain=1.01932e-06 3.5926e-06 3.15267e-06 3.48764e-06 2.64411e-06 2.5371e-06 2.1793e-06 1.98151e-06 4.32951e-06 2.5098e-06 1.82212e-06 1.1302e-06 2.22788e-06 2.24289e-06 3.02473e-06 1.88169e-06 1.66559e-06 1.66246e-06 1.64058e-06 2.20264e-06 1.96838e-06
threshold=21416550.000000004 -0.011752101661371127 20334800.000000004 0.022872000000000003 0.075632500000000019 -0.0050000028824921687 3.2857054791681999 3.6158815201373082 -0.12109938515446138 4.5000000000000009 0.0048192724016655466 -0.0023696862836650062 -0.0025575584081509828 0.40704600000000007 0.0077617460095970921 0.30520692471276767 -0.002275580003571523 36.363716345728342 -0.046904884076632437 15659950.000000002 -0.00070115337100326222
decision_type=2 2 2 2 2 2 2 2 2 2 2 2 2 2 2 2 2 2 2 2 2
left_child=2 -2 3 -1 -3 -6 -5 10 -9 -10 -7 12 13 15 -15 -8 -13 -14 19 -18 -20
right_child=1 4 -4 6 5 7 11 8 9 -11 -12 16 17 14 -16 -17 18 -19 20 -21 -22
leaf_value=0.00011857504088600928 8.017765904728078e-05 4.9711742833786608e-05 0.00010094652266502635 9.4217875153788098e-05 -0.00013447893178846032 6.3796932691134148e-05 -6.8960978091224336e-05 -0.00015340441385542988 -7.6095396463642822e-05 5.7032604963051895e-05 -5.3907820511085444e-05 -0.00010032044061517808 1.2346770572548849e-05 -1.777176296725104e-05 0.00010819910967884112 3.634101169284674e-05 -1.4063750659374111e-05 0.00013320156057099145 6.2241493469628037e-05 -9.4363633254608044e-05 -1.0772313484292479e-05
leaf_weight=22 29 29 30 20 26 29 56 29 25 26 20 20 20 42 29 21 161 21 48 38 108
leaf_count=22 29 29 30 20 26 29 56 29 25 26 20 20 20 42 29 21 161 21 48 38 108
internal_value=-1.71876e-13 -1.79623e-05 6.01568e-06 1.31613e-06 -3.343e-05 -4.89856e-05 -3.10116e-06 -3.17543e-05 -6.08533e-05 -8.22622e-06 1.57542e-05 -6.55219e-06 1.23644e-05 -4.77901e-06 3.36811e-05 -4.02423e-05 -1.60862e-05 7.4248e-05 -1.13406e-05 -2.93974e-05 1.16935e-05
internal_weight=849 213 636 606 184 155 584 129 80 51 49 564 189 148 71 77 375 41 355 199 156
internal_count=849 213 636 606 184 155 584 129 80 51 49 564 189 148 71 77 375 41 355 199 156
is_linear=0
shrinkage=0.3


Tree=79
num_leaves=12
num_cat=0
split_feature=9 7 27 2 29 11 2 0 8 8 11
split_gain=1.12173e-06 1.38309e-06 2.85714e-06 1.57847e-06 4.73771e-06 1.45779e-06 1.42419e-06 2.17887e-06 1.32575e-06 3.54219e-06 2.28966e-06
threshold=0.0017418111756659571 -0.016001680032316123 0.93668350000000011 3.8720006610055751 3.5000000000000004 62.678729298756529 3.854547692883052 3.8629084828415365 0.012121661648152048 0.014778733746507839 62.499979509607549
decision_type=2 2 2 2 2 2 2 2 2 2 2
left_child=-1 -2 3 6 -5 -6 7 8 10 -10 -3
right_child=1 2 -4 4 5 -7 -8 -9 9 -11 -12
leaf_value=-6.1351410365135118e-05 7.7939956645423075e-05 -3.6627344828236938e-06 -0.00010925010079582924 0.00013891431567728807 3.5976225510901052e-05 -7.4528847744659291e-05 -8.033183661609655e-05 7.8601976471667686e-05 -0.00012582265961908786 -6.1668761083537687e-06 5.3791546881182342e-05
leaf_weight=26 21 431 21 29 22 21 20 31 27 127 73
leaf_count=26 21 431 21 29 22 21 20 31 27 127 73
internal_value=5.17838e-13 1.9382e-06 -5.18728e-08 2.88432e-06 4.52068e-05 -1.79914e-05 -1.41359e-06 8.77214e-07 -2.78459e-06 -2.71455e-05 4.65902e-06
internal_weight=849 823 802 781 72 43 709 689 658 154 504
internal_count=849 823 802 781 72 43 709 689 658 154 504
is_linear=0
shrinkage=0.3


Tree=80
num_leaves=24
num_cat=0
split_feature=19 19 10 7 27 12 0 7 17 11 7 18 29 21 13 21 17 6 14 5 12 5 14
split_gain=8.50016e-07 3.87908e-06 1.31313e-06 1.17403e-06 3.47787e-06 2.35294e-06 3.52524e-06 3.07123e-06 2.49741e-06 2.07492e-06 2.21065e-06 2.05762e-06 2.20012e-06 1.76962e-06 4.02996e-06 2.83926e-06 3.82606e-06 2.24997e-06 2.06412e-06 1.70301e-06 1.51861e-06 1.25098e-06 1.06563e-06
threshold=0.46142200000000005 0.36957600000000007 1.1052056428658903 -0.0047732369010953261 0.90891500000000014 -0.0013929845877041283 3.4210405010435054 -0.009400798758391643 0.0023228811893274007 12.500112083749039 -0.0023752724566423419 -0.2626216884355696 4.5000000000000009 0.30071600000000004 0.010731707348246558 0.34907850000000001 0.0024212474013530143 -0.0045766075449836215 0.0067719831569426564 -0.0047336947217821853 -0.0021706033455062192 0.0021299534622892251 0.013605429672463604
decision_type=2 2 2 2 2 2 2 2 2 2 2 2 2 2 2 2 2 2 2 2 2 2 2
left_child=1 3 -2 4 5 20 -7 21 -9 19 11 -11 -13 14 -12 16 -15 -16 -17 -5 22 -8 -1
right_child=2 -3 -4 9 -6 6 7 8 -10 10 13 12 -14 15 17 18 -18 -19 -20 -21 -22 -23 -24
leaf_value=-5.4814964903471265e-05 1.116610556275719e-06 0.00012118128072415856 -9.748044134539668e-05 9.186022774656521e-05 0.00013397710173584137 0.00012173362360797534 -0.00010931691420929772 0.00012699802461032627 -1.9477392543194581e-05 -0.00014465794143688981 -0.0001232324858801803 -8.1170809895528718e-05 4.6453608889578389e-05 -1.489041991849912e-05 -8.7033735555905876e-05 7.6656059085507882e-05 0.00016413319288582009 2.9916911841466668e-05 -1.3448725243721229e-05 -1.9733949857254627e-05 -0.00010850813334400299 -4.4803032596973929e-06 3.4584485638333712e-05
leaf_weight=24 31 24 20 32 21 29 21 22 20 20 35 31 20 21 20 25 22 57 270 20 20 20 24
leaf_count=24 31 24 20 32 21 29 21 22 20 20 35 31 20 21 20 25 22 57 270 20 20 20 24
internal_value=2.28669e-13 2.39974e-06 -3.75489e-05 -1.28341e-06 1.8444e-05 4.96516e-06 3.16913e-05 2.30692e-07 5.72478e-05 -8.2035e-06 -1.39068e-05 -6.3104e-05 -3.1122e-05 -6.1446e-06 -3.88263e-05 4.68484e-06 7.67031e-05 -4.5988e-07 -5.81273e-06 4.89394e-05 -3.90543e-05 -5.81771e-05 -1.01152e-05
internal_weight=849 798 51 774 201 180 112 83 42 573 521 71 51 450 112 338 43 77 295 52 68 41 48
internal_count=849 798 51 774 201 180 112 83 42 573 521 71 51 450 112 338 43 77 295 52 68 41 48
is_linear=0
shrinkage=0.3


Tree=81
num_leaves=31
num_cat=0
split_feature=4 4 15 9 17 8 1 14 6 9 27 27 27 3 1 26 11 17 8 6 2 21 9 16 11 11 14 12 26 8
split_gain=1.12712e-06 3.08483e-06 1.3585e-05 1.81169e-06 1.9528e-06 1.51168e-06 2.22049e-06 2.10744e-06 1.74303e-06 1.86527e-06 1.47579e-06 1.41793e-06 3.9663e-06 3.7123e-06 3.82053e-06 3.62997e-06 3.43562e-06 2.72928e-06 2.62199e-06 3.23359e-06 2.44565e-06 2.0708e-06 2.01497e-06 1.90907e-06 1.79219e-06 3.24305e-06 1.42307e-06 1.38669e-06 1.22504e-06 9.73359e-07
threshold=20687900.000000004 18705200.000000004 -1.0000000180025095e-35 0.0039690329845957972 0.0090396433747771763 0.023746503787498475 3.8545476097598299 0.022641839863182928 -0.011752101661371127 0.0092764919300493565 0.79971750000000008 0.81362550000000011 0.82337600000000011 3.3180645704269414 3.7294002861705118 0.55146200000000012 61.733427143990006 0.0024212474013530143 -0.0050954425797893341 0.004376713723950135 3.6850029325276963 0.45730450000000006 0.0060962965421591424 0.0023980220291902835 33.333228889020305 16.666223529478639 0.011198211804546635 0.00050118042688381177 0.58697600000000005 -0.012019329777259512
decision_type=2 2 2 2 2 2 2 2 2 2 2 2 2 2 2 2 2 2 2 2 2 2 2 2 2 2 2 2 2 2
left_child=1 11 -3 -2 5 7 -7 8 -5 10 -10 18 -13 -14 17 16 -16 28 24 20 27 -22 -21 -19 25 -1 -17 -20 -15 -27
right_child=3 2 -4 4 -6 6 -8 -9 9 -11 -12 12 13 14 15 26 -18 23 19 22 21 -23 -24 -25 -26 29 -28 -29 -30 -31
leaf_value=8.4407077224568625e-05 -8.4042588730426354e-05 -6.9771967275755742e-05 0.00023137708371205707 7.5748133689478928e-05 -9.6194921898131721e-05 2.4992384874167327e-05 -0.00011312348779855793 0.00010278316757938393 6.1446239726200433e-05 -8.3006279318295935e-05 -2.7916416341283296e-05 0.0001248904977627616 0.00012424906565554138 -0.00012471379683347549 2.6152324988453818e-05 -7.5190060597378749e-05 0.0001792035437802042 -7.7015290926283342e-05 -1.401167503109429e-05 -0.00016758904384914786 -8.7770504501349932e-06 -0.00012995405744401398 -5.1796710958067134e-05 3.5174384077457269e-05 8.4176914083400336e-05 -8.2878547254949814e-06 3.0743639555501949e-05 6.3166556848273097e-05 -3.4857471777368943e-05 -0.000101883944189467
leaf_weight=24 32 28 26 23 20 20 22 22 29 27 39 27 21 36 33 25 22 20 44 21 30 22 38 43 32 20 21 40 22 20
leaf_count=24 32 28 26 23 20 20 22 22 29 27 39 27 21 36 33 25 22 20 44 21 30 22 38 43 32 20 21 40 22 20
internal_value=-2.90323e-13 6.74254e-06 7.52257e-05 -1.77208e-05 -7.21435e-06 2.56373e-06 -4.7354e-05 1.75391e-05 1.64609e-06 -1.62944e-05 1.01941e-05 1.50576e-07 1.58084e-05 3.6882e-06 -7.71621e-06 3.53601e-05 8.73728e-05 -4.36725e-05 -1.43773e-05 -3.43579e-05 -8.91288e-06 -6.00442e-05 -9.30109e-05 -4.41386e-07 2.62083e-05 -2.77603e-06 -2.6829e-05 2.27399e-05 -9.06304e-05 -5.50859e-05
internal_weight=849 615 54 234 202 182 42 140 118 95 68 561 270 243 222 101 55 121 291 195 136 52 59 63 96 64 46 84 58 40
internal_count=849 615 54 234 202 182 42 140 118 95 68 561 270 243 222 101 55 121 291 195 136 52 59 63 96 64 46 84 58 40
is_linear=0
shrinkage=0.3


Tree=82
num_leaves=21
num_cat=0
split_feature=12 26 21 7 5 3 22 29 22 26 2 12 14 13 26 6 5 13 0 2
split_gain=1.01082e-06 1.25862e-06 6.44565e-06 5.97389e-06 1.7304e-06 1.70145e-06 2.26265e-06 2.19913e-06 1.73981e-06 1.5824e-06 1.71616e-06 1.52689e-06 1.3626e-06 2.99719e-06 3.36914e-06 2.57162e-06 1.30963e-06 1.09565e-06 8.68211e-07 9.7467e-07
threshold=-0.0054142107985138306 0.57826900000000003 0.3412690000000001 -0.0094676266196936417 0.017470423185275825 3.8066370487213139 0.38103750000000008 3.5000000000000004 0.32982050000000007 0.55512400000000006 3.2775617947435882 -0.00075832904170102054 0.016666651528978397 0.01308603178618927 0.49922450000000007 0.0086580588201370431 -0.0024301749071067931 0.013348710396701957 3.8361659180045753 3.6605842651425342
decision_type=2 2 2 2 2 2 2 2 2 2 2 2 2 2 2 2 2 2 2 2
left_child=-1 4 3 -3 9 7 -7 8 -5 10 -2 -10 13 14 -12 -15 -9 -18 19 -14
right_child=1 2 -4 5 -6 6 -8 16 11 -11 12 -13 18 15 -16 -17 17 -19 -20 -21
leaf_value=-6.6644737776186953e-05 -7.6451094228418542e-05 0.00016112180328491376 0.00016334621944406535 4.6917060117266374e-05 7.5692905709894893e-05 -0.00011974928483351294 -3.6076770053720488e-06 8.5430249534758986e-05 -0.00012306516043963711 -7.0004826791871989e-05 -5.0204292646254022e-06 -2.2352982900234306e-05 5.356645392916667e-05 -7.1031453607276718e-05 8.6405394521598072e-05 3.5694466001027297e-05 -2.2854117658945532e-05 6.1435482134781884e-05 8.8884160387741362e-05 -3.4523703869240306e-05
leaf_weight=20 29 20 25 20 22 26 36 33 20 37 232 42 26 93 43 26 35 23 21 20
leaf_count=20 29 20 25 20 22 26 36 33 20 37 232 42 26 93 43 26 35 23 21 20
internal_value=-7.53426e-14 1.60783e-06 1.7976e-05 3.72397e-06 -6.7402e-06 -9.6716e-06 -5.23122e-05 5.61002e-06 -3.00218e-05 -1.01814e-05 -5.66416e-06 -5.48408e-05 -1.21118e-06 -7.937e-06 9.27525e-06 -4.77132e-05 3.77178e-05 1.05711e-05 3.83406e-05 1.52664e-05
internal_weight=849 829 280 255 549 235 62 173 82 527 490 62 461 394 275 119 91 58 67 46
internal_count=849 829 280 255 549 235 62 173 82 527 490 62 461 394 275 119 91 58 67 46
is_linear=0
shrinkage=0.3


Tree=83
num_leaves=27
num_cat=0
split_feature=14 16 26 13 6 6 15 10 13 22 26 7 11 7 10 20 16 7 26 29 4 17 6 17 14 24
split_gain=7.82558e-07 3.02465e-06 5.96324e-06 2.34532e-06 2.0431e-06 1.68344e-06 1.36336e-06 4.06721e-06 2.49736e-06 2.1186e-06 2.0678e-06 1.74356e-06 2.32928e-06 1.6109e-06 1.56466e-06 1.38526e-06 1.35564e-06 1.32331e-06 1.69684e-06 1.42443e-06 2.50817e-06 3.33168e-06 1.56269e-06 1.65615e-06 1.40329e-06 8.57857e-07
threshold=0.011013310817769845 0.0049751196570663623 0.60173050000000006 0.010169465251819195 0.01140269989997441 -0.0098286066707209043 -0.0023337231271262269 0.13883839959829775 0.013817793326775655 0.45509000000000005 0.46297000000000005 -0.0023556392393371387 75.00062109079893 0.0045146751444975078 -1.0954451150111082 0.15649350000000004 0.0023923993522771488 -0.0086022590969546224 0.19536450000000002 3.5000000000000004 13163450.000000002 0.0046349959482040719 0.0070423371579359196 0.004778974850540749 0.015348062504336017 0.21111100000000002
decision_type=2 2 2 2 2 2 2 2 2 2 2 2 2 2 2 2 2 2 2 2 2 2 2 2 2 2
left_child=1 4 -3 -2 6 25 7 10 9 11 15 16 -13 -11 -12 -1 -8 24 -19 22 -21 -22 23 -20 -7 -5
right_child=3 2 -4 5 -6 17 8 -9 -10 13 14 12 -14 -15 -16 -17 -18 18 19 20 21 -23 -24 -25 -26 -27
leaf_value=-1.1115267544583831e-05 -8.448157224098823e-05 -2.7344630299402136e-05 0.0001987383561104902 -9.565872521267485e-05 9.3962891996852703e-05 -7.829266191521356e-05 -2.1938140926067717e-05 0.00014461939041211734 -0.00010062975872705433 7.9492454573777942e-05 -9.64109445501688e-05 -8.6223628335635832e-05 1.6445617784484057e-05 -2.4537511334139187e-05 1.277336349241003e-05 8.4984051005044926e-05 7.8894892249081741e-05 8.5418440236632401e-05 3.3916752436897902e-05 9.3438558095029387e-05 -4.5397663631266076e-05 5.9300313938258431e-05 -8.6860916024988899e-05 -4.9118749020512822e-05 1.0552721994372405e-05 -1.9190519851103853e-05
leaf_weight=27 34 21 21 23 20 32 30 20 29 37 27 59 30 21 21 27 20 27 52 37 59 51 24 37 32 31
leaf_count=27 34 21 21 23 20 32 30 20 29 37 27 59 30 21 21 27 20 27 52 37 59 51 24 37 32 31
internal_value=-2.08332e-13 9.42467e-06 8.56969e-05 -8.80208e-06 7.1969e-07 -2.44874e-06 -4.63911e-06 2.0918e-05 -1.84354e-05 -6.33573e-06 -3.33723e-06 -2.64322e-05 -5.1616e-05 4.18264e-05 -4.86428e-05 3.69344e-05 1.83951e-05 5.13765e-06 1.38362e-05 6.40268e-06 2.58713e-05 3.14413e-06 -1.89238e-05 -6.03625e-07 -3.387e-05 -5.17603e-05
internal_weight=849 410 42 439 368 405 348 122 226 197 102 139 89 58 48 54 50 351 287 260 147 110 113 89 64 54
internal_count=849 410 42 439 368 405 348 122 226 197 102 139 89 58 48 54 50 351 287 260 147 110 113 89 64 54
is_linear=0
shrinkage=0.3


Tree=84
num_leaves=26
num_cat=0
split_feature=29 16 7 14 20 20 8 5 19 8 11 24 26 22 8 27 22 14 26 8 22 10 25 21 11
split_gain=8.69482e-07 2.28699e-06 2.96484e-06 2.20134e-06 2.33943e-06 2.89469e-06 3.78194e-06 1.85304e-06 1.80412e-06 1.58635e-06 1.68498e-06 1.49927e-06 1.22608e-06 1.33627e-06 1.39736e-06 3.01344e-06 1.51356e-06 1.72036e-06 1.96363e-06 1.83232e-06 1.43761e-06 2.75676e-06 2.02976e-06 1.05156e-06 8.77754e-07
threshold=3.5000000000000004 0.0074626659135283166 -0.010037713137067193 0.007034056342246563 0.052899500000000009 0.090865000000000015 -0.007168339656693651 0.0023309797083673231 -0.55964649999999982 0.0091429495082978006 27.272897597528324 0.18333350000000004 0.22509900000000002 0.52733100000000011 -0.0023782135742288174 0.86526850000000011 0.25539100000000009 0.0097087288747822725 0.44370800000000005 -0.014931070799918367 0.29067000000000004 0.36304523614607026 0.43650750000000005 0.51422850000000009 35.29417130189217
decision_type=2 2 2 2 2 2 2 2 2 2 2 2 2 2 2 2 2 2 2 2 2 2 2 2 2
left_child=1 2 -1 -4 9 -6 11 -8 -2 10 -5 -7 -10 14 16 20 23 18 -18 -19 21 -16 -22 -14 -15
right_child=8 -3 3 4 5 6 7 -9 12 -11 -12 -13 13 24 15 -17 17 19 -20 -21 22 -23 -24 -25 -26
leaf_value=0.00011291518433912036 7.7422207167338844e-05 -7.1681420072167149e-05 7.9281002535935846e-05 -7.9335504878227684e-05 9.8253113555181381e-05 2.612173221954752e-05 -7.0208922727256232e-05 5.6361567788013085e-06 -7.0109045948136615e-05 -0.00010082604914916576 2.4990149890264117e-05 0.00013843110451261962 -9.9869463989424751e-05 -1.0401027775910536e-05 9.9149946490797449e-05 9.7623338516231428e-05 1.6870477670636318e-05 -2.0032489323727388e-05 -0.00011301165410589998 7.5831811024245862e-05 -9.7281879586969604e-05 -1.2868029995749158e-05 2.8578173068386341e-06 -1.4109584233003923e-05 -8.9496184208266111e-05
leaf_weight=27 21 28 36 22 34 23 49 71 31 27 38 20 31 23 30 33 20 38 22 34 27 58 56 22 28
leaf_count=27 21 28 36 22 34 23 49 71 31 27 38 20 31 23 30 33 20 38 22 34 27 58 56 22 28
internal_value=1.88859e-13 1.07937e-05 1.74488e-05 9.3938e-06 5.34856e-07 1.86292e-05 2.02056e-06 -2.53339e-05 -8.53934e-06 -4.04375e-05 -1.32626e-05 7.83586e-05 -1.25243e-05 -8.29415e-06 -2.03508e-06 1.46233e-05 -2.23842e-05 -2.91053e-06 -5.1163e-05 2.52368e-05 -1.39427e-06 2.53199e-05 -2.97177e-05 -6.4271e-05 -5.38258e-05
internal_weight=849 375 347 320 284 197 163 120 474 87 60 43 453 422 371 204 167 114 42 72 171 88 83 53 51
internal_count=849 375 347 320 284 197 163 120 474 87 60 43 453 422 371 204 167 114 42 72 171 88 83 53 51
is_linear=0
shrinkage=0.3


Tree=85
num_leaves=29
num_cat=0
split_feature=21 21 16 13 17 21 17 2 13 19 5 21 4 2 7 6 13 27 9 10 12 8 18 27 2 0 25 16
split_gain=8.84724e-07 6.04882e-06 2.84802e-06 2.63838e-06 2.0365e-06 1.86106e-06 1.72726e-06 2.43694e-06 1.73409e-06 1.67459e-06 1.28347e-06 1.2966e-06 1.2751e-06 1.20351e-06 8.87448e-07 1.85487e-06 2.1548e-06 1.49892e-06 2.55275e-06 1.7037e-06 1.47814e-06 2.99418e-06 2.14434e-06 1.40595e-06 1.12457e-06 1.62216e-06 8.80813e-07 5.16341e-07
threshold=0.34780800000000006 0.33472600000000002 0.0069686436966244067 0.013381151967851333 0.0026212340243427245 0.36489900000000003 0.0023866894380115702 3.3779420238862774 0.012765971810615425 -0.30830149999999995 -0.0043057500045495306 0.20049800000000004 39163700.000000007 3.2775617947435882 -0.0023752724566423419 -0.0022727356932843224 0.010377406982980958 0.80379750000000005 0.0047710532991993024 0.63201754675416966 0.0014709978122702341 0.011792645426305686 -0.42568590523742073 0.81588100000000008 3.7382803961613589 3.556696737442953 0.61250000000000016 0.00227267086998616
decision_type=2 2 2 2 2 2 2 2 2 2 2 2 2 2 2 2 2 2 2 2 2 2 2 2 2 2 2 2
left_child=1 2 4 -4 6 -2 8 -8 9 -1 -6 -12 13 -7 17 16 -16 18 -15 -20 22 -22 -17 -18 25 -19 -13 -11
right_child=5 -3 3 -5 10 12 7 -9 -10 27 11 26 -14 14 15 20 23 24 19 -21 21 -23 -24 -25 -26 -27 -28 -29
leaf_value=-9.8499355939566145e-05 -7.8807515300497713e-05 0.00017224035205799738 -4.6820650686640869e-06 0.00014587050501921277 1.200642956973752e-05 -7.3262414630532834e-05 -2.0214788046359901e-05 0.00011689553745912106 4.8715163131507113e-05 3.2867073325957918e-05 -1.9582673490190612e-05 -0.00013622232515405377 6.7558574582190806e-05 1.9877048297140782e-05 0.00011608206593791693 -0.0001212662460602587 4.5589756648821222e-05 2.8471656934988429e-05 -0.00014370872124547734 -2.8185407920773283e-05 0.00012103149492759258 -1.9470087637421593e-05 -1.3920013108069272e-05 -2.9172845499583911e-05 5.8534257263650377e-05 -7.9557802570723811e-05 -5.0139101622335149e-05 -3.4485887272239776e-05
leaf_weight=25 31 20 20 22 30 23 20 28 31 21 37 23 22 28 24 20 56 29 27 20 20 43 103 38 26 22 20 20
leaf_count=25 31 20 20 22 30 23 20 28 31 21 37 23 22 28 24 20 56 29 27 20 20 43 103 38 26 22 20 20
internal_value=1.96039e-13 1.25458e-05 1.79193e-06 7.41788e-05 -1.01306e-05 -7.47559e-06 1.32204e-05 5.97662e-05 -9.81261e-06 -3.73029e-05 -4.09115e-05 -6.07557e-05 -3.06183e-06 -6.30536e-06 -2.92814e-06 6.43012e-06 3.58511e-05 -2.16447e-05 -5.18305e-05 -9.45499e-05 -1.22348e-05 2.51336e-05 -3.13747e-05 1.53666e-05 7.7571e-06 -1.81293e-05 -9.61836e-05 1.19706e-08
internal_weight=849 317 297 42 255 532 145 48 97 66 110 80 501 479 456 304 118 152 75 47 186 63 123 94 77 51 43 41
internal_count=849 317 297 42 255 532 145 48 97 66 110 80 501 479 456 304 118 152 75 47 186 63 123 94 77 51 43 41
is_linear=0
shrinkage=0.3


Tree=86
num_leaves=21
num_cat=0
split_feature=22 29 13 15 16 19 16 20 4 8 1 1 27 12 27 8 18 27 22 12
split_gain=7.6229e-07 1.07162e-06 3.17968e-06 1.30438e-06 1.19257e-06 3.24198e-06 2.54727e-06 1.66002e-06 1.83249e-06 1.62335e-06 1.40174e-06 1.61521e-06 1.59599e-06 1.66617e-06 1.46659e-06 1.29029e-06 1.24049e-06 1.86527e-06 1.20149e-06 9.78209e-07
threshold=0.016902500000000004 1.5000000000000002 0.013817793326775655 -0.0024968804149569966 0.0022547384180809792 0.29280150000000005 0.0021551704204748039 0.027761500000000005 36004050.000000007 -0.0071175994984305768 3.6158815357559164 3.6661108454990519 0.81227200000000011 0.0020639368808401818 0.7923165000000002 -0.011428524549692455 0.014087727949842085 0.84385150000000009 0.41063250000000007 0.00015400745816396375
decision_type=2 2 2 2 2 2 2 2 2 2 2 2 2 2 2 2 2 2 2 2
left_child=-1 2 3 -2 5 6 9 -6 10 18 12 -12 14 -14 -9 -13 17 -11 -3 -18
right_child=1 4 -4 -5 7 -7 -8 8 -10 16 11 15 13 -15 -16 -17 19 -19 -20 -21
leaf_value=-4.8676575353161814e-05 4.594381999777397e-05 -0.00010101521931937895 0.00013487891938309204 -4.9154445231478243e-05 -9.0324721565015012e-05 0.00012313397248521062 9.6246337284355826e-05 7.3416627298495268e-06 -9.0757643143164876e-05 -4.6576948843721769e-05 -9.3160953318384475e-05 3.1812691287751265e-05 6.5700322398556268e-05 -3.1891534654278075e-05 -8.1229653642367341e-05 -2.1837391132066844e-05 8.7188279205292925e-05 4.9702978554301405e-05 -2.3638548918825108e-06 6.8379436243048989e-06
leaf_weight=28 25 25 21 27 22 23 24 106 22 55 23 52 74 20 20 180 25 27 20 30
leaf_count=28 25 25 21 27 22 23 24 106 22 55 23 52 74 20 20 180 25 27 20 30
internal_value=1.72539e-14 1.6601e-06 3.63546e-05 -3.43413e-06 -1.72585e-06 1.63076e-05 4.38033e-06 -9.68279e-06 -6.11313e-06 -7.73387e-06 -2.19275e-06 -1.73301e-05 1.53528e-05 4.49361e-05 -6.71728e-06 -9.81237e-06 8.50433e-06 -1.4875e-05 -5.71702e-05 4.33608e-05
internal_weight=849 821 73 52 748 229 206 519 497 182 475 255 220 94 126 232 137 82 45 55
internal_count=849 821 73 52 748 229 206 519 497 182 475 255 220 94 126 232 137 82 45 55
is_linear=0
shrinkage=0.3


Tree=87
num_leaves=22
num_cat=0
split_feature=10 10 11 26 13 4 4 6 4 27 27 6 6 10 13 13 20 17 9 17 18
split_gain=7.42808e-07 3.21937e-06 2.00226e-06 1.67725e-06 1.21263e-06 1.83091e-06 4.9481e-06 2.09808e-06 2.0184e-06 1.69825e-06 1.91066e-06 1.81677e-06 1.68771e-06 3.36908e-06 1.5239e-06 1.45011e-06 1.03742e-06 1.32321e-06 1.15582e-06 9.29075e-07 1.09052e-06
threshold=-1.1505519433243914 -1.0722119098991323 12.500112083749039 0.59791500000000009 0.01308603178618927 21201450.000000004 19399300.000000004 0.009049669046665253 27691500.000000004 0.86956100000000014 0.71499150000000011 0.0023613361398904151 0.0025542973351309678 0.35080334376313571 0.013761333209210422 0.012019192151535116 0.32501100000000011 0.0024844733819522524 0.0050001923091369978 0.0071427938889455098 -0.39011989560590737
decision_type=2 2 2 2 2 2 2 2 2 2 2 2 2 2 2 2 2 2 2 2 2
left_child=2 -2 3 -1 5 6 7 12 -7 10 -6 -11 15 -14 -12 -3 17 18 -4 20 -16
right_child=1 4 16 -5 9 8 -8 -9 -10 11 14 -13 13 -15 19 -17 -18 -19 -20 -21 -22
leaf_value=6.77753030226527e-05 0.00012276719924557257 -5.1560463844273755e-06 -4.9132411231767033e-05 -3.7119671406285103e-05 -7.5282626650213005e-05 -0.00011623104599493672 0.00016375730283471057 -7.0046110835480455e-05 5.2578149556836708e-06 -0.00011336063915474244 -5.0730399439657956e-05 -8.8964729178358896e-06 -3.6184864356156058e-05 0.0001075993803314387 5.698037137914401e-05 5.6830219852777303e-05 6.7857627077501093e-06 -1.6780747264419914e-05 -0.00015112461547687418 7.0652647106531459e-05 -6.588061331715676e-06
leaf_weight=34 20 198 20 23 28 20 20 27 32 29 32 31 22 44 33 41 25 30 20 28 92
leaf_count=34 20 198 20 23 28 20 20 27 32 29 32 31 22 44 33 41 25 30 20 28 92
internal_value=-7.05521e-14 4.14392e-06 -1.9002e-05 2.54493e-05 6.39538e-07 1.10767e-05 1.88391e-05 1.0109e-05 -4.14687e-05 -1.48059e-05 -2.24771e-06 -5.93875e-05 1.72047e-05 5.96713e-05 8.80623e-06 5.47758e-06 -4.56728e-05 -6.4408e-05 -0.000100129 2.12583e-05 1.0194e-05
internal_weight=849 697 152 57 677 404 352 332 52 273 213 60 305 66 185 239 95 70 40 153 125
internal_count=849 697 152 57 677 404 352 332 52 273 213 60 305 66 185 239 95 70 40 153 125
is_linear=0
shrinkage=0.3


Tree=88
num_leaves=16
num_cat=0
split_feature=27 18 1 26 17 17 20 16 10 18 16 26 21 17 21
split_gain=7.58743e-07 3.58571e-06 7.88274e-07 9.80615e-07 2.78685e-06 3.55418e-06 9.08408e-07 9.4528e-07 7.83038e-07 7.42057e-07 1.29387e-06 9.74398e-07 9.40316e-07 5.45564e-07 4.4276e-07
threshold=0.67494300000000007 0.14259488576964632 3.2556365406209156 0.73777900000000007 0.0026212340243427245 0.0023337788323989834 0.48204800000000009 0.002451036536479156 1.4832403085962171 0.69509182679192205 0.0023923993522771696 0.70789550000000012 0.56344650000000007 0.0050633187012946055 0.4907915000000001
decision_type=2 2 2 2 2 2 2 2 2 2 2 2 2 2 2
left_child=1 -1 -2 6 5 -5 8 -8 9 11 -11 12 -4 -6 -10
right_child=2 -3 3 4 13 -7 7 -9 14 10 -12 -13 -14 -15 -16
leaf_value=-2.7315521460610293e-05 5.6419548272970125e-05 0.00012812073425514178 6.2691906150090933e-06 -4.2339584373015288e-06 -6.5263895376946565e-05 0.00015274479859363056 -8.6430884039145894e-05 -3.8662185033899725e-06 4.8744478135631651e-06 1.0282891553288209e-05 -9.4050266150826119e-05 -6.6436805817912423e-05 -2.1586847236786495e-05 3.1969524047781304e-06 6.7244007100271118e-05
leaf_weight=34 20 22 368 27 22 25 26 24 21 20 23 22 155 20 20
leaf_count=34 20 22 368 27 22 25 26 24 21 20 23 22 155 20 20
internal_value=-5.95249e-14 3.37487e-05 -2.38326e-06 -3.90468e-06 2.48132e-05 7.12366e-05 -7.88035e-06 -4.67998e-05 -4.78659e-06 -7.58164e-06 -4.55232e-05 -4.58809e-06 -1.98642e-06 -3.26635e-05 3.52986e-05
internal_weight=849 56 793 773 94 52 679 50 629 588 43 545 523 42 41
internal_count=849 56 793 773 94 52 679 50 629 588 43 545 523 42 41
is_linear=0
shrinkage=0.3


Tree=89
num_leaves=26
num_cat=0
split_feature=6 9 6 6 22 22 0 2 16 6 6 9 6 21 4 22 4 25 4 2 4 23 18 22 7
split_gain=7.54829e-07 4.81506e-06 1.23672e-06 7.08804e-07 7.55561e-07 1.78384e-06 1.60426e-06 2.42338e-06 1.77229e-06 1.57551e-06 1.16233e-06 1.1722e-06 1.12028e-06 1.11368e-06 1.54544e-06 1.43028e-06 1.13763e-06 1.85431e-06 9.96804e-07 1.06587e-06 9.49526e-07 7.49561e-07 6.66216e-07 6.18116e-07 4.21019e-07
threshold=0.01160121495900907 0.0089987200708024507 0.020409187375984888 0.0089787214844812106 0.39415000000000006 0.41443600000000008 3.5703136706216223 3.6384434374287009 0.0022935210409311441 -0.0023894957912037845 -0.0050569039733008745 0.0038437519032354585 -0.014036279893351329 0.31520250000000011 12744100.000000002 0.30286700000000005 26623550.000000004 0.15476200000000004 15121050.000000002 3.6850031266338559 17200100.000000004 0.15476200000000004 0.15644728583298614 0.28587850000000009 -0.0023556392393371387
decision_type=2 2 2 2 2 2 2 2 2 2 2 2 2 2 2 2 2 2 2 2 2 2 2 2 2
left_child=3 -2 -3 4 12 -6 10 -8 20 -10 -7 -12 -1 14 -14 16 17 -15 19 -17 -9 -13 -20 -5 -16
right_child=1 2 -4 23 5 6 7 8 9 -11 11 21 13 15 24 18 -18 -19 22 -21 -22 -23 -24 -25 -26
leaf_value=5.9623803956908108e-05 0.0001538477018220874 -7.3778436771218284e-05 2.3748473235173149e-05 -4.2257285713276362e-06 9.3685863620604238e-05 -8.3557792174321108e-05 9.7609134257936603e-05 0.00010261161665766849 2.9294231262610991e-05 -5.475505970433896e-05 -6.6477993228049442e-05 5.0323242001988028e-05 7.5926836824033548e-05 -4.6221041520297641e-05 2.3637141730432628e-05 2.132692251017523e-05 4.4045328861423461e-05 8.5004738691050289e-06 -4.8014141163303762e-05 -7.0792558017274135e-05 1.2293910355186776e-05 -1.6888686161564692e-05 -0.00011894762835089006 -7.8811561131715286e-05 -3.1848886561647301e-05
leaf_weight=21 20 22 25 20 22 23 32 20 34 49 22 28 29 97 20 26 34 131 26 20 22 32 22 20 32
leaf_count=21 20 22 25 20 22 23 32 20 34 49 22 28 29 97 20 26 34 131 26 20 22 32 22 20 32
internal_value=-1.92022e-14 3.05603e-05 -2.19024e-05 -2.61834e-06 -5.21286e-07 1.16358e-05 4.74605e-06 2.39439e-05 5.08563e-06 -2.03252e-05 -2.39594e-05 -7.24272e-06 -8.05971e-06 -1.13122e-05 2.04377e-05 -1.85362e-05 -7.14633e-06 -1.47802e-05 -5.02826e-05 -1.8725e-05 5.53023e-05 1.44769e-05 -8.05253e-05 -4.15186e-05 -1.05081e-05
internal_weight=849 67 47 782 742 284 262 157 125 83 105 82 458 437 81 356 262 228 94 46 42 60 48 40 52
internal_count=849 67 47 782 742 284 262 157 125 83 105 82 458 437 81 356 262 228 94 46 42 60 48 40 52
is_linear=0
shrinkage=0.3


Tree=90
num_leaves=19
num_cat=0
split_feature=0 0 6 7 18 20 5 27 7 19 19 29 4 21 21 18 13 20
split_gain=7.15974e-07 3.40022e-06 1.00257e-06 1.05026e-06 7.20798e-07 1.28793e-06 8.51259e-07 1.40829e-06 1.398e-06 9.72535e-07 1.1102e-06 1.22506e-06 8.3365e-07 7.8972e-07 1.07716e-06 8.23493e-07 7.64342e-07 5.5409e-07
threshold=3.8629084828415365 3.8848055970622304 -0.0021120926958983267 -1.0000000180025095e-35 -0.75464470592819377 0.022872000000000003 0.0047903350033054 0.8984970000000001 0.0050698295140237546 0.32915600000000006 0.13360250000000004 3.5000000000000004 8389300.0000000019 0.64421400000000018 0.27396200000000004 -0.24568496304149365 0.011379655974409127 0.28063150000000009
decision_type=2 2 2 2 2 2 2 2 2 2 2 2 2 2 2 2 2 2
left_child=4 -2 -3 -4 17 -6 7 9 13 10 12 -12 -7 14 -8 -16 -9 -1
right_child=1 2 3 -5 5 6 8 16 -10 -11 11 -13 -14 -15 15 -17 -18 -19
leaf_value=-6.8959409998989513e-05 0.0001020653259836442 3.2927211536194328e-05 -7.8222653028205957e-05 5.4668819127702873e-07 6.8501058969717551e-05 -5.9117792785400516e-05 3.72418004553765e-05 -1.4996887061304573e-05 6.8239279246751856e-05 -5.0184536825039878e-05 9.8729581900443015e-05 6.1260432630660942e-06 -2.2027311612354031e-06 5.2000739957623993e-05 2.1587537758023243e-05 -4.9855483328274372e-05 -8.7687552677380141e-05 -2.5409722820768364e-06
leaf_weight=26 34 35 25 39 23 25 30 23 35 38 20 36 315 22 20 53 30 20
leaf_count=26 34 35 25 39 23 25 30 23 35 38 20 36 315 22 20 53 30 20
internal_value=1.5872e-13 2.02137e-05 -7.8969e-06 -3.02226e-05 -3.75479e-06 -1.26069e-06 -3.74063e-06 -9.97791e-06 1.52441e-05 -4.3403e-06 5.88991e-08 3.91987e-05 -6.38766e-06 4.05443e-07 -1.06149e-05 -3.02821e-05 -5.61425e-05 -4.00818e-05
internal_weight=849 133 99 64 716 670 647 487 160 434 396 56 340 125 103 73 53 46
internal_count=849 133 99 64 716 670 647 487 160 434 396 56 340 125 103 73 53 46
is_linear=0
shrinkage=0.3


Tree=91
num_leaves=15
num_cat=0
split_feature=3 20 7 27 1 9 6 9 27 27 27 7 7 23
split_gain=6.81284e-07 2.6145e-06 6.22669e-07 1.29363e-06 7.1479e-07 8.88953e-07 8.52957e-07 1.45677e-06 8.36403e-07 7.37629e-07 1.18847e-06 1.03862e-06 8.75438e-07 4.58015e-07
threshold=3.898955345153809 0.35493350000000007 -0.016001680032316123 0.93106800000000012 3.2556365406209156 0.0029265225746942353 -0.0023752724566423419 0.0025475603343364816 0.83297750000000004 0.90891500000000014 0.88411050000000013 0.0023228660641632418 1.0000000180025095e-35 0.29285700000000009
decision_type=2 2 2 2 2 2 2 2 2 2 2 2 2 2
left_child=2 13 -1 4 -4 6 -6 8 -8 10 12 -12 -7 -2
right_child=1 -3 3 -5 5 9 7 -9 -10 -11 11 -13 -14 -15
leaf_value=4.958003368756181e-05 1.4949114473792077e-05 0.00010657657064439264 5.4182129233595326e-05 -7.1152680266095555e-05 -2.5697818422155582e-05 5.0677589776100964e-06 5.0163371720966251e-05 0.00010754386642344929 -3.3721650115694498e-05 3.5682206237197535e-05 -8.9374688329826312e-05 -3.5565432137280529e-06 -1.939002434877217e-05 -4.2009422736555278e-05
leaf_weight=20 27 25 20 25 22 303 23 21 20 34 30 22 233 24
leaf_count=20 27 25 20 25 22 303 23 21 20 34 30 22 233 24
internal_value=-1.08023e-13 2.71028e-05 -2.6647e-06 -4.05234e-06 -1.74807e-06 -3.32802e-06 2.52604e-05 4.27773e-05 1.11471e-05 -7.28076e-06 -9.76502e-06 -5.3067e-05 -5.56408e-06 -1.18549e-05
internal_weight=849 76 773 753 728 708 86 64 43 622 588 52 536 51
internal_count=849 76 773 753 728 708 86 64 43 622 588 52 536 51
is_linear=0
shrinkage=0.3


Tree=92
num_leaves=26
num_cat=0
split_feature=27 7 10 5 20 6 6 22 6 18 18 22 14 10 9 9 19 20 9 9 23 18 14 13 4
split_gain=7.75025e-07 8.40543e-07 6.09708e-07 1.12875e-06 1.02165e-06 4.40399e-06 1.21922e-06 1.2397e-06 4.17901e-06 1.52556e-06 1.42341e-06 1.36071e-06 1.02006e-06 9.64337e-07 1.20445e-06 9.55396e-07 8.23993e-07 1.4074e-06 1.22713e-06 1.16237e-06 1.4089e-06 6.43893e-07 5.67565e-07 4.66515e-07 2.83025e-07
threshold=0.93369400000000013 -0.016001680032316123 -0.7071100576379975 -0.0022698295349678379 0.46362300000000006 0.0073261222498109081 0.0047113438466751473 0.35992900000000011 0.0023980826506336344 -0.04327044868969105 0.30858723490278184 0.30286700000000005 0.013498370696543228 1.0536138582991763 0.0079227060909101022 0.0046446172499156431 0.12877350000000001 0.20823750000000002 0.0055013198012703714 0.0083655687834238764 0.15476200000000004 0.25946295469437225 0.018076380296554565 0.011294174184982559 14636000.000000002
decision_type=2 2 2 2 2 2 2 2 2 2 2 2 2 2 2 2 2 2 2 2 2 2 2 2 2
left_child=1 -1 3 16 6 21 7 10 9 -9 11 -4 13 14 -8 -12 17 19 -19 20 -3 24 -14 -5 -6
right_child=-2 2 4 23 5 -7 12 8 -10 -11 15 -13 22 -15 -16 -17 -18 18 -20 -21 -22 -23 -24 -25 -26
leaf_value=-6.0828446450094424e-05 5.2037803878192789e-05 8.8997735264666302e-06 2.7304644235827444e-05 -8.7148365777725938e-05 -5.0920655103254826e-05 0.00015884426555658139 -9.6090996224742602e-05 -3.0034557812541604e-05 0.00014878743901214835 3.9279749324324399e-05 -0.0001013131072932083 -3.9293134883871214e-05 4.1878821628835377e-05 5.5573405714110575e-06 -1.2294166404339753e-05 -1.1659405185048893e-05 -4.8485275449365872e-05 0.00010017020340455928 8.1299334283357897e-06 3.0175281888379966e-05 -6.9414581888726056e-05 4.024068915441603e-05 -1.82245911057708e-05 -2.7529556619912099e-05 -4.506266668613534e-07
leaf_weight=21 25 39 101 21 20 20 38 51 23 65 20 38 26 27 26 23 30 22 32 39 44 20 31 27 20
leaf_count=21 25 39 101 21 20 20 38 51 23 65 20 38 26 27 26 23 30 22 32 39 44 20 31 27 20
internal_value=-9.50571e-15 -1.57882e-06 -2.93247e-08 -1.21826e-05 5.59351e-06 3.69284e-05 2.48535e-07 1.06347e-05 3.19679e-05 8.80536e-06 -5.65823e-06 9.09806e-06 -2.22782e-05 -4.19896e-05 -6.20485e-05 -5.33588e-05 -2.52898e-06 5.30448e-06 4.56278e-05 -1.25436e-05 -3.26163e-05 -3.7102e-06 9.191e-06 -5.36128e-05 -2.56856e-05
internal_weight=849 824 803 254 549 80 469 321 139 116 182 139 148 91 64 43 206 176 54 122 83 60 57 48 40
internal_count=849 824 803 254 549 80 469 321 139 116 182 139 148 91 64 43 206 176 54 122 83 60 57 48 40
is_linear=0
shrinkage=0.3


Tree=93
num_leaves=18
num_cat=0
split_feature=5 6 3 14 7 21 27 24 2 18 0 22 9 4 1 19 22
split_gain=6.09686e-07 5.91299e-07 2.56366e-06 7.78287e-07 7.41374e-07 1.14664e-06 7.59869e-07 2.20717e-06 1.68881e-06 8.67304e-07 7.86404e-07 8.03002e-07 1.2126e-06 6.95559e-07 6.63059e-07 4.04033e-07 3.31624e-07
threshold=0.023048577961508842 0.01160121495900907 3.8270754814147954 0.012690343043181961 -0.016001680032316123 0.090954500000000008 0.87680000000000013 0.21111100000000002 3.6907189904709634 0.060086135541319953 3.8725278392087161 0.6415590000000001 0.0064833493765548535 9395950.0000000019 3.9247502167781776 -0.092208999999999985 0.32430100000000006
decision_type=2 2 2 2 2 2 2 2 2 2 2 2 2 2 2 2 2
left_child=1 4 3 -3 -1 15 10 -8 9 -9 11 13 -13 -7 -12 -6 -16
right_child=-2 2 -4 -5 5 6 7 8 -10 -11 14 12 -14 -15 16 -17 -18
leaf_value=5.5930928392626808e-05 -5.1758647005044621e-05 -5.1430913037041718e-05 0.00011800723299870697 2.8367604500090238e-05 -8.0431967996576399e-05 2.897519658728453e-05 0.00010155626802588813 2.3384565533238596e-06 4.4938493430471188e-05 -8.2896991708284151e-05 -6.1976605866220777e-05 1.1619263600550767e-05 -9.2847917649123695e-05 -1.5099569103540489e-06 2.1459896294118151e-05 -2.0852420157098091e-05 -3.31717402286813e-05
leaf_weight=20 20 22 20 22 21 81 25 21 39 22 36 20 20 400 20 20 20
leaf_count=20 20 22 20 22 21 81 25 21 39 22 36 20 20 400 20 20 20
internal_value=-1.50886e-13 1.2487e-06 2.89492e-05 -1.15317e-05 -1.06873e-06 -2.59892e-06 2.41367e-07 2.35223e-05 -2.68597e-07 -4.12704e-05 -3.93126e-06 2.27323e-07 -4.06143e-05 3.62372e-06 -3.24394e-05 -5.13688e-05 -5.85592e-06
internal_weight=849 829 64 44 765 745 704 107 82 43 597 521 40 481 76 41 40
internal_count=849 829 64 44 765 745 704 107 82 43 597 521 40 481 76 41 40
is_linear=0
shrinkage=0.3


Tree=94
num_leaves=17
num_cat=0
split_feature=27 7 8 8 15 5 19 5 4 17 12 11 27 20 27 13
split_gain=6.89768e-07 9.0106e-07 7.14602e-07 2.29261e-06 8.67596e-07 9.01644e-07 7.93159e-07 9.91424e-07 8.03033e-07 7.26559e-07 1.05384e-06 7.54502e-07 5.67224e-07 8.1795e-07 6.33825e-07 1.31569e-07
threshold=0.93369400000000013 -0.013731470588914609 0.013305043120291243 0.01158769918816502 -0.013730035529787453 -0.010037713137067193 0.17362250000000004 0.0047732783226335654 14120400.000000002 0.0070257544552168793 0.0018157956673002247 78.759336297604605 0.87190550000000011 0.17764000000000005 0.78570100000000009 0.011871025159671927
decision_type=2 2 2 2 2 2 2 2 2 2 2 2 2 2 2 2
left_child=1 -1 3 4 -3 -6 7 -7 -8 10 11 -4 13 -12 -15 -13
right_child=-2 2 9 -5 5 6 8 -9 -10 -11 12 15 -14 14 -16 -17
leaf_value=-4.9309340204886484e-05 4.9092213414041908e-05 -5.0086300520238829e-05 -9.5244641721592408e-05 8.9320032796942007e-05 5.0645014592061799e-05 -2.0904177376997596e-08 1.3526923123988255e-05 3.8662702021004707e-05 -4.2836484020741545e-05 3.1417418544151588e-05 6.1296928015508451e-05 -1.0756005622170051e-05 -4.6194130365100651e-05 -4.4265064338105729e-05 2.3288933298317716e-05 -4.5167100397520697e-05
leaf_weight=34 25 28 24 28 35 347 35 72 65 25 20 20 21 25 25 20
leaf_count=34 25 28 24 28 35 347 35 72 65 25 20 20 21 25 25 20
internal_value=-9.9707e-14 -1.48945e-06 5.68623e-07 5.46992e-06 1.43589e-06 4.0399e-06 8.96978e-07 6.6264e-06 -2.31093e-05 -1.60413e-05 -2.3696e-05 -5.31927e-05 -2.951e-06 1.00219e-05 -1.04881e-05 -2.79616e-05
internal_weight=849 824 790 610 582 554 519 419 100 180 155 64 91 70 50 40
internal_count=849 824 790 610 582 554 519 419 100 180 155 64 91 70 50 40
is_linear=0
shrinkage=0.3


Tree=95
num_leaves=16
num_cat=0
split_feature=12 3 8 27 7 20 5 10 20 8 20 14 5 6 19
split_gain=6.44044e-07 7.24375e-07 3.31975e-06 8.54208e-07 5.37713e-07 9.30579e-07 4.62068e-07 8.13778e-07 1.26363e-06 7.48277e-07 6.70948e-07 5.64575e-07 1.2732e-06 9.8916e-07 3.78443e-07
threshold=0.0061814724393058221 3.898955345153809 0.01158769918816502 0.80379750000000005 -0.016001680032316123 0.024633500000000006 0.0094007286155527118 0.95985216109408433 0.14174150000000002 0.0075094376083837911 0.24259950000000002 0.014492823991961177 -0.0057855860668339981 -0.0097287096393389155 -0.21229749999999997
decision_type=2 2 2 2 2 2 2 2 2 2 2 2 2 2 2
left_child=1 4 3 -3 -1 -6 7 11 -9 -10 14 12 -7 -13 -8
right_child=-2 2 -4 -5 5 6 10 8 9 -11 -12 13 -14 -15 -16
leaf_value=4.7281370534619782e-05 -4.8444711865158745e-05 -5.5652832855665349e-05 0.00012691809655662341 2.6109668215212879e-05 -5.1045397822235823e-05 4.607516700785297e-05 1.7014922831322111e-05 -8.9102335471619398e-05 3.024680924162177e-05 -3.0381861998253988e-05 -1.3070962808114928e-05 -7.7202819359172277e-05 4.5021209252339983e-08 -3.8641633977931628e-06 7.4033962153986394e-05
leaf_weight=20 24 23 22 23 34 64 20 23 28 53 28 20 349 96 22
leaf_count=20 24 23 22 23 34 64 20 23 28 53 28 20 349 96 22
internal_value=9.07486e-14 1.4093e-06 3.10692e-05 -1.47716e-05 -1.255e-06 -2.57213e-06 -2.27761e-07 -2.78543e-06 -2.7045e-05 -9.4238e-06 2.29008e-05 1.98395e-06 7.17802e-06 -1.65088e-05 4.6882e-05
internal_weight=849 825 68 46 757 737 703 633 104 81 70 529 413 116 42
internal_count=849 825 68 46 757 737 703 633 104 81 70 529 413 116 42
is_linear=0
shrinkage=0.3


Tree=96
num_leaves=24
num_cat=0
split_feature=8 8 16 14 17 7 11 11 19 26 21 10 11 29 9 0 0 8 3 23 21 6 17
split_gain=5.23135e-07 1.84641e-06 7.14422e-07 1.50613e-06 1.28853e-06 2.29576e-06 1.14931e-06 1.25841e-06 8.40982e-07 7.81678e-07 9.50433e-07 8.43503e-07 9.86209e-07 7.18511e-07 5.74031e-07 5.58397e-07 5.08368e-07 7.55815e-07 6.99194e-07 1.42375e-06 6.91515e-07 5.95064e-07 4.13466e-07
threshold=0.012121661648152048 0.010672418613968173 0.0045197755200501689 0.0093567288142493536 0.0025348558666648808 0.0024906544293082093 11.438189850912197 33.333228889020305 -0.69494899999999993 0.66821550000000007 0.29949350000000002 -1.4335280734753015 61.538405111661127 4.5000000000000009 0.0049193147747126102 3.6914338456266278 3.7649185067508175 0.034108107047310633 3.8585708141326909 0.47222200000000009 0.24524750000000003 0.007211561670472628 0.0024331166296083207
decision_type=2 2 2 2 2 2 2 2 2 2 2 2 2 2 2 2 2 2 2 2 2 2 2
left_child=1 2 8 -4 6 14 -5 -8 -1 10 -10 -12 -13 -9 -6 -11 17 20 -18 -20 -2 22 -22
right_child=16 -3 3 4 5 -7 7 13 9 15 11 12 -14 -15 -16 -17 18 -19 19 -21 21 -23 -24
leaf_value=-5.859685822822659e-05 3.0469726789306149e-05 9.1605282185420431e-05 8.5689068782812669e-05 5.0036599142393759e-05 4.2497003283187947e-05 0.00012345523270596457 -7.1975848375889953e-05 2.7924850350887831e-05 -5.4975752011939348e-05 6.6246360754872592e-05 4.3300051476080623e-05 -1.7432928454643214e-05 2.9491479918760886e-05 -3.6354247778694241e-05 -1.5736985831328917e-05 3.6525246577153224e-06 -7.147512434231531e-05 4.5071952383295866e-05 3.1513530881244965e-05 -7.1054926658169795e-05 -4.3521311038473093e-05 -7.2292381981071683e-05 1.136400795985537e-05
leaf_weight=26 24 21 24 21 25 20 36 34 35 23 32 208 50 29 39 29 27 25 29 21 21 20 30
leaf_count=26 24 21 24 21 25 20 36 34 35 23 32 208 50 29 39 29 27 25 29 21 21 20 30
internal_value=-7.85162e-14 4.09339e-06 1.18095e-06 1.46015e-05 6.23822e-06 3.47356e-05 -1.37099e-05 -2.72319e-05 -6.4118e-06 -2.81283e-06 -8.277e-06 -2.64094e-06 -8.33905e-06 -1.66394e-06 7.01067e-06 3.13383e-05 -1.35477e-05 -1.34002e-06 -3.25726e-05 -1.15652e-05 -1.35537e-05 -2.84349e-05 -1.12358e-05
internal_weight=849 652 631 228 204 84 120 99 403 377 325 290 258 63 64 52 197 120 77 50 95 71 51
internal_count=849 652 631 228 204 84 120 99 403 377 325 290 258 63 64 52 197 120 77 50 95 71 51
is_linear=0
shrinkage=0.3


Tree=97
num_leaves=19
num_cat=0
split_feature=19 27 19 20 20 17 4 20 8 17 7 8 24 16 20 26 26 19
split_gain=5.81045e-07 5.16036e-07 2.27959e-06 8.56399e-07 3.95251e-07 5.44106e-07 5.68686e-07 5.15246e-07 4.28883e-07 8.26524e-07 1.02844e-06 7.95629e-07 7.10826e-07 9.09022e-07 7.40073e-07 5.41741e-07 2.10726e-06 1.18945e-06
threshold=-0.76112799999999992 0.67825750000000007 0.20307200000000003 0.17856050000000004 0.48687200000000003 0.0048484873485165761 17422100.000000004 0.45108350000000003 -0.011428524549692455 0.0045402966681029116 -0.0043057500045495306 -0.0095352624689669617 0.15476200000000004 0.0050633187012945327 0.20450800000000002 0.47417200000000004 0.50393100000000002 -0.066342499999999985
decision_type=2 2 2 2 2 2 2 2 2 2 2 2 2 2 2 2 2 2
left_child=-1 2 3 -2 7 6 -6 8 9 12 -11 -10 14 -14 -3 17 -17 -13
right_child=1 4 -4 -5 5 -7 -8 -9 11 10 -12 15 13 -15 -16 16 -18 -19
leaf_value=3.9026565768422599e-05 2.7749114888138135e-05 -7.635136826138478e-05 0.00010789808019563196 -6.0043753655918408e-05 -1.0897846531688942e-05 1.8000319637394566e-05 -7.1999546858373485e-05 4.0843247412340129e-05 -6.3135674264975191e-05 8.5872860588345002e-06 9.4801156897119648e-05 -3.4138411078093038e-05 4.363744779906343e-05 -3.3780567589149412e-05 1.0733630988397634e-06 8.3227105911325752e-05 -5.1776295306731764e-06 5.9881492890983489e-06
leaf_weight=33 20 20 20 20 29 20 26 25 22 33 20 131 39 21 25 28 182 135
leaf_count=33 20 20 20 20 29 20 26 25 22 33 20 131 39 21 25 28 182 135
internal_value=4.77796e-15 -1.57828e-06 2.52011e-05 -1.61473e-05 -3.70363e-06 -2.43736e-05 -3.97823e-05 -1.4272e-06 -3.03812e-06 1.05802e-05 4.11208e-05 -7.35881e-06 -4.83547e-06 1.65411e-05 -3.33376e-05 -4.78089e-06 6.60967e-06 -1.37734e-05
internal_weight=849 816 60 40 756 75 55 681 656 158 53 498 105 60 45 476 210 266
internal_count=849 816 60 40 756 75 55 681 656 158 53 498 105 60 45 476 210 266
is_linear=0
shrinkage=0.3


Tree=98
num_leaves=24
num_cat=0
split_feature=4 27 9 21 26 17 0 24 7 17 20 29 3 6 0 18 6 14 0 26 13 14 3
split_gain=4.54237e-07 1.07763e-06 2.28952e-06 1.03176e-06 1.81541e-06 2.57947e-06 1.28184e-06 1.22697e-06 9.61158e-07 2.08846e-06 7.64582e-07 8.93024e-07 1.27918e-06 1.28247e-06 1.27759e-06 7.63744e-07 1.14763e-06 9.07642e-07 7.58405e-07 8.57922e-07 6.60217e-07 5.44017e-07 4.9149e-07
threshold=11292100.000000002 0.67494300000000007 0.0059847819750379 0.39414650000000007 0.34413400000000005 0.0047505892506634071 3.6938825258015116 0.26136350000000003 -0.010152399047036286 0.0025575422618264411 0.024633500000000006 5.5000000000000009 3.7102707624435429 -0.0023951633097359635 3.7851958104079015 0.61884144695708454 0.0089787214844812106 0.009592316815633559 3.7462103879395654 0.5720265000000001 0.011021816845352346 0.013636350336153916 3.7641805410385136
decision_type=2 2 2 2 2 2 2 2 2 2 2 2 2 2 2 2 2 2 2 2 2 2 2
left_child=3 2 -2 18 6 7 -5 -6 9 -3 -10 15 13 -13 -14 16 17 -12 19 -1 -21 -17 -18
right_child=1 8 -4 4 5 -7 -8 -9 10 -11 11 12 14 -15 -16 21 22 -19 -20 20 -22 -23 -24
leaf_value=-6.85541006687758e-05 -2.0100360006836127e-05 0.00010761920234867631 0.00012344635487352207 5.4684552651451663e-06 2.8701710407403878e-05 -4.1422942463807128e-05 -9.2581350223294322e-05 0.00013030170611391835 -5.1337699622828427e-05 -1.0143344936543806e-05 -3.7159870907530178e-06 -3.9122663079540179e-06 7.1293162191068393e-05 -8.8171242640709276e-05 -2.2817502633335756e-05 6.5169970589017281e-06 4.6277278422415049e-06 3.2180011878813647e-05 -7.9833986950689001e-05 -3.9683696313659306e-05 3.0684108460263814e-05 -5.1305479570373787e-05 -5.4836145939369654e-05
leaf_weight=22 20 23 20 28 20 23 21 23 28 33 97 29 20 37 37 27 22 183 25 20 30 32 29
leaf_count=22 20 23 20 28 20 23 21 23 28 33 97 29 20 37 37 27 22 183 25 20 30 32 29
internal_value=-1.06838e-13 4.0032e-06 5.1673e-05 -1.20285e-05 7.19264e-06 3.96704e-05 -3.65529e-05 8.30459e-05 8.0924e-07 3.82234e-05 -3.06358e-06 -4.28732e-07 -2.27169e-05 -5.11484e-05 1.02038e-05 6.60061e-06 1.22056e-05 1.97446e-05 -3.48164e-05 -1.91853e-05 2.53699e-06 -2.48443e-05 -2.91851e-05
internal_weight=849 637 40 212 115 66 49 43 597 56 541 513 123 66 57 390 331 280 97 72 50 59 51
internal_count=849 637 40 212 115 66 49 43 597 56 541 513 123 66 57 390 331 280 97 72 50 59 51
is_linear=0
shrinkage=0.3


Tree=99
num_leaves=17
num_cat=0
split_feature=13 5 21 22 12 19 7 27 24 11 8 13 15 10 11 21
split_gain=6.81779e-07 3.78559e-06 1.01653e-06 7.77032e-07 1.01766e-06 6.98041e-07 6.31107e-07 5.21486e-07 5.69509e-07 4.91476e-07 1.16923e-06 7.60536e-07 1.23061e-06 7.39597e-07 6.09149e-07 2.97948e-07
threshold=0.0094088907379740617 0.0046512588910139997 0.065615500000000007 0.49454200000000009 -0.0004986654754100204 -0.014179499999999998 -0.016001680032316123 0.62411500000000009 0.77500000000000013 41.042667210475692 -0.0068493719078810541 0.010526324142691357 0.0023866894380115927 -0.69345595830334017 42.858017285271238 0.51965300000000003
decision_type=2 2 2 2 2 2 2 2 2 2 2 2 2 2 2 2
left_child=1 3 -2 4 15 -6 -4 -8 9 10 13 12 -11 -9 -13 -1
right_child=2 -3 6 -5 5 -7 7 8 -10 11 -12 14 -14 -15 -16 -17
leaf_value=-5.7907292102754578e-06 5.585368212632602e-05 0.00014006592593432288 -5.6933463643612671e-05 4.8286524698100531e-05 -7.9197416012902967e-05 -5.0047616761211031e-06 -4.9552798191143663e-05 -1.3314235176484874e-05 4.7249749314630663e-05 -9.5095513669158607e-06 6.9326361011690099e-05 -5.486075086602276e-05 -0.00010279507398081477 2.3399807940007263e-05 -2.0958863601004947e-06 4.5992792674951491e-05
leaf_weight=20 25 20 21 22 25 21 22 141 20 35 24 21 20 76 316 20
leaf_count=20 25 20 21 22 25 21 22 141 20 35 24 21 20 76 316 20
internal_value=-5.77774e-14 2.01768e-05 -3.58201e-06 -2.02491e-06 -1.48953e-05 -4.53269e-05 -5.71691e-06 -4.12351e-06 -2.59296e-06 -4.16777e-06 6.49341e-06 -1.07222e-05 -4.34316e-05 -4.55861e-07 -5.3839e-06 2.0101e-05
internal_weight=849 128 721 108 86 46 696 675 653 633 241 392 55 217 337 40
internal_count=849 128 721 108 86 46 696 675 653 633 241 392 55 217 337 40
is_linear=0
shrinkage=0.3


Tree=100
num_leaves=27
num_cat=0
split_feature=14 6 20 21 22 27 27 17 13 5 18 0 7 9 5 9 16 10 9 13 6 26 11 22 6 20
split_gain=6.49642e-07 1.37542e-06 1.44804e-06 1.32219e-06 9.16762e-07 7.80328e-07 1.29924e-06 1.12509e-06 6.99986e-07 6.85226e-07 6.64179e-07 6.48177e-07 6.38258e-07 6.20977e-07 1.08782e-06 8.64784e-07 9.12921e-07 8.53533e-07 1.16718e-06 9.02842e-07 8.46565e-07 1.21842e-06 7.27403e-07 7.0819e-07 6.24269e-07 4.12099e-07
threshold=0.011013310817769845 -0.0086958306491596703 0.49681250000000005 0.11031900000000001 0.49836500000000006 0.87980250000000015 0.78486250000000013 0.0024096936510914304 0.010551536929795295 -0.0024600158655680702 -0.073545131925077709 3.4354736702621129 0.0023557288057373441 0.0070167385606989905 0.0047903350033054 0.013203659627465931 0.0023310001287126605 -0.5577759203259921 0.0044338291620753334 0.012091880854307156 0.004376713723950135 0.35310650000000005 62.678729298756529 0.48665350000000007 0.0089787214844812106 0.33337750000000005
decision_type=2 2 2 2 2 2 2 2 2 2 2 2 2 2 2 2 2 2 2 2 2 2 2 2 2 2
left_child=1 -1 3 -3 5 6 9 -7 12 -5 -6 -8 -2 14 17 20 -17 19 -19 -10 21 -15 -18 25 -22 -23
right_child=8 2 -4 4 10 7 11 -9 13 -11 -12 -13 -14 15 -16 16 22 18 -20 -21 24 23 -24 -25 -26 -27
leaf_value=6.2179318935634984e-05 -1.2614616318915655e-05 -7.7254195111891015e-05 6.8551631487220481e-05 5.4832014817899714e-05 7.9461820944613589e-05 -1.5415333759197631e-05 -6.7215355145034501e-05 8.400641971320509e-05 6.7891280423282296e-05 -1.3167553538871391e-06 1.1604598377262471e-05 -1.8947079382949023e-05 -7.9428269542735163e-05 -9.9893557577161119e-05 5.6802206290740284e-05 5.8573693482125792e-05 2.1345025035973067e-05 1.9078104807906331e-05 -6.4469355343402742e-05 -8.1056654380518015e-06 3.6372382904422311e-05 2.1778495933436455e-05 -5.3100383801003257e-05 -6.2557141245633832e-05 -2.7017534494947978e-05 -3.3815961764308406e-05
leaf_weight=39 31 20 28 27 21 21 34 20 24 71 34 95 22 25 36 26 27 27 34 34 27 28 21 27 29 21
leaf_count=39 31 20 28 27 21 21 34 20 24 71 34 95 22 25 36 26 27 27 34 34 27 28 21 27 29 21
internal_value=7.472e-15 8.58706e-06 2.95338e-06 -2.40158e-06 2.23325e-06 -5.00714e-06 -1.18869e-05 3.30831e-05 -8.01981e-06 1.41528e-05 3.75137e-05 -3.1669e-05 -4.03486e-05 -3.58088e-06 1.11086e-05 -1.34374e-05 1.3299e-05 -2.71472e-06 -2.74893e-05 2.33413e-05 -2.60393e-05 -4.24428e-05 -1.12248e-05 -2.35445e-05 3.54546e-06 -2.0477e-06
internal_weight=849 410 371 343 323 268 227 41 439 98 55 129 53 386 155 231 74 119 61 58 157 101 48 76 56 49
internal_count=849 410 371 343 323 268 227 41 439 98 55 129 53 386 155 231 74 119 61 58 157 101 48 76 56 49
is_linear=0
shrinkage=0.3


Tree=101
num_leaves=19
num_cat=0
split_feature=19 13 6 6 25 20 12 25 10 23 5 13 19 5 18 0 6 13
split_gain=5.25434e-07 5.97333e-07 2.96624e-06 5.98713e-07 5.73317e-07 5.60725e-07 5.45643e-07 5.27107e-07 5.18993e-07 8.23919e-07 6.8564e-07 5.71742e-07 1.11619e-06 6.67581e-07 4.98761e-07 4.47572e-07 2.649e-07 3.7206e-07
threshold=-0.76112799999999992 0.0094088907379740617 0.0025542973351309678 0.0022651040202094517 0.91666650000000016 0.32588600000000006 -0.00042370766413472042 0.61250000000000016 -1.3805428261798076 0.38750000000000007 -0.010037713137067193 0.012667480846342487 -0.23498549999999999 -0.0057855860668339981 -0.2263195961402108 3.7027621349823732 -0.0024448618366518385 0.01274199639606856
decision_type=2 2 2 2 2 2 2 2 2 2 2 2 2 2 2 2 2 2
left_child=-1 2 3 5 7 6 -2 8 9 -3 -10 12 -12 -13 -9 -6 -16 -18
right_child=1 4 -4 -5 15 -7 -8 14 10 -11 11 13 -14 -15 16 -17 17 -19
leaf_value=3.7112009526522752e-05 5.8883536871690007e-05 -7.4283387102695988e-05 0.00011490594306451385 -4.823777836381024e-05 -9.3790785864588205e-06 -2.8364835920386284e-05 -2.2682282680511106e-06 -1.1903460335815906e-05 3.7650523815018989e-05 6.4603820776808009e-07 5.1026034222894323e-05 -6.1442063391344473e-05 -5.2486118578443099e-06 -1.120079322349942e-05 5.7109324325210756e-05 -7.1387565094482844e-05 -1.2416857433663609e-05 4.2480155127122993e-05
leaf_weight=33 24 25 23 22 22 26 29 36 34 28 38 27 192 201 24 20 20 25
leaf_count=33 24 25 23 22 22 26 29 36 34 28 38 27 192 201 24 20 20 25
internal_value=2.34082e-13 -1.50085e-06 1.76738e-05 -4.46822e-06 -4.93677e-06 7.72077e-06 2.54231e-05 -2.74177e-06 -6.49159e-06 -3.4698e-05 -3.45309e-06 -6.50445e-06 4.04894e-06 -1.71504e-05 1.67216e-05 -3.89069e-05 3.16564e-05 1.80815e-05
internal_weight=849 816 124 101 692 79 53 650 545 53 492 458 230 228 105 42 69 45
internal_count=849 816 124 101 692 79 53 650 545 53 492 458 230 228 105 42 69 45
is_linear=0
shrinkage=0.3


Tree=102
num_leaves=23
num_cat=0
split_feature=2 21 0 21 6 4 23 23 16 18 10 0 0 8 5 4 4 17 1 20 6 16
split_gain=5.07789e-07 1.55365e-06 1.00467e-06 9.76938e-07 7.45655e-07 2.07262e-06 7.33109e-07 1.06904e-06 1.45566e-06 1.02612e-06 8.88289e-07 8.00726e-07 6.797e-07 6.35833e-07 8.27083e-07 6.12565e-07 9.49731e-07 5.92734e-07 7.29465e-07 7.16029e-07 5.12389e-07 7.18077e-07
threshold=3.4601304253132317 0.065615500000000007 3.556696737442953 0.090954500000000008 0.01160121495900907 22504250.000000004 0.15476200000000004 0.34848450000000003 0.0050125862900474169 -0.37815308254244112 -0.23908057792344981 3.388766314574903 3.3201946549941055 -0.029321068071917946 -0.0047226186937901976 17079800.000000004 12084800.000000002 0.0044994390397773447 3.7294002861705118 0.099827000000000013 -0.004333647435904712 0.0024212474013530134
decision_type=2 2 2 2 2 2 2 2 2 2 2 2 2 2 2 2 2 2 2 2 2 2
left_child=3 -2 -3 -1 13 -6 15 11 9 -9 -11 12 -8 -4 20 16 -5 18 -16 -19 -15 -22
right_child=1 2 4 6 5 -7 7 8 -10 10 -12 -13 -14 14 17 -17 -18 19 -20 -21 21 -23
leaf_value=-7.4331980067654505e-05 8.7289997525203942e-05 5.5539043837597999e-05 -5.5468579635739191e-05 -5.099217336960878e-06 0.00010795677202622755 -2.161269753560191e-05 -5.2984333108595042e-05 -6.5289573618088065e-05 7.7308151567194721e-05 -3.2164432961727816e-05 3.7960178751500034e-05 -7.384204031335979e-05 2.1666167025535329e-05 5.6013897967334612e-05 -4.7153662160133657e-05 -1.9388401992530461e-05 8.0365951128442249e-05 4.2234920749399097e-05 -8.0941263771785321e-06 -7.1832578524693066e-06 3.17692526744182e-05 -2.7638440606096989e-05
leaf_weight=20 20 30 21 22 20 25 21 24 20 29 37 37 23 28 59 23 25 37 159 92 47 30
leaf_count=20 20 30 21 22 20 25 21 24 20 29 37 37 23 28 59 23 25 37 159 92 47 30
internal_value=-1.09951e-13 5.16046e-06 2.16303e-06 -1.04311e-05 -9.28246e-07 3.59737e-05 -5.53448e-06 -1.51599e-05 4.09974e-06 -1.21688e-05 7.14785e-06 -4.13149e-05 -1.39625e-05 -4.439e-06 -2.06816e-06 2.0729e-05 4.0361e-05 -9.12738e-06 -1.86653e-05 6.99095e-06 2.12609e-05 8.6234e-06
internal_weight=849 568 548 281 518 45 261 191 110 90 66 81 44 473 452 70 47 347 218 129 105 77
internal_count=849 568 548 281 518 45 261 191 110 90 66 81 44 473 452 70 47 347 218 129 105 77
is_linear=0
shrinkage=0.3


Tree=103
num_leaves=17
num_cat=0
split_feature=7 21 14 5 6 20 12 21 15 23 26 9 9 9 9 14
split_gain=5.19092e-07 8.99087e-07 3.69012e-07 2.50954e-06 8.20909e-07 4.2753e-07 8.9932e-07 5.93999e-07 5.29037e-07 3.99362e-07 7.26947e-07 5.92698e-07 6.0381e-07 6.70166e-07 3.52354e-07 5.97246e-07
threshold=-0.016001680032316123 0.046590000000000006 0.0070588728960823341 0.0022078654571920197 -1.0000000180025095e-35 0.056335500000000004 -0.0011195853222796743 0.23326300000000003 -0.0022726708699861114 0.18333350000000004 0.58290300000000006 0.0020942856253962842 0.002735654392430746 0.0031967394300884489 0.0047324940297142643 0.014687890358023549
decision_type=2 2 2 2 2 2 2 2 2 2 2 2 2 2 2 2
left_child=-1 -2 3 4 -3 6 -4 -8 -9 10 14 -11 -13 -14 -7 -16
right_child=1 2 5 -5 -6 9 7 8 -10 11 -12 12 13 -15 15 -17
leaf_value=4.5481117968971702e-05 -6.4043383335956602e-05 3.5571556827562746e-05 2.2133351903145617e-05 0.00010588715491311715 -3.9866454498887589e-05 1.8625626450687245e-06 1.1295568531295431e-05 -1.7738012056724985e-05 -7.1030546266564145e-05 4.6475844448485243e-05 -3.0477941131721308e-05 -5.4909811060497306e-05 5.0695930933995576e-05 -4.1299299138277524e-06 8.0760504497447974e-05 1.450526092412474e-05
leaf_weight=22 20 20 36 22 37 21 20 30 38 22 20 20 21 451 25 24
leaf_count=22 20 20 36 22 37 21 20 30 38 22 20 20 21 451 25 24
internal_value=-4.85881e-14 -1.2099e-06 3.47315e-07 1.98214e-05 -1.3397e-05 -1.76594e-06 -1.78112e-05 -3.41522e-05 -4.75191e-05 1.52812e-06 1.99633e-05 -1.69983e-06 -3.85402e-06 -1.69064e-06 3.4375e-05 4.8309e-05
internal_weight=849 827 807 79 57 728 124 88 68 604 90 514 492 472 70 49
internal_count=849 827 807 79 57 728 124 88 68 604 90 514 492 472 70 49
is_linear=0
shrinkage=0.3


Tree=104
num_leaves=14
num_cat=0
split_feature=27 27 26 7 16 3 9 14 27 9 16 0 2
split_gain=4.59494e-07 1.31215e-06 4.19115e-07 4.30389e-07 3.23687e-07 8.06416e-07 7.15859e-07 8.28504e-07 5.26524e-07 4.28852e-07 8.03812e-07 3.81996e-07 3.6217e-07
threshold=0.63168500000000016 0.67494300000000007 0.8999640000000001 -0.016001680032316123 0.0021551704204748039 3.884805560112 0.01310112212509436 0.0094339537764829857 0.9014120000000001 0.016215635955728471 0.0022547384180809792 3.6579848649929008 3.8981115984381964
decision_type=2 2 2 2 2 2 2 2 2 2 2 2 2
left_child=-1 -2 3 -3 5 6 7 -5 9 10 -6 -10 -7
right_child=1 2 -4 4 8 12 -8 -9 11 -11 -12 -13 -14
leaf_value=-3.526495360688386e-05 7.0490016469193506e-05 -4.5309313572943208e-05 4.011851631896041e-05 1.9316654713512781e-05 6.6924356783601983e-05 -7.7317199275057656e-05 5.0293191543460124e-05 -2.6371284812948794e-05 -5.7412543018082423e-05 -3.2247180388367266e-05 5.4537666861444376e-06 -2.0084404411591094e-06 -2.0908654745913476e-05
leaf_weight=32 24 20 22 58 20 20 21 93 21 25 448 24 21
leaf_count=32 24 20 22 58 20 20 21 93 21 25 448 24 21
internal_value=-1.55697e-13 1.38125e-06 -7.10318e-07 -1.87534e-06 -7.18646e-07 -1.06171e-05 -1.60469e-06 -8.82227e-06 3.20024e-06 6.03569e-06 8.08071e-06 -2.78637e-05 -4.8425e-05
internal_weight=849 817 793 771 751 213 172 151 538 493 468 45 41
internal_count=849 817 793 771 751 213 172 151 538 493 468 45 41
is_linear=0
shrinkage=0.3


Tree=105
num_leaves=15
num_cat=0
split_feature=7 26 10 5 13 8 26 13 21 18 18 4 5 13
split_gain=4.88658e-07 6.05461e-07 3.39273e-07 4.69963e-07 5.99069e-07 5.44251e-07 8.00856e-07 1.99168e-06 6.89943e-07 4.57259e-07 8.28857e-07 6.35071e-07 4.74683e-07 5.86201e-07
threshold=-0.016001680032316123 0.89174200000000015 -1.0349745315592944 -0.010350263003960762 0.022250344009869038 0.034108107047310633 0.49558300000000005 0.0090261234578744784 0.51422850000000009 0.20454195398183214 0.36152701242511942 25048600.000000004 -0.0097168845519828347 0.011000007429591853
decision_type=2 2 2 2 2 2 2 2 2 2 2 2 2 2
left_child=-1 2 9 -4 5 6 8 -8 -5 12 -11 -12 -2 -14
right_child=1 -3 3 4 -6 -7 7 -9 -10 10 11 -13 13 -15
leaf_value=4.4127681322627473e-05 -6.4481025980388625e-05 -4.9166665184716495e-05 4.2919692361045652e-05 -2.4742898451424682e-05 -4.37414958505542e-05 4.4492011997070736e-05 8.9548830250610738e-05 4.6628340439053101e-06 4.1366446718865219e-06 5.1634960212254551e-05 -4.3825233792778168e-05 1.9752077017843614e-05 -4.2211077871958393e-05 1.2718081269132616e-05
leaf_weight=22 22 23 26 135 25 28 28 223 166 24 31 26 34 36
leaf_count=22 22 23 26 135 25 28 28 223 166 24 31 26 34 36
internal_value=1.18663e-13 -1.17389e-06 1.99035e-07 3.42587e-06 1.72861e-06 3.68853e-06 1.61879e-06 1.41322e-05 -8.81597e-06 -1.15705e-05 4.8668e-06 -1.48251e-05 -2.60425e-05 -1.39618e-05
internal_weight=849 827 804 631 605 580 552 251 301 173 81 57 92 70
internal_count=849 827 804 631 605 580 552 251 301 173 81 57 92 70
is_linear=0
shrinkage=0.3


Tree=106
num_leaves=15
num_cat=0
split_feature=27 7 1 13 13 0 27 19 22 22 9 20 27 27
split_gain=4.96384e-07 5.21597e-07 2.67803e-07 4.71418e-07 1.47199e-06 7.16887e-07 7.45818e-07 4.19189e-07 4.76214e-07 7.49989e-07 4.98955e-07 4.08763e-07 4.73037e-07 3.26859e-07
threshold=0.93668350000000011 -0.016001680032316123 3.2556365406209156 0.008747398000116452 0.0091346350284463133 3.7737981861052985 0.82836950000000009 0.22292450000000003 0.06253400000000002 0.033483000000000006 0.0059634935264012284 0.39804950000000006 0.82217600000000013 0.71499150000000011
decision_type=2 2 2 2 2 2 2 2 2 2 2 2 2 2
left_child=1 -1 -3 5 -5 6 -4 11 9 -9 -10 13 -13 -6
right_child=-2 2 3 4 7 -7 -8 8 10 -11 -12 12 -14 -15
leaf_value=-4.7859159011360526e-05 4.4475172422861223e-05 3.346684504776931e-05 2.0729073251529301e-05 7.6367531878334015e-05 -2.022631416373828e-05 -6.5806738962237429e-05 -4.6486498803233189e-05 -2.492879731514557e-05 -1.1325376361198253e-05 4.5714888645826639e-05 -7.1984982253564775e-05 6.4315507054288907e-05 -9.3270435172598812e-07 2.9628101858194106e-06
leaf_weight=21 22 21 39 23 62 24 24 38 26 21 23 20 20 465
leaf_count=21 22 21 39 23 62 24 24 38 26 21 23 20 20 465
internal_value=-1.38543e-13 -1.18314e-06 3.29881e-08 -8.61421e-07 1.73408e-06 -2.16851e-05 -4.87686e-06 -8.08985e-07 -1.79389e-05 2.15565e-07 -3.97983e-05 2.45385e-06 3.16914e-05 2.34678e-07
internal_weight=849 827 806 785 698 87 63 675 108 59 49 567 40 527
internal_count=849 827 806 785 698 87 63 675 108 59 49 567 40 527
is_linear=0
shrinkage=0.3


Tree=107
num_leaves=22
num_cat=0
split_feature=7 21 29 2 26 26 6 4 1 8 14 16 19 26 21 7 3 4 26 11 17
split_gain=4.85569e-07 5.75414e-07 2.99173e-07 1.20904e-06 6.09668e-07 7.74346e-07 8.36149e-07 6.44901e-07 5.92933e-07 5.47408e-07 5.38911e-07 5.22103e-07 5.53671e-07 5.87882e-07 9.97145e-07 7.39808e-07 1.2279e-06 5.82186e-07 3.18517e-07 2.90449e-07 3.57217e-07
threshold=-0.016001680032316123 0.046590000000000006 3.5000000000000004 3.8720006610055751 0.55146200000000012 0.49969550000000001 -0.0089192660977656501 11819800.000000002 3.4200380678295113 -0.007168339656693651 0.0094007647830241115 0.0077320335635978977 0.17965300000000003 0.60173050000000006 0.28859000000000007 0.0025000937704678467 3.6926618814468388 11240500.000000002 0.6566280000000001 74.536449595219736 0.0024096936510914304
decision_type=2 2 2 2 2 2 2 2 2 2 2 2 2 2 2 2 2 2 2 2 2
left_child=-1 -2 3 4 5 6 -3 -8 -6 -10 -11 12 13 15 18 17 -17 -4 -15 20 -14
right_child=1 2 11 -5 8 -7 7 -9 9 10 -12 -13 19 14 -16 16 -18 -19 -20 -21 -22
leaf_value=4.3988022265363144e-05 -5.1436902863315483e-05 -5.1119390056036145e-05 2.8064388222299598e-05 6.1358803883525655e-05 2.1668977351509965e-05 6.4721778116191589e-05 -1.6818772669466851e-05 2.6494908577791593e-05 4.65124990527825e-06 -8.0923392178275123e-05 -2.2720175474671302e-05 3.0850002996671451e-05 -7.205315414368036e-05 -3.123502222479146e-05 7.5393571588782451e-05 -7.3129151063480285e-05 -6.0680555334522763e-07 -9.7160580962137459e-06 1.3967343478570715e-05 -3.9533025182722863e-06 -2.0727488908260756e-05
leaf_weight=22 20 21 51 33 30 22 45 99 33 22 41 34 23 20 21 38 47 131 47 23 26
leaf_count=22 20 21 51 33 30 22 45 99 33 22 41 34 23 20 21 38 47 131 47 23 26
internal_value=-1.30258e-14 -1.17018e-06 7.55905e-08 6.74301e-06 9.84798e-07 1.18531e-05 4.8039e-06 1.29594e-05 -1.51451e-05 -2.66495e-05 -4.30451e-05 -4.92859e-06 -7.77747e-06 -2.91244e-06 1.83526e-05 -9.92115e-06 -3.30286e-05 8.7077e-07 4.741e-07 -3.17648e-05 -4.48191e-05
internal_weight=849 827 807 346 313 187 165 144 126 96 63 461 427 355 88 267 85 182 67 72 49
internal_count=849 827 807 346 313 187 165 144 126 96 63 461 427 355 88 267 85 182 67 72 49
is_linear=0
shrinkage=0.3


Tree=108
num_leaves=12
num_cat=0
split_feature=26 7 3 1 10 18 4 4 19 16 7
split_gain=5.53998e-07 4.9451e-07 3.33464e-07 1.43474e-06 4.0272e-07 3.06007e-07 7.11626e-07 4.52102e-07 3.42806e-07 2.61992e-07 2.40358e-07
threshold=0.8999640000000001 -0.016001680032316123 3.9022575616836552 3.8997991345872118 -0.061979760567663238 0.75560082828991582 29897700.000000004 26977300.000000004 0.17362250000000004 0.0022148399180656375 -0.0024448618366518385
decision_type=2 2 2 2 2 2 2 2 2 2 2
left_child=1 -1 3 5 -4 6 7 8 -3 -6 -7
right_child=-2 2 4 -5 9 10 -8 -9 -10 -11 -12
leaf_value=-4.669781919801608e-05 4.698540388662051e-05 3.4487459765841779e-06 1.0948992749035822e-05 6.1106892831698392e-05 -5.8032228275806111e-05 -4.8257624556364527e-05 4.0993256634219259e-05 -4.2209311379792781e-05 -1.4516437427687379e-05 -1.270835591640207e-05 -5.7995890171826303e-06
leaf_weight=21 22 470 25 35 24 21 37 24 120 22 28
leaf_count=21 22 470 25 35 24 21 37 24 120 22 28
internal_value=-3.14949e-14 -1.24991e-06 -6.57875e-08 1.83076e-06 -1.9699e-05 -1.13305e-06 5.87811e-07 -1.84704e-06 -2.0519e-07 -3.63556e-05 -2.39959e-05
internal_weight=849 827 806 735 71 700 651 614 590 46 49
internal_count=849 827 806 735 71 700 651 614 590 46 49
is_linear=0
shrinkage=0.3


Tree=109
num_leaves=12
num_cat=0
split_feature=7 20 14 14 14 9 24 9 1 16 10
split_gain=4.75367e-07 5.66411e-07 3.5004e-07 2.53637e-06 9.18546e-07 2.2675e-07 7.13303e-07 3.76139e-07 3.36794e-07 2.84236e-07 2.14201e-07
threshold=-0.016001680032316123 0.024633500000000006 0.0068259408596986161 0.0070588728960823341 0.0048960221311343576 0.002735654392430746 0.26136350000000003 0.0031117924584925629 3.3039721778065343 0.010025649945738204 -7.5943161705774116e-06
decision_type=2 2 2 2 2 2 2 2 2 2 2
left_child=-1 -2 4 -4 -3 6 10 -7 -9 -10 -5
right_child=1 2 3 5 -6 7 -8 8 9 -11 -12
leaf_value=4.3523462810216268e-05 -3.6932930130493139e-05 1.7210896294272968e-05 0.00010770831256650127 -6.376966161951714e-05 -5.8341135331829716e-05 4.1539858484611615e-05 2.5436899204578366e-05 3.2528254847521664e-05 -2.9601251114286241e-06 3.2567103201992201e-05 -1.9862857750467811e-05
leaf_weight=22 38 28 20 20 30 20 22 27 581 21 20
leaf_count=22 38 28 20 20 30 20 22 27 581 21 20
internal_value=5.61354e-14 -1.15782e-06 5.6519e-07 2.34509e-06 -2.18677e-05 -6.18709e-07 -1.79522e-05 1.03719e-06 -2.50653e-07 -1.7208e-06 -4.18163e-05
internal_weight=849 827 789 731 58 711 62 649 629 602 40
internal_count=849 827 789 731 58 711 62 649 629 602 40
is_linear=0
shrinkage=0.3


Tree=110
num_leaves=19
num_cat=0
split_feature=21 23 6 13 22 7 9 9 20 8 11 11 16 3 4 11 6 3
split_gain=4.14206e-07 5.15162e-07 1.58082e-06 4.5497e-07 4.58808e-07 4.16614e-07 2.69677e-07 6.74802e-07 6.37983e-07 4.69689e-07 6.27569e-07 4.40685e-07 3.74613e-07 5.08627e-07 8.96629e-07 5.35223e-07 4.72711e-07 5.27404e-07
threshold=0.046590000000000006 0.61250000000000016 0.0074257594560389719 0.010905128580821993 0.072159000000000015 -0.016001680032316123 0.0040760265377713907 0.0043401940155078358 0.39485750000000003 0.0070423371579359283 60.000106155023495 42.857280752883781 0.0050633187012945327 3.7512499094009404 9395950.0000000019 71.428779742603311 0.0024066484704596 3.6158818006515507
decision_type=2 2 2 2 2 2 2 2 2 2 2 2 2 2 2 2 2 2
left_child=-1 5 3 -3 -5 -2 8 -8 9 10 11 -7 13 14 -9 -15 17 -14
right_child=1 2 -4 4 -6 6 7 12 -10 -11 -12 -13 16 15 -16 -17 -18 -19
leaf_value=4.1608388866214747e-05 -4.5745511722218774e-05 -2.6840713656932114e-05 9.1905193117522037e-05 4.3143845731492552e-05 -7.7571872348953012e-06 4.8479727032220884e-06 4.8820583001543123e-05 5.8006712657743263e-05 -6.1838513764606826e-05 -4.0316494632861578e-05 5.0234160023592265e-05 -3.5436525322438684e-05 -3.0783208651305238e-05 1.8799264716449213e-06 3.8450528923973174e-06 -3.5644027566552095e-05 -5.3965900873663485e-05 2.097529413731536e-05
leaf_weight=21 21 34 21 30 34 81 25 32 21 30 20 35 37 100 196 52 25 34
leaf_count=21 21 34 21 30 34 81 25 32 21 30 20 35 37 100 196 52 25 34
internal_value=-1.04066e-13 -1.05529e-06 1.721e-05 1.20395e-06 1.61027e-05 -4.12098e-06 -2.85046e-06 7.78237e-07 -1.25723e-05 -6.33978e-06 1.15508e-06 -7.30683e-06 -1.745e-06 2.48513e-06 1.14467e-05 -1.09572e-05 -1.84892e-05 -5.99745e-06
internal_weight=849 828 119 98 64 709 688 501 187 166 136 116 476 380 228 152 96 71
internal_count=849 828 119 98 64 709 688 501 187 166 136 116 476 380 228 152 96 71
is_linear=0
shrinkage=0.3


Tree=111
num_leaves=24
num_cat=0
split_feature=7 21 5 13 21 2 17 5 13 0 26 26 21 17 17 7 18 8 23 16 4 15 15
split_gain=4.63977e-07 5.51155e-07 2.52307e-07 2.0385e-06 3.29453e-07 4.63748e-07 4.54608e-07 4.15472e-07 6.85893e-07 2.5932e-07 2.55191e-07 8.53506e-07 5.79786e-07 4.93913e-07 6.52405e-07 6.79172e-07 4.3231e-07 3.98071e-07 3.20511e-07 5.33335e-07 4.61879e-07 3.72304e-07 2.23149e-07
threshold=-0.016001680032316123 0.046590000000000006 0.0046512588910139997 0.0098039213159103345 0.4907915000000001 3.708770885727096 0.002347471442380838 0.010101122966370548 0.012019192151535116 3.7207668667402696 0.50393100000000002 0.48833950000000009 0.39914400000000005 0.0023668649497229411 0.0074722331760798703 -0.0042552647985529728 -0.40545618392941046 -0.0044605333376778458 0.47222200000000009 0.0024331456343007602 26863500.000000004 0.002347471442380838 -0.0010615447944468063
decision_type=2 2 2 2 2 2 2 2 2 2 2 2 2 2 2 2 2 2 2 2 2 2 2
left_child=-1 -2 10 -4 6 -6 9 8 -8 -5 11 18 13 16 15 -15 -12 -18 20 22 21 -3 -20
right_child=1 2 3 4 5 -7 7 -9 -10 -11 12 -13 -14 14 -16 -17 17 -19 19 -21 -22 -23 -24
leaf_value=4.2998888834104453e-05 -5.033955952967517e-05 2.069381312131346e-06 9.5428109424036924e-05 -8.6698666295887952e-06 4.02931097034846e-05 -1.2369919927045381e-05 -4.7785083526313034e-05 -5.2601668032977988e-05 2.4504948305548167e-05 3.4987951130460716e-05 1.6127610288094728e-05 6.0984577255242451e-05 -5.169887294363838e-05 5.0627227586698031e-05 -4.3442215818296457e-05 4.6057244738051392e-07 -1.6494100960203056e-05 -6.3314769872354531e-05 1.2459041425927352e-05 4.1318373162023302e-05 -4.9613762426555958e-05 -3.4530245461453514e-05 -2.988667355176793e-05
leaf_weight=22 20 182 22 25 34 27 21 29 27 24 20 21 27 33 21 92 44 26 24 37 21 29 21
leaf_count=22 20 182 22 25 34 27 21 29 27 24 20 21 27 33 21 92 44 26 24 37 21 29 21
internal_value=2.01123e-13 -1.14386e-06 7.53604e-08 9.04813e-06 -1.11422e-06 1.69832e-05 -9.87569e-06 -2.42507e-05 -7.12194e-06 1.27136e-05 -3.06061e-06 2.43049e-06 -1.0055e-05 -5.29063e-06 5.48483e-06 1.37046e-05 -2.27708e-05 -3.38846e-05 -1.48555e-06 1.46363e-05 -7.18379e-06 -2.9609e-06 -7.30229e-06
internal_weight=849 827 807 209 187 61 126 77 48 49 598 335 263 236 146 125 90 70 314 82 232 211 45
internal_count=849 827 807 209 187 61 126 77 48 49 598 335 263 236 146 125 90 70 314 82 232 211 45
is_linear=0
shrinkage=0.3


Tree=112
num_leaves=11
num_cat=0
split_feature=27 7 19 20 17 5 15 27 5 10
split_gain=4.52583e-07 4.57562e-07 2.13944e-07 1.12215e-06 2.38532e-07 2.04537e-07 3.224e-07 5.29324e-07 2.91669e-07 2.92535e-07
threshold=0.93369400000000013 -0.016001680032316123 0.47594900000000001 0.5130205000000001 0.0041753793859719435 0.017470423185275825 0.008869868893025273 0.83183250000000009 0.0086580588201370431 1.3919702795460611
decision_type=2 2 2 2 2 2 2 2 2 2
left_child=1 -1 3 5 -4 6 8 -8 9 -3
right_child=-2 2 4 -5 -6 -7 7 -9 -10 -11
leaf_value=-4.4921526049230508e-05 3.9765822498338822e-05 -1.4312653555212452e-07 -4.0565269284797981e-05 6.6368773974792689e-05 3.7956213191137066e-06 2.3337680272561556e-05 -5.5009027077036219e-05 4.9633964686614092e-06 3.3827806460480623e-05 -3.7014499797578536e-05
leaf_weight=21 25 611 24 23 20 30 26 27 22 20
leaf_count=21 25 611 24 23 20 30 26 27 22 20
internal_value=1.43906e-13 -1.20649e-06 -6.32545e-08 1.11576e-06 -2.04012e-05 -9.23398e-07 -1.95432e-06 -2.4457e-05 -1.27915e-07 -1.31179e-06
internal_weight=849 824 803 759 44 736 706 53 653 631
internal_count=849 824 803 759 44 736 706 53 653 631
is_linear=0
shrinkage=0.3


Tree=113
num_leaves=21
num_cat=0
split_feature=7 26 5 13 19 19 5 15 26 18 17 21 17 4 20 12 27 16 11 18
split_gain=4.51587e-07 4.6979e-07 3.24619e-07 1.18417e-06 4.06208e-07 3.25575e-07 4.81513e-07 3.2957e-07 7.18974e-07 6.60605e-07 6.14514e-07 5.75531e-07 4.4431e-07 2.90534e-07 5.68609e-07 5.02915e-07 4.69653e-07 5.46635e-07 4.49243e-07 4.00666e-07
threshold=-0.016001680032316123 0.8999640000000001 0.0022078654571920197 0.0090261234578744784 0.35990400000000006 0.13360250000000004 -0.0024600158655680702 -0.0045766547941121487 0.41554750000000001 -0.37111868682179466 0.0068886361724142279 0.45862950000000008 0.004576654794112173 12084800.000000002 0.10706400000000001 -0.0002052181751346321 0.74525050000000015 0.0025252500926581773 39.69659636325293 0.70901150099236843
decision_type=2 2 2 2 2 2 2 2 2 2 2 2 2 2 2 2 2 2 2 2
left_child=-1 2 4 -4 5 7 -7 10 9 -9 12 -10 -2 14 -5 -16 17 -15 -18 -20
right_child=1 -3 3 13 -6 6 -8 8 11 -11 -12 -13 -14 16 15 -17 18 -19 19 -21
leaf_value=4.2420851439766752e-05 1.4737533743672511e-06 -4.5425897613832993e-05 5.7863375705720324e-05 -5.4295897576673232e-05 -3.6054678371978556e-05 4.5869652628958834e-05 -7.5026985712156599e-06 4.633343431932089e-05 -1.8551688545117165e-05 -1.0964072569715262e-05 -4.44645467983459e-05 -7.1134251402327206e-05 3.9437596516715223e-05 1.2748740406866841e-05 -3.7058863895254036e-05 2.1713860123901739e-05 4.6869535242055255e-05 -5.2657768474486852e-05 -3.3388370614350582e-07 4.5794859734087371e-05
leaf_weight=22 121 21 37 23 35 29 32 27 101 55 21 23 36 23 20 38 31 23 111 20
leaf_count=22 121 21 37 23 35 29 32 27 101 55 21 23 36 23 20 38 31 23 111 20
internal_value=-1.7977e-14 -1.12849e-06 2.56639e-08 7.3312e-06 -4.93602e-06 -2.48848e-06 1.7871e-05 -5.72268e-06 -1.38924e-05 7.90218e-06 3.73215e-06 -2.83049e-05 1.01788e-05 8.61688e-07 -1.43809e-05 1.4474e-06 6.79752e-06 -1.99545e-05 1.43938e-05 6.70867e-06
internal_weight=849 827 806 326 480 445 61 384 206 82 178 124 157 289 81 58 208 46 162 131
internal_count=849 827 806 326 480 445 61 384 206 82 178 124 157 289 81 58 208 46 162 131
is_linear=0
shrinkage=0.3


Tree=114
num_leaves=28
num_cat=0
split_feature=22 7 13 15 19 5 20 15 27 8 26 27 10 19 6 16 13 20 27 27 16 11 19 19 15 22 4
split_gain=4.42048e-07 3.19291e-07 1.34026e-06 4.88801e-07 8.60273e-07 6.13128e-07 4.06509e-07 5.00076e-07 5.72081e-07 4.39723e-07 8.19512e-07 5.7435e-07 5.21447e-07 6.51267e-07 3.94936e-07 3.87337e-07 3.59022e-07 5.37726e-07 4.60471e-07 5.45173e-07 4.62816e-07 4.56976e-07 3.96624e-07 3.48593e-07 3.25743e-07 2.99369e-07 3.30893e-07
threshold=0.87842450000000005 0.0043057500045495046 0.0092628221132445045 -0.0043431062807740934 -0.37845949999999995 -1.0000000180025095e-35 0.24040900000000001 -0.0087051986661626311 0.79503150000000011 0.0048018732456673483 0.49969550000000001 0.8556585000000001 -0.1039710039933041 -0.10280149999999999 0.0023838340548360446 0.0043149955211409857 0.0088167475844485883 0.26350100000000004 0.79971750000000008 0.7034220000000001 0.0049019562011037342 37.499492120224268 0.19523750000000004 -0.070122999999999991 0.0022962120155676793 0.34874900000000003 11819800.000000002
decision_type=2 2 2 2 2 2 2 2 2 2 2 2 2 2 2 2 2 2 2 2 2 2 2 2 2 2 2
left_child=1 6 -3 14 -5 -6 7 8 -1 11 23 12 13 -9 -4 -14 -8 -18 19 -19 22 -21 -20 -11 -13 26 -7
right_child=-2 2 3 4 5 25 16 9 -10 10 -12 24 15 -15 -16 -17 17 18 20 21 -22 -23 -24 -25 -26 -27 -28
leaf_value=-6.4953840392263374e-05 4.4072188061363697e-05 8.2605828993109753e-05 4.3440551632858002e-05 -5.343813189824686e-05 -3.8348163709088115e-05 -2.3607183834428724e-05 -4.0596284660702957e-05 9.7737991871746574e-06 1.4780616636146857e-06 -1.1714871551007757e-05 7.6817687451174213e-05 -4.1294498832765101e-05 5.4933182664998718e-06 6.9293575350976811e-05 -4.2784780008433801e-06 -4.7415954765313013e-05 -4.8717938994337195e-05 -2.3010556829206054e-05 1.8906824558283775e-05 -2.8984433811274359e-06 -4.4253974665480199e-05 5.405516669583221e-05 -2.2645087390897474e-05 3.6749663158016948e-05 5.7964731604442929e-06 4.5140733701290707e-05 1.9535302573103764e-05
leaf_weight=20 20 20 37 30 25 24 38 78 28 34 21 39 33 21 27 20 27 24 39 21 35 32 44 22 20 22 48
leaf_count=20 20 20 37 30 25 24 38 78 28 34 21 39 33 21 27 20 27 24 39 21 35 32 44 22 20 22 48
internal_value=-1.35982e-13 -1.06326e-06 8.35308e-06 1.38099e-06 -8.03778e-06 3.40768e-06 -4.74448e-06 2.1476e-06 -2.62019e-05 6.87251e-06 2.62774e-05 -2.08882e-07 9.54264e-06 2.23992e-05 2.33091e-05 -1.44724e-05 -1.36512e-05 -9.03895e-06 -3.54493e-06 1.45019e-05 -1.53212e-05 3.14886e-05 -3.1207e-06 7.32477e-06 -2.53315e-05 1.4513e-05 5.15447e-06
internal_weight=849 829 233 213 149 119 596 336 48 288 77 211 152 99 64 53 260 222 195 77 118 53 83 56 59 94 72
internal_count=849 829 233 213 149 119 596 336 48 288 77 211 152 99 64 53 260 222 195 77 118 53 83 56 59 94 72
is_linear=0
shrinkage=0.3


Tree=115
num_leaves=20
num_cat=0
split_feature=21 7 23 25 4 21 12 27 27 1 17 6 13 9 6 3 20 11 18
split_gain=2.96605e-07 4.44714e-07 2.6577e-07 1.02245e-06 3.05441e-07 3.26656e-07 3.31015e-07 2.25272e-07 5.46789e-07 6.06401e-07 5.38475e-07 4.56895e-07 4.36811e-07 5.21169e-07 4.48648e-07 3.13217e-07 5.93007e-07 3.46838e-07 1.47854e-07
threshold=0.046590000000000006 -0.016001680032316123 0.61250000000000016 0.29285700000000009 25269700.000000004 0.44411800000000007 0.00025948635854940703 0.81362550000000011 0.81891000000000014 3.3286290913769929 0.0069124904962182898 -0.011363913234872132 0.011111081436850899 0.0041455574135973493 -0.002213273887897231 3.5647250413894658 0.062819500000000014 64.285874947624066 -0.025039429506273744
decision_type=2 2 2 2 2 2 2 2 2 2 2 2 2 2 2 2 2 2 2
left_child=-1 -2 7 4 5 6 -4 10 -9 -10 11 -3 14 -14 -13 16 -11 -17 -12
right_child=1 2 3 -5 -6 -7 -8 8 9 15 18 12 13 -15 -16 17 -18 -19 -20
leaf_value=3.5209682859463752e-05 -4.3992648755063005e-05 2.5590445673313095e-05 -5.6273616651196788e-05 6.2307269706609299e-05 3.0230307270358023e-05 1.405472613542871e-05 -3.5020272266790371e-06 5.1590792354545554e-05 4.8514266249681397e-05 1.3442787076201056e-05 7.3307766821731743e-06 -5.570667019810571e-05 3.2930218431969342e-05 -1.3011236432712216e-05 -1.4954712109864621e-05 1.2443013113802852e-05 -3.7602632007999798e-05 -1.2857126220792865e-05 4.3372467944209346e-05
leaf_weight=21 21 27 20 29 20 27 23 20 22 33 21 40 26 153 62 133 54 77 20
leaf_count=21 21 27 20 29 20 27 23 20 22 33 21 40 26 153 62 133 54 77 20
internal_value=1.80202e-13 -8.92999e-07 2.28553e-07 1.33191e-05 -2.46595e-06 -1.18077e-05 -2.8047e-05 -2.03566e-06 3.47234e-06 4.55504e-07 -7.38583e-06 -1.16852e-05 -1.52669e-05 -6.33818e-06 -3.09359e-05 -3.1044e-06 -1.82406e-05 3.1663e-06 2.49121e-05
internal_weight=849 828 807 119 90 70 43 688 339 319 349 308 281 179 102 297 87 210 41
internal_count=849 828 807 119 90 70 43 688 339 319 349 308 281 179 102 297 87 210 41
is_linear=0
shrinkage=0.3


Tree=116
num_leaves=16
num_cat=0
split_feature=7 21 2 27 6 27 0 20 9 12 12 7 7 29 2
split_gain=4.29738e-07 5.89419e-07 2.20838e-07 1.25833e-06 4.8857e-07 1.89561e-07 4.48759e-07 2.65729e-07 2.52645e-07 2.52636e-07 6.42764e-07 5.7444e-07 2.9339e-07 4.53376e-07 3.83792e-07
threshold=-0.016001680032316123 0.046590000000000006 3.8720006610055751 0.7744945000000002 -0.0021120926958983267 0.71153250000000012 3.674069992528771 0.21944400000000003 0.0020760920038700348 -0.00016647113660503272 1.0000000180025095e-35 0.0050251835134947692 -0.006802838505338262 3.5000000000000004 3.4503448546881468
decision_type=2 2 2 2 2 2 2 2 2 2 2 2 2 2 2
left_child=-1 -2 5 -4 -5 6 7 -3 -7 12 -11 -12 13 -10 -14
right_child=1 2 3 4 -6 8 -8 -9 9 10 11 -13 14 -15 -16
leaf_value=4.1381930912559084e-05 -5.1975602283320652e-05 2.9493941389903605e-05 6.7769386517587313e-05 2.3273415406168037e-05 -3.5991245935322015e-05 2.9338649876710686e-05 -3.9762108915326542e-05 -1.3192643415160482e-05 4.2818301335501015e-05 4.8179966836414674e-05 -7.4617984741174509e-06 2.1334849635101413e-05 -3.09116811544921e-05 -9.8499670026572663e-06 -3.8659609098179682e-06
leaf_weight=22 20 21 27 21 31 26 37 35 24 28 220 87 71 38 141
leaf_count=22 20 21 27 21 31 26 37 35 24 28 220 87 71 38 141
internal_value=5.60299e-14 -1.10085e-06 1.59987e-07 1.52251e-05 -1.20574e-05 -1.47483e-06 -1.41244e-05 2.81483e-06 3.77781e-07 -8.58644e-07 4.66739e-06 6.98815e-07 -7.61492e-06 1.05377e-05 -1.29237e-05
internal_weight=849 827 807 79 52 728 93 56 635 609 335 307 274 62 212
internal_count=849 827 807 79 52 728 93 56 635 609 335 307 274 62 212
is_linear=0
shrinkage=0.3


Tree=117
num_leaves=18
num_cat=0
split_feature=21 7 19 14 2 1 3 3 17 6 27 13 21 27 26 25 27
split_gain=3.62145e-07 4.26801e-07 2.51748e-07 1.25851e-06 2.10627e-07 7.15901e-07 3.89478e-07 8.2166e-07 3.62659e-07 3.16372e-07 5.39088e-07 3.00986e-07 2.85625e-07 7.61273e-07 4.03319e-07 2.63373e-07 1.58051e-07
threshold=0.046590000000000006 -0.016001680032316123 0.36957600000000007 0.010012551569968454 3.6605842651425342 3.6840635046756147 3.7102707624435429 3.7317799329757695 0.0074722331760798703 -0.0050569039733008745 0.85167300000000012 0.011325420262887563 0.65797550000000016 0.82898050000000012 0.54842200000000008 0.47222200000000009 0.80019800000000008
decision_type=2 2 2 2 2 2 2 2 2 2 2 2 2 2 2 2 2
left_child=-1 -2 4 -4 5 8 15 -8 9 11 -11 -3 14 -14 -9 -6 -5
right_child=1 2 3 16 6 -7 7 12 -10 10 -12 -13 13 -15 -16 -17 -18
leaf_value=3.8905774532135437e-05 -4.3209432988078327e-05 -4.3954473736365877e-05 8.0952719538345254e-05 1.1334243473274082e-05 -5.7125499941841033e-06 5.7244694380642608e-05 5.4529853397460615e-05 7.883960535700087e-06 -3.6190224102977919e-05 -7.9004271778623833e-07 2.9760146924218132e-05 -2.0946496990658346e-06 -6.1556020081196842e-05 1.3622910972282459e-05 -1.7064522888509907e-05 -4.982722082410152e-05 -2.2386281406444796e-05
leaf_weight=21 21 22 20 22 21 21 21 138 23 187 72 52 27 22 101 29 29
leaf_count=21 21 22 20 22 21 21 21 138 23 187 72 52 27 22 101 29 29
internal_value=-2.60114e-13 -9.86741e-07 1.11991e-07 1.71719e-05 -1.53374e-06 3.41866e-06 -6.73444e-06 -2.75959e-06 2.43532e-07 2.75998e-06 7.70267e-06 -1.45395e-05 -6.93694e-06 -2.78022e-05 -2.65912e-06 -3.12991e-05 -7.84017e-06
internal_weight=849 828 807 71 736 377 359 309 356 333 259 74 288 49 239 50 51
internal_count=849 828 807 71 736 377 359 309 356 333 259 74 288 49 239 50 51
is_linear=0
shrinkage=0.3


Tree=118
num_leaves=23
num_cat=0
split_feature=7 21 24 14 11 27 12 10 5 8 24 9 9 21 6 5 5 14 6 16 18 6
split_gain=4.1795e-07 5.02391e-07 2.12339e-07 4.90825e-07 3.15439e-07 5.35175e-07 4.09302e-07 5.53848e-07 3.97707e-07 4.82857e-07 3.72725e-07 2.76238e-07 5.17851e-07 4.6826e-07 5.257e-07 2.82652e-07 5.25095e-07 3.29319e-07 2.66194e-07 2.21465e-07 2.93849e-07 2.02079e-07
threshold=-0.016001680032316123 0.046590000000000006 0.31666650000000002 0.0069930003861380418 79.999817302672199 0.81687650000000012 -1.2902637670788204e-05 -0.17612226912434595 -0.0023866474927011845 -0.011723504093093215 0.43650750000000005 0.002735654392430746 0.0043401940155078358 0.20049800000000004 0.0025188703843594634 -0.0047226186937901976 -0.0069445763956011959 0.0074906707499064317 -1.0000000180025095e-35 0.002375351256822643 -0.088616353723433475 0.004613518642489739
decision_type=2 2 2 2 2 2 2 2 2 2 2 2 2 2 2 2 2 2 2 2 2 2
left_child=-1 -2 3 -3 6 -6 8 10 9 -4 -8 -5 13 -13 -15 16 -14 -17 -9 -10 -21 -20
right_child=1 2 4 11 5 -7 7 18 19 -11 -12 12 15 14 -16 17 -18 -19 21 20 -22 -23
leaf_value=4.0810425794420139e-05 -4.8054654184852554e-05 3.9386713623653949e-05 5.7200069984933828e-06 -2.2647797910534654e-05 5.1068470863604237e-05 -8.3225052094348939e-06 -2.9277669100544946e-05 -7.1453884645507058e-05 -6.2142686134133583e-06 -4.6147157547693489e-05 2.3326546210632334e-05 -1.6396110668210893e-05 -1.3857251820961903e-06 1.9008283294281183e-05 7.6725010353584358e-05 -4.2727445716908808e-05 4.8005169944295065e-05 -4.0277873895066304e-06 -7.5779237221240685e-06 4.9299571560368353e-05 5.3862242836544281e-06 -4.9243723573123458e-05
leaf_weight=22 20 33 35 39 22 36 22 20 35 30 27 20 76 49 20 22 26 197 20 24 32 22
leaf_count=22 20 33 35 39 22 36 22 20 35 30 27 20 76 49 20 22 26 197 20 24 32 22
internal_value=1.15113e-13 -1.08565e-06 7.83938e-08 4.07432e-06 -5.84787e-06 1.42051e-05 -1.0204e-05 -2.41287e-05 -2.95929e-07 -1.82187e-05 -2.91673e-07 1.47898e-06 3.77396e-06 2.40223e-05 3.57378e-05 -1.84006e-06 1.12041e-05 -7.91542e-06 -4.29677e-05 1.2506e-05 2.42062e-05 -2.94029e-05
internal_weight=849 827 807 482 325 58 267 111 156 65 49 449 410 89 69 321 102 219 62 91 56 42
internal_count=849 827 807 482 325 58 267 111 156 65 49 449 410 89 69 321 102 219 62 91 56 42
is_linear=0
shrinkage=0.3


Tree=119
num_leaves=21
num_cat=0
split_feature=21 7 22 14 19 20 6 9 26 16 13 20 26 19 27 9 29 14 17 17
split_gain=3.90128e-07 4.11632e-07 1.82774e-07 1.24731e-06 3.6755e-07 5.46129e-07 3.88264e-07 2.94162e-07 2.53472e-07 3.06091e-07 9.33886e-07 3.54924e-07 2.7871e-07 3.35519e-07 2.48478e-07 2.37107e-07 3.26212e-07 3.07917e-07 3.25556e-07 1.12349e-07
threshold=0.046590000000000006 -0.016001680032316123 0.17258250000000003 0.0072201628443379984 0.13757950000000002 0.37091750000000007 -0.0021413169059397818 0.01389334368673025 0.34413400000000005 0.0047733219742151041 0.010551536929795295 0.13372800000000004 0.32551100000000005 -0.11186999999999998 0.84795600000000015 0.0070829873716168647 2.5000000000000004 0.010752677696952423 0.0024037866373717441 0.0024875301744809153
decision_type=2 2 2 2 2 2 2 2 2 2 2 2 2 2 2 2 2 2 2 2
left_child=-1 -2 3 -3 5 8 -6 15 12 11 -11 -10 13 -4 -7 17 -17 19 -19 -5
right_child=1 2 4 7 6 14 -8 -9 9 10 -12 -13 -14 -15 -16 16 -18 18 -20 -21
leaf_value=4.0380939624031139e-05 -4.2489732212353764e-05 7.0590676376014022e-05 9.3459078678878121e-06 -2.7066195081295937e-05 4.1752127071958966e-06 5.5726619255632871e-05 -5.0553040799578799e-05 3.1505197648584725e-05 6.6037564642986416e-06 7.2304053226162062e-05 7.071983288499594e-07 -1.37951295737156e-05 -4.8594810668873829e-05 -3.1643781249712785e-05 9.0034442280284569e-06 5.0958510473719802e-06 -4.0335782837659781e-05 4.9571843068179081e-05 1.5857195194257655e-07 2.0629937725144292e-06
leaf_weight=21 21 25 41 26 20 21 28 22 138 20 91 173 20 32 20 25 33 20 30 22
leaf_count=21 21 25 41 26 20 21 28 22 138 20 91 173 20 32 20 25 33 20 30 22
internal_value=-4.14274e-14 -1.02415e-06 5.48756e-08 7.84264e-06 -2.56253e-06 -3.88112e-07 -2.77496e-05 -9.70289e-07 -3.04101e-06 8.34054e-08 1.36075e-05 -4.74353e-06 -1.72184e-05 -8.62218e-06 3.29348e-05 -5.55017e-06 -2.07532e-05 3.44754e-06 1.99239e-05 -1.37153e-05
internal_weight=849 828 807 203 604 556 48 178 515 422 111 311 93 73 41 156 58 98 50 48
internal_count=849 828 807 203 604 556 48 178 515 422 111 311 93 73 41 156 58 98 50 48
is_linear=0
shrinkage=0.3


Tree=120
num_leaves=14
num_cat=0
split_feature=7 21 27 17 20 23 20 3 9 13 13 4 27
split_gain=4.05221e-07 4.54689e-07 1.9242e-07 1.37299e-06 1.54298e-07 3.44622e-07 1.78338e-07 1.36097e-07 4.70431e-07 1.39798e-07 4.71279e-07 1.88751e-07 7.87929e-08
threshold=-0.016001680032316123 0.046590000000000006 0.67494300000000007 0.0023810069847564697 0.48687200000000003 0.69047650000000005 0.45108350000000003 3.3141708374023442 0.0041774616387157187 0.0091346350284463133 0.0076738713476355754 9167250.0000000019 0.83792250000000013
decision_type=2 2 2 2 2 2 2 2 2 2 2 2 2
left_child=-1 -2 3 -3 6 -6 7 8 -4 10 -9 -11 -7
right_child=1 2 4 -5 5 12 -8 9 -10 11 -12 -13 -14
leaf_value=4.018416332407717e-05 -4.5752540454486731e-05 7.987131934442003e-05 -1.6551627249747559e-05 -1.8663075635621288e-05 -4.0369848582193818e-05 -1.0289783492680726e-05 2.5011238292790951e-05 1.5517843776251537e-05 3.8167468520925699e-05 1.4016278410182025e-05 -3.241425270488207e-05 -2.6198713453590994e-06 1.6339829389266925e-05
leaf_weight=22 20 20 26 35 28 20 25 30 31 71 48 453 20
leaf_count=22 20 20 26 35 28 20 25 30 31 71 48 453 20
internal_value=1.00607e-13 -1.06899e-06 3.8413e-08 1.71676e-05 -1.21439e-06 -1.48435e-05 1.40549e-07 -8.02952e-07 1.32079e-05 -2.12956e-06 -1.39788e-05 -3.65737e-07 3.02502e-06
internal_weight=849 827 807 55 752 68 684 659 57 602 78 524 40
internal_count=849 827 807 55 752 68 684 659 57 602 78 524 40
is_linear=0
shrinkage=0.3


Tree=121
num_leaves=19
num_cat=0
split_feature=21 7 20 8 14 21 4 16 21 19 14 0 3 4 1 22 11 8
split_gain=3.97579e-07 3.97824e-07 2.25482e-07 8.57676e-07 1.31464e-07 5.71498e-07 5.03212e-07 6.29923e-07 1.77825e-07 4.46575e-07 3.4076e-07 7.205e-07 5.39187e-07 5.08601e-07 4.93486e-07 3.35149e-07 3.20184e-07 3.04866e-07
threshold=0.046590000000000006 -0.016001680032316123 0.5130205000000001 0.01158769918816502 0.0071258272445041577 0.34780800000000006 10423150.000000002 0.0021436742662826703 0.37497750000000007 -0.44024749999999996 0.010752677696952423 3.4068899647048014 3.5647250413894658 17943700.000000004 3.720643894093298 0.45212000000000002 9.9994629864050939 0.0072202959088187718
decision_type=2 2 2 2 2 2 2 2 2 2 2 2 2 2 2 2 2 2
left_child=-1 -2 4 -4 5 -3 -7 -8 10 -10 11 -6 17 -13 -14 16 -11 -12
right_child=1 2 3 -5 8 6 7 -9 9 15 12 13 14 -15 -16 -17 -18 -19
leaf_value=4.0764753898006995e-05 -4.1798060166391741e-05 -5.2937298823962921e-05 -1.0009098656229145e-05 6.4790075468450101e-05 6.676541417777037e-05 4.1727218338110106e-05 1.8910931748905566e-05 -5.0566613841194492e-05 -4.3462405915306587e-05 -3.5636179326012585e-05 -3.8864975418596811e-05 -1.0951321717584506e-05 4.9501417072406186e-05 4.3785535522353955e-05 -7.3310147854499517e-07 3.3045134650677713e-05 -1.0768178348535247e-06 4.2878863338125447e-06
leaf_weight=21 21 23 37 22 23 20 24 23 24 26 41 50 24 22 66 24 335 23
leaf_count=21 21 23 37 22 23 20 24 23 24 26 41 50 24 22 66 24 335 23
internal_value=1.12713e-13 -1.03389e-06 2.68891e-08 1.78821e-05 -1.38148e-06 -1.21354e-05 1.87126e-06 -1.50887e-05 8.94191e-08 -3.75865e-06 6.41015e-06 2.05402e-05 -2.30645e-06 5.77383e-06 1.26628e-05 -1.28361e-06 -3.56586e-06 -2.33569e-05
internal_weight=849 828 807 59 748 90 67 47 658 409 249 95 154 72 90 385 361 64
internal_count=849 828 807 59 748 90 67 47 658 409 249 95 154 72 90 385 361 64
is_linear=0
shrinkage=0.3


Tree=122
num_leaves=15
num_cat=0
split_feature=7 21 5 6 22 0 2 12 1 10 29 4 12 27
split_gain=3.92383e-07 4.25082e-07 1.63125e-07 2.3098e-07 1.07036e-06 2.17161e-07 1.34473e-07 2.85138e-07 2.32889e-07 3.91131e-07 3.86086e-07 1.83042e-07 2.25506e-07 1.48183e-07
threshold=-0.016001680032316123 0.046590000000000006 0.023048577961508842 0.01160121495900907 0.14404150000000002 3.7317800269701604 3.8545479890863126 3.4114743931815048e-05 3.8285948000399839 -0.18773368095187945 3.5000000000000004 7914050.0000000009 0.00047390263363799077 0.81891000000000014
decision_type=2 2 2 2 2 2 2 2 2 2 2 2 2 2
left_child=-1 -2 3 6 -5 -6 8 13 11 -10 -11 -3 -13 -8
right_child=1 2 -4 4 5 -7 7 -9 9 10 -12 12 -14 -15
leaf_value=3.9542473508514701e-05 -4.4256203570967047e-05 -2.1808149933714334e-05 -2.6736908034763472e-05 7.3274852949266138e-05 1.1740119921341828e-05 -3.2469053594468277e-05 -1.4174349345684396e-05 -3.2733269264489144e-05 -9.3612157594466933e-06 -3.9790525277013604e-07 4.9637741666239368e-05 -4.7451022474599532e-06 8.5792843512898647e-06 1.9523290880840701e-05
leaf_weight=22 20 38 20 21 20 20 23 35 38 23 35 337 173 24
leaf_count=22 20 38 20 21 20 20 23 35 38 23 35 337 173 24
internal_value=-9.18483e-14 -1.05192e-06 1.88223e-08 6.98765e-07 1.84294e-05 -1.03645e-05 -7.90999e-07 -1.22331e-05 6.65916e-07 1.42963e-05 2.9796e-05 -1.72188e-06 -2.25261e-07 3.03296e-06
internal_weight=849 827 807 787 61 40 726 82 644 96 58 548 510 47
internal_count=849 827 807 787 61 40 726 82 644 96 58 548 510 47
is_linear=0
shrinkage=0.3


Tree=123
num_leaves=23
num_cat=0
split_feature=21 7 8 11 0 22 8 23 4 6 26 6 21 3 14 9 7 13 19 17 17 22
split_gain=3.94665e-07 3.84799e-07 2.28123e-07 6.37081e-07 1.37858e-06 1.80675e-07 4.48829e-07 9.67673e-07 3.01184e-07 3.51027e-07 3.22325e-07 2.65357e-07 2.33191e-07 2.06747e-07 2.46656e-07 1.56346e-07 2.32672e-07 1.38335e-07 1.64698e-07 3.35415e-07 2.51496e-07 1.86249e-07
threshold=0.046590000000000006 -0.016001680032316123 0.011792645426305686 66.667069572098384 3.7116414910679536 0.39415000000000006 -1.014813233446432e-16 0.18333350000000004 13106200.000000002 0.0024182831302418367 0.11403700000000001 -0.002275580003571523 0.66452900000000015 3.7979114055633549 0.012628988978863996 0.0061322015055358808 0.0094675528964999599 0.022250344009869038 0.031521000000000007 0.0023808934520945786 0.0023753512568226612 0.38901400000000003
decision_type=2 2 2 2 2 2 2 2 2 2 2 2 2 2 2 2 2 2 2 2 2 2
left_child=-1 -2 3 5 -5 8 13 -8 9 12 -10 -12 -3 14 -7 16 -4 18 19 -17 -20 -21
right_child=1 2 15 4 -6 6 7 -9 10 -11 11 -13 -14 -15 -16 17 -18 -19 20 21 -22 -23
leaf_value=4.0615068116624439e-05 -4.1121385714047522e-05 5.5496785645683864e-06 -3.9943707624843223e-05 -7.1408785061066731e-06 9.1729562270550298e-05 -1.8133774449632107e-05 -1.0381975774483484e-06 7.8823231168908845e-05 2.4441560562991071e-05 3.3546932900208046e-05 -2.8900232084399453e-06 -2.5939911118162891e-05 -3.026933913393545e-05 2.0572156359600241e-05 7.9953322585487489e-06 -1.441130819082239e-05 1.8299402245247617e-06 -2.595067846352156e-05 1.3702523519896203e-05 4.2670867849665229e-05 -2.8693896443013833e-05 3.8299745301628712e-06
leaf_weight=21 21 74 30 30 22 74 36 22 20 33 81 101 21 31 58 33 20 22 20 25 34 20
leaf_count=21 21 74 30 30 22 74 36 22 20 33 81 101 21 31 58 33 20 22 20 25 34 20
internal_value=-3.46685e-14 -1.03009e-06 1.31755e-08 2.94694e-06 3.46889e-05 -4.86752e-08 6.58961e-06 2.92541e-05 -4.49431e-06 6.89116e-06 -1.17089e-05 -1.56814e-05 -2.36821e-06 -1.47505e-06 -6.6528e-06 -8.65868e-06 -2.32342e-05 -3.92636e-06 -2.55636e-07 8.56151e-06 -1.29915e-05 2.54082e-05
internal_weight=849 828 807 603 52 551 221 58 330 128 202 182 95 163 132 204 50 154 132 78 54 45
internal_count=849 828 807 603 52 551 221 58 330 128 202 182 95 163 132 204 50 154 132 78 54 45
is_linear=0
shrinkage=0.3


Tree=124
num_leaves=13
num_cat=0
split_feature=7 26 10 19 20 7 8 4 7 7 23 17
split_gain=3.79766e-07 4.2431e-07 1.52195e-07 1.58748e-07 8.48886e-07 2.36307e-07 3.2321e-07 2.25254e-07 2.0568e-07 3.37469e-07 2.99084e-07 1.55796e-07
threshold=-0.016001680032316123 0.8999640000000001 -1.5721349649837608 0.46142200000000005 0.49681250000000005 -0.0047732369010953261 0.0071515127870278366 10801200.000000002 -0.0023752724566423419 -0.0022989032703124596 0.47222200000000009 0.0041753793859719435
decision_type=2 2 2 2 2 2 2 2 2 2 2 2
left_child=-1 2 -2 4 5 6 7 -4 10 -10 -7 -5
right_child=1 -3 3 11 -6 8 -8 -9 9 -11 -12 -13
leaf_value=3.8901558749867865e-05 1.9410517313238933e-05 -4.3133501666099099e-05 -1.9721915243515527e-05 -3.3907668530446245e-05 5.3494592778126667e-05 -7.5206342305552999e-06 4.0509452924197829e-05 9.3819957999130556e-06 3.5856402273566343e-05 -3.9927427299560751e-06 -4.8505441922812184e-05 1.1431749921289987e-06
leaf_weight=22 35 21 31 25 26 59 24 105 20 438 22 21
leaf_count=22 35 21 31 25 26 59 24 105 20 438 22 21
internal_value=-1.39286e-13 -1.03487e-06 6.19964e-08 -8.16341e-07 2.67981e-07 -1.71184e-06 8.41223e-06 2.74802e-06 -4.71713e-06 -2.25261e-06 -1.86523e-05 -1.79062e-05
internal_weight=849 827 806 771 725 699 160 136 539 458 81 46
internal_count=849 827 806 771 725 699 160 136 539 458 81 46
is_linear=0
shrinkage=0.3


Tree=125
num_leaves=15
num_cat=0
split_feature=26 7 13 15 12 18 0 23 2 19 3 2 11 2
split_gain=3.44041e-07 3.72985e-07 1.44544e-07 1.32644e-06 3.31678e-07 2.06684e-07 1.22476e-07 1.51893e-07 1.46906e-07 3.91693e-07 1.59098e-07 2.04244e-07 3.27958e-07 2.66264e-07
threshold=0.8999640000000001 -0.016001680032316123 0.0094088907379740617 0.0025284466086756782 -0.00067668890828050869 -0.061486969275842927 3.3000133764350807 0.38750000000000007 3.3371043761279884 -0.061689499999999994 3.389136910438538 3.4025982439297189 58.957309193575291 3.4329627458264933
decision_type=2 2 2 2 2 2 2 2 2 2 2 2 2 2
left_child=1 -1 3 4 -3 -6 7 -4 9 -8 -10 12 -12 -13
right_child=-2 2 6 -5 5 -7 8 -9 10 -11 11 13 -14 -15
leaf_value=-4.0455436179139978e-05 3.7026625961351039e-05 1.7720167486339433e-05 -3.4564758805738001e-05 7.8181987490617233e-05 -3.64097340950358e-05 -2.3782527118025123e-06 3.587753966769469e-05 1.5586300514769391e-06 -2.082933248713839e-05 -1.423965686808515e-05 4.7047458369888769e-05 -3.1954220001422908e-05 -7.2813496535673034e-06 -7.8193281784965114e-07
leaf_weight=21 22 38 22 21 29 36 32 20 38 25 20 26 20 479
leaf_count=21 22 38 22 21 29 36 32 20 38 25 20 26 20 479
internal_value=9.63325e-14 -9.84989e-07 4.33976e-08 9.46523e-06 -4.54498e-06 -1.75615e-05 -1.66966e-06 -1.73631e-05 -6.39778e-07 1.38963e-05 -2.06097e-06 -7.52355e-07 1.98831e-05 -2.38684e-06
internal_weight=849 827 806 124 103 65 682 42 640 57 583 545 40 505
internal_count=849 827 806 124 103 65 682 42 640 57 583 545 40 505
is_linear=0
shrinkage=0.3


Tree=126
num_leaves=16
num_cat=0
split_feature=7 21 10 20 10 18 26 19 27 27 19 17 7 3 23
split_gain=3.68326e-07 4.0996e-07 1.50182e-07 3.19546e-07 8.75429e-07 2.7739e-07 2.01278e-07 2.1947e-07 1.56053e-07 2.82042e-07 8.93354e-07 1.85189e-07 1.38548e-07 3.00702e-07 2.95378e-07
threshold=-0.016001680032316123 0.046590000000000006 1.3388765091379173 0.5130205000000001 0.35083851348779288 0.042786407558753348 0.56430550000000013 -0.035477499999999988 0.8984970000000001 0.87680000000000013 -0.095063499999999981 0.0049751493111186056 -0.0023229028717706092 3.8360605239868169 0.18333350000000004
decision_type=2 2 2 2 2 2 2 2 2 2 2 2 2 2 2
left_child=-1 -2 3 8 -5 -4 7 -7 9 12 -11 -10 13 -3 -14
right_child=1 2 5 4 -6 6 -8 -9 11 10 -12 -13 14 -15 -16
leaf_value=3.8311151785240911e-05 -4.3448009553230807e-05 9.222987519910806e-07 -3.4471234351023609e-05 -1.0595577373351262e-05 7.2889516768555031e-05 -9.1706953207903996e-06 -2.2169442372219433e-05 3.5272890859232578e-05 -2.7789753835964508e-05 6.3260637201892678e-05 -1.5440831985971373e-05 7.4824449906632891e-06 8.3302341408852943e-06 3.4293323902342568e-05 -1.0460790143987162e-05
leaf_weight=22 20 184 31 26 20 20 23 20 37 25 27 21 111 28 234
leaf_count=22 20 184 31 26 20 20 23 20 37 25 27 21 111 28 234
internal_value=-2.2647e-15 -1.01916e-06 3.23604e-08 1.51834e-06 2.57023e-05 -1.1239e-05 1.92805e-07 1.30511e-05 -1.49519e-07 1.2666e-06 2.23964e-05 -1.50188e-05 -7.0602e-07 5.32979e-06 -4.41498e-06
internal_weight=849 827 807 713 46 94 63 40 667 609 52 58 557 212 345
internal_count=849 827 807 713 46 94 63 40 667 609 52 58 557 212 345
is_linear=0
shrinkage=0.3


Tree=127
num_leaves=11
num_cat=0
split_feature=21 7 20 19 10 3 27 6 6 23
split_gain=3.62813e-07 3.60865e-07 1.98616e-07 6.04818e-07 2.02076e-07 1.25477e-07 1.16081e-07 1.24422e-07 4.54157e-07 2.36333e-07
threshold=0.046590000000000006 -0.016001680032316123 0.52578000000000003 0.36957600000000007 1.1834332681924227 3.2368433475494389 0.62411500000000009 -0.0023229028717706092 -0.0023866474927011845 0.38750000000000007
decision_type=2 2 2 2 2 2 2 2 2 2
left_child=-1 -2 3 5 -4 -3 -7 8 -8 -9
right_child=1 2 4 -5 -6 6 7 9 -10 -11
leaf_value=3.8941654666554574e-05 -3.981215159001294e-05 2.3194131988475418e-05 -3.7803571747948198e-06 4.8164928330152172e-05 -4.139059743010875e-05 -2.3431574682035717e-05 1.016025902207539e-06 -8.7905269605366592e-06 4.5083599687369195e-05 6.1682336229992235e-06
leaf_weight=21 21 20 36 24 20 20 248 269 23 147
leaf_count=21 21 20 36 24 20 20 248 269 23 147
internal_value=-1.11678e-14 -9.87651e-07 2.26523e-08 1.30784e-06 -1.72126e-05 -2.39028e-07 -9.01918e-07 -2.46032e-07 4.75608e-06 -3.50462e-06
internal_weight=849 828 807 751 56 727 707 687 271 416
internal_count=849 828 807 751 56 727 707 687 271 416
is_linear=0
shrinkage=0.3


Tree=128
num_leaves=14
num_cat=0
split_feature=7 21 2 6 20 19 13 18 4 9 4 9 25
split_gain=3.56433e-07 3.84562e-07 1.3535e-07 7.45522e-07 2.39602e-07 2.50868e-07 1.39992e-07 1.19202e-07 1.68792e-07 2.3751e-07 1.68699e-07 1.6696e-07 1.65372e-07
threshold=-0.016001680032316123 0.046590000000000006 3.8720006610055751 0.0046512588910139997 0.48687200000000003 0.49076250000000005 0.0095471150808833175 0.825642296346763 28387000.000000004 0.010824635198600602 24527550.000000004 0.0049904694144599004 0.43650750000000005
decision_type=2 2 2 2 2 2 2 2 2 2 2 2 2
left_child=-1 -2 4 6 7 -6 -4 8 10 -10 11 -3 -9
right_child=1 2 3 -5 5 -7 -8 12 9 -11 -12 -13 -14
leaf_value=3.7687536899449528e-05 -4.2096101783499765e-05 7.4771505295755917e-06 -2.4579919541296971e-05 6.0243089475469398e-05 -3.442206371370335e-05 1.9439256407754472e-06 5.7956559468645237e-06 -3.3857939116290122e-05 4.1595193943066987e-05 -1.559130896566785e-06 -2.0631668104959481e-05 -3.2141162445213923e-06 2.2540419113283858e-06
leaf_weight=22 20 234 22 21 38 31 36 21 22 24 33 300 25
leaf_count=22 20 234 22 21 38 31 36 21 22 24 33 300 25
internal_value=7.97365e-14 -1.00257e-06 1.58566e-08 1.181e-05 -1.264e-06 -1.80837e-05 -5.72611e-06 4.97091e-07 1.60236e-06 1.90799e-05 1.84433e-07 1.47082e-06 -1.42319e-05
internal_weight=849 827 807 79 728 69 58 659 613 46 567 534 46
internal_count=849 827 807 79 728 69 58 659 613 46 567 534 46
is_linear=0
shrinkage=0.3


Tree=129
num_leaves=16
num_cat=0
split_feature=21 7 25 19 20 3 27 9 27 27 27 7 0 6 17
split_gain=3.59218e-07 3.49204e-07 1.2451e-07 8.50872e-07 2.93295e-07 2.2103e-07 1.78182e-07 1.66187e-07 2.06661e-07 1.40879e-07 2.20201e-07 4.8819e-07 2.10445e-07 1.71192e-07 1.56498e-07
threshold=0.046590000000000006 -0.016001680032316123 0.13392850000000003 0.28134850000000006 0.08268650000000001 3.7839369773864751 0.80703150000000012 0.0044338291620753334 0.84795600000000015 0.89988400000000002 0.87680000000000013 1.0000000180025095e-35 3.3080816064225016 -0.0023229028717706092 0.0024212474013530143
decision_type=2 2 2 2 2 2 2 2 2 2 2 2 2 2 2
left_child=-1 -2 4 9 -3 7 -7 -6 -9 10 12 -12 -4 -14 -11
right_child=1 2 3 -5 5 6 -8 8 -10 14 11 -13 13 -15 -16
leaf_value=3.874822227122162e-05 -3.9174767646597636e-05 2.6033213604250705e-05 -2.2393573471089366e-05 6.272083342082623e-05 -2.3661962643473086e-05 -4.7109264119171709e-05 -1.188271880709278e-05 2.0575120273700601e-05 -1.7856902946391529e-05 -3.432434709793597e-05 -5.4861704549174255e-06 5.5023546740682958e-05 8.1142392342337235e-06 -3.3106486377014287e-06 -7.6990017987554889e-07
leaf_weight=21 21 20 37 20 24 24 28 34 20 22 28 21 191 309 29
leaf_count=21 21 20 37 20 24 24 28 34 20 22 28 21 191 309 29
internal_value=-4.38176e-14 -9.82745e-07 1.10996e-08 1.79163e-06 -7.78764e-06 -1.29908e-05 -2.81411e-05 -2.89065e-06 6.34104e-06 -1.21372e-07 1.19479e-06 2.04466e-05 -5.61886e-07 1.05366e-06 -1.52444e-05
internal_weight=849 828 807 657 150 130 52 78 54 637 586 49 537 500 51
internal_count=849 828 807 657 150 130 52 78 54 637 586 49 537 500 51
is_linear=0
shrinkage=0.3


Tree=130
num_leaves=18
num_cat=0
split_feature=7 21 14 6 19 26 4 14 11 23 27 3 3 13 26 26 21
split_gain=3.48973e-07 3.64989e-07 1.49055e-07 9.37578e-07 3.42864e-07 3.74376e-07 4.03842e-07 3.55144e-07 2.5774e-07 1.80861e-07 1.6143e-07 1.89911e-07 1.65317e-07 2.15788e-07 1.65305e-07 1.70927e-07 1.67128e-07
threshold=-0.014761434913422642 0.046590000000000006 0.0086768223384624324 0.0074257594560389719 -0.40588649999999998 0.41554750000000001 10423150.000000002 0.0068259408596986161 46.153754331512964 0.26785700000000007 0.71499150000000011 3.6015897989273076 3.2897396087646489 0.0088167475844485883 0.71669900000000009 0.61562950000000016 0.18052400000000005
decision_type=2 2 2 2 2 2 2 2 2 2 2 2 2 2 2 2 2
left_child=-1 -2 3 4 -3 6 -6 -7 -9 -8 11 -4 -12 -14 15 -15 -16
right_child=1 2 10 -5 5 7 9 8 -10 -11 12 -13 13 14 16 -17 -18
leaf_value=3.4918588333312068e-05 -4.1091738598879604e-05 3.2497857033376928e-05 -6.5659007001765221e-08 6.8720319761723657e-05 3.8515094367469899e-05 -5.6205868431788986e-05 -2.6419529646659612e-05 -3.0656546693665272e-05 1.6929475276583616e-05 7.5948574523382001e-06 2.279084891107721e-05 -3.0671615176030367e-05 -3.2277845111821083e-05 -1.2755272544512139e-06 -4.5158031149128416e-06 1.3883745134672247e-05 -3.7364976087701507e-05
leaf_weight=25 20 25 36 20 26 20 24 21 20 34 26 37 20 346 46 83 20
leaf_count=25 20 25 36 20 26 20 24 21 20 34 26 37 20 346 46 83 20
internal_value=-6.60177e-14 -1.05942e-06 -6.35945e-08 7.2794e-06 5.10587e-08 -5.54322e-06 7.44701e-06 -2.34314e-05 -7.44385e-06 -6.48006e-06 -2.33586e-06 -1.55783e-05 -5.48989e-07 -1.72731e-06 -4.92946e-07 1.65739e-06 -1.44701e-05
internal_weight=849 824 804 190 170 145 84 61 41 58 614 73 541 515 495 429 66
internal_count=849 824 804 190 170 145 84 61 41 58 614 73 541 515 495 429 66
is_linear=0
shrinkage=0.3


Tree=131
num_leaves=20
num_cat=0
split_feature=21 7 13 7 10 5 6 20 23 17 15 6 21 0 12 7 7 10 12
split_gain=3.52155e-07 3.42354e-07 1.39569e-07 8.34128e-07 4.44697e-07 1.87533e-07 1.18049e-07 3.17608e-07 2.14645e-07 1.81908e-07 1.46209e-07 3.50057e-07 2.09286e-07 2.16393e-07 1.7288e-07 3.80391e-07 1.82915e-07 1.79413e-07 2.4463e-07
threshold=0.046590000000000006 -0.013731470588914609 0.0094088907379740617 0.0024813899878319162 -0.82339973378008646 0.0022078654571920197 0.0089787214844812106 0.39214100000000002 0.34848450000000003 0.004778974850540749 -0.0051546341073744192 0.0043196838892245962 0.29949350000000002 3.7275274501735214 0.00072259912081131298 0.010560538768105298 0.0023810827670272473 1.3008112580644322 0.0036159299814706768
decision_type=2 2 2 2 2 2 2 2 2 2 2 2 2 2 2 2 2 2 2
left_child=-1 -2 3 4 -3 -6 10 8 9 -8 11 12 -4 -14 15 16 -12 18 -16
right_child=1 2 6 -5 5 -7 7 -9 -10 -11 14 -13 13 -15 17 -17 -18 -19 -20
leaf_value=3.8365416405992745e-05 -3.0452149054754578e-05 2.6192070754404993e-05 -2.0091170706239476e-05 5.6171860013718187e-05 -3.4885569639300223e-05 -2.7696466001240571e-06 -3.0420504175708625e-05 -4.1925818051980888e-05 2.2456232055328261e-05 6.9832049906505162e-06 -8.5153512458484474e-06 4.289973606358651e-05 3.1968814143440865e-05 -4.1628055961544825e-06 7.6104633653812921e-06 -4.5516632235376163e-05 8.7662572887928901e-06 2.3256219023656178e-05 -2.1846576974252562e-05
leaf_weight=21 34 31 28 27 30 36 25 23 23 22 194 23 26 35 100 21 77 39 34
leaf_count=21 34 31 28 27 30 36 25 23 23 22 194 23 26 35 100 21 77 39 34
internal_value=-8.64502e-14 -9.73036e-07 2.89294e-07 9.53484e-06 -3.4466e-06 -1.73678e-05 -1.42182e-06 -1.13407e-05 -1.29127e-06 -1.29124e-05 1.76883e-07 9.90743e-06 1.38133e-06 1.12376e-05 -2.16682e-06 -6.61927e-06 -3.60508e-06 5.3483e-06 1.36289e-07
internal_weight=849 828 794 124 97 66 670 93 70 47 577 112 89 61 465 292 271 173 134
internal_count=849 828 794 124 97 66 670 93 70 47 577 112 89 61 465 292 271 173 134
is_linear=0
shrinkage=0.3


Tree=132
num_leaves=19
num_cat=0
split_feature=7 21 2 23 8 20 23 16 12 6 11 26 0 26 19 19 26 4
split_gain=3.07027e-07 3.51402e-07 1.34714e-07 7.24462e-07 1.00765e-07 1.00327e-07 1.34581e-07 1.06805e-07 2.5607e-07 5.52781e-07 6.86618e-07 1.81278e-07 1.81163e-07 1.16625e-07 1.28504e-07 4.88669e-07 2.07005e-07 1.41974e-08
threshold=-0.014761434913422642 0.046590000000000006 3.8720006610055751 0.58571450000000003 0.0022298218915336797 0.48687200000000003 0.69047650000000005 0.0045045232422886673 0.00047390263363799077 -1.0000000180025095e-35 66.666884049757556 0.69499200000000017 3.6434070995667303 0.74219000000000002 -0.34321799999999997 -0.29647549999999995 0.56691600000000009 16964600.000000004
decision_type=2 2 2 2 2 2 2 2 2 2 2 2 2 2 2 2 2 2
left_child=-1 -2 5 4 -4 7 -7 13 11 -10 -11 12 -9 14 16 -16 -3 -8
right_child=1 2 3 -5 -6 6 17 8 9 10 -12 -13 -14 -15 15 -17 -18 -19
leaf_value=3.2752846680523361e-05 -4.0273840822919732e-05 1.9482740248968958e-05 8.9885231388437264e-06 6.1090541876183125e-05 -1.5983832674299431e-05 -2.7740351953102145e-05 4.7532147391393664e-06 -7.1300555033257627e-06 -1.9654263490208126e-05 8.0877350778791883e-05 6.9413413257279899e-06 -2.8123501979280261e-05 1.4534822727521332e-05 1.5089682456164155e-05 -4.9392212594798568e-05 -3.8907159765571768e-06 -8.2481628928690047e-06 -6.5506263990755538e-06
leaf_weight=25 20 47 26 20 33 29 20 79 21 20 26 20 62 30 23 278 50 20
leaf_count=25 20 47 26 20 33 29 20 79 21 20 26 20 62 30 23 278 50 20
internal_value=3.16355e-15 -9.93715e-07 -1.65974e-08 1.17474e-05 -4.97907e-06 -1.29847e-06 -1.218e-05 -1.53921e-07 5.09078e-06 2.06759e-05 3.90874e-05 -1.39494e-06 2.39634e-06 -2.94782e-06 -4.30744e-06 -7.36757e-06 5.18846e-06 -8.98706e-07
internal_weight=849 824 804 79 59 725 69 656 228 67 46 161 141 428 398 301 97 40
internal_count=849 824 804 79 59 725 69 656 228 67 46 161 141 428 398 301 97 40
is_linear=0
shrinkage=0.3


Tree=133
num_leaves=25
num_cat=0
split_feature=21 7 20 14 20 14 4 13 9 18 18 5 15 13 13 2 18 23 12 7 4 27 14 20
split_gain=3.43567e-07 3.38948e-07 1.31642e-07 2.10579e-07 5.84352e-07 2.68724e-07 3.79932e-07 1.81322e-07 1.99802e-07 2.47845e-07 2.08411e-07 1.9366e-07 2.85107e-07 1.62347e-07 3.22421e-07 2.11643e-07 1.82101e-07 1.58388e-07 3.07749e-07 2.40729e-07 1.56248e-07 1.43332e-07 1.65511e-07 9.54378e-08
threshold=0.046590000000000006 -0.016001680032316123 0.089240000000000014 0.010638288158590711 0.50639550000000011 0.009732350499663844 12207800.000000002 0.010489772798815361 0.0070829873716168647 0.45941100687199204 0.12660923424932194 0.004376713723950135 -0.0070755605228727701 0.012293160442026234 0.013127363422684639 3.5720196524291126 -0.19008432075135254 0.26785700000000007 -3.3320790214643482e-05 -0.0047961123111037564 34649000.000000007 0.80703150000000012 0.0097087288747822725 0.043756500000000004
decision_type=2 2 2 2 2 2 2 2 2 2 2 2 2 2 2 2 2 2 2 2 2 2 2 2
left_child=-1 -2 13 4 5 17 -7 -5 11 10 -10 12 -9 16 -15 -16 -3 18 -4 -19 -11 -18 -23 -17
right_child=1 2 3 7 -6 6 -8 8 9 20 -12 -13 -14 14 15 23 21 19 -20 -21 -22 22 -24 -25
leaf_value=3.7894706714983578e-05 -3.8588122515648136e-05 3.871402638348324e-06 4.3747706595240746e-05 -2.1987927778774554e-05 5.7882045978203672e-05 -2.160602941785328e-06 5.631490868381661e-05 2.5923004056949139e-05 -7.73790401694896e-06 2.6956449265627373e-05 -3.9268199897497139e-05 2.8544398158454201e-05 -1.162521296310414e-05 3.6656472721006141e-05 1.443420812847762e-05 -6.8785994699283034e-06 -3.8670752216822963e-05 1.7466155734707301e-05 -4.2951983050443236e-06 -1.0758037839065363e-05 -8.0284368823413389e-06 -3.062906774857765e-05 3.3218350767226312e-06 -3.4220806061284751e-05
leaf_weight=21 21 36 20 39 20 20 20 28 105 27 23 34 52 20 28 27 29 35 30 122 20 24 28 20
leaf_count=21 21 36 20 39 20 20 20 28 105 27 23 34 52 20 28 27 29 35 30 122 20 24 28 20
internal_value=-1.99856e-15 -9.61098e-07 1.80443e-08 2.30518e-06 8.56052e-06 4.56688e-06 2.70772e-05 -2.78683e-06 -1.95677e-07 -6.56225e-06 -1.34035e-05 9.57757e-06 1.51666e-06 -6.40103e-06 2.81209e-06 -6.21307e-06 -1.38818e-05 2.17068e-07 1.4922e-05 -4.46602e-06 1.20693e-05 -2.17721e-05 -1.23478e-05 -1.85136e-05
internal_weight=849 828 807 595 267 247 40 328 289 175 128 114 80 212 95 75 117 207 50 157 47 81 52 47
internal_count=849 828 807 595 267 247 40 328 289 175 128 114 80 212 95 75 117 207 50 157 47 81 52 47
is_linear=0
shrinkage=0.3


Tree=134
num_leaves=11
num_cat=0
split_feature=7 19 20 20 26 26 27 8 13 11
split_gain=3.16263e-07 3.4306e-07 1.18451e-07 4.53662e-07 1.55143e-07 1.25896e-07 9.41664e-08 8.02734e-08 1.60416e-07 1.53028e-07
threshold=-0.016001680032316123 -0.80511149999999987 0.52578000000000003 0.48912050000000001 0.73967250000000007 0.70789550000000012 0.82431750000000015 0.0091429495082978006 0.0099352139268961744 53.846308331936065
decision_type=2 2 2 2 2 2 2 2 2 2
left_child=-1 -2 3 4 5 7 -4 9 -9 -3
right_child=1 2 6 -5 -6 -7 -8 8 -10 -11
leaf_value=3.5500397414848936e-05 -3.4203964623379259e-05 -9.5049584092859554e-07 -2.4843110395522672e-05 4.4714800735943886e-05 1.8630649661214479e-05 -2.2408277663998889e-05 -1.7263928241715931e-06 -2.9426238920264455e-05 -2.2967152867448483e-06 1.2503125251840306e-05
leaf_weight=22 27 353 29 21 38 24 35 22 181 97
leaf_count=22 27 353 29 21 38 24 35 22 181 97
internal_value=-2.23105e-14 -9.44388e-07 1.78123e-07 1.25458e-06 -2.18721e-08 -1.06884e-06 -1.22012e-05 -2.8454e-07 -5.23686e-06 1.94951e-06
internal_weight=849 827 800 736 715 677 64 653 203 450
internal_count=849 827 800 736 715 677 64 653 203 450
is_linear=0
shrinkage=0.3


Tree=135
num_leaves=20
num_cat=0
split_feature=27 7 13 6 23 20 26 23 7 13 7 14 12 13 14 12 9 22 12
split_gain=2.70711e-07 3.22998e-07 1.06787e-07 4.88471e-07 2.66989e-07 4.37316e-07 3.36829e-07 4.44601e-07 2.19633e-07 1.85984e-07 8.47726e-08 2.15304e-07 1.92615e-07 1.61917e-07 1.48967e-07 3.08938e-07 2.24856e-07 7.86882e-08 1.14628e-07
threshold=0.93369400000000013 -0.016001680032316123 0.010377406982980958 0.006787358599503939 0.47222200000000009 0.090865000000000015 0.43090350000000005 0.29285700000000009 0.0023557288057373441 0.010551536929795295 -0.0090707251307139154 0.0072201628443379984 -0.0021706033455062192 0.013817793326775655 0.0095923168156334549 -0.00040760809126504902 0.0032592640441387721 0.086506000000000013 -0.00041931507828146195
decision_type=2 2 2 2 2 2 2 2 2 2 2 2 2 2 2 2 2 2 2
left_child=1 -1 3 4 5 8 -7 -8 -3 -4 12 -12 -11 -14 15 -13 -16 -6 -19
right_child=-2 2 9 -5 17 6 7 -9 -10 10 11 14 13 -15 16 -17 -18 18 -20
leaf_value=-3.7661804188766317e-05 3.0754857147258008e-05 4.1368951944885054e-06 -2.9794040035215272e-05 4.9203748546590628e-05 -2.8279197979076263e-05 2.7063777836771732e-06 9.6391745648816152e-06 7.2138279106833842e-05 -3.7679606109577428e-05 1.3374019519168152e-05 2.3758317750186753e-05 -3.654066957522211e-05 -3.7265591370564487e-05 -3.0943581194264881e-06 2.9316261799294803e-05 1.162490777250121e-06 -6.8998578064943333e-07 7.549999054390355e-06 -2.2429747706486192e-05
leaf_weight=21 25 26 21 21 23 39 20 21 20 21 33 31 26 24 24 53 354 24 22
leaf_count=21 25 26 21 21 23 39 20 21 20 21 33 31 26 24 24 53 354 24 22
internal_value=1.51971e-13 -9.33096e-07 2.74304e-08 5.73058e-06 1.04886e-06 9.26352e-06 2.26655e-05 4.16509e-05 -1.40442e-05 -2.07117e-06 -1.04259e-06 3.47901e-07 -1.07368e-05 -2.08634e-05 -1.32427e-06 -1.27518e-05 1.21517e-06 -1.39518e-05 -6.78814e-06
internal_weight=849 824 803 216 195 126 80 41 46 587 566 495 71 50 462 84 378 69 46
internal_count=849 824 803 216 195 126 80 41 46 587 566 495 71 50 462 84 378 69 46
is_linear=0
shrinkage=0.3


Tree=136
num_leaves=13
num_cat=0
split_feature=7 27 18 6 27 20 19 20 6 4 18 16
split_gain=3.11214e-07 4.01059e-07 1.01749e-07 1.62434e-07 9.41755e-07 1.24e-07 1.48564e-07 1.40742e-07 1.15164e-07 3.4161e-07 1.34535e-07 9.12951e-08
threshold=-0.016001680032316123 0.93668350000000011 -0.75464470592819377 0.01160121495900907 0.78857500000000014 0.48687200000000003 0.49076250000000005 0.45108350000000003 0.0068183469003711607 16824850.000000004 -0.49098698319957396 0.0023255790743459777
decision_type=2 2 2 2 2 2 2 2 2 2 2 2
left_child=-1 2 11 5 -5 7 -7 8 10 -10 -4 -2
right_child=1 -3 3 4 -6 6 -8 -9 9 -11 -12 -13
leaf_value=3.5215864340898402e-05 2.9630739231834013e-06 -4.1865768175089863e-05 1.6817598944385281e-05 6.8252949895395438e-05 -1.4732476060963505e-05 -2.4541332238597461e-05 2.3819551409230501e-06 2.421003214492331e-05 -2.9756222740333384e-05 1.8149800897455342e-05 1.9025085484827285e-07 -2.3034582807946617e-05
leaf_weight=22 20 21 48 20 32 39 35 23 37 21 500 31
leaf_count=22 20 21 48 20 32 39 35 23 37 21 500 31
internal_value=2.98779e-14 -9.36819e-07 1.29568e-07 1.00562e-06 1.7185e-05 -1.91148e-07 -1.18073e-05 1.17546e-06 3.01214e-07 -1.24109e-05 1.64666e-06 -1.28394e-05
internal_weight=849 827 806 755 52 703 74 629 606 58 548 51
internal_count=849 827 806 755 52 703 74 629 606 58 548 51
is_linear=0
shrinkage=0.3


Tree=137
num_leaves=16
num_cat=0
split_feature=21 7 20 7 20 27 19 4 6 20 27 27 10 5 14
split_gain=3.02338e-07 3.10725e-07 1.03817e-07 5.30188e-07 1.10753e-07 1.0386e-07 2.53011e-07 1.87586e-07 1.7602e-07 1.56387e-07 1.47883e-07 1.59019e-07 1.60329e-07 1.29445e-07 1.94296e-07
threshold=0.046590000000000006 -0.016001680032316123 0.5130205000000001 0.0025188703843594634 0.48687200000000003 0.7459110000000001 -0.2149845 11341550.000000002 -0.0023336564181876385 0.26124250000000004 0.77575400000000017 0.78771550000000012 -1.2278904990190991 0.002389474956944867 0.0099009807501782253
decision_type=2 2 2 2 2 2 2 2 2 2 2 2 2 2 2
left_child=-1 -2 4 -4 5 6 8 -8 -3 -9 13 -12 -13 14 -7
right_child=1 2 3 -5 -6 10 7 9 -10 -11 11 12 -14 -15 -16
leaf_value=3.5548338759586584e-05 -3.692802307081625e-05 -7.7210258314153177e-06 -8.2139413559791417e-06 5.1863959673710265e-05 -2.2398363996347015e-05 4.3984319232289899e-05 -3.6236775792986008e-05 -1.979502647898812e-05 2.5055954491672935e-05 9.4375121599503985e-06 -1.9267454629159233e-05 1.385880322959565e-05 -1.3223385154170118e-06 -6.5522473765408259e-06 7.8552420940947764e-06
leaf_weight=21 21 30 39 20 21 21 30 40 29 28 37 75 379 21 37
leaf_count=21 21 30 39 20 21 21 30 40 29 28 37 75 379 21 37
internal_value=-3.64812e-14 -9.01588e-07 3.59025e-08 1.21514e-05 -9.19735e-07 -2.99307e-07 -7.13161e-06 -1.64761e-05 8.38969e-06 -7.7581e-06 1.58257e-06 -3.55706e-07 1.18556e-06 1.36293e-05 2.09365e-05
internal_weight=849 828 807 59 748 727 157 98 59 68 570 491 454 79 58
internal_count=849 828 807 59 748 727 157 98 59 68 570 491 454 79 58
is_linear=0
shrinkage=0.3


Tree=138
num_leaves=15
num_cat=0
split_feature=7 21 27 21 20 6 22 5 14 8 18 12 19 13
split_gain=3.02881e-07 3.34145e-07 1.16946e-07 6.56678e-07 9.54936e-08 9.36457e-08 2.05178e-07 7.00062e-08 1.21114e-07 2.37683e-07 9.36332e-08 1.22015e-07 8.11737e-08 6.58469e-08
threshold=-0.016001680032316123 0.046590000000000006 0.68183950000000004 0.36622200000000005 0.48687200000000003 -0.0022754894870761614 0.051157500000000009 -0.014355025916284913 0.022641839863182928 0.010350263003960726 0.6235278431388932 0.00091602016691565895 -0.059536499999999992 0.011676960686046121
decision_type=2 2 2 2 2 2 2 2 2 2 2 2 2 2
left_child=-1 -2 3 -3 7 -6 -7 -4 10 -10 12 -12 -9 -5
right_child=1 2 4 13 5 6 -8 8 9 -11 11 -13 -14 -15
leaf_value=3.4741198505437089e-05 -3.9229389822139636e-05 5.7346113364928897e-05 -1.5535891206127416e-05 3.5631179993548094e-06 4.2110539776662003e-06 -4.0384272667572736e-05 1.4025893249155437e-07 -2.2097083997459098e-06 3.9946883694028658e-05 -4.7704161735727326e-06 -1.1466710368361364e-06 -3.0231041351466304e-05 5.217734318514649e-06 -1.9922505692771996e-05
leaf_weight=22 20 20 25 21 22 22 23 335 20 23 34 21 219 22
leaf_count=22 20 20 25 21 22 22 23 335 20 23 34 21 219 22
internal_value=-2.95264e-14 -9.24192e-07 2.51319e-08 1.24358e-05 -1.02577e-06 -1.18296e-05 -1.96717e-05 4.3447e-08 6.40814e-07 1.60283e-05 -4.4566e-07 -1.22516e-05 7.26411e-07 -8.45278e-06
internal_weight=849 827 807 63 744 67 45 677 652 43 609 55 554 43
internal_count=849 827 807 63 744 67 45 677 652 43 609 55 554 43
is_linear=0
shrinkage=0.3


Tree=139
num_leaves=24
num_cat=0
split_feature=21 7 5 14 15 2 0 25 20 20 16 6 13 19 9 9 0 7 11 1 29 2 26
split_gain=3.03148e-07 2.99491e-07 1.03031e-07 4.78999e-07 1.28632e-07 3.24353e-07 1.74847e-07 1.45248e-07 1.39491e-07 2.59639e-07 1.65748e-07 1.24358e-07 3.20705e-07 1.67283e-07 1.23964e-07 2.15988e-07 1.5327e-07 1.39282e-07 2.04546e-07 2.02487e-07 1.92454e-07 1.22935e-07 9.62811e-08
threshold=0.046590000000000006 -0.016001680032316123 0.0022078654571920197 0.0070588728960823341 0.0025641982137218698 3.3895075080435313 3.7027621349823732 0.38750000000000007 0.09352450000000001 0.16852400000000003 1.0000000180025095e-35 0.0082537083182793892 0.017361945320454934 -0.13718499999999997 0.0086574927703930143 0.010468881098250267 3.6110182599039118 0.0048019137753843111 62.499979509607549 3.7725328448151227 4.5000000000000009 3.6628432909647892 0.33060550000000005
decision_type=2 2 2 2 2 2 2 2 2 2 2 2 2 2 2 2 2 2 2 2 2 2 2
left_child=-1 -2 11 -4 5 -5 7 -7 22 -10 -11 14 13 -13 17 -16 -17 18 21 -20 -19 -3 -6
right_child=1 2 3 4 8 6 -8 -9 9 10 -12 12 -14 -15 15 16 -18 20 19 -21 -22 -23 -24
leaf_value=3.5595928987472039e-05 -3.627197545158976e-05 1.7332864363847225e-06 4.6858687311545179e-05 3.4746756122894239e-05 -1.0042144276667386e-06 3.849422680559655e-06 1.5142430473247258e-05 -3.1873235743010553e-05 2.6148382024757664e-05 1.1183452876978732e-05 -1.2482626721066481e-05 -1.0033883394168118e-05 1.5109525586674199e-05 -4.6250557124949411e-05 2.8304318133946665e-05 1.8565678328741341e-05 -1.3369837348052802e-05 -1.3708899269696909e-06 3.951745037349091e-05 -2.6606468350109934e-06 -3.4210016402257366e-05 -1.3030765573121777e-05 -2.787628443002177e-05
leaf_weight=21 21 126 22 32 20 20 32 21 30 39 84 22 22 24 33 21 38 36 21 20 29 85 30
leaf_count=21 21 126 22 32 20 20 32 21 30 39 84 22 22 24 33 21 38 36 21 20 29 85 30
internal_value=-2.02316e-14 -9.02795e-07 1.75923e-08 4.09299e-06 1.0383e-06 9.5629e-06 -1.4766e-06 -1.44475e-05 -3.37097e-06 1.12461e-06 -4.97875e-06 -2.80187e-06 -1.46816e-05 -2.89295e-05 -8.26753e-07 8.86813e-06 -2.00296e-06 -3.64041e-06 -4.46696e-07 1.89428e-05 -1.60222e-05 -4.21432e-06 -1.71275e-05
internal_weight=849 828 807 330 308 105 73 41 203 153 123 477 68 46 409 92 59 317 252 41 65 211 50
internal_count=849 828 807 330 308 105 73 41 203 153 123 477 68 46 409 92 59 317 252 41 65 211 50
is_linear=0
shrinkage=0.3


Tree=140
num_leaves=13
num_cat=0
split_feature=7 21 14 14 20 7 27 5 5 27 26 21
split_gain=2.93869e-07 3.15633e-07 1.14654e-07 4.86047e-07 1.91638e-07 8.01172e-08 7.2609e-08 1.7789e-07 3.08955e-07 1.9827e-07 1.31305e-07 1.57006e-07
threshold=-0.016001680032316123 0.046590000000000006 0.0068181751680769986 0.0070588728960823341 0.25088600000000005 0.017470423185275825 0.8489270000000001 0.0048780781111054357 0.0096386474929145618 0.85754000000000008 0.73777900000000007 0.48521500000000001
decision_type=2 2 2 2 2 2 2 2 2 2 2 2
left_child=-1 -2 4 -4 -3 6 10 9 -9 -8 11 -5
right_child=1 2 3 5 -6 -7 7 8 -10 -11 -12 -13
leaf_value=3.4220420434394325e-05 -3.8139352018333742e-05 5.1122429925141783e-07 4.3926805159097292e-05 -8.8922734521028148e-06 -3.5739140080944963e-05 1.4309576435778126e-05 2.5892287365942527e-05 4.3789611078182132e-05 -2.2257185938887516e-06 -5.2973391288446686e-06 1.7201355629165642e-05 2.5568982257685514e-06
leaf_weight=22 20 35 23 271 21 32 21 24 29 145 27 179
leaf_count=22 20 35 23 271 21 32 21 24 29 145 27 179
internal_value=5.78377e-14 -9.10338e-07 1.23145e-08 9.88771e-07 -1.30827e-05 -3.67788e-07 -1.04261e-06 3.47958e-06 1.86114e-05 -1.35166e-06 -3.11884e-06 -4.33805e-06
internal_weight=849 827 807 751 56 728 696 219 53 166 477 450
internal_count=849 827 807 751 56 728 696 219 53 166 477 450
is_linear=0
shrinkage=0.3


Tree=141
num_leaves=19
num_cat=0
split_feature=21 7 2 3 14 12 12 11 25 16 18 10 17 12 11 8 4 13
split_gain=2.98555e-07 2.89273e-07 1.03625e-07 4.93135e-07 1.28779e-07 3.39931e-07 1.88939e-07 1.13996e-07 7.87045e-08 1.23387e-07 1.22253e-07 1.15474e-07 2.84434e-07 2.05351e-07 1.64315e-07 2.30858e-07 1.77719e-07 1.08586e-07
threshold=0.046590000000000006 -0.016001680032316123 3.8720006610055751 3.9058535099029545 0.0071005949827352768 -0.00058502904178966747 0.00019435537097625973 61.733427143990006 0.7321430000000001 0.0023866894380115862 -0.079537087523371602 -0.73029288692678607 0.0024038439495323149 -0.00016647113660503272 41.421519164998863 0.0024301126511827851 12783100.000000002 0.010526324142691357
decision_type=2 2 2 2 2 2 2 2 2 2 2 2 2 2 2 2 2 2
left_child=-1 -2 4 -4 5 -3 -7 -5 11 -10 -11 12 17 -14 16 -16 -13 -6
right_child=1 2 3 7 8 6 -8 -9 9 10 -12 14 13 -15 15 -17 -18 -19
leaf_value=3.5325248178911095e-05 -3.5656509459970818e-05 1.7920852149638282e-05 4.6209495963012159e-05 1.0193559380411444e-05 2.0969117053937224e-05 -4.9414642271585761e-05 -1.177102974452282e-05 -1.7346235680663319e-05 2.2371742982483869e-05 1.7761213163274597e-05 -1.1192250480494945e-05 3.263243303426234e-05 -3.0721747628128717e-05 -1.3266086404785579e-06 -1.6795724679789546e-05 3.0246394422473552e-06 3.3214571978135154e-06 -2.1284998220219293e-06
leaf_weight=21 21 22 24 24 26 20 30 31 35 21 35 29 55 35 68 238 52 62
leaf_count=21 21 22 24 24 26 20 30 31 35 21 35 29 55 35 68 238 52 62
internal_value=1.56119e-13 -8.9593e-07 8.62035e-09 1.03284e-05 -1.11124e-06 -1.31551e-05 -2.68285e-05 -5.32887e-06 2.10643e-07 8.39855e-06 -3.34702e-07 -1.10812e-06 -7.43201e-06 -1.92903e-05 1.80055e-06 -1.37989e-06 1.38155e-05 4.6958e-06
internal_weight=849 828 807 79 728 72 50 55 656 91 56 565 178 90 387 306 81 88
internal_count=849 828 807 79 728 72 50 55 656 91 56 565 178 90 387 306 81 88
is_linear=0
shrinkage=0.3


Tree=142
num_leaves=19
num_cat=0
split_feature=7 21 6 9 0 19 19 19 9 6 5 26 4 26 13 13 16 7
split_gain=2.84716e-07 3.01717e-07 7.96101e-08 4.86816e-07 9.2422e-08 8.72323e-08 1.69997e-07 1.00725e-07 9.249e-08 2.17713e-07 3.03989e-07 2.02081e-07 1.45356e-07 2.7217e-07 2.0282e-07 9.10879e-08 9.91419e-08 1.31321e-07
threshold=-0.016001680032316123 0.046590000000000006 0.01160121495900907 0.0092764919300493565 3.7317800269701604 0.17362250000000004 0.13360250000000004 0.20857550000000002 0.0041774616387157187 0.0025094047095924094 -1.0000000180025095e-35 0.49090450000000002 11796950.000000002 0.49090450000000002 0.0099762659044847421 0.013497447583354716 0.0023419739874720098 -0.0023556392393371387
decision_type=2 2 2 2 2 2 2 2 2 2 2 2 2 2 2 2 2 2
left_child=-1 -2 5 -4 -5 6 8 -7 9 10 -3 -11 13 -10 -14 16 -9 -18
right_child=1 2 3 4 -6 7 -8 15 12 11 -12 -13 14 -15 -16 -17 17 -19
leaf_value=3.3683307858402917e-05 -3.7295120564522221e-05 1.7470655039788755e-05 4.8966861147619059e-05 6.2677470602714243e-06 -2.1230979688301554e-05 -2.5713435532096532e-05 2.5456884210939281e-05 -2.338804851723549e-05 -2.2945369386541321e-05 -3.0106032841104024e-06 -1.1122094621188434e-05 -4.4676618170507767e-05 3.3408960738060243e-05 8.0481670562783293e-06 3.4451316396752097e-06 9.6653482188457919e-06 1.7798510907027776e-05 -1.2101260752108199e-05
leaf_weight=22 20 54 20 22 22 23 24 29 51 20 88 22 22 51 268 32 20 39
leaf_count=22 20 54 20 22 22 23 24 29 51 20 88 22 22 51 268 32 20 39
internal_value=-7.98074e-14 -8.96049e-07 6.03416e-09 1.01585e-05 -7.48162e-06 -8.68474e-07 7.18456e-07 -7.52692e-06 -3.12312e-07 -5.86101e-06 -2.48795e-07 -2.48357e-05 2.29218e-06 -7.4486e-06 5.71825e-06 -4.04118e-06 -9.02537e-06 -1.96574e-06
internal_weight=849 827 807 64 44 743 600 143 576 184 142 42 392 102 290 120 88 59
internal_count=849 827 807 64 44 743 600 143 576 184 142 42 392 102 290 120 88 59
is_linear=0
shrinkage=0.3


Tree=143
num_leaves=17
num_cat=0
split_feature=27 7 20 19 14 9 21 1 24 24 14 8 22 13 10 16
split_gain=2.97643e-07 2.78192e-07 8.55623e-08 4.97867e-07 6.93902e-08 2.019e-07 2.15562e-07 6.90633e-08 1.59087e-07 1.95367e-07 1.27781e-07 2.73895e-07 1.00607e-07 7.85076e-08 9.49315e-08 4.80168e-08
threshold=0.93369400000000013 -0.016001680032316123 0.49681250000000005 0.37488000000000005 0.0070921917859332806 0.0026082149656579561 0.55930750000000018 3.3665786597844991 0.18333350000000004 0.38750000000000007 0.0086768223384624324 -0.0024038230112810293 0.27987100000000004 0.0090572175149746404 1.4832403085962171 0.0023529389325310035
decision_type=2 2 2 2 2 2 2 2 2 2 2 2 2 2 2 2
left_child=1 -1 4 -4 5 -3 -7 8 -6 -10 11 -9 -13 -12 -15 -5
right_child=-2 2 3 15 7 6 -8 10 9 -11 13 12 -14 14 -16 -17
leaf_value=-3.5064547968691583e-05 3.2248452909698244e-05 1.5831717386000882e-05 4.6384707547986179e-05 -1.7110678403268891e-05 -2.3955249570034913e-05 -3.29154833082157e-05 4.2652423476481443e-06 3.6865707188048369e-05 1.6200970797880846e-05 -2.0601660227319889e-05 -1.9004615387530064e-05 1.4395882759085257e-05 -1.3522287554224022e-05 -1.0164254225978416e-06 1.5451876625400686e-05 1.095901040315539e-06
leaf_weight=21 25 21 23 22 34 36 23 27 34 21 20 21 26 429 34 32
leaf_count=21 25 21 23 22 34 36 23 27 34 21 20 21 26 429 34 32
internal_value=4.85604e-14 -9.78412e-07 -8.69935e-08 9.42185e-06 -1.09551e-06 -9.42988e-06 -1.84213e-05 -6.33858e-08 -7.82337e-06 2.14906e-06 1.17654e-06 1.27852e-05 -1.04821e-06 -6.02019e-07 1.9291e-07 -6.32159e-06
internal_weight=849 824 803 77 726 80 59 646 89 55 557 74 47 483 463 54
internal_count=849 824 803 77 726 80 59 646 89 55 557 74 47 483 463 54
is_linear=0
shrinkage=0.3


Tree=144
num_leaves=16
num_cat=0
split_feature=7 27 8 13 26 8 20 26 17 22 6 7 6 9 27
split_gain=2.76267e-07 2.97168e-07 9.17938e-08 3.32434e-07 8.81865e-07 1.60263e-07 1.19878e-07 1.08039e-07 1.04772e-07 9.99892e-08 1.30747e-07 9.23902e-08 1.68712e-07 8.94541e-08 1.07949e-07
threshold=-0.016001680032316123 0.93668350000000011 -0.0023782135742288174 0.0089441213232993953 0.5019070000000001 -0.0025063131291352308 0.48687200000000003 0.75736350000000008 0.0089287408237061026 0.6415590000000001 -0.011752101661371127 -0.0048250252412763784 0.0022651040202094517 0.0028993351688884222 0.75776200000000016
decision_type=2 2 2 2 2 2 2 2 2 2 2 2 2 2 2
left_child=-1 2 5 4 -4 6 7 9 11 10 -2 12 -5 -13 -15
right_child=1 -3 3 8 -6 -7 -8 -9 -10 -11 -12 13 -14 14 -16
leaf_value=3.3179778804217428e-05 1.8546303172115584e-05 -3.6113820726768608e-05 -8.6580258194489627e-06 3.206986424174829e-05 7.0994041443968434e-05 -2.8345309858030466e-05 -1.9694569168622831e-05 2.013672862724227e-05 1.917999844636142e-05 -2.1606455955439481e-05 -2.495192599230768e-06 1.2185946205488196e-05 -3.501777205201506e-06 -1.5434583499995824e-05 -1.6366669206036022e-06
leaf_weight=22 30 21 29 20 22 22 31 22 24 21 233 31 30 66 225
leaf_count=22 30 21 29 20 22 22 31 22 24 21 233 31 30 66 225
internal_value=-3.50601e-14 -8.82654e-07 3.52792e-08 2.90443e-06 2.57017e-05 -3.53718e-06 -1.91766e-06 -1.16727e-07 -3.15765e-08 -1.68566e-06 -9.5022e-08 -1.27103e-06 1.07269e-05 -3.13406e-06 -4.76609e-06
internal_weight=849 827 806 447 51 359 337 306 396 284 263 372 50 322 291
internal_count=849 827 806 447 51 359 337 306 396 284 263 372 50 322 291
is_linear=0
shrinkage=0.3


Tree=145
num_leaves=25
num_cat=0
split_feature=21 7 7 13 10 13 18 29 13 18 11 7 17 14 23 22 6 16 26 4 13 1 7 3
split_gain=2.88485e-07 2.70575e-07 8.60561e-08 6.33345e-07 1.29658e-07 1.095e-07 2.49453e-07 1.59869e-07 1.47355e-07 1.40385e-07 1.24011e-07 1.1256e-07 1.61769e-07 2.30981e-07 1.17704e-07 1.39655e-07 1.12331e-07 1.06671e-07 1.80395e-07 9.85795e-08 1.48439e-07 1.12096e-07 1.06972e-07 8.68386e-08
threshold=0.046590000000000006 -0.016001680032316123 0.0023838340548360446 0.0089441213232993953 -1.2769584147989965 0.011871025159671927 -0.19854769005755521 3.5000000000000004 0.012811236427330725 -0.058999583306772435 41.666703093354322 -0.0024154188002243069 0.0065005431849495914 0.023206888457363718 0.23611100000000004 0.22480100000000003 0.0023837643431197848 0.0021390378071454181 0.32804600000000006 21176350.000000004 0.017237774866010164 3.8270753631736438 0.0025188703843594634 3.8799918889999394
decision_type=2 2 2 2 2 2 2 2 2 2 2 2 2 2 2 2 2 2 2 2 2 2 2 2
left_child=-1 -2 5 -4 -5 6 7 -3 10 -8 -7 12 13 -10 -13 -16 -9 -11 -19 21 -21 22 -6 -23
right_child=1 2 3 4 19 8 9 16 11 17 -12 14 -14 -15 15 -17 -18 18 -20 20 -22 23 -24 -25
leaf_value=3.4724362844177191e-05 -3.4499117119984083e-05 2.1447909208487741e-05 5.4268615352676925e-05 1.9221848071600987e-05 1.2396776268452924e-05 2.9626149269731663e-06 -3.2234165199293654e-05 8.8329047615004063e-06 -1.1022953289341331e-05 4.536030861050381e-06 3.211574885426671e-05 2.0610425252181644e-05 -2.9137216134245134e-05 2.4029248511990019e-05 1.6718463029974373e-05 -1.5867688501924116e-05 -1.9948878080749241e-05 8.2646399532677607e-06 -2.0764692754937639e-05 -2.9055690396894024e-05 2.1199833684347272e-06 2.5034860694480206e-05 -7.2325596626773108e-06 -6.8725815773567386e-07
leaf_weight=21 21 37 21 29 32 29 29 26 64 37 24 33 25 23 20 29 23 25 84 27 28 27 114 21
leaf_count=21 21 37 21 29 32 29 29 26 64 37 24 33 25 23 20 29 23 25 84 27 28 27 114 21
internal_value=-1.34526e-14 -8.8069e-07 -5.86143e-09 4.03219e-06 2.3735e-07 -2.38259e-06 -6.66733e-06 6.56284e-06 2.14501e-06 -1.3169e-05 1.6164e-05 -1.68493e-06 -7.8681e-06 -1.75628e-06 6.76037e-06 -2.56722e-06 -4.67691e-06 -9.38209e-06 -1.41066e-05 -1.9737e-06 -1.31844e-05 1.20461e-06 -2.93024e-06 1.37814e-05
internal_weight=849 828 807 299 278 508 261 86 247 175 53 194 112 87 82 49 49 146 109 249 55 194 146 48
internal_count=849 828 807 299 278 508 261 86 247 175 53 194 112 87 82 49 49 146 109 249 55 194 146 48
is_linear=0
shrinkage=0.3


Tree=146
num_leaves=21
num_cat=0
split_feature=7 21 6 13 16 4 6 7 0 20 5 16 25 19 8 14 16 18 18 18
split_gain=2.67214e-07 2.7676e-07 8.46177e-08 4.50281e-07 1.12292e-07 1.70098e-07 1.56952e-07 2.09363e-07 1.60355e-07 1.1875e-07 1.29079e-07 8.34457e-08 1.44023e-07 1.89953e-07 1.61763e-07 1.74703e-07 9.63529e-08 1.00414e-07 1.56776e-07 1.3853e-07
threshold=-0.016001680032316123 0.046590000000000006 0.0025542973351309678 0.0090572175149746404 0.0047058778650620929 20133750.000000004 0.0082537083182793892 -0.0023556392393371387 3.702762109214889 0.39041100000000006 -0.0021413169059397818 0.0023584322133207436 0.69047650000000005 -0.29647549999999995 0.0073348909334427026 0.011198211804546635 0.0023810069847564641 0.6235278431388932 0.45941100687199204 0.30858723490278184
decision_type=2 2 2 2 2 2 2 2 2 2 2 2 2 2 2 2 2 2 2 2
left_child=-1 -2 11 -4 6 -6 7 -5 -9 10 -8 12 13 -3 15 -15 -13 18 19 -18
right_child=1 2 3 4 5 -7 9 8 -10 -11 -12 16 -14 14 -16 -17 17 -19 -20 -21
leaf_value=3.2631623370930768e-05 -3.5729230221477336e-05 -3.1086319967243978e-05 4.6692202132752362e-05 3.6787855522561585e-05 -2.7995969847122776e-05 6.0009852299677168e-06 -1.0354394387052577e-05 -1.286748153890787e-05 1.9259911695026575e-05 -2.4742053169575227e-05 1.6973493654859339e-05 1.868336599363829e-05 1.2292940780298521e-05 -8.216116309975066e-06 -2.1877490577865573e-05 1.8003505423231605e-05 1.0752738559905561e-06 -1.5368738275323748e-05 2.4996748007928861e-05 -2.4827858851494966e-05
leaf_weight=22 20 32 21 25 27 26 35 27 29 20 28 25 30 66 39 35 262 37 23 20
leaf_count=22 20 32 21 25 27 26 35 27 29 20 28 25 30 66 39 35 262 37 23 20
internal_value=4.95214e-14 -8.68072e-07 -4.10293e-09 4.74578e-06 6.86448e-07 -1.13182e-05 4.566e-06 1.39606e-05 3.76992e-06 -4.60225e-06 1.79133e-06 -1.99087e-06 -6.88781e-06 -1.02333e-05 -5.46688e-06 8.69891e-07 7.04443e-07 -6.09806e-07 1.18062e-06 -7.61828e-07
internal_weight=849 827 807 238 217 53 164 81 56 83 63 569 202 172 140 101 367 342 305 282
internal_count=849 827 807 238 217 53 164 81 56 83 63 569 202 172 140 101 367 342 305 282
is_linear=0
shrinkage=0.3


Tree=147
num_leaves=12
num_cat=0
split_feature=21 7 13 13 13 12 14 21 21 27 9
split_gain=2.77376e-07 2.61903e-07 1.23985e-07 2.87178e-07 1.7528e-07 4.7186e-08 7.53892e-08 9.74219e-08 1.30542e-07 7.49757e-08 3.30632e-08
threshold=0.046590000000000006 -0.016001680032316123 0.0080988132908970164 0.0089441213232993953 0.0070756839210934256 0.0054863007686918588 0.027272700672307863 0.15909750000000003 0.22024650000000004 0.84678300000000017 0.0033873094198558933
decision_type=2 2 2 2 2 2 2 2 2 2 2
left_child=-1 -2 4 -4 -3 6 7 9 -9 -5 -6
right_child=1 2 3 5 10 -7 -8 8 -10 -11 -12
leaf_value=3.4049239418111806e-05 -3.3938870007789639e-05 1.0613980500693287e-05 2.8889612469740198e-05 -2.6832197982002977e-05 -3.2266248198311586e-05 1.0914961884819522e-05 -1.7215642210999248e-05 1.8030158894601441e-05 -1.3908006795198182e-07 -3.8064397498211681e-06 -1.575046429707072e-05
leaf_weight=21 21 20 32 20 20 33 24 38 561 35 24
leaf_count=21 21 20 32 20 20 33 24 38 561 35 24
internal_value=-4.98334e-14 -8.63568e-07 -2.87212e-09 1.08848e-06 -1.26728e-05 -1.62769e-07 -7.01951e-07 -9.59438e-08 1.01356e-06 -1.21794e-05 -2.32576e-05
internal_weight=849 828 807 743 64 711 678 654 599 55 44
internal_count=849 828 807 743 64 711 678 654 599 55 44
is_linear=0
shrinkage=0.3


Tree=148
num_leaves=16
num_cat=0
split_feature=7 21 19 4 20 16 20 19 19 9 17 15 11 27 11
split_gain=2.58525e-07 2.69038e-07 8.94873e-08 4.16472e-07 9.20971e-08 5.75484e-08 5.10594e-08 1.04367e-07 1.56126e-07 1.00978e-07 8.20976e-08 7.16995e-08 8.37532e-08 1.53052e-07 1.12735e-07
threshold=-0.016001680032316123 0.046590000000000006 0.36957600000000007 20334800.000000004 0.46941400000000005 0.0023865756343953719 0.32704050000000007 0.14324800000000001 0.058918500000000006 0.0066258522032517694 0.0024875301744809153 -0.013730035529787453 19.999630671112964 0.85990200000000006 30.000041148989521
decision_type=2 2 2 2 2 2 2 2 2 2 2 2 2 2 2
left_child=-1 -2 4 5 6 -4 11 8 9 -8 -9 -3 13 -13 -14
right_child=1 2 3 -5 -6 -7 7 10 -10 -11 -12 12 14 -15 -16
leaf_value=3.2096686823024356e-05 -3.5225233327764725e-05 -1.8221389923796363e-05 -2.0027968623383328e-05 3.7820252842281882e-05 -1.6723640968052678e-05 2.1817641465661706e-06 -1.0925421844893374e-05 -1.5161527277275032e-05 3.4835888365185899e-05 1.8158131076363913e-05 8.054195232559253e-06 1.6177311713253433e-05 -1.4923526244178662e-05 -8.868807785233911e-06 -6.8454934133048326e-07
leaf_weight=22 20 22 21 29 32 21 22 29 21 21 26 62 57 34 410
leaf_count=22 20 22 21 29 32 21 22 29 21 21 26 62 57 34 410
internal_value=-6.94775e-14 -8.53842e-07 -2.01054e-09 1.01693e-05 -9.83206e-07 -8.9231e-06 -2.67732e-07 5.39697e-06 1.3633e-05 3.27817e-06 -4.18682e-06 -1.42004e-06 -7.63503e-07 7.30681e-06 -2.4225e-06
internal_weight=849 827 807 71 736 42 704 119 64 43 55 585 563 96 467
internal_count=849 827 807 71 736 42 704 119 64 43 55 585 563 96 467
is_linear=0
shrinkage=0.3


Tree=149
num_leaves=11
num_cat=0
split_feature=27 7 13 13 27 27 2 18 2 12
split_gain=2.82659e-07 2.51858e-07 7.39456e-08 3.00003e-07 1.99851e-07 1.55991e-07 5.52604e-08 6.74334e-08 5.70285e-08 7.10467e-08
threshold=0.93369400000000013 -0.016001680032316123 0.0088167475844485883 0.0094088907379740617 0.81439550000000016 0.73770250000000004 3.2775617947435882 0.94650712472845855 3.3039723474212344 -0.0034763509426192236
decision_type=2 2 2 2 2 2 2 2 2 2
left_child=1 -1 4 -4 5 -3 -5 8 -8 -10
right_child=-2 2 3 6 -6 -7 7 -9 9 -11
leaf_value=-3.3386214878053774e-05 3.1426235673279734e-05 1.730291947152099e-06 2.9321995534559164e-05 -1.1518145741942326e-05 1.0692511461291526e-05 -3.0012364804352535e-05 1.199414524606368e-05 1.62063791163825e-05 -1.2070387532503446e-05 -2.3817267121657039e-08
leaf_weight=21 25 22 32 38 33 38 32 23 48 537
leaf_count=21 25 22 32 38 33 38 32 23 48 537
internal_value=3.57431e-14 -9.53466e-07 -1.05287e-07 9.36627e-07 -8.05968e-06 -1.83734e-05 -4.03095e-07 2.56861e-07 -3.37692e-07 -1.01225e-06
internal_weight=849 824 803 710 93 60 678 640 617 585
internal_count=849 824 803 710 93 60 678 640 617 585
is_linear=0
shrinkage=0.3


Tree=150
num_leaves=14
num_cat=0
split_feature=7 27 0 13 12 13 25 26 19 17 19 7 7
split_gain=2.50582e-07 2.35553e-07 6.95192e-08 9.11236e-08 1.43235e-07 1.3583e-07 1.09042e-07 1.04348e-07 5.95338e-08 9.13164e-08 5.67516e-08 5.61815e-08 5.01583e-08
threshold=-0.016001680032316123 0.93668350000000011 3.2354654265267704 0.0088167475844485883 3.4114743931815048e-05 0.0092628221132445045 0.18333350000000004 0.46953150000000005 0.20307200000000003 0.0021505355393904618 0.13360250000000004 -0.0096502863411186465 0.0048780781111054357
decision_type=2 2 2 2 2 2 2 2 2 2 2 2 2
left_child=-1 2 -2 4 6 -5 -4 -8 10 -10 11 -7 -11
right_child=1 -3 3 5 -6 8 7 -9 9 12 -12 -13 -14
leaf_value=3.1599741830425708e-05 1.701120436337078e-05 -3.2207488818260437e-05 -1.949692847100337e-05 2.3360567909390816e-05 -2.6808095424649792e-05 -9.3733043172505862e-06 2.309995697487466e-05 -6.8406733403621318e-06 -2.1889033183260135e-05 -5.4244359213878677e-06 1.2413788390942595e-05 1.4058775119399429e-06 1.1532904646855969e-05
leaf_weight=22 21 21 20 23 29 48 20 22 26 73 38 466 20
leaf_count=22 21 21 20 23 29 48 20 22 26 73 38 466 20
internal_value=9.18847e-14 -8.40622e-07 -2.33709e-08 -4.79073e-07 -9.40515e-06 6.9135e-07 -1.26507e-06 7.41677e-06 -8.56875e-08 -6.17177e-06 1.22635e-06 3.99261e-07 -1.7777e-06
internal_weight=849 827 806 785 91 694 62 42 671 119 552 514 93
internal_count=849 827 806 785 91 694 62 42 671 119 552 514 93
is_linear=0
shrinkage=0.3


Tree=151
num_leaves=14
num_cat=0
split_feature=21 7 23 6 14 20 21 17 22 26 11 22 6
split_gain=2.67125e-07 2.45194e-07 7.87093e-08 3.63886e-07 7.26578e-08 5.59771e-08 4.80209e-08 4.5615e-08 5.20867e-08 1.35609e-07 1.74941e-07 1.27138e-07 1.07964e-07
threshold=0.046590000000000006 -0.016001680032316123 0.61250000000000016 0.0074257594560389719 0.0091116088996716169 0.47495050000000005 0.37102650000000009 0.0097922789957402331 0.49836500000000006 0.63991100000000001 8.7118788127125359 0.5340235000000001 0.0023557288057373441
decision_type=2 2 2 2 2 2 2 2 2 2 2 2 2
left_child=-1 -2 5 4 -4 7 -6 8 9 10 -3 -10 -13
right_child=1 2 3 -5 6 -7 -8 -9 11 -11 -12 12 -14
leaf_value=3.3414151585020593e-05 -3.2850272727305954e-05 -2.491513663598097e-05 -1.5752714815872341e-05 4.2946403235483949e-05 -3.9173482075025995e-06 -1.6135599716965935e-05 1.1169896994873011e-05 1.3004632871473273e-05 2.2236992217333156e-05 -2.2658853516798537e-05 -1.3374555442489611e-08 5.5452314621393461e-06 -1.2522757988103256e-05
leaf_weight=21 21 27 22 21 37 22 39 21 27 29 426 92 44
leaf_count=21 21 27 22 21 37 22 39 21 27 29 426 92 44
internal_value=1.46984e-13 -8.4746e-07 -1.46733e-08 7.10923e-06 -5.70159e-07 -1.24686e-06 3.82479e-06 -7.55041e-07 -1.20303e-06 -2.77077e-06 -1.49759e-06 3.43288e-06 -3.00295e-07
internal_weight=849 828 807 119 98 688 76 666 645 482 453 163 136
internal_count=849 828 807 119 98 688 76 666 645 482 453 163 136
is_linear=0
shrinkage=0.3


Tree=152
num_leaves=13
num_cat=0
split_feature=7 21 4 6 10 0 13 7 5 4 27 4
split_gain=2.42271e-07 2.47058e-07 6.86263e-08 9.25766e-08 4.85397e-07 6.24528e-08 1.09373e-07 1.95429e-07 1.81341e-07 7.49567e-08 9.38653e-08 9.07416e-08
threshold=-0.016001680032316123 0.046590000000000006 51239300.000000007 0.01160121495900907 1.0344205681518979 3.2354654265267704 0.0094930069250321481 0.0045451996871772741 -0.0023696862836650062 9167250.0000000019 0.8157040000000001 11090900.000000002
decision_type=2 2 2 2 2 2 2 2 2 2 2 2
left_child=-1 -2 3 5 -5 -3 7 8 -7 10 -8 -11
right_child=1 2 -4 4 -6 6 9 -9 -10 11 -12 -13
leaf_value=3.107129105046624e-05 -3.3763974572593723e-05 1.6037593804867354e-05 -1.6935374346108541e-05 -8.0329612851178689e-06 4.8539274368002748e-05 1.6022775325836848e-05 -4.7038323438235754e-07 -3.5392635436437561e-05 -1.1574935329008439e-05 -1.0860324431490229e-05 2.0107580475101521e-05 1.0035905334029428e-06
leaf_weight=22 20 20 21 39 21 30 42 21 75 67 38 433
leaf_count=22 20 20 21 39 21 30 42 21 75 67 38 433
internal_value=-1.29218e-13 -8.26564e-07 -1.02714e-08 4.41926e-07 1.17673e-05 -4.94057e-07 -9.62376e-07 -8.97367e-06 -3.68988e-06 7.78008e-07 9.30415e-06 -5.86174e-07
internal_weight=849 827 807 786 60 726 706 126 105 580 80 500
internal_count=849 827 807 786 60 726 706 126 105 580 80 500
is_linear=0
shrinkage=0.3


Tree=153
num_leaves=13
num_cat=0
split_feature=21 7 6 6 18 13 27 27 20 27 21 27
split_gain=2.54156e-07 2.37398e-07 8.42842e-08 2.44746e-07 1.24413e-07 5.13781e-08 5.20682e-08 1.062e-07 2.30558e-07 1.02761e-07 8.61924e-08 6.03278e-08
threshold=0.046590000000000006 -0.016001680032316123 0.011919266186284966 0.0097087424534737701 -0.66996290800373104 0.0070756839210934256 0.7459110000000001 0.79566800000000015 0.072799000000000016 0.84988250000000021 0.26521250000000007 0.73330250000000008
decision_type=2 2 2 2 2 2 2 2 2 2 2 2
left_child=-1 -2 3 5 -4 -3 10 8 -8 -9 -7 -12
right_child=1 2 4 -5 -6 6 7 9 -10 -11 11 -13
leaf_value=3.2592876777925994e-05 -3.2316578001103021e-05 1.4919909874606674e-05 7.4182293051957716e-06 3.2775596054891917e-05 -2.1492348530562203e-05 9.7083907754884934e-06 -2.1658726353734892e-05 -6.4698921457392949e-06 1.319616003617086e-05 2.9711791523405994e-06 -5.8530301330562833e-06 -2.3803464896445802e-05
leaf_weight=21 21 20 21 21 37 28 20 198 117 218 107 20
leaf_count=21 21 20 21 21 37 28 20 198 117 218 107 20
internal_value=-7.56238e-14 -8.26631e-07 -7.19001e-09 8.4597e-07 -1.10247e-05 -7.50766e-08 -4.98664e-07 8.6339e-07 8.10786e-06 -1.52241e-06 -5.35812e-06 -8.67987e-06
internal_weight=849 828 807 749 58 728 708 553 137 416 155 127
internal_count=849 828 807 749 58 728 708 553 137 416 155 127
is_linear=0
shrinkage=0.3


Tree=154
num_leaves=16
num_cat=0
split_feature=7 21 14 22 6 20 20 23 22 22 22 22 14 13 13
split_gain=2.34359e-07 2.42017e-07 7.04479e-08 5.36414e-07 1.06276e-07 1.14322e-07 1.03206e-07 7.94471e-08 4.31642e-08 1.3497e-07 1.21417e-07 1.33941e-07 9.08541e-08 1.21868e-07 1.87539e-07
threshold=-0.016001680032316123 0.046590000000000006 0.0069930003861380418 0.2524165000000001 0.0094007286155527118 0.39214100000000002 0.14174150000000002 0.34848450000000003 0.33005750000000006 0.35112000000000004 0.36450650000000001 0.47544100000000006 0.023206888457363718 0.016824913426552457 0.015207258263713096
decision_type=2 2 2 2 2 2 2 2 2 2 2 2 2 2 2
left_child=-1 -2 3 -3 8 7 -5 -6 12 -10 -11 -12 13 14 -4
right_child=1 2 4 6 5 -7 -8 -9 9 10 11 -13 -14 -15 -16
leaf_value=3.0559749976336286e-05 -3.3412645522048478e-05 4.445512375241378e-05 -3.600961401268786e-06 6.3991731576606971e-06 -1.1935822212413207e-05 -2.8424011702554704e-05 -2.2034037387028446e-05 1.0951443125252677e-05 2.6729416797479645e-05 -1.9669886357761517e-05 1.1689686949894701e-05 -1.9038063639391863e-06 1.6581866331028487e-05 -2.1534208954108181e-05 2.6575864806090975e-05
leaf_weight=22 20 25 253 20 39 24 27 21 20 23 102 181 22 30 20
leaf_count=22 20 25 253 20 39 24 27 21 20 23 102 181 22 30 20
internal_value=1.65308e-14 -8.12956e-07 -5.03293e-09 8.95059e-06 -8.82319e-07 -1.09249e-05 -9.9348e-06 -3.92528e-06 4.13501e-07 2.85258e-06 1.292e-06 2.99562e-06 -2.03308e-06 -3.38466e-06 -1.3902e-06
internal_weight=849 827 807 72 735 84 47 60 651 326 306 283 325 303 273
internal_count=849 827 807 72 735 84 47 60 651 326 306 283 325 303 273
is_linear=0
shrinkage=0.3


Tree=155
num_leaves=19
num_cat=0
split_feature=21 7 21 27 11 11 18 21 7 25 12 8 16 29 3 13 8 18
split_gain=2.43845e-07 2.29769e-07 6.98027e-08 3.62267e-07 1.54067e-07 1.39183e-07 1.2869e-07 1.36564e-07 1.81739e-07 2.11748e-07 1.20507e-07 1.19093e-07 9.76992e-08 9.57496e-08 1.29618e-07 1.28392e-07 8.59057e-08 9.68535e-08
threshold=0.046590000000000006 -0.016001680032316123 0.37102650000000009 0.67825750000000007 6.4581176570971559 19.999630671112964 0.66007329122492731 0.30071600000000004 0.0048485021022386153 0.61250000000000016 -0.0028256561226608161 0.0084483914318022567 0.0047281842210188715 2.5000000000000004 3.7731655836105351 0.011339024163194435 -0.011976129889707645 0.38997712845627192
decision_type=2 2 2 2 2 2 2 2 2 2 2 2 2 2 2 2 2 2
left_child=-1 -2 3 -3 -4 12 7 10 9 -9 -5 -12 -6 14 15 -7 -15 -18
right_child=1 2 4 6 5 13 -8 8 -10 -11 11 -13 -14 16 -16 -17 17 -19
leaf_value=3.1924916558117334e-05 -3.1789529163818636e-05 4.2508018743774301e-05 -2.4756563909442357e-05 2.0614141858459336e-05 2.5076764026939952e-06 -6.7340021405470909e-06 -1.6015440905903233e-05 -8.3969280869776129e-06 3.5911925248871303e-05 2.957038385375199e-05 -9.4902774068229603e-06 7.7217755598161055e-06 3.0397391533369955e-05 -2.4420181648565632e-05 -8.977394668978082e-06 2.2154528311754501e-05 -6.7001072590243139e-06 7.4971156097816208e-06
leaf_weight=21 21 20 26 20 26 20 36 39 23 20 114 53 20 20 37 45 235 53
leaf_count=21 21 20 26 20 26 20 36 39 23 20 114 53 20 20 37 45 235 53
internal_value=-1.29746e-13 -8.0969e-07 -3.52323e-09 3.39431e-06 -2.2946e-06 -1.01387e-06 8.29479e-07 3.08382e-06 1.32915e-05 4.47335e-06 -1.39227e-06 -4.02777e-06 1.46336e-05 -2.76944e-06 5.19716e-06 1.32657e-05 -5.40773e-06 -4.08742e-06
internal_weight=849 828 807 325 482 456 305 269 82 59 187 167 46 410 102 65 308 288
internal_count=849 828 807 325 482 456 305 269 82 59 187 167 46 410 102 65 308 288
is_linear=0
shrinkage=0.3


Tree=156
num_leaves=23
num_cat=0
split_feature=7 21 13 7 4 12 5 7 3 23 2 12 27 1 13 4 6 21 4 7 0 17
split_gain=2.26755e-07 2.35631e-07 5.88185e-08 4.67607e-07 1.21739e-07 1.29884e-07 6.01054e-08 1.51497e-07 1.11958e-07 1.82606e-07 1.72553e-07 2.78891e-07 9.77661e-08 8.93693e-08 5.48747e-08 7.39229e-08 1.23676e-07 1.55799e-07 9.53815e-08 9.36374e-08 5.37774e-08 3.5959e-08
threshold=-0.016001680032316123 0.046590000000000006 0.0089441213232993953 0.0023810827670272473 17200100.000000004 -0.00067668890828050869 -0.0023809921760827965 -0.0086768955244905053 3.5647250413894658 0.15476200000000004 3.7512493276325212 -0.00059171404869722347 0.77575400000000017 3.4226563735176545 0.0094930069250321481 10608400.000000002 -0.0048661699491563768 0.54398200000000008 12638050.000000002 0.0094675528964999599 3.556696737442953 0.0025510179256708581
decision_type=2 2 2 2 2 2 2 2 2 2 2 2 2 2 2 2 2 2 2 2 2 2
left_child=-1 -2 3 4 5 -3 7 -4 9 21 11 -10 -12 -11 -8 16 -16 -18 20 -20 -17 -9
right_child=1 2 6 -5 -6 -7 14 8 10 13 12 -13 -14 -15 15 18 17 -19 19 -21 -22 -23
leaf_value=3.0059849930032876e-05 -3.2966326814403145e-05 2.0037878640946277e-05 2.3085257638189794e-05 4.5367620654443192e-05 -2.4442628655378941e-05 -9.716486348928986e-06 -1.6736343100092198e-05 -1.1840047818623135e-06 -2.7982409309598465e-06 -9.9307448711745873e-06 1.195703618760569e-05 3.6204598187726913e-05 -1.1532828591935657e-05 -3.4942439094081121e-05 2.5390563372898865e-05 -6.0622246640681021e-06 -9.7500959485002485e-06 1.9902920605150228e-05 3.8218361351839902e-07 -1.4902037398399463e-05 -2.4667419013675153e-05 1.659027666391921e-05
leaf_weight=22 20 23 29 22 20 31 25 21 33 36 23 33 52 20 21 27 52 23 224 43 29 20
leaf_count=22 20 23 29 22 20 31 25 21 33 36 23 33 52 20 21 27 52 23 224 43 29 20
internal_value=-4.78047e-14 -7.99657e-07 -2.46617e-09 6.96766e-06 -4.44855e-06 2.95667e-06 -9.4358e-07 2.61338e-06 1.18909e-07 -7.72592e-06 5.51571e-06 1.67032e-05 -4.32927e-06 -1.88635e-05 -3.08256e-06 -2.2679e-06 5.04129e-06 -6.56504e-07 -4.44029e-06 -2.07932e-06 -1.56971e-05 7.48638e-06
internal_weight=849 827 807 96 74 54 711 267 238 97 141 66 75 56 444 419 96 75 323 267 56 41
internal_count=849 827 807 96 74 54 711 267 238 97 141 66 75 56 444 419 96 75 323 267 56 41
is_linear=0
shrinkage=0.3


Tree=157
num_leaves=26
num_cat=0
split_feature=21 7 24 4 14 20 27 26 2 8 18 13 10 4 11 6 6 22 8 12 27 13 23 13 5
split_gain=2.34946e-07 2.22354e-07 5.33246e-08 1.45405e-07 2.70912e-07 4.49344e-07 9.1853e-08 4.41779e-07 8.99803e-08 1.29292e-07 8.50265e-08 8.33489e-08 9.81059e-08 9.10942e-08 7.71213e-08 8.32649e-08 1.32376e-07 9.66548e-08 1.21213e-07 9.41412e-08 1.58896e-07 1.06001e-07 1.38197e-07 6.3794e-08 5.76167e-08
threshold=0.046590000000000006 -0.016001680032316123 0.31666650000000002 11090900.000000002 0.0086768223384624324 0.35069200000000006 0.87980250000000015 0.70041550000000008 3.5195528347466936 -0.0047732700878763447 -0.2832112997942326 0.011021816845352346 0.61356725805932266 8988950.0000000019 7.6923976227574196 -0.0022727356932843224 -0.0025031981487772669 0.18185500000000002 -0.0044605333376778458 0.0018688950597019103 0.83540750000000019 0.0091346350284463133 0.29285700000000009 0.0095789516331595149 -0.0023809921760827965
decision_type=2 2 2 2 2 2 2 2 2 2 2 2 2 2 2 2 2 2 2 2 2 2 2 2 2
left_child=-1 -2 3 11 5 23 8 -8 9 -6 -10 24 13 -13 -4 16 17 -16 -19 21 -21 -17 -23 -5 -3
right_child=1 2 14 4 6 -7 7 -9 10 -11 -12 12 -14 -15 15 19 -18 18 -20 20 -22 22 -24 -25 -26
leaf_value=3.1336965340804973e-05 -3.1270626258057223e-05 -2.9124273578418069e-05 -2.1018405830091071e-05 -6.879228462821629e-06 -2.1046650114130455e-05 6.0017860757000105e-05 4.6991914114187236e-05 -1.2827889288018922e-05 -1.0001327531957334e-05 2.3685842341530422e-06 6.3699387258408102e-06 2.2548656345731743e-05 -1.4540295481108639e-05 -5.7414075217820937e-06 -1.2436385994791439e-05 -2.7992596804561678e-05 2.4895255481406702e-05 2.0378612862259616e-05 -7.3284914277691209e-06 2.4411722448679606e-05 -1.2535033724816459e-05 4.0098495771547147e-06 -1.6107774171416623e-05 1.6531215549713869e-05 -8.0417761233369291e-06
leaf_weight=21 21 20 20 20 41 20 20 25 36 44 138 21 27 20 37 23 23 30 27 22 20 63 60 22 28
leaf_count=21 21 20 20 20 41 20 20 25 36 44 138 21 27 20 37 23 23 30 27 22 20 63 60 22 28
internal_value=-2.80602e-14 -7.94778e-07 -1.72633e-09 2.00075e-06 4.93418e-06 2.30074e-05 1.24819e-06 1.37587e-05 -9.25449e-07 -8.92582e-06 2.98278e-06 -7.25474e-06 -4.98446e-07 8.74863e-06 -2.97155e-06 -1.78815e-06 4.49516e-06 -4.96353e-07 7.2542e-06 -5.6985e-06 6.81803e-06 -9.29915e-06 -5.80363e-06 5.38339e-06 -1.68262e-05
internal_weight=849 828 807 482 366 62 304 45 259 85 174 116 68 41 325 305 117 94 57 188 42 146 123 42 48
internal_count=849 828 807 482 366 62 304 45 259 85 174 116 68 41 325 305 117 94 57 188 42 146 123 42 48
is_linear=0
shrinkage=0.3


Tree=158
num_leaves=22
num_cat=0
split_feature=7 21 4 4 9 19 8 17 8 18 18 7 9 2 0 14 4 19 7 7 9
split_gain=2.19415e-07 2.28712e-07 5.45074e-08 4.3225e-07 6.64139e-08 8.49054e-08 8.02852e-08 9.95752e-08 8.22726e-08 8.03614e-08 1.59505e-07 6.50215e-08 9.30949e-08 2.00631e-07 1.24191e-07 1.16393e-07 7.7108e-08 9.83202e-08 2.21314e-07 1.63259e-07 7.51775e-08
threshold=-0.016001680032316123 0.046590000000000006 20860150.000000004 20133750.000000004 0.0049904694144599004 -0.14774949999999998 0.023746503787498475 0.0068886361724142279 0.039756824453285412 0.63056094018507802 0.26297694287022427 -0.0023229028717706092 0.0066258522032517694 3.3726293052903986 3.4764180253700485 0.014051508910433755 18559800.000000004 -0.36547099999999993 0.0025000937704678467 0.0050251835134947692 0.0086116698659694652
decision_type=2 2 2 2 2 2 2 2 2 2 2 2 2 2 2 2 2 2 2 2 2
left_child=-1 -2 3 11 5 -4 7 9 -8 10 -6 12 13 -3 -15 20 17 18 -13 -19 -14
right_child=1 2 4 -5 6 -7 8 -9 -10 -11 -12 16 15 14 -16 -17 -18 19 -20 -21 -22
leaf_value=2.9569343546013856e-05 -3.2477517334257295e-05 -1.0356580969528294e-05 -1.6009428158916059e-07 4.4864165033686731e-05 9.401363604411017e-07 -2.5482878049842837e-05 -2.6542887327423161e-05 -1.5895257671548858e-05 -7.280063691723626e-07 -7.2584543949201831e-06 2.8906666842697723e-05 2.67577844665952e-05 -7.9664147824587405e-06 3.6913938085021409e-05 1.0449940435459602e-05 -2.1054706443464967e-05 -1.8836680430922568e-05 -9.122877880633505e-06 -5.742562001387341e-06 6.9085216539731059e-06 1.8045067835714691e-05
leaf_weight=22 20 36 22 20 50 26 20 22 25 29 29 33 20 20 79 25 24 179 44 84 20
leaf_count=22 20 36 22 20 50 26 20 22 25 29 29 33 20 20 79 25 24 179 44 84 20
internal_value=7.23649e-14 -7.86609e-07 -1.20836e-09 1.52235e-06 -3.99115e-06 -1.38766e-05 -1.27971e-06 2.50084e-06 -1.22013e-05 6.24819e-06 1.12063e-05 -1.45974e-08 4.33096e-06 8.82213e-06 1.57962e-05 -4.99684e-06 -2.40227e-06 -1.24219e-06 8.18616e-06 -4.00258e-06 5.03933e-06
internal_weight=849 827 807 584 223 48 175 130 45 108 79 564 200 135 99 65 364 340 77 263 40
internal_count=849 827 807 584 223 48 175 130 45 108 79 564 200 135 99 65 364 340 77 263 40
is_linear=0
shrinkage=0.3


Tree=159
num_leaves=27
num_cat=0
split_feature=21 7 22 14 11 8 16 7 22 11 16 22 6 6 21 17 17 26 27 26 8 12 22 29 4 21
split_gain=2.26856e-07 2.15167e-07 6.46066e-08 2.34254e-07 1.01792e-07 1.17833e-07 1.41966e-07 1.94817e-07 1.08193e-07 1.30143e-07 1.06026e-07 9.22886e-08 8.80784e-08 8.46671e-08 1.19722e-07 9.92738e-08 7.48106e-08 7.37475e-08 8.46832e-08 7.36845e-08 7.22096e-08 7.11178e-08 6.25462e-08 6.02478e-08 4.97588e-08 3.37128e-08
threshold=0.046590000000000006 -0.016001680032316123 0.21815650000000003 0.0069930003861380418 63.245575267405769 0.0048018732456673483 0.0025510179256707931 0.0047392740923600917 0.33131450000000007 71.428779742603311 0.0051085601874971539 0.30014400000000008 0.0023782412029220595 -0.0023894957912037845 0.47634400000000005 0.0049751493111186056 0.0023952106907337077 0.32976050000000007 0.85167300000000012 0.26539650000000009 0.027407199166044467 0.0017876196555299026 0.086506000000000013 4.5000000000000009 18186200.000000004 0.35071200000000008
decision_type=2 2 2 2 2 2 2 2 2 2 2 2 2 2 2 2 2 2 2 2 2 2 2 2 2 2
left_child=-1 -2 3 -3 5 6 17 10 11 25 -8 24 13 15 -15 19 -16 -4 -19 -5 23 22 -14 -11 -6 -10
right_child=1 2 4 12 8 -7 7 -9 9 20 -12 -13 21 14 16 -17 -18 18 -20 -21 -22 -23 -24 -25 -26 -27
leaf_value=3.0792748085722057e-05 -3.0760241159961355e-05 3.2157924101738901e-05 1.1481219903544116e-05 -2.2142098519647592e-05 -1.9615667494576882e-05 2.3368305999156288e-05 9.9939416051148841e-06 3.3979935556089909e-05 -7.2703121918493711e-06 2.0649757990715189e-05 -6.4419490079423916e-06 -3.2883757320751496e-05 -1.270434552225197e-06 -4.9941473054104791e-06 1.0545590933881092e-05 1.4841440977875208e-05 3.5868176811553506e-05 -1.2194075697955498e-05 2.1115581124004419e-06 1.3660697959494428e-06 -8.1713971468388987e-06 5.3529297040520097e-06 -2.0293430426525965e-05 -7.5329786909605899e-07 1.546303080885991e-06 -2.4689135298103792e-05
leaf_weight=21 21 24 20 21 20 20 76 20 20 29 66 23 28 20 21 24 21 120 54 28 24 33 35 20 20 20
leaf_count=21 21 24 20 21 20 20 76 20 20 29 66 23 28 20 21 24 21 120 54 28 24 33 35 20 20 20
internal_value=-4.18793e-14 -7.80976e-07 -8.45949e-10 3.94848e-06 -1.82526e-06 9.61955e-07 -2.96828e-07 6.25907e-06 -7.77977e-06 -2.22589e-06 2.35472e-06 -1.77415e-05 1.01762e-06 5.95753e-06 1.41098e-05 -9.66295e-07 2.32069e-05 -5.77134e-06 -7.7544e-06 -8.70886e-06 5.31046e-06 -5.92912e-06 -1.18388e-05 1.19138e-05 -9.03468e-06 -1.59797e-05
internal_weight=849 828 807 255 552 376 356 162 176 113 142 63 231 135 62 73 42 194 174 49 73 96 63 49 40 40
internal_count=849 828 807 255 552 376 356 162 176 113 142 63 231 135 62 73 42 194 174 49 73 96 63 49 40 40
is_linear=0
shrinkage=0.3


Tree=160
num_leaves=16
num_cat=0
split_feature=7 21 20 14 14 14 12 21 27 20 29 6 21 6 22
split_gain=2.12318e-07 2.21657e-07 6.46887e-08 6.10787e-08 1.42543e-07 9.77549e-08 5.6526e-08 6.64646e-08 7.10289e-08 5.09185e-08 9.51463e-08 1.01062e-07 6.96506e-08 5.05104e-08 5.31186e-08
threshold=-0.016001680032316123 0.046590000000000006 0.056335500000000004 0.0069848132937852117 0.0071428506552764824 0.0048960221311343576 -0.0011195853222796743 0.38386850000000006 0.8455450000000001 0.48687200000000003 2.5000000000000004 -0.0023556392393371387 0.49795100000000009 0.0050251835134947692 0.078506500000000021
decision_type=2 2 2 2 2 2 2 2 2 2 2 2 2 2 2
left_child=-1 -2 6 5 -5 -4 -3 -8 -9 10 11 -6 -12 14 -11
right_child=1 2 3 4 9 -7 7 8 -10 13 12 -13 -14 -15 -16
leaf_value=2.9087254399035537e-05 -3.1972086725318148e-05 4.186724123182254e-06 6.0853432028824709e-06 2.5275524174740774e-05 -2.8871615478981929e-07 -1.8199470022019728e-05 -5.354993915646516e-08 -6.9356288851368464e-06 -2.776557839489704e-05 7.4802184324904244e-06 3.1586343414234086e-06 2.1896489624850801e-05 -4.9494138124472894e-06 -1.820684229146123e-05 -1.1825390578965395e-05
leaf_weight=22 20 36 26 23 33 35 39 34 26 29 299 42 140 22 23
leaf_count=22 20 36 26 23 33 35 39 34 26 29 299 42 140 22 23
internal_value=9.13236e-14 -7.73784e-07 -5.9205e-10 1.20328e-06 2.10698e-06 -7.84857e-06 -5.99321e-06 -9.695e-06 -1.59619e-05 1.20073e-06 2.26e-06 1.2135e-05 5.72924e-07 -6.15687e-06 -1.0588e-06
internal_weight=849 827 807 672 611 61 135 99 60 588 514 75 439 74 52
internal_count=849 827 807 672 611 61 135 99 60 588 514 75 439 74 52
is_linear=0
shrinkage=0.3


Tree=161
num_leaves=14
num_cat=0
split_feature=21 7 1 1 25 21 29 18 4 22 16 1 18
split_gain=2.19281e-07 2.08208e-07 5.97961e-08 2.92283e-07 6.87133e-08 8.29219e-08 5.25992e-08 5.64492e-08 4.75844e-08 1.11725e-07 7.31202e-08 6.60147e-08 6.9497e-08
threshold=0.046590000000000006 -0.016001680032316123 3.8981113594918297 3.9109831546825498 0.43650750000000005 0.4907915000000001 8.5000000000000018 -0.93880741329530648 17200100.000000004 0.051157500000000009 0.0069686436966244067 3.3121913326903538 0.19771839692916968
decision_type=2 2 2 2 2 2 2 2 2 2 2 2 2
left_child=-1 -2 6 -4 5 -5 7 -3 11 -10 -11 -9 -13
right_child=1 2 3 4 -6 -7 -8 8 9 10 -12 12 -14
leaf_value=3.0274272804880247e-05 -3.0258345135994854e-05 -1.6437717357059061e-05 3.9305451446125515e-05 -1.6377815842026714e-05 1.1160271885375613e-05 6.1285453039790104e-06 1.3415037342796991e-05 1.6321888432457853e-05 1.1850878250055864e-05 -9.1891466617958175e-06 4.8346198060998418e-06 2.3313090243731215e-06 -7.3909815825386481e-06
leaf_weight=21 21 22 20 34 29 26 22 24 34 182 41 287 86
leaf_count=21 21 22 20 34 29 26 22 24 34 182 41 287 86
internal_value=5.88771e-14 -7.67826e-07 -4.14413e-10 6.53443e-06 -8.29839e-07 -6.62506e-06 -1.0209e-06 -1.49071e-06 -9.87903e-07 -4.16839e-06 -6.61079e-06 1.071e-06 8.97085e-08
internal_weight=849 828 807 109 89 60 698 676 654 257 223 397 373
internal_count=849 828 807 109 89 60 698 676 654 257 223 397 373
is_linear=0
shrinkage=0.3


Tree=162
num_leaves=20
num_cat=0
split_feature=7 21 20 20 14 21 21 18 20 7 22 26 10 20 11 26 13 19 9
split_gain=2.05453e-07 2.14655e-07 6.28557e-08 3.32184e-07 5.13271e-08 9.57217e-08 7.75418e-08 2.00167e-07 4.4422e-08 6.90316e-08 8.52481e-08 1.06074e-07 6.30599e-08 6.2995e-08 7.0915e-08 6.77306e-08 5.97765e-08 4.39549e-08 2.02449e-08
threshold=-0.016001680032316123 0.046590000000000006 0.49418000000000001 0.5290775000000002 0.0071428506552764824 0.33584200000000003 0.56344650000000007 -0.12721650455718134 0.089240000000000014 -0.0045146751444974922 0.59920200000000012 0.33060550000000005 -0.61084188958016949 0.12643700000000002 10.263573817234851 0.34186500000000003 0.010416997154700514 0.52313350000000003 0.0066581111009799332
decision_type=2 2 2 2 2 2 2 2 2 2 2 2 2 2 2 2 2 2 2
left_child=-1 -2 4 -4 5 -3 7 -7 9 12 11 -11 -6 15 -15 -10 -16 -5 -12
right_child=1 2 3 17 8 6 -8 -9 13 10 18 -13 -14 14 16 -17 -18 -19 -20
leaf_value=2.861313583624988e-05 -3.1462742613257432e-05 -2.5828406658661153e-05 4.0264314449294551e-05 -1.5417248134781404e-05 -4.6655625860344457e-06 2.6649444258250045e-05 -1.3690092891333586e-05 -1.528637342573802e-05 -9.9537784159980691e-07 -2.526798159445153e-06 1.1182033395016332e-05 -2.2283074405733829e-05 1.6436560944384838e-05 1.3118387007201211e-05 6.6354696343564137e-06 2.0491125159820043e-05 -2.8301937458570174e-06 2.4061558571536969e-06 -2.3162526122177948e-06
leaf_weight=22 20 20 21 20 26 21 31 20 23 51 20 47 25 36 76 31 286 33 20
leaf_count=22 20 20 21 20 26 21 31 20 23 51 20 47 25 36 76 31 286 33 20
internal_value=-2.37429e-14 -7.61172e-07 -2.90156e-10 8.33255e-06 -8.41532e-07 -7.46794e-06 -2.36781e-06 6.19295e-06 1.09528e-07 -3.75263e-06 -7.23808e-06 -1.20017e-05 5.67862e-06 1.72445e-06 4.19905e-07 1.13395e-05 -8.42927e-07 -4.31966e-06 4.43289e-06
internal_weight=849 827 807 74 733 92 72 41 641 189 138 98 51 452 398 54 362 53 40
internal_count=849 827 807 74 733 92 72 41 641 189 138 98 51 452 398 54 362 53 40
is_linear=0
shrinkage=0.3


Tree=163
num_leaves=23
num_cat=0
split_feature=21 7 2 8 26 27 13 13 14 22 18 9 26 22 14 18 27 27 21 0 17 5
split_gain=2.12074e-07 2.01474e-07 5.70009e-08 2.45157e-07 4.07448e-08 3.38812e-08 7.04185e-08 4.94825e-08 3.92637e-08 6.71998e-08 1.35104e-07 1.2924e-07 9.00053e-08 1.48093e-07 6.7164e-08 6.13063e-08 5.33109e-08 1.32052e-07 8.58912e-08 7.69134e-08 6.47355e-08 5.72687e-08
threshold=0.046590000000000006 -0.016001680032316123 3.8720006610055751 0.01158769918816502 0.46953150000000005 0.71153250000000012 0.012854170756584923 0.011000007429591853 0.0097087288747822725 0.51092950000000015 0.090496677158883085 0.0075278086042759769 0.63991100000000001 0.38755100000000003 0.013018027443748739 0.060086135541319953 0.82674000000000014 0.81227200000000011 0.46030500000000008 3.702762109214889 0.002392285276397382 0.0024182831302418367
decision_type=2 2 2 2 2 2 2 2 2 2 2 2 2 2 2 2 2 2 2 2 2 2
left_child=-1 -2 5 4 -4 6 7 -3 16 12 14 -12 13 -10 -11 -14 17 21 20 -20 -18 -7
right_child=1 2 3 -5 -6 8 -8 -9 9 10 11 -13 15 -15 -16 -17 18 -19 19 -21 -22 -23
leaf_value=2.9772588875078195e-05 -2.9764782734024008e-05 -7.5439379372710384e-06 4.4248619911531229e-06 3.151421286308785e-05 -1.221411203510393e-05 1.1627839003465296e-06 -1.7853133325726019e-05 9.6313802084925835e-06 2.2192835634931335e-06 -5.1987996942313781e-06 -6.9069921752792822e-06 2.4025129284837022e-05 3.0005367607645957e-06 1.9344337515145399e-05 -2.8664969668961535e-05 -1.8924271062559226e-05 -8.5462364048057239e-06 2.3461738691139542e-05 -2.5809725482694999e-05 -3.3432122165777399e-06 1.2207068220959626e-05 -1.5357992875718852e-05
leaf_weight=21 21 36 26 26 27 69 31 26 210 21 31 20 22 58 23 24 31 20 32 24 24 26
leaf_count=21 21 36 26 26 27 69 31 26 210 21 31 20 22 58 23 24 31 20 32 24 24 26
internal_value=5.28146e-14 -7.55102e-07 -2.03078e-10 7.65361e-06 -4.0516e-06 -8.30768e-07 -6.17863e-06 -3.41385e-07 -4.75367e-08 1.70603e-06 -5.28509e-06 5.22325e-06 3.82118e-06 5.92545e-06 -1.74652e-05 -8.43849e-06 -3.22103e-06 1.30573e-06 -7.91092e-06 -1.61812e-05 5.09751e-07 -3.35869e-06
internal_weight=849 828 807 79 53 728 93 62 635 409 95 51 314 268 44 46 226 115 111 56 55 95
internal_count=849 828 807 79 53 728 93 62 635 409 95 51 314 268 44 46 226 115 111 56 55 95
is_linear=0
shrinkage=0.3


Tree=164
num_leaves=12
num_cat=0
split_feature=7 21 20 14 20 12 18 27 14 14 14
split_gain=1.9881e-07 2.07794e-07 5.71173e-08 1.97707e-07 3.28564e-08 3.37894e-08 9.80536e-08 8.73629e-08 7.48435e-08 5.46957e-08 4.26555e-08
threshold=-0.016001680032316123 0.046590000000000006 0.5130205000000001 0.011013310817769845 0.48687200000000003 0.0025951791367325974 0.26297694287022427 0.79036000000000006 0.02576123965108169 0.022123872799678711 0.019517441319359223
decision_type=2 2 2 2 2 2 2 2 2 2 2
left_child=-1 -2 4 -4 5 8 7 -7 9 10 -3
right_child=1 2 3 -5 -6 6 -8 -9 -10 -11 -12
leaf_value=2.8146755812485932e-05 -3.0955695976899733e-05 1.0381528514127806e-06 3.3237097266010093e-05 -3.4498409884410928e-06 -1.2407676383320775e-05 -3.0352222244586943e-07 8.4977258211438308e-06 -2.1108849564545661e-05 -1.7135518945516585e-05 1.5431394268469613e-05 -1.2146302527110927e-05
leaf_weight=22 20 555 20 39 21 34 32 39 21 23 23
leaf_count=22 20 555 20 39 21 34 32 39 21 23 23
internal_value=3.94389e-14 -7.48765e-07 -1.421e-10 8.98641e-06 -7.08974e-07 -3.71048e-07 -5.34893e-06 -1.14187e-05 4.6927e-07 1.08441e-06 5.13512e-07
internal_weight=849 827 807 59 748 727 105 73 622 601 578
internal_count=849 827 807 59 748 727 105 73 622 601 578
is_linear=0
shrinkage=0.3


Tree=165
num_leaves=18
num_cat=0
split_feature=21 7 6 7 18 2 0 6 18 24 10 5 18 27 5 10 4
split_gain=2.05159e-07 1.94958e-07 4.63585e-08 2.72236e-07 6.65907e-08 3.4027e-08 8.63084e-08 5.13243e-08 6.4203e-08 5.45722e-08 3.72132e-08 3.60238e-08 1.01531e-07 1.12886e-07 9.69768e-08 5.66527e-08 4.28107e-08
threshold=0.046590000000000006 -0.016001680032316123 0.01160121495900907 0.004556035458710278 -0.2263195961402108 3.8294636210129243 3.8274006656550603 0.0047113438466751473 -0.2218916554679902 0.35416650000000005 0.545486570179886 -0.007134562530525166 0.25946295469437225 0.81503100000000017 -0.0051087570250377577 -1.4342990970405352 17200100.000000004
decision_type=2 2 2 2 2 2 2 2 2 2 2 2 2 2 2 2 2
left_child=-1 -2 5 4 -4 6 11 8 -7 10 -10 12 13 -3 -13 -14 -16
right_child=1 2 3 -5 -6 7 -8 -9 9 -11 -12 14 15 -15 16 -17 -18
leaf_value=2.9283198091434312e-05 -2.9279374107967927e-05 -2.1221696285395478e-06 5.2097778421966721e-06 3.6768443051187207e-05 -1.8228943181384237e-05 -1.4360137257771666e-05 1.5161517719455085e-05 -1.8742255265026738e-05 -9.450680572846918e-06 1.5229364034244749e-05 7.1474341257271587e-06 2.0333588060696323e-05 1.6250296459929812e-05 -3.132091098285111e-05 1.513467328660835e-06 -6.3300995770987355e-06 -4.4997931755119679e-06
leaf_weight=21 21 26 24 20 20 29 33 21 31 21 20 21 20 22 319 20 160
leaf_count=21 21 26 24 20 20 29 33 21 31 21 20 21 20 22 319 20 160
internal_value=-6.22315e-14 -7.4269e-07 -9.95743e-11 7.74726e-06 -5.44419e-06 -6.67436e-07 2.32419e-07 -5.24785e-06 -2.44208e-06 2.35825e-06 -2.94162e-06 -6.05439e-07 -6.20264e-06 -1.55049e-05 3.79669e-07 4.9601e-06 -4.95137e-07
internal_weight=849 828 807 64 44 743 621 122 101 72 51 588 88 48 500 40 479
internal_count=849 828 807 64 44 743 621 122 101 72 51 588 88 48 500 40 479
is_linear=0
shrinkage=0.3


Tree=166
num_leaves=16
num_cat=0
split_feature=7 21 13 27 27 4 4 7 19 20 15 4 17 6 25
split_gain=1.92382e-07 2.01113e-07 4.94147e-08 3.48309e-07 8.13496e-08 3.63977e-08 6.19413e-08 6.54633e-08 3.54067e-08 4.55484e-08 7.18078e-08 6.52749e-08 3.341e-08 2.33563e-08 1.73356e-08
threshold=-0.016001680032316123 0.046590000000000006 0.0089441213232993953 0.73162200000000011 0.81439550000000016 51239300.000000007 29897700.000000004 -1.0000000180025095e-35 0.31656700000000004 0.32325800000000005 -0.0023865756343954005 26977300.000000004 0.0045351432241545449 0.0024243455695675291 0.47222200000000009
decision_type=2 2 2 2 2 2 2 2 2 2 2 2 2 2 2
left_child=-1 -2 3 -3 14 6 8 -8 9 11 -11 -4 13 -10 -5
right_child=1 2 5 4 -6 -7 7 -9 12 10 -12 -13 -14 -15 -16
leaf_value=2.7687960850512769e-05 -3.0453947135811174e-05 4.0538508641851928e-05 -1.0864124488085695e-06 -1.8660896379287807e-05 7.3890910477660188e-06 -1.3166447394853873e-05 2.1361990741791922e-05 5.1259890845110268e-07 3.2982925176838759e-06 1.5249901200429751e-05 -6.9502026735478944e-07 -1.7837565432769635e-05 -1.7120705623434014e-05 -1.0582970671748627e-05 -6.1700657528263042e-06
leaf_weight=22 20 21 433 20 35 21 23 33 24 39 73 22 23 20 20
leaf_count=22 20 21 433 20 35 21 23 33 24 39 73 22 23 20 20
internal_value=-9.01423e-15 -7.3656e-07 -6.96452e-11 6.38862e-06 -3.17335e-06 -8.62678e-07 -4.88215e-07 9.07574e-06 -1.33298e-06 -5.62316e-07 4.85723e-06 -1.89636e-06 -7.85487e-06 -3.01137e-06 -1.24155e-05
internal_weight=849 827 807 96 75 711 690 56 634 567 112 455 67 44 40
internal_count=849 827 807 96 75 711 690 56 634 567 112 455 67 44 40
is_linear=0
shrinkage=0.3


Tree=167
num_leaves=17
num_cat=0
split_feature=21 7 2 16 15 27 19 18 23 26 6 4 23 18 27 18
split_gain=1.98497e-07 1.88652e-07 3.85413e-08 2.25952e-07 6.89953e-08 4.08255e-08 6.49148e-08 3.50251e-08 3.6071e-08 2.82074e-08 2.7934e-08 1.24375e-07 7.99346e-08 5.08801e-08 7.70998e-08 6.26448e-08
threshold=0.046590000000000006 -0.016001680032316123 3.8720006610055751 1.0000000180025095e-35 -0.0021858139106627297 0.71153250000000012 -0.17513849999999997 0.28295418668618072 0.52777800000000019 0.81437150000000014 0.0025316937033610042 9451150.0000000019 0.23611100000000004 0.30858723490278184 0.79036000000000006 0.24768292216580465
decision_type=2 2 2 2 2 2 2 2 2 2 2 2 2 2 2 2
left_child=-1 -2 5 -4 -5 6 -3 8 -8 10 13 -12 -13 15 -15 -7
right_child=1 2 3 4 -6 9 7 -9 -10 -11 11 12 -14 14 -16 -17
leaf_value=2.880382598959841e-05 -2.8801950189257955e-05 5.2211036871022794e-06 3.2957232178887352e-05 1.0901919781645119e-05 -1.0867070098859249e-05 2.4432779392297208e-08 -2.482799700769449e-05 -1.4791661578783532e-06 -7.6309886870668762e-06 -8.2297264945287069e-06 2.4395570902846017e-05 -9.5681177667079563e-06 5.2744249259053371e-06 -2.0334791669382765e-05 -1.4254177921943863e-06 1.6960859427074737e-05
leaf_weight=21 21 29 21 20 38 307 23 20 21 34 23 47 107 27 69 21
leaf_count=21 21 29 21 20 38 307 23 20 21 34 23 47 107 27 69 21
internal_value=7.07873e-14 -7.30532e-07 -4.87382e-11 6.29356e-06 -3.36052e-06 -6.8301e-07 -6.5534e-06 -1.18887e-05 -1.66203e-05 1.76748e-07 6.52322e-07 3.81785e-06 7.44558e-07 -6.69137e-07 -6.74368e-06 1.10878e-06
internal_weight=849 828 807 79 58 728 93 64 44 635 601 177 154 424 96 328
internal_count=849 828 807 79 58 728 93 64 44 635 601 177 154 424 96 328
is_linear=0
shrinkage=0.3


Tree=168
num_leaves=22
num_cat=0
split_feature=7 21 20 21 16 22 22 12 12 22 6 18 4 4 12 3 12 12 13 23 13
split_gain=1.86161e-07 1.94629e-07 3.97226e-08 1.7378e-07 3.06638e-08 3.95798e-08 1.1926e-07 8.37366e-08 6.89793e-08 6.60163e-08 8.37385e-08 6.3088e-08 4.16016e-08 3.59672e-08 7.19701e-08 1.04625e-07 1.13618e-07 7.47786e-08 7.17719e-08 7.56982e-08 5.04617e-08
threshold=-0.016001680032316123 0.046590000000000006 0.5130205000000001 0.30529650000000003 0.0024330876249159497 0.30286700000000005 0.3281715 -0.0016864852766269257 0.00020060604848343998 0.12530400000000003 -0.0023229028717706092 0.097953944901461323 15659950.000000002 11090900.000000002 0.00047390263363799077 3.801322460174561 0.0015813642822553257 -0.00023015936567743 0.013597873653513741 0.23611100000000004 0.010377406982980958
decision_type=2 2 2 2 2 2 2 2 2 2 2 2 2 2 2 2 2 2 2 2 2
left_child=-1 -2 4 -4 5 9 -7 -8 -9 11 -11 -3 -12 18 17 16 -16 20 19 -6 -15
right_child=1 2 3 -5 13 6 7 8 -10 10 12 -13 -14 14 15 -17 -18 -19 -20 -21 -22
leaf_value=2.723662503078892e-05 -2.9958910740788266e-05 -1.4220339198800503e-05 -4.6093491144909802e-06 2.9395903727293313e-05 1.3779163885374145e-05 -2.4191390112859015e-05 -1.8720769996434682e-05 6.4778712453221783e-06 -5.7850620572005509e-06 1.8770708491853925e-05 5.1258351552405648e-06 4.0786167611006617e-06 -1.0069188169836707e-05 1.6444819737314121e-05 3.5164367982685817e-05 -6.3130420091076068e-06 7.2521470253507557e-06 -1.2572745220365634e-05 -1.9696273361518025e-05 -7.367979039302624e-06 6.5956927404959445e-07
leaf_weight=22 20 39 38 21 25 26 25 77 89 31 50 30 24 21 21 23 35 35 20 39 138
leaf_count=22 20 39 38 21 25 26 25 77 89 31 50 30 24 21 21 23 35 35 20 39 138
internal_value=-6.71071e-14 -7.24554e-07 -3.41919e-11 7.49422e-06 -5.91158e-07 -2.42655e-06 -5.12935e-06 -2.53452e-06 -9.6834e-08 9.44187e-07 5.68117e-06 -6.26427e-06 1.97719e-07 1.41903e-06 3.08935e-06 1.07225e-05 1.77192e-05 -1.89913e-08 -4.00949e-06 8.92624e-07 2.74441e-06
internal_weight=849 827 807 59 748 391 217 191 166 174 105 69 74 357 273 79 56 194 84 64 159
internal_count=849 827 807 59 748 391 217 191 166 174 105 69 74 357 273 79 56 194 84 64 159
is_linear=0
shrinkage=0.3


Tree=169
num_leaves=16
num_cat=0
split_feature=21 7 14 9 12 12 14 16 11 12 15 10 6 11 20
split_gain=1.92065e-07 1.82551e-07 4.17703e-08 2.85193e-07 1.16291e-07 2.9659e-08 6.25917e-08 6.19372e-08 6.2504e-08 5.18016e-08 5.09475e-08 5.71438e-08 9.60597e-08 6.14674e-08 1.95571e-08
threshold=0.046590000000000006 -0.016001680032316123 0.0069930003861380418 0.0048358004752473809 -0.0004986654754100204 -0.0022424512850849807 0.0097087288747822725 0.0073350586256409256 12.772206809106409 -0.0018227901904082134 -0.012165568858824241 -0.9203573809261878 -0.0022961991004551031 41.042667210475692 0.25182250000000006
decision_type=2 2 2 2 2 2 2 2 2 2 2 2 2 2 2
left_child=-1 -2 3 4 -3 6 -4 8 -8 -7 -11 12 -12 -13 -10
right_child=1 2 5 -5 -6 9 7 -9 14 10 11 13 -14 -15 -16
leaf_value=2.8333272036564138e-05 -2.8332352732312365e-05 1.1116877883820131e-05 -1.1429814833263663e-05 3.7340602975746148e-05 -1.7447994633616403e-05 -1.4866547796373197e-05 2.1785239921427999e-05 -6.8384860130973637e-06 -2.6288444782299588e-06 1.112074603952351e-05 -6.8733185530397769e-07 7.1846129412733706e-06 -1.8986993732385466e-05 -1.7548726857579571e-06 1.0479276789734371e-05
leaf_weight=21 21 23 20 20 29 25 30 22 21 30 67 85 42 373 20
leaf_count=21 21 23 20 20 29 25 30 22 21 30 67 85 42 373 20
internal_value=3.0306e-14 -7.18597e-07 -2.38905e-11 6.89595e-06 -4.81353e-06 -6.75548e-07 3.79552e-06 7.06979e-06 1.13794e-05 -1.48782e-06 -9.27568e-07 -1.56504e-06 -7.73858e-06 -9.57978e-08 3.76536e-06
internal_weight=849 828 807 72 52 735 113 93 71 622 597 567 109 458 41
internal_count=849 828 807 72 52 735 113 93 71 622 597 567 109 458 41
is_linear=0
shrinkage=0.3


Tree=170
num_leaves=21
num_cat=0
split_feature=7 21 5 13 7 15 10 13 2 11 15 21 8 6 4 5 17 20 23 19
split_gain=1.80141e-07 1.88344e-07 3.87893e-08 2.40224e-07 4.63973e-08 4.67562e-08 4.52259e-08 5.30519e-08 4.80739e-08 4.38954e-08 3.7914e-08 3.26771e-08 8.01178e-08 4.02125e-08 3.40853e-08 8.55929e-08 6.82246e-08 5.50291e-08 9.52018e-08 6.40893e-08
threshold=-0.016001680032316123 0.046590000000000006 0.0046512588910139997 0.0099156554178661763 0.0024752034850914401 0.0049505204139750217 1.5772542636983036 0.011778035171609073 3.7270806920847179 92.857605456866096 0.0096501858247356204 0.66452900000000015 -0.011428524549692455 1.0000000180025095e-35 20133750.000000004 -0.0022961991004551031 0.0065005431849495914 0.23260700000000004 0.38750000000000007 0.056818500000000001
decision_type=2 2 2 2 2 2 2 2 2 2 2 2 2 2 2 2 2 2 2 2
left_child=-1 -2 9 -4 6 -6 7 -5 -9 11 -7 14 -13 -14 17 16 -16 18 -3 -19
right_child=1 2 3 4 5 10 -8 8 -10 -11 -12 12 13 -15 15 -17 -18 19 -20 -21
leaf_value=2.6792629751071217e-05 -2.9471219309016303e-05 2.875673879704413e-06 3.2441550709573555e-05 -1.703259856412842e-05 -5.5853863289355228e-06 1.8774952015595165e-05 7.9681215424898252e-06 4.6254672719214799e-06 -1.2358159358427656e-05 -1.3799470309550086e-05 1.541471436894426e-06 9.0053602978709291e-06 -2.1292340863090848e-05 -4.6071955699526021e-06 4.9332229960699882e-06 -1.5763092939708329e-05 -1.4732832255504036e-05 -9.4890015258164589e-06 2.4730892182560637e-05 2.4085647993388191e-06
leaf_weight=22 20 174 23 30 21 27 24 40 24 24 20 21 26 26 77 39 20 67 20 104
leaf_count=22 20 174 23 30 21 27 24 40 24 24 20 21 26 26 77 39 20 67 20 104
internal_value=-5.95852e-14 -7.12742e-07 -1.67521e-11 3.51816e-06 -5.83879e-08 6.18324e-06 -3.65526e-06 -6.62293e-06 -1.74339e-06 -1.22961e-06 1.14416e-05 -7.04045e-07 -6.63391e-06 -1.29498e-05 1.59987e-07 -3.89382e-06 8.78366e-07 1.67045e-06 5.12879e-06 -2.25305e-06
internal_weight=849 827 807 209 186 68 118 94 64 598 47 574 73 52 501 136 97 365 194 171
internal_count=849 827 807 209 186 68 118 94 64 598 47 574 73 52 501 136 97 365 194 171
is_linear=0
shrinkage=0.3


Tree=171
num_leaves=19
num_cat=0
split_feature=21 7 26 21 15 18 26 14 19 5 1 26 27 26 14 9 19 21
split_gain=1.85847e-07 1.76647e-07 3.72114e-08 3.03299e-07 3.80569e-07 6.07588e-08 4.55681e-08 6.96516e-08 7.72817e-08 5.01706e-08 4.16421e-08 5.20896e-08 8.98521e-08 8.2461e-08 8.20586e-08 1.09519e-07 5.67815e-08 3.1058e-08
threshold=0.046590000000000006 -0.016001680032316123 0.56430550000000013 0.3412690000000001 0.0024389639700672459 -0.49098698319957396 0.60332150000000007 0.013106170121713888 -0.04677449999999999 -0.0023696862836650062 3.3368475967469311 0.51883950000000001 0.82509400000000011 0.49922450000000007 0.011709646594427867 0.0057853202462539496 -0.36180049999999991 0.51255800000000007
decision_type=2 2 2 2 2 2 2 2 2 2 2 2 2 2 2 2 2 2
left_child=-1 -2 10 5 -5 -4 -7 9 -9 -8 17 13 -13 14 16 -16 -12 -3
right_child=1 2 3 4 -6 6 7 8 -10 -11 11 12 -14 -15 15 -17 -18 -19
leaf_value=2.7870886697201058e-05 -2.7870436026335351e-05 -1.724493374194935e-05 1.0654999567288374e-05 -9.3074996863668442e-07 5.6248195383545857e-05 -1.5213683091133135e-05 2.6250726275090549e-06 1.2496787652411029e-05 -7.7383145375838816e-06 -1.0935558771519663e-05 -1.9716819080031199e-05 -1.7937487563038894e-07 -2.4748456494957541e-05 1.8396267266366937e-05 1.7216871409366583e-05 4.3392904824273668e-08 -2.9158555798739244e-06 -1.9694480195776913e-06
leaf_weight=21 21 25 33 22 20 25 37 49 26 73 20 37 21 22 44 139 191 23
leaf_count=21 21 25 33 22 20 25 37 49 26 73 20 37 21 22 44 139 191 23
internal_value=3.33026e-14 -7.0687e-07 -1.16925e-11 2.75698e-06 2.62973e-05 -1.31172e-06 -3.19221e-06 -1.56768e-06 5.48195e-06 -6.37426e-06 -1.50526e-06 -6.52589e-07 -9.07508e-06 5.217e-07 -4.76373e-07 4.17254e-06 -4.50836e-06 -9.92543e-06
internal_weight=849 828 807 285 42 243 210 185 75 110 522 474 58 416 394 183 211 48
internal_count=849 828 807 285 42 243 210 185 75 110 522 474 58 416 394 183 211 48
is_linear=0
shrinkage=0.3


Tree=172
num_leaves=17
num_cat=0
split_feature=7 20 13 13 5 4 10 22 9 22 12 0 26 6 19 25
split_gain=1.74316e-07 1.94297e-07 3.53546e-08 1.59453e-07 7.82325e-08 3.0333e-08 2.74751e-08 5.70197e-08 6.57004e-08 5.63395e-08 5.32848e-08 7.48053e-08 6.59842e-08 3.16927e-08 8.8898e-08 4.27406e-08
threshold=-0.016001680032316123 0.022167000000000003 0.0080988132908970164 0.0089441213232993953 -1.0000000180025095e-35 15500050.000000002 -1.0349745315592944 0.59529350000000003 0.006836926148635322 0.58644250000000009 0.00020060604848343998 3.8327093343154348 0.25363550000000007 -0.0024009271946631313 -0.17513849999999997 0.41428550000000003
decision_type=2 2 2 2 2 2 2 2 2 2 2 2 2 2 2 2
left_child=-1 -2 4 -4 -3 -6 9 10 -9 13 11 -8 -12 14 -5 -15
right_child=1 2 3 6 5 -7 7 8 -10 -11 12 -13 -14 15 -16 -17
leaf_value=2.6355862994684931e-05 -2.8516689938194097e-05 8.4160578158584295e-06 2.1708536453315315e-05 1.5880013131663871e-05 -6.6487975004747573e-06 -2.2468012539320625e-05 2.1315707514194431e-07 1.8326417206150256e-05 -2.8385884227397833e-06 -1.7916325783641118e-05 7.0269046105711315e-06 1.3283954003782127e-05 -5.3417342735067325e-06 -2.9603374032911449e-07 -5.8411587112226866e-06 -1.7509712920725307e-05
leaf_weight=22 22 21 31 28 24 20 186 33 22 22 47 50 223 34 43 21
leaf_count=22 22 21 31 28 24 20 186 33 22 22 47 50 223 34 43 21
internal_value=3.57613e-14 -7.01123e-07 5.90537e-08 6.48287e-07 -6.64914e-06 -1.38393e-05 -2.72542e-07 6.86676e-07 9.86041e-06 -3.9085e-06 -3.10469e-07 2.98239e-06 -3.18867e-06 -1.46269e-06 2.72494e-06 -6.86853e-06
internal_weight=849 827 805 740 65 44 709 561 55 148 506 236 270 126 71 55
internal_count=849 827 805 740 65 44 709 561 55 148 506 236 270 126 71 55
is_linear=0
shrinkage=0.3


Tree=173
num_leaves=20
num_cat=0
split_feature=8 7 5 10 18 20 17 27 17 16 26 17 15 20 18 0 23 15 14
split_gain=1.72441e-07 6.08557e-07 3.27932e-07 7.69466e-08 6.20508e-08 1.27919e-07 4.56537e-08 1.30908e-07 7.48284e-08 9.84297e-08 8.16837e-08 7.1294e-08 6.84195e-08 5.37594e-08 4.71975e-08 5.83876e-08 4.63446e-08 8.33937e-08 3.99264e-08
threshold=-0.022989551965278649 -0.014167929377433873 -1.0000000180025095e-35 -1.3544199491370197 -0.74158681073798183 0.12192850000000001 0.0025974001846660391 0.67494300000000007 0.0051679538806044135 0.0046457625072970129 0.70789550000000012 0.0025157248365825597 0.0024389639700672459 0.13372800000000004 0.30520692471276767 3.8848055970622304 0.18333350000000004 0.002123190828204401 0.0098887570379567018
decision_type=2 2 2 2 2 2 2 2 2 2 2 2 2 2 2 2 2 2 2
left_child=2 -2 3 -1 5 -3 7 -6 10 16 12 14 13 -8 15 -9 -10 -18 -16
right_child=1 4 -4 -5 6 -7 8 11 9 -11 -12 -13 -14 -15 18 -17 17 -19 -20
leaf_value=-1.3321413689482142e-05 5.1574048372263604e-05 -2.9037801739915102e-05 -4.6860705624567344e-05 1.2679175499995055e-05 2.5116481782044338e-05 1.0382217078586108e-06 9.4131592756016997e-06 4.2171807970244197e-06 9.3461074162145695e-06 2.0838643979459449e-05 -2.1255522180909893e-05 1.8339565297407848e-05 -1.4670541322875824e-05 -4.237081976697947e-06 2.4538637620840155e-06 -1.0070924783325735e-05 -1.3233227875344908e-05 1.0014586790215877e-05 -9.1608125993453922e-06
leaf_weight=20 21 20 20 21 22 35 38 229 28 24 27 21 37 82 43 29 41 21 70
leaf_count=20 21 20 20 21 22 35 38 229 28 24 27 21 37 82 43 29 41 21 70
internal_value=-5.88457e-16 1.18957e-06 -1.53669e-05 -4.03874e-09 -1.89929e-07 -9.89851e-06 5.60032e-07 2.59814e-06 -2.27143e-06 3.76809e-06 -6.01331e-06 1.33436e-06 -3.39204e-06 8.54944e-08 3.71797e-07 2.61115e-06 -7.84056e-07 -5.35897e-06 -4.74107e-06
internal_weight=849 788 61 41 767 55 712 414 298 114 184 392 157 120 371 258 90 62 113
internal_count=849 788 61 41 767 55 712 414 298 114 184 392 157 120 371 258 90 62 113
is_linear=0
shrinkage=0.3


Tree=174
num_leaves=21
num_cat=0
split_feature=27 7 21 21 3 14 27 8 3 14 10 4 18 7 7 7 10 18 10 4
split_gain=1.48015e-07 2.71124e-07 4.24952e-08 3.42578e-07 4.07901e-08 7.79876e-08 7.97144e-08 5.48555e-08 5.44635e-08 6.23748e-08 4.34361e-08 3.5787e-08 3.75654e-08 3.37839e-08 6.17886e-08 8.14047e-08 4.64266e-08 4.04451e-08 6.70355e-08 2.51385e-08
threshold=0.93668350000000011 -0.016001680032316123 0.35365250000000004 0.33584200000000003 3.5647250413894658 0.0098887570379567018 0.85450350000000008 0.0072202959088187718 3.8180903196334843 0.015348062504336017 0.545486570179886 14495950.000000002 0.23522934717980112 -0.009291673930052086 -0.0048250252412763784 -0.0044495030217613632 -0.73029288692678607 0.66746900007721921 1.4151929441999043 18939100.000000004
decision_type=2 2 2 2 2 2 2 2 2 2 2 2 2 2 2 2 2 2 2 2
left_child=1 -1 3 4 5 -3 7 -7 9 10 -6 -10 -13 19 16 -16 -15 18 -17 -4
right_child=-2 2 13 -5 8 6 -8 -9 11 -11 -12 12 -14 14 15 17 -18 -19 -20 -21
leaf_value=-3.4297998133427297e-05 2.4286289805207739e-05 7.9949607888707416e-06 -1.3911693946155879e-05 3.667794841442174e-05 7.9073090782953508e-06 -2.3613967162170659e-05 4.793084958620852e-06 -4.0001756393134459e-06 -1.3426253882125424e-05 2.0968139779142803e-05 -7.1319131820928298e-06 1.0618497219638811e-05 -7.7686921113695458e-06 -2.7290770731269732e-06 -2.0105488550013563e-05 -7.5401359157309208e-07 1.5390043593989892e-05 9.4670831047903538e-06 -1.7868760917655828e-05 -3.5346228855814842e-07
leaf_weight=21 22 32 32 25 56 33 24 21 23 23 25 20 20 20 21 323 35 31 22 20
leaf_count=21 22 32 32 25 56 33 24 21 23 23 25 20 20 20 21 323 35 31 22 20
internal_value=-2.34554e-14 -6.46068e-07 2.30719e-07 3.04479e-06 9.31096e-09 -4.47629e-06 -9.5927e-06 -1.59864e-05 2.9639e-06 7.18056e-06 3.26557e-06 -3.99695e-06 1.4249e-06 -1.45549e-06 -6.224e-07 -1.92795e-06 8.80127e-06 -9.12712e-07 -1.84539e-06 -8.69699e-06
internal_weight=849 827 806 302 277 110 78 54 167 104 81 63 40 504 452 397 55 376 345 52
internal_count=849 827 806 302 277 110 78 54 167 104 81 63 40 504 452 397 55 376 345 52
is_linear=0
shrinkage=0.3


Tree=175
num_leaves=18
num_cat=0
split_feature=7 27 25 22 19 10 20 6 6 0 22 15 0 3 29 26 26
split_gain=1.07188e-07 1.78435e-07 3.73551e-08 2.12142e-07 3.48841e-08 6.3276e-08 3.4676e-08 3.67817e-08 3.12495e-08 7.50573e-08 3.12128e-08 2.72162e-08 3.41151e-08 3.17093e-08 2.93088e-08 2.06987e-08 3.00073e-08
threshold=-0.016001680032316123 0.93668350000000011 0.13392850000000003 0.15062850000000003 0.13757950000000002 0.098730988495023889 0.35493350000000007 0.0023502260447341213 -0.011363913234872132 3.6569015711199913 0.38901400000000003 -0.0043431062807740934 3.6383847063399526 3.8935315608978276 1.5000000000000002 0.43624000000000002 0.19784250000000003
decision_type=2 2 2 2 2 2 2 2 2 2 2 2 2 2 2 2 2
left_child=-1 2 11 -4 6 -6 8 -8 9 -5 -10 12 -2 14 -13 16 -16
right_child=1 -3 3 4 5 -7 7 -9 10 -11 -12 13 -14 -15 15 -17 -18
leaf_value=2.0667226537666881e-05 -5.9649320634362493e-06 -2.7850033053766764e-05 2.28974032851463e-05 -5.3864309654727547e-06 4.8612007844894838e-06 -1.5025347162615313e-05 7.9747058892875291e-07 1.7678154485370862e-05 -3.530409135121608e-06 2.0292970300163558e-05 1.3813595609101287e-06 -1.3962172566347621e-05 1.0939777790294361e-05 -1.7416244328956055e-05 4.2500503647602274e-06 6.9655591425998866e-06 -1.1081520064079894e-05
leaf_weight=22 22 21 38 20 24 36 26 21 215 21 254 21 21 20 20 20 27
leaf_count=22 22 21 38 20 24 36 26 21 215 21 254 21 21 20 20 20 27
internal_value=3.03048e-15 -5.49793e-07 1.61503e-07 1.14211e-06 -1.97759e-07 -7.07073e-06 5.42597e-07 8.3399e-06 -1.75978e-07 7.76643e-06 -8.70304e-07 -4.09214e-06 2.29086e-06 -6.63351e-06 -4.18289e-06 -1.11774e-06 -4.55745e-06
internal_weight=849 827 806 655 617 60 557 47 510 41 469 151 43 108 88 67 47
internal_count=849 827 806 655 617 60 557 47 510 41 469 151 43 108 88 67 47
is_linear=0
shrinkage=0.3


Tree=176
num_leaves=18
num_cat=0
split_feature=27 7 3 13 2 19 25 22 6 20 12 6 15 18 21 22 21
split_gain=1.53024e-07 2.09082e-07 3.17379e-08 1.45518e-07 6.56963e-08 3.93713e-08 4.63186e-08 3.66379e-08 2.67699e-08 4.85973e-08 5.56235e-08 3.30726e-08 3.71094e-08 2.68568e-08 2.91979e-08 5.55345e-08 5.23934e-08
threshold=0.93668350000000011 -0.016001680032316123 3.8360605239868169 0.0090572175149746404 3.8294636210129243 -0.35017899999999996 0.34848450000000003 0.20846950000000003 0.0089787214844812106 0.33741600000000005 0.00047390263363799077 0.0052085384016282823 0.0021528529246804431 0.78398720187961357 0.5618685000000001 0.23451500000000003 0.47954350000000007
decision_type=2 2 2 2 2 2 2 2 2 2 2 2 2 2 2 2 2
left_child=1 -1 8 -4 -5 -6 7 -7 11 10 -10 13 -13 14 16 -16 -3
right_child=-2 2 3 4 5 6 -8 -9 9 -11 -12 12 -14 -15 15 -17 -18
leaf_value=-3.0208766111172737e-05 2.4693813884368865e-05 -7.7548246467446179e-07 2.7137865033312536e-05 1.2987371429744598e-05 -1.4865302470354889e-05 1.0569084733705578e-06 1.031674059730234e-05 -1.2981172120716009e-05 -1.2105158798063215e-05 -1.8922730127997052e-05 8.7787783723314292e-06 1.6023407308891719e-05 -1.6458562367915875e-06 -9.0025529034927088e-06 -2.9913222775415106e-07 -1.5113250746878748e-05 8.0665691384638188e-06
leaf_weight=21 22 308 21 30 20 44 27 27 22 20 24 23 20 34 79 32 75
leaf_count=21 22 308 21 30 20 44 27 27 22 20 24 23 20 34 79 32 75
internal_value=5.16411e-14 -6.56909e-07 1.13052e-07 3.7679e-06 4.51888e-07 -2.7351e-06 -2.59548e-07 -4.28152e-06 -8.566e-07 -6.57693e-06 -1.20919e-06 -1.95406e-07 7.80515e-06 -8.46966e-07 -2.85651e-07 -4.56987e-06 9.5599e-07
internal_weight=849 827 806 169 148 118 98 71 637 66 46 571 43 528 494 111 383
internal_count=849 827 806 169 148 118 98 71 637 66 46 571 43 528 494 111 383
is_linear=0
shrinkage=0.3


Tree=177
num_leaves=12
num_cat=0
split_feature=7 27 27 27 1 29 6 18 27 9 9
split_gain=1.30235e-07 1.65563e-07 2.53689e-08 1.71302e-07 2.04412e-08 2.16533e-08 2.16531e-08 3.91423e-08 2.9117e-08 1.96734e-08 1.79395e-08
threshold=-0.016001680032316123 0.93668350000000011 0.67143700000000017 0.68783250000000018 3.2775617879878505 7.5000000000000009 0.0097087424534737701 -0.088616353723433475 0.79566800000000015 0.00682748062424936 0.0061322015055358808
decision_type=2 2 2 2 2 2 2 2 2 2 2
left_child=-1 2 10 -4 -5 6 8 -8 -6 -7 -2
right_child=1 -3 3 4 5 9 7 -9 -10 -11 -12
leaf_value=2.2781017630470821e-05 -1.1104145675062683e-05 -2.6903167231954026e-05 2.791070043713262e-05 9.2306623025706353e-06 2.4078622379429696e-06 1.2547484461476546e-05 -1.5494655459546125e-08 -1.487493244793667e-05 -1.9396079937950007e-06 3.0443015519823447e-07 3.2834451693426152e-07
leaf_weight=22 30 21 20 20 217 21 39 27 384 27 21
leaf_count=22 30 21 20 20 217 21 39 27 384 27 21
internal_value=-5.69639e-14 -6.06025e-07 7.91366e-08 5.16574e-07 -2.28845e-07 -4.93446e-07 -9.36328e-07 -6.09436e-06 -3.69889e-07 5.66077e-06 -6.39665e-06
internal_weight=849 827 806 755 735 715 667 66 601 48 51
internal_count=849 827 806 755 735 715 667 66 601 48 51
is_linear=0
shrinkage=0.3


Tree=178
num_leaves=17
num_cat=0
split_feature=27 7 6 26 24 9 7 9 0 7 7 15 11 11 27 1
split_gain=1.52841e-07 1.78745e-07 2.80907e-08 2.27962e-07 3.44755e-08 1.99341e-08 6.96805e-08 3.65849e-08 4.96129e-08 3.76583e-08 2.69678e-08 2.5566e-08 2.667e-08 5.84312e-08 3.69812e-08 2.49415e-08
threshold=0.93668350000000011 -0.016001680032316123 0.01160121495900907 0.56845100000000015 0.35416650000000005 0.0086116698659694652 -0.006802838505338262 0.010468881098250267 3.7361712055314444 -0.0024448618366518385 -0.011050170163282712 -0.010037803793761992 33.333743943722908 41.666703093354322 0.83344700000000016 3.7277694304128057
decision_type=2 2 2 2 2 2 2 2 2 2 2 2 2 2 2 2
left_child=1 -1 5 4 -4 10 -7 8 -8 -9 -3 -12 14 -14 -13 -11
right_child=-2 2 3 -5 -6 6 7 9 -10 15 11 12 13 -15 -16 -17
leaf_value=-2.7980441427644105e-05 2.4679107007779586e-05 -1.0768790922783138e-05 -1.3235989277745829e-05 3.2684584637081572e-05 3.4748213215607391e-06 1.7348366742453437e-05 -2.5151497075407508e-06 -1.5018069218513118e-05 1.6400070098399055e-05 5.6976086027054192e-06 8.9095691227276274e-06 -8.3958121141706439e-06 1.035203579352707e-05 -1.3144840732931558e-06 9.7397893430439795e-07 -5.0178082055342953e-06
leaf_weight=21 22 26 25 20 20 24 26 20 24 34 23 93 44 317 64 46
leaf_count=21 22 26 25 20 20 24 26 20 24 34 23 93 44 317 64 46
internal_value=-3.70311e-14 -6.56518e-07 5.53956e-08 6.03521e-06 -5.80896e-06 -4.69149e-07 2.33969e-06 -6.16939e-08 6.56416e-06 -3.37462e-06 -1.33112e-06 -8.77556e-07 -1.31212e-06 1.07474e-07 -4.57628e-06 -4.63756e-07
internal_weight=849 827 806 65 45 741 174 150 50 100 567 541 518 361 157 80
internal_count=849 827 806 65 45 741 174 150 50 100 567 541 518 361 157 80
is_linear=0
shrinkage=0.3


Tree=179
num_leaves=15
num_cat=0
split_feature=7 27 23 25 16 29 12 6 4 9 4 4 26 17
split_gain=1.40037e-07 1.56994e-07 2.48693e-08 1.56796e-07 2.68275e-08 2.35454e-08 2.23849e-08 2.65432e-08 3.32238e-08 3.03689e-08 2.99424e-08 4.10717e-08 3.92122e-08 2.77697e-08
threshold=-0.016001680032316123 0.93668350000000011 0.61250000000000016 0.29285700000000009 0.0043149955211409857 2.5000000000000004 0.0054863007686918588 0.0075095132536939693 36004050.000000007 0.0072147231922184063 8701250.0000000019 9369850.0000000019 0.49969550000000001 0.0024937630654562593
decision_type=2 2 2 2 2 2 2 2 2 2 2 2 2 2
left_child=-1 2 6 4 5 -4 7 8 10 -9 12 -12 -2 -11
right_child=1 -3 3 -5 -6 -7 -8 9 -10 13 11 -13 -14 -15
leaf_value=2.362275921231313e-05 -1.2239027835686083e-05 -2.6235949178499141e-05 5.9027399166617593e-07 2.2824551920166413e-05 4.9170185363323071e-06 -1.1237516029764678e-05 7.6383259957830368e-06 -1.5592370077270473e-05 -1.1466465627524051e-05 -8.8875454234620253e-06 1.362858552934912e-05 3.6321551944286423e-07 3.1409898001584222e-06 3.9160086635092735e-06
leaf_weight=22 37 21 28 30 32 33 28 22 23 31 22 465 25 30
leaf_count=22 37 21 28 30 32 33 28 22 23 31 22 465 25 30
internal_value=6.20909e-15 -6.28417e-07 3.8777e-08 3.96562e-06 -2.11791e-06 -5.80837e-06 -6.68399e-07 -1.0235e-06 -2.96021e-07 -6.03694e-06 1.71958e-07 9.62472e-07 -6.03741e-06 -2.59072e-06
internal_weight=849 827 806 123 93 61 683 655 572 83 549 487 62 61
internal_count=849 827 806 123 93 61 683 655 572 83 549 487 62 61
is_linear=0
shrinkage=0.3


Tree=180
num_leaves=14
num_cat=0
split_feature=27 7 19 14 27 13 13 20 27 2 24 26 11
split_gain=1.50217e-07 1.62121e-07 2.31381e-08 1.5145e-07 2.00204e-08 3.08905e-08 4.32056e-08 2.2107e-08 2.04126e-08 1.73065e-08 5.89544e-08 2.35736e-08 1.03016e-08
threshold=0.93668350000000011 -0.016001680032316123 0.36957600000000007 0.0099009807501782253 0.70847400000000016 0.01308603178618927 0.010791235891494175 0.46941400000000005 0.72438050000000009 3.3112878980550993 0.18333350000000004 0.73967250000000007 75.00062109079893
decision_type=2 2 2 2 2 2 2 2 2 2 2 2 2
left_child=1 -1 4 -4 5 6 -3 8 -6 10 -10 -11 -5
right_child=-2 2 3 12 7 -7 -8 -9 9 11 -12 -13 -14
leaf_value=-2.6673137355308947e-05 2.4466268988279891e-05 -8.6256544912838107e-06 2.7383476074192003e-05 -6.6127094498824585e-06 9.6789896726282416e-06 -1.2764308107291762e-05 8.216093764391329e-06 -7.4835240153251183e-06 -7.0274179108764646e-06 -9.7073577853270564e-07 1.1693984166280331e-05 6.6928514364952631e-06 1.8203238906525339e-06
leaf_weight=21 22 29 20 32 21 29 26 33 24 490 41 39 22
leaf_count=21 22 29 20 32 21 29 26 33 24 490 41 39 22
internal_value=-1.57876e-14 -6.50856e-07 2.71439e-08 5.08257e-06 -4.83923e-07 -4.84155e-06 -6.64101e-07 8.09545e-08 4.86853e-07 1.61879e-07 4.78147e-06 -4.05745e-07 -3.17703e-06
internal_weight=849 827 806 74 732 84 55 648 615 594 65 529 54
internal_count=849 827 806 74 732 84 55 648 615 594 65 529 54
is_linear=0
shrinkage=0.3


Tree=181
num_leaves=22
num_cat=0
split_feature=7 21 27 16 16 5 10 4 10 19 26 9 23 19 6 9 10 24 5 20 21
split_gain=1.42631e-07 1.51913e-07 2.71985e-08 1.62133e-07 1.90154e-08 3.54295e-08 3.78573e-08 5.41599e-08 3.59648e-08 3.28112e-08 2.82118e-08 5.77382e-08 5.70863e-08 5.26396e-08 4.36178e-08 4.80781e-08 5.65679e-08 4.16011e-08 3.62575e-08 6.47956e-08 2.12059e-08
threshold=-0.016001680032316123 0.046590000000000006 0.67494300000000007 0.0023923423143372233 0.002375351256822643 0.013640104434773858 -1.4335280734753015 18705200.000000004 0.68085406672927495 0.31656700000000004 0.43624000000000002 0.0029265225746942353 0.21111100000000002 0.18985250000000001 0.0025840286731510999 0.0040760265377713907 0.11179854017109674 0.18333350000000004 0.0024243455695675291 0.35493350000000007 0.6027205000000001
decision_type=2 2 2 2 2 2 2 2 2 2 2 2 2 2 2 2 2 2 2 2 2
left_child=-1 -2 3 -3 5 6 -4 9 -9 -8 11 -6 20 -14 15 17 -17 -12 19 -16 -13
right_child=1 2 4 -5 10 -7 7 8 -10 -11 14 12 13 -15 18 16 -18 -19 -20 -21 -22
leaf_value=2.3840516082497164e-05 -2.6462042728780944e-05 2.6394882456770575e-05 7.002190054663515e-06 -6.8534775772894303e-06 1.7483461030565194e-05 9.3814885200448434e-06 -3.0593894900283138e-08 -1.5560389807192489e-05 -2.3285244737805976e-06 -1.2897114015686383e-05 1.0118199069116448e-06 1.7004958560846717e-05 -7.3064928400867757e-06 9.3275318417711429e-06 -1.1219950105816464e-05 5.384302334075231e-07 1.4297598649492509e-05 -1.4736397383348257e-05 -1.8202549319994432e-05 1.0299753394065191e-05 4.7593129303485121e-06
leaf_weight=22 20 22 30 33 24 22 165 51 29 20 36 20 67 23 34 92 38 26 20 20 35
leaf_count=22 20 22 30 33 24 22 165 51 29 20 36 20 67 23 34 92 38 26 20 20 35
internal_value=-7.92142e-14 -6.3421e-07 5.8853e-09 6.44587e-06 -4.65124e-07 -2.2323e-06 -3.09841e-06 -4.24188e-06 -1.07638e-05 -1.42157e-06 8.2268e-07 3.85371e-06 1.59775e-06 -3.05558e-06 -1.10305e-06 1.28189e-06 4.56034e-06 -5.59227e-06 -7.291e-06 -3.24969e-06 9.21227e-06
internal_weight=849 827 807 55 752 317 295 265 80 185 435 169 145 90 266 192 130 62 74 54 55
internal_count=849 827 807 55 752 317 295 265 80 185 435 169 145 90 266 192 130 62 74 54 55
is_linear=0
shrinkage=0.3


Tree=182
num_leaves=15
num_cat=0
split_feature=21 7 2 7 6 27 1 13 8 14 12 1 27 0
split_gain=1.57593e-07 1.51699e-07 3.10787e-08 1.50135e-07 2.77711e-08 1.9618e-08 3.18065e-08 2.02328e-08 5.88514e-08 2.72186e-08 4.45757e-08 1.96645e-08 3.12054e-08 2.31219e-08
threshold=0.046590000000000006 -0.016001680032316123 3.8720006610055751 0.004556035458710278 -0.0021120926958983267 0.67825750000000007 3.6968459575049679 0.0081302358251049683 -0.0023782135742288174 0.0071428506552764824 0.00069567474495166196 3.3322874967428251 0.79099800000000009 3.3450665578274368
decision_type=2 2 2 2 2 2 2 2 2 2 2 2 2 2
left_child=-1 -2 5 4 -4 6 -3 8 -7 10 -9 12 -11 -13
right_child=1 2 3 -5 -6 7 -8 9 -10 11 -12 13 -14 -15
leaf_value=2.5665035744688272e-05 -2.582335069486622e-05 -4.455331236385973e-07 6.7966121475494995e-06 2.811825321487049e-05 -6.7972436574181253e-06 -4.6581268238696791e-06 -1.5607126211989453e-05 1.4138789168782752e-07 1.5926576828860562e-05 -1.4910572817559141e-05 -1.7879874459530194e-05 8.7173736464419878e-06 6.0481047918463965e-07 2.7534403677275121e-09
leaf_weight=21 21 33 21 20 38 25 20 30 25 20 21 29 28 497
leaf_count=21 21 33 21 20 38 25 20 30 25 20 21 29 28 497
internal_value=-1.76192e-14 -6.50925e-07 4.1197e-09 5.65568e-06 -1.95875e-06 -6.09168e-07 -6.16689e-06 -1.72784e-07 5.63423e-06 -6.37344e-07 -7.27913e-06 -4.72203e-08 -5.85993e-06 4.83217e-07
internal_weight=849 828 807 79 59 728 53 675 50 625 51 574 48 526
internal_count=849 828 807 79 59 728 53 675 50 625 51 574 48 526
is_linear=0
shrinkage=0.3


Tree=183
num_leaves=22
num_cat=0
split_feature=7 21 6 13 7 5 9 2 16 29 9 9 13 10 18 10 22 20 12 16 18
split_gain=1.4135e-07 1.49147e-07 3.22435e-08 1.89623e-07 3.03021e-08 5.08482e-08 3.70319e-08 5.47825e-08 3.17077e-08 3.05807e-08 2.31267e-08 3.64606e-08 3.12708e-08 6.61034e-08 2.64299e-08 1.91664e-08 3.50102e-08 2.78798e-08 2.9239e-08 1.88726e-08 1.81118e-08
threshold=-0.016001680032316123 0.046590000000000006 0.0025316937033610042 0.0090909411660221977 -0.0023556392393371387 -0.0051087570250377577 0.0061114078822170495 3.6927558624797778 0.003395665989901132 4.5000000000000009 0.0024158998477694423 0.0017418111756659571 0.0094930069250321481 1.0434944787791198 0.0030060782369662194 1.2020410779548707 0.31399200000000005 0.03760850000000001 0.0040559102210091279 0.002512590357945333 0.13256389706038726
decision_type=2 2 2 2 2 2 2 2 2 2 2 2 2 2 2 2 2 2 2 2 2
left_child=-1 -2 10 -4 5 -5 7 -6 -7 20 11 -3 13 14 -12 17 -17 19 -19 -14 -8
right_child=1 2 3 4 6 8 9 -9 -10 -11 12 -13 15 -15 -16 16 -18 18 -20 -21 -22
leaf_value=2.3733254780402357e-05 -2.6222939472972938e-05 -4.481861243344941e-06 2.9459203631176933e-05 1.808527622188194e-05 -2.1164593254070495e-05 6.9966362298146112e-06 -6.6197321196644529e-06 1.0399573920949478e-06 -7.4695519367651288e-06 7.4583326984996961e-06 -9.5160067936297728e-06 1.1597273892220984e-05 -3.1888521748028741e-07 -2.2231105849641607e-05 3.1902828187840521e-06 1.4404639887288794e-05 -1.9109388490348999e-06 -1.7192529414693533e-06 -1.3024654202292201e-05 1.2414237683060491e-05 4.050101441472569e-06
leaf_weight=22 20 22 22 20 20 30 45 20 25 38 26 30 22 20 34 20 29 321 22 20 21
leaf_count=22 20 22 22 20 20 30 45 20 25 38 26 30 22 20 34 20 29 321 22 20 21
internal_value=8.67615e-14 -6.31356e-07 2.88384e-09 2.90895e-06 2.41799e-07 5.13154e-06 -2.30494e-06 -1.00623e-05 4.21096e-07 6.78662e-07 -1.2345e-06 4.79456e-06 -1.84445e-06 -7.29461e-06 -2.31578e-06 -8.3981e-07 4.74848e-06 -1.55105e-06 -2.44438e-06 5.74451e-06 -3.22479e-06
internal_weight=849 827 807 241 219 75 144 40 55 104 566 52 514 80 60 434 49 385 343 42 66
internal_count=849 827 807 241 219 75 144 40 55 104 566 52 514 80 60 434 49 385 343 42 66
is_linear=0
shrinkage=0.3


Tree=184
num_leaves=12
num_cat=0
split_feature=21 7 20 19 1 0 0 12 1 2 27
split_gain=1.50956e-07 1.44399e-07 3.38317e-08 1.2031e-07 2.34685e-08 2.56274e-08 2.50592e-08 2.25118e-08 1.68501e-08 1.66942e-08 9.03619e-09
threshold=0.046590000000000006 -0.016001680032316123 0.50006000000000006 0.39585750000000003 3.9465214140588007 3.8981114451827263 3.8848055970622304 0.0054863007686918588 4.1906932884643622 3.7891856354880438 0.82431750000000015
decision_type=2 2 2 2 2 2 2 2 2 2 2
left_child=-1 -2 4 -4 5 6 7 9 -6 -3 -5
right_child=1 2 3 10 8 -7 -8 -9 -10 -11 -12
leaf_value=2.5118747180385979e-05 -2.5196321624727194e-05 -1.099616841923688e-06 2.5954389860771696e-05 -5.8560769929272284e-06 -1.3483187390761485e-05 9.9040114574480956e-06 -1.070136781241412e-05 9.7367933722125593e-06 -1.4653247165240047e-06 3.3743742976404408e-06 2.376261905112642e-06
leaf_weight=21 21 547 20 24 21 22 21 20 21 87 24
leaf_count=21 21 547 20 24 21 22 21 20 21 87 24
internal_value=-4.20099e-14 -6.3707e-07 2.01862e-09 6.40547e-06 -5.87203e-07 -1.72202e-07 -5.00611e-07 -1.73064e-07 -7.47426e-06 -4.85678e-07 -1.73991e-06
internal_weight=849 828 807 68 739 697 675 654 42 634 48
internal_count=849 828 807 68 739 697 675 654 42 634 48
is_linear=0
shrinkage=0.3


Tree=185
num_leaves=11
num_cat=0
split_feature=7 21 19 7 20 20 10 10 10 26
split_gain=1.38421e-07 1.45386e-07 2.25369e-08 1.3706e-07 2.22001e-08 2.08653e-08 1.51356e-08 2.61366e-08 2.34274e-08 2.24004e-08
threshold=-0.016001680032316123 0.046590000000000006 0.36957600000000007 0.004678429815725838 0.46941400000000005 0.56464250000000005 1.7040688671970965 1.4832403085962171 1.3133382288301185 0.73967250000000007
decision_type=2 2 2 2 2 2 2 2 2 2
left_child=-1 -2 4 5 6 -4 7 8 9 -3
right_child=1 2 3 -5 -6 -7 -8 -9 -10 -11
leaf_value=2.3486059106145063e-05 -2.5891681530083586e-05 -2.9433125369679017e-07 -1.0017746264566086e-05 2.4147428616347693e-05 -8.2190599925979768e-06 2.5027232428852663e-06 -8.2745287477337113e-06 1.003970837799621e-05 -7.8010657554321885e-06 7.0433281658210946e-06
leaf_weight=22 20 586 25 23 32 23 20 23 35 40
leaf_count=22 20 586 25 23 32 23 20 23 35 40
internal_value=1.69426e-14 -6.2478e-07 1.41307e-09 5.10577e-06 -4.90991e-07 -4.01835e-06 -1.39715e-07 9.81447e-08 -2.4778e-07 1.74529e-07
internal_weight=849 827 807 71 736 48 704 684 661 626
internal_count=849 827 807 71 736 48 704 684 661 626
is_linear=0
shrinkage=0.3


Tree=186
num_leaves=19
num_cat=0
split_feature=21 7 13 6 13 14 16 6 24 22 10 18 10 26 13 12 4 27
split_gain=1.45318e-07 1.38567e-07 2.17948e-08 1.66568e-07 5.40714e-08 4.91066e-08 6.33779e-08 5.53016e-08 3.18103e-08 3.15645e-08 2.02393e-08 2.12592e-08 3.93298e-08 5.47897e-08 4.2735e-08 2.08588e-08 3.30737e-08 2.97419e-08
threshold=0.046590000000000006 -0.016001680032316123 0.010377406982980958 0.006787358599503939 0.010551536929795295 0.011198211804546635 0.0047733219742151041 0.002389474956944867 0.38750000000000007 0.34396600000000005 -1.5721349649837608 0.20454195398183214 0.79034700240583178 0.48129500000000008 0.012631235345769574 0.0022381571380630928 15171500.000000002 0.72688800000000009
decision_type=2 2 2 2 2 2 2 2 2 2 2 2 2 2 2 2 2 2
left_child=-1 -2 3 5 -4 6 7 8 -3 -7 -6 15 14 -14 -13 17 -17 -12
right_child=1 2 4 -5 10 9 -8 -9 -10 -11 11 12 13 -15 -16 16 -18 -19
leaf_value=2.4645231756689356e-05 -2.4683242304490705e-05 -9.0503127588752765e-07 -1.5532428819204307e-05 2.7967846983756316e-05 8.7649678172445939e-06 -1.7951898635146789e-05 1.6097934541903667e-05 -1.2769027619714717e-05 1.0393388459884921e-05 -1.097203584095041e-06 -5.7523147286635165e-06 -1.3541359604118953e-05 1.2159488700302158e-05 -5.844207068150808e-06 -1.8139044596464101e-06 2.5888304758854457e-06 -9.5436126546896313e-06 2.9627087783695735e-06
leaf_weight=21 21 70 22 21 21 20 25 26 33 20 41 48 29 32 67 39 42 251
leaf_count=21 21 70 22 21 21 20 25 26 33 20 41 48 29 32 67 39 42 251
internal_value=3.42768e-14 -6.2506e-07 9.89158e-10 2.58803e-06 -9.3856e-07 -1.59272e-07 2.27327e-06 -4.05931e-07 2.71485e-06 -9.52455e-06 -3.75288e-07 -7.24916e-07 -3.44265e-06 2.71493e-06 -6.70884e-06 5.57447e-07 -3.70207e-06 1.73902e-06
internal_weight=849 828 807 215 592 194 154 129 103 40 570 549 176 61 115 373 81 292
internal_count=849 828 807 215 592 194 154 129 103 40 570 549 176 61 115 373 81 292
is_linear=0
shrinkage=0.3


Tree=187
num_leaves=16
num_cat=0
split_feature=7 22 13 13 12 20 6 13 21 13 21 8 11 10 23
split_gain=1.3475e-07 1.48797e-07 3.40943e-08 7.31357e-08 4.25855e-08 1.85956e-08 2.269e-08 3.07923e-08 1.98582e-08 1.92556e-08 2.66584e-08 2.22262e-08 5.67162e-08 4.51631e-08 1.41474e-08
threshold=-0.016001680032316123 0.85475200000000007 0.0080988132908970164 0.0089441213232993953 -0.00067668890828050869 0.34892400000000007 0.0091115550899918251 0.013497447583354716 0.22989650000000003 0.019591304821237662 0.49711050000000007 -0.011428524549692455 28.571713144400103 -0.66246343824807152 0.61250000000000016
decision_type=2 2 2 2 2 2 2 2 2 2 2 2 2 2 2
left_child=-1 2 4 -4 -2 9 7 8 -7 11 -11 13 -13 -5 -9
right_child=1 -3 3 5 -6 6 -8 14 -10 10 -12 12 -14 -15 -16
leaf_value=2.3172551391326123e-05 2.2108363766462924e-06 -2.5546490067946641e-05 1.4883229130191466e-05 2.0428787689225011e-06 -1.3054232514669569e-05 1.3606971912795198e-06 -1.0550194957659187e-05 1.1433505619606876e-05 -7.349012387642746e-06 -1.3246380611917629e-05 1.5837267049789715e-06 -1.3859861576293041e-05 1.2156061035624482e-06 1.6577850112753366e-05 2.8472821408545966e-07
leaf_weight=22 29 21 31 97 38 38 28 20 62 20 24 24 350 24 21
leaf_count=22 29 21 31 97 38 38 28 20 62 20 24 24 350 24 21
internal_value=-4.32505e-14 -6.1644e-07 3.31019e-08 6.20604e-07 -6.44696e-06 -3.88898e-09 -2.74964e-06 -1.20059e-06 -4.03932e-06 8.57022e-07 -5.15723e-06 1.39162e-06 2.48196e-07 4.92585e-06 5.72316e-06
internal_weight=849 827 806 739 67 708 169 141 100 539 44 495 374 121 41
internal_count=849 827 806 739 67 708 169 141 100 539 44 495 374 121 41
is_linear=0
shrinkage=0.3


Tree=188
num_leaves=16
num_cat=0
split_feature=26 7 27 21 3 13 13 2 13 4 17 12 12 23 1
split_gain=1.14833e-07 1.34033e-07 2.39535e-08 1.21911e-07 1.64126e-08 2.69165e-08 5.35667e-08 2.39278e-08 2.01361e-08 6.49488e-08 4.62415e-08 1.68243e-08 7.14929e-08 3.78205e-08 1.64118e-08
threshold=0.8999640000000001 -0.016001680032316123 0.67494300000000007 0.37388050000000006 3.2368433475494389 0.0090572175149746404 0.0079906351343989879 3.4601304253132317 0.010416997154700514 17296100.000000004 0.0023810069847564697 -7.0764275690451617e-05 0.00015400745816396375 0.18333350000000004 3.7116414657318297
decision_type=2 2 2 2 2 2 2 2 2 2 2 2 2 2 2
left_child=1 -1 3 -3 -4 6 7 -6 9 10 -7 13 -13 -10 -8
right_child=-2 2 4 -5 5 8 14 -9 11 -11 -12 12 -14 -15 -16
leaf_value=-2.4230034646929457e-05 2.1391588289919704e-05 2.4775198097017891e-05 8.0836064148570573e-06 -4.586066979430013e-06 -6.3948680216893454e-06 -9.7679402824724092e-06 -7.3480335015574375e-06 6.7255310098297395e-06 2.9151720798597436e-06 1.6543108156636459e-05 5.2462975098421788e-06 1.4485631993832817e-05 -7.6868953148567787e-07 -5.043946238255817e-06 -1.9355917889437736e-05
leaf_weight=21 22 20 20 35 22 30 20 29 79 27 48 31 256 168 21
leaf_count=21 22 20 20 35 22 30 20 29 79 27 48 31 256 168 21
internal_value=9.54839e-15 -5.69063e-07 4.74141e-08 6.09076e-06 -3.95174e-07 -6.27152e-07 -5.4248e-06 1.06575e-06 6.35895e-08 3.86141e-06 -5.28409e-07 -6.83173e-07 8.7899e-07 -2.49832e-06 -1.34984e-05
internal_weight=849 827 806 55 751 731 92 51 639 105 78 534 287 247 41
internal_count=849 827 806 55 751 731 92 51 639 105 78 534 287 247 41
is_linear=0
shrinkage=0.3


Tree=189
num_leaves=15
num_cat=0
split_feature=7 26 6 9 15 25 14 13 20 24 18 15 22 7
split_gain=1.31228e-07 1.45144e-07 2.00741e-08 1.41907e-07 2.5296e-08 1.94143e-08 2.90217e-08 2.64651e-08 1.96428e-08 3.29638e-08 1.82597e-08 1.54644e-08 1.46063e-08 1.43331e-08
threshold=-0.016001680032316123 0.8999640000000001 0.01160121495900907 0.0092764919300493565 0.017530876506193348 0.15476200000000004 0.0048960221311343576 0.0076372130037115132 0.08268650000000001 0.43650750000000005 -0.51667597506657581 -0.0023752379938407043 0.04637900000000001 -0.002213273887897231
decision_type=2 2 2 2 2 2 2 2 2 2 2 2 2 2
left_child=-1 2 4 -4 5 8 -7 -8 -2 13 -9 -5 -11 -10
right_child=1 -3 3 11 -6 6 7 10 9 12 -12 -13 -14 -15
leaf_value=2.2867684497317564e-05 4.7152777187875478e-06 -2.5230482273335448e-05 2.6083920029122965e-05 1.7679504708212333e-06 9.3871674172750438e-06 1.0979878347175794e-05 -9.5431426252111527e-06 4.7156138369902696e-06 4.257608880152475e-06 -6.384390183354429e-06 -5.7891008727412806e-07 -9.5272249001299155e-06 -1.7445632011003909e-05 -4.6331347191353601e-06
leaf_weight=22 20 21 20 20 23 21 27 67 25 21 469 24 22 47
leaf_count=22 20 21 20 20 23 21 27 67 25 21 469 24 22 47
internal_value=3.67944e-14 -6.0833e-07 3.319e-08 5.131e-06 -4.06513e-07 -7.19802e-07 2.97087e-08 -3.78735e-07 -3.96213e-06 -5.47125e-06 8.29054e-08 -4.39305e-06 -1.20436e-05 -1.54607e-06
internal_weight=849 827 806 64 742 719 584 563 135 115 536 44 43 72
internal_count=849 827 806 64 742 719 584 563 135 115 536 44 43 72
is_linear=0
shrinkage=0.3


Tree=190
num_leaves=14
num_cat=0
split_feature=26 7 0 0 12 6 20 4 9 7 27 25 4
split_gain=1.20218e-07 1.29296e-07 1.9542e-08 1.26656e-07 2.17442e-08 3.53982e-08 2.17524e-08 1.58198e-08 2.19624e-08 2.21262e-08 1.43276e-08 1.85731e-08 1.52241e-08
threshold=0.8999640000000001 -0.016001680032316123 3.8629084828415365 3.8848055970622304 0.0050192451936642351 0.0089787214844812106 0.24259950000000002 7914050.0000000009 0.0020942856253962842 -0.010152399047036286 0.81891000000000014 0.29285700000000009 17422100.000000004
decision_type=2 2 2 2 2 2 2 2 2 2 2 2 2
left_child=1 -1 4 -4 5 7 -7 -3 -9 -10 11 -5 -12
right_child=-2 2 3 10 -6 6 -8 8 9 -11 12 -13 -14
leaf_value=-2.3821330000828311e-05 2.1887373075266869e-05 -6.1812941167600738e-06 1.9440407835314877e-05 -1.2460449439848681e-05 8.8809785107660629e-06 -2.0404461254737031e-06 -1.2771702043490972e-05 7.4992478485975352e-06 8.0938994970994009e-06 -7.280236006291638e-07 -3.3537417575775388e-06 -5.6468347540632949e-07 7.369110099633954e-06
leaf_weight=21 22 37 33 21 21 34 34 35 27 489 26 27 22
leaf_count=21 22 37 33 21 21 34 34 35 27 489 26 27 22
internal_value=3.49848e-14 -5.82252e-07 2.32329e-08 3.40729e-06 -6.21588e-07 -9.25786e-07 -7.40607e-06 -1.76365e-07 2.2687e-07 -2.66411e-07 -2.10409e-06 -5.76908e-06 1.5609e-06
internal_weight=849 827 806 129 677 656 68 588 551 516 96 48 48
internal_count=849 827 806 129 677 656 68 588 551 516 96 48 48
is_linear=0
shrinkage=0.3


Tree=191
num_leaves=12
num_cat=0
split_feature=7 27 2 23 3 3 14 1 10 10 3
split_gain=1.27386e-07 1.34595e-07 1.81326e-08 1.17366e-07 2.34981e-08 2.43392e-08 1.39206e-08 1.17138e-08 1.26624e-08 4.07748e-08 3.79097e-08
threshold=-0.016001680032316123 0.93668350000000011 3.8720006610055751 0.58571450000000003 3.8799918889999394 3.8631728887557988 0.010822500769441827 3.8725278324014076 0.545486570179886 0.35080334376313571 3.7911356687545781
decision_type=2 2 2 2 2 2 2 2 2 2 2
left_child=-1 2 4 6 5 7 -4 8 9 -2 -10
right_child=1 -3 3 -5 -6 -7 -8 -9 10 -11 -12
leaf_value=2.2530476831599863e-05 -2.5033128541108764e-07 -2.4309822375861196e-05 1.5398539351901326e-06 2.3565289218043156e-05 -9.8898291486440695e-06 8.8622752458014428e-06 -7.7419477083122521e-06 -7.4657258210208962e-06 -2.6719062480048895e-07 9.9051756309975765e-06 -1.0626750701283947e-05
leaf_weight=22 406 21 33 21 23 26 26 21 172 39 39
leaf_count=22 406 21 33 21 23 26 26 21 172 39 39
internal_value=-4.70283e-14 -5.9936e-07 1.84066e-08 4.30495e-06 -4.53939e-07 -1.45226e-07 -2.55043e-06 -4.91157e-07 -2.67885e-07 6.39702e-07 -2.18199e-06
internal_weight=849 827 806 80 726 703 59 677 656 445 211
internal_count=849 827 806 80 726 703 59 677 656 445 211
is_linear=0
shrinkage=0.3


Tree=192
num_leaves=11
num_cat=0
split_feature=27 7 20 19 15 0 15 5 5 26
split_gain=1.20322e-07 1.2502e-07 2.1593e-08 1.04522e-07 1.3204e-08 1.65561e-08 9.09443e-09 1.47673e-08 1.48281e-08 1.65338e-08
threshold=0.93668350000000011 -0.016001680032316123 0.52578000000000003 0.36957600000000007 -0.0043057458712023227 3.7907140194059052 0.017530876506193348 0.011792645426305698 0.0094675528964999599 0.071189000000000016
decision_type=2 2 2 2 2 2 2 2 2 2
left_child=1 -1 3 6 -4 -6 7 8 9 -3
right_child=-2 2 4 -5 5 -7 -8 -9 -10 -11
leaf_value=-2.3434075001205201e-05 2.1896843302535918e-05 -8.8285658881659392e-06 7.5121281294546601e-07 1.9937080199849964e-05 -2.6161611637170217e-06 -1.4676736958563196e-05 5.4336030661943363e-06 -6.5839917273148203e-06 7.7627697497259105e-06 -6.5090867053366375e-08
leaf_weight=21 22 20 21 24 21 20 25 33 21 621
leaf_count=21 22 20 21 24 21 20 25 33 21 621
internal_value=1.89442e-14 -5.82504e-07 1.28847e-08 4.61134e-07 -5.36611e-06 -8.49937e-06 -1.88064e-07 -3.90282e-07 -8.15326e-08 -3.38522e-07
internal_weight=849 827 806 744 62 41 720 695 662 641
internal_count=849 827 806 744 62 41 720 695 662 641
is_linear=0
shrinkage=0.3


Tree=193
num_leaves=20
num_cat=0
split_feature=7 27 18 6 14 12 18 27 11 10 11 19 19 29 19 5 16 10 20
split_gain=1.23492e-07 1.26603e-07 1.73665e-08 8.07166e-08 3.03773e-08 2.3188e-08 2.44098e-08 2.37089e-08 2.31424e-08 2.79575e-08 2.10796e-08 2.02914e-08 4.83066e-08 4.57065e-08 4.45381e-08 2.70273e-08 3.15517e-08 2.10667e-08 8.76569e-09
threshold=-0.016001680032316123 0.93668350000000011 1.0000000180025095e-35 0.010799818704044178 0.0069930003861380418 -0.0037230193353962166 -0.088616353723433475 0.80418400000000012 22.222394370921389 -1.1754650489695966 70.000124065067496 -0.12711149999999996 -0.27604149999999994 4.5000000000000009 -0.33917549999999996 0.0024066484704596 0.0024095787505741093 1.06998932473394 0.18660850000000004
decision_type=2 2 2 2 2 2 2 2 2 2 2 2 2 2 2 2 2 2 2
left_child=-1 2 5 4 -4 -2 8 -8 18 -10 -11 12 14 -14 -6 16 -13 -17 -7
right_child=1 -3 3 -5 11 6 7 -9 9 10 -12 15 13 -15 -16 17 -18 -19 -20
leaf_value=2.2183410723383446e-05 -1.0215865088866849e-05 -2.3585928530727481e-05 -9.6675726663306708e-06 1.9994645545011735e-05 3.4184323200656028e-06 2.4954288755907327e-06 4.8261601685463456e-07 -1.2319752897838043e-05 -1.1583648823716431e-05 1.9518191431628245e-06 -3.6211318296585475e-06 7.8812047135556888e-06 3.6572961890770886e-06 2.2579082991569521e-05 -1.0626914566868296e-05 -1.0085270064599591e-05 -2.6897719698758413e-06 -5.5904281452967548e-07 1.1377502335250255e-05
leaf_weight=22 25 21 25 20 93 20 23 30 20 178 93 48 27 20 26 39 54 45 20
leaf_count=22 25 21 25 20 93 20 23 30 20 178 93 48 27 20 26 39 54 45 20
internal_value=5.29769e-14 -5.90127e-07 9.01924e-09 1.42245e-06 4.37192e-07 -1.36295e-06 -7.86584e-07 -6.76401e-06 1.70526e-07 -7.595e-07 3.93304e-08 1.15486e-06 3.56592e-06 1.17091e-05 3.49701e-07 -9.96948e-07 2.28481e-06 -4.98193e-06 6.93647e-06
internal_weight=849 827 806 397 377 409 384 53 331 291 271 352 166 47 119 186 102 84 40
internal_count=849 827 806 397 377 409 384 53 331 291 271 352 166 47 119 186 102 84 40
is_linear=0
shrinkage=0.3


Tree=194
num_leaves=20
num_cat=0
split_feature=27 7 14 6 15 20 6 6 6 14 9 7 15 17 12 13 9 15 6
split_gain=1.19035e-07 1.20982e-07 1.85278e-08 1.67254e-07 2.33608e-08 3.70352e-08 2.6402e-08 2.25846e-08 4.63519e-08 4.00817e-08 2.74606e-08 3.6323e-08 2.27796e-08 2.227e-08 1.73725e-08 1.89064e-08 1.60139e-08 1.29082e-08 2.48181e-08
threshold=0.93668350000000011 -0.016001680032316123 0.0072904046950193332 0.0048019137753843111 -0.0023585446749207119 0.14174150000000002 -1.0000000180025095e-35 0.0047563063730704314 0.0025316937033610042 0.01286452187285206 0.0073299486755300011 -0.0047732369010953261 0.0096501858247356204 0.0047114273766517686 0.00077064094141398329 0.016868145818916363 0.0020942856253962842 0.016607549313444232 -0.014543637884627701
decision_type=2 2 2 2 2 2 2 2 2 2 2 2 2 2 2 2 2 2 2
left_child=1 -1 3 4 -3 -6 -7 8 16 -10 11 -9 14 -13 -12 -16 -4 18 -18
right_child=-2 2 7 -5 5 6 -8 10 9 -11 12 13 -14 -15 15 -17 17 -19 -20
leaf_value=-2.3058876110683613e-05 2.1779442398507275e-05 6.8263844132161464e-06 7.6111786808853915e-06 2.8527180220407899e-05 3.6166911956103363e-06 -3.0369267400256546e-06 -1.7004351086922852e-05 1.43958083175345e-06 1.9648648344627872e-05 8.8307757713274821e-07 -3.3391129116872824e-06 -1.9914173945716869e-05 -9.3900429760651605e-06 -6.2262905453280837e-06 1.9575470385181967e-07 1.2464579647257777e-05 -1.12721664143984e-05 6.581800417961858e-06 -6.9426499227343222e-07
leaf_weight=21 22 25 21 20 37 29 21 22 20 21 35 23 21 20 26 20 21 20 404
leaf_count=21 22 25 21 20 37 29 21 22 20 21 35 23 21 20 26 20 21 20 404
internal_value=9.07135e-15 -5.79381e-07 6.31349e-09 3.2565e-06 -1.25612e-06 -3.57867e-06 -8.90324e-06 -6.30222e-07 3.66449e-07 1.0037e-05 -3.65605e-06 -8.47509e-06 -5.85085e-07 -1.35477e-05 1.69768e-06 5.53003e-06 -4.84394e-07 -8.66433e-07 -1.21694e-06
internal_weight=849 827 806 132 112 87 50 674 507 41 167 65 102 43 81 46 466 445 425
internal_count=849 827 806 132 112 87 50 674 507 41 167 65 102 43 81 46 466 445 425
is_linear=0
shrinkage=0.3


Tree=195
num_leaves=11
num_cat=0
split_feature=7 21 6 6 24 21 21 22 22 20
split_gain=1.19639e-07 1.27547e-07 1.84237e-08 8.31904e-08 2.34369e-08 1.29592e-08 1.75167e-08 2.07497e-08 2.72251e-08 1.92155e-08
threshold=-0.016001680032316123 0.046590000000000006 0.011919266186284966 0.0097087424534737701 0.21111100000000002 0.090954500000000008 0.12742950000000003 0.6415590000000001 0.59529350000000003 0.041861000000000002
decision_type=2 2 2 2 2 2 2 2 2 2
left_child=-1 -2 3 5 -4 -3 -7 8 -8 -9
right_child=1 2 4 -5 -6 6 7 9 -10 -11
leaf_value=2.1834617897101535e-05 -2.424685509140545e-05 -7.3026957711487157e-06 -1.2859753375819721e-05 1.9019977126585474e-05 -4.3113001690168555e-07 8.6255688691900502e-06 -1.1607067960857452e-07 -2.1424100071141897e-07 1.0622700316079398e-05 -1.3047944678744119e-05
leaf_weight=22 20 22 22 21 36 21 621 21 22 21
leaf_count=22 20 22 22 21 36 21 621 21 22 21
internal_value=1.36936e-14 -5.80848e-07 5.66979e-09 4.04554e-07 -5.14544e-06 -1.3243e-07 9.10065e-08 -1.70637e-07 2.51352e-07 -6.63109e-06
internal_weight=849 827 807 749 58 728 706 685 643 42
internal_count=849 827 807 749 58 728 706 685 643 42
is_linear=0
shrinkage=0.3


Tree=196
num_leaves=25
num_cat=0
split_feature=21 7 22 14 6 12 22 24 10 11 17 7 12 22 12 5 21 26 2 6 29 7 12 22
split_gain=1.21542e-07 1.17139e-07 1.60631e-08 8.29033e-08 3.86708e-08 3.34252e-08 3.07663e-08 2.53474e-08 2.34496e-08 1.80999e-08 2.50201e-08 2.2749e-08 5.91106e-08 2.75958e-08 3.51693e-08 3.03915e-08 1.87883e-08 1.51743e-08 1.40017e-08 2.72955e-08 2.44179e-08 1.37304e-08 1.59087e-08 8.81822e-09
threshold=0.046590000000000006 -0.016001680032316123 0.21815650000000003 0.0069930003861380418 0.0023782412029220595 0.0011712187833165272 0.13624900000000004 0.35416650000000005 0.27210853682286668 63.245575267405769 0.0074722331760798703 0.0049875431220353849 0.00013021381023873001 0.49836500000000006 0.00057968845438164513 0.0024600405850141245 0.26174300000000006 0.70041550000000008 3.8450452933526784 0.006787358599503939 4.5000000000000009 -0.0046677145182266169 -0.000664346698240918 0.051157500000000009
decision_type=2 2 2 2 2 2 2 2 2 2 2 2 2 2 2 2 2 2 2 2 2 2 2 2
left_child=-1 -2 3 -3 6 8 21 -8 -6 10 11 13 -13 14 -4 -15 17 -11 19 20 -18 -5 -23 -7
right_child=1 2 9 4 5 23 7 -9 -10 16 -12 12 -14 15 -16 -17 18 -19 -20 -21 -22 22 -24 -25
leaf_value=2.2539080496894061e-05 -2.2691597320902345e-05 1.8754967504719387e-05 -2.1121672230864616e-07 6.9703930537912129e-06 -1.6568050396808361e-05 -2.3729073940817862e-06 3.085240063263392e-06 1.6757342819287063e-05 -3.9253125948796938e-06 7.0378748631583214e-06 -9.1025343181172495e-06 -3.3033305335266049e-06 1.7540448249064865e-05 6.9723159364499265e-06 -1.0444997572240271e-05 -5.0858457561844262e-06 -4.6006239228648026e-06 -4.1508708261517309e-06 1.520074920335901e-06 1.078328414223506e-06 -1.5170339541456898e-05 4.5845482914459856e-06 -5.2958085914605654e-06 6.3210395312905472e-06
leaf_weight=21 21 24 165 20 23 21 26 23 31 24 24 25 24 76 37 25 42 20 23 30 37 22 44 21
leaf_count=21 21 24 165 20 23 21 26 23 31 24 24 25 24 76 37 25 42 20 23 30 37 22 44 21
internal_value=2.47158e-14 -5.71643e-07 3.96887e-09 1.97321e-06 2.29647e-07 -4.37332e-06 3.50287e-06 9.50276e-06 -9.31018e-06 -9.05733e-07 2.69577e-07 9.08584e-07 6.90587e-06 -6.12733e-08 -2.08572e-06 3.98762e-06 -3.41662e-06 1.95208e-06 -5.20619e-06 -6.62549e-06 -9.551e-06 8.43296e-08 -2.00236e-06 1.97407e-06
internal_weight=849 828 807 255 231 96 135 49 54 552 376 352 49 303 202 101 176 44 132 109 79 86 66 42
internal_count=849 828 807 255 231 96 135 49 54 552 376 352 49 303 202 101 176 44 132 109 79 86 66 42
is_linear=0
shrinkage=0.3


Tree=197
num_leaves=25
num_cat=0
split_feature=7 21 5 14 14 6 17 17 5 4 0 20 19 16 1 7 17 11 19 11 8 13 21 22
split_gain=1.1573e-07 1.22185e-07 2.05568e-08 8.71385e-08 2.01914e-08 3.24104e-08 2.59664e-08 1.98902e-08 2.96661e-08 4.53055e-08 3.07625e-08 2.79847e-08 2.73667e-08 2.00867e-08 1.57969e-08 1.38616e-08 2.86655e-08 1.57455e-08 3.8893e-08 1.98699e-08 1.91642e-08 1.81903e-08 1.55974e-08 7.61234e-09
threshold=-0.016001680032316123 0.046590000000000006 0.00215055756599193 0.0070588728960823341 0.0071005949827352768 -1.0000000180025095e-35 0.0023640639286443706 0.0023866894380115927 0.006787358599503939 17143200.000000004 3.4068899647048014 0.092229500000000006 -0.10280149999999999 1.0000000180025095e-35 3.6674322259562646 0.0048019137753843111 0.004778974850540749 61.538405111661127 -0.17513849999999997 75.000141665586924 0.0023811260036018848 0.01822607431580563 0.47954350000000007 0.29348200000000008
decision_type=2 2 2 2 2 2 2 2 2 2 2 2 2 2 2 2 2 2 2 2 2 2 2 2
left_child=-1 -2 4 -4 5 -3 -7 11 9 10 -9 -5 -13 -10 -14 17 22 20 -19 -20 21 -6 -17 -15
right_child=1 2 3 7 15 6 -8 8 13 -11 -12 12 14 23 -16 16 -18 18 19 -21 -22 -23 -24 -25
leaf_value=2.1474928404462511e-05 -2.3734523210805492e-05 3.0339875919431187e-06 2.0055471470021237e-05 -9.832287497085251e-06 1.0963600916358782e-06 -1.815055828418818e-05 -3.5748110907330886e-06 -7.4482470713964286e-06 3.5803563572578411e-06 1.5026400333020071e-05 5.8512816854183298e-06 7.3143451149090565e-06 3.3480127761074323e-06 -2.2601832426971669e-06 -6.4610393592564229e-06 -3.2577456618367395e-06 -1.0468537097299955e-05 1.5641354591480193e-05 5.7496878721394752e-06 -6.4684615292366209e-06 -9.0808613477251629e-06 -7.9898879061023439e-06 6.929866906700356e-06 -1.043819458053414e-05
leaf_weight=22 20 23 22 33 201 22 22 23 32 33 49 33 22 20 45 38 35 20 25 23 22 22 21 21
leaf_count=22 20 23 22 33 201 22 22 23 32 33 49 33 22 20 45 38 35 20 25 23 22 22 21 21
internal_value=-5.2078e-14 -5.7128e-07 2.77818e-09 1.80924e-06 -1.26632e-06 -6.09219e-06 -1.08627e-05 5.18513e-07 2.59236e-06 5.82166e-06 1.60282e-06 -2.25701e-06 2.42829e-07 -2.05253e-06 -3.24016e-06 -4.7189e-07 -3.66666e-06 4.87561e-07 4.52639e-06 -1.04842e-07 -6.33421e-07 1.99959e-07 3.68354e-07 -6.44892e-06
internal_weight=849 827 807 333 474 67 44 311 178 105 72 133 100 73 67 407 94 313 68 48 245 223 59 41
internal_count=849 827 807 333 474 67 44 311 178 105 72 133 100 73 67 407 94 313 68 48 245 223 59 41
is_linear=0
shrinkage=0.3


Tree=198
num_leaves=14
num_cat=0
split_feature=21 7 20 8 14 12 5 0 9 27 9 5 0
split_gain=1.18464e-07 1.13381e-07 1.76979e-08 7.77236e-08 1.71969e-08 3.52399e-08 2.25218e-08 1.83708e-08 1.70517e-08 1.66165e-08 1.64034e-08 1.51442e-08 1.42656e-08
threshold=0.046590000000000006 -0.016001680032316123 0.5130205000000001 0.01158769918816502 0.0071005949827352768 -0.00067668890828050869 -1.0000000180025095e-35 3.9297992459472968 0.0027179896878174021 0.78486250000000013 0.0030666744885518827 1.0000000180025095e-35 3.8963539891865362
decision_type=2 2 2 2 2 2 2 2 2 2 2 2 2
left_child=-1 -2 4 -4 5 -3 -7 8 9 -6 -10 -8 -12
right_child=1 2 3 -5 7 6 11 -9 10 -11 12 -13 -14
leaf_value=2.2251863356359536e-05 -2.2326597406520574e-05 4.8416943949055514e-06 -3.3919367226460321e-06 1.912511230324815e-05 1.5633517409696649e-06 -1.6600977935468109e-05 1.5660685403418029e-06 -6.4642689295624218e-06 9.1819865669354565e-06 -9.8455263494340915e-06 3.3383421947107036e-07 -1.0108592946380669e-05 8.1283463497460286e-06
leaf_weight=21 21 26 37 22 20 20 20 36 21 27 536 20 22
leaf_count=21 21 26 37 22 20 20 20 36 21 27 536 20 22
internal_value=3.00054e-14 -5.64359e-07 1.94478e-09 5.00425e-06 -3.92622e-07 -4.38356e-06 -8.38117e-06 1.25838e-07 5.04822e-07 -4.99068e-06 9.50916e-07 -4.27126e-06 6.41145e-07
internal_weight=849 828 807 59 748 86 60 662 626 47 579 40 558
internal_count=849 828 807 59 748 86 60 662 626 47 579 40 558
is_linear=0
shrinkage=0.3


Tree=199
num_leaves=18
num_cat=0
split_feature=7 21 27 23 6 18 20 11 11 29 11 12 12 13 13 22 13
split_gain=1.11963e-07 1.17635e-07 1.33256e-08 8.22531e-08 1.68017e-08 1.90714e-08 1.94302e-08 1.1721e-08 2.85583e-08 4.46884e-08 2.49605e-08 2.58952e-08 3.01695e-08 2.48347e-08 2.20701e-08 1.60358e-08 1.12768e-08
threshold=-0.016001680032316123 0.046590000000000006 0.67494300000000007 0.61250000000000016 0.0089787214844812106 -0.65920268985506436 0.24259950000000002 28.571713144400103 37.500484788502057 3.5000000000000004 22.222023244340772 -0.00025233648006527733 -0.002299189938912117 0.0081302358251049683 0.0090572175149746404 0.29295150000000009 0.011619226559841898
decision_type=2 2 2 2 2 2 2 2 2 2 2 2 2 2 2 2 2
left_child=-1 -2 3 -3 7 -6 -7 10 9 -9 11 12 -4 -10 -15 -11 -12
right_child=1 2 4 -5 5 6 -8 8 13 15 16 -13 -14 14 -16 -17 -18
leaf_value=2.1122541110426854e-05 -2.3289724971391479e-05 -4.6086505288739692e-06 3.3227814861706506e-06 1.927108935758172e-05 3.8870008698462959e-06 -1.4101208125912497e-06 -1.1199813766509307e-05 1.5342641795541567e-05 8.6198101907289777e-06 6.1859821796263398e-06 -1.1902850212663907e-05 9.9619699854867699e-06 -6.3958036379649215e-06 -9.8615522915679318e-06 -6.5528470506543663e-08 -5.4039349720369495e-06 -2.7835398698342663e-06
leaf_weight=22 20 34 58 21 21 36 37 30 28 21 26 21 57 22 350 22 23
leaf_count=22 20 34 58 21 21 36 37 30 28 21 26 21 57 22 350 22 23
internal_value=-3.57154e-14 -5.61906e-07 1.36129e-09 4.50907e-06 -3.28325e-07 -4.08011e-06 -6.37202e-06 2.07645e-07 9.99501e-07 6.45614e-06 -1.81694e-06 2.7472e-07 -1.49426e-06 3.66393e-09 -6.44863e-07 2.56257e-07 -7.62236e-06
internal_weight=849 827 807 55 752 94 73 658 473 73 185 136 115 400 372 43 49
internal_count=849 827 807 55 752 94 73 658 473 73 185 136 115 400 372 43 49
is_linear=0
shrinkage=0.3


Tree=200
num_leaves=14
num_cat=0
split_feature=21 7 19 19 13 6 4 29 0 6 15 27 18
split_gain=1.15049e-07 1.09732e-07 1.62878e-08 7.44886e-08 1.14426e-08 8.74103e-09 1.3942e-08 1.88811e-08 2.187e-08 1.55087e-08 2.93061e-08 2.81594e-08 5.28247e-09
threshold=0.046590000000000006 -0.016001680032316123 0.37488000000000005 0.30815750000000003 0.0133004482590082 -0.014218413639899093 20860150.000000004 6.5000000000000009 3.6210806403521794 -0.007134562530525166 0.0024096936510914556 0.81362550000000011 0.15009327439084089
decision_type=2 2 2 2 2 2 2 2 2 2 2 2 2
left_child=-1 -2 3 5 12 -3 9 8 -8 10 -7 -11 -4
right_child=1 2 4 -5 -6 6 7 -9 -10 11 -12 -13 -14
leaf_value=2.1928759036070133e-05 -2.196538028199159e-05 5.1900729469404416e-06 -1.1145619523631466e-05 1.8021294626383416e-05 2.0924378694482066e-07 1.033448471678246e-05 1.1308942413021132e-06 6.0844707832075073e-06 -6.2783512193455311e-06 -2.3188741067740901e-06 -2.6644392594082293e-06 2.4507550852781715e-06 -4.2505288377014946e-06
leaf_weight=21 21 27 20 21 28 37 55 20 103 244 27 205 20
leaf_count=21 21 27 20 21 28 37 55 20 103 244 27 205 20
internal_value=-2.63202e-14 -5.56164e-07 9.52942e-10 4.09788e-07 -4.44212e-06 -1.05312e-07 -3.12223e-07 -2.5999e-06 -3.69918e-06 4.81551e-07 4.85056e-06 -1.41204e-07 -7.69807e-06
internal_weight=849 828 807 739 68 718 691 178 158 513 64 449 40
internal_count=849 828 807 739 68 718 691 178 158 513 64 449 40
is_linear=0
shrinkage=0.3


Tree=201
num_leaves=20
num_cat=0
split_feature=7 21 6 5 14 19 26 20 20 7 8 20 10 4 22 29 27 13 11
split_gain=1.08328e-07 1.1354e-07 1.6331e-08 8.96263e-08 2.23276e-08 1.54294e-08 1.44174e-08 9.17042e-09 3.33319e-08 1.98507e-08 3.33932e-08 3.29981e-08 2.22504e-08 1.95376e-08 2.46177e-08 1.74295e-08 9.71394e-09 7.36324e-09 1.70995e-09
threshold=-0.016001680032316123 0.046590000000000006 0.01160121495900907 0.0046512588910139997 0.012690343043181961 0.29280150000000005 0.42446200000000006 0.22913500000000003 0.21423250000000002 0.0024243455695675291 0.0070755669430898676 0.24727250000000003 1.2626093860025274 8861000.0000000019 0.44893600000000006 6.5000000000000009 0.80418400000000012 0.013497447583354716 66.666629374718454
decision_type=2 2 2 2 2 2 2 2 2 2 2 2 2 2 2 2 2 2 2
left_child=-1 -2 5 4 -4 7 -7 8 13 11 -11 -9 -13 14 -3 -15 -12 18 -8
right_child=1 2 3 -5 -6 6 17 9 -10 10 16 12 -14 15 -16 -17 -18 -19 -20
leaf_value=2.0776836574689448e-05 -2.2881434596229152e-05 -1.3410220790076111e-05 -1.0373026108254634e-05 2.125070971032983e-05 3.1991114965990164e-06 -1.1019907192937646e-05 -2.4804212996189429e-06 1.0288008738628021e-05 -1.076230959467596e-05 1.2946375171907221e-05 -4.237324002464117e-06 -3.6209663429769422e-06 6.2101650835302282e-06 1.3731762804033346e-06 1.1159232989094951e-06 -6.1975674361747224e-06 4.5802675587132706e-06 2.3352678414559464e-06 -6.356391212420931e-06
leaf_weight=22 20 21 20 20 24 21 21 23 28 32 22 121 25 312 21 30 23 23 20
leaf_count=22 20 21 20 20 24 21 21 23 28 32 22 121 25 312 21 30 23 23 20
internal_value=-1.08967e-14 -5.52709e-07 6.67011e-10 4.59894e-06 -2.97004e-06 -3.95416e-07 -4.1991e-06 9.59415e-08 -7.69468e-07 1.54533e-06 5.53778e-06 -2.7372e-07 -1.93755e-06 -4.08236e-08 -6.14715e-06 7.09076e-07 2.69445e-07 -1.96102e-06 -4.37114e-06
internal_weight=849 827 807 64 44 743 85 658 412 246 77 169 146 384 42 342 45 64 41
internal_count=849 827 807 64 44 743 85 658 412 246 77 169 146 384 42 342 45 64 41
is_linear=0
shrinkage=0.3


Tree=202
num_leaves=19
num_cat=0
split_feature=21 7 13 7 6 21 21 18 27 13 6 18 4 6 7 27 8 13
split_gain=1.11531e-07 1.06194e-07 1.36411e-08 8.14857e-08 2.6632e-08 2.7103e-08 4.3219e-08 3.67678e-08 1.49687e-08 1.31579e-08 1.10169e-08 1.58597e-08 1.15026e-08 3.10344e-08 1.94939e-08 2.28731e-08 1.27698e-08 8.84406e-09
threshold=0.046590000000000006 -0.016001680032316123 0.010416997154700514 0.0046512588910139997 0.0024067567496650843 0.5569550000000002 0.45862950000000008 -0.2263195961402108 0.83344700000000016 0.010659896522461642 0.0097087424534737701 -0.2263195961402108 9167250.0000000019 0.0024243455695675291 0.0048780781111054357 0.8984970000000001 0.011238362722820248 0.014970162373873242
decision_type=2 2 2 2 2 2 2 2 2 2 2 2 2 2 2 2 2 2
left_child=-1 -2 3 4 5 6 7 -3 -6 -4 12 17 13 -11 15 -14 -16 -12
right_child=1 2 9 -5 8 -7 -8 -9 -10 10 11 -13 14 -15 16 -17 -18 -19
leaf_value=2.1590873361024673e-05 -2.1608817275721644e-05 1.2048149064867174e-05 -7.219008416036053e-06 1.4856255522526889e-05 -2.246560011940346e-06 -5.6348587968520458e-06 1.6633616112642358e-05 -2.902077210963302e-06 -1.2842082501833829e-05 -1.1540862776480655e-06 -4.2702819038303071e-06 -8.8821166714936339e-06 1.4715851292064528e-06 1.2937634726933373e-05 -9.1109024370392728e-07 -8.1641884065675182e-06 -7.3097112929345954e-06 4.544557280041772e-06
leaf_weight=21 21 20 27 37 30 34 20 57 20 39 21 32 291 22 61 24 52 20
leaf_count=21 21 20 27 37 30 34 20 57 20 39 21 32 291 22 61 24 52 20
internal_value=9.38645e-15 -5.47595e-07 4.66952e-10 2.02787e-06 -5.94512e-07 1.65368e-06 4.20842e-06 9.81098e-07 -6.48477e-06 -7.49912e-07 -4.39119e-07 -3.87688e-06 7.40856e-08 3.92817e-06 -4.75212e-07 7.37431e-07 -3.85559e-06 2.96396e-08
internal_weight=849 828 807 218 181 131 97 77 50 589 562 73 489 61 428 315 113 41
internal_count=849 828 807 218 181 131 97 77 50 589 562 73 489 61 428 315 113 41
is_linear=0
shrinkage=0.3


Tree=203
num_leaves=21
num_cat=0
split_feature=7 21 3 27 3 17 10 20 16 8 20 8 18 14 27 8 26 23 20 29
split_gain=1.04817e-07 1.09727e-07 1.52784e-08 6.81592e-08 4.13445e-08 1.75818e-08 2.73166e-08 2.77992e-08 3.31114e-08 2.44917e-08 3.18257e-08 1.88352e-08 1.46491e-08 1.01925e-08 2.09179e-08 2.19926e-08 1.54015e-08 1.44378e-08 2.36826e-08 1.92326e-08
threshold=-0.016001680032316123 0.046590000000000006 3.7102707624435429 0.67494300000000007 3.7351654767990117 0.0074722331760798703 -1.5721349649837608 0.056335500000000004 0.0023980792039083819 -0.0023782135742288174 0.2721590000000001 -0.0042826567455694431 -0.027434604406285684 0.012628988978863996 0.79566800000000015 0.0070755669430898676 0.53678850000000011 0.29285700000000009 0.26601600000000009 2.5000000000000004
decision_type=2 2 2 2 2 2 2 2 2 2 2 2 2 2 2 2 2 2 2 2
left_child=-1 -2 5 -4 -5 6 -3 8 -8 11 -11 -9 -10 17 15 -15 -16 19 -19 -6
right_child=1 2 3 4 13 -7 7 9 12 10 -12 -13 -14 14 16 -17 -18 18 -20 -21
leaf_value=2.0437343457822198e-05 -2.2494266643704463e-05 1.0168650333071127e-05 1.8506681437884255e-05 1.1940255987715667e-05 -6.7141954451699346e-06 -8.4161640009889574e-06 -1.6254360447088732e-05 -1.3015470638068212e-06 -7.1233495016433426e-06 6.5557589692843978e-06 -1.7308511566490643e-06 -1.0349105963314285e-05 3.2704417400306896e-06 1.421311995159158e-05 2.5193906080660425e-06 3.1274831339292827e-07 -5.6421456390042197e-06 -1.0638259072623311e-05 -1.0096233370531923e-06 4.2039417151543924e-06
leaf_weight=22 20 20 20 26 20 28 22 151 26 86 81 24 23 20 46 21 38 35 67 53
leaf_count=22 20 20 20 26 20 28 22 151 26 86 81 24 23 20 46 21 38 35 67 53
internal_value=-4.53417e-14 -5.43678e-07 3.26813e-10 1.50706e-06 4.64136e-07 -1.13054e-06 -6.59413e-07 -1.18377e-06 -6.58567e-06 -6.2327e-08 2.5365e-06 -2.54236e-06 -2.24463e-06 -5.30461e-07 1.53856e-06 7.09342e-06 -1.17273e-06 -2.00834e-06 -4.31357e-06 1.21267e-06
internal_weight=849 827 807 346 326 461 433 413 71 342 167 175 49 300 125 41 84 175 102 73
internal_count=849 827 807 346 326 461 433 413 71 342 167 175 49 300 125 41 84 175 102 73
is_linear=0
shrinkage=0.3


Tree=204
num_leaves=14
num_cat=0
split_feature=21 7 27 27 22 3 26 26 2 0 3 11 12
split_gain=1.08022e-07 1.02766e-07 1.50652e-08 6.41485e-08 1.22914e-08 7.75847e-09 2.21557e-08 2.19775e-08 1.09422e-08 2.09128e-08 1.70336e-08 1.56992e-08 1.43477e-08
threshold=0.046590000000000006 -0.016001680032316123 0.67143700000000017 0.68783250000000018 0.30708250000000009 3.3201944828033452 0.56845100000000015 0.43782600000000005 3.4601304253132317 3.556696737442953 3.4639286994934086 28.571713144400103 -0.0024759614405010098
decision_type=2 2 2 2 2 2 2 2 2 2 2 2 2
left_child=-1 -2 4 -4 -3 6 7 -5 10 -10 11 -7 -11
right_child=1 2 3 5 -6 8 -8 -9 9 12 -12 -13 -14
leaf_value=2.1248581690867597e-05 -2.1257373880091888e-05 -8.7311635655301116e-06 1.7100887837315781e-05 4.7793974319334769e-06 8.0800129126146198e-07 -6.921371795573015e-06 1.0281679223567153e-05 -8.1607549881417591e-06 8.228673621195931e-06 -4.3482424630033514e-06 -9.9406988340433606e-06 4.704723884943165e-07 4.5325936275309714e-07
leaf_weight=21 21 31 20 27 20 34 24 21 28 65 24 108 405
leaf_count=21 21 31 20 27 20 34 24 21 28 65 24 108 405
internal_value=1.7048e-15 -5.38913e-07 2.28795e-10 3.36892e-07 -4.99031e-06 -1.18651e-07 2.83928e-06 -8.81919e-07 -4.3939e-07 2.63729e-07 -2.54875e-06 -1.29941e-06 -2.10778e-07
internal_weight=849 828 807 756 51 736 72 48 664 498 166 142 470
internal_count=849 828 807 756 51 736 72 48 664 498 166 142 470
is_linear=0
shrinkage=0.3


Tree=205
num_leaves=17
num_cat=0
split_feature=7 21 6 9 27 26 19 0 8 10 5 8 20 27 2 25
split_gain=1.01423e-07 1.06109e-07 1.22631e-08 7.91491e-08 1.62474e-08 1.10332e-08 1.07313e-08 7.29774e-09 6.82177e-09 1.76325e-08 2.77302e-08 1.25722e-08 1.96641e-08 1.88627e-08 1.84724e-08 1.63084e-08
threshold=-0.016001680032316123 0.046590000000000006 0.01160121495900907 0.0092764919300493565 0.71153250000000012 0.46768850000000001 -0.10432949999999999 3.7665508785929838 -0.01923141352130911 -1.3689236527557813 -0.0023557288057373805 -0.0048721500514155225 0.040067000000000012 0.79566800000000015 3.3039723474212344 0.61250000000000016
decision_type=2 2 2 2 2 2 2 2 2 2 2 2 2 2 2 2
left_child=-1 -2 4 -4 5 6 -3 -5 9 -6 -11 12 -10 -14 -13 -16
right_child=1 2 3 7 8 -7 -8 -9 11 10 -12 14 13 -15 15 -17
leaf_value=2.0103725207511824e-05 -2.2120561631595589e-05 4.2740958122067242e-06 1.96330397886868e-05 5.6372844720380784e-07 -3.5647973796269226e-06 -7.873156746777217e-06 -4.3511043650817779e-06 -7.1714108425372347e-06 -1.0138636147871693e-05 1.4853471450351208e-05 -5.8115541683243708e-07 8.91915137586352e-06 2.9050415264255407e-06 -3.5454550148142848e-06 -6.7094292364330274e-07 4.3701012685914973e-06
leaf_weight=22 20 20 20 23 23 39 37 21 24 20 22 24 68 102 292 72
leaf_count=22 20 20 20 23 23 39 37 21 24 20 22 24 68 102 292 72
internal_value=-1.0119e-14 -5.34803e-07 1.60185e-10 3.9848e-06 -3.43065e-07 -3.98502e-06 -1.32472e-06 -3.12804e-06 1.97317e-07 3.11221e-06 6.76867e-06 -1.28229e-07 -2.10011e-06 -9.65256e-07 8.5771e-07 3.26187e-07
internal_weight=849 827 807 64 743 96 57 44 647 65 42 582 194 170 388 364
internal_count=849 827 807 64 743 96 57 44 647 65 42 582 194 170 388 364
is_linear=0
shrinkage=0.3


Tree=206
num_leaves=14
num_cat=0
split_feature=8 7 18 18 24 21 19 27 12 6 18 18 18
split_gain=1.05096e-07 2.96914e-07 1.26015e-07 2.95885e-08 8.47372e-08 3.91854e-08 2.99796e-08 2.17544e-08 7.95166e-08 1.66961e-08 1.23968e-08 2.08696e-08 8.68318e-09
threshold=-0.026476206164096679 -0.014355025916284913 -0.0028160230211007938 -0.62488671035875787 0.10555550000000001 0.057287500000000005 0.012032000000000001 0.67494300000000007 0.000414976596019488 0.0097087424534737701 -0.51667597506657581 -0.43997284511121582 -0.088616353723433475
decision_type=2 2 2 2 2 2 2 2 2 2 2 2 2
left_child=2 -2 -1 4 -3 -5 -6 8 -7 10 -9 -12 -11
right_child=1 3 -4 5 6 7 -8 9 -10 12 11 -13 -14
leaf_value=-2.9662276642244724e-05 3.5195309270234664e-05 -2.1459322226488353e-05 8.2230596256330007e-07 1.2956665798149268e-05 -5.2103251514504464e-06 -6.989793139382527e-06 8.2377092228966832e-06 6.2467184790193637e-06 1.914676467952797e-05 -1.252860092953207e-06 -8.876114674283286e-06 1.6812094902870944e-07 -9.4547360224448938e-06
leaf_weight=23 22 22 26 22 37 20 25 28 22 21 24 531 26
leaf_count=23 22 22 26 22 37 20 25 28 22 21 24 531 26
internal_value=6.52042e-15 8.26066e-07 -1.34868e-05 -1.45815e-07 -5.46362e-06 4.97839e-07 2.12269e-07 8.99603e-08 6.70078e-06 -3.50761e-07 8.7742e-08 -2.22981e-07 -5.79007e-06
internal_weight=849 800 49 778 84 694 62 672 42 630 583 555 47
internal_count=849 800 49 778 84 694 62 672 42 630 583 555 47
is_linear=0
shrinkage=0.3


Tree=207
num_leaves=18
num_cat=0
split_feature=21 7 20 6 8 27 15 17 9 7 7 22 26 11 0 16 22
split_gain=9.35064e-08 1.71582e-07 1.39423e-08 1.04216e-07 1.60282e-08 2.23993e-08 1.60382e-08 3.17417e-08 1.17719e-08 1.13674e-08 1.8218e-08 1.71907e-08 1.69691e-08 1.61436e-08 1.44043e-08 1.30706e-08 9.14353e-09
threshold=0.046590000000000006 -0.016001680032316123 0.46362300000000006 0.0073261222498109081 -0.015105560139684096 0.79616000000000009 -0.0023585446749207119 0.0024509196646245071 0.0045508710731251307 -0.009291673930052086 -0.0047732369010953261 0.036271500000000005 0.41035850000000007 28.571713144400103 3.6434070995667303 0.0023923993522771488 0.11330950000000002
decision_type=2 2 2 2 2 2 2 2 2 2 2 2 2 2 2 2 2
left_child=-1 -2 4 8 5 -3 7 -7 -4 15 12 -12 -11 -13 -14 -6 -10
right_child=1 2 3 -5 9 6 -8 -9 16 10 11 13 14 -15 -16 -17 -18
leaf_value=1.9769405493467017e-05 -2.7272682954000108e-05 8.9467222144441245e-06 4.0661751850166182e-06 2.2880388287376265e-05 -1.3568126384846188e-07 3.9503474618464275e-06 6.6939825919896308e-06 -1.1215819236183407e-05 1.3341354230890698e-08 9.5759680969673224e-06 -8.6643877641388546e-06 -5.6556262283917912e-06 -5.6481649139072939e-06 -8.6155481719252102e-08 5.7377336315767022e-06 -1.0259195869366522e-05 -7.7241207160720169e-06
leaf_weight=21 21 38 25 20 22 27 22 23 28 29 26 53 20 403 20 24 27
leaf_count=21 21 38 25 20 22 27 22 23 28 29 26 53 20 403 20 24 27
internal_value=5.52265e-14 -5.01398e-07 1.95253e-07 3.51084e-06 -2.73714e-07 3.05399e-06 -5.60673e-08 -3.02609e-06 -1.33154e-06 -8.86858e-07 -5.08618e-07 -1.16129e-06 4.05064e-06 -7.33484e-07 4.47844e-08 -5.41751e-06 -3.78505e-06
internal_weight=849 828 807 100 707 110 72 50 80 597 551 482 69 456 40 46 55
internal_count=849 828 807 100 707 110 72 50 80 597 551 482 69 456 40 46 55
is_linear=0
shrinkage=0.3


Tree=208
num_leaves=21
num_cat=0
split_feature=7 21 7 7 7 19 13 13 0 5 5 14 9 12 29 10 10 10 26 1
split_gain=5.69214e-08 1.07049e-07 1.19891e-08 1.14668e-07 2.91116e-08 2.70726e-08 3.19307e-08 1.72723e-08 1.7968e-08 1.7177e-08 3.68818e-08 1.99481e-08 1.47892e-08 1.38645e-08 1.1444e-08 2.39221e-08 2.52648e-08 1.5112e-08 1.69254e-08 1.49833e-08
threshold=-0.016001680032316123 0.046590000000000006 0.004750532950965016 0.004613518642489739 0.0049875431220353849 -0.37845949999999995 0.01143572454406038 0.015590391906469492 3.7317800269701604 -0.0023696862836650062 -0.0025125828869908347 0.021327193015688348 0.0070167385606989905 -0.002299189938912117 4.5000000000000009 -0.73029288692678607 -0.12896731643637616 0.94341928649057039 0.42907900000000004 3.77316571444551
decision_type=2 2 2 2 2 2 2 2 2 2 2 2 2 2 2 2 2 2 2 2
left_child=-1 -2 3 9 -4 -6 -7 12 -9 10 11 13 -8 -3 15 -11 -17 18 -16 -19
right_child=1 2 4 -5 5 6 7 8 -10 14 -12 -13 -14 -15 17 16 -18 19 -20 -21
leaf_value=1.5060747335320972e-05 -2.2081730512581999e-05 4.9082171085501611e-06 -1.1257137524668136e-05 2.3130942226998739e-05 -8.0401438058221589e-06 1.0659035066535376e-05 -7.7342462322331598e-06 1.020522931355572e-05 -1.4831633758023662e-06 -1.219434993972511e-05 1.063673128938765e-05 8.2317867208985264e-06 2.2997019516424188e-06 -2.2624589235860415e-06 8.6431703119222377e-06 6.4798167113622179e-06 -2.9468606126939757e-06 1.9589087388441028e-06 1.5915921814389472e-07 -7.9458958775749776e-06
leaf_weight=22 20 30 26 20 34 27 39 20 29 21 38 25 20 127 33 30 174 27 59 28
leaf_count=22 20 30 26 20 34 27 39 20 29 21 38 25 20 127 33 30 174 27 59 28
internal_value=3.41462e-16 -4.00649e-07 1.36677e-07 7.89385e-07 -1.91182e-06 -4.74081e-07 1.43145e-06 -8.75451e-07 3.28761e-06 3.46023e-08 2.13593e-06 3.61038e-07 -4.33291e-06 -8.92266e-07 -1.20812e-06 -2.55307e-06 -1.56058e-06 8.50479e-07 3.20234e-06 -3.08354e-06
internal_weight=849 827 807 612 195 169 135 108 49 592 220 182 59 157 372 225 204 147 92 55
internal_count=849 827 807 612 195 169 135 108 49 592 220 182 59 157 372 225 204 147 92 55
is_linear=0
shrinkage=0.3


Tree=209
num_leaves=21
num_cat=0
split_feature=21 7 26 14 26 14 26 9 9 14 13 4 5 26 20 18 9 8 18 27
split_gain=9.50555e-08 1.27788e-07 1.33598e-08 6.51522e-08 2.07915e-08 1.92247e-08 2.56178e-08 2.28374e-08 2.20133e-08 3.18176e-08 2.12243e-08 1.72788e-08 2.33029e-08 1.67332e-08 1.61985e-08 1.57287e-08 1.30348e-08 1.02339e-08 8.41714e-09 6.98587e-09
threshold=0.046590000000000006 -0.016001680032316123 0.49225500000000005 0.0069930003861380418 0.50624350000000018 0.01177862460627401 0.46297000000000005 0.0062370750576015797 0.0072290908716853746 0.0099502393141325685 0.01143572454406038 36004050.000000007 0.002389474956944867 0.60332150000000007 0.43639100000000003 0.086911176624429196 0.010583521843582482 -0.0023584204218377322 -0.34232323329201858 0.80223600000000006
decision_type=2 2 2 2 2 2 2 2 2 2 2 2 2 2 2 2 2 2 2 2
left_child=-1 -2 5 -4 -5 6 8 15 9 10 -3 12 13 -6 -14 -7 17 -9 -10 -18
right_child=1 2 3 4 11 7 -8 16 18 -11 -12 -13 14 -15 -16 -17 19 -19 -20 -21
leaf_value=1.9932493874616087e-05 -2.3609101312363887e-05 3.0620186116367811e-07 1.6507482161642884e-05 9.5286089430958643e-06 -5.2251821870954329e-06 6.529119344931031e-07 -1.2386282615688801e-05 2.0228347916706468e-07 -1.1330887595952596e-06 -1.2805305262933839e-05 -9.1433051819775661e-06 -8.7526905002732739e-06 6.0165936334009882e-06 4.5014254886505861e-07 -1.4763157453576002e-06 1.0416372858592446e-05 -1.7731177324874027e-07 -7.0364697584283184e-06 6.489701252121449e-06 6.8512058464875742e-06
leaf_weight=21 21 103 24 21 74 27 23 32 22 28 27 20 82 127 38 33 35 39 32 20
leaf_count=21 21 103 24 21 74 27 23 32 22 28 27 20 82 127 38 33 35 39 32 20
internal_value=-3.67866e-14 -5.05534e-07 9.56738e-08 1.37045e-06 3.66885e-07 -1.07312e-06 -2.87669e-06 1.20558e-06 -1.84498e-06 -3.63215e-06 -1.65639e-06 -1.97327e-07 3.35717e-07 -1.63928e-06 3.64384e-06 6.02282e-06 -1.08834e-06 -3.77393e-06 3.38412e-06 2.37851e-06
internal_weight=849 828 807 386 362 421 235 186 212 158 130 341 321 201 120 60 126 71 54 55
internal_count=849 828 807 386 362 421 235 186 212 158 130 341 321 201 120 60 126 71 54 55
is_linear=0
shrinkage=0.3


Tree=210
num_leaves=14
num_cat=0
split_feature=7 21 14 14 12 27 0 18 9 9 14 8 8
split_gain=7.27928e-08 1.00275e-07 1.3096e-08 5.03732e-08 2.03759e-08 6.66853e-09 1.23636e-08 5.90719e-09 1.38124e-08 1.83018e-08 1.70691e-08 1.18574e-08 1.3144e-08
threshold=-0.016001680032316123 0.046590000000000006 0.0064655112614244118 0.0069930003861380418 -0.00032180036232318292 0.68183950000000004 3.6689218145677436 -0.26310865145772366 0.0042613172910727403 0.0039863192419736177 0.0093023162973839956 -0.015105560139684096 0.014965628561342899
decision_type=2 2 2 2 2 2 2 2 2 2 2 2 2
left_child=-1 -2 4 -4 -3 6 -5 11 9 -9 -10 -7 -13
right_child=1 2 3 5 -6 7 -8 8 10 -11 -12 12 -14
leaf_value=1.7031504615839697e-05 -2.1436960257688042e-05 1.4423030222587841e-06 1.389591809655144e-05 5.9443364702695042e-07 -1.0919704389777961e-05 7.3229385009960465e-06 -8.1939754550148792e-06 7.7583035992757992e-07 -6.0844737171506543e-06 1.0621363328482403e-05 -4.1974880605513808e-07 -7.9474911575516668e-07 5.8578088056753374e-06
leaf_weight=22 20 24 24 34 24 28 25 113 57 20 299 125 34
leaf_count=22 20 24 24 34 24 28 25 113 57 20 299 125 34
internal_value=-4.92358e-15 -4.53075e-07 6.69716e-08 3.70888e-07 -4.7387e-06 -7.0746e-08 -3.12947e-06 1.96214e-07 -3.52196e-07 2.25636e-06 -1.32674e-06 1.63029e-06 6.2781e-07
internal_weight=849 827 807 759 48 735 59 676 489 133 356 187 159
internal_count=849 827 807 759 48 735 59 676 489 133 356 187 159
is_linear=0
shrinkage=0.3


Tree=211
num_leaves=17
num_cat=0
split_feature=21 7 27 6 14 14 13 6 18 16 0 1 1 0 2 3
split_gain=9.41212e-08 1.06917e-07 1.28634e-08 5.81716e-08 1.01454e-08 1.80335e-08 8.71498e-09 6.91737e-09 1.00066e-08 1.23263e-08 1.03738e-08 9.14125e-09 2.14507e-08 2.13242e-08 1.93023e-08 1.40233e-08
threshold=0.046590000000000006 -0.016001680032316123 0.67494300000000007 0.002389474956944867 0.0069930003861380418 0.0048960221311343576 0.0090572175149746404 0.0089787214844812106 -0.088616353723433475 0.0021551704204748039 3.7596775785104328 3.6840635046756147 3.6227051902857257 3.5808808030066737 3.6628432909647892 3.6999791860580449
decision_type=2 2 2 2 2 2 2 2 2 2 2 2 2 2 2 2
left_child=-1 -2 3 -3 5 -4 -7 11 9 -9 -10 12 13 -6 -13 -16
right_child=1 2 4 -5 7 6 -8 8 10 -11 -12 14 -14 -15 15 -17
leaf_value=1.9834285110066829e-05 -2.1635822547848094e-05 -2.8995283225542933e-06 2.0674348767053224e-06 1.7382399483949485e-05 -5.4725161941219247e-07 -1.228748048674788e-05 -3.4311376242612823e-06 -4.3873619189150267e-06 -9.4775011604042438e-07 5.3315201853365579e-06 -1.0494546216120528e-05 1.0633737599050617e-05 -7.5879129705450996e-06 9.6344239773316071e-06 -6.6690445027717257e-06 1.5852329441537923e-06
leaf_weight=21 21 35 28 20 249 20 20 23 20 24 21 20 36 20 20 251
leaf_count=21 21 35 28 20 249 20 20 23 20 24 21 20 36 20 20 251
internal_value=5.01648e-15 -5.03043e-07 4.68802e-08 4.47572e-06 -2.77038e-07 -3.77183e-06 -7.85931e-06 7.03976e-08 -2.41242e-06 5.75471e-07 -5.83757e-06 4.36989e-07 -7.1063e-07 2.0975e-07 1.63982e-06 9.76061e-07
internal_weight=849 828 807 55 752 68 40 684 88 47 41 596 305 269 291 271
internal_count=849 828 807 55 752 68 40 684 88 47 41 596 305 269 291 271
is_linear=0
shrinkage=0.3


Tree=212
num_leaves=17
num_cat=0
split_feature=7 21 2 27 19 2 3 15 12 6 4 2 4 19 14 18
split_gain=7.99332e-08 9.55296e-08 1.27378e-08 5.14308e-08 1.38766e-08 2.12345e-08 1.2942e-08 1.27752e-08 1.20058e-08 1.04733e-08 1.03386e-08 2.11873e-08 1.66737e-08 1.01224e-08 1.61585e-08 8.15683e-09
threshold=-0.016001680032316123 0.046590000000000006 3.7891856354880438 0.69754850000000013 -0.11186999999999998 3.8294636210129243 3.7911356687545781 -0.0021482481482884737 0.0045015183867146173 0.012106630703684959 17200100.000000004 3.7124056116465405 16275250.000000002 1.0000000180025095e-35 0.0091953937310272418 0.28295418668618072
decision_type=2 2 2 2 2 2 2 2 2 2 2 2 2 2 2 2
left_child=-1 -2 6 -4 5 -5 8 -7 9 10 12 -12 -3 -6 -15 -16
right_child=1 2 3 4 13 7 -8 -9 -10 -11 11 -13 -14 14 15 -17
leaf_value=1.7847299030067503e-05 -2.0956157920863917e-05 1.1989711234413746e-07 1.614908805827042e-05 1.0579686595017042e-05 -6.5366402960112925e-06 -5.5733620050497327e-06 -6.4326647506360045e-06 4.7713565477765359e-06 6.7175956019127622e-06 -6.1400411098098817e-06 -3.4560292163131012e-06 5.5064167445907844e-06 8.3238776113603315e-06 -6.7263078859547891e-06 5.027703016866126e-06 -2.3622207004336814e-06
leaf_weight=22 20 314 21 26 28 21 33 22 21 29 156 28 24 23 41 20
leaf_count=22 20 314 21 26 28 21 33 22 21 29 156 28 24 23 41 20
internal_value=1.01744e-14 -4.74777e-07 3.28161e-08 2.09551e-06 4.64981e-07 3.81161e-06 -6.55884e-07 -2.80715e-07 -3.22608e-07 -5.90928e-07 -2.82644e-07 -2.09218e-06 7.02428e-07 -1.59678e-06 4.98372e-08 2.60478e-06
internal_weight=849 827 807 202 181 69 605 43 572 551 522 184 338 112 84 61
internal_count=849 827 807 202 181 69 605 43 572 551 522 184 338 112 84 61
is_linear=0
shrinkage=0.3


Tree=213
num_leaves=15
num_cat=0
split_feature=21 7 20 13 27 1 15 10 8 15 10 13 26 12
split_gain=9.20657e-08 9.57788e-08 1.30033e-08 5.67744e-08 1.43071e-08 1.18547e-08 6.1107e-09 8.37814e-09 2.27958e-08 1.40852e-08 1.05896e-08 1.07248e-08 7.09206e-09 4.06486e-09
threshold=0.046590000000000006 -0.016001680032316123 0.49681250000000005 0.010473812778831908 0.68413750000000018 3.6968459575049679 -0.013730035529787453 -1.2769584147989965 -0.0075377457483991441 -0.0070755605228727701 -1.0349745315592944 0.012864567097528395 0.77872600000000014 -0.00032180036232318292
decision_type=2 2 2 2 2 2 2 2 2 2 2 2 2 2
left_child=-1 -2 4 -4 5 -3 -6 8 9 -8 11 -9 -12 -5
right_child=1 2 3 13 6 -7 7 10 -10 -11 12 -13 -14 -15
leaf_value=1.961651259339955e-05 -2.0499265741794456e-05 -1.5057855658927688e-06 1.7447055389112619e-05 1.9221618686060535e-06 -4.3188123803312403e-06 -1.0623720499682219e-05 2.2478618282020175e-06 -7.4474773589539671e-06 -3.8419911044033585e-06 1.1818609993042627e-05 4.7795474929402587e-07 1.3075656619321306e-06 -4.4318871758771852e-06 -3.5635535595240011e-06
leaf_weight=21 21 33 20 20 28 21 31 34 29 25 487 20 28 31
leaf_count=21 21 33 20 20 28 21 31 34 29 25 487 20 28 31
internal_value=-3.10454e-15 -4.9752e-07 2.29713e-08 3.9002e-06 -3.51055e-07 -5.05165e-06 2.1133e-08 2.06941e-07 2.98507e-06 6.52052e-06 -2.0807e-07 -4.20487e-06 2.11012e-07 -1.41229e-06
internal_weight=849 828 807 71 736 54 682 654 85 56 569 54 515 51
internal_count=849 828 807 71 736 54 682 654 85 56 569 54 515 51
is_linear=0
shrinkage=0.3


Tree=214
num_leaves=19
num_cat=0
split_feature=7 21 6 21 27 3 22 16 16 29 16 19 20 9 19 17 8 29
split_gain=8.21752e-08 9.17569e-08 9.13264e-09 6.0508e-08 8.10115e-09 8.53648e-09 6.35568e-09 5.46925e-09 1.91087e-08 1.37692e-08 1.91119e-08 1.60953e-08 2.50315e-08 1.71719e-08 1.54981e-08 1.31696e-08 1.12721e-08 9.15417e-09
threshold=-0.016001680032316123 0.046590000000000006 0.01160121495900907 0.34907850000000001 0.68413750000000018 3.6052414178848271 0.24863850000000001 0.0048661752498319411 0.0051085601874971539 3.5000000000000004 0.0024906613730463086 -0.072587499999999985 0.13372800000000004 0.0031440679415283813 -0.63092649999999983 0.0051679538806044135 -1.275021754842953e-16 5.5000000000000009
decision_type=2 2 2 2 2 2 2 2 2 2 2 2 2 2 2 2 2 2
left_child=-1 -2 4 -4 5 -3 -5 9 -9 10 14 12 -11 -13 -6 17 -12 -10
right_child=1 2 3 6 7 -7 -8 8 15 11 16 13 -14 -15 -16 -17 -18 -19
leaf_value=1.8095855848927883e-05 -2.0554264319798677e-05 -4.4902519440601562e-08 1.7136703067990311e-05 -6.0557963085017258e-06 -7.54513664263789e-06 -7.3239841873814765e-06 1.1853626074298518e-06 7.3153702387046968e-06 -3.6357117132216183e-06 5.5641285674698155e-08 1.0188185171024355e-05 8.3690532652066653e-06 -7.729773643151161e-06 -9.3584052503784664e-07 8.1442116039542207e-07 6.586911341141136e-06 1.6702194276124122e-06 2.2511447269835113e-06
leaf_weight=22 20 29 20 24 23 29 20 39 70 71 29 21 78 119 151 21 27 36
leaf_count=22 20 29 20 24 23 29 20 39 70 71 29 21 78 119 151 21 27 36
internal_value=3.26944e-14 -4.81389e-07 1.60799e-08 3.45472e-06 -2.80115e-07 -3.68444e-06 -2.76436e-06 8.1343e-09 1.50702e-06 -4.71279e-07 1.26084e-06 -1.84978e-06 -4.01995e-06 4.59894e-07 -2.90578e-07 -2.76642e-07 6.08131e-06 -1.6364e-06
internal_weight=849 827 807 64 743 58 44 685 166 519 230 289 149 140 174 127 56 106
internal_count=849 827 807 64 743 58 44 685 166 519 230 289 149 140 174 127 56 106
is_linear=0
shrinkage=0.3


Tree=215
num_leaves=18
num_cat=0
split_feature=21 7 3 6 2 29 6 22 22 9 8 13 19 27 18 10 24
split_gain=8.95412e-08 8.90614e-08 1.11555e-08 5.50841e-08 1.03975e-08 9.16977e-09 1.1721e-08 7.37754e-09 1.8439e-08 1.8995e-08 1.46805e-08 1.40348e-08 1.50147e-08 6.20716e-09 1.23351e-08 1.14655e-08 6.02698e-09
threshold=0.046590000000000006 -0.016001680032316123 3.8360605239868169 0.011025578740342998 3.8294636210129243 7.5000000000000009 0.011025578740342998 0.3281715 0.21815650000000003 0.0072648669553333342 0.0048367458706887988 0.017361945320454934 -0.14018599999999995 0.76296150000000018 -0.19464291597289224 -0.44721658423173655 0.31666650000000002
decision_type=2 2 2 2 2 2 2 2 2 2 2 2 2 2 2 2 2
left_child=-1 -2 5 4 -4 6 7 8 10 -10 -3 12 -9 -6 -15 -16 -8
right_child=1 2 3 -5 13 -7 16 11 9 -11 -12 -13 -14 14 15 -17 -18
leaf_value=1.934569444789044e-05 -1.9778243066476925e-05 -1.7939118042104635e-06 5.4524468699431358e-06 1.6558961708921872e-05 -4.9744373545276439e-06 4.233229884843079e-06 -8.4449557710705936e-06 -1.1485424363380207e-06 -7.9091522187546552e-06 8.6539707541198675e-07 4.0278939922176665e-06 7.1067734021805037e-06 4.6681620859795208e-06 -4.6297190262833961e-06 -2.9877346215861116e-06 5.706913994939756e-06 -1.517906075605424e-06
leaf_weight=21 21 108 27 21 28 34 26 216 64 34 61 27 49 32 21 39 20
leaf_count=21 21 108 27 21 28 34 26 216 64 34 61 27 49 32 21 39 20
internal_value=2.82083e-14 -4.90652e-07 1.12559e-08 2.18658e-06 1.33388e-07 -5.60661e-07 -8.3007e-07 -4.5128e-07 -1.59102e-06 -4.86492e-06 3.0745e-07 5.90882e-07 -7.30008e-08 -1.0634e-06 1.26915e-07 2.66379e-06 -5.4332e-06
internal_weight=849 828 807 168 147 639 605 559 267 98 169 292 265 120 92 60 46
internal_count=849 828 807 168 147 639 605 559 267 98 169 292 265 120 92 60 46
is_linear=0
shrinkage=0.3


Tree=216
num_leaves=14
num_cat=0
split_feature=7 21 27 17 6 1 21 22 22 0 18 18 22
split_gain=8.19139e-08 8.84789e-08 9.98352e-09 5.58797e-08 7.84938e-09 9.02388e-09 6.46777e-09 6.08769e-09 1.90565e-08 1.52034e-08 8.39526e-09 1.57424e-08 1.08343e-08
threshold=-0.016001680032316123 0.046590000000000006 0.67494300000000007 0.0023810069847564697 0.011025578740342998 3.81909895888526 0.090954500000000008 0.39167500000000005 0.41669600000000007 3.7665508785929838 -0.28639271665351379 -0.37815308254244112 0.21815650000000003
decision_type=2 2 2 2 2 2 2 2 2 2 2 2 2
left_child=-1 -2 3 -3 6 -6 -4 10 -9 -10 11 -8 -12
right_child=1 2 4 -5 5 -7 7 8 9 -11 12 -13 -14
leaf_value=1.8067064345927975e-05 -2.0191693427022983e-05 1.6559452090518787e-05 -5.0454492106217167e-06 -3.3189180716622753e-06 -2.714019597403551e-07 -7.497023131821022e-06 -5.8508218682039684e-08 9.3946607602646275e-06 -1.0804584043321569e-06 4.365325789527e-06 4.2064942546262444e-07 8.9137191192311217e-06 -3.1330710621811342e-06
leaf_weight=22 20 20 22 35 35 28 88 24 159 65 158 22 151
leaf_count=22 20 20 22 35 35 28 88 24 159 65 158 22 151
internal_value=-2.12648e-14 -4.80623e-07 7.8791e-09 3.90958e-06 -2.77485e-07 -3.48279e-06 1.55983e-08 1.82529e-07 1.36059e-06 4.99791e-07 -5.14745e-07 1.73594e-06 -1.31596e-06
internal_weight=849 827 807 55 752 63 689 667 248 224 419 110 309
internal_count=849 827 807 55 752 63 689 667 248 224 419 110 309
is_linear=0
shrinkage=0.3


Tree=217
num_leaves=16
num_cat=0
split_feature=21 7 25 19 20 6 23 25 6 8 14 17 13 10 10
split_gain=8.68517e-08 8.44504e-08 8.28511e-09 5.13169e-08 1.15096e-08 9.45944e-09 8.72567e-09 7.39882e-09 3.33633e-08 1.85737e-08 9.25298e-09 9.77242e-09 6.1362e-09 7.38973e-09 6.98169e-09
threshold=0.046590000000000006 -0.016001680032316123 0.13392850000000003 0.28134850000000006 0.08268650000000001 0.017470423185275825 0.47222200000000009 0.26785700000000007 0.0047282041887523529 -0.0023782135742288174 0.02576123965108169 0.0070257544552168793 0.0096969671170238237 0.04775550771727604 0.92035801377685411
decision_type=2 2 2 2 2 2 2 2 2 2 2 2 2 2 2
left_child=-1 -2 4 5 -3 7 -6 8 9 -4 11 -9 -8 -14 -15
right_child=1 2 3 -5 6 -7 12 10 -10 -11 -12 -13 13 14 -16
leaf_value=1.9052939355138474e-05 -1.9264889345192518e-05 4.6935951479554198e-06 1.3448682125272172e-06 1.5427986616032284e-05 -7.5242936486574762e-06 -5.7249064602729049e-06 -5.9905996156727346e-06 -3.7928985644808902e-07 -6.1193326220947914e-06 1.1566278744368218e-05 -5.9605555236430512e-06 4.0044819650788936e-06 3.4814561400610594e-06 -6.7629914091022716e-06 4.7321183497420597e-07
leaf_weight=21 21 20 32 20 30 25 23 446 27 32 24 51 28 21 28
leaf_count=21 21 20 32 20 30 25 23 446 27 32 24 51 28 21 28
internal_value=6.72881e-16 -4.83227e-07 5.51543e-09 4.64815e-07 -2.00622e-06 -4.98582e-09 -3.03696e-06 2.28671e-07 2.72456e-06 6.45557e-06 -2.07271e-07 7.05539e-08 -1.69076e-06 -4.06391e-07 -2.62802e-06
internal_weight=849 828 807 657 150 637 130 612 91 64 521 497 100 77 49
internal_count=849 828 807 657 150 637 130 612 91 64 521 497 100 77 49
is_linear=0
shrinkage=0.3


Tree=218
num_leaves=14
num_cat=0
split_feature=7 21 6 12 20 26 26 26 26 4 3 6 11
split_gain=8.0441e-08 8.54768e-08 1.15496e-08 4.83778e-08 8.78071e-09 7.53905e-09 1.62946e-08 1.56501e-08 8.14564e-09 6.78662e-09 5.40499e-09 4.2737e-09 4.90793e-09
threshold=-0.016001680032316123 0.046590000000000006 0.01160121495900907 0.0004415286672283764 0.48687200000000003 0.73967250000000007 0.70789550000000012 0.80916350000000015 0.66821550000000007 17200100.000000004 3.7839369773864751 -0.0022754894870761614 74.999832969361535
decision_type=2 2 2 2 2 2 2 2 2 2 2 2 2
left_child=-1 -2 4 -4 5 6 8 -7 9 -3 -5 -6 -13
right_child=1 2 3 10 11 7 -8 -9 -10 -11 -12 12 -14
leaf_value=1.7903893493873758e-05 -1.9850066282742771e-05 5.8988144282605721e-07 1.5267238455862753e-05 1.1461667900841182e-06 -3.6743476331279309e-07 1.0049747668290366e-05 -8.1072926399844178e-06 -8.5871173241528218e-07 5.1216649707283876e-06 -1.5467275580750903e-06 -5.6680673287701207e-06 -8.4288818558516965e-06 -2.2850699759260348e-06
leaf_weight=22 20 357 22 22 26 20 23 29 27 214 20 22 25
leaf_count=22 20 357 22 22 26 20 23 29 27 214 20 22 25
internal_value=-4.68205e-14 -4.76283e-07 3.86075e-09 3.87084e-06 -3.2923e-07 1.11903e-08 -2.71489e-07 3.59372e-06 2.98878e-08 -2.10879e-07 -2.09871e-06 -3.45364e-06 -5.1609e-06
internal_weight=849 827 807 64 743 670 621 49 598 571 42 73 47
internal_count=849 827 807 64 743 670 621 49 598 571 42 73 47
is_linear=0
shrinkage=0.3


Tree=219
num_leaves=14
num_cat=0
split_feature=21 7 2 10 27 14 13 27 13 9 7 3 12
split_gain=8.41363e-08 8.08855e-08 9.26308e-09 5.36395e-08 7.94852e-09 6.85394e-09 5.0555e-09 1.55325e-08 7.38443e-09 8.1629e-09 2.329e-08 7.71625e-09 4.68417e-09
threshold=0.046590000000000006 -0.016001680032316123 3.8720006610055751 0.87326327087974243 0.68183950000000004 0.01177862460627401 0.0081302358251049683 0.81439550000000016 0.0088167475844485883 0.0033873094198558933 0.0024906544293082093 3.6733040809631352 0.00020060604848343998
decision_type=2 2 2 2 2 2 2 2 2 2 2 2 2
left_child=-1 -2 4 12 5 -3 7 -6 -8 10 -10 -11 -4
right_child=1 2 3 -5 6 -7 8 -9 9 11 -12 -13 -14
leaf_value=1.875273624136753e-05 -1.8856590401940465e-05 -6.5386918694540247e-06 4.5101514667924042e-07 1.6514569877585928e-05 -1.4584561341635104e-06 1.2425247177816346e-07 -5.8065336004022222e-06 9.3347780517660787e-06 6.5380762744273216e-06 -1.6375732187209983e-06 -3.9585643321515819e-06 6.7989349928548544e-07 -5.1959626625830426e-06
leaf_weight=21 21 33 39 20 30 24 21 20 52 269 30 249 20
leaf_count=21 21 33 39 20 30 24 21 20 52 269 30 249 20
internal_value=2.17585e-14 -4.75613e-07 2.70255e-09 3.08812e-06 -3.32116e-07 -3.73324e-06 -4.31982e-08 2.85884e-06 -2.76856e-07 -8.33178e-08 2.69784e-06 -5.23579e-07 -1.46321e-06
internal_weight=849 828 807 79 728 57 671 50 621 600 82 518 59
internal_count=849 828 807 79 728 57 671 50 621 600 82 518 59
is_linear=0
shrinkage=0.3


Tree=220
num_leaves=18
num_cat=0
split_feature=7 21 27 23 2 5 12 1 3 11 11 22 17 19 11 4 20
split_gain=7.84137e-08 8.26491e-08 8.19103e-09 4.45241e-08 5.43201e-09 1.29659e-08 5.51459e-09 1.08689e-08 9.2972e-09 7.09943e-09 1.39669e-08 3.60689e-08 1.07374e-08 1.93399e-08 1.13388e-08 7.72792e-09 4.28991e-09
threshold=-0.016001680032316123 0.046590000000000006 0.67494300000000007 0.61250000000000016 3.8712703884100197 1.0000000180025095e-35 0.0029298939472750872 3.8274008979912995 3.6074265241622929 63.245575267405769 53.846308331936065 0.37231500000000001 0.0023808934520945786 -0.008347499999999999 69.999971486088086 29897700.000000004 0.24519600000000003
decision_type=2 2 2 2 2 2 2 2 2 2 2 2 2 2 2 2 2
left_child=-1 -2 3 -3 6 16 9 8 -8 10 15 -12 13 -11 -14 -4 -6
right_child=1 2 4 -5 5 -7 7 -9 -10 12 11 -13 14 -15 -16 -17 -18
leaf_value=1.7676848106582743e-05 -1.9520867212179383e-05 -3.1722113676250152e-06 -7.626795005955461e-07 1.4396943717136828e-05 -2.0144980589101088e-06 -7.2677604350701579e-06 1.7504405829121033e-06 -2.952481179363531e-06 9.8587377340209056e-06 -9.5627916834928315e-06 -1.5402492029655454e-06 1.3292837178596526e-05 -6.0965815691815807e-06 1.5739872805931515e-06 1.6373471009058591e-06 4.1822028126056641e-06 3.7504808566219644e-06
leaf_weight=22 20 34 345 21 26 32 35 24 20 36 36 25 22 23 76 31 21
leaf_count=22 20 34 345 21 26 32 35 24 20 36 36 25 22 23 76 31 21
internal_value=-3.98958e-15 -4.70243e-07 1.8918e-09 3.53601e-06 -2.56588e-07 -2.60994e-06 1.96601e-08 2.37444e-06 4.69891e-06 -2.93517e-07 3.28137e-07 4.53888e-06 -2.02385e-06 -5.22134e-06 -9.8841e-08 -3.5499e-07 5.61344e-07
internal_weight=849 827 807 55 752 79 673 79 55 594 437 61 157 59 98 376 47
internal_count=849 827 807 55 752 79 673 79 55 594 437 61 157 59 98 376 47
is_linear=0
shrinkage=0.3


Tree=221
num_leaves=14
num_cat=0
split_feature=21 7 20 20 27 17 6 10 11 10 26 26 27
split_gain=8.14574e-08 7.78665e-08 8.80253e-09 4.08992e-08 7.02764e-09 4.35523e-09 1.00793e-08 3.24887e-08 1.48195e-08 8.47387e-09 8.0455e-09 1.60572e-08 1.12535e-08
threshold=0.046590000000000006 -0.016001680032316123 0.52578000000000003 0.48912050000000001 0.82431750000000015 0.0048840074730641869 -0.0025031981487772669 -0.90079470266479811 35.29417130189217 0.40718732780004313 0.73967250000000007 0.70789550000000012 0.81362550000000011
decision_type=2 2 2 2 2 2 2 2 2 2 2 2 2
left_child=-1 -2 3 5 -4 10 8 -8 -7 -9 11 12 -3
right_child=1 2 4 -5 -6 6 7 9 -10 -11 -12 -13 -14
leaf_value=1.8451779702185635e-05 -1.8502667392437745e-05 -9.7686617941405972e-07 -7.1100324602310936e-06 1.3324881211117048e-05 -3.8430762601663069e-07 7.9913120193902447e-06 -1.3971528950946776e-05 2.8010555328107425e-06 -2.1895155101454352e-06 -2.8712642436598149e-06 4.5803946510685559e-06 -8.1243977449828106e-06 1.8836787103529547e-06
leaf_weight=21 21 268 27 21 29 22 20 38 31 63 37 21 230
leaf_count=21 21 268 27 21 29 22 20 38 31 63 37 21 230
internal_value=5.95877e-14 -4.6798e-07 1.32428e-09 2.71883e-07 -3.62707e-06 -1.03614e-07 -1.41348e-06 -2.92463e-06 2.03649e-06 -7.37124e-07 3.0631e-07 1.60619e-09 3.44269e-07
internal_weight=849 828 807 751 56 730 174 121 53 101 556 519 498
internal_count=849 828 807 751 56 730 174 121 53 101 556 519 498
is_linear=0
shrinkage=0.3


Tree=222
num_leaves=14
num_cat=0
split_feature=7 21 2 7 6 20 19 6 12 11 14 9 8
split_gain=7.61574e-08 7.99478e-08 6.99782e-09 4.23021e-08 1.09055e-08 8.6844e-09 8.39369e-09 5.56239e-09 3.92388e-09 4.65718e-09 6.62234e-09 2.23031e-08 5.86539e-09
threshold=-0.016001680032316123 0.046590000000000006 3.8720006610055751 0.004556035458710278 -0.0021120926958983267 0.48912050000000001 0.39585750000000003 0.0023782412029220595 0.0054863007686918588 93.750218437386636 0.0070921917859332806 0.0033503146246932221 0.014778733746507839
decision_type=2 2 2 2 2 2 2 2 2 2 2 2 2
left_child=-1 -2 5 4 -4 8 -7 -8 9 10 11 -3 -12
right_child=1 2 3 -5 -6 6 7 -9 -10 -11 12 -13 -14
leaf_value=1.7420670283482566e-05 -1.9200141352442303e-05 3.62409974362284e-06 4.1274055774920269e-06 1.4606062416078201e-05 -4.3911962836175105e-06 -8.0471961027228641e-06 2.6067441316968138e-06 -4.3059974382748056e-06 3.9764660176512157e-06 -3.685248290616249e-06 3.4838249705982983e-08 -7.8517249470775947e-06 2.9405344032322014e-06
leaf_weight=22 20 27 21 20 38 24 20 22 22 31 475 35 72
leaf_count=22 20 27 21 20 38 24 20 22 22 31 475 35 72
internal_value=-2.43367e-14 -4.63428e-07 9.26964e-10 2.68267e-06 -1.35915e-06 -2.90087e-07 -3.57166e-06 -1.01422e-06 3.70793e-08 -9.83371e-08 8.42479e-08 -2.85419e-06 4.17306e-07
internal_weight=849 827 807 79 59 728 66 42 662 640 609 62 547
internal_count=849 827 807 79 59 728 66 42 662 640 609 62 547
is_linear=0
shrinkage=0.3


Tree=223
num_leaves=19
num_cat=0
split_feature=21 7 14 10 7 23 18 3 11 22 26 9 14 15 12 10 12 0
split_gain=7.88419e-08 7.5153e-08 1.00862e-08 9.03065e-08 1.08508e-08 1.45636e-08 9.51892e-09 6.40636e-09 6.70692e-09 5.15493e-09 1.13215e-08 1.26589e-08 1.02945e-08 9.93253e-09 1.11475e-08 1.20578e-08 9.8312e-09 9.24986e-09
threshold=0.046590000000000006 -0.016001680032316123 0.0072639153894627677 0.92091820888639353 1.0000000180025095e-35 0.26785700000000007 -0.060524943698234669 3.9144735336303715 62.678729298756529 0.25930300000000006 0.32551100000000005 0.002735654392430746 0.0086768223384624324 0.0071684622077452008 0.0012803538461581825 0.20387185005997704 -0.00010687672159984311 3.7205211090189989
decision_type=2 2 2 2 2 2 2 2 2 2 2 2 2 2 2 2 2 2
left_child=-1 -2 3 4 5 -3 -6 9 -9 13 -11 -12 -13 14 16 -16 -4 -15
right_child=1 2 7 -5 6 -7 -8 8 -10 10 11 12 -14 17 15 -17 -18 -19
leaf_value=1.8153132998577348e-05 -1.817806866841108e-05 7.3459184001478658e-06 -1.7142747640498538e-06 2.0432766567474963e-05 -5.4383563023153472e-07 -2.1946598375658746e-06 -9.0226997742284069e-06 5.8776700541329773e-07 -6.458710349064742e-06 6.6546758171170954e-06 -5.9576914975815293e-06 7.176286712820001e-06 1.5525513642563518e-07 7.3635416859880413e-06 7.169320945519887e-06 -2.1410300552170448e-06 -6.8592640644737911e-06 -1.651259393327109e-06
leaf_weight=21 21 24 97 21 26 36 22 20 31 25 29 20 312 21 21 31 51 20
leaf_count=21 21 24 97 21 26 36 22 20 31 25 29 20 312 21 21 31 51 20
internal_value=-1.26366e-14 -4.60406e-07 6.4887e-10 2.43212e-06 -1.06801e-06 1.62157e-06 -4.42998e-06 -4.61976e-07 -3.69539e-06 -1.98971e-07 4.80723e-07 5.31642e-08 5.78209e-07 -1.28761e-06 -2.15962e-06 1.61892e-06 -3.48721e-06 2.96608e-06
internal_weight=849 828 807 129 108 60 48 678 51 627 386 361 332 241 200 52 148 41
internal_count=849 828 807 129 108 60 48 678 51 627 386 361 332 241 200 52 148 41
is_linear=0
shrinkage=0.3


Tree=224
num_leaves=16
num_cat=0
split_feature=7 27 20 14 27 10 6 19 25 10 27 15 15 6 14
split_gain=7.38304e-08 7.80075e-08 8.16671e-09 4.63114e-08 6.04882e-09 5.03147e-09 1.17016e-08 1.28573e-08 7.59231e-09 6.41934e-09 1.34344e-08 1.04654e-08 7.86686e-09 6.18976e-09 2.92877e-09
threshold=-0.016001680032316123 0.93668350000000011 0.5130205000000001 0.010638288158590711 0.63168500000000016 -1.2303733917264503 -0.0024782668731986837 -0.070122999999999991 0.47222200000000009 -1.0349745315592944 0.81503100000000017 -0.0071174410274521495 -0.0048840074730641557 0.0048251409412686077 0.014634132725648912
decision_type=2 2 2 2 2 2 2 2 2 2 2 2 2 2 2
left_child=-1 2 4 -4 -2 6 8 -8 -6 10 -7 13 -13 -11 -5
right_child=1 -3 3 14 5 9 7 -9 -10 11 -12 12 -14 -15 -16
leaf_value=1.7152465315720374e-05 -4.7636559578187683e-06 -1.8507018077278709e-05 1.4433456733410243e-05 -4.7982701104224954e-06 9.77101487623341e-07 7.4907889534693416e-07 -4.2618013993616772e-06 5.0938683551748913e-06 8.4244712460141663e-06 8.0422253436803919e-06 -9.2379283699983706e-06 -6.3578297852018288e-06 -2.8895685574932001e-07 7.5833264564347955e-07 1.6558200911731545e-07
leaf_weight=22 26 21 22 23 22 27 39 20 28 21 22 20 495 21 20
leaf_count=22 26 21 22 23 22 27 39 20 28 21 22 20 495 21 20
internal_value=3.35939e-15 -4.56293e-07 1.40113e-08 3.23827e-06 -2.68818e-07 -1.0537e-07 1.77109e-06 -1.09039e-06 5.14763e-06 -4.42884e-07 -3.73488e-06 -1.53283e-07 -5.24641e-07 4.40028e-06 -2.4895e-06
internal_weight=849 827 806 65 741 715 109 59 50 606 49 557 515 42 43
internal_count=849 827 806 65 741 715 109 59 50 606 49 557 515 42 43
is_linear=0
shrinkage=0.3


Tree=225
num_leaves=13
num_cat=0
split_feature=8 7 5 13 13 10 27 10 18 27 20 21
split_gain=7.57978e-08 2.329e-07 1.07454e-07 1.90658e-08 3.45344e-08 2.46112e-08 2.01176e-08 1.69591e-08 1.37518e-08 3.27295e-08 6.37691e-09 7.65759e-09
threshold=-0.022989551965278649 -0.014167929377433873 -1.0000000180025095e-35 0.0080475176615694231 0.0089441213232993953 -0.82339973378008646 0.80360150000000019 -1.3034230432316563 -0.93880741329530648 0.93106800000000012 0.024633500000000006 0.07234800000000001
decision_type=2 2 2 2 2 2 2 2 2 2 2 2
left_child=2 -2 7 5 -5 -3 -7 -1 -6 10 -10 -12
right_child=1 3 -4 4 8 6 -8 -9 9 -11 11 -13
leaf_value=-7.3483896666662721e-06 3.1958246251763611e-05 3.7039106450720281e-06 -2.8216010369987999e-05 9.4372527333537927e-06 -6.7339403813093668e-06 -2.5734663970731413e-06 -1.540305599664035e-05 4.8580655061414292e-06 -5.2235957313810515e-06 1.2122747658622757e-05 -5.794107811993854e-06 1.7677981794524443e-07
leaf_weight=21 21 20 20 36 27 22 22 20 22 20 20 578
leaf_count=21 21 20 20 36 27 22 22 20 22 20 20 578
internal_value=-6.48177e-14 7.88674e-07 -1.01881e-05 -6.47303e-08 3.86568e-07 -5.02196e-06 -8.98826e-06 -1.39402e-06 -1.01925e-07 1.77863e-07 -2.07456e-07 -2.29154e-08
internal_weight=849 788 61 767 703 64 44 41 667 640 620 598
internal_count=849 788 61 767 703 64 44 41 667 640 620 598
is_linear=0
shrinkage=0.3


Tree=226
num_leaves=23
num_cat=0
split_feature=26 7 6 13 10 10 25 4 9 13 14 29 16 14 20 20 4 25 22 26 17 17
split_gain=5.77003e-08 1.18518e-07 1.01247e-08 5.43278e-08 1.0067e-08 1.31978e-08 1.10397e-08 1.27783e-08 6.63766e-09 8.94686e-09 1.01844e-08 1.18341e-08 7.63432e-09 1.56377e-08 1.47957e-08 1.1742e-08 1.05232e-08 1.88571e-08 9.76968e-09 6.09556e-09 5.5495e-09 6.527e-09
threshold=0.8999640000000001 -0.014167929377433873 0.0025316937033610042 0.0090572175149746404 -0.72103197375889272 -0.23176262773194664 0.61250000000000016 12807250.000000002 0.0024158998477694423 0.010209800695436219 0.0096385448033311002 3.5000000000000004 0.0023584322133207436 0.011682286982201348 0.13372800000000004 0.21761100000000003 11463450.000000002 0.47222200000000009 0.26364850000000006 0.38493800000000006 0.0021668678900871696 0.0023810069847564697
decision_type=2 2 2 2 2 2 2 2 2 2 2 2 2 2 2 2 2 2 2 2 2 2
left_child=1 -1 8 -4 -5 -6 7 -7 19 10 20 -12 13 15 -15 -11 18 -18 -14 -3 -10 -22
right_child=-2 2 3 4 5 6 -8 -9 9 12 11 -13 16 14 -16 -17 17 -19 -20 -21 21 -23
leaf_value=-1.8601874445824165e-05 1.5163448109557397e-05 -1.1275964094569313e-06 1.6517664685774694e-05 5.5322209002570747e-06 -7.5872708828228495e-06 6.3291724675178349e-06 -4.5226664550198382e-06 -1.3016314770983955e-07 3.3389653806027905e-06 -9.8726743348818449e-06 -1.1200326698355769e-06 -1.0695074184223604e-05 2.5186207430749614e-06 6.5119436082265263e-06 -2.6729185817119187e-06 -1.0006931443058419e-06 -7.0977860946623666e-07 5.2389769209710033e-06 -5.0368048243589602e-06 5.3191573856152404e-06 -6.7394110959639874e-06 -4.3876660620568194e-08
leaf_weight=31 22 22 21 31 20 39 31 94 21 29 21 26 24 27 38 25 104 89 43 33 20 38
leaf_count=31 22 22 21 31 20 39 31 94 21 29 21 26 24 27 38 25 104 89 43 33 20 38
internal_value=1.56445e-14 -4.03381e-07 3.05355e-07 1.95349e-06 5.30945e-07 -3.11661e-07 5.75608e-07 1.76393e-06 -3.89218e-07 -7.30073e-07 -2.92008e-06 -6.41686e-06 -1.9975e-09 -1.99221e-06 1.14233e-06 -5.76528e-06 9.08909e-07 2.03343e-06 -2.33038e-06 2.74046e-06 -8.39712e-07 -2.35268e-06
internal_weight=849 827 796 236 215 184 164 133 560 505 126 47 379 119 65 54 260 193 67 55 79 58
internal_count=849 827 796 236 215 184 164 133 560 505 126 47 379 119 65 54 260 193 67 55 79 58
is_linear=0
shrinkage=0.3


Tree=227
num_leaves=14
num_cat=0
split_feature=12 7 20 13 13 8 16 22 5 15 9 26 9
split_gain=4.6034e-08 1.56689e-07 8.11633e-08 1.23848e-08 2.50755e-08 2.16361e-08 8.92039e-09 6.61166e-09 2.11273e-08 1.67163e-08 7.20219e-09 1.37623e-08 1.07931e-08
threshold=-0.0054142107985138306 -0.014761434913422642 0.022167000000000003 0.0080988132908970164 0.0089441213232993953 0.0042826839790869918 0.0023865756343953719 0.59529350000000003 0.0023121726673242609 -0.0045766547941121487 0.010824635198600602 0.50986150000000008 0.0086574927703930143
decision_type=2 2 2 2 2 2 2 2 2 2 2 2 2
left_child=-1 -2 -3 5 -5 6 -4 10 9 -9 12 -12 -6
right_child=1 2 3 4 7 -7 -8 8 -10 -11 11 -13 -14
leaf_value=-1.4222279687601257e-05 2.5322929704171571e-05 -1.8309508024055336e-05 3.9667482291821688e-06 9.0117815045687162e-06 -1.8875522699232162e-07 -1.2015218096834701e-05 -4.585217954757224e-06 4.1727085554948245e-06 8.8103761319115941e-06 -7.5342520355141979e-06 1.9734512682566385e-07 -6.3298860758866637e-06 4.0458288801407007e-06
leaf_weight=20 22 22 23 30 429 20 21 23 31 21 79 46 62
leaf_count=20 22 22 23 30 429 20 21 23 31 21 79 46 62
internal_value=-3.94941e-14 3.43119e-07 -3.37867e-07 1.65797e-07 5.20817e-07 -3.83373e-06 -1.14872e-07 1.52179e-07 2.81166e-06 -1.4147e-06 -1.71622e-07 -2.20468e-06 3.45958e-07
internal_weight=849 829 807 785 721 64 44 691 75 44 616 125 491
internal_count=849 829 807 785 721 64 44 691 75 44 616 125 491
is_linear=0
shrinkage=0.3


Tree=228
num_leaves=17
num_cat=0
split_feature=27 7 8 19 14 3 6 19 20 19 7 23 19 4 21 22
split_gain=4.19487e-08 1.16927e-07 9.1642e-09 9.15965e-09 1.25505e-08 7.72851e-09 3.37355e-08 5.21732e-09 4.84148e-09 5.54472e-09 5.29644e-09 6.60996e-09 1.55168e-08 1.15762e-08 4.34147e-09 3.22531e-09
threshold=0.93668350000000011 -0.016001680032316123 -0.01923141352130911 -0.33917549999999996 0.014760155649440948 3.8893508911132817 0.009049669046665253 0.12877350000000001 0.48912050000000001 0.39585750000000003 -0.010718181217164932 0.34848450000000003 -0.13718499999999997 11985900.000000002 0.46283150000000006 0.040381500000000008
decision_type=2 2 2 2 2 2 2 2 2 2 2 2 2 2 2 2
left_child=1 -1 3 -3 -5 8 7 14 10 -10 -4 13 -13 -12 -7 -11
right_child=-2 2 5 4 -6 6 -8 -9 9 15 11 12 -14 -15 -16 -17
leaf_value=-2.244351664038342e-05 1.2929100735577363e-05 8.238985295694334e-06 -4.0426414216199191e-06 5.4194305423354515e-06 -4.233442299747284e-06 -1.7468053515172373e-06 1.3373156283478237e-05 -4.6300089382254681e-06 -6.3923445013642777e-06 -3.4503337190017189e-06 1.68020707188385e-06 7.0456650094049179e-06 2.0331034754896147e-07 -2.0009691372654226e-06 4.3603382630408304e-06 1.8728881189287805e-06
leaf_weight=21 22 24 30 27 22 22 20 21 25 20 116 36 174 228 20 21
leaf_count=21 22 24 30 27 22 22 20 21 25 20 116 36 174 228 20 21
internal_value=1.43263e-14 -3.43942e-07 2.31853e-07 3.43732e-06 1.08549e-06 -8.73818e-08 2.63867e-06 -7.69097e-07 -4.35478e-07 -2.87098e-06 -1.60233e-07 5.00054e-08 1.37629e-06 -7.59642e-07 1.16136e-06 -7.23805e-07
internal_weight=849 827 806 73 49 733 83 63 650 66 584 554 210 344 42 41
internal_count=849 827 806 73 49 733 83 63 650 66 584 554 210 344 42 41
is_linear=0
shrinkage=0.3


Tree=229
num_leaves=17
num_cat=0
split_feature=7 27 7 7 6 18 1 4 20 12 20 26 6 15 13 4
split_gain=4.17879e-08 9.01482e-08 5.74613e-09 1.24894e-08 8.88634e-08 1.06543e-08 1.00264e-08 7.74753e-09 1.00705e-08 8.44238e-09 7.47982e-09 7.36396e-09 6.43405e-09 7.65865e-09 8.44299e-09 7.58029e-09
threshold=-0.016001680032316123 0.93668350000000011 0.0072815834399944804 0.004678429815725838 0.0025316937033610042 0.94650712472845855 3.7197675187664196 25978250.000000004 0.34093050000000008 6.9254927042691566e-05 0.17764000000000005 0.47417200000000004 -0.011752101661371127 0.015023225327605668 0.010209800695436219 21545700.000000004
decision_type=2 2 2 2 2 2 2 2 2 2 2 2 2 2 2 2
left_child=-1 2 3 5 6 12 11 8 9 -4 -11 -5 15 14 -14 -2
right_child=1 -3 7 4 -6 -7 -8 -9 -10 10 -12 -13 13 -15 -16 -17
leaf_value=1.2904285073421885e-05 -6.7847409013666038e-07 -1.9747895656304794e-05 -6.612160459203901e-06 -8.6904759689332424e-06 2.0796852377965738e-05 6.364623602226145e-06 3.6066782627131033e-06 -6.3200737617290335e-06 4.7018318500704475e-06 3.3822900768932922e-06 -4.2722453849819431e-06 -5.4949120517733266e-07 -2.0160718082706807e-06 -5.7305491537817948e-06 5.8825917754847446e-07 7.5812247905560067e-06
leaf_weight=22 20 21 26 20 21 23 20 26 25 27 20 20 165 24 349 20
leaf_count=22 20 21 26 20 21 23 20 26 25 27 20 20 165 24 349 20
internal_value=-3.30415e-15 -3.43282e-07 1.62297e-07 5.03852e-07 4.00084e-06 3.25437e-08 -1.87776e-06 -1.71625e-06 -4.94831e-07 -2.27451e-06 1.25041e-07 -4.61998e-06 -2.19425e-07 -4.92347e-07 -2.47761e-07 3.45138e-06
internal_weight=849 827 806 682 81 601 60 124 98 73 47 40 578 538 514 40
internal_count=849 827 806 682 81 601 60 124 98 73 47 40 578 538 514 40
is_linear=0
shrinkage=0.3


Tree=230
num_leaves=11
num_cat=0
split_feature=27 7 6 6 14 7 18 12 14 8
split_gain=5.29764e-08 8.82133e-08 6.77656e-09 3.04206e-08 7.06008e-09 1.47878e-08 6.99575e-09 5.91833e-09 4.21619e-09 5.73789e-09
threshold=0.93668350000000011 -0.016001680032316123 0.011919266186284966 0.0096386474929145618 0.022641839863182928 -0.0042552647985529728 -0.66996290800373104 0.0039858513465150548 0.019777543510304627 0.017564636249076959
decision_type=2 2 2 2 2 2 2 2 2 2
left_child=1 -1 3 4 7 -6 -4 8 9 -3
right_child=-2 2 6 -5 5 -7 -8 -9 -10 -11
leaf_value=-1.9581747177913454e-05 1.4529483953331444e-05 4.0182815156610977e-07 1.412730196242202e-06 1.064636653063644e-05 9.006998944294725e-06 -1.5334729428673197e-06 -5.4100752098849481e-06 -3.9909128081679531e-06 -4.025247531326608e-06 -2.7833585172284563e-06
leaf_weight=21 22 559 21 25 23 25 38 36 23 56
leaf_count=21 22 559 21 25 23 25 38 36 23 56
internal_value=6.2711e-14 -3.86516e-07 1.13608e-07 3.58077e-07 1.83443e-09 3.51717e-06 -2.98162e-06 -2.48516e-07 -3.73461e-08 1.11795e-07
internal_weight=849 827 806 747 722 48 59 674 638 615
internal_count=849 827 806 747 722 48 59 674 638 615
is_linear=0
shrinkage=0.3


Tree=231
num_leaves=17
num_cat=0
split_feature=7 27 14 11 12 6 17 7 9 12 7 23 12 10 4 14
split_gain=5.23431e-08 7.584e-08 5.11025e-09 5.00625e-08 1.79014e-08 6.50608e-09 6.14502e-09 5.01788e-09 1.75134e-08 1.71069e-08 8.88459e-09 8.09099e-09 5.46696e-09 1.62245e-08 7.29465e-09 3.95444e-09
threshold=-0.016001680032316123 0.93668350000000011 0.007034056342246563 66.666703958948673 -0.00032180036232318292 0.0097087424534737701 0.0043103606400567577 -0.006802838505338262 0.0090475967159469994 -0.0002052181751346321 -0.0048840279535786709 0.34848450000000003 -0.00016647113660503272 -0.1039710039933041 9835000.0000000019 0.014634132725648912
decision_type=2 2 2 2 2 2 2 2 2 2 2 2 2 2 2 2
left_child=-1 2 3 4 -2 7 -7 8 9 11 -9 -4 14 -14 -12 -8
right_child=1 -3 5 -5 -6 6 15 10 -10 -11 12 -13 13 -15 -16 -17
leaf_value=1.4442370869263949e-05 2.812661023199325e-06 -1.8182371786679141e-05 4.4761777979423248e-07 1.5304646458105252e-05 -7.9423584259949654e-06 -5.7081597867636445e-06 -3.2368198649887091e-06 -5.6258741268449672e-06 1.0037622670751034e-05 -5.1335873029694819e-06 -6.2491878652663628e-06 8.3480100683885891e-06 3.8362577268142352e-06 -7.6001285100879554e-07 -4.99406744335645e-07 2.5851388305194888e-06
leaf_weight=22 30 21 28 20 26 35 21 26 20 33 22 20 108 192 204 21
leaf_count=22 30 21 28 20 26 35 21 26 20 33 22 20 108 192 204 21
internal_value=7.87003e-16 -3.84198e-07 7.95256e-08 2.42068e-06 -2.18074e-06 -1.64211e-07 -2.77235e-06 1.43334e-07 2.0875e-06 1.24508e-07 -2.12392e-07 3.73945e-06 5.51944e-08 8.94645e-07 -1.05912e-06 -3.25841e-07
internal_weight=849 827 806 76 56 730 77 653 101 81 552 48 526 300 226 42
internal_count=849 827 806 76 56 730 77 653 101 81 552 48 526 300 226 42
is_linear=0
shrinkage=0.3


Tree=232
num_leaves=24
num_cat=0
split_feature=27 7 6 9 0 14 14 7 7 15 27 9 13 7 10 8 10 14 12 22 18 13 10
split_gain=5.78299e-08 7.4465e-08 5.53861e-09 3.42034e-08 4.5506e-09 4.12689e-09 9.34706e-09 2.93626e-08 8.54762e-09 1.63059e-08 1.16742e-08 9.37328e-09 7.42579e-09 7.54247e-09 6.38745e-09 9.89102e-09 9.7425e-09 8.35019e-09 1.09949e-08 7.66718e-09 6.1058e-09 5.17888e-09 3.49767e-09
threshold=0.93668350000000011 -0.016001680032316123 0.01160121495900907 0.0092764919300493565 3.7665508785929838 0.0095579497010814824 0.010191221740925582 0.0023782412029220595 -0.0045146751444974922 -0.0022753137021885345 0.83440600000000009 0.00682748062424936 0.010489772798815361 -0.0024301749071067931 -0.4113706546211135 -0.0024038230112810293 -0.19949073513165402 0.0069930003861380418 -0.00070115337100326222 0.52407500000000018 -0.013268185937511518 0.0090572175149746404 -1.0000000180025095e-35
decision_type=2 2 2 2 2 2 2 2 2 2 2 2 2 2 2 2 2 2 2 2 2 2 2
left_child=1 -1 5 -4 -5 14 7 20 9 10 -8 -11 22 -14 15 17 -16 -3 -19 21 -7 -18 -10
right_child=-2 2 3 4 -6 6 8 -9 12 11 -12 -13 13 -15 16 -17 19 18 -20 -21 -22 -23 -24
leaf_value=-1.8039933976459517e-05 1.5180464697550632e-05 -6.0503100871756037e-06 1.3033553875629877e-05 9.4506487329226725e-07 -5.1020253766052645e-06 1.212745760881262e-06 -4.723592376256027e-06 9.5334887769363494e-06 -1.7109171108131705e-06 9.1122513728967006e-06 4.2725483046979205e-06 1.1190788392883878e-06 -6.0438449509092605e-06 4.2267416233698896e-08 -8.2746724168763255e-06 6.4251757934967328e-06 -5.7326212788666454e-06 -2.5030019884297871e-06 6.447156574397793e-06 3.6643257475509963e-06 -5.7594539953242931e-06 -1.2168897455921977e-06 -7.0336127752170786e-06
leaf_weight=21 22 20 20 24 21 26 37 37 20 31 20 23 20 219 21 22 30 30 21 23 20 96 25
leaf_count=21 22 20 20 24 21 26 37 37 20 31 20 23 20 219 21 22 30 30 21 23 20 96 25
internal_value=-2.9185e-14 -4.03833e-07 5.56679e-08 2.71092e-06 -1.87691e-06 -1.77249e-07 3.47906e-07 3.24194e-06 -2.60208e-07 1.97204e-06 -1.56705e-06 5.70775e-06 -1.13267e-06 -4.67031e-07 -1.13171e-06 8.67182e-07 -2.22523e-06 -8.55014e-07 1.18236e-06 -1.37262e-06 -1.81865e-06 -2.29206e-06 -4.66797e-06
internal_weight=849 827 806 65 45 741 478 83 395 111 57 54 284 239 263 93 170 71 51 149 46 126 45
internal_count=849 827 806 65 45 741 478 83 395 111 57 54 284 239 263 93 170 71 51 149 46 126 45
is_linear=0
shrinkage=0.3


Tree=233
num_leaves=15
num_cat=0
split_feature=7 21 20 8 6 6 4 13 22 13 6 24 21 24
split_gain=5.6981e-08 6.95793e-08 6.31256e-09 3.04785e-08 4.96567e-09 5.78146e-09 5.00785e-09 3.58299e-09 1.03907e-08 8.90959e-09 6.71035e-09 4.99762e-09 9.66691e-09 8.59075e-09
threshold=-0.016001680032316123 0.046590000000000006 0.5130205000000001 0.01158769918816502 0.0097087424534737701 0.01280422048007214 22504250.000000004 0.0081302358251049683 0.38755100000000003 0.0088167475844485883 -1.0000000180025095e-35 0.18333350000000004 0.36943150000000008 0.15476200000000004
decision_type=2 2 2 2 2 2 2 2 2 2 2 2 2 2
left_child=-1 -2 4 -4 7 -6 -7 8 10 -9 -3 13 -13 -11
right_child=1 2 3 -5 5 6 -8 9 -10 11 -12 12 -14 -15
leaf_value=1.5068634449603863e-05 -1.788041602821977e-05 3.5123446389206949e-06 -2.2379091592330112e-06 1.1862495018083957e-05 -6.2754891662279986e-06 2.4805866854401995e-06 -4.0102729457203168e-06 -5.970617022562098e-06 7.8432993348087617e-06 5.2342087853766969e-07 -4.0802819093890067e-06 -3.9394683881255331e-06 8.0689451861678819e-08 6.6249710846971969e-06
leaf_weight=22 20 20 37 22 25 23 20 23 20 214 22 66 292 23
leaf_count=22 20 20 37 22 25 23 20 23 20 214 22 66 292 23
internal_value=-1.20617e-14 -4.00858e-07 3.234e-08 3.01987e-06 -2.03307e-07 -2.64764e-06 -5.38418e-07 4.11254e-08 2.21527e-06 -1.76993e-07 -4.64745e-07 4.69627e-08 -6.60457e-07 1.11555e-06
internal_weight=849 827 807 59 748 68 43 680 62 618 42 595 358 237
internal_count=849 827 807 59 748 68 43 680 62 618 42 595 358 237
is_linear=0
shrinkage=0.3


Tree=234
num_leaves=25
num_cat=0
split_feature=21 7 16 2 9 15 8 21 16 3 8 13 13 0 3 3 16 16 12 22 8 26 14 27
split_gain=6.33999e-08 6.81944e-08 5.86812e-09 3.65075e-08 1.0248e-08 8.97442e-09 7.9953e-09 7.74692e-09 7.41872e-09 6.7183e-09 1.75433e-08 1.43448e-08 1.73713e-08 8.82944e-09 1.13256e-08 8.61216e-09 7.10524e-09 1.23542e-08 6.41062e-09 1.26474e-08 5.96359e-09 7.07626e-09 6.21837e-09 3.85576e-09
threshold=0.046590000000000006 -0.014167929377433873 1.0000000180025095e-35 3.8720006610055751 0.010583521843582482 -0.0024242437443187047 0.011238362722820248 0.47725650000000003 0.002375351256822643 3.6802949905395512 -0.0048721500514155225 0.0094930069250321481 0.011111081436850899 3.7027621349823732 3.7281047105789189 3.8032938241958623 0.0076433170768234289 0.0050633187012945327 0.0010858122151859949 0.31290350000000006 0.022647614458605754 0.48129500000000008 0.010191221740925582 0.80498800000000015
decision_type=2 2 2 2 2 2 2 2 2 2 2 2 2 2 2 2 2 2 2 2 2 2 2 2
left_child=-1 -2 3 4 5 7 9 23 -8 10 16 -12 -13 -11 -15 -16 17 -4 19 -7 22 -22 -10 -3
right_child=1 2 6 -5 -6 18 8 -9 20 13 11 12 -14 14 15 -17 -18 -19 -20 -21 21 -23 -24 -25
leaf_value=1.6278600420654194e-05 -1.4217621181218889e-05 1.6449139194207874e-06 -5.5827394589869073e-08 1.3687438094507343e-05 4.797707653908998e-06 -1.5064119247654162e-06 -6.1743134050202032e-06 -8.5380485597852384e-06 -7.3049647618251491e-08 -6.151928244854878e-06 1.1626587687487699e-05 -3.8897434069440346e-06 5.73327661383106e-06 6.3111962110237327e-06 -3.9081316554093508e-06 6.063638212529076e-07 4.5162322930991649e-06 -7.3963413261533511e-06 -2.7689026991437356e-06 7.2795394167957868e-06 4.7330065124985866e-06 -2.3358882599495699e-06 -6.2856790332320678e-06 -4.1753586174309017e-06
leaf_weight=21 31 20 100 20 35 30 34 20 29 26 20 25 52 21 61 101 20 26 27 29 26 25 29 21
leaf_count=21 31 20 100 20 35 30 34 20 29 26 20 25 52 21 61 101 20 26 27 29 26 25 29 21
internal_value=3.70411e-14 -4.12863e-07 1.24085e-07 1.52117e-06 1.84222e-07 -9.14227e-07 -3.50221e-07 -3.69746e-06 -2.30538e-06 2.68335e-07 1.34097e-06 4.46823e-06 2.60892e-06 -9.78796e-07 -2.43815e-07 -1.09354e-06 -7.36733e-07 -1.57054e-06 1.05993e-06 2.81211e-06 -1.09855e-06 1.26786e-06 -3.17936e-06 -1.3362e-06
internal_weight=849 828 797 202 182 147 595 61 143 452 243 97 77 209 183 162 146 126 86 59 109 51 58 41
internal_count=849 828 797 202 182 147 595 61 143 452 243 97 77 209 183 162 146 126 86 59 109 51 58 41
is_linear=0
shrinkage=0.3


Tree=235
num_leaves=15
num_cat=0
split_feature=7 21 3 3 10 20 4 21 21 17 18 29 5 12
split_gain=5.20181e-08 6.59445e-08 5.80427e-09 3.23778e-08 4.32767e-09 4.09826e-09 3.52934e-09 6.10888e-09 8.08009e-09 7.97503e-09 6.04905e-09 9.53851e-09 6.40615e-09 3.17519e-09
threshold=-0.016001680032316123 0.046590000000000006 3.9022575616836552 3.884805560112 0.4917237607658605 0.48687200000000003 11090900.000000002 0.22024650000000004 0.27146900000000007 0.0024938225214576142 -0.26310865145772366 2.5000000000000004 -0.0023809921760827965 -0.00035955073373362576
decision_type=2 2 2 2 2 2 2 2 2 2 2 2 2 2
left_child=-1 -2 3 5 -4 6 10 9 -9 -8 12 -12 -3 -7
right_child=1 2 4 -5 -6 13 7 8 -10 -11 11 -13 -14 -15
leaf_value=1.4397471027843328e-05 -1.7399871246652765e-05 -3.2859979027323656e-06 -4.6884785022554677e-07 1.0684915262560735e-05 -5.2176511182492945e-06 1.2328870803281057e-07 -7.751172235672247e-08 -4.0987061102232717e-06 5.4434911278440088e-07 6.7273837811949155e-06 -8.7050686803991081e-06 -9.7487077589582496e-07 2.129428459211753e-06 -4.1316091961849262e-06
leaf_weight=22 20 28 39 26 31 27 31 37 382 31 20 51 66 38
leaf_count=22 20 28 39 26 31 27 31 37 382 31 20 51 66 38
internal_value=-5.6507e-14 -3.83004e-07 3.87274e-08 2.86683e-07 -2.57189e-06 -9.35619e-08 1.34907e-07 5.45603e-07 1.34342e-07 3.32494e-06 -1.06234e-06 -3.15239e-06 5.16323e-07 -2.36419e-06
internal_weight=849 827 807 737 70 711 646 481 419 62 165 71 94 65
internal_count=849 827 807 737 70 711 646 481 419 62 165 71 94 65
is_linear=0
shrinkage=0.3


Tree=236
num_leaves=15
num_cat=0
split_feature=21 7 20 3 3 27 6 3 7 18 7 16 17 20
split_gain=6.24851e-08 6.75104e-08 5.47358e-09 2.31177e-08 4.03319e-09 3.42008e-09 4.16023e-09 3.33763e-09 2.95906e-09 6.94766e-09 6.41662e-09 4.52516e-09 3.73178e-09 2.69237e-09
threshold=0.046590000000000006 -0.016001680032316123 0.5130205000000001 3.8180903196334843 3.8799918889999394 0.74424200000000018 -0.0021120926958983267 3.8585708141326909 -0.009291673930052086 0.12660923424932194 -0.006802838505338262 0.0087258456387167612 0.0024631105967428788 0.20690600000000003
decision_type=2 2 2 2 2 2 2 2 2 2 2 2 2 2
left_child=-1 -2 4 -4 7 -6 -7 8 9 13 12 -12 -10 -3
right_child=1 2 3 -5 5 6 -8 -9 10 -11 11 -13 -14 -15
leaf_value=1.6160733275683013e-05 -1.7202499956121237e-05 2.9026316002500605e-06 -1.4435263945135655e-06 1.1101519688168082e-05 -5.5551965340328023e-06 1.7051502214014493e-06 -3.0878350204287785e-06 3.0011886405067011e-06 5.7428623725692373e-07 -5.9338854862289735e-06 1.2155239766908572e-08 -4.3849760195255076e-06 5.9990218485381778e-06 -2.0199058027259297e-06
leaf_weight=21 21 20 39 20 20 28 39 33 21 25 495 22 25 20
leaf_count=21 21 20 39 20 20 28 39 33 21 25 495 22 25 20
internal_value=7.29373e-15 -4.09874e-07 2.71092e-08 2.80903e-06 -1.92321e-07 -2.11247e-06 -1.0848e-06 6.04078e-08 -9.41237e-08 -2.01066e-06 1.27146e-07 -1.74957e-07 3.52251e-06 4.41363e-07
internal_weight=849 828 807 59 748 87 67 661 628 65 563 517 46 40
internal_count=849 828 807 59 748 87 67 661 628 65 563 517 46 40
is_linear=0
shrinkage=0.3


Tree=237
num_leaves=16
num_cat=0
split_feature=7 26 27 21 2 1 12 10 23 6 6 27 9 22 27
split_gain=5.48489e-08 6.31138e-08 5.68945e-09 3.08584e-08 4.26044e-09 4.10777e-09 3.14875e-09 3.13249e-09 4.40056e-09 3.4951e-09 6.86225e-09 1.28697e-08 6.37512e-09 3.88142e-09 3.84402e-09
threshold=-0.016001680032316123 0.8999640000000001 0.67494300000000007 0.37388050000000006 3.8713717747977525 3.9247501305016894 3.4114743931815048e-05 1.4832403085962171 0.38750000000000007 0.0068183469003711607 0.0025542973351309678 0.8489270000000001 0.0028347881955479441 0.17514650000000004 0.81261000000000017
decision_type=2 2 2 2 2 2 2 2 2 2 2 2 2 2 2
left_child=-1 2 3 -2 7 -6 -7 9 -9 10 12 -12 -4 -11 -15
right_child=1 -3 4 -5 5 6 -8 8 -10 13 11 -13 -14 14 -16
leaf_value=1.4784028266231789e-05 1.2375414444250055e-05 -1.6629636067071778e-05 2.4503982550030781e-06 -2.3966190376865727e-06 -5.7708738578102468e-06 1.4696467121010613e-06 -3.1151664531746192e-06 5.7799388980583892e-06 -4.3794046697647505e-07 1.0026429642741938e-06 2.9087991926246558e-08 8.4232393974161826e-06 -6.9863829155947697e-07 -5.2438067822389284e-06 -8.5295394023588462e-07
leaf_weight=22 20 21 68 35 22 26 28 20 21 33 48 25 388 34 38
leaf_count=22 20 21 68 35 22 26 28 20 21 33 48 25 388 34 38
internal_value=1.694e-14 -3.93287e-07 2.97441e-08 2.97503e-06 -1.85956e-07 -2.31544e-06 -9.07664e-07 5.38077e-08 2.59517e-06 -1.10539e-07 2.03275e-07 2.9038e-06 -2.29045e-07 -1.69157e-06 -2.92641e-06
internal_weight=849 827 806 55 751 76 54 675 41 634 529 73 456 105 72
internal_count=849 827 806 55 751 76 54 675 41 634 529 73 456 105 72
is_linear=0
shrinkage=0.3


Tree=238
num_leaves=13
num_cat=0
split_feature=26 26 4 7 17 6 19 4 12 24 0 20
split_gain=5.62015e-08 6.36578e-08 1.57312e-08 2.81449e-08 1.35289e-08 1.22339e-08 6.35473e-08 5.93666e-09 5.9417e-09 7.75579e-09 5.07321e-09 3.58866e-09
threshold=0.8999640000000001 0.85182500000000017 8460950.0000000019 -0.0047562818469751448 0.0099258225217809058 0.010101122966370548 0.14324800000000001 9121400.0000000019 -0.0042067267004505526 0.53571450000000009 3.7372259495451017 0.17577150000000002
decision_type=2 2 2 2 2 2 2 2 2 2 2 2
left_child=1 2 3 -1 5 7 10 -4 -9 -10 -7 -5
right_child=-2 -3 4 11 -6 6 -8 8 9 -11 -12 -13
leaf_value=-1.3755321460848789e-05 1.4965204414739797e-05 -1.6704289574980586e-05 4.661468537134086e-06 -3.2151250806009558e-06 7.9526610534230703e-06 1.353329796736282e-06 1.7786730709953451e-05 -4.093875330113405e-06 2.3330481763072054e-07 -3.4797365373151477e-06 -4.8365912527095549e-06 1.689605536786734e-06
leaf_weight=20 22 21 22 25 21 22 21 36 528 56 26 29
leaf_count=20 22 21 22 25 21 22 21 36 528 56 26 29
internal_value=2.81807e-14 -3.98107e-07 2.67439e-08 -4.1417e-06 4.48144e-07 2.26492e-07 4.02237e-06 -1.81476e-07 -3.53322e-07 -1.2274e-07 -1.99954e-06 -5.81103e-07
internal_weight=849 827 806 74 732 711 69 642 620 584 48 54
internal_count=849 827 806 74 732 711 69 642 620 584 48 54
is_linear=0
shrinkage=0.3


Tree=239
num_leaves=12
num_cat=0
split_feature=8 8 29 26 6 6 18 7 27 7 7
split_gain=4.5119e-08 1.49727e-07 6.60609e-08 3.84387e-08 1.54462e-08 6.18145e-08 1.77109e-08 7.48803e-09 7.28714e-09 6.44645e-09 5.62971e-09
threshold=-0.026476206164096679 -0.020795121259622754 3.5000000000000004 0.89174200000000015 0.011919266186284966 0.010101122966370548 -0.13529331873285197 -0.010152399047036286 0.80887550000000008 -0.009291673930052086 -0.0067266317596114894
decision_type=2 2 2 2 2 2 2 2 2 2 2
left_child=2 -2 -1 4 5 7 -6 8 -3 -9 -11
right_child=1 3 -4 -5 6 -7 -8 9 -10 10 -12
leaf_value=-2.103976012428823e-05 2.3878588890013929e-05 8.1135072582583232e-06 1.1063907720654243e-06 -1.254139727651901e-05 -7.2031753216163588e-07 1.7009017315032792e-05 -1.1749637327511663e-05 -5.4684008097183321e-06 1.1208491100335647e-07 3.4458442627283144e-06 -2.3491903156532289e-07
leaf_weight=22 24 20 27 22 38 20 20 20 21 40 575
leaf_count=22 24 20 27 22 38 20 20 20 21 40 575
internal_value=-6.62242e-15 5.41253e-07 -8.83678e-06 -1.80521e-07 1.80142e-07 5.72114e-07 -4.52353e-06 8.58154e-08 4.01522e-06 -1.67894e-07 4.48021e-09
internal_weight=849 800 49 776 754 696 58 676 41 635 615
internal_count=849 800 49 776 754 696 58 676 41 635 615
is_linear=0
shrinkage=0.3


Tree=240
num_leaves=14
num_cat=0
split_feature=21 7 8 0 8 13 6 6 27 13 19 22 7
split_gain=5.05454e-08 6.4014e-08 5.86969e-09 1.01581e-08 6.87777e-09 6.6586e-09 1.79737e-08 1.16146e-08 7.50698e-09 6.23444e-09 5.9671e-09 7.31287e-09 4.33938e-09
threshold=0.051922000000000003 -0.016001680032316123 -0.026476206164096679 3.6110182599039118 -0.020024247385942519 0.012091880854307156 0.0094007286155527118 -0.007134562530525166 0.81439550000000016 0.012293160442026234 0.12224650000000002 0.32430100000000006 -0.004333647435904712
decision_type=2 2 2 2 2 2 2 2 2 2 2 2 2
left_child=-1 -2 3 -3 -4 6 7 -6 -9 -7 11 -11 -12
right_child=1 2 4 -5 5 9 -8 8 -10 10 12 -13 -14
leaf_value=1.3289285194332478e-05 -1.675414917242181e-05 8.3790450537435378e-06 -4.870794276712331e-06 -8.6542061225096085e-07 5.7508320093223693e-06 -5.9656077577788622e-06 9.6141506242020096e-06 -1.459475321520666e-06 1.3851062948883591e-06 2.0633485853238653e-06 -6.3468762500238162e-06 -1.2809302699348005e-06 -1.4772046032005853e-06
leaf_weight=25 21 20 27 23 33 21 20 181 155 101 23 141 58
leaf_count=25 21 20 27 23 33 21 20 181 155 101 23 141 58
internal_value=-6.42275e-14 -4.03194e-07 2.44146e-08 3.43433e-06 -1.68515e-07 4.69327e-09 8.54979e-07 3.80227e-07 -1.47243e-07 -9.56822e-07 -6.31173e-07 1.14822e-07 -2.85995e-06
internal_weight=849 824 803 43 760 733 389 369 336 344 323 242 81
internal_count=849 824 803 43 760 733 389 369 336 344 323 242 81
is_linear=0
shrinkage=0.3


Tree=241
num_leaves=24
num_cat=0
split_feature=7 21 18 27 8 22 19 4 12 5 16 5 24 6 6 19 5 16 26 8 15 17 4
split_gain=5.03952e-08 6.30815e-08 6.03824e-09 1.70316e-08 9.44597e-09 7.90031e-09 7.89825e-09 1.24117e-08 1.27191e-08 1.20375e-08 9.87873e-09 7.90194e-09 1.13213e-08 7.882e-09 7.64926e-09 1.49243e-08 9.40314e-09 9.52438e-09 9.50889e-09 6.39664e-09 6.35323e-09 5.71194e-09 4.20715e-09
threshold=-0.016001680032316123 0.046590000000000006 0.077449339647673823 0.67494300000000007 -0.021687806191581876 0.04637900000000001 -0.078337999999999991 16579000.000000002 0.00021837141085684952 -0.0023556392393371387 0.0023584322133207436 -0.0048484764608892712 0.35416650000000005 0.0021551924385574826 -0.0042552647985529728 -0.12711149999999996 0.0050698295140237546 0.0043908227281406363 0.31306450000000002 -0.0074442143812189759 0.002143623103495809 0.0026212340243427245 16123100.000000002
decision_type=2 2 2 2 2 2 2 2 2 2 2 2 2 2 2 2 2 2 2 2 2 2 2
left_child=-1 -2 5 -4 -5 22 7 8 13 -10 -9 -8 19 -7 15 -6 18 -18 -16 -13 -17 -12 -3
right_child=1 2 3 4 14 6 11 10 9 -11 21 12 -14 -15 16 20 17 -19 -20 -21 -22 -23 -24
leaf_value=1.4171101255752464e-05 -1.7020353490124761e-05 -6.9206532699056945e-06 8.8719561003729371e-06 6.7357763373365745e-06 7.5347478416531999e-06 7.464529191789973e-07 5.7811979945507442e-06 -9.6662449013962259e-06 -7.2022894220290545e-06 1.2072926787023507e-07 -5.031881745607178e-06 3.389573471246837e-06 5.0880728617487748e-06 7.2086291361301836e-06 2.5571179679414772e-06 2.4530438736292124e-06 -3.0541314373522253e-07 7.7126629707890967e-06 -3.1237800887836307e-06 -2.2101310961701087e-06 -4.934787058346046e-06 1.6571770976270272e-06 -1.1331328528285667e-06
leaf_weight=22 20 26 23 20 32 53 29 24 31 58 27 23 35 25 33 22 40 20 135 91 20 20 20
leaf_count=22 20 26 23 20 32 53 29 24 31 58 27 23 35 25 33 22 40 20 135 91 20 20 20
internal_value=-3.50235e-14 -3.76982e-07 3.5493e-08 9.85116e-07 4.2177e-07 -6.73641e-07 -2.61112e-07 -1.39159e-06 2.10123e-08 -2.42999e-06 -4.71419e-06 1.25042e-06 3.68596e-07 2.81766e-06 3.62407e-09 2.65383e-06 -8.56529e-07 2.36728e-06 -2.00789e-06 -1.08037e-06 -1.06497e-06 -2.18547e-06 -4.40434e-06
internal_weight=849 827 807 345 322 462 416 238 167 89 71 178 149 78 302 74 228 60 168 114 42 47 46
internal_count=849 827 807 345 322 462 416 238 167 89 71 178 149 78 302 74 228 60 168 114 42 47 46
is_linear=0
shrinkage=0.3


Tree=242
num_leaves=11
num_cat=0
split_feature=21 7 27 27 6 6 22 14 14 21
split_gain=5.40073e-08 5.8248e-08 5.05355e-09 1.24871e-08 6.69108e-09 7.85095e-09 2.62438e-09 2.9592e-09 4.76978e-09 2.15476e-09
threshold=0.046590000000000006 -0.016001680032316123 0.62411500000000009 0.67494300000000007 0.010101122966370548 0.012106630703684959 0.018717500000000001 0.0048076878990645491 0.0064655112614244118 0.49711050000000007
decision_type=2 2 2 2 2 2 2 2 2 2
left_child=-1 -2 -3 -4 6 -6 -5 -8 -9 -7
right_child=1 2 3 4 5 9 7 8 -10 -11
leaf_value=1.50244752002696e-05 -1.5979233908832872e-05 -4.0101974440808084e-06 6.3851564492876729e-06 3.4407236336681468e-06 -7.8914215330883045e-06 -2.6338717412323197e-06 3.6142362205282552e-06 -4.5648970410638865e-06 1.4215995330074848e-07 1.3658081095193417e-06
leaf_weight=21 21 27 28 22 20 27 21 20 620 22
leaf_count=21 21 27 28 22 20 27 21 20 620 22
internal_value=4.50429e-14 -3.81055e-07 2.48451e-08 1.6452e-07 -6.70998e-08 -2.88254e-06 2.1733e-07 1.10046e-07 -4.93558e-09 -8.38097e-07
internal_weight=849 828 807 780 752 69 683 661 640 49
internal_count=849 828 807 780 752 69 683 661 640 49
is_linear=0
shrinkage=0.3


Tree=243
num_leaves=15
num_cat=0
split_feature=7 27 27 27 8 6 6 26 17 6 26 16 27 19
split_gain=5.12499e-08 6.14295e-08 4.74446e-09 1.59457e-08 4.22106e-09 3.80286e-09 4.36138e-09 2.87034e-09 7.82049e-09 7.50149e-09 6.20582e-09 4.52463e-09 4.0051e-09 2.08355e-09
threshold=-0.016001680032316123 0.93668350000000011 0.67143700000000017 0.68783250000000018 0.0092810259875221717 0.0097087424534737701 0.012106630703684959 0.27263000000000009 0.0023668649497229411 -0.0023866474927011845 0.32804600000000006 0.0048661752498319411 0.82836950000000009 0.067593500000000015
decision_type=2 2 2 2 2 2 2 2 2 2 2 2 2 2
left_child=-1 2 4 -4 -2 7 -7 8 12 -10 -9 -12 -5 -8
right_child=1 -3 3 5 -6 6 13 10 9 -11 11 -13 -14 -15
leaf_value=1.42907636638318e-05 -4.7984300408643313e-07 -1.6398405835259056e-05 8.5842738323549382e-06 -7.5142383587945004e-06 -6.0254199719825663e-06 -5.4798087218011418e-06 1.1524595026520695e-06 4.4195902434547164e-06 -2.9287433284884577e-06 3.6862936591811979e-06 -2.819820234488081e-07 1.7275904509303658e-06 -1.510413787428888e-06 -2.8277597078840698e-06
leaf_weight=22 30 21 20 20 21 23 29 34 27 36 390 136 20 20
leaf_count=22 30 21 20 20 21 23 29 34 27 36 390 136 20 20
internal_value=1.81276e-14 -3.80165e-07 3.71833e-08 2.26356e-07 -2.76332e-06 -1.07024e-09 -2.0718e-06 2.23805e-07 -1.23168e-06 8.51278e-07 4.9151e-07 2.37603e-07 -4.51233e-06 -4.7212e-07
internal_weight=849 827 806 755 51 735 72 663 103 63 560 526 40 49
internal_count=849 827 806 755 51 735 72 663 103 63 560 526 40 49
is_linear=0
shrinkage=0.3


Tree=244
num_leaves=28
num_cat=0
split_feature=27 7 17 17 27 1 21 18 20 19 12 12 10 13 12 27 26 3 27 22 6 27 8 11 12 1 21
split_gain=4.78999e-08 5.46258e-08 4.37501e-09 2.98051e-08 1.07293e-08 9.20922e-09 1.8782e-08 6.22164e-09 6.10812e-09 5.63027e-09 7.60353e-09 4.73369e-09 8.16184e-09 1.63473e-08 1.73627e-08 8.243e-09 7.12712e-09 9.04213e-09 8.63236e-09 8.50952e-09 7.66971e-09 6.21032e-09 6.24709e-09 9.40151e-09 6.20235e-09 3.83527e-09 2.97538e-09
threshold=0.93668350000000011 -0.016001680032316123 0.002347471442380838 0.0023256345205247553 0.78857500000000014 3.7856652939428428 0.48288800000000004 0.12660923424932194 0.12643700000000002 0.19523750000000004 -8.5725297271577956e-05 -0.00047900952736346401 -0.19949073513165402 0.012107101336014571 4.1188805136781823e-05 0.78486250000000013 0.6566280000000001 3.8066370487213139 0.76871000000000012 0.17149400000000004 0.0023309797083673231 0.71873700000000007 -0.002369501466185084 58.823385560978316 0.0011200274077550218 3.6999789582241083 0.45164300000000007
decision_type=2 2 2 2 2 2 2 2 2 2 2 2 2 2 2 2 2 2 2 2 2 2 2 2 2 2 2
left_child=1 -1 3 4 7 6 8 25 -6 10 -7 16 13 14 -13 -16 17 18 26 -20 -18 -14 -23 -24 -15 -3 -4
right_child=-2 2 11 -5 5 9 -8 -9 -10 -11 -12 12 21 24 15 -17 20 -19 19 -21 -22 22 23 -25 -26 -27 -28
leaf_value=-1.5472693823020172e-05 1.3815807964916034e-05 -3.651531348428502e-06 -3.0291625898826171e-06 1.2146063513682747e-05 4.5730232272944699e-06 -2.3989263490875601e-06 1.0331077963756898e-05 -5.573700268731348e-06 -2.1953499822302547e-06 -4.9488531630004216e-06 3.8108030575282703e-06 1.268292959593964e-05 -4.4033226456930158e-06 -5.5472158734297094e-06 6.6739296152462648e-06 -1.4271197065122226e-06 -2.1495070055524673e-06 2.5680797108407208e-06 -4.5353900304689884e-07 -7.679706263869237e-06 5.9677466002483468e-06 -4.6997463158504614e-06 5.9748506146206634e-06 -4.2614924069539482e-07 1.419856904328259e-06 1.5346698391609111e-06 2.026645553728072e-06
leaf_weight=21 22 21 20 20 20 35 27 36 30 20 36 20 37 23 20 26 22 24 20 55 20 24 24 148 23 33 22
leaf_count=21 22 21 20 20 20 35 27 36 30 20 36 20 37 23 20 26 22 24 20 55 20 24 24 148 23 33 22
internal_value=1.95387e-14 -3.67531e-07 2.60283e-08 9.89275e-07 1.24408e-07 1.54041e-06 3.95505e-06 -2.51879e-06 5.11999e-07 -5.02754e-07 7.49669e-07 -4.81136e-07 1.73079e-07 2.2777e-06 5.30352e-06 2.09508e-06 -1.71449e-06 -2.7363e-06 -3.82437e-06 -5.75273e-06 1.71585e-06 -8.38586e-07 -1.65651e-07 4.67014e-07 -2.06368e-06 -4.82186e-07 -3.80882e-07
internal_weight=849 827 806 278 258 168 77 90 50 91 71 528 345 112 66 46 183 141 117 75 42 233 196 172 46 54 42
internal_count=849 827 806 278 258 168 77 90 50 91 71 528 345 112 66 46 183 141 117 75 42 233 196 172 46 54 42
is_linear=0
shrinkage=0.3


Tree=245
num_leaves=13
num_cat=0
split_feature=7 27 3 24 27 27 12 22 20 12 12 14
split_gain=5.0929e-08 5.56394e-08 4.27831e-09 2.67994e-08 5.96313e-09 5.65076e-09 4.04443e-09 3.97218e-09 3.25082e-09 2.96966e-09 3.07498e-09 3.34694e-09
threshold=-0.016001680032316123 0.93668350000000011 3.898955345153809 0.11805550000000002 0.68783250000000018 0.66782700000000006 0.0054863007686918588 0.29295150000000009 0.21423250000000002 0.0040559102210091279 0.0029298939472750872 0.0095693692573489073
decision_type=2 2 2 2 2 2 2 2 2 2 2 2
left_child=-1 2 4 -4 5 7 9 -2 -5 10 11 -6
right_child=1 -3 3 8 6 -7 -8 -9 -10 -11 -12 -13
leaf_value=1.4245954315066972e-05 -3.6851870654646991e-06 -1.5623627073832072e-05 1.0421644655522754e-05 1.1280029548288439e-06 -1.0575303298418007e-06 -7.0001470118898264e-06 4.1622137018748616e-06 2.0956555948714594e-06 -3.8436613153705902e-06 -3.3427484112280583e-06 2.8762145554785754e-06 4.3253790890599032e-07
leaf_weight=22 23 21 24 20 211 21 21 20 29 24 33 380
leaf_count=22 23 21 24 20 211 21 21 20 29 24 33 380
internal_value=1.55416e-14 -3.78973e-07 1.82198e-08 2.2084e-06 -1.99902e-07 -2.96639e-06 6.4755e-08 -9.96423e-07 -1.81441e-06 -6.8033e-08 5.79176e-08 -9.94492e-08
internal_weight=849 827 806 73 733 64 669 43 49 648 624 591
internal_count=849 827 806 73 733 64 669 43 49 648 624 591
is_linear=0
shrinkage=0.3


Tree=246
num_leaves=20
num_cat=0
split_feature=27 7 6 26 19 2 21 26 17 22 4 17 27 27 27 27 17 18 4
split_gain=4.88408e-08 5.19711e-08 3.89587e-09 3.49153e-08 4.07219e-09 2.75311e-09 5.67598e-09 3.09901e-09 6.75612e-09 6.05276e-09 6.00778e-09 4.13797e-09 1.13412e-08 1.4929e-08 5.97051e-09 1.42331e-08 1.06027e-08 2.24804e-09 1.55675e-09
threshold=0.93668350000000011 -0.016001680032316123 0.01160121495900907 0.56845100000000015 0.035268000000000001 3.8713717747977525 0.34907850000000001 0.27263000000000009 0.0023640639286443706 0.20430150000000002 14424700.000000002 0.0023201281154145693 0.78857500000000014 0.82337600000000011 0.79566800000000015 0.80582900000000013 0.0051679538806044135 0.12660923424932194 20687900.000000004
decision_type=2 2 2 2 2 2 2 2 2 2 2 2 2 2 2 2 2 2 2
left_child=1 -1 5 4 -4 7 -7 8 -3 10 -10 12 17 -14 16 -16 -13 -9 -8
right_child=-2 2 3 -5 -6 6 18 11 9 -11 -12 14 13 -15 15 -17 -18 -19 -20
leaf_value=-1.5104670819710008e-05 1.395084042082379e-05 -4.6172621116861248e-06 2.7387907550746606e-07 1.266919897716434e-05 -5.4465221235692029e-06 -5.7109984055614406e-06 1.2684243270655316e-06 -4.683335832276405e-08 -8.6213907714973801e-07 -4.0250172365371585e-06 5.6304382101386532e-06 -1.2818304054731266e-07 9.3918824157006903e-06 1.2739365190554961e-06 -8.2937107038105744e-06 -4.2521131589349232e-07 5.7045243276358329e-06 -3.7379693986218223e-06 -2.1485375850716083e-06
leaf_weight=21 22 39 24 20 21 24 30 33 29 21 23 127 28 75 23 206 36 27 20
leaf_count=21 22 39 24 20 21 24 30 33 29 21 23 127 28 75 23 206 36 27 20
internal_value=1.98111e-14 -3.71123e-07 1.27539e-08 2.23969e-06 -2.39564e-06 -1.82592e-07 -1.91868e-06 1.00172e-08 -1.42947e-06 2.73598e-07 2.00958e-06 3.00508e-07 1.57084e-06 3.48076e-06 -2.27717e-07 -1.2155e-06 1.16002e-06 -1.70784e-06 -9.83604e-08
internal_weight=849 827 806 65 45 741 74 667 112 73 52 555 163 103 392 229 163 60 50
internal_count=849 827 806 65 45 741 74 667 112 73 52 555 163 103 392 229 163 60 50
is_linear=0
shrinkage=0.3


Tree=247
num_leaves=14
num_cat=0
split_feature=7 21 13 15 12 24 27 9 26 27 24 18 17
split_gain=4.99429e-08 5.28191e-08 3.79092e-09 2.97635e-08 7.41748e-09 3.09297e-09 3.80255e-09 6.11262e-09 3.88591e-09 3.73682e-09 6.02052e-09 4.44306e-09 2.05128e-09
threshold=-0.016001680032316123 0.046590000000000006 0.0089441213232993953 0.0024875005204286183 -0.00067668890828050869 0.77500000000000013 0.90382200000000001 0.0055639783297264682 0.12265450000000001 0.87980250000000015 0.31666650000000002 0.53296558250047033 0.0024096936510914304
decision_type=2 2 2 2 2 2 2 2 2 2 2 2 2
left_child=-1 -2 3 4 -3 6 8 -8 -4 11 -11 -10 -6
right_child=1 2 5 -5 12 -7 7 -9 9 10 -12 -13 -14
leaf_value=1.410735775276738e-05 -1.5604793088641599e-05 2.6327016626275448e-06 -4.2671445010000751e-06 1.2068876731170519e-05 -1.5863753460507723e-06 3.1854220983849815e-06 1.0817937895321198e-06 -5.5916440774694821e-06 -5.8882489283766631e-07 5.7700640209077393e-06 -6.9076112052041737e-07 1.7995707803659504e-06 -5.6625753440897594e-06
leaf_weight=22 20 31 20 20 25 23 21 30 483 25 27 82 20
leaf_count=22 20 31 20 20 25 23 21 30 483 25 27 82 20
internal_value=1.10348e-15 -3.75286e-07 2.14869e-09 1.77167e-06 -9.3812e-07 -2.36774e-07 -3.51179e-07 -2.84376e-06 -1.51616e-07 -1.82116e-08 2.4154e-06 -2.4219e-07 -3.39802e-06
internal_weight=849 827 807 96 76 711 688 51 637 617 52 565 45
internal_count=849 827 807 96 76 711 688 51 637 617 52 565 45
is_linear=0
shrinkage=0.3


Tree=248
num_leaves=22
num_cat=0
split_feature=21 7 4 4 7 6 15 14 6 6 18 25 13 18 17 18 18 18 21 9 22
split_gain=5.20357e-08 4.98601e-08 3.79336e-09 1.58392e-08 4.83985e-08 4.50603e-09 4.37056e-09 6.85434e-09 6.47392e-09 5.09749e-09 6.75671e-09 5.05938e-09 4.29549e-09 7.82376e-09 6.79263e-09 5.52063e-09 4.15733e-09 3.8805e-09 3.53001e-09 3.21296e-09 2.34008e-09
threshold=0.046590000000000006 -0.016001680032316123 22299250.000000004 20301650.000000004 1.0000000180025095e-35 0.0077625331736171791 0.0025641982137218698 0.011682286982201348 0.0022446714372270017 0.0024066484704596 -0.43997284511121582 0.58571450000000003 0.012601607111601772 0.45279020216860993 0.0064655112614244682 0.35531309796911009 0.11335589026742458 0.67785980521766431 0.35945500000000002 0.0063563624422872797 0.37710150000000003
decision_type=2 2 2 2 2 2 2 2 2 2 2 2 2 2 2 2 2 2 2 2 2
left_child=-1 -2 3 5 -5 6 9 20 -9 11 -11 -3 15 14 16 -4 -14 -15 -7 -17 -8
right_child=1 2 12 4 -6 18 7 8 -10 10 -12 -13 13 17 -16 19 -18 -19 -20 -21 -22
leaf_value=1.4747677350003739e-05 -1.4805477465935317e-05 -7.2060149264616728e-07 1.4714559414739728e-07 -2.2940740407271922e-06 1.6889136487634458e-05 -5.1437642372757884e-06 -5.790974919677708e-06 2.6024988633579632e-06 -3.3726961096363082e-06 -2.1777679734213962e-06 3.7355760892170516e-06 2.1877972492129878e-06 2.4374600970986649e-06 5.9217075138917606e-06 -6.5738415535385926e-06 -8.0339529733919332e-06 -3.3655036133950486e-06 6.2591158211944276e-07 -6.3095629600367754e-07 -2.6565315272364382e-06 -1.6327024630819714e-06
leaf_weight=21 21 205 28 29 20 26 29 47 25 22 83 73 25 20 22 20 20 33 39 20 21
leaf_count=21 21 205 28 29 20 26 29 47 25 22 83 73 25 20 22 20 20 33 39 20 21
internal_value=-2.10269e-14 -3.74035e-07 1.50407e-09 3.59955e-07 5.53581e-06 -8.49865e-08 2.17629e-07 -1.34611e-06 5.27778e-07 7.15738e-07 2.49659e-06 4.31147e-08 -1.17872e-06 -9.92404e-08 -2.2537e-06 -3.08367e-06 -1.41635e-07 2.62433e-06 -2.43608e-06 -5.34524e-06 -4.0445e-06
internal_weight=849 828 807 619 49 570 505 122 72 383 105 278 188 120 67 68 45 53 65 40 50
internal_count=849 828 807 619 49 570 505 122 72 383 105 278 188 120 67 68 45 53 65 40 50
is_linear=0
shrinkage=0.3


Tree=249
num_leaves=22
num_cat=0
split_feature=7 21 21 26 13 18 21 20 19 21 21 20 21 14 26 18 16 14 9 23 17
split_gain=4.85818e-08 5.10857e-08 3.86209e-09 1.24951e-08 3.64835e-08 8.31713e-09 5.47728e-09 4.41166e-09 8.94729e-09 5.17883e-09 1.47612e-08 5.07889e-09 7.07141e-09 4.28553e-09 3.8219e-09 3.6126e-09 4.38815e-09 4.16069e-09 4.40843e-09 3.99065e-09 1.81755e-09
threshold=-0.016001680032316123 0.046590000000000006 0.30071600000000004 0.57826900000000003 0.010489772798815361 0.18922241201061046 0.26739600000000002 0.065975500000000006 -0.37845949999999995 0.47954350000000007 0.49795100000000009 0.045898000000000001 0.50725100000000012 0.0071428506552764824 0.33867200000000003 -0.29080502197874764 0.0048426102596418486 0.018318754226571511 0.0069302225597120881 0.47222200000000009 0.002503130441911501
decision_type=2 2 2 2 2 2 2 2 2 2 2 2 2 2 2 2 2 2 2 2 2
left_child=-1 -2 6 7 -5 -6 15 11 -9 13 -11 12 -4 -10 -13 19 17 18 -17 -3 -8
right_child=1 2 3 4 5 -7 20 8 9 10 -12 14 -14 -15 -16 16 -18 -19 -20 -21 -22
leaf_value=1.3913796287438757e-05 -1.5347659136750735e-05 -7.5481581584467348e-07 -3.6193990278358491e-06 1.4273929030072063e-05 2.9582648024345941e-06 -5.1791282123758712e-06 -2.2908559794418772e-06 5.9523621075641128e-06 -5.4283600505300454e-06 6.8761851697907156e-06 -5.8689835757963491e-08 -1.5399697921176473e-06 3.021480906608626e-06 -7.3783049271054568e-07 -7.263529349594527e-06 6.4186698275935818e-07 -3.9728636424537663e-06 3.8003060444680155e-06 -3.9907249903739405e-06 5.16639028496968e-06 -6.2012483851958676e-06
leaf_weight=22 20 21 27 22 26 20 23 24 20 32 202 21 31 142 21 51 35 20 29 20 20
leaf_count=22 20 21 27 22 26 20 23 24 20 32 202 21 31 142 21 51 35 20 29 20 20
internal_value=-1.34293e-14 -3.70137e-07 1.05285e-09 4.01577e-07 4.22586e-06 -5.79732e-07 -1.07433e-06 -9.85216e-08 3.27857e-07 -1.30216e-08 8.89669e-07 -1.88931e-06 -6.99632e-08 -1.31691e-06 -4.40175e-06 -3.32746e-07 -1.08178e-06 -6.98969e-08 -1.03745e-06 2.13358e-06 -4.10964e-06
internal_weight=849 827 807 588 68 46 219 520 420 396 234 100 58 162 42 176 135 100 80 41 43
internal_count=849 827 807 588 68 46 219 520 420 396 234 100 58 162 42 176 135 100 80 41 43
is_linear=0
shrinkage=0.3


Tree=250
num_leaves=28
num_cat=0
split_feature=21 7 23 14 9 17 13 22 18 27 4 4 19 20 21 11 7 24 27 12 17 3 5 22 21 21 13
split_gain=5.03696e-08 4.80697e-08 3.45409e-09 1.53943e-08 4.74609e-09 1.42401e-08 1.00182e-08 6.79064e-09 5.34698e-09 4.53057e-09 4.28518e-09 3.64297e-09 7.87623e-09 5.96434e-09 5.84568e-09 4.86137e-09 4.6916e-09 5.96658e-09 4.53335e-09 4.50164e-09 4.17916e-09 4.05039e-09 3.79733e-09 8.4023e-09 8.02493e-09 1.8554e-09 1.40504e-09
threshold=0.046590000000000006 -0.016001680032316123 0.34848450000000003 0.0069930003861380418 0.0044056344317111142 0.0024875301744809153 0.01127449107320606 0.24191650000000003 -0.52762530237891181 0.8700635000000001 13547200.000000002 11985900.000000002 -0.052058499999999994 0.16021750000000004 0.42730800000000008 79.999817302672199 -0.0047004627541657627 0.26136350000000003 0.80582900000000013 0.00047390263363799077 0.0022650063659936672 3.5939197540283208 0.0024600405850141245 0.46800150000000001 0.3913370000000001 0.39414650000000007 0.010123524407283426
decision_type=2 2 2 2 2 2 2 2 2 2 2 2 2 2 2 2 2 2 2 2 2 2 2 2 2 2 2
left_child=-1 -2 11 -4 5 10 26 -7 -8 -10 -5 12 15 16 20 19 17 -13 -16 25 -15 -22 24 -24 -18 -3 -6
right_child=1 2 3 4 6 7 8 -9 9 -11 -12 13 -14 14 18 -17 22 -19 -20 -21 21 -23 23 -25 -26 -27 -28
leaf_value=1.4509651786909216e-05 -1.453797319429993e-05 -1.4453914598996799e-06 7.5973168173327895e-06 -5.0833433270724978e-06 -2.9989504386760708e-06 2.0377874237886355e-06 3.9027169960222221e-06 9.3277920323880213e-06 4.4672886605649878e-07 -4.0024389270518768e-06 7.5759809109198473e-07 -1.4841005489074632e-06 5.0573868838910126e-06 -4.7281828886168243e-06 -8.4594162837116404e-06 3.7846109530548233e-06 3.4849582134199861e-06 5.3002840504388709e-06 -2.2837183536239535e-06 -3.8019817505021189e-06 -2.7692290956338181e-06 2.6289163625784598e-06 3.8021424508127078e-07 -7.297980136686617e-06 -1.841752122118123e-06 2.2536394641729903e-06 -6.2210670973529756e-06
leaf_weight=21 21 23 27 20 29 23 33 23 117 25 26 20 30 21 23 20 40 28 20 39 22 29 29 23 70 26 21
leaf_count=21 21 23 27 20 29 23 33 23 117 25 26 20 30 21 23 20 40 28 20 39 22 29 29 23 70 26 21
internal_value=1.58117e-14 -3.67998e-07 7.37005e-10 7.20787e-07 1.35088e-07 1.95042e-06 -6.07182e-07 5.68279e-06 4.62834e-07 -3.36575e-07 -1.78194e-06 -5.34246e-07 7.57153e-07 -1.08259e-06 -2.81928e-06 -4.37356e-07 -1.31551e-07 2.47346e-06 -5.587e-06 -1.39689e-06 -1.16634e-06 3.00305e-07 -9.03405e-07 -3.01591e-06 9.52335e-08 5.1736e-07 -4.35224e-06
internal_weight=849 828 807 344 317 92 225 46 175 142 46 463 138 325 115 108 210 48 43 88 72 51 162 52 110 49 50
internal_count=849 828 807 344 317 92 225 46 175 142 46 463 138 325 115 108 210 48 43 88 72 51 162 52 110 49 50
is_linear=0
shrinkage=0.3


Tree=251
num_leaves=17
num_cat=0
split_feature=7 21 6 18 6 14 9 4 10 27 19 8 18 11 11 18
split_gain=4.71343e-08 4.94224e-08 3.23503e-09 1.85332e-08 3.1515e-09 2.70197e-09 5.53662e-09 2.45562e-09 2.05472e-09 5.53847e-09 5.21397e-09 4.85402e-09 4.62503e-09 3.87742e-09 5.20319e-09 3.44439e-09
threshold=-0.016001680032316123 0.046590000000000006 0.01160121495900907 -0.061486969275842927 0.019717082455813644 0.0069930003861380418 0.0029265225746942353 11796950.000000002 -1.3689236527557813 0.84347800000000006 -0.28683649999999994 -0.01923141352130911 0.027034395601300023 27.272706133326832 19.999817942137764 0.40283972514737781
decision_type=2 2 2 2 2 2 2 2 2 2 2 2 2 2 2 2
left_child=-1 -2 5 4 -4 6 -3 -8 9 10 -7 12 -10 14 -13 -15
right_child=1 2 3 -5 -6 8 7 -9 11 -11 -12 13 -14 15 -16 -17
leaf_value=1.370494548857757e-05 -1.5096256079232261e-05 1.7159725985038676e-06 -3.7125127136050652e-06 9.6192155041308069e-06 1.3864927211670874e-06 -6.5612180020232932e-06 -1.4486197532592725e-06 -5.9084990940618806e-06 5.3244307965682171e-07 1.9196628500139923e-06 -7.7870952169452792e-07 -3.2246261540539333e-08 6.6005837391003297e-06 -1.7793721452838103e-07 -6.1482426104930706e-06 1.8125833453929808e-06
leaf_weight=22 20 24 24 20 20 23 20 25 26 31 36 31 20 388 21 98
leaf_count=22 20 24 24 20 20 23 20 25 26 31 36 31 20 388 21 98
internal_value=-6.41905e-15 -3.64581e-07 5.1588e-10 2.04709e-06 -1.39478e-06 -1.75771e-07 -1.96379e-06 -3.92633e-06 7.27594e-09 -1.32702e-06 -3.03291e-06 2.12904e-07 3.17077e-06 -3.99985e-08 -2.50217e-06 2.23443e-07
internal_weight=849 827 807 64 44 743 69 45 674 90 59 584 46 538 52 486
internal_count=849 827 807 64 44 743 69 45 674 90 59 584 46 538 52 486
is_linear=0
shrinkage=0.3


Tree=252
num_leaves=20
num_cat=0
split_feature=21 7 4 4 22 5 16 12 16 19 29 17 5 7 22 18 27 17 16
split_gain=4.8748e-08 4.64289e-08 3.19388e-09 2.57398e-08 4.35557e-09 4.75364e-09 5.13404e-09 6.53425e-09 5.72513e-09 3.96212e-09 3.93934e-09 4.28838e-09 5.37812e-09 3.58117e-09 4.47404e-09 3.50973e-09 3.70664e-09 3.29504e-09 2.87708e-09
threshold=0.046590000000000006 -0.016001680032316123 20687900.000000004 20071000.000000004 0.36898000000000003 0.0050698295140237546 0.0022676256752489901 0.00065333078872277224 0.0023808934520945144 -0.13296599999999997 6.5000000000000009 0.0084129429445532668 -0.011548157496525867 0.0097087424534737701 0.28302400000000005 0.26725633875668464 0.79971750000000008 0.004524882484455324 0.0024212474013530316
decision_type=2 2 2 2 2 2 2 2 2 2 2 2 2 2 2 2 2 2 2
left_child=-1 -2 3 4 9 6 7 -6 -8 18 11 12 -4 14 -11 16 -14 -17 -3
right_child=1 2 10 -5 5 -7 8 -9 -10 13 -12 -13 15 -15 -16 17 -18 -19 -20
leaf_value=1.427418630817507e-05 -1.4288064163078421e-05 -5.8846679719083892e-06 3.0045509775946912e-06 1.0683247574304134e-05 6.3826376071154712e-06 4.5199695708220136e-06 -5.007550707400047e-06 -5.5907567484511043e-07 3.4274440027713482e-07 3.6283248202628401e-08 2.6732271781071406e-06 -5.2481963927636142e-06 3.2384033200504412e-06 2.9300984995269835e-06 -2.9140459426457711e-06 -4.1401076490949885e-06 -1.5492495827737419e-06 -1.7725411355838463e-07 -1.0764044273692264e-06
leaf_weight=21 21 21 27 21 26 30 21 23 126 202 24 23 22 28 60 58 43 28 24
leaf_count=21 21 21 27 21 26 30 21 23 126 202 24 23 22 28 60 58 43 28 24
internal_value=-4.98949e-15 -3.62026e-07 3.61129e-10 3.71446e-07 -1.45568e-08 1.00317e-06 4.64883e-07 3.12428e-06 -4.21583e-07 -7.01142e-07 -9.59513e-07 -1.39327e-06 -8.95165e-07 -2.94727e-07 -6.39365e-07 -1.59247e-06 7.11868e-08 -2.84988e-06 -3.32026e-06
internal_weight=849 828 807 582 561 226 196 49 147 335 225 201 178 290 262 151 65 86 45
internal_count=849 828 807 582 561 226 196 49 147 335 225 201 178 290 262 151 65 86 45
is_linear=0
shrinkage=0.3


Tree=253
num_leaves=19
num_cat=0
split_feature=7 21 27 0 6 18 16 6 26 12 6 9 27 9 18 4 16 17
split_gain=4.56701e-08 4.78192e-08 3.10534e-09 1.80663e-08 2.25988e-09 3.92762e-09 5.26855e-09 2.3757e-09 4.99844e-09 5.31327e-09 7.23331e-09 5.36474e-09 2.92039e-09 6.24468e-09 5.38243e-09 4.75652e-09 3.82896e-09 3.7877e-09
threshold=-0.016001680032316123 0.046590000000000006 0.67494300000000007 3.7116414910679536 0.010101122966370548 -0.088616353723433475 0.0021551704204748039 0.0025542973351309678 0.71669900000000009 0.00069567474495166196 0.0071090405033219619 0.0061868223212333427 0.83517900000000012 0.0024158998477694423 0.077449339647673823 20133750.000000004 0.0045045232422886673 0.0021277178831670251
decision_type=2 2 2 2 2 2 2 2 2 2 2 2 2 2 2 2 2 2
left_child=-1 -2 3 -3 7 6 -6 12 9 11 -11 -9 13 -4 17 -16 -15 -14
right_child=1 2 4 -5 5 -7 -8 8 -10 10 -12 -13 14 16 15 -17 -18 -19
leaf_value=1.3490395903400813e-05 -1.484963523580518e-05 -1.9338309281075842e-06 4.5543562711612499e-06 9.3690108641908399e-06 -3.2258084324301151e-06 -4.7978564242612264e-06 3.3465243096283562e-06 -1.981214871875636e-06 -3.1364901711971139e-06 7.6106637204877465e-06 8.7404096960064237e-07 3.307762642228746e-06 5.4735394756890953e-07 -9.5153740934520445e-07 2.4725046628968612e-06 -1.784621580017384e-06 1.3054105037991698e-06 -3.5200753298513199e-06
leaf_weight=22 20 35 28 20 23 25 21 45 22 26 32 28 27 187 51 44 106 87
leaf_count=22 20 35 28 20 23 25 21 45 22 26 32 28 27 187 51 44 106 87
internal_value=-8.57422e-16 -3.58874e-07 2.52781e-10 2.17629e-06 -1.58899e-07 -1.79512e-06 -8.90133e-08 6.39949e-09 1.04775e-06 1.75045e-06 3.89391e-06 4.7434e-08 -2.94218e-07 2.74012e-07 -1.16696e-06 5.00783e-07 -1.35031e-07 -2.55674e-06
internal_weight=849 827 807 55 752 69 44 683 153 131 58 73 530 321 209 95 293 114
internal_count=849 827 807 55 752 69 44 683 153 131 58 73 530 321 209 95 293 114
is_linear=0
shrinkage=0.3


Tree=254
num_leaves=17
num_cat=0
split_feature=21 7 9 14 22 27 1 9 10 17 7 6 17 12 12 18
split_gain=4.71748e-08 4.48856e-08 3.16275e-09 3.92521e-09 3.03233e-08 2.64827e-09 2.79546e-09 2.5961e-09 2.1981e-09 5.75981e-09 4.52642e-09 4.006e-09 2.96105e-09 4.64384e-09 4.25848e-09 1.96823e-09
threshold=0.046590000000000006 -0.016001680032316123 0.0017418111756659571 0.007034056342246563 0.2524165000000001 0.6914705000000001 3.7124062689064252 0.00357234792339852 -0.9203573809261878 0.0048426102596418677 -0.0024600158655680702 -0.00253167275808642 0.0023753512568226993 0.0018009567974857849 0.0039858513465150548 1.0000000180025095e-35
decision_type=2 2 2 2 2 2 2 2 2 2 2 2 2 2 2 2
left_child=-1 -2 -3 4 -4 6 15 -6 9 10 -7 -11 13 -10 -14 -5
right_child=1 2 3 5 7 8 -8 -9 12 11 -12 -13 14 -15 -16 -17
leaf_value=1.4041963822007477e-05 -1.4048764075726336e-05 -3.4672807320699503e-06 1.1743675544754035e-05 -2.5135635942774569e-06 3.3953562502181903e-07 2.7038572509645535e-06 -4.5046160934703039e-06 -4.1722012042555432e-06 -1.3792233475248764e-06 -1.2610291041535395e-06 -1.0885110759225054e-06 -6.9084995635648729e-06 1.3787177438625535e-06 2.4927250452882228e-06 -2.0124667291778868e-06 1.6952465551867135e-06
leaf_weight=21 21 23 21 20 22 43 24 24 137 26 83 20 271 35 38 20
leaf_count=21 21 23 21 20 22 43 24 24 137 26 83 20 271 35 38 20
internal_value=-2.99156e-15 -3.56137e-07 1.76955e-10 1.01901e-07 2.29782e-06 -1.03297e-07 -1.94496e-06 -2.01441e-06 7.72025e-08 -8.4324e-07 2.0571e-07 -3.71645e-06 4.06342e-07 -5.91327e-07 9.61679e-07 -4.09159e-07
internal_weight=849 828 807 784 67 717 64 46 653 172 126 46 481 172 309 40
internal_count=849 828 807 784 67 717 64 46 653 172 126 46 481 172 309 40
is_linear=0
shrinkage=0.3


Tree=255
num_leaves=16
num_cat=0
split_feature=7 21 6 9 14 19 12 26 6 12 12 6 21 6 15
split_gain=4.42223e-08 4.62706e-08 3.36163e-09 1.79634e-08 2.37689e-09 5.82203e-09 2.71575e-09 1.68628e-09 2.76032e-09 1.90483e-09 5.19792e-09 4.22292e-09 3.00977e-09 2.93328e-09 1.44128e-09
threshold=-0.016001680032316123 0.046590000000000006 0.01160121495900907 0.0092764919300493565 0.0069930003861380418 0.029212000000000005 1.0000000180025095e-35 0.80038500000000012 -0.0021120926958983267 -0.00019284779449271525 1.0000000180025095e-35 -0.0068494036871114211 0.22989650000000003 -0.0067266317596114894 -0.0023752379938407043
decision_type=2 2 2 2 2 2 2 2 2 2 2 2 2 2 2
left_child=-1 -2 4 -4 5 6 -3 9 -9 12 -11 -12 -6 -14 -5
right_child=1 2 3 14 7 -7 -8 8 -10 10 11 -13 13 -15 -16
leaf_value=1.327485116565764e-05 -1.4607334271659055e-05 2.4726908958180739e-06 9.541182588108655e-06 5.7867732280669773e-07 -3.3430386390123469e-06 -5.5124600917224593e-06 -2.2459684751246251e-06 4.2588497649376226e-06 -6.6572301559375547e-07 4.1957389351739101e-06 -2.6570809999889543e-06 4.568289286779409e-07 1.2706563044563863e-06 -9.7337945650939469e-07 -2.8695860336824808e-06
leaf_weight=22 20 23 20 20 34 25 21 21 20 29 46 265 73 186 24
leaf_count=22 20 23 20 20 34 25 21 21 20 29 46 265 73 186 24
internal_value=-5.28325e-15 -3.5314e-07 1.2386e-10 2.08636e-06 -1.79579e-07 -1.85659e-06 2.20603e-07 -7.89648e-09 1.85662e-06 -1.28663e-07 3.54442e-07 -3.74939e-09 -6.89263e-07 -3.40891e-07 -1.30219e-06
internal_weight=849 827 807 64 743 69 44 674 41 633 340 311 293 259 44
internal_count=849 827 807 64 743 69 44 674 41 633 340 311 293 259 44
is_linear=0
shrinkage=0.3


Tree=256
num_leaves=18
num_cat=0
split_feature=8 7 5 18 23 21 10 12 13 7 4 27 20 6 14 16 29
split_gain=4.57052e-08 1.29797e-07 5.73589e-08 1.21581e-08 3.92213e-08 2.98884e-08 5.28038e-09 4.14163e-09 3.37341e-09 2.40579e-08 5.22269e-09 7.76563e-09 4.63441e-09 3.66801e-09 4.03669e-09 3.53965e-09 2.88013e-09
threshold=-0.022989551965278649 -0.014167929377433873 -1.0000000180025095e-35 -0.65920268985506436 0.15476200000000004 0.057287500000000005 -1.3034230432316563 0.00077064094141398329 0.0095238381981178465 0.0046512588910139997 9121400.0000000019 0.8157040000000001 0.41274100000000008 -0.0021413169059397818 0.013106170121713888 0.0048543644373912108 2.5000000000000004
decision_type=2 2 2 2 2 2 2 2 2 2 2 2 2 2 2 2 2
left_child=2 -2 6 4 -3 -5 -1 -6 9 12 11 -10 16 15 -15 -12 -7
right_child=1 3 -4 5 7 8 -8 -9 10 -11 13 -13 -14 14 -16 -17 -18
leaf_value=-4.808729861695481e-06 2.3881439900768394e-05 -1.5030138656015878e-05 -2.1082771759211028e-05 1.1251603181524931e-05 -2.1333398840235012e-06 -2.5507036635374905e-06 2.0024297202780872e-06 3.0265764544472921e-06 -4.6932404003538037e-07 1.0955533268202089e-05 -4.4575746199148038e-07 7.0024015485614644e-06 -4.3793481097509359e-06 -2.352841599279426e-06 -8.2657786896115452e-08 2.288582879828027e-06 1.566147921126825e-06
leaf_weight=21 21 20 20 22 28 20 20 28 31 20 147 21 21 154 130 60 65
leaf_count=21 21 20 20 22 28 20 20 28 31 20 147 21 21 154 130 60 65
internal_value=-2.10614e-14 6.12424e-07 -7.91131e-06 -2.46677e-08 -3.62621e-06 3.7145e-07 -1.48621e-06 4.46618e-07 1.36574e-08 1.41214e-06 -3.10853e-07 2.5481e-06 -3.88498e-07 -6.13634e-07 -1.31367e-06 3.46805e-07 5.97477e-07
internal_weight=849 788 61 767 76 691 41 56 669 126 543 52 106 491 284 207 85
internal_count=849 788 61 767 76 691 41 56 669 126 543 52 106 491 284 207 85
is_linear=0
shrinkage=0.3


Tree=257
num_leaves=15
num_cat=0
split_feature=21 7 20 25 8 3 13 7 27 22 9 13 27 27
split_gain=3.68603e-08 6.64648e-08 3.24389e-09 1.75684e-08 3.40023e-09 2.81086e-09 2.62932e-09 6.75462e-09 6.13605e-09 4.03462e-09 3.03524e-09 2.8602e-09 2.55095e-09 6.06649e-10
threshold=0.046590000000000006 -0.014167929377433873 0.45108350000000003 0.29285700000000009 -0.032150777291301592 3.2694182395935063 0.010209800695436219 0.0021299534622892251 0.85450350000000008 0.27987100000000004 0.002735654392430746 0.011294174184982559 0.82431750000000015 0.86956100000000014
decision_type=2 2 2 2 2 2 2 2 2 2 2 2 2 2
left_child=-1 -2 4 12 -3 -6 7 8 -7 -9 -8 -12 -4 -14
right_child=1 2 3 -5 5 6 10 9 -10 -11 11 -13 13 -15
leaf_value=1.241229637197908e-05 -1.3943371189384378e-05 3.8342417633430158e-06 -2.1836149030080448e-06 8.5332910815010939e-06 3.1240330881503367e-06 1.8443066585899467e-06 -2.9873094818968738e-06 -4.0545891744675993e-07 -3.1294452004327797e-06 -5.4205256414466669e-06 2.096699305352287e-06 -2.5517475047115363e-08 2.3944544830101223e-06 5.7824634041026e-08
leaf_weight=21 31 20 39 26 23 69 27 22 33 42 67 389 20 20
leaf_count=21 31 20 39 26 23 69 27 22 33 42 67 389 20 20
internal_value=-2.72843e-14 -3.14805e-07 2.1529e-07 1.76905e-06 -2.04681e-08 -1.35192e-07 -2.50696e-07 -1.2807e-06 2.35152e-07 -3.6966e-06 1.03303e-07 2.86299e-07 -4.57157e-07 1.22614e-06
internal_weight=849 828 797 105 692 672 649 166 102 64 483 456 79 40
internal_count=849 828 797 105 692 672 649 166 102 64 483 456 79 40
is_linear=0
shrinkage=0.3


Tree=258
num_leaves=13
num_cat=0
split_feature=8 8 21 26 13 7 7 6 10 5 3 18
split_gain=2.42183e-08 8.70588e-08 4.83849e-08 2.59189e-08 1.42757e-08 2.39283e-08 2.3358e-08 4.8361e-09 1.74988e-08 4.41277e-09 3.90954e-09 2.36832e-09
threshold=-0.026476206164096679 -0.020795121259622754 0.35365250000000004 0.89174200000000015 0.021303442307796263 -0.012906363114457219 -0.0021120926958983267 0.01160121495900907 1.0076405111457347 -0.0048076715789931515 3.4342181682586674 -0.28639271665351379
decision_type=2 2 2 2 2 2 2 2 2 2 2 2
left_child=2 -2 -1 4 5 -3 -6 9 -9 10 -7 -11
right_child=1 3 -4 -5 6 7 -8 8 -10 11 -12 -13
leaf_value=-1.7825932870607628e-05 1.8191952605661754e-05 -1.0415896510096445e-05 1.354571410294331e-06 -1.0303983511179964e-05 1.2965434872285186e-05 -7.1487940659908223e-07 -7.8954960849841884e-07 -2.049894706820291e-06 9.7533908910918385e-06 5.723400500551676e-07 2.7169280648755241e-06 -8.840982803489575e-07
leaf_weight=20 24 20 29 22 20 47 25 26 20 137 82 377
leaf_count=20 24 20 29 22 20 47 25 26 20 137 82 377
internal_value=3.01858e-14 3.96545e-07 -6.47421e-06 -1.53828e-07 1.4233e-07 -1.86535e-07 5.32378e-06 1.10399e-07 3.08197e-06 -1.02186e-07 1.46658e-06 -4.95904e-07
internal_weight=849 800 49 776 754 709 45 689 46 643 129 514
internal_count=849 800 49 776 754 709 45 689 46 643 129 514
is_linear=0
shrinkage=0.3


Tree=259
num_leaves=14
num_cat=0
split_feature=26 7 8 8 22 27 14 6 18 20 12 9 20
split_gain=3.94673e-08 3.83148e-08 5.89983e-09 6.41342e-09 4.34678e-09 2.83231e-09 1.25227e-08 3.07684e-09 3.79508e-09 4.97042e-09 2.22202e-09 2.66655e-09 2.44163e-09
threshold=0.8999640000000001 -0.016001680032316123 -0.026476206164096679 -0.019347595038612189 0.43580150000000006 0.67494300000000007 0.0099875510905417207 0.010101122966370548 -0.60992295154973941 0.24259950000000002 -0.0024759614405010098 0.0085156378905339222 0.28711700000000007
decision_type=2 2 2 2 2 2 2 2 2 2 2 2 2
left_child=1 -1 4 -4 -3 6 -5 10 -9 -10 12 -12 -7
right_child=-2 2 3 5 -6 7 -8 8 9 -11 11 -13 -14
leaf_value=-1.2984178569500468e-05 1.2540871739474823e-05 6.0232145949118166e-07 -4.4959680826650579e-06 7.9883913713274517e-06 6.6496039573848974e-06 -2.8753047953805912e-07 -1.6401404584411788e-06 1.2291195503166819e-06 -2.3558546087900011e-07 -6.4962019780523406e-06 -1.0849360641551619e-07 1.5521721607569814e-06 -4.3182763769371891e-06
leaf_weight=21 22 23 30 20 20 38 31 21 21 25 448 108 21
leaf_count=21 22 23 30 20 20 38 31 21 21 25 448 108 21
internal_value=-7.37784e-15 -3.33614e-07 -4.00922e-09 -1.96693e-07 3.41501e-06 -2.07338e-08 2.13575e-06 -1.81996e-07 -2.11255e-06 -3.63809e-06 2.83244e-08 2.14082e-07 -1.7222e-06
internal_weight=849 827 806 763 43 733 51 682 67 46 615 556 59
internal_count=849 827 806 763 43 733 51 682 67 46 615 556 59
is_linear=0
shrinkage=0.3


Tree=260
num_leaves=13
num_cat=0
split_feature=7 21 8 8 5 20 14 5 21 5 27 18
split_gain=4.1703e-08 5.02148e-08 2.83836e-09 4.09081e-09 3.78554e-09 2.90588e-09 1.27282e-08 2.03365e-09 4.26553e-09 5.31401e-09 2.55407e-09 2.48917e-09
threshold=-0.016001680032316123 0.046590000000000006 -0.025642538038532524 -0.019347595038612189 -0.0046677145182266169 0.5130205000000001 0.011547524601066296 -0.0048076715789931515 0.66452900000000015 -0.0071091044558982868 0.67494300000000007 -0.28639271665351379
decision_type=2 2 2 2 2 2 2 2 2 2 2 2
left_child=-1 -2 4 -4 -3 7 -7 8 9 -5 -9 -12
right_child=1 2 3 5 -6 6 -8 10 -10 -11 11 -13
leaf_value=1.2891168580608792e-05 -1.5192240892929474e-05 -2.9718638690686322e-08 -3.8129482898232081e-06 3.0096853525365498e-07 5.4157781551111845e-06 7.7277623652414388e-06 -1.4808898562737989e-06 -2.8296901816886662e-06 -2.9878989062157527e-06 4.7312826652882106e-06 8.4250001817626167e-07 -6.59429619645852e-07
leaf_weight=22 20 27 26 86 20 22 35 37 22 34 137 361
leaf_count=22 20 27 26 86 20 22 35 37 22 34 137 361
internal_value=2.83782e-14 -3.42933e-07 2.50795e-08 -1.14834e-07 2.28751e-06 1.61616e-08 2.07333e-06 -1.57041e-07 8.52205e-07 1.55622e-06 -4.24916e-07 -2.46248e-07
internal_weight=849 827 807 760 47 734 57 677 142 120 535 498
internal_count=849 827 807 760 47 734 57 677 142 120 535 498
is_linear=0
shrinkage=0.3


Tree=261
num_leaves=18
num_cat=0
split_feature=21 7 25 19 3 27 13 29 10 25 12 27 16 27 27 21 26
split_gain=3.60883e-08 3.82786e-08 2.55395e-09 1.70855e-08 3.90712e-09 3.18585e-09 3.15748e-09 2.9425e-09 2.57535e-09 4.33095e-09 4.77716e-09 3.72804e-09 3.53076e-09 4.19976e-09 2.68593e-09 1.94536e-09 1.45053e-09
threshold=0.046590000000000006 -0.016001680032316123 0.13392850000000003 0.28134850000000006 3.4142764806747441 0.91674900000000015 0.0094930069250321481 2.5000000000000004 0.99852585603973532 0.26785700000000007 -0.00075832904170102054 0.87853850000000011 0.0022547384180809792 0.79036000000000006 0.80223600000000006 0.51255800000000007 0.19784250000000003
decision_type=2 2 2 2 2 2 2 2 2 2 2 2 2 2 2 2 2
left_child=-1 -2 4 5 -3 8 -6 16 9 10 -4 -11 14 -14 -10 -9 -8
right_child=1 2 3 -5 6 -7 7 15 12 11 -12 -13 13 -15 -16 -17 -18
leaf_value=1.2281637899442492e-05 -1.2956275713804643e-05 -3.9823463897515795e-06 -2.5076931403792253e-07 8.906459864874705e-06 -3.4368710755495116e-06 -3.0704860348813437e-06 3.9964260340303261e-06 1.1091154564927104e-06 3.544213363966264e-06 -1.8331018957089125e-07 4.9134809595323912e-06 2.8981691530615393e-06 -4.9897224005945873e-06 -4.0378454910729135e-07 -8.3716584359696275e-07 -2.6822653833748735e-06 5.5143681058986902e-07
leaf_weight=21 21 33 28 20 23 29 22 21 20 376 38 39 32 41 34 29 22
leaf_count=21 21 33 28 20 23 29 22 21 20 376 38 39 32 41 34 29 22
internal_value=3.05684e-16 -3.11491e-07 1.75556e-08 2.72563e-07 -1.09938e-06 1.48344e-09 -2.86234e-07 4.84667e-07 1.48008e-07 4.6527e-07 2.72259e-06 1.06275e-07 -1.05359e-06 -2.41406e-06 7.85567e-07 -1.08989e-06 2.27393e-06
internal_weight=849 828 807 657 150 637 117 94 608 481 66 415 127 73 54 50 44
internal_count=849 828 807 657 150 637 117 94 608 481 66 415 127 73 54 50 44
is_linear=0
shrinkage=0.3


Tree=262
num_leaves=18
num_cat=0
split_feature=7 21 27 13 19 4 16 26 26 3 4 4 29 12 22 18 0
split_gain=3.96291e-08 4.45379e-08 3.03456e-09 1.58899e-08 5.10264e-09 3.65284e-09 2.20392e-09 4.91786e-09 4.07144e-09 2.56787e-09 2.17028e-09 4.68108e-09 2.60611e-09 2.89058e-09 2.33621e-09 2.0329e-09 1.52607e-09
threshold=-0.016001680032316123 0.046590000000000006 0.72073450000000017 0.0090909411660221977 -0.22466049999999996 11341550.000000002 0.0068026607730601258 0.54272500000000012 0.35310650000000005 3.2775619029998784 11859750.000000002 11292100.000000002 7.5000000000000009 -0.0022424512850849807 0.21545600000000004 0.21768658544412064 3.6024689781287043
decision_type=2 2 2 2 2 2 2 2 2 2 2 2 2 2 2 2 2
left_child=-1 -2 3 -3 -5 -6 9 8 -8 -4 11 14 13 -12 -11 -9 -7
right_child=1 2 6 4 5 16 7 15 -10 10 12 -13 -14 -15 -16 -17 -18
leaf_value=1.2566546787308075e-05 -1.4319059661715982e-05 8.9000055542750756e-06 2.8095804054828479e-06 3.3016860874744855e-06 -4.7542227140307983e-06 -1.9248989210816283e-06 -7.1987905723448334e-08 5.7888066749001157e-07 5.1608546822734525e-06 -2.0149319065215185e-06 9.3907517165301684e-07 4.62804276821771e-06 2.0686376545953066e-06 -1.4938491688367151e-06 5.1539920945154528e-07 -3.516412957083048e-06 1.4700326378129619e-06
leaf_weight=22 20 21 21 27 22 22 23 24 32 47 51 20 24 318 109 20 26
leaf_count=22 20 21 21 27 22 22 23 24 32 47 51 20 24 318 109 20 26
internal_value=1.70267e-14 -3.34297e-07 1.22889e-08 1.41802e-06 -2.01797e-07 -1.55314e-06 -2.2846e-07 1.08138e-06 2.97258e-06 -4.48246e-07 -5.68482e-07 3.07032e-07 -9.6057e-07 -1.15759e-06 -2.46944e-07 -1.28262e-06 -8.59777e-08
internal_weight=849 827 807 118 97 70 689 99 55 590 569 176 393 369 156 44 48
internal_count=849 827 807 118 97 70 689 99 55 590 569 176 393 369 156 44 48
is_linear=0
shrinkage=0.3


Tree=263
num_leaves=18
num_cat=0
split_feature=21 7 10 5 7 22 16 22 8 11 11 21 27 11 0 9 11
split_gain=3.74356e-08 3.75395e-08 2.87274e-09 3.01815e-09 4.60348e-09 3.20453e-09 4.34498e-09 4.05287e-09 2.92657e-09 3.2026e-09 3.79272e-09 5.17369e-09 5.15349e-09 1.32177e-08 3.82092e-09 3.57063e-09 3.08652e-09
threshold=0.046590000000000006 -0.016001680032316123 -1.000003119056369 -0.0025031981487772669 -0.0050698235750305945 0.28781050000000002 0.0022779565343909298 0.45212000000000002 -0.020024247385942519 27.272897597528324 40.370620948805303 0.48584200000000005 0.67825750000000007 70.588332428281518 3.6434070995667303 0.0043401940155078358 43.750067290755233
decision_type=2 2 2 2 2 2 2 2 2 2 2 2 2 2 2 2 2
left_child=-1 -2 3 4 -3 -6 -7 -8 -4 15 11 14 13 -12 -11 -10 -14
right_child=1 2 8 -5 5 6 7 -9 9 10 12 -13 16 -15 -16 -17 -18
leaf_value=1.2508784901196382e-05 -1.2839356947681933e-05 -4.3162864078962938e-06 3.3116110216724335e-06 -3.4587678353115757e-06 -1.9322397246941575e-06 -1.5203432110411086e-06 6.3675745783342567e-06 9.5544285469176505e-07 4.1264222778119636e-07 -2.0823140040157831e-06 8.5351404127972531e-06 5.5616689254784587e-06 -3.1031717707463712e-06 -2.108856950298689e-06 2.9682119065098181e-06 -4.9923790847157663e-06 -4.040376377514662e-08
leaf_weight=21 21 23 28 37 39 30 20 33 22 26 21 28 32 21 28 22 397
leaf_count=21 21 23 28 37 39 30 20 33 22 26 21 28 32 21 28 22 397
internal_value=1.02335e-14 -3.17252e-07 8.60226e-09 -1.04031e-06 -4.2318e-07 3.10766e-07 1.36471e-06 2.99776e-06 3.14044e-07 1.73455e-07 3.69451e-07 2.2524e-06 4.16352e-08 3.21314e-06 5.36477e-07 -2.28987e-06 -2.68862e-07
internal_weight=849 828 807 182 145 122 83 53 625 597 553 82 471 42 54 44 429
internal_count=849 828 807 182 145 122 83 53 625 597 553 82 471 42 54 44 429
is_linear=0
shrinkage=0.3


Tree=264
num_leaves=11
num_cat=0
split_feature=7 21 27 27 3 6 5 12 14 16
split_gain=3.79827e-08 4.11889e-08 2.46588e-09 9.97401e-09 1.718e-09 2.10973e-09 2.37197e-09 2.06599e-09 2.64369e-09 2.46367e-09
threshold=-0.016001680032316123 0.046590000000000006 0.65281700000000009 0.67825750000000007 3.8799918889999394 -1.0000000180025095e-35 1.0000000180025095e-35 0.0054863007686918588 0.027272700672307863 0.0048543644373912108
decision_type=2 2 2 2 2 2 2 2 2 2
left_child=-1 -2 -3 -4 7 -6 -7 8 9 -5
right_child=1 2 3 4 5 6 -8 -9 -10 -11
leaf_value=1.2302732381447806e-05 -1.3775977968180087e-05 -2.3211002975096142e-06 6.7358675846662654e-06 -2.0219894437213001e-07 5.5215818832721193e-07 -5.8109073888185627e-07 -4.427250588731921e-06 3.0472234941823574e-06 -3.2870535213597968e-06 1.2067741380115989e-06
leaf_weight=22 20 39 20 465 36 31 27 21 21 147
leaf_count=22 20 39 20 465 36 31 27 21 21 147
internal_value=-3.80668e-14 -3.27279e-07 6.02158e-09 1.24196e-07 -5.25869e-08 -1.25183e-06 -2.37154e-06 1.19781e-07 2.26622e-08 1.36231e-07
internal_weight=849 827 807 768 748 94 58 654 633 612
internal_count=849 827 807 768 748 94 58 654 633 612
is_linear=0
shrinkage=0.3


Tree=265
num_leaves=14
num_cat=0
split_feature=21 7 11 14 12 10 20 13 13 21 6 12 11
split_gain=3.74811e-08 3.65793e-08 2.71107e-09 8.08009e-09 6.97146e-09 5.87668e-09 5.17925e-09 2.75569e-09 2.58969e-09 2.88445e-09 2.47552e-09 2.58959e-09 3.01813e-09
threshold=0.046590000000000006 -0.016001680032316123 59.999907270648769 0.007034056342246563 0.0023787685264484754 -0.19949073513165402 0.48687200000000003 0.0095789516331595149 0.010847511234123008 0.26174300000000006 -0.0119476239379481 0.0011200274077550218 56.249999577492332
decision_type=2 2 2 2 2 2 2 2 2 2 2 2 2
left_child=-1 -2 4 -4 6 -5 10 -7 -9 -10 -3 12 -12
right_child=1 2 3 5 -6 7 -8 8 9 -11 11 -13 -14
leaf_value=1.2516389935106938e-05 -1.2678369863091835e-05 2.4582353136649642e-06 5.6590538166448021e-06 4.9360809810459401e-06 -4.9437128068504912e-06 -2.5309838395209658e-06 -3.507537553260638e-06 2.9307896598749853e-06 2.2297742937958849e-06 -7.128921468336642e-07 -6.3831693875587232e-08 2.6006798270827857e-06 -3.4801606825567429e-06
leaf_weight=21 21 38 27 22 29 38 38 28 37 158 337 30 25
leaf_count=21 21 38 27 22 29 38 38 28 37 158 337 30 25
internal_value=1.27201e-14 -3.17445e-07 4.2151e-09 7.00444e-07 -4.30052e-07 2.27361e-07 -1.5036e-07 -1.69542e-07 2.32856e-07 -1.5454e-07 1.46321e-07 -7.77931e-08 -2.99766e-07
internal_weight=849 828 807 310 497 283 468 261 223 195 430 392 362
internal_count=849 828 807 310 497 283 468 261 223 195 430 392 362
is_linear=0
shrinkage=0.3


Tree=266
num_leaves=17
num_cat=0
split_feature=7 21 10 10 4 18 15 27 12 12 22 26 19 25 20 21
split_gain=3.65705e-08 3.89433e-08 2.63722e-09 1.89844e-08 2.94976e-09 6.10012e-09 3.41537e-09 3.68053e-09 3.01349e-09 5.06977e-09 3.7082e-09 2.60013e-09 2.54844e-09 2.90546e-09 2.773e-09 1.53383e-09
threshold=-0.016001680032316123 0.046590000000000006 1.06998932473394 1.1766999633573068 29897700.000000004 0.63056094018507802 -0.013730035529787453 0.68413750000000018 0.00016385708274277186 -4.5339923782797789e-05 0.058806000000000004 0.42446200000000006 -0.042645999999999996 0.61250000000000016 0.44343400000000005 0.49795100000000009
decision_type=2 2 2 2 2 2 2 2 2 2 2 2 2 2 2 2
left_child=-1 -2 4 -4 6 -6 -3 11 9 -9 -10 -8 13 -5 15 -14
right_child=1 2 3 12 5 -7 7 8 10 -11 -12 -13 14 -15 -16 -17
leaf_value=1.2071859912959387e-05 -1.3398100671793145e-05 -3.8850348619234864e-06 9.2780858711772783e-06 -3.2160579131903852e-06 4.7819448077256043e-06 -1.8427418617441369e-06 -6.4559378358808323e-07 1.1097048111002289e-07 -4.847196724426794e-06 4.210325168330087e-06 -5.5683404958324557e-07 -5.366482715528166e-06 4.30611140364528e-06 1.0353055300712461e-06 -1.0973672224488175e-06 6.7609679774705003e-07
leaf_weight=22 20 25 22 39 29 22 21 286 20 30 194 21 22 23 33 20
leaf_count=22 20 25 22 39 29 22 21 286 20 30 194 21 22 23 33 20
internal_value=4.54948e-15 -3.21138e-07 2.95056e-09 1.09778e-06 -2.65688e-07 1.92424e-06 -4.52767e-07 -3.02755e-07 -8.85329e-08 5.0015e-07 -9.57803e-07 -3.00604e-06 -2.15846e-07 -1.63894e-06 9.60577e-07 2.57753e-06
internal_weight=849 827 807 159 648 51 597 572 530 316 214 42 137 62 75 42
internal_count=849 827 807 159 648 51 597 572 530 316 214 42 137 62 75 42
is_linear=0
shrinkage=0.3


Tree=267
num_leaves=13
num_cat=0
split_feature=21 7 19 10 20 16 27 14 13 27 13 20
split_gain=3.68885e-08 3.5525e-08 3.13205e-09 1.25675e-08 1.85124e-09 1.59399e-09 1.48436e-09 2.71632e-09 1.80289e-09 3.18708e-09 1.75597e-09 1.99471e-09
threshold=0.046590000000000006 -0.016001680032316123 0.35990400000000006 1.1552283974322095 0.48912050000000001 0.0024906613730463086 0.68783250000000018 0.011792498451403757 0.0081302358251049683 0.81439550000000016 0.0090572175149746404 0.39485750000000003
decision_type=2 2 2 2 2 2 2 2 2 2 2 2
left_child=-1 -2 4 5 6 -4 7 -3 9 -8 -10 -12
right_child=1 2 3 -5 -6 -7 8 -9 10 -11 11 -13
leaf_value=1.2417045367588538e-05 -1.249641695072309e-05 -3.3244783077696572e-06 -2.4098466954885426e-06 7.5051546655657824e-06 -3.0323426432232736e-06 9.8877819907457974e-07 -2.1855476685202794e-07 9.7905146932672232e-07 -2.3638490915800499e-06 4.5680626028245442e-06 -1.7797281876109524e-07 1.8419487041398953e-06
leaf_weight=21 21 33 27 24 20 23 31 22 30 21 528 48
leaf_count=21 21 33 27 24 20 23 31 22 30 21 528 48
internal_value=-2.88988e-14 -3.14925e-07 2.0654e-09 1.86216e-06 -1.8572e-07 -8.46479e-07 -1.05871e-07 -1.60307e-06 1.92744e-08 1.7145e-06 -1.26191e-07 -9.64603e-09
internal_weight=849 828 807 74 733 50 713 55 658 52 606 576
internal_count=849 828 807 74 733 50 713 55 658 52 606 576
is_linear=0
shrinkage=0.3


Tree=268
num_leaves=20
num_cat=0
split_feature=7 21 23 14 6 3 19 19 14 4 16 22 2 4 16 16 9 7 7
split_gain=3.52951e-08 3.7243e-08 2.07197e-09 1.23083e-08 3.48716e-09 2.04506e-09 1.59048e-09 4.8314e-09 5.31735e-09 4.41187e-09 3.66281e-09 2.42242e-09 3.04385e-09 2.3404e-09 2.0498e-09 4.03583e-09 3.54476e-09 1.5094e-09 9.47911e-10
threshold=-0.016001680032316123 0.046590000000000006 0.61250000000000016 0.0085015956805341679 0.0068183469003711607 3.6579849720001225 -0.36180049999999991 -0.38342099999999996 0.018935032993075734 19959500.000000004 0.002288381955084795 0.44071950000000004 3.5283507339375944 7914050.0000000009 0.0024330876249159497 0.0023810069847564736 0.0044338291620753334 -0.0021413169059397818 1.0000000180025095e-35
decision_type=2 2 2 2 2 2 2 2 2 2 2 2 2 2 2 2 2 2 2
left_child=-1 -2 6 -4 5 -5 7 8 9 10 -3 13 -13 -8 15 -15 -16 -14 -7
right_child=1 2 3 4 -6 18 11 -9 -10 -11 -12 12 17 14 16 -17 -18 -19 -20
leaf_value=1.1859497462038152e-05 -1.3103784810937214e-05 3.1136601078601257e-06 7.563792824653733e-06 2.4176733304289775e-06 -3.5221780338005094e-06 7.1347073571814689e-07 -3.2951052298406987e-06 4.9679793249879365e-06 4.4601594067574164e-06 -3.8807762567216742e-06 -8.421628856999101e-07 -4.4568728408821384e-06 1.4254790438172905e-06 -3.1071727253071062e-08 2.539547280698864e-06 -3.2022706833837829e-06 -2.2065489513695779e-07 -2.1755144168557967e-06 -2.2073514583098588e-06
leaf_weight=22 20 29 22 34 23 20 21 20 21 30 77 29 20 183 62 45 129 22 20
leaf_count=22 20 29 22 34 23 20 21 20 21 30 77 29 20 183 62 45 129 22 20
internal_value=7.005e-15 -3.15488e-07 1.4458e-09 1.15728e-06 -2.9574e-07 7.07071e-07 -1.98474e-07 5.76549e-07 1.71316e-08 -6.68924e-07 2.40091e-07 -4.66926e-07 -2.09297e-06 -2.04541e-07 -4.9644e-08 -6.56966e-07 6.75327e-07 -4.60756e-07 -7.4694e-07
internal_weight=849 827 807 119 97 74 688 177 157 136 106 511 71 440 419 228 191 42 40
internal_count=849 827 807 119 97 74 688 177 157 136 106 511 71 440 419 228 191 42 40
is_linear=0
shrinkage=0.3


Tree=269
num_leaves=17
num_cat=0
split_feature=21 7 6 7 14 26 21 16 14 27 7 11 16 8 15 11
split_gain=3.59991e-08 3.44412e-08 2.1498e-09 1.34981e-08 2.16244e-09 2.96177e-09 4.56473e-09 1.26908e-09 1.25166e-09 1.45951e-09 5.24062e-09 7.74709e-09 2.91099e-09 2.61987e-09 5.00474e-09 3.66462e-09
threshold=0.046590000000000006 -0.016001680032316123 0.01160121495900907 0.004556035458710278 0.0071005949827352768 0.45388300000000009 0.56523500000000004 0.002375351256822643 0.0072639153894627677 0.87853850000000011 0.0023782412029220595 66.666520958642238 0.0044793296833683703 -0.015105560139684096 -0.01026971863102715 27.272706133326832
decision_type=2 2 2 2 2 2 2 2 2 2 2 2 2 2 2 2
left_child=-1 -2 4 7 5 6 -3 -4 -6 13 12 -12 -11 14 -10 -15
right_child=1 2 3 -5 8 -7 -8 -9 9 10 11 -13 -14 15 -16 -17
leaf_value=1.2266449568544756e-05 -1.2305340702109139e-05 3.3264346257055879e-06 -3.0329224665592846e-06 8.1315355409117274e-06 1.7136958617632109e-06 -3.5359762612666886e-06 -2.5709278260263895e-06 2.0279964516589643e-07 -2.5070674007071395e-06 8.2993760258887056e-07 7.6315069106515568e-06 -6.1856524894210449e-07 -3.3492891326147852e-06 -3.4219638478503294e-06 2.6859854870636234e-06 -2.9895917293092091e-07
leaf_weight=21 21 21 20 20 38 38 27 24 23 40 21 20 24 37 61 393
leaf_count=21 21 21 20 20 38 38 27 24 23 40 21 20 24 37 61 393
internal_value=1.41933e-14 -3.11106e-07 1.01205e-09 1.66937e-06 -1.42695e-07 -1.55729e-06 9.16825e-09 -1.26798e-06 4.24723e-08 -6.0123e-08 9.59094e-07 3.60708e-06 -7.37272e-07 -2.68329e-07 1.26408e-06 -5.67683e-07
internal_weight=849 828 807 64 743 86 48 44 657 619 105 41 64 514 84 430
internal_count=849 828 807 64 743 86 48 44 657 619 105 41 64 514 84 430
is_linear=0
shrinkage=0.3


Tree=270
num_leaves=17
num_cat=0
split_feature=7 20 7 7 22 26 0 19 11 26 26 20 7 1 7 29
split_gain=3.4107e-08 3.75894e-08 5.78097e-09 1.43002e-08 1.0773e-08 7.69285e-09 3.01577e-09 2.97204e-09 3.72578e-09 2.61627e-09 2.57408e-09 3.73152e-09 2.09494e-09 2.06065e-09 1.70996e-09 1.37903e-09
threshold=-0.016001680032316123 0.022167000000000003 0.004750532950965016 0.004613518642489739 0.62463950000000013 0.85182500000000017 3.275807764807567 -0.37845949999999995 60.000106155023495 0.45388300000000009 0.47417200000000004 0.31590900000000005 0.0091221911950941717 3.7197675187664196 0.01160121495900907 3.5000000000000004
decision_type=2 2 2 2 2 2 2 2 2 2 2 2 2 2 2 2
left_child=-1 -2 3 5 10 6 -3 8 -8 -9 13 -12 -13 15 -15 -4
right_child=1 2 4 -5 -6 -7 7 9 -10 -11 11 12 -14 14 -16 -17
leaf_value=1.1658179629524635e-05 -1.2544675018427204e-05 -3.159280512276242e-06 -1.3410729214362911e-06 8.1727201071706592e-06 -7.6478359933932176e-06 5.8440105330451581e-06 5.6092473383925638e-07 4.9740949242576896e-07 4.8042976075066682e-06 -9.6428523418023827e-07 2.9217963036861267e-06 -3.3566508282742035e-06 9.335176105196297e-07 1.1294212890788911e-06 -2.3527053883753978e-06 -4.6699563108987268e-06
leaf_weight=22 22 26 21 21 22 21 73 237 25 206 36 21 20 30 22 24
leaf_count=22 22 26 21 21 22 21 73 237 25 206 36 21 20 30 22 24
internal_value=-1.64873e-14 -3.10133e-07 2.42272e-08 4.80309e-07 -1.39288e-06 2.0558e-07 -3.25054e-09 1.48426e-07 1.64342e-06 -1.82295e-07 -6.02029e-07 6.93057e-07 -1.26389e-06 -1.63009e-06 -3.43786e-07 -3.11648e-06
internal_weight=849 827 805 609 196 588 567 541 98 443 174 77 41 97 52 45
internal_count=849 827 805 609 196 588 567 541 98 443 174 77 41 97 52 45
is_linear=0
shrinkage=0.3


Tree=271
num_leaves=22
num_cat=0
split_feature=18 19 21 18 13 6 27 22 17 5 8 17 26 12 27 22 22 8 18 18 15
split_gain=3.1558e-08 2.07476e-07 1.48878e-07 2.33329e-08 1.4904e-08 1.26168e-08 2.2404e-08 1.23795e-08 8.3193e-09 1.50124e-08 4.59433e-09 3.61456e-09 3.29673e-09 3.03746e-09 2.27081e-09 1.92401e-09 3.77063e-09 2.66271e-09 2.38821e-09 2.43362e-09 1.54657e-09
threshold=-0.058999583306772435 -0.76112799999999992 0.10703900000000001 -0.099292041176722037 0.021642029328689184 0.0045451996871772741 0.7509045000000002 0.63526950000000015 0.0064655112614244682 -1.0000000180025095e-35 -0.01923141352130911 0.0046674463840983898 0.66821550000000007 -0.0037964132126494933 0.83960600000000007 0.21545600000000004 0.24863850000000001 -0.012330546684004176 -0.22910363723081781 -0.68212169004237422 0.0047337300330123249
decision_type=2 2 2 2 2 2 2 2 2 2 2 2 2 2 2 2 2 2 2 2 2
left_child=2 -2 -1 4 13 7 -7 8 10 -10 -3 20 14 -4 -12 18 -17 -18 19 -15 -8
right_child=1 5 3 -5 -6 6 11 -9 9 -11 12 -13 -14 15 -16 16 17 -19 -20 -21 -22
leaf_value=-2.7174647249239568e-05 3.1586079069825244e-05 4.0713088020538635e-06 -3.8132200214394367e-06 -8.2335678107690239e-06 7.4945058431892341e-06 1.2250118627434859e-05 1.0611513407464092e-06 -7.1311750659219794e-06 -9.9353311190952814e-06 1.3030065711854662e-06 -9.3991247755257723e-07 3.5412806020929111e-06 3.1803868734771508e-06 5.457601662328671e-07 1.2440344513569486e-06 4.0536455902507768e-06 2.4410081220682307e-06 -6.0310751961787025e-07 1.3171262169279268e-06 -3.4053671025174752e-06 -2.2784862167668505e-06
leaf_weight=20 20 30 22 33 23 20 26 24 20 23 144 32 28 20 61 22 31 156 23 47 24
leaf_count=20 20 30 22 33 23 20 26 24 20 23 144 32 28 20 61 22 31 156 23 47 24
internal_value=-3.21401e-14 1.71415e-06 -1.95162e-06 -6.13532e-07 1.1746e-07 3.31187e-07 3.24735e-06 -5.70172e-07 -5.55839e-08 -3.92413e-06 5.76916e-07 1.05155e-06 1.26994e-07 -4.11113e-07 -2.90055e-07 -1.60791e-07 3.38597e-07 -9.8468e-08 -1.32048e-06 -2.22593e-06 -5.41875e-07
internal_weight=849 452 397 377 344 432 102 330 306 43 263 82 233 321 205 299 209 187 90 67 50
internal_count=849 452 397 377 344 432 102 330 306 43 263 82 233 321 205 299 209 187 90 67 50
is_linear=0
shrinkage=0.3


Tree=272
num_leaves=13
num_cat=0
split_feature=8 8 29 26 6 7 18 14 6 20 25 17
split_gain=2.93593e-08 9.22327e-08 4.93837e-08 1.81868e-08 8.61472e-09 2.6503e-08 1.15093e-08 7.81558e-09 6.15614e-09 2.87678e-09 3.01519e-09 2.61593e-09
threshold=-0.021273235886433702 -0.01923141352130911 2.5000000000000004 0.89174200000000015 0.012225921124033807 -0.012906363114457219 -0.2263195961402108 0.015348062504336017 0.010799818704044178 0.040067000000000012 0.77500000000000013 0.004550627280943507
decision_type=2 2 2 2 2 2 2 2 2 2 2 2
left_child=2 -2 -1 4 5 -3 -6 -4 9 11 -11 -7
right_child=1 3 7 -5 6 8 -8 -9 -10 10 -12 -13
leaf_value=-1.6921263754454684e-05 2.063452637770524e-05 1.1285344948248621e-05 -3.7685338445392347e-06 -8.7102167981356619e-06 4.9461156604906885e-07 -5.2712108593072493e-07 -8.4917800138654186e-06 4.1563510888766225e-06 5.3858507158111022e-06 9.8143393819788573e-08 3.2888536466023156e-06 -4.612008696572697e-06
leaf_weight=24 20 20 24 21 29 43 23 21 20 555 28 21
leaf_count=24 20 20 24 21 29 43 23 21 20 555 28 21
internal_value=1.17943e-14 5.24707e-07 -5.93147e-06 -4.49835e-09 2.4289e-07 5.24691e-07 -3.48014e-06 -7.02542e-08 2.02033e-07 4.17915e-08 2.51385e-07 -1.86747e-06
internal_weight=849 780 69 760 739 687 52 45 667 647 583 64
internal_count=849 780 69 760 739 687 52 45 667 647 583 64
is_linear=0
shrinkage=0.3


Tree=273
num_leaves=16
num_cat=0
split_feature=26 7 20 25 19 22 22 14 0 7 22 9 0 12 20
split_gain=3.3486e-08 3.52932e-08 3.17857e-09 9.9413e-09 2.6125e-09 2.51191e-09 3.05542e-09 4.46728e-09 3.46602e-09 2.04851e-09 2.63242e-09 2.45153e-09 2.13067e-09 1.08445e-09 1.45079e-09
threshold=0.8999640000000001 -0.016001680032316123 0.45108350000000003 0.29285700000000009 -0.71402549999999987 0.49836500000000006 0.5340235000000001 0.018475830809096958 3.6327914836855624 -0.0097443450475906673 0.47544100000000006 0.0058827908956476027 3.6024689781287043 -0.00084838324186992207 0.60612900000000003
decision_type=2 2 2 2 2 2 2 2 2 2 2 2 2 2 2
left_child=1 -1 4 13 -3 9 -7 8 -8 11 12 -6 -11 -4 -15
right_child=-2 2 3 -5 5 6 7 -9 -10 10 -12 -13 -14 14 -16
leaf_value=-1.2448783841786539e-05 1.1551557243840515e-05 -3.3694929885788713e-06 1.4126062331762602e-06 6.3887595964778097e-06 -4.8374969787801094e-06 3.6796773781588852e-06 -2.4834039110525433e-06 4.3685192858333722e-06 1.1125568932995449e-06 6.9131069663722214e-07 -3.0736142012496463e-06 -2.48280566045816e-07 -6.2200224514457426e-07 -2.2850294422207825e-06 8.5964537971528403e-07
leaf_weight=21 22 23 26 28 20 30 45 20 52 190 28 22 268 31 23
leaf_count=21 22 23 26 28 20 30 45 20 52 190 28 22 268 31 23
internal_value=3.79889e-14 -3.07297e-07 9.04495e-09 1.5236e-06 -2.25299e-07 -1.18164e-07 9.78643e-07 2.8607e-07 -5.55672e-07 -4.23524e-07 -2.49812e-07 -2.43362e-06 -7.71781e-08 -1.79204e-07 -9.45631e-07
internal_weight=849 827 806 108 698 675 147 117 97 528 486 42 458 80 54
internal_count=849 827 806 108 698 675 147 117 97 528 486 42 458 80 54
is_linear=0
shrinkage=0.3


Tree=274
num_leaves=25
num_cat=0
split_feature=7 21 5 13 0 7 7 7 23 27 9 8 15 6 12 18 12 11 25 19 16 9 20 26
split_gain=2.7845e-08 3.60413e-08 2.22269e-09 1.15911e-08 2.88961e-09 3.29722e-09 2.79147e-09 3.08458e-09 3.14984e-09 3.42244e-09 2.95083e-09 3.52648e-09 3.31505e-09 2.75001e-09 2.70348e-09 2.46884e-09 2.30885e-09 2.22274e-09 3.44525e-09 3.10279e-09 2.39875e-09 1.87721e-09 1.27436e-09 9.66756e-10
threshold=-0.016001680032316123 0.046590000000000006 0.0043057500045495046 0.0092628221132445045 3.8452564304313279 -0.0047004627541657627 0.0025094047095924094 -0.011050170163282712 0.21111100000000002 0.76871000000000012 0.0037983585189215836 -0.0023782135742288174 -0.0048543644373912126 -0.0023641871662344756 -1.8390342430982036e-05 -0.14411997667180479 0.0023787685264484754 36.363553514805652 0.41428550000000003 0.035268000000000001 0.0023980220291902835 0.0059634935264012284 0.22553350000000003 0.50393100000000002
decision_type=2 2 2 2 2 2 2 2 2 2 2 2 2 2 2 2 2 2 2 2 2 2 2 2
left_child=-1 -2 6 -4 5 23 7 -3 9 -9 11 -10 -12 -11 15 -7 17 -8 19 -19 -20 -16 -18 -5
right_child=1 2 3 4 -6 14 16 8 10 13 12 -13 -14 -15 21 -17 22 18 20 -21 -22 -23 -24 -25
leaf_value=1.053373962349724e-05 -1.286049942869738e-05 -2.6629644320985691e-06 7.210104907877078e-06 4.3784530362245281e-06 -2.4177824409221671e-06 3.6217102149294079e-07 -3.3158586532522347e-06 4.1950570851454092e-06 -2.5395689515050891e-07 2.7183157925492195e-06 6.6716242176053944e-07 3.904398222442163e-06 -2.1007052057005862e-06 -6.4244133700494128e-07 -1.255905237940169e-06 -4.1952926514331125e-06 -4.965580828013571e-06 -3.7316865306395135e-06 4.3111628588121674e-06 3.3714861636916473e-07 9.4617829761643548e-09 1.7485982062609881e-06 -1.5789526631238004e-06 1.4640682505273618e-06
leaf_weight=22 20 32 23 21 34 20 24 34 50 36 66 29 95 56 27 23 20 31 20 37 28 61 20 20
leaf_count=22 20 32 23 21 34 20 24 34 50 36 66 29 95 56 27 23 20 31 20 37 28 61 20 20
internal_value=-2.26344e-15 -2.8022e-07 3.15585e-08 8.22548e-07 1.09374e-07 6.08928e-07 -2.81826e-07 1.61546e-07 4.08497e-07 1.62313e-06 -2.29186e-07 1.27253e-06 -9.66051e-07 6.72638e-07 -1.25903e-07 -2.07554e-06 -1.26217e-06 -6.87859e-07 -1.44134e-07 -1.51776e-06 1.80184e-06 8.26762e-07 -3.27227e-06 2.9568e-06
internal_weight=849 827 807 229 206 172 578 398 366 126 240 79 161 92 131 43 180 140 116 68 48 88 40 41
internal_count=849 827 807 229 206 172 578 398 366 126 240 79 161 92 131 43 180 140 116 68 48 88 40 41
is_linear=0
shrinkage=0.3


Tree=275
num_leaves=15
num_cat=0
split_feature=21 7 6 21 3 9 8 16 11 9 20 27 8 18
split_gain=2.9083e-08 3.21846e-08 2.49166e-09 1.39831e-08 1.87777e-09 2.47084e-09 4.56616e-09 3.03995e-09 2.66277e-09 2.29897e-09 1.76245e-09 2.33621e-09 1.53569e-09 1.38609e-09
threshold=0.046590000000000006 -0.016001680032316123 0.01160121495900907 0.34907850000000001 3.2314311265945439 0.0085156378905339222 -0.018758141803350132 0.0073081646895309165 10.000053389024631 0.010280586979418515 0.036020000000000003 0.8957885000000001 0.017136325738467902 -0.046904884076632437
decision_type=2 2 2 2 2 2 2 2 2 2 2 2 2 2
left_child=-1 -2 4 -4 -3 6 -6 8 -7 -10 13 -12 -5 -8
right_child=1 2 3 12 5 7 10 -9 9 -11 11 -13 -14 -15
leaf_value=1.1025348177489441e-05 -1.1874270707526843e-05 2.7348673751248499e-06 8.3954574989064668e-06 -3.1129577780575343e-06 -4.766831928164224e-06 4.4264758753342906e-06 -2.4929440357368548e-07 -2.6506290071535789e-06 2.2884689552718653e-06 -2.1255852980769677e-07 -3.7023857911178732e-07 2.1768089694822784e-06 4.4645700540968393e-07 -3.5712521314333286e-06
leaf_weight=21 21 20 20 20 22 20 20 21 53 88 438 35 24 26
leaf_count=21 21 20 20 20 22 20 20 21 53 88 438 35 24 26
internal_value=2.31494e-14 -2.79628e-07 2.20909e-08 1.8182e-06 -1.32621e-07 -2.11943e-07 -5.33614e-07 7.44231e-07 1.18704e-06 7.27544e-07 -3.54171e-07 -1.81768e-07 -1.17146e-06 -2.12692e-06
internal_weight=849 828 807 64 743 723 541 182 161 141 519 473 44 46
internal_count=849 828 807 64 743 723 541 182 161 141 519 473 44 46
is_linear=0
shrinkage=0.3


Tree=276
num_leaves=11
num_cat=0
split_feature=7 21 19 4 20 21 4 22 18 27
split_gain=2.83223e-08 3.29427e-08 1.55546e-09 8.42161e-09 1.68585e-09 2.19229e-09 1.46944e-09 1.50441e-09 1.43136e-09 1.35928e-09
threshold=-0.016001680032316123 0.046590000000000006 0.35990400000000006 20334800.000000004 0.48687200000000003 0.10703900000000001 6845700.0000000009 0.7277180000000002 0.086911176624429196 0.88551200000000019
decision_type=2 2 2 2 2 2 2 2 2 2
left_child=-1 -2 4 8 5 -3 -7 9 -4 -8
right_child=1 2 3 -5 -6 6 7 -9 -10 -11
leaf_value=1.0623631355470437e-05 -1.2309952807072477e-05 2.8424769889961284e-06 -2.7562181210214473e-06 5.3129742978257877e-06 -2.766035445997009e-06 2.2774281226454397e-06 3.3769112529920645e-08 -2.6540320440269421e-06 6.4878472812779357e-07 -1.2804694348060534e-06
leaf_weight=22 20 23 25 29 21 22 564 22 20 81
leaf_count=22 20 23 25 29 21 22 564 22 20 81
internal_value=2.9695e-14 -2.82612e-07 1.54637e-08 1.3263e-06 -1.16872e-07 -3.87367e-08 -1.34917e-07 -2.14484e-07 -1.24288e-06 -1.31275e-07
internal_weight=849 827 807 74 733 712 689 667 45 645
internal_count=849 827 807 74 733 712 689 667 45 645
is_linear=0
shrinkage=0.3


Tree=277
num_leaves=11
num_cat=0
split_feature=21 26 6 6 21 17 7 4 2 4
split_gain=2.93885e-08 3.08906e-08 5.78179e-09 2.43305e-08 1.11348e-08 6.00036e-09 1.0013e-08 1.59686e-09 3.22558e-09 2.88166e-09
threshold=0.046590000000000006 0.86058200000000007 0.011919266186284966 0.0097087424534737701 0.40835050000000006 0.0094228547533035893 -0.013731470588914609 17200100.000000004 3.6705989451154193 17677400.000000004
decision_type=2 2 2 2 2 2 2 2 2 2
left_child=-1 2 3 5 -4 6 -2 8 -8 -9
right_child=1 -3 4 -5 -6 -7 7 9 -10 -11
leaf_value=1.1083104927170746e-05 -6.5326816204767296e-06 -1.1372206751564756e-05 -8.5934684831556746e-06 1.0074239064682511e-05 1.5171901640985054e-07 4.0312324097341486e-06 1.0640001813125535e-06 -3.8171707501533092e-06 -6.3017223927233116e-07 -3.0001578774275655e-07
leaf_weight=21 22 22 20 22 38 31 236 23 177 237
leaf_count=21 22 22 20 22 38 31 236 23 177 237
internal_value=-4.25667e-14 -2.81093e-07 2.16418e-08 2.45384e-07 -2.86386e-06 -5.24599e-08 -2.3461e-07 -2.87297e-08 3.37926e-07 -6.11149e-07
internal_weight=849 828 806 748 58 726 695 673 413 260
internal_count=849 828 806 748 58 726 695 673 413 260
is_linear=0
shrinkage=0.3


Tree=278
num_leaves=14
num_cat=0
split_feature=26 7 6 21 6 21 3 4 18 18 16 5 20
split_gain=1.98992e-08 2.39723e-08 2.23693e-09 1.08402e-08 2.72498e-09 1.9804e-09 1.69445e-09 1.46176e-09 3.8037e-09 2.19871e-09 1.5219e-09 2.99194e-09 2.1429e-09
threshold=0.8999640000000001 -0.016001680032316123 0.01160121495900907 0.34907850000000001 0.0094675528964999599 0.10703900000000001 3.7641805410385136 28387000.000000004 0.63056094018507802 0.19771839692916968 0.0047733219742151041 0.0050698295140237546 0.12974500000000003
decision_type=2 2 2 2 2 2 2 2 2 2 2 2 2
left_child=1 -1 4 -4 5 -3 -5 10 9 -9 12 -12 -7
right_child=-2 2 3 6 -6 7 -8 8 -10 -11 11 -13 -14
leaf_value=-1.024336393779127e-05 8.9048506331643939e-06 2.4982109500292101e-06 7.5166734888654211e-06 9.5493839129545673e-07 -3.4118961780455426e-06 2.6149315115246396e-07 -2.7684619123714461e-06 1.0084291133694023e-06 -1.2804436648854574e-06 5.2674586527245989e-06 -3.5390558273229066e-08 3.5218563224361786e-06 -1.0870885905130488e-06
leaf_weight=21 22 27 20 22 22 173 22 24 34 20 143 25 274
leaf_count=21 22 27 20 22 22 173 22 24 34 20 143 25 274
internal_value=-1.1744e-14 -2.36888e-07 2.38262e-08 1.72556e-06 -1.22954e-07 -2.24588e-08 -9.06762e-07 -1.20667e-07 1.10277e-06 2.94435e-06 -2.75835e-07 4.93962e-07 -5.65154e-07
internal_weight=849 827 806 64 742 720 44 693 78 44 615 168 447
internal_count=849 827 806 64 742 720 44 693 78 44 615 168 447
is_linear=0
shrinkage=0.3


Tree=279
num_leaves=12
num_cat=0
split_feature=7 21 13 3 7 12 27 6 12 11 17
split_gain=3.20204e-08 4.16926e-08 1.9589e-09 3.13971e-09 1.19755e-08 1.52573e-09 1.51597e-09 2.60592e-09 1.50813e-09 2.87222e-09 1.40328e-09
threshold=-0.016001680032316123 0.046590000000000006 0.022250344009869038 3.898955345153809 0.0034565940962772161 0.0050192451936642351 0.71153250000000012 0.002389474956944867 -0.0043115836019981335 11.438189850912197 0.0046511581486920481
decision_type=2 2 2 2 2 2 2 2 2 2 2
left_child=-1 -2 3 5 -5 6 7 10 -8 -10 -3
right_child=1 2 -4 4 -6 -7 8 -9 9 -11 -12
leaf_value=1.1295942495466576e-05 -1.3831183083539144e-05 -1.4522216241463117e-06 -2.0973988439221569e-06 -9.171906214846416e-07 8.1943135839424024e-06 2.3696883290639284e-06 2.4970441090359102e-06 -3.6023254473359975e-06 -2.2308996027815007e-06 1.7016209213702929e-07 1.415718882010911e-06
leaf_weight=22 20 34 37 37 20 23 22 29 49 528 28
leaf_count=22 20 34 37 37 20 23 22 29 49 528 28
internal_value=-4.39319e-15 -3.00497e-07 3.48363e-08 1.37294e-07 2.27983e-06 -3.39881e-08 -1.14111e-07 -1.25498e-06 5.92095e-08 -3.37409e-08 -1.57023e-07
internal_weight=849 827 807 770 57 713 690 91 599 577 62
internal_count=849 827 807 770 57 713 690 91 599 577 62
is_linear=0
shrinkage=0.3


Tree=280
num_leaves=23
num_cat=0
split_feature=21 7 17 6 5 27 10 17 10 27 1 10 11 11 9 22 29 6 14 22 5 4
split_gain=2.21508e-08 2.5473e-08 1.84976e-09 9.83826e-09 2.45089e-09 3.55346e-09 2.87504e-09 2.42409e-09 2.68487e-09 2.6461e-09 2.48641e-09 3.35698e-09 3.86268e-09 3.41616e-09 2.90954e-09 2.69185e-09 2.20909e-09 3.23572e-09 1.79998e-09 1.73675e-09 1.62609e-09 9.85848e-10
threshold=0.046590000000000006 -0.016001680032316123 0.0023337788323989834 0.011025578740342998 -0.0022727356932843224 0.88713450000000016 -0.44721658423173655 0.0023866894380115927 -0.44445664917303912 0.7967010000000001 3.8803524801641145 -0.73029288692678607 25.000058801605729 11.438189850912197 0.0083154568898668405 0.31290350000000006 4.5000000000000009 -0.0025031981487772669 0.01177862460627401 0.29067000000000004 0.0045451996871772741 16874800.000000004
decision_type=2 2 2 2 2 2 2 2 2 2 2 2 2 2 2 2 2 2 2 2 2 2
left_child=-1 -2 3 4 5 16 -6 8 -4 -10 11 13 -13 -9 -15 -14 17 -3 20 -12 -8 -20
right_child=1 2 7 -5 6 -7 18 10 9 -11 19 12 15 14 -16 -17 -18 -19 21 -21 -22 -23
leaf_value=9.622040248099699e-06 -1.0559136886253587e-05 3.088125757244597e-07 8.9605454312342249e-07 7.0699918072092414e-06 -3.6628744723543603e-06 -2.3727097070036506e-06 4.7420346852370986e-07 -4.0248516808917752e-06 -7.160362333603519e-07 -5.1483338261783098e-06 -3.7577019789125644e-07 4.5842629129372814e-06 -4.6802269869710978e-07 -1.1861624798419663e-06 2.7690223718805513e-06 1.4310600150921551e-06 2.1936627636672972e-07 5.1730886241330154e-06 2.7318376666585206e-06 -3.6428450796519323e-06 -2.4188171603138168e-06 -4.8440412311637458e-08
leaf_weight=21 21 20 21 20 24 20 34 28 22 27 32 22 139 70 22 130 35 32 24 27 36 22
leaf_count=21 21 20 21 20 24 20 34 28 22 27 32 22 139 70 22 130 35 32 24 27 36 22
internal_value=2.52654e-14 -2.44037e-07 2.43854e-08 6.70313e-07 1.5212e-07 1.23307e-06 -6.74036e-07 -2.9499e-07 -1.94201e-06 -3.15832e-06 -4.96889e-08 2.11746e-07 7.62325e-07 -1.12341e-06 -2.40357e-07 4.4975e-07 2.06199e-06 3.30221e-06 -5.56559e-08 -1.87087e-06 -1.01364e-06 1.40214e-06
internal_weight=849 828 807 267 247 107 140 540 70 49 470 411 291 120 92 269 87 52 116 59 70 46
internal_count=849 828 807 267 247 107 140 540 70 49 470 411 291 120 92 269 87 52 116 59 70 46
is_linear=0
shrinkage=0.3


Tree=281
num_leaves=28
num_cat=0
split_feature=7 21 29 3 10 4 4 15 8 12 16 9 12 6 12 0 27 1 17 20 20 15 17 20 10 6 22
split_gain=2.92689e-08 3.43477e-08 1.71135e-09 4.7326e-09 2.54433e-09 2.99694e-09 3.21013e-09 2.52674e-09 2.90458e-09 2.16068e-09 1.8933e-09 2.37514e-09 3.09823e-09 4.41533e-09 1.96834e-09 3.66154e-09 3.35453e-09 3.27271e-09 3.37117e-09 3.28937e-09 2.34758e-09 2.06681e-09 1.89116e-09 1.82827e-09 1.55816e-09 1.204e-09 9.84297e-10
threshold=-0.016001680032316123 0.046590000000000006 3.5000000000000004 3.898955345153809 -0.1039710039933041 17200100.000000004 11090900.000000002 0.0021528529246804431 -0.0073349615974253515 0.0018688950597019103 0.0048250929123678501 0.010583521843582482 0.00047390263363799077 -0.0076432489529824994 0.00076040087620153358 3.8545477191720812 0.7459110000000001 3.8634373388465195 0.0049019562011037429 0.21064300000000005 0.28520200000000007 0.0024938225214576255 0.0047675827546289854 0.33741600000000005 0.70652502201974743 -0.0023336564181876385 0.096773500000000012
decision_type=2 2 2 2 2 2 2 2 2 2 2 2 2 2 2 2 2 2 2 2 2 2 2 2 2 2 2
left_child=-1 -2 3 4 7 6 9 8 22 -6 14 12 13 -12 17 16 -16 18 19 -4 -19 -18 -3 -15 -8 -10 -7
right_child=1 2 10 -5 5 26 24 -9 25 -11 11 -13 -14 23 15 -17 21 20 -20 -21 -22 -23 -24 -25 -26 -27 -28
leaf_value=1.0799703002042158e-05 -1.2568440411087067e-05 7.9462387680771165e-07 -2.8841189851609788e-06 4.1222840468435604e-06 -3.4787250186241178e-06 -7.4798168210321585e-07 5.592453817371279e-08 4.2141486895275193e-06 6.092043755805727e-07 6.8812491268285411e-07 4.1113870476497787e-06 -2.0144285694702654e-06 4.1118419387657919e-06 -2.0377647610244862e-06 -2.2280484913039797e-06 -2.6996195878115846e-06 9.3070595016268816e-07 2.6217768454525216e-06 -4.5335502970071198e-06 2.4947676764419667e-07 -1.5742742066647353e-06 4.3609239594388785e-06 4.0341963451441108e-06 1.2759544372032828e-06 3.1958124035275598e-06 -2.3328217569802556e-06 -3.1898187882662706e-06
leaf_weight=22 20 55 57 30 24 24 25 20 21 21 21 26 25 43 20 29 43 28 36 64 21 25 23 23 33 31 39
leaf_count=22 20 55 57 30 24 24 25 20 21 21 21 26 25 43 20 29 43 28 36 64 21 25 23 23 33 31 39
internal_value=-1.93629e-14 -2.87296e-07 1.70698e-08 5.21343e-07 1.79482e-07 -6.29719e-07 3.67196e-07 1.075e-06 5.92051e-07 -1.5342e-06 -3.61409e-07 5.68718e-07 1.16838e-06 3.22554e-07 -7.58801e-07 2.23876e-07 1.1873e-06 -1.31692e-06 -1.98494e-06 -1.22668e-06 8.23469e-07 2.19182e-06 1.74988e-06 -8.82984e-07 1.84241e-06 -1.1447e-06 -2.2596e-06
internal_weight=849 827 807 346 316 166 103 150 130 45 461 138 112 87 323 117 88 206 157 121 49 68 78 66 58 52 63
internal_count=849 827 807 346 316 166 103 150 130 45 461 138 112 87 323 117 88 206 157 121 49 68 78 66 58 52 63
is_linear=0
shrinkage=0.3


Tree=282
num_leaves=18
num_cat=0
split_feature=21 7 14 19 14 7 14 11 0 13 11 13 13 14 13 15 6
split_gain=2.47559e-08 2.57614e-08 1.67592e-09 7.30691e-09 2.13916e-09 2.67052e-09 1.84755e-09 1.96822e-09 4.29132e-09 2.0505e-09 1.79729e-09 1.44471e-09 3.9475e-09 2.55231e-09 2.03236e-09 1.58163e-09 1.15093e-09
threshold=0.046590000000000006 -0.016001680032316123 0.010191221740925582 0.36957600000000007 0.0097087288747822725 0.002389474956944867 0.010893287379668713 19.999656058045193 3.6110182599039118 0.010123524407283426 27.272706133326832 0.011566255512997564 0.012272734680640308 0.0086768223384624324 0.0073710028081938519 -0.0025125604058627467 0.010101122966370548
decision_type=2 2 2 2 2 2 2 2 2 2 2 2 2 2 2 2 2
left_child=-1 -2 3 4 11 -6 -4 8 -8 -9 -11 14 -13 -14 -3 -16 -12
right_child=1 2 6 -5 5 -7 7 9 -10 10 16 12 13 -15 15 -17 -18
leaf_value=1.0172129536353429e-05 -1.0631307486619334e-05 2.0143127165323203e-06 -2.7353877730515056e-06 5.7913481141853983e-06 1.6775607036834116e-08 4.4336393314510627e-06 4.0117331160406046e-06 -3.0074371431728273e-06 -9.2311546024705279e-07 -2.7869115015732859e-06 1.6249966042145013e-07 4.539229967690517e-06 1.7528366155064841e-06 -1.7916608791571288e-06 1.1176300969534876e-06 -1.3844893723617227e-06 -1.4383157474484598e-06
leaf_weight=21 21 23 28 22 28 22 29 27 35 24 256 20 33 41 27 144 48
leaf_count=21 21 23 28 22 28 22 29 27 35 24 256 20 33 41 27 144 48
internal_value=-1.07874e-14 -2.57989e-07 1.19489e-08 4.9369e-07 1.48872e-07 1.9602e-06 -3.7603e-07 -2.18364e-07 1.31299e-06 -4.94439e-07 -2.87577e-07 -1.65594e-07 7.99682e-07 -2.11007e-07 -6.33305e-07 -9.89418e-07 -9.02607e-08
internal_weight=849 828 807 360 338 50 447 419 64 355 328 288 94 74 194 171 304
internal_count=849 828 807 360 338 50 447 419 64 355 328 288 94 74 194 171 304
is_linear=0
shrinkage=0.3


Tree=283
num_leaves=20
num_cat=0
split_feature=7 27 13 20 13 15 5 6 13 6 6 6 4 27 18 20 12 22 5
split_gain=2.74854e-08 3.08953e-08 1.73914e-09 8.02133e-09 2.11099e-09 2.32115e-09 2.49111e-09 3.55549e-09 1.97375e-09 1.4501e-09 3.77568e-09 1.88764e-09 1.53574e-09 1.31164e-09 2.10315e-09 1.75848e-09 1.21015e-09 3.49266e-09 1.6716e-09
threshold=-0.016001680032316123 0.93668350000000011 0.010416997154700514 0.50791400000000009 0.010123524407283426 0.0043384111692311876 0.0022078654571920197 0.0025000937704678467 0.010659896522461642 0.010799818704044178 0.01280422048007214 -0.0073350071691598113 24777200.000000004 0.79971750000000008 0.032822037526896448 0.16769600000000004 -0.00059171404869722347 0.29348200000000008 -0.0023612603687671284
decision_type=2 2 2 2 2 2 2 2 2 2 2 2 2 2 2 2 2 2 2
left_child=-1 2 3 4 5 6 7 -2 -4 11 -11 13 -12 15 -15 -10 17 -13 -18
right_child=1 -3 8 -5 -6 -7 -8 -9 9 10 12 16 -14 14 -16 -17 18 -19 -20
leaf_value=1.0465500763116738e-05 5.0199152994423453e-07 -1.1638262978002396e-05 -2.8076445226168708e-06 6.4651818252059459e-06 2.8677309370303432e-06 -2.8661822899493924e-06 2.5594788026368902e-06 -3.4133394943107001e-06 -2.1578745830197477e-06 -4.7766180606296462e-06 1.4260859005871837e-06 1.431793502165006e-06 -1.9910614639684352e-06 -3.7187427259877471e-06 -2.0467892682063391e-08 1.4502274358428914e-06 1.8359208494483121e-06 -1.7156568389964378e-06 1.9848322183615246e-07
leaf_weight=22 92 21 26 20 23 25 33 27 20 21 29 55 20 31 25 31 84 75 169
leaf_count=22 92 21 26 20 23 25 33 27 20 21 29 55 20 31 25 31 84 75 169
internal_value=-2.94951e-15 -2.78405e-07 1.75713e-08 7.36785e-07 1.63946e-07 -1.87394e-07 2.53196e-07 -3.86361e-07 -2.52441e-07 -1.33806e-07 -1.41105e-06 4.86576e-08 3.13319e-08 -1.06536e-06 -2.06773e-06 3.52855e-08 3.59884e-07 -3.84043e-07 7.42138e-07
internal_weight=849 827 806 220 200 177 152 119 586 560 70 490 49 107 56 51 383 130 253
internal_count=849 827 806 220 200 177 152 119 586 560 70 490 49 107 56 51 383 130 253
is_linear=0
shrinkage=0.3


Tree=284
num_leaves=11
num_cat=0
split_feature=27 7 20 20 27 10 3 18 26 13
split_gain=2.33686e-08 2.5522e-08 1.75567e-09 5.82283e-09 1.53127e-09 1.13774e-09 1.18673e-09 1.67868e-09 1.95268e-09 1.62796e-09
threshold=0.93668350000000011 -0.016001680032316123 0.52578000000000003 0.48912050000000001 0.82431750000000015 -1.6113560741187272 3.2368433475494389 0.12660923424932194 0.74219000000000002 0.012854170756584923
decision_type=2 2 2 2 2 2 2 2 2 2
left_child=1 -1 3 5 -4 -3 -7 8 -8 -9
right_child=-2 2 4 -5 -6 6 7 9 -10 -11
leaf_value=-1.0581565090563216e-05 9.6499601754244804e-06 1.9856054043430049e-06 -3.1118976439933217e-06 5.0646055903769135e-06 -1.2385715318817924e-07 2.2034172074647528e-06 6.0609650173696003e-08 -1.3891652253108005e-06 2.7931562890444183e-06 1.6639700357459599e-07
leaf_weight=21 22 25 29 21 33 20 402 149 25 102
leaf_count=21 22 25 29 21 33 20 402 149 25 102
internal_value=-2.03591e-15 -2.5671e-07 1.22999e-08 1.40116e-07 -1.52149e-06 -2.91931e-09 -7.41415e-08 -1.41326e-07 2.20595e-07 -7.57024e-07
internal_weight=849 827 806 744 62 723 698 678 427 251
internal_count=849 827 806 744 62 723 698 678 427 251
is_linear=0
shrinkage=0.3


Tree=285
num_leaves=14
num_cat=0
split_feature=7 21 19 19 20 12 7 20 27 29 11 5 12
split_gain=2.62338e-08 2.95841e-08 1.95608e-09 8.4867e-09 1.60629e-09 1.29258e-09 1.13236e-09 1.91738e-09 2.62201e-09 2.38621e-09 1.49506e-09 4.38053e-09 1.57922e-09
threshold=-0.016001680032316123 0.046590000000000006 0.37488000000000005 0.30815750000000003 0.46941400000000005 0.00086078180871375419 0.0025000937704678467 0.25651050000000003 0.80825550000000013 4.5000000000000009 57.142883905756072 -0.0023894957912037845 0.00016385708274277186
decision_type=2 2 2 2 2 2 2 2 2 2 2 2 2
left_child=-1 -2 3 4 6 -4 10 9 -9 -8 12 -12 -3
right_child=1 2 5 -5 -6 -7 7 8 -10 -11 11 -13 -14
leaf_value=1.0224436339905713e-05 -1.1669742490312273e-05 3.4514182548520925e-07 -2.657130096941693e-06 6.0967374549493665e-06 -2.2917190112221103e-06 -1.2454076905387095e-08 -1.0061743269673685e-07 -1.4806731061245415e-06 2.5674833968499415e-06 -2.4767386171171372e-06 4.9280524306870232e-06 4.1443726387314435e-07 -1.1950596700311899e-06
leaf_weight=22 20 248 39 21 27 29 96 24 36 63 23 122 79
leaf_count=22 20 248 39 21 27 29 96 24 36 63 23 122 79
internal_value=3.90108e-14 -2.71992e-07 1.04799e-08 1.5216e-07 -2.17061e-08 -1.52925e-06 6.6992e-08 -4.96806e-07 9.48221e-07 -1.0421e-06 3.28585e-07 1.13039e-06 -2.69558e-08
internal_weight=849 827 807 739 718 68 691 219 60 159 472 145 327
internal_count=849 827 807 739 718 68 691 219 60 159 472 145 327
is_linear=0
shrinkage=0.3


Tree=286
num_leaves=14
num_cat=0
split_feature=21 26 13 7 7 6 26 20 14 17 21 9 14
split_gain=2.48552e-08 2.63071e-08 6.40904e-09 2.40129e-08 2.34627e-08 2.64494e-09 2.2202e-09 1.47584e-09 1.72497e-09 1.64408e-09 1.01256e-09 9.92319e-10 5.71736e-10
threshold=0.046590000000000006 0.86058200000000007 0.018141051313321811 -0.011325208613401338 -0.013172432274617838 0.01160121495900907 0.50624350000000018 0.46941400000000005 0.0099750522618251482 0.0084129429445532668 0.54202200000000011 0.0055639783297264682 0.012345742505890945
decision_type=2 2 2 2 2 2 2 2 2 2 2 2 2
left_child=-1 2 4 -4 -2 7 10 9 -9 11 -5 -6 -10
right_child=1 -3 3 6 5 -7 -8 8 12 -11 -12 -13 -14
leaf_value=1.0192517759475906e-05 -9.9439721085755903e-06 -1.0493765672560007e-05 1.1563759134674001e-05 2.7218515030695428e-06 5.1765785503367109e-07 2.4766207103139829e-06 -2.0321668434686302e-06 -3.4326749528190702e-06 8.7257555207997935e-07 -2.2599901512876383e-06 2.2827509445929098e-08 -2.9046393906540732e-07 -1.2992499314634642e-06
leaf_weight=21 22 22 20 22 291 37 31 25 20 27 29 258 24
leaf_count=21 22 22 20 22 291 37 31 25 20 27 29 258 24
internal_value=-7.36137e-15 -2.58506e-07 2.08684e-08 2.24334e-06 -3.01137e-07 9.92172e-09 -2.99322e-08 -1.31579e-07 -1.44272e-06 2.54844e-08 1.18711e-06 1.37885e-07 -3.12057e-07
internal_weight=849 828 806 102 704 682 82 645 69 576 51 549 44
internal_count=849 828 806 102 704 682 82 645 69 576 51 549 44
is_linear=0
shrinkage=0.3


Tree=287
num_leaves=15
num_cat=0
split_feature=8 7 18 18 20 19 19 3 1 12 27 1 22 4
split_gain=2.00321e-08 5.7325e-08 3.17299e-08 9.53303e-09 2.00098e-08 1.68641e-08 4.29748e-09 3.22563e-09 6.5635e-09 9.14686e-09 3.11109e-09 1.84104e-09 1.30197e-09 1.1927e-09
threshold=-0.027029060933502332 -0.014761434913422642 -0.0028160230211007938 -0.62488671035875787 0.022872000000000003 -0.33202349999999997 -0.66501049999999984 3.8066370487213139 3.9047152925177371 0.00061154729906238124 0.92358450000000014 3.8127409845008486 0.24863850000000001 18624650.000000004
decision_type=2 2 2 2 2 2 2 2 2 2 2 2 2 2
left_child=2 -2 -1 5 -5 -3 -6 10 9 -9 11 -8 -7 -10
right_child=1 3 -4 4 6 12 7 8 13 -11 -12 -13 -14 -15
leaf_value=-1.4304791479637722e-05 1.6204946554125854e-05 -1.0683642615276766e-05 1.6314670070325678e-06 9.6551572352154821e-06 -3.8328673945215998e-06 5.2819177865006032e-07 7.0080058702914991e-08 5.6438004438501383e-06 4.8399049802583248e-07 -3.086373031432491e-07 -3.7992735112116603e-06 -2.7426667656982318e-06 -2.1899886590894122e-06 -1.8049736533092593e-06
leaf_weight=22 20 20 23 20 25 35 436 52 40 42 21 22 29 42
leaf_count=22 20 20 23 20 25 35 436 52 40 42 21 22 29 42
internal_value=-1.85971e-14 3.44753e-07 -6.15959e-06 -5.98435e-08 3.02541e-07 -3.07971e-06 2.74638e-08 1.74805e-07 1.2731e-06 2.9842e-06 -2.28744e-07 -6.50301e-08 -7.03484e-07 -6.88406e-07
internal_weight=849 804 45 784 700 84 680 655 176 94 479 458 64 82
internal_count=849 804 45 784 700 84 680 655 176 94 479 458 64 82
is_linear=0
shrinkage=0.3


Tree=288
num_leaves=11
num_cat=0
split_feature=26 7 8 20 14 4 20 26 27 4
split_gain=1.55099e-08 4.33554e-08 2.39048e-09 1.63595e-09 8.20544e-09 1.51062e-09 1.36195e-09 1.81713e-09 1.34025e-09 4.92923e-10
threshold=0.8999640000000001 -0.016001680032316123 -0.032150777291301592 0.5130205000000001 0.010638288158590711 6845700.0000000009 0.024633500000000006 0.80038500000000012 0.67494300000000007 18624650.000000004
decision_type=2 2 2 2 2 2 2 2 2 2
left_child=1 -1 -3 5 -5 -4 -7 8 -8 -6
right_child=-2 2 3 4 9 6 7 -9 -10 -11
leaf_value=-1.3666130014046628e-05 7.8616351712215949e-06 3.2256811373734055e-06 2.3768642710758121e-06 6.5286526171348665e-06 -1.9491524409431803e-06 -2.2783965785213066e-06 -1.8613759485001188e-06 2.6159899958729096e-06 -4.7723869211745888e-08 1.3187642865984473e-07
leaf_weight=21 22 22 22 20 20 26 39 22 614 21
leaf_count=21 22 22 22 20 20 26 39 22 614 21
internal_value=2.54841e-15 -2.09137e-07 1.4148e-07 5.49334e-08 1.54688e-06 -7.09428e-08 -1.47764e-07 -6.56953e-08 -1.56043e-07 -8.8326e-07
internal_weight=849 827 806 784 61 723 701 675 653 41
internal_count=849 827 806 784 61 723 701 675 653 41
is_linear=0
shrinkage=0.3


Tree=289
num_leaves=21
num_cat=0
split_feature=2 26 3 17 4 1 13 27 6 16 27 20 23 12 1 15 14 12 8 5
split_gain=1.56492e-08 8.86417e-08 8.62542e-08 1.57197e-08 8.97657e-09 5.9461e-09 6.11027e-09 4.84148e-09 4.46785e-09 3.13391e-09 5.36106e-09 3.01284e-09 5.81135e-09 2.66383e-09 3.68884e-09 2.53794e-09 2.14837e-09 1.7148e-09 1.71397e-09 1.52721e-09
threshold=3.6067838564596943 0.85182500000000017 3.6541171073913579 0.0092167764786855403 8389300.0000000019 3.6227051902857257 0.016824913426552457 0.67494300000000007 -0.0097287096393389155 0.0045300128543049245 0.79616000000000009 0.26261200000000001 0.38750000000000007 0.00013021381023873001 3.8725279454230637 -0.0024155143005656974 0.014687890358023549 -0.0011779660140400514 -0.015105560139684096 0.0049321571182173495
decision_type=2 2 2 2 2 2 2 2 2 2 2 2 2 2 2 2 2 2 2 2
left_child=1 5 -2 4 -4 6 8 -6 -1 13 -11 12 16 18 -15 -12 -10 -13 -9 -19
right_child=2 -3 3 -5 7 -7 -8 9 11 10 15 17 -14 14 -16 -17 -18 19 -20 -21
leaf_value=-3.932007756191069e-06 2.0436076981695804e-05 -1.9914159422672704e-05 -4.554947545599182e-06 7.1837904536258588e-06 4.8233853587475996e-06 -4.757241981678817e-06 4.6510297210033972e-06 -3.9720567563315193e-06 -5.6864971957665123e-07 4.3663582270407156e-06 -2.8858507885079881e-06 9.3884214629724738e-07 4.4575130992319247e-06 1.5144546890057646e-06 -1.8312488939879281e-06 1.0008949964736126e-06 2.4001583150202856e-06 -2.7402618055373896e-06 -1.0419085618437117e-06 1.5584543353211103e-07
leaf_weight=28 20 22 38 28 20 25 24 22 117 36 21 25 32 87 45 54 27 57 98 23
leaf_count=28 20 22 38 28 20 25 24 22 117 36 21 25 32 87 45 54 27 57 98 23
internal_value=-7.40923e-15 -1.4309e-06 1.15936e-06 3.00711e-07 -1.57071e-07 -2.95054e-07 3.99452e-08 2.79272e-07 -3.18197e-07 2.89075e-08 1.35707e-06 4.18977e-08 8.0064e-07 -5.56115e-07 3.73874e-07 -8.73938e-08 -1.19982e-08 -1.2299e-06 -1.5791e-06 -1.90763e-06
internal_weight=849 380 469 449 421 358 333 383 309 363 111 281 176 252 132 75 144 105 120 80
internal_count=849 380 469 449 421 358 333 383 309 363 111 281 176 252 132 75 144 105 120 80
is_linear=0
shrinkage=0.3


Tree=290
num_leaves=15
num_cat=0
split_feature=26 7 26 3 3 8 4 18 27 26 12 26 19 15
split_gain=1.8036e-08 1.94421e-08 2.39937e-09 1.85588e-09 8.65642e-09 1.75873e-09 1.97286e-09 3.37561e-09 2.3234e-09 2.26575e-09 3.62016e-09 3.2016e-09 1.92173e-09 1.04889e-09
threshold=0.8999640000000001 -0.016001680032316123 0.83455650000000003 3.8972327709198002 3.9100339412689213 -0.021687806191581876 12964500.000000002 0.24768292216580465 0.71873700000000007 0.45506850000000004 0.00028591944565134654 0.43090350000000005 -0.33917549999999996 -0.0021321820408398214
decision_type=2 2 2 2 2 2 2 2 2 2 2 2 2 2
left_child=1 -1 3 5 -5 12 7 8 -7 11 -11 -8 -3 -6
right_child=-2 2 -4 4 13 6 9 -9 -10 10 -12 -13 -14 -15
leaf_value=-9.23704115588667e-06 8.4777137560236454e-06 3.7443007497728332e-06 2.7376973191296979e-06 6.6595171073657868e-06 9.5756534733482103e-07 -1.6198122717646449e-06 -4.6642937714644389e-07 -2.6670416638529373e-06 1.0676607951591695e-06 -2.5457785037019674e-06 -4.1045272437572589e-09 3.5501104366630894e-06 3.82648619613653e-08 -1.8471985526957725e-06
leaf_weight=21 22 20 28 20 20 34 167 31 195 120 87 20 34 30
leaf_count=21 22 20 28 20 20 34 167 31 195 120 87 20 34 30
internal_value=1.26994e-14 -2.25526e-07 9.26572e-09 -8.89298e-08 1.38465e-06 -2.34623e-07 -3.70489e-07 2.70931e-07 6.68647e-07 -7.93761e-07 -1.47754e-06 -3.68529e-08 1.41087e-06 -7.25293e-07
internal_weight=849 827 806 778 70 708 654 260 229 394 207 187 54 50
internal_count=849 827 806 778 70 708 654 260 229 394 207 187 54 50
is_linear=0
shrinkage=0.3


Tree=291
num_leaves=22
num_cat=0
split_feature=7 27 4 4 22 18 6 26 9 16 21 10 5 23 18 7 26 17 16 8 27
split_gain=2.57105e-08 2.85279e-08 1.60051e-09 6.58794e-09 2.9174e-09 2.12694e-09 2.40039e-09 2.04761e-09 2.10039e-09 1.99727e-09 1.50039e-09 1.37889e-09 2.3072e-09 2.05932e-09 2.10916e-09 1.45603e-09 1.35681e-09 1.37904e-09 1.10566e-09 1.09564e-09 9.16758e-10
threshold=-0.016001680032316123 0.93668350000000011 20687900.000000004 19814700.000000004 0.46389650000000004 -0.26310865145772366 0.0024243455695675291 0.46487500000000009 0.0049678934664517888 0.0023980220291902835 0.50875800000000015 0.63201754675416966 0.0025542973351309678 0.18333350000000004 0.22374970828212368 -0.0073620024638422652 0.60332150000000007 0.0024875301744809153 0.0025412977004239893 0.016970189950338454 0.79826900000000012
decision_type=2 2 2 2 2 2 2 2 2 2 2 2 2 2 2 2 2 2 2 2 2
left_child=-1 2 3 4 11 18 9 10 -9 -7 -4 12 15 -13 -15 -2 17 -10 -6 -18 -12
right_child=1 -3 7 -5 5 6 -8 8 16 -11 20 13 -14 14 -16 -17 19 -19 -20 -21 -22
leaf_value=1.0121950979489404e-05 -2.7597075199992103e-06 -1.1185207105362289e-05 2.0880903461360385e-06 4.7645763962782846e-06 4.4680926052365066e-06 -3.6533000537828128e-07 -1.4591897397341858e-06 -3.661046121976596e-06 -3.4959811216594973e-07 3.0479844596698056e-06 -1.7020847436775698e-06 1.7038870026908625e-06 2.207925116169319e-06 -2.2695023750246388e-06 7.0044452432479631e-07 -8.411595756720026e-08 1.1974066205766575e-06 -3.872569294252059e-06 1.424785568815423e-06 -1.5860723499372397e-06 5.7881217539293814e-07
leaf_weight=22 20 21 31 28 22 27 37 30 20 36 29 20 38 93 28 216 35 20 21 20 35
leaf_count=22 20 21 31 28 22 27 37 30 20 36 29 20 38 93 28 216 35 20 21 20 35
internal_value=1.17629e-15 -2.69266e-07 1.51445e-08 2.74172e-07 4.88467e-08 1.21743e-06 4.58735e-07 -6.7481e-07 -1.4727e-06 1.58514e-06 3.7504e-07 -3.53821e-07 3.84597e-08 -1.11612e-06 -1.58224e-06 -3.10861e-07 -7.81638e-07 -2.11108e-06 2.98183e-06 1.85232e-07 -4.54719e-07
internal_weight=849 827 806 586 558 143 100 220 125 63 95 415 274 141 121 236 95 40 43 55 64
internal_count=849 827 806 586 558 143 100 220 125 63 95 415 274 141 121 236 95 40 43 55 64
is_linear=0
shrinkage=0.3


Tree=292
num_leaves=21
num_cat=0
split_feature=27 7 5 0 27 17 6 17 5 29 18 12 19 27 22 15 8 12 21 22
split_gain=1.89165e-08 2.05803e-08 1.20108e-09 8.67904e-09 2.56851e-09 1.60124e-09 1.77653e-09 1.61561e-09 1.93215e-09 1.63811e-09 1.61801e-09 1.55203e-09 1.33033e-09 3.03558e-09 2.41919e-09 1.29878e-09 1.82559e-09 1.58533e-09 1.12597e-09 8.78618e-10
threshold=0.93668350000000011 -0.016001680032316123 0.004613518642489739 3.8796314560180445 0.87980250000000015 0.0092167764786855403 0.0094007286155527118 0.004524882484455324 -0.0023696862836650062 4.5000000000000009 0.28295418668618072 0.00082733182040049217 -0.18517999999999998 0.86241050000000008 0.20846950000000003 0.007083828625612759 -0.0025063131291352308 0.0032683375479297529 0.42730800000000008 0.30014400000000008
decision_type=2 2 2 2 2 2 2 2 2 2 2 2 2 2 2 2 2 2 2 2
left_child=1 -1 5 4 15 6 7 8 9 -3 -10 -8 13 -9 -14 16 -4 19 -18 -17
right_child=-2 2 3 -5 -6 -7 11 12 10 -11 -12 -13 14 -15 -16 17 18 -19 -20 -21
leaf_value=-9.5025136553366399e-06 8.6821954875466123e-06 1.1075832419668636e-06 6.0319117917768176e-07 6.5714730203580981e-06 2.6573261489915011e-06 -2.4647507001102689e-06 -3.0242971624390562e-06 5.9958495599420408e-07 -5.4085222613088872e-07 -8.3374163438982637e-07 -2.805647869763561e-06 7.4933303193183493e-08 1.7871060678139062e-06 4.9371987671520401e-06 -1.0745669368158621e-06 2.1778250235193752e-06 -1.0866956979498355e-06 -1.9456206733333858e-06 -3.9952169483624093e-06 2.8727224941706348e-09
leaf_weight=21 22 106 27 20 28 27 33 53 122 62 37 26 46 20 63 32 25 21 23 35
leaf_count=21 22 106 27 20 28 27 33 53 122 62 37 26 46 20 63 32 25 21 23 35
internal_value=3.33297e-14 -2.30965e-07 1.06011e-08 6.25575e-07 2.96766e-09 -2.07482e-07 -1.00182e-07 8.04519e-08 -3.18291e-07 3.91142e-07 -1.06788e-06 -1.65853e-06 7.96874e-07 1.78797e-06 1.33112e-07 -4.52996e-07 -1.37028e-06 3.28783e-07 -2.48036e-06 1.04166e-06
internal_weight=849 827 806 211 191 595 568 509 327 168 159 59 182 73 109 163 75 88 48 67
internal_count=849 827 806 211 191 595 568 509 327 168 159 59 182 73 109 163 75 88 48 67
is_linear=0
shrinkage=0.3


Tree=293
num_leaves=19
num_cat=0
split_feature=7 21 4 4 26 26 8 20 24 27 12 1 20 11 21 16 1 22
split_gain=2.35539e-08 2.63267e-08 1.11131e-09 3.27343e-09 1.80457e-09 1.35536e-09 1.7124e-09 1.66491e-09 1.28264e-09 1.97822e-09 1.16463e-09 1.12203e-09 1.03216e-09 1.12325e-09 1.12298e-09 1.05311e-09 9.64454e-10 6.74171e-10
threshold=-0.016001680032316123 0.046590000000000006 20687900.000000004 20071000.000000004 0.82473900000000011 0.46047300000000008 -0.021687806191581876 0.23646000000000003 0.43650750000000005 0.82117000000000007 0.00020060604848343998 3.8545476097598299 0.46941400000000005 93.750218437386636 0.42543350000000008 0.002451036536479156 3.8022076663553412 0.32227850000000008
decision_type=2 2 2 2 2 2 2 2 2 2 2 2 2 2 2 2 2 2
left_child=-1 -2 3 4 12 8 -7 10 16 -10 -8 17 13 14 -3 -14 -4 -9
right_child=1 2 5 -5 -6 6 7 11 9 -11 -12 -13 15 -15 -16 -17 -18 -19
leaf_value=9.6881459026834907e-06 -1.1009705667675007e-05 7.1790158972235032e-07 2.6778042592923156e-06 3.9049705394843062e-06 2.6351008145297782e-06 1.169193366170317e-06 -4.815141192011652e-06 -9.764458613403803e-07 -2.9710428504716087e-06 1.0159914992868836e-06 -1.6520427494852315e-06 -2.2763338956967625e-06 -2.4934111982294531e-06 -1.9851385501242061e-06 -2.181615864445389e-07 2.961343300609899e-07 1.5336300407398084e-08 1.4867922434547153e-06
leaf_weight=22 20 212 25 21 24 23 20 20 21 24 22 26 29 22 253 21 24 20
leaf_count=22 20 212 25 21 24 23 20 20 21 24 22 26 29 22 253 21 24 20
internal_value=5.15457e-15 -2.57726e-07 8.74214e-09 2.27636e-07 8.99813e-08 -5.57462e-07 -1.18118e-06 -1.68172e-06 3.11756e-07 -8.44625e-07 -3.15828e-06 -7.42087e-07 -2.3767e-08 1.09501e-07 2.08603e-07 -1.3218e-06 1.37374e-06 2.55173e-07
internal_weight=849 827 807 582 561 225 131 108 94 45 42 66 537 487 465 50 49 40
internal_count=849 827 807 582 561 225 131 108 94 45 42 66 537 487 465 50 49 40
is_linear=0
shrinkage=0.3


Tree=294
num_leaves=21
num_cat=0
split_feature=21 7 8 13 18 21 22 19 1 7 22 7 17 22 14 22 20 9 20 14
split_gain=2.07955e-08 2.08031e-08 1.15457e-09 4.43612e-09 1.93874e-09 2.36916e-09 1.83856e-09 2.30431e-09 1.83507e-09 1.47224e-09 1.30558e-09 1.23924e-09 2.14098e-09 2.22013e-09 1.43568e-09 1.12534e-09 1.18619e-09 1.73927e-09 1.66557e-09 1.02566e-09
threshold=0.046590000000000006 -0.016001680032316123 0.0022298218915336797 0.0089441213232993953 -0.29080502197874764 0.49541450000000004 0.21370050000000004 -0.030230499999999997 3.613979934329048 -0.0024009271946631313 0.43117350000000004 0.0021299534622892251 0.004968946911074368 0.49994500000000003 0.012628988978863996 0.59529350000000003 0.048827000000000009 0.0028993351688884222 0.083271500000000012 0.010296017240320619
decision_type=2 2 2 2 2 2 2 2 2 2 2 2 2 2 2 2 2 2 2 2
left_child=-1 -2 4 -4 6 11 -3 10 19 -10 -8 12 13 -6 -13 16 -5 -18 -19 -7
right_child=1 2 3 15 5 8 7 -9 9 -11 -12 14 -14 -15 -16 -17 17 18 -20 -21
leaf_value=9.3230405582289677e-06 -9.5582039648434151e-06 -1.4093347923941717e-06 3.420372611519549e-06 -1.955064903054806e-06 -1.2703626407379058e-06 -2.0215854578964352e-06 -9.5095523415340773e-07 4.159220186141153e-06 1.3959189224747645e-07 3.1406663506824578e-06 1.7709906754654573e-06 -3.774489891839039e-06 -3.1925877767743519e-06 1.3884634230502493e-06 -8.5384470572031591e-07 1.8257786161831485e-06 2.6862140617010611e-06 2.4748295764709382e-06 -3.7652990139136475e-07 6.7523443282818157e-07
leaf_weight=21 21 27 39 29 76 30 29 21 31 28 35 33 28 45 28 29 21 20 236 22
leaf_count=21 21 27 39 29 76 30 29 21 31 28 35 33 28 45 28 29 21 20 236 22
internal_value=2.49443e-15 -2.36454e-07 6.1195e-09 3.92223e-07 -3.27374e-07 -7.02341e-07 7.47309e-07 1.43236e-06 4.18681e-07 1.56383e-06 5.37609e-07 -1.29488e-06 -8.28585e-07 -2.81543e-07 -2.43387e-06 3.96917e-08 -1.29578e-07 6.1538e-08 -1.53767e-07 -8.80623e-07
internal_weight=849 828 807 374 433 321 112 85 111 59 64 210 149 121 61 335 306 277 256 52
internal_count=849 828 807 374 433 321 112 85 111 59 64 210 149 121 61 335 306 277 256 52
is_linear=0
shrinkage=0.3


Tree=295
num_leaves=14
num_cat=0
split_feature=7 20 13 17 26 13 8 4 10 3 27 17 16
split_gain=2.21345e-08 2.60234e-08 2.81398e-09 5.87392e-09 3.92446e-09 3.89821e-09 1.1963e-09 1.04723e-09 1.0441e-09 1.04486e-09 1.02263e-09 2.52101e-09 9.41092e-10
threshold=-0.016001680032316123 0.022167000000000003 0.0080988132908970164 0.0024510365364792128 0.85182500000000017 0.0089441213232993953 -0.0024038230112810293 9121400.0000000019 1.496065759963936 3.6541171073913579 0.82217600000000013 0.0024125463867979298 0.0024154567115350569
decision_type=2 2 2 2 2 2 2 2 2 2 2 2 2
left_child=-1 -2 3 6 5 -4 -3 10 9 -9 11 -7 -10
right_child=1 2 4 -5 -6 7 -8 8 12 -11 -12 -13 -14
leaf_value=9.3916911158554612e-06 -1.0429580920985742e-05 -1.3464252533594845e-06 3.4098905189239303e-06 -6.1419605043511177e-06 3.8150108696737125e-06 -2.5998610726674087e-06 1.7664545879370053e-06 -7.8453715413075442e-07 2.5684116081947651e-06 4.2949230121460948e-08 2.232971912974335e-06 1.5806603865509738e-06 -2.7497240921547924e-07
leaf_weight=22 22 25 30 20 26 20 20 254 22 299 32 37 20
leaf_count=22 22 25 30 20 26 20 20 254 22 299 32 37 20
internal_value=-2.74189e-14 -2.49839e-07 2.83647e-08 -1.86417e-06 1.946e-07 6.27647e-08 3.70769e-08 -8.4039e-08 -2.27605e-07 -3.37126e-07 8.75756e-07 1.13811e-07 1.21442e-06
internal_weight=849 827 805 65 740 714 45 684 595 553 89 57 42
internal_count=849 827 805 65 740 714 45 684 595 553 89 57 42
is_linear=0
shrinkage=0.3


Tree=296
num_leaves=19
num_cat=0
split_feature=5 7 26 6 15 20 6 17 7 22 4 4 16 7 29 1 2 8
split_gain=1.34858e-08 1.11787e-07 6.28254e-08 8.50856e-09 6.164e-09 7.35773e-09 5.56336e-09 4.82195e-09 6.68198e-09 2.47993e-09 2.38969e-09 1.82666e-09 1.50195e-09 1.3658e-09 2.04532e-09 1.08248e-09 2.14069e-09 1.07384e-09
threshold=-0.0022961991004551031 -0.011548157496525867 0.86635050000000013 0.013640104434773858 -1.0000000180025095e-35 0.028777500000000001 0.0096386474929145618 0.0073170663628244559 -0.012270861733932973 0.51092950000000015 19565500.000000004 10065550.000000002 0.0023584322133207436 -0.0047961123111037564 3.5000000000000004 3.4049032404808783 3.5378878699000258 0.0070423371579359283
decision_type=2 2 2 2 2 2 2 2 2 2 2 2 2 2 2 2 2 2
left_child=1 -1 3 6 5 -3 7 8 -2 13 -11 17 -13 14 -7 -15 -17 -10
right_child=2 4 -4 -5 -6 9 -8 -9 11 10 -12 12 -14 15 -16 16 -18 -19
leaf_value=2.2670448886888802e-05 -5.6706811047238911e-06 5.9656935059138054e-06 -1.5336027644689936e-05 -6.1075626417407744e-06 -5.0322338373121051e-06 4.055228064154497e-06 4.9606137582713933e-06 3.0327629474413698e-06 2.2179797556987066e-06 3.0212941288193013e-07 -3.9849308423072218e-06 -1.3981490421125879e-06 -1.4584093180173219e-08 -1.4966258835530051e-06 1.676565392080161e-07 2.7397007914130101e-06 -1.8291214730434362e-07 -7.5196953228923488e-08
leaf_weight=21 21 20 26 21 20 21 20 39 40 22 25 108 204 34 29 28 116 34
leaf_count=21 21 20 26 21 20 21 20 39 40 22 25 108 204 34 29 28 116 34
internal_value=-8.27167e-15 1.47739e-06 -9.67646e-07 -2.00546e-07 6.45179e-08 4.1006e-07 6.56501e-08 -1.53855e-07 -4.59207e-07 6.01432e-09 -1.97822e-06 -1.75681e-07 -4.9351e-07 4.15045e-07 1.80044e-06 2.58906e-08 3.85374e-07 1.16436e-06
internal_weight=849 336 513 487 315 295 466 446 407 275 47 386 312 228 50 178 144 74
internal_count=849 336 513 487 315 295 466 446 407 275 47 386 312 228 50 178 144 74
is_linear=0
shrinkage=0.3


Tree=297
num_leaves=12
num_cat=0
split_feature=26 7 26 7 6 10 5 10 27 8 27
split_gain=2.00278e-08 2.77942e-08 1.94181e-09 1.21559e-09 2.44018e-09 6.06728e-09 2.12126e-09 7.7618e-10 6.82537e-10 1.78913e-09 1.40219e-09
threshold=0.8999640000000001 -0.016001680032316123 0.84801150000000003 -0.010718181217164932 0.01160121495900907 1.0344205681518979 0.0021299534622892251 1.6664077734451919 0.89106850000000015 -0.01001267367793687 0.87980250000000015
decision_type=2 2 2 2 2 2 2 2 2 2 2
left_child=1 -1 3 6 7 -6 -3 8 10 -10 -5
right_child=-2 2 -4 4 5 -7 -8 -9 9 -11 -12
leaf_value=-1.1012307420190023e-05 8.9335811553196845e-06 -3.5769236260223447e-06 2.8228118935658131e-06 -2.786713799576668e-08 -5.6583097969656409e-07 6.136217394896448e-06 4.1520415470586161e-07 -1.8416627579075462e-06 -3.0167919160106747e-06 1.667943466293974e-07 2.1471676502317547e-06
leaf_weight=21 22 23 22 564 31 20 25 22 24 47 28
leaf_count=21 22 23 22 564 31 20 25 22 24 47 28
internal_value=1.7972e-14 -2.37653e-07 4.30765e-08 -3.49262e-08 6.04714e-08 2.06242e-06 -1.49769e-06 -8.8579e-08 -3.04073e-08 -9.09347e-07 7.50061e-08
internal_weight=849 827 806 784 736 51 48 685 663 71 592
internal_count=849 827 806 784 736 51 48 685 663 71 592
is_linear=0
shrinkage=0.3


Tree=298
num_leaves=14
num_cat=0
split_feature=7 27 20 16 6 6 0 7 17 8 8 13 22
split_gain=1.55076e-08 2.20267e-08 1.18088e-09 8.42686e-09 1.10329e-09 2.23469e-09 1.25017e-09 1.01702e-09 9.84587e-10 1.32586e-09 1.22189e-09 7.99123e-10 7.71341e-10
threshold=-0.016001680032316123 0.93668350000000011 0.47957350000000004 1.0000000180025095e-35 0.0097087424534737701 0.01280422048007214 3.7766905785346885 -0.0024782668731986837 0.0092167764786855403 -0.027836613895081627 -0.019347595038612189 0.01791407234056875 0.057302500000000013
decision_type=2 2 2 2 2 2 2 2 2 2 2 2 2
left_child=-1 2 4 -4 8 -6 -7 -5 9 -2 -11 -12 -9
right_child=1 -3 3 7 5 6 -8 12 -10 10 11 -13 -14
leaf_value=7.8610533467905367e-06 2.2039243036103401e-06 -9.800951347317875e-06 5.8939748478259449e-06 -2.3030430105047179e-06 -3.4269226996632196e-06 -1.4485628510514784e-06 1.8286477946283241e-06 1.5266698637463247e-06 -1.7435886787906281e-06 -1.7587944071160356e-06 2.2908133554805693e-07 -1.0636898679194929e-06 -8.7854495823031733e-07
leaf_weight=22 26 21 24 22 26 22 20 21 27 33 510 47 28
leaf_count=22 26 21 24 22 26 22 20 21 27 33 510 47 28
internal_value=1.90905e-14 -2.09121e-07 4.07901e-08 1.0342e-06 -9.19444e-08 -1.24111e-06 1.12014e-07 -6.08537e-07 2.95847e-08 1.07305e-07 1.49116e-08 1.19997e-07 1.52261e-07
internal_weight=849 827 806 95 711 68 42 71 643 616 590 557 49
internal_count=849 827 806 95 711 68 42 71 643 616 590 557 49
is_linear=0
shrinkage=0.3


Tree=299
num_leaves=14
num_cat=0
split_feature=27 7 27 9 21 22 3 20 16 14 14 6 6
split_gain=1.84018e-08 2.31772e-08 9.46583e-10 6.3699e-09 9.74911e-10 1.3485e-09 1.17593e-09 7.09476e-10 1.65512e-09 7.74301e-10 1.30837e-09 8.16036e-10 4.32713e-10
threshold=0.93668350000000011 -0.016001680032316123 0.67494300000000007 0.0059847819750379 0.11697650000000002 0.7277180000000002 3.5456259250640874 0.46941400000000005 0.0022935210409311441 0.020293183347588211 0.023206888457363718 -0.0023866474927011845 0.0024813899878319162
decision_type=2 2 2 2 2 2 2 2 2 2 2 2 2
left_child=1 -1 3 -3 6 7 -4 9 -9 11 -11 -6 -10
right_child=-2 2 4 -5 5 -7 -8 8 12 10 -12 -13 -14
leaf_value=-1.0066931320449969e-05 8.5632634652070409e-06 -1.717330809754003e-06 2.9313399092448629e-06 4.7665974789197209e-06 -3.3273947139337082e-07 -2.5777714828301158e-06 -3.8422503731031351e-08 -2.8218378383589498e-06 1.2017716800813425e-06 -2.8374995041117887e-06 6.9444977396489222e-09 4.2266826401531336e-07 -7.4802118764491105e-07
leaf_weight=21 22 30 21 25 206 20 28 27 20 22 43 343 21
leaf_count=21 22 30 21 25 206 20 28 27 20 22 43 343 21
internal_value=5.07244e-15 -2.27801e-07 2.85531e-08 1.22991e-06 -5.94291e-08 -1.49734e-07 1.23433e-06 -7.8531e-08 -9.9798e-07 2.32972e-08 -9.5579e-07 1.39218e-07 2.03097e-07
internal_weight=849 827 806 55 751 702 49 682 68 614 65 549 41
internal_count=849 827 806 55 751 702 49 682 68 614 65 549 41
is_linear=0
shrinkage=0.3


end of trees

feature_importances:
Column_7=405
Column_27=350
Column_21=307
Column_6=305
Column_13=262
Column_14=237
Column_12=228
Column_20=226
Column_18=218
Column_4=216
Column_26=212
Column_9=203
Column_19=195
Column_22=190
Column_17=185
Column_8=182
Column_10=170
Column_16=167
Column_5=152
Column_11=145
Column_0=123
Column_15=111
Column_2=107
Column_3=105
Column_1=91
Column_23=82
Column_29=75
Column_25=57
Column_24=47

parameters:
[boosting: gbdt]
[objective: regression]
[metric: l2]
[tree_learner: serial]
[device_type: cpu]
[data_sample_strategy: bagging]
[data: ]
[valid: ]
[num_iterations: 300]
[learning_rate: 0.3]
[num_leaves: 31]
[num_threads: 8]
[seed: 42]
[deterministic: 0]
[force_col_wise: 0]
[force_row_wise: 0]
[histogram_pool_size: -1]
[max_depth: 8]
[min_data_in_leaf: 20]
[min_sum_hessian_in_leaf: 0.001]
[bagging_fraction: 1]
[pos_bagging_fraction: 1]
[neg_bagging_fraction: 1]
[bagging_freq: 0]
[bagging_seed: 400]
[bagging_by_query: 0]
[feature_fraction: 1]
[feature_fraction_bynode: 1]
[feature_fraction_seed: 30056]
[extra_trees: 0]
[extra_seed: 12879]
[early_stopping_round: 0]
[early_stopping_min_delta: 0]
[first_metric_only: 0]
[max_delta_step: 0]
[lambda_l1: 0]
[lambda_l2: 0]
[linear_lambda: 0]
[min_gain_to_split: 0]
[drop_rate: 0.1]
[max_drop: 50]
[skip_drop: 0.5]
[xgboost_dart_mode: 0]
[uniform_drop: 0]
[drop_seed: 17869]
[top_rate: 0.2]
[other_rate: 0.1]
[min_data_per_group: 100]
[max_cat_threshold: 32]
[cat_l2: 10]
[cat_smooth: 10]
[max_cat_to_onehot: 4]
[top_k: 20]
[monotone_constraints: ]
[monotone_constraints_method: basic]
[monotone_penalty: 0]
[feature_contri: ]
[forcedsplits_filename: ]
[refit_decay_rate: 0.9]
[cegb_tradeoff: 1]
[cegb_penalty_split: 0]
[cegb_penalty_feature_lazy: ]
[cegb_penalty_feature_coupled: ]
[path_smooth: 0]
[interaction_constraints: ]
[verbosity: 1]
[saved_feature_importance_type: 0]
[use_quantized_grad: 0]
[num_grad_quant_bins: 4]
[quant_train_renew_leaf: 0]
[stochastic_rounding: 1]
[linear_tree: 0]
[max_bin: 255]
[max_bin_by_feature: ]
[min_data_in_bin: 3]
[bin_construct_sample_cnt: 200000]
[data_random_seed: 175]
[is_enable_sparse: 1]
[enable_bundle: 1]
[use_missing: 1]
[zero_as_missing: 0]
[feature_pre_filter: 1]
[pre_partition: 0]
[two_round: 0]
[header: 0]
[label_column: ]
[weight_column: ]
[group_column: ]
[ignore_column: ]
[categorical_feature: ]
[forcedbins_filename: ]
[precise_float_parser: 0]
[parser_config_file: ]
[objective_seed: 16083]
[num_class: 1]
[is_unbalance: 0]
[scale_pos_weight: 1]
[sigmoid: 1]
[boost_from_average: 1]
[reg_sqrt: 0]
[alpha: 0.9]
[fair_c: 1]
[poisson_max_delta_step: 0.7]
[tweedie_variance_power: 1.5]
[lambdarank_truncation_level: 30]
[lambdarank_norm: 1]
[label_gain: ]
[lambdarank_position_bias_regularization: 0]
[eval_at: ]
[multi_error_top_k: 1]
[auc_mu_weights: ]
[num_machines: 1]
[local_listen_port: 12400]
[time_out: 120]
[machine_list_filename: ]
[machines: ]
[gpu_platform_id: -1]
[gpu_device_id: -1]
[gpu_use_dp: 0]
[num_gpu: 1]

end of parameters

pandas_categorical:null
