tree
version=v4
num_class=1
num_tree_per_iteration=1
label_index=0
max_feature_idx=29
objective=regression
feature_names=Column_0 Column_1 Column_2 Column_3 Column_4 Column_5 Column_6 Column_7 Column_8 Column_9 Column_10 Column_11 Column_12 Column_13 Column_14 Column_15 Column_16 Column_17 Column_18 Column_19 Column_20 Column_21 Column_22 Column_23 Column_24 Column_25 Column_26 Column_27 Column_28 Column_29
feature_infos=[3.7726626068188693:6.8888053989979552] [3.8298238144009096:6.9927518348840678] [3.7155008239481497:6.7281610300635393] [3.7687084674835205:6.822657585144043] [699200:57811000] [-0.085343179227923158:0.075711684656354611] [-0.085343179227923158:0.075711684656354611] [-0.085343179227923158:0.075711684656354611] [-0.27611531008399282:0.20227243641509984] [0.0039577354932492899:0.086096484646035421] [-2.7304296132574954:2.8098720753600328] [5.2631768320295436:99.999999881639241] [-0.030417595654927139:0.021522026084507578] [0.010931187997765648:0.061417354627727488] [0.0041493734884286617:0.092000007629394531] [-0.083636370572176891:0.06835935790149919] [-1.1138300294661819e-16:0.035714251924804194] [0:0.065999984741210938] [-2.3382949985132173:2.2288863928504079] [-0.96462700000000001:0.94021600000000005] [0.0075079999999999999:0.95797900000000002] [0.012133:0.94605600000000001] [0.0080700000000000008:0.97320200000000001] [0:1] [0:1] [0:1] [0.0022399999999999998:0.96462700000000001] [0.41034900000000002:0.97320200000000001] [0:1] [0:4]
tree_sizes=2404 2949 1494 1576 2597 1873 1516 2251 1519 1613 2610 1428 1797 1158 1329 1429 2442 1524 1155 1722 2347 1535 1904 1717 1350 2820 2726 2901 2434 2274 2090 1250 3005 1998 1820 1240 2814 2003 2098 1264 1993 1354 1908 1721 2452 1815 2367 2101 1897 3017 1434 1619 1817 1159 1705 2003 1832 1352 1159 1433 2190 2635 3015 2101 1910 1069 1267 1432 1627 2257 1917 1249 2194 3012 1910 2759 1903 1735 1532 1435 2193 3025 1822 3020 2451 1348 2938 1530 2098 2368 1546 2198 2847 2825 2756 1714 1809 2198 2379 2002 1352 2639 2372 1628 1614 1179 2187 1997 974 2278 1999 2667 1816 2096 2289 2012 2561 1631 2565 1616 2387 2653 2368 2273 1548 1259 1902 1617 2375 1439 2376 1620 3016 2665 1730 2200 2108 1906 2460 1993 2735 1910 2356 2754 2084 1348 1613 2096 2646 2562 2380 2650 2256 2936 2573 2565 971 3016 2009 1445 1625 2278 2012 2835 2747 2184 2930 3009 2091 2743 1444 1989 1268 2645 1717 2182 2288 1725 2185 2748 3021 1903 2812 2360 3019 2473 1262 1621 2736 1804 2015 2759 1465 2082 3005 2549 2275 1813 2936 1814 2933 2549 2001 2645 2283 2005 2736 2941 2559 2572 2925 2014 2647 2663 2378 3015 2190 1906 3018 2278 2269 2566 1806 2378 2472 2188 2269 1538 2548 1815 2924 1621 2632 3010 2905 2841 2661 2184 2753 2745 2552 2370 2841 1530 2282 2378 2106 1622 2640 3027 2933 3024 3015 2271 1257 2559 1444 1900 2833 2934 2746 2650 2195 2294 2808 2736 2462 2824 2372 2548 2836 2759 2392 1801 2658 2285 2941 2285 2767 2933 1815 2818 2374 3022 1728 2849 2285 1629 1639 2287 2843 2271 3015 2644 1910 2483 1813 2916 2545 1817

Tree=0
num_leaves=25
num_cat=0
split_feature=3 11 17 10 27 18 16 6 4 11 3 14 11 4 11 22 16 27 9 9 28 15 14 5
split_gain=0.00528081 0.00338444 0.00371998 0.00268093 0.00266482 0.00443058 0.0025934 0.00258761 0.00176364 0.00276221 0.00246372 0.00195216 0.00181668 0.00242248 0.00170627 0.00148166 0.00126616 0.00110098 0.00149528 0.00246328 0.00118244 0.000841957 0.00055823 0.000491282
threshold=4.5605599880218515 24.231249820757551 0.0074418598079838702 -1.5556864013298566 0.93511250000000012 0.40151005573372761 0.0081632573621466652 -0.021076427453532266 13719350.000000002 63.461537539517103 5.2215342521667489 0.010214505503169954 78.738178897044932 7328450.0000000009 43.498963406713216 0.14458600000000002 0.0020304569795756467 0.63651500000000005 0.017626809203570064 0.033708955130981266 1.0000000180025095e-35 0.0037523547314595551 0.028629949184019714 -0.0032521175210568011
decision_type=2 2 2 2 2 2 2 2 2 2 2 2 2 2 2 2 2 2 2 2 2 2 2 2
left_child=3 2 -2 -1 5 14 7 -3 9 10 11 -9 13 -11 15 -5 -14 -8 20 21 -19 -20 -16 -12
right_child=1 6 -4 4 -6 -7 17 8 -10 12 23 -13 16 -15 22 -17 -18 18 19 -21 -22 -23 -24 -25
leaf_value=-0.001701779713181137 -0.00048418348604003212 -0.0037049659507157199 -0.0056574665657194234 0.0013435622938077309 -0.00035138269704368532 0.006056414406228304 0.0029599161453381169 0.0023773662149724566 0.0018900533272851077 -0.0014726214690950722 0.0030521558297644034 -0.00065828055197739914 -0.001728834490849134 -0.0049411319222588861 -0.00033685464896011523 0.0049113038920688057 0.0015349412824484936 0.00048919784733470102 -0.0031697963075465155 0.0019951034984452931 0.0030328494879865134 -0.00055831196561014038 0.0016960510725868301 0.0010894792008695516
leaf_weight=21 29 22 22 22 36 26 20 21 29 74 22 207 20 24 31 20 23 38 20 25 29 25 20 24
leaf_count=21 29 22 22 22 36 26 20 21 29 74 22 207 20 24 31 20 23 38 20 25 29 25 20 24
internal_value=1.59118e-05 -0.000366198 -0.0027158 0.00147922 0.00191019 0.00259437 -0.000173856 -0.000529134 -0.000371773 -0.000529828 2.53852e-05 -0.000378682 -0.00160875 -0.00232205 0.00162648 0.00304249 1.6906e-05 0.000880665 0.000577124 -0.000392516 0.00159018 -0.00171897 0.000460363 0.00202815
internal_weight=850 674 51 176 155 119 623 466 444 415 274 228 141 98 93 42 43 157 137 70 67 45 51 46
internal_count=850 674 51 176 155 119 623 466 444 415 274 228 141 98 93 42 43 157 137 70 67 45 51 46
is_linear=0
shrinkage=1


Tree=1
num_leaves=31
num_cat=0
split_feature=3 11 7 17 17 4 4 11 17 21 18 1 15 26 16 5 2 22 9 13 7 20 7 10 7 2 10 27 16 8
split_gain=0.0025876 0.00222101 0.00261019 0.00227311 0.00197266 0.00277906 0.00280669 0.00255257 0.00210325 0.00207436 0.00184957 0.00206836 0.00172674 0.00231808 0.00242691 0.00187451 0.00178849 0.00164114 0.00368936 0.00156853 0.00191711 0.00167113 0.00147764 0.00142334 0.00126259 0.00190896 0.00122819 0.00111412 0.000945058 0.000924983
threshold=4.5605599880218515 18.153937888792452 -0.016895817826351849 0.012671709874905275 0.0064309032684535354 14559550.000000002 10043300.000000002 32.919693187823519 0.0035556223997659738 0.18613150000000003 0.21571884185115583 4.5480313939990902 -0.013384527021778782 0.88368750000000007 0.0050042087156383164 0.0016091872343663939 4.9482543800454488 0.12090750000000001 0.013628594796607859 0.020037538273904882 0.0078511596036680668 0.84826600000000008 -0.0034543413285814065 1.1671031860078875 -0.0020366907568139161 4.6850867851096121 0.088726562966541342 0.8161115000000001 0.0041407828659275952 0.028672902586129107
decision_type=2 2 2 2 2 2 2 2 2 2 2 2 2 2 2 2 2 2 2 2 2 2 2 2 2 2 2 2 2 2
left_child=1 -1 -3 10 5 6 17 9 -8 -6 27 -12 -9 14 22 -15 -16 19 24 28 21 -21 -14 26 -19 -26 -20 -4 -2 -24
right_child=4 2 3 -5 7 -7 8 12 -10 -11 11 -13 13 15 16 -17 -18 18 23 20 -22 -23 29 -25 25 -27 -28 -29 -30 -31
leaf_value=0.0037062988310935909 -0.001216879121992471 -0.0020740638907429656 0.0023306957406020955 -0.0015154686742512831 -0.0050316056871617379 0.0032999574672430755 -0.0045792663859901949 0.0013691936022185377 -0.00022849510365631433 -0.00086313719844578632 0.0055277538229711346 0.0012648933941298828 0.0010265583620639516 -0.00040183254621095122 -4.9407817257036056e-05 -0.0036710846099020657 0.0033129992661997676 -0.00064282970852218573 -0.0024677339748575768 0.0039869646797887981 -0.00074703254763984917 0.0010553493001498281 -0.00083278345591679675 -0.0037607633048142106 0.0041207238379034348 0.00052160061653315395 0.0001556454308229149 -0.00029380284729602465 0.0011709033906719504 -0.0031720459782106978
leaf_weight=24 35 27 24 23 22 24 20 38 20 21 20 21 20 27 35 38 24 27 29 35 21 35 32 23 21 36 36 37 26 29
leaf_count=24 35 27 24 23 22 24 20 38 20 21 20 21 20 27 35 38 24 27 29 35 21 35 32 23 21 36 36 37 26 29
internal_value=1.79862e-11 0.00102432 0.000600844 0.00117862 -0.000267477 0.000173164 -3.29983e-05 -0.000865269 -0.00240388 -0.00299584 0.00178612 0.00334434 -0.000488255 -0.000832562 -0.000145175 -0.00231309 0.00131835 0.000259703 -0.000375013 0.000977934 0.00176696 0.00252116 -0.0012112 -0.00173248 0.0010471 0.00184759 -0.00101479 0.000738787 -0.000199136 -0.00194489
internal_weight=850 176 152 125 674 388 364 286 40 43 102 41 243 205 140 65 59 324 172 152 91 70 81 88 84 57 65 61 61 61
internal_count=850 176 152 125 674 388 364 286 40 43 102 41 243 205 140 65 59 324 172 152 91 70 81 88 84 57 65 61 61 61
is_linear=0
shrinkage=0.3


Tree=2
num_leaves=15
num_cat=0
split_feature=13 9 3 2 6 27 6 27 9 4 10 20 10 6
split_gain=0.00202624 0.00326964 0.00223632 0.00419651 0.00203348 0.00159341 0.00147656 0.00168159 0.0021822 0.00203894 0.00139765 0.00130264 0.00134765 0.000688254
threshold=0.046208261290907555 0.044741577055879243 4.4474563598632821 4.1986501819125168 -0.02847651901276875 0.5414770000000001 0.013830625779820841 0.67891650000000003 0.03464616820861572 4583200.0000000009 0.10446362156187167 0.18431750000000002 1.0515793479846713 0.023796518503752521
decision_type=2 2 2 2 2 2 2 2 2 2 2 2 2 2
left_child=1 2 3 -1 -4 10 7 9 -9 -7 -6 13 -13 -8
right_child=-2 -3 4 -5 5 6 11 8 -10 -11 -12 12 -14 -15
leaf_value=-0.00026338405133334591 0.0025572608656754402 -0.002879705351854985 -0.0026522284292797038 0.0049834777270165347 0.0035250368120614438 0.00010612052157574164 0.00057983737363404518 -0.00033134133931819759 0.0021596902063773836 -0.0038180297265241209 2.0840182551182806e-05 0.0030573580965317566 0.00029868552956031636 -0.0015704632872906848
leaf_weight=34 27 36 27 23 21 22 37 458 34 26 20 34 30 21
leaf_count=34 27 36 27 23 21 22 37 458 34 26 20 34 30 21
internal_value=-3.58748e-12 -8.38956e-05 4.39941e-05 0.00185377 -9.73172e-05 8.08796e-07 -0.000111592 -0.000324554 -0.000159197 -0.00201946 0.00181567 0.000831025 0.00176423 -0.00019872
internal_weight=850 823 787 57 730 703 662 540 492 48 41 122 64 58
internal_count=850 823 787 57 730 703 662 540 492 48 41 122 64 58
is_linear=0
shrinkage=0.3


Tree=3
num_leaves=16
num_cat=0
split_feature=18 18 1 18 14 9 0 15 5 27 26 0 4 16 21
split_gain=0.00152355 0.00246036 0.00171842 0.00331028 0.00175019 0.0017217 0.0016564 0.00177912 0.0025704 0.00228115 0.00206434 0.00178766 0.00176672 0.00159607 0.00119949
threshold=1.0581022284924495 0.79489355264335482 4.5574844415132985 0.24350578134165721 0.025889973126845916 0.015430086842161073 4.5291982973950882 -0.017402132935011239 -0.013372054674035032 0.8139765000000001 0.92970950000000008 5.062999317727237 6218800.0000000009 0.015999984741210903 0.022628000000000002
decision_type=2 2 2 2 2 2 2 2 2 2 2 2 2 2 2
left_child=1 2 3 4 5 -1 -4 9 12 -8 13 -11 -9 -10 -12
right_child=-2 -3 6 -5 -6 -7 7 8 10 11 14 -13 -14 -15 -16
leaf_value=0.0009588485522809523 0.0018315492591892296 -0.002625208619892047 -0.0022974993479194026 0.0040861246331657568 0.0019271759687633733 -0.0026800279888557271 0.0011921793072750526 0.00020477653514327748 1.1835435191238551e-05 -0.00094599482226526707 2.2277666721493004e-05 -0.0044876172895664751 0.0039044055285138218 0.0025745642229752694 -0.0029056595116237396
leaf_weight=22 39 33 31 26 31 25 21 21 446 29 20 23 26 23 34
leaf_count=22 39 33 31 26 31 25 21 21 446 29 20 23 26 23 34
internal_value=1.03361e-12 -8.8077e-05 1.95392e-05 0.00115457 0.00017739 -0.000976724 -0.0001556 -5.23355e-05 0.000126248 -0.00144676 -6.4729e-05 -0.00251248 0.00225138 0.000137513 -0.00182124
internal_weight=850 811 778 104 78 47 674 643 570 73 523 52 47 469 54
internal_count=850 811 778 104 78 47 674 643 570 73 523 52 47 469 54
is_linear=0
shrinkage=0.3


Tree=4
num_leaves=27
num_cat=0
split_feature=17 6 27 4 16 15 15 27 27 14 17 17 28 12 18 0 4 6 6 18 4 4 7 22 21 21
split_gain=0.00131626 0.00104192 0.00173087 0.00241065 0.00234632 0.00175107 0.00175196 0.00165737 0.00308164 0.00163925 0.00158206 0.00156167 0.0015241 0.00152012 0.00128761 0.00194875 0.00138407 0.00137664 0.00204431 0.00130534 0.00128244 0.00127535 0.00110382 0.00176495 0.000975459 0.000718158
threshold=0.026520091426294433 0.0024211813941924071 0.94132800000000005 3769650.0000000005 0.0055969649671484345 -0.018537616489630395 -0.013036137296771161 0.80394900000000014 0.58809300000000009 0.041461054378836411 0.0032706974949989489 0.0063158336438631337 1.0000000180025095e-35 0.002548131084089886 -0.50061854982140297 4.5182033008640596 2657600.0000000005 0.010214333985498135 0.011591144334108945 0.41882939884305148 7019850.0000000009 5723750.0000000009 -1.0000000180025095e-35 0.73210800000000009 0.24193700000000004 0.31349000000000005
decision_type=2 2 2 2 2 2 2 2 2 2 2 2 2 2 2 2 2 2 2 2 2 2 2 2 2 2
left_child=1 2 5 -4 -5 12 -7 8 10 14 -8 13 -1 -9 16 -16 -3 22 -19 -20 -13 -10 24 -24 -17 -18
right_child=-2 9 3 4 -6 6 7 11 21 -11 -12 20 -14 -15 15 17 25 18 19 -21 -22 -23 23 -25 -26 -27
leaf_value=-0.0034314211933752117 -0.0022902701861643102 0.0010879849334014579 0.001201634806183511 -0.0045056791148251956 -0.00082758909049664142 0.0028537352431819516 -0.00054370585101423782 0.0007079902726400178 -0.00092029762988911693 0.0025444412834927316 0.0031844964904718968 -0.0011841242965476401 0.00014940578126697803 0.0031894648479747364 0.0031928684671267706 -0.0013302933047725674 -0.00076141114748845052 -0.0031707653778721575 0.00070267983982479488 -0.0020104576773428561 0.0012592258706592536 -0.0033344680556066093 0.00066653906930393223 0.0040772054894742636 0.0014352966928113759 -0.0032452859042678027
leaf_weight=23 22 20 23 27 37 22 20 95 54 31 21 58 20 29 23 24 22 20 79 20 29 31 36 22 22 20
leaf_count=23 22 20 23 27 37 22 20 95 54 31 21 58 20 29 23 24 22 20 79 20 29 31 36 22 22 20
internal_value=4.60183e-12 6.08526e-05 -0.000219348 -0.0014326 -0.00237928 4.3222e-05 0.000259916 9.05864e-05 -0.000770351 0.000465036 0.00136586 0.000604701 -0.00176592 0.00128834 0.000255745 0.000563686 -0.000966082 0.000292514 -0.000404309 0.000154571 -0.000369674 -0.00180076 0.00108984 0.00196024 -7.61983e-06 -0.00194421
internal_weight=850 828 489 87 64 402 359 337 126 339 41 211 43 124 308 246 62 223 119 99 87 85 104 58 46 42
internal_count=850 828 489 87 64 402 359 337 126 339 41 211 43 124 308 246 62 223 119 99 87 85 104 58 46 42
is_linear=0
shrinkage=0.3


Tree=5
num_leaves=19
num_cat=0
split_feature=7 12 7 10 3 5 16 8 4 8 7 14 27 14 26 13 16 28
split_gain=0.000946431 0.00173596 0.00160893 0.00131809 0.00183588 0.00174644 0.00209526 0.00161197 0.00222341 0.00121958 0.00137378 0.00295007 0.00118614 0.00236102 0.00122885 0.00115081 0.000590498 0.000260817
threshold=0.012796743152923009 0.0098776467621944728 0.01030938706380523 1.452314399329848 5.8154120445251474 0.012796743152923009 0.0055146567381692364 0.062678758130681023 4583200.0000000009 0.055533004889339446 0.023555696815784389 0.034078864710160937 0.89805400000000013 0.010036817059851202 0.87928100000000009 0.034060521094263913 0.0032232061497736572 1.0000000180025095e-35
decision_type=2 2 2 2 2 2 2 2 2 2 2 2 2 2 2 2 2 2
left_child=1 2 3 4 5 12 -7 8 -5 10 11 16 13 -1 -14 -12 -2 -11
right_child=9 -3 -4 7 -6 6 -8 -9 -10 17 15 -13 14 -15 -16 -17 -18 -19
leaf_value=0.0028039352291009643 0.00045211125065439508 -0.0024100707125161653 0.0022512321111742705 -0.00045463346366886976 -0.0022384824503660639 -0.0033123588891092884 0.00016939314427353176 -0.00086231864659804035 0.0034532196411562739 -2.1660516795236616e-05 -0.0011595811416757189 -0.0050635067652547152 0.001785470245675625 -0.00045834240619216057 0.00029261284073288846 0.0018428626809327397 -0.0016082413794544165 0.0014920977842328802
leaf_weight=22 21 23 34 20 32 28 35 23 38 20 27 20 76 216 143 20 31 21
leaf_count=22 21 23 34 20 32 28 35 23 38 20 27 20 76 216 143 20 31 21
internal_value=7.93507e-13 0.000152438 0.0002408 0.000132815 -3.30158e-05 0.000102705 -0.00137805 0.00126292 0.00210568 -0.000657387 -0.00114355 -0.0019671 0.000306836 -0.000156787 0.000810682 0.000118055 -0.000776176 0.000753679
internal_weight=850 690 667 633 552 520 63 81 58 160 119 72 457 238 219 47 52 41
internal_count=850 690 667 633 552 520 63 81 58 160 119 72 457 238 219 47 52 41
is_linear=0
shrinkage=0.3


Tree=6
num_leaves=15
num_cat=0
split_feature=7 7 2 18 16 0 13 8 8 5 27 9 17 15
split_gain=0.000823698 0.00245186 0.00149903 0.000961466 0.000851502 0.00134732 0.00101684 0.000860974 0.0011889 0.000743539 0.00113648 0.000613452 0.00064876 0.00069736
threshold=-0.027755559951880952 -0.021076427453532266 4.504141211607652 -1.1347832220671636 0.0081632573621466652 4.2481038218209326 0.036463381334299716 -0.068378141245313454 -0.039014774708320869 -0.0019231337727346205 0.9191005000000001 0.010765814209202957 0.0019801567029798873 0.0019627085910020746
decision_type=2 2 2 2 2 2 2 2 2 2 2 2 2 2
left_child=2 -2 -1 -3 5 -5 7 -7 -9 10 -6 -11 -13 -14
right_child=1 3 -4 4 9 6 -8 8 -10 11 -12 12 13 -15
leaf_value=-0.00072403716238279067 -0.00273603748442838 0.0018217207250507692 0.0025362530548591168 0.0020685497351388966 0.00010824669751205615 -0.0019315708695212379 -0.0019143725061546908 0.0018879771935753522 -0.00023960129441346728 0.0013300643803501901 0.0025621951721735634 -0.001518280670279637 -0.00092397810780488318 0.00090143762263323875
leaf_weight=22 30 26 30 22 35 25 34 25 434 28 33 27 31 48
leaf_count=22 30 26 30 22 35 25 34 25 434 28 33 27 31 48
internal_value=-2.5025e-12 -7.53869e-05 0.0011569 2.85447e-05 -3.42889e-05 -0.000230847 -0.000328505 -0.000217101 -0.00012372 0.000491163 0.00129913 8.11486e-05 -0.000248754 0.000185135
internal_weight=850 798 52 768 742 540 518 484 459 202 68 134 106 79
internal_count=850 798 52 768 742 540 518 484 459 202 68 134 106 79
is_linear=0
shrinkage=0.3


Tree=7
num_leaves=23
num_cat=0
split_feature=18 4 17 20 13 12 7 13 10 15 11 15 7 11 5 13 0 8 12 18 20 16
split_gain=0.000721153 0.00200863 0.00198495 0.00192236 0.00147296 0.001314 0.00127273 0.0011463 0.00105041 0.00197957 0.00104414 0.00154472 0.000910575 0.00280772 0.00104832 0.00184342 0.000940229 0.00135178 0.00096731 0.000691446 0.000605731 0.00033697
threshold=0.17413731098117136 14042750.000000002 0.0056819392169192824 0.75105800000000011 0.025180691657592656 0.0016689845931329851 -0.0060911707923998601 0.028740685586474132 -0.44442845320991847 -0.0034131249795683904 17.465611027569206 -0.022369996688802858 -0.0056445174150736334 63.577862384158642 -0.012698731032248918 0.033272765754695566 5.6787830598311357 0.085613064350709353 0.0019006190262699479 0.47264985310741375 0.14577900000000002 0.0040733159975667116
decision_type=2 2 2 2 2 2 2 2 2 2 2 2 2 2 2 2 2 2 2 2 2 2
left_child=1 10 4 6 5 20 -4 -6 -8 -10 -1 -12 13 14 -13 -16 17 18 -14 -9 -2 -11
right_child=2 -3 3 -5 7 -7 8 19 9 21 11 12 16 -15 15 -17 -18 -19 -20 -21 -22 -23
leaf_value=0.0020269531376834495 0.00046665159945405318 -0.0030917140185400577 0.0018424609664361921 -0.0023765927356102366 0.0036606761924653812 0.001931323336887952 -0.0019010566757060587 0.0023659728205529971 0.0026549418135670879 -0.0018081507144961505 -0.0025844881161743694 0.001709104041219689 0.00031106357373346329 -0.0034898274020703796 0.00021609353702429376 -0.0025418534871905333 0.0018734900226639903 0.0023845536642641361 -0.00094126349160112159 0.00013294974252438314 -0.0013959235792175273 -8.7533044695322005e-05
leaf_weight=20 30 21 30 35 26 29 29 24 21 20 23 24 160 26 88 29 29 21 85 26 33 21
leaf_count=20 30 21 30 35 26 29 29 24 21 20 23 24 160 26 88 29 29 21 85 26 33 21
internal_value=-3.38204e-12 -0.000216873 0.000352084 -0.000418494 0.00106762 0.000260244 0.000147899 0.00204497 -0.000410748 0.000286332 -9.73249e-05 -0.000184924 -6.54652e-05 -0.000625237 -9.70143e-05 -0.0004675 0.000251422 7.45805e-05 -0.000123417 0.0012048 -0.000508983 -0.000926859
internal_weight=850 526 324 156 168 92 121 76 91 62 505 485 462 167 141 117 295 266 245 50 63 41
internal_count=850 526 324 156 168 92 121 76 91 62 505 485 462 167 141 117 295 266 245 50 63 41
is_linear=0
shrinkage=0.3


Tree=8
num_leaves=15
num_cat=0
split_feature=13 9 8 12 4 28 13 0 3 11 10 8 26 15
split_gain=0.000785581 0.00125435 0.000742202 0.000960105 0.00122719 0.000679197 0.00111397 0.00114678 0.00132447 0.000901327 0.00170922 0.00142296 0.000923405 0.000809406
threshold=0.046208261290907555 0.044741577055879243 0.096114052421590032 0.0074955179734086863 6188200.0000000009 1.0000000180025095e-35 0.036030846025921416 4.5104267716343172 4.9194116592407235 63.461537539517103 1.834835856055659 0.023720501892961723 0.89922100000000016 0.0021097623146379926
decision_type=2 2 2 2 2 2 2 2 2 2 2 2 2 2
left_child=1 2 3 5 -5 9 7 -7 -9 11 12 13 -11 -1
right_child=-2 -3 -4 4 -6 6 -8 8 -10 10 -12 -13 -14 -15
leaf_value=0.00030419484167090147 0.0015923013855677305 -0.0017839173844549803 0.0017449397453509102 2.943327973215756e-05 -0.0027264413965615232 0.002811789056951446 -0.0014489577486529015 -0.00020353499372669664 0.0013893681775676314 -0.00095803798345338179 0.0015633089090624707 0.0025453708396526052 -0.0033023396087810395 -0.00063820805623155796
leaf_weight=214 27 36 22 33 26 21 24 110 82 62 20 20 20 133
leaf_count=214 27 36 22 33 26 21 24 110 82 62 20 20 20 133
internal_value=6.85941e-12 -5.22383e-05 2.69745e-05 -2.24311e-05 -0.00118502 7.47258e-05 0.000488658 0.000706981 0.000476767 -0.000134447 -0.000923323 8.4805e-05 -0.00152982 -5.70143e-05
internal_weight=850 823 787 765 59 706 237 213 192 469 102 367 82 347
internal_count=850 823 787 765 59 706 237 213 192 469 102 367 82 347
is_linear=0
shrinkage=0.3


Tree=9
num_leaves=16
num_cat=0
split_feature=15 14 12 12 11 20 10 10 7 7 6 20 7 9 6
split_gain=0.000580923 0.000991129 0.00078684 0.0015883 0.000748699 0.000734921 0.00109934 0.00156965 0.000956747 0.00105223 0.000946697 0.000649944 0.000568343 0.000665761 0.000511565
threshold=-0.037992780902136085 0.053714356716861429 -0.010177219057090502 -0.013674812527966474 18.153937888792452 0.45977700000000005 -0.20133431347342026 1.5837001067560597 -0.0020366907568139161 0.0078511596036680668 0.01223254865501114 0.39640850000000005 0.028700206654408256 0.03935003554046871 -0.0041495003736200476
decision_type=2 2 2 2 2 2 2 2 2 2 2 2 2 2 2
left_child=-1 2 3 -2 -4 11 8 10 14 -10 -8 12 13 -6 -7
right_child=1 -3 4 -5 5 6 7 -9 9 -11 -12 -13 -14 -15 -16
leaf_value=0.0014549748899298719 0.00060546146967681118 -0.0020288874966685067 0.0018913316651014609 -0.003175371293909848 4.1963810496115553e-05 0.0014404316150466911 -0.00098974616046234578 0.0017081258047255687 0.0034334010098569299 0.00060197322246884663 0.00099279863523926378 -0.0018588637384391404 -0.0016012057490033013 -0.0016883299497879177 -0.00056138215424855135
leaf_weight=24 20 22 20 20 426 20 96 36 27 21 28 20 22 21 27
leaf_count=24 20 22 20 20 426 20 96 36 27 21 28 20 22 21 27
internal_value=8.8772e-13 -4.22753e-05 1.20847e-05 -0.00128495 7.99926e-05 3.13007e-05 0.000444195 -3.57796e-05 0.00125257 0.00219465 -0.000542075 -0.000184013 -0.00011259 -3.93252e-05 0.000290453
internal_weight=850 826 804 40 764 744 255 160 95 48 124 489 469 447 47
internal_count=850 826 804 40 764 744 255 160 95 48 124 489 469 447 47
is_linear=0
shrinkage=0.3


Tree=10
num_leaves=27
num_cat=0
split_feature=22 9 4 7 12 21 13 9 10 2 9 5 7 12 9 3 1 12 17 10 9 28 7 9 13 14
split_gain=0.00054937 0.00139094 0.0010851 0.000888814 0.000944508 0.00137465 0.00106995 0.00103279 0.00106096 0.0010927 0.00097817 0.00123729 0.000858253 0.0013923 0.00137192 0.00111098 0.00114681 0.000927372 0.000660059 0.000939541 0.000592575 0.000565673 0.000634726 0.00070117 0.000537037 0.000152969
threshold=0.026006000000000005 0.021985764246930325 6907200.0000000009 -0.027755559951880952 -0.00057084749516286652 0.72722200000000015 0.014315134812249691 0.014100797925845223 1.452314399329848 4.6850867851096121 0.023601078283000222 0.019313701462244377 -0.0037524776267532397 -0.0035230895087755535 0.032760783285209351 5.4333164691925058 4.585400457265739 -0.0055138027113936358 0.003663012591232266 1.3636747909126992 0.010409146267777024 1.0000000180025095e-35 -0.0062239949447125374 0.014741294710650667 0.019441015682735357 0.012269927283794144
decision_type=2 2 2 2 2 2 2 2 2 2 2 2 2 2 2 2 2 2 2 2 2 2 2 2 2 2
left_child=1 21 -3 -2 5 12 25 8 9 20 11 24 13 14 -5 16 -14 -18 -12 -20 -8 22 -1 -24 -9 -6
right_child=3 2 -4 4 6 -7 7 10 -10 -11 18 -13 15 -15 -16 -17 17 -19 19 -21 -22 -23 23 -25 -26 -27
leaf_value=0.00092405667928687765 0.00153112242444063 -0.00034439590616294969 -0.0030358467970342776 0.0007657640751197257 -0.001736250471440144 0.0018899098134300273 0.00086413263925351198 0.0012692046103715572 0.0032464126241393385 -0.00049698331122807065 -0.00048962048794833361 -0.0025851821643300354 0.0010214879868726712 -0.0028821138504153006 -0.0023830818623537197 0.0018886994174681605 -0.0027366103908128066 -0.00049609554804192152 0.0017709297498434103 -0.00027773087394648583 0.00297228635110514 0.0010331315162497607 -0.0018674494750748928 0.00029242179261927957 -0.00036082756227626996 -0.00056291175540536633
leaf_weight=24 38 26 28 33 20 21 30 23 20 34 29 20 31 34 20 20 23 60 66 29 20 39 31 24 87 20
leaf_count=24 38 26 28 33 20 21 30 23 20 34 29 20 31 34 20 20 23 60 66 29 20 39 31 24 87 20
internal_value=4.52607e-12 -0.000478845 -0.00173996 0.000121477 3.77792e-05 -0.000429599 0.000321964 0.000486382 0.0012827 0.000815146 0.000160332 -0.000414646 -0.000650004 -0.00138372 -0.00042248 -0.000173639 -0.000535453 -0.00111696 0.00076313 0.00114555 0.00170739 9.82769e-05 -0.000363234 -0.00092496 -2.00027e-05 -0.00114958
internal_weight=850 172 54 678 640 242 398 358 104 84 254 130 221 87 53 134 114 83 124 95 50 118 79 55 110 40
internal_count=850 172 54 678 640 242 398 358 104 84 254 130 221 87 53 134 114 83 124 95 50 118 79 55 110 40
is_linear=0
shrinkage=0.3


Tree=11
num_leaves=14
num_cat=0
split_feature=8 12 10 8 9 13 11 2 13 8 17 0 6
split_gain=0.000667203 0.000953129 0.000704637 0.000501914 0.000638749 0.00043314 0.0010601 0.000611389 0.000483585 0.000785897 0.000609832 0.000616304 0.000406217
threshold=-0.11045610482066189 -0.0095844934864508513 -1.3108795753564391 0.096114052421590032 0.040030463626199185 0.033554373740203237 38.944443404072125 4.8156460738018723 0.03120730239027256 0.007031158856732945 0.013636421143209204 4.5104267716343172 0.0058367517342586975
decision_type=2 2 2 2 2 2 2 2 2 2 2 2 2
left_child=2 -2 -1 4 5 8 -7 -8 10 -10 11 -3 -12
right_child=1 3 -4 -5 -6 6 7 -9 9 -11 12 -13 -14
leaf_value=-6.3078988459892572e-05 -0.0017478761012296609 0.0011636938707934776 0.0024552013271022586 0.001113957654119336 -0.0015710272586147767 0.0021089031393158025 -0.00089503686538444367 0.0008182018335470562 0.00032136499857702091 -0.0020453507246981774 -0.00028551011898397355 -1.089180480374539e-05 -0.0019179383244709637
leaf_weight=20 29 44 20 35 24 29 37 38 23 28 34 466 23
leaf_count=20 29 44 20 35 24 29 37 38 23 28 34 466 23
internal_value=-1.57161e-12 -5.90648e-05 0.00119606 3.64399e-06 -4.84485e-05 2.16357e-06 0.000568591 -2.69959e-05 -9.31576e-05 -0.000978008 -1.35679e-05 9.0445e-05 -0.000944209
internal_weight=850 810 40 781 746 722 104 75 618 51 567 510 57
internal_count=850 810 40 781 746 722 104 75 618 51 567 510 57
is_linear=0
shrinkage=0.3


Tree=12
num_leaves=18
num_cat=0
split_feature=3 0 20 8 16 3 4 13 2 17 26 7 20 17 8 19 21
split_gain=0.000476918 0.00103928 0.000840926 0.000795495 0.000616121 0.00116592 0.0010836 0.00103706 0.000954263 0.000839444 0.000707816 0.000802902 0.000789189 0.000735052 0.000697702 0.000315214 0.000234527
threshold=5.8154120445251474 5.6787830598311357 0.024715000000000004 0.098994553431019636 0.0019047670857783956 4.2347178459167489 7825550.0000000009 0.030893217335959507 4.5381271944892179 0.0096153299484007804 0.068969500000000017 0.015633192132652671 0.049868500000000003 0.0050718500116781915 0.028672902586129107 0.065680500000000017 0.066328000000000012
decision_type=2 2 2 2 2 2 2 2 2 2 2 2 2 2 2 2 2
left_child=1 3 -2 4 6 -6 7 8 -1 -8 12 14 -7 -13 -12 -10 -4
right_child=2 -3 16 -5 5 10 9 -9 15 -11 11 13 -14 -15 -16 -17 -18
leaf_value=-0.0022648098653324112 -0.002402210126747377 0.0017376317930938967 0.00070480935915838915 0.0016227740708228129 -0.0015830712352908449 -0.0001217565033584833 -0.0031368836054091599 0.0014427106401399214 -0.00063154485203910534 -0.00059600093588232993 6.5566942170594948e-05 1.6616237619680098e-05 0.0022930820476803689 -0.0020940372409919898 0.0011192813183109084 0.00055433521147757632 -0.00071462793910706589
leaf_weight=23 20 32 20 26 35 21 22 30 43 25 336 33 29 27 68 38 22
leaf_count=23 20 32 20 26 35 21 22 30 43 25 336 33 29 27 68 38 22
internal_value=5.08044e-12 6.30328e-05 -0.000801126 -7.84971e-06 -6.59267e-05 9.23241e-05 -0.000545925 -0.000111201 -0.000559445 -0.00178535 0.000206407 9.08426e-05 0.00127885 -0.000933178 0.000242925 -7.52061e-05 -3.87054e-05
internal_weight=850 788 62 756 730 549 181 134 104 47 514 464 50 60 404 81 42
internal_count=850 788 62 756 730 549 181 134 104 47 514 464 50 60 404 81 42
is_linear=0
shrinkage=0.3


Tree=13
num_leaves=11
num_cat=0
split_feature=12 11 8 6 5 2 16 21 7 18
split_gain=0.000493976 0.000512486 0.00107038 0.000488834 0.000591699 0.000421132 0.000607037 0.000488667 0.000713533 0.000671056
threshold=-0.016009718161490129 17.465611027569206 -0.097109840003766087 -0.02847651901276875 -0.032414554503566638 4.3952450372417369 0.0044809541811037185 0.64240150000000018 -0.01036267230963483 0.56216100662020663
decision_type=2 2 2 2 2 2 2 2 2 2
left_child=-1 -2 -3 -4 -5 6 -6 9 -9 -7
right_child=1 2 3 4 5 7 -8 8 -10 -11
leaf_value=0.0014732911245664581 0.0012753832800976501 -0.0021915452606793093 -0.0012298753607520383 -0.001440406823530793 0.0020401129025824204 -1.5721775906920238e-06 -0.00016413204985755411 0.00068408504805781627 -0.0009373861301113759 0.00092298063871742466
leaf_weight=20 26 21 29 24 23 475 22 33 94 83
leaf_count=20 26 21 29 24 23 475 22 33 94 83
internal_value=-1.47178e-12 -3.5501e-05 -7.78928e-05 -2.12048e-05 2.52826e-05 7.34696e-05 0.000962482 1.50673e-05 -0.000516059 0.000135951
internal_weight=850 830 804 783 754 730 45 685 127 558
internal_count=850 830 804 783 754 730 45 685 127 558
is_linear=0
shrinkage=0.3


Tree=14
num_leaves=13
num_cat=0
split_feature=15 5 10 11 4 2 14 11 1 11 11 17
split_gain=0.000436835 0.000334783 0.000494377 0.000361899 0.00115479 0.00072763 0.000635811 0.00047331 0.000743711 0.000538589 0.000613164 0.000443118
threshold=-0.037992780902136085 -0.030719855961455152 -1.8010888304272901 30.267978899524596 7204400.0000000009 4.6120231363979896 0.049068132179652481 35.634344132708684 4.8597702472954518 37.967913169970934 43.498963406713216 0.004255315263436356
decision_type=2 2 2 2 2 2 2 2 2 2 2 2
left_child=-1 -2 -3 4 11 -6 7 8 -5 -9 -11 -4
right_child=1 2 3 6 5 -7 -8 9 -10 10 -12 -13
leaf_value=0.0012616970001545268 -0.0012491134697938833 0.0013345868748729118 -0.0008229235111179554 -4.3084594362881038e-05 0.0017782113082440835 -0.00063985073829826429 -0.0015235301605729466 -0.0013866298730135895 0.0022243608330862353 0.00099832576861923661 -3.6993002701402791e-05 -0.0026603510200012741
leaf_weight=24 20 24 27 30 21 24 23 24 23 57 532 21
leaf_count=24 20 24 27 30 21 24 23 24 23 57 532 21
internal_value=-9.44376e-13 -3.66595e-05 -6.57377e-06 -4.77347e-05 -0.000603229 0.000488578 2.72449e-05 8.08002e-05 0.000940901 6.43585e-06 6.31991e-05 -0.0016268
internal_weight=850 826 806 782 93 45 689 666 53 613 589 48
internal_count=850 826 806 782 93 45 689 666 53 613 589 48
is_linear=0
shrinkage=0.3


Tree=15
num_leaves=14
num_cat=0
split_feature=13 13 11 10 18 6 6 4 14 3 6 14 14
split_gain=0.00036856 0.00076579 0.000468592 0.000354339 0.000891918 0.000828229 0.000391525 0.00136854 0.000667942 0.000642834 0.00057301 0.000530567 0.000653216
threshold=0.044868024890350904 0.039443867367655747 17.465611027569206 -1.3829374696049428 0.28930802150962209 -0.0083041038247864702 -0.010080998921954729 10043300.000000002 0.014462795668584794 5.2312850952148446 -0.0063560456288135137 0.041461054378836411 0.03153704748050138
decision_type=2 2 2 2 2 2 2 2 2 2 2 2 2
left_child=1 2 -1 4 5 -4 7 8 -5 -10 -8 12 -12
right_child=-2 -3 3 6 -6 -7 10 -9 9 -11 11 -13 -14
leaf_value=0.0012240345266556166 0.0010327898419927805 -0.0015255078964401035 -0.0025826379544853875 0.0024650226169615052 0.00065822905593888891 -1.4764119987376034e-05 -0.0012125306548212489 -0.0017431228720982161 0.00017960351369420324 0.0020835715119028463 6.4363880323486708e-05 0.0011550494079368516 -0.00097977207530470134
leaf_weight=28 30 30 26 20 29 20 37 21 79 20 414 34 62
leaf_count=28 30 30 26 20 29 20 37 21 79 20 414 34 62
internal_value=2.10631e-12 -3.7785e-05 1.87108e-05 -2.55793e-05 -0.000644736 -0.00146617 4.20143e-05 0.000489678 0.000883702 0.000564244 -7.25616e-05 1.01421e-05 -7.1637e-05
internal_weight=850 820 790 762 75 46 687 140 119 99 547 510 476
internal_count=850 820 790 762 75 46 687 140 119 99 547 510 476
is_linear=0
shrinkage=0.3


Tree=16
num_leaves=25
num_cat=0
split_feature=13 22 1 2 14 21 21 21 12 27 6 22 7 14 18 27 6 7 13 16 19 19 7 7
split_gain=0.00029253 0.000391598 0.000681498 0.00125604 0.000551539 0.00080058 0.00149654 0.00072324 0.000617137 0.000855169 0.000586659 0.00082768 0.00102839 0.00176425 0.000928235 0.00076553 0.000665356 0.00129648 0.00048544 0.0004063 0.000624963 0.000351171 0.000348345 0.000346783
threshold=0.014181816592597344 0.026006000000000005 5.2966761070873565 4.8274574061005966 0.021614641672518534 0.28411700000000001 0.11861900000000002 0.087766500000000011 -0.00057084749516286652 0.92305450000000011 -0.036315371396730696 0.041180000000000008 0.00389101707044625 0.027673454692209259 -0.020133907874077466 0.81052350000000006 0.018692129159024334 -0.012685186845328879 0.026068138321468665 0.010204023045831311 0.16589800000000002 0.12683550000000002 0.0016091872343663939 0.0020450774053327064
decision_type=2 2 2 2 2 2 2 2 2 2 2 2 2 2 2 2 2 2 2 2 2 2 2 2
left_child=21 2 3 19 5 6 7 8 9 -3 -6 -12 16 14 -14 -15 17 -13 -10 20 -2 -1 -7 -22
right_child=1 4 -4 -5 10 22 -8 -9 18 -11 11 12 13 15 -16 -17 -18 -19 -20 -21 23 -23 -24 -25
leaf_value=-0.0014690539436952139 -0.0014414707333780825 -0.00015431682787541497 -0.0015244124335974144 0.0019586099524293902 0.0017900872263126074 0.0013631078612940785 -0.0024007744001855531 0.0015614536707289517 0.00069602469601456754 -0.0023871631691760671 0.001606222910719991 0.00051312102701845817 0.0009583111898142046 0.0011714969279344057 0.0037790025185261448 -0.0007053253921803157 0.00086289448770591711 -0.0013115196460653301 -0.00083847848233874959 -0.0017095407110173254 0.0010061855561218636 9.0172167088334938e-05 2.464308020924883e-05 -0.00052100258712332848
leaf_weight=26 25 38 36 23 25 35 31 20 55 26 38 57 21 31 21 53 34 91 28 20 32 26 35 23
leaf_count=26 25 38 36 23 25 35 31 20 55 26 38 57 21 31 21 53 34 91 28 20 32 26 35 23
internal_value=1.37837e-12 4.4926e-05 -0.000376374 -4.03632e-05 0.000149757 -0.000178172 -0.000486471 -0.000131121 -0.000361404 -0.00106141 0.000386643 0.000285238 0.000122259 0.000781093 0.00236866 -1.26886e-05 -0.000333857 -0.000608786 0.000178361 -0.000500127 -0.000197774 -0.000689441 0.000693875 0.000367543
internal_weight=850 798 159 123 639 268 198 167 147 64 371 346 308 126 42 84 182 148 83 100 80 52 70 55
internal_count=850 798 159 123 639 268 198 167 147 64 371 346 308 126 42 84 182 148 83 100 80 52 70 55
is_linear=0
shrinkage=0.3


Tree=17
num_leaves=15
num_cat=0
split_feature=19 26 12 18 18 10 5 22 5 21 6 11 14 6
split_gain=0.000241062 0.000337706 0.0011246 0.000348309 0.000635181 0.000579846 0.000952047 0.000825939 0.000542602 0.00120593 0.00063246 0.00050382 0.000323918 0.000222558
threshold=-0.95380799999999988 0.93953350000000013 -0.00031092411155895041 -1.1347832220671636 -0.52957601102982077 -1.6900407852894255 -0.025409028368138117 0.47121750000000001 -0.010235527183047566 0.10541050000000002 -0.02847651901276875 61.20927339101025 0.027599144498591865 -1.0000000180025095e-35
decision_type=2 2 2 2 2 2 2 2 2 2 2 2 2 2
left_child=-1 3 -3 -2 11 7 -7 -6 9 -8 -10 12 13 -5
right_child=1 2 -4 4 5 6 8 -9 10 -11 -12 -13 -14 -15
leaf_value=0.0010292007980751805 0.0011022387119457842 -0.0021900001605972648 0.00071674332354197527 2.8541326300119574e-05 0.00031985739645149029 0.0020647057775615551 0.00049341450474071284 -0.0023739247518824416 -0.0013440318649042061 -0.0016007828812292949 0.00030225997848021865 -0.0017092952555451061 0.00066585446284771806 -0.0012031304006907908
leaf_weight=20 26 25 23 23 21 23 50 20 22 49 463 31 23 31
leaf_count=20 26 25 23 23 21 23 50 20 22 49 463 31 23 31
internal_value=-1.24387e-12 -2.48e-05 -0.000797186 2.26098e-05 -1.45203e-05 9.77419e-05 0.000171496 -0.000994183 9.6935e-05 -0.000543107 0.000227583 -0.000688093 -0.00027696 -0.000678529
internal_weight=850 830 48 782 756 648 607 41 584 99 485 108 77 54
internal_count=850 830 48 782 756 648 607 41 584 99 485 108 77 54
is_linear=0
shrinkage=0.3


Tree=18
num_leaves=11
num_cat=0
split_feature=10 10 5 11 12 5 1 12 5 15
split_gain=0.000338813 0.000507488 0.000587568 0.000333054 0.000490556 0.000249362 0.000745882 0.000730131 0.000549806 0.000373397
threshold=-2.0072281267316416 -1.6565644708050449 -0.02847651901276875 19.659324075923134 -0.011372500660225748 0.020752368287786819 4.8160283065803906 0.0048900453889864177 0.016546237481913979 0.013884165864264804
decision_type=2 2 2 2 2 2 2 2 2 2
left_child=-1 -2 -3 -4 -5 8 -7 -8 9 -6
right_child=1 2 3 4 5 6 7 -9 -10 -11
leaf_value=0.0012201575606013647 -0.0011310778249935538 0.0015493020121621983 -0.00091397567703097591 0.0014496876551805013 2.4636685356242759e-05 -0.0016192985910244964 0.0012449578892431289 -0.0010100015424541198 0.0011656374617949629 -0.0011380317482130172
leaf_weight=20 36 22 36 21 567 33 28 24 37 26
leaf_count=20 36 22 36 21 567 33 28 24 37 26
internal_value=2.08408e-12 -2.94014e-05 2.05487e-05 -2.30168e-05 2.05627e-05 -2.14116e-05 -0.000503742 0.000204207 4.36647e-05 -2.63403e-05
internal_weight=850 830 794 772 736 715 85 52 630 593
internal_count=850 830 794 772 736 715 85 52 630 593
is_linear=0
shrinkage=0.3


Tree=19
num_leaves=17
num_cat=0
split_feature=6 8 6 17 12 15 21 16 7 7 10 6 6 2 17 18
split_gain=0.000257768 0.000302836 0.000237131 0.000498418 0.00060806 0.000470654 0.000479423 0.000719587 0.000303643 0.00068779 0.00118057 0.000642743 0.000630768 0.00053342 0.000280177 0.00025508
threshold=0.031926564077513452 -0.11045610482066189 0.013830625779820841 0.020025017044338986 -0.0095844934864508513 0.01540702329974882 0.043712500000000008 0.0040241412013705844 -0.0020366907568139161 1.0000000180025095e-35 -0.14026213377417937 0.0035292396800090256 0.0058367517342586975 4.4256205717566353 0.025276287503882326 0.17808299896074672
decision_type=2 2 2 2 2 2 2 2 2 2 2 2 2 2 2 2
left_child=1 -1 3 4 -3 6 -4 -8 12 10 -10 -11 13 -6 -5 -14
right_child=-2 2 5 14 8 -7 7 -9 9 11 -12 -13 15 -15 -16 -17
leaf_value=0.00086115912050253852 -0.00079720697989354701 -0.0016923515157858757 0.0010954081988893449 0.0015925712770695098 -0.0015219246636011771 0.0017166241141967477 -0.0015291251305219096 0.00053218318211812785 0.0022671478260008369 -0.00038359656816833773 -0.00030981199465713872 0.00059217659201856474 -0.0019223329701667856 8.2846458348921073e-05 7.2221529699163504e-05 -0.0005627724030763721
leaf_weight=38 35 22 30 24 21 20 27 35 32 213 32 85 27 166 20 23
leaf_count=38 35 22 30 24 21 20 27 35 32 213 32 85 27 166 20 23
internal_value=-2.50635e-12 3.42359e-05 -6.20567e-06 -7.42204e-05 -0.000143354 0.000397632 0.000110894 -0.000365483 -8.64624e-05 8.63638e-05 0.000978668 -0.000105272 -0.000350442 -9.73685e-05 0.000901503 -0.00129694
internal_weight=850 815 777 665 621 112 92 62 599 362 64 298 237 187 44 50
internal_count=850 815 777 665 621 112 92 62 599 362 64 298 237 187 44 50
is_linear=0
shrinkage=0.3


Tree=20
num_leaves=24
num_cat=0
split_feature=6 15 22 17 1 0 18 9 13 10 10 13 11 3 23 19 0 10 10 27 13 19 27
split_gain=0.000209685 0.00064033 0.000879099 0.000775931 0.000539602 0.000429047 0.000407503 0.000498387 0.000705581 0.000395221 0.00041603 0.00052233 0.000404333 0.000428166 0.000826117 0.00100149 0.000440858 0.000346024 0.000799528 0.000456811 0.000304017 0.000529838 0.000256026
threshold=-0.0096156468420627913 0.0021097623146379926 0.38220500000000007 0.0021762994971583297 4.8520936890433273 4.7238862675031354 0.27186811202223266 0.025772619930756847 0.025371586023371157 -1.6565644708050449 -1.205755965726919 0.024898096924041858 32.919693187823519 4.6718349456787118 0.58333350000000006 0.7813460000000001 4.6877869724637664 0.1559607772837962 1.0000000180025095e-35 0.72028400000000004 0.01857296161663614 0.034240500000000007 0.89300950000000012
decision_type=2 2 2 2 2 2 2 2 2 2 2 2 2 2 2 2 2 2 2 2 2 2 2
left_child=1 3 5 -1 -4 -3 7 8 -5 -2 11 -11 22 14 20 -16 -15 18 -18 -19 -14 -22 -12
right_child=9 2 4 6 -6 -7 -8 -9 -10 10 12 -13 13 16 15 -17 17 19 -20 -21 21 -23 -24
leaf_value=-0.00095587009680457406 -0.0012576495911926029 -0.00040225380723695115 -0.00056254956894421907 0.0013591424805053974 0.0013674999082468275 -0.0021123704884540412 0.0020860901914097158 0.0017407828718065644 -0.0011028855109709017 -0.00016266776500825389 -0.0016692993398148403 0.0019290681945026984 -0.0010840436962493898 -0.0012926005616581309 0.0027229506655130531 0.00013192118389395482 -0.00014480412715592569 -0.00087975450284854574 -0.0022766309368580551 0.0002690961984090943 0.00064356831483812786 -0.0011595619563013315 -0.00025378567506382035
leaf_weight=20 25 31 22 20 32 23 27 26 22 22 23 21 23 31 25 29 76 37 20 197 55 20 23
leaf_count=20 25 31 22 20 32 23 27 26 22 22 23 21 23 31 25 29 76 37 20 197 55 20 23
internal_value=-1.75971e-12 0.000249849 -0.000274727 0.000742494 0.000581183 -0.00113064 0.00110004 0.000708525 6.95088e-05 -8.88617e-05 -4.0324e-05 0.000858878 -0.000109493 -3.30913e-05 0.000389286 0.00133147 -0.000210934 -0.000109323 -0.000588935 8.74403e-05 -0.000129877 0.000162734 -0.000961543
internal_weight=850 223 108 115 54 54 95 68 42 627 602 43 559 513 152 54 361 330 96 234 98 75 46
internal_count=850 223 108 115 54 54 95 68 42 627 602 43 559 513 152 54 361 330 96 234 98 75 46
is_linear=0
shrinkage=0.3


Tree=21
num_leaves=15
num_cat=0
split_feature=10 10 27 16 7 12 10 28 7 7 12 11 7 10
split_gain=0.000195191 0.000460001 0.000267747 0.000503544 0.00048615 0.000544915 0.000485841 0.00056054 0.000387304 0.000826591 0.000736447 0.000290995 0.000233239 0.000228595
threshold=-1.9395800676641062 -1.6565644708050449 0.93511250000000012 0.017833415465711672 -0.0039761699893744546 -0.0004225976676578559 1.2400501289245716 1.0000000180025095e-35 -0.027755559951880952 -0.01955121479994355 -0.0083090488515678122 30.267978899524596 0.0055710578968266155 0.54582925307064978
decision_type=2 2 2 2 2 2 2 2 2 2 2 2 2 2
left_child=-1 -2 3 8 5 -4 7 12 -3 -10 -11 -12 -6 -7
right_child=1 2 4 -5 6 13 -8 -9 9 10 11 -13 -14 -15
leaf_value=0.00077892957384132649 -0.0012216105734946072 0.0010490866385887121 -0.0017773494887960088 0.0013321670815990916 0.00055434458583476949 0.00053832286544742861 -0.0011315376148559153 0.0016198248408181826 -0.0017694368901214582 0.0017279764376681946 -0.00086917008103972132 5.2687985673260743e-05 -0.00059331078801358884 -0.00087884805165231231
leaf_weight=28 28 33 34 29 30 21 23 25 23 23 33 466 34 20
leaf_count=28 28 33 34 29 30 21 23 25 23 23 33 466 34 20
internal_value=-2.49865e-12 -2.65329e-05 1.56109e-05 0.000112305 -0.000298257 -0.000889361 9.75717e-05 0.000415207 5.11008e-05 -9.32771e-06 6.8225e-05 -8.27658e-06 -5.53473e-05 -0.00015298
internal_weight=850 822 794 607 187 75 112 89 578 545 522 499 64 41
internal_count=850 822 794 607 187 75 112 89 578 545 522 499 64 41
is_linear=0
shrinkage=0.3


Tree=22
num_leaves=19
num_cat=0
split_feature=20 18 18 6 18 18 17 17 14 14 5 22 13 20 16 14 6 4
split_gain=0.000180284 0.000199636 0.000833842 0.000841153 0.000626165 0.000282933 0.000289154 0.000806813 0.000522801 0.000464495 0.000455499 0.000400715 0.00071429 0.000399425 0.000851835 0.000380426 0.000347055 0.000254087
threshold=0.012351000000000003 0.75460852550239355 0.58922524429908318 -0.0020790236406132367 0.96148178564284448 0.52891451828009373 0.0082902275759679424 0.009199693531922749 0.025975797769574021 0.03125001616118548 -0.0018421162566066873 0.046280000000000009 0.030875179404327158 0.026321500000000001 0.0021186926538888291 0.049068132179652481 0.022372878459104253 9181300.0000000019
decision_type=2 2 2 2 2 2 2 2 2 2 2 2 2 2 2 2 2 2
left_child=-1 2 5 -4 -3 6 9 -8 10 13 -9 -11 -13 14 -2 -10 -15 -6
right_child=1 4 3 -5 17 -7 7 8 15 11 -12 12 -14 16 -16 -17 -18 -19
leaf_value=0.0008680776364469368 0.00078747892439423595 -0.0015516821196797537 0.0027014343015616758 0.00026255014735007925 -0.00046503354642482006 -0.001148313031132732 0.0018588390833465382 0.0004090672926977277 0.00066820802949951036 -0.0020193489402299744 -0.0011945217965893043 -0.0015609595662681385 0.00077862130774124325 0.00016677037726199419 -0.0016544143072678708 -0.00070971432141959663 -0.0010168395412620155 0.00094644484528213395
leaf_weight=21 20 30 20 35 24 21 25 25 100 20 44 24 23 314 36 22 24 22
leaf_count=21 20 30 20 35 24 21 25 25 100 20 44 24 23 314 36 22 24 22
internal_value=-1.64608e-12 -2.19899e-05 2.47807e-05 0.00114942 -0.000485388 -6.38368e-05 -3.01972e-05 0.000256231 4.6465e-05 -0.000164402 -0.000613511 -0.000894653 -0.000416058 -4.02223e-05 -0.00078231 0.00041973 8.27271e-05 0.000210021
internal_weight=850 829 753 55 76 698 677 216 191 461 69 67 47 394 56 122 338 46
internal_count=850 829 753 55 76 698 677 216 191 461 69 67 47 394 56 122 338 46
is_linear=0
shrinkage=0.3


Tree=23
num_leaves=17
num_cat=0
split_feature=14 14 27 15 18 27 20 22 11 6 27 22 11 8 12 12
split_gain=0.000178525 0.000860948 0.000207976 0.000724423 0.000552527 0.000535659 0.000322098 0.000311459 0.000496126 0.000468748 0.000457322 0.000457608 0.000400903 0.000310042 0.000265392 0.000105259
threshold=0.0083160360158841609 0.01020402304583133 0.72476450000000014 -0.0062565179942766468 -0.2544800630737119 0.74934450000000008 0.29028700000000002 0.016674500000000005 23.49394057661701 -0.0072139227061098054 0.82050250000000013 0.013752000000000002 29.007616830609347 0.025481528183289002 0.0092134494215805138 0.00016691080644103896
decision_type=2 2 2 2 2 2 2 2 2 2 2 2 2 2 2 2
left_child=-1 -2 3 6 -5 -4 -3 10 9 -9 -7 -12 -10 15 -14 -6
right_child=1 2 5 4 13 7 -8 8 12 -11 11 -13 14 -15 -16 -17
leaf_value=-0.00071879871728015127 0.0019704606158302339 -0.0021187660003425149 0.0015794040664331988 0.0010944386760991832 0.00060220781306270506 -0.0017117412406316196 -0.00054770031711086635 0.0020248980330176314 -0.001286955045153653 0.00014335725349015914 0.00059195146737952848 -0.0010695941878321508 0.00010007122728262109 -0.0011761105483553062 -0.00099059185262636413 -0.00035944662802648962
leaf_weight=30 20 23 20 34 21 22 24 22 21 26 35 26 458 27 21 20
leaf_count=30 20 23 20 34 21 22 24 22 21 26 35 26 458 27 21 20
internal_value=-4.77196e-12 2.62975e-05 -2.23066e-05 -0.000342034 0.000106994 5.08722e-05 -0.00131652 2.42429e-06 8.44511e-05 0.00100573 -0.00053915 -0.000116248 -3.99173e-06 -0.000386729 5.22551e-05 0.000133108
internal_weight=850 820 800 149 102 651 47 631 548 48 83 61 500 68 479 41
internal_count=850 820 800 149 102 651 47 631 548 48 83 61 500 68 479 41
is_linear=0
shrinkage=0.3


Tree=24
num_leaves=13
num_cat=0
split_feature=5 5 15 15 18 8 26 21 27 26 9 18
split_gain=0.000146019 0.000205052 0.000274628 0.000274074 0.000750123 0.000322188 0.000273081 0.00048392 0.00051692 0.000271111 0.000403367 0.000359936
threshold=0.036552721433855635 0.026510895742262858 0.020163769042556429 0.013370852539195946 -0.24743528477274448 0.093840522753040001 0.64200800000000013 0.13449250000000004 0.72476450000000014 0.83798050000000013 0.02606639710527121 -0.09660208211877061
decision_type=2 2 2 2 2 2 2 2 2 2 2 2
left_child=1 2 3 5 -5 6 7 -1 -9 10 -8 -11
right_child=-2 -3 -4 4 -6 -7 9 8 -10 11 -12 -13
leaf_value=0.0011864563953937388 0.00074560021350170364 -0.00079069804312894123 0.00084247889377258938 0.00074969011964510297 -0.0015182820597796566 0.0012086164250285946 -0.00023263106723521451 -0.00050557310151008858 0.0003690678073993447 0.0003648461534429189 -0.0015121605369495226 -0.00033221554025361432
leaf_weight=39 23 30 34 21 35 20 85 95 169 122 30 147
leaf_count=39 23 30 34 21 35 20 85 95 169 122 30 147
internal_value=-1.6089e-12 -2.07362e-05 8.24609e-06 -2.89281e-05 -0.000667792 2.1675e-05 -1.28793e-05 0.000200049 5.43296e-05 -0.000180893 -0.000566421 -1.6076e-05
internal_weight=850 827 797 763 56 707 687 303 264 384 115 269
internal_count=850 827 797 763 56 707 687 303 264 384 115 269
is_linear=0
shrinkage=0.3


Tree=25
num_leaves=29
num_cat=0
split_feature=22 10 9 11 7 27 22 12 5 27 9 17 17 6 19 3 17 17 2 4 12 7 7 1 12 2 26 17
split_gain=0.000137114 0.000500692 0.000452035 0.000427319 0.000342357 0.000522722 0.000403371 0.000363529 0.000348601 0.00032715 0.000311387 0.000369433 0.000401072 0.00032047 0.000537578 0.000485153 0.000447233 0.000373651 0.000326657 0.000478491 0.000348935 0.00030204 0.000392255 0.000298427 0.000230332 0.000227748 0.00021876 0.000205501
threshold=0.14458600000000002 1.6616112770098157 0.044741577055879243 76.500080579704971 0.0018692069111060949 0.77206400000000019 0.012322500000000002 0.0039516950086045865 0.0020855562549158191 0.93227900000000008 0.035749501772543706 0.0040650367106454454 0.0093458633212919386 -0.0062239949447125374 -0.73258499999999993 4.7457897663116464 0.012575351052365362 0.0059553895556754624 4.7597009579219138 6356900.0000000009 -0.001164731976832609 0.0042284173826080537 0.0093633741816601564 4.7457759446606538 0.00097722519051961936 4.6421555386831246 0.31486700000000006 0.0057691796291490681
decision_type=2 2 2 2 2 2 2 2 2 2 2 2 2 2 2 2 2 2 2 2 2 2 2 2 2 2 2 2
left_child=2 10 3 4 5 -1 -6 8 9 -7 13 -12 -13 14 15 -2 18 -16 20 27 -15 -8 -23 -22 -18 -10 -24 -20
right_child=1 -3 -4 -5 6 7 21 -9 25 -11 11 12 -14 16 17 -17 24 -19 19 -21 23 22 26 -25 -26 -27 -28 -29
leaf_value=0.0013870964449083927 0.00051357069694917771 0.0011870513447017098 -0.0013897062068281229 -0.00098745200087320818 -0.0013877849734271876 0.00069285891720937797 -0.00088106496361433522 0.0012919049259699021 -0.0011657296262455928 -0.00068293007872333481 -0.00041105493921349989 0.0021231181098846719 0.0002459655713339868 -0.0012757294587690041 0.00028590469097252932 -0.0012091965218132827 -0.0019168217555852606 0.0018562861997634171 0.00040189547663820643 -0.00043642199868502627 0.00024271467832260809 0.0013521234912332147 0.00066302584766942481 -0.00098230119788786396 -0.00049427895490745347 -1.517160329967737e-05 -0.00050960469273074222 0.0017290878973394033
leaf_weight=34 31 36 24 39 25 60 30 20 32 21 20 20 21 31 30 28 20 25 21 35 63 21 21 25 21 30 45 21
leaf_count=34 31 36 24 39 25 60 30 20 32 21 20 20 21 31 30 28 20 25 21 35 63 21 21 25 21 30 45 21
internal_value=2.85592e-12 0.000114137 -0.000127197 -4.70381e-05 6.11511e-05 0.000317111 -0.000293948 9.3924e-05 -7.36258e-05 0.000336173 2.03871e-05 0.000646009 0.00116165 -8.83392e-05 0.000324978 -0.000304014 -0.00028715 0.000999714 -9.86645e-05 0.000382804 -0.000410203 -6.02224e-05 0.000222827 -0.000105301 -0.0011882 -0.000609008 -0.000136495 0.00106549
internal_weight=850 448 402 378 339 197 142 163 143 81 412 61 41 351 114 59 237 55 196 77 119 117 87 88 41 62 66 42
internal_count=850 448 402 378 339 197 142 163 143 81 412 61 41 351 114 59 237 55 196 77 119 117 87 88 41 62 66 42
is_linear=0
shrinkage=0.3


Tree=26
num_leaves=28
num_cat=0
split_feature=12 12 28 5 5 26 18 12 11 5 12 22 13 20 4 18 9 2 27 5 14 0 13 14 22 13 26
split_gain=0.000137684 0.000269613 0.000149773 0.000331524 0.000491413 0.000571989 0.000506534 0.000279777 0.000359033 0.0004489 0.000330597 0.000532797 0.000549052 0.000605037 0.000482292 0.000344718 0.00034157 0.000277449 0.000385924 0.000362473 0.000409195 0.000427797 0.000397001 0.000258952 0.000444507 0.00036323 0.000252829
threshold=-0.016009718161490129 -0.010177219057090502 1.0000000180025095e-35 0.0080321591214975504 0.019048352476054048 0.29716150000000002 -0.09660208211877061 0.0042443613245629766 71.06740218760045 0.0093633741816601564 0.00097722519051961936 0.041180000000000008 0.025098019072123237 0.029000000000000005 5623750.0000000009 0.14315316903448533 0.011466575889875952 4.4714272116619336 0.91668650000000007 -0.0016260862389742899 0.013170320150536045 4.7191658718280562 0.021196721841219693 0.020202131258436996 0.046280000000000009 0.025598293591277205 0.88458150000000002
decision_type=2 2 2 2 2 2 2 2 2 2 2 2 2 2 2 2 2 2 2 2 2 2 2 2 2 2 2
left_child=-1 -2 3 17 5 -5 -6 10 -9 -10 11 15 16 -14 -12 -4 -13 18 -3 23 21 -21 -22 25 -25 -19 -7
right_child=1 2 7 4 6 26 -8 8 9 -11 14 12 13 -15 -16 -17 -18 19 -20 20 22 -23 -24 24 -26 -27 -28
leaf_value=0.00077781815834896404 -0.00087258703783845706 -0.00036595303786452854 0.0018329856668556615 -0.00059095141555839546 0.00061410495126619925 0.0016908162689875238 -0.0012143167346948759 -0.0010854317977528778 0.0012362633233091659 -0.00074966395142837426 9.9328543452931374e-05 -0.00027933615775786481 0.001681517042525229 -0.00036650057375703219 0.0018150338588748126 0.00018893437982114847 -0.001974517611670308 -2.8382990029740538e-05 0.0013368282198865451 -0.00071170754423032379 -0.001933222593506798 0.0011049230252683628 -0.00062600039110174803 -0.0013273837195048408 7.1639235757174901e-05 0.0013410587579330794 0.00046867160615511236
leaf_weight=20 32 25 22 21 25 39 30 31 21 20 29 23 20 37 30 24 20 72 23 28 30 20 69 31 60 23 25
leaf_count=20 32 25 22 21 25 39 30 31 21 20 29 23 20 37 30 24 20 72 23 28 30 20 69 31 60 23 25
internal_value=1.52394e-12 -1.87426e-05 1.54968e-05 -7.92703e-05 0.000315513 0.000767631 -0.000383216 0.000193741 -0.000315002 0.000267518 0.000372421 0.000130239 -0.000258453 0.000352102 0.000971721 0.00097522 -0.00106779 -0.000224335 0.000449963 -0.000321531 -0.000673606 4.52219e-05 -0.00102213 -4.32783e-05 -0.000404951 0.000303166 0.00121342
internal_weight=850 830 798 521 140 85 55 277 72 41 205 146 100 57 59 46 43 381 48 333 147 48 99 186 91 95 64
internal_count=850 830 798 521 140 85 55 277 72 41 205 146 100 57 59 46 43 381 48 333 147 48 99 186 91 95 64
is_linear=0
shrinkage=0.3


Tree=27
num_leaves=30
num_cat=0
split_feature=18 21 7 11 19 18 22 15 13 18 9 27 19 20 14 15 15 22 4 10 15 0 6 0 6 21 14 3 11
split_gain=0.000145382 0.000392212 0.000490412 0.000380259 0.00033711 0.000359504 0.000471643 0.000565259 0.000395151 0.000617827 0.000453444 0.000329222 0.000515824 0.0003673 0.000331151 0.000338269 0.00035914 0.000308803 0.00028055 0.000368838 0.000374303 0.000340388 0.000314834 0.000235506 0.000225392 0.00020971 0.000197272 0.000194516 6.60347e-05
threshold=0.057527884150835519 0.031858000000000004 0.0090228990092063432 80.464698833902148 0.89638050000000014 1.0000000180025095e-35 0.18022550000000001 0.013370852539195946 0.022778230487323133 -0.4174724052346846 0.018018618229661901 0.89833000000000018 0.72352000000000005 0.049868500000000003 0.047926353429232342 -0.014301023633811994 -0.0079370191369398015 0.031358000000000004 7572850.0000000009 0.0567210891812902 0.010409574161146204 5.1878316283613239 -0.011267762782359502 4.7723870675556057 0.0020429686233852653 0.026284500000000006 0.02479396012085296 5.1315364837646493 46.385045308318396
decision_type=2 2 2 2 2 2 2 2 2 2 2 2 2 2 2 2 2 2 2 2 2 2 2 2 2 2 2 2 2
left_child=4 2 25 11 5 6 7 8 9 -1 -10 12 14 23 15 -3 -17 -15 19 22 27 -20 -8 -13 -24 28 -12 -21 -2
right_child=1 3 -4 -5 -6 -7 18 -9 10 -11 26 13 -14 17 -16 16 -18 -19 21 20 -22 -23 24 -25 -26 -27 -28 -29 -30
leaf_value=-0.00084836152072966799 -0.00075554818363993289 0.0012710065542099376 0.00088844667188823221 0.0015609498939011244 0.00075340599234698092 -0.0011416699798163874 -0.0014289103822772054 -0.0016824971261265654 -0.001616034839903948 0.0010958937579600484 -0.00067003330688983679 -0.00066655199425440508 -0.0014628477608493993 0.00054144375078197171 -0.00093619598112788718 -0.00106470320984954 0.00032907658515438071 0.0020250003531818153 0.0016286978001517128 -0.00026796715504712084 0.001571496886317618 4.6973736025393003e-05 0.00039460860357126769 0.00072156340677545147 -0.00083774117652369153 -0.0014510196924675254 0.00045049891856391549 0.0008603939301974606 -3.2104501899863991e-06
leaf_weight=24 21 27 20 20 37 33 22 29 29 38 31 22 20 28 22 20 99 23 24 44 20 25 34 22 22 27 26 20 21
leaf_count=24 21 27 20 20 37 33 22 29 29 38 31 22 20 28 22 20 99 23 24 44 20 25 34 22 22 27 26 20 21
internal_value=2.12565e-12 0.000134109 -0.000419579 0.000296743 -0.000114783 -0.000191085 -0.000110236 -0.000471368 -0.000234053 0.000343279 -0.000650268 0.0002074 -2.26147e-05 0.000662586 0.000148842 0.00031234 9.48279e-05 0.0012105 0.000192705 2.45444e-06 0.000438658 0.000821696 -0.000467303 2.75057e-05 -8.95288e-05 -0.000798717 -0.000158913 8.46457e-05 -0.000379379
internal_weight=850 392 89 303 458 421 388 177 148 62 86 283 188 95 168 146 119 51 211 162 84 49 78 44 56 69 57 64 42
internal_count=850 392 89 303 458 421 388 177 148 62 86 283 188 95 168 146 119 51 211 162 84 49 78 44 56 69 57 64 42
is_linear=0
shrinkage=0.3


Tree=28
num_leaves=25
num_cat=0
split_feature=11 10 8 5 3 15 22 12 21 0 4 0 22 0 14 7 7 7 23 10 7 7 23 7
split_gain=0.000157172 0.000516652 0.000370147 0.000274854 0.00034666 0.000267864 0.000426701 0.000311195 0.000415061 0.000219453 0.000392166 0.000316418 0.000245555 0.000230219 0.000347881 0.000257619 0.000609297 0.000330322 0.000287287 0.000446842 0.000310903 0.000217526 0.000215257 0.000177667
threshold=63.461537539517103 0.1559607772837962 0.022359166606205631 -0.0097184551640993148 4.6851985454559335 0.011808857016462495 0.094124500000000014 0.0058897411651437923 0.235127 4.5372261403893557 3821000.0000000005 4.1918471910329833 0.086330500000000018 4.5951122113101279 0.018691635763439688 -0.017087284705359786 -0.026145480888185507 0.013630288213610451 0.58333350000000006 -0.7522948947919802 0.0076702910981556053 0.022803356434285025 0.41666650000000005 0.0074768287037527007
decision_type=2 2 2 2 2 2 2 2 2 2 2 2 2 2 2 2 2 2 2 2 2 2 2 2
left_child=2 -2 9 -3 -5 7 -7 8 -6 10 -1 -12 -13 14 -11 16 -15 18 20 -20 -17 -19 -4 -9
right_child=1 3 22 4 5 6 -8 23 -10 13 11 12 -14 15 -16 17 -18 21 19 -21 -22 -23 -24 -25
leaf_value=0.00058962315768959722 -0.0016681173542747272 -0.00094869847796092343 0.0014083800749046661 0.0010531720260284296 0.00036095932232602795 0.00030548843301403394 -0.0013794259536230276 0.0014041832597285974 -0.0013664226941338192 -0.00016884111436621214 0.00028517519011594619 -0.00035709035780746493 -0.0015956359982951922 0.00034160104871261865 0.0012984598851868544 -0.00014355018465962439 -0.0016425858622264617 -0.00097395155836066632 0.001375165937729021 0.000111988490601307 0.00097961935680359593 0.00017156646560761147 0.00019725467800162734 0.00024984176328871397
leaf_weight=28 20 28 28 27 31 24 31 20 21 26 21 25 34 30 33 151 26 37 44 59 26 25 25 30
leaf_count=28 20 28 28 27 31 24 31 20 21 26 21 25 34 30 33 151 26 37 44 59 26 25 25 30
internal_value=1.92599e-15 -0.000210547 7.90404e-05 -7.30406e-05 6.02116e-05 -0.000110552 -0.000644191 0.000177194 -0.000336637 7.93089e-06 -0.000376674 -0.000714878 -0.00107083 9.88221e-05 0.000651853 1.68402e-05 -0.000579629 0.000114508 0.000253245 0.000651598 2.14352e-05 -0.000512049 0.000837095 0.000711578
internal_weight=850 232 618 212 184 157 55 102 52 565 108 80 59 457 59 398 56 342 280 103 177 62 53 50
internal_count=850 232 618 212 184 157 55 102 52 565 108 80 59 457 59 398 56 342 280 103 177 62 53 50
is_linear=0
shrinkage=0.3


Tree=29
num_leaves=23
num_cat=0
split_feature=10 19 4 3 16 17 20 9 9 22 21 10 5 16 3 0 22 12 5 7 18 16
split_gain=0.000125025 0.000140869 0.00036095 0.000314703 0.000300498 0.000405099 0.000265469 0.00037908 0.000545523 0.000257825 0.000233224 0.000220763 0.000216617 0.000201703 0.000252611 0.000586908 0.00025255 0.000224325 0.000327843 0.000216987 0.000190411 0.000125102
threshold=2.1496408458761853 0.19901300000000002 7798500.0000000009 4.418713092803956 1.0000000180025095e-35 0.0068475427703768594 0.17354400000000003 0.012079755623271458 0.03464616820861572 0.017776000000000004 0.20483200000000004 1.0259848242224723 0.006479628746801855 0.0019047670857783956 5.8154120445251474 5.1880825864519027 0.042681000000000004 -0.00044053104981518358 -0.0041495003736200476 -0.010526943784388664 0.0053664081110158263 0.0020790496883160005
decision_type=2 2 2 2 2 2 2 2 2 2 2 2 2 2 2 2 2 2 2 2 2 2
left_child=1 6 3 -3 -4 -6 13 -8 10 -5 -9 12 21 17 15 16 -15 20 -19 -18 -1 -11
right_child=-2 2 4 9 5 -7 7 8 -10 11 -12 -13 -14 14 -16 -17 19 18 -20 -21 -22 -23
leaf_value=-0.0002723293638155155 0.0006352265941030863 0.0011697226067190058 0.00011119678449176717 0.00073382361997260134 -0.00039473410658034925 -0.0019230351873880459 0.0014674556807019851 0.00015055671183044733 0.0015143062267452478 0.00022678319214987022 -0.0011011743065734792 -0.00095640527342179509 0.00084294648928334931 -0.00069386190466152933 -0.0008456905154162087 0.0013189077694265247 0.00064995281681397255 0.00071094304043526789 -0.00064969875394822068 -4.0789214021970107e-05 -0.001467352193139959 -0.00048340768586897933
leaf_weight=24 27 20 30 29 37 27 27 37 20 34 21 31 20 39 24 35 55 30 34 160 24 65
leaf_count=24 27 20 30 29 37 27 27 37 20 34 21 31 20 39 24 35 55 30 34 160 24 65
internal_value=-7.9768e-14 -2.08398e-05 -0.000187769 4.10796e-05 -0.000672247 -0.00103949 7.14439e-05 0.000498603 0.000163232 -8.50258e-05 -0.000302656 -0.000243337 -5.75793e-05 -3.40897e-05 8.9539e-05 0.000167205 8.50597e-06 -0.000379588 -1.18979e-05 0.000135912 -0.000869841 -0.000239504
internal_weight=850 823 293 199 94 64 530 105 78 179 58 150 119 425 313 289 254 112 64 215 48 99
internal_count=850 823 293 199 94 64 530 105 78 179 58 150 119 425 313 289 254 112 64 215 48 99
is_linear=0
shrinkage=0.3


Tree=30
num_leaves=21
num_cat=0
split_feature=3 16 3 10 15 15 5 5 27 12 10 14 19 21 18 26 2 26 3 17
split_gain=0.000109295 0.000360847 0.000179919 0.000180319 0.000169792 0.000654115 0.000294002 0.000204139 0.00024747 0.000595939 0.000201354 0.000406779 0.000189711 0.000189134 0.000410881 0.000269036 0.000182749 0.000144401 0.000135236 0.000126687
threshold=4.2347178459167489 0.0047846846286744684 4.418713092803956 -1.9395800676641062 -0.010296996243293251 -0.013384527021778782 -0.018315804159720957 -0.0032521175210568011 0.57926250000000012 -2.1665845428773009e-05 -0.0094587555453943036 0.018040252487904002 -0.83751249999999988 0.031858000000000004 -0.23985962682996373 0.71860250000000014 5.1288953572204745 0.80113600000000018 4.6407611370086679 0.0057691796291490681
decision_type=2 2 2 2 2 2 2 2 2 2 2 2 2 2 2 2 2 2 2 2
left_child=1 -1 -2 -4 5 6 16 10 9 -9 12 -12 -6 14 -10 -15 18 -8 -5 -14
right_child=2 -3 3 4 7 -7 17 8 13 -11 11 -13 19 15 -16 -17 -18 -19 -20 -21
leaf_value=0.00052117710099992105 0.00091454827830602867 -0.0011600824923435639 0.00083090003121785987 -0.00013280708924867212 0.00085583153579916278 -0.0013646813713981268 0.001074274226751489 0.0018533163570100442 0.00038746320116784302 -0.00032489203988986378 0.001645047284869684 -9.2773859796579922e-05 -0.00065272048634921825 -0.00023949127745272932 -0.00096147979128221835 0.00029533786404279809 0.00038474511573440392 5.134529188660014e-05 -0.001189072480337927 0.00024973036556080584
leaf_weight=20 20 27 23 20 21 39 27 20 31 26 27 22 28 196 59 149 20 23 24 28
leaf_count=20 20 27 23 20 21 39 27 20 31 26 27 22 28 196 59 149 20 23 24 28
internal_value=2.38181e-12 -0.000444653 2.60258e-05 3.33042e-06 -2.17144e-05 -0.000304152 5.86611e-05 4.94765e-05 -3.95671e-05 0.000622155 0.000389397 0.000864801 8.68667e-05 -0.000109542 -0.000496844 -8.5071e-06 -0.000367172 0.000603727 -0.000708952 -0.000201495
internal_weight=850 47 803 783 760 153 114 607 481 46 126 49 77 435 90 345 64 50 44 56
internal_count=850 47 803 783 760 153 114 607 481 46 126 49 77 435 90 345 64 50 44 56
is_linear=0
shrinkage=0.3


Tree=31
num_leaves=12
num_cat=0
split_feature=5 5 15 16 11 11 11 9 8 17 26
split_gain=0.000105816 0.000124198 0.000280573 0.000100116 0.000118178 0.0001791 0.000208533 0.000334856 0.000187112 0.000168421 0.000145542
threshold=0.036552721433855635 0.023796518503752521 0.020163769042556429 0.018090915482891747 76.500080579704971 70.671425029066938 63.461537539517103 0.012485036673524469 0.020619176034052285 0.0077775871754754847 0.46190400000000004
decision_type=2 2 2 2 2 2 2 2 2 2 2
left_child=1 2 3 4 5 6 8 -8 -1 -6 -7
right_child=-2 -3 -4 -5 9 10 7 -9 -10 -11 -12
leaf_value=6.5257471790009294e-06 0.00063471076276112827 -0.00054023686349794907 0.00095857979977154173 -0.00053658666385507045 -0.00083679572107420034 9.1794486589995872e-05 -0.0015242246087291279 -9.0767992104784671e-05 0.00063271655811323842 0.00011544674716787994 0.0012225847807712852
leaf_weight=498 23 39 27 33 35 21 20 55 47 32 20
leaf_count=498 23 39 27 33 35 21 20 55 47 32 20
internal_value=-1.59364e-12 -1.76522e-05 8.21179e-06 -2.55069e-05 -2.33984e-06 3.61424e-05 -4.01489e-06 -0.000473023 6.05275e-05 -0.000381993 0.0006434
internal_weight=850 827 788 761 728 661 620 75 545 67 41
internal_count=850 827 788 761 728 661 620 75 545 67 41
is_linear=0
shrinkage=0.3


Tree=32
num_leaves=31
num_cat=0
split_feature=6 20 7 26 26 16 15 28 4 8 1 0 9 19 5 2 17 22 20 7 20 11 6 21 7 6 15 21 19 15
split_gain=9.66548e-05 0.000175631 0.000231263 0.000175616 0.000283749 0.000202034 0.00039388 0.00023323 0.000201492 0.000234653 0.000168822 0.000567803 0.000446285 0.000374194 0.0003247 0.00031268 0.000246486 0.000534278 0.000388271 0.000385186 0.000278236 0.000205355 0.000277474 0.00029374 0.000218714 0.000150403 0.00012424 0.000158258 0.000107137 0.0001046
threshold=0.0019902438648898443 0.021060000000000006 0.0021255271189565693 0.63649400000000012 0.71860250000000014 0.0015861130241660115 -0.004110997330242957 1.0000000180025095e-35 3986700.0000000005 -0.006322591340307584 4.874148754322019 5.0014554621721441 0.040030463626199185 -0.65207199999999987 0.019048352476054048 4.4495972847569307 0.0066261913553967372 0.048046000000000005 0.061556000000000007 -0.0085378420455672049 0.17354400000000003 65.058197201230527 -0.0042284459830822093 0.040898000000000011 -1.0000000180025095e-35 0.011364137188788722 -0.0081716044423379899 0.041798000000000009 0.057516500000000005 -0.010046918095193301
decision_type=2 2 2 2 2 2 2 2 2 2 2 2 2 2 2 2 2 2 2 2 2 2 2 2 2 2 2 2 2 2
left_child=10 2 -2 5 -5 29 28 25 -6 -10 12 13 14 -12 15 -1 19 -18 -19 -13 -21 22 23 -17 -24 -8 -11 -28 -7 -3
right_child=1 3 -4 4 8 6 7 -9 9 26 11 16 -14 -15 -16 21 17 18 -20 20 -22 -23 24 -25 -26 -27 27 -29 -30 -31
leaf_value=0.00072337024839504095 0.00013045198479630927 0.0013164345673067144 0.0014232793402334208 -0.0011029765234315373 -0.0006047346590907852 -0.00021344192588003354 0.00046573212220599609 0.0010776949969435771 0.00092433907793120244 -0.00070177298704428336 -0.00012985621753614394 0.0012157673757015304 -0.0015799490236012 0.0014807571651889136 -0.0012076017835921527 0.0008168474410082965 -0.0019296719860722078 -0.0009335881734097545 0.000869852662123906 0.00034597978827410506 -0.00088821974502699907 0.00057820788863934393 -0.00031361951411236082 -0.00035957376907163051 -0.0015954975676520362 -0.00049769924722204448 0.0007600650034832639 -0.00035388676042202855 -0.0011836369355608309 0.00034617528755916284
leaf_weight=41 33 20 20 26 38 20 35 31 29 21 20 22 21 37 23 26 20 22 21 35 31 26 25 72 23 25 22 24 21 20
leaf_count=41 33 20 20 26 38 20 35 31 29 21 20 22 21 37 23 26 20 22 21 35 31 26 25 72 23 25 22 24 21 20
internal_value=-2.52786e-13 0.000111178 0.000618311 3.02202e-05 -0.000196003 0.000240661 6.16778e-05 0.000409524 -2.00236e-05 0.000211424 -9.20508e-05 0.000108879 -0.000254671 0.00091563 -0.000136743 -2.11109e-05 -0.000195656 -0.000648658 -5.2838e-05 0.000128652 -0.00023372 -0.000198574 -0.000336906 -4.7462e-05 -0.000927853 6.43024e-05 -9.71505e-05 0.000178873 -0.000710371 0.000831305
internal_weight=850 385 53 332 160 172 132 91 134 96 465 208 257 57 236 213 151 63 43 88 66 172 146 98 48 60 67 46 41 40
internal_count=850 385 53 332 160 172 132 91 134 96 465 208 257 57 236 213 151 63 43 88 66 172 146 98 48 60 67 46 41 40
is_linear=0
shrinkage=0.3


Tree=33
num_leaves=20
num_cat=0
split_feature=12 12 28 1 21 26 3 10 18 18 25 18 14 13 16 15 12 12 16
split_gain=0.000105708 0.000150787 0.000106284 0.000193475 0.000413225 0.000340714 0.00022313 0.000164824 0.000164033 0.000198826 0.000161143 0.000158545 0.000154325 0.000384654 0.00029133 0.0001832 0.000145249 0.000370755 0.000149116
threshold=-0.016009718161490129 -0.010177219057090502 1.0000000180025095e-35 5.4710878450196185 0.49705450000000001 0.60336600000000007 4.6659371852874765 0.78009366477132669 -0.10346593420410559 0.17808299896074672 0.83333350000000006 0.38285731038322918 0.037184140637331033 0.037499983719512027 0.0052959144200005401 0.020966012403589574 0.0062500411998095981 0.0042443613245629766 0.0023094789783017085
decision_type=2 2 2 2 2 2 2 2 2 2 2 2 2 2 2 2 2 2 2
left_child=-1 -2 12 4 7 -5 -6 8 10 -10 -4 -9 13 15 -14 16 17 -3 -18
right_child=1 2 3 5 6 -7 -8 11 9 -11 -12 -13 14 -15 -16 -17 18 -19 -20
leaf_value=0.0006815373311110307 -0.00065496660790813615 -0.00010338342479505389 0.00093367446272168302 -0.0011346744004045971 0.00042903687738414319 0.00026734399300319358 0.0017961793808684554 6.4256296360066956e-05 -0.0011537935740425778 -4.1659852230133342e-05 -0.00019899929138773585 0.0010422640816474225 -0.0013887258537579328 0.0012073280810992316 7.011782412778951e-05 0.00081005189701812699 -0.00028491355531679632 -0.0012577531228695686 0.00071181005864803283
leaf_weight=20 32 345 20 26 21 39 22 35 23 39 26 26 22 22 28 20 22 27 35
leaf_count=20 32 345 20 26 21 39 22 35 23 39 26 26 22 22 28 20 22 27 35
internal_value=-1.1704e-12 -1.64226e-05 9.18319e-06 0.000159336 0.000298165 -0.000293463 0.00112851 8.68956e-05 -0.000135764 -0.000454226 0.000293468 0.000481112 -7.06483e-05 -1.74503e-05 -0.000571773 -7.74617e-05 -0.000118838 -0.000187168 0.00032711
internal_weight=850 830 798 277 212 65 43 169 108 62 46 61 521 471 50 449 429 372 57
internal_count=850 830 798 277 212 65 43 169 108 62 46 61 521 471 50 449 429 372 57
is_linear=0
shrinkage=0.3


Tree=34
num_leaves=18
num_cat=0
split_feature=8 8 10 10 6 26 6 7 18 16 21 12 12 13 12 21 14
split_gain=8.97874e-05 0.000188999 0.000178617 0.000147546 0.000182396 9.45818e-05 0.000167157 0.000272466 0.000256567 0.000179701 0.000147596 0.000165503 0.000265442 0.000373826 0.000169442 0.000174029 0.000194126
threshold=0.064143961088101734 0.076947702431035048 1.9126244904479439 1.3636747909126992 0.0042463214805937609 0.17301800000000003 -0.0061729192430691653 -0.01115273236207894 0.057527884150835519 0.0061350123982539702 0.64240150000000018 0.0042443613245629766 0.005598895135457937 0.026359342813462756 0.0029857033245162946 0.48662050000000007 0.016521345351063647
decision_type=2 2 2 2 2 2 2 2 2 2 2 2 2 2 2 2 2
left_child=2 -2 5 4 -3 6 8 -8 -1 -9 11 14 -13 -14 15 16 -7
right_child=1 3 -4 -5 -6 10 7 9 -10 -11 -12 12 13 -15 -16 -17 -18
leaf_value=-5.1354635506868358e-05 -0.00089667977925273585 -0.00029317700684259766 0.00066106722940905728 -0.00050858035214332623 0.00095860127284223286 -0.00033763388375989946 0.0008661927375689392 -0.00072603163112384776 0.0014332805549863471 0.00038001948472810905 -0.00076201220489929258 -0.0013392452470725404 0.00093924784388946139 -0.00072433841292701294 0.00076216821346731319 0.00071341152456468613 9.3093420442740246e-05
leaf_weight=20 30 20 39 30 22 139 23 39 22 20 25 21 20 31 28 29 292
leaf_count=20 30 20 39 30 22 139 23 39 22 20 25 21 20 31 28 29 292
internal_value=-2.00319e-12 -0.00026404 3.60055e-05 -4.40593e-07 0.000362516 1.6227e-06 0.000239618 -9.66355e-06 0.000726311 -0.000351099 -4.88242e-05 -1.69855e-05 -0.000441579 -7.19516e-05 4.56595e-05 2.04588e-06 -4.58186e-05
internal_weight=850 102 748 72 42 709 124 82 42 59 585 560 72 51 488 460 431
internal_count=850 102 748 72 42 709 124 82 42 59 585 560 72 51 488 460 431
is_linear=0
shrinkage=0.3


Tree=35
num_leaves=12
num_cat=0
split_feature=18 18 18 14 1 17 3 2 3 3 11
split_gain=0.00010781 0.000291665 0.000186524 0.000170555 0.000100374 8.05327e-05 8.73751e-05 0.000160559 0.0001324 0.000122283 0.000170626
threshold=0.75460852550239355 0.62309949378852847 0.96148178564284448 0.022483352984975804 4.921569268997124 0.021390366166901254 4.2347178459167489 4.3952450372417369 4.4865269660949716 4.5093533992767343 19.659324075923134
decision_type=2 2 2 2 2 2 2 2 2 2 2
left_child=1 5 -2 -3 -4 6 -1 -8 -9 -10 -11
right_child=2 3 4 -5 -6 -7 7 8 9 10 -12
leaf_value=-0.00052756015544629564 -0.00092294149573717726 0.00015075610052528126 -0.00040318991232197733 0.0013214516238804208 0.00046445389016298573 0.00041324974326447484 0.00080400216751773509 -0.00076222197140768085 0.00071642859387793583 -0.00080484191514551637 -4.0958146555088823e-06
leaf_weight=31 30 21 24 24 24 38 21 22 20 25 570
leaf_count=31 30 21 24 24 24 38 21 22 20 25 570
internal_value=5.76192e-12 3.3961e-05 -0.000336127 0.000775127 3.0632e-05 -1.19158e-05 -3.53647e-05 -1.21762e-05 -3.90832e-05 -1.32148e-05 -3.77406e-05
internal_weight=850 772 78 45 48 727 689 658 637 615 595
internal_count=850 772 78 45 48 727 689 658 637 615 595
is_linear=0
shrinkage=0.3


Tree=36
num_leaves=29
num_cat=0
split_feature=11 7 6 8 12 14 7 26 26 11 21 12 8 5 0 3 0 15 4 6 0 1 2 10 15 26 14 20
split_gain=8.23077e-05 0.000218054 0.00041108 0.000204473 0.000385913 0.000207569 0.00018414 0.00017412 0.000174699 0.00014519 0.000167697 0.000109652 0.000173379 0.000108056 9.48389e-05 0.000257651 0.000116295 0.000156561 0.000189348 0.000172778 0.000155094 0.000323318 0.000214222 0.000329553 0.000312937 0.000138368 9.95044e-05 6.23396e-05
threshold=59.317206586756143 0.0039918442463511448 0.018500229187797698 0.065558087893866204 0.0030900259800257577 0.023392800231907217 -0.0037140119586412126 0.65924850000000013 0.48582700000000006 55.935617775460045 0.13449250000000004 0.0042443613245629766 0.070790900463694406 -0.040010669543383025 5.3276013935478774 5.7545692920684823 4.5539541894634308 -0.0067949921271422383 4054800.0000000005 -0.012578917537250203 4.7014423914977241 4.7095343406308166 4.9014538409953117 -0.46327868121807764 -0.0019880536228579246 0.68946450000000004 0.017051517794124036 0.13322300000000004
decision_type=2 2 2 2 2 2 2 2 2 2 2 2 2 2 2 2 2 2 2 2 2 2 2 2 2 2 2 2
left_child=9 2 3 4 6 -6 -2 8 27 13 -11 -9 -13 -1 16 -16 17 -15 26 -20 21 25 24 -24 -22 -18 -19 -3
right_child=1 7 -4 -5 5 -7 -8 11 -10 10 -12 12 -14 14 15 -17 20 18 19 -21 22 -23 23 -25 -26 -27 -28 -29
leaf_value=-0.00064727291381651807 -0.0016675322552063417 0.00058585348805146556 0.00055640942155150692 -0.001482670065756379 0.00091554052669380321 -0.00045125067259505159 -0.00050771461327323258 0.00031332321143607889 0.0011970130349402551 0.0010430660306675625 -5.0200324292983045e-05 -0.00099974884588636286 0.00017513888107714592 0.0005263944149191957 -0.00085972045542968606 0.00043212956516072151 -0.00014853050697638537 -0.00032689467530872207 -0.0014023605624970514 -0.00028490170403859918 0.00022577546441495471 0.0014210290219198213 0.0011336542967579919 -0.00014707726586493663 -0.00074652939939617424 0.00058370985672809175 0.0006081009918748999 -5.8208663827635496e-05
leaf_weight=21 22 21 32 22 20 20 28 23 20 28 23 26 20 24 33 24 48 20 20 33 65 25 33 40 55 45 21 38
leaf_count=21 22 21 32 22 20 20 28 23 20 28 23 26 20 24 33 24 48 20 20 33 65 25 33 40 55 45 21 38
internal_value=-8.94381e-13 -0.00012905 -0.000391872 -0.000662809 -0.000462399 0.000232145 -0.00101803 0.000126669 0.000430775 6.75315e-05 0.000550024 -0.000221511 -0.000488928 1.89967e-05 4.77861e-05 -0.000315784 9.60926e-05 -0.000157485 -0.000332093 -0.000706584 0.000192305 0.000463247 2.66518e-05 0.000431884 -0.000219864 0.000205779 0.000152006 0.000171034
internal_weight=850 292 144 112 90 40 50 148 79 558 51 69 46 507 486 57 429 118 94 53 311 118 193 73 120 93 41 59
internal_count=850 292 144 112 90 40 50 148 79 558 51 69 46 507 486 57 429 118 94 53 311 118 193 73 120 93 41 59
is_linear=0
shrinkage=0.3


Tree=37
num_leaves=20
num_cat=0
split_feature=12 10 14 10 15 9 16 17 18 18 18 5 27 21 15 11 15 27 12
split_gain=6.76662e-05 0.000109736 7.94983e-05 0.000253267 0.000174901 0.000271049 0.000244302 0.000171899 0.0002778 0.000102898 0.000159727 0.000178049 0.000286691 0.000164332 0.000119327 9.9975e-05 9.49696e-05 7.90909e-05 5.48414e-05
threshold=0.010095917662578556 2.1132229765079296 0.041461054378836411 -1.7069088594640072 0.013370852539195946 0.03047732893123186 0.0016406495040023215 0.016621409403358739 0.19401686275258001 -0.47371552582539039 -0.38640837505751541 0.0018692069111060949 0.66342800000000002 0.023717000000000005 -0.0016420781586604369 54.582706346497261 -0.008230444599618204 0.89792800000000017 -0.00027484785893897154
decision_type=2 2 2 2 2 2 2 2 2 2 2 2 2 2 2 2 2 2 2
left_child=1 2 4 -4 9 6 -6 8 -5 14 -11 13 -13 -12 15 16 -1 -16 -8
right_child=-2 -3 3 7 5 -7 18 -9 -10 10 11 12 -14 -15 17 -17 -18 -19 -20
leaf_value=0.00076700110757056705 -0.0004211646060536044 0.00061173718487326459 -0.00066625992563785976 0.00018272082313408396 0.00069154955812596847 -0.0014096884352329654 -0.00022077904075558762 -8.81059844232368e-05 0.0017275674034317489 0.00077687341597213941 -0.00078443665306308658 0.001239740143864765 0.00012401476581927503 -3.0931499181718888e-05 -0.00020464349285130963 -0.0003771242858361333 -0.00011448865567548306 -0.00090022908027874232 -0.00092332614716724489
leaf_weight=22 33 27 20 22 21 20 20 24 20 28 29 24 152 256 31 31 22 28 20
leaf_count=22 33 27 20 22 21 20 20 24 20 28 29 24 152 256 31 31 22 28 20
internal_value=-4.49718e-13 1.70115e-05 -3.31452e-06 0.000268971 -3.65766e-05 -0.000451276 -0.000137042 0.000552374 0.000918362 1.73409e-05 8.11643e-05 3.89086e-05 0.000276159 -0.000107604 -0.000215567 3.55256e-05 0.000326256 -0.000534752 -0.000572053
internal_weight=850 817 790 86 704 81 61 66 42 623 489 461 176 285 134 75 44 59 40
internal_count=850 817 790 86 704 81 61 66 42 623 489 461 176 285 134 75 44 59 40
is_linear=0
shrinkage=0.3


Tree=38
num_leaves=21
num_cat=0
split_feature=17 17 7 4 5 14 27 5 9 9 21 5 27 9 4 16 26 13 26 15
split_gain=5.67076e-05 0.00010372 7.28024e-05 0.000164393 0.000228125 0.000149633 0.000143081 0.000138635 0.000135531 0.000156803 0.000109125 0.000194026 0.000307755 0.000249793 0.000161331 0.000225136 0.000210398 0.000151849 0.0001191 0.000100004
threshold=0.026520091426294433 0.021390366166901254 -0.0020366907568139161 2657600.0000000005 0.025372645103517451 0.017021311781104536 0.95403550000000015 0.023796518503752521 0.044741577055879243 0.027983192482081812 0.11427900000000001 -0.010275817955813284 0.75897900000000018 0.0080538609945206095 3939800.0000000005 0.0064515553453598495 0.65924850000000013 0.026804070059868932 0.89780150000000003 0.0021097623146379926
decision_type=2 2 2 2 2 2 2 2 2 2 2 2 2 2 2 2 2 2 2 2
left_child=1 2 3 5 6 -1 8 10 9 -5 14 12 -12 -13 15 18 -16 -18 -4 -15
right_child=-2 -3 7 4 -6 -7 -8 -9 -10 -11 11 13 -14 19 16 -17 17 -19 -20 -21
leaf_value=0.00088883623410275991 -0.00047537480042427144 0.00061439327616244553 -0.00018319853057619184 -0.00026265335897950775 0.00063426021741987712 -0.00020263321033780809 -0.000865597886674798 -0.00057670472747953943 -0.00092411817230250953 0.00036453605710488294 -0.0014348315698693372 -0.00089023568871198216 0.00015363003400599824 0.00048855987492285363 0.0012248077048425329 -0.0009707076562335714 -2.183760361603304e-05 0.00062643619312439112 0.00072418277850374582 -8.0148123219858032e-06
leaf_weight=26 22 25 30 163 27 20 33 28 21 46 21 20 23 73 25 20 71 60 23 73
leaf_count=26 22 25 30 163 27 20 33 28 21 46 21 20 23 73 25 20 71 60 23 73
internal_value=-3.10566e-13 1.26307e-05 -6.10409e-06 -0.000112598 -0.000196172 0.000414284 -0.000281426 7.05168e-05 -0.00019761 -0.000124612 0.000111797 -4.43947e-05 -0.000604499 0.000104067 0.000255031 -0.000113067 0.000427281 0.000275082 0.000210571 0.000240273
internal_weight=850 828 803 336 290 46 263 467 230 209 439 210 44 166 229 73 156 131 53 146
internal_count=850 828 803 336 290 46 263 467 230 209 439 210 44 166 229 73 156 131 53 146
is_linear=0
shrinkage=0.3


Tree=39
num_leaves=12
num_cat=0
split_feature=10 10 8 12 2 11 11 27 13 9 15
split_gain=7.21045e-05 0.000116349 9.10634e-05 0.00011695 9.92202e-05 6.65503e-05 0.000137935 0.000299952 0.000131244 0.000121801 0.000107352
threshold=-1.9395800676641062 -1.7069088594640072 -0.1265140880664177 -0.0098705478216433492 4.0584697743940881 48.876284828387639 51.333628833629255 0.85778650000000012 0.037499983719512027 0.0077115410344174738 -0.0016420781586604369
decision_type=2 2 2 2 2 2 2 2 2 2 2
left_child=-1 -2 -3 -4 -5 8 7 -7 9 -6 -8
right_child=1 2 3 4 5 6 10 -9 -10 -11 -12
leaf_value=0.00047342346868910163 -0.00073084980715066195 0.00061818119512671338 -0.00057652510719776731 0.00066833451761340247 0.00059944297019917994 0.00014300177856764801 -0.00022792961938303678 -0.0013146201454219408 0.00077999512531192752 -3.7595331446677194e-05 9.2512987433775694e-05
leaf_weight=28 20 21 32 20 31 27 145 24 24 210 268
leaf_count=28 20 21 32 20 31 27 145 24 24 210 268
internal_value=-1.37335e-12 -1.61263e-05 1.69718e-06 -1.48792e-05 9.11634e-06 -8.96921e-06 -7.74702e-05 -0.000542938 0.000110972 4.43474e-05 -1.99911e-05
internal_weight=850 822 802 781 749 729 464 51 265 241 413
internal_count=850 822 802 781 749 729 464 51 265 241 413
is_linear=0
shrinkage=0.3


Tree=40
num_leaves=20
num_cat=0
split_feature=13 4 13 14 11 11 13 9 6 7 7 15 27 12 12 19 20 7 22
split_gain=6.40908e-05 0.000149782 0.000124894 9.10328e-05 0.000103028 0.000171352 0.000156542 0.000179301 0.0001314 0.000191819 0.000229779 0.000172915 0.000137928 8.13844e-05 0.000132641 0.000103469 0.000197469 0.00016196 6.74574e-05
threshold=0.014181816592597344 4600000.0000000009 0.014820282243353305 0.01020402304583133 59.317206586756143 55.935617775460045 0.019589737932401857 0.015521773235188279 0.0042463214805937609 1.0000000180025095e-35 0.0074768287037527007 -0.001532573580910181 0.79297100000000009 0.0019006190262699479 0.0029081674245569037 0.8835495000000001 0.88305500000000003 -0.006127166461552422 0.15320650000000002
decision_type=2 2 2 2 2 2 2 2 2 2 2 2 2 2 2 2 2 2 2
left_child=1 -1 -2 -4 5 13 7 -6 11 18 -11 -8 -13 15 -15 16 -5 -17 -10
right_child=2 -3 3 4 6 -7 8 -9 9 10 -12 12 -14 14 -16 17 -18 -19 -20
leaf_value=7.9814719356363639e-05 0.00076125660787511144 -0.00096674361870100259 0.0004974781298415109 5.6968909288796297e-05 -0.0013525050862517672 0.00066554946824908261 -0.00088418914878771334 -8.2185498322360224e-05 -0.00068488649194478049 0.0013134381014788233 0.00011690132523654028 -0.00070197212418341738 0.00021155125413155045 -0.00090246148306918743 6.735608934832271e-05 -0.0009810298647997635 0.0010280309836525703 0.00013912372714213023 6.111836701165885e-05
leaf_weight=32 20 20 32 327 20 39 33 20 24 20 52 21 51 22 30 21 20 26 20
leaf_count=32 20 20 32 327 20 39 33 20 24 20 52 21 51 22 30 21 20 26 20
internal_value=1.47607e-12 -0.000322708 2.10286e-05 1.99958e-06 -1.92542e-05 6.2532e-05 -0.000171232 -0.000717345 -7.23883e-05 0.000147696 0.000449273 -0.000315529 -5.48931e-05 9.80173e-06 -0.000342951 5.6358e-05 0.000112938 -0.00036137 -0.000345793
internal_weight=850 52 798 778 746 485 261 40 221 116 72 105 72 446 52 394 347 47 44
internal_count=850 52 798 778 746 485 261 40 221 116 72 105 72 446 52 394 347 47 44
is_linear=0
shrinkage=0.3


Tree=41
num_leaves=13
num_cat=0
split_feature=12 6 20 6 10 10 15 5 27 17 2 14
split_gain=5.09049e-05 6.47572e-05 6.96009e-05 5.7702e-05 0.000178684 0.000207286 0.000138834 0.000123269 0.000106012 0.000173253 0.0001154 7.33359e-05
threshold=-0.016009718161490129 0.036552721433855635 0.012351000000000003 0.014122318116620526 -0.53065584847950398 0.54582925307064978 -0.029098125096418882 -0.024534888989004095 0.94114100000000012 0.012358394682635656 5.7823512099079073 0.024583861845639991
decision_type=2 2 2 2 2 2 2 2 2 2 2 2
left_child=-1 2 -2 6 -5 -6 -4 -8 10 -10 -9 -7
right_child=1 -3 3 4 5 11 7 8 9 -11 -12 -13
leaf_value=0.00047295037446019698 0.00055510744874482038 -0.00051922909412744711 0.00064647548578795975 -0.00062436477247891674 0.00093036160381806054 -0.00026221667503326291 -0.00080723483333713377 -2.9982539497767253e-05 -0.00013205403413087116 -0.0011272171962627908 0.00061836807939331397 0.00035216445711044154
leaf_weight=20 20 22 25 21 35 36 20 497 74 20 26 34
leaf_count=20 20 22 25 21 35 36 20 497 74 20 26 34
internal_value=-5.80846e-13 -1.13964e-05 2.43073e-06 -1.15966e-05 0.000174482 0.000334252 -4.70135e-05 -7.42304e-05 -5.04702e-05 -0.000343791 2.24904e-06 3.6197e-05
internal_weight=850 830 808 788 126 105 662 637 617 94 523 70
internal_count=850 830 808 788 126 105 662 637 617 94 523 70
is_linear=0
shrinkage=0.3


Tree=42
num_leaves=19
num_cat=0
split_feature=9 8 17 1 10 0 6 13 22 13 6 13 7 4 16 17 10 16
split_gain=4.5147e-05 9.2357e-05 0.00010802 0.000128309 7.01431e-05 0.000184954 9.08064e-05 0.000256858 7.79761e-05 0.000157743 0.000110335 0.000139631 0.000214709 0.000105917 0.000212513 0.000176422 0.000105748 0.000131588
threshold=0.058118482773358029 -0.070539287409772847 0.0046262086676061888 5.0231778986295934 -1.4954224698528351 4.8734040824480465 -0.017196670776377421 0.028910455984914745 0.031650000000000005 0.033480162465963345 0.014122318116620526 0.03120730239027256 -0.0021367392770927991 5271150.0000000009 0.012999159860840543 0.003960392113094788 -1.0063011785784797 0.0036900835747879059
decision_type=2 2 2 2 2 2 2 2 2 2 2 2 2 2 2 2 2 2
left_child=1 2 -1 -4 5 -3 7 -6 9 16 13 12 -12 15 -15 -10 -8 -18
right_child=-2 4 3 -5 6 -7 8 -9 10 -11 11 -13 -14 14 -16 -17 17 -19
leaf_value=-0.00020101775859405856 -0.00044539988732140046 -0.00080278275777345698 0.0010466568725510464 3.5943798429798335e-05 0.0009435517237761814 0.0003601765508938115 0.00067064584050967812 -0.00027832611318444832 0.00033045785150046333 0.00090200424390125345 0.0011233975898358041 -0.00036025002769747512 4.6628723008325323e-05 -0.00043174871859894031 0.00058015294156835541 -0.00024444533221961546 -0.00044113833029405214 0.00021065947812963886
leaf_weight=22 20 32 26 20 32 20 20 30 82 22 25 30 50 169 21 116 50 63
leaf_count=22 20 32 26 20 32 20 20 30 82 22 25 30 50 169 21 116 50 63
internal_value=2.56478e-13 1.07325e-05 0.000345729 0.000607216 -1.91622e-05 -0.000355491 5.47035e-06 0.000352321 -2.77159e-05 0.000157882 -8.60681e-05 0.000186751 0.000405552 -0.000159898 -0.000319907 -6.35411e-06 3.47936e-05 -7.77466e-05
internal_weight=850 830 68 46 762 52 710 62 648 155 493 105 75 388 190 198 133 113
internal_count=850 830 68 46 762 52 710 62 648 155 493 105 75 388 190 198 133 113
is_linear=0
shrinkage=0.3


Tree=43
num_leaves=17
num_cat=0
split_feature=10 14 15 15 5 15 10 18 6 14 19 10 16 16 4 0
split_gain=4.4903e-05 8.94916e-05 5.73062e-05 0.000274494 0.00015665 0.000151047 0.000141333 0.000109481 0.000154502 0.000125805 0.000108698 9.96924e-05 0.000127132 8.33502e-05 7.95378e-05 6.10321e-05
threshold=-1.9395800676641062 0.053714356716861429 -0.013552836976221921 -0.010752626424140809 -0.0032521175210568011 -0.017023943110178155 -1.2802030109024056 -0.074561325772364892 -0.0022806467878944523 0.018040252487904002 -0.021296999999999996 -0.96395883915265623 0.011883706809530428 0.0042417823500246589 6390550.0000000009 4.9926560694945117
decision_type=2 2 2 2 2 2 2 2 2 2 2 2 2 2 2 2
left_child=-1 2 5 -4 7 10 -6 9 -9 -5 -2 -8 -13 -10 -7 -12
right_child=1 -3 3 4 6 14 11 8 13 -11 15 12 -14 -15 -16 -17
leaf_value=0.0003735997709944578 0.00038649289923341706 -0.00050455607306503219 -0.00083188135213276828 0.00042096498097331881 -0.00082040540967552383 0.00025049531759577801 0.00050422788684954865 0.0012703424229403026 -0.00015322622328478079 -0.00038996993164553052 -2.4265519107796972e-05 5.40039309129639e-06 -0.00044524466462793165 0.00062708756834451503 0.0010965686474810354 -0.00074083053586946333
leaf_weight=28 30 32 36 36 21 20 30 20 22 33 23 385 66 28 20 20
leaf_count=28 30 32 36 36 21 20 30 20 22 33 23 385 66 28 20 20
internal_value=8.2657e-13 -1.2726e-05 7.1962e-06 -2.58144e-05 1.94561e-05 0.000204968 -5.8583e-05 0.000301295 0.000565633 3.31265e-05 -5.17799e-05 -2.53226e-05 -6.05477e-05 0.00028375 0.000673532 -0.000357552
internal_weight=850 822 790 677 641 113 502 139 70 69 73 481 451 50 40 43
internal_count=850 822 790 677 641 113 502 139 70 69 73 481 451 50 40 43
is_linear=0
shrinkage=0.3


Tree=44
num_leaves=25
num_cat=0
split_feature=12 10 2 4 14 6 15 20 5 10 7 21 4 2 8 28 18 10 18 5 14 18 7 11
split_gain=5.22504e-05 5.6616e-05 0.000128767 0.000216481 0.000103962 0.000150619 0.000134525 0.000156119 0.000147698 0.000102785 9.1746e-05 8.90783e-05 0.000105498 7.99856e-05 0.000179706 0.000160614 0.000123171 0.000118811 0.000126808 0.000114507 0.00017347 0.000103405 8.18879e-05 9.27226e-05
threshold=-0.016009718161490129 0.22548686917558508 5.1742499463607148 7877800.0000000009 0.0091368275300575726 0.01665733000309395 0.0020000457763672441 0.84105850000000004 -0.0021165001558440832 0.35455340370174371 0.0024211813941924071 0.056965000000000009 4429250.0000000009 5.1532787503392283 0.063589982489849914 1.0000000180025095e-35 0.22973446692731955 0.98480436093339996 0.40151005573372761 0.02055596072718241 0.022964537451029655 -0.29019211552124524 0.010115583664990166 62.755530606858052
decision_type=2 2 2 2 2 2 2 2 2 2 2 2 2 2 2 2 2 2 2 2 2 2 2 2
left_child=-1 2 4 -4 -2 6 7 8 -6 -3 -5 -8 -13 15 16 17 -15 18 21 20 -19 -11 23 -17
right_child=1 9 3 10 5 -7 11 -9 -10 13 -12 12 -14 14 -16 22 -18 19 -20 -21 -22 -23 -24 -25
leaf_value=0.00047916008663378306 -0.0006615884877516821 0.00062515369427273981 -0.0011656658986466937 -0.00043376515241106973 0.00018729480603775608 -0.00052931467642058395 0.00019155739970632234 -0.00040621752305014525 0.00083369085903807602 -0.00021976343663741968 0.00041398308172574616 -0.00083337674491460725 -3.7330073903449959e-05 0.00095184314114573807 -0.00024003199451774553 -0.00027920674170861179 4.5967875022060149e-05 -0.00061264404806585856 -0.00058513189290786854 -0.0010902221436845138 0.00037866356869926677 0.00052451758071713676 0.00080020756244526369 0.00044618229111490241
leaf_weight=20 21 28 25 27 142 39 33 30 41 28 20 29 31 35 38 29 22 47 23 20 24 42 21 35
leaf_count=20 21 28 25 27 142 39 33 30 41 28 20 29 31 35 38 29 22 47 23 20 24 42 21 35
internal_value=-9.56574e-14 -1.1546e-05 -8.56698e-05 -0.000452412 -1.35239e-05 2.59236e-05 9.66892e-05 0.000228125 0.000332116 7.1276e-05 -7.30212e-05 -0.000204342 -0.000422086 2.867e-05 0.000265311 -5.49023e-05 0.000602207 -0.000212459 2.60035e-05 -0.000456162 -0.000277554 0.000226805 0.000286162 0.00011749
internal_weight=850 830 438 72 366 345 306 213 183 392 47 93 60 364 95 269 57 184 93 91 71 70 85 64
internal_count=850 830 438 72 366 345 306 213 183 392 47 93 60 364 95 269 57 184 93 91 71 70 85 64
is_linear=0
shrinkage=0.3


Tree=45
num_leaves=18
num_cat=0
split_feature=13 13 27 12 18 8 18 6 13 27 0 27 7 11 13 4 8
split_gain=4.83089e-05 0.000108726 4.51134e-05 0.000124669 5.48063e-05 8.97609e-05 0.000101897 8.19434e-05 9.41875e-05 0.00011446 8.51765e-05 6.76368e-05 0.000111206 0.000110423 9.73515e-05 0.000167477 9.69034e-05
threshold=0.046851132939074482 0.040973239584333077 0.5414770000000001 0.00016691080644103896 -0.68759303480858514 -0.0044492315001285537 -0.95309064340415417 -0.012685186845328879 0.028910455984914745 0.9176065000000001 4.8267428735294589 0.93533000000000011 -0.011267762782359502 55.803704541607637 0.030724734249923419 9181300.0000000019 0.093840522753040001
decision_type=2 2 2 2 2 2 2 2 2 2 2 2 2 2 2 2 2
left_child=1 2 3 -1 5 -4 -7 8 9 -6 -10 12 13 -9 15 -13 -14
right_child=-2 -3 4 -5 7 6 -8 11 10 -11 -12 14 16 -15 -16 -17 -18
leaf_value=0.00086241826458717692 0.00041957537687267179 -0.00068607667843545114 0.00055703736700371867 -9.8286786197281946e-05 -0.00035182742886395458 0.00028855007543414455 -0.00057999266267870552 0.00058979613379051444 -0.00093700674608246316 0.00056870144675485784 -0.0001902113416040915 -0.0002850379039483852 -5.8198788639562753e-05 -0.0001407593473939212 -0.00077886880525121732 0.00059006989546245541 0.00059257584448046562
leaf_weight=20 24 21 38 31 31 31 20 60 27 20 28 81 322 27 21 26 22
leaf_count=20 24 21 38 31 31 31 20 60 27 20 28 81 322 27 21 26 22
internal_value=-2.21649e-12 -1.21911e-05 5.38857e-06 0.00027846 -1.30818e-05 0.000208007 -5.20549e-05 -4.26711e-05 -0.000284507 9.16429e-06 -0.00055682 3.18681e-06 6.00555e-05 0.000363072 -0.000188301 -7.23949e-05 -1.65795e-05
internal_weight=850 826 805 51 754 89 51 665 106 51 55 559 431 87 128 107 344
internal_count=850 826 805 51 754 89 51 665 106 51 55 559 431 87 128 107 344
is_linear=0
shrinkage=0.3


Tree=46
num_leaves=24
num_cat=0
split_feature=19 22 9 9 17 19 21 3 17 1 4 14 14 3 0 8 18 15 20 15 17 9 14
split_gain=4.69505e-05 5.97518e-05 4.90358e-05 0.000196981 0.000114517 0.000146173 0.000166611 0.000125507 0.000112042 0.000221961 0.000111949 0.000105539 0.00012171 0.000119708 9.65344e-05 0.000173337 0.000116254 7.97005e-05 0.000160178 0.000132521 0.00011105 0.000100341 3.77125e-05
threshold=-0.95380799999999988 0.96026750000000016 0.011294448246682543 0.010555589925278218 0.0020768929484820176 -0.072833499999999982 0.057253500000000006 5.2078721523284921 0.0040650367106455773 5.0641043998797874 5641100.0000000009 0.009855437639356545 0.020458882400208728 4.6577079296112069 4.7191658718280562 -0.006322591340307584 -0.022619610687813405 0.013370852539195946 0.2622330000000001 0.0056715783937909383 0.0059999942779541023 0.027793044283119333 0.017764189020057389
decision_type=2 2 2 2 2 2 2 2 2 2 2 2 2 2 2 2 2 2 2 2 2 2 2
left_child=-1 2 3 11 5 6 -4 10 9 -6 22 -2 14 -14 15 -13 -16 19 -19 20 -10 -21 -7
right_child=1 -3 4 -5 8 7 -8 -9 17 -11 -12 12 13 -15 16 -17 -18 18 -20 21 -22 -23 -24
leaf_value=0.00045420940659823827 -0.00061942241819841514 -0.00049875631676431188 -0.00043514300923561681 0.00086794580290318541 0.0008643016270630491 -0.00032958011142909528 0.00073361985091848858 -0.0011135219220622357 -0.00048519139932266071 -0.00015447965105474729 0.00016298542418396742 0.00078431296000417209 0.00026272591245028054 -0.00067116927915776613 9.5664303225930771e-05 -0.00027358803201185883 0.0010846267897210529 -0.00084068749492871575 0.00015700715469262963 0.00011460852036179857 2.6175173072453968e-05 0.00096962716816051397 -0.00087336308155995957
leaf_weight=20 21 22 21 28 39 24 23 22 46 38 29 20 21 30 20 46 23 30 28 30 226 21 22
leaf_count=20 21 22 21 28 39 24 23 22 46 38 29 20 21 30 20 46 23 30 28 30 226 21 22
internal_value=-4.51965e-13 -1.09448e-05 2.33719e-06 0.000127453 -4.13176e-05 -0.000277727 0.000175801 -0.000483452 3.14636e-05 0.000361526 -0.000298631 1.29017e-05 9.58942e-05 -0.000286624 0.000274871 4.6988e-05 0.000624644 -3.5242e-05 -0.000359042 2.29016e-05 -6.03059e-05 0.000466675 -0.00058965
internal_weight=850 830 808 209 599 141 44 97 458 77 75 181 160 51 109 66 43 381 58 323 272 51 46
internal_count=850 830 808 209 599 141 44 97 458 77 75 181 160 51 109 66 43 381 58 323 272 51 46
is_linear=0
shrinkage=0.3


Tree=47
num_leaves=21
num_cat=0
split_feature=26 26 9 16 13 7 26 21 6 21 3 12 20 25 12 27 0 21 9 7
split_gain=4.35199e-05 0.000138084 0.000109433 9.93813e-05 0.000121274 9.45053e-05 9.16984e-05 8.49537e-05 9.95777e-05 9.89224e-05 7.79584e-05 8.77617e-05 9.29876e-05 6.79802e-05 0.000111195 0.000107687 8.95768e-05 7.95504e-05 4.99337e-05 3.89866e-05
threshold=0.85537400000000019 0.87811200000000011 0.044741577055879243 0.015226452468135677 0.035458480472439262 -0.012578917537250203 0.83363050000000005 0.056307500000000003 0.0020450774053327064 0.066328000000000012 4.5411951541900644 0.0042443613245629766 0.023846500000000003 0.58333350000000006 0.00052473565801817198 0.58809300000000009 5.1878316283613239 0.28159700000000004 0.027793044283119333 -0.006127166461552422
decision_type=2 2 2 2 2 2 2 2 2 2 2 2 2 2 2 2 2 2 2 2
left_child=2 -2 6 4 5 -3 7 8 -1 -9 -7 12 -12 15 -15 -11 -17 -16 -13 -6
right_child=1 3 -4 -5 19 10 -8 9 -10 13 11 18 -14 14 17 16 -18 -19 -20 -21
leaf_value=0.00084678324475016375 0.00068021169181520236 -0.00045712806653076159 -0.00056403409195939142 -0.00057521893784565764 0.00025909363059327005 -0.00039219449667547858 -0.00049923210883042141 -0.00061537663259514375 -3.5998483002438897e-05 0.00057560555933979917 0.00065304155058194216 -0.0005341734834863538 8.0318853439306475e-05 -0.00066989824467782449 0.00050623975708731451 -8.6356827321726261e-05 0.00028803629682862752 -0.00031184386911184485 0.00012817329639801755 0.00085144404722086624
leaf_weight=23 32 36 35 23 20 27 33 24 23 34 42 21 65 32 20 219 78 23 20 20
leaf_count=23 32 36 35 23 20 27 33 24 23 34 42 21 65 32 20 219 78 23 20 20
internal_value=-1.73122e-12 9.05096e-05 -5.09116e-05 2.16392e-05 7.63314e-05 -1.44624e-05 -1.56282e-05 1.7899e-05 0.000405392 -2.35538e-05 7.66002e-05 0.000162124 0.000305126 1.14308e-05 -0.000246458 6.98649e-05 1.19686e-05 6.86601e-05 -0.000211077 0.000555269
internal_weight=850 306 544 274 251 211 509 476 46 430 175 148 107 406 75 331 297 43 41 40
internal_count=850 306 544 274 251 211 509 476 46 430 175 148 107 406 75 331 297 43 41 40
is_linear=0
shrinkage=0.3


Tree=48
num_leaves=19
num_cat=0
split_feature=19 20 17 0 6 6 4 20 14 13 18 19 18 11 2 20 8 6
split_gain=4.44469e-05 8.80652e-05 7.75304e-05 7.54245e-05 7.56662e-05 7.12524e-05 6.65501e-05 0.000127087 7.9106e-05 0.000178889 0.000143916 0.000113714 9.48739e-05 9.25016e-05 8.88305e-05 0.000226644 0.000139544 8.34422e-05
threshold=0.89462350000000013 0.91922450000000011 0.0018150730369214608 5.82485984499798 1.0000000180025095e-35 -1.0000000180025095e-35 13590350.000000002 0.24134300000000003 0.028542306375239947 0.025741062246041255 -0.079862646832276535 -0.32389299999999993 0.11315601241399345 80.464698833902148 5.2067312673578776 0.17354400000000003 0.039299141332442347 0.0065377541854237777
decision_type=2 2 2 2 2 2 2 2 2 2 2 2 2 2 2 2 2 2
left_child=1 3 -2 6 -5 -4 8 -8 13 11 17 -10 -12 14 16 -16 -1 -11
right_child=2 -3 5 4 -6 -7 7 -9 9 10 12 -13 -14 -15 15 -17 -18 -19
leaf_value=3.1988924935751294e-05 -0.00023953366534052681 -0.00062596748549757254 3.6503697228909007e-05 -0.00079168636459923741 -5.414983902629765e-05 0.00079620373720536001 -2.4706836318893529e-05 0.0009193582794718427 -0.0011841349762107712 0.00057521947247940778 -0.0008046656396717563 -0.00019574742444092408 -8.1025639970210334e-05 0.0006015722723936456 0.0010062145693357 -0.00021197292787422024 -0.00063186758765838142 -0.00014600102513523695
leaf_weight=353 21 21 20 21 31 25 33 21 22 42 22 20 63 27 27 28 31 22
leaf_count=353 21 21 20 21 31 25 33 21 22 42 22 20 63 27 27 28 31 22
internal_value=-1.43879e-12 -1.99043e-05 0.000236439 -3.22365e-06 -0.000352001 0.000458559 2.22847e-05 0.00034243 -4.02859e-06 -0.000166628 -1.24837e-05 -0.000713474 -0.000268321 6.26163e-05 2.94687e-05 0.000386046 -2.16037e-05 0.0003273
internal_weight=850 784 66 763 52 45 711 54 657 191 149 42 85 466 439 55 384 64
internal_count=850 784 66 763 52 45 711 54 657 191 149 42 85 466 439 55 384 64
is_linear=0
shrinkage=0.3


Tree=49
num_leaves=31
num_cat=0
split_feature=14 3 6 6 5 24 9 5 6 4 10 5 22 22 13 22 15 4 27 20 15 17 7 13 5 5 17 27 4 9
split_gain=3.48457e-05 7.99424e-05 0.000113833 9.59687e-05 0.000173494 0.000126582 8.68635e-05 7.08604e-05 7.34426e-05 6.02401e-05 7.37854e-05 7.97634e-05 0.000122031 0.0001214 9.5256e-05 5.59785e-05 0.000169964 8.24999e-05 0.000157944 7.69912e-05 0.000114009 7.41158e-05 0.000129678 0.000121963 0.000108459 8.03761e-05 5.86593e-05 4.78178e-05 4.25707e-05 2.56209e-05
threshold=0.022448909089051314 4.7735815048217782 -0.025317748106979714 -0.032414554503566638 -0.021076427453532266 1.0000000180025095e-35 0.013793944959242082 -0.0062434002508455688 0.0021255271189565693 4933700.0000000009 -1.5165612838115106 -0.0098202135047094595 0.038501500000000008 0.31392550000000002 0.032102401056583477 0.017776000000000004 -0.0016997741004182358 4853200.0000000009 0.80910800000000005 0.320494 -0.0016420781586604369 0.004004004289432395 -0.0039761699893744546 0.015843528633722771 -0.001947382600463345 0.0021552640250432219 0.0041753613957810874 0.91994950000000009 3475100.0000000005 0.01233588411904114
decision_type=2 2 2 2 2 2 2 2 2 2 2 2 2 2 2 2 2 2 2 2 2 2 2 2 2 2 2 2 2 2
left_child=15 3 -3 -2 -5 6 -6 -8 -9 -4 -11 13 -13 -12 -14 16 -1 21 26 20 -20 22 -17 -23 -25 29 -19 -22 -26 -24
right_child=1 2 9 4 5 -7 7 8 -10 10 11 12 14 -15 -16 17 -18 18 19 -21 27 23 25 24 28 -27 -28 -29 -30 -31
leaf_value=0.00073138925990547403 0.00079123117135499008 -0.00067702829046538675 -0.00039063933531749705 -0.00049319398470040385 0.00083930241122406218 -0.00030109400883832543 0.00064997236849093402 -0.00035322977814560187 0.00034511244077955116 0.0006185978362918831 -0.0008132888886789063 0.00066958864188814793 0.00015090942062037671 0.00019732603836018824 -0.00052287040732783047 0.00073482665521341602 -0.00025723462428740114 -0.00098242573224305144 -0.00039647093071835113 -0.00041307070071828393 0.00071522395933836533 0.00042737853870241212 -6.0899963200031576e-05 8.8452185757757564e-05 -0.00037176819168962535 0.00036943443561101268 -0.00034087858486758624 8.9087542853251631e-05 -0.00097583087793152242 -0.00052517336007440463
leaf_weight=29 22 24 29 33 31 28 27 23 33 20 23 29 69 20 26 29 34 29 24 36 23 23 23 28 21 29 23 21 21 20
leaf_count=29 22 24 29 33 31 28 27 23 33 20 23 29 69 20 26 29 34 29 24 36 23 23 23 28 21 29 23 21 21 20
internal_value=2.01426e-12 5.90501e-05 -5.72008e-05 0.000200676 0.000126434 0.000270433 0.000410807 0.000250767 5.82933e-05 1.16689e-05 7.40589e-05 8.84471e-06 0.000130937 -0.000343235 -3.34935e-05 -6.24816e-05 0.000197846 -0.000109341 -0.000271765 -5.83159e-05 0.000129495 2.1269e-05 0.000199202 -0.00017197 -0.000368899 -1.65357e-05 -0.000698664 0.000416386 -0.0006738 -0.000276841
internal_weight=850 437 240 197 175 142 114 83 56 216 187 167 124 43 95 413 63 350 156 104 68 194 101 93 70 72 52 44 42 43
internal_count=850 437 240 197 175 142 114 83 56 216 187 167 124 43 95 413 63 350 156 104 68 194 101 93 70 72 52 44 42 43
is_linear=0
shrinkage=0.3


Tree=50
num_leaves=14
num_cat=0
split_feature=13 4 3 3 0 9 3 10 14 0 4 13 17
split_gain=4.121e-05 6.43847e-05 6.02228e-05 5.71477e-05 4.30413e-05 9.33117e-05 0.000118749 9.66545e-05 8.30212e-05 0.000142556 0.000121538 9.45259e-05 4.00369e-05
threshold=0.046851132939074482 17500300.000000004 5.9436800479888925 5.8154120445251474 4.6877873622416066 0.040030463626199185 4.6718349456787118 1.3469000149733314 0.012096812316346536 4.7083102517177062 4499150.0000000009 0.025741062246041255 0.002066113666940685
decision_type=2 2 2 2 2 2 2 2 2 2 2 2 2
left_child=1 2 3 4 5 6 7 -1 10 -10 -6 -11 -8
right_child=-2 -3 -4 -5 8 -7 12 -9 9 11 -12 -13 -14
leaf_value=-1.1098254437999825e-05 0.00038752295421602407 -0.00042184377988715744 0.00043016533625883185 -0.0004867827451645015 1.6959081727287008e-05 -0.00063592335570137942 -0.00079491602622770838 0.00066113028712736974 0.00077848582295700906 -0.00019394906558756333 0.00097925065981274077 0.00011669744136497683 -0.00020182850195851643
leaf_weight=231 24 33 29 22 27 25 21 21 21 163 21 192 20
leaf_count=231 24 33 29 22 27 25 21 21 21 163 21 192 20
internal_value=1.98931e-12 -1.12597e-05 5.82635e-06 -1.02808e-05 3.84733e-06 -7.95844e-05 -3.21152e-05 4.49208e-05 6.64212e-05 1.89905e-05 0.000437962 -2.59374e-05 -0.000505605
internal_weight=850 826 793 764 742 318 293 252 424 376 48 355 41
internal_count=850 826 793 764 742 318 293 252 424 376 48 355 41
is_linear=0
shrinkage=0.3


Tree=51
num_leaves=16
num_cat=0
split_feature=7 27 9 8 11 10 26 15 17 21 15 14 14 4 11
split_gain=3.05002e-05 0.000120261 9.55618e-05 7.19937e-05 9.36924e-05 6.26424e-05 6.44642e-05 5.95466e-05 5.34729e-05 5.2758e-05 5.21049e-05 4.86649e-05 4.72068e-05 5.58579e-05 5.52314e-05
threshold=0.020752368287786819 0.93369450000000009 0.030567449528305857 0.064143961088101734 68.244666118262018 1.4290677312038202 0.46190400000000004 0.02504774817371971 0.017425152433929999 0.053695000000000007 -0.010046918095193301 0.023184144355971836 0.047392130564917395 11978050.000000002 63.461537539517103
decision_type=2 2 2 2 2 2 2 2 2 2 2 2 2 2 2
left_child=3 2 11 4 7 6 -5 8 12 -6 -10 -2 13 14 -1
right_child=1 -3 -4 5 9 -7 -8 -9 10 -11 -12 -13 -14 -15 -16
leaf_value=6.1164872412273796e-06 -0.00030324117047712205 0.00044664845984450282 8.1474813244615977e-05 -0.0004165664777908453 0.00072549634765332134 -0.00056481322532239242 0.00026967244443117772 0.00045986710661404331 -5.7689149907673707e-05 0.00017379638626992416 0.00058638808001817847 -0.0009498288118762006 0.00042165343766100701 -0.0004681721253695691 -0.00034979298400495009
leaf_weight=449 20 22 27 22 26 33 28 26 20 39 26 22 20 27 43
leaf_count=449 20 22 27 22 26 33 28 26 20 39 26 22 20 27 43
internal_value=1.00633e-13 -0.000164121 -0.000358859 1.96772e-05 5.20524e-05 -0.000244006 -3.22727e-05 1.56243e-05 -4.11977e-06 0.000394476 0.000306355 -0.00064193 -3.06166e-05 -4.80452e-05 -2.49894e-05
internal_weight=850 91 69 759 676 83 50 611 585 65 46 42 539 519 492
internal_count=850 91 69 759 676 83 50 611 585 65 46 42 539 519 492
is_linear=0
shrinkage=0.3


Tree=52
num_leaves=18
num_cat=0
split_feature=5 20 5 15 12 14 0 6 7 7 27 16 7 17 27 22 19
split_gain=3.21681e-05 8.05889e-05 5.14643e-05 5.84084e-05 4.36198e-05 0.000123143 7.1885e-05 8.40969e-05 4.24108e-05 0.000110628 0.000112228 0.000100794 6.53416e-05 8.62881e-05 8.36055e-05 6.31301e-05 5.53679e-05
threshold=-0.012698731032248918 0.7919885000000001 -0.010526943784388664 -0.011534152179717544 -0.0042325482136951415 0.04477612699037567 4.6203435016185734 0.0037786994339498894 -0.034871093134794744 -0.014507982090588825 0.78024750000000009 0.0027356051276024103 -0.010080998921954729 0.0082389297884237489 0.58809300000000009 0.39692400000000005 0.48582700000000006
decision_type=2 2 2 2 2 2 2 2 2 2 2 2 2 2 2 2 2
left_child=1 4 -2 -4 5 -1 -6 -8 -5 10 -10 -12 13 -11 15 -14 -16
right_child=2 -3 3 8 6 -7 7 -9 9 12 11 -13 14 -15 16 -17 -18
leaf_value=0.0010088540834840387 -0.00037229926371789613 -0.00033132143764995472 0.00046097807489391216 -0.00041687294115035908 0.00060898148178239358 -4.3896452116314325e-05 -0.00038527834589000448 0.00026934531587788737 -0.00029702287389227422 -0.00073582239191247406 1.2541533744131977e-05 0.00081942516254984124 0.00070988070884081729 5.8124358144017279e-05 -0.0001348473948689991 6.9855750948393149e-06 0.00010394985484246537
leaf_weight=20 37 29 23 24 20 20 33 38 20 28 22 38 23 22 308 23 122
leaf_count=20 37 29 23 24 20 20 33 38 20 28 22 38 23 22 308 23 122
internal_value=1.01435e-13 0.000121196 -2.81035e-05 -8.6008e-06 0.000221372 0.000482479 0.0001066 -3.49164e-05 -2.57442e-05 -1.02539e-05 0.00031842 0.000523568 -6.02424e-05 -0.000386486 -2.59731e-05 0.000358433 -6.70956e-05
internal_weight=850 160 690 653 131 40 91 71 630 606 80 60 526 50 476 46 430
internal_count=850 160 690 653 131 40 91 71 630 606 80 60 526 50 476 46 430
is_linear=0
shrinkage=0.3


Tree=53
num_leaves=11
num_cat=0
split_feature=29 14 1 2 14 6 14 9 15 11
split_gain=2.86828e-05 7.29059e-05 5.68227e-05 0.000138174 5.66855e-05 6.97461e-05 8.01917e-05 9.9246e-05 7.76667e-05 6.31512e-05
threshold=1.5000000000000002 0.053181811565099844 4.7651113850497149 4.8602015695345484 0.04477612699037567 -0.034871093134794744 0.03788674456449475 0.045643745514581335 0.020163769042556429 76.500080579704971
decision_type=2 2 2 2 2 2 2 2 2 2
left_child=1 4 -2 -4 5 -1 7 8 9 -7
right_child=2 -3 3 -5 -6 6 -8 -9 -10 -11
leaf_value=-0.00055575753379214019 -0.00012723376084608929 -0.00049415604834004111 0.00098108081234386173 -1.2669938972548527e-05 0.00042569766309396879 7.2283165917166564e-06 -0.00043021518905407975 0.00065015591926360439 0.00042957835700387174 -0.00033041326086855738
leaf_weight=21 37 28 20 34 27 533 37 22 36 55
leaf_count=21 37 28 20 34 27 533 37 22 36 55
internal_value=1.16169e-12 -1.90819e-05 0.000159156 0.000355386 -8.84841e-07 -1.72452e-05 -6.87771e-07 2.39136e-05 1.83459e-06 -2.43538e-05
internal_weight=850 759 91 54 731 704 683 646 624 588
internal_count=850 759 91 54 731 704 683 646 624 588
is_linear=0
shrinkage=0.3


Tree=54
num_leaves=17
num_cat=0
split_feature=4 8 4 17 4 4 4 22 27 0 22 5 2 9 2 12
split_gain=2.79372e-05 9.08778e-05 8.56881e-05 8.4638e-05 6.94105e-05 4.80546e-05 5.15302e-05 8.75526e-05 9.82224e-05 5.10198e-05 0.000159522 9.27352e-05 7.48287e-05 0.000156902 8.55715e-05 2.88161e-05
threshold=1997050.0000000002 -0.0044492315001285537 2657600.0000000005 0.0020682524989572263 2856300.0000000005 3552250.0000000005 4429250.0000000009 0.086330500000000018 0.91668650000000007 4.5298863801310381 0.039178500000000012 0.0093633741816601564 4.6384807323780635 0.015430086842161073 4.6781220010921709 0.00048239712862022962
decision_type=2 2 2 2 2 2 2 2 2 2 2 2 2 2 2 2
left_child=1 -1 3 -2 -4 15 7 -7 -9 10 -8 -12 13 -11 -14 -6
right_child=2 -3 4 -5 5 6 9 8 -10 12 11 -13 14 -15 -16 -17
leaf_value=-0.00071471929419203656 -0.00010441666735070092 0.00010047633413705626 -0.00051498975781214538 0.00065740663015666158 0.00048758989341877166 -0.00059091948157098759 0.00042290049152345294 0.00029337801019070099 -0.00045939549191434007 -0.00017818058195926651 -0.00020315289398240566 -0.0009822509059449658 -0.00059063710588296611 0.00062082082345362073 3.236195212669675e-05 4.4463440892286599e-05
leaf_weight=20 21 32 24 35 28 36 27 39 26 37 44 20 21 55 360 25
leaf_count=20 21 32 24 35 28 36 27 39 26 37 44 20 21 55 360 25
internal_value=1.27982e-12 -0.00021306 1.38836e-05 0.000371723 -1.31231e-05 3.65239e-06 -1.82582e-05 -0.0002156 -7.73139e-06 1.70815e-05 -0.000188631 -0.000446621 5.66583e-05 0.000299483 -1.97658e-06 0.000278568
internal_weight=850 52 798 56 742 718 665 101 65 564 91 64 473 92 381 53
internal_count=850 52 798 56 742 718 665 101 65 564 91 64 473 92 381 53
is_linear=0
shrinkage=0.3


Tree=55
num_leaves=20
num_cat=0
split_feature=26 11 11 7 14 4 18 10 12 17 17 3 0 9 0 17 0 17 12
split_gain=2.46045e-05 2.09454e-05 7.63519e-05 5.41063e-05 7.33055e-05 7.78368e-05 6.88389e-05 4.84094e-05 0.000103194 7.29534e-05 0.000106653 6.04197e-05 4.54219e-05 0.000206446 7.67532e-05 4.18189e-05 6.66315e-05 6.29549e-05 2.93384e-05
threshold=0.031230000000000004 52.688603020580324 54.33580691644088 0.013630288213610451 0.041461054378836411 10684850.000000002 0.071781453785477276 0.87431239764346647 0.0011708854504810854 0.0075023381146771574 0.0083682295313127503 4.7949154376983651 4.5666495480456364 0.0226369732053039 4.6757491967021814 0.016621409403358739 5.8590107488271945 0.0081967133022516261 0.002548131084089886
decision_type=2 2 2 2 2 2 2 2 2 2 2 2 2 2 2 2 2 2 2
left_child=-1 3 -3 4 7 -6 -5 8 9 11 -11 -2 13 -4 18 16 17 -16 -14
right_child=1 2 12 6 5 -7 -8 -9 -10 10 -12 -13 14 -15 15 -17 -18 -19 -20
leaf_value=0.00023925611743391993 -4.1002846063929614e-05 0.00049127031748104203 0.00088309284980641668 -0.00061101001854033457 0.00076700908425014595 -3.1843466311566651e-05 4.1700468640416286e-05 0.00036638703445946293 -0.00065421915496699512 -0.0008305267879305492 -7.8184741066768371e-05 0.00033873608147890383 -0.00068861981118971015 -0.00030298597510929022 9.4982102923126683e-06 -0.00036296462210430033 -0.00035765317701471732 0.00037599009456089794 -0.00017476642718520453
leaf_weight=37 125 31 25 33 21 23 26 22 27 22 74 54 20 28 148 24 31 59 20
leaf_count=37 125 31 25 33 21 23 26 22 27 22 74 54 20 28 148 24 31 59 20
internal_value=-8.17261e-13 -1.08887e-05 3.97568e-05 -5.66712e-05 -1.39116e-05 0.000349427 -0.000323375 -6.32539e-05 -9.45523e-05 -3.96032e-05 -0.000250596 7.35553e-05 3.28846e-07 0.000256485 -4.46257e-05 1.44685e-05 5.2529e-05 0.000113957 -0.000431693
internal_weight=850 813 386 427 368 44 59 324 302 275 96 179 355 53 302 262 238 207 40
internal_count=850 813 386 427 368 44 59 324 302 275 96 179 355 53 302 262 238 207 40
is_linear=0
shrinkage=0.3


Tree=56
num_leaves=18
num_cat=0
split_feature=26 6 7 18 26 16 6 7 9 18 18 1 6 17 22 22 14
split_gain=1.91473e-05 6.81372e-05 5.71539e-05 5.59377e-05 5.39393e-05 5.37842e-05 6.37232e-05 4.40506e-05 6.37381e-05 3.78269e-05 0.000109012 9.02288e-05 7.38901e-05 6.24044e-05 4.61179e-05 6.27533e-05 3.65131e-05
threshold=0.17301800000000003 -0.0060911707923998601 -0.01443340033046603 0.027709672639630756 0.25388800000000006 0.0061350123982539702 0.0042463214805937609 -0.034871093134794744 0.049479924917667194 -0.0092835826418343984 0.10037083433503736 4.5443429907489028 0.0017290011725864861 0.0040650367106454454 0.95290300000000017 0.92838100000000012 0.027140015783266361
decision_type=2 2 2 2 2 2 2 2 2 2 2 2 2 2 2 2 2
left_child=1 3 -3 -1 -2 6 -4 -6 9 14 12 -12 -11 -13 15 16 -9
right_child=4 2 5 -5 7 -7 -8 8 -10 10 11 13 -14 -15 -16 -17 -18
leaf_value=8.9519341418053952e-06 -0.00037863353330370352 0.00038939233590182005 -0.00066643288446357476 0.00066585335709013242 -0.00040946483394414509 0.00019160599088839566 -1.9639303731121891e-05 8.6171088849003135e-06 0.00050345736537723413 -0.00088843382798823646 -0.00061903799010906365 0.00022094896375015151 -0.00011009798929860282 -8.7164364668365608e-05 0.0003983483772304573 -0.00037409153301268814 0.00026967084103546313
leaf_weight=20 36 22 26 28 23 27 29 179 23 23 20 103 21 139 34 31 66
leaf_count=20 36 22 26 28 23 27 29 179 23 23 20 103 21 139 34 31 66
internal_value=-1.99727e-12 9.64877e-05 -3.99692e-05 0.000392144 -2.10117e-05 -0.000155164 -0.000325396 -1.56394e-06 1.31179e-05 -5.19018e-06 -8.0016e-05 -6.63688e-06 -0.000516955 4.39748e-05 6.86701e-05 2.80576e-05 7.89418e-05
internal_weight=850 152 104 48 698 82 55 662 639 616 306 262 44 242 310 276 245
internal_count=850 152 104 48 698 82 55 662 639 616 306 262 44 242 310 276 245
is_linear=0
shrinkage=0.3


Tree=57
num_leaves=13
num_cat=0
split_feature=9 15 8 8 27 12 4 26 9 27 27 27
split_gain=2.72539e-05 2.23669e-05 2.98361e-05 4.74592e-05 3.59583e-05 5.79936e-05 2.84688e-05 5.83519e-05 7.66703e-05 4.98525e-05 4.59934e-05 4.33192e-05
threshold=0.058118482773358029 -0.037992780902136085 -0.10558217280763223 -0.084783381264972368 0.5414770000000001 0.00024159468231328267 3552250.0000000005 0.93824800000000008 0.0171562572104943 0.94638000000000011 0.76294750000000011 0.73295050000000017
decision_type=2 2 2 2 2 2 2 2 2 2 2 2
left_child=1 -1 -3 -4 5 -5 9 11 -9 10 -6 -8
right_child=-2 2 3 4 6 -7 7 8 -10 -11 -12 -13
leaf_value=0.00032174844640394436 -0.00034605915323481889 -0.00031556985005199047 0.00045599925194567597 0.00064047936548377031 0.00035750411123444789 -1.9029747709282673e-05 -0.00022533492641902935 -0.00081652166882122395 -4.1547962205691467e-05 0.0005103263931893955 -5.8860925305336234e-05 1.6900631623758579e-05
leaf_weight=20 20 26 21 20 30 30 79 20 27 22 117 418
leaf_count=20 20 26 21 20 30 30 79 20 27 22 117 418
internal_value=1.33343e-12 8.33878e-06 6.00266e-07 1.10855e-05 -1.15983e-06 0.000244774 -1.84062e-05 -5.18184e-05 -0.000371324 8.91454e-05 2.61115e-05 -2.16036e-05
internal_weight=850 830 810 784 763 50 713 544 47 169 147 497
internal_count=850 830 810 784 763 50 713 544 47 169 147 497
is_linear=0
shrinkage=0.3


Tree=58
num_leaves=11
num_cat=0
split_feature=6 4 5 5 14 12 4 18 19 0
split_gain=1.98137e-05 2.90421e-05 4.35111e-05 4.12665e-05 3.43842e-05 0.000114751 8.30551e-05 3.27865e-05 5.90251e-05 3.37565e-05
threshold=0.031926564077513452 20394850.000000004 -0.02847651901276875 -0.024534888989004095 0.039749140152317917 -0.0014285830535689097 12950700.000000002 0.41644742937423912 -0.32389299999999993 5.8484891595536297
decision_type=2 2 2 2 2 2 2 2 2 2
left_child=1 2 -1 -4 6 -6 7 9 -9 -5
right_child=-2 -3 3 4 5 -7 -8 8 -10 -11
leaf_value=0.00034116566894226708 -0.00022102379410560906 -0.000330510399362538 -0.00042159759203059361 2.8383226734772739e-07 0.00075648267465231074 -0.00011114420631201937 -0.00051923630336306011 -0.00013380566091295487 0.00029667228379973631 -0.0003793829822494775
leaf_weight=36 35 22 20 502 23 34 27 43 86 22
leaf_count=36 35 22 20 502 23 34 27 43 86 22
internal_value=1.75847e-13 9.49182e-06 1.89244e-05 3.59986e-06 1.51385e-05 0.000238951 -3.62228e-06 1.76971e-05 0.00015318 -1.56564e-05
internal_weight=850 815 793 757 737 57 680 653 129 524
internal_count=850 815 793 757 737 57 680 653 129 524
is_linear=0
shrinkage=0.3


Tree=59
num_leaves=14
num_cat=0
split_feature=0 4 4 14 16 16 6 13 6 20 14 4 4
split_gain=2.99336e-05 5.11261e-05 3.3254e-05 6.74132e-05 0.000113938 5.258e-05 3.96781e-05 5.67597e-05 2.78155e-05 5.39197e-05 5.3964e-05 3.91575e-05 4.82254e-05
threshold=5.8731740064257663 10801700.000000002 16035900.000000002 0.040122745018050548 0.0020790496883160005 0.0094250250107591107 -0.032414554503566638 0.037499983719512027 -0.01242257888914104 0.46694000000000008 0.0171428635006859 11167750.000000002 6343450.0000000009
decision_type=2 2 2 2 2 2 2 2 2 2 2 2 2
left_child=2 -2 3 6 -5 -6 -1 8 9 10 -8 12 -10
right_child=1 -3 -4 4 5 -7 7 -9 11 -11 -12 -13 -14
leaf_value=-0.00041327294959046416 0.00059646310961397825 -3.1550406700781811e-05 0.00027219673698709813 -0.00085185389282781642 0.00025309919306507181 -0.00033442698617802994 -0.00037931970055069545 0.0003716331421233726 4.2714331216946852e-06 0.00044584132473948339 0.00017560966541919776 0.00033256766817066818 -0.00020543466595780854
leaf_weight=20 20 28 35 23 26 29 24 38 367 34 46 25 135
leaf_count=20 20 28 35 23 26 29 24 38 367 34 46 25 135
internal_value=-1.7807e-12 0.000230122 -1.37729e-05 -2.68223e-05 -0.00029116 -5.66873e-05 3.10262e-06 1.55503e-05 -5.89365e-06 0.000135894 -1.46518e-05 -3.38745e-05 -5.21236e-05
internal_weight=850 48 802 767 78 55 689 669 631 104 70 527 502
internal_count=850 48 802 767 78 55 689 669 631 104 70 527 502
is_linear=0
shrinkage=0.3


Tree=60
num_leaves=22
num_cat=0
split_feature=19 12 6 19 15 21 12 8 17 6 18 21 5 18 18 22 0 3 15 17 14
split_gain=2.12023e-05 6.60964e-05 5.31144e-05 5.15561e-05 7.14783e-05 4.23778e-05 7.99884e-05 6.79266e-05 8.20771e-05 5.03924e-05 7.07974e-05 5.56201e-05 4.74413e-05 3.88631e-05 5.57809e-05 9.09084e-05 5.47478e-05 4.76575e-05 4.6955e-05 3.05301e-05 2.60008e-05
threshold=0.19901300000000002 -0.0068253481134082786 -0.036315371396730696 0.10568450000000001 0.0030122160731680899 0.052690000000000008 -0.0023564206612489793 0.012024351198167051 0.0055558108526588485 0.0042463214805937609 -0.16816456262333745 0.14062200000000002 0.0020855562549158191 0.806905848516143 0.56216100662020663 0.80451700000000015 5.8590107488271945 5.4189257621765146 -0.010752626424140809 0.0065430508739813533 0.01901669029349529
decision_type=2 2 2 2 2 2 2 2 2 2 2 2 2 2 2 2 2 2 2 2 2
left_child=2 -2 -1 13 -5 7 -7 12 -9 10 -8 -11 -3 14 16 -16 17 18 -4 -19 -12
right_child=1 5 3 4 -6 6 9 8 -10 11 20 -13 -14 -15 15 -17 -18 19 -20 -21 -22
leaf_value=0.00049215235579719199 -0.00047844883135234517 0.00014016904887456975 -0.00025647173102670556 0.00074574929443770087 -2.9718193526723945e-05 0.00028898081846169326 -5.6615549590333102e-05 0.000727196774460026 -6.8520643012561777e-05 -0.0003854301585802618 -0.00041341919568367304 0.00022330597750884145 -0.00038861993850262548 -0.00030306200556208892 0.00076390384492697194 -0.00010873885268145907 -0.00045172457821900027 6.1306113101359779e-05 2.4959409857943401e-05 0.00056161452230298894 -0.00089716170921747104
leaf_weight=22 31 37 67 20 23 35 32 28 20 22 20 35 26 38 22 21 25 23 262 21 20
leaf_count=22 31 37 67 20 23 35 32 28 20 22 20 35 26 38 22 21 25 23 262 21 20
internal_value=4.69881e-13 -6.31746e-05 3.55357e-05 1.62913e-05 0.000330964 -1.63618e-05 -0.000113248 0.000126786 0.000395648 -0.00022238 -0.000389213 -1.16448e-05 -7.80613e-05 -1.1957e-05 1.31269e-05 0.00033773 -2.19432e-05 6.86248e-06 -3.23533e-05 0.00030009 -0.00065529
internal_weight=850 306 544 522 43 275 164 111 48 129 72 57 63 479 441 43 398 373 329 44 40
internal_count=850 306 544 522 43 275 164 111 48 129 72 57 63 479 441 43 398 373 329 44 40
is_linear=0
shrinkage=0.3


Tree=61
num_leaves=27
num_cat=0
split_feature=0 0 8 0 21 22 2 1 3 11 16 26 14 12 10 4 4 4 12 2 12 16 7 14 21 14
split_gain=2.69649e-05 3.94244e-05 6.30346e-05 6.34248e-05 7.80889e-05 7.53336e-05 5.71258e-05 5.50486e-05 9.98775e-05 7.45916e-05 5.43387e-05 6.89323e-05 4.80577e-05 4.19653e-05 4.12716e-05 4.08245e-05 3.42311e-05 3.14316e-05 5.71876e-05 0.000147334 4.99164e-05 6.25164e-05 4.67049e-05 4.50909e-05 4.0556e-05 2.78904e-05
threshold=5.8731740064257663 5.0938399867588195 -0.027069078225111346 5.168210396078881 0.82304600000000006 0.058494000000000004 5.2174564087378217 4.874148754322019 4.7949154376983651 33.333567054838404 0.0075471623421736241 0.79797800000000019 0.031217488712476902 0.00052473565801817198 0.30432941591332247 9598600.0000000019 10801700.000000002 7798500.0000000009 -0.001164731976832609 4.6268870881998785 -2.1665845428773009e-05 0.0021030682413335409 -0.012389487167980776 0.016614796925464335 0.045285000000000013 0.030217228786715396
decision_type=2 2 2 2 2 2 2 2 2 2 2 2 2 2 2 2 2 2 2 2 2 2 2 2 2 2
left_child=1 7 15 -4 5 -5 -7 8 17 -9 12 -12 14 -8 -11 -3 -2 18 19 23 -20 -22 -19 -1 -24 -26
right_child=16 2 3 4 -6 6 13 9 -10 10 11 -13 -14 -15 -16 -17 -18 22 20 -21 21 -23 24 -25 25 -27
leaf_value=-0.0003292019366053864 0.00051817389990901571 -0.00075451942809325251 -0.00053769576057675298 -0.00047731053230657788 0.00058109428617171934 0.00051196932950655792 -0.00040350404181351349 0.0007235572754871099 -0.00068204394839995071 0.00042993508243605239 0.00026205750235187055 -0.00044216091349692853 0.00066145455697551368 0.0001329303992055689 -0.00010733494029057422 -0.00015562712043902137 4.2976856743085325e-06 0.00020183059943677936 0.000466936939384058 -0.00087224761897232374 0.0002982564409118519 -4.4917891751589499e-05 -0.0006500699529533449 0.00013602539210114627 0.00012455597077860148 -0.0003704560928911503
leaf_weight=25 20 21 20 29 20 21 21 20 20 22 22 29 20 35 31 20 28 23 33 20 72 142 20 75 20 21
leaf_count=25 20 21 20 29 20 21 21 20 20 22 22 29 20 35 31 20 28 23 33 20 72 142 20 75 20 21
internal_value=-3.3448e-13 -1.30721e-05 -0.000133696 -4.13952e-05 3.73827e-05 -6.52044e-05 9.00044e-05 2.36054e-05 -2.60227e-05 0.000185931 9.92168e-05 -0.00013838 0.000265209 -6.82325e-05 0.000115683 -0.000462377 0.000218413 3.06916e-06 4.0959e-05 -0.000128942 0.000123502 7.05426e-05 -0.000162473 1.97186e-05 -0.000299834 -0.000128987
internal_weight=850 802 187 146 126 106 77 615 471 144 124 51 73 56 53 41 48 451 367 120 247 214 84 100 61 41
internal_count=850 802 187 146 126 106 77 615 471 144 124 51 73 56 53 41 48 451 367 120 247 214 84 100 61 41
is_linear=0
shrinkage=0.3


Tree=62
num_leaves=31
num_cat=0
split_feature=21 7 18 27 4 4 18 26 8 26 20 18 7 15 18 0 18 16 18 4 7 28 17 16 13 15 21 3 12 19
split_gain=2.03095e-05 5.2191e-05 8.75188e-05 6.92784e-05 5.36811e-05 0.000130621 6.86583e-05 5.0988e-05 4.75974e-05 5.4573e-05 4.62414e-05 4.3033e-05 7.75622e-05 7.85302e-05 5.1754e-05 4.7943e-05 4.75492e-05 4.56917e-05 5.45109e-05 4.24395e-05 3.78854e-05 3.70411e-05 4.14082e-05 3.05055e-05 3.05046e-05 2.89602e-05 2.84575e-05 3.60532e-05 2.62856e-05 1.78802e-05
threshold=0.20483200000000004 0.002262583783073997 0.47484010959019501 0.86051850000000008 9023950.0000000019 7328450.0000000009 0.16770957275041851 0.65924850000000013 0.0079217179563762768 0.85852150000000005 0.036489500000000008 -0.061920380327033335 1.0000000180025095e-35 -0.010296996243293251 -0.26999375978247514 5.1503645132828817 0.3496816796746654 0.0059405409580442449 0.40151005573372761 6343450.0000000009 0.006269758793816387 1.0000000180025095e-35 0.0039139056614521123 0.0021030682413335409 0.02716829510814664 0.0018744140491609681 0.082043000000000019 4.6599080562591562 -0.00052947917975293684 0.088980000000000017
decision_type=2 2 2 2 2 2 2 2 2 2 2 2 2 2 2 2 2 2 2 2 2 2 2 2 2 2 2 2 2 2
left_child=1 2 4 -4 5 8 -6 -3 26 -10 -2 14 17 -14 15 28 -15 18 -13 -16 23 22 -22 -9 -23 -24 27 -1 -12 -30
right_child=10 7 3 -5 6 -7 -8 20 9 -11 11 12 13 16 19 -17 -18 -19 -20 -21 21 24 25 -25 -26 -27 -28 -29 29 -31
leaf_value=5.199206518635928e-05 -0.00042074435763863905 0.00047016472609676704 -0.00078045558484913981 -0.00010630896679632476 2.8565536757179704e-05 -0.00063962563851548897 0.00072246750671313615 6.4419510272273323e-05 -9.0946501092860544e-05 0.00052414856240562478 -0.00037323995262704559 0.00018683852594340747 -0.00060936557539124892 0.00035445188620472504 -0.00014069893174261476 0.00040007494084420614 -0.00021395850619430548 4.3708234382696291e-05 0.00086404073796074942 -0.0007020196819212287 0.00015338400692350906 -6.2711014314637776e-05 -9.7908115739383814e-05 0.00057634700576520781 0.00041205598932594569 -0.00054857157104249517 0.00023552584613207726 -0.00032212727149850582 -0.0001587144852564961 0.00022185022334269885
leaf_weight=49 29 37 23 34 33 28 21 20 21 34 25 23 22 26 27 20 27 36 20 22 33 21 33 22 29 21 25 44 25 20
leaf_count=49 29 37 23 34 33 28 21 20 21 34 25 23 22 26 27 20 27 36 20 22 33 21 33 22 29 21 25 44 25 20
internal_value=-3.16183e-14 3.62137e-05 -4.2265e-05 -0.000378333 3.28561e-05 -3.84885e-05 0.000298416 0.000149572 5.88054e-05 0.000289294 -5.93814e-05 -2.36151e-05 8.56131e-05 -0.000132896 -0.000144631 -9.55953e-06 6.48843e-05 0.000293058 0.000501816 -0.00039272 8.3304e-05 6.88609e-06 -0.000111371 0.000332572 0.000212654 -0.000273166 -4.86258e-05 -0.000125011 -0.000126598 1.04254e-05
internal_weight=850 528 312 57 255 201 54 216 173 55 322 293 154 75 139 90 53 79 43 49 179 137 87 42 50 54 118 93 70 45
internal_count=850 528 312 57 255 201 54 216 173 55 322 293 154 75 139 90 53 79 43 49 179 137 87 42 50 54 118 93 70 45
is_linear=0
shrinkage=0.3


Tree=63
num_leaves=21
num_cat=0
split_feature=13 7 18 18 7 5 10 5 15 18 15 15 10 13 2 5 4 1 4 14
split_gain=1.82291e-05 1.88305e-05 4.45418e-05 7.09189e-05 7.88344e-05 9.61249e-05 3.99926e-05 3.50252e-05 4.95637e-05 3.37814e-05 3.27984e-05 5.82018e-05 4.76131e-05 0.000103305 0.000102305 2.92897e-05 6.84471e-05 5.38287e-05 4.63801e-05 5.07094e-05
threshold=0.013021151215086615 -0.011904824381018815 0.44122226006199017 0.10037083433503736 -0.013564547729639864 0.013830625779820841 -0.23805540153168248 0.026510895742262858 0.020163769042556429 -0.33406860970384922 0.0020408629973885464 1.0000000180025095e-35 -0.34285616861790152 0.022920811188601235 4.8876694753113723 0.0065377541854237777 6188200.0000000009 4.7576895742842034 9657400.0000000019 0.030534358084825467
decision_type=2 2 2 2 2 2 2 2 2 2 2 2 2 2 2 2 2 2 2 2
left_child=-1 2 3 4 5 6 9 8 10 -2 11 12 14 -14 -3 16 17 -12 19 -17
right_child=1 7 -4 -5 -6 -7 -8 -9 -10 -11 15 -13 13 -15 -16 18 -18 -19 -20 -21
leaf_value=-0.00028302089318458455 -0.00027299485133445831 2.7730774816645438e-05 -0.00041945830475767786 0.00035409873879264822 -0.00065391766963460087 -0.00059599639989755811 0.00047361013168246361 -0.00027042527111585841 0.00044426943236936087 0.00021385892470851984 -0.00014923529025265186 0.00055786470627274616 0.00025177688701660372 -0.0002425473819200236 0.00055307338198569292 0.00024083930438331363 0.0001581878601323946 -0.0007077545214415295 -0.00030613570254770043 -0.00028365708629800275
leaf_weight=20 23 129 29 36 21 20 23 33 27 29 41 22 60 104 45 79 35 25 28 21
leaf_count=20 23 129 29 36 21 20 23 33 27 29 41 22 60 104 45 79 35 25 28 21
internal_value=8.67337e-13 6.81978e-06 -7.87452e-05 -1.37407e-05 -0.000127898 -1.16197e-05 0.000144214 3.0683e-05 4.68138e-05 -1.48025e-06 2.85943e-05 8.50563e-05 5.42818e-05 -6.1697e-05 0.000163595 -6.01669e-05 -0.00018095 -0.000360796 3.51383e-05 0.000130695
internal_weight=850 830 181 152 116 95 75 649 616 52 589 360 338 164 174 229 101 66 128 100
internal_count=850 830 181 152 116 95 75 649 616 52 589 360 338 164 174 229 101 66 128 100
is_linear=0
shrinkage=0.3


Tree=64
num_leaves=19
num_cat=0
split_feature=0 2 16 12 20 6 10 8 12 6 19 20 14 18 18 18 5 0
split_gain=1.76856e-05 2.89557e-05 2.30523e-05 5.66902e-05 6.03751e-05 5.44683e-05 4.71333e-05 3.98775e-05 3.63411e-05 4.99091e-05 3.4307e-05 5.11384e-05 3.34219e-05 4.10055e-05 5.14373e-05 4.67321e-05 3.23561e-05 2.05647e-05
threshold=4.1775567028597171 4.2968650244407582 0.0020920481222443011 -0.00044053104981518358 0.43658200000000008 -0.0037140119586412126 -1.620451094540275 0.09154380896156955 0.0047826054295378095 0.0087108709612459274 0.41644350000000002 0.24862000000000004 0.010214505503169954 0.12122216011925853 -0.23669431648473879 0.19401686275258001 -0.010183439650464608 4.8892306672025132
decision_type=2 2 2 2 2 2 2 2 2 2 2 2 2 2 2 2 2 2
left_child=-1 -2 3 4 5 -3 -4 12 10 -10 11 16 -8 14 -14 -15 -5 -6
right_child=1 2 6 8 17 -7 7 -9 9 -11 -12 -13 13 15 -16 -17 -18 -19
leaf_value=0.00020577014996282135 -0.00036561035754857586 -0.00010472233348991722 0.00045828512267452538 0.00041437789523115495 -0.00014336755295516921 -0.00064240350396945498 0.00032445985157715366 0.00043335279355233069 -0.00039799212139438495 0.00016395853082940446 -0.00012619298702867872 0.00062819272769212896 7.8010903052927461e-06 0.0004988125543935563 -0.00027220849108390978 3.2482880054445217e-05 -4.5823756206366601e-05 0.00026476698309124913
leaf_weight=36 20 30 23 20 25 39 27 20 33 25 33 22 156 22 95 160 44 20
leaf_count=36 20 30 23 20 25 39 27 20 33 25 33 22 156 22 95 160 44 20
internal_value=-1.35481e-13 -9.1004e-06 -1.203e-07 -6.73259e-05 -0.000232318 -0.000408629 3.87601e-05 1.86579e-05 3.89402e-05 -0.000155772 0.000133842 0.000233623 6.27644e-07 -1.95651e-05 -9.81786e-05 8.88524e-05 9.79893e-05 3.80256e-05
internal_weight=850 814 794 291 114 69 503 480 177 58 119 86 460 433 251 182 64 45
internal_count=850 814 794 291 114 69 503 480 177 58 119 86 460 433 251 182 64 45
is_linear=0
shrinkage=0.3


Tree=65
num_leaves=10
num_cat=0
split_feature=19 22 11 8 8 11 10 3 6
split_gain=1.452e-05 1.90284e-05 2.4277e-05 5.92609e-05 3.28492e-05 2.89474e-05 2.78611e-05 3.89808e-05 2.43806e-05
threshold=-0.95380799999999988 0.96026750000000016 13.073170752240495 -0.11045610482066189 -0.080070078660329239 23.137987523183579 -1.3829374696049428 4.8181810379028329 -0.01036267230963483
decision_type=2 2 2 2 2 2 2 2 2
left_child=-1 2 -2 -4 -5 -6 7 -7 -8
right_child=1 -3 3 4 5 6 8 -9 -10
leaf_value=0.00025259139499553382 -0.00032499960187124086 -0.00028136866888168945 0.00048416373775462092 -0.00032958358802312026 0.00034627427968106611 -0.00039281689111779391 0.00013583696601611239 0.00012954840559359582 -1.3177368192054337e-05
leaf_weight=20 20 22 23 27 22 36 121 20 539
leaf_count=20 20 22 23 27 22 36 121 20 539
internal_value=-1.69567e-13 -6.08654e-06 1.40877e-06 9.69324e-06 -4.57188e-06 7.31879e-06 -3.09605e-06 -0.000206258 1.41419e-05
internal_weight=850 830 808 788 765 738 716 56 660
internal_count=850 830 808 788 765 738 716 56 660
is_linear=0
shrinkage=0.3


Tree=66
num_leaves=12
num_cat=0
split_feature=16 9 2 12 12 22 16 16 17 22 11
split_gain=1.39109e-05 2.32016e-05 3.19645e-05 1.47801e-05 2.13414e-05 1.92185e-05 8.99737e-05 4.14653e-05 3.69926e-05 2.73385e-05 2.3715e-05
threshold=0.019326570405352204 0.056115169773729386 4.0584697743940881 -0.0095844934864508513 -0.0071682090108021778 0.017776000000000004 0.0036900835747879059 0.0057692713286059396 0.0045715734887824743 0.023522500000000005 30.267978899524596
decision_type=2 2 2 2 2 2 2 2 2 2 2
left_child=1 2 -1 -4 -5 6 8 -8 -6 -7 -11
right_child=-2 -3 3 4 5 9 7 -9 -10 10 -12
leaf_value=0.00037610064619912007 0.00022515122309414438 -0.00031784165559136973 -0.00020142954698819854 0.00024451955330498035 6.6020988742820916e-05 -0.00031945683233841138 0.00072416316669205111 0.00017673191594605504 -0.00044586841559066668 -0.00024525559347239324 -2.0928566961877303e-07
leaf_weight=20 24 21 34 31 27 28 20 33 24 38 550
leaf_count=20 24 21 34 31 27 28 20 33 24 38 550
internal_value=-7.38938e-13 -6.54192e-06 1.57894e-06 -7.96302e-06 7.95788e-07 -9.69787e-06 0.000109588 0.00038331 -0.000174868 -2.9837e-05 -1.60456e-05
internal_weight=850 826 805 785 751 720 104 53 51 616 588
internal_count=850 826 805 785 751 720 104 53 51 616 588
is_linear=0
shrinkage=0.3


Tree=67
num_leaves=14
num_cat=0
split_feature=3 14 3 22 13 4 8 22 10 19 20 4 1
split_gain=1.33889e-05 2.86286e-05 2.25625e-05 2.4489e-05 5.24866e-05 3.44677e-05 2.93019e-05 2.59393e-05 2.55678e-05 3.57196e-05 3.14635e-05 3.67258e-05 1.73258e-05
threshold=5.8680236339569101 0.027027001525717919 5.7968237400054941 0.93206800000000001 0.032102401056583477 6860650.0000000009 -0.006097567206457071 0.92208550000000011 -1.84348919527542 -0.80831549999999985 0.036489500000000008 16035900.000000002 4.7287960423271995
decision_type=2 2 2 2 2 2 2 2 2 2 2 2 2
left_child=2 -2 3 7 5 6 -5 8 -1 12 -11 -12 -10
right_child=1 -3 -4 4 -6 -7 -8 -9 9 10 11 -13 -14
leaf_value=-0.00030833140964386984 -8.3543926113001672e-05 0.00038483822218040583 -0.00032375578462961129 -0.00015802877470767789 -0.00023728847604965827 0.00054543008795008056 0.00029268545194474215 -0.00032837291837495281 0.00045245366942253895 -0.00036531135154528664 -2.2645266857777887e-05 0.00038191392917984293 0.00010588491137683819
leaf_weight=25 23 24 20 21 26 25 34 24 20 23 527 21 37
leaf_count=25 23 24 20 21 26 25 34 24 20 23 527 21 37
internal_value=-1.43125e-13 0.00015563 -9.1091e-06 -1.07215e-06 0.000133009 0.000253356 0.000120595 -2.20656e-05 -1.08078e-05 1.03629e-06 -2.15692e-05 -7.14209e-06 0.000227488
internal_weight=850 47 803 783 106 80 55 677 653 628 571 548 57
internal_count=850 47 803 783 106 80 55 677 653 628 571 548 57
is_linear=0
shrinkage=0.3


Tree=68
num_leaves=16
num_cat=0
split_feature=4 5 2 15 10 7 14 26 26 17 26 5 2 15 17
split_gain=1.3165e-05 2.52964e-05 2.28987e-05 2.21621e-05 2.12447e-05 4.14442e-05 3.06188e-05 1.58044e-05 5.24974e-05 3.92458e-05 3.38236e-05 3.35012e-05 4.05693e-05 3.97244e-05 2.55851e-05
threshold=20394850.000000004 -0.02847651901276875 4.5655942578448574 -0.022369996688802858 -1.3243577603507972 0.0037786994339498894 0.022374817212263115 0.17301800000000003 0.13250900000000002 0.0020597323965302612 0.27659850000000002 0.0086022435421892664 4.4495972847569307 0.0072072522784614448 0.0094414039704009186
decision_type=2 2 2 2 2 2 2 2 2 2 2 2 2 2 2
left_child=1 2 -1 -3 5 6 -5 8 9 -6 -9 12 -12 -13 -11
right_child=-2 3 -4 4 7 -7 -8 10 -10 14 11 13 -14 -15 -16
leaf_value=1.2103698845749022e-05 -0.00021903133447267464 -0.00030233883277436355 0.00046607290765678046 -0.00024549463295166473 -0.00034758045360871141 0.00050155516658957242 0.00023413087087101304 -0.00031982624464684965 0.00052910519101715173 0.00022388528980697557 0.00024485919904477404 0.00045190308455858027 -9.9409658603090653e-05 3.562500631659884e-05 -0.00012044189366391829
leaf_weight=20 24 22 20 23 23 22 25 35 20 52 34 24 328 147 31
leaf_count=20 24 22 20 23 23 22 25 35 20 52 34 24 328 147 31
internal_value=6.53255e-13 6.36411e-06 0.000239088 -5.47936e-06 3.06895e-06 0.000160587 4.31032e-06 -1.28191e-05 8.33023e-05 -8.11453e-07 -3.41418e-05 -1.5382e-05 -6.7075e-05 9.405e-05 9.52812e-05
internal_weight=850 826 40 786 764 70 48 694 126 106 568 533 362 171 83
internal_count=850 826 40 786 764 70 48 694 126 106 568 533 362 171 83
is_linear=0
shrinkage=0.3


Tree=69
num_leaves=23
num_cat=0
split_feature=0 2 27 16 11 15 27 18 19 9 9 19 27 10 2 12 21 20 5 20 15 12
split_gain=9.74903e-06 4.86377e-05 4.83844e-05 3.42292e-05 3.24805e-05 3.2677e-05 3.23768e-05 2.96959e-05 7.12026e-05 3.96859e-05 3.5729e-05 2.80032e-05 2.11223e-05 3.17953e-05 2.22525e-05 3.21374e-05 4.92283e-05 3.8148e-05 5.53197e-05 4.07893e-05 3.31669e-05 1.86636e-05
threshold=5.0938399867588195 5.1126880976689604 0.94022200000000011 0.005194835093966216 23.49394057661701 0.029936656438503493 0.59438250000000015 0.26558202531599645 0.28432500000000005 0.014982649828863251 0.026193823721643996 0.2199345 0.58809300000000009 -0.42894915106287701 4.9146209034768615 0.0043693844343685225 0.32350750000000006 0.89897700000000014 0.01665733000309395 0.93909550000000008 -1.0000000180025095e-35 0.0023240849968540734
decision_type=2 2 2 2 2 2 2 2 2 2 2 2 2 2 2 2 2 2 2 2 2 2
left_child=4 -2 6 -4 11 12 -3 9 -9 -8 -11 -1 13 -6 15 17 20 18 -14 -19 -17 -16
right_child=1 2 3 -5 5 -7 7 8 -10 10 -12 -13 14 -15 21 16 -18 19 -20 -21 -22 -23
leaf_value=0.00037951137710479088 -0.00039572854730067774 -0.00026372093265804737 -0.00057096262644336089 -1.5928544889902696e-05 0.00049004812387465791 -0.00036968797690600954 -5.7502829004079101e-05 0.00025818045412759398 -0.00047836283795602089 0.00062259865646612726 0.00016606936254296063 -5.7108651599264701e-05 -7.6190160850835419e-05 1.0680560126274941e-05 3.3662276211631953e-05 -0.0001561108754166136 8.046034650760703e-05 0.00052074059813458006 0.00032928306744211378 -3.2840086319281351e-05 -0.00068929704869203441 0.00040537533423048441
leaf_weight=39 32 22 20 20 20 21 30 27 21 27 36 20 277 33 31 21 30 25 34 23 21 20
leaf_count=39 32 22 20 20 20 21 30 27 21 27 36 20 277 33 31 21 30 25 34 23 21 20
internal_value=-9.70779e-13 -5.19752e-05 2.21254e-06 -0.000293446 1.98604e-05 -2.59821e-06 7.47667e-05 0.00012758 -6.40572e-05 0.00022649 0.000361725 0.000231505 1.18109e-05 0.000191574 -7.95555e-06 -3.0129e-05 -0.000213052 6.5575e-06 -3.18619e-05 0.000255483 -0.000422704 0.000179432
internal_weight=850 235 203 40 615 556 163 141 48 93 63 59 535 53 482 431 72 359 311 48 42 51
internal_count=850 235 203 40 615 556 163 141 48 93 63 59 535 53 482 431 72 359 311 48 42 51
is_linear=0
shrinkage=0.3


Tree=70
num_leaves=19
num_cat=0
split_feature=16 19 15 15 18 14 22 20 5 6 22 12 22 7 19 27 9 1
split_gain=1.24614e-05 1.58976e-05 1.70521e-05 6.96707e-05 2.78746e-05 2.78432e-05 6.10417e-05 3.1819e-05 2.24177e-05 2.79356e-05 3.68979e-05 4.05372e-05 3.57183e-05 2.45995e-05 2.4475e-05 2.38893e-05 2.49378e-05 1.87017e-05
threshold=0.018090915482891747 0.91381600000000007 -0.013384527021778782 -0.010752626424140809 0.60825131115155628 0.026403887133158565 0.044426000000000007 0.30792100000000006 -0.0032521175210568011 -0.026145480888185507 0.041180000000000008 -0.0030089439053310046 0.032881500000000008 0.0020450774053327064 -0.068969499999999989 0.83215150000000004 0.011817474395126544 4.7362356127136946
decision_type=2 2 2 2 2 2 2 2 2 2 2 2 2 2 2 2 2 2
left_child=1 2 4 -4 5 -1 -7 17 13 -10 12 -12 -11 14 -5 -15 -17 -8
right_child=-2 -3 3 8 -6 6 7 -9 9 10 11 -13 -14 15 -16 16 -18 -19
leaf_value=0.00026996810033779183 -0.00016564279265786843 0.00019484115271972346 -0.00046125554203641628 0.00016960164321062619 0.00037979383044876153 -0.00051695999427465718 0.00014375070260774176 0.00039721421693684529 -0.00035354318397762453 5.2854485962281767e-05 0.00016462426903767903 -0.0001137077354898014 0.00048646725324000988 -1.6874591146915918e-05 -0.00017558594382104562 0.00014781257617869413 0.000621563976546895 -0.00023918295537441736
leaf_weight=32 39 39 31 36 25 20 22 20 23 92 57 271 21 20 38 20 20 24
leaf_count=32 39 39 31 36 25 20 22 20 23 92 57 271 21 20 38 20 20 24
internal_value=-5.56009e-13 7.96556e-06 -1.47505e-06 -2.27341e-05 9.20352e-05 3.10694e-05 -5.78232e-05 8.13092e-05 -1.41917e-09 -3.12161e-05 -1.44054e-05 -6.53391e-05 0.000133437 0.000108085 -7.65685e-06 0.000250834 0.000384688 -5.60408e-05
internal_weight=850 811 772 629 143 118 86 66 598 464 441 328 113 134 74 60 40 46
internal_count=850 811 772 629 143 118 86 66 598 464 441 328 113 134 74 60 40 46
is_linear=0
shrinkage=0.3


Tree=71
num_leaves=12
num_cat=0
split_feature=8 4 5 9 4 19 3 5 15 21 22
split_gain=1.28778e-05 1.95431e-05 1.19847e-05 3.28372e-05 1.3183e-05 4.06459e-05 1.80199e-05 1.70805e-05 2.07651e-05 3.30106e-05 1.60436e-05
threshold=0.098994553431019636 20394850.000000004 -0.026145480888185507 0.023949311782999801 12950700.000000002 -0.072833499999999982 5.9436800479888925 0.031926564077513452 0.014872965894250889 0.097714000000000009 0.96026750000000016
decision_type=2 2 2 2 2 2 2 2 2 2 2
left_child=1 2 3 -1 6 -6 7 8 10 -10 -4
right_child=-2 -3 4 -5 5 -7 -8 -9 9 -11 -12
leaf_value=-0.00012787042777355443 0.00018669603826424464 -0.000300209448678288 -6.8615164483065351e-06 0.00038099562558636539 0.00012819031534101147 -0.00045531207076485522 0.00027447948232293127 -0.00028081018041120842 0.00034419953848746924 -6.935282290214673e-05 -0.00024352068042693038
leaf_weight=21 32 20 571 25 21 22 21 20 38 32 27
leaf_count=21 32 20 571 25 21 22 21 20 38 32 27
internal_value=4.22755e-13 -7.30351e-06 3.74889e-08 0.000148687 -9.05545e-06 -0.000170346 7.2662e-07 -7.62921e-06 5.49862e-07 0.000155147 -1.75468e-05
internal_weight=850 818 798 46 752 43 709 688 668 70 598
internal_count=850 818 798 46 752 43 709 688 668 70 598
is_linear=0
shrinkage=0.3


Tree=72
num_leaves=22
num_cat=0
split_feature=5 10 12 12 4 27 5 21 12 1 2 3 14 8 9 13 13 4 26 16 14
split_gain=1.05711e-05 1.37262e-05 1.12822e-05 2.78522e-05 2.22965e-05 4.52965e-05 4.21484e-05 6.09865e-05 3.82123e-05 2.73036e-05 4.50221e-05 3.95845e-05 2.84386e-05 2.397e-05 1.82378e-05 1.71387e-05 2.85975e-05 3.61474e-05 2.12012e-05 3.15233e-05 1.7198e-05
threshold=-0.040010669543383025 -1.9395800676641062 -0.00057084749516286652 -2.1665845428773009e-05 7551850.0000000009 0.76294750000000011 -0.013683953701312852 0.034553000000000007 -0.004799749342060595 5.2966761070873565 4.9014538409953117 4.6851985454559335 0.014462795668584794 -0.019905696475286967 0.0069647423467778325 0.020387657640047841 0.014315134812249691 4461650.0000000009 0.9184945000000001 1.0000000180025095e-35 0.028856062832209272
decision_type=2 2 2 2 2 2 2 2 2 2 2 2 2 2 2 2 2 2 2 2 2
left_child=-1 -2 4 -4 9 -6 -7 -8 -9 10 11 12 -3 -13 -5 16 -16 -18 19 -17 -20
right_child=1 2 3 14 5 6 7 8 -10 -11 -12 13 -14 -15 15 18 17 -19 20 -21 -22
leaf_value=-0.00019627083438535919 0.00025120687623711999 -0.00030776877977656953 0.00028643059380036511 -0.00024043417093344032 -0.00031180128389678429 -0.00018814664602905394 -0.00015431171070138755 0.00076657626075757432 0.00023469814050552102 -0.00039831655053421854 0.00025868485922728721 -0.00014906531578162685 5.4522691061720249e-05 -0.00060797035210790847 -0.00012255110923433676 0.00018966917937882178 5.1770538139744132e-05 0.00046696660901375249 -0.00041291179106337953 -4.256998469431018e-05 -1.9488909420033451e-05
leaf_weight=24 20 26 35 25 24 25 22 20 31 25 32 20 78 21 30 71 46 32 20 203 20
leaf_count=24 20 26 35 25 24 25 22 20 31 25 32 20 78 21 30 71 46 32 20 203 20
internal_value=5.05973e-13 5.70279e-06 -3.89128e-07 2.87113e-05 -4.36805e-05 5.75854e-05 0.000148047 0.000263182 0.000443278 -0.000104841 -6.33898e-05 -0.000134468 -3.60502e-05 -0.000384114 8.53195e-06 2.32811e-05 0.000126369 0.000222107 -1.21758e-05 1.76088e-05 -0.0002162
internal_weight=850 826 806 482 324 122 98 73 51 202 177 145 104 41 447 422 108 78 314 274 40
internal_count=850 826 806 482 324 122 98 73 51 202 177 145 104 41 447 422 108 78 314 274 40
is_linear=0
shrinkage=0.3


Tree=73
num_leaves=31
num_cat=0
split_feature=14 14 6 4 8 14 22 2 2 3 18 17 6 10 4 12 10 5 27 8 14 6 16 11 26 17 20 7 7 6
split_gain=1.15162e-05 3.5742e-05 3.22506e-05 4.70942e-05 3.6692e-05 2.38046e-05 2.43242e-05 3.5108e-05 7.79395e-05 6.14768e-05 4.96358e-05 3.2325e-05 4.2479e-05 3.81673e-05 3.77829e-05 5.52925e-05 2.97282e-05 3.45543e-05 3.25695e-05 2.41033e-05 4.35626e-05 2.76207e-05 2.34853e-05 2.40456e-05 2.24524e-05 2.18737e-05 2.14505e-05 1.69177e-05 1.59947e-05 3.54875e-05
threshold=0.014590897674239925 0.013965129258479656 -0.010080998921954729 5300500.0000000009 -0.012371380681238619 0.016521345351063647 0.14458600000000002 4.6268870881998785 4.5346575731110876 4.8811686038970956 -0.3622123710829171 0.010309243888907246 -0.016824804488343507 -0.96395883915265623 5623750.0000000009 0.0047826054295378095 -0.9795216506152632 0.0037786994339498894 0.91063850000000013 0.036212460472205464 0.03788674456449475 -1.0000000180025095e-35 0.0021253989739855104 38.461520456310105 0.83546750000000014 0.0021762994971583297 0.049868500000000003 0.0060305003033968791 -0.0042284459830822093 0.0020920309664146388
decision_type=2 2 2 2 2 2 2 2 2 2 2 2 2 2 2 2 2 2 2 2 2 2 2 2 2 2 2 2 2 2
left_child=1 2 -1 4 -4 24 11 8 10 26 -8 12 -7 -14 25 -16 -13 18 -18 20 21 -11 -12 -24 -2 -15 -9 -21 -6 -30
right_child=5 -3 3 -5 28 6 7 9 -10 19 22 16 13 14 15 -17 17 -19 -20 27 -22 -23 23 -25 -26 -27 -28 -29 29 -31
leaf_value=0.00035228602355346083 -0.00033862991817601912 0.00037954045952314381 -0.00027487148692434068 -0.00038400216089312693 0.00034843328879875259 -0.00048328629943878489 0.0004209458098723024 -0.00056920401868410409 0.00054648306610230262 0.00028295991313130153 -0.00036122231062368619 -0.00021984406530859617 0.00018190319567041184 -0.0005782007081766746 0.00021928777516222906 -0.00034267767914570869 0.00011267087252885436 -0.00010789427447329776 0.00061391946885123614 0.00037166511770919891 -0.00038018223156086604 -8.9237481801032311e-05 -0.00022893574641784652 0.00020506528510142943 2.3166547907749192e-05 -0.00019668981978228611 -0.00013992621744901869 5.8082182204088891e-05 0.00029759292642665968 -0.00024349069950403647
leaf_weight=21 38 28 23 29 26 27 22 20 37 34 21 23 39 21 40 26 28 26 20 30 24 38 20 27 26 38 22 32 24 20
leaf_count=21 38 28 23 29 26 27 22 20 37 34 21 23 39 21 40 26 28 26 20 30 24 38 20 27 26 38 22 32 24 20
internal_value=6.34132e-13 6.95831e-05 8.89218e-06 -5.02166e-05 5.38671e-05 -1.75239e-05 5.96574e-07 5.65885e-05 0.000179945 -2.17432e-05 2.92576e-05 -6.29775e-05 -0.000134602 -7.7197e-05 -0.000158036 -2.09256e-06 7.80568e-05 0.000170648 0.000321524 6.40115e-05 -3.01538e-05 8.65224e-05 -9.7465e-05 2.0384e-05 -0.00019165 -0.000332482 -0.000344344 0.000209816 0.000161881 5.16458e-05
internal_weight=850 171 143 122 93 679 615 327 127 200 90 288 191 164 125 66 97 74 48 158 96 72 68 47 64 59 42 62 70 44
internal_count=850 171 143 122 93 679 615 327 127 200 90 288 191 164 125 66 97 74 48 158 96 72 68 47 64 59 42 62 70 44
is_linear=0
shrinkage=0.3


Tree=74
num_leaves=19
num_cat=0
split_feature=14 7 6 29 9 22 17 22 0 20 16 5 5 6 6 19 11 8
split_gain=9.70517e-06 3.52748e-05 1.14145e-05 3.29708e-05 3.07709e-05 4.02159e-05 2.71283e-05 3.24865e-05 4.83475e-05 3.72325e-05 3.07227e-05 1.35883e-05 2.99702e-05 2.06399e-05 1.92527e-05 1.5103e-05 1.62025e-05 2.66878e-05
threshold=0.010214505503169954 0.0020920309664146388 -0.0083041038247864702 1.5000000000000002 0.013110289958298557 0.050556000000000011 0.0019360767584239438 0.042495500000000005 4.6656869937371503 0.15383100000000002 0.0083333616378675653 0.022372878459104253 0.01665733000309395 0.012685466943945052 -0.0062239949447125374 0.91381600000000007 23.137987523183579 -0.022282028062317483
decision_type=2 2 2 2 2 2 2 2 2 2 2 2 2 2 2 2 2 2
left_child=1 -1 3 4 5 -2 -6 8 -8 10 -9 12 14 -13 -4 16 -16 -18
right_child=2 -3 11 -5 6 -7 7 9 -10 -11 -12 13 -14 -15 15 -17 17 -19
leaf_value=0.00031649942664609463 6.254773034015671e-06 -0.00018087537077268018 0.00028613260470923373 0.00028326504748706196 -0.00030107614457251499 -0.00055501593103852228 0.00015660107750591122 -0.00015532370629156694 -0.00047495784201601055 0.00046555845507431181 0.00028397552357052082 1.3254681492553037e-05 0.00033101185065658812 -0.00037082115130942839 0.00019677273531053813 0.00025400913737939847 -0.00019413946239031551 6.7138851738549371e-06
leaf_weight=33 20 21 22 22 29 27 20 38 24 22 23 34 28 20 31 20 72 344
leaf_count=33 20 21 22 22 29 27 20 38 24 22 23 34 28 20 31 20 72 344
internal_value=4.7909e-14 0.000123076 -8.34937e-06 -6.55789e-05 -0.000103385 -0.000316177 -3.92741e-05 2.05075e-05 -0.000187886 0.000130981 1.03137e-05 1.42017e-05 2.91585e-05 -0.000128996 1.18744e-05 -1.04567e-06 -1.24575e-05 -2.80492e-05
internal_weight=850 54 796 225 203 47 156 127 44 83 61 571 517 54 489 467 447 416
internal_count=850 54 796 225 203 47 156 127 44 83 61 571 517 54 489 467 447 416
is_linear=0
shrinkage=0.3


Tree=75
num_leaves=28
num_cat=0
split_feature=10 11 10 13 19 8 5 15 18 18 15 0 17 9 17 20 13 13 26 5 18 17 17 12 13 26 9
split_gain=8.4395e-06 3.00119e-05 2.70829e-05 2.61496e-05 2.41345e-05 3.69046e-05 4.70364e-05 3.54995e-05 2.09555e-05 4.03038e-05 4.22228e-05 3.15296e-05 2.60016e-05 2.49916e-05 2.32048e-05 1.8953e-05 3.57632e-05 3.70851e-05 3.33875e-05 3.26515e-05 3.76268e-05 3.83207e-05 1.85264e-05 1.64883e-05 1.60685e-05 1.54002e-05 7.85948e-06
threshold=0.22548686917558508 43.750043711772754 0.10068058853957727 0.014315134812249691 0.48052100000000003 0.012024351198167051 0.020914218066540879 0.0020000457763672441 -0.14773813641201997 -0.28083164011477707 -0.0084211525968820294 5.4142099899343288 0.0050718500116781915 0.043328762530835695 0.012671709874905275 0.016776000000000003 0.026068138321468665 0.022680274281692159 0.33595700000000006 0.016293745508924911 0.01282850699990362 0.0068475427703768594 0.010570811775969901 -0.0027050526620614026 0.030328570955998741 0.73742350000000012 0.011737758391608665
decision_type=2 2 2 2 2 2 2 2 2 2 2 2 2 2 2 2 2 2 2 2 2 2 2 2 2 2 2
left_child=2 -2 3 -1 15 -6 7 -7 9 10 -5 13 25 14 23 -3 17 18 -17 20 21 -18 -14 -10 -22 -12 -20
right_child=1 4 -4 8 5 6 -8 -9 11 -11 12 -13 22 -15 -16 16 19 -19 26 -21 24 -23 -24 -25 -26 -27 -28
leaf_value=-0.00029090979730556549 0.00039031035292282464 0.00017798659788571637 -0.00033787947249948048 0.00029540434067765837 -0.00015300594989420117 0.00011984600671143119 -0.00011348516880230897 0.00061523445707280179 1.0902313864952798e-05 -0.00033952446246985349 -0.00011634670289432896 -0.00020605097292487201 -0.00039216654380652471 0.00041996762956841849 -0.00016215830114707652 0.00014264465135056524 -0.00019160107380726418 -0.00050248862312750689 -0.00037456423723715882 0.00036818809540304552 -6.6096470150763968e-05 0.00030591878344957395 -1.9409508240642026e-05 0.00020940596206728935 -0.00044182714715134352 0.00023543618626717942 -0.00013788487664864339
leaf_weight=28 20 33 24 34 29 23 23 30 67 39 21 33 30 21 31 33 22 26 23 23 21 38 20 86 20 24 28
leaf_count=28 20 33 24 34 29 23 23 30 67 39 21 33 30 21 31 33 22 26 23 23 21 38 20 86 20 24 28
internal_value=-3.52616e-13 3.23117e-05 -2.76554e-05 -1.05002e-05 1.30645e-05 0.000134916 0.000244781 0.000400255 8.83841e-06 -7.2284e-05 8.50968e-06 6.61013e-05 -9.41684e-05 0.000109911 7.45242e-05 -3.48546e-05 -6.48707e-05 -0.000189393 -9.24819e-05 4.55923e-05 -2.78701e-05 0.000123495 -0.000243064 0.00012248 -0.00024938 7.12708e-05 -0.000244623
internal_weight=850 392 458 434 372 105 76 53 406 168 129 238 95 205 184 267 234 110 84 124 101 60 50 153 41 45 51
internal_count=850 392 458 434 372 105 76 53 406 168 129 238 95 205 184 267 234 110 84 124 101 60 50 153 41 45 51
is_linear=0
shrinkage=0.3


Tree=76
num_leaves=19
num_cat=0
split_feature=4 17 4 14 27 12 9 9 17 21 15 17 7 4 7 9 8 5
split_gain=9.86042e-06 2.06546e-05 1.54891e-05 3.77054e-05 1.27134e-05 2.58307e-05 1.3956e-05 4.73259e-05 2.51677e-05 4.01186e-05 5.62107e-05 2.36926e-05 3.48632e-05 2.18493e-05 3.75006e-05 3.51122e-05 2.06074e-05 1.06e-05
threshold=1997050.0000000002 0.0040404003428604835 2657600.0000000005 0.017021311781104536 0.5414770000000001 -2.1665845428773009e-05 0.010555589925278218 0.011294448246682543 0.0018887537427938548 0.20483200000000004 0.020163769042556429 0.0020408143405366039 0.0068888957484454314 4583200.0000000009 0.0019902438648898443 0.016201186352300546 -0.0020595452954207103 0.002262583783073997
decision_type=2 2 2 2 2 2 2 2 2 2 2 2 2 2 2 2 2 2
left_child=1 -1 3 -2 5 -4 11 -8 9 10 -9 -6 16 14 -10 -15 -13 -18
right_child=2 -3 4 -5 6 -7 7 8 13 -11 -12 12 -14 15 -16 -17 17 -19
leaf_value=3.5333518353581895e-05 0.00040655415129273414 -0.00034736721645458598 0.00040673093932127815 -8.5779134354067659e-05 0.00011084115642006508 -3.6442238756692322e-05 0.00041921993342839418 -0.00019628614365032603 -0.00029791995919832185 -0.0004062068488981042 0.00041028156081665654 -0.00010389851955551421 0.00015586947817858095 0.00026950457866309747 8.3105614549308291e-05 1.1723572813583124e-05 -0.00056617252038060025 -0.0002610022532462608
leaf_weight=30 28 22 20 28 35 29 24 44 47 35 20 35 22 57 46 287 21 20
leaf_count=30 28 22 20 28 35 29 24 44 47 35 20 35 22 57 46 287 21 20
internal_value=1.14646e-13 -0.000126578 8.24821e-06 0.000160388 -3.234e-06 0.000144445 -1.36759e-05 7.07165e-06 -1.13827e-05 -0.000147962 -6.73374e-06 -0.000101034 -0.000176704 1.95585e-05 -0.000109456 5.44373e-05 -0.000272975 -0.000417309
internal_weight=850 52 798 56 742 49 693 560 536 99 64 133 98 437 93 344 76 41
internal_count=850 52 798 56 742 49 693 560 536 99 64 133 98 437 93 344 76 41
is_linear=0
shrinkage=0.3


Tree=77
num_leaves=17
num_cat=0
split_feature=7 7 12 10 21 12 12 22 12 18 18 7 7 15 13 10
split_gain=7.82172e-06 1.56074e-05 1.47043e-05 1.87819e-05 1.06868e-05 1.12207e-05 5.52082e-05 2.36479e-05 4.53386e-05 3.24447e-05 2.37501e-05 2.13199e-05 2.0834e-05 2.09354e-05 1.08833e-05 8.46149e-06
threshold=-0.039060146631899891 -0.027755559951880952 -0.0088851114290601062 -1.3243577603507972 0.92139900000000019 0.0012406771982588661 0.00097722519051961936 0.14458600000000002 0.0030447496908646014 0.56216100662020663 0.19401686275258001 0.0060305003033968791 -0.014507982090588825 0.013884165864264804 0.022272226024656127 -0.7096612730210704
decision_type=2 2 2 2 2 2 2 2 2 2 2 2 2 2 2 2
left_child=-1 -2 3 -3 5 6 12 8 14 11 -10 -9 15 -14 -7 -4
right_child=1 2 4 -5 -6 7 -8 9 10 -11 -12 -13 13 -15 -16 -17
leaf_value=-0.00015592644470286489 0.00024367889018321874 3.9848510641604659e-05 6.7624844710475627e-05 -0.00032907025524764322 0.00020150949660092008 -0.00024578052521974315 0.00047720330221636689 8.3955828787501171e-05 0.00010005837756548786 0.00032830919917614665 -0.00019616249176449075 -0.0001331413454253483 9.7469982050939387e-06 -0.00022456179156926317 -0.00055874957208288832 0.00033385539164472981
leaf_weight=28 24 23 21 27 25 20 24 84 58 28 42 79 286 39 20 22
leaf_count=28 24 23 21 27 25 20 24 84 58 28 42 79 286 39 20 22
internal_value=7.1727e-13 5.31136e-06 -1.85758e-06 -0.000159368 8.67116e-06 2.00317e-06 3.63458e-05 -3.86685e-05 -0.000132329 2.99831e-05 -2.43544e-05 -2.1263e-05 7.59422e-06 -1.83701e-05 -0.000402265 0.000203836
internal_weight=850 822 798 50 748 723 392 331 140 191 100 163 368 325 40 43
internal_count=850 822 798 50 748 723 392 331 140 191 100 163 368 325 40 43
is_linear=0
shrinkage=0.3


Tree=78
num_leaves=15
num_cat=0
split_feature=16 6 14 6 14 17 10 2 15 14 10 3 0 9
split_gain=6.7051e-06 7.63746e-06 2.98189e-05 2.02064e-05 2.04225e-05 3.07176e-05 1.77618e-05 1.87835e-05 1.11376e-05 1.8575e-05 1.90376e-05 1.83325e-05 2.01899e-05 1.96782e-05
threshold=0.018090915482891747 0.010000223269627096 0.014850209740622023 0.011246550837982748 0.01892019575879398 0.015932139291173441 1.5183215016692417 4.9802390516685646 -0.028263796557409581 0.047926353429232342 1.834835856055659 5.8154120445251474 5.6392984388769101 0.044741577055879243
decision_type=2 2 2 2 2 2 2 2 2 2 2 2 2 2
left_child=1 8 -3 -4 -5 6 7 -6 -1 10 11 12 13 -10
right_child=-2 2 3 4 5 -7 -8 -9 9 -11 -12 -13 -14 -15
leaf_value=0.00017400822276353469 -0.00012150455519216707 0.00033247822124394589 0.00027632931232801639 -0.00026251536900027917 6.5650145854699463e-05 -0.00025311044435381646 -7.9151569497621345e-05 0.00040642494659550718 -6.2341742357883372e-06 -0.00030380238987618211 0.00025770765154764215 -0.00025301380341386838 0.00028764895174390406 -0.00028477604209911075
leaf_weight=28 39 30 22 28 37 28 31 24 467 20 23 29 20 24
leaf_count=28 39 30 22 28 37 28 31 24 467 20 23 29 20 24
internal_value=-7.93588e-13 5.843e-06 5.67281e-05 8.06634e-06 -3.18106e-05 2.20205e-05 0.000105756 0.000199725 -1.08133e-05 -1.96898e-05 -9.59703e-06 -2.09822e-05 -7.8141e-06 -1.98493e-05
internal_weight=850 811 200 170 148 120 92 61 611 583 563 540 511 491
internal_count=850 811 200 170 148 120 92 61 611 583 563 540 511 491
is_linear=0
shrinkage=0.3


Tree=79
num_leaves=14
num_cat=0
split_feature=3 1 4 7 4 2 0 21 12 18 18 5 27
split_gain=7.65154e-06 1.27262e-05 3.57698e-05 2.56047e-05 2.14105e-05 1.58802e-05 1.41038e-05 2.23409e-05 1.52532e-05 1.36525e-05 1.21726e-05 1.07351e-05 7.75501e-06
threshold=5.8680236339569101 5.4710878450196185 16035900.000000002 -0.01139163656803386 12950700.000000002 5.2067312673578776 5.1186987102202863 0.074295000000000014 -0.0080975383754417138 -0.82710657653671704 -0.11488823014842799 -0.0084393260753842601 0.86019600000000007
decision_type=2 2 2 2 2 2 2 2 2 2 2 2 2
left_child=1 2 4 -3 5 6 8 -8 -1 -10 -2 -5 -13
right_child=10 3 -4 11 -6 -7 7 -9 9 -11 -12 12 -14
leaf_value=0.00021306284583143649 0.00028040175453828521 -0.00040288682420006289 0.00036671184680017174 0.00015419477432650246 -0.00026772387342740932 0.00022591818020113608 7.174421331331937e-05 -0.00032916489367850995 -0.00015967513785574775 1.1056402909946968e-05 -2.5570000405423342e-05 1.6743986530855182e-05 -0.00021955255157081412
leaf_weight=31 22 21 24 21 27 28 22 29 46 504 25 25 25
leaf_count=31 22 21 24 21 27 28 22 29 46 504 25 25 25
internal_value=-8.83547e-14 -6.88616e-06 6.69924e-06 -0.000111878 -5.87762e-06 4.83427e-06 -4.96059e-06 -0.000156224 8.31724e-06 -3.22296e-06 0.000117651 -2.58046e-05 -0.000101404
internal_weight=850 803 711 92 687 660 632 51 581 550 47 71 50
internal_count=850 803 711 92 687 660 632 51 581 550 47 71 50
is_linear=0
shrinkage=0.3


Tree=80
num_leaves=22
num_cat=0
split_feature=10 10 5 27 7 17 16 22 16 26 16 20 18 6 6 16 18 27 26 13 14
split_gain=7.77083e-06 1.65905e-05 1.21996e-05 8.84436e-06 3.18613e-05 5.72805e-05 2.25916e-05 2.65478e-05 2.01178e-05 1.91251e-05 1.81346e-05 2.92099e-05 2.29544e-05 2.55246e-05 2.20732e-05 2.0511e-05 1.92967e-05 5.64483e-05 2.18281e-05 1.54628e-05 6.13679e-06
threshold=-1.6900407852894255 -1.9395800676641062 -0.025752698923070812 0.92588800000000016 -0.012578917537250203 0.0066722252613849072 0.012765996517668196 0.95668500000000012 0.017952968093426679 0.9174500000000001 0.0080080563581414275 0.23065850000000002 0.3496816796746654 -0.0042552993876547665 -0.0056445174150736334 0.0068692646779623555 0.48110147813899445 0.83996350000000009 0.87811200000000011 0.029970237293097165 0.026919095112658328
decision_type=2 2 2 2 2 2 2 2 2 2 2 2 2 2 2 2 2 2 2 2 2
left_child=1 -1 -2 8 5 -5 7 9 10 19 15 12 13 -12 -13 16 18 -18 -4 -6 -16
right_child=2 -3 3 4 6 -7 -8 -9 -10 -11 11 14 -14 -15 20 -17 17 -19 -20 -21 -22
leaf_value=4.4514205657313656e-05 0.00019182772894348616 -0.00029539878587456773 -3.1575293913806828e-05 9.907488212255494e-05 -2.3285432462216704e-05 -0.00056708320200694006 -0.00024265221884109319 0.00030930205589513581 0.00029588039529778105 -0.00019078245292090485 -4.3684996820626439e-05 -0.00046603489805104048 -0.0001946243770321003 0.00041871097372287683 -0.00021509621952385974 0.00031073569153932111 0.00046379474887573682 -9.9971225426997987e-05 0.00029332010301004631 0.00022953015868552027 1.4253015147655137e-05
leaf_weight=28 31 24 268 21 64 26 28 29 23 37 22 23 22 21 21 24 31 33 20 33 21
leaf_count=28 31 24 268 21 64 26 28 29 23 37 22 23 22 21 21 24 31 33 20 33 21
internal_value=1.10504e-13 -0.000112369 7.32227e-06 -1.34924e-07 -4.81631e-05 -0.000269438 6.28678e-06 4.90493e-05 2.14732e-05 -7.27405e-06 9.00016e-06 -8.75876e-05 5.46173e-05 0.000182136 -0.000229792 4.23949e-05 2.40989e-05 0.000173103 -9.01311e-06 6.2724e-05 -0.000100422
internal_weight=850 52 798 767 238 47 191 163 529 134 506 130 65 43 65 376 352 64 288 97 42
internal_count=850 52 798 767 238 47 191 163 529 134 506 130 65 43 65 376 352 64 288 97 42
is_linear=0
shrinkage=0.3


Tree=81
num_leaves=31
num_cat=0
split_feature=17 17 12 11 2 22 19 17 18 27 8 6 10 14 9 27 10 17 19 17 16 14 6 17 17 2 20 6 11 21
split_gain=6.87274e-06 3.19083e-05 4.54004e-05 2.35341e-05 3.64133e-05 2.84382e-05 1.94181e-05 1.8729e-05 1.52516e-05 2.14137e-05 3.56474e-05 2.81748e-05 2.9514e-05 1.74287e-05 1.71025e-05 2.67924e-05 1.68609e-05 1.49405e-05 3.45154e-05 1.44529e-05 1.44474e-05 3.18553e-05 2.29006e-05 2.64193e-05 1.6945e-05 1.38629e-05 1.23618e-05 1.13982e-05 1.02758e-05 9.06923e-06
threshold=0.0080321208232583697 0.0063158336438631337 -0.00011504564003775646 40.000082579677859 4.4976539637115005 0.024717500000000003 -0.93845049999999997 0.0018150730369214608 -0.022619610687813405 0.91994950000000009 0.012300333704304516 0.014122318116620526 -0.61352189168498572 0.014462795668584794 0.018018618229661901 0.90681000000000012 0.036349270399443322 0.0093458633212919386 0.12683550000000002 0.010507928407434001 0.0020877304721246188 0.030113999256951119 0.0031417223617311251 0.01339561116514968 0.01676845031366881 4.9802390516685646 0.26353550000000009 0.0051205681397085345 71.06740218760045 0.056965000000000009
decision_type=2 2 2 2 2 2 2 2 2 2 2 2 2 2 2 2 2 2 2 2 2 2 2 2 2 2 2 2 2 2
left_child=1 3 -3 4 -1 -6 -5 -7 13 11 -11 12 -10 16 15 -15 -8 18 27 -19 21 -21 23 -22 -25 -24 -23 -2 -16 -9
right_child=17 2 -4 6 5 7 8 29 9 10 -12 -13 -14 14 28 -17 -18 19 -20 20 22 26 25 24 -26 -27 -28 -29 -30 -31
leaf_value=-0.00017224369225004921 0.0001743942445182256 -0.00052495899693055369 1.2593810360187724e-05 0.00023238923117194487 0.00048922014229901833 -7.4177032390786008e-05 -0.00018112196577765809 0.00036626819305440774 0.00033727577916579319 -0.00044542760662641905 7.3441503305870211e-05 0.00037953597162744367 -6.5622602455732697e-05 -0.00048892263582656006 9.8476503097282892e-05 -9.7594194903649617e-05 0.00016228339372901246 -0.00017614318606709795 -0.00012667760469333228 -0.00029957985075270696 0.00044413898981124827 -6.2377274123718966e-05 -0.00020274096050018538 -0.00013412831602701252 0.00021723531739553436 0.00011549001177296634 0.00023905197281237633 0.00049468133176560518 -0.00019864070770381657 9.0043958080059371e-05
leaf_weight=30 20 26 31 23 24 29 22 23 20 22 26 22 90 31 22 32 31 35 23 32 26 25 28 21 30 22 24 20 20 20
leaf_count=30 20 26 31 23 24 29 22 23 20 22 26 22 90 31 22 32 31 35 23 32 26 25 28 21 30 22 24 20 20 20
internal_value=-4.79411e-13 -2.0232e-05 -0.000232606 4.62492e-06 0.000116253 0.000206408 -3.43367e-05 0.000112138 -5.24867e-05 7.21858e-06 -0.000164374 6.96157e-05 7.63165e-06 -0.000120505 -0.000191295 -0.000290153 1.97378e-05 3.59679e-05 0.000166158 2.21506e-06 3.22273e-05 -6.67746e-05 9.53702e-05 0.000198026 7.25562e-05 -6.27193e-05 8.52615e-05 0.000334538 -4.30079e-05 0.000237792
internal_weight=850 544 57 487 126 96 361 72 338 180 48 132 110 158 105 63 53 306 63 243 208 81 127 77 51 50 49 40 42 43
internal_count=850 544 57 487 126 96 361 72 338 180 48 132 110 158 105 63 53 306 63 243 208 81 127 77 51 50 49 40 42 43
is_linear=0
shrinkage=0.3


Tree=82
num_leaves=18
num_cat=0
split_feature=15 27 8 20 12 10 20 12 12 15 15 14 1 1 13 1 14
split_gain=7.87295e-06 1.82936e-05 1.88616e-05 1.38401e-05 3.48929e-05 3.76235e-05 1.73829e-05 1.72513e-05 2.48935e-05 1.38892e-05 2.2314e-05 1.33902e-05 2.36362e-05 2.75875e-05 1.51221e-05 1.47733e-05 1.20784e-05
threshold=-0.017402132935011239 0.92893550000000014 -0.026083285120681626 0.029197500000000005 0.0020021486777375987 0.95568287739756086 0.036033000000000003 -0.00031092411155895041 -0.0030223319414280276 -0.013384527021778782 -0.010752626424140809 0.031775671197332794 5.1858036405743695 4.874148754322019 0.037135324283109776 4.6503741609962335 0.021802036369764643
decision_type=2 2 2 2 2 2 2 2 2 2 2 2 2 2 2 2 2
left_child=1 2 -1 4 5 7 -5 8 -2 -8 -11 14 13 -13 15 -12 -6
right_child=3 -3 -4 6 16 -7 9 -9 -10 10 11 12 -14 -15 -16 -17 -18
leaf_value=-0.00031992564906041868 1.2725875355747781e-05 0.00010722786821795373 -1.0643655211121464e-05 0.00030654062311441521 -0.00043646970165851101 0.00040259126815920252 0.00020512012494561661 0.00014448982331557021 -0.00039925506327397834 -0.0002506628070932493 -6.7553306682236079e-05 -0.00010579421284395115 -0.00029742388692284295 0.00031766611893544909 0.0002738943309523165 6.7118205506818584e-05 -0.00014581860153436039
leaf_weight=35 33 33 36 20 22 20 35 26 22 28 98 45 30 20 25 291 31
leaf_count=35 33 33 36 20 22 20 35 26 22 28 98 45 30 20 25 291 31
internal_value=-2.61425e-14 -7.73274e-05 -0.000163107 1.07802e-05 -6.93364e-05 3.4108e-05 3.16214e-05 -5.68756e-05 -0.000152067 2.20088e-05 1.00742e-05 2.44173e-05 -7.71593e-05 2.45013e-05 4.77259e-05 3.31907e-05 -0.000266466
internal_weight=850 104 71 746 154 101 592 81 55 572 537 509 95 65 414 389 53
internal_count=850 104 71 746 154 101 592 81 55 572 537 509 95 65 414 389 53
is_linear=0
shrinkage=0.3


Tree=83
num_leaves=31
num_cat=0
split_feature=18 12 12 6 18 9 1 5 11 20 17 6 22 28 20 19 10 4 12 13 9 17 18 22 16 19 9 9 18 2
split_gain=5.81427e-06 1.73451e-05 2.60381e-05 2.68559e-05 1.94559e-05 1.72059e-05 1.93472e-05 1.67543e-05 1.39932e-05 2.82829e-05 1.77823e-05 1.78226e-05 3.42116e-05 2.29551e-05 3.15793e-05 2.03252e-05 1.95477e-05 1.77003e-05 1.52086e-05 1.85558e-05 1.5907e-05 2.50031e-05 1.3772e-05 1.28913e-05 1.50612e-05 1.27149e-05 1.22401e-05 2.56969e-05 1.06748e-05 1.00111e-05
threshold=0.32530017332129207 0.00058351796081183426 0.0054509691417448597 -1.0000000180025095e-35 0.47264985310741375 0.012079755623271458 4.9721665087144578 0.0021835184963592221 35.634344132708684 0.26353550000000009 0.0059553895556754624 -0.011267762782359502 0.37295250000000008 1.0000000180025095e-35 0.029000000000000005 0.069538000000000003 0.49403939578785877 6307650.0000000009 0.005598895135457937 0.026649484010544379 0.010655205401245798 0.0020725885018186571 -0.35386308561724822 0.61222050000000017 0.0049022442663928653 -0.41145599999999993 0.013184938615171319 0.01701742844273282 0.024125799688677129 4.9014538409953117
decision_type=2 2 2 2 2 2 2 2 2 2 2 2 2 2 2 2 2 2 2 2 2 2 2 2 2 2 2 2 2 2
left_child=8 4 3 -3 -2 -6 -7 -5 9 29 18 12 -12 14 -13 25 -17 -11 20 -20 21 -10 -15 26 -25 -16 -22 -28 -24 -1
right_child=1 2 -4 7 5 6 -8 -9 10 17 11 13 -14 22 15 16 -18 -19 19 -21 23 -23 28 24 -26 -27 27 -29 -30 -31
leaf_value=-0.00010289756954829072 -0.00031172756492143139 0.00039561421777202315 -0.00013416387465809977 -0.00014166739242177248 0.00011143406643011101 4.9717216825229112e-07 -0.00036989365613738877 0.00019915992017195095 0.00018618010761054245 8.3193955585805012e-05 -4.2035971689204285e-05 -0.00039417850267372238 0.00049948220860512394 0.00035892921870981812 -1.977536336198682e-05 -0.00034464130294509227 5.1691694807232125e-05 0.00039162094917093566 0.00030862328654620799 -9.0639494919741986e-05 -0.00043098863108233281 -0.00016258458054417625 -6.6015098986309354e-05 -0.00020337656697729073 0.00014382471536836502 0.000307288913071439 4.6839646422215862e-05 -0.00034125655500461373 0.0002255121375492308 0.00014321493924528893
leaf_weight=51 34 26 48 27 37 30 22 25 37 33 21 22 21 20 20 21 24 34 20 22 21 37 26 23 22 23 28 34 20 21
leaf_count=51 34 26 48 27 37 30 22 25 37 33 21 22 21 20 20 21 24 34 20 22 21 37 26 23 22 23 28 34 20 21
internal_value=9.99107e-14 -3.85475e-05 3.96832e-05 0.000146666 -0.000118686 -4.49403e-05 -0.000156207 2.21919e-05 1.59706e-05 9.94263e-05 -9.13833e-06 5.31291e-05 0.000228723 1.1226e-05 -7.26969e-05 7.67353e-06 -0.000133264 0.000239709 -6.47707e-05 9.94856e-05 -9.89231e-05 1.17978e-05 0.000151097 -0.000162934 -3.36337e-05 0.000155166 -0.000233036 -0.000165987 6.07359e-05 -3.11148e-05
internal_weight=850 249 126 78 123 89 52 52 601 139 462 218 42 176 110 88 45 67 244 42 202 74 66 128 45 43 83 62 46 72
internal_count=850 249 126 78 123 89 52 52 601 139 462 218 42 176 110 88 45 67 244 42 202 74 66 128 45 43 83 62 46 72
is_linear=0
shrinkage=0.3


Tree=84
num_leaves=25
num_cat=0
split_feature=11 15 6 1 5 9 0 2 6 14 9 16 7 4 11 8 14 18 10 15 20 13 16 4
split_gain=6.03274e-06 1.55487e-05 1.51979e-05 2.49302e-05 1.37368e-05 2.40235e-05 1.68668e-05 2.31825e-05 1.44484e-05 1.28199e-05 1.14628e-05 1.07648e-05 1.34674e-05 1.39878e-05 1.70862e-05 1.31618e-05 1.62517e-05 1.67969e-05 2.23859e-05 2.22647e-05 1.79247e-05 1.42126e-05 8.7383e-06 3.64572e-06
threshold=57.692318652218155 -0.0016420781586604369 0.006479628746801855 5.0964706246551197 0.022372878459104253 0.023243501043765134 4.5417683870529553 4.9146209034768615 0.0076702910981556053 0.016276705416424408 0.02280999018210261 0.017952968093426679 0.011246550837982748 2856300.0000000005 43.364805539761377 0.010482460900496293 0.041155305952998412 0.15290041132591464 0.58939275679289893 0.0081053704922676439 0.84826600000000008 0.03186093562591321 0.0034305285057018532 6208750.0000000009
decision_type=2 2 2 2 2 2 2 2 2 2 2 2 2 2 2 2 2 2 2 2 2 2 2 2
left_child=11 2 3 -2 6 -6 -3 9 -9 -8 -4 12 15 -14 -15 16 17 18 20 21 -1 -19 -18 -16
right_child=1 4 10 -5 5 -7 7 8 -10 -11 -12 -13 13 14 23 -17 22 19 -20 -21 -22 -23 -24 -25
leaf_value=7.918291512525238e-05 -7.5384804503383666e-05 0.00028698149617412128 0.00013009131362895669 -0.00049351751908294054 -0.00033753816130683846 0.00010183155921237941 2.0710545174408347e-05 0.00026446597539210126 -1.6709456595608259e-05 -0.00022911472694128558 -0.00015161412996419059 -0.00016162953665051257 -0.00029525853908154428 -0.00018826395144969863 8.5528772851262142e-06 0.00024431188923699663 7.8616580212838015e-05 -7.1327816272923308e-05 0.00035293229692880151 -0.00035422464960512505 -0.00014548697965437895 0.00021177696187805851 0.00035905317112337797 0.00018039686704287306
leaf_weight=159 33 24 26 21 24 21 38 38 29 36 26 28 20 30 20 30 20 79 22 21 40 20 20 25
leaf_count=159 33 24 26 21 24 21 38 38 29 36 26 28 20 30 20 30 20 79 22 21 40 20 20 25
internal_value=1.4485e-14 -3.28546e-05 -0.00012652 -0.000237992 1.44243e-05 -0.000132499 5.44943e-05 1.4922e-05 0.000142763 -0.000100826 -1.07614e-05 1.9442e-05 2.94618e-05 -7.2338e-05 -1.28925e-05 5.29922e-05 3.79276e-05 1.67069e-05 6.57698e-05 -7.36506e-05 3.40231e-05 -1.41349e-05 0.000218835 0.000104022
internal_weight=850 316 106 54 210 45 165 141 67 74 52 534 506 95 75 411 381 341 221 120 199 99 40 45
internal_count=850 316 106 54 210 45 165 141 67 74 52 534 506 95 75 411 381 341 221 120 199 99 40 45
is_linear=0
shrinkage=0.3


Tree=85
num_leaves=13
num_cat=0
split_feature=7 7 4 0 17 17 9 17 2 3 11 22
split_gain=7.27433e-06 8.73348e-06 7.55452e-06 9.32465e-06 7.91706e-06 1.58455e-05 1.32437e-05 1.60504e-05 1.11643e-05 2.05562e-05 1.09427e-05 5.9127e-06
threshold=-0.034871093134794744 -0.025752698923070812 17500300.000000004 5.8731740064257663 0.004004004289432395 0.0037807280980231331 0.0078965616619972468 0.0041666625274553648 5.2067312673578776 5.0985469818115243 78.451823618019588 0.17743600000000004
decision_type=2 2 2 2 2 2 2 2 2 2 2 2
left_child=-1 -2 3 4 5 8 -6 -8 9 -3 -9 -10
right_child=1 2 -4 -5 6 -7 7 10 11 -11 -12 -13
leaf_value=-0.00013196815950019907 0.00019228277802044015 2.3429038961082033e-05 -0.00014213136260252668 0.00015356179080570014 0.000147692121269453 0.00028226723410294986 -0.0002750248204429226 -1.1461942637169429e-05 4.8797304915834424e-05 -0.00026021275242993185 -0.00020042726304382087 0.00027134711625486876
leaf_weight=36 22 199 32 37 36 22 25 342 22 26 30 21
leaf_count=36 22 199 32 37 36 22 25 342 22 26 30 21
internal_value=1.20254e-13 5.83643e-06 6.57365e-07 6.66952e-06 -8.47787e-07 3.75123e-05 -2.65393e-05 -4.23386e-05 1.74204e-05 -9.34735e-06 -2.67011e-05 0.000157484
internal_weight=850 814 792 760 723 290 433 397 268 225 372 43
internal_count=850 814 792 760 723 290 433 397 268 225 372 43
is_linear=0
shrinkage=0.3


Tree=86
num_leaves=30
num_cat=0
split_feature=19 16 17 28 9 16 16 16 17 8 14 5 22 12 12 18 26 22 12 3 11 9 14 4 6 17 10 17 7
split_gain=6.23515e-06 1.17328e-05 1.37633e-05 2.07769e-05 1.06226e-05 1.04559e-05 2.3369e-05 1.84123e-05 1.49413e-05 2.05885e-05 1.78829e-05 9.4922e-06 7.20948e-06 2.23666e-05 2.75899e-05 3.01124e-05 2.46264e-05 8.21385e-06 9.87595e-06 1.44185e-05 1.31522e-05 1.66925e-05 2.68509e-05 1.362e-05 1.23512e-05 1.56136e-05 8.69209e-06 1.80023e-05 6.77195e-06
threshold=-0.32912599999999997 0.0020491294692978061 0.002320327969946375 1.0000000180025095e-35 0.019173073012475381 0.012765996517668196 0.0083333616378675653 0.00761196314227782 0.0075023381146771574 0.012024351198167051 0.01696717991251186 0.0016091872343663939 0.14458600000000002 -0.0024107966541951644 0.0016689845931329851 0.25654833208904704 0.42572000000000004 0.13004650000000004 -0.0036481872700096694 5.7545692920684823 57.692318652218155 0.0097950650747090414 0.01892019575879398 3986700.0000000005 0.0031417223617311251 0.0078510156419715604 0.50931465589038671 0.0081632573621465941 0.0020920309664146388
decision_type=2 2 2 2 2 2 2 2 2 2 2 2 2 2 2 2 2 2 2 2 2 2 2 2 2 2 2 2 2
left_child=1 2 -1 4 -4 6 7 8 9 10 -3 -7 17 -14 16 -16 -15 18 24 20 21 23 -23 -20 25 -2 -22 -28 -8
right_child=12 5 3 -5 -6 11 28 -9 -10 -11 -12 -13 13 14 15 -17 -18 -19 19 -21 26 22 -24 -25 -26 -27 27 -29 -30
leaf_value=9.7485667304551628e-05 0.00012093825091926048 0.00018813306219685316 -0.00017841874623627518 -3.2629522320348769e-06 -0.00047445317832170983 -0.00027852063758473374 0.00036246821480972357 -0.00026652953402726381 0.00018416756838387054 -0.00029276496485511994 -0.00017137339778855676 1.3763143506366758e-05 0.00029882661661417842 4.391587348296665e-05 -2.2955391921186673e-05 0.00043936982744656103 -0.00038734909182742494 -0.00018772795127006248 9.3177803137223236e-05 0.00028244678640476195 -0.00019196289404135313 0.000323154428156687 2.0272385962230412e-05 -0.00023361413277598331 -0.00021971243168081856 -0.00020653766918258041 -0.00011290753541288723 0.00018209558309473353 0.00011559268327800964
leaf_weight=21 38 33 24 35 20 20 20 23 37 22 20 20 32 26 32 21 22 20 22 20 32 43 68 24 34 20 52 29 20
leaf_count=21 38 33 24 35 20 20 20 23 37 22 20 20 32 26 32 21 22 20 22 20 32 43 68 24 34 20 52 29 20
internal_value=-7.28265e-14 -3.34855e-05 -0.000118381 -0.000175764 -0.00031298 6.00085e-06 3.76305e-05 -2.20436e-05 2.81633e-05 -4.87987e-05 5.24702e-05 -0.000132379 1.97158e-05 8.02615e-05 1.10131e-05 0.00016023 -0.000153747 -3.1553e-07 9.49664e-06 3.66656e-05 1.84596e-05 7.46327e-05 0.000137605 -7.73223e-05 -7.61448e-05 8.01552e-06 -5.95861e-05 -7.28913e-06 0.00023903
internal_weight=850 315 100 79 44 215 175 135 112 75 53 40 535 133 101 53 48 402 382 290 270 157 111 46 92 58 113 81 40
internal_count=850 315 100 79 44 215 175 135 112 75 53 40 535 133 101 53 48 402 382 290 270 157 111 46 92 58 113 81 40
is_linear=0
shrinkage=0.3


Tree=87
num_leaves=15
num_cat=0
split_feature=12 7 5 14 8 17 11 14 16 14 6 26 19 0
split_gain=5.5001e-06 6.06993e-06 2.48274e-05 1.52868e-05 7.40515e-06 1.51067e-05 1.12392e-05 8.71302e-06 6.61614e-06 7.8005e-06 2.14629e-05 1.90393e-05 1.32902e-05 8.93987e-06
threshold=0.011372277464437227 0.020752368287786819 0.0082562587389345878 0.02479396012085296 0.064143961088101734 0.0064882381853232354 68.244666118262018 0.021084925335915657 0.017952968093426679 0.034615352873264969 -0.027755559951880952 0.89888300000000021 -0.029730999999999997 4.5085887914050407
decision_type=2 2 2 2 2 2 2 2 2 2 2 2 2 2
left_child=1 4 3 -3 6 -6 8 -8 9 10 -1 12 -11 -12
right_child=-2 2 -4 -5 5 -7 7 -9 -10 11 13 -13 -14 -15
leaf_value=-0.00031062146568729078 0.00015162292963525812 -0.00036808771462976716 0.00013129434297525221 -5.129458809749159e-05 -0.00023526327801267721 4.5746727403184194e-05 4.5512682957520995e-05 0.00027239109810761874 -0.00013539299332478548 -0.0001603696495294571 0.00012399688199506132 0.0003008283120935731 0.00011069135472076241 -8.0096873112515772e-06
leaf_weight=20 21 26 32 29 33 36 39 25 30 27 52 27 41 412
leaf_count=20 21 26 32 29 33 36 39 25 30 27 52 27 41 412
internal_value=-3.14378e-14 -3.84087e-06 -7.88092e-05 -0.000201051 4.94922e-06 -8.86494e-05 1.45455e-05 0.000134137 1.9776e-06 9.09524e-06 -6.33178e-06 8.76919e-05 3.06419e-06 6.78415e-06
internal_weight=850 829 87 55 742 69 673 64 609 579 484 95 68 464
internal_count=850 829 87 55 742 69 673 64 609 579 484 95 68 464
is_linear=0
shrinkage=0.3


Tree=88
num_leaves=21
num_cat=0
split_feature=10 17 11 6 22 7 22 19 27 18 2 9 18 7 4 15 15 17 5 21
split_gain=4.64673e-06 1.10747e-05 1.02803e-05 7.47075e-06 1.78953e-05 1.43576e-05 1.03704e-05 1.09069e-05 1.68683e-05 1.71126e-05 3.35653e-05 1.30852e-05 1.06917e-05 1.02635e-05 1.52266e-05 1.13703e-05 1.11844e-05 1.13138e-05 1.10815e-05 9.18015e-06
threshold=-1.4954224698528351 0.0083682295313127503 26.410912792021545 -0.017196670776377421 0.042681000000000004 0.0016091872343663939 0.010974000000000003 0.46190400000000004 0.74934450000000008 0.41644742937423912 4.8931659809739978 0.012738308867183116 -0.3495129585672927 0.012409786585129328 5378400.0000000009 0.018003351470876946 0.012371122465844023 0.0098215419475800678 -0.0032521175210568011 0.040012000000000006
decision_type=2 2 2 2 2 2 2 2 2 2 2 2 2 2 2 2 2 2 2 2
left_child=1 2 -1 4 -2 -6 -5 13 -9 11 -11 19 -13 15 -15 16 17 -8 -16 -10
right_child=3 -3 -4 6 5 -7 7 8 9 10 -12 12 -14 14 18 -17 -18 -19 -20 -21
leaf_value=-9.4042220355375954e-07 -0.00012037759515806101 8.3296786858357209e-05 -0.00026951437772869874 0.00016681318248306672 0.00037752779829712714 6.2700115358893519e-05 -1.7004177005543318e-05 0.00030283094550083786 -3.6463154018357658e-05 0.00045254266676368252 -9.0500197770779778e-05 0.00018745829086886563 -3.7136725513846616e-05 0.00020297770895774954 0.00013034041825449094 -0.00021788789454149082 0.00016628343357958576 -0.00013964089809020633 -0.00015108417224195473 -0.00032045989333937539
leaf_weight=23 24 28 29 31 22 32 219 21 21 21 20 27 65 37 20 36 22 98 34 20
leaf_count=23 24 28 29 31 22 32 219 21 21 21 20 27 65 37 20 36 22 98 34 20
internal_value=-2.48292e-13 -6.88155e-05 -0.000150722 7.14966e-06 9.51661e-05 0.000190963 -2.77127e-06 -1.07245e-05 4.88482e-05 1.81951e-05 0.000187644 -3.40409e-05 2.8777e-05 -3.56531e-05 5.47266e-05 -5.75852e-05 -4.05619e-05 -5.49171e-05 -4.68528e-05 -0.000174998
internal_weight=850 80 52 770 78 54 692 661 195 174 41 133 92 466 91 375 339 317 54 41
internal_count=850 80 52 770 78 54 692 661 195 174 41 133 92 466 91 375 339 317 54 41
is_linear=0
shrinkage=0.3


Tree=89
num_leaves=24
num_cat=0
split_feature=1 1 4 10 2 7 13 11 20 19 18 9 9 15 5 9 17 14 13 13 15 26 5
split_gain=4.77704e-06 1.51739e-05 1.25038e-05 1.16742e-05 9.87221e-06 1.66824e-05 9.44594e-06 8.9502e-06 8.94538e-06 1.16278e-05 7.66308e-06 7.20813e-06 1.42303e-05 1.29091e-05 2.4053e-05 1.65291e-05 1.68925e-05 1.9543e-05 8.47045e-06 1.69707e-05 1.40485e-05 1.04331e-05 7.47125e-06
threshold=4.6230759120983409 4.5908345942686859 8073800.0000000009 -0.7096612730210704 4.57292334393785 -0.0063560456288135137 0.027795514953164967 19.659324075923134 0.13474450000000002 0.46000600000000008 -0.21119973447512402 0.013487616485657139 0.014433044119257355 -0.0016997741004182358 -0.0040984464159604774 0.0077115410344174738 0.002066113666940685 0.016460889199236391 0.022778230487323133 0.025598293591277205 0.0018744140491609681 0.31486700000000006 -0.010235527183047566
decision_type=2 2 2 2 2 2 2 2 2 2 2 2 2 2 2 2 2 2 2 2 2 2 2
left_child=1 2 3 10 5 -2 -3 -6 -5 -10 -1 13 -13 14 22 -15 -17 -18 20 -20 -14 -21 -9
right_child=4 6 -4 8 7 -7 -8 11 9 -11 -12 12 18 15 -16 16 17 -19 19 21 -22 -23 -24
leaf_value=6.2496937425748903e-05 0.00029794176745261727 -0.00034771749553328849 -0.00016113316250994101 -1.997257932089269e-06 -0.0001924406393819871 -7.2351803127228202e-06 -7.1109221516962854e-05 4.4096866258769292e-05 0.00037112329300725827 5.903134892419488e-05 -0.00019141223544821791 0.00027262740357920326 0.00024899180947720781 7.7292478880209309e-05 0.00031894673898616178 5.7548152063965375e-06 -0.00043055150367606607 -9.5317109876572531e-05 -0.00019164933531244871 0.00014297816783605063 -2.3724738056283538e-05 -9.771499528239238e-06 -0.00018765805590581814
leaf_weight=20 28 20 32 30 21 38 25 31 21 22 23 21 34 38 23 37 29 34 38 52 34 178 21
leaf_count=20 28 20 32 30 21 38 25 31 21 22 23 21 34 38 23 37 29 34 38 52 34 178 21
internal_value=7.68229e-13 -4.14949e-05 4.8889e-06 5.06881e-05 1.21895e-05 0.000122234 -0.000194046 -9.96764e-08 0.000123731 0.000211448 -7.33149e-05 6.98657e-06 3.30452e-05 -3.66891e-05 6.34928e-05 -9.11357e-05 -0.000155138 -0.000249631 1.80713e-05 -5.92215e-06 0.000112634 2.47632e-05 -4.94965e-05
internal_weight=850 193 148 116 657 66 45 591 73 43 43 570 357 213 75 138 100 63 336 268 68 230 52
internal_count=850 193 148 116 657 66 45 591 73 43 43 570 357 213 75 138 100 63 336 268 68 230 52
is_linear=0
shrinkage=0.3


Tree=90
num_leaves=15
num_cat=0
split_feature=14 14 13 4 14 16 16 14 4 27 27 6 17 8
split_gain=4.39726e-06 1.17012e-05 5.54614e-06 1.41779e-05 5.84337e-06 1.42914e-05 7.1917e-06 6.443e-06 5.70708e-06 1.09935e-05 1.07708e-05 1.86909e-05 9.98947e-06 8.51912e-06
threshold=0.0082219946604859869 0.010036817059851202 0.015035067448968426 4960050.0000000009 0.013473916766989358 0.0056179273621654964 0.0020407656836846271 0.014359024677081398 5121050.0000000009 0.62932250000000012 0.77206400000000019 0.0018692069111060949 0.0057691796291490681 -0.11045610482066189
decision_type=2 2 2 2 2 2 2 2 2 2 2 2 2 2
left_child=-1 -2 3 -3 5 6 -4 -6 9 -9 11 -10 -11 -12
right_child=1 2 4 -5 7 -7 -8 8 10 12 13 -13 -14 -15
leaf_value=-0.00012395374584593809 0.00022482563420323588 0.00019992207892976916 -8.1428869702904183e-05 -0.00010419564916281327 0.00015525811677039397 0.00010865383778114587 -0.00032500949502718869 0.00014179697952931746 -0.00020288812545913971 -0.00013314905843913037 0.00019277797764516436 4.9465682073852281e-05 2.5603062734030175e-06 2.5108418324407467e-05
leaf_weight=25 21 37 24 22 23 21 20 25 50 104 30 56 92 300
leaf_count=25 21 37 24 22 23 21 20 25 50 104 30 56 92 300
internal_value=-9.95034e-13 3.75617e-06 -2.01803e-06 8.65222e-05 -9.02994e-06 -9.49654e-05 -0.000192147 -8.15523e-07 -6.27929e-06 -4.55522e-05 1.36274e-05 -6.95691e-05 -6.94487e-05 4.03511e-05
internal_weight=850 825 804 59 745 65 44 680 657 221 436 106 196 330
internal_count=850 825 804 59 745 65 44 680 657 221 436 106 196 330
is_linear=0
shrinkage=0.3


Tree=91
num_leaves=22
num_cat=0
split_feature=7 15 4 12 5 5 2 8 15 8 0 13 21 12 17 16 12 19 18 10 16
split_gain=4.27035e-06 6.55322e-06 6.56294e-06 1.21362e-05 1.04987e-05 1.69639e-05 1.21758e-05 1.36661e-05 1.71278e-05 1.22746e-05 1.07038e-05 1.86467e-05 1.17005e-05 9.00213e-06 8.48894e-06 1.13184e-05 1.35979e-05 1.31848e-05 7.518e-06 1.04709e-05 3.72632e-06
threshold=-0.039060146631899891 0.027777726429316914 7681050.0000000009 0.0047826054295378095 0.0082051715727937801 0.0055710578968266155 5.595926176246997 -0.012371380681238619 -1.0000000180025095e-35 -8.9338259012805553e-17 4.5379858583375068 0.021831053005897858 0.074295000000000014 0.00069788747174114876 0.001586162322713112 0.012358394682635655 -0.0080975383754417138 0.28432500000000005 -0.11488823014842799 1.15340285315027 0.0047846846286744684
decision_type=2 2 2 2 2 2 2 2 2 2 2 2 2 2 2 2 2 2 2 2 2
left_child=-1 2 4 14 5 6 7 8 -2 -9 -6 13 -13 -12 -4 16 -16 -18 -5 -20 -7
right_child=1 -3 3 18 10 20 -8 9 -10 -11 11 12 -14 -15 15 -17 17 -19 19 -21 -22
leaf_value=-0.00011521277259833239 9.7211426716487505e-06 0.00012908662489887016 -0.00017793707097139719 -1.1452714118474562e-05 0.00026085187964781654 -0.00010247130453535646 -0.00019697038083192991 0.00019273652035605796 -0.0002550334008917381 3.201779445866002e-05 4.3538794452615546e-05 0.00032641985524447669 3.9895214642675802e-05 -0.00023455554401152767 -0.00022869134162370439 0.00017718613173862895 0.000100714247565006 -0.00013226598819073842 -0.00038013902948088278 -7.6833991615785633e-05 -0.00027780574331700333
leaf_weight=28 91 36 22 21 27 24 23 56 29 181 20 23 29 22 23 33 69 32 21 20 20
leaf_count=28 91 36 22 21 27 24 23 56 29 181 20 23 29 22 23 33 69 32 21 20 20
internal_value=8.59633e-13 3.92452e-06 -1.80809e-06 -4.3032e-05 1.64212e-05 -5.82223e-06 1.45968e-05 2.82272e-05 -5.42612e-05 6.99935e-05 9.43651e-05 4.65444e-05 0.000166627 -0.00010213 -3.41119e-06 2.10447e-05 -2.05091e-05 2.68987e-05 -0.000157421 -0.000232185 -0.000182169
internal_weight=850 822 786 241 545 424 380 357 120 237 121 94 52 42 179 157 124 101 62 41 44
internal_count=850 822 786 241 545 424 380 357 120 237 121 94 52 42 179 157 124 101 62 41 44
is_linear=0
shrinkage=0.3


Tree=92
num_leaves=29
num_cat=0
split_feature=17 17 18 18 8 13 18 21 5 6 6 9 6 16 16 18 12 12 10 4 12 9 13 2 18 27 21 28
split_gain=3.95495e-06 2.06659e-05 8.85954e-06 1.27742e-05 1.54898e-05 1.38323e-05 1.03639e-05 1.44688e-05 1.35923e-05 9.70125e-06 1.03838e-05 1.24872e-05 1.09832e-05 9.15226e-06 8.45287e-06 8.36129e-06 7.70707e-06 7.58965e-06 1.25928e-05 7.076e-06 1.07054e-05 9.3758e-06 1.47589e-05 1.38921e-05 8.43972e-06 9.22055e-06 6.26496e-06 6.22256e-06
threshold=0.004004004289432395 0.0038022914923094659 0.34330540259705022 0.057527884150835519 8.4567769453869358e-17 0.041348412141465347 0.61516067904003524 0.045711000000000009 0.0021835184963592221 -0.024780414032955989 -0.0039761699893744546 0.015993217228254381 -0.0080402634261618876 0.0049022442663928653 0.014418249313753431 0.21037024857837675 0.00024159468231328267 0.0019463419786223159 0.49403939578785877 10759400.000000002 0.0058897411651437923 0.014741294710650667 0.021109696843364192 4.5386149461302177 -0.3685775795072922 0.8139765000000001 0.10916200000000001 1.0000000180025095e-35
decision_type=2 2 2 2 2 2 2 2 2 2 2 2 2 2 2 2 2 2 2 2 2 2 2 2 2 2 2 2
left_child=1 14 3 5 13 9 8 -8 16 -2 11 12 -11 -5 19 -6 -4 18 -12 20 21 22 23 -1 -23 -26 -19 -9
right_child=2 -3 6 4 15 -7 7 27 -10 10 17 -13 -14 -15 -16 -17 -18 26 -20 -21 -22 24 -24 -25 25 -27 -28 -29
leaf_value=0.00017488019198026451 0.00018630924248348244 0.00030655720170629636 -0.0003925708803845654 0.00036953729686501903 0.00010276897881577377 -0.00026319315918954089 -0.00021591404249193146 -3.0452839940065336e-06 -1.0512542405649582e-05 -0.00037738454315591036 1.4399742884946181e-05 1.2863256855971964e-05 -6.674763563751184e-05 9.8882060685018987e-05 0.00015160788757953014 -0.00016245525715021357 -0.00013525642476452048 3.8083106950840112e-05 0.00028034202141084694 -0.00014391535619324712 0.00021089779547764918 8.0886248952083406e-05 0.00019767346987194017 -8.6934218114421169e-05 -0.00030589941982595649 -6.5989375821272765e-05 -0.00012781170321659373 0.00020557253632101823
leaf_weight=24 22 22 22 22 23 20 20 31 32 21 59 38 20 23 32 20 20 42 22 32 21 20 37 76 21 46 40 22
leaf_count=24 22 22 22 22 23 20 20 31 32 21 59 38 20 23 32 20 20 42 22 32 21 20 37 76 21 46 40 22
internal_value=1.36509e-13 2.56243e-05 -1.63423e-05 8.29714e-06 0.000108167 -2.26484e-05 -7.86951e-05 1.50563e-06 -0.000157812 -4.42534e-06 -2.17648e-05 -0.000111028 -0.000225854 0.000231202 5.6226e-06 -2.05911e-05 -0.00027004 2.14977e-05 8.6631e-05 -1.12421e-05 6.08662e-06 -1.31144e-05 3.57959e-05 -2.40988e-05 -9.01342e-05 -0.000141185 -4.28412e-05 8.35508e-05
internal_weight=850 331 519 372 88 284 147 73 74 264 242 79 41 45 309 43 42 163 81 277 245 224 137 100 87 67 82 53
internal_count=850 331 519 372 88 284 147 73 74 264 242 79 41 45 309 43 42 163 81 277 245 224 137 100 87 67 82 53
is_linear=0
shrinkage=0.3


Tree=93
num_leaves=29
num_cat=0
split_feature=14 27 22 13 6 16 6 20 18 0 18 1 3 5 17 21 0 16 6 21 22 4 8 20 9 4 20 19
split_gain=3.98808e-06 8.85403e-06 8.18546e-06 1.16137e-05 1.27704e-05 9.98618e-06 1.19197e-05 1.15744e-05 8.45415e-06 1.37392e-05 8.7379e-06 7.62556e-06 1.72208e-05 1.34203e-05 9.84094e-06 1.17601e-05 9.21669e-06 8.74542e-06 7.88509e-06 6.90815e-06 7.92882e-06 1.29929e-05 7.0418e-06 6.95212e-06 5.03478e-06 4.79395e-06 4.76602e-06 4.68156e-06
threshold=0.028800904030926045 0.95746250000000011 0.016905500000000004 0.025446577485452433 0.0017290011725864861 0.0060729420733958176 0.013830625779820841 0.41432650000000004 0.11315601241399345 5.1324303831106279 0.50056072069528257 4.6503741609962335 4.646674871444703 -0.0022806467878944523 0.005719778403656779 0.039838000000000005 4.5067599120914412 0.0019801960565474408 0.010869770606879502 0.041916000000000002 0.026006000000000005 5970250.0000000009 0.00082738080546822257 0.059675500000000006 0.033708955130981266 4306950.0000000009 0.18431750000000002 0.35753900000000005
decision_type=2 2 2 2 2 2 2 2 2 2 2 2 2 2 2 2 2 2 2 2 2 2 2 2 2 2 2 2
left_child=1 11 -2 4 -4 8 7 24 9 -5 -10 13 -13 26 19 -16 27 -17 -19 22 21 -21 -14 -22 -7 -18 -1 -15
right_child=2 -3 3 5 -6 6 -8 -9 10 -11 -12 12 14 16 15 17 25 18 -20 20 23 -23 -24 -25 -26 -27 -28 -29
leaf_value=1.4261356357435164e-07 -0.00020103584198374807 -0.00012983488301567073 -0.00031399094975561394 0.00013347317863888513 -1.3069267661194317e-05 -0.0001392488962499721 -0.00024290380130299703 0.0001976157528978157 0.00031713813249635597 -0.00017651711352135118 5.5388028590641626e-05 0.00025189769674563482 -4.6692135600262023e-05 9.9711564793584075e-05 -8.2051284411018937e-05 4.3018370074844971e-06 -0.00011072466477344277 0.00022775731798570963 1.6698904541304467e-05 -8.4380693624552802e-05 2.4784654057863942e-05 0.00024302076149979257 0.00017838833611739542 -0.00013073397625872573 3.9234792144270606e-05 -0.00030034169859780897 0.00020226045793866174 -0.00010309582927220616
leaf_weight=21 23 36 22 31 30 33 22 21 22 22 24 33 22 21 31 38 28 66 21 24 37 20 29 86 25 21 21 20
leaf_count=21 23 36 22 31 30 33 22 21 22 22 24 33 22 21 31 38 28 66 21 24 37 20 29 86 25 21 21 20
internal_value=2.18279e-14 1.42111e-05 -2.9714e-05 -1.40775e-05 -0.000140382 1.87617e-05 -4.76069e-05 6.77958e-06 8.64711e-05 4.79796e-06 0.000180573 2.38319e-05 4.41533e-05 -3.88256e-05 2.58229e-05 8.33496e-05 -0.000104172 0.000124369 0.000176812 -1.5343e-05 -4.48552e-05 6.44381e-05 8.12948e-05 -8.39519e-05 -6.23163e-05 -0.000191989 0.000101202 7.81129e-07
internal_weight=850 575 275 252 52 200 101 79 99 53 46 539 407 132 374 156 90 125 87 218 167 44 51 123 58 49 42 41
internal_count=850 575 275 252 52 200 101 79 99 53 46 539 407 132 374 156 90 125 87 218 167 44 51 123 58 49 42 41
is_linear=0
shrinkage=0.3


Tree=94
num_leaves=28
num_cat=0
split_feature=17 17 15 15 15 17 11 8 5 18 27 18 19 22 14 17 5 17 13 16 13 9 20 15 26 27 5
split_gain=3.26077e-06 1.00267e-05 8.32411e-06 1.07901e-05 6.85411e-06 6.19353e-06 1.19836e-05 1.4076e-05 9.75626e-06 6.02221e-06 6.83658e-06 6.46844e-06 5.91016e-06 1.13704e-05 8.97694e-06 5.83363e-06 6.65159e-06 6.24959e-06 8.92876e-06 7.22778e-06 6.76754e-06 1.08532e-05 7.96004e-06 8.21055e-06 6.06227e-06 4.9249e-06 1.80265e-06
threshold=0.004004004289432395 0.0038022914923094659 0.021442510198344377 0.014113167193441025 0.025674803220438799 0.005719778403656779 43.910404945104965 0.0020618342648185657 0.0021552640250432219 -0.25163404296076969 0.93388000000000015 -0.62648427020039765 -0.88341149999999991 0.47121750000000001 0.0171428635006859 0.0062959584844805789 -1.0000000180025095e-35 0.0081967133022516261 0.020600033826474122 0.00761196314227782 0.026411055154135294 0.01233588411904114 0.88305500000000003 -0.0079370191369398015 0.78312150000000014 0.91063850000000013 0.0020450774053327064
decision_type=2 2 2 2 2 2 2 2 2 2 2 2 2 2 2 2 2 2 2 2 2 2 2 2 2 2 2
left_child=1 2 3 9 5 6 -2 -8 -9 10 11 -1 -11 14 -14 16 -7 18 -17 -20 21 24 23 -22 -19 -23 -13
right_child=4 -3 -4 -5 -6 15 7 8 -10 12 -12 26 13 -15 -16 17 -18 20 19 -21 22 25 -24 -25 -26 -27 -28
leaf_value=2.3493145765594534e-06 7.7408730298471221e-05 0.00021895101827712178 0.00013889175291366813 -0.00017590046111528804 -0.00017870159182083707 -9.8206738766748451e-06 -0.00035479267102346053 -0.00018368412151580237 7.6399322351790034e-05 0.0001091100881649254 -7.9583390834159212e-05 0.00025793330736632923 -8.2823762444741934e-05 -0.00021178410484935738 0.00010165603692490379 -0.00025158143625958473 0.00022922583160503896 0.0001048918610779635 7.7607520553658912e-05 -0.00014435312654432377 -0.00012546769045248936 0.00030721408772478755 0.00016074041154102555 1.3030561136917174e-05 -0.00011582211332097358 9.6681090781203238e-05 0.00013348891666282723
leaf_weight=26 33 22 39 31 22 20 20 27 25 25 20 20 53 30 43 20 22 21 31 23 59 20 21 111 24 20 22
leaf_count=26 33 22 39 31 22 20 20 27 25 25 20 20 53 30 43 20 22 21 31 23 59 20 21 111 24 20 22
internal_value=3.12411e-13 2.32671e-05 9.33489e-06 -9.37888e-06 -1.48389e-05 -7.58545e-06 -7.22938e-05 -0.000140908 -5.8644e-05 1.22202e-05 7.46004e-05 0.000119949 -2.41339e-05 -5.05712e-05 -1.92186e-07 9.74716e-06 0.000115394 -2.93048e-06 -8.03502e-05 -1.69313e-05 1.7827e-05 8.82459e-05 -1.35113e-05 -3.50365e-05 -1.28223e-05 0.000201948 0.000192748
internal_weight=850 331 309 270 519 497 105 72 52 239 88 68 151 126 96 392 42 350 74 54 276 85 191 170 45 40 42
internal_count=850 331 309 270 519 497 105 72 52 239 88 68 151 126 96 392 42 350 74 54 276 85 191 170 45 40 42
is_linear=0
shrinkage=0.3


Tree=95
num_leaves=17
num_cat=0
split_feature=7 5 15 7 12 12 19 19 20 14 10 4 4 3 0 3
split_gain=3.18789e-06 7.90103e-06 5.22507e-06 3.99884e-06 7.30013e-06 5.95714e-06 4.64957e-06 3.60019e-06 1.18641e-05 1.15636e-05 5.99908e-06 1.5207e-05 5.48148e-06 5.40443e-06 1.32291e-05 8.09053e-06
threshold=0.020752368287786819 0.0096356752363828523 -0.012712182115547253 0.014315257042738281 0.0098776467621944728 0.0081245701120286427 -0.32052699999999995 0.81240750000000006 0.66342800000000002 0.026654820823571155 -0.097302858711838289 5300500.0000000009 6751300.0000000009 4.8939313888549814 4.9802392160135875 4.7891838550567636
decision_type=2 2 2 2 2 2 2 2 2 2 2 2 2 2 2 2
left_child=3 2 -2 4 5 7 -5 8 13 -10 12 -12 -9 15 -15 -1
right_child=1 -3 -4 6 -6 -7 -8 10 9 -11 11 -13 -14 14 -16 -17
leaf_value=-1.1183702069198866e-05 -1.1849222442833707e-05 6.9921222823341521e-05 -0.00019142128342147251 -2.9735427497143973e-05 -0.00016227973186744291 0.00015963287332851906 0.0001525576633438879 -6.1073748282589282e-05 0.00024320468162576011 -4.1303578691440634e-05 6.3288120509241699e-05 -0.00027709862357975606 0.00012507339129683715 0.0002350871056478354 4.0536957733061724e-06 -0.00016618679403430125
leaf_weight=279 25 31 35 20 24 22 34 35 36 20 21 27 24 26 157 34
leaf_count=279 25 31 35 20 24 22 34 35 36 20 21 27 24 26 157 34
internal_value=5.60142e-14 -5.30595e-05 -0.0001166 6.36155e-06 3.34987e-07 6.0659e-06 8.50417e-05 9.39235e-07 1.07018e-05 0.000141595 -4.94246e-05 -0.000128179 1.46471e-05 -4.07643e-06 3.68781e-05 -2.80211e-05
internal_weight=850 91 60 759 705 681 54 659 552 56 107 48 59 496 183 313
internal_count=850 91 60 759 705 681 54 659 552 56 107 48 59 496 183 313
is_linear=0
shrinkage=0.3


Tree=96
num_leaves=18
num_cat=0
split_feature=10 12 6 18 18 6 20 3 20 3 6 15 6 3 6 27 4
split_gain=2.92417e-06 6.86195e-06 6.84763e-06 4.62791e-06 1.64354e-05 3.8602e-06 9.98318e-06 1.02666e-05 6.16847e-06 3.73075e-06 4.63778e-06 1.04461e-05 1.35012e-05 7.68087e-06 8.44336e-06 4.55394e-06 3.49867e-06
threshold=-1.4954224698528351 -0.0041989094661058247 -0.010526943784388664 0.96148178564284448 0.75460852550239355 -0.013308724343987971 0.34227750000000007 4.7100601196289071 0.067786500000000013 4.5029077529907235 -0.0058580367641417322 -0.0019880536228579246 -0.0096156468420627913 4.5411951541900644 -0.0021165001558440832 0.91668650000000007 5046500.0000000009
decision_type=2 2 2 2 2 2 2 2 2 2 2 2 2 2 2 2 2
left_child=1 2 -1 4 5 6 8 -8 -2 15 11 -11 -13 -12 -15 16 -7
right_child=3 -3 -4 -5 -6 9 7 -9 -10 10 13 12 -14 14 -16 -17 -18
leaf_value=-7.8616199873847231e-05 6.5974465674291692e-05 -0.00016219828166867955 0.00015121977223316206 0.00010636359270742665 -0.00025506754219267432 -8.3220180447694594e-05 2.2704340309636402e-05 0.00031596147997664623 -0.00011672332858199359 6.4106822141826229e-05 -0.00015805955288669793 -1.5767968194696176e-05 -0.00029707795746877048 0.00015872702140107075 4.4324818027234864e-07 0.00016341147542894198 8.7972881175863373e-05
leaf_weight=28 39 32 20 39 22 21 21 22 29 34 25 34 28 33 375 26 22
leaf_count=28 39 32 20 39 22 21 21 22 29 34 25 34 28 33 375 26 22
internal_value=-5.94208e-13 -5.459e-05 1.71488e-05 5.67169e-06 2.9962e-07 8.22357e-06 5.96033e-05 0.000172743 -1.19408e-05 -1.31348e-06 -9.87134e-06 -6.95277e-05 -0.000142811 3.35501e-06 1.32456e-05 6.42968e-05 4.36697e-06
internal_weight=850 80 48 770 731 709 111 43 68 598 529 96 62 433 408 69 43
internal_count=850 80 48 770 731 709 111 43 68 598 529 96 62 433 408 69 43
is_linear=0
shrinkage=0.3


Tree=97
num_leaves=22
num_cat=0
split_feature=5 5 17 7 17 4 7 18 12 5 4 1 1 9 16 22 12 25 18 18 11
split_gain=2.69604e-06 3.39961e-06 3.1808e-06 7.04468e-06 1.27567e-05 8.94511e-06 1.24473e-05 9.72414e-06 1.18338e-05 1.04259e-05 5.31882e-06 7.94495e-06 4.52459e-06 1.04273e-05 9.68537e-06 9.5966e-06 8.91866e-06 7.89853e-06 6.19489e-06 4.24239e-06 3.47901e-06
threshold=-0.039060146631899891 -0.025409028368138117 0.004004004289432395 -0.0081550219244335229 0.0020682524989572263 7360800.0000000009 0.0019902438648898443 0.56216100662020663 -0.0023564206612489793 -0.0037524776267532397 15564950.000000002 5.937130604686673 4.7361151061683797 0.026796781131123205 0.0020181635841710582 0.049725000000000005 -0.0038657067325500697 0.41666650000000005 -0.50061854982140297 0.035622830422467937 46.609185699968073
decision_type=2 2 2 2 2 2 2 2 2 2 2 2 2 2 2 2 2 2 2 2 2
left_child=-1 -2 3 4 19 7 -7 8 9 -5 11 12 14 16 17 -15 -14 -4 -16 -3 -10
right_child=1 2 10 5 -6 6 -8 -9 20 -11 -12 -13 13 15 18 -17 -18 -19 -20 -21 -22
leaf_value=-9.1544342642281765e-05 9.7455146930191072e-05 -5.8722908747418276e-05 0.00023564565117339953 -1.2093429336346161e-05 0.00030881759022122424 -0.00023401966559650908 2.066012997462307e-05 0.00023172757943029865 -0.00013841606800829489 0.00028718597831440011 -0.00016388540971092879 0.00017075665037477198 5.7504985088598906e-05 -0.00010286364906480431 -0.00014940520273479965 0.00011687429957058861 -0.00012396248600662847 -1.1197425810678397e-05 7.5567266506723018e-06 0.00011436040199623675 -1.2836389422383424e-05
leaf_weight=28 33 26 28 20 20 31 39 20 26 22 21 21 30 27 28 53 130 20 118 25 84
leaf_count=28 33 26 28 20 20 31 39 20 26 22 21 21 30 27 28 53 130 20 118 25 84
internal_value=-5.58467e-13 3.1183e-06 -8.27349e-07 2.26626e-05 0.000105754 -1.71556e-06 -9.21266e-05 3.50797e-05 9.20492e-06 0.000144672 -1.62735e-05 -9.46063e-06 -1.81808e-05 -4.57206e-05 1.58891e-05 4.27127e-05 -8.99373e-05 0.000132794 -2.25456e-05 2.61219e-05 -4.25189e-05
internal_weight=850 822 789 313 71 242 70 172 152 42 476 455 434 240 194 80 160 48 146 51 110
internal_count=850 822 789 313 71 242 70 172 152 42 476 455 434 240 194 80 160 48 146 51 110
is_linear=0
shrinkage=0.3


Tree=98
num_leaves=24
num_cat=0
split_feature=16 8 11 8 1 8 5 13 18 26 27 19 14 27 10 21 14 13 16 28 26 17 14
split_gain=3.30875e-06 9.25374e-06 1.24764e-05 6.85062e-06 9.77002e-06 8.53025e-06 6.7593e-06 8.28809e-06 6.09738e-06 1.08799e-05 1.20193e-05 8.71566e-06 7.45564e-06 7.61504e-06 8.30539e-06 7.8293e-06 5.41898e-06 9.18561e-06 5.20129e-06 5.1261e-06 3.43638e-06 3.14954e-06 2.42802e-06
threshold=0.0020450366369893177 0.09154380896156955 76.614965240714099 0.036212460472205464 5.376479679855648 -0.0073274019864207835 -0.016000520210140839 0.030678334085381381 -0.38640837505751541 0.31486700000000006 0.79698550000000012 0.065680500000000017 0.017252693873808594 0.88782150000000015 -1.205755965726919 0.029407000000000006 0.016753978638402212 0.016425874444780046 0.0083333616378675653 1.0000000180025095e-35 0.48582700000000006 0.0058880788405801148 0.018571988506710376
decision_type=2 2 2 2 2 2 2 2 2 2 2 2 2 2 2 2 2 2 2 2 2 2 2
left_child=8 2 3 4 6 -6 7 -2 20 11 -11 -10 -12 -14 -15 -16 17 -8 -18 21 -1 -5 -22
right_child=1 -3 -4 19 5 -7 16 -9 9 10 12 -13 13 14 15 -17 18 -19 -20 -21 22 -23 -24
leaf_value=-4.5461066674761243e-05 0.00026060603417218687 0.00020839088891599591 -0.00017941565449526082 8.7422016531490956e-05 -3.2451704646518917e-06 -0.00023567774130949854 -3.4389808306514169e-05 3.0454128729774233e-06 -3.4851519376388748e-05 -0.00023789534573281983 -0.00019478669480008646 0.00022643891366897151 0.00011829035553091671 -0.00020607729038601971 0.00014842731299203089 -9.0407481693546287e-05 -7.1820559319998466e-05 0.0001235661758983042 2.1321902139223653e-05 -4.0745200329603485e-06 0.00018102772881320561 0.00024456934648200827 3.4973307707072569e-05
leaf_weight=20 22 21 31 24 30 27 60 23 27 37 24 20 30 24 21 30 105 74 111 26 20 22 21
leaf_count=20 22 21 31 24 30 27 60 23 27 37 24 20 30 24 21 30 105 74 111 26 20 22 21
internal_value=2.68354e-13 1.29095e-05 5.51286e-06 1.64533e-05 2.76284e-06 -0.000113345 1.95176e-05 0.000128964 -2.71381e-05 -5.10874e-05 -8.71651e-05 7.63359e-05 -4.39324e-05 -9.45138e-06 -6.05481e-05 7.93626e-06 5.44595e-06 5.28396e-05 -2.39557e-05 0.000102399 5.64881e-05 0.000162579 0.000106219
internal_weight=850 576 555 524 452 57 395 45 274 213 166 47 129 105 75 51 350 134 216 72 61 46 41
internal_count=850 576 555 524 452 57 395 45 274 213 166 47 129 105 75 51 350 134 216 72 61 46 41
is_linear=0
shrinkage=0.3


Tree=99
num_leaves=20
num_cat=0
split_feature=4 8 3 13 13 12 12 8 18 4 0 11 5 17 17 0 12 16 0
split_gain=2.94915e-06 5.77968e-06 8.07868e-06 4.54344e-06 5.27774e-06 3.94246e-06 7.91031e-06 7.58515e-06 7.99643e-06 8.00706e-06 1.04064e-05 6.6685e-06 7.77958e-06 5.30553e-06 6.2676e-06 8.80264e-06 5.41734e-06 3.42684e-06 2.54298e-06
threshold=13719350.000000002 0.055533004889339446 5.0775434970855722 0.040973239584333077 0.037499983719512027 0.0043693844343685225 0.0058897411651437923 -0.016275398862702555 0.34330540259705022 8135650.0000000009 4.6408366139398831 78.451823618019588 -0.0061100348815364925 0.013913113684913854 0.0069084494316438583 4.7076126075699234 -0.0004225976676578559 0.0060729420733958176 4.7014423914977241
decision_type=2 2 2 2 2 2 2 2 2 2 2 2 2 2 2 2 2 2 2
left_child=3 2 -2 4 5 7 -7 8 9 10 -1 12 -8 14 16 -16 -9 -14 -10
right_child=1 -3 -4 -5 -6 6 11 13 18 -11 -12 -13 17 -15 15 -17 -18 -19 -20
leaf_value=4.7096978923946147e-05 0.0001111980373724901 0.00017829242845550654 -0.00013581171674145894 -0.00011606826186039143 0.00011310293216541009 -0.00017419466624102954 -8.0544614907158835e-05 -4.6648091643112212e-05 -8.6706640140619135e-05 0.00013998290109716786 -0.00012616155870581188 -0.00011694915494346688 0.00018019074272420508 -7.7140372092332176e-05 -7.102632886721216e-06 0.00019883946489302463 4.8757261240864574e-05 1.9874493331631781e-05 -0.00023799061406862162
leaf_weight=60 26 24 22 32 35 35 31 77 20 26 65 37 28 37 31 47 176 21 20
leaf_count=60 26 24 22 32 35 35 31 77 20 26 65 37 28 37 31 47 176 21 20
internal_value=-8.92024e-14 5.80876e-05 -2.01477e-06 -5.37572e-06 -6.27514e-07 -6.22606e-06 -4.90665e-05 5.42287e-06 -4.30841e-05 -1.14909e-05 -4.29975e-05 -1.1635e-05 3.70728e-05 3.05991e-05 4.26424e-05 0.000116991 1.97208e-05 0.000111484 -0.000162349
internal_weight=850 72 48 778 746 711 152 559 191 151 125 117 80 368 331 78 253 49 40
internal_count=850 72 48 778 746 711 152 559 191 151 125 117 80 368 331 78 253 49 40
is_linear=0
shrinkage=0.3


Tree=100
num_leaves=13
num_cat=0
split_feature=11 8 8 21 18 22 6 27 27 0 26 16
split_gain=3.37496e-06 6.72263e-06 5.91494e-06 3.46845e-06 9.59312e-06 4.00936e-06 4.3716e-06 1.05183e-05 5.42362e-06 4.32097e-06 6.53551e-06 5.71798e-06
threshold=13.073170752240495 -0.11045610482066189 -0.080070078660329239 0.023491000000000005 -0.12345060988768354 0.95421800000000012 -0.0072139227061098054 0.57926250000000012 0.8161115000000001 5.631200248362755 0.72352000000000005 0.0035090385628495468
decision_type=2 2 2 2 2 2 2 2 2 2 2 2
left_child=-1 -2 -3 4 -4 6 7 -5 -9 11 -11 -8
right_child=1 2 3 5 -6 -7 9 8 -10 10 -12 -13
leaf_value=-0.00011089979825555928 0.00015641818165022412 -0.00013225045539002166 7.3938857329065077e-05 0.00024469245779203314 -0.00015993638354500132 0.00012524919430479013 -6.1494838498752573e-05 -6.8107554067825302e-05 5.377767634973165e-05 -2.3387716448103838e-05 0.00017563272008879317 8.4205519369649963e-06
leaf_weight=24 25 30 27 21 38 26 176 46 115 33 27 262
leaf_count=24 25 30 27 21 38 26 176 46 115 33 27 262
internal_value=9.94906e-14 3.22227e-06 -1.55913e-06 3.52614e-06 -6.27882e-05 9.63157e-06 5.2109e-06 4.50001e-05 1.89533e-05 -9.33056e-06 6.61715e-05 -1.96733e-05
internal_weight=850 826 801 771 65 706 680 182 161 498 60 438
internal_count=850 826 801 771 65 706 680 182 161 498 60 438
is_linear=0
shrinkage=0.3


Tree=101
num_leaves=27
num_cat=0
split_feature=9 9 14 14 11 8 7 17 4 0 22 2 16 27 12 10 3 3 0 15 21 6 3 11 3 16
split_gain=2.13018e-06 9.462e-06 9.7226e-06 7.61807e-06 8.56467e-06 8.29853e-06 1.25059e-05 1.09933e-05 4.07542e-06 6.31602e-06 7.81111e-06 6.67549e-06 9.90046e-06 8.21165e-06 6.28781e-06 6.71651e-06 6.28398e-06 1.05114e-05 4.93651e-06 9.30936e-06 5.81204e-06 4.27855e-06 3.65942e-06 3.53052e-06 3.23908e-06 2.88127e-06
threshold=0.011466575889875952 0.010555589925278218 0.009855437639356545 0.019326477304718356 46.385045308318396 -0.00024409202180087337 -1.0000000180025095e-35 0.004004004289432395 4429250.0000000009 4.5379858583375068 0.039178500000000012 4.6799458962445541 0.0020877304721246188 0.89191300000000007 -0.004446422102970209 1.3255043574044534 4.8033289909362802 4.9351696968078622 5.658828338694482 -0.0077106041227238869 0.20483200000000004 -0.0042552993876547665 4.8384721279144296 53.846132433382444 4.6851985454559335 0.0064378134743952485
decision_type=2 2 2 2 2 2 2 2 2 2 2 2 2 2 2 2 2 2 2 2 2 2 2 2 2 2
left_child=1 2 -1 5 -5 6 -4 -7 14 10 -10 12 -11 -14 -2 22 -13 -18 19 -19 -20 -12 24 -6 25 -16
right_child=8 -3 3 4 23 7 -8 -9 9 11 21 16 13 -15 15 -17 17 18 20 -21 -22 -23 -24 -25 -26 -27
leaf_value=-0.00019308824443474545 -0.00017905655596613153 0.00017346180515728931 0.00030396904634331944 -0.0002227919278993795 0.00010677555241045411 0.00014678973333423566 1.5027449067669554e-05 -0.00012512132558413212 6.9720300554763521e-05 -3.7527529275394049e-05 -0.00021505724419382334 -0.00014280415805660595 8.1201091270486365e-05 0.00032936918534687721 -4.8425309273087606e-05 -0.00017470430436581161 0.00016789565322661865 -0.00015483695008394231 9.648024182578887e-05 6.9247793079911554e-06 -8.2627134013984528e-05 -5.0646902488144149e-05 -7.9695404588164812e-05 -7.1478952777397352e-05 0.0001354193721651783 8.8671459029269909e-05
leaf_weight=21 28 33 26 20 20 23 28 32 25 30 28 25 30 20 37 22 35 45 63 111 22 29 32 20 23 22
leaf_count=21 28 33 26 20 20 23 28 32 25 30 28 25 30 20 37 22 35 45 63 111 22 29 32 20 23 22
internal_value=1.44339e-13 2.51826e-05 -5.71129e-07 2.33511e-05 -6.24984e-05 7.06078e-05 0.000154147 -1.14131e-05 -8.9565e-06 5.43828e-06 -7.00897e-05 2.16936e-05 9.87199e-05 0.000180468 -4.95954e-05 -2.29417e-05 1.22156e-06 1.42674e-05 -8.04379e-06 -3.97373e-05 5.0123e-05 -0.00013141 6.34586e-06 1.76483e-05 3.99229e-05 2.69552e-06
internal_weight=850 223 190 169 60 109 54 55 627 463 82 381 80 50 164 136 301 276 241 156 85 57 114 40 82 59
internal_count=850 223 190 169 60 109 54 55 627 463 82 381 80 50 164 136 301 276 241 156 85 57 114 40 82 59
is_linear=0
shrinkage=0.3


Tree=102
num_leaves=24
num_cat=0
split_feature=20 6 9 12 4 18 12 14 22 21 14 14 18 16 16 12 21 4 10 12 9 22 9
split_gain=2.49129e-06 6.32058e-06 6.14836e-06 6.03462e-06 5.06694e-06 5.40708e-06 3.9152e-06 4.96725e-06 3.54821e-06 4.53728e-06 7.5024e-06 8.77731e-06 5.83918e-06 4.1998e-06 1.0477e-05 7.39677e-06 5.76681e-06 1.5307e-05 8.08538e-06 6.34282e-06 4.40055e-06 3.4061e-06 1.37645e-06
threshold=0.029197500000000005 -0.0082137281615151363 0.032661453162692762 -0.00060292812931765291 9023950.0000000019 0.49404523493076002 0.0020021486777375987 0.018442604930066175 0.9334530000000002 0.039738000000000002 0.034917003553891275 0.020923608719454537 0.21037024857837675 0.012257406663506982 0.0085069915325327282 -0.0033514191302321645 0.050346000000000009 5378400.0000000009 1.9462869736434605 0.0098776467621944728 0.017529591170492121 0.13186150000000005 0.020993914752453265
decision_type=2 2 2 2 2 2 2 2 2 2 2 2 2 2 2 2 2 2 2 2 2 2 2
left_child=1 3 4 -1 5 6 7 -3 9 10 11 12 -2 14 16 -15 17 -11 19 -18 -16 -17 -13
right_child=8 2 -4 -5 -6 -7 -8 -9 -10 13 -12 22 -14 15 20 21 18 -19 -20 -21 -22 -23 -24
leaf_value=-2.8768889160346588e-05 -2.2791112129046573e-05 0.00018715097397613466 -0.00015278312104783251 -0.000251895754661291 0.00014691758545814081 -0.00014331905174913117 -6.7869195861377461e-05 -8.3041234865959272e-06 0.00012975862290269495 0.00031673764438892247 -0.00021555493594860309 3.2666906939994075e-05 -0.00022496486393720259 0.00021492838081758236 -2.2658643865725024e-05 8.9955670873678172e-05 1.0575391380803385e-05 -4.9981524145031077e-05 -0.0001704958173961911 0.00018103109947073138 -0.00019182656616257806 -5.5531465737398579e-05 0.00013555602826355342
leaf_weight=24 36 22 20 20 25 20 23 25 21 20 20 25 20 25 25 30 305 21 21 21 31 28 22
leaf_count=24 36 22 20 20 25 20 23 25 21 20 20 25 20 25 25 30 305 21 21 21 31 28 22
internal_value=6.89343e-14 -3.14455e-05 7.37948e-07 -0.00013019 2.74373e-05 -5.75171e-06 3.35532e-05 8.31855e-05 8.38859e-06 4.46741e-06 -4.74144e-05 -1.47657e-05 -9.4996e-05 1.65764e-05 4.99727e-06 7.85181e-05 2.25048e-05 0.000128906 9.93295e-06 2.15557e-05 -0.000116305 1.97205e-05 8.08278e-05
internal_weight=850 179 135 44 115 90 70 47 671 650 123 103 56 527 444 83 388 41 347 326 56 58 47
internal_count=850 179 135 44 115 90 70 47 671 650 123 103 56 527 444 83 388 41 347 326 56 58 47
is_linear=0
shrinkage=0.3


Tree=103
num_leaves=16
num_cat=0
split_feature=16 2 18 0 4 9 12 9 14 5 22 5 26 16 9
split_gain=2.51663e-06 2.79364e-06 5.84166e-06 5.03074e-06 3.06341e-06 2.49768e-06 6.29951e-06 6.69612e-06 4.91386e-06 4.64264e-06 6.2877e-06 5.95252e-06 6.73888e-06 5.03237e-06 4.54645e-06
threshold=0.018090915482891747 5.782628418666234 -0.11488823014842799 5.7548460349016288 16035900.000000002 0.014433044119257355 0.0029081674245569037 0.013487616485657139 0.014693892562158703 0.01223254865501114 0.10730150000000001 0.0074768287037527007 0.4297275000000001 0.0056179273621654964 0.015866865788078704
decision_type=2 2 2 2 2 2 2 2 2 2 2 2 2 2 2
left_child=1 3 -3 4 5 6 7 8 -1 11 -11 14 -13 -12 -7
right_child=-2 2 -4 -5 -6 9 -8 -9 -10 10 13 12 -14 -15 -16
leaf_value=4.2651139297307069e-05 -7.4438869041142211e-05 5.5389925351586759e-05 -0.00015237187990037613 0.00014626148902449209 0.00010493285285869765 -0.00012415001219778787 0.00015907536706233967 0.0001659707255881089 -4.2087469975220815e-05 2.034017071137724e-05 -0.00021908718065993349 -1.6024105898395648e-05 0.00022729854089058269 -3.3879210035514045e-05 -5.0023721622628432e-07
leaf_weight=106 39 21 29 23 26 30 27 22 147 37 31 20 21 23 248
leaf_count=106 39 21 29 23 26 30 27 22 147 37 31 20 21 23 248
internal_value=-8.5225e-14 3.57967e-06 -6.51119e-05 8.09292e-06 3.78685e-06 9.33195e-08 2.07965e-05 7.22007e-06 -6.58434e-06 -1.51564e-05 -7.49268e-05 1.89413e-06 0.000108605 -0.000140202 -1.38437e-05
internal_weight=850 811 50 761 738 712 302 275 253 410 91 319 41 54 278
internal_count=850 811 50 761 738 712 302 275 253 410 91 319 41 54 278
is_linear=0
shrinkage=0.3


Tree=104
num_leaves=16
num_cat=0
split_feature=19 12 8 15 20 3 18 2 10 10 21 4 4 27 3
split_gain=1.75207e-06 6.20261e-06 3.49957e-06 3.45987e-06 1.04915e-05 4.54295e-06 7.22121e-06 2.83264e-06 2.51793e-06 3.75434e-06 4.34253e-06 2.82044e-06 5.9989e-06 4.9742e-06 2.47594e-06
threshold=0.8835495000000001 -0.0036481872700096694 -0.0039529210804777814 0.023000570384511084 0.17354400000000003 5.8450112342834482 0.22973446692731955 5.6202653665892255 -1.9395800676641062 -1.4954224698528351 0.061300500000000008 7681050.0000000009 7019850.0000000009 0.72476450000000014 4.7853322029113778
decision_type=2 2 2 2 2 2 2 2 2 2 2 2 2 2 2
left_child=3 -2 -3 5 -5 7 -7 8 -1 10 -10 12 -11 -13 -4
right_child=1 2 14 4 -6 6 -8 -9 9 11 -12 13 -14 -15 -16
leaf_value=9.6090351325983642e-05 -0.00017005970398713542 0.00010914227579762936 -0.00011673167430984676 -8.9373739683651365e-05 0.0001893215410217958 -0.00020517702237157209 3.8902768446860135e-05 8.9646594506120889e-05 -0.00018600196230441466 5.5701936047345619e-06 8.0085710578714504e-07 -0.0001559948112408165 0.0001467022345579984 -6.0773129267285448e-06 3.2544929708819837e-05
leaf_weight=24 24 21 20 20 31 24 20 34 21 415 24 25 29 98 20
leaf_count=24 24 21 20 20 31 24 20 34 21 415 24 25 29 98 20
internal_value=2.53476e-14 -4.08609e-05 9.97136e-06 4.5401e-06 8.00293e-05 -8.51979e-07 -9.42317e-05 5.28042e-06 7.70277e-07 -2.96777e-06 -8.63738e-05 3.65176e-06 1.47883e-05 -3.65483e-05 -4.20934e-05
internal_weight=850 85 61 765 51 714 44 670 636 612 45 567 444 123 40
internal_count=850 85 61 765 51 714 44 670 636 612 45 567 444 123 40
is_linear=0
shrinkage=0.3


Tree=105
num_leaves=11
num_cat=0
split_feature=12 13 15 5 13 5 12 6 13 20
split_gain=2.06968e-06 2.49756e-06 2.94815e-06 2.64654e-06 3.86158e-06 3.15571e-06 8.01814e-06 4.20115e-06 3.86896e-06 3.25746e-06
threshold=-0.016009718161490129 0.040973239584333077 -0.027812485700622832 -0.024534888989004095 0.037817908555719461 -0.012698731032248918 -0.0035230895087755535 0.0019305057666435916 0.036269090170848943 0.60733450000000011
decision_type=2 2 2 2 2 2 2 2 2 2
left_child=-1 2 -2 -4 5 6 -5 -8 9 -7
right_child=1 -3 3 4 -6 8 7 -9 -10 -11
leaf_value=9.5364700255231571e-05 8.4940225121954427e-05 -8.3172517456246576e-05 -0.00011060452743549831 0.00020657645630060208 0.00012679811334237456 -1.9396122906372476e-05 -9.9161296093370764e-05 6.0923111010424688e-05 -0.00012655804360838373 3.0020815639301607e-05
leaf_weight=20 36 33 20 22 21 448 25 36 25 164
leaf_count=20 36 33 20 22 21 448 25 36 25 164
internal_value=1.29593e-13 -2.29794e-06 1.05069e-06 -2.9178e-06 -1.12799e-08 -3.70989e-06 5.13118e-05 -4.68525e-06 -1.08791e-05 -6.15368e-06
internal_weight=850 830 797 761 741 720 83 61 637 612
internal_count=850 830 797 761 741 720 83 61 637 612
is_linear=0
shrinkage=0.3


Tree=106
num_leaves=22
num_cat=0
split_feature=22 2 3 18 6 19 22 17 11 6 18 27 6 3 16 5 3 15 1 8 12
split_gain=1.54401e-06 3.50142e-06 3.83906e-06 3.55719e-06 8.08168e-06 7.26299e-06 4.25357e-06 5.04338e-06 9.3787e-06 3.73926e-06 3.61436e-06 3.99726e-06 3.34488e-06 3.16541e-06 5.02894e-06 4.01258e-06 4.43673e-06 4.91984e-06 4.06934e-06 3.67278e-06 6.47689e-06
threshold=0.063411000000000009 5.730901628330888 5.4663553237915048 -0.034121226964570976 0.0096356752363828523 0.13250900000000002 0.028830000000000005 0.0068475427703768594 40.740819369355698 -0.010235527183047566 0.15290041132591464 0.89833000000000018 -0.036315371396730696 5.8298316001892099 0.0042150141806909886 0.019048352476054048 5.4189257621765146 0.012635429748320938 5.0027154395593501 -0.088915043819868353 -0.0052385159267584174
decision_type=2 2 2 2 2 2 2 2 2 2 2 2 2 2 2 2 2 2 2 2 2
left_child=1 2 3 6 5 -5 7 8 -1 -8 -7 -12 -2 15 -15 16 17 19 -17 -14 -21
right_child=12 -3 -4 4 -6 10 9 -9 -10 -11 11 -13 13 14 -16 18 -18 -19 -20 20 -22
leaf_value=0.00020217430480572927 0.00012732998230993481 0.00010211825907130593 -0.00014523830547907645 0.00010072856365468396 0.00018513672079104086 4.202207754765961e-05 -2.0783948657481235e-05 -0.00010714616865668852 -5.1422059748022417e-05 -0.0001893997215904227 -0.00018707184048812799 -3.3579952289712945e-05 -0.00010802079936547671 2.7767211369272054e-05 -0.00018242995589389468 -0.00015372035710606722 0.00011946586030382221 0.00014053601265186444 1.9223606614104934e-05 0.00015803171909647059 -8.4132235306332416e-07
leaf_weight=21 21 21 22 36 22 23 20 31 35 29 26 37 25 21 20 25 38 25 24 25 303
leaf_count=21 21 21 22 36 22 23 20 31 35 29 26 37 25 21 20 25 38 25 24 25 303
internal_value=-4.04899e-13 -1.63321e-05 -2.45687e-05 -1.50875e-05 1.77737e-05 -1.24065e-05 -4.98817e-05 -1.00649e-05 4.36766e-05 -0.000120577 -5.97653e-05 -9.69258e-05 1.001e-05 5.14096e-06 -7.4768e-05 1.21867e-05 2.17511e-05 1.19279e-05 -6.90131e-05 2.81969e-06 1.12679e-05
internal_weight=850 323 302 280 144 122 136 87 56 49 86 63 527 506 41 465 416 378 49 353 328
internal_count=850 323 302 280 144 122 136 87 56 49 86 63 527 506 41 465 416 378 49 353 328
is_linear=0
shrinkage=0.3


Tree=107
num_leaves=20
num_cat=0
split_feature=14 12 16 21 3 9 1 22 5 12 13 13 8 11 16 7 11 4 14
split_gain=1.75769e-06 4.88245e-06 7.55172e-06 6.3556e-06 1.21012e-05 6.76066e-06 8.66443e-06 6.16613e-06 4.60831e-06 4.86569e-06 2.7373e-06 3.08348e-06 2.36472e-06 5.60913e-06 4.01534e-06 4.0496e-06 6.43102e-06 4.00381e-06 1.65195e-06
threshold=0.018379033935016154 0.0011708854504810854 0.0081632573621465681 0.33206100000000005 4.7735815048217782 0.0097112456688483659 4.9407063956577062 0.50816250000000018 -0.0032521175210568011 0.0039899090598900329 0.016425874444780046 0.019267621520823591 0.09154380896156955 73.634511189023442 0.018090915482891747 0.0074768287037527007 66.209512967949877 6392950.0000000009 0.01424216574777973
decision_type=2 2 2 2 2 2 2 2 2 2 2 2 2 2 2 2 2 2 2
left_child=1 2 3 5 -5 18 -7 8 -3 -10 -2 -12 13 14 15 16 -13 -17 -1
right_child=10 7 -4 4 -6 6 -8 -9 9 -11 11 12 -14 -15 -16 17 -18 -19 -20
leaf_value=0.00022915569692407226 0.00011136111634977682 9.8706095739296211e-05 -0.00012814604443707955 -0.00014610203355308233 0.00014045543617352712 0.00010865813535267741 -0.00014158214515191502 -0.0001637302675450113 -0.00013992084575988883 3.8771936948478471e-05 -8.9462717770747357e-05 3.0048577414618195e-05 8.8769317575166824e-05 -0.00010479293772923962 -8.8511434460674678e-05 3.9016479237364941e-05 0.0001958195977710167 -6.9491840962576177e-05 0.00011126611031613719
leaf_weight=23 23 22 29 36 21 33 20 39 32 24 29 250 33 38 31 55 23 69 20
leaf_count=23 23 22 29 36 21 33 20 39 32 24 29 250 33 38 31 55 23 69 20
internal_value=2.69879e-13 -1.85192e-05 1.22178e-05 3.88227e-05 -4.05282e-05 8.59373e-05 1.42278e-05 -6.63324e-05 -1.76334e-05 -6.33382e-05 1.00495e-05 5.63626e-06 1.11631e-05 5.66734e-06 1.54746e-05 2.35944e-05 4.40146e-05 -2.13632e-05 0.000174323
internal_weight=850 299 182 153 57 96 53 117 78 56 551 528 499 466 428 397 273 124 43
internal_count=850 299 182 153 57 96 53 117 78 56 551 528 499 466 428 397 273 124 43
is_linear=0
shrinkage=0.3


Tree=108
num_leaves=9
num_cat=0
split_feature=13 13 4 4 11 0 8 8
split_gain=1.52089e-06 2.38109e-06 2.06451e-06 3.87604e-06 2.23827e-06 3.758e-06 3.45116e-06 3.75523e-06
threshold=0.046851132939074482 0.040973239584333077 16884850.000000004 13590350.000000002 85.628207632302505 5.8731740064257663 0.085613064350709353 0.065558087893866204
decision_type=2 2 2 2 2 2 2 2
left_child=1 2 3 4 5 6 7 -1
right_child=-2 -3 -4 -5 -6 -7 -8 -9
leaf_value=-1.1461572969032196e-06 7.4446674000228078e-05 -0.00010188890508808461 -7.4231640576272176e-05 0.00011112982786879252 -9.9666936148423704e-05 0.00011635793662571813 0.00010314695848339598 -0.00010492693616635568
leaf_weight=639 24 21 32 29 20 25 27 33
leaf_count=639 24 21 32 29 20 25 27 33
internal_value=-1.83029e-13 -2.1631e-06 4.38443e-07 3.52957e-06 -6.64524e-07 2.07035e-06 -2.01719e-06 -6.24253e-06
internal_weight=850 826 805 773 744 724 699 672
internal_count=850 826 805 773 744 724 699 672
is_linear=0
shrinkage=0.3


Tree=109
num_leaves=23
num_cat=0
split_feature=10 11 20 15 8 4 4 26 4 12 7 7 17 26 26 5 13 7 7 7 17 18
split_gain=1.42725e-06 2.12872e-06 5.63333e-06 4.11233e-06 2.71283e-06 2.15824e-06 6.99861e-06 6.18109e-06 4.19466e-06 4.83923e-06 3.36788e-06 8.39688e-06 5.91416e-06 4.65021e-06 6.47347e-06 3.70435e-06 3.00978e-06 2.88664e-06 6.7197e-06 2.77106e-06 5.50214e-06 2.85299e-06
threshold=2.1682522634548662 78.451823618019588 0.053715000000000006 0.0020533372237502225 0.076947702431035048 7264200.0000000009 8213500.0000000009 0.88164950000000009 5623750.0000000009 0.0029081674245569037 -0.0040733081500934224 -0.012520613721818416 0.004004004289432395 0.90358900000000009 0.88562450000000015 0.0020855562549158191 0.023585867045511796 -0.0039761699893744546 0.0056605638686329151 -0.025409028368138117 0.0032706974949989489 -0.094330910863419423
decision_type=2 2 2 2 2 2 2 2 2 2 2 2 2 2 2 2 2 2 2 2 2 2
left_child=1 4 -3 -4 5 8 7 -7 10 17 11 15 -13 14 -12 -1 -15 -10 -19 -8 -21 -22
right_child=-2 2 3 -5 -6 6 19 -9 9 -11 13 12 -14 16 -16 -17 -18 18 -20 20 21 -23
leaf_value=1.3605505532617572e-05 7.72376106656988e-05 -0.00018191437853342255 -8.9043958593850098e-05 9.4575313786386369e-05 9.9671304227740617e-05 -4.3243019280379416e-05 9.9227776831867229e-05 -0.00025024541901075281 -3.8718835921335499e-05 0.00016644134624710141 -2.9395901787979454e-05 0.00019361801866098712 2.3435771956883401e-05 0.00012473116418662425 -0.0002103637152686133 -0.00012513722206770989 -3.0067034604144283e-05 0.0001707500489958745 -4.5578132812806871e-05 -0.00012384581259685811 9.002026871501455e-05 -9.3704884780927038e-06
leaf_weight=43 21 21 21 23 25 37 24 20 37 29 161 34 40 26 20 29 20 28 24 31 35 101
leaf_count=43 21 21 21 23 25 37 24 20 37 29 161 34 40 26 20 29 20 28 24 31 35 101
internal_value=2.19262e-13 -1.95656e-06 -5.40753e-05 6.93884e-06 2.47762e-06 -8.10392e-07 -2.36224e-05 -0.000115875 1.07118e-05 6.00113e-05 -4.8843e-06 3.0661e-05 0.000101628 -2.7746e-05 -4.93923e-05 -4.2277e-05 5.74276e-05 2.53318e-05 7.09063e-05 3.90857e-06 -9.79e-06 1.6208e-05
internal_weight=850 829 65 44 764 739 248 57 491 118 373 146 74 227 181 72 46 89 52 191 167 136
internal_count=850 829 65 44 764 739 248 57 491 118 373 146 74 227 181 72 46 89 52 191 167 136
is_linear=0
shrinkage=0.3


Tree=110
num_leaves=20
num_cat=0
split_feature=17 17 17 1 12 1 8 8 27 27 11 1 16 11 11 26 11 5 9
split_gain=1.28037e-06 5.69294e-06 3.49288e-06 3.16799e-06 5.54335e-06 4.16162e-06 4.06708e-06 2.85235e-06 3.13464e-06 3.10981e-06 3.04969e-06 2.78526e-06 3.28138e-06 2.92769e-06 3.09772e-06 2.86716e-06 2.7168e-06 2.53832e-06 2.1463e-06
threshold=0.0083682295313127503 0.0095831673895926499 0.010405828513558731 5.4710878450196185 -0.0004225976676578559 5.2674657507504223 0.053306889867466796 1.4268100589909241e-16 0.93457750000000017 0.87313100000000021 64.077279650509425 5.1858036405743695 0.016823860197538152 80.464698833902148 74.017672863243817 0.18697550000000004 42.700331941538771 0.0044346259262258879 0.029583539844783114
decision_type=2 2 2 2 2 2 2 2 2 2 2 2 2 2 2 2 2 2 2
left_child=3 -2 -3 5 -5 11 -6 8 16 17 -11 12 13 14 15 -1 18 -9 -4
right_child=1 2 7 4 6 -7 -8 9 -10 10 -12 -13 -14 -15 -16 -17 -18 -19 -20
leaf_value=5.0943406873216186e-05 0.00013380666688672961 -0.00010294123821490932 -7.4964696940351753e-05 -0.00016250304671566775 7.9407673426127681e-05 0.00010427830840688494 -8.2391286114529819e-05 8.9004130168177659e-05 0.00013918543173671284 -0.00013452557286655064 4.4517371356454931e-06 -0.00010338827329815103 0.00010740868169705209 9.4961801733006726e-05 -0.0001279935090769868 -1.8939121187571855e-05 9.8084631127466523e-05 -4.8971947990139597e-05 4.7752331200804886e-05
leaf_weight=64 33 26 29 31 27 33 29 30 26 30 27 25 24 24 20 303 26 20 23
leaf_count=64 33 26 29 31 27 33 29 30 26 30 27 25 24 24 20 303 26 20 23
internal_value=4.61234e-14 1.70652e-05 8.10091e-07 -7.94416e-06 -6.07234e-05 1.36982e-06 -4.38107e-06 1.35946e-05 4.89745e-05 -2.07933e-05 -6.86942e-05 -6.01274e-06 -4.16447e-07 -6.7128e-06 -1.30182e-05 -6.75252e-06 1.89042e-05 3.38137e-05 -2.0686e-05
internal_weight=850 270 237 580 87 493 56 211 104 107 57 460 435 411 387 367 78 50 52
internal_count=850 270 237 580 87 493 56 211 104 107 57 460 435 411 387 367 78 50 52
is_linear=0
shrinkage=0.3


Tree=111
num_leaves=27
num_cat=0
split_feature=9 9 27 6 5 12 7 27 18 19 17 18 16 12 11 17 17 14 5 17 8 16 10 14 18 11
split_gain=1.12679e-06 5.66456e-06 7.1067e-06 4.89479e-06 8.57104e-06 3.82622e-06 3.31708e-06 3.41176e-06 2.24469e-06 1.94802e-06 3.17507e-06 4.55062e-06 3.03407e-06 5.27092e-06 4.47463e-06 3.84025e-06 5.16933e-06 3.58659e-06 3.03469e-06 2.98009e-06 3.89327e-06 2.75429e-06 4.40732e-06 3.32856e-06 1.7833e-06 1.60696e-06
threshold=0.0099339421532836352 0.011466575889875952 0.84910850000000015 -1.0000000180025095e-35 0.0019902438648898443 0.00014797583783130404 -0.0043058597456040858 0.89878350000000007 -0.95309064340415417 -0.083297499999999983 0.0020449391242753343 0.11315601241399345 0.0083333616378675653 -0.001844784593253133 29.411696241665421 0.0021436231034958216 0.0065430508739813533 0.030534358084825467 0.0018692069111060949 0.0040404003428604835 0.01712362325960003 1.0000000180025095e-35 0.87431239764346647 0.019665683494903333 -0.15439708140252689 52.688603020580324
decision_type=2 2 2 2 2 2 2 2 2 2 2 2 2 2 2 2 2 2 2 2 2 2 2 2 2 2
left_child=3 2 -2 4 -1 -6 -5 -8 25 12 11 24 13 14 -10 -15 -17 -14 -19 20 -12 22 -21 -23 -11 -3
right_child=1 8 -4 6 5 -7 7 -9 9 10 19 -13 17 15 -16 16 -18 18 -20 21 -22 23 -24 -25 -26 -27
leaf_value=-0.00023317955298768101 0.00019663620783830994 5.0316528722760266e-06 -1.0677181004818217e-06 0.0001174621289010247 8.0982635803262718e-05 -0.00010032017675030146 -7.3774248139179196e-05 6.1147896728412421e-05 1.2722369716097351e-05 -8.5134505265628953e-05 0.0001537942813229165 1.0277430223400838e-05 0.00013587515138417737 0.00012036113629879504 -0.00016911208801722184 -0.00010231649422084128 4.3476892871974715e-05 -7.0529180886850273e-05 8.5321785635724979e-05 -2.630929886092073e-05 -2.9090136558806988e-05 -0.00014004726083210418 0.00014848613850972469 -2.1821104462001356e-05 -0.00020003520261525407 0.00012529246378107926
leaf_weight=23 30 20 36 24 22 20 37 31 21 31 22 35 33 28 29 33 65 23 22 37 20 26 20 122 20 20
leaf_count=23 30 20 36 24 22 20 37 31 21 31 22 35 33 28 29 33 65 23 22 37 20 26 20 122 20 20
internal_value=2.67231e-14 5.19897e-06 8.87977e-05 -2.29483e-05 -8.59679e-05 -5.35204e-06 2.15764e-05 -1.22656e-05 -3.6009e-06 -8.28662e-06 -2.33802e-05 -7.30252e-05 1.15015e-05 -1.03262e-05 -9.27416e-05 2.23783e-05 -5.6168e-06 6.07537e-05 5.66462e-06 -6.09495e-06 6.67065e-05 -2.10104e-05 3.50224e-05 -4.25906e-05 -0.000130194 6.51621e-05
internal_weight=850 693 66 157 65 42 92 68 627 587 333 86 254 176 50 126 98 78 45 247 42 205 57 148 51 40
internal_count=850 693 66 157 65 42 92 68 627 587 333 86 254 176 50 126 98 78 45 247 42 205 57 148 51 40
is_linear=0
shrinkage=0.3


Tree=112
num_leaves=18
num_cat=0
split_feature=18 18 15 15 9 14 27 5 5 3 27 14 18 5 26 4 22
split_gain=1.26104e-06 2.27847e-06 1.46797e-06 3.81151e-06 4.53127e-06 3.08892e-06 2.19998e-06 6.053e-06 3.68778e-06 3.69111e-06 3.03803e-06 2.7037e-06 3.05243e-06 3.57196e-06 3.051e-06 2.15472e-06 3.06134e-06
threshold=-1.1347832220671636 -0.95309064340415417 -0.0086786433009053612 -0.013384527021778782 0.021462653193294438 0.025975797769574021 0.94022200000000011 -0.0019231337727346205 0.0037106087174468712 5.0299022197723398 0.93312550000000016 0.010036817059851202 -0.52957601102982077 0.0035292396800090256 0.60336600000000007 10972350.000000002 0.46685150000000003
decision_type=2 2 2 2 2 2 2 2 2 2 2 2 2 2 2 2 2
left_child=-1 -2 3 5 -5 -3 10 -8 -9 -10 11 -4 13 -13 -14 16 -7
right_child=1 2 6 4 -6 15 7 8 9 -11 -12 12 14 -15 -16 -17 -18
leaf_value=-6.2608353242207425e-05 9.3208416080869933e-05 9.5318747636546122e-05 9.4651284134963657e-05 -1.2483324098866431e-05 -0.00016756583150709048 -0.00010686973609326004 9.2642667429269443e-05 -0.00017616589563079866 -9.9625495305885766e-05 4.7462389032456749e-05 0.00010105121776307766 1.8990607350133357e-05 -1.3166979156059436e-05 -0.00014675494335824623 4.204187698112683e-05 4.2438665743822255e-05 1.359233990744822e-05
leaf_weight=28 24 28 31 39 30 37 27 22 34 28 35 22 197 25 166 38 39
leaf_count=28 24 28 31 39 30 37 27 22 34 28 35 22 197 25 166 38 39
internal_value=2.95318e-14 2.13264e-06 -6.06476e-07 -2.20678e-05 -7.99105e-05 6.03884e-06 7.10791e-06 -3.09245e-05 -7.06425e-05 -3.31987e-05 1.59768e-05 9.22487e-06 2.7658e-06 -6.91719e-05 1.208e-05 -1.58896e-05 -4.50537e-05
internal_weight=850 822 798 211 69 142 587 111 84 62 476 441 410 47 363 114 76
internal_count=850 822 798 211 69 142 587 111 84 62 476 441 410 47 363 114 76
is_linear=0
shrinkage=0.3


Tree=113
num_leaves=21
num_cat=0
split_feature=14 14 7 7 10 10 9 9 27 15 26 26 7 0 16 11 26 0 15 4
split_gain=1.51547e-06 1.99887e-06 1.81308e-06 6.56388e-06 4.7813e-06 3.98933e-06 5.53445e-06 4.59259e-06 2.92013e-06 5.15377e-06 2.79872e-06 6.73483e-06 4.29029e-06 4.28689e-06 3.03328e-06 4.03219e-06 4.11407e-06 5.17491e-06 3.31724e-06 2.27302e-06
threshold=0.0082219946604859869 0.010036817059851202 0.0042284173826080537 0.0059765104137256162 1.8053182538887269 1.0074252244117343 0.032147994160485346 0.017937386240235179 0.93333850000000018 -0.0035781004390709197 0.27659850000000002 0.18697550000000004 -0.014658094766396514 4.6757491967021814 0.017339974592913622 72.899527143775359 0.7877145000000001 5.1798374152497741 0.011808857016462495 10043300.000000002
decision_type=2 2 2 2 2 2 2 2 2 2 2 2 2 2 2 2 2 2 2 2
left_child=-1 -2 10 -4 5 8 7 -7 19 -10 11 12 -3 -14 15 16 17 -12 -18 -5
right_child=1 2 3 4 -6 6 -8 -9 9 -11 14 -13 13 -15 -16 -17 18 -19 -20 -21
leaf_value=-7.2768424968671749e-05 9.3575338645937977e-05 8.1231191231927776e-05 0.00018437966168676211 1.3689744127216311e-05 0.00014774825816857626 -3.1326071848525316e-05 5.0643026177409493e-05 -0.00022746485794248821 0.00018392640868905403 -1.2848908503656275e-05 3.0230880851433992e-05 -0.00020152205657227154 2.932963486403293e-05 -0.00012625594824163959 -0.00010011636112199085 -8.3286977825572156e-05 -2.5690208928926402e-05 0.00018111039676463965 7.1539721872026206e-05 -8.4299049907398364e-05
leaf_weight=25 21 28 20 118 20 21 23 22 23 25 96 22 28 37 25 39 166 26 39 26
leaf_count=25 21 28 20 118 20 21 23 22 23 25 96 22 28 37 25 39 166 26 39 26
internal_value=3.36461e-13 2.2051e-06 -1.81432e-07 1.83825e-05 6.44021e-06 -4.5139e-06 -6.81407e-05 -0.000131676 1.73578e-05 8.14393e-05 -1.11143e-05 -5.22544e-05 -1.69437e-05 -5.92345e-05 9.85699e-07 7.89158e-06 1.87661e-05 6.23855e-05 -7.19281e-06 -4.00268e-06
internal_weight=850 825 804 298 278 258 66 43 192 48 506 115 93 65 391 366 327 122 205 144
internal_count=850 825 804 298 278 258 66 43 192 48 506 115 93 65 391 366 327 122 205 144
is_linear=0
shrinkage=0.3


Tree=114
num_leaves=23
num_cat=0
split_feature=16 21 1 21 18 0 26 20 18 16 18 6 19 19 18 18 15 7 4 9 6 20
split_gain=1.33171e-06 3.13197e-06 5.62209e-06 3.3607e-06 2.86651e-06 2.68916e-06 2.66478e-06 3.03181e-06 2.54969e-06 4.43942e-06 2.41824e-06 6.17804e-06 2.45408e-06 8.36627e-06 5.60067e-06 6.26832e-06 3.92662e-06 2.07123e-06 2.05907e-06 1.55946e-06 2.96172e-06 1.64046e-06
threshold=0.0019047670857783956 0.027332500000000003 4.9445794815484216 0.029330000000000005 -0.37568828797675946 4.6203435016185734 0.38048550000000009 0.89816600000000013 0.69083679943530163 0.0055969649671484345 0.47484010959019501 -1.0000000180025095e-35 0.19901300000000002 0.31486700000000006 0.32530017332129207 -0.059146842663714276 -0.0035781004390709197 0.0059765104137256162 3016600.0000000005 0.014176727848020456 -0.0017226430446019225 0.24134300000000003
decision_type=2 2 2 2 2 2 2 2 2 2 2 2 2 2 2 2 2 2 2 2 2 2
left_child=4 2 5 -3 18 -2 17 19 10 -10 12 -12 14 -14 15 -5 -15 -6 -1 -8 -21 -22
right_child=1 3 -4 8 6 -7 7 -9 9 -11 11 -13 13 16 -16 -17 -18 -19 -20 20 21 -23
leaf_value=-2.8289316626548744e-05 -6.009569501063948e-05 0.00013288170183451648 -0.00015660625450339335 9.4127697706551708e-06 8.3058514312142506e-05 8.345633216322311e-05 -2.747546944842075e-05 4.0002801625118791e-05 4.3659237371684866e-05 -0.00011928091496161762 0.00020938247314916225 -7.3534133568092988e-06 -0.00019480671315769929 9.8728685936128556e-05 -9.2346026631275893e-05 0.00011624284074787283 -1.9513277884976156e-05 -4.4742700837170042e-05 9.1716594104054229e-05 -0.00019380544354530486 -0.00012207153962151551 -1.5185449072825056e-05
leaf_weight=22 23 21 28 145 25 24 35 23 27 34 20 29 21 33 30 75 108 21 31 23 24 28
leaf_count=22 23 21 28 145 25 24 35 23 27 34 20 29 21 33 30 75 108 21 31 23 24 28
internal_value=-2.71966e-13 7.27556e-06 -5.01897e-05 1.52127e-05 -1.93806e-05 1.32075e-05 -3.7526e-05 -5.90527e-05 1.04789e-05 -4.71599e-05 1.81058e-05 8.11102e-05 1.06125e-05 -1.81502e-05 2.92507e-05 4.58321e-05 8.16037e-06 2.47145e-05 4.19028e-05 -7.97643e-05 -0.000104166 -6.45175e-05
internal_weight=850 618 75 543 232 47 179 133 522 61 461 49 412 162 250 220 141 46 53 110 75 52
internal_count=850 618 75 543 232 47 179 133 522 61 461 49 412 162 250 220 141 46 53 110 75 52
is_linear=0
shrinkage=0.3


Tree=115
num_leaves=20
num_cat=0
split_feature=13 26 13 13 12 16 14 11 13 27 15 14 4 9 21 8 18 9 18
split_gain=1.51502e-06 3.94035e-06 2.66867e-06 1.80864e-06 6.90943e-06 1.77541e-06 6.15147e-06 3.99747e-06 3.47539e-06 5.32346e-06 4.82374e-06 3.10563e-06 2.96814e-06 3.35946e-06 2.31631e-06 3.56437e-06 2.21696e-06 2.11421e-06 1.75783e-06
threshold=0.013755597340872816 0.6516645000000002 0.014820282243353305 0.017882871930403655 -0.0004225976676578559 0.0021413353646270008 0.014359024677081398 15.40455069074387 0.025530324435868036 0.83358900000000002 -0.010296996243293251 0.017021311781104536 5121050.0000000009 0.037724681774513498 0.026284500000000006 -8.9338259012805553e-17 -0.0092835826418343984 0.019481345686610644 0.01825165033433163
decision_type=2 2 2 2 2 2 2 2 2 2 2 2 2 2 2 2 2 2 2
left_child=1 -1 -2 4 -4 8 -7 -8 9 -5 -11 -10 17 -14 -13 -16 -12 -9 -6
right_child=2 -3 3 5 18 6 7 12 11 10 16 14 13 -15 15 -17 -18 -19 -20
leaf_value=3.7163712950132325e-05 8.7721059165346554e-05 -0.00015115292895643507 -0.00014337356609757989 -0.00017953990946989505 -3.1940691296767906e-05 0.00013277873629310822 -0.0001257686729877605 7.7089105540532417e-07 -8.0493664750570633e-05 -0.00011413183145060461 -3.0301741286393732e-05 0.00011769444457889261 1.6892652063985032e-05 0.00011692629912951295 7.549675764810514e-05 -3.5500131916705867e-05 0.00010493852291801885 -8.1418918755555683e-05 8.7384117854526257e-05
leaf_weight=20 32 20 35 25 20 37 20 90 27 29 20 23 221 35 46 60 24 41 25
leaf_count=20 32 20 35 25 20 37 20 90 27 29 20 23 221 35 46 60 24 41 25
internal_value=-1.71413e-13 -5.69946e-05 2.81455e-06 -6.7775e-07 -4.34036e-05 4.21919e-06 1.56629e-05 5.01604e-06 -1.57848e-05 -6.00595e-05 -1.91416e-05 1.20288e-05 1.17749e-05 3.05691e-05 3.13939e-05 1.26683e-05 4.34657e-05 -2.49526e-05 3.43509e-05
internal_weight=850 40 810 778 80 698 444 407 254 98 73 156 387 256 129 106 44 131 45
internal_count=850 40 810 778 80 698 444 407 254 98 73 156 387 256 129 106 44 131 45
is_linear=0
shrinkage=0.3


Tree=116
num_leaves=26
num_cat=0
split_feature=0 0 27 9 20 21 15 19 16 15 17 6 1 6 2 22 6 22 14 13 17 22 10 9 28
split_gain=1.00189e-06 3.44619e-06 2.72149e-06 3.17584e-06 3.28262e-06 3.0541e-06 2.87154e-06 2.6983e-06 2.55954e-06 2.00994e-06 4.27167e-06 2.31407e-06 4.09854e-06 4.09216e-06 3.87161e-06 3.82903e-06 3.60274e-06 3.52808e-06 4.16817e-06 3.01051e-06 4.12671e-06 4.00139e-06 2.87289e-06 2.20309e-06 1.92352e-06
threshold=5.0938399867588195 5.168210396078881 0.95191000000000014 0.010765814209202957 0.16711000000000001 0.080168500000000018 -0.0084211525968820294 -0.16477549999999999 0.005194835093966216 0.020495149225999047 0.0041237074886147406 0.0090228990092063432 4.7472716043980334 0.019048352476054048 4.871584742863754 0.014146000000000001 -0.0041495003736200476 0.042681000000000004 0.022374817212263115 0.019650784512001224 0.004255315263436356 0.37295250000000008 -0.12421331386951794 0.018375105062147803 1.0000000180025095e-35
decision_type=2 2 2 2 2 2 2 2 2 2 2 2 2 2 2 2 2 2 2 2 2 2 2 2 2
left_child=9 -2 3 -3 6 8 -5 -8 -6 11 -11 14 13 -13 15 -1 19 -18 -19 21 -21 -17 -16 -14 -7
right_child=1 2 -4 4 5 24 7 -9 -10 10 -12 12 23 -15 22 16 17 18 -20 20 -22 -23 -24 -25 -26
leaf_value=-0.00011392693252543851 -0.00012438091409876505 0.00011720757808819014 -0.00010427205267081841 -3.8408655590111653e-05 7.6984057074014331e-05 -0.00015835788298659281 0.00014089111940346151 -3.1141691059539357e-07 -6.8330129652167669e-05 0.00013741375872996286 -3.0494103964883831e-05 0.00015420330654632305 -7.5569086203036172e-05 3.6918568216135789e-06 0.00015374365561910964 4.0698852648472825e-06 4.0650355899393058e-05 -0.00010532022705450157 -1.7607381701017417e-06 -7.8383557473154565e-05 3.7633535424598034e-05 0.00016784758966241497 9.0680424727906927e-06 4.6974166940819249e-05 -3.5548433780521999e-05
leaf_weight=35 24 21 22 28 24 24 29 21 20 30 25 37 31 29 21 29 39 82 61 44 74 25 30 23 22
leaf_count=35 24 21 22 28 24 24 29 21 20 30 25 37 31 29 21 29 39 82 61 44 74 25 30 23 22
internal_value=1.17285e-13 -1.66619e-05 -4.40951e-06 7.21471e-06 -6.5344e-06 -4.55738e-05 3.8511e-05 8.15861e-05 1.09322e-05 6.36674e-06 6.1092e-05 9.91942e-07 3.79196e-05 8.80695e-05 -9.07923e-06 -1.92687e-05 -9.90983e-06 -3.93313e-05 -6.11445e-05 2.12222e-05 -5.62708e-06 7.98929e-05 6.86404e-05 -2.33747e-05 -9.96229e-05
internal_weight=850 235 211 189 168 90 78 50 44 615 55 560 120 66 440 389 354 182 143 172 118 54 51 54 46
internal_count=850 235 211 189 168 90 78 50 44 615 55 560 120 66 440 389 354 182 143 172 118 54 51 54 46
is_linear=0
shrinkage=0.3


Tree=117
num_leaves=16
num_cat=0
split_feature=18 18 16 4 12 25 22 9 14 1 15 7 7 22 5
split_gain=7.64521e-07 1.1779e-06 4.55766e-06 1.83961e-06 3.23535e-06 1.59886e-06 4.57551e-06 5.79712e-06 2.97266e-06 1.7603e-06 2.79396e-06 1.98133e-06 1.59419e-06 2.24374e-06 1.51563e-06
threshold=1.1998820059431126 0.75460852550239355 0.0042150141806909886 16035900.000000002 -0.012831669398101679 0.41666650000000005 0.14458600000000002 0.012632514008531855 0.010593257828671815 4.6572696163511118 -0.013750837790210345 -0.0043861480721382297 0.014122318116620526 0.011663500000000002 0.0018867903914715955
decision_type=2 2 2 2 2 2 2 2 2 2 2 2 2 2 2
left_child=1 3 -3 4 -1 6 12 -8 -7 11 -11 -10 13 -6 -14
right_child=-2 2 -4 -5 5 8 7 -9 9 10 -12 -13 14 -15 -16
leaf_value=-0.000109735156138413 5.2782602142542598e-05 3.6553541780574898e-05 -0.00013823795306961982 7.6951362033079407e-05 7.0085710649436803e-05 -0.00012539548495624331 0.00021021901528634455 1.2763316522068634e-05 -2.8698815070379952e-05 -9.5943871883719112e-05 -4.8692717413700839e-06 7.0618579047732052e-05 6.1497816516618644e-06 -1.6741561637536508e-05 0.00010286383487982675
leaf_weight=24 24 29 25 28 30 20 23 32 29 36 192 48 35 250 25
leaf_count=24 24 29 25 28 30 20 23 32 29 36 192 48 35 250 25
internal_value=2.84806e-13 -1.53363e-06 -4.43684e-05 1.46258e-06 -1.37839e-06 2.2335e-06 1.50569e-05 9.53357e-05 -1.33519e-05 -6.00477e-06 -1.92495e-05 3.32133e-05 2.07064e-06 -7.43864e-06 4.64473e-05
internal_weight=850 826 54 772 744 720 395 55 325 305 228 77 340 280 60
internal_count=850 826 54 772 744 720 395 55 325 305 228 77 340 280 60
is_linear=0
shrinkage=0.3


Tree=118
num_leaves=26
num_cat=0
split_feature=9 14 7 7 14 14 3 9 14 11 12 2 7 20 14 7 12 12 6 5 5 10 19 20 16
split_gain=9.87162e-07 2.55262e-06 2.32857e-06 2.82177e-06 5.56988e-06 1.78675e-06 1.40431e-06 1.3956e-06 1.76473e-06 2.21385e-06 5.97341e-06 3.23576e-06 3.14008e-06 2.27387e-06 1.91791e-06 3.18335e-06 3.63115e-06 3.96051e-06 1.99703e-06 1.98343e-06 2.86715e-06 2.11845e-06 3.02648e-06 2.28471e-06 1.98356e-06
threshold=0.0099339421532836352 0.009855437639356545 -0.0076926732270087804 -1.0000000180025095e-35 0.012332991990728978 0.01619438349420271 4.7251679897308358 0.010322247079185642 0.018442604930066175 52.4999935406939 0.0019006190262699479 4.8512970820096637 -0.0056445174150736334 0.18431750000000002 0.025975797769574021 0.0074768287037527007 0.0025758300427018549 -0.0041726779008394955 0.0076702910981556053 0.01035388128145674 0.018692129159024334 -0.7643401667942481 0.72352000000000005 0.026983500000000004 0.0081632573621466652
decision_type=2 2 2 2 2 2 2 2 2 2 2 2 2 2 2 2 2 2 2 2 2 2 2 2 2
left_child=2 -2 -1 -4 -5 -6 -7 -3 9 12 -11 -12 -9 -14 15 16 17 -10 -17 21 -21 23 -23 -16 -22
right_child=1 7 3 4 5 6 -8 8 14 10 11 -13 13 -15 19 18 -18 -19 -20 20 24 22 -24 -25 -26
leaf_value=-9.3689197797175439e-05 9.8982743438682518e-05 7.9396329892915662e-05 6.7877622063861048e-05 -0.00016263187930317972 7.6920486810649899e-05 2.5299741059701891e-05 -8.3394793623483562e-05 -0.00015943945952486777 0.00011041973773371277 0.00012065840294073698 -0.00010339913584859137 3.3948453130086324e-05 4.3020970643619481e-05 -9.0378794313595713e-05 5.9698276254493975e-05 1.9392020327623252e-05 0.00014235362446925136 -2.6593686127352136e-05 -0.00010219943981610414 -0.0001352751191668424 -4.9462453119038705e-05 1.5891979363356855e-05 0.00014198516203448109 -4.6647072027553805e-05 4.3895049483663483e-05
leaf_weight=32 25 20 36 22 24 23 20 23 31 27 38 26 23 23 24 31 35 49 20 22 54 93 21 75 33
leaf_count=32 25 20 36 22 24 23 20 23 31 27 38 26 23 23 24 31 35 49 20 22 54 93 21 75 33
internal_value=-7.23048e-14 4.86619e-06 -2.14794e-05 -2.99374e-06 -3.16608e-05 1.13446e-05 -2.52559e-05 1.34387e-06 -1.06516e-06 -2.84067e-05 2.32164e-06 -4.76017e-05 -6.89324e-05 -2.36789e-05 7.89927e-06 3.40931e-05 6.17591e-05 2.6499e-05 -2.82909e-05 -5.6044e-06 -3.85182e-05 1.12388e-05 3.91197e-05 -2.08664e-05 -1.4051e-05
internal_weight=850 693 157 125 89 67 43 668 648 160 91 64 69 46 488 166 115 80 51 322 109 213 114 99 87
internal_count=850 693 157 125 89 67 43 668 648 160 91 64 69 46 488 166 115 80 51 322 109 213 114 99 87
is_linear=0
shrinkage=0.3


Tree=119
num_leaves=16
num_cat=0
split_feature=2 22 18 2 7 18 13 1 10 20 6 4 10 13 27
split_gain=8.62186e-07 2.8825e-06 3.76519e-06 1.48928e-06 1.20655e-06 1.36881e-06 1.44783e-06 4.83105e-06 1.91351e-06 1.84674e-06 1.44268e-06 2.95149e-06 2.2706e-06 1.16511e-06 1.65825e-06
threshold=5.7165463556765062 0.06259350000000001 0.21037024857837675 5.6202653665892255 0.022372878459104253 -1.0849231198198945 0.034545558628813609 4.9407063956577062 -0.92149778788410253 0.94019100000000011 -0.0068787841793001596 2657600.0000000005 -1.620451094540275 0.031397971968234441 0.89361550000000012
decision_type=2 2 2 2 2 2 2 2 2 2 2 2 2 2 2
left_child=3 -2 -3 4 5 -1 9 8 -8 10 12 -12 -7 14 -6
right_child=1 2 -4 -5 13 6 7 -9 -10 -11 11 -13 -14 -15 -16
leaf_value=-6.5988264032057481e-05 6.4361695522165973e-05 -0.00013761421883828006 3.0430230135607418e-05 8.1670802137523418e-05 -0.00013134377053916068 0.00013536674938222857 -4.391658314691287e-05 -0.00012942783803674532 5.9978462545237003e-05 -6.7118717284756713e-05 6.7473007064362437e-05 -4.2573342521937512e-06 2.6841901866757448e-05 1.0393381146261364e-05 -9.1788198733411261e-06
leaf_weight=24 20 30 20 21 20 20 27 29 39 25 61 336 131 27 20
leaf_count=24 20 30 20 21 20 20 27 29 39 25 61 336 131 27 20
internal_value=2.96843e-13 -3.18941e-05 -7.03964e-05 2.86229e-06 6.8182e-07 4.40366e-06 6.93271e-06 -2.73684e-05 1.74759e-05 1.26196e-05 1.62573e-05 6.7642e-06 4.12161e-05 -3.77587e-05 -7.02613e-05
internal_weight=850 70 50 780 759 692 668 95 66 573 548 397 151 67 40
internal_count=850 70 50 780 759 692 668 95 66 573 548 397 151 67 40
is_linear=0
shrinkage=0.3


Tree=120
num_leaves=24
num_cat=0
split_feature=12 9 27 20 12 14 12 2 20 14 13 10 14 2 27 10 13 12 10 18 20 26 11
split_gain=9.27907e-07 1.16015e-06 1.31676e-06 3.03117e-06 2.15315e-06 2.82713e-06 2.6082e-06 2.49566e-06 2.05493e-06 1.85009e-06 3.31113e-06 2.37493e-06 4.42444e-06 3.68694e-06 3.55312e-06 3.32188e-06 2.34945e-06 2.73218e-06 2.24488e-06 2.03546e-06 2.30157e-06 1.71648e-06 1.46984e-06
threshold=-0.016009718161490129 0.044741577055879243 0.84507700000000019 0.80144150000000014 0.0060672499844015996 0.010036817059851202 0.0037741114328290965 5.3449904369066745 0.29500300000000007 0.032472733145836256 0.029621316819563575 0.32983207659205743 0.024270792816219692 5.5658523068913404 0.91994950000000009 1.0399873670744781 0.016663627791592393 0.0032570789862277202 -0.94287409125692923 -0.061920380327033335 0.053715000000000006 0.85852150000000005 55.267517711881986
decision_type=2 2 2 2 2 2 2 2 2 2 2 2 2 2 2 2 2 2 2 2 2 2 2
left_child=-1 2 3 4 5 -2 7 -7 -6 11 -11 13 14 16 15 -13 18 -18 -4 -12 -21 -14 -16
right_child=1 -3 9 -5 8 6 -8 -9 -10 10 19 12 21 -15 22 -17 17 -19 -20 20 -22 -23 -24
leaf_value=6.3853991000542004e-05 9.5312584333283743e-05 -5.5808249330499055e-05 -1.5253798492267379e-05 0.00012352584334704179 0.00011618600683818684 -1.7029448101236248e-05 -0.00011320933888121296 8.8533760382510389e-05 -3.8906959616724636e-06 9.8665237848419215e-05 4.7945909152688194e-05 0.00017872382622954319 -0.00013624001989650684 -0.00016179849026229932 -7.5204989771009408e-05 2.6623360326993861e-05 5.6651805505560004e-06 -0.00011309042678021795 -0.00015268125969906458 1.5520544402534141e-05 -0.00012840356495871674 -1.4944080040939818e-05 2.0493789511769697e-05
leaf_weight=20 23 34 20 22 29 163 22 23 23 37 29 24 21 20 20 28 136 20 23 20 20 21 52
leaf_count=20 23 34 20 22 29 163 22 23 23 37 29 24 21 20 20 28 136 20 23 20 20 21 52
internal_value=-4.41011e-13 -1.53865e-06 7.79397e-07 1.62608e-05 7.92215e-06 -4.49324e-06 -1.55295e-05 -3.97593e-06 6.30752e-05 -8.83735e-06 2.62583e-05 -1.85001e-05 8.56348e-06 -3.9014e-05 3.70678e-05 9.68236e-05 -2.66738e-05 -9.5599e-06 -8.87615e-05 -1.25685e-05 -5.64415e-05 -7.5592e-05 -6.0892e-06
internal_weight=850 830 796 305 283 231 208 186 52 491 106 385 166 219 124 52 199 156 43 69 40 42 72
internal_count=850 830 796 305 283 231 208 186 52 491 106 385 166 219 124 52 199 156 43 69 40 42 72
is_linear=0
shrinkage=0.3


Tree=121
num_leaves=27
num_cat=0
split_feature=14 0 13 4 13 6 11 14 14 10 5 15 8 13 13 7 17 7 7 4 14 4 4 15 17 19
split_gain=7.32811e-07 9.08722e-07 2.29173e-06 2.56811e-06 2.5328e-06 2.33255e-06 1.81126e-06 2.13364e-06 1.75198e-06 1.59482e-06 1.25988e-06 2.64897e-06 1.82864e-06 3.84402e-06 5.3172e-06 3.4102e-06 3.2749e-06 1.72767e-06 1.32637e-06 3.62217e-06 4.47931e-06 2.44242e-06 2.7614e-06 1.14844e-06 1.14087e-06 9.44556e-07
threshold=0.0081883324123904703 5.0938399867588195 0.026804070059868932 5352200.0000000009 0.02454012938764211 0.0044346259262258879 42.297554014604152 0.02266096368618618 0.041461054378836411 2.1496408458761853 0.0039918442463511448 0.0041840962444884573 -0.013490675185917341 0.021678686936764079 0.029370451587186892 -1.0000000180025095e-35 0.0072919689631933318 0.0040899567986331983 -0.0020790236406132367 3499500.0000000005 0.018793075001858697 2511950.0000000005 8213500.0000000009 -0.0018622092952177433 0.0039722735306174763 0.065680500000000017
decision_type=2 2 2 2 2 2 2 2 2 2 2 2 2 2 2 2 2 2 2 2 2 2 2 2 2 2
left_child=-1 9 3 -3 5 -5 25 -8 23 10 11 18 16 24 17 -16 -12 -15 19 -2 -21 -20 -23 -9 -14 -4
right_child=1 2 6 4 -6 -7 7 8 -10 -11 12 -13 13 14 15 -17 -18 -19 21 20 -22 22 -24 -25 -26 -27
leaf_value=-5.5344623940202704e-05 7.2206418190035043e-05 3.2768035117232312e-05 2.8520436978357356e-06 2.8134458218119107e-05 -0.0001501526828077557 -0.00010424591993163947 0.00011277220528427277 -7.6643381855287114e-05 8.1012821829062881e-05 9.0861876551571192e-05 8.7102478348881685e-05 0.00010411675617173646 -5.204619998819128e-05 0.0001446795697120251 -0.00015647382454915258 1.2907794829832551e-05 -4.8884358926670755e-05 2.5663836593435994e-05 -6.1803379685443355e-05 -0.00013747234556977936 -1.6332017686501195e-06 5.4827341597436835e-05 -4.4128038960831958e-05 2.1438627498520708e-05 -0.00013329114055328058 -8.6291614243236831e-05
leaf_weight=21 33 26 23 25 27 23 24 21 20 20 37 28 35 21 20 23 28 23 26 31 74 140 31 22 28 20
leaf_count=21 33 26 23 25 27 23 24 21 20 20 37 28 35 21 20 23 28 23 26 31 74 140 31 22 28 20
internal_value=-1.70229e-13 1.40197e-06 -1.4579e-05 -4.84797e-05 -7.66456e-05 -3.52978e-05 1.17592e-05 3.66543e-05 7.65707e-06 7.57524e-06 4.69335e-06 1.54726e-05 -1.3506e-05 -3.17188e-05 9.14876e-06 -6.58744e-05 2.85235e-05 8.24668e-05 8.06353e-06 -1.44905e-05 -4.17381e-05 2.38628e-05 3.68881e-05 -2.64619e-05 -8.81551e-05 -3.86101e-05
internal_weight=850 829 231 101 75 48 130 87 63 598 578 363 215 150 87 43 65 44 335 138 105 197 171 43 63 43
internal_count=850 829 231 101 75 48 130 87 63 598 578 363 215 150 87 43 65 44 335 138 105 197 171 43 63 43
is_linear=0
shrinkage=0.3


Tree=122
num_leaves=24
num_cat=0
split_feature=4 4 13 7 13 14 4 7 13 4 13 13 6 4 5 16 15 16 10 20 17 3 1
split_gain=7.13383e-07 3.62386e-06 3.14879e-06 4.33102e-06 2.99618e-06 3.02927e-06 2.65731e-06 2.14465e-06 5.26694e-06 3.99872e-06 2.26545e-06 3.06863e-06 2.19671e-06 2.32483e-06 1.99641e-06 1.95657e-06 2.3168e-06 2.26485e-06 2.94099e-06 2.46022e-06 2.13491e-06 1.7277e-06 1.30274e-06
threshold=4429250.0000000009 4616350.0000000009 0.017613722298805121 -0.002046961470181559 0.020688408499268698 0.020491783255629056 3892900.0000000005 -0.0096156468420627913 0.02631649014468988 5121050.0000000009 0.025530324435868036 0.022680274281692159 -0.019145497309066558 8580250.0000000019 -0.0058580367641417322 0.0067912434573642383 -1.0000000180025095e-35 0.0041407828659275952 -0.35865914659571124 0.24862000000000004 0.0064882381853232354 4.7365529537200937 4.7362356127136946
decision_type=2 2 2 2 2 2 2 2 2 2 2 2 2 2 2 2 2 2 2 2 2 2 2
left_child=6 -2 3 -3 5 -4 15 8 -6 -9 11 -11 -10 -14 -12 17 -17 19 -19 20 -1 -21 -8
right_child=1 2 4 -5 7 -7 22 9 12 10 14 -13 13 -15 -16 16 -18 18 -20 21 -22 -23 -24
leaf_value=-8.7897457399920201e-05 0.00012025551873193763 -0.00016969992504362546 0.00017026675070610508 -1.6144936401551112e-06 0.00017175619723275304 7.127812724710175e-06 -2.8579517837332221e-05 -0.00013810560572632573 -8.2133508858532874e-05 3.1451762790241515e-05 4.9093202600411734e-05 -9.9104371787858358e-05 8.0495222258522087e-05 -1.6321057231909101e-05 -9.9485998512537824e-06 3.5890804883820235e-05 -9.2105718727647655e-05 -1.170949508832564e-05 0.00014007250601935083 4.2911227471966022e-06 2.6392992594992389e-05 0.00011373141719786873 -0.00011434769147220843
leaf_weight=38 24 22 20 37 21 21 37 21 20 26 83 43 41 49 136 20 35 20 27 37 24 20 28
leaf_count=38 24 22 20 37 21 21 37 21 20 26 83 43 41 49 136 20 35 20 27 37 24 20 28
internal_value=6.84027e-14 6.18895e-06 1.11932e-06 -6.42904e-05 9.14255e-06 8.67078e-05 -1.22048e-05 1.91488e-06 3.40823e-05 -1.17224e-05 -2.507e-06 -4.99093e-05 7.79911e-06 2.77841e-05 1.2428e-05 3.47788e-06 -4.55615e-05 1.97259e-05 7.54844e-05 -2.2964e-06 -4.3656e-05 4.26912e-05 -6.55258e-05
internal_weight=850 564 540 59 481 41 286 440 131 309 288 69 110 90 219 221 55 166 47 119 62 57 65
internal_count=850 564 540 59 481 41 286 440 131 309 288 69 110 90 219 221 55 166 47 119 62 57 65
is_linear=0
shrinkage=0.3


Tree=123
num_leaves=23
num_cat=0
split_feature=7 4 14 12 18 9 12 3 14 20 27 13 13 11 13 20 27 7 22 9 7 3
split_gain=6.0238e-07 1.33973e-06 1.34117e-06 7.59516e-07 2.58923e-06 1.91355e-06 1.77871e-06 4.0064e-06 2.40185e-06 1.41095e-06 1.39075e-06 9.51502e-07 4.50836e-06 2.03322e-06 1.979e-06 2.33734e-06 2.40551e-06 3.16093e-06 1.69371e-06 1.52742e-06 2.71644e-06 1.33058e-06
threshold=0.020752368287786819 8232350.0000000009 0.024270792816219692 0.0043693844343685225 0.45016992525859451 0.018018618229661901 0.002548131084089886 4.6790781021118173 0.023054754669891066 0.58381800000000006 0.89300950000000012 0.025485879944695793 0.026900681849834993 15.40455069074387 0.023037923959706229 0.014917000000000001 0.79886200000000007 0.0017290011725864861 0.028830000000000005 0.016653622039874839 -1.0000000180025095e-35 5.212588071823121
decision_type=2 2 2 2 2 2 2 2 2 2 2 2 2 2 2 2 2 2 2 2 2 2
left_child=3 2 -2 6 5 -5 11 -8 -9 10 -7 14 -13 -14 15 -1 17 -17 -18 20 -15 -21
right_child=1 -3 -4 4 -6 9 7 8 -10 -11 -12 12 13 19 -16 16 18 -19 -20 21 -22 -23
leaf_value=9.8190398265955988e-05 -0.00010094925918464368 1.896725954723549e-05 -4.5191370045358776e-06 -7.112511736977466e-05 -9.3639843561827394e-05 8.4226095266576775e-05 0.00014575647832176539 -7.2872455480550835e-05 6.7311447231655945e-05 -4.606017690093722e-05 -4.843986640811305e-07 0.00014833068749534764 -7.5910582577657444e-05 -0.00010162811839836649 -7.2816390525076716e-05 9.5106037798149587e-05 1.645562838348269e-05 -2.8169224795722887e-05 -4.9406932178909598e-05 4.6400365611692183e-05 4.2912294152715313e-05 -1.4698284493751208e-05
leaf_weight=20 27 39 25 24 31 37 26 22 22 20 33 21 26 25 39 39 51 36 113 106 22 46
leaf_count=20 27 39 25 24 31 37 26 22 22 20 33 21 26 25 39 39 51 36 113 106 22 46
internal_value=1.35702e-13 -2.30647e-05 -5.45886e-05 2.76533e-06 -1.67632e-05 4.14188e-06 7.37711e-06 5.23904e-05 -2.7805e-06 2.42131e-05 4.42911e-05 1.58496e-06 1.53941e-05 2.98671e-06 -9.81454e-06 -3.2778e-07 -8.57198e-06 3.59339e-05 -2.89253e-05 1.32949e-05 -3.39709e-05 2.791e-05
internal_weight=850 91 52 759 145 114 614 70 44 90 70 544 246 225 298 259 239 75 164 199 47 152
internal_count=850 91 52 759 145 114 614 70 44 90 70 544 246 225 298 259 239 75 164 199 47 152
is_linear=0
shrinkage=0.3


Tree=124
num_leaves=15
num_cat=0
split_feature=12 14 13 14 13 19 10 12 7 8 3 18 10 12
split_gain=8.28641e-07 8.21254e-07 8.72932e-07 1.00435e-06 9.43336e-07 1.31049e-06 8.48352e-07 2.86618e-06 2.87481e-06 1.97637e-06 2.51171e-06 4.04837e-06 1.44867e-06 1.98756e-06
threshold=-0.016009718161490129 0.053181811565099844 0.037499983719512027 0.033598382634683614 0.034545558628813609 -0.052489499999999988 -1.2973667059762375 -0.0059708799090692393 -0.0037524776267532397 -0.016275398862702555 4.5093533992767343 0.090762976637525236 -0.71648232704933978 0.00095953718544498966
decision_type=2 2 2 2 2 2 2 2 2 2 2 2 2 2
left_child=-1 2 4 -4 6 -6 7 -2 -9 10 -8 -12 -11 -14
right_child=1 -3 3 -5 5 -7 9 8 -10 12 11 -13 13 -15
leaf_value=6.0341895318742901e-05 0.000121930818096933 -4.5772009252686983e-05 7.4025146861913537e-05 -7.3916717119573144e-06 -9.9031104309688092e-05 1.0854104662679933e-07 5.2062031793618435e-05 -8.7463164622338642e-05 4.9865169937808838e-05 6.1339209021657313e-05 -1.9795767244090712e-05 -0.00015831503798027471 -2.7002660200928706e-05 1.4587337052872309e-05
leaf_weight=20 22 36 30 25 21 28 22 23 34 38 64 27 157 303
leaf_count=20 22 36 30 25 21 28 22 23 34 38 64 27 157 303
internal_value=1.45307e-13 -1.45402e-06 5.55358e-07 3.70175e-05 -2.15833e-06 -4.23799e-05 6.9798e-07 2.99524e-05 -5.54802e-06 -3.08451e-06 -3.89033e-05 -6.08949e-05 5.04304e-06 3.9249e-07
internal_weight=850 830 794 55 739 49 690 79 57 611 113 91 498 460
internal_count=850 830 794 55 739 49 690 79 57 611 113 91 498 460
is_linear=0
shrinkage=0.3


Tree=125
num_leaves=12
num_cat=0
split_feature=18 4 15 6 2 23 22 7 23 16 0
split_gain=6.64994e-07 6.49589e-07 1.34037e-06 1.22794e-06 1.3152e-06 7.95288e-07 2.15204e-06 2.55651e-06 1.5876e-06 2.67119e-06 1.41382e-06
threshold=1.1998820059431126 16035900.000000002 0.031056892557515293 -0.032414554503566638 4.0584697743940881 0.58333350000000006 0.14458600000000002 -0.0096156468420627913 0.41666650000000005 0.0056179273621654964 4.7185859691086547
decision_type=2 2 2 2 2 2 2 2 2 2 2
left_child=1 2 3 -1 -5 8 7 -7 9 -6 -10
right_child=-2 -3 -4 4 5 6 -8 -9 10 -11 -12
leaf_value=-6.1771025979522097e-05 4.9227193744627588e-05 3.8564571103571713e-05 -7.9875710689520936e-05 7.0238952980616892e-05 -2.4005210076104368e-05 5.1460857985950819e-05 8.9044456530998643e-05 -1.7541817720065336e-05 -0.00010040907925031206 2.553028785324717e-05 -5.7823787048821236e-06
leaf_weight=29 24 35 20 24 221 68 29 167 30 176 27
leaf_count=29 24 35 20 24 221 68 29 167 30 176 27
internal_value=2.33927e-13 -1.43033e-06 -3.20002e-06 -1.21102e-06 1.15588e-06 -1.15331e-06 1.19399e-05 2.42491e-06 -8.767e-06 -2.04489e-06 -5.55859e-05
internal_weight=850 826 791 771 742 718 264 235 454 397 57
internal_count=850 826 791 771 742 718 264 235 454 397 57
is_linear=0
shrinkage=0.3


Tree=126
num_leaves=19
num_cat=0
split_feature=7 11 4 10 4 26 18 11 9 27 15 5 5 4 14 10 14 18
split_gain=6.93245e-07 2.75562e-06 1.90052e-06 2.36129e-06 1.67265e-06 1.52359e-06 1.5865e-06 2.0126e-06 1.36302e-06 1.15562e-06 2.43798e-06 1.38947e-06 2.68882e-06 1.15354e-06 1.42529e-06 2.09584e-06 1.07741e-06 8.52383e-07
threshold=-0.012520613721818416 64.077279650509425 5332850.0000000009 -1.1927379053452778 3584650.0000000005 0.9099020000000001 -0.1406955751500176 53.846132433382444 0.018670898942443306 0.93511250000000012 1.0000000180025095e-35 0.022803356434285025 0.017525558896413239 14302300.000000002 0.014462795668584794 0.036349270399443322 0.016460889199236391 -0.12345060988768354
decision_type=2 2 2 2 2 2 2 2 2 2 2 2 2 2 2 2 2 2
left_child=1 2 4 -4 -1 9 8 -8 -7 11 -11 12 13 14 15 -2 -16 -5
right_child=5 -3 3 17 -6 6 7 -9 -10 10 -12 -13 -14 -15 16 -17 -18 -19
leaf_value=4.9679372568789406e-06 -1.7583376554992151e-05 -0.00011627998207421281 -3.6977706920217976e-05 1.6375582597447646e-05 -9.698456510055361e-05 0.00012397532006546569 -4.6918619111899958e-05 5.5650472476524245e-05 2.1215088587008981e-05 -0.00011106080733588896 2.7594155822693467e-05 -5.5896112604127013e-05 9.9852872601611742e-05 6.9386246988350253e-05 -5.8946738981830997e-05 6.2959336622996138e-05 -6.3462439364184796e-06 9.4863809772505198e-05
leaf_weight=30 54 22 33 20 28 26 33 36 21 25 21 35 26 21 40 63 283 33
leaf_count=30 54 22 33 20 28 26 33 36 21 25 21 35 26 21 40 63 283 33
internal_value=-2.37699e-13 -1.73912e-05 -2.28317e-06 2.60204e-05 -4.42505e-05 4.22067e-06 3.55515e-05 6.59569e-06 7.80612e-05 -2.17789e-06 -4.77618e-05 1.83908e-06 5.98843e-06 6.94556e-07 -2.58391e-06 2.57858e-05 -1.28602e-05 6.52456e-05
internal_weight=850 166 144 86 58 684 116 69 47 568 46 522 487 461 440 117 323 53
internal_count=850 166 144 86 58 684 116 69 47 568 46 522 487 461 440 117 323 53
is_linear=0
shrinkage=0.3


Tree=127
num_leaves=16
num_cat=0
split_feature=26 10 5 15 19 21 10 10 0 10 4 3 1 2 8
split_gain=5.47566e-07 7.72894e-07 7.1957e-07 8.32925e-07 1.41436e-06 7.87305e-07 2.29835e-06 1.95224e-06 1.73282e-06 1.66321e-06 1.34055e-06 1.2078e-06 2.90107e-06 2.89112e-06 6.76169e-07
threshold=0.036424000000000005 2.1682522634548662 -0.032414554503566638 -0.018947400544819078 0.31486700000000006 0.69811500000000015 0.8829118586314032 -1.2973667059762375 4.6853104904510792 -1.4218391208152221 7798500.0000000009 4.7058024406433114 4.5871961993153549 4.6910603043875909 0.0083508459867219827
decision_type=2 2 2 2 2 2 2 2 2 2 2 2 2 2 2
left_child=14 2 -2 4 -4 7 8 9 -7 10 -5 12 -9 -13 -1
right_child=1 -3 3 5 -6 6 -8 11 -10 -11 -12 13 -14 -15 -16
leaf_value=6.8230166716207546e-05 -4.3597928417607607e-05 5.6393579434370622e-05 8.5858024449407807e-05 -3.9164371955848757e-05 -2.1176134380311852e-05 -4.1752343222469788e-06 3.4069791813222264e-05 1.6560513119470081e-05 -0.00010758686314927346 0.00012194624277071853 6.9360875880062977e-05 8.3601611253183555e-05 -5.4031950057833448e-05 -4.3154712853967048e-06 -3.7525341213040519e-06
leaf_weight=23 38 20 25 20 20 25 33 93 35 20 21 38 120 295 24
leaf_count=23 38 20 25 20 20 25 33 93 35 20 21 38 120 295 24
internal_value=3.64032e-14 -1.84213e-06 -3.32964e-06 -1.27568e-06 3.82873e-05 -3.81902e-06 -2.95228e-05 1.19121e-07 -6.44987e-05 5.10199e-05 1.64217e-05 -5.5676e-06 -2.32099e-05 5.71711e-06 3.1473e-05
internal_weight=850 803 783 745 45 700 93 607 60 61 41 546 213 333 47
internal_count=850 803 783 745 45 700 93 607 60 61 41 546 213 333 47
is_linear=0
shrinkage=0.3


Tree=128
num_leaves=24
num_cat=0
split_feature=20 7 20 20 10 10 25 12 13 19 16 4 4 22 18 27 17 6 17 5 7 7 18
split_gain=4.84198e-07 2.0266e-06 1.2632e-06 1.21737e-06 1.07917e-06 2.23886e-06 1.88372e-06 1.71639e-06 2.28067e-06 1.47687e-06 1.05809e-06 1.51245e-06 1.46858e-06 2.67106e-06 2.49772e-06 1.50693e-06 1.40601e-06 9.95637e-07 9.06486e-07 8.84191e-07 8.67362e-07 7.95449e-07 7.07014e-07
threshold=0.028713000000000006 -0.012578917537250203 0.030254000000000007 0.021060000000000006 0.95139140009501355 0.78009366477132669 0.83333350000000006 0.0028419539543427211 0.022680274281692159 0.057516500000000005 0.012257406663506982 6430800.0000000009 7397350.0000000009 0.039178500000000012 0.41644742937423912 0.84507700000000019 0.0074418598079838702 0.0041278594019459941 0.01676845031366881 -0.0054569716927296693 0.010000223269627096 0.0056605638686329151 -0.1406955751500176
decision_type=2 2 2 2 2 2 2 2 2 2 2 2 2 2 2 2 2 2 2 2 2 2 2
left_child=1 -1 -2 19 5 10 7 17 -9 -10 12 -12 14 16 15 -4 -14 -6 -15 -3 -11 -5 -21
right_child=2 3 4 21 6 -7 -8 8 9 20 11 -13 13 18 -16 -17 -18 -19 -20 22 -22 -23 -24
leaf_value=-7.9857503315264796e-05 6.9684635409430481e-05 -1.543131477532711e-05 2.32245006996295e-05 -3.3572018764971287e-08 -9.7972589190414343e-05 8.9061610322397459e-05 -8.6338258569735297e-05 0.00010585528902343607 6.3476818536400972e-05 -6.2285889973943327e-05 -1.1553777872563841e-05 7.6446477984203602e-05 -3.5767508452408945e-05 -1.6892420609594192e-05 8.9490506131860746e-05 -2.4826144931562376e-05 -0.00014691048610464868 -1.1257572728377103e-05 5.67053242343718e-05 9.2197414269321604e-05 1.5706384855158309e-05 -7.9983548701940366e-05 2.0294444942692278e-05
leaf_weight=34 25 32 116 24 22 29 31 21 20 33 32 39 20 61 31 119 21 26 20 20 21 21 32
leaf_count=34 25 32 116 24 22 29 31 21 20 33 32 39 20 61 31 119 21 26 20 20 21 21 32
internal_value=-3.76736e-13 -1.46997e-05 3.4877e-06 2.47371e-06 9.87811e-07 8.22052e-06 -1.9297e-05 -4.76361e-06 1.85989e-05 -6.16303e-06 3.11291e-06 3.67844e-05 -3.04862e-06 -3.03017e-05 9.45089e-06 -1.10753e-06 -9.26944e-05 -5.1002e-05 1.27986e-06 2.38044e-05 -3.19556e-05 -3.73436e-05 4.79494e-05
internal_weight=850 163 687 129 662 488 174 143 95 74 459 71 388 122 266 235 41 48 81 84 54 45 52
internal_count=850 163 687 129 662 488 174 143 95 74 459 71 388 122 266 235 41 48 81 84 54 45 52
is_linear=0
shrinkage=0.3


Tree=129
num_leaves=14
num_cat=0
split_feature=4 6 14 14 8 12 6 15 21 6 17 0 9
split_gain=4.69896e-07 6.48864e-07 1.34346e-06 2.27145e-06 1.05893e-06 1.18486e-06 1.48019e-06 1.04971e-06 2.90092e-06 1.1729e-06 1.1284e-06 9.18284e-07 8.15616e-07
threshold=20394850.000000004 0.019048352476054048 0.01892019575879398 0.035815265779185909 0.098994553431019636 0.0076998696551288486 0.0017290011725864861 0.02254340378344535 0.046318500000000006 0.014122318116620526 0.022392144561723264 4.7361150211334815 0.029417044369309808
decision_type=2 2 2 2 2 2 2 2 2 2 2 2 2
left_child=1 4 -3 12 5 7 -7 9 -9 10 11 -1 -4
right_child=-2 2 3 -5 -6 6 -8 8 -10 -11 -12 -13 -14
leaf_value=-1.4868797052258742e-05 -4.1380625225428959e-05 -8.8817833550690128e-05 7.7468113404928073e-07 -7.885733505827375e-05 7.242845671953546e-05 1.3859346363460645e-05 -9.7733059026169309e-05 0.00013415132315003575 -2.3714344830626612e-05 5.5001526466943077e-05 6.2901408501669923e-05 9.5089454179486663e-06 7.4906951076834303e-05
leaf_weight=299 24 21 34 25 20 20 23 20 22 36 24 260 22
leaf_count=299 24 21 34 25 20 20 23 20 22 36 24 260 22
internal_value=2.76384e-14 1.20234e-06 -2.11992e-05 -3.66841e-06 4.35836e-06 2.42455e-06 -4.58296e-05 5.56362e-06 5.14598e-05 2.44951e-06 -7.95559e-07 -3.53031e-06 2.98981e-05
internal_weight=850 826 102 81 724 704 43 661 42 619 583 559 56
internal_count=850 826 102 81 724 704 43 661 42 619 583 559 56
is_linear=0
shrinkage=0.3


Tree=130
num_leaves=24
num_cat=0
split_feature=0 0 3 19 18 7 22 22 16 2 14 10 19 13 16 19 10 12 12 16 16 14 0
split_gain=4.59633e-07 2.04923e-06 1.79955e-06 3.41857e-06 1.29922e-06 1.02244e-06 2.5492e-06 1.35583e-06 2.77525e-06 1.25228e-06 1.72979e-06 3.49667e-06 1.50556e-06 1.41952e-06 1.15708e-06 9.20433e-07 7.97109e-07 1.55294e-06 1.40927e-06 1.57277e-06 1.71798e-06 7.52806e-07 7.00598e-07
threshold=4.6731987623882416 4.6974523608066034 4.642155885696412 -0.12539449999999996 0.42932321430272086 -0.01673101333137763 0.042681000000000004 0.021046500000000006 0.0033614933608337159 5.7165463556765062 0.014693892562158703 0.51817252935344049 -0.90979899999999991 0.02493650772684362 0.0047846846286744684 -0.32912599999999997 -1.0945621918546828 -0.0036481872700096694 0.0003803267382510651 0.0020704001033783957 0.0044056241705960645 0.022483352984975804 4.5747006474492151
decision_type=2 2 2 2 2 2 2 2 2 2 2 2 2 2 2 2 2 2 2 2 2 2 2
left_child=2 -2 4 -4 16 6 -3 8 -7 10 11 -9 -12 -14 -11 -8 22 -18 -19 -20 -21 -6 -1
right_child=1 5 3 -5 21 7 15 9 -10 14 12 -13 13 -15 -16 -17 17 18 19 20 -22 -23 -24
leaf_value=1.4329485199482405e-05 -8.4312764147398409e-05 -0.00012212130788092119 -3.3336732875406074e-05 0.00012343029863968107 -8.8849997410420656e-05 -2.068552714097843e-05 -3.319485809837575e-05 0.00010842876534703415 9.8978505480477611e-05 -5.9063374419565656e-06 4.9970771488005998e-05 -3.2087052331876618e-05 -4.777735622256942e-05 2.1862339927276165e-06 -9.4282169629877896e-05 5.2409250438358866e-05 -7.2991034144449617e-05 6.1098274469455834e-05 6.6410444558186998e-05 -9.4304847198145578e-05 3.6640918848689228e-06 -1.5088657759902575e-05 8.5905487924264887e-05
leaf_weight=32 28 21 21 31 20 33 26 37 37 30 36 28 81 139 24 20 23 37 20 24 49 33 20
leaf_count=32 28 21 21 31 20 33 26 37 37 30 36 28 81 139 24 20 23 37 20 24 49 33 20
internal_value=2.06181e-13 -5.28569e-06 9.20733e-06 6.01205e-05 -1.05425e-06 -9.63893e-07 -3.55139e-05 4.23801e-06 4.25655e-05 -2.91645e-06 4.19407e-06 4.78989e-05 -6.90286e-06 -1.62095e-05 -4.51845e-05 4.02432e-06 9.77038e-06 -1.13545e-06 1.15775e-05 -8.12438e-06 -2.85449e-05 -4.29231e-05 4.18587e-05
internal_weight=850 540 310 52 258 512 67 445 70 375 321 65 256 220 54 46 205 153 130 93 73 53 52
internal_count=850 540 310 52 258 512 67 445 70 375 321 65 256 220 54 46 205 153 130 93 73 53 52
is_linear=0
shrinkage=0.3


Tree=131
num_leaves=16
num_cat=0
split_feature=22 4 21 13 16 21 13 4 10 4 8 17 7 6 4
split_gain=5.3811e-07 1.38721e-06 7.46321e-07 1.46693e-06 1.42831e-06 1.2262e-06 8.68773e-07 1.81871e-06 2.37122e-06 1.28515e-06 3.10468e-06 9.55683e-07 7.48637e-07 1.34406e-06 4.61531e-07
threshold=0.96026750000000016 6392950.0000000009 0.029022500000000003 0.026804070059868932 0.0058365691345981623 0.030650500000000004 0.014820282243353305 4960050.0000000009 0.036349270399443322 2511950.0000000005 -1.257674520083185e-17 0.023679516490920292 -0.032414554503566638 -0.032414554503566638 7204400.0000000009
decision_type=2 2 2 2 2 2 2 2 2 2 2 2 2 2 2
left_child=2 -2 3 4 -1 -4 7 8 -7 10 -8 12 -11 -14 -5
right_child=1 -3 5 14 -6 6 9 -9 -10 11 -12 -13 13 -15 -16
leaf_value=-5.2692457679118626e-05 2.1413857653637281e-05 -8.7629189926831584e-05 -6.8230007141778517e-05 9.9968780757210744e-05 4.8203722667989014e-05 3.4020137520754991e-06 -0.00012502155012225556 -4.0406899811387116e-05 0.00014464351954302399 4.9709308411600493e-05 1.4244769440933048e-05 -5.4438034385384523e-05 -6.7612478005685261e-05 5.107012921531792e-06 3.7072205564722288e-05
leaf_weight=28 21 21 24 21 23 23 25 20 20 31 34 26 24 488 21
leaf_count=28 21 21 24 21 23 23 25 20 20 31 34 26 24 488 21
internal_value=-1.27697e-14 -3.31077e-05 1.72094e-06 2.70017e-05 -7.19026e-06 -1.56732e-06 7.48024e-07 3.4333e-05 6.90957e-05 -2.62117e-06 -4.47664e-05 1.7489e-06 4.43925e-06 1.69829e-06 6.85205e-05
internal_weight=850 42 808 93 51 715 691 63 43 628 59 569 543 512 42
internal_count=850 42 808 93 51 715 691 63 43 628 59 569 543 512 42
is_linear=0
shrinkage=0.3


Tree=132
num_leaves=31
num_cat=0
split_feature=4 4 4 27 27 13 9 16 16 16 18 16 13 5 6 15 0 11 12 11 0 13 6 5 3 4 17 0 13 16
split_gain=5.15083e-07 1.9055e-06 1.55481e-06 1.17103e-06 1.36558e-06 1.43987e-06 1.68351e-06 1.62832e-06 1.44312e-06 1.62663e-06 1.19087e-06 2.70472e-06 1.46871e-06 1.40825e-06 1.13046e-06 1.1089e-06 1.08535e-06 1.20286e-06 3.53628e-06 2.11544e-06 1.01624e-06 9.99401e-07 1.14392e-06 9.84805e-07 1.56392e-06 1.03657e-06 1.01922e-06 8.3668e-07 6.44989e-07 4.33877e-07
threshold=4429250.0000000009 4616350.0000000009 4251600.0000000009 0.5020825000000001 0.89728200000000002 0.026804070059868932 0.038197376603646936 0.0075023083123547697 0.0039920280729803482 0.0018957796561495852 0.26558202531599645 0.0078662733979613809 0.021956522864407291 -0.0020366907568139161 -0.010852860263247775 0.0063626735786582716 4.5386150853576774 41.022858243211431 -0.0038657067325500697 44.756446451544072 4.9417443112134185 0.02850217932499139 0.0017290011725864861 0.0019305057666435916 4.7013132572174081 3325300.0000000005 0.0058880788405801148 4.4807627219239849 0.026145925913729516 0.0020407656836847893
decision_type=2 2 2 2 2 2 2 2 2 2 2 2 2 2 2 2 2 2 2 2 2 2 2 2 2 2 2 2 2 2
left_child=2 -2 16 -3 5 7 21 8 9 -5 12 15 -6 14 -14 28 27 18 -18 -19 -15 -7 -23 24 -21 29 -26 -1 -12 -25
right_child=1 3 -4 4 10 6 -8 -9 -10 -11 11 -13 13 20 -16 -17 17 19 -20 23 -22 22 -24 25 26 -27 -28 -29 -30 -31
leaf_value=-2.9342942677127817e-07 8.7972576835682048e-05 7.2817846339603412e-05 -9.1038859898162622e-05 -7.8998632720454648e-05 -5.9884112300595362e-05 8.091450165466085e-05 -5.2696792492593215e-05 1.9607598858720877e-05 -0.00011997567746422849 2.3647063670750864e-05 7.2488829651514862e-05 0.00011233441348963424 -6.5133935055675229e-06 -7.4577642899384961e-05 7.8181958059991992e-05 -4.5426410878235401e-05 -6.6685456567938664e-05 -0.00011694425531459272 9.97503269698225e-05 -3.560220949554138e-05 8.9683826005464082e-06 4.0180544499889951e-05 -2.3077369906735291e-05 1.9048650899224281e-05 5.4556982080533127e-06 -8.9645787898007254e-05 9.8055742109863777e-05 7.7571204841977141e-05 -2.7885817644346386e-06 -3.9998011379793753e-05
leaf_weight=27 24 20 20 33 31 20 38 29 27 24 21 32 23 20 37 24 20 20 27 37 38 50 53 21 23 24 20 23 20 24
leaf_count=27 24 20 20 33 31 20 38 29 27 24 21 32 23 20 37 24 20 20 27 37 38 50 53 21 23 24 20 23 20 24
internal_value=-7.85643e-14 5.25889e-06 -1.03707e-05 1.58272e-06 -1.15709e-06 -1.57241e-05 2.49527e-06 -4.16827e-05 -6.28425e-05 -3.57794e-05 1.5068e-05 4.09377e-05 -1.77341e-06 1.3493e-05 4.57154e-05 5.78861e-06 -4.3054e-06 -1.35252e-05 2.89266e-05 -2.53314e-05 -1.98406e-05 1.95465e-05 7.63036e-06 -1.30343e-05 9.61643e-06 -3.92961e-05 4.85255e-05 3.55243e-05 3.57681e-05 -1.24429e-05
internal_weight=850 564 286 540 520 274 161 113 84 57 246 97 149 118 60 65 266 216 47 169 58 123 103 149 80 69 43 50 41 45
internal_count=850 564 286 540 520 274 161 113 84 57 246 97 149 118 60 65 266 216 47 169 58 123 103 149 80 69 43 50 41 45
is_linear=0
shrinkage=0.3


Tree=133
num_leaves=27
num_cat=0
split_feature=7 15 10 15 22 6 12 17 17 11 10 16 9 9 7 7 15 15 26 5 13 4 26 13 10 13
split_gain=4.00373e-07 5.91456e-07 1.01272e-06 9.81957e-07 9.24466e-07 8.91994e-07 1.47324e-06 1.15845e-06 1.76481e-06 1.41263e-06 1.30736e-06 1.10052e-06 8.70722e-07 1.95067e-06 3.094e-06 1.45458e-06 1.05266e-06 1.22171e-06 1.45879e-06 1.15713e-06 1.13948e-06 1.15018e-06 1.11926e-06 1.76929e-06 1.34468e-06 6.58321e-07
threshold=-0.039060146631899891 -0.0062565179942766468 1.1097633198350405 -0.0034131249795683904 0.26682700000000009 0.0062959892737265528 2.9896599172593868e-05 0.01676845031366881 0.0098215419475800678 24.956511741988852 -1.4954224698528351 1.0000000180025095e-35 0.0099339421532836352 0.0080538609945206095 -1.0000000180025095e-35 -0.001947382600463345 0.0020408629973885464 0.0053446963516735951 0.65515250000000014 0.0035292396800090256 0.026900681849834993 4757000.0000000009 0.65515250000000014 0.028451688772955779 1.9126244904479439 0.015843528633722771
decision_type=2 2 2 2 2 2 2 2 2 2 2 2 2 2 2 2 2 2 2 2 2 2 2 2 2 2
left_child=-1 2 5 4 -3 7 -7 8 9 -2 -11 -8 13 14 -5 -15 19 18 -18 20 21 -14 23 -19 -24 -16
right_child=1 3 -4 12 -6 6 11 -9 -10 10 -12 -13 16 15 25 -17 17 22 -20 -21 -22 -23 24 -25 -26 -27
leaf_value=-3.5277746764198324e-05 4.3518123040234182e-05 7.8905224675127682e-05 -7.372577327779644e-05 8.691302105113398e-05 -2.6173601846884206e-06 -2.1828061541712554e-05 0.00010781428549567603 4.5848134963803621e-05 -0.00010835594474493907 -9.4299090857890886e-05 -1.1076882348369018e-05 1.180035949139644e-05 5.1108286352246061e-06 -0.00011867111301739896 -8.0273167332052262e-05 -1.422330197442534e-05 5.9334318919468384e-06 -5.8691237254606678e-05 -9.3769352757135503e-05 8.8631402539047287e-05 -2.475875856308609e-05 0.00010163268987525953 1.1728583543563733e-05 2.2554140941093253e-05 8.5646678733805202e-05 -3.2998963570207707e-06
leaf_weight=28 29 31 21 29 21 39 21 22 21 23 65 22 25 24 20 24 28 45 25 27 34 20 106 52 28 20
leaf_count=28 29 31 21 29 21 39 21 22 21 23 65 22 25 24 20 24 28 45 25 27 34 20 106 52 28 20
internal_value=-2.74534e-13 1.20167e-06 -1.05304e-05 6.72142e-06 4.59826e-05 -5.0465e-06 2.03953e-05 -1.80854e-05 -2.82777e-05 -1.39047e-05 -3.28281e-05 5.86909e-05 2.69462e-06 -2.00038e-05 1.23046e-05 -6.64472e-05 9.50416e-06 -1.7786e-08 -4.10962e-05 3.50158e-05 1.66915e-05 4.80094e-05 9.40713e-06 -1.5137e-05 2.71742e-05 -4.17865e-05
internal_weight=850 822 263 559 52 242 82 160 138 117 88 43 507 117 69 48 390 284 53 106 79 45 231 97 134 40
internal_count=850 822 263 559 52 242 82 160 138 117 88 43 507 117 69 48 390 284 53 106 79 45 231 97 134 40
is_linear=0
shrinkage=0.3


Tree=134
num_leaves=17
num_cat=0
split_feature=7 15 9 16 5 15 22 11 10 10 21 11 28 16 8 8
split_gain=3.80853e-07 8.58397e-07 6.35805e-07 5.28279e-07 6.96139e-07 1.36305e-06 1.07536e-06 7.17075e-07 1.09064e-06 1.18883e-06 1.34034e-06 8.34441e-07 1.14654e-06 7.59568e-07 7.39546e-07 9.22669e-07
threshold=0.020752368287786819 0.0060728455472561583 0.022944900093946823 0.018090915482891747 0.026510895742262858 0.020966012403589574 0.10730150000000001 41.022858243211431 -0.31675331106811494 -1.3243577603507972 0.034553000000000007 44.756446451544072 1.0000000180025095e-35 0.0080726739132679897 -0.0066834562318214821 -0.0035217318544841568
decision_type=2 2 2 2 2 2 2 2 2 2 2 2 2 2 2 2
left_child=3 2 -2 4 5 7 -6 8 9 13 -11 12 -9 -1 -13 -16
right_child=1 -3 -4 -5 6 -7 -8 11 -10 10 -12 14 -14 -15 15 -17
leaf_value=1.9145776444598927e-05 -8.4901509599148991e-05 1.6860184531823678e-05 -1.7491304373021754e-05 -3.4924203977094628e-05 1.8688886837026075e-05 7.8035835090502033e-05 -7.5500752245716271e-05 -8.4552502572478262e-05 7.7118268734920997e-05 4.9836717917060017e-05 -2.9863934664890503e-05 5.7582551280574987e-05 1.1816574951808434e-05 8.4069968642839018e-05 -5.3045053331955169e-05 2.5913644360342553e-06
leaf_weight=55 20 37 34 33 20 23 24 25 25 25 79 20 20 23 29 358
leaf_count=55 20 37 34 33 20 23 24 25 25 25 79 20 20 23 29 358
internal_value=1.62957e-13 -1.83396e-05 -4.2458e-05 2.19882e-06 3.88623e-06 6.24582e-06 -3.26873e-05 3.74025e-06 1.83635e-05 1.02928e-05 -1.07051e-05 -2.9567e-06 -4.17218e-05 3.82901e-05 1.32937e-06 -1.57777e-06
internal_weight=850 91 54 759 726 682 44 659 207 182 104 452 45 78 407 387
internal_count=850 91 54 759 726 682 44 659 207 182 104 452 45 78 407 387
is_linear=0
shrinkage=0.3


Tree=135
num_leaves=22
num_cat=0
split_feature=24 15 16 27 17 1 26 12 26 12 0 15 12 9 6 8 8 3 12 9 5
split_gain=3.50079e-07 9.24706e-07 7.14505e-07 7.05144e-07 1.96571e-06 7.14446e-07 7.02175e-07 1.19542e-06 9.91592e-07 1.07899e-06 9.02467e-07 1.89684e-06 1.43485e-06 2.18858e-06 1.14002e-06 8.96937e-07 1.27719e-06 1.01527e-06 1.16591e-06 5.36046e-07 3.0013e-07
threshold=1.0000000180025095e-35 -0.0087719635803479041 0.012765996517668196 0.79297100000000009 0.003663012591232266 4.7135841919995505 0.18697550000000004 -2.1665845428773009e-05 0.3500505000000001 0.00020795631960989199 5.0938399867588195 -0.017256003300742402 0.0074955179734086863 0.030761999214679616 -0.0076926732270087804 -0.088915043819868353 -0.057277620701457983 5.0299022197723398 0.0030447496908646014 0.021771312792780103 0.0031417223617311251
decision_type=2 2 2 2 2 2 2 2 2 2 2 2 2 2 2 2 2 2 2 2 2
left_child=6 19 3 -3 -5 -6 7 -1 9 -8 15 -12 13 14 -13 -10 -17 18 -18 -2 -7
right_child=1 2 -4 4 5 20 8 -9 10 -11 11 12 -14 -15 -16 16 17 -19 -20 -21 -22
leaf_value=8.7455590037279759e-05 1.1508158991091477e-05 5.6118890682663061e-05 -4.7746499717504776e-05 -7.0369161332766648e-05 -1.8383500084999988e-05 2.4613210793436986e-05 -9.8301996123544605e-05 -1.3884274436680822e-05 5.4643652238155485e-05 -3.2322099142137711e-06 -0.00010371018184245755 -7.0809561748319538e-05 -8.0472434852448969e-05 9.489832507824759e-05 5.3904443941960449e-06 -5.7623807515483348e-05 1.2056840156672527e-05 6.8272699536464643e-05 -2.7784117137956995e-05 7.6836157676806434e-05 7.5963519566357715e-05
leaf_weight=20 20 23 24 27 21 21 21 22 30 22 22 24 21 20 67 31 257 22 89 26 20
leaf_count=20 20 23 24 27 21 21 21 22 30 22 22 24 21 20 67 31 257 22 89 26 20
internal_value=4.5983e-14 1.1664e-05 -7.7246e-07 9.29341e-06 -2.80756e-06 2.66144e-05 -3.17792e-06 3.43728e-05 -5.69729e-06 -4.96616e-05 -2.45464e-06 -2.21549e-05 -8.56231e-06 5.04231e-06 -1.47063e-05 4.61723e-06 8.55847e-07 5.78212e-06 1.80873e-06 4.84327e-05 4.96621e-05
internal_weight=850 182 136 112 89 62 668 42 626 43 583 154 132 111 91 429 399 368 346 46 41
internal_count=850 182 136 112 89 62 668 42 626 43 583 154 132 111 91 429 399 368 346 46 41
is_linear=0
shrinkage=0.3


Tree=136
num_leaves=21
num_cat=0
split_feature=13 27 13 12 27 14 7 9 7 22 15 20 9 7 10 7 16 12 11 10
split_gain=3.86475e-07 1.3762e-06 1.06483e-06 2.49488e-06 9.9413e-07 6.16781e-07 7.13806e-07 1.32701e-06 1.4861e-06 1.32389e-06 1.15206e-06 1.13574e-06 8.80185e-07 6.91142e-07 6.15829e-07 2.03031e-06 8.16472e-07 9.17122e-07 6.38103e-07 5.65366e-07
threshold=0.016228007190656663 0.80954350000000008 0.017882871930403655 -0.00017585459282732052 0.93600200000000011 0.01020402304583133 -0.0096156468420627913 0.027287845388741277 -0.025317748106979714 0.042110500000000002 0.0072072522784614448 0.030915000000000002 0.047811829203816165 -0.02917069333468875 0.30432941591332247 -0.0037140119586412126 0.014418249313753431 -0.0065034867162754809 73.634511189023442 0.41946756264403062
decision_type=2 2 2 2 2 2 2 2 2 2 2 2 2 2 2 2 2 2 2 2
left_child=1 -1 3 -2 19 -4 7 8 -7 -10 13 -11 14 -9 16 -16 17 -8 -17 -3
right_child=2 4 5 -5 -6 6 12 10 9 11 -12 -13 -14 -15 15 18 -18 -19 -20 -21
leaf_value=6.3678637656807574e-05 -0.00011291743803667486 -5.5280557679835843e-05 5.1047022537074679e-05 3.0549351256468066e-05 4.9007533480107665e-05 -3.4425169075763294e-05 -5.5549197337053815e-05 5.0570468812855492e-05 0.00010029989880990797 8.2752593397929423e-05 -6.6283579850789917e-05 -2.3625744387213352e-06 5.256041261288504e-05 -1.8075946383594947e-05 -0.00010010220692562983 5.5095581798092972e-07 5.4491545225850441e-05 2.9743610624085196e-06 -3.5132476665212511e-05 9.4151067060010963e-06
leaf_weight=37 24 31 21 20 20 23 28 22 32 21 27 43 21 33 26 138 23 173 67 20
leaf_count=37 24 31 21 20 20 23 28 22 32 21 27 43 21 33 26 138 23 173 67 20
internal_value=-1.35217e-13 1.67673e-05 -2.44052e-06 -4.77053e-05 -7.6795e-06 4.12846e-07 -1.15779e-06 1.38329e-05 3.40675e-05 5.04772e-05 -1.55319e-05 2.55658e-05 -7.4879e-06 9.38262e-06 -1.02594e-05 -2.11277e-05 9.48627e-07 -5.17817e-06 -1.11114e-05 -2.99097e-05
internal_weight=850 108 742 44 71 698 677 201 119 96 82 64 476 55 455 231 224 201 205 51
internal_count=850 108 742 44 71 698 677 201 119 96 82 64 476 55 455 231 224 201 205 51
is_linear=0
shrinkage=0.3


Tree=137
num_leaves=19
num_cat=0
split_feature=27 18 7 21 6 27 5 8 14 18 4 5 18 10 4 12 11 4
split_gain=4.72168e-07 9.63433e-07 9.01119e-07 1.15046e-06 8.70337e-07 8.66936e-07 7.86394e-07 6.33056e-07 5.70182e-07 6.07865e-07 7.26993e-07 1.22027e-06 8.77488e-07 8.09656e-07 8.4262e-07 5.72716e-07 7.30438e-07 4.69552e-07
threshold=0.93985400000000008 -0.5396960121134724 0.00389101707044625 0.023222500000000004 -0.0020790236406132367 0.93600200000000011 0.0062959892737265528 -0.0039529210804777814 0.052012339430807415 -0.5396960121134724 2856300.0000000005 0.0020533799517048986 -0.41244192795766654 -1.5859919113454308 4933700.0000000009 -0.0038657067325500697 61.883908594552672 2788950.0000000005
decision_type=2 2 2 2 2 2 2 2 2 2 2 2 2 2 2 2 2 2
left_child=5 -2 3 -3 -4 8 7 -5 9 15 11 -11 -12 -14 -15 -1 17 -17
right_child=1 2 4 6 -6 -7 -8 -9 -10 10 12 -13 13 14 -16 16 -18 -19
leaf_value=-5.9095245563619992e-05 3.5407425839993864e-05 -9.7140698111616077e-05 5.6248118298753972e-05 -3.3067368317460929e-05 -2.5691077904152085e-05 6.35063239347541e-05 -6.3152768208965429e-05 4.2414434433339919e-05 -3.7472944846062002e-05 -7.0559816794634058e-05 6.0447847059666881e-05 1.6677172087868037e-05 5.7560222746490453e-05 2.843828701168818e-05 -3.0469069157316325e-06 4.1532083131252358e-05 -4.5937618395126065e-05 -1.3915609856162013e-05
leaf_weight=23 29 25 20 20 28 21 25 20 32 27 31 31 28 102 306 28 27 27
leaf_count=23 29 25 20 20 28 21 25 20 32 27 31 31 28 102 306 28 27 27
internal_value=-2.13173e-13 -1.42992e-05 -2.47448e-05 -4.24488e-05 8.45025e-06 3.49629e-06 -2.14135e-05 4.67353e-06 1.59265e-06 3.57694e-06 7.74438e-06 -2.39332e-05 1.16786e-05 8.2111e-06 4.82439e-06 -1.72603e-05 -5.52608e-06 1.43123e-05
internal_weight=850 167 138 90 48 683 65 40 662 630 525 58 467 436 408 105 82 55
internal_count=850 167 138 90 48 683 65 40 662 630 525 58 467 436 408 105 82 55
is_linear=0
shrinkage=0.3


Tree=138
num_leaves=25
num_cat=0
split_feature=0 0 14 18 1 18 0 10 0 10 1 5 4 27 20 9 5 15 15 22 15 20 16 21
split_gain=3.11393e-07 1.34471e-06 1.96173e-06 1.60754e-06 1.38372e-06 9.73528e-07 8.57863e-07 7.33763e-07 6.86654e-07 7.68939e-07 1.08014e-06 1.07646e-06 1.87751e-06 1.23001e-06 1.36946e-06 1.34797e-06 1.10462e-06 1.0722e-06 2.02528e-06 1.03844e-06 1.73511e-06 1.08725e-06 7.05482e-07 4.85607e-07
threshold=4.5951122113101279 4.5278178292568514 0.018691635763439688 0.12122216011925853 4.585400457265739 -0.09660208211877061 4.6139450419117365 -0.35865914659571124 4.6394595188613819 0.088726562966541342 4.7457759446606538 0.010869770606879502 8232350.0000000009 0.84323900000000018 0.46694000000000008 0.0083631991542803506 -0.013683953701312852 -0.0061601352564089043 -0.011976084218941233 0.49056150000000004 -0.0019249277430613448 0.040961000000000004 0.0049022442663928653 0.16393550000000004
decision_type=2 2 2 2 2 2 2 2 2 2 2 2 2 2 2 2 2 2 2 2 2 2 2 2
left_child=1 4 -3 -4 5 23 -2 -7 -8 11 -11 12 13 14 -10 -15 22 18 -12 20 -19 -21 -14 -1
right_child=6 2 3 -5 -6 7 8 -9 9 10 17 -13 16 15 -16 -17 -18 19 -20 21 -22 -23 -24 -25
leaf_value=5.7783322644090433e-05 -5.3755485852638357e-05 -1.8362488463613011e-05 1.2634557979254169e-05 0.00012319153489984117 -8.1193910336878613e-05 -5.4391166067504063e-05 5.2362289027639364e-05 1.1997634957314685e-05 -2.5642755932722139e-05 5.5336504473219776e-05 2.0542599084929577e-05 -7.825079113569121e-05 3.1255525682981586e-05 1.9561399614593191e-05 6.8963887854676739e-05 -6.3857277902051071e-05 7.4455813919485078e-05 7.5034038522971963e-05 -9.1576643479066694e-05 7.8488282618685349e-06 -2.0830076907895195e-05 7.5671386328698037e-05 -4.1984448926086765e-05 1.5871594223426655e-06
leaf_weight=31 29 31 20 29 20 31 21 29 40 37 29 22 29 22 21 84 30 20 29 52 113 36 20 25
leaf_count=31 29 31 20 29 20 31 21 29 40 37 29 22 29 22 21 84 30 20 29 52 113 36 20 25
internal_value=1.47398e-13 9.83749e-06 4.07001e-05 7.80662e-05 -8.31699e-06 4.24799e-06 -3.35157e-06 -2.23032e-05 -9.35518e-07 -2.85205e-06 7.17296e-06 -1.46726e-05 -8.98672e-06 -2.70127e-05 6.92674e-06 -4.6544e-05 2.91189e-05 7.85677e-07 -3.5517e-05 1.03131e-05 -6.41442e-06 3.55944e-05 1.36166e-06 3.26957e-05
internal_weight=850 216 80 49 136 116 634 60 605 584 316 268 246 167 61 106 79 279 58 221 133 88 49 56
internal_count=850 216 80 49 136 116 634 60 605 584 316 268 246 167 61 106 79 279 58 221 133 88 49 56
is_linear=0
shrinkage=0.3


Tree=139
num_leaves=20
num_cat=0
split_feature=14 14 14 22 22 9 14 11 13 16 18 12 6 0 2 8 4 6 7
split_gain=3.29243e-07 1.06722e-06 1.02532e-06 8.03064e-07 8.05831e-07 1.22653e-06 9.48981e-07 3.76915e-07 1.33823e-06 7.68488e-07 7.78584e-07 6.21468e-07 7.459e-07 5.08145e-07 9.12366e-07 9.50205e-07 8.02115e-07 7.07267e-07 5.4339e-07
threshold=0.013965129258479656 0.012499987582366255 0.014418127079165925 0.79949300000000012 0.37295250000000008 0.010555589925278218 0.010214505503169954 28.399278044138374 0.027577790918895902 0.012422401233465245 0.11315601241399345 -0.0055138027113936358 -0.006127166461552422 5.658828338694482 5.3341805120603274 0.098994553431019636 10801700.000000002 0.006479628746801855 -0.014507982090588825
decision_type=2 2 2 2 2 2 2 2 2 2 2 2 2 2 2 2 2 2 2
left_child=1 3 -2 4 5 6 -1 8 -4 10 -10 12 -9 14 15 18 17 -15 -13
right_child=2 -3 7 -5 -6 -7 -8 11 9 -11 -12 13 -14 16 -16 -17 -18 -19 -20
leaf_value=-8.1313076225342226e-05 6.9613863777249203e-05 -7.0838112969795467e-05 7.3326029999114855e-05 4.7542475884654321e-05 -6.7381807893980296e-05 4.2520671042760061e-05 9.996690823754762e-06 1.7469670118381535e-06 -6.4429765052409488e-05 3.9668629810678436e-05 1.5715842187091764e-05 2.2963212074588932e-05 -7.9205253796317266e-05 8.4184706747691965e-05 -6.1337942899982687e-05 6.3841409155429576e-05 -1.4152919216030568e-05 7.7978371791687099e-06 -7.3725413546211005e-06
leaf_weight=20 20 24 28 24 20 34 21 21 24 23 20 62 20 24 23 20 30 20 372
leaf_count=20 20 24 28 24 20 34 21 21 24 23 20 62 20 24 23 20 30 20 372
internal_value=6.52429e-14 -1.31284e-05 2.65539e-06 -1.48945e-06 -1.38765e-05 3.91624e-07 -3.45447e-05 7.06088e-07 1.82475e-05 -4.77043e-06 -2.79999e-05 -2.10883e-06 -3.77419e-05 5.42634e-07 -3.04572e-06 -9.25948e-08 2.3673e-05 4.94634e-05 -3.03886e-06
internal_weight=850 143 707 119 95 75 41 687 95 67 44 592 41 551 477 454 74 44 434
internal_count=850 143 707 119 95 75 41 687 95 67 44 592 41 551 477 454 74 44 434
is_linear=0
shrinkage=0.3


Tree=140
num_leaves=28
num_cat=0
split_feature=9 9 7 8 14 14 5 18 27 18 20 18 4 16 18 2 0 14 5 18 14 14 3 4 26 5 6
split_gain=2.75616e-07 1.2066e-06 7.44067e-07 1.75879e-06 6.74079e-07 9.17853e-07 1.14552e-06 6.75496e-07 6.20414e-07 6.06308e-07 6.16704e-07 8.75426e-07 1.06412e-06 6.41364e-07 5.808e-07 1.36783e-06 2.87255e-06 1.62523e-06 8.84719e-07 7.87466e-07 1.93391e-06 8.44662e-07 8.81919e-07 6.80329e-07 5.59187e-07 4.86995e-07 4.26034e-07
threshold=0.010555589925278218 0.011466575889875952 -0.0076926732270087804 1.4268100589909241e-16 0.01020402304583133 0.018571988506710376 0.00606077262510303 -0.14978980988089799 0.87313100000000021 0.45016992525859451 0.058683000000000006 0.68038538356533285 9327800.0000000019 0.0041580002420866036 0.11315601241399345 4.6806415705258253 4.5706191816944282 0.030113999256951119 0.026510895742262858 -0.094330910863419423 0.025104577466931455 0.02479396012085296 5.0299022197723398 7498000.0000000009 0.9174500000000001 0.0020855562549158191 -1.0000000180025095e-35
decision_type=2 2 2 2 2 2 2 2 2 2 2 2 2 2 2 2 2 2 2 2 2 2 2 2 2 2 2
left_child=2 -2 3 -1 -4 6 7 -6 -7 14 25 12 -12 -13 18 16 -16 23 19 21 -21 24 -23 -17 -3 -11 -22
right_child=1 9 4 -5 5 8 -8 -9 -10 10 11 13 -14 -15 15 17 -18 -19 -20 20 26 22 -24 -25 -26 -27 -28
leaf_value=1.4497795382339973e-05 5.8810875444495733e-05 2.5134062483164936e-06 -4.9676168042164395e-05 -0.00010688051931668139 1.9966948593719279e-05 -6.4865078056754999e-05 -2.2005106802680527e-05 8.8351972653282035e-05 4.8479910326982962e-06 3.926783624592645e-05 -0.00010963332976891913 3.0957192061380385e-05 -1.4020709459146019e-05 -4.2499099035921968e-05 3.8864718408859739e-06 1.2215541586742388e-07 0.0001488191829957941 5.0136581156097701e-05 -6.2744037077209217e-05 2.5587449181330156e-05 -3.9295758069783916e-05 8.9306599507285437e-06 6.2300163002847571e-05 -7.2212801147543358e-05 -4.8263089521914596e-05 -2.4117574110391615e-05 -0.00010121753410203383
leaf_weight=22 33 129 21 21 26 20 27 26 27 24 22 23 20 20 32 22 20 31 20 36 20 76 44 25 23 20 20
leaf_count=22 33 129 21 21 26 20 27 26 27 24 22 23 20 20 32 22 20 31 20 36 20 76 44 25 23 20 20
internal_value=2.65189e-13 2.89847e-06 -1.00684e-05 -4.478e-05 8.53656e-08 8.37895e-06 2.81285e-05 5.41595e-05 -2.48171e-05 -4.42871e-08 -1.83739e-05 -3.32978e-05 -6.41035e-05 -3.20852e-06 4.70375e-06 2.19412e-05 5.96298e-05 -3.1846e-06 -1.38555e-06 2.1408e-06 -2.48568e-05 9.68425e-06 2.84995e-05 -3.83539e-05 -5.16988e-06 1.04563e-05 -7.02566e-05
internal_weight=850 660 190 43 147 126 79 52 47 627 129 85 42 43 498 130 52 78 368 348 76 272 120 47 152 44 40
internal_count=850 660 190 43 147 126 79 52 47 627 129 85 42 43 498 130 52 78 368 348 76 272 120 47 152 44 40
is_linear=0
shrinkage=0.3


Tree=141
num_leaves=19
num_cat=0
split_feature=10 20 28 7 10 14 17 20 14 16 4 0 6 6 13 13 8 8
split_gain=3.24803e-07 3.06559e-07 8.47769e-07 1.12361e-06 2.80664e-07 4.07366e-07 9.91857e-07 5.48536e-07 4.41026e-07 7.22932e-07 9.2417e-07 7.5038e-07 6.07392e-07 1.05436e-06 1.1939e-06 7.65021e-07 6.71849e-07 1.07468e-06
threshold=2.1682522634548662 0.016357500000000004 1.0000000180025095e-35 0.0019305057666435916 -1.84348919527542 0.041155305952998412 0.016621409403358739 0.43163200000000007 0.03125001616118548 0.0018957796561495852 9023950.0000000019 4.755504732904476 -0.0019231337727346205 -0.0061729192430691653 0.020387657640047841 0.02314361284417123 -0.06146629070403329 -0.022282028062317483
decision_type=2 2 2 2 2 2 2 2 2 2 2 2 2 2 2 2 2 2
left_child=1 2 3 -1 -3 8 7 -7 12 -10 11 -11 13 14 -6 -15 -14 -18
right_child=-2 4 -4 -5 5 6 -8 -9 9 10 -12 -13 16 15 -16 -17 17 -19
leaf_value=-9.570784022798762e-05 3.6845935781976942e-05 -2.8053939849055966e-05 2.0945522128052853e-05 -1.5777226926729782e-06 4.8946758686270182e-05 8.6599564643360539e-05 -2.4136785805239923e-05 1.8030381085866661e-05 2.1148238192836289e-05 -4.2980065062181437e-05 -8.9149581399396993e-05 2.8993382782325417e-05 6.4564085346319192e-05 -6.7747514815262266e-05 -1.1027156654301384e-05 -5.202317479415797e-07 -4.3354949246515225e-05 1.3884706637341538e-05
leaf_weight=21 21 29 29 25 40 21 24 21 30 32 20 22 20 39 118 25 33 280
leaf_count=21 21 29 29 25 40 21 24 21 30 32 20 22 20 39 118 25 33 280
internal_value=-1.00693e-13 -9.33371e-07 -1.92252e-05 -4.45502e-05 8.86105e-07 2.04371e-06 2.45143e-05 5.2315e-05 -2.06766e-07 -1.81351e-05 -3.40608e-05 -1.36575e-05 3.15278e-06 -9.00222e-06 4.15611e-06 -4.14869e-05 1.12561e-05 7.84985e-06
internal_weight=850 829 75 46 754 725 66 42 659 104 74 54 555 222 158 64 333 313
internal_count=850 829 75 46 754 725 66 42 659 104 74 54 555 222 158 64 333 313
is_linear=0
shrinkage=0.3


Tree=142
num_leaves=24
num_cat=0
split_feature=3 3 0 13 7 6 0 10 5 18 18 10 10 18 18 3 6 7 17 4 27 9 14
split_gain=2.3396e-07 5.13647e-07 4.60384e-07 2.33514e-06 6.89282e-07 4.92618e-07 1.45008e-06 5.60049e-07 2.3355e-06 8.7019e-07 8.625e-07 2.05336e-06 1.22464e-06 2.06833e-06 1.16633e-06 9.43335e-07 7.97074e-07 4.72311e-07 4.52192e-07 5.93782e-07 4.54282e-07 3.65979e-07 2.46039e-07
threshold=4.5093533992767343 4.5411951541900644 4.5823455782549924 0.021294376003363851 -0.0063560456288135137 -0.018002017539892255 4.8267428735294589 -0.63257612721935008 0.0018692069111060949 -0.079862646832276535 0.41644742937423912 0.35455340370174371 0.088726562966541342 -0.55639904692476716 0.22565970547139788 5.4473314285278329 0.0040899567986331983 -0.0081550219244335229 0.0046262086676061888 5557300.0000000009 0.86648900000000018 0.028408171546365681 0.032258056927363173
decision_type=2 2 2 2 2 2 2 2 2 2 2 2 2 2 2 2 2 2 2 2 2 2 2
left_child=18 -2 3 -3 -5 6 -4 8 9 17 12 -12 13 -9 -14 -13 -11 -7 19 -1 -20 -8 -22
right_child=1 2 5 4 -6 7 21 10 -10 16 11 15 14 -15 -16 -17 -18 -19 20 -21 22 -23 -24
leaf_value=-3.6428432254638208e-05 -3.6474554541643091e-05 0.00010861691620448255 -9.2277544328161251e-05 2.2450503474829021e-05 -5.6312052438443059e-05 -5.0116774156611589e-06 -2.4003686912692502e-05 2.9134028568478244e-05 9.60831874686442e-05 -3.4200796534958275e-06 9.7659696488651944e-05 -2.2447954004329385e-05 6.2370762639640691e-06 -7.5851676453303775e-05 -5.7135618590109509e-05 5.2630766690526796e-05 6.4277788964239366e-05 -6.7911358824598473e-05 -3.9434111386071886e-06 2.5513025742349361e-05 2.4835084592008828e-05 2.7329049393301829e-05 7.075794507857478e-05
leaf_weight=30 37 20 21 20 20 22 25 24 27 49 23 61 203 57 30 20 23 21 24 26 21 25 21
leaf_count=30 37 20 21 20 20 22 25 24 27 49 23 61 203 57 30 20 23 21 24 26 21 25 21
internal_value=-9.24876e-15 -2.0375e-06 -1.93544e-07 2.49185e-05 -1.69308e-05 -2.58137e-06 -2.61225e-05 4.033e-07 1.66807e-05 -1.96165e-06 -5.12633e-06 1.85525e-05 -1.2969e-05 -4.47448e-05 -1.9225e-06 -3.91e-06 1.82056e-05 -3.57301e-05 1.21582e-05 -7.6699e-06 2.8982e-05 1.66268e-06 4.77965e-05
internal_weight=850 728 691 60 40 631 71 560 142 115 418 104 314 81 233 81 72 43 122 56 66 50 42
internal_count=850 728 691 60 40 631 71 560 142 115 418 104 314 81 233 81 72 43 122 56 66 50 42
is_linear=0
shrinkage=0.3


Tree=143
num_leaves=28
num_cat=0
split_feature=17 17 14 14 28 21 22 19 19 27 18 17 16 6 15 13 21 10 21 19 10 19 19 27 8 20 4
split_gain=3.2316e-07 1.50465e-06 8.6901e-07 8.50481e-07 6.14922e-07 6.82095e-07 9.85023e-07 6.52469e-07 6.10174e-07 6.79604e-07 4.45558e-07 5.35831e-07 1.03288e-06 5.6394e-07 1.32351e-06 5.33237e-07 5.03803e-07 1.73505e-06 9.98704e-07 9.77969e-07 9.24881e-07 1.15886e-06 6.35294e-07 5.22571e-07 3.51989e-07 3.18949e-07 2.83487e-07
threshold=0.0065430508739813533 0.0079443893972242895 0.016410258023605403 0.019111759146066446 1.0000000180025095e-35 0.029362000000000003 0.80836050000000015 0.036424000000000005 -0.87928099999999987 0.83358900000000002 -0.63737872894417091 0.0055558108526588485 0.0027356051276024103 -0.01673101333137763 0.0083044943002777271 0.021678686936764079 0.046318500000000006 1.343593566184184 0.039126000000000008 -0.057317499999999993 -0.93651617879342564 0.39742100000000008 0.026236500000000003 0.83215150000000004 1.0000000180025095e-35 0.11103200000000001 5557300.0000000009
decision_type=2 2 2 2 2 2 2 2 2 2 2 2 2 2 2 2 2 2 2 2 2 2 2 2 2 2 2
left_child=10 -2 -3 -4 5 -5 7 -7 -6 -10 15 13 -13 14 -12 -1 17 18 19 -15 26 22 -22 -23 -11 -17 -18
right_child=1 2 3 4 8 6 -8 -9 9 24 11 12 -14 16 -16 25 20 -19 -20 -21 21 23 -24 -25 -26 -27 -28
leaf_value=-5.2506516100038426e-05 -6.2551510438879632e-05 -5.0417247499012775e-05 6.1633584631305306e-05 3.1170756250907696e-05 5.5670073987000378e-05 2.3214585724673497e-05 -8.0674961126143375e-05 -2.6732727155497149e-05 3.875358269279757e-05 9.696521936513652e-06 -6.9975060210304536e-05 -1.7331954378667953e-05 6.6386783718523168e-05 1.7172818421126325e-05 3.0443594433953483e-05 -2.204600200259491e-05 1.591045165696414e-05 0.00010270536570585266 5.7527180428433675e-05 -5.6008774663496297e-05 -1.3386791579250712e-05 -8.1324687425876621e-05 2.9307608350460545e-05 -1.5664860543438406e-05 -4.1862910644305467e-05 2.9090947932023222e-05 6.6421626097508114e-05
leaf_weight=25 39 28 22 27 28 36 21 68 31 22 27 21 36 42 21 23 20 21 26 27 73 24 55 20 26 21 20
leaf_count=25 39 28 22 27 28 36 21 68 31 22 27 21 36 42 21 23 20 21 26 27 73 24 55 20 26 21 20
internal_value=2.07636e-13 -7.02559e-06 -1.74668e-08 5.00458e-06 1.94389e-07 -1.20702e-05 -2.14102e-05 -9.44327e-06 1.76169e-05 4.12973e-06 4.87033e-06 8.43815e-06 3.5543e-05 4.32916e-06 -2.60419e-05 -1.7519e-05 8.77371e-06 2.46685e-05 7.41819e-06 -1.14635e-05 7.65779e-08 -9.47911e-06 4.95846e-06 -5.14793e-05 -1.82315e-05 2.36027e-06 4.1166e-05
internal_weight=850 348 309 281 259 152 125 104 107 79 502 433 57 376 48 69 328 116 95 69 212 172 128 44 48 44 40
internal_count=850 348 309 281 259 152 125 104 107 79 502 433 57 376 48 69 328 116 95 69 212 172 128 44 48 44 40
is_linear=0
shrinkage=0.3


Tree=144
num_leaves=21
num_cat=0
split_feature=27 18 28 27 9 17 16 7 21 16 4 1 1 10 19 23 1 9 14 21
split_gain=3.13585e-07 8.20264e-07 8.5343e-07 6.8769e-07 6.94112e-07 6.74296e-07 6.46187e-07 8.78541e-07 5.4228e-07 4.83374e-07 4.65006e-07 4.53427e-07 8.25411e-07 7.1285e-07 6.93229e-07 7.13081e-07 5.6541e-07 4.89485e-07 8.05466e-07 7.60631e-07
threshold=0.93533000000000011 -0.09660208211877061 1.0000000180025095e-35 0.93312550000000016 0.044741577055879243 0.0072919689631933318 0.0057142802647182434 -0.0022806467878944523 0.039014000000000007 0.012422401233465245 4429250.0000000009 4.5717998283050676 4.6205579109971788 -0.12875607422848018 0.64977800000000008 1.0000000180025095e-35 4.6572696163511118 0.027906134926628034 0.029110488041723937 0.15009150000000002
decision_type=2 2 2 2 2 2 2 2 2 2 2 2 2 2 2 2 2 2 2 2
left_child=3 2 8 4 11 -6 7 -3 10 -8 -2 14 13 -13 15 -1 -14 18 -18 -19
right_child=1 6 -4 -5 5 -7 9 -9 -10 -11 -12 12 16 -15 -16 -17 17 19 -20 -21
leaf_value=1.6685218357300374e-05 -1.8167782955060829e-05 -0.00010172994982895034 5.2730004974897567e-05 5.6591557742129744e-05 3.0860660211828874e-06 -7.388257812895711e-05 1.6969544032525101e-05 -2.1578015432055508e-05 -5.0261451297046729e-05 -4.2136112861044238e-05 4.3204416815569854e-05 -2.2624709572482971e-07 4.3024878791442231e-05 -7.3345137229807728e-05 -1.6262998810116888e-05 8.5240691776727377e-05 4.7390205749077849e-06 5.2859542092147209e-05 -2.9552932171470643e-05 -3.8134487654810689e-06
leaf_weight=36 25 20 29 21 20 21 33 32 20 20 20 24 32 24 26 22 258 39 81 47
leaf_count=36 25 20 29 21 20 21 33 32 20 20 20 24 32 24 26 22 258 39 81 47
internal_value=-1.89449e-13 -1.0422e-05 9.93441e-06 3.18585e-06 1.40566e-06 -3.63369e-05 -2.86459e-05 -5.24057e-05 -9.159e-06 -5.33448e-06 9.10875e-06 4.0329e-06 6.38124e-07 -3.67857e-05 2.4442e-05 4.2689e-05 4.56885e-06 1.67334e-06 -3.45463e-06 2.18871e-05
internal_weight=850 199 94 651 630 41 105 52 65 53 45 589 505 48 84 58 457 425 339 86
internal_count=850 199 94 651 630 41 105 52 65 53 45 589 505 48 84 58 457 425 339 86
is_linear=0
shrinkage=0.3


Tree=145
num_leaves=13
num_cat=0
split_feature=21 18 21 11 11 22 4 10 11 6 6 6
split_gain=2.7512e-07 7.84779e-07 6.24213e-07 4.45566e-07 4.83368e-07 3.37723e-07 5.10988e-07 4.94648e-07 3.20806e-07 5.19552e-07 6.54342e-07 4.74289e-07
threshold=0.023491000000000005 -0.10346593420410559 0.020047500000000003 85.628207632302505 80.464698833902148 0.93009700000000006 6218800.0000000009 1.9636112223669608 15.40455069074387 -0.0072139227061098054 -0.010852860263247775 -0.0019231337727346205
decision_type=2 2 2 2 2 2 2 2 2 2 2 2
left_child=1 -1 -3 4 5 7 -7 8 -2 10 -10 -11
right_child=3 2 -4 -5 -6 6 -8 -9 9 11 -12 -13
leaf_value=1.6959125704328041e-05 -3.3395555953535691e-05 -1.0326196839425551e-05 -8.2793636502174201e-05 -3.4778241563893466e-05 4.2530459514801401e-05 -2.3906385119213763e-06 5.0154423426588877e-05 -3.8071292883614661e-05 5.971811844790648e-06 -2.4151625078773091e-05 4.7807804776311968e-05 1.7190022494321202e-06
leaf_weight=34 23 23 20 29 27 36 31 30 143 79 44 331
leaf_count=34 23 23 20 29 27 36 31 30 143 79 44 331
internal_value=-1.74352e-13 -1.71008e-05 -4.4032e-05 1.70345e-06 3.12545e-06 1.64158e-06 2.19213e-05 -4.48789e-07 1.37165e-06 2.7111e-06 1.58156e-05 -3.26583e-06
internal_weight=850 77 43 773 744 717 67 650 620 597 187 410
internal_count=850 77 43 773 744 717 67 650 620 597 187 410
is_linear=0
shrinkage=0.3


Tree=146
num_leaves=16
num_cat=0
split_feature=10 11 7 3 0 14 16 19 13 5 22 4 4 21 18
split_gain=2.67295e-07 2.90726e-07 6.45749e-07 4.34153e-07 2.55799e-07 1.08726e-06 2.8454e-07 3.2343e-07 4.38941e-07 4.90923e-07 3.1292e-07 8.58309e-07 4.20479e-07 6.38096e-07 4.93185e-07
threshold=2.1682522634548662 78.451823618019588 0.0040690602174581455 5.0775434970855722 5.8590107488271945 0.027461749736665278 0.017952968093426679 -0.90592499999999998 0.02031883155094099 -0.013372054674035032 0.89231500000000008 5319600.0000000009 6717400.0000000009 0.032569000000000008 -0.84198298904362134
decision_type=2 2 2 2 2 2 2 2 2 2 2 2 2 2 2
left_child=1 4 -3 -4 6 -6 7 8 -1 -10 12 -12 14 -14 -9
right_child=-2 2 3 -5 5 -7 -8 10 9 -11 11 -13 13 -15 -16
leaf_value=5.4113326124934243e-05 3.3425287412163533e-05 -5.7930630595365065e-05 -2.7722686622269065e-05 3.4786313099175454e-05 -7.231972254885477e-05 2.5416630415163257e-05 -2.3899465547098467e-05 -2.1836200749021372e-05 4.0615124862597444e-05 -1.4190634883591788e-05 -4.9957064360720925e-05 1.756898696925191e-05 4.0921258810807817e-05 -1.4679092757901823e-05 1.3559414589303008e-05
leaf_weight=25 21 25 20 20 20 21 36 40 24 38 36 32 21 161 310
leaf_count=25 21 25 20 20 20 21 36 40 24 38 36 32 21 161 310
internal_value=1.32191e-13 -8.4672e-07 -2.01076e-05 3.53181e-06 7.91966e-07 -2.22596e-05 2.09918e-06 3.46155e-06 2.05558e-05 7.0245e-06 9.82894e-07 -1.81801e-05 3.4323e-06 -8.26367e-06 9.5142e-06
internal_weight=850 829 65 40 764 41 723 687 87 62 600 68 532 182 350
internal_count=850 829 65 40 764 41 723 687 87 62 600 68 532 182 350
is_linear=0
shrinkage=0.3


Tree=147
num_leaves=21
num_cat=0
split_feature=27 18 15 4 3 15 15 5 6 27 14 22 17 4 12 8 12 22 9 2
split_gain=2.43718e-07 5.09704e-07 4.40505e-07 6.65349e-07 6.29949e-07 5.00063e-07 3.63813e-07 5.36593e-07 7.39973e-07 7.57294e-07 3.89664e-07 5.34866e-07 4.03598e-07 9.41879e-07 5.91337e-07 1.07917e-06 7.98873e-07 4.32027e-07 3.45393e-07 3.17449e-07
threshold=0.93511250000000012 -0.37568828797675946 -1.0000000180025095e-35 4583200.0000000009 4.9751684665679941 0.0072072522784614448 0.031509005178273715 0.017184535812722373 0.0074768287037527007 0.78792450000000003 0.01020402304583133 0.0099465000000000022 0.001586162322713112 3821000.0000000005 0.00095953718544498966 -0.006322591340307584 0.001393913160567949 0.14628400000000003 0.018670898942443306 4.5381271944892179
decision_type=2 2 2 2 2 2 2 2 2 2 2 2 2 2 2 2 2 2 2 2
left_child=6 18 4 -4 19 -5 7 10 9 -9 -1 -12 13 -13 15 -14 -16 -15 -2 -3
right_child=1 2 3 5 -6 -7 -8 8 -10 -11 11 12 14 17 16 -17 -18 -19 -20 -21
leaf_value=2.9954023893179297e-05 3.8808140641322093e-05 -4.4211308756660268e-05 -4.4819390586781077e-05 5.2887314959662033e-05 -7.9276004076486318e-05 -6.5783170845991529e-06 -3.6975908087697463e-05 7.9653425229610415e-06 -1.632671139346216e-05 8.4561365096865655e-05 -4.924515216771397e-05 3.3488689535131143e-05 9.8237145923393935e-06 -1.2714955869341794e-05 7.0312988526149473e-05 -3.2593201167454152e-05 9.6193538368456476e-06 -6.8033951881968989e-05 -7.9048130859958058e-06 5.3805934385309227e-06
leaf_weight=39 28 21 24 20 21 35 20 21 22 26 20 21 145 24 22 86 173 27 29 26
leaf_count=39 28 21 24 20 21 35 20 21 22 26 20 21 145 24 22 86 173 27 29 26
internal_value=-9.1192e-14 -9.03975e-06 -1.83775e-05 -3.14127e-06 -3.60785e-05 1.50455e-05 2.85466e-06 4.1272e-06 2.90823e-05 5.03376e-05 1.03581e-06 -1.14143e-06 7.9045e-07 -1.99835e-05 4.30154e-06 -5.96786e-06 1.64668e-05 -4.20015e-05 1.50419e-05 -1.67775e-05
internal_weight=850 204 147 79 68 55 646 626 69 47 557 518 498 72 426 231 195 51 57 47
internal_count=850 204 147 79 68 55 646 626 69 47 557 518 498 72 426 231 195 51 57 47
is_linear=0
shrinkage=0.3


Tree=148
num_leaves=27
num_cat=0
split_feature=18 14 4 21 3 14 21 14 26 7 11 23 27 20 4 6 27 6 22 3 13 7 21 18 6 14
split_gain=1.95711e-07 2.65968e-07 7.08709e-07 1.13108e-06 1.23178e-06 6.77659e-07 4.99814e-07 6.0605e-07 7.49548e-07 4.20924e-07 6.10865e-07 4.14188e-07 4.00883e-07 2.71086e-07 3.76671e-07 7.06885e-07 9.84704e-07 8.74054e-07 5.14597e-07 1.07277e-06 8.27682e-07 4.50291e-07 4.9941e-07 4.9699e-07 3.92271e-07 1.95294e-07
threshold=1.1998820059431126 0.018292665197904841 5157750.0000000009 0.097714000000000009 4.7735815048217782 0.01892019575879398 0.091627000000000014 0.01634320888467599 0.88562450000000015 -1.0000000180025095e-35 63.829656451794229 0.29166650000000005 0.94413650000000005 0.013148500000000002 5319600.0000000009 0.0055710578968266155 0.89878350000000007 -0.0021367392770927991 0.50293650000000012 5.1315364837646493 0.025098019072123237 -0.011267762782359502 0.040185000000000005 -0.09660208211877061 0.012796743152923009 0.02479396012085296
decision_type=2 2 2 2 2 2 2 2 2 2 2 2 2 2 2 2 2 2 2 2 2 2 2 2 2 2
left_child=1 2 6 11 -5 -3 7 8 -1 -8 -11 -4 -10 -7 15 16 17 -15 21 20 -20 23 -23 -16 -17 -18
right_child=-2 5 3 4 -6 13 9 -9 12 10 -12 -13 -14 14 18 24 25 -19 19 -21 -22 22 -24 -25 -26 -27
leaf_value=6.5940129013597462e-05 2.6705671587023968e-05 5.1418487830233059e-05 -3.7383701723976104e-05 -5.6170177405242012e-05 3.2708549103214557e-05 -2.9011478076986697e-05 1.3112517980126929e-05 -2.2497908910736441e-05 -2.5693204691918935e-05 -5.0274168188479962e-05 1.4212892365321748e-05 -9.770731471689941e-05 3.4372993623037475e-05 -3.2967889480993299e-06 -1.3881650711482506e-05 -6.2303581177859869e-05 -9.8516112421234336e-06 7.3248480191978154e-05 -4.7147388301027604e-05 6.4704092439499681e-05 2.2523803616087731e-05 2.3997908114966672e-05 -1.6839734884465194e-05 4.6050685184375405e-05 -1.0602068789012263e-05 -5.0385772847221231e-05
leaf_weight=32 24 25 21 23 36 26 35 25 20 39 20 20 20 29 20 28 23 25 21 39 57 34 130 33 25 20
leaf_count=32 24 25 21 23 36 26 35 25 20 39 20 20 20 29 20 28 23 25 21 39 57 34 130 33 25 20
internal_value=-5.40581e-14 -7.75952e-07 -8.07517e-06 -2.85361e-05 -1.93909e-06 3.19428e-06 2.63736e-06 1.77447e-05 3.17178e-05 -1.29521e-05 -2.84141e-05 -6.68099e-05 4.33989e-06 8.30346e-07 2.43342e-06 -1.0055e-05 5.16807e-06 3.21408e-05 8.04199e-06 2.40788e-05 3.76618e-06 -6.04595e-07 -8.37339e-06 2.34347e-05 -3.79161e-05 -2.87047e-05
internal_weight=850 826 291 100 59 535 191 97 72 94 59 41 40 510 484 150 97 54 334 117 78 217 164 53 53 43
internal_count=850 826 291 100 59 535 191 97 72 94 59 41 40 510 484 150 97 54 334 117 78 217 164 53 53 43
is_linear=0
shrinkage=0.3


Tree=149
num_leaves=26
num_cat=0
split_feature=3 18 18 1 0 22 9 13 27 27 16 13 9 13 10 10 0 8 1 13 6 17 4 5 22
split_gain=2.05744e-07 9.90915e-07 2.02373e-07 6.10258e-07 5.89569e-07 5.34043e-07 4.73177e-07 1.81123e-06 7.88459e-07 1.25618e-06 6.21647e-07 5.65452e-07 6.64273e-07 5.51754e-07 4.15238e-07 7.19364e-07 3.7053e-07 8.22682e-07 6.44853e-07 5.78042e-07 4.73854e-07 3.56293e-07 3.24273e-07 2.95528e-07 2.41619e-07
threshold=5.8394467830657968 -0.11488823014842799 -0.16093434475120941 4.5948544174923542 5.6392984388769101 0.11201600000000002 0.013793944959242082 0.025098019072123237 0.71706350000000008 0.80802550000000017 0.0061350123982539702 0.022426083707612929 0.015914030077940355 0.037588688028034285 -1.2973667059762375 -0.97121851316021812 4.9333212520714129 -0.040815320072052956 5.2966761070873565 0.030400720345161499 0.0091954855547597379 0.003960392113094788 2799450.0000000005 0.0016091872343663939 0.18022550000000001
decision_type=2 2 2 2 2 2 2 2 2 2 2 2 2 2 2 2 2 2 2 2 2 2 2 2 2
left_child=2 -2 3 5 6 -1 7 8 -4 -10 -11 12 -8 14 -13 -16 17 -5 20 21 -18 24 -23 -20 -19
right_child=1 -3 4 16 -6 -7 11 -9 9 10 -12 13 -14 -15 15 -17 18 19 23 -21 -22 22 -24 -25 -26
leaf_value=-7.2468021897975628e-06 3.0226340237751843e-05 -5.0890801768136124e-05 -4.7069239326447128e-05 -7.3287339119301384e-05 5.0958125271449717e-05 4.6374550648969097e-05 -2.1749522838945269e-05 9.1538987703643215e-05 8.120588085148483e-05 -1.9303580477014747e-05 2.8012204977751866e-05 1.4576515441776477e-05 4.6440745366756654e-05 2.084158608900347e-05 -7.7645042001677208e-05 -1.6737636723598907e-05 4.8436773397497745e-05 -2.0768569579053693e-05 7.1281805188706269e-07 3.3853258667347418e-05 -1.0427986908325694e-05 -1.2481612960982603e-05 -5.9105076039047377e-05 -4.4969626196689204e-05 2.2137180751867292e-05
leaf_weight=32 23 33 24 23 24 35 20 24 20 64 41 29 36 39 20 137 32 27 26 21 20 25 29 25 21
leaf_count=32 23 33 24 23 24 35 20 24 20 64 41 29 36 39 20 137 32 27 26 21 20 25 29 25 21
internal_value=7.49531e-14 -1.75748e-05 1.23953e-06 -4.65104e-06 5.13372e-06 2.07644e-05 2.71128e-06 1.50547e-05 2.73508e-06 1.22975e-05 -8.27893e-07 -4.88804e-06 2.20871e-05 -1.16019e-05 -1.84045e-05 -2.44965e-05 -1.14897e-05 -2.12099e-05 2.28844e-06 -1.14719e-05 2.57965e-05 -2.08035e-05 -3.75201e-05 -2.16805e-05 -1.9973e-06
internal_weight=850 56 794 316 478 67 454 173 149 125 105 281 56 225 186 157 249 146 103 123 52 102 54 51 48
internal_count=850 56 794 316 478 67 454 173 149 125 105 281 56 225 186 157 249 146 103 123 52 102 54 51 48
is_linear=0
shrinkage=0.3


Tree=150
num_leaves=24
num_cat=0
split_feature=19 5 16 18 12 16 19 4 19 7 5 2 7 7 26 10 14 14 7 10 4 17 17
split_gain=2.07909e-07 5.49112e-07 5.62739e-07 8.22037e-07 7.76761e-07 6.49212e-07 4.04982e-07 2.93055e-07 3.28054e-07 2.78614e-07 2.94967e-07 5.88008e-07 5.51016e-07 6.10053e-07 5.45763e-07 5.14738e-07 5.03438e-07 6.47898e-07 5.69152e-07 4.14956e-07 3.90166e-07 3.4573e-07 1.7103e-07
threshold=0.46190400000000004 0.023079956357347879 0.0080080563581414275 0.41644742937423912 -0.0023564206612489793 0.012257406663506982 0.39742100000000008 2940400.0000000005 0.83415450000000013 -0.034871093134794744 0.0082562587389345878 5.7917995323599367 0.0059765104137256162 0.0076702910981556053 0.6639155000000001 0.95568287739756086 0.028542306375239947 0.033598382634683614 -0.0063560456288135137 0.10068058853957727 9890750.0000000019 0.0020682524989572263 0.010507928407434001
decision_type=2 2 2 2 2 2 2 2 2 2 2 2 2 2 2 2 2 2 2 2 2 2 2
left_child=6 2 3 4 22 -4 9 -6 -9 -1 11 12 15 -14 -15 19 18 -18 -12 -11 -19 -20 -2
right_child=1 -3 5 -5 7 -7 -8 8 -10 10 16 -13 13 14 -16 -17 17 20 21 -21 -22 -23 -24
leaf_value=-3.3116507756858483e-05 6.4977793140315034e-05 -3.4439607909007462e-05 -3.748892513044666e-05 6.6987337659156766e-05 1.7844163022377401e-05 2.4722826936760192e-05 -4.3843852732347191e-05 4.8479231622877707e-06 -4.4255996428546494e-05 8.5273578412595128e-06 -1.4230602105921466e-05 -4.9779227595081459e-05 -5.7642091024508075e-05 1.0265749986371832e-05 -3.0308676530829904e-05 3.9335079267893412e-05 -4.9695058090616259e-05 -1.3952334913483354e-05 1.7110158456489443e-05 -2.3446325254321603e-05 3.9598778789695645e-05 6.4195098627806149e-05 2.5744231575117737e-05
leaf_weight=24 20 25 36 30 29 26 21 24 25 164 21 24 26 70 52 38 22 25 25 47 24 32 20
leaf_count=24 20 25 36 30 29 26 21 24 25 164 21 24 26 70 52 38 22 25 25 47 24 32 20
internal_value=-9.83282e-14 7.59019e-06 1.25937e-05 2.26452e-05 1.13718e-05 -1.14001e-05 -2.90031e-06 -6.05858e-06 -2.02051e-05 -1.45282e-06 -1.19608e-07 -4.17958e-06 -1.42292e-06 -1.59199e-05 -7.02827e-06 7.19374e-06 1.13518e-05 -6.92576e-06 2.79892e-05 1.40526e-06 1.22768e-05 4.35438e-05 4.5361e-05
internal_weight=850 235 210 148 118 62 615 78 49 594 570 421 397 148 122 249 149 71 78 211 49 57 40
internal_count=850 235 210 148 118 62 615 78 49 594 570 421 397 148 122 249 149 71 78 211 49 57 40
is_linear=0
shrinkage=0.3


Tree=151
num_leaves=27
num_cat=0
split_feature=10 13 10 14 17 20 10 19 4 13 14 14 4 20 13 10 18 18 13 17 18 26 17 7 4 6
split_gain=1.88847e-07 5.46001e-07 5.13182e-07 7.76457e-07 7.67037e-07 4.19884e-07 5.65604e-07 4.15131e-07 4.08432e-07 4.46816e-07 4.19932e-07 5.18257e-07 4.15104e-07 5.56444e-07 3.62039e-07 3.95834e-07 5.48908e-07 6.64881e-07 5.82199e-07 5.30522e-07 4.86788e-07 4.64425e-07 3.17019e-07 3.10824e-07 4.24157e-07 2.04347e-07
threshold=0.38794269152766264 0.014820282243353305 0.088726562966541342 0.01634320888467599 0.004324325254554561 0.028830000000000005 -0.58617153995200233 -0.90592499999999998 4853200.0000000009 0.022680274281692159 0.017915444006012617 0.038287707927520585 10174700.000000002 0.086446500000000023 0.015400649716570177 -1.84348919527542 -0.059146842663714276 -0.32578988327608366 0.02031883155094099 0.0061161599016755627 0.33885682371296416 0.8094960000000001 0.003717468494625154 0.0021835184963592221 3552250.0000000005 0.0037106087174468712
decision_type=2 2 2 2 2 2 2 2 2 2 2 2 2 2 2 2 2 2 2 2 2 2 2 2 2 2
left_child=2 -2 5 -4 -5 6 7 -1 23 22 -11 12 13 -12 -7 -16 17 21 -18 -19 -20 -17 -10 24 -3 -25
right_child=1 8 3 4 -6 14 -8 -9 9 10 11 -13 -14 -15 15 16 18 19 20 -21 -22 -23 -24 25 -26 -27
leaf_value=1.7043068475834079e-05 3.4184370805052885e-05 -1.535326881904356e-05 7.7660410761382073e-05 -3.2233238307625194e-05 4.3679738184437154e-05 -2.2967484151673775e-05 -5.3847969197054868e-05 -3.6602690779545808e-05 -4.9985968234977918e-06 -4.52467466516282e-05 5.7903585457097506e-05 -3.2324003166793675e-05 -2.2611361425057503e-05 2.6791340395413077e-06 -2.973615214218823e-05 -6.7331744586144018e-07 7.2144327091336891e-05 4.3334436844994737e-06 3.6156287505711022e-05 -5.2211623679454529e-05 -2.7117105699305503e-06 4.6244573131216693e-05 4.4097608225331043e-05 -2.3228023119686285e-05 -6.6054819323350472e-05 1.4637476180931353e-05
leaf_weight=37 29 33 20 23 25 38 28 20 20 24 24 38 28 52 23 55 20 28 58 32 58 29 29 29 27 23
leaf_count=37 29 33 20 23 25 38 28 20 20 24 24 38 28 52 23 55 20 28 58 32 58 29 29 29 27 23
internal_value=1.27677e-13 -5.26751e-06 3.79602e-06 2.79976e-05 7.30477e-06 -6.71425e-08 -1.89318e-05 -1.78e-06 -8.7663e-06 -1.11392e-06 -8.54428e-06 -2.34105e-06 8.61426e-06 2.01184e-05 4.63519e-06 8.09691e-06 1.12046e-05 -1.704e-06 2.48726e-05 -2.58239e-05 1.67223e-05 1.55245e-05 2.40583e-05 -2.34561e-05 -3.8169e-05 -6.47982e-06
internal_weight=850 356 494 68 48 426 85 57 327 215 166 142 104 76 341 303 280 144 136 60 116 84 49 112 60 52
internal_count=850 356 494 68 48 426 85 57 327 215 166 142 104 76 341 303 280 144 136 60 116 84 49 112 60 52
is_linear=0
shrinkage=0.3


Tree=152
num_leaves=23
num_cat=0
split_feature=14 18 22 16 19 14 3 3 1 3 8 13 13 14 1 21 26 4 18 7 19 21
split_gain=1.98574e-07 5.09339e-07 5.27501e-07 5.24336e-07 4.33012e-07 2.233e-07 1.68945e-07 7.71427e-07 3.79078e-07 5.206e-07 3.76973e-07 3.61681e-07 4.77476e-07 5.9404e-07 3.78707e-07 3.27163e-07 3.22296e-07 4.45442e-07 2.98134e-07 3.23263e-07 2.80428e-07 2.80333e-07
threshold=0.013473916766989358 -0.07187433174785153 0.50816250000000018 0.0020491294692978061 0.16589800000000002 0.014418127079165925 4.6767542362213144 4.642155885696412 4.8160283065803906 4.7978715896606454 0.020202622986101915 0.039443867367655747 0.026804070059868932 0.032928200627182762 5.0582225850334686 0.4890520000000001 0.81384250000000014 5405850.0000000009 -0.35386308561724822 -0.0019231337727346205 0.044575500000000004 0.1167885
decision_type=2 2 2 2 2 2 2 2 2 2 2 2 2 2 2 2 2 2 2 2 2 2
left_child=1 3 4 -1 -3 -2 7 15 10 -10 -8 12 13 -11 -14 16 17 -7 -18 -20 -17 -19
right_child=5 2 -4 -5 -6 6 8 -9 9 11 -12 -13 14 -15 -16 20 18 21 19 -21 -22 -23
leaf_value=-2.1484779441497296e-05 2.8253473725011904e-05 2.1034576768995197e-05 -6.6065605931172559e-05 3.1090079463817676e-05 -3.919149230155612e-05 4.6517921072262578e-05 -5.1685466202728165e-06 5.8219774655299257e-05 4.690004282435569e-05 -1.9857812921770799e-05 -5.1803755023681873e-05 -3.1128195625823914e-05 -2.1508085337700324e-05 3.0975987437614091e-05 1.8576841386805297e-05 -4.3289642857139962e-05 2.3014810358290559e-05 2.5882873186284478e-05 -3.2993817992089158e-05 9.3092042014514076e-06 -1.3194675351482338e-06 -2.3136074131408741e-05
leaf_weight=31 28 21 23 38 22 37 39 24 21 120 26 34 25 25 140 23 27 21 37 29 38 21
leaf_count=31 28 21 23 38 22 37 39 24 21 120 26 34 25 25 140 23 27 21 37 29 38 21
internal_value=-3.63066e-15 -1.05526e-05 -2.93939e-05 7.46949e-06 -9.77876e-06 1.99245e-06 9.2213e-07 7.00745e-06 -2.71491e-06 1.044e-06 -2.38226e-05 -1.75535e-06 1.46619e-06 -1.10934e-05 1.25034e-05 1.73236e-06 8.42698e-06 2.2517e-05 -3.54198e-06 -1.44061e-05 -1.71443e-05 1.3734e-06
internal_weight=850 135 66 69 43 715 687 257 430 365 65 344 310 145 165 233 172 79 93 66 61 42
internal_count=850 135 66 69 43 715 687 257 430 365 65 344 310 145 165 233 172 79 93 66 61 42
is_linear=0
shrinkage=0.3


Tree=153
num_leaves=30
num_cat=0
split_feature=5 15 14 15 22 6 11 22 0 18 9 17 8 6 10 13 12 12 12 17 9 17 10 1 17 26 19 15 20
split_gain=1.81806e-07 4.35917e-07 5.71166e-07 5.057e-07 4.17715e-07 3.08616e-07 4.68317e-07 3.75787e-07 3.41483e-07 3.27826e-07 5.00188e-07 6.10814e-07 5.61591e-07 2.87865e-07 2.83871e-07 7.18179e-07 5.40913e-07 3.74745e-07 6.98042e-07 5.40364e-07 4.85777e-07 4.45935e-07 5.67237e-07 4.89109e-07 4.25433e-07 3.08072e-07 2.69639e-07 4.0034e-07 2.69383e-07
threshold=0.0018692069111060949 0.0020533372237502225 0.014418127079165925 0.0040816286810732927 0.50816250000000018 0.0091954855547597379 79.310451673033285 0.042495500000000005 4.8242600623735061 0.47484010959019501 0.0165815208808699 0.0040404003428604835 -0.043476898536918537 0.023363891710475895 0.47823361218521437 0.022920811188601235 0.0045257162971631291 -0.00021250425347070127 -0.0010301234873947918 0.0020020020969358271 0.0090872230986239703 0.0040650367106454454 -0.58617153995200233 4.9721665087144578 0.0021120019987165809 0.65924850000000013 0.064751000000000017 -0.011976084218941233 0.14577900000000002
decision_type=2 2 2 2 2 2 2 2 2 2 2 2 2 2 2 2 2 2 2 2 2 2 2 2 2 2 2 2 2
left_child=13 2 -2 -3 -4 6 9 -7 -9 10 11 -5 -12 14 17 -16 -17 18 21 -19 -21 24 23 -23 25 -1 27 -22 -11
right_child=1 3 4 5 -6 7 -8 8 -10 28 12 -13 -14 -15 15 16 -18 19 -20 20 26 22 -24 -25 -26 -27 -28 -29 -30
leaf_value=-3.3151054855228387e-05 5.9168547873663815e-05 -3.8668912124454169e-05 -2.2732463321517571e-05 1.6592878322626347e-05 3.3239540158547243e-05 1.9991513545392079e-05 5.0581750623347362e-05 2.5341584932903061e-06 -4.807335648820299e-05 8.41923820385837e-06 -3.0520083870919001e-07 -3.5525505496908034e-05 5.3791052913363897e-05 2.0884511371533384e-05 9.8078688964912863e-06 -8.3139480661884594e-05 -1.9858348417572766e-05 4.7191051018152e-05 -6.3614582413720188e-05 -4.1778516083468277e-05 5.1459829856526083e-05 1.6381555119818692e-05 5.3096662377356551e-05 -2.8580086025517392e-05 -5.7807209234604005e-05 1.5524986549962704e-05 -1.4605498147200424e-05 -5.237864934315439e-07 -3.7891725805121279e-05
leaf_weight=22 28 28 24 50 24 21 22 20 30 20 31 34 39 38 38 20 31 28 20 20 24 51 20 38 22 25 26 30 26
leaf_count=22 28 28 24 50 24 21 22 20 30 20 31 34 39 38 38 20 31 28 20 20 24 51 20 38 22 25 26 30 26
internal_value=-1.33636e-13 4.68672e-06 2.5117e-05 -1.50344e-07 5.25354e-06 3.53061e-06 9.03678e-06 -1.36859e-05 -2.78304e-05 4.46683e-06 1.1105e-05 -4.50266e-06 2.98341e-05 -4.10735e-06 -6.39576e-06 -2.14124e-05 -4.46745e-05 -2.29614e-06 -1.04742e-05 1.03544e-05 4.00905e-08 -4.50341e-06 7.44357e-06 -2.81555e-06 -2.33762e-05 -7.25954e-06 1.04947e-05 2.258e-05 -1.77565e-05
internal_weight=850 397 76 321 48 293 222 71 50 200 154 84 70 453 415 89 51 326 198 128 100 178 109 89 69 47 80 54 46
internal_count=850 397 76 321 48 293 222 71 50 200 154 84 70 453 415 89 51 326 198 128 100 178 109 89 69 47 80 54 46
is_linear=0
shrinkage=0.3


Tree=154
num_leaves=26
num_cat=0
split_feature=7 12 7 21 9 9 13 12 18 11 15 16 17 16 9 18 27 26 21 1 18 18 7 6 5
split_gain=1.4174e-07 2.91434e-07 2.294e-07 6.63649e-07 4.64664e-07 3.00981e-07 5.56905e-07 4.712e-07 5.85016e-07 3.33716e-07 3.10217e-07 4.7133e-07 6.56208e-07 4.57117e-07 5.60748e-07 3.08647e-07 2.63827e-07 2.43447e-07 2.21726e-07 3.54148e-07 2.63962e-07 2.67424e-07 3.0004e-07 2.24976e-07 1.44229e-07
threshold=0.0086022435421892664 0.0095862520347454027 0.0042284173826080537 0.066328000000000012 0.018847316959470142 0.0065809857126401744 0.017964793498334432 -0.00021250425347070127 0.051037250701924324 76.500080579704971 -0.0040941662061952178 0.0021413353646270008 0.0040650367106455773 0.0062160288538568838 0.017905418207753213 0.096644662338970802 0.83358900000000002 0.60336600000000007 0.82111650000000014 5.7211112556698458 -0.50061854982140297 0.024125799688677129 0.017184535812722373 0.002262583783073997 -1.0000000180025095e-35
decision_type=2 2 2 2 2 2 2 2 2 2 2 2 2 2 2 2 2 2 2 2 2 2 2 2 2
left_child=2 18 5 -4 -5 -1 7 8 -7 10 13 16 -13 14 -8 -15 -12 -9 19 20 -2 22 -22 24 -23
right_child=1 -3 3 4 -6 6 9 17 -10 -11 11 12 -14 15 -16 -17 -18 -19 -20 -21 21 23 -24 -25 -26
leaf_value=3.1519877580439451e-05 2.9014843767072303e-06 2.8137278375197637e-05 4.5648961076949483e-05 1.8384988975918126e-05 -4.1946361252485081e-05 -1.0980585484503535e-05 -1.76708013359143e-05 -2.9214452351880026e-05 -8.354190094905789e-05 -2.5962994504880045e-05 -3.9811972746974783e-05 4.3467294585752821e-05 5.9388742213583182e-06 -8.0682529187470212e-06 2.6591633731018908e-05 -5.4850568091586121e-05 4.111114380123126e-06 1.3515528480638751e-05 1.6102821707765821e-05 1.4550717580939156e-05 -2.1498096082169744e-05 -4.7389866631419862e-05 -7.1096046403543563e-05 6.1099085238917421e-06 -1.1792721943493234e-05
leaf_weight=26 35 20 39 27 20 20 47 20 20 33 20 66 115 30 57 22 32 30 26 33 23 20 21 27 21
leaf_count=26 35 20 39 27 20 20 47 20 20 33 20 66 115 30 57 22 32 30 26 33 23 20 21 27 21
internal_value=1.37477e-14 -6.43719e-06 2.33142e-06 1.67183e-05 -7.28793e-06 3.16517e-08 -1.56736e-06 -2.29919e-05 -4.72612e-05 3.00186e-06 5.45903e-06 1.23911e-05 1.96233e-05 -4.89465e-06 6.58842e-06 -2.78608e-05 -1.27824e-05 -3.57646e-06 -9.79394e-06 -1.35346e-05 -1.98394e-05 -2.6946e-05 -4.51698e-05 -1.51541e-05 -2.91572e-05
internal_weight=850 226 624 86 47 538 512 90 40 422 389 233 181 156 104 52 52 50 206 180 147 112 44 68 41
internal_count=850 226 624 86 47 538 512 90 40 422 389 233 181 156 104 52 52 50 206 180 147 112 44 68 41
is_linear=0
shrinkage=0.3


Tree=155
num_leaves=26
num_cat=0
split_feature=21 3 21 16 14 12 15 5 15 21 5 3 14 14 8 10 15 15 14 11 8 1 24 14 9
split_gain=1.51384e-07 3.03119e-07 4.80595e-07 2.67002e-07 4.5379e-07 3.7073e-07 5.96995e-07 3.13492e-07 4.50072e-07 2.54251e-07 6.30653e-07 8.89557e-07 3.76613e-07 3.53708e-07 3.25477e-07 4.29126e-07 7.54533e-07 2.8997e-07 5.19467e-07 6.33407e-07 5.22323e-07 3.80867e-07 2.64843e-07 1.57602e-07 1.30894e-07
threshold=0.039738000000000002 5.820472478866578 0.034729500000000003 0.014842337201584106 0.030387095139777848 0.0015834471979054266 -0.0016420781586604369 -0.0063226106145957356 0.0020408629973885464 0.069812000000000013 0.0086022435421892664 4.8147439956665048 0.010036817059851202 0.014084770261063218 -0.028788167482830532 0.10068058853957727 -0.004110997330242957 -0.027812485700622832 0.03125001616118548 30.981154303046534 -0.027486241750107273 5.2285199192523502 1.0000000180025095e-35 0.035069575123438675 0.026796781131123205
decision_type=2 2 2 2 2 2 2 2 2 2 2 2 2 2 2 2 2 2 2 2 2 2 2 2 2
left_child=1 2 3 4 5 7 -7 -1 -9 10 14 -12 -11 22 -2 16 -16 -15 19 -19 -21 23 -14 -20 -6
right_child=9 -3 -4 -5 24 6 -8 8 -10 12 11 -13 13 17 15 -17 -18 18 21 20 -22 -23 -24 -25 -26
leaf_value=-2.0005827707791466e-05 -2.71916279481437e-05 -4.0859566771749605e-05 -4.6208044841478114e-05 -3.1258395292752535e-05 1.363555571924735e-05 -6.3162793643251842e-05 6.7987479526535657e-06 5.1248441786810871e-05 -3.8694894828950052e-06 3.2060123945829499e-05 9.0075530215472094e-05 5.190817071706988e-06 -4.0889955776416773e-05 3.4494838346940275e-05 7.1535547405281774e-05 -1.2138869902418473e-05 -9.8838001940748639e-06 4.0837371132415438e-05 -2.9799642727638178e-05 -4.7331870273410456e-05 3.5159301934299944e-06 -5.371897279076165e-05 -1.1549273075126201e-06 8.4460220674290294e-07 4.4038125411834002e-05
leaf_weight=25 28 21 21 20 25 21 23 24 30 29 20 25 36 21 21 39 20 38 23 20 200 24 26 44 26
leaf_count=25 28 21 21 20 25 21 23 24 30 29 20 25 36 21 21 39 20 38 23 20 200 24 26 44 26
internal_value=-4.06464e-14 -6.45772e-06 -3.09754e-06 1.56906e-06 5.34233e-06 -4.52289e-06 -2.6592e-05 7.76876e-06 2.06274e-05 2.48212e-06 1.30789e-05 4.29174e-05 -1.03481e-06 -3.25646e-06 6.46194e-07 1.03894e-05 3.18188e-05 2.57502e-07 -1.80262e-06 5.0712e-06 -1.1066e-06 -2.1291e-05 -2.42269e-05 -9.67506e-06 2.91349e-05
internal_weight=850 236 215 194 174 123 44 79 54 614 153 45 461 432 108 80 41 370 349 258 220 91 62 67 51
internal_count=850 236 215 194 174 123 44 79 54 614 153 45 461 432 108 80 41 370 349 258 220 91 62 67 51
is_linear=0
shrinkage=0.3


Tree=156
num_leaves=9
num_cat=0
split_feature=11 12 8 11 4 4 0 2
split_gain=1.58294e-07 2.85049e-07 1.78844e-07 1.47563e-07 1.77623e-07 2.05654e-07 1.90172e-07 5.01466e-07
threshold=16.372212445691222 -0.011372500660225748 -0.080070078660329239 90.717799720621329 17500300.000000004 13590350.000000002 5.8731740064257663 5.7165463556765062
decision_type=2 2 2 2 2 2 2 2
left_child=-1 -2 -3 4 5 6 7 -4
right_child=1 2 3 -5 -6 -7 -8 -9
leaf_value=-1.9467270095674394e-05 3.1170159511222869e-05 -2.4645637308122578e-05 3.8047592366952953e-07 2.6085002821218948e-05 -2.6582360307904972e-05 2.9341381636010573e-05 2.5055859415400708e-05 -4.6721248872927389e-05
leaf_weight=36 27 26 650 20 22 22 26 21
leaf_count=36 27 26 650 20 22 22 26 21
internal_value=9.2287e-15 8.6096e-07 -1.78872e-07 6.57049e-07 -2.92659e-08 7.83207e-07 -1.18199e-07 -1.09365e-06
internal_weight=850 814 787 761 741 719 697 671
internal_count=850 814 787 761 741 719 697 671
is_linear=0
shrinkage=0.3


Tree=157
num_leaves=31
num_cat=0
split_feature=14 14 10 17 17 17 8 21 3 6 13 26 1 16 4 18 27 27 10 12 9 12 8 11 10 0 0 9 17 12
split_gain=1.23637e-07 3.55329e-07 3.0466e-07 2.9828e-07 6.8352e-07 3.20037e-07 2.91639e-07 2.80284e-07 2.96345e-07 3.39737e-07 2.72877e-07 2.71035e-07 2.80325e-07 4.53611e-07 2.78518e-07 3.51495e-07 2.68441e-07 4.72004e-07 3.74156e-07 6.0009e-07 3.12054e-07 4.13013e-07 1.00428e-06 3.4091e-07 2.58699e-07 2.16528e-07 2.06811e-07 1.79922e-07 2.02259e-07 1.59724e-07
threshold=0.021614641672518534 0.030534358084825467 1.7654189004263725 0.0049342582506235197 0.0096153299484007804 0.012861857481049616 0.0083508459867219827 0.023222500000000004 5.2215342521667489 0.0091954855547597379 0.025180691657592656 0.068969500000000017 5.1858036405743695 0.0052959144200005401 9890750.0000000019 0.3496816796746654 0.5414770000000001 0.83358900000000002 0.93206458816111148 -0.0013550386155317129 0.0099339421532836352 -0.001844784593253133 0.022913004113911093 41.379283295142194 -0.86682167471220462 4.7095341617587581 4.8242600623735061 0.025608165974495327 0.010570811775969901 -0.0040722470331505259
decision_type=2 2 2 2 2 2 2 2 2 2 2 2 2 2 2 2 2 2 2 2 2 2 2 2 2 2 2 2 2 2
left_child=7 2 3 6 26 -6 29 -1 16 10 -10 -3 14 -14 15 27 -9 18 19 -18 23 -22 -23 -19 -16 -25 -5 28 -13 -2
right_child=1 11 -4 4 5 -7 -8 8 9 -11 -12 12 13 -15 24 -17 17 20 -20 -21 21 22 -24 25 -26 -27 -28 -29 -30 -31
leaf_value=-3.2821453997452665e-05 -1.1171450546498818e-05 2.6468331929129857e-05 4.7522605665903942e-05 2.0811304135090072e-05 -3.0756087716840934e-05 1.3086403793411507e-05 -2.9035601314717497e-05 2.4957014534265906e-05 5.8124635384047e-05 -1.4646743493358371e-05 9.1612182586686686e-06 -3.2374630194206713e-05 7.2497136053633366e-07 -4.7574656320128787e-05 -3.375571246909782e-06 -4.2519269845797682e-05 -4.6048615736667257e-05 1.8177431816184253e-05 -6.0231591981261896e-05 6.9673844395963336e-06 -1.6774952930919583e-05 5.688694821471402e-05 -1.1194831145425828e-05 -4.4862490866417539e-05 4.2631228676658466e-05 -4.2871079494943843e-06 5.9369720671501479e-05 1.5331118941886464e-05 7.8605556030776235e-06 2.4488773445997278e-05
leaf_weight=28 20 23 20 21 23 43 30 24 20 20 21 23 35 35 22 22 33 20 21 46 34 39 39 29 22 20 31 38 22 26
leaf_count=28 20 23 20 21 23 43 30 24 20 20 21 23 35 35 22 22 33 20 21 46 34 39 39 29 22 20 31 38 22 26
internal_value=9.61791e-14 3.3632e-06 1.22686e-05 8.6342e-06 1.80748e-05 -2.19204e-06 -6.02354e-06 -3.89243e-06 -1.67928e-06 1.74089e-05 3.30458e-05 -4.51185e-06 -7.76548e-06 -2.34248e-05 -4.08733e-07 -8.80501e-06 -5.49692e-06 -8.09797e-06 -2.46397e-05 -1.51785e-05 1.0411e-06 1.08183e-05 2.28461e-05 -1.48291e-05 1.96278e-05 -2.83011e-05 4.37981e-05 1.31304e-07 -1.27041e-05 8.98433e-06
internal_weight=850 456 214 194 118 66 76 394 366 61 41 242 219 70 149 105 305 281 100 79 181 112 78 69 44 49 52 83 45 46
internal_count=850 456 214 194 118 66 76 394 366 61 41 242 219 70 149 105 305 281 100 79 181 112 78 69 44 49 52 83 45 46
is_linear=0
shrinkage=0.3


Tree=158
num_leaves=20
num_cat=0
split_feature=14 14 14 9 18 14 16 20 17 3 20 18 4 4 18 10 16 6 12
split_gain=1.04471e-07 1.55828e-07 1.74568e-07 3.07817e-07 3.49585e-07 1.81898e-07 1.19383e-07 4.16509e-07 4.86449e-07 4.2181e-07 3.60977e-07 4.51135e-07 3.30221e-07 3.77201e-07 2.74618e-07 2.33631e-07 2.10075e-07 2.87391e-07 2.4551e-07
threshold=0.0081883324123904703 0.010036817059851202 0.013473916766989358 0.0079592115718830868 -0.07187433174785153 0.014418127079165925 0.0051285340024806985 0.23065850000000002 0.0020768929484820176 5.011885643005372 0.24134300000000003 0.46912029611431444 5665550.0000000009 3475100.0000000005 0.39926585693166494 -0.060094392401776935 0.012257406663506982 -0.001947382600463345 -0.0043783474027177362
decision_type=2 2 2 2 2 2 2 2 2 2 2 2 2 2 2 2 2 2 2
left_child=-1 -2 3 -3 -5 -4 10 8 -8 -10 12 15 13 -7 -14 -12 18 -18 -9
right_child=1 2 5 4 -6 6 7 16 9 -11 11 -13 14 -15 -16 -17 17 -19 -20
leaf_value=-2.0896637761325109e-05 2.3854516004575998e-05 2.0044988122478456e-05 2.5065497012682107e-05 -1.1776746630078247e-06 -4.3889527531813228e-05 6.3102041196778427e-06 -2.3926697835682158e-05 -5.1806123734753453e-05 1.1443704726557173e-06 3.3987266316533969e-05 1.9924394064513104e-05 4.3148252104018814e-05 1.855763798413959e-05 -3.6143926729437224e-05 -1.3733550028854025e-05 -5.9071090128742539e-06 2.4106914787580534e-05 -1.8044935366659143e-05 -1.5535357925234843e-05
leaf_weight=21 25 20 28 35 34 31 39 22 92 57 58 38 63 48 38 69 24 37 71
leaf_count=21 25 20 28 35 34 31 39 22 92 57 58 38 63 48 38 69 24 37 71
internal_value=-6.29808e-14 5.29348e-07 -1.95937e-07 -1.27254e-05 -2.22241e-05 1.36368e-06 3.97664e-07 -3.57435e-06 5.90114e-06 1.37084e-05 4.33514e-06 1.44707e-05 -4.95575e-06 -1.94847e-05 6.40848e-06 5.88996e-06 -1.51418e-05 -1.4606e-06 -2.41155e-05
internal_weight=850 829 804 89 69 715 687 342 188 149 345 165 180 79 101 127 154 61 93
internal_count=850 829 804 89 69 715 687 342 188 149 345 165 180 79 101 127 154 61 93
is_linear=0
shrinkage=0.3


Tree=159
num_leaves=14
num_cat=0
split_feature=5 18 15 7 9 5 18 6 10 0 27 8 9
split_gain=1.17677e-07 3.19707e-07 2.80888e-07 1.44117e-07 3.63307e-07 2.51908e-07 1.47369e-07 5.0411e-07 2.53158e-07 2.49628e-07 2.38154e-07 2.22798e-07 2.53301e-07
threshold=0.028872224229367957 0.21037024857837675 0.023000570384511084 -0.024780414032955989 0.049479924917667194 -0.0018421162566066873 0.41644742937423912 0.014122318116620526 0.95139140009501355 5.8590107488271945 0.89878350000000007 0.081508661727094908 0.031965995723738816
decision_type=2 2 2 2 2 2 2 2 2 2 2 2 2
left_child=2 -2 3 5 6 -1 9 8 10 11 -8 12 -5
right_child=1 -3 -4 4 -6 -7 7 -9 -10 -11 -12 -13 -14
leaf_value=4.6147253734878695e-06 -4.3120870031998493e-05 8.2365653611304872e-06 3.2127007869348747e-05 7.3385783443247709e-08 3.981852823926602e-05 -3.6393765348153602e-05 -3.8804043668960729e-06 5.2286447044025408e-05 -2.0329273020062526e-05 -2.9205048094809171e-05 2.4470458501468781e-05 2.7170341900273344e-05 -2.1046973530513333e-05
leaf_weight=28 20 24 25 430 21 26 60 20 36 30 48 24 58
leaf_count=28 20 24 25 430 21 26 60 20 36 30 48 24 58
internal_value=-1.03201e-13 -1.51077e-05 8.24739e-07 -1.77254e-07 9.33411e-07 -1.51301e-05 -2.23228e-07 7.6563e-06 1.45767e-06 -2.60744e-06 8.71998e-06 -1.04899e-06 -2.43682e-06
internal_weight=850 44 806 781 727 54 706 164 144 542 108 512 488
internal_count=850 44 806 781 727 54 706 164 144 542 108 512 488
is_linear=0
shrinkage=0.3


Tree=160
num_leaves=16
num_cat=0
split_feature=14 27 20 10 10 12 15 21 15 9 26 1 2 4 17
split_gain=1.11137e-07 2.58302e-07 3.11153e-07 1.39448e-07 1.20406e-07 3.86593e-07 1.53823e-07 3.10092e-07 1.6287e-07 1.81962e-07 3.04038e-07 4.60375e-07 2.95407e-07 2.06602e-07 2.68935e-07
threshold=0.042920573335839318 0.7601730000000001 0.058683000000000006 2.1132229765079296 -1.5859919113454308 -0.0040245143172893631 -0.016618597469506554 0.11427900000000001 -0.014631121133009087 0.013487616485657139 0.22707450000000004 4.7361148764702907 4.5103665239131061 14302300.000000002 0.0018150730369214608
decision_type=2 2 2 2 2 2 2 2 2 2 2 2 2 2 2
left_child=3 -2 -3 4 5 -1 7 -6 -8 10 11 -10 -12 14 -11
right_child=1 2 -4 -5 6 -7 8 -9 9 13 12 -13 -14 -15 -16
leaf_value=4.6358765856098211e-05 1.6469272121788018e-05 3.5334668629397686e-06 -4.0348961622591811e-05 2.5230886473894183e-05 2.6612233506801368e-06 -1.0671249391753403e-05 2.6781764024365526e-05 -4.3319879489251374e-05 4.5560376423489524e-05 -1.263528122194657e-05 1.6725291802036476e-05 -1.2706884318994034e-05 -1.6572227644758526e-05 -2.4232740659871607e-05 9.3544648237251076e-06
leaf_weight=20 23 26 33 21 33 23 21 22 23 60 28 26 167 22 302
leaf_count=20 23 26 33 21 33 23 21 22 23 60 28 26 167 22 302
internal_value=-5.26638e-14 -1.04982e-05 -2.10109e-05 1.1209e-06 4.43111e-07 1.58543e-05 -4.982e-07 -1.57312e-05 7.92734e-07 -7.63264e-08 -6.48256e-06 1.46431e-05 -1.1791e-05 3.9943e-06 5.70976e-06
internal_weight=850 82 59 768 747 43 704 55 649 628 244 49 195 384 362
internal_count=850 82 59 768 747 43 704 55 649 628 244 49 195 384 362
is_linear=0
shrinkage=0.3


Tree=161
num_leaves=23
num_cat=0
split_feature=4 17 9 23 19 19 26 5 4 16 16 20 7 6 6 6 4 18 4 13 17 4
split_gain=9.00526e-08 1.43486e-07 2.72762e-07 3.64829e-07 3.13774e-07 3.09418e-07 1.69335e-07 2.93764e-07 1.61285e-07 2.16387e-07 2.51104e-07 2.90434e-07 3.72585e-07 5.78932e-07 3.21308e-07 3.05788e-07 4.46157e-07 2.42951e-07 3.52435e-07 2.88728e-07 2.38545e-07 1.09424e-07
threshold=20394850.000000004 0.0021120019987165809 0.010847224940022715 0.58333350000000006 -0.072833499999999982 -0.45834299999999994 0.71860250000000014 0.0084266338817136372 15564950.000000002 0.01048212035589848 0.0087436727102814162 0.33791350000000003 -0.0068787841793001596 -1.0000000180025095e-35 -0.011904824381018815 0.0019305057666435916 7625150.0000000009 0.22973446692731955 5121050.0000000009 0.030639690464356495 0.0095831673895926499 6218800.0000000009
decision_type=2 2 2 2 2 2 2 2 2 2 2 2 2 2 2 2 2 2 2 2 2 2
left_child=1 2 3 -1 5 -4 7 -6 9 10 11 15 13 -13 -14 16 -3 18 -11 -19 -17 -8
right_child=-2 8 4 -5 6 -7 21 -9 -10 17 -12 12 14 -15 -16 20 -18 19 -20 -21 -22 -23
leaf_value=2.5557961635058747e-06 -1.8115248357730708e-05 -2.7703861065414715e-05 1.5244440419337479e-06 4.5414884446224526e-05 -4.5676531063539491e-06 4.7624506796637435e-05 -1.0512443110532e-05 -4.9215128586053781e-05 -2.8407748304744017e-05 -2.1807495977554936e-06 -3.2903380515563184e-05 -8.0457189402035772e-06 2.9481373624785981e-05 5.7359350473140287e-05 -1.0809298235132321e-05 1.1272714188731027e-05 8.2824341875080293e-06 1.8795943762078035e-05 4.5358623191305013e-05 -3.156955411668605e-05 -1.3143412167178681e-05 2.0147773072949347e-05
leaf_weight=39 24 105 38 33 36 20 22 21 20 25 25 21 23 29 79 95 44 21 32 20 58 20
leaf_count=39 24 105 38 33 36 20 22 21 20 25 25 21 23 29 79 95 44 21 32 20 58 20
internal_value=-2.33125e-14 5.26351e-07 6.91054e-06 2.21995e-05 -1.00971e-07 1.7421e-05 -1.03664e-05 -2.10167e-05 -1.92253e-06 -1.0045e-06 -3.63231e-06 -2.02046e-06 8.67499e-06 2.98892e-05 -1.72415e-06 -7.4036e-06 -1.7077e-05 1.18396e-05 2.4508e-05 -5.77259e-06 2.01693e-06 4.08766e-06
internal_weight=850 826 229 72 157 58 99 57 597 577 479 454 152 50 102 302 149 98 57 41 153 42
internal_count=850 826 229 72 157 58 99 57 597 577 479 454 152 50 102 302 149 98 57 41 153 42
is_linear=0
shrinkage=0.3


Tree=162
num_leaves=20
num_cat=0
split_feature=11 9 12 18 18 7 17 2 9 6 12 18 16 15 7 17 4 0 27
split_gain=8.6718e-08 1.2752e-07 1.50051e-07 1.48057e-07 2.78445e-07 2.74981e-07 3.60035e-07 3.43147e-07 2.96096e-07 3.67759e-07 3.52006e-07 2.40178e-07 3.16803e-07 2.01245e-07 3.22009e-07 2.45253e-07 2.56183e-07 1.95797e-07 1.25086e-07
threshold=16.372212445691222 0.047811829203816165 0.010095917662578556 0.11315601241399345 0.16371039251503808 -0.0097816194895147292 0.0037348269453300457 4.6670715700588721 0.017372912864561614 -0.0061729192430691653 -0.0024581083386689363 0.038767913589520447 0.0040941662061952195 0.0086300113298315734 0.017184535812722373 0.0034632648595786532 4616350.0000000009 4.8032920088067401 0.86051850000000008
decision_type=2 2 2 2 2 2 2 2 2 2 2 2 2 2 2 2 2 2 2
left_child=-1 2 3 11 -5 6 -6 -8 9 -7 -10 13 -13 14 17 18 -17 -2 -15
right_child=1 -3 -4 4 5 8 7 -9 10 -11 -12 12 -14 15 -16 16 -18 -19 -20
leaf_value=-1.4408785645988094e-05 -8.2402442813909382e-06 2.0531610247839383e-05 -2.449814480149309e-05 3.8120883767657107e-05 -1.1325498644509934e-05 4.1425918199422539e-05 8.3436444288054198e-06 6.2638588600417598e-05 -4.9354244383721378e-05 3.7032249653950403e-07 -5.0177870023792604e-06 1.6102540689644229e-06 -5.1786649928544646e-05 -2.2120440605379244e-05 -3.1119401243510461e-05 2.0059401606431493e-06 4.3907430763910868e-05 7.9317092058772687e-06 1.0249210225248879e-05
leaf_weight=36 149 28 22 22 21 24 20 22 20 108 83 20 20 21 36 24 29 123 22
leaf_count=36 149 28 22 22 21 24 20 22 20 108 83 20 20 21 36 24 29 123 22
internal_value=-1.71533e-14 6.37244e-07 -7.14616e-08 6.31925e-07 5.55125e-06 3.14679e-06 2.07474e-05 3.67839e-05 -1.57168e-06 7.83498e-06 -1.36268e-05 -2.91354e-06 -2.50882e-05 -7.18028e-07 -4.45615e-06 1.12751e-05 2.49332e-05 -9.27192e-07 -5.55922e-06
internal_weight=850 814 786 764 320 298 63 42 235 132 103 444 40 404 308 96 53 272 43
internal_count=850 814 786 764 320 298 63 42 235 132 103 444 40 404 308 96 53 272 43
is_linear=0
shrinkage=0.3


Tree=163
num_leaves=29
num_cat=0
split_feature=4 22 4 5 4 17 20 12 19 7 15 9 11 27 21 6 14 28 22 12 2 1 2 5 14 7 5 3
split_gain=1.01462e-07 2.37413e-07 2.35646e-07 4.33021e-07 6.3882e-07 3.70452e-07 1.96163e-07 1.79623e-07 1.85727e-07 2.21466e-07 3.73395e-07 2.79701e-07 3.45392e-07 2.61626e-07 2.34299e-07 4.12176e-07 2.43211e-07 2.02763e-07 1.34579e-07 1.32381e-07 1.21683e-07 2.71136e-07 2.63446e-07 1.77026e-07 1.41108e-07 2.77813e-07 2.30783e-07 1.75311e-07
threshold=5993600.0000000009 0.96026750000000016 4583200.0000000009 0.0016091872343663939 5065150.0000000009 0.0050104544996179669 0.13322300000000004 0.010095917662578556 -0.90024499999999985 -0.0056445174150736334 0.02504774817371971 0.02041175109852052 21.089744599058623 0.85778650000000012 0.080168500000000018 0.01035388128145674 0.02447729035096979 1.0000000180025095e-35 0.36136500000000005 -0.0063735480731835466 4.5538699268649259 4.5154752453916247 4.5942803491842765 0.0062206583129249893 0.024270792816219692 -0.0039761699893744546 0.0016091872343663939 4.9121661186218271
decision_type=2 2 2 2 2 2 2 2 2 2 2 2 2 2 2 2 2 2 2 2 2 2 2 2 2 2 2 2
left_child=2 7 19 5 -5 -4 -7 8 -2 11 14 13 -13 -10 15 -11 -16 -14 -6 -1 21 -21 -22 -23 25 26 -24 -27
right_child=1 -3 3 4 18 6 -8 -9 9 10 -12 12 17 -15 16 -17 -18 -19 -20 20 22 23 24 -25 -26 27 -28 -29
leaf_value=-2.3974959747812881e-05 2.0975852792429682e-05 -3.4477756928806359e-05 -2.2057955941188714e-05 7.6365701164036179e-05 -6.7016196078384381e-06 3.9035008715667837e-05 -2.4792683507257606e-06 -2.8051552180841097e-05 -7.7224827577992986e-06 3.6144704215075764e-05 -3.4888410001648093e-05 -3.4541062821062954e-05 -5.5526813814419889e-06 -5.5131417102736367e-05 -1.5244576956032878e-05 -1.1033173160967635e-05 1.1324490777590602e-05 3.357990447625525e-05 2.8100859661819298e-05 -2.0742983933814683e-05 -3.4832417242631146e-05 3.2752657825398816e-05 4.6809414964497719e-05 8.0444467332401671e-07 -1.8338821214016324e-05 -1.1670142601504171e-05 1.7805614697863346e-06 1.6868417808906926e-05
leaf_weight=22 34 21 39 20 20 21 20 22 20 50 21 20 26 22 57 25 68 22 20 20 22 37 21 27 31 76 20 26
leaf_count=22 34 21 39 20 20 21 20 22 20 50 21 20 26 22 57 25 68 22 20 20 22 37 21 27 31 76 20 26
internal_value=5.58988e-14 -3.41149e-06 3.14907e-06 1.33228e-05 3.25883e-05 -1.12638e-06 1.87841e-05 -1.72572e-06 -1.38962e-07 -2.30786e-06 3.16685e-06 -1.3307e-05 -1.41813e-06 -3.25557e-05 7.16265e-06 2.04187e-05 -7.91004e-07 1.23831e-05 1.06996e-05 -1.56722e-06 1.93389e-07 9.74653e-06 -3.90081e-06 1.92745e-05 1.00777e-08 3.98781e-06 2.48441e-05 -4.39561e-06
internal_weight=850 408 442 140 60 80 41 387 365 331 221 110 68 42 200 75 125 48 40 302 280 84 196 64 174 143 41 102
internal_count=850 408 442 140 60 80 41 387 365 331 221 110 68 42 200 75 125 48 40 302 280 84 196 64 174 143 41 102
is_linear=0
shrinkage=0.3


Tree=164
num_leaves=28
num_cat=0
split_feature=17 18 18 24 4 18 4 8 8 11 7 8 5 7 20 18 16 7 11 15 14 12 9 12 4 8 14
split_gain=1.16904e-07 2.20939e-07 3.23473e-07 1.46203e-07 2.66691e-07 2.71469e-07 3.12515e-07 2.24045e-07 4.22931e-07 5.43752e-07 3.42649e-07 3.38905e-07 2.20257e-07 2.0518e-07 1.70133e-07 2.49832e-07 1.59531e-07 1.5352e-07 2.18513e-07 2.08311e-07 1.43188e-07 1.42865e-07 2.82456e-07 2.31723e-07 1.21965e-07 1.714e-07 7.10349e-08
threshold=0.0020899142363651987 0.75460852550239355 0.48818751146279721 1.0000000180025095e-35 5378400.0000000009 0.18701552631561616 10759400.000000002 0.02425216544489877 0.005876581636857353 54.545421453669185 -0.0037140119586412126 1.4268100589909241e-16 0.0019902438648898443 -0.0018976046885870184 0.16711000000000001 0.01282850699990362 0.0038205227406386938 -0.025317748106979714 19.659324075923134 0.0088107561972222675 0.027264957706805603 -0.0024581083386689363 0.020050919323018331 -0.00052947917975293684 4054800.0000000005 0.037415319231165388 0.016276705416424408
decision_type=2 2 2 2 2 2 2 2 2 2 2 2 2 2 2 2 2 2 2 2 2 2 2 2 2 2 2
left_child=1 2 21 7 13 20 -7 8 11 -10 -9 17 -11 -5 16 -16 -12 -2 -19 -20 -6 22 -1 -23 26 -26 -25
right_child=3 -3 -4 4 5 6 -8 10 9 12 14 -13 -14 -15 15 -17 -18 18 19 -21 -22 23 -24 24 25 -27 -28
leaf_value=4.0422541165753499e-05 -2.3802902422984416e-05 -2.3626818688577648e-05 3.9975801099409671e-05 -2.7991106201495443e-05 5.1544866437325254e-05 -2.1991249308484837e-05 2.7651512077194897e-05 -4.1361696215538108e-05 6.1974071899726366e-05 2.1513928230229668e-05 -1.175572982762018e-05 -3.9208166691878428e-05 -1.7338612535411359e-05 1.1237091985094593e-05 4.9547014100426159e-06 -3.5536284920567594e-05 2.0606584321128672e-05 2.7172601448910427e-05 -7.3147186816731277e-06 2.1160118992725864e-05 1.6076423100912507e-05 -2.5577751923972552e-05 -5.6437981465537824e-06 2.8115030989738442e-05 -1.7632096329875554e-05 1.2958255520345573e-05 4.1279028391727478e-06
leaf_weight=25 27 21 26 28 21 25 21 33 20 29 26 25 24 21 24 32 29 24 161 27 20 27 23 25 34 32 20
leaf_count=25 27 21 26 28 21 25 21 33 20 29 26 25 24 21 24 32 29 24 161 27 20 27 23 25 34 32 20
internal_value=1.75371e-13 5.7252e-06 8.63271e-06 -2.16203e-06 6.52279e-06 1.64928e-05 6.7175e-07 -4.61761e-06 -3.85246e-07 1.98255e-05 -1.45225e-05 -5.97381e-06 3.92032e-06 -1.1179e-05 -6.5433e-06 -1.8183e-05 5.30804e-06 -2.49742e-06 2.16019e-07 -3.22525e-06 3.42432e-05 4.25142e-06 1.83491e-05 -6.5212e-07 5.41087e-06 -2.80041e-06 1.74541e-05
internal_weight=850 233 212 617 136 87 46 481 337 73 144 264 53 49 111 56 55 239 212 188 41 186 48 138 111 66 45
internal_count=850 233 212 617 136 87 46 481 337 73 144 264 53 49 111 56 55 239 212 188 41 186 48 138 111 66 45
is_linear=0
shrinkage=0.3


Tree=165
num_leaves=22
num_cat=0
split_feature=3 3 15 29 19 14 26 21 21 6 0 10 6 19 3 18 5 21 18 14 26
split_gain=8.16559e-08 3.59407e-07 1.82625e-07 1.77823e-07 2.85663e-07 2.36437e-07 3.18112e-07 2.24448e-07 3.7522e-07 2.41751e-07 4.59083e-07 4.79564e-07 2.51606e-07 2.24928e-07 2.16593e-07 1.41524e-07 1.54906e-07 1.92398e-07 2.51473e-07 2.85751e-07 2.52288e-07
threshold=4.7179746627807626 4.7058024406433114 0.018465296656562116 1.5000000000000002 -0.083297499999999983 0.038287707927520585 0.58625150000000004 0.020438500000000002 0.025368000000000005 0.0087108709612459274 4.9529855730294008 -0.61352189168498572 0.026510895742262858 0.31486700000000006 5.0084691047668466 -0.81649288270391873 0.0096356752363828523 0.8289645000000001 0.090762976637525236 0.01696717991251186 0.88341150000000013
decision_type=2 2 2 2 2 2 2 2 2 2 2 2 2 2 2 2 2 2 2 2 2
left_child=1 2 15 5 -5 7 -7 -2 -9 10 13 -12 14 -10 -11 -1 17 18 20 -20 -17
right_child=3 -3 -4 4 -6 6 -8 8 9 12 11 -13 -14 -15 -16 16 -18 -19 19 -21 -22
leaf_value=-2.0808821218452064e-05 2.7404389435435984e-05 3.9647439964186477e-05 2.2922387452420098e-05 4.094647564047347e-05 -3.5555931978759711e-06 5.6279169760793074e-06 -4.1604614249412073e-05 -4.3730949521432194e-05 -2.2906481823514189e-05 3.181237757003559e-06 4.6674278399388477e-05 4.9668313981783286e-06 1.5907716433503081e-05 7.2638073658838816e-06 -3.2132373876771044e-05 1.2107784737856811e-06 -1.7019277636097141e-05 2.9684573532607747e-05 -2.9778688472106296e-05 2.2647665926753227e-06 3.0889080677002929e-05
leaf_weight=30 22 23 31 21 34 21 33 20 61 22 33 100 20 35 54 85 38 23 40 67 37
leaf_count=30 22 23 31 21 34 21 33 20 61 22 33 100 20 35 54 85 38 23 40 67 37
internal_value=7.00704e-14 3.31721e-06 9.36598e-07 -2.60638e-06 1.34361e-05 -4.70219e-06 -2.32364e-05 -1.97509e-06 -3.84856e-06 -1.39426e-06 3.90337e-06 1.53153e-05 -1.40313e-05 -1.19069e-05 -2.191e-05 -1.19328e-06 8.35919e-07 3.52837e-06 9.01327e-07 -9.7141e-06 1.02116e-05
internal_weight=850 374 351 476 55 421 54 367 345 325 229 133 96 96 76 320 290 252 229 107 122
internal_count=850 374 351 476 55 421 54 367 345 325 229 133 96 96 76 320 290 252 229 107 122
is_linear=0
shrinkage=0.3


Tree=166
num_leaves=30
num_cat=0
split_feature=20 20 5 15 6 7 8 16 13 13 0 5 4 15 15 20 8 14 27 18 18 21 20 27 14 22 16 15 12
split_gain=1.10813e-07 2.19705e-07 1.76598e-07 2.47582e-07 3.69713e-07 2.88323e-07 2.09298e-07 2.60044e-07 2.02357e-07 2.79839e-07 1.58691e-07 1.46714e-07 1.2706e-07 1.2414e-07 4.18991e-07 2.92118e-07 2.87641e-07 3.8812e-07 3.59062e-07 3.03721e-07 4.17395e-07 2.89726e-07 2.30606e-07 2.05055e-07 1.99738e-07 1.92456e-07 1.91469e-07 1.79953e-07 1.21827e-07
threshold=0.33608400000000005 0.42643050000000005 0.022372878459104253 0.0020000457763672441 0.014122318116620526 0.0058367517342586975 -3.1225022567582522e-17 0.0081632573621465681 0.032251498902432278 0.0208814725316834 4.8448669680156327 0.0084266338817136372 2293500.0000000005 -0.010373562861385579 -0.013384527021778782 0.23065850000000002 0.011225511256739143 0.015432256887144951 0.85778650000000012 0.22973446692731955 -0.11488823014842799 0.44643750000000004 0.052691000000000009 0.89300950000000012 0.027525205577819494 0.92915350000000008 0.00761196314227782 0.0021097623146379926 -0.00017585459282732052
decision_type=2 2 2 2 2 2 2 2 2 2 2 2 2 2 2 2 2 2 2 2 2 2 2 2 2 2 2 2 2
left_child=12 -2 3 6 5 11 8 10 9 -3 -8 -5 -1 14 24 16 18 21 27 20 -19 -18 26 -21 -14 28 -20 -15 -26
right_child=1 2 -4 4 -6 -7 7 -9 -10 -11 -12 -13 13 15 -16 -17 17 19 22 23 -22 -23 -24 -25 25 -27 -28 -29 -30
leaf_value=-1.9671989866611586e-05 3.3263158035300541e-05 1.9894678153572644e-05 -1.7514674565669943e-05 5.8245192541050978e-06 5.2769637793517174e-05 2.7872767930762779e-05 -1.902142092262693e-05 -4.2155145279759209e-05 2.68531600750066e-05 -1.9630719291578648e-05 1.6688443689158053e-05 -2.6929764562737546e-05 2.4926576017086129e-05 5.1559965924752759e-05 -4.5268253404628919e-05 -2.5615627566305029e-05 -5.6271420330631375e-05 2.6772722604910771e-07 2.0938615362465809e-05 -3.7834301812316489e-05 4.866266304104457e-05 -5.2074241784794136e-06 -2.1012783423025716e-05 2.7583848066115022e-06 -3.2214868850941355e-05 1.5179131405189267e-05 -7.6847370709484409e-06 1.6542099215907261e-05 -2.8389656847593869e-06
leaf_weight=37 22 28 36 32 20 37 24 22 30 38 21 20 21 25 24 33 20 53 58 21 23 20 27 24 27 22 33 28 24
leaf_count=37 22 28 36 32 20 37 24 22 30 38 21 20 21 25 24 33 20 53 58 21 23 20 27 24 27 22 33 28 24
internal_value=4.71867e-14 4.29983e-06 2.23102e-06 4.84442e-06 1.59126e-05 7.63013e-06 -2.557e-06 -1.54249e-05 6.42373e-06 -2.86237e-06 -2.35682e-06 -6.77328e-06 -2.72874e-06 -1.43081e-06 -9.88962e-06 1.30382e-06 3.97955e-06 -5.1209e-06 1.25478e-05 3.34803e-06 1.49136e-05 -3.07394e-05 3.33473e-06 -1.61849e-05 -8.56783e-07 -8.27391e-06 1.05587e-05 3.306e-05 -1.83909e-05
internal_weight=850 330 308 272 109 89 163 67 96 66 45 52 520 483 118 365 332 161 171 121 76 40 118 45 94 73 91 53 51
internal_count=850 330 308 272 109 89 163 67 96 66 45 52 520 483 118 365 332 161 171 121 76 40 118 45 94 73 91 53 51
is_linear=0
shrinkage=0.3


Tree=167
num_leaves=31
num_cat=0
split_feature=27 0 13 18 5 18 21 13 8 19 2 4 12 14 18 15 7 14 22 17 13 2 10 26 22 4 13 17 10 10
split_gain=8.24115e-08 1.72334e-07 2.04098e-07 1.64312e-07 1.44009e-07 1.42298e-07 2.47745e-07 5.31677e-07 1.89513e-07 2.76133e-07 1.78538e-07 2.17197e-07 1.97309e-07 1.70728e-07 1.6004e-07 1.50035e-07 2.4817e-07 2.89788e-07 2.09604e-07 2.03519e-07 1.9524e-07 1.46886e-07 2.02864e-07 1.67159e-07 1.26712e-07 1.25177e-07 1.09132e-07 1.00034e-07 6.90803e-08 1.07415e-07
threshold=0.93533000000000011 5.0677849348232114 0.026804070059868932 0.071781453785477276 0.0020855562549158191 0.10037083433503736 0.046719500000000004 0.026900681849834993 0.031678161057165748 -0.38436299999999995 4.52896715928195 5682000.0000000009 0.0023860201166994179 0.017764189020057389 -0.47371552582539039 0.0020408629973885464 0.0059765104137256162 0.019111759146066446 0.27971300000000004 0.0018656763099797753 0.025180691657592656 4.8931659809739978 0.25178243428944264 0.6639155000000001 0.042681000000000004 6390550.0000000009 0.028394476334678526 0.0076350419537385764 -0.48092090057767561 0.58939275679289893
decision_type=2 2 2 2 2 2 2 2 2 2 2 2 2 2 2 2 2 2 2 2 2 2 2 2 2 2 2 2 2 2
left_child=5 3 -3 28 -5 8 7 -7 10 -10 11 14 21 -11 -1 16 17 -8 -19 -17 -21 22 24 -23 -12 -15 -18 -22 -2 -30
right_child=1 2 -4 4 -6 6 15 -9 9 13 12 -13 -14 25 -16 19 26 18 -20 20 27 23 -24 -25 -26 -27 -28 -29 29 -31
leaf_value=-1.4010201141445575e-06 1.9155661569432895e-05 -4.2010106261097292e-05 -4.7062888091369878e-06 -2.2535435524472494e-05 5.664100443222456e-06 5.4930540722529656e-05 4.2599608800628626e-05 -3.0977937421994282e-06 3.5567187653494049e-05 2.0293482646138727e-05 -4.0933306351575986e-05 -1.6755931843503135e-05 -3.867982222800492e-05 -2.6711918183971887e-05 3.1717355554503918e-05 1.4392047969522537e-05 -2.5074488739846853e-05 -1.4810952001198529e-05 2.4837895955442944e-05 -3.2949030097487625e-05 1.3772886478022881e-05 2.0287619615593375e-05 6.5912645650628134e-06 -1.0132336538427391e-05 -1.4658915328906895e-05 3.6710448162361545e-06 4.9311203497381936e-06 -1.6232225675594236e-05 -1.383918357272965e-05 1.6880867751751793e-05
leaf_weight=24 36 22 33 39 28 27 30 30 26 24 24 26 21 23 29 30 20 24 24 31 20 29 29 37 53 26 24 20 21 20
leaf_count=24 36 22 33 39 28 27 30 30 26 24 24 26 21 23 29 30 20 24 24 31 20 29 29 37 53 26 24 20 21 20
internal_value=-1.82969e-14 -5.34281e-06 -1.96278e-05 1.13272e-07 -1.07506e-05 1.63321e-06 6.73871e-06 2.43893e-05 -2.22e-06 9.01882e-06 -6.3106e-06 5.70284e-06 -1.1228e-05 -4.36758e-07 1.67204e-05 2.22712e-06 9.30731e-06 1.94697e-05 5.01347e-06 -6.3252e-06 -1.5079e-05 -7.87634e-06 -1.47941e-05 3.23401e-06 -2.28483e-05 -1.05903e-05 -8.70779e-06 -1.22967e-06 9.56621e-06 1.14621e-06
internal_weight=850 199 55 144 67 651 280 57 371 99 272 79 193 73 53 223 122 78 48 101 71 172 106 66 77 49 44 40 77 41
internal_count=850 199 55 144 67 651 280 57 371 99 272 79 193 73 53 223 122 78 48 101 71 172 106 66 77 49 44 40 77 41
is_linear=0
shrinkage=0.3


Tree=168
num_leaves=21
num_cat=0
split_feature=1 15 17 4 13 24 2 15 13 13 18 13 10 13 11 9 9 0 19 22
split_gain=6.7959e-08 7.92519e-08 2.41279e-07 1.87278e-07 1.58703e-07 2.37372e-07 1.90918e-07 1.96388e-07 9.87145e-08 3.22165e-07 2.01039e-07 1.53854e-07 1.58062e-07 1.31467e-07 1.9458e-07 3.02112e-07 1.87524e-07 1.86344e-07 1.56574e-07 6.41535e-08
threshold=4.0867230831893755 0.018465296656562116 0.0018656763099797753 11457200.000000002 0.032560370247856157 1.0000000180025095e-35 5.2585744859197563 0.0056715783937909383 0.025485879944695793 0.02621833323266911 0.64568378114139546 0.027220586159301081 -1.1927379053452778 0.02384258193864712 63.461537539517103 0.015914030077940355 0.011737758391608665 4.9616168741757054 -0.38436299999999995 0.79495150000000014
decision_type=2 2 2 2 2 2 2 2 2 2 2 2 2 2 2 2 2 2 2 2
left_child=-1 4 -3 -4 8 6 7 19 13 -10 11 -11 -13 14 15 17 -16 -2 -18 -6
right_child=1 2 3 -5 5 -7 -8 -9 9 10 -12 12 -14 -15 16 -17 18 -19 -20 -21
leaf_value=1.7280624779232311e-05 -4.8742312457284615e-06 2.5871842689621889e-05 8.8822883766884589e-06 -2.6440608520384887e-05 -8.4066102733361607e-06 1.0424688556927972e-05 6.3282201153924685e-06 -5.0937890650857303e-05 4.0900216923286542e-05 -2.2131599637810318e-05 2.9775322712209473e-05 -2.070772577059435e-05 6.1408314847904952e-06 -1.9658615300007414e-05 -3.8187109690365364e-05 2.9633298012252932e-05 1.3886889113880738e-05 1.7072687644538874e-05 -1.9258206056104519e-05 -2.908055618139439e-05
leaf_weight=20 183 39 35 22 35 35 22 20 21 27 21 23 139 36 21 34 23 43 29 22
leaf_count=20 183 39 35 22 35 35 22 20 21 27 21 23 139 36 21 34 23 43 29 22
internal_value=3.33136e-14 -4.16401e-07 7.68946e-06 -4.75111e-06 -1.47657e-06 -1.0811e-05 -1.83186e-05 -2.53605e-05 6.08126e-07 5.47156e-06 1.9287e-06 -1.16537e-06 2.329e-06 -2.43647e-06 -5.74611e-07 3.26797e-06 -1.42605e-05 -6.9849e-07 -4.59788e-06 -1.6386e-05
internal_weight=850 830 96 57 734 134 99 77 600 231 210 189 162 369 333 260 73 226 52 57
internal_count=850 830 96 57 734 134 99 77 600 231 210 189 162 369 333 260 73 226 52 57
is_linear=0
shrinkage=0.3


Tree=169
num_leaves=28
num_cat=0
split_feature=12 8 26 27 27 26 14 4 27 26 1 13 19 9 18 12 13 1 17 12 10 5 4 8 11 18 27
split_gain=7.71199e-08 2.3053e-07 1.47731e-07 2.02537e-07 1.65261e-07 1.15465e-07 2.18535e-07 3.61502e-07 1.74111e-07 1.46448e-07 1.69907e-07 9.84895e-08 1.54445e-07 2.62142e-07 3.97161e-07 2.42097e-07 1.92048e-07 2.6375e-07 1.77814e-07 2.39565e-07 1.47446e-07 2.00332e-07 1.82908e-07 1.19953e-07 1.16364e-07 8.26634e-08 7.42137e-08
threshold=-0.00052947917975293684 0.015497699119011948 0.38436300000000007 0.75897900000000018 0.87058500000000005 0.53266650000000004 0.050394143330453105 8271850.0000000009 0.90848750000000011 0.79901350000000015 4.9407063956577062 0.036463381334299716 1.0000000180025095e-35 0.013793944959242082 0.41644742937423912 0.00016691080644103896 0.015843528633722771 4.5908345942686859 0.0060544908496229415 0.0054509691417448597 1.2437579801722518 0.0068888957484454314 6356900.0000000009 0.019140136297714414 65.978736588405198 -0.15439708140252689 0.80910800000000005
decision_type=2 2 2 2 2 2 2 2 2 2 2 2 2 2 2 2 2 2 2 2 2 2 2 2 2 2 2
left_child=1 2 3 -1 -5 -4 7 9 -9 26 -11 12 16 14 15 -14 -2 -18 24 -20 21 23 -22 -19 -15 -17 -7
right_child=11 -3 5 4 -6 6 -8 8 -10 10 -12 -13 13 18 -16 25 17 20 19 -21 22 -23 -24 -25 -26 -27 -28
leaf_value=-2.8038915904569593e-05 -2.5050831589562059e-05 -3.3090238786635176e-05 2.09970151495832e-05 1.6372780591414733e-05 -1.6522033618255388e-05 -2.0647983001254031e-06 -2.9685438407796026e-05 3.1845928333495973e-06 3.8339594903646913e-05 -2.4186307011101836e-06 -2.8691220539656114e-05 2.006206778888655e-05 3.4720320139637225e-05 -2.5132716622522366e-05 5.5700092512519664e-05 -1.3805916775514301e-05 2.9166621868625952e-05 -1.6128769887157486e-05 3.2839622732808491e-05 -5.8460130891463071e-06 -3.9541614920121251e-05 2.2939758839304783e-05 -2.5036373991887167e-06 3.8775414896008443e-06 -4.2804256467947368e-07 1.1446590552850467e-05 2.377941596932942e-05
leaf_weight=39 33 22 27 28 27 20 20 21 32 72 32 27 22 32 21 28 24 49 25 34 21 29 28 60 37 20 20
leaf_count=39 33 22 27 28 27 20 20 21 32 72 32 27 22 32 21 28 24 49 25 34 21 29 28 60 37 20 20
internal_value=6.50673e-14 -3.33382e-06 -1.39701e-06 -1.15019e-05 2.24417e-07 2.49584e-06 1.93855e-07 3.22729e-06 2.44103e-05 -4.56922e-06 -1.05025e-05 2.44933e-06 1.42224e-06 7.20574e-06 1.95156e-05 8.66019e-06 -3.76868e-06 -4.40195e-07 -1.54577e-06 1.05462e-05 -4.24e-06 7.7968e-07 -1.83771e-05 -5.11612e-06 -1.18853e-05 -3.28404e-06 1.08573e-05
internal_weight=850 360 338 94 55 244 217 197 53 144 104 490 463 219 91 70 244 211 128 59 187 138 49 109 69 48 40
internal_count=850 360 338 94 55 244 217 197 53 144 104 490 463 219 91 70 244 211 128 59 187 138 49 109 69 48 40
is_linear=0
shrinkage=0.3


Tree=170
num_leaves=14
num_cat=0
split_feature=10 1 7 13 13 10 10 8 11 12 21 21 26
split_gain=6.16445e-08 5.14437e-08 3.20725e-07 2.55842e-07 1.34642e-07 1.16198e-07 6.85915e-08 7.30551e-08 2.04724e-07 1.13733e-07 1.20952e-07 2.1177e-07 1.25727e-07
threshold=2.1682522634548662 5.4945559128339951 -0.013003535721334553 0.022778230487323133 0.027088459508968678 0.20297447261045221 -1.9395800676641062 0.098994553431019636 78.451823618019588 0.0086259634870983256 0.10541050000000002 0.28411700000000001 0.88418850000000015
decision_type=2 2 2 2 2 2 2 2 2 2 2 2 2
left_child=1 6 -3 -4 -5 -6 -1 8 9 10 12 -12 -8
right_child=-2 2 3 4 5 -7 7 -9 -10 -11 11 -13 -14
leaf_value=1.672371456705783e-05 1.605190884674812e-05 -3.4990596274534856e-05 3.0431894116521684e-05 -2.3839018957425233e-05 1.4947831678000512e-05 -1.2745250271109398e-05 9.9996930228880595e-06 1.7925551014741357e-05 -2.6059995525429259e-05 1.9666098079243157e-05 -1.927826515829229e-05 -4.0030011195446191e-08 -1.7540965417126687e-06
leaf_weight=23 21 27 22 26 30 25 151 20 27 27 69 203 179
leaf_count=23 21 27 22 26 30 25 151 20 27 27 69 203 179
internal_value=6.96315e-14 -4.06622e-07 -5.88658e-06 1.74263e-06 -6.04952e-06 2.36007e-06 6.1254e-07 6.43784e-08 -4.8017e-07 6.17852e-07 -2.36472e-07 -4.92032e-06 3.62415e-06
internal_weight=850 829 130 103 81 55 699 676 656 629 602 272 330
internal_count=850 829 130 103 81 55 699 676 656 629 602 272 330
is_linear=0
shrinkage=0.3


Tree=171
num_leaves=20
num_cat=0
split_feature=4 12 13 12 4 8 20 16 4 11 11 7 10 20 21 21 4 4 19
split_gain=6.58236e-08 1.46127e-07 1.60436e-07 1.23651e-07 1.08975e-07 1.44841e-07 1.48445e-07 2.16959e-07 3.36662e-07 1.05663e-07 1.64159e-07 1.62763e-07 1.24602e-07 9.23036e-08 9.20665e-08 1.35132e-07 1.62739e-07 1.4022e-07 1.14631e-07
threshold=5993600.0000000009 0.010095917662578556 0.017613722298805121 -0.0063735480731835466 5623750.0000000009 -0.033553187203519373 0.33157500000000006 0.0080726739132679897 4583200.0000000009 47.826209140891201 42.407743562360046 0.0091954855547597379 0.10068058853957727 0.68595800000000007 0.0221855 0.029022500000000003 6307650.0000000009 6717400.0000000009 0.40329100000000007
decision_type=2 2 2 2 2 2 2 2 2 2 2 2 2 2 2 2 2 2 2
left_child=3 2 -2 -1 5 -5 9 8 13 10 -7 12 -11 -8 -4 -16 -17 -18 -19
right_child=1 -3 14 4 -6 6 7 -9 -10 11 -12 -13 -14 -15 15 16 17 18 -20
leaf_value=-1.5733986326942555e-05 -2.2851555745703456e-05 -2.6529276104011758e-05 -1.7205651569383919e-05 2.2066824762547302e-05 1.9925663302404115e-05 -1.9183074810653861e-06 1.9548890971844107e-05 -1.3638253931276267e-05 4.728537401799416e-05 9.0088364174789593e-06 -3.3387024050171018e-05 1.6807772489904401e-05 -1.2285680518692094e-05 -2.1250449634635516e-06 1.9591267826345919e-05 -2.5202969134790529e-05 2.5170830336459662e-05 4.3649478031811255e-06 -8.9451070945993171e-06
leaf_weight=31 29 22 25 31 35 37 28 30 23 36 25 39 79 48 34 22 21 165 90
leaf_count=31 29 22 25 31 35 37 28 30 23 36 25 39 79 48 34 22 21 165 90
internal_value=-3.44792e-14 -2.74779e-06 -1.39237e-06 2.53642e-06 3.91448e-06 2.42408e-06 6.59079e-07 8.71149e-06 1.54841e-05 -4.15e-06 -1.46073e-05 6.0081e-08 -5.61957e-06 5.86009e-06 3.50814e-07 1.67284e-06 -3.71547e-07 1.60777e-06 -3.32719e-07
internal_weight=850 408 386 442 411 376 345 129 99 216 62 154 115 76 357 332 298 276 255
internal_count=850 408 386 442 411 376 345 129 99 216 62 154 115 76 357 332 298 276 255
is_linear=0
shrinkage=0.3


Tree=172
num_leaves=12
num_cat=0
split_feature=19 22 27 19 10 9 16 10 26 16 7
split_gain=6.79742e-08 1.72036e-07 9.22774e-08 7.4538e-08 8.21695e-08 8.39226e-08 2.48437e-07 1.85125e-07 8.53122e-08 1.49017e-07 1.41628e-07
threshold=-0.95380799999999988 0.96026750000000016 0.95451550000000018 -0.91774949999999988 -1.84348919527542 0.0085940126386275673 0.0020407656836846271 0.37157624818139917 0.46190400000000004 0.0019627084991600632 0.018692129159024334
decision_type=2 2 2 2 2 2 2 2 2 2 2
left_child=-1 2 3 -2 -5 6 -6 -8 10 -10 -7
right_child=1 -3 -4 4 5 8 7 -9 9 -11 -12
leaf_value=1.7282547910326686e-05 -1.7597867347583151e-05 -2.6591385925588507e-05 1.5362964825596593e-05 -1.5539385877077465e-05 1.8086306828571159e-05 -5.3183342183214293e-06 -2.8176034749473426e-05 1.9521975651338334e-06 -3.6230200593804922e-06 9.2447717700414765e-06 1.3750324073466149e-05
leaf_weight=20 22 22 35 29 26 212 45 31 121 245 42
leaf_count=20 22 22 35 29 26 212 45 31 121 245 42
internal_value=-9.85063e-14 -4.16447e-07 2.96237e-07 -3.85956e-07 1.18254e-07 7.47162e-07 -7.22705e-06 -1.58869e-05 2.05905e-06 4.99067e-06 -2.16525e-06
internal_weight=850 830 808 773 751 722 102 76 620 366 254
internal_count=850 830 808 773 751 722 102 76 620 366 254
is_linear=0
shrinkage=0.3


Tree=173
num_leaves=27
num_cat=0
split_feature=4 4 13 7 20 19 17 0 2 1 8 11 16 21 9 4 8 9 14 18 7 7 26 16 18 16
split_gain=4.81971e-08 2.90098e-07 1.26528e-07 1.9023e-07 8.93698e-08 1.53261e-07 2.3608e-07 1.58288e-07 2.04057e-07 1.50644e-07 1.49972e-07 2.01529e-07 1.26024e-07 1.85648e-07 1.49149e-07 1.25607e-07 9.04028e-08 8.64541e-08 1.22225e-07 1.27822e-07 1.07826e-07 2.01388e-07 1.88835e-07 9.19118e-08 7.0173e-08 5.9046e-08
threshold=4853200.0000000009 4583200.0000000009 0.017613722298805121 -0.002046961470181559 0.5151515000000001 0.10568450000000001 0.0068475427703768594 4.5291982973950882 4.6384807323780635 4.685198079348031 0.037809435496077119 76.614965240714099 0.010526305750796645 0.039552500000000011 0.027906134926628034 6023500.0000000009 0.0082508701793614792 0.020050919323018331 0.010405878080831446 0.37504896732432647 -0.0061729192430691653 -0.012463678473105552 0.91203350000000005 0.0050042087156383164 -0.35386308561724822 0.0021505454852408725
decision_type=2 2 2 2 2 2 2 2 2 2 2 2 2 2 2 2 2 2 2 2 2 2 2 2 2 2
left_child=1 17 3 -2 5 7 -7 -4 9 -9 15 -12 13 -6 16 -10 -15 18 25 20 21 -20 23 -22 -19 -1
right_child=2 -3 4 -5 12 6 -8 8 10 -11 11 -13 -14 14 -16 -17 -18 24 19 -21 22 -23 -24 -25 -26 -27
leaf_value=-2.379478284638026e-05 -3.8762668993967963e-05 3.2047726085693286e-05 -1.815517185958216e-05 -1.8901356323861845e-06 7.6342737611412299e-06 3.5508564202708492e-05 -3.8597230758778798e-06 4.8844915429668843e-06 1.2572354821507112e-05 4.0138042422768187e-05 2.2524862353228465e-05 -1.0332689281865116e-05 9.032083728337002e-06 -4.6653960471303438e-05 -4.1071980000385245e-06 -1.2421184177422701e-05 -1.8471459497959586e-05 -1.1523472466024033e-06 4.158238764297305e-06 -1.2821621727912966e-05 -1.1038158336119447e-05 4.2222111410823841e-05 2.7725407790057943e-05 7.9668690284242337e-06 -2.0837213927344627e-05 -7.4236746968381332e-07
leaf_weight=20 20 28 39 34 30 29 26 24 22 20 42 28 34 20 29 102 21 39 29 28 49 22 24 43 28 20
leaf_count=20 20 28 39 34 30 29 26 24 22 20 42 28 34 20 29 102 21 39 29 28 49 22 24 43 28 20
internal_value=7.78245e-14 2.83574e-06 -1.79961e-06 -1.55466e-05 -2.06603e-07 2.43281e-06 1.68981e-05 -4.39361e-07 2.46365e-06 2.09088e-05 -1.71979e-06 9.38184e-06 -6.74604e-06 -1.21106e-05 -2.05727e-05 -7.98685e-06 -3.2219e-05 1.27347e-07 2.83763e-06 5.93634e-06 9.08138e-06 2.05779e-05 4.02686e-06 -2.15537e-06 -9.37886e-06 -1.22686e-05
internal_weight=850 330 520 54 466 332 55 277 238 44 194 70 134 100 70 124 41 302 235 195 167 51 116 92 67 40
internal_count=850 330 520 54 466 332 55 277 238 44 194 70 134 100 70 124 41 302 235 195 167 51 116 92 67 40
is_linear=0
shrinkage=0.3


Tree=174
num_leaves=17
num_cat=0
split_feature=8 14 11 26 11 17 27 27 8 16 4 16 27 11 11 11
split_gain=6.53999e-08 1.3597e-07 1.34692e-07 1.45504e-07 1.33471e-07 1.15114e-07 6.98571e-08 2.438e-07 2.71163e-07 2.33907e-07 1.65259e-07 2.0409e-07 1.07665e-07 8.79719e-08 9.61405e-08 2.50895e-07
threshold=0.065558087893866204 0.034634435654026234 68.518573426799449 0.67793950000000003 66.66640080187473 0.0064882381853232354 0.89878350000000007 0.91922450000000011 0.0020618342648185657 0.015001377624720829 2329100.0000000005 0.0096620518891533495 0.89191300000000007 21.089744599058623 30.082774741226824 33.884617748776606
decision_type=2 2 2 2 2 2 2 2 2 2 2 2 2 2 2 2
left_child=2 5 4 -4 6 -2 12 8 -8 10 -9 -12 13 -1 -15 -16
right_child=1 -3 3 -5 -6 -7 7 9 -10 -11 11 -13 -14 14 15 -17
leaf_value=-1.7142056328469022e-05 -1.2807127353129855e-05 -2.7457816789276122e-05 2.6771981987394609e-05 -1.0307437857903777e-06 -2.3858652561362501e-05 1.0544052097908494e-05 3.8147084069350967e-06 2.3785110173470268e-05 4.572410181822306e-05 -2.9114231419360135e-05 -4.8349967318052534e-06 2.1035796985622501e-05 -2.226720393398706e-05 1.5986281977120597e-05 -3.2900697507492228e-05 1.2242929666341087e-06
leaf_weight=28 38 23 36 32 21 38 33 29 24 23 163 33 23 32 21 253
leaf_count=28 38 23 36 32 21 38 33 29 24 23 163 33 23 32 21 253
internal_value=-5.18312e-14 -7.24774e-06 9.55428e-07 1.36883e-05 -3.12271e-07 -1.13154e-06 4.34669e-07 3.76879e-06 2.14608e-05 -2.97509e-07 2.6482e-06 -4.792e-07 -2.41381e-06 -1.04666e-06 4.26119e-07 -1.39113e-06
internal_weight=850 99 751 68 683 76 662 305 57 248 225 196 357 334 306 274
internal_count=850 99 751 68 683 76 662 305 57 248 225 196 357 334 306 274
is_linear=0
shrinkage=0.3


Tree=175
num_leaves=22
num_cat=0
split_feature=18 18 22 11 9 17 5 13 20 26 18 4 11 15 13 13 27 4 4 27 12
split_gain=4.12133e-08 1.41367e-07 1.31255e-07 9.82544e-08 1.01089e-07 2.54169e-07 2.19295e-07 1.83996e-07 1.54906e-07 1.38507e-07 9.35619e-08 8.67698e-08 1.52302e-07 8.45332e-08 7.72352e-08 1.83661e-07 7.75403e-08 1.48004e-07 9.71029e-08 9.29078e-08 7.15944e-08
threshold=0.10037083433503736 0.15290041132591464 0.025011000000000002 23.49394057661701 0.021462653193294438 0.004004004289432395 0.010000223269627096 0.027961664358394648 0.17117250000000003 0.86923850000000014 0.038767913589520447 9023950.0000000019 55.803704541607637 0.0041152222998091072 0.041348412141465347 0.037343738472070127 0.95538450000000008 10684850.000000002 8271850.0000000009 0.64647350000000015 -0.001164731976832609
decision_type=2 2 2 2 2 2 2 2 2 2 2 2 2 2 2 2 2 2 2 2 2
left_child=10 -2 20 -4 5 6 8 -6 -5 13 14 12 -7 -9 15 16 17 18 19 -1 -3
right_child=1 2 3 4 7 11 -8 9 -10 -11 -12 -13 -14 -15 -16 -17 -18 -19 -20 -21 -22
leaf_value=1.0683446344046387e-05 2.4666226732961149e-05 -2.7182448193343589e-05 1.957231508413315e-05 2.2210525636572648e-05 -2.5852160952126724e-05 -2.1296530406646397e-05 4.2604647182997725e-05 2.6786484074250439e-05 -1.1874578954770445e-05 -1.7623969937403673e-05 -1.6524458247128374e-05 1.0339764221848431e-05 7.5831262519285598e-06 -4.6575130779404254e-07 -1.683545012019749e-05 2.5814566981807729e-05 1.3738207743354623e-05 -2.4196988726124309e-05 1.9563101541280049e-05 -3.9989408544540089e-06 -4.1600850812345364e-06
leaf_weight=45 24 20 30 28 30 42 24 20 21 20 36 26 27 21 25 24 29 26 20 281 31
leaf_count=45 24 20 30 28 30 42 24 20 21 20 36 26 27 21 25 24 29 26 20 281 31
internal_value=-2.98328e-14 2.41378e-06 8.43019e-07 3.31916e-06 1.43656e-06 5.7986e-06 1.91101e-05 -6.61643e-06 7.60262e-06 2.84376e-06 -1.80785e-06 -4.43027e-06 -9.9958e-06 1.2828e-05 -6.30524e-07 3.22707e-07 -1.20299e-06 -2.36776e-06 -7.27414e-07 -1.97223e-06 -1.31885e-05
internal_weight=850 364 340 289 259 168 73 91 49 61 486 95 69 41 450 425 401 372 346 326 51
internal_count=850 364 340 289 259 168 73 91 49 61 486 95 69 41 450 425 401 372 346 326 51
is_linear=0
shrinkage=0.3


Tree=176
num_leaves=23
num_cat=0
split_feature=27 16 16 4 5 10 21 12 16 18 13 17 15 17 17 11 7 10 26 6 27 19
split_gain=3.99714e-08 4.31687e-08 1.24394e-07 1.01126e-07 1.28294e-07 1.3256e-07 2.04719e-07 1.52523e-07 1.48653e-07 2.12663e-07 1.31498e-07 9.26229e-08 1.05507e-07 1.02331e-07 2.30018e-07 1.98324e-07 1.42951e-07 8.49448e-08 9.6987e-08 8.30146e-08 8.04339e-08 7.89634e-08
threshold=0.48424750000000005 0.0049022442663928653 0.0056179273621654964 12186800.000000002 0.026510895742262858 1.1301407928364158 0.056307500000000003 0.0076998696551288486 0.0036900835747879059 -0.3685775795072922 0.02375906797086107 0.018437944264686954 -0.0055970736601352869 0.0083682295313127503 0.0072919689631933318 40.353615778533275 -0.0096156468420627913 -0.31675331106811494 0.8094960000000001 -0.0072139227061098054 0.89833000000000018 0.40329100000000007
decision_type=2 2 2 2 2 2 2 2 2 2 2 2 2 2 2 2 2 2 2 2 2 2
left_child=-1 3 -3 4 5 7 -7 8 19 -10 -8 12 17 14 16 -15 -14 18 -4 -2 -17 -5
right_child=1 2 11 21 -6 6 10 -9 9 -11 -12 -13 13 15 -16 20 -18 -19 -20 -21 -22 -23
leaf_value=-1.2620898401523432e-05 7.5998814232165879e-06 -2.5017117271204369e-05 -1.2647706175172857e-05 2.5213631515882672e-05 -2.2664917128167873e-05 3.8650339943809997e-05 -1.1726759572866284e-05 -2.5960987304642913e-05 3.8652194260586318e-05 1.6776352887453478e-06 2.0909604299959027e-05 -1.9153016807610148e-05 2.0336640166324532e-05 -1.0355201493439382e-05 -2.8123215032910987e-05 3.6816327063959874e-05 -7.4536507952416289e-07 -2.183900173647622e-05 1.258079493027253e-05 -5.8381408507046787e-06 1.1393040472285065e-05 1.0584407716253605e-06
leaf_weight=22 55 20 32 29 20 21 25 20 21 42 20 23 37 21 23 24 133 29 24 167 21 21
leaf_count=22 55 20 32 29 20 21 25 20 21 42 20 23 37 21 23 24 133 29 24 167 21 21
internal_value=2.50078e-14 3.35338e-07 -1.97702e-06 2.36455e-06 7.40007e-07 2.00173e-06 1.41921e-05 -6.36194e-07 1.14098e-06 1.40025e-05 2.77829e-06 -7.21426e-07 5.10919e-07 3.52075e-06 3.36175e-08 1.3718e-05 3.84307e-06 -8.66022e-06 -1.83549e-06 -2.5089e-06 2.49521e-05 1.50685e-05
internal_weight=850 828 387 441 391 371 66 305 285 63 45 367 344 259 193 66 170 85 56 222 45 50
internal_count=850 828 387 441 391 371 66 305 285 63 45 367 344 259 193 66 170 85 56 222 45 50
is_linear=0
shrinkage=0.3


Tree=177
num_leaves=17
num_cat=0
split_feature=7 1 3 18 4 18 21 13 17 18 1 3 14 7 0 18
split_gain=3.81398e-08 6.07407e-08 1.22583e-07 6.41362e-08 1.35363e-07 1.24071e-07 1.13705e-07 1.28331e-07 2.00253e-07 1.08661e-07 8.85767e-08 1.50738e-07 1.19027e-07 8.432e-08 1.11085e-07 1.03113e-07
threshold=-0.042193184268025465 6.0713592150366997 5.8298316001892099 -0.16093434475120941 3892900.0000000005 -0.094330910863419423 0.030308000000000005 0.021956522864407291 0.0037348269453300457 -0.059146842663714276 4.6230759120983409 4.5093533992767343 0.030534358084825467 -0.012520613721818416 4.7648581143651709 -0.82710657653671704
decision_type=2 2 2 2 2 2 2 2 2 2 2 2 2 2 2 2
left_child=-1 2 3 4 13 -5 -6 -8 -9 -7 11 -11 -12 -2 15 -15
right_child=1 -3 -4 5 6 9 7 8 -10 10 12 -13 -14 14 -16 -17
leaf_value=-1.2945693461006157e-05 -1.2007059189045321e-05 1.2729584225927979e-05 -2.2834692305601883e-05 2.0939921864737698e-05 8.5275683908282087e-06 -2.0301286456287924e-05 -2.9152317769800109e-05 1.314928123622761e-05 -1.5252588092380392e-05 4.2137777470709975e-06 8.7086959366886876e-06 -1.9724976807111715e-05 -3.7075571774092913e-06 -1.4987450842217304e-05 2.3943140394067087e-05 8.6379053152541004e-06
leaf_weight=20 24 34 21 31 29 20 31 31 80 58 218 40 102 23 28 60
leaf_count=20 24 34 21 31 29 20 31 31 80 58 218 40 102 23 28 60
internal_value=-1.49214e-14 3.11944e-07 -2.18457e-07 3.9437e-07 -2.98431e-06 2.5988e-06 -8.59065e-06 -1.20866e-05 -7.32053e-06 1.30068e-06 2.33427e-06 -5.55714e-06 4.75102e-06 4.11705e-06 7.60334e-06 2.09112e-06
internal_weight=850 830 796 775 306 469 171 142 111 438 418 98 320 135 111 83
internal_count=850 830 796 775 306 469 171 142 111 438 418 98 320 135 111 83
is_linear=0
shrinkage=0.3


Tree=178
num_leaves=22
num_cat=0
split_feature=27 17 12 12 12 9 4 11 21 10 17 22 22 27 5 3 5 15 22 8 1
split_gain=4.5257e-08 9.66388e-08 9.61194e-08 1.6666e-07 7.52154e-08 7.42084e-08 8.97633e-08 6.75709e-08 2.04786e-07 6.9403e-08 5.88442e-08 8.68261e-08 1.21794e-07 8.17516e-08 8.54099e-08 9.19877e-08 1.15709e-07 7.98862e-08 1.73382e-07 1.37563e-07 6.04948e-08
threshold=0.93985400000000008 0.0039139056614521123 -0.0040245143172893631 -0.00057084749516286652 0.005598895135457937 0.012418216327683286 6892300.0000000009 80.464698833902148 0.094487000000000015 2.0492280095244442 0.0038350910143192083 0.017312500000000005 0.038055000000000012 0.52971900000000016 -0.01955121479994355 4.5145699977874765 -0.012389487167980776 -0.0019880536228579246 0.48921050000000005 0.014456579475082556 4.3127522826261222
decision_type=2 2 2 2 2 2 2 2 2 2 2 2 2 2 2 2 2 2 2 2 2
left_child=7 5 -3 -4 -5 -2 -7 9 -9 10 11 -1 -13 -12 -15 20 -17 18 -14 -19 -16
right_child=1 2 3 4 -6 6 -8 8 -10 -11 13 12 17 14 15 16 -18 19 -20 -21 -22
leaf_value=1.0396312219048316e-05 2.0130949669692198e-05 5.6463350978851344e-06 -3.800601745232208e-05 1.077250480145602e-06 -2.1294465425723633e-05 -1.64615185576622e-05 1.1961527639527959e-05 3.4350875457026373e-05 -4.0182996621988952e-06 -1.6327781197973803e-05 -1.2873594197218254e-05 -2.3933773776109643e-05 2.3830252951976643e-06 1.7693714841913644e-05 3.7559886445356264e-06 -1.6829597790585775e-05 2.6512142936996189e-06 1.1931526589281836e-05 -3.0138229021758889e-05 -1.1402043990197066e-05 2.4030473145507534e-05
leaf_weight=36 20 27 21 38 21 20 20 21 31 22 27 28 36 38 26 31 239 59 25 37 27
leaf_count=36 20 27 21 38 21 20 20 21 31 22 27 28 36 38 26 31 239 59 25 37 27
internal_value=-6.34912e-15 -4.42697e-06 -9.83106e-06 -1.50547e-05 -6.88556e-06 5.21032e-06 -2.25e-06 1.08244e-06 1.14769e-05 2.25837e-07 8.23833e-07 -3.08353e-06 -5.70664e-06 3.04942e-06 4.24034e-06 2.65759e-06 4.14528e-07 -2.45594e-06 -1.09454e-05 2.93838e-06 1.40845e-05
internal_weight=850 167 107 80 59 60 40 683 52 631 609 221 185 388 361 323 270 157 61 96 53
internal_count=850 167 107 80 59 60 40 683 52 631 609 221 185 388 361 323 270 157 61 96 53
is_linear=0
shrinkage=0.3


Tree=179
num_leaves=28
num_cat=0
split_feature=6 13 13 15 27 27 7 7 14 11 27 4 4 27 11 4 27 22 22 22 20 11 9 15 15 10 18
split_gain=3.56417e-08 1.23778e-07 1.5248e-07 1.46957e-07 1.33125e-07 1.30169e-07 1.7462e-07 1.94116e-07 1.14948e-07 1.04729e-07 1.04525e-07 1.43607e-07 2.13069e-07 1.95902e-07 1.06802e-07 1.07435e-07 1.03272e-07 2.34625e-07 1.12005e-07 1.02475e-07 1.10462e-07 9.63079e-08 8.91823e-08 1.16693e-07 7.9445e-08 8.69416e-08 4.93953e-08
threshold=0.0019305057666435916 0.030520869534186233 0.037343738472070127 -0.011534152179717544 0.89191300000000007 0.56265500000000002 -0.0097816194895147292 -0.01443340033046603 0.032928200627182762 77.464790987478537 0.55208150000000011 8153900.0000000009 9057800.0000000019 0.86051850000000008 67.530457980091214 3986700.0000000005 0.82249050000000012 0.028830000000000005 0.063411000000000009 0.044426000000000007 0.028713000000000006 58.987243853023564 0.010555589925278218 0.0041109973302429961 -1.0000000180025095e-35 -0.46327868121807764 -0.42246851813453051
decision_type=2 2 2 2 2 2 2 2 2 2 2 2 2 2 2 2 2 2 2 2 2 2 2 2 2 2 2
left_child=9 5 3 -3 -5 -2 7 -7 16 10 -1 14 -13 -14 15 24 21 -18 -19 -15 -21 -8 -17 -24 26 -26 -12
right_child=1 2 -4 4 -6 6 8 -9 -10 -11 11 12 13 19 -16 22 17 18 -20 20 -22 -23 23 -25 25 -27 -28
leaf_value=1.3247268163302743e-05 -1.4613082197019348e-05 3.9428911463801338e-06 1.0036825498597561e-05 -1.0795811936664142e-05 -4.2189381601929199e-05 7.3888580995376934e-06 -2.6826368793990697e-05 4.5544685968122524e-05 2.2347387444964486e-05 1.5354342049249682e-05 2.2508500460389766e-05 3.1166632061285783e-05 -2.0674184233371305e-05 -9.2965219198504205e-06 -2.45717636414244e-05 -2.3859124027965022e-05 3.1450598722585709e-05 -1.8429190460665268e-05 4.7193661142399066e-06 1.7003204529178867e-06 3.2852918431558463e-05 6.4018936932875975e-07 -1.1296223215140343e-07 -2.08918873677059e-05 -1.9839916035380156e-05 3.2046886955380084e-06 1.4239692518458469e-06
leaf_weight=33 26 28 36 31 20 28 20 21 26 30 20 22 32 20 31 37 25 25 76 21 20 27 75 36 23 41 20
leaf_count=33 26 28 36 31 20 28 20 21 26 30 20 22 32 20 31 37 25 25 76 21 20 27 75 36 23 41 20
internal_value=-3.20798e-14 2.11479e-06 -6.14549e-06 -1.35197e-05 -2.3107e-05 5.58169e-06 7.69888e-06 2.37414e-05 3.74873e-06 -1.78449e-06 -2.97745e-06 -4.32272e-06 4.61675e-06 -1.66386e-06 -7.95537e-06 -5.91129e-06 9.53554e-07 5.43021e-06 -1.01047e-06 8.30876e-06 1.68967e-05 -1.10477e-05 -1.11038e-05 -6.85207e-06 1.47811e-06 -5.07697e-06 1.19662e-05
internal_weight=850 389 115 79 51 274 248 49 199 461 431 398 115 93 283 252 173 126 101 61 41 47 148 111 104 64 40
internal_count=850 389 115 79 51 274 248 49 199 461 431 398 115 93 283 252 173 126 101 61 41 47 148 111 104 64 40
is_linear=0
shrinkage=0.3


Tree=180
num_leaves=31
num_cat=0
split_feature=21 7 14 0 1 21 16 18 17 5 9 16 18 18 16 27 4 18 22 25 22 11 7 5 6 15 13 5 27 15
split_gain=4.97238e-08 1.17351e-07 9.76854e-08 8.03882e-08 7.70892e-08 6.95466e-08 1.72299e-07 2.62669e-07 1.81472e-07 6.68708e-08 6.19232e-08 5.91189e-08 9.60674e-08 1.38582e-07 1.05573e-07 1.18511e-07 1.00045e-07 7.10983e-08 9.21575e-08 1.42665e-07 1.10764e-07 9.84769e-08 6.67446e-08 6.30556e-08 6.04968e-08 5.38477e-08 4.54555e-08 4.89185e-08 4.421e-08 3.37039e-08
threshold=0.039321000000000009 -0.0037140119586412126 0.018379033935016154 4.5480301919558963 4.7673200214355367 0.060142000000000008 0.0020920481222443011 0.21037024857837675 0.0049342582506235197 -0.0022806467878944523 0.027375009759249194 0.0040816286810733864 0.22973446692731955 0.10037083433503736 0.012257406663506982 0.88827700000000009 4600000.0000000009 0.42932321430272086 0.16279350000000004 0.58333350000000006 0.037462000000000002 52.941167904763802 0.0020637876818529991 -0.0019231337727346205 -0.0032521175210568011 -0.0021031185406142081 0.02384258193864712 -0.0076411881504091748 0.8561470000000001 0.0055607038079523163
decision_type=2 2 2 2 2 2 2 2 2 2 2 2 2 2 2 2 2 2 2 2 2 2 2 2 2 2 2 2 2 2
left_child=1 2 -1 -3 -5 6 9 8 -8 -2 25 17 13 14 15 16 -13 18 20 23 21 -7 -19 -20 -14 -4 -6 -28 -26 -22
right_child=5 3 10 4 26 11 7 -9 -10 -11 -12 12 24 -15 -16 -17 -18 22 19 -21 29 -23 -24 -25 28 -27 27 -29 -30 -31
leaf_value=-2.7557245392437416e-05 3.6855794405710182e-06 1.8479585549936348e-05 -9.3699365868360472e-06 -1.3285876091833202e-05 1.2753187902783412e-05 -7.5835882804702646e-06 -1.0732320858799291e-05 3.976054886152269e-05 2.2780342043496112e-05 -2.0846791804274287e-05 -1.6757516351617597e-05 -1.6430790386342172e-06 -2.0439103197249268e-05 2.2096435782259504e-05 1.2586479004106365e-05 8.6792550878418553e-06 -2.3195181691042827e-05 2.2841076315671671e-05 8.4748850395044424e-06 -5.2827893254839419e-06 -9.3750556911231786e-06 1.7686362612138232e-05 2.7847654422430423e-06 3.229714231565595e-05 2.0107110445036703e-06 1.2644370863199582e-05 8.4270864094419669e-06 -1.0794113813972217e-05 -1.5019326850091126e-05 -2.6791569748638722e-05
leaf_weight=26 20 22 20 34 31 35 33 27 26 20 28 36 37 24 32 31 42 28 20 38 20 23 32 20 34 20 22 26 23 20
leaf_count=26 20 22 20 34 31 35 33 27 26 20 28 36 37 24 32 31 42 28 20 38 20 23 32 20 34 20 22 26 23 20
internal_value=8.13329e-14 -3.77852e-06 -1.19171e-05 1.88836e-06 -1.34179e-06 1.39337e-06 7.68598e-06 1.52518e-05 4.03597e-06 -8.58061e-06 -5.93708e-06 -2.08387e-07 -3.33798e-06 1.02297e-06 -2.564e-06 -7.01185e-06 -1.32481e-05 3.22621e-06 1.85925e-07 7.8807e-06 -5.93849e-06 2.43725e-06 1.21444e-05 2.0386e-05 -1.09928e-05 1.63722e-06 3.79871e-06 -1.9844e-06 -4.86106e-06 -1.80833e-05
internal_weight=850 229 94 135 113 621 126 86 59 40 68 495 259 165 141 109 78 236 176 78 98 58 60 40 94 40 79 48 57 40
internal_count=850 229 94 135 113 621 126 86 59 40 68 495 259 165 141 109 78 236 176 78 98 58 60 40 94 40 79 48 57 40
is_linear=0
shrinkage=0.3


Tree=181
num_leaves=19
num_cat=0
split_feature=1 6 14 17 8 0 8 18 5 4 21 13 7 17 12 3 6 12
split_gain=3.31254e-08 3.44757e-08 6.63276e-08 8.38082e-08 6.61641e-08 8.76028e-08 6.86381e-08 6.33564e-08 5.65702e-08 9.28887e-08 8.06961e-08 6.90287e-08 1.03816e-07 9.3161e-08 7.86821e-08 7.61718e-08 8.93536e-08 7.95616e-08
threshold=4.0867230831893755 0.019048352476054048 0.01892019575879398 0.01380902158799256 0.085613064350709353 5.062999317727237 0.064143961088101734 -0.090033904873597095 0.018500229187797698 4583200.0000000009 0.074964500000000017 0.032560370247856157 -0.0019231337727346205 0.0083333250549107018 -0.0014285830535689097 5.1634943485260019 0.014122318116620526 -0.00057084749516286652
decision_type=2 2 2 2 2 2 2 2 2 2 2 2 2 2 2 2 2 2
left_child=-1 4 -3 7 6 -6 8 -4 11 -10 -11 15 13 -13 -14 16 -2 -17
right_child=1 2 3 -5 5 -7 -8 -9 9 10 -12 12 14 -15 -16 17 -18 -19
leaf_value=1.2064689926774009e-05 1.6421340244183075e-06 -2.0480666360559292e-05 -3.2351988276483703e-06 -1.6884868560025453e-05 -1.7451774237997598e-06 2.633373197710398e-05 -1.3823689222647317e-05 1.7199480834568185e-05 -8.9258758976029643e-06 2.6012665464999631e-05 2.0304324389935178e-06 -3.2385416294676935e-05 1.2167983162011556e-05 -5.0787086158142415e-06 -1.032232212939529e-05 -1.493102684707992e-05 2.1321364767407595e-05 2.7805544667509302e-06
leaf_weight=20 370 21 36 23 20 20 32 22 20 28 23 22 28 23 28 50 22 42
leaf_count=20 370 21 36 23 20 20 32 22 20 28 23 22 28 23 28 50 22 42
internal_value=-5.03666e-14 -2.90715e-07 -5.45612e-06 -1.56087e-06 4.33009e-07 1.22943e-05 -2.56599e-07 4.51589e-06 4.0521e-07 8.40193e-06 1.51971e-05 -5.65332e-07 -7.69912e-06 -1.84287e-05 9.22831e-07 9.2333e-07 2.74658e-06 -6.8453e-06
internal_weight=850 830 102 81 728 40 688 58 656 71 51 585 101 45 56 484 392 92
internal_count=850 830 102 81 728 40 688 58 656 71 51 585 101 45 56 484 392 92
is_linear=0
shrinkage=0.3


Tree=182
num_leaves=29
num_cat=0
split_feature=26 4 4 14 5 4 4 0 19 22 0 27 22 3 17 27 17 6 11 2 4 16 6 21 0 3 15 18
split_gain=3.1573e-08 1.12031e-07 1.09971e-07 1.24504e-07 7.63391e-08 5.1207e-08 2.70644e-07 6.71402e-08 1.26211e-07 1.25905e-07 1.29037e-07 9.66009e-08 9.05861e-08 1.08104e-07 1.42416e-07 8.17308e-08 7.57322e-08 6.61661e-08 6.29644e-08 5.78697e-08 6.24084e-08 6.03555e-08 8.80866e-08 3.72719e-08 6.29997e-08 6.09658e-08 4.02946e-08 5.3031e-08
threshold=0.89017450000000009 2067550.0000000002 2482600.0000000005 0.01516590195776679 0.0020533799517048986 4853200.0000000009 4583200.0000000009 4.755504732904476 -0.42972749999999998 0.5942495000000001 4.6757491967021814 0.88782150000000015 0.090101000000000014 5.1722128391265878 0.0054200886378175557 0.90957250000000012 0.0068475427703768594 0.004175333928463496 44.647983307292392 4.923816901298868 2657600.0000000005 0.0081632573621466652 0.00389101707044625 0.040185000000000005 5.0084689619824738 5.6588282585144052 0.0088107561972222675 0.16770957275041851
decision_type=2 2 2 2 2 2 2 2 2 2 2 2 2 2 2 2 2 2 2 2 2 2 2 2 2 2 2 2
left_child=1 4 -2 -4 -1 6 19 9 11 10 17 -9 15 -14 -15 16 -10 18 -7 20 -3 22 -22 25 -25 26 27 -5
right_child=2 5 3 23 -6 7 -8 8 12 -11 -12 -13 13 14 -16 -17 -18 -19 -20 -21 21 -23 -24 24 -26 -27 -28 -29
leaf_value=-2.547526244439802e-05 1.4883738304484318e-05 1.3201475197395969e-05 -2.2982476999109093e-05 8.8777383367462444e-06 -1.3272778460304834e-07 1.9958998173904312e-05 3.9206588630804611e-05 2.8422949860993998e-05 2.0929397089423367e-05 -2.2901700489390868e-05 -1.9417479527944053e-05 1.8581594541832271e-06 4.777241454446214e-06 -3.2646100700958415e-05 8.6582787324524741e-07 -5.6054844650900216e-06 8.2762449349707646e-07 -5.4393387963021886e-06 5.1146872888709586e-07 1.5730883706055466e-05 -1.4819141535206334e-05 9.5145480583726434e-06 3.5009072927426709e-06 1.3738972955122465e-06 -2.2152629995559888e-05 1.4654815827374146e-05 -1.1379872454530085e-05 -7.8423359296251752e-06
leaf_weight=23 27 27 31 38 20 31 20 28 37 28 26 22 35 25 21 38 31 38 29 25 51 28 44 21 20 22 33 31
leaf_count=23 27 27 31 38 20 31 20 28 37 28 26 22 35 25 21 38 31 38 29 25 51 28 44 21 20 22 33 31
internal_value=-1.38581e-14 1.09041e-06 -3.06585e-06 -5.5385e-06 -1.3688e-05 2.17855e-06 6.14623e-06 1.89603e-07 3.34595e-06 -4.73181e-06 -6.28934e-07 1.67344e-05 -2.33856e-07 -7.78724e-06 -1.73472e-05 5.53807e-06 1.17654e-05 4.35578e-06 1.05594e-05 2.3679e-06 1.40739e-07 -2.72625e-06 -6.33407e-06 -2.26115e-06 -1.01025e-05 3.31547e-07 -2.75779e-06 1.36582e-06
internal_weight=850 627 223 196 43 584 195 389 237 152 124 50 187 81 46 106 68 98 60 175 150 123 95 165 41 124 102 69
internal_count=850 627 223 196 43 584 195 389 237 152 124 50 187 81 46 106 68 98 60 175 150 123 95 165 41 124 102 69
is_linear=0
shrinkage=0.3


Tree=183
num_leaves=24
num_cat=0
split_feature=3 1 1 14 14 1 27 4 7 4 26 16 8 15 8 3 12 10 22 10 7 9 9
split_gain=3.28757e-08 1.07918e-07 7.81e-08 7.00483e-08 7.19008e-08 1.07812e-07 7.94446e-08 8.22333e-08 8.73409e-08 8.05124e-08 9.88896e-08 7.1401e-08 4.44282e-08 1.34989e-07 1.17618e-07 5.53521e-08 1.73542e-07 6.56289e-08 8.53235e-08 6.00775e-08 6.85349e-08 5.22843e-08 1.24157e-07
threshold=4.7949154376983651 4.883318694153691 4.8213377627191836 0.012096812316346536 0.015686319418902733 5.1569638535452134 0.54973650000000018 5319600.0000000009 0.0044346259262258879 9181300.0000000019 0.88368750000000007 0.012765996517668196 0.032588070677156127 0.0043059454427932719 0.024826188076386251 4.6659371852874765 0.001069351601593978 0.1559607772837962 0.48921050000000005 -0.12421331386951794 -0.0020790236406132367 0.0097112456688483659 0.012418216327683286
decision_type=2 2 2 2 2 2 2 2 2 2 2 2 2 2 2 2 2 2 2 2 2 2 2
left_child=2 -2 12 -3 5 -5 -6 8 -8 10 -9 -11 14 -14 15 17 19 21 -19 20 -17 -1 -23
right_child=1 3 -4 4 6 -7 7 9 -10 11 -12 -13 13 -15 -16 16 -18 18 -20 -21 -22 22 -24
leaf_value=-9.576574302627704e-06 -2.2426850285807053e-05 1.6467840223413076e-05 2.0062359370172088e-05 2.1717603885917923e-06 -1.8511410603423427e-05 -2.8604905050347691e-05 -1.8184675051694889e-05 1.548095427541646e-05 5.4822018425867375e-06 1.9692807870619332e-06 -3.9837000659805628e-06 -1.6030224807764171e-05 -2.632355132776026e-06 2.5963487962599172e-05 -2.1133517109616228e-05 -2.0177975437718486e-05 3.049474802206863e-05 -2.0253131558754166e-05 2.9818661787430754e-06 8.8378485132195175e-06 4.3603235098998989e-06 2.5032356136632317e-05 2.600992562895831e-07
leaf_weight=33 22 20 20 20 20 21 36 76 23 96 34 25 39 24 23 20 22 33 25 39 21 21 137
leaf_count=33 22 20 20 20 20 21 36 76 23 96 34 25 39 24 23 20 22 33 25 39 21 21 137
internal_value=-1.02727e-13 -2.01192e-06 1.73017e-06 -8.01334e-07 -1.78533e-06 -1.35919e-05 -2.23819e-07 1.03739e-06 -8.9586e-06 3.59049e-06 9.46461e-06 -1.74963e-06 8.91163e-07 8.2613e-06 -3.50331e-07 1.01153e-06 6.89772e-06 -1.39968e-06 -1.0238e-05 4.08542e-07 -7.60958e-06 1.28422e-06 3.55261e-06
internal_weight=850 393 457 371 351 41 310 290 59 231 110 121 437 63 374 351 102 249 58 80 41 191 158
internal_count=850 393 457 371 351 41 310 290 59 231 110 121 437 63 374 351 102 249 58 80 41 191 158
is_linear=0
shrinkage=0.3


Tree=184
num_leaves=31
num_cat=0
split_feature=17 1 5 1 18 16 27 7 5 6 6 24 22 2 5 12 1 12 15 10 4 8 10 0 23 7 26 14 6 12
split_gain=2.92809e-08 3.838e-08 7.03031e-08 1.24996e-07 1.89894e-07 8.67559e-08 8.15169e-08 6.60298e-08 6.41111e-08 6.39909e-08 7.89444e-08 7.53049e-08 9.63725e-08 7.4837e-08 8.22097e-08 7.51379e-08 8.35853e-08 7.3318e-08 6.22337e-08 6.22308e-08 1.05663e-07 7.4065e-08 5.75432e-08 7.59529e-08 5.84459e-08 5.21295e-08 4.76834e-08 4.51378e-08 3.31123e-08 3.04308e-08
threshold=0.0211537809061557 4.7457759446606538 0.0020920309664146388 4.6503741609962335 0.071781453785477276 0.010687648513694236 0.71706350000000008 -0.025409028368138117 0.0044346259262258879 -0.0019231337727346205 0.0091954855547597379 1.0000000180025095e-35 0.030674500000000004 4.7011833081133574 0.011246550837982748 -0.0020480050325871594 5.2577298151778393 0.0030900259800257577 0.018003351470876946 0.10068058853957727 5491350.0000000009 -0.0073274019864207835 -0.078308479586973706 4.6684559610695047 0.41666650000000005 0.0021835184963592221 0.71620400000000006 0.021802036369764643 -0.0022806467878944523 0.0011708854504810854
decision_type=2 2 2 2 2 2 2 2 2 2 2 2 2 2 2 2 2 2 2 2 2 2 2 2 2 2 2 2 2 2
left_child=1 2 5 8 -5 6 -1 -3 -4 13 19 12 -12 -9 15 16 -15 -17 -16 21 -21 -11 23 24 -8 28 -14 -22 -10 -2
right_child=29 7 3 4 -6 -7 22 9 25 10 11 -13 26 14 18 17 -18 -19 -20 20 27 -23 -24 -25 -26 -27 -28 -29 -30 -31
leaf_value=-1.7871510320688345e-05 1.50619265656607e-05 1.0912674890128925e-05 1.3007368971784672e-05 4.0164059691960578e-06 4.1755088452646299e-05 1.437613113484286e-05 6.7307852708725068e-06 -2.410264404488771e-05 -2.5142153059608639e-06 2.8198762026152637e-06 8.3410845815836061e-06 8.2653094908538259e-06 -2.6391574394582759e-05 1.2128194126766492e-05 1.8028636923190788e-05 -2.5848679347550322e-05 -1.4389858133654341e-05 -4.9089892197823949e-06 -5.3544264866494427e-06 -1.3637220300469463e-05 1.841585162920141e-05 2.501832816150795e-05 1.055718537827488e-05 -1.8417639096941665e-05 -9.7534111965558171e-06 6.3686032280412079e-06 -9.8223088207936989e-06 -4.7653830174217899e-08 -1.9168626885500216e-05 2.122450572035935e-07
leaf_weight=32 23 32 27 30 20 26 49 22 22 31 21 27 22 23 20 34 20 27 21 33 22 24 30 26 32 26 54 26 21 27
leaf_count=32 23 32 27 30 20 26 49 22 22 31 21 27 22 23 20 34 20 27 21 33 22 24 30 26 32 26 54 26 21 27
internal_value=-7.32528e-15 -4.40194e-07 1.97059e-06 6.94879e-06 1.91119e-05 -1.75668e-06 -4.23865e-06 -2.23121e-06 6.13841e-07 -3.21623e-06 -2.72906e-07 -5.74753e-06 -9.64801e-06 -7.79865e-06 -5.32494e-06 -9.81006e-06 -2.05784e-07 -1.65803e-05 6.05195e-06 4.71866e-06 -5.69365e-07 1.25065e-05 -1.05433e-06 -4.3099e-06 2.1851e-07 -4.2358e-06 -1.46187e-05 8.41479e-06 -1.06478e-05 7.0431e-06
internal_weight=850 800 341 146 50 195 169 459 96 427 260 124 97 167 145 104 43 61 41 136 81 55 137 107 81 69 76 48 43 50
internal_count=850 800 341 146 50 195 169 459 96 427 260 124 97 167 145 104 43 61 41 136 81 55 137 107 81 69 76 48 43 50
is_linear=0
shrinkage=0.3


Tree=185
num_leaves=25
num_cat=0
split_feature=20 8 8 14 10 10 10 17 4 17 16 17 17 21 13 17 14 20 19 1 18 16 9 27
split_gain=2.4592e-08 9.01001e-08 8.76676e-08 8.55853e-08 5.92808e-08 1.28732e-07 6.16835e-08 4.72563e-08 6.38357e-08 7.21367e-08 1.05987e-07 9.04232e-08 1.28812e-07 1.01562e-07 6.85278e-08 1.03391e-07 1.02736e-07 6.7389e-08 7.29039e-08 6.20946e-08 4.65476e-08 4.45081e-08 4.34492e-08 3.97594e-08
threshold=0.59438250000000015 0.037415319231165388 0.0091240428053163732 0.020202131258436996 -0.12875607422848018 -0.56765746249742033 0.49403939578785877 0.022930611137725029 13590350.000000002 0.0094414039704009186 0.0038205227406386938 0.0077775871754754847 0.0066261913553967372 0.06407800000000001 0.028047765257427585 0.0050104544996179669 0.014462795668584794 0.15667800000000001 -0.88341149999999991 5.0109375576378481 1.0000000180025095e-35 0.0087436727102814162 0.02825034666174351 0.89728200000000002
decision_type=2 2 2 2 2 2 2 2 2 2 2 2 2 2 2 2 2 2 2 2 2 2 2 2
left_child=7 2 4 -4 5 20 -6 8 9 11 17 12 14 -13 16 -16 -1 18 -11 23 -2 -10 -3 -12
right_child=1 22 3 -5 6 -7 -8 -9 21 10 19 13 -14 -15 15 -17 -18 -19 -20 -21 -22 -23 -24 -25
leaf_value=3.5496175575430886e-06 -7.3476359757965577e-06 -1.5401720906259968e-05 3.2140986299964424e-05 4.7196824734133505e-06 -1.9206245356144793e-05 2.7691141896184489e-05 4.3554145122470795e-06 1.1083906488400836e-05 1.8544294874553327e-05 -1.1847045685239468e-05 5.4948041938116843e-07 2.7290014220073186e-05 -2.5571372243575753e-05 7.5506936007193015e-07 7.1902720442378225e-07 2.3880175784928394e-05 -9.0857104893659e-06 -3.8499113253981865e-06 -3.6844851586335731e-05 1.1914642911392546e-05 8.0167066641934067e-06 -1.191619775375369e-07 2.5332803647870603e-06 -1.6590793896804303e-05
leaf_weight=102 35 31 20 21 20 20 20 28 23 21 29 21 20 34 82 22 134 22 21 24 36 23 20 21
leaf_count=102 35 31 20 21 20 20 20 28 23 21 29 21 20 34 82 22 134 22 21 24 36 23 20 21
internal_value=5.98962e-14 2.70577e-06 5.98938e-06 1.80959e-05 2.20031e-06 6.4314e-06 -7.42542e-06 -9.62338e-07 -1.52543e-06 -2.41865e-06 -8.36049e-06 -4.42807e-07 -2.17369e-06 1.08866e-05 -7.97353e-07 5.6185e-06 -3.62468e-06 -1.73004e-05 -2.43459e-05 -6.28653e-07 4.42735e-07 9.21257e-06 -8.36839e-06 -6.64943e-06
internal_weight=850 223 172 41 131 91 40 627 599 553 138 415 360 55 340 104 236 64 42 74 71 46 51 50
internal_count=850 223 172 41 131 91 40 627 599 553 138 415 360 55 340 104 236 64 42 74 71 46 51 50
is_linear=0
shrinkage=0.3


Tree=186
num_leaves=12
num_cat=0
split_feature=11 8 8 8 12 8 8 8 27 14 20
split_gain=2.66935e-08 1.31213e-07 8.48983e-08 5.15095e-08 5.15226e-08 3.72219e-08 1.34072e-07 7.2754e-08 7.21101e-08 6.89653e-08 6.3621e-08
threshold=15.40455069074387 -0.11045610482066189 -0.080070078660329239 -0.06146629070403329 -0.0063735480731835466 0.012300333704304516 0.0091240428053163732 0.019140136297714414 0.69811500000000015 0.018292665197904841 0.16711000000000001
decision_type=2 2 2 2 2 2 2 2 2 2 2
left_child=-1 -2 -3 -4 -5 6 8 10 -6 -9 -7
right_child=1 2 3 4 5 7 -8 9 -10 -11 -12
leaf_value=-8.4999406681163233e-06 2.4333001847480775e-05 -1.6203320467803709e-05 1.3726144923566607e-05 -1.3792126691214434e-05 1.1470961374925537e-05 -2.4525611646388577e-05 2.4111042836238991e-05 -7.2556566872366974e-06 -8.4067230818542258e-07 2.8235061579628121e-06 -3.1314095390998455e-06
leaf_weight=32 20 29 25 24 50 22 24 86 298 211 29
leaf_count=32 20 29 25 24 50 22 24 86 298 211 29
internal_value=-4.13486e-14 3.32516e-07 -2.69e-07 3.31904e-07 -1.18171e-07 3.37627e-07 2.42391e-06 -1.89253e-06 9.28241e-07 -9.50393e-08 -1.23603e-05
internal_weight=850 818 798 769 744 720 372 348 348 297 51
internal_count=850 818 798 769 744 720 372 348 348 297 51
is_linear=0
shrinkage=0.3


Tree=187
num_leaves=16
num_cat=0
split_feature=8 6 3 11 26 11 7 11 11 16 7 18 18 19 11
split_gain=2.4917e-08 5.51856e-08 8.25452e-08 4.37695e-08 7.31686e-08 4.17225e-08 7.15807e-08 3.9632e-08 5.43234e-08 6.40112e-08 5.52713e-08 9.73808e-08 7.04713e-08 3.72609e-08 3.58208e-08
threshold=0.065558087893866204 0.011364137188788722 5.1315364837646493 68.518573426799449 0.65924850000000013 62.080156312656221 -0.0058580367641417322 59.740690016512836 58.195438932726837 0.017952968093426679 0.0024211813941924071 0.18320173143264298 0.21037024857837675 0.16589800000000002 64.281020679149904
decision_type=2 2 2 2 2 2 2 2 2 2 2 2 2 2 2
left_child=3 2 -2 5 -5 7 -7 8 9 10 12 -12 -1 14 -8
right_child=1 -3 -4 4 -6 6 13 -9 -10 -11 11 -13 -14 -15 -16
leaf_value=7.7787582163661054e-07 -9.5255709934903161e-06 -1.3259017064753537e-05 1.2741492864263599e-05 1.7688938227338974e-05 -1.9926002417324685e-06 -2.0221784325258337e-05 -4.2042096248968102e-06 1.0862094109143071e-05 -1.3800057206481141e-05 -1.3180708324560848e-05 2.8220151905507265e-06 -1.1762881948341789e-05 1.002319527825338e-05 -1.1583446744509728e-05 1.3338117319108279e-05
leaf_weight=228 31 39 29 34 34 24 22 33 24 28 107 67 110 20 20
leaf_count=228 31 39 29 34 34 24 22 33 24 28 107 67 110 20 20
internal_value=-4.07266e-15 -4.47365e-06 1.23684e-06 5.89735e-07 7.84817e-06 -1.3292e-07 -6.31072e-06 7.57014e-07 1.6576e-07 7.86463e-07 1.55029e-06 -2.79401e-06 3.78671e-06 -9.25794e-07 4.14928e-06
internal_weight=850 99 60 751 68 683 86 597 564 540 512 174 338 62 42
internal_count=850 99 60 751 68 683 86 597 564 540 512 174 338 62 42
is_linear=0
shrinkage=0.3


Tree=188
num_leaves=28
num_cat=0
split_feature=21 4 2 26 26 22 11 8 17 16 27 7 17 7 14 16 13 18 6 6 4 5 18 14 11 17 12
split_gain=2.16375e-08 7.91205e-08 5.27284e-08 2.60102e-08 5.88145e-08 6.42726e-08 4.98413e-08 1.37781e-07 9.51304e-08 8.78665e-08 7.47582e-08 7.24823e-08 9.27437e-08 5.477e-08 4.36594e-08 4.74794e-08 7.97569e-08 7.01787e-08 1.3343e-07 9.19109e-08 7.7194e-08 6.4458e-08 5.00227e-08 4.10677e-08 3.74936e-08 3.48547e-08 6.59491e-08
threshold=0.023222500000000004 6524800.0000000009 4.6850867851096121 0.46190400000000004 0.55797350000000012 0.086330500000000018 48.214354092550458 0.0019120435588228367 0.0020491783255628649 0.0039292845697016035 0.78024750000000009 0.0019902438648898443 0.008510804585797083 0.0084266338817136372 0.052012339430807415 0.0080080563581414275 0.033855359492201011 -0.12959494053554568 0.014122318116620526 -0.0021165001558440832 3662700.0000000005 0.0039918442463511448 -0.2544800630737119 0.019665683494903333 52.744849139452462 0.0020408143405366039 0.0025758300427018549
decision_type=2 2 2 2 2 2 2 2 2 2 2 2 2 2 2 2 2 2 2 2 2 2 2 2 2 2 2
left_child=1 2 -1 6 5 -5 8 -8 -2 -10 -11 25 13 -13 15 17 23 20 19 -19 21 -6 -22 -17 -25 -9 -27
right_child=3 -3 -4 4 14 -7 7 11 9 10 -12 12 -14 -15 -16 16 -18 18 -20 -21 22 -23 -24 24 -26 26 -28
leaf_value=-7.4275075844938829e-06 -2.1883632333746e-05 -1.7442092788298526e-05 1.3343000327123181e-05 5.2491241262941903e-07 1.466632242876845e-05 2.428792661573555e-05 2.4793440456960524e-05 9.4985793737123452e-07 -1.2895734388015019e-05 -5.6326452305138051e-06 1.8066755337258655e-05 2.39750421815188e-05 -8.6486517582009327e-06 4.6655306610213857e-06 -1.0872035234873086e-05 -1.7978202378799323e-05 1.2505356460223993e-05 1.2968523142556097e-05 2.8859326300295397e-05 -2.3382389793746037e-06 -1.4153310677972079e-05 -5.5194765309352078e-06 2.1136149775379129e-06 3.0000438060337081e-06 -1.1453082790033874e-05 -2.3492746939268725e-05 -1.9126075876556571e-06
leaf_weight=22 28 28 22 20 35 21 20 24 36 23 25 20 33 39 27 25 22 62 23 82 46 24 27 35 30 26 25
leaf_count=22 28 28 22 20 35 21 20 24 36 23 25 20 33 39 27 25 22 62 23 82 46 24 27 35 30 26 25
internal_value=6.57758e-14 -4.97552e-06 2.95775e-06 4.6046e-07 1.83094e-06 1.26962e-05 -1.73505e-06 1.26251e-06 -6.73991e-06 -1.692e-06 6.71079e-06 -1.55556e-06 4.08751e-06 1.12111e-05 8.13866e-07 1.58155e-06 -3.68686e-06 3.55501e-06 7.64118e-06 4.25217e-06 -1.61463e-06 6.45515e-06 -8.13678e-06 -7.64496e-06 -3.67063e-06 -8.47773e-06 -1.29142e-05
internal_weight=850 72 44 778 479 41 299 187 112 84 48 167 92 59 438 411 112 299 167 144 132 59 73 90 65 75 51
internal_count=850 72 44 778 479 41 299 187 112 84 48 167 92 59 438 411 112 299 167 144 132 59 73 90 65 75 51
is_linear=0
shrinkage=0.3


Tree=189
num_leaves=18
num_cat=0
split_feature=10 11 11 7 10 22 22 0 3 21 22 2 3 4 3 18 17
split_gain=1.8529e-08 2.35365e-08 4.64668e-08 4.40571e-08 9.69285e-08 2.54137e-08 5.39449e-08 4.79879e-08 5.57953e-08 5.45005e-08 4.57401e-08 5.44883e-08 1.86721e-07 8.96725e-08 1.18592e-07 4.75814e-08 4.21785e-08
threshold=2.1682522634548662 73.233785029868059 70.671425029066938 0.010115583664990166 1.1196324008252909 0.13186150000000005 0.17110650000000002 5.8590107488271945 5.2509257793426523 0.38131700000000007 0.056013500000000008 4.6799458962445541 4.6659371852874765 8737400.0000000019 4.7735815048217782 0.11315601241399345 0.010846028044850848
decision_type=2 2 2 2 2 2 2 2 2 2 2 2 2 2 2 2 2
left_child=1 2 5 4 -3 10 -7 8 9 -8 11 12 16 14 -13 -12 -1
right_child=-2 3 -4 -5 -6 6 7 -9 -10 -11 15 13 -14 -15 -16 -17 -18
leaf_value=-3.6825628436497904e-06 8.8004639759934173e-06 3.2416198461181588e-06 1.2835536636675198e-05 4.6135515710623365e-06 -1.8982643181468452e-05 -1.5806117234077369e-05 3.0747061492317813e-07 -1.3501946825272171e-05 1.1111626006683114e-05 -1.1852846927838886e-05 1.8267897129429484e-06 -1.9227392363063698e-05 3.0454294667135527e-05 -1.8193101472676179e-05 5.6774661222530257e-06 1.8695553186868586e-05 1.1701461401116831e-05
leaf_weight=81 21 33 26 33 38 23 261 25 37 38 34 22 21 31 79 27 20
leaf_count=81 21 33 26 33 38 23 261 25 37 38 34 22 21 31 79 27 20
internal_value=1.45753e-14 -2.22931e-07 3.82497e-07 -4.44346e-06 -8.65306e-06 -8.07066e-08 -1.71906e-06 -8.21543e-07 1.2194e-07 -1.23799e-06 1.91652e-06 1.44933e-07 4.71542e-06 -4.07931e-06 2.52645e-07 9.29329e-06 -6.36221e-07
internal_weight=850 829 725 104 71 699 384 361 336 299 315 254 122 132 101 61 101
internal_count=850 829 725 104 71 699 384 361 336 299 315 254 122 132 101 61 101
is_linear=0
shrinkage=0.3


Tree=190
num_leaves=20
num_cat=0
split_feature=22 6 21 21 6 1 21 16 17 21 8 13 16 18 3 13 21 26 7
split_gain=1.77188e-08 3.26527e-08 2.61396e-08 6.33706e-08 5.71263e-08 4.46088e-08 4.37807e-08 6.24512e-08 7.90235e-08 7.35765e-08 6.83201e-08 5.8806e-08 6.91073e-08 5.81087e-08 5.43899e-08 4.21205e-08 4.08719e-08 3.92028e-08 3.20662e-08
threshold=0.0099465000000000022 -0.036315371396730696 0.039126000000000008 0.034553000000000007 0.021978813601715018 5.8151613619045621 0.040012000000000006 0.0057692713286059396 0.011302878402672228 0.046318500000000006 0.064143961088101734 0.019441015682735357 0.0063762220434758271 0.52891451828009373 4.6718349456787118 0.031970112163031576 0.41426650000000004 0.91394650000000011 0.013630288213610451
decision_type=2 2 2 2 2 2 2 2 2 2 2 2 2 2 2 2 2 2 2
left_child=-1 -2 3 4 5 15 -4 8 9 -8 -11 14 -13 16 -9 17 -10 -3 -14
right_child=1 2 6 -5 -6 -7 7 11 13 10 -12 12 18 -15 -16 -17 -18 -19 -20
leaf_value=-7.7109177801468406e-06 9.9588414104800901e-06 -4.5913190143935587e-06 1.4372294585232988e-05 -1.9030831372219835e-05 1.2090807822460191e-05 -1.6576929871234823e-05 1.6386070200269387e-05 1.6126447403053134e-05 2.3488995190167436e-05 8.7168244729253449e-07 -1.4955470180666451e-05 -2.0101751497000242e-05 -5.7232482378167778e-06 -1.9746604266401847e-06 -3.8676932636008132e-06 -1.3012330384754023e-05 6.3020073366715221e-06 5.992059587762404e-06 4.4565633989653484e-06
leaf_weight=26 30 63 21 20 25 20 24 24 33 199 28 26 123 20 25 24 20 63 36
leaf_count=26 30 63 21 20 25 20 24 24 33 199 28 26 123 20 25 24 20 63 36
internal_value=-1.59897e-14 2.43306e-07 -1.2378e-07 -2.94853e-06 -1.29906e-06 -3.26816e-06 9.25135e-07 4.19059e-07 3.11624e-06 5.89551e-07 -1.08057e-06 -3.3155e-06 -5.76307e-06 1.18039e-05 5.92536e-06 -1.49366e-06 1.70033e-05 7.0037e-07 -3.41839e-06
internal_weight=850 824 794 215 195 170 579 558 324 251 227 234 185 73 49 150 53 126 159
internal_count=850 824 794 215 195 170 579 558 324 251 227 234 185 73 49 150 53 126 159
is_linear=0
shrinkage=0.3


Tree=191
num_leaves=28
num_cat=0
split_feature=9 16 15 26 12 5 14 10 16 24 18 13 7 2 0 22 11 13 21 13 14 6 22 21 17 27 21
split_gain=1.94508e-08 9.87692e-08 1.03688e-07 7.23297e-08 4.71621e-08 4.81763e-08 4.61966e-08 3.45166e-08 3.16524e-08 4.7174e-08 4.79362e-08 4.69301e-08 1.17265e-07 1.08962e-07 6.5249e-08 5.77145e-08 4.2044e-08 7.09211e-08 5.75832e-08 4.34939e-08 5.02563e-08 4.02317e-08 3.4162e-08 2.87918e-08 3.71087e-08 5.78478e-08 3.3713e-08
threshold=0.010555589925278218 0.0020367065565402229 -1.0000000180025095e-35 0.60336600000000007 -0.00050779296243180447 0.0061223757082249416 0.009855437639356545 -0.12875607422848018 0.0020407656836847893 1.0000000180025095e-35 0.33885682371296416 0.026115686089570465 -0.0097816194895147292 4.5655942578448574 4.7266943767587559 0.55012300000000014 16.372212445691222 0.037588688028034285 0.13238500000000003 0.032560370247856157 0.034279945127469992 0.0041278594019459941 0.025011000000000002 0.22693300000000002 0.005719778403656779 0.9191005000000001 0.043976500000000009
decision_type=2 2 2 2 2 2 2 2 2 2 2 2 2 2 2 2 2 2 2 2 2 2 2 2 2 2 2
left_child=1 3 -3 -1 7 -6 -2 -4 9 10 23 12 -10 -14 -15 -16 -13 19 -19 22 -21 -11 -18 24 26 -26 -8
right_child=6 2 4 -5 5 -7 8 -9 11 21 -12 16 13 14 15 -17 17 18 -20 20 -22 -23 -24 -25 25 -27 -28
leaf_value=2.2745417443275073e-05 1.4615053663646904e-05 -2.0384330682538128e-05 -2.6253025664857428e-06 -5.4563361118198372e-07 -2.9910007789432119e-08 -1.6880718699387497e-05 1.4658644647108138e-05 1.4999946538409858e-05 2.2884523771153907e-05 -2.7896923529624471e-06 -1.4487780680682542e-05 -1.3367910579680547e-05 1.9344550515597802e-05 -1.4758800407748666e-05 -4.653074086484977e-06 1.4387189837535794e-05 -8.4603393815996245e-06 1.8478906166161197e-06 2.2201623745455767e-05 -1.445225844106192e-05 3.2476375136783727e-06 1.4595997540907219e-05 3.1679138931268945e-06 -1.2713424707442299e-05 7.1471821291362916e-06 -1.2183055041771837e-05 -2.1461368175680814e-06
leaf_weight=20 21 37 20 30 37 26 22 20 30 25 38 21 25 29 38 23 28 29 22 42 22 23 121 20 22 38 21
leaf_count=20 21 37 20 30 37 26 22 20 30 25 38 21 25 29 38 23 28 29 22 42 22 23 121 20 22 38 21
internal_value=-6.28855e-14 -2.6747e-06 -6.76238e-06 8.77079e-06 -1.86905e-06 -6.98421e-06 7.6999e-07 6.18732e-06 3.14988e-07 -2.71357e-06 -5.17454e-06 1.78701e-06 6.18092e-06 1.82345e-06 -3.04352e-06 2.52604e-06 -4.48492e-07 5.79189e-07 1.06279e-05 -1.82685e-06 -8.36792e-06 5.54095e-06 9.82739e-07 -2.29728e-06 -2.74726e-07 -5.0953e-06 6.45166e-06
internal_weight=850 190 140 50 103 63 660 40 639 209 161 430 145 115 90 61 285 264 51 213 64 48 149 123 103 60 43
internal_count=850 190 140 50 103 63 660 40 639 209 161 430 145 115 90 61 285 264 51 213 64 48 149 123 103 60 43
is_linear=0
shrinkage=0.3


Tree=192
num_leaves=14
num_cat=0
split_feature=14 9 7 13 12 12 14 13 12 12 21 21 0
split_gain=2.42533e-08 2.30632e-08 5.93473e-08 3.60551e-08 3.34994e-08 8.75198e-08 6.93013e-08 5.5205e-08 5.31649e-08 6.15116e-08 4.0474e-08 3.99239e-08 3.24118e-08
threshold=0.0081883324123904703 0.0078965616619972468 -1.0000000180025095e-35 0.01394249725450188 0.00095953718544498966 0.0013053765362232655 0.013473916766989358 0.018103187717570388 0.00028723032183283016 -0.00031092411155895041 0.89612250000000016 0.78771700000000011 4.4738259882892537
decision_type=2 2 2 2 2 2 2 2 2 2 2 2 2
left_child=-1 2 -2 -3 6 -6 -5 -7 9 12 11 -9 -8
right_child=1 3 -4 4 5 7 8 10 -10 -11 -12 -13 -14
leaf_value=-1.0068492727961192e-05 1.4508447225292751e-05 -1.2804701002551155e-05 -2.6394768254406769e-06 -1.3944859666767833e-05 1.9023847008051795e-05 1.4428428766294132e-05 6.9274457789939938e-06 -1.4596685154944625e-07 -1.1950384346577762e-05 1.4984771831223043e-05 1.2746734855682007e-05 -1.3487293821609373e-05 -1.8003320038642695e-06
leaf_weight=21 34 20 39 38 26 25 45 245 33 25 20 22 257
leaf_count=21 34 20 39 38 26 25 45 245 33 25 20 22 257
internal_value=2.11445e-14 2.55052e-07 5.34723e-06 -2.36652e-07 1.04871e-07 2.30113e-06 -1.7603e-06 9.07574e-07 -4.74149e-07 6.84003e-07 -2.70201e-07 -1.24525e-06 -4.99835e-07
internal_weight=850 829 73 756 736 338 398 312 360 327 287 267 302
internal_count=850 829 73 756 736 338 398 312 360 327 287 267 302
is_linear=0
shrinkage=0.3


Tree=193
num_leaves=21
num_cat=0
split_feature=0 1 9 11 11 1 0 0 4 4 8 0 6 18 10 18 12 27 12 0
split_gain=1.70435e-08 4.0087e-08 1.9899e-08 1.97609e-08 8.36064e-08 5.89666e-08 4.85257e-08 6.55281e-08 6.37992e-08 5.08214e-08 4.23582e-08 3.89433e-08 3.37253e-08 5.98567e-08 8.974e-08 7.45112e-08 5.46513e-08 3.92745e-08 3.0829e-08 2.93414e-08
threshold=5.8731740064257663 5.872328870186549 0.024382860711121317 52.487511258567885 54.33580691644088 5.4945559128339951 4.5669896666126997 4.7095341617587581 4685700.0000000009 5844900.0000000009 1.0000000180025095e-35 5.658828338694482 -0.0042284459830822093 -0.059146842663714276 -0.88084289132829074 -0.35386308561724822 -0.0083090488515678122 0.70794750000000006 0.0021832715380403814 4.7377093621846518
decision_type=2 2 2 2 2 2 2 2 2 2 2 2 2 2 2 2 2 2 2 2
left_child=1 3 -2 5 -5 10 8 9 -6 18 12 19 13 15 -15 -1 -14 -18 -8 -9
right_child=2 -3 -4 4 6 -7 7 11 -10 -11 -12 -13 16 14 -16 -17 17 -19 -20 -21
leaf_value=5.1726145596314218e-06 1.1859356466273943e-05 -1.3263205521850196e-05 -3.6773246711163669e-07 1.5571925455820485e-05 2.0757415330246494e-05 -1.5227582475045683e-05 -2.2814113447605885e-05 1.0347910576261451e-05 2.5145337948136636e-07 3.1120983567234358e-06 -1.0755507276950415e-05 1.3732327911597508e-05 1.0704478345447709e-05 1.8595811726837299e-06 2.3829840468655069e-05 -1.3034252124555223e-05 -1.4333380292035665e-05 -2.0607762294158134e-06 -7.5950660575472285e-06 -1.5663569272025341e-06
leaf_weight=55 23 21 25 35 22 26 23 21 36 20 33 20 26 44 27 32 28 145 25 163
leaf_count=55 23 21 25 35 22 26 23 21 36 20 33 20 26 44 27 32 28 145 25 163
internal_value=-2.74554e-14 -3.28643e-07 5.49108e-06 1.9149e-08 1.63016e-06 -1.39436e-06 1.51493e-07 -1.52839e-06 8.02958e-06 -9.59352e-06 -4.72147e-07 1.15998e-06 4.78415e-07 3.75079e-06 1.02145e-05 -1.52416e-06 -2.11975e-06 -4.04709e-06 -1.48875e-05 -2.06576e-07
internal_weight=850 802 48 781 365 416 330 272 58 68 390 204 357 158 71 87 199 173 48 184
internal_count=850 802 48 781 365 416 330 272 58 68 390 204 357 158 71 87 199 173 48 184
is_linear=0
shrinkage=0.3


Tree=194
num_leaves=31
num_cat=0
split_feature=1 2 0 0 4 27 4 0 17 1 6 6 21 16 14 7 0 9 18 18 18 18 14 1 14 12 27 6 10 5
split_gain=2.04945e-08 4.30672e-08 3.30309e-08 5.09301e-08 6.13087e-08 2.52939e-08 6.38486e-08 7.23228e-08 3.92603e-08 2.75898e-08 3.76889e-08 6.02823e-08 5.64886e-08 5.31317e-08 3.80517e-08 5.95006e-08 1.22787e-07 9.55186e-08 3.84604e-08 3.73322e-08 9.78806e-08 7.17461e-08 3.31841e-08 2.97885e-08 3.31885e-08 2.92933e-08 2.72178e-08 1.84581e-08 2.0606e-08 1.01337e-08
threshold=4.6240232939665855 4.5259173988284926 4.5372261403893557 4.4618411983851738 4306950.0000000009 0.93985400000000008 8213500.0000000009 5.0677849348232114 0.0039139056614521123 4.6572696163511118 -0.0019231337727346205 -0.0072139227061098054 0.043976500000000009 0.0051285340024806985 0.03125001616118548 -0.0040733081500934224 4.7266943767587559 0.018183947278328911 0.15838234805413251 0.15290041132591464 -0.1784971868475427 0.47264985310741375 0.022821554186358041 5.0641043998797874 0.016276705416424408 1.0000000180025095e-35 0.95451550000000018 -0.010852860263247775 0.63027457645963503 -0.0042284459830822093
decision_type=2 2 2 2 2 2 2 2 2 2 2 2 2 2 2 2 2 2 2 2 2 2 2 2 2 2 2 2 2 2
left_child=1 2 3 27 -5 9 7 8 -7 -2 11 12 -11 25 15 16 -12 -18 -16 20 -17 -21 -15 24 -13 -14 -8 -1 -29 -10
right_child=5 -3 -4 4 -6 6 26 -9 29 10 14 23 13 22 18 19 17 -19 -20 21 -22 -23 -24 -25 -26 -27 -28 28 -30 -31
leaf_value=-4.4110636332744993e-06 1.1468983593658776e-05 -1.5877690120760235e-05 6.6471626420132826e-06 -3.7423949884719652e-08 -1.9902737720117172e-05 5.6052497551059658e-06 -6.4854912125156255e-07 -2.3298310497921194e-05 -1.3650687915287561e-05 -1.1713913966104884e-05 3.2160894370463211e-05 -5.9837179196620133e-06 1.8477856846087751e-05 -9.8127206246527527e-06 -1.0231511144163297e-05 -9.1918769449250695e-07 -8.6697829269374212e-06 1.5485641036401134e-05 4.252412930906179e-06 -1.4857465638952221e-05 2.0347237174535488e-05 5.5956834873169017e-06 4.336439595005816e-06 -4.4513360762721278e-07 -2.326656900550006e-05 4.2370728973395441e-06 1.4815203185207791e-05 9.5586815398895901e-06 -2.7165461142431014e-06 -4.2150014837919308e-06
leaf_weight=31 25 20 38 27 29 29 21 20 20 24 20 20 26 26 33 64 26 34 33 29 28 33 35 20 20 26 20 32 20 21
leaf_count=31 25 20 38 27 29 29 21 20 20 24 20 20 26 26 33 64 26 34 33 29 28 33 35 20 20 26 20 32 20 21
internal_value=7.0419e-14 -2.68197e-06 -1.19093e-06 -3.33371e-06 -1.03248e-05 8.09108e-07 -2.918e-06 -7.38825e-06 -2.84252e-06 1.74446e-06 1.25529e-06 -1.96858e-06 1.50437e-06 4.31179e-06 3.3723e-06 5.16667e-06 1.18039e-05 5.01829e-06 -2.98955e-06 1.71874e-06 5.5532e-06 -3.97111e-06 -1.69435e-06 -9.89847e-06 -1.46251e-05 1.13575e-05 6.89474e-06 1.38318e-06 4.83744e-06 -8.81778e-06
internal_weight=850 197 177 139 56 653 131 90 70 522 497 197 137 113 300 234 80 60 66 154 92 62 61 60 40 52 41 83 52 41
internal_count=850 197 177 139 56 653 131 90 70 522 497 197 137 113 300 234 80 60 66 154 92 62 61 60 40 52 41 83 52 41
is_linear=0
shrinkage=0.3


Tree=195
num_leaves=26
num_cat=0
split_feature=16 6 12 16 14 13 27 26 7 20 14 16 14 18 2 13 3 10 10 18 11 19 20 18 21
split_gain=1.611e-08 5.4661e-08 6.37005e-08 5.40332e-08 8.0522e-08 4.39095e-08 3.55354e-08 3.51006e-08 3.4358e-08 4.25261e-08 2.83098e-08 2.68334e-08 7.08313e-08 2.21059e-08 6.94115e-08 3.97805e-08 2.51548e-08 3.44968e-08 5.67418e-08 6.98617e-08 3.26953e-08 3.98756e-08 6.6405e-08 1.83327e-08 1.8032e-08
threshold=0.0077520472807490618 0.014315257042738281 0.002548131084089886 0.0085069915325327282 0.022520494489892431 0.033625900118268694 0.90345350000000013 0.94318050000000009 0.010391625619249863 0.4653405000000001 0.026654820823571155 0.0062369774444285169 0.018571988506710376 0.60825131115155628 4.57292334393785 0.023952360417551433 5.1315364837646493 1.1451611092980525 -0.48092090057767561 -0.32916426292075529 71.428599848931938 -0.88341149999999991 0.13757800000000003 -0.10346593420410559 0.091627000000000014
decision_type=2 2 2 2 2 2 2 2 2 2 2 2 2 2 2 2 2 2 2 2 2 2 2 2 2
left_child=7 3 -3 4 -2 8 -7 11 9 10 -5 13 -13 16 -15 -16 20 18 -18 -20 21 -1 -23 -14 -22
right_child=1 2 -4 5 -6 6 -8 -9 -10 -11 -12 12 23 14 15 -17 17 -19 19 -21 24 22 -24 -25 -26
leaf_value=9.1372289380780618e-06 2.6069538125222443e-05 -2.0196267614664974e-05 3.1969967742704534e-06 7.6492820630062787e-06 -2.3174629490085861e-07 5.8864014249593313e-07 1.645398180395811e-05 -1.0373558308691083e-05 7.8000932359957789e-06 -1.1789767568888447e-05 -5.6065034535659554e-06 6.8015829072010096e-06 -7.3911451397634662e-06 1.9354516973635326e-05 -7.3491885473231371e-06 9.4546945677263585e-06 1.0247563639701009e-05 1.1555325814201338e-05 5.9092691657269823e-06 -1.6148318854902753e-05 -1.6169335341373878e-05 -9.9568845334417014e-06 1.2824018220537187e-06 -2.0236161529396667e-05 -3.5826665225613392e-06
leaf_weight=33 22 20 22 29 20 24 27 33 28 39 29 24 20 22 32 21 31 33 24 28 20 67 161 20 21
leaf_count=33 22 20 22 29 20 24 27 33 28 39 29 24 20 22 32 21 31 33 24 28 20 67 161 20 21
internal_value=1.45352e-14 1.96743e-06 -7.94265e-06 3.87671e-06 1.35451e-05 1.56947e-06 8.98794e-06 -8.67001e-07 -1.45726e-06 -4.12949e-06 1.02139e-06 -3.03776e-07 -6.08294e-06 4.4646e-07 5.18899e-06 -6.91046e-07 -4.04471e-07 3.3506e-06 8.8482e-08 -5.96789e-06 -1.84682e-06 -6.0964e-07 -2.02037e-06 -1.38137e-05 -9.7225e-06
internal_weight=850 260 42 218 42 176 51 590 125 97 58 557 64 493 75 53 418 116 83 52 302 261 228 40 41
internal_count=850 260 42 218 42 176 51 590 125 97 58 557 64 493 75 53 418 116 83 52 302 261 228 40 41
is_linear=0
shrinkage=0.3


Tree=196
num_leaves=23
num_cat=0
split_feature=7 15 8 22 27 14 4 15 10 4 14 16 20 22 5 22 19 4 20 16 15 11
split_gain=1.8048e-08 3.79225e-08 2.13753e-08 2.08392e-08 2.33088e-08 3.96188e-08 4.07868e-08 9.17305e-08 3.98219e-08 3.48163e-08 5.22233e-08 8.94602e-08 5.1588e-08 3.59836e-08 4.92022e-08 3.84914e-08 3.96235e-08 3.014e-08 2.67849e-08 3.00539e-08 2.94794e-08 2.49705e-08
threshold=0.022372878459104253 0.0057748260256292429 0.012300333704304516 0.0099465000000000022 0.93533000000000011 0.030901256778728143 3906950.0000000005 -0.0016420781586604369 -0.25523420563144733 2856300.0000000005 0.014590897674239925 0.0051285340024806985 0.13757800000000003 0.028186500000000007 -0.0074627488814279627 0.041180000000000008 0.65540500000000013 7498000.0000000009 0.26488800000000007 0.0040816286810733864 0.0020533372237502225 55.555551822482691
decision_type=2 2 2 2 2 2 2 2 2 2 2 2 2 2 2 2 2 2 2 2 2 2
left_child=3 2 -2 -1 9 6 8 -8 -6 18 11 12 -11 14 -12 -15 -17 -7 19 -5 -20 -9
right_child=1 -3 -4 4 5 17 7 21 -10 10 13 -13 -14 15 -16 16 -18 -19 20 -21 -22 -23
leaf_value=-8.6579710537907051e-06 -1.7259188716707285e-05 3.4417237843213528e-06 -4.2138636847364693e-06 -1.3368902034471828e-06 1.1700943468895275e-05 1.3380388054429204e-05 -2.0441428197652083e-05 -7.4081977231799098e-06 -7.0037109969689473e-06 -6.3769904031687477e-06 1.9829357625310099e-05 2.7117698789425048e-05 1.2075124582224816e-05 -9.1285522103135015e-06 1.6483838764444855e-06 -2.5234744794689645e-07 8.9692604012725494e-06 -9.9578553025431961e-07 -6.4834318607154273e-06 -1.7783331093141895e-05 8.3858566700456553e-06 6.1392561509592269e-06
leaf_weight=22 20 33 26 20 21 21 36 24 20 25 21 20 30 36 37 260 50 35 24 20 24 25
leaf_count=22 20 33 26 20 21 21 36 24 20 25 21 20 30 36 37 260 50 35 24 20 24 25
internal_value=2.77764e-14 -4.31857e-06 -9.88574e-06 4.425e-07 7.09803e-07 -2.2441e-06 -5.19493e-06 -8.94361e-06 2.57672e-06 1.65797e-06 2.66558e-06 9.93577e-06 3.6878e-06 1.31592e-06 8.23115e-06 1.56719e-07 1.23501e-06 4.39528e-06 -3.82666e-06 -9.56011e-06 9.51212e-07 -4.96231e-07
internal_weight=850 79 46 771 749 182 126 85 41 567 479 75 55 404 58 346 310 56 88 40 48 49
internal_count=850 79 46 771 749 182 126 85 41 567 479 75 55 404 58 346 310 56 88 40 48 49
is_linear=0
shrinkage=0.3


Tree=197
num_leaves=18
num_cat=0
split_feature=14 14 17 16 13 13 0 1 23 10 10 1 9 7 9 21 10
split_gain=1.28775e-08 5.30753e-08 4.68861e-08 5.46591e-08 1.0877e-07 2.03227e-08 2.27114e-08 5.19149e-08 3.15138e-08 6.81994e-08 6.1263e-08 4.96367e-08 3.69063e-08 3.3616e-08 2.03825e-08 1.92863e-08 1.85886e-08
threshold=0.013473916766989358 0.01424216574777973 0.0020768929484820176 0.0020367065565402229 0.017882871930403655 0.014820282243353305 5.658828338694482 5.4945559128339951 0.41666650000000005 1.0000000180025095e-35 -0.52234269072774875 5.2674657507504223 0.018847316959470142 0.00389101707044625 0.019604041360520453 0.039552500000000011 0.036349270399443322
decision_type=2 2 2 2 2 2 2 2 2 2 2 2 2 2 2 2 2
left_child=2 -2 16 -4 -5 -3 7 8 11 10 -10 13 -11 -7 -8 -16 -1
right_child=1 5 3 4 -6 6 14 -9 9 12 -12 -13 -14 -15 15 -17 -18
leaf_value=-1.5773982067912583e-06 1.5744117461053976e-05 7.5769039492643641e-06 3.2250180437485039e-06 -2.6344125308241926e-05 2.0729726698350116e-06 -2.0387855853162414e-06 1.0237253363953868e-05 -1.3121728948135567e-05 -1.8369749795965616e-06 -1.2832977085871964e-05 1.3392849195332185e-05 1.4574125198578257e-05 -2.712686474758223e-06 4.8117660445054105e-06 7.736685711279279e-06 -3.5987349877229591e-06 9.074109597749753e-06
leaf_weight=30 20 31 27 27 22 167 32 30 85 62 33 25 68 105 22 35 29
leaf_count=30 20 31 27 27 22 167 32 30 85 62 33 25 68 105 22 35 29
internal_value=-3.6333e-14 5.07389e-07 -2.68728e-06 -7.6133e-06 -1.35854e-05 6.89221e-08 -2.81601e-07 -9.71872e-07 -3.03073e-07 -2.79954e-06 2.42221e-06 1.78152e-06 -7.53929e-06 6.05729e-07 4.17802e-06 7.7634e-07 3.65809e-06
internal_weight=850 715 135 76 49 695 664 575 545 248 118 297 130 272 89 57 59
internal_count=850 715 135 76 49 695 664 575 545 248 118 297 130 272 89 57 59
is_linear=0
shrinkage=0.3


Tree=198
num_leaves=30
num_cat=0
split_feature=20 18 9 16 21 3 14 14 16 28 18 16 6 20 18 26 18 13 26 27 14 15 16 6 11 15 7 6 16
split_gain=1.49903e-08 4.13074e-08 1.51762e-07 3.63896e-08 2.78996e-08 4.30416e-08 1.69797e-08 4.56859e-08 3.5596e-08 4.4371e-08 3.24433e-08 4.61752e-08 5.34853e-08 5.63719e-08 3.77208e-08 3.23822e-08 3.02693e-08 2.75905e-08 3.4742e-08 3.15781e-08 2.01661e-08 2.003e-08 2.57604e-08 2.42635e-08 3.943e-08 5.47398e-08 2.87879e-08 1.55197e-08 1.14793e-08
threshold=0.76668350000000018 0.41644742937423912 0.0174272009498058 0.010599673994202937 0.030650500000000004 4.7058024406433114 0.021614641672518534 0.027525205577819494 0.004597739222829242 1.0000000180025095e-35 0.038767913589520447 0.0017051785451800163 -0.0074976729482862381 0.13322300000000004 -0.074561325772364892 0.46000600000000008 0.48110147813899445 0.02493650772684362 0.38436300000000007 0.75591450000000016 0.013965129258479656 -0.028263796557409581 0.015628079537260725 -0.025317748106979714 54.582706346497261 -0.011257381204855813 0.011879156116238731 0.0091954855547597379 0.0042553152634363066
decision_type=2 2 2 2 2 2 2 2 2 2 2 2 2 2 2 2 2 2 2 2 2 2 2 2 2 2 2 2 2
left_child=6 3 -3 4 -2 28 10 8 9 -8 14 -12 -13 16 17 -10 -14 18 -1 -19 -20 -9 23 -23 25 -25 -26 -7 -6
right_child=1 2 -4 -5 5 27 7 21 15 -11 11 12 13 -15 -16 -17 -18 19 20 -21 -22 22 -24 24 26 -27 -28 -29 -30
leaf_value=-5.1899104461811541e-06 7.3222112761235929e-06 2.8770282886268562e-05 -6.8842961644060612e-06 1.0901864015730335e-05 -6.2701162604476531e-06 5.3793415681431777e-06 4.7821563480037847e-06 4.4867290997584718e-06 8.9746854973782307e-06 2.2320651805785018e-05 5.3700427918976442e-06 2.4098753475040473e-06 -1.3449650574469929e-05 -2.3611598175778321e-05 1.1376206893487505e-05 -4.9275001114629526e-06 1.8638815942852358e-06 2.9285412243292998e-06 1.198349556222544e-05 -1.1500846422817489e-05 7.9560689630005949e-07 -1.4298989527787852e-05 4.7995661461186502e-06 -7.8256997452486886e-06 -1.1335405058410039e-05 1.0346907699515993e-05 1.1169888267659189e-06 -5.1525344315450634e-06 -1.5748409607666594e-05
leaf_weight=39 23 21 22 23 23 34 37 39 25 20 26 28 26 28 24 38 21 21 29 39 29 20 32 26 55 35 24 20 23
leaf_count=39 23 21 22 23 23 34 37 39 25 20 26 28 26 28 24 38 21 21 29 39 29 20 32 26 55 35 24 20 23
internal_value=-1.42744e-14 2.35606e-06 1.05284e-05 -5.08592e-08 -2.09893e-06 -4.26579e-06 -6.7367e-07 7.55264e-07 5.50396e-06 1.0936e-05 -2.29159e-06 -5.92695e-06 -8.77862e-06 -1.29557e-05 2.99352e-07 5.8924e-07 -6.60743e-06 -1.39392e-06 1.73389e-06 -6.45056e-06 6.38955e-06 -1.71159e-06 -2.97062e-06 -4.52466e-06 -3.12833e-06 2.60121e-06 -7.5524e-06 1.47865e-06 -1.10093e-05
internal_weight=850 189 43 146 123 100 661 351 120 57 310 129 103 75 181 63 47 157 97 60 58 231 192 160 140 61 79 54 46
internal_count=850 189 43 146 123 100 661 351 120 57 310 129 103 75 181 63 47 157 97 60 58 231 192 160 140 61 79 54 46
is_linear=0
shrinkage=0.3


Tree=199
num_leaves=18
num_cat=0
split_feature=10 18 18 22 6 4 22 6 5 15 7 5 10 4 17 2 16
split_gain=1.57603e-08 1.65129e-08 4.51598e-08 5.38597e-08 2.41157e-08 3.55905e-08 2.55709e-08 2.68962e-08 1.66825e-08 2.77522e-08 4.16411e-08 3.65816e-08 3.4311e-08 2.36897e-08 5.40467e-08 2.08269e-08 9.44921e-09
threshold=2.1682522634548662 0.52891451828009373 0.41644742937423912 0.13186150000000005 -0.010526943784388664 4853200.0000000009 0.023780000000000006 0.0082562587389345878 -0.027755559951880952 -0.013750837790210345 -0.006127166461552422 -0.012605475410759149 -0.19174787010782615 10684850.000000002 0.006987026253447319 5.595926176246997 0.0040444897154435699
decision_type=2 2 2 2 2 2 2 2 2 2 2 2 2 2 2 2 2
left_child=1 2 8 -4 -3 -6 -7 16 -1 10 -10 -11 -12 15 -15 -13 -8
right_child=-2 4 3 -5 5 6 7 -9 9 11 12 13 -14 14 -16 -17 -18
leaf_value=6.8115904680561124e-06 8.1163565547675326e-06 -1.1583916962081275e-05 2.0691866023168717e-05 -5.4871306838838949e-07 -1.1692684492459194e-05 -8.3470982804101365e-06 1.9565954192200609e-06 -5.7727898570192335e-06 3.8279181454628191e-06 1.0407908073375438e-05 -1.8425193904756899e-05 8.9153129859167876e-07 -3.1563152283019409e-06 4.3547889033236838e-06 -1.6289747121845719e-05 -6.4448153675824097e-06 9.9640713282648581e-06
leaf_weight=29 21 25 21 22 24 20 21 20 27 30 26 417 27 21 25 38 36
leaf_count=29 21 25 21 22 24 20 21 20 27 30 26 417 27 21 25 38 36
internal_value=3.6664e-15 -2.05601e-07 4.13443e-07 9.82459e-06 -3.10154e-06 -1.34898e-06 1.21028e-06 3.69272e-06 -2.18869e-07 -5.52557e-07 -5.76152e-06 2.32222e-07 -1.06467e-05 -3.77101e-07 -6.86507e-06 2.78825e-07 7.01395e-06
internal_weight=850 829 683 43 146 121 97 77 640 611 80 531 53 501 46 455 57
internal_count=850 829 683 43 146 121 97 77 640 611 80 531 53 501 46 455 57
is_linear=0
shrinkage=0.3


Tree=200
num_leaves=30
num_cat=0
split_feature=12 8 9 20 9 9 18 0 10 15 16 0 18 8 7 14 3 7 27 8 1 16 0 6 16 1 19 21 26
split_gain=9.99284e-09 3.87271e-08 2.49387e-08 3.74424e-08 3.83229e-08 3.41316e-08 2.7613e-08 3.45222e-08 3.90379e-08 2.86242e-08 2.70989e-08 2.09386e-08 1.91836e-08 1.84179e-08 1.84122e-08 6.70646e-08 4.01605e-08 3.46712e-08 3.19086e-08 2.32526e-08 2.15238e-08 7.43829e-08 4.51155e-08 3.65741e-08 2.95578e-08 2.0022e-08 2.95309e-08 4.16035e-08 2.95756e-08
threshold=-0.00052947917975293684 0.015497699119011948 0.012418216327683286 0.16978400000000002 0.0098422862265553288 0.015773436329643269 0.33885682371296416 5.2627202470163166 -0.84950611001045762 -0.016316558996972919 0.0037664879803902848 4.6408366139398831 0.096644662338970802 -0.019905696475286967 -0.0041495003736200476 0.014590897674239925 4.7652912139892587 -0.002046961470181559 0.89591050000000017 0.046782404621209639 4.7361151061683797 0.0021030682413335409 4.7166435695328106 -0.0061729192430691653 0.0064378134743952485 4.7651113850497149 0.15979900000000005 0.086788000000000018 0.89839150000000012
decision_type=2 2 2 2 2 2 2 2 2 2 2 2 2 2 2 2 2 2 2 2 2 2 2 2 2 2 2 2 2
left_child=1 2 3 4 -1 13 7 8 10 -8 -7 -10 -5 -4 15 -2 18 -16 -17 -18 21 -19 -22 -23 -25 -24 28 -28 -27
right_child=14 -3 5 12 -6 6 9 -9 11 -11 -12 -13 -14 -15 17 16 19 20 -20 -21 22 23 25 24 -26 26 27 -29 -30
leaf_value=1.800999095280531e-06 1.7228064502382444e-05 -1.3396264100926848e-05 -4.1702019098011072e-06 3.6162705555398133e-06 1.9349547749568176e-05 -4.6473158620400406e-06 -1.5159257977757078e-05 1.0679888854640246e-05 -1.6388546882240007e-06 2.0790238153267637e-07 7.9197396979317143e-06 -1.478203722967919e-05 -7.8171393283810179e-06 -1.5754133361919491e-05 -1.1530545191857051e-05 4.0428933732528091e-06 1.1426274921433333e-05 1.5605015769056881e-05 -1.1143027735339605e-05 -6.5211533567959964e-07 -1.4801826634993632e-05 9.155044545588514e-06 -8.8448582721412089e-06 -1.1931437121026238e-05 1.8619456972778103e-06 6.7974215871641338e-06 5.2676634565970108e-06 -1.1353411315440098e-05 -3.5467936592275296e-06
leaf_weight=24 27 22 30 28 21 23 20 31 24 24 47 20 25 21 23 20 32 34 33 26 20 22 20 29 27 86 23 33 35
leaf_count=24 27 22 30 28 21 23 20 31 24 24 47 20 25 21 23 20 32 34 33 26 20 22 20 29 27 86 23 33 35
internal_value=-6.86134e-15 -1.20006e-06 -4.06225e-07 3.62644e-06 9.99032e-06 -2.0529e-06 -1.94459e-07 1.80305e-06 -6.10822e-07 -6.77717e-06 3.79056e-06 -7.61303e-06 -1.77685e-06 -8.94006e-06 8.81677e-07 3.81871e-06 5.56971e-07 -2.69772e-07 -5.41249e-06 6.01182e-06 5.17455e-07 3.89502e-06 -1.2258e-06 -1.20934e-06 -5.28106e-06 1.52472e-07 1.16912e-06 -4.5269e-06 3.80529e-06
internal_weight=850 360 338 98 45 240 189 145 114 44 70 44 53 51 490 138 111 352 53 58 329 112 217 78 56 197 177 56 121
internal_count=850 360 338 98 45 240 189 145 114 44 70 44 53 51 490 138 111 352 53 58 329 112 217 78 56 197 177 56 121
is_linear=0
shrinkage=0.3


Tree=201
num_leaves=26
num_cat=0
split_feature=10 17 17 14 4 7 13 27 27 2 28 4 10 5 11 4 22 13 8 4 6 9 3 26 12
split_gain=1.22228e-08 1.17226e-08 4.76367e-08 3.92751e-08 5.89414e-08 2.95792e-08 2.20996e-08 2.23203e-08 4.85561e-08 2.25694e-08 3.27699e-08 2.88895e-08 1.84662e-08 3.37934e-08 2.40844e-08 1.82519e-08 2.07643e-08 2.94651e-08 3.73441e-08 2.54455e-08 1.9975e-08 1.76373e-08 1.4312e-08 1.21302e-08 1.34338e-08
threshold=2.1682522634548662 0.0038350910143192083 0.0040404003428604835 0.016521345351063647 5993600.0000000009 -0.001947382600463345 0.041348412141465347 0.79886200000000007 0.56265500000000002 5.0573644040013894 1.0000000180025095e-35 8580250.0000000019 -0.94287409125692923 -0.0043058597456040858 35.634344132708684 4685700.0000000009 0.80836050000000015 0.026115686089570465 0.005876581636857353 8073800.0000000009 -0.0043861480721382297 0.010765814209202957 4.5479788780212411 0.26820350000000009 1.0000000180025095e-35
decision_type=2 2 2 2 2 2 2 2 2 2 2 2 2 2 2 2 2 2 2 2 2 2 2 2 2
left_child=1 12 -3 4 5 -4 7 8 -5 10 -9 -11 13 14 -1 20 17 18 -17 -19 -14 -7 -10 -22 -25
right_child=-2 2 3 6 -6 21 -8 9 22 11 -12 -13 15 -15 -16 16 -18 19 -20 -21 23 -23 -24 24 -26
leaf_value=-8.3861766282867535e-06 7.1476605366374958e-06 1.5031946411454555e-05 4.796218759868982e-06 -5.5904748949160414e-06 -1.978957823212113e-05 -1.3378698272958899e-05 -6.0316719420618684e-06 -3.8463907990289104e-06 2.7621976369118783e-06 1.1561742948127656e-05 4.2155879040503155e-06 -2.6568598378262099e-07 7.5711830591629337e-06 1.167951797782507e-05 4.5265407409216936e-06 -2.1846981780981878e-05 2.7710372824399004e-06 -8.6121491904123094e-06 -5.9282489464370272e-06 5.202367790957396e-06 3.8898655134289582e-06 -1.3160501083575581e-06 1.2111281648279666e-05 -1.0916161176055538e-05 -1.0627398926937366e-06
leaf_weight=26 21 20 36 25 20 20 33 129 20 34 70 41 24 24 26 21 23 24 36 24 20 24 56 20 33
leaf_count=26 21 20 36 25 20 20 33 129 20 34 70 41 24 24 26 21 23 24 36 24 20 24 56 20 33
internal_value=-2.07244e-14 -1.81063e-07 6.70708e-07 1.05305e-07 -5.22287e-06 -1.58119e-06 1.41123e-06 2.0662e-06 5.87835e-06 6.60996e-07 -1.01052e-06 5.09608e-06 -1.6752e-06 2.36787e-06 -1.92982e-06 -3.04086e-06 -5.393e-06 -7.18132e-06 -1.1793e-05 -1.70489e-06 6.3011e-08 -6.79907e-06 9.651e-06 -2.40543e-06 -4.78101e-06
internal_weight=850 829 528 508 100 80 408 375 101 274 199 75 301 76 52 225 128 105 57 48 97 44 76 73 53
internal_count=850 829 528 508 100 80 408 375 101 274 199 75 301 76 52 225 128 105 57 48 97 44 76 73 53
is_linear=0
shrinkage=0.3


Tree=202
num_leaves=20
num_cat=0
split_feature=7 22 10 6 6 21 7 12 12 5 16 13 14 5 19 5 17 4 10
split_gain=1.16674e-08 3.53315e-08 2.50896e-08 3.9727e-08 4.15401e-08 3.1448e-08 1.74926e-08 1.34087e-08 2.3905e-08 4.15894e-08 2.90254e-08 4.01134e-08 1.66145e-08 3.2869e-08 2.84254e-08 2.4657e-08 2.29189e-08 2.33457e-08 1.29012e-08
threshold=-0.011904824381018815 0.92838100000000012 -1.1927379053452778 0.00606077262510303 0.013630288213610451 0.27483650000000009 -0.0097816194895147292 0.0047826054295378095 0.0058897411651437923 -0.0061100348815364925 0.0085069915325327282 0.028047765257427585 0.037658769218412179 -0.017196670776377421 -0.5780369999999998 0.018692129159024334 0.01676845031366881 9742350.0000000019 -0.060094392401776935
decision_type=2 2 2 2 2 2 2 2 2 2 2 2 2 2 2 2 2 2 2
left_child=1 2 -1 5 -5 -4 -2 12 -9 -10 11 -11 13 -8 -14 16 17 -15 -16
right_child=6 -3 3 4 -6 -7 7 8 9 10 -12 -13 14 15 18 -17 -18 -19 -20
leaf_value=-7.9408525270364723e-06 6.743709043523547e-06 -1.0548780172333258e-05 5.4156955550698673e-07 -1.4576337967550248e-05 2.8204748809912414e-06 1.3753138428881122e-05 1.0734704122486702e-05 -1.1976775781477046e-05 -9.9037032028222302e-06 -8.5593280151182878e-07 -5.9058402943452829e-06 1.4231761504341757e-05 -1.2913410893986565e-05 3.9043486605719193e-07 4.8679478919350708e-06 9.983447282138513e-06 1.0113025689406641e-05 -8.8013645886854233e-06 -5.1848969678758293e-06
leaf_weight=29 39 36 34 21 30 31 33 20 33 35 26 29 20 315 27 25 20 27 20
leaf_count=29 39 36 34 21 30 31 33 20 33 35 26 29 20 315 27 25 20 27 20
internal_value=2.55795e-14 -2.13685e-06 -4.8365e-08 1.92476e-06 -4.34292e-06 6.84247e-06 5.7813e-07 1.96451e-07 -2.35767e-06 -7.93582e-07 2.5468e-06 5.98068e-06 9.46428e-07 1.64629e-06 -3.44077e-06 8.7131e-07 2.42018e-07 -3.35234e-07 5.90142e-07
internal_weight=850 181 145 116 51 65 669 630 143 123 90 64 487 420 67 387 362 342 47
internal_count=850 181 145 116 51 65 669 630 143 123 90 64 487 420 67 387 362 342 47
is_linear=0
shrinkage=0.3


Tree=203
num_leaves=27
num_cat=0
split_feature=6 14 22 16 16 23 13 14 17 1 27 4 26 7 7 14 7 20 16 4 4 0 0 9 22 12
split_gain=9.75255e-09 3.16356e-08 1.9933e-08 2.25514e-08 4.04208e-08 5.50948e-08 6.9217e-08 5.28304e-08 7.04758e-08 4.35757e-08 3.7847e-08 3.23806e-08 2.96399e-08 2.57319e-08 3.06399e-08 2.81607e-08 2.11906e-08 2.10278e-08 1.86138e-08 2.5555e-08 2.81116e-08 2.47308e-08 3.74342e-08 1.80601e-08 2.97126e-08 8.32011e-09
threshold=0.0062206583129249893 0.014084770261063218 0.012322500000000002 0.0015861130241660115 0.0040733159975667116 0.58333350000000006 0.019441015682735357 0.016460889199236391 0.0040858022211690591 4.7384269992753136 0.93031500000000011 7681050.0000000009 0.79797800000000019 -0.02917069333468875 0.014770063996057946 0.020458882400208728 0.0042284173826080537 0.059183500000000007 0.0017301226655233924 7908100.0000000009 5173450.0000000009 5.199310624277758 4.9887297432469184 0.011466575889875952 0.13322600000000004 0.0033334875662213927
decision_type=2 2 2 2 2 2 2 2 2 2 2 2 2 2 2 2 2 2 2 2 2 2 2 2 2 2
left_child=2 -2 -1 10 5 6 -5 8 9 -6 11 16 -8 -9 15 -15 -4 -16 19 20 -3 22 23 -20 -25 -26
right_child=1 18 3 4 7 -7 12 13 -10 -11 -12 -13 -14 14 17 -17 -18 -19 21 -21 -22 -23 -24 24 25 -27
leaf_value=-7.6422806016905401e-06 9.6285109685362136e-06 1.053343300684771e-06 -1.7179767127331045e-05 -1.4245923901228251e-05 -1.1933092702582309e-05 1.4752949681014096e-05 3.8773413088222239e-07 1.1405921320601919e-05 -2.2794329431365307e-05 6.0534832414305124e-06 4.7492624307921002e-06 2.3086588352007015e-07 1.4885109236250183e-05 6.0046113342574852e-06 1.4519194647846235e-05 -3.3634725342655082e-06 -4.754452285331873e-06 1.0786529204861751e-06 5.5483163591291552e-06 -2.0134250137614018e-06 1.639870227915129e-05 5.0483471429324229e-06 -1.4921506728300798e-05 -1.0940278484667942e-05 -2.5674114763063471e-06 5.6092654282175699e-06
leaf_weight=35 37 21 30 20 22 39 30 20 21 27 32 31 22 36 20 146 21 22 26 35 22 38 22 30 24 21
leaf_count=35 37 21 30 20 22 39 30 20 21 27 32 31 22 36 20 146 21 22 26 35 22 38 22 30 24 21
internal_value=-1.38907e-14 1.46545e-06 -7.04643e-07 -2.54147e-07 7.50865e-07 5.67163e-06 7.52583e-07 -9.88641e-07 -8.25378e-06 -2.02212e-06 -4.00091e-06 -7.41561e-06 6.52124e-06 1.09562e-06 1.75059e-07 -1.51044e-06 -1.20635e-05 7.47891e-06 2.01717e-07 4.00541e-06 8.90446e-06 -1.64106e-06 -3.70771e-06 -1.2651e-06 -3.62709e-06 1.24837e-06
internal_weight=850 276 574 539 425 111 72 314 70 49 114 82 52 244 224 182 51 42 239 78 43 161 123 101 75 45
internal_count=850 276 574 539 425 111 72 314 70 49 114 82 52 244 224 182 51 42 239 78 43 161 123 101 75 45
is_linear=0
shrinkage=0.3


Tree=204
num_leaves=23
num_cat=0
split_feature=3 3 9 26 7 21 12 8 16 6 6 21 8 10 17 10 27 4 22 22 18 3
split_gain=1.01586e-08 2.77524e-08 2.82469e-08 2.44797e-08 1.92763e-08 1.78839e-08 3.41463e-08 4.37704e-08 7.59483e-08 5.07484e-08 3.37933e-08 3.16616e-08 2.0484e-08 2.12116e-08 1.60043e-08 2.86245e-08 3.31173e-08 2.68354e-08 1.50191e-08 1.48011e-08 1.34169e-08 9.04481e-09
threshold=5.2078721523284921 5.1108131408691415 0.040030463626199185 0.92989250000000012 0.02259677444863779 0.10541050000000002 0.0034404740980010576 0.0091240428053163732 0.0020512822027890687 -0.0042284459830822093 0.0018692069111060949 0.16393550000000004 -0.032525538394578321 -0.20133431347342026 0.0032706974949989489 0.87431239764346647 0.91668650000000007 9518400.0000000019 0.14628400000000003 0.11201600000000002 -0.13386060389424156 4.6599080562591562
decision_type=2 2 2 2 2 2 2 2 2 2 2 2 2 2 2 2 2 2 2 2 2 2
left_child=1 2 4 14 5 6 7 9 -9 -1 -8 -7 -13 -14 17 16 19 -2 -17 -16 -4 -6
right_child=3 -3 20 -5 21 11 10 8 -10 -11 -12 12 13 -15 15 18 -18 -19 -20 -21 -22 -23
leaf_value=8.1637326041790928e-06 2.0660076120293521e-06 9.0407113165466307e-06 -1.1150022944800892e-05 -1.0879196315727313e-05 -1.0415161146478827e-06 -9.81191902383216e-06 -1.3070685285625089e-05 -3.6024976043336209e-06 1.9135859506255094e-05 -2.1377800206243938e-06 2.3031487297621133e-06 7.1204589175977162e-06 -5.2943674813832322e-06 1.7179289546411587e-06 -1.2870988070615273e-05 1.1648339096399678e-05 5.3288330536815922e-06 -1.3288722366918851e-05 1.1241085461654658e-06 -2.4233963988360929e-06 -1.7772665110271644e-06 -9.8464557887772177e-06
leaf_weight=72 20 33 27 24 21 30 22 20 39 107 31 36 60 110 23 26 30 21 23 26 28 21
leaf_count=72 20 33 27 24 21 30 22 20 39 107 31 36 60 110 23 26 30 21 23 26 28 21
internal_value=4.07517e-17 5.62113e-07 1.13726e-07 -1.91352e-06 7.41264e-07 1.23421e-06 2.80803e-06 4.34158e-06 1.14279e-05 2.00585e-06 -4.07844e-06 -7.06402e-07 6.19644e-07 -7.56999e-07 -6.40283e-07 1.01199e-06 -2.52122e-06 -5.79861e-06 6.70839e-06 -7.32737e-06 -6.37844e-06 -5.44399e-06
internal_weight=850 657 624 193 569 527 291 238 59 179 53 236 206 170 169 128 79 41 49 49 55 42
internal_count=850 657 624 193 569 527 291 238 59 179 53 236 206 170 169 128 79 41 49 49 55 42
is_linear=0
shrinkage=0.3


Tree=205
num_leaves=20
num_cat=0
split_feature=14 17 17 27 26 7 18 4 4 19 16 27 0 15 4 16 16 13 15
split_gain=8.00102e-09 1.81182e-08 1.23318e-08 9.31463e-09 3.19429e-08 3.24666e-08 4.09408e-08 1.70645e-08 2.10775e-08 6.49304e-08 2.57181e-08 2.67364e-08 2.60404e-08 1.93419e-08 1.59476e-08 1.50573e-08 3.67372e-08 1.19852e-08 1.41322e-08
threshold=0.066082702965374898 0.023679516490920292 0.020427132220762315 0.93533000000000011 0.8995120000000002 -0.0034543413285814065 0.051037250701924324 2856300.0000000005 4853200.0000000009 0.65747050000000018 0.012257406663506982 0.84765450000000009 4.7166435695328106 0.0019627085910020746 4933700.0000000009 0.0061537978524253793 0.0020491294692978061 0.021157443155589269 -0.0062565179942766468
decision_type=2 2 2 2 2 2 2 2 2 2 2 2 2 2 2 2 2 2 2
left_child=1 2 3 7 -5 6 14 15 9 13 12 -12 -10 -9 -6 16 -1 -7 -19
right_child=-2 -3 -4 4 5 17 -8 8 10 -11 11 -13 -14 -15 -16 -17 -18 18 -20
leaf_value=-7.5351969082310618e-06 5.7829851747166163e-06 -7.9407114631416898e-06 7.28003627565548e-06 -1.0407065792605863e-05 -4.6000231407106188e-06 8.7529751203874179e-06 -1.4270442256229916e-05 5.0871311399907214e-06 -5.3179132536076801e-06 1.9646523651317693e-05 1.0918522013006232e-05 -2.4278995477350855e-06 7.2172758424744534e-07 -2.3360826131558222e-06 6.7203160824647055e-06 -8.6241840830875683e-06 6.8470361949009869e-06 7.4135018508059146e-06 -2.8150633771738577e-06
leaf_weight=33 21 26 21 33 24 30 26 68 94 21 35 22 203 59 21 31 31 20 31
leaf_count=33 21 26 21 33 24 30 26 68 94 21 35 22 203 59 21 31 31 20 31
internal_value=-2.05038e-14 -1.46493e-07 1.05873e-07 -8.67838e-08 -1.94674e-06 -1.09955e-07 -4.79303e-06 4.89583e-07 1.18732e-06 4.19374e-06 -6.96008e-08 5.76727e-06 -1.18981e-06 1.63855e-06 6.82802e-07 -3.1974e-06 -5.68803e-07 3.99497e-06 1.19614e-06
internal_weight=850 829 803 782 185 152 71 597 502 148 354 57 297 127 45 95 64 81 51
internal_count=850 829 803 782 185 152 71 597 502 148 354 57 297 127 45 95 64 81 51
is_linear=0
shrinkage=0.3


Tree=206
num_leaves=28
num_cat=0
split_feature=18 16 5 16 16 17 17 13 27 18 23 6 13 20 18 10 7 2 2 6 10 4 27 17 27 10 4
split_gain=7.83162e-09 2.32353e-08 2.86802e-08 2.44006e-08 5.24352e-08 4.21252e-08 2.88062e-08 3.0321e-08 3.00324e-08 2.29852e-08 2.27819e-08 1.92183e-08 2.52553e-08 1.76883e-08 1.75939e-08 4.16179e-08 2.9141e-08 1.4358e-08 1.68132e-08 1.59312e-08 2.40107e-08 1.69757e-08 1.70351e-08 1.57936e-08 1.51789e-08 1.4234e-08 1.34826e-08
threshold=0.11315601241399345 0.013765978400328423 0.0064447382360334838 0.0078662733979613809 0.0087436727102814162 0.0016964026566976403 0.0079443893972242895 0.027463930637657157 0.81280500000000011 0.48818751146279721 0.29166650000000005 -0.0042284459830822093 0.025098019072123237 0.29028700000000002 0.01282850699990362 -0.63257612721935008 0.0020450774053327064 4.4714272116619336 5.782628418666234 -0.017087284705359786 -1.1246382568403959 10174700.000000002 0.60970600000000008 0.014629100696769646 0.91668650000000007 -0.37265185955235608 9361850.0000000019
decision_type=2 2 2 2 2 2 2 2 2 2 2 2 2 2 2 2 2 2 2 2 2 2 2 2 2 2 2
left_child=14 3 -3 5 -5 13 8 9 -7 -8 -9 -10 -13 -2 17 -16 -17 24 19 20 -19 22 -21 -24 25 -1 -6
right_child=1 2 -4 4 26 6 7 10 11 -11 -12 12 -14 -15 15 16 -18 18 -20 21 -22 -23 23 -25 -26 -27 -28
leaf_value=-5.690548867747224e-06 3.1262013028562513e-06 -1.1519901576346253e-05 3.4688201367316649e-06 1.9861670315464151e-05 -1.3841515034392935e-06 -1.4463389174045953e-05 1.5817895446161855e-05 -8.4183259458667526e-06 5.62922047687867e-06 1.4350318821243489e-06 4.0235323520111988e-06 -1.0445771945422067e-05 2.7583114718833136e-06 1.5592341961792046e-05 5.9333090393920431e-06 -1.9028895376322904e-05 -3.5236223897783244e-06 4.5510009353425366e-07 6.8098399864879871e-06 7.6385485101582162e-06 -1.3726893203883346e-05 -9.0488848150016563e-06 -1.5383813081985567e-06 6.4152163249673323e-06 8.9371492936152199e-06 5.3675986361089274e-06 8.2836896365279244e-06
leaf_weight=20 21 27 20 20 37 23 20 27 21 20 26 32 22 20 20 20 24 21 24 24 22 20 222 25 30 22 20
leaf_count=20 21 27 20 20 37 23 20 27 21 20 26 32 22 20 20 20 24 21 24 24 22 20 222 25 30 22 20
internal_value=-2.27558e-14 1.07269e-06 -5.14172e-06 2.01793e-06 6.64537e-06 4.82097e-07 -1.39084e-06 2.39114e-06 -4.97986e-06 8.62646e-06 -2.31477e-06 -2.07158e-06 -5.06633e-06 9.20725e-06 -7.73035e-07 -5.41373e-06 -1.05715e-05 -8.23267e-08 -8.59752e-07 -1.41086e-06 -6.8008e-06 -6.14408e-07 8.06244e-09 -7.33361e-07 3.7832e-06 1.01814e-07 2.00807e-06
internal_weight=850 356 47 309 77 232 191 93 98 40 53 75 54 41 494 64 44 430 358 334 43 291 271 247 72 42 57
internal_count=850 356 47 309 77 232 191 93 98 40 53 75 54 41 494 64 44 430 358 334 43 291 271 247 72 42 57
is_linear=0
shrinkage=0.3


Tree=207
num_leaves=30
num_cat=0
split_feature=8 8 14 19 8 8 17 25 22 8 12 20 0 21 10 8 18 21 12 18 21 6 28 21 26 18 21 6 10
split_gain=8.96484e-09 4.97869e-08 2.28662e-08 3.42234e-08 2.8758e-08 2.39959e-08 3.00087e-08 2.11666e-08 1.82013e-08 1.42913e-08 2.97007e-08 2.26617e-08 1.80415e-08 1.68704e-08 1.19989e-08 1.99612e-08 3.472e-08 1.7536e-08 1.13395e-08 2.87333e-08 2.40606e-08 2.31438e-08 1.65436e-08 1.55079e-08 2.83224e-08 2.47764e-08 4.35945e-08 1.92827e-08 1.01394e-08
threshold=0.012819723876564135 0.0091240428053163732 0.018442604930066175 -0.63193899999999992 0.019140136297714414 0.02425216544489877 1.0000000180025095e-35 0.29166650000000005 0.056013500000000008 0.074370531186543978 0.0085040507630650131 0.16978400000000002 5.3736193840704933 0.066328000000000012 0.73453597336970133 -8.9338259012805553e-17 0.090762976637525236 0.065976000000000021 -0.0027431805795733485 -0.059146842663714276 0.36000800000000005 -0.0043861480721382297 1.0000000180025095e-35 0.043976500000000009 0.82588700000000015 -0.064988630735111699 0.029022500000000003 -0.01280746433614751 -0.46605151131784534
decision_type=2 2 2 2 2 2 2 2 2 2 2 2 2 2 2 2 2 2 2 2 2 2 2 2 2 2 2 2 2
left_child=1 14 3 -2 -4 -6 -7 8 -5 11 -11 12 -8 -13 15 18 -17 -16 23 22 21 -21 28 25 27 26 -1 -25 -20
right_child=2 -3 4 7 5 6 9 -9 -10 10 -12 13 -14 -15 17 16 -18 -19 19 20 -22 -23 -24 24 -26 -27 -28 -29 -30
leaf_value=1.108685369302975e-05 -1.4776509668479321e-05 1.309985317326274e-05 -8.1968623271677638e-06 -6.0905507640340008e-07 1.1355084289529518e-05 1.0320031346054747e-05 -2.8369537845459752e-06 6.3166577011283414e-06 -1.0978609765970759e-05 1.0317610712298538e-05 -4.8514062395302707e-06 -1.3998215426909154e-05 7.9792084504689502e-06 -3.0758747126315357e-06 -2.0227928936427425e-06 2.177835855426175e-07 -1.4991303681778266e-05 9.4454193580466897e-06 -1.3603625689029287e-06 1.6940443848674794e-05 -1.023584708303227e-06 4.6186856536678532e-06 4.2280337099782623e-06 -6.9544993783148872e-06 1.1115914111416355e-05 -9.7574164518422222e-06 -7.3926054028561335e-06 1.8222938587967572e-06 -1.0036595177741569e-05
leaf_weight=20 24 28 30 39 21 25 35 21 25 26 21 20 23 35 21 35 22 28 27 23 29 34 25 33 21 39 27 71 22
leaf_count=20 24 28 30 39 21 25 35 21 25 26 21 20 23 35 21 35 22 28 27 23 29 34 25 33 21 39 27 71 22
internal_value=2.68911e-14 8.0528e-07 -1.17874e-06 -4.77252e-06 4.81095e-07 1.74488e-06 6.53987e-07 -1.94787e-06 -4.65966e-06 -8.56332e-07 3.53996e-06 -2.68488e-06 1.45221e-06 -7.04763e-06 8.35858e-08 -4.2552e-07 -5.65239e-06 4.53047e-06 3.7753e-07 2.28217e-06 6.01141e-06 9.59062e-06 -2.05181e-06 -1.06675e-06 1.06655e-06 -4.16747e-06 4.70994e-07 -9.6265e-07 -5.25581e-06
internal_weight=850 505 345 109 236 206 185 85 64 160 47 113 58 55 477 428 57 49 371 160 86 57 74 211 125 86 47 104 49
internal_count=850 505 345 109 236 206 185 85 64 160 47 113 58 55 477 428 57 49 371 160 86 57 74 211 125 86 47 104 49
is_linear=0
shrinkage=0.3


Tree=208
num_leaves=26
num_cat=0
split_feature=3 14 17 17 17 19 13 16 5 6 27 13 28 20 19 6 4 4 15 15 0 2 0 11 17
split_gain=9.45246e-09 4.48096e-08 1.08911e-08 2.4999e-08 2.32755e-08 3.27741e-08 2.42559e-08 2.10066e-08 2.71734e-08 1.95078e-08 2.67043e-08 2.58099e-08 1.46406e-08 2.09462e-08 3.74257e-08 2.96618e-08 2.02066e-08 8.58513e-08 3.22127e-08 2.24931e-08 1.55713e-08 1.95816e-08 1.53205e-08 1.43123e-08 1.25152e-08
threshold=5.8450112342834482 0.02447729035096979 0.0094414039704009186 0.010570811775969901 0.0080321208232583697 0.25205550000000004 0.026068138321468665 0.0020877304721246188 -0.0074627488814279627 -0.0024428859962820934 0.87358000000000013 0.030724734249923419 1.0000000180025095e-35 0.26488800000000007 0.26820350000000009 -1.0000000180025095e-35 4583200.0000000009 4977000.0000000009 -0.013384527021778782 -0.0021436232130546298 4.9333212520714129 4.6517483260276222 4.6233601855380408 53.846132433382444 0.003960392113094788
decision_type=2 2 2 2 2 2 2 2 2 2 2 2 2 2 2 2 2 2 2 2 2 2 2 2 2
left_child=2 -2 4 -4 12 6 -6 8 -5 11 -11 -9 16 15 -15 -14 20 -18 -19 -20 21 22 -1 -16 -23
right_child=1 -3 3 7 5 -7 -8 9 -10 10 -12 -13 13 14 23 -17 17 18 19 -21 -22 24 -24 -25 -26
leaf_value=-1.8436008164899175e-06 -1.3873904987596451e-05 3.6027751584990785e-06 -9.0300332023135147e-06 2.2182222714661745e-06 1.7841517979181015e-05 -3.9004336861125914e-06 4.0506358466529942e-06 -8.060954792199481e-07 -9.6469839550799833e-06 4.3906915210927029e-06 -7.8890242656979937e-06 1.3652811022438981e-05 -1.1819216878949634e-05 1.2115364974566286e-05 2.3259980331834908e-06 3.8295848543594517e-08 2.2055306698405274e-05 9.6522980814225687e-06 -7.6111697415564603e-06 1.4103648325517765e-06 6.3560923091575786e-06 -2.6313602549263042e-06 7.1037994743505802e-06 -6.4678968423474238e-06 -1.1530071291417698e-05
leaf_weight=61 23 31 34 32 22 20 24 20 38 37 28 25 37 21 31 39 20 33 33 101 22 33 24 36 25
leaf_count=61 23 31 34 32 22 20 24 20 38 37 28 25 37 21 31 39 20 33 33 101 22 33 24 36 25
internal_value=1.10193e-14 -3.841e-06 2.6057e-07 -1.56945e-06 9.33464e-07 6.23818e-06 1.06463e-05 -1.60228e-07 -4.22289e-06 2.4251e-06 -8.99032e-07 7.22663e-06 2.54953e-07 -2.08618e-06 1.06459e-06 -5.73444e-06 1.34571e-06 3.4808e-06 1.25631e-06 -8.11356e-07 -1.07407e-06 -2.21717e-06 6.82724e-07 -2.39908e-06 -6.46701e-06
internal_weight=850 54 796 214 582 66 46 180 70 110 65 45 516 164 88 76 352 187 167 134 165 143 85 67 58
internal_count=850 54 796 214 582 66 46 180 70 110 65 45 516 164 88 76 352 187 167 134 165 143 85 67 58
is_linear=0
shrinkage=0.3


Tree=209
num_leaves=26
num_cat=0
split_feature=9 9 1 9 17 10 17 13 13 21 21 20 20 26 28 13 11 5 17 17 5 14 15 20 14
split_gain=8.49911e-09 2.3356e-08 2.69989e-08 2.05706e-08 1.19005e-08 1.46552e-08 1.42233e-08 9.59326e-09 4.0183e-08 2.14814e-08 2.49998e-08 2.24631e-08 3.73285e-08 1.67471e-08 1.64034e-08 1.40987e-08 1.18729e-08 1.40315e-08 1.14307e-08 2.42797e-08 2.79314e-08 1.75487e-08 1.64497e-08 1.60882e-08 1.02847e-08
threshold=0.0099339421532836352 0.0093951941192304024 4.6526090111309371 0.010322247079185642 0.0041152222998090855 -0.63257612721935008 0.0020408143405366039 0.026068138321468665 0.025371586023371157 0.046719500000000004 0.032776000000000007 0.16711000000000001 0.040634500000000004 0.056112500000000003 1.0000000180025095e-35 0.026804070059868932 46.00005601934128 0.0042284173826080537 0.0039722735306174763 0.0068475427703768594 -0.012605475410759149 0.022610485366701984 0.021199261351965221 0.028713000000000006 0.019665683494903333
decision_type=2 2 2 2 2 2 2 2 2 2 2 2 2 2 2 2 2 2 2 2 2 2 2 2 2
left_child=1 2 -1 -2 5 -4 -7 8 9 10 16 12 -11 -9 24 -15 -5 -18 21 20 -20 -17 -23 -21 -13
right_child=3 -3 4 7 -6 6 -8 13 -10 11 -12 14 -14 15 -16 18 17 -19 19 23 -22 22 -24 -25 -26
leaf_value=-8.3826237856453267e-06 9.6975138928558276e-06 -1.1569728964104797e-05 6.0589893473661507e-06 6.6474762752477545e-06 5.84888937807521e-06 1.4719691193931793e-06 -8.968024406425209e-06 5.998600074470291e-06 1.4192617969196623e-05 -5.3834445916509724e-06 1.0919149066936487e-05 -1.3163898454877198e-05 9.1140756012464404e-06 -7.6101311139672327e-06 4.7694379645690788e-07 2.1906654333472559e-06 -7.8006059863712713e-06 2.8179202786304812e-06 1.4494566746634517e-05 -7.1083472086094245e-06 1.3023734866762355e-06 -1.0144700513876615e-05 2.2402651406342295e-07 -1.6695414544187768e-07 -4.0366786845424941e-06
leaf_weight=31 21 20 20 20 39 24 23 31 21 31 31 25 33 29 25 31 21 24 20 37 52 40 21 160 20
leaf_count=31 21 20 20 20 39 24 23 31 21 31 31 25 33 29 25 31 21 24 20 37 52 40 21 160 20
internal_value=1.58894e-14 -1.99304e-06 -5.94979e-07 4.51525e-07 1.68254e-06 -7.42649e-07 -3.63696e-06 1.62588e-07 1.63058e-06 4.83612e-07 3.90896e-06 -1.97037e-06 2.09184e-06 -7.12629e-07 -5.68439e-06 -1.24609e-06 5.65644e-07 -2.13739e-06 -7.34847e-07 2.52391e-07 4.96687e-06 -3.62144e-06 -6.57514e-06 -1.47067e-06 -9.10736e-06
internal_weight=850 157 137 693 106 67 47 672 251 230 96 134 64 421 70 390 65 45 361 269 72 92 61 197 45
internal_count=850 157 137 693 106 67 47 672 251 230 96 134 64 421 70 390 65 45 361 269 72 92 61 197 45
is_linear=0
shrinkage=0.3


Tree=210
num_leaves=30
num_cat=0
split_feature=10 10 14 4 1 13 9 10 11 13 17 17 20 5 18 12 16 17 19 27 27 10 1 17 10 26 4 10 8
split_gain=8.86519e-09 2.57576e-08 4.81825e-08 1.63836e-08 2.90938e-08 2.09303e-08 1.64314e-08 2.54247e-08 1.61116e-08 1.54574e-08 1.36093e-08 2.29899e-08 1.73234e-08 2.29e-08 1.50274e-08 1.42605e-08 1.65217e-08 2.41501e-08 1.75754e-08 1.2222e-08 1.65021e-08 2.17811e-08 1.61192e-08 1.5905e-08 1.57699e-08 1.41343e-08 1.1757e-08 1.04433e-08 1.02542e-08
threshold=0.088726562966541342 0.40259322482623788 0.014693892562158703 8232350.0000000009 5.2751562468115116 0.026115686089570465 0.035213729782596258 -0.7643401667942481 16.372212445691222 0.015273116167642516 0.0081967133022516261 0.0095831673895926499 0.088886500000000021 0.0035292396800090256 -0.07187433174785153 0.0061853643464970564 0.0087436727102814162 0.0054200886378175557 0.19901300000000002 0.57926250000000012 0.74306100000000008 -0.81514734313781723 4.585400457265739 0.0021436231034958216 -1.2802030109024056 0.85169150000000016 5894450.0000000009 -0.31675331106811494 0.071765430803669358
decision_type=2 2 2 2 2 2 2 2 2 2 2 2 2 2 2 2 2 2 2 2 2 2 2 2 2 2 2 2 2
left_child=3 2 -2 4 19 -5 7 -7 -8 -3 15 -12 13 -13 -14 16 17 18 -11 -1 -21 23 -23 24 -22 -25 -4 -24 -17
right_child=1 9 26 5 -6 6 8 -9 -10 10 11 12 14 -15 -16 28 -18 -19 -20 20 21 22 27 25 -26 -27 -28 -29 -30
leaf_value=4.8221408000080779e-06 1.8235342349726124e-05 6.2002454104259641e-06 -3.4839109839595036e-06 9.7190365426058634e-06 -1.173653361180326e-05 -9.5471738608592153e-06 -2.1945323851468856e-06 3.9774081709641573e-06 9.2292909521347613e-06 2.8051781943470535e-08 1.0574669413575643e-05 -1.9857504071296713e-06 2.5164057417116831e-06 1.1759257476455786e-05 -7.7494202783286301e-06 5.3381214214706203e-06 2.1670824162356439e-06 -1.3351205430061393e-05 -9.9314933441232612e-06 -9.5541669768705174e-06 6.430297007010598e-06 8.5880107397210494e-06 3.3596853506004174e-06 -3.0243960122788845e-06 -4.3029177667059624e-06 -1.1271904008649386e-05 5.6277710978765048e-06 -3.6761094769325285e-06 -2.1053686339200792e-06
leaf_weight=27 21 32 25 25 26 29 20 22 25 52 22 24 21 20 33 31 30 28 23 23 22 26 39 45 28 32 26 37 36
leaf_count=27 21 32 25 25 26 29 20 22 25 52 22 24 21 20 33 31 30 28 23 23 22 26 39 45 28 32 26 37 36
internal_value=4.60173e-15 9.71131e-07 6.1412e-06 -9.66571e-07 -2.1384e-06 1.98721e-06 -2.62858e-08 -3.71304e-06 4.15204e-06 -8.63837e-08 -7.15047e-07 1.8107e-06 -1.56727e-07 4.26198e-06 -3.75715e-06 -2.23049e-06 -4.02847e-06 -5.833e-06 -3.02621e-06 -1.24395e-06 -1.89389e-06 -1.12452e-06 2.1402e-06 -3.74657e-06 4.19697e-07 -6.45193e-06 1.16126e-06 -6.56358e-08 1.33863e-06
internal_weight=850 424 72 426 305 121 96 51 45 352 320 120 98 44 54 200 133 103 75 279 252 229 102 127 50 77 51 76 67
internal_count=850 424 72 426 305 121 96 51 45 352 320 120 98 44 54 200 133 103 75 279 252 229 102 127 50 77 51 76 67
is_linear=0
shrinkage=0.3


Tree=211
num_leaves=20
num_cat=0
split_feature=18 18 15 5 5 18 0 22 2 16 5 22 6 5 5 12 26 21 7
split_gain=6.47341e-09 2.58553e-08 1.65738e-08 2.89293e-08 2.68631e-08 1.58719e-08 1.51575e-08 1.75249e-08 2.2375e-08 1.63449e-08 1.49883e-08 1.1409e-08 1.47991e-08 9.53322e-09 1.36016e-08 1.32311e-08 1.13067e-08 1.03412e-08 1.15008e-08
threshold=0.057527884150835519 0.01825165033433163 0.023000570384511084 0.014122318116620526 0.0082562587389345878 0.44122226006199017 4.6233601855380408 0.042681000000000004 4.4878624410139443 0.0015861130241660115 -0.010183439650464608 0.018706000000000004 0.0087108709612459274 0.026510895742262858 0.020219880023466443 0.0097371869742086375 0.042136500000000007 0.82304600000000006 -0.0043058597456040858
decision_type=2 2 2 2 2 2 2 2 2 2 2 2 2 2 2 2 2 2 2
left_child=1 13 3 4 6 -5 7 -2 -9 10 -8 -11 -13 14 15 16 -1 18 -18
right_child=2 -3 -4 5 -6 -7 9 8 -10 11 -12 12 -14 -15 -16 -17 17 -19 -20
leaf_value=-7.2011685025917474e-06 3.6264244876349491e-06 -1.0351150196896696e-05 7.2247063974331496e-06 -1.1989102299025945e-05 9.1940285022116911e-06 -1.188262216601288e-06 1.2433878538848313e-05 -1.3338530172458214e-06 -1.3788600166580217e-05 -6.3314282260762412e-06 1.0864955595479841e-06 2.7625277625333719e-06 -5.7545619752504123e-06 -6.6329437959211646e-06 7.1630856664144273e-06 6.9813649758998508e-06 1.5009179790123169e-06 5.8141457459540744e-06 -2.1764046654055843e-06
leaf_weight=23 24 24 34 24 35 25 22 34 21 20 20 111 22 20 23 21 124 23 200
leaf_count=23 24 24 34 24 35 25 22 34 21 20 20 111 22 20 23 21 124 23 200
internal_value=6.96259e-15 -7.65929e-07 8.94886e-07 2.9373e-07 1.36764e-06 -6.47847e-06 3.67918e-07 -3.13769e-06 -6.0893e-06 1.78814e-06 7.03036e-06 3.49096e-07 1.35369e-06 -2.35871e-07 7.31667e-08 -3.43887e-07 -7.59645e-07 -3.32685e-07 -7.69034e-07
internal_weight=850 458 392 358 309 49 274 79 55 195 42 153 133 434 414 391 370 347 324
internal_count=850 458 392 358 309 49 274 79 55 195 42 153 133 434 414 391 370 347 324
is_linear=0
shrinkage=0.3


Tree=212
num_leaves=27
num_cat=0
split_feature=14 2 5 4 19 19 22 16 20 8 10 3 4 5 5 5 26 13 9 9 14 22 5 4 11 5
split_gain=7.09874e-09 2.19091e-08 2.25921e-08 4.18019e-08 7.50656e-08 1.28245e-08 3.08628e-08 1.79236e-08 2.14823e-08 1.63938e-08 2.085e-08 1.84357e-08 1.57061e-08 1.08896e-08 3.16547e-08 2.28335e-08 1.15581e-08 1.08463e-08 9.24941e-09 8.80984e-09 1.41013e-08 1.40143e-08 2.24587e-08 9.78261e-09 9.57199e-09 5.74914e-09
threshold=0.026403887133158565 5.7917995323599367 0.0082562587389345878 4583200.0000000009 0.11707100000000002 -0.83751249999999988 0.46177950000000006 0.0021186926538888291 0.016552000000000001 -0.06146629070403329 -1.2594670347867105 4.5642333030700692 4853200.0000000009 0.0065377541854237777 1.0000000180025095e-35 0.020219880023466443 0.84539700000000007 0.028451688772955779 0.024105789521419032 0.014635875855220149 0.029795276822822125 0.12090750000000001 -0.016895817826351849 7071900.0000000009 30.539940381633581 0.01223254865501114
decision_type=2 2 2 2 2 2 2 2 2 2 2 2 2 2 2 2 2 2 2 2 2 2 2 2 2 2
left_child=1 2 5 25 -5 7 9 -1 -9 -7 -11 -12 -8 14 19 18 17 -17 -15 -2 -21 22 -22 -23 -25 -4
right_child=13 -3 3 4 -6 6 12 8 -10 10 11 -13 -14 15 -16 16 -18 -19 -20 20 21 23 -24 24 -26 -27
leaf_value=-2.9506924521329991e-06 3.423166100446906e-06 -7.9699995017108442e-06 2.1850726005306401e-06 2.0209215777225943e-06 2.4833481381035329e-05 8.6678052353025448e-06 -2.5872062050069642e-06 -1.1261802745212079e-06 1.1010850775424582e-05 -8.4558129103129431e-06 7.1590212444659426e-06 -4.0562344847368344e-07 -1.2513969499613389e-05 -4.5581856393255291e-06 1.0528188317948661e-05 -8.1985871144173537e-06 3.8149466874415339e-06 8.5216872426267055e-07 -1.2992424498489445e-05 -8.2612705884659787e-06 -2.4916849949931929e-06 1.583939622150865e-06 1.0995915117746335e-05 -7.2188435751741053e-07 -9.3149668324648311e-06 -4.4043212413341212e-06
leaf_weight=27 32 25 22 34 21 21 32 21 35 24 35 169 26 25 24 22 36 26 22 27 25 25 20 20 28 26
leaf_count=27 32 25 22 34 21 21 32 21 35 24 35 169 26 25 24 22 36 26 22 27 25 25 20 20 28 26
internal_value=-2.33454e-14 6.94075e-07 1.13343e-06 5.08518e-06 1.07312e-05 8.97622e-08 -8.04736e-07 3.39833e-06 6.45946e-06 6.46987e-07 -9.17725e-08 8.92232e-07 -7.03713e-06 -1.08292e-06 3.04137e-07 -3.21116e-06 -2.48505e-07 -3.29609e-06 -8.50613e-06 -1.08218e-06 -2.07646e-06 -6.61289e-07 3.5028e-06 -3.2282e-06 -5.73452e-06 -1.38418e-06
internal_weight=850 518 493 103 55 390 307 83 56 249 228 204 58 332 201 131 84 48 47 177 145 118 45 73 48 48
internal_count=850 518 493 103 55 390 307 83 56 249 228 204 58 332 201 131 84 48 47 177 145 118 45 73 48 48
is_linear=0
shrinkage=0.3


Tree=213
num_leaves=27
num_cat=0
split_feature=9 21 8 10 14 14 22 18 14 14 9 18 18 15 9 12 21 21 28 26 17 5 22 18 5 17
split_gain=5.4253e-09 2.15212e-08 1.47598e-08 1.76846e-08 1.29665e-08 1.01371e-08 1.05675e-08 8.96691e-09 2.55246e-08 2.89504e-08 2.24304e-08 1.58657e-08 1.21242e-08 1.75426e-08 1.20818e-08 1.12337e-08 1.03727e-08 1.0058e-08 1.29313e-08 2.55896e-08 2.36907e-08 1.04048e-08 8.49226e-09 6.84199e-09 6.60273e-09 5.69985e-09
threshold=0.010555589925278218 0.027332500000000003 -0.01666559668864415 -0.48092090057767561 0.009855437639356545 0.012332991990728978 0.086330500000000018 0.024125799688677129 0.016410258023605403 0.013965129258479656 0.012485036673524469 -0.094330910863419423 0.24350578134165721 -0.010296996243293251 0.032147994160485346 0.0044592104792982841 0.24193700000000004 0.71131650000000002 1.0000000180025095e-35 0.6516645000000002 0.0080321208232583697 0.0018867903914715955 0.028186500000000007 0.63178165363668937 -0.0061209417778434758 0.004255315263436356
decision_type=2 2 2 2 2 2 2 2 2 2 2 2 2 2 2 2 2 2 2 2 2 2 2 2 2 2
left_child=1 -1 -3 24 -2 -5 -7 11 9 -9 -10 17 13 -12 15 -14 -13 18 19 -6 25 -19 -21 -16 -4 -20
right_child=4 2 3 5 7 6 -8 8 10 -11 12 16 14 -15 23 -17 -18 21 20 22 -22 -23 -24 -25 -26 -27
leaf_value=-1.0470167678379636e-05 7.741675824490811e-06 -7.3507859131337753e-06 2.346139704059169e-06 -5.3810634764366625e-06 5.8889107622898482e-06 4.7847260165409276e-06 -2.553451916379632e-06 6.9942150689299021e-07 9.414684580054777e-06 1.6469972172856727e-05 -2.4228763653478708e-06 -9.8349005295656556e-06 -1.8706349214763699e-06 6.9753280170149216e-06 -1.3992454114486464e-06 -8.5132267781773403e-06 -1.0594127171647084e-06 -9.0361679472802534e-06 -2.5534925195339991e-06 2.2497662395970507e-06 9.6551692013235876e-06 2.1933855350653174e-08 -4.591496306971656e-06 6.2587967525879707e-06 1.0054871563625056e-05 3.4924445762261829e-06
leaf_weight=21 21 23 20 35 36 33 38 22 22 20 33 27 97 39 21 30 22 21 36 20 35 25 89 21 20 23
leaf_count=21 21 23 20 35 36 33 38 22 22 20 33 27 97 39 21 30 22 21 36 20 35 25 89 21 20 23
internal_value=5.65383e-15 -1.4126e-06 -2.87102e-07 8.2567e-07 4.06657e-07 -1.20257e-06 8.57251e-07 1.656e-07 1.34162e-06 8.20921e-06 2.44898e-07 -9.08312e-07 -5.92178e-07 2.66782e-06 -1.98105e-06 -3.43975e-06 -5.89489e-06 -5.09713e-08 7.30897e-07 -1.04584e-06 3.47161e-06 -4.11329e-06 -3.33622e-06 2.42978e-06 6.20051e-06 -1.96602e-07
internal_weight=850 190 169 146 660 106 71 639 305 42 263 334 241 72 169 127 49 285 239 145 94 46 109 42 40 59
internal_count=850 190 169 146 660 106 71 639 305 42 263 334 241 72 169 127 49 285 239 145 94 46 109 42 40 59
is_linear=0
shrinkage=0.3


Tree=214
num_leaves=24
num_cat=0
split_feature=7 13 4 17 18 13 7 18 27 5 4 16 5 13 18 18 22 17 9 9 6 12 16
split_gain=5.58419e-09 1.48812e-08 2.89338e-08 1.53108e-08 1.61095e-08 1.72789e-08 1.23156e-08 9.23259e-09 8.55094e-09 9.60899e-09 8.14244e-09 7.78465e-09 1.52895e-08 1.54278e-08 1.48783e-08 1.44266e-08 2.69404e-08 1.35783e-08 1.14134e-08 1.69339e-08 1.07002e-08 1.49714e-08 1.03104e-08
threshold=-0.0098620563461357287 0.021613776468136434 3821000.0000000005 0.013913113684913854 -0.12345060988768354 0.030678334085381381 -0.0068787841793001596 -0.3685775795072922 0.5414770000000001 0.0018867903914715955 5121050.0000000009 0.0055969649671484345 0.0051205681397085345 0.019267621520823591 0.01825165033433163 0.62309949378852847 0.11201600000000002 0.021390366166901254 0.030038912443568402 0.017372912864561614 0.021453988484999933 0.0040071504353557429 0.0082135789509348925
decision_type=2 2 2 2 2 2 2 2 2 2 2 2 2 2 2 2 2 2 2 2 2 2 2
left_child=1 2 -1 4 7 -6 -2 10 9 -8 -3 15 13 -13 -14 17 -17 20 19 -15 21 -10 -16
right_child=6 3 -4 -5 5 -7 8 -9 11 -11 -12 12 14 18 22 16 -18 -19 -20 -21 -22 -23 -24
leaf_value=1.4535984870566278e-06 5.8389019879238434e-06 -3.1684883947491471e-06 -1.3932469406344433e-05 -5.9846427131304834e-06 9.504415745389203e-06 6.2283313612882719e-08 -3.9978830955078589e-07 -5.7858979812500189e-06 -1.3670785449785236e-07 8.7883477720294779e-06 5.3920016355846199e-06 5.5362008057412689e-06 3.5893675560925787e-07 3.0425196503832318e-07 -1.2781989724024763e-05 -2.0173445534510394e-06 1.1680130486573554e-05 7.4118755583185697e-06 3.4176621071427714e-06 -8.807859359744578e-06 4.5925718222861179e-06 -6.1899411486757201e-06 -4.4175882029170072e-06
leaf_weight=22 36 20 22 32 33 37 20 31 169 21 20 39 35 45 21 24 28 20 31 31 30 47 36
leaf_count=22 36 20 22 32 33 37 20 31 169 21 20 39 35 45 21 24 28 20 31 31 30 47 36
internal_value=-2.13213e-14 -1.3133e-06 -6.23944e-06 -6.041e-08 1.2841e-06 4.51357e-06 4.50215e-07 -1.8999e-06 1.25269e-07 4.30633e-06 1.11176e-06 -1.83047e-07 -1.48061e-06 4.28131e-07 -4.5097e-06 7.88085e-07 5.35822e-06 -1.05324e-07 -1.43369e-06 -3.41253e-06 -7.16478e-07 -1.45385e-06 -7.49921e-06
internal_weight=850 217 44 173 141 70 633 71 597 41 40 556 238 146 92 318 52 266 107 76 246 216 57
internal_count=850 217 44 173 141 70 633 71 597 41 40 556 238 146 92 318 52 266 107 76 246 216 57
is_linear=0
shrinkage=0.3


Tree=215
num_leaves=31
num_cat=0
split_feature=9 9 16 1 2 1 12 9 2 16 7 15 22 13 7 3 7 20 4 16 1 0 17 19 27 16 4 3 1 14
split_gain=5.57179e-09 2.28215e-08 2.08674e-08 1.78808e-08 1.36186e-08 1.89529e-08 1.39281e-08 1.30769e-08 1.02034e-08 9.85413e-09 1.19797e-08 1.09513e-08 9.10263e-09 1.84409e-08 1.68507e-08 1.6423e-08 1.25622e-08 1.62398e-08 1.21855e-08 1.42703e-08 1.42394e-08 1.57746e-08 1.18882e-08 1.10116e-08 1.05738e-08 1.01011e-08 9.76373e-09 1.02783e-08 1.02111e-08 9.53885e-09
threshold=0.013487616485657139 0.014100797925845223 0.0042553152634363066 5.2825148450180217 4.5492883378544482 4.9693350600347008 -0.0014623879450338798 0.0080538609945206095 4.6823164488286242 0.0082866959801905383 -0.0024428859962820934 0.0020408629973885464 0.27971300000000004 0.029370451587186892 -0.0021165001558440832 5.183110475540162 0.0018692069111060949 0.030254000000000007 6390550.0000000009 0.0085069915325327282 5.1097381141882332 4.7044598343083956 0.0061791972907421144 -0.38436299999999995 0.77528850000000016 0.0021186926538888291 9181300.0000000019 4.8811686038970956 5.1493137090838941 0.029795276822822125
decision_type=2 2 2 2 2 2 2 2 2 2 2 2 2 2 2 2 2 2 2 2 2 2 2 2 2 2 2 2 2 2
left_child=2 -2 4 9 -1 6 -6 -8 -9 11 -11 -4 18 14 -14 25 29 -18 19 20 21 22 -3 -19 -20 -16 28 -28 -26 -15
right_child=1 12 3 -5 5 -7 7 8 -10 10 -12 -13 13 16 15 -17 17 23 24 -21 -22 -23 -24 -25 26 -27 27 -29 -30 -31
leaf_value=6.8335475398564618e-06 1.0505182231099751e-05 -6.6863436649732136e-06 -8.4534490484015007e-06 -1.1948968533813187e-05 -8.7093698187924336e-06 6.7862236314957567e-06 4.7857952176855172e-06 -7.1370606153525129e-06 1.1894492060421795e-06 -3.6192094412399456e-06 5.9794779520995109e-06 -1.8222108110421685e-07 9.5981415692373649e-06 -7.4270414650356992e-06 -5.4189754974913736e-06 8.3434139086691066e-06 -4.3306134091122576e-06 1.0571034993388042e-05 -4.0130211532000839e-06 -9.2017395875895341e-06 -7.9734071946454012e-06 6.8731972135083194e-06 2.9637376132995994e-06 7.3515960593795174e-07 1.5092280999193336e-06 2.4306479777654509e-06 4.979787584726064e-06 -2.733280307154473e-06 1.0080226374239746e-05 -6.5166565946128682e-07
leaf_weight=31 20 27 34 21 22 28 30 27 26 25 22 25 36 32 25 25 22 21 33 28 23 24 20 20 29 36 23 48 22 45
leaf_count=31 20 27 34 21 22 28 30 27 26 25 22 25 36 32 25 25 22 21 33 28 23 24 20 20 29 36 23 48 22 45
internal_value=1.41321e-14 5.54179e-07 -1.06456e-06 -3.95144e-06 1.17102e-06 -1.48819e-07 -1.99816e-06 -2.1929e-07 -3.05236e-06 -2.36702e-06 8.73793e-07 -4.94869e-06 1.84939e-07 1.45259e-06 4.14875e-06 1.86761e-06 -8.9692e-07 2.24478e-06 -1.01407e-06 -3.25686e-06 -1.48604e-06 6.15496e-07 -2.57993e-06 5.77305e-06 7.51229e-07 -7.86411e-07 2.03992e-06 -2.34681e-07 5.20652e-06 -3.46741e-06
internal_weight=850 559 291 127 164 133 105 83 53 106 47 59 539 262 122 86 140 63 277 122 94 71 47 41 155 61 122 71 51 77
internal_count=850 559 291 127 164 133 105 83 53 106 47 59 539 262 122 86 140 63 277 122 94 71 47 41 155 61 122 71 51 77
is_linear=0
shrinkage=0.3


Tree=216
num_leaves=22
num_cat=0
split_feature=14 14 26 26 0 21 20 14 20 11 28 13 10 23 7 4 18 4 13 4 21
split_gain=4.79593e-09 2.61186e-08 1.38821e-08 7.17592e-09 1.50939e-08 8.87025e-09 6.19238e-09 8.71166e-09 1.58175e-08 1.15518e-08 1.43175e-08 1.40221e-08 1.27481e-08 1.01364e-08 1.15371e-08 8.5678e-09 1.18464e-08 7.32528e-09 9.9279e-09 7.47159e-09 5.66927e-09
threshold=0.013473916766989358 0.01424216574777973 0.89017450000000009 0.24365400000000001 4.7488053622471407 0.12808350000000004 0.87227300000000008 0.029110488041723937 0.76668350000000018 30.981154303046534 1.0000000180025095e-35 0.036269090170848943 -1.0848894079659293 0.58333350000000006 0.0087108709612459274 8366000.0000000009 -0.32578988327608366 13885100.000000002 0.025741062246041255 11539700.000000002 0.033969500000000007
decision_type=2 2 2 2 2 2 2 2 2 2 2 2 2 2 2 2 2 2 2 2 2
left_child=2 -2 3 -1 5 -5 7 8 9 10 -3 12 -11 17 -15 16 -8 18 -9 -20 -18
right_child=1 6 -4 4 -6 -7 15 13 -10 11 -12 -13 -14 14 -16 -17 20 -19 19 -21 -22
leaf_value=3.2276790401889834e-06 1.0998233152577086e-05 9.7579823537111767e-06 -8.3531323150015417e-06 -1.7003807509605268e-06 3.7814227697355005e-06 -9.9128417627980514e-06 1.1124830032421024e-06 -5.951105781036858e-06 7.6762188850665328e-06 -7.2815518095126208e-06 -5.1748785578994379e-07 7.0334003586812399e-06 -1.7112845457572862e-08 -1.0496822568484276e-05 -3.0692481175265128e-07 1.8508587335678124e-06 -3.1920003619768027e-06 3.6403320355266503e-06 1.2547180103373433e-06 -5.1135267412405478e-06 -9.6579488067268717e-06
leaf_weight=36 20 26 23 29 27 20 28 30 32 24 23 23 231 20 20 35 23 37 97 20 26
leaf_count=36 20 26 23 29 27 20 28 30 32 24 23 23 231 20 20 35 23 37 97 20 26
internal_value=5.03566e-15 3.09643e-07 -1.63996e-06 -2.61366e-07 -1.91407e-06 -5.05241e-06 2.05813e-09 3.94551e-07 1.31059e-06 6.87655e-07 4.9348e-06 -6.09428e-08 -7.00825e-07 -1.07357e-06 -5.40187e-06 -2.04101e-06 -3.81004e-06 -1.32629e-07 -1.08229e-06 1.66129e-07 -6.62291e-06
internal_weight=850 715 135 112 76 49 695 583 359 327 49 278 255 224 40 112 77 184 147 117 49
internal_count=850 715 135 112 76 49 695 583 359 327 49 278 255 224 40 112 77 184 147 117 49
is_linear=0
shrinkage=0.3


Tree=217
num_leaves=19
num_cat=0
split_feature=7 18 18 12 21 1 1 21 20 26 3 2 0 9 3 1 8 18
split_gain=5.11091e-09 5.53224e-09 1.24255e-08 1.06578e-08 1.19777e-08 1.16363e-08 2.15559e-08 3.39009e-08 1.31775e-08 1.08939e-08 1.67024e-08 9.80765e-09 8.27974e-09 1.58543e-08 9.09429e-09 7.26729e-09 1.00398e-08 6.63679e-09
threshold=-0.040010669543383025 -0.16093434475120941 -0.094330910863419423 0.0090103965414902506 0.023222500000000004 4.6230759120983409 4.7472716043980334 0.056965000000000009 0.030915000000000002 0.4310905000000001 4.5029077529907235 5.7548461001553646 5.3861101774246487 0.040250352526033012 5.1315364837646493 4.5908345942686859 -0.01666559668864415 -0.65105208697192818
decision_type=2 2 2 2 2 2 2 2 2 2 2 2 2 2 2 2 2 2
left_child=-1 11 -3 4 -4 9 7 -7 -8 -6 -11 12 13 14 15 17 -17 -2
right_child=1 2 3 -5 5 6 8 -9 -10 10 -12 -13 -14 -15 -16 16 -18 -19
leaf_value=-4.3156408098710132e-06 -1.9432746415759535e-06 6.1178822666837124e-06 -4.5002159449292798e-06 -5.8237737192712302e-06 2.689984403332346e-06 1.5871022872923513e-05 5.3324158992526049e-06 2.4697093994501092e-06 -5.9785515550683348e-07 6.7328849519103161e-07 -9.5990674554156741e-06 4.991412014732077e-06 -6.0390857248648899e-06 -8.3168373699347441e-06 5.3429180579769304e-06 -5.8780047223850623e-06 -3.8498273683174815e-07 4.9824664183068471e-06
leaf_weight=24 20 36 37 24 30 23 41 65 190 29 28 24 30 23 25 39 129 33
leaf_count=24 20 36 37 24 30 23 41 65 190 29 28 24 30 23 25 39 129 33
internal_value=-9.04813e-15 1.25394e-07 7.4755e-07 3.33562e-07 6.67143e-07 1.13806e-06 1.97681e-06 5.97233e-06 4.54704e-07 -1.93734e-06 -4.37278e-06 -8.43474e-07 -1.31183e-06 -7.84622e-07 -8.03907e-08 -6.93887e-07 -1.66015e-06 2.36898e-06
internal_weight=850 826 503 467 443 406 319 88 231 87 57 323 299 269 246 221 168 53
internal_count=850 826 503 467 443 406 319 88 231 87 57 323 299 269 246 221 168 53
is_linear=0
shrinkage=0.3


Tree=218
num_leaves=31
num_cat=0
split_feature=6 27 15 13 14 12 19 4 19 20 2 5 19 18 0 4 9 16 5 5 7 0 1 12 12 27 11 12 15 4
split_gain=4.18457e-09 1.04445e-08 1.19806e-08 2.04146e-08 1.88215e-08 1.74543e-08 1.37869e-08 2.23652e-08 1.26126e-08 1.24509e-08 1.19823e-08 1.11356e-08 9.36016e-09 2.11207e-08 2.49339e-08 1.16174e-08 1.05106e-08 1.30049e-08 9.73587e-09 1.16633e-08 1.36214e-08 1.1749e-08 2.01186e-08 1.14769e-08 1.07995e-08 9.34803e-09 8.92578e-09 7.06371e-09 6.12683e-09 4.94724e-09
threshold=-0.0021367392770927991 0.57926250000000012 -0.0038134325387124768 0.030520869534186233 0.041155305952998412 -0.0014285830535689097 -0.25686799999999993 6147900.0000000009 0.14520550000000002 0.14577900000000002 4.6850867851096121 0.0041278594019459941 0.16589800000000002 0.10037083433503736 4.7044598343083956 2416500.0000000005 0.031747346417480171 0.0017467982093234008 -0.01955121479994355 -0.010526943784388664 -0.0022806467878944523 5.1503645132828817 4.7287960423271995 0.0046595873535951468 0.00062666933607052379 0.89728200000000002 62.080156312656221 0.0010123294644331044 0.0020000457763672441 8123350.0000000009
decision_type=2 2 2 2 2 2 2 2 2 2 2 2 2 2 2 2 2 2 2 2 2 2 2 2 2 2 2 2 2 2
left_child=1 -1 4 6 5 10 7 -4 29 -7 -3 -8 18 15 -15 -14 17 -17 -2 20 -20 22 25 -23 -24 27 -16 -21 -26 -5
right_child=12 2 3 8 -6 9 11 -9 -10 -11 -12 -13 13 14 26 16 -18 -19 19 21 -22 23 24 -25 28 -27 -28 -29 -30 -31
leaf_value=4.3377025896518257e-06 4.2231824756657134e-06 2.5230397373629137e-06 4.0181765882607575e-06 1.643050896810954e-06 -6.5913761194348222e-06 -6.4761370435917333e-06 -1.1016860253758947e-05 -8.7703067602173941e-06 -4.1819717239377493e-06 3.866223659863201e-06 1.2657425083619142e-05 -4.1219670144843746e-06 5.1397451674262127e-06 1.1786377518287085e-05 4.5899745184994701e-06 1.0117159085609727e-06 2.9838508922352957e-06 -7.9550033814411038e-06 -1.1308698835819085e-05 3.0268055663132794e-06 -1.1317884635555574e-06 4.6361516078482403e-07 -8.7795680575950155e-06 9.3027950629220862e-06 1.4875275885515293e-06 5.5673121953721714e-06 -3.1214822001857102e-06 -4.5832978457838175e-06 -4.9211310501744201e-06 8.2358513182612114e-06
leaf_weight=32 35 21 32 21 22 20 37 20 21 22 21 49 24 35 35 24 24 37 20 21 29 39 34 20 25 36 22 23 29 20
leaf_count=32 35 21 32 21 22 20 37 20 21 22 21 49 24 35 35 24 24 37 20 21 29 39 34 20 25 36 22 23 29 20
internal_value=3.93442e-14 -8.19245e-07 -1.35853e-06 -2.72513e-06 1.21994e-06 3.26576e-06 -4.7567e-06 -9.00471e-07 1.79677e-06 -1.05871e-06 7.59023e-06 -7.08837e-06 5.4083e-07 2.13638e-06 5.48369e-06 -6.88877e-07 -2.33461e-06 -4.42711e-06 -4.90377e-07 -1.08811e-06 -5.28563e-06 -1.82038e-07 -1.46107e-06 3.45995e-06 -4.59125e-06 1.98213e-06 1.61362e-06 -9.51203e-07 -1.95416e-06 4.85905e-06
internal_weight=850 338 306 200 106 84 138 52 62 42 42 86 512 201 92 109 85 61 311 276 49 227 168 59 88 80 57 44 54 41
internal_count=850 338 306 200 106 84 138 52 62 42 42 86 512 201 92 109 85 61 311 276 49 227 168 59 88 80 57 44 54 41
is_linear=0
shrinkage=0.3


Tree=219
num_leaves=23
num_cat=0
split_feature=3 26 3 0 27 1 17 6 4 4 20 12 4 5 22 18 14 7 4 5 17 21
split_gain=5.31263e-09 9.03765e-09 8.55937e-09 1.04867e-08 7.68765e-09 6.81052e-09 1.05902e-08 1.14062e-08 9.12481e-09 3.94318e-08 1.17638e-08 1.51656e-08 1.10591e-08 1.11926e-08 1.0491e-08 7.58989e-09 6.66986e-09 1.09286e-08 6.50378e-09 6.50042e-09 5.53031e-09 4.37022e-09
threshold=5.2078721523284921 0.92483200000000021 5.1315364837646493 5.0938399867588195 0.92305450000000011 4.5480313939990902 0.0050104544996179669 -1.0000000180025095e-35 4429250.0000000009 4853200.0000000009 0.84826600000000008 -0.0052385159267584174 4191200.0000000005 -0.014485566230869683 0.042110500000000002 0.37504896732432647 0.021317866279006146 0.011364137188788722 7204400.0000000009 0.0035292396800090256 0.0086730566399214025 0.040898000000000011
decision_type=2 2 2 2 2 2 2 2 2 2 2 2 2 2 2 2 2 2 2 2 2 2
left_child=2 4 3 5 16 6 7 -1 12 -10 11 -11 13 -7 -12 -15 19 20 -8 -2 -18 -6
right_child=1 -3 -4 -5 21 8 18 -9 9 10 14 -13 -14 15 -16 -17 17 -19 -20 -21 -22 -23
leaf_value=-9.129202863454742e-06 -1.8886286647834536e-06 -6.5866494660090559e-06 5.6370591721588427e-06 -6.4089478606937125e-06 5.702996322329652e-06 6.6899975276360891e-06 3.7383301043353804e-06 -3.7796624126159532e-08 1.248906456167192e-05 8.7111324660327227e-06 3.8257558938110174e-07 8.1485798797005642e-07 -7.1004895874336526e-06 2.0718357865162381e-07 -8.682710791845237e-06 -5.0754035461570057e-06 -8.2615511928452175e-06 2.2108625314233776e-06 -3.0152545280413635e-06 5.0937161927322442e-06 -1.9394409372353038e-06 -3.6056779237014778e-07
leaf_weight=27 30 26 27 21 23 21 33 23 29 25 27 176 21 157 20 29 33 21 21 20 20 20
leaf_count=27 30 26 27 21 23 21 33 23 29 25 27 176 21 157 20 29 33 21 21 20 20 20
internal_value=-1.84417e-14 -1.38379e-06 4.06502e-07 1.82335e-07 -5.73766e-07 4.09621e-07 -1.80109e-06 -4.94716e-06 8.64896e-07 2.02185e-06 7.97857e-07 1.79698e-06 -5.40698e-07 1.24788e-07 -3.47499e-06 -6.16446e-07 -1.77239e-06 -3.58097e-06 1.11194e-06 9.04309e-07 -5.87585e-06 2.88273e-06
internal_weight=850 193 657 630 167 609 104 50 505 277 248 201 228 207 47 186 124 74 54 50 53 43
internal_count=850 193 657 630 167 609 104 50 505 277 248 201 228 207 47 186 124 74 54 50 53 43
is_linear=0
shrinkage=0.3


Tree=220
num_leaves=23
num_cat=0
split_feature=17 21 21 21 10 14 4 9 14 8 10 21 4 9 22 14 26 20 17 0 16 17
split_gain=4.55724e-09 5.67188e-09 1.3501e-08 1.29329e-08 1.15624e-08 7.68213e-09 3.65336e-08 5.55623e-09 7.63553e-09 1.23853e-08 1.07174e-08 8.16515e-09 1.79791e-08 1.33223e-08 8.34492e-09 9.93066e-09 9.59341e-09 6.19483e-09 5.25489e-09 6.57543e-09 5.24326e-09 6.2423e-09
threshold=0.023679516490920292 0.039738000000000002 0.034729500000000003 0.040898000000000011 1.1451611092980525 0.017051517794124036 3906950.0000000005 0.0065809857126401744 0.014644386734071689 -0.00060192747711200207 0.49403939578785877 0.060142000000000008 4616350.0000000009 0.02825034666174351 0.032830000000000005 0.01892019575879398 0.1759165 0.30447250000000009 0.0080808006857207657 4.6408366139398831 0.0081799515225294186 0.0039139056614521123
decision_type=2 2 2 2 2 2 2 2 2 2 2 2 2 2 2 2 2 2 2 2 2 2
left_child=1 2 4 -3 5 6 -1 -5 9 17 -11 12 -10 -14 15 -13 -16 -9 20 -20 21 -7
right_child=-2 3 -4 7 -6 18 -8 8 11 10 -12 14 13 -15 16 -17 -18 -19 19 -21 -22 -23
leaf_value=3.7191518233810159e-06 -3.3520257735679996e-06 8.1323171036729024e-06 -8.1944946959889745e-06 4.7436823024327165e-06 4.4260718943184435e-06 -1.2470849867440847e-07 -1.318986325674379e-05 -8.7109256355688544e-06 1.0571562825134606e-05 4.8195506482784368e-06 -2.8107423519474182e-06 8.5360616094476419e-06 -3.0583443296617426e-06 6.6994705071010678e-06 -3.9733661753321171e-06 9.4389480109854325e-07 2.9280499076181436e-07 -1.7448507364292708e-06 -1.8229384636470057e-06 5.3539346301552842e-06 1.1366853176042469e-06 -7.4477587686901231e-06
leaf_weight=23 35 20 22 25 37 20 23 27 23 30 37 20 34 20 62 69 202 20 20 27 32 22
leaf_count=23 35 20 22 25 37 20 23 27 23 30 37 20 34 20 62 69 202 20 20 27 32 22
internal_value=1.94906e-14 1.43952e-07 -1.13369e-06 6.34185e-07 -3.72231e-07 -1.43533e-06 -4.73536e-06 3.7063e-07 1.69663e-07 -2.01318e-06 6.05807e-07 7.48371e-07 3.54742e-06 5.55661e-07 1.37813e-07 2.65e-06 -7.09099e-07 -5.74664e-06 -1.80772e-07 2.29995e-06 -1.75636e-06 -3.96059e-06
internal_weight=850 815 226 589 204 167 46 569 544 114 67 430 77 54 353 89 264 47 121 47 74 42
internal_count=850 815 226 589 204 167 46 569 544 114 67 430 77 54 353 89 264 47 121 47 74 42
is_linear=0
shrinkage=0.3


Tree=221
num_leaves=26
num_cat=0
split_feature=1 1 2 20 20 18 21 26 5 7 16 1 16 11 7 14 13 27 12 12 14 7 16 10 27
split_gain=3.35804e-09 9.32956e-09 7.37701e-09 6.68206e-09 6.70844e-09 1.28558e-08 1.9377e-08 1.16144e-08 9.48266e-09 9.1204e-09 7.51241e-09 8.54132e-09 7.4611e-09 9.20719e-09 7.03431e-09 9.39102e-09 1.4524e-08 6.13291e-09 1.16803e-08 1.96116e-08 1.04023e-08 7.36586e-09 4.95614e-09 4.74424e-09 3.80851e-09
threshold=5.2285199192523502 5.2674657507504223 5.0244802575537477 0.012709500000000002 0.30792100000000006 0.41304642601080371 0.11954150000000001 0.58625150000000004 -0.002046961470181559 -0.011904824381018815 0.010434870591207892 4.5523630299114473 0.0023094789783017085 39.999816495311016 -0.0076926732270087804 0.019111759146066446 0.017291731200244187 0.80394900000000014 0.0033943752173959886 -0.00072188771258571011 0.029271731681057848 -0.0016260862389742899 0.0015861130241660115 1.1196324008252909 0.66342800000000002
decision_type=2 2 2 2 2 2 2 2 2 2 2 2 2 2 2 2 2 2 2 2 2 2 2 2 2
left_child=2 -2 3 -1 9 7 -7 8 -6 12 11 -9 -5 -14 -11 16 -16 21 19 20 -19 -3 -20 -17 -10
right_child=1 17 -4 4 5 6 -8 10 24 14 -12 -13 13 -15 15 23 -18 18 22 -21 -22 -23 -24 -25 -26
leaf_value=5.1721242569961445e-06 -7.0380470268511473e-06 6.856911472019611e-06 5.872271355704989e-06 -7.818901129515627e-06 8.3372597146080807e-06 9.8154679376834374e-06 -1.2571739148370397e-06 -7.5697503490346201e-06 3.3123654149043749e-06 5.1856552675287406e-06 3.7659828450387064e-06 -1.2147833565039246e-06 -6.5599583808761964e-06 1.8070237553831309e-06 -3.0060474834470162e-06 -1.3072925619646358e-06 4.1982459601290901e-06 2.8760089458993815e-06 -5.1892134901468772e-07 -1.0004670827713978e-05 -4.9137304263998276e-06 -2.5588023220279862e-07 6.0798056415478637e-06 -5.711242748215487e-06 -2.3481292021187979e-06
leaf_weight=23 21 20 21 27 22 33 25 24 23 21 20 92 20 29 40 103 68 36 21 28 27 38 20 28 20
leaf_count=23 21 20 21 27 22 33 25 24 23 21 20 92 20 29 40 103 68 36 21 28 27 38 20 28 20
internal_value=-1.66505e-14 -1.03768e-06 3.42646e-07 1.54746e-07 -3.92033e-08 1.10814e-06 5.04278e-06 -2.72283e-08 3.27141e-06 -9.23614e-07 -1.60378e-06 -2.5296e-06 -3.81455e-06 -1.60807e-06 -7.85706e-08 -5.41118e-07 1.52999e-06 -3.74482e-07 -1.50429e-06 -3.39852e-06 -4.62451e-07 2.19681e-06 2.69997e-06 -2.24859e-06 6.79577e-07
internal_weight=850 211 639 618 595 259 58 201 65 336 136 116 76 49 260 239 108 190 132 91 63 58 41 131 43
internal_count=850 211 639 618 595 259 58 201 65 336 136 116 76 49 260 239 108 190 132 91 63 58 41 131 43
is_linear=0
shrinkage=0.3


Tree=222
num_leaves=18
num_cat=0
split_feature=15 11 4 15 5 21 27 10 16 16 22 3 19 5 27 4 9
split_gain=3.85725e-09 9.59359e-09 1.04568e-08 6.62399e-09 1.16561e-08 2.07604e-08 9.56854e-09 8.44843e-09 5.71579e-09 8.97527e-09 9.91557e-09 6.07704e-09 7.34012e-09 6.7023e-09 5.31562e-09 5.03707e-09 4.99451e-09
threshold=0.021199261351965221 75.788186311978322 8232350.0000000009 0.010288104806842262 0.0087108709612459274 0.074295000000000014 0.82050250000000013 1.201853585972338 0.015226452468135677 0.012257406663506982 0.17110650000000002 5.8106026649475107 0.72352000000000005 -0.019418075114363994 0.83358900000000002 3769650.0000000005 0.015773436329643269
decision_type=2 2 2 2 2 2 2 2 2 2 2 2 2 2 2 2 2
left_child=3 2 -2 4 8 -6 -5 16 9 11 -11 12 13 -1 -10 -14 -8
right_child=1 -3 -4 6 5 -7 7 -9 14 10 -12 -13 15 -15 -16 -17 -18
leaf_value=3.3656523825931023e-06 -3.8691406865609683e-06 7.3195007396200461e-06 4.4383767119597904e-06 -6.6223479883185311e-06 1.0288521588740373e-05 -1.2713434386533852e-06 -5.6843427333756852e-06 3.8919284730372265e-06 -5.8341159956398765e-08 7.6050753485950349e-06 -1.0185424810365312e-06 -4.4119152921813371e-06 7.6674878560619876e-07 -5.488405062718041e-08 -6.8160045419641716e-06 -4.1062585660256446e-06 8.9951433577896611e-08
leaf_weight=61 30 22 25 33 27 29 26 26 20 28 21 31 28 333 22 60 28
leaf_count=61 30 22 25 33 27 29 26 26 20 28 21 31 28 333 22 60 28
internal_value=1.64637e-15 2.02486e-06 -9.29964e-08 -2.017e-07 1.61678e-07 4.30216e-06 -2.32409e-06 -5.51052e-07 -2.22208e-07 3.00804e-08 3.90924e-06 -3.40444e-07 -7.85854e-08 4.74691e-07 -3.59807e-06 -2.55576e-06 -2.69026e-06
internal_weight=850 77 55 773 660 56 113 80 604 562 49 513 482 394 42 88 54
internal_count=850 77 55 773 660 56 113 80 604 562 49 513 482 394 42 88 54
is_linear=0
shrinkage=0.3


Tree=223
num_leaves=24
num_cat=0
split_feature=7 7 8 11 21 14 21 7 17 14 21 21 9 18 18 15 17 27 14 9 27 12 19
split_gain=3.54488e-09 6.33975e-09 4.26951e-09 1.32947e-08 2.37406e-08 1.08171e-08 1.5643e-08 1.02935e-08 1.01269e-08 8.26227e-09 9.29914e-09 9.35791e-09 6.00145e-09 4.77966e-09 1.01835e-08 7.46934e-09 6.70723e-09 7.10127e-09 7.57982e-09 6.72165e-09 4.15691e-09 3.891e-09 3.09521e-09
threshold=0.035746297788410444 0.022372878459104253 0.021266272926165914 53.846132433382444 0.045711000000000009 0.018793075001858697 0.045958500000000006 0.0042284173826080537 1.0000000180025095e-35 0.022448909089051314 0.10916200000000001 0.031374500000000007 0.024105789521419032 -0.4174724052346846 -0.5877160350737537 -1.0000000180025095e-35 0.001586162322713112 0.64647350000000015 0.012332991990728978 0.016082360581913143 0.91063850000000013 0.0041018429345601615 0.031354000000000007
decision_type=2 2 2 2 2 2 2 2 2 2 2 2 2 2 2 2 2 2 2 2 2 2 2
left_child=1 2 3 13 -5 6 -4 22 -7 -10 11 -11 -12 14 15 -1 19 -18 -19 -15 -3 -8 -6
right_child=-2 20 5 4 7 8 21 -9 9 10 12 -13 -14 16 -16 -17 17 18 -20 -21 -22 -23 -24
leaf_value=2.4827799895395705e-06 3.5194088909520358e-06 -5.516259468751535e-06 -1.0859282448499082e-05 1.0627478527860676e-05 -4.9778714287640469e-06 6.124731048373633e-06 -3.14181802000998e-06 5.8607609584474366e-06 3.9937513002800627e-06 -4.4983847089952174e-08 4.50781870404171e-06 -7.7914401586554043e-06 -1.6543905187208192e-06 -6.0496180080118955e-06 5.6630896139992994e-06 -3.7657630174563068e-06 4.3382859598750655e-06 -6.0020231631239893e-06 -2.935729235285724e-08 2.4460389209497615e-07 -1.9323041694255372e-07 2.1036473367530562e-06 2.3687709926889511e-07
leaf_weight=36 25 31 21 31 20 24 35 21 29 25 25 32 33 37 37 33 30 21 214 26 23 20 21
leaf_count=36 25 31 21 31 20 24 35 21 29 25 25 32 33 37 37 33 30 21 214 26 23 20 21
internal_value=-1.96022e-14 -1.06649e-07 1.13441e-07 5.93807e-07 3.84887e-06 -9.24071e-07 -3.89389e-06 4.59564e-07 4.19418e-07 -5.31467e-07 -1.67261e-06 -4.39387e-06 1.00173e-06 -1.03706e-07 1.64759e-06 -5.05654e-07 -6.69672e-07 -8.21271e-09 -5.63085e-07 -3.452e-06 -3.24904e-06 -1.23438e-06 -2.3069e-06
internal_weight=850 825 771 527 93 244 76 62 168 144 115 57 58 434 106 69 328 265 235 63 54 55 41
internal_count=850 825 771 527 93 244 76 62 168 144 115 57 58 434 106 69 328 265 235 63 54 55 41
is_linear=0
shrinkage=0.3


Tree=224
num_leaves=25
num_cat=0
split_feature=13 28 26 19 13 4 4 18 1 18 9 19 20 11 12 15 18 8 28 2 5 20 4 14
split_gain=3.01478e-09 9.55636e-09 1.16909e-08 1.42718e-08 6.31765e-09 5.48554e-09 1.11443e-08 8.22115e-09 8.19184e-09 7.12525e-09 9.49878e-09 9.65249e-09 8.27206e-09 9.15155e-09 5.86769e-09 7.1708e-09 5.22354e-09 6.89878e-09 5.29203e-09 5.03744e-09 4.82915e-09 4.36583e-09 4.15105e-09 3.96091e-09
threshold=0.016228007190656663 1.0000000180025095e-35 0.69967100000000004 0.13250900000000002 0.017613722298805121 4819000.0000000009 5065150.0000000009 0.3334071318005648 4.585400457265739 0.11315601241399345 0.020993914752453265 -0.32052699999999995 0.028687000000000004 67.530457980091214 -0.0045566707563404569 -0.011976084218941233 -0.95309064340415417 0.010320155368737127 1.0000000180025095e-35 4.4427096592448132 0.0082051715727937801 0.34227750000000007 8580250.0000000019 0.017252693873808594
decision_type=2 2 2 2 2 2 2 2 2 2 2 2 2 2 2 2 2 2 2 2 2 2 2 2
left_child=1 2 3 -1 -2 8 -7 9 19 12 -11 -12 -8 -14 -9 -16 -10 20 23 -6 21 -18 -17 -19
right_child=4 -3 -4 -5 5 6 7 14 16 10 11 -13 13 -15 15 22 17 18 -20 -21 -22 -23 -24 -25
leaf_value=1.2090596783309591e-06 -4.0921254878867334e-06 -3.2891220273865786e-06 -1.0679046480992624e-06 1.1787514730795838e-05 -5.3191391344853402e-07 7.1668200214183092e-06 4.6532157986283499e-06 -5.2733620997248087e-06 2.0270213340154439e-06 8.9228846070949171e-06 -3.3886191141618838e-06 5.9319190481232903e-06 -1.7808326203651501e-06 2.9178041033268751e-06 4.0214251432644229e-06 -3.5738241369752075e-06 -4.0145163320235236e-06 -6.0719324275331533e-06 -8.6569566035351542e-06 6.0465516173735525e-06 3.0024801609280462e-06 4.6861306565367207e-07 2.2302668692366122e-08 -4.3023829974231372e-07
leaf_weight=24 36 28 34 22 22 22 35 29 25 23 20 20 126 53 25 52 46 21 23 20 21 34 65 24
leaf_count=24 36 28 34 22 22 22 35 29 25 23 20 20 126 53 25 52 46 21 23 20 21 34 65 24
internal_value=-1.26042e-14 1.48091e-06 3.15042e-06 6.26832e-06 -2.15551e-07 -1.78783e-08 5.74686e-07 2.50966e-07 -1.19799e-06 1.2607e-06 4.06496e-06 1.27165e-06 4.35146e-07 -3.89616e-07 -1.38468e-06 -5.90518e-07 -2.02038e-06 -2.61911e-06 -4.95509e-06 2.60069e-06 -1.04636e-06 -2.10919e-06 -1.57598e-06 -3.06303e-06
internal_weight=850 108 80 46 742 706 470 448 236 277 63 40 214 179 171 142 194 169 68 42 101 80 117 45
internal_count=850 108 80 46 742 706 470 448 236 277 63 40 214 179 171 142 194 169 68 42 101 80 117 45
is_linear=0
shrinkage=0.3


Tree=225
num_leaves=22
num_cat=0
split_feature=8 8 10 6 11 7 11 14 6 14 19 14 20 16 16 20 14 9 10 15 8
split_gain=3.2417e-09 7.95381e-09 4.99396e-09 6.44829e-09 4.46762e-09 1.06517e-08 6.1814e-09 5.10253e-09 1.37997e-08 1.16443e-08 9.70052e-09 8.18169e-09 7.6036e-09 7.0577e-09 5.9367e-09 5.75291e-09 7.02221e-09 8.49626e-09 6.18359e-09 4.70968e-09 3.77005e-09
threshold=0.065558087893866204 0.074370531186543978 1.3636747909126992 0.0051205681397085345 68.518573426799449 0.0044346259262258879 65.514064560350278 0.018793075001858697 0.014122318116620526 0.017051517794124036 -0.83152849999999989 0.022049798968438346 0.26954950000000005 0.0042553152634363066 0.0041797288201348261 0.7919885000000001 0.024999975661437211 0.017529591170492121 -0.060094392401776935 -0.011843074194448263 -0.11146829398673769
decision_type=2 2 2 2 2 2 2 2 2 2 2 2 2 2 2 2 2 2 2 2 2
left_child=4 -2 3 -3 6 -6 7 8 9 10 14 12 -9 -12 -1 16 17 -13 19 -17 -18
right_child=1 2 -4 -5 5 -7 -8 11 -10 -11 13 15 -14 -15 -16 18 20 -19 -20 -21 -22
leaf_value=-1.2662911785810137e-08 -6.7959934913882791e-06 -1.578496951004166e-06 -2.9491220716943857e-06 5.6925402690564755e-06 -1.008282274976106e-06 6.5141483259201216e-06 -4.0236407753272115e-06 -6.6565963365405876e-06 8.0961136043278256e-06 5.8177945053472508e-06 -1.2459739615237458e-07 1.3336530840838943e-07 1.5862923372804531e-07 -4.6076313849326926e-06 7.0392513748629424e-06 -3.3744208622010775e-06 -3.4147938185924429e-06 8.3797983739424865e-06 -5.7537250362266993e-06 2.5896036924258132e-06 4.9491891271565804e-07
leaf_weight=21 21 23 34 21 36 32 33 34 24 32 101 23 26 46 22 22 25 22 28 26 198
leaf_count=21 21 23 34 21 36 32 33 34 24 32 101 23 26 46 22 22 25 22 28 26 198
internal_value=7.35161e-15 -1.61362e-06 -2.18362e-07 1.89177e-06 2.12714e-07 2.53169e-06 -1.81647e-08 1.8519e-07 1.26235e-06 5.23566e-07 -3.68094e-07 -4.70705e-07 -3.70333e-06 -1.52745e-06 3.59529e-06 9.31256e-08 7.46444e-07 4.16495e-06 -2.21068e-06 -1.43908e-07 5.66103e-08
internal_weight=850 99 78 44 751 68 683 650 246 222 190 404 60 147 43 344 268 45 76 48 223
internal_count=850 99 78 44 751 68 683 650 246 222 190 404 60 147 43 344 268 45 76 48 223
is_linear=0
shrinkage=0.3


Tree=226
num_leaves=23
num_cat=0
split_feature=3 2 14 2 22 15 2 5 5 21 2 20 9 15 16 10 19 19 14 21 5 10
split_gain=2.50646e-09 4.90646e-09 7.60262e-09 9.4823e-09 6.77168e-09 4.88381e-09 7.12142e-09 5.65261e-09 1.96127e-08 6.29046e-09 1.04218e-08 1.07188e-08 5.93888e-09 8.05484e-09 6.39557e-09 1.03863e-08 6.93031e-09 4.41033e-09 4.10529e-09 3.2122e-09 3.59353e-09 3.74989e-09
threshold=5.2078721523284921 5.5174324108636164 0.024867449490382821 5.7917995323599367 0.39692400000000005 0.021199261351965221 4.5346575731110876 0.010115583664990166 0.0082051715727937801 0.79209150000000006 4.5201867151161546 0.074549500000000005 0.0081533053034522299 -0.0020703508433429405 0.0075471623421736241 0.84982184531564764 -0.88341149999999991 0.15979900000000005 0.037658769218412179 0.039321000000000009 0.018025405158879782 0.8829118586314032
decision_type=2 2 2 2 2 2 2 2 2 2 2 2 2 2 2 2 2 2 2 2 2 2
left_child=5 4 3 -3 17 7 -7 8 9 12 -11 -12 13 -1 16 -16 -14 -2 -4 -9 21 -21
right_child=1 2 18 -5 -6 6 -8 19 -10 10 11 -13 14 -15 15 -17 -18 -19 -20 20 -22 -23
leaf_value=-8.0522704092800254e-06 1.8178833417752886e-06 1.1829973800558946e-06 4.8710276523840595e-06 -6.6540580661467176e-06 -6.964322951219514e-06 -3.8317591216241451e-07 6.8516331268142492e-06 -4.9128769427616482e-06 9.2058728589770244e-06 -2.8096452422232687e-06 4.0020538563112493e-07 9.8963834642270971e-06 3.8217424050452466e-06 -6.4721565812019521e-07 -1.977836318616255e-07 -6.7347619839048482e-06 7.7723582890520156e-08 -3.5101866442659981e-06 -3.883768489355465e-07 -5.6718026422686311e-06 1.8759637923722037e-06 -1.6053454339726159e-07
leaf_weight=20 27 33 34 24 24 25 24 26 22 20 20 23 59 39 100 28 181 29 22 20 25 25
leaf_count=20 27 33 34 24 24 25 24 26 22 20 20 23 59 39 100 28 181 29 22 20 25 25
internal_value=1.12193e-14 -9.50488e-07 3.22232e-07 -2.11682e-06 -2.7482e-06 2.79215e-07 3.1604e-06 4.70137e-08 4.43104e-07 4.9674e-08 2.84806e-06 5.47956e-06 -3.63203e-07 -3.1574e-06 8.47801e-08 -1.62775e-06 9.98128e-07 -9.41296e-07 2.80483e-06 -2.06547e-06 -1.00786e-06 -2.60999e-06
internal_weight=850 193 113 57 80 657 49 608 512 490 63 43 427 59 368 128 240 56 56 96 70 45
internal_count=850 193 113 57 80 657 49 608 512 490 63 43 427 59 368 128 240 56 56 96 70 45
is_linear=0
shrinkage=0.3


Tree=227
num_leaves=15
num_cat=0
split_feature=20 12 7 10 4 17 17 10 15 3 22 17 17 6
split_gain=2.78819e-09 8.06086e-09 1.8467e-08 7.79596e-09 8.24248e-09 5.71436e-09 6.96951e-09 3.86414e-09 4.14034e-09 3.36204e-09 2.87086e-09 3.3378e-09 3.8868e-09 4.53485e-09
threshold=0.7892300000000001 -0.00089992108477350791 -0.0097816194895147292 -0.15447448466466476 6468250.0000000009 0.0019801567029798873 0.0048781344096844566 2.1132229765079296 0.02657271137400101 5.8450112342834482 0.0099465000000000022 0.022930611137725029 0.018437944264686954 -0.030719855961455152
decision_type=2 2 2 2 2 2 2 2 2 2 2 2 2 2
left_child=7 3 -3 4 -2 -4 -7 8 9 10 -1 12 13 -12
right_child=1 2 5 -5 -6 6 -8 -9 -10 -11 11 -13 -14 -15
leaf_value=-3.5700383112465974e-06 -2.7668483768783504e-06 1.0104841999236669e-05 4.8864149897553945e-06 -6.3170150104951965e-06 4.2812494317130095e-06 -5.5026425741289126e-06 1.517639404775244e-06 -4.3879834396420848e-06 3.8909666210946107e-06 -3.1109080490902366e-06 3.9508347076662178e-06 3.2573183716522183e-06 -3.9765926005755949e-06 -1.9001911647116216e-07
leaf_weight=21 32 24 20 20 28 20 35 20 22 36 25 27 23 497
leaf_count=21 32 24 20 20 28 20 35 20 22 36 25 27 23 497
internal_value=8.08702e-15 1.05198e-06 2.86171e-06 -1.18756e-06 5.22264e-07 5.43904e-07 -1.03519e-06 -2.80633e-07 -1.54447e-07 -2.9594e-07 -1.25048e-07 1.4289e-09 -1.59872e-07 8.29764e-09
internal_weight=850 179 99 80 60 75 55 671 651 629 593 572 545 522
internal_count=850 179 99 80 60 75 55 671 651 629 593 572 545 522
is_linear=0
shrinkage=0.3


Tree=228
num_leaves=26
num_cat=0
split_feature=26 26 4 26 18 11 13 18 4 1 13 7 14 4 4 20 6 20 7 9 7 6 5 14 5
split_gain=2.88024e-09 1.0604e-08 1.02645e-08 9.1768e-09 2.75915e-08 5.94024e-09 5.24844e-09 5.48194e-09 8.89849e-09 1.82058e-08 9.37858e-09 7.76612e-09 4.87612e-09 4.40979e-09 1.13355e-08 1.09159e-08 9.51879e-09 5.70752e-09 5.14266e-09 4.35315e-09 4.6199e-09 4.33787e-09 6.72913e-09 4.55873e-09 3.96266e-09
threshold=0.89017450000000009 0.89888300000000021 1997050.0000000002 0.85852150000000005 0.26558202531599645 48.214354092550458 0.017073211514127013 -0.5396960121134724 8344750.0000000009 5.0544168520170318 0.028312011111108516 -0.0022806467878944523 0.026754782902514419 4685700.0000000009 5019450.0000000009 0.60733450000000011 -0.0061100348815364925 0.10982500000000002 0.028872224229367957 0.0084355502758858055 0.010115583664990166 0.0042463214805937609 0.007286089573392873 0.042398547297460516 0.0020533799517048986
decision_type=2 2 2 2 2 2 2 2 2 2 2 2 2 2 2 2 2 2 2 2 2 2 2 2 2
left_child=2 -2 24 13 5 -5 -3 12 9 11 -10 -9 -8 15 -15 16 17 -4 21 -18 -21 23 -23 -16 -1
right_child=1 6 3 4 -6 -7 7 8 10 -11 -12 -13 -14 14 18 -17 19 -19 -20 20 -22 22 -24 -25 -26
leaf_value=-7.3065464812316345e-06 -7.5167848214618969e-06 4.0987338831076736e-06 5.1048142609033669e-07 -4.1768918913476224e-06 1.2653544138303955e-05 2.8236051655028406e-06 5.4351840227744625e-06 -4.60084130580185e-06 6.3045373248574563e-06 -1.1497021755531023e-05 -1.9065550253388561e-06 1.8223581491838557e-06 -1.1100559004262321e-06 -7.1273863795795471e-06 -5.5526602285685503e-07 7.0274085773449871e-06 2.6729471517228375e-06 7.512820647289944e-06 4.6025364310610585e-06 -3.8074772968478632e-06 1.450346342478172e-06 2.8700301932014572e-06 -1.5996055321920722e-06 -4.7657774517675641e-06 -1.3346139033387772e-06
leaf_weight=20 20 22 20 20 22 24 21 32 21 20 31 36 20 21 162 27 20 22 21 53 21 77 50 27 20
leaf_count=20 20 22 20 20 22 24 21 32 21 20 31 36 20 21 162 27 20 22 21 53 21 77 50 27 20
internal_value=6.78547e-15 -9.25992e-07 3.2934e-07 6.462e-07 3.97889e-06 -3.58439e-07 -2.76653e-07 -8.08468e-07 -1.70193e-06 -3.54048e-06 1.40946e-06 -1.20032e-06 2.24238e-06 2.24017e-07 -3.64913e-07 1.51749e-06 4.23615e-07 4.17837e-06 5.64873e-08 -1.25404e-06 -2.31539e-06 -2.45624e-07 1.11033e-06 -1.15677e-06 -4.32058e-06
internal_weight=850 223 627 587 66 44 203 181 140 88 52 68 41 521 358 163 136 42 337 94 74 316 127 189 40
internal_count=850 223 627 587 66 44 203 181 140 88 52 68 41 521 358 163 136 42 337 94 74 316 127 189 40
is_linear=0
shrinkage=0.3


Tree=229
num_leaves=18
num_cat=0
split_feature=19 26 12 8 4 10 6 6 6 11 26 27 4 14 6 5 17
split_gain=2.74633e-09 7.60304e-09 3.80389e-09 4.42286e-09 6.85096e-09 3.97881e-09 5.90969e-09 1.43613e-08 6.72268e-09 7.82067e-09 6.02823e-09 5.22045e-09 4.92244e-09 7.65466e-09 6.16376e-09 5.70679e-09 2.25222e-09
threshold=-0.95380799999999988 0.94318050000000009 0.011372277464437227 0.065558087893866204 7397350.0000000009 -0.52234269072774875 0.012796743152923009 0.01665733000309395 0.0020810799872742645 43.364805539761377 0.84539700000000007 0.90848750000000011 15845150.000000002 0.027525205577819494 -0.016895817826351849 -0.012698731032248918 0.0064882381853232354
decision_type=2 2 2 2 2 2 2 2 2 2 2 2 2 2 2 2 2
left_child=-1 2 3 5 -5 12 8 -8 9 -7 -9 -10 13 15 -15 -2 -6
right_child=1 -3 -4 4 16 6 7 10 11 -11 -12 -13 -14 14 -16 -17 -18
leaf_value=3.4738609326723236e-06 4.4297091535554501e-06 -4.5458961287956548e-06 4.1861425634692748e-06 -5.345188205464022e-06 -1.821599808884209e-06 5.3881658054840097e-06 1.0060317241027405e-05 2.8032615584958243e-06 -3.3386745315056032e-06 4.4985654507330244e-07 -3.3105502877463422e-06 7.1217082825114632e-07 3.8582034915179977e-06 -7.0778358655423698e-06 -1.6684973679405499e-06 -5.2579740374980586e-07 2.4711022379361483e-06
leaf_weight=20 25 33 20 34 22 34 20 47 67 191 21 50 20 26 70 128 22
leaf_count=20 25 33 20 34 22 34 20 47 67 191 21 50 20 26 70 128 22
internal_value=2.56422e-15 -8.37075e-08 1.01051e-07 -4.09974e-09 -2.14676e-06 2.34995e-07 8.01106e-07 2.99361e-06 2.36952e-07 1.19609e-06 9.15173e-07 -1.60754e-06 -6.6994e-07 -1.03365e-06 -3.13353e-06 2.83926e-07 3.24751e-07
internal_weight=850 830 797 777 78 699 430 88 342 225 68 117 269 249 96 153 44
internal_count=850 830 797 777 78 699 430 88 342 225 68 117 269 249 96 153 44
is_linear=0
shrinkage=0.3


Tree=230
num_leaves=30
num_cat=0
split_feature=5 15 9 4 4 22 9 11 27 17 14 26 4 16 9 18 27 7 7 7 1 12 20 5 20 14 7 12 22
split_gain=2.36484e-09 9.71947e-09 2.24309e-08 6.44689e-09 1.01085e-08 1.00613e-08 4.3308e-09 4.47828e-09 4.29332e-09 4.85187e-09 3.99237e-09 9.45202e-09 9.94798e-09 1.23221e-08 1.16871e-08 4.83407e-09 6.34254e-09 7.30359e-09 4.19239e-09 4.58964e-09 4.08996e-09 3.92213e-09 3.91299e-09 9.19914e-09 9.03113e-09 7.3822e-09 4.29176e-09 3.66243e-09 3.25065e-09
threshold=0.0035292396800090256 0.0020408629973885464 0.013628594796607859 10684850.000000002 8213500.0000000009 0.47728850000000006 0.010983348738174118 57.142931068948606 0.7601730000000001 0.0090255695256688338 0.016521345351063647 0.25388800000000006 3662700.0000000005 0.0056179273621654964 0.012485036673524469 0.3707509078807632 0.80103600000000019 -0.0043058597456040858 0.023555696815784389 0.014122318116620526 4.7457759446606538 -0.00021250425347070127 0.028713000000000006 -0.010080998921954729 0.077475000000000002 0.01892019575879398 0.0019902438648898443 0.00016691080644103896 0.5586135000000001
decision_type=2 2 2 2 2 2 2 2 2 2 2 2 2 2 2 2 2 2 2 2 2 2 2 2 2 2 2 2 2
left_child=10 2 -2 4 6 -5 7 27 -8 28 11 -1 20 14 -14 18 -17 -18 19 22 -13 -19 23 -12 26 -26 -24 -3 -10
right_child=1 3 -4 5 -6 -7 8 -9 9 -11 15 12 13 -15 -16 16 17 21 -20 -21 -22 -23 24 -25 25 -27 -28 -29 -30
leaf_value=2.5139785800486089e-06 -2.247122152994052e-06 2.9467127335790012e-06 1.1791092446498754e-05 -5.6734360581545987e-06 5.1609988899004882e-06 1.9453549824150356e-06 2.1010310689462128e-06 5.6552853817493083e-06 -1.5829342252970946e-06 1.8915608576286973e-06 7.5628247104346379e-06 -1.9691839258939579e-06 -1.3852478894307296e-05 -6.025896009853975e-07 -3.5965423467132495e-06 2.4288024633278836e-06 -7.7292910604724462e-06 1.7977033900768386e-06 -2.9781680808582675e-06 4.94384693183747e-06 3.5692919033181166e-06 -3.8671144579893735e-06 -5.2755928643157606e-06 -1.2154288128840561e-06 6.6430966240562019e-06 4.2765849840227592e-07 2.9376051031704263e-07 -2.7257724491391854e-06 -5.4641076567643343e-06
leaf_weight=37 20 21 21 39 39 26 30 20 52 23 22 30 20 29 20 24 22 22 24 26 20 22 33 21 21 95 20 20 31
leaf_count=37 20 21 21 39 39 26 30 20 52 23 22 30 20 29 20 24 22 22 24 26 20 22 33 21 21 95 20 20 31
internal_value=-8.40614e-15 6.09862e-07 4.94318e-06 1.9609e-08 7.4825e-07 -2.62592e-06 -1.25339e-07 1.97494e-06 -1.06738e-06 -1.96409e-06 -4.10576e-07 -1.6739e-06 -2.97601e-06 -5.31095e-06 -8.72451e-06 1.49304e-07 -1.74756e-06 -3.26623e-06 8.00898e-07 1.18198e-06 2.46206e-07 -1.03471e-06 7.2062e-07 3.27577e-06 7.04925e-08 1.55287e-06 -3.17395e-06 1.79647e-07 -3.03253e-06
internal_weight=850 342 41 301 236 65 197 61 136 106 508 156 119 69 40 352 90 66 262 238 50 44 212 43 169 116 53 41 83
internal_count=850 342 41 301 236 65 197 61 136 106 508 156 119 69 40 352 90 66 262 238 50 44 212 43 169 116 53 41 83
is_linear=0
shrinkage=0.3


Tree=231
num_leaves=16
num_cat=0
split_feature=6 6 21 11 11 22 17 15 3 1 16 16 9 13 10
split_gain=2.61399e-09 5.33924e-09 5.28743e-09 3.24487e-09 4.12266e-09 3.31369e-09 3.07282e-09 3.94142e-09 8.06526e-09 3.3134e-09 3.27941e-09 5.54233e-09 3.60442e-09 3.16765e-09 2.24098e-09
threshold=0.014315257042738281 0.01223254865501114 0.026284500000000006 76.105091445498644 41.607995754184465 0.41344300000000006 0.022930611137725029 0.021199261351965221 4.7735815048217782 5.937130604686673 0.015628079537260725 0.012358394682635655 0.043328762530835695 0.027682065618720199 1.15340285315027
decision_type=2 2 2 2 2 2 2 2 2 2 2 2 2 2 2
left_child=1 6 -2 4 -4 14 7 9 -9 10 11 12 -1 -13 -6
right_child=2 -3 3 -5 5 -7 -8 8 -10 -11 -12 13 -14 -15 -16
leaf_value=-3.2544059425146536e-07 3.376208372287692e-06 4.6372601674282697e-06 -4.9743312649752617e-06 -4.9345501583957228e-06 -4.3407723191129267e-07 -2.6015886114985353e-06 2.9081460194323552e-06 7.1763415530057273e-06 -3.0108038181516672e-07 3.5055718166177032e-06 -3.154119946356258e-06 4.9316672857457887e-07 -4.0948246009975266e-06 5.8325322197561028e-06 3.6120072603683759e-06
leaf_weight=469 20 24 20 25 28 31 33 20 37 20 37 20 24 20 22
leaf_count=469 20 24 20 25 28 31 33 20 37 20 37 20 24 20 22
internal_value=7.30929e-15 2.39582e-07 -1.15524e-06 -1.87452e-06 -1.11709e-06 -1.64682e-07 8.43694e-08 -5.96563e-08 2.32258e-06 -2.89804e-07 -4.22975e-07 -2.33384e-07 -5.0894e-07 3.16285e-06 1.3462e-06
internal_weight=850 704 146 126 101 81 680 647 57 590 570 533 493 40 50
internal_count=850 704 146 126 101 81 680 647 57 590 570 533 493 40 50
is_linear=0
shrinkage=0.3


Tree=232
num_leaves=27
num_cat=0
split_feature=4 4 10 8 5 20 20 8 19 11 26 13 15 20 20 4 6 21 17 4 23 16 20 4 15 20
split_gain=2.78098e-09 1.36613e-08 3.84293e-09 4.22527e-09 4.9189e-09 8.10326e-09 4.19686e-09 4.09203e-09 3.43585e-09 5.5954e-09 3.08968e-09 2.53977e-09 7.62436e-09 4.18961e-09 4.52827e-09 3.83994e-09 8.7245e-09 1.23112e-08 6.22144e-09 9.3833e-09 7.27173e-09 6.97026e-09 6.19568e-09 3.3502e-09 4.24908e-09 3.18265e-09
threshold=4583200.0000000009 4853200.0000000009 1.3255043574044534 -0.016275398862702555 0.0040899567986331983 0.029501000000000003 0.14375250000000003 -0.02461130254721217 -0.15563549999999995 52.4999935406939 0.8718260000000001 0.01751321658879125 -0.0021692573025563129 0.5151515000000001 0.7892300000000001 6023500.0000000009 0.0065377541854237777 0.49097150000000006 0.004324325254554561 6598650.0000000009 0.29166650000000005 0.0067912434573642383 0.063713000000000006 11893200.000000002 -0.011843074194448263 0.89816600000000013
decision_type=2 2 2 2 2 2 2 2 2 2 2 2 2 2 2 2 2 2 2 2 2 2 2 2 2 2
left_child=2 -2 3 7 5 -5 -6 10 -7 -10 -1 12 -3 15 -15 16 17 -13 20 -20 22 -21 -17 24 -16 -26
right_child=1 11 -4 4 6 8 -8 -9 9 -11 -12 13 -14 14 23 18 -18 -19 19 21 -22 -23 -24 -25 25 -27
leaf_value=1.050883547382142e-06 6.8578753208774807e-06 2.3082372349976633e-06 -3.6867352166934452e-06 6.1740809935774722e-06 -4.8184969534190704e-06 -2.0685010366759269e-06 3.3462714206031953e-07 -5.7895002758609087e-06 4.4196013078590115e-06 -9.9772974291792356e-07 -3.4520089400302822e-06 4.6901150574285573e-06 -5.0445622088091114e-06 -4.0739073234265434e-06 -2.6582421531367634e-06 2.3619902723859746e-06 8.1101191767629647e-06 -4.6532020271363516e-06 -6.9008514392976389e-06 -1.8179985497468465e-06 6.0999921416282624e-06 2.3708734479654934e-06 -3.942344678762311e-06 -3.2762813393970722e-06 5.1750376184957399e-06 4.5064307517929014e-07
leaf_weight=32 28 22 35 26 25 37 33 21 32 37 24 30 30 35 22 47 20 22 20 81 30 64 20 23 21 33
leaf_count=32 28 22 35 26 25 37 33 21 32 37 24 30 30 35 22 47 20 22 20 81 30 64 20 23 21 33
internal_value=1.60305e-14 4.02832e-07 -7.30967e-07 -3.43507e-07 4.16227e-07 1.42805e-06 -1.88655e-06 -2.21817e-06 2.63931e-07 1.51466e-06 -8.78928e-07 5.52531e-08 -1.93376e-06 2.76255e-07 -1.14086e-06 8.44799e-07 2.78521e-06 7.37173e-07 3.11555e-07 -8.09327e-07 2.21821e-06 3.08829e-08 4.80099e-07 -1.03927e-07 8.56127e-07 2.28791e-06
internal_weight=850 548 302 267 190 132 58 77 106 69 56 520 52 468 134 334 72 52 262 165 97 145 67 99 76 54
internal_count=850 548 302 267 190 132 58 77 106 69 56 520 52 468 134 334 72 52 262 165 97 145 67 99 76 54
is_linear=0
shrinkage=0.3


Tree=233
num_leaves=31
num_cat=0
split_feature=26 26 4 6 9 5 16 16 15 20 14 13 13 17 7 16 19 12 9 7 26 13 20 0 6 4 17 9 27 9
split_gain=2.4461e-09 1.55373e-08 4.6598e-09 4.43299e-09 7.68944e-09 7.7695e-09 6.14587e-09 6.31177e-09 6.67403e-09 5.79904e-09 4.70479e-09 3.32654e-09 7.7865e-09 7.13824e-09 5.5039e-09 6.09726e-09 5.08788e-09 1.28779e-08 6.75662e-09 6.11308e-09 5.98354e-09 6.94091e-09 4.74389e-09 4.33039e-09 5.7408e-09 5.0433e-09 3.05982e-09 2.94001e-09 2.82574e-09 3.16145e-09
threshold=0.87849150000000009 0.85852150000000005 1997050.0000000002 -0.0083041038247864702 0.023754081220824414 0.0017290011725864861 0.0074418598079839067 0.0040241412013705844 0.0018744140491609681 0.018143000000000003 0.030901256778728143 0.020600033826474122 0.028004769972700155 0.0081967133022516261 -0.0040984464159604774 0.0081799515225294186 0.04023150000000001 0.0020562430292171241 0.02606639710527121 0.0020429686233852653 0.1193145 0.036367177151824533 0.18431750000000002 4.5574474955532045 -0.0063560456288135137 4461650.0000000009 0.0037488281820907388 0.014176727848020456 0.93600200000000011 0.014514327610460566
decision_type=2 2 2 2 2 2 2 2 2 2 2 2 2 2 2 2 2 2 2 2 2 2 2 2 2 2 2 2 2 2
left_child=1 2 -1 4 5 -2 7 10 -9 -8 28 23 13 14 -13 -16 17 19 -19 -14 -18 -22 -15 -4 -25 26 -26 -11 -5 -30
right_child=3 -3 11 6 -6 -7 9 8 -10 27 -12 12 16 22 15 -17 20 18 -20 -21 21 -23 -24 24 25 -27 -28 -29 29 -31
leaf_value=-3.4533007622754166e-06 -9.6400236832039347e-06 7.3736687555639135e-06 5.250447509297373e-06 -4.1968679870478807e-06 1.1285732625765377e-06 -1.4701375515745565e-06 1.5980739713938872e-06 7.4004027595719893e-06 7.7109618246140586e-08 -7.2303747083424237e-06 3.020175367554303e-06 -1.5814080314887254e-07 -2.4163618685893846e-06 4.5867318281774978e-06 -6.4915907162882754e-06 -5.163725040285333e-07 -4.5862307724746642e-06 1.0476789391873353e-05 2.8580282518801554e-06 3.5855968107512124e-06 2.235394952119508e-06 -3.3649111011462598e-06 -1.5295563453037175e-06 4.6459589458053713e-06 -5.1163307675365521e-07 -2.6411399145824056e-06 4.6154181515589691e-06 -2.0864353496108377e-06 2.3272000196977223e-06 -2.81889243690817e-06
leaf_weight=33 20 27 23 25 27 22 20 24 21 20 27 36 42 21 51 22 25 20 22 24 69 28 25 26 22 45 20 20 22 21
leaf_count=33 20 27 23 25 27 22 20 24 21 20 27 36 42 21 51 22 25 20 22 24 69 28 25 26 22 45 20 20 22 21
internal_value=-1.15885e-14 3.46288e-07 3.79786e-09 -7.4793e-07 -2.82133e-06 -5.36056e-06 -3.26053e-08 1.0561e-06 3.98287e-06 -2.57291e-06 -3.30266e-07 2.2277e-07 -2.27775e-07 -1.87124e-06 -3.1938e-06 -4.69084e-06 8.79776e-07 2.37944e-06 6.48601e-06 -2.33831e-07 -4.47795e-07 6.18812e-07 1.26266e-06 1.49821e-06 7.34479e-07 -4.3447e-07 1.92982e-06 -4.65841e-06 -1.66059e-06 -1.86008e-07
internal_weight=850 581 554 269 69 42 200 140 45 60 95 521 385 155 109 73 230 108 42 66 122 97 46 136 113 87 42 40 68 43
internal_count=850 581 554 269 69 42 200 140 45 60 95 521 385 155 109 73 230 108 42 66 122 97 46 136 113 87 42 40 68 43
is_linear=0
shrinkage=0.3


Tree=234
num_leaves=30
num_cat=0
split_feature=20 20 13 4 4 18 21 7 21 13 19 18 19 15 10 1 16 22 6 18 22 26 23 22 4 8 4 19 3
split_gain=2.44112e-09 7.14002e-09 6.45886e-09 2.06674e-09 7.5368e-09 3.00334e-09 3.41599e-09 4.00703e-09 5.69478e-09 3.58714e-09 2.96907e-09 2.44376e-09 2.34822e-09 1.03147e-08 8.30691e-09 8.83044e-09 3.70956e-09 5.26015e-09 7.536e-09 7.50865e-09 6.61023e-09 5.75976e-09 4.58558e-09 5.67894e-09 3.7095e-09 2.24432e-09 2.16279e-09 1.76291e-09 1.70964e-09
threshold=0.016552000000000001 0.014028500000000001 0.02384258193864712 4583200.0000000009 4853200.0000000009 0.37504896732432647 0.33206100000000005 -0.0039761699893744546 0.041798000000000009 0.017613722298805121 0.019204000000000002 -0.42246851813453051 -0.42131399999999991 -0.010046918095193301 0.49403939578785877 5.2030039886184101 1.0000000180025095e-35 0.032830000000000005 -0.018595388224246803 0.26558202531599645 0.014830500000000002 0.78312150000000014 0.41666650000000005 0.03574950000000001 9890750.0000000019 -0.012371380681238619 3609600.0000000005 0.2199345 4.6767542362213144
decision_type=2 2 2 2 2 2 2 2 2 2 2 2 2 2 2 2 2 2 2 2 2 2 2 2 2 2 2 2 2
left_child=1 2 -1 5 -5 6 7 8 -2 -9 -8 27 13 -6 -15 -16 22 19 -19 20 -18 -20 -14 -24 -21 -12 -13 -11 -27
right_child=3 -3 -4 4 12 -7 10 9 -10 11 25 26 16 14 15 -17 17 18 21 24 -22 -23 23 -25 -26 28 -28 -29 -30
leaf_value=3.8139737259399454e-06 -4.8168882130994458e-07 -6.179058704509027e-06 -2.5381020945507557e-06 5.404546547854099e-06 -2.7132971079149804e-06 -3.2274126701814508e-06 -4.6826509684582229e-06 3.0246916604813699e-06 5.7477476370796202e-06 -4.6358828478293182e-06 -3.2227423673703013e-06 2.6244935133945544e-06 5.218802528400809e-06 6.9883808516186203e-06 -2.8947733165606541e-06 5.4899669169117266e-06 2.2413238876982755e-08 3.7018599982729937e-06 -1.2991901163544728e-06 -4.2706486743040641e-06 7.1525386774737855e-06 -5.5089821160801361e-06 -3.3379415953049827e-06 2.6196909050331855e-06 1.1782652057428838e-06 2.5441386181260635e-06 -1.7874303100029463e-06 -8.3408089527178421e-07 -1.3314799127783772e-06
leaf_weight=25 25 22 34 27 37 32 22 22 28 23 20 20 23 33 26 20 22 21 117 23 25 39 24 36 22 21 20 21 20
leaf_count=25 25 22 34 27 37 32 22 22 28 23 20 20 23 33 26 20 22 21 117 23 25 39 24 36 22 21 20 21 20
internal_value=-9.2312e-15 -1.56649e-06 1.53455e-07 1.65001e-07 5.3091e-07 -4.9604e-07 -1.34866e-07 6.79485e-07 2.80933e-06 -3.85439e-07 -1.69489e-06 -1.27857e-06 2.49738e-07 1.42034e-06 3.35635e-06 7.50766e-07 -1.36029e-07 -6.77e-07 -1.63343e-06 1.16308e-06 3.81503e-06 -2.35164e-06 1.61724e-06 2.36638e-07 -1.60674e-06 -6.17337e-07 4.18532e-07 -2.82139e-06 6.53593e-07
internal_weight=850 81 59 769 495 274 242 159 53 106 83 84 468 116 79 46 352 269 177 92 47 156 83 60 45 61 40 44 41
internal_count=850 81 59 769 495 274 242 159 53 106 83 84 468 116 79 46 352 269 177 92 47 156 83 60 45 61 40 44 41
is_linear=0
shrinkage=0.3


Tree=235
num_leaves=29
num_cat=0
split_feature=18 20 0 2 6 9 21 16 10 26 11 5 21 13 14 13 21 13 19 24 6 13 16 13 9 6 18 21
split_gain=2.63785e-09 5.71081e-09 1.30421e-08 3.67509e-09 4.52017e-09 6.21266e-09 3.64062e-09 5.01829e-09 3.15673e-09 5.97542e-09 3.56737e-09 3.04633e-09 2.93026e-09 2.7853e-09 7.16745e-09 3.78203e-09 2.9474e-09 2.68602e-09 4.48201e-09 6.27952e-09 5.99941e-09 5.29591e-09 3.67471e-09 4.73578e-09 6.89353e-09 4.92501e-09 3.08419e-09 2.31593e-09
threshold=0.11315601241399345 0.7919885000000001 4.7044598343083956 4.5574844317860821 -0.0041495003736200476 0.018558792905728424 0.55020000000000013 0.0021505454852408725 -1.6565644708050449 0.94318050000000009 23.137987523183579 0.0019902438648898443 0.096303500000000014 0.023671955826820947 0.02447729035096979 0.018793813703983499 0.28159700000000004 0.028226687925066982 0.057516500000000005 1.0000000180025095e-35 -1.0000000180025095e-35 0.034060521094263913 0.0078662733979613809 0.023952360417551433 0.018670898942443306 -0.010275817955813284 -0.21119973447512402 0.096303500000000014
decision_type=2 2 2 2 2 2 2 2 2 2 2 2 2 2 2 2 2 2 2 2 2 2 2 2 2 2 2 2
left_child=8 3 -3 6 5 -5 7 -2 -1 10 -10 -4 -9 15 -15 -6 -16 22 19 21 -20 -19 23 25 -25 -12 -22 -24
right_child=1 2 11 4 13 -7 -8 12 9 -11 17 -13 -14 14 16 -17 -18 18 20 -21 26 -23 27 24 -26 -27 -28 -29
leaf_value=2.9831693861605341e-06 -6.8077858520609874e-06 7.5471001419358246e-06 2.4915727477394152e-06 5.9022714310685839e-06 -1.15242779532565e-06 -1.5369741023982161e-07 1.5115106595223314e-06 1.5800028498347274e-06 -3.4264161236308156e-06 -5.3321839320984584e-06 4.8230724463461551e-06 -2.2883283568221811e-06 -3.5553983292402334e-06 -5.4286829733740652e-06 3.4725639955013316e-06 3.4969877920194711e-06 -1.6161493042383362e-06 2.8291977039478817e-06 2.703122972848502e-06 6.9857809990025999e-06 -7.7664077739937372e-07 -3.0056225635835941e-06 -1.3055712623410131e-06 -6.2725860925638697e-06 3.3175085925243115e-07 -3.3246803619201883e-08 -5.5504817834974219e-06 -5.5995635273120572e-06
leaf_weight=23 20 32 21 30 32 31 23 20 32 23 22 28 20 27 20 31 21 42 28 20 29 21 26 25 33 129 21 20
leaf_count=23 20 32 21 30 32 31 23 20 32 23 22 28 20 27 20 31 21 42 28 20 29 21 26 25 33 129 21 20
internal_value=2.07251e-14 6.22551e-07 2.83651e-06 -2.9559e-08 6.91511e-07 2.82465e-06 -1.69758e-06 -2.92773e-06 -4.4864e-07 -6.16223e-07 -3.74109e-07 -2.39799e-07 -9.87698e-07 -3.01781e-07 -1.63327e-06 1.13538e-06 8.6615e-07 -1.39316e-07 8.20053e-07 2.3545e-06 -8.1276e-07 8.84258e-07 -7.45036e-07 -2.10757e-07 -2.51495e-06 6.74296e-07 -2.78165e-06 -3.17252e-06
internal_weight=850 356 81 275 192 61 83 60 494 471 448 49 40 131 68 63 41 416 161 83 78 63 255 209 58 151 50 46
internal_count=850 356 81 275 192 61 83 60 494 471 448 49 40 131 68 63 41 416 161 83 78 63 255 209 58 151 50 46
is_linear=0
shrinkage=0.3


Tree=236
num_leaves=27
num_cat=0
split_feature=6 20 12 10 12 13 7 8 15 9 24 5 14 5 7 5 6 6 6 17 8 7 12 6 11 10
split_gain=2.77509e-09 3.87949e-09 1.24499e-08 4.05756e-09 3.47592e-09 3.2727e-09 7.78513e-09 5.08166e-09 4.05441e-09 5.29386e-09 7.56089e-09 4.79569e-09 4.8034e-09 5.38883e-09 4.10012e-09 3.4601e-09 4.5732e-09 3.12566e-09 3.46949e-09 4.6384e-09 3.38858e-09 5.76311e-09 4.65021e-09 2.89043e-09 2.55861e-09 2.25225e-09
threshold=-0.0021367392770927991 0.9191005000000001 0.001069351601593978 2.1496408458761853 -0.0083090488515678122 0.019367634854869427 -0.002046961470181559 0.0041449981219104657 0.0020533372237502225 0.014176727848020456 0.29166650000000005 0.0042284173826080537 0.020618537443073248 0.014315257042738281 -0.0040733081500934224 -0.0032521175210568011 -0.022156480112352554 0.01030938706380523 0.014770063996057946 0.01380902158799256 -0.018868599085905588 -0.0022806467878944523 -0.001844784593253133 0.0062959892737265528 42.700331941538771 1.5837001067560597
decision_type=2 2 2 2 2 2 2 2 2 2 2 2 2 2 2 2 2 2 2 2 2 2 2 2 2 2
left_child=5 3 -3 4 -2 6 -1 -8 9 -7 15 -10 -13 -14 -15 16 -11 20 -19 25 21 -6 -22 -24 -18 -20
right_child=1 2 -4 -5 17 8 7 -9 11 10 -12 12 13 14 -16 -17 24 18 19 -21 22 -23 23 -25 -26 -27
leaf_value=-6.3703843926430989e-06 3.132670984631784e-06 -9.3746998779600037e-07 8.1549040136569982e-06 4.3293346631401165e-06 -5.7853004938124286e-06 4.9995197358043699e-06 -2.9836403012703395e-06 3.5548797092133096e-06 -4.8636068317112597e-06 1.0649649439642417e-06 4.8191815327669476e-06 2.7581389406350355e-06 -5.8047169204655802e-06 3.1203674422743333e-06 -2.3451899801330004e-06 2.0835988403239917e-06 -6.3652332859088672e-06 -3.783272407312884e-06 -5.5447310749266095e-07 -4.6462272928238234e-06 4.9179592807653848e-06 9.3365197465623678e-07 -3.4664100669778737e-07 2.2912759492809387e-06 -1.735707317201169e-06 2.6980294718567972e-06
leaf_weight=28 29 33 23 20 20 24 23 20 28 24 24 30 21 21 30 22 22 39 66 20 23 27 133 52 21 27
leaf_count=28 29 33 23 20 20 24 23 20 28 24 24 30 21 21 30 22 22 39 66 20 23 27 133 52 21 27
internal_value=9.63496e-15 4.40427e-07 2.7969e-06 1.51036e-07 -4.06293e-08 -6.67156e-07 -2.47742e-06 5.75318e-08 -1.85774e-07 9.53009e-07 9.35726e-08 -1.38588e-06 -4.31205e-07 -1.7601e-06 -9.46663e-08 -1.18075e-06 -2.25262e-06 -2.66737e-07 -1.34356e-06 -5.01531e-07 3.75132e-07 -1.92548e-06 8.94982e-07 3.94828e-07 -4.1043e-06 3.89802e-07
internal_weight=850 512 56 456 436 338 71 43 267 137 113 130 102 72 51 89 67 407 152 113 255 47 208 185 43 93
internal_count=850 512 56 456 436 338 71 43 267 137 113 130 102 72 51 89 67 407 152 113 255 47 208 185 43 93
is_linear=0
shrinkage=0.3


Tree=237
num_leaves=22
num_cat=0
split_feature=11 7 8 4 11 3 9 25 16 16 7 7 22 12 12 20 0 1 4 13 27
split_gain=1.7966e-09 6.04333e-09 5.18228e-09 1.06231e-08 3.64996e-09 5.88525e-09 5.62579e-09 4.49551e-09 4.44749e-09 4.60768e-09 3.3653e-09 3.22454e-09 3.22365e-09 2.87742e-09 3.01622e-09 3.54235e-09 3.25173e-09 7.31552e-09 2.22176e-09 1.94839e-09 1.85073e-09
threshold=58.195438932726837 -0.011904824381018815 0.012024351198167051 4819000.0000000009 59.740690016512836 4.6790781021118173 0.018847316959470142 1.0000000180025095e-35 0.0075471623421736241 0.0035090385628495468 0.0074768287037527007 0.0076702910981556053 0.030674500000000004 0.0033334875662213927 0.0017872666333664429 0.012709500000000002 4.4618411983851738 4.5523630299114473 6977250.0000000009 0.013483166358272798 0.88555950000000017
decision_type=2 2 2 2 2 2 2 2 2 2 2 2 2 2 2 2 2 2 2 2 2
left_child=2 -2 13 -4 -3 6 -6 11 9 10 -9 12 -7 14 15 -1 20 -18 -13 -19 -17
right_child=1 4 3 -5 5 7 -8 8 -10 -11 -12 18 -14 -15 -16 16 17 19 -20 -21 -22
leaf_value=3.9120577054063687e-06 -4.3495719841543818e-06 -3.8176870762382263e-06 -1.8999980869693899e-06 7.2221982680136729e-06 7.024592059394762e-06 -3.1934823222660011e-07 5.2894509735779141e-07 -2.2126489864961384e-06 -1.8558702335854726e-06 5.683540977052814e-06 3.1581419112366606e-06 -2.2701051227613787e-06 -4.9296475761086464e-06 -3.4811315634897251e-06 3.3336963665894139e-06 3.6151283438812243e-07 -6.0264535638054886e-06 2.7446174749456988e-06 2.011198647267065e-06 -3.005569133362804e-07 4.4427609077501982e-06
leaf_weight=20 34 22 20 27 20 21 30 21 34 24 21 20 39 20 26 20 20 20 24 347 20
leaf_count=20 34 22 20 27 20 21 30 21 34 24 21 20 39 20 26 20 20 20 24 347 20
internal_value=-1.60499e-15 -5.75644e-07 3.30462e-07 3.34041e-06 -1.10739e-07 2.10335e-07 3.1272e-06 -5.04584e-07 9.31607e-07 2.36758e-06 4.72746e-07 -1.88554e-06 -3.31604e-06 4.35094e-08 1.92543e-07 9.83592e-09 -1.72938e-07 -4.39096e-07 6.51515e-08 -1.34607e-07 2.40214e-06
internal_weight=850 310 540 47 276 254 50 204 100 66 42 104 60 493 473 447 427 387 44 367 40
internal_count=850 310 540 47 276 254 50 204 100 66 42 104 60 493 473 447 427 387 44 367 40
is_linear=0
shrinkage=0.3


Tree=238
num_leaves=28
num_cat=0
split_feature=27 21 5 5 11 14 19 17 16 17 17 16 13 6 6 17 18 18 23 14 18 27 5 18 16 17 8
split_gain=2.41957e-09 4.7135e-09 2.13236e-08 4.04722e-09 3.35449e-09 4.94862e-09 3.38275e-09 3.02952e-09 2.83744e-09 2.8411e-09 5.70123e-09 2.65779e-09 3.78802e-09 2.68057e-09 4.42065e-09 3.18989e-09 2.7491e-09 2.74608e-09 2.54552e-09 3.50728e-09 3.24689e-09 2.38605e-09 2.20651e-09 2.27738e-09 2.13329e-09 1.82848e-09 1.67101e-09
threshold=0.92552100000000015 0.046318500000000006 0.010000223269627096 -0.019418075114363994 49.118511294407334 0.016614796925464335 -0.90979899999999991 0.0050104544996179669 0.012257406663506982 0.0082559348224960499 0.0039722735306174763 0.006122394364758108 0.033554373740203237 0.010265450611557904 0.0060061212885950841 0.0036330603107010912 0.64568378114139546 -0.41244192795766654 0.41666650000000005 0.019326477304718356 0.22565970547139788 0.93333850000000018 -0.0061536614412095259 -0.39360405453652109 0.0037664879803902848 0.0068475427703768594 0.034989209041500852
decision_type=2 2 2 2 2 2 2 2 2 2 2 2 2 2 2 2 2 2 2 2 2 2 2 2 2 2 2
left_child=1 2 7 -2 21 -6 -7 -1 11 10 -10 13 18 14 16 -15 17 -3 20 -20 -13 -5 -23 -24 -8 -17 -26
right_child=3 8 -4 4 5 6 24 -9 9 -11 -12 12 -14 15 -16 25 -18 -19 19 -21 -22 22 23 -25 26 -27 -28
leaf_value=-2.6660549618272536e-06 2.1925729749848355e-06 1.9039245695526722e-06 1.0449458550903562e-05 -2.4500505314790643e-06 -5.01297616029188e-06 1.3463838372120207e-06 1.162086068770155e-07 1.5674386812158935e-06 9.6286389113705188e-08 -1.1533481516120704e-06 6.6022281719762596e-06 2.3900168334497118e-06 -4.847534307828027e-06 -4.5907700962288794e-06 3.8172609440932444e-06 2.1238500285392094e-06 3.0633893578624337e-06 -1.0194977496483765e-06 -5.3095061480235014e-06 2.4152471301671795e-07 -2.1731438634916505e-06 -1.4174779425957238e-06 4.3237501914619416e-08 3.939717317457002e-06 -5.4711221196157568e-06 -1.4364561501359864e-06 -1.6395397824453539e-06
leaf_weight=29 37 38 22 25 39 35 21 32 27 21 22 36 24 20 35 20 25 121 20 21 23 25 27 27 21 37 20
leaf_count=29 37 38 22 25 39 35 21 32 27 21 22 36 24 20 35 20 25 121 20 21 23 25 27 27 21 37 20
internal_value=-1.18857e-14 3.51919e-07 2.44254e-06 -7.27978e-07 -1.17823e-06 -2.15902e-06 -1.01155e-06 -4.45206e-07 -2.2055e-09 1.76612e-06 3.01732e-06 -2.96927e-07 -1.46291e-06 1.91525e-07 7.26844e-07 -1.331e-06 1.38993e-07 -3.20818e-07 -6.50598e-07 -2.4663e-06 6.11158e-07 1.04342e-07 9.12694e-07 1.99148e-06 -2.34264e-06 -1.87226e-07 -3.60206e-06
internal_weight=850 573 83 277 240 136 97 61 490 70 49 420 124 296 219 77 184 159 100 41 59 104 79 54 62 57 41
internal_count=850 573 83 277 240 136 97 61 490 70 49 420 124 296 219 77 184 159 100 41 59 104 79 54 62 57 41
is_linear=0
shrinkage=0.3


Tree=239
num_leaves=28
num_cat=0
split_feature=20 17 0 5 14 9 1 9 17 14 17 17 27 9 18 22 18 9 12 18 3 12 2 9 3 18 6
split_gain=1.95833e-09 4.04282e-09 6.95601e-09 2.83909e-09 1.91901e-09 2.58804e-09 8.82621e-09 4.15212e-09 4.54304e-09 6.61787e-09 4.67984e-09 3.72465e-09 3.51299e-09 3.7282e-09 3.35431e-09 2.48273e-09 2.314e-09 5.28539e-09 4.07958e-09 4.03414e-09 4.16538e-09 3.97987e-09 2.25438e-09 2.17277e-09 2.14796e-09 2.04504e-09 1.73756e-09
threshold=0.025174500000000006 0.0055558108526588485 5.015172612430475 -0.0042552993876547665 0.029110488041723937 0.0097112456688483659 4.6587909039835447 0.010805082398161052 0.0038350910143192083 0.014184398312519267 0.0055558108526588485 0.0094414039704009186 0.92062200000000016 0.020158057920356229 0.47264985310741375 0.20139750000000003 0.057527884150835519 0.032661453162692762 -0.0044709319442057362 0.62309949378852847 4.9238157272338876 0.0019463419786223159 4.6974527518369724 0.0077115410344174738 5.017038345336915 -0.14978980988089799 0.0017290011725864861
decision_type=2 2 2 2 2 2 2 2 2 2 2 2 2 2 2 2 2 2 2 2 2 2 2 2 2 2 2
left_child=1 3 -3 -1 5 6 -2 -7 12 -10 -11 -12 13 15 22 -9 18 19 -6 20 -18 -20 23 -8 -23 -15 -5
right_child=4 2 -4 26 16 7 14 8 9 10 11 -13 -14 25 -16 -17 17 -19 21 -21 -22 24 -24 -25 -26 -27 -28
leaf_value=-1.8288464400484372e-06 -5.3445842878601424e-06 -3.6468790676436628e-07 -6.9748276018799514e-06 -1.4536430683165234e-07 -4.5193244909569327e-06 3.8501380590087836e-06 3.2153982842105092e-06 -1.6911121050682325e-06 5.8516945323895516e-06 -2.2417944608813891e-06 3.2216906310561007e-06 8.0368639438737388e-08 1.904430932468544e-06 -1.763616326684314e-06 4.0693306167278413e-06 2.2780292596280559e-06 -1.8127871835815767e-06 3.4055522651973057e-06 2.6144161674542725e-06 -3.8022641736927586e-06 3.4304452632341053e-06 -2.6583472624174139e-07 -2.2810097859825151e-06 -1.1050279731250612e-06 -4.3677451799339904e-06 -6.0537671234328633e-06 3.6061988980691237e-06
leaf_weight=30 28 38 23 20 30 39 22 37 27 36 66 70 33 20 21 23 30 36 26 29 25 27 29 20 20 20 25
leaf_count=30 28 38 23 20 30 39 22 37 27 36 66 70 33 20 21 23 30 36 26 29 25 27 29 20 20 20 25
internal_value=5.89333e-17 -1.04336e-06 -2.85704e-06 4.31764e-07 1.98735e-07 5.30188e-07 -6.80862e-07 9.21903e-07 5.77924e-07 1.48517e-06 7.99725e-07 1.60483e-06 -7.79533e-07 -1.66524e-06 7.38531e-07 -1.69608e-07 -5.31057e-07 3.64264e-07 -1.57415e-06 -9.39145e-07 5.705e-07 -3.63803e-07 -2.46635e-07 1.15805e-06 -2.01133e-06 -3.90869e-06 1.93884e-06
internal_weight=850 136 61 75 714 491 120 371 332 199 172 136 133 100 92 60 223 120 103 84 55 73 71 42 47 40 45
internal_count=850 136 61 75 714 491 120 371 332 199 172 136 133 100 92 60 223 120 103 84 55 73 71 42 47 40 45
is_linear=0
shrinkage=0.3


Tree=240
num_leaves=26
num_cat=0
split_feature=12 6 11 15 13 10 10 14 16 10 28 12 5 17 14 21 0 0 9 0 6 1 7 2 4
split_gain=1.65873e-09 1.99444e-09 2.07334e-09 5.37286e-09 3.99305e-09 2.80851e-09 6.13377e-09 9.96438e-09 3.83719e-09 4.91506e-09 3.1079e-09 2.94622e-09 2.47566e-09 2.28305e-09 2.2288e-09 2.08777e-09 2.06794e-09 3.59339e-09 4.24215e-09 2.4892e-09 3.21905e-09 2.27111e-09 1.31129e-09 1.09809e-09 7.37736e-10
threshold=0.010095917662578556 0.025372645103517451 64.801658870289444 0.020163769042556429 0.022920811188601235 -0.11378990047989825 0.40259322482623788 0.014418127079165925 0.0020367065565402229 0.94963937060898218 1.0000000180025095e-35 0.0029081674245569037 0.0016091872343663939 0.0020682524989572263 0.010405878080831446 0.20001500000000003 4.5959003863138017 4.7461421262863821 0.0095467237497855444 4.5265463625817128 -0.012578917537250203 5.4945559128339951 -0.0040984464159604774 4.963527142049835 5424150.0000000009
decision_type=2 2 2 2 2 2 2 2 2 2 2 2 2 2 2 2 2 2 2 2 2 2 2 2 2
left_child=1 2 5 4 12 14 7 -7 9 -8 24 13 -4 -10 -1 -6 19 18 -18 20 -16 -19 -21 -3 -9
right_child=-2 23 3 -5 15 6 8 10 11 -11 -12 -13 -14 -15 16 -17 17 21 -20 22 -22 -23 -24 -25 -26
leaf_value=-2.734447976367406e-06 -2.0852309510453117e-06 7.6051573108966771e-07 -1.4891054799083856e-06 2.7124020684303901e-06 1.1719934605025626e-06 8.5558979789497744e-06 -9.245088837029801e-07 -1.3760145488816989e-06 -4.2755779208374197e-06 5.4169527045773566e-06 4.2556485448130842e-06 1.7137354542630699e-06 -5.4302189213206727e-06 -8.8328360388195982e-07 -2.510030478393002e-06 -1.9961873145272572e-06 8.737254488551115e-07 9.4291802723895601e-07 -3.9287182145778149e-06 1.2126289290522023e-06 1.7113759262478246e-06 -1.6439068957652125e-06 4.5689950775340547e-06 3.6500230942237979e-06 1.0910330149727088e-06
leaf_weight=31 33 29 26 29 39 22 22 24 26 22 20 26 32 57 29 36 25 112 49 22 37 42 20 20 20
leaf_count=31 33 29 26 29 39 22 22 24 26 22 20 26 32 57 29 36 25 112 49 22 37 42 20 20 20
internal_value=-9.78214e-15 8.4226e-08 -3.41703e-08 -9.87525e-07 -1.79428e-06 2.20687e-07 1.02099e-06 3.04813e-06 -1.1844e-07 2.24622e-06 1.15483e-06 -1.07298e-06 -3.66351e-06 -1.94593e-06 -3.00494e-07 -3.48733e-07 -7.59332e-08 -5.88164e-07 -2.30627e-06 1.00544e-06 -1.43484e-07 2.3742e-07 2.8109e-06 1.93991e-06 -2.54629e-07
internal_weight=850 817 768 162 133 606 239 86 153 44 64 109 58 83 367 75 336 228 74 108 66 154 42 49 44
internal_count=850 817 768 162 133 606 239 86 153 44 64 109 58 83 367 75 336 228 74 108 66 154 42 49 44
is_linear=0
shrinkage=0.3


Tree=241
num_leaves=24
num_cat=0
split_feature=14 14 17 26 22 20 18 27 27 10 3 27 12 22 19 9 5 17 6 15 0 21 0
split_gain=1.71751e-09 7.72148e-09 5.31721e-09 1.63993e-09 2.42331e-09 2.71288e-09 1.25636e-09 2.94241e-09 3.12201e-09 2.76962e-09 6.13083e-09 2.11629e-09 2.07477e-09 2.07329e-09 2.08741e-09 3.30484e-09 2.72633e-09 3.96481e-09 2.67732e-09 2.05975e-09 2.02559e-09 1.97877e-09 8.7342e-10
threshold=0.013473916766989358 0.01424216574777973 0.0062176666789968181 0.24365400000000001 0.76333500000000021 0.47557250000000001 0.33885682371296416 0.90345350000000013 0.92730950000000012 -0.96395883915265623 4.6790781021118173 0.95746250000000011 0.00069788747174114876 0.9278740000000002 -0.42906399999999995 0.018018618229661901 0.002262583783073997 0.0068475427703768594 -0.0022806467878944523 0.0055607038079523163 4.786800448288921 0.88208350000000013 5.3387500326110571
decision_type=2 2 2 2 2 2 2 2 2 2 2 2 2 2 2 2 2 2 2 2 2 2 2
left_child=2 -2 3 -1 5 -5 11 9 -9 -8 -11 13 -10 14 15 18 21 -18 -3 -15 -12 -16 -22
right_child=1 6 -4 4 -6 -7 7 8 12 10 20 -13 -14 19 16 -17 17 -19 -20 -21 22 -23 -24
leaf_value=1.6686161672858419e-06 5.9969019164896053e-06 2.3111680177529639e-06 -5.4961159617050723e-06 -4.8579259748748886e-06 1.2773808441579602e-06 -4.5462096832191968e-07 -2.1261750275918471e-06 -5.0403663160316437e-06 7.4628210287838474e-07 4.5928600716508536e-06 -2.8863972444655286e-06 2.431353931492116e-06 -2.7318464939024376e-06 -3.296264005996363e-06 3.6864922166117776e-07 3.7280913114787645e-06 1.9940699268313925e-07 -3.1962262593127407e-06 -2.4245332238851085e-06 5.7759164714557952e-07 2.0993228361021465e-06 3.4008606832003353e-06 -7.0438504053527138e-07
leaf_weight=31 20 21 20 20 30 34 31 22 33 31 22 38 29 30 162 38 84 49 22 21 20 22 20
leaf_count=31 20 21 20 20 30 34 31 22 33 31 22 38 29 30 162 38 84 49 22 21 20 22 20
internal_value=-1.27898e-15 1.853e-07 -9.81403e-07 -1.96236e-07 -8.84455e-07 -2.08547e-06 1.80595e-08 -5.9913e-07 -1.97005e-06 3.29558e-07 1.14814e-06 2.81664e-07 -8.80584e-07 9.97305e-08 3.30496e-07 1.68966e-06 -1.67974e-08 -1.05162e-06 -1.11749e-07 -1.70115e-06 -5.74226e-07 7.31196e-07 6.97469e-07
internal_weight=850 715 135 115 84 54 695 208 84 124 93 487 62 449 398 81 317 133 43 51 62 184 40
internal_count=850 715 135 115 84 54 695 208 84 124 93 487 62 449 398 81 317 133 43 51 62 184 40
is_linear=0
shrinkage=0.3


Tree=242
num_leaves=29
num_cat=0
split_feature=19 6 14 7 15 19 20 0 6 12 7 18 21 7 10 2 7 10 19 17 15 9 0 5 3 1 6 4
split_gain=1.44749e-09 3.02047e-09 4.60617e-09 1.22811e-08 4.51572e-09 3.44783e-09 3.17113e-09 3.30263e-09 3.01781e-09 2.90723e-09 3.54889e-09 4.55248e-09 3.37063e-09 2.67144e-09 1.92787e-09 5.53595e-09 2.24508e-09 2.55792e-09 2.41313e-09 2.72382e-09 2.49765e-09 2.06304e-09 2.38946e-09 4.30583e-09 2.26916e-09 2.09664e-09 1.86631e-09 2.86862e-09
threshold=0.10568450000000001 -0.0037524776267532397 0.015432256887144951 -0.0040733081500934224 -0.0019011910730446951 0.69811550000000011 0.83793050000000013 4.6586657977053054 -0.036315371396730696 0.0079121474575662796 0.0020637876818529991 -0.22508760165098154 0.066328000000000012 0.0093633741816601564 0.088726562966541342 5.5658523068913404 -0.018595388224246803 -1.7564288590571409 -0.42131399999999991 0.0021344720856744585 -0.0062959640661172161 0.038197376603646936 5.1503645132828817 0.0035292396800090256 5.0449359416961679 5.7767655573531131 0.010115583664990166 3183000.0000000005
decision_type=2 2 2 2 2 2 2 2 2 2 2 2 2 2 2 2 2 2 2 2 2 2 2 2 2 2 2 2
left_child=8 4 3 -3 5 -2 7 -6 -1 10 11 -4 -13 -12 15 16 -10 -18 19 -19 -20 22 24 -24 26 -25 27 -16
right_child=1 2 9 -5 6 -7 -8 -9 14 -11 13 12 -14 -15 21 -17 17 18 20 -21 -22 -23 23 25 -26 -27 -28 -29
leaf_value=3.192435484119674e-06 4.3488127689980415e-06 9.2179402656711314e-06 -3.9046289487032477e-06 1.3466449614517805e-07 -1.0163084650116615e-06 -9.0440428303519067e-07 1.0215337726192177e-08 -6.287469389700045e-06 1.5810201860484299e-06 -3.0712517727948808e-06 5.460774282575187e-06 -1.0826257847396403e-06 3.0876778215439447e-06 1.1144086935083968e-06 2.6702891545937747e-06 -5.8740567490644939e-06 2.117018484568689e-06 2.6309224392662147e-06 -9.3038953950368028e-07 -1.345257105047336e-06 -4.5436873070533089e-06 -2.6043108626392651e-06 -1.0481100285157176e-06 6.0270053711519723e-06 -3.1632701925283463e-06 1.6830756777608257e-06 2.112224193825461e-06 -1.2643587735039075e-06
leaf_weight=21 22 21 24 37 20 23 35 23 34 20 20 37 33 35 21 20 20 20 33 69 36 23 27 20 21 20 34 81
leaf_count=21 22 21 24 37 20 23 35 23 34 20 20 37 33 35 21 20 20 20 33 69 36 23 27 20 21 20 34 81
internal_value=-3.45198e-15 4.67918e-07 1.11665e-06 3.42344e-06 -7.29332e-07 1.66384e-06 -2.11001e-06 -3.83577e-06 -3.27543e-07 3.2497e-07 7.80838e-07 -3.39094e-07 8.83374e-07 2.69491e-06 -4.81863e-07 -1.10287e-06 -6.52759e-07 -1.07944e-06 -1.48405e-06 -4.51734e-07 -2.81559e-06 1.01431e-07 3.79253e-07 1.87914e-06 -2.60828e-07 3.85504e-06 1.87343e-07 -4.54284e-07
internal_weight=850 350 227 58 123 45 78 43 500 169 149 94 70 55 479 232 212 178 158 89 69 247 224 67 157 40 136 102
internal_count=850 350 227 58 123 45 78 43 500 169 149 94 70 55 479 232 212 178 158 89 69 247 224 67 157 40 136 102
is_linear=0
shrinkage=0.3


Tree=243
num_leaves=15
num_cat=0
split_feature=14 14 14 1 4 9 11 12 15 15 4 2 2 14
split_gain=1.342e-09 6.61791e-09 4.97465e-09 2.39231e-09 1.50979e-09 1.8374e-09 1.28912e-09 2.60205e-09 1.67462e-09 2.90967e-09 2.03608e-09 1.43541e-09 2.90373e-09 2.76708e-09
threshold=0.013965129258479656 0.014418127079165925 0.012499987582366255 4.883318694153691 4685700.0000000009 0.0098422862265553288 15.40455069074387 -0.010592781711023224 0.023970459971991136 0.021199261351965221 8232350.0000000009 4.5186536607923076 4.5386149461302177 0.026947060536719577
decision_type=2 2 2 2 2 2 2 2 2 2 2 2 2 2
left_child=2 -2 3 4 5 -1 -3 -8 9 11 -10 13 -13 -9
right_child=1 6 -4 -5 -6 -7 7 8 10 -11 -12 12 -14 -15
leaf_value=-1.3503071012512287e-06 5.5489503897376828e-06 -1.9445869692790123e-06 -4.7782212293512316e-06 2.7808976958774361e-06 -2.6399738777408503e-06 1.7169163221808502e-06 2.7821844417802262e-06 2.3470913414769255e-06 -4.0383224853712817e-06 3.580189460754874e-06 -1.7971370311897771e-07 -3.7194685254300045e-06 -1.0191948159863034e-07 -4.6785251260995536e-07
leaf_weight=39 20 29 24 22 26 32 31 60 20 21 32 21 407 66
leaf_count=39 20 29 24 22 26 32 31 60 20 21 32 21 407 66
internal_value=5.65383e-15 1.6953e-07 -8.38165e-07 -4.35313e-08 -6.84123e-07 3.21035e-08 1.29236e-08 9.91969e-08 -3.34548e-08 1.13985e-07 -1.66379e-06 -1.74059e-08 -2.79416e-07 8.72597e-07
internal_weight=850 707 143 119 97 71 687 658 627 575 52 554 428 126
internal_count=850 707 143 119 97 71 687 658 627 575 52 554 428 126
is_linear=0
shrinkage=0.3


Tree=244
num_leaves=23
num_cat=0
split_feature=3 3 2 20 20 9 11 3 12 13 11 22 19 6 26 13 26 21 19 5 21 5
split_gain=1.31534e-09 8.28391e-09 1.86583e-09 1.85051e-09 2.16564e-09 6.34046e-09 3.22247e-09 2.93151e-09 2.27851e-09 1.70826e-09 1.66838e-09 1.82869e-09 2.90261e-09 2.78976e-09 2.03326e-09 2.45006e-09 1.79534e-09 3.21559e-09 2.8723e-09 1.34578e-09 1.5547e-09 7.62758e-10
threshold=4.7166438102722177 4.7027094364166269 4.7281471408466791 0.016357500000000004 0.030915000000000002 0.021123043257957597 32.919693187823519 5.212588071823121 -0.0046719870136224936 0.021028184096623305 73.233785029868059 0.028186500000000007 0.19901300000000002 -0.0021505772891525737 0.89909950000000005 0.02631649014468988 0.86314200000000008 0.043712500000000008 0.66567900000000013 -0.013146565797277932 0.10916200000000001 0.0019305057666435916
decision_type=2 2 2 2 2 2 2 2 2 2 2 2 2 2 2 2 2 2 2 2 2 2
left_child=1 10 9 -4 5 -5 7 -6 -8 21 11 12 -1 -14 16 -16 17 -13 -19 -10 -21 -2
right_child=2 -3 3 4 6 -7 8 -9 19 -11 -12 14 13 -15 15 -17 -18 18 -20 20 -22 -23
leaf_value=3.657268259379028e-06 6.1491125825341447e-07 6.0712777707553038e-06 -2.1358821917211961e-06 4.4635847209118602e-06 4.6559195321936968e-06 -1.9051130687675054e-06 -3.5616949665901688e-06 -3.6247728019134229e-07 -1.915692092998492e-06 -3.4231940099971321e-06 2.2885169751621755e-06 2.9388877990399467e-06 2.1535730620252767e-06 -2.4245931465429748e-06 2.9757123964545511e-06 -9.2393826408538352e-07 -3.2225881617315671e-06 -5.5155595383929226e-07 -4.3619781138204416e-06 -9.0733654227468641e-07 7.6886098287073683e-07 -1.6287921101820758e-06
leaf_weight=27 25 22 35 34 22 24 21 20 39 30 28 20 23 25 29 29 28 117 21 91 110 30
leaf_count=27 25 22 35 34 22 24 21 20 39 30 28 20 23 25 29 29 28 117 21 91 110 30
internal_value=3.27268e-16 4.26079e-07 -3.26868e-07 -5.31225e-08 1.48807e-07 1.82826e-06 -1.72673e-07 2.26621e-06 -5.65136e-07 -1.6022e-06 6.81707e-08 -1.26719e-07 1.16885e-06 -2.30889e-07 -5.24946e-07 1.02589e-06 -1.00854e-06 -6.16176e-07 -1.1314e-06 -3.02937e-07 9.98549e-09 -6.08927e-07
internal_weight=850 369 481 396 361 58 303 42 261 85 347 319 75 48 244 58 186 158 138 240 201 55
internal_count=850 369 481 396 361 58 303 42 261 85 347 319 75 48 244 58 186 158 138 240 201 55
is_linear=0
shrinkage=0.3


Tree=245
num_leaves=24
num_cat=0
split_feature=20 14 14 12 21 11 17 15 17 9 26 20 17 17 21 28 6 8 4 26 20 18 4
split_gain=1.45343e-09 6.32513e-09 2.48993e-09 3.3869e-09 5.71671e-09 2.91692e-09 2.53572e-09 1.79499e-09 2.07329e-09 1.52911e-09 4.65088e-09 2.38172e-09 3.26639e-09 6.71082e-09 3.15913e-09 2.2762e-09 2.13089e-09 1.67139e-09 3.27834e-09 2.41579e-09 1.43059e-09 1.98952e-09 1.15542e-09
threshold=0.85130200000000011 0.014359024677081398 0.016521345351063647 -0.00089992108477350791 0.056307500000000003 51.333628833629255 0.0033813493370835183 0.0057748260256292429 0.0037807280980231331 0.03935003554046871 0.64200800000000013 0.7892300000000001 0.0080321208232583697 0.008510804585797083 0.85822200000000015 1.0000000180025095e-35 0.018692129159024334 -0.017156604632599999 6430800.0000000009 0.92228900000000003 0.90188350000000017 -0.17639962738656192 6291700.0000000009
decision_type=2 2 2 2 2 2 2 2 2 2 2 2 2 2 2 2 2 2 2 2 2 2 2
left_child=2 -2 3 6 -5 -6 -1 8 -7 11 -11 12 16 -14 15 -15 17 18 -4 -19 -3 -22 -23
right_child=1 20 9 4 5 7 -8 -9 -10 10 -12 -13 13 14 -16 -17 -18 19 -20 -21 21 22 -24
leaf_value=-1.5645143211884261e-06 5.8210726393781439e-06 1.9049548147277476e-06 2.1157921826904004e-06 -5.1499619701189663e-06 -3.2980408046855383e-06 1.3791871569165695e-06 2.346564763444336e-06 2.3840741505409819e-06 -2.5441511866119981e-06 9.5476328617586348e-07 -4.2809003406756137e-06 3.1593267212206053e-06 6.3150978027692865e-06 -5.4407998212119072e-08 -2.7636627089083524e-06 2.3092105565675451e-06 1.703419169052367e-06 -2.1854701006824532e-06 -2.0793842685407069e-06 1.2091997024546561e-06 1.1243643405997809e-06 -3.3612150998992131e-06 -5.3696836950223308e-07
leaf_weight=25 20 29 38 36 29 22 37 24 27 37 26 26 20 81 23 67 32 105 30 23 39 22 32
leaf_count=25 20 29 38 36 29 22 37 24 27 37 26 26 20 81 23 67 32 105 30 23 39 22 32
internal_value=-9.166e-15 8.75955e-07 -1.75686e-07 -1.07232e-06 -1.89981e-06 -7.527e-07 7.69517e-07 2.58463e-07 -7.82652e-07 1.7732e-07 -1.20599e-06 3.73158e-07 2.0027e-07 1.11543e-06 5.07285e-07 1.01561e-06 -5.66381e-07 -9.3696e-07 2.64979e-07 -1.57549e-06 6.52802e-08 -5.08382e-07 -1.68759e-06
internal_weight=850 142 708 200 138 102 62 73 49 508 63 445 419 191 171 148 228 196 68 128 122 93 54
internal_count=850 142 708 200 138 102 62 73 49 508 63 445 419 191 171 148 228 196 68 128 122 93 54
is_linear=0
shrinkage=0.3


Tree=246
num_leaves=21
num_cat=0
split_feature=16 14 20 18 14 26 14 8 8 22 8 25 10 13 6 15 19 12 7 15
split_gain=1.11823e-09 4.35014e-09 2.08172e-09 2.63404e-09 2.19244e-09 2.03661e-09 1.81417e-09 1.96898e-09 2.23291e-09 2.69906e-09 6.28353e-09 3.72559e-09 1.72282e-09 1.87632e-09 1.6025e-09 1.52322e-09 1.94764e-09 1.1135e-09 1.56244e-09 6.63785e-10
threshold=0.0077520472807490618 0.014418127079165925 0.43658200000000008 -0.5877160350737537 0.025104577466931455 0.94318050000000009 0.049068132179652481 -0.050887094548113763 -0.028788167482830532 0.14458600000000002 -0.015302453653872901 0.58333350000000006 -0.88084289132829074 0.03120730239027256 -0.010852860263247775 0.002288489682120446 0.83415450000000013 0.0085040507630650131 0.0042284173826080537 0.0099108267950600553
decision_type=2 2 2 2 2 2 2 2 2 2 2 2 2 2 2 2 2 2 2 2
left_child=5 -2 3 -3 -5 6 7 14 -9 17 -11 -12 -6 -14 -1 16 -4 18 -10 -17
right_child=1 2 15 4 12 -7 -8 8 9 10 11 -13 13 -15 -16 19 -18 -19 -20 -21
leaf_value=-2.8565396405610953e-07 4.7691999247945205e-06 -2.2827748426022612e-06 -3.8984469448713265e-06 3.2925887379602695e-06 -1.3094838959659683e-06 -2.5183418677763506e-06 -2.3619763700821749e-06 -2.3593494082780649e-06 -1.0932211553309076e-06 5.8605888568763476e-06 2.2679245715767907e-06 -5.8664614909906424e-07 1.45186464426918e-07 3.4745621292131545e-06 3.1587101203043739e-06 1.5172578904249738e-06 -1.4004669018114717e-08 -2.8289636617273571e-06 6.52015622398414e-07 -8.9765954157883244e-07
leaf_weight=20 20 21 26 37 30 33 30 38 132 20 59 136 39 25 31 21 21 20 71 20
leaf_count=20 20 21 26 37 30 33 30 38 132 20 59 136 39 25 31 21 21 20 71 20
internal_value=3.58929e-15 5.18342e-07 1.64103e-07 8.36377e-07 1.33639e-06 -2.28422e-07 -9.27532e-08 3.64246e-08 -1.53385e-07 3.80002e-08 7.96444e-07 2.77044e-07 5.66402e-07 1.44572e-06 1.80798e-06 -9.97097e-07 -2.16285e-06 -6.93235e-07 -4.82818e-07 3.39249e-07
internal_weight=850 260 240 152 131 590 557 527 476 438 215 195 94 64 51 88 47 223 203 41
internal_count=850 260 240 152 131 590 557 527 476 438 215 195 94 64 51 88 47 223 203 41
is_linear=0
shrinkage=0.3


Tree=247
num_leaves=16
num_cat=0
split_feature=14 14 14 17 2 27 1 1 18 10 4 12 12 21 27
split_gain=1.28679e-09 3.0337e-09 2.91539e-09 2.02146e-09 2.54222e-09 2.28694e-09 1.00914e-09 3.51051e-09 2.2537e-09 1.79117e-09 1.72933e-09 8.67566e-10 1.02252e-09 1.31408e-09 5.18377e-10
threshold=0.013965129258479656 0.014418127079165925 0.012499987582366255 0.0041666625274553648 4.7153453329443638 0.87677000000000016 5.7211112556698458 5.4945559128339951 -0.2544800630737119 1.0627900237925776 16884850.000000004 -0.012098420652275862 -0.0083090488515678122 0.4890520000000001 0.92660600000000015
decision_type=2 2 2 2 2 2 2 2 2 2 2 2 2 2 2
left_child=2 -2 3 4 5 -1 7 10 -8 14 11 -3 -13 -14 -10
right_child=1 6 -4 -5 -6 -7 8 -9 9 -11 -12 12 13 -15 -16
leaf_value=-6.3003779724326966e-07 3.8081825999825014e-06 -1.8295365177385005e-06 -3.8370088834227541e-06 1.7836362039053646e-06 1.2501480455284764e-06 -4.5555110810885866e-06 3.4839676466447142e-06 -3.3621421623917868e-06 2.470697522625187e-06 -1.7377710065602513e-06 2.6866199257049377e-06 1.8870238862361404e-06 2.1918465052578253e-07 -9.5242216588844335e-07 3.1074501617212035e-07
leaf_weight=34 20 23 24 33 30 22 24 28 20 28 22 26 385 111 20
leaf_count=34 20 23 24 33 30 22 24 28 20 28 22 26 385 111 20
internal_value=1.30029e-15 1.66006e-07 -8.20743e-07 -2.12421e-07 -9.7835e-07 -2.17219e-06 5.99748e-08 -8.2998e-08 9.84636e-07 1.02519e-07 7.8935e-08 -2.63293e-08 5.31223e-08 -4.30096e-08 1.39072e-06
internal_weight=850 707 143 119 86 56 687 595 92 68 567 545 522 496 40
internal_count=850 707 143 119 86 56 687 595 92 68 567 545 522 496 40
is_linear=0
shrinkage=0.3


Tree=248
num_leaves=27
num_cat=0
split_feature=20 6 14 11 4 21 5 26 7 10 11 4 13 18 14 2 24 13 4 12 27 9 15 5 7 14
split_gain=1.06358e-09 5.53466e-09 2.06264e-09 2.74513e-09 3.67773e-09 3.16295e-09 3.21364e-09 2.35472e-09 1.98273e-09 1.84339e-09 1.91675e-09 1.75237e-09 1.72286e-09 1.10103e-09 2.04211e-09 1.92869e-09 2.91849e-09 5.25333e-09 2.23822e-09 1.35881e-09 1.26241e-09 1.40681e-09 1.09384e-09 1.22199e-09 1.04494e-09 7.36434e-10
threshold=0.9191005000000001 0.010548928629876187 0.0171428635006859 46.385045308318396 6977250.0000000009 0.33046200000000009 -0.0021165001558440832 0.42572000000000004 0.0020533799517048986 0.95568287739756086 57.419108250108671 4600000.0000000009 0.016425874444780046 0.32530017332129207 0.050394143330453105 5.5174324108636164 0.29166650000000005 0.034060521094263913 5378400.0000000009 0.0012406771982588661 0.72028400000000004 0.027906134926628034 -0.012396735531813469 0.0021835184963592221 0.0018867903914715955 0.023392800231907217
decision_type=2 2 2 2 2 2 2 2 2 2 2 2 2 2 2 2 2 2 2 2 2 2 2 2 2 2
left_child=2 8 3 5 7 6 -1 11 25 10 -9 -5 -4 14 15 16 17 -14 -18 -17 -15 22 -22 -24 -23 -2
right_child=1 -3 12 4 -6 -7 -8 9 -10 -11 -12 -13 13 20 -16 19 18 -19 -20 -21 21 24 23 -25 -26 -27
leaf_value=-1.141443382266516e-06 2.1667390691553527e-06 4.9949026659938365e-06 2.8849947089578822e-06 -7.8711544754620874e-07 -4.8346537272874017e-06 -1.9372856115751346e-06 3.6256348114095868e-06 -4.9228972609573519e-06 -2.3840896422674025e-06 -1.7034662872008305e-07 -1.0164576517013301e-06 2.6113704974890918e-06 1.7119023422845666e-07 1.35996958105212e-06 3.2805324883509811e-06 3.8570643886259852e-06 -2.7786858380649293e-07 -3.4953194695219735e-06 3.4051937275075322e-06 6.4277768799535092e-07 1.3102531397635176e-07 -9.5398071380259349e-07 -4.121728997168767e-06 -1.340249205386809e-06 2.07596429859791e-06 -3.1697459726067541e-07
leaf_weight=20 21 23 21 36 26 30 35 26 27 29 20 22 161 26 21 20 27 45 33 29 24 21 21 44 20 22
leaf_count=20 21 23 21 36 26 30 35 26 27 29 20 22 161 26 21 20 27 45 33 29 24 21 21 44 20 22
internal_value=5.77671e-15 9.57424e-07 -1.17623e-07 -8.35663e-07 -1.57139e-06 5.40586e-07 1.89215e-06 -9.33463e-07 -3.69176e-07 -2.04353e-06 -3.22445e-06 5.01965e-07 2.23901e-07 1.10318e-07 4.16114e-07 2.25152e-07 -9.34542e-08 -6.29746e-07 1.74782e-06 1.95473e-06 -5.48319e-07 -9.29977e-07 -1.59981e-06 -2.23888e-06 5.24041e-07 8.96002e-07
internal_weight=850 93 757 244 159 85 55 133 70 75 46 58 513 492 336 315 266 206 60 49 156 130 89 65 41 43
internal_count=850 93 757 244 159 85 55 133 70 75 46 58 513 492 336 315 266 206 60 49 156 130 89 65 41 43
is_linear=0
shrinkage=0.3


Tree=249
num_leaves=31
num_cat=0
split_feature=18 7 7 22 7 5 27 15 8 8 16 18 18 0 14 14 0 7 6 15 17 15 9 15 1 21 27 12 15 8
split_gain=1.14128e-09 2.2744e-09 7.9902e-09 2.65902e-09 2.26804e-09 2.03236e-09 3.22378e-09 2.96056e-09 2.03399e-09 2.52302e-09 1.96284e-09 1.98673e-09 1.89455e-09 3.29342e-09 2.89024e-09 3.62382e-09 3.20313e-09 2.49769e-09 2.91782e-09 1.94558e-09 2.08326e-09 1.92254e-09 2.39759e-09 1.74593e-09 1.72833e-09 1.46411e-09 1.31589e-09 1.13582e-09 1.04287e-09 9.4833e-10
threshold=0.11315601241399345 -0.0096156468420627913 -0.011904824381018815 0.056013500000000008 -0.0043058597456040858 -0.0076411881504091748 0.81280500000000011 -0.015628568717945185 -0.013490675185917341 0.033882507754738576 0.012810244428570452 -0.52957601102982077 -0.4174724052346846 4.6731987623882416 0.015074011093634538 0.012096812316346536 4.7529806875376064 -0.0043861480721382297 0.0020429686233852653 -0.0035781004390709197 0.006987026253447319 0.0063626735786582716 0.020683618970118698 0.01540702329974882 5.2285199192523502 0.034553000000000007 0.91668650000000007 0.0011708854504810854 -0.0019342169334816126 0.014629694441795857
decision_type=2 2 2 2 2 2 2 2 2 2 2 2 2 2 2 2 2 2 2 2 2 2 2 2 2 2 2 2 2 2
left_child=10 2 3 -2 -3 6 -6 -8 -7 26 12 -12 17 21 15 -15 -16 18 -1 20 -18 22 -14 -11 -21 -19 29 28 -27 -10
right_child=1 4 -4 -5 5 8 7 -9 9 23 11 -13 13 14 16 -17 19 25 -20 24 -22 -23 -24 -25 -26 27 -28 -29 -30 -31
leaf_value=3.5446162674664565e-06 -2.7778687032764535e-06 -2.6159159940814587e-06 6.8427806516930493e-06 1.4414284281684091e-06 -1.4267899135621643e-06 2.2869030800620746e-06 8.4639504243406391e-07 5.4399620092513225e-06 4.9303287032496599e-07 -6.0948968692760739e-07 -9.9085075589755433e-07 2.7573558005704918e-06 2.9165801775383514e-06 -1.1807032326061061e-06 -4.4277102282259353e-06 -6.4503805293972382e-06 6.4166715024579645e-07 1.3927049683760429e-06 -7.8113433356401918e-07 2.8293059179912669e-06 -3.1806169667802918e-06 -1.3509393790462292e-06 -1.1414526063013851e-06 2.5818435226988692e-06 -4.9993526142581382e-07 -1.869324574599318e-06 -3.1913305978083801e-06 -2.4847522267076474e-06 9.8884937642651489e-07 -2.045427506421523e-06
leaf_weight=36 20 27 21 41 22 24 28 23 26 36 20 35 38 24 21 23 21 26 23 23 33 33 20 27 36 20 34 35 27 27
leaf_count=36 20 27 21 41 22 24 28 23 26 36 20 35 38 24 21 23 21 26 23 23 33 33 20 27 36 20 34 35 27 27
internal_value=-1.34167e-15 4.09493e-07 1.7956e-06 5.80523e-08 -5.32858e-09 2.80039e-07 1.60861e-06 2.918e-06 -2.77351e-07 -6.87632e-07 -2.951e-07 1.39437e-06 -5.06765e-07 -9.95098e-07 -1.73528e-06 -3.75948e-06 -1.02531e-06 2.88602e-07 1.85831e-06 -3.93e-07 -1.69417e-06 4.77143e-07 1.51726e-06 7.58225e-07 7.97905e-07 -5.68922e-07 -1.73463e-06 -1.1909e-06 -2.27395e-07 -8.00145e-07
internal_weight=850 356 82 61 274 247 73 51 174 150 494 55 439 272 181 47 134 167 59 113 54 91 58 63 59 108 87 82 47 53
internal_count=850 356 82 61 274 247 73 51 174 150 494 55 439 272 181 47 134 167 59 113 54 91 58 63 59 108 87 82 47 53
is_linear=0
shrinkage=0.3


Tree=250
num_leaves=30
num_cat=0
split_feature=10 10 5 10 10 27 15 5 17 17 22 21 8 2 11 4 18 26 9 27 4 20 19 12 16 10 8 26 6
split_gain=9.54318e-10 6.57092e-09 2.16994e-09 3.23739e-09 2.71798e-09 2.17539e-09 2.00609e-09 2.45368e-09 2.2859e-09 2.22212e-09 2.22193e-09 1.98958e-09 3.60066e-09 3.01139e-09 1.77505e-09 1.76293e-09 1.65481e-09 1.39426e-09 1.25254e-09 1.37908e-09 1.34091e-09 1.93618e-09 3.53482e-09 2.40432e-09 1.76001e-09 1.03e-09 1.59518e-09 9.45455e-10 4.84443e-10
threshold=0.25178243428944264 0.35455340370174371 -0.0076411881504091748 -0.014628293761679876 -0.533975662180322 0.87416700000000014 -0.0019880536228579246 0.0062206583129249893 0.0060606486796619986 0.013636421143209204 0.13716500000000001 0.16613650000000005 -0.030103443869117504 4.5860008947367463 80.464698833902148 4147550.0000000005 0.038767913589520447 0.27659850000000002 0.044741577055879243 0.60970600000000008 3584650.0000000005 0.25640500000000005 0.6516645000000002 -0.001844784593253133 0.0039292845697016035 1.9849559739513074 -3.1225022567582522e-17 0.83363050000000005 -0.0062499809330717965
decision_type=2 2 2 2 2 2 2 2 2 2 2 2 2 2 2 2 2 2 2 2 2 2 2 2 2 2 2 2 2
left_child=2 -2 4 18 11 -5 8 15 -3 14 -10 12 13 -1 25 -8 -17 -13 19 -4 24 23 -23 -22 -21 26 -9 -6 -26
right_child=1 6 3 5 27 -7 7 9 10 -11 -12 17 -14 -15 -16 16 -18 -19 -20 20 21 22 -24 -25 28 -27 -28 -29 -30
leaf_value=-5.8028103402964753e-07 5.1548558147374019e-06 -3.4758885915055413e-06 1.6891185591053467e-06 -1.2730485316581053e-06 1.1980596162453777e-06 -5.5094324562787731e-06 -3.2563150398345899e-09 -1.9861408707129156e-06 2.1852566096537304e-06 -3.2094216933131747e-06 -1.7312351733522745e-06 -3.6562387053200898e-07 9.5786960459830726e-07 -5.4897610456547145e-06 2.3639340516486603e-06 4.5135195629200096e-06 1.2982891587475036e-06 2.6023035231979709e-06 1.8221903068089365e-06 2.5733374172887125e-06 -1.5999624477830548e-06 -5.9680602028322479e-06 -8.8392822501504036e-07 2.2611545684217813e-06 1.4699878404046881e-07 -1.8847203377923694e-06 7.363579327685847e-07 3.7366567164059705e-06 -1.9160515073224359e-06
leaf_weight=23 24 28 21 24 31 20 36 25 22 20 32 28 39 22 27 25 34 29 21 20 47 20 32 21 21 29 86 23 20
leaf_count=23 24 28 21 24 31 20 36 25 22 20 32 28 39 22 27 25 34 29 21 20 47 20 32 21 21 29 86 23 20
internal_value=-1.06634e-14 3.46867e-07 -2.91309e-07 -8.46938e-07 4.69477e-07 -3.19868e-06 2.98571e-08 4.09634e-07 -1.2762e-06 -2.21101e-07 -1.35627e-07 -2.23652e-07 -1.15196e-06 -2.98047e-06 1.36782e-07 1.65119e-06 2.66067e-06 1.14437e-06 -3.82918e-07 -6.12162e-07 -8.79161e-07 -1.46134e-06 -2.83936e-06 -4.07559e-07 2.6611e-07 -2.9274e-07 1.23183e-07 2.27931e-06 -8.59367e-07
internal_weight=850 388 462 267 195 44 364 282 82 187 54 141 84 45 167 95 59 57 223 202 181 120 52 68 61 140 111 54 41
internal_count=850 388 462 267 195 44 364 282 82 187 54 141 84 45 167 95 59 57 223 202 181 120 52 68 61 140 111 54 41
is_linear=0
shrinkage=0.3


Tree=251
num_leaves=31
num_cat=0
split_feature=20 17 0 3 0 18 10 10 6 3 22 27 28 16 17 7 12 18 5 5 15 20 22 18 22 27 17 17 0 18
split_gain=8.27831e-10 1.59169e-09 2.60587e-09 1.31684e-09 1.18597e-09 1.08167e-09 2.59196e-09 2.29109e-09 6.20395e-09 2.59558e-09 2.34363e-09 2.19667e-09 1.96558e-09 1.57118e-09 1.95091e-09 1.50975e-09 1.33147e-09 1.16924e-09 2.39415e-09 2.15337e-09 2.72787e-09 1.84217e-09 1.77885e-09 1.30406e-09 1.27572e-09 8.99832e-10 9.65484e-10 1.44906e-09 7.60471e-10 3.28089e-10
threshold=0.025174500000000006 0.0055558108526588485 5.062999317727237 4.9238157272338876 4.6515826035839343 -0.02547218779706303 -1.84348919527542 0.79727033435957562 0.014122318116620526 4.6851985454559335 0.51469350000000003 0.86019600000000007 1.0000000180025095e-35 0.0020575620925850305 0.0081383527082122317 0.0037786994339498894 0.0013053765362232655 -0.32578988327608366 -0.012463678473105552 0.0018692069111060949 0.0072072522784614448 0.13322300000000004 0.05670250000000001 -0.17305511853887881 0.015408000000000002 0.93457750000000017 0.0020899142363651987 0.0061887282985896054 4.6121282470310829 0.50056072069528257
decision_type=2 2 2 2 2 2 2 2 2 2 2 2 2 2 2 2 2 2 2 2 2 2 2 2 2 2 2 2 2 2
left_child=1 3 4 28 -3 17 -7 8 10 -9 13 -12 15 14 -8 -11 -15 18 -2 21 -21 -19 -23 -22 -20 26 -26 -28 -1 -14
right_child=5 2 -4 -5 -6 6 7 9 -10 12 11 -13 29 16 -16 -17 -18 19 24 20 23 22 -24 -25 25 -27 27 -29 -30 -31
leaf_value=5.9966566709590554e-07 2.7886751148667847e-06 -2.1002316053753135e-06 -4.623811307595815e-06 1.7868012788824217e-06 1.1277094042075727e-06 -2.6702063766395862e-06 3.3578129760680751e-06 2.3676529642671083e-06 6.0417856275307711e-06 -3.7630951904280402e-06 4.0607765547726808e-07 4.5163604772824323e-06 1.4107560679121889e-06 6.5718758725872498e-08 -5.8328014802100374e-07 -6.7469804448670595e-07 -2.5928613435358524e-06 -4.1201763519893576e-06 2.0538057628982641e-06 2.6573473304678272e-06 -2.8015272278025802e-06 -2.9848850586362956e-06 6.1995101349663983e-07 5.455739851356611e-07 4.4425304657544561e-07 1.1947354686014932e-06 -2.8898557470778111e-06 -4.1523590090563583e-07 -1.8822310886434933e-06 -3.0761566051751291e-07
leaf_weight=20 28 20 20 30 21 22 26 25 22 28 22 25 20 88 20 29 21 25 20 27 22 22 28 20 39 24 34 57 25 20
leaf_count=20 28 20 20 30 21 22 26 25 22 28 22 25 20 88 20 29 21 25 20 27 22 22 28 20 39 24 34 57 25 20
internal_value=2.21595e-15 -6.78363e-07 -1.81638e-06 2.47221e-07 -4.46896e-07 1.29212e-07 4.87254e-07 6.88017e-07 1.25774e-06 -3.58023e-07 7.367e-07 2.5924e-06 -1.06052e-06 1.74004e-07 1.64429e-06 -2.19181e-06 -4.46485e-07 -2.51595e-07 2.14035e-07 -9.04771e-07 3.04728e-07 -2.01751e-06 -9.66177e-07 -1.20767e-06 -2.00275e-07 -4.93013e-07 -8.04597e-07 -1.33982e-06 -7.79166e-07 5.5157e-07
internal_weight=850 136 61 75 41 714 368 346 224 122 202 47 97 155 46 57 109 346 202 144 69 75 50 42 174 154 130 91 45 40
internal_count=850 136 61 75 41 714 368 346 224 122 202 47 97 155 46 57 109 346 202 144 69 75 50 42 174 154 130 91 45 40
is_linear=0
shrinkage=0.3


Tree=252
num_leaves=31
num_cat=0
split_feature=7 21 21 9 8 11 7 19 21 26 16 17 18 12 15 23 21 17 1 22 26 8 0 0 10 4 27 28 4 10
split_gain=6.6645e-10 2.43877e-09 8.74461e-09 3.76816e-09 1.91334e-09 1.55245e-09 1.1192e-09 1.4452e-09 1.22675e-09 1.76481e-09 1.43572e-09 1.87342e-09 1.20983e-09 1.15663e-09 2.07702e-09 1.10816e-09 1.09317e-09 1.0686e-09 1.31738e-09 1.5442e-09 9.96888e-10 1.60306e-09 1.36684e-09 1.83539e-09 2.04899e-09 1.7409e-09 9.803e-10 8.26472e-10 8.13989e-10 5.19809e-10
threshold=-0.0017226430446019225 0.039738000000000002 0.043712500000000008 0.0077115410344174738 0.011225511256739143 47.710626537514948 0.0016091872343663939 0.46190400000000004 0.82111650000000014 0.065680500000000017 0.0036429958558437231 0.0019627084991599162 0.64568378114139546 0.0021284805037561578 0.0041152222998091072 0.41666650000000005 0.028807000000000003 0.0037807280980231331 4.5959006766507313 0.61222050000000017 0.83198950000000005 -0.006322591340307584 5.0295375064818897 4.6757491967021814 -0.20133431347342026 8638750.0000000019 0.73295050000000017 1.0000000180025095e-35 6977250.0000000009 0.93206458816111148
decision_type=2 2 2 2 2 2 2 2 2 2 2 2 2 2 2 2 2 2 2 2 2 2 2 2 2 2 2 2 2 2
left_child=1 4 -3 -4 5 16 7 27 10 -10 11 -8 13 14 15 -12 -1 -13 -19 -20 22 -22 23 26 -25 -24 -5 -2 29 -15
right_child=6 2 3 20 -6 -7 8 -9 9 -11 12 17 -14 28 -16 -17 -18 18 19 -21 21 -23 25 24 -26 -27 -28 -29 -30 -31
leaf_value=2.5265672493019492e-07 -2.8767962196202704e-06 6.831485741258802e-06 4.1374376548576818e-06 1.7409311607252676e-06 -2.9275101850601003e-06 1.89924926772278e-06 2.4080576551455123e-06 9.3993489407750981e-07 -1.4299581100171312e-07 3.5467566600999588e-06 2.3574743476371751e-06 -1.8995111247477324e-06 -2.6862603308932021e-06 -1.0946989293229721e-06 -1.6145375148823859e-06 -2.5765631914964614e-07 -2.4543712640934245e-06 2.4467192356983755e-06 8.2348188367898221e-07 -1.744206417697569e-06 3.1832974059398109e-06 -5.6957201154870871e-07 2.3993663046439903e-06 -4.4544966291813699e-06 -3.5581653402719631e-07 -9.2113067151128935e-07 -7.1171601193369009e-07 -5.5486691198067009e-07 7.0665606699549244e-08 -3.1135535891735344e-06
leaf_weight=29 37 20 21 20 30 24 34 20 28 20 35 24 26 22 36 25 25 21 53 35 20 21 30 23 21 27 55 22 22 24
leaf_count=29 37 20 21 20 30 24 34 20 28 20 35 24 26 22 36 25 25 21 53 35 20 21 30 23 21 27 55 22 22 24
internal_value=8.52651e-17 3.05477e-07 8.06512e-07 3.00211e-07 -8.9144e-07 -1.08337e-07 -2.31001e-07 -1.26392e-06 -2.95175e-08 1.3944e-06 -2.20969e-07 4.20743e-07 -7.85e-07 -4.8358e-07 1.86946e-07 1.26784e-06 -1.0006e-06 -8.72921e-08 3.11729e-07 -1.97758e-07 -7.11333e-08 1.2611e-06 -3.81482e-07 -9.60095e-07 -2.49831e-06 8.26499e-07 -5.76768e-08 -2.01099e-06 -1.43021e-06 -2.14801e-06
internal_weight=850 366 258 238 108 78 484 79 405 48 357 167 190 164 96 60 54 133 109 88 217 41 176 119 44 57 75 59 68 46
internal_count=850 366 258 238 108 78 484 79 405 48 357 167 190 164 96 60 54 133 109 88 217 41 176 119 44 57 75 59 68 46
is_linear=0
shrinkage=0.3


Tree=253
num_leaves=23
num_cat=0
split_feature=10 10 4 3 22 7 22 22 3 1 27 16 10 24 1 1 12 5 6 2 22 16
split_gain=8.82445e-10 4.99072e-09 2.26209e-09 2.97858e-09 1.38995e-09 1.73825e-09 1.38869e-09 1.13912e-09 1.05719e-09 3.6036e-09 1.45102e-09 2.21461e-09 1.53152e-09 1.43721e-09 1.11815e-09 9.55345e-10 1.4918e-09 1.59244e-09 1.775e-09 2.10799e-09 9.50006e-10 8.82003e-10
threshold=0.32983207659205743 0.41128029773175062 9598600.0000000019 5.634416103363038 0.046280000000000009 -0.012389487167980776 0.95421800000000012 0.62819000000000014 4.6407611370086679 4.7171542438175136 0.82050250000000013 0.0037313527859342117 1.0881051089698179 0.41666650000000005 4.5871961993153549 4.4806815437003857 0.0030447496908646014 -0.021455721423677684 0.004175333928463496 4.6823164488286242 0.041180000000000008 0.0070216738464852256
decision_type=2 2 2 2 2 2 2 2 2 2 2 2 2 2 2 2 2 2 2 2 2 2
left_child=2 -2 3 15 -4 -6 8 -7 14 -10 11 -11 -13 21 -3 -1 17 -17 19 -19 -20 -12
right_child=1 6 4 -5 5 7 -8 -9 9 10 13 12 -14 -15 -16 16 -18 18 20 -21 -22 -23
leaf_value=1.1987176259437194e-06 4.9582665866410025e-06 -4.4086090724704268e-08 -6.0415431962170372e-07 -4.1543268264376821e-06 4.0035230326070215e-06 2.2013884107123389e-06 2.3918945110133133e-06 -9.2688479846003703e-07 4.0644984960636065e-06 -2.7755647592514899e-06 4.3006777761844938e-07 2.27376663758605e-06 -1.0004757449166846e-06 2.1114090538768929e-06 -2.5875691270422457e-06 -2.7524673293516134e-06 -2.6383593263647397e-06 -5.5166356276943637e-07 -3.1505290480587126e-06 1.3477862055772734e-06 -7.4606154078082914e-07 -1.491816546157334e-06
leaf_weight=31 20 35 31 20 22 22 22 20 20 39 83 20 36 36 28 23 28 121 21 93 50 29
leaf_count=31 20 35 31 20 22 22 22 20 20 39 83 20 36 36 28 23 28 121 21 93 50 29
internal_value=-5.71276e-15 3.49828e-07 -2.67089e-07 -5.89092e-07 1.04465e-06 1.84329e-06 8.49757e-08 7.11735e-07 -7.07059e-08 1.93707e-07 -1.24877e-07 -1.03988e-06 1.68897e-07 4.62457e-07 -1.17452e-06 -3.94801e-07 -5.41822e-07 -3.51228e-07 -1.57443e-07 2.73798e-07 -1.45724e-06 -6.7563e-08
internal_weight=850 368 482 387 95 64 348 42 326 263 243 95 56 148 63 367 336 308 285 214 71 112
internal_count=850 368 482 387 95 64 348 42 326 263 243 95 56 148 63 367 336 308 285 214 71 112
is_linear=0
shrinkage=0.3


Tree=254
num_leaves=12
num_cat=0
split_feature=7 5 0 15 5 26 5 5 17 13 0
split_gain=6.08969e-10 7.4968e-10 1.13236e-09 9.68441e-10 1.14313e-09 1.25637e-09 3.53449e-09 1.05729e-09 1.45836e-09 1.48085e-09 1.25639e-09
threshold=-0.040010669543383025 -0.027755559951880952 4.7361150211334815 -0.021496677483177181 -0.019418075114363994 0.94318050000000009 0.0037106087174468712 -0.013683953701312852 0.023679516490920292 0.025530324435868036 4.7529806875376064
decision_type=2 2 2 2 2 2 2 2 2 2 2
left_child=-1 2 -2 -3 -5 7 -7 10 9 -9 -6
right_child=1 3 -4 4 5 6 -8 8 -10 -11 -12
leaf_value=-1.4896825398125201e-06 -3.9012890237121277e-07 -1.945393404165098e-06 2.534270698526178e-06 2.161481094472864e-06 3.966836224833514e-07 -4.5127390217203355e-06 9.9765942513324091e-07 -1.8551176177386733e-07 -2.3614910807623343e-06 7.3940716038526563e-07 -2.8228177690436949e-06
leaf_weight=24 22 23 26 22 20 20 22 338 20 289 24
leaf_count=24 22 23 26 22 20 20 22 338 20 289 24
internal_value=2.71093e-15 4.32838e-08 1.19392e-06 -2.77067e-08 3.07129e-08 -3.32392e-08 -1.62634e-06 6.35918e-08 1.60365e-07 2.40807e-07 -1.35941e-06
internal_weight=850 826 48 778 755 733 42 691 647 627 44
internal_count=850 826 48 778 755 733 42 691 647 627 44
is_linear=0
shrinkage=0.3


Tree=255
num_leaves=26
num_cat=0
split_feature=6 20 3 17 17 7 7 26 10 18 20 6 13 4 4 6 6 26 10 11 10 22 14 19 23
split_gain=6.14461e-10 1.53223e-09 5.44182e-09 1.37874e-09 2.17233e-09 1.42332e-09 2.10465e-09 1.22474e-09 1.21818e-09 1.18147e-09 1.2323e-09 1.06976e-09 1.36147e-09 1.54444e-09 1.18591e-09 1.01587e-09 1.44513e-09 1.53634e-09 1.7228e-09 1.235e-09 9.79642e-10 1.24536e-09 8.94289e-10 7.13738e-10 5.06257e-10
threshold=-0.0021367392770927991 0.9191005000000001 4.7166438102722177 0.010672508834624792 0.014136150207708541 -0.025409028368138117 -0.012685186845328879 0.54964700000000011 2.1496408458761853 0.52891451828009373 0.040508000000000009 -0.0042284459830822093 0.020172954541539851 8183600.0000000009 4600000.0000000009 0.010214333985498135 -0.0016260862389742899 0.89638050000000014 -0.88084289132829074 76.105091445498644 1.3469000149733314 0.050556000000000011 0.016410258023605403 0.041521000000000009 0.29166650000000005
decision_type=2 2 2 2 2 2 2 2 2 2 2 2 2 2 2 2 2 2 2 2 2 2 2 2 2
left_child=3 8 -3 5 -5 -1 -7 -6 9 15 -11 12 14 22 -8 16 -2 18 -18 20 21 -17 -14 -12 -15
right_child=1 2 -4 4 7 6 11 -9 -10 10 23 -13 13 24 -16 19 17 -19 -20 -21 -22 -23 -24 -25 -26
leaf_value=1.7348195602348171e-06 -1.7354358350628117e-06 5.3646206135288759e-06 -6.9069434570177255e-07 3.5013521255677915e-06 1.7041144772633743e-06 -3.1066140321556191e-06 -2.641033739746123e-07 -1.2544787026894588e-06 2.3147819563007488e-06 -2.7408874062631284e-06 9.271510642321345e-07 -2.4755654980491602e-06 -3.1083398420274416e-06 -3.1438141031065406e-07 2.5129868691351475e-06 -2.6106914040724404e-06 2.6459851640608506e-06 2.6159763170942434e-06 -6.0240688975155584e-08 -2.4424978910840011e-06 1.512379187066212e-06 4.9929781681098231e-08 -9.4023581345767002e-07 -1.1262717079646859e-06 1.7449199927252069e-06
leaf_weight=21 21 22 34 20 20 32 31 34 20 27 25 22 23 22 25 20 26 37 114 23 28 76 67 39 21
leaf_count=21 21 22 34 20 20 32 31 34 20 27 25 22 23 22 25 20 26 37 114 23 28 76 67 39 21
internal_value=1.16647e-14 2.07244e-07 1.68818e-06 -3.13932e-07 8.30501e-07 -6.3472e-07 -8.39495e-07 -1.58703e-07 2.5375e-08 -7.96437e-08 -1.04121e-06 -4.95667e-07 -2.65202e-07 -7.87674e-07 9.75669e-07 1.73986e-07 6.17551e-07 8.96719e-07 4.42344e-07 -4.23469e-07 -4.89722e-08 -5.04366e-07 -1.49431e-06 -3.24153e-07 6.91324e-07
internal_weight=850 512 56 338 74 264 243 54 456 436 91 211 189 133 56 345 198 177 140 147 124 96 90 64 43
internal_count=850 512 56 338 74 264 243 54 456 436 91 211 189 133 56 345 198 177 140 147 124 96 90 64 43
is_linear=0
shrinkage=0.3


Tree=256
num_leaves=14
num_cat=0
split_feature=5 8 15 0 8 7 14 27 15 13 13 0 7
split_gain=6.79383e-10 7.76316e-10 7.63059e-10 1.01461e-09 1.6459e-09 8.78414e-10 2.44375e-09 4.66186e-09 1.57977e-09 1.22283e-09 1.52039e-09 1.12636e-09 1.01881e-09
threshold=0.036552721433855635 -0.13042657175449893 -0.029098125096418882 5.8590107488271945 0.037415319231165388 -0.001947382600463345 0.01424216574777973 0.91264250000000013 0.021442510198344377 0.037817908555719461 0.031551086957135745 5.6392984388769101 0.0016091872343663939
decision_type=2 2 2 2 2 2 2 2 2 2 2 2 2
left_child=1 -1 -3 5 -5 6 7 -4 11 10 -8 12 -7
right_child=-2 2 3 4 -6 8 9 -9 -10 -11 -12 -13 -14
leaf_value=-1.6737806447508774e-06 -1.6082662566334518e-06 1.5065647356881196e-06 3.0924380810479066e-07 -3.3754284947917765e-06 3.0949229143928394e-07 -1.5025967688247297e-06 2.8025987935929876e-07 5.9678342945401749e-06 2.1078410522243564e-06 2.3391033408870498e-06 -1.6891641090472314e-06 1.5298621858862913e-06 -2.110061479199339e-07
leaf_weight=23 23 33 38 20 24 67 178 20 26 20 44 28 306
leaf_count=23 23 33 38 20 24 67 178 20 26 20 44 28 306
internal_value=1.85514e-15 4.47281e-08 9.38894e-08 3.34247e-08 -1.36547e-06 1.1809e-07 5.1151e-07 2.26048e-06 -1.58318e-07 9.23351e-08 -1.10076e-07 -3.05251e-07 -4.43008e-07
internal_weight=850 827 804 771 44 727 300 58 427 242 222 401 373
internal_count=850 827 804 771 44 727 300 58 427 242 222 401 373
is_linear=0
shrinkage=0.3


Tree=257
num_leaves=19
num_cat=0
split_feature=27 27 14 4 5 2 12 17 5 20 20 11 11 13 13 4 14 17
split_gain=7.11694e-10 2.77835e-09 2.19239e-09 3.82433e-09 9.51888e-10 1.16594e-09 1.02049e-09 9.07629e-10 1.02948e-09 8.54876e-10 9.8541e-10 1.11132e-09 1.08625e-09 7.53303e-10 1.12867e-09 7.45372e-10 1.4121e-09 3.9275e-10
threshold=0.92552100000000015 0.9191005000000001 0.01516590195776679 3609600.0000000005 -0.019418075114363994 5.1993100931729828 0.00088749665944488269 0.0039139056614521123 0.01223254865501114 0.025174500000000006 0.029501000000000003 80.464698833902148 72.899527143775359 0.030678334085381381 0.023037923959706229 1755350.0000000002 0.01020402304583133 0.012671709874905275
decision_type=2 2 2 2 2 2 2 2 2 2 2 2 2 2 2 2 2 2
left_child=1 9 3 -2 -4 7 -7 8 -6 -1 -11 12 15 14 -9 -12 -17 -15
right_child=2 -3 4 -5 5 6 -8 13 -10 10 11 -13 -14 17 -16 16 -18 -19
leaf_value=-1.4642711192891511e-06 4.9787371886446233e-07 2.6695565301344299e-06 1.4184725579205994e-06 -4.4636129428391569e-06 1.9771779014783014e-06 2.4167982815015421e-06 -4.8476734903601937e-07 -5.2286343087562922e-07 -9.5940847392677645e-07 2.1236319948262202e-06 -1.6211387323101404e-06 1.6274430754359413e-06 -1.639438827641539e-06 -1.1231582601567425e-06 -3.1931912274260332e-06 2.41626945086429e-06 -8.1202911298142042e-09 7.56934281846977e-07
leaf_weight=33 27 38 37 29 21 24 20 28 22 21 23 36 38 20 29 23 361 20
leaf_count=33 27 38 37 29 21 24 20 28 22 21 23 36 38 20 29 23 361 20
internal_value=-1.22846e-14 1.90863e-07 -3.94817e-07 -2.07147e-06 3.00355e-08 -2.49161e-07 1.0979e-06 -6.72525e-07 4.74738e-07 1.48059e-08 1.12036e-07 2.42118e-08 -1.05488e-07 -1.18111e-06 -1.88145e-06 3.77312e-08 1.37091e-07 -1.83112e-07
internal_weight=850 573 277 56 221 184 44 140 43 535 502 481 445 97 57 407 384 40
internal_count=850 573 277 56 221 184 44 140 43 535 502 481 445 97 57 407 384 40
is_linear=0
shrinkage=0.3


Tree=258
num_leaves=29
num_cat=0
split_feature=17 8 17 17 6 12 16 22 9 5 1 10 4 13 9 15 22 8 14 9 7 20 19 19 10 8 20 20
split_gain=7.1346e-10 2.33173e-09 1.25731e-09 8.59026e-09 2.10326e-09 1.65866e-09 1.15533e-09 9.72551e-10 8.68832e-10 1.70626e-09 2.17504e-09 2.84523e-09 1.60688e-09 1.3151e-09 2.52644e-09 9.38048e-10 8.46674e-10 7.82707e-10 8.70795e-10 9.97687e-10 1.5829e-09 7.65586e-10 7.46937e-10 7.11668e-10 1.13822e-09 5.38142e-10 5.15598e-10 4.6333e-10
threshold=0.0018150730369214608 0.033882507754738576 0.004004004289432395 0.0038022914923094659 0.004175333928463496 -0.0023564206612489793 0.0042150141806909886 0.51934700000000011 0.015773436329643269 -0.0018976046885870184 4.6043089041113321 0.38794269152766264 5300500.0000000009 0.023952360417551433 0.018847316959470142 -0.0019342169334816126 0.23882600000000001 0.087915036237812813 0.021802036369764643 0.046415100753217912 -0.01280746433614751 0.13474450000000002 -0.27795599999999993 0.39742100000000008 -0.7522948947919802 0.007031158856732945 0.26353550000000009 0.049868500000000003
decision_type=2 2 2 2 2 2 2 2 2 2 2 2 2 2 2 2 2 2 2 2 2 2 2 2 2 2 2 2
left_child=1 22 3 4 5 -2 -3 25 9 15 -11 -12 -13 14 -10 27 -6 18 21 20 -20 -15 -1 26 -25 -7 -24 -4
right_child=2 6 8 -5 16 7 -8 -9 13 10 11 12 -14 17 -16 -17 -18 -19 19 -21 -22 -23 23 24 -26 -27 -28 -29
leaf_value=-2.5213908160061501e-06 2.3046551701991357e-06 2.9713271670418957e-06 9.3096061521334497e-07 6.3774005084837878e-06 -3.2032914694113401e-06 -2.1706860906078871e-06 -2.1463958290723892e-07 1.4947597958325788e-06 4.2080018693013693e-06 1.2298331190994879e-06 -4.092567709257366e-06 -2.0180586687956746e-06 1.4035329712669408e-06 -2.2903709254043621e-06 -4.5080162439345173e-07 2.1923464633541049e-06 -4.7590503007605938e-07 -1.7921389274176491e-06 2.1054187320206883e-06 -1.5017790835135321e-06 1.1022039564068109e-07 4.5561946901021395e-08 -8.6551615827200004e-07 -6.7275569182179143e-08 -2.9067044964550505e-06 3.7022043589526478e-09 1.1078127306163311e-06 -8.716293413096372e-07
leaf_weight=29 38 21 21 22 20 20 20 20 20 23 36 30 21 23 22 21 21 21 47 23 150 28 26 24 27 21 22 33
leaf_count=29 38 21 21 22 20 20 20 20 20 23 36 30 21 23 22 21 21 21 47 23 150 28 26 24 27 21 22 33
internal_value=9.72712e-15 -5.5173e-07 1.3692e-07 8.66538e-07 5.4487e-10 7.4885e-07 1.4172e-06 -2.20341e-07 -9.08221e-08 -6.12368e-07 -1.36467e-06 -2.05057e-06 -6.09168e-07 1.98058e-07 1.76768e-06 4.91009e-07 -1.80634e-06 -2.77085e-08 1.09019e-07 3.6794e-07 5.86232e-07 -1.0079e-06 -1.1824e-06 -7.90173e-07 -1.5705e-06 -1.05698e-06 3.89262e-08 -1.70622e-07
internal_weight=850 169 681 162 140 99 41 61 519 185 110 87 51 334 42 75 41 292 271 220 197 51 128 99 51 41 48 54
internal_count=850 169 681 162 140 99 41 61 519 185 110 87 51 334 42 75 41 292 271 220 197 51 128 99 51 41 48 54
is_linear=0
shrinkage=0.3


Tree=259
num_leaves=30
num_cat=0
split_feature=12 12 19 18 17 5 5 16 16 14 0 20 14 0 6 0 11 14 14 14 9 13 27 20 15 6 27 18 21
split_gain=6.78733e-10 1.63915e-09 1.56202e-09 6.68492e-09 1.08805e-09 1.07164e-09 9.7171e-10 9.61503e-10 8.89402e-10 8.36588e-10 1.43169e-09 1.59247e-09 8.35333e-10 1.30673e-09 1.17524e-09 1.08098e-09 1.02235e-09 7.44257e-10 7.17505e-10 1.43163e-09 1.17369e-09 1.62603e-09 1.76052e-09 1.26687e-09 7.48807e-10 6.06438e-10 5.70572e-10 5.45768e-10 5.25637e-10
threshold=-0.00057084749516286652 -0.00089992108477350791 0.65747050000000018 0.41644742937423912 0.0018150730369214608 0.0062206583129249893 0.0084266338817136372 0.016407978640831843 0.012358394682635655 0.037658769218412179 5.1186987102202863 0.10154050000000002 0.03346120649323845 4.88923018017078 0.0018867903914715955 4.4902662090711241 35.389055726226154 0.018040252487904002 0.024270792816219692 0.030387095139777848 0.0081533053034522299 0.025098019072123237 0.80103600000000019 0.025174500000000006 -0.0062959640661172161 0.0021255271189565693 0.88142600000000015 -0.30114267206572781 0.041798000000000009
decision_type=2 2 2 2 2 2 2 2 2 2 2 2 2 2 2 2 2 2 2 2 2 2 2 2 2 2 2 2 2
left_child=1 4 5 17 28 18 -7 8 12 10 11 -8 13 15 -15 -6 -14 -4 20 24 -2 22 -22 -24 -20 -19 -21 -23 -1
right_child=2 -3 3 -5 7 6 9 -9 -10 -11 -12 -13 16 14 -16 -17 -18 25 19 26 21 27 23 -25 -26 -27 -28 -29 -30
leaf_value=-2.3883576174110742e-06 -9.1548700476612948e-07 -2.8863517018505393e-06 -1.229345902231671e-06 5.7744807838102842e-06 1.6713492874487201e-06 -2.3064267643186603e-06 -2.7029975277465772e-06 -1.9002539573875764e-06 1.9592047144101344e-06 -1.7846869913394304e-06 2.165622691030006e-06 6.3885409453880788e-07 -2.1259492154968028e-06 2.3196815610049271e-06 -1.839102146227055e-07 -7.9763456032516176e-07 3.9459838596656027e-07 -3.7738215511403127e-07 -2.672217542112776e-06 1.8492921601937664e-06 -4.2887404561042781e-09 1.0920342397778017e-06 1.2767533850421841e-06 4.4029328120944093e-06 -2.0942651644872968e-07 1.8257749058069419e-06 -1.5156183684635395e-07 -7.5951139440857527e-07 -5.9501819791307755e-07
leaf_weight=24 33 21 30 23 20 28 21 20 25 26 23 33 30 45 27 79 28 23 25 23 25 23 20 28 20 22 29 38 38
leaf_count=24 33 21 30 23 20 28 21 20 25 26 23 33 30 45 27 79 28 23 25 23 25 23 20 28 20 22 29 38 38
internal_value=3.31656e-15 -3.15029e-07 2.28125e-07 1.3002e-06 -1.54321e-07 -3.78596e-08 -7.39338e-07 1.02479e-07 2.60175e-07 -3.13333e-07 1.83488e-07 -6.60755e-07 7.4691e-08 4.08386e-07 1.38083e-06 -2.9885e-07 -9.09133e-07 -7.19082e-08 3.10222e-07 -3.38717e-07 6.87151e-07 1.08183e-06 2.03712e-06 3.10036e-06 -1.57764e-06 6.99717e-07 7.33431e-07 -6.13876e-08 -1.28921e-06
internal_weight=850 357 493 98 336 395 131 274 254 103 77 54 229 171 72 99 58 75 264 97 167 134 73 48 45 45 52 61 62
internal_count=850 357 493 98 336 395 131 274 254 103 77 54 229 171 72 99 58 75 264 97 167 134 73 48 45 45 52 61 62
is_linear=0
shrinkage=0.3


Tree=260
num_leaves=28
num_cat=0
split_feature=1 18 1 18 20 27 21 6 7 15 1 26 4 18 5 0 7 16 7 12 14 18 14 8 4 5 27
split_gain=8.05717e-10 1.32922e-09 9.80577e-10 8.93906e-10 4.44012e-09 1.22599e-09 1.3575e-09 1.51326e-09 1.24102e-09 1.51598e-09 1.14259e-09 1.13813e-09 1.06512e-09 1.01621e-09 1.37754e-09 8.75023e-10 8.61125e-10 8.14108e-10 1.58797e-09 1.28413e-09 2.48808e-09 8.93652e-10 8.10556e-10 7.85339e-10 6.74853e-10 6.12032e-10 4.97497e-10
threshold=5.2337034857171707 0.74936836824247266 5.1761886134724397 0.31184330662016163 0.80144150000000014 0.95772550000000012 0.052690000000000008 0.0018692069111060949 0.0042284173826080537 -0.0082817077307011967 4.883318694153691 0.83198950000000005 4123450.0000000005 -0.32578988327608366 0.0019305057666435916 4.6731987623882416 0.0021255271189565693 0.0018832440747526523 -1.0000000180025095e-35 -0.00057084749516286652 0.020967722584131408 0.051037250701924324 0.027264957706805603 0.049341716870934041 3325300.0000000005 0.0020855562549158191 0.91264250000000013
decision_type=2 2 2 2 2 2 2 2 2 2 2 2 2 2 2 2 2 2 2 2 2 2 2 2 2 2 2
left_child=2 17 3 5 10 6 7 13 11 -10 16 15 -9 -1 -15 -8 25 18 -2 20 -19 -22 -18 -21 -11 -5 -20
right_child=1 -3 -4 4 -6 -7 8 12 9 24 -12 -13 -14 14 -16 -17 22 19 26 23 21 -23 -24 -25 -26 -27 -28
leaf_value=-7.2708226381027174e-07 2.6481411499513673e-06 -2.838297912433063e-06 2.1824386359574938e-06 1.0356449627936723e-06 3.6925721414198569e-06 1.6787353031634576e-06 3.8713733518514207e-09 1.6621763907294182e-06 3.115342627532537e-06 1.6298024508179641e-06 1.3486579664737736e-06 1.4743033978867549e-06 -9.1188892864780558e-07 -4.6606573907378588e-06 -1.1817619088105857e-06 -1.4583853935041417e-06 -4.6887255575123568e-07 -4.4496375659264232e-06 -1.1851485305669483e-06 1.4895632296849306e-06 9.9862859721205103e-07 -1.8034017206502994e-06 -2.951415354459641e-06 -8.0015034841705654e-07 -3.6044693555689497e-07 -8.109447946935688e-07 7.1869549417767433e-07
leaf_weight=33 22 20 21 35 35 31 79 23 23 23 39 26 39 21 20 69 29 20 30 26 21 20 20 28 46 30 21
leaf_count=33 22 20 21 35 35 31 79 23 23 23 39 26 39 21 20 69 29 20 30 26 21 20 20 28 46 30 21
internal_value=-1.50593e-15 -5.13144e-07 1.66252e-07 9.80719e-08 6.44315e-07 -1.39096e-07 -2.79277e-07 -1.05027e-06 1.14913e-07 1.00606e-06 -5.29982e-08 -3.56269e-07 4.30063e-08 -1.96625e-06 -2.96364e-06 -6.77856e-07 -5.32512e-07 -2.65787e-07 5.17771e-07 -7.63175e-07 -1.70639e-06 -3.68215e-07 -1.48216e-06 3.02304e-07 3.0297e-07 1.83373e-07 -4.01213e-07
internal_weight=850 208 642 621 188 433 402 136 266 92 153 174 62 74 41 148 114 188 73 115 61 41 49 54 69 65 51
internal_count=850 208 642 621 188 433 402 136 266 92 153 174 62 74 41 148 114 188 73 115 61 41 49 54 69 65 51
is_linear=0
shrinkage=0.3


Tree=261
num_leaves=27
num_cat=0
split_feature=3 17 14 5 19 28 7 2 20 16 2 20 21 12 11 15 13 11 12 3 7 10 27 21 4 16
split_gain=6.18567e-10 1.69574e-09 7.42726e-10 2.14689e-09 7.51615e-09 1.14135e-09 1.12167e-09 1.60001e-09 1.10186e-09 1.23125e-09 1.05486e-09 1.00406e-09 9.72378e-10 8.71718e-10 9.78545e-10 1.03017e-09 8.94683e-10 8.23882e-10 8.20105e-10 8.10089e-10 7.5115e-10 5.66576e-10 5.46198e-10 1.18042e-09 3.74159e-10 3.69606e-10
threshold=5.8450112342834482 0.0094414039704009186 0.025975797769574021 0.010000223269627096 0.6516645000000002 1.0000000180025095e-35 0.0056605638686329151 4.4330517844005461 0.026983500000000004 0.01413132741611994 4.5492883378544482 0.88305500000000003 0.16393550000000004 -0.0040245143172893631 38.944443404072125 -0.010256411314915002 0.019441015682735357 30.267978899524596 0.0020562430292171241 5.0702993869781503 -1.0000000180025095e-35 -0.28128624533190344 0.92893550000000014 0.28159700000000004 9890750.0000000019 0.0020575620925850305
decision_type=2 2 2 2 2 2 2 2 2 2 2 2 2 2 2 2 2 2 2 2 2 2 2 2 2 2
left_child=2 -2 3 11 18 6 7 -4 -7 12 -9 13 24 17 -15 -16 -17 -1 25 -12 -14 -13 23 -8 -10 -5
right_child=1 -3 5 4 -6 8 22 10 9 -11 19 21 20 14 15 16 -18 -19 -20 -21 -22 -23 -24 -25 -26 -27
leaf_value=2.4843835363854952e-06 -2.6025608085384584e-06 7.6202851766118753e-07 8.6329310032727915e-07 1.700810764759808e-07 6.7556140675151253e-06 2.3011824928496275e-06 -2.1156365874170595e-06 -3.7953912315525816e-06 -2.0836003251032712e-06 2.0606934286198404e-06 -5.4464969226641038e-07 -2.6543545972814289e-07 -6.3595249358790478e-07 -1.4420536654665124e-06 1.6274706856970274e-06 6.4501219642828977e-07 -5.9925753008877691e-07 1.8152723418223041e-07 1.5385502039903671e-06 -2.7894992379752575e-06 1.8456793731453606e-06 -2.1451915153471014e-06 1.4132865260307879e-06 8.5979077510955895e-07 -4.2085518836237106e-07 -1.6537763056589938e-06
leaf_weight=27 28 26 22 20 20 22 21 22 29 21 39 31 23 37 39 93 118 29 22 23 21 27 21 28 21 20
leaf_count=27 28 26 22 20 20 22 21 22 29 21 39 31 23 37 39 93 118 29 22 23 21 27 21 28 21 20
internal_value=-1.05666e-14 -9.82573e-07 6.6657e-08 2.99937e-07 1.69862e-06 -2.93325e-07 -7.98757e-07 -1.41421e-06 3.5599e-07 -1.61343e-08 -2.0107e-06 1.39229e-08 -4.80106e-07 2.09131e-07 -2.12851e-09 2.1098e-07 -5.08353e-08 1.29183e-06 6.73258e-08 -1.37742e-06 5.48463e-07 -1.14049e-06 1.33211e-07 -4.15392e-07 -1.38525e-06 -7.41848e-07
internal_weight=850 54 796 483 82 313 176 106 137 115 84 401 94 343 287 250 211 56 62 62 44 58 70 49 50 40
internal_count=850 54 796 483 82 313 176 106 137 115 84 401 94 343 287 250 211 56 62 62 44 58 70 49 50 40
is_linear=0
shrinkage=0.3


Tree=262
num_leaves=22
num_cat=0
split_feature=21 21 18 9 4 9 19 8 8 7 19 27 15 10 18 22 12 18 6 19 10
split_gain=6.0794e-10 2.57786e-09 9.86266e-10 1.85435e-09 1.03148e-09 1.93284e-09 1.33314e-09 8.11029e-10 8.93781e-10 7.61221e-10 1.46746e-09 1.80039e-09 1.06223e-09 1.12939e-09 1.01617e-09 9.67893e-10 7.53709e-10 7.34932e-10 6.04281e-10 5.90276e-10 3.86179e-10
threshold=0.039738000000000002 0.040898000000000011 0.051037250701924324 0.01001053028659612 4819000.0000000009 0.034534450620155303 -0.8862939999999998 -0.11045610482066189 -0.080070078660329239 -0.0021367392770927991 -0.83751249999999988 0.87358000000000013 0.023970459971991136 1.6135142365721771 -0.81649288270391873 0.03307100000000001 -0.0030223319414280276 -0.40275313028198662 -1.0000000180025095e-35 -0.8862939999999998 -0.45674660155170127
decision_type=2 2 2 2 2 2 2 2 2 2 2 2 2 2 2 2 2 2 2 2 2
left_child=2 -2 4 -4 20 6 -6 -3 -9 10 -10 17 13 14 -11 -13 -5 -12 -18 -20 -1
right_child=1 7 3 16 5 -7 -8 8 9 12 11 15 -14 -15 -16 -17 18 -19 19 -21 -22
leaf_value=2.7815540793848674e-07 3.50729894705637e-06 1.650908267524108e-06 -3.5956202335033336e-06 -1.9106930636780818e-06 3.919396091305316e-06 -1.3917948008059154e-06 6.3329642841836164e-07 -1.9066977369096674e-06 2.894669213609242e-06 -1.9969488828256284e-06 2.4157445587036363e-06 -5.1070859347584535e-08 -2.3386786012835611e-06 1.5247313284102607e-06 -9.9248119490812128e-08 -2.5257673860892282e-06 1.2947421826380456e-06 5.3821714331217328e-07 4.0028762764432458e-07 -1.8064691639096963e-06 -1.3325617776506595e-06
leaf_weight=21 20 27 21 24 20 21 25 22 21 28 24 33 20 35 273 25 23 86 24 20 37
leaf_count=21 20 27 21 24 20 21 25 22 21 28 24 33 20 35 273 25 23 86 24 20 37
internal_value=-4.28583e-15 1.57295e-07 -4.09233e-07 -1.05454e-06 1.73622e-07 9.84737e-07 2.09379e-06 4.44999e-08 -3.19957e-08 4.36804e-08 5.30281e-07 2.34732e-07 -2.14655e-07 -8.82253e-08 -2.75778e-07 -1.11775e-06 -4.68132e-07 9.47859e-07 4.86058e-08 -6.02784e-07 -7.49371e-07
internal_weight=850 614 236 112 124 66 45 594 567 545 189 168 356 336 301 58 91 110 67 44 58
internal_count=850 614 236 112 124 66 45 594 567 545 189 168 356 336 301 58 91 110 67 44 58
is_linear=0
shrinkage=0.3


Tree=263
num_leaves=23
num_cat=0
split_feature=6 26 6 7 6 16 20 19 27 13 15 13 19 16 12 14 12 12 11 21 7 18
split_gain=5.31392e-10 1.35051e-09 1.09057e-09 1.45815e-09 9.20854e-10 8.50568e-10 1.08775e-09 4.77044e-09 8.37879e-10 7.60134e-10 7.35464e-10 9.96289e-10 6.75796e-10 6.2901e-10 6.77784e-10 1.80173e-09 2.04495e-09 7.20573e-10 1.66218e-09 9.56003e-10 6.12687e-10 4.75407e-10
threshold=-0.0083041038247864702 0.64200800000000013 -0.036315371396730696 -0.012463678473105552 -0.0068787841793001596 0.013765978400328423 0.9191005000000001 0.90231550000000016 0.89833000000000018 0.031970112163031576 0.0020533372237502225 0.030639690464356495 0.04023150000000001 0.012257406663506982 0.002548131084089886 0.028629949184019714 0.0033943752173959886 -0.0026427757542037251 38.944443404072125 0.026284500000000006 0.0076702910981556053 0.027709672639630756
decision_type=2 2 2 2 2 2 2 2 2 2 2 2 2 2 2 2 2 2 2 2 2 2
left_child=1 10 -3 -4 -2 6 13 -8 -7 21 11 -1 -12 14 17 16 -16 18 -6 -19 -17 -5
right_child=4 2 3 9 5 8 7 -9 -10 -11 12 -13 -14 -15 15 20 -18 19 -20 -21 -22 -23
leaf_value=-8.7898244873128665e-08 2.0978746899150529e-06 7.7592746414723026e-07 -3.4634417202141772e-06 -9.2772419708199843e-07 -4.9390767470492352e-07 8.6619402850374167e-08 5.147779489504955e-06 -6.9128176933307876e-07 -2.195226400658612e-06 -2.4254467200535149e-06 5.9411583998149183e-07 2.4661810932179328e-06 -1.6188166499808214e-06 1.6578481388965623e-06 3.9757295254361222e-06 -1.6865797440666277e-06 5.7985689563025018e-07 1.3571381322208254e-06 2.0442499002066532e-06 -8.279848042590899e-07 2.6067525016497497e-07 8.5941127880216426e-07
leaf_weight=28 21 24 25 37 69 30 20 34 28 20 27 27 23 21 20 33 79 20 35 182 26 21
leaf_count=28 21 24 25 37 69 30 20 34 28 20 27 27 23 21 20 33 79 20 35 182 26 21
internal_value=-7.02748e-15 -3.87141e-07 -1.04528e-06 -1.46964e-06 1.45335e-07 7.66523e-08 1.94117e-07 1.47133e-06 -1.01496e-06 -8.30604e-07 4.08896e-07 1.16592e-06 -4.23833e-07 5.19117e-08 -2.07708e-08 4.83821e-07 1.26589e-06 -2.81312e-07 3.6028e-07 -6.11636e-07 -8.28467e-07 -2.80658e-07
internal_weight=850 232 127 103 618 597 539 54 58 78 105 55 50 485 464 158 99 306 104 202 59 58
internal_count=850 232 127 103 618 597 539 54 58 78 105 55 50 485 464 158 99 306 104 202 59 58
is_linear=0
shrinkage=0.3


Tree=264
num_leaves=29
num_cat=0
split_feature=0 0 4 0 1 17 5 18 16 13 16 13 3 1 4 4 4 17 21 21 21 11 6 22 4 12 4 5
split_gain=5.8814e-10 3.11122e-09 4.79741e-09 1.03965e-09 1.64173e-09 9.54679e-10 1.08023e-09 7.56235e-10 7.38202e-10 6.13419e-10 1.14729e-09 1.8273e-09 5.3979e-10 8.09818e-10 7.10072e-10 7.51841e-10 6.65601e-10 5.14431e-10 4.63288e-10 1.06881e-09 9.00999e-10 6.06394e-10 8.46484e-10 5.3625e-10 9.71959e-10 1.27252e-09 1.17611e-09 4.86629e-10
threshold=4.7264495240074664 4.6986904171496198 4600000.0000000009 4.6731987623882416 4.6526090111309371 0.0020222449064709099 0.0041278594019459941 0.54398606180412046 0.0041580002420866036 0.019650784512001224 0.0051285340024806985 0.017073211514127013 4.4974937438964853 4.2061374722595746 4685700.0000000009 3848900.0000000005 5332850.0000000009 0.0211537809061557 0.043047000000000009 0.046719500000000004 0.034729500000000003 40.740819369355698 0.0056605638686329151 0.52993650000000014 8737400.0000000019 -0.0023564206612489793 12111000.000000002 0.0037786994339498894
decision_type=2 2 2 2 2 2 2 2 2 2 2 2 2 2 2 2 2 2 2 2 2 2 2 2 2 2 2 2
left_child=1 3 -3 4 7 -6 -7 12 -9 10 11 -2 13 -1 15 -14 -15 18 20 -20 21 -11 -23 24 25 -21 -26 -25
right_child=9 2 -4 -5 5 6 -8 8 -10 17 -12 -13 14 16 -16 -17 -18 -19 19 23 -22 22 -24 27 26 -27 -28 -29
leaf_value=-8.5135546415725773e-07 -1.6306839927437979e-07 1.5238748036772164e-07 6.0753151595349662e-06 -1.6882664951367587e-06 3.0494065725861219e-06 1.9464851436990308e-06 -5.1973850283750582e-07 -2.840393669600871e-08 -2.4527022110130645e-06 -1.479097264336815e-06 5.3598917904512034e-07 -3.9118846619213727e-06 -6.4182205647966831e-07 1.766831240760878e-07 -1.5943153012187849e-06 1.5566459256076217e-06 2.2465453424855595e-06 1.0926380956827724e-06 2.0506181859952283e-06 2.0884900639117628e-06 -2.2284146476400007e-06 1.3255623434299028e-06 -8.399240599032964e-07 -2.12934083622583e-06 -2.1683376901144644e-06 -9.0999365091672556e-08 4.2441006169458008e-07 -6.1640254500616718e-08
leaf_weight=26 25 32 20 32 20 31 33 20 26 25 27 22 42 29 35 21 27 31 22 36 26 33 32 21 31 73 32 20
leaf_count=26 25 32 20 32 20 31 33 20 26 25 27 22 42 29 35 21 27 31 22 36 26 33 32 21 31 73 32 20
internal_value=5.89082e-15 2.68464e-07 2.43044e-06 -6.02566e-08 1.07796e-07 1.24021e-06 6.74839e-07 -3.13102e-07 -1.39866e-06 -2.31963e-07 -1.02252e-06 -1.91783e-06 -3.56817e-08 5.3226e-07 -5.10898e-07 9.10006e-08 1.17465e-06 -7.8818e-08 -1.8228e-07 5.98723e-08 -6.72847e-07 -2.2346e-07 2.59477e-07 -1.45745e-07 8.6659e-08 6.28832e-07 -8.51386e-07 -1.12071e-06
internal_weight=850 394 52 342 310 84 64 226 46 456 74 47 180 82 98 63 56 382 351 235 116 90 65 213 172 109 63 41
internal_count=850 394 52 342 310 84 64 226 46 456 74 47 180 82 98 63 56 382 351 235 116 90 65 213 172 109 63 41
is_linear=0
shrinkage=0.3


Tree=265
num_leaves=28
num_cat=0
split_feature=27 27 5 16 9 2 0 29 14 20 12 6 7 14 14 1 0 27 21 13 7 18 9 4 6 26 0
split_gain=5.34692e-10 2.02444e-09 8.26889e-10 6.88361e-10 5.56127e-10 1.64764e-09 1.09121e-09 9.40163e-10 7.89246e-10 7.03786e-10 6.22384e-10 6.14547e-10 1.38539e-09 9.09577e-10 6.07089e-10 5.3489e-10 8.63627e-10 5.6013e-10 9.82326e-10 5.07652e-10 5.98522e-10 4.81829e-10 3.95609e-10 6.51718e-10 3.22251e-10 3.02826e-10 3.58446e-10
threshold=0.91994950000000009 0.9176065000000001 -0.019418075114363994 0.0020597324976816315 0.012418216327683286 4.5381271944892179 4.9695506578639508 1.5000000000000002 0.01619438349420271 0.29500300000000007 -0.00031092411155895041 -0.022156480112352554 -0.012463678473105552 0.02479396012085296 0.012096812316346536 5.9151267006503945 5.3861101774246487 0.94497600000000015 0.024489500000000004 0.019589737932401857 0.029879192211467374 0.14315316903448533 0.020993914752453265 6252200.0000000009 0.0019902438648898443 0.91203350000000005 4.7461421262863821
decision_type=2 2 2 2 2 2 2 2 2 2 2 2 2 2 2 2 2 2 2 2 2 2 2 2 2 2 2
left_child=1 4 3 -2 5 -1 8 11 10 -9 -7 -6 13 -13 -12 16 17 22 -19 -14 -21 -20 25 -24 -10 26 -4
right_child=2 -3 15 -5 7 6 -8 9 24 -11 14 12 19 -15 -16 -17 -18 18 21 20 -22 -23 23 -25 -26 -27 -28
leaf_value=2.491477404155082e-06 -2.6651113590300415e-07 3.1396718155463076e-06 -1.0060319338068578e-06 2.1927050907777357e-06 -1.6351401674796762e-06 1.6726915789533335e-06 1.661879215077988e-06 -9.1261511414586496e-08 -2.2580311423325836e-06 2.0955484899332077e-06 -1.4481254254405939e-06 8.0399000532138659e-08 5.8376026036314449e-07 2.5235729104622353e-06 8.3560891624756543e-07 8.6603224422501422e-07 -2.4397527547328286e-06 -1.1239049666933453e-06 1.4761794445278681e-07 -9.2156582527686787e-07 7.1020654947742317e-07 2.0552303228979243e-06 9.6432751170993916e-07 -1.2035947360817982e-06 -6.114867446480887e-07 -3.15104466608318e-07 -2.4795830983137535e-06
leaf_weight=31 21 20 39 20 30 20 30 26 20 27 22 32 31 24 20 23 22 32 26 168 23 22 24 26 23 24 24
leaf_count=31 21 20 39 20 30 20 30 26 20 27 22 32 31 24 20 23 22 32 26 168 23 22 24 26 23 24 24
internal_value=1.84354e-15 1.77089e-07 -3.19695e-07 9.33107e-07 6.46569e-08 5.19124e-07 6.62134e-08 -1.44322e-07 -3.89691e-07 1.02277e-06 2.95278e-07 -3.45154e-07 -2.05947e-07 1.12747e-06 -3.60633e-07 -5.15744e-07 -6.48719e-07 -4.67139e-07 1.63602e-07 -5.42305e-07 -7.2507e-07 1.02194e-06 -8.35455e-07 -1.62992e-07 -1.37732e-06 -1.22193e-06 -1.56738e-06
internal_weight=850 547 303 41 527 166 135 361 105 53 62 308 278 56 42 262 239 217 80 222 191 48 137 50 43 87 63
internal_count=850 547 303 41 527 166 135 361 105 53 62 308 278 56 42 262 239 217 80 222 191 48 137 50 43 87 63
is_linear=0
shrinkage=0.3


Tree=266
num_leaves=25
num_cat=0
split_feature=10 10 13 20 22 1 21 18 7 8 11 22 7 17 4 10 4 15 7 16 7 10 14 4
split_gain=5.11948e-10 3.10844e-09 5.98475e-10 1.05956e-09 1.7041e-09 8.24746e-10 5.39686e-10 1.44989e-09 4.68836e-10 5.34776e-10 6.70079e-10 4.38158e-10 4.02678e-10 6.01784e-10 8.82906e-10 8.53113e-10 8.15653e-10 6.8694e-10 5.35409e-10 5.28668e-10 4.98733e-10 4.83029e-10 4.33869e-10 1.0478e-09
threshold=0.32983207659205743 0.41128029773175062 0.015273116167642516 0.6189420000000001 0.08437600000000002 5.0109375576378481 0.023222500000000004 0.0053664081110158263 -0.016420117099044351 0.085613064350709353 76.614965240714099 0.93009700000000006 0.020914218066540879 0.0040858022211690591 6147900.0000000009 -0.37265185955235608 4685700.0000000009 0.006103815212027605 -0.0080402634261618876 0.004597739222829242 0.0021552640250432219 -0.7643401667942481 0.039379306990835854 8459950.0000000019
decision_type=2 2 2 2 2 2 2 2 2 2 2 2 2 2 2 2 2 2 2 2 2 2 2 2
left_child=6 -2 -3 8 5 -5 7 -1 -4 10 11 -10 13 14 16 17 21 22 -17 -16 -20 -8 23 -15
right_child=1 2 3 4 -6 -7 12 -9 9 -11 -12 -13 -14 15 19 18 -18 -19 20 -21 -22 -23 -24 -25
leaf_value=6.503770458721191e-07 3.9034516342439926e-06 1.3154981495004435e-06 -1.012832969848887e-06 -1.241299230906438e-06 -3.2653912927313205e-06 1.0855967316886633e-06 3.9098166837447934e-07 -2.8421799953548543e-06 1.2684253074327944e-07 1.4403544437750307e-06 -1.338551954216635e-06 1.3309707527956299e-06 -1.0802526545359928e-06 -3.8434743160405045e-08 1.4958114547098943e-06 1.2278060161218584e-07 -2.2919107275429855e-06 -1.4805170110321341e-06 2.8434765811523122e-06 -3.1046521330933627e-07 8.4155840300859093e-07 -1.1877156653498958e-06 -8.6483725508828519e-07 2.1951288324828511e-06
leaf_weight=20 20 31 24 29 22 26 33 23 122 36 23 35 35 89 25 29 31 27 21 35 24 37 29 24
leaf_count=20 20 31 24 29 22 26 33 23 122 36 23 35 35 89 25 29 31 27 21 35 24 37 29 24
internal_value=-5.38111e-15 2.66455e-07 5.74325e-08 -6.5596e-08 -1.03391e-06 -1.41312e-07 -2.03435e-07 -1.21773e-06 2.4507e-07 3.84837e-07 1.73734e-07 3.95279e-07 -1.04084e-07 -1.95151e-08 -4.69337e-07 2.78515e-07 -1.01082e-06 -9.34428e-08 1.12799e-06 4.4215e-07 1.77579e-06 -4.43473e-07 1.70297e-07 4.3595e-07
internal_weight=850 368 348 317 77 55 482 43 240 216 180 157 439 404 161 243 101 169 74 60 45 70 142 113
internal_count=850 368 348 317 77 55 482 43 240 216 180 157 439 404 161 243 101 169 74 60 45 70 142 113
is_linear=0
shrinkage=0.3


Tree=267
num_leaves=29
num_cat=0
split_feature=3 18 13 13 8 1 26 21 27 1 5 22 5 3 14 21 21 21 18 19 21 6 6 8 13 7 6 13
split_gain=6.14512e-10 9.86101e-10 4.75515e-10 5.98221e-09 5.39161e-10 8.32822e-10 2.57872e-09 1.35879e-09 1.86874e-09 1.15942e-09 7.54116e-10 6.82003e-10 6.79453e-10 6.11694e-10 5.48697e-10 4.29404e-10 3.64019e-10 1.0372e-09 6.90461e-10 6.20289e-10 6.04597e-10 5.3316e-10 6.05473e-10 5.31559e-10 5.19761e-10 5.42889e-10 4.11664e-10 3.50947e-10
threshold=5.8450112342834482 -0.13386060389424156 0.026068138321468665 0.025098019072123237 -0.016275398862702555 4.7361148764702907 0.24365400000000001 0.13238500000000003 0.91264250000000013 4.8160283065803906 0.0082051715727937801 0.16279350000000004 0.0058367517342586975 4.6599080562591562 0.016410258023605403 0.044884 0.043976500000000009 0.029330000000000005 -0.32578988327608366 -0.89841999999999989 0.063113500000000003 0.028872224229367957 0.018025405158879782 -0.017156604632599999 0.028226687925066982 0.0055710578968266155 -0.0020366907568139161 0.022060350940333609
decision_type=2 2 2 2 2 2 2 2 2 2 2 2 2 2 2 2 2 2 2 2 2 2 2 2 2 2 2 2
left_child=2 -2 3 4 13 6 -6 8 -8 10 14 27 -13 15 -7 -1 17 19 -19 -4 23 22 24 -18 -22 -26 -20 -11
right_child=1 -3 16 -5 5 9 7 -9 -10 11 -12 12 -14 -15 -16 -17 20 18 26 -21 21 -23 -24 -25 25 -27 -28 -29
leaf_value=1.1175340742397565e-06 6.2771396791561063e-07 -2.0020221365319395e-06 -4.6290726629649726e-07 5.1077675361035155e-06 3.9617707659544973e-06 2.4321946105893791e-07 3.3238864554618885e-06 -1.5790496566599661e-06 -3.5115238006255817e-07 -1.3704839809669522e-06 -2.5863440522958363e-06 1.8774513530563407e-06 -1.2604584912878635e-07 -1.5818304035519757e-06 -1.7265711250047388e-06 -6.4411869557674934e-07 2.1896384658504074e-06 -6.7677732896630577e-08 -1.157263656637042e-06 1.5315705932943787e-06 -1.1908085564625382e-06 1.2788810053621091e-06 -1.8768305523053641e-06 9.5512990183621582e-08 -4.0188155082887532e-07 7.1207097122335674e-07 -3.0378405370870804e-06 3.6587801801601925e-07
leaf_weight=20 21 33 36 22 20 35 20 27 33 20 21 39 25 36 20 33 20 22 20 23 35 21 20 24 90 70 22 22
leaf_count=20 21 33 36 22 20 35 20 27 33 20 21 39 25 36 20 33 20 22 20 23 35 21 20 24 90 70 22 22
internal_value=9.05942e-15 -9.79347e-07 6.64381e-08 3.01241e-07 1.62177e-08 2.1939e-07 9.14908e-07 1.53192e-07 1.03565e-06 -1.62763e-07 -1.057e-06 4.78388e-07 1.09484e-06 -6.27541e-07 -4.73068e-07 2.06559e-08 -1.62538e-07 -5.92725e-07 -1.42917e-06 3.14601e-07 2.64368e-08 -1.6391e-07 -3.04834e-07 1.04739e-06 -1.43603e-07 8.54727e-08 -2.14233e-06 -4.60961e-07
internal_weight=850 54 796 393 371 282 100 80 53 182 76 106 64 89 55 53 403 123 64 59 280 236 215 44 195 160 42 42
internal_count=850 54 796 393 371 282 100 80 53 182 76 106 64 89 55 53 403 123 64 59 280 236 215 44 195 160 42 42
is_linear=0
shrinkage=0.3


Tree=268
num_leaves=24
num_cat=0
split_feature=14 14 7 3 9 20 19 20 15 2 18 14 16 16 10 4 14 19 22 0 16 12 17
split_gain=4.37236e-10 2.62087e-09 8.577e-10 5.29795e-10 4.68047e-10 3.3479e-10 1.1336e-09 4.33337e-10 1.21947e-09 4.36007e-10 3.01532e-10 3.96816e-10 5.37807e-10 6.86735e-10 5.72616e-10 3.64404e-10 6.36172e-10 5.32704e-10 4.81042e-10 2.86924e-10 2.35072e-10 3.0835e-10 7.01688e-11
threshold=0.013473916766989358 0.01424216574777973 -0.010183439650464608 4.5764954090118417 0.0077115410344174738 0.91688800000000015 0.88549000000000011 0.7892300000000001 0.012207529062318359 4.6421555386831246 0.32530017332129207 0.048288173192033802 0.0074418598079839067 0.0083333616378675653 0.87431239764346647 12186800.000000002 0.034634435654026234 -0.061582999999999992 0.43311400000000005 4.6945153377796531 0.0040609140574432026 0.0011708854504810854 0.0041194648942119161
decision_type=2 2 2 2 2 2 2 2 2 2 2 2 2 2 2 2 2 2 2 2 2 2 2
left_child=2 -2 -1 -4 -5 7 -7 10 9 -9 11 12 14 -14 -3 16 18 -17 -12 -8 21 -6 -21
right_child=1 5 3 4 20 6 19 8 -10 -11 15 -13 13 -15 -16 17 -18 -19 -20 22 -22 -23 -24
leaf_value=-2.3084140448759171e-06 3.4793495530038853e-06 -5.4088188648295956e-09 -1.3423059439471924e-06 1.452591460235908e-06 9.6843909781919919e-07 -2.4742588383982623e-06 -7.3620637522253671e-07 -1.0784487195841003e-06 2.6883240090163392e-06 7.7579752746714796e-07 -8.9106505577597589e-07 1.2882691480626818e-06 -1.7508399839272215e-06 -7.1761801850042572e-08 1.0155222695771412e-06 -6.8271056566767842e-07 -2.038874695047169e-06 1.4296952297921835e-06 4.3702459445664014e-07 9.5670583050377905e-07 -9.7858150401525958e-07 -6.0255316198394713e-07 1.6202390554553858e-07
leaf_weight=20 20 149 27 20 23 21 25 21 21 25 54 25 28 101 74 21 23 22 45 20 23 22 20
leaf_count=20 20 149 27 20 23 21 25 21 21 25 54 25 28 101 74 21 23 22 45 20 23 22 20
internal_value=3.53521e-15 9.34939e-08 -4.95172e-07 -1.79825e-07 1.76845e-07 -3.94076e-09 -5.58023e-07 7.43041e-08 7.94064e-07 -7.07062e-08 -1.467e-08 1.33363e-07 5.13388e-08 -4.36213e-07 3.33375e-07 -3.52904e-07 -6.17586e-07 3.98055e-07 -2.87388e-07 6.10682e-08 -1.98374e-07 2.00398e-07 5.59365e-07
internal_weight=850 715 135 115 88 695 86 609 67 46 542 377 352 129 223 165 122 43 99 65 68 45 40
internal_count=850 715 135 115 88 695 86 609 67 46 542 377 352 129 223 165 122 43 99 65 68 45 40
is_linear=0
shrinkage=0.3


Tree=269
num_leaves=26
num_cat=0
split_feature=0 9 14 25 17 18 20 9 16 18 27 6 14 9 20 22 26 6 1 9 4 17 17 7 13
split_gain=5.5025e-10 8.71142e-10 7.17772e-10 8.47822e-10 6.83997e-10 5.03429e-10 1.08231e-09 3.68132e-09 5.92405e-10 5.44709e-10 9.51926e-10 4.96069e-10 5.39198e-10 5.15941e-10 4.66933e-10 6.84923e-10 4.29223e-10 8.97474e-10 1.06955e-09 5.60399e-10 3.98566e-10 3.88011e-10 7.91701e-10 4.47204e-10 3.43388e-10
threshold=5.3544217348882128 0.015773436329643269 0.038287707927520585 0.83333350000000006 0.0060544908496229415 -0.22508760165098154 0.80144150000000014 0.013714115284526368 0.0020877304721246188 -0.094330910863419423 0.83215150000000004 0.023079956357347879 0.03470050834643746 0.040250352526033012 0.49670250000000005 0.9278740000000002 0.1759165 -0.0061729192430691653 4.7298092757305534 0.035367075440822855 3892900.0000000005 0.0021298750857269184 0.0018656763099797753 -0.012685186845328879 0.021157443155589269
decision_type=2 2 2 2 2 2 2 2 2 2 2 2 2 2 2 2 2 2 2 2 2 2 2 2 2
left_child=5 -2 3 4 -3 11 9 -8 -9 10 -7 12 13 14 15 20 17 -11 -19 21 -1 22 -18 -23 -16
right_child=1 2 -4 -5 -6 6 7 8 -10 16 -12 -13 -14 -15 24 -17 19 18 -20 -21 -22 23 -24 -25 -26
leaf_value=9.1630650093716465e-07 -1.829582772704238e-06 -1.8204209970917873e-06 -1.421512365693851e-06 1.5032243510404441e-06 3.677245454506798e-07 2.5200362903733871e-06 3.5890858133787632e-06 1.0485809767146748e-06 -9.685667770416952e-07 1.9632396523241789e-06 -1.3212044379919273e-07 1.195878837769726e-06 1.083027213358686e-06 -1.8856035270883612e-06 -1.8571600756117207e-06 -1.2581997350480379e-06 -7.2650527394024778e-07 1.1985488963546232e-06 -1.5496568019775974e-06 9.4577379109029511e-07 -3.5186083080156705e-07 5.0534286353168862e-07 1.6113221167043694e-06 -9.3230981502913198e-07 -3.893617957384521e-07
leaf_weight=54 35 20 29 33 36 21 36 20 38 26 29 20 21 22 26 30 32 25 26 29 38 23 22 127 32
leaf_count=54 35 20 29 33 36 21 36 20 38 26 29 20 21 22 26 30 32 25 26 29 38 23 22 127 32
internal_value=5.17359e-15 -5.15184e-07 -1.2532e-07 2.97034e-07 -4.13756e-07 1.13089e-07 2.99619e-07 1.2061e-06 -2.72999e-07 6.29279e-08 9.81785e-07 -2.35407e-07 -3.63774e-07 -5.14184e-07 -3.46566e-07 -1.34111e-08 -8.52749e-08 5.28791e-07 -2.02497e-07 -2.88206e-07 3.92498e-07 -4.63625e-07 2.25943e-07 -7.1187e-07 -1.04734e-06
internal_weight=850 153 118 89 56 697 454 94 58 360 50 243 223 202 180 122 310 77 51 233 92 204 54 150 58
internal_count=850 153 118 89 56 697 454 94 58 360 50 243 223 202 180 122 310 77 51 233 92 204 54 150 58
is_linear=0
shrinkage=0.3


Tree=270
num_leaves=29
num_cat=0
split_feature=4 18 6 16 27 19 21 13 17 5 17 17 4 0 0 13 9 16 15 5 14 9 27 16 2 27 6 14
split_gain=3.79468e-10 1.36254e-09 2.61565e-09 8.11432e-10 1.16522e-09 7.42803e-10 6.16555e-10 4.68263e-10 8.57847e-10 4.47615e-10 5.02811e-10 8.67306e-10 5.25384e-10 4.42892e-10 1.05542e-09 7.49801e-10 5.92772e-10 4.61348e-10 4.37307e-10 3.9892e-10 4.9672e-10 9.06985e-10 3.73163e-10 3.66543e-10 4.55353e-10 4.52485e-10 3.57852e-10 3.23485e-10
threshold=6280650.0000000009 0.12122216011925853 0.010115583664990166 0.0020920481222443011 0.88142600000000015 -0.87849149999999987 0.023222500000000004 0.030802824460726925 0.0084388109250038302 0.012685466943945052 0.0084388109250038302 0.0064724933371996677 4685700.0000000009 4.88923018017078 5.0938399867588195 0.030639690464356495 0.021081294271432485 0.012257406663506982 0.0021097623146379926 0.020752368287786819 0.03153704748050138 0.036543615732517916 0.89805400000000013 0.0057692713286059396 4.6384807323780635 0.87227300000000008 0.002262583783073997 0.023392800231907217
decision_type=2 2 2 2 2 2 2 2 2 2 2 2 2 2 2 2 2 2 2 2 2 2 2 2 2 2 2 2
left_child=1 7 3 -3 -5 -6 -2 9 -9 10 11 12 18 17 15 -15 22 23 -1 20 21 -18 -16 24 26 -25 -8 -12
right_child=6 2 -4 4 5 -7 13 8 -10 -11 27 -13 -14 14 16 -17 19 -19 -20 -21 -22 -23 -24 25 -26 -27 -28 -29
leaf_value=1.8018343590843964e-07 -1.4605756513736361e-06 -9.7994693163627741e-07 3.7477490211585972e-06 2.1278495310639298e-06 1.2663864976403259e-06 -1.1273958784434919e-06 -6.3869966037291944e-07 -4.8786540172413342e-07 1.676265863714832e-06 7.3710612839257065e-07 -5.9834882648601706e-07 1.2434966402781418e-06 -1.6268779060579774e-06 2.3627352347908717e-06 -2.5470661987289911e-07 4.0164253401929845e-08 -9.9951373119003382e-07 4.7312043963384809e-07 -9.6627031278641721e-07 -1.8806209897093139e-06 -1.3052416181835724e-06 1.7628233185718044e-06 1.1948078975814787e-06 -2.3547540983770432e-06 -1.4011018222959138e-06 -4.2265555215692531e-07 1.1126712113959261e-06 -2.2444684132340495e-06
leaf_weight=77 33 30 25 36 20 28 21 34 32 31 22 29 32 29 31 22 23 33 49 20 30 20 33 24 24 20 21 21
leaf_count=77 33 30 25 36 20 28 21 34 32 31 22 29 32 29 31 22 23 33 49 20 30 20 33 24 24 20 21 21
internal_value=-1.8658e-15 1.81958e-07 9.68767e-07 3.59341e-07 8.37657e-07 -1.29987e-07 -2.20814e-07 -1.52495e-07 5.6141e-07 -3.33023e-07 -4.77258e-07 -2.64555e-07 -5.41349e-07 -1.04255e-07 1.75162e-07 1.36084e-06 -2.09995e-07 -5.1068e-07 -2.6566e-07 -6.9357e-07 -3.68351e-07 2.85294e-07 4.92699e-07 -8.0582e-07 -3.58682e-07 -1.47653e-06 2.36986e-07 -1.40227e-06
internal_weight=850 466 139 114 84 48 384 327 66 261 230 187 158 351 208 51 157 143 126 93 73 43 64 110 66 44 42 43
internal_count=850 466 139 114 84 48 384 327 66 261 230 187 158 351 208 51 157 143 126 93 73 43 64 110 66 44 42 43
is_linear=0
shrinkage=0.3


Tree=271
num_leaves=28
num_cat=0
split_feature=20 6 14 14 8 4 13 7 7 7 13 7 16 15 13 17 20 17 17 8 18 12 16 7 7 7 12
split_gain=3.60359e-10 3.15652e-09 3.60053e-10 1.51226e-09 4.98389e-10 3.88809e-10 4.75106e-10 1.8283e-09 5.59303e-10 4.21912e-10 4.05721e-10 3.57282e-10 4.40826e-10 6.17822e-10 3.53172e-10 9.51033e-10 8.68088e-10 7.31184e-10 8.11544e-10 6.1386e-10 5.02938e-10 4.71789e-10 4.27189e-10 4.18124e-10 4.09946e-10 3.43327e-10 1.1112e-10
threshold=0.9191005000000001 0.010391625619249863 0.014359024677081398 0.013170320150536045 -0.018301123768962303 2799450.0000000005 0.021028184096623305 0.006356550598569345 0.0018692069111060949 -0.0021367392770927991 0.017882871930403655 0.006356550598569345 0.0041407828659275952 0.0020000457763672441 0.027901003012006983 0.0081967133022516261 0.14375250000000003 0.0065430508739813533 0.0049342582506235197 -0.034094359018471979 0.01282850699990362 -0.0079497466524451142 0.0098783645935430885 -0.0040984464159604774 0.01339755173283967 0.002262583783073997 -0.0026427757542037251
decision_type=2 2 2 2 2 2 2 2 2 2 2 2 2 2 2 2 2 2 2 2 2 2 2 2 2 2 2
left_child=2 25 3 4 -1 9 7 8 10 -4 -7 12 13 -6 15 22 -17 18 24 21 -21 -19 23 -8 -16 26 -2
right_child=1 -3 5 -5 11 6 14 -9 -10 -11 -12 -13 -14 -15 17 16 -18 19 -20 20 -22 -23 -24 -25 -26 -27 -28
leaf_value=-1.3867189660946419e-06 -4.9131222454423809e-07 3.5207802149272993e-06 2.9283526949395463e-07 -2.6152506032985912e-06 1.0974493004596297e-06 -1.7247692514640417e-07 -2.1337661993667014e-07 2.9849102606505085e-06 -1.1096177369533204e-06 -1.3612132676956077e-06 1.4518676117347695e-06 -5.4205228903943712e-07 1.7678113377986699e-06 -1.1395932871494096e-06 -1.2247104992118726e-08 1.9211972751236315e-06 -6.3262067121048971e-07 -3.6260587537496672e-07 2.3396622353597803e-06 7.5223016722247842e-07 -5.0177429391004186e-07 -2.1082982614505463e-06 7.1782297591685818e-08 -1.7781038979712641e-06 1.4003586393300794e-06 -1.3612649463539127e-06 4.6615232740521151e-07
leaf_weight=21 20 24 23 25 25 31 22 24 27 35 25 36 21 20 71 25 23 38 23 63 53 22 28 51 25 25 24
leaf_count=21 20 24 23 25 25 31 22 24 27 35 25 36 21 20 71 25 23 38 23 63 53 22 28 51 25 25 24
internal_value=-1.20617e-15 5.57296e-07 -6.84657e-08 -4.88161e-07 -5.58258e-08 3.35293e-08 1.11301e-07 6.78767e-07 1.19304e-08 -7.05297e-07 5.52677e-07 2.18182e-07 6.32855e-07 1.03208e-07 -2.54538e-08 -4.01933e-07 6.97493e-07 1.647e-07 7.3909e-07 -2.23665e-07 1.7928e-07 -1.00269e-06 -9.24432e-07 -1.30654e-06 3.55619e-07 -4.73481e-07 3.09412e-08
internal_weight=850 93 757 148 123 609 551 107 83 58 56 102 66 45 444 149 48 295 119 176 116 60 101 73 96 69 44
internal_count=850 93 757 148 123 609 551 107 83 58 56 102 66 45 444 149 48 295 119 176 116 60 101 73 96 69 44
is_linear=0
shrinkage=0.3


Tree=272
num_leaves=24
num_cat=0
split_feature=6 6 17 27 6 16 16 16 14 12 7 14 12 15 12 21 12 12 18 2 9 10 27
split_gain=4.11708e-10 1.61631e-09 3.80526e-10 4.48287e-10 4.2854e-10 3.78317e-10 6.17321e-10 4.96304e-10 9.73479e-10 6.71892e-10 4.30449e-10 4.32869e-10 4.25317e-10 3.58508e-10 4.31395e-10 3.24744e-10 5.2419e-10 3.2508e-10 3.09327e-10 2.82671e-10 2.53545e-10 2.32141e-10 2.85781e-10
threshold=0.018025405158879782 0.014122318116620526 0.01522641944617081 0.90879100000000013 0.023079956357347879 0.0041580002420866036 0.005194835093966216 0.0020920481222443011 0.021084925335915657 -2.1665845428773009e-05 0.0042284173826080537 0.018793075001858697 -0.0039843688161402295 -0.016910183816080972 -0.0083090488515678122 0.030308000000000005 -0.0004225976676578559 -0.0016373225059843671 0.10037083433503736 4.6999034510942659 0.027793044283119333 -1.0848894079659293 0.93031500000000011
decision_type=2 2 2 2 2 2 2 2 2 2 2 2 2 2 2 2 2 2 2 2 2 2 2
left_child=1 5 3 18 -5 7 -7 10 9 -9 12 19 -1 -8 -15 16 -16 -17 -2 -12 -13 -14 -23
right_child=2 -3 -4 4 -6 6 13 8 -10 -11 11 20 21 14 15 17 -18 -19 -20 -21 -22 22 -24
leaf_value=5.5262687321070789e-07 9.4600221999030511e-07 2.0422126832878956e-06 -1.685494521552755e-06 -1.9977924812053516e-06 -7.9055373641329598e-08 -1.3752911251093506e-06 -1.2135863611817399e-06 1.2148502364084379e-06 1.9673544406485557e-06 -8.7130042939778911e-07 2.0204298547810142e-06 -6.0050169824163195e-07 -1.5598467682309547e-06 1.0147945807468453e-06 1.6053163104446787e-06 -8.2110891181993593e-07 -3.9890202643277915e-07 -3.9801758155988407e-08 -5.7713710948315012e-07 4.4452833181425024e-07 7.1430458425745449e-07 -8.0791030963922585e-07 3.2611464026999217e-07
leaf_weight=36 30 36 21 20 22 38 24 24 38 33 20 33 20 33 23 70 24 152 20 21 22 60 30
leaf_count=36 30 36 21 20 22 38 24 24 38 33 20 33 20 33 23 70 24 152 20 21 22 60 30
internal_value=-9.21302e-16 8.17546e-08 -5.33214e-07 -2.70193e-07 -9.9274e-07 -1.89251e-08 -2.30983e-07 2.10122e-07 7.91189e-07 7.0788e-09 -1.79823e-08 4.75436e-07 -3.42422e-07 -9.75973e-08 -8.90942e-09 -1.34494e-07 5.81886e-07 -2.8616e-07 3.36746e-07 1.21326e-06 -7.45792e-08 -6.35346e-07 -4.29902e-07
internal_weight=850 737 113 92 42 701 364 337 95 57 242 96 146 326 302 269 47 222 50 41 55 110 90
internal_count=850 737 113 92 42 701 364 337 95 57 242 96 146 326 302 269 47 222 50 41 55 110 90
is_linear=0
shrinkage=0.3


Tree=273
num_leaves=18
num_cat=0
split_feature=6 6 9 27 10 22 7 20 11 27 0 0 1 17 18 20 2
split_gain=4.04218e-10 2.40069e-09 3.42014e-10 3.14924e-10 1.1055e-09 2.91228e-10 2.73852e-10 3.96072e-10 2.29933e-10 4.83689e-10 2.97104e-10 6.76633e-10 4.07794e-10 4.51615e-10 3.67543e-10 3.24324e-10 2.71154e-10
threshold=0.014315257042738281 0.012409786585129328 0.01525357479049755 0.95668500000000012 -0.45674660155170127 0.05670250000000001 0.006356550598569345 0.14155400000000004 80.464698833902148 0.85937200000000014 4.5372261403893557 4.5085887914050407 4.6043089041113321 0.022930611137725029 -0.3622123710829171 0.021202500000000003 4.2968650244407582
decision_type=2 2 2 2 2 2 2 2 2 2 2 2 2 2 2 2 2
left_child=1 3 -2 8 -5 -4 7 -7 10 -10 11 14 -12 15 -1 -14 -16
right_child=2 -3 5 4 -6 6 -8 -9 9 -11 12 -13 13 -15 16 -17 -18
leaf_value=8.1027999381112452e-07 -1.3039531910795754e-06 3.2536043724868638e-06 -8.8276203396955411e-07 7.472276188571833e-07 -1.9254536509549778e-06 -2.149797953734378e-07 -5.8532378517384125e-07 1.5523098239457664e-06 1.8006365712608385e-06 -2.6080807304294596e-07 1.2464370822979414e-06 -1.7373040410322775e-06 9.8139532317039393e-07 1.3403955184512398e-06 -1.2111130261018843e-06 -9.3216604448518517e-08 1.2665299550462806e-07
leaf_weight=31 33 21 38 26 30 25 29 21 20 21 27 27 27 23 25 396 30
leaf_count=31 33 21 38 26 30 25 29 21 20 21 27 27 27 23 25 396 30
internal_value=3.23584e-15 9.42128e-08 -4.54286e-07 -2.92811e-09 -6.84566e-07 -2.06153e-07 1.36662e-07 5.91826e-07 5.79518e-08 7.44775e-07 9.89766e-09 -4.2714e-07 1.14306e-07 4.5769e-08 -1.58088e-08 -2.46244e-08 -4.81422e-07
internal_weight=850 704 146 683 56 113 75 46 627 41 586 113 473 446 86 423 55
internal_count=850 704 146 683 56 113 75 46 627 41 586 113 473 446 86 423 55
is_linear=0
shrinkage=0.3


Tree=274
num_leaves=27
num_cat=0
split_feature=8 8 14 19 13 14 27 3 2 11 11 19 16 12 9 12 14 15 5 11 12 20 21 19 12 3
split_gain=3.16611e-10 3.92709e-09 7.03874e-10 9.44816e-10 5.3953e-10 1.14488e-09 3.15604e-10 4.56797e-10 4.23438e-10 3.60704e-10 3.06447e-10 2.93553e-10 2.85855e-10 2.08184e-10 5.82272e-10 2.88076e-10 4.06492e-10 2.52119e-10 4.77055e-10 4.28843e-10 3.64508e-10 5.25061e-10 3.89029e-10 3.56576e-10 3.09927e-10 1.39003e-10
threshold=0.012300333704304516 0.0099019906350089164 0.018442604930066175 -0.42972749999999998 0.022859794380529864 0.026266504898988526 0.74347400000000008 5.0583477020263681 4.8128925849190116 73.634511189023442 65.77744380612485 0.41644350000000002 0.0020575620925850305 0.0017872666333664429 0.017937386240235179 0.00048239712862022962 0.016850090588042013 -0.010676307282379805 -0.008273080887865495 30.539940381633581 -0.00062656337678716593 0.18431750000000002 0.030308000000000005 -0.052489499999999988 -0.0036964453890648333 4.6203432083129892
decision_type=2 2 2 2 2 2 2 2 2 2 2 2 2 2 2 2 2 2 2 2 2 2 2 2 2 2
left_child=1 13 3 -2 5 -4 7 -6 25 10 -10 12 -5 15 -15 17 -17 19 -19 23 22 -22 -20 -1 -21 -8
right_child=2 -3 4 11 6 -7 8 -9 9 -11 -12 -13 -14 14 -16 16 -18 18 20 24 21 -23 -24 -25 -26 -27
leaf_value=-6.2803610347827996e-07 -2.387026290762151e-06 4.2718503181760068e-06 2.242339975033758e-06 9.089462196243403e-07 1.9216016085010778e-07 -4.7057761868149074e-07 -2.2970103457404483e-07 -1.6890420380487004e-06 2.3141053706990867e-07 -5.1319360443358156e-07 1.5716309887027687e-06 -1.0803058747265207e-06 -5.0502377058775539e-07 1.7366491895083007e-06 -4.9738293960948398e-07 -1.7609323460224652e-06 -6.2296489899971161e-08 1.3102923632906258e-06 7.0133516241701097e-07 -1.8877422746754747e-06 -1.6322534872432908e-07 1.8045403844825081e-06 -3.5221015389714175e-07 9.4781245495921338e-07 -3.9507824796615866e-07 -1.2652251729505791e-06
leaf_weight=24 27 20 28 22 21 28 28 26 34 25 28 31 31 21 21 21 32 29 39 21 26 23 165 28 31 20
leaf_count=24 27 20 28 22 21 28 28 26 34 25 28 31 31 21 21 21 32 29 39 21 26 23 165 28 31 20
internal_value=1.72975e-15 1.52816e-07 -2.19372e-07 -8.43226e-07 7.15852e-08 8.85881e-07 -1.78967e-07 -8.48505e-07 5.41308e-08 4.48779e-07 8.36671e-07 -3.47005e-07 8.19072e-08 -1.84536e-08 6.19633e-07 -7.95006e-08 -7.35341e-07 1.055e-08 1.57789e-07 -3.88694e-07 2.56837e-08 7.6042e-07 -1.50797e-07 2.20498e-07 -9.97885e-07 -6.61169e-07
internal_weight=850 501 349 111 238 56 182 47 135 87 62 84 53 481 42 439 53 386 282 104 253 49 204 52 52 48
internal_count=850 501 349 111 238 56 182 47 135 87 62 84 53 481 42 439 53 386 282 104 253 49 204 52 52 48
is_linear=0
shrinkage=0.3


Tree=275
num_leaves=23
num_cat=0
split_feature=18 18 6 12 16 0 1 4 27 17 20 1 5 19 16 19 19 19 19 10 13 14
split_gain=3.30284e-10 2.87421e-09 6.01024e-10 6.79582e-10 9.37575e-10 4.59949e-10 4.27425e-10 3.67189e-10 4.93232e-10 5.36887e-10 4.53509e-10 3.22026e-10 2.4713e-10 4.51923e-10 3.46772e-10 2.9167e-10 7.43418e-10 7.47278e-10 6.28687e-10 5.38868e-10 3.20753e-10 2.4206e-10
threshold=0.41644742937423912 0.47264985310741375 -0.0020366907568139161 0.0030900259800257577 0.006122394364758108 5.8590107488271945 5.7211112556698458 6468250.0000000009 0.81052350000000006 0.004255315263436356 0.13474450000000002 5.5366782975591775 0.011246550837982748 0.064128500000000019 0.0055146567381692364 0.11707100000000002 -0.38436299999999995 -0.71904149999999989 0.19125250000000002 0.97824147059943767 0.029504771015478791 0.034279945127469992
decision_type=2 2 2 2 2 2 2 2 2 2 2 2 2 2 2 2 2 2 2 2 2 2
left_child=5 -2 3 4 -3 6 11 10 -9 -10 -4 12 15 21 -15 16 17 -1 -17 -18 -20 -14
right_child=1 2 7 -5 -6 -7 -8 8 9 -11 -12 -13 13 14 -16 18 19 -19 20 -21 -22 -23
leaf_value=-4.6830695545790626e-08 3.6573403978223949e-06 2.7304876868134379e-06 -6.4292403294530227e-08 -7.6341664552614923e-07 -3.9181722884377859e-08 -1.1312091075026456e-06 9.4637154744132944e-07 1.1863802821413368e-06 3.2523268223323094e-07 -1.6551870101915772e-06 -1.9809104751402627e-06 -1.288243453245741e-06 -3.7429229379881693e-07 -3.9457565593720727e-07 -1.9361940334361449e-06 1.9089907399916226e-06 -1.0639313581096564e-06 1.6923352013186053e-06 -1.3878996020703891e-07 6.5422379492474636e-07 7.7432629655687867e-07 9.7309428781500173e-07
leaf_weight=126 21 22 20 20 22 37 37 21 28 22 25 20 30 29 24 20 92 27 118 20 49 20
leaf_count=126 21 22 20 20 22 37 37 21 28 22 25 20 30 29 24 20 92 27 118 20 49 20
internal_value=-8.68764e-15 3.36031e-07 -5.14546e-08 6.86569e-07 1.34565e-06 -1.04071e-07 -4.19732e-08 -4.5864e-07 -3.37129e-08 -5.46152e-07 -1.12908e-06 -1.05571e-07 -6.29522e-08 -4.82313e-07 -1.09267e-06 3.26101e-08 -1.6983e-07 2.60081e-07 3.1949e-07 -7.57118e-07 1.2913e-07 1.64662e-07
internal_weight=850 201 180 64 44 649 612 116 71 50 45 575 555 103 53 452 265 153 187 112 167 50
internal_count=850 201 180 64 44 649 612 116 71 50 45 575 555 103 53 452 265 153 187 112 167 50
is_linear=0
shrinkage=0.3


Tree=276
num_leaves=30
num_cat=0
split_feature=19 14 7 13 21 9 0 9 9 21 9 10 15 12 6 4 13 10 10 12 7 17 0 10 21 21 14 4 10
split_gain=3.13904e-10 8.08122e-10 2.42033e-09 5.52113e-10 5.73465e-10 4.99617e-10 6.4614e-10 6.09999e-10 4.3261e-10 4.09389e-10 4.42764e-10 3.46561e-10 4.03384e-10 3.16412e-10 2.91957e-10 4.99556e-10 3.35406e-10 2.86193e-10 5.34911e-10 5.30854e-10 5.43104e-10 2.66751e-10 2.57784e-10 2.60217e-10 3.85907e-10 2.56942e-10 2.20431e-10 2.16711e-10 1.55528e-10
threshold=0.065680500000000017 0.014084770261063218 -0.0043058597456040858 0.015689756007426288 0.80309050000000004 0.017793725917132523 5.3544217348882128 0.019037724779826782 0.023156051755137751 0.020438500000000002 0.02606639710527121 -1.3977930035442456 -0.010296996243293251 0.0029081674245569037 -1.0000000180025095e-35 10759400.000000002 0.029170564883943751 0.96788760667305396 1.386397701668818 -0.0046719870136224936 -0.0085378420455672049 0.0035972234816457303 4.5278178292568514 -0.84950611001045762 0.034729500000000003 0.16613650000000005 0.026266504898988526 2736900.0000000005 -0.030396846059431562
decision_type=2 2 2 2 2 2 2 2 2 2 2 2 2 2 2 2 2 2 2 2 2 2 2 2 2 2 2 2 2
left_child=5 2 -2 -3 17 6 11 -7 13 -10 -11 -1 -13 -9 15 -12 -16 19 -19 20 -5 -20 -14 -24 -25 26 -21 -4 -27
right_child=1 3 27 4 -6 7 -8 8 9 10 14 12 22 -15 16 -17 -18 18 21 25 -22 -23 23 24 -26 28 -28 -29 -30
leaf_value=8.8392854763696965e-07 3.9128662822918153e-06 1.5144782818765634e-06 7.7360281056014291e-07 -1.998011965621448e-06 1.2269985229697619e-06 1.6845770801410255e-06 -1.9176512472256489e-06 -3.9088714085823008e-08 1.4181485216692055e-06 1.3123545000683276e-06 -4.9729306138860094e-07 -1.5025658789290394e-06 6.1551545161255317e-07 -1.6127059087113059e-06 3.7075097183829219e-07 1.2093913822213677e-06 -1.0485392465775984e-06 -1.724640526745702e-06 -9.2440545762834893e-07 -3.6262994781655065e-07 6.5584105612970226e-08 4.9003159198995102e-07 -1.4147994364321904e-06 6.2316625892642388e-07 -5.9390396698004394e-07 1.41797609387595e-06 6.3333162842127427e-07 -4.7456370621588454e-07 2.8992400509444202e-07
leaf_weight=20 20 20 21 22 26 21 25 23 22 21 33 27 26 23 22 29 47 30 21 60 24 28 20 33 81 22 30 31 22
leaf_count=20 20 20 21 22 26 21 25 23 22 21 33 27 26 23 22 29 47 30 21 60 24 28 20 33 81 22 30 31 22
internal_value=9.99984e-17 2.04207e-07 1.10822e-06 -9.19872e-09 -1.16123e-07 -1.62761e-07 -4.7701e-07 1.39753e-07 -7.70777e-09 2.08595e-07 3.35283e-08 -3.03019e-07 -4.29966e-07 -8.25897e-07 -1.71474e-07 3.00995e-07 -5.96012e-07 -2.50954e-07 -7.26973e-07 -4.20349e-08 -9.21353e-07 -1.16156e-07 -2.48965e-07 -4.16699e-07 -2.41594e-07 2.59821e-07 -3.06428e-08 2.95035e-08 8.5395e-07
internal_weight=850 377 72 305 285 473 232 241 220 174 152 207 187 46 131 62 69 259 79 180 46 49 160 134 114 134 90 52 44
internal_count=850 377 72 305 285 473 232 241 220 174 152 207 187 46 131 62 69 259 79 180 46 49 160 134 114 134 90 52 44
is_linear=0
shrinkage=0.3


Tree=277
num_leaves=23
num_cat=0
split_feature=21 21 9 3 11 14 9 17 6 11 13 14 22 6 11 25 8 19 21 18 26 9
split_gain=3.57597e-10 2.07957e-09 5.81668e-10 4.50863e-10 3.15162e-10 3.37754e-10 2.74927e-10 2.85845e-10 2.40651e-10 4.9787e-10 4.05605e-10 3.55663e-10 3.44548e-10 4.16641e-10 3.31886e-10 3.72651e-10 4.87516e-10 3.29902e-10 2.74643e-10 2.38683e-10 2.05039e-10 3.31772e-10
threshold=0.039321000000000009 0.040185000000000005 0.0099339421532836352 5.6588282585144052 74.017672863243817 0.014590897674239925 0.013935000942051341 0.0050104544996179669 0.01030938706380523 80.464698833902148 0.026021162388557586 0.016410258023605403 0.90848750000000011 0.0064239429342379606 64.077279650509425 0.58333350000000006 -0.012371380681238619 -0.73258499999999993 0.094487000000000015 -0.17305511853887881 0.71620400000000006 0.023082149421576142
decision_type=2 2 2 2 2 2 2 2 2 2 2 2 2 2 2 2 2 2 2 2 2 2
left_child=2 -2 -1 4 5 -4 -7 -8 9 11 18 14 13 17 15 16 -3 -13 -10 -9 21 -12
right_child=1 8 3 -5 -6 6 7 19 10 -11 20 12 -14 -15 -16 -17 -18 -19 -20 -21 -22 -23
leaf_value=-1.4274855256957154e-06 2.9827682140457704e-06 -7.6701119702704554e-07 9.3378889919842374e-07 9.9914777708574671e-07 -1.4192112221422803e-06 -1.098828826529008e-06 -7.3370677644568605e-07 -3.5661801582875797e-07 -1.7345917022737467e-07 1.2569120901417819e-06 6.6205291081251228e-07 -1.118979822352499e-06 1.384376795548243e-06 1.1248512932256331e-06 -1.470701364983792e-06 -1.0024088434293203e-06 7.6856160193046324e-07 9.8700518246942758e-08 -1.6185309038582058e-06 9.0354674568970945e-07 7.9784628548296144e-07 -7.815577131440788e-07
leaf_weight=36 22 30 22 28 20 32 36 24 20 32 23 22 21 33 21 34 49 223 29 31 24 38
leaf_count=36 22 30 22 28 20 32 36 24 20 32 23 22 21 33 21 34 49 223 29 31 24 38
internal_value=1.51659e-15 1.18163e-07 -3.20433e-07 -1.13936e-07 -3.02823e-07 -1.48838e-07 -3.42478e-07 -7.65091e-08 1.29519e-08 1.15029e-07 -3.4127e-07 3.06402e-08 2.12658e-07 1.24147e-07 -3.75503e-07 -1.71971e-07 1.85433e-07 -1.06422e-08 -1.02871e-06 3.53657e-07 5.50157e-08 -2.37246e-07
internal_weight=850 621 229 193 165 145 123 91 599 465 134 433 299 278 134 113 79 245 49 55 85 61
internal_count=850 621 229 193 165 145 123 91 599 465 134 433 299 278 134 113 79 245 49 55 85 61
is_linear=0
shrinkage=0.3


Tree=278
num_leaves=28
num_cat=0
split_feature=17 3 17 12 12 9 9 17 22 28 14 11 22 10 12 6 17 17 5 11 6 10 17 28 9 21 9
split_gain=3.40217e-10 5.3577e-10 5.34753e-10 5.26107e-10 4.35693e-09 3.79192e-10 5.93067e-10 4.51598e-10 3.69514e-10 3.22109e-10 3.51883e-10 2.83723e-10 5.07505e-10 3.03155e-10 4.09163e-10 3.95796e-10 4.89478e-10 6.29263e-10 2.79213e-10 3.18477e-10 2.67224e-10 2.49347e-10 2.41018e-10 2.35452e-10 2.19962e-10 1.64836e-10 1.20568e-10
threshold=0.0096153299484007804 5.8450112342834482 0.010507928407434001 0.00088749665944488269 0.0011708854504810854 0.0090100405197789356 0.010805082398161052 0.0080321208232583697 0.92685000000000006 1.0000000180025095e-35 0.034279945127469992 46.140055745040208 0.049725000000000005 -1.3977930035442456 -0.0055138027113936358 0.004175333928463496 0.0018150730369214608 0.006987026253447319 -1.0000000180025095e-35 58.195438932726837 0.018692129159024334 -0.52234269072774875 0.014434558778618819 1.0000000180025095e-35 0.010322247079185642 0.061300500000000008 0.010765814209202957
decision_type=2 2 2 2 2 2 2 2 2 2 2 2 2 2 2 2 2 2 2 2 2 2 2 2 2 2 2
left_child=1 3 -2 11 -5 -6 -7 20 9 18 -11 13 26 14 -1 16 -15 -18 21 -20 -8 -4 -10 24 -14 -17 -13
right_child=2 -3 8 4 5 6 7 -9 22 10 -12 12 23 15 -16 25 17 -19 19 -21 -22 -23 -24 -25 -26 -27 -28
leaf_value=4.2038572090064008e-07 -1.5906735480899833e-06 -1.1417735197581131e-06 -4.1755114840010979e-07 4.645397483013117e-06 -1.0548297149687806e-06 1.8076993725912869e-06 -2.6091089830278707e-07 1.3319688323660914e-06 -2.0926854745084712e-07 1.1596087232060438e-06 -2.1482039883835568e-07 -7.3057777912849978e-07 9.8051522965698316e-07 -4.669014507499014e-07 -1.1241910788777949e-06 1.9498097046266593e-07 1.5463306912266717e-06 -3.6174093744583449e-07 -1.277493429002414e-07 -1.5550954692411523e-06 7.7296264796207948e-07 1.0625464940972052e-06 -1.6644379544215682e-06 -8.2007117427451706e-07 -1.7949214883438183e-07 -1.0230198179783656e-06 -1.6503399686608526e-06
leaf_weight=29 26 29 21 21 22 20 135 23 20 38 30 29 28 25 33 20 60 21 34 24 27 20 21 20 31 20 23
leaf_count=29 26 29 21 21 22 20 135 23 20 38 30 29 28 25 33 20 60 21 34 24 27 20 21 20 31 20 23
internal_value=-1.63602e-15 1.16979e-07 -3.07944e-07 1.79166e-07 5.11223e-07 1.28767e-07 2.55787e-07 8.80125e-08 -1.47603e-07 5.05216e-08 5.53243e-07 -6.37551e-08 -4.09586e-07 1.54052e-07 -4.01728e-07 3.90068e-07 6.93498e-07 1.05165e-06 -2.94782e-07 -7.18375e-07 -8.85986e-08 3.04448e-07 -9.54599e-07 6.94778e-08 3.7102e-07 -4.14019e-07 -1.1374e-06
internal_weight=850 616 234 587 248 227 205 185 208 167 68 339 131 208 62 146 106 81 99 58 162 41 41 79 59 40 52
internal_count=850 616 234 587 248 227 205 185 208 167 68 339 131 208 62 146 106 81 99 58 162 41 41 79 59 40 52
is_linear=0
shrinkage=0.3


Tree=279
num_leaves=30
num_cat=0
split_feature=5 15 9 27 21 12 9 16 14 4 14 13 0 28 7 15 3 2 13 9 26 8 10 7 18 14 1 27 16
split_gain=3.0426e-10 2.73698e-09 4.87716e-10 2.38121e-10 4.05698e-10 3.29051e-10 2.44924e-10 3.50354e-10 2.1377e-10 5.1018e-10 2.66307e-10 3.11698e-10 2.58088e-10 2.35917e-10 4.04238e-10 4.16657e-10 6.14729e-10 3.94359e-10 3.56808e-10 2.86239e-10 2.40494e-10 6.25922e-10 2.88343e-10 2.1297e-10 2.10348e-10 1.76429e-10 2.38199e-10 1.80519e-10 1.95819e-10
threshold=0.0087108709612459274 0.0043059454427932719 0.010983348738174118 0.85677250000000005 0.050346000000000009 0.0011226186313054545 0.021081294271432485 0.0060729420733958176 0.016460889199236391 7328450.0000000009 0.01892019575879398 0.024112813796815787 4.5372261403893557 1.0000000180025095e-35 0.0035292396800090256 -0.012237448465693301 4.7652912139892587 4.4047375784848972 0.027220586159301081 0.027906134926628034 0.81384250000000014 -0.0056576948594476983 0.10068058853957727 0.0019305057666435916 0.17808299896074672 0.015074011093634538 4.9512652903764591 0.7601730000000001 0.0041407828659275952
decision_type=2 2 2 2 2 2 2 2 2 2 2 2 2 2 2 2 2 2 2 2 2 2 2 2 2 2 2 2 2
left_child=8 -2 -3 6 5 -5 -4 -8 9 12 11 -10 -1 17 15 24 -17 -12 -16 20 22 -22 -19 -21 -15 26 27 -14 -29
right_child=1 2 3 4 -6 -7 7 -9 10 -11 13 -13 25 14 18 16 -18 19 -20 23 21 -23 -24 -25 -26 -27 -28 28 -30
leaf_value=-1.0918972755291633e-06 3.6491934747573393e-06 1.067506580130289e-06 3.4116253151560449e-08 -1.1085071285531833e-06 9.0473826373584281e-07 2.8671636460031455e-07 -1.7830253089374974e-06 -1.1288815770171822e-07 1.1806154134319513e-06 -1.6022746850333863e-06 8.0171528738814084e-07 -1.2569292380248952e-07 -7.5294293740820903e-07 -5.3487715347430285e-07 -1.4152361184674842e-06 7.9615422318316369e-08 2.3246130431832921e-06 1.3756922404202972e-07 1.575534619161424e-07 -5.0812229550099515e-07 -2.1640234345048677e-06 -1.7545395461332297e-07 -1.1025237850188003e-06 6.6495534049693102e-07 7.2978485889052534e-07 -8.3964139930360817e-07 9.2974951121505002e-07 -2.4564906881396186e-07 7.3538578959642109e-07
leaf_weight=24 20 31 31 29 35 32 26 20 35 26 26 31 28 29 21 21 23 45 34 26 28 29 27 30 20 21 25 47 30
leaf_count=24 20 31 31 29 35 32 26 20 35 26 26 31 28 29 21 21 23 45 34 26 28 29 27 30 20 21 25 47 30
internal_value=1.37294e-15 3.00053e-07 -2.82944e-08 -2.24652e-07 9.05631e-08 -3.76587e-07 -6.17647e-07 -1.05688e-06 -1.07367e-07 -3.62287e-07 1.31951e-08 5.67046e-07 -1.78061e-07 -8.86271e-08 2.01751e-07 5.83035e-07 1.25314e-06 -2.92305e-07 -4.42966e-07 -4.46059e-07 -6.91925e-07 -1.1523e-06 -3.27466e-07 1.20312e-07 -1.86886e-08 -3.2815e-08 9.75185e-08 -1.00632e-07 1.36572e-07
internal_weight=850 224 204 173 96 61 77 46 626 201 425 66 175 359 148 93 44 211 55 185 129 57 72 56 49 151 130 105 77
internal_count=850 224 204 173 96 61 77 46 626 201 425 66 175 359 148 93 44 211 55 185 129 57 72 56 49 151 130 105 77
is_linear=0
shrinkage=0.3


Tree=280
num_leaves=18
num_cat=0
split_feature=9 14 21 11 0 13 21 26 15 18 18 9 9 10 0 0 9
split_gain=2.98561e-10 5.52913e-10 2.44275e-09 4.70798e-10 4.57017e-10 3.82542e-10 3.3659e-10 2.92654e-10 2.5074e-10 3.1516e-10 1.86111e-10 1.6659e-10 2.59942e-10 2.18916e-10 2.13864e-10 3.32729e-10 3.05451e-10
threshold=0.0099339421532836352 0.014084770261063218 0.040687000000000008 62.307034199458059 4.9695506578639508 0.016663627791592393 0.24683150000000001 0.15594450000000001 0.0062176173169714447 0.090762976637525236 -0.35386308561724822 0.058118482773358029 0.045337922028960302 2.1132229765079296 4.7095341617587581 4.6757491967021814 0.036543615732517916
decision_type=2 2 2 2 2 2 2 2 2 2 2 2 2 2 2 2 2
left_child=3 2 -2 4 7 -3 -4 -1 9 10 -9 12 13 14 15 -7 -16
right_child=1 5 6 -5 -6 11 -8 8 -10 -11 -12 -13 -14 -15 16 -17 -18
leaf_value=-1.4474410338571886e-06 3.5242678663394141e-06 1.2411306988622885e-06 -8.7033583042739335e-07 -1.6955984388492392e-06 1.1175297826428374e-06 -1.1058872819396421e-07 4.9907589211021065e-07 -5.0508437734464449e-07 7.5898749599900846e-07 -1.1896965602176123e-06 7.1783653449334185e-07 7.8883059657641746e-07 -1.0005172936663106e-06 -9.3221535308884989e-07 4.3789444020228614e-08 -1.3457804842883807e-06 9.732828533041507e-07
leaf_weight=20 22 21 30 21 21 182 35 24 20 30 21 20 27 24 274 22 36
leaf_count=20 22 21 30 21 21 182 35 24 20 30 21 20 27 24 274 22 36
internal_value=-4.77735e-16 8.46275e-08 7.91856e-07 -3.73547e-07 -1.69407e-07 -1.69053e-08 -1.3296e-07 -4.04412e-07 -1.84827e-07 -4.36511e-07 6.5612e-08 -6.20656e-08 -9.21858e-08 -4.66004e-08 -5.24869e-09 -2.43796e-07 1.51731e-07
internal_weight=850 693 87 157 136 606 65 115 95 75 45 585 565 538 514 204 310
internal_count=850 693 87 157 136 606 65 115 95 75 45 585 565 538 514 204 310
is_linear=0
shrinkage=0.3


Tree=281
num_leaves=29
num_cat=0
split_feature=21 21 14 4 8 7 4 26 18 5 15 0 0 15 2 22 19 1 10 20 26 16 10 16 16 4 18 10
split_gain=3.28118e-10 1.3529e-09 4.02831e-10 3.28485e-10 3.16304e-10 3.05016e-10 2.48231e-10 2.95537e-10 2.86038e-10 2.48908e-10 2.42927e-10 3.84683e-10 1.91339e-10 2.73376e-10 3.06339e-10 3.67256e-10 4.52045e-10 2.61326e-10 2.94443e-10 2.09002e-10 4.04756e-10 2.71499e-10 2.59077e-10 2.79802e-10 2.3928e-10 3.96957e-10 1.61593e-10 1.30439e-10
threshold=0.039738000000000002 0.040898000000000011 0.013473916766989358 4819000.0000000009 0.010482460900496293 -0.0024428859962820934 6291700.0000000009 0.9087900000000001 0.4072971564032713 -0.0074627488814279627 0.02254340378344535 4.5747006474492151 4.7185859691086547 0.013370852539195946 5.1288953572204745 0.021046500000000006 -0.42972749999999998 5.8587919300211295 0.41946756264403062 0.320494 0.38837350000000009 0.0083333616378675653 -0.84544908328140222 0.0041580002420866036 0.0020407656836847893 5271150.0000000009 0.12122216011925853 -0.23805540153168248
decision_type=2 2 2 2 2 2 2 2 2 2 2 2 2 2 2 2 2 2 2 2 2 2 2 2 2 2 2 2
left_child=2 -2 -1 4 5 -4 -5 9 27 -8 12 -12 19 14 15 -14 -17 18 -16 21 -21 24 -22 -24 -3 -26 -23 -9
right_child=1 10 3 6 -6 -7 7 8 -10 -11 11 -13 13 -15 17 16 -18 -19 -20 20 22 26 23 -25 25 -27 -28 -29
leaf_value=-1.3689112435599781e-06 2.5424347623470566e-06 5.0818485566776808e-08 -9.4634605104077365e-07 8.8356685807866591e-07 -1.5593977792605073e-06 5.3676978861716407e-07 -1.480295670788223e-06 2.5497682344166605e-07 -5.3100840649795318e-07 -1.5017645539826064e-09 1.6846218387200906e-06 -8.0578796200825302e-08 1.4634099567823295e-06 -7.3814435420993906e-07 -8.761003404574928e-07 1.0434521556135223e-06 -1.2166816822871115e-07 5.5074439590812824e-07 3.2114375938300358e-07 1.3354923413544382e-06 6.3023040347023032e-07 -3.806003372406137e-07 2.1592623708250562e-07 -1.256382720199029e-06 -5.4348386117945121e-07 -2.0401076565302773e-06 7.4396327568014498e-07 1.3384662926796409e-06
leaf_weight=28 20 29 26 30 24 24 20 20 23 21 20 25 29 29 51 46 86 34 29 20 23 23 21 26 58 22 23 20
leaf_count=28 20 29 26 30 24 24 20 20 23 21 20 25 29 29 51 46 86 34 29 20 23 23 21 26 58 22 23 20
internal_value=4.19782e-16 1.15558e-07 -3.00646e-07 -1.56841e-07 -6.64163e-07 -2.3445e-07 1.23323e-07 -9.59787e-08 3.11995e-07 -7.22865e-07 3.38446e-08 7.03955e-07 -2.10825e-08 1.37913e-07 2.30297e-07 4.96734e-07 2.84359e-07 -1.45988e-07 -4.42099e-07 -2.18366e-07 1.45263e-07 -4.29505e-07 -1.94803e-07 -5.98543e-07 -6.87438e-07 -9.55055e-07 1.81681e-07 7.96722e-07
internal_weight=850 614 236 208 74 50 134 104 63 41 594 45 549 304 275 161 132 114 80 245 90 155 70 47 109 80 46 40
internal_count=850 614 236 208 74 50 134 104 63 41 594 45 549 304 275 161 132 114 80 245 90 155 70 47 109 80 46 40
is_linear=0
shrinkage=0.3


Tree=282
num_leaves=24
num_cat=0
split_feature=27 20 0 15 5 21 22 8 11 27 18 27 13 16 22 0 16 10 5 9 12 27 22
split_gain=3.50438e-10 8.24755e-10 5.98491e-10 3.56156e-10 3.2255e-10 3.07294e-10 6.13692e-10 2.3635e-10 1.82684e-10 4.09194e-10 2.81243e-10 3.28324e-10 5.72563e-10 3.43067e-10 2.89131e-10 2.77297e-10 2.00812e-10 1.92699e-10 1.70434e-10 1.61546e-10 1.54755e-10 1.5086e-10 1.72264e-10
threshold=0.9278740000000002 0.9191005000000001 5.82485984499798 -0.016089562273928243 -0.0054569716927296693 0.034729500000000003 0.018706000000000004 -0.012371380681238619 80.464698833902148 0.80954350000000008 0.33885682371296416 0.90345350000000013 0.02654390054344084 0.013207489114167933 0.013212500000000002 5.1880825864519027 1.0000000180025095e-35 -1.1927379053452778 0.0093633741816601564 0.018183947278328911 0.0013053765362232655 0.89833000000000018 0.13004650000000004
decision_type=2 2 2 2 2 2 2 2 2 2 2 2 2 2 2 2 2 2 2 2 2 2 2
left_child=1 8 3 -2 7 18 -7 -5 10 -10 11 13 -13 14 -1 -16 -12 -18 20 -20 -6 22 -19
right_child=2 -3 -4 4 5 6 -8 -9 9 -11 16 12 -14 -15 15 -17 17 21 19 -21 -22 -23 -24
leaf_value=-9.6268215922772193e-07 7.4199759077356797e-07 1.6577757889990606e-06 -1.7921546242663761e-06 -1.7120350203211647e-06 1.1226264129662568e-06 4.0939004049635387e-07 -1.5137812646059956e-06 -3.6379578682388394e-07 1.630823610128118e-06 -2.245919080625368e-07 -1.0135885281092882e-06 1.6261736634119603e-06 -1.5480040256310444e-07 9.5307565889272384e-07 -1.5238805997693451e-07 6.3993660261019164e-07 -9.5292206366885375e-07 7.5135162807137321e-07 -7.930446273007874e-07 3.9829796974239733e-07 2.1605218947229332e-08 -7.045516227575733e-07 -1.5590472286497458e-07
leaf_weight=31 34 30 22 22 27 28 32 25 20 23 32 33 32 31 194 50 23 31 20 21 20 21 48
leaf_count=31 34 30 22 22 27 28 32 25 20 23 32 33 32 31 194 50 23 31 20 21 20 21 48
internal_value=-1.69169e-15 1.24693e-07 -2.97573e-07 -1.53989e-07 -3.10212e-07 -9.27817e-08 -6.16301e-07 -9.94886e-07 4.38622e-08 6.38392e-07 -4.74009e-09 1.37051e-07 7.49386e-07 6.97956e-09 -9.96713e-08 9.97355e-09 -3.44124e-07 -1.69954e-07 2.64163e-07 -1.82845e-07 6.54107e-07 1.01289e-08 2.00107e-07
internal_weight=850 599 251 229 195 148 60 47 569 43 526 371 65 306 275 244 155 123 88 41 47 100 79
internal_count=850 599 251 229 195 148 60 47 569 43 526 371 65 306 275 244 155 123 88 41 47 100 79
is_linear=0
shrinkage=0.3


Tree=283
num_leaves=31
num_cat=0
split_feature=18 14 9 9 20 14 27 14 27 10 10 3 7 6 14 16 16 27 11 28 10 6 2 15 27 10 6 15 6 21
split_gain=3.55922e-10 1.64096e-09 3.07075e-10 4.18809e-10 3.3936e-10 2.54433e-10 2.40893e-10 5.5994e-10 3.73658e-10 2.85517e-10 4.91735e-10 2.99001e-10 2.60681e-10 2.23009e-10 2.17269e-10 2.1265e-10 2.40999e-10 2.11998e-10 1.87585e-10 1.7796e-10 3.89618e-10 2.7339e-10 2.9534e-10 2.17857e-10 1.80005e-10 1.43829e-10 2.23303e-10 2.87079e-10 1.86066e-10 1.18404e-10
threshold=0.41644742937423912 0.014084770261063218 0.011466575889875952 0.0089172408372397201 0.80144150000000014 0.022964537451029655 0.91264250000000013 0.01424216574777973 0.90345350000000013 -0.23805540153168248 0.10068058853957727 4.5085885524749765 0.0081631752517542493 0.014122318116620526 0.019326477304718356 1.0000000180025095e-35 0.012765996517668196 0.93457750000000017 38.944443404072125 1.0000000180025095e-35 -0.822649810548302 0.0020637876818529991 4.963527142049835 -0.0021031185406142081 0.68467700000000009 1.4758399410778698 0.0017290011725864861 0.0041152222998091072 0.0081631752517542493 0.10541050000000002
decision_type=2 2 2 2 2 2 2 2 2 2 2 2 2 2 2 2 2 2 2 2 2 2 2 2 2 2 2 2 2 2
left_child=6 -2 3 -3 5 -4 8 -8 19 11 -11 -9 13 14 -12 -7 -17 -13 -19 20 23 24 -23 -1 -21 26 27 -22 -28 -26
right_child=1 2 4 -5 -6 15 7 9 -10 10 12 17 -14 -15 -16 16 -18 18 -20 21 25 22 -24 -25 29 -27 28 -29 -30 -31
leaf_value=3.0563282865622978e-07 2.5248572757479655e-06 -3.1169086420439791e-07 -8.6645554999805701e-07 1.5056171237119998e-06 -1.2192504929089408e-06 -5.2843602947983859e-07 -1.3756609537661182e-06 4.8322582182952991e-07 1.308662010330863e-06 1.4154144510129023e-06 6.4827392392885481e-07 -1.3112687349270402e-06 5.5498679872932687e-07 -1.2749728455219154e-06 -6.6694330353829376e-07 1.0106137448579787e-06 -2.759644011973705e-07 1.3798111416659154e-07 -1.0393431537636388e-06 1.9720983297182621e-08 6.1360250858031723e-07 -3.2565612562835285e-07 1.0697985621683463e-06 1.509565275625846e-06 -5.6217150081749876e-07 6.7182920698627408e-07 -1.1501850241302234e-06 -4.851296219199915e-07 -1.448042251727632e-07 -1.5045266628987976e-06
leaf_weight=31 27 21 23 25 25 22 39 22 20 23 20 36 34 21 26 38 20 29 21 21 49 39 21 24 24 20 30 38 37 24
leaf_count=31 27 21 23 25 25 22 39 22 20 23 20 36 34 21 26 38 20 29 21 21 49 39 21 24 24 20 30 38 37 24
internal_value=1.67717e-15 3.4883e-07 1.11702e-08 6.75977e-07 -2.27745e-07 1.29123e-08 -1.08035e-07 -3.23895e-07 4.67219e-08 -1.4709e-07 1.63505e-07 -5.03699e-07 -1.21583e-07 -4.64918e-07 -9.51097e-08 2.65731e-07 5.66966e-07 -7.56168e-07 -3.56495e-07 -2.37776e-08 1.34974e-07 -3.05593e-07 1.62753e-07 8.30985e-07 -7.12849e-07 -8.50295e-08 -1.83323e-07 1.33697e-07 -5.94975e-07 -1.03335e-06
internal_weight=850 201 174 46 128 103 649 271 378 232 124 108 101 67 46 80 58 86 50 358 229 129 60 55 69 174 154 87 67 48
internal_count=850 201 174 46 128 103 649 271 378 232 124 108 101 67 46 80 58 86 50 358 229 129 60 55 69 174 154 87 67 48
is_linear=0
shrinkage=0.3


Tree=284
num_leaves=17
num_cat=0
split_feature=20 18 9 14 10 7 15 15 5 26 17 20 19 10 17 2
split_gain=2.54866e-10 1.42237e-09 3.13966e-09 2.2927e-10 3.13604e-10 2.13173e-10 1.60403e-10 2.29405e-10 2.55545e-10 2.76692e-10 6.14285e-10 1.87252e-10 2.41115e-10 1.78057e-10 1.38096e-10 1.37215e-10
threshold=0.7892300000000001 0.41644742937423912 0.018715863244353325 0.027525205577819494 -0.93651617879342564 -0.0056445174150736334 -0.029098125096418882 -0.021496677483177181 -0.01955121479994355 0.94318050000000009 0.0066722252613849072 0.68595800000000007 0.46190400000000004 -0.29734376894986631 0.0098215419475800678 4.7153453329443638
decision_type=2 2 2 2 2 2 2 2 2 2 2 2 2 2 2 2
left_child=6 3 -3 4 -2 -6 -1 -8 -9 11 -11 12 13 -10 -5 -7
right_child=1 2 -4 14 5 15 7 8 9 10 -12 -13 -14 -15 -16 -17
leaf_value=5.2232341418531988e-07 4.8946108444170026e-07 4.5523617797016416e-06 -7.6336122681652793e-07 -3.5153952282485081e-08 -1.471421100518455e-06 -8.9286445350873166e-07 -1.0720739863856464e-06 9.6862484028292789e-07 -3.2601641081393085e-07 2.8342375732697584e-07 -2.0111995727997313e-06 -9.6612650855476547e-07 7.6722601991541242e-07 4.9729871460419553e-08 9.969852447611061e-07 1.9162884947426e-07
leaf_weight=37 25 20 20 28 24 21 22 20 175 21 21 20 32 323 20 21
leaf_count=37 25 20 20 28 24 21 22 20 175 21 21 20 32 323 20 21
internal_value=7.80552e-16 3.18055e-07 1.8945e-06 -1.35598e-07 -4.15423e-07 -7.58183e-07 -8.48463e-08 -1.20281e-07 -8.60657e-08 -1.21697e-07 -8.63888e-07 -6.50208e-08 -3.10168e-08 -8.23095e-08 3.94904e-07 -3.50618e-07
internal_weight=850 179 40 139 91 66 671 634 612 592 42 550 530 498 48 42
internal_count=850 179 40 139 91 66 671 634 612 592 42 550 530 498 48 42
is_linear=0
shrinkage=0.3


Tree=285
num_leaves=29
num_cat=0
split_feature=12 12 8 0 4 1 23 22 20 27 8 12 8 28 16 12 6 17 22 15 18 17 3 8 16 9 8 4
split_gain=2.35599e-10 2.35312e-09 3.21878e-10 2.5806e-10 4.56433e-10 2.72035e-10 2.88947e-10 2.47317e-10 2.05743e-10 2.55519e-10 2.76569e-10 3.68938e-10 3.5944e-10 2.33074e-10 4.75445e-10 3.77036e-10 2.27618e-10 2.24386e-10 2.30373e-10 2.10369e-10 1.99296e-10 1.63352e-10 3.35184e-10 2.30824e-10 2.07317e-10 1.39787e-10 1.3383e-10 9.40013e-11
threshold=0.001069351601593978 0.0013053765362232655 0.031678161057165748 4.560560914887156 4685700.0000000009 4.6587909039835447 0.58333350000000006 0.074579500000000007 0.012709500000000002 0.80910800000000005 -0.0064100694343663892 -0.0014285830535689097 -1.6653345369377346e-16 1.0000000180025095e-35 0.011883706809530428 -0.0043114397395020865 -0.018002017539892255 0.005719778403656779 0.12090750000000001 0.0055607038079523163 -0.090033904873597095 0.009199693531922749 4.7686388492584237 0.036212460472205464 0.0068692646779623555 0.023243501043765134 0.052034792721599395 6188200.0000000009
decision_type=2 2 2 2 2 2 2 2 2 2 2 2 2 2 2 2 2 2 2 2 2 2 2 2 2 2 2 2
left_child=2 -2 8 4 -3 -5 21 26 -1 16 11 13 -12 14 -11 -15 -10 20 -19 -14 -18 22 -7 -24 25 -23 -8 -6
right_child=1 3 -4 5 27 6 7 -9 9 10 12 -13 19 15 -16 -17 17 18 -20 -21 -22 24 23 -25 -26 -27 -28 -29
leaf_value=8.3346967585384844e-07 3.3455523731618088e-06 1.4240270410215902e-06 -1.2584712031259539e-06 -1.0562839290829427e-06 -5.9413557860210633e-07 1.2802682597378502e-06 -6.019272059454295e-07 -1.3927001041175961e-06 -6.9389778494561524e-07 -2.1550994659946808e-07 -1.4775361999936113e-06 8.5940269753947965e-07 -8.2373784455485825e-07 8.357288251659156e-07 -1.8325906466998275e-06 -7.1924647858415243e-07 5.8004095365049575e-07 1.6466479170595959e-06 3.3219141414519982e-07 2.1682955519963798e-07 -4.7369790752022868e-07 -3.6944791353172539e-08 -7.3766606641227506e-07 4.0917586895870626e-07 5.7019977592887019e-07 -1.1315552774464926e-06 3.1440007290939321e-07 3.0450571693243297e-07
leaf_weight=21 20 29 22 26 20 29 32 21 21 90 34 32 34 36 20 23 30 20 30 36 35 21 22 56 21 21 26 22
leaf_count=21 20 29 22 26 20 29 32 21 21 90 34 32 34 36 20 23 30 20 30 36 35 21 22 56 21 21 26 22
internal_value=7.2397e-16 1.81627e-07 -1.37346e-07 -1.25863e-09 5.08637e-07 -1.32904e-07 -3.64872e-08 -5.10557e-07 -8.39593e-08 -1.27646e-07 -2.80133e-07 -7.46431e-08 -6.77283e-07 -2.51504e-07 -5.09525e-07 2.29552e-07 2.14328e-07 3.80178e-07 8.57974e-07 -2.88589e-07 1.26431e-08 1.83816e-07 4.09467e-07 8.57076e-08 -1.99433e-07 -5.8425e-07 -1.9116e-07 -1.23419e-07
internal_weight=850 366 484 346 71 275 249 79 462 441 305 201 104 169 110 59 136 115 50 70 65 170 107 78 63 42 58 42
internal_count=850 366 484 346 71 275 249 79 462 441 305 201 104 169 110 59 136 115 50 70 65 170 107 78 63 42 58 42
is_linear=0
shrinkage=0.3


Tree=286
num_leaves=23
num_cat=0
split_feature=5 14 7 10 16 3 19 21 21 3 15 11 0 6 18 6 16 18 7 9 27 13
split_gain=1.99903e-10 1.7708e-09 2.65667e-10 6.36545e-10 1.68068e-10 1.75521e-10 1.99932e-10 2.40275e-10 3.54523e-10 1.80012e-10 2.47418e-10 2.76636e-10 1.97657e-10 2.52526e-10 1.63578e-10 1.56983e-10 1.56119e-10 1.69626e-10 1.4265e-10 1.22949e-10 1.22838e-10 1.60142e-10
threshold=0.010000223269627096 0.016016449817798508 0.0064447382360334838 1.4758399410778698 0.019133789720216534 5.8450112342834482 -0.90979899999999991 0.040687000000000008 0.037196500000000007 4.6659371852874765 0.0081550124719102727 40.000082579677859 4.6394595188613819 -0.0054569716927296693 -0.33685744808886225 0.0041451171382727485 0.0062695931781383499 -0.1784971868475427 -0.0021367392770927991 0.023754081220824414 0.80802550000000017 0.023952360417551433
decision_type=2 2 2 2 2 2 2 2 2 2 2 2 2 2 2 2 2 2 2 2 2 2
left_child=4 -2 14 19 5 6 15 8 16 12 11 -11 13 -9 -3 18 17 -8 -1 -4 -16 -22
right_child=1 2 3 -5 -6 -7 7 9 -10 10 -12 -13 -14 -15 20 -17 -18 -19 -20 -21 21 -23
leaf_value=2.4389243350242398e-07 2.7380674117425685e-06 3.2451797074324012e-07 2.358353825826498e-07 1.6641699229325014e-06 -9.3905784439130001e-07 -7.5130683582404249e-07 1.7062604598550024e-07 5.3200593002701777e-07 -1.5910857310405137e-06 8.4028958230862231e-07 -7.4612794982442659e-07 8.0904197313083105e-08 -8.8951237771084384e-07 -3.8248088823233501e-07 -9.9045193222067495e-07 -6.6266226845586525e-08 3.2202495342132e-07 -9.3043268918477528e-07 1.3509138210258827e-06 -8.1608528276433393e-07 -8.7071474546007717e-07 1.1421847517021013e-07
leaf_weight=20 23 28 20 24 20 31 20 42 21 57 24 178 33 77 31 31 31 34 22 20 24 39
leaf_count=20 23 28 20 24 20 31 20 42 21 57 24 178 33 77 31 31 31 34 22 20 24 39
internal_value=-1.34896e-15 2.54787e-07 -5.22853e-08 4.42736e-07 -8.30741e-08 -5.55062e-08 -1.89472e-08 -8.45697e-08 -4.87285e-07 1.92937e-08 1.71391e-07 2.65096e-07 -2.39873e-07 -5.97208e-08 -3.11968e-07 4.45804e-07 -2.14581e-07 -5.22633e-07 8.23761e-07 -2.90125e-07 -5.0156e-07 -2.60994e-07
internal_weight=850 209 186 64 641 621 590 517 106 411 259 235 152 119 122 73 85 54 42 40 94 63
internal_count=850 209 186 64 641 621 590 517 106 411 259 235 152 119 122 73 85 54 42 40 94 63
is_linear=0
shrinkage=0.3


Tree=287
num_leaves=16
num_cat=0
split_feature=20 14 19 2 2 18 2 22 17 12 6 6 26 10 8
split_gain=2.26608e-10 1.43015e-09 3.44417e-10 2.08601e-10 3.29309e-10 1.88087e-10 2.16165e-10 1.54044e-10 1.46707e-10 1.70352e-10 1.32088e-10 1.22165e-10 1.36242e-10 1.24249e-10 1.11696e-10
threshold=0.7892300000000001 0.014184398312519267 0.78312150000000014 5.8154852739687408 5.7165463556765062 0.45016992525859451 5.063173683361069 0.039178500000000012 0.022930611137725029 0.010998990464970224 0.023363891710475895 0.010214333985498135 0.94994950000000011 0.18114805946956428 -0.0024080802049257634
decision_type=2 2 2 2 2 2 2 2 2 2 2 2 2 2 2
left_child=3 -2 -3 4 8 6 7 14 9 10 11 12 -1 -13 -4
right_child=1 2 5 -5 -6 -7 -8 -9 -10 -11 -12 13 -14 -15 -16
leaf_value=-9.1749874351977812e-09 2.404538371337139e-06 9.7737069194181449e-07 4.8693949606851773e-07 7.2157057098922095e-07 -1.2052382714955458e-06 -8.9731750509969286e-07 8.4118780050879129e-07 -8.1296567153568214e-07 5.8612687845307557e-07 -9.4411787330273003e-07 4.740439982607479e-07 -9.2924962871165915e-07 -7.750388370843873e-07 -1.8150451211340624e-07 -4.1055660169320165e-07
leaf_weight=420 25 25 26 28 24 30 20 29 29 21 37 30 22 60 24
leaf_count=420 25 25 26 28 24 30 20 29 29 21 37 30 22 60 24
internal_value=2.63319e-15 2.99905e-07 -4.17561e-08 -8.00045e-08 -1.1491e-07 -2.39261e-07 -3.98503e-08 -2.62898e-07 -7.26353e-08 -1.05015e-07 -7.40465e-08 -1.12166e-07 -4.72949e-08 -4.30753e-07 5.61414e-08
internal_weight=850 179 154 671 643 129 99 79 619 590 569 532 442 90 50
internal_count=850 179 154 671 643 129 99 79 619 590 569 532 442 90 50
is_linear=0
shrinkage=0.3


Tree=288
num_leaves=16
num_cat=0
split_feature=14 14 5 14 16 15 7 10 8 21 9 4 17 21 10
split_gain=2.94447e-10 1.54825e-09 5.08492e-10 5.15105e-10 1.89411e-10 3.25192e-10 1.32117e-10 1.11987e-10 1.09485e-10 1.40616e-10 2.56422e-10 2.18487e-10 2.30154e-10 1.91615e-10 9.74536e-11
threshold=0.013965129258479656 0.014418127079165925 0.0062959892737265528 0.012499987582366255 0.0020304569795756467 -0.0019249277430613448 -0.040010669543383025 2.1682522634548662 -0.1265140880664177 0.028807000000000003 0.044741577055879243 4461650.0000000009 0.0083682295313127503 0.043047000000000009 0.28988890480435386
decision_type=2 2 2 2 2 2 2 2 2 2 2 2 2 2 2
left_child=2 -2 3 4 -1 -6 -3 8 -8 11 13 -10 -13 -11 -7
right_child=1 6 -4 -5 5 14 7 -9 9 10 -12 12 -14 -15 -16
leaf_value=7.7867651953056334e-07 2.6813359852440044e-06 -7.032123256106823e-07 -1.7955250709178471e-06 -1.5175182275990145e-06 -1.1364815402917624e-06 -5.8224155323345747e-08 6.6358316272188933e-07 7.0988356567015994e-07 -3.5988246278953561e-07 -4.0524756453036763e-07 -1.1340006348348196e-06 1.3269307078813631e-07 1.2261625894893768e-06 5.5742415330424509e-08 7.8101588854906365e-07
leaf_weight=28 20 23 20 21 21 33 22 21 31 102 20 41 30 397 20
leaf_count=28 20 23 20 21 21 33 22 21 31 102 20 41 30 397 20
internal_value=-9.75533e-16 7.94097e-08 -3.92606e-07 -1.64489e-07 1.14076e-07 -1.37394e-07 3.66217e-09 2.81473e-08 5.88218e-09 -1.7418e-08 -8.07043e-08 3.04597e-07 5.94722e-07 -3.8488e-08 2.5847e-07
internal_weight=850 707 143 123 102 74 687 664 643 621 519 102 71 499 53
internal_count=850 707 143 123 102 74 687 664 643 621 519 102 71 499 53
is_linear=0
shrinkage=0.3


Tree=289
num_leaves=23
num_cat=0
split_feature=3 3 15 26 1 22 22 5 3 3 19 7 7 19 12 7 7 5 5 20 17 17
split_gain=2.52072e-10 1.85038e-09 2.62264e-10 2.39934e-10 2.35879e-10 1.62132e-10 1.79088e-10 1.53442e-10 1.44575e-10 2.81474e-10 1.5825e-10 1.91282e-10 2.62137e-10 1.69414e-10 1.47511e-10 1.20714e-10 1.46919e-10 1.16799e-10 1.52443e-10 1.13971e-10 2.4737e-10 2.22439e-10
threshold=4.7088205814361581 4.6982362270355233 0.023000570384511084 0.94318050000000009 4.8234140126556566 0.015865000000000004 0.021046500000000006 0.010214333985498135 4.8476758003234872 4.9194116592407235 -0.42906399999999995 -0.0056445174150736334 0.0055710578968266155 -0.23510399999999995 0.00052473565801817198 -0.002046961470181559 0.0040899567986331983 -0.01673101333137763 -0.025317748106979714 0.30883400000000005 0.0084388109250038302 0.0045715734887824743
decision_type=2 2 2 2 2 2 2 2 2 2 2 2 2 2 2 2 2 2 2 2 2 2
left_child=1 2 5 4 7 -1 -7 15 -6 -10 11 -11 -13 -12 -15 -2 -17 18 -8 20 -19 -21
right_child=3 -3 -4 -5 8 6 17 -9 9 10 13 12 -14 14 -16 16 -18 19 -20 21 -22 -23
leaf_value=5.8267750014435131e-07 -8.6863619153312098e-07 2.9235187506669394e-06 1.0480119970322577e-06 -9.617797107352997e-07 5.9714221066542441e-07 -9.8539119221641157e-07 -8.2838617432301468e-08 -1.2177786908812944e-06 -8.7575210541953897e-07 -2.5356502905636039e-07 -8.6226032329289843e-07 1.4038587521598016e-06 1.4629535609600451e-07 2.4987787951266907e-07 -2.7376149040308873e-07 5.8731300484282661e-07 -5.361493035477787e-07 -7.8220915611382219e-08 1.0015898450888016e-06 -2.2856718351568103e-07 -1.0224910878144007e-06 7.7765370065208117e-07
leaf_weight=33 22 21 21 30 35 20 28 22 33 29 23 26 35 101 93 20 22 94 20 58 34 30
leaf_count=33 22 21 21 30 35 20 28 22 33 29 23 26 35 101 93 20 22 94 20 58 34 30
internal_value=-1.87301e-16 1.91059e-07 2.1291e-08 -1.39695e-07 -8.61971e-08 -4.67252e-08 -1.1986e-07 -5.34304e-07 1.65688e-08 -4.31961e-08 4.62969e-08 3.80748e-07 6.82306e-07 -9.24154e-08 -1.14512e-09 -2.9936e-07 -1.16725e-09 -5.42895e-08 3.69007e-07 -1.48355e-07 -3.29043e-07 1.14463e-07
internal_weight=850 359 338 491 461 317 284 86 375 340 307 90 61 217 194 64 42 264 48 216 128 88
internal_count=850 359 338 491 461 317 284 86 375 340 307 90 61 217 194 64 42 264 48 216 128 88
is_linear=0
shrinkage=0.3


Tree=290
num_leaves=29
num_cat=0
split_feature=2 2 2 19 20 4 22 18 21 14 17 9 26 13 12 14 6 15 21 16 27 13 5 10 16 20 7 4
split_gain=2.01171e-10 1.19959e-09 2.65275e-10 1.87098e-10 3.81234e-10 2.27509e-10 1.98681e-10 1.86025e-10 2.11168e-10 2.77054e-10 4.66673e-10 1.97147e-10 1.90981e-10 1.58829e-10 1.431e-10 1.34153e-10 1.49367e-10 1.33274e-10 1.27975e-10 1.79745e-10 1.31844e-10 1.22137e-10 1.18057e-10 1.17483e-10 1.1049e-10 9.74848e-11 7.89522e-11 7.7036e-11
threshold=4.6799458962445541 4.6563057694277559 4.7083260716136328 0.66567900000000013 0.57357500000000006 10801700.000000002 0.015865000000000004 -0.90521033204865353 0.11427900000000001 0.021084925335915657 0.0050718500116781915 0.040548205073417477 0.44621650000000007 0.017291731200244187 0.00016691080644103896 0.038778357374117542 -0.0056445174150736334 -0.0019249277430613448 0.31349000000000005 0.0021253989739855104 0.81052350000000006 0.028226687925066982 0.0087108709612459274 0.44204095643213509 0.0036429958558437231 0.14375250000000003 -0.0040984464159604774 13185050.000000002
decision_type=2 2 2 2 2 2 2 2 2 2 2 2 2 2 2 2 2 2 2 2 2 2 2 2 2 2 2 2
left_child=1 3 13 4 5 6 -1 -4 9 10 14 12 21 -2 -9 16 -11 -14 19 -8 -20 25 -18 26 -23 -10 -5 -17
right_child=2 -3 7 23 -6 -7 18 8 11 15 -12 -13 17 -15 -16 27 22 -19 20 -21 -22 24 -24 -25 -26 -27 -28 -29
leaf_value=7.1650901666152493e-07 -3.4180958616847331e-07 2.2160172418850264e-06 6.9675078765588497e-07 2.4612651827737864e-07 1.4001623651438422e-06 9.4031774265006423e-07 -4.5542013429890755e-07 3.6576372999454838e-07 -2.1975176839429296e-07 6.8711791321618422e-07 -1.7411622339734224e-06 1.0236554192033508e-06 -1.353957941319095e-07 -1.4036030577813108e-06 -7.0445414139711549e-07 -1.0667725987900666e-07 -3.7673137026628112e-07 8.1558265939326211e-07 -1.171824857177408e-07 3.018715934392689e-07 -8.9272525346974792e-07 -3.8596731377021405e-07 4.6250619741334212e-07 -9.9649076908800035e-07 5.1244810086765413e-07 -1.0591259090020344e-06 -4.7864039496590201e-07 -9.3933799320211616e-07
leaf_weight=27 32 24 28 24 20 23 43 22 33 30 28 20 21 21 23 20 48 36 47 82 34 22 22 21 28 20 31 20
leaf_count=27 32 24 28 24 20 23 43 22 33 30 28 20 21 21 23 20 48 36 47 82 34 22 22 21 28 20 31 20
internal_value=2.33225e-16 1.63866e-07 -1.29987e-07 2.3947e-08 1.38719e-07 4.01688e-08 -4.86871e-08 -5.03567e-08 -1.03586e-07 -3.05741e-07 -7.79564e-07 1.35632e-07 2.46288e-08 -7.6252e-07 -1.81237e-07 -5.86767e-08 1.27056e-07 4.65222e-07 -1.4898e-07 4.13632e-08 -4.42719e-07 -2.19195e-07 -1.12971e-07 -3.92857e-07 1.17145e-07 -5.36497e-07 -1.62378e-07 -5.23008e-07
internal_weight=850 376 474 352 276 256 233 421 393 213 73 180 160 53 45 140 100 57 206 125 81 103 70 76 50 53 55 40
internal_count=850 376 474 352 276 256 233 421 393 213 73 180 160 53 45 140 100 57 206 125 81 103 70 76 50 53 55 40
is_linear=0
shrinkage=0.3


Tree=291
num_leaves=23
num_cat=0
split_feature=6 20 18 15 27 5 4 1 18 18 4 26 1 1 16 16 22 1 26 21 4 19
split_gain=1.82826e-10 6.19304e-10 1.26672e-09 2.6759e-10 2.14218e-10 1.94887e-10 2.06241e-10 1.69908e-10 2.72581e-10 3.0136e-10 1.69943e-10 1.60085e-10 1.54332e-10 2.20912e-10 1.74433e-10 1.80113e-10 2.61666e-10 1.14969e-10 2.2268e-10 2.30233e-10 1.25082e-10 9.05163e-11
threshold=0.0019305057666435916 0.9191005000000001 -0.16093434475120941 0.02254340378344535 0.57926250000000012 -0.018595388224246803 5046500.0000000009 5.2285199192523502 0.21037024857837675 -0.15439708140252689 9282000.0000000019 0.77901250000000011 5.905661997888938 5.6908520779364755 0.015226452468135677 0.012422401233465245 0.013212500000000002 4.5871961993153549 0.19427500000000003 0.32623250000000009 3906950.0000000005 0.036424000000000005
decision_type=2 2 2 2 2 2 2 2 2 2 2 2 2 2 2 2 2 2 2 2 2 2
left_child=3 5 -3 4 -1 -2 17 8 9 -8 -10 21 13 14 15 16 -6 -7 -19 20 -20 -9
right_child=1 2 -4 -5 12 6 7 11 10 -11 -12 -13 -14 -15 -16 -17 -18 18 19 -21 -22 -23
leaf_value=4.9538622227763924e-07 6.646535513965546e-07 -4.1866432326287395e-07 2.9577930257573829e-06 6.5751672847132637e-07 -1.2554645325286112e-06 3.1594193501405242e-07 1.9267236099047353e-07 -7.8325749086616264e-08 -5.1578433144908662e-07 1.5636015726430388e-06 5.696530536423795e-07 4.0539642753856242e-07 5.1162408128262049e-07 -1.2759126493477879e-06 -1.0486943939786609e-06 5.6354122517195015e-07 -1.8024858416703698e-07 3.404138180229665e-07 -1.4307759916694827e-07 -1.5844915839124949e-06 -1.0447609005126423e-06 -9.3458629157794344e-07
leaf_weight=37 38 20 20 36 22 20 31 20 34 27 21 24 22 20 23 26 275 24 45 20 20 25
leaf_count=37 38 20 20 36 22 20 31 20 34 27 21 24 22 20 23 26 275 24 45 20 20 25
internal_value=2.19495e-15 1.51463e-07 1.26956e-06 -1.27807e-07 -1.94329e-07 2.33139e-08 -5.50492e-08 1.50629e-07 3.77134e-07 8.30864e-07 -1.01345e-07 -2.20314e-07 -2.60101e-07 -3.06488e-07 -2.50452e-07 -1.93611e-07 -2.59894e-07 -3.45231e-07 -4.66547e-07 -6.94395e-07 -4.20519e-07 -5.54026e-07
internal_weight=850 389 40 461 425 349 311 182 113 58 55 69 388 366 346 323 297 129 109 85 65 45
internal_count=850 389 40 461 425 349 311 182 113 58 55 69 388 366 346 323 297 129 109 85 65 45
is_linear=0
shrinkage=0.3


Tree=292
num_leaves=31
num_cat=0
split_feature=4 4 18 21 18 6 13 18 21 22 6 16 12 21 11 16 10 9 6 5 27 16 13 4 8 4 14 4 24 20
split_gain=1.53958e-10 5.89265e-10 2.10462e-09 2.7538e-10 2.75154e-10 2.70665e-10 1.93781e-10 1.78501e-10 1.51033e-10 2.28408e-10 2.08566e-10 1.47474e-10 1.85396e-10 1.39796e-10 1.31918e-10 1.26978e-10 1.23633e-10 1.21938e-10 1.18215e-10 1.14246e-10 2.62929e-10 2.78364e-10 2.07823e-10 1.47044e-10 1.97619e-10 1.76084e-10 1.71297e-10 1.50308e-10 1.06721e-10 1.0267e-10
threshold=5993600.0000000009 4583200.0000000009 0.41644742937423912 0.29453650000000003 -0.11488823014842799 -0.0021505772891525737 0.017613722298805121 0.3707509078807632 0.32623250000000009 0.18022550000000001 -0.0063560456288135137 0.0021413353646270008 0.0012406771982588661 0.053695000000000007 46.609185699968073 0.0047846846286744684 2.1132229765079296 0.01525357479049755 -0.013564547729639864 -0.014300675431362165 0.80103600000000019 0.0063425172025239522 0.029697759987020175 8183600.0000000009 -0.027069078225111346 9057800.0000000019 0.027525205577819494 14302300.000000002 0.29166650000000005 0.33608400000000005
decision_type=2 2 2 2 2 2 2 2 2 2 2 2 2 2 2 2 2 2 2 2 2 2 2 2 2 2 2 2 2 2
left_child=1 7 3 5 -5 -3 -2 8 10 15 18 14 13 -13 -12 -10 19 -7 -1 20 -8 22 -22 24 -21 -25 29 -28 -26 -27
right_child=6 2 -4 4 -6 17 16 -9 9 -11 11 12 -14 -15 -16 -17 -18 -19 -20 23 21 -23 -24 25 28 26 27 -29 -30 -31
leaf_value=1.2190888501858614e-07 -8.8031555768193825e-07 4.425970800525647e-07 2.9577635701042275e-06 -1.6808561518644182e-07 1.3533878344511007e-06 -1.3006271111797625e-06 5.0523787965062181e-07 -7.1211663164551556e-07 -4.850649860130448e-07 -1.2386563687272199e-06 4.8515212745946372e-07 -3.4920193403564781e-07 1.207884597014417e-06 7.7247692677140377e-07 -4.0306001044216755e-07 3.4754671414116699e-07 -7.6592714270356562e-07 -2.8996936614269294e-07 -8.3508659261501455e-07 -7.9393374535056052e-07 4.8847870540872199e-07 -1.4795797284868374e-06 -8.3093628927858012e-07 9.1424247770532931e-07 -1.2573394699566531e-07 7.4069523744554088e-08 7.8937613431473431e-07 -1.7309860193331192e-07 6.6819186045563588e-07 -7.5242193275926184e-07
leaf_weight=21 29 26 28 20 23 21 25 39 34 20 27 20 29 20 34 32 22 22 26 34 21 23 22 30 64 31 40 23 20 24
leaf_count=21 29 26 28 20 23 21 25 39 34 20 27 20 29 20 34 32 22 22 26 34 21 23 22 30 64 31 40 23 20 24
internal_value=-1.60452e-15 1.22668e-07 6.31419e-07 4.98325e-08 6.45726e-07 -3.21521e-07 -1.3289e-07 -1.13177e-07 -2.43604e-08 -3.5051e-07 1.34108e-07 3.29917e-07 6.3035e-07 2.11637e-07 -9.91693e-09 -8.13745e-08 -7.56996e-08 -7.83546e-07 -4.07493e-07 -3.31645e-08 -3.23318e-07 -6.37165e-07 -1.86571e-07 6.60985e-08 -1.83702e-07 2.65264e-07 1.0027e-07 4.37996e-07 6.3296e-08 -2.86581e-07
internal_weight=850 442 140 112 43 69 408 302 263 86 177 130 69 40 61 66 379 43 47 357 91 66 43 266 118 148 118 63 84 55
internal_count=850 442 140 112 43 69 408 302 263 86 177 130 69 40 61 66 379 43 47 357 91 66 43 266 118 148 118 63 84 55
is_linear=0
shrinkage=0.3


Tree=293
num_leaves=27
num_cat=0
split_feature=6 20 6 0 7 16 5 14 12 15 9 5 4 21 10 3 7 7 0 26 9 7 13 5 1 10
split_gain=1.49879e-10 1.61361e-09 1.50099e-10 1.45722e-10 1.48081e-10 1.4469e-10 2.49442e-10 2.18697e-10 3.86673e-10 1.96491e-10 3.91543e-10 2.14335e-10 1.90022e-10 1.69972e-10 1.914e-10 1.67118e-10 1.5687e-10 2.05471e-10 1.92212e-10 1.32157e-10 2.44304e-10 1.33954e-10 1.13167e-10 1.1163e-10 1.05428e-10 1.04678e-10
threshold=0.014122318116620526 0.88735200000000003 0.026510895742262858 4.5747006474492151 0.00389101707044625 0.0041580002420866036 0.025372645103517451 0.016460889199236391 -0.00036683697797952559 0.012207529062318359 0.015831493903802483 0.006479628746801855 2511950.0000000005 0.056965000000000009 0.78009366477132669 4.6910605430603036 -0.02917069333468875 -0.019418075114363994 5.7637516664168418 0.65515250000000014 0.035213729782596258 -0.0074976729482862381 0.030639690464356495 0.01030938706380523 4.9317176774661524 0.20297447261045221
decision_type=2 2 2 2 2 2 2 2 2 2 2 2 2 2 2 2 2 2 2 2 2 2 2 2 2 2
left_child=5 2 3 -2 24 6 9 8 -7 11 -11 12 -1 15 -15 -14 -9 -18 19 20 -19 -21 -4 -13 -5 -10
right_child=1 -3 22 4 -6 7 -8 16 25 10 -12 23 13 14 -16 -17 17 18 -20 21 -22 -23 -24 -25 -26 -27
leaf_value=8.7490532713729857e-07 3.3966017412012659e-07 2.7106168472203405e-06 7.5958317644619913e-07 -7.4584974202096527e-07 -1.2177032312427567e-06 -1.4798159821793888e-06 -9.1763769043089788e-07 7.0011498988523353e-07 3.571331892939982e-07 1.7150222959116946e-06 -1.1901896288221439e-07 -1.079078263330757e-06 2.1831945598800175e-07 1.2056225352411552e-07 1.1339407014432367e-06 -6.6723361802962182e-07 -1.0115333742016281e-06 -1.1350041688515088e-07 8.1340956847546807e-07 1.2478656614689497e-07 1.0545220466440241e-06 -5.615712078487519e-07 -1.9402965766143355e-07 -9.9792140223991566e-08 2.1657423732485929e-07 -5.4797310026367048e-07
leaf_weight=30 20 21 24 20 22 30 21 22 23 20 22 20 34 104 20 44 22 83 21 37 20 83 21 22 21 23
leaf_count=30 20 21 24 20 22 30 21 22 23 20 22 20 34 104 20 44 22 83 21 37 20 83 21 22 21 23
internal_value=-3.23451e-15 2.73242e-07 -1.26639e-07 -3.65846e-07 -5.89816e-07 -5.80786e-08 8.35717e-08 -1.89222e-07 -6.41892e-07 1.50108e-07 7.54334e-07 5.74892e-08 1.70384e-07 6.57518e-08 2.8401e-07 -2.81223e-07 -6.97674e-08 -1.33442e-07 -5.42697e-08 -1.35979e-07 1.133e-07 -3.49944e-07 3.14564e-07 -5.66119e-07 -2.52901e-07 -9.542e-08
internal_weight=850 149 128 83 63 701 337 364 76 316 42 274 232 202 124 78 288 266 244 223 103 120 45 42 41 46
internal_count=850 149 128 83 63 701 337 364 76 316 42 274 232 202 124 78 288 266 244 223 103 120 45 42 41 46
is_linear=0
shrinkage=0.3


Tree=294
num_leaves=19
num_cat=0
split_feature=19 19 6 27 13 19 13 5 7 26 13 12 18 18 7 4 0 15
split_gain=1.90615e-10 1.24291e-09 2.35319e-10 1.04705e-10 1.17909e-10 3.27756e-10 2.73061e-10 1.96125e-10 2.80948e-10 1.25562e-10 1.93078e-10 2.09141e-10 1.26059e-10 2.23008e-10 1.17739e-10 9.86935e-11 6.0491e-11 3.4757e-11
threshold=0.8835495000000001 0.85513150000000016 0.011591144334108945 0.48424750000000005 0.016228007190656663 0.46000600000000008 0.01751321658879125 -0.0042552993876547665 -1.0000000180025095e-35 0.83798050000000013 0.032909091444506051 -0.0036964453890648333 0.25654833208904704 -0.11488823014842799 -0.0081550219244335229 7877800.0000000009 4.6203435016185734 0.0016681517167167197
decision_type=2 2 2 2 2 2 2 2 2 2 2 2 2 2 2 2 2 2
left_child=1 3 16 -1 5 7 -6 -5 -9 12 11 -11 13 -8 -12 -14 -2 -18
right_child=2 -3 -4 4 6 -7 9 8 -10 10 14 -13 15 -15 -16 -17 17 -19
leaf_value=-6.60037710596064e-07 -5.5392041247159791e-07 2.3812075409068712e-06 -1.3260730514730311e-06 8.0939480227470986e-07 -9.5700375639345186e-07 1.3969999247009925e-06 -1.8200040401110992e-07 5.5959761997570461e-07 -9.0196853535487737e-07 1.1438535870284411e-06 1.7952444757440843e-07 2.0463868155872098e-07 -6.1181139713539775e-07 3.8208104580415256e-07 -7.7206430681187038e-07 -1.0927847974400293e-07 3.469332062167041e-07 -1.938182927080126e-07
leaf_weight=22 22 20 20 20 28 20 168 20 29 26 22 119 60 101 25 85 20 23
leaf_count=22 22 20 20 20 28 20 168 20 29 26 22 119 60 101 25 85 20 23
internal_value=-1.8841e-15 4.73554e-08 -4.26198e-07 -1.52984e-08 4.32025e-09 3.27671e-07 -4.10713e-08 1.77212e-08 -3.05411e-07 1.24899e-09 2.01771e-07 3.7305e-07 -9.17469e-08 2.97923e-08 -3.2664e-07 -3.17223e-07 -1.49314e-07 5.7694e-08
internal_weight=850 765 85 745 723 89 634 69 49 606 192 145 414 269 47 145 65 43
internal_count=850 765 85 745 723 89 634 69 49 606 192 145 414 269 47 145 65 43
is_linear=0
shrinkage=0.3


Tree=295
num_leaves=25
num_cat=0
split_feature=13 13 7 14 19 6 5 12 26 22 13 5 22 6 9 7 26 10 19 19 4 4 14 7
split_gain=1.39886e-10 1.78911e-09 2.61723e-10 2.64162e-10 2.12055e-10 2.42769e-10 2.77427e-10 2.23044e-10 1.88527e-10 1.23556e-10 1.23077e-10 9.69127e-11 1.81592e-10 1.06778e-10 1.05205e-10 1.05371e-10 9.58293e-11 1.23728e-10 1.36846e-10 1.44699e-10 1.48776e-10 1.70989e-10 1.30997e-10 1.25257e-10
threshold=0.026021162388557586 0.025180691657592656 -0.0082137281615151363 0.014590897674239925 -0.90979899999999991 0.010214333985498135 -0.0087678122307700713 0.0029409244617757788 0.8888330000000001 0.11808300000000001 0.021678686936764079 -0.0087678122307700713 0.042495500000000005 0.020914218066540879 0.023601078283000222 -0.0019231337727346205 0.04023150000000001 -1.1733504522190519 -0.93716349999999993 -0.42972749999999998 6468250.0000000009 4147550.0000000005 0.038778357374117542 0.0017290011725864861
decision_type=2 2 2 2 2 2 2 2 2 2 2 2 2 2 2 2 2 2 2 2 2 2 2 2
left_child=1 2 3 -1 -4 6 -6 8 -8 -7 -5 12 -2 14 -14 -16 -13 -18 -19 23 21 -21 -22 -20
right_child=11 -3 4 10 5 9 7 -9 -10 -11 -12 16 13 -15 15 -17 17 18 19 20 22 -23 -24 -25
leaf_value=-1.4206452270063403e-06 -9.2602379148294909e-07 2.8230355231885696e-06 7.7754345370921491e-07 -5.519101032353484e-07 8.8945013047423877e-07 -1.1050579894538777e-06 -1.504784394098609e-08 6.9284440952287271e-07 -9.4849134311318811e-07 -1.8150231531066652e-07 3.4095184151539112e-07 6.1424633400974927e-07 -7.217456543127897e-07 4.759216080531457e-07 -5.3098250146910646e-07 3.0042704587592246e-07 6.0018130106389267e-07 -8.5990866592412989e-07 -7.4987721632169266e-08 5.6929189762300321e-08 3.1020557898386865e-07 -8.3115207452522097e-07 -4.2371921192728798e-07 8.6549420575465771e-07
leaf_weight=21 34 21 37 33 38 22 127 34 23 32 24 20 31 21 23 34 23 21 26 32 65 50 33 25
leaf_count=21 34 21 37 33 38 22 127 34 23 32 24 20 31 21 23 34 23 21 26 32 65 50 33 25
internal_value=2.75011e-15 1.25484e-07 -1.93978e-08 -5.11074e-07 1.03128e-07 1.27177e-08 1.51484e-07 -9.22104e-10 -1.58176e-07 -5.57766e-07 -1.75968e-07 -1.18035e-07 -3.20718e-07 -1.31907e-07 -2.76957e-07 -3.5054e-08 -1.97849e-08 -6.58963e-08 -1.26689e-07 -6.00328e-08 -1.86418e-07 -4.84584e-07 6.30676e-08 3.86033e-07
internal_weight=850 412 391 78 313 276 222 184 150 54 57 438 143 109 88 57 295 275 252 231 180 82 98 51
internal_count=850 412 391 78 313 276 222 184 150 54 57 438 143 109 88 57 295 275 252 231 180 82 98 51
is_linear=0
shrinkage=0.3


Tree=296
num_leaves=18
num_cat=0
split_feature=6 14 3 2 19 20 20 19 17 2 7 15 10 15 0 12 21
split_gain=1.56754e-10 1.54245e-09 1.25984e-10 3.28662e-10 1.27298e-10 1.8897e-10 1.78946e-10 1.55661e-10 1.50841e-10 1.22307e-10 1.35994e-10 9.87079e-11 1.67312e-10 1.08671e-10 1.01342e-10 6.60298e-11 2.12405e-11
threshold=0.014122318116620526 0.014850209740622023 5.8450112342834482 6.0334297241908965 0.84136000000000011 0.80144150000000014 0.68595800000000007 0.87933050000000013 0.022930611137725029 5.6202653665892255 -0.0061729192430691653 0.0020533372237502225 1.0627900237925776 0.014113167193441025 4.7044598343083956 0.00058351796081183426 0.039321000000000009
decision_type=2 2 2 2 2 2 2 2 2 2 2 2 2 2 2 2 2
left_child=2 -2 4 -4 5 6 8 -6 9 10 -1 12 14 -13 -3 16 -9
right_child=1 11 3 -5 7 -7 -8 15 -10 -11 -12 13 -14 -15 -16 -17 -18
leaf_value=1.8395480952203297e-07 2.7308359759103952e-06 -5.1846878960759564e-07 -1.4363314912912983e-06 2.8353949865334016e-07 -1.0533582553116296e-06 6.8946973046379873e-07 -8.5843443442131089e-07 -1.0658451401468482e-07 7.1936348168522862e-07 6.5300140631586108e-07 -1.6578943828641874e-07 6.0224058435371003e-07 -9.5979014901104156e-07 -2.3411613317610621e-07 3.6571548414394377e-07 -4.886438330536131e-07 3.3063889077311614e-07
leaf_weight=146 20 20 20 20 22 36 22 20 26 23 318 29 25 27 28 28 20
leaf_count=146 20 20 20 20 22 36 22 20 26 23 318 29 25 27 28 28 20
internal_value=8.3541e-17 2.79439e-07 -5.93958e-08 -5.76396e-07 -2.81099e-08 2.4158e-08 -2.06107e-08 -3.5972e-07 1.53194e-08 -2.22682e-08 -5.57406e-08 -1.00622e-07 -3.30467e-07 1.98997e-07 -2.69463e-09 -1.35308e-07 1.12027e-07
internal_weight=850 149 701 40 661 571 535 90 513 487 464 129 73 56 48 68 40
internal_count=850 149 701 40 661 571 535 90 513 487 464 129 73 56 48 68 40
is_linear=0
shrinkage=0.3


Tree=297
num_leaves=30
num_cat=0
split_feature=0 0 0 11 18 18 10 9 7 13 13 26 26 0 1 10 0 13 13 20 13 26 6 13 9 21 13 16 26
split_gain=1.42635e-10 1.51459e-09 1.87902e-10 2.47968e-10 1.2718e-10 1.39385e-10 1.3442e-10 1.33474e-10 1.15047e-10 4.02251e-10 2.17067e-10 1.60613e-10 2.21078e-10 2.28109e-10 2.21563e-10 2.26928e-10 1.93069e-10 1.53812e-10 1.9385e-10 1.69983e-10 1.18013e-10 1.09134e-10 1.08629e-10 1.08443e-10 1.0243e-10 9.41347e-11 8.89017e-11 6.92063e-11 3.48991e-11
threshold=4.7014423914977241 4.6877869724637664 4.6684559610695047 74.285714285752277 0.58513650761648284 0.75460852550239355 -1.1246382568403959 0.01289007069708265 -0.0037524776267532397 0.021294376003363851 0.023952360417551433 0.9099020000000001 0.88368750000000007 5.3387500326110571 4.8986328556651326 -0.40007980405269367 5.5886681917352776 0.026804070059868932 0.030678334085381381 0.11103200000000001 0.027033929079899353 0.29716150000000002 0.0017290011725864861 0.027901003012006983 0.0097112456688483659 0.10190850000000001 0.023585867045511796 0.01048212035589848 0.75686950000000019
decision_type=2 2 2 2 2 2 2 2 2 2 2 2 2 2 2 2 2 2 2 2 2 2 2 2 2 2 2 2 2
left_child=1 2 3 4 6 -6 25 24 9 -2 -11 12 13 14 21 -16 -15 -12 -19 -20 -18 -10 -14 -17 -8 -1 -13 -9 -23
right_child=8 -3 -4 -5 5 -7 7 27 11 10 17 26 22 16 15 23 20 18 19 -21 -22 28 -24 -25 -26 -27 -28 -29 -30
leaf_value=1.4390523443219943e-07 -1.2432027171433383e-06 2.5001244868922583e-06 -9.0964767963441761e-07 1.0607047003929892e-06 -1.0579259174343341e-06 -1.8766425111329872e-08 -3.834924173533353e-08 -3.6809482159643711e-07 3.3670716949142263e-07 7.4274534327400939e-07 -9.6251356058729702e-07 9.1879878388444123e-07 -2.8389547088636389e-07 -1.1524801205485926e-06 1.2590094153589841e-06 -1.2444498098673762e-07 -5.1071788520167559e-07 6.3339088546854328e-07 1.2525086022458923e-07 -8.3054530803523939e-07 3.9585563209598713e-07 -7.6166790269179984e-07 -1.2219226577769859e-06 6.4784863720745997e-07 7.2217228463955507e-07 9.7791739262577585e-07 1.4555075564803843e-07 1.5524095331898024e-07 -2.0794132623791481e-07
leaf_weight=29 33 23 20 20 21 26 37 94 22 24 22 23 25 22 27 36 28 25 34 33 24 21 20 30 28 21 32 30 20
leaf_count=29 33 23 20 20 21 26 37 94 22 24 22 23 25 22 27 36 28 25 34 33 24 21 20 30 28 21 32 30 20
internal_value=5.53596e-16 1.47242e-07 -1.87592e-08 3.94688e-08 -3.19463e-08 -4.83072e-07 5.67688e-08 -5.89512e-08 -1.0257e-07 -3.02279e-07 -7.72761e-08 9.16446e-10 -9.26821e-08 2.62968e-08 2.32067e-07 5.2633e-07 -4.07488e-07 -2.49912e-07 -7.95075e-08 -3.45514e-07 -9.22993e-08 -2.02322e-07 -7.00796e-07 2.26598e-07 2.8926e-07 4.9419e-07 4.68909e-07 -2.41481e-07 -4.91557e-07
internal_weight=850 349 326 306 286 47 239 189 501 171 138 330 275 230 156 93 74 114 92 67 52 63 45 66 65 50 55 124 41
internal_count=850 349 326 306 286 47 239 189 501 171 138 330 275 230 156 93 74 114 92 67 52 63 45 66 65 50 55 124 41
is_linear=0
shrinkage=0.3


Tree=298
num_leaves=26
num_cat=0
split_feature=10 10 1 6 1 3 15 2 6 13 18 4 4 7 4 4 29 10 15 13 7 6 1 13 20
split_gain=1.44306e-10 1.1048e-09 1.39851e-10 1.98603e-10 1.39078e-10 2.72656e-10 2.55274e-10 1.89994e-10 1.3921e-10 1.34781e-10 1.32267e-10 1.82975e-10 1.75128e-10 3.4614e-10 1.47825e-10 1.24062e-10 1.23209e-10 1.04568e-10 1.31761e-10 1.00985e-10 8.24315e-11 8.08689e-11 7.47165e-11 8.17524e-11 5.55096e-11
threshold=0.32983207659205743 0.41128029773175062 4.5093534011807472 -0.012463678473105552 5.8931882484664966 5.212588071823121 -0.0016997741004182358 5.0332249410405181 0.013830625779820841 0.015273116167642516 0.18701552631561616 8153900.0000000009 5665550.0000000009 0.0055710578968266155 5665550.0000000009 1755350.0000000002 1.5000000000000002 0.97824147059943767 0.0095695879013302822 0.022680274281692159 0.0031417223617311251 0.022372878459104253 5.3230235617210555 0.030055711840436258 0.37186000000000008
decision_type=2 2 2 2 2 2 2 2 2 2 2 2 2 2 2 2 2 2 2 2 2 2 2 2 2
left_child=2 -2 3 -1 5 7 -7 8 15 -3 11 12 17 -14 -12 -4 -17 20 -19 -16 -11 -10 23 -21 -13
right_child=1 9 4 -5 -6 6 -8 -9 21 10 14 24 13 -15 19 16 -18 18 -20 22 -22 -23 -24 -25 -26
leaf_value=-3.0753779857274242e-07 2.3097404005945067e-06 6.1388149132637275e-07 5.9192025438712581e-07 8.9696717710450808e-07 4.7156153960980283e-07 -3.0766605902954324e-07 -1.6191648473874341e-06 7.6511657312039458e-07 -1.1166232533810215e-06 -4.0098905761060847e-09 -7.848295604352796e-07 -1.0266384990131883e-07 1.6525737480930859e-06 5.3298526346413289e-08 5.03878288782289e-07 -2.1137368611897019e-07 5.3015214153230192e-07 -5.7843460581352697e-07 3.5345693329767097e-07 -8.4406630771471927e-07 8.1808256270830622e-07 -2.6349977090944774e-07 2.3557729111445267e-07 -5.2566280789071004e-08 -8.0947837787448408e-07
leaf_weight=22 20 31 22 28 29 34 22 21 20 23 37 20 21 29 21 242 22 36 22 24 21 20 20 23 20
leaf_count=22 20 31 22 28 29 34 22 21 20 23 37 20 21 29 21 242 22 36 22 24 21 20 20 23 20
internal_value=-1.60668e-15 1.41466e-07 -1.08007e-07 3.66985e-07 -1.62983e-07 -2.08645e-07 -8.22898e-07 -1.09515e-07 -1.65857e-07 1.68528e-08 -4.15317e-08 1.14827e-07 2.65063e-07 7.24994e-07 -2.81699e-07 -9.25414e-08 -1.4958e-07 3.9607e-08 -2.24959e-07 -7.01548e-08 3.88352e-07 -6.90062e-07 -2.50076e-07 -4.56737e-07 -4.56071e-07
internal_weight=850 368 482 50 432 403 56 347 326 348 317 192 152 50 125 286 264 102 58 88 44 40 67 47 40
internal_count=850 368 482 50 432 403 56 347 326 348 317 192 152 50 125 286 264 102 58 88 44 40 67 47 40
is_linear=0
shrinkage=0.3


Tree=299
num_leaves=18
num_cat=0
split_feature=18 6 15 10 3 1 12 20 11 10 10 5 15 17 21 6 18
split_gain=1.29782e-10 1.0844e-09 2.11132e-10 2.06841e-10 1.24489e-10 1.39458e-10 1.16618e-10 1.13915e-10 9.1817e-11 1.50721e-10 1.43189e-10 1.09503e-10 9.87662e-11 1.75524e-10 1.2969e-10 7.31209e-11 8.00723e-11
threshold=0.41644742937423912 0.014122318116620526 0.018003351470876946 0.95139140009501355 5.8450112342834482 5.7211112556698458 -0.012098420652275862 0.34227750000000007 76.105091445498644 1.3469000149733314 1.3469000149733314 0.010115583664990166 0.0020811657440168128 0.0041666625274554689 0.031858000000000004 -0.010275817955813284 0.75460852550239355
decision_type=2 2 2 2 2 2 2 2 2 2 2 2 2 2 2 2 2
left_child=4 2 3 7 5 6 -1 15 9 12 -10 -11 13 -8 -14 -2 -17
right_child=1 -3 -4 -5 -6 -7 8 -9 10 11 -12 -13 14 -15 -16 16 -18
leaf_value=-7.0110227306940941e-07 -2.8861903323169309e-07 2.0184434290535171e-06 7.13539206426756e-07 -8.739387565626088e-07 -5.8486948136559334e-07 5.4938911602115623e-07 -2.214859078364384e-07 -4.4682179570735248e-07 -4.6555776429382316e-09 1.0190185920220885e-06 -1.0480780179733528e-06 1.0561526314252964e-07 3.4200694065295212e-07 2.5597371454986521e-07 -3.5502845361483943e-07 6.8244142990003811e-07 -2.6344122293887349e-08
leaf_weight=25 21 26 27 32 39 35 120 37 29 21 20 27 29 164 140 32 26
leaf_count=25 21 26 27 32 39 35 120 37 29 21 20 27 29 164 140 32 26
internal_value=1.01487e-15 2.10641e-07 -5.79469e-08 -1.98691e-07 -6.5237e-08 -3.20146e-08 -6.74044e-08 -1.24158e-08 -3.85999e-08 -2.66266e-10 -4.30542e-07 5.05229e-07 -5.38287e-08 5.42302e-08 -2.35419e-07 1.9104e-07 3.6471e-07
internal_weight=850 201 175 148 649 610 575 116 550 501 49 48 453 284 169 79 58
internal_count=850 201 175 148 649 610 575 116 550 501 49 48 453 284 169 79 58
is_linear=0
shrinkage=0.3


end of trees

feature_importances:
Column_4=363
Column_14=363
Column_18=361
Column_7=323
Column_17=308
Column_10=306
Column_6=300
Column_12=297
Column_13=285
Column_16=285
Column_5=271
Column_9=271
Column_15=249
Column_27=242
Column_21=229
Column_11=209
Column_20=206
Column_8=205
Column_22=201
Column_0=199
Column_19=171
Column_26=169
Column_3=161
Column_1=148
Column_2=132
Column_28=40
Column_23=19
Column_24=12
Column_25=11
Column_29=5

parameters:
[boosting: gbdt]
[objective: regression]
[metric: l2]
[tree_learner: serial]
[device_type: cpu]
[data_sample_strategy: bagging]
[data: ]
[valid: ]
[num_iterations: 300]
[learning_rate: 0.3]
[num_leaves: 31]
[num_threads: 8]
[seed: 42]
[deterministic: 0]
[force_col_wise: 0]
[force_row_wise: 0]
[histogram_pool_size: -1]
[max_depth: 8]
[min_data_in_leaf: 20]
[min_sum_hessian_in_leaf: 0.001]
[bagging_fraction: 1]
[pos_bagging_fraction: 1]
[neg_bagging_fraction: 1]
[bagging_freq: 0]
[bagging_seed: 400]
[bagging_by_query: 0]
[feature_fraction: 1]
[feature_fraction_bynode: 1]
[feature_fraction_seed: 30056]
[extra_trees: 0]
[extra_seed: 12879]
[early_stopping_round: 0]
[early_stopping_min_delta: 0]
[first_metric_only: 0]
[max_delta_step: 0]
[lambda_l1: 0]
[lambda_l2: 0]
[linear_lambda: 0]
[min_gain_to_split: 0]
[drop_rate: 0.1]
[max_drop: 50]
[skip_drop: 0.5]
[xgboost_dart_mode: 0]
[uniform_drop: 0]
[drop_seed: 17869]
[top_rate: 0.2]
[other_rate: 0.1]
[min_data_per_group: 100]
[max_cat_threshold: 32]
[cat_l2: 10]
[cat_smooth: 10]
[max_cat_to_onehot: 4]
[top_k: 20]
[monotone_constraints: ]
[monotone_constraints_method: basic]
[monotone_penalty: 0]
[feature_contri: ]
[forcedsplits_filename: ]
[refit_decay_rate: 0.9]
[cegb_tradeoff: 1]
[cegb_penalty_split: 0]
[cegb_penalty_feature_lazy: ]
[cegb_penalty_feature_coupled: ]
[path_smooth: 0]
[interaction_constraints: ]
[verbosity: 1]
[saved_feature_importance_type: 0]
[use_quantized_grad: 0]
[num_grad_quant_bins: 4]
[quant_train_renew_leaf: 0]
[stochastic_rounding: 1]
[linear_tree: 0]
[max_bin: 255]
[max_bin_by_feature: ]
[min_data_in_bin: 3]
[bin_construct_sample_cnt: 200000]
[data_random_seed: 175]
[is_enable_sparse: 1]
[enable_bundle: 1]
[use_missing: 1]
[zero_as_missing: 0]
[feature_pre_filter: 1]
[pre_partition: 0]
[two_round: 0]
[header: 0]
[label_column: ]
[weight_column: ]
[group_column: ]
[ignore_column: ]
[categorical_feature: ]
[forcedbins_filename: ]
[precise_float_parser: 0]
[parser_config_file: ]
[objective_seed: 16083]
[num_class: 1]
[is_unbalance: 0]
[scale_pos_weight: 1]
[sigmoid: 1]
[boost_from_average: 1]
[reg_sqrt: 0]
[alpha: 0.9]
[fair_c: 1]
[poisson_max_delta_step: 0.7]
[tweedie_variance_power: 1.5]
[lambdarank_truncation_level: 30]
[lambdarank_norm: 1]
[label_gain: ]
[lambdarank_position_bias_regularization: 0]
[eval_at: ]
[multi_error_top_k: 1]
[auc_mu_weights: ]
[num_machines: 1]
[local_listen_port: 12400]
[time_out: 120]
[machine_list_filename: ]
[machines: ]
[gpu_platform_id: -1]
[gpu_device_id: -1]
[gpu_use_dp: 0]
[num_gpu: 1]

end of parameters

pandas_categorical:null
