tree
version=v4
num_class=1
num_tree_per_iteration=1
label_index=0
max_feature_idx=29
objective=regression
feature_names=Column_0 Column_1 Column_2 Column_3 Column_4 Column_5 Column_6 Column_7 Column_8 Column_9 Column_10 Column_11 Column_12 Column_13 Column_14 Column_15 Column_16 Column_17 Column_18 Column_19 Column_20 Column_21 Column_22 Column_23 Column_24 Column_25 Column_26 Column_27 Column_28 Column_29
feature_infos=[5.6931715843489101:9.8186788163255798] [5.7279284822987249:9.8918160419066243] [5.6723184003118918:9.7272577862292255] [5.693171501159668:9.8186788558959961] [989400:69689000] [-0.033766803066201181:0.032601204531268947] [-0.033766803066201181:0.032601204531268947] [-0.033766803066201181:0.032601204531268947] [-0.04343556130188618:0.14036353053442036] [0.0059736641793599688:0.041828996469033541] [-3.0122959060910985:4.2901765224786201] [42.268025198079883:74.178798503329418] [-0.0044053073217605885:0.0050064828780189956] [0.0059914656226405794:0.014222724031057453] [0.0020020478700604957:0.044444403771464185] [-0.028282898730765393:0.032075484938874035] [-1.3774107518338524e-16:0.012891376404112137] [-1.2775519206237101e-16:0.014141353034640012] [-1.9261948451591027:1.976986919891615] [-0.96446699999999996:0.94275100000000001] [0.0077270000000000004:0.95924699999999996] [0.010800000000000001:0.95331600000000005] [0.0066100000000000004:0.97385999999999995] [0:1] [0:1] [0:1] [0.001072:0.96446699999999996] [0.42091800000000001:0.97385999999999995] [0:1] [0:8]
tree_sizes=2157 1912 2644 2191 2632 1621 2925 1445 1250 1801 2815 1901 2185 1817 1250 1723 2997 2557 1729 2745 2477 1997 2546 1830 1997 1432 2187 3021 2092 2464 1808 2008 1621 1629 1338 2192 1825 2851 2088 2659 2837 2740 2288 2008 1899 1994 1624 2464 2092 2091 2757 2170 3017 2741 2849 2554 1631 1899 1536 1068 2383 2008 2450 2925 1544 1544 1447 1635 1814 1720 1259 1632 2925 2829 1618 2010 2271 1436 1997 2272 2092 1803 1341 1718 1715 2558 1537 2553 1900 1528 1262 1518 2186 2553 2191 2002 1065 2648 2459 1162 2094 2649 1628 2198 2106 1346 977 1734 1726 2279 1815 2109 1810 2929 1545 1252 1539 2464 1433 2737 2638 1915 1442 1722 2923 1261 1708 2190 2550 1631 1346 2750 1155 1532 1622 1991 1541 2828 2385 1352 2470 1351 1077 1368 1619 1441 1350 1917 1546 1624 1071 1997 2752 2997 1818 1549 1266 1807 1434 1801 1995 2638 2108 1063 1898 1059 1434 1996 2007 1819 1527 1351 3016 982 1533 1448 1714 1346 1821 1349 1351 1354 1529 1910 2270 1540 1902 1723 1821 2072 1338 1542 1443 1435 1521 1076 1710 1153 1719 1897 1068 1074 1152 1816 1637 1995 1534 1901 1721 1811 1726 2083 2009 1911 2373 2005 2455 1721 2375 1531 1447 1927 2204 1347 1437 1357 1249 1438 1536 1710 1172 1737 1261 1618 1534 1075 1622 1708 2759 2082 1531 1533 1715 1341 3013 1718 1529 2188 1819 1353 1440 1162 1448 2285 2003 2093 1625 1434 1724 1248 1157 977 1714 1625 1727 1441 1533 1166 1161 1905 1263 1547 1635 980 1445 1717 1529 1737 2075 2561 1064 1261 1350 1436 1824 1251 1160 1248 1356 1725 1160 1246 1253 1628 1627 1718 1336 1817 1258 1166

Tree=0
num_leaves=22
num_cat=0
split_feature=5 10 13 19 4 17 10 14 17 20 20 16 9 0 28 19 17 5 12 10 21
split_gain=0.000510538 0.000397256 0.000321433 0.000312949 0.000294695 0.000269034 0.000485803 0.000338966 0.000293486 0.000303005 0.000235466 0.000219795 0.00021332 0.000229117 0.000211978 0.000195321 0.000187299 0.000222209 0.000282656 0.00013108 0.0001062
threshold=0.010424096693257464 -0.50017281513927692 0.010178259942600656 -0.33135599999999993 12486300.000000002 0.0021728074189627596 2.2904944400385765 0.011219698660027521 0.0046003423213941954 0.29929000000000006 0.40650800000000004 0.0036209709656600557 0.033357952409989754 8.3390285037780352 1.0000000180025095e-35 0.11503800000000002 0.0012452397932795174 0.0022172977233825392 0.00061275586879993215 0.8801736120919943 0.32805450000000008
decision_type=2 2 2 2 2 2 2 2 2 2 2 2 2 2 2 2 2 2 2 2 2
left_child=1 2 3 -1 -2 7 8 14 12 -10 -5 -9 13 15 20 -7 17 18 -16 -19 -3
right_child=4 5 -4 10 -6 6 -8 11 9 -11 -12 -13 -14 -15 16 -17 -18 19 -20 -21 -22
leaf_value=0.0024451508444801244 0.0003045922343337248 0.00077491453440476483 0.0003791947379040996 0.00043004947130219161 -0.0012404090481393699 0.00055704096540420392 -0.00097729611574866727 0.00080323412771777169 0.001610990908713759 0.00039687451668587027 0.0017875401515029276 0.0021498245328732107 -0.00061656799875690676 0.001325445618244821 0.00043416073251098265 -3.7416331906470375e-05 0.0011884810825261824 0.00067837355018906804 0.0014088297039786758 -0.00017581242101612834 0.0016323713061332759
leaf_weight=24 25 26 29 23 20 118 22 20 37 37 23 24 20 22 114 86 35 22 35 61 26
leaf_count=24 25 26 29 23 20 118 22 20 37 37 23 24 20 22 114 86 35 22 35 61 26
internal_value=0.000601264 0.000656302 0.00121904 0.00156697 -0.000382075 0.000577279 0.000386351 0.000757162 0.000480102 0.00100393 0.00110879 0.00153774 0.000322526 0.000405632 0.000649496 0.000306436 0.000541573 0.000443979 0.00066311 5.05983e-05 0.00120364
internal_weight=849 804 99 70 45 705 342 363 320 74 46 44 246 226 319 204 267 232 149 83 52
internal_count=849 804 99 70 45 705 342 363 320 74 46 44 246 226 319 204 267 232 149 83 52
is_linear=0
shrinkage=1


Tree=1
num_leaves=19
num_cat=0
split_feature=15 29 9 14 6 5 10 7 12 22 25 10 7 10 22 7 12 17
split_gain=0.000275027 0.000327118 0.000373165 0.000297539 0.000176251 0.000333605 0.000255244 0.00026125 0.000170674 0.000127598 0.000275303 0.000442826 0.000276697 0.00033781 0.000177026 0.000145127 0.00013756 8.70673e-05
threshold=-0.0058038146494814999 3.5000000000000004 0.010710355666900944 0.01819016175286849 -0.0079313686670724384 0.0011561954667366244 -0.50017281513927692 -1.0000000180025095e-35 -0.00079186170503118571 0.46722700000000006 0.22500000000000003 2.0299121704772731 0.0086635057982221118 1.7555412115562483 0.93176300000000001 0.0044248672117432096 -0.0007165857230714089 0.0024722482011304251
decision_type=2 2 2 2 2 2 2 2 2 2 2 2 2 2 2 2 2 2
left_child=1 2 -1 4 5 -2 7 -6 -4 10 12 16 13 -8 15 17 -12 -11
right_child=3 -3 8 -5 6 -7 9 -9 -10 14 11 -13 -14 -15 -16 -17 -18 -19
leaf_value=0.0012286954576583495 0.00019682981630625283 0.0015604012581752612 0.00044225825724424794 -0.0011227047053145487 4.6085773528130414e-05 -0.0014372318821684034 -6.2957457087274322e-05 0.0012236408656463027 -0.00067490580611320186 -0.00049768552405391971 0.00056236533822481176 0.0014773466840359527 0.00079588935344732949 -0.00088638494473473526 0.0004190965773887001 -0.0011406998724189841 -8.2570155249730136e-05 8.3883987826993689e-05
leaf_weight=22 23 20 20 23 39 22 225 30 32 65 44 26 26 56 26 22 92 36
leaf_count=22 23 20 20 23 39 22 225 30 32 65 44 26 26 56 26 22 92 36
internal_value=3.53851e-12 0.00048391 0.000192966 -6.02483e-05 -2.68652e-05 -0.000602045 1.08104e-05 0.000558066 -0.000245227 -5.0291e-05 2.65432e-05 0.000342955 -0.000140423 -0.000227057 -0.000292138 -0.000442481 0.000126085 -0.000290393
internal_weight=849 94 74 755 732 45 687 69 52 618 469 162 307 281 149 123 136 101
internal_count=849 94 74 755 732 45 687 69 52 618 469 162 307 281 149 123 136 101
is_linear=0
shrinkage=0.3


Tree=2
num_leaves=27
num_cat=0
split_feature=16 13 15 29 19 8 8 22 15 5 21 5 22 4 15 14 6 12 10 6 16 17 18 13 24 8
split_gain=0.000184578 0.000323422 0.000250256 0.000254989 0.000230769 0.000231701 0.0003619 0.000204797 0.000175853 0.000150156 0.000317998 0.000179728 0.000155835 0.000136129 0.00026854 0.000159038 0.000164272 0.000147558 0.000208032 0.000170824 0.000125161 0.000118145 0.000114214 0.000113428 0.000105048 6.4524e-05
threshold=0.001007579972569928 0.010056798413213495 -0.0057504553219459176 1.5000000000000002 0.21047000000000002 0.030391528601835163 0.058127658276971007 0.067248000000000016 0.0021216287646107614 0.005003202966523586 0.36828000000000011 0.0037186555214212304 0.045722000000000006 6204450.0000000009 0.0023462198958119928 0.0060204945239596139 0.0012345185619661745 0.00064261668610024285 1.768812026349901 0.001009640219970462 0.0037336334982217261 0.0023147573257692512 -0.33927790405218222 0.0090143036094742762 0.15476200000000004 0.02931423673881994
decision_type=2 2 2 2 2 2 2 2 2 2 2 2 2 2 2 2 2 2 2 2 2 2 2 2 2 2
left_child=1 4 3 -2 5 8 -7 25 24 11 23 13 -12 14 15 22 -17 19 -19 20 -15 -21 -4 -11 -1 -6
right_child=2 -3 9 -5 7 6 -8 -9 -10 10 12 -13 -14 17 -16 16 -18 18 -20 21 -22 -23 -24 -25 -26 -27
leaf_value=0.00066703387830942945 -5.4762420135691924e-05 -0.0010294689541823525 0.00095427167689194898 0.0012635971193723833 -0.00047421339841093865 -0.00083602195627463516 0.00075561306504823734 -0.0011522552685669829 0.0012792615995359873 0.00048420529989622686 -0.00083590980604640206 -0.00071607229302489113 0.00034836999897379427 -0.00043266146520247537 0.0012296132696584599 9.9782796941225469e-05 -0.00081805297368891139 -0.0010416707492285323 8.2334520344115186e-06 7.3475186272457423e-06 0.00019322107344289013 0.00070881823867239289 0.00011396060848759637 0.0014018727738320277 -0.00026100815469232787 0.00026096927643018056
leaf_weight=23 23 38 24 31 21 36 20 27 21 27 20 33 20 83 21 54 26 33 35 47 44 40 37 22 21 22
leaf_count=23 23 38 24 31 21 36 20 27 21 27 20 33 20 83 21 54 26 33 35 47 44 40 37 22 21 22
internal_value=-2.94381e-13 -0.000230163 8.50118e-05 0.000702074 -7.11386e-05 0.000179674 -0.000267581 -0.000504686 0.000565002 2.61401e-05 0.000383865 -4.06051e-05 -0.00024377 9.59856e-06 0.000228764 7.97018e-05 -0.000198514 -0.000116305 -0.000501279 6.02284e-06 -0.00021582 0.000329863 0.000444575 0.000896219 0.000224105 -9.80734e-05
internal_weight=849 229 620 54 191 121 56 70 65 566 89 477 40 444 162 141 80 282 68 214 127 87 61 49 44 43
internal_count=849 229 620 54 191 121 56 70 65 566 89 477 40 444 162 141 80 282 68 214 127 87 61 49 44 43
is_linear=0
shrinkage=0.3


Tree=3
num_leaves=22
num_cat=0
split_feature=10 17 9 8 26 9 0 26 12 26 26 15 9 5 7 7 21 7 22 27 18
split_gain=0.000141922 0.000131823 0.000291827 0.000208721 0.000232438 0.000190329 0.000171755 0.000165637 0.00021802 0.000336753 0.000355127 0.000264277 0.000241574 0.000206361 0.000164693 0.00014748 0.000179014 0.000167289 0.000118544 0.000118283 0.000110707
threshold=2.6084297177552247 0.0021965414692725629 0.034469372289044599 0.090438682149023022 0.91538300000000017 0.018508442047671606 8.9354164614586917 0.073590000000000017 -0.00039293961614620348 0.56823950000000012 0.45121250000000007 -0.0034561903129545547 0.013646408301293371 0.0015626662935064207 0.0033058873265089991 0.0022883056846365666 0.28462600000000005 0.0011588375934545663 0.013707000000000002 0.83336550000000009 -0.19986435240153674
decision_type=2 2 2 2 2 2 2 2 2 2 2 2 2 2 2 2 2 2 2 2 2
left_child=1 3 5 4 6 7 15 -3 11 10 -10 -9 -11 -13 -7 17 20 18 -1 -18 -17
right_child=-2 2 -4 -5 -6 14 -8 8 9 12 -12 13 -14 -15 -16 16 19 -19 -20 -21 -22
leaf_value=-0.00070897764817345887 -0.00064087623126397376 0.00062637656070443839 -0.0011418873079768988 0.00081709243433480776 0.00090636540470378731 9.5370177475090783e-06 0.00078675648026091947 0.0010718624302431374 -0.00036456673432743022 0.00029637476961397625 -0.0016970961191691458 -0.00051904913221867855 -0.00084715089232422945 0.00041956215010597242 0.00095355900678770981 -0.0012902459668839583 0.00049901565899535157 0.0007317439719284471 5.6872026993575554e-05 -0.00045825729736991754 -0.00039049799033818999
leaf_weight=20 30 23 23 37 28 39 24 21 45 60 30 49 23 37 29 20 26 31 201 21 32
leaf_count=20 30 23 23 37 28 39 24 21 45 60 30 49 23 37 29 20 26 31 201 21 32
internal_value=-4.3714e-12 2.34753e-05 -0.000106207 0.000135179 7.25715e-05 -3.92951e-05 1.03149e-05 -0.000145883 -0.000212909 -0.000436838 -0.000897578 0.000117752 -2.05058e-05 -0.000115228 0.000412135 -4.27751e-05 -0.000353029 7.91103e-05 -1.24356e-05 7.1298e-05 -0.000736555
internal_weight=849 819 379 440 403 356 375 288 265 158 75 107 83 86 68 351 99 252 221 47 52
internal_count=849 819 379 440 403 356 375 288 265 158 75 107 83 86 68 351 99 252 221 47 52
is_linear=0
shrinkage=0.3


Tree=4
num_leaves=27
num_cat=0
split_feature=27 1 1 9 13 15 13 0 27 5 16 9 0 8 13 19 12 22 27 11 20 12 1 4 17 22
split_gain=0.000141625 0.00038636 0.000357665 0.0002236 0.000245193 0.000406053 0.000243463 0.000219723 0.000160596 0.000256357 0.000157167 0.000136181 0.000309514 0.000117958 0.000117677 0.00015479 0.00011178 0.000111137 0.000141986 0.000131952 0.000105312 9.84841e-05 9.81846e-05 9.40282e-05 9.01354e-05 7.73062e-05
threshold=0.85503550000000017 9.0511133672814932 9.0778132529673741 0.010572569304451119 0.0093291159307326028 0.0011111365424262547 0.010370589555046909 6.8648334986603858 0.68075600000000014 0.010424096693257464 0.0037336334982217261 0.021924931964108139 8.4683156732614844 -0.012412590481336137 0.0091626324216706658 -0.14346699999999998 -0.0010713742078366129 0.074395500000000017 0.91868000000000005 59.2434171876424 0.19818750000000004 0.00086571606748205205 7.0823802920125152 5185500.0000000009 0.0022637223515724228 0.029880000000000004
decision_type=2 2 2 2 2 2 2 2 2 2 2 2 2 2 2 2 2 2 2 2 2 2 2 2 2 2
left_child=2 3 8 7 16 6 -6 -2 10 11 22 13 -13 -10 15 -15 20 18 25 -19 -5 -9 23 -1 -16 -18
right_child=1 -3 -4 4 5 -7 -8 21 9 -11 -12 12 -14 14 24 -17 17 19 -20 -21 -22 -23 -24 -25 -26 -27
leaf_value=-0.00030299004179791414 0.0011420716495194939 -0.0013912627897557934 0.0012346682480711025 0.00074810560560893333 -0.00089901874379269098 -0.001745183721835598 0.0004826357630008715 0.00042637819315132218 0.00076221473464102021 -0.00087598335812799633 0.00038889893680789096 0.0012707680827588773 -0.00025283219569246281 -0.00028355286214531115 -0.00062975139967420542 0.00034911548983608987 4.00439856873293e-05 -0.00079480245017643579 -0.0004363117884710076 -9.2958986323011265e-06 -0.00010829433219896601 -0.00041840176449825419 -9.2832871715390039e-05 -0.0011640821814798983 2.8865643447109805e-05 0.00084475814108538386
leaf_weight=21 24 21 24 28 22 22 24 27 24 21 24 30 20 46 32 143 21 39 26 38 24 23 33 25 45 22
leaf_count=21 24 21 24 28 22 22 24 27 24 21 24 30 20 46 32 143 21 39 26 38 24 23 33 25 45 22
internal_value=2.09025e-12 -0.00014246 0.000105386 -6.53284e-05 -0.000193648 -0.000685135 -0.000178156 0.000395928 4.69744e-05 0.000141249 -0.000283444 0.000204078 0.000661328 0.000125242 6.77706e-05 0.000195133 -2.48543e-05 -0.000159377 0.000117123 -0.00040715 0.000352844 3.77794e-05 -0.0004877 -0.000770975 -0.000244845 0.000451758
internal_weight=849 361 488 340 266 68 46 74 464 361 103 340 50 290 266 189 198 146 69 77 52 50 79 46 77 43
internal_count=849 361 488 340 266 68 46 74 464 361 103 340 50 290 266 189 198 146 69 77 52 50 79 46 77 43
is_linear=0
shrinkage=0.3


Tree=5
num_leaves=16
num_cat=0
split_feature=13 13 3 13 3 8 8 11 5 6 27 26 18 24 21
split_gain=0.000108609 0.000109143 0.000182428 0.000142992 0.000267405 0.000145872 0.00022192 0.000170968 0.000274659 0.000161168 0.000264895 0.000100101 9.9872e-05 9.34854e-05 8.46885e-05
threshold=0.011472248095404909 0.010578259774322123 7.0344691276550302 0.010122182921597665 6.7419092655181894 -0.012412590481336137 -0.0066237061595202009 51.726177725391956 -0.0011547748103978009 0.0058582632549250184 0.80929450000000014 0.53691650000000013 0.063484239934710765 0.22500000000000003 0.19526700000000002
decision_type=2 2 2 2 2 2 2 2 2 2 2 2 2 2 2
left_child=1 3 14 5 11 -1 -7 8 -8 13 -11 -5 -2 -9 -3
right_child=12 2 -4 4 -6 6 7 9 -10 10 -12 -13 -14 -15 -16
leaf_value=0.00074494062300072981 -0.00080405198210168499 0.0011811013946498861 -0.00035052742667695771 -0.00043773155837698139 -0.0012022450863732957 -0.00095284765567547371 -0.00019510501442709938 1.3826024471527716e-05 0.0011176103075740684 0.0010864546481752766 -2.9120971507750856e-05 0.00050006341584126596 7.3695754981599744e-05 -0.00026852100334763464 0.00037282465254975247
leaf_weight=25 28 20 21 20 25 21 26 322 32 30 53 21 20 157 28
leaf_count=25 28 20 21 20 25 21 26 322 32 30 53 21 20 157 28
internal_value=-2.43282e-13 2.62666e-05 0.000386957 -7.73293e-06 -0.000428931 3.40074e-05 6.27989e-06 3.87665e-05 0.000529152 -1.18427e-05 0.000374099 4.26025e-05 -0.000438324 -7.87178e-05 0.000709607
internal_weight=849 801 69 732 66 666 641 620 58 562 83 41 48 479 48
internal_count=849 801 69 732 66 666 641 620 58 562 83 41 48 479 48
is_linear=0
shrinkage=0.3


Tree=6
num_leaves=30
num_cat=0
split_feature=17 6 9 26 27 16 9 11 12 3 22 22 22 14 22 13 12 1 6 16 22 18 22 18 18 19 16 29 22
split_gain=8.58996e-05 0.000162148 0.000130863 0.000214647 0.000203845 0.000119593 0.000208619 0.000149689 0.000119072 0.000101852 0.000277587 0.000195265 0.000252018 0.000193925 0.000184419 0.000138295 0.00016909 0.000165779 9.41451e-05 9.14535e-05 7.35312e-05 0.000114562 0.000109607 9.22341e-05 8.0212e-05 8.78733e-05 5.5026e-05 4.99346e-05 3.68046e-05
threshold=0.002365528695784692 0.0085057126819173805 0.010547755485696688 0.86350650000000007 0.77147550000000009 0.0033538536022785326 0.022925041246627854 55.900352084124691 0.00086288518157928533 6.7419092655181894 0.04809900000000001 0.060216500000000013 0.32224750000000008 0.010095365259040761 0.26101050000000009 0.00860612525420156 7.6952870450853531e-05 7.0420941840786897 -0.0057870172748960306 0.0046376782952103198 0.33356700000000006 -0.54669832607284097 0.42898950000000008 0.070306492209707958 0.4709004242619072 0.64376750000000016 0.0012337761298031862 2.5000000000000004 0.6277545000000001
decision_type=2 2 2 2 2 2 2 2 2 2 2 2 2 2 2 2 2 2 2 2 2 2 2 2 2 2 2 2 2
left_child=2 9 3 4 -1 18 7 19 27 10 -2 13 -13 -11 -12 16 -14 -17 -4 -7 21 -20 -22 28 25 -23 -16 -6 -24
right_child=1 -3 5 -5 8 6 -8 -9 -10 11 14 12 15 -15 26 17 -18 -19 20 -21 22 24 23 -25 -26 -27 -28 -29 -30
leaf_value=0.00075035133233238103 -0.00057490814753171954 -0.00074341477002770465 -0.00072737622353348074 0.0012417562717746478 0.0005286194507789332 0.00064230650289876705 0.0010522389007193219 -0.00043962882700725457 -0.00062188762539234534 -0.00011893416695120568 0.0012372368068495037 -0.0010664152249228208 0.00072720561616329679 0.0010405372960303793 0.00052299442682851799 5.3793328444716396e-05 -0.00036719806521432472 -0.0010981128757438538 0.0006983944377597336 -7.3552931910947732e-05 -0.0008919706345113809 -6.0323595628492341e-06 0.00039475869982399876 -0.00045820580405863716 0.00039275039433846361 -0.00064186681503577763 -0.00018073450293741187 -0.00011953339496318695 -0.00012797058009461827
leaf_weight=36 28 34 21 20 20 36 23 36 27 37 23 35 27 20 20 23 24 22 22 29 20 79 27 39 30 26 20 23 22
leaf_count=36 28 34 21 20 20 36 23 36 27 37 23 35 27 20 20 23 24 22 22 29 20 79 27 39 30 26 20 23 22
internal_value=-2.73592e-12 -0.000124874 7.2921e-05 0.000340317 0.000170234 -9.25428e-06 0.000236813 5.11224e-05 -0.000128112 -4.94967e-05 0.000211035 -0.000175605 -0.000377282 0.000287898 0.000560344 -0.000126036 0.000212192 -0.000509361 -0.000115941 0.000322923 -6.74876e-05 6.35802e-05 -0.000258021 -0.000113942 -3.9871e-05 -0.000163477 0.00017113 0.000181933 0.000160064
internal_weight=849 313 536 126 106 410 124 101 70 279 91 188 131 57 63 96 51 45 286 65 265 157 108 88 135 105 40 43 49
internal_count=849 313 536 126 106 410 124 101 70 279 91 188 131 57 63 96 51 45 286 65 265 157 108 88 135 105 40 43 49
is_linear=0
shrinkage=0.3


Tree=7
num_leaves=14
num_cat=0
split_feature=9 21 13 10 6 9 14 14 18 9 22 25 22
split_gain=9.06709e-05 0.000110304 0.000176332 0.000102112 0.000164254 0.000150506 0.00011378 0.000228006 8.93816e-05 0.000171171 9.34437e-05 0.000161561 0.000129849
threshold=0.0066415337720498223 0.027275000000000004 0.0088869138539773816 -0.47589597575658416 -0.0019724072554431972 0.011479137360718433 0.019524451782085804 0.016685184422120858 0.65933945806410488 0.012186818370327672 0.45343600000000006 0.22500000000000003 0.52790650000000017
decision_type=2 2 2 2 2 2 2 2 2 2 2 2 2
left_child=-1 2 -2 4 -3 -6 7 8 10 -10 11 -5 -12
right_child=1 3 -4 6 5 -7 -8 -9 9 -11 12 -13 -14
leaf_value=-0.0006311951932730153 6.8974137896778612e-05 -0.00010487698487720211 -0.0011062990166101371 -9.6214547176777138e-05 0.0013689327830797994 0.00021901922570707809 -0.00064980497978546687 0.0010017920426824796 0.0010374989232072298 -2.973694143675905e-05 -0.00060113750775729255 0.00028645317408566352 -3.6395147294532514e-05
leaf_weight=20 27 35 20 290 20 21 23 21 21 38 56 151 106
leaf_count=20 27 35 20 290 20 21 23 21 21 38 56 151 106
internal_value=-1.19157e-12 1.52279e-05 -0.000431142 4.20557e-05 0.000372465 0.000779953 6.48756e-06 2.85882e-05 -2.28384e-06 0.000350127 -3.67651e-05 3.48123e-05 -0.000231615
internal_weight=849 829 47 782 76 41 706 683 662 59 603 441 162
internal_count=849 829 47 782 76 41 706 683 662 59 603 441 162
is_linear=0
shrinkage=0.3


Tree=8
num_leaves=12
num_cat=0
split_feature=13 27 9 9 15 18 9 0 15 10 15
split_gain=8.08853e-05 6.6767e-05 6.08114e-05 9.04515e-05 9.88784e-05 0.000100171 0.00012648 8.97456e-05 8.54918e-05 7.33192e-05 6.92611e-05
threshold=0.0060958121589182483 0.55282700000000007 0.034772948534358222 0.030375976162959686 0.012277500908082828 0.63928203805774808 0.011148206428116229 5.8321992953062489 0.0048662043396371325 1.2261926265296774 -0.0011351056167802024
decision_type=2 2 2 2 2 2 2 2 2 2 2
left_child=-1 -2 3 4 5 7 -7 -3 -9 -8 -4
right_child=1 2 10 -5 -6 6 9 8 -10 -11 -12
leaf_value=-0.00059616229555103928 -0.00046843490810715593 -0.00053526216252066663 0.00012141580518800765 0.00056952856549318746 -0.00058286387432852514 0.0008969086446288404 0.0004649297369051846 -1.0383577488199059e-05 0.00032078801437288956 -0.00028463545313570646 -0.00061516080426776579
leaf_weight=20 25 26 20 29 23 27 23 524 81 24 27
leaf_count=20 25 26 20 29 23 27 23 524 81 24 27
internal_value=-1.43736e-13 1.43827e-05 2.93957e-05 4.9954e-05 2.92566e-05 4.92265e-05 0.000379441 1.05008e-05 3.39551e-05 8.2173e-05 -0.000301724
internal_weight=849 829 804 757 728 705 74 631 605 47 47
internal_count=849 829 804 757 728 705 74 631 605 47 47
is_linear=0
shrinkage=0.3


Tree=9
num_leaves=18
num_cat=0
split_feature=3 1 14 12 26 7 20 9 4 2 18 16 17 11 17 29 26
split_gain=5.33904e-05 0.000115336 7.90876e-05 0.00015817 0.000175862 0.000241639 0.00013508 0.000118983 7.21663e-05 7.02736e-05 6.6143e-05 0.000139824 9.332e-05 0.00012648 9.43538e-05 5.93783e-05 4.97118e-05
threshold=9.5694513320922869 9.0778132529673741 0.010704064751131701 -0.00029677156368747515 0.40915450000000003 0.0043810048649516277 0.6187545000000001 0.018138653982856478 2895300.0000000005 5.8451529382650484 -0.58833999888847821 0.0022471889644661478 0.0039254170901620354 57.788828519833139 0.0034344843835778199 1.5000000000000002 0.59076900000000021
decision_type=2 2 2 2 2 2 2 2 2 2 2 2 2 2 2 2 2
left_child=1 2 8 7 -5 6 -6 16 -1 -10 11 15 14 -14 -12 -11 -4
right_child=-2 -3 3 4 5 -7 -8 -9 9 10 12 -13 13 -15 -16 -17 -18
leaf_value=0.0005650371587683406 -0.0004612541824991984 0.00072393209236906839 -0.00043580469613516468 0.00021042631698946934 -0.0014156052791100416 0.00010247681773482607 -0.00043017065690946764 0.0007958043512189761 0.00044292311356591255 0.00033371430676197632 -4.4032429333328317e-05 0.0008595414984029049 -4.7524578411340425e-05 0.00081117979327525688 -0.00053817953084944747 -0.00037307590173440985 0.00021090075847694052
leaf_weight=23 22 20 20 30 31 26 21 20 34 20 410 24 38 26 38 23 23
leaf_count=23 22 20 20 30 31 26 21 20 34 20 410 24 38 26 38 23 23
internal_value=-1.15567e-12 1.22704e-05 -5.36685e-06 -0.000186488 -0.000406853 -0.000644269 -0.00101764 0.000191281 4.33308e-05 2.37562e-05 -8.58102e-07 0.000279441 -3.75378e-05 0.000301324 -8.59467e-05 -4.43363e-05 -8.98925e-05
internal_weight=849 827 807 171 108 78 52 63 636 613 579 67 512 64 448 43 43
internal_count=849 827 807 171 108 78 52 63 636 613 579 67 512 64 448 43 43
is_linear=0
shrinkage=0.3


Tree=10
num_leaves=29
num_cat=0
split_feature=17 3 2 29 4 0 4 22 3 5 6 22 20 20 4 13 4 10 8 11 23 7 10 7 15 29 10 5
split_gain=4.76346e-05 0.000101043 0.000171369 0.000157001 0.000138292 0.00014139 0.000136691 0.000127792 0.000144096 7.81296e-05 7.10604e-05 6.55741e-05 5.95771e-05 9.6816e-05 0.000127206 0.000172863 0.000150156 0.000108685 7.89333e-05 6.46325e-05 9.20488e-05 9.02215e-05 8.72697e-05 7.53096e-05 6.45909e-05 5.9619e-05 5.34479e-05 4.16361e-05
threshold=0.002365528695784692 6.7419092655181894 6.9963787048897839 1.5000000000000002 15843700.000000002 8.5571741285879011 9348550.0000000019 0.04105000000000001 6.2784843444824228 0.0011415046505269301 -0.001206249172535065 0.010753000000000002 0.37821550000000009 0.41055950000000002 5480950.0000000009 0.0092084440718720306 9959850.0000000019 0.85312153391347811 0.012610925514298427 52.967500348324002 0.29166650000000005 -0.0034903429689170356 0.18679817767749171 0.0022346869388874717 -0.0024721893323482905 1.5000000000000002 1.6091523007207409 0.0024830107379950812
decision_type=2 2 2 2 2 2 2 2 2 2 2 2 2 2 2 2 2 2 2 2 2 2 2 2 2 2 2 2
left_child=11 7 3 -3 5 6 9 -2 10 -4 -9 -1 19 -14 17 18 -17 -15 -16 20 21 -13 -21 24 -24 -25 -20 -26
right_child=1 2 4 -5 -6 -7 -8 8 -10 -11 -12 12 13 14 15 16 -18 -19 26 22 -22 -23 23 25 27 -27 -28 -29
leaf_value=-0.00042009842925472187 -0.00035296447427981544 -0.00014298264736267315 9.6622557915300911e-05 -0.0010615557342937201 0.00066460222759897897 -0.0006315622579055152 0.00068871285203267289 0.00053592883050441738 0.0010521721545956096 -0.00062097426681165496 -0.00017428356187565441 -9.7545034639097148e-05 0.00076158567417223828 0.00012569035198584271 -0.00075821705147973253 -4.4535604451084508e-05 0.0010175999823173775 0.0010209591859640331 9.1067054567041478e-05 -0.00053142029052348028 -0.00024414376862945831 0.00068965190083346035 0.00048785772496557907 4.886826577603642e-05 -0.00019870899956478513 -0.00058550385787384577 -0.0003908461432729382 0.00026028701285809051
leaf_weight=25 32 33 36 34 22 38 23 21 20 22 32 20 24 26 20 25 23 23 53 36 28 38 32 24 46 30 34 29
leaf_count=25 32 33 36 34 22 38 23 21 20 22 32 20 24 26 20 25 23 23 53 36 28 38 32 24 46 30 34 29
internal_value=2.45692e-13 -9.29906e-05 -0.000214096 -0.000609124 -2.63882e-05 -0.000154134 6.98441e-05 0.000146914 0.000366039 -0.000175569 0.000107121 5.43023e-05 7.75118e-05 0.000191636 0.000124583 -8.61385e-06 0.000464404 0.000545919 -0.000220809 -1.44325e-05 0.000202556 0.000418205 -0.000109159 -1.47399e-05 0.00013102 -0.000303561 -9.72668e-05 -2.12305e-05
internal_weight=849 313 208 67 141 119 81 105 73 58 53 536 511 228 204 155 48 49 107 283 86 58 197 161 107 54 87 75
internal_count=849 313 208 67 141 119 81 105 73 58 53 536 511 228 204 155 48 49 107 283 86 58 197 161 107 54 87 75
is_linear=0
shrinkage=0.3


Tree=11
num_leaves=19
num_cat=0
split_feature=4 7 18 10 4 7 14 14 15 18 12 18 18 0 22 0 13 17
split_gain=5.69977e-05 0.000136985 0.000136863 0.000114649 0.000102739 6.09292e-05 5.16832e-05 6.11338e-05 9.85887e-05 0.000104616 0.000109588 7.30415e-05 9.76826e-05 0.000159148 8.36201e-05 6.08435e-05 5.92734e-05 2.814e-05
threshold=14191750.000000002 0.005820784546877616 0.51848822817240803 1.7875952977599985 13102500.000000002 -0.010798110725851342 0.015644552201062586 0.005747148486326987 1.0000000180025095e-35 -0.025160289272378168 0.0005274156406145776 -0.84576568912360284 -0.58833999888847821 6.953464122714399 0.025575000000000004 7.268562864386964 0.0071737803311099262 0.0011402768939405624
decision_type=2 2 2 2 2 2 2 2 2 2 2 2 2 2 2 2 2 2
left_child=4 2 3 -2 5 -1 7 8 9 10 -7 -9 13 -13 -14 -11 -10 -18
right_child=1 -3 -4 -5 -6 6 -8 11 16 15 -12 12 14 -15 -16 -17 17 -19
leaf_value=-0.00046313391703733942 -8.494192489737982e-05 -0.0008716184147818818 -0.00046824522137899906 0.00084872031591658008 0.00057349348529896812 -0.00014246428331534845 0.00042996923002647231 -0.00057217787252739072 0.00024610431451583278 0.001079808236900135 0.00064879000447035649 0.001025540900300257 0.00026024485391875929 -0.00012030756843159906 -0.00012599593725444092 0.00035682732625652781 -0.00012199536132147141 -0.00059532135885092435
leaf_weight=24 29 22 37 20 30 50 27 23 25 20 23 20 59 24 348 22 26 20
leaf_count=24 29 22 37 20 30 50 27 23 25 20 23 20 59 24 348 22 26 20
internal_value=7.03493e-13 -0.000203607 -3.27207e-05 0.000296145 2.96756e-05 6.72965e-06 2.31441e-05 6.50126e-06 0.000152256 0.000323872 0.000106835 -5.06937e-05 -2.40991e-05 0.000400533 -7.00053e-05 0.000701104 -0.000125714 -0.000327789
internal_weight=849 108 86 49 741 711 687 660 186 115 73 474 451 44 407 42 71 46
internal_count=849 108 86 49 741 711 687 660 186 115 73 474 451 44 407 42 71 46
is_linear=0
shrinkage=0.3


Tree=12
num_leaves=22
num_cat=0
split_feature=6 1 10 14 10 19 18 6 27 10 13 5 1 13 7 29 7 10 14 14 11
split_gain=5.15062e-05 0.000146109 6.48645e-05 0.000164824 0.000114825 0.000103952 0.000125139 5.94684e-05 8.93572e-05 0.000132652 5.92492e-05 5.86414e-05 5.88756e-05 5.45482e-05 7.32233e-05 7.98304e-05 6.57523e-05 9.66188e-05 8.60966e-05 6.41211e-05 2.95335e-05
threshold=0.010263095583544522 6.8735272834049583 1.8076503365588883 0.006024138492660318 1.6932131737414255 0.37080050000000003 0.12571586200722237 0.0023201367459351791 0.90464450000000018 1.3013279015970489 0.0088074032179069426 0.0011495170540772326 7.0479870287281248 0.0062118597732659714 0.0022883056846365666 3.5000000000000004 -0.0036057106407470143 1.4794794851072728 0.0098840063086352639 0.0069645371732862974 60.880234862055055
decision_type=2 2 2 2 2 2 2 2 2 2 2 2 2 2 2 2 2 2 2 2 2
left_child=2 -2 4 -4 7 6 20 13 9 11 -10 12 -9 -1 16 19 18 -18 -15 -16 -5
right_child=1 -3 3 5 -6 -7 -8 8 10 -11 -12 -13 -14 14 15 -17 17 -19 -20 -21 -22
leaf_value=-0.00042678861656375892 0.00031745196349220351 -0.00074421049182222176 -0.00077723591323356519 -0.00038704228595040895 0.00065233883137157784 -0.00045257214678144918 0.00060200928855920206 -0.00024951911496464161 0.00094493045762646935 -0.00044770275812466441 0.00021469550858455475 0.0006271679517036924 0.00038938952170105445 -0.0002592264617010482 0.00016564756280988349 -0.00072665206338569995 0.00025301160342003701 -0.00042583405697119555 0.00043939158895227591 -0.00026681040393062476 0.00010503287027989115
leaf_weight=28 20 28 31 23 28 32 36 25 20 33 20 27 27 77 54 20 186 21 20 72 21
leaf_count=28 20 28 31 23 28 32 36 25 20 33 20 27 27 77 54 20 186 21 20 72 21
internal_value=-1.04114e-12 -0.000301851 1.80885e-05 -0.000165039 5.78867e-05 4.40842e-06 0.000187201 3.14666e-05 0.000194917 5.74543e-05 0.000579813 0.000268469 8.22219e-05 -2.05093e-05 4.77026e-06 -0.000169852 8.8635e-05 0.000184143 -0.000115182 -8.14713e-05 -0.000152188
internal_weight=849 48 801 143 658 112 80 630 152 112 40 79 52 478 450 146 304 207 97 126 44
internal_count=849 48 801 143 658 112 80 630 152 112 40 79 52 478 450 146 304 207 97 126 44
is_linear=0
shrinkage=0.3


Tree=13
num_leaves=18
num_cat=0
split_feature=15 5 3 13 27 12 15 12 5 4 10 13 4 14 5 13 14
split_gain=4.04928e-05 0.000106947 0.000139625 9.07893e-05 6.49329e-05 7.99012e-05 7.20803e-05 6.03023e-05 5.68016e-05 8.02473e-05 6.44514e-05 5.44783e-05 7.99513e-05 7.41186e-05 6.40446e-05 4.68882e-05 2.52437e-05
threshold=0.0078431254667219227 0.0075974725882551287 9.068913936614992 0.009567584125052488 0.68075600000000014 -0.00046164823243854735 -0.0011547608612053836 -0.0015440971427248984 -0.001148922059173322 7615800.0000000009 0.67942567704640633 0.010578259774322123 17619300.000000004 0.0074258381481717116 0.0022259568186597249 0.011140301257508586 0.013621334519613308
decision_type=2 2 2 2 2 2 2 2 2 2 2 2 2 2 2 2 2
left_child=1 2 4 16 5 -1 -7 8 9 -6 -10 12 13 -9 15 -13 -2
right_child=3 -3 -4 -5 7 6 -8 11 10 -11 -12 14 -14 -15 -16 -17 -18
leaf_value=0.00015348818938946352 -0.0001694320310239813 0.00065734363996180817 -0.00063355188089190054 -0.00061415653810399813 -0.00027958738573943267 -0.00080535033415071668 -0.00013431371061254621 0.00014585823759088746 -9.5430287848492817e-05 0.00051364153749256566 -0.00075071440038631079 0.0008954000068894986 0.00062534183565400201 -0.00010266839530635883 -6.3227725435613784e-05 0.0002614453846555469 0.00029041282058725216
leaf_weight=35 21 23 30 30 24 25 34 252 35 22 22 21 22 189 21 21 22
leaf_count=35 21 23 30 30 24 25 34 252 35 22 22 21 22 189 21 21 22
internal_value=3.39373e-12 2.0095e-05 6.30526e-07 -0.000213612 2.69451e-05 -0.000205621 -0.000418651 6.17006e-05 -0.000148211 9.9783e-05 -0.000348347 0.000102805 6.71911e-05 3.93468e-05 0.000364539 0.000578423 6.58374e-05
internal_weight=849 776 753 73 723 94 59 629 103 46 57 526 463 441 63 42 43
internal_count=849 776 753 73 723 94 59 629 103 46 57 526 463 441 63 42 43
is_linear=0
shrinkage=0.3


Tree=14
num_leaves=12
num_cat=0
split_feature=4 4 16 4 10 10 21 20 10 10 9
split_gain=3.49977e-05 0.000124264 8.48365e-05 4.8475e-05 5.05981e-05 5.88497e-05 4.35809e-05 3.89288e-05 4.37298e-05 0.000107211 9.71739e-05
threshold=14191750.000000002 15843700.000000002 0.0020387361201124909 12912050.000000002 2.3972610722363767 2.1181122167290751 0.027275000000000004 0.90513800000000011 -0.47589597575658416 -0.81016755759493686 0.0072207227680134893
decision_type=2 2 2 2 2 2 2 2 2 2 2
left_child=3 -2 -3 4 5 6 -1 8 9 -8 -10
right_child=1 2 -4 -5 -6 -7 7 -9 10 -11 -12
leaf_value=-0.00033491617323306856 -0.0006146349975703439 0.00042201440162237058 -0.00023155164498558196 0.00037866450141088782 0.00036376499066832101 -0.00045387679779546134 -6.8787076088483447e-07 0.00043585808231000556 -0.00065330472072154012 0.00078090779249826239 5.5248699410666788e-06
leaf_weight=32 36 33 39 33 34 26 56 20 21 22 497
leaf_count=32 36 33 39 33 34 26 56 20 21 22 497
internal_value=-1.56205e-12 -0.000159545 6.79995e-05 2.32536e-05 6.68781e-06 -1.1325e-05 6.43172e-06 2.41641e-05 1.03488e-05 0.000219762 -2.11844e-05
internal_weight=849 108 72 741 708 674 648 616 596 78 518
internal_count=849 108 72 741 708 674 648 616 596 78 518
is_linear=0
shrinkage=0.3


Tree=15
num_leaves=17
num_cat=0
split_feature=1 16 10 12 11 22 29 26 25 6 6 8 6 11 12 8
split_gain=3.6512e-05 5.07698e-05 7.09823e-05 0.000109004 9.61032e-05 9.52749e-05 9.86096e-05 9.01579e-05 8.92766e-05 5.63833e-05 9.63174e-05 5.93162e-05 7.53668e-05 6.41614e-05 0.00010031 6.01744e-05
threshold=9.1223121638934508 0.001007579972569928 1.8157504906248014 0.00028745083704062428 53.799433275360165 0.34677450000000004 1.5000000000000002 0.63453050000000011 0.41428550000000003 0.013423285167351192 0.0085057126819173805 0.10167016613796072 -0.0079313686670724384 51.835526426479412 8.6838116664649171e-05 0.012163498489102779
decision_type=2 2 2 2 2 2 2 2 2 2 2 2 2 2 2 2
left_child=1 2 3 5 -5 6 -1 -7 -4 10 11 12 -3 14 -14 -15
right_child=-2 9 8 4 -6 7 -8 -9 -10 -11 -12 -13 13 15 -16 -17
leaf_value=-4.0293682468472979e-05 0.0003000291042865553 -0.00038507004199065981 -9.8646490118881045e-05 -7.7468690737573934e-05 0.00066442717317841018 0.00057405168485274766 -0.00083548803413577841 -0.00024825268672429952 -0.00086407277749458446 0.00052861901640426361 -0.00063054163947526829 0.00044984768966969567 -2.3555108195831696e-06 -0.00045135328803623379 0.00057530457320353889 2.2023128987069621e-05
leaf_weight=25 35 39 32 33 30 20 32 30 24 20 20 30 62 26 48 343
leaf_count=25 35 39 32 33 30 20 32 30 24 20 20 30 62 26 48 343
internal_value=-1.37073e-12 -1.29005e-05 -0.00013375 -3.72539e-05 0.000275815 -0.000221584 -0.000486719 8.06691e-05 -0.000426686 3.35486e-05 1.61165e-05 3.97172e-05 1.59645e-05 4.86165e-05 0.000249714 -1.13313e-05
internal_weight=849 814 226 170 63 107 57 50 56 588 568 548 518 479 110 369
internal_count=849 814 226 170 63 107 57 50 56 588 568 548 518 479 110 369
is_linear=0
shrinkage=0.3


Tree=16
num_leaves=31
num_cat=0
split_feature=0 15 5 29 19 4 1 4 20 9 18 9 3 29 16 6 6 4 21 27 3 17 18 16 24 7 13 4 16 17
split_gain=2.79727e-05 0.000119943 8.58638e-05 0.000121461 0.000103188 0.000130974 8.17255e-05 0.000138046 7.87433e-05 7.63978e-05 6.881e-05 6.83909e-05 7.96679e-05 5.5611e-05 5.49738e-05 0.000133137 0.000108623 0.000101364 7.89836e-05 7.87936e-05 8.59828e-05 7.1646e-05 6.71665e-05 6.34773e-05 5.34153e-05 4.71145e-05 3.83099e-05 3.4005e-05 4.78956e-05 3.37008e-05
threshold=7.1934573759000822 -0.0011105199153750101 0.0022988658834737865 2.5000000000000004 0.52722150000000012 9691050.0000000019 7.0344690840705839 9691050.0000000019 0.58114200000000016 0.010414454447708223 -0.14937840868343213 0.011675866217415161 6.105025291442872 1.5000000000000002 0.0011982358870464486 0.0023768616269464892 0.0011111109803152491 5256950.0000000009 0.39953300000000008 0.92176950000000013 6.1192212104797372 0.0023201281154144938 0.028158978321849295 0.0033538536022785326 0.22500000000000003 0.0022247527331966154 0.0095117633898317393 9177250.0000000019 0.0020866606296112479 0.00201212662165721
decision_type=2 2 2 2 2 2 2 2 2 2 2 2 2 2 2 2 2 2 2 2 2 2 2 2 2 2 2 2 2 2
left_child=6 9 3 24 5 13 8 10 14 -2 -8 -10 -13 -4 15 17 21 -1 -19 20 -18 23 -23 -16 25 -3 -25 -11 -29 -5
right_child=1 2 4 29 -6 -7 7 -9 11 27 -12 12 -14 -15 16 -17 19 18 -20 -21 -22 22 -24 26 -26 -27 -28 28 -30 -31
leaf_value=-0.00052390513137652302 0.00077688907762058076 -4.996328962778744e-05 0.00034429784293686015 -6.5176576536032363e-05 -0.000314793128236488 0.00085280003643544778 -0.00032368054800567086 -0.00076810180584808616 0.00067040786715450741 0.00036180144869035757 0.00028498050427856471 -0.00038865909292326253 0.00037014384447088972 -0.00034689594252995448 -0.00028311640344327312 -0.00067469921640095939 6.5783293592341414e-05 -4.8896339430939404e-05 0.0006587957173575308 -0.00017472170300607105 0.00083622114084391796 -7.8664585389956105e-05 -0.00082074382454655796 2.1416202577276395e-05 -0.00076175222083192131 -0.0005654963034127529 0.00058913364759064283 -0.00027802558365510775 0.00034483445175283124 0.00047896055047463696
leaf_weight=24 25 39 22 20 30 28 35 35 27 48 32 20 33 20 30 38 22 40 22 20 32 23 21 23 27 27 20 25 20 21
leaf_count=24 25 39 22 20 30 28 35 35 27 48 32 20 33 20 30 38 22 40 22 20 32 23 21 23 27 27 20 25 20 21
internal_value=1.18315e-12 6.47055e-05 -5.96513e-05 -0.000216639 0.000150712 0.000350215 -4.58277e-05 -0.000285226 1.59915e-05 0.000311311 -3.29768e-05 0.000281782 8.38031e-05 1.51579e-05 -5.15109e-05 -0.000207054 4.94698e-05 -4.1943e-07 0.00020222 0.000333944 0.000522339 -0.000130454 -0.000432839 5.18048e-05 -0.000406283 -0.000260863 0.000285471 0.000186156 -1.1989e-06 0.000213528
internal_weight=849 352 234 134 100 70 497 102 395 118 67 80 53 42 315 124 191 86 62 74 54 117 44 73 93 66 43 93 45 41
internal_count=849 352 234 134 100 70 497 102 395 118 67 80 53 42 315 124 191 86 62 74 54 117 44 73 93 66 43 93 45 41
is_linear=0
shrinkage=0.3


Tree=17
num_leaves=26
num_cat=0
split_feature=13 10 6 9 8 23 19 3 5 5 13 20 10 12 14 6 6 16 8 20 9 20 20 11 19
split_gain=2.64746e-05 2.66424e-05 9.10357e-05 8.22667e-05 7.88067e-05 6.82148e-05 9.01139e-05 6.42291e-05 6.07665e-05 5.78393e-05 5.25745e-05 6.17918e-05 4.6014e-05 4.21719e-05 4.08084e-05 5.38528e-05 5.71704e-05 5.5596e-05 5.15104e-05 4.08669e-05 3.80773e-05 3.76679e-05 3.00387e-05 2.82925e-05 1.1671e-05
threshold=0.0060958121589182483 0.56363240982274487 -0.0011513231888704153 0.010572569304451119 0.030968476783719109 0.70833350000000006 0.055734500000000006 9.068913936614992 0.0067301907275267503 0.0044617605605688339 0.006709068542155641 0.13285150000000004 1.3799860263321755 -0.0024022221487192889 0.0066777922524276631 -1.0000000180025095e-35 0.0046757365140849836 0.0037735811710867362 -0.0011743132493166545 0.19818750000000004 0.01789018812949322 0.20354400000000003 0.26607800000000009 50.428985999098778 0.12662350000000003
decision_type=2 2 2 2 2 2 2 2 2 2 2 2 2 2 2 2 2 2 2 2 2 2 2 2 2
left_child=-1 4 3 -3 13 6 12 8 9 10 24 -12 -5 -2 18 17 23 19 -15 -16 -7 -10 -20 -17 -4
right_child=1 2 7 5 -6 20 -8 -9 21 -11 11 -13 -14 14 15 16 -18 -19 22 -21 -22 -23 -24 -25 -26
leaf_value=-0.0003410705251735635 0.00039009174298761145 0.00080302767586545095 0.00016590982806519603 0.0003059492256852536 -0.00056578202403705709 -0.00044360251319760987 0.0006503122400877496 -0.00048841146042552562 -0.00060306738477348433 0.00046723237214286604 0.00018408949745447132 -0.00013932045651048516 -0.00022583468914187199 -0.0001837774745841411 -0.00017945143590623048 0.00044263476330133226 -0.00031543844593721182 5.3283092483979992e-05 9.4104061083106149e-05 -0.00072511119287810278 9.9531505657068917e-05 -7.4242497794330115e-05 0.00059572432905302512 -1.4141977590043097e-05 0.00049000736122252421
leaf_weight=20 21 20 20 32 26 21 39 26 22 27 76 177 27 28 21 26 27 24 22 30 26 27 21 23 20
leaf_count=20 21 20 20 32 26 21 39 26 22 27 76 177 27 28 21 26 27 24 22 30 26 27 21 23 20
internal_value=-1.5651e-13 8.22848e-06 4.5503e-05 0.000232653 -6.93691e-05 0.000153981 0.00029648 -3.26735e-05 -5.61873e-07 4.70772e-05 8.35981e-06 -4.21696e-05 6.25905e-05 -1.6255e-05 -5.46932e-05 -0.000142892 3.50842e-05 -0.00032324 0.000132884 -0.000500428 -0.000143145 -0.000311674 0.000339081 0.000228229 0.000327959
internal_weight=849 829 560 165 269 145 98 395 369 320 293 253 59 243 222 151 76 75 71 51 47 49 43 49 40
internal_count=849 829 560 165 269 145 98 395 369 320 293 253 59 243 222 151 76 75 71 51 47 49 43 49 40
is_linear=0
shrinkage=0.3


Tree=18
num_leaves=17
num_cat=0
split_feature=17 17 18 17 4 13 4 27 7 29 1 25 19 7 26 7
split_gain=2.44548e-05 5.93741e-05 3.3818e-05 3.60848e-05 5.77771e-05 5.03289e-05 8.93925e-05 4.75978e-05 0.000131179 7.75141e-05 6.29563e-05 7.52068e-05 0.000213434 6.64358e-05 6.28126e-05 6.08518e-05
threshold=0.0068886361724143112 0.0053394165879238464 1.1200202599424589 0.0036341622578892189 5185500.0000000009 0.0090169384890020788 9164000.0000000019 0.84982800000000014 -0.0045275618370161095 1.5000000000000002 5.9253230017984295 0.26785700000000007 0.055734500000000006 0.0079242611657254752 0.91538300000000017 0.0057274761676436572
decision_type=2 2 2 2 2 2 2 2 2 2 2 2 2 2 2 2
left_child=1 2 3 7 -5 6 -6 10 9 -9 -1 13 -13 -12 15 -10
right_child=-2 -3 -4 4 5 -7 -8 8 14 -11 11 12 -14 -15 -16 -17
leaf_value=-0.00038140064003089032 0.00028645933906283551 -0.00038580199895174398 0.00039329940911557063 -0.00023804006050340829 0.00096271403141145117 -8.9420703886844425e-06 0.0001382803184116773 -0.00019436289816360879 -1.3323828058037706e-05 -0.00097322870228115632 -0.00012271438342401205 5.1338249669573666e-05 0.00089424698239514214 0.00045784186804667112 0.0003675553309749962 -0.00042815420026902124
leaf_weight=29 26 36 20 25 20 32 29 23 173 23 157 132 34 20 31 39
leaf_count=29 26 36 20 25 20 32 29 23 173 23 157 132 34 20 31 39
internal_value=5.63694e-13 -9.04975e-06 8.18415e-06 -1.85796e-06 0.000160635 0.000283682 0.000474784 -2.79158e-05 -0.000119251 -0.000583796 4.30406e-05 7.89263e-05 0.000223982 -5.71148e-05 -3.1312e-05 -8.9637e-05
internal_weight=849 823 787 767 106 81 49 661 289 46 372 343 166 177 243 212
internal_count=849 823 787 767 106 81 49 661 289 46 372 343 166 177 243 212
is_linear=0
shrinkage=0.3


Tree=19
num_leaves=28
num_cat=0
split_feature=1 1 20 17 9 19 15 10 2 15 6 9 12 5 1 6 9 26 25 6 7 14 7 14 4 18 9
split_gain=2.82444e-05 8.19996e-05 7.79281e-05 6.06803e-05 0.000105556 7.44048e-05 5.59156e-05 6.36272e-05 4.54314e-05 7.60792e-05 7.57396e-05 5.48208e-05 7.50838e-05 5.15391e-05 5.89057e-05 4.22498e-05 4.5642e-05 3.98282e-05 3.52795e-05 3.2978e-05 3.15933e-05 5.07623e-05 4.15125e-05 3.14159e-05 2.82471e-05 7.6393e-05 4.26524e-05
threshold=6.8497373983868437 6.7493205551275652 0.80257600000000007 0.002422721968423169 0.017591088153878442 0.018552500000000003 0.0024480112798805002 0.31497288507200177 7.0702949053653983 -0.0011105199153750101 0.0081621797758004763 0.017049295101599225 0.0001531605193869792 0.0075974725882551287 9.0244139166835087 -1.0000000180025095e-35 0.011943200846793832 0.56823950000000012 0.55000000000000016 0.0011274267404021044 -0.0040837439364994526 0.0079590354567116908 1.0000000180025095e-35 0.0068966001071403419 9010850.0000000019 0.34613651456178057 0.012443633095819881
decision_type=2 2 2 2 2 2 2 2 2 2 2 2 2 2 2 2 2 2 2 2 2 2 2 2 2 2 2
left_child=1 2 3 4 6 -5 7 -1 10 24 11 12 15 14 20 18 -17 -14 -2 -13 -11 22 -22 -6 26 -26 -10
right_child=8 -3 -4 5 23 -7 -8 -9 9 13 -12 19 17 -15 -16 16 -18 -19 -20 -21 21 -23 -24 -25 25 -27 -28
leaf_value=-4.7509307401732692e-05 -4.8997790145222098e-06 0.00066720783244818445 0.00055800343371115353 0.00049436167885908832 -0.0002774712182872463 -9.9513880356355992e-05 -0.00031066194178179258 0.00057642833411364336 0.00060027890511946678 0.00023531026303177124 -0.00070021225383243291 0.00033870790596535828 -0.00074589569804419829 0.00025490628012400852 -0.00060138437090375069 0.00048792590450003363 -0.00013825827648361155 -0.00020393952006048967 -0.00052658554988738615 -0.00010257118798714753 -0.00023636060500393795 -0.00046663576647387663 9.9554241009909786e-05 -0.00080283902706079454 -0.00026346612568886482 0.00045462342500286464 0.00013295812400778792
leaf_weight=38 28 20 23 37 20 39 29 24 32 26 20 35 26 38 21 22 20 23 20 27 57 31 79 21 30 24 39
leaf_count=38 28 20 23 37 20 39 29 24 32 26 20 35 26 38 21 22 20 23 20 27 57 31 79 21 30 24 39
internal_value=2.62725e-13 8.44592e-05 3.40048e-05 -2.39374e-05 -0.000146889 0.00018961 3.31838e-05 0.000194015 -3.54503e-05 2.786e-05 -0.00014345 -8.8051e-05 -0.000192688 -6.70557e-05 -0.000124227 -2.99967e-05 0.000189743 -0.000491508 -0.000222269 0.000146538 -7.23078e-05 -0.0001202 -4.12336e-05 -0.000546562 0.00021921 5.56848e-05 0.000343582
internal_weight=849 251 231 208 132 76 91 62 598 377 221 201 139 252 214 90 42 49 48 62 193 167 136 41 125 54 71
internal_count=849 251 231 208 132 76 91 62 598 377 221 201 139 252 214 90 42 49 48 62 193 167 136 41 125 54 71
is_linear=0
shrinkage=0.3


Tree=20
num_leaves=25
num_cat=0
split_feature=1 12 12 4 12 13 11 9 21 5 10 9 14 7 6 7 16 7 25 27 21 15 19 23
split_gain=2.27631e-05 2.68813e-05 9.03502e-05 4.76933e-05 4.02859e-05 4.09342e-05 4.93428e-05 3.77723e-05 0.000118738 3.57222e-05 6.28177e-05 7.74998e-05 5.11046e-05 4.65209e-05 4.61658e-05 3.19367e-05 4.91315e-05 3.96886e-05 3.99734e-05 3.8497e-05 2.97432e-05 2.36564e-05 2.94034e-05 4.2319e-05
threshold=9.1223121638934508 -0.00022138376339466754 -0.000129086213130517 14825600.000000002 -0.0013198163372591949 0.010056798413213495 53.020245168490497 0.020296250268130766 0.27458000000000005 0.0033407072820538894 1.0761157132817585 0.016731641876425233 0.0073349560563680085 0.0011227888773775719 -0.001215878243088171 0.0033557012365909096 0.0034502293208424945 1.0000000180025095e-35 0.55000000000000016 0.81765600000000005 0.18900900000000001 -0.0037129030489671377 0.21047000000000002 0.29166650000000005
decision_type=2 2 2 2 2 2 2 2 2 2 2 2 2 2 2 2 2 2 2 2 2 2 2 2
left_child=1 4 -3 7 5 6 -1 9 -9 10 14 -12 -11 -14 -4 16 17 18 20 -17 -6 -8 23 -23
right_child=-2 2 3 -5 15 -7 21 8 -10 12 11 -13 13 -15 -16 19 -18 -19 -20 -21 -22 22 -24 -25
leaf_value=0.0003594297581442114 0.00023689793451922014 -0.00066679117938162687 -0.00043684532617643362 -0.00035033810757484292 -0.00036768668705917658 -0.00035475926536438396 0.00017820915989274079 -0.00019174059684858017 0.00068249622434248317 -0.00056166562244470693 0.00026663217577151951 -0.00031803598211263307 -0.00028414387706524811 0.00021857024410564918 -1.3619103305096009e-05 -0.00039557428917760259 0.00049334145011856049 0.00042004313093327387 0.00036705406022189313 0.00016798619581095408 4.1343032283158718e-05 -0.00030347349837757067 -0.0004345154554612236 0.00026039212300969192
leaf_weight=29 35 21 34 38 24 34 23 29 27 25 111 25 37 30 73 20 39 28 22 24 48 25 25 23
leaf_count=29 35 21 34 38 24 34 23 29 27 25 111 25 37 30 73 20 39 28 22 24 48 25 25 23
internal_value=4.53994e-13 -1.0186e-05 -5.92179e-05 -2.94766e-05 5.04303e-05 -6.28946e-05 1.64925e-05 1.70691e-06 0.000229766 -3.64165e-05 2.38615e-05 0.000159156 -0.000195629 -5.9048e-05 -0.000148102 0.000138326 0.000200228 0.000106528 1.31402e-05 -8.81777e-05 -9.50002e-05 -8.71031e-05 -0.000170695 -3.32879e-05
internal_weight=849 814 450 429 364 159 125 391 56 335 243 136 92 67 107 205 161 122 94 44 72 96 73 48
internal_count=849 814 450 429 364 159 125 391 56 335 243 136 92 67 107 205 161 122 94 44 72 96 73 48
is_linear=0
shrinkage=0.3


Tree=21
num_leaves=20
num_cat=0
split_feature=9 8 8 8 18 15 4 24 9 15 4 14 4 3 25 21 18 18 9
split_gain=2.02651e-05 5.98409e-05 0.000100255 6.38842e-05 5.02766e-05 3.45665e-05 5.59594e-05 6.59027e-05 4.20948e-05 2.80827e-05 3.4855e-05 5.67271e-05 3.05506e-05 6.97014e-05 4.34764e-05 3.74148e-05 4.38095e-05 2.98088e-05 2.47374e-05
threshold=0.011350377604887869 0.030968476783719109 0.02304512865920685 0.019164531713143952 0.89653833384741255 -0.0071143709417678816 9691050.0000000019 0.26785700000000007 0.0090923778464121526 -0.008602319184392776 19019450.000000004 0.0143663319386727 7938300.0000000009 6.9963784217834482 0.22500000000000003 0.59784100000000018 -0.58833999888847821 0.43567232771813785 0.015054792811521356
decision_type=2 2 2 2 2 2 2 2 2 2 2 2 2 2 2 2 2 2 2
left_child=1 2 3 5 9 -1 7 8 -7 -2 11 12 15 14 -14 16 -11 -15 -17
right_child=4 -3 -4 -5 -6 6 -8 -9 -10 10 -12 -13 13 17 -16 18 -18 -19 -20
leaf_value=0.00045970734870272941 -0.00030962789755398668 -0.00037805491774633992 0.0006408277537737941 -0.00040477926121093333 -0.00042984829350542795 -0.00013666253211600373 -0.00030917031144781507 0.00054245750150835968 0.00029048668135890859 0.00015576916325804886 -0.00034972515472873059 0.00048067710296258469 9.5280573674244796e-05 -6.847614479050558e-05 0.00063957884236255527 0.00041483316147475439 -0.00017972430723602883 0.0002877456082496792 -4.2031929382346784e-06
leaf_weight=22 27 24 29 25 27 56 30 29 33 43 24 23 25 137 28 21 189 25 32
leaf_count=22 27 24 29 25 27 56 30 29 33 43 24 23 25 137 28 21 189 25 32
internal_value=9.71495e-13 7.21528e-05 0.000120389 4.29908e-05 -2.97735e-05 0.000108839 5.66832e-05 0.000149697 2.17186e-05 -1.09547e-05 3.78789e-06 2.00103e-05 -1.18039e-06 8.41983e-05 0.000382834 -6.55889e-05 -0.000117542 -1.35037e-05 0.00016183
internal_weight=849 248 224 195 601 170 148 118 89 574 547 523 500 215 53 285 232 162 53
internal_count=849 248 224 195 601 170 148 118 89 574 547 523 500 215 53 285 232 162 53
is_linear=0
shrinkage=0.3


Tree=22
num_leaves=26
num_cat=0
split_feature=17 13 6 4 17 16 13 26 23 9 9 12 7 11 27 1 22 11 3 29 20 4 20 7 21
split_gain=2.03429e-05 4.63604e-05 4.49124e-05 4.23728e-05 4.1378e-05 5.16514e-05 4.03561e-05 8.58431e-05 4.03363e-05 3.38154e-05 5.27826e-05 5.1591e-05 5.00944e-05 6.3617e-05 3.42301e-05 3.35317e-05 3.5732e-05 3.09517e-05 3.02322e-05 3.72752e-05 2.92465e-05 4.11672e-05 5.41387e-05 3.284e-05 2.27141e-05
threshold=0.0021965414692725629 0.0068365127931330648 0.010263095583544522 8373200.0000000009 0.001860503384852593 0.0018692016934760856 0.010011013106953652 0.78564550000000011 0.22500000000000003 0.034469372289044599 0.025014111113156556 -0.00039293961614620348 0.0034227874600424586 57.457849542019865 0.90256000000000014 8.7440707930805797 0.62545100000000009 54.13106525751715 7.2727353572845468 2.5000000000000004 0.054299500000000007 5382850.0000000009 0.11366800000000001 0.0011730676716493473 0.039902000000000007
decision_type=2 2 2 2 2 2 2 2 2 2 2 2 2 2 2 2 2 2 2 2 2 2 2 2 2
left_child=4 3 9 -2 6 -6 15 8 -8 10 11 18 13 -13 -14 16 20 -10 19 -3 -1 23 -23 -22 -18
right_child=1 2 -4 -5 5 -7 7 -9 17 -11 -12 12 14 -15 -16 -17 24 -19 -20 -21 21 22 -24 -25 -26
leaf_value=-0.00027908526842467202 -4.7421249328181147e-05 -7.1756567587726746e-05 -0.00041151641294163711 -0.00066496086281404127 0.0006178532203193754 1.7058512312360108e-06 0.00037963761382603216 0.00071905921462790234 -0.0003827064237239855 -0.0003456205335003853 0.00042452911849726787 -9.8964856324316709e-05 -3.4923811617773027e-05 -0.00064265312271891161 0.00043677056892192921 -0.0003306207373498182 6.3752626738278199e-06 8.9181152079304565e-05 0.0005003578574905987 0.00034694838678191327 0.00012040574524405655 0.0004628862901154207 -6.5013459276715951e-05 0.00061044896634484755 -0.00040920302895317256
leaf_weight=23 20 50 24 20 24 25 21 21 22 22 29 86 45 25 20 32 20 29 20 31 32 20 139 20 29
leaf_count=23 20 50 24 20 24 25 21 21 22 22 29 86 45 25 20 32 20 29 20 31 32 20 139 20 29
internal_value=-8.39595e-13 -5.01405e-05 -1.5362e-05 -0.000356191 4.30089e-05 0.000303492 1.17254e-05 0.000185369 2.97097e-05 1.36249e-05 3.9453e-05 -8.61867e-07 -9.89401e-05 -0.000221417 0.000110213 -3.95409e-05 -6.6273e-06 -0.000114378 0.000170047 8.84885e-05 4.21532e-05 7.71698e-05 1.38902e-06 0.000308884 -0.000239579
internal_weight=849 392 352 40 457 49 408 93 72 328 306 277 176 111 65 315 283 51 101 81 234 211 159 52 49
internal_count=849 392 352 40 457 49 408 93 72 328 306 277 176 111 65 315 283 51 101 81 234 211 159 52 49
is_linear=0
shrinkage=0.3


Tree=23
num_leaves=18
num_cat=0
split_feature=7 18 10 21 14 15 25 13 15 15 14 6 5 17 17 25 18
split_gain=2.11075e-05 5.13899e-05 3.60538e-05 4.97599e-05 2.47479e-05 2.39981e-05 7.60896e-05 4.69926e-05 2.70546e-05 2.99739e-05 3.303e-05 4.15869e-05 3.86536e-05 4.36296e-05 3.14189e-05 6.77674e-05 3.06415e-05
threshold=0.0057274761676436572 0.42845491542963077 1.3331808231361453 0.31380950000000007 0.0073349560563680085 -0.0058038146494814999 0.26785700000000007 0.0090582940897315084 -0.0046783644071247263 -0.003736075671624929 0.01082377726473994 0.0082595926599374897 0.0070000670660068575 0.0046003423213941954 0.0030801070459580181 0.22500000000000003 -0.067242691677311048
decision_type=2 2 2 2 2 2 2 2 2 2 2 2 2 2 2 2 2
left_child=5 2 4 -4 -2 6 -1 -8 -7 -10 11 12 13 -11 15 -12 -16
right_child=1 -3 3 -5 -6 8 7 -9 9 10 14 -13 -14 -15 16 -17 -18
leaf_value=0.00058344256322016006 -0.00045223882028949441 -0.00044114580205132368 -7.4407004947054438e-05 0.00050806345373282302 -4.5134755200706419e-06 -0.00028147643847503407 0.00027128846968067094 -0.00032988994993502272 0.00028464708595752849 -4.6080770457510263e-05 -0.00035056035171146505 0.00037864584102298351 0.00032085894606346052 0.00029494525692457132 -7.4647743822424666e-05 0.00034795604977989571 -0.00057743218512769086
leaf_weight=27 20 32 33 22 25 29 22 25 35 386 25 29 33 37 20 25 24
leaf_count=27 20 32 33 22 25 29 22 25 35 386 25 29 33 37 20 25 24
internal_value=9.36731e-13 -0.000110245 -4.35648e-06 0.000158581 -0.000203503 2.02961e-05 0.000182082 -4.84873e-05 1.67693e-06 1.50506e-05 -1.24622e-06 3.02987e-05 8.14505e-06 -1.62511e-05 -0.000164005 -1.30215e-06 -0.000348894
internal_weight=849 132 100 55 45 717 74 47 643 614 579 485 456 423 94 50 44
internal_count=849 132 100 55 45 717 74 47 643 614 579 485 456 423 94 50 44
is_linear=0
shrinkage=0.3


Tree=24
num_leaves=20
num_cat=0
split_feature=27 21 20 5 4 10 3 26 27 5 23 10 21 0 29 17 17 6 27
split_gain=1.58611e-05 4.50405e-05 2.92155e-05 2.28128e-05 4.02919e-05 3.89437e-05 3.32493e-05 2.5798e-05 5.79774e-05 3.35433e-05 4.69469e-05 3.8326e-05 2.36942e-05 4.28443e-05 3.68004e-05 3.4947e-05 4.14844e-05 2.81338e-05 2.2161e-05
threshold=0.95091500000000007 0.027920000000000004 0.017148000000000004 -0.0011129591218787865 3541300.0000000005 2.0299121704772731 9.0867128372192401 0.76893250000000013 0.88595200000000018 0.0058582632549250184 1.0000000180025095e-35 2.1751885630976822 0.58975050000000007 8.1925033258463298 1.5000000000000002 0.0023296432550127576 0.0034681773750515981 0.0033058873265089991 0.91770250000000009
decision_type=2 2 2 2 2 2 2 2 2 2 2 2 2 2 2 2 2 2 2
left_child=1 -1 -2 5 -5 12 7 9 -9 11 -11 -6 13 15 -14 17 -17 -3 -10
right_child=2 3 -4 4 6 -7 -8 8 18 10 -12 -13 14 -15 -16 16 -18 -19 -20
leaf_value=-0.00043271428955697709 -7.0468881209048308e-05 -0.00012459322777814172 0.00042994969906950633 0.00034303632327882462 -2.4080922279837079e-05 -0.00046784533679783636 0.00039570794790051879 0.0004239044005723707 -0.00029402500652147201 0.00014568378366833633 -0.00036756682812614047 0.00035237401866147083 -8.4436763874971512e-05 0.00025250973882183671 0.00044275710638017198 -0.00059201871538082037 -0.00010009165792628968 0.00018683484080005049 0.0001188165051571559
leaf_weight=22 21 95 21 37 247 20 20 38 22 23 53 27 26 31 22 27 36 36 25
leaf_count=22 21 95 21 37 247 20 20 38 22 23 53 27 26 31 22 27 36 36 25
internal_value=-5.39269e-13 -9.35452e-06 0.00017974 2.51034e-06 4.19767e-05 -6.37608e-05 1.74949e-05 1.05806e-07 0.000148356 -3.58977e-05 -0.000212241 1.3015e-05 -3.41575e-05 -7.49791e-05 0.000157194 -0.00012731 -0.000310918 -3.90099e-05 -7.44285e-05
internal_weight=849 807 42 785 492 293 455 435 85 350 76 274 273 225 48 194 63 131 47
internal_count=849 807 42 785 492 293 455 435 85 350 76 274 273 225 48 194 63 131 47
is_linear=0
shrinkage=0.3


Tree=25
num_leaves=14
num_cat=0
split_feature=3 1 7 6 6 29 17 26 6 7 1 11 26
split_gain=2.04658e-05 2.20208e-05 2.13197e-05 2.5846e-05 2.79386e-05 3.66124e-05 3.76252e-05 3.88125e-05 2.62582e-05 2.25959e-05 4.51938e-05 3.46608e-05 1.95281e-05
threshold=9.5694513320922869 9.0778132529673741 0.014363200844556589 0.012472630150563846 -0.0034822544469437357 1.5000000000000002 0.0024722482011304251 0.51001700000000005 -0.002490582581847933 -0.0050772039397558337 7.0068098575206426 50.428985999098778 0.64121450000000013
decision_type=2 2 2 2 2 2 2 2 2 2 2 2 2
left_child=1 2 3 4 5 12 7 -7 -6 10 -10 -11 -1
right_child=-2 -3 -4 -5 8 6 -8 -9 9 11 -12 -13 -14
leaf_value=-0.00019783537169972148 -0.00028557695581680906 0.0003185588091946556 -0.0002984258837906444 0.00029629396902035088 -0.00033258349267998704 0.00037452068855990152 0.00051914345023240974 -8.8428353095738345e-05 -0.00044131914414720082 0.0001980071519195097 3.9722183387661614e-05 -2.798966490903959e-05 0.00016099158144373046
leaf_weight=39 22 20 21 27 25 28 28 39 32 71 39 437 21
leaf_count=39 22 20 21 27 25 28 28 39 32 71 39 437 21
internal_value=3.86254e-14 7.59697e-06 -1.09645e-07 7.86064e-06 -2.39984e-06 0.00011122 0.000227094 0.000105043 -3.15573e-05 -1.85596e-05 -0.000177085 3.5965e-06 -7.22459e-05
internal_weight=849 827 807 786 759 155 95 67 604 579 71 508 60
internal_count=849 827 807 786 759 155 95 67 604 579 71 508 60
is_linear=0
shrinkage=0.3


Tree=26
num_leaves=22
num_cat=0
split_feature=18 27 26 26 17 8 9 17 27 27 12 21 4 17 13 12 13 7 24 18 8
split_gain=1.60522e-05 1.46802e-05 2.70057e-05 3.99259e-05 4.8038e-05 3.74131e-05 2.96883e-05 2.21521e-05 2.19307e-05 3.56508e-05 3.48494e-05 7.40868e-05 3.43374e-05 3.8986e-05 2.75711e-05 2.74781e-05 5.56604e-05 3.0294e-05 2.05235e-05 1.72429e-05 1.14047e-05
threshold=1.1200202599424589 0.76523150000000018 0.51164600000000016 0.65597450000000013 0.0018959384825783809 0.022632608240701537 0.027198650476981941 0.0068073096996564319 0.80340000000000011 0.81278650000000008 0.0009071135700962807 0.47123600000000004 5941800.0000000009 0.0021965414692725629 0.0096977553705085307 -0.001634612294482591 0.009682417207838058 0.0010663125610451383 0.18333350000000004 0.27374261880655776 0.037878361198928144
decision_type=2 2 2 2 2 2 2 2 2 2 2 2 2 2 2 2 2 2 2 2 2
left_child=1 2 5 4 -4 18 19 8 12 -10 15 14 -3 -14 -12 16 -11 -17 -1 20 -7
right_child=-2 7 3 -5 -6 6 -8 -9 9 10 11 -13 13 -15 -16 17 -18 -19 -20 -21 -22
leaf_value=3.2689017378008712e-05 0.00025902424445770783 6.1628124636957764e-05 4.1049753326660722e-05 -0.00010884384423843583 0.00061945286175354595 -0.00020155023126351116 0.000187077133814455 0.00027123415955949374 0.00029373819329081135 5.0059568643201743e-05 6.3534491978909657e-05 -0.0005510286000357797 -0.0001113255371365085 -0.00062338247513727535 -0.00030418582999845967 -3.2791234687985183e-05 -0.00051285790448309858 0.00017327573186656466 0.00039000034219339872 -4.7638849785223345e-06 -0.00049184572835656579
leaf_weight=39 21 33 24 25 28 29 20 21 31 43 69 34 32 23 25 147 25 114 23 22 21
leaf_count=39 21 33 24 25 28 29 20 21 31 43 69 34 32 23 25 147 25 114 23 22 21
internal_value=-1.20998e-13 -6.56946e-06 5.7648e-05 0.000202711 0.000352498 -1.48838e-05 -0.000136272 -3.14174e-05 -4.24516e-05 -1.75935e-05 -3.87123e-05 -0.000171529 -0.000180301 -0.000325458 -3.42635e-05 1.29612e-05 -0.000156895 5.7215e-05 0.00016524 -0.000226091 -0.000323474
internal_weight=849 828 231 77 52 154 92 597 576 488 457 128 88 55 94 329 68 261 62 72 50
internal_count=849 828 231 77 52 154 92 597 576 488 457 128 88 55 94 329 68 261 62 72 50
is_linear=0
shrinkage=0.3


Tree=27
num_leaves=31
num_cat=0
split_feature=1 22 2 18 14 14 6 26 18 21 8 7 6 12 7 16 16 6 18 12 9 18 7 0 10 16 27 15 9 6
split_gain=1.41467e-05 3.52477e-05 6.24973e-05 2.97133e-05 4.11438e-05 0.000106584 2.42708e-05 4.15679e-05 6.61975e-05 3.35365e-05 2.99831e-05 3.25044e-05 2.39435e-05 4.0151e-05 2.52475e-05 4.1219e-05 4.02167e-05 3.78292e-05 2.66728e-05 3.11487e-05 2.03496e-05 2.01834e-05 1.7422e-05 1.64607e-05 1.62511e-05 1.61786e-05 1.58035e-05 1.47982e-05 1.44648e-05 1.41761e-05
threshold=6.8648335496709612 0.47454750000000007 6.2784845765479576 -0.20338941146453873 0.0095057515673848767 0.0073349560563680085 0.0020597606628057577 0.46881350000000005 0.26622575704798374 0.22048200000000004 0.097160261324410094 -0.0022752275273651822 0.001009640219970462 -0.00053515874651046183 0.0031814047527279582 0.0022111649677456721 0.00114353713916178 -0.0023082040671604481 -0.22931843936402771 0.00021235089001842515 0.015447313689710206 -0.52289677302475879 -0.001004061685638847 7.3019426127652789 1.5708131772808731 0.0024081289107546824 0.74563150000000011 0.0010666766327499559 0.012509728091571007 -0.0011640814563283238
decision_type=2 2 2 2 2 2 2 2 2 2 2 2 2 2 2 2 2 2 2 2 2 2 2 2 2 2 2 2 2 2
left_child=1 2 3 21 5 25 12 8 24 10 11 -9 14 -14 15 18 -16 -18 22 29 -3 -1 -2 -15 -8 -5 -17 -11 -13 -20
right_child=6 20 -4 4 -6 -7 7 9 -10 27 -12 28 13 23 16 26 17 -19 19 -21 -22 -23 -24 -25 -26 -27 -28 -29 -30 -31
leaf_value=4.7410275194282721e-05 0.00021650105893058935 5.1972094974942214e-05 0.00047950583884812656 0.00023684854109887966 -0.00011802202710756458 0.00085109447574723159 -0.00025078037599149833 0.00027247258789746254 -0.0007399501297706072 0.00034575884425206679 -0.00044057437426090471 3.3014260232448579e-05 0.00052881052033626474 -0.00016724729461462372 0.0003973566022919371 -0.00011585995334826294 0.00018121132366517983 -0.00031379380288854009 6.437893954512219e-05 -0.0005103052905724325 -0.00028785337863675002 -0.00034199789221747777 -0.00015292082751885676 0.00020408172088288914 9.5748115511794037e-05 -0.00011388413860976438 0.00017021618436739941 1.1449472336525187e-05 -0.00026080843123341574 -0.00026168998025241305
leaf_weight=23 20 29 36 20 39 20 29 23 21 26 20 25 21 21 31 24 33 24 20 32 35 25 27 22 21 29 63 22 38 30
leaf_count=23 20 29 36 20 39 20 29 23 21 26 20 25 21 21 31 24 33 24 20 32 35 25 27 22 21 29 63 22 38 30
internal_value=-1.6297e-12 5.8939e-05 0.000123209 4.09862e-05 0.000128272 0.000267481 -2.54442e-05 -0.000103063 -0.00029297 -1.55089e-05 -0.000109717 -3.27732e-05 2.20132e-05 0.000188791 -1.30979e-05 -6.82813e-05 0.000122352 -2.72119e-05 -0.000175905 -0.000279182 -0.00013387 -0.000155406 4.27998e-06 2.2735e-05 -0.000105238 2.92721e-05 9.12986e-05 0.000192534 -0.000144212 -0.000131262
internal_weight=849 256 192 156 108 69 593 225 71 154 106 86 368 64 304 216 88 57 129 82 64 48 47 43 50 49 87 48 63 50
internal_count=849 256 192 156 108 69 593 225 71 154 106 86 368 64 304 216 88 57 129 82 64 48 47 43 50 49 87 48 63 50
is_linear=0
shrinkage=0.3


Tree=28
num_leaves=21
num_cat=0
split_feature=8 0 17 13 5 9 3 6 27 21 2 16 14 0 13 18 21 9 7 16
split_gain=1.34491e-05 1.60823e-05 4.20326e-05 9.09232e-05 3.60606e-05 3.27976e-05 3.03627e-05 3.36509e-05 2.82998e-05 2.34838e-05 2.34067e-05 2.82719e-05 3.23847e-05 3.64334e-05 3.7934e-05 2.62068e-05 1.93402e-05 2.54971e-05 2.21496e-05 1.97871e-05
threshold=-0.022897480294663243 6.84871840362774 0.0011723661913126827 0.0097584657962258414 0.0072093160190853352 0.015447313689710206 6.2860262393951425 -0.0024346601957966276 0.90674050000000006 0.3719455000000001 6.983401634656432 0.0056273777835896509 0.0143663319386727 9.0778130543897717 0.010668190060860444 0.43567232771813785 0.053455000000000009 0.016436875659314201 -0.0022752275273651822 0.0022434085290013121
decision_type=2 2 2 2 2 2 2 2 2 2 2 2 2 2 2 2 2 2 2 2
left_child=-1 2 3 5 6 -2 7 -4 9 -9 16 12 13 14 15 -12 -3 18 -18 -19
right_child=1 10 4 -5 -6 -7 -8 8 -10 -11 11 -13 -14 -15 -16 -17 17 19 -20 -21
leaf_value=-0.00022137863616080721 0.00035242870137153659 -0.00037160855254114716 0.00022735523765504695 0.00080763382196892054 -0.00038771816556163683 -0.00014032689852625012 0.00035038901096413612 -0.00037289203683030789 0.00017992429797728123 -1.891225401777774e-05 -3.0990287923091469e-05 -0.00028973725633337519 0.00037100545170574149 -0.00035432155899521285 0.00041685511467387022 0.00017453371216626172 4.7951623047184617e-06 -9.2649749585846085e-05 -0.00035058028177828465 0.00027155080561351493
leaf_weight=24 20 24 36 20 20 31 24 37 22 31 276 26 24 23 22 70 27 29 38 25
leaf_count=24 20 24 36 20 20 31 24 37 22 31 276 26 24 23 22 70 27 29 38 25
internal_value=2.51397e-13 6.44011e-06 7.16429e-05 0.000265509 -9.32464e-06 5.29106e-05 4.11278e-05 -1.77791e-05 -0.000115833 -0.000211519 -2.04672e-05 1.37334e-05 3.2746e-05 1.19833e-05 3.48773e-05 1.05897e-05 -0.000125939 -7.6392e-05 -0.000202963 7.59616e-05
internal_weight=849 825 241 71 170 51 150 126 90 68 584 441 415 391 368 346 143 119 65 54
internal_count=849 825 241 71 170 51 150 126 90 68 584 441 415 391 368 346 143 119 65 54
is_linear=0
shrinkage=0.3


Tree=29
num_leaves=25
num_cat=0
split_feature=7 17 9 9 18 16 21 4 9 21 14 17 7 26 17 27 14 17 4 8 5 20 16 21
split_gain=1.16973e-05 1.44088e-05 4.56228e-05 2.46022e-05 5.49182e-05 4.81967e-05 3.29392e-05 2.11408e-05 1.94758e-05 3.69635e-05 3.0353e-05 2.98572e-05 2.94495e-05 4.47698e-05 2.97144e-05 2.13494e-05 2.97736e-05 1.94681e-05 5.90651e-05 1.91826e-05 1.80344e-05 1.63249e-05 1.16812e-05 1.03397e-05
threshold=-0.010798110725851342 0.0057604213341483955 0.012907011184945218 0.011148206428116229 0.20322003627460469 0.0012232700170731762 0.65324700000000013 20332200.000000004 0.018303073503376854 0.64001550000000018 0.0056274851189406323 0.0021019929127801111 0.0022523601600278028 0.84010150000000017 0.0031104599347182627 0.91040300000000018 0.012295317222234783 0.001201836006525398 6538700.0000000009 0.027955152433988852 0.0012099119746045277 0.28893800000000008 0.0034721911781376191 0.037194000000000005
decision_type=2 2 2 2 2 2 2 2 2 2 2 2 2 2 2 2 2 2 2 2 2 2 2 2
left_child=-1 3 -3 4 6 -6 17 8 10 12 11 19 13 -10 -14 16 -12 18 -2 -5 21 -19 -7 -17
right_child=1 2 -4 7 5 22 -8 -9 9 -11 15 -13 14 -15 -16 23 -18 20 -20 -21 -22 -23 -24 -25
leaf_value=-0.00019067925581371778 0.00053290992018446555 -0.00049514786505824306 0.00011835688037535873 -0.00023085743359843036 0.00064545831354245395 -3.9630082610528917e-05 -0.00036043952371983323 -0.00031937958381604402 0.00036013379912733592 -0.0002385807840318162 -0.00010336849169402492 0.00031872809764796068 -0.0001614267335025943 -0.0001313377897035521 0.00025774186612144819 -0.00010775142156489891 -0.0004654023540079715 2.9570156350798373e-05 -0.00015602408935332535 0.00010931603063835536 0.00013707344584080631 -0.00033627703542942589 0.00027385795637715289 0.00016127951906431311
leaf_weight=28 24 20 24 25 26 20 20 20 69 29 184 35 45 22 23 20 23 21 21 37 31 23 23 36
leaf_count=28 24 20 24 25 26 20 20 20 69 29 184 35 45 22 23 20 23 21 21 37 31 23 23 36
internal_value=9.46413e-13 6.50307e-06 -0.000160509 1.59606e-05 0.000103964 0.000323015 -3.997e-06 -1.64209e-05 -5.36398e-06 7.2898e-05 -4.62341e-05 9.72035e-05 0.000129709 0.000241316 -1.96491e-05 -9.9137e-05 -0.000143594 5.54101e-05 0.000211407 -2.78507e-05 -3.81883e-05 -0.000161668 0.00012805 6.5197e-05
internal_weight=849 821 44 777 209 69 140 568 548 188 360 97 159 91 68 263 207 120 45 62 75 44 43 56
internal_count=849 821 44 777 209 69 140 568 548 188 360 97 159 91 68 263 207 120 45 62 75 44 43 56
is_linear=0
shrinkage=0.3


Tree=30
num_leaves=18
num_cat=0
split_feature=9 9 28 16 21 3 18 7 21 10 10 29 26 19 7 1 3
split_gain=1.14879e-05 2.07535e-05 1.29669e-05 2.03129e-05 2.21408e-05 1.65883e-05 2.46494e-05 3.31764e-05 3.10907e-05 2.26765e-05 3.64371e-05 2.33065e-05 1.51599e-05 1.90802e-05 1.53034e-05 1.43507e-05 1.67955e-05
threshold=0.0066415337720498223 0.00706613559518881 1.0000000180025095e-35 0.0020683085985150206 0.32805450000000008 9.1223120689392108 0.11707705889152929 0.0053664177992959628 0.4070145 1.5545820912536474 1.3013279015970489 2.5000000000000004 0.91538300000000017 -0.75567849999999981 0.0023201367459351791 7.0083369689546577 7.6616036891937265
decision_type=2 2 2 2 2 2 2 2 2 2 2 2 2 2 2 2 2
left_child=-1 -2 3 15 -5 6 12 9 -9 10 -8 -11 13 -4 -15 -3 -17
right_child=1 2 5 4 -6 -7 7 8 -10 11 -12 -13 -14 14 -16 16 -18
leaf_value=-0.00022467266448984445 0.00030731037251825912 -0.00021972750666463979 -0.00026178664821517567 4.5627778438626718e-05 0.00048667520371964196 0.00020477013907989675 -4.2114665489321307e-05 -0.00012657081369980006 -0.00060338406103255693 -4.5759269687550842e-05 -0.00042107989890306877 0.00032699090807000172 0.00027113558129972909 6.8750732505006267e-05 -7.0972836356034325e-05 0.00026345503870288666 -7.8552053962864318e-05
leaf_weight=20 20 20 22 21 20 29 148 32 20 36 27 26 21 234 101 24 28
leaf_count=20 20 20 22 21 20 29 148 32 20 36 27 26 21 234 101 24 28
internal_value=-4.00354e-13 5.42033e-06 -2.04296e-06 9.22177e-05 0.000260773 -1.73468e-05 -2.7004e-05 -9.29607e-05 -0.000309961 -4.53489e-05 -0.000100584 0.000110555 2.34232e-05 8.85185e-06 2.66251e-05 -3.76509e-06 7.92974e-05
internal_weight=849 829 809 113 41 696 667 289 52 237 175 62 378 357 335 72 52
internal_count=849 829 809 113 41 696 667 289 52 237 175 62 378 357 335 72 52
is_linear=0
shrinkage=0.3


Tree=31
num_leaves=20
num_cat=0
split_feature=18 22 14 20 17 20 12 12 15 15 20 4 8 9 18 16 16 19 9
split_gain=1.17114e-05 1.10181e-05 2.3032e-05 1.12598e-05 4.96591e-05 3.1702e-05 3.68034e-05 4.78293e-05 2.66263e-05 2.60729e-05 2.13465e-05 4.2885e-05 2.02729e-05 1.64526e-05 1.58682e-05 1.40791e-05 3.39687e-05 3.36336e-05 1.40791e-05
threshold=-1.20792984639928 0.014652500000000001 0.0068415526208535334 0.3277965000000001 0.0044593102006429209 0.28413850000000007 0.0013965368156157178 0.00097907177779201762 0.0067837996377415133 0.0023201281154145163 0.3917230000000001 8909050.0000000019 0.036364848466429199 0.018806233613911896 -0.66364813645573684 0.0036585622568493588 0.0030863956142192263 0.37080050000000003 0.010869875012285883
decision_type=2 2 2 2 2 2 2 2 2 2 2 2 2 2 2 2 2 2 2
left_child=-1 2 -2 5 10 6 7 8 9 -3 11 -5 -6 18 -12 16 -16 -17 -8
right_child=1 3 -4 4 12 -7 13 -9 -10 -11 14 -13 -14 -15 15 17 -18 -19 -20
leaf_value=-0.00022684750891130534 -5.2058650768079434e-05 -3.9098441126797543e-05 0.00028729343333300976 4.2294858451766356e-05 -6.2026484447414982e-05 -0.00029711244102285347 0.00026419970884241842 -0.00048464514797656602 -0.00035690072927536677 0.00023145336828843269 0.00029442123465287293 0.00059298359593412892 -0.00048405933671996794 0.0004059408469142259 2.3197218713053387e-05 0.00036935838530553154 -0.00036655877831989249 -6.6452190581270878e-05 -6.1885646251679498e-05
leaf_weight=20 36 205 36 35 20 39 22 22 20 38 20 20 21 21 161 30 23 34 26
leaf_count=20 36 205 36 35 20 39 22 22 20 38 20 20 21 21 161 30 23 34 26
internal_value=-7.27074e-13 5.4728e-06 0.000117617 -5.19353e-06 3.2824e-05 -4.04057e-05 -1.21244e-05 -5.97199e-05 -2.41748e-05 3.21007e-06 7.23025e-05 0.000242545 -0.00027819 0.000184466 3.73646e-05 1.66342e-05 -2.55223e-05 0.000137834 8.75701e-05
internal_weight=849 829 72 757 364 393 354 285 263 243 323 55 41 69 268 248 184 64 48
internal_count=849 829 72 757 364 393 354 285 263 243 323 55 41 69 268 248 184 64 48
is_linear=0
shrinkage=0.3


Tree=32
num_leaves=16
num_cat=0
split_feature=29 27 3 2 17 20 1 7 12 17 17 11 4 19 18
split_gain=1.00953e-05 2.64753e-05 1.14268e-05 2.44039e-05 1.13309e-05 1.26384e-05 1.88331e-05 2.44098e-05 3.02556e-05 1.96352e-05 1.85568e-05 1.61549e-05 2.37664e-05 1.63231e-05 1.12414e-05
threshold=4.5000000000000009 0.84982800000000014 9.1223120689392108 8.9087176275375395 0.0068073096996564319 0.65256750000000008 7.9684052868492925 0.0011180464749848188 0.0014987100646079159 0.00454804751140172 0.0031512860787212618 61.36594216116881 8869800.0000000019 0.74921400000000016 0.018008684305203873
decision_type=2 2 2 2 2 2 2 2 2 2 2 2 2 2 2
left_child=2 -2 3 4 5 6 7 9 -9 -1 14 12 13 -7 -8
right_child=1 -3 -4 -5 -6 11 10 8 -10 -11 -12 -13 -14 -15 -16
leaf_value=-7.2038959031851848e-05 3.5256705981540822e-05 -0.00038032385177344123 0.00019053991585678886 -0.00032522652694751738 0.0002278253973470003 0.00019855827018833033 0.00014972451905919114 9.341765272443432e-05 -0.0001705375855199236 -0.00035611730181699385 0.00034711907681649675 -9.1270839081570391e-05 0.00039484428648742877 -8.3342221235701189e-05 -0.00011312073507320342
leaf_weight=250 37 22 30 20 21 38 32 179 50 24 23 34 26 36 27
leaf_count=250 37 22 30 20 21 38 32 179 50 24 23 34 26 36 27
internal_value=-2.86025e-14 -0.000119706 8.94003e-06 1.77162e-06 1.06094e-05 4.26513e-06 -1.4771e-05 -3.65043e-05 3.57855e-05 -9.69217e-05 0.000118545 8.73704e-05 0.000148108 6.14175e-05 2.94394e-05
internal_weight=849 59 790 760 740 719 585 503 229 274 82 134 100 74 59
internal_count=849 59 790 760 740 719 585 503 229 274 82 134 100 74 59
is_linear=0
shrinkage=0.3


Tree=33
num_leaves=16
num_cat=0
split_feature=3 1 17 17 15 27 10 17 12 22 11 19 17 7 4
split_gain=7.537e-06 1.14559e-05 9.16283e-06 2.4515e-05 2.7116e-05 2.97882e-05 2.42898e-05 1.24513e-05 2.16769e-05 1.62191e-05 1.17432e-05 3.49389e-05 1.29787e-05 1.16868e-05 1.04086e-05
threshold=9.5694513320922869 9.0778132529673741 0.0036341622578892189 0.0040120364025957519 0.0033203921046868015 0.91040300000000018 1.3799860263321755 0.0033594494990880053 0.00067817957295879282 0.43707550000000001 66.214574009348496 0.85989350000000009 0.0024722482011304251 0.0033557012365909096 7286600.0000000009
decision_type=2 2 2 2 2 2 2 2 2 2 2 2 2 2 2
left_child=1 2 7 -4 5 6 14 10 9 -9 11 12 13 -1 -5
right_child=-2 -3 3 4 -6 -7 -8 8 -10 -11 -12 -13 -14 -15 -16
leaf_value=5.4109857182635361e-06 -0.00017330377952682531 0.0002288980653429462 0.00033705200557596976 -8.3531465082030203e-07 -0.00025465531669194915 0.00040166602723599814 0.00018469138519971499 -0.00043547431708683019 0.00010328336808759725 -7.0814670341081055e-05 -0.00016849372871850692 0.00037880819065983152 0.00016439568099559513 -0.00010407457213755391 -0.00029611254292169839
leaf_weight=381 22 20 25 21 27 21 35 23 22 21 36 22 37 114 22
leaf_count=381 22 20 25 21 27 21 35 23 22 21 36 22 37 114 22
internal_value=-6.26362e-13 4.61026e-06 -9.48301e-07 6.56806e-05 1.18371e-05 8.45168e-05 -8.69475e-07 -1.62851e-05 -0.00013986 -0.000261432 -2.46147e-06 8.32763e-06 -6.993e-06 -1.98039e-05 -0.000151907
internal_weight=849 827 807 151 126 99 78 656 66 44 590 554 532 495 43
internal_count=849 827 807 151 126 99 78 656 66 44 590 554 532 495 43
is_linear=0
shrinkage=0.3


Tree=34
num_leaves=13
num_cat=0
split_feature=13 0 0 10 18 6 18 4 18 6 22 12
split_gain=6.78408e-06 7.19143e-06 1.47028e-05 7.6685e-06 2.58622e-05 1.08818e-05 1.21717e-05 1.88633e-05 1.40835e-05 3.56654e-05 1.42181e-05 1.01331e-05
threshold=0.0060958121589182483 9.0778135336731953 8.9354164614586917 2.3075817592513128 0.20322003627460469 0.010263095583544522 0.63928203805774808 13102500.000000002 0.51309157043763931 0.0011249557667543074 0.46109300000000003 0.00030884097522883687
decision_type=2 2 2 2 2 2 2 2 2 2 2 2
left_child=-1 2 3 5 -5 6 8 11 10 -10 -2 -8
right_child=1 -3 -4 4 -6 -7 7 -9 9 -11 -12 -13
leaf_value=-0.00017265343009057688 -3.0050189728028852e-05 -0.00012697520051763907 0.00024647426306847076 0.00029283417236001695 -0.00014758201272343285 -0.00017049456011377249 0.0001234047078030236 0.00033035143656888976 -0.00045341055002998988 0.00010636290959155303 7.2308807065675899e-05 -0.00015416723868838744
leaf_weight=20 394 36 23 30 20 34 29 25 21 20 177 20
leaf_count=20 394 36 23 30 20 34 29 25 21 20 177 20
internal_value=5.98724e-13 4.16534e-06 1.01188e-05 3.05879e-06 0.000116668 -4.83072e-06 3.38003e-06 0.0001183 -1.05155e-05 -0.00018035 1.67931e-06 1.011e-05
internal_weight=849 829 793 770 50 720 686 74 612 41 571 49
internal_count=849 829 793 770 50 720 686 74 612 41 571 49
is_linear=0
shrinkage=0.3


Tree=35
num_leaves=22
num_cat=0
split_feature=10 15 25 0 15 15 29 7 6 20 7 1 24 14 11 14 13 6 7 12 27
split_gain=8.13132e-06 3.03667e-05 2.78916e-05 2.19743e-05 8.26428e-06 3.45603e-05 1.09594e-05 2.61701e-05 1.92138e-05 1.6829e-05 1.35714e-05 2.07867e-05 2.02384e-05 2.05704e-05 2.07245e-05 1.93588e-05 1.7145e-05 1.7099e-05 2.8696e-05 2.22146e-05 1.02445e-05
threshold=2.238766561161341 0.0011703214238535228 1.0000000180025095e-35 9.060013718129186 -0.0069889298944371186 -0.008602319184392776 3.5000000000000004 0.0011415046505269301 -0.0024154919505777988 0.29025000000000006 0.0011495170540772326 7.8606669002554241 0.41428550000000003 0.0089938337688094516 62.402024914814497 0.006700216508540551 0.0092084440718720306 0.0036144786274331436 -0.0011409585650521731 -0.00090982105779601494 0.88098350000000003
decision_type=2 2 2 2 2 2 2 2 2 2 2 2 2 2 2 2 2 2 2 2 2
left_child=3 -2 -3 4 5 -1 10 8 -8 -10 11 17 13 14 -12 -14 -15 19 -19 -6 -13
right_child=1 2 -4 -5 6 -7 7 -9 9 -11 12 20 15 16 -16 -17 -18 18 -20 -21 -22
leaf_value=-6.458572126068527e-05 -0.00040006692714606682 -0.00022614678164245561 0.00022180667090588969 0.00026987100126721737 9.0921102175057415e-05 0.00040566681868354365 0.00024421604834556508 -0.00029448141974101487 -0.00030611138762651533 4.469072191568557e-05 0.00013032248750002734 0.00029161554636195194 0.00044675938552245497 -0.00033503571821711373 -0.00016775606004207824 8.2415776393775431e-05 2.3555462144031479e-05 -6.4003240109995258e-05 -0.00049896669675945308 -0.00010301332040192144 2.3510434109617753e-05
leaf_weight=39 21 22 29 28 89 22 22 39 20 32 109 23 21 24 26 35 24 43 20 132 29
leaf_count=39 21 22 29 28 89 22 22 39 20 32 109 23 21 24 26 35 24 43 20 132 29
internal_value=1.72459e-13 -9.64478e-05 2.85718e-05 8.93725e-06 -8.17285e-07 0.000105014 -1.02005e-05 -9.56119e-05 9.19768e-06 -9.02332e-05 6.58465e-06 -3.22866e-05 6.12321e-05 1.29397e-05 7.29148e-05 0.000219045 -0.00015574 -6.42157e-05 -0.000202087 -2.4913e-05 0.000142095
internal_weight=849 72 51 777 749 61 688 113 74 52 575 336 239 183 135 56 48 284 63 221 52
internal_count=849 72 51 777 749 61 688 113 74 52 575 336 239 183 135 56 48 284 63 221 52
is_linear=0
shrinkage=0.3


Tree=36
num_leaves=18
num_cat=0
split_feature=20 18 19 12 19 14 16 0 1 17 17 14 21 17 6 21 22
split_gain=7.25684e-06 1.8858e-05 1.53394e-05 2.2082e-05 1.41751e-05 3.36514e-05 1.46466e-05 1.44704e-05 1.62701e-05 1.42116e-05 1.67933e-05 2.46652e-05 1.42567e-05 1.71437e-05 1.65977e-05 1.27597e-05 6.65189e-06
threshold=0.63206450000000014 0.35837598957304562 0.66128050000000005 0.00024488550904871472 0.41413700000000003 0.0079590354567116908 0.0061689984591627904 9.0778135336731953 8.8998181180389047 0.0034681773750515981 0.0030801070459580181 0.0068571908133370279 0.39953300000000008 0.0042462997731939007 -0.0011129591218787865 0.11816100000000002 0.027307500000000002
decision_type=2 2 2 2 2 2 2 2 2 2 2 2 2 2 2 2 2
left_child=4 2 -2 16 6 -6 7 8 9 10 15 -12 14 -14 -11 -1 -4
right_child=1 -3 3 -5 5 -7 -8 -9 -10 12 11 -13 13 -15 -16 -17 -18
leaf_value=-0.0001186287189072614 0.00017025481882488488 0.00025234713688925177 -0.00030389757248748046 0.00010274431501434614 4.713990529126022e-05 -0.00042603054592404987 0.00018001535584182034 -0.00025667787038920713 0.00023356134665664284 0.00018442369641888945 4.0539460522787906e-05 -0.00038956398119418216 -2.1824158036245287e-05 0.00031613630719740674 -0.00012450471868457195 1.1791887708537176e-05 -7.9759066416458643e-05
leaf_weight=88 35 35 26 39 31 24 38 21 25 24 21 28 22 35 45 290 22
leaf_count=88 35 35 26 39 31 24 38 21 25 24 21 28 22 35 45 290 22
internal_value=-8.48835e-13 5.82297e-05 2.54025e-06 -6.49311e-05 -1.32111e-05 -0.000159334 -5.94451e-07 -1.20522e-05 -3.16438e-06 -1.38663e-05 -3.9991e-05 -0.000205234 7.46674e-05 0.000185695 -1.70514e-05 -1.85706e-05 -0.000201167
internal_weight=849 157 122 87 692 55 637 599 578 553 427 49 126 57 69 378 48
internal_count=849 157 122 87 692 55 637 599 578 553 427 49 126 57 69 378 48
is_linear=0
shrinkage=0.3


Tree=37
num_leaves=29
num_cat=0
split_feature=13 20 19 12 9 9 26 15 8 15 16 26 27 17 29 4 21 9 14 14 27 15 22 14 6 18 6 26
split_gain=8.8414e-06 2.92308e-05 1.56278e-05 1.64353e-05 9.76882e-06 2.14106e-05 2.18903e-05 2.09796e-05 1.85644e-05 1.74813e-05 3.06307e-05 1.91693e-05 1.84482e-05 1.79735e-05 2.35346e-05 1.78265e-05 1.70666e-05 1.60159e-05 1.75611e-05 2.89709e-05 1.51424e-05 1.4864e-05 1.72985e-05 1.30583e-05 3.39238e-05 2.25968e-05 9.95522e-06 7.77222e-06
threshold=0.0068365127931330648 0.054299500000000007 0.21047000000000002 0.00044923630379013253 0.011911055076348277 0.016130775264912366 0.34371850000000004 -0.0080506813230492597 0.036364848466429199 1.0000000180025095e-35 0.0036585622568493588 0.86729850000000008 0.68075600000000014 0.0023938318228422782 2.5000000000000004 11024950.000000002 0.052228000000000004 0.0090923778464121526 0.0085836823846231706 0.0068768412577749046 0.85427800000000009 -0.0012337761298031858 0.27664550000000004 0.0083882226141350786 -0.0011455334377335287 0.20322003627460469 -0.0011364041662718675 0.65597450000000013
decision_type=2 2 2 2 2 2 2 2 2 2 2 2 2 2 2 2 2 2 2 2 2 2 2 2 2 2 2 2
left_child=1 -1 27 -4 17 6 -6 -7 20 12 11 15 -9 16 -15 -11 -14 23 19 -19 26 -20 -23 24 -2 -25 -8 -3
right_child=4 2 3 -5 5 7 8 9 -10 10 -12 -13 13 14 -16 -17 -18 18 21 -21 -22 22 -24 25 -26 -27 -28 -29
leaf_value=-0.00037952666670721752 0.00011510100594023242 0.00021504527708673086 2.9794251127491909e-05 -0.00032407170092483287 9.654639604074571e-05 -0.00026903275746008147 -0.00036061984161357902 -0.0001584501412799 -0.00043432880790987837 -0.00011727774058817886 0.00023507989320705746 -0.00036323811327747534 0.00029662619885389828 0.00013415661418808407 0.00051167912783769325 0.00016699940768173999 -1.2777433381843902e-05 6.5704753625836656e-05 0.00023532055643458573 0.00048194657453374623 4.7316614551494816e-05 0.00011313737940508871 -0.00024343541090274812 -0.00013724681509550215 -0.00036501133120812786 0.00027586482493251635 -0.00010794766615542055 -2.8050664332113227e-05
leaf_weight=23 26 29 27 21 36 20 23 20 20 75 32 20 21 42 23 27 68 34 22 27 33 25 24 22 27 26 36 20
leaf_count=23 26 29 27 21 36 20 23 20 20 75 32 20 21 42 23 27 68 34 22 27 33 25 24 22 27 26 36 20
internal_value=-5.97438e-13 -7.54573e-05 -3.35836e-06 -0.000125022 1.2421e-05 -1.13812e-05 -0.000106958 2.92666e-05 -0.000172371 4.74556e-05 -2.61627e-05 -9.46853e-05 0.000112612 0.000147815 0.000267742 -4.20279e-05 6.02279e-05 6.30898e-05 0.000131891 0.000249943 -0.000115423 3.04653e-05 -6.15105e-05 -2.6828e-05 -0.000129485 8.6522e-05 -0.000206447 0.000115822
internal_weight=849 120 97 48 729 496 148 348 112 328 154 122 174 154 65 102 89 233 132 61 92 71 49 101 53 48 59 49
internal_count=849 120 97 48 729 496 148 348 112 328 154 122 174 154 65 102 89 233 132 61 92 71 49 101 53 48 59 49
is_linear=0
shrinkage=0.3


Tree=38
num_leaves=21
num_cat=0
split_feature=17 14 7 26 11 10 8 9 27 4 4 24 18 4 14 17 11 20 18 22
split_gain=8.20195e-06 2.29078e-05 7.74207e-06 1.19281e-05 2.10812e-05 1.5976e-05 1.20252e-05 2.2246e-05 1.78717e-05 1.74955e-05 2.45701e-05 1.51778e-05 1.31819e-05 2.18543e-05 4.11288e-05 1.60126e-05 1.46003e-05 1.29416e-05 1.07306e-05 1.45412e-05
threshold=0.005841175703354534 0.012931862161112055 -0.010798110725851342 0.27669450000000007 61.102692398493069 1.2652318493210994 -0.0012543966198606822 0.011148206428116229 0.87577350000000009 11328750.000000002 8811800.0000000019 0.22500000000000003 -0.58833999888847821 5480950.0000000009 0.0074258381481717116 0.0011806229108747397 57.375926624142487 0.29929000000000006 -0.25750580848893018 0.037391500000000001
decision_type=2 2 2 2 2 2 2 2 2 2 2 2 2 2 2 2 2 2 2 2
left_child=2 -2 -1 4 5 18 8 9 17 10 11 -8 15 14 -14 -9 -15 -5 -4 -20
right_child=1 -3 3 6 -6 -7 7 12 -10 -11 -12 -13 13 16 -16 -17 -18 -19 19 -21
leaf_value=-0.00015449671908264952 -0.00035963804461061952 9.4421770118060519e-05 -0.00027585041556449141 0.00019110106436115033 -0.00029113446566043417 0.00015592522408383047 0.00010927590322483282 -4.9094767694311612e-05 -0.00029716009712501548 0.00041026906959814365 -0.00017854415234730617 0.00040561089146649469 1.8812847204875046e-05 -5.3778607116328204e-05 -0.00044953889155294744 0.00029018897641376937 7.842074828158967e-05 -0.0001077987830967686 0.00017292719439865323 -0.00015992480039130896
leaf_weight=26 20 20 20 22 30 36 70 21 24 20 22 20 45 124 27 31 191 32 21 27
leaf_count=26 20 20 20 22 30 36 70 21 24 20 22 20 45 124 27 31 191 32 21 27
internal_value=3.75207e-14 -0.000132608 6.55664e-06 1.19045e-05 -6.95838e-05 -5.67499e-06 2.87295e-05 4.38225e-05 -8.17587e-05 0.00015181 0.000105657 0.000175128 1.13524e-05 -7.70325e-06 -0.000156819 0.000153171 2.63804e-05 1.39752e-05 -9.1228e-05 -1.43021e-05
internal_weight=849 40 809 783 134 104 649 571 78 132 112 90 439 387 72 52 315 54 68 48
internal_count=849 40 809 783 134 104 649 571 78 132 112 90 439 387 72 52 315 54 68 48
is_linear=0
shrinkage=0.3


Tree=39
num_leaves=27
num_cat=0
split_feature=0 26 18 7 13 27 26 12 20 9 10 11 17 13 17 21 14 14 12 7 7 6 16 9 10 16
split_gain=8.25965e-06 1.70691e-05 9.41019e-06 1.39983e-05 1.15909e-05 9.11138e-06 2.45616e-05 2.98453e-05 1.4424e-05 1.34526e-05 1.01901e-05 2.37593e-05 1.40527e-05 1.76216e-05 1.10796e-05 2.07269e-05 2.01377e-05 2.58366e-05 1.63736e-05 2.0322e-05 2.46528e-05 1.25398e-05 1.19311e-05 1.0515e-05 7.87851e-06 6.88839e-06
threshold=6.0824002054545243 0.83379850000000011 -0.19986435240153674 -0.0028673634732233459 0.0089789461252828412 0.72493450000000015 0.48089450000000006 6.0871244233024173e-05 0.16264900000000002 0.016731641876425233 2.238766561161341 59.571201192720984 0.0046003423213941954 0.0090795737120875093 0.0012202264611062589 0.32195400000000007 0.0092753565904205165 0.0072202093561757373 0.0009071135700962807 0.0022346869388874717 0.0011180464749848188 -0.001148922059173322 0.00114353713916178 0.018806233613911896 1.3653730686948882 0.0018692016934760856
decision_type=2 2 2 2 2 2 2 2 2 2 2 2 2 2 2 2 2 2 2 2 2 2 2 2 2 2
left_child=1 2 -1 -4 -5 6 8 -8 -2 -10 12 -12 14 -14 18 21 17 -17 19 20 -7 25 -21 -23 -20 -16
right_child=5 -3 3 4 -6 10 7 -9 9 -11 11 -13 13 -15 15 16 -18 -19 24 22 -22 23 -24 -25 -26 -27
leaf_value=-0.00010571038768310765 0.00016378719321892275 0.00031765026963382427 -0.00012835765286581591 0.00033871696650749071 4.8117563828782295e-05 5.4292910978391478e-05 -1.7031222246259858e-05 0.00048932684783887289 -7.1587308376855128e-06 -0.00030498182875037726 0.00010506287713464449 -0.00029646383609360782 0.00026481161675131744 -4.792578754037799e-05 -1.2893040729977655e-05 -0.00014409305900810478 2.1984103518808561e-05 -0.00052952084356547855 -0.00027232889083477304 8.1902527822421678e-05 0.0003890808746291441 7.1326009726628099e-06 -0.00020856195456872228 0.0002530213553836802 -2.4018728372934476e-05 -0.00025889991926045952
leaf_weight=35 24 21 20 21 30 113 20 22 39 21 21 36 34 31 20 49 31 23 23 20 24 72 35 20 23 21
leaf_count=35 24 21 20 21 30 113 20 22 39 21 21 36 34 31 20 49 31 23 23 20 24 72 35 20 23 21
internal_value=8.5928e-14 7.05529e-05 2.15997e-05 8.43582e-05 0.000167776 -1.24103e-05 6.08861e-05 0.000248204 -3.27728e-05 -0.000111397 -2.79058e-05 -0.000148533 -1.51493e-05 0.00011566 -3.30873e-05 -7.91475e-05 -0.000180175 -0.000267216 1.25858e-05 5.11012e-05 0.000112942 -9.08156e-07 -0.000102939 6.05867e-05 -0.000148174 -0.000138897
internal_weight=849 127 106 71 51 722 126 42 84 60 596 57 539 65 474 236 103 72 238 192 137 133 55 92 46 41
internal_count=849 127 106 71 51 722 126 42 84 60 596 57 539 65 474 236 103 72 238 192 137 133 55 92 46 41
is_linear=0
shrinkage=0.3


Tree=40
num_leaves=29
num_cat=0
split_feature=17 12 4 20 12 12 0 18 16 16 0 22 9 7 7 7 11 0 10 20 21 11 7 12 15 19 22 17
split_gain=5.79425e-06 1.81273e-05 1.63817e-05 1.73488e-05 7.17439e-06 2.76621e-05 1.76648e-05 1.14507e-05 1.18392e-05 2.4312e-05 1.31494e-05 1.47889e-05 1.26454e-05 1.0145e-05 1.72414e-05 1.34807e-05 1.20193e-05 1.10413e-05 1.4015e-05 1.62769e-05 2.65201e-05 1.41627e-05 1.40289e-05 9.11743e-06 7.94617e-06 7.40712e-06 1.1869e-05 5.29346e-06
threshold=0.004345615456986006 -0.00040490253888928395 14191750.000000002 0.31543950000000004 0.0003478506616255745 0.00051021629177979745 6.1192215671893893 0.49201822189035577 0.0011117545413152406 0.0020481828191958162 7.636568139693316 0.37754000000000004 0.014189709573241388 0.0022883056846365666 0.0033259243732363763 0.0011180464749848188 51.918971105526545 8.833069106192255 -0.058985709748699537 0.24967100000000003 0.079504000000000005 53.435260250702093 -0.0011018322344886768 -0.00066869086862958308 -1.0000000180025095e-35 0.28287800000000002 0.38139000000000006 0.0011723661913126827
decision_type=2 2 2 2 2 2 2 2 2 2 2 2 2 2 2 2 2 2 2 2 2 2 2 2 2 2 2 2
left_child=4 -2 3 -3 13 -6 -7 8 10 -10 11 -8 -11 15 -15 17 -16 18 21 22 -21 23 -20 -1 -17 26 -18 -9
right_child=1 2 -4 -5 5 6 7 27 9 12 -12 -13 -14 14 16 24 25 -19 19 20 -22 -23 -24 -25 -26 -27 -28 -29
leaf_value=0.00011390181618760554 0.00011596069458834323 7.487095818096596e-05 -0.00036551316926696533 -0.0002350333968683242 0.00037066286789592018 0.00022541248961880972 -3.1083954354471642e-06 -0.0002418931503598287 0.0003017162423930131 -0.00013211993190010175 6.6268401808754004e-05 -0.00036793713916267735 0.00011427138951100794 -0.00033620499598328022 -0.00024129180150339377 2.1689732222346881e-05 -0.00022575530070753302 -0.00021165091640830763 3.7824713217560202e-05 0.00041801974474093071 4.6709423887867681e-05 -0.00028682313580065963 -0.00022667813822268865 -0.00013499926289013174 0.00026262185631691993 0.0001459392803048508 8.1646207448871934e-05 -3.2916954805841672e-05
leaf_weight=26 37 37 21 29 22 33 20 24 33 37 35 20 38 21 20 22 20 23 59 23 70 25 26 27 28 27 26 20
leaf_count=26 37 37 21 29 22 33 20 24 33 37 35 20 38 21 20 22 20 23 59 23 70 25 26 27 28 27 26 20
internal_value=4.14555e-13 -5.99272e-05 -0.00013473 -6.12991e-05 1.02496e-05 4.7654e-05 2.03224e-05 -9.49242e-06 2.35464e-05 8.71344e-05 -6.80202e-05 -0.000185523 -7.28166e-06 -1.35608e-05 -9.0685e-05 1.31631e-05 -3.52449e-05 -1.25446e-05 5.34386e-06 5.18098e-05 0.000138539 -0.000100694 -4.3082e-05 -1.28968e-05 0.000156612 2.12062e-05 -5.20066e-05 -0.000146904
internal_weight=849 124 87 66 725 282 260 227 183 108 75 40 75 443 114 329 93 279 256 178 93 78 85 53 50 73 46 44
internal_count=849 124 87 66 725 282 260 227 183 108 75 40 75 443 114 329 93 279 256 178 93 78 85 53 50 73 46 44
is_linear=0
shrinkage=0.3


Tree=41
num_leaves=28
num_cat=0
split_feature=11 1 5 6 1 1 18 19 20 5 26 22 26 22 5 8 4 14 14 27 9 8 12 4 17 15 14
split_gain=4.9413e-06 2.22389e-05 1.87093e-05 3.02543e-05 2.38039e-05 2.15485e-05 1.56196e-05 1.40457e-05 2.75976e-05 1.10946e-05 1.29046e-05 1.67689e-05 1.19108e-05 1.10389e-05 1.08865e-05 1.37096e-05 1.0404e-05 1.09612e-05 1.58001e-05 9.74836e-06 1.29386e-05 1.68026e-05 8.6409e-06 7.24105e-06 7.13557e-06 6.90999e-06 6.29733e-06
threshold=56.790856722280139 7.8606669002554241 0.0019724137410749229 -0.0037488855610727082 9.0333138973364413 7.0122381085915029 -0.21314739043757439 0.41413700000000003 0.37085650000000009 0.0033407072820538894 0.87028450000000013 0.91078350000000008 0.74683500000000003 0.10895800000000001 0.004914427406184421 0.020615995829009377 11105000.000000002 0.0081088862663067866 0.0066667132907443786 0.77557850000000006 0.020871571695978114 0.045151332460584705 -0.00087413824317156893 6401350.0000000009 0.0034207763104267719 0.0069364188271804966 0.0068493627909822609
decision_type=2 2 2 2 2 2 2 2 2 2 2 2 2 2 2 2 2 2 2 2 2 2 2 2 2 2 2
left_child=1 9 3 -2 5 -5 13 8 24 10 12 -12 16 -4 23 25 17 18 -1 -7 21 -21 -19 -11 -8 -16 -14
right_child=2 -3 6 4 -6 19 7 -9 -10 14 11 -13 26 -15 15 -17 -18 22 -20 20 -22 -23 -24 -25 -26 -27 -28
leaf_value=9.0424092773860182e-05 0.00023262962746704703 0.00032944734994998725 0.00033258799267059657 -0.00029533180865352432 -0.00044141512051282911 -0.00016952487672199367 -0.00013731918098689193 -0.00016409142736895438 0.00035209531857357688 -7.1690962300635877e-05 0.00038662463089167431 3.4283722315223947e-05 -0.00023232256431526821 5.5318832944197178e-05 0.00023265369189695253 -0.00016284329762533564 -0.00012817400714993708 0.00030719050395735229 -0.00011410531561440704 8.9596386677922877e-05 0.00021096340708481875 -0.00023646299603569788 8.5006262559545576e-05 -0.00030493395492869793 8.1950674641782163e-05 -1.3738676425418817e-05 -2.7633685667458319e-05
leaf_weight=89 23 20 24 36 20 32 34 38 21 25 20 31 24 28 21 27 30 23 55 33 24 25 50 23 22 20 31
leaf_count=89 23 20 24 36 20 32 34 38 21 25 20 31 24 28 21 27 30 23 55 33 24 25 50 23 22 20 31
internal_value=3.83964e-13 1.96374e-05 -2.66742e-05 -9.02919e-05 -0.000133981 -9.29901e-05 4.68481e-05 -1.4847e-05 5.8806e-05 6.42592e-06 3.28763e-05 0.000172457 9.30477e-06 0.000183289 -7.40653e-05 3.14978e-06 3.74187e-05 6.03117e-05 1.23052e-05 -2.90927e-05 2.57101e-05 -5.09465e-05 0.00015501 -0.000183453 -5.11775e-05 0.000112462 -0.000116952
internal_weight=849 489 360 193 170 150 167 115 77 469 353 51 302 52 116 68 247 217 144 114 82 58 73 48 56 41 55
internal_count=849 489 360 193 170 150 167 115 77 469 353 51 302 52 116 68 247 217 144 114 82 58 73 48 56 41 55
is_linear=0
shrinkage=0.3


Tree=42
num_leaves=23
num_cat=0
split_feature=3 3 14 14 14 6 7 17 26 26 26 21 17 6 21 12 27 16 29 27 14 20
split_gain=7.81943e-06 2.14295e-05 4.44142e-06 1.69954e-05 1.13183e-05 1.13942e-05 1.01638e-05 1.58051e-05 1.01533e-05 9.38059e-06 2.26183e-05 9.05314e-06 8.4647e-06 1.13839e-05 8.62986e-06 8.30538e-06 7.59696e-06 1.32371e-05 1.05512e-05 9.15734e-06 1.17153e-05 6.04691e-06
threshold=9.1223120689392108 8.9799151420593279 0.0087281550891723288 0.0083116826281379851 0.0092753565904205165 -0.0044818956404323951 1.0000000180025095e-35 0.0040120364025957519 0.89270850000000013 0.76893250000000013 0.6625295000000001 0.26957000000000003 0.0022471889644660259 0.0012062894973951586 0.32195400000000007 -0.00031625161045668041 0.80607100000000009 0.0011540948939150893 1.5000000000000002 0.86347200000000013 0.0054764263673822379 0.38930700000000007
decision_type=2 2 2 2 2 2 2 2 2 2 2 2 2 2 2 2 2 2 2 2 2 2
left_child=1 2 3 6 11 15 7 12 9 10 -7 -4 13 -1 -14 -6 17 18 -8 21 -21 -18
right_child=-2 -3 4 -5 5 8 16 -9 -10 -11 -12 -13 14 -15 -16 -17 19 -19 -20 20 -22 -23
leaf_value=-4.994572362336744e-07 0.00014095949599363046 -0.00031258256893124776 -1.2400769974192371e-05 0.00022706264084759327 -9.2853569304165618e-06 7.4596428340018811e-05 3.0295336011931794e-05 -0.00028689493109206 -0.00014617383396678353 0.0002074443675519433 -0.00024973645413410849 -0.00028087228025609734 0.0002026301955733548 -0.00017730469972768195 -2.0819771962123922e-05 -0.00026423358326808184 9.4495074724293846e-05 0.00011554069794608669 -0.0002407798653231501 -0.00013740661382325925 0.00010826384380630646 0.00030113602694848394
leaf_weight=114 34 20 20 33 23 122 24 21 26 30 23 26 28 46 35 23 26 39 28 25 58 25
leaf_count=114 34 20 20 33 23 122 24 21 26 30 23 26 28 46 35 23 26 39 28 25 58 25
internal_value=3.97111e-13 -5.88052e-06 1.83526e-06 1.89662e-05 -2.75153e-05 -2.07003e-06 4.324e-06 -3.80852e-05 2.87544e-05 5.47438e-05 2.31505e-05 -0.000164146 -1.46547e-05 -5.1331e-05 7.84913e-05 -0.000136759 5.03144e-05 -1.65787e-05 -0.000115668 9.57419e-05 3.42667e-05 0.00019579
internal_weight=849 815 795 502 293 247 469 244 201 175 145 46 223 160 63 46 225 91 52 134 83 51
internal_count=849 815 795 502 293 247 469 244 201 175 145 46 223 160 63 46 225 91 52 134 83 51
is_linear=0
shrinkage=0.3


Tree=43
num_leaves=20
num_cat=0
split_feature=14 14 13 18 1 17 26 1 10 10 10 27 7 7 18 9 9 21 6
split_gain=5.26237e-06 1.00727e-05 7.89026e-06 7.11428e-06 1.70286e-05 1.94033e-05 1.96702e-05 1.33772e-05 1.03059e-05 2.36634e-05 1.28201e-05 1.31742e-05 1.25504e-05 1.00484e-05 1.00355e-05 9.0862e-06 9.93575e-06 7.48655e-06 8.02039e-06
threshold=0.0040020459149793094 0.0044321829149464335 0.0079942371510055687 -0.036133363824616828 9.1223121638934508 0.004345615456986006 0.45804850000000003 9.0600135339906007 1.2481207277691035 1.1249543623581579 1.4891206944398461 0.81713150000000012 -0.004714130235395084 -0.0024154919505777988 -0.004832653096841345 0.031275071044153523 0.019148700953361363 0.36123450000000007 0.0011306770840013153
decision_type=2 2 2 2 2 2 2 2 2 2 2 2 2 2 2 2 2 2 2
left_child=2 -2 -1 7 5 14 -7 8 9 12 11 -10 -3 -14 -5 16 -16 18 -12
right_child=1 3 -4 4 -6 6 -8 -9 10 -11 17 -13 13 -15 15 -17 -18 -19 -20
leaf_value=-1.5724378566314304e-05 -0.00019743633965845221 0.00014731725333266723 0.00021868978183192664 0.00024144582403096138 0.00029660088926902972 5.6159393447160257e-05 -0.00029438421245632686 -0.00026959903469105486 0.00035935608873842283 -0.00037031572312116627 6.4702672612578933e-05 2.9679155204576091e-05 -0.00026038164998681167 -3.160543803503282e-05 3.2634126660359677e-05 0.00021328655617997521 -0.00014440925137932935 9.0787727276619987e-05 -0.00016742261300473849
leaf_weight=28 24 31 24 21 20 25 34 20 20 20 21 24 20 127 263 22 32 36 37
leaf_count=28 24 31 24 21 20 25 34 20 20 20 21 24 20 127 263 22 32 36 37
internal_value=4.83752e-13 -6.03296e-06 9.24668e-05 -9.0297e-08 2.65019e-05 1.28949e-05 -0.000145849 -3.1239e-05 -1.70509e-05 -6.09142e-05 4.58833e-05 0.000179532 -2.61499e-05 -6.27315e-05 4.06046e-05 2.72996e-05 1.34294e-05 -1.66758e-05 -8.33773e-05
internal_weight=849 797 52 773 417 397 59 356 336 198 138 44 178 147 338 317 295 94 58
internal_count=849 797 52 773 417 397 59 356 336 198 138 44 178 147 338 317 295 94 58
is_linear=0
shrinkage=0.3


Tree=44
num_leaves=19
num_cat=0
split_feature=26 4 6 5 9 26 1 3 16 4 5 3 11 14 16 14 14 2
split_gain=3.95677e-06 4.06292e-06 1.16735e-05 9.96787e-06 1.79486e-05 8.46309e-06 1.29725e-05 8.01945e-06 1.34918e-05 1.28863e-05 1.23652e-05 1.86991e-05 9.56325e-06 6.62092e-06 1.2064e-05 1.97627e-05 9.3182e-06 8.3605e-06
threshold=0.94382700000000008 4062400.0000000005 0.0036144786274331436 -0.0011294111739649738 0.012378001935134062 0.89270850000000013 6.9131760640045297 6.9607574939727792 0.0056273777835896509 5218500.0000000009 0.0075974725882551287 9.068913936614992 61.517894932945474 0.011187036589981178 0.0012098917121200761 0.0060575328980753294 0.013807851418505185 6.8273476665415815
decision_type=2 2 2 2 2 2 2 2 2 2 2 2 2 2 2 2 2 2
left_child=1 2 3 -1 -5 7 -7 12 9 -9 11 -11 13 14 15 -3 -15 -16
right_child=-2 5 -4 4 -6 6 -8 8 -10 10 -12 -13 -14 16 17 -17 -18 -19
leaf_value=-0.00017756321961184896 0.00012860076614223153 -0.00010187458839417169 0.0002464890958435717 -0.00011763988608995882 0.00022291199865776435 -0.00031678258786996591 -1.5439375541366947e-05 -0.00017844624171869469 -0.000221911525750329 7.1750886862107291e-06 0.00018025644300326927 -0.00028622876145943465 0.00022353482649044092 -0.0001834253391280072 -5.3721160645012046e-05 0.00024294680013274323 5.9505280256012659e-05 0.00014532778130842415
leaf_weight=21 21 21 22 26 30 20 36 38 30 283 33 21 23 30 91 52 27 24
leaf_count=21 21 21 22 26 30 20 36 38 30 283 33 21 23 30 91 52 27 24
internal_value=-2.53566e-13 -3.26161e-06 5.37642e-05 -1.30006e-06 6.47986e-05 -1.10059e-05 -0.000123062 -1.68173e-06 -2.83212e-05 -1.2834e-05 5.84038e-06 -1.30929e-05 3.85757e-05 2.12122e-05 4.83676e-05 0.000143752 -6.83529e-05 -1.21805e-05
internal_weight=849 828 99 77 56 729 56 673 405 375 337 304 268 245 188 73 57 115
internal_count=849 828 99 77 56 729 56 673 405 375 337 304 268 245 188 73 57 115
is_linear=0
shrinkage=0.3


Tree=45
num_leaves=20
num_cat=0
split_feature=3 3 20 20 8 4 4 10 11 8 11 22 19 4 21 12 9 12 6
split_gain=6.43818e-06 6.57899e-06 4.29647e-06 6.39913e-06 8.18091e-06 1.06833e-05 1.03642e-05 5.41215e-06 9.11238e-06 1.21636e-05 9.72616e-06 7.8744e-06 9.53949e-06 7.63707e-06 7.29622e-06 5.15466e-06 4.83403e-06 4.5977e-06 4.53609e-06
threshold=9.1223120689392108 8.9799151420593279 0.054696000000000002 0.047497500000000005 0.018705446227742523 5657150.0000000009 5328550.0000000009 0.016580484728151958 49.796716318119373 0.012163498489102779 53.799433275360165 0.46325850000000007 0.070725500000000011 4782350.0000000009 0.22607200000000002 0.00063450492057789585 0.016321218677070037 0.00051021629177979745 -1.0000000180025095e-35
decision_type=2 2 2 2 2 2 2 2 2 2 2 2 2 2 2 2 2 2 2
left_child=1 2 3 4 6 -6 -1 11 -9 17 15 12 -4 -12 -14 -11 -7 -10 -16
right_child=-2 -3 7 -5 5 16 -8 8 9 10 13 -13 14 -15 18 -17 -18 -19 -20
leaf_value=0.00027086463097865425 0.00012790520610424745 -0.00017527393825730541 -0.00026266339243395323 0.00018266136353122417 -0.00023495633554375671 0.00012605192637040643 2.8117713875818642e-06 0.00016558770886180793 -4.3484874477144328e-05 4.8816142467937114e-05 9.2408817168877148e-05 4.8371366126677731e-05 -0.00020502405834122326 -2.5850277993639289e-05 -7.5852891257874514e-05 0.00024699188922698209 -5.3111426925831689e-05 -0.00023326194483767415 0.00010704539411602562
leaf_weight=21 34 20 27 25 20 23 34 29 20 27 58 39 20 322 26 21 33 27 23
leaf_count=21 34 20 27 25 20 23 34 29 20 27 58 39 20 322 26 21 33 27 23
internal_value=8.04405e-13 -5.33592e-06 -1.06075e-06 4.35749e-05 1.70317e-05 -4.67449e-05 0.000105159 -1.19577e-05 2.33147e-06 -7.63575e-06 8.27287e-06 -6.5304e-05 -0.000111485 -7.80021e-06 -5.23277e-05 0.000135518 2.04735e-05 -0.000152506 9.99732e-06
internal_weight=849 815 795 156 131 76 55 639 504 475 428 135 96 380 69 48 56 47 49
internal_count=849 815 795 156 131 76 55 639 504 475 428 135 96 380 69 48 56 47 49
is_linear=0
shrinkage=0.3


Tree=46
num_leaves=16
num_cat=0
split_feature=18 5 18 9 16 2 18 5 23 22 26 11 8 10 5
split_gain=3.55186e-06 1.93233e-05 9.29138e-06 1.53005e-05 8.04841e-06 7.90023e-06 1.79798e-05 7.71949e-06 7.70629e-06 7.31519e-06 7.2609e-06 1.08564e-05 5.75495e-06 5.93491e-06 4.16138e-06
threshold=0.63542260109669479 0.0023067856171711935 0.45939216927527665 0.012629608660066412 0.0018535679905946636 8.8864672680645871 -0.036133363824616828 -0.0011596462198494612 0.41428550000000003 0.93176300000000001 0.86729850000000008 57.054041390536703 -0.012412590481336137 2.2308207798125372 -0.0036015386092515095
decision_type=2 2 2 2 2 2 2 2 2 2 2 2 2 2 2
left_child=2 7 5 -4 -3 9 -7 -2 -5 10 12 -12 -1 14 -14
right_child=1 4 3 8 -6 6 -8 -9 -10 -11 11 -13 13 -15 -16
leaf_value=0.00011863669067017987 7.0980678521498862e-05 -0.00021453257013490654 -0.00028824412252611686 0.00013599473509430028 4.3148171789653135e-05 -2.6024388247488755e-05 0.00033881572468089869 0.00029198585590347643 -0.00012130675596298798 0.00013635060908962906 -1.3408251106739044e-05 -0.00029351910617151587 4.058001728545995e-05 0.00010183206955284381 -3.3083982316031687e-05
leaf_weight=33 33 24 27 20 20 31 20 25 22 31 33 20 84 39 387
leaf_count=33 33 24 27 20 20 31 20 25 22 31 33 20 84 39 387
internal_value=4.00113e-14 5.25117e-05 -7.17027e-06 -0.00011205 -9.7405e-05 3.50333e-06 0.00011705 0.000166242 1.21776e-06 -5.73254e-06 -1.31228e-05 -0.00011911 -2.77775e-06 -1.0634e-05 -1.99465e-05
internal_weight=849 102 747 69 44 678 51 58 42 627 596 53 543 510 471
internal_count=849 102 747 69 44 678 51 58 42 627 596 53 543 510 471
is_linear=0
shrinkage=0.3


Tree=47
num_leaves=25
num_cat=0
split_feature=18 22 22 29 27 10 6 29 10 15 27 6 18 22 21 18 3 10 7 16 13 6 21 27
split_gain=3.38851e-06 3.82326e-06 8.98867e-06 7.73255e-06 1.58709e-05 7.77805e-06 7.87107e-06 1.31039e-05 2.09968e-05 1.15562e-05 1.0837e-05 8.94863e-06 8.55358e-06 1.18114e-05 1.70003e-05 8.59701e-06 6.81582e-06 9.05807e-06 6.64474e-06 6.18695e-06 9.56376e-06 5.28327e-06 5.22785e-06 4.55382e-06
threshold=-1.20792984639928 0.45343600000000006 0.47199750000000007 4.5000000000000009 0.83851650000000011 -1.0226963578389272 -0.0010817720512875833 1.5000000000000002 1.7189262088187893 -0.0021563377098499795 0.83528400000000014 -0.004621581397856166 -0.55659805603363099 0.23659400000000003 0.075694500000000012 0.15768815500623704 6.7943544387817392 -0.52754152076371053 0.0031169505559637024 0.0018993350533396973 0.0089645661136081075 0.0011111109803152491 0.13498000000000002 0.89087150000000015
decision_type=2 2 2 2 2 2 2 2 2 2 2 2 2 2 2 2 2 2 2 2 2 2 2 2
left_child=-1 3 -3 5 -5 -2 7 9 10 -7 -9 -11 -8 14 -14 -15 22 -18 19 20 -19 -21 -4 -20
right_child=1 2 16 4 -6 6 12 8 -10 11 -12 -13 13 15 -16 -17 17 18 23 21 -22 -23 -24 -25
leaf_value=-0.00012202091706967621 -0.0001210994351276895 -0.00021558639231703376 -0.00016768320909840121 4.438440204278871e-05 -0.00030299684929559586 0.00019179006154445235 0.00014735170638102447 -4.7731191134129831e-06 0.0004248050128808245 -0.00021317839336916223 0.0002195190228865778 2.4662204388213079e-05 0.00013475179503075196 2.0023881661472844e-06 -9.3822428297458531e-05 0.00019427076016048279 0.00019516016909619792 -1.9864416717609856e-05 1.5377427980243026e-06 -6.9931771999108606e-05 -0.00027595052914486064 0.00012322104925907787 9.9024725859635513e-06 0.00019727095495909451
leaf_weight=20 30 21 37 29 20 20 35 47 21 24 33 35 36 50 157 36 23 35 23 25 21 26 25 20
leaf_count=20 30 21 37 29 20 20 35 47 21 24 33 35 36 50 157 36 23 35 23 25 21 26 25 20
internal_value=-3.29009e-13 2.94381e-06 -2.75364e-05 1.65615e-05 -9.74039e-05 2.72186e-05 3.62257e-05 8.62411e-05 0.000157829 -5.28232e-06 8.77474e-05 -7.20865e-05 7.55452e-06 -9.98276e-06 -5.11868e-05 8.24868e-05 -1.0732e-05 1.98538e-05 -7.0265e-06 -4.70539e-05 -0.000115897 2.85383e-05 -9.60761e-05 9.25764e-05
internal_weight=849 829 256 573 49 524 494 180 101 79 80 59 314 279 193 86 235 173 150 107 56 51 62 43
internal_count=849 829 256 573 49 524 494 180 101 79 80 59 314 279 193 86 235 173 150 107 56 51 62 43
is_linear=0
shrinkage=0.3


Tree=48
num_leaves=21
num_cat=0
split_feature=0 0 0 18 1 4 15 8 7 8 11 14 21 5 21 14 14 7 18 9
split_gain=3.62032e-06 6.28173e-06 3.5727e-06 8.90536e-06 6.52544e-06 4.95439e-06 1.29407e-05 1.14893e-05 1.38148e-05 6.53892e-06 8.61817e-06 8.47199e-06 8.4478e-06 8.29323e-06 8.17727e-06 5.01396e-06 4.91693e-06 4.49577e-06 7.60053e-06 3.63994e-06
threshold=9.0778135336731953 8.9354164614586917 6.1087963608419091 0.54460462120334785 6.1859560971493197 5537550.0000000009 -0.0023391822687925594 0.0069285735668322629 -0.0011575833268073416 0.028310576953301452 58.067109455120089 0.0071985725854742518 0.75973200000000018 0.0011561954667366244 0.44080350000000007 0.0087500947349657843 0.01082377726473994 -0.0024154919505777988 -0.2822504056443777 0.016631896680872761
decision_type=2 2 2 2 2 2 2 2 2 2 2 2 2 2 2 2 2 2 2 2
left_child=1 2 3 16 -4 6 -6 -8 -9 13 11 -11 -12 14 -7 -15 17 -1 -19 -20
right_child=-2 -3 4 -5 5 9 7 8 -10 10 12 -13 -14 15 -16 -17 -18 18 19 -21
leaf_value=-0.00010536385126375964 -9.3096834158738303e-05 0.00015867097036275285 -0.00017840733060438651 0.00022850771776575127 -0.00012331366543575687 -6.5744050826310743e-05 0.00025094884048924322 0.00018710712072788737 -4.7965646366979592e-05 0.00025227226178685668 6.2133348597234684e-06 5.0960565903761357e-06 -0.00018640229941608951 -0.00022628266888204961 9.1677092915804591e-05 -6.5636616576133147e-05 0.00013673847624095682 -0.00011638636445111063 0.00019278783064302323 1.3959662082925205e-05
leaf_weight=34 36 23 20 20 34 96 29 35 63 24 188 26 23 34 43 36 23 21 21 20
leaf_count=34 36 23 20 20 34 96 29 35 63 24 188 26 23 34 43 36 23 21 21 20
internal_value=3.84527e-13 4.12237e-06 -3.77147e-07 4.32834e-05 -9.69944e-06 -4.35213e-06 4.10669e-05 8.50743e-05 3.59889e-05 -1.99105e-05 1.17544e-05 0.000123741 -1.47827e-05 -5.94538e-05 -1.70454e-05 -0.000143665 1.21533e-05 -1.76953e-05 3.0381e-05 0.000105555
internal_weight=849 813 790 139 651 631 161 127 98 470 261 50 211 209 139 70 119 96 62 41
internal_count=849 813 790 139 651 631 161 127 98 470 261 50 211 209 139 70 119 96 62 41
is_linear=0
shrinkage=0.3


Tree=49
num_leaves=21
num_cat=0
split_feature=10 3 3 17 12 13 6 29 20 14 5 26 11 6 10 24 29 16 2 12
split_gain=3.30191e-06 5.30755e-06 7.25313e-06 3.04848e-06 7.82582e-06 9.62887e-06 7.53511e-06 9.503e-06 1.34189e-05 1.88324e-05 1.31821e-05 7.83107e-06 1.06641e-05 6.26214e-06 1.41814e-05 5.92685e-06 5.76356e-06 5.54715e-06 3.25326e-06 2.45423e-06
threshold=2.6781912912697767 9.1223120689392108 8.9799151420593279 0.0011299693164731207 -0.0024022221487192889 0.0091950578215008478 -0.0034822544469437357 1.5000000000000002 0.29025000000000006 0.006004236029993633 0.0036787405994230583 0.90638450000000004 61.102692398493069 0.0011066752269045463 1.268099395492998 0.41428550000000003 2.5000000000000004 0.0022359379201162626 6.983401634656432 -7.2644275216814715e-05
decision_type=2 2 2 2 2 2 2 2 2 2 2 2 2 2 2 2 2 2 2 2
left_child=1 2 3 4 -1 13 16 11 10 -10 -9 12 -8 15 -15 -6 18 -7 19 -5
right_child=-2 -3 -4 6 5 17 7 8 9 -11 -12 -13 -14 14 -16 -17 -18 -19 -20 -21
leaf_value=-0.00014619305043684757 -0.00011747774468468768 0.0001290540414629504 -0.00017998392686422449 -9.5092638221103696e-05 -8.1907187763135877e-05 0.00025018071104972883 4.2997187457720945e-05 6.836906623662157e-05 2.2312108920687024e-05 -0.00020642636627401416 -0.00019217669612110264 0.00018573132380197421 -0.00015840177733480231 0.00019048612764806399 -6.104860176971048e-05 8.6760781821794807e-05 0.00017044231053366658 6.5540916523332271e-05 0.0001031618709093891 4.2294698637719689e-05
leaf_weight=21 21 29 20 25 75 27 112 85 50 92 22 24 30 43 38 25 31 32 25 22
leaf_count=21 21 29 20 25 75 27 112 85 50 92 22 24 30 43 38 25 31 32 25 22
internal_value=-1.12924e-13 2.97951e-06 -1.59641e-06 2.9835e-06 2.94221e-05 4.47884e-05 -1.03379e-05 -2.83637e-05 -6.54303e-05 -0.000125885 1.47989e-05 2.7236e-05 4.4811e-07 1.04809e-05 7.24822e-05 -3.97402e-05 6.22905e-05 0.000150037 1.57252e-05 -3.07837e-05
internal_weight=849 828 799 779 261 240 518 415 249 142 107 166 142 181 81 100 103 59 72 47
internal_count=849 828 799 779 261 240 518 415 249 142 107 166 142 181 81 100 103 59 72 47
is_linear=0
shrinkage=0.3


Tree=50
num_leaves=28
num_cat=0
split_feature=19 11 11 19 24 5 14 27 8 22 0 5 5 7 9 6 26 13 10 26 18 27 15 20 6 13 15
split_gain=3.73612e-06 8.0769e-06 1.34753e-05 6.17468e-06 5.84408e-06 1.14219e-05 9.54537e-06 1.6299e-05 8.49447e-06 9.04663e-06 7.37654e-06 6.2192e-06 1.15183e-05 1.13666e-05 8.03329e-06 1.78861e-05 1.10353e-05 5.89251e-06 5.06346e-06 9.00004e-06 7.59417e-06 8.13984e-06 3.7246e-06 3.12692e-06 5.30079e-06 5.21055e-06 2.45069e-06
threshold=-0.14346699999999998 62.116650145127934 60.485301721739972 -0.069724499999999981 0.26785700000000007 0.0023067856171711935 0.0074258381481717116 0.84405100000000011 0.089334365198390775 0.050917500000000004 8.9354164614586917 0.0033407072820538894 0.0044845126218445008 -1.0000000180025095e-35 0.012099080540715077 -0.001215878243088171 0.65376200000000007 0.0083886067690713741 -0.31374278579330933 0.69929150000000007 0.51309157043763931 0.93109450000000005 0.0036630347868662205 0.099895000000000012 -0.0011018322344886768 0.0091950578215008478 -1.0000000180025095e-35
decision_type=2 2 2 2 2 2 2 2 2 2 2 2 2 2 2 2 2 2 2 2 2 2 2 2 2 2 2
left_child=1 2 18 -2 8 6 17 -8 10 -10 11 14 -13 -14 15 -5 -16 -6 19 -1 21 23 -7 24 -20 -25 -3
right_child=3 26 -4 4 5 22 7 -9 9 -11 -12 12 13 -15 16 -17 -18 -19 20 -21 -22 -23 -24 25 -26 -27 -28
leaf_value=0.00016480414922572718 0.00012919700118520547 0.00016302637299564333 -0.00028608813011985032 -8.0746078856464018e-05 8.9138626668727733e-05 0.00017405392201908396 -7.8133569827927708e-06 -0.00035866577401555752 -0.00023335341181584886 3.8708873803856972e-05 0.00019970331271179021 -0.00023888309791800564 0.0001729088203354387 -9.2318860036109325e-05 9.785267847945133e-05 0.00023141621543645841 -6.8828042155170494e-05 -0.00010058478664552026 -0.00011450465866194766 -7.8270279566193201e-05 -0.00020750350625894497 0.00014414893968413316 9.9847348296448626e-06 -0.00019798727104177393 6.133973156465799e-05 -6.7810971517167708e-06 2.2694544168189167e-05
leaf_weight=29 39 21 20 24 26 20 22 26 22 22 25 20 26 33 71 53 72 34 27 26 25 21 33 29 36 23 24
leaf_count=29 39 21 20 24 26 20 22 26 22 22 25 20 26 33 71 53 72 34 27 26 25 21 33 29 36 23 24
internal_value=-2.08995e-13 -2.82943e-05 -5.05039e-05 1.39977e-05 5.50475e-06 -4.21671e-05 -9.81434e-05 -0.000197858 2.63612e-05 -9.73223e-05 4.31577e-05 3.00686e-05 -4.21336e-05 2.45611e-05 5.59958e-05 0.000134119 1.39295e-05 -1.83713e-05 -2.86905e-05 4.98962e-05 -5.5537e-05 -2.76019e-05 7.18976e-05 -5.89651e-05 -1.40221e-05 -0.000113415 8.81827e-05
internal_weight=849 281 236 568 529 161 108 48 368 44 324 299 79 59 220 77 143 60 216 55 161 136 53 115 63 52 45
internal_count=849 281 236 568 529 161 108 48 368 44 324 299 79 59 220 77 143 60 216 55 161 136 53 115 63 52 45
is_linear=0
shrinkage=0.3


Tree=51
num_leaves=22
num_cat=0
split_feature=0 8 0 8 11 17 18 6 0 7 5 0 0 4 22 27 18 18 25 8 10
split_gain=3.99502e-06 3.28998e-06 3.96487e-06 9.48175e-06 9.34032e-06 7.4552e-06 6.43174e-06 1.03103e-05 6.39492e-06 5.50625e-06 5.48545e-06 5.51991e-06 5.35827e-06 6.62081e-06 6.37727e-06 8.94342e-06 6.25624e-06 6.13244e-06 4.50627e-06 4.02267e-06 6.53695e-06
threshold=9.0778135336731953 -0.022897480294663243 6.84871840362774 0.044065378524980568 54.50850449759907 0.0011723661913126827 0.43567232771813785 -0.0011640814563283238 7.0501511094214093 0.0010198377623473695 -0.002490582581847933 6.0710873609385549 6.9209799291825727 4124150.0000000005 0.052173500000000005 0.87179000000000018 -0.74753913860691601 -0.22931843936402771 0.22500000000000003 0.012163498489102779 -0.70210280959550742
decision_type=2 2 2 2 2 2 2 2 2 2 2 2 2 2 2 2 2 2 2 2 2
left_child=1 -1 3 4 5 -3 12 -8 -9 -10 -6 -12 -4 16 17 -16 -14 -15 -5 20 -7
right_child=-2 2 6 18 10 19 7 8 9 -11 11 -13 13 14 15 -17 -18 -19 -20 -21 -22
leaf_value=-0.00010509183084650429 -9.7795969971533237e-05 0.00018808382876820608 -0.00013449869690399888 7.2424782201778727e-05 7.1891957359184732e-05 9.8148565070914617e-05 0.00020712913341412785 -0.00012854792698817618 0.00012479844426707131 -4.9573018752978114e-05 -3.2721234425518257e-05 -0.00021412450794461898 -3.640527426361349e-05 0.0001292059045657592 -9.8442490721466924e-05 2.4068324730304015e-05 0.00016872051838845437 -2.432606769184158e-05 0.00027381114632589741 9.6816076226483949e-05 -0.00012327217602887684
leaf_weight=24 36 33 36 20 20 20 30 24 39 28 36 26 23 38 155 82 32 61 20 36 30
leaf_count=24 36 33 36 20 20 20 30 24 39 28 36 26 23 38 155 82 32 61 20 36 30
internal_value=-1.35641e-13 4.33045e-06 7.65888e-06 3.97274e-05 1.3182e-05 6.68651e-05 -6.44425e-06 5.46101e-05 4.32906e-06 5.19268e-05 -6.47239e-05 -0.000108794 -2.37454e-05 -1.35481e-05 -2.93424e-05 -5.60548e-05 8.29406e-05 3.46054e-05 0.000173118 2.0351e-05 -3.47039e-05
internal_weight=849 813 789 241 201 119 548 121 91 67 82 62 427 391 336 237 55 99 40 86 50
internal_count=849 813 789 241 201 119 548 121 91 67 82 62 427 391 336 237 55 99 40 86 50
is_linear=0
shrinkage=0.3


Tree=52
num_leaves=31
num_cat=0
split_feature=14 4 9 14 27 17 22 0 1 6 26 13 22 27 19 26 19 18 9 6 5 26 4 12 9 27 26 19 19 17
split_gain=3.39173e-06 1.57698e-05 5.79245e-06 9.1295e-06 7.83312e-06 8.99579e-06 7.28611e-06 6.46405e-06 8.60742e-06 7.14106e-06 6.58914e-06 6.77035e-06 8.87013e-06 6.35322e-06 6.19314e-06 6.50764e-06 6.28593e-06 5.64478e-06 5.22172e-06 9.73926e-06 8.95171e-06 7.89145e-06 6.15647e-06 5.58889e-06 8.76088e-06 5.16762e-06 4.75516e-06 4.7024e-06 3.61119e-06 3.38936e-06
threshold=0.0062182354594350593 12912050.000000002 0.017725469819957779 0.0072903944248868527 0.86384500000000009 0.0037570274217908098 0.20200600000000005 8.0287391011861562 7.3186333971465887 -0.001215878243088171 0.40538800000000003 0.010037885948200887 0.48235300000000009 0.87179000000000018 -0.17906999999999998 0.76893250000000013 0.089270500000000017 -0.067242691677311048 0.01789018812949322 0.0011274267404021044 0.0034403381896603484 0.37539400000000006 3780550.0000000005 0.00030884097522883687 0.012186818370327672 0.8107080000000001 0.54912650000000007 -0.38187749999999993 0.081890000000000004 0.0012106814291444532
decision_type=2 2 2 2 2 2 2 2 2 2 2 2 2 2 2 2 2 2 2 2 2 2 2 2 2 2 2 2 2 2
left_child=1 18 7 -4 6 -6 17 8 9 10 -2 12 -12 -10 27 16 -16 -5 20 25 21 28 -23 24 -24 -20 -8 29 -1 -11
right_child=2 -3 3 4 5 -7 26 -9 13 14 11 -13 -14 -15 15 -17 -18 -19 19 -21 -22 22 23 -25 -26 -27 -28 -29 -30 -31
leaf_value=7.2765142763273614e-05 5.0323722011440129e-05 -0.00026529313628958806 0.00021671469581373715 0.00012195631101349135 -0.00019369648943211358 7.2645782555420224e-05 6.5456366100988817e-05 0.00011030321370176701 -0.00019106322792140416 0.00010414733787911246 -0.00031271439429078981 9.0850378490778472e-06 -4.3040444351000983e-05 -1.012247278947231e-05 0.00013562114437869847 0.00018774490836221956 -2.1524396240801295e-05 -8.6719165930000067e-05 -8.2210983891854979e-05 -0.00018448952673679741 -0.00016492562635903596 0.00015375254853487215 0.0001876887800028726 -0.00013506448978722768 -5.4499479022236232e-05 0.00012848913829657249 0.00026757301789075426 -0.00015917596580038664 0.00025304462433268783 -5.7896628074489013e-05
leaf_weight=20 33 23 28 20 25 21 20 39 40 21 23 26 21 31 36 34 63 28 20 36 20 21 20 29 41 22 22 20 20 26
leaf_count=20 33 23 28 20 25 21 20 39 40 21 23 26 21 31 36 34 63 28 20 36 20 21 20 29 41 22 22 20 20 26
internal_value=-1.55466e-13 -2.76173e-05 1.30189e-05 6.07188e-05 2.8602e-05 -7.21055e-05 8.00747e-05 -5.92245e-06 -1.80422e-05 3.98854e-06 -6.01882e-05 -0.000112287 -0.000184006 -0.000112061 3.70396e-05 7.45087e-05 3.56194e-05 2.28949e-07 -5.66333e-06 -6.99882e-05 2.36779e-05 4.86584e-05 7.48856e-06 -2.66397e-05 2.49065e-05 2.81557e-05 0.000171327 -3.73394e-05 0.000162905 1.4506e-05
internal_weight=849 272 577 164 136 46 90 413 374 303 103 70 44 71 200 133 99 48 249 78 171 151 111 90 61 42 42 67 40 47
internal_count=849 272 577 164 136 46 90 413 374 303 103 70 44 71 200 133 99 48 249 78 171 151 111 90 61 42 42 67 40 47
is_linear=0
shrinkage=0.3


Tree=53
num_leaves=28
num_cat=0
split_feature=27 4 13 6 13 13 27 4 6 22 15 21 19 22 4 6 29 7 13 12 21 29 16 9 26 13 16
split_gain=3.35408e-06 7.10921e-06 5.60913e-06 6.17107e-06 4.35227e-06 1.24447e-05 8.62772e-06 5.56486e-06 4.55325e-06 5.12535e-06 8.79368e-06 7.1287e-06 8.15086e-06 6.52014e-06 9.7978e-06 7.48129e-06 6.5255e-06 6.22524e-06 5.97934e-06 8.79816e-06 5.90537e-06 5.51424e-06 5.25563e-06 5.03368e-06 4.12314e-06 3.91915e-06 2.73426e-06
threshold=0.72493450000000015 11399750.000000002 0.0079942371510055687 0.0045950971706243829 0.006886883183628718 0.0066550903089130095 0.8460470000000001 6912050.0000000009 0.010263095583544522 0.038531500000000003 -0.0035825762227918345 0.18830950000000002 0.45792700000000003 0.22312500000000005 5399600.0000000009 0.0023336682055875965 2.5000000000000004 0.0022061772237904481 0.0086336354454080826 -0.00082289997295976623 0.17950850000000004 1.5000000000000002 0.0018535679905946636 0.017114158693529256 0.58524650000000011 0.0090530112187753951 0.001229983717108276
decision_type=2 2 2 2 2 2 2 2 2 2 2 2 2 2 2 2 2 2 2 2 2 2 2 2 2 2 2
left_child=1 2 -1 25 5 6 -2 -8 9 10 -6 -12 23 14 -11 17 18 -16 19 -15 22 -20 -18 -13 -22 -4 -27
right_child=4 -3 3 -5 8 -7 7 -9 -10 13 11 12 -14 16 15 -17 20 -19 21 -21 24 -23 -24 -25 -26 26 -28
leaf_value=0.00013047435499578971 -0.00013499093699920195 0.00017376365318215966 -0.00016630815879303237 0.00012092497902683265 0.00021845463519275653 -0.00025999082398535074 -5.9133129908721975e-05 0.00013841760645101947 -0.00010202621240485617 -0.00022027299108168366 -0.00010373947639891412 -5.9485065307503997e-05 0.00020668339423606923 0.000212879817445355 -2.810083096846938e-05 -0.00014662279574427625 4.4558245333194328e-05 0.00017776195281840045 1.0437358179677341e-05 -2.5459290132739229e-05 8.1595033673404879e-05 -0.00013093381543225597 0.00025006431042129407 0.0001151359866128132 -5.8594619692615068e-05 -9.042843748130297e-05 4.2490749001444784e-05
leaf_weight=27 32 29 23 21 25 23 21 33 36 29 30 39 26 20 39 28 21 20 44 46 41 57 24 24 35 26 30
leaf_count=27 32 29 23 21 25 23 21 33 36 29 30 39 26 20 39 28 21 20 44 46 41 57 24 24 35 26 30
internal_value=4.77324e-13 3.97428e-05 9.13959e-06 -2.36208e-05 -8.94643e-06 -6.39772e-05 -1.15549e-05 6.15923e-05 1.32473e-06 8.1142e-06 5.67104e-05 2.27305e-05 6.53608e-05 -9.20721e-06 -6.9259e-05 -1.89211e-05 1.49803e-05 4.16832e-05 -2.34582e-05 4.67647e-05 6.80318e-05 -6.93464e-05 0.000154161 7.03724e-06 1.7034e-05 -6.20444e-05 -1.92217e-05
internal_weight=849 156 127 100 693 109 86 54 584 548 144 119 89 404 116 87 288 59 167 66 121 101 45 63 76 79 56
internal_count=849 156 127 100 693 109 86 54 584 548 144 119 89 404 116 87 288 59 167 66 121 101 45 63 76 79 56
is_linear=0
shrinkage=0.3


Tree=54
num_leaves=29
num_cat=0
split_feature=5 5 3 7 1 5 6 12 14 6 14 8 15 18 12 9 18 18 20 26 5 7 14 26 6 18 15 21
split_gain=3.93671e-06 1.10611e-05 1.05457e-05 7.17664e-06 6.89461e-06 6.03044e-06 4.92574e-06 3.82719e-06 7.18932e-06 7.32499e-06 7.58403e-06 5.70038e-06 5.11557e-06 4.80637e-06 4.38887e-06 3.94936e-06 6.92711e-06 6.70655e-06 4.98685e-06 3.83123e-06 3.82311e-06 5.90067e-06 3.82738e-06 3.88391e-06 3.62564e-06 3.13965e-06 2.71863e-06 1.32039e-06
threshold=0.00232284841993248 0.0032370088097230568 9.0867128372192401 -0.0076047011979939365 8.8597671986083189 0.0022234087968666283 -0.0067266984401611321 -0.00010749919233301351 0.0087500947349657843 0.0011274267404021044 0.0078005097517575518 0.022778417220127998 -0.0024155143005657282 0.070306492209707958 -0.00034263946267768024 0.017114158693529256 0.21594718975543478 -0.30007020715876903 0.31279050000000003 0.7324520000000001 0.004914427406184421 -0.001148922059173322 0.0082256929043271216 0.54912650000000007 0.0020932338640631183 -0.10230960160175298 -0.0022818615679766835 0.39220450000000001
decision_type=2 2 2 2 2 2 2 2 2 2 2 2 2 2 2 2 2 2 2 2 2 2 2 2 2 2 2 2
left_child=2 -2 5 -3 6 7 -5 14 9 10 19 27 -11 -14 15 16 17 -1 25 -9 22 -22 23 -8 -23 -17 -18 -10
right_child=1 3 -4 4 -6 -7 20 8 11 12 -12 -13 13 -15 -16 18 26 -19 -20 -21 21 24 -24 -25 -26 -27 -28 -29
leaf_value=2.7869036784977652e-06 0.00020838421879878816 -0.00015019011954554235 -0.00022268311658990569 -0.00012600878888571803 0.00018135998315815609 -0.00015322430518835973 0.00011666969865992931 0.0001132743956412397 -2.4840987007337388e-05 -0.0001383196328606573 0.00027903501906166638 -0.00013152026272459456 -3.4496674960302279e-05 0.00012677319291156137 -0.00011929042739211582 -0.00010435973708395481 9.8408497425594987e-05 -0.00016850575532316724 0.00012828380231180096 -3.411116434687177e-05 0.00016157399796481645 -3.827980855594828e-05 -0.00012653602721002244 -5.6793953295106384e-05 0.00010760000781295315 4.1950598642870318e-05 -3.6810779673270067e-05 8.4170400891707677e-05
leaf_weight=36 28 23 21 22 23 24 21 57 20 20 20 39 39 29 38 22 32 48 35 22 35 46 24 26 23 33 23 20
leaf_count=36 28 23 21 22 23 24 21 57 20 20 20 39 39 29 38 22 32 48 35 22 35 46 24 26 23 33 23 20
internal_value=-4.55973e-13 2.98341e-05 -1.3988e-05 9.26045e-06 2.59303e-05 -6.11975e-06 7.78366e-06 5.04093e-07 2.59731e-05 5.80297e-05 0.000114009 -4.99076e-05 -4.94705e-06 3.42802e-05 -2.48696e-05 -9.20146e-06 -4.0903e-05 -9.50946e-05 3.97599e-05 7.22303e-05 2.46033e-05 6.12406e-05 -2.90626e-05 2.07111e-05 1.03468e-05 -1.65735e-05 4.18623e-05 2.96647e-05
internal_weight=849 271 578 243 220 557 197 533 266 187 99 79 88 68 267 229 139 84 90 79 175 104 71 47 69 55 55 40
internal_count=849 271 578 243 220 557 197 533 266 187 99 79 88 68 267 229 139 84 90 79 175 104 71 47 69 55 55 40
is_linear=0
shrinkage=0.3


Tree=55
num_leaves=26
num_cat=0
split_feature=15 27 1 8 14 8 20 21 24 22 20 20 19 12 6 9 13 18 21 6 19 14 13 12 14
split_gain=2.39865e-06 6.94611e-06 4.15913e-06 3.55962e-06 4.94032e-06 4.03543e-06 4.24025e-06 9.27272e-06 3.21518e-06 2.82621e-06 2.73095e-06 6.03566e-06 5.95947e-06 4.43816e-06 4.27707e-06 7.29589e-06 8.69324e-06 5.41894e-06 6.79695e-06 4.94151e-06 4.0796e-06 3.8199e-06 2.80227e-06 3.62023e-06 1.59363e-06
threshold=0.0023462198958119928 0.67095700000000014 9.1045129325491825 0.020615995829009377 0.010321132237281217 0.027833124583923941 0.49119250000000003 0.10479400000000001 0.18333350000000004 0.13699500000000003 0.32499100000000009 0.29025000000000006 -0.057396999999999997 0.0018635432523934866 -0.002248317252439869 0.017725469819957779 0.008197579090372829 0.17602448898533171 0.16082250000000001 0.005963679344553669 0.38066100000000008 0.0046003423213941703 0.010537706127617905 0.0009071135700962807 0.010297475643697944
decision_type=2 2 2 2 2 2 2 2 2 2 2 2 2 2 2 2 2 2 2 2 2 2 2 2 2
left_child=2 -2 10 4 8 -5 9 -8 -3 -7 11 13 -12 21 20 17 -17 19 -19 -16 -14 -1 23 -23 -11
right_child=1 3 -4 5 -6 6 7 -9 -10 24 12 -13 14 -15 15 16 -18 18 -20 -21 -22 22 -24 -25 -26
leaf_value=-0.00011548028811115987 0.000168822104953708 4.9576873079786312e-05 -0.00012506571608052278 -0.00013166037483642866 -5.2167105406459254e-05 0.00013471739039232488 4.0250487079667374e-05 -0.00022175719027472951 0.00021095520311973813 -4.5570458269139635e-05 0.00017081067094945217 -0.00016222009147056198 0.00014277115087144707 0.00010449745715024821 -7.075347021834834e-05 1.2143956570071168e-05 -0.00023562135807319115 0.00023213218824821524 1.04940881018675e-05 8.3995707441667582e-05 -2.0821697673118644e-05 -3.0197332039004311e-06 6.6524437725830289e-05 -0.00010786570339307119 6.7592772003471118e-05
leaf_weight=35 27 25 27 24 22 24 31 20 20 24 21 26 34 27 65 25 26 20 33 26 23 149 37 37 21
leaf_count=35 27 25 27 24 22 24 31 20 20 24 21 26 34 27 65 25 26 20 33 26 23 149 37 37 21
internal_value=3.98908e-14 2.55496e-05 -9.9522e-06 7.2161e-06 6.4341e-05 -1.93629e-05 3.09663e-06 -6.24976e-05 0.000121301 5.15793e-05 -4.63017e-06 -2.3851e-05 1.72661e-05 -1.12279e-05 4.47073e-06 -1.666e-05 -0.000114168 1.7874e-05 9.41311e-05 -2.65394e-05 7.676e-05 -2.33387e-05 -8.87698e-06 -2.38762e-05 7.23905e-06
internal_weight=849 238 611 211 67 144 120 51 45 69 584 311 273 285 252 195 51 144 53 91 57 258 223 186 45
internal_count=849 238 611 211 67 144 120 51 45 69 584 311 273 285 252 195 51 144 53 91 57 258 223 186 45
is_linear=0
shrinkage=0.3


Tree=56
num_leaves=16
num_cat=0
split_feature=3 3 19 19 14 14 29 13 15 16 14 18 19 14 20
split_gain=3.47896e-06 6.09864e-06 2.48193e-06 9.44911e-06 4.96716e-06 3.82719e-06 9.73895e-06 2.92556e-06 3.27128e-06 2.81583e-06 3.11893e-06 7.89593e-06 2.62771e-06 3.92196e-06 1.34083e-06
threshold=9.1223120689392108 8.9799151420593279 0.45792700000000003 0.41413700000000003 0.0046756252589354704 0.0086526197161846501 1.5000000000000002 0.0092761692284416917 -1.0000000180025095e-35 0.0066815615451308241 0.0044493840791335823 0.13562073039585451 0.33269850000000006 0.0045871577314063215 0.83537700000000015
decision_type=2 2 2 2 2 2 2 2 2 2 2 2 2 2 2
left_child=1 2 3 9 -4 6 14 8 -7 10 11 -1 13 -12 -6
right_child=-2 -3 4 -5 5 7 -8 -9 -10 -11 12 -13 -14 -15 -16
leaf_value=0.00014906230490721232 9.4022402535141316e-05 -0.00016753904363213225 -9.1706438945948307e-05 -0.00021151029468455818 5.7223030803883869e-05 -2.314915486749669e-05 0.00022579667412401248 -6.9677305174113346e-05 0.00013898362233573738 9.8782747841141813e-05 -0.00014503310688139339 -8.029619128303072e-05 8.1522170483367518e-05 -1.2550921984376671e-05 -5.0103520552511332e-05
leaf_weight=35 34 20 25 20 22 24 32 29 21 24 21 22 25 475 20
leaf_count=35 34 20 25 20 22 24 32 29 21 24 21 22 25 475 20
internal_value=-2.66541e-13 -3.92241e-06 1.93735e-07 -8.64644e-06 3.19775e-05 5.287e-05 0.000101113 4.62749e-06 5.25128e-05 -1.90677e-06 -6.08765e-06 6.0538e-05 -1.33768e-05 -1.816e-05 6.11515e-06
internal_weight=849 815 795 622 173 148 74 74 45 602 578 57 521 496 42
internal_count=849 815 795 622 173 148 74 74 45 602 578 57 521 496 42
is_linear=0
shrinkage=0.3


Tree=57
num_leaves=19
num_cat=0
split_feature=6 10 12 10 14 10 21 9 26 18 8 16 18 23 26 5 1 23
split_gain=2.72382e-06 2.81476e-06 9.03585e-06 7.92332e-06 5.35361e-06 4.53914e-06 2.52265e-06 6.23705e-06 5.63976e-06 6.2253e-06 5.77926e-06 5.63559e-06 5.39332e-06 6.20732e-06 4.91995e-06 4.52209e-06 4.33413e-06 1.93496e-06
threshold=-0.0098496908512177364 2.0477969355376486 0.0016174013212185625 1.9619751213854222 0.01148102065124716 1.8542177446980728 0.32195400000000007 0.0075640520929054983 0.46088250000000003 -0.38532912214384046 0.023989899913409957 0.0010934668992518251 0.26622575704798374 0.41428550000000003 0.6625295000000001 0.001161375995286289 6.8648335496709612 0.36666650000000006
decision_type=2 2 2 2 2 2 2 2 2 2 2 2 2 2 2 2 2 2
left_child=-1 3 -3 5 17 6 7 -2 9 10 -8 14 13 -10 -9 -13 -11 -4
right_child=1 2 4 -5 -6 -7 8 11 12 16 -12 15 -14 -15 -16 -17 -18 -19
leaf_value=8.3194831190399674e-05 0.0001607637270895933 -0.00022047093165879645 -1.0328443977414281e-05 0.00017251089662408958 -0.00010351236447479158 -0.00012340750377512043 -0.0001977408812071308 0.00017747335427379261 -0.00016889317599634525 0.0001035076997292587 8.7042919543679232e-06 -4.6563896142478489e-05 -0.00020136626623570917 3.8547942558825764e-05 2.7019422186224121e-05 4.2677372478369517e-05 1.8016794325376393e-06 0.00011278611437875143
leaf_weight=34 26 22 20 24 29 27 23 27 20 54 26 156 25 37 71 76 125 27
leaf_count=34 26 22 20 24 29 27 23 27 20 54 26 156 25 37 71 76 125 27
internal_value=1.33873e-14 -3.4707e-06 -5.11588e-05 3.04733e-06 -2.1474e-06 -2.82153e-06 2.06709e-06 1.92964e-05 -1.77189e-05 6.54779e-06 -8.81985e-05 8.15052e-06 -8.5192e-05 -3.42384e-05 6.8471e-05 -1.73297e-05 3.24839e-05 6.03969e-05
internal_weight=849 815 98 717 76 693 666 356 310 228 49 330 82 57 98 232 179 47
internal_count=849 815 98 717 76 693 666 356 310 228 49 330 82 57 98 232 179 47
is_linear=0
shrinkage=0.3


Tree=58
num_leaves=15
num_cat=0
split_feature=3 3 4 16 18 13 1 3 6 15 15 29 15 12
split_gain=2.49506e-06 2.73278e-06 2.12506e-06 4.16848e-06 3.24131e-06 2.32016e-06 6.57235e-06 7.32465e-06 5.25335e-06 3.55276e-06 6.49002e-06 4.93746e-06 4.31094e-06 2.80375e-06
threshold=9.1223120689392108 8.9443168640136737 17104250.000000004 0.0012515950606243683 1.0120237424701575 0.010537706127617905 7.0068098575206426 7.009864568710328 -0.0011640814563283238 -0.0046538783777267199 -0.0058038146494814999 2.5000000000000004 -0.003736075671624929 -0.00095325655959476287
decision_type=2 2 2 2 2 2 2 2 2 2 2 2 2 2
left_child=1 2 4 -4 5 9 8 -8 -7 10 11 -1 -11 -14
right_child=-2 -3 3 -5 -6 6 7 -9 -10 12 -12 -13 13 -15
leaf_value=-8.1169787578498168e-05 7.9624540033846101e-05 -9.9018373724063096e-05 0.00016504849507327889 -2.0396700250557842e-05 -0.00012309194768022279 7.4896595677793288e-05 0.00025400213437803488 1.776732678990811e-05 -0.00012684343364176479 0.00012886189531301448 -0.00018904380376625341 9.2376968997996288e-05 -4.2610723726033401e-05 8.6629429553234867e-06
leaf_weight=36 34 26 20 24 20 21 21 27 26 23 26 25 127 393
leaf_count=36 34 26 20 24 20 21 21 27 26 23 26 25 127 393
internal_value=-1.17051e-13 -3.32176e-06 -1.68259e-07 6.38966e-05 -3.95195e-06 -6.65334e-07 4.30385e-05 0.00012112 -3.67043e-05 -7.2556e-06 -6.35382e-05 -1.00441e-05 1.76206e-06 -3.85966e-06
internal_weight=849 815 789 44 745 725 95 48 47 630 87 61 543 520
internal_count=849 815 789 44 745 725 95 48 47 630 87 61 543 520
is_linear=0
shrinkage=0.3


Tree=59
num_leaves=10
num_cat=0
split_feature=27 27 6 14 3 9 3 12 13
split_gain=2.11986e-06 2.21063e-06 2.94938e-06 2.56937e-06 4.34694e-06 3.75053e-06 2.03159e-06 2.0624e-06 1.77344e-06
threshold=0.55282700000000007 0.63267350000000011 0.015017487699936464 0.015644552201062586 9.068913936614992 0.018741081125121642 8.8953676223754901 0.0025878584660514446 0.010037885948200887
decision_type=2 2 2 2 2 2 2 2 2
left_child=-1 -2 3 4 6 -5 7 8 -3
right_child=1 2 -4 5 -6 -7 -8 -9 -10
leaf_value=-8.6062532333016864e-05 7.5309978713751949e-05 -1.3329409234392544e-05 -0.00011444389278040035 3.9863895959310215e-06 -0.00012302076124447362 0.0001643545113568377 9.6159169479506084e-05 6.698660057928033e-05 2.5478356094228932e-05
leaf_weight=25 36 493 20 35 26 21 20 38 135
leaf_count=25 36 493 20 35 26 21 20 38 135
internal_value=2.16166e-13 2.61112e-06 -7.10147e-07 2.25167e-06 -2.61473e-06 6.41244e-05 1.94877e-06 -8.80375e-07 -4.98698e-06
internal_weight=849 824 788 768 712 56 686 666 628
internal_count=849 824 788 768 712 56 686 666 628
is_linear=0
shrinkage=0.3


Tree=60
num_leaves=24
num_cat=0
split_feature=14 14 13 4 22 22 10 7 8 12 17 7 4 27 22 2 11 2 14 14 18 12 27
split_gain=2.29868e-06 3.44022e-06 2.365e-06 2.28587e-06 5.1832e-06 1.15411e-05 4.94839e-06 5.35624e-06 4.91783e-06 4.46949e-06 5.24113e-06 7.14721e-06 6.97583e-06 3.37671e-06 3.34591e-06 3.16887e-06 6.19745e-06 5.43341e-06 4.55731e-06 4.23292e-06 3.63966e-06 2.86416e-06 2.53603e-06
threshold=0.0040020459149793094 0.0044321829149464335 0.0073982581449354079 6871750.0000000009 0.26444450000000003 0.19725200000000001 1.8076503365588883 0.0011111109803152491 0.066627149514567038 -0.0022347187130131135 0.0054884492738688177 -0.0021868769672515353 12023200.000000002 0.90256000000000014 0.034759500000000006 7.2852529059855451 57.457849542019865 7.7399975250864559 0.0081585282382078839 0.0087281550891723288 -0.47442910461501375 -3.7036919141119602e-05 0.80340000000000011
decision_type=2 2 2 2 2 2 2 2 2 2 2 2 2 2 2 2 2 2 2 2 2 2 2
left_child=2 -2 -1 8 5 6 7 22 15 -6 11 12 -11 -13 -8 16 18 -17 20 -20 -3 -9 -5
right_child=1 3 -4 4 9 -7 14 21 -10 10 -12 13 -14 -15 -16 17 -18 -19 19 -21 -22 -23 -24
leaf_value=-1.0727604564200865e-05 -0.00011584585554373917 -0.00012661033846437503 0.00011809017581009389 2.9777496438327942e-05 9.7217379455881959e-05 0.00024686342384998365 -0.00015297181886126055 -8.04454487772619e-05 -0.00014461028580486666 -0.00020849589728358893 -0.00017675649412142645 -1.1572364973644875e-05 1.5527867035623123e-05 9.7605315032352159e-05 2.5332781578154854e-06 0.00015805191603431013 -0.00017009081958428357 -5.1735210745391663e-05 0.00015279730218651364 7.060759439105233e-06 -1.4060589728615014e-05 4.6545248253757811e-05 0.00013821162148153896
leaf_weight=23 24 34 29 30 26 23 20 31 26 29 21 82 22 37 33 25 23 20 24 71 108 33 55
leaf_count=23 24 34 29 30 26 23 20 31 26 29 21 82 22 37 33 25 23 20 24 71 108 33 55
internal_value=2.54289e-13 -3.9873e-06 6.11131e-05 -5.14333e-07 1.36032e-05 4.55074e-05 2.25807e-05 5.05849e-05 -1.93662e-05 -1.94771e-05 -3.53623e-05 -1.78959e-05 -0.000111858 2.23736e-05 -5.61479e-05 -8.68964e-06 -2.14113e-05 6.48132e-05 -6.98247e-06 4.38784e-05 -4.10091e-05 -1.49659e-05 9.99408e-05
internal_weight=849 797 52 773 442 225 202 149 331 217 191 170 51 119 53 305 260 45 237 95 142 64 85
internal_count=849 797 52 773 442 225 202 149 331 217 191 170 51 119 53 305 260 45 237 95 142 64 85
is_linear=0
shrinkage=0.3


Tree=61
num_leaves=20
num_cat=0
split_feature=3 18 1 18 4 9 10 18 5 18 15 7 26 27 22 2 22 13 11
split_gain=2.59474e-06 2.56567e-06 4.67676e-06 3.39396e-06 3.34821e-06 3.35221e-06 3.04419e-06 3.25897e-06 4.68189e-06 4.47999e-06 3.80268e-06 4.03373e-06 3.63249e-06 3.69662e-06 3.53955e-06 3.35776e-06 2.84108e-06 2.77615e-06 2.1845e-06
threshold=9.1223120689392108 0.11707705889152929 8.8686677685251336 0.14710005960644215 4874700.0000000009 0.0076559634544359698 -1.4810983628183374 -0.036133363824616828 -0.0018818060454498318 -0.22931843936402771 -0.0022509296463656633 -0.0034903429689170356 0.19017550000000003 0.93109450000000005 0.50243000000000004 6.9013459717945311 0.26101050000000009 0.0064383379754572321 51.263121137899063
decision_type=2 2 2 2 2 2 2 2 2 2 2 2 2 2 2 2 2 2 2
left_child=1 6 3 -3 -5 -6 -1 9 -9 12 -11 -12 -8 14 -14 -13 -10 -7 -19
right_child=-2 2 -4 4 5 17 7 8 16 10 11 15 13 -15 -16 -17 -18 18 -20
leaf_value=-0.00010353254918300082 8.1199506717787107e-05 -0.00012522734297975977 -0.00016026817829697392 -0.00011831141103109322 0.00011043706506370654 9.0232125580769199e-05 -6.1577788641738445e-05 0.00016198954291109745 6.9287607262098885e-05 5.2997884519684772e-05 -0.00018529910187720341 6.2832655730744589e-05 4.7500964303574568e-05 0.00014862437755255086 -4.9918006676984248e-05 -8.7716018333594542e-05 -7.400662241707324e-05 -8.1693339654101196e-05 -3.7798845024025328e-06
leaf_weight=20 34 23 21 22 24 24 37 31 33 26 23 20 153 25 43 40 20 39 191
leaf_count=20 34 23 21 22 24 24 37 31 33 26 23 20 153 25 43 40 20 39 191
internal_value=-8.7334e-14 -3.38746e-06 -2.30833e-05 -1.41641e-05 -5.6493e-06 3.26641e-06 1.09976e-05 1.60765e-05 6.93814e-05 3.87597e-06 -4.71186e-05 -7.84803e-05 2.54202e-05 3.99854e-05 2.61284e-05 -3.75331e-05 1.52143e-05 -6.85995e-06 -1.69913e-05
internal_weight=849 815 344 323 300 278 471 451 84 367 109 83 258 221 196 60 53 254 230
internal_count=849 815 344 323 300 278 471 451 84 367 109 83 258 221 196 60 53 254 230
is_linear=0
shrinkage=0.3


Tree=62
num_leaves=25
num_cat=0
split_feature=4 13 22 20 21 1 3 7 11 11 4 8 10 27 19 7 12 27 9 12 1 0 26 12
split_gain=1.97008e-06 1.61838e-06 5.43024e-06 5.82838e-06 5.8549e-06 2.71003e-06 7.95144e-06 2.03403e-06 4.04836e-06 4.88021e-06 4.3967e-06 3.80513e-06 6.14504e-06 4.96031e-06 3.54199e-06 3.87475e-06 3.30826e-06 3.19504e-06 2.82641e-06 3.95661e-06 2.12945e-06 1.62755e-06 2.75628e-06 2.98785e-06
threshold=2895300.0000000005 0.0068235009852714848 0.47199750000000007 0.62642850000000017 0.51880350000000008 8.9888155477519884 9.5874929428100604 -0.0011204318406573554 59.753955575018956 57.527026043772189 9691050.0000000019 -0.0012543966198606822 1.0552518085616367 0.8063435000000001 0.10637800000000001 -0.0024346601957966276 -0.0013800899293464066 0.93109450000000005 0.028075335681021548 0.0018635432523934866 7.0302169574403202 8.6239227369547482 0.54276800000000014 0.00086288518157928533
decision_type=2 2 2 2 2 2 2 2 2 2 2 2 2 2 2 2 2 2 2 2 2 2 2 2
left_child=-1 2 3 4 -2 7 -7 11 9 10 17 13 14 -3 15 -13 -16 -9 19 -14 -12 22 -10 -24
right_child=1 5 -4 -5 -6 6 -8 8 21 -11 20 12 18 -15 16 -17 -18 -19 -20 -21 -22 -23 23 -25
leaf_value=8.4728819697943439e-05 -0.0002047908323140077 3.9832128626585471e-05 8.5870283255644596e-05 5.478104424622395e-05 -1.5673827776761474e-05 0.00019124421050946693 -6.4879572316840485e-05 -1.3312521746691777e-05 -8.26378425125241e-06 -0.0001331284985658735 -4.5444695032464159e-05 -1.8485465723362998e-05 -2.6076516587636433e-05 -0.00014732399252422439 6.1431095184616416e-05 0.00013102816067410791 0.00022663749141429434 0.00010333226089187519 -0.00011682951764669268 0.00012546738722448935 -0.00017182058976946533 -3.0785038971511569e-05 0.00017197930376278237 2.3787798363628097e-05
leaf_weight=24 34 25 25 23 26 24 20 177 38 39 28 39 69 26 20 26 24 24 20 20 21 28 25 24
leaf_count=24 34 25 25 23 26 24 20 177 38 39 28 39 69 26 20 26 24 24 20 20 21 28 25 24
internal_value=-1.06044e-13 -2.46484e-06 -3.67008e-05 -7.36198e-05 -0.00012284 2.69204e-06 7.48243e-05 -2.02389e-06 -1.54818e-05 -3.44257e-05 -1.90281e-05 1.8188e-05 3.54459e-05 -5.55808e-05 8.5814e-05 4.132e-05 0.000151544 6.15213e-07 -1.49222e-05 7.97829e-06 -9.96058e-05 3.21251e-05 5.2372e-05 9.93957e-05
internal_weight=849 825 108 83 60 717 44 673 404 289 250 269 218 51 109 65 44 201 109 89 49 115 87 49
internal_count=849 825 108 83 60 717 44 673 404 289 250 269 218 51 109 65 44 201 109 89 49 115 87 49
is_linear=0
shrinkage=0.3


Tree=63
num_leaves=30
num_cat=0
split_feature=5 10 6 21 6 8 26 10 8 6 19 19 2 16 4 11 7 22 16 22 4 6 8 14 9 27 6 4 20
split_gain=1.73298e-06 6.36805e-06 4.33396e-06 3.99055e-06 6.21805e-06 5.01782e-06 4.17682e-06 3.55804e-06 4.83189e-06 5.23443e-06 4.16895e-06 7.47006e-06 3.45621e-06 3.34055e-06 4.16791e-06 4.38556e-06 3.32915e-06 8.20791e-06 4.90881e-06 4.8943e-06 5.49961e-06 3.64076e-06 3.22811e-06 2.41387e-06 2.19654e-06 2.19623e-06 1.81087e-06 2.16605e-06 1.62519e-06
threshold=-0.0011129591218787865 2.0477969355376486 -0.0048900407631054894 0.5852075000000001 -0.001215878243088171 0.024973068338908454 0.19017550000000003 -0.59378784599309775 0.002235931868849021 0.0011274267404021044 0.21047000000000002 0.13900700000000002 7.2518722024980304 0.0022804450450913285 9109150.0000000019 56.210813590026426 -0.0010010405258837317 0.04367950000000001 0.0018535679905946636 0.041579500000000005 8969000.0000000019 0.0033352313322388073 -0.0033708856163282559 0.0082914237889376262 0.014689474509975911 0.8085340000000002 0.001009640219970462 10176400.000000002 0.29929000000000006
decision_type=2 2 2 2 2 2 2 2 2 2 2 2 2 2 2 2 2 2 2 2 2 2 2 2 2 2 2 2 2
left_child=1 2 -1 4 5 -4 -5 -2 9 -9 11 13 22 26 15 -15 17 -12 -19 21 -21 24 -6 -14 -18 -24 28 -28 -10
right_child=7 -3 3 6 12 -7 -8 8 10 -11 16 -13 23 14 -16 -17 19 18 -20 20 -22 -23 25 -25 -26 -27 27 -29 -30
leaf_value=0.00010197059065831126 -7.7865186616882538e-05 -0.00017708979446199788 -4.6609245255240237e-05 -1.1604966740349248e-05 4.8501273272449905e-05 -0.00023523825404316251 0.00016424145171185954 0.00022587163191928995 -8.2595524515052036e-06 8.8235722796525792e-06 -0.00011248071182308194 0.00020963357562322926 0.00010989698658381859 -1.0275715304751721e-05 4.9743764624066457e-05 -0.00018783559519631253 2.7790925141744079e-05 5.417983034435151e-06 0.00020582504271673808 -0.00019200643423183855 -1.362713821159949e-05 0.00011135097023725392 1.4220318540726016e-06 -2.3783192409609908e-05 -0.00010957832059003439 -9.9986093444290176e-05 0.00012429082003758855 8.0899681217322883e-06 8.5320707322629764e-05
leaf_weight=30 38 21 30 31 30 22 20 20 61 20 24 20 31 31 37 21 20 22 22 35 28 20 29 20 22 57 42 22 23
leaf_count=30 38 21 30 31 30 22 20 20 61 20 24 20 31 31 37 21 20 22 22 35 28 20 29 20 22 57 42 22 23
internal_value=4.56113e-13 -1.73832e-05 -6.20371e-06 -1.82231e-05 -3.58233e-05 -0.000126414 5.73544e-05 1.05682e-05 1.74263e-05 0.000117348 8.54438e-06 3.35674e-05 -7.61549e-06 1.87095e-05 -2.72199e-05 -8.19826e-05 -2.47765e-05 2.86443e-05 0.000105622 -5.38374e-05 -0.000112727 6.00185e-06 -3.62322e-05 5.74734e-05 -4.41644e-05 -6.57903e-05 4.63293e-05 8.43468e-05 1.73636e-05
internal_weight=849 321 300 270 219 52 51 528 490 40 450 257 167 237 89 52 193 68 44 125 63 62 116 51 42 86 148 64 84
internal_count=849 321 300 270 219 52 51 528 490 40 450 257 167 237 89 52 193 68 44 125 63 62 116 51 42 86 148 64 84
is_linear=0
shrinkage=0.3


Tree=64
num_leaves=15
num_cat=0
split_feature=12 12 7 8 3 0 8 23 2 3 22 9 8 14
split_gain=1.59864e-06 1.77711e-06 1.51701e-06 6.13317e-06 2.63665e-06 2.70045e-06 2.53144e-06 3.08309e-06 2.44661e-06 2.31312e-06 2.34859e-06 2.97041e-06 2.53217e-06 1.00138e-06
threshold=-0.0029514263037183955 -0.0024022221487192889 -0.0036057106407470143 -0.0033708856163282559 9.1223120689392108 8.8909174672566404 0.077852607598160747 0.36666650000000006 6.2784845765479576 8.8152685165405291 0.22312500000000005 0.030375976162959686 -0.0011020940404234357 0.0069807428020842747
decision_type=2 2 2 2 2 2 2 2 2 2 2 2 2 2
left_child=-1 -2 3 -3 5 9 7 13 -9 10 12 -12 -4 -5
right_child=1 2 4 6 -6 -7 -8 8 -10 -11 11 -13 -14 -15
leaf_value=7.0491284200865532e-05 -8.2836428464361231e-05 -0.00017751463679555203 5.7924568144092817e-05 -8.8404044836352109e-05 0.00010607239711016123 -9.0157700105919497e-05 -8.6334586558223234e-05 8.8953870894888848e-08 0.00012682483412108608 0.00010714146577811334 1.3885824020217244e-05 0.00013360201099203551 -2.7306998375389995e-05 -5.1264084634437619e-07
leaf_weight=28 24 21 36 20 23 27 26 26 29 20 277 20 244 28
leaf_count=28 24 21 36 20 23 27 26 26 29 20 277 20 244 28
internal_value=8.27544e-14 -2.40409e-06 1.79654e-08 -2.71647e-05 6.31998e-06 2.64321e-06 -2.68916e-06 1.84252e-05 6.69133e-05 6.84023e-06 3.36359e-06 2.19475e-05 -1.63487e-05 -3.71341e-05
internal_weight=849 821 797 150 647 624 129 103 55 597 577 297 280 48
internal_count=849 821 797 150 647 624 129 103 55 597 577 297 280 48
is_linear=0
shrinkage=0.3


Tree=65
num_leaves=15
num_cat=0
split_feature=0 0 9 10 12 26 9 26 14 14 18 26 4 18
split_gain=1.78309e-06 2.33976e-06 1.4889e-06 6.73718e-06 3.01945e-06 1.9467e-06 1.64532e-06 1.34935e-06 3.59665e-06 3.62635e-06 3.17275e-06 2.42427e-06 2.10557e-06 2.12023e-06
threshold=9.0778135336731953 8.9354164614586917 0.0084548006112275063 0.75395952394140353 0.00022138415338094727 0.48470350000000006 0.0093590154996219879 0.65376200000000007 0.0036122824128617284 0.0056179632809681022 -0.72390332968033755 0.69719950000000008 15512200.000000002 -0.16710222149678658
decision_type=2 2 2 2 2 2 2 2 2 2 2 2 2 2
left_child=1 2 3 4 5 -1 -4 10 -9 -10 -8 -11 13 -12
right_child=-2 -3 6 -5 -6 -7 7 8 9 11 12 -13 -14 -15
leaf_value=3.7604522913170509e-05 -6.5335250405951234e-05 9.7214782829763382e-05 7.1637827386439315e-05 -0.00014530164017659527 0.00010267379513243214 -8.5942476016498406e-05 0.00010500788479651918 0.00010377856805072432 -0.00011198972872227534 -0.00010341963405318727 -2.1654982119319975e-05 2.2752318131849809e-06 -7.2512276829942934e-05 2.8526718462865015e-05
leaf_weight=22 36 23 32 33 25 24 31 21 37 22 114 174 29 226
leaf_count=22 36 23 32 33 25 24 31 21 37 22 114 174 29 226
internal_value=-6.32147e-13 2.89307e-06 1.46998e-07 -3.33022e-05 1.87539e-05 -2.68548e-05 5.21801e-06 1.96811e-06 -1.51323e-05 -2.58496e-05 1.28269e-05 -9.58848e-06 5.08269e-06 1.17011e-05
internal_weight=849 813 790 104 71 46 686 654 254 233 400 196 369 340
internal_count=849 813 790 104 71 46 686 654 254 233 400 196 369 340
is_linear=0
shrinkage=0.3


Tree=66
num_leaves=14
num_cat=0
split_feature=18 13 0 20 12 17 15 9 5 15 27 4 9
split_gain=1.3626e-06 1.69047e-06 3.50335e-06 3.02581e-06 6.57232e-06 3.27532e-06 2.14142e-06 2.32879e-06 2.22125e-06 2.61769e-06 1.79314e-06 4.36911e-06 2.36942e-06
threshold=1.1200202599424589 0.010710062715951504 9.0778130543897717 0.53410050000000009 -0.0012990918133098538 0.0033333036634657187 -0.0080506813230492597 0.013106925215210338 -0.0062015520210767028 -0.0056348497031182918 0.72493450000000015 11198850.000000002 0.0077929231190633367
decision_type=2 2 2 2 2 2 2 2 2 2 2 2 2
left_child=1 2 6 4 -3 -6 7 -1 -8 -10 11 -11 -12
right_child=-2 3 -4 -5 5 -7 8 -9 9 10 12 -13 -14
leaf_value=-8.5028191928618714e-08 7.5467018385617316e-05 -5.3480869148468348e-05 -0.00013060161521934787 -5.8603230908098023e-05 0.00022646806424745592 6.3587378698684918e-05 9.6793296792644206e-05 -0.00014312371946289203 -9.2070709485726968e-05 8.3622853528320589e-06 -6.7830588574906863e-05 0.00016322377407050224 9.1192807021857143e-07
leaf_weight=21 21 26 20 23 20 25 21 20 28 91 50 20 463
leaf_count=21 21 26 20 23 20 25 21 20 28 91 50 20 463
internal_value=3.22983e-14 -1.91402e-06 -6.76495e-06 3.59646e-05 6.65992e-05 0.000135979 -3.29614e-06 -6.986e-05 7.59013e-07 -2.33412e-06 1.69253e-06 3.62653e-05 -5.78812e-06
internal_weight=849 828 734 94 71 45 714 41 673 652 624 111 513
internal_count=849 828 734 94 71 45 714 41 673 652 624 111 513
is_linear=0
shrinkage=0.3


Tree=67
num_leaves=16
num_cat=0
split_feature=1 3 19 19 15 17 11 19 12 12 18 4 14 27 14
split_gain=1.80587e-06 2.24201e-06 1.18302e-06 3.9697e-06 2.32076e-06 2.55431e-06 3.57694e-06 2.4463e-06 2.71444e-06 1.45853e-06 1.44209e-06 2.76585e-06 1.64456e-06 3.12898e-06 2.63524e-06
threshold=9.1223121638934508 8.9443168640136737 0.45792700000000003 0.41413700000000003 -0.003754680705546369 0.0010449970537129703 57.845418041079078 0.81652150000000001 -0.00016770891182558382 0.00024488550904871472 -1.0135897754385099 3283750.0000000005 0.0069363547501031025 0.94712850000000015 0.0067567050970318019
decision_type=2 2 2 2 2 2 2 2 2 2 2 2 2 2 2
left_child=1 2 3 10 -4 -6 7 8 -7 -8 -1 -12 14 -14 -13
right_child=-2 -3 4 -5 5 6 9 -9 -10 -11 11 12 13 -15 -16
leaf_value=7.1862969913206103e-05 6.6724999217383037e-05 -9.131863583024823e-05 0.00010643611742034409 -0.00013767075110081349 -6.0621608340502336e-05 0.00010912560899669188 0.0001526386258774437 -0.00010016713473305572 -3.5580977834927445e-05 4.0700683566683441e-05 -0.00010905982019473661 7.5094880741652599e-06 -2.3618802265212389e-05 8.3125426130613449e-05 0.00011059739002666901
leaf_weight=23 35 25 25 20 37 20 22 20 28 20 22 208 292 27 25
leaf_count=23 35 25 25 20 37 20 22 20 28 20 22 208 292 27 25
internal_value=-2.28298e-13 -2.86901e-06 -6.64249e-08 -6.1998e-06 2.19353e-05 7.56439e-06 3.04997e-05 -1.20161e-05 2.47134e-05 9.93348e-05 -1.79542e-06 -4.74688e-06 -5.89485e-07 -1.4584e-05 1.85704e-05
internal_weight=849 814 789 617 172 147 110 68 48 42 597 574 552 319 233
internal_count=849 814 789 617 172 147 110 68 48 42 597 574 552 319 233
is_linear=0
shrinkage=0.3


Tree=68
num_leaves=18
num_cat=0
split_feature=4 5 15 3 13 27 6 26 22 22 4 18 15 0 10 10 11
split_gain=1.24235e-06 1.28377e-06 5.75953e-06 2.7261e-06 2.14349e-06 1.39488e-06 2.15932e-06 2.58793e-06 2.60637e-06 4.17738e-06 3.20376e-06 1.77244e-06 1.75003e-06 4.0559e-06 2.13261e-06 2.16988e-06 1.27217e-06
threshold=2895300.0000000005 0.0075974725882551287 0.0078431254667219227 9.068913936614992 0.009567584125052488 0.80340000000000011 0.0061952300854357613 0.69719950000000008 0.058151000000000008 0.022867500000000002 9568100.0000000019 0.79307049249467076 -0.0056689849045400377 6.8663612306033306 -0.81016755759493686 -0.26072372731181853 58.296806001333472
decision_type=2 2 2 2 2 2 2 2 2 2 2 2 2 2 2 2 2
left_child=-1 3 -3 5 16 6 7 8 9 -2 -10 12 13 -7 -14 -16 -4
right_child=1 2 4 -5 -6 11 -8 -9 10 -11 -12 -13 14 -15 15 -17 -18
leaf_value=6.7283953012520204e-05 -1.9821933301500393e-05 0.00016145788461116077 -1.9277771571069025e-05 -9.4713869766565044e-05 -7.7838459967299257e-05 5.8945261807821217e-05 5.2464694024158894e-05 7.3734297602641162e-05 1.836657924372492e-06 -0.00020546498693875035 -9.2097005724347329e-05 8.2559257134562347e-05 -6.8677691238657899e-05 -0.00011226546230318491 0.00010252541929366997 1.055674756887749e-05 8.5264728595575435e-05
leaf_weight=24 24 23 22 30 27 20 33 20 127 20 44 27 28 33 25 302 20
leaf_count=24 24 23 22 30 27 20 33 20 127 20 44 27 28 33 25 302 20
internal_value=1.66312e-13 -1.95735e-06 3.14465e-05 -6.14992e-06 -1.18906e-05 -2.37052e-06 -1.93956e-05 -2.94866e-05 -3.90886e-05 -0.000104205 -2.23334e-05 8.11849e-06 3.19226e-06 -4.76576e-05 1.07839e-05 1.7588e-05 3.05044e-05
internal_weight=849 825 92 733 69 703 268 235 215 44 171 435 408 53 355 327 42
internal_count=849 825 92 733 69 703 268 235 215 44 171 435 408 53 355 327 42
is_linear=0
shrinkage=0.3


Tree=69
num_leaves=17
num_cat=0
split_feature=1 18 18 11 3 19 22 10 10 22 5 4 5 10 4 6
split_gain=1.81531e-06 1.14729e-06 1.48239e-06 2.85899e-06 2.06645e-06 1.41305e-06 2.57606e-06 3.62886e-06 2.13454e-06 2.47631e-06 2.12817e-06 2.06482e-06 2.4109e-06 2.05133e-06 1.96336e-06 1.5431e-06
threshold=9.1223121638934508 -1.20792984639928 -0.72390332968033755 55.857515351492346 8.9443168640136737 -0.47134149999999991 0.38914650000000006 -0.27078927799955776 -0.037963788698483041 0.16246750000000001 -0.0055814277550726146 4921450.0000000009 -0.001148922059173322 0.76152835194885315 8433750.0000000019 -1.0000000180025095e-35
decision_type=2 2 2 2 2 2 2 2 2 2 2 2 2 2 2 2
left_child=1 -1 3 -3 5 11 8 -8 9 -7 -9 -4 14 -10 -13 -14
right_child=-2 2 4 -5 -6 6 7 10 13 -11 -12 12 15 -15 -16 -17
leaf_value=-7.3840957811626125e-05 6.6899135750385797e-05 -1.072365210442011e-05 -0.00010956937715782543 0.00013671502303623127 -9.4989533946235568e-05 -1.0685682796408726e-05 0.00014965567394898717 -6.989322297158651e-05 4.8633190678242808e-05 -0.00011854656208015512 3.8296097900456514e-05 8.8450696843470468e-05 -0.00011900017976326385 -7.3343240171429804e-06 -3.2896867381688411e-05 -1.5569372961261466e-05
leaf_weight=20 35 29 24 20 22 53 23 20 73 30 90 28 21 306 21 34
leaf_count=20 35 29 24 20 22 53 23 20 73 30 90 28 21 306 21 34
internal_value=-2.83745e-13 -2.8765e-06 -1.08898e-06 4.94554e-05 -4.41338e-06 -1.65726e-06 4.4942e-06 4.12847e-05 -6.09701e-06 -4.96715e-05 1.86253e-05 -3.02519e-05 -1.19479e-05 3.4457e-06 3.64446e-05 -5.50611e-05
internal_weight=849 814 794 49 745 723 595 133 462 83 110 128 104 379 49 55
internal_count=849 814 794 49 745 723 595 133 462 83 110 128 104 379 49 55
is_linear=0
shrinkage=0.3


Tree=70
num_leaves=12
num_cat=0
split_feature=10 1 10 10 16 2 21 15 15 15 17
split_gain=1.19851e-06 2.58254e-06 1.10078e-06 3.12766e-06 5.37677e-06 1.64443e-06 1.41119e-06 1.68928e-06 3.36494e-06 2.30452e-06 1.02753e-06
threshold=2.6781912912697767 9.1223121638934508 2.350704711924323 2.0215975288374115 0.0010934668992518251 8.8909175852540354 0.032920500000000012 -0.0058038146494814999 -0.0080506813230492597 -0.0023391822687925594 0.0011634941193161281
decision_type=2 2 2 2 2 2 2 2 2 2 2
left_child=1 2 3 5 -5 6 10 8 -8 -9 -1
right_child=-2 -3 -4 4 -6 -7 7 9 -10 -11 -12
leaf_value=-9.1653808427508921e-05 -7.0777276934157779e-05 8.8206377768074149e-05 5.1364065419581012e-05 -0.00019573190867049563 2.1612953371784115e-05 8.3488631519555506e-05 -1.302970640283872e-05 -3.9832583020932152e-05 0.00011291991204188888 6.9166297476447814e-06 -1.374154351371824e-05
leaf_weight=25 21 30 34 20 21 21 42 121 35 440 39
leaf_count=25 21 30 34 20 21 21 42 121 35 440 39
internal_value=2.81807e-13 1.79508e-06 -1.45347e-06 -3.80399e-06 -8.44089e-05 7.6697e-07 -1.70761e-06 2.55255e-06 4.42201e-05 -3.16653e-06 -4.4176e-05
internal_weight=849 828 798 764 41 723 702 638 77 561 64
internal_count=849 828 798 764 41 723 702 638 77 561 64
is_linear=0
shrinkage=0.3


Tree=71
num_leaves=16
num_cat=0
split_feature=0 3 4 18 18 14 27 27 21 27 14 7 8 14 6
split_gain=1.40128e-06 1.93481e-06 8.71855e-07 1.58557e-06 1.45498e-06 1.02478e-06 2.58379e-06 2.12257e-06 2.00859e-06 3.51385e-06 2.82822e-06 1.96422e-06 3.98473e-06 3.10511e-06 1.52505e-06
threshold=9.0778135336731953 8.9621157646179217 17104250.000000004 0.62037306631952971 1.0120237424701575 0.0072263810898190823 0.95091500000000007 0.62110700000000019 0.19757700000000003 0.66824450000000002 0.0042807137835156051 0.0011227888773775719 0.028544331821742212 0.0055463343552117402 -0.0034822544469437357
decision_type=2 2 2 2 2 2 2 2 2 2 2 2 2 2 2
left_child=1 2 4 -4 5 8 7 -7 11 -10 -11 12 -1 -13 -9
right_child=-2 -3 3 -5 -6 6 -8 14 9 10 -12 13 -14 -15 -16
leaf_value=-0.00012724891667775491 -5.7919457439462949e-05 9.4719313547102492e-05 -1.5667341689219359e-05 9.8231005309075542e-05 -8.0021471486751197e-05 6.6360403882124679e-05 9.1918101783708804e-05 1.3405853550702212e-05 -7.1965881175452111e-05 -3.6222263993708607e-05 6.0340287589359013e-05 -5.5558394998505325e-05 2.9788556751624966e-05 7.9349455321629225e-05 -3.3715123128064891e-05
leaf_weight=33 36 20 22 22 21 26 21 81 27 33 158 28 26 34 261
leaf_count=33 36 20 22 22 21 26 21 81 27 33 158 28 26 34 261
internal_value=-3.26438e-13 2.5647e-06 2.40497e-07 4.12818e-05 -2.17048e-06 7.52256e-08 -1.04322e-05 -1.62728e-05 1.21324e-05 2.93365e-05 4.36567e-05 -1.88634e-05 -5.8046e-05 1.84233e-05 -2.25549e-05
internal_weight=849 813 793 44 749 728 389 368 339 218 191 121 59 62 342
internal_count=849 813 793 44 749 728 389 368 339 218 191 121 59 62 342
is_linear=0
shrinkage=0.3


Tree=72
num_leaves=30
num_cat=0
split_feature=21 21 10 27 15 21 16 4 11 10 27 10 12 21 21 17 11 6 11 6 19 20 13 10 18 13 15 21 5
split_gain=9.37466e-07 5.54973e-06 2.63552e-06 3.08749e-06 2.20456e-06 2.17098e-06 2.26955e-06 5.23333e-06 2.08718e-06 2.01048e-06 2.13943e-06 2.10461e-06 1.76317e-06 3.45213e-06 3.4375e-06 3.19296e-06 3.57445e-06 2.70297e-06 2.04134e-06 1.64608e-06 1.48525e-06 2.75506e-06 1.36286e-06 1.91403e-06 1.54124e-06 1.64113e-06 1.32606e-06 1.35635e-06 1.06371e-06
threshold=0.46649700000000005 0.47826150000000006 1.3331808231361453 0.91040300000000018 -1.0000000180025095e-35 0.43178200000000005 0.0012515950606243683 13221600.000000002 61.018857131669186 0.77385479093376042 0.83191150000000014 0.072679235482301971 7.6952870450853531e-05 0.03658200000000001 0.034380500000000001 0.0022148373774019368 55.413952103891774 0.0011227888773775719 62.924004919033287 -0.0048221121324646477 0.14647250000000003 0.5723505000000001 0.0069883928742748248 1.1637857179094346 0.22370497892456082 0.010103906434105695 0.0034823332237290026 0.31763250000000004 -0.0011409585650521731
decision_type=2 2 2 2 2 2 2 2 2 2 2 2 2 2 2 2 2 2 2 2 2 2 2 2 2 2 2 2 2
left_child=5 -2 9 4 -4 6 7 22 -6 11 -11 28 14 -14 -8 17 -17 19 20 -16 -15 -22 -1 26 25 -25 27 -24 -3
right_child=1 2 3 -5 8 -7 12 -9 -10 10 -12 -13 13 18 15 16 -18 -19 -20 -21 21 -23 23 24 -26 -27 -28 -29 -30
leaf_value=5.7372249225059365e-05 -0.0001669913590012584 4.4216872554208183e-09 9.1897537058684964e-05 0.00013798659090054699 2.4165013324349158e-05 8.007895805135109e-05 -9.1427466785327328e-05 0.00013154845212685518 -9.8328357281778677e-05 -0.00014049104593141237 -2.0319563536759232e-05 5.9498844315054481e-05 6.7442229711949558e-05 -9.0620765846930831e-05 -4.0365542231897543e-05 1.5794351252381979e-05 0.00017831274770807275 -9.4377777470072027e-05 -0.0001494665374463823 6.435663645658808e-05 7.474852027371526e-05 -7.2157219458151501e-05 3.013078740261863e-05 1.3332690119377252e-05 -0.00010765732891741208 -7.8859194618416948e-05 9.2197599714641647e-05 -5.8083887042162778e-05 -8.7475518656984519e-05
leaf_weight=39 20 29 20 21 31 34 28 34 21 24 30 33 21 36 22 29 21 25 21 35 20 27 62 57 20 25 21 21 22
leaf_count=39 20 29 20 21 31 34 28 34 21 24 30 33 21 36 22 29 21 25 21 35 20 27 62 57 20 25 21 21 22
internal_value=8.48634e-14 -1.53872e-05 -2.26127e-06 3.6773e-05 7.25237e-06 6.4585e-06 2.02038e-06 2.12545e-05 -2.53035e-05 -2.8567e-05 -7.37291e-05 4.65818e-07 -1.68088e-05 -4.35051e-05 4.04769e-06 2.43e-05 8.40521e-05 -1.21342e-05 -6.59079e-05 2.39375e-05 -4.47665e-05 -9.64414e-06 5.94837e-06 -3.78722e-06 -3.29869e-05 -1.47746e-05 2.48509e-05 7.81141e-06 -3.7732e-05
internal_weight=849 251 231 93 72 598 564 279 52 138 54 84 285 125 160 132 50 82 104 57 83 47 245 206 102 82 104 83 51
internal_count=849 251 231 93 72 598 564 279 52 138 54 84 285 125 160 132 50 82 104 57 83 47 245 206 102 82 104 83 51
is_linear=0
shrinkage=0.3


Tree=73
num_leaves=29
num_cat=0
split_feature=13 3 27 18 17 10 0 21 5 14 10 10 21 21 20 25 17 7 18 16 10 15 18 19 11 28 6 16
split_gain=9.96089e-07 2.77443e-06 1.82042e-06 3.01369e-06 2.22572e-06 2.98095e-06 1.94721e-06 1.72374e-06 1.78415e-06 1.6261e-06 1.68426e-06 3.57608e-06 2.61098e-06 4.77247e-06 2.98956e-06 2.24365e-06 2.27081e-06 1.39731e-06 1.36294e-06 2.76505e-06 2.5521e-06 2.8719e-06 2.24161e-06 2.16277e-06 2.41858e-06 1.6311e-06 1.57218e-06 1.3747e-06
threshold=0.0079315869152506765 8.9265170097351092 0.76992150000000015 -0.1222849456520337 0.00114353713916178 1.8542177446980728 7.636568139693316 0.46829850000000006 -1.0000000180025095e-35 0.0040020459149793094 1.5071835060787637 1.4101245820328761 0.39669750000000004 0.50031750000000008 0.80257600000000007 0.22500000000000003 0.001953130631598036 0.0010663125610451383 -0.38532912214384046 0.0022804450450913285 0.55744377268567369 0.001874414049161044 0.044437427119184976 0.35713800000000001 54.231977429250058 1.0000000180025095e-35 -0.004714130235395084 0.0022434085290013121
decision_type=2 2 2 2 2 2 2 2 2 2 2 2 2 2 2 2 2 2 2 2 2 2 2 2 2 2 2 2
left_child=1 2 3 -1 6 7 -4 8 -6 -2 11 18 14 -14 15 -12 -17 -8 23 20 22 -22 -20 24 27 -21 -27 -11
right_child=9 -3 4 -5 5 -7 17 -9 -10 10 12 -13 13 -15 -16 16 -18 -19 19 25 21 -23 -24 -25 -26 26 -28 -29
leaf_value=0.00013022745849541805 8.2920784234374881e-05 -0.00012063982870001511 8.4106152760796238e-05 -1.696367599804709e-05 -0.00011974218801697133 4.3694658935627164e-05 -7.0769923951274905e-05 -0.00015704715547144589 4.725444377982057e-07 -6.4702237323217561e-05 -0.00011390001205199951 -0.00012172220617092376 0.00017552813889359152 7.8117051679008584e-06 0.000102796702256569 7.8829065932950465e-05 -4.2282045737202246e-05 2.8716924842026652e-05 6.831933745755892e-05 5.7016104770727072e-05 0.00011131790240477512 -1.4270500876433366e-05 -4.1461719184127936e-05 4.6341567770014078e-05 -0.00012072669160481322 -0.00010443280523097862 -1.6646904158905443e-05 4.6528645725629758e-05
leaf_weight=21 24 21 25 31 20 21 24 21 25 20 20 23 26 37 20 22 38 27 26 22 57 23 47 24 31 22 111 20
leaf_count=21 24 21 25 31 20 21 24 21 25 20 20 23 26 37 20 22 38 27 26 22 57 23 47 24 31 22 111 20
internal_value=9.29982e-14 -1.65612e-05 -6.39534e-06 4.24789e-05 -2.19871e-05 -5.47521e-05 1.55202e-05 -8.60761e-05 -5.29562e-05 6.37591e-06 3.25694e-06 -6.6664e-06 2.91915e-05 7.7028e-05 -9.45445e-07 -2.6881e-05 2.12536e-06 -1.81004e-05 -9.99368e-08 9.58937e-06 3.81994e-05 7.52112e-05 -2.36162e-06 -3.15137e-05 -5.7831e-05 -1.86514e-05 -3.11679e-05 -9.0868e-06
internal_weight=849 236 215 52 163 87 76 66 45 613 589 426 163 63 100 80 60 51 403 308 153 80 73 95 71 155 133 40
internal_count=849 236 215 52 163 87 76 66 45 613 589 426 163 63 100 80 60 51 403 308 153 80 73 95 71 155 133 40
is_linear=0
shrinkage=0.3


Tree=74
num_leaves=16
num_cat=0
split_feature=1 10 22 12 25 6 10 5 20 20 7 20 21 17 19
split_gain=8.3507e-07 1.08108e-06 3.42203e-06 1.69965e-06 2.1082e-06 1.12789e-06 1.72348e-06 1.52116e-06 1.47e-06 3.27361e-06 1.35588e-06 3.4313e-06 1.5497e-06 1.2685e-06 8.77309e-07
threshold=9.1223121638934508 1.8076503365588883 0.45343600000000006 0.0014123537298395339 0.22500000000000003 0.010263095583544522 1.6856439428423056 0.0092873450158968158 0.054696000000000002 0.044341500000000006 0.0067646066998873428 0.34331750000000005 0.10479400000000001 0.0022637223515724228 0.48784250000000007
decision_type=2 2 2 2 2 2 2 2 2 2 2 2 2 2 2
left_child=1 5 3 -3 14 6 7 8 9 13 12 -12 -10 -1 -5
right_child=-2 2 -4 4 -6 -7 -8 -9 10 -11 11 -13 -14 -15 -16
leaf_value=-2.5477717122745664e-05 4.5373984321486198e-05 -5.1312682186714175e-05 -0.00010565393933461565 -5.5536568045714116e-05 9.6536346488671995e-05 -5.8211720103757286e-05 7.6992539483210841e-05 7.620721439707267e-05 1.989931330806365e-05 0.00012276538957219318 -5.1685309035747199e-05 0.00011502853740239515 -2.361346053742348e-05 4.298098356230184e-05 3.0189059824889141e-05
leaf_weight=58 35 36 36 21 26 26 29 24 95 26 20 25 328 42 22
leaf_count=58 35 36 36 21 26 26 29 24 95 26 20 25 328 42 22
internal_value=4.09815e-13 -1.95097e-06 -2.58366e-05 1.52933e-06 2.90991e-05 3.0533e-06 5.51527e-06 2.16116e-06 -8.30605e-07 2.79317e-05 -8.5743e-06 4.09335e-05 -1.38411e-05 3.27494e-06 -1.16769e-05
internal_weight=849 814 141 105 69 673 647 618 594 126 468 45 423 100 43
internal_count=849 814 141 105 69 673 647 618 594 126 468 45 423 100 43
is_linear=0
shrinkage=0.3


Tree=75
num_leaves=20
num_cat=0
split_feature=0 2 10 22 7 11 12 12 20 10 10 10 1 16 6 13 13 15 9
split_gain=1.00021e-06 1.71376e-06 6.68015e-07 1.53635e-06 8.66951e-07 1.67395e-06 1.58032e-06 5.00826e-06 1.51696e-06 1.49376e-06 2.32259e-06 2.69514e-06 2.083e-06 2.53528e-06 1.67846e-06 1.41478e-06 1.37424e-06 1.88721e-06 1.43887e-06
threshold=9.0778135336731953 8.8909175852540354 -1.199292591752199 0.47199750000000007 -0.0012048360707103899 49.195685448595349 -0.00010749919233301351 -0.00022138376339466754 0.032708000000000008 1.0552518085616367 1.4027568161601873 1.744449721804129 7.2351825948001762 0.0022585614267515972 -1.0000000180025095e-35 0.0086595724226075522 0.010565392786477444 -0.0036518941133876956 0.0077929231190633367
decision_type=2 2 2 2 2 2 2 2 2 2 2 2 2 2 2 2 2 2 2
left_child=1 2 3 -1 5 -4 7 8 -6 12 14 -12 13 -7 -11 -10 17 -8 -19
right_child=-2 -3 4 -5 6 9 16 -9 15 10 11 -13 -14 -15 -16 -17 -18 18 -20
leaf_value=-1.7364535749948116e-05 -4.8933494197929874e-05 8.2890437158272582e-05 -7.0482014323260955e-05 9.0072408372931094e-05 -8.2224594116269139e-05 0.00012648041096959738 -6.7477982187743427e-05 -0.0001648370512570678 2.4467237533139244e-05 9.7116481811099217e-06 9.6603364815359044e-05 -2.4866546019828613e-05 -3.3856097550834302e-05 2.0473621601316456e-05 -0.00010588732567996955 -3.1804759608287616e-05 6.2336272607023022e-05 -5.7725591472666967e-05 1.6012486799912821e-05
leaf_weight=25 36 23 20 23 25 37 35 22 83 20 31 35 23 45 26 78 33 27 202
leaf_count=25 36 23 20 23 25 37 35 22 83 20 31 35 23 45 26 78 33 27 202
internal_value=8.62092e-14 2.1668e-06 -1.83385e-07 3.41157e-05 -2.40219e-06 1.25666e-05 -9.42717e-06 -2.94809e-05 -1.3471e-05 2.02209e-05 -3.87913e-06 3.21875e-05 4.59276e-05 6.8306e-05 -5.56269e-05 -2.79497e-06 4.61717e-06 -2.59772e-06 7.31848e-06
internal_weight=849 813 790 48 742 237 505 208 186 217 112 66 105 82 46 161 297 264 229
internal_count=849 813 790 48 742 237 505 208 186 217 112 66 105 82 46 161 297 264 229
is_linear=0
shrinkage=0.3


Tree=76
num_leaves=23
num_cat=0
split_feature=1 2 8 12 12 10 8 5 5 4 4 6 5 11 11 18 1 29 12 5 22 2
split_gain=8.32787e-07 1.45956e-06 7.17652e-07 2.32896e-06 1.59748e-06 1.88783e-06 1.74059e-06 1.3487e-06 2.7934e-06 2.53651e-06 2.3757e-06 1.94923e-06 1.53785e-06 1.33349e-06 1.67067e-06 1.56354e-06 1.45726e-06 1.42356e-06 1.24528e-06 1.45563e-06 1.07295e-06 5.5565e-07
threshold=9.1223121638934508 8.9087176275375395 0.018058263074861521 -0.0022347187130131135 -0.00026781691377862133 -0.97120844315140809 0.01388904461262418 -0.0011364041662718675 0.0022013728853902486 7869350.0000000009 6256650.0000000009 0.0011588375934545663 0.0046430398607449725 55.643948670798757 56.155702816080854 0.17950107528563561 7.1146097186582615 4.5000000000000009 -0.0024022221487192889 -0.0034822544469437357 0.33795650000000005 6.0969766105608327
decision_type=2 2 2 2 2 2 2 2 2 2 2 2 2 2 2 2 2 2 2 2 2 2
left_child=1 2 3 -1 5 -5 -7 9 10 11 -9 -6 -10 15 -15 16 21 18 -16 -20 -17 -4
right_child=-2 -3 13 4 7 6 -8 8 12 -11 -12 -13 -14 14 17 20 -18 -19 19 -21 -22 -23
leaf_value=0.00011070660545556164 4.5311917139250518e-05 -8.0011555123097165e-05 -5.4990213428547053e-05 2.9766362108971774e-05 8.5665235886923398e-05 -9.5631896909673328e-05 2.4064579016729628e-06 3.8797402794443769e-05 -6.4269495810874241e-05 -9.348357137820461e-05 0.00017751729275914839 -3.2896817580763126e-05 4.0210017988329125e-05 8.651367088532424e-05 -6.6311175892637528e-05 6.3518405258946583e-05 -1.0411882184973151e-05 -7.1622214634771802e-05 5.9465565911003586e-05 -6.4745298399395564e-07 -3.1490874702601859e-05 -0.00012005574734656773
leaf_weight=20 35 21 21 37 26 39 28 25 21 22 20 24 32 20 22 20 34 25 42 265 23 27
leaf_count=20 35 21 21 37 26 39 28 25 21 22 20 24 32 20 22 20 34 25 42 265 23 27
internal_value=7.38764e-14 -1.9483e-06 1.18948e-07 1.18765e-05 4.66266e-06 -2.46241e-05 -5.46606e-05 2.25793e-05 4.54831e-05 -8.59536e-06 0.000100451 2.87555e-05 -1.18753e-06 -6.80837e-06 2.15736e-06 -3.36338e-05 -5.79305e-05 -2.60854e-06 2.63566e-06 7.57648e-06 1.26995e-05 -9.15896e-05
internal_weight=849 814 793 294 274 104 67 170 98 72 45 50 53 499 374 125 82 354 329 307 43 48
internal_count=849 814 793 294 274 104 67 170 98 72 45 50 53 499 374 125 82 354 329 307 43 48
is_linear=0
shrinkage=0.3


Tree=77
num_leaves=14
num_cat=0
split_feature=10 12 0 10 14 19 20 15 13 20 20 9 6
split_gain=8.76685e-07 3.66699e-06 1.83636e-06 1.30637e-06 7.9818e-07 9.4438e-07 8.76723e-07 9.02805e-07 2.88507e-06 1.61557e-06 1.2156e-06 1.45214e-06 1.22359e-06
threshold=2.238766561161341 0.0021652012594697138 9.060013718129186 2.6084297177552247 0.015644552201062586 0.87127750000000015 0.86373350000000004 -0.0056689849045400377 0.0085794359178182535 0.15385850000000004 0.054696000000000002 0.014025483030432924 0.0011249557667543074
decision_type=2 2 2 2 2 2 2 2 2 2 2 2 2
left_child=2 -2 4 -3 5 6 7 8 -1 -10 12 -12 -9
right_child=1 3 -4 -5 -6 -7 -8 10 9 -11 11 -13 -14
leaf_value=-0.0001303443301912921 -0.00013048869990123658 6.4710176002336073e-05 7.8365919593384852e-05 -3.3278699018410404e-05 4.3075267431787148e-05 -5.5141008096111834e-05 6.0481357390277216e-05 3.63040522053882e-06 -6.2008512005767055e-05 4.4433928691102081e-05 1.2931925392391266e-05 -2.0581918932529434e-05 6.4896216063061726e-05
leaf_weight=20 23 24 28 25 37 29 21 71 21 33 220 247 50
leaf_count=20 23 24 28 25 37 29 21 71 21 33 220 247 50
internal_value=4.65594e-14 -3.16689e-05 2.93457e-06 1.47159e-05 1.1471e-07 -2.11779e-06 1.33561e-07 -1.7808e-06 -3.30101e-05 3.03965e-06 2.14942e-06 -4.79381e-06 2.89469e-05
internal_weight=849 72 777 49 749 712 683 662 74 54 588 467 121
internal_count=849 72 777 49 749 712 683 662 74 54 588 467 121
is_linear=0
shrinkage=0.3


Tree=78
num_leaves=20
num_cat=0
split_feature=0 3 1 16 27 17 12 5 3 17 11 27 26 13 6 10 12 11 21
split_gain=1.32791e-06 1.27023e-06 5.68441e-07 1.03197e-06 1.72154e-06 1.29979e-06 1.05601e-06 9.45241e-07 8.90773e-07 7.95532e-07 1.60542e-06 4.19907e-06 1.74633e-06 1.58963e-06 1.74724e-06 1.77177e-06 1.22013e-06 1.39417e-06 1.08161e-06
threshold=9.0778135336731953 8.9621157646179217 7.7874030349264016 1.0000000180025095e-35 0.84290200000000015 0.0021019929127801111 0.0001531605193869792 0.0011024427390792135 7.67535424232483 0.0011299693164731207 57.527026043772189 0.85503550000000017 0.54276800000000014 0.010780214824465931 -0.0012033222355885365 1.1153315382925195 -0.0022952236962289151 56.597295576064141 0.15250300000000003
decision_type=2 2 2 2 2 2 2 2 2 2 2 2 2 2 2 2 2 2 2
left_child=1 2 8 5 7 -4 -6 -5 9 13 16 12 -12 14 18 -16 -11 -18 -1
right_child=-2 -3 3 4 6 -7 -8 -9 -10 10 11 -13 -14 -15 15 -17 17 -19 -20
leaf_value=-9.1286729057173932e-05 -5.6382628736173493e-05 7.7165300280341862e-05 4.2981792375940129e-06 -6.1509765728828821e-06 1.8425204944906982e-06 0.00011245614276504056 7.9063005867802905e-05 -8.9289858149186333e-05 -6.0072454107285009e-05 7.3038777754845798e-05 -3.4319058540859261e-05 -0.00011961254546563575 7.8478285935748972e-05 8.1128404157685251e-05 6.6083467480087353e-05 -2.0160885689316881e-05 -9.0297899834361171e-06 6.6169426872875192e-05 -8.2491616979041289e-06
leaf_weight=20 36 20 20 32 37 20 28 20 24 20 30 38 21 28 53 36 294 24 48
leaf_count=20 36 20 20 32 37 20 28 20 24 20 30 38 21 28 53 36 294 24 48
internal_value=-1.73252e-13 2.49665e-06 6.13453e-07 1.67796e-05 2.5582e-06 5.83772e-05 3.51067e-05 -3.81275e-05 -3.37724e-06 -1.1539e-06 -8.27335e-06 -4.41214e-05 1.21269e-05 1.52786e-05 3.53463e-06 3.11981e-05 1.16593e-06 -3.35438e-06 -3.2672e-05
internal_weight=849 813 793 157 117 40 65 52 636 612 427 89 51 185 157 89 338 318 68
internal_count=849 813 793 157 117 40 65 52 636 612 427 89 51 185 157 89 338 318 68
is_linear=0
shrinkage=0.3


Tree=79
num_leaves=23
num_cat=0
split_feature=17 1 10 11 13 3 10 10 10 17 10 12 22 22 22 17 7 5 7 0 13 11
split_gain=8.53874e-07 3.20458e-06 2.1451e-06 2.58695e-06 2.02126e-06 1.51489e-06 9.40388e-07 8.72041e-07 1.93473e-06 3.00512e-06 1.38398e-06 1.01996e-06 2.56077e-06 1.17729e-06 1.12103e-06 1.00532e-06 1.37194e-06 1.08967e-06 8.51585e-07 8.24836e-07 1.13332e-06 4.73787e-07
threshold=0.0034265839365100908 9.1045129325491825 1.5968869278205433 56.923093079998132 0.0086336354454080826 9.0155138969421404 1.9261252401319278 1.6322102808364074 1.9386954792476592 0.0021728074189627596 1.5341339958126412 0.0001531605193869792 0.026257500000000003 0.097629500000000022 0.54393500000000017 0.0024722482011304251 0.0046757365140849836 0.0023067856171711935 0.0011306770840013153 6.1087963608419091 0.0099970023184498824 59.2434171876424
decision_type=2 2 2 2 2 2 2 2 2 2 2 2 2 2 2 2 2 2 2 2 2 2
left_child=5 2 3 4 -2 7 -4 10 9 -9 11 15 -13 -14 -15 16 17 -1 -10 -6 -21 -20
right_child=1 -3 6 -5 19 -7 -8 8 18 -11 -12 12 13 14 -16 -17 -18 -19 21 20 -22 -23
leaf_value=-1.2955452441852823e-05 5.7586235181909558e-05 -0.00013046859430687618 8.718746491649654e-05 -0.00010140469978890202 2.2754841947971726e-05 8.4920885128017938e-05 1.1448655451810433e-05 -4.9418373491254681e-06 -2.4016434831390789e-05 -0.00014723861105184452 7.4839308702697349e-05 0.00011378956300177379 -4.575551003134543e-05 5.157195556057559e-05 -2.9692498240117193e-05 5.5071233350645341e-05 -6.9596361245203295e-05 3.1194745011518209e-05 8.8292144573642863e-06 -8.21737780370313e-05 2.4678377201325932e-06 7.3347074126266825e-05
leaf_weight=202 34 20 25 31 20 21 36 34 31 22 27 25 28 50 22 24 30 67 20 35 24 21
leaf_count=202 34 20 25 31 20 21 36 34 31 22 27 25 28 50 22 24 30 67 20 35 24 21
internal_value=-4.46547e-13 -1.5844e-05 -4.66114e-06 -2.46345e-05 -3.57368e-06 5.71299e-06 4.24892e-05 2.9545e-06 -1.90227e-05 -6.08441e-05 8.87679e-06 4.90137e-06 2.79116e-05 6.44209e-06 2.67412e-05 -4.00351e-06 -8.7453e-06 -1.95893e-06 1.3505e-05 -2.98957e-05 -4.77433e-05 4.18749e-05
internal_weight=849 225 205 144 113 624 61 603 128 56 475 448 125 100 72 323 299 269 72 79 59 41
internal_count=849 225 205 144 113 624 61 603 128 56 475 448 125 100 72 323 299 269 72 79 59 41
is_linear=0
shrinkage=0.3


Tree=80
num_leaves=21
num_cat=0
split_feature=1 3 5 25 7 20 14 12 29 10 4 0 6 16 6 6 12 24 9 23
split_gain=8.53891e-07 2.08498e-06 5.48828e-07 1.32701e-06 2.12859e-06 1.35493e-06 9.96112e-07 8.0712e-07 8.97911e-07 2.22081e-06 1.92316e-06 1.62161e-06 7.63261e-07 1.79097e-06 1.31583e-06 8.77678e-07 2.14188e-06 1.49973e-06 7.09753e-07 1.24422e-06
threshold=9.1223121638934508 8.9799151420593279 -0.0036015386092515095 0.26785700000000007 -0.0024346601957966276 0.039911000000000009 0.0090600140880270821 -0.0027330079835472276 3.5000000000000004 1.7875952977599985 8869800.0000000019 7.0083370248094923 0.0043810048649516277 0.0034090604910187506 0.0057740182515717206 0.0023282680963163274 0.00071472753548623409 0.55000000000000016 0.018045951690816204 0.29166650000000005
decision_type=2 2 2 2 2 2 2 2 2 2 2 2 2 2 2 2 2 2 2 2
left_child=1 2 3 4 -1 -5 -6 -4 12 10 11 -10 15 14 -14 17 -17 -9 19 -7
right_child=-2 -3 7 5 6 18 -8 8 9 -11 -12 -13 13 -15 -16 16 -18 -19 -20 -21
leaf_value=-3.1568769481395973e-05 4.5882463870969203e-05 -9.7638408433340374e-05 5.5816888889239628e-05 5.508744688995648e-05 0.00013370683778443241 -6.4021743764897113e-05 4.3336062346655955e-05 6.5254251368400042e-06 1.389034119436955e-05 4.4826813182925647e-05 -0.00013154335280308839 -9.2139120066089415e-05 -0.00010995013230374594 3.6371967362356371e-05 -2.1051421750006591e-05 7.5614525842887135e-05 -4.3219187423346741e-05 -5.4493539831061602e-05 -7.5277808973623906e-05 3.186236153498675e-05
leaf_weight=20 35 20 20 24 21 21 23 313 34 26 22 21 23 30 43 43 20 41 20 29
leaf_count=20 35 20 20 24 21 21 23 313 34 26 22 21 23 30 43 43 20 41 20 29
internal_value=-6.78907e-15 -1.97283e-06 4.36879e-07 1.62613e-05 4.95812e-05 -6.42453e-06 8.64676e-05 -3.49436e-06 -5.42005e-06 -3.09816e-05 -5.65793e-05 -2.65936e-05 -2.878e-07 -2.44053e-05 -5.20313e-05 5.26442e-06 3.78895e-05 -5.41743e-07 -2.75143e-05 -8.40896e-06
internal_weight=849 814 794 158 64 94 44 636 616 103 77 55 513 96 66 417 63 354 70 50
internal_count=849 814 794 158 64 94 44 636 616 103 77 55 513 96 66 417 63 354 70 50
is_linear=0
shrinkage=0.3


Tree=81
num_leaves=18
num_cat=0
split_feature=6 0 7 7 21 10 26 7 4 26 29 3 0 23 8 10 12
split_gain=8.13881e-07 1.28553e-06 9.47728e-07 7.80677e-07 1.43948e-06 2.69299e-06 2.47404e-06 1.14722e-06 1.10071e-06 1.33526e-06 7.03833e-07 1.82976e-06 1.83653e-06 1.79553e-06 8.45764e-07 2.21334e-06 1.42645e-06
threshold=-0.0098496908512177364 9.0778135336731953 0.010424096693257464 0.0031814047527279582 0.28836800000000001 1.2481207277691035 0.36226700000000006 0.0023040630125598202 8252350.0000000009 0.70246800000000009 2.5000000000000004 7.0083367824554452 6.0492240412707909 0.70833350000000006 0.077852607598160747 1.2955538020959199 -0.0023729980406295972
decision_type=2 2 2 2 2 2 2 2 2 2 2 2 2 2 2 2 2
left_child=-1 2 3 7 8 -6 -7 10 9 -5 14 12 -12 -13 16 -16 -2
right_child=1 -3 -4 4 5 6 -8 -9 -10 -11 11 13 -14 -15 15 -17 -18
leaf_value=4.5476517457513283e-05 -9.0310527648398411e-05 -5.9001627018647818e-05 -4.5621661216069984e-05 -9.3761532557437018e-05 -1.0873805388799059e-05 2.3154305346844759e-05 0.00016109486063942312 -6.4091156981213802e-05 3.5204142035753822e-05 2.0044084013342829e-06 -2.2668574501074965e-05 8.6480732201678939e-06 7.1268702141871957e-05 -9.1885594468164655e-05 0.00010533412504173611 -2.9795546228683631e-05 -7.493243022630451e-06
leaf_weight=34 20 34 38 20 38 22 25 26 37 38 26 67 67 21 20 24 292
leaf_count=34 20 34 38 20 38 22 25 26 37 38 26 67 67 21 20 24 292
internal_value=2.63408e-13 -1.89718e-06 5.88801e-07 2.95219e-06 2.01503e-05 4.85125e-05 9.65269e-05 -2.54631e-06 -5.22642e-06 -3.10183e-05 4.33511e-07 1.56654e-05 4.50067e-05 -1.53429e-05 -7.31081e-06 3.1627e-05 -1.2802e-05
internal_weight=849 815 781 743 180 85 47 563 95 58 537 181 93 88 356 44 312
internal_count=849 815 781 743 180 85 47 563 95 58 537 181 93 88 356 44 312
is_linear=0
shrinkage=0.3


Tree=82
num_leaves=13
num_cat=0
split_feature=1 0 18 4 4 14 20 20 22 14 0 10
split_gain=8.63526e-07 1.01531e-06 4.60035e-07 5.86939e-07 7.18213e-07 7.82265e-07 1.3274e-06 1.99947e-06 1.45306e-06 7.99833e-07 8.4815e-07 8.39152e-07
threshold=9.1223121638934508 8.9621154342592764 -1.20792984639928 2996800.0000000005 3397650.0000000005 0.0056274851189406323 0.47660600000000003 0.32499100000000009 0.052173500000000005 0.006024138492660318 7.0179217829076803 1.5317301557206677
decision_type=2 2 2 2 2 2 2 2 2 2 2 2
left_child=1 2 -1 -4 -5 6 7 -6 -8 10 -7 -11
right_child=-2 -3 3 4 5 9 8 -9 -10 11 -12 -13
leaf_value=-4.5181341120041908e-05 4.6140618817714446e-05 -6.7092190608621295e-05 5.162613988339615e-05 -5.3851664349415592e-05 1.1860545794561971e-05 -8.8646795338718216e-05 2.791919408851894e-05 9.9624449119966633e-05 -7.4446869638222787e-05 -8.5525267226717115e-06 -3.2864972788295492e-06 1.7882329352478096e-05
leaf_weight=20 35 21 20 22 80 20 26 33 24 374 22 152
leaf_count=20 35 21 20 22 80 20 26 33 24 374 22 152
internal_value=-1.23303e-13 -1.98393e-06 -2.59755e-07 9.02511e-07 -4.4473e-07 1.16259e-06 1.94824e-05 3.74907e-05 -2.12165e-05 -4.09467e-06 -4.39343e-05 -9.13557e-07
internal_weight=849 814 793 773 753 731 163 113 50 568 42 526
internal_count=849 814 793 773 753 731 163 113 50 568 42 526
is_linear=0
shrinkage=0.3


Tree=83
num_leaves=17
num_cat=0
split_feature=7 7 1 27 6 22 21 7 26 18 18 16 21 18 16 4
split_gain=7.37867e-07 3.78333e-06 2.11927e-06 1.00753e-06 1.19593e-06 1.1454e-06 6.60346e-07 1.66253e-06 1.51111e-06 9.30282e-07 1.85873e-06 1.72571e-06 1.30699e-06 1.37889e-06 6.89803e-07 6.04037e-07
threshold=0.0057274761676436572 0.0067153313939145197 9.0778132529673741 0.8140265000000001 -0.001215878243088171 0.16947150000000002 0.84143150000000011 -1.0000000180025095e-35 0.26643750000000005 0.72057922526000107 0.63542260109669479 0.001163383162409835 0.59784100000000018 0.53932474611871262 0.0022804450450913285 7688000.0000000009
decision_type=2 2 2 2 2 2 2 2 2 2 2 2 2 2 2 2
left_child=2 -2 6 5 -5 -3 8 -8 14 10 12 -11 13 -10 -1 -6
right_child=1 3 -4 4 15 -7 7 -9 9 11 -12 -13 -14 -15 -16 -17
leaf_value=-2.3242027419948604e-05 -0.00013738032437231594 8.5151614819716837e-05 8.0519569676271792e-05 -8.1003923800640866e-05 3.5548864912016139e-05 -1.1654829994579463e-05 -1.0335673742966101e-05 0.00010060606512524828 2.4068104105941951e-06 -9.9147456152918909e-05 9.3484876963754803e-05 1.7175828726578857e-05 7.2276286761917703e-05 -7.8044688962108921e-05 -8.9678283281748663e-05 -3.3798526083046454e-05
leaf_weight=39 21 22 31 21 26 22 31 20 464 22 21 24 23 20 22 20
leaf_count=39 21 22 31 21 26 22 31 20 464 22 21 24 23 20 22 20
internal_value=-1.03011e-13 -2.06124e-05 3.79476e-06 1.4788e-06 -2.16833e-05 3.67484e-05 3.27599e-07 3.31709e-05 -2.31021e-06 2.46059e-06 6.02538e-06 -3.8457e-05 2.4028e-06 -9.17632e-07 -4.72026e-05 5.39783e-06
internal_weight=849 132 717 111 67 44 686 51 635 574 528 46 507 484 61 46
internal_count=849 132 717 111 67 44 686 51 635 574 528 46 507 484 61 46
is_linear=0
shrinkage=0.3


Tree=84
num_leaves=17
num_cat=0
split_feature=0 2 18 5 15 13 18 27 27 27 0 6 21 9 10 25
split_gain=1.06498e-06 9.64754e-07 6.80907e-07 5.80322e-07 1.29197e-06 3.59681e-06 9.28241e-07 9.97449e-07 1.60244e-06 8.85049e-07 1.1482e-06 1.14506e-06 9.73458e-07 8.18989e-07 5.43898e-07 4.24732e-07
threshold=9.0778135336731953 8.8909175852540354 1.1200202599424589 -0.0023296247625888516 -0.0023350831674650518 0.009032735805274977 0.72057922526000107 0.72493450000000015 0.68075600000000014 0.84447200000000011 7.0445343941891121 0.0011561954667366244 0.53317950000000014 0.02879299109554528 0.29476636747779461 0.36666650000000006
decision_type=2 2 2 2 2 2 2 2 2 2 2 2 2 2 2 2
left_child=1 2 3 9 5 -5 7 8 -6 12 11 -11 14 -9 -1 -16
right_child=-2 -3 -4 4 6 -7 -8 13 -10 10 -12 -13 -14 -15 15 -17
leaf_value=8.9608729494477086e-06 -5.0493083301716978e-05 6.2802543209766989e-05 5.3769799537154284e-05 -0.00012649081744474161 3.6835100097803543e-06 3.3125528534583279e-05 -5.4487683343852819e-05 -3.4772937807446862e-07 9.1465786863409451e-05 5.2947975551621215e-05 8.3088760457030735e-05 -3.1356488787047244e-05 4.8195421015861932e-05 -4.716535046296682e-05 -9.0266007501585676e-06 -6.4728914659489025e-05
leaf_weight=34 36 23 21 27 61 24 28 369 27 29 30 29 24 37 22 28
leaf_count=34 36 23 21 27 61 24 28 369 27 29 30 29 24 37 22 28
internal_value=-1.16275e-13 2.23586e-06 4.72522e-07 -9.8293e-07 -5.80289e-06 -5.13772e-05 -1.35022e-06 1.66162e-06 3.06167e-05 1.31081e-05 3.54411e-05 1.07957e-05 -5.08921e-06 -4.61436e-06 -2.03134e-05 -4.02199e-05
internal_weight=849 813 790 769 573 51 522 494 88 196 88 58 108 406 84 50
internal_count=849 813 790 769 573 51 522 494 88 196 88 58 108 406 84 50
is_linear=0
shrinkage=0.3


Tree=85
num_leaves=26
num_cat=0
split_feature=6 0 18 27 9 12 13 12 9 5 18 5 9 11 16 27 13 3 27 8 7 22 19 20 10
split_gain=6.01563e-07 1.10856e-06 5.4771e-07 2.38888e-06 1.7941e-06 1.92427e-06 2.46478e-06 1.5455e-06 2.55522e-06 1.54789e-06 1.43314e-06 2.06012e-06 8.56395e-07 1.20226e-06 1.58357e-06 1.04119e-06 1.06075e-06 1.09435e-06 9.02018e-07 1.32577e-06 7.86915e-07 8.81726e-07 7.85575e-07 4.26343e-07 4.10954e-07
threshold=-0.0098496908512177364 9.0778130543897717 0.20322003627460469 0.64186100000000013 0.0076559634544359698 -0.00083243795660343373 0.0089789461252828412 0.00010495875166938695 0.016821044538047007 -0.0020223485649089683 0.11707705889152929 0.0023459704705379443 0.017049295101599225 60.962598054669861 0.0024081289107546824 0.77147550000000009 0.010529369215845498 7.1559038162231454 0.71781150000000016 0.020222830712567728 -0.0021868769672515353 0.19235450000000001 -0.013815499999999998 0.35238850000000005 0.8801736120919943
decision_type=2 2 2 2 2 2 2 2 2 2 2 2 2 2 2 2 2 2 2 2 2 2 2 2 2
left_child=-1 2 10 -4 -5 6 -6 8 -7 -9 12 24 15 14 22 18 17 -17 23 -20 -15 -22 -14 -2 -12
right_child=1 -3 3 4 5 7 -8 9 -10 -11 11 -13 13 20 -16 16 -18 -19 19 -21 21 -23 -24 -25 -26
leaf_value=3.9097338423530073e-05 1.2608536606986209e-05 -5.3099228595480477e-05 0.0001020132533085416 8.6716153912545579e-05 9.4319582603930027e-05 -9.9994461140197102e-06 -2.4733821637396587e-05 -7.1193206922462842e-05 -0.00013349278882378711 2.0566444660429482e-05 -0.00011328983525180031 2.9997895710818868e-05 0.00011584747398592298 -5.8730286427817189e-05 -9.7548843941381302e-06 -5.2493651499516574e-05 4.4746527382812925e-05 -5.5437898298248081e-06 0.00010576909693554626 2.1412507521745284e-06 5.2369211036420896e-05 -2.3915737947390878e-05 3.9022589771775525e-05 -4.4327188277293317e-05 -5.4617801600085974e-05
leaf_weight=34 29 36 24 21 34 38 29 21 25 78 22 21 25 20 29 86 20 93 20 25 25 30 23 20 21
leaf_count=34 29 36 24 21 34 38 29 21 25 78 22 21 25 20 29 86 20 93 20 25 25 30 23 20 21
internal_value=9.37314e-14 -1.63105e-06 7.47449e-07 1.16695e-05 2.85549e-06 -4.9715e-06 3.95172e-05 -2.22727e-05 -5.90047e-05 1.10228e-06 -5.04618e-06 -4.70218e-05 9.9076e-07 1.92629e-05 4.5595e-05 -8.48832e-06 -2.07794e-05 -2.81007e-05 1.75321e-05 4.81981e-05 -7.7713e-06 1.07592e-05 7.90356e-05 -1.06305e-05 -8.46361e-05
internal_weight=849 815 779 270 246 225 63 162 63 99 509 64 445 152 77 293 199 179 94 45 75 55 48 49 43
internal_count=849 815 779 270 246 225 63 162 63 99 509 64 445 152 77 293 199 179 94 45 75 55 48 49 43
is_linear=0
shrinkage=0.3


Tree=86
num_leaves=15
num_cat=0
split_feature=1 0 10 5 12 9 7 15 9 1 2 7 4 19
split_gain=7.41737e-07 9.53787e-07 4.64378e-07 7.45762e-07 8.94045e-07 1.20786e-06 6.97648e-07 1.42746e-06 6.93753e-07 5.9477e-07 1.35641e-06 1.34432e-06 1.11004e-06 8.30515e-07
threshold=9.1223121638934508 8.9621154342592764 -1.5664171063850958 0.0072093160190853352 -0.00042478967197896457 0.016961638748112014 -0.0061576486908527161 0.0011607377135358825 0.010303205893064781 6.9755978683089852 6.9521901245258517 -0.0037347324244248739 3841800.0000000005 0.19426450000000003
decision_type=2 2 2 2 2 2 2 2 2 2 2 2 2 2
left_child=1 2 -1 6 -5 8 7 -4 -6 11 -11 -8 -13 -12
right_child=-2 -3 3 4 5 -7 9 -9 -10 10 13 12 -14 -15
leaf_value=-4.1261545584347913e-05 4.276322355508455e-05 -6.4943417081459693e-05 -1.6213152775890193e-08 -7.2876184462074885e-05 1.3784688907553969e-06 5.5082847589176253e-05 -5.6887034911441826e-05 9.8403080638880582e-05 -7.501899621274788e-05 -6.3742055301025343e-05 1.1845864083359217e-05 -3.4510494651840416e-05 2.9676268799026648e-05 -1.7439280491765424e-05
leaf_weight=24 35 21 36 25 23 20 22 21 20 33 212 28 181 148
leaf_count=24 35 21 36 25 23 20 22 21 20 33 212 28 181 148
internal_value=8.7575e-14 -1.83871e-06 -1.67593e-07 1.11492e-06 -2.48741e-05 -5.82569e-06 4.47327e-06 3.62435e-05 -3.41552e-05 1.57118e-06 -5.52972e-06 1.36519e-05 2.10771e-05 -1.93584e-07
internal_weight=849 814 793 769 88 63 681 57 43 624 393 231 209 360
internal_count=849 814 793 769 88 63 681 57 43 624 393 231 209 360
is_linear=0
shrinkage=0.3


Tree=87
num_leaves=26
num_cat=0
split_feature=21 26 17 21 9 29 5 5 8 9 14 10 17 10 0 6 18 6 10 27 12 4 17 5 7
split_gain=6.30541e-07 2.93153e-06 4.29824e-06 2.16958e-06 1.01294e-06 1.37436e-06 1.19649e-06 9.53271e-07 1.17358e-06 1.5774e-06 1.33371e-06 1.09307e-06 1.64934e-06 7.82902e-07 8.94797e-07 1.06765e-06 1.95331e-06 1.28901e-06 8.89873e-07 8.63733e-07 7.82392e-07 7.20961e-07 7.14968e-07 4.82988e-07 5.35417e-07
threshold=0.41199650000000004 0.46088250000000003 0.0034522133969847467 0.38930150000000008 0.010126818190562414 1.5000000000000002 0.003314974245774518 0.003314974245774518 0.059804640641189906 0.015871935333471004 0.0072202093561757373 1.1153315382925195 0.0011806229108747397 -0.10092284000317217 9.4338064219478479 -0.0023227573528035637 0.1863255199424958 -0.0044818956404323951 0.46909839577170787 0.91770250000000009 -0.0010470806837923729 5657150.0000000009 0.0031512860787212618 0.0078872816583709579 -0.0011533592491256245
decision_type=2 2 2 2 2 2 2 2 2 2 2 2 2 2 2 2 2 2 2 2 2 2 2 2 2
left_child=3 7 -3 4 5 21 -7 8 9 11 -11 12 -2 20 15 16 17 -15 -17 -20 -6 -1 -13 24 -9
right_child=1 2 -4 -5 13 6 -8 23 -10 10 -12 22 -14 14 -16 18 -18 -19 19 -21 -22 -23 -24 -25 -26
leaf_value=3.4034977896908455e-05 -6.3268148304142287e-05 -1.0946359248009684e-05 -0.00018440433414070866 0.00010076703433047181 -5.3232957143336537e-06 9.2114784992362893e-05 1.0400832434243056e-06 -9.694864534789563e-06 6.4447937946918973e-05 3.1204685497372834e-07 -9.5047680844634821e-05 0.0001016679051515114 4.0750243946978816e-05 3.099724255215388e-05 -5.9769412369600364e-05 4.02947676668512e-05 -2.6827827323045469e-05 0.00012999681375731596 -2.0154938610799822e-05 2.7834567379436411e-05 -8.3870839547931346e-05 -4.1115050569512989e-05 2.2411948616536389e-05 7.4903291078953764e-06 -7.4672879687568631e-05
leaf_weight=20 23 36 20 21 25 37 20 21 34 33 22 21 34 29 21 34 29 20 191 41 21 27 20 24 25
leaf_count=20 23 36 20 21 25 37 20 21 34 33 22 21 34 29 21 34 29 20 191 41 21 27 20 24 25
internal_value=-2.32877e-13 -1.06988e-05 -7.28956e-05 6.24761e-06 2.39342e-06 2.88427e-05 6.01587e-05 2.85384e-06 1.40325e-05 2.82911e-06 -3.78318e-05 2.5649e-05 -1.22209e-06 -4.29935e-06 3.48871e-07 4.01888e-06 3.48827e-05 7.14052e-05 -5.03141e-06 -1.1674e-05 -4.1182e-05 -9.13632e-06 6.30065e-05 -2.70092e-05 -4.5009e-05
internal_weight=849 313 56 536 515 104 57 257 187 153 55 98 57 411 365 344 78 49 266 232 46 47 41 70 46
internal_count=849 313 56 536 515 104 57 257 187 153 55 98 57 411 365 344 78 49 266 232 46 47 41 70 46
is_linear=0
shrinkage=0.3


Tree=88
num_leaves=19
num_cat=0
split_feature=1 17 1 27 27 4 8 9 18 21 9 27 22 13 13 22 13 18
split_gain=6.45629e-07 6.82045e-07 2.47277e-06 4.10197e-07 1.20683e-06 1.08434e-06 1.08374e-06 1.87084e-06 1.3581e-06 1.26027e-06 1.06569e-06 7.83846e-07 1.30443e-06 7.98856e-07 8.83943e-07 9.94645e-07 8.98146e-07 7.47658e-07
threshold=9.1223121638934508 0.0057604213341483955 7.0122381085915029 0.9033945000000001 0.89653050000000012 9691050.0000000019 0.024302604398774619 0.018045951690816204 0.14710005960644215 0.049996000000000006 0.016436875659314201 0.87623800000000018 0.052173500000000005 0.0062389008503766193 0.0075092700580597482 0.28300700000000006 0.0083664697019512849 -0.27987473882009023
decision_type=2 2 2 2 2 2 2 2 2 2 2 2 2 2 2 2 2 2
left_child=1 3 -3 4 11 6 8 9 17 -8 -7 13 -13 -1 15 -15 -16 -5
right_child=-2 2 -4 5 -6 10 7 -9 -10 -11 -12 12 -14 14 16 -17 -18 -19
leaf_value=-5.9243431931700674e-05 3.9896713815323892e-05 3.4675633936274151e-05 -0.00011450525785107857 6.1644585333521136e-06 -7.2619993980796682e-05 -6.2412638463087952e-05 3.6151802996755576e-05 -1.9832388366012309e-05 5.5243644020755215e-05 0.00013912121519494932 1.7595061883419535e-05 9.4181628167575585e-05 -2.9134980319544082e-06 4.4882825238202804e-06 -3.3477780720630185e-05 7.6260255838860749e-05 1.1370513578371067e-08 -7.3979544067697122e-05
leaf_weight=23 35 20 20 22 22 29 20 20 26 23 31 20 33 57 94 25 309 20
leaf_count=23 35 20 20 22 22 29 20 20 26 23 31 20 33 57 94 25 309 20
internal_value=3.33227e-14 -1.71546e-06 -3.99148e-05 2.58666e-07 -3.69436e-06 1.23247e-05 2.76224e-05 5.59711e-05 1.35826e-06 9.12285e-05 -2.10753e-05 -9.91393e-07 3.37262e-05 -4.6135e-06 -2.0228e-06 2.637e-05 -7.79999e-06 -3.19994e-05
internal_weight=849 814 40 774 583 191 131 63 68 43 60 561 53 508 485 82 403 42
internal_count=849 814 40 774 583 191 131 63 68 43 60 561 53 508 485 82 403 42
is_linear=0
shrinkage=0.3


Tree=89
num_leaves=15
num_cat=0
split_feature=14 0 2 15 8 2 8 11 14 26 4 5 4 6
split_gain=5.85086e-07 1.62141e-06 6.11813e-07 3.60756e-07 8.10931e-07 8.50264e-07 1.08283e-06 7.33354e-07 1.22054e-06 1.88554e-06 8.50773e-07 7.60005e-07 6.98626e-07 6.32362e-07
threshold=0.017595470063500731 9.0778135336731953 8.8909175852540354 0.0070464401511165621 0.078224602724186243 6.9598939418792733 0.092926785799935879 56.790856722280139 0.0077519663793510591 0.50860550000000015 14825600.000000002 -0.0070582867927441234 9429050.0000000019 -0.001215878243088171
decision_type=2 2 2 2 2 2 2 2 2 2 2 2 2 2
left_child=1 2 3 4 7 -6 -7 10 13 -10 11 -1 -5 -9
right_child=-2 -3 -4 12 5 6 -8 8 9 -11 -12 -13 -14 -15
leaf_value=5.0942836507881743e-05 3.5891164253161357e-05 -7.400905439377917e-05 4.896941559506914e-05 1.5349759660938825e-07 7.6799777298219843e-05 6.164076126072938e-05 -2.3295400008334713e-05 -4.2810326011830411e-05 -0.00012919879452965688 -1.4312966425814959e-05 6.4610070767230353e-05 -2.0220396312215967e-06 -6.881047944261808e-05 8.9849401016787553e-06
leaf_weight=26 39 27 23 39 24 22 35 27 20 36 20 392 20 99
leaf_count=26 39 27 23 39 24 22 35 27 20 36 20 392 20 99
internal_value=-8.14136e-14 -1.72809e-06 7.64354e-07 -6.94484e-07 1.20173e-06 2.94315e-05 9.48698e-06 -2.48635e-06 -1.84924e-05 -5.53436e-05 4.16456e-06 1.27243e-06 -2.32241e-05 -2.11405e-06
internal_weight=849 810 783 760 701 81 57 620 182 56 438 418 59 126
internal_count=849 810 783 760 701 81 57 620 182 56 438 418 59 126
is_linear=0
shrinkage=0.3


Tree=90
num_leaves=12
num_cat=0
split_feature=1 2 1 1 17 18 18 13 5 17 12
split_gain=6.68535e-07 9.5316e-07 4.28586e-07 8.15911e-07 5.9058e-07 5.20524e-07 1.02431e-06 1.12378e-06 7.72529e-07 9.14051e-07 8.38077e-07
threshold=9.1223121638934508 8.9087176275375395 5.8391501610312178 5.9034584735197058 0.0068073096996564319 0.25385466784086846 0.32727918094190794 0.0086595724226075522 0.0023067856171711935 0.0023201281154144938 0.00032278395411325719
decision_type=2 2 2 2 2 2 2 2 2 2 2
left_child=1 2 -1 -4 5 8 -7 -8 10 -10 -5
right_child=-2 -3 3 4 -6 6 7 -9 9 -11 -12
leaf_value=-3.5872447257008452e-05 4.0598296966761281e-05 -6.4829582178000631e-05 6.1079098286427326e-05 -1.6281202856820184e-05 4.9270839995837638e-05 -6.435575482276861e-05 1.6778185351995489e-05 -2.87758599803567e-05 5.5268649287297327e-06 5.514884729304218e-05 1.4033657718006426e-05
leaf_weight=29 35 21 20 207 21 31 99 96 105 49 136
leaf_count=29 35 21 20 207 21 31 99 96 105 49 136
internal_value=-1.33371e-14 -1.74563e-06 -7.50557e-08 1.28375e-06 -3.23656e-07 -1.76416e-06 -1.37012e-05 -5.64842e-06 3.66395e-06 2.13157e-05 -4.26132e-06
internal_weight=849 814 793 764 744 723 226 195 497 154 343
internal_count=849 814 793 764 744 723 226 195 497 154 343
is_linear=0
shrinkage=0.3


Tree=91
num_leaves=15
num_cat=0
split_feature=6 1 10 12 1 27 8 0 11 11 2 27 8 4
split_gain=6.89545e-07 1.01287e-06 6.56092e-07 1.84261e-06 5.07639e-07 4.50748e-07 5.59498e-07 3.67091e-07 5.24699e-07 8.91411e-07 8.46692e-07 9.62758e-07 8.39708e-07 3.1245e-07
threshold=0.015017487699936464 9.1223121638934508 1.8410159009148497 0.0013684493751417307 8.944316745327443 0.72924800000000012 0.030391528601835104 8.833069106192255 58.849435988095365 57.527026043772189 6.9677956795664171 0.77326100000000009 0.032663140007528312 9226900.0000000019
decision_type=2 2 2 2 2 2 2 2 2 2 2 2 2 2
left_child=1 2 4 -4 7 -5 -7 8 9 12 -10 -12 -1 -8
right_child=-2 -3 3 5 -6 6 13 -9 10 -11 11 -13 -14 -15
leaf_value=-2.04066715097276e-06 -5.3685149461151529e-05 5.2861934876670023e-05 -7.8002156389326649e-05 -3.6407753714229327e-05 4.5722389666025264e-05 5.5382909912233504e-05 1.8943692634820763e-05 -3.6797412894884475e-05 6.2445479254106875e-05 -4.8215520063032662e-05 -4.1770296028127109e-05 2.2369953250531311e-05 4.9132175794394215e-05 -3.1827495781726612e-05
leaf_weight=418 21 33 36 20 24 21 24 22 31 35 28 85 31 20
leaf_count=418 21 33 36 20 24 21 24 22 31 35 28 85 31 20
internal_value=7.62063e-14 1.36158e-06 -7.76171e-07 -2.11165e-05 2.87543e-06 2.97629e-06 1.50945e-05 1.29338e-06 2.62778e-06 -2.10216e-06 1.85256e-05 6.47679e-06 1.49242e-06 -4.13412e-06
internal_weight=849 828 795 121 674 85 65 650 628 484 144 113 449 44
internal_count=849 828 795 121 674 85 65 650 628 484 144 113 449 44
is_linear=0
shrinkage=0.3


Tree=92
num_leaves=22
num_cat=0
split_feature=0 3 4 14 8 14 16 27 11 27 6 4 17 17 16 11 9 5 10 22 2
split_gain=7.22718e-07 6.37043e-07 3.03402e-07 9.50605e-07 9.13895e-07 1.12775e-06 1.10965e-06 1.00983e-06 9.89729e-07 9.8242e-07 8.16291e-07 7.45034e-07 9.93652e-07 8.89061e-07 8.10236e-07 2.10876e-06 1.06642e-06 9.7357e-07 1.06666e-06 7.96711e-07 5.97874e-07
threshold=9.0778135336731953 8.9621157646179217 6903400.0000000009 0.0044493840791335823 -0.0012543966198606822 0.0044321829149464335 0.0011019539534811429 0.92909150000000007 52.357004348604413 0.95091500000000007 0.0012315557649788397 6204450.0000000009 0.002422721968423169 0.0011135050910069026 0.0011217310230397148 57.457849542019865 0.014689474509975911 -0.0022185868413812254 0.016580484728151958 0.044070500000000006 6.8273476665415815
decision_type=2 2 2 2 2 2 2 2 2 2 2 2 2 2 2 2 2 2 2 2 2
left_child=1 2 3 -1 20 6 -6 8 -7 -9 -10 14 13 -13 15 16 -5 18 -16 -19 -4
right_child=-2 -3 4 11 5 7 -8 9 10 -11 -12 12 -14 -15 17 -17 -18 19 -20 -21 -22
leaf_value=3.9760878450112143e-05 -4.1595454725514476e-05 5.4720702992199221e-05 -7.3314709383964774e-05 2.9470303350080939e-05 1.2942314076553885e-05 6.7425581993610164e-05 -8.6991984223914182e-05 -5.8984751856393086e-05 2.6168285973408977e-06 2.6216533325396085e-05 3.7553802975967948e-05 -1.7588125933798435e-05 1.3063021544274472e-05 -0.00010244916060764808 -1.287291611333785e-05 -0.00010781902843642786 -5.2761658488717247e-05 -4.3660927341890681e-05 7.4928359245776923e-05 8.8058448992259485e-06 -3.0832156426185977e-06
leaf_weight=37 36 20 20 40 20 39 20 29 156 21 98 20 22 25 20 22 22 37 33 88 24
leaf_count=37 36 20 20 40 20 39 20 29 156 21 98 20 22 25 20 22 22 37 33 88 24
internal_value=8.23527e-15 1.84187e-06 5.08225e-07 -5.82999e-06 5.94098e-06 1.06451e-05 -3.70248e-05 1.62043e-05 2.29287e-05 -2.32002e-05 1.60964e-05 -1.09572e-05 -3.91881e-05 -6.47331e-05 -3.73788e-06 -2.80234e-05 2.9122e-07 7.72268e-06 4.17958e-05 -6.72432e-06 -3.50066e-05
internal_weight=849 813 793 366 427 383 40 343 293 50 254 329 67 45 262 84 62 178 53 125 44
internal_count=849 813 793 366 427 383 40 343 293 50 254 329 67 45 262 84 62 178 53 125 44
is_linear=0
shrinkage=0.3


Tree=93
num_leaves=26
num_cat=0
split_feature=17 13 12 4 4 7 1 4 16 1 11 16 5 16 7 12 9 13 21 9 8 18 26 26 11
split_gain=5.15395e-07 1.63827e-06 1.03102e-06 1.75373e-06 1.4523e-06 1.17673e-06 8.91539e-07 7.59796e-07 7.48566e-07 8.30842e-07 7.28829e-07 1.20576e-06 1.00981e-06 7.42127e-07 1.85132e-06 1.56152e-06 1.68979e-06 7.90073e-07 8.3016e-07 7.60125e-07 1.35497e-06 6.99465e-07 5.03696e-07 9.75844e-07 3.02893e-07
threshold=0.0024038472153509204 0.0068235009852714848 0.0030171975647804699 5185500.0000000009 4221100.0000000009 -0.0037488855610727082 8.7930192970750127 9348550.0000000019 0.0073260251824646102 9.0244139166835087 49.796716318119373 0.0024198483072136066 -0.0023516710504437391 0.003428540910993269 0.005820784546877616 -0.00091957234957143182 0.014189709573241388 0.0086595724226075522 0.12863150000000004 0.0084548006112275063 0.022392861100752923 -0.1743308727058622 0.70246800000000009 0.5644880000000001 54.6710733892861
decision_type=2 2 2 2 2 2 2 2 2 2 2 2 2 2 2 2 2 2 2 2 2 2 2 2 2
left_child=8 -2 3 4 -3 7 22 -5 9 10 11 12 -1 17 15 -15 -17 19 -19 -12 -21 -20 23 -7 -24
right_child=1 2 -4 5 -6 6 -8 -9 -10 -11 13 -13 -14 14 -16 16 -18 18 21 20 -22 -23 24 -25 -26
leaf_value=1.7272472014155938e-05 -8.1867507301817207e-05 -3.9185292364281434e-06 -6.0064690380666155e-05 -6.9296328053626753e-05 -0.00010212099973812103 1.4514066442889333e-05 8.679213416144193e-05 1.2406491305227973e-05 -5.1395309974395786e-05 6.4803578615365862e-05 -4.3929308991209835e-05 -1.1941986914250939e-05 0.00011041308538220948 -4.8929269170814129e-06 -5.7728931512558895e-05 3.0489594878261037e-05 0.00014383974482370831 1.7613147647352886e-05 -7.567384536173449e-05 6.8857296975928029e-05 -3.7110928748057939e-07 -2.0751701140397926e-05 1.8336152006668271e-05 8.6478811759992485e-05 -3.2674847203783099e-05
leaf_weight=20 26 33 26 21 23 74 20 20 20 22 25 31 22 37 21 29 20 30 32 31 142 60 20 22 22
leaf_count=20 26 33 26 21 23 74 20 20 20 22 25 31 22 37 21 29 20 30 32 31 142 60 20 22 22
internal_value=1.83134e-14 -9.82127e-06 -3.15507e-06 2.64748e-06 -4.42517e-05 1.58452e-05 2.75968e-05 -2.94413e-05 5.56297e-06 7.74528e-06 5.23472e-06 3.29361e-05 6.60604e-05 4.98882e-07 2.21275e-05 4.16274e-05 7.6755e-05 -6.7332e-06 -2.57235e-05 4.96791e-06 1.2034e-05 -3.98551e-05 1.90178e-05 3.1006e-05 -8.3839e-06
internal_weight=849 307 281 255 56 199 158 41 542 522 500 73 42 427 107 86 49 320 122 198 173 92 138 96 42
internal_count=849 307 281 255 56 199 158 41 542 522 500 73 42 427 107 86 49 320 122 198 173 92 138 96 42
is_linear=0
shrinkage=0.3


Tree=94
num_leaves=22
num_cat=0
split_feature=0 10 6 4 7 15 26 26 7 7 26 8 18 14 9 14 4 9 21 11 13
split_gain=6.66936e-07 4.59413e-07 1.1313e-06 5.04983e-07 4.67124e-07 6.12759e-07 4.3855e-07 8.12054e-07 7.6669e-07 8.68537e-07 9.05145e-07 8.37961e-07 7.93219e-07 6.74782e-07 1.37467e-06 1.15646e-06 9.91782e-07 1.07946e-06 5.96639e-07 5.82732e-07 5.57411e-07
threshold=9.0778130543897717 1.9619751213854222 -0.0011596462198494612 2895300.0000000005 0.0010198377623473695 0.0022002204919862418 0.13578550000000003 0.10052800000000002 -0.0011204318406573554 -0.0034903429689170356 0.64121450000000013 -0.0048076754067939769 -0.26908496693389911 0.0069645371732862974 0.009585063463813815 0.0046296250305059876 5480950.0000000009 0.0081005671133550557 0.16343250000000004 54.860714153939568 0.0086000751425001458
decision_type=2 2 2 2 2 2 2 2 2 2 2 2 2 2 2 2 2 2 2 2 2
left_child=1 3 -3 -1 -4 -6 7 20 9 11 12 -8 -11 14 -10 -16 -15 -18 -13 -12 -5
right_child=-2 2 4 6 5 -7 8 -9 13 10 19 18 -14 16 15 -17 17 -19 -20 -21 -22
leaf_value=4.3804209481508714e-05 -3.8844382120978004e-05 8.4531192717349763e-05 -2.1351525535594971e-05 -2.9397886994737401e-05 6.1303915167214152e-05 -5.6013926991584284e-06 -6.4527637641731409e-05 6.7607473581367893e-05 7.2126134718278722e-05 1.3757354099652728e-06 -4.28236276707139e-05 3.0828214347843088e-05 7.3431143836056762e-05 -7.4733534976926857e-05 -4.3073432692020511e-05 1.0794448857125722e-05 -8.1801907379031028e-05 -7.5752096459370082e-06 -1.5119061160489696e-05 2.9595913813125203e-05 2.9944965600796939e-05
leaf_weight=22 38 20 35 29 22 28 20 22 21 20 20 41 44 31 58 94 20 149 67 20 28
leaf_count=22 38 20 35 29 22 28 20 22 21 20 20 41 44 31 58 94 20 149 67 20 28
internal_value=8.64301e-14 1.82008e-06 2.03349e-05 -9.33542e-07 5.22993e-06 2.38369e-05 -2.37248e-06 1.86492e-05 -5.11745e-06 8.42396e-06 2.87878e-05 -8.12166e-06 5.09138e-05 -1.354e-05 1.79583e-07 -9.7604e-06 -2.54074e-05 -1.63594e-05 2.32389e-06 -6.61386e-06 -2.47012e-07
internal_weight=849 811 105 706 85 50 684 79 605 232 104 128 64 373 173 152 200 169 108 40 57
internal_count=849 811 105 706 85 50 684 79 605 232 104 128 64 373 173 152 200 169 108 40 57
is_linear=0
shrinkage=0.3


Tree=95
num_leaves=20
num_cat=0
split_feature=15 27 3 15 7 7 5 7 17 4 14 12 2 15 29 6 4 10 7
split_gain=4.24145e-07 1.44376e-06 1.42966e-06 9.27154e-07 7.86709e-07 6.44326e-07 5.39558e-07 5.25699e-07 1.27395e-06 9.57739e-07 7.53391e-07 5.49964e-07 4.59319e-07 5.19607e-07 5.36477e-07 1.87938e-06 5.35208e-07 5.33497e-07 2.99184e-07
threshold=0.0023462198958119928 0.64186100000000013 9.068913936614992 0.0022002204919862418 -0.0076047011979939365 -0.0045871565137218908 0.0024038294107704907 0.0011227888773775719 0.0032949409371907856 5296600.0000000009 0.01218277148415243 -0.00016770891182558382 5.8378648847089059 0.0011267867105384231 3.5000000000000004 -0.0011857307748432185 7822950.0000000009 -1.2594837673733255 0.0022883056846365666
decision_type=2 2 2 2 2 2 2 2 2 2 2 2 2 2 2 2 2 2 2
left_child=2 -2 3 6 -3 -6 12 8 11 -9 18 -7 -1 14 17 -16 -15 -14 -11
right_child=1 4 -4 -5 5 7 -8 9 -10 10 -12 -13 13 16 15 -17 -18 -19 -20
leaf_value=4.086200600607393e-05 8.7886155129126564e-05 -4.75718877169129e-05 -7.1675404493968614e-05 -4.8406292814563914e-05 6.1000883970336869e-05 4.6947277249793324e-05 -3.7871648318882924e-05 7.7140494704508447e-05 -7.9640079729870197e-05 9.4054686477258127e-06 4.3188376616853928e-05 -1.4800416457707316e-05 3.7307054208213229e-05 2.2980442894470838e-06 -4.5737710843241074e-05 5.1863409947015625e-05 6.9400429206325489e-05 -8.9639869578038259e-06 -3.7282525420323508e-05
leaf_weight=29 20 24 27 35 20 21 29 20 20 21 28 34 24 23 26 56 20 342 30
leaf_count=29 20 24 27 35 20 21 29 20 20 21 28 34 24 23 26 56 20 342 30
internal_value=1.24413e-13 1.07438e-05 -4.18497e-06 -1.06469e-06 3.66648e-06 1.00052e-05 1.95344e-06 4.14368e-06 -1.48016e-05 1.84962e-05 3.64954e-06 8.77598e-06 4.17446e-06 2.00758e-06 -1.01595e-06 2.09167e-05 3.35085e-05 -5.92982e-06 -1.80581e-05
internal_weight=849 238 611 584 218 194 549 174 75 99 79 55 520 491 448 82 43 366 51
internal_count=849 238 611 584 218 194 549 174 75 99 79 55 520 491 448 82 43 366 51
is_linear=0
shrinkage=0.3


Tree=96
num_leaves=10
num_cat=0
split_feature=1 2 27 27 27 13 27 4 27
split_gain=6.56714e-07 1.1244e-06 3.06161e-07 3.1622e-07 5.40259e-07 4.14493e-07 5.03207e-07 9.47026e-07 4.34631e-07
threshold=9.1223121638934508 8.9087176275375395 0.55282700000000007 0.62110700000000019 0.66053500000000021 0.011638996176280546 0.7707075000000001 4062400.0000000005 0.93273300000000015
decision_type=2 2 2 2 2 2 2 2 2
left_child=1 2 -1 -4 -5 6 7 -6 -8
right_child=-2 -3 3 4 5 -7 8 -9 -10
leaf_value=-3.4022507654062004e-05 4.0237743991643325e-05 -7.0246937502815848e-05 3.3624565968728767e-05 -4.1692850694137935e-05 7.4457175261548908e-05 4.2076985350418414e-05 -7.8536268252021553e-06 6.0406773118103064e-06 1.5418245242323984e-05
leaf_weight=23 35 21 26 27 21 22 451 137 86
leaf_count=23 35 21 26 27 21 22 451 137 86
internal_value=-4.10558e-14 -1.73012e-06 8.43186e-08 1.10309e-06 -3.34092e-08 1.53536e-06 2.52024e-07 1.5134e-05 -4.12666e-06
internal_weight=849 814 793 770 744 717 695 158 537
internal_count=849 814 793 770 744 717 695 158 537
is_linear=0
shrinkage=0.3


Tree=97
num_leaves=27
num_cat=0
split_feature=6 14 7 1 15 2 17 17 15 22 9 16 13 22 21 22 16 18 27 9 21 12 11 14 5 5
split_gain=3.51725e-07 1.85974e-06 2.8988e-06 1.38862e-06 1.20637e-06 1.26529e-06 1.00016e-06 6.68632e-07 6.2413e-07 9.44407e-07 1.95204e-06 1.01512e-06 8.57794e-07 7.19451e-07 1.09037e-06 6.93127e-07 7.19321e-07 8.30059e-07 7.25244e-07 6.3773e-07 4.23833e-07 8.74065e-07 5.332e-07 8.46004e-07 6.25794e-07 5.39108e-07
threshold=0.0011462757263628312 0.006195760720531341 0.0034403381896603484 7.6969019832133254 -0.0072809658165209285 8.9443160552776053 0.0022309496536327043 0.005157483141753961 -0.0021563377098499795 0.20451350000000004 0.012378001935134062 0.0022804450450913285 0.0089645661136081075 0.044070500000000006 0.59784100000000018 0.064068500000000014 0.0034013345747488039 0.57848375842263355 0.84063100000000002 0.012851455610528589 0.4380055000000001 0.0010299441264284383 63.43551889353504 0.0092969146467200021 0.0012099119746045277 -0.0011364041662718675
decision_type=2 2 2 2 2 2 2 2 2 2 2 2 2 2 2 2 2 2 2 2 2 2 2 2 2 2
left_child=4 2 3 6 -1 8 -2 20 9 11 -11 -6 -12 14 19 -15 17 -17 -18 -10 22 -22 23 25 -25 -3
right_child=1 7 -4 -5 5 -7 -8 -9 13 10 12 -13 -14 15 -16 16 18 -19 -20 -21 21 -23 -24 24 -26 -27
leaf_value=-5.415541143457662e-05 -8.7670080357873722e-05 4.4984904548073246e-06 -0.00014105810810828448 3.2505420878692345e-05 9.6183208723652142e-05 7.9134835935044321e-05 1.5646466999896802e-06 4.7571816386123596e-05 -1.226019154273672e-05 -5.2068088130267017e-05 8.5517087539053386e-05 1.151733573715319e-05 3.5055856642429719e-06 6.0150538542984579e-05 1.650387671464738e-05 2.2625101385000887e-05 -5.0261884574026155e-05 -4.0605907468654381e-05 1.7859676881926133e-05 -8.141926890857576e-05 5.0025930018958976e-05 -1.6313247903615941e-05 -5.3948610650991211e-05 -5.8333990455139429e-06 5.175039129054229e-05 -4.9618674593393975e-05
leaf_weight=29 26 30 21 32 26 22 20 31 20 34 22 25 24 20 33 124 39 22 22 30 39 33 20 35 33 37
leaf_count=29 26 30 21 32 26 22 20 31 20 34 22 25 24 20 33 124 39 22 22 30 39 33 20 35 33 37
internal_value=-4.17789e-15 -7.16832e-06 -4.2123e-05 -1.54866e-05 5.2014e-06 8.91922e-06 -4.88724e-05 6.24452e-06 5.4164e-06 2.27778e-05 2.43994e-06 5.46803e-05 4.27285e-05 -1.9202e-06 -2.58211e-05 6.81891e-06 1.6661e-06 1.30971e-05 -2.56935e-05 -5.37556e-05 6.00703e-07 1.96205e-05 -8.23429e-06 -1.46179e-06 2.21117e-05 -2.53871e-05
internal_weight=849 357 99 78 492 463 46 258 441 131 80 51 46 310 83 227 207 146 61 50 227 72 155 135 68 67
internal_count=849 357 99 78 492 463 46 258 441 131 80 51 46 310 83 227 207 146 61 50 227 72 155 135 68 67
is_linear=0
shrinkage=0.3


Tree=98
num_leaves=25
num_cat=0
split_feature=21 16 21 0 0 8 19 19 6 14 17 6 16 9 4 21 8 4 26 27 10 21 7 4
split_gain=4.32764e-07 1.30125e-06 3.14697e-06 8.52324e-07 1.43609e-06 8.4627e-07 1.14589e-06 6.80547e-07 7.51817e-07 6.48049e-07 5.98816e-07 4.92916e-07 5.00259e-07 3.89698e-07 4.54743e-07 5.99845e-07 6.86386e-07 6.87996e-07 6.48841e-07 6.05925e-07 5.89542e-07 4.65185e-07 5.33009e-07 7.96646e-07
threshold=0.41199650000000004 0.0010341542992574587 0.48287850000000004 9.4338064219478479 8.9354164614586917 0.059804640641189906 0.101648 -0.38187749999999993 0.0046430398607449725 0.0048455452421256422 0.0034207763104267719 0.0012315557649788397 0.0034502293208424945 0.0070111658953479475 9475300.0000000019 0.15250300000000003 0.012163498489102779 6256650.0000000009 0.87597500000000006 0.86847050000000003 1.7052344882859953 0.34910400000000003 0.0036144786274331436 12784400.000000002
decision_type=2 2 2 2 2 2 2 2 2 2 2 2 2 2 2 2 2 2 2 2 2 2 2 2
left_child=3 2 -2 4 13 7 -7 -3 9 -9 -4 12 -11 -1 15 16 17 -15 -18 20 -17 22 23 -16
right_child=1 5 10 -5 -6 6 -8 8 -10 11 -12 -13 -14 14 21 19 18 -19 -20 -21 -22 -23 -24 -25
leaf_value=4.4398253417706915e-05 -0.00014511449259771325 4.2551900433745293e-05 -2.9409483942947337e-05 -5.4066894101976817e-05 8.6404237745227878e-05 -8.8245369215655956e-06 9.2728466279368141e-05 4.1192612505987513e-05 -6.7075501010549485e-05 -4.1150332027192711e-05 3.5020713775111289e-05 2.103656451536467e-05 1.6876072420148245e-06 -4.1478775528958064e-06 -4.3994662704183914e-05 4.5902981232217617e-06 -8.2430483959027559e-06 -7.6999773573334105e-05 3.8006665032038914e-05 6.6372692819403824e-05 5.2331948985550391e-05 -5.4268431485979822e-05 3.2192908444509762e-05 1.2775015684434781e-05
leaf_weight=21 20 23 37 21 20 20 20 23 20 59 20 29 42 28 45 118 78 20 42 23 29 20 27 44
leaf_count=21 20 23 37 21 20 20 20 23 20 59 20 29 42 28 45 118 78 20 42 23 29 20 27 44
internal_value=-2.06685e-14 -8.86346e-06 -4.27276e-05 5.17587e-06 7.59159e-06 2.18543e-06 4.1952e-05 -5.93018e-06 -1.23758e-05 -5.22549e-06 -6.8024e-06 -1.34379e-05 -2.33365e-05 4.40724e-06 2.63549e-06 8.5297e-06 -4.18342e-06 -3.45028e-05 7.94435e-06 2.10933e-05 1.40087e-05 -1.20134e-05 -4.72802e-06 -1.59288e-05
internal_weight=849 313 77 536 515 236 40 196 173 153 57 130 101 495 474 338 168 48 120 170 147 136 116 89
internal_count=849 313 77 536 515 236 40 196 173 153 57 130 101 495 474 338 168 48 120 170 147 136 116 89
is_linear=0
shrinkage=0.3


Tree=99
num_leaves=11
num_cat=0
split_feature=17 14 17 0 1 18 17 18 17 9
split_gain=3.85309e-07 1.23032e-06 5.59381e-07 9.41199e-07 7.51672e-07 4.03427e-07 4.88167e-07 8.61041e-07 3.14426e-07 3.49863e-07
threshold=0.0057803140003144541 0.012266523305362273 0.005157483141753961 9.3003091779372582 9.0244139166835087 1.1200202599424589 0.0044593102006429209 0.044437427119184976 0.0037060185262656592 0.02879299109554528
decision_type=2 2 2 2 2 2 2 2 2 2
left_child=2 -2 3 4 5 6 8 -8 9 -1
right_child=1 -3 -4 -5 -6 -7 7 -9 -10 -11
leaf_value=1.9770866382019146e-06 -8.2289897934515464e-05 1.8457890746503836e-05 4.9814021219520195e-05 -6.404454659787006e-05 5.7854011523821616e-05 4.2330088845119463e-05 6.1232211212174867e-06 -7.3830393830576213e-05 3.2362340825134845e-05 -2.3463154624516633e-05
leaf_weight=593 20 24 21 20 21 20 27 22 28 53
leaf_count=593 20 24 21 20 21 20 27 22 28 53
internal_value=-2.09196e-14 -2.73366e-05 1.49417e-06 1.9989e-07 1.88168e-06 2.99692e-07 -8.62975e-07 -2.97743e-05 1.23889e-06 -1.10116e-07
internal_weight=849 44 805 784 764 743 723 49 674 646
internal_count=849 44 805 784 764 743 723 49 674 646
is_linear=0
shrinkage=0.3


Tree=100
num_leaves=21
num_cat=0
split_feature=13 1 16 12 0 27 15 12 17 1 2 4 13 4 13 5 19 18 22 18
split_gain=3.63476e-07 2.10456e-06 9.97056e-07 6.93978e-07 6.83159e-07 5.80598e-07 3.80707e-07 8.12068e-07 4.08621e-07 3.93666e-07 3.97977e-07 8.36315e-07 6.6632e-07 5.852e-07 7.28892e-07 6.85851e-07 1.08931e-06 6.65241e-07 6.44561e-07 5.27777e-07
threshold=0.006886883183628718 8.9621162441320301 0.0010015254615295516 -0.00093319871477577057 9.060013718129186 0.87179000000000018 0.0070464401511165621 -0.00036943178909202521 0.0011123725402044534 8.8597671986083189 7.2852529059855451 7222650.0000000009 0.0080188737442717425 7615800.0000000009 0.0083524785399163286 -0.0011640814563283238 -0.20102449999999997 0.11707705889152929 0.021458000000000001 0.19004651395185598
decision_type=2 2 2 2 2 2 2 2 2 2 2 2 2 2 2 2 2 2 2 2
left_child=1 2 -1 -4 6 -5 9 -8 -9 10 13 -12 19 14 -2 17 -17 -15 -16 -13
right_child=4 -3 3 5 -6 -7 7 8 -10 -11 11 12 -14 15 18 16 -18 -19 -20 -21
leaf_value=5.1735039263197293e-05 -4.6987285733504561e-05 -0.00010413302897177345 -6.1772871916738426e-05 -2.4277850769749421e-05 4.1723260665094131e-05 3.7448783334070865e-05 -6.9974099830817838e-05 3.2032472115263639e-05 -2.5269926155147001e-05 -3.8702254632880797e-05 6.8677450180985039e-05 1.1376169661538181e-05 4.0020781521832302e-05 3.1080921569120055e-05 -3.8932949482350029e-05 -2.0264652026627221e-05 5.0529742908162312e-05 -2.4898354230020101e-05 3.6541325295794167e-06 -5.0243774115766755e-05
leaf_weight=27 37 20 21 32 38 24 21 21 24 20 25 29 32 29 37 27 71 56 236 22
leaf_count=27 37 20 21 32 38 24 21 21 24 20 25 29 32 29 37 27 71 56 236 22
internal_value=-1.10825e-13 -1.50094e-05 2.12976e-06 -1.52643e-05 2.56712e-06 2.17642e-06 4.01283e-07 -2.12614e-05 1.47119e-06 2.7036e-06 4.0815e-06 2.05754e-05 6.08688e-06 4.68218e-07 -7.47314e-06 1.39208e-05 3.10252e-05 -5.79954e-06 -2.11774e-06 -1.5205e-05
internal_weight=849 124 104 77 725 56 687 66 45 621 601 108 83 493 310 183 98 85 273 51
internal_count=849 124 104 77 725 56 687 66 45 621 601 108 83 493 310 183 98 85 273 51
is_linear=0
shrinkage=0.3


Tree=101
num_leaves=27
num_cat=0
split_feature=10 26 1 10 15 13 19 17 5 29 23 26 0 5 16 26 9 7 5 16 17 20 13 5 18 26
split_gain=4.00196e-07 1.36784e-06 1.87373e-06 1.10915e-06 4.47547e-07 1.67709e-06 8.9936e-07 8.11613e-07 7.3919e-07 7.23403e-07 5.60621e-07 8.98309e-07 5.21568e-07 5.65097e-07 1.50963e-06 1.13276e-06 9.07328e-07 4.51836e-07 5.74632e-07 1.04498e-06 4.81202e-07 4.78722e-07 4.50539e-07 3.85375e-07 2.66978e-07 2.65515e-07
threshold=2.0477969355376486 0.65859650000000014 8.2226702237668263 1.9707914444411736 0.001016800348532163 0.010122182921597665 -0.34914099999999998 0.0011912129185741762 0.0020502281462965203 1.5000000000000002 0.6333335000000001 0.15443000000000004 8.9087175585486431 -0.0010010405258837317 0.0012136218311538023 0.64121450000000013 0.017996675875981041 0.0061462613407497878 -0.0023227573528035637 0.001098323105564357 0.0011135050910069026 0.26376300000000003 0.0091471862535572306 0.0034129569262241755 -0.1222849456520337 0.72800900000000013
decision_type=2 2 2 2 2 2 2 2 2 2 2 2 2 2 2 2 2 2 2 2 2 2 2 2 2 2
left_child=3 2 24 4 12 6 25 8 -8 -7 11 -9 13 17 15 -15 22 18 20 -20 -1 -19 -16 -10 -2 -6
right_child=1 -3 -4 -5 5 9 7 10 23 -11 -12 -13 -14 14 16 -17 -18 21 19 -21 -22 -23 -24 -25 -26 -27
leaf_value=-1.909377434704935e-05 1.6426238589701823e-05 3.1504433961933549e-05 -0.00011934016487430199 7.0376383567755904e-05 6.7970685813634183e-05 -1.9252315355010471e-05 6.4981667028831671e-05 1.0576789298449346e-06 -3.2242109820957843e-05 -8.6939468646960447e-05 1.5944925298054629e-06 -7.7691272704782935e-05 5.0353288616347324e-05 2.0191932633844607e-05 -2.9665196177091349e-06 0.00011883997401127997 -5.6198621911919742e-05 -4.7794892610830216e-06 -8.8337382567260644e-05 -1.0195889965993344e-05 1.5264815181712339e-05 5.8683192717126071e-05 4.6250290252968483e-05 1.4986756605139817e-05 -2.8955969657675134e-05 1.9086790398432637e-05
leaf_weight=59 20 34 20 21 20 27 20 22 23 30 39 32 23 22 47 20 21 23 20 67 97 20 26 48 28 20
leaf_count=59 20 34 20 21 20 27 20 22 23 30 39 32 23 22 47 20 21 23 20 67 97 20 26 48 28 20
internal_value=5.09281e-14 -1.76264e-05 -4.21918e-05 2.40682e-06 4.40759e-07 -8.93269e-06 2.75854e-06 -6.10455e-06 1.40377e-05 -5.48771e-05 -2.58136e-05 -4.56084e-05 6.35972e-06 3.96197e-06 1.98819e-05 6.71672e-05 -1.24564e-06 -3.60833e-06 -8.62435e-06 -2.81595e-05 2.27022e-06 2.4738e-05 1.45628e-05 -3.12735e-07 -1.00467e-05 4.35287e-05
internal_weight=849 102 68 747 726 281 224 184 91 57 93 54 445 422 136 42 94 286 243 87 156 43 73 71 48 40
internal_count=849 102 68 747 726 281 224 184 91 57 93 54 445 422 136 42 94 286 243 87 156 43 73 71 48 40
is_linear=0
shrinkage=0.3


Tree=102
num_leaves=16
num_cat=0
split_feature=14 0 21 27 12 5 15 5 9 15 21 22 16 4 0
split_gain=3.88203e-07 7.77125e-07 3.24011e-07 4.00965e-07 6.07467e-07 4.58779e-07 1.32034e-06 4.28207e-07 5.93894e-07 4.30514e-07 5.5532e-07 4.66341e-07 4.02822e-07 2.5715e-07 2.29272e-07
threshold=0.018686448787350447 9.0778130543897717 0.027275000000000004 0.93273300000000015 4.8483505666221254e-05 0.004914427406184421 0.0058788818028176065 0.0034560725361366964 0.015782197863079373 0.0023201281154145163 0.42448450000000004 0.60255800000000015 1.0000000180025095e-35 7890550.0000000009 7.0501515394509964
decision_type=2 2 2 2 2 2 2 2 2 2 2 2 2 2 2
left_child=1 2 14 5 -5 7 -7 9 -9 11 -11 -4 -8 -14 -1
right_child=-2 -3 3 4 -6 6 12 8 -10 10 -12 -13 13 -15 -16
leaf_value=-4.5091110729592161e-05 3.1899575101719658e-05 -4.867848287176457e-05 4.2628191733547496e-07 3.1540011605102333e-06 6.8363420934218765e-05 6.3931687563544492e-05 1.9704929651021715e-05 -5.4192570488257016e-05 7.1077503735068597e-06 6.4657186353542787e-05 -6.0384915559552616e-06 -2.8061189340467351e-05 -1.8025164558821414e-06 -4.9910201873899495e-05 -2.7319218914904604e-06
leaf_weight=23 33 30 419 36 20 37 31 33 25 20 20 59 20 20 23
leaf_count=23 33 30 419 36 20 37 31 33 25 20 20 59 20 20 23
internal_value=-1.45734e-13 -1.29006e-06 5.18662e-07 2.03729e-06 2.64431e-05 3.91603e-08 1.79821e-05 -3.32515e-06 -2.777e-05 -5.88078e-07 2.93093e-05 -3.08995e-06 -5.9634e-06 -2.58564e-05 -2.39115e-05
internal_weight=849 816 786 740 56 684 108 576 58 518 40 478 71 40 46
internal_count=849 816 786 740 56 684 108 576 58 518 40 478 71 40 46
is_linear=0
shrinkage=0.3


Tree=103
num_leaves=22
num_cat=0
split_feature=1 3 17 16 17 24 16 6 21 12 19 22 16 8 12 10 12 15 10 9 27
split_gain=5.13609e-07 7.69649e-07 2.30602e-07 3.67867e-07 6.79413e-07 5.22537e-07 4.67142e-07 5.25808e-07 5.56283e-07 4.58848e-07 3.97824e-07 3.43829e-07 3.24112e-07 2.84542e-07 6.42462e-07 8.00869e-07 4.6657e-07 5.55404e-07 5.27965e-07 4.33499e-07 4.07805e-07
threshold=9.1223121638934508 8.9621157646179217 0.0030801070459580181 0.0010378572649346518 0.0050000990749189478 0.22500000000000003 0.0012026772527144907 -0.0057870172748960306 0.22607200000000002 7.6952870450853531e-05 -0.00099049999999999984 0.0104685 0.0024081289107546824 0.032003157828103701 -0.0023380052672309325 1.0342577268445636 -0.0022503539094952032 -0.0059562045330901888 0.29476636747779461 0.012443633095819881 0.77326100000000009
decision_type=2 2 2 2 2 2 2 2 2 2 2 2 2 2 2 2 2 2 2 2 2
left_child=1 2 11 4 5 9 10 -8 -9 -4 -5 -1 -10 16 -15 -16 -13 18 -18 -17 -19
right_child=-2 -3 3 6 -6 -7 7 8 12 -11 -12 13 -14 14 15 19 17 20 -20 -21 -22
leaf_value=-3.1709199311080739e-05 3.5584578134018682e-05 -5.8216915541769201e-05 1.7979013600779582e-05 5.8392794649080315e-05 2.3730542526126639e-05 -6.6747737528203281e-05 -5.2120414771447293e-05 -2.7236865563888082e-05 -3.6051581248656193e-06 -4.4805724370565838e-05 2.5690776156908315e-06 3.9913826287829576e-05 4.574123155907728e-05 -3.6796153835894074e-05 6.3692124486776938e-05 4.7282684522542692e-05 -6.7213079711853585e-06 9.2092727370002708e-06 5.7619395465735576e-05 3.0845233242753007e-06 -1.6739132013487673e-05
leaf_weight=24 35 21 20 20 22 30 21 36 23 22 27 24 25 20 31 24 22 78 24 119 181
leaf_count=24 35 21 20 20 22 30 21 36 23 22 27 24 25 20 31 24 22 78 24 119 181
internal_value=6.23269e-14 -1.53005e-06 -2.88839e-08 -7.65743e-06 -2.24096e-05 -3.6508e-05 1.46564e-06 -9.66137e-06 9.53393e-07 -1.49082e-05 2.63239e-05 3.40187e-06 2.20961e-05 5.01309e-06 1.41256e-05 1.99787e-05 -3.60277e-07 -3.52939e-06 2.68478e-05 1.05024e-05 -8.92455e-06
internal_weight=849 814 793 246 94 72 152 105 84 42 47 547 48 523 194 174 329 305 46 143 259
internal_count=849 814 793 246 94 72 152 105 84 42 47 547 48 523 194 174 329 305 46 143 259
is_linear=0
shrinkage=0.3


Tree=104
num_leaves=21
num_cat=0
split_feature=6 17 6 2 12 2 18 5 6 11 9 18 16 12 9 14 21 26 13 10
split_gain=3.71116e-07 6.30677e-07 5.00297e-07 1.82932e-06 7.81728e-07 5.70473e-07 5.92998e-07 5.34202e-07 3.66867e-07 1.17731e-06 6.39343e-07 5.92681e-07 5.75808e-07 9.61548e-07 5.63211e-07 3.85001e-07 5.19416e-07 5.49921e-07 2.96205e-07 2.20455e-07
threshold=-0.0098496908512177364 0.0057803140003144541 -0.0033130739709452237 9.0244151048369314 0.00054470858057874532 6.9292925817502242 -0.16710222149678658 0.0022988658834737865 0.0030378913522702447 52.261297974300639 0.011798624089910661 -0.20338941146453873 0.0011086212668829382 0.00058985963661895761 0.014480269036303018 0.0044943779289321924 0.14703650000000004 0.48089450000000006 0.0092162734354979663 1.2368435643399642
decision_type=2 2 2 2 2 2 2 2 2 2 2 2 2 2 2 2 2 2 2 2
left_child=-1 2 4 8 5 6 -2 -7 9 12 11 -11 -4 -14 -12 -10 19 -18 -6 -17
right_child=1 -3 3 -5 18 7 -8 -9 15 10 14 -13 13 -15 -16 16 17 -19 -20 -21
leaf_value=3.0708730852946994e-05 -1.8420869610054068e-05 -3.9017851961967895e-05 5.7503847738889106e-07 8.5447639605717995e-05 -2.552615548795854e-05 -4.576294279492204e-05 4.8268604955410411e-05 1.6026832308853046e-05 -4.736447600797484e-05 1.0711191238702406e-05 2.6263088930818414e-05 -5.1801102962109813e-05 2.6735679427229813e-05 0.00010764255307094571 -5.0611509399766281e-06 -5.5874709232739406e-06 -1.1213043875185949e-05 2.8550799721289939e-05 -7.6539577321454999e-05 -3.8472811688152855e-05
leaf_weight=34 20 38 26 24 21 34 30 20 21 21 75 39 39 20 166 32 68 58 20 43
leaf_count=34 20 38 26 24 21 34 30 20 21 21 75 39 39 20 166 32 68 58 20 43
internal_value=-3.9228e-14 -1.2811e-06 5.64455e-07 4.21074e-06 -1.53283e-05 -1.49772e-06 2.15928e-05 -2.28778e-05 1.00402e-06 6.59266e-06 -2.21172e-06 -2.99218e-05 3.77705e-05 5.41617e-05 4.68706e-06 -8.71317e-06 -4.67498e-06 7.09095e-06 -5.04108e-05 -2.44417e-05
internal_weight=849 815 777 632 145 104 50 54 608 386 301 60 85 59 241 222 201 126 41 75
internal_count=849 815 777 632 145 104 50 54 608 386 301 60 85 59 241 222 201 126 41 75
is_linear=0
shrinkage=0.3


Tree=105
num_leaves=13
num_cat=0
split_feature=10 14 4 10 1 14 21 8 26 15 21 6
split_gain=3.80494e-07 6.68447e-07 7.27402e-07 1.63579e-06 6.85098e-07 3.75531e-07 3.21936e-07 5.49609e-07 3.04018e-07 5.22041e-07 4.88172e-07 2.81551e-07
threshold=2.6781912912697767 0.018686448787350447 14825600.000000002 1.8076503365588883 9.0778132529673741 0.0090600140880270821 0.7759735000000002 0.027833124583923941 0.26643750000000005 0.0011350997055084449 0.58975050000000007 -0.0057339967040178795
decision_type=2 2 2 2 2 2 2 2 2 2 2 2
left_child=1 2 4 5 6 -4 8 -8 9 -1 11 -10
right_child=-2 -3 3 -5 -6 -7 7 -9 10 -11 -12 -13
leaf_value=-5.109666354396073e-05 -3.9879244656861246e-05 5.0347223279345599e-05 2.4299768455631026e-05 -0.00010221306944004027 5.4445461467945607e-05 -2.8325154056327175e-05 -9.6862962891464125e-06 4.4955363523513367e-05 1.8179085863251249e-05 9.9013495914930346e-06 3.7838801201814928e-05 -3.7198371355811528e-06
leaf_weight=28 21 24 26 20 22 23 30 37 59 23 30 506
leaf_count=28 21 24 26 20 22 23 30 37 59 23 30 506
internal_value=-5.25249e-14 1.01143e-06 -4.6128e-07 -2.99123e-05 2.30351e-06 -4.01726e-07 6.94637e-07 2.04889e-05 -1.35833e-06 -2.35878e-05 5.47046e-07 -1.43305e-06
internal_weight=849 828 804 69 735 49 713 67 646 51 595 565
internal_count=849 828 804 69 735 49 713 67 646 51 595 565
is_linear=0
shrinkage=0.3


Tree=106
num_leaves=9
num_cat=0
split_feature=0 1 20 20 27 27 26 6
split_gain=3.72986e-07 3.15008e-07 1.74459e-07 3.1081e-07 2.0242e-07 7.54821e-07 3.29588e-07 2.07369e-07
threshold=9.0778130543897717 8.944316745327443 0.015939000000000005 0.020475500000000004 0.94197600000000004 0.93273300000000015 0.88467200000000001 0.0024524884700561455
decision_type=2 2 2 2 2 2 2 2
left_child=1 2 -1 -4 5 6 7 -5
right_child=-2 -3 3 4 -6 -7 -8 -9
leaf_value=-2.7395438723942789e-05 -2.9049055123514815e-05 3.3221247854776768e-05 3.5333277011649562e-05 3.8060848907149347e-06 -2.2688534938745708e-05 5.5706744507750207e-05 -3.8692687558068424e-05 -7.8308227567502023e-06
leaf_weight=20 38 27 23 470 34 22 20 195
leaf_count=20 38 27 23 470 34 22 20 195
internal_value=1.12292e-13 1.36111e-06 2.63891e-07 9.87957e-07 -7.80919e-08 1.00926e-06 -7.47452e-07 3.93759e-07
internal_weight=849 811 784 764 741 707 685 665
internal_count=849 811 784 764 741 707 685 665
is_linear=0
shrinkage=0.3


Tree=107
num_leaves=17
num_cat=0
split_feature=16 16 0 1 12 27 24 2 22 6 16 19 5 5 19 7
split_gain=3.09613e-07 6.05227e-07 3.58264e-07 4.16762e-07 2.02257e-07 5.18015e-07 3.86583e-07 3.43781e-07 2.85251e-07 6.04881e-07 4.89304e-07 4.05469e-07 7.56484e-07 3.86277e-07 3.31551e-07 2.67833e-07
threshold=0.007500034406359002 0.0062267122789930549 9.0778130543897717 8.9621162441320301 0.00071472753548623409 0.91982550000000007 0.35416650000000005 6.6517865815032904 0.34332400000000002 -0.0011513231888704153 0.0024676111283885617 -0.46311999999999992 -0.0048900407631054894 -0.0024692082927374559 -0.56589749999999983 0.0012315557649788397
decision_type=2 2 2 2 2 2 2 2 2 2 2 2 2 2 2 2
left_child=1 2 3 4 8 6 7 -6 9 13 -11 14 -13 -1 -10 -8
right_child=-2 -3 -4 -5 5 -7 15 -9 11 10 -12 12 -14 -15 -16 -17
leaf_value=1.1303599858365488e-05 -3.1021978190080646e-05 5.0145503429245179e-05 -3.2456276967423032e-05 4.1657063709201547e-05 -1.4246667938898419e-05 -2.9596966573990357e-05 1.4508292952086775e-05 1.5595040758019029e-05 -5.0620499555028188e-08 -9.5756441210392571e-06 2.3114961092807013e-05 -3.2503562646446012e-05 2.8011306387350149e-05 -3.456789890941237e-05 -4.2131272386375879e-05 6.3605071206325191e-05
leaf_weight=20 28 22 30 22 51 30 20 109 72 127 61 23 97 95 22 20
leaf_count=20 28 22 30 22 51 30 20 109 72 127 61 23 97 95 22 20
internal_value=-2.74576e-14 1.058e-06 -2.93599e-07 9.61122e-07 -2.3742e-07 7.16364e-06 1.26777e-05 6.083e-06 -3.52996e-06 -9.45205e-06 1.03141e-06 4.85506e-06 1.64126e-05 -2.65902e-05 -9.89928e-06 3.90567e-05
internal_weight=849 821 799 769 747 230 200 160 517 303 188 214 120 115 94 40
internal_count=849 821 799 769 747 230 200 160 517 303 188 214 120 115 94 40
is_linear=0
shrinkage=0.3


Tree=108
num_leaves=17
num_cat=0
split_feature=1 3 21 21 17 4 13 4 7 10 12 12 21 21 21 26
split_gain=3.35419e-07 7.54067e-07 1.75965e-07 4.54541e-07 3.79263e-07 4.19928e-07 3.63723e-07 3.62188e-07 3.26826e-07 5.90093e-07 4.18372e-07 2.83369e-07 3.90947e-07 3.90896e-07 6.64054e-07 3.11338e-07
threshold=9.1223121638934508 8.9621157646179217 0.32195400000000007 0.27877900000000005 0.005157483141753961 13383550.000000002 0.0080064972774060699 3360500.0000000005 0.0024199019941179649 1.2481207277691035 -0.00022138376339466754 -0.001634612294482591 0.24669400000000005 0.19757700000000003 0.17950850000000004 0.72290300000000018
decision_type=2 2 2 2 2 2 2 2 2 2 2 2 2 2 2 2
left_child=1 2 3 11 5 7 -7 -4 10 -10 -9 15 13 14 -13 -1
right_child=-2 -3 4 -5 -6 6 -8 8 9 -11 -12 12 -14 -15 -16 -17
leaf_value=1.0604802628222386e-05 2.8756743725222931e-05 -5.7346541858091114e-05 -4.0779808523438986e-05 3.6262784742944318e-05 3.5800735658995109e-05 -7.8722867669966948e-06 -6.1275652437457629e-05 6.8056245585997502e-06 -8.1582350610011241e-06 4.280087786565463e-05 -1.9919102673933927e-05 9.0129786884089904e-06 -3.0401535702996905e-05 3.8741442139408636e-05 -4.2405252781463782e-05 -3.5600035101716846e-05
leaf_weight=21 35 21 21 37 20 24 22 108 43 39 103 236 26 33 25 35
leaf_count=21 35 21 21 37 20 24 22 108 43 39 103 236 26 33 25 35
internal_value=1.5423e-13 -1.23647e-06 2.49422e-07 4.53603e-06 -4.40945e-06 -6.64335e-06 -3.3413e-05 -2.72168e-06 6.04098e-09 1.60784e-05 -6.2401e-06 1.41399e-06 4.85925e-06 7.97755e-06 4.08786e-06 -1.82732e-05
internal_weight=849 814 793 413 380 360 46 314 293 82 211 376 320 294 261 56
internal_count=849 814 793 413 380 360 46 314 293 82 211 376 320 294 261 56
is_linear=0
shrinkage=0.3


Tree=109
num_leaves=23
num_cat=0
split_feature=14 1 14 1 2 19 19 18 26 25 4 6 10 22 6 16 16 8 26 19 14 17
split_gain=2.22505e-07 1.89108e-06 1.29447e-06 5.9673e-07 4.08625e-07 3.34002e-07 4.23174e-07 5.54776e-07 2.81812e-07 2.50662e-07 5.32793e-07 2.68803e-07 5.11099e-07 6.50591e-07 2.98428e-07 3.13036e-07 4.04523e-07 5.79189e-07 4.27642e-07 2.2981e-07 3.9877e-07 1.15956e-07
threshold=0.0077907311271002075 8.8998181180389047 0.0079286829816088335 9.5228045950140103 8.824169084922957 0.79794900000000013 0.36334050000000001 0.14465719856683656 0.63636100000000007 0.90000000000000013 5436350.0000000009 -0.002248317252439869 1.3331808231361453 0.11384150000000003 -0.0011596462198494612 0.0033538536022785326 0.0012098917121200761 0.035589246519777233 0.30767200000000006 0.19041750000000002 0.008433812878302735 0.0011912129185741762
decision_type=2 2 2 2 2 2 2 2 2 2 2 2 2 2 2 2 2 2 2 2 2 2
left_child=1 9 -2 4 5 6 19 8 -8 11 -11 12 13 -1 -13 16 18 -18 -16 20 -4 -21
right_child=2 -3 3 -5 -6 -7 7 -9 -10 10 -12 14 -14 -15 15 -17 17 -19 -20 21 -22 -23
leaf_value=-3.5656582145827046e-05 7.7442544482307434e-05 -9.4934214112072374e-05 2.8754748101770625e-05 5.1600467559183015e-05 -4.1247802900298588e-05 3.1178297714404838e-05 2.3700381175980767e-05 -5.5353595719712489e-05 -2.6058232899686119e-05 -4.6069386902555352e-05 6.6216219728140951e-06 -3.4387800564139111e-05 5.8344416928386112e-05 2.85953561713639e-05 -2.8099518342060036e-05 2.8482890750389989e-05 -4.4224971801801386e-05 1.2361441041422141e-05 1.5768357334479788e-05 8.6472679998093686e-06 -5.6809396216438371e-06 4.0565293951431158e-05
leaf_weight=23 21 20 36 20 22 30 21 28 20 31 39 23 21 37 25 33 41 27 100 21 190 20
leaf_count=23 21 20 36 20 22 30 21 28 20 31 39 23 21 37 25 33 41 27 100 21 190 20
internal_value=-2.80401e-14 -4.90841e-06 4.80544e-06 1.06677e-06 -1.53806e-06 8.48859e-07 -1.85913e-06 -2.28023e-05 -5.72113e-07 -4.07123e-07 -1.6713e-05 3.05169e-06 1.80637e-05 3.96545e-06 -1.83173e-06 1.4815e-06 -3.13532e-06 -2.17568e-05 6.99478e-06 3.55315e-06 -1.95609e-07 2.4217e-05
internal_weight=849 420 429 408 388 366 336 69 41 400 70 330 81 60 249 226 193 68 125 267 226 41
internal_count=849 420 429 408 388 366 336 69 41 400 70 330 81 60 249 226 193 68 125 267 226 41
is_linear=0
shrinkage=0.3


Tree=110
num_leaves=18
num_cat=0
split_feature=3 7 3 10 14 16 20 12 12 6 29 15 10 6 7 14 11
split_gain=2.55223e-07 3.86464e-07 2.53905e-06 9.89826e-07 3.45839e-07 4.78247e-07 4.38068e-07 2.6769e-07 5.18484e-07 2.37827e-07 3.64939e-07 2.31211e-07 4.63805e-07 3.0635e-07 3.90094e-07 3.08076e-07 1.53663e-07
threshold=9.5874929428100604 0.005820784546877616 9.0155138969421404 2.1986611648937293 0.01082377726473994 0.0034561903129545655 0.31038450000000006 0.0014567262335932628 0.0011614462785199048 0.0056370995295276288 2.5000000000000004 -0.0059562045330901888 0.29476636747779461 0.0043810048649516277 0.0012210014376169578 0.0072507509005889309 55.593340515916587
decision_type=2 2 2 2 2 2 2 2 2 2 2 2 2 2 2 2 2
left_child=1 2 7 4 5 6 -3 8 11 10 16 12 -1 14 -13 -15 -9
right_child=-2 3 -4 -5 -6 -7 -8 9 -10 -11 -12 13 -14 15 -16 -17 -18
leaf_value=-1.1279509643827623e-05 -3.3488056678834256e-05 -2.3174305260909021e-05 0.00010627423440122843 -6.9349077958236183e-05 2.4815006969630861e-05 -5.109144615614371e-05 3.4345108865223169e-05 4.070930546731688e-05 -3.9852661387656906e-05 3.5064320305162468e-05 -2.3545194674695197e-05 6.9071857189421427e-06 4.4479736980378971e-05 -1.5387188604539629e-06 -1.3030401165997317e-05 -4.0847106902219821e-05 3.9664279483986315e-06
leaf_weight=25 20 26 21 24 31 21 22 20 31 34 26 301 29 38 125 34 21
leaf_count=25 20 26 21 24 31 21 22 20 31 34 26 301 29 38 125 34 21
internal_value=9.49064e-14 8.07915e-07 3.52445e-06 -1.46369e-05 -1.50595e-06 -1.33313e-05 3.18876e-06 3.69846e-07 -2.10037e-06 1.46286e-05 4.2583e-06 1.97725e-08 1.86653e-05 -2.00203e-06 1.05695e-06 -2.0101e-05 2.18898e-05
internal_weight=849 829 705 124 100 69 48 684 583 101 67 552 54 498 426 72 41
internal_count=849 829 705 124 100 69 48 684 583 101 67 552 54 498 426 72 41
is_linear=0
shrinkage=0.3


Tree=111
num_leaves=21
num_cat=0
split_feature=22 0 1 7 7 1 15 14 16 15 7 26 16 12 12 4 15 9 13 23
split_gain=2.19079e-07 1.32196e-06 9.18482e-07 2.6626e-07 4.39009e-07 4.00149e-07 2.54703e-07 4.13348e-07 4.32007e-07 3.45953e-07 2.80202e-07 4.48594e-07 4.22631e-07 8.08796e-07 5.53176e-07 5.34538e-07 4.4089e-07 3.81708e-07 2.79912e-07 2.10537e-07
threshold=0.65271200000000007 9.0778135336731953 7.8606650939506464 0.0011249557667543074 -0.004714130235395084 6.9454058626296309 0.0041407873035318723 0.0078005097517575518 0.0036585622568493588 0.0034129433368295841 -0.0048900407631054894 0.59304950000000012 0.0012136218311538023 -0.00034263946267768024 -0.00077491476203641501 11705350.000000002 -0.0024155143005657282 0.016821044538047007 0.0086595724226075522 0.92857150000000011
decision_type=2 2 2 2 2 2 2 2 2 2 2 2 2 2 2 2 2 2 2 2
left_child=1 6 3 4 -2 -5 9 -8 18 10 11 -1 15 14 -14 16 -12 -15 -9 -20
right_child=2 -3 -4 5 -6 -7 7 8 -10 -11 12 -13 13 17 -16 -17 -18 -19 19 -21
leaf_value=3.2458342335463814e-08 2.3249158766702747e-05 -6.3644012402619407e-05 7.0539215478220279e-05 4.6556316547966238e-05 -3.1419301880165361e-05 -1.0662068366813898e-05 4.9056915197623943e-05 1.4598570152663121e-05 4.042312132810366e-05 -3.5249368395145411e-05 -1.3410886015533053e-05 -5.6590219046483973e-05 7.1824947260180395e-07 -1.0405198587488296e-05 4.7823645136304546e-05 4.4688103415299683e-05 1.744527859383524e-05 -4.2886316454643471e-05 -2.2193087817059775e-06 -4.1755040243432707e-05
leaf_weight=34 20 30 20 22 39 22 23 37 24 27 70 20 89 106 30 37 103 47 27 22
leaf_count=34 20 30 20 22 39 22 23 37 24 27 70 20 89 106 30 37 103 47 27 22
internal_value=2.83615e-14 -1.98359e-06 1.1708e-05 2.84504e-07 -1.28876e-05 1.79471e-05 6.74184e-07 1.24818e-05 4.83427e-06 -2.11518e-06 -4.46108e-07 -2.09389e-05 1.84977e-06 -5.95579e-06 1.25936e-05 1.19598e-05 4.96013e-06 -2.03831e-05 -5.0975e-06 -1.997e-05
internal_weight=849 726 123 103 59 44 696 133 110 563 536 54 482 272 119 210 173 153 86 49
internal_count=849 726 123 103 59 44 696 133 110 563 536 54 482 272 119 210 173 153 86 49
is_linear=0
shrinkage=0.3


Tree=112
num_leaves=18
num_cat=0
split_feature=3 1 12 0 22 16 18 6 0 7 6 12 10 21 21 10 10
split_gain=3.32344e-07 5.70316e-07 1.47434e-07 2.85185e-07 3.79968e-07 3.52131e-07 2.91204e-07 2.92995e-07 4.47637e-07 3.26306e-07 2.83503e-07 4.43581e-07 1.31253e-06 2.3107e-07 3.34425e-07 4.95428e-07 3.89483e-07
threshold=9.1223120689392108 9.0244139166835087 0.00010495875166938695 7.9597854021463572 0.016747500000000002 0.0010548952433556476 -0.70089765969344975 -0.001215878243088171 6.1192215671893893 0.0033058873265089991 0.005963679344553669 -0.00022138376339466754 1.3013279015970489 0.79127900000000018 0.49915100000000007 1.4027568161601873 0.787575829972326
decision_type=2 2 2 2 2 2 2 2 2 2 2 2 2 2 2 2 2
left_child=1 2 10 4 -4 -5 -6 9 -9 -8 11 13 -13 14 15 -1 -16
right_child=-2 -3 3 5 6 -7 7 8 -10 -11 -12 12 -14 -15 16 -17 -18
leaf_value=-3.9519644460880097e-06 2.9060325526670032e-05 -5.1246732132312902e-05 3.3298444623142129e-05 5.2815475211663512e-05 -3.2462369465345262e-05 1.8564582745739243e-06 -3.2479214612684312e-05 4.6186834780724975e-05 1.5453134963394689e-06 9.3307112381678182e-06 2.102340088066213e-05 5.9446771549693572e-06 -8.256377127690938e-05 2.0635112977706249e-05 5.9568246097814356e-07 4.4305062692728826e-05 -5.0395680195184202e-05
leaf_weight=217 34 20 30 23 26 26 42 23 167 28 38 38 25 37 26 21 28
leaf_count=217 34 20 30 23 26 26 42 23 167 28 38 38 25 37 26 21 28
internal_value=6.06798e-14 -1.21233e-06 4.63945e-08 4.48069e-06 1.17857e-06 2.5776e-05 -2.19064e-06 8.36529e-07 6.94929e-06 -1.57552e-05 -3.7176e-06 -6.11597e-06 -2.91777e-05 -1.69988e-06 -4.53e-06 3.06009e-07 -2.58443e-05
internal_weight=849 815 795 365 316 49 286 260 190 70 430 392 63 329 292 238 54
internal_count=849 815 795 365 316 49 286 260 190 70 430 392 63 329 292 238 54
is_linear=0
shrinkage=0.3


Tree=113
num_leaves=30
num_cat=0
split_feature=6 14 17 9 12 0 2 17 10 10 13 4 8 16 13 10 14 8 14 4 27 27 17 26 21 7 12 19 21
split_gain=2.52583e-07 5.65739e-07 1.2788e-06 5.86041e-07 5.48102e-07 1.21822e-06 1.02019e-06 4.86535e-07 7.56377e-07 6.63627e-07 4.83763e-07 4.40256e-07 3.81697e-07 4.23656e-07 3.78231e-07 4.16849e-07 4.58365e-07 3.47397e-07 3.9956e-07 3.33983e-07 4.00056e-07 3.72832e-07 3.10074e-07 2.97555e-07 4.44749e-07 4.01106e-07 2.95564e-07 2.71348e-07 2.69144e-07
threshold=0.0011462757263628312 0.0083116826281379851 0.00454804751140172 0.0081005671133550557 -0.00036943178909202521 8.9621154342592764 8.7707694493677035 0.0033333036634657187 1.5071835060787637 1.7875952977599985 0.0068365127931330648 9298750.0000000019 0.010976303151306151 0.0044519146212163626 0.0099714105913743748 1.5317301557206677 0.0060204945239596139 0.019434040124032523 0.005698073622819883 5218500.0000000009 0.86347200000000013 0.91714450000000014 0.0011723661913126827 0.64121450000000013 0.054306000000000007 0.0024199019941179649 -0.0012585592347786219 0.25228100000000003 0.40443300000000004
decision_type=2 2 2 2 2 2 2 2 2 2 2 2 2 2 2 2 2 2 2 2 2 2 2 2 2 2 2 2 2
left_child=4 2 3 -2 6 7 10 9 -9 23 -1 14 26 17 15 16 -5 -14 -19 -3 22 -22 -21 25 -25 28 -12 -24 -6
right_child=1 19 -4 11 5 -7 -8 8 -10 -11 12 -13 13 -15 -16 -17 -18 18 -20 20 21 -23 27 24 -26 -27 -28 -29 -30
leaf_value=-3.8420309941172419e-05 -5.5482693323938288e-05 3.8528794699232088e-05 -8.7171322140225786e-05 3.9518462930071362e-05 2.3661390269294118e-05 8.4920778876949041e-05 -7.105245043931063e-05 -4.3264229126786329e-05 2.3160146788509589e-05 -2.059616376707633e-05 5.1939939794465312e-06 2.6391866314854172e-05 4.001350087492028e-05 4.4249109660086102e-05 -4.5653787817726601e-05 -2.8811932667787747e-05 -1.6529544916465964e-05 2.5642556163112549e-05 -1.6806185133688698e-05 4.3514890148799164e-05 -4.3613942559911974e-05 3.0213992223101131e-06 -1.5429861908700103e-05 8.3666612051109195e-06 6.280075456743361e-05 4.12830808727449e-05 -4.6381947263398609e-05 2.6283693518053043e-05 -1.8613922156873743e-05
leaf_weight=26 21 25 21 29 23 20 20 36 27 36 20 37 20 30 23 33 24 29 64 24 27 36 32 22 35 31 20 25 33
leaf_count=26 21 25 21 29 23 20 20 36 27 36 20 37 20 30 23 33 24 29 64 24 27 36 32 22 35 31 20 25 33
internal_value=-6.06849e-14 -6.0746e-06 -1.73976e-05 -8.62361e-06 4.40779e-06 1.37513e-05 -6.32295e-06 7.89371e-06 -1.47966e-05 1.58353e-05 -1.28735e-07 -1.8836e-06 5.3116e-06 1.25579e-05 -1.14817e-05 -2.34264e-06 1.41382e-05 4.14432e-06 -3.56948e-06 6.52135e-06 9.645e-07 -1.69652e-05 1.49098e-05 2.49432e-05 4.17911e-05 1.39049e-05 -2.0594e-05 2.86556e-06 -1.25085e-06
internal_weight=849 357 188 167 492 263 229 243 63 180 209 146 183 143 109 86 53 113 93 169 144 63 81 144 57 87 40 57 56
internal_count=849 357 188 167 492 263 229 243 63 180 209 146 183 143 109 86 53 113 93 169 144 63 81 144 57 87 40 57 56
is_linear=0
shrinkage=0.3


Tree=114
num_leaves=15
num_cat=0
split_feature=4 13 2 4 23 5 15 17 13 17 9 12 12 26
split_gain=2.80225e-07 2.23715e-07 7.45953e-07 7.12341e-07 7.46524e-07 5.51392e-07 5.18421e-07 4.72006e-07 3.16252e-07 3.27322e-07 2.66017e-07 2.56664e-07 1.97332e-07 2.38899e-07
threshold=2895300.0000000005 0.010011013106953652 8.9710151215585725 9920150.0000000019 1.0000000180025095e-35 -0.0034129569262241225 0.0011267867105384231 0.001254681967131546 0.009682417207838058 0.0053394165879238464 0.012509728091571007 0.0028504753225369285 0.0021652012594697138 0.46088250000000003
decision_type=2 2 2 2 2 2 2 2 2 2 2 2 2 2
left_child=-1 2 8 4 10 -6 -7 -5 9 11 -3 12 13 -2
right_child=1 3 -4 7 5 6 -8 -9 -10 -11 -12 -13 -14 -15
leaf_value=3.1955266254612977e-05 6.5578663751200517e-06 5.4099874119515335e-05 -5.9261495646621497e-05 7.3121005480061277e-05 -6.313746279374754e-05 1.8715971560823163e-05 -3.185157034885059e-05 1.6182979797313716e-05 -2.8636254695369201e-05 2.9962109777942154e-05 6.7922407731163302e-06 2.7953883753980337e-05 -2.9170400645853076e-05 -7.0470225954703154e-06
leaf_weight=24 188 20 21 20 20 36 37 38 37 31 23 25 25 304
leaf_count=24 188 20 21 20 20 36 37 38 37 31 23 25 25 304
internal_value=3.25092e-14 -9.29608e-07 -3.66884e-06 7.97995e-06 -3.89164e-06 -1.90052e-05 -6.91415e-06 3.58168e-05 -1.75499e-06 -1.92033e-08 2.87958e-05 -1.734e-06 -3.16959e-06 -1.84841e-06
internal_weight=849 825 631 194 136 93 73 58 610 573 43 542 517 492
internal_count=849 825 631 194 136 93 73 58 610 573 43 542 517 492
is_linear=0
shrinkage=0.3


Tree=115
num_leaves=12
num_cat=0
split_feature=10 18 0 22 4 4 4 12 6 4 9
split_gain=2.22271e-07 9.53681e-07 8.17358e-07 3.75811e-07 1.43619e-07 1.41336e-07 1.63269e-07 2.12879e-07 2.03926e-07 5.90618e-07 2.65526e-07
threshold=2.269732585774149 0.45939216927527665 9.060013718129186 0.27496400000000004 2895300.0000000005 3360500.0000000005 3710250.0000000005 -0.0029514263037183955 -0.002490582581847933 5480950.0000000009 0.0070111658953479475
decision_type=2 2 2 2 2 2 2 2 2 2 2
left_child=2 3 4 -2 -1 -6 -7 -8 9 -9 -10
right_child=1 -3 -4 -5 5 6 7 8 10 -11 -12
leaf_value=2.2368684938101069e-05 3.5865734393651526e-05 -6.9642774386531009e-05 5.0863540315637288e-05 -1.7409881175686118e-05 -2.3857173295027676e-05 2.4413616562884744e-05 2.7083157997169663e-05 -4.6104318098514344e-05 3.4495600375521461e-05 -1.6852603529024727e-06 -7.7674459545665071e-07
leaf_weight=24 22 21 29 26 24 23 23 35 20 117 485
leaf_count=24 22 21 29 26 24 23 23 35 20 117 485
internal_value=3.70085e-14 -1.63204e-05 1.44373e-06 7.00811e-06 -4.64625e-07 -1.21841e-06 -4.45533e-07 -1.28636e-06 -2.27951e-06 -1.19133e-05 6.2018e-07
internal_weight=849 69 780 48 751 727 703 680 657 152 505
internal_count=849 69 780 48 751 727 703 680 657 152 505
is_linear=0
shrinkage=0.3


Tree=116
num_leaves=15
num_cat=0
split_feature=0 1 17 17 6 17 27 10 19 11 20 14 14 14
split_gain=2.49158e-07 1.71506e-07 1.01317e-07 2.52306e-07 2.44474e-07 2.44368e-07 3.73804e-07 3.57466e-07 3.50886e-07 2.19643e-07 3.69886e-07 2.13592e-07 2.21484e-07 1.75769e-07
threshold=9.0778135336731953 8.9888155477519884 0.0035460877293423949 0.0033594494990880053 0.0022817502796735694 0.0044593102006429209 0.83005150000000005 1.1854243566263534 0.059996000000000008 66.214574009348496 0.88152850000000005 0.0033389226466348939 0.0056624818040451547 0.0072727781353574749
decision_type=2 2 2 2 2 2 2 2 2 2 2 2 2 2
left_child=1 2 3 9 -5 13 7 -7 -8 10 11 -1 -13 -4
right_child=-2 -3 5 4 -6 6 8 -9 -10 -11 -12 12 -14 -15
leaf_value=-2.8734314698588355e-05 -2.442297547607571e-05 2.661822221477411e-05 4.3699682692022178e-06 -3.7703139383893358e-05 3.3785429319653879e-06 -6.3201030471922735e-06 2.1407851090771147e-06 4.7816535568147493e-05 -4.4955960515835609e-05 -2.2217766392410947e-05 3.6208946605458755e-05 1.1888455191210459e-05 -2.3989168025195791e-06 3.8814729231830823e-05
leaf_weight=22 36 23 24 32 22 23 35 21 24 36 27 134 360 30
leaf_count=22 36 23 24 32 22 23 35 21 24 36 27 134 360 30
internal_value=-1.31583e-13 1.08146e-06 3.37985e-07 -1.354e-06 -2.09662e-05 7.15981e-06 -1.41001e-06 1.95178e-05 -1.70172e-05 4.75112e-07 1.97961e-06 1.88543e-07 1.47661e-06 2.35059e-05
internal_weight=849 813 790 633 54 157 103 44 59 579 543 516 494 54
internal_count=849 813 790 633 54 157 103 44 59 579 543 516 494 54
is_linear=0
shrinkage=0.3


Tree=117
num_leaves=25
num_cat=0
split_feature=8 8 0 16 17 1 4 12 25 9 6 27 0 1 19 19 10 24 14 7 7 17 6 21
split_gain=1.81882e-07 1.24831e-06 1.14887e-06 1.09799e-06 3.41416e-07 4.99447e-07 6.31555e-07 4.91423e-07 4.50885e-07 4.43713e-07 2.63495e-07 2.33084e-07 1.97687e-07 1.76966e-07 1.50463e-07 4.76196e-07 2.77105e-07 2.48564e-07 2.21204e-07 2.56423e-07 2.12786e-07 1.84698e-07 5.05303e-07 2.54528e-07
threshold=0.039444083385959651 0.043161784665800416 7.9597854021463572 0.0019665683033864103 0.00394476927995058 7.6925930976867685 10807850.000000002 9.5671984691052099e-05 0.26785700000000007 0.018326504259588764 0.0011111109803152491 0.8107080000000001 8.3390285037780352 7.8175707179997485 -0.34914099999999998 -0.25313099999999994 -1.4810983628183374 0.15476200000000004 0.0081088862663067866 0.0011730676716493473 0.0011415046505269301 0.0022409483040558105 0.0012062894973951586 0.17440400000000003
decision_type=2 2 2 2 2 2 2 2 2 2 2 2 2 2 2 2 2 2 2 2 2 2 2 2
left_child=2 -2 13 -4 5 9 7 -7 -8 -3 11 -11 -6 14 17 -16 -17 18 20 -20 -1 22 -18 -23
right_child=1 4 3 -5 12 6 8 -9 -10 10 -12 -13 -14 -15 15 16 21 -19 19 -21 -22 23 -24 -25
leaf_value=-2.9873561494595275e-05 -7.6599582514193446e-05 4.5534416735988445e-05 9.7040063718106305e-05 2.2586364107982345e-06 4.3395904107512704e-06 -7.751258049013457e-05 -1.9784256723401735e-05 -1.7312583727638972e-05 3.5819524211027394e-05 -1.0442991415402501e-05 -2.2709490104944051e-05 3.3839559063894936e-05 3.9943956335832804e-05 -2.8497114453784888e-05 -3.9654378527082932e-05 -3.3054832031455458e-05 7.9805357468626632e-06 3.4769758571605458e-05 3.3876334498756932e-05 -9.9776769638992828e-06 9.8728060451817736e-06 3.2623292060764336e-05 -2.5381657341227992e-05 3.4346292083902312e-06
leaf_weight=27 21 23 22 22 32 23 35 26 21 20 32 23 25 20 29 21 113 27 30 20 22 35 64 116
leaf_count=27 21 23 22 22 32 23 35 26 21 20 32 23 25 20 29 21 113 27 30 20 22 35 64 116
internal_value=-1.30951e-13 -6.24286e-06 3.08846e-06 4.96494e-05 -5.60199e-07 -6.32078e-06 -2.06967e-05 -4.55697e-05 1.06716e-06 9.08202e-06 -2.09672e-06 1.3243e-05 1.99555e-05 -8.21238e-07 2.77011e-07 -2.71567e-06 3.5374e-07 9.25504e-06 2.29649e-06 1.63347e-05 -1.20283e-05 2.4927e-06 -4.08263e-06 1.02002e-05
internal_weight=849 281 568 44 260 203 105 49 56 98 75 43 57 524 504 378 349 126 99 50 49 328 177 151
internal_count=849 281 568 44 260 203 105 49 56 98 75 43 57 524 504 378 349 126 99 50 49 328 177 151
is_linear=0
shrinkage=0.3


Tree=118
num_leaves=14
num_cat=0
split_feature=3 27 1 7 18 5 27 6 4 12 14 15 19
split_gain=1.8788e-07 2.04462e-06 1.24827e-07 9.03879e-08 2.5286e-07 8.45035e-08 3.79441e-07 2.51191e-07 1.21632e-07 4.52538e-07 1.89919e-07 1.66627e-07 1.55261e-07
threshold=9.068913936614992 0.81713150000000012 8.944316745327443 0.010424096693257464 -0.084482132698678367 -0.004714130235395084 0.78377700000000006 0.0034403381896603484 14480150.000000002 -0.000129086213130517 0.0033223391737394071 -0.0056348497031182918 0.85325850000000003
decision_type=2 2 2 2 2 2 2 2 2 2 2 2 2
left_child=2 -2 3 5 -5 6 -1 -8 10 -10 -7 -12 -13
right_child=1 -3 -4 4 -6 8 7 -9 9 -11 11 12 -14
leaf_value=-1.3781367954978026e-05 4.7756006688359774e-05 -8.7896430286491523e-05 2.1860761320795063e-05 1.0755735645489039e-05 -3.6377601470251515e-05 -2.9458666904247363e-05 4.1299821944395418e-05 7.0622649534767408e-07 -1.6755091444163271e-05 3.6166271216974232e-05 -2.7302905248234307e-05 1.6792038237810111e-06 -2.2521153327943465e-05
leaf_weight=38 20 20 25 20 21 21 34 23 26 33 20 523 25
leaf_count=38 20 20 25 20 21 21 34 23 26 33 20 523 25
internal_value=5.37125e-14 -2.00702e-05 9.92347e-07 3.269e-07 -1.33857e-05 1.08359e-06 9.43942e-06 2.492e-05 -1.41421e-07 1.2845e-05 -1.44227e-06 -4.0645e-07 5.75173e-07
internal_weight=849 40 809 784 41 743 95 57 648 59 589 568 548
internal_count=849 40 809 784 41 743 95 57 648 59 589 568 548
is_linear=0
shrinkage=0.3


Tree=119
num_leaves=28
num_cat=0
split_feature=10 22 0 17 20 14 8 10 15 14 10 10 5 8 11 20 8 16 13 8 12 13 16 6 6 17 0
split_gain=1.8334e-07 7.29675e-07 5.159e-07 3.20903e-07 1.23369e-07 2.49426e-07 2.94389e-07 2.58065e-07 2.39891e-07 3.72421e-07 2.24672e-07 2.23906e-07 3.24063e-07 2.23693e-07 4.9314e-07 5.12472e-07 3.80262e-07 3.8612e-07 3.53588e-07 2.93847e-07 2.54415e-07 3.74605e-07 3.37696e-07 1.53513e-07 3.05078e-07 1.37887e-07 1.1433e-07
threshold=2.238766561161341 0.3588630000000001 9.060013718129186 0.001860503384852593 0.32499100000000009 0.0072903944248868527 0.018349116064668311 1.5545820912536474 -0.0033955565874763997 0.0068768412577749046 1.0052013040293792 1.3624240136959376 -0.0011513231888704153 0.012163498489102779 51.835526426479412 0.44040400000000007 0.019820784434390882 0.0020030509230590031 0.01020230667981825 -0.0012543966198606822 -0.00031625161045668041 0.0081024236418876187 0.0030863956142192263 0.0033445456058260052 -0.0023227573528035637 0.0011723661913126827 7.4479824196239539
decision_type=2 2 2 2 2 2 2 2 2 2 2 2 2 2 2 2 2 2 2 2 2 2 2 2 2 2 2
left_child=2 3 4 -2 5 8 23 10 -1 11 25 12 -10 14 15 -6 17 -15 20 -17 22 -22 -18 24 -7 -8 -9
right_child=1 -3 -4 -5 13 6 7 26 9 -11 -12 -13 -14 16 -16 19 18 -19 -20 -21 21 -23 -24 -25 -26 -27 -28
leaf_value=-2.4300722733365228e-05 -2.068675414028059e-05 -5.8563645265878769e-05 4.1323158231015046e-05 2.8123715720893313e-05 -3.7785491804243067e-05 -1.1819889617057807e-05 1.8399595865048468e-06 1.4560615536538533e-05 4.3061141215210742e-05 4.4705121667282748e-05 -4.8441692585280785e-05 -1.7653945415455986e-05 1.1323239326700303e-06 6.0104385410459534e-05 -5.0614468327694334e-05 -1.3508345789757317e-06 -1.158135496552859e-06 9.1449054195891222e-06 3.2091084516826909e-05 4.4980666257288245e-05 3.9739950515078296e-06 -3.256320283516407e-05 4.3854908751086436e-05 -1.6543926217936726e-05 2.9329462873808069e-05 -3.3387604180461497e-05 -1.751688046624622e-05
leaf_weight=23 22 23 28 27 20 31 20 20 21 22 36 36 79 23 20 28 60 32 31 22 56 46 20 29 34 20 20
leaf_count=23 22 23 28 27 20 31 20 20 21 22 36 36 79 23 20 28 60 32 31 22 56 46 20 29 34 20 20
internal_value=6.5842e-14 -1.44824e-05 1.342e-06 6.20881e-06 -1.52625e-07 -3.83677e-06 -1.08713e-05 -2.09826e-05 4.32482e-06 8.49182e-06 -3.12481e-05 2.63379e-06 9.93738e-06 3.87112e-06 -9.06942e-06 2.80059e-06 8.21682e-06 3.04552e-05 2.47451e-06 1.9035e-05 -2.57007e-06 -1.25036e-05 1.00951e-05 1.6065e-06 9.70439e-06 -1.57738e-05 -1.47813e-06
internal_weight=849 72 777 49 749 391 210 116 181 158 76 136 100 358 90 70 268 55 213 50 182 102 80 94 65 40 40
internal_count=849 72 777 49 749 391 210 116 181 158 76 136 100 358 90 70 268 55 213 50 182 102 80 94 65 40 40
is_linear=0
shrinkage=0.3


Tree=120
num_leaves=27
num_cat=0
split_feature=3 17 4 4 23 2 27 7 1 7 6 4 6 11 22 12 27 26 27 16 17 8 13 6 0 14
split_gain=1.9659e-07 1.44011e-06 1.16866e-07 3.9276e-07 1.89475e-07 2.50396e-07 3.56316e-07 2.80606e-07 2.40473e-07 2.42866e-07 2.5455e-07 1.97943e-07 2.0937e-07 1.84281e-07 1.82061e-07 2.73774e-07 2.24881e-07 3.07964e-07 1.4417e-07 2.30401e-07 3.23039e-07 1.96094e-07 1.27415e-07 1.27096e-07 2.8601e-07 2.6391e-07
threshold=9.068913936614992 0.0037371355831029075 8811800.0000000019 8489600.0000000019 0.70833350000000006 7.2852529059855451 0.82584700000000011 0.0020201384935119443 7.2769082041687723 0.0062015248722236552 -0.0056723466739719503 5382850.0000000009 0.0036144786274331436 54.425027928454504 0.026257500000000003 -0.00046164823243854735 0.83660500000000015 0.69135950000000013 0.86384500000000009 0.0011820617978422052 0.0021186444653125323 0.044457454796881214 0.0087867542035597063 -0.0022752275273651822 7.6446392876863927 0.010446944032265542
decision_type=2 2 2 2 2 2 2 2 2 2 2 2 2 2 2 2 2 2 2 2 2 2 2 2 2 2
left_child=2 -2 3 4 5 8 -7 -8 9 10 -1 13 22 -6 15 -4 17 23 -18 21 -21 -20 -13 -16 25 -25
right_child=1 -3 14 -5 11 6 7 -9 -10 -11 -12 12 -14 -15 16 -17 18 -19 19 20 -22 -23 -24 24 -26 -27
leaf_value=3.622872595951776e-05 3.6392984893609539e-05 -7.7453277672248074e-05 -1.1693405083081285e-05 4.2051639854395509e-05 -1.3143162537845556e-05 5.1161673479782617e-05 -1.1040297572288827e-05 3.4538121917648822e-05 -2.9378102122531605e-05 -1.8851252298190955e-05 4.0934929980897229e-06 -2.2386828760349527e-05 -4.3921378319282668e-05 2.0054356121711271e-05 -3.0857478959660513e-05 3.4770588725223202e-05 1.9443948214405194e-05 -5.0434946928135105e-05 -4.2359387416581738e-05 -1.0837005724666101e-05 3.4905862969480948e-05 -1.3152145294787426e-06 5.7352763743155859e-06 3.4158841356696465e-05 -2.4577412182225087e-05 -1.296109906888887e-05
leaf_weight=25 20 20 21 23 27 24 31 20 21 36 197 29 20 34 20 25 31 20 20 33 24 22 29 23 34 20
leaf_count=25 20 20 21 23 27 24 31 20 21 36 197 29 20 34 20 25 31 20 20 33 24 22 29 23 34 20
internal_value=-1.0268e-13 -2.05301e-05 1.01509e-06 3.73216e-06 1.94443e-06 5.62979e-06 2.10186e-05 6.83359e-06 1.49301e-06 4.00578e-06 7.71233e-06 -7.44129e-06 -1.74529e-05 5.36037e-06 -3.76992e-06 1.35588e-05 -6.99712e-06 -1.65389e-05 1.59046e-06 -4.00003e-06 8.42315e-06 -2.08601e-05 -8.32578e-06 -9.55e-06 -4.01559e-06 1.22426e-05
internal_weight=849 40 809 516 493 354 75 51 279 258 222 139 78 61 293 46 247 117 130 99 57 42 58 97 77 43
internal_count=849 40 809 516 493 354 75 51 279 258 222 139 78 61 293 46 247 117 130 99 57 42 58 97 77 43
is_linear=0
shrinkage=0.3


Tree=121
num_leaves=19
num_cat=0
split_feature=6 3 0 9 6 27 13 10 10 2 25 12 10 19 20 14 9 17
split_gain=1.74754e-07 3.43799e-07 9.84152e-08 1.89814e-07 1.09715e-07 2.31944e-07 5.72437e-07 6.0147e-07 2.76851e-07 2.52877e-07 3.0229e-07 2.91411e-07 1.97317e-07 3.23473e-07 4.97506e-07 3.22338e-07 3.01299e-07 1.81645e-07
threshold=-0.0098496908512177364 9.068913936614992 5.8305759520805323 0.0074812854145882802 -0.0011018322344886768 0.9128320000000002 0.0083524785399163286 0.72263171480813837 1.3053109972041883 6.9755980745571211 0.90000000000000013 -0.0017583224745511964 0.56363240982274487 -0.050078999999999992 0.081705500000000014 0.0046003423213941703 0.016436875659314201 0.0012414937748374414
decision_type=2 2 2 2 2 2 2 2 2 2 2 2 2 2 2 2 2 2
left_child=-1 2 -2 -4 12 9 8 -8 -7 11 -11 -6 13 14 -5 -14 -17 -15
right_child=1 -3 3 4 5 6 7 -9 -10 10 -12 -13 15 17 -16 16 -18 -19
leaf_value=2.1072683774250702e-05 -1.7330501493183367e-05 -2.9133334610962165e-05 2.3712015936894202e-05 -2.8442676732863351e-05 -2.1529943463974633e-05 1.8444939798882845e-05 3.0236163791222189e-05 -3.1636388194460924e-05 6.8361420003384399e-05 -3.1165524735902331e-06 -3.718229414744201e-05 1.3691011512754195e-05 3.5439847256797785e-05 -1.5263772659388696e-05 2.8110410387073764e-05 -1.9274896669685403e-05 9.3810640976244034e-06 -5.381491114762453e-05
leaf_weight=34 27 37 32 28 25 20 26 31 20 178 27 137 22 22 28 61 72 22
leaf_count=34 27 37 32 28 25 20 26 31 20 178 27 137 22 22 28 61 72 22
internal_value=2.67747e-14 -8.79106e-07 4.64604e-07 1.10438e-06 9.81936e-08 2.84546e-06 1.58922e-05 -3.41382e-06 4.34032e-05 -6.02856e-07 -7.60326e-06 8.25568e-06 -4.90074e-06 -1.52903e-05 -1.66133e-07 1.80222e-06 -3.7619e-06 -3.45393e-05
internal_weight=849 815 778 751 719 464 97 57 40 367 205 162 255 100 56 155 133 44
internal_count=849 815 778 751 719 464 97 57 40 367 205 162 255 100 56 155 133 44
is_linear=0
shrinkage=0.3


Tree=122
num_leaves=14
num_cat=0
split_feature=3 1 8 2 18 15 11 12 11 8 17 10 12
split_gain=3.00488e-07 4.8636e-07 6.37446e-08 3.62493e-07 9.85083e-08 2.85541e-07 4.66648e-07 1.2438e-07 1.31752e-07 1.14729e-07 2.13962e-07 1.52983e-07 1.44569e-07
threshold=9.1223120689392108 9.0244139166835087 -0.012062889817510193 6.7545769321083187 -0.62787128828216265 -0.0011461614381420074 55.233742089652353 -0.0024022221487192889 56.249984652052653 -0.0012543966198606822 0.0012121489553739964 -0.44731680454140493 -0.0020995275310254024
decision_type=2 2 2 2 2 2 2 2 2 2 2 2 2
left_child=1 2 3 -1 5 -4 -7 8 -6 10 -9 -11 -13
right_child=-2 -3 4 -5 7 6 -8 9 -10 11 -12 12 -14
leaf_value=-1.0451728247707869e-05 2.763251789153454e-05 -4.7357865305457381e-05 3.3718637541824134e-05 4.0596680563404726e-05 -1.3467049549425221e-06 -3.3987098397119552e-05 2.0715582193631121e-05 4.8496461886315956e-06 -3.536931882990757e-05 2.0396654699084137e-05 -3.7485681800067783e-05 2.40813724212785e-05 -1.9087435066565154e-06
leaf_weight=31 34 20 28 21 21 25 32 22 20 32 21 20 522
leaf_count=31 34 20 28 21 21 25 32 22 20 32 21 20 522
internal_value=5.39611e-14 -1.15277e-06 9.62483e-09 1.0164e-05 -7.01043e-07 8.90992e-06 -3.27682e-06 -1.94258e-06 -1.79431e-05 -8.79337e-07 -1.58257e-05 2.40342e-07 -9.49699e-07
internal_weight=849 815 795 52 743 85 57 658 41 617 43 574 542
internal_count=849 815 795 52 743 85 57 658 41 617 43 574 542
is_linear=0
shrinkage=0.3


Tree=123
num_leaves=17
num_cat=0
split_feature=3 17 20 14 17 27 11 5 6 27 9 10 22 12 21 27
split_gain=1.47239e-07 2.74175e-07 7.90641e-07 2.62484e-07 1.89253e-07 3.7364e-07 1.80855e-07 1.2849e-07 9.92818e-08 2.9535e-07 2.35712e-07 1.98887e-07 1.3822e-07 3.84858e-07 1.90298e-07 1.37129e-07
threshold=9.1223120689392108 0.0048077154047411049 0.088611500000000024 0.0099271847228374413 0.0037060185262656592 0.89578150000000012 57.788828519833139 0.010263095583544522 0.0056370995295276288 0.90145100000000011 0.014189709573241388 1.8640190956115392 0.032275000000000005 0.00023514724938459731 0.45295700000000005 0.79597450000000014
decision_type=2 2 2 2 2 2 2 2 2 2 2 2 2 2 2 2
left_child=1 4 -3 -4 7 6 -6 8 11 10 -10 12 13 -1 -14 -13
right_child=-2 2 3 -5 5 -7 -8 -9 9 -11 -12 15 14 -15 -16 -17
leaf_value=-4.5650130327410447e-06 1.9342762839655466e-05 -6.9173991300885965e-05 2.7974277431894732e-05 -1.5836804403335234e-05 -1.5120700838148574e-05 4.9217036939808166e-05 2.1080706154980757e-05 1.6534946814157887e-05 4.4021604495014798e-08 -2.3739693572224495e-05 3.674916828781387e-05 -3.6818402225435419e-05 -1.5461131795291295e-08 3.4623199103541133e-05 -1.5126975992416191e-05 -5.7002349841730809e-06
leaf_weight=67 34 20 20 32 27 21 23 37 32 20 31 25 300 34 100 26
leaf_count=67 34 20 20 32 27 21 23 37 32 20 31 25 300 34 100 26
internal_value=-1.48175e-13 -8.06937e-07 -1.84829e-05 1.01361e-06 9.05946e-07 1.5636e-05 1.53195e-06 -6.50353e-07 -1.6517e-06 8.02216e-06 1.81053e-05 -3.10628e-06 -1.28943e-06 8.62706e-06 -3.79334e-06 -2.09542e-05
internal_weight=849 815 72 52 743 71 50 672 635 83 63 552 501 101 400 51
internal_count=849 815 72 52 743 71 50 672 635 83 63 552 501 101 400 51
is_linear=0
shrinkage=0.3


Tree=124
num_leaves=30
num_cat=0
split_feature=20 20 3 4 13 16 16 27 13 18 19 19 17 4 8 13 21 6 27 27 27 23 18 27 17 12 10 16 9
split_gain=1.52414e-07 5.32282e-07 5.1994e-07 3.71567e-07 5.00745e-07 2.9912e-07 4.05443e-07 2.88186e-07 2.68227e-07 2.51195e-07 3.24796e-07 2.88785e-07 2.36096e-07 2.3658e-07 4.71772e-07 2.22699e-07 2.22533e-07 2.5128e-07 2.19912e-07 4.92544e-07 2.08702e-07 2.74594e-07 1.86306e-07 1.4884e-07 1.38992e-07 1.33502e-07 1.10705e-07 8.21857e-08 4.25587e-08
threshold=0.49119250000000003 0.54350050000000005 9.1223120689392108 12309200.000000002 0.0071163617966109325 0.0022713810159684733 0.0011982358870464486 0.90405650000000015 0.0079942371510055687 0.4142992692725061 0.35713800000000001 0.66128050000000005 0.0012106814291444532 5328550.0000000009 0.033959512956054712 0.0065151589594414265 0.075694500000000012 0.0034904068499887106 0.83819750000000015 0.7707075000000001 0.90921900000000011 0.70833350000000006 0.12571586200722237 0.9302505000000002 0.0022297053699304645 -0.00066134572835551558 0.55744377268567369 0.0011141788287931773 0.013293359592261215
decision_type=2 2 2 2 2 2 2 2 2 2 2 2 2 2 2 2 2 2 2 2 2 2 2 2 2 2 2 2 2
left_child=2 -2 3 5 -5 6 15 25 -6 10 -3 24 13 -7 22 -1 -13 -18 19 -14 21 -17 -15 -22 28 -8 -20 -10 -12
right_child=1 9 -4 4 8 12 7 -9 27 -11 11 16 18 14 -16 20 17 -19 26 -21 23 -23 -24 -25 -26 -27 -28 -29 -30
leaf_value=3.2235887963748685e-05 -5.0932565327663967e-05 -4.1525432503216766e-05 4.8871511951022381e-05 -5.6876854260475992e-05 2.428572458614196e-05 3.2802034299741285e-05 3.3574206838693499e-05 5.6153299309698922e-05 -2.9178541567291732e-05 2.1315424611592396e-05 -6.4427557936141959e-06 5.4390186055632112e-06 -5.0008572634396841e-06 -3.4928050451432272e-05 3.1772836109666969e-05 1.0553916443390636e-05 -4.1208191024369712e-05 1.8352602637605742e-07 1.480973767281119e-05 -6.5779809845309962e-05 -3.4740973077615226e-05 -2.613534998090472e-05 2.7092262189398752e-06 5.687465740525762e-07 3.3008500006624009e-05 6.0666752688121053e-08 -1.4957345148974603e-05 -6.4574838449372791e-06 1.2678381831805878e-05
leaf_weight=23 22 21 21 21 21 22 20 25 23 35 20 37 30 29 24 146 33 22 22 20 22 21 20 21 22 23 23 38 22
leaf_count=23 22 21 21 21 21 22 20 25 23 35 20 37 30 29 24 146 33 22 22 20 22 21 20 21 22 23 23 38 22
internal_value=1.49114e-13 -6.51642e-06 2.47942e-06 8.39296e-07 -1.55428e-05 4.27586e-06 1.01588e-05 3.05399e-05 -4.9572e-06 -1.9072e-06 -6.49925e-06 -1.78418e-06 -5.04401e-06 5.5312e-06 -2.68741e-06 4.21072e-06 -1.25499e-05 -2.46515e-05 -1.56192e-05 -2.93124e-05 1.14129e-06 5.9403e-06 -1.95659e-05 -1.74967e-05 1.36915e-05 1.56484e-05 -4.04549e-07 -1.50244e-05 3.57308e-06
internal_weight=849 234 615 594 103 491 301 68 82 212 177 156 190 95 73 233 92 55 95 50 210 167 49 43 64 43 45 61 42
internal_count=849 234 615 594 103 491 301 68 82 212 177 156 190 95 73 233 92 55 95 50 210 167 49 43 64 43 45 61 42
is_linear=0
shrinkage=0.3


Tree=125
num_leaves=12
num_cat=0
split_feature=0 27 15 4 11 13 27 13 13 6 7
split_gain=2.20102e-07 1.41689e-07 4.24535e-07 9.74414e-08 2.27234e-07 7.59584e-08 2.58327e-07 1.81262e-07 1.08703e-07 9.58829e-08 9.00133e-08
threshold=9.0778135336731953 0.63267350000000011 0.0022173455375445418 17104250.000000004 59.446794770498109 0.006295702235461431 0.87938100000000008 0.0066264054615919219 0.006886883183628718 0.010804487642261036 0.0034227874600424586
decision_type=2 2 2 2 2 2 2 2 2 2 2
left_child=1 2 -1 5 -5 6 -3 -7 -9 10 -10
right_child=-2 3 -4 4 -6 7 -8 8 9 -11 -12
leaf_value=-3.0490943537678014e-06 -2.2954797407237491e-05 -3.4348109716120233e-05 5.0710593163785228e-05 3.7093915045716132e-05 -7.0891835734569618e-06 2.0607282980715051e-05 1.0144302280462832e-05 -2.0665835532781783e-05 -1.8890151766542455e-06 -1.6729127314500792e-05 6.5754187497649613e-06
leaf_weight=39 36 24 20 20 22 36 23 25 418 31 155
leaf_count=39 36 24 20 20 22 36 23 25 418 31 155
internal_value=-3.18151e-14 1.01645e-06 1.51745e-05 -9.14118e-08 1.39504e-05 -9.1972e-07 -1.25752e-05 -9.59475e-08 -1.28087e-06 -4.78512e-07 4.00666e-07
internal_weight=849 813 59 754 42 712 47 665 629 604 573
internal_count=849 813 59 754 42 712 47 665 629 604 573
is_linear=0
shrinkage=0.3


Tree=126
num_leaves=17
num_cat=0
split_feature=9 19 1 10 14 10 10 2 16 4 26 21 20 8 7 0
split_gain=1.56656e-07 4.02315e-07 3.23961e-07 2.12327e-07 6.48326e-07 1.42065e-07 1.38195e-07 1.2672e-07 3.88775e-07 3.71935e-07 3.45776e-07 1.11421e-07 1.80506e-07 2.18992e-07 1.28422e-07 8.79224e-08
threshold=0.034772948534358222 0.19041750000000002 9.1223121638934508 2.0215975288374115 0.0066667132907443786 2.3075817592513128 2.6256449944175961 7.8261894581156399 0.0019665683033864103 8739150.0000000019 0.54276800000000014 0.032920500000000012 0.80257600000000007 -0.012412590481336137 -0.0022271640349003871 6.9212349446210313
decision_type=2 2 2 2 2 2 2 2 2 2 2 2 2 2 2 2
left_child=2 -2 3 7 -5 -6 -7 11 9 -9 -10 15 13 -13 -15 -1
right_child=1 -3 -4 4 5 6 -8 8 10 -11 -12 12 -14 14 -16 -17
leaf_value=9.8227653285468239e-07 -3.9190029935431591e-05 1.5333126355341975e-05 3.0593896764230517e-05 -6.0080613236225737e-05 -1.6824800282987638e-05 2.9293897623574593e-05 -5.9729743514935763e-06 6.3062719518711675e-05 2.2222641143798681e-05 5.8987894720173372e-06 -2.574115234834138e-05 2.1619397187733787e-05 2.1742036468216003e-05 5.2144856472087122e-06 -5.557245675336647e-06 -2.3498389330803369e-05
leaf_weight=23 29 21 32 21 26 20 20 20 24 21 31 38 36 147 309 31
leaf_count=23 29 21 32 21 26 20 20 20 24 21 31 38 36 147 309 31
internal_value=8.16296e-14 -1.62903e-05 1.01942e-06 -2.14458e-07 -1.41692e-05 4.38995e-07 1.16605e-05 1.57093e-06 1.16718e-05 3.37836e-05 -4.8115e-06 -8.9498e-08 1.23319e-06 -2.61381e-07 -2.08478e-06 -1.30714e-05
internal_weight=849 50 799 767 87 66 40 680 96 41 55 584 530 494 456 54
internal_count=849 50 799 767 87 66 40 680 96 41 55 584 530 494 456 54
is_linear=0
shrinkage=0.3


Tree=127
num_leaves=22
num_cat=0
split_feature=0 1 15 7 26 16 2 3 13 15 22 29 25 0 26 7 15 18 1 27 12
split_gain=2.21294e-07 1.17728e-07 7.49575e-08 1.90614e-07 1.70729e-07 1.44503e-07 1.41509e-07 1.57771e-07 2.17721e-07 1.89957e-07 3.136e-07 2.67338e-07 2.25099e-07 1.8432e-07 1.86519e-07 1.40662e-07 1.49067e-07 2.47229e-07 1.4116e-07 1.87238e-07 1.00541e-07
threshold=9.0778135336731953 8.9888155477519884 0.0010929224832264995 -0.0056723466739719503 0.60859050000000015 0.0056127130116570079 5.8378648847089059 7.004307985305787 0.010397226860895356 -1.0000000180025095e-35 0.025575000000000004 1.5000000000000002 0.41428550000000003 7.1767665180969038 0.80718450000000008 0.0010198377623473695 0.0035486127863236972 -0.18275993794914461 6.1859560971493197 0.83155600000000007 -0.00017311765552259194
decision_type=2 2 2 2 2 2 2 2 2 2 2 2 2 2 2 2 2 2 2 2 2
left_child=1 2 6 4 -4 15 -1 9 13 10 -8 -12 -11 -9 -15 16 17 -5 -17 -20 -18
right_child=-2 -3 3 5 -6 -7 7 8 -10 12 11 -13 -14 14 -16 18 20 -19 19 -21 -22
leaf_value=2.3148390057721026e-05 -2.3016882600283377e-05 2.2176731200172228e-05 3.2354410052448657e-05 -5.8629849263525103e-07 -5.1757293840637427e-06 -2.6387737575207988e-05 -4.1988699604189601e-05 -2.0040046139740752e-05 3.5495204856901677e-05 3.6923503239449927e-05 1.2607740824789383e-05 -1.3279658411736762e-05 -8.0864340009156874e-06 1.3727700940496395e-05 -8.3222505054436617e-06 -2.0166756524133689e-05 1.6754577347098477e-05 -3.7461204897226701e-05 -5.1439402211274557e-06 1.9280550453147857e-05 -9.5023207904887379e-06
leaf_weight=29 36 23 24 30 20 28 22 25 22 20 57 97 20 123 48 20 21 36 56 57 35
leaf_count=29 36 23 24 30 20 28 22 25 22 20 57 97 20 123 48 20 21 36 56 57 35
internal_value=1.76405e-14 1.0192e-06 4.03219e-07 -3.074e-06 1.52953e-05 -5.92999e-06 2.85905e-06 1.50331e-06 7.19694e-06 -4.24304e-06 -8.4843e-06 -3.69796e-06 1.44185e-05 4.0206e-06 7.53824e-06 -3.68365e-06 -1.10404e-05 -2.06999e-05 3.06463e-06 7.17638e-06 3.44016e-07
internal_weight=849 813 790 327 44 283 463 434 218 216 176 154 40 196 171 255 122 66 133 113 56
internal_count=849 813 790 327 44 283 463 434 218 216 176 154 40 196 171 255 122 66 133 113 56
is_linear=0
shrinkage=0.3


Tree=128
num_leaves=26
num_cat=0
split_feature=8 1 8 17 0 18 18 4 4 5 4 4 5 1 23 5 16 18 24 17 18 8 17 27 16
split_gain=1.40237e-07 5.32226e-07 4.76971e-07 3.34843e-07 4.47808e-07 1.4694e-07 3.04879e-07 2.4153e-07 1.68754e-07 1.42725e-07 1.42397e-07 1.36546e-07 2.3273e-07 2.2684e-07 2.51126e-07 2.17105e-07 2.10271e-07 1.47764e-07 2.4908e-07 1.82852e-07 1.86412e-07 1.70384e-07 1.43249e-07 1.39708e-07 1.35912e-07
threshold=0.039444083385959651 8.882016901978508 0.043560792624177953 0.005524943548416694 9.3003091779372582 -0.20987625466245299 -0.37033848482075765 6963050.0000000009 8605050.0000000019 0.0011123195335478243 15843700.000000002 8811800.0000000019 -0.003448255910012593 7.2894251346588144 0.36666650000000006 0.0011415046505269301 0.0011217310230397148 -0.16710222149678658 0.18333350000000004 0.0037197565445106569 -0.27710053275690677 -0.0036035879059277682 0.0022271163818316686 0.8063435000000001 0.001128057791470484
decision_type=2 2 2 2 2 2 2 2 2 2 2 2 2 2 2 2 2 2 2 2 2 2 2 2 2
left_child=1 10 -2 4 5 6 9 -7 -9 -4 11 13 -13 17 -15 -16 -14 19 21 20 -1 -19 -18 -20 -10
right_child=2 -3 3 -5 -6 7 -8 8 24 -11 -12 12 16 14 15 -17 22 18 23 -21 -22 -23 -24 -25 -26
leaf_value=-7.4467748941075522e-06 -4.5927692414693408e-05 4.846078498468904e-05 -2.2272319628150989e-05 3.2035510310635119e-05 -4.8100499880092686e-05 -3.4904507659753702e-05 3.364803922930401e-05 2.3083910926808518e-05 4.7683334514658783e-06 1.2379597837934852e-05 2.3463218099095684e-05 1.4365214876761455e-05 -4.1658839502774338e-05 -2.2369434645952425e-06 5.4529369468322587e-05 1.0855304932277932e-05 -2.1241674840579236e-05 1.8426331291720998e-05 3.7387425652468662e-05 1.566634302747616e-05 -3.8679907135831723e-05 -1.0090297470293825e-05 4.9826549281926811e-06 9.1519079324311668e-06 -1.7692079985195329e-05
leaf_weight=95 24 22 23 24 20 23 29 21 48 20 24 30 22 32 21 20 38 24 24 24 21 88 37 46 49
leaf_count=95 24 22 23 24 20 23 29 21 48 20 24 30 22 32 21 20 38 24 24 24 21 88 37 46 49
internal_value=-3.19468e-14 2.71193e-06 -5.48176e-06 -1.70471e-06 -5.18009e-06 -1.15001e-06 9.87669e-06 -6.78066e-06 -1.2989e-06 -6.15515e-06 8.68566e-07 -1.70269e-07 -8.72727e-06 2.58097e-06 1.768e-05 3.32249e-05 -1.58693e-05 -8.42105e-07 4.79435e-06 -8.1695e-06 -1.3101e-05 -3.97959e-06 -8.30434e-06 1.88327e-05 -6.57765e-06
internal_weight=849 568 281 257 233 213 72 141 118 43 546 522 127 395 73 41 97 322 182 140 116 112 75 70 97
internal_count=849 568 281 257 233 213 72 141 118 43 546 522 127 395 73 41 97 322 182 140 116 112 75 70 97
is_linear=0
shrinkage=0.3


Tree=129
num_leaves=16
num_cat=0
split_feature=6 3 0 15 15 8 8 8 10 3 15 15 7 27 29
split_gain=1.19433e-07 3.33229e-07 3.58537e-07 6.26987e-08 1.70916e-07 8.30475e-08 2.87577e-07 2.16328e-07 1.96248e-07 1.55167e-07 1.53169e-07 9.67504e-08 1.7316e-07 1.40584e-07 8.13826e-08
threshold=0.015017487699936464 9.1223120689392108 8.9621154342592764 -0.0059562045330901888 -0.0080506813230492597 0.012163498489102779 0.010327230015719198 0.015785255529358742 0.53430737287946617 7.0004065036773691 0.0023462198958119928 0.0022714893265410557 -0.0012011553227211597 0.9128320000000002 1.5000000000000002
decision_type=2 2 2 2 2 2 2 2 2 2 2 2 2 2 2
left_child=1 2 3 4 14 6 9 8 -7 10 -5 13 -13 -9 -1
right_child=-2 -3 -4 5 -6 7 -8 11 -10 -11 -12 12 -14 -15 -16
leaf_value=-1.7732937534934275e-05 -2.2342658433314812e-05 3.0583094371650077e-05 -3.9318837808163413e-05 -1.458634251496103e-05 2.3642591658775319e-05 4.3533259927244209e-05 -4.004238622428602e-05 -4.3151534645255387e-07 2.472907956662208e-06 1.6424587231127092e-05 8.2470422887581657e-06 9.0817331511061632e-06 -1.2450880240837666e-05 1.5582876354998363e-05 8.678519212220895e-06
leaf_weight=21 21 32 21 78 36 20 20 258 22 33 40 47 118 61 21
leaf_count=21 21 32 21 78 36 20 20 258 22 33 40 47 118 61 21
internal_value=5.68936e-15 5.66662e-07 -6.40029e-07 4.08042e-07 8.47424e-06 -4.94631e-07 -6.23795e-06 1.37249e-06 2.20255e-05 -1.76054e-06 -6.84621e-06 -4.19706e-07 -6.31735e-06 2.6308e-06 -4.52721e-06
internal_weight=849 828 796 775 78 697 171 526 42 151 118 484 165 319 42
internal_count=849 828 796 775 78 697 171 526 42 151 118 484 165 319 42
is_linear=0
shrinkage=0.3


Tree=130
num_leaves=13
num_cat=0
split_feature=3 17 1 0 1 8 18 5 18 6 4 14
split_gain=1.48707e-07 9.06542e-07 1.06945e-07 9.66884e-08 7.5911e-08 2.84471e-07 8.32515e-08 7.18786e-08 6.97222e-08 8.65166e-08 2.35707e-07 1.79109e-07
threshold=9.068913936614992 0.0037371355831029075 8.944316745327443 8.833069106192255 7.9684052868492925 0.080717827078493939 -1.1124649289745581 0.0030120685329114243 -0.72390332968033755 0.0011462757263628312 6903400.0000000009 0.0089286272755836216
decision_type=2 2 2 2 2 2 2 2 2 2 2 2
left_child=2 -2 3 4 6 -6 -1 -7 -8 11 -11 -10
right_child=1 -3 -4 -5 5 7 8 -9 9 10 -12 -13
leaf_value=-1.8340356779266254e-05 2.7307549189572455e-05 -6.3018942819326177e-05 2.0198747577524047e-05 -1.9340331680888831e-05 2.9312035674896224e-05 4.6030379685955424e-06 1.2723537208960176e-05 -1.9987980131190853e-05 6.9440868821016802e-06 -1.4495397623156746e-05 3.901640106960258e-06 -7.3868791108287567e-06
leaf_weight=22 20 20 25 22 36 23 39 20 257 117 135 113
leaf_count=22 20 20 25 22 36 23 39 20 257 117 135 113
internal_value=6.89352e-14 -1.78557e-05 8.82853e-07 2.66912e-07 8.33001e-07 9.63726e-06 -1.85354e-07 -6.83464e-06 4.18897e-07 -3.52616e-07 -4.63984e-06 2.56733e-06
internal_weight=849 40 809 784 762 79 683 43 661 622 252 370
internal_count=849 40 809 784 762 79 683 43 661 622 252 370
is_linear=0
shrinkage=0.3


Tree=131
num_leaves=28
num_cat=0
split_feature=14 0 1 17 17 6 16 21 16 21 9 14 21 6 21 1 19 14 27 15 7 12 15 14 6 17 0
split_gain=1.24297e-07 5.92105e-07 2.93709e-07 1.33247e-07 1.23489e-07 2.08382e-07 3.02521e-07 2.76452e-07 1.99745e-07 1.76447e-07 1.59459e-07 1.02488e-07 2.47266e-07 1.69551e-07 1.16997e-07 1.0707e-07 1.2973e-07 1.6427e-07 1.23962e-07 8.104e-08 2.03631e-07 1.69616e-07 1.48654e-07 1.30835e-07 1.23086e-07 1.33495e-07 7.37337e-08
threshold=0.006172803894193446 8.8820166403577741 9.0778132529673741 0.0033594494990880053 0.0022471889644660259 0.0022523601600278028 0.0011560407497887223 0.58975050000000007 0.0022111649677456721 0.3666485000000001 0.015685988977324278 0.0069645371732862974 0.12365450000000001 0.0022247527331966154 0.39953300000000008 6.2973392023265786 -0.17906999999999998 0.0083882226141350786 0.81810050000000012 -0.0040121330833245159 0.001161375995286289 -0.0016129511062062311 -0.0080506813230492597 0.011219698660027521 -0.0023296247625888516 0.00454804751140172 6.9677965982516774
decision_type=2 2 2 2 2 2 2 2 2 2 2 2 2 2 2 2 2 2 2 2 2 2 2 2 2 2 2
left_child=1 3 11 4 5 7 -7 8 10 -6 -1 12 -2 14 -14 16 -13 -18 -19 20 22 -21 -17 -22 26 -26 -23
right_child=2 -3 -4 -5 9 6 -8 -9 -10 -11 -12 15 13 -15 -16 19 17 18 -20 21 23 24 -24 -25 25 -27 -28
leaf_value=1.7270008715728946e-06 -1.966477069800021e-05 -5.3760831360705193e-05 2.8668015966104575e-05 -2.0281466771033091e-05 3.6348957937661904e-05 5.6220777324256231e-06 -4.5932372339458588e-05 3.618972720687452e-05 1.5663758495065847e-05 -3.0237299142754638e-06 -2.6778325164658864e-05 -9.5018352808170568e-06 -1.0153737243854265e-05 3.7405837513058666e-05 2.0366414282062368e-05 -3.018558251304577e-06 -1.0427422143974045e-05 5.5342785506340414e-06 3.0876656697536845e-05 -2.6806221450731922e-05 -2.9429317756921591e-05 -4.789455570062273e-06 2.9891135263824253e-05 4.0966666351106474e-06 -2.8737782805113181e-06 -2.3256802193085795e-05 1.8726560256254743e-05
leaf_weight=38 20 21 36 29 20 20 21 20 37 21 33 34 20 26 26 21 22 32 38 33 20 20 30 22 121 38 30
leaf_count=38 20 21 36 29 20 20 21 20 37 21 33 34 20 26 26 21 22 32 38 33 20 20 30 22 121 38 30
internal_value=5.78477e-15 -5.46347e-06 2.41172e-06 -1.21977e-06 1.41256e-06 -2.17067e-06 -2.07839e-05 3.79137e-06 -2.20833e-06 1.61825e-05 -1.1522e-05 7.02448e-07 9.84466e-06 1.80417e-05 7.09678e-06 -1.12203e-06 6.33289e-06 1.21849e-05 1.92916e-05 -3.92597e-06 3.60091e-06 -6.81853e-06 1.63401e-05 -1.18681e-05 -3.66257e-06 -7.74519e-06 9.32015e-06
internal_weight=849 260 589 239 210 169 41 128 108 41 71 553 92 72 46 461 126 92 70 335 93 242 51 42 209 159 50
internal_count=849 260 589 239 210 169 41 128 108 41 71 553 92 72 46 461 126 92 70 335 93 242 51 42 209 159 50
is_linear=0
shrinkage=0.3


Tree=132
num_leaves=11
num_cat=0
split_feature=1 2 14 21 19 20 19 22 20 14
split_gain=1.38479e-07 6.9217e-08 3.255e-07 6.6658e-08 6.80529e-08 7.34177e-08 5.34842e-08 1.6312e-07 8.65633e-08 7.11734e-08
threshold=9.1045129325491825 8.8108191977350394 0.0078695714720331007 0.92129650000000007 0.88892650000000006 0.88152850000000005 0.65244550000000012 0.026833000000000003 0.66726550000000018 0.0034110085250498513
decision_type=2 2 2 2 2 2 2 2 2 2
left_child=1 3 -3 4 5 6 8 -8 9 -1
right_child=-2 2 -4 -5 -6 -7 7 -9 -10 -11
leaf_value=-1.6457353210950842e-05 -1.7700199272870743e-05 3.5085100399356858e-05 -1.6262224048659845e-05 -1.6934183613557251e-05 -1.664765135046764e-05 1.7770295713766561e-05 1.1025837371562374e-05 -2.0176248248042993e-05 1.985859716610734e-05 1.3122465178635115e-06
leaf_weight=21 38 25 20 20 20 23 25 38 22 597
leaf_count=21 38 25 20 20 20 23 25 38 22 597
internal_value=-5.76795e-14 8.29356e-07 1.22641e-05 1.57604e-07 6.15829e-07 1.09141e-06 5.45725e-07 -7.79447e-06 1.36671e-06 7.08425e-07
internal_weight=849 811 45 766 746 726 703 63 640 618
internal_count=849 811 45 766 746 726 703 63 640 618
is_linear=0
shrinkage=0.3


Tree=133
num_leaves=15
num_cat=0
split_feature=27 27 3 16 3 22 13 4 11 27 15 17 17 6
split_gain=1.16253e-07 9.88531e-07 5.97173e-07 2.15435e-07 3.86926e-07 1.12778e-07 1.08365e-07 1.6601e-07 1.10144e-07 8.88946e-08 2.0118e-07 1.33194e-07 1.2573e-07 1.39104e-07
threshold=0.91921900000000012 0.91348150000000017 8.6639719009399432 0.007500034406359002 9.0867128372192401 0.027307500000000002 0.0087755423718032782 7319000.0000000009 55.030289688289464 0.89578150000000012 -1.0000000180025095e-35 0.0058105993611912181 0.0046756382962789981 0.005963679344553669
decision_type=2 2 2 2 2 2 2 2 2 2 2 2 2 2
left_child=1 3 5 4 9 -2 8 -8 -7 11 -11 12 13 -1
right_child=2 -3 -4 -5 -6 6 7 -9 -10 10 -12 -13 -14 -15
leaf_value=-5.8565628386995555e-07 -1.943920411907708e-05 -6.5719558149826947e-05 5.5849315388059033e-05 -2.8836235754232054e-05 3.7949282879708331e-05 3.078891197999058e-05 8.9007504449511991e-06 -2.4513460640145755e-05 2.4608509875179151e-06 -2.9797682204194383e-05 3.907008126466157e-06 2.4546302665839902e-05 -2.0160155481090232e-05 1.4553688013972621e-05
leaf_weight=459 22 21 20 22 25 21 32 23 30 28 37 21 26 62
leaf_count=459 22 21 20 22 25 21 32 23 30 28 37 21 26 62
internal_value=2.01664e-14 -1.61303e-06 7.64007e-06 3.66735e-07 1.34313e-06 1.0738e-07 4.16422e-06 -5.07247e-06 1.41253e-05 -1.02615e-07 -1.06119e-05 1.10004e-06 1.99906e-07 1.21595e-06
internal_weight=849 701 148 680 658 128 106 55 51 633 65 568 547 521
internal_count=849 701 148 680 658 128 106 55 51 633 65 568 547 521
is_linear=0
shrinkage=0.3


Tree=134
num_leaves=16
num_cat=0
split_feature=0 5 27 12 12 10 3 26 10 6 21 11 22 6 8
split_gain=1.8236e-07 8.58879e-08 2.91125e-07 1.73973e-07 1.16724e-07 8.38759e-08 8.71055e-08 3.42474e-07 7.19722e-08 8.24366e-08 1.00578e-07 1.06862e-07 9.41739e-08 1.886e-07 1.75192e-07
threshold=9.0778135336731953 0.0075974725882551287 0.76783100000000004 -0.00041543958754302371 0.0010299441264284383 -1.5664171063850958 8.8330688476562518 0.54276800000000014 -1.199292591752199 0.006711353621130108 0.13498000000000002 53.976334260450123 0.032275000000000005 0.0034560725361366964 0.010327230015719198
decision_type=2 2 2 2 2 2 2 2 2 2 2 2 2 2 2
left_child=1 5 -3 -4 -5 -1 8 -8 -7 12 -11 -12 14 -14 -10
right_child=-2 2 3 4 -6 6 7 -9 9 10 11 -13 13 -15 -16
leaf_value=-1.7956508997446255e-05 -2.0894203657917387e-05 3.9659720277995804e-05 -2.3541857717646054e-05 2.6323789357515382e-05 -4.9452550311715724e-06 1.7800846363451968e-05 1.2818746332097519e-05 -4.0170539302510273e-05 3.0501552132393599e-05 -8.5033776615871039e-06 7.3090246290191253e-07 2.5827553046739825e-05 -2.4143006640777229e-07 -1.9015828174195285e-05 1.1298581241360071e-06
leaf_weight=23 36 22 20 21 22 23 23 21 23 21 26 37 387 55 89
leaf_count=23 36 22 20 21 22 23 23 21 23 21 26 37 387 55 89
internal_value=9.7618e-15 9.25205e-07 9.94918e-06 -4.25924e-07 1.03257e-05 -1.28419e-07 4.53206e-07 -1.24716e-05 1.31356e-06 7.19187e-07 9.47681e-06 1.54702e-05 -6.08684e-07 -2.57761e-06 7.16155e-06
internal_weight=849 813 85 63 43 728 705 44 661 638 84 63 554 442 112
internal_count=849 813 85 63 43 728 705 44 661 638 84 63 554 442 112
is_linear=0
shrinkage=0.3


Tree=135
num_leaves=20
num_cat=0
split_feature=10 10 17 0 19 0 19 22 0 14 0 12 25 10 9 9 8 27 13
split_gain=1.0269e-07 4.15084e-07 4.07418e-07 2.56017e-07 5.22207e-08 1.22449e-07 1.36037e-07 9.56149e-08 1.94197e-07 1.17504e-07 8.54652e-08 2.0505e-07 2.84416e-07 1.96324e-07 2.90314e-07 1.45142e-07 1.37514e-07 6.86299e-08 6.65432e-08
threshold=2.238766561161341 2.4150251418821749 0.0011997306912414072 9.060013718129186 -0.46311999999999992 7.6839729609452947 -0.53678349999999997 0.49278000000000005 6.9677965982516774 0.015839616115810033 6.84871840362774 -0.00039293961614620348 0.41428550000000003 1.0761157132817585 0.012933077949601078 0.012217447744256879 0.015584529428575517 0.90921900000000011 0.008918964094167342
decision_type=2 2 2 2 2 2 2 2 2 2 2 2 2 2 2 2 2 2 2
left_child=3 -2 -3 4 5 6 17 9 -9 10 11 12 -6 15 -15 -12 -13 -1 -19
right_child=1 2 -4 -5 7 -7 -8 8 -10 -11 13 16 -14 14 -16 -17 -18 18 -20
leaf_value=1.4179521076584934e-05 -4.6336198127911692e-05 -2.5807001195418072e-05 2.8079931796907787e-05 2.9169171661383836e-05 4.043175251887266e-06 -2.4872874541870259e-05 -2.2717880200876347e-05 -8.8676979300674108e-06 2.8496296577471975e-05 1.9281619542097262e-05 -2.1838391699345397e-05 6.9230920584943856e-06 4.2874819541793834e-05 1.8114343887763849e-05 -5.6338636469648332e-06 -3.3914121286215958e-06 -1.5698170234907806e-05 9.5171886771692817e-06 -1.2999370341680737e-05
leaf_weight=36 21 23 28 28 58 24 21 21 31 27 70 46 24 70 137 85 51 21 27
leaf_count=36 21 23 28 28 58 24 21 21 31 27 70 46 24 70 137 85 51 21 27
internal_value=-1.04673e-13 -1.08387e-05 3.77798e-06 1.00435e-06 -4.85364e-08 -5.54018e-06 -1.12128e-06 1.09408e-06 1.3407e-05 -3.31577e-08 -9.97111e-07 4.36511e-06 1.54085e-05 -3.6486e-06 2.39693e-06 -1.17223e-05 -4.97056e-06 4.27787e-06 -3.14838e-06
internal_weight=849 72 51 777 749 129 105 620 52 568 541 179 82 362 207 155 97 84 48
internal_count=849 72 51 777 749 129 105 620 52 568 541 179 82 362 207 155 97 84 48
is_linear=0
shrinkage=0.3


Tree=136
num_leaves=15
num_cat=0
split_feature=3 27 3 26 26 12 24 6 6 27 12 7 12 4
split_gain=1.66507e-07 7.03072e-07 9.59686e-08 6.58924e-08 1.02829e-07 6.48897e-08 8.51904e-08 8.40647e-08 1.60871e-07 7.53708e-08 6.97143e-08 1.58573e-07 1.25395e-07 6.08376e-08
threshold=9.068913936614992 0.81713150000000012 8.8953676223754901 0.025826000000000005 0.069235500000000019 0.00071472753548623409 0.35416650000000005 -0.0032805286765037601 -0.0011513231888704153 0.85503550000000017 0.00026117091596760219 0.0011462757263628312 0.00010495875166938695 4874700.0000000009
decision_type=2 2 2 2 2 2 2 2 2 2 2 2 2 2
left_child=2 -2 3 -1 -5 10 7 -7 -9 -8 12 -12 13 -6
right_child=1 -3 -4 4 5 6 9 8 -10 -11 11 -13 -14 -15
leaf_value=1.7349301037938856e-05 2.0879075564153026e-05 -5.8667454554779395e-05 1.9232028112469378e-05 -1.7309809713879076e-05 -9.1502153005649219e-06 -1.2203356385315044e-05 2.9719157302159665e-05 3.0033527455088915e-05 1.2700405795840197e-06 3.9861764935267268e-06 3.2270121740414954e-06 -2.6044244130448089e-05 1.7036384838320371e-05 3.3158177169904472e-07
leaf_weight=20 20 20 25 30 75 31 21 20 140 20 36 31 36 324
leaf_count=20 20 20 25 30 75 31 21 20 140 20 36 31 36 324
internal_value=-7.2149e-14 -1.88942e-05 9.342e-07 3.50723e-07 -9.4266e-08 6.09367e-07 4.75861e-06 2.09514e-06 4.86548e-06 1.71665e-05 -1.30821e-06 -1.03164e-05 7.92556e-08 -1.45071e-06
internal_weight=849 40 809 784 764 734 232 191 160 41 502 67 435 399
internal_count=849 40 809 784 764 734 232 191 160 41 502 67 435 399
is_linear=0
shrinkage=0.3


Tree=137
num_leaves=29
num_cat=0
split_feature=26 0 5 2 17 10 10 26 26 10 5 1 23 19 6 22 4 10 26 9 14 14 18 16 2 6 29 9
split_gain=1.12657e-07 6.00107e-07 2.16279e-07 5.98293e-07 2.65992e-07 1.48137e-07 1.44746e-07 2.17391e-07 3.16501e-07 2.12564e-07 1.27825e-07 1.21512e-07 1.46386e-07 1.77538e-07 1.25022e-07 1.17613e-07 1.38274e-07 1.29132e-07 1.17533e-07 1.7126e-07 1.77801e-07 3.00854e-07 3.05302e-07 1.04846e-07 2.11173e-07 1.01922e-07 9.72988e-08 6.5531e-08
threshold=0.62668600000000019 9.0778135336731953 -0.0037347324244248739 8.8864672680645871 0.0033296569418703749 0.79903332707204267 1.437004103716494 0.53691650000000013 0.48089450000000006 1.7189262088187893 0.0033407072820538894 6.8497373983868437 0.22500000000000003 0.35209400000000007 0.0053664177992959628 0.17879000000000003 6147550.0000000009 0.69820056892632054 0.65597450000000013 0.0093590154996219879 0.0036122824128617284 0.0068104991267599968 -0.22931843936402771 0.0034561903129545655 7.7399975250864559 -0.0037347324244248739 1.5000000000000002 0.014604604441080526
decision_type=2 2 2 2 2 2 2 2 2 2 2 2 2 2 2 2 2 2 2 2 2 2 2 2 2 2 2 2
left_child=1 6 4 18 5 -2 11 8 9 -8 -11 12 -1 27 15 23 -17 -18 -4 26 -21 22 -22 24 -13 -23 -20 -14
right_child=2 -3 3 -5 -6 -7 7 -9 -10 10 -12 14 13 -15 -16 16 17 -19 19 20 21 25 -24 -25 -26 -27 -28 -29
leaf_value=1.984826519869135e-05 -1.5732153523954777e-05 -5.1385537667349787e-05 2.1930397787369218e-05 5.7629234224805255e-05 -3.8383622133799442e-05 1.8701534231299971e-05 2.3881404263192963e-05 -1.8543706341006327e-05 4.3891455073247447e-05 7.1944970642334735e-06 -1.9086080507599214e-05 2.068932920253225e-05 -6.990114889049437e-07 1.8530593658025198e-05 -2.7149252991875981e-05 -3.5205782251068736e-05 7.6358685316424062e-06 -1.7890819110886825e-05 3.8073041485569608e-06 2.4717282913115926e-05 4.3031673922087064e-06 2.3002598904245781e-05 -3.8165985908842858e-05 -1.5368998506544259e-05 -1.4437396180255746e-05 -1.370626353403373e-07 3.1428148190570937e-05 -2.302079006406937e-05
leaf_weight=35 22 22 29 20 22 23 35 25 23 36 31 43 20 22 28 20 31 42 22 20 25 21 39 23 24 93 24 29
leaf_count=35 22 22 29 20 22 23 35 25 23 36 31 43 20 22 28 20 31 42 22 20 25 21 39 23 24 93 24 29
internal_value=4.51935e-14 -2.96513e-06 4.02764e-06 7.5439e-06 -1.13494e-05 1.86729e-06 -6.84086e-07 6.99396e-06 1.21015e-05 4.93316e-06 -4.96517e-06 -4.31723e-06 3.96962e-06 -3.85789e-06 -8.48029e-06 -5.62383e-06 -1.31056e-05 -7.05072e-06 3.87464e-06 1.72867e-06 -2.10223e-06 -5.11565e-06 -2.15765e-05 2.1073e-06 8.10662e-06 4.12551e-06 1.82182e-05 -1.39099e-05
internal_weight=849 489 360 293 67 45 467 150 125 102 67 317 106 71 211 183 93 73 273 244 198 178 64 90 67 114 46 49
internal_count=849 489 360 293 67 45 467 150 125 102 67 317 106 71 211 183 93 73 273 244 198 178 64 90 67 114 46 49
is_linear=0
shrinkage=0.3


Tree=138
num_leaves=24
num_cat=0
split_feature=13 7 7 4 0 26 18 2 13 29 21 13 14 15 26 8 8 5 13 19 23 23 6
split_gain=1.09616e-07 4.99463e-07 1.49385e-07 3.47532e-07 1.57555e-07 1.33967e-07 1.28285e-07 2.33879e-07 1.38415e-07 1.05682e-07 2.40801e-07 1.34619e-07 1.41856e-07 1.58024e-07 1.06935e-07 1.83704e-07 9.97316e-08 9.17216e-08 1.56918e-07 8.67316e-08 1.62545e-07 1.26391e-07 1.06902e-07
threshold=0.0073008975376458885 0.0044248672117432096 0.0037186555214212304 13221600.000000002 9.1223123485796087 0.25097000000000008 -0.073683047784231209 6.9053750979803459 0.0087061774751139506 2.5000000000000004 0.17950850000000004 0.0080188737442717425 0.0069645371732862974 -0.002361276119917616 0.92010300000000012 0.040356455952784406 0.080717827078493939 0.0047880112172704005 0.0083664697019512849 0.21047000000000002 0.41428550000000003 0.81666650000000007 -1.0000000180025095e-35
decision_type=2 2 2 2 2 2 2 2 2 2 2 2 2 2 2 2 2 2 2 2 2 2 2
left_child=1 19 4 5 9 -4 8 -8 -7 14 -11 -12 -13 -14 15 17 -17 18 -2 20 22 -21 -1
right_child=2 -3 3 -5 -6 6 7 -9 -10 10 11 12 13 -15 -16 16 -18 -19 -20 21 -22 -23 -24
leaf_value=1.4050707638737301e-05 -2.7600266032330242e-05 -5.1390690614994128e-05 2.4797386972100607e-05 3.7590848347690549e-05 -2.5681546542893391e-05 2.736998057199261e-05 4.6920574773552788e-06 -3.4716485752932897e-05 -2.9972144810536911e-06 2.8181725303966233e-05 -2.1558831524868895e-05 1.9719598025698652e-05 1.8401528424354704e-05 -1.2800105497490222e-05 -1.9284512453054956e-05 2.2258873342742355e-05 6.6359018816049344e-07 8.061750936486819e-06 -4.2315183433262206e-06 -2.5174731214205027e-05 2.7704423432210618e-05 2.1189942713504392e-06 -1.2356788401784551e-05
leaf_weight=22 31 20 21 32 22 22 33 23 35 36 21 37 21 48 32 39 38 38 156 26 22 37 37
leaf_count=22 31 20 21 32 22 22 33 23 35 36 21 37 21 48 32 39 38 38 156 26 22 37 37
internal_value=4.89898e-14 -6.96672e-06 1.66795e-06 9.50149e-06 -8.37583e-07 2.79359e-06 -1.29561e-06 -1.14936e-05 8.72346e-06 2.6215e-07 6.52429e-06 3.85171e-07 4.73257e-06 -3.30396e-06 -2.79392e-06 -1.04658e-06 1.16015e-05 -5.37502e-06 -8.10548e-06 -7.96726e-07 5.69644e-06 -9.14508e-06 -2.50993e-06
internal_weight=849 164 685 166 519 134 113 56 57 497 163 127 106 69 334 302 77 225 187 144 81 63 59
internal_count=849 164 685 166 519 134 113 56 57 497 163 127 106 69 334 302 77 225 187 144 81 63 59
is_linear=0
shrinkage=0.3


Tree=139
num_leaves=13
num_cat=0
split_feature=1 2 9 5 4 12 5 7 21 17 11 12
split_gain=1.23736e-07 2.26065e-07 5.3365e-08 5.05864e-08 1.07233e-07 1.45709e-07 6.63516e-08 5.69972e-08 8.46775e-08 6.28968e-08 1.76299e-07 1.00238e-07
threshold=9.1223121638934508 8.9087176275375395 0.0066415337720498223 0.0068738496457880086 9826100.0000000019 0.00022138415338094727 0.0057208685602864774 0.0079242611657254752 0.18900900000000001 0.0011634941193161281 54.053780730210228 -0.0022952236962289151
decision_type=2 2 2 2 2 2 2 2 2 2 2 2
left_child=1 2 -1 6 5 -5 7 9 -9 10 -4 -11
right_child=-2 -3 3 4 -6 -7 -8 8 -10 11 -12 -13
leaf_value=-1.5237288445177909e-05 1.7465973331647027e-05 -3.1473233775614062e-05 -1.5080382523176166e-05 2.1200332551788133e-05 -1.8636441406080259e-05 -1.0133096655221486e-05 1.621853751458957e-05 -2.5659944679412955e-06 1.9500686094301377e-05 2.1477642530459453e-05 2.2356322756734214e-06 1.0118970898720282e-06
leaf_weight=20 35 21 83 22 37 34 26 29 34 23 146 339
leaf_count=20 35 21 83 22 37 34 26 29 34 23 146 339
internal_value=4.42897e-15 -7.50994e-07 6.25837e-08 4.58441e-07 -6.10394e-06 2.17646e-06 1.35594e-06 7.65075e-07 9.34301e-06 -1.49324e-07 -4.04048e-06 2.31221e-06
internal_weight=849 814 793 773 93 56 680 654 63 591 229 362
internal_count=849 814 793 773 93 56 680 654 63 591 229 362
is_linear=0
shrinkage=0.3


Tree=140
num_leaves=25
num_cat=0
split_feature=11 0 14 2 11 8 8 17 16 17 21 9 12 8 17 6 17 29 9 12 18 17 13 19
split_gain=1.11255e-07 4.69876e-07 2.5266e-07 6.78503e-07 1.46713e-07 1.37829e-07 8.58741e-08 9.72741e-08 2.35395e-07 2.09795e-07 1.10782e-07 1.10665e-07 8.3719e-08 7.7659e-08 7.67723e-08 1.5622e-07 1.12926e-07 1.03912e-07 1.20717e-07 8.70414e-08 6.76423e-08 6.66126e-08 6.36482e-08 7.77148e-08
threshold=57.527026043772189 7.9597854021463572 0.017595470063500731 8.9977145194909927 58.20501450863015 0.035071458669283732 0.042624235139526755 0.0010971181724832887 0.0034502293208424945 0.0021019929127801111 0.5852075000000001 0.022590009260878081 -0.0022347187130131135 0.083208619641563356 0.0022471889644660259 0.0012210014376169578 0.0012414937748374414 1.5000000000000002 0.0098289460824744126 -0.001634612294482591 0.29756679938810088 0.0011012955652971426 0.0086595724226075522 0.018552500000000003
decision_type=2 2 2 2 2 2 2 2 2 2 2 2 2 2 2 2 2 2 2 2 2 2 2 2
left_child=1 5 3 4 -2 12 -6 8 13 11 -11 -9 -1 -8 16 17 19 18 -16 -14 -19 -21 -17 -24
right_child=2 -3 -4 -5 6 -7 7 9 -10 10 -12 -13 14 -15 15 22 -18 20 -20 21 -22 -23 23 -25
leaf_value=1.3232067269535419e-05 -2.1043732298990522e-05 4.3708652202667506e-05 2.461534831172685e-05 -5.2141873392328201e-05 1.3582439818049818e-05 2.5137684251603786e-05 -3.1556745350371782e-05 5.041661304196829e-06 1.6668745165588915e-05 3.0318607666635247e-07 -2.4668630141734733e-05 3.548836259059028e-05 -2.0933920216391145e-05 -8.0903188559618268e-06 -1.006794686223397e-05 2.4628694148175004e-05 -2.2309346725251086e-05 -4.5135032169127956e-06 2.0259436805266281e-05 5.6383517446246355e-06 -2.3625494159205117e-05 -5.7329649587914254e-06 -7.2344509200255344e-06 1.6252495265334233e-05
leaf_weight=38 33 24 25 27 37 20 30 22 20 67 21 21 21 22 21 28 30 50 27 85 25 102 21 32
leaf_count=38 33 24 25 27 37 20 30 22 20 67 21 21 21 22 21 28 30 50 27 85 25 102 21 32
internal_value=1.09393e-14 2.7046e-06 -4.36065e-06 -6.77531e-06 -2.28851e-06 7.36404e-07 2.90334e-07 -2.13236e-06 -1.09905e-05 2.73622e-06 -5.656e-06 1.9911e-05 -2.80316e-07 -2.16286e-05 -1.44201e-06 2.82855e-06 -5.1025e-06 -3.90841e-06 6.99121e-06 -2.62074e-06 -1.08842e-05 -5.64185e-07 1.30588e-05 6.94635e-06
internal_weight=849 524 325 300 273 500 240 203 72 131 88 43 480 52 442 204 238 123 48 208 75 187 81 53
internal_count=849 524 325 300 273 500 240 203 72 131 88 43 480 52 442 204 238 123 48 208 75 187 81 53
is_linear=0
shrinkage=0.3


Tree=141
num_leaves=13
num_cat=0
split_feature=3 4 3 14 2 18 14 20 13 19 13 6
split_gain=1.83276e-07 2.01945e-07 4.83427e-07 1.49205e-07 7.6358e-08 1.60385e-07 7.52205e-08 4.42569e-08 6.10644e-08 1.39329e-07 4.92402e-08 5.03852e-08
threshold=9.1223120689392108 14825600.000000002 8.5838737487792987 0.0092432065712902498 8.8108191977350394 -0.084482132698678367 0.0033389226466348939 0.020475500000000004 0.0066184222922823768 0.26016150000000005 0.0069883928742748248 0.0011274267404021044
decision_type=2 2 2 2 2 2 2 2 2 2 2 2
left_child=1 4 3 -3 6 -6 -1 -8 9 -9 -10 -12
right_child=-2 2 -4 -5 5 -7 7 8 10 -11 11 -13
leaf_value=-1.7837445180443215e-05 2.1580428248104428e-05 1.9473720999485523e-05 -5.568682503280797e-05 -1.3181684075187363e-05 -4.6601199218540305e-06 3.2459335729981829e-05 1.078212185348093e-05 1.9863319176980249e-05 -1.5364752368896006e-05 -1.0585229694827701e-05 2.0221531483416776e-06 -3.677362560511321e-06
leaf_weight=21 34 20 20 34 22 20 35 38 21 21 307 256
leaf_count=21 34 20 20 34 22 20 35 38 21 21 307 256
internal_value=-9.41683e-14 -9.00288e-07 -1.58438e-05 -1.08709e-06 5.92044e-07 1.30158e-05 -1.54448e-07 3.93255e-07 -1.72235e-07 9.0257e-06 -1.10148e-06 -5.69456e-07
internal_weight=849 815 74 54 741 42 699 678 643 59 584 563
internal_count=849 815 74 54 741 42 699 678 643 59 584 563
is_linear=0
shrinkage=0.3


Tree=142
num_leaves=10
num_cat=0
split_feature=10 3 1 15 15 12 15 9 9
split_gain=9.61756e-08 2.72984e-07 1.99002e-07 3.40303e-08 4.21415e-08 8.56099e-08 6.02949e-08 4.67733e-08 6.85148e-08
threshold=2.6781912912697767 9.1223120689392108 9.0244139166835087 -0.01182269753190702 -0.0059562045330901888 0.00044923630379013253 -0.0055129409240960974 0.0071701506751282807 0.0093590154996219879
decision_type=2 2 2 2 2 2 2 2 2
left_child=1 2 3 -1 5 -5 -6 -8 -9
right_child=-2 -3 -4 4 6 -7 7 8 -10
leaf_value=-1.198558171836339e-05 -2.0049585834921604e-05 2.9100816428926292e-05 -3.007742454883555e-05 -1.158200554803108e-06 -1.5957435880409321e-05 2.1182399586905375e-05 -9.8580444500839803e-06 9.6917946547610722e-06 -1.3555036133539032e-07
leaf_weight=20 21 29 20 38 21 26 38 72 564
leaf_count=20 21 29 20 38 21 26 38 72 564
internal_value=-1.70832e-14 5.08504e-07 -5.29265e-07 2.29353e-07 5.51222e-07 7.91767e-06 -1.27127e-07 3.66103e-07 9.76979e-07
internal_weight=849 828 799 779 759 64 695 674 636
internal_count=849 828 799 779 759 64 695 674 636
is_linear=0
shrinkage=0.3


Tree=143
num_leaves=13
num_cat=0
split_feature=13 3 15 2 13 17 17 17 16 21 13 7
split_gain=9.64555e-08 2.94364e-07 1.71751e-07 1.01509e-07 4.24281e-08 3.74968e-08 6.84126e-08 8.34372e-08 1.11538e-07 8.23379e-08 8.85098e-08 7.81339e-08
threshold=0.011472248095404909 9.1223120689392108 -0.0022296550410596688 8.9087176275375395 0.01084677790025654 0.0058105993611912181 0.0030801070459580181 0.0012452397932795174 0.0012026772527144907 0.68196950000000012 0.0094610161260320225 0.0010198377623473695
decision_type=2 2 2 2 2 2 2 2 2 2 2 2
left_child=1 3 -2 4 5 6 7 11 -9 10 -8 -1
right_child=2 -3 -4 -5 -6 -7 9 8 -10 -11 -12 -13
leaf_value=-5.0056635174585632e-06 6.4460555801236874e-06 3.6721096130349906e-05 -2.9569758330930759e-05 -2.0226510595090408e-05 1.1501564113132189e-05 1.0199161222830767e-05 -4.2165248411720307e-06 1.6774890350257363e-05 2.7533029264626244e-07 9.1270598159098877e-06 -2.1098512168767531e-05 3.9721840931359594e-06
leaf_weight=203 22 20 26 22 30 31 125 64 87 30 36 153
leaf_count=203 22 20 26 22 30 31 125 64 87 30 36 153
internal_value=6.86841e-14 7.82772e-07 -1.30625e-05 -1.37543e-07 4.44746e-07 -1.02676e-08 -4.63695e-07 1.35925e-06 7.26852e-06 -5.30262e-06 -7.99138e-06 -1.14721e-06
internal_weight=849 801 48 781 759 729 698 507 151 191 161 356
internal_count=849 801 48 781 759 729 698 507 151 191 161 356
is_linear=0
shrinkage=0.3


Tree=144
num_leaves=16
num_cat=0
split_feature=3 27 3 10 20 12 16 10 10 22 6 8 4 17 22
split_gain=1.23947e-07 4.18455e-07 1.33415e-07 4.01312e-08 4.80433e-08 1.05986e-07 6.50413e-08 1.16905e-07 1.3965e-07 9.42865e-08 6.6052e-08 6.23503e-08 7.53458e-08 1.20363e-07 6.35036e-08
threshold=9.068913936614992 0.81713150000000012 8.9265170097351092 -1.5365616396301596 0.87422600000000006 0.00023514724938459731 0.0011086212668829382 1.6518824454298144 1.3799860263321755 0.36447500000000005 0.0023768616269464892 0.093336628070231506 5328550.0000000009 0.0012121489553739964 0.51469850000000006
decision_type=2 2 2 2 2 2 2 2 2 2 2 2 2 2 2
left_child=2 -2 3 -1 6 -6 7 8 9 -5 -9 12 13 -8 -14
right_child=1 -3 -4 4 5 -7 11 10 -10 -11 -12 -13 14 -15 -16
leaf_value=1.1315529908577966e-05 1.4382707895492784e-05 -4.698583386471e-05 2.3848279145320041e-05 -1.1943847230146703e-05 -4.8345431423513214e-06 2.3075936579175504e-05 1.890618071835585e-05 1.5267192371126723e-05 -2.5076061358165499e-05 4.7617827658541497e-06 -3.1229934218292607e-06 1.3510853185540756e-05 3.6591841804946514e-08 -1.1539207160022847e-06 -1.0193020358923129e-05
leaf_weight=28 20 20 22 68 25 24 45 32 39 55 39 34 262 67 69
leaf_count=28 20 20 22 68 25 24 45 32 39 55 39 34 262 67 69
internal_value=-8.36608e-14 -1.63016e-05 8.0601e-07 1.61881e-07 -2.49584e-07 8.8359e-06 -8.7661e-07 -4.98496e-06 -9.43364e-06 -4.47385e-06 5.16554e-06 1.1302e-06 1.79987e-07 6.90594e-06 -2.09587e-06
internal_weight=849 40 809 787 759 49 710 233 162 123 71 477 443 112 331
internal_count=849 40 809 787 759 49 710 233 162 123 71 477 443 112 331
is_linear=0
shrinkage=0.3


Tree=145
num_leaves=14
num_cat=0
split_feature=27 0 10 0 15 1 19 17 6 4 13 13 16
split_gain=9.67691e-08 5.94146e-07 4.38111e-07 3.73838e-07 1.21162e-07 8.37642e-08 7.96288e-08 6.70927e-08 4.20558e-08 5.41695e-08 6.09098e-08 6.93015e-08 6.84148e-08
threshold=0.91714450000000014 9.0778135336731953 1.3653730686948882 7.636568139693316 0.0023201281154145163 8.9888155477519884 0.027529000000000001 0.0011299693164731207 -0.010798110725851342 17104250.000000004 0.0062616997407581596 0.0065151589594414265 0.0023160984672963149
decision_type=2 2 2 2 2 2 2 2 2 2 2 2 2
left_child=1 5 4 -4 6 8 7 -2 -1 10 -10 -12 -13
right_child=2 -3 3 -5 -6 -7 -8 -9 9 -11 11 12 -14
leaf_value=-1.3165929230622582e-05 1.9886562167021507e-05 -4.2832976828321985e-05 9.1605568048436215e-06 6.1445281439773686e-05 -2.1231240314786449e-05 1.8978902140328759e-05 -1.4695358692051741e-05 -7.4679062812584875e-07 -1.3362691395690078e-05 1.3322546808720088e-05 1.720610530843e-05 -2.9597406523305363e-06 4.0515603577328575e-06
leaf_weight=22 23 30 32 20 28 21 20 37 31 27 21 338 199
leaf_count=22 23 30 32 20 28 21 20 37 31 27 21 338 199
internal_value=1.53436e-13 -1.54343e-06 6.64638e-06 2.92701e-05 -4.2465e-06 3.36219e-07 1.69816e-06 7.16266e-06 -2.77412e-07 1.82892e-07 -4.19435e-07 2.99635e-07 -3.61512e-07
internal_weight=849 689 160 52 108 659 80 60 638 616 589 558 537
internal_count=849 689 160 52 108 659 80 60 638 616 589 558 537
is_linear=0
shrinkage=0.3


Tree=146
num_leaves=13
num_cat=0
split_feature=1 2 21 18 18 7 27 22 22 18 2 14
split_gain=1.14666e-07 1.28813e-07 5.33844e-08 3.60972e-08 5.07509e-08 7.156e-08 5.0849e-08 1.2391e-07 1.84394e-07 8.00291e-08 7.43444e-08 4.80505e-08
threshold=9.1223121638934508 8.9087176275375395 0.92129650000000007 -1.20792984639928 -0.72390332968033755 -1.0000000180025095e-35 0.84818700000000014 0.024030000000000006 0.034296500000000008 -0.48783447909772781 5.830575986464412 0.0072507509005889309
decision_type=2 2 2 2 2 2 2 2 2 2 2 2
left_child=1 2 3 -1 5 -5 9 -8 -9 11 -11 -6
right_child=-2 -3 -4 4 6 -7 7 8 -10 10 -12 -13
leaf_value=-1.2271720847820687e-05 1.6813701888297927e-05 -2.3913728663111606e-05 -1.4680436517912974e-05 2.3787732030768892e-05 -2.4786451740510528e-05 1.1172356203638224e-07 -1.3944874847961077e-05 2.8080656258160677e-05 2.3977698243432003e-06 -1.8090149647572876e-05 3.1893744167374192e-07 -4.4920896730868013e-06
leaf_weight=20 35 21 22 20 21 27 35 28 248 21 330 21
leaf_count=20 35 21 22 20 21 27 35 28 248 21 330 21
internal_value=-7.53125e-14 -7.22948e-07 -1.08816e-07 3.06976e-07 6.41961e-07 1.01866e-05 4.74647e-09 2.87085e-06 5.00328e-06 -2.26334e-06 -7.82461e-07 -1.46393e-05
internal_weight=849 814 793 771 751 47 704 311 276 393 351 42
internal_count=849 814 793 771 751 47 704 311 276 393 351 42
is_linear=0
shrinkage=0.3


Tree=147
num_leaves=19
num_cat=0
split_feature=10 26 15 0 17 19 0 13 21 21 6 7 19 26 11 12 18 18
split_gain=6.90548e-08 3.69467e-07 3.58966e-07 2.83326e-07 2.61812e-07 3.93128e-08 6.71682e-08 8.70695e-08 5.71189e-08 1.14032e-07 1.11122e-07 1.28961e-07 5.69581e-08 8.13548e-08 7.70135e-08 5.22147e-08 4.82279e-08 3.36636e-08
threshold=2.0477969355376486 0.69719950000000008 0.001016800348532163 9.060013718129186 0.0020481340628387868 -0.46311999999999992 7.6710449732694803 0.0080479725023189837 0.032920500000000012 0.084762500000000005 -1.0000000180025095e-35 0.0011462757263628312 -0.33135599999999993 0.47737550000000006 66.11993384758938 -7.2644275216814715e-05 -0.11788052844051923 0.29520510128230043
decision_type=2 2 2 2 2 2 2 2 2 2 2 2 2 2 2 2 2 2
left_child=3 2 -2 5 -4 6 7 -1 -7 10 -10 -12 13 -11 16 17 -14 -9
right_child=1 -3 4 -5 -6 8 -8 15 9 12 11 -13 14 -15 -16 -17 -18 -19
leaf_value=1.6184444177156362e-05 -4.8514880212678688e-05 1.8786268077002948e-05 -2.7716294789570382e-05 3.377983845459074e-05 1.861443867572076e-05 -1.2779028083269413e-05 -1.9515478731551883e-05 -1.8943736363650846e-05 -3.4886025227583909e-06 2.0296032375962825e-05 3.475347261377869e-05 4.1838614181514176e-06 -4.0265045742009232e-06 -3.7838837482448309e-06 -1.7324446624115806e-05 3.1670298406371489e-06 2.5051537468305758e-06 -3.0542185283723351e-06
leaf_weight=20 25 33 21 23 23 26 23 28 26 28 27 23 173 23 25 34 247 21
leaf_count=20 25 33 21 23 23 26 23 28 26 28 27 23 173 23 25 34 247 21
internal_value=-2.24511e-14 -7.32191e-06 -1.98084e-05 9.99779e-07 -3.49796e-06 -4.1576e-08 -4.85755e-06 -1.58442e-06 9.73161e-07 1.59826e-06 1.24193e-05 2.06915e-05 -5.98063e-08 9.43646e-06 -1.14814e-06 -5.86607e-06 -1.85267e-07 -1.21339e-05
internal_weight=849 102 69 747 44 724 126 103 598 572 76 50 496 51 445 83 420 49
internal_count=849 102 69 747 44 724 126 103 598 572 76 50 496 51 445 83 420 49
is_linear=0
shrinkage=0.3


Tree=148
num_leaves=15
num_cat=0
split_feature=3 17 1 0 5 7 4 15 7 7 11 15 18 17
split_gain=8.72372e-08 1.03164e-07 5.74687e-07 5.52837e-08 6.51467e-08 1.64608e-07 5.25289e-08 4.17591e-08 1.34453e-07 2.07535e-07 1.03639e-07 9.0989e-08 8.39069e-08 8.31561e-08
threshold=9.5874929428100604 0.005841175703354534 9.0778128192021335 5.9654081738257414 0.0024830107379950812 -0.0012309439875471059 2895300.0000000005 -0.0011628188968849974 -0.0012011553227211597 -0.0033632576678814517 51.508587020009749 -0.0022509296463656633 -0.11074985737224473 0.002365528695784692
decision_type=2 2 2 2 2 2 2 2 2 2 2 2 2 2
left_child=1 2 3 4 5 -1 -5 11 9 -9 -10 13 -13 -8
right_child=-2 -3 -4 6 -6 -7 7 8 10 -11 -12 12 -14 -15
leaf_value=-6.0895894787039575e-06 -1.9578555260864046e-05 -1.5234652848524395e-05 5.1393661860856805e-05 1.4207500321390398e-05 -6.5522021616613653e-06 2.7406910254696062e-05 1.8889966327151341e-06 3.4183172189868584e-07 1.0770297262741036e-05 2.5028581004769213e-05 -5.6996794011160536e-06 -2.9986710985047628e-05 -3.4752761329010743e-06 -1.1596809372349526e-05
leaf_weight=23 20 36 20 20 21 31 148 101 40 44 245 22 21 57
leaf_count=23 20 36 20 20 21 31 148 101 40 44 245 22 21 57
internal_value=-2.03945e-14 4.72341e-07 1.1854e-06 -1.13654e-07 7.6261e-06 1.31399e-05 -9.45289e-07 -1.39227e-06 3.95751e-07 7.83298e-06 -3.3881e-06 -4.49248e-06 -1.70393e-05 -1.86072e-06
internal_weight=849 829 793 773 75 54 698 678 430 145 285 248 43 205
internal_count=849 829 793 773 75 54 698 678 430 145 285 248 43 205
is_linear=0
shrinkage=0.3


Tree=149
num_leaves=16
num_cat=0
split_feature=3 17 3 17 10 0 17 27 13 2 3 5 18 20 13
split_gain=9.03021e-08 3.46599e-07 5.70248e-08 3.41727e-08 3.56756e-08 2.89691e-08 4.51676e-08 5.78112e-08 3.86277e-08 4.66582e-08 1.1513e-07 7.86879e-08 6.00617e-08 7.81714e-08 6.45967e-08
threshold=9.068913936614992 0.0037371355831029075 8.8953676223754901 0.0055969846976675081 1.0431953670950969 5.9654081738257414 0.0024082437421366529 0.86788700000000008 0.011299932003858938 6.9770601170442168 6.9607574939727792 0.0082595926599374897 0.53827565840531033 0.41055950000000002 0.0083231161343808209
decision_type=2 2 2 2 2 2 2 2 2 2 2 2 2 2 2
left_child=2 -2 3 5 -5 6 7 -1 9 10 11 -7 14 -14 -11
right_child=1 -3 -4 4 -6 8 -8 -9 -10 12 -12 -13 13 -15 -16
leaf_value=-6.4536322016855204e-06 1.4011477333042421e-05 -4.1840025050987603e-05 1.4792772595683345e-05 3.6315097844408224e-07 1.7294755941423188e-05 -3.8629712466115995e-06 1.7546996619444145e-05 1.3765368332769868e-05 8.6750518676126362e-06 -3.7609539510833822e-07 -2.0190859634302189e-05 1.3937027952579227e-05 7.1704734392159681e-07 -2.1043894048489164e-05 9.2216316080294821e-06
leaf_weight=35 20 20 25 24 21 211 20 20 36 201 36 25 39 24 92
leaf_count=35 20 20 25 24 21 211 20 20 36 201 36 25 39 24 92
internal_value=4.67853e-14 -1.39143e-05 6.87974e-07 2.38204e-07 8.26457e-06 -2.50546e-07 5.33827e-06 8.98732e-07 -8.81813e-07 -1.42966e-06 -4.38799e-06 -1.97738e-06 8.30636e-07 -7.57284e-06 2.63753e-06
internal_weight=849 40 809 784 45 739 75 55 664 628 272 236 356 63 293
internal_count=849 40 809 784 45 739 75 55 664 628 272 236 356 63 293
is_linear=0
shrinkage=0.3


Tree=150
num_leaves=10
num_cat=0
split_feature=17 17 10 2 21 10 22 1 17
split_gain=7.23756e-08 2.20812e-07 8.65155e-08 1.78717e-07 3.95979e-08 3.08533e-08 4.16499e-08 7.4881e-08 5.18749e-08
threshold=0.0068886361724143112 0.0057604213341483955 2.6781912912697767 9.0244151048369314 0.92129650000000007 -1.5365616396301596 0.47199750000000007 6.8975716550271153 0.0046003423213941954
decision_type=2 2 2 2 2 2 2 2 2
left_child=1 2 3 4 5 -1 8 -8 -7
right_child=-2 -3 -4 -5 -6 6 7 -9 -10
leaf_value=1.0854598826881555e-05 1.5583920216718421e-05 -3.1629194289166662e-05 -1.9200732003810115e-05 2.4316085809264871e-05 -1.293661061936291e-05 6.0459989647942154e-07 -1.2484616479841713e-05 6.015109131505989e-09 1.3088708555386574e-05
leaf_weight=24 26 20 20 28 21 469 61 148 32
leaf_count=24 26 20 20 28 21 469 61 148 32
internal_value=8.6872e-15 -4.92323e-07 2.8319e-07 7.80864e-07 -9.19653e-08 2.75525e-07 -8.20779e-08 -3.63958e-06 1.40199e-06
internal_weight=849 823 803 783 755 734 710 209 501
internal_count=849 823 803 783 755 734 710 209 501
is_linear=0
shrinkage=0.3


Tree=151
num_leaves=20
num_cat=0
split_feature=3 14 29 13 17 21 21 29 13 0 20 20 8 5 18 7 17 0 1
split_gain=9.8832e-08 3.18301e-07 5.09282e-08 1.34211e-07 2.61755e-08 3.7278e-08 9.75682e-08 1.04561e-07 9.95304e-08 1.58471e-07 7.7122e-08 8.87573e-08 6.74356e-08 6.14138e-08 5.45766e-08 5.29647e-08 8.05905e-08 7.20267e-08 3.33461e-08
threshold=9.068913936614992 0.012779044024971207 4.5000000000000009 0.0082188539661359958 0.0055969846976675081 0.36453600000000003 0.43178200000000005 2.5000000000000004 0.0085115955448459967 7.6232282566870859 0.055906000000000004 0.25488700000000003 0.042248775554301683 0.0080830519500629579 -0.66364813645573684 -0.0045609357459248248 0.0020009990917654675 6.9695774061835385 7.0098647700486998
decision_type=2 2 2 2 2 2 2 2 2 2 2 2 2 2 2 2 2 2 2
left_child=2 -2 4 -4 5 13 7 -7 9 -8 -10 -12 -11 14 -1 17 -17 -16 -6
right_child=1 -3 3 -5 18 6 8 -9 10 12 11 -13 -14 -15 15 16 -18 -19 -20
leaf_value=1.3751209588500993e-05 -4.131808222155087e-05 1.2204853710500173e-05 -9.3237605142348908e-06 2.1179618290582712e-05 1.5815352571735272e-05 -2.4630168509782594e-05 2.2161542448740968e-05 1.9127761189255661e-06 6.2088332695849026e-06 7.4420724601509386e-06 -1.8289094467310758e-05 -5.7628334226527454e-07 -1.2034195071919384e-05 -1.001154439474081e-05 -1.8898258779699971e-05 -1.6003489691042715e-06 8.3869028575219406e-06 4.6378992713223186e-06 -8.9774926731355327e-07
leaf_weight=36 20 20 21 34 21 34 38 22 37 32 53 49 32 38 25 159 134 22 22
leaf_count=36 20 20 21 34 21 34 38 22 37 32 53 49 32 38 25 159 134 22 22
internal_value=5.37853e-14 -1.45566e-05 7.19734e-07 9.53287e-06 7.68655e-08 -3.57828e-07 -2.92252e-06 -1.42026e-05 -3.01421e-07 6.81559e-06 -5.52398e-06 -9.78e-06 -2.29606e-06 1.48206e-06 2.64364e-06 1.46755e-06 2.9672e-06 -7.88133e-06 7.26446e-06
internal_weight=849 40 809 55 754 711 297 56 241 102 139 102 64 414 376 340 293 47 43
internal_count=849 40 809 55 754 711 297 56 241 102 139 102 64 414 376 340 293 47 43
is_linear=0
shrinkage=0.3


Tree=152
num_leaves=28
num_cat=0
split_feature=27 0 0 12 16 16 27 4 18 14 27 7 18 8 7 11 26 12 5 18 12 13 17 12 7 6 14
split_gain=5.69552e-08 4.39743e-07 2.5698e-07 5.33308e-08 1.10201e-07 1.02206e-07 5.08034e-08 1.15706e-07 1.073e-07 1.02989e-07 9.28429e-08 7.64389e-08 6.86783e-08 1.01417e-07 8.93499e-08 7.46155e-08 7.40267e-08 6.22784e-08 1.08946e-07 9.22706e-08 8.76758e-08 6.23138e-08 9.75317e-08 5.76264e-08 5.62626e-08 4.54843e-08 3.96871e-08
threshold=0.91714450000000014 9.0778135336731953 8.7040209557155848 -0.00083243795660343373 0.0022471889644661478 0.003496472405355612 0.77439550000000013 13221600.000000002 -0.34825719308970615 0.00465115814869199 0.74687800000000015 -0.0036921607230574562 -0.39052307210899334 0.027833124583923941 0.0097894090621255155 53.279940266247273 0.60158800000000012 0.00040865580693261937 -0.0011455334377335287 0.26622575704798374 -0.00052812534205127885 0.0078700967164459373 0.0020942481928094879 0.0011614462785199048 -0.0011633222181752713 0.0022061772237904481 0.0073349560563680085
decision_type=2 2 2 2 2 2 2 2 2 2 2 2 2 2 2 2 2 2 2 2 2 2 2 2 2 2 2
left_child=1 6 3 4 -2 25 7 8 24 -10 11 -11 13 15 17 -8 -15 18 20 -20 -14 22 -19 -23 -1 26 -5
right_child=2 -3 -4 5 -6 -7 12 -9 9 10 -12 -13 14 16 -16 -17 -18 21 19 -21 -22 23 -24 -25 -26 -27 -28
leaf_value=2.3462346081259963e-05 2.3035512830915648e-05 -3.6705751172121374e-05 3.6908692952692941e-05 -2.4609940419395569e-05 -5.7135549411668762e-06 1.529751123598544e-05 -8.0729204275391855e-06 2.1588051979428012e-05 -2.1659667124202479e-05 -1.9619999283225875e-05 1.434066162925195e-05 1.734185102891231e-07 1.5603126607659404e-05 1.5124244638116123e-05 -1.8882903403039106e-05 -3.1729131218786021e-05 -9.1526202752972419e-06 -1.6231289017696326e-05 -9.1544977768902847e-07 -1.8842167195884938e-05 -5.6889977388761634e-06 2.5278571479248056e-05 1.3396160061347474e-05 6.5013955305092072e-06 4.90868510975193e-06 -2.7308593607519847e-07 -5.9369689461163941e-06
leaf_weight=24 24 30 20 21 24 20 28 29 22 22 33 87 46 20 20 21 26 20 73 40 28 24 20 38 38 31 20
leaf_count=24 24 30 20 21 24 20 28 29 22 22 33 87 46 20 20 21 26 20 73 40 28 24 20 38 38 31 20
internal_value=-1.42395e-13 -1.18409e-06 5.09898e-06 5.54739e-07 8.66098e-06 -3.6746e-06 4.32982e-07 3.74846e-06 1.4593e-06 -2.5599e-06 3.9922e-07 -3.82158e-06 -1.65971e-06 -8.71407e-06 5.09112e-07 -1.82113e-05 1.40254e-06 1.85112e-06 -1.4014e-06 -7.26119e-06 7.54665e-06 7.81408e-06 -1.41756e-06 1.377e-05 1.20907e-05 -8.94464e-06 -1.55012e-05
internal_weight=849 689 160 140 48 92 659 255 226 164 142 109 404 95 309 49 46 289 187 113 74 102 40 62 62 72 41
internal_count=849 689 160 140 48 92 659 255 226 164 142 109 404 95 309 49 46 289 187 113 74 102 40 62 62 72 41
is_linear=0
shrinkage=0.3


Tree=153
num_leaves=31
num_cat=0
split_feature=3 4 7 23 10 8 10 12 18 6 18 20 5 9 5 26 8 26 7 18 10 7 10 4 19 20 17 4 9 0
split_gain=1.16346e-07 1.49802e-07 2.69547e-07 5.83226e-08 3.90574e-08 1.29701e-07 2.06407e-07 1.06885e-07 2.1829e-07 2.38261e-07 9.33099e-08 1.04621e-07 9.07374e-08 8.10699e-08 7.87291e-08 3.73426e-08 9.45596e-08 8.84809e-08 8.42312e-08 1.80035e-07 8.17628e-08 6.47518e-08 1.05077e-07 7.93217e-08 5.73507e-08 5.9197e-08 6.97771e-08 4.63525e-08 4.2868e-08 5.05682e-08
threshold=9.1223120689392108 14825600.000000002 0.0044617605605688339 0.36666650000000006 1.3229436107479486 0.026099413820481487 1.6322102808364074 0.00010495875166938695 -0.20987625466245299 0.0011306770840013153 0.1863255199424958 0.45905500000000005 -0.001004061685638847 0.012099080540715077 0.0021315410093582492 0.53691650000000013 0.030968476783719109 0.6625295000000001 0.0012210014376169578 -0.047113235316155362 0.42543281877697603 -0.001108028267879298 -0.037963788698483041 7890550.0000000009 0.35713800000000001 0.29025000000000006 0.0011461584269097012 8576900.0000000019 0.012042959144796727 6.9776352363884486
decision_type=2 2 2 2 2 2 2 2 2 2 2 2 2 2 2 2 2 2 2 2 2 2 2 2 2 2 2 2 2 2
left_child=1 4 3 -3 15 6 -6 8 -7 -10 11 12 -9 -8 -12 18 20 -18 24 -20 21 22 -17 -23 25 26 -1 -21 -22 -30
right_child=-2 2 -4 -5 5 7 13 10 9 -11 14 -13 -14 -15 -16 16 17 -19 19 27 28 23 -24 -25 -26 -27 -28 -29 29 -31
leaf_value=-8.090513288786602e-06 1.7194211846692591e-05 -1.3187548660425817e-05 -4.3338976784070834e-05 6.585228652511432e-06 4.0381590595757187e-05 1.588544784226542e-05 -6.312939388765569e-06 2.3208968270864718e-05 -1.8681229264529974e-06 -4.5213902519338129e-05 2.9179464490880488e-05 -1.4125070628565214e-05 -1.4385078047115068e-06 1.8694983968998712e-05 3.2021532076344427e-06 -1.4908331650076434e-05 2.8198092563229695e-05 3.546027717579579e-06 -2.8240046332892713e-05 1.0628272525536886e-05 -1.6225331063027096e-06 1.8348658473817188e-05 1.1857967697117354e-05 -4.286817792572864e-06 1.4810308032662889e-05 -1.3501556445076387e-05 8.4987877768453884e-06 -9.3269218132263643e-06 -5.7480888829429334e-06 -2.6825979166460456e-05
leaf_weight=39 34 25 20 29 20 20 28 20 25 21 21 34 41 20 21 33 20 38 34 22 34 38 22 22 21 31 55 20 21 20
leaf_count=39 34 25 20 29 20 20 28 20 25 21 21 34 41 20 21 33 20 38 34 22 34 38 22 22 21 31 55 20 21 20
internal_value=3.9174e-14 -7.17305e-07 -1.35878e-05 -2.56883e-06 5.68007e-07 3.43633e-06 1.4776e-05 -3.62187e-07 -1.02801e-05 -2.16564e-05 4.41578e-06 -7.9002e-07 6.64263e-06 4.10703e-06 1.61908e-05 -1.08585e-06 1.44417e-06 1.20467e-05 -3.91219e-06 -1.20116e-05 -1.7924e-06 3.23339e-06 -4.20181e-06 1.0049e-05 3.03915e-07 -2.13316e-06 1.61599e-06 1.1258e-06 -9.49861e-06 -1.603e-05
internal_weight=849 815 74 54 741 271 68 203 66 46 137 95 61 48 42 470 248 58 222 76 190 115 55 60 146 125 94 42 75 41
internal_count=849 815 74 54 741 271 68 203 66 46 137 95 61 48 42 470 248 58 222 76 190 115 55 60 146 125 94 42 75 41
is_linear=0
shrinkage=0.3


Tree=154
num_leaves=18
num_cat=0
split_feature=7 11 0 16 5 14 26 24 21 10 4 10 10 8 8 8 15
split_gain=6.88604e-08 2.46318e-07 1.76042e-07 6.52939e-08 5.86048e-08 1.68273e-07 7.43339e-08 7.24844e-08 4.70586e-08 4.13095e-08 2.92812e-08 4.3042e-08 6.2006e-08 7.00633e-08 5.04028e-08 9.72848e-08 6.8668e-08
threshold=0.0089993030529001202 60.355024178840935 9.0778135336731953 0.0018993350533396973 0.0047880112172704005 0.0078005097517575518 0.76893250000000013 1.0000000180025095e-35 0.52816600000000002 2.1751885630976822 2895300.0000000005 1.3410980693332417 1.4190300750862115 0.032663140007528312 0.012163498489102779 0.015785255529358742 0.0011006910816125416
decision_type=2 2 2 2 2 2 2 2 2 2 2 2 2 2 2 2 2
left_child=2 3 4 -2 9 -6 7 -7 -9 10 -1 14 -13 -14 16 -16 -12
right_child=1 -3 -4 -5 5 6 -8 8 -10 -11 11 12 13 -15 15 -17 -18
leaf_value=9.5812287418084453e-06 7.0623077662772124e-06 3.3578207273876613e-05 -2.414869862994757e-05 -1.632448894659839e-05 2.9768993921276307e-05 -1.3241632738850297e-05 1.3762751013928209e-05 1.4416017932655283e-05 -5.6906015379354354e-06 9.5330537907366609e-06 -1.2433701726877188e-06 -2.0425407819857354e-05 -1.3310065629260254e-05 1.4217126648895274e-06 1.673046098046273e-05 -2.5667809530236389e-07 -1.5891526905570093e-05
leaf_weight=20 22 24 28 21 22 38 30 22 20 31 119 24 45 82 35 228 38
leaf_count=20 22 24 28 21 22 38 30 22 20 31 119 24 45 82 35 228 38
internal_value=3.27276e-14 9.23035e-06 -7.90836e-07 -4.35915e-06 7.65651e-08 5.81787e-06 1.02764e-06 -3.74802e-06 4.84144e-06 -1.14185e-06 -1.70178e-06 -2.09698e-06 -6.44094e-06 -3.79821e-06 -5.35227e-07 2.00397e-06 -4.78878e-06
internal_weight=849 67 782 43 754 132 110 80 42 622 591 571 151 127 420 263 157
internal_count=849 67 782 43 754 132 110 80 42 622 591 571 151 127 420 263 157
is_linear=0
shrinkage=0.3


Tree=155
num_leaves=15
num_cat=0
split_feature=3 0 5 27 22 5 5 12 17 15 7 17 13 17
split_gain=9.59017e-08 1.10267e-07 3.5215e-08 5.39496e-08 4.80008e-08 7.11972e-08 4.08504e-08 7.96064e-08 3.61285e-08 7.07213e-08 6.05025e-08 5.14625e-08 4.60055e-08 3.12988e-08
threshold=9.1223120689392108 8.9354164614586917 -0.0056723466739719503 0.56690950000000007 0.33356700000000006 -0.0074535275857910257 -0.0036015386092515095 -0.001208842027511089 0.0021905809581437333 -0.0022296550410596688 -0.0012048360707103899 0.0012452397932795174 0.009032735805274977 0.0012345392582167782
decision_type=2 2 2 2 2 2 2 2 2 2 2 2 2 2
left_child=1 2 4 -4 13 -6 7 -5 11 -10 -11 12 -8 -1
right_child=-2 -3 3 6 5 -7 8 -9 9 10 -12 -13 -14 -15
leaf_value=-6.535893983254936e-06 1.5610607765130921e-05 -2.026713084342191e-05 1.3590159682865176e-05 -6.2394308295789299e-06 -2.8267218112887347e-07 -2.3158404917467124e-05 -2.380197081626701e-06 1.6235896185429048e-05 -1.5065876124478299e-05 5.1698152414045046e-06 -4.5605585803060111e-06 1.3905395464267453e-05 5.4667758353486663e-06 1.0046696672816324e-05
leaf_weight=20 34 25 28 23 24 25 187 37 38 88 166 28 105 21
leaf_count=20 34 25 28 23 24 25 187 37 38 88 166 28 105 21
internal_value=1.72432e-14 -6.5124e-07 -3.0484e-08 6.87713e-07 -5.61646e-06 -1.1954e-05 1.50111e-07 7.62035e-06 -5.82266e-07 -2.99525e-06 -1.18941e-06 1.61958e-06 4.41488e-07 1.95763e-06
internal_weight=849 815 790 700 90 49 672 60 612 292 254 320 292 41
internal_count=849 815 790 700 90 49 672 60 612 292 254 320 292 41
is_linear=0
shrinkage=0.3


Tree=156
num_leaves=12
num_cat=0
split_feature=7 14 17 15 1 5 5 6 15 6 17
split_gain=5.2841e-08 1.98781e-07 1.52676e-07 1.48357e-07 1.37955e-07 3.41692e-08 4.43414e-08 2.9619e-08 7.05092e-08 5.65386e-08 2.44725e-08
threshold=-0.0076047011979939365 0.018686448787350447 0.005841175703354534 0.0045533309190628245 9.0778132529673741 0.010263095583544522 0.0058582632549250184 -0.0033956210307017035 -0.0046538783777267199 -0.0022649871582971549 0.00114353713916178
decision_type=2 2 2 2 2 2 2 2 2 2 2
left_child=3 2 4 -1 5 6 7 8 -2 -9 -8
right_child=1 -3 -4 -5 -6 -7 10 9 -10 -11 -12
leaf_value=2.7855496833646093e-06 -1.937763200575401e-05 2.6421304013323467e-05 -1.9903735419040243e-05 -2.960415606139577e-05 2.0938453895598348e-05 1.0498880122283411e-05 -3.3314806902783831e-06 1.2180753688649194e-05 -6.1849895155319245e-07 2.7980802975198575e-07 -1.5481732098123758e-05
leaf_weight=35 22 26 34 20 29 26 37 39 100 456 25
leaf_count=35 22 26 34 20 29 26 37 39 100 456 25
internal_value=3.77969e-14 6.22908e-07 -2.50475e-07 -8.99253e-06 6.59894e-07 -1.7426e-07 -5.82951e-07 1.8555e-07 -4.00129e-06 1.21746e-06 -8.23078e-06
internal_weight=849 794 768 55 734 705 679 617 122 495 62
internal_count=849 794 768 55 734 705 679 617 122 495 62
is_linear=0
shrinkage=0.3


Tree=157
num_leaves=18
num_cat=0
split_feature=17 10 26 2 19 6 15 26 18 21 10 4 20 13 6 4 27
split_gain=7.97318e-08 1.29404e-07 3.23717e-07 2.09699e-07 1.48965e-07 5.17538e-08 3.06155e-08 5.53998e-08 7.81432e-08 6.79593e-08 5.3641e-08 9.09356e-08 4.83068e-08 1.00576e-07 6.08565e-08 4.49138e-08 3.07409e-08
threshold=0.0058673929449772439 2.1181122167290751 0.48089450000000006 9.0244151048369314 0.33661550000000007 0.010263095583544522 0.0023462198958119928 0.44078400000000006 -0.16710222149678658 0.31900350000000005 1.6322102808364074 8252350.0000000009 0.3277965000000001 0.01020230667981825 -0.0011294111739649738 8624450.0000000019 0.76226800000000006
decision_type=2 2 2 2 2 2 2 2 2 2 2 2 2 2 2 2 2
left_child=1 3 -3 5 -4 6 10 8 -8 15 12 -12 14 -14 -1 -9 -10
right_child=-2 2 4 -5 -6 -7 7 9 16 -11 11 -13 13 -15 -16 -17 -18
leaf_value=-8.5784338251230909e-06 1.3430795422963408e-05 -3.8122627246853618e-05 1.5844543577259172e-05 3.0216980433449081e-05 -1.4580965634130344e-05 -1.2843990732237996e-05 -2.762248766430275e-06 1.0638978666625705e-05 1.0574225184427632e-05 -1.2222083101080222e-05 -2.1190965721221539e-08 -2.4635083877910802e-05 1.1714286753141578e-06 2.1491983550276926e-05 1.1323988510681422e-06 -4.2695382233197903e-06 2.7207580461663384e-05
leaf_weight=94 38 28 30 21 28 28 24 44 20 31 35 22 178 25 152 31 20
leaf_count=94 38 28 30 21 28 28 24 44 20 31 35 22 178 25 152 31 20
internal_value=-7.8004e-14 -6.2931e-07 -1.16321e-05 6.75854e-07 1.15637e-06 -2.05345e-07 3.1815e-07 3.80128e-06 1.0771e-05 -4.06842e-07 -8.52071e-07 -9.52129e-06 2.48476e-07 3.67396e-06 -2.57824e-06 4.47679e-06 1.88909e-05
internal_weight=849 811 86 725 58 704 676 170 64 106 506 57 449 203 246 75 40
internal_count=849 811 86 725 58 704 676 170 64 106 506 57 449 203 246 75 40
is_linear=0
shrinkage=0.3


Tree=158
num_leaves=14
num_cat=0
split_feature=2 14 19 2 19 1 4 27 7 7 6 4 18
split_gain=1.10241e-07 6.01475e-08 1.15975e-07 1.04484e-07 2.94118e-08 3.21826e-08 4.97171e-08 4.57613e-08 5.2733e-08 4.11071e-08 7.07025e-08 5.82207e-08 3.21108e-08
threshold=9.506425428782844 0.015644552201062586 0.31565400000000005 8.9710151215585725 0.87127750000000015 7.9684052868492925 3102600.0000000005 0.90038450000000003 -0.0010010405258837317 -0.0048221121324646477 0.0047880112172704005 5537550.0000000009 -0.26908496693389911
decision_type=2 2 2 2 2 2 2 2 2 2 2 2 2
left_child=1 3 -3 4 5 6 -1 8 -7 11 -11 -8 -10
right_child=-2 2 -4 -5 -6 7 9 -9 12 10 -12 -13 -14
leaf_value=-1.2144264431706938e-05 -2.2009019443203214e-05 -1.3794863975449146e-08 2.8340920733853638e-05 -2.1564200310422165e-05 -8.4936835122562105e-06 2.1876460498658291e-05 1.6803164161416362e-05 -6.7850797287454557e-06 -4.7178082271867338e-06 1.0028004664911609e-06 -9.2075373924966642e-06 4.1587742998672179e-07 9.6162199917251616e-06
leaf_weight=29 20 37 20 20 32 21 32 21 22 435 71 50 39
leaf_count=29 20 37 20 20 32 21 32 21 22 435 71 50 39
internal_value=4.27493e-14 5.30978e-07 9.93523e-06 -1.63378e-07 4.05793e-07 8.01325e-07 -1.81613e-08 5.71029e-06 8.91032e-06 5.79895e-07 -4.29875e-07 6.81092e-06 4.44657e-06
internal_weight=849 829 57 772 752 720 617 103 82 588 506 82 61
internal_count=849 829 57 772 752 720 617 103 82 588 506 82 61
is_linear=0
shrinkage=0.3


Tree=159
num_leaves=18
num_cat=0
split_feature=13 3 4 27 13 2 29 17 11 1 18 10 2 27 27 10 5
split_gain=7.5612e-08 1.65951e-07 8.31176e-08 2.19309e-07 5.38472e-08 4.73816e-08 3.32372e-08 7.58834e-08 1.00787e-07 9.86681e-08 6.3741e-08 5.95529e-08 8.41899e-08 5.68423e-08 5.41937e-08 5.12577e-08 4.20237e-08
threshold=0.011685828726896755 9.1223120689392108 14825600.000000002 0.89664100000000013 0.0079315869152506765 8.8731182736311727 1.5000000000000002 0.0012048468255456961 55.440247456219446 7.3269786412543256 0.27374261880655776 -0.47589597575658416 6.7545769321083187 0.77557850000000006 0.92334900000000009 1.9386954792476592 0.0011306770840013153
decision_type=2 2 2 2 2 2 2 2 2 2 2 2 2 2 2 2 2
left_child=1 2 5 4 -4 6 7 8 13 -10 16 12 -8 -1 15 -13 -9
right_child=-2 -3 3 -5 -6 -7 11 10 9 -11 -12 14 -14 -15 -16 -17 -18
leaf_value=-6.4108083077169594e-07 -1.4792589090575347e-05 2.4608128689578734e-05 1.3582443548330046e-05 -3.3363126203767027e-05 -6.5136739340232448e-06 1.2647678372088884e-05 -3.1061230197854621e-06 -9.45033248876505e-07 1.9958746119860171e-05 -4.1565355719758619e-06 1.783129049350033e-05 -3.4596591248620657e-06 1.9259463648576715e-05 -1.8744651422796753e-05 -1.497563722633429e-05 7.1947527857219027e-06 1.0408912169395989e-05
leaf_weight=27 30 25 20 24 30 29 33 71 26 37 38 265 28 37 31 48 50
leaf_count=27 30 25 20 24 30 29 33 71 26 37 38 265 28 37 31 48 50
internal_value=7.05735e-14 5.41853e-07 -2.15901e-07 -9.79022e-06 1.52477e-06 7.68126e-07 2.69563e-07 2.7455e-06 -2.72225e-06 5.7958e-06 7.11281e-06 -1.47887e-06 7.16005e-06 -1.11072e-05 -3.01077e-06 -1.82576e-06 3.74668e-06
internal_weight=849 819 794 74 50 720 691 286 127 63 159 405 61 64 344 313 121
internal_count=849 819 794 74 50 720 691 286 127 63 159 405 61 64 344 313 121
is_linear=0
shrinkage=0.3


Tree=160
num_leaves=20
num_cat=0
split_feature=3 17 3 15 22 20 20 17 8 22 9 23 4 15 17 4 16 27 26
split_gain=9.18225e-08 2.39118e-07 3.6622e-08 2.98781e-08 2.79962e-08 5.70585e-08 7.57793e-08 5.66481e-08 1.04303e-07 1.13833e-07 5.38042e-08 6.71948e-08 6.52244e-08 7.34584e-08 4.62887e-08 5.31695e-08 4.88647e-08 3.53756e-08 3.00339e-08
threshold=9.068913936614992 0.0037371355831029075 8.9443168640136737 -0.01182269753190702 0.23659400000000003 0.44269600000000003 0.48546400000000006 0.0034265839365100908 0.023490758013363738 0.039256000000000006 0.01598716305658876 0.41428550000000003 4565900.0000000009 0.0011229371397511532 0.0031512860787212618 3978750.0000000005 0.001219540135907851 0.8140265000000001 0.57747500000000007
decision_type=2 2 2 2 2 2 2 2 2 2 2 2 2 2 2 2 2 2 2
left_child=2 -2 3 -1 7 10 -7 14 -9 -10 11 17 -12 -14 15 -5 -17 -6 -13
right_child=1 -3 -4 4 5 6 -8 8 9 -11 12 18 13 -15 -16 16 -18 -19 -20
leaf_value=-1.0791885139432063e-05 9.1642362076527202e-06 -3.7226077413379241e-05 1.3371473678489564e-05 -1.0977820894216469e-05 6.456227146831507e-06 2.4003707147812746e-05 2.3588370703771797e-06 3.8020280475106308e-06 -3.2231197064902519e-06 -3.2467454136918683e-05 -9.6174666272087369e-06 -5.4069755858266863e-06 1.4705609787801112e-05 -4.0424858474519913e-07 1.4060482197402796e-05 6.971742553541948e-06 -2.0374428161514826e-06 -2.9845135347181164e-06 -2.1302772529452339e-05
leaf_weight=21 20 20 20 36 58 24 37 38 25 23 22 23 67 51 22 88 141 93 20
leaf_count=21 20 20 20 36 58 24 37 38 25 23 22 23 67 51 22 88 141 93 20
internal_value=4.16308e-14 -1.40309e-05 6.93741e-07 3.72379e-07 6.77652e-07 2.43779e-06 1.08749e-05 -1.1863e-06 -7.94014e-06 -1.7236e-05 8.96888e-07 -2.3377e-06 5.37911e-06 8.17508e-06 8.37502e-07 -2.60255e-07 1.4246e-06 6.41731e-07 -1.28004e-05
internal_weight=849 40 809 789 768 395 61 373 86 48 334 194 140 118 287 265 229 151 43
internal_count=849 40 809 789 768 395 61 373 86 48 334 194 140 118 287 265 229 151 43
is_linear=0
shrinkage=0.3


Tree=161
num_leaves=27
num_cat=0
split_feature=17 1 27 22 21 21 9 6 16 18 9 18 8 9 4 7 27 9 27 2 9 27 1 4 22 12
split_gain=5.60746e-08 1.1541e-07 2.86661e-08 1.04163e-07 7.55816e-08 7.8243e-08 7.8663e-08 4.6846e-08 5.5204e-08 4.57512e-08 3.3339e-08 3.1746e-08 1.10825e-07 7.14342e-08 9.26798e-08 7.74436e-08 7.04568e-08 7.19427e-08 5.79166e-08 5.6117e-08 6.54592e-08 5.30072e-08 4.96166e-08 4.83317e-08 4.26106e-08 2.99142e-08
threshold=0.0058673929449772439 9.1045129325491825 0.87623800000000018 0.024389500000000005 0.060939000000000007 0.26689850000000004 0.014604604441080526 -0.0024154919505777988 0.001007579972569928 0.29520510128230043 0.010710355666900944 0.022197167252831648 -0.0011228911078816769 0.017049295101599225 7615800.0000000009 -0.0010617225281355203 0.72493450000000015 0.015925063811510674 0.79055300000000017 6.2407763018264601 0.012573037441942943 0.66824450000000002 7.0146111438743839 10807850.000000002 0.20451350000000004 -0.00025127380302811746
decision_type=2 2 2 2 2 2 2 2 2 2 2 2 2 2 2 2 2 2 2 2 2 2 2 2 2 2
left_child=1 2 11 -4 7 -6 10 -5 -9 -10 -7 12 -1 15 -15 23 21 22 -19 -17 -21 -14 -18 25 -16 -13
right_child=-2 -3 3 4 5 6 -8 8 9 -11 -12 13 16 14 24 19 17 18 -20 20 -22 -23 -24 -25 -26 -27
leaf_value=1.7422075531860836e-05 1.1263393977108199e-05 -1.8185145760840626e-05 -1.157377361008772e-05 -1.198190665832044e-05 2.5565295276464893e-05 7.7801805701938055e-06 1.6695453102425075e-05 -1.0532757849952239e-05 1.3925403012156796e-06 1.7611948487683547e-05 -8.2568490711310005e-06 -1.9361883627547847e-05 -1.5941052765811036e-06 -2.6031668374344008e-05 -1.1635015577883589e-05 1.8814854579234278e-05 -2.0917014503888474e-05 -8.5114046243006672e-06 9.2028800444811914e-06 -6.9719206877039135e-06 1.2180031734683795e-05 1.5165053864620859e-05 -5.6274515931894109e-06 4.328161433195616e-06 4.8333276781092467e-06 -4.8277781825163399e-06
leaf_weight=33 38 32 39 24 25 20 38 21 45 24 28 26 33 25 31 23 26 26 46 36 29 35 72 23 26 25
leaf_count=33 38 32 39 24 25 20 38 21 45 24 28 26 33 25 31 23 26 26 46 36 29 35 72 23 26 25
internal_value=-9.63627e-15 -5.27755e-07 1.97581e-07 2.73936e-06 5.22031e-06 1.07925e-05 6.49813e-06 -2.05286e-07 2.93515e-06 7.03407e-06 -1.57475e-06 -1.10539e-06 1.12958e-06 -3.58768e-06 -1.08026e-05 6.43069e-08 -1.12946e-06 -4.39402e-06 2.80606e-06 6.07924e-06 1.5728e-06 7.03193e-06 -9.68387e-06 -7.08859e-06 -4.12314e-06 -1.22373e-05
internal_weight=849 811 779 264 225 111 86 114 90 69 48 515 271 244 82 162 238 170 72 88 65 68 98 74 57 51
internal_count=849 811 779 264 225 111 86 114 90 69 48 515 271 244 82 162 238 170 72 88 65 68 98 74 57 51
is_linear=0
shrinkage=0.3


Tree=162
num_leaves=21
num_cat=0
split_feature=11 2 0 9 5 5 18 4 12 8 18 27 8 13 7 14 18 13 18 8
split_gain=5.60044e-08 3.76419e-07 1.42243e-07 5.9336e-07 4.37977e-08 5.60268e-08 5.33992e-08 7.61102e-08 3.53163e-08 3.42917e-08 3.41682e-08 2.58857e-08 3.40203e-08 3.76341e-08 6.91947e-08 8.76885e-08 6.91513e-08 5.87605e-08 6.96468e-08 2.20827e-08
threshold=56.022130811692548 7.7572359310321994 8.971015839854255 0.021924931964108139 -0.0072331581063440169 -0.0034129569262241225 -0.61010084744974413 5436350.0000000009 -0.0013198163372591949 0.034104139137515803 -0.84576568912360284 0.93299950000000009 -0.015747120970805537 0.0086595724226075522 -1.0000000180025095e-35 0.0068925861949824547 0.15005305070478078 0.0087666974199689853 0.62802588659286052 0.011370559097941326
decision_type=2 2 2 2 2 2 2 2 2 2 2 2 2 2 2 2 2 2 2 2
left_child=1 10 4 -4 -2 -6 -7 -8 -9 -10 -1 12 -12 14 15 -14 -16 -15 -19 -13
right_child=2 -3 3 -5 5 6 7 8 9 -11 11 19 13 17 16 -17 -18 18 -20 -21
leaf_value=-1.0285609846505395e-05 -1.4132484878359719e-05 3.8887322995151406e-05 -5.1218115175544202e-05 1.5491676174406165e-05 1.2473651667454349e-05 9.9684078463724294e-06 -1.5388785437348166e-05 -9.2281355611183766e-06 -7.1929983192062906e-06 2.8903653310542656e-06 9.6027778542315154e-06 1.1270642607996706e-06 -1.7976393807024895e-05 -1.8623273711000362e-05 1.5873726672379556e-06 6.828152166643372e-06 2.2793662868934913e-05 -3.5045994190188905e-06 1.5217065388242191e-05 1.5224723765641102e-05
leaf_weight=26 20 24 24 24 31 36 35 35 37 169 31 20 23 20 31 29 25 169 20 20
leaf_count=26 20 24 24 24 31 36 35 35 37 169 31 20 23 20 31 29 25 169 20 20
internal_value=6.0258e-17 2.36027e-06 -2.51533e-06 -1.78632e-05 -4.85855e-07 3.09867e-07 -8.98714e-07 -2.31616e-06 -4.17651e-07 1.07928e-06 2.42763e-07 9.48273e-07 1.17512e-07 -8.10069e-07 3.73712e-06 -4.14309e-06 1.10545e-05 -3.15982e-06 -1.52347e-06 8.17589e-06
internal_weight=849 438 411 48 363 343 312 276 241 206 414 388 348 317 108 52 56 209 189 40
internal_count=849 438 411 48 363 343 312 276 241 206 414 388 348 317 108 52 56 209 189 40
is_linear=0
shrinkage=0.3


Tree=163
num_leaves=10
num_cat=0
split_feature=9 1 0 17 3 27 27 0 3
split_gain=5.59992e-08 1.90074e-07 8.56308e-08 6.50904e-08 5.26353e-08 2.55402e-08 3.18996e-08 2.98763e-08 3.15832e-08
threshold=0.034772948534358222 9.1223121638934508 7.0068084990455439 0.005841175703354534 8.9621157646179217 0.56690950000000007 0.66053500000000021 8.833069106192255 8.2011222839355487
decision_type=2 2 2 2 2 2 2 2 2
left_child=1 3 -2 4 5 -1 -7 8 -8
right_child=2 -3 -4 -5 -6 6 7 -9 -10
leaf_value=8.7146679370724609e-06 2.6753985166578786e-06 2.3262811474467071e-05 -2.2154857272653315e-05 -1.3167627505882752e-05 1.5438393756994628e-05 -8.8612681714459112e-06 -1.7069197108628095e-07 -9.9888989236791745e-06 8.5449852736019242e-06
leaf_weight=28 25 32 25 34 20 39 580 26 40
leaf_count=28 25 32 25 34 20 39 580 26 40
internal_value=-2.65336e-14 6.09495e-07 -9.73973e-06 -3.35624e-07 2.59585e-07 -1.66188e-07 -5.29201e-07 -2.61816e-08 3.9161e-07
internal_weight=849 799 50 767 733 713 685 646 620
internal_count=849 799 50 767 733 713 685 646 620
is_linear=0
shrinkage=0.3


Tree=164
num_leaves=19
num_cat=0
split_feature=3 12 2 27 6 9 10 17 12 1 10 29 10 5 11 20 21 10
split_gain=7.70225e-08 6.2363e-08 2.85175e-07 1.9088e-07 6.20694e-08 8.49976e-08 9.1724e-08 4.95188e-08 5.88129e-08 4.37307e-08 2.68744e-08 4.69682e-08 4.21689e-08 4.13974e-08 3.42482e-08 3.53962e-08 3.89945e-08 3.58324e-08
threshold=9.5874929428100604 0.00099191795654468107 8.9443160552776053 0.91040300000000018 0.0093546949244803865 0.011234718724459086 2.3972610722363767 0.002068259389311902 0.0022203827029791197 7.2560445898711974 1.5341339958126412 1.5000000000000002 1.4539748032297226 0.0021315410093582492 64.191258905687548 0.6781465000000001 0.41283650000000005 0.8412620148169091
decision_type=2 2 2 2 2 2 2 2 2 2 2 2 2 2 2 2 2 2
left_child=1 2 10 4 5 9 7 -7 -9 -3 12 -12 14 -13 15 16 -1 -17
right_child=-2 3 -4 -5 -6 6 -8 8 -10 -11 11 13 -14 -15 -16 17 -18 -19
leaf_value=3.3780653757921395e-06 -1.8396642315110511e-05 1.5407405177531222e-05 3.5518118396670283e-05 -2.3249481086838244e-05 1.3148593857132643e-05 -1.2605038159563263e-05 -2.391163125831435e-05 1.2777303017072781e-05 -8.1186631611920092e-06 -2.8272935037421121e-06 1.3902199232992036e-05 -8.6589068836509295e-06 -1.3269517860083266e-05 8.2702749261023615e-06 1.0109240607532903e-05 -7.281595268674816e-07 -2.7037912127946547e-06 -1.5343783865791221e-05
leaf_weight=229 20 29 22 38 28 27 23 27 22 20 36 26 21 26 31 36 162 26
leaf_count=229 20 29 22 38 28 27 23 27 22 20 36 26 21 26 31 36 162 26
internal_value=2.85422e-14 4.43827e-07 1.97872e-06 -3.96719e-06 1.96037e-07 -2.25445e-06 -7.31239e-06 -2.28894e-06 3.39544e-06 7.96467e-06 7.34422e-07 5.57244e-06 -1.08639e-07 -1.94316e-07 4.62391e-07 -1.97769e-07 8.58217e-07 -6.85729e-06
internal_weight=849 829 615 214 176 148 99 76 49 49 593 88 505 52 484 453 391 62
internal_count=849 829 615 214 176 148 99 76 49 49 593 88 505 52 484 453 391 62
is_linear=0
shrinkage=0.3


Tree=165
num_leaves=10
num_cat=0
split_feature=27 3 2 27 27 11 0 19 17
split_gain=4.72036e-08 7.97115e-08 1.38343e-07 1.8947e-08 2.3021e-08 2.48956e-08 3.3102e-08 3.47594e-08 2.04522e-08
threshold=0.55282700000000007 9.1223120689392108 8.9087176275375395 0.62110700000000019 0.66053500000000021 46.619473852139777 5.9969374192669465 0.35713800000000001 0.0046003423213941954
decision_type=2 2 2 2 2 2 2 2 2
left_child=-1 2 3 -2 -5 -6 7 -7 -8
right_child=1 -3 -4 4 5 6 8 -9 -10
leaf_value=-1.284247495641466e-05 8.4027601815250822e-06 1.4835698923641096e-05 -2.423714259965745e-05 -8.4355597880719161e-06 -7.2007607665606578e-06 2.7959021579704311e-06 -4.395095690333682e-07 1.7681830836409063e-05 4.9106127447237368e-06
leaf_weight=25 26 33 21 27 36 48 540 20 73
leaf_count=25 26 33 21 27 36 48 540 20 73
internal_value=-6.80564e-14 3.89638e-07 -2.13042e-07 4.42161e-07 1.63968e-07 4.87799e-07 8.94243e-07 7.17412e-06 1.97618e-07
internal_weight=849 824 791 770 744 717 681 68 613
internal_count=849 824 791 770 744 717 681 68 613
is_linear=0
shrinkage=0.3


Tree=166
num_leaves=14
num_cat=0
split_feature=2 14 0 17 14 2 25 4 1 1 15 27 22
split_gain=6.69379e-08 5.20559e-08 9.46143e-08 7.83993e-08 6.07112e-08 1.89114e-07 7.14936e-08 9.06865e-08 2.79079e-08 7.54216e-08 5.02579e-08 4.86061e-08 3.43402e-08
threshold=9.506425428782844 0.015644552201062586 7.0445343941891121 0.005841175703354534 0.011187036589981178 8.8909175852540354 0.41428550000000003 9177250.0000000019 6.9755978683089852 7.0122381085915029 -0.005741663124515327 0.8063435000000001 0.79946200000000012
decision_type=2 2 2 2 2 2 2 2 2 2 2 2 2
left_child=1 3 -3 4 5 8 7 -6 10 -10 -1 -12 -11
right_child=-2 2 -4 -5 6 -7 -8 -9 9 12 11 -13 -14
leaf_value=1.6988523683331939e-05 -1.7150056883110666e-05 -5.277611765969985e-07 2.4579052019775684e-05 -1.4770371980432628e-05 -2.6912505385051441e-06 2.9418687634980805e-05 3.0704372528290198e-06 -2.7621463465266059e-05 -1.6424047635155146e-05 1.0131839717492674e-06 6.5197093162543529e-06 -2.2897374202828015e-06 -8.8889879511303405e-06
leaf_weight=21 20 35 22 32 29 21 38 24 27 317 102 126 35
leaf_count=21 20 35 22 32 29 21 38 24 27 317 102 126 35
internal_value=1.95939e-14 4.13753e-07 9.16259e-06 -2.3221e-07 3.96467e-07 1.41398e-06 -6.86027e-06 -1.39804e-05 4.77513e-07 -1.14349e-06 2.94483e-06 1.65133e-06 2.8593e-08
internal_weight=849 829 57 772 740 649 91 53 628 379 249 228 352
internal_count=849 829 57 772 740 649 91 53 628 379 249 228 352
is_linear=0
shrinkage=0.3


Tree=167
num_leaves=20
num_cat=0
split_feature=27 27 10 0 21 2 8 9 7 17 18 18 18 4 4 7 10 5 14
split_gain=5.27387e-08 2.98651e-07 1.64063e-07 1.5686e-07 1.12429e-07 1.94927e-07 1.26758e-07 6.56557e-08 3.65891e-08 4.33609e-08 2.72826e-08 9.06539e-08 8.62814e-08 5.03471e-08 8.75059e-08 4.5934e-08 3.38652e-08 3.22364e-08 2.70523e-08
threshold=0.91714450000000014 0.91040300000000018 1.3653730686948882 7.636568139693316 0.067016000000000006 9.0600138619683399 0.036748653454663383 0.018806233613911896 0.0033445456058260052 0.0012262737532038345 0.35639957763118946 0.25385466784086846 0.47658900405287569 5537550.0000000009 5218500.0000000009 -0.0033632576678814517 0.072679235482301971 0.0022013728853902486 0.0079590354567116908
decision_type=2 2 2 2 2 2 2 2 2 2 2 2 2 2 2 2 2 2 2
left_child=1 4 7 -4 6 10 18 8 9 -2 11 13 -12 14 -6 -15 -14 -18 -1
right_child=2 -3 3 -5 5 -7 -8 -9 -10 -11 12 -13 16 15 -16 -17 17 -19 -20
leaf_value=-7.2889747775661808e-06 1.2710618849897559e-05 -3.5530461131698263e-05 5.7249788962820958e-06 3.95929377577886e-05 9.6464013758179586e-07 -3.0445711970514819e-05 2.656256777942778e-05 -1.727497470255912e-05 -9.1595225122936033e-06 -2.5548974773218191e-06 1.67307811652377e-05 -1.6139146182467809e-05 -1.0225858266739333e-05 -1.0998402743385964e-05 2.0808444014619452e-05 -7.8841792768248913e-07 6.9848548750996989e-06 -5.0958391573823812e-06 8.3145590815547626e-06
leaf_weight=20 34 22 32 20 120 20 29 20 21 33 33 35 26 49 24 208 50 33 20
leaf_count=20 34 22 32 20 120 20 29 20 21 33 33 35 26 49 24 208 50 33 20
internal_value=1.49791e-14 -1.13942e-06 4.90661e-06 1.87511e-05 -5.07928e-09 -1.32812e-06 1.14612e-05 -1.75926e-06 1.76704e-06 5.19178e-06 -3.20588e-07 -1.49684e-06 3.29101e-06 -2.18836e-07 4.27194e-06 -2.73507e-06 -7.77911e-07 2.18169e-06 5.12792e-07
internal_weight=849 689 160 52 667 598 69 108 88 67 578 436 142 401 144 257 109 83 40
internal_count=849 689 160 52 667 598 69 108 88 67 578 436 142 401 144 257 109 83 40
is_linear=0
shrinkage=0.3


Tree=168
num_leaves=20
num_cat=0
split_feature=13 17 17 0 10 0 11 8 15 17 16 4 29 6 15 22 7 16 4
split_gain=5.393e-08 1.43541e-07 1.03732e-07 1.6319e-07 9.23918e-08 7.19181e-08 5.90412e-08 6.48162e-08 2.76318e-08 3.04113e-08 2.75993e-08 4.61905e-08 1.08621e-07 4.68568e-08 5.37412e-08 4.25987e-08 4.25564e-08 3.78175e-08 2.77124e-08
threshold=0.0072723279151288654 0.0040120364025957519 0.005524943548416694 9.3003091779372582 1.6357038711208289 8.8197184535965576 62.547476932261127 0.035589246519777233 -0.0011105199153750101 0.0011012955652971426 0.0011820617978422052 5124000.0000000009 1.5000000000000002 -0.0022649871582971549 -0.0022818615679766835 0.027307500000000002 -0.0061013349342054915 0.001219540135907851 5124000.0000000009
decision_type=2 2 2 2 2 2 2 2 2 2 2 2 2 2 2 2 2 2 2
left_child=1 6 3 5 -4 10 7 8 -1 -10 11 12 -2 14 -13 -15 -12 -18 -19
right_child=2 -3 4 -5 -6 -7 -8 -9 9 -11 16 13 -14 15 -16 -17 17 18 -20
leaf_value=4.336298054113285e-06 3.9151086149047389e-06 -2.8079556113880243e-05 3.7566917022502365e-06 -2.6579874484013998e-05 2.9365618343035748e-05 1.6396978232627098e-05 -1.3510825004326261e-05 1.1531238669704179e-05 7.4021553814418444e-07 -1.4820025991796752e-05 1.1924615944768188e-05 -3.2711087521875016e-06 -2.0106714586631824e-05 -1.4248817631042861e-05 1.7246519756655389e-05 -2.9482546892722891e-08 1.3177807438426368e-05 5.3881307017243008e-06 -1.6136109659835194e-06
leaf_weight=25 32 21 32 20 21 26 29 39 20 26 35 20 36 23 27 108 21 66 222
leaf_count=25 32 21 32 20 21 26 29 39 20 26 35 20 36 23 27 108 21 66 222
internal_value=5.82796e-14 -4.96172e-06 1.15221e-06 8.95961e-08 1.39036e-05 9.55488e-07 -1.4691e-06 1.70554e-06 -3.69167e-06 -8.0547e-06 2.75016e-07 -2.15135e-06 -8.80233e-06 3.89477e-07 8.51561e-06 -2.52601e-06 2.01015e-06 8.87149e-07 -9.04517e-09
internal_weight=849 160 689 636 53 616 139 110 71 46 590 246 68 178 47 131 344 309 288
internal_count=849 160 689 636 53 616 139 110 71 46 590 246 68 178 47 131 344 309 288
is_linear=0
shrinkage=0.3


Tree=169
num_leaves=18
num_cat=0
split_feature=3 1 5 27 6 11 8 5 14 8 14 18 18 16 7 7 27
split_gain=4.50201e-08 1.2972e-07 1.68913e-08 3.09092e-08 2.72721e-08 2.35275e-08 6.34442e-08 4.02657e-08 4.93424e-08 3.29366e-08 4.68637e-08 3.82968e-08 5.30928e-08 4.09248e-08 3.02409e-08 3.43187e-08 2.36437e-08
threshold=9.1223120689392108 8.9176176757931511 -0.0056723466739719503 0.77846300000000013 0.0034403381896603484 51.835526426479412 0.012163498489102779 0.006711353621130108 0.013621334519613308 -0.0018405144585765313 0.0089286272755836216 0.044437427119184976 -0.37818011073147911 0.0034013345747488039 0.0089993030529001202 -0.0011575833268073416 0.83155600000000007
decision_type=2 2 2 2 2 2 2 2 2 2 2 2 2 2 2 2 2
left_child=1 2 3 -1 -5 9 -7 14 16 11 -11 12 -4 -13 15 -8 -9
right_child=-2 -3 5 4 -6 6 7 8 -10 10 -12 13 -14 -15 -16 -17 -18
leaf_value=-1.1194032235688345e-05 1.0695716977191776e-05 -1.8585997760818132e-05 -4.6231080591496719e-06 6.4042735999692008e-06 -6.6764940964521184e-06 -1.279193377906102e-05 4.8994844785146725e-06 -1.7551257355290336e-05 4.6043733321867976e-06 1.7715816171227244e-05 -6.3903006386161519e-07 -1.4664437964546034e-05 1.6114586365802096e-05 3.8507333816336799e-06 1.0896864203811762e-05 -8.2992692460460252e-07 -4.1883428774657324e-06
leaf_weight=31 34 34 20 32 26 33 145 26 27 31 21 22 25 21 31 268 22
leaf_count=31 34 34 20 32 26 33 145 26 27 31 21 22 25 21 31 268 22
internal_value=-5.76067e-14 -4.46202e-07 3.43495e-07 -3.54682e-06 5.40481e-07 8.43839e-07 -3.71093e-08 7.73891e-07 -5.65544e-06 4.31729e-06 1.03033e-05 7.80117e-07 6.89783e-06 -5.62214e-06 1.85993e-06 1.18161e-06 -1.14266e-05
internal_weight=849 815 781 89 58 692 552 519 75 140 52 88 45 43 444 413 48
internal_count=849 815 781 89 58 692 552 519 75 140 52 88 45 43 444 413 48
is_linear=0
shrinkage=0.3


Tree=170
num_leaves=15
num_cat=0
split_feature=6 3 2 4 17 11 8 2 18 8 18 12 4 23
split_gain=4.12657e-08 7.99902e-08 6.51339e-08 1.8649e-07 1.5508e-08 1.27552e-08 6.24553e-08 3.81931e-08 4.11371e-08 3.88013e-08 3.05401e-08 2.94453e-08 2.64133e-08 1.56589e-08
threshold=0.015017487699936464 9.1223120689392108 8.824169084922957 8840200.0000000019 0.0058105993611912181 52.261297974300639 0.012610925514298427 6.983401634656432 0.60909302797145859 -0.01868413037971552 -0.62787128828216265 -0.00022138376339466754 6329400.0000000009 0.41428550000000003
decision_type=2 2 2 2 2 2 2 2 2 2 2 2 2 2
left_child=1 2 4 -4 5 7 -7 8 9 -1 11 -8 -12 -9
right_child=-2 -3 3 -5 -6 6 10 13 -10 -11 12 -13 -14 -15
leaf_value=8.3120140525352324e-06 -1.3133107086105155e-05 1.5039477247569266e-05 1.0247921449035857e-05 -2.8618089004226023e-05 6.8681842869011682e-06 -1.6654454176594818e-05 1.5959911552130278e-05 4.5415769278633888e-06 1.1907865969491964e-05 -4.9711987927175383e-06 -3.8274357848422364e-06 1.2861586218049225e-06 9.2078084864680253e-07 1.6412992607683918e-05
leaf_weight=25 21 32 20 25 32 21 20 20 22 95 162 32 302 20
leaf_count=25 21 32 20 25 32 21 20 20 22 95 162 32 302 20
internal_value=2.42564e-14 3.33086e-07 -2.58126e-07 -1.13443e-05 4.0616e-07 1.18559e-07 -6.17052e-07 2.28902e-06 -1.75386e-08 -2.20386e-06 3.56328e-08 6.92991e-06 -7.37002e-07 1.04773e-05
internal_weight=849 828 796 45 751 719 537 182 142 120 516 52 464 40
internal_count=849 828 796 45 751 719 537 182 142 120 516 52 464 40
is_linear=0
shrinkage=0.3


Tree=171
num_leaves=13
num_cat=0
split_feature=1 3 0 20 16 14 15 13 13 4 27 5
split_gain=5.2104e-08 4.12902e-08 1.68578e-08 1.65669e-08 4.15892e-08 1.69044e-08 1.90039e-08 3.08452e-08 3.06842e-08 1.78292e-08 7.76493e-08 2.68604e-08
threshold=9.1045129325491825 8.8953676223754901 8.833069106192255 0.87422600000000006 0.0012098917121200761 0.0033764481372240214 -0.0056689849045400377 0.0084807572298256449 0.0091079493945922484 4874700.0000000009 0.83336550000000009 -1.0000000180025095e-35
decision_type=2 2 2 2 2 2 2 2 2 2 2 2
left_child=1 2 3 5 -5 -1 7 -7 -9 10 -8 -11
right_child=-2 -3 -4 4 -6 6 9 8 -10 11 -12 -13
leaf_value=-8.008117682671266e-06 -1.0857289558579826e-05 1.2043541624330423e-05 -8.0756023087567212e-06 1.528827152516111e-05 -2.769892842025001e-06 -1.4178961656625688e-05 3.8462095790532358e-06 8.1782250864979805e-06 -5.104362437160322e-06 5.0461159047472389e-06 -1.1074119712067737e-05 1.8328152172775376e-07
leaf_weight=23 38 27 22 22 24 20 77 23 49 150 53 321
leaf_count=23 38 27 22 22 24 20 77 23 49 150 53 321
internal_value=-7.07279e-14 5.08726e-07 1.11481e-07 3.47854e-07 5.86662e-06 -6.70388e-09 2.58855e-07 -3.75645e-06 -8.61314e-07 8.73512e-07 -2.23669e-06 1.73195e-06
internal_weight=849 811 784 762 46 716 693 92 72 601 130 471
internal_count=849 811 784 762 46 716 693 92 72 601 130 471
is_linear=0
shrinkage=0.3


Tree=172
num_leaves=31
num_cat=0
split_feature=14 0 1 17 16 27 12 21 24 1 9 9 6 3 27 22 26 15 8 27 5 20 16 7 9 27 14 21 9 13
split_gain=3.81724e-08 4.01315e-07 2.16651e-07 2.71782e-08 3.60969e-08 6.29887e-08 2.97173e-08 5.66132e-08 4.96987e-08 4.79465e-08 3.94353e-08 3.9713e-08 3.16089e-08 2.98941e-08 2.8789e-08 2.67698e-08 4.37783e-08 2.44647e-08 4.39229e-08 3.74134e-08 2.6169e-08 3.87482e-08 3.30097e-08 3.70588e-08 4.71197e-08 3.71076e-08 3.51623e-08 3.6295e-08 2.08571e-08 1.29338e-08
threshold=0.0075268703070056784 8.8909174672566404 9.0778128192021335 0.002365528695784692 0.0010378572649346518 0.85212850000000018 -0.00041543958754302371 0.21671800000000002 0.35416650000000005 6.9607572543728997 0.017302842751161781 0.01457206435107525 0.0036787405994230583 6.9963784217834482 0.6910940000000001 0.031197500000000003 0.72290300000000018 -0.003470212136747846 0.026689108484505952 0.94197600000000004 -0.0022185868413812254 0.25870000000000004 0.0010548952433556476 0.0011363787165464009 0.018373861147194883 0.83660500000000015 0.0044321829149464335 0.12365450000000001 0.011096822304751633 0.008968613717878042
decision_type=2 2 2 2 2 2 2 2 2 2 2 2 2 2 2 2 2 2 2 2 2 2 2 2 2 2 2 2 2 2
left_child=1 17 3 6 5 -5 8 9 10 -8 11 -2 13 -9 -6 -16 28 18 -1 20 21 -19 23 25 -25 -22 -24 -28 -17 -18
right_child=2 -3 -4 4 14 -7 7 12 -10 -11 -12 -13 -14 -15 15 16 29 19 -20 -21 22 -23 26 24 -26 -27 27 -29 -30 -31
leaf_value=-1.6133048000648903e-05 -8.7461369957964046e-06 -4.3532790587050845e-05 2.4940810541974154e-05 2.5016483659909579e-07 -1.0596846364023804e-05 -2.1114296463486465e-05 2.4060486366579423e-05 -1.1619698638241971e-05 1.0450233471394974e-05 5.8290367113890214e-06 -1.5439382073282103e-05 9.3544750535556875e-06 1.0014956586701373e-05 2.2257419864502024e-06 -7.1214683771358974e-06 4.0365527439689682e-06 2.2464453688719743e-06 -8.9291780958384538e-07 2.4248434243645533e-06 -1.0020582478248867e-05 1.9835486196113733e-05 1.6752739045955423e-05 -1.1504403052445664e-05 6.8959426772057816e-06 -1.1781265250192517e-05 2.7941453274014863e-06 -1.0060329385798749e-05 2.3032373729847676e-06 1.6543687815318008e-05 -8.5426384822540063e-06
leaf_weight=22 24 20 34 27 20 23 20 25 22 37 25 20 20 32 24 24 20 21 24 26 23 24 28 31 20 23 26 120 24 20
leaf_count=22 24 20 34 27 20 23 20 25 22 37 25 20 20 32 24 24 20 21 24 26 23 24 28 31 20 23 26 120 24 20
internal_value=-3.21251e-15 -2.09137e-06 1.93488e-06 1.30041e-08 -2.71277e-06 -9.57749e-06 2.21785e-06 5.05906e-06 -1.9659e-06 1.2226e-05 -5.92467e-06 -5.18586e-07 -2.46358e-07 -3.84682e-06 -1.12502e-07 1.7597e-06 4.18184e-06 4.47824e-08 -6.45067e-06 9.1844e-07 1.81849e-06 8.5181e-06 7.06004e-07 5.14052e-06 -4.28453e-07 1.13148e-05 -1.76611e-06 1.01506e-07 1.02901e-05 -3.1481e-06
internal_weight=849 408 441 407 182 50 225 134 91 57 69 44 77 57 132 112 88 388 46 342 316 45 271 97 51 46 174 146 48 40
internal_count=849 408 441 407 182 50 225 134 91 57 69 44 77 57 132 112 88 388 46 342 316 45 271 97 51 46 174 146 48 40
is_linear=0
shrinkage=0.3


Tree=173
num_leaves=9
num_cat=0
split_feature=1 3 17 26 26 27 27 17
split_gain=5.11525e-08 3.32056e-08 1.04539e-08 1.44518e-08 3.20511e-08 2.80939e-08 2.50021e-08 2.62506e-08
threshold=9.1045129325491825 8.8953676223754901 0.0058105993611912181 0.94232050000000012 0.92010300000000012 0.93299950000000009 0.92909150000000007 0.0011494516208132915
decision_type=2 2 2 2 2 2 2 2
left_child=1 2 3 4 5 6 7 -1
right_child=-2 -3 -4 -5 -6 -7 -8 -9
leaf_value=2.3918000894626218e-06 -1.0757696514031666e-05 1.0848160339567888e-05 5.2154973215173019e-06 7.6698658956177374e-06 -1.1093765488112695e-05 8.6003893980804687e-06 -1.0813321578098112e-05 -1.5341290763464859e-06
leaf_weight=247 38 27 35 21 24 33 20 404
leaf_count=247 38 27 35 21 24 33 20 404
internal_value=-3.08487e-14 5.0406e-07 1.47822e-07 -8.89857e-08 -3.12799e-07 5.47342e-08 -3.65544e-07 -4.45676e-08
internal_weight=849 811 784 749 728 704 671 651
internal_count=849 811 784 749 728 704 671 651
is_linear=0
shrinkage=0.3


Tree=174
num_leaves=15
num_cat=0
split_feature=13 3 0 15 22 11 10 26 2 26 14 2 4 13
split_gain=3.53665e-08 1.18004e-07 4.98237e-08 1.11303e-08 3.38827e-08 2.93109e-08 6.98966e-08 3.34373e-08 2.30552e-08 3.87694e-08 2.97772e-08 3.49114e-08 2.89397e-08 2.596e-08
threshold=0.011685828726896755 9.1223120689392108 8.9621154342592764 -0.0011123725402043957 0.0097995000000000009 46.619473852139777 -0.47589597575658416 0.76893250000000013 7.2351822328487385 0.77048450000000013 0.0048134801503650314 5.8378648847089059 8252350.0000000009 0.010529369215845498
decision_type=2 2 2 2 2 2 2 2 2 2 2 2 2 2
left_child=1 2 3 8 -5 -6 -7 -8 10 12 -1 -12 -10 -13
right_child=-2 -3 -4 4 5 6 7 -9 9 -11 11 13 -14 -15
leaf_value=-1.270597136908691e-05 -1.0116832402218278e-05 2.0664567153289682e-05 -1.4345927970990405e-05 1.3157095316387314e-05 -1.0689129883303394e-05 1.6783843307521808e-05 -1.4562672078143649e-06 5.0358054271240916e-06 1.6525263349235914e-05 -5.3755625786826724e-06 1.0372413321420026e-05 -4.3106520068959515e-06 1.7413078414672502e-06 5.0305881572398898e-06
leaf_weight=24 30 25 22 20 20 24 297 94 22 29 20 164 26 32
leaf_count=24 30 25 22 20 20 24 297 94 22 29 20 164 26 32
internal_value=2.01714e-14 3.7058e-07 -2.68399e-07 1.32774e-07 1.08357e-06 5.28469e-07 1.06908e-06 1.04487e-07 -1.23194e-06 3.28492e-06 -2.6811e-06 -1.56722e-06 8.51729e-06 -2.78555e-06
internal_weight=849 819 794 772 455 435 415 391 317 77 240 216 48 196
internal_count=849 819 794 772 455 435 415 391 317 77 240 216 48 196
is_linear=0
shrinkage=0.3


Tree=175
num_leaves=14
num_cat=0
split_feature=1 2 16 21 21 21 14 14 12 19 20 20 22
split_gain=4.81487e-08 3.25216e-08 9.83528e-09 9.58195e-09 1.88789e-08 1.17215e-08 2.43615e-08 4.30071e-08 3.14792e-08 1.64788e-08 3.02143e-08 3.38095e-08 2.59455e-08
threshold=9.1045129325491825 8.8909175852540354 0.0076409675439557791 0.027275000000000004 0.020721500000000004 0.075694500000000012 0.0046756252589354704 0.0066777922524276631 -0.00055430581692927103 0.66128050000000005 0.58114200000000016 0.49119250000000003 0.025575000000000004
decision_type=2 2 2 2 2 2 2 2 2 2 2 2 2
left_child=1 2 3 4 -1 6 -5 -8 -9 10 11 -7 -11
right_child=-2 -3 -4 5 -6 9 7 8 -10 12 -12 -13 -14
leaf_value=2.7397187778177566e-06 -1.0437063400259879e-05 1.2141039962898502e-05 6.7472736014906328e-06 1.1979907716605257e-05 -9.520179970223808e-06 3.7246654849943781e-07 -1.0780323273965304e-05 -3.7423313101655742e-06 8.5936823895785057e-06 7.335564635380457e-07 8.7593847885208167e-06 -8.6134012790131312e-06 -1.2117000449489541e-05
leaf_weight=20 38 21 20 22 26 466 22 29 52 31 35 41 26
leaf_count=20 38 21 20 22 26 466 22 29 52 31 35 41 26
internal_value=-2.57352e-15 4.89036e-07 1.79299e-07 8.70272e-09 -4.18979e-06 2.75458e-07 2.91788e-06 9.82299e-07 4.17708e-06 -2.75966e-07 2.34314e-07 -3.54201e-07 -5.1281e-06
internal_weight=849 811 790 770 46 724 125 103 81 599 542 507 57
internal_count=849 811 790 770 46 724 125 103 81 599 542 507 57
is_linear=0
shrinkage=0.3


Tree=176
num_leaves=17
num_cat=0
split_feature=10 1 22 23 1 6 18 4 6 17 6 10 19 19 4 8
split_gain=3.96857e-08 1.07273e-07 1.06776e-07 1.28829e-07 1.66645e-08 1.10164e-08 3.72243e-08 3.25471e-08 2.76025e-08 3.45894e-08 3.37971e-08 7.44331e-08 2.21252e-08 5.09174e-08 3.57388e-08 2.11615e-08
threshold=2.269732585774149 9.0956128578985602 0.3588630000000001 0.70833350000000006 8.9176176757931511 -0.0057339967040178795 -0.2822504056443777 8489600.0000000019 -0.0033956210307017035 0.0011806229108747397 -0.0022649871582971549 0.62125995812772361 0.45792700000000003 0.32070100000000007 12309200.000000002 0.019312033829073018
decision_type=2 2 2 2 2 2 2 2 2 2 2 2 2 2 2 2
left_child=1 4 3 -2 5 6 -1 -8 9 -7 11 -10 13 -12 -14 -11
right_child=2 -3 -4 -5 -6 8 7 -9 10 15 12 -13 14 -15 -16 -17
leaf_value=-4.8841447141967367e-06 1.6553777717831506e-05 1.8842622772094077e-05 -2.4145444847983364e-05 -1.486634715824355e-05 -7.3868914531279492e-06 -1.1983355841493904e-05 1.5865102989209844e-05 7.0486808726855082e-07 -1.6618941736882772e-06 7.5560575260169566e-06 -2.5015851447078628e-07 2.2127765216737316e-05 1.0659291988953814e-06 -1.2398488671879824e-05 1.4902755939374401e-05 -6.2444283548757084e-06
leaf_weight=30 24 28 22 23 27 38 26 25 29 20 358 20 105 34 20 20
leaf_count=30 24 28 22 23 27 38 26 25 29 20 358 20 105 34 20 20
internal_value=6.73534e-14 6.10045e-07 -6.89616e-06 1.17797e-06 -6.88275e-08 2.03707e-07 3.50111e-06 8.43362e-06 -2.11028e-07 -5.50173e-06 5.18079e-07 8.04817e-06 -1.95605e-07 -1.30384e-06 3.27982e-06 6.55815e-07
internal_weight=849 780 69 47 752 725 81 51 644 78 566 49 517 392 125 40
internal_count=849 780 69 47 752 725 81 51 644 78 566 49 517 392 125 40
is_linear=0
shrinkage=0.3


Tree=177
num_leaves=13
num_cat=0
split_feature=1 0 14 10 7 10 17 10 7 19 20 22
split_gain=5.45288e-08 2.25692e-08 1.00563e-08 1.56485e-08 2.27782e-08 1.69324e-08 3.81518e-08 2.96337e-08 2.55065e-08 1.61923e-08 3.84111e-08 2.1732e-08
threshold=9.1045129325491825 8.8998173220560055 0.019524451782085804 2.1423582377985602 0.0010198377623473695 1.744449721804129 0.0035799409485043174 1.8640190956115392 -0.0086903809174594324 -0.46311999999999992 0.054299500000000007 0.46325850000000007
decision_type=2 2 2 2 2 2 2 2 2 2 2 2
left_child=1 2 3 5 -5 8 7 -7 -1 10 -10 -11
right_child=-2 -3 -4 4 -6 6 -8 -9 9 11 -12 -13
leaf_value=8.8951756688695761e-06 -1.1107059689445458e-05 8.8893729424301329e-06 -6.4194479909929214e-06 -2.1837283909462711e-06 9.416554030394764e-06 -1.7425307178200455e-05 7.1166805628308796e-06 -3.1586694478248417e-06 -1.7641725662542738e-08 -1.3207128894626254e-07 -1.3596054141089552e-05 5.1690398977376007e-06
leaf_weight=31 38 28 20 25 39 20 20 38 75 406 25 84
leaf_count=31 38 28 20 25 39 20 20 38 75 406 25 84
internal_value=1.33534e-14 5.20429e-07 2.21157e-07 3.95223e-07 4.88519e-06 -1.58764e-08 -4.18208e-06 -8.0782e-06 5.07414e-07 6.67016e-08 -3.41224e-06 7.76691e-07
internal_weight=849 811 783 763 64 699 78 58 621 590 100 490
internal_count=849 811 783 763 64 699 78 58 621 590 100 490
is_linear=0
shrinkage=0.3


Tree=178
num_leaves=18
num_cat=0
split_feature=17 9 1 1 16 28 12 12 17 5 7 6 26 21 10 20 27
split_gain=4.16373e-08 1.12446e-07 5.99405e-08 1.65036e-08 1.13261e-08 3.29879e-08 2.99399e-08 4.6686e-08 3.05665e-08 2.65256e-08 2.14695e-08 2.0351e-08 3.12066e-08 2.40907e-08 2.39337e-08 2.85582e-08 2.01467e-08
threshold=0.0057604213341483955 0.012907011184945218 9.0778132529673741 8.9176176757931511 0.0030863956142192263 1.0000000180025095e-35 -0.00082289997295976623 0.00012409622265683497 0.0012106814291444532 0.0037405712431731165 -1.0000000180025095e-35 0.005003202966523586 0.46392150000000004 0.15250300000000003 -1.2594837673733255 0.87422600000000006 0.63267350000000011
decision_type=2 2 2 2 2 2 2 2 2 2 2 2 2 2 2 2 2
left_child=2 -2 3 4 11 -6 10 8 -8 -9 -7 14 -13 -14 -1 16 -16
right_child=1 -3 -4 -5 5 6 7 9 -10 -11 -12 12 13 -15 15 -17 -18
leaf_value=9.2972243073745621e-06 -2.4961441574435278e-05 4.8163841420318929e-06 1.282955123208333e-05 -7.4715942341404455e-06 1.1087051643698941e-05 8.8147741431991253e-08 1.8525897773898852e-05 -4.2836136769631696e-06 3.2212553435329026e-06 8.3061224177072288e-06 -1.0988086326538646e-05 -1.369199093824136e-05 -7.1672260640553979e-06 4.7580886401984536e-06 6.7279022118782445e-06 1.0005047599169421e-05 -1.4942184160398928e-06
leaf_weight=25 21 25 34 26 31 36 23 61 24 20 28 25 30 31 29 23 357
leaf_count=25 21 25 34 26 31 36 23 61 24 20 28 25 30 31 29 23 357
internal_value=5.29769e-16 -8.77784e-06 5.0284e-07 -4.21639e-08 2.17816e-07 2.00643e-06 5.40285e-07 3.18928e-06 1.07108e-05 -1.17504e-06 -4.7577e-06 -5.49223e-07 -4.7653e-06 -1.10682e-06 2.86221e-07 -2.64574e-07 -8.76494e-07
internal_weight=849 46 803 769 743 223 192 128 47 81 64 520 86 61 434 409 386
internal_count=849 46 803 769 743 223 192 128 47 81 64 520 86 61 434 409 386
is_linear=0
shrinkage=0.3


Tree=179
num_leaves=13
num_cat=0
split_feature=1 29 10 4 17 14 9 9 13 27 0 1
split_gain=5.29578e-08 1.96474e-08 5.15155e-08 1.69344e-08 1.56289e-08 1.15907e-08 1.38389e-08 3.36324e-08 3.80652e-08 2.41426e-08 3.72416e-08 3.5851e-08
threshold=9.1045129325491825 4.5000000000000009 1.2368435643399642 2996800.0000000005 0.0058105993611912181 0.01819016175286849 0.016148361104409672 0.01679166328107657 0.0072386151087531153 0.8460470000000001 6.0492240412707909 6.0786297371607274
decision_type=2 2 2 2 2 2 2 2 2 2 2 2
left_child=1 3 -3 -1 5 6 9 -8 -9 10 -5 -11
right_child=-2 2 -4 4 -6 -7 7 8 -10 11 -12 -13
leaf_value=7.6380929924696888e-06 -1.0945885376139287e-05 -4.4474421542872731e-06 1.4065911378683298e-05 -1.1915572017292455e-05 6.1270742032307028e-06 -7.2364196388331358e-06 1.0214835919488423e-05 -1.1471479994092395e-05 1.3443319870441529e-06 1.2533136777712818e-05 -1.6693023927028991e-06 -4.0311494567701031e-07
leaf_weight=26 38 24 31 39 34 22 34 23 224 22 176 156
leaf_count=26 38 24 31 39 34 22 34 23 224 22 176 156
internal_value=-3.61548e-16 5.12877e-07 5.98736e-06 1.14602e-07 -1.53358e-07 -4.60161e-07 -2.38977e-07 1.36865e-06 1.50957e-07 -1.38845e-06 -3.52793e-06 1.19575e-06
internal_weight=849 811 55 756 730 696 674 281 247 393 215 178
internal_count=849 811 55 756 730 696 674 281 247 393 215 178
is_linear=0
shrinkage=0.3


Tree=180
num_leaves=13
num_cat=0
split_feature=6 3 17 3 4 18 19 6 26 5 6 21
split_gain=3.40914e-08 9.12198e-08 6.28579e-08 1.64748e-07 1.30044e-08 2.39546e-08 2.21227e-08 1.96202e-08 1.8403e-08 1.615e-08 2.11219e-08 2.57044e-08
threshold=-0.0098496908512177364 9.5694513320922869 0.005841175703354534 9.0155138969421404 11705350.000000002 0.72057922526000107 0.64376750000000016 0.0011227888773775719 0.62668600000000019 0.0068738496457880086 -0.0023516710504437391 0.19757700000000003
decision_type=2 2 2 2 2 2 2 2 2 2 2 2
left_child=-1 2 3 4 5 6 8 -8 -2 10 -6 -12
right_child=1 -3 -4 -5 9 -7 7 -9 -10 -11 11 -13
leaf_value=9.3074132267060227e-06 -8.2338445093472939e-07 -2.0398675951582844e-05 -1.3127792538163645e-05 2.6236855540611778e-05 -4.2743812678416111e-06 -8.5606553150021437e-06 5.2929262090080606e-07 -9.0193271519941237e-06 3.0362329848900737e-06 -4.5172010828764538e-06 1.2450779711831012e-05 2.0508380639098917e-06
leaf_weight=34 325 20 31 22 22 33 34 45 169 24 35 55
leaf_count=34 325 20 31 22 22 33 34 45 169 24 35 55
internal_value=-1.97847e-14 -3.88285e-07 1.15121e-07 6.52465e-07 -1.06102e-07 -7.01076e-07 -2.4843e-07 -4.90979e-06 4.97011e-07 2.54503e-06 4.05837e-06 6.09526e-06
internal_weight=849 815 795 764 742 606 573 79 494 136 112 90
internal_count=849 815 795 764 742 606 573 79 494 136 112 90
is_linear=0
shrinkage=0.3


Tree=181
num_leaves=13
num_cat=0
split_feature=10 1 2 17 27 27 7 13 13 16 11 8
split_gain=2.82833e-08 6.26659e-08 7.41333e-08 1.61804e-08 8.84363e-09 2.83285e-08 2.73629e-08 2.73932e-08 2.35286e-08 2.23956e-08 1.70641e-08 2.52593e-08
threshold=2.6781912912697767 9.1223121638934508 8.9087176275375395 0.0058105993611912181 0.81278650000000008 0.83155600000000007 0.0079242611657254752 0.010103906434105695 0.0096977553705085307 0.0022308432760981809 66.214574009348496 0.078224602724186243
decision_type=2 2 2 2 2 2 2 2 2 2 2 2
left_child=1 2 3 4 6 -6 7 8 -1 -9 11 -7
right_child=-2 -3 -4 -5 5 10 -8 9 -10 -11 -12 -13
leaf_value=9.1461205644888564e-07 -1.0872718287048754e-05 1.3736298910771437e-05 -1.7818717716571492e-05 6.548463087321059e-06 -9.6802216156051621e-06 -3.6015777638827953e-07 1.0469634424645426e-05 -1.1484721730425917e-05 1.1460566156529238e-05 -3.6411611990143471e-07 -7.3977836458587783e-06 9.9105754059011186e-06
leaf_weight=204 21 30 21 35 31 342 26 28 21 39 28 23
leaf_count=204 21 30 21 35 31 342 26 28 21 39 28 23
internal_value=-1.33547e-14 2.75757e-07 -2.30278e-07 2.45085e-07 -5.2244e-08 -9.49188e-07 1.14368e-06 3.13288e-07 1.8989e-06 -5.01153e-06 -2.6048e-07 2.87039e-07
internal_weight=849 828 798 777 742 424 318 292 225 67 393 365
internal_count=849 828 798 777 742 424 318 292 225 67 393 365
is_linear=0
shrinkage=0.3


Tree=182
num_leaves=15
num_cat=0
split_feature=1 3 12 13 22 5 18 26 19 18 18 9 4 1
split_gain=4.05158e-08 2.2702e-08 8.70215e-09 2.40749e-08 1.03558e-08 1.79721e-08 3.0554e-08 1.85843e-08 1.50585e-08 9.80206e-09 2.75594e-08 2.09238e-08 1.86244e-08 1.25351e-08
threshold=9.1045129325491825 8.8953676223754901 0.0028504753225369285 0.0092162734354979663 0.6277545000000001 -0.0024346601957966276 -0.32870968744930024 0.80157200000000006 -0.43638249999999995 0.62802588659286052 0.72057922526000107 0.014189709573241388 14825600.000000002 5.8597288040385829
decision_type=2 2 2 2 2 2 2 2 2 2 2 2 2 2
left_child=1 2 4 -4 8 -6 -7 -8 -1 12 -11 -12 13 -10
right_child=-2 -3 3 -5 5 6 7 -9 9 10 11 -13 -14 -15
leaf_value=6.9499904392955612e-06 -9.5741062882313445e-06 9.0016033867515136e-06 1.1238454888743116e-05 -2.9624622661523454e-06 -8.6182945138220514e-06 9.2290938663485243e-06 2.7906786044695761e-06 -8.126372276725153e-06 -6.4691461202528445e-06 1.1401709170058894e-05 4.2133510373787427e-06 -8.3137554935319699e-06 -7.1877349577508696e-06 4.2745060408508668e-07
leaf_weight=30 38 27 22 21 33 22 23 36 25 25 30 20 34 463
leaf_count=30 38 27 22 21 33 22 23 36 25 25 30 20 34 463
internal_value=-5.14729e-14 4.48602e-07 1.54047e-07 4.30312e-06 -8.67228e-08 -2.71691e-06 -3.12639e-07 -3.87057e-06 3.91493e-07 6.19198e-08 3.26891e-06 -7.97492e-07 -3.98854e-07 7.41413e-08
internal_weight=849 811 784 43 741 114 81 59 627 597 75 50 522 488
internal_count=849 811 784 43 741 114 81 59 627 597 75 50 522 488
is_linear=0
shrinkage=0.3


Tree=183
num_leaves=19
num_cat=0
split_feature=27 27 17 16 3 9 12 6 11 20 6 7 27 18 18 20 10 8
split_gain=3.04375e-08 2.01175e-07 1.03632e-07 4.36287e-08 1.152e-07 3.12021e-08 3.04152e-08 2.78384e-08 2.44429e-08 1.43675e-08 3.11547e-08 3.57734e-08 3.41738e-08 3.05758e-08 2.88247e-08 1.74163e-08 1.90503e-08 2.55069e-08
threshold=0.91921900000000012 0.91348150000000017 0.0037570274217908098 0.007500034406359002 9.0867128372192401 0.018844291798042284 -0.00082289997295976623 -0.0010010405258837317 54.613023241998391 0.10338450000000002 0.0011249557667543074 -0.001108028267879298 0.77636400000000017 0.13562073039585451 1.0000000180025095e-35 0.13063000000000005 -1.391638518432073 -4.7271214720367983e-16
decision_type=2 2 2 2 2 2 2 2 2 2 2 2 2 2 2 2 2 2
left_child=1 3 5 4 9 6 -2 -8 -9 10 12 -12 -1 -14 -13 -11 -17 -18
right_child=2 -3 -4 -5 -6 -7 7 8 -10 15 11 14 13 -15 -16 16 17 -19
leaf_value=-1.7223533583500159e-05 9.9139821641487775e-06 -2.974505962681308e-05 2.0343484912034776e-05 -1.3074041381922929e-05 2.0481237545027396e-05 -9.3553900824190345e-06 7.5224478596932645e-06 -1.3057904399309856e-05 1.5963893656589791e-06 8.0091265203918728e-06 -7.9157815352201304e-06 1.5198602094415037e-05 -9.7740539961075865e-06 5.6167969449104148e-06 -9.080034396902191e-07 -8.7987482272313051e-06 6.6962408967496094e-06 -3.6371136090522255e-07
leaf_weight=22 33 21 28 22 25 25 21 21 20 26 22 20 26 21 20 21 52 403
leaf_count=22 33 21 28 22 25 25 21 21 20 26 22 20 26 21 20 21 52 403
internal_value=1.21395e-14 -8.2536e-07 3.90931e-06 6.77483e-08 5.07139e-07 7.46655e-08 2.55626e-06 -1.35995e-06 -5.90947e-06 -2.81727e-07 -3.07958e-06 1.80104e-06 -7.46508e-06 -2.89729e-06 7.1453e-06 4.48391e-07 3.54099e-08 4.4314e-07
internal_weight=849 701 148 680 658 120 95 62 41 633 131 62 69 47 40 502 476 455
internal_count=849 701 148 680 658 120 95 62 41 633 131 62 69 47 40 502 476 455
is_linear=0
shrinkage=0.3


Tree=184
num_leaves=23
num_cat=0
split_feature=3 11 27 27 6 27 13 19 27 13 4 13 4 26 2 27 4 10 12 21 5 20
split_gain=5.07076e-08 1.71551e-07 1.72203e-08 1.59116e-07 2.44416e-08 2.33818e-08 2.957e-08 2.06208e-08 2.13812e-08 1.67438e-08 3.33347e-08 3.32743e-08 3.05849e-08 2.19172e-08 2.11648e-08 5.39882e-08 2.02066e-08 1.84349e-08 2.16824e-08 1.57168e-08 1.3556e-08 1.34791e-08
threshold=9.068913936614992 61.936975521479319 0.9128320000000002 0.92176950000000013 0.0023040630125598202 0.89578150000000012 0.0085671178718873184 -0.29233549999999991 0.93289000000000011 0.0078851398330693229 5256950.0000000009 0.0081684669681569341 12674850.000000002 0.77563450000000012 7.0508712955897677 0.82267750000000006 14281200.000000002 1.1854243566263534 0.00099191795654468107 0.034380500000000001 -0.0011513231888704153 0.023793500000000006
decision_type=2 2 2 2 2 2 2 2 2 2 2 2 2 2 2 2 2 2 2 2 2 2
left_child=2 -2 5 -4 7 9 -7 21 -9 10 -1 -11 17 14 16 -16 -13 -12 -19 -6 -15 -5
right_child=1 -3 3 4 19 6 -8 8 -10 11 12 13 -14 20 15 -17 -18 18 -20 -21 -22 -23
leaf_value=1.2614142653748987e-05 -3.0073346529206902e-05 9.2198748279770371e-06 2.2618984483400593e-05 -4.3678205569309421e-06 1.0889982015669374e-05 -1.2487772505664906e-05 7.2428499973489849e-07 -1.5879646252869861e-05 -2.5982856726614043e-06 -1.0403356630157414e-05 -7.3163849940689988e-06 1.1464400457643342e-06 8.555050211533909e-06 5.3542856676358491e-07 4.1289483216708979e-07 -1.8075161252844349e-05 -8.7465236128991811e-06 5.9232926933292986e-06 -5.1954996100297043e-06 -8.6089730189087266e-07 1.1014137146048597e-05 5.602256344346919e-06
leaf_weight=27 20 20 31 26 20 30 31 20 24 29 34 262 36 20 44 21 20 38 27 21 25 23
leaf_count=27 20 20 31 26 20 30 31 20 24 29 34 262 36 20 44 21 20 38 27 21 25 23
internal_value=-1.40301e-14 -1.04267e-05 5.15537e-07 3.24998e-06 -1.23091e-06 -1.85057e-07 -5.77345e-06 -3.92111e-06 -8.63527e-06 3.99663e-07 2.99144e-06 -5.97647e-07 1.0669e-06 1.27775e-07 -6.80041e-07 -5.56017e-06 4.44811e-07 -1.65607e-06 1.30472e-06 4.87124e-06 6.35693e-06 3.12011e-07
internal_weight=849 40 809 165 134 644 61 93 44 583 162 421 135 392 347 65 282 99 65 41 45 49
internal_count=849 40 809 165 134 644 61 93 44 583 162 421 135 392 347 65 282 99 65 41 45 49
is_linear=0
shrinkage=0.3


Tree=185
num_leaves=15
num_cat=0
split_feature=3 7 2 17 6 6 17 13 21 26 1 0 1 15
split_gain=3.5228e-08 4.10597e-08 2.49461e-07 1.09822e-07 4.95378e-08 2.86075e-08 1.70674e-08 3.77933e-08 1.69949e-08 1.68312e-08 1.38584e-08 1.76879e-08 3.36361e-08 1.79946e-08
threshold=9.5874929428100604 0.0056979824245277505 8.9710147914305143 0.0045792760769217131 -0.0033956210307017035 -0.0011116787321136157 0.0033388696057927891 0.0085671178718873184 0.90749800000000014 0.10753900000000001 5.8391501610312178 6.9131770120846392 6.8975716550271153 0.0010427181409725609
decision_type=2 2 2 2 2 2 2 2 2 2 2 2 2 2
left_child=1 2 8 4 -3 -6 7 -7 9 -1 -11 12 -12 -13
right_child=-2 3 -4 -5 5 6 -8 -9 -10 10 11 13 -14 -15
leaf_value=-7.8755918394790566e-06 -1.2441527524060802e-05 -1.2616609421456815e-05 3.4232680181958127e-05 -2.504471426618693e-05 1.2183072677934045e-05 5.3209774949079603e-06 6.6889937115632849e-06 -1.2281804830981064e-05 7.3436448239025872e-06 -7.0075583133312529e-06 1.3853490781031496e-06 1.1007246757896187e-06 1.3539432719604203e-05 -2.9952710162941125e-06
leaf_weight=24 20 25 20 20 21 21 20 23 29 23 188 220 23 172
leaf_count=24 20 25 20 20 21 21 20 23 29 23 188 220 23 172
internal_value=-3.89794e-15 3.00157e-07 1.21067e-06 -4.59559e-06 -8.77562e-07 2.5751e-06 -5.77517e-07 -3.88048e-06 2.38002e-07 -7.90195e-08 2.19891e-07 4.95564e-07 2.7102e-06 -6.96498e-07
internal_weight=849 829 699 130 110 85 64 44 679 650 626 603 211 392
internal_count=849 829 699 130 110 85 64 44 679 650 626 603 211 392
is_linear=0
shrinkage=0.3


Tree=186
num_leaves=19
num_cat=0
split_feature=0 27 15 2 18 9 9 26 26 27 26 15 19 20 23 6 5 15
split_gain=3.47723e-08 1.71836e-08 6.01325e-08 1.34233e-08 1.43298e-08 2.20021e-08 2.85139e-08 2.0234e-08 1.9009e-08 3.21278e-08 5.6565e-08 2.60521e-08 2.12336e-08 2.98766e-08 1.7532e-08 1.73098e-08 1.71789e-08 1.16407e-08
threshold=9.0778135336731953 0.63267350000000011 0.0022173455375445418 8.8375179968782902 -0.38532912214384046 0.017996675875981041 0.015925063811510674 0.46881350000000005 0.37539400000000006 0.74687800000000015 0.29443500000000006 0.0020181802180105706 0.69971050000000012 0.68660900000000014 0.70833350000000006 0.005963679344553669 -1.0000000180025095e-35 0.0033296609848912509
decision_type=2 2 2 2 2 2 2 2 2 2 2 2 2 2 2 2 2 2
left_child=1 2 -1 4 5 6 7 -3 9 -6 11 -11 13 15 -9 -10 -14 -18
right_child=-2 3 -4 -5 8 -7 -8 14 12 10 -12 -13 16 -15 -16 -17 17 -19
leaf_value=-1.5240216579461329e-06 -9.123845832921992e-06 -8.6337669901489966e-06 1.870871188316414e-05 -5.6347562264136283e-06 -3.9297170380504053e-06 -8.394007301586288e-06 1.0149150941742846e-05 3.9214859072273304e-06 -1.067863457227557e-06 -1.1117139534277952e-06 1.8811465231640165e-05 1.0636775342845794e-05 -1.261245654623403e-06 -1.2190709280446298e-05 -6.0442947699357324e-06 5.5190690812947846e-06 1.3109985825048684e-05 3.213846063090386e-06
leaf_weight=39 36 31 20 36 34 39 20 47 289 53 26 25 26 20 24 41 23 20
leaf_count=39 36 31 20 36 34 39 20 47 289 53 26 25 26 20 24 41 23 20
internal_value=1.88203e-14 4.04008e-07 5.33453e-06 1.81977e-08 3.01633e-07 -2.1912e-06 -2.08336e-07 -2.23922e-06 1.02218e-06 4.07599e-06 6.69324e-06 2.65383e-06 1.63945e-08 -9.31843e-07 5.52771e-07 -2.49487e-07 4.82629e-06 8.50713e-06
internal_weight=849 813 59 754 718 161 122 102 557 138 104 78 419 350 71 330 69 43
internal_count=849 813 59 754 718 161 122 102 557 138 104 78 419 350 71 330 69 43
is_linear=0
shrinkage=0.3


Tree=187
num_leaves=17
num_cat=0
split_feature=6 3 29 25 1 12 19 19 19 15 18 19 0 18 14 22
split_gain=2.53872e-08 5.04641e-08 1.52132e-08 4.17391e-08 1.20811e-08 8.67708e-09 4.80928e-08 2.80254e-08 3.64705e-08 1.98708e-08 2.63018e-08 2.32359e-08 1.9661e-08 1.46789e-08 2.20735e-08 1.87854e-08
threshold=-0.0098496908512177364 9.068913936614992 4.5000000000000009 0.36666650000000006 8.9176176757931511 -0.00049918574319218832 0.74921400000000016 0.46456950000000002 0.33661550000000007 -0.001103779373883655 -0.11074985737224473 0.10637800000000001 7.864975691691698 0.056411674666220039 0.0062461223645077814 0.035423500000000004
decision_type=2 2 2 2 2 2 2 2 2 2 2 2 2 2 2 2
left_child=-1 2 4 -4 5 6 9 8 12 10 -2 -11 -7 14 -9 -15
right_child=1 -3 3 -5 -6 7 -8 13 -10 11 -12 -13 -14 15 -16 -17
leaf_value=8.0318234715966399e-06 -6.6773197874537897e-06 -1.1159942016240313e-05 -2.7067808748048765e-06 1.4020328884726041e-05 -6.6625545168790264e-06 -2.1412431766477073e-06 -1.2386767886190292e-05 -7.3068816169035763e-06 -1.2747474203125521e-05 2.0108524747683985e-06 2.7999608173717585e-06 1.0518347608980393e-05 5.3410317464752667e-06 1.3491345607294731e-05 4.47252534418639e-06 1.4932936901246307e-06
leaf_weight=34 38 37 29 25 25 259 21 22 27 75 86 47 36 23 41 24
leaf_count=34 38 37 29 25 25 259 21 22 27 75 86 47 36 23 41 24
internal_value=-2.24285e-14 -3.3507e-07 1.79738e-07 5.03725e-06 -1.82563e-07 4.91962e-08 1.39368e-06 -7.8177e-07 -2.19406e-06 2.57006e-06 -1.04367e-07 5.28833e-06 -1.22815e-06 3.35238e-06 3.59082e-07 7.36468e-06
internal_weight=849 815 778 54 724 699 267 432 322 246 124 122 295 110 63 47
internal_count=849 815 778 54 724 699 267 432 322 246 124 122 295 110 63 47
is_linear=0
shrinkage=0.3


Tree=188
num_leaves=18
num_cat=0
split_feature=3 1 18 9 7 9 27 5 12 21 13 16 21 14 14 18 4
split_gain=2.8314e-08 4.08511e-08 6.93548e-09 8.53133e-09 1.86909e-08 1.55371e-08 2.12788e-08 1.49807e-08 2.21856e-08 1.83871e-08 1.44047e-08 2.26134e-08 1.90484e-08 1.81209e-08 1.41911e-08 1.90574e-08 1.33684e-08
threshold=9.1223120689392108 9.0244139166835087 -1.20792984639928 0.011717909098351338 -0.0024154919505777988 0.012042959144796727 0.59088950000000018 0.0011561954667366244 -0.0024022221487192889 0.045103500000000012 0.0096602415971741452 0.0011428833007811983 0.49529650000000008 0.0082553601685970701 0.0068768412577749046 0.056411674666220039 7488100.0000000009
decision_type=2 2 2 2 2 2 2 2 2 2 2 2 2 2 2 2 2
left_child=1 2 -1 4 14 -5 -7 8 -8 -9 11 16 -13 -12 -4 -16 -6
right_child=-2 -3 3 5 10 6 7 9 -10 -11 13 12 -14 -15 15 -17 -18
leaf_value=-5.5328199664472779e-06 8.4821713752556692e-06 -1.374485091673705e-05 -8.9059778168441216e-06 -7.5489145125907775e-06 1.1183129139226366e-05 -9.2916642157350999e-06 -6.7899757522783286e-06 -9.2373900315578794e-06 2.3841316457503959e-06 -6.5737983153398825e-07 1.3936295079407623e-05 1.3121141936598506e-06 -9.3837113688589501e-06 2.820914258708481e-06 7.2346859967353796e-06 -5.427498935570997e-06 1.1612823478255609e-06
leaf_weight=20 34 20 22 27 25 22 26 26 271 166 22 47 22 33 20 23 23
leaf_count=20 34 20 22 27 25 22 26 26 271 166 22 47 22 33 20 23 23
internal_value=6.15913e-14 -3.53857e-07 -1.69771e-08 1.25367e-07 1.62504e-06 -5.35268e-07 -1.64684e-07 2.45937e-07 1.58101e-06 -1.81926e-06 3.26281e-06 1.38047e-06 -2.09815e-06 7.26707e-06 -2.70877e-06 4.61889e-07 6.38099e-06
internal_weight=849 815 795 775 237 538 511 489 297 192 172 117 69 55 65 43 48
internal_count=849 815 795 775 237 538 511 489 297 192 172 117 69 55 65 43 48
is_linear=0
shrinkage=0.3


Tree=189
num_leaves=21
num_cat=0
split_feature=7 1 26 10 2 1 12 25 2 4 2 1 11 8 22 19 2 21 14 22
split_gain=2.41725e-08 7.85617e-08 6.89014e-08 4.36219e-08 1.40692e-07 1.31066e-07 2.06021e-08 1.18473e-08 8.66014e-09 3.38539e-08 2.7709e-08 2.02557e-08 6.44009e-08 3.92657e-08 1.91536e-08 3.91523e-08 1.88884e-08 1.42726e-08 1.17234e-08 9.93868e-09
threshold=-0.0076047011979939365 9.5228045950140103 0.52276900000000015 2.0477969355376486 8.1580259742453496 8.9888155477519884 0.0028504753225369285 0.22500000000000003 7.2852529059855451 8576900.0000000019 7.640878401477738 6.9755978683089852 57.527026043772189 0.030216418602546299 0.47454750000000007 -0.057396999999999997 6.6790962819021944 0.45087150000000004 0.0056179632809681022 0.11102900000000002
decision_type=2 2 2 2 2 2 2 2 2 2 2 2 2 2 2 2 2 2 2 2
left_child=2 3 -1 5 6 8 7 -5 11 10 -10 14 13 -13 15 -2 -16 -12 -11 -20
right_child=1 -3 -4 4 -6 -7 -8 -9 9 18 17 12 -14 -15 16 -17 -18 -19 19 -21
leaf_value=6.4424764015870014e-06 1.2155834188831704e-05 1.7324006773833388e-05 -1.5084230887296712e-05 8.5302037210307652e-07 -2.8510013834122104e-05 2.4038298501441852e-05 6.5485798586450985e-06 -9.349264762477106e-06 1.5544407021447371e-05 -6.0454443804211713e-06 6.7036059800347383e-06 -2.2001770084663663e-06 -1.3965176954290934e-05 1.1724243774681651e-05 -7.3107284622762694e-06 6.423732601336552e-07 2.1256521201199316e-06 -2.2692360251615655e-06 4.3471451622423272e-06 -2.7864353674326244e-06
leaf_weight=23 32 24 32 21 20 21 27 20 21 39 39 138 39 21 42 157 35 27 32 39
leaf_count=23 32 24 32 21 20 21 27 20 21 39 39 138 39 21 42 157 35 27 32 39
internal_value=-3.46484e-14 4.21308e-07 -6.08215e-06 -1.0553e-07 -6.3916e-06 7.05576e-07 1.1382e-07 -4.1237e-06 -3.57058e-08 1.63081e-06 6.05292e-06 -7.43256e-07 -3.04069e-06 -3.61103e-07 9.66867e-07 2.59174e-06 -3.02146e-06 3.0329e-06 -1.86668e-06 4.287e-07
internal_weight=849 794 55 770 88 682 68 41 661 197 87 464 198 159 266 189 77 66 110 71
internal_count=849 794 55 770 88 682 68 41 661 197 87 464 198 159 266 189 77 66 110 71
is_linear=0
shrinkage=0.3


Tree=190
num_leaves=13
num_cat=0
split_feature=2 14 0 10 26 10 20 18 22 12 18 19
split_gain=2.98901e-08 3.74401e-08 3.3294e-08 1.03265e-08 1.30032e-08 1.15273e-08 8.97788e-09 7.91374e-09 2.40365e-08 2.51599e-08 2.04715e-08 1.98063e-08
threshold=9.506425428782844 0.018686448787350447 8.971015839854255 2.1423582377985602 0.49869950000000002 2.0051688052632946 0.54030350000000016 0.49201822189035577 0.47454750000000007 -0.00083243795660343373 0.42845491542963077 0.87127750000000015
decision_type=2 2 2 2 2 2 2 2 2 2 2 2
left_child=1 2 3 5 -5 7 -6 10 9 -9 11 -1
right_child=-2 -3 -4 4 6 -7 -8 8 -10 -11 -12 -13
leaf_value=6.3498098509718148e-07 -1.1460228161013219e-05 1.0681084329462463e-05 -1.0469351093433942e-05 1.0248456651424932e-05 -3.0528706459968499e-06 -7.1790562162732384e-06 5.6380033254299626e-06 8.9733569831937722e-06 -9.278656536128348e-06 -2.4839245557102361e-06 9.7922589442792494e-06 -8.1795053233690854e-06
leaf_weight=521 20 30 27 20 23 20 20 23 31 69 21 24
leaf_count=521 20 30 27 20 23 20 20 23 31 69 21 24
internal_value=5.23994e-15 2.76483e-07 -1.14178e-07 2.47985e-07 3.92878e-06 -7.90813e-08 9.89396e-07 1.27014e-07 -2.054e-06 3.80396e-07 6.0098e-07 2.4682e-07
internal_weight=849 829 799 772 63 709 43 689 123 92 566 545
internal_count=849 829 799 772 63 709 43 689 123 92 566 545
is_linear=0
shrinkage=0.3


Tree=191
num_leaves=15
num_cat=0
split_feature=6 6 0 5 14 1 4 7 19 17 28 24 18 17
split_gain=2.39735e-08 6.88427e-08 7.11051e-08 1.65044e-08 6.51859e-08 1.50685e-08 1.01035e-08 8.08859e-09 2.62762e-08 2.364e-08 1.54541e-08 2.41369e-08 1.51354e-08 1.49154e-08
threshold=0.015017487699936464 0.0093546949244803865 9.0778135336731953 0.0075974725882551287 0.0098401490050871038 8.9176176757931511 9920150.0000000019 0.0034560725361366964 -0.0077499999999999991 0.0011506646364047794 1.0000000180025095e-35 0.26785700000000007 -0.10230960160175298 0.0034265839365100908
decision_type=2 2 2 2 2 2 2 2 2 2 2 2 2 2
left_child=1 2 3 5 -5 7 -6 10 13 -10 12 -12 -1 -9
right_child=-2 -3 -4 4 6 -7 -8 8 9 -11 11 -13 -14 -15
leaf_value=-9.5242246100468709e-06 -1.0010105406113975e-05 1.3084461994594675e-05 -1.4655355957984284e-05 1.9143698718835367e-05 -4.0372561724164845e-06 -7.7916886410726552e-06 3.8188479309680517e-06 -5.4271702197183906e-06 1.2982983288076447e-05 2.179772601456549e-06 1.5222522241917997e-06 -3.4560474508676806e-06 -6.1445423935962226e-07 3.3867099211369754e-06
leaf_weight=32 21 36 30 20 34 23 26 48 26 61 305 123 37 27
leaf_count=32 21 36 30 20 34 23 26 48 26 61 305 123 37 27
internal_value=6.59072e-16 2.53879e-07 -3.29329e-07 2.34688e-07 4.31122e-06 -2.43497e-07 -6.32944e-07 1.99451e-08 1.86087e-06 5.40832e-06 -5.80114e-07 9.15726e-08 -4.74652e-06 -2.25417e-06
internal_weight=849 828 792 762 80 682 60 659 162 87 497 428 69 75
internal_count=849 828 792 762 80 682 60 659 162 87 497 428 69 75
is_linear=0
shrinkage=0.3


Tree=192
num_leaves=14
num_cat=0
split_feature=3 4 24 3 17 5 5 19 4 19 22 20 9
split_gain=3.55454e-08 2.58316e-08 8.94963e-08 2.4127e-08 1.0947e-08 9.86333e-09 1.53099e-08 1.01795e-08 1.95758e-08 3.80839e-08 2.21987e-08 1.84927e-08 1.81444e-08
threshold=9.1223120689392108 14825600.000000002 0.22500000000000003 8.8864674568176287 0.0011012955652971426 -0.0078476689617677804 -0.0056723466739719503 0.22479850000000004 4874700.0000000009 0.45792700000000003 0.11854900000000002 0.46199950000000006 0.012573037441942943
decision_type=2 2 2 2 2 2 2 2 2 2 2 2 2
left_child=1 3 4 5 -3 -1 -7 11 9 -9 -10 12 -8
right_child=-2 2 -4 -5 -6 6 7 8 10 -11 -12 -13 -14
leaf_value=4.4114113069764036e-06 9.5038195508202662e-06 6.5185655915099367e-06 -2.1276671631035835e-05 8.1949787489321579e-06 -2.4121002593346927e-06 -6.4279795227579396e-06 -2.3787137899707507e-06 -1.6336764418735004e-05 1.6225515774630881e-06 -4.079349959543573e-07 -6.4833178944704389e-06 9.0294454129553213e-06 1.9083577568397522e-06
leaf_weight=39 34 21 23 32 30 37 144 22 138 35 39 23 232
leaf_count=39 34 21 23 32 30 37 144 22 138 35 39 23 232
internal_value=4.88994e-14 -3.96478e-07 -5.74103e-06 1.37256e-07 1.26523e-06 -2.26421e-07 -4.96384e-07 -1.49672e-07 -1.72061e-06 -6.5559e-06 -1.63487e-07 7.71633e-07 2.66501e-07
internal_weight=849 815 74 741 51 709 670 633 234 57 177 399 376
internal_count=849 815 74 741 51 709 670 633 234 57 177 399 376
is_linear=0
shrinkage=0.3


Tree=193
num_leaves=14
num_cat=0
split_feature=27 3 2 4 26 2 17 26 21 21 18 4 7
split_gain=2.41218e-08 5.77947e-08 3.12436e-08 6.93027e-09 1.42261e-08 1.66454e-08 1.32467e-08 9.90216e-09 1.45299e-08 1.51378e-08 1.4174e-08 1.07709e-08 4.87919e-09
threshold=0.54621100000000011 9.1223120689392108 8.9087176275375395 13498850.000000002 0.87028450000000013 6.8507550934143646 0.0034782310786645567 0.13578550000000003 0.70666000000000007 0.58975050000000007 -0.07182510551714659 11464800.000000002 -1.0000000180025095e-35
decision_type=2 2 2 2 2 2 2 2 2 2 2 2 2
left_child=-1 2 3 7 5 -5 -7 10 9 11 -2 -9 -12
right_child=1 -3 -4 4 -6 6 -8 8 -10 -11 12 -13 -14
leaf_value=-1.0041011250905283e-05 -2.0383614461089953e-06 1.2556695173771004e-05 -1.1673695631283668e-05 -6.6674453815299522e-06 9.5362793638287246e-06 -2.456063671879268e-07 9.0045171904503977e-06 -3.9289112718331681e-07 -8.2480483921575463e-06 5.3951280733599559e-06 3.4489141066273988e-06 -5.1904033733268554e-06 1.0075580817030526e-05
leaf_weight=21 28 33 21 21 20 38 22 499 22 38 20 46 20
leaf_count=21 28 33 21 21 20 38 22 499 22 38 20 46 20
internal_value=2.26319e-14 2.54663e-07 -2.55987e-07 5.37958e-08 2.37105e-06 6.01852e-07 3.14611e-06 -2.93964e-07 -6.79758e-07 -3.94162e-07 3.13847e-06 -7.97819e-07 6.76225e-06
internal_weight=849 828 795 774 101 81 60 673 605 583 68 545 40
internal_count=849 828 795 774 101 81 60 673 605 583 68 545 40
is_linear=0
shrinkage=0.3


Tree=194
num_leaves=15
num_cat=0
split_feature=2 1 4 12 1 20 0 26 18 1 18 12 19 3
split_gain=2.45706e-08 2.39023e-08 7.24445e-09 1.45637e-08 1.43075e-08 1.94212e-08 1.76424e-08 1.7256e-08 1.70122e-08 9.94192e-09 7.60836e-09 7.74345e-09 1.75503e-08 1.24977e-08
threshold=9.506425428782844 9.0778132529673741 4729600.0000000009 -0.0029514263037183955 7.7874030349264016 0.14364500000000002 6.8893866143340885 0.48089450000000006 -0.26004517129988197 8.9176176757931511 1.1200202599424589 -0.00151241882562132 -0.19208899999999998 6.0636725425720224
decision_type=2 2 2 2 2 2 2 2 2 2 2 2 2 2
left_child=1 2 4 -4 5 6 -1 -7 -9 10 11 12 -5 -13
right_child=-2 -3 3 9 -6 7 -8 8 -10 -11 -12 13 -14 -15
leaf_value=2.2000470949024019e-06 -1.0390517290943535e-05 1.0007078361695675e-05 6.9768558598357421e-06 -8.6049795460413029e-06 9.3474340314969584e-06 8.6088206036466164e-06 -9.8643502838058342e-06 4.6536534893805636e-06 -6.6420010106022728e-06 -6.5712616815289953e-06 5.28714713482259e-06 -4.29024018047157e-06 -7.3738709147619379e-08 3.6017755139518422e-07
leaf_weight=20 20 22 23 34 20 34 24 28 21 25 20 59 60 439
leaf_count=20 20 22 23 34 20 34 24 28 21 25 20 59 60 439
internal_value=4.23313e-15 2.50676e-07 -1.52979e-08 -4.39501e-07 1.88929e-06 7.14777e-07 -4.38053e-06 3.41591e-06 -1.87341e-07 -7.07282e-07 -4.6774e-07 -6.62162e-07 -3.15951e-06 -1.90776e-07
internal_weight=849 829 807 660 147 127 44 83 49 637 612 592 94 498
internal_count=849 829 807 660 147 127 44 83 49 637 612 592 94 498
is_linear=0
shrinkage=0.3


Tree=195
num_leaves=10
num_cat=0
split_feature=12 10 10 2 12 27 5 16 17
split_gain=2.10094e-08 5.61803e-08 7.63392e-08 7.78725e-08 1.02221e-08 6.98489e-09 1.01463e-08 1.04898e-08 9.66493e-09
threshold=0.0035813738347468126 2.6084297177552247 2.269732585774149 9.0244151048369314 0.0024173863344426308 0.56690950000000007 -0.0074535275857910257 0.0011540948939150893 0.0034265839365100908
decision_type=2 2 2 2 2 2 2 2 2
left_child=1 2 3 4 5 -1 7 -7 -8
right_child=-2 -3 -4 -5 -6 6 8 -9 -10
leaf_value=4.633174467016943e-06 -9.3708611075271603e-06 1.5556481756513156e-05 -1.4291930762572683e-05 1.6269344117366319e-05 -6.2216464584707865e-06 9.3640760519519967e-06 2.2441185078477388e-07 6.1336487533480971e-08 -2.502388635868019e-06
leaf_weight=29 21 21 33 27 24 20 497 24 153
leaf_count=29 21 21 33 27 24 20 497 24 153
internal_value=-2.41873e-14 2.37667e-07 -1.60964e-07 4.41519e-07 -1.30571e-07 7.16222e-08 -1.1899e-07 4.28985e-06 -4.17435e-07
internal_weight=849 828 807 774 747 723 694 44 650
internal_count=849 828 807 774 747 723 694 44 650
is_linear=0
shrinkage=0.3


Tree=196
num_leaves=17
num_cat=0
split_feature=1 3 10 0 10 17 18 10 29 10 15 0 14 15 14 18
split_gain=3.96428e-08 2.10956e-08 7.50934e-09 1.14656e-08 7.55775e-09 2.17262e-08 1.96988e-08 1.53568e-08 2.26734e-08 1.99891e-08 3.62791e-08 1.20179e-08 1.10114e-08 2.4209e-08 1.69249e-08 4.91253e-09
threshold=9.1045129325491825 8.9265170097351092 2.1423582377985602 7.9597854021463572 1.744449721804129 0.0035799409485043174 -0.1222849456520337 1.5341339958126412 1.5000000000000002 1.3490650416001702 0.0012307978669635715 7.5809554303206692 0.0069363547501031025 0.0023462198958119928 0.0095891585860249286 -0.15492870075091666
decision_type=2 2 2 2 2 2 2 2 2 2 2 2 2 2 2 2
left_child=1 2 4 15 7 6 -6 9 -9 12 -11 -10 13 -1 -14 -4
right_child=-2 -3 3 -5 5 -7 -8 8 11 10 -12 -13 14 -15 -16 -17
leaf_value=8.923361768503033e-07 -9.4704001256966282e-06 9.2054532430552165e-06 4.3976640249354659e-06 9.2071683729955116e-06 -1.3497416241534665e-05 5.3851185936894453e-06 -1.8655918746677152e-06 1.244953428299182e-05 -4.7409089688699165e-06 1.7118982577812858e-06 -1.3303044609663012e-05 5.6591583370391159e-06 -2.9953425204567003e-06 1.1374548693187204e-05 1.567634500419325e-06 -1.6329746404978559e-06
leaf_weight=201 38 24 20 20 20 21 38 22 20 30 28 20 157 22 137 31
leaf_count=201 38 24 20 20 20 21 38 22 20 30 28 20 157 22 137 31
internal_value=1.82029e-14 4.43743e-07 1.76549e-07 3.11936e-06 -1.15265e-07 -2.88295e-06 -5.87657e-06 2.2798e-07 4.71379e-06 -2.55707e-07 -5.53669e-06 4.59125e-07 3.36744e-07 1.92646e-06 -8.69057e-07 7.31982e-07
internal_weight=849 811 787 71 716 79 58 637 62 575 58 40 517 223 294 51
internal_count=849 811 787 71 716 79 58 637 62 575 58 40 517 223 294 51
is_linear=0
shrinkage=0.3


Tree=197
num_leaves=11
num_cat=0
split_feature=10 3 2 5 5 4 10 20 7 27
split_gain=2.33406e-08 3.36293e-08 2.50071e-08 7.77904e-09 1.56304e-08 1.5033e-08 9.50236e-09 2.39948e-08 8.32426e-09 6.91509e-09
threshold=2.6781912912697767 9.1223120689392108 8.9087176275375395 0.010263095583544522 0.0068738496457880086 8969000.0000000019 2.1423582377985602 0.44702100000000006 -0.0086903809174594324 0.56690950000000007
decision_type=2 2 2 2 2 2 2 2 2 2
left_child=1 2 3 4 6 -6 8 -8 -1 -10
right_child=-2 -3 -4 -5 5 -7 7 -9 9 -11
leaf_value=4.6829398053722057e-06 -9.8770800117823208e-06 1.0286009007265011e-05 -1.0087947636996185e-05 4.413782170485246e-06 -7.916260390824651e-07 -1.1560510480421725e-05 1.2186064993784383e-05 -2.3332784004586367e-06 4.6801241451248646e-06 -4.1338532322572284e-07
leaf_weight=33 21 29 22 37 28 20 20 21 25 593
leaf_count=33 21 29 22 37 28 20 20 21 25 593
internal_value=1.00744e-14 2.50506e-07 -1.13737e-07 1.68673e-07 -4.3582e-08 -5.27866e-06 3.19545e-07 4.74933e-06 4.0557e-08 -2.07337e-07
internal_weight=849 828 799 777 740 48 692 41 651 618
internal_count=849 828 799 777 740 48 692 41 651 618
is_linear=0
shrinkage=0.3


Tree=198
num_leaves=17
num_cat=0
split_feature=2 10 10 3 9 15 15 20 20 20 18 6 6 20 14 4
split_gain=3.12168e-08 1.83427e-08 3.9448e-08 1.00753e-07 7.25181e-08 5.57353e-09 1.66247e-08 1.586e-08 2.76522e-08 3.29004e-08 2.41563e-08 2.48119e-08 2.10259e-08 1.22325e-08 2.40804e-08 2.3094e-08
threshold=9.506425428782844 2.6256449944175961 2.1986611648937293 8.9799151420593279 0.017591088153878442 0.0010666766327499559 0.0011350997055084449 0.24967100000000003 0.29025000000000006 0.3277965000000001 -0.31460703105488141 0.0020597606628057577 0.0034403381896603484 0.24482250000000003 0.010915177900818659 6790600.0000000009
decision_type=2 2 2 2 2 2 2 2 2 2 2 2 2 2 2 2
left_child=1 2 3 5 -4 7 -7 10 -9 -10 11 -1 -12 14 -8 -15
right_child=-2 -3 4 -5 -6 6 13 8 9 -11 12 -13 -14 15 -16 -17
leaf_value=-1.4048409618183653e-05 -1.1711799879776663e-05 8.1249144001888516e-06 -1.9582134649681392e-05 2.1584115330881556e-05 3.0472568727628432e-06 -8.9584366161364997e-06 3.8861706167791478e-06 1.2156774204433295e-05 -1.0071773723601448e-05 2.3904126131266978e-06 2.3121030557913706e-06 7.1830101790380602e-08 -6.2462523281035164e-06 -6.5971612464695234e-06 -7.3184798891036596e-06 1.075551022293622e-06
leaf_weight=24 20 26 25 20 26 22 97 23 21 207 119 21 33 62 21 82
leaf_count=24 20 26 25 20 26 22 97 23 21 207 119 21 33 62 21 82
internal_value=-5.11641e-14 2.82552e-07 2.86279e-08 5.76214e-07 -8.04558e-06 2.22754e-09 -1.03748e-06 6.61327e-07 2.24269e-06 1.24258e-06 -1.3535e-06 -7.45896e-06 4.54039e-07 -3.7236e-07 1.89212e-06 -2.22798e-06
internal_weight=849 829 803 752 51 732 284 448 251 228 197 45 152 262 118 144
internal_count=849 829 803 752 51 732 284 448 251 228 197 45 152 262 118 144
is_linear=0
shrinkage=0.3


Tree=199
num_leaves=19
num_cat=0
split_feature=1 22 9 1 10 10 19 22 18 22 19 9 14 0 22 4 4 15
split_gain=2.3057e-08 1.33779e-08 3.02572e-08 1.36052e-08 1.06199e-08 4.32132e-08 3.08464e-08 2.63024e-08 2.21676e-08 1.75959e-08 2.22512e-08 1.76823e-08 1.01134e-08 1.05913e-08 9.76581e-09 8.60822e-09 2.0189e-08 1.70815e-08
threshold=9.1045129325491825 0.75436650000000005 0.010169856957349397 8.9176176757931511 1.4190300750862115 1.3490650416001702 -0.36046299999999992 0.31697250000000005 -0.020349635685464492 0.097629500000000022 0.78252800000000011 0.01303752871332233 0.0058308725700651149 7.0068084990455439 0.6277545000000001 9492900.0000000019 7655200.0000000009 -0.0038965103013433489
decision_type=2 2 2 2 2 2 2 2 2 2 2 2 2 2 2 2 2 2
left_child=1 3 -3 4 5 14 -6 9 -9 10 -8 -11 -4 -14 15 16 -1 -17
right_child=-2 2 12 -5 6 -7 7 8 -10 11 -12 -13 13 -15 -16 17 -18 -19
leaf_value=-1.1821072131605972e-07 -7.2224939207157342e-06 1.4056694791406697e-05 6.6682118318794898e-06 -6.9781384092948429e-06 1.2811692769381418e-05 -1.3633083824515779e-05 -3.1020754692399646e-06 1.6191116910506577e-06 -1.1055057512344823e-05 1.4049622632228419e-05 7.1131777225730273e-06 2.9779675831737467e-06 3.1310682152033781e-06 -5.2776127988961102e-06 -5.3442465581197443e-06 3.6767813101585699e-06 5.7244908896587488e-06 -4.3967021148894782e-06
leaf_weight=245 38 20 20 25 21 22 61 23 27 20 28 37 26 28 29 34 68 77
leaf_count=245 38 20 20 25 21 22 61 23 27 20 28 37 26 28 29 34 68 77
internal_value=-3.57255e-14 3.38415e-07 3.70354e-06 -1.02759e-07 1.45629e-07 -6.48722e-07 1.88442e-06 7.13636e-07 -5.22494e-06 2.74739e-06 1.11712e-07 6.86276e-06 9.0539e-07 -1.22899e-06 -1.81344e-08 3.46152e-07 1.15113e-06 -1.92374e-06
internal_weight=849 811 94 717 692 475 217 196 50 146 89 57 74 54 453 424 313 111
internal_count=849 811 94 717 692 475 217 196 50 146 89 57 74 54 453 424 313 111
is_linear=0
shrinkage=0.3


Tree=200
num_leaves=10
num_cat=0
split_feature=8 8 15 1 3 8 8 14 8
split_gain=2.11965e-08 1.0396e-07 8.0019e-08 3.34728e-08 2.44136e-08 8.68671e-09 1.75319e-08 1.06742e-08 1.54421e-08
threshold=0.094922541807613045 0.085404176251536928 0.001874414049161044 9.1223121638934508 8.9799151420593279 0.078224602724186243 0.067032897105825398 0.0033223391737394071 0.058127658276971007
decision_type=2 2 2 2 2 2 2 2 2
left_child=1 3 -2 4 5 6 7 -1 -9
right_child=2 -3 -4 -5 -6 -7 -8 8 -10
leaf_value=-6.6581392542275344e-06 1.5740781167427153e-05 -2.127073744954292e-05 -4.5785341662572997e-06 1.1937680496235512e-05 -1.0547289125497628e-05 5.8153066655232461e-06 -8.2550280070662382e-06 9.2289556741497438e-08 7.8462826373026925e-06
leaf_weight=20 33 21 37 21 20 23 23 627 24
leaf_count=20 33 21 37 21 20 23 23 627 24
internal_value=-5.56383e-15 -4.49345e-07 5.00057e-06 1.27501e-07 -2.09017e-07 7.93584e-08 -1.10738e-07 1.68426e-07 3.78151e-07
internal_weight=849 779 70 758 737 717 694 671 651
internal_count=849 779 70 758 737 717 694 671 651
is_linear=0
shrinkage=0.3


Tree=201
num_leaves=10
num_cat=0
split_feature=10 10 10 1 6 10 10 6 18
split_gain=2.16881e-08 3.02574e-08 4.07424e-08 5.63665e-08 5.46248e-09 1.37939e-08 8.37866e-09 7.94604e-09 1.01691e-08
threshold=2.6781912912697767 2.5039289498051382 2.269732585774149 9.0956128578985602 -0.0067266984401611321 0.099263124809437026 -1.5365616396301596 -0.0050772039397558337 -0.20987625466245299
decision_type=2 2 2 2 2 2 2 2 2
left_child=1 2 3 4 5 -1 -6 -8 -9
right_child=-2 -3 -4 -5 6 -7 7 8 -10
leaf_value=-3.3788796083006837e-06 -9.5210198367112743e-06 1.1483608617319467e-05 -1.1508133914301449e-05 1.3561956692293668e-05 5.2452867758683684e-06 6.0603779959335137e-06 -5.1911680197136436e-06 1.3095064142449601e-06 -1.2141020862911412e-06
leaf_weight=22 21 21 27 28 23 38 32 219 418
leaf_count=22 21 21 27 28 23 38 32 219 418
internal_value=4.92107e-16 2.41475e-07 -5.10711e-08 3.4552e-07 -1.46582e-07 2.59932e-06 -3.84666e-07 -5.78221e-07 -3.46488e-07
internal_weight=849 828 807 780 752 60 692 669 637
internal_count=849 828 807 780 752 60 692 669 637
is_linear=0
shrinkage=0.3


Tree=202
num_leaves=11
num_cat=0
split_feature=1 2 10 2 10 11 11 17 5 17
split_gain=3.35911e-08 2.05319e-08 7.41105e-09 1.04804e-08 6.18581e-09 7.6659e-09 9.25584e-09 6.24245e-09 8.37991e-09 3.93704e-09
threshold=9.1045129325491825 8.8909175852540354 2.1423582377985602 7.9382378541828773 2.0051688052632946 66.434591736952754 63.968927655720243 0.005841175703354534 0.0022988658834737865 0.0033296569418703749
decision_type=2 2 2 2 2 2 2 2 2 2
left_child=1 2 4 9 5 6 7 8 -1 -4
right_child=-2 -3 3 -5 -6 -7 -8 -9 -10 -11
leaf_value=-8.8946163101753164e-07 -8.7176181822494405e-06 9.6667301834583787e-06 3.0996938148001424e-06 8.9067834596789912e-06 -5.3284778283568816e-06 -4.5133152095644391e-06 5.5788013769740368e-06 4.306594090739336e-06 1.5905574879832997e-06 -2.2223791513004637e-06
leaf_weight=440 38 21 29 20 20 32 28 29 170 22
leaf_count=440 38 21 29 20 20 32 28 29 170 22
internal_value=-3.45768e-14 4.0847e-07 1.62365e-07 3.0864e-06 -1.26379e-07 2.24653e-08 2.40074e-07 6.1391e-09 -1.98309e-07 8.03898e-07
internal_weight=849 811 790 71 719 699 667 639 610 51
internal_count=849 811 790 71 719 699 667 639 610 51
is_linear=0
shrinkage=0.3


Tree=203
num_leaves=18
num_cat=0
split_feature=13 3 17 27 27 4 13 21 21 6 6 8 15 22 11 7 5
split_gain=2.10423e-08 6.44507e-08 2.13339e-08 1.20415e-08 4.98574e-08 1.93832e-08 1.63173e-08 1.34409e-08 9.53174e-09 1.32703e-08 1.94583e-08 3.59327e-08 1.40413e-08 1.32238e-08 9.8285e-09 1.08576e-08 9.05884e-09
threshold=0.011685828726896755 9.1223120689392108 0.0057604213341483955 0.9128320000000002 0.92176950000000013 5328550.0000000009 0.0083664697019512849 0.03233550000000001 0.75973200000000018 0.0057740182515717206 0.0033058873265089991 0.014950612739511792 -0.00333518215707707 0.024389500000000005 62.216226015537664 -0.0011575833268073416 1.0000000180025095e-35
decision_type=2 2 2 2 2 2 2 2 2 2 2 2 2 2 2 2 2
left_child=1 2 3 8 -5 -6 16 -8 9 10 12 -12 -1 -10 15 -11 -7
right_child=-2 -3 -4 4 5 6 7 -9 13 14 11 -13 -14 -15 -16 -17 -18
leaf_value=-3.1004464216816669e-06 -7.8036138802417547e-06 1.5283845743397251e-05 -7.1224810917077478e-06 1.3737482982707723e-05 6.4167810115401563e-06 6.2939722092571834e-06 -3.8140237227873349e-07 -1.0290392300557219e-05 1.9452299885155557e-07 5.6170252298670675e-06 4.4234817857574418e-06 -1.0047640804994908e-05 1.1072451213290717e-06 -9.2981423972560144e-06 9.2606391751814965e-06 -2.4542586140796626e-06 -2.4170828623937267e-06
leaf_weight=93 30 25 38 29 31 22 22 28 28 30 23 47 307 25 20 30 21
leaf_count=93 30 25 38 29 31 22 22 28 28 30 23 47 307 25 20 30 21
internal_value=4.67841e-14 2.85847e-07 -1.86382e-07 1.62257e-07 2.53918e-06 -7.97821e-08 -2.2453e-06 -5.93044e-06 -4.40842e-07 -7.05828e-08 -6.78545e-07 -5.29284e-06 1.28957e-07 -4.28315e-06 3.5012e-06 1.58138e-06 2.03974e-06
internal_weight=849 819 794 756 153 124 93 50 603 550 470 70 400 53 80 60 43
internal_count=849 819 794 756 153 124 93 50 603 550 470 70 400 53 80 60 43
is_linear=0
shrinkage=0.3


Tree=204
num_leaves=16
num_cat=0
split_feature=1 2 17 16 24 14 12 5 22 9 9 14 13 5 11
split_gain=3.19822e-08 9.17526e-09 8.46379e-09 6.84341e-09 1.37305e-08 1.43867e-08 2.10826e-08 1.36712e-08 1.33378e-08 1.58237e-08 1.36817e-08 1.26238e-08 1.15971e-08 1.11523e-08 9.21145e-09
threshold=9.1045129325491825 8.8909175852540354 0.005841175703354534 0.0010015254615295516 0.35416650000000005 0.0060575328980753294 0.00097907177779201762 0.0072093160190853352 0.016006000000000003 0.030375976162959686 0.01640742530027817 0.0072903944248868527 0.0088991569126755671 -0.0022185868413812254 59.446794770498109
decision_type=2 2 2 2 2 2 2 2 2 2 2 2 2 2 2
left_child=1 2 3 4 5 12 11 8 10 13 -5 -7 -1 -10 -9
right_child=-2 -3 -4 7 -6 6 -8 14 9 -11 -12 -13 -14 -15 -16
leaf_value=-5.9377758862570477e-07 -8.5062898219085153e-06 6.5876169872223853e-06 4.9371147967618032e-06 3.6006577070512478e-07 -6.5164632710198363e-06 1.1118428934813503e-05 -3.8952503565589135e-06 -8.2723187258437744e-07 3.3580650697392039e-06 7.7163329173604972e-06 -9.379137035076772e-06 2.2711029766029201e-06 -9.0612610136986411e-06 6.3724936046866235e-09 -9.1390227396459512e-06
leaf_weight=37 38 21 33 34 39 21 37 30 131 35 21 47 24 281 20
leaf_count=37 38 21 33 34 39 21 37 30 131 35 21 47 24 281 20
internal_value=9.30108e-15 3.98568e-07 2.34049e-07 2.90281e-08 -1.45111e-06 -2.61057e-07 1.86766e-06 5.78717e-07 1.0499e-06 1.59232e-06 -3.35854e-06 5.00337e-06 -3.92525e-06 1.07208e-06 -4.15195e-06
internal_weight=849 811 790 757 205 166 105 552 502 447 55 68 61 412 50
internal_count=849 811 790 757 205 166 105 552 502 447 55 68 61 412 50
is_linear=0
shrinkage=0.3


Tree=205
num_leaves=20
num_cat=0
split_feature=27 0 4 4 0 4 10 18 4 18 16 9 2 13 4 13 14 9 7
split_gain=2.13958e-08 7.87234e-08 5.77308e-08 2.36789e-08 8.1221e-08 2.87089e-08 3.92439e-08 1.40955e-08 5.35565e-08 2.00373e-08 2.92973e-08 3.11323e-08 2.80809e-08 4.72167e-08 2.26848e-08 1.76795e-08 1.24888e-08 1.62793e-08 7.68024e-09
threshold=0.62110700000000019 9.5584039132063037 8536600.0000000019 14825600.000000002 8.7218209942135214 13102500.000000002 1.3760291635589732 -0.38532912214384046 7537550.0000000009 0.12571586200722237 0.0034721911781376191 0.010169856957349397 7.2518727490543498 0.0074640526845807268 7369900.0000000009 0.0084807572298256449 0.0045454501120513486 0.017996675875981041 -1.0000000180025095e-35
decision_type=2 2 2 2 2 2 2 2 2 2 2 2 2 2 2 2 2 2 2
left_child=2 3 -1 5 18 7 -7 8 16 10 11 -9 15 -14 -12 -11 -2 -18 -5
right_child=1 -3 -4 4 -6 6 -8 9 -10 12 14 -13 13 -15 -16 -17 17 -19 -20
leaf_value=1.8715871133617218e-06 6.9159267461316175e-06 1.8972324064634449e-05 -1.8554771028220784e-05 5.4548267019072231e-06 -2.1530443897290753e-05 -4.8579857483989901e-07 1.7684513684059765e-05 1.158435060233387e-05 -1.3447262054278041e-05 9.0529533541224991e-06 -9.0623586879701174e-06 2.3887716001063325e-06 -1.157695373644763e-06 -1.8160107304408613e-05 2.9239030305284861e-06 -2.7731492982058352e-07 7.3265543520509739e-07 -8.1811385796201016e-06 -1.8774068090957976e-06
leaf_weight=33 21 20 20 20 20 23 20 42 32 21 30 157 49 21 27 141 93 23 36
leaf_count=33 21 20 20 20 20 23 20 42 32 21 30 157 49 21 27 141 93 23 36
internal_value=-3.14497e-14 3.88609e-07 -5.83647e-06 -9.03524e-08 -5.11972e-06 4.55694e-07 7.96551e-06 -3.58164e-08 -2.39708e-06 7.81918e-07 2.61193e-06 4.32955e-06 -1.23741e-06 -6.25842e-06 -3.38466e-06 9.32164e-07 1.8398e-07 -1.03473e-06 7.41248e-07
internal_weight=849 796 53 776 76 700 43 657 169 488 256 199 232 70 57 162 137 116 56
internal_count=849 796 53 776 76 700 43 657 169 488 256 199 232 70 57 162 137 116 56
is_linear=0
shrinkage=0.3


Tree=206
num_leaves=15
num_cat=0
split_feature=2 14 2 8 10 12 8 19 15 16 15 13 5 13
split_gain=2.60711e-08 1.85144e-08 3.46146e-08 5.62586e-09 1.10775e-08 1.04631e-08 9.89119e-09 6.74548e-09 1.38921e-08 1.83137e-08 1.315e-08 1.25455e-08 1.45992e-08 8.18342e-09
threshold=9.506425428782844 0.018686448787350447 8.9710151215585725 0.078224602724186243 1.2148377351553601 0.00023514724938459731 0.067032897105825398 0.59768450000000006 -0.0056348497031182918 0.0011820617978422052 -0.0045197755200502036 0.0083664697019512849 0.0011233614856854502 0.0091323334028512778
decision_type=2 2 2 2 2 2 2 2 2 2 2 2 2 2
left_child=1 2 3 6 -5 -6 7 8 9 -1 -10 12 -9 -13
right_child=-2 -3 -4 4 5 -7 -8 11 10 -11 -12 13 -14 -15
leaf_value=-7.3891659755462366e-06 -1.0703090765673551e-05 7.5748504571038203e-06 -1.2339915078882767e-05 7.4762571779883399e-06 -2.989065111201804e-06 4.621609281426133e-06 -6.1147327681718032e-06 -1.1072772792391809e-05 7.8843089686415626e-06 2.672974372646624e-06 8.2175269330245539e-07 5.1087055897625073e-06 -1.3224137254448059e-07 -2.0837154592559923e-06
leaf_weight=41 20 30 20 28 37 29 23 23 25 27 466 24 21 35
leaf_count=41 20 30 20 28 37 29 23 23 25 27 466 24 21 35
internal_value=4.30807e-14 2.58217e-07 -1.65002e-08 2.9989e-07 2.47624e-06 3.55019e-07 1.23822e-09 2.13727e-07 6.24792e-07 -3.3939e-06 1.18135e-06 -2.0172e-06 -5.85116e-06 8.42015e-07
internal_weight=849 829 799 779 94 66 685 662 559 68 491 103 44 59
internal_count=849 829 799 779 94 66 685 662 559 68 491 103 44 59
is_linear=0
shrinkage=0.3


Tree=207
num_leaves=19
num_cat=0
split_feature=9 6 1 2 5 5 24 12 10 8 1 7 1 8 19 9 2 5
split_gain=1.67422e-08 7.13281e-08 6.97817e-08 1.81378e-08 5.10587e-09 1.17962e-08 1.35346e-08 1.22318e-08 1.01255e-08 9.41006e-09 1.05668e-08 1.60173e-08 1.21686e-08 9.05406e-09 8.98717e-09 8.86656e-09 1.14277e-08 1.12551e-08
threshold=0.034219246687934919 0.0033747443050240748 9.1223121638934508 8.9087176275375395 0.0022234087968666283 0.00232284841993248 0.22500000000000003 -0.00058305186024998487 2.0740263217032866 0.064429203899759521 6.0710871636819368 -0.0012309439875471059 6.1238791925830229 0.0814210324504097 0.031307500000000009 0.016148361104409672 6.8273476665415815 0.0044617605605688339
decision_type=2 2 2 2 2 2 2 2 2 2 2 2 2 2 2 2 2 2
left_child=2 -2 3 4 8 -6 15 -8 9 10 11 -1 -12 -11 -9 16 -7 -17
right_child=1 -3 -4 -5 5 6 7 14 -10 13 12 -13 -14 -15 -16 17 -18 -19
leaf_value=-1.8849750995286739e-06 -1.3625719050062745e-05 8.2970157274592726e-06 1.5343553564485366e-05 -8.8693000634521003e-06 -7.6622858043409977e-06 -8.2089563246721385e-06 8.7433890603674434e-06 -4.1333686142634594e-06 6.0719516831152852e-06 8.9830361795455759e-06 -7.618942205764059e-06 7.3879810842251903e-06 -3.3338757964737717e-07 6.4156112102864427e-08 4.1052670291299781e-06 -4.7229793776553024e-06 -1.2820190494855116e-06 3.4349541798898522e-06
leaf_weight=30 34 22 27 21 22 34 23 22 29 21 22 38 332 20 26 23 58 45
leaf_count=30 34 22 27 21 22 34 23 22 29 21 22 38 332 20 26 23 58 45
internal_value=-7.80743e-14 -5.01322e-06 3.54023e-07 -1.74329e-07 7.07643e-08 -1.02445e-06 -3.92279e-07 3.05494e-06 6.33955e-07 2.93347e-07 -1.28217e-07 3.29697e-06 -7.86162e-07 4.63236e-06 3.29226e-07 -1.92198e-06 -3.84197e-06 6.75653e-07
internal_weight=849 56 793 766 745 253 231 71 492 463 422 68 354 41 48 160 92 68
internal_count=849 56 793 766 745 253 231 71 492 463 422 68 354 41 48 160 92 68
is_linear=0
shrinkage=0.3


Tree=208
num_leaves=17
num_cat=0
split_feature=0 1 14 6 16 5 27 27 5 27 6 17 18 2 22 18
split_gain=2.82329e-08 2.07787e-08 6.92039e-09 5.08457e-09 2.24402e-08 2.58333e-08 8.16377e-09 2.41568e-08 2.08328e-08 1.53847e-08 1.61301e-08 1.3655e-08 1.32608e-08 1.04759e-08 1.1344e-08 5.75736e-09
threshold=9.0778135336731953 9.0066147404763317 0.019049373710482233 -0.0057339967040178795 0.0011601193752436478 0.0011363787165464009 0.89578150000000012 0.86788700000000008 -0.0010010405258837317 0.9033945000000001 0.0023040630125598202 0.0033426428637760856 0.19004651395185598 5.830575986464412 0.019120500000000002 -0.079848584674590065
decision_type=2 2 2 2 2 2 2 2 2 2 2 2 2 2 2 2
left_child=1 2 3 4 -1 -6 7 13 -9 -8 11 -11 -12 -5 -15 -10
right_child=-2 -3 -4 6 5 -7 9 8 15 10 12 -13 -14 14 -16 -17
leaf_value=1.1250819031829451e-05 -8.2212747201992901e-06 9.9141274176872685e-06 -5.0046233888639584e-06 -6.8581665181000055e-06 5.3999795518259766e-06 -6.6781873057664139e-06 -8.7451145503791853e-06 -8.920260199829499e-07 6.6890010236875238e-06 -1.2188303629208664e-06 -3.0920410765133965e-07 -9.8678532615537052e-06 8.7946442647535147e-06 4.3124075148170958e-06 -4.3290541130292149e-07 1.3887347943182249e-05
leaf_weight=20 36 20 23 20 34 30 24 24 20 92 36 20 24 52 354 20
leaf_count=20 36 20 23 20 34 30 24 24 20 92 36 20 24 52 354 20
internal_value=-8.21769e-15 3.64042e-07 1.23182e-07 2.7635e-07 2.47941e-06 -2.61661e-07 6.58835e-09 6.61126e-07 6.0956e-06 -1.62976e-06 -6.36915e-07 -2.7633e-06 3.33234e-06 -1.55321e-07 1.74869e-07 1.02882e-05
internal_weight=849 813 793 770 84 64 686 490 64 196 172 112 60 426 406 40
internal_count=849 813 793 770 84 64 686 490 64 196 172 112 60 426 406 40
is_linear=0
shrinkage=0.3


Tree=209
num_leaves=18
num_cat=0
split_feature=10 21 3 1 6 12 18 17 12 21 0 26 6 16 2 6 21
split_gain=1.64786e-08 6.16826e-08 7.63279e-08 4.37377e-08 5.15034e-09 1.44876e-08 1.05859e-08 1.44527e-08 1.85894e-08 1.11629e-08 7.20393e-09 2.96804e-08 6.21009e-09 9.19457e-09 7.79602e-09 8.82571e-09 5.21927e-09
threshold=2.269732585774149 0.095568000000000014 8.0761451721191424 9.0956128578985602 0.0036144786274331436 -0.0011716827734539398 0.43567232771813785 0.00394476927995058 0.00011137747718957483 0.33594250000000009 8.793019292440059 0.52646550000000014 0.0033445456058260052 0.0056560833123309017 8.5393748403159133 0.0023336682055875965 0.36453600000000003
decision_type=2 2 2 2 2 2 2 2 2 2 2 2 2 2 2 2 2
left_child=3 -2 -3 4 10 -6 7 8 -7 -10 12 -12 13 14 15 -1 -15
right_child=1 2 -4 -5 5 6 -8 -9 9 -11 11 -13 -14 16 -16 -17 -18
leaf_value=5.9668479277762623e-08 9.5960415796980681e-06 -3.4141053607205823e-07 -2.4431978024495036e-05 1.2035220489841387e-05 -8.8949966084328473e-06 5.8693682454056466e-06 5.0169878991714359e-06 -7.3401170249098863e-06 -7.2778214035094732e-06 1.7525260618227052e-06 4.8023506530903145e-06 -1.1345828613684715e-05 4.8503802690902375e-06 8.1921466926360153e-06 5.5596752758901856e-06 -6.3846459558192229e-06 1.4205145459657486e-06
leaf_weight=438 20 29 20 28 21 33 26 30 28 22 20 21 30 20 22 20 21
leaf_count=438 20 29 20 28 21 33 26 30 28 22 20 21 30 20 22 20 21
internal_value=2.03748e-15 -4.44376e-06 -1.01743e-05 3.93102e-07 -4.0381e-08 -1.55057e-06 -4.40979e-07 -1.69679e-06 3.42961e-07 -3.30447e-06 3.67778e-07 -3.46867e-06 6.53248e-07 4.11571e-07 4.3239e-08 -2.21743e-07 4.72375e-06
internal_weight=849 69 49 780 752 160 139 113 83 50 592 41 551 521 480 458 41
internal_count=849 69 49 780 752 160 139 113 83 50 592 41 551 521 480 458 41
is_linear=0
shrinkage=0.3


Tree=210
num_leaves=17
num_cat=0
split_feature=2 14 10 15 3 17 20 9 14 14 9 17 15 27 26 12
split_gain=2.36899e-08 1.51387e-08 2.90699e-08 7.53348e-08 5.10645e-08 2.05936e-08 5.01593e-09 9.24622e-09 2.09358e-08 9.60245e-09 9.58266e-09 9.31039e-09 8.46886e-09 9.62772e-09 9.36194e-09 7.8909e-09
threshold=9.506425428782844 0.018686448787350447 2.1986611648937293 0.0010666766327499559 8.9621157646179217 0.0011179156225658508 0.10338450000000002 0.012509728091571007 0.0066188754433797641 0.0050865736569584924 0.016321218677070037 0.0012202264611062589 -0.0059562045330901888 0.78377700000000006 0.13578550000000003 -0.0023729980406295972
decision_type=2 2 2 2 2 2 2 2 2 2 2 2 2 2 2 2
left_child=1 2 4 -4 6 -5 7 8 -1 -9 -11 -10 13 -8 -14 -16
right_child=-2 -3 3 5 -6 -7 12 9 11 10 -12 -13 14 -15 15 -17
leaf_value=-1.2080001526442173e-05 -1.0202617504546652e-05 6.8622350806890608e-06 -2.1401096646513906e-05 -6.3049407789605988e-06 1.5112337392305821e-05 6.7295170254055847e-06 7.2919978322261156e-08 5.7050561909832709e-06 3.8663614871558631e-06 2.4440195512847425e-06 -3.2907019432081677e-06 -3.860727626185204e-06 5.4286527835035388e-06 8.4850391169766232e-06 4.6344019096977714e-06 -4.9223396320916079e-07
leaf_weight=20 20 30 20 20 21 24 24 25 23 46 61 36 29 25 29 396
leaf_count=20 20 30 20 20 21 24 24 25 23 46 61 36 29 25 29 396
internal_value=1.94059e-14 2.46143e-07 -2.2712e-09 -6.13457e-06 5.31697e-07 8.04763e-07 1.02855e-07 -1.12484e-06 -3.6919e-06 4.11504e-07 -8.25308e-07 -8.48473e-07 6.17853e-07 4.36482e-06 2.13445e-07 -1.42416e-07
internal_weight=849 829 799 64 735 44 714 211 79 132 107 59 503 49 454 425
internal_count=849 829 799 64 735 44 714 211 79 132 107 59 503 49 454 425
is_linear=0
shrinkage=0.3


Tree=211
num_leaves=21
num_cat=0
split_feature=27 27 10 20 14 13 22 9 26 4 0 0 0 9 17 18 7 16 7 8
split_gain=1.70825e-08 1.71134e-07 5.8894e-08 8.64224e-08 3.47764e-08 7.27653e-08 4.72785e-08 2.45212e-08 2.02045e-08 5.5668e-08 9.2835e-08 4.50357e-08 3.72836e-08 1.44103e-08 1.23667e-08 1.47961e-08 1.22456e-08 9.23835e-09 7.04811e-09 3.81743e-09
threshold=0.91921900000000012 0.91348150000000017 1.3653730686948882 0.048470500000000007 0.016685184422120858 0.011638996176280546 0.24200550000000001 0.018303073503376854 0.35649150000000002 12246400.000000002 8.5838733636427715 8.744070271311049 8.793019292440059 0.018303073503376854 0.0011660966565351877 0.38852322262818811 0.0011249557667543074 0.001229983717108276 -1.0000000180025095e-35 0.013045281859797208
decision_type=2 2 2 2 2 2 2 2 2 2 2 2 2 2 2 2 2 2 2 2
left_child=1 4 7 -4 5 8 -6 16 11 12 18 14 13 -10 17 -16 19 -1 -11 -2
right_child=2 -3 3 -5 6 -7 -8 -9 9 10 -12 -13 -14 -15 15 -17 -18 -19 -20 -21
leaf_value=-8.6332166461033925e-06 9.9518129673015207e-07 -2.7291538612774146e-05 -8.7543202396219653e-07 2.5425147108845438e-05 -1.8206108175685845e-05 1.6954437720073655e-05 2.1746442939729604e-06 -1.0456626709043349e-05 -4.0704726782642434e-07 6.2178491918984947e-06 2.6243945355872708e-05 -1.6056197728175901e-05 -1.1446149215771585e-05 4.3969315970571183e-06 -9.1393217917357102e-07 7.9339485482292223e-06 -3.2401185508361281e-06 -4.7094361548261078e-07 -1.1558300909898985e-06 6.3459463319759371e-06
leaf_weight=26 20 21 23 22 21 24 20 20 285 20 20 20 25 70 75 22 33 24 28 30
leaf_count=26 20 21 23 22 21 24 20 20 285 20 20 20 25 70 75 22 33 24 28 30
internal_value=6.70772e-14 -6.18322e-07 2.92867e-06 1.19826e-05 2.0541e-07 7.48848e-07 -8.26428e-06 -1.02694e-06 1.16435e-07 1.16628e-06 9.07166e-06 -2.69993e-06 -2.4836e-07 5.40216e-07 -8.82751e-07 1.0928e-06 1.24528e-06 -4.71533e-06 1.91654e-06 4.20564e-06
internal_weight=849 701 148 45 680 639 41 103 615 448 68 167 380 355 147 97 83 50 48 50
internal_count=849 701 148 45 680 639 41 103 615 448 68 167 380 355 147 97 83 50 48 50
is_linear=0
shrinkage=0.3


Tree=212
num_leaves=20
num_cat=0
split_feature=13 3 1 12 27 14 14 22 27 5 15 22 5 5 4 0 13 17 5
split_gain=2.32683e-08 4.66852e-08 2.0023e-08 6.19485e-09 1.1158e-08 9.35353e-09 9.42048e-09 8.70104e-09 1.6384e-08 1.56326e-08 2.39856e-08 1.3557e-08 1.2971e-08 1.55948e-08 1.27467e-08 1.08675e-08 9.66505e-09 7.94815e-09 7.50266e-09
threshold=0.01165387294667194 9.1223120689392108 9.0244139166835087 0.00058985963661895761 0.92418800000000012 0.0055096251386308999 0.0066188754433797641 0.23074050000000004 0.90729100000000018 0.00232284841993248 0.0011191668166192347 0.27407450000000005 -0.0037488855610727082 0.0036144786274331436 7222650.0000000009 6.9051199018189662 0.0097185391489376608 0.0021728074189627596 -0.0037220177830579663
decision_type=2 2 2 2 2 2 2 2 2 2 2 2 2 2 2 2 2 2 2
left_child=1 2 3 7 5 17 -7 8 9 10 -1 -9 15 -14 -10 -13 -11 -5 -8
right_child=-2 -3 -4 4 -6 6 18 11 14 16 -12 12 13 -15 -16 -17 -18 -19 -20
leaf_value=-3.036948810946879e-06 -7.8097600180626607e-06 1.3079753647616598e-05 -9.4590857574416994e-06 9.5205851812352205e-06 -3.5397641820079137e-06 -4.1608408904581804e-06 -2.0628331133759108e-06 8.2190811792770545e-06 8.2242438106336707e-06 4.2918825242315289e-06 -1.3888107874684217e-05 -9.3595153202841165e-06 2.743007479310806e-06 -3.6999413111971079e-06 -1.4712094720327792e-06 -5.7660220811328598e-07 -4.01935770820927e-06 1.4968700259032628e-06 2.9945611498373057e-06
leaf_weight=110 33 25 20 25 37 26 33 20 23 34 22 21 146 44 26 32 20 20 132
leaf_count=110 33 25 20 25 37 26 33 20 23 34 22 21 146 44 26 32 20 20 132
internal_value=-8.57924e-15 3.15836e-07 -8.75749e-08 1.55525e-07 1.30406e-06 2.06347e-06 1.14674e-06 -4.74091e-07 -1.80068e-06 -3.08638e-06 -4.84548e-06 7.11263e-07 9.33357e-08 1.25096e-06 3.07972e-06 -4.05662e-06 1.21365e-06 5.95449e-06 1.98308e-06
internal_weight=849 816 791 771 273 236 191 498 235 186 132 263 243 190 49 53 54 45 165
internal_count=849 816 791 771 273 236 191 498 235 186 132 263 243 190 49 53 54 45 165
is_linear=0
shrinkage=0.3


Tree=213
num_leaves=19
num_cat=0
split_feature=1 2 18 17 8 0 12 13 4 5 24 6 18 7 12 7 17 25
split_gain=2.3253e-08 1.35643e-08 4.61251e-09 4.75292e-09 8.98392e-09 1.20723e-08 1.32252e-08 1.01216e-08 2.73911e-08 1.18136e-08 7.80273e-09 1.26801e-08 1.42336e-08 1.23883e-08 1.02525e-08 1.06375e-08 8.80374e-09 4.73366e-09
threshold=9.1045129325491825 8.8909175852540354 1.1200202599424589 0.0012202264611062589 0.10224449562409324 7.864975691691698 7.6952870450853531e-05 0.0083524785399163286 5296600.0000000009 0.0036144786274331436 0.35416650000000005 -0.0018818060454498318 -0.058403806935182663 -0.0048900407631054894 0.0010299441264284383 0.0011495170540772326 0.0011299693164731207 0.41428550000000003
decision_type=2 2 2 2 2 2 2 2 2 2 2 2 2 2 2 2 2 2
left_child=1 2 3 10 5 7 -7 8 -5 -9 13 -12 -13 17 16 -16 -15 -1
right_child=-2 -3 -4 4 -6 6 -8 9 -10 -11 11 12 -14 14 15 -17 -18 -19
leaf_value=1.1192106910584698e-07 -7.2531290781721746e-06 7.8649601683926968e-06 4.526436823937274e-06 -1.0092362466807002e-05 -4.6789342255019273e-06 -1.2530238801327472e-07 9.4364117228451491e-06 2.3750300235292341e-06 1.2126834106874369e-06 -3.2149868651396353e-06 7.1346199951626143e-06 -6.8957675645313944e-06 3.2876527313874249e-06 -1.6851362821743632e-07 -1.0864670067032579e-05 -2.2892589913681148e-06 -5.0563379302328158e-06 6.6390137366312269e-06
leaf_weight=20 38 21 21 28 26 23 30 200 62 41 27 21 30 145 23 30 43 20
leaf_count=20 38 21 21 28 26 23 30 200 62 41 27 21 30 145 23 30 43 20
internal_value=1.77736e-14 3.39851e-07 1.39816e-07 2.00255e-08 7.17927e-07 1.08334e-06 5.28699e-06 4.10247e-07 -2.30444e-06 1.42403e-06 -7.7702e-07 1.87761e-06 -9.0552e-07 -1.51389e-06 -2.3254e-06 -6.01066e-06 -1.28647e-06 3.37547e-06
internal_weight=849 811 790 769 410 384 53 331 90 241 359 78 51 281 241 53 188 40
internal_count=849 811 790 769 410 384 53 331 90 241 359 78 51 281 241 53 188 40
is_linear=0
shrinkage=0.3


Tree=214
num_leaves=24
num_cat=0
split_feature=8 0 2 11 12 10 8 11 9 6 29 12 17 14 0 16 2 19 13 5 20 16 5
split_gain=1.64701e-08 1.41404e-07 6.10472e-08 1.87458e-07 1.07564e-08 7.82692e-09 1.10781e-08 1.4024e-08 1.00271e-08 7.87564e-09 9.14378e-09 5.59971e-09 1.2852e-08 1.04179e-08 7.61867e-09 7.59552e-09 8.67138e-09 9.65095e-09 8.87973e-09 8.01574e-09 1.20897e-08 4.07714e-09 3.72395e-09
threshold=0.028953861197749065 7.9597854021463572 8.9710151215585725 62.249743709685141 -0.0022952236962289151 0.55744377268567369 0.030391528601835163 57.527026043772189 0.012099080540715077 -0.0032805286765037601 1.5000000000000002 -0.00096638069640544739 0.0012345392582167782 0.0085836823846231706 6.9092755800552936 0.0011086212668829382 7.276907885883694 0.45792700000000003 0.0096602415971741452 0.0011274267404021044 0.30832100000000001 0.0022585614267515972 0.0058582632549250184
decision_type=2 2 2 2 2 2 2 2 2 2 2 2 2 2 2 2 2 2 2 2 2 2 2
left_child=1 4 5 -4 -1 -2 -7 -8 -9 21 -11 12 14 -14 -6 19 17 18 -17 20 -13 -10 -21
right_child=2 -3 3 -5 11 6 7 8 9 10 -12 15 13 -15 -16 16 -18 -19 -20 22 -22 -23 -24
leaf_value=5.8927735772663765e-06 -4.4141583149683223e-06 2.591768822640006e-05 -3.2149210424644736e-05 8.4334214329828685e-06 -1.0445696553915695e-05 -5.4074544168867886e-06 6.2195590350904388e-06 5.4284493566163811e-06 6.2949724622285432e-06 9.0714761708103438e-07 -3.1911972058781749e-06 -1.9000648035216727e-07 -2.7573618049408257e-06 6.2073657829841979e-06 -2.3554990018613929e-06 -2.340054701619465e-06 6.9263412549182913e-06 4.9245623616020325e-06 2.2615478099379077e-06 3.8244296547418344e-06 -9.8326554704501628e-06 2.3739549419588e-07 -1.8253107538969612e-06
leaf_weight=27 35 20 21 20 20 28 38 28 20 89 109 25 28 20 22 90 22 38 65 21 22 20 21
leaf_count=27 35 20 21 20 20 28 38 28 20 89 109 25 28 20 22 90 22 38 65 21 22 20 21
internal_value=-2.88614e-14 1.27094e-06 -1.37374e-06 -1.23528e-05 1.00078e-07 -1.47197e-07 3.02633e-07 8.28562e-07 5.84195e-08 -5.73349e-07 -1.34901e-06 -2.96884e-07 -2.37549e-06 9.77941e-07 -6.20797e-06 3.18492e-07 1.2833e-06 6.40047e-07 -4.1035e-07 -2.01221e-06 -4.70359e-06 3.26618e-06 9.99559e-07
internal_weight=849 441 408 41 421 367 332 304 266 238 198 394 90 48 42 304 215 193 155 89 47 40 42
internal_count=849 441 408 41 421 367 332 304 266 238 198 394 90 48 42 304 215 193 155 89 47 40 42
is_linear=0
shrinkage=0.3


Tree=215
num_leaves=20
num_cat=0
split_feature=6 26 0 13 27 9 29 7 15 17 0 13 18 8 20 10 22 0 6
split_gain=1.96545e-08 6.2666e-08 5.11273e-08 1.81236e-08 9.3977e-09 3.04141e-08 5.59318e-09 1.13373e-08 1.53752e-08 2.17915e-08 7.91854e-09 1.06861e-08 9.93519e-09 1.19868e-08 1.18531e-08 9.24077e-09 1.1474e-08 1.84153e-08 5.70684e-09
threshold=0.0089993030529001202 0.68435650000000015 9.0778135336731953 0.0096402891988556436 0.63267350000000011 0.012271361860371125 3.5000000000000004 0.0011415046505269301 0.0022284108758810366 0.0022234030598821146 6.1192215671893893 0.010979636261233702 0.15254278406274699 0.032003157828103701 0.38346000000000008 1.3080456718462319 0.062661000000000008 5.8706616322889689 -1.0000000180025095e-35
decision_type=2 2 2 2 2 2 2 2 2 2 2 2 2 2 2 2 2 2 2
left_child=2 3 4 -2 5 -1 10 8 9 -8 15 12 13 -12 -14 16 -6 -18 -9
right_child=1 -3 -4 -5 6 -7 7 18 -10 -11 11 -13 14 -15 -16 -17 17 -19 -20
leaf_value=1.3135674687276832e-05 4.2164613415707211e-06 1.6809977756054193e-05 -1.3246686507449744e-05 -8.4021106496428332e-06 -3.2083692417472776e-06 -1.6078347518005637e-06 -8.7719860382711492e-06 -9.7915694504990806e-06 5.9738811601689051e-06 3.0639107080787651e-06 -1.2730186546239251e-06 4.6724549633430407e-06 -5.1491793474919437e-07 2.817398681997929e-06 -5.5547151753541716e-06 8.1503513229108638e-06 -1.4807503744123094e-06 1.0420108269086498e-05 -2.7107009080802009e-06
leaf_weight=20 20 25 27 21 33 34 28 20 26 28 160 35 105 108 70 21 25 22 21
leaf_count=20 20 25 27 21 33 34 28 20 26 28 160 35 105 108 70 21 25 22 21
internal_value=-2.00408e-14 4.97173e-06 -4.19073e-07 -2.24671e-06 3.90558e-08 3.85272e-06 -2.54303e-07 -2.09156e-06 -5.49415e-08 -2.85404e-06 1.35994e-07 -3.73984e-07 -7.72687e-07 3.75358e-07 -2.53084e-06 2.54955e-06 1.07934e-06 4.08986e-06 -6.16478e-06
internal_weight=849 66 783 41 756 54 702 123 82 56 579 478 443 268 175 101 80 47 41
internal_count=849 66 783 41 756 54 702 123 82 56 579 478 443 268 175 101 80 47 41
is_linear=0
shrinkage=0.3


Tree=216
num_leaves=25
num_cat=0
split_feature=1 17 27 10 10 17 18 7 17 21 14 27 4 20 23 27 4 9 4 27 18 7 16 26
split_gain=2.71561e-08 1.62883e-08 3.74943e-08 7.93566e-09 4.3147e-08 1.37217e-08 1.56755e-08 1.35994e-08 8.50738e-09 1.15577e-08 7.401e-09 6.97149e-09 6.88067e-09 5.76316e-09 1.46038e-08 8.49435e-09 9.57276e-09 6.62091e-09 1.0701e-08 1.2797e-08 6.7914e-09 7.08088e-09 5.80821e-09 2.83961e-09
threshold=9.1223121638934508 0.0057252426376297504 0.83660500000000015 1.3799860263321755 1.3331808231361453 0.002296263797482895 0.17950107528563561 -1.0000000180025095e-35 0.0019860973963279978 0.39220450000000001 0.010704064751131701 0.83191150000000014 6607200.0000000009 0.46199950000000006 0.58571450000000003 0.77846300000000013 7259100.0000000009 0.017361825868943904 5399600.0000000009 0.8341805000000001 0.57848375842263355 0.0021740044495344364 0.0023160984672963149 0.50374250000000009
decision_type=2 2 2 2 2 2 2 2 2 2 2 2 2 2 2 2 2 2 2 2 2 2 2 2
left_child=1 3 -3 4 13 8 7 -7 9 10 11 -5 -11 17 -15 22 -17 20 -19 -20 21 -1 -16 -9
right_child=-2 2 -4 5 -6 6 -8 23 -10 12 -12 -13 -14 14 15 16 -18 18 19 -21 -22 -23 -24 -25
leaf_value=-8.722017796003456e-07 8.1823680955039886e-06 2.674732206742192e-06 -1.547503370375125e-05 -6.7276207524311921e-07 1.4305746175615753e-05 -7.3150856738009117e-06 -9.1225932446074388e-06 4.1999521044999709e-06 4.3559744971991819e-06 -8.3457046116564006e-07 1.7321961081506742e-06 -7.3963331023410966e-06 6.8538124222331211e-06 7.6958879397917097e-06 1.0706620059863781e-07 1.5502576668779964e-06 -5.1447985427060031e-06 -3.9682396873104148e-06 -8.8086900927304957e-07 6.8145016329497854e-06 2.2401885703372593e-06 -4.6261775880191847e-06 7.3371358439544563e-06 -5.7690131782806009e-07
leaf_weight=135 35 21 20 23 20 23 36 21 37 20 22 35 22 29 20 40 37 25 37 41 38 68 20 24
leaf_count=135 35 21 20 23 20 23 36 21 37 20 22 35 22 29 20 40 37 25 37 41 38 68 20 24
internal_value=1.82808e-14 -3.51822e-07 -6.17881e-06 -4.27575e-08 6.47507e-07 -1.38129e-06 -4.06064e-06 -1.38079e-06 3.71237e-07 -8.37249e-07 -2.95296e-06 -4.73009e-06 3.19268e-06 9.00282e-08 1.6693e-06 1.75528e-07 -1.66685e-06 -5.80243e-07 1.43297e-06 3.16413e-06 -1.44066e-06 -2.12969e-06 3.7221e-06 1.6523e-06
internal_weight=849 814 41 773 510 263 104 68 159 122 80 58 42 490 146 117 77 344 103 78 241 203 40 45
internal_count=849 814 41 773 510 263 104 68 159 122 80 58 42 490 146 117 77 344 103 78 241 203 40 45
is_linear=0
shrinkage=0.3


Tree=217
num_leaves=17
num_cat=0
split_feature=27 3 2 4 17 17 16 24 12 11 13 8 5 26 27 27
split_gain=1.92917e-08 4.67602e-08 1.48237e-08 7.62807e-08 4.67314e-09 7.97979e-09 2.01347e-08 1.47207e-08 6.75367e-09 7.20494e-09 1.17644e-08 9.38951e-09 6.13348e-09 5.73153e-09 6.85071e-09 4.63412e-09
threshold=0.54621100000000011 9.1223120689392108 8.824169084922957 8840200.0000000019 0.0045636565737204662 0.0033426428637760856 0.0010341542992574587 0.18333350000000004 -0.0024022221487192889 62.547476932261127 0.0073008975376458885 0.036748653454663383 -0.0023082040671604481 0.72908000000000006 0.83528400000000014 0.83528400000000014
decision_type=2 2 2 2 2 2 2 2 2 2 2 2 2 2 2 2
left_child=-1 2 4 -4 5 8 7 -7 -2 11 -11 -10 -6 14 -8 -14
right_child=1 -3 3 -5 12 6 13 -9 9 10 -12 -13 15 -15 -16 -17
leaf_value=-8.9796137168767534e-06 -3.7521428006519789e-06 1.1293238061295017e-05 8.0998670955523264e-06 -1.6986297868015755e-05 -2.1777377634303654e-06 -2.2540217222350679e-06 -9.1243516635586271e-07 -1.3626434060256543e-05 3.3160442464574069e-07 -7.6362187940048891e-06 4.1842599810091567e-07 3.8322546163899827e-06 6.2069108143107098e-06 -2.7679337727963214e-06 6.5820514253443557e-06 1.2928460294530781e-06
leaf_weight=21 35 33 20 24 23 21 23 20 348 24 51 86 31 29 21 39
leaf_count=21 35 33 20 24 23 21 23 20 348 24 51 86 31 29 21 39
internal_value=-1.08201e-14 2.27744e-07 -2.31579e-07 -5.5835e-06 8.19825e-08 -1.99359e-07 -2.48155e-06 -7.80154e-06 2.78893e-07 5.56076e-07 -2.15906e-06 1.02528e-06 2.07255e-06 5.06397e-07 2.66448e-06 3.46907e-06
internal_weight=849 828 795 44 751 658 114 41 544 509 75 434 93 73 44 70
internal_count=849 828 795 44 751 658 114 41 544 509 75 434 93 73 44 70
is_linear=0
shrinkage=0.3


Tree=218
num_leaves=24
num_cat=0
split_feature=3 1 12 21 15 15 20 8 12 11 14 18 10 21 21 26 24 17 5 5 5 17 17
split_gain=2.22221e-08 2.36948e-08 3.75203e-09 8.5308e-09 5.55943e-09 9.51151e-09 8.95318e-09 1.03259e-08 9.44249e-09 1.29474e-08 1.43636e-08 8.61942e-09 8.32863e-09 7.24728e-09 6.81244e-09 1.7297e-08 8.84852e-09 7.24846e-09 7.09334e-09 4.6586e-09 4.98486e-09 4.05541e-09 5.6823e-09
threshold=9.5874929428100604 9.0778132529673741 0.001387756800884639 0.33594250000000009 -0.0022509296463656633 -0.0015398943077981079 0.3277965000000001 0.020615995829009377 0.00018181946433358143 53.976334260450123 0.010095365259040761 0.038625412226549881 -0.037963788698483041 0.38519950000000008 0.41199650000000004 0.46088250000000003 0.22500000000000003 0.0011012955652971426 0.0039409221709286605 -0.0011294111739649738 0.0020801239225030394 0.0011123725402044534 0.0023391821383322215
decision_type=2 2 2 2 2 2 2 2 2 2 2 2 2 2 2 2 2 2 2 2 2 2 2
left_child=1 2 4 21 6 -6 8 12 9 10 -1 -9 -8 -11 16 17 18 -16 -7 -5 -21 -4 -23
right_child=-2 -3 3 19 5 14 7 11 -10 13 -12 -13 -14 -15 15 -17 -18 -19 -20 20 -22 22 -24
leaf_value=-6.8186803163967102e-06 -9.8814930152002478e-06 9.9523494523881798e-06 -4.648088019649777e-06 -2.5980904545328732e-07 -6.6366080523607709e-06 8.7133861913627017e-07 2.6617270317676509e-06 4.0347313271042921e-06 -5.4074718680041652e-06 7.7947532223073978e-07 3.6318082092634541e-06 -4.178446871937131e-06 1.0694411197878901e-05 8.7589846441460388e-06 3.0512437237203731e-06 -9.405550667906936e-06 5.0917464606077405e-06 -2.089307109078887e-06 -2.6979506623661107e-06 8.7008859406978444e-06 2.8495541809398242e-06 4.2298914138427783e-06 -2.0122494837794745e-06
leaf_weight=29 20 22 20 22 25 151 26 23 30 21 20 23 21 20 33 25 31 98 75 20 38 21 35
leaf_count=29 20 22 20 22 25 151 26 23 30 21 20 23 21 20 33 25 31 98 75 20 38 21 35
internal_value=2.1261e-14 2.38396e-07 -2.64211e-08 1.29501e-06 -3.43078e-07 -9.54441e-07 9.14089e-07 3.12346e-06 -7.98175e-07 7.38257e-07 -2.55317e-06 -7.18578e-08 6.2508e-06 4.67192e-06 -6.10484e-07 -2.17436e-06 3.38794e-07 -7.94359e-07 -3.1316e-07 3.45731e-06 4.86725e-06 -9.81089e-07 3.28553e-07
internal_weight=849 829 807 156 651 438 213 93 120 90 49 46 47 41 413 156 257 131 226 80 58 76 56
internal_count=849 829 807 156 651 438 213 93 120 90 49 46 47 41 413 156 257 131 226 80 58 76 56
is_linear=0
shrinkage=0.3


Tree=219
num_leaves=15
num_cat=0
split_feature=2 14 10 5 3 15 3 3 1 3 18 18 20 26
split_gain=1.28159e-08 2.37567e-08 2.46104e-08 5.90692e-08 4.33158e-08 1.32056e-08 4.02357e-09 1.0025e-08 9.35362e-09 7.43265e-09 7.37957e-09 1.5067e-08 1.23101e-08 5.46976e-09
threshold=9.506425428782844 0.018686448787350447 2.1181122167290751 -1.0000000180025095e-35 8.9621157646179217 0.0045871577314063839 6.9170784950256357 6.8814570903778085 6.9990074018691075 6.8164894580841073 -0.20987625466245299 -0.11074985737224473 0.14811850000000001 0.36226700000000006
decision_type=2 2 2 2 2 2 2 2 2 2 2 2 2 2
left_child=1 2 4 -4 6 -5 7 9 -8 13 12 -12 -10 -1
right_child=-2 -3 3 5 -6 -7 8 -9 10 -11 11 -13 -14 -15
leaf_value=3.1270931758451924e-06 -7.504202671952952e-06 8.4690486369254347e-06 -1.9264861161900623e-05 5.0569544214340559e-06 1.3831625710736262e-05 -4.3164059768001136e-06 -5.5844310047119037e-06 6.2861418586278105e-06 -2.5671848035195262e-06 -4.9671944463046786e-06 -9.061971976223049e-06 -4.8167645599270526e-07 3.3443897532446067e-06 -1.4844374180465426e-07
leaf_weight=65 20 30 20 24 21 31 31 28 46 22 20 233 102 156
leaf_count=65 20 30 20 24 21 31 31 28 46 22 20 233 102 156
internal_value=1.0687e-14 1.81042e-07 -1.30147e-07 -5.30319e-06 4.05734e-07 -2.26212e-07 4.6762e-09 9.1084e-07 -5.63774e-07 2.91463e-07 -1.75643e-07 -1.15996e-06 1.50701e-06 8.14949e-07
internal_weight=849 829 799 75 724 55 703 271 432 243 401 253 148 221
internal_count=849 829 799 75 724 55 703 271 432 243 401 253 148 221
is_linear=0
shrinkage=0.3


Tree=220
num_leaves=14
num_cat=0
split_feature=16 3 1 17 16 27 17 4 4 28 18 21 2
split_gain=1.46321e-08 4.43468e-08 1.96194e-08 3.62634e-09 5.90506e-09 6.8647e-09 5.12881e-09 4.15718e-09 1.36451e-08 7.94065e-09 1.05408e-08 6.64361e-09 5.71884e-09
threshold=0.0076409675439557791 9.1223120689392108 9.0066147404763317 0.0045636565737204662 0.0012026772527144907 0.82135000000000014 0.0040120364025957519 8576900.0000000019 8969000.0000000019 1.0000000180025095e-35 0.12059444308874648 0.13321500000000003 6.6947017705912808
decision_type=2 2 2 2 2 2 2 2 2 2 2 2 2
left_child=1 2 3 6 5 -5 7 9 -9 10 -1 -11 -10
right_child=-2 -3 -4 4 -6 -7 -8 8 12 11 -12 -13 -14
leaf_value=-4.9052928774317291e-06 -7.0070306450658722e-06 1.1543501765345354e-05 -9.4838551416387414e-06 7.9733188548353993e-06 -1.3382562589386532e-06 1.1822883719388129e-06 -4.0409502378224713e-06 -7.518980053716334e-06 -3.9221440868431046e-06 -9.5038443384964912e-07 3.3177144138107902e-06 1.9445350599527452e-06 4.3585005962169961e-07
leaf_weight=47 26 30 20 21 34 37 30 26 32 100 20 249 177
leaf_count=47 26 30 20 21 34 37 30 26 32 100 20 249 177
internal_value=-2.69868e-14 2.21364e-07 -2.06964e-07 3.30593e-08 1.80091e-06 3.64111e-06 -2.05769e-07 -2.90328e-08 -1.03769e-06 5.4076e-07 -2.45066e-06 1.11505e-06 -2.31403e-07
internal_weight=849 823 793 773 92 58 681 651 235 416 67 349 209
internal_count=849 823 793 773 92 58 681 651 235 416 67 349 209
is_linear=0
shrinkage=0.3


Tree=221
num_leaves=19
num_cat=0
split_feature=1 3 16 12 22 26 18 19 9 12 0 19 19 14 14 17 13 4
split_gain=1.51609e-08 9.54837e-09 3.5464e-09 3.69416e-09 6.70266e-09 8.85315e-09 7.29512e-09 6.86687e-09 8.29578e-09 1.09769e-08 8.54196e-09 6.70699e-09 5.66764e-09 7.8149e-09 9.07426e-09 5.90299e-09 4.72816e-09 4.5645e-09
threshold=9.1045129325491825 8.8953676223754901 0.0076409675439557791 0.00058985963661895761 0.38139000000000006 0.44078400000000006 0.47658900405287569 -0.010394999999999998 0.014025483030432924 -0.00028296718415783017 7.0098650481968674 -0.098188499999999998 0.33269850000000006 0.0048455452421256422 0.0065680878396224759 0.0011506646364047794 0.0076550032421027992 8252350.0000000009
decision_type=2 2 2 2 2 2 2 2 2 2 2 2 2 2 2 2 2 2
left_child=1 2 3 4 7 -6 11 -1 10 -10 -9 -7 13 -5 -15 -14 -16 -17
right_child=-2 -3 -4 12 5 6 -8 8 9 -11 -12 -13 15 14 16 17 -18 -19
leaf_value=-5.3169052663244137e-06 -5.8566326348035975e-06 5.8213321835864916e-06 4.0269515670843246e-06 4.6821948924641922e-06 6.5610375558704114e-06 2.7054754001631446e-07 -3.7643305331200468e-06 -2.0186103782293687e-06 -6.8241268984420025e-07 -6.0969414914532768e-06 3.540804825577458e-06 6.2228941321507131e-06 6.5088041784479499e-06 -6.3478311534728835e-06 3.8235072501606734e-06 3.3280348930020409e-06 -7.5486823792263947e-07 -2.4493290919735955e-06
leaf_weight=35 38 27 20 27 22 115 34 42 126 46 61 20 28 23 25 32 108 20
leaf_count=35 38 27 20 27 22 115 34 42 126 46 61 20 28 23 25 32 108 20
internal_value=-3.12036e-14 2.74417e-07 8.33878e-08 -1.98468e-08 -4.97807e-07 9.00138e-07 1.63217e-07 -1.35912e-06 -8.55403e-07 -2.13048e-06 1.27386e-06 1.15238e-06 8.90639e-07 -3.01582e-08 -8.45758e-07 2.99696e-06 1.05729e-07 1.10597e-06
internal_weight=849 811 784 764 501 191 169 310 275 172 103 135 263 183 156 80 133 52
internal_count=849 811 784 764 501 191 169 310 275 172 103 135 263 183 156 80 133 52
is_linear=0
shrinkage=0.3


Tree=222
num_leaves=22
num_cat=0
split_feature=15 0 1 27 8 7 7 6 12 18 7 7 17 1 17 18 18 18 7 5 13
split_gain=1.43883e-08 1.85356e-07 9.16041e-08 1.2759e-08 7.88284e-09 7.78368e-09 1.03351e-08 8.73016e-09 9.43747e-09 7.23254e-09 6.72349e-09 6.70007e-09 1.25242e-08 7.56996e-09 5.0486e-09 4.53842e-09 7.3724e-09 1.29498e-08 7.48609e-09 9.40645e-09 4.36077e-09
threshold=-0.0015398943077981079 9.0778130543897717 9.0600135339906007 0.63267350000000011 -0.012412590481336137 -0.0012011553227211597 -0.0011129591218787865 0.0057208685602864774 0.00094022719645681845 0.19547952040621505 -0.0048221121324646477 -0.0033632576678814517 0.0022234030598821146 6.9856934096024537 0.001232956304663528 -0.62787128828216265 -0.38532912214384046 -0.18486135867304013 -0.0022895857430532576 -0.0025001503919726848 0.0081265479636823384
decision_type=2 2 2 2 2 2 2 2 2 2 2 2 2 2 2 2 2 2 2 2 2
left_child=2 3 10 -2 -5 11 -7 9 -9 -8 -1 13 -13 14 -6 -12 -17 -18 -19 -20 -15
right_child=1 -3 -4 4 5 6 7 8 -10 -11 15 12 -14 20 -16 16 17 18 19 -21 -22
leaf_value=-3.8209221205676153e-06 5.9013862501057121e-06 -2.8546690256397207e-05 2.1295299699204403e-05 5.0031591395054414e-06 -6.2783735772468797e-06 -7.9106814632723394e-06 -1.4331770014244035e-06 -9.601403160104383e-06 -3.852657721381547e-07 1.852686247706228e-06 4.6335919919329173e-06 -5.1075589427595194e-07 8.8935101348397436e-06 -1.4649650034925797e-06 7.84121406413958e-08 -4.3748638556341855e-06 7.2334791209545281e-06 4.237146218920609e-06 9.8819384818097308e-07 -4.1974955247496829e-06 3.983595743543097e-06
leaf_weight=32 33 21 20 25 22 20 165 20 20 95 25 26 25 20 23 26 26 31 85 50 39
leaf_count=32 33 21 20 25 22 20 165 20 20 95 25 26 25 20 23 26 26 31 85 50 39
internal_value=2.44924e-14 -9.01216e-07 1.69245e-06 1.88006e-07 -1.89077e-07 -4.62353e-07 -1.30755e-06 -8.67341e-07 -4.99333e-06 -2.32573e-07 2.66791e-07 1.28257e-06 4.09918e-06 -9.8652e-08 -3.02935e-06 8.05091e-07 3.66042e-07 1.00804e-06 3.29713e-08 -9.32432e-07 2.13663e-06
internal_weight=849 554 295 533 500 475 320 300 40 260 275 155 51 104 45 243 218 192 166 135 59
internal_count=849 554 295 533 500 475 320 300 40 260 275 155 51 104 45 243 218 192 166 135 59
is_linear=0
shrinkage=0.3


Tree=223
num_leaves=13
num_cat=0
split_feature=27 3 3 17 19 21 0 22 0 15 14 13
split_gain=1.65124e-08 5.45747e-08 3.24606e-08 1.34902e-08 1.00517e-08 2.27072e-08 4.46969e-09 3.94815e-09 3.74193e-09 3.8128e-09 5.5427e-09 2.291e-09
threshold=0.62110700000000019 9.1223120689392108 7.0162670612335214 0.0057604213341483955 -0.67337949999999991 0.079504000000000005 6.9092755800552936 0.6277545000000001 8.8909174672566404 -0.0080506813230492597 0.0092753565904205165 0.0081392032436398854
decision_type=2 2 2 2 2 2 2 2 2 2 2 2
left_child=2 3 -1 4 5 6 -2 8 9 -6 -11 -8
right_child=1 -3 -4 -5 7 -7 11 -9 -10 10 -12 -13
leaf_value=8.8713386889871507e-07 3.5292008938679074e-06 1.2478972091400918e-05 -1.4292204103380105e-05 -5.677095650394461e-06 -3.1048776975239886e-06 1.0770058165235241e-05 4.8739134890431815e-07 -3.4961690992283613e-06 -3.7965499643632937e-06 -3.4920630717644113e-07 1.8354342335580073e-06 -3.8933479166709215e-06
leaf_weight=32 23 32 21 38 33 25 22 33 24 404 141 21
leaf_count=32 23 32 21 38 33 25 22 33 24 404 141 21
internal_value=-1.96065e-14 3.41392e-07 -5.12732e-06 -1.66988e-07 1.21419e-07 3.07017e-06 1.53544e-07 -3.01157e-07 -1.26015e-07 2.63943e-08 2.15994e-07 -1.65204e-06
internal_weight=849 796 53 764 726 91 66 635 602 578 545 43
internal_count=849 796 53 764 726 91 66 635 602 578 545 43
is_linear=0
shrinkage=0.3


Tree=224
num_leaves=14
num_cat=0
split_feature=2 14 10 0 0 8 17 14 10 17 4 17 15
split_gain=1.4482e-08 1.41419e-08 1.84598e-08 4.83337e-08 2.89111e-08 1.11662e-08 3.80862e-09 8.46314e-09 4.91367e-09 4.94914e-09 1.18315e-08 6.32423e-09 4.9487e-09
threshold=9.506425428782844 0.018686448787350447 2.1181122167290751 8.1494072013565901 8.9621154342592764 0.032663140007528312 0.0050000990749189478 0.0099271847228374413 1.744449721804129 0.0034265839365100908 5169050.0000000009 0.0023296432550127576 0.0010427181409725609
decision_type=2 2 2 2 2 2 2 2 2 2 2 2 2
left_child=1 2 4 5 6 -4 8 -8 9 11 -11 -1 -10
right_child=-2 -3 3 -5 -6 -7 7 -9 12 10 -12 -13 -14
leaf_value=1.2416755887311475e-07 -7.9770760748942852e-06 6.5870029231973599e-06 4.1120731942822296e-06 -1.7157257214535094e-05 1.1385097712133886e-05 -4.4498351266716225e-06 7.0076269149152179e-06 -9.1906394269850951e-07 -5.7882515696187162e-06 -6.7340840564611419e-06 3.1519410458713541e-07 3.1887175348113575e-06 -4.1696646708020894e-07
leaf_weight=414 20 30 29 20 21 26 22 27 26 30 75 71 38
leaf_count=414 20 30 29 20 21 26 22 27 26 30 75 71 38
internal_value=3.86505e-14 1.92451e-07 -4.76452e-08 -4.52788e-06 4.16467e-07 6.46256e-08 8.88124e-08 2.63986e-06 -1.02321e-07 1.68511e-07 -1.69889e-06 5.72792e-07 -2.59905e-06
internal_weight=849 829 799 75 724 55 703 49 654 590 105 485 64
internal_count=849 829 799 75 724 55 703 49 654 590 105 485 64
is_linear=0
shrinkage=0.3


Tree=225
num_leaves=13
num_cat=0
split_feature=16 3 1 17 14 4 20 15 6 17 5 17
split_gain=1.36824e-08 3.44815e-08 1.56764e-08 4.43187e-09 4.30053e-09 3.96458e-09 5.23831e-09 5.11419e-09 8.80502e-09 6.63748e-09 3.668e-09 3.65596e-09
threshold=0.0076409675439557791 9.1223120689392108 9.0066147404763317 0.0058105993611912181 0.016685184422120858 12343750.000000002 0.15142400000000003 0.0010929224832264995 -0.0048221121324646477 0.0044593102006429209 0.0020089707702719726 0.0019860973963279978
decision_type=2 2 2 2 2 2 2 2 2 2 2 2
left_child=1 2 3 4 5 7 10 8 -1 -9 -7 -8
right_child=-2 -3 -4 -5 -6 6 11 9 -10 -11 -12 -13
leaf_value=5.1475383190532649e-06 -6.7758277905428395e-06 1.0197727006016066e-05 -8.4560692766899585e-06 3.4525251945441679e-06 -3.6190909906963495e-06 -3.4825976823330247e-06 1.4047402518454791e-06 -8.2135722610308744e-07 5.8385521168024376e-09 -6.3971612819711614e-06 2.1309094819343953e-06 6.0654356386992607e-06
leaf_weight=33 26 30 20 33 30 22 33 226 327 21 20 28
leaf_count=33 26 30 20 33 30 22 33 226 327 21 20 28
internal_value=2.55168e-14 2.1406e-07 -1.63632e-07 5.09199e-08 -1.00773e-07 4.78881e-08 1.76883e-06 -2.44134e-07 4.77161e-07 -1.29541e-06 -8.09499e-07 3.54408e-06
internal_weight=849 823 793 773 740 710 103 607 360 247 42 61
internal_count=849 823 793 773 740 710 103 607 360 247 42 61
is_linear=0
shrinkage=0.3


Tree=226
num_leaves=12
num_cat=0
split_feature=13 3 0 16 7 10 5 0 14 5 10
split_gain=1.65316e-08 2.3336e-08 1.04745e-08 3.93643e-09 4.32392e-09 8.81981e-09 8.75385e-09 8.66455e-09 4.29458e-09 3.2631e-09 4.08366e-09
threshold=0.01165387294667194 9.1223120689392108 8.9621154342592764 0.0076409675439557791 0.004914427406184421 0.67942567704640633 -0.0022752275273651822 6.9695774061835385 0.016685184422120858 0.010263095583544522 0.58637937005583229
decision_type=2 2 2 2 2 2 2 2 2 2 2
left_child=1 2 3 4 8 -6 -7 -8 9 10 -1
right_child=-2 -3 -4 -5 5 6 7 -9 -10 -11 -12
leaf_value=-1.294892040288251e-06 -6.582839854342058e-06 9.2903922268305899e-06 -6.4733368958513893e-06 4.319356742996661e-06 5.8658880364119302e-06 -4.6471552632283416e-06 -2.479480818898047e-06 4.3996004251312117e-06 -4.5986554732735386e-06 3.4561298393369228e-06 3.5185338035502846e-07
leaf_weight=217 33 25 22 20 33 25 26 45 20 22 361
leaf_count=217 33 25 22 20 33 25 26 45 20 22 361
internal_value=-4.06742e-16 2.66218e-07 -1.89963e-08 1.65653e-07 5.47399e-08 1.63497e-06 1.8059e-07 1.8805e-06 -2.7405e-07 -1.29896e-07 -2.66388e-07
internal_weight=849 816 791 769 749 129 96 71 620 600 578
internal_count=849 816 791 769 749 129 96 71 620 600 578
is_linear=0
shrinkage=0.3


Tree=227
num_leaves=14
num_cat=0
split_feature=1 2 13 16 11 11 21 11 25 17 27 13 27
split_gain=2.04345e-08 8.76591e-09 3.23088e-09 3.63035e-09 2.81351e-09 6.51149e-09 6.21534e-09 6.31741e-09 5.30542e-09 4.87187e-09 4.79366e-09 7.4472e-09 4.89062e-09
threshold=9.1045129325491825 8.8909175852540354 0.0060958121589182483 0.0074673263045480298 58.20501450863015 57.527026043772189 0.032920500000000012 60.962598054669861 1.0000000180025095e-35 0.0010235255769906 0.86384500000000009 0.010537706127617905 0.56690950000000007
decision_type=2 2 2 2 2 2 2 2 2 2 2 2 2
left_child=1 2 -1 4 5 10 -6 8 -8 -9 12 -12 -4
right_child=-2 -3 3 -5 6 -7 7 9 -10 -11 11 -13 -14
leaf_value=-3.6066424104319591e-06 -6.7993574858567293e-06 6.3680025781260543e-06 3.7283097104331576e-06 4.2445734572993386e-06 -3.7488577339155944e-06 -4.2452374573793558e-06 7.3779791416829813e-06 -2.4803730654541041e-06 1.6478636045359383e-06 1.5180004106573953e-06 5.3330266894136e-07 6.2955357362704451e-06 -1.0167000566256377e-06
leaf_weight=20 38 21 21 20 22 34 26 37 33 106 165 23 283
leaf_count=20 38 21 21 20 22 34 26 37 33 106 165 23 283
internal_value=-7.22814e-15 3.18589e-07 1.57782e-07 2.55559e-07 1.49185e-07 -2.29995e-07 1.03958e-06 1.5611e-06 4.173e-06 4.83456e-07 4.7481e-08 1.23826e-06 -6.8892e-07
internal_weight=849 811 790 770 750 526 224 202 59 143 492 188 304
internal_count=849 811 790 770 750 526 224 202 59 143 492 188 304
is_linear=0
shrinkage=0.3


Tree=228
num_leaves=15
num_cat=0
split_feature=16 6 11 1 3 17 14 21 24 27 27 6 8 8
split_gain=1.31819e-08 2.2791e-08 6.36832e-08 4.06816e-08 1.07258e-08 2.88073e-09 3.74931e-09 3.38673e-09 3.1968e-09 1.344e-08 1.18283e-08 6.6683e-09 9.75268e-09 7.39377e-09
threshold=0.0076409675439557791 0.0093546949244803865 57.815724003447379 9.1045129325491825 8.9265170097351092 0.0045636565737204662 0.0099271847228374413 0.31900350000000005 0.22500000000000003 0.74093950000000008 0.80340000000000011 -0.0033956210307017035 0.026689108484505952 0.019820784434390882
decision_type=2 2 2 2 2 2 2 2 2 2 2 2 2 2
left_child=1 3 -3 4 5 8 7 -7 11 -10 -11 12 -1 -13
right_child=-2 2 -4 -5 -6 6 -8 -9 9 10 -12 13 -14 -15
leaf_value=-4.5987820091871369e-06 -6.6507291797699095e-06 -2.0108187413825362e-06 1.956887487807535e-05 -1.1222789842200841e-05 6.9142423918882351e-06 6.526009128720033e-06 -4.6356455995303729e-07 1.0712053697911221e-06 -6.9060811212341744e-06 5.7753877407243138e-06 -1.1697897216587946e-06 2.6974258445782884e-06 1.4565514507382411e-06 -1.7546692545952176e-07
leaf_weight=54 26 32 20 29 21 20 36 21 31 26 146 129 43 215
leaf_count=54 26 32 20 29 21 20 36 21 31 26 146 129 43 215
internal_value=-1.04221e-14 2.10108e-07 6.28906e-06 -1.99886e-07 2.30928e-07 3.62683e-08 1.77048e-06 3.73209e-06 -1.71083e-07 -1.15624e-06 -1.19937e-07 2.82404e-07 -1.91446e-06 9.01868e-07
internal_weight=849 823 52 771 742 721 77 41 644 203 172 441 97 344
internal_count=849 823 52 771 742 721 77 41 644 203 172 441 97 344
is_linear=0
shrinkage=0.3


Tree=229
num_leaves=17
num_cat=0
split_feature=6 29 0 0 10 0 13 8 21 14 16 21 27 5 14 4
split_gain=1.42377e-08 1.96885e-08 4.94484e-08 3.5996e-08 9.17329e-09 3.51414e-08 7.2285e-09 8.60086e-09 7.35965e-09 6.73335e-09 5.71817e-09 5.41919e-09 5.1016e-09 3.76835e-09 2.9024e-09 2.64601e-09
threshold=0.015017487699936464 4.5000000000000009 7.6232282566870859 9.0778135336731953 2.0417950947693959 8.007191689316759 0.0073008975376458885 0.042624235139526755 0.24176350000000005 0.0036122824128617284 0.0056560833123309017 0.43178200000000005 0.84290200000000015 0.0035609208326606188 0.011187036589981178 8840200.0000000019
decision_type=2 2 2 2 2 2 2 2 2 2 2 2 2 2 2 2
left_child=1 3 -3 4 6 13 7 12 -9 -8 11 -11 -1 -6 -12 -14
right_child=-2 2 -4 -5 5 -7 9 8 -10 10 14 -13 15 -15 -16 -17
leaf_value=-2.9692141386779742e-06 -7.714224611683156e-06 -1.3895192971765079e-06 1.7125731398794285e-05 -1.0382648924860405e-05 2.2409518418374898e-06 1.4117681209881995e-05 5.5994954160658905e-06 -1.5351589081546991e-06 -9.4866430448415812e-06 -9.0577228778365712e-07 5.3031223059305267e-06 1.2150984668722643e-06 4.2768933415767862e-06 -2.9658594534964778e-06 6.0062350907433673e-07 -5.4463380877223239e-07
leaf_weight=36 21 34 21 30 22 20 21 20 22 320 27 164 21 29 21 20
leaf_count=36 21 34 21 30 22 20 21 20 22 320 27 164 21 29 21 20
internal_value=2.97599e-14 1.95651e-07 5.67994e-06 -1.94564e-07 2.16799e-07 3.45978e-06 -1.25838e-07 -2.24688e-06 -5.70022e-06 3.30589e-07 1.22606e-07 -1.8713e-07 -3.63242e-07 -7.19784e-07 3.24578e-06 1.92493e-06
internal_weight=849 828 55 773 743 71 672 119 42 553 532 484 77 51 48 41
internal_count=849 828 55 773 743 71 672 119 42 553 532 484 77 51 48 41
is_linear=0
shrinkage=0.3


Tree=230
num_leaves=11
num_cat=0
split_feature=6 17 17 0 3 13 19 9 16 14
split_gain=1.22751e-08 2.46692e-08 3.33334e-08 6.82169e-08 4.34747e-08 3.89317e-09 4.68956e-09 5.11323e-09 3.95108e-09 3.93259e-09
threshold=-0.0098496908512177364 0.005841175703354534 0.0053394165879238464 9.1223123485796087 8.9621157646179217 0.0072723279151288654 0.49822250000000007 0.014422156222872134 0.0072595875718427967 0.0036122824128617284
decision_type=2 2 2 2 2 2 2 2 2 2
left_child=-1 2 3 4 5 6 7 -2 9 -7
right_child=1 -3 -4 -5 -6 8 -8 -9 -10 -11
leaf_value=5.5849429080179849e-06 -1.0763758003501527e-06 -8.0247029659728598e-06 1.2206064130850791e-05 -1.7490165892013465e-05 1.372059109598922e-05 3.9956918313195765e-06 1.8211366842500597e-06 -5.5209029451010764e-06 4.3550029920425004e-06 -9.6165894151549006e-08
leaf_weight=34 74 35 20 20 21 22 29 34 20 540
leaf_count=34 74 35 20 20 21 22 29 34 20 540
internal_value=-1.8106e-14 -2.32992e-07 1.16637e-07 -2.01506e-07 2.65755e-07 -1.27224e-07 -1.56606e-06 -2.47558e-06 2.1147e-07 6.40136e-08
internal_weight=849 815 780 760 740 719 137 108 582 562
internal_count=849 815 780 760 740 719 137 108 582 562
is_linear=0
shrinkage=0.3


Tree=231
num_leaves=17
num_cat=0
split_feature=1 3 17 17 12 12 7 3 7 1 29 17 15 26 21 17
split_gain=2.48414e-08 2.43186e-08 3.36147e-09 2.91729e-09 8.93294e-09 6.27717e-09 6.50877e-09 8.77261e-09 1.21572e-08 5.35259e-09 3.73263e-09 7.43819e-09 7.42833e-09 1.19789e-08 5.88384e-09 4.69086e-09
threshold=9.1223121638934508 8.9621157646179217 0.005841175703354534 0.00099557278455141419 -0.0023729980406295972 -0.0023729980406295972 -0.0012309439875471059 6.5499868392944345 0.0033557012365909096 7.0068098575206426 1.5000000000000002 0.00114353713916178 0.0011229371397511532 0.46881350000000005 0.58975050000000007 0.0022309496536327043
decision_type=2 2 2 2 2 2 2 2 2 2 2 2 2 2 2 2
left_child=1 2 3 5 -5 -1 9 -8 -9 -7 11 -6 14 -14 -12 -13
right_child=-2 -3 -4 4 10 6 7 8 -10 -11 12 15 13 -15 -16 -17
leaf_value=-3.9348778722631481e-06 7.8258863524232373e-06 -1.0412887318774925e-05 2.8944877392043298e-06 4.6903320017983262e-06 -3.6790429090304216e-06 -3.7950548385050486e-06 7.517694673708774e-06 3.5879834005582186e-06 -4.5628532356050999e-06 1.9826398850379217e-06 -9.8790333778749313e-07 3.2213495645448478e-06 -7.3739185058816134e-06 -8.7892616704721141e-07 4.0882668599806495e-06 -7.0633641602313446e-08
leaf_weight=22 35 21 33 28 38 31 27 58 23 27 193 56 43 63 23 128
leaf_count=22 35 21 33 28 38 31 27 58 23 27 193 56 43 63 23 128
internal_value=1.24471e-15 -3.36494e-07 -6.96537e-08 -1.9836e-07 -5.35325e-07 8.26875e-07 1.45795e-06 2.83458e-06 1.27355e-06 -1.10544e-06 -8.04293e-07 1.42121e-07 -1.45679e-06 -3.51369e-06 -4.47385e-07 9.31274e-07
internal_weight=849 814 793 760 572 188 166 108 81 58 544 222 322 106 216 184
internal_count=849 814 793 760 572 188 166 108 81 58 544 222 322 106 216 184
is_linear=0
shrinkage=0.3


Tree=232
num_leaves=12
num_cat=0
split_feature=1 2 26 26 27 10 7 7 10 17 22
split_gain=1.21723e-08 1.27999e-08 2.43743e-09 5.67519e-09 4.76226e-09 2.78978e-09 5.11189e-09 8.29224e-09 4.41171e-09 4.26882e-09 3.18967e-09
threshold=9.1223121638934508 8.9087176275375395 0.94382700000000008 0.92010300000000012 0.93289000000000011 -0.41250342251023009 0.001250068520894978 -0.0023082040671604481 -0.10092284000317217 0.0010922725919862569 0.082042000000000018
decision_type=2 2 2 2 2 2 2 2 2 2 2
left_child=1 2 3 4 5 6 7 -1 10 -10 -7
right_child=-2 -3 -4 -5 -6 8 -8 -9 9 -11 -12
leaf_value=-4.4809762770510926e-07 5.4781202496607359e-06 -7.5459036306061265e-06 3.2278779800387626e-06 -4.2438246776422098e-06 3.305465211748302e-06 -7.2753446634773604e-07 -2.3823855826776707e-06 6.1356542692630516e-06 1.2305770368541472e-06 -6.4136432587479126e-07 -5.9563066867797581e-06
leaf_weight=36 35 21 20 29 38 21 24 33 148 423 21
leaf_count=36 35 21 20 29 38 21 24 33 148 423 21
internal_value=4.93371e-15 -2.35546e-07 -4.19549e-08 -1.26556e-07 3.39289e-08 -1.42159e-07 1.3889e-06 2.70065e-06 -3.74441e-07 -1.56168e-07 -3.34192e-06
internal_weight=849 814 793 773 744 706 93 69 613 571 42
internal_count=849 814 793 773 744 706 93 69 613 571 42
is_linear=0
shrinkage=0.3


Tree=233
num_leaves=16
num_cat=0
split_feature=9 1 19 10 17 3 15 19 19 19 9 21 19 13 13
split_gain=1.21255e-08 4.63467e-08 1.85231e-08 1.26522e-08 4.0361e-08 2.77276e-08 8.35929e-09 2.7568e-09 7.01103e-09 7.30297e-09 6.08118e-09 9.2008e-09 5.98805e-09 5.5614e-09 5.6137e-09
threshold=0.034772948534358222 9.5228045950140103 0.19041750000000002 2.1181122167290751 0.0037987155194103609 8.9621157646179217 0.0045871577314063839 0.25228100000000003 0.16423950000000004 0.11503800000000002 0.017049295101599225 0.17440400000000003 0.070725500000000011 0.0097428607330481542 0.008863232603429921
decision_type=2 2 2 2 2 2 2 2 2 2 2 2 2 2 2
left_child=1 3 -2 5 6 7 -5 8 9 12 13 -12 -1 14 -9
right_child=2 -3 -4 4 -6 -7 -8 10 -10 -11 11 -13 -14 -15 -16
leaf_value=8.9602635150162025e-08 -9.4458052287869759e-06 1.3555244961184065e-05 2.2533554767635775e-06 4.7976106161513597e-06 -1.39783460104681e-05 1.103888647812872e-05 -2.5238602919586127e-06 -1.0072589626551044e-07 4.6110038821015303e-06 -4.7029777318938505e-06 5.2691402226462911e-07 -6.2793834733663689e-06 4.8906284237091314e-06 -3.2848579404675215e-06 4.5188554945951861e-06
leaf_weight=361 29 23 21 25 24 21 32 91 33 27 33 39 25 33 32
leaf_count=361 29 23 21 25 24 21 32 91 33 27 33 39 25 33 32
internal_value=1.2604e-15 2.83614e-07 -4.53216e-06 -1.09746e-07 -3.65807e-06 3.038e-07 6.87311e-07 -3.06763e-08 4.03128e-07 6.69052e-08 -8.79258e-07 -3.15983e-06 4.0055e-07 1.73314e-07 1.10112e-06
internal_weight=849 799 50 776 81 695 57 674 446 413 228 72 386 156 123
internal_count=849 799 50 776 81 695 57 674 446 413 228 72 386 156 123
is_linear=0
shrinkage=0.3


Tree=234
num_leaves=15
num_cat=0
split_feature=8 0 17 18 4 2 8 8 5 17 12 13 11 6
split_gain=1.02064e-08 5.63973e-08 4.3623e-08 1.21138e-08 1.09817e-08 3.26045e-08 2.86488e-08 3.62849e-09 8.26249e-09 9.33553e-09 3.37013e-09 3.38973e-09 7.52538e-09 6.32135e-09
threshold=0.094922541807613045 9.1223123485796087 0.0033388696057927891 0.063484239934710765 14825600.000000002 8.9443160552776053 0.040747430387024809 0.052800649183339744 0.0036144786274331436 0.0019860973963279978 0.0028504753225369285 0.0083231161343808209 56.397093764174507 0.0033058873265089991
decision_type=2 2 2 2 2 2 2 2 2 2 2 2 2 2
left_child=1 4 3 -2 5 7 -6 10 9 -9 11 13 -13 -1
right_child=2 -3 -4 -5 6 -7 -8 8 -10 -11 -12 12 -14 -15
leaf_value=-4.0811222606264078e-07 2.2309988910661637e-06 -1.4946328677900095e-05 1.2921058173750074e-05 -7.8642407282814025e-06 1.3791086137378744e-06 1.2401029234752057e-05 -1.2362126215686492e-05 -1.622952731444067e-07 -2.7480285837100383e-06 7.3385866871999989e-06 3.1898214055777667e-06 -2.2694269550399961e-07 4.2278312273418509e-06 -4.5280182406671416e-06
leaf_weight=152 23 23 27 20 36 20 22 28 24 32 26 335 38 43
leaf_count=152 23 23 27 20 36 20 22 28 24 32 26 335 38 43
internal_value=8.11098e-15 -3.11806e-07 3.46995e-06 -2.46446e-06 1.33424e-07 4.6302e-07 -3.83308e-06 1.10866e-07 1.9564e-06 3.83818e-06 -1.50119e-07 -3.03004e-07 2.26895e-07 -1.3166e-06
internal_weight=849 779 70 43 756 698 58 678 84 60 594 568 373 195
internal_count=849 779 70 43 756 698 58 678 84 60 594 568 373 195
is_linear=0
shrinkage=0.3


Tree=235
num_leaves=10
num_cat=0
split_feature=16 3 3 14 19 4 1 7 5
split_gain=1.04033e-08 3.32617e-08 2.13392e-08 2.08898e-09 3.29252e-09 3.69452e-09 2.16059e-09 4.46149e-09 2.84172e-09
threshold=0.0076409675439557791 9.1223120689392108 8.9621157646179217 0.0033021783908516564 0.87127750000000015 17979400.000000004 7.0122381085915029 -0.0021223303003114792 0.001161375995286289
decision_type=2 2 2 2 2 2 2 2 2
left_child=1 2 3 -1 5 6 8 -8 -5
right_child=-2 -3 -4 4 -6 -7 7 -9 -10
leaf_value=-2.9600574433175096e-06 -5.9083529729028102e-06 9.9921467153762933e-06 -9.8592499183425278e-06 -1.1278082052044168e-06 -2.8810410889667352e-06 3.5937966052987859e-06 2.3371250946627916e-06 -1.1072438153065774e-08 6.6971771962025324e-07
leaf_weight=20 26 30 20 200 31 29 101 261 131
leaf_count=20 26 30 20 200 31 29 101 261 131
internal_value=1.55014e-14 1.86655e-07 -1.84297e-07 6.60256e-08 1.464e-07 2.76387e-07 1.37563e-07 6.44088e-07 -4.16401e-07
internal_weight=849 823 793 773 753 722 693 362 331
internal_count=849 823 793 773 753 722 693 362 331
is_linear=0
shrinkage=0.3


Tree=236
num_leaves=16
num_cat=0
split_feature=2 14 0 12 29 6 13 0 6 29 26 10 12 15 1
split_gain=1.10019e-08 1.3028e-08 1.24887e-08 1.95325e-09 3.15261e-09 9.02634e-09 4.62289e-09 7.58278e-09 4.04295e-09 5.20989e-09 7.12468e-09 4.08372e-09 6.53253e-09 5.8281e-09 3.72667e-09
threshold=9.506425428782844 0.018686448787350447 8.971015839854255 -0.00302996735304864 3.5000000000000004 0.0046430398607449725 0.008254158681416204 6.953464122714399 0.0036144786274331436 1.5000000000000002 0.46088250000000003 1.5341339958126412 0.00024488550904871472 -0.0022509296463656633 7.0083369689546577
decision_type=2 2 2 2 2 2 2 2 2 2 2 2 2 2 2
left_child=1 2 3 -1 8 6 -6 -8 11 14 -11 13 -13 -5 -10
right_child=-2 -3 -4 4 5 -7 7 -9 9 10 -12 12 -14 -15 -16
leaf_value=3.0127628568672145e-06 -6.952864096092525e-06 6.3053054657302714e-06 -6.404800423196219e-06 1.9035433664706082e-06 -5.1555396523256667e-06 3.6664143242258148e-06 -3.4743095142175658e-06 3.6289884454682968e-06 -1.7312170377763505e-06 1.4436551316521218e-06 -5.4911553367276147e-06 6.524011931875206e-06 1.0899162763213525e-06 -5.7891485733273802e-07 2.3330455928771697e-06
leaf_weight=21 20 30 27 131 39 26 38 21 37 20 40 26 85 243 45
leaf_count=21 20 30 27 131 39 26 38 21 37 20 40 26 85 243 45
internal_value=-1.50068e-14 1.67741e-07 -6.27058e-08 1.59103e-07 7.93072e-08 -1.30286e-06 -2.62124e-06 -9.46017e-07 3.52654e-07 -1.05522e-06 -3.17955e-06 7.64856e-07 2.36277e-06 2.90609e-07 4.99171e-07
internal_weight=849 829 799 772 751 124 98 59 627 142 60 485 111 374 82
internal_count=849 829 799 772 751 124 98 59 627 142 60 485 111 374 82
is_linear=0
shrinkage=0.3


Tree=237
num_leaves=17
num_cat=0
split_feature=27 27 0 4 2 19 1 9 9 4 10 18 4 8 18 24
split_gain=9.74127e-09 6.89095e-08 3.30239e-08 1.95481e-08 9.88166e-08 5.7338e-08 7.32158e-09 5.30031e-09 4.92582e-09 5.35788e-09 4.02935e-09 3.91967e-09 1.32393e-08 5.14771e-09 6.2671e-09 4.06695e-09
threshold=0.91770250000000009 0.91066800000000014 8.6728719236154621 16953600.000000004 9.0511136970759178 0.24313850000000001 8.9176176757931511 0.018999638589891444 0.012443633095819881 7286600.0000000009 0.51617461152537947 0.25385466784086846 5583450.0000000009 -0.012412590481336137 0.1863255199424958 1.0000000180025095e-35
decision_type=2 2 2 2 2 2 2 2 2 2 2 2 2 2 2 2
left_child=1 3 7 4 6 -5 11 8 10 -10 -2 13 -13 -1 -15 -14
right_child=2 -3 -4 5 -6 -7 -8 -9 9 -11 -12 12 15 14 -16 -17
leaf_value=4.3259883062969963e-06 1.7481326301517117e-06 -1.7406324689821822e-05 1.352099881934521e-05 4.6467793367810369e-06 2.1208552298048743e-05 -1.779770562819749e-05 -5.472324432068252e-06 -3.5779629797616507e-06 6.5214568258817542e-06 4.3105104798367109e-07 -3.1447833569992716e-06 -8.4913985210732791e-06 -1.5925417138492668e-06 -1.0045318676375356e-07 5.2263894791134847e-06 1.6333870809148719e-06
leaf_weight=29 33 21 20 21 20 20 23 24 26 26 28 20 85 372 21 60
leaf_count=29 33 21 20 21 20 20 23 24 26 26 28 20 85 372 21 60
internal_value=-6.28755e-15 -4.8403e-07 2.13343e-06 4.55802e-08 4.5866e-07 -6.30175e-06 -2.21664e-07 4.71011e-07 1.33097e-06 3.47625e-06 -4.97796e-07 -1.59311e-08 -1.2557e-06 4.68813e-07 1.84187e-07 -2.57675e-07
internal_weight=849 692 157 671 630 41 610 137 113 52 61 587 165 422 393 145
internal_count=849 692 157 671 630 41 610 137 113 52 61 587 165 422 393 145
is_linear=0
shrinkage=0.3


Tree=238
num_leaves=28
num_cat=0
split_feature=1 18 18 18 25 27 4 15 17 21 18 12 19 12 26 17 17 29 20 20 16 8 12 7 18 16 5
split_gain=1.44959e-08 4.53061e-09 1.28049e-08 1.18037e-08 1.91902e-08 6.88444e-09 1.10744e-08 8.32461e-09 6.6297e-09 6.55032e-09 6.33582e-09 5.28675e-09 1.06676e-08 6.39436e-09 1.84726e-08 5.97176e-09 5.26659e-09 5.04125e-09 1.13355e-08 8.98252e-09 4.52526e-09 4.46315e-09 4.1345e-09 4.12652e-09 4.96217e-09 3.98454e-09 1.87389e-09
threshold=9.1045129325491825 -0.14937840868343213 -0.18486135867304013 -0.004832653096841345 0.77500000000000013 0.72233750000000019 8205350.0000000009 -0.003736075671624929 0.0011299693164731207 0.061581000000000004 -0.44644306100403713 -0.00044670254881077091 0.32580100000000006 0.00023514724938459731 0.46088250000000003 0.0012202264611062589 0.0011056088284666207 1.5000000000000002 0.46199950000000006 0.054299500000000007 0.0022713810159684733 0.032663140007528312 -0.00083243795660343373 -0.0044818956404323951 0.44478331366385487 0.0020481828191958162 0.0010438374380924138
decision_type=2 2 2 2 2 2 2 2 2 2 2 2 2 2 2 2 2 2 2 2 2 2 2 2 2 2 2
left_child=1 2 5 4 20 10 7 -7 17 -9 -1 12 23 14 -13 -15 -11 19 26 -5 21 -3 -8 -10 -25 -17 -19
right_child=-2 3 -4 8 -6 6 22 9 11 16 -12 13 -14 15 -16 25 -18 18 -20 -21 -22 -23 -24 24 -26 -27 -28
leaf_value=-1.8242908355306202e-07 -5.7267484551534594e-06 5.8986846340758352e-09 -7.9719916794829249e-06 4.4955574026062097e-06 1.1191074286642787e-05 6.0990953676309798e-06 -7.7019504777292081e-06 3.9841160567168401e-06 -4.0183988425684694e-06 2.3095447215837336e-06 6.4454175185346679e-06 2.6440367480518032e-06 6.8517878823761505e-06 -5.0101493668948524e-06 -8.9783783133845486e-06 2.1621125853760697e-06 -2.1836256464445744e-06 -8.857914561843927e-07 7.714323920993138e-06 -3.1215968701154016e-06 -1.7866112583620773e-06 6.1980304823547078e-06 -2.423867700559533e-06 -1.9680891718110159e-06 4.4301855027129024e-06 -1.6443582551535958e-06 2.8159407810335319e-06
leaf_weight=27 38 20 20 22 24 20 22 26 23 30 25 20 22 22 32 55 108 32 32 38 26 22 34 24 20 45 20
leaf_count=27 38 20 20 22 24 20 22 26 23 30 25 20 22 22 32 55 108 32 32 38 26 22 34 24 20 45 20
internal_value=-2.77451e-14 2.68331e-07 -6.284e-07 8.29012e-07 3.89792e-06 -1.25414e-07 -8.03461e-07 3.20781e-07 1.35304e-07 -3.83892e-07 3.00404e-06 -7.60627e-07 1.12006e-06 -1.72259e-06 -4.50822e-06 -5.35272e-07 -1.20685e-06 1.77162e-06 3.27181e-06 -3.2864e-07 1.32386e-06 3.2494e-06 -4.4974e-06 -7.61994e-07 9.40217e-07 4.49201e-07 5.37952e-07
internal_weight=849 811 312 499 92 292 240 184 407 164 52 263 89 174 52 122 138 144 84 60 68 42 56 67 44 100 52
internal_count=849 811 312 499 92 292 240 184 407 164 52 263 89 174 52 122 138 144 84 60 68 42 56 67 44 100 52
is_linear=0
shrinkage=0.3


Tree=239
num_leaves=21
num_cat=0
split_feature=9 16 1 8 0 2 4 11 27 17 27 3 1 11 27 22 15 15 4 7
split_gain=9.23805e-09 5.49946e-08 2.92598e-08 9.58058e-09 8.94807e-08 5.65032e-08 3.89718e-09 1.28016e-08 4.53007e-09 4.35981e-09 7.02398e-09 4.04842e-09 3.74592e-09 5.11602e-09 6.40751e-09 3.6741e-09 3.18367e-09 5.96626e-09 3.61336e-09 2.68983e-09
threshold=0.034219246687934919 0.0018993350533396973 9.4605056354713994 0.028953861197749065 8.971015839854255 7.9382378541828773 4874700.0000000009 57.845418041079078 0.92033650000000011 0.0011135050910069026 0.80684950000000011 8.2011222839355487 6.0895613003250819 53.753731096266655 0.85576050000000015 0.018402000000000005 -0.0057504553219459176 -0.0035825762227918345 8463000.0000000019 -1.0000000180025095e-35
decision_type=2 2 2 2 2 2 2 2 2 2 2 2 2 2 2 2 2 2 2 2
left_child=2 -2 3 5 6 12 7 -5 9 10 -8 -11 13 14 -1 -14 18 -18 -17 -10
right_child=1 -3 -4 4 -6 -7 8 -9 19 11 -12 -13 15 -15 -16 16 17 -19 -20 -21
leaf_value=-2.6098048713472301e-06 -1.2795233930444674e-05 6.0193469961531155e-06 1.1592071459745058e-05 -7.5318321411605602e-06 -2.0700055806628367e-05 1.646613949105813e-05 -1.0307170826864523e-06 2.5905933429467868e-06 -4.7381680165666954e-06 -7.89820469721774e-07 4.9954305871710623e-06 3.134264815400911e-06 2.7271196213263237e-06 4.829662643921686e-06 3.687404253938098e-06 4.1838705243435465e-06 -5.1234819317148229e-06 -5.480321184054477e-07 -1.1389158652780844e-06 -2.4664802010322867e-07
leaf_weight=33 29 27 20 23 20 20 27 22 21 112 49 30 32 33 26 24 29 222 22 28
leaf_count=33 29 27 20 23 20 20 27 22 21 112 49 30 32 33 26 24 29 222 22 28
internal_value=9.40277e-16 -3.72392e-06 2.62975e-07 -3.01449e-08 -1.24739e-06 8.86238e-07 -4.22978e-10 -2.58309e-06 4.34858e-07 1.02071e-06 2.85456e-06 3.92116e-08 1.461e-07 1.83835e-06 1.65236e-07 -3.27111e-07 -6.56186e-07 -1.07667e-06 1.63819e-06 -2.17159e-06
internal_weight=849 56 793 773 332 441 312 45 267 218 76 142 421 92 59 329 297 251 46 49
internal_count=849 56 793 773 332 441 312 45 267 218 76 142 421 92 59 329 297 251 46 49
is_linear=0
shrinkage=0.3


Tree=240
num_leaves=15
num_cat=0
split_feature=0 1 2 16 11 22 4 9 8 6 18 16 7 18
split_gain=1.44403e-08 1.70799e-08 3.69151e-09 3.97005e-09 1.94178e-09 6.39678e-09 2.48807e-09 2.24804e-09 5.00992e-09 7.58008e-09 4.55178e-09 3.80353e-09 4.05524e-09 3.49157e-09
threshold=9.5139043281825852 9.0778128192021335 8.824169084922957 0.0076409675439557791 64.808980785455958 0.38139000000000006 12569800.000000002 0.011717909098351338 0.015404523217804205 0.0011227888773775719 -0.72390332968033755 0.0023378192458674433 0.004914427406184421 0.16175484044370142
decision_type=2 2 2 2 2 2 2 2 2 2 2 2 2 2
left_child=1 2 3 4 7 6 -6 11 9 -9 -10 12 -1 -13
right_child=-2 -3 -4 -5 5 -7 -8 8 10 -11 -12 13 -14 -15
leaf_value=-1.0771411472632052e-06 -7.2539855750619607e-06 8.8710526402024915e-06 -2.9310107474638908e-06 4.3082055078613735e-06 -2.7788738764554313e-06 6.0460667418738008e-06 1.896535151217904e-06 -5.0820380177896142e-06 3.8832122304484074e-06 5.4869218589514131e-07 -3.1226394456297916e-07 3.9646001875887896e-06 2.6780109072371323e-06 9.7369746903926783e-08
leaf_weight=120 24 20 37 20 21 20 20 48 25 39 337 47 33 38
leaf_count=120 24 20 37 20 21 20 20 48 25 39 337 47 33 38
internal_value=7.38004e-15 2.11025e-07 -4.13092e-09 1.36878e-07 2.53448e-08 1.64747e-06 -4.98187e-07 -1.18687e-07 -5.13789e-07 -2.55792e-06 -2.25211e-08 6.26696e-07 -2.67206e-07 2.23572e-06
internal_weight=849 825 805 768 748 61 41 687 449 87 362 238 153 85
internal_count=849 825 805 768 748 61 41 687 449 87 362 238 153 85
is_linear=0
shrinkage=0.3


Tree=241
num_leaves=15
num_cat=0
split_feature=10 4 17 1 27 27 27 4 11 22 25 13 7 8
split_gain=1.06443e-08 1.16508e-08 2.50538e-08 3.39871e-08 2.93395e-09 5.46663e-09 3.90142e-09 1.30421e-08 1.00617e-08 5.52058e-09 1.12524e-08 3.8958e-09 3.63384e-09 2.29154e-09
threshold=2.6781912912697767 19988750.000000004 0.005841175703354534 9.0778132529673741 0.8140265000000001 0.8063435000000001 0.86788700000000008 9034250.0000000019 58.849435988095365 0.024389500000000005 0.26785700000000007 0.010606008048279046 -0.0010010405258837317 0.033426407774637533
decision_type=2 2 2 2 2 2 2 2 2 2 2 2 2 2
left_child=1 2 3 4 5 11 7 8 -6 -8 -11 12 -1 -9
right_child=-2 -3 -4 -5 6 -7 9 13 -10 10 -12 -13 -14 -15
leaf_value=2.0524580411894398e-06 -6.6700812811047526e-06 5.7817931988779492e-06 -7.9044785538176899e-06 1.0964127369124281e-05 -5.5047812219299886e-06 5.4123148322560151e-06 -3.3335598271986705e-06 4.165060697232548e-06 1.9245850515809641e-06 3.3390966359283359e-06 -9.758094687167367e-07 -2.5924471756482221e-06 -2.2096076689113061e-07 1.5795264180664873e-08
leaf_weight=106 21 32 35 26 75 20 37 25 21 86 148 37 157 23
leaf_count=106 21 32 35 26 75 20 37 25 21 86 148 37 157 23
internal_value=-6.55306e-16 1.69169e-07 -5.64644e-08 3.04482e-07 -7.25935e-08 6.09986e-07 -5.9892e-07 -1.86078e-06 -3.87961e-06 7.15897e-08 6.10011e-07 2.89831e-07 6.95322e-07 2.17687e-06
internal_weight=849 828 796 761 735 320 415 144 96 271 234 300 263 48
internal_count=849 828 796 761 735 320 415 144 96 271 234 300 263 48
is_linear=0
shrinkage=0.3


Tree=242
num_leaves=17
num_cat=0
split_feature=1 3 17 13 11 8 4 16 14 26 2 3 10 18 18 4
split_gain=1.61444e-08 7.35086e-09 3.85343e-09 2.08334e-09 3.32992e-09 4.87317e-09 6.50721e-09 2.68153e-09 2.31881e-09 4.44349e-09 1.78627e-08 6.60266e-09 3.3409e-09 6.53554e-09 3.5503e-09 2.02878e-09
threshold=9.1045129325491825 8.9265170097351092 0.005841175703354534 0.0072723279151288654 54.6710733892861 0.042624235139526755 9109150.0000000019 0.0068586510722229268 0.0069363547501031025 0.47509600000000007 7.0702949053653983 7.0944666862487802 1.1637857179094346 0.15254278406274699 0.22370497892456082 9010850.0000000019
decision_type=2 2 2 2 2 2 2 2 2 2 2 2 2 2 2 2
left_child=1 2 3 4 -1 6 -6 8 9 10 -5 -11 14 -14 -10 -7
right_child=-2 -3 -4 7 5 15 -8 -9 12 11 -12 -13 13 -15 -16 -17
leaf_value=-4.4556080297297735e-06 -6.0436118881051168e-06 5.455214875382807e-06 3.2985717568449633e-06 -4.0206246901209558e-07 3.7148686696097087e-06 -5.1052275802021541e-06 -2.1620581378556381e-06 3.0890794882054706e-06 -2.2586106053714808e-06 1.3964605630035737e-06 8.0453898869398636e-06 -2.8294412271431415e-06 2.1718626224188104e-06 -1.8482164774715044e-06 3.7681328427652264e-07 -1.0514488503758912e-06
leaf_weight=22 38 24 33 71 39 20 30 28 119 82 33 56 95 59 75 25
leaf_count=22 38 24 33 71 39 20 30 28 119 82 33 56 95 59 75 25
internal_value=-1.99948e-14 2.83178e-07 1.25454e-07 -1.34228e-08 -1.07644e-06 -4.24321e-07 1.15968e-06 2.2051e-07 8.43746e-08 7.97572e-07 2.27838e-06 -3.18398e-07 -4.11585e-07 6.31702e-07 -1.23976e-06 -2.85313e-06
internal_weight=849 811 787 754 136 114 69 618 590 242 104 138 348 154 194 45
internal_count=849 811 787 754 136 114 69 618 590 242 104 138 348 154 194 45
is_linear=0
shrinkage=0.3


Tree=243
num_leaves=13
num_cat=0
split_feature=27 8 0 16 7 2 19 0 17 24 18 19
split_gain=8.4349e-09 1.9756e-08 4.3333e-08 3.6274e-08 9.70216e-09 3.85093e-08 2.80639e-08 2.85446e-09 3.55435e-09 3.13616e-09 2.73599e-09 3.21785e-09
threshold=0.54621100000000011 0.094922541807613045 9.1223123485796087 0.0018692016934760856 0.005820784546877616 8.9087176275375395 -0.37661649999999997 8.793019292440059 0.005841175703354534 0.26785700000000007 -0.33927790405218222 0.22479850000000004
decision_type=2 2 2 2 2 2 2 2 2 2 2 2
left_child=-1 2 4 -3 5 7 -6 8 9 -2 -8 -12
right_child=1 3 -4 -5 6 -7 10 -9 -10 -11 11 -13
leaf_value=-5.9376255941450442e-06 5.7476077403606496e-07 -2.9856268773873408e-06 -1.3110855803688537e-05 1.1024500474832165e-05 -1.2695928987795925e-05 1.3492915886672563e-05 2.8373783286334793e-06 -2.5966361104937357e-06 3.9264546024281547e-06 -9.8302623810159339e-07 5.1707478026704237e-07 -4.2289673638151726e-06
leaf_weight=21 400 29 23 39 20 20 21 33 23 164 36 20
leaf_count=21 400 29 23 39 20 20 21 33 23 164 36 20
internal_value=1.95286e-14 1.50592e-07 -2.8774e-07 5.04959e-06 1.12439e-07 5.36197e-07 -2.68349e-06 1.18238e-07 2.70863e-07 1.21787e-07 -8.28534e-08 -1.17794e-06
internal_weight=849 828 760 68 737 640 97 620 587 564 77 56
internal_count=849 828 760 68 737 640 97 620 587 564 77 56
is_linear=0
shrinkage=0.3


Tree=244
num_leaves=31
num_cat=0
split_feature=11 11 2 14 16 8 17 9 14 4 13 27 6 27 12 7 8 18 2 0 7 7 26 25 4 9 7 22 25 6
split_gain=8.29327e-09 2.93706e-08 2.12079e-08 1.23258e-07 3.49893e-09 6.73825e-09 5.42664e-09 6.8388e-09 5.74336e-09 5.40495e-09 6.24088e-09 4.84131e-09 4.28459e-09 3.31284e-09 2.93277e-09 3.1302e-09 5.21083e-09 4.08984e-09 4.31225e-09 5.19759e-09 4.25147e-09 5.46477e-09 3.08475e-09 2.82496e-09 2.66527e-09 2.47204e-09 2.96211e-09 3.35995e-09 1.88763e-09 1.51929e-09
threshold=56.022130811692548 55.367228520830359 8.9443160552776053 0.011111056003389916 0.0012136218311538023 0.067032897105825398 0.0011494516208132915 0.016236785402603156 0.00628596940231401 5124000.0000000009 0.00783382544031558 0.73808550000000006 0.0031169505559637024 0.81713150000000012 -0.0022952236962289151 -0.0012345185619661895 -0.012412590481336137 0.11318008653967002 7.1809388359401192 7.0098652830962447 0.0037186555214212304 0.0012345185619661745 0.7326505000000002 0.36666650000000006 8605050.0000000019 0.0082470923423177533 -0.0034642190759451531 0.26444450000000003 0.41428550000000003 0.0023201367459351791
decision_type=2 2 2 2 2 2 2 2 2 2 2 2 2 2 2 2 2 2 2 2 2 2 2 2 2 2 2 2 2 2
left_child=1 14 4 -4 9 6 7 -6 -8 -2 13 -7 28 -11 -1 22 -17 20 19 -19 21 -18 25 -10 -15 -16 27 -27 -12 -13
right_child=2 -3 3 -5 5 11 8 -9 23 10 12 29 -14 24 15 16 17 18 -20 -21 -22 -23 -24 -25 -26 26 -28 -29 -30 -31
leaf_value=2.9927286898612237e-06 -2.6729159184041611e-06 8.7659498765683213e-06 -2.4943525895650966e-05 5.6699578337805897e-06 -5.1209522390776708e-07 3.2656533221597784e-07 -5.7220242138100727e-06 6.7667699504170288e-06 2.5221913101631798e-06 2.1711390481562793e-06 7.1439186631718968e-06 -6.8422348163608144e-06 7.4240347616564988e-07 1.7557707580003214e-07 2.2373637485806341e-06 4.4640246755989207e-06 -4.0830980374551018e-07 2.0298298739364537e-06 5.4016625745134657e-06 -3.3266292654804166e-06 1.4146309118027253e-06 -5.5182896564855904e-06 -3.6557126340615771e-06 -2.1976453175349368e-06 -4.4431558855897239e-06 2.6753058741426433e-06 -4.3631381878128648e-06 -2.51052638897976e-06 3.3003815627560709e-06 -3.3342102864253321e-06
leaf_weight=30 34 39 20 29 26 20 20 21 25 26 23 25 33 23 24 27 48 56 20 23 39 31 36 21 22 22 20 23 23 20
leaf_count=30 34 39 20 29 26 20 20 21 25 26 23 25 33 23 24 27 48 56 20 23 39 31 36 21 22 22 20 23 23 20
internal_value=-2.39551e-14 9.08268e-07 -9.67936e-07 -6.82534e-06 -1.75082e-07 -1.12336e-06 2.76561e-07 2.74016e-06 -1.47782e-06 7.42269e-07 1.51638e-06 -3.55706e-06 3.35086e-06 -5.2481e-07 1.40224e-07 -9.16867e-08 5.33708e-07 4.46821e-08 1.46658e-06 4.70354e-07 -1.14826e-06 -2.41349e-06 -1.31246e-06 3.67483e-07 -2.08247e-06 -3.64623e-07 -1.32536e-06 2.47694e-08 5.22215e-06 -5.28311e-06
internal_weight=849 438 411 49 362 178 113 47 66 184 150 65 79 71 399 369 244 217 99 79 118 79 125 46 45 89 65 45 46 45
internal_count=849 438 411 49 362 178 113 47 66 184 150 65 79 71 399 369 244 217 99 79 118 79 125 46 45 89 65 45 46 45
is_linear=0
shrinkage=0.3


Tree=245
num_leaves=17
num_cat=0
split_feature=6 6 29 2 2 19 9 17 19 1 10 22 18 16 20 14
split_gain=7.64699e-09 1.62884e-08 3.17402e-08 2.29335e-08 7.94795e-09 2.50183e-09 4.35161e-09 5.72934e-09 5.16594e-09 4.60395e-09 4.24337e-09 4.74023e-09 4.09028e-09 3.83388e-09 5.39861e-09 3.78726e-09
threshold=0.015017487699936464 0.0089993030529001202 2.5000000000000004 9.0511136970759178 8.8909175852540354 -0.058345999999999988 0.014422156222872134 0.0036187909244535916 0.35526750000000007 7.042094852455941 1.1874703091893888 0.14071950000000003 -0.25750580848893018 0.0053419984753544161 0.3277965000000001 0.0066188754433797641
decision_type=2 2 2 2 2 2 2 2 2 2 2 2 2 2 2 2
left_child=1 3 -3 4 5 13 10 8 -8 -9 11 -7 -12 14 15 -1
right_child=-2 2 -4 -5 -6 6 7 9 -10 -11 12 -13 -14 -15 -16 -17
leaf_value=-1.0527146712632376e-06 -5.6535106637056737e-06 -1.7591467752708921e-06 1.421130383018213e-05 -8.7668194750120966e-06 5.885920190199353e-06 6.3400794179480552e-07 -2.028459182495195e-06 -1.4841940485764228e-06 1.0897981614529531e-06 -7.8441429607778439e-06 5.6458170669585525e-06 -3.3365557585870863e-06 8.55076063409265e-07 -2.9014474565656203e-06 5.4852733156125892e-06 1.4348767925831395e-06
leaf_weight=84 21 24 21 27 21 94 111 21 84 20 23 38 53 25 22 160
leaf_count=84 21 24 21 27 21 94 111 21 84 20 23 38 53 25 22 160
internal_value=7.87686e-15 1.43386e-07 5.69373e-06 -1.75599e-07 1.3123e-07 -3.31896e-08 -4.81276e-07 -1.363e-06 -6.8521e-07 -4.58661e-06 5.19137e-07 -5.09033e-07 2.30491e-06 6.50488e-07 9.84317e-07 5.78493e-07
internal_weight=849 828 45 783 756 735 444 236 195 41 208 132 76 291 266 244
internal_count=849 828 45 783 756 735 444 236 195 41 208 132 76 291 266 244
is_linear=0
shrinkage=0.3


Tree=246
num_leaves=15
num_cat=0
split_feature=3 1 27 19 26 13 4 9 19 22 21 9 29 15
split_gain=8.31576e-09 8.44563e-09 2.12205e-09 2.24453e-09 4.32485e-09 3.06032e-09 3.011e-09 4.42162e-09 3.28599e-09 3.2467e-09 3.83584e-09 2.78604e-09 2.51955e-09 2.41088e-09
threshold=9.1223120689392108 9.0066147404763317 0.56690950000000007 -0.34914099999999998 0.46392150000000004 0.011543010171505967 4124150.0000000005 0.015054792811521356 0.25228100000000003 0.50688650000000013 0.17950850000000004 0.018844291798042284 2.5000000000000004 -0.0012202846829844516
decision_type=2 2 2 2 2 2 2 2 2 2 2 2 2 2
left_child=1 2 -1 4 -4 6 7 8 -5 10 -8 12 13 -6
right_child=-2 -3 3 5 11 -7 9 -9 -10 -11 -12 -13 -14 -15
leaf_value=2.362288605728402e-06 4.596821075692253e-06 -5.9898417703152516e-06 4.9495190273773908e-06 2.032797408940931e-06 -1.5664256883466317e-06 3.1348617929844684e-06 7.1720670914415376e-07 4.2876180835883642e-06 -2.985241381736614e-06 -4.5692156413679186e-06 -1.2035202274678106e-06 -2.1403536682301443e-06 3.3739809108245982e-06 1.4391014336614842e-06
leaf_weight=32 34 22 20 23 41 21 130 27 24 20 334 34 29 58
leaf_count=32 34 22 20 23 41 21 130 27 24 20 334 34 29 58
internal_value=2.02869e-15 -1.91769e-07 -3.09147e-08 -1.31549e-07 7.87408e-07 -4.20409e-07 -5.5421e-07 1.22803e-06 -5.29605e-07 -8.26701e-07 -6.65386e-07 2.73567e-07 9.14765e-07 1.94388e-07
internal_weight=849 815 793 761 182 579 558 74 47 484 464 162 128 99
internal_count=849 815 793 761 182 579 558 74 47 484 464 162 128 99
is_linear=0
shrinkage=0.3


Tree=247
num_leaves=22
num_cat=0
split_feature=7 17 0 6 3 1 13 20 10 18 3 8 16 4 18 16 6 22 17 19 15
split_gain=7.58511e-09 3.27984e-08 2.53274e-08 7.15021e-09 3.52485e-08 1.39624e-08 4.69066e-09 6.52525e-09 3.20834e-09 4.78245e-09 2.96466e-09 3.85919e-09 3.84562e-09 5.025e-09 8.01166e-09 5.21401e-09 4.78781e-09 4.29482e-09 2.3687e-09 1.99804e-09 1.86833e-09
threshold=0.0089993030529001202 0.0034782310786645567 9.1223123485796087 0.0030378913522702447 8.8953676223754901 8.721821571616621 0.0085671178718873184 0.49119250000000003 0.8412620148169091 -0.13792485918385586 5.9143910408020028 0.012610925514298427 0.0011601193752436478 9475300.0000000019 -0.1222849456520337 0.0022172398086900114 -0.0057339967040178795 0.11102900000000002 0.0012106814291444532 0.24313850000000001 0.0011383332574865987
decision_type=2 2 2 2 2 2 2 2 2 2 2 2 2 2 2 2 2 2 2 2 2
left_child=2 18 3 4 10 6 7 20 19 -10 11 -1 16 14 -14 -15 -12 -18 -2 -8 -5
right_child=1 -3 -4 5 -6 -7 8 -9 9 -11 12 -13 13 15 -16 -17 17 -19 -20 -21 -22
leaf_value=-1.1226499141329165e-07 1.0332313760841316e-06 1.2887271538732291e-05 -9.8574120386274444e-06 -2.4215689350626236e-06 1.2987142991960354e-05 -8.7595071720768055e-06 -2.7229889152265734e-06 -6.1934841580877115e-06 -4.8051467786081045e-07 4.5937705706045051e-06 5.3207017680279023e-06 5.585766657532076e-06 -2.1376738606500943e-06 -6.9546641418583018e-06 1.8450895946052564e-06 -1.4154927260261292e-06 2.5547483787136115e-06 -5.3898803533680704e-07 -3.3094028227564054e-06 1.1230376836479648e-06 1.1567687232921595e-06
leaf_weight=23 20 21 24 24 20 21 31 27 35 32 20 20 82 20 102 65 59 128 26 20 29
leaf_count=23 20 21 24 24 20 21 31 27 35 32 20 20 82 20 102 65 59 128 26 20 29
internal_value=1.93403e-14 3.06348e-06 -2.62472e-07 4.13259e-08 6.28645e-07 -1.40418e-06 -6.24064e-07 -2.39744e-06 5.78227e-07 1.94302e-06 1.52402e-07 2.53798e-06 -6.31023e-08 -8.11117e-07 7.01624e-08 -2.71883e-06 9.08955e-07 4.37111e-07 -1.4213e-06 -1.21474e-06 -4.63611e-07
internal_weight=849 67 782 758 539 219 198 80 118 67 519 43 476 269 184 85 207 187 46 51 53
internal_count=849 67 782 758 539 219 198 80 118 67 519 43 476 269 184 85 207 187 46 51 53
is_linear=0
shrinkage=0.3


Tree=248
num_leaves=18
num_cat=0
split_feature=3 3 27 18 27 14 21 14 13 1 1 8 5 15 16 22 8
split_gain=8.87416e-09 7.14533e-09 1.23241e-09 2.6347e-09 2.05494e-09 1.80887e-09 5.03794e-09 6.97621e-09 3.50824e-09 3.03882e-09 3.46878e-09 2.97174e-09 4.13939e-09 6.21901e-09 3.42042e-09 3.18765e-09 2.26784e-09
threshold=9.1223120689392108 8.9799151420593279 0.62948550000000003 -0.067242691677311048 0.66053500000000021 0.0072727781353574749 0.36453600000000003 0.0083116826281379851 0.008035709268817812 7.1146097186582615 7.7184496577435402 0.035523747714237178 0.0034560725361366964 1.0000000180025095e-35 0.0010015254615295516 0.035948000000000008 0.020615995829009377
decision_type=2 2 2 2 2 2 2 2 2 2 2 2 2 2 2 2 2
left_child=1 2 3 -1 -4 11 9 -8 -9 16 -11 12 13 -6 -13 -16 -7
right_child=-2 -3 4 -5 5 6 7 8 -10 10 -12 14 -14 -15 15 -17 -18
leaf_value=3.759243781053595e-06 4.7486528862517682e-06 -5.7985428486517775e-06 -2.9493640918980929e-06 -4.7853767785366674e-07 2.9082637108098787e-07 7.9503310814743598e-07 -5.4385496920641906e-06 -3.3712308235678277e-06 3.2620838435290343e-07 4.3265219428434417e-06 3.3749561604660508e-08 -7.5542952231444356e-07 3.2124360245688874e-06 -3.658809812489436e-06 4.4306794334574826e-08 3.8855584686019535e-06 -1.45688525397721e-06
leaf_weight=23 34 20 23 31 134 80 37 32 83 32 36 39 27 49 29 59 81
leaf_count=23 34 20 23 31 134 80 37 32 83 32 36 39 27 49 29 59 81
internal_value=3.21495e-14 -1.98103e-07 -5.72117e-08 1.32644e-06 -1.58045e-07 -6.86294e-08 -5.16461e-07 -1.85546e-06 -7.02644e-07 3.72308e-07 2.05388e-06 4.37673e-07 -2.5512e-07 -7.66726e-07 1.58324e-06 2.61969e-06 -3.3792e-07
internal_weight=849 815 795 54 741 718 381 152 115 229 68 337 210 183 127 88 161
internal_count=849 815 795 54 741 718 381 152 115 229 68 337 210 183 127 88 161
is_linear=0
shrinkage=0.3


Tree=249
num_leaves=13
num_cat=0
split_feature=27 27 17 12 3 26 18 12 12 6 1 3
split_gain=7.18197e-09 3.9291e-08 2.52458e-08 1.45528e-08 4.21782e-08 3.07705e-09 2.82493e-09 3.278e-09 3.10478e-09 2.48199e-09 2.09257e-09 1.99437e-09
threshold=0.91770250000000009 0.91066800000000014 0.0037570274217908098 0.0031995230861668702 9.0867128372192401 0.069235500000000019 0.11707705889152929 0.00012409622265683497 0.00022138415338094727 0.012048291379509588 8.944316745327443 8.2011222839355487
decision_type=2 2 2 2 2 2 2 2 2 2 2 2
left_child=1 3 6 4 5 -1 7 -2 -8 10 11 -7
right_child=2 -3 -4 -5 -6 9 8 -9 -10 -11 -12 -13
leaf_value=-3.7671597770635603e-06 4.611072002857187e-07 -1.319371636116427e-05 9.6590727844159117e-06 -6.5892757330120411e-06 1.2620424570286559e-05 -2.6452386525511704e-07 -3.0022077197600082e-07 -3.7505119154530051e-06 4.1299749244050329e-06 3.2131362364395956e-06 -2.9901958743286499e-06 1.5946659791826937e-06
leaf_weight=21 39 21 30 29 24 496 35 29 24 20 23 58
leaf_count=21 39 21 30 29 24 496 35 29 24 20 23 58
internal_value=-7.38035e-15 -4.1561e-07 1.83186e-06 -1.56992e-08 2.81238e-07 -1.97954e-07 -1.70866e-08 -1.33502e-06 1.50189e-06 -7.24037e-08 -1.86287e-07 -6.98794e-08
internal_weight=849 692 157 671 642 618 127 68 59 597 577 554
internal_count=849 692 157 671 642 618 127 68 59 597 577 554
is_linear=0
shrinkage=0.3


Tree=250
num_leaves=14
num_cat=0
split_feature=16 1 17 1 3 8 16 4 7 12 4 26 4
split_gain=8.36064e-09 1.17135e-08 6.91699e-09 1.80953e-08 5.29354e-09 1.42662e-09 1.82522e-09 4.52885e-09 3.99845e-09 3.92766e-09 3.54421e-09 4.73125e-09 2.56608e-09
threshold=0.0080699036696924679 9.1223121638934508 0.0054884492738688177 7.042094852455941 8.9621157646179217 -0.01868413037971552 0.001007579972569928 5124000.0000000009 -0.0076047011979939365 -0.0010144756811440341 6452550.0000000009 0.55348000000000008 8605050.0000000019
decision_type=2 2 2 2 2 2 2 2 2 2 2 2 2
left_child=1 2 4 -4 5 -1 10 9 -9 -8 11 -7 -12
right_child=-2 -3 3 -5 -6 6 7 8 -10 -11 12 -13 -14
leaf_value=2.0390598672292981e-06 -6.0610724119669612e-06 5.8676888681563263e-06 2.1558983092972993e-06 -9.6197288205926058e-06 4.9601636078477895e-06 -4.4609082641629398e-06 -1.270574196041707e-06 3.5286479388219045e-06 -4.6399513267359495e-07 3.050476607094984e-06 2.3776617330402892e-06 -8.5974290016110903e-08 -7.4679715406427534e-07
leaf_weight=30 20 31 24 23 20 44 25 24 380 78 36 45 69
leaf_count=30 20 31 24 23 20 44 25 24 380 78 36 45 69
internal_value=4.77043e-15 1.46226e-07 -7.60362e-08 -3.60664e-06 1.44921e-07 1.31765e-08 -7.35232e-08 2.25922e-07 -2.26808e-07 2.00168e-06 -8.56093e-07 -2.24886e-06 3.24446e-07
internal_weight=849 829 798 47 751 731 701 507 404 103 194 89 105
internal_count=849 829 798 47 751 731 701 507 404 103 194 89 105
is_linear=0
shrinkage=0.3


Tree=251
num_leaves=11
num_cat=0
split_feature=0 10 10 4 0 16 17 21 27 19
split_gain=1.22666e-08 6.70907e-09 9.68597e-09 1.88398e-08 1.71582e-08 1.90722e-09 2.01064e-09 1.62447e-09 2.53449e-09 2.08494e-09
threshold=9.5139043281825852 2.6084297177552247 2.1986611648937293 10176400.000000002 8.9621154342592764 0.007500034406359002 0.0058105993611912181 0.032920500000000012 0.90729100000000018 -0.11749799999999998
decision_type=2 2 2 2 2 2 2 2 2 2
left_child=1 2 4 -4 5 6 7 9 -9 -1
right_child=-2 -3 3 -5 -6 -7 -8 8 -10 -11
leaf_value=-3.6026078894816526e-07 -6.6857488207006096e-06 4.6766088056254626e-06 1.4979795793124139e-06 -1.0806125370826132e-05 8.7418927880175291e-06 2.9333342240533965e-06 2.2865726327037096e-06 -2.818926355187438e-07 1.3232424343845202e-06 -4.1444717899707937e-06
leaf_weight=38 24 29 24 21 21 20 32 513 107 20
leaf_count=38 24 29 24 21 21 20 32 513 107 20
internal_value=-1.09105e-14 1.94494e-07 3.12014e-08 -4.24394e-06 2.87368e-07 4.41557e-08 -3.72296e-08 -1.46908e-07 -4.87739e-09 -1.66516e-06
internal_weight=849 825 796 45 751 730 710 678 620 58
internal_count=849 825 796 45 751 730 710 678 620 58
is_linear=0
shrinkage=0.3


Tree=252
num_leaves=14
num_cat=0
split_feature=27 0 10 6 15 3 19 12 18 9 6 12 12
split_gain=7.17807e-09 1.96556e-08 1.9433e-08 6.34291e-09 4.72699e-09 1.33318e-08 7.75184e-09 1.87441e-09 3.36787e-09 2.48427e-09 1.90916e-09 3.52562e-09 3.41453e-09
threshold=0.62110700000000019 9.5584039132063037 1.3653730686948882 0.014363200844556589 -0.0074676436542205835 8.9977145195007342 -0.058345999999999988 0.001387756800884639 -0.34465844264724638 0.017230099929002905 0.0046757365140849836 -3.7036919141119602e-05 -0.00013917741301372799
decision_type=2 2 2 2 2 2 2 2 2 2 2 2 2
left_child=2 3 -1 4 6 7 -2 10 -9 -10 11 -6 -12
right_child=1 -3 -4 -5 5 -7 -8 8 9 -11 12 -13 -14
leaf_value=1.0915292431367229e-06 6.6889223307953211e-07 9.5109833046080905e-06 -1.075953338308011e-05 -5.1570269956105868e-06 6.8398429112650174e-07 7.9534303017680942e-06 -7.2551150913113812e-06 -1.6681753196272784e-06 8.6904142202914871e-07 4.0787807984757172e-06 -3.7613381916865842e-06 -9.7842299013859321e-07 3.7696152826595749e-07
leaf_weight=33 25 20 20 21 314 20 20 29 60 34 34 181 38
leaf_count=33 25 20 20 21 314 20 20 29 60 34 34 181 38
internal_value=6.34279e-16 2.25088e-07 -3.38057e-06 -1.4239e-08 1.28805e-07 3.17786e-07 -2.85289e-06 9.6463e-08 1.15808e-06 2.03001e-06 -1.33835e-07 7.61142e-08 -1.57724e-06
internal_weight=849 796 53 776 755 710 45 690 123 94 567 495 72
internal_count=849 796 53 776 755 710 45 690 123 94 567 495 72
is_linear=0
shrinkage=0.3


Tree=253
num_leaves=23
num_cat=0
split_feature=1 16 2 0 7 19 20 12 19 28 27 22 12 4 29 28 18 27 16 11 4 13
split_gain=1.36801e-08 2.07343e-09 1.26462e-08 9.97476e-09 3.07996e-09 3.43433e-09 5.13726e-09 5.62258e-09 4.26369e-09 5.67636e-09 5.01324e-09 3.57733e-09 2.92385e-09 7.09843e-09 7.06214e-09 4.47853e-09 5.08676e-09 4.01629e-09 2.37398e-09 2.26187e-09 3.6369e-09 3.73912e-09
threshold=9.1045129325491825 0.0019665683033864103 8.8108191977350394 8.793019292440059 -0.0059820970227455377 0.35526750000000007 0.6781465000000001 0.00010495875166938695 0.26016150000000005 1.0000000180025095e-35 0.84345500000000007 0.041579500000000005 0.00071472753548623409 5185500.0000000009 1.5000000000000002 1.0000000180025095e-35 0.56363120768487629 0.71781150000000016 0.0011363896210326181 60.058218821784017 6256650.0000000009 0.0090530112187753951
decision_type=2 2 2 2 2 2 2 2 2 2 2 2 2 2 2 2 2 2 2 2 2 2
left_child=1 2 12 4 -3 8 7 -7 9 -6 -11 -8 13 14 -1 -15 17 -17 19 20 21 -14
right_child=-2 3 -4 -5 5 6 11 -9 -10 10 -12 -13 18 15 -16 16 -18 -19 -20 -21 -22 -23
leaf_value=3.664619542530178e-07 -5.5632746185246537e-06 2.7359946922220653e-06 8.0903658454189994e-06 -5.7951573536582952e-06 3.9064004708961869e-06 7.5133419412942704e-06 -3.0020290674078374e-06 6.3562305471172598e-07 -4.9230044101022943e-06 -2.478586890403324e-06 5.9639584681959531e-07 1.8815024082149041e-06 4.5580035835257603e-06 -2.5924973415165429e-06 -5.8514773940844726e-06 -1.4989661177754567e-06 -2.2930529399088428e-06 2.9664185711936023e-06 3.5463419266079656e-06 2.7083199988656553e-06 -2.6837388418243791e-06 -1.1735605897099177e-06
leaf_weight=31 38 38 20 27 25 20 27 23 20 93 98 27 20 31 35 22 28 103 36 35 31 21
leaf_count=31 38 38 20 27 25 20 27 23 20 93 98 27 20 31 35 22 28 103 36 35 31 21
internal_value=-1.07987e-14 2.60671e-07 7.31564e-07 -2.27968e-07 1.77191e-07 -1.14805e-07 1.38796e-06 3.83456e-06 -7.32466e-07 -3.44453e-07 -9.00847e-07 -5.60263e-07 3.5707e-07 -2.61802e-07 -2.93093e-06 6.95603e-07 1.36182e-06 2.18051e-06 1.43901e-06 7.30006e-07 -2.31675e-07 1.62232e-06
internal_weight=849 811 413 398 371 333 97 43 236 216 191 54 393 250 66 184 153 125 143 107 72 41
internal_count=849 811 413 398 371 333 97 43 236 216 191 54 393 250 66 184 153 125 143 107 72 41
is_linear=0
shrinkage=0.3


Tree=254
num_leaves=20
num_cat=0
split_feature=13 3 3 27 25 18 9 7 12 15 4 7 16 9 9 4 13 10 12
split_gain=8.95297e-09 1.32316e-08 1.14508e-08 2.20439e-09 3.81813e-09 4.05102e-09 3.85724e-09 4.62847e-09 3.80649e-09 2.64053e-09 3.21649e-09 2.29331e-09 3.14473e-09 2.54279e-09 4.87177e-09 2.24081e-09 2.23437e-09 2.23351e-09 2.12465e-09
threshold=0.01165387294667194 9.1223120689392108 8.9799151420593279 0.7707075000000001 0.26785700000000007 0.12571586200722237 0.011234718724459086 0.001009640219970462 -0.00086152812128070517 0.0012041218710682614 6897500.0000000009 -0.0045871565137218908 0.0034090604910187506 0.007828508818976997 0.0093590154996219879 6871750.0000000009 0.0089789461252828412 1.4190300750862115 -0.00057307572711763914
decision_type=2 2 2 2 2 2 2 2 2 2 2 2 2 2 2 2 2 2 2
left_child=1 2 3 4 8 6 -6 -8 -1 10 -10 12 18 15 -15 -13 -7 -16 -5
right_child=-2 -3 -4 11 5 16 7 -9 9 -11 -12 13 -14 14 17 -17 -18 -19 -20
leaf_value=-3.4280510365963185e-06 -4.8443890937671144e-06 6.9910908459860366e-06 -7.10586991317541e-06 -4.4507041318484554e-06 1.8444527378440917e-07 2.1770289102107652e-06 8.0198693183319843e-06 2.1872676707062053e-06 1.6907478576892269e-06 2.8144980676714225e-06 -2.9399406344055024e-06 -4.2022466394862271e-06 1.5531035371298326e-06 4.3097055691550144e-06 -5.0401190551277495e-07 -5.0879802984127314e-08 -1.8012635286544942e-06 9.9200896890994856e-07 -9.3834309275793664e-07
leaf_weight=27 33 25 20 31 21 24 24 25 27 32 27 22 21 26 236 25 27 145 31
leaf_count=27 33 25 20 31 21 24 24 25 27 32 27 22 21 26 236 25 27 145 31
internal_value=-2.95767e-15 1.95913e-07 -1.88526e-08 1.64987e-07 9.33439e-07 2.10452e-06 3.58617e-06 5.04405e-06 -3.20546e-07 6.55067e-07 -6.24596e-07 -1.69869e-07 -1.61982e-06 9.52102e-08 3.36479e-07 -1.99407e-06 7.08741e-08 6.53399e-08 -2.69452e-06
internal_weight=849 816 791 771 234 121 70 49 113 86 54 537 83 454 407 47 51 381 62
internal_count=849 816 791 771 234 121 70 49 113 86 54 537 83 454 407 47 51 381 62
is_linear=0
shrinkage=0.3


Tree=255
num_leaves=21
num_cat=0
split_feature=2 5 29 12 10 10 2 7 22 12 7 19 7 3 16 16 16 18 15 17
split_gain=1.04284e-08 2.12181e-09 4.84134e-09 4.79344e-09 3.67624e-09 3.31575e-09 3.21656e-09 2.68293e-09 4.69829e-09 3.53514e-09 1.98113e-09 3.81392e-09 7.84568e-09 3.99203e-09 3.07028e-09 3.17353e-09 2.416e-09 1.64364e-09 1.62459e-09 1.45453e-09
threshold=9.0511136970759178 0.0015626662935064207 4.5000000000000009 -0.0027330079835472276 2.1751885630976822 1.744449721804129 8.730720351931323 0.0066814881747519284 0.33955050000000003 -0.0022347187130131135 -0.0012011553227211597 0.46456950000000002 0.0010198377623473695 6.9963784217834482 0.0034090604910187506 0.0012136218311538023 0.0022308432760981809 0.063484239934710765 0.0051203593852572433 0.0022713810159684157
decision_type=2 2 2 2 2 2 2 2 2 2 2 2 2 2 2 2 2 2 2 2
left_child=1 2 3 -1 5 7 10 9 -9 -5 14 12 -12 16 15 17 -14 -3 -13 -15
right_child=-2 6 -4 4 -6 -7 -8 8 -10 -11 11 18 13 19 -16 -17 -18 -19 -20 -21
leaf_value=-3.7778503518381966e-06 -4.9965584063708478e-06 2.880430430854301e-06 4.1112066580498402e-06 3.9186805966180501e-06 4.3555349252115274e-06 -2.6623081322441066e-06 -3.6635033397942604e-06 5.55063897513719e-06 -4.6052674788783898e-07 7.118999258060845e-08 -5.0990003295772526e-06 3.529935159979852e-06 -9.2394932238448741e-08 3.1174799727295977e-06 3.7465877115804546e-06 -2.5779923046595093e-06 -4.5569230275077642e-06 -5.5830918613124097e-07 -1.5904192370693895e-07 -1.8539589532906575e-07
leaf_weight=24 36 29 33 23 22 30 25 25 22 328 39 22 24 30 26 28 20 22 21 20
leaf_count=24 36 29 33 23 22 30 25 25 22 328 39 22 24 30 26 28 20 22 21 20
internal_value=6.75894e-15 2.2125e-07 5.97768e-07 3.53161e-07 5.73482e-07 3.79077e-07 -4.02589e-07 6.08328e-07 2.7369e-06 3.23305e-07 -1.12472e-07 -7.27737e-07 -1.52181e-06 -3.76538e-08 9.1883e-07 -1.18241e-08 -2.12173e-06 1.39705e-06 1.72834e-06 1.79633e-06
internal_weight=849 813 507 474 450 428 306 398 47 351 281 176 133 94 105 79 44 51 43 50
internal_count=849 813 507 474 450 428 306 398 47 351 281 176 133 94 105 79 44 51 43 50
is_linear=0
shrinkage=0.3


Tree=256
num_leaves=16
num_cat=0
split_feature=5 22 3 10 2 29 17 12 16 8 17 24 9 4 12
split_gain=7.02145e-09 2.86336e-08 2.08922e-08 5.73178e-09 2.50686e-09 1.55109e-09 3.09922e-09 2.27594e-09 1.98245e-09 3.84107e-09 8.5725e-09 2.35562e-09 3.29214e-09 2.68153e-09 1.68189e-09
threshold=0.0093546949244803865 0.04809900000000001 9.1223120689392108 2.3075817592513128 8.8909175852540354 3.5000000000000004 0.0022234030598821146 -0.00010749919233301351 0.0045223259952713087 0.018349116064668311 0.0012437502602142281 0.18333350000000004 0.015871935333471004 13498850.000000002 0.00026117091596760219
decision_type=2 2 2 2 2 2 2 2 2 2 2 2 2 2 2
left_child=2 -2 3 4 5 8 7 -7 11 -10 -11 13 -13 -1 -8
right_child=1 -3 -4 -5 -6 6 14 -9 9 10 -12 12 -14 -15 -16
leaf_value=1.3144335119484987e-07 -1.2361425451672403e-05 1.7275870117668386e-06 8.13484587932431e-06 -3.7112026723668128e-06 3.270184668803143e-06 -3.8822923037765859e-06 2.7552374539092332e-06 9.2864313826014815e-09 -6.30154690758158e-07 7.4886055674893285e-06 -8.9494013926534008e-07 2.2322727098727163e-07 -2.5936070750793246e-06 2.8277021040078059e-06 -7.4530589742494149e-07
leaf_weight=323 20 37 29 37 22 38 21 21 38 23 21 86 66 37 30
leaf_count=323 20 37 29 37 22 38 21 21 38 23 21 86 66 37 30
internal_value=-1.48692e-14 -3.21593e-06 2.31449e-07 -6.8942e-08 1.16683e-07 1.81359e-08 -1.01665e-06 -2.49715e-06 2.09763e-07 1.57925e-06 3.48737e-06 -9.56903e-09 -9.99872e-07 4.08559e-07 6.96094e-07
internal_weight=849 57 792 763 726 704 110 59 594 82 44 512 152 360 51
internal_count=849 57 792 763 726 704 110 59 594 82 44 512 152 360 51
is_linear=0
shrinkage=0.3


Tree=257
num_leaves=14
num_cat=0
split_feature=2 20 27 27 13 1 18 6 27 19 6 27 4
split_gain=1.12065e-08 1.31403e-09 2.02519e-09 1.0531e-08 7.16635e-09 3.64584e-09 2.35828e-09 2.24303e-09 1.94676e-09 2.2378e-09 1.72201e-09 1.69341e-09 1.68014e-09
threshold=9.0511136970759178 0.015939000000000005 0.90674050000000006 0.92176950000000013 0.0083028036106854389 8.9621162441320301 0.29520510128230043 -0.001215878243088171 0.90086900000000014 -0.73097149999999989 -0.010429928773302214 0.86788700000000008 7319000.0000000009
decision_type=2 2 2 2 2 2 2 2 2 2 2 2 2
left_child=1 -1 5 4 -4 8 7 -5 9 -3 -11 -12 -9
right_child=-2 2 3 6 -6 -7 -8 12 -10 10 11 -13 -14
leaf_value=-2.172242972164895e-06 -5.1795944851977065e-06 -2.8346169874282622e-06 5.617349773144399e-07 -3.6960235007654772e-06 7.787520626720834e-06 -3.8445092664168052e-06 1.6269365257382583e-06 1.1935027568910072e-06 -2.5304975746357046e-06 -2.206801342972333e-06 2.741210304781448e-07 1.7473672048380244e-06 -2.1270224078939744e-06
leaf_weight=20 36 20 21 24 30 21 37 32 23 22 456 83 24
leaf_count=20 36 20 21 24 30 21 37 32 23 22 456 83 24
internal_value=-1.16913e-14 2.29355e-07 2.89925e-07 1.21463e-06 4.8122e-06 4.13641e-08 -3.53542e-07 -1.26951e-06 1.76469e-07 2.83629e-07 3.94797e-07 5.00985e-07 -2.29579e-07
internal_weight=849 813 793 168 51 625 117 80 604 581 561 539 56
internal_count=849 813 793 168 51 625 117 80 604 581 561 539 56
is_linear=0
shrinkage=0.3


Tree=258
num_leaves=17
num_cat=0
split_feature=16 4 2 0 0 21 22 19 9 5 7 0 6 7 6 14
split_gain=6.50474e-09 1.20694e-08 5.15328e-08 2.98686e-08 2.69579e-09 2.29114e-09 2.18135e-09 2.06938e-09 2.76894e-09 2.36592e-09 1.90821e-09 2.32641e-09 1.65451e-09 3.9963e-09 2.26105e-09 1.49045e-09
threshold=0.0080699036696924679 12246400.000000002 8.9710147914305143 9.0244143922139948 8.793019292440059 0.026180000000000005 0.031958000000000007 0.63996850000000005 0.017049295101599225 0.0011495170540772326 -0.0022271640349003871 7.7787845812561276 0.0034560725361366964 0.0011730676716493473 -0.0033956210307017035 0.010416643188269166
decision_type=2 2 2 2 2 2 2 2 2 2 2 2 2 2 2 2
left_child=1 3 6 4 5 -1 -3 12 9 -9 -8 15 14 -14 -7 -12
right_child=-2 2 -4 -5 -6 7 10 8 -10 -11 11 -13 13 -15 -16 -17
leaf_value=-2.5909013474846786e-06 -5.3461934838594512e-06 2.6412779079930348e-06 1.6719711499035839e-05 -1.1845877225056254e-05 -2.8058204238292211e-06 -4.4376518394012071e-07 1.8130354612821973e-06 -1.8707339963595716e-06 -3.6335012639808286e-06 2.1034873345098065e-06 -4.2437217014626837e-06 9.4803521912822928e-07 -1.8759643863734029e-06 1.7429872552521521e-06 1.1606448015365718e-06 -7.8296090819662825e-07
leaf_weight=28 20 31 20 20 31 110 30 28 28 26 21 32 76 43 281 24
leaf_count=28 20 31 20 20 31 110 30 28 28 26 21 32 76 43 281 24
internal_value=-6.56938e-15 1.28979e-07 2.48793e-06 -4.26481e-07 -7.5655e-08 6.08533e-08 4.25352e-07 1.86274e-07 -1.21254e-06 4.278e-08 -2.16645e-07 -1.00743e-06 4.11181e-07 -5.68276e-07 7.09276e-07 -2.39798e-06
internal_weight=849 829 158 671 651 620 138 592 82 54 107 77 510 119 391 45
internal_count=849 829 158 671 651 620 138 592 82 54 107 77 510 119 391 45
is_linear=0
shrinkage=0.3


Tree=259
num_leaves=12
num_cat=0
split_feature=3 2 16 27 18 11 12 11 13 13 4
split_gain=9.40477e-09 4.41135e-09 1.78624e-09 1.27744e-09 1.97627e-09 1.5168e-09 2.89881e-09 2.43668e-09 1.4113e-09 2.54406e-09 2.04481e-09
threshold=9.0867128372192401 8.9087176275375395 0.0076409675439557791 0.61069950000000006 -0.025160289272378168 66.391977153427646 2.9454717909018223e-05 64.808980785455958 0.010979636261233702 0.010680418803262868 7572400.0000000009
decision_type=2 2 2 2 2 2 2 2 2 2 2
left_child=1 2 3 4 -1 7 -7 8 9 -5 -10
right_child=-2 -3 -4 5 -6 6 -8 -9 10 -11 -12
leaf_value=3.801882228344766e-06 -4.7449927592424496e-06 4.6104210309749758e-06 2.8983025539019987e-06 -7.4130936773559784e-08 -1.6474573746231377e-07 5.5604756658505552e-07 -4.434286757302175e-06 3.2186279513877834e-06 -4.0719911274954433e-07 -3.3598987289839108e-06 3.3202992942558641e-06
leaf_weight=20 36 20 20 589 26 22 20 21 27 22 26
leaf_count=20 36 20 20 589 26 22 20 21 27 22 26
internal_value=-2.51496e-15 2.1011e-07 9.91315e-08 2.6708e-08 1.55988e-06 -7.03012e-08 -1.8203e-06 3.69981e-08 -6.36257e-08 -1.9244e-07 1.42139e-06
internal_weight=849 813 793 773 46 727 42 685 664 611 53
internal_count=849 813 793 773 46 727 42 685 664 611 53
is_linear=0
shrinkage=0.3


Tree=260
num_leaves=11
num_cat=0
split_feature=27 8 10 0 4 17 1 13 9 21
split_gain=6.95935e-09 1.15776e-08 3.12919e-08 2.5401e-08 1.34475e-08 5.63598e-09 2.51886e-08 1.82645e-09 1.59027e-09 1.32783e-09
threshold=0.54621100000000011 0.094922541807613045 1.7052344882859953 9.1223123485796087 10332600.000000002 0.005841175703354534 9.0244139166835087 0.010979636261233702 0.0070111658953479475 0.088077500000000017
decision_type=2 2 2 2 2 2 2 2 2 2
left_child=-1 3 4 5 -3 6 7 8 -2 -10
right_child=1 2 -4 -5 -6 -7 -8 -9 9 -11
leaf_value=-5.3933338075811451e-06 2.0446270527513819e-06 -6.4500355701316689e-06 1.2327186292623083e-05 -1.0016462580176228e-05 4.1633635706003503e-06 -3.8514536270433324e-06 1.0776103824099435e-05 2.3054469904999332e-06 5.4097384533821134e-07 -4.7522611032042348e-07
leaf_weight=21 29 21 25 23 22 31 20 29 153 475
leaf_count=21 29 21 25 23 22 31 20 29 153 475
internal_value=1.98177e-14 1.36787e-07 3.8871e-06 -1.98767e-07 -1.01992e-06 1.0762e-07 2.8146e-07 -2.45062e-08 -1.2735e-07 -2.27649e-07
internal_weight=849 828 68 760 43 737 706 686 657 628
internal_count=849 828 68 760 43 737 706 686 657 628
is_linear=0
shrinkage=0.3


Tree=261
num_leaves=9
num_cat=0
split_feature=8 8 8 3 1 17 27 14
split_gain=1.00522e-08 1.74771e-08 2.27275e-08 1.86874e-08 1.19602e-08 1.89818e-09 1.70905e-09 1.76889e-09
threshold=0.10480215540217096 0.095587944301316299 0.086766015605649019 9.1223120689392108 9.0066147404763317 0.0058105993611912181 0.56690950000000007 0.012436369531806912
decision_type=2 2 2 2 2 2 2 2
left_child=1 2 3 4 5 6 -1 -8
right_child=-2 -3 -4 -5 -6 -7 7 -9
leaf_value=2.3751382891694966e-06 -4.8358694876263738e-06 7.3262782295557825e-06 -9.7881673387486692e-06 9.2653429214806219e-06 -6.9180516407837704e-06 2.4793618995039468e-06 -1.8293938641404185e-07 1.443277300895987e-06
leaf_weight=28 37 30 21 20 22 31 593 67
leaf_count=28 37 30 21 20 22 31 593 67
internal_value=-2.28384e-15 2.20354e-07 -5.22521e-08 2.16413e-07 -2.78226e-08 1.83005e-07 7.95355e-08 -1.78538e-08
internal_weight=849 812 782 761 741 719 688 660
internal_count=849 812 782 761 741 719 688 660
is_linear=0
shrinkage=0.3


Tree=262
num_leaves=17
num_cat=0
split_feature=4 23 3 4 19 21 0 17 6 7 5 10 26 12 10 21
split_gain=5.8568e-09 4.20213e-08 1.70222e-08 1.43804e-08 1.78964e-09 1.07918e-08 3.18464e-09 2.79591e-09 2.26692e-09 1.86535e-09 3.43762e-09 3.70015e-09 3.07902e-09 2.12042e-09 3.41304e-09 9.45416e-10
threshold=16953600.000000004 0.77500000000000013 9.1223120689392108 14910350.000000002 -0.67337949999999991 0.11329850000000001 8.833069106192255 0.0011607377135359237 0.0011561954667366244 0.0012210014376169578 -0.0036015386092515095 1.3968611729547364 0.54612350000000009 0.0016439455912519003 1.7555412115562483 0.37697550000000007
decision_type=2 2 2 2 2 2 2 2 2 2 2 2 2 2 2 2
left_child=2 -2 3 4 5 7 9 -1 -9 13 12 -12 -11 14 -6 -15
right_child=1 -3 -4 -5 6 -7 -8 8 -10 10 11 -13 -14 15 -16 -17
leaf_value=-3.3120452493611604e-06 3.5208440486452934e-06 -1.3211171178992035e-05 8.2534072115105005e-06 -7.1063322834561395e-06 6.1792002676596073e-07 7.2275702571935403e-06 -2.6634015223346458e-06 2.9422458045819833e-06 -1.4248693256746492e-06 4.3233259921625296e-06 -2.091724413767916e-06 6.0596605336334166e-07 -6.4097912374191685e-07 9.8520976300041299e-07 -2.9002254995210325e-06 3.5810321484808227e-06
leaf_weight=21 35 22 23 25 307 22 37 23 20 23 115 76 22 23 27 28
leaf_count=21 35 22 23 25 307 22 37 23 20 23 115 76 22 23 27 28
internal_value=-6.31737e-15 -2.93713e-06 2.11384e-07 -2.91445e-08 2.08664e-07 1.49567e-06 4.04533e-08 -4.74667e-07 9.11029e-07 2.01553e-07 -4.62542e-07 -1.0183e-06 1.89633e-06 6.08634e-07 3.33519e-07 2.41037e-06
internal_weight=849 57 792 769 744 86 658 64 43 621 236 191 45 385 334 51
internal_count=849 57 792 769 744 86 658 64 43 621 236 191 45 385 334 51
is_linear=0
shrinkage=0.3


Tree=263
num_leaves=16
num_cat=0
split_feature=3 0 16 27 16 4 18 10 27 27 13 21 9 8 6
split_gain=8.5999e-09 2.20235e-09 1.37534e-09 1.02691e-09 1.06241e-09 3.80445e-09 2.46163e-09 3.56745e-09 3.17912e-09 5.30559e-09 4.23e-09 2.38591e-09 2.23614e-09 2.54829e-09 1.52476e-09
threshold=9.0867128372192401 8.9621154342592764 0.0076409675439557791 0.56690950000000007 0.0012098917121200761 13498850.000000002 -0.40698937140470121 1.0052013040293792 0.70673200000000003 0.75366100000000003 0.0091626324216706658 0.2648215000000001 0.0084548006112275063 0.015785255529358742 0.0011730676716493473
decision_type=2 2 2 2 2 2 2 2 2 2 2 2 2 2 2
left_child=1 2 3 -1 5 12 7 -6 10 -10 -8 -7 14 -14 -5
right_child=-2 -3 -4 4 6 11 8 -9 9 -11 -12 -13 13 -15 -16
leaf_value=1.7506369915516248e-06 -4.5374106207418661e-06 3.3100598678004187e-06 2.5787048741676698e-06 -3.7595379136622463e-06 3.1590190509142789e-06 5.1873161510229691e-06 -1.3306007146240973e-06 -1.0452429585390799e-06 -5.0201784688904841e-06 -6.5343487996561985e-07 4.8394912107596607e-06 7.1676456343539024e-07 1.9714125397141125e-06 -1.86188647652167e-07 -1.8570035190837839e-07
leaf_weight=31 36 20 20 22 39 22 20 34 28 237 20 21 64 214 21
leaf_count=31 36 20 20 22 39 22 20 34 28 237 20 21 64 214 21
internal_value=-1.23956e-14 2.00919e-07 1.22504e-07 5.8954e-08 -1.17227e-08 3.54092e-07 -3.63989e-07 1.20087e-06 -7.38529e-07 -1.11483e-06 1.75445e-06 3.00402e-06 -8.83207e-10 3.10525e-07 -2.01418e-06
internal_weight=849 813 793 773 742 364 378 73 305 265 40 43 321 278 43
internal_count=849 813 793 773 742 364 378 73 305 265 40 43 321 278 43
is_linear=0
shrinkage=0.3


Tree=264
num_leaves=17
num_cat=0
split_feature=27 1 14 10 17 0 25 19 26 4 7 27 19 18 27 12
split_gain=5.98846e-09 1.83173e-08 1.32494e-08 6.29653e-09 2.05092e-08 1.37337e-08 5.26442e-09 9.74629e-10 2.98906e-09 2.63653e-09 2.49262e-09 2.3633e-09 4.0048e-09 3.37771e-09 1.68871e-09 2.19682e-09
threshold=0.62110700000000019 9.5228045950140103 0.0079454814404270133 2.1986611648937293 0.0037987155194103609 8.9621154342592764 0.22500000000000003 0.070725500000000011 0.13578550000000003 14082700.000000002 -0.0010010405258837317 0.84447200000000011 -0.058345999999999988 -0.26908496693389911 0.87104950000000014 -0.0013531215305193829
decision_type=2 2 2 2 2 2 2 2 2 2 2 2 2 2 2 2
left_child=2 3 -1 5 6 7 -5 11 -9 10 -10 12 13 -2 -13 -16
right_child=1 -3 -4 4 -6 -7 -8 8 9 -11 -12 14 -14 -15 15 -17
leaf_value=-7.5697703335312173e-06 -2.85610347993276e-06 8.3676317785830179e-06 1.9320927799526544e-06 4.2755842923725136e-06 -1.0876242134116865e-05 7.9670425512290419e-06 -2.0971083411528266e-06 3.9215565595895895e-06 9.9216059123503119e-07 3.0242351464529259e-06 -8.5088172066009632e-07 2.2660203318929978e-06 -4.363140894554362e-06 6.035285163942784e-07 -1.8830829624979135e-06 5.3954516177432809e-07
leaf_weight=28 37 24 25 20 20 20 28 20 108 26 170 33 30 81 45 134
leaf_count=28 37 24 25 20 20 20 28 20 108 26 170 33 30 81 45 134
internal_value=1.57547e-14 2.05592e-07 -3.08776e-06 -4.81501e-08 -2.80489e-06 2.18125e-07 5.5818e-07 -8.45111e-09 3.69027e-07 1.35308e-07 -1.3488e-07 -3.48181e-07 -1.26814e-06 -4.81271e-07 2.94052e-07 -6.94954e-08
internal_weight=849 796 53 772 68 704 48 684 324 304 278 360 148 118 212 179
internal_count=849 796 53 772 68 704 48 684 324 304 278 360 148 118 212 179
is_linear=0
shrinkage=0.3


Tree=265
num_leaves=14
num_cat=0
split_feature=0 10 1 10 27 27 14 13 17 27 13 27 25
split_gain=9.64984e-09 6.06979e-09 7.6127e-09 2.13251e-09 1.53748e-09 2.90993e-09 2.77107e-09 2.69122e-09 2.38136e-09 2.2349e-09 2.21205e-09 2.40291e-09 1.76728e-09
threshold=9.5139043281825852 2.6256449944175961 9.0066147404763317 2.2904944400385765 0.77557850000000006 0.75366100000000003 0.0079726849419491878 0.011543010171505967 0.0058673929449772439 0.86788700000000008 0.0094610161260320225 0.70673200000000003 0.26785700000000007
decision_type=2 2 2 2 2 2 2 2 2 2 2 2 2
left_child=1 2 3 4 5 10 -7 8 9 -6 12 -12 -1
right_child=-2 -3 -4 -5 7 6 -8 -9 -10 -11 11 -13 -14
leaf_value=-1.1737213807655758e-07 -5.9299195186213178e-06 4.6834557626210026e-06 -5.0234561178705502e-06 2.5186050959625977e-06 -1.2244112266971307e-06 4.8171399309164064e-06 1.580908485721011e-07 3.2045214780396235e-06 2.7030712252760418e-06 1.0125927974447002e-07 3.092918622433385e-07 -3.1418047080933319e-06 2.2776034141161163e-06
leaf_weight=57 24 26 26 34 207 27 20 20 22 256 46 30 54
leaf_count=57 24 26 26 34 207 27 20 20 22 256 46 30 54
internal_value=-4.94351e-15 1.72507e-07 2.57174e-08 1.95547e-07 8.86678e-08 7.24352e-07 2.83457e-06 -2.05887e-07 -3.46522e-07 -4.91427e-07 1.93977e-07 -1.05298e-06 1.04775e-06
internal_weight=849 825 799 773 739 234 47 505 485 463 187 76 111
internal_count=849 825 799 773 739 234 47 505 485 463 187 76 111
is_linear=0
shrinkage=0.3


Tree=266
num_leaves=15
num_cat=0
split_feature=17 16 17 0 3 19 20 19 6 7 16 13 27 13
split_gain=6.89556e-09 1.91422e-08 1.44982e-08 3.06005e-08 1.39992e-08 1.43077e-09 2.9111e-09 2.63053e-09 2.1402e-09 2.02565e-09 2.004e-09 1.78866e-09 1.2843e-09 1.05134e-09
threshold=0.005841175703354534 0.0011743693916142521 0.0054884492738688177 9.3003091779372582 8.9799151420593279 -0.46311999999999992 0.060183000000000007 -0.34914099999999998 -0.0024154919505777988 -0.0070582867927441234 0.0011904482779522163 0.0088218665945282906 0.92909150000000007 0.0092966073201205257
decision_type=2 2 2 2 2 2 2 2 2 2 2 2 2 2
left_child=2 -2 3 4 5 6 8 11 -1 10 -9 -7 -11 -10
right_child=1 -3 -4 -5 -6 7 -8 9 13 12 -12 -13 -14 -15
leaf_value=-2.4125165616339923e-06 -1.0407775880594272e-05 2.7177763604413481e-06 8.1668928635281188e-06 -1.1597062730288597e-05 7.7478434163421891e-06 4.2445827403980729e-06 -3.0825059137423277e-06 -4.085147784849141e-06 6.3403394988127004e-09 3.8163630063046784e-07 2.0913139649011376e-08 4.0316607860191309e-07 -1.4514861578464733e-06 2.3838249538025241e-06
leaf_weight=24 20 20 20 20 22 24 37 20 47 489 23 20 37 26
leaf_count=24 20 20 20 20 22 24 37 20 47 489 23 20 37 26
internal_value=1.52101e-14 -3.845e-06 1.90111e-07 -1.20885e-08 2.89211e-07 6.9546e-08 -8.18475e-07 2.63665e-07 4.51242e-08 9.08492e-08 -1.88888e-06 2.49848e-06 2.5269e-07 8.53116e-07
internal_weight=849 40 809 789 769 747 134 613 97 569 43 44 526 73
internal_count=849 40 809 789 769 747 134 613 97 569 43 44 526 73
is_linear=0
shrinkage=0.3


Tree=267
num_leaves=11
num_cat=0
split_feature=18 1 4 3 17 17 17 24 6 22
split_gain=5.16584e-09 1.39754e-08 1.08625e-08 6.21621e-09 1.61649e-09 1.66731e-09 1.79398e-09 1.36608e-09 2.94267e-09 1.70485e-09
threshold=-0.93792677887442033 9.5228045950140103 4565900.0000000009 8.9621157646179217 0.0058673929449772439 0.0048077154047411049 0.0045636565737204662 0.26785700000000007 -0.0022185868413812254 0.6277545000000001
decision_type=2 2 2 2 2 2 2 2 2 2
left_child=2 3 -1 4 5 6 7 9 -9 -2
right_child=1 -3 -4 -5 -6 -7 -8 8 -10 -11
leaf_value=1.1377101593268434e-06 6.0737377965945598e-07 7.3035834361689919e-06 -8.3288255555302725e-06 -4.3560265770918637e-06 2.3566986417985652e-06 -2.0173106518897424e-06 2.6828718034721532e-06 1.091293198935972e-06 -1.454892219915349e-06 -7.7550595567204783e-07
leaf_weight=24 376 24 20 29 28 34 24 60 128 102
leaf_count=24 376 24 20 29 28 34 24 60 128 102
internal_value=1.05954e-14 1.73008e-07 -3.16526e-06 -4.61133e-08 1.20093e-07 3.35949e-08 1.34654e-07 4.28263e-08 -6.4228e-07 3.12282e-07
internal_weight=849 805 44 781 752 724 690 666 188 478
internal_count=849 805 44 781 752 724 690 666 188 478
is_linear=0
shrinkage=0.3


Tree=268
num_leaves=11
num_cat=0
split_feature=9 13 19 9 13 1 29 17 1 13
split_gain=4.96793e-09 1.68265e-08 1.1955e-08 9.56822e-09 1.25134e-08 1.4244e-08 1.8052e-09 9.63706e-09 3.09561e-09 1.51786e-09
threshold=0.034772948534358222 0.011638996176280546 -0.0096589999999999992 0.030285373440448324 0.010794169931912546 9.1045129325491825 4.5000000000000009 0.0022234030598821146 8.9621162441320301 0.0088018639299871689
decision_type=2 2 2 2 2 2 2 2 2 2
left_child=1 3 -2 4 5 6 8 -8 9 -1
right_child=2 -3 -4 -5 -6 -7 7 -9 -10 -11
leaf_value=5.339892886428386e-07 -7.9270426377443862e-06 8.1782464190916429e-06 1.3804940105425583e-06 -6.0830100951732114e-06 6.7280830899107967e-06 -7.9933781645991068e-06 -1.7474837898918911e-06 6.5791262585758075e-06 -3.5069732694575413e-06 -3.97961347013016e-07
leaf_weight=348 23 23 27 23 25 20 29 22 22 287
leaf_count=348 23 23 27 23 25 20 29 22 22 287
internal_value=1.0284e-14 1.81538e-07 -2.90097e-06 -5.54781e-08 1.2863e-07 -9.79998e-08 1.25033e-07 1.84439e-06 -8.43234e-09 1.12777e-07
internal_weight=849 799 50 776 753 728 708 51 657 635
internal_count=849 799 50 776 753 728 708 51 657 635
is_linear=0
shrinkage=0.3


Tree=269
num_leaves=19
num_cat=0
split_feature=13 21 3 1 11 16 8 9 22 12 11 7 26 20 20 4 7 18
split_gain=6.88419e-09 5.62729e-08 2.21136e-08 4.90697e-09 1.58947e-09 2.05002e-09 2.52773e-09 1.92163e-09 3.20685e-09 1.83397e-09 4.45937e-09 2.25219e-09 1.46168e-09 1.25425e-09 3.13507e-09 1.735e-09 1.6895e-09 1.81783e-09
threshold=0.011543010171505967 0.31900350000000005 9.1223120689392108 9.0066147404763317 60.355024178840935 0.00487805149690234 0.024973068338908454 0.017854864726515037 0.14405300000000001 -0.00035812463233613601 57.527026043772189 -0.0058309440535369217 0.45625000000000004 0.59764300000000004 0.45905500000000005 10854850.000000002 -0.0022649871582971549 0.018008684305203873
decision_type=2 2 2 2 2 2 2 2 2 2 2 2 2 2 2 2 2 2
left_child=2 -2 3 4 5 7 12 9 -9 11 -11 -1 -7 14 16 -15 -6 -18
right_child=1 -3 -4 -5 13 6 -8 8 -10 10 -12 -13 -14 15 -16 -17 17 -19
leaf_value=-2.1190093816585431e-06 -1.4214681482113436e-05 7.7724794118694265e-06 9.8025078386854144e-06 -4.4790582514699715e-06 3.1701536499895154e-06 1.9177486575225212e-06 4.2060391666609576e-06 -5.0816376651141584e-06 -3.8844849705966269e-07 -1.9697270600901269e-07 -3.7877115738401319e-06 9.3532457501509155e-07 -1.3961061198415335e-06 3.9303650384147699e-07 -3.081155222162124e-06 4.1195399859361711e-06 1.7118988459376691e-06 -9.6994774888041008e-07
leaf_weight=25 22 20 21 22 25 23 20 20 38 230 36 166 25 23 20 22 46 45
leaf_count=25 22 20 21 22 25 23 20 20 38 230 36 166 25 23 20 22 46 45
internal_value=-9.24584e-15 -3.7446e-06 1.94886e-07 -6.18057e-08 6.53927e-08 -1.75712e-07 1.37245e-06 -3.80129e-07 -2.00679e-06 -1.73682e-07 -6.82937e-07 5.35543e-07 1.91783e-07 8.4199e-07 3.87724e-07 2.21488e-06 9.85806e-07 3.85711e-07
internal_weight=849 42 807 786 764 583 68 515 58 457 266 191 48 181 136 45 116 91
internal_count=849 42 807 786 764 583 68 515 58 457 266 191 48 181 136 45 116 91
is_linear=0
shrinkage=0.3


Tree=270
num_leaves=12
num_cat=0
split_feature=17 2 16 12 27 27 8 13 17 21 18
split_gain=5.24811e-09 1.26247e-08 1.00098e-08 1.45051e-09 1.28416e-09 2.19844e-09 1.18051e-09 1.8981e-09 2.43707e-09 1.66157e-09 1.17433e-09
threshold=0.0057604213341483955 9.0244151048369314 0.0011560407497887223 -0.00302996735304864 0.61069950000000006 0.66053500000000021 0.10642648475334733 0.010680418803262868 0.0012048468255456961 0.47727750000000008 -0.041869045767618032
decision_type=2 2 2 2 2 2 2 2 2 2 2
left_child=1 3 -2 -1 10 -6 7 9 -9 -7 -5
right_child=2 -3 -4 4 5 6 -8 8 -10 -11 -12
leaf_value=2.4576815769705717e-06 -8.1621320051605823e-06 6.0173513745098717e-06 7.6499988276387176e-07 3.1330652632277634e-06 -2.8858814131480258e-06 -3.9152374783393908e-07 1.6830225655623156e-06 2.8406453269624874e-07 -4.2439785607661444e-06 7.0720277101088413e-07 7.5373606269233906e-08
leaf_weight=20 20 32 26 20 27 430 31 20 23 174 26
leaf_count=20 20 32 26 20 27 430 31 20 23 174 26
internal_value=8.38748e-15 1.78521e-07 -3.11636e-06 -6.38166e-08 -1.30967e-07 -2.31173e-07 -1.25455e-07 -2.12105e-07 -2.13791e-06 -7.50032e-08 1.4048e-06
internal_weight=849 803 46 771 751 705 678 647 43 604 46
internal_count=849 803 46 771 751 705 678 647 43 604 46
is_linear=0
shrinkage=0.3


Tree=271
num_leaves=15
num_cat=0
split_feature=0 17 17 0 21 9 21 6 17 10 10 17 14 10
split_gain=8.14955e-09 6.86018e-09 1.74711e-08 1.15067e-08 1.44505e-09 3.25319e-09 2.71673e-09 3.52477e-09 2.82384e-09 1.93765e-09 2.80756e-09 1.92997e-09 2.51451e-09 1.51863e-09
threshold=9.5139043281825852 0.0061500051503076475 0.0054884492738688177 8.9888148314891776 0.36453600000000003 0.031014738536931253 0.43178200000000005 0.0011306770840013153 0.0011461584269097012 1.3013279015970489 1.4027568161601873 0.0042462997731939007 0.0073574669958201017 1.1005990460978639
decision_type=2 2 2 2 2 2 2 2 2 2 2 2 2 2
left_child=1 2 3 4 5 9 7 8 -6 13 -11 12 -8 -1
right_child=-2 -3 -4 -5 6 -7 11 -9 -10 10 -12 -13 -14 -15
leaf_value=3.1309416241728587e-07 -5.4494853429787327e-06 4.465022463762125e-06 -8.7695174079271959e-06 7.1376289789831003e-06 -3.0719656070811075e-06 3.0676715868511367e-06 5.9043306194663329e-07 -5.3925992928955631e-06 1.7347087350572108e-06 -3.7207548062134775e-06 -1.5873310606669597e-07 2.3752613208848236e-06 -1.3990265771304586e-06 2.3718417528964676e-06
leaf_weight=213 24 32 20 21 22 37 127 21 22 24 117 27 104 38
leaf_count=213 24 32 20 21 22 37 127 21 22 24 117 27 104 38
internal_value=-1.37306e-14 1.5853e-07 -1.52498e-08 2.11251e-07 1.78285e-08 3.78678e-07 -4.61443e-07 -2.19483e-06 -6.68628e-07 1.2487e-07 -7.65035e-07 -2.47353e-08 -3.05254e-07 6.24777e-07
internal_weight=849 825 793 773 752 429 323 65 44 392 141 258 231 251
internal_count=849 825 793 773 752 429 323 65 44 392 141 258 231 251
is_linear=0
shrinkage=0.3


Tree=272
num_leaves=16
num_cat=0
split_feature=9 13 2 17 17 22 10 0 13 14 17 12 10 15 10
split_gain=5.06976e-09 1.42724e-08 1.24196e-08 7.93896e-09 1.71514e-09 1.06481e-08 4.9878e-09 6.21088e-09 2.21349e-09 1.61739e-09 1.44255e-09 1.30968e-09 1.61464e-09 2.9863e-09 1.95557e-09
threshold=0.034772948534358222 0.011638996176280546 9.0511136970759178 0.0022309496536327043 0.0035460877293423949 0.6277545000000001 1.6644790902985342 7.2560448554613792 0.0088763410873557835 0.0086313408908400679 0.0034265839365100908 -0.0024022221487192889 -0.81016755759493686 -0.0023350831674650518 -0.41250342251023009
decision_type=2 2 2 2 2 2 2 2 2 2 2 2 2 2 2
left_child=1 2 4 -2 10 6 7 8 -6 -8 11 -1 13 -13 -14
right_child=3 -3 -4 -5 5 -7 9 -9 -10 -11 -12 12 14 -15 -16
leaf_value=-2.044434119852667e-06 1.5598953041262577e-07 7.5482406061936395e-06 -6.6128938885867682e-06 -7.5603687172076658e-06 2.8975424623922663e-06 7.5342871796829629e-06 9.0386678447306286e-07 -5.5553893436023245e-06 -8.7065005295529621e-07 4.5416163034934181e-06 -1.8092943325707613e-06 7.8167845808471046e-07 3.0445916265094915e-06 -3.8589914744591173e-06 2.1015676160038039e-07
leaf_weight=25 30 23 25 20 20 20 22 22 47 22 39 26 23 24 461
leaf_count=25 30 23 25 20 20 20 22 22 47 22 39 26 23 24 461
internal_value=-1.40298e-14 1.83389e-07 -3.48993e-08 -2.93055e-06 1.84075e-07 1.08038e-06 1.09867e-07 -1.18189e-06 2.54184e-07 2.72274e-06 -4.52468e-08 7.78262e-08 1.77183e-07 -1.44584e-06 3.44851e-07
internal_weight=849 799 776 50 751 153 133 89 67 44 598 559 534 50 484
internal_count=849 799 776 50 751 153 133 89 67 44 598 559 534 50 484
is_linear=0
shrinkage=0.3


Tree=273
num_leaves=9
num_cat=0
split_feature=13 3 1 20 8 8 17 27
split_gain=6.64724e-09 8.62423e-09 4.50422e-09 1.18216e-09 9.96331e-10 1.34914e-09 1.60427e-09 1.38159e-09
threshold=0.01165387294667194 9.1223120689392108 9.0066147404763317 0.015939000000000005 -0.017406865847013429 -0.011011735125060405 0.0056711282371750453 0.7707075000000001
decision_type=2 2 2 2 2 2 2 2
left_child=1 2 3 -1 -5 -6 7 -7
right_child=-2 -3 -4 4 5 6 -8 -9
leaf_value=-2.1597545128315685e-06 -4.1742268055341724e-06 5.6547956301074005e-06 -4.2370526919264441e-06 1.7400674739422227e-06 -2.0642280933316213e-06 7.4783123864108344e-07 2.2534734962054158e-06 -2.0442656210818753e-07
leaf_weight=20 33 25 22 35 25 195 32 462
leaf_count=20 33 25 22 35 25 195 32 462
internal_value=-1.45285e-14 1.68811e-07 -4.57701e-09 1.16508e-07 1.77289e-07 1.00683e-07 1.79235e-07 7.8207e-08
internal_weight=849 816 791 769 749 714 689 657
internal_count=849 816 791 769 749 714 689 657
is_linear=0
shrinkage=0.3


Tree=274
num_leaves=14
num_cat=0
split_feature=17 17 0 1 16 20 19 17 20 8 10 5 10
split_gain=5.76564e-09 1.33962e-08 2.70196e-08 1.79138e-08 7.21279e-09 8.82437e-10 1.74711e-09 1.70173e-09 2.73945e-09 1.67414e-09 1.77282e-09 1.08213e-09 1.14272e-09
threshold=0.005841175703354534 0.0054884492738688177 9.1223123485796087 9.0244139166835087 0.0011743693916142521 0.54350050000000005 0.41413700000000003 0.0024389639700671873 0.76582650000000008 0.0080927421563143382 1.3968611729547364 0.0093546949244803865 -0.81016755759493686
decision_type=2 2 2 2 2 2 2 2 2 2 2 2 2
left_child=1 2 3 5 -2 6 11 9 -9 -7 -11 12 -1
right_child=4 -3 -4 -5 -6 7 -8 8 -10 10 -12 -13 -14
leaf_value=-1.4761018506375806e-06 -7.5443864147928247e-06 7.8414617114219706e-06 -1.0637321559313151e-05 9.1305327424073827e-06 5.1260507007100385e-07 2.2983323433436449e-06 -2.6561086912124665e-06 4.7110518965252727e-06 1.9206876622490652e-08 -1.5045335382093186e-06 9.0518191885191607e-07 1.7107651865444496e-06 7.4328234263043983e-09
leaf_weight=52 20 20 21 20 20 25 24 21 24 61 50 30 461
leaf_count=52 20 20 21 20 20 25 24 21 24 61 50 30 461
internal_value=6.32694e-15 1.73839e-07 -2.05242e-08 2.69779e-07 -3.51589e-06 3.28603e-08 -1.51242e-07 6.0958e-07 2.20873e-06 8.04475e-08 -4.19076e-07 -4.053e-08 -1.42945e-07
internal_weight=849 809 789 768 40 748 567 181 45 136 111 543 513
internal_count=849 809 789 768 40 748 567 181 45 136 111 543 513
is_linear=0
shrinkage=0.3


Tree=275
num_leaves=17
num_cat=0
split_feature=16 1 10 5 2 13 0 18 10 10 5 13 4 6 6 17
split_gain=4.68471e-09 1.1982e-08 4.47697e-09 1.49913e-08 6.97483e-09 2.89253e-09 1.37664e-09 2.42688e-09 2.11315e-09 3.48971e-09 2.83152e-09 2.05318e-09 3.59973e-09 2.24709e-09 1.86424e-09 1.77436e-09
threshold=0.0076409675439557791 9.5228045950140103 2.0477969355376486 -0.0010817720512875833 8.8909175852540354 0.0079315869152506765 7.1934573759000822 -0.62787128828216265 1.3410980693332417 1.4699101227984297 -0.0021223303003114792 0.0085794359178182535 7756550.0000000009 0.0056370995295276288 0.0093546949244803865 0.002365528695784692
decision_type=2 2 2 2 2 2 2 2 2 2 2 2 2 2 2 2
left_child=1 2 4 -4 6 -5 11 -8 10 -10 -9 12 -1 15 -15 -13
right_child=-2 -3 3 5 -6 -7 7 8 9 -11 -12 13 -14 14 -16 -17
leaf_value=-4.1948779380618356e-06 -3.9648075705018144e-06 6.8762499801738636e-06 -9.3057364472315393e-06 1.991815511647634e-06 5.569746843190972e-06 -1.8666867935242712e-06 3.0265398615281215e-06 3.0792664319517091e-06 -4.2515501523660805e-06 1.4368169214407088e-07 6.5942135532605793e-09 1.377694479516704e-07 9.2631398130395484e-07 2.9424513442293302e-06 -5.9650878588359197e-07 -1.3163646739670608e-06
leaf_weight=30 26 23 20 34 21 36 32 41 21 72 79 220 21 37 21 115
leaf_count=30 26 23 20 34 21 36 32 41 21 72 79 220 21 37 21 115
internal_value=-8.44711e-15 1.25255e-07 -6.88359e-08 -2.06215e-06 1.83838e-07 7.4429e-09 1.96811e-08 5.90542e-07 2.2457e-07 -8.4879e-07 1.05642e-06 -2.95321e-07 -2.08615e-06 -6.29228e-08 1.6611e-06 -3.61411e-07
internal_weight=849 823 800 90 710 70 689 245 213 93 120 444 51 393 58 335
internal_count=849 823 800 90 710 70 689 245 213 93 120 444 51 393 58 335
is_linear=0
shrinkage=0.3


Tree=276
num_leaves=15
num_cat=0
split_feature=27 8 14 10 1 27 0 1 13 17 8 6 6 17
split_gain=4.45756e-09 7.60267e-09 2.53505e-08 3.50556e-08 1.23609e-08 1.84314e-09 6.75854e-09 4.91102e-09 2.83186e-09 1.94273e-09 1.67915e-09 1.86207e-09 1.40418e-09 1.19109e-09
threshold=0.54621100000000011 0.093336628070231506 0.013229239756980284 1.5708131772808731 9.1045129325491825 0.9109695000000001 7.8434282493627867 8.944316745327443 0.010417619301323964 0.005841175703354534 0.012163498489102779 0.0022883056846365666 0.011305319526803038 0.00454804751140172
decision_type=2 2 2 2 2 2 2 2 2 2 2 2 2 2
left_child=-1 4 3 -3 5 7 8 9 10 12 -7 -12 13 -2
right_child=1 2 -4 -5 -6 6 -8 -9 -10 -11 11 -13 -14 -15
leaf_value=-4.3163965795908354e-06 -9.6406414620878038e-08 4.6071948092544928e-07 -6.0677620180626938e-06 1.6377883985114749e-05 -6.4763291953163891e-06 -9.3846264495108958e-07 5.9861440096905691e-06 -4.8033227567145792e-06 -3.0971380493838298e-06 2.6810428504058622e-06 6.2494867047272844e-07 3.8992415312577579e-06 2.3311203864295745e-06 -1.7821384729569861e-06
leaf_weight=21 472 33 20 20 27 35 21 20 20 23 54 22 20 41
leaf_count=21 472 33 20 20 27 35 21 20 20 23 54 22 20 41
internal_value=1.33848e-14 1.09474e-07 3.03296e-06 6.4672e-06 -1.73194e-07 6.05756e-08 9.89807e-07 -1.84638e-07 1.88867e-07 -1.84984e-08 7.8094e-07 1.57277e-06 -1.34989e-07 -2.31134e-07
internal_weight=849 828 73 53 755 728 152 576 131 556 111 76 533 513
internal_count=849 828 73 53 755 728 152 576 131 556 111 76 533 513
is_linear=0
shrinkage=0.3


Tree=277
num_leaves=17
num_cat=0
split_feature=9 3 10 1 27 12 7 7 12 17 10 27 17 13 20 27
split_gain=6.1338e-09 1.03924e-08 9.38208e-09 6.47352e-09 1.64394e-09 1.40106e-09 1.84824e-09 1.88999e-09 1.71733e-09 3.21995e-09 2.96063e-09 2.29572e-09 2.03143e-09 2.79744e-09 1.88753e-09 1.65687e-09
threshold=0.034937500858364993 9.1223120689392108 1.3331808231361453 9.0066147404763317 0.56690950000000007 0.00071472753548623409 0.0085057126819173805 0.004914427406184421 -0.00022138376339466754 0.0033594494990880053 1.4699101227984297 0.7526250000000001 0.0023201281154144938 0.0091626324216706658 0.032708000000000008 0.71781150000000016
decision_type=2 2 2 2 2 2 2 2 2 2 2 2 2 2 2 2
left_child=1 3 -2 4 -1 8 7 15 12 11 -11 -10 14 -14 -6 -7
right_child=2 -3 -4 -5 5 6 -8 -9 9 10 -12 -13 13 -15 -16 -17
leaf_value=2.3387466254023129e-06 1.3853024877822202e-06 5.4926114557929392e-06 -7.1402654360606624e-06 -5.0970201949047056e-06 -2.7663521741225431e-06 -1.9034876150466776e-06 -1.328635045242758e-06 3.0431670089282144e-06 -2.5203484412862773e-06 -5.0065353024882795e-06 -3.2929639287106381e-07 5.3295733534210215e-07 2.5570811674168029e-06 -5.8129735914488636e-07 -3.6510655232829063e-08 9.5547351037543935e-07
leaf_weight=29 21 32 26 22 26 21 36 34 29 29 21 94 61 44 185 139
leaf_count=29 21 32 26 22 26 21 36 34 29 29 21 94 61 44 185 139
internal_value=-4.23062e-15 1.95206e-07 -3.33097e-06 -2.49455e-08 1.24233e-07 3.49135e-08 6.45541e-07 1.01188e-06 -2.52294e-07 -1.01212e-06 -3.04209e-06 -1.86928e-07 1.63687e-07 1.24195e-06 -3.72889e-07 5.80235e-07
internal_weight=849 802 47 770 748 719 230 194 489 173 50 123 316 105 211 160
internal_count=849 802 47 770 748 719 230 194 489 173 50 123 316 105 211 160
is_linear=0
shrinkage=0.3


Tree=278
num_leaves=21
num_cat=0
split_feature=0 1 0 11 19 4 15 19 17 20 6 16 3 19 20 1 19 19 7 1
split_gain=6.05155e-09 4.66776e-09 1.3996e-09 3.33704e-09 1.11905e-09 1.60874e-09 2.1209e-09 1.78417e-09 1.64119e-09 1.97905e-09 1.74999e-09 1.46631e-09 1.2164e-09 3.45441e-09 6.14574e-09 2.88166e-09 1.57625e-09 2.45306e-09 5.18009e-09 2.05141e-09
threshold=9.5139043281825852 9.0778128192021335 8.833069106192255 60.579556388130449 0.45792700000000003 10854850.000000002 0.0010929224832264995 0.63996850000000005 0.0022471889644660259 0.85618450000000013 0.0033352313322388073 0.0023753647932103607 6.9646582603454599 0.32580100000000006 0.46199950000000006 7.0241970968933982 0.33661550000000007 -0.054140499999999994 0.0033747443050240748 6.8975716550271153
decision_type=2 2 2 2 2 2 2 2 2 2 2 2 2 2 2 2 2 2 2 2
left_child=1 2 4 -4 12 7 -7 11 9 -9 -10 -6 16 14 15 -14 17 19 -19 -1
right_child=-2 -3 3 -5 5 6 -8 8 10 -11 -12 -13 13 -15 -16 -17 -18 18 -20 -21
leaf_value=2.7211070068984334e-07 -4.6959361156950761e-06 4.6638273641974585e-06 -4.3359860196038166e-06 1.0122100734731376e-06 5.4985503084026274e-08 4.5423230306239147e-06 2.2565081962966359e-07 -3.8103139579768389e-06 -1.0410848801711835e-06 3.1301407886985539e-07 2.8362809172222114e-06 3.6442157157320509e-06 -3.8205829551688192e-06 -3.3823295483676409e-06 4.799234368338797e-06 -2.3383519024602144e-07 2.9474134881013468e-06 -2.1443003091262055e-06 2.1726070426571672e-06 2.7537596637092403e-06
leaf_weight=99 24 20 21 21 20 21 20 22 22 20 20 21 22 33 21 241 20 82 36 43
leaf_count=99 24 20 21 21 20 21 20 22 22 20 20 21 22 33 21 241 20 82 36 43
internal_value=1.75288e-14 1.36609e-07 2.41316e-08 -1.66189e-06 1.1694e-07 8.05935e-07 2.43663e-06 2.71067e-07 -5.20772e-07 -1.84682e-06 8.0528e-07 1.89337e-06 -7.46398e-08 -4.77098e-07 -1.39518e-07 -5.33867e-07 3.81e-07 1.83584e-07 -8.27278e-07 1.0236e-06
internal_weight=849 825 805 42 763 166 41 125 84 42 42 41 597 317 284 263 280 260 118 142
internal_count=849 825 805 42 763 166 41 125 84 42 42 41 597 317 284 263 280 260 118 142
is_linear=0
shrinkage=0.3


Tree=279
num_leaves=26
num_cat=0
split_feature=14 0 2 2 22 6 6 27 9 12 26 5 15 12 3 1 3 22 24 14 11 4 15 14 10
split_gain=4.62169e-09 5.05462e-08 2.99758e-08 1.70417e-09 1.59671e-09 1.69221e-09 1.93313e-09 1.49788e-09 1.89951e-09 1.7103e-09 1.1755e-09 4.84712e-09 2.31613e-09 4.16398e-09 2.1718e-09 4.29319e-09 2.66863e-09 2.87238e-09 2.25688e-09 1.96745e-09 2.19943e-09 1.9141e-09 1.42658e-09 1.31854e-09 7.48463e-10
threshold=0.0075268703070056784 8.8909174672566404 9.0244151048369314 8.8019190038105517 0.017332000000000004 0.0061952300854357613 0.0046757365140849836 0.80442950000000013 0.0081005671133550557 -0.00096638069640544739 0.75118150000000006 -0.0032805286765037601 0.0022284108758810366 2.9454717909018223e-05 7.180938959121705 7.5397774374954984 7.004307985305787 0.26101050000000009 0.26785700000000007 0.0048959634526745824 55.030289688289464 5382850.0000000009 -1.0000000180025095e-35 0.0044321829149464335 1.4027568161601873
decision_type=2 2 2 2 2 2 2 2 2 2 2 2 2 2 2 2 2 2 2 2 2 2 2 2 2
left_child=1 10 3 4 -2 6 7 9 -9 -6 12 -12 14 -14 16 -16 17 18 -1 -13 -21 -19 -17 -24 -7
right_child=2 -3 -4 -5 5 24 -8 8 -10 -11 11 19 13 -15 15 22 -18 21 -20 20 -22 -23 23 -25 -26
leaf_value=2.9591403337439383e-06 2.1142629726026362e-06 -1.543512404566627e-05 9.8280230849923085e-06 -2.5637153157731516e-06 1.2090296876294814e-06 2.6123342725744202e-06 -3.0966820296336144e-06 -2.2922481563814046e-06 8.2270125151303628e-07 -1.6137336440959788e-06 3.405400749443288e-06 6.2778894196278334e-08 4.5846792161306619e-06 -4.9915629970514445e-07 4.6639287554419502e-06 1.3739835320724193e-06 -3.9121783185113266e-06 -1.5627679041634628e-07 -6.9484028824007278e-07 -5.1907732269696922e-06 -1.3182877182771334e-06 -4.2067759876220275e-06 -2.9427512751161494e-06 4.1905538442473957e-07 4.1740971866978539e-07
leaf_weight=29 34 20 30 22 25 27 21 20 148 85 20 33 29 29 22 33 22 21 32 22 33 21 21 21 29
leaf_count=29 34 20 30 22 25 27 21 20 148 85 20 33 29 29 22 33 22 21 32 22 33 21 21 21 29
internal_value=8.05073e-15 -7.27708e-07 6.73253e-07 5.02188e-09 1.50298e-07 -3.78006e-08 -3.21261e-07 -1.11607e-07 4.51874e-07 -9.72197e-07 3.04067e-08 -8.10378e-07 3.54709e-07 2.04276e-06 -8.63134e-08 9.78869e-07 -9.12895e-07 -2.72271e-07 1.0423e-06 -1.76851e-06 -2.86728e-06 -2.18153e-06 -1.02082e-07 -1.26185e-06 1.47568e-06
internal_weight=849 408 441 411 389 355 299 278 168 110 388 108 280 58 222 97 125 103 61 88 55 42 75 42 56
internal_count=849 408 441 411 389 355 299 278 168 110 388 108 280 58 222 97 125 103 61 88 55 42 75 42 56
is_linear=0
shrinkage=0.3


Tree=280
num_leaves=10
num_cat=0
split_feature=1 0 17 9 4 4 0 14 17
split_gain=7.11203e-09 4.77875e-09 8.61739e-10 9.37407e-10 1.051e-09 1.06461e-09 2.41704e-09 1.22396e-09 1.05403e-09
threshold=9.1045129325491825 8.8998173220560055 0.005841175703354534 0.0069405300415789784 20332200.000000004 14480150.000000002 7.6232282566870859 0.0033223391737394071 0.00454804751140172
decision_type=2 2 2 2 2 2 2 2 2
left_child=1 2 3 -1 5 7 -7 -5 -9
right_child=-2 -3 -4 4 -6 6 -8 8 -10
leaf_value=1.6284075809380739e-06 -4.0112778253244055e-06 4.0389187890558066e-06 1.5749022784977695e-06 -2.4330712770392896e-06 -2.1247452208812813e-06 -4.2705571559054076e-07 3.7693530202886901e-06 7.0086007197126347e-08 -1.316269529401855e-06
leaf_weight=30 38 28 32 20 22 30 21 574 54
leaf_count=30 38 28 32 20 22 30 21 574 54
internal_value=4.91511e-15 1.87951e-07 5.02412e-08 -1.47244e-08 -8.30933e-08 -1.88353e-08 1.30088e-06 -1.22702e-07 -4.91229e-08
internal_weight=849 811 783 751 721 699 51 648 628
internal_count=849 811 783 751 721 699 51 648 628
is_linear=0
shrinkage=0.3


Tree=281
num_leaves=12
num_cat=0
split_feature=17 4 4 2 12 3 2 12 27 6 6
split_gain=4.78142e-09 9.74324e-09 8.76939e-09 5.15949e-08 1.72113e-08 1.35408e-09 1.29331e-09 7.72414e-10 8.48694e-10 1.63212e-09 1.59294e-09
threshold=0.0057604213341483955 8576900.0000000019 16953600.000000004 9.0244151048369314 -0.00017311765552259194 8.9443168640136737 8.8108191977350394 0.0028504753225369285 0.81278650000000008 -0.0057870172748960306 -0.0037347324244248739
decision_type=2 2 2 2 2 2 2 2 2 2 2
left_child=2 -2 3 5 -4 6 7 8 9 -1 -10
right_child=1 -3 4 -5 -6 -7 -8 -9 10 -11 -12
leaf_value=-1.880439824120117e-06 1.3915318568844827e-06 -7.3406773392138266e-06 2.3836806768429142e-06 1.4119320530880941e-05 -8.4771119990646503e-06 -2.3923544940121893e-06 2.3162471651713449e-06 1.3318202836861321e-06 1.0729149896907382e-06 5.3247485621580254e-07 -6.6649666888894898e-07
leaf_weight=28 23 23 24 24 29 21 22 36 56 255 308
leaf_count=28 23 23 24 24 29 21 22 36 56 255 308
internal_value=-3.46798e-15 -2.97457e-06 1.70399e-07 4.33944e-07 -3.55902e-06 -1.84648e-08 5.22468e-08 -2.06785e-08 -9.59335e-08 2.93741e-07 -3.98895e-07
internal_weight=849 46 803 750 53 726 705 683 647 283 364
internal_count=849 46 803 750 53 726 705 683 647 283 364
is_linear=0
shrinkage=0.3


Tree=282
num_leaves=13
num_cat=0
split_feature=1 0 17 16 9 17 16 21 0 9 17 16
split_gain=8.50282e-09 2.23743e-09 1.09643e-09 8.53581e-10 8.23663e-10 1.20466e-09 1.30563e-09 2.61987e-09 2.56238e-09 1.1852e-09 1.22351e-09 1.20462e-09
threshold=9.1045129325491825 8.8998173220560055 0.005841175703354534 0.007500034406359002 0.011717909098351338 0.0035460877293423949 0.0011019539534811429 0.21242750000000002 7.0590724940407625 0.011987423811826077 0.00454804751140172 0.0012098917121200761
decision_type=2 2 2 2 2 2 2 2 2 2 2 2
left_child=1 2 3 4 5 6 7 -1 -8 -6 11 -11
right_child=-2 -3 -4 -5 9 -7 8 -9 -10 10 -12 -13
leaf_value=-3.4278483704852647e-06 -4.3859880472490128e-06 2.8405512779272611e-06 1.8310744717808801e-06 1.9716030024596873e-06 -2.2836910659407291e-06 2.0042216042862779e-06 -2.8216100439727864e-07 7.7739814003052737e-07 2.5271021658309936e-06 5.5872303050819028e-07 -1.7350523336290277e-06 -4.32671759227261e-07
leaf_weight=24 38 28 32 20 24 38 87 30 44 202 39 243
leaf_count=24 38 28 32 20 24 38 87 30 44 202 39 243
internal_value=1.57776e-14 2.05509e-07 1.1128e-07 3.79997e-08 -1.49033e-08 4.65733e-07 1.49719e-07 -1.0916e-06 6.61408e-07 -2.25891e-07 -1.23852e-07 1.73546e-08
internal_weight=849 811 783 751 731 223 185 54 131 508 484 445
internal_count=849 811 783 751 731 223 185 54 131 508 484 445
is_linear=0
shrinkage=0.3


Tree=283
num_leaves=14
num_cat=0
split_feature=4 3 0 20 10 9 19 17 18 8 11 11 5
split_gain=4.18268e-09 3.59541e-08 2.4418e-08 7.33964e-09 2.04331e-09 1.52044e-09 1.10738e-09 8.81013e-10 8.02831e-10 8.45837e-10 9.20942e-10 3.60048e-09 1.45252e-09
threshold=12912050.000000002 9.1223120689392108 9.0244143922139948 0.055906000000000004 1.3968611729547364 0.01457206435107525 0.85325850000000003 0.0058673929449772439 0.85782438331850175 -0.012412590481336137 58.296806001333472 57.527026043772189 0.00228306708741976
decision_type=2 2 2 2 2 2 2 2 2 2 2 2 2
left_child=2 3 6 -2 5 -5 7 8 9 -1 11 -11 -12
right_child=1 -3 -4 4 -6 -7 -8 -9 -10 10 12 -13 -14
leaf_value=1.4796859227624588e-06 -4.8663147001409224e-06 1.2943738455208274e-05 -1.0630455803948279e-05 7.7813080264711649e-07 2.4069268251790928e-06 -2.518329674074948e-06 -1.6924292274531829e-06 2.0003887503402697e-06 -1.7552091172490235e-06 3.0974475443088968e-09 1.2568616546430138e-06 -3.4654972782375586e-06 -5.774803639258338e-07
leaf_weight=37 27 21 20 34 39 20 33 21 22 378 107 29 61
leaf_count=37 27 21 20 34 39 20 33 21 22 378 107 29 61
internal_value=-2.19892e-14 1.49211e-06 -2.97158e-07 -5.11921e-07 7.52258e-07 -4.4278e-07 3.22832e-09 8.86584e-08 2.53361e-08 8.93426e-08 -1.22941e-10 -2.44051e-07 5.90821e-07
internal_weight=849 141 708 120 93 54 688 655 634 612 575 407 168
internal_count=849 141 708 120 93 54 688 655 634 612 575 407 168
is_linear=0
shrinkage=0.3


Tree=284
num_leaves=18
num_cat=0
split_feature=0 17 3 9 4 13 17 12 18 11 22 6 6 8 7 17 14
split_gain=7.37101e-09 2.76893e-09 1.295e-08 6.88653e-09 7.78115e-10 1.47476e-09 1.61713e-09 1.59809e-09 9.55559e-10 9.48358e-10 2.03569e-09 8.07784e-10 2.0253e-09 2.54308e-09 1.50354e-09 2.06597e-09 1.99563e-09
threshold=9.1223123485796087 0.0057604213341483955 8.9799151420593279 0.012509728091571007 9920150.0000000019 0.0097584657962258414 0.0011574338523683682 -0.0013531215305193829 0.72057922526000107 66.214574009348496 0.030522500000000004 0.0011274267404021044 0.001250068520894978 0.039444083385959651 0.0023201367459351791 0.0011634941193161281 0.0057339745058747936
decision_type=2 2 2 2 2 2 2 2 2 2 2 2 2 2 2 2 2
left_child=1 2 4 -3 8 7 -7 -6 11 10 -9 14 -13 -14 15 -1 -16
right_child=-2 3 -4 -5 5 6 -8 9 -10 -11 -12 12 13 -15 16 -17 -18
leaf_value=-1.8083445813516336e-07 -4.4664971284191781e-06 -6.1955331118213049e-06 7.6487099631451975e-06 1.6771275124938258e-06 -1.7991741262243697e-06 4.0064023335974396e-06 5.9678705263598695e-07 3.638687855657606e-06 -2.0284330175777334e-06 -1.0880305964633406e-06 3.1987331997829212e-07 -2.533403500300275e-06 6.2408720084355136e-07 -1.7834528282262791e-06 1.6868909927580943e-06 1.7379998781301321e-06 -1.4831950696654012e-06
leaf_weight=101 32 20 21 20 31 21 31 21 22 24 80 35 140 55 24 101 70
leaf_count=101 32 20 21 20 31 21 31 21 22 24 80 35 140 55 24 101 70
internal_value=6.05876e-15 1.74942e-07 3.00252e-07 -2.2592e-06 9.61285e-08 5.90144e-07 1.97375e-06 1.28943e-07 -9.13812e-08 6.07117e-07 1.00992e-06 -1.03638e-08 -4.32117e-07 -5.49626e-08 3.17349e-07 7.78583e-07 -6.73811e-07
internal_weight=849 817 777 40 756 208 52 156 548 125 101 526 230 195 296 202 94
internal_count=849 817 777 40 756 208 52 156 548 125 101 526 230 195 296 202 94
is_linear=0
shrinkage=0.3


Tree=285
num_leaves=12
num_cat=0
split_feature=16 4 17 2 1 22 4 22 11 24 27
split_gain=4.51765e-09 9.96182e-09 5.64831e-09 1.07515e-08 2.02651e-09 6.46777e-10 1.63003e-09 1.26254e-09 2.34012e-09 8.83746e-10 7.82775e-10
threshold=0.0076409675439557791 21793750.000000004 0.005841175703354534 9.0244151048369314 8.9621162441320301 0.014652500000000001 5382850.0000000009 0.032275000000000005 52.967500348324002 0.26785700000000007 0.83957050000000011
decision_type=2 2 2 2 2 2 2 2 2 2 2
left_child=1 2 3 4 5 6 -1 8 -7 -9 -8
right_child=-2 -3 -4 -5 -6 7 10 9 -10 -11 -12
leaf_value=1.1263926565966951e-06 -3.8934703601475245e-06 6.4208993713712268e-06 -3.7223207283905899e-06 6.2417104491032652e-06 -3.0626069062122952e-06 3.7608476181167527e-06 -6.5712351187130476e-07 1.5071594587922401e-07 1.6669611348417238e-07 -7.0353512186393914e-07 -3.2503359929850457e-06
leaf_weight=23 26 22 36 25 20 23 20 430 56 146 22
leaf_count=23 26 22 36 25 20 23 20 430 56 146 22
internal_value=1.08527e-14 1.23002e-07 -4.99745e-08 1.22842e-07 -8.38767e-08 -1.1342e-09 -9.03736e-07 8.8437e-08 1.21309e-06 -6.5813e-08 -2.01547e-06
internal_weight=849 823 801 765 740 720 65 655 79 576 42
internal_count=849 823 801 765 740 720 65 655 79 576 42
is_linear=0
shrinkage=0.3


Tree=286
num_leaves=11
num_cat=0
split_feature=1 17 19 17 1 21 20 20 19 25
split_gain=7.37409e-09 2.11462e-09 1.35035e-09 3.59511e-09 1.58139e-09 1.4003e-09 8.8354e-10 1.15031e-09 1.15196e-09 1.50616e-09
threshold=9.1045129325491825 0.005841175703354534 -0.67337949999999991 0.0034442862043400622 8.9176176757931511 0.040196000000000003 0.034116000000000007 0.048470500000000007 -0.46311999999999992 0.55000000000000016
decision_type=2 2 2 2 2 2 2 2 2 2
left_child=1 2 3 5 6 -1 -4 -8 -9 -10
right_child=-2 -3 4 -5 -6 -7 7 8 9 -11
leaf_value=1.383609858644027e-06 -4.0845115342180129e-06 2.5435054892981994e-06 -1.6798292273497632e-06 4.7303672181442378e-06 -2.4445204839906867e-06 -1.2940438406161547e-06 1.8572538184713492e-06 -1.8332910763267698e-06 -5.1525558023045297e-08 1.6127915796933696e-06
leaf_weight=39 38 33 26 20 24 32 32 29 522 54
leaf_count=39 38 33 26 20 24 32 32 29 522 54
internal_value=2.66548e-15 1.91383e-07 9.16141e-08 1.17757e-06 -5.22314e-08 1.7678e-07 3.43673e-08 1.04335e-07 1.16181e-08 1.04504e-07
internal_weight=849 811 778 91 687 71 663 637 605 576
internal_count=849 811 778 91 687 71 663 637 605 576
is_linear=0
shrinkage=0.3


Tree=287
num_leaves=12
num_cat=0
split_feature=27 8 16 11 0 4 0 11 17 16 11
split_gain=4.28812e-09 6.47943e-09 1.44126e-08 2.14124e-08 1.22471e-08 2.82674e-09 9.96052e-09 5.8666e-09 1.09626e-09 7.31684e-10 8.77453e-10
threshold=0.55282700000000007 0.093336628070231506 0.0011105199153750623 64.191258905687548 9.1223123485796087 14825600.000000002 8.8998173220560055 59.446794770498109 0.005841175703354534 0.0068586510722229268 58.20501450863015
decision_type=2 2 2 2 2 2 2 2 2 2 2
left_child=-1 4 -3 -4 5 6 8 -7 9 10 -2
right_child=1 2 3 -5 -6 7 -8 -9 -10 -11 -12
leaf_value=-3.8707458534190664e-06 -3.4666564764554335e-07 -2.6864004654372466e-06 -7.1515609182494118e-07 1.2242188376099249e-05 -7.2876535861204113e-06 5.7606077193254757e-07 5.8762989952912097e-06 -5.6654223606716664e-06 1.8664907025191092e-06 1.503634809068899e-06 5.3255319441054324e-07
leaf_weight=25 464 27 22 24 21 33 27 23 27 25 131
leaf_count=25 464 27 22 24 21 33 27 23 27 25 131
internal_value=-7.06526e-15 1.17438e-07 2.8157e-06 6.0452e-06 -1.44844e-07 6.06344e-08 2.30798e-07 -1.98741e-06 -4.79486e-09 -8.62863e-08 -1.5309e-07
internal_weight=849 824 73 46 751 730 674 56 647 620 595
internal_count=849 824 73 46 751 730 674 56 647 620 595
is_linear=0
shrinkage=0.3


Tree=288
num_leaves=13
num_cat=0
split_feature=8 6 8 8 8 3 21 21 6 6 21 17
split_gain=3.7486e-09 1.8792e-08 1.51568e-08 9.18213e-09 9.25167e-09 6.29498e-09 9.81606e-10 7.28203e-09 1.78551e-09 1.92223e-09 1.47381e-09 1.21862e-09
threshold=0.098218518343845332 0.001876174992873433 0.092926785799935879 0.081635614758260977 0.076965977745276928 9.068913936614992 0.15250300000000003 0.18830950000000002 -0.0012033222355885365 0.0058582632549250184 0.069076500000000013 0.0010718371331414074
decision_type=2 2 2 2 2 2 2 2 2 2 2 2
left_child=2 -2 3 4 5 6 8 -8 10 -10 -1 -9
right_child=1 -3 -4 -5 -6 -7 7 11 9 -11 -12 -13
leaf_value=-7.9609310364750614e-07 -8.9893411392910387e-06 2.0495106879739718e-06 8.1226159575667863e-06 -6.2331561074253325e-06 6.1883227668989674e-06 -5.1746353814710993e-06 5.6719117430891297e-06 9.6352582813115824e-07 6.3769174838276178e-07 -1.9261396912187676e-06 -3.8808387228073112e-06 -1.9041946342106645e-07
leaf_weight=46 23 35 21 21 22 21 22 108 130 33 20 347
leaf_count=46 23 35 21 21 22 21 22 108 130 33 20 347
internal_value=-3.74102e-15 -2.32797e-06 1.70698e-07 -4.61727e-08 1.27294e-07 -5.61208e-08 9.61297e-08 3.41231e-07 -4.14409e-07 1.18634e-07 -1.73086e-06 8.3484e-08
internal_weight=849 58 791 770 749 727 706 477 229 163 66 455
internal_count=849 58 791 770 749 727 706 477 229 163 66 455
is_linear=0
shrinkage=0.3


Tree=289
num_leaves=17
num_cat=0
split_feature=6 0 6 2 3 9 1 11 16 7 11 9 21 7 14 1
split_gain=3.66763e-09 7.56927e-09 3.06427e-09 1.15314e-08 9.21823e-09 2.16536e-09 1.55993e-09 1.68919e-09 1.50321e-09 1.31955e-09 1.69418e-09 1.71216e-09 2.07231e-09 1.17887e-09 1.05017e-09 8.4326e-10
threshold=-0.0098496908512177364 9.1223123485796087 0.0011462757263628312 8.8553176637001361 8.8864674568176287 0.023632262077603713 8.0158097267282074 45.925296445325692 0.0020683085985150206 -0.0024346601957966276 48.717022229994946 0.0078753229619592437 0.50394400000000006 -0.0055814277550726146 0.0089938337688094516 7.0083369689546577
decision_type=2 2 2 2 2 2 2 2 2 2 2 2 2 2 2 2
left_child=-1 2 3 5 9 6 7 -2 -7 14 -11 -12 -13 -9 15 -4
right_child=1 -3 4 -5 -6 8 -8 13 -10 10 11 12 -14 -15 -16 -17
leaf_value=3.0528101068562269e-06 -2.4377372081829662e-06 -4.8041010722954518e-06 -3.3404799651953327e-06 7.4334828208780623e-06 -6.8727103871424328e-06 4.0750338127639096e-06 -2.2352519382506073e-06 1.8023676557805989e-06 4.4091653421673978e-07 2.7683092029917591e-06 -2.7620445185405628e-06 -3.6826490569659836e-07 1.9662367377422508e-06 1.1951008639800523e-07 -6.1764247064580696e-08 -7.8451663024939735e-07
leaf_weight=34 21 30 26 21 20 21 26 43 20 20 20 154 44 291 37 21
leaf_count=34 21 30 26 21 20 21 26 43 20 20 20 154 44 291 37 21
internal_value=6.46283e-15 -1.27356e-07 5.13726e-08 5.72161e-07 -6.23216e-07 2.30721e-07 7.79583e-09 1.72075e-07 2.30229e-06 -2.35049e-07 1.25743e-07 -1.16694e-07 1.50513e-07 3.36165e-07 -1.25729e-06 -2.19845e-06
internal_weight=849 815 785 443 342 422 381 355 41 322 238 218 198 334 84 47
internal_count=849 815 785 443 342 422 381 355 41 322 238 218 198 334 84 47
is_linear=0
shrinkage=0.3


Tree=290
num_leaves=11
num_cat=0
split_feature=27 0 4 17 17 4 2 22 22 4
split_gain=3.57194e-09 1.53648e-08 1.17937e-08 3.15973e-09 5.43125e-09 4.55549e-09 8.33494e-09 7.05777e-10 1.65561e-09 1.29183e-09
threshold=0.62110700000000019 9.5584039132063037 8536600.0000000019 0.0068073096996564319 0.0056317276003629681 20332200.000000004 8.9621152877691195 0.015638000000000003 0.020002000000000002 5382850.0000000009
decision_type=2 2 2 2 2 2 2 2 2 2
left_child=2 3 -1 4 5 6 7 9 -9 -2
right_child=1 -3 -4 -5 -6 -7 -8 8 -10 -11
leaf_value=1.0991883667346966e-06 8.7406508011712421e-07 8.368793132831342e-06 -8.1331791412608819e-06 3.3357717541093737e-06 -5.0385237221917119e-06 -4.0925428438587371e-06 6.1472902041259657e-06 2.6549420389138893e-06 -5.5235681767825824e-08 -1.8697854562243808e-06
leaf_weight=33 23 20 20 24 20 24 20 21 597 47
leaf_count=33 23 20 20 24 20 24 20 21 597 47
internal_value=-2.28265e-14 1.58782e-07 -2.38472e-06 -5.28164e-08 -1.60963e-07 -2.76961e-08 1.10095e-07 -6.54046e-08 3.68577e-08 -9.68235e-07
internal_weight=849 796 53 776 752 732 708 688 618 70
internal_count=849 796 53 776 752 732 708 688 618 70
is_linear=0
shrinkage=0.3


Tree=291
num_leaves=12
num_cat=0
split_feature=0 14 1 27 11 8 13 18 9 13 18
split_gain=3.3378e-09 3.09389e-09 3.9721e-09 9.15798e-10 8.41146e-10 2.0343e-09 1.02765e-09 9.42139e-10 7.38186e-10 7.14376e-10 6.40888e-10
threshold=9.5139043281825852 0.018686448787350447 9.0333138973364413 0.62948550000000003 66.391977153427646 0.078905624491045767 0.010780214824465931 0.16175484044370142 0.016269660089240582 0.010537706127617905 0.056411674666220039
decision_type=2 2 2 2 2 2 2 2 2 2 2
left_child=1 2 3 8 5 6 9 -7 -1 -5 -6
right_child=-2 -3 -4 4 10 7 -8 -9 -10 -11 -12
leaf_value=2.2148160169876972e-06 -3.4875373785325787e-06 3.1451714495891915e-06 -3.9844027329846458e-06 -2.4731612839291448e-08 -1.4787912456475688e-07 8.293587296310971e-07 -1.6760218987938396e-06 3.5681319207014893e-06 -4.2616601568891037e-08 1.6134287482145737e-06 -2.52077950108287e-06
leaf_weight=32 24 29 22 575 21 26 33 20 22 25 20
leaf_count=32 24 29 22 575 21 26 33 20 22 25 20
internal_value=-6.42376e-15 1.01456e-07 -9.43352e-09 1.0355e-07 1.41823e-08 9.3862e-08 -4.61196e-08 2.02013e-06 1.29512e-06 4.35251e-08 -1.30539e-06
internal_weight=849 825 796 774 720 679 633 46 54 600 41
internal_count=849 825 796 774 720 679 633 46 54 600 41
is_linear=0
shrinkage=0.3


Tree=292
num_leaves=12
num_cat=0
split_feature=5 3 0 1 5 27 10 5 26 4 8
split_gain=2.91552e-09 1.16413e-08 9.2879e-09 3.46195e-09 7.51694e-10 7.73077e-10 8.63885e-10 1.35869e-09 7.8973e-10 1.45424e-09 1.42587e-09
threshold=0.0093546949244803865 9.1223120689392108 7.2184915989081873 9.0066147404763317 0.0080830519500629579 0.56690950000000007 2.1423582377985602 0.0011495170540772326 0.51164600000000016 6710250.0000000009 0.030968476783719109
decision_type=2 2 2 2 2 2 2 2 2 2 2
left_child=1 3 -2 4 5 -1 8 -8 9 -7 -10
right_child=2 -3 -4 -5 -6 6 7 -9 10 -11 -12
leaf_value=1.5721441482696718e-06 7.4321679028036818e-07 6.0487338110949076e-06 -7.2809784023775137e-06 -3.9700091525673997e-06 -1.7395658086830475e-06 -1.2154017497095992e-06 3.0541643809556263e-06 -1.6327415469024547e-07 -2.2886430151703075e-07 1.6800546900518287e-07 1.0023737715414427e-06
leaf_weight=30 37 29 20 20 21 125 21 27 236 151 132
leaf_count=30 37 29 20 20 21 125 21 27 236 151 132
internal_value=1.50105e-14 1.49142e-07 -2.07229e-06 -7.50888e-08 2.97543e-08 8.12165e-08 1.6581e-08 1.24436e-06 -7.49302e-08 -4.58538e-07 2.12775e-07
internal_weight=849 792 57 763 743 722 692 48 644 276 368
internal_count=849 792 57 763 743 722 692 48 644 276 368
is_linear=0
shrinkage=0.3


Tree=293
num_leaves=16
num_cat=0
split_feature=0 15 0 2 0 15 15 14 5 20 21 20 18 20 21
split_gain=4.22262e-09 3.15134e-09 1.07535e-08 6.0167e-09 1.01607e-09 7.84343e-10 9.57698e-10 6.75146e-10 6.0074e-10 2.32796e-09 2.96049e-09 1.28518e-09 1.8101e-09 1.42036e-09 5.33541e-10
threshold=9.5139043281825852 0.0057079031924438537 8.4683156732614844 8.9443160552776053 7.0224141562942082 0.0045533309190628245 0.0034823332237290026 0.010033461528279526 0.0022234087968666283 0.23010850000000002 0.35855150000000008 0.13504100000000005 -0.37818011073147911 0.16264900000000002 0.15250300000000003
decision_type=2 2 2 2 2 2 2 2 2 2 2 2 2 2 2
left_child=1 3 4 5 7 6 8 -3 11 -10 -11 12 -1 -13 -9
right_child=-2 2 -4 -5 -6 -7 -8 14 9 10 -12 13 -14 -15 -16
leaf_value=-2.7116686776399283e-06 -3.9226535591296853e-06 1.1177269499285103e-06 7.8887738368393912e-06 -5.1274163979542202e-06 1.7828939337454536e-06 -1.3770435037272096e-06 1.7282855941219519e-06 2.0696632721925058e-07 1.258608265131718e-06 -3.2100020348480028e-07 -4.5376466694658675e-06 2.8885098940025141e-06 -8.4080153143872842e-08 3.4035526662854577e-07 -1.7785875460786285e-06
leaf_weight=28 24 20 20 21 28 34 31 21 38 47 22 21 150 315 29
leaf_count=28 24 20 20 21 28 34 31 21 38 47 22 21 150 315 29
internal_value=-8.20969e-15 1.14114e-07 1.54931e-06 -1.25424e-07 2.55539e-07 2.76984e-08 1.00952e-07 -3.55403e-07 1.97162e-08 -6.26992e-07 -1.66544e-06 1.54342e-07 -4.97409e-07 4.99615e-07 -9.44655e-07
internal_weight=849 825 118 707 98 686 652 70 621 107 69 514 178 336 50
internal_count=849 825 118 707 98 686 652 70 621 107 69 514 178 336 50
is_linear=0
shrinkage=0.3


Tree=294
num_leaves=16
num_cat=0
split_feature=8 15 2 3 7 10 12 0 20 21 21 16 16 14 20
split_gain=3.72913e-09 1.6018e-08 2.52186e-08 1.28819e-08 5.68884e-09 2.98643e-09 6.20623e-09 1.86127e-09 6.38742e-10 6.31757e-10 1.43326e-09 9.72348e-10 1.89417e-09 1.46384e-09 8.33638e-10
threshold=0.089334365198390775 0.001874414049161044 8.4859751700179959 9.1223120689392108 0.0020597606628057577 2.3075817592513128 0.0025878584660514446 8.9354164614586917 0.90729100000000018 0.19757700000000003 0.23734050000000004 0.0034561903129545655 0.0045223259952713087 0.0049660097802507698 0.033358000000000006
decision_type=2 2 2 2 2 2 2 2 2 2 2 2 2 2 2
left_child=3 4 -3 5 -2 7 -7 8 9 11 -11 13 -13 -1 -12
right_child=1 2 -4 -5 -6 6 -8 -9 -10 10 14 12 -14 -15 -16
leaf_value=-1.5809964109230138e-06 -1.0945841268039656e-06 5.8440479301680163e-07 -1.3707927071209269e-05 7.5371016854270625e-06 6.060805902166066e-06 -6.2793474214206672e-06 1.0225140179413601e-06 2.8039417219608128e-06 1.6498478254851017e-06 2.2242350237888785e-06 -1.7660849908094989e-06 -3.217542402873213e-06 3.3845668454546282e-07 4.2536995417395055e-07 1.7684203724245759e-07
leaf_weight=43 20 25 20 21 20 20 22 23 22 30 21 28 26 137 371
leaf_count=43 20 25 20 21 20 20 22 23 22 30 21 28 26 137 371
internal_value=8.63134e-15 -1.88499e-06 -5.76774e-06 2.09717e-07 2.48311e-06 2.61757e-09 -2.45456e-06 1.49838e-07 5.98021e-08 6.47742e-09 2.25705e-07 -3.88882e-07 -1.50539e-06 -5.39287e-08 7.27567e-08
internal_weight=849 85 45 764 40 743 42 701 678 656 422 234 54 180 392
internal_count=849 85 45 764 40 743 42 701 678 656 422 234 54 180 392
is_linear=0
shrinkage=0.3


Tree=295
num_leaves=17
num_cat=0
split_feature=27 1 7 0 1 10 9 26 13 13 8 6 6 27 26 8
split_gain=3.44129e-09 4.50095e-09 3.20717e-09 7.41887e-09 2.87027e-09 1.23301e-09 2.03245e-09 1.20367e-09 7.34614e-10 1.60554e-09 1.37255e-09 9.49604e-10 1.95952e-09 1.75737e-09 2.94407e-09 1.508e-09
threshold=0.54621100000000011 9.5228045950140103 0.0056979824245277505 7.8779047899248065 9.0333138973364413 1.3331808231361453 0.017144794620713253 0.53691650000000013 0.0066264054615919219 0.0060958121589182483 0.018705446227742523 -0.0037220177830579663 -0.0033956210307017035 0.74364550000000007 0.71401300000000012 -0.017406865847013429
decision_type=2 2 2 2 2 2 2 2 2 2 2 2 2 2 2 2
left_child=-1 2 4 5 8 7 -7 -4 9 -2 -11 13 -13 -10 -15 -14
right_child=1 -3 3 -5 -6 6 -8 -9 11 10 -12 12 15 14 -16 -17
leaf_value=-3.792567018682088e-06 -1.3745391112252036e-06 4.0602992376079778e-06 -2.7477606236756301e-06 -6.4243778165394938e-06 3.7707166183054139e-06 2.8806021019663188e-06 -1.0730499259921088e-06 3.5717241467895728e-08 -1.2485148457942939e-06 1.6124010302170126e-07 2.9976042043244889e-06 -3.0151162182586893e-06 2.4961556891867072e-06 2.9326594927852058e-06 -7.884488890076388e-07 -1.6928557292237177e-07
leaf_weight=21 20 25 27 22 20 22 25 29 28 28 34 21 20 50 31 426
leaf_count=21 20 25 27 22 20 22 25 29 28 28 34 21 20 50 31 426
internal_value=1.5868e-15 9.61883e-08 -2.72274e-08 -1.42354e-06 2.30206e-07 -3.55405e-07 7.77596e-07 -1.30632e-06 1.22591e-07 9.62713e-07 1.71667e-06 2.99073e-09 -1.83105e-07 8.00299e-07 1.50853e-06 -4.97591e-08
internal_weight=849 828 803 125 678 103 47 56 658 82 62 576 467 109 81 446
internal_count=849 828 803 125 678 103 47 56 658 82 62 576 467 109 81 446
is_linear=0
shrinkage=0.3


Tree=296
num_leaves=13
num_cat=0
split_feature=3 1 29 0 17 10 1 1 27 6 14 10
split_gain=5.36473e-09 9.24755e-10 5.22478e-09 1.59229e-09 1.24268e-09 1.04701e-09 6.24599e-10 9.59509e-10 6.19879e-10 6.6255e-10 8.16475e-10 6.77961e-10
threshold=9.0867128372192401 8.1364786566252665 2.5000000000000004 8.6150233976979465 0.0020284523106328428 1.3653730686948882 7.8261891870274649 7.7830932472040155 0.56690950000000007 0.010263095583544522 0.0044667755069175358 1.2873576951804722
decision_type=2 2 2 2 2 2 2 2 2 2 2 2
left_child=1 6 3 -3 5 -5 7 8 -1 10 -10 -12
right_child=-2 2 -4 4 -6 -7 -8 -9 9 -11 11 -13
leaf_value=1.4049229034997421e-06 -3.583732268452877e-06 1.7424203417704121e-06 4.1430378339348613e-06 -1.6646878120241127e-06 -2.9061412616019051e-06 1.3682530883280766e-06 -1.1742939351721805e-06 2.0403090824123122e-06 -1.2847281081879586e-06 -1.2870444843808096e-06 -9.3614798791707114e-08 6.3559502181398388e-07
leaf_weight=28 36 25 33 20 22 21 37 22 39 36 362 168
leaf_count=28 36 25 33 20 22 21 37 22 39 36 362 168
internal_value=2.42801e-14 1.58689e-07 9.23845e-07 -2.83353e-07 -1.08723e-06 -1.1123e-07 2.48977e-08 9.26382e-08 2.49467e-08 -3.892e-08 4.00475e-08 1.37531e-07
internal_weight=849 813 121 88 63 41 692 655 633 605 569 530
internal_count=849 813 121 88 63 41 692 655 633 605 569 530
is_linear=0
shrinkage=0.3


Tree=297
num_leaves=18
num_cat=0
split_feature=3 19 3 1 1 12 6 12 8 15 17 17 19 13 13 27 16
split_gain=2.62872e-09 9.21322e-10 3.11076e-09 1.87317e-09 1.8482e-09 7.24228e-10 1.72181e-09 1.58749e-09 1.40164e-09 1.27883e-09 1.14367e-09 1.23079e-09 2.0077e-09 1.17633e-09 1.16061e-09 1.01236e-09 5.82631e-10
threshold=9.0867128372192401 -0.67337949999999991 7.2894251346588144 6.9365858922045502 8.9621162441320301 -0.0013198163372591949 0.0020597606628057577 -0.0011612861695733821 0.037878361198928144 -0.0035825762227918345 0.0045636565737204662 0.0010718371331414074 0.055734500000000006 0.008621007201436175 0.0066264054615919219 0.80231950000000019 0.0011982358870464486
decision_type=2 2 2 2 2 2 2 2 2 2 2 2 2 2 2 2 2
left_child=1 2 3 -1 5 6 8 -7 9 -3 11 12 -9 -12 -13 -11 -15
right_child=-2 4 -4 -5 -6 7 -8 10 -10 15 13 14 -14 16 -16 -17 -18
leaf_value=1.375817204351439e-06 -2.5086128819869675e-06 1.4645604102270227e-06 3.6424922482426933e-06 -1.8765524275465849e-06 -2.649011267037523e-06 2.7349034656832706e-06 -2.5404677404594624e-06 -9.1903252404690873e-07 1.8132757754893521e-06 1.66809013535385e-07 2.6763193264400799e-06 9.8697767039452077e-07 1.668323254315959e-06 1.3548389600518103e-06 -5.6489711369863954e-07 -2.3182262050151316e-06 -8.0464121172395682e-07
leaf_weight=34 36 20 28 30 23 22 30 41 29 25 30 51 79 22 290 36 23
leaf_count=34 36 20 28 30 23 22 30 41 29 25 30 51 79 22 290 36 23
internal_value=-6.20846e-15 1.11082e-07 1.00512e-06 -1.48731e-07 -2.99714e-09 8.41924e-08 -5.25884e-07 2.37258e-07 2.35481e-08 -6.17219e-07 1.34743e-07 -4.20111e-08 7.8431e-07 1.22119e-06 -3.32799e-07 -1.29977e-06 2.51105e-07
internal_weight=849 813 92 64 721 698 140 558 110 81 536 461 120 75 341 61 45
internal_count=849 813 92 64 721 698 140 558 110 81 536 461 120 75 341 61 45
is_linear=0
shrinkage=0.3


Tree=298
num_leaves=12
num_cat=0
split_feature=9 13 9 13 5 1 27 27 14 19 4
split_gain=2.51657e-09 8.07085e-09 6.56184e-09 6.9278e-09 6.40872e-09 6.40132e-09 8.40079e-10 3.204e-09 1.12248e-09 1.10019e-09 9.17313e-10
threshold=0.034937500858364993 0.011638996176280546 0.031014738536931253 0.010794169931912546 -0.0021223303003114792 9.1045129325491825 0.9109695000000001 0.92176950000000013 0.0087281550891723288 -0.73097149999999989 4020050.0000000005
decision_type=2 2 2 2 2 2 2 2 2 2 2
left_child=1 2 3 5 -2 6 9 -8 -9 -1 -11
right_child=4 -3 -4 -5 -6 -7 7 8 -10 10 -12
leaf_value=-2.1635151014720576e-06 -6.2038695520527656e-06 5.5435210141396856e-06 -5.4058072919360708e-06 5.0103669957479726e-06 8.8144008714152733e-07 -5.3614755847775083e-06 3.6079920546835558e-06 7.8896294894548194e-07 -1.1187405890026363e-06 1.0227645197888203e-06 -1.4736835181227143e-07
leaf_weight=22 20 24 20 25 27 20 28 70 46 69 478
leaf_count=22 20 24 20 25 27 20 28 70 46 69 478
internal_value=-2.66896e-14 1.25036e-07 -4.21157e-08 9.94065e-08 -2.13359e-06 -6.80887e-08 8.03934e-08 7.27702e-07 3.24598e-08 -8.34247e-08 2.35246e-10
internal_weight=849 802 778 758 47 733 713 144 116 569 547
internal_count=849 802 778 758 47 733 713 144 116 569 547
is_linear=0
shrinkage=0.3


Tree=299
num_leaves=11
num_cat=0
split_feature=13 21 1 3 11 13 14 27 13 7
split_gain=3.2953e-09 2.43561e-08 1.04421e-08 1.59692e-09 1.05891e-09 6.04753e-10 1.12994e-09 7.71056e-10 5.64606e-10 7.44029e-10
threshold=0.011543010171505967 0.31900350000000005 9.1223121638934508 8.9621157646179217 68.709851847887748 0.010680418803262868 0.0079454814404270133 0.55282700000000007 0.010500633622021792 -0.001004061685638847
decision_type=2 2 2 2 2 2 2 2 2 2
left_child=2 -2 3 4 5 7 -7 -1 9 -9
right_child=1 -3 -4 -5 -6 6 -8 8 -10 -11
leaf_value=1.8777189936258765e-06 -9.4789378785910888e-06 4.9862363471220308e-06 6.5809923274752109e-06 -2.6266827100179007e-06 2.1259361020042887e-06 -2.7217196564574154e-06 7.7138805899741843e-08 3.2619019579044125e-07 1.4818635375749263e-06 -3.2952625003274117e-07
leaf_weight=20 22 20 22 21 21 21 34 262 22 384
leaf_count=20 22 20 22 21 21 21 34 262 22 384
internal_value=-2.16157e-14 -2.59076e-06 1.34835e-07 -4.58216e-08 2.51183e-08 -3.42588e-08 -9.91516e-07 4.22662e-08 -1.26875e-08 -6.35855e-08
internal_weight=849 42 807 785 764 743 55 688 668 646
internal_count=849 42 807 785 764 743 55 688 668 646
is_linear=0
shrinkage=0.3


end of trees

feature_importances:
Column_17=304
Column_10=272
Column_27=269
Column_4=254
Column_6=241
Column_18=238
Column_14=222
Column_1=220
Column_12=218
Column_7=211
Column_13=211
Column_0=206
Column_9=203
Column_16=181
Column_8=180
Column_3=177
Column_5=176
Column_21=168
Column_15=162
Column_19=151
Column_22=148
Column_26=145
Column_2=134
Column_20=129
Column_11=128
Column_29=61
Column_25=33
Column_24=32
Column_23=27
Column_28=8

parameters:
[boosting: gbdt]
[objective: regression]
[metric: l2]
[tree_learner: serial]
[device_type: cpu]
[data_sample_strategy: bagging]
[data: ]
[valid: ]
[num_iterations: 300]
[learning_rate: 0.3]
[num_leaves: 31]
[num_threads: 8]
[seed: 42]
[deterministic: 0]
[force_col_wise: 0]
[force_row_wise: 0]
[histogram_pool_size: -1]
[max_depth: 8]
[min_data_in_leaf: 20]
[min_sum_hessian_in_leaf: 0.001]
[bagging_fraction: 1]
[pos_bagging_fraction: 1]
[neg_bagging_fraction: 1]
[bagging_freq: 0]
[bagging_seed: 400]
[bagging_by_query: 0]
[feature_fraction: 1]
[feature_fraction_bynode: 1]
[feature_fraction_seed: 30056]
[extra_trees: 0]
[extra_seed: 12879]
[early_stopping_round: 0]
[early_stopping_min_delta: 0]
[first_metric_only: 0]
[max_delta_step: 0]
[lambda_l1: 0]
[lambda_l2: 0]
[linear_lambda: 0]
[min_gain_to_split: 0]
[drop_rate: 0.1]
[max_drop: 50]
[skip_drop: 0.5]
[xgboost_dart_mode: 0]
[uniform_drop: 0]
[drop_seed: 17869]
[top_rate: 0.2]
[other_rate: 0.1]
[min_data_per_group: 100]
[max_cat_threshold: 32]
[cat_l2: 10]
[cat_smooth: 10]
[max_cat_to_onehot: 4]
[top_k: 20]
[monotone_constraints: ]
[monotone_constraints_method: basic]
[monotone_penalty: 0]
[feature_contri: ]
[forcedsplits_filename: ]
[refit_decay_rate: 0.9]
[cegb_tradeoff: 1]
[cegb_penalty_split: 0]
[cegb_penalty_feature_lazy: ]
[cegb_penalty_feature_coupled: ]
[path_smooth: 0]
[interaction_constraints: ]
[verbosity: 1]
[saved_feature_importance_type: 0]
[use_quantized_grad: 0]
[num_grad_quant_bins: 4]
[quant_train_renew_leaf: 0]
[stochastic_rounding: 1]
[linear_tree: 0]
[max_bin: 255]
[max_bin_by_feature: ]
[min_data_in_bin: 3]
[bin_construct_sample_cnt: 200000]
[data_random_seed: 175]
[is_enable_sparse: 1]
[enable_bundle: 1]
[use_missing: 1]
[zero_as_missing: 0]
[feature_pre_filter: 1]
[pre_partition: 0]
[two_round: 0]
[header: 0]
[label_column: ]
[weight_column: ]
[group_column: ]
[ignore_column: ]
[categorical_feature: ]
[forcedbins_filename: ]
[precise_float_parser: 0]
[parser_config_file: ]
[objective_seed: 16083]
[num_class: 1]
[is_unbalance: 0]
[scale_pos_weight: 1]
[sigmoid: 1]
[boost_from_average: 1]
[reg_sqrt: 0]
[alpha: 0.9]
[fair_c: 1]
[poisson_max_delta_step: 0.7]
[tweedie_variance_power: 1.5]
[lambdarank_truncation_level: 30]
[lambdarank_norm: 1]
[label_gain: ]
[lambdarank_position_bias_regularization: 0]
[eval_at: ]
[multi_error_top_k: 1]
[auc_mu_weights: ]
[num_machines: 1]
[local_listen_port: 12400]
[time_out: 120]
[machine_list_filename: ]
[machines: ]
[gpu_platform_id: -1]
[gpu_device_id: -1]
[gpu_use_dp: 0]
[num_gpu: 1]

end of parameters

pandas_categorical:null
